"Time (s)","Illuminance (lx)"
0.000000000E0,1.937500000E1
4.066580000E-3,1.937500000E1
1.419858000E-2,1.937500000E1
2.433058000E-2,1.937500000E1
3.446258000E-2,1.937500000E1
3.711758000E-2,1.937500000E1
3.974158000E-2,1.937500000E1
4.236658000E-2,1.937500000E1
4.499058000E-2,1.937500000E1
4.761558000E-2,1.937500000E1
5.023958000E-2,1.937500000E1
5.286458000E-2,1.937500000E1
5.548858000E-2,1.937500000E1
5.811358000E-2,1.937500000E1
6.073758000E-2,1.937500000E1
6.336258000E-2,1.937500000E1
6.598658000E-2,1.937500000E1
6.861158000E-2,1.937500000E1
7.123558000E-2,1.937500000E1
7.386058000E-2,1.937500000E1
7.648458000E-2,1.937500000E1
7.910958000E-2,1.937500000E1
8.173358000E-2,1.937500000E1
8.435858000E-2,1.937500000E1
8.698258000E-2,1.937500000E1
8.960758000E-2,1.937500000E1
9.223258000E-2,1.937500000E1
9.485658000E-2,1.937500000E1
9.748158000E-2,1.937500000E1
1.001055800E-1,1.937500000E1
1.027305800E-1,1.937500000E1
1.053545800E-1,1.937500000E1
1.079795800E-1,1.937500000E1
1.106035800E-1,1.937500000E1
1.132285800E-1,1.937500000E1
1.158525800E-1,1.937500000E1
1.184775800E-1,1.937500000E1
1.211015800E-1,1.937500000E1
1.237265800E-1,1.937500000E1
1.263505800E-1,1.937500000E1
1.289755800E-1,1.937500000E1
1.315995800E-1,1.937500000E1
1.342245800E-1,1.937500000E1
1.368485800E-1,1.937500000E1
1.394735800E-1,1.937500000E1
1.420975800E-1,1.937500000E1
1.447225800E-1,1.937500000E1
1.473465800E-1,1.937500000E1
1.499715800E-1,1.937500000E1
1.525955800E-1,1.937500000E1
1.552205800E-1,1.937500000E1
1.578445800E-1,1.937500000E1
1.604695800E-1,1.937500000E1
1.630935800E-1,1.937500000E1
1.657185800E-1,1.937500000E1
1.683425800E-1,1.937500000E1
1.709675800E-1,1.937500000E1
1.735915800E-1,1.937500000E1
1.762165800E-1,1.937500000E1
1.788405800E-1,1.937500000E1
1.814655800E-1,1.937500000E1
1.840895800E-1,1.937500000E1
1.867145800E-1,1.937500000E1
1.893385800E-1,1.937500000E1
1.919635800E-1,1.937500000E1
1.945875800E-1,1.937500000E1
1.972125800E-1,1.937500000E1
1.998365800E-1,1.937500000E1
2.024615800E-1,1.937500000E1
2.050865800E-1,1.937500000E1
2.077105800E-1,1.937500000E1
2.103355800E-1,2.062500000E1
2.129595800E-1,2.062500000E1
2.155845800E-1,2.062500000E1
2.182085800E-1,2.062500000E1
2.208335800E-1,2.062500000E1
2.234575800E-1,2.062500000E1
2.260825800E-1,2.062500000E1
2.287065800E-1,2.062500000E1
2.313315800E-1,2.062500000E1
2.339555800E-1,1.937500000E1
2.365805800E-1,1.937500000E1
2.392045800E-1,1.937500000E1
2.418295800E-1,1.937500000E1
2.444535800E-1,1.937500000E1
2.470785800E-1,1.937500000E1
2.497025800E-1,1.937500000E1
2.523275800E-1,1.937500000E1
2.549515800E-1,1.937500000E1
2.575765800E-1,1.937500000E1
2.602005800E-1,1.937500000E1
2.628255800E-1,1.937500000E1
2.654495800E-1,1.937500000E1
2.680745800E-1,1.937500000E1
2.706985800E-1,1.937500000E1
2.733235800E-1,1.937500000E1
2.759475800E-1,1.937500000E1
2.785725800E-1,1.937500000E1
2.811965800E-1,1.937500000E1
2.838215800E-1,1.937500000E1
2.864455800E-1,1.937500000E1
2.890705800E-1,1.937500000E1
2.916945800E-1,1.937500000E1
2.943195800E-1,1.937500000E1
2.969435800E-1,1.937500000E1
2.995685800E-1,1.937500000E1
3.021925800E-1,1.937500000E1
3.048175800E-1,1.937500000E1
3.074415800E-1,1.937500000E1
3.100665800E-1,1.937500000E1
3.126905800E-1,1.937500000E1
3.153155800E-1,1.937500000E1
3.179405800E-1,1.937500000E1
3.205645800E-1,1.937500000E1
3.231895800E-1,1.937500000E1
3.258135800E-1,1.937500000E1
3.284385800E-1,1.937500000E1
3.310625800E-1,1.937500000E1
3.336875800E-1,1.937500000E1
3.363115800E-1,1.937500000E1
3.389365800E-1,1.937500000E1
3.415605800E-1,1.937500000E1
3.441855800E-1,1.937500000E1
3.468095800E-1,1.937500000E1
3.494345800E-1,1.937500000E1
3.520585800E-1,1.937500000E1
3.546835800E-1,1.937500000E1
3.573075800E-1,1.937500000E1
3.599325800E-1,1.937500000E1
3.625565800E-1,1.937500000E1
3.651815800E-1,1.937500000E1
3.678055800E-1,1.937500000E1
3.704305800E-1,1.937500000E1
3.730545800E-1,1.937500000E1
3.756795800E-1,1.937500000E1
3.783035800E-1,1.937500000E1
3.809285800E-1,1.937500000E1
3.835525800E-1,1.937500000E1
3.861775800E-1,1.937500000E1
3.888015800E-1,1.937500000E1
3.914265800E-1,1.937500000E1
3.940505800E-1,1.937500000E1
3.966755800E-1,1.937500000E1
3.992995800E-1,1.937500000E1
4.019245800E-1,1.937500000E1
4.045485800E-1,1.937500000E1
4.071735800E-1,1.937500000E1
4.097975800E-1,1.937500000E1
4.124225800E-1,1.937500000E1
4.150465800E-1,1.937500000E1
4.176715800E-1,1.937500000E1
4.202955800E-1,1.937500000E1
4.229205800E-1,1.937500000E1
4.255445800E-1,1.937500000E1
4.281695800E-1,1.937500000E1
4.307945800E-1,1.937500000E1
4.334185800E-1,1.937500000E1
4.360435800E-1,1.937500000E1
4.386675800E-1,1.937500000E1
4.412925800E-1,1.937500000E1
4.439165800E-1,1.937500000E1
4.465415800E-1,1.937500000E1
4.491655800E-1,1.937500000E1
4.517905800E-1,1.937500000E1
4.544145800E-1,1.937500000E1
4.570395800E-1,1.937500000E1
4.596635800E-1,1.937500000E1
4.622885800E-1,1.937500000E1
4.649125800E-1,1.937500000E1
4.675375800E-1,1.937500000E1
4.701615800E-1,1.937500000E1
4.727865800E-1,1.937500000E1
4.754105800E-1,1.937500000E1
4.780355800E-1,1.937500000E1
4.806595800E-1,1.937500000E1
4.832845800E-1,1.937500000E1
4.859085800E-1,1.937500000E1
4.885335800E-1,1.937500000E1
4.911575800E-1,1.937500000E1
4.937825800E-1,1.937500000E1
4.964065800E-1,1.937500000E1
4.990315800E-1,1.937500000E1
5.016555800E-1,1.937500000E1
5.042805800E-1,1.937500000E1
5.069045800E-1,1.937500000E1
5.095295800E-1,1.937500000E1
5.121535800E-1,1.937500000E1
5.147785800E-1,1.937500000E1
5.174025800E-1,2.062500000E1
5.200275800E-1,2.062500000E1
5.226515800E-1,2.062500000E1
5.252765800E-1,2.062500000E1
5.279005800E-1,2.062500000E1
5.305255800E-1,2.062500000E1
5.331495800E-1,2.062500000E1
5.357745800E-1,2.062500000E1
5.383995800E-1,2.062500000E1
5.410235800E-1,1.937500000E1
5.436485800E-1,1.937500000E1
5.462725800E-1,1.937500000E1
5.488975800E-1,1.937500000E1
5.515215800E-1,1.937500000E1
5.541465800E-1,1.937500000E1
5.567705800E-1,1.937500000E1
5.593955800E-1,1.937500000E1
5.620195800E-1,1.937500000E1
5.646445800E-1,1.937500000E1
5.672685800E-1,1.937500000E1
5.698935800E-1,1.937500000E1
5.725175800E-1,1.937500000E1
5.751425800E-1,1.937500000E1
5.777665800E-1,1.937500000E1
5.803915800E-1,1.937500000E1
5.830155800E-1,1.937500000E1
5.856405800E-1,1.937500000E1
5.882645800E-1,1.937500000E1
5.908895800E-1,1.937500000E1
5.935135800E-1,1.937500000E1
5.961385800E-1,1.937500000E1
5.987625800E-1,1.937500000E1
6.013875800E-1,1.937500000E1
6.040115800E-1,1.937500000E1
6.066365800E-1,1.937500000E1
6.092605800E-1,1.937500000E1
6.118855800E-1,1.937500000E1
6.145095800E-1,1.937500000E1
6.171345800E-1,1.937500000E1
6.197585800E-1,1.937500000E1
6.223835800E-1,1.937500000E1
6.250075800E-1,1.937500000E1
6.276325800E-1,1.937500000E1
6.302565800E-1,1.937500000E1
6.328815800E-1,1.937500000E1
6.355055800E-1,1.937500000E1
6.381305800E-1,1.937500000E1
6.407545800E-1,1.937500000E1
6.433795800E-1,1.937500000E1
6.460035800E-1,1.937500000E1
6.486285800E-1,1.937500000E1
6.512535800E-1,1.937500000E1
6.538775800E-1,1.937500000E1
6.565025800E-1,1.937500000E1
6.591265800E-1,1.937500000E1
6.617515800E-1,1.937500000E1
6.643755800E-1,1.937500000E1
6.670005800E-1,1.937500000E1
6.696245800E-1,1.937500000E1
6.722495800E-1,1.937500000E1
6.748735800E-1,1.937500000E1
6.774985800E-1,1.937500000E1
6.801225800E-1,1.937500000E1
6.827475800E-1,1.937500000E1
6.853715800E-1,1.937500000E1
6.879965800E-1,1.937500000E1
6.906205800E-1,1.937500000E1
6.932455800E-1,1.937500000E1
6.958695800E-1,1.937500000E1
6.984945800E-1,1.937500000E1
7.011185800E-1,1.937500000E1
7.037435800E-1,1.937500000E1
7.063675800E-1,1.937500000E1
7.089925800E-1,1.937500000E1
7.116165800E-1,1.937500000E1
7.142415800E-1,1.937500000E1
7.168655800E-1,1.937500000E1
7.194905800E-1,1.937500000E1
7.221145800E-1,1.937500000E1
7.247395800E-1,1.937500000E1
7.273635800E-1,1.937500000E1
7.299885800E-1,1.937500000E1
7.326125800E-1,1.937500000E1
7.352375800E-1,1.937500000E1
7.378615800E-1,1.937500000E1
7.404865800E-1,1.937500000E1
7.431105800E-1,1.937500000E1
7.457355800E-1,1.937500000E1
7.483595800E-1,1.937500000E1
7.509845800E-1,1.937500000E1
7.536085800E-1,1.937500000E1
7.562335800E-1,1.937500000E1
7.588575800E-1,1.937500000E1
7.614825800E-1,1.937500000E1
7.641075800E-1,1.937500000E1
7.667315800E-1,1.937500000E1
7.693565800E-1,1.937500000E1
7.719805800E-1,1.937500000E1
7.746055800E-1,1.937500000E1
7.772295800E-1,1.937500000E1
7.798545800E-1,1.937500000E1
7.824785800E-1,1.937500000E1
7.851035800E-1,1.937500000E1
7.877275800E-1,1.937500000E1
7.903525800E-1,1.937500000E1
7.929765800E-1,1.937500000E1
7.956015800E-1,1.937500000E1
7.982255800E-1,1.937500000E1
8.008505800E-1,1.937500000E1
8.034745800E-1,1.937500000E1
8.060995800E-1,1.937500000E1
8.087235800E-1,1.937500000E1
8.113485800E-1,1.937500000E1
8.139725800E-1,1.937500000E1
8.165975800E-1,1.937500000E1
8.192215800E-1,1.937500000E1
8.218465800E-1,1.937500000E1
8.244705800E-1,1.937500000E1
8.270955800E-1,1.937500000E1
8.297195800E-1,1.937500000E1
8.323445800E-1,1.937500000E1
8.349685800E-1,1.937500000E1
8.375935800E-1,1.937500000E1
8.402175800E-1,1.937500000E1
8.428425800E-1,1.937500000E1
8.454665800E-1,1.937500000E1
8.480915800E-1,1.937500000E1
8.507155800E-1,1.937500000E1
8.533405800E-1,1.937500000E1
8.559645800E-1,1.937500000E1
8.585895800E-1,1.937500000E1
8.612135800E-1,1.937500000E1
8.638385800E-1,1.937500000E1
8.664625800E-1,1.937500000E1
8.690875800E-1,1.937500000E1
8.717115800E-1,1.937500000E1
8.743365800E-1,1.937500000E1
8.769615800E-1,1.937500000E1
8.795855800E-1,1.937500000E1
8.822105800E-1,1.937500000E1
8.848345800E-1,1.937500000E1
8.874595800E-1,1.937500000E1
8.900835800E-1,1.937500000E1
8.927085800E-1,1.937500000E1
8.953325800E-1,1.937500000E1
8.979575800E-1,1.937500000E1
9.005815800E-1,1.937500000E1
9.032065800E-1,1.937500000E1
9.058305800E-1,1.937500000E1
9.084555800E-1,1.937500000E1
9.110795800E-1,1.937500000E1
9.137045800E-1,1.937500000E1
9.163285800E-1,1.937500000E1
9.189535800E-1,1.937500000E1
9.215775800E-1,1.937500000E1
9.242025800E-1,1.937500000E1
9.268265800E-1,1.937500000E1
9.294515800E-1,1.937500000E1
9.320755800E-1,1.937500000E1
9.347005800E-1,1.937500000E1
9.373245800E-1,1.937500000E1
9.399495800E-1,1.937500000E1
9.425735800E-1,1.937500000E1
9.451985800E-1,1.937500000E1
9.478225800E-1,1.937500000E1
9.504475800E-1,1.937500000E1
9.530715800E-1,1.937500000E1
9.556965800E-1,1.937500000E1
9.583205800E-1,1.937500000E1
9.609455800E-1,1.937500000E1
9.635695800E-1,1.937500000E1
9.661945800E-1,1.937500000E1
9.688185800E-1,1.937500000E1
9.714435800E-1,1.937500000E1
9.740675800E-1,1.937500000E1
9.766925800E-1,1.937500000E1
9.793165800E-1,1.937500000E1
9.819415800E-1,1.937500000E1
9.845655800E-1,1.937500000E1
9.871905800E-1,1.937500000E1
9.898155800E-1,1.937500000E1
9.924395800E-1,1.937500000E1
9.950645800E-1,1.937500000E1
9.976885800E-1,1.937500000E1
1.000313580E0,2.062500000E1
1.002937580E0,2.062500000E1
1.005562580E0,2.062500000E1
1.008186580E0,2.062500000E1
1.010811580E0,2.062500000E1
1.013435580E0,2.062500000E1
1.016060580E0,2.062500000E1
1.018684580E0,2.062500000E1
1.021309580E0,2.062500000E1
1.023933580E0,2.062500000E1
1.026558580E0,1.937500000E1
1.029182580E0,1.937500000E1
1.031807580E0,1.937500000E1
1.034431580E0,1.937500000E1
1.037056580E0,1.937500000E1
1.039680580E0,1.937500000E1
1.042305580E0,1.937500000E1
1.044929580E0,1.937500000E1
1.047554580E0,1.937500000E1
1.050178580E0,1.937500000E1
1.052803580E0,1.937500000E1
1.055427580E0,1.937500000E1
1.058052580E0,1.937500000E1
1.060676580E0,1.937500000E1
1.063301580E0,1.937500000E1
1.065925580E0,1.937500000E1
1.068550580E0,1.937500000E1
1.071174580E0,1.937500000E1
1.073799580E0,1.937500000E1
1.076423580E0,1.937500000E1
1.079048580E0,1.937500000E1
1.081672580E0,1.937500000E1
1.084297580E0,1.937500000E1
1.086921580E0,1.937500000E1
1.089546580E0,1.937500000E1
1.092170580E0,1.937500000E1
1.094795580E0,1.937500000E1
1.097419580E0,1.937500000E1
1.100044580E0,1.937500000E1
1.102669580E0,1.937500000E1
1.105293580E0,1.937500000E1
1.107918580E0,1.937500000E1
1.110542580E0,1.937500000E1
1.113167580E0,1.937500000E1
1.115791580E0,1.937500000E1
1.118416580E0,1.937500000E1
1.121040580E0,1.937500000E1
1.123665580E0,1.937500000E1
1.126289580E0,1.937500000E1
1.128914580E0,1.937500000E1
1.131538580E0,1.937500000E1
1.134163580E0,1.937500000E1
1.136787580E0,1.937500000E1
1.139412580E0,1.937500000E1
1.142036580E0,1.937500000E1
1.144661580E0,1.937500000E1
1.147285580E0,1.937500000E1
1.149910580E0,1.937500000E1
1.152534580E0,1.937500000E1
1.155159580E0,1.937500000E1
1.157783580E0,1.937500000E1
1.160408580E0,1.937500000E1
1.163032580E0,1.937500000E1
1.165657580E0,1.937500000E1
1.168281580E0,1.937500000E1
1.170906580E0,1.937500000E1
1.173530580E0,1.937500000E1
1.176155580E0,1.937500000E1
1.178779580E0,1.937500000E1
1.181404580E0,1.937500000E1
1.184028580E0,1.937500000E1
1.186653580E0,1.937500000E1
1.189277580E0,1.937500000E1
1.191902580E0,1.937500000E1
1.194526580E0,1.937500000E1
1.197151580E0,1.937500000E1
1.199775580E0,1.937500000E1
1.202400580E0,1.937500000E1
1.205024580E0,1.937500000E1
1.207649580E0,1.937500000E1
1.210274580E0,1.937500000E1
1.212898580E0,1.937500000E1
1.215523580E0,1.937500000E1
1.218147580E0,1.937500000E1
1.220772580E0,1.937500000E1
1.223396580E0,1.937500000E1
1.226021580E0,1.937500000E1
1.228645580E0,1.937500000E1
1.231270580E0,1.937500000E1
1.233894580E0,1.937500000E1
1.236519580E0,1.937500000E1
1.239143580E0,1.937500000E1
1.241768580E0,1.937500000E1
1.244392580E0,1.937500000E1
1.247017580E0,1.937500000E1
1.249641580E0,1.937500000E1
1.252266580E0,1.937500000E1
1.254890580E0,1.937500000E1
1.257515580E0,1.937500000E1
1.260139580E0,1.937500000E1
1.262764580E0,1.937500000E1
1.265388580E0,1.937500000E1
1.268013580E0,1.937500000E1
1.270637580E0,1.937500000E1
1.273262580E0,1.937500000E1
1.275886580E0,1.937500000E1
1.278511580E0,1.937500000E1
1.281135580E0,1.937500000E1
1.283760580E0,1.937500000E1
1.286384580E0,1.937500000E1
1.289009580E0,1.937500000E1
1.291633580E0,1.937500000E1
1.294258580E0,1.937500000E1
1.296882580E0,1.937500000E1
1.299507580E0,1.937500000E1
1.302131580E0,1.937500000E1
1.304756580E0,1.937500000E1
1.307380580E0,1.937500000E1
1.310005580E0,1.937500000E1
1.312629580E0,1.937500000E1
1.315254580E0,1.937500000E1
1.317878580E0,1.937500000E1
1.320503580E0,1.937500000E1
1.323128580E0,1.937500000E1
1.325752580E0,1.937500000E1
1.328377580E0,1.937500000E1
1.331001580E0,1.937500000E1
1.333626580E0,1.937500000E1
1.336250580E0,1.937500000E1
1.338875580E0,1.937500000E1
1.341499580E0,1.937500000E1
1.344124580E0,1.937500000E1
1.346748580E0,1.937500000E1
1.349373580E0,1.937500000E1
1.351997580E0,1.937500000E1
1.354622580E0,1.937500000E1
1.357246580E0,1.937500000E1
1.359871580E0,1.937500000E1
1.362495580E0,1.937500000E1
1.365120580E0,1.937500000E1
1.367744580E0,1.937500000E1
1.370369580E0,1.937500000E1
1.372993580E0,1.937500000E1
1.375618580E0,1.937500000E1
1.378242580E0,1.937500000E1
1.380867580E0,1.937500000E1
1.383491580E0,1.937500000E1
1.386116580E0,1.937500000E1
1.388740580E0,1.937500000E1
1.391365580E0,1.937500000E1
1.393989580E0,1.937500000E1
1.396614580E0,1.937500000E1
1.399238580E0,1.937500000E1
1.401863580E0,1.937500000E1
1.404487580E0,1.937500000E1
1.407112580E0,1.937500000E1
1.409736580E0,1.937500000E1
1.412361580E0,1.937500000E1
1.414985580E0,1.937500000E1
1.417610580E0,1.937500000E1
1.420234580E0,1.937500000E1
1.422859580E0,1.937500000E1
1.425483580E0,1.937500000E1
1.428108580E0,1.937500000E1
1.430732580E0,1.937500000E1
1.433357580E0,1.937500000E1
1.435982580E0,1.937500000E1
1.438606580E0,1.937500000E1
1.441231580E0,1.937500000E1
1.443855580E0,1.937500000E1
1.446480580E0,1.937500000E1
1.449104580E0,1.937500000E1
1.451729580E0,1.937500000E1
1.454353580E0,1.937500000E1
1.456978580E0,1.937500000E1
1.459602580E0,1.937500000E1
1.462227580E0,1.937500000E1
1.464851580E0,1.937500000E1
1.467476580E0,1.937500000E1
1.470100580E0,1.937500000E1
1.472725580E0,1.937500000E1
1.475349580E0,1.937500000E1
1.477974580E0,1.937500000E1
1.480598580E0,1.937500000E1
1.483223580E0,1.937500000E1
1.485847580E0,1.937500000E1
1.488472580E0,1.937500000E1
1.491096580E0,1.937500000E1
1.493721580E0,1.937500000E1
1.496345580E0,1.937500000E1
1.498970580E0,1.937500000E1
1.501594580E0,1.937500000E1
1.504219580E0,1.937500000E1
1.506843580E0,1.937500000E1
1.509468580E0,1.937500000E1
1.512092580E0,1.937500000E1
1.514717580E0,1.937500000E1
1.517341580E0,1.937500000E1
1.519966580E0,1.937500000E1
1.522590580E0,1.937500000E1
1.525215580E0,1.937500000E1
1.527839580E0,1.937500000E1
1.530464580E0,1.937500000E1
1.533088580E0,1.937500000E1
1.535713580E0,1.937500000E1
1.538337580E0,1.937500000E1
1.540962580E0,1.937500000E1
1.543586580E0,1.937500000E1
1.546211580E0,1.937500000E1
1.548836580E0,1.937500000E1
1.551460580E0,1.937500000E1
1.554085580E0,1.937500000E1
1.556709580E0,1.937500000E1
1.559334580E0,1.937500000E1
1.561958580E0,1.937500000E1
1.564583580E0,1.937500000E1
1.567207580E0,1.937500000E1
1.569832580E0,1.937500000E1
1.572456580E0,1.937500000E1
1.575081580E0,1.937500000E1
1.577705580E0,1.937500000E1
1.580330580E0,1.937500000E1
1.582954580E0,1.937500000E1
1.585579580E0,2.062500000E1
1.588203580E0,2.062500000E1
1.590828580E0,2.062500000E1
1.593452580E0,2.062500000E1
1.596077580E0,2.062500000E1
1.598701580E0,2.062500000E1
1.601326580E0,2.062500000E1
1.603950580E0,2.062500000E1
1.606575580E0,2.062500000E1
1.609199580E0,1.937500000E1
1.611824580E0,1.937500000E1
1.614448580E0,1.937500000E1
1.617073580E0,1.937500000E1
1.619697580E0,1.937500000E1
1.622322580E0,1.937500000E1
1.624946580E0,1.937500000E1
1.627571580E0,1.937500000E1
1.630195580E0,1.937500000E1
1.632820580E0,1.937500000E1
1.635444580E0,1.937500000E1
1.638069580E0,1.937500000E1
1.640693580E0,1.937500000E1
1.643318580E0,1.937500000E1
1.645942580E0,1.937500000E1
1.648567580E0,1.937500000E1
1.651191580E0,1.937500000E1
1.653816580E0,1.937500000E1
1.656440580E0,1.937500000E1
1.659065580E0,1.937500000E1
1.661690580E0,1.937500000E1
1.664314580E0,1.937500000E1
1.666939580E0,1.937500000E1
1.669563580E0,1.937500000E1
1.672188580E0,1.937500000E1
1.674812580E0,1.937500000E1
1.677437580E0,1.937500000E1
1.680061580E0,1.937500000E1
1.682686580E0,1.937500000E1
1.685310580E0,1.937500000E1
1.687935580E0,1.937500000E1
1.690559580E0,1.937500000E1
1.693184580E0,1.937500000E1
1.695808580E0,1.937500000E1
1.698433580E0,1.937500000E1
1.701057580E0,1.937500000E1
1.703682580E0,1.937500000E1
1.706306580E0,1.937500000E1
1.708931580E0,1.937500000E1
1.711555580E0,1.937500000E1
1.714180580E0,1.937500000E1
1.716804580E0,1.937500000E1
1.719429580E0,1.937500000E1
1.722053580E0,1.937500000E1
1.724678580E0,1.937500000E1
1.727302580E0,1.937500000E1
1.729927580E0,1.937500000E1
1.732551580E0,1.937500000E1
1.735176580E0,1.937500000E1
1.737800580E0,1.937500000E1
1.740425580E0,1.937500000E1
1.743049580E0,1.937500000E1
1.745674580E0,1.937500000E1
1.748298580E0,1.937500000E1
1.750923580E0,1.937500000E1
1.753547580E0,1.937500000E1
1.756172580E0,1.937500000E1
1.758796580E0,1.937500000E1
1.761421580E0,1.937500000E1
1.764045580E0,1.937500000E1
1.766670580E0,1.937500000E1
1.769294580E0,1.937500000E1
1.771919580E0,1.937500000E1
1.774544580E0,1.937500000E1
1.777168580E0,1.937500000E1
1.779793580E0,1.937500000E1
1.782417580E0,1.937500000E1
1.785042580E0,1.937500000E1
1.787666580E0,1.937500000E1
1.790291580E0,1.937500000E1
1.792915580E0,1.937500000E1
1.795540580E0,1.937500000E1
1.798164580E0,1.937500000E1
1.800789580E0,1.937500000E1
1.803413580E0,1.937500000E1
1.806038580E0,1.937500000E1
1.808662580E0,1.937500000E1
1.811287580E0,1.937500000E1
1.813911580E0,1.937500000E1
1.816536580E0,1.937500000E1
1.819160580E0,1.937500000E1
1.821785580E0,1.937500000E1
1.824409580E0,1.937500000E1
1.827034580E0,1.937500000E1
1.829658580E0,1.937500000E1
1.832283580E0,1.937500000E1
1.834907580E0,1.937500000E1
1.837532580E0,1.937500000E1
1.840156580E0,1.937500000E1
1.842781580E0,1.937500000E1
1.845405580E0,1.937500000E1
1.848030580E0,1.937500000E1
1.850654580E0,1.937500000E1
1.853279580E0,1.937500000E1
1.855903580E0,1.937500000E1
1.858528580E0,1.937500000E1
1.861152580E0,1.937500000E1
1.863777580E0,1.937500000E1
1.866401580E0,1.937500000E1
1.869026580E0,1.937500000E1
1.871650580E0,1.937500000E1
1.874275580E0,1.937500000E1
1.876899580E0,1.937500000E1
1.879524580E0,1.937500000E1
1.882149580E0,1.937500000E1
1.884773580E0,1.937500000E1
1.887398580E0,1.937500000E1
1.890022580E0,1.937500000E1
1.892647580E0,1.937500000E1
1.895271580E0,1.937500000E1
1.897896580E0,1.937500000E1
1.900520580E0,1.937500000E1
1.903145580E0,1.937500000E1
1.905769580E0,1.937500000E1
1.908394580E0,1.937500000E1
1.911018580E0,1.937500000E1
1.913643580E0,1.937500000E1
1.916267580E0,1.937500000E1
1.918892580E0,1.937500000E1
1.921516580E0,1.937500000E1
1.924141580E0,1.937500000E1
1.926765580E0,1.937500000E1
1.929390580E0,1.937500000E1
1.932014580E0,1.937500000E1
1.934639580E0,1.937500000E1
1.937263580E0,1.937500000E1
1.939888580E0,1.937500000E1
1.942512580E0,1.937500000E1
1.945137580E0,1.937500000E1
1.947761580E0,1.937500000E1
1.950386580E0,1.937500000E1
1.953010580E0,1.937500000E1
1.955635580E0,1.937500000E1
1.958259580E0,1.937500000E1
1.960884580E0,1.937500000E1
1.963508580E0,1.937500000E1
1.966133580E0,1.937500000E1
1.968757580E0,1.937500000E1
1.971382580E0,1.937500000E1
1.974006580E0,1.937500000E1
1.976631580E0,1.937500000E1
1.979255580E0,1.937500000E1
1.981880580E0,1.937500000E1
1.984504580E0,1.937500000E1
1.987129580E0,1.937500000E1
1.989753580E0,1.937500000E1
1.992378580E0,2.062500000E1
1.995003580E0,2.062500000E1
1.997627580E0,2.062500000E1
2.000252580E0,2.062500000E1
2.002876580E0,2.062500000E1
2.005501580E0,2.062500000E1
2.008125580E0,2.062500000E1
2.010750580E0,2.062500000E1
2.013374580E0,2.062500000E1
2.015999580E0,2.062500000E1
2.018623580E0,1.937500000E1
2.021248580E0,1.937500000E1
2.023872580E0,1.937500000E1
2.026497580E0,1.937500000E1
2.029121580E0,1.937500000E1
2.031746580E0,1.937500000E1
2.034370580E0,1.937500000E1
2.036995580E0,1.937500000E1
2.039619580E0,1.937500000E1
2.042244580E0,1.937500000E1
2.044868580E0,1.937500000E1
2.047493580E0,1.937500000E1
2.050117580E0,1.937500000E1
2.052742580E0,1.937500000E1
2.055366580E0,1.937500000E1
2.057991580E0,1.937500000E1
2.060615580E0,1.937500000E1
2.063240580E0,1.937500000E1
2.065864580E0,1.937500000E1
2.068489580E0,1.937500000E1
2.071113580E0,1.937500000E1
2.073738580E0,1.937500000E1
2.076362580E0,1.937500000E1
2.078987580E0,1.937500000E1
2.081611580E0,1.937500000E1
2.084236580E0,1.937500000E1
2.086860580E0,1.937500000E1
2.089485580E0,1.937500000E1
2.092109580E0,1.937500000E1
2.094734580E0,1.937500000E1
2.097358580E0,1.937500000E1
2.099983580E0,1.937500000E1
2.102607580E0,1.937500000E1
2.105232580E0,1.937500000E1
2.107857580E0,1.937500000E1
2.110481580E0,1.937500000E1
2.113106580E0,1.937500000E1
2.115730580E0,1.937500000E1
2.118355580E0,1.937500000E1
2.120979580E0,1.937500000E1
2.123604580E0,1.937500000E1
2.126228580E0,1.937500000E1
2.128853580E0,1.937500000E1
2.131477580E0,1.937500000E1
2.134102580E0,1.937500000E1
2.136726580E0,1.937500000E1
2.139351580E0,1.937500000E1
2.141975580E0,1.937500000E1
2.144600580E0,1.937500000E1
2.147224580E0,1.937500000E1
2.149849580E0,1.937500000E1
2.152473580E0,1.937500000E1
2.155098580E0,1.937500000E1
2.157722580E0,1.937500000E1
2.160347580E0,1.937500000E1
2.162971580E0,1.937500000E1
2.165596580E0,1.937500000E1
2.168220580E0,1.937500000E1
2.170845580E0,1.937500000E1
2.173469580E0,1.937500000E1
2.176094580E0,1.937500000E1
2.178718580E0,1.937500000E1
2.181343580E0,1.937500000E1
2.183967580E0,1.937500000E1
2.186592580E0,1.937500000E1
2.189216580E0,1.937500000E1
2.191841580E0,1.937500000E1
2.194465580E0,1.937500000E1
2.197090580E0,1.937500000E1
2.199714580E0,1.937500000E1
2.202339580E0,1.937500000E1
2.204963580E0,1.937500000E1
2.207588580E0,1.937500000E1
2.210212580E0,1.937500000E1
2.212837580E0,1.937500000E1
2.215461580E0,1.937500000E1
2.218086580E0,1.937500000E1
2.220711580E0,1.937500000E1
2.223335580E0,1.937500000E1
2.225960580E0,1.937500000E1
2.228584580E0,1.937500000E1
2.231209580E0,1.937500000E1
2.233833580E0,1.937500000E1
2.236458580E0,1.937500000E1
2.239082580E0,1.937500000E1
2.241707580E0,1.937500000E1
2.244331580E0,1.937500000E1
2.246956580E0,1.937500000E1
2.249580580E0,1.937500000E1
2.252205580E0,1.937500000E1
2.254829580E0,1.937500000E1
2.257454580E0,1.937500000E1
2.260078580E0,1.937500000E1
2.262703580E0,1.937500000E1
2.265327580E0,1.937500000E1
2.267952580E0,1.937500000E1
2.270576580E0,1.937500000E1
2.273201580E0,1.937500000E1
2.275825580E0,1.937500000E1
2.278450580E0,1.937500000E1
2.281074580E0,1.937500000E1
2.283699580E0,1.937500000E1
2.286323580E0,1.937500000E1
2.288948580E0,1.937500000E1
2.291572580E0,1.937500000E1
2.294197580E0,1.937500000E1
2.296821580E0,1.937500000E1
2.299446580E0,1.937500000E1
2.302070580E0,1.937500000E1
2.304695580E0,1.937500000E1
2.307319580E0,1.937500000E1
2.309944580E0,1.937500000E1
2.312568580E0,1.937500000E1
2.315193580E0,1.937500000E1
2.317817580E0,1.937500000E1
2.320442580E0,1.937500000E1
2.323066580E0,1.937500000E1
2.325691580E0,1.937500000E1
2.328315580E0,1.937500000E1
2.330940580E0,1.937500000E1
2.333565580E0,1.937500000E1
2.336189580E0,1.937500000E1
2.338814580E0,1.937500000E1
2.341438580E0,1.937500000E1
2.344063580E0,1.937500000E1
2.346687580E0,1.937500000E1
2.349312580E0,1.937500000E1
2.351936580E0,1.937500000E1
2.354561580E0,1.937500000E1
2.357185580E0,1.937500000E1
2.359810580E0,1.937500000E1
2.362434580E0,1.937500000E1
2.365059580E0,1.937500000E1
2.367683580E0,1.937500000E1
2.370308580E0,1.937500000E1
2.372932580E0,1.937500000E1
2.375557580E0,1.937500000E1
2.378181580E0,1.937500000E1
2.380806580E0,1.937500000E1
2.383430580E0,1.937500000E1
2.386055580E0,1.937500000E1
2.388679580E0,1.937500000E1
2.391304580E0,1.937500000E1
2.393928580E0,1.937500000E1
2.396553580E0,1.937500000E1
2.399177580E0,2.062500000E1
2.401802580E0,2.062500000E1
2.404426580E0,2.062500000E1
2.407051580E0,2.062500000E1
2.409675580E0,2.062500000E1
2.412300580E0,2.062500000E1
2.414924580E0,2.062500000E1
2.417549580E0,2.062500000E1
2.420173580E0,2.062500000E1
2.422798580E0,2.062500000E1
2.425422580E0,1.937500000E1
2.428047580E0,1.937500000E1
2.430671580E0,1.937500000E1
2.433296580E0,1.937500000E1
2.435920580E0,1.937500000E1
2.438545580E0,1.937500000E1
2.441169580E0,1.937500000E1
2.443794580E0,1.937500000E1
2.446419580E0,1.937500000E1
2.449043580E0,1.937500000E1
2.451668580E0,1.937500000E1
2.454292580E0,1.937500000E1
2.456917580E0,1.937500000E1
2.459541580E0,1.937500000E1
2.462166580E0,1.937500000E1
2.464790580E0,1.937500000E1
2.467415580E0,1.937500000E1
2.470039580E0,1.937500000E1
2.472664580E0,1.937500000E1
2.475288580E0,1.937500000E1
2.477913580E0,1.937500000E1
2.480537580E0,1.937500000E1
2.483162580E0,1.937500000E1
2.485786580E0,1.937500000E1
2.488411580E0,1.937500000E1
2.491035580E0,1.937500000E1
2.493660580E0,1.937500000E1
2.496284580E0,1.937500000E1
2.498909580E0,1.937500000E1
2.501533580E0,1.937500000E1
2.504158580E0,1.937500000E1
2.506782580E0,1.937500000E1
2.509407580E0,1.937500000E1
2.512031580E0,1.937500000E1
2.514656580E0,1.937500000E1
2.517280580E0,1.937500000E1
2.519905580E0,1.937500000E1
2.522529580E0,1.937500000E1
2.525154580E0,1.937500000E1
2.527778580E0,1.937500000E1
2.530403580E0,1.937500000E1
2.533027580E0,1.937500000E1
2.535652580E0,1.937500000E1
2.538276580E0,1.937500000E1
2.540901580E0,1.937500000E1
2.543525580E0,1.937500000E1
2.546150580E0,1.937500000E1
2.548774580E0,1.937500000E1
2.551399580E0,1.937500000E1
2.554024580E0,1.937500000E1
2.556648580E0,1.937500000E1
2.559273580E0,1.937500000E1
2.561897580E0,1.937500000E1
2.564522580E0,1.937500000E1
2.567146580E0,1.937500000E1
2.569771580E0,1.937500000E1
2.572395580E0,1.937500000E1
2.575020580E0,1.937500000E1
2.577644580E0,1.937500000E1
2.580269580E0,1.937500000E1
2.582893580E0,1.937500000E1
2.585518580E0,1.937500000E1
2.588142580E0,1.937500000E1
2.590767580E0,1.937500000E1
2.593391580E0,1.937500000E1
2.596016580E0,1.937500000E1
2.598640580E0,1.937500000E1
2.601265580E0,1.937500000E1
2.603889580E0,1.937500000E1
2.606514580E0,1.937500000E1
2.609138580E0,1.937500000E1
2.611763580E0,1.937500000E1
2.614387580E0,1.937500000E1
2.617012580E0,1.937500000E1
2.619636580E0,1.937500000E1
2.622261580E0,1.937500000E1
2.624885580E0,1.937500000E1
2.627510580E0,1.937500000E1
2.630134580E0,1.937500000E1
2.632759580E0,1.937500000E1
2.635383580E0,1.937500000E1
2.638008580E0,1.937500000E1
2.640632580E0,1.937500000E1
2.643257580E0,1.937500000E1
2.645881580E0,1.937500000E1
2.648506580E0,1.937500000E1
2.651130580E0,1.937500000E1
2.653755580E0,1.937500000E1
2.656379580E0,1.937500000E1
2.659004580E0,1.937500000E1
2.661628580E0,1.937500000E1
2.664253580E0,1.937500000E1
2.666878580E0,1.937500000E1
2.669502580E0,1.937500000E1
2.672127580E0,1.937500000E1
2.674751580E0,1.937500000E1
2.677376580E0,1.937500000E1
2.680000580E0,1.937500000E1
2.682625580E0,1.937500000E1
2.685249580E0,1.937500000E1
2.687874580E0,1.937500000E1
2.690498580E0,1.937500000E1
2.693123580E0,1.937500000E1
2.695747580E0,1.937500000E1
2.698372580E0,1.937500000E1
2.700996580E0,1.937500000E1
2.703621580E0,1.937500000E1
2.706245580E0,1.937500000E1
2.708870580E0,1.937500000E1
2.711494580E0,1.937500000E1
2.714119580E0,1.937500000E1
2.716743580E0,1.937500000E1
2.719368580E0,1.937500000E1
2.721992580E0,1.937500000E1
2.724617580E0,1.937500000E1
2.727241580E0,1.937500000E1
2.729866580E0,1.937500000E1
2.732490580E0,1.937500000E1
2.735115580E0,1.937500000E1
2.737739580E0,1.937500000E1
2.740364580E0,1.937500000E1
2.742988580E0,1.937500000E1
2.745613580E0,1.937500000E1
2.748237580E0,1.937500000E1
2.750862580E0,1.937500000E1
2.753486580E0,1.937500000E1
2.756111580E0,1.937500000E1
2.758735580E0,1.937500000E1
2.761360580E0,1.937500000E1
2.763984580E0,1.937500000E1
2.766609580E0,1.937500000E1
2.769233580E0,1.937500000E1
2.771858580E0,1.937500000E1
2.774482580E0,1.937500000E1
2.777107580E0,1.937500000E1
2.779732580E0,1.937500000E1
2.782356580E0,1.937500000E1
2.784981580E0,1.937500000E1
2.787605580E0,1.937500000E1
2.790230580E0,1.937500000E1
2.792854580E0,1.937500000E1
2.795479580E0,1.937500000E1
2.798103580E0,1.937500000E1
2.800728580E0,1.937500000E1
2.803352580E0,1.937500000E1
2.805977580E0,2.062500000E1
2.808601580E0,2.062500000E1
2.811226580E0,2.062500000E1
2.813850580E0,2.062500000E1
2.816475580E0,2.062500000E1
2.819099580E0,2.062500000E1
2.821724580E0,2.062500000E1
2.824348580E0,2.062500000E1
2.826973580E0,2.062500000E1
2.829597580E0,2.062500000E1
2.832222580E0,1.937500000E1
2.834846580E0,1.937500000E1
2.837471580E0,1.937500000E1
2.840095580E0,1.937500000E1
2.842720580E0,1.937500000E1
2.845344580E0,1.937500000E1
2.847969580E0,1.937500000E1
2.850593580E0,1.937500000E1
2.853218580E0,1.937500000E1
2.855842580E0,1.937500000E1
2.858467580E0,1.937500000E1
2.861091580E0,1.937500000E1
2.863716580E0,1.937500000E1
2.866340580E0,1.937500000E1
2.868965580E0,1.937500000E1
2.871589580E0,1.937500000E1
2.874214580E0,1.937500000E1
2.876838580E0,1.937500000E1
2.879463580E0,1.937500000E1
2.882087580E0,1.937500000E1
2.884712580E0,1.937500000E1
2.887336580E0,1.937500000E1
2.889961580E0,1.937500000E1
2.892586580E0,1.937500000E1
2.895210580E0,1.937500000E1
2.897835580E0,1.937500000E1
2.900459580E0,1.937500000E1
2.903084580E0,1.937500000E1
2.905708580E0,1.937500000E1
2.908333580E0,1.937500000E1
2.910957580E0,1.937500000E1
2.913582580E0,1.937500000E1
2.916206580E0,1.937500000E1
2.918831580E0,1.937500000E1
2.921455580E0,1.937500000E1
2.924080580E0,1.937500000E1
2.926704580E0,1.937500000E1
2.929329580E0,1.937500000E1
2.931953580E0,1.937500000E1
2.934578580E0,1.937500000E1
2.937202580E0,1.937500000E1
2.939827580E0,1.937500000E1
2.942451580E0,1.937500000E1
2.945076580E0,1.937500000E1
2.947700580E0,1.937500000E1
2.950325580E0,1.937500000E1
2.952949580E0,1.937500000E1
2.955574580E0,1.937500000E1
2.958198580E0,1.937500000E1
2.960823580E0,1.937500000E1
2.963447580E0,1.937500000E1
2.966072580E0,1.937500000E1
2.968696580E0,1.937500000E1
2.971321580E0,1.937500000E1
2.973945580E0,1.937500000E1
2.976570580E0,1.937500000E1
2.979194580E0,1.937500000E1
2.981819580E0,1.937500000E1
2.984443580E0,1.937500000E1
2.987068580E0,1.937500000E1
2.989692580E0,1.937500000E1
2.992317580E0,1.937500000E1
2.994941580E0,1.937500000E1
2.997566580E0,1.937500000E1
3.000190580E0,1.937500000E1
3.002815580E0,1.937500000E1
3.005440580E0,1.937500000E1
3.008064580E0,1.937500000E1
3.010689580E0,1.937500000E1
3.013313580E0,1.937500000E1
3.015938580E0,1.937500000E1
3.018562580E0,1.937500000E1
3.021187580E0,1.937500000E1
3.023811580E0,1.937500000E1
3.026436580E0,1.937500000E1
3.029060580E0,1.937500000E1
3.031685580E0,1.937500000E1
3.034309580E0,1.937500000E1
3.036934580E0,1.937500000E1
3.039558580E0,1.937500000E1
3.042183580E0,1.937500000E1
3.044807580E0,1.937500000E1
3.047432580E0,1.937500000E1
3.050056580E0,1.937500000E1
3.052681580E0,1.937500000E1
3.055305580E0,1.937500000E1
3.057930580E0,1.937500000E1
3.060554580E0,1.937500000E1
3.063179580E0,2.062500000E1
3.065803580E0,2.062500000E1
3.068428580E0,2.062500000E1
3.071052580E0,2.062500000E1
3.073677580E0,2.062500000E1
3.076301580E0,2.062500000E1
3.078926580E0,2.062500000E1
3.081550580E0,2.062500000E1
3.084175580E0,2.062500000E1
3.086799580E0,1.937500000E1
3.089424580E0,1.937500000E1
3.092048580E0,1.937500000E1
3.094673580E0,1.937500000E1
3.097297580E0,1.937500000E1
3.099922580E0,1.937500000E1
3.102546580E0,1.937500000E1
3.105171580E0,1.937500000E1
3.107795580E0,1.937500000E1
3.110420580E0,1.937500000E1
3.113044580E0,2.062500000E1
3.115669580E0,2.062500000E1
3.118294580E0,2.062500000E1
3.120918580E0,2.062500000E1
3.123543580E0,2.062500000E1
3.126167580E0,2.062500000E1
3.128792580E0,2.062500000E1
3.131416580E0,2.062500000E1
3.134041580E0,2.062500000E1
3.136665580E0,2.062500000E1
3.139290580E0,1.937500000E1
3.141914580E0,1.937500000E1
3.144539580E0,1.937500000E1
3.147163580E0,1.937500000E1
3.149788580E0,1.937500000E1
3.152412580E0,1.937500000E1
3.155037580E0,1.937500000E1
3.157661580E0,1.937500000E1
3.160286580E0,1.937500000E1
3.162910580E0,1.937500000E1
3.165535580E0,1.937500000E1
3.168159580E0,1.937500000E1
3.170784580E0,1.937500000E1
3.173408580E0,1.937500000E1
3.176033580E0,1.937500000E1
3.178657580E0,1.937500000E1
3.181282580E0,1.937500000E1
3.183906580E0,1.937500000E1
3.186531580E0,1.937500000E1
3.189155580E0,1.937500000E1
3.191780580E0,1.937500000E1
3.194404580E0,1.937500000E1
3.197029580E0,1.937500000E1
3.199653580E0,1.937500000E1
3.202278580E0,1.937500000E1
3.204902580E0,1.937500000E1
3.207527580E0,1.937500000E1
3.210151580E0,1.937500000E1
3.212776580E0,1.937500000E1
3.215400580E0,1.937500000E1
3.218025580E0,1.937500000E1
3.220649580E0,1.937500000E1
3.223274580E0,1.937500000E1
3.225899580E0,1.937500000E1
3.228523580E0,1.937500000E1
3.231148580E0,1.937500000E1
3.233772580E0,1.937500000E1
3.236397580E0,1.937500000E1
3.239021580E0,1.937500000E1
3.241646580E0,1.937500000E1
3.244270580E0,1.937500000E1
3.246895580E0,1.937500000E1
3.249519580E0,1.937500000E1
3.252144580E0,1.937500000E1
3.254768580E0,1.937500000E1
3.257393580E0,1.937500000E1
3.260017580E0,1.937500000E1
3.262642580E0,1.937500000E1
3.265266580E0,1.937500000E1
3.267891580E0,1.937500000E1
3.270515580E0,1.937500000E1
3.273140580E0,1.937500000E1
3.275764580E0,1.937500000E1
3.278389580E0,1.937500000E1
3.281013580E0,1.937500000E1
3.283638580E0,1.937500000E1
3.286262580E0,1.937500000E1
3.288887580E0,1.937500000E1
3.291511580E0,1.937500000E1
3.294136580E0,1.937500000E1
3.296760580E0,1.937500000E1
3.299385580E0,1.937500000E1
3.302009580E0,1.937500000E1
3.304634580E0,1.937500000E1
3.307258580E0,1.937500000E1
3.309883580E0,1.937500000E1
3.312507580E0,1.937500000E1
3.315132580E0,1.937500000E1
3.317756580E0,1.937500000E1
3.320381580E0,1.937500000E1
3.323005580E0,1.937500000E1
3.325630580E0,1.937500000E1
3.328254580E0,1.937500000E1
3.330879580E0,1.937500000E1
3.333503580E0,1.937500000E1
3.336128580E0,1.937500000E1
3.338753580E0,1.937500000E1
3.341377580E0,1.937500000E1
3.344002580E0,1.937500000E1
3.346626580E0,1.937500000E1
3.349251580E0,1.937500000E1
3.351875580E0,1.937500000E1
3.354500580E0,1.937500000E1
3.357124580E0,1.937500000E1
3.359749580E0,1.937500000E1
3.362373580E0,1.937500000E1
3.364998580E0,1.937500000E1
3.367622580E0,1.937500000E1
3.370247580E0,1.937500000E1
3.372871580E0,1.937500000E1
3.375496580E0,1.937500000E1
3.378120580E0,1.937500000E1
3.380745580E0,1.937500000E1
3.383369580E0,1.937500000E1
3.385994580E0,1.937500000E1
3.388618580E0,1.937500000E1
3.391243580E0,1.937500000E1
3.393867580E0,1.937500000E1
3.396492580E0,1.937500000E1
3.399116580E0,1.937500000E1
3.401741580E0,1.937500000E1
3.404365580E0,1.937500000E1
3.406990580E0,1.937500000E1
3.409614580E0,1.937500000E1
3.412239580E0,1.937500000E1
3.414863580E0,1.937500000E1
3.417488580E0,1.937500000E1
3.420112580E0,1.937500000E1
3.422737580E0,1.937500000E1
3.425361580E0,1.937500000E1
3.427986580E0,1.937500000E1
3.430610580E0,1.937500000E1
3.433235580E0,1.937500000E1
3.435859580E0,1.937500000E1
3.438484580E0,1.937500000E1
3.441108580E0,1.937500000E1
3.443733580E0,1.937500000E1
3.446357580E0,1.937500000E1
3.448982580E0,1.937500000E1
3.451607580E0,1.937500000E1
3.454231580E0,1.937500000E1
3.456856580E0,1.937500000E1
3.459480580E0,1.937500000E1
3.462105580E0,1.937500000E1
3.464729580E0,1.937500000E1
3.467354580E0,1.937500000E1
3.469978580E0,1.937500000E1
3.472603580E0,1.937500000E1
3.475227580E0,1.937500000E1
3.477852580E0,1.937500000E1
3.480476580E0,1.937500000E1
3.483101580E0,1.937500000E1
3.485725580E0,1.937500000E1
3.488350580E0,1.937500000E1
3.490974580E0,1.937500000E1
3.493599580E0,1.937500000E1
3.496223580E0,1.937500000E1
3.498848580E0,1.937500000E1
3.501472580E0,1.937500000E1
3.504097580E0,1.937500000E1
3.506721580E0,1.937500000E1
3.509346580E0,1.937500000E1
3.511970580E0,1.937500000E1
3.514595580E0,1.937500000E1
3.517219580E0,1.937500000E1
3.519844580E0,1.937500000E1
3.522468580E0,1.937500000E1
3.525093580E0,1.937500000E1
3.527717580E0,1.937500000E1
3.530342580E0,1.937500000E1
3.532966580E0,1.937500000E1
3.535591580E0,1.937500000E1
3.538215580E0,1.937500000E1
3.540840580E0,1.937500000E1
3.543464580E0,1.937500000E1
3.546089580E0,1.937500000E1
3.548713580E0,1.937500000E1
3.551338580E0,1.937500000E1
3.553962580E0,1.937500000E1
3.556587580E0,1.937500000E1
3.559211580E0,1.937500000E1
3.561836580E0,1.937500000E1
3.564461580E0,1.937500000E1
3.567085580E0,1.937500000E1
3.569710580E0,1.937500000E1
3.572334580E0,1.937500000E1
3.574959580E0,1.937500000E1
3.577583580E0,1.937500000E1
3.580208580E0,1.937500000E1
3.582832580E0,1.937500000E1
3.585457580E0,1.937500000E1
3.588081580E0,1.937500000E1
3.590706580E0,1.937500000E1
3.593330580E0,1.937500000E1
3.595955580E0,1.937500000E1
3.598579580E0,1.937500000E1
3.601204580E0,1.937500000E1
3.603828580E0,1.937500000E1
3.606453580E0,1.937500000E1
3.609077580E0,1.937500000E1
3.611702580E0,1.937500000E1
3.614326580E0,1.937500000E1
3.616951580E0,1.937500000E1
3.619575580E0,1.937500000E1
3.622200580E0,1.937500000E1
3.624824580E0,1.937500000E1
3.627449580E0,1.937500000E1
3.630073580E0,1.937500000E1
3.632698580E0,1.937500000E1
3.635322580E0,1.937500000E1
3.637947580E0,1.937500000E1
3.640571580E0,1.937500000E1
3.643196580E0,1.937500000E1
3.645820580E0,1.937500000E1
3.648445580E0,1.937500000E1
3.651069580E0,1.937500000E1
3.653694580E0,1.937500000E1
3.656318580E0,1.937500000E1
3.658943580E0,1.937500000E1
3.661567580E0,1.937500000E1
3.664192580E0,1.937500000E1
3.666816580E0,1.937500000E1
3.669441580E0,1.937500000E1
3.672065580E0,1.937500000E1
3.674690580E0,1.937500000E1
3.677315580E0,1.937500000E1
3.679939580E0,1.937500000E1
3.682564580E0,1.937500000E1
3.685188580E0,1.937500000E1
3.687813580E0,1.937500000E1
3.690437580E0,1.937500000E1
3.693062580E0,1.937500000E1
3.695686580E0,1.937500000E1
3.698311580E0,1.937500000E1
3.700935580E0,1.937500000E1
3.703560580E0,1.937500000E1
3.706184580E0,1.937500000E1
3.708809580E0,1.937500000E1
3.711433580E0,1.937500000E1
3.714058580E0,1.937500000E1
3.716682580E0,1.937500000E1
3.719307580E0,1.937500000E1
3.721931580E0,1.937500000E1
3.724556580E0,1.937500000E1
3.727180580E0,1.937500000E1
3.729805580E0,1.937500000E1
3.732429580E0,1.937500000E1
3.735054580E0,1.937500000E1
3.737678580E0,1.937500000E1
3.740303580E0,1.937500000E1
3.742927580E0,1.937500000E1
3.745552580E0,1.937500000E1
3.748176580E0,1.937500000E1
3.750801580E0,1.937500000E1
3.753425580E0,1.937500000E1
3.756050580E0,1.937500000E1
3.758674580E0,1.937500000E1
3.761299580E0,1.937500000E1
3.763923580E0,1.937500000E1
3.766548580E0,1.937500000E1
3.769172580E0,1.937500000E1
3.771797580E0,1.937500000E1
3.774421580E0,1.937500000E1
3.777046580E0,1.937500000E1
3.779670580E0,1.937500000E1
3.782295580E0,1.937500000E1
3.784919580E0,1.937500000E1
3.787544580E0,1.937500000E1
3.790169580E0,1.937500000E1
3.792793580E0,1.937500000E1
3.795418580E0,1.937500000E1
3.798042580E0,1.937500000E1
3.800667580E0,1.937500000E1
3.803291580E0,1.937500000E1
3.805916580E0,1.937500000E1
3.808540580E0,1.937500000E1
3.811165580E0,1.937500000E1
3.813789580E0,1.937500000E1
3.816414580E0,1.937500000E1
3.819038580E0,1.937500000E1
3.821663580E0,1.937500000E1
3.824287580E0,2.062500000E1
3.826912580E0,2.062500000E1
3.829536580E0,2.062500000E1
3.832161580E0,2.062500000E1
3.834785580E0,2.062500000E1
3.837410580E0,2.062500000E1
3.840034580E0,2.062500000E1
3.842659580E0,2.062500000E1
3.845283580E0,2.062500000E1
3.847908580E0,2.062500000E1
3.850532580E0,1.937500000E1
3.853157580E0,1.937500000E1
3.855781580E0,1.937500000E1
3.858406580E0,1.937500000E1
3.861030580E0,1.937500000E1
3.863655580E0,1.937500000E1
3.866279580E0,1.937500000E1
3.868904580E0,1.937500000E1
3.871528580E0,1.937500000E1
3.874153580E0,1.937500000E1
3.876777580E0,1.937500000E1
3.879402580E0,1.937500000E1
3.882026580E0,1.937500000E1
3.884651580E0,1.937500000E1
3.887275580E0,1.937500000E1
3.889900580E0,1.937500000E1
3.892524580E0,1.937500000E1
3.895149580E0,1.937500000E1
3.897774580E0,1.937500000E1
3.900398580E0,1.937500000E1
3.903023580E0,1.937500000E1
3.905647580E0,1.937500000E1
3.908272580E0,1.937500000E1
3.910896580E0,1.937500000E1
3.913521580E0,1.937500000E1
3.916145580E0,1.937500000E1
3.918770580E0,1.937500000E1
3.921394580E0,1.937500000E1
3.924019580E0,1.937500000E1
3.926643580E0,1.937500000E1
3.929268580E0,1.937500000E1
3.931892580E0,1.937500000E1
3.934517580E0,1.937500000E1
3.937141580E0,1.937500000E1
3.939766580E0,1.937500000E1
3.942390580E0,1.937500000E1
3.945015580E0,1.937500000E1
3.947639580E0,1.937500000E1
3.950264580E0,1.937500000E1
3.952888580E0,2.062500000E1
3.955513580E0,2.062500000E1
3.958137580E0,2.062500000E1
3.960762580E0,2.062500000E1
3.963386580E0,2.062500000E1
3.966011580E0,2.062500000E1
3.968635580E0,2.062500000E1
3.971260580E0,2.062500000E1
3.973884580E0,2.062500000E1
3.976509580E0,2.062500000E1
3.979133580E0,1.937500000E1
3.981758580E0,1.937500000E1
3.984382580E0,1.937500000E1
3.987007580E0,1.937500000E1
3.989631580E0,1.937500000E1
3.992256580E0,1.937500000E1
3.994880580E0,1.937500000E1
3.997505580E0,1.937500000E1
4.000129580E0,1.937500000E1
4.002754580E0,1.937500000E1
4.005378580E0,1.937500000E1
4.008003580E0,1.937500000E1
4.010628580E0,1.937500000E1
4.013252580E0,1.937500000E1
4.015877580E0,1.937500000E1
4.018501580E0,1.937500000E1
4.021126580E0,1.937500000E1
4.023750580E0,1.937500000E1
4.026375580E0,1.937500000E1
4.028999580E0,1.937500000E1
4.031624580E0,1.937500000E1
4.034248580E0,1.937500000E1
4.036873580E0,1.937500000E1
4.039497580E0,1.937500000E1
4.042122580E0,1.937500000E1
4.044746580E0,1.937500000E1
4.047371580E0,1.937500000E1
4.049995580E0,1.937500000E1
4.052620580E0,1.937500000E1
4.055244580E0,1.937500000E1
4.057869580E0,1.937500000E1
4.060493580E0,1.937500000E1
4.063118580E0,1.937500000E1
4.065742580E0,1.937500000E1
4.068367580E0,1.937500000E1
4.070991580E0,1.937500000E1
4.073616580E0,1.937500000E1
4.076240580E0,1.937500000E1
4.078865580E0,1.937500000E1
4.081489580E0,1.937500000E1
4.084114580E0,1.937500000E1
4.086738580E0,1.937500000E1
4.089363580E0,1.937500000E1
4.091987580E0,1.937500000E1
4.094612580E0,1.937500000E1
4.097236580E0,1.937500000E1
4.099861580E0,1.937500000E1
4.102485580E0,1.937500000E1
4.105110580E0,2.062500000E1
4.107734580E0,2.062500000E1
4.110359580E0,2.062500000E1
4.112983580E0,2.062500000E1
4.115608580E0,2.062500000E1
4.118232580E0,2.062500000E1
4.120857580E0,2.062500000E1
4.123482580E0,2.062500000E1
4.126106580E0,2.062500000E1
4.128731580E0,2.062500000E1
4.131355580E0,1.937500000E1
4.133980580E0,1.937500000E1
4.136604580E0,1.937500000E1
4.139229580E0,1.937500000E1
4.141853580E0,1.937500000E1
4.144478580E0,1.937500000E1
4.147102580E0,1.937500000E1
4.149727580E0,1.937500000E1
4.152351580E0,1.937500000E1
4.154976580E0,1.937500000E1
4.157600580E0,1.937500000E1
4.160225580E0,1.937500000E1
4.162849580E0,1.937500000E1
4.165474580E0,1.937500000E1
4.168098580E0,1.937500000E1
4.170723580E0,1.937500000E1
4.173347580E0,1.937500000E1
4.175972580E0,1.937500000E1
4.178596580E0,1.937500000E1
4.181221580E0,1.937500000E1
4.183845580E0,1.937500000E1
4.186470580E0,1.937500000E1
4.189094580E0,1.937500000E1
4.191719580E0,1.937500000E1
4.194343580E0,1.937500000E1
4.196968580E0,1.937500000E1
4.199592580E0,1.937500000E1
4.202217580E0,1.937500000E1
4.204841580E0,1.937500000E1
4.207466580E0,1.937500000E1
4.210090580E0,1.937500000E1
4.212715580E0,1.937500000E1
4.215339580E0,1.937500000E1
4.217964580E0,1.937500000E1
4.220588580E0,1.937500000E1
4.223213580E0,1.937500000E1
4.225837580E0,1.937500000E1
4.228462580E0,1.937500000E1
4.231086580E0,1.937500000E1
4.233711580E0,1.937500000E1
4.236336580E0,1.937500000E1
4.238960580E0,1.937500000E1
4.241585580E0,1.937500000E1
4.244209580E0,1.937500000E1
4.246834580E0,1.937500000E1
4.249458580E0,1.937500000E1
4.252083580E0,1.937500000E1
4.254707580E0,1.937500000E1
4.257332580E0,1.937500000E1
4.259956580E0,1.937500000E1
4.262581580E0,1.937500000E1
4.265205580E0,1.937500000E1
4.267830580E0,1.937500000E1
4.270454580E0,1.937500000E1
4.273079580E0,1.937500000E1
4.275703580E0,1.937500000E1
4.278328580E0,1.937500000E1
4.280952580E0,1.937500000E1
4.283577580E0,1.937500000E1
4.286201580E0,1.937500000E1
4.288826580E0,1.937500000E1
4.291450580E0,1.937500000E1
4.294075580E0,1.937500000E1
4.296699580E0,1.937500000E1
4.299324580E0,1.937500000E1
4.301948580E0,1.937500000E1
4.304573580E0,1.937500000E1
4.307197580E0,1.937500000E1
4.309822580E0,1.937500000E1
4.312446580E0,1.937500000E1
4.315071580E0,1.937500000E1
4.317695580E0,1.937500000E1
4.320320580E0,1.937500000E1
4.322944580E0,1.937500000E1
4.325569580E0,1.937500000E1
4.328193580E0,1.937500000E1
4.330818580E0,1.937500000E1
4.333442580E0,1.937500000E1
4.336067580E0,1.937500000E1
4.338691580E0,1.937500000E1
4.341316580E0,1.937500000E1
4.343940580E0,1.937500000E1
4.346565580E0,1.937500000E1
4.349190580E0,1.937500000E1
4.351814580E0,1.937500000E1
4.354439580E0,1.937500000E1
4.357063580E0,1.937500000E1
4.359688580E0,1.937500000E1
4.362312580E0,1.937500000E1
4.364937580E0,1.937500000E1
4.367561580E0,1.937500000E1
4.370186580E0,1.937500000E1
4.372810580E0,1.937500000E1
4.375435580E0,1.937500000E1
4.378059580E0,1.937500000E1
4.380684580E0,1.937500000E1
4.383308580E0,1.937500000E1
4.385933580E0,1.937500000E1
4.388557580E0,1.937500000E1
4.391182580E0,1.937500000E1
4.393806580E0,1.937500000E1
4.396431580E0,1.937500000E1
4.399055580E0,1.937500000E1
4.401680580E0,1.937500000E1
4.404304580E0,1.937500000E1
4.406929580E0,1.937500000E1
4.409553580E0,1.937500000E1
4.412178580E0,1.937500000E1
4.414802580E0,1.937500000E1
4.417427580E0,1.937500000E1
4.420051580E0,1.937500000E1
4.422676580E0,1.937500000E1
4.425300580E0,1.937500000E1
4.427925580E0,1.937500000E1
4.430549580E0,1.937500000E1
4.433174580E0,1.937500000E1
4.435798580E0,1.937500000E1
4.438423580E0,1.937500000E1
4.441047580E0,1.937500000E1
4.443672580E0,1.937500000E1
4.446296580E0,1.937500000E1
4.448921580E0,1.937500000E1
4.451545580E0,1.937500000E1
4.454170580E0,1.937500000E1
4.456794580E0,1.937500000E1
4.459419580E0,1.937500000E1
4.462044580E0,2.062500000E1
4.464668580E0,2.062500000E1
4.467293580E0,2.062500000E1
4.469917580E0,2.062500000E1
4.472542580E0,2.062500000E1
4.475166580E0,2.062500000E1
4.477791580E0,2.062500000E1
4.480415580E0,2.062500000E1
4.483040580E0,2.062500000E1
4.485664580E0,1.937500000E1
4.488289580E0,1.937500000E1
4.490913580E0,1.937500000E1
4.493538580E0,1.937500000E1
4.496162580E0,1.937500000E1
4.498787580E0,1.937500000E1
4.501411580E0,1.937500000E1
4.504036580E0,1.937500000E1
4.506660580E0,1.937500000E1
4.509285580E0,1.937500000E1
4.511909580E0,1.937500000E1
4.514534580E0,2.062500000E1
4.517158580E0,2.062500000E1
4.519783580E0,2.062500000E1
4.522407580E0,2.062500000E1
4.525032580E0,2.062500000E1
4.527656580E0,2.062500000E1
4.530281580E0,2.062500000E1
4.532905580E0,2.062500000E1
4.535530580E0,2.062500000E1
4.538154580E0,1.937500000E1
4.540779580E0,1.937500000E1
4.543403580E0,1.937500000E1
4.546028580E0,1.937500000E1
4.548652580E0,1.937500000E1
4.551277580E0,1.937500000E1
4.553901580E0,1.937500000E1
4.556526580E0,1.937500000E1
4.559150580E0,1.937500000E1
4.561775580E0,1.937500000E1
4.564399580E0,2.062500000E1
4.567024580E0,2.062500000E1
4.569649580E0,2.062500000E1
4.572273580E0,2.062500000E1
4.574898580E0,2.062500000E1
4.577522580E0,2.062500000E1
4.580147580E0,2.062500000E1
4.582771580E0,2.062500000E1
4.585396580E0,2.062500000E1
4.588020580E0,2.062500000E1
4.590645580E0,1.937500000E1
4.593269580E0,1.937500000E1
4.595894580E0,1.937500000E1
4.598518580E0,1.937500000E1
4.601143580E0,1.937500000E1
4.603767580E0,1.937500000E1
4.606392580E0,1.937500000E1
4.609016580E0,1.937500000E1
4.611641580E0,1.937500000E1
4.614265580E0,1.937500000E1
4.616890580E0,1.937500000E1
4.619514580E0,1.937500000E1
4.622139580E0,1.937500000E1
4.624763580E0,1.937500000E1
4.627388580E0,1.937500000E1
4.630012580E0,1.937500000E1
4.632637580E0,1.937500000E1
4.635261580E0,1.937500000E1
4.637886580E0,1.937500000E1
4.640510580E0,1.937500000E1
4.643135580E0,1.937500000E1
4.645759580E0,1.937500000E1
4.648384580E0,1.937500000E1
4.651008580E0,1.937500000E1
4.653633580E0,1.937500000E1
4.656257580E0,1.937500000E1
4.658882580E0,1.937500000E1
4.661506580E0,1.937500000E1
4.664131580E0,1.937500000E1
4.666755580E0,1.937500000E1
4.669380580E0,1.937500000E1
4.672004580E0,1.937500000E1
4.674629580E0,1.937500000E1
4.677253580E0,1.937500000E1
4.679878580E0,1.937500000E1
4.682503580E0,1.937500000E1
4.685127580E0,1.937500000E1
4.687752580E0,1.937500000E1
4.690376580E0,1.937500000E1
4.693001580E0,1.937500000E1
4.695625580E0,1.937500000E1
4.698250580E0,1.937500000E1
4.700874580E0,1.937500000E1
4.703499580E0,1.937500000E1
4.706123580E0,1.937500000E1
4.708748580E0,1.937500000E1
4.711372580E0,1.937500000E1
4.713997580E0,1.937500000E1
4.716621580E0,1.937500000E1
4.719246580E0,1.937500000E1
4.721870580E0,1.937500000E1
4.724495580E0,1.937500000E1
4.727119580E0,1.937500000E1
4.729744580E0,1.937500000E1
4.732368580E0,1.937500000E1
4.734993580E0,1.937500000E1
4.737617580E0,1.937500000E1
4.740242580E0,1.937500000E1
4.742866580E0,1.937500000E1
4.745491580E0,1.937500000E1
4.748115580E0,1.937500000E1
4.750740580E0,1.937500000E1
4.753364580E0,1.937500000E1
4.755989580E0,1.937500000E1
4.758613580E0,1.937500000E1
4.761238580E0,1.937500000E1
4.763862580E0,1.937500000E1
4.766487580E0,1.937500000E1
4.769111580E0,1.937500000E1
4.771736580E0,1.937500000E1
4.774360580E0,1.937500000E1
4.776985580E0,1.937500000E1
4.779609580E0,1.937500000E1
4.782234580E0,1.937500000E1
4.784858580E0,1.937500000E1
4.787483580E0,1.937500000E1
4.790107580E0,1.937500000E1
4.792732580E0,1.937500000E1
4.795357580E0,1.937500000E1
4.797981580E0,1.937500000E1
4.800606580E0,1.937500000E1
4.803230580E0,1.937500000E1
4.805855580E0,1.937500000E1
4.808479580E0,1.937500000E1
4.811104580E0,1.937500000E1
4.813728580E0,1.937500000E1
4.816353580E0,1.937500000E1
4.818977580E0,1.937500000E1
4.821602580E0,1.937500000E1
4.824226580E0,1.937500000E1
4.826851580E0,1.937500000E1
4.829475580E0,1.937500000E1
4.832100580E0,1.937500000E1
4.834724580E0,1.937500000E1
4.837349580E0,1.937500000E1
4.839973580E0,1.937500000E1
4.842598580E0,1.937500000E1
4.845222580E0,1.937500000E1
4.847847580E0,1.937500000E1
4.850471580E0,1.937500000E1
4.853096580E0,1.937500000E1
4.855720580E0,1.937500000E1
4.858345580E0,1.937500000E1
4.860969580E0,1.937500000E1
4.863594580E0,1.937500000E1
4.866218580E0,1.937500000E1
4.868843580E0,1.937500000E1
4.871467580E0,1.937500000E1
4.874092580E0,1.937500000E1
4.876716580E0,1.937500000E1
4.879341580E0,1.937500000E1
4.881965580E0,1.937500000E1
4.884590580E0,1.937500000E1
4.887214580E0,1.937500000E1
4.889839580E0,1.937500000E1
4.892463580E0,1.937500000E1
4.895088580E0,1.937500000E1
4.897712580E0,1.937500000E1
4.900337580E0,1.937500000E1
4.902961580E0,1.937500000E1
4.905586580E0,1.937500000E1
4.908211580E0,1.937500000E1
4.910835580E0,1.937500000E1
4.913460580E0,1.937500000E1
4.916084580E0,1.937500000E1
4.918709580E0,1.937500000E1
4.921333580E0,1.937500000E1
4.923958580E0,1.937500000E1
4.926582580E0,1.937500000E1
4.929207580E0,1.937500000E1
4.931831580E0,1.937500000E1
4.934456580E0,1.937500000E1
4.937080580E0,1.937500000E1
4.939705580E0,1.937500000E1
4.942329580E0,1.937500000E1
4.944954580E0,2.062500000E1
4.947578580E0,2.062500000E1
4.950203580E0,2.062500000E1
4.952827580E0,2.062500000E1
4.955452580E0,2.062500000E1
4.958076580E0,2.062500000E1
4.960701580E0,2.062500000E1
4.963325580E0,2.062500000E1
4.965950580E0,2.062500000E1
4.968574580E0,2.062500000E1
4.971199580E0,1.937500000E1
4.973823580E0,1.937500000E1
4.976448580E0,1.937500000E1
4.979072580E0,1.937500000E1
4.981697580E0,1.937500000E1
4.984321580E0,1.937500000E1
4.986946580E0,1.937500000E1
4.989570580E0,1.937500000E1
4.992195580E0,1.937500000E1
4.994819580E0,1.937500000E1
4.997444580E0,1.937500000E1
5.000068580E0,1.937500000E1
5.002693580E0,1.937500000E1
5.005317580E0,1.937500000E1
5.007942580E0,1.937500000E1
5.010566580E0,1.937500000E1
5.013191580E0,1.937500000E1
5.015815580E0,1.937500000E1
5.018440580E0,1.937500000E1
5.021065580E0,2.062500000E1
5.023689580E0,2.062500000E1
5.026314580E0,2.062500000E1
5.028938580E0,2.062500000E1
5.031563580E0,2.062500000E1
5.034187580E0,2.062500000E1
5.036812580E0,2.062500000E1
5.039436580E0,2.062500000E1
5.042061580E0,2.062500000E1
5.044685580E0,2.062500000E1
5.047310580E0,2.062500000E1
5.049934580E0,2.062500000E1
5.052559580E0,2.062500000E1
5.055183580E0,2.062500000E1
5.057808580E0,2.062500000E1
5.060432580E0,2.062500000E1
5.063057580E0,2.062500000E1
5.065681580E0,2.062500000E1
5.068306580E0,2.062500000E1
5.070930580E0,2.062500000E1
5.073555580E0,1.937500000E1
5.076179580E0,1.937500000E1
5.078804580E0,1.937500000E1
5.081428580E0,1.937500000E1
5.084053580E0,1.937500000E1
5.086677580E0,1.937500000E1
5.089302580E0,1.937500000E1
5.091926580E0,1.937500000E1
5.094551580E0,1.937500000E1
5.097175580E0,1.937500000E1
5.099800580E0,1.937500000E1
5.102424580E0,1.937500000E1
5.105049580E0,1.937500000E1
5.107673580E0,1.937500000E1
5.110298580E0,1.937500000E1
5.112922580E0,1.937500000E1
5.115547580E0,1.937500000E1
5.118171580E0,1.937500000E1
5.120796580E0,1.937500000E1
5.123420580E0,1.937500000E1
5.126045580E0,1.937500000E1
5.128669580E0,1.937500000E1
5.131294580E0,1.937500000E1
5.133919580E0,1.937500000E1
5.136543580E0,1.937500000E1
5.139168580E0,1.937500000E1
5.141792580E0,1.937500000E1
5.144417580E0,1.937500000E1
5.147041580E0,1.937500000E1
5.149666580E0,1.937500000E1
5.152290580E0,1.937500000E1
5.154915580E0,1.937500000E1
5.157539580E0,1.937500000E1
5.160164580E0,1.937500000E1
5.162788580E0,1.937500000E1
5.165413580E0,1.937500000E1
5.168037580E0,1.937500000E1
5.170662580E0,1.937500000E1
5.173286580E0,1.937500000E1
5.175911580E0,1.937500000E1
5.178535580E0,1.937500000E1
5.181160580E0,1.937500000E1
5.183784580E0,1.937500000E1
5.186409580E0,1.937500000E1
5.189033580E0,1.937500000E1
5.191658580E0,1.937500000E1
5.194282580E0,1.937500000E1
5.196907580E0,1.937500000E1
5.199531580E0,1.937500000E1
5.202156580E0,1.937500000E1
5.204780580E0,1.937500000E1
5.207405580E0,1.937500000E1
5.210029580E0,1.937500000E1
5.212654580E0,1.937500000E1
5.215278580E0,1.937500000E1
5.217903580E0,1.937500000E1
5.220527580E0,1.937500000E1
5.223152580E0,1.937500000E1
5.225776580E0,2.062500000E1
5.228401580E0,2.062500000E1
5.231025580E0,2.062500000E1
5.233650580E0,2.062500000E1
5.236274580E0,2.062500000E1
5.238899580E0,2.062500000E1
5.241524580E0,2.062500000E1
5.244148580E0,2.062500000E1
5.246773580E0,2.062500000E1
5.249397580E0,2.062500000E1
5.252022580E0,1.937500000E1
5.254646580E0,1.937500000E1
5.257271580E0,1.937500000E1
5.259895580E0,1.937500000E1
5.262520580E0,1.937500000E1
5.265144580E0,1.937500000E1
5.267769580E0,1.937500000E1
5.270393580E0,1.937500000E1
5.273018580E0,1.937500000E1
5.275642580E0,1.937500000E1
5.278267580E0,1.937500000E1
5.280891580E0,1.937500000E1
5.283516580E0,1.937500000E1
5.286140580E0,1.937500000E1
5.288765580E0,1.937500000E1
5.291389580E0,1.937500000E1
5.294014580E0,1.937500000E1
5.296638580E0,1.937500000E1
5.299263580E0,1.937500000E1
5.301887580E0,2.062500000E1
5.304512580E0,2.062500000E1
5.307136580E0,2.062500000E1
5.309761580E0,2.062500000E1
5.312385580E0,2.062500000E1
5.315010580E0,2.062500000E1
5.317634580E0,2.062500000E1
5.320259580E0,2.062500000E1
5.322883580E0,2.062500000E1
5.325508580E0,2.062500000E1
5.328132580E0,1.937500000E1
5.330757580E0,1.937500000E1
5.333381580E0,1.937500000E1
5.336006580E0,1.937500000E1
5.338630580E0,1.937500000E1
5.341255580E0,1.937500000E1
5.343879580E0,1.937500000E1
5.346504580E0,1.937500000E1
5.349128580E0,1.937500000E1
5.351753580E0,1.937500000E1
5.354378580E0,1.937500000E1
5.357002580E0,1.937500000E1
5.359627580E0,1.937500000E1
5.362251580E0,1.937500000E1
5.364876580E0,1.937500000E1
5.367500580E0,1.937500000E1
5.370125580E0,1.937500000E1
5.372749580E0,1.937500000E1
5.375374580E0,1.937500000E1
5.377998580E0,1.937500000E1
5.380623580E0,1.937500000E1
5.383247580E0,1.937500000E1
5.385872580E0,1.937500000E1
5.388496580E0,1.937500000E1
5.391121580E0,1.937500000E1
5.393745580E0,1.937500000E1
5.396370580E0,1.937500000E1
5.398994580E0,1.937500000E1
5.401619580E0,1.937500000E1
5.404243580E0,1.937500000E1
5.406868580E0,1.937500000E1
5.409492580E0,1.937500000E1
5.412117580E0,1.937500000E1
5.414741580E0,1.937500000E1
5.417366580E0,1.937500000E1
5.419990580E0,1.937500000E1
5.422615580E0,1.937500000E1
5.425239580E0,1.937500000E1
5.427864580E0,1.937500000E1
5.430488580E0,1.937500000E1
5.433113580E0,1.937500000E1
5.435737580E0,1.937500000E1
5.438362580E0,1.937500000E1
5.440986580E0,1.937500000E1
5.443611580E0,1.937500000E1
5.446235580E0,1.937500000E1
5.448860580E0,1.937500000E1
5.451484580E0,1.937500000E1
5.454109580E0,1.937500000E1
5.456733580E0,1.937500000E1
5.459358580E0,1.937500000E1
5.461982580E0,1.937500000E1
5.464607580E0,1.937500000E1
5.467232580E0,1.937500000E1
5.469856580E0,1.937500000E1
5.472481580E0,1.937500000E1
5.475105580E0,1.937500000E1
5.477730580E0,1.937500000E1
5.480354580E0,2.062500000E1
5.482979580E0,2.062500000E1
5.485603580E0,2.062500000E1
5.488228580E0,2.062500000E1
5.490852580E0,2.062500000E1
5.493477580E0,2.062500000E1
5.496101580E0,2.062500000E1
5.498726580E0,2.062500000E1
5.501350580E0,2.062500000E1
5.503975580E0,2.062500000E1
5.506599580E0,1.937500000E1
5.509224580E0,1.937500000E1
5.511848580E0,1.937500000E1
5.514473580E0,1.937500000E1
5.517097580E0,1.937500000E1
5.519722580E0,1.937500000E1
5.522346580E0,1.937500000E1
5.524971580E0,1.937500000E1
5.527595580E0,1.937500000E1
5.530220580E0,1.937500000E1
5.532844580E0,1.937500000E1
5.535469580E0,1.937500000E1
5.538093580E0,1.937500000E1
5.540718580E0,1.937500000E1
5.543342580E0,1.937500000E1
5.545967580E0,1.937500000E1
5.548591580E0,1.937500000E1
5.551216580E0,1.937500000E1
5.553840580E0,1.937500000E1
5.556465580E0,1.937500000E1
5.559089580E0,1.937500000E1
5.561714580E0,1.937500000E1
5.564338580E0,1.937500000E1
5.566963580E0,1.937500000E1
5.569587580E0,1.937500000E1
5.572212580E0,1.937500000E1
5.574836580E0,1.937500000E1
5.577461580E0,1.937500000E1
5.580086580E0,1.937500000E1
5.582710580E0,1.937500000E1
5.585335580E0,1.937500000E1
5.587959580E0,1.937500000E1
5.590584580E0,1.937500000E1
5.593208580E0,1.937500000E1
5.595833580E0,1.937500000E1
5.598457580E0,1.937500000E1
5.601082580E0,1.937500000E1
5.603706580E0,1.937500000E1
5.606331580E0,1.937500000E1
5.608955580E0,1.937500000E1
5.611580580E0,1.937500000E1
5.614204580E0,1.937500000E1
5.616829580E0,1.937500000E1
5.619453580E0,1.937500000E1
5.622078580E0,1.937500000E1
5.624702580E0,1.937500000E1
5.627327580E0,1.937500000E1
5.629951580E0,1.937500000E1
5.632576580E0,1.937500000E1
5.635200580E0,1.937500000E1
5.637825580E0,1.937500000E1
5.640449580E0,1.937500000E1
5.643074580E0,1.937500000E1
5.645698580E0,1.937500000E1
5.648323580E0,1.937500000E1
5.650947580E0,1.937500000E1
5.653572580E0,1.937500000E1
5.656196580E0,1.937500000E1
5.658821580E0,1.937500000E1
5.661445580E0,1.937500000E1
5.664070580E0,1.937500000E1
5.666694580E0,1.937500000E1
5.669319580E0,1.937500000E1
5.671943580E0,1.937500000E1
5.674568580E0,1.937500000E1
5.677192580E0,1.937500000E1
5.679817580E0,1.937500000E1
5.682441580E0,2.062500000E1
5.685066580E0,2.062500000E1
5.687690580E0,2.062500000E1
5.690315580E0,2.062500000E1
5.692940580E0,2.062500000E1
5.695564580E0,2.062500000E1
5.698189580E0,2.062500000E1
5.700813580E0,2.062500000E1
5.703438580E0,2.062500000E1
5.706062580E0,2.062500000E1
5.708687580E0,2.062500000E1
5.711311580E0,1.937500000E1
5.713936580E0,1.937500000E1
5.716560580E0,1.937500000E1
5.719185580E0,1.937500000E1
5.721809580E0,1.937500000E1
5.724434580E0,1.937500000E1
5.727058580E0,1.937500000E1
5.729683580E0,1.937500000E1
5.732307580E0,1.937500000E1
5.734932580E0,1.937500000E1
5.737556580E0,1.937500000E1
5.740181580E0,1.937500000E1
5.742805580E0,1.937500000E1
5.745430580E0,1.937500000E1
5.748054580E0,1.937500000E1
5.750679580E0,1.937500000E1
5.753303580E0,1.937500000E1
5.755928580E0,1.937500000E1
5.758552580E0,1.937500000E1
5.761177580E0,1.937500000E1
5.763801580E0,1.937500000E1
5.766426580E0,1.937500000E1
5.769050580E0,1.937500000E1
5.771675580E0,1.937500000E1
5.774299580E0,1.937500000E1
5.776924580E0,1.937500000E1
5.779548580E0,1.937500000E1
5.782173580E0,1.937500000E1
5.784797580E0,1.937500000E1
5.787422580E0,1.937500000E1
5.790046580E0,1.937500000E1
5.792671580E0,1.937500000E1
5.795295580E0,1.937500000E1
5.797920580E0,1.937500000E1
5.800544580E0,1.937500000E1
5.803169580E0,1.937500000E1
5.805794580E0,1.937500000E1
5.808418580E0,1.937500000E1
5.811043580E0,1.937500000E1
5.813667580E0,1.937500000E1
5.816292580E0,1.937500000E1
5.818916580E0,1.937500000E1
5.821541580E0,1.937500000E1
5.824165580E0,1.937500000E1
5.826790580E0,1.937500000E1
5.829414580E0,1.937500000E1
5.832039580E0,1.937500000E1
5.834663580E0,1.937500000E1
5.837288580E0,2.062500000E1
5.839912580E0,2.062500000E1
5.842537580E0,2.062500000E1
5.845161580E0,2.062500000E1
5.847786580E0,2.062500000E1
5.850410580E0,2.062500000E1
5.853035580E0,2.062500000E1
5.855659580E0,2.062500000E1
5.858284580E0,2.062500000E1
5.860908580E0,1.937500000E1
5.863533580E0,1.937500000E1
5.866157580E0,1.937500000E1
5.868782580E0,1.937500000E1
5.871406580E0,1.937500000E1
5.874031580E0,1.937500000E1
5.876655580E0,1.937500000E1
5.879280580E0,1.937500000E1
5.881904580E0,1.937500000E1
5.884529580E0,1.937500000E1
5.887153580E0,1.937500000E1
5.889778580E0,1.937500000E1
5.892402580E0,1.937500000E1
5.895027580E0,1.937500000E1
5.897651580E0,1.937500000E1
5.900276580E0,1.937500000E1
5.902900580E0,1.937500000E1
5.905525580E0,1.937500000E1
5.908149580E0,1.937500000E1
5.910774580E0,1.937500000E1
5.913399580E0,1.937500000E1
5.916023580E0,1.937500000E1
5.918648580E0,1.937500000E1
5.921272580E0,1.937500000E1
5.923897580E0,1.937500000E1
5.926521580E0,1.937500000E1
5.929146580E0,1.937500000E1
5.931770580E0,1.937500000E1
5.934395580E0,1.937500000E1
5.937019580E0,1.937500000E1
5.939644580E0,1.937500000E1
5.942268580E0,1.937500000E1
5.944893580E0,1.937500000E1
5.947517580E0,1.937500000E1
5.950142580E0,1.937500000E1
5.952766580E0,1.937500000E1
5.955391580E0,1.937500000E1
5.958015580E0,1.937500000E1
5.960640580E0,1.937500000E1
5.963264580E0,1.937500000E1
5.965889580E0,1.937500000E1
5.968513580E0,1.937500000E1
5.971138580E0,1.937500000E1
5.973762580E0,1.937500000E1
5.976387580E0,1.937500000E1
5.979011580E0,1.937500000E1
5.981636580E0,1.937500000E1
5.984260580E0,1.937500000E1
5.986885580E0,1.937500000E1
5.989509580E0,1.937500000E1
5.992134580E0,1.937500000E1
5.994758580E0,1.937500000E1
5.997383580E0,1.937500000E1
6.000007580E0,1.937500000E1
6.002632580E0,1.937500000E1
6.005256580E0,1.937500000E1
6.007881580E0,1.937500000E1
6.010505580E0,1.937500000E1
6.013130580E0,1.937500000E1
6.015754580E0,2.062500000E1
6.018379580E0,2.062500000E1
6.021003580E0,2.062500000E1
6.023628580E0,2.062500000E1
6.026253580E0,2.062500000E1
6.028877580E0,2.062500000E1
6.031502580E0,2.062500000E1
6.034126580E0,2.062500000E1
6.036751580E0,2.062500000E1
6.039375580E0,2.062500000E1
6.042000580E0,2.062500000E1
6.044624580E0,2.062500000E1
6.047249580E0,2.062500000E1
6.049873580E0,2.062500000E1
6.052498580E0,2.062500000E1
6.055122580E0,2.062500000E1
6.057747580E0,2.062500000E1
6.060371580E0,2.062500000E1
6.062996580E0,2.062500000E1
6.065620580E0,1.937500000E1
6.068245580E0,1.937500000E1
6.070869580E0,1.937500000E1
6.073494580E0,1.937500000E1
6.076118580E0,1.937500000E1
6.078743580E0,1.937500000E1
6.081367580E0,1.937500000E1
6.083992580E0,1.937500000E1
6.086616580E0,1.937500000E1
6.089241580E0,1.937500000E1
6.091865580E0,1.937500000E1
6.094490580E0,1.937500000E1
6.097114580E0,1.937500000E1
6.099739580E0,1.937500000E1
6.102363580E0,1.937500000E1
6.104988580E0,1.937500000E1
6.107612580E0,1.937500000E1
6.110237580E0,1.937500000E1
6.112861580E0,1.937500000E1
6.115486580E0,1.937500000E1
6.118110580E0,1.937500000E1
6.120735580E0,1.937500000E1
6.123359580E0,1.937500000E1
6.125984580E0,1.937500000E1
6.128608580E0,1.937500000E1
6.131233580E0,1.937500000E1
6.133857580E0,1.937500000E1
6.136482580E0,1.937500000E1
6.139107580E0,1.937500000E1
6.141731580E0,1.937500000E1
6.144356580E0,1.937500000E1
6.146980580E0,1.937500000E1
6.149605580E0,1.937500000E1
6.152229580E0,1.937500000E1
6.154854580E0,1.937500000E1
6.157478580E0,1.937500000E1
6.160103580E0,1.937500000E1
6.162727580E0,1.937500000E1
6.165352580E0,1.937500000E1
6.167976580E0,1.937500000E1
6.170601580E0,1.937500000E1
6.173225580E0,1.937500000E1
6.175850580E0,1.937500000E1
6.178474580E0,1.937500000E1
6.181099580E0,1.937500000E1
6.183723580E0,1.937500000E1
6.186348580E0,1.937500000E1
6.188972580E0,1.937500000E1
6.191597580E0,1.937500000E1
6.194221580E0,2.062500000E1
6.196846580E0,2.062500000E1
6.199470580E0,2.062500000E1
6.202095580E0,2.062500000E1
6.204719580E0,2.062500000E1
6.207344580E0,2.062500000E1
6.209968580E0,2.062500000E1
6.212593580E0,2.062500000E1
6.215217580E0,2.062500000E1
6.217842580E0,1.937500000E1
6.220466580E0,1.937500000E1
6.223091580E0,1.937500000E1
6.225715580E0,1.937500000E1
6.228340580E0,1.937500000E1
6.230964580E0,1.937500000E1
6.233589580E0,1.937500000E1
6.236213580E0,1.937500000E1
6.238838580E0,1.937500000E1
6.241462580E0,1.937500000E1
6.244087580E0,1.937500000E1
6.246711580E0,1.937500000E1
6.249336580E0,1.937500000E1
6.251961580E0,1.937500000E1
6.254585580E0,1.937500000E1
6.257210580E0,1.937500000E1
6.259834580E0,1.937500000E1
6.262459580E0,1.937500000E1
6.265083580E0,1.937500000E1
6.267708580E0,1.937500000E1
6.270332580E0,1.937500000E1
6.272957580E0,1.937500000E1
6.275581580E0,1.937500000E1
6.278206580E0,1.937500000E1
6.280830580E0,1.937500000E1
6.283455580E0,1.937500000E1
6.286079580E0,1.937500000E1
6.288704580E0,1.937500000E1
6.291328580E0,1.937500000E1
6.293953580E0,1.937500000E1
6.296577580E0,1.937500000E1
6.299202580E0,1.937500000E1
6.301826580E0,1.937500000E1
6.304451580E0,1.937500000E1
6.307075580E0,1.937500000E1
6.309700580E0,1.937500000E1
6.312324580E0,1.937500000E1
6.314949580E0,1.937500000E1
6.317573580E0,1.937500000E1
6.320198580E0,1.937500000E1
6.322822580E0,1.937500000E1
6.325447580E0,1.937500000E1
6.328071580E0,1.937500000E1
6.330696580E0,1.937500000E1
6.333320580E0,1.937500000E1
6.335945580E0,1.937500000E1
6.338569580E0,1.937500000E1
6.341194580E0,1.937500000E1
6.343818580E0,1.937500000E1
6.346443580E0,1.937500000E1
6.349067580E0,1.937500000E1
6.351692580E0,1.937500000E1
6.354316580E0,1.937500000E1
6.356941580E0,1.937500000E1
6.359565580E0,1.937500000E1
6.362190580E0,1.937500000E1
6.364815580E0,1.937500000E1
6.367439580E0,1.937500000E1
6.370064580E0,1.937500000E1
6.372688580E0,1.937500000E1
6.375313580E0,1.937500000E1
6.377937580E0,1.937500000E1
6.380562580E0,1.937500000E1
6.383186580E0,1.937500000E1
6.385811580E0,1.937500000E1
6.388435580E0,1.937500000E1
6.391060580E0,1.937500000E1
6.393684580E0,1.937500000E1
6.396309580E0,1.937500000E1
6.398933580E0,1.937500000E1
6.401558580E0,1.937500000E1
6.404182580E0,1.937500000E1
6.406807580E0,1.937500000E1
6.409431580E0,1.937500000E1
6.412056580E0,1.937500000E1
6.414680580E0,1.937500000E1
6.417305580E0,1.937500000E1
6.419929580E0,1.937500000E1
6.422554580E0,1.937500000E1
6.425178580E0,1.937500000E1
6.427803580E0,1.937500000E1
6.430427580E0,1.937500000E1
6.433052580E0,1.937500000E1
6.435676580E0,1.937500000E1
6.438301580E0,1.937500000E1
6.440925580E0,1.937500000E1
6.443550580E0,1.937500000E1
6.446174580E0,1.937500000E1
6.448799580E0,1.937500000E1
6.451423580E0,1.937500000E1
6.454048580E0,1.937500000E1
6.456672580E0,1.937500000E1
6.459297580E0,1.937500000E1
6.461921580E0,1.937500000E1
6.464546580E0,1.937500000E1
6.467170580E0,1.937500000E1
6.469795580E0,1.937500000E1
6.472419580E0,1.937500000E1
6.475044580E0,1.937500000E1
6.477669580E0,1.937500000E1
6.480293580E0,1.937500000E1
6.482918580E0,1.937500000E1
6.485542580E0,1.937500000E1
6.488167580E0,1.937500000E1
6.490791580E0,1.937500000E1
6.493416580E0,1.937500000E1
6.496040580E0,1.937500000E1
6.498665580E0,1.937500000E1
6.501289580E0,1.937500000E1
6.503914580E0,1.937500000E1
6.506538580E0,1.937500000E1
6.509163580E0,1.937500000E1
6.511787580E0,1.937500000E1
6.514412580E0,1.937500000E1
6.517036580E0,1.937500000E1
6.519661580E0,1.937500000E1
6.522285580E0,1.937500000E1
6.524910580E0,1.937500000E1
6.527534580E0,1.937500000E1
6.530159580E0,1.937500000E1
6.532783580E0,1.937500000E1
6.535408580E0,1.937500000E1
6.538032580E0,1.937500000E1
6.540657580E0,1.937500000E1
6.543281580E0,1.937500000E1
6.545906580E0,1.937500000E1
6.548530580E0,1.937500000E1
6.551155580E0,2.062500000E1
6.553779580E0,2.062500000E1
6.556404580E0,2.062500000E1
6.559028580E0,2.062500000E1
6.561653580E0,2.062500000E1
6.564277580E0,2.062500000E1
6.566902580E0,2.062500000E1
6.569526580E0,2.062500000E1
6.572151580E0,2.062500000E1
6.574775580E0,1.937500000E1
6.577400580E0,1.937500000E1
6.580024580E0,1.937500000E1
6.582649580E0,1.937500000E1
6.585261580E0,1.937500000E1
6.587886580E0,1.937500000E1
6.590510580E0,1.937500000E1
6.593135580E0,1.937500000E1
6.595759580E0,1.937500000E1
6.598384580E0,1.937500000E1
6.601008580E0,1.937500000E1
6.603633580E0,1.937500000E1
6.606257580E0,1.937500000E1
6.608882580E0,1.937500000E1
6.611506580E0,1.937500000E1
6.614131580E0,1.937500000E1
6.616755580E0,1.937500000E1
6.619380580E0,1.937500000E1
6.622004580E0,1.937500000E1
6.624629580E0,1.937500000E1
6.627253580E0,1.937500000E1
6.629878580E0,1.937500000E1
6.632502580E0,1.937500000E1
6.635127580E0,1.937500000E1
6.637751580E0,1.937500000E1
6.640376580E0,1.937500000E1
6.643000580E0,1.937500000E1
6.645625580E0,1.937500000E1
6.648249580E0,1.937500000E1
6.650874580E0,1.937500000E1
6.653498580E0,1.937500000E1
6.656123580E0,1.937500000E1
6.658747580E0,1.937500000E1
6.661372580E0,1.937500000E1
6.663996580E0,1.937500000E1
6.666621580E0,1.937500000E1
6.669245580E0,1.937500000E1
6.671870580E0,1.937500000E1
6.674494580E0,1.937500000E1
6.677119580E0,1.937500000E1
6.679743580E0,1.937500000E1
6.682368580E0,1.937500000E1
6.684993580E0,1.937500000E1
6.687617580E0,1.937500000E1
6.690242580E0,1.937500000E1
6.692866580E0,1.937500000E1
6.695491580E0,1.937500000E1
6.698115580E0,1.937500000E1
6.700740580E0,1.937500000E1
6.703364580E0,1.937500000E1
6.705989580E0,1.937500000E1
6.708613580E0,1.937500000E1
6.711238580E0,1.937500000E1
6.713862580E0,1.937500000E1
6.716487580E0,1.937500000E1
6.719111580E0,1.937500000E1
6.721736580E0,1.937500000E1
6.724360580E0,1.937500000E1
6.726985580E0,1.937500000E1
6.729609580E0,1.937500000E1
6.732234580E0,1.937500000E1
6.734858580E0,1.937500000E1
6.737483580E0,1.937500000E1
6.740107580E0,1.937500000E1
6.742732580E0,1.937500000E1
6.745356580E0,1.937500000E1
6.747981580E0,1.937500000E1
6.750605580E0,1.937500000E1
6.753230580E0,1.937500000E1
6.755854580E0,1.937500000E1
6.758479580E0,1.937500000E1
6.761103580E0,1.937500000E1
6.763728580E0,1.937500000E1
6.766352580E0,1.937500000E1
6.768977580E0,1.937500000E1
6.771601580E0,1.937500000E1
6.774226580E0,1.937500000E1
6.776850580E0,1.937500000E1
6.779475580E0,1.937500000E1
6.782099580E0,1.937500000E1
6.784724580E0,1.937500000E1
6.787348580E0,1.937500000E1
6.789973580E0,1.937500000E1
6.792598580E0,1.937500000E1
6.795222580E0,1.937500000E1
6.797847580E0,1.937500000E1
6.800471580E0,1.937500000E1
6.803096580E0,1.937500000E1
6.805720580E0,1.937500000E1
6.808345580E0,1.937500000E1
6.810969580E0,1.937500000E1
6.813594580E0,1.937500000E1
6.816218580E0,1.937500000E1
6.818843580E0,1.937500000E1
6.821467580E0,1.937500000E1
6.824092580E0,1.937500000E1
6.826716580E0,1.937500000E1
6.829341580E0,1.937500000E1
6.831965580E0,1.937500000E1
6.834590580E0,1.937500000E1
6.837214580E0,1.937500000E1
6.839839580E0,1.937500000E1
6.842463580E0,1.937500000E1
6.845088580E0,1.937500000E1
6.847712580E0,1.937500000E1
6.850337580E0,1.937500000E1
6.852961580E0,1.937500000E1
6.855586580E0,1.937500000E1
6.858210580E0,1.937500000E1
6.860835580E0,1.937500000E1
6.863459580E0,1.937500000E1
6.866084580E0,1.937500000E1
6.868708580E0,1.937500000E1
6.871333580E0,1.937500000E1
6.873957580E0,1.937500000E1
6.876582580E0,1.937500000E1
6.879206580E0,1.937500000E1
6.881831580E0,1.937500000E1
6.884455580E0,1.937500000E1
6.887080580E0,1.937500000E1
6.889704580E0,1.937500000E1
6.892329580E0,1.937500000E1
6.894953580E0,1.937500000E1
6.897578580E0,1.937500000E1
6.900202580E0,1.937500000E1
6.902827580E0,1.937500000E1
6.905452580E0,1.937500000E1
6.908076580E0,1.937500000E1
6.910701580E0,1.937500000E1
6.913325580E0,1.937500000E1
6.915950580E0,1.937500000E1
6.918574580E0,1.937500000E1
6.921199580E0,1.937500000E1
6.923823580E0,1.937500000E1
6.926448580E0,1.937500000E1
6.929072580E0,1.937500000E1
6.931697580E0,1.937500000E1
6.934321580E0,1.937500000E1
6.936946580E0,1.937500000E1
6.939570580E0,1.937500000E1
6.942195580E0,1.937500000E1
6.944819580E0,1.937500000E1
6.947444580E0,1.937500000E1
6.950068580E0,1.937500000E1
6.952693580E0,1.937500000E1
6.955317580E0,1.937500000E1
6.957942580E0,1.937500000E1
6.960566580E0,1.937500000E1
6.963191580E0,1.937500000E1
6.965815580E0,1.937500000E1
6.968440580E0,1.937500000E1
6.971064580E0,1.937500000E1
6.973689580E0,1.937500000E1
6.976313580E0,1.937500000E1
6.978938580E0,1.937500000E1
6.981562580E0,1.937500000E1
6.984187580E0,1.937500000E1
6.986811580E0,1.937500000E1
6.989436580E0,1.937500000E1
6.992060580E0,1.937500000E1
6.994685580E0,1.937500000E1
6.997309580E0,1.937500000E1
6.999934580E0,1.937500000E1
7.002558580E0,1.937500000E1
7.005183580E0,1.937500000E1
7.007807580E0,1.937500000E1
7.010432580E0,1.937500000E1
7.013056580E0,1.937500000E1
7.015681580E0,1.937500000E1
7.018306580E0,1.937500000E1
7.020930580E0,1.937500000E1
7.023555580E0,1.937500000E1
7.026179580E0,1.937500000E1
7.028804580E0,1.937500000E1
7.031428580E0,1.937500000E1
7.034053580E0,2.062500000E1
7.036677580E0,2.062500000E1
7.039302580E0,2.062500000E1
7.041926580E0,2.062500000E1
7.044551580E0,2.062500000E1
7.047175580E0,2.062500000E1
7.049800580E0,2.062500000E1
7.052424580E0,2.062500000E1
7.055049580E0,2.062500000E1
7.057673580E0,1.937500000E1
7.060298580E0,1.937500000E1
7.062922580E0,1.937500000E1
7.065547580E0,1.937500000E1
7.068171580E0,1.937500000E1
7.070796580E0,1.937500000E1
7.073420580E0,1.937500000E1
7.076045580E0,1.937500000E1
7.078669580E0,1.937500000E1
7.081294580E0,1.937500000E1
7.083918580E0,1.937500000E1
7.086543580E0,1.937500000E1
7.089167580E0,1.937500000E1
7.091792580E0,1.937500000E1
7.094416580E0,1.937500000E1
7.097041580E0,1.937500000E1
7.099665580E0,1.937500000E1
7.102290580E0,1.937500000E1
7.104914580E0,1.937500000E1
7.107539580E0,1.937500000E1
7.110163580E0,1.937500000E1
7.112788580E0,1.937500000E1
7.115412580E0,1.937500000E1
7.118037580E0,1.937500000E1
7.120661580E0,1.937500000E1
7.123286580E0,1.937500000E1
7.125910580E0,1.937500000E1
7.128535580E0,1.937500000E1
7.131160580E0,1.937500000E1
7.133784580E0,1.937500000E1
7.136409580E0,1.937500000E1
7.139033580E0,1.937500000E1
7.141658580E0,1.937500000E1
7.144282580E0,1.937500000E1
7.146907580E0,1.937500000E1
7.149531580E0,1.937500000E1
7.152156580E0,1.937500000E1
7.154780580E0,1.937500000E1
7.157405580E0,1.937500000E1
7.160029580E0,1.937500000E1
7.162654580E0,1.937500000E1
7.165278580E0,1.937500000E1
7.167903580E0,1.937500000E1
7.170527580E0,1.937500000E1
7.173152580E0,1.937500000E1
7.175776580E0,1.937500000E1
7.178401580E0,1.937500000E1
7.181025580E0,1.937500000E1
7.183650580E0,1.937500000E1
7.186274580E0,1.937500000E1
7.188899580E0,1.937500000E1
7.191523580E0,1.937500000E1
7.194148580E0,1.937500000E1
7.196772580E0,1.937500000E1
7.199397580E0,1.937500000E1
7.202021580E0,1.937500000E1
7.204646580E0,1.937500000E1
7.207270580E0,1.937500000E1
7.209895580E0,1.937500000E1
7.212519580E0,1.937500000E1
7.215144580E0,1.937500000E1
7.217768580E0,1.937500000E1
7.220393580E0,1.937500000E1
7.223017580E0,1.937500000E1
7.225642580E0,1.937500000E1
7.228266580E0,1.937500000E1
7.230891580E0,1.937500000E1
7.233515580E0,1.937500000E1
7.236140580E0,1.937500000E1
7.238764580E0,1.937500000E1
7.241389580E0,1.937500000E1
7.244014580E0,1.937500000E1
7.246638580E0,1.937500000E1
7.249263580E0,1.937500000E1
7.251887580E0,1.937500000E1
7.254512580E0,1.937500000E1
7.257136580E0,1.937500000E1
7.259761580E0,1.937500000E1
7.262385580E0,1.937500000E1
7.265010580E0,1.937500000E1
7.267634580E0,1.937500000E1
7.270259580E0,1.937500000E1
7.272883580E0,1.937500000E1
7.275508580E0,1.937500000E1
7.278132580E0,1.937500000E1
7.280757580E0,1.937500000E1
7.283381580E0,1.937500000E1
7.286006580E0,1.937500000E1
7.288630580E0,1.937500000E1
7.291255580E0,1.937500000E1
7.293879580E0,1.937500000E1
7.296504580E0,1.937500000E1
7.299128580E0,1.937500000E1
7.301753580E0,1.937500000E1
7.304377580E0,1.937500000E1
7.307002580E0,1.937500000E1
7.309626580E0,1.937500000E1
7.312251580E0,1.937500000E1
7.314875580E0,1.937500000E1
7.317500580E0,1.937500000E1
7.320124580E0,1.937500000E1
7.322749580E0,1.937500000E1
7.325373580E0,1.937500000E1
7.327998580E0,1.937500000E1
7.330622580E0,1.937500000E1
7.333247580E0,1.937500000E1
7.335871580E0,1.937500000E1
7.338496580E0,1.937500000E1
7.341120580E0,1.937500000E1
7.343745580E0,1.937500000E1
7.346369580E0,1.937500000E1
7.348994580E0,1.937500000E1
7.351618580E0,1.937500000E1
7.354243580E0,1.937500000E1
7.356868580E0,1.937500000E1
7.359492580E0,1.937500000E1
7.362117580E0,1.937500000E1
7.364741580E0,1.937500000E1
7.367366580E0,1.937500000E1
7.369990580E0,1.937500000E1
7.372615580E0,1.937500000E1
7.375239580E0,1.937500000E1
7.377864580E0,1.937500000E1
7.380488580E0,1.937500000E1
7.383113580E0,1.937500000E1
7.385737580E0,1.937500000E1
7.388362580E0,1.937500000E1
7.390986580E0,1.937500000E1
7.393611580E0,1.937500000E1
7.396235580E0,1.937500000E1
7.398860580E0,1.937500000E1
7.401484580E0,1.937500000E1
7.404109580E0,1.937500000E1
7.406733580E0,1.937500000E1
7.409358580E0,1.937500000E1
7.411982580E0,1.937500000E1
7.414607580E0,1.937500000E1
7.417231580E0,1.937500000E1
7.419856580E0,1.937500000E1
7.422480580E0,1.937500000E1
7.425105580E0,1.937500000E1
7.427729580E0,1.937500000E1
7.430354580E0,1.937500000E1
7.432978580E0,1.937500000E1
7.435603580E0,1.937500000E1
7.438227580E0,1.937500000E1
7.440852580E0,1.937500000E1
7.443476580E0,1.937500000E1
7.446101580E0,1.937500000E1
7.448725580E0,1.937500000E1
7.451350580E0,1.937500000E1
7.453974580E0,1.937500000E1
7.456599580E0,1.937500000E1
7.459223580E0,1.937500000E1
7.461848580E0,1.937500000E1
7.464473580E0,1.937500000E1
7.467097580E0,1.937500000E1
7.469722580E0,1.937500000E1
7.472346580E0,1.937500000E1
7.474971580E0,1.937500000E1
7.477595580E0,1.937500000E1
7.480220580E0,1.937500000E1
7.482844580E0,1.937500000E1
7.485469580E0,1.937500000E1
7.488093580E0,1.937500000E1
7.490718580E0,1.937500000E1
7.493342580E0,1.937500000E1
7.495967580E0,1.937500000E1
7.498591580E0,1.937500000E1
7.501216580E0,1.937500000E1
7.503840580E0,1.937500000E1
7.506465580E0,1.937500000E1
7.509089580E0,1.937500000E1
7.511714580E0,1.937500000E1
7.514338580E0,1.937500000E1
7.516963580E0,1.937500000E1
7.519587580E0,1.937500000E1
7.522212580E0,1.937500000E1
7.524836580E0,1.937500000E1
7.527461580E0,1.937500000E1
7.530085580E0,1.937500000E1
7.532710580E0,1.937500000E1
7.535334580E0,1.937500000E1
7.537959580E0,1.937500000E1
7.540583580E0,1.937500000E1
7.543208580E0,1.937500000E1
7.545832580E0,1.937500000E1
7.548457580E0,1.937500000E1
7.551081580E0,1.937500000E1
7.553706580E0,1.937500000E1
7.556330580E0,1.937500000E1
7.558955580E0,1.937500000E1
7.561579580E0,1.937500000E1
7.564204580E0,1.937500000E1
7.566828580E0,1.937500000E1
7.569453580E0,1.937500000E1
7.572077580E0,1.937500000E1
7.574702580E0,1.937500000E1
7.577327580E0,1.937500000E1
7.579951580E0,1.937500000E1
7.582576580E0,1.937500000E1
7.585200580E0,1.937500000E1
7.587825580E0,1.937500000E1
7.590449580E0,1.937500000E1
7.593074580E0,1.937500000E1
7.595698580E0,1.937500000E1
7.598323580E0,1.937500000E1
7.600947580E0,1.937500000E1
7.603572580E0,1.937500000E1
7.606196580E0,1.937500000E1
7.608821580E0,1.937500000E1
7.611445580E0,1.937500000E1
7.614070580E0,1.937500000E1
7.616694580E0,1.937500000E1
7.619319580E0,1.937500000E1
7.621943580E0,1.937500000E1
7.624568580E0,1.937500000E1
7.627192580E0,1.937500000E1
7.629817580E0,1.937500000E1
7.632441580E0,1.937500000E1
7.635066580E0,1.937500000E1
7.637690580E0,1.937500000E1
7.640315580E0,1.937500000E1
7.642939580E0,1.937500000E1
7.645564580E0,1.937500000E1
7.648188580E0,1.937500000E1
7.650813580E0,1.937500000E1
7.653437580E0,1.937500000E1
7.656062580E0,1.937500000E1
7.658686580E0,1.937500000E1
7.661311580E0,1.937500000E1
7.663935580E0,1.937500000E1
7.666560580E0,1.937500000E1
7.669184580E0,1.937500000E1
7.671809580E0,1.937500000E1
7.674433580E0,1.937500000E1
7.677058580E0,1.937500000E1
7.679682580E0,1.937500000E1
7.682307580E0,1.937500000E1
7.684931580E0,1.937500000E1
7.687556580E0,1.937500000E1
7.690181580E0,1.937500000E1
7.692805580E0,1.937500000E1
7.695430580E0,1.937500000E1
7.698054580E0,1.937500000E1
7.700679580E0,1.937500000E1
7.703303580E0,1.937500000E1
7.705928580E0,1.937500000E1
7.708552580E0,1.937500000E1
7.711177580E0,1.937500000E1
7.713801580E0,1.937500000E1
7.716426580E0,1.937500000E1
7.719050580E0,1.937500000E1
7.721675580E0,1.937500000E1
7.724299580E0,1.937500000E1
7.726924580E0,1.937500000E1
7.729548580E0,1.937500000E1
7.732173580E0,1.937500000E1
7.734797580E0,1.937500000E1
7.737422580E0,1.937500000E1
7.740046580E0,1.937500000E1
7.742671580E0,1.937500000E1
7.745295580E0,1.937500000E1
7.747920580E0,1.937500000E1
7.750544580E0,1.937500000E1
7.753169580E0,1.937500000E1
7.755793580E0,1.937500000E1
7.758418580E0,1.937500000E1
7.761042580E0,1.937500000E1
7.763667580E0,1.937500000E1
7.766291580E0,1.937500000E1
7.768916580E0,1.937500000E1
7.771540580E0,1.937500000E1
7.774165580E0,1.937500000E1
7.776789580E0,1.937500000E1
7.779414580E0,1.937500000E1
7.782038580E0,1.937500000E1
7.784663580E0,1.937500000E1
7.787287580E0,1.937500000E1
7.789912580E0,1.937500000E1
7.792536580E0,1.937500000E1
7.795161580E0,1.937500000E1
7.797785580E0,1.937500000E1
7.800410580E0,1.937500000E1
7.803035580E0,1.937500000E1
7.805659580E0,1.937500000E1
7.808284580E0,1.937500000E1
7.810908580E0,1.937500000E1
7.813533580E0,1.937500000E1
7.816157580E0,1.937500000E1
7.818782580E0,1.937500000E1
7.821406580E0,1.937500000E1
7.824031580E0,2.062500000E1
7.826655580E0,2.062500000E1
7.829280580E0,2.062500000E1
7.831904580E0,2.062500000E1
7.834529580E0,2.062500000E1
7.837153580E0,2.062500000E1
7.839778580E0,2.062500000E1
7.842402580E0,2.062500000E1
7.845027580E0,2.062500000E1
7.847651580E0,1.937500000E1
7.850276580E0,1.937500000E1
7.852900580E0,1.937500000E1
7.855525580E0,1.937500000E1
7.858149580E0,1.937500000E1
7.860774580E0,1.937500000E1
7.863398580E0,1.937500000E1
7.866023580E0,1.937500000E1
7.868647580E0,1.937500000E1
7.871272580E0,1.937500000E1
7.873896580E0,1.937500000E1
7.876521580E0,1.937500000E1
7.879145580E0,1.937500000E1
7.881770580E0,1.937500000E1
7.884394580E0,1.937500000E1
7.887019580E0,1.937500000E1
7.889643580E0,1.937500000E1
7.892268580E0,1.937500000E1
7.894892580E0,1.937500000E1
7.897517580E0,1.937500000E1
7.900141580E0,1.937500000E1
7.902766580E0,1.937500000E1
7.905390580E0,1.937500000E1
7.908015580E0,1.937500000E1
7.910639580E0,1.937500000E1
7.913264580E0,1.937500000E1
7.915889580E0,1.937500000E1
7.918513580E0,1.937500000E1
7.921138580E0,1.937500000E1
7.923762580E0,1.937500000E1
7.926387580E0,1.937500000E1
7.929011580E0,1.937500000E1
7.931636580E0,1.937500000E1
7.934260580E0,1.937500000E1
7.936885580E0,1.937500000E1
7.939509580E0,1.937500000E1
7.942134580E0,1.937500000E1
7.944758580E0,1.937500000E1
7.947383580E0,1.937500000E1
7.950007580E0,1.937500000E1
7.952632580E0,1.937500000E1
7.955256580E0,1.937500000E1
7.957881580E0,1.937500000E1
7.960505580E0,1.937500000E1
7.963130580E0,1.937500000E1
7.965754580E0,1.937500000E1
7.968379580E0,1.937500000E1
7.971003580E0,1.937500000E1
7.973628580E0,1.937500000E1
7.976252580E0,1.937500000E1
7.978877580E0,1.937500000E1
7.981501580E0,1.937500000E1
7.984126580E0,1.937500000E1
7.986750580E0,1.937500000E1
7.989375580E0,1.937500000E1
7.991999580E0,1.937500000E1
7.994624580E0,1.937500000E1
7.997248580E0,1.937500000E1
7.999873580E0,1.937500000E1
8.002497580E0,1.937500000E1
8.005122580E0,1.937500000E1
8.007746580E0,1.937500000E1
8.010371580E0,1.937500000E1
8.012995580E0,1.937500000E1
8.015620580E0,1.937500000E1
8.018244580E0,1.937500000E1
8.020869580E0,1.937500000E1
8.023493580E0,1.937500000E1
8.026118580E0,1.937500000E1
8.028743580E0,1.937500000E1
8.031367580E0,1.937500000E1
8.033992580E0,1.937500000E1
8.036616580E0,1.937500000E1
8.039241580E0,1.937500000E1
8.041865580E0,1.937500000E1
8.044490580E0,1.937500000E1
8.047114580E0,1.937500000E1
8.049739580E0,1.937500000E1
8.052363580E0,1.937500000E1
8.054988580E0,1.937500000E1
8.057612580E0,1.937500000E1
8.060237580E0,1.937500000E1
8.062861580E0,1.937500000E1
8.065486580E0,1.937500000E1
8.068110580E0,1.937500000E1
8.070735580E0,1.937500000E1
8.073359580E0,1.937500000E1
8.075984580E0,2.062500000E1
8.078608580E0,2.062500000E1
8.081233580E0,2.062500000E1
8.083857580E0,2.062500000E1
8.086482580E0,2.062500000E1
8.089106580E0,2.062500000E1
8.091731580E0,2.062500000E1
8.094355580E0,2.062500000E1
8.096980580E0,2.062500000E1
8.099604580E0,2.062500000E1
8.102229580E0,1.937500000E1
8.104853580E0,1.937500000E1
8.107478580E0,1.937500000E1
8.110102580E0,1.937500000E1
8.112727580E0,1.937500000E1
8.115351580E0,1.937500000E1
8.117976580E0,1.937500000E1
8.120600580E0,1.937500000E1
8.123225580E0,1.937500000E1
8.125849580E0,1.937500000E1
8.128474580E0,1.937500000E1
8.131098580E0,1.937500000E1
8.133723580E0,1.937500000E1
8.136348580E0,1.937500000E1
8.138972580E0,1.937500000E1
8.141597580E0,1.937500000E1
8.144221580E0,1.937500000E1
8.146846580E0,1.937500000E1
8.149470580E0,1.937500000E1
8.152095580E0,1.937500000E1
8.154719580E0,1.937500000E1
8.157344580E0,1.937500000E1
8.159968580E0,1.937500000E1
8.162593580E0,1.937500000E1
8.165217580E0,1.937500000E1
8.167842580E0,1.937500000E1
8.170466580E0,1.937500000E1
8.173091580E0,1.937500000E1
8.175715580E0,1.937500000E1
8.178340580E0,1.937500000E1
8.180964580E0,1.937500000E1
8.183589580E0,1.937500000E1
8.186213580E0,1.937500000E1
8.188838580E0,1.937500000E1
8.191462580E0,1.937500000E1
8.194087580E0,1.937500000E1
8.196711580E0,1.937500000E1
8.199336580E0,1.937500000E1
8.201960580E0,1.937500000E1
8.204585580E0,1.937500000E1
8.207209580E0,1.937500000E1
8.209834580E0,1.937500000E1
8.212458580E0,1.937500000E1
8.215083580E0,1.937500000E1
8.217707580E0,1.937500000E1
8.220332580E0,1.937500000E1
8.222956580E0,1.937500000E1
8.225581580E0,1.937500000E1
8.228205580E0,1.937500000E1
8.230830580E0,1.937500000E1
8.233454580E0,1.937500000E1
8.236079580E0,1.937500000E1
8.238703580E0,1.937500000E1
8.241328580E0,1.937500000E1
8.243952580E0,1.937500000E1
8.246577580E0,1.937500000E1
8.249202580E0,1.937500000E1
8.251826580E0,1.937500000E1
8.254451580E0,1.937500000E1
8.257075580E0,1.937500000E1
8.259700580E0,1.937500000E1
8.262324580E0,1.937500000E1
8.264949580E0,1.937500000E1
8.267573580E0,1.937500000E1
8.270198580E0,1.937500000E1
8.272822580E0,1.937500000E1
8.275447580E0,1.937500000E1
8.278071580E0,1.937500000E1
8.280696580E0,1.937500000E1
8.283320580E0,1.937500000E1
8.285945580E0,1.937500000E1
8.288569580E0,1.937500000E1
8.291194580E0,1.937500000E1
8.293818580E0,1.937500000E1
8.296443580E0,1.937500000E1
8.299067580E0,1.937500000E1
8.301692580E0,1.937500000E1
8.304316580E0,1.937500000E1
8.306941580E0,1.937500000E1
8.309565580E0,1.937500000E1
8.312190580E0,1.937500000E1
8.314814580E0,1.937500000E1
8.317439580E0,1.937500000E1
8.320063580E0,1.937500000E1
8.322688580E0,1.937500000E1
8.325312580E0,1.937500000E1
8.327937580E0,1.937500000E1
8.330561580E0,1.937500000E1
8.333186580E0,2.062500000E1
8.335810580E0,2.062500000E1
8.338435580E0,2.062500000E1
8.341059580E0,2.062500000E1
8.343684580E0,2.062500000E1
8.346308580E0,2.062500000E1
8.348933580E0,2.062500000E1
8.351557580E0,2.062500000E1
8.354182580E0,2.062500000E1
8.356806580E0,1.937500000E1
8.359431580E0,1.937500000E1
8.362056580E0,1.937500000E1
8.364680580E0,1.937500000E1
8.367305580E0,1.937500000E1
8.369929580E0,1.937500000E1
8.372554580E0,1.937500000E1
8.375178580E0,1.937500000E1
8.377803580E0,1.937500000E1
8.380427580E0,1.937500000E1
8.383052580E0,1.937500000E1
8.385676580E0,1.937500000E1
8.388301580E0,1.937500000E1
8.390925580E0,1.937500000E1
8.393550580E0,1.937500000E1
8.396174580E0,1.937500000E1
8.398799580E0,1.937500000E1
8.401423580E0,1.937500000E1
8.404048580E0,1.937500000E1
8.406672580E0,1.937500000E1
8.409297580E0,1.937500000E1
8.411921580E0,1.937500000E1
8.414546580E0,1.937500000E1
8.417170580E0,1.937500000E1
8.419795580E0,1.937500000E1
8.422419580E0,1.937500000E1
8.425044580E0,1.937500000E1
8.427668580E0,1.937500000E1
8.430293580E0,1.937500000E1
8.432917580E0,1.937500000E1
8.435542580E0,1.937500000E1
8.438166580E0,1.937500000E1
8.440791580E0,1.937500000E1
8.443415580E0,1.937500000E1
8.446040580E0,1.937500000E1
8.448664580E0,1.937500000E1
8.451289580E0,1.937500000E1
8.453913580E0,1.937500000E1
8.456538580E0,1.937500000E1
8.459162580E0,1.937500000E1
8.461787580E0,1.937500000E1
8.464411580E0,1.937500000E1
8.467036580E0,1.937500000E1
8.469660580E0,1.937500000E1
8.472285580E0,1.937500000E1
8.474910580E0,1.937500000E1
8.477534580E0,1.937500000E1
8.480159580E0,1.937500000E1
8.482783580E0,1.937500000E1
8.485408580E0,1.937500000E1
8.488032580E0,1.937500000E1
8.490657580E0,1.937500000E1
8.493281580E0,1.937500000E1
8.495906580E0,1.937500000E1
8.498530580E0,1.937500000E1
8.501155580E0,1.937500000E1
8.503779580E0,1.937500000E1
8.506404580E0,1.937500000E1
8.509028580E0,1.937500000E1
8.511653580E0,1.937500000E1
8.514277580E0,1.937500000E1
8.516902580E0,1.937500000E1
8.519526580E0,1.937500000E1
8.522151580E0,1.937500000E1
8.524775580E0,1.937500000E1
8.527400580E0,1.937500000E1
8.530024580E0,1.937500000E1
8.532649580E0,1.937500000E1
8.535273580E0,1.937500000E1
8.537898580E0,1.937500000E1
8.540522580E0,1.937500000E1
8.543147580E0,1.937500000E1
8.545771580E0,1.937500000E1
8.548396580E0,1.937500000E1
8.551020580E0,1.937500000E1
8.553645580E0,1.937500000E1
8.556269580E0,1.937500000E1
8.558894580E0,1.937500000E1
8.561518580E0,1.937500000E1
8.564143580E0,1.937500000E1
8.566767580E0,1.937500000E1
8.569392580E0,1.937500000E1
8.572016580E0,1.937500000E1
8.574641580E0,1.937500000E1
8.577265580E0,1.937500000E1
8.579890580E0,1.937500000E1
8.582514580E0,1.937500000E1
8.585139580E0,1.937500000E1
8.587764580E0,1.937500000E1
8.590388580E0,1.937500000E1
8.593013580E0,1.937500000E1
8.595637580E0,1.937500000E1
8.598262580E0,1.937500000E1
8.600886580E0,1.937500000E1
8.603511580E0,1.937500000E1
8.606135580E0,1.937500000E1
8.608760580E0,1.937500000E1
8.611384580E0,1.937500000E1
8.614009580E0,1.937500000E1
8.616633580E0,1.937500000E1
8.619258580E0,1.937500000E1
8.621882580E0,1.937500000E1
8.624507580E0,1.937500000E1
8.627131580E0,1.937500000E1
8.629756580E0,1.937500000E1
8.632380580E0,1.937500000E1
8.635005580E0,1.937500000E1
8.637629580E0,1.937500000E1
8.640254580E0,1.937500000E1
8.642878580E0,1.937500000E1
8.645503580E0,1.937500000E1
8.648127580E0,1.937500000E1
8.650752580E0,1.937500000E1
8.653376580E0,1.937500000E1
8.656001580E0,1.937500000E1
8.658625580E0,1.937500000E1
8.661250580E0,1.937500000E1
8.663874580E0,1.937500000E1
8.666499580E0,1.937500000E1
8.669123580E0,1.937500000E1
8.671748580E0,1.937500000E1
8.674372580E0,1.937500000E1
8.676997580E0,1.937500000E1
8.679621580E0,1.937500000E1
8.682246580E0,1.937500000E1
8.684870580E0,1.937500000E1
8.687495580E0,1.937500000E1
8.690119580E0,1.937500000E1
8.692744580E0,1.937500000E1
8.695368580E0,1.937500000E1
8.697993580E0,1.937500000E1
8.700618580E0,1.937500000E1
8.703242580E0,1.937500000E1
8.705867580E0,1.937500000E1
8.708491580E0,1.937500000E1
8.711116580E0,1.937500000E1
8.713740580E0,1.937500000E1
8.716365580E0,1.937500000E1
8.718989580E0,1.937500000E1
8.721614580E0,1.937500000E1
8.724238580E0,1.937500000E1
8.726863580E0,1.937500000E1
8.729487580E0,1.937500000E1
8.732112580E0,1.937500000E1
8.734736580E0,1.937500000E1
8.737361580E0,1.937500000E1
8.739985580E0,1.937500000E1
8.742610580E0,1.937500000E1
8.745234580E0,1.937500000E1
8.747859580E0,1.937500000E1
8.750483580E0,1.937500000E1
8.753108580E0,1.937500000E1
8.755732580E0,1.937500000E1
8.758357580E0,1.937500000E1
8.760981580E0,1.937500000E1
8.763606580E0,1.937500000E1
8.766230580E0,1.937500000E1
8.768855580E0,1.937500000E1
8.771479580E0,1.937500000E1
8.774104580E0,1.937500000E1
8.776728580E0,1.937500000E1
8.779353580E0,1.937500000E1
8.781977580E0,1.937500000E1
8.784602580E0,1.937500000E1
8.787226580E0,1.937500000E1
8.789851580E0,1.937500000E1
8.792475580E0,1.937500000E1
8.795100580E0,1.937500000E1
8.797724580E0,1.937500000E1
8.800349580E0,1.937500000E1
8.802973580E0,1.937500000E1
8.805598580E0,1.937500000E1
8.808223580E0,1.937500000E1
8.810847580E0,1.937500000E1
8.813472580E0,1.937500000E1
8.816096580E0,1.937500000E1
8.818721580E0,1.937500000E1
8.821345580E0,1.937500000E1
8.823970580E0,1.937500000E1
8.826594580E0,1.937500000E1
8.829219580E0,1.937500000E1
8.831843580E0,1.937500000E1
8.834468580E0,1.937500000E1
8.837092580E0,1.937500000E1
8.839717580E0,1.937500000E1
8.842341580E0,2.062500000E1
8.844966580E0,2.062500000E1
8.847590580E0,2.062500000E1
8.850215580E0,2.062500000E1
8.852839580E0,2.062500000E1
8.855464580E0,2.062500000E1
8.858088580E0,2.062500000E1
8.860713580E0,2.062500000E1
8.863337580E0,2.062500000E1
8.865962580E0,1.937500000E1
8.868586580E0,1.937500000E1
8.871211580E0,1.937500000E1
8.873835580E0,1.937500000E1
8.876460580E0,1.937500000E1
8.879084580E0,1.937500000E1
8.881709580E0,1.937500000E1
8.884333580E0,1.937500000E1
8.886958580E0,1.937500000E1
8.889582580E0,1.937500000E1
8.892207580E0,1.937500000E1
8.894831580E0,1.937500000E1
8.897456580E0,1.937500000E1
8.900080580E0,1.937500000E1
8.902705580E0,1.937500000E1
8.905329580E0,1.937500000E1
8.907954580E0,1.937500000E1
8.910578580E0,1.937500000E1
8.913203580E0,1.937500000E1
8.915827580E0,1.937500000E1
8.918452580E0,1.937500000E1
8.921077580E0,1.937500000E1
8.923701580E0,1.937500000E1
8.926326580E0,1.937500000E1
8.928950580E0,1.937500000E1
8.931575580E0,1.937500000E1
8.934199580E0,1.937500000E1
8.936824580E0,1.937500000E1
8.939448580E0,1.937500000E1
8.942073580E0,1.937500000E1
8.944697580E0,1.937500000E1
8.947322580E0,1.937500000E1
8.949946580E0,1.937500000E1
8.952571580E0,1.937500000E1
8.955195580E0,1.937500000E1
8.957820580E0,1.937500000E1
8.960444580E0,1.937500000E1
8.963069580E0,1.937500000E1
8.965693580E0,1.937500000E1
8.968318580E0,1.937500000E1
8.970942580E0,1.937500000E1
8.973567580E0,1.937500000E1
8.976191580E0,1.937500000E1
8.978816580E0,1.937500000E1
8.981440580E0,1.937500000E1
8.984065580E0,1.937500000E1
8.986689580E0,1.937500000E1
8.989314580E0,1.937500000E1
8.991938580E0,1.937500000E1
8.994563580E0,1.937500000E1
8.997187580E0,1.937500000E1
8.999812580E0,1.937500000E1
9.002436580E0,1.937500000E1
9.005061580E0,1.937500000E1
9.007685580E0,1.937500000E1
9.010310580E0,1.937500000E1
9.012934580E0,1.937500000E1
9.015559580E0,1.937500000E1
9.018183580E0,1.937500000E1
9.020808580E0,1.937500000E1
9.023432580E0,1.937500000E1
9.026057580E0,1.937500000E1
9.028681580E0,1.937500000E1
9.031306580E0,1.937500000E1
9.033931580E0,1.937500000E1
9.036555580E0,1.937500000E1
9.039180580E0,1.937500000E1
9.041804580E0,1.937500000E1
9.044429580E0,1.937500000E1
9.047053580E0,1.937500000E1
9.049678580E0,1.937500000E1
9.052302580E0,1.937500000E1
9.054927580E0,1.937500000E1
9.057551580E0,1.937500000E1
9.060176580E0,1.937500000E1
9.062800580E0,1.937500000E1
9.065425580E0,1.937500000E1
9.068049580E0,1.937500000E1
9.070674580E0,1.937500000E1
9.073298580E0,1.937500000E1
9.075923580E0,1.937500000E1
9.078547580E0,1.937500000E1
9.081172580E0,1.937500000E1
9.083796580E0,1.937500000E1
9.086421580E0,1.937500000E1
9.089045580E0,1.937500000E1
9.091670580E0,1.937500000E1
9.094294580E0,1.937500000E1
9.096919580E0,1.937500000E1
9.099543580E0,1.937500000E1
9.102168580E0,1.937500000E1
9.104792580E0,1.937500000E1
9.107417580E0,1.937500000E1
9.110041580E0,1.937500000E1
9.112666580E0,1.937500000E1
9.115290580E0,1.937500000E1
9.117915580E0,1.937500000E1
9.120539580E0,1.937500000E1
9.123164580E0,1.937500000E1
9.125788580E0,1.937500000E1
9.128413580E0,1.937500000E1
9.131037580E0,1.937500000E1
9.133662580E0,1.937500000E1
9.136286580E0,1.937500000E1
9.138911580E0,1.937500000E1
9.141535580E0,1.937500000E1
9.144160580E0,1.937500000E1
9.146785580E0,1.937500000E1
9.149409580E0,1.937500000E1
9.152034580E0,1.937500000E1
9.154658580E0,1.937500000E1
9.157283580E0,1.937500000E1
9.159907580E0,1.937500000E1
9.162532580E0,1.937500000E1
9.165156580E0,1.937500000E1
9.167781580E0,1.937500000E1
9.170405580E0,1.937500000E1
9.173030580E0,1.937500000E1
9.175654580E0,1.937500000E1
9.178279580E0,1.937500000E1
9.180903580E0,1.937500000E1
9.183528580E0,1.937500000E1
9.186152580E0,1.937500000E1
9.188777580E0,1.937500000E1
9.191401580E0,1.937500000E1
9.194026580E0,1.937500000E1
9.196650580E0,1.937500000E1
9.199275580E0,1.937500000E1
9.201899580E0,1.937500000E1
9.204524580E0,1.937500000E1
9.207148580E0,1.937500000E1
9.209773580E0,1.937500000E1
9.212397580E0,1.937500000E1
9.215022580E0,1.937500000E1
9.217646580E0,1.937500000E1
9.220271580E0,1.937500000E1
9.222895580E0,1.937500000E1
9.225520580E0,1.937500000E1
9.228144580E0,1.937500000E1
9.230769580E0,1.937500000E1
9.233393580E0,1.937500000E1
9.236018580E0,1.937500000E1
9.238642580E0,1.937500000E1
9.241267580E0,1.937500000E1
9.243891580E0,1.937500000E1
9.246516580E0,1.937500000E1
9.249140580E0,1.937500000E1
9.251765580E0,1.937500000E1
9.254389580E0,1.937500000E1
9.257014580E0,1.937500000E1
9.259639580E0,1.937500000E1
9.262263580E0,1.937500000E1
9.264888580E0,1.937500000E1
9.267512580E0,1.937500000E1
9.270137580E0,1.937500000E1
9.272761580E0,1.937500000E1
9.275386580E0,1.937500000E1
9.278010580E0,1.937500000E1
9.280635580E0,1.937500000E1
9.283259580E0,1.937500000E1
9.285884580E0,1.937500000E1
9.288508580E0,1.937500000E1
9.291133580E0,1.937500000E1
9.293757580E0,1.937500000E1
9.296382580E0,1.937500000E1
9.299006580E0,1.937500000E1
9.301631580E0,1.937500000E1
9.304255580E0,1.937500000E1
9.306880580E0,1.937500000E1
9.309504580E0,1.937500000E1
9.312129580E0,1.937500000E1
9.314753580E0,1.937500000E1
9.317378580E0,1.937500000E1
9.320002580E0,1.937500000E1
9.322627580E0,1.937500000E1
9.325251580E0,1.937500000E1
9.327876580E0,1.937500000E1
9.330500580E0,1.937500000E1
9.333125580E0,1.937500000E1
9.335749580E0,1.937500000E1
9.338374580E0,1.937500000E1
9.340998580E0,1.937500000E1
9.343623580E0,1.937500000E1
9.346247580E0,1.937500000E1
9.348872580E0,1.937500000E1
9.351496580E0,1.937500000E1
9.354121580E0,1.937500000E1
9.356745580E0,1.937500000E1
9.359370580E0,1.937500000E1
9.361994580E0,1.937500000E1
9.364619580E0,1.937500000E1
9.367243580E0,1.937500000E1
9.369868580E0,1.937500000E1
9.372493580E0,1.937500000E1
9.375117580E0,1.937500000E1
9.377742580E0,1.937500000E1
9.380366580E0,1.937500000E1
9.382991580E0,1.937500000E1
9.385615580E0,1.937500000E1
9.388240580E0,1.937500000E1
9.390864580E0,1.937500000E1
9.393489580E0,1.937500000E1
9.396113580E0,1.937500000E1
9.398738580E0,1.937500000E1
9.401362580E0,2.062500000E1
9.403987580E0,2.062500000E1
9.406611580E0,2.062500000E1
9.409236580E0,2.062500000E1
9.411860580E0,2.062500000E1
9.414485580E0,2.062500000E1
9.417109580E0,2.062500000E1
9.419734580E0,2.062500000E1
9.422358580E0,2.062500000E1
9.424983580E0,2.062500000E1
9.427607580E0,1.937500000E1
9.430232580E0,1.937500000E1
9.432856580E0,1.937500000E1
9.435481580E0,1.937500000E1
9.438105580E0,1.937500000E1
9.440730580E0,1.937500000E1
9.443354580E0,1.937500000E1
9.445979580E0,1.937500000E1
9.448603580E0,1.937500000E1
9.451228580E0,1.937500000E1
9.453852580E0,1.937500000E1
9.456477580E0,1.937500000E1
9.459101580E0,1.937500000E1
9.461726580E0,1.937500000E1
9.464350580E0,1.937500000E1
9.466975580E0,1.937500000E1
9.469599580E0,1.937500000E1
9.472224580E0,1.937500000E1
9.474848580E0,1.937500000E1
9.477473580E0,1.937500000E1
9.480098580E0,1.937500000E1
9.482722580E0,1.937500000E1
9.485347580E0,1.937500000E1
9.487971580E0,1.937500000E1
9.490596580E0,1.937500000E1
9.493220580E0,1.937500000E1
9.495845580E0,1.937500000E1
9.498469580E0,1.937500000E1
9.501094580E0,1.937500000E1
9.503718580E0,1.937500000E1
9.506343580E0,1.937500000E1
9.508967580E0,1.937500000E1
9.511592580E0,1.937500000E1
9.514216580E0,1.937500000E1
9.516841580E0,1.937500000E1
9.519465580E0,1.937500000E1
9.522090580E0,1.937500000E1
9.524714580E0,1.937500000E1
9.527339580E0,1.937500000E1
9.529963580E0,1.937500000E1
9.532588580E0,1.937500000E1
9.535212580E0,1.937500000E1
9.537837580E0,1.937500000E1
9.540461580E0,1.937500000E1
9.543086580E0,1.937500000E1
9.545710580E0,1.937500000E1
9.548335580E0,1.937500000E1
9.550959580E0,1.937500000E1
9.553584580E0,1.937500000E1
9.556208580E0,1.937500000E1
9.558833580E0,1.937500000E1
9.561457580E0,1.937500000E1
9.564082580E0,1.937500000E1
9.566706580E0,1.937500000E1
9.569331580E0,1.937500000E1
9.571955580E0,1.937500000E1
9.574580580E0,1.937500000E1
9.577204580E0,1.937500000E1
9.579829580E0,1.937500000E1
9.582453580E0,1.937500000E1
9.585078580E0,1.937500000E1
9.587702580E0,1.937500000E1
9.590327580E0,1.937500000E1
9.592952580E0,1.937500000E1
9.595576580E0,1.937500000E1
9.598201580E0,1.937500000E1
9.600825580E0,1.937500000E1
9.603450580E0,1.937500000E1
9.606074580E0,1.937500000E1
9.608699580E0,1.937500000E1
9.611323580E0,1.937500000E1
9.613948580E0,1.937500000E1
9.616572580E0,1.937500000E1
9.619197580E0,1.937500000E1
9.621821580E0,1.937500000E1
9.624446580E0,1.937500000E1
9.627070580E0,1.937500000E1
9.629695580E0,1.937500000E1
9.632319580E0,1.937500000E1
9.634944580E0,1.937500000E1
9.637568580E0,1.937500000E1
9.640193580E0,1.937500000E1
9.642817580E0,1.937500000E1
9.645442580E0,1.937500000E1
9.648066580E0,1.937500000E1
9.650691580E0,1.937500000E1
9.653315580E0,1.937500000E1
9.655940580E0,1.937500000E1
9.658564580E0,1.937500000E1
9.661189580E0,1.937500000E1
9.663813580E0,1.937500000E1
9.666438580E0,1.937500000E1
9.669062580E0,1.937500000E1
9.671687580E0,1.937500000E1
9.674311580E0,1.937500000E1
9.676936580E0,1.937500000E1
9.679560580E0,1.937500000E1
9.682185580E0,1.937500000E1
9.684809580E0,1.937500000E1
9.687434580E0,1.937500000E1
9.690058580E0,1.937500000E1
9.692683580E0,1.937500000E1
9.695307580E0,1.937500000E1
9.697932580E0,1.937500000E1
9.700556580E0,1.937500000E1
9.703181580E0,1.937500000E1
9.705806580E0,1.937500000E1
9.708430580E0,1.937500000E1
9.711055580E0,1.937500000E1
9.713679580E0,1.937500000E1
9.716304580E0,1.937500000E1
9.718928580E0,1.937500000E1
9.721553580E0,1.937500000E1
9.724177580E0,1.937500000E1
9.726802580E0,1.937500000E1
9.729426580E0,1.937500000E1
9.732051580E0,1.937500000E1
9.734675580E0,1.937500000E1
9.737300580E0,1.937500000E1
9.739924580E0,1.937500000E1
9.742549580E0,1.937500000E1
9.745173580E0,1.937500000E1
9.747798580E0,1.937500000E1
9.750422580E0,1.937500000E1
9.753047580E0,1.937500000E1
9.755671580E0,1.937500000E1
9.758296580E0,1.937500000E1
9.760920580E0,1.937500000E1
9.763545580E0,1.937500000E1
9.766169580E0,1.937500000E1
9.768794580E0,1.937500000E1
9.771418580E0,1.937500000E1
9.774043580E0,1.937500000E1
9.776667580E0,1.937500000E1
9.779292580E0,1.937500000E1
9.781916580E0,1.937500000E1
9.784541580E0,1.937500000E1
9.787165580E0,1.937500000E1
9.789790580E0,1.937500000E1
9.792414580E0,1.937500000E1
9.795039580E0,1.937500000E1
9.797663580E0,1.937500000E1
9.800288580E0,1.937500000E1
9.802912580E0,1.937500000E1
9.805537580E0,1.937500000E1
9.808161580E0,1.937500000E1
9.810786580E0,1.937500000E1
9.813410580E0,1.937500000E1
9.816035580E0,1.937500000E1
9.818660580E0,1.937500000E1
9.821284580E0,1.937500000E1
9.823909580E0,1.937500000E1
9.826533580E0,1.937500000E1
9.829158580E0,1.937500000E1
9.831782580E0,1.937500000E1
9.834407580E0,1.937500000E1
9.837031580E0,1.937500000E1
9.839656580E0,1.937500000E1
9.842280580E0,1.937500000E1
9.844905580E0,1.937500000E1
9.847529580E0,1.937500000E1
9.850154580E0,1.937500000E1
9.852778580E0,1.937500000E1
9.855403580E0,1.937500000E1
9.858027580E0,1.937500000E1
9.860652580E0,2.062500000E1
9.863276580E0,2.062500000E1
9.865901580E0,2.062500000E1
9.868525580E0,2.062500000E1
9.871150580E0,2.062500000E1
9.873774580E0,2.062500000E1
9.876399580E0,2.062500000E1
9.879023580E0,2.062500000E1
9.881648580E0,2.062500000E1
9.884272580E0,1.937500000E1
9.886897580E0,1.937500000E1
9.889521580E0,1.937500000E1
9.892146580E0,1.937500000E1
9.894770580E0,1.937500000E1
9.897395580E0,1.937500000E1
9.900019580E0,1.937500000E1
9.902644580E0,1.937500000E1
9.905268580E0,1.937500000E1
9.907893580E0,1.937500000E1
9.910517580E0,1.937500000E1
9.913142580E0,1.937500000E1
9.915766580E0,1.937500000E1
9.918391580E0,1.937500000E1
9.921015580E0,1.937500000E1
9.923640580E0,1.937500000E1
9.926264580E0,1.937500000E1
9.928889580E0,1.937500000E1
9.931514580E0,1.937500000E1
9.934138580E0,2.062500000E1
9.936763580E0,2.062500000E1
9.939387580E0,2.062500000E1
9.942012580E0,2.062500000E1
9.944636580E0,2.062500000E1
9.947261580E0,2.062500000E1
9.949885580E0,2.062500000E1
9.952510580E0,2.062500000E1
9.955134580E0,2.062500000E1
9.957759580E0,2.062500000E1
9.960383580E0,1.937500000E1
9.963008580E0,1.937500000E1
9.965632580E0,1.937500000E1
9.968257580E0,1.937500000E1
9.970881580E0,1.937500000E1
9.973506580E0,1.937500000E1
9.976130580E0,1.937500000E1
9.978755580E0,1.937500000E1
9.981379580E0,1.937500000E1
9.984004580E0,1.937500000E1
9.986628580E0,1.937500000E1
9.989253580E0,1.937500000E1
9.991877580E0,1.937500000E1
9.994502580E0,1.937500000E1
9.997126580E0,1.937500000E1
9.999751580E0,1.937500000E1
1.000237558E1,1.937500000E1
1.000500058E1,1.937500000E1
1.000762458E1,1.937500000E1
1.001024958E1,1.937500000E1
1.001287358E1,1.937500000E1
1.001549858E1,1.937500000E1
1.001812258E1,1.937500000E1
1.002074758E1,1.937500000E1
1.002337158E1,1.937500000E1
1.002599658E1,1.937500000E1
1.002862058E1,1.937500000E1
1.003124558E1,1.937500000E1
1.003386958E1,1.937500000E1
1.003649458E1,2.062500000E1
1.003911858E1,2.062500000E1
1.004174358E1,2.062500000E1
1.004436858E1,2.062500000E1
1.004699258E1,2.062500000E1
1.004961758E1,2.062500000E1
1.005224158E1,2.062500000E1
1.005486658E1,2.062500000E1
1.005749058E1,2.062500000E1
1.006011558E1,2.062500000E1
1.006273958E1,1.937500000E1
1.006536458E1,1.937500000E1
1.006798858E1,1.937500000E1
1.007061358E1,1.937500000E1
1.007323758E1,1.937500000E1
1.007586258E1,1.937500000E1
1.007848658E1,1.937500000E1
1.008111158E1,1.937500000E1
1.008373558E1,1.937500000E1
1.008636058E1,1.937500000E1
1.008898458E1,1.937500000E1
1.009160958E1,1.937500000E1
1.009423358E1,1.937500000E1
1.009685858E1,1.937500000E1
1.009948258E1,1.937500000E1
1.010210758E1,1.937500000E1
1.010473158E1,1.937500000E1
1.010735658E1,1.937500000E1
1.010998058E1,1.937500000E1
1.011260558E1,1.937500000E1
1.011522958E1,1.937500000E1
1.011785458E1,1.937500000E1
1.012047858E1,1.937500000E1
1.012310358E1,1.937500000E1
1.012572758E1,1.937500000E1
1.012835258E1,1.937500000E1
1.013097658E1,1.937500000E1
1.013360158E1,1.937500000E1
1.013622558E1,1.937500000E1
1.013885058E1,1.937500000E1
1.014147458E1,1.937500000E1
1.014409958E1,1.937500000E1
1.014672358E1,1.937500000E1
1.014934858E1,1.937500000E1
1.015197358E1,1.937500000E1
1.015459758E1,1.937500000E1
1.015722258E1,1.937500000E1
1.015984658E1,1.937500000E1
1.016247158E1,1.937500000E1
1.016509558E1,1.937500000E1
1.016772058E1,1.937500000E1
1.017034458E1,1.937500000E1
1.017296958E1,1.937500000E1
1.017559358E1,1.937500000E1
1.017821858E1,1.937500000E1
1.018084258E1,1.937500000E1
1.018346758E1,1.937500000E1
1.018609158E1,1.937500000E1
1.018871658E1,1.937500000E1
1.019134058E1,1.937500000E1
1.019396558E1,1.937500000E1
1.019658958E1,1.937500000E1
1.019921458E1,1.937500000E1
1.020183858E1,1.937500000E1
1.020446358E1,1.937500000E1
1.020708758E1,1.937500000E1
1.020971258E1,1.937500000E1
1.021233658E1,1.937500000E1
1.021496158E1,1.937500000E1
1.021758558E1,1.937500000E1
1.022021058E1,1.937500000E1
1.022283458E1,1.937500000E1
1.022545958E1,1.937500000E1
1.022808358E1,1.937500000E1
1.023070858E1,1.937500000E1
1.023333258E1,1.937500000E1
1.023595758E1,1.937500000E1
1.023858158E1,1.937500000E1
1.024120658E1,1.937500000E1
1.024383058E1,1.937500000E1
1.024645558E1,1.937500000E1
1.024907958E1,1.937500000E1
1.025170458E1,1.937500000E1
1.025432858E1,1.937500000E1
1.025695358E1,1.937500000E1
1.025957758E1,1.937500000E1
1.026220258E1,1.937500000E1
1.026482758E1,1.937500000E1
1.026745158E1,1.937500000E1
1.027007658E1,1.937500000E1
1.027270058E1,1.937500000E1
1.027532558E1,1.937500000E1
1.027794958E1,1.937500000E1
1.028057458E1,1.937500000E1
1.028319858E1,1.937500000E1
1.028582358E1,1.937500000E1
1.028844758E1,1.937500000E1
1.029107258E1,1.937500000E1
1.029369658E1,1.937500000E1
1.029632158E1,1.937500000E1
1.029894558E1,1.937500000E1
1.030157058E1,1.937500000E1
1.030419458E1,1.937500000E1
1.030681958E1,1.937500000E1
1.030944358E1,1.937500000E1
1.031206858E1,1.937500000E1
1.031469258E1,1.937500000E1
1.031731758E1,1.937500000E1
1.031994158E1,1.937500000E1
1.032256658E1,1.937500000E1
1.032519058E1,1.937500000E1
1.032781558E1,1.937500000E1
1.033043958E1,1.937500000E1
1.033306458E1,1.937500000E1
1.033568858E1,1.937500000E1
1.033831358E1,1.937500000E1
1.034093758E1,1.937500000E1
1.034356258E1,1.937500000E1
1.034618658E1,1.937500000E1
1.034881158E1,1.937500000E1
1.035143558E1,1.937500000E1
1.035406058E1,1.937500000E1
1.035668458E1,1.937500000E1
1.035930958E1,1.937500000E1
1.036193358E1,1.937500000E1
1.036455858E1,1.937500000E1
1.036718258E1,2.062500000E1
1.036980758E1,2.062500000E1
1.037243158E1,2.062500000E1
1.037505658E1,2.062500000E1
1.037768158E1,2.062500000E1
1.038030558E1,2.062500000E1
1.038293058E1,2.062500000E1
1.038555458E1,2.062500000E1
1.038817958E1,2.062500000E1
1.039080358E1,2.062500000E1
1.039342858E1,1.937500000E1
1.039605258E1,1.937500000E1
1.039867758E1,1.937500000E1
1.040130158E1,1.937500000E1
1.040392658E1,1.937500000E1
1.040655058E1,1.937500000E1
1.040917558E1,1.937500000E1
1.041179958E1,1.937500000E1
1.041442458E1,1.937500000E1
1.041704858E1,1.937500000E1
1.041967358E1,1.937500000E1
1.042229758E1,1.937500000E1
1.042492258E1,1.937500000E1
1.042754658E1,1.937500000E1
1.043017158E1,1.937500000E1
1.043279558E1,1.937500000E1
1.043542058E1,1.937500000E1
1.043804458E1,1.937500000E1
1.044066958E1,1.937500000E1
1.044329358E1,1.937500000E1
1.044591858E1,1.937500000E1
1.044854258E1,1.937500000E1
1.045116758E1,1.937500000E1
1.045379158E1,1.937500000E1
1.045641658E1,1.937500000E1
1.045904058E1,1.937500000E1
1.046166558E1,1.937500000E1
1.046428958E1,1.937500000E1
1.046691458E1,1.937500000E1
1.046953858E1,1.937500000E1
1.047216358E1,1.937500000E1
1.047478758E1,1.937500000E1
1.047741258E1,1.937500000E1
1.048003658E1,1.937500000E1
1.048266158E1,1.937500000E1
1.048528558E1,1.937500000E1
1.048791058E1,1.937500000E1
1.049053558E1,1.937500000E1
1.049315958E1,1.937500000E1
1.049578458E1,1.937500000E1
1.049840858E1,1.937500000E1
1.050103358E1,1.937500000E1
1.050365758E1,1.937500000E1
1.050628258E1,1.937500000E1
1.050890658E1,1.937500000E1
1.051153158E1,1.937500000E1
1.051415558E1,1.937500000E1
1.051678058E1,1.937500000E1
1.051940458E1,1.937500000E1
1.052202958E1,1.937500000E1
1.052465358E1,1.937500000E1
1.052727858E1,1.937500000E1
1.052990258E1,1.937500000E1
1.053252758E1,1.937500000E1
1.053515158E1,1.937500000E1
1.053777658E1,1.937500000E1
1.054040058E1,1.937500000E1
1.054302558E1,1.937500000E1
1.054564958E1,1.937500000E1
1.054827458E1,1.937500000E1
1.055089858E1,1.937500000E1
1.055352358E1,1.937500000E1
1.055614758E1,1.937500000E1
1.055877258E1,1.937500000E1
1.056139658E1,1.937500000E1
1.056402158E1,1.937500000E1
1.056664558E1,1.937500000E1
1.056927058E1,1.937500000E1
1.057189458E1,1.937500000E1
1.057451958E1,1.937500000E1
1.057714358E1,1.937500000E1
1.057976858E1,1.937500000E1
1.058239258E1,1.937500000E1
1.058501758E1,1.937500000E1
1.058764158E1,1.937500000E1
1.059026658E1,1.937500000E1
1.059289058E1,1.937500000E1
1.059551558E1,2.062500000E1
1.059813958E1,2.062500000E1
1.060076458E1,2.062500000E1
1.060338958E1,2.062500000E1
1.060601358E1,2.062500000E1
1.060863858E1,2.062500000E1
1.061126258E1,2.062500000E1
1.061388758E1,2.062500000E1
1.061651158E1,2.062500000E1
1.061913658E1,2.062500000E1
1.062176058E1,1.937500000E1
1.062438558E1,1.937500000E1
1.062700958E1,1.937500000E1
1.062963458E1,1.937500000E1
1.063225858E1,1.937500000E1
1.063488358E1,1.937500000E1
1.063750758E1,1.937500000E1
1.064013258E1,1.937500000E1
1.064275658E1,1.937500000E1
1.064538158E1,1.937500000E1
1.064800558E1,1.937500000E1
1.065063058E1,1.937500000E1
1.065325458E1,1.937500000E1
1.065587958E1,1.937500000E1
1.065850358E1,1.937500000E1
1.066112858E1,1.937500000E1
1.066375258E1,1.937500000E1
1.066637758E1,1.937500000E1
1.066900158E1,1.937500000E1
1.067162658E1,1.937500000E1
1.067425058E1,1.937500000E1
1.067687558E1,1.937500000E1
1.067949958E1,1.937500000E1
1.068212458E1,1.937500000E1
1.068474858E1,1.937500000E1
1.068737358E1,1.937500000E1
1.068999758E1,1.937500000E1
1.069262258E1,1.937500000E1
1.069524658E1,1.937500000E1
1.069787158E1,1.937500000E1
1.070049558E1,1.937500000E1
1.070312058E1,1.937500000E1
1.070574458E1,1.937500000E1
1.070836958E1,1.937500000E1
1.071099358E1,1.937500000E1
1.071361858E1,1.937500000E1
1.071624358E1,1.937500000E1
1.071886758E1,1.937500000E1
1.072149258E1,1.937500000E1
1.072411658E1,1.937500000E1
1.072674158E1,1.937500000E1
1.072936558E1,1.937500000E1
1.073199058E1,1.937500000E1
1.073461458E1,1.937500000E1
1.073723958E1,1.937500000E1
1.073986358E1,1.937500000E1
1.074248858E1,1.937500000E1
1.074511258E1,1.937500000E1
1.074773758E1,1.937500000E1
1.075036158E1,1.937500000E1
1.075298658E1,1.937500000E1
1.075561058E1,1.937500000E1
1.075823558E1,1.937500000E1
1.076085958E1,1.937500000E1
1.076348458E1,1.937500000E1
1.076610858E1,1.937500000E1
1.076873358E1,1.937500000E1
1.077135758E1,1.937500000E1
1.077398258E1,1.937500000E1
1.077660658E1,1.937500000E1
1.077923158E1,1.937500000E1
1.078185558E1,1.937500000E1
1.078448058E1,1.937500000E1
1.078710458E1,1.937500000E1
1.078972958E1,1.937500000E1
1.079235358E1,1.937500000E1
1.079497858E1,1.937500000E1
1.079760258E1,1.937500000E1
1.080022758E1,1.937500000E1
1.080285158E1,1.937500000E1
1.080547658E1,1.937500000E1
1.080810058E1,1.937500000E1
1.081072558E1,1.937500000E1
1.081334958E1,1.937500000E1
1.081597458E1,1.937500000E1
1.081859858E1,1.937500000E1
1.082122358E1,1.937500000E1
1.082384858E1,1.937500000E1
1.082647258E1,1.937500000E1
1.082909758E1,1.937500000E1
1.083172158E1,1.937500000E1
1.083434658E1,1.937500000E1
1.083697058E1,1.937500000E1
1.083959558E1,1.937500000E1
1.084221958E1,1.937500000E1
1.084484458E1,1.937500000E1
1.084746858E1,1.937500000E1
1.085009358E1,1.937500000E1
1.085271758E1,2.062500000E1
1.085534258E1,2.062500000E1
1.085796658E1,2.062500000E1
1.086059158E1,2.062500000E1
1.086321558E1,2.062500000E1
1.086584058E1,2.062500000E1
1.086846458E1,2.062500000E1
1.087108958E1,2.062500000E1
1.087371358E1,2.062500000E1
1.087633858E1,1.937500000E1
1.087896258E1,1.937500000E1
1.088158758E1,1.937500000E1
1.088421158E1,1.937500000E1
1.088683658E1,1.937500000E1
1.088946058E1,1.937500000E1
1.089208558E1,1.937500000E1
1.089470958E1,1.937500000E1
1.089733458E1,1.937500000E1
1.089995858E1,1.937500000E1
1.090258358E1,1.937500000E1
1.090520758E1,1.937500000E1
1.090783258E1,1.937500000E1
1.091045658E1,1.937500000E1
1.091308158E1,1.937500000E1
1.091570558E1,1.937500000E1
1.091833058E1,1.937500000E1
1.092095458E1,1.937500000E1
1.092357958E1,1.937500000E1
1.092620358E1,1.937500000E1
1.092882858E1,1.937500000E1
1.093145258E1,1.937500000E1
1.093407758E1,1.937500000E1
1.093670258E1,1.937500000E1
1.093932658E1,1.937500000E1
1.094195158E1,1.937500000E1
1.094457558E1,1.937500000E1
1.094720058E1,1.937500000E1
1.094982458E1,1.937500000E1
1.095244958E1,2.062500000E1
1.095507358E1,2.062500000E1
1.095769858E1,2.062500000E1
1.096032258E1,2.062500000E1
1.096294758E1,2.062500000E1
1.096557158E1,2.062500000E1
1.096819658E1,2.062500000E1
1.097082058E1,2.062500000E1
1.097344558E1,2.062500000E1
1.097606958E1,2.062500000E1
1.097869458E1,1.937500000E1
1.098131858E1,1.937500000E1
1.098394358E1,1.937500000E1
1.098656758E1,1.937500000E1
1.098919258E1,1.937500000E1
1.099181658E1,1.937500000E1
1.099444158E1,1.937500000E1
1.099706558E1,1.937500000E1
1.099969058E1,1.937500000E1
1.100231458E1,1.937500000E1
1.100493958E1,1.937500000E1
1.100756358E1,1.937500000E1
1.101018858E1,1.937500000E1
1.101281258E1,1.937500000E1
1.101543758E1,1.937500000E1
1.101806158E1,1.937500000E1
1.102068658E1,1.937500000E1
1.102331058E1,1.937500000E1
1.102593558E1,1.937500000E1
1.102855958E1,1.937500000E1
1.103118458E1,1.937500000E1
1.103380858E1,1.937500000E1
1.103643358E1,1.937500000E1
1.103905758E1,1.937500000E1
1.104168258E1,1.937500000E1
1.104430658E1,1.937500000E1
1.104693158E1,1.937500000E1
1.104955658E1,1.937500000E1
1.105218058E1,1.937500000E1
1.105480558E1,2.062500000E1
1.105742958E1,2.062500000E1
1.106005458E1,2.062500000E1
1.106267858E1,2.062500000E1
1.106530358E1,2.062500000E1
1.106792758E1,2.062500000E1
1.107055258E1,2.062500000E1
1.107317658E1,2.062500000E1
1.107580158E1,2.062500000E1
1.107842558E1,2.062500000E1
1.108105058E1,1.937500000E1
1.108367458E1,1.937500000E1
1.108629958E1,1.937500000E1
1.108892358E1,1.937500000E1
1.109154858E1,1.937500000E1
1.109417258E1,1.937500000E1
1.109679758E1,1.937500000E1
1.109942158E1,1.937500000E1
1.110204658E1,1.937500000E1
1.110467058E1,1.937500000E1
1.110729558E1,1.937500000E1
1.110991958E1,1.937500000E1
1.111254458E1,1.937500000E1
1.111516858E1,1.937500000E1
1.111779358E1,1.937500000E1
1.112041758E1,1.937500000E1
1.112304258E1,1.937500000E1
1.112566658E1,1.937500000E1
1.112829158E1,1.937500000E1
1.113091558E1,1.937500000E1
1.113354058E1,1.937500000E1
1.113616458E1,1.937500000E1
1.113878958E1,1.937500000E1
1.114141358E1,1.937500000E1
1.114403858E1,1.937500000E1
1.114666258E1,1.937500000E1
1.114928758E1,1.937500000E1
1.115191158E1,1.937500000E1
1.115453658E1,1.937500000E1
1.115716058E1,1.937500000E1
1.115978558E1,1.937500000E1
1.116241058E1,1.937500000E1
1.116503458E1,1.937500000E1
1.116765958E1,1.937500000E1
1.117028358E1,1.937500000E1
1.117290858E1,1.937500000E1
1.117553258E1,1.937500000E1
1.117815758E1,1.937500000E1
1.118078158E1,1.937500000E1
1.118340658E1,1.937500000E1
1.118603058E1,1.937500000E1
1.118865558E1,1.937500000E1
1.119127958E1,1.937500000E1
1.119390458E1,1.937500000E1
1.119652858E1,1.937500000E1
1.119915358E1,1.937500000E1
1.120177758E1,1.937500000E1
1.120440258E1,1.937500000E1
1.120702658E1,1.937500000E1
1.120965158E1,1.937500000E1
1.121227558E1,1.937500000E1
1.121490058E1,1.937500000E1
1.121752458E1,1.937500000E1
1.122014958E1,1.937500000E1
1.122277358E1,1.937500000E1
1.122539858E1,1.937500000E1
1.122802258E1,1.937500000E1
1.123064758E1,1.937500000E1
1.123327158E1,1.937500000E1
1.123589658E1,1.937500000E1
1.123852058E1,1.937500000E1
1.124114558E1,1.937500000E1
1.124376958E1,1.937500000E1
1.124639458E1,1.937500000E1
1.124901858E1,1.937500000E1
1.125164358E1,1.937500000E1
1.125426758E1,1.937500000E1
1.125689258E1,1.937500000E1
1.125951658E1,1.937500000E1
1.126214158E1,1.937500000E1
1.126476558E1,1.937500000E1
1.126739058E1,1.937500000E1
1.127001458E1,1.937500000E1
1.127263958E1,1.937500000E1
1.127526458E1,1.937500000E1
1.127788858E1,1.937500000E1
1.128051358E1,1.937500000E1
1.128313758E1,1.937500000E1
1.128576258E1,1.937500000E1
1.128838658E1,1.937500000E1
1.129101158E1,1.937500000E1
1.129363558E1,1.937500000E1
1.129626058E1,1.937500000E1
1.129888458E1,1.937500000E1
1.130150958E1,1.937500000E1
1.130413358E1,1.937500000E1
1.130675858E1,1.937500000E1
1.130938258E1,1.937500000E1
1.131200758E1,1.937500000E1
1.131463158E1,1.937500000E1
1.131725658E1,1.937500000E1
1.131988058E1,1.937500000E1
1.132250558E1,1.937500000E1
1.132512958E1,1.937500000E1
1.132775458E1,1.937500000E1
1.133037858E1,1.937500000E1
1.133300358E1,1.937500000E1
1.133562758E1,2.062500000E1
1.133825258E1,2.062500000E1
1.134087658E1,2.062500000E1
1.134350158E1,2.062500000E1
1.134612558E1,2.062500000E1
1.134875058E1,2.062500000E1
1.135137458E1,2.062500000E1
1.135399958E1,2.062500000E1
1.135662358E1,2.062500000E1
1.135924858E1,2.062500000E1
1.136187258E1,1.937500000E1
1.136449758E1,1.937500000E1
1.136712158E1,1.937500000E1
1.136974658E1,1.937500000E1
1.137237058E1,1.937500000E1
1.137499558E1,1.937500000E1
1.137761958E1,1.937500000E1
1.138024458E1,1.937500000E1
1.138286858E1,1.937500000E1
1.138549358E1,1.937500000E1
1.138811858E1,1.937500000E1
1.139074258E1,1.937500000E1
1.139336758E1,1.937500000E1
1.139599158E1,1.937500000E1
1.139861658E1,1.937500000E1
1.140124058E1,1.937500000E1
1.140386558E1,1.937500000E1
1.140648958E1,1.937500000E1
1.140911458E1,1.937500000E1
1.141173858E1,1.937500000E1
1.141436358E1,1.937500000E1
1.141698758E1,1.937500000E1
1.141961258E1,1.937500000E1
1.142223658E1,1.937500000E1
1.142486158E1,1.937500000E1
1.142748558E1,1.937500000E1
1.143011058E1,1.937500000E1
1.143273458E1,1.937500000E1
1.143535958E1,2.062500000E1
1.143798358E1,2.062500000E1
1.144060858E1,2.062500000E1
1.144323258E1,2.062500000E1
1.144585758E1,2.062500000E1
1.144848158E1,2.062500000E1
1.145110658E1,2.062500000E1
1.145373058E1,2.062500000E1
1.145635558E1,2.062500000E1
1.145897958E1,2.062500000E1
1.146160458E1,2.062500000E1
1.146422858E1,1.937500000E1
1.146685358E1,1.937500000E1
1.146947758E1,1.937500000E1
1.147210258E1,1.937500000E1
1.147472658E1,1.937500000E1
1.147735158E1,1.937500000E1
1.147997558E1,1.937500000E1
1.148260058E1,1.937500000E1
1.148522458E1,1.937500000E1
1.148784958E1,1.937500000E1
1.149047358E1,1.937500000E1
1.149309858E1,1.937500000E1
1.149572358E1,1.937500000E1
1.149834758E1,1.937500000E1
1.150097258E1,1.937500000E1
1.150359658E1,1.937500000E1
1.150622158E1,1.937500000E1
1.150884558E1,1.937500000E1
1.151147058E1,1.937500000E1
1.151409458E1,1.937500000E1
1.151671958E1,1.937500000E1
1.151934358E1,1.937500000E1
1.152196858E1,1.937500000E1
1.152459258E1,1.937500000E1
1.152721758E1,1.937500000E1
1.152984158E1,1.937500000E1
1.153246658E1,1.937500000E1
1.153509058E1,1.937500000E1
1.153771558E1,1.937500000E1
1.154033958E1,2.062500000E1
1.154296458E1,2.062500000E1
1.154558858E1,2.062500000E1
1.154821358E1,2.062500000E1
1.155083758E1,2.062500000E1
1.155346258E1,2.062500000E1
1.155608658E1,2.062500000E1
1.155871158E1,2.062500000E1
1.156133558E1,2.062500000E1
1.156396058E1,1.937500000E1
1.156658458E1,1.937500000E1
1.156920958E1,1.937500000E1
1.157183358E1,1.937500000E1
1.157445858E1,1.937500000E1
1.157708258E1,1.937500000E1
1.157970758E1,1.937500000E1
1.158233158E1,1.937500000E1
1.158495658E1,1.937500000E1
1.158758058E1,1.937500000E1
1.159020558E1,1.937500000E1
1.159282958E1,1.937500000E1
1.159545458E1,1.937500000E1
1.159807858E1,1.937500000E1
1.160070358E1,1.937500000E1
1.160332758E1,1.937500000E1
1.160595258E1,1.937500000E1
1.160857758E1,1.937500000E1
1.161120158E1,1.937500000E1
1.161382658E1,1.937500000E1
1.161645058E1,1.937500000E1
1.161907558E1,1.937500000E1
1.162169958E1,1.937500000E1
1.162432458E1,1.937500000E1
1.162694858E1,1.937500000E1
1.162957358E1,1.937500000E1
1.163219758E1,1.937500000E1
1.163482258E1,1.937500000E1
1.163744658E1,1.937500000E1
1.164007158E1,1.937500000E1
1.164269558E1,1.937500000E1
1.164532058E1,1.937500000E1
1.164794458E1,1.937500000E1
1.165056958E1,1.937500000E1
1.165319358E1,1.937500000E1
1.165581858E1,1.937500000E1
1.165844258E1,1.937500000E1
1.166106758E1,1.937500000E1
1.166369158E1,1.937500000E1
1.166631658E1,1.937500000E1
1.166894058E1,1.937500000E1
1.167156558E1,1.937500000E1
1.167418958E1,1.937500000E1
1.167681458E1,1.937500000E1
1.167943858E1,1.937500000E1
1.168206358E1,1.937500000E1
1.168468758E1,1.937500000E1
1.168731258E1,1.937500000E1
1.168993658E1,1.937500000E1
1.169256158E1,1.937500000E1
1.169518558E1,1.937500000E1
1.169781058E1,1.937500000E1
1.170043458E1,1.937500000E1
1.170305958E1,1.937500000E1
1.170568358E1,1.937500000E1
1.170830858E1,1.937500000E1
1.171093258E1,1.937500000E1
1.171355758E1,1.937500000E1
1.171618158E1,1.937500000E1
1.171880658E1,1.937500000E1
1.172143158E1,1.937500000E1
1.172405558E1,1.937500000E1
1.172668058E1,1.937500000E1
1.172930458E1,1.937500000E1
1.173192958E1,1.937500000E1
1.173455358E1,1.937500000E1
1.173717858E1,1.937500000E1
1.173980258E1,1.937500000E1
1.174242758E1,1.937500000E1
1.174505158E1,1.937500000E1
1.174767658E1,1.937500000E1
1.175030058E1,1.937500000E1
1.175292558E1,1.937500000E1
1.175554958E1,1.937500000E1
1.175817458E1,1.937500000E1
1.176079858E1,1.937500000E1
1.176342358E1,1.937500000E1
1.176604758E1,1.937500000E1
1.176867258E1,1.937500000E1
1.177129658E1,1.937500000E1
1.177392158E1,1.937500000E1
1.177654558E1,1.937500000E1
1.177917058E1,1.937500000E1
1.178179458E1,1.937500000E1
1.178441958E1,1.937500000E1
1.178704358E1,1.937500000E1
1.178966858E1,1.937500000E1
1.179229258E1,1.937500000E1
1.179491758E1,1.937500000E1
1.179754158E1,1.937500000E1
1.180016658E1,1.937500000E1
1.180279058E1,1.937500000E1
1.180541558E1,1.937500000E1
1.180803958E1,1.937500000E1
1.181066458E1,1.937500000E1
1.181328858E1,1.937500000E1
1.181591358E1,1.937500000E1
1.181853758E1,1.937500000E1
1.182116258E1,1.937500000E1
1.182378658E1,1.937500000E1
1.182641158E1,1.937500000E1
1.182903558E1,1.937500000E1
1.183166058E1,1.937500000E1
1.183428558E1,1.937500000E1
1.183690958E1,1.937500000E1
1.183953458E1,1.937500000E1
1.184215858E1,1.937500000E1
1.184478358E1,1.937500000E1
1.184740758E1,1.937500000E1
1.185003258E1,1.937500000E1
1.185265658E1,1.937500000E1
1.185528158E1,1.937500000E1
1.185790558E1,1.937500000E1
1.186053058E1,1.937500000E1
1.186315458E1,1.937500000E1
1.186577958E1,1.937500000E1
1.186840358E1,1.937500000E1
1.187102858E1,1.937500000E1
1.187365258E1,1.937500000E1
1.187627758E1,1.937500000E1
1.187890158E1,1.937500000E1
1.188152658E1,1.937500000E1
1.188415058E1,1.937500000E1
1.188677558E1,1.937500000E1
1.188939958E1,1.937500000E1
1.189202458E1,1.937500000E1
1.189464858E1,1.937500000E1
1.189727358E1,1.937500000E1
1.189989758E1,1.937500000E1
1.190252258E1,1.937500000E1
1.190514658E1,1.937500000E1
1.190777158E1,1.937500000E1
1.191039558E1,1.937500000E1
1.191302058E1,1.937500000E1
1.191564458E1,1.937500000E1
1.191826958E1,1.937500000E1
1.192089358E1,2.062500000E1
1.192351858E1,2.062500000E1
1.192614258E1,2.062500000E1
1.192876758E1,2.062500000E1
1.193139158E1,2.062500000E1
1.193401658E1,2.062500000E1
1.193664058E1,2.062500000E1
1.193926558E1,2.062500000E1
1.194188958E1,2.062500000E1
1.194451458E1,2.062500000E1
1.194713958E1,1.937500000E1
1.194976358E1,1.937500000E1
1.195238858E1,1.937500000E1
1.195501258E1,1.937500000E1
1.195763758E1,1.937500000E1
1.196026158E1,1.937500000E1
1.196288658E1,1.937500000E1
1.196551058E1,1.937500000E1
1.196813558E1,1.937500000E1
1.197075958E1,1.937500000E1
1.197338458E1,1.937500000E1
1.197600858E1,1.937500000E1
1.197863358E1,1.937500000E1
1.198125758E1,1.937500000E1
1.198388258E1,1.937500000E1
1.198650658E1,1.937500000E1
1.198913158E1,1.937500000E1
1.199175558E1,1.937500000E1
1.199438058E1,1.937500000E1
1.199700458E1,1.937500000E1
1.199962958E1,1.937500000E1
1.200225358E1,1.937500000E1
1.200487858E1,1.937500000E1
1.200750258E1,1.937500000E1
1.201012758E1,1.937500000E1
1.201275158E1,1.937500000E1
1.201537658E1,1.937500000E1
1.201800058E1,1.937500000E1
1.202062558E1,1.937500000E1
1.202324958E1,1.937500000E1
1.202587458E1,1.937500000E1
1.202849858E1,1.937500000E1
1.203112358E1,1.937500000E1
1.203374758E1,1.937500000E1
1.203637258E1,1.937500000E1
1.203899658E1,1.937500000E1
1.204162158E1,1.937500000E1
1.204424558E1,1.937500000E1
1.204687058E1,1.937500000E1
1.204949458E1,1.937500000E1
1.205211958E1,1.937500000E1
1.205474358E1,1.937500000E1
1.205736858E1,1.937500000E1
1.205999358E1,1.937500000E1
1.206261758E1,1.937500000E1
1.206524258E1,1.937500000E1
1.206786658E1,1.937500000E1
1.207049158E1,1.937500000E1
1.207311558E1,2.062500000E1
1.207574058E1,2.062500000E1
1.207836458E1,2.062500000E1
1.208098958E1,2.062500000E1
1.208361358E1,2.062500000E1
1.208623858E1,2.062500000E1
1.208886258E1,2.062500000E1
1.209148758E1,2.062500000E1
1.209411158E1,2.062500000E1
1.209673658E1,2.062500000E1
1.209936058E1,1.937500000E1
1.210198558E1,1.937500000E1
1.210460958E1,1.937500000E1
1.210723458E1,1.937500000E1
1.210985858E1,1.937500000E1
1.211248358E1,1.937500000E1
1.211510758E1,1.937500000E1
1.211773258E1,1.937500000E1
1.212035658E1,1.937500000E1
1.212298158E1,1.937500000E1
1.212560558E1,1.937500000E1
1.212823058E1,1.937500000E1
1.213085458E1,1.937500000E1
1.213347958E1,1.937500000E1
1.213610358E1,1.937500000E1
1.213872858E1,1.937500000E1
1.214135258E1,1.937500000E1
1.214397758E1,1.937500000E1
1.214660158E1,1.937500000E1
1.214922658E1,1.937500000E1
1.215185058E1,1.937500000E1
1.215447558E1,1.937500000E1
1.215709958E1,1.937500000E1
1.215972458E1,1.937500000E1
1.216234858E1,1.937500000E1
1.216497358E1,1.937500000E1
1.216759858E1,1.937500000E1
1.217022258E1,1.937500000E1
1.217284758E1,1.937500000E1
1.217547158E1,1.937500000E1
1.217809658E1,1.937500000E1
1.218072058E1,1.937500000E1
1.218334558E1,1.937500000E1
1.218596958E1,1.937500000E1
1.218859458E1,1.937500000E1
1.219121858E1,1.937500000E1
1.219384358E1,1.937500000E1
1.219646758E1,1.937500000E1
1.219909258E1,1.937500000E1
1.220171658E1,1.937500000E1
1.220434158E1,1.937500000E1
1.220696558E1,1.937500000E1
1.220959058E1,1.937500000E1
1.221221458E1,1.937500000E1
1.221483958E1,1.937500000E1
1.221746358E1,1.937500000E1
1.222008858E1,1.937500000E1
1.222271258E1,1.937500000E1
1.222533758E1,1.937500000E1
1.222796158E1,1.937500000E1
1.223058658E1,1.937500000E1
1.223321058E1,1.937500000E1
1.223583558E1,1.937500000E1
1.223845958E1,1.937500000E1
1.224108458E1,1.937500000E1
1.224370858E1,1.937500000E1
1.224633358E1,1.937500000E1
