"Time (s)","Illuminance (lx)"
0.000000000E0,7.087500000E1
9.629551000E-3,7.087500000E1
1.228455100E-2,7.087500000E1
1.490855100E-2,7.087500000E1
1.753355100E-2,7.087500000E1
2.015755100E-2,7.087500000E1
2.278255100E-2,7.087500000E1
2.540655100E-2,7.087500000E1
2.803155100E-2,7.087500000E1
3.065555100E-2,7.087500000E1
3.328055100E-2,7.087500000E1
3.590455100E-2,7.087500000E1
3.852955100E-2,7.087500000E1
4.115355100E-2,7.087500000E1
4.377855100E-2,7.087500000E1
4.640255100E-2,7.087500000E1
4.902755100E-2,7.087500000E1
5.165155100E-2,7.087500000E1
5.427655100E-2,7.087500000E1
5.690055100E-2,7.087500000E1
5.952555100E-2,7.087500000E1
6.214955100E-2,7.087500000E1
6.477455100E-2,7.087500000E1
6.739855100E-2,7.087500000E1
7.002355100E-2,7.087500000E1
7.264755100E-2,7.087500000E1
7.527255100E-2,7.087500000E1
7.789755100E-2,7.087500000E1
8.052155100E-2,7.087500000E1
8.314655100E-2,7.087500000E1
8.577055100E-2,7.087500000E1
8.839555100E-2,7.087500000E1
9.101955100E-2,7.087500000E1
9.364455100E-2,7.087500000E1
9.626855100E-2,7.087500000E1
9.889355100E-2,7.087500000E1
1.015175510E-1,7.087500000E1
1.041425510E-1,7.087500000E1
1.067665510E-1,7.087500000E1
1.093915510E-1,7.087500000E1
1.120155510E-1,7.087500000E1
1.146405510E-1,7.087500000E1
1.172645510E-1,7.087500000E1
1.198895510E-1,7.087500000E1
1.225135510E-1,7.087500000E1
1.251385510E-1,7.087500000E1
1.277625510E-1,7.087500000E1
1.303875510E-1,7.087500000E1
1.330115510E-1,7.087500000E1
1.356365510E-1,7.087500000E1
1.382605510E-1,7.087500000E1
1.408855510E-1,7.087500000E1
1.435095510E-1,7.087500000E1
1.461345510E-1,7.087500000E1
1.487585510E-1,7.087500000E1
1.513835510E-1,7.087500000E1
1.540075510E-1,7.087500000E1
1.566325510E-1,7.087500000E1
1.592565510E-1,7.087500000E1
1.618815510E-1,7.087500000E1
1.645055510E-1,7.087500000E1
1.671305510E-1,7.087500000E1
1.697545510E-1,7.087500000E1
1.723795510E-1,7.087500000E1
1.750035510E-1,7.087500000E1
1.776285510E-1,7.087500000E1
1.802525510E-1,7.087500000E1
1.828775510E-1,7.087500000E1
1.855015510E-1,7.087500000E1
1.881265510E-1,7.087500000E1
1.907515510E-1,7.087500000E1
1.933755510E-1,7.087500000E1
1.960005510E-1,7.087500000E1
1.986245510E-1,7.087500000E1
2.012495510E-1,7.087500000E1
2.038735510E-1,7.087500000E1
2.064985510E-1,7.087500000E1
2.091225510E-1,7.087500000E1
2.117475510E-1,7.087500000E1
2.143715510E-1,7.087500000E1
2.169965510E-1,7.087500000E1
2.196205510E-1,7.087500000E1
2.222455510E-1,7.087500000E1
2.248695510E-1,7.087500000E1
2.274945510E-1,7.087500000E1
2.301185510E-1,7.087500000E1
2.327435510E-1,7.087500000E1
2.353675510E-1,7.087500000E1
2.379925510E-1,7.087500000E1
2.406165510E-1,7.087500000E1
2.432415510E-1,7.087500000E1
2.458655510E-1,7.087500000E1
2.484905510E-1,7.087500000E1
2.511145510E-1,7.087500000E1
2.537395510E-1,7.087500000E1
2.563635510E-1,7.087500000E1
2.589885510E-1,7.087500000E1
2.616125510E-1,7.087500000E1
2.642375510E-1,7.087500000E1
2.668615510E-1,7.087500000E1
2.694865510E-1,7.087500000E1
2.721105510E-1,7.087500000E1
2.747355510E-1,7.087500000E1
2.773595510E-1,7.087500000E1
2.799845510E-1,7.087500000E1
2.826085510E-1,7.087500000E1
2.852335510E-1,7.087500000E1
2.878575510E-1,7.087500000E1
2.904825510E-1,7.087500000E1
2.931065510E-1,7.087500000E1
2.957315510E-1,7.087500000E1
2.983555510E-1,7.087500000E1
3.009805510E-1,7.087500000E1
3.036055510E-1,7.087500000E1
3.062295510E-1,7.087500000E1
3.088545510E-1,7.087500000E1
3.114785510E-1,7.087500000E1
3.141035510E-1,7.087500000E1
3.167275510E-1,7.087500000E1
3.193525510E-1,7.087500000E1
3.219765510E-1,7.087500000E1
3.246015510E-1,7.087500000E1
3.272255510E-1,7.087500000E1
3.298505510E-1,7.087500000E1
3.324745510E-1,7.087500000E1
3.350995510E-1,7.087500000E1
3.377235510E-1,7.087500000E1
3.403485510E-1,7.087500000E1
3.429725510E-1,7.087500000E1
3.455975510E-1,7.087500000E1
3.482215510E-1,7.087500000E1
3.508465510E-1,7.087500000E1
3.534705510E-1,7.087500000E1
3.560955510E-1,7.087500000E1
3.587195510E-1,7.087500000E1
3.613445510E-1,7.087500000E1
3.639685510E-1,7.087500000E1
3.665935510E-1,7.087500000E1
3.692175510E-1,7.087500000E1
3.718425510E-1,7.087500000E1
3.744665510E-1,7.087500000E1
3.770915510E-1,7.087500000E1
3.797155510E-1,7.087500000E1
3.823405510E-1,7.087500000E1
3.849645510E-1,7.087500000E1
3.875895510E-1,7.087500000E1
3.902135510E-1,7.087500000E1
3.928385510E-1,7.087500000E1
3.954625510E-1,7.087500000E1
3.980875510E-1,7.087500000E1
4.007115510E-1,7.087500000E1
4.033365510E-1,7.087500000E1
4.059605510E-1,7.087500000E1
4.085855510E-1,7.087500000E1
4.112095510E-1,7.087500000E1
4.138345510E-1,7.087500000E1
4.164595510E-1,7.087500000E1
4.190835510E-1,7.087500000E1
4.217085510E-1,7.087500000E1
4.243325510E-1,7.087500000E1
4.269575510E-1,7.087500000E1
4.295815510E-1,7.087500000E1
4.322065510E-1,7.087500000E1
4.348305510E-1,7.087500000E1
4.374555510E-1,7.087500000E1
4.400795510E-1,7.087500000E1
4.427045510E-1,7.087500000E1
4.453285510E-1,7.087500000E1
4.479535510E-1,7.087500000E1
4.505775510E-1,7.087500000E1
4.532025510E-1,7.087500000E1
4.558265510E-1,7.087500000E1
4.584515510E-1,7.087500000E1
4.610755510E-1,7.087500000E1
4.637005510E-1,7.087500000E1
4.663245510E-1,7.087500000E1
4.689495510E-1,7.087500000E1
4.715735510E-1,7.087500000E1
4.741985510E-1,7.087500000E1
4.768225510E-1,7.087500000E1
4.794475510E-1,7.087500000E1
4.820715510E-1,7.087500000E1
4.846965510E-1,7.087500000E1
4.873205510E-1,7.087500000E1
4.899455510E-1,7.087500000E1
4.925695510E-1,7.087500000E1
4.951945510E-1,7.087500000E1
4.978185510E-1,7.087500000E1
5.004435510E-1,7.087500000E1
5.030675510E-1,7.087500000E1
5.056925510E-1,7.087500000E1
5.083165510E-1,7.087500000E1
5.109415510E-1,7.087500000E1
5.135655510E-1,7.087500000E1
5.161905510E-1,7.087500000E1
5.188145510E-1,7.087500000E1
5.214395510E-1,7.087500000E1
5.240645510E-1,7.087500000E1
5.266885510E-1,7.087500000E1
5.293135510E-1,7.087500000E1
5.319375510E-1,7.087500000E1
5.345625510E-1,7.087500000E1
5.371865510E-1,7.087500000E1
5.398115510E-1,7.087500000E1
5.424355510E-1,7.087500000E1
5.450605510E-1,7.087500000E1
5.476845510E-1,7.087500000E1
5.503095510E-1,7.087500000E1
5.529335510E-1,7.087500000E1
5.555585510E-1,7.087500000E1
5.581825510E-1,7.087500000E1
5.608075510E-1,7.087500000E1
5.634315510E-1,7.087500000E1
5.660565510E-1,7.087500000E1
5.686805510E-1,7.087500000E1
5.713055510E-1,7.087500000E1
5.739295510E-1,7.087500000E1
5.765545510E-1,7.087500000E1
5.791785510E-1,7.087500000E1
5.818035510E-1,7.087500000E1
5.844275510E-1,7.087500000E1
5.870525510E-1,7.087500000E1
5.896765510E-1,7.087500000E1
5.923015510E-1,7.087500000E1
5.949255510E-1,7.087500000E1
5.975505510E-1,7.087500000E1
6.001745510E-1,7.087500000E1
6.027995510E-1,7.087500000E1
6.054235510E-1,7.087500000E1
6.080485510E-1,7.087500000E1
6.106725510E-1,7.087500000E1
6.132975510E-1,7.087500000E1
6.159215510E-1,7.087500000E1
6.185465510E-1,7.087500000E1
6.211705510E-1,7.087500000E1
6.237955510E-1,7.087500000E1
6.264195510E-1,7.087500000E1
6.290445510E-1,7.087500000E1
6.316685510E-1,7.087500000E1
6.342935510E-1,7.087500000E1
6.369185510E-1,7.087500000E1
6.395425510E-1,7.087500000E1
6.421675510E-1,7.087500000E1
6.447915510E-1,7.087500000E1
6.474165510E-1,7.087500000E1
6.500405510E-1,7.087500000E1
6.526655510E-1,7.087500000E1
6.552895510E-1,7.087500000E1
6.579145510E-1,7.087500000E1
6.605385510E-1,7.087500000E1
6.631635510E-1,7.087500000E1
6.657875510E-1,7.087500000E1
6.684125510E-1,7.087500000E1
6.710365510E-1,7.087500000E1
6.736615510E-1,7.087500000E1
6.762855510E-1,7.087500000E1
6.789105510E-1,7.087500000E1
6.815345510E-1,7.087500000E1
6.841595510E-1,7.087500000E1
6.867835510E-1,7.087500000E1
6.894085510E-1,7.087500000E1
6.920325510E-1,7.087500000E1
6.946575510E-1,7.087500000E1
6.972815510E-1,7.087500000E1
6.999065510E-1,7.087500000E1
7.025305510E-1,7.087500000E1
7.051555510E-1,7.087500000E1
7.077795510E-1,7.087500000E1
7.104045510E-1,7.087500000E1
7.130285510E-1,7.087500000E1
7.156535510E-1,7.087500000E1
7.182775510E-1,7.087500000E1
7.209025510E-1,7.087500000E1
7.235265510E-1,7.087500000E1
7.261515510E-1,7.087500000E1
7.287755510E-1,7.087500000E1
7.314005510E-1,7.087500000E1
7.340245510E-1,7.087500000E1
7.366495510E-1,7.087500000E1
7.392735510E-1,7.087500000E1
7.418985510E-1,7.087500000E1
7.445225510E-1,7.087500000E1
7.471475510E-1,7.087500000E1
7.497725510E-1,7.087500000E1
7.523965510E-1,7.087500000E1
7.550215510E-1,7.087500000E1
7.576455510E-1,7.087500000E1
7.602705510E-1,7.087500000E1
7.628945510E-1,7.087500000E1
7.655195510E-1,7.087500000E1
7.681435510E-1,7.087500000E1
7.707685510E-1,7.087500000E1
7.733925510E-1,7.087500000E1
7.760175510E-1,7.087500000E1
7.786415510E-1,7.087500000E1
7.812665510E-1,7.087500000E1
7.838905510E-1,7.087500000E1
7.865155510E-1,7.087500000E1
7.891395510E-1,7.087500000E1
7.917645510E-1,7.087500000E1
7.943885510E-1,7.087500000E1
7.970135510E-1,7.087500000E1
7.996375510E-1,7.087500000E1
8.022625510E-1,7.087500000E1
8.048865510E-1,7.087500000E1
8.075115510E-1,7.087500000E1
8.101355510E-1,7.087500000E1
8.127605510E-1,7.087500000E1
8.153845510E-1,7.087500000E1
8.180095510E-1,7.087500000E1
8.206335510E-1,7.087500000E1
8.232585510E-1,7.087500000E1
8.258825510E-1,7.087500000E1
8.285075510E-1,7.087500000E1
8.311315510E-1,7.087500000E1
8.337565510E-1,7.087500000E1
8.363805510E-1,7.087500000E1
8.390055510E-1,7.087500000E1
8.416295510E-1,7.087500000E1
8.442545510E-1,7.087500000E1
8.468785510E-1,7.087500000E1
8.495035510E-1,7.087500000E1
8.521275510E-1,7.087500000E1
8.547525510E-1,7.087500000E1
8.573765510E-1,7.087500000E1
8.600015510E-1,7.087500000E1
8.626265510E-1,7.087500000E1
8.652505510E-1,7.087500000E1
8.678755510E-1,7.087500000E1
8.704995510E-1,7.087500000E1
8.731245510E-1,7.087500000E1
8.757485510E-1,7.087500000E1
8.783735510E-1,7.087500000E1
8.809975510E-1,7.087500000E1
8.836225510E-1,7.087500000E1
8.862465510E-1,7.087500000E1
8.888715510E-1,7.087500000E1
8.914955510E-1,7.087500000E1
8.941205510E-1,7.087500000E1
8.967445510E-1,7.087500000E1
8.993695510E-1,7.087500000E1
9.019935510E-1,7.087500000E1
9.046185510E-1,7.087500000E1
9.072425510E-1,7.087500000E1
9.098675510E-1,7.087500000E1
9.124915510E-1,7.087500000E1
9.151165510E-1,7.087500000E1
9.177405510E-1,7.087500000E1
9.203655510E-1,7.087500000E1
9.229895510E-1,7.087500000E1
9.256145510E-1,7.087500000E1
9.282385510E-1,7.087500000E1
9.308635510E-1,7.087500000E1
9.334875510E-1,7.087500000E1
9.361125510E-1,7.087500000E1
9.387365510E-1,7.087500000E1
9.413615510E-1,7.087500000E1
9.439855510E-1,7.087500000E1
9.466105510E-1,7.087500000E1
9.492345510E-1,7.087500000E1
9.518595510E-1,7.087500000E1
9.544835510E-1,7.087500000E1
9.571085510E-1,7.087500000E1
9.597325510E-1,7.087500000E1
9.623575510E-1,7.087500000E1
9.649815510E-1,7.087500000E1
9.676065510E-1,7.087500000E1
9.702305510E-1,7.087500000E1
9.728555510E-1,7.087500000E1
9.754805510E-1,7.087500000E1
9.781045510E-1,7.087500000E1
9.807295510E-1,7.087500000E1
9.833535510E-1,7.087500000E1
9.859785510E-1,7.087500000E1
9.886025510E-1,7.087500000E1
9.912275510E-1,7.087500000E1
9.938515510E-1,7.087500000E1
9.964765510E-1,7.087500000E1
9.991005510E-1,7.087500000E1
1.001725551E0,7.087500000E1
1.004349551E0,7.087500000E1
1.006974551E0,7.087500000E1
1.009598551E0,7.087500000E1
1.012223551E0,7.087500000E1
1.014847551E0,7.087500000E1
1.017472551E0,7.087500000E1
1.020096551E0,7.087500000E1
1.022721551E0,7.087500000E1
1.025345551E0,7.087500000E1
1.027970551E0,7.087500000E1
1.030594551E0,7.087500000E1
1.033219551E0,7.087500000E1
1.035843551E0,7.087500000E1
1.038468551E0,7.087500000E1
1.041092551E0,7.087500000E1
1.043717551E0,7.087500000E1
1.046341551E0,7.087500000E1
1.048966551E0,7.087500000E1
1.051590551E0,7.087500000E1
1.054215551E0,7.087500000E1
1.056839551E0,7.087500000E1
1.059464551E0,7.087500000E1
1.062088551E0,7.087500000E1
1.064713551E0,7.087500000E1
1.067337551E0,7.087500000E1
1.069962551E0,7.087500000E1
1.072586551E0,7.087500000E1
1.075211551E0,7.087500000E1
1.077835551E0,7.087500000E1
1.080460551E0,7.087500000E1
1.083084551E0,7.087500000E1
1.085709551E0,7.087500000E1
1.088334551E0,7.087500000E1
1.090958551E0,7.087500000E1
1.093583551E0,7.087500000E1
1.096207551E0,7.087500000E1
1.098832551E0,7.087500000E1
1.101456551E0,7.087500000E1
1.104081551E0,7.087500000E1
1.106705551E0,7.087500000E1
1.109330551E0,7.087500000E1
1.111954551E0,7.087500000E1
1.114579551E0,7.087500000E1
1.117203551E0,7.087500000E1
1.119828551E0,7.087500000E1
1.122452551E0,7.087500000E1
1.125077551E0,7.087500000E1
1.127701551E0,7.087500000E1
1.130326551E0,7.087500000E1
1.132950551E0,7.087500000E1
1.135575551E0,7.087500000E1
1.138199551E0,7.087500000E1
1.140824551E0,7.087500000E1
1.143448551E0,7.087500000E1
1.146073551E0,7.087500000E1
1.148697551E0,7.087500000E1
1.151322551E0,7.087500000E1
1.153946551E0,7.087500000E1
1.156571551E0,7.087500000E1
1.159195551E0,7.087500000E1
1.161820551E0,7.087500000E1
1.164444551E0,7.087500000E1
1.167069551E0,7.087500000E1
1.169693551E0,7.087500000E1
1.172318551E0,7.087500000E1
1.174942551E0,7.087500000E1
1.177567551E0,7.087500000E1
1.180191551E0,7.087500000E1
1.182816551E0,7.087500000E1
1.185440551E0,7.087500000E1
1.188065551E0,7.087500000E1
1.190689551E0,7.087500000E1
1.193314551E0,7.087500000E1
1.195939551E0,7.087500000E1
1.198563551E0,7.087500000E1
1.201188551E0,7.087500000E1
1.203812551E0,7.087500000E1
1.206437551E0,7.087500000E1
1.209061551E0,7.087500000E1
1.211686551E0,7.087500000E1
1.214310551E0,7.087500000E1
1.216935551E0,7.087500000E1
1.219559551E0,7.087500000E1
1.222184551E0,7.087500000E1
1.224808551E0,7.087500000E1
1.227433551E0,7.087500000E1
1.230057551E0,7.087500000E1
1.232682551E0,7.087500000E1
1.235306551E0,7.087500000E1
1.237931551E0,7.087500000E1
1.240555551E0,7.087500000E1
1.243180551E0,7.087500000E1
1.245804551E0,7.087500000E1
1.248429551E0,7.087500000E1
1.251053551E0,7.087500000E1
1.253678551E0,7.087500000E1
1.256302551E0,7.087500000E1
1.258927551E0,7.087500000E1
1.261551551E0,7.087500000E1
1.264176551E0,7.087500000E1
1.266800551E0,7.087500000E1
1.269425551E0,7.087500000E1
1.272049551E0,7.087500000E1
1.274674551E0,7.087500000E1
1.277298551E0,7.087500000E1
1.279923551E0,7.087500000E1
1.282547551E0,7.087500000E1
1.285172551E0,7.087500000E1
1.287796551E0,7.087500000E1
1.290421551E0,7.087500000E1
1.293045551E0,7.087500000E1
1.295670551E0,7.087500000E1
1.298294551E0,7.087500000E1
1.300919551E0,7.087500000E1
1.303543551E0,7.087500000E1
1.306168551E0,7.087500000E1
1.308793551E0,7.087500000E1
1.311417551E0,7.087500000E1
1.314042551E0,7.087500000E1
1.316666551E0,7.087500000E1
1.319291551E0,7.087500000E1
1.321915551E0,7.087500000E1
1.324540551E0,7.087500000E1
1.327164551E0,7.087500000E1
1.329789551E0,7.087500000E1
1.332413551E0,7.087500000E1
1.335038551E0,7.087500000E1
1.337662551E0,7.087500000E1
1.340287551E0,7.087500000E1
1.342911551E0,7.087500000E1
1.345536551E0,7.087500000E1
1.348160551E0,7.087500000E1
1.350785551E0,7.087500000E1
1.353409551E0,7.087500000E1
1.356034551E0,7.087500000E1
1.358658551E0,7.087500000E1
1.361283551E0,7.087500000E1
1.363907551E0,7.087500000E1
1.366532551E0,7.087500000E1
1.369156551E0,7.087500000E1
1.371781551E0,7.087500000E1
1.374405551E0,7.087500000E1
1.377030551E0,7.087500000E1
1.379654551E0,7.087500000E1
1.382279551E0,7.087500000E1
1.384903551E0,7.087500000E1
1.387528551E0,7.087500000E1
1.390152551E0,7.087500000E1
1.392777551E0,7.087500000E1
1.395401551E0,7.087500000E1
1.398026551E0,7.087500000E1
1.400650551E0,7.087500000E1
1.403275551E0,7.087500000E1
1.405899551E0,7.087500000E1
1.408524551E0,7.087500000E1
1.411148551E0,7.087500000E1
1.413773551E0,7.087500000E1
1.416397551E0,7.087500000E1
1.419022551E0,7.087500000E1
1.421647551E0,7.087500000E1
1.424271551E0,7.087500000E1
1.426896551E0,7.087500000E1
1.429520551E0,7.087500000E1
1.432145551E0,7.087500000E1
1.434769551E0,7.087500000E1
1.437394551E0,7.087500000E1
1.440018551E0,7.087500000E1
1.442643551E0,7.087500000E1
1.445267551E0,7.087500000E1
1.447892551E0,7.087500000E1
1.450516551E0,7.087500000E1
1.453141551E0,7.087500000E1
1.455765551E0,7.087500000E1
1.458390551E0,7.087500000E1
1.461014551E0,7.087500000E1
1.463639551E0,7.087500000E1
1.466263551E0,7.087500000E1
1.468888551E0,7.087500000E1
1.471512551E0,7.087500000E1
1.474137551E0,7.087500000E1
1.476761551E0,7.087500000E1
1.479386551E0,7.087500000E1
1.482010551E0,7.087500000E1
1.484635551E0,7.087500000E1
1.487259551E0,7.087500000E1
1.489884551E0,7.087500000E1
1.492508551E0,7.087500000E1
1.495133551E0,7.087500000E1
1.497757551E0,7.087500000E1
1.500382551E0,7.087500000E1
1.503006551E0,7.087500000E1
1.505631551E0,7.087500000E1
1.508255551E0,7.087500000E1
1.510880551E0,7.087500000E1
1.513504551E0,7.087500000E1
1.516129551E0,7.087500000E1
1.518753551E0,7.087500000E1
1.521378551E0,7.087500000E1
1.524002551E0,7.087500000E1
1.526627551E0,7.087500000E1
1.529251551E0,7.087500000E1
1.531876551E0,7.087500000E1
1.534501551E0,7.087500000E1
1.537125551E0,7.087500000E1
1.539750551E0,7.087500000E1
1.542374551E0,7.087500000E1
1.544999551E0,7.087500000E1
1.547623551E0,7.087500000E1
1.550248551E0,7.087500000E1
1.552872551E0,7.087500000E1
1.555497551E0,7.087500000E1
1.558121551E0,7.087500000E1
1.560746551E0,7.087500000E1
1.563370551E0,7.087500000E1
1.565995551E0,7.087500000E1
1.568619551E0,7.087500000E1
1.571244551E0,7.087500000E1
1.573868551E0,7.087500000E1
1.576493551E0,7.087500000E1
1.579117551E0,7.087500000E1
1.581742551E0,7.087500000E1
1.584366551E0,7.087500000E1
1.586991551E0,7.087500000E1
1.589615551E0,7.087500000E1
1.592240551E0,7.087500000E1
1.594864551E0,7.087500000E1
1.597489551E0,7.087500000E1
1.600113551E0,7.087500000E1
1.602738551E0,7.087500000E1
1.605362551E0,7.087500000E1
1.607987551E0,7.087500000E1
1.610611551E0,7.087500000E1
1.613236551E0,7.087500000E1
1.615860551E0,7.087500000E1
1.618485551E0,7.087500000E1
1.621109551E0,7.087500000E1
1.623734551E0,7.087500000E1
1.626358551E0,7.087500000E1
1.628983551E0,7.087500000E1
1.631607551E0,7.087500000E1
1.634232551E0,7.087500000E1
1.636856551E0,7.087500000E1
1.639481551E0,7.087500000E1
1.642105551E0,7.087500000E1
1.644730551E0,7.087500000E1
1.647355551E0,7.087500000E1
1.649979551E0,7.087500000E1
1.652604551E0,7.087500000E1
1.655228551E0,7.087500000E1
1.657853551E0,7.087500000E1
1.660477551E0,7.087500000E1
1.663102551E0,7.087500000E1
1.665726551E0,7.087500000E1
1.668351551E0,7.087500000E1
1.670975551E0,7.087500000E1
1.673600551E0,7.087500000E1
1.676224551E0,7.087500000E1
1.678849551E0,7.087500000E1
1.681473551E0,7.087500000E1
1.684098551E0,7.087500000E1
1.686722551E0,7.087500000E1
1.689347551E0,7.087500000E1
1.691971551E0,7.087500000E1
1.694596551E0,7.087500000E1
1.697220551E0,7.087500000E1
1.699845551E0,7.087500000E1
1.702469551E0,7.087500000E1
1.705094551E0,7.087500000E1
1.707718551E0,7.087500000E1
1.710343551E0,7.087500000E1
1.712967551E0,7.087500000E1
1.715592551E0,7.087500000E1
1.718216551E0,7.087500000E1
1.720841551E0,7.087500000E1
1.723465551E0,7.087500000E1
1.726090551E0,7.087500000E1
1.728714551E0,7.087500000E1
1.731339551E0,7.087500000E1
1.733963551E0,7.087500000E1
1.736588551E0,7.087500000E1
1.739212551E0,7.087500000E1
1.741837551E0,7.087500000E1
1.744461551E0,7.087500000E1
1.747086551E0,7.087500000E1
1.749710551E0,7.087500000E1
1.752335551E0,7.087500000E1
1.754959551E0,7.087500000E1
1.757584551E0,7.087500000E1
1.760209551E0,7.087500000E1
1.762833551E0,7.087500000E1
1.765458551E0,7.087500000E1
1.768082551E0,7.087500000E1
1.770707551E0,7.087500000E1
1.773331551E0,7.087500000E1
1.775956551E0,7.087500000E1
1.778580551E0,7.087500000E1
1.781205551E0,7.087500000E1
1.783829551E0,7.087500000E1
1.786454551E0,7.087500000E1
1.789078551E0,7.087500000E1
1.791703551E0,7.087500000E1
1.794327551E0,7.087500000E1
1.796952551E0,7.087500000E1
1.799576551E0,7.087500000E1
1.802201551E0,7.087500000E1
1.804825551E0,7.087500000E1
1.807450551E0,7.087500000E1
1.810074551E0,7.087500000E1
1.812699551E0,7.087500000E1
1.815323551E0,7.087500000E1
1.817948551E0,7.087500000E1
1.820572551E0,7.087500000E1
1.823197551E0,7.087500000E1
1.825821551E0,7.087500000E1
1.828446551E0,7.087500000E1
1.831070551E0,7.087500000E1
1.833695551E0,7.087500000E1
1.836319551E0,7.087500000E1
1.838944551E0,7.087500000E1
1.841568551E0,7.087500000E1
1.844193551E0,7.087500000E1
1.846817551E0,7.087500000E1
1.849442551E0,7.087500000E1
1.852066551E0,7.087500000E1
1.854691551E0,7.087500000E1
1.857315551E0,7.087500000E1
1.859940551E0,7.087500000E1
1.862564551E0,7.087500000E1
1.865189551E0,7.087500000E1
1.867814551E0,7.087500000E1
1.870438551E0,7.087500000E1
1.873063551E0,7.087500000E1
1.875687551E0,7.087500000E1
1.878312551E0,7.087500000E1
1.880936551E0,7.087500000E1
1.883561551E0,7.087500000E1
1.886185551E0,7.087500000E1
1.888810551E0,7.087500000E1
1.891434551E0,7.087500000E1
1.894059551E0,7.087500000E1
1.896683551E0,7.087500000E1
1.899308551E0,7.087500000E1
1.901932551E0,7.087500000E1
1.904557551E0,7.087500000E1
1.907181551E0,7.087500000E1
1.909806551E0,7.087500000E1
1.912430551E0,7.087500000E1
1.915055551E0,7.087500000E1
1.917679551E0,7.087500000E1
1.920304551E0,7.087500000E1
1.922928551E0,7.087500000E1
1.925553551E0,7.087500000E1
1.928177551E0,7.087500000E1
1.930802551E0,7.087500000E1
1.933426551E0,7.087500000E1
1.936051551E0,7.087500000E1
1.938675551E0,7.087500000E1
1.941300551E0,7.087500000E1
1.943924551E0,7.087500000E1
1.946549551E0,7.087500000E1
1.949173551E0,7.087500000E1
1.951798551E0,7.087500000E1
1.954422551E0,7.087500000E1
1.957047551E0,7.087500000E1
1.959671551E0,7.087500000E1
1.962296551E0,7.087500000E1
1.964920551E0,7.087500000E1
1.967545551E0,7.087500000E1
1.970169551E0,7.087500000E1
1.972794551E0,7.087500000E1
1.975418551E0,7.087500000E1
1.978043551E0,7.087500000E1
1.980668551E0,7.087500000E1
1.983292551E0,7.087500000E1
1.985917551E0,7.087500000E1
1.988541551E0,7.087500000E1
1.991166551E0,7.087500000E1
1.993790551E0,7.087500000E1
1.996415551E0,7.087500000E1
1.999039551E0,7.087500000E1
2.001664551E0,7.087500000E1
2.004288551E0,7.087500000E1
2.006913551E0,7.087500000E1
2.009537551E0,7.087500000E1
2.012162551E0,7.087500000E1
2.014786551E0,7.087500000E1
2.017411551E0,7.087500000E1
2.020035551E0,7.087500000E1
2.022660551E0,7.087500000E1
2.025284551E0,7.087500000E1
2.027909551E0,7.087500000E1
2.030533551E0,7.087500000E1
2.033158551E0,7.087500000E1
2.035782551E0,7.087500000E1
2.038407551E0,7.087500000E1
2.041031551E0,7.087500000E1
2.043656551E0,7.087500000E1
2.046280551E0,7.087500000E1
2.048905551E0,7.087500000E1
2.051529551E0,7.087500000E1
2.054154551E0,7.087500000E1
2.056778551E0,7.087500000E1
2.059403551E0,7.087500000E1
2.062027551E0,7.087500000E1
2.064652551E0,7.087500000E1
2.067276551E0,7.087500000E1
2.069901551E0,7.087500000E1
2.072525551E0,7.087500000E1
2.075150551E0,7.087500000E1
2.077774551E0,7.087500000E1
2.080399551E0,7.087500000E1
2.083023551E0,7.087500000E1
2.085648551E0,7.087500000E1
2.088272551E0,7.087500000E1
2.090897551E0,7.087500000E1
2.093522551E0,7.087500000E1
2.096146551E0,7.087500000E1
2.098771551E0,7.087500000E1
2.101395551E0,7.087500000E1
2.104020551E0,7.087500000E1
2.106644551E0,7.087500000E1
2.109269551E0,7.087500000E1
2.111893551E0,7.087500000E1
2.114518551E0,7.087500000E1
2.117142551E0,7.087500000E1
2.119767551E0,7.087500000E1
2.122391551E0,7.087500000E1
2.125016551E0,7.087500000E1
2.127640551E0,7.087500000E1
2.130265551E0,7.087500000E1
2.132889551E0,7.087500000E1
2.135514551E0,7.087500000E1
2.138138551E0,7.087500000E1
2.140763551E0,7.087500000E1
2.143387551E0,7.087500000E1
2.146012551E0,7.087500000E1
2.148636551E0,7.087500000E1
2.151261551E0,7.087500000E1
2.153885551E0,7.087500000E1
2.156510551E0,7.087500000E1
2.159134551E0,7.087500000E1
2.161759551E0,7.087500000E1
2.164383551E0,7.087500000E1
2.167008551E0,7.087500000E1
2.169632551E0,7.087500000E1
2.172257551E0,7.087500000E1
2.174881551E0,7.087500000E1
2.177506551E0,7.087500000E1
2.180130551E0,7.087500000E1
2.182755551E0,7.087500000E1
2.185379551E0,7.087500000E1
2.188004551E0,7.087500000E1
2.190628551E0,7.087500000E1
2.193253551E0,7.087500000E1
2.195877551E0,7.087500000E1
2.198502551E0,7.087500000E1
2.201126551E0,7.087500000E1
2.203751551E0,7.087500000E1
2.206376551E0,7.087500000E1
2.209000551E0,7.087500000E1
2.211625551E0,7.087500000E1
2.214249551E0,7.087500000E1
2.216874551E0,7.087500000E1
2.219498551E0,7.087500000E1
2.222123551E0,7.087500000E1
2.224747551E0,7.087500000E1
2.227372551E0,7.087500000E1
2.229996551E0,7.087500000E1
2.232621551E0,7.087500000E1
2.235245551E0,7.087500000E1
2.237870551E0,7.087500000E1
2.240494551E0,7.087500000E1
2.243119551E0,7.087500000E1
2.245743551E0,7.087500000E1
2.248368551E0,7.087500000E1
2.250992551E0,7.087500000E1
2.253617551E0,7.087500000E1
2.256241551E0,7.087500000E1
2.258866551E0,7.087500000E1
2.261490551E0,7.087500000E1
2.264115551E0,7.087500000E1
2.266739551E0,7.087500000E1
2.269364551E0,7.087500000E1
2.271988551E0,7.087500000E1
2.274613551E0,7.087500000E1
2.277237551E0,7.087500000E1
2.279862551E0,7.087500000E1
2.282486551E0,7.087500000E1
2.285111551E0,7.087500000E1
2.287735551E0,7.087500000E1
2.290360551E0,7.087500000E1
2.292984551E0,7.087500000E1
2.295609551E0,7.087500000E1
2.298233551E0,7.087500000E1
2.300858551E0,7.087500000E1
2.303482551E0,7.087500000E1
2.306107551E0,7.087500000E1
2.308731551E0,7.087500000E1
2.311356551E0,7.087500000E1
2.313980551E0,7.087500000E1
2.316605551E0,7.087500000E1
2.319230551E0,7.087500000E1
2.321854551E0,7.087500000E1
2.324479551E0,7.087500000E1
2.327103551E0,7.087500000E1
2.329728551E0,7.087500000E1
2.332352551E0,7.087500000E1
2.334977551E0,7.087500000E1
2.337601551E0,7.087500000E1
2.340226551E0,7.087500000E1
2.342850551E0,7.087500000E1
2.345475551E0,7.087500000E1
2.348099551E0,7.087500000E1
2.350724551E0,7.087500000E1
2.353348551E0,7.087500000E1
2.355973551E0,7.087500000E1
2.358597551E0,7.087500000E1
2.361222551E0,7.087500000E1
2.363846551E0,7.087500000E1
2.366471551E0,7.087500000E1
2.369095551E0,7.087500000E1
2.371720551E0,7.087500000E1
2.374344551E0,7.087500000E1
2.376969551E0,7.087500000E1
2.379593551E0,7.087500000E1
2.382218551E0,7.087500000E1
2.384842551E0,7.087500000E1
2.387467551E0,7.087500000E1
2.390091551E0,7.087500000E1
2.392716551E0,7.087500000E1
2.395340551E0,7.087500000E1
2.397965551E0,7.087500000E1
2.400589551E0,7.087500000E1
2.403214551E0,7.087500000E1
2.405838551E0,7.087500000E1
2.408463551E0,7.087500000E1
2.411087551E0,7.087500000E1
2.413712551E0,7.087500000E1
2.416336551E0,7.087500000E1
2.418961551E0,7.087500000E1
2.421585551E0,7.087500000E1
2.424210551E0,7.087500000E1
2.426834551E0,7.087500000E1
2.429459551E0,7.087500000E1
2.432084551E0,7.087500000E1
2.434708551E0,7.087500000E1
2.437333551E0,7.087500000E1
2.439957551E0,7.087500000E1
2.442582551E0,7.087500000E1
2.445206551E0,7.087500000E1
2.447831551E0,7.087500000E1
2.450455551E0,7.087500000E1
2.453080551E0,7.087500000E1
2.455704551E0,7.087500000E1
2.458329551E0,7.087500000E1
2.460953551E0,7.087500000E1
2.463578551E0,7.087500000E1
2.466202551E0,7.087500000E1
2.468827551E0,7.087500000E1
2.471451551E0,7.087500000E1
2.474076551E0,7.087500000E1
2.476700551E0,7.087500000E1
2.479325551E0,7.087500000E1
2.481949551E0,7.087500000E1
2.484574551E0,7.087500000E1
2.487198551E0,7.087500000E1
2.489823551E0,7.087500000E1
2.492447551E0,7.087500000E1
2.495072551E0,7.087500000E1
2.497696551E0,7.087500000E1
2.500321551E0,7.087500000E1
2.502945551E0,7.087500000E1
2.505570551E0,7.087500000E1
2.508194551E0,7.087500000E1
2.510819551E0,7.087500000E1
2.513443551E0,7.087500000E1
2.516068551E0,7.087500000E1
2.518692551E0,7.087500000E1
2.521317551E0,7.087500000E1
2.523941551E0,7.087500000E1
2.526566551E0,7.087500000E1
2.529190551E0,7.087500000E1
2.531815551E0,7.087500000E1
2.534439551E0,7.087500000E1
2.537064551E0,7.087500000E1
2.539689551E0,7.087500000E1
2.542313551E0,7.087500000E1
2.544938551E0,7.087500000E1
2.547562551E0,7.087500000E1
2.550187551E0,7.087500000E1
2.552811551E0,7.087500000E1
2.555436551E0,7.087500000E1
2.558060551E0,7.087500000E1
2.560685551E0,7.087500000E1
2.563309551E0,7.087500000E1
2.565934551E0,7.087500000E1
2.568558551E0,7.087500000E1
2.571183551E0,7.087500000E1
2.573807551E0,7.087500000E1
2.576432551E0,7.087500000E1
2.579056551E0,7.087500000E1
2.581681551E0,7.087500000E1
2.584305551E0,7.087500000E1
2.586930551E0,7.087500000E1
2.589554551E0,7.087500000E1
2.592179551E0,7.087500000E1
2.594803551E0,7.087500000E1
2.597428551E0,7.087500000E1
2.600052551E0,7.087500000E1
2.602677551E0,7.087500000E1
2.605301551E0,7.087500000E1
2.607926551E0,7.087500000E1
2.610550551E0,7.087500000E1
2.613175551E0,7.087500000E1
2.615799551E0,7.087500000E1
2.618424551E0,7.087500000E1
2.621048551E0,7.087500000E1
2.623673551E0,7.087500000E1
2.626297551E0,7.087500000E1
2.628922551E0,7.087500000E1
2.631546551E0,7.087500000E1
2.634171551E0,7.087500000E1
2.636795551E0,7.087500000E1
2.639420551E0,7.087500000E1
2.642044551E0,7.087500000E1
2.644669551E0,7.087500000E1
2.647293551E0,7.087500000E1
2.649918551E0,7.087500000E1
2.652543551E0,7.087500000E1
2.655167551E0,7.087500000E1
2.657792551E0,7.087500000E1
2.660416551E0,7.087500000E1
2.663041551E0,7.087500000E1
2.665665551E0,7.087500000E1
2.668290551E0,7.087500000E1
2.670914551E0,7.087500000E1
2.673539551E0,7.087500000E1
2.676163551E0,7.087500000E1
2.678788551E0,7.087500000E1
2.681412551E0,7.087500000E1
2.684037551E0,7.087500000E1
2.686661551E0,7.087500000E1
2.689286551E0,7.087500000E1
2.691910551E0,7.087500000E1
2.694535551E0,7.087500000E1
2.697159551E0,7.087500000E1
2.699784551E0,7.087500000E1
2.702408551E0,7.087500000E1
2.705033551E0,7.087500000E1
2.707657551E0,7.087500000E1
2.710282551E0,7.087500000E1
2.712906551E0,7.087500000E1
2.715531551E0,7.087500000E1
2.718155551E0,7.087500000E1
2.720780551E0,7.087500000E1
2.723404551E0,7.087500000E1
2.726029551E0,7.087500000E1
2.728653551E0,7.087500000E1
2.731278551E0,7.087500000E1
2.733902551E0,7.087500000E1
2.736527551E0,7.087500000E1
2.739151551E0,7.087500000E1
2.741776551E0,7.087500000E1
2.744400551E0,7.087500000E1
2.747025551E0,7.087500000E1
2.749649551E0,7.087500000E1
2.752274551E0,7.087500000E1
2.754898551E0,7.087500000E1
2.757523551E0,7.087500000E1
2.760147551E0,7.087500000E1
2.762772551E0,7.087500000E1
2.765397551E0,7.087500000E1
2.768021551E0,7.087500000E1
2.770646551E0,7.087500000E1
2.773270551E0,7.087500000E1
2.775895551E0,7.087500000E1
2.778519551E0,7.087500000E1
2.781144551E0,7.087500000E1
2.783768551E0,7.087500000E1
2.786393551E0,7.087500000E1
2.789017551E0,7.087500000E1
2.791642551E0,7.087500000E1
2.794266551E0,7.087500000E1
2.796891551E0,7.087500000E1
2.799515551E0,7.087500000E1
2.802140551E0,7.087500000E1
2.804764551E0,7.087500000E1
2.807389551E0,7.087500000E1
2.810013551E0,7.087500000E1
2.812638551E0,7.087500000E1
2.815262551E0,7.087500000E1
2.817887551E0,7.087500000E1
2.820511551E0,7.087500000E1
2.823136551E0,7.087500000E1
2.825760551E0,7.087500000E1
2.828385551E0,7.087500000E1
2.831009551E0,7.087500000E1
2.833634551E0,7.087500000E1
2.836258551E0,7.087500000E1
2.838883551E0,7.087500000E1
2.841507551E0,7.087500000E1
2.844132551E0,7.087500000E1
2.846756551E0,7.087500000E1
2.849381551E0,7.087500000E1
2.852005551E0,7.087500000E1
2.854630551E0,7.087500000E1
2.857254551E0,7.087500000E1
2.859879551E0,7.087500000E1
2.862503551E0,7.087500000E1
2.865128551E0,7.087500000E1
2.867752551E0,7.087500000E1
2.870377551E0,7.087500000E1
2.873001551E0,7.087500000E1
2.875626551E0,7.087500000E1
2.878251551E0,7.087500000E1
2.880875551E0,7.087500000E1
2.883500551E0,7.087500000E1
2.886124551E0,7.087500000E1
2.888749551E0,7.087500000E1
2.891373551E0,7.087500000E1
2.893998551E0,7.087500000E1
2.896622551E0,7.087500000E1
2.899247551E0,7.087500000E1
2.901871551E0,7.087500000E1
2.904496551E0,7.087500000E1
2.907120551E0,7.087500000E1
2.909745551E0,7.087500000E1
2.912369551E0,7.087500000E1
2.914994551E0,7.087500000E1
2.917618551E0,7.087500000E1
2.920243551E0,7.087500000E1
2.922867551E0,7.087500000E1
2.925492551E0,7.087500000E1
2.928116551E0,7.087500000E1
2.930741551E0,7.087500000E1
2.933365551E0,7.087500000E1
2.935990551E0,7.087500000E1
2.938614551E0,7.087500000E1
2.941239551E0,7.087500000E1
2.943863551E0,7.087500000E1
2.946488551E0,7.087500000E1
2.949112551E0,7.087500000E1
2.951737551E0,7.087500000E1
2.954361551E0,7.087500000E1
2.956986551E0,7.087500000E1
2.959610551E0,7.087500000E1
2.962235551E0,7.087500000E1
2.964859551E0,7.087500000E1
2.967484551E0,7.087500000E1
2.970108551E0,7.087500000E1
2.972733551E0,7.087500000E1
2.975357551E0,7.087500000E1
2.977982551E0,7.087500000E1
2.980606551E0,7.087500000E1
2.983231551E0,7.087500000E1
2.985855551E0,7.087500000E1
2.988480551E0,7.087500000E1
2.991105551E0,7.087500000E1
2.993729551E0,7.087500000E1
2.996354551E0,7.087500000E1
2.998978551E0,7.087500000E1
3.001603551E0,7.087500000E1
3.004227551E0,7.087500000E1
3.006852551E0,7.087500000E1
3.009476551E0,7.087500000E1
3.012101551E0,7.087500000E1
3.014725551E0,7.087500000E1
3.017350551E0,7.087500000E1
3.019974551E0,7.087500000E1
3.022599551E0,7.087500000E1
3.025223551E0,7.087500000E1
3.027848551E0,7.087500000E1
3.030472551E0,7.087500000E1
3.033097551E0,7.087500000E1
3.035721551E0,7.087500000E1
3.038346551E0,7.087500000E1
3.040970551E0,7.087500000E1
3.043595551E0,7.087500000E1
3.046219551E0,7.087500000E1
3.048844551E0,7.087500000E1
3.051468551E0,7.087500000E1
3.054093551E0,7.087500000E1
3.056717551E0,7.087500000E1
3.059342551E0,7.087500000E1
3.061966551E0,7.087500000E1
3.064591551E0,7.087500000E1
3.067215551E0,7.087500000E1
3.069840551E0,7.087500000E1
3.072464551E0,7.087500000E1
3.075089551E0,7.087500000E1
3.077713551E0,7.087500000E1
3.080338551E0,7.087500000E1
3.082962551E0,7.087500000E1
3.085587551E0,7.087500000E1
3.088211551E0,7.087500000E1
3.090836551E0,7.087500000E1
3.093460551E0,7.087500000E1
3.096085551E0,7.087500000E1
3.098709551E0,7.087500000E1
3.101334551E0,7.087500000E1
3.103959551E0,7.087500000E1
3.106583551E0,7.087500000E1
3.109208551E0,7.087500000E1
3.111832551E0,7.087500000E1
3.114457551E0,7.087500000E1
3.117081551E0,7.087500000E1
3.119706551E0,7.087500000E1
3.122330551E0,7.087500000E1
3.124955551E0,7.087500000E1
3.127579551E0,7.087500000E1
3.130204551E0,7.087500000E1
3.132828551E0,7.087500000E1
3.135453551E0,7.087500000E1
3.138077551E0,7.087500000E1
3.140702551E0,7.087500000E1
3.143326551E0,7.087500000E1
3.145951551E0,7.087500000E1
3.148575551E0,7.087500000E1
3.151200551E0,7.087500000E1
3.153824551E0,7.087500000E1
3.156449551E0,7.087500000E1
3.159073551E0,7.087500000E1
3.161698551E0,7.087500000E1
3.164322551E0,7.087500000E1
3.166947551E0,7.087500000E1
3.169571551E0,7.087500000E1
3.172196551E0,7.087500000E1
3.174820551E0,7.087500000E1
3.177445551E0,7.087500000E1
3.180069551E0,7.087500000E1
3.182694551E0,7.087500000E1
3.185318551E0,7.087500000E1
3.187943551E0,7.087500000E1
3.190567551E0,7.087500000E1
3.193192551E0,7.087500000E1
3.195816551E0,7.087500000E1
3.198441551E0,7.087500000E1
3.201065551E0,7.087500000E1
3.203690551E0,7.087500000E1
3.206314551E0,7.087500000E1
3.208939551E0,7.087500000E1
3.211564551E0,7.087500000E1
3.214188551E0,7.087500000E1
3.216813551E0,7.087500000E1
3.219437551E0,7.087500000E1
3.222062551E0,7.087500000E1
3.224686551E0,7.087500000E1
3.227311551E0,7.087500000E1
3.229935551E0,7.087500000E1
3.232560551E0,7.087500000E1
3.235184551E0,7.087500000E1
3.237809551E0,7.087500000E1
3.240433551E0,7.087500000E1
3.243058551E0,7.087500000E1
3.245682551E0,7.087500000E1
3.248307551E0,7.087500000E1
3.250931551E0,7.087500000E1
3.253556551E0,7.087500000E1
3.256180551E0,7.087500000E1
3.258805551E0,7.087500000E1
3.261429551E0,7.087500000E1
3.264054551E0,7.087500000E1
3.266678551E0,7.087500000E1
3.269303551E0,7.087500000E1
3.271927551E0,7.087500000E1
3.274552551E0,7.087500000E1
3.277176551E0,7.087500000E1
3.279801551E0,7.087500000E1
3.282425551E0,7.087500000E1
3.285050551E0,7.087500000E1
3.287674551E0,7.087500000E1
3.290299551E0,7.087500000E1
3.292923551E0,7.087500000E1
3.295548551E0,7.087500000E1
3.298172551E0,7.087500000E1
3.300797551E0,7.087500000E1
3.303421551E0,7.087500000E1
3.306046551E0,7.087500000E1
3.308670551E0,7.087500000E1
3.311295551E0,7.087500000E1
3.313919551E0,7.087500000E1
3.316544551E0,7.087500000E1
3.319168551E0,7.087500000E1
3.321793551E0,7.087500000E1
3.324418551E0,7.087500000E1
3.327042551E0,7.087500000E1
3.329667551E0,7.087500000E1
3.332291551E0,7.087500000E1
3.334916551E0,7.087500000E1
3.337540551E0,7.087500000E1
3.340165551E0,7.087500000E1
3.342789551E0,7.087500000E1
3.345414551E0,7.087500000E1
3.348038551E0,7.087500000E1
3.350663551E0,7.087500000E1
3.353287551E0,7.087500000E1
3.355912551E0,7.087500000E1
3.358536551E0,7.087500000E1
3.361161551E0,7.087500000E1
3.363785551E0,7.087500000E1
3.366410551E0,7.087500000E1
3.369034551E0,7.087500000E1
3.371659551E0,7.087500000E1
3.374283551E0,7.087500000E1
3.376908551E0,7.087500000E1
3.379532551E0,7.087500000E1
3.382157551E0,7.087500000E1
3.384781551E0,7.087500000E1
3.387406551E0,7.087500000E1
3.390030551E0,7.087500000E1
3.392655551E0,7.087500000E1
3.395279551E0,7.087500000E1
3.397904551E0,7.087500000E1
3.400528551E0,7.087500000E1
3.403153551E0,7.087500000E1
3.405777551E0,7.087500000E1
3.408402551E0,7.087500000E1
3.411026551E0,7.087500000E1
3.413651551E0,7.087500000E1
3.416275551E0,7.087500000E1
3.418900551E0,7.087500000E1
3.421524551E0,7.087500000E1
3.424149551E0,7.087500000E1
3.426773551E0,7.087500000E1
3.429398551E0,7.087500000E1
3.432022551E0,7.087500000E1
3.434647551E0,7.087500000E1
3.437272551E0,7.087500000E1
3.439896551E0,7.087500000E1
3.442521551E0,7.087500000E1
3.445145551E0,7.087500000E1
3.447770551E0,7.087500000E1
3.450394551E0,7.087500000E1
3.453019551E0,7.087500000E1
3.455643551E0,7.087500000E1
3.458268551E0,7.087500000E1
3.460892551E0,7.087500000E1
3.463517551E0,7.087500000E1
3.466141551E0,7.087500000E1
3.468766551E0,7.087500000E1
3.471390551E0,7.087500000E1
3.474015551E0,7.087500000E1
3.476639551E0,7.087500000E1
3.479264551E0,7.087500000E1
3.481888551E0,7.087500000E1
3.484513551E0,7.087500000E1
3.487137551E0,7.087500000E1
3.489762551E0,7.087500000E1
3.492386551E0,7.087500000E1
3.495011551E0,7.087500000E1
3.497635551E0,7.087500000E1
3.500260551E0,7.087500000E1
3.502884551E0,7.087500000E1
3.505509551E0,7.087500000E1
3.508133551E0,7.087500000E1
3.510758551E0,7.087500000E1
3.513382551E0,7.087500000E1
3.516007551E0,7.087500000E1
3.518631551E0,7.087500000E1
3.521256551E0,7.087500000E1
3.523880551E0,7.087500000E1
3.526505551E0,7.087500000E1
3.529129551E0,7.087500000E1
3.531754551E0,7.087500000E1
3.534378551E0,7.087500000E1
3.537003551E0,7.087500000E1
3.539627551E0,7.087500000E1
3.542252551E0,7.087500000E1
3.544876551E0,7.087500000E1
3.547501551E0,7.087500000E1
3.550126551E0,7.087500000E1
3.552750551E0,7.087500000E1
3.555375551E0,7.087500000E1
3.557999551E0,7.087500000E1
3.560624551E0,7.087500000E1
3.563248551E0,7.087500000E1
3.565873551E0,7.087500000E1
3.568497551E0,7.087500000E1
3.571122551E0,7.087500000E1
3.573746551E0,7.087500000E1
3.576371551E0,7.087500000E1
3.578995551E0,7.087500000E1
3.581620551E0,7.087500000E1
3.584244551E0,7.087500000E1
3.586869551E0,7.087500000E1
3.589493551E0,7.087500000E1
3.592118551E0,7.087500000E1
3.594742551E0,7.087500000E1
3.597367551E0,7.087500000E1
3.599991551E0,7.087500000E1
3.602616551E0,7.087500000E1
3.605240551E0,7.087500000E1
3.607865551E0,7.087500000E1
3.610489551E0,7.087500000E1
3.613114551E0,7.087500000E1
3.615738551E0,7.087500000E1
3.618363551E0,7.087500000E1
3.620987551E0,7.087500000E1
3.623612551E0,7.087500000E1
3.626236551E0,7.087500000E1
3.628861551E0,7.087500000E1
3.631485551E0,7.087500000E1
3.634110551E0,7.087500000E1
3.636734551E0,7.087500000E1
3.639359551E0,7.087500000E1
3.641983551E0,7.087500000E1
3.644608551E0,7.087500000E1
3.647232551E0,7.087500000E1
3.649857551E0,7.087500000E1
3.652481551E0,7.087500000E1
3.655106551E0,7.087500000E1
3.657730551E0,7.087500000E1
3.660355551E0,7.087500000E1
3.662980551E0,7.087500000E1
3.665604551E0,7.087500000E1
3.668229551E0,7.087500000E1
3.670853551E0,7.087500000E1
3.673478551E0,7.087500000E1
3.676102551E0,7.087500000E1
3.678727551E0,7.087500000E1
3.681351551E0,7.087500000E1
3.683976551E0,7.087500000E1
3.686600551E0,7.087500000E1
3.689225551E0,7.087500000E1
3.691849551E0,7.087500000E1
3.694474551E0,7.087500000E1
3.697098551E0,7.087500000E1
3.699723551E0,7.087500000E1
3.702347551E0,7.087500000E1
3.704972551E0,7.087500000E1
3.707596551E0,7.087500000E1
3.710221551E0,7.087500000E1
3.712845551E0,7.087500000E1
3.715470551E0,7.087500000E1
3.718094551E0,7.087500000E1
3.720719551E0,7.087500000E1
3.723343551E0,7.087500000E1
3.725968551E0,7.087500000E1
3.728592551E0,7.087500000E1
3.731217551E0,7.087500000E1
3.733841551E0,7.087500000E1
3.736466551E0,7.087500000E1
3.739090551E0,7.087500000E1
3.741715551E0,7.087500000E1
3.744339551E0,7.087500000E1
3.746964551E0,7.087500000E1
3.749588551E0,7.087500000E1
3.752213551E0,7.087500000E1
3.754837551E0,7.087500000E1
3.757462551E0,7.087500000E1
3.760086551E0,7.087500000E1
3.762711551E0,7.087500000E1
3.765335551E0,7.087500000E1
3.767960551E0,7.087500000E1
3.770584551E0,7.087500000E1
3.773209551E0,7.087500000E1
3.775834551E0,7.087500000E1
3.778458551E0,7.087500000E1
3.781083551E0,7.087500000E1
3.783707551E0,7.087500000E1
3.786332551E0,7.087500000E1
3.788956551E0,7.087500000E1
3.791581551E0,7.087500000E1
3.794205551E0,7.087500000E1
3.796830551E0,7.087500000E1
3.799454551E0,7.087500000E1
3.802079551E0,7.087500000E1
3.804703551E0,7.087500000E1
3.807328551E0,7.087500000E1
3.809952551E0,7.087500000E1
3.812577551E0,7.087500000E1
3.815201551E0,7.087500000E1
3.817826551E0,7.087500000E1
3.820450551E0,7.087500000E1
3.823075551E0,7.087500000E1
3.825699551E0,7.087500000E1
3.828324551E0,7.087500000E1
3.830948551E0,7.087500000E1
3.833573551E0,7.087500000E1
3.836197551E0,7.087500000E1
3.838822551E0,7.087500000E1
3.841446551E0,7.087500000E1
3.844071551E0,7.087500000E1
3.846695551E0,7.087500000E1
3.849320551E0,7.087500000E1
3.851944551E0,7.087500000E1
3.854569551E0,7.087500000E1
3.857193551E0,7.087500000E1
3.859818551E0,7.087500000E1
3.862442551E0,7.087500000E1
3.865067551E0,7.087500000E1
3.867691551E0,7.087500000E1
3.870316551E0,7.087500000E1
3.872940551E0,7.087500000E1
3.875565551E0,7.087500000E1
3.878189551E0,7.087500000E1
3.880814551E0,7.087500000E1
3.883439551E0,7.087500000E1
3.886063551E0,7.087500000E1
3.888688551E0,7.087500000E1
3.891312551E0,7.087500000E1
3.893937551E0,7.087500000E1
3.896561551E0,7.087500000E1
3.899186551E0,7.087500000E1
3.901810551E0,7.087500000E1
3.904435551E0,7.087500000E1
3.907059551E0,7.087500000E1
3.909684551E0,7.087500000E1
3.912308551E0,7.087500000E1
3.914933551E0,7.087500000E1
3.917557551E0,7.087500000E1
3.920182551E0,7.087500000E1
3.922806551E0,7.087500000E1
3.925431551E0,7.087500000E1
3.928055551E0,7.087500000E1
3.930680551E0,7.087500000E1
3.933304551E0,7.087500000E1
3.935929551E0,7.087500000E1
3.938553551E0,7.087500000E1
3.941178551E0,7.087500000E1
3.943802551E0,7.087500000E1
3.946427551E0,7.087500000E1
3.949051551E0,7.087500000E1
3.951676551E0,7.087500000E1
3.954300551E0,7.087500000E1
3.956925551E0,7.087500000E1
3.959549551E0,7.087500000E1
3.962174551E0,7.087500000E1
3.964798551E0,7.087500000E1
3.967423551E0,7.087500000E1
3.970047551E0,7.087500000E1
3.972672551E0,7.087500000E1
3.975296551E0,7.087500000E1
3.977921551E0,7.087500000E1
3.980545551E0,7.087500000E1
3.983170551E0,7.087500000E1
3.985794551E0,7.087500000E1
3.988419551E0,7.087500000E1
3.991043551E0,7.087500000E1
3.993668551E0,7.087500000E1
3.996293551E0,7.087500000E1
3.998917551E0,7.087500000E1
4.001542551E0,7.087500000E1
4.004166551E0,7.087500000E1
4.006791551E0,7.087500000E1
4.009415551E0,7.087500000E1
4.012040551E0,7.087500000E1
4.014664551E0,7.087500000E1
4.017289551E0,7.087500000E1
4.019913551E0,7.087500000E1
4.022538551E0,7.087500000E1
4.025162551E0,7.087500000E1
4.027787551E0,7.087500000E1
4.030411551E0,7.087500000E1
4.033036551E0,7.087500000E1
4.035660551E0,7.087500000E1
4.038285551E0,7.087500000E1
4.040909551E0,7.087500000E1
4.043534551E0,7.087500000E1
4.046158551E0,7.087500000E1
4.048783551E0,7.087500000E1
4.051407551E0,7.087500000E1
4.054032551E0,7.087500000E1
4.056656551E0,7.087500000E1
4.059281551E0,7.087500000E1
4.061905551E0,7.087500000E1
4.064530551E0,7.087500000E1
4.067154551E0,7.087500000E1
4.069779551E0,7.087500000E1
4.072403551E0,7.087500000E1
4.075028551E0,7.087500000E1
4.077652551E0,7.087500000E1
4.080277551E0,7.087500000E1
4.082901551E0,7.087500000E1
4.085526551E0,7.087500000E1
4.088150551E0,7.087500000E1
4.090775551E0,7.087500000E1
4.093399551E0,7.087500000E1
4.096024551E0,7.087500000E1
4.098648551E0,7.087500000E1
4.101273551E0,7.087500000E1
4.103897551E0,7.087500000E1
4.106522551E0,7.087500000E1
4.109147551E0,7.087500000E1
4.111771551E0,7.087500000E1
4.114396551E0,7.087500000E1
4.117020551E0,7.087500000E1
4.119645551E0,7.087500000E1
4.122269551E0,7.087500000E1
4.124894551E0,7.087500000E1
4.127518551E0,7.087500000E1
4.130143551E0,7.087500000E1
4.132767551E0,7.087500000E1
4.135392551E0,7.087500000E1
4.138016551E0,7.087500000E1
4.140641551E0,7.087500000E1
4.143265551E0,7.087500000E1
4.145890551E0,7.087500000E1
4.148514551E0,7.087500000E1
4.151139551E0,7.087500000E1
4.153763551E0,7.087500000E1
4.156388551E0,7.087500000E1
4.159012551E0,7.087500000E1
4.161637551E0,7.087500000E1
4.164261551E0,7.087500000E1
4.166886551E0,7.087500000E1
4.169510551E0,7.087500000E1
4.172135551E0,7.087500000E1
4.174759551E0,7.087500000E1
4.177384551E0,7.087500000E1
4.180008551E0,7.087500000E1
4.182633551E0,7.087500000E1
4.185257551E0,7.087500000E1
4.187882551E0,7.087500000E1
4.190506551E0,7.087500000E1
4.193131551E0,7.087500000E1
4.195755551E0,7.087500000E1
4.198380551E0,7.087500000E1
4.201004551E0,7.087500000E1
4.203629551E0,7.087500000E1
4.206253551E0,7.087500000E1
4.208878551E0,7.087500000E1
4.211502551E0,7.087500000E1
4.214127551E0,7.087500000E1
4.216751551E0,7.087500000E1
4.219376551E0,7.087500000E1
4.222001551E0,7.087500000E1
4.224625551E0,7.087500000E1
4.227250551E0,7.087500000E1
4.229874551E0,7.087500000E1
4.232499551E0,7.087500000E1
4.235123551E0,7.087500000E1
4.237748551E0,7.087500000E1
4.240372551E0,7.087500000E1
4.242997551E0,7.087500000E1
4.245621551E0,7.087500000E1
4.248246551E0,7.087500000E1
4.250870551E0,7.087500000E1
4.253495551E0,7.087500000E1
4.256119551E0,7.087500000E1
4.258744551E0,7.087500000E1
4.261368551E0,7.087500000E1
4.263993551E0,7.087500000E1
4.266617551E0,7.087500000E1
4.269242551E0,7.087500000E1
4.271866551E0,7.087500000E1
4.274491551E0,7.087500000E1
4.277115551E0,7.087500000E1
4.279740551E0,7.087500000E1
4.282364551E0,7.087500000E1
4.284989551E0,7.087500000E1
4.287613551E0,7.087500000E1
4.290238551E0,7.087500000E1
4.292862551E0,7.087500000E1
4.295487551E0,7.087500000E1
4.298111551E0,7.087500000E1
4.300736551E0,7.087500000E1
4.303360551E0,7.087500000E1
4.305985551E0,7.087500000E1
4.308609551E0,7.087500000E1
4.311234551E0,7.087500000E1
4.313858551E0,7.087500000E1
4.316483551E0,7.087500000E1
4.319107551E0,7.087500000E1
4.321732551E0,7.087500000E1
4.324356551E0,7.087500000E1
4.326981551E0,7.087500000E1
4.329605551E0,7.087500000E1
4.332230551E0,7.087500000E1
4.334855551E0,7.087500000E1
4.337479551E0,7.087500000E1
4.340104551E0,7.087500000E1
4.342728551E0,7.087500000E1
4.345353551E0,7.087500000E1
4.347977551E0,7.087500000E1
4.350602551E0,7.087500000E1
4.353226551E0,7.087500000E1
4.355851551E0,7.087500000E1
4.358475551E0,7.087500000E1
4.361100551E0,7.087500000E1
4.363724551E0,7.087500000E1
4.366349551E0,7.087500000E1
4.368973551E0,7.087500000E1
4.371598551E0,7.087500000E1
4.374222551E0,7.087500000E1
4.376847551E0,7.087500000E1
4.379471551E0,7.087500000E1
4.382096551E0,7.087500000E1
4.384720551E0,7.087500000E1
4.387345551E0,7.087500000E1
4.389969551E0,7.087500000E1
4.392594551E0,7.087500000E1
4.395218551E0,7.087500000E1
4.397843551E0,7.087500000E1
4.400467551E0,7.087500000E1
4.403092551E0,7.087500000E1
4.405716551E0,7.087500000E1
4.408341551E0,7.087500000E1
4.410965551E0,7.087500000E1
4.413590551E0,7.087500000E1
4.416214551E0,7.087500000E1
4.418839551E0,7.087500000E1
4.421463551E0,7.087500000E1
4.424088551E0,7.087500000E1
4.426712551E0,7.087500000E1
4.429337551E0,7.087500000E1
4.431961551E0,7.087500000E1
4.434586551E0,7.087500000E1
4.437210551E0,7.087500000E1
4.439835551E0,7.087500000E1
4.442459551E0,7.087500000E1
4.445084551E0,7.087500000E1
4.447709551E0,7.087500000E1
4.450333551E0,7.087500000E1
4.452958551E0,7.087500000E1
4.455582551E0,7.087500000E1
4.458207551E0,7.087500000E1
4.460831551E0,7.087500000E1
4.463456551E0,7.087500000E1
4.466080551E0,7.087500000E1
4.468705551E0,7.087500000E1
4.471329551E0,7.087500000E1
4.473954551E0,7.087500000E1
4.476578551E0,7.087500000E1
4.479203551E0,7.087500000E1
4.481827551E0,7.087500000E1
4.484452551E0,7.087500000E1
4.487076551E0,7.087500000E1
4.489701551E0,7.087500000E1
4.492325551E0,7.087500000E1
4.494950551E0,7.087500000E1
4.497574551E0,7.087500000E1
4.500199551E0,7.087500000E1
4.502823551E0,7.087500000E1
4.505448551E0,7.087500000E1
4.508072551E0,7.087500000E1
4.510697551E0,7.087500000E1
4.513321551E0,7.087500000E1
4.515946551E0,7.087500000E1
4.518570551E0,7.087500000E1
4.521195551E0,7.087500000E1
4.523819551E0,7.087500000E1
4.526444551E0,7.087500000E1
4.529068551E0,7.087500000E1
4.531693551E0,7.087500000E1
4.534317551E0,7.087500000E1
4.536942551E0,7.087500000E1
4.539566551E0,7.087500000E1
4.542191551E0,7.087500000E1
4.544815551E0,7.087500000E1
4.547440551E0,7.087500000E1
4.550064551E0,7.087500000E1
4.552689551E0,7.087500000E1
4.555314551E0,7.087500000E1
4.557938551E0,7.087500000E1
4.560563551E0,7.087500000E1
4.563187551E0,7.087500000E1
4.565812551E0,7.087500000E1
4.568436551E0,7.087500000E1
4.571061551E0,7.087500000E1
4.573685551E0,7.087500000E1
4.576310551E0,7.087500000E1
4.578934551E0,7.087500000E1
4.581559551E0,7.087500000E1
4.584183551E0,7.087500000E1
4.586808551E0,7.087500000E1
4.589432551E0,7.087500000E1
4.592057551E0,7.087500000E1
4.594681551E0,7.087500000E1
4.597306551E0,7.087500000E1
4.599930551E0,7.087500000E1
4.602555551E0,7.087500000E1
4.605179551E0,7.087500000E1
4.607804551E0,7.087500000E1
4.610428551E0,7.087500000E1
4.613053551E0,7.087500000E1
4.615677551E0,7.087500000E1
4.618302551E0,7.087500000E1
4.620926551E0,7.087500000E1
4.623551551E0,7.087500000E1
4.626175551E0,7.087500000E1
4.628800551E0,7.087500000E1
4.631424551E0,7.087500000E1
4.634049551E0,7.087500000E1
4.636673551E0,7.087500000E1
4.639298551E0,7.087500000E1
4.641922551E0,7.087500000E1
4.644547551E0,7.087500000E1
4.647171551E0,7.087500000E1
4.649796551E0,7.087500000E1
4.652420551E0,7.087500000E1
4.655045551E0,7.087500000E1
4.657669551E0,7.087500000E1
4.660294551E0,7.087500000E1
4.662918551E0,7.087500000E1
4.665543551E0,7.087500000E1
4.668168551E0,7.087500000E1
4.670792551E0,7.087500000E1
4.673417551E0,7.087500000E1
4.676041551E0,7.087500000E1
4.678666551E0,7.087500000E1
4.681290551E0,7.087500000E1
4.683915551E0,7.087500000E1
4.686539551E0,7.087500000E1
4.689164551E0,7.087500000E1
4.691788551E0,7.087500000E1
4.694413551E0,7.087500000E1
4.697037551E0,7.087500000E1
4.699662551E0,7.087500000E1
4.702286551E0,7.087500000E1
4.704911551E0,7.087500000E1
4.707535551E0,7.087500000E1
4.710160551E0,7.087500000E1
4.712784551E0,7.087500000E1
4.715409551E0,7.087500000E1
4.718033551E0,7.087500000E1
4.720658551E0,7.087500000E1
4.723282551E0,7.087500000E1
4.725907551E0,7.087500000E1
4.728531551E0,7.087500000E1
4.731156551E0,7.087500000E1
4.733780551E0,7.087500000E1
4.736405551E0,7.087500000E1
4.739029551E0,7.087500000E1
4.741654551E0,7.087500000E1
4.744278551E0,7.087500000E1
4.746903551E0,7.087500000E1
4.749527551E0,7.087500000E1
4.752152551E0,7.087500000E1
4.754776551E0,7.087500000E1
4.757401551E0,7.087500000E1
4.760025551E0,7.087500000E1
4.762650551E0,7.087500000E1
4.765274551E0,7.087500000E1
4.767899551E0,7.087500000E1
4.770523551E0,7.087500000E1
4.773148551E0,7.087500000E1
4.775772551E0,7.087500000E1
4.778397551E0,7.087500000E1
4.781022551E0,7.087500000E1
4.783646551E0,7.087500000E1
4.786271551E0,7.087500000E1
4.788895551E0,7.087500000E1
4.791520551E0,7.087500000E1
4.794144551E0,7.087500000E1
4.796769551E0,7.087500000E1
4.799393551E0,7.087500000E1
4.802018551E0,7.087500000E1
4.804642551E0,7.087500000E1
4.807267551E0,7.087500000E1
4.809891551E0,7.087500000E1
4.812516551E0,7.087500000E1
4.815140551E0,7.087500000E1
4.817765551E0,7.087500000E1
4.820389551E0,7.087500000E1
4.823014551E0,7.087500000E1
4.825638551E0,7.087500000E1
4.828263551E0,7.087500000E1
4.830887551E0,7.087500000E1
4.833512551E0,7.087500000E1
4.836136551E0,7.087500000E1
4.838761551E0,7.087500000E1
4.841385551E0,7.087500000E1
4.844010551E0,7.087500000E1
4.846634551E0,7.087500000E1
4.849259551E0,7.087500000E1
4.851883551E0,7.087500000E1
4.854508551E0,7.087500000E1
4.857132551E0,7.087500000E1
4.859757551E0,7.087500000E1
4.862381551E0,7.087500000E1
4.865006551E0,7.087500000E1
4.867630551E0,7.087500000E1
4.870255551E0,7.087500000E1
4.872879551E0,7.087500000E1
4.875504551E0,7.087500000E1
4.878128551E0,7.087500000E1
4.880753551E0,7.087500000E1
4.883377551E0,7.087500000E1
4.886002551E0,7.087500000E1
4.888626551E0,7.087500000E1
4.891251551E0,7.087500000E1
4.893876551E0,7.087500000E1
4.896500551E0,7.087500000E1
4.899125551E0,7.087500000E1
4.901749551E0,7.087500000E1
4.904374551E0,7.087500000E1
4.906998551E0,7.087500000E1
4.909623551E0,7.087500000E1
4.912247551E0,7.087500000E1
4.914872551E0,7.087500000E1
4.917496551E0,7.087500000E1
4.920121551E0,7.087500000E1
4.922745551E0,7.087500000E1
4.925370551E0,7.087500000E1
4.927994551E0,7.087500000E1
4.930619551E0,7.087500000E1
4.933243551E0,7.087500000E1
4.935868551E0,7.087500000E1
4.938492551E0,7.087500000E1
4.941117551E0,7.087500000E1
4.943741551E0,7.087500000E1
4.946366551E0,7.087500000E1
4.948990551E0,7.087500000E1
4.951615551E0,7.087500000E1
4.954239551E0,7.087500000E1
4.956864551E0,7.087500000E1
4.959488551E0,7.087500000E1
4.962113551E0,7.087500000E1
4.964737551E0,7.087500000E1
4.967362551E0,7.087500000E1
4.969986551E0,7.087500000E1
4.972611551E0,7.087500000E1
4.975235551E0,7.087500000E1
4.977860551E0,7.087500000E1
4.980484551E0,7.087500000E1
4.983109551E0,7.087500000E1
4.985733551E0,7.087500000E1
4.988358551E0,7.087500000E1
4.990982551E0,7.087500000E1
4.993607551E0,7.087500000E1
4.996231551E0,7.087500000E1
4.998856551E0,7.087500000E1
5.001480551E0,7.087500000E1
5.004105551E0,7.087500000E1
5.006730551E0,7.087500000E1
5.009354551E0,7.087500000E1
5.011979551E0,7.087500000E1
5.014603551E0,7.087500000E1
5.017228551E0,7.087500000E1
5.019852551E0,7.087500000E1
5.022477551E0,7.087500000E1
5.025101551E0,7.087500000E1
5.027726551E0,7.087500000E1
5.030350551E0,7.087500000E1
5.032975551E0,7.087500000E1
5.035599551E0,7.087500000E1
5.038224551E0,7.087500000E1
5.040848551E0,7.087500000E1
5.043473551E0,7.087500000E1
5.046097551E0,7.087500000E1
5.048722551E0,7.087500000E1
5.051346551E0,7.087500000E1
5.053971551E0,7.087500000E1
5.056595551E0,7.087500000E1
5.059220551E0,7.087500000E1
5.061844551E0,7.087500000E1
5.064469551E0,7.087500000E1
5.067093551E0,7.087500000E1
5.069718551E0,7.087500000E1
5.072342551E0,7.087500000E1
5.074967551E0,7.087500000E1
5.077591551E0,7.087500000E1
5.080216551E0,7.087500000E1
5.082840551E0,7.087500000E1
5.085465551E0,7.087500000E1
5.088089551E0,7.087500000E1
5.090714551E0,7.087500000E1
5.093338551E0,7.087500000E1
5.095963551E0,7.087500000E1
5.098587551E0,7.087500000E1
5.101212551E0,7.087500000E1
5.103836551E0,7.087500000E1
5.106461551E0,7.087500000E1
5.109085551E0,7.087500000E1
5.111710551E0,7.087500000E1
5.114334551E0,7.087500000E1
5.116959551E0,7.087500000E1
5.119584551E0,7.087500000E1
5.122208551E0,7.087500000E1
5.124833551E0,7.087500000E1
5.127457551E0,7.087500000E1
5.130082551E0,7.087500000E1
5.132706551E0,7.087500000E1
5.135331551E0,7.087500000E1
5.137955551E0,7.087500000E1
5.140580551E0,7.087500000E1
5.143204551E0,7.087500000E1
5.145829551E0,7.087500000E1
5.148453551E0,7.087500000E1
5.151078551E0,7.087500000E1
5.153702551E0,7.087500000E1
5.156327551E0,7.087500000E1
5.158951551E0,7.087500000E1
5.161576551E0,7.087500000E1
5.164200551E0,7.087500000E1
5.166825551E0,7.087500000E1
5.169449551E0,7.087500000E1
5.172074551E0,7.087500000E1
5.174698551E0,7.087500000E1
5.177323551E0,7.087500000E1
5.179947551E0,7.087500000E1
5.182572551E0,7.087500000E1
5.185196551E0,7.087500000E1
5.187821551E0,7.087500000E1
5.190445551E0,7.087500000E1
5.193070551E0,7.087500000E1
5.195694551E0,7.087500000E1
5.198319551E0,7.087500000E1
5.200943551E0,7.087500000E1
5.203568551E0,7.087500000E1
5.206192551E0,7.087500000E1
5.208817551E0,7.087500000E1
5.211441551E0,7.087500000E1
5.214066551E0,7.087500000E1
5.216690551E0,7.087500000E1
5.219315551E0,7.087500000E1
5.221939551E0,7.087500000E1
5.224564551E0,7.087500000E1
5.227189551E0,7.087500000E1
5.229813551E0,7.087500000E1
5.232438551E0,7.087500000E1
5.235062551E0,7.087500000E1
5.237687551E0,7.087500000E1
5.240311551E0,7.087500000E1
5.242936551E0,7.087500000E1
5.245560551E0,7.087500000E1
5.248185551E0,7.087500000E1
5.250809551E0,7.087500000E1
5.253434551E0,7.087500000E1
5.256058551E0,7.087500000E1
5.258683551E0,7.087500000E1
5.261307551E0,7.087500000E1
5.263932551E0,7.087500000E1
5.266556551E0,7.087500000E1
5.269181551E0,7.087500000E1
5.271805551E0,7.087500000E1
5.274430551E0,7.087500000E1
5.277054551E0,7.087500000E1
5.279679551E0,7.087500000E1
5.282303551E0,7.087500000E1
5.284928551E0,7.087500000E1
5.287552551E0,7.087500000E1
5.290177551E0,7.087500000E1
5.292801551E0,7.087500000E1
5.295426551E0,7.087500000E1
5.298050551E0,7.087500000E1
5.300675551E0,7.087500000E1
5.303299551E0,7.087500000E1
5.305924551E0,7.087500000E1
5.308548551E0,7.087500000E1
5.311173551E0,7.087500000E1
5.313797551E0,7.087500000E1
5.316422551E0,7.087500000E1
5.319046551E0,7.087500000E1
5.321671551E0,7.087500000E1
5.324295551E0,7.087500000E1
5.326920551E0,7.087500000E1
5.329544551E0,7.087500000E1
5.332169551E0,7.087500000E1
5.334793551E0,7.087500000E1
5.337418551E0,7.087500000E1
5.340043551E0,7.087500000E1
5.342667551E0,7.087500000E1
5.345292551E0,7.087500000E1
5.347916551E0,7.087500000E1
5.350541551E0,7.087500000E1
5.353165551E0,7.087500000E1
5.355790551E0,7.087500000E1
5.358414551E0,7.087500000E1
5.361039551E0,7.087500000E1
5.363663551E0,7.087500000E1
5.366288551E0,7.087500000E1
5.368912551E0,7.087500000E1
5.371537551E0,7.087500000E1
5.374161551E0,7.087500000E1
5.376786551E0,7.087500000E1
5.379410551E0,7.087500000E1
5.382035551E0,7.087500000E1
5.384659551E0,7.087500000E1
5.387284551E0,7.087500000E1
5.389908551E0,7.087500000E1
5.392533551E0,7.087500000E1
5.395157551E0,7.087500000E1
5.397782551E0,7.087500000E1
5.400406551E0,7.087500000E1
5.403031551E0,7.087500000E1
5.405655551E0,7.087500000E1
5.408280551E0,7.087500000E1
5.410904551E0,7.087500000E1
5.413529551E0,7.087500000E1
5.416153551E0,7.087500000E1
5.418778551E0,7.087500000E1
5.421402551E0,7.087500000E1
5.424027551E0,7.087500000E1
5.426651551E0,7.087500000E1
5.429276551E0,7.087500000E1
5.431900551E0,7.087500000E1
5.434525551E0,7.087500000E1
5.437149551E0,7.087500000E1
5.439774551E0,7.087500000E1
5.442398551E0,7.087500000E1
5.445023551E0,7.087500000E1
5.447647551E0,7.087500000E1
5.450272551E0,7.087500000E1
5.452897551E0,7.087500000E1
5.455521551E0,7.087500000E1
5.458146551E0,7.087500000E1
5.460770551E0,7.087500000E1
5.463395551E0,7.087500000E1
5.466019551E0,7.087500000E1
5.468644551E0,7.087500000E1
5.471268551E0,7.087500000E1
5.473893551E0,7.087500000E1
5.476517551E0,7.087500000E1
5.479142551E0,7.087500000E1
5.481766551E0,7.087500000E1
5.484391551E0,7.087500000E1
5.487015551E0,7.087500000E1
5.489640551E0,7.087500000E1
5.492264551E0,7.087500000E1
5.494889551E0,7.087500000E1
5.497513551E0,7.087500000E1
5.500138551E0,7.087500000E1
5.502762551E0,7.087500000E1
5.505387551E0,7.087500000E1
5.508011551E0,7.087500000E1
5.510636551E0,7.087500000E1
5.513260551E0,7.087500000E1
5.515885551E0,7.087500000E1
5.518509551E0,7.087500000E1
5.521134551E0,7.087500000E1
5.523758551E0,7.087500000E1
5.526383551E0,7.087500000E1
5.529007551E0,7.087500000E1
5.531632551E0,7.087500000E1
5.534256551E0,7.087500000E1
5.536881551E0,7.087500000E1
5.539505551E0,7.087500000E1
5.542130551E0,7.087500000E1
5.544754551E0,7.087500000E1
5.547379551E0,7.087500000E1
5.550003551E0,7.087500000E1
5.552628551E0,7.087500000E1
5.555252551E0,7.087500000E1
5.557877551E0,7.087500000E1
5.560501551E0,7.087500000E1
5.563126551E0,7.087500000E1
5.565751551E0,7.087500000E1
5.568375551E0,7.087500000E1
5.571000551E0,7.087500000E1
5.573624551E0,7.087500000E1
5.576249551E0,7.087500000E1
5.578873551E0,7.087500000E1
5.581498551E0,7.087500000E1
5.584122551E0,7.087500000E1
5.586747551E0,7.087500000E1
5.589371551E0,7.087500000E1
5.591996551E0,7.087500000E1
5.594620551E0,7.087500000E1
5.597245551E0,7.087500000E1
5.599869551E0,7.087500000E1
5.602494551E0,7.087500000E1
5.605118551E0,7.087500000E1
5.607743551E0,7.087500000E1
5.610367551E0,7.087500000E1
5.612992551E0,7.087500000E1
5.615616551E0,7.087500000E1
5.618241551E0,7.087500000E1
5.620865551E0,7.087500000E1
5.623490551E0,7.087500000E1
5.626114551E0,7.087500000E1
5.628739551E0,7.087500000E1
5.631363551E0,7.087500000E1
5.633988551E0,7.087500000E1
5.636612551E0,7.087500000E1
5.639237551E0,7.087500000E1
5.641861551E0,7.087500000E1
5.644486551E0,7.087500000E1
5.647110551E0,7.087500000E1
5.649735551E0,7.087500000E1
5.652359551E0,7.087500000E1
5.654984551E0,7.087500000E1
5.657608551E0,7.087500000E1
5.660233551E0,7.087500000E1
5.662857551E0,7.087500000E1
5.665482551E0,7.087500000E1
5.668106551E0,7.087500000E1
5.670731551E0,7.087500000E1
5.673355551E0,7.087500000E1
5.675980551E0,7.087500000E1
5.678605551E0,7.087500000E1
5.681229551E0,7.087500000E1
5.683854551E0,7.087500000E1
5.686478551E0,7.087500000E1
5.689103551E0,7.087500000E1
5.691727551E0,7.087500000E1
5.694352551E0,7.087500000E1
5.696976551E0,7.087500000E1
5.699601551E0,7.087500000E1
5.702225551E0,7.087500000E1
5.704850551E0,7.087500000E1
5.707474551E0,7.087500000E1
5.710099551E0,7.087500000E1
5.712723551E0,7.087500000E1
5.715348551E0,7.087500000E1
5.717972551E0,7.087500000E1
5.720597551E0,7.087500000E1
5.723221551E0,7.087500000E1
5.725846551E0,7.087500000E1
5.728470551E0,7.087500000E1
5.731095551E0,7.087500000E1
5.733719551E0,7.087500000E1
5.736344551E0,7.087500000E1
5.738968551E0,7.087500000E1
5.741593551E0,7.087500000E1
5.744217551E0,7.087500000E1
5.746842551E0,7.087500000E1
5.749466551E0,7.087500000E1
5.752091551E0,7.087500000E1
5.754715551E0,7.087500000E1
5.757340551E0,7.087500000E1
5.759964551E0,7.087500000E1
5.762589551E0,7.087500000E1
5.765213551E0,7.087500000E1
5.767838551E0,7.087500000E1
5.770462551E0,7.087500000E1
5.773087551E0,7.087500000E1
5.775711551E0,7.087500000E1
5.778336551E0,7.087500000E1
5.780960551E0,7.087500000E1
5.783585551E0,7.087500000E1
5.786209551E0,7.087500000E1
5.788834551E0,7.087500000E1
5.791454551E0,7.087500000E1
5.794078551E0,7.087500000E1
5.796703551E0,7.087500000E1
5.799327551E0,7.087500000E1
5.801952551E0,7.087500000E1
5.804576551E0,7.087500000E1
5.807201551E0,7.087500000E1
5.809825551E0,7.087500000E1
5.812450551E0,7.087500000E1
5.815074551E0,7.087500000E1
5.817699551E0,7.087500000E1
5.820323551E0,7.087500000E1
5.822948551E0,7.087500000E1
5.825572551E0,7.087500000E1
5.828197551E0,7.087500000E1
5.830821551E0,7.087500000E1
5.833446551E0,7.087500000E1
5.836070551E0,7.087500000E1
5.838695551E0,7.087500000E1
5.841319551E0,7.087500000E1
5.843944551E0,7.087500000E1
5.846568551E0,7.087500000E1
5.849193551E0,7.087500000E1
5.851817551E0,7.087500000E1
5.854442551E0,7.087500000E1
5.857066551E0,7.087500000E1
5.859691551E0,7.087500000E1
5.862315551E0,7.087500000E1
5.864940551E0,7.087500000E1
5.867564551E0,7.087500000E1
5.870189551E0,7.087500000E1
5.872813551E0,7.087500000E1
5.875438551E0,7.087500000E1
5.878062551E0,7.087500000E1
5.880687551E0,7.087500000E1
5.883311551E0,7.087500000E1
5.885936551E0,7.087500000E1
5.888561551E0,7.087500000E1
5.891185551E0,7.087500000E1
5.893810551E0,7.087500000E1
5.896434551E0,7.087500000E1
5.899059551E0,7.087500000E1
5.901683551E0,7.087500000E1
5.904308551E0,7.087500000E1
5.906932551E0,7.087500000E1
5.909557551E0,7.087500000E1
5.912181551E0,7.087500000E1
5.914806551E0,7.087500000E1
5.917430551E0,7.087500000E1
5.920055551E0,7.087500000E1
5.922679551E0,7.087500000E1
5.925304551E0,7.087500000E1
5.927928551E0,7.087500000E1
5.930553551E0,7.087500000E1
5.933177551E0,7.087500000E1
5.935802551E0,7.087500000E1
5.938426551E0,7.087500000E1
5.941051551E0,7.087500000E1
5.943675551E0,7.087500000E1
5.946300551E0,7.087500000E1
5.948924551E0,7.087500000E1
5.951549551E0,7.087500000E1
5.954173551E0,7.087500000E1
5.956798551E0,7.087500000E1
5.959422551E0,7.087500000E1
5.962047551E0,7.087500000E1
5.964671551E0,7.087500000E1
5.967296551E0,7.087500000E1
5.969920551E0,7.087500000E1
5.972545551E0,7.087500000E1
5.975169551E0,7.087500000E1
5.977794551E0,7.087500000E1
5.980418551E0,7.087500000E1
5.983043551E0,7.087500000E1
5.985667551E0,7.087500000E1
5.988292551E0,7.087500000E1
5.990916551E0,7.087500000E1
5.993541551E0,7.087500000E1
5.996165551E0,7.087500000E1
5.998790551E0,7.087500000E1
6.001415551E0,7.087500000E1
6.004039551E0,7.087500000E1
6.006664551E0,7.087500000E1
6.009288551E0,7.087500000E1
6.011913551E0,7.087500000E1
6.014537551E0,7.087500000E1
6.017162551E0,7.087500000E1
6.019786551E0,7.087500000E1
6.022411551E0,7.087500000E1
6.025035551E0,7.087500000E1
6.027660551E0,7.087500000E1
6.030284551E0,7.087500000E1
6.032909551E0,7.087500000E1
6.035533551E0,7.087500000E1
6.038158551E0,7.087500000E1
6.040782551E0,7.087500000E1
6.043407551E0,7.087500000E1
6.046031551E0,7.087500000E1
6.048656551E0,7.087500000E1
6.051280551E0,7.087500000E1
6.053905551E0,7.087500000E1
6.056529551E0,7.087500000E1
6.059154551E0,7.087500000E1
6.061778551E0,7.087500000E1
6.064403551E0,7.087500000E1
6.067027551E0,7.087500000E1
6.069652551E0,7.087500000E1
6.072276551E0,7.087500000E1
6.074901551E0,7.087500000E1
6.077525551E0,7.087500000E1
6.080150551E0,7.087500000E1
6.082774551E0,7.087500000E1
6.085399551E0,7.087500000E1
6.088023551E0,7.087500000E1
6.090648551E0,7.087500000E1
6.093272551E0,7.087500000E1
6.095897551E0,7.087500000E1
6.098521551E0,7.087500000E1
6.101146551E0,7.087500000E1
6.103770551E0,7.087500000E1
6.106395551E0,7.087500000E1
6.109019551E0,7.087500000E1
6.111644551E0,7.087500000E1
6.114269551E0,7.087500000E1
6.116893551E0,7.087500000E1
6.119518551E0,7.087500000E1
6.122142551E0,7.087500000E1
6.124767551E0,7.087500000E1
6.127391551E0,7.087500000E1
6.130016551E0,7.087500000E1
6.132640551E0,7.087500000E1
6.135265551E0,7.087500000E1
6.137889551E0,7.087500000E1
6.140514551E0,7.087500000E1
6.143138551E0,7.087500000E1
6.145763551E0,7.087500000E1
6.148387551E0,7.087500000E1
6.151012551E0,7.087500000E1
6.153636551E0,7.087500000E1
6.156261551E0,7.087500000E1
6.158885551E0,7.087500000E1
6.161510551E0,7.087500000E1
6.164134551E0,7.087500000E1
6.166759551E0,7.087500000E1
6.169383551E0,7.087500000E1
6.172008551E0,7.087500000E1
6.174632551E0,7.087500000E1
6.177257551E0,7.087500000E1
6.179881551E0,7.087500000E1
6.182506551E0,7.087500000E1
6.185130551E0,7.087500000E1
6.187755551E0,7.087500000E1
6.190379551E0,7.087500000E1
6.193004551E0,7.087500000E1
6.195628551E0,7.087500000E1
6.198253551E0,7.087500000E1
6.200877551E0,7.087500000E1
6.203502551E0,7.087500000E1
6.206126551E0,7.087500000E1
6.208751551E0,7.087500000E1
6.211375551E0,7.087500000E1
6.214000551E0,7.087500000E1
6.216624551E0,7.087500000E1
6.219249551E0,7.087500000E1
6.221874551E0,7.087500000E1
6.224498551E0,7.087500000E1
6.227123551E0,7.087500000E1
6.229747551E0,7.087500000E1
6.232372551E0,7.087500000E1
6.234996551E0,7.087500000E1
6.237621551E0,7.087500000E1
6.240245551E0,7.087500000E1
6.242870551E0,7.087500000E1
6.245494551E0,7.087500000E1
6.248119551E0,7.087500000E1
6.250743551E0,7.087500000E1
6.253368551E0,7.087500000E1
6.255992551E0,7.087500000E1
6.258617551E0,7.087500000E1
6.261241551E0,7.087500000E1
6.263866551E0,7.087500000E1
6.266490551E0,7.087500000E1
6.269115551E0,7.087500000E1
6.271739551E0,7.087500000E1
6.274364551E0,7.087500000E1
6.276988551E0,7.087500000E1
6.279613551E0,7.087500000E1
6.282237551E0,7.087500000E1
6.284862551E0,7.087500000E1
6.287486551E0,7.087500000E1
6.290111551E0,7.087500000E1
6.292735551E0,7.087500000E1
6.295360551E0,7.087500000E1
6.297984551E0,7.087500000E1
6.300609551E0,7.087500000E1
6.303233551E0,7.087500000E1
6.305858551E0,7.087500000E1
6.308482551E0,7.087500000E1
6.311107551E0,7.087500000E1
6.313731551E0,7.087500000E1
6.316356551E0,7.087500000E1
6.318980551E0,7.087500000E1
6.321605551E0,7.087500000E1
6.324229551E0,7.087500000E1
6.326854551E0,7.087500000E1
6.329478551E0,7.087500000E1
6.332103551E0,7.087500000E1
6.334728551E0,7.087500000E1
6.337352551E0,7.087500000E1
6.339977551E0,7.087500000E1
6.342601551E0,7.087500000E1
6.345226551E0,7.087500000E1
6.347850551E0,7.087500000E1
6.350475551E0,7.087500000E1
6.353099551E0,7.087500000E1
6.355724551E0,7.087500000E1
6.358348551E0,7.087500000E1
6.360973551E0,7.087500000E1
6.363597551E0,7.087500000E1
6.366222551E0,7.087500000E1
6.368846551E0,7.087500000E1
6.371471551E0,7.087500000E1
6.374095551E0,7.087500000E1
6.376720551E0,7.087500000E1
6.379344551E0,7.087500000E1
6.381969551E0,7.087500000E1
6.384593551E0,7.087500000E1
6.387218551E0,7.087500000E1
6.389842551E0,7.087500000E1
6.392467551E0,7.087500000E1
6.395091551E0,7.087500000E1
6.397716551E0,7.087500000E1
6.400340551E0,7.087500000E1
6.402965551E0,7.087500000E1
6.405589551E0,7.087500000E1
6.408214551E0,7.087500000E1
6.410838551E0,7.087500000E1
6.413463551E0,7.087500000E1
6.416087551E0,7.087500000E1
6.418712551E0,7.087500000E1
6.421336551E0,7.087500000E1
6.423961551E0,7.087500000E1
6.426585551E0,7.087500000E1
6.429210551E0,7.087500000E1
6.431834551E0,7.087500000E1
6.434459551E0,7.087500000E1
6.437083551E0,7.087500000E1
6.439708551E0,7.087500000E1
6.442332551E0,7.087500000E1
6.444957551E0,7.087500000E1
6.447582551E0,7.087500000E1
6.450206551E0,7.087500000E1
6.452831551E0,7.087500000E1
6.455455551E0,7.087500000E1
6.458080551E0,7.087500000E1
6.460704551E0,7.087500000E1
6.463329551E0,7.087500000E1
6.465953551E0,7.087500000E1
6.468578551E0,7.087500000E1
6.471202551E0,7.087500000E1
6.473827551E0,7.087500000E1
6.476451551E0,7.087500000E1
6.479076551E0,7.087500000E1
6.481700551E0,7.087500000E1
6.484325551E0,7.087500000E1
6.486949551E0,7.087500000E1
6.489574551E0,7.087500000E1
6.492198551E0,7.087500000E1
6.494823551E0,7.087500000E1
6.497447551E0,7.087500000E1
6.500072551E0,7.087500000E1
6.502696551E0,7.087500000E1
6.505321551E0,7.087500000E1
6.507945551E0,7.087500000E1
6.510570551E0,7.087500000E1
6.513194551E0,7.087500000E1
6.515819551E0,7.087500000E1
6.518443551E0,7.087500000E1
6.521068551E0,7.087500000E1
6.523692551E0,7.087500000E1
6.526317551E0,7.087500000E1
6.528941551E0,7.087500000E1
6.531566551E0,7.087500000E1
6.534190551E0,7.087500000E1
6.536815551E0,7.087500000E1
6.539439551E0,7.087500000E1
6.542064551E0,7.087500000E1
6.544688551E0,7.087500000E1
6.547313551E0,7.087500000E1
6.549937551E0,7.087500000E1
6.552562551E0,7.087500000E1
6.555186551E0,7.087500000E1
6.557811551E0,7.087500000E1
6.560436551E0,7.087500000E1
6.563060551E0,7.087500000E1
6.565685551E0,7.087500000E1
6.568309551E0,7.087500000E1
6.570934551E0,7.087500000E1
6.573558551E0,7.087500000E1
6.576183551E0,7.087500000E1
6.578807551E0,7.087500000E1
6.581432551E0,7.087500000E1
6.584056551E0,7.087500000E1
6.586681551E0,7.087500000E1
6.589305551E0,7.087500000E1
6.591930551E0,7.087500000E1
6.594554551E0,7.087500000E1
6.597179551E0,7.087500000E1
6.599803551E0,7.087500000E1
6.602428551E0,7.087500000E1
6.605052551E0,7.087500000E1
6.607677551E0,7.087500000E1
6.610301551E0,7.087500000E1
6.612926551E0,7.087500000E1
6.615550551E0,7.087500000E1
6.618175551E0,7.087500000E1
6.620799551E0,7.087500000E1
6.623424551E0,7.087500000E1
6.626048551E0,7.087500000E1
6.628673551E0,7.087500000E1
6.631297551E0,7.087500000E1
6.633922551E0,7.087500000E1
6.636546551E0,7.087500000E1
6.639171551E0,7.087500000E1
6.641795551E0,7.087500000E1
6.644420551E0,7.087500000E1
6.647044551E0,7.087500000E1
6.649669551E0,7.087500000E1
6.652293551E0,7.087500000E1
6.654918551E0,7.087500000E1
6.657542551E0,7.087500000E1
6.660167551E0,7.087500000E1
6.662791551E0,7.087500000E1
6.665416551E0,7.087500000E1
6.668040551E0,7.087500000E1
6.670665551E0,7.087500000E1
6.673290551E0,7.087500000E1
6.675914551E0,7.087500000E1
6.678539551E0,7.087500000E1
6.681163551E0,7.087500000E1
6.683788551E0,7.087500000E1
6.686412551E0,7.087500000E1
6.689037551E0,7.087500000E1
6.691661551E0,7.087500000E1
6.694286551E0,7.087500000E1
6.696910551E0,7.087500000E1
6.699535551E0,7.087500000E1
6.702159551E0,7.087500000E1
6.704784551E0,7.087500000E1
6.707408551E0,7.087500000E1
6.710033551E0,7.087500000E1
6.712657551E0,7.087500000E1
6.715282551E0,7.087500000E1
6.717906551E0,7.087500000E1
6.720531551E0,7.087500000E1
6.723155551E0,7.087500000E1
6.725780551E0,7.087500000E1
6.728404551E0,7.087500000E1
6.731029551E0,7.087500000E1
6.733653551E0,7.087500000E1
6.736278551E0,7.087500000E1
6.738902551E0,7.087500000E1
6.741527551E0,7.087500000E1
6.744151551E0,7.087500000E1
6.746776551E0,7.087500000E1
6.749400551E0,7.087500000E1
6.752025551E0,7.087500000E1
6.754649551E0,7.087500000E1
6.757274551E0,7.087500000E1
6.759898551E0,7.087500000E1
6.762523551E0,7.087500000E1
6.765147551E0,7.087500000E1
6.767772551E0,7.087500000E1
6.770396551E0,7.087500000E1
6.773021551E0,7.087500000E1
6.775645551E0,7.087500000E1
6.778270551E0,7.087500000E1
6.780894551E0,7.087500000E1
6.783519551E0,7.087500000E1
6.786144551E0,7.087500000E1
6.788768551E0,7.087500000E1
6.791393551E0,7.087500000E1
6.794017551E0,7.087500000E1
6.796642551E0,7.087500000E1
6.799266551E0,7.087500000E1
6.801891551E0,7.087500000E1
6.804515551E0,7.087500000E1
6.807140551E0,7.087500000E1
6.809764551E0,7.087500000E1
6.812389551E0,7.087500000E1
6.815013551E0,7.087500000E1
6.817638551E0,7.087500000E1
6.820262551E0,7.087500000E1
6.822887551E0,7.087500000E1
6.825511551E0,7.087500000E1
6.828136551E0,7.087500000E1
6.830760551E0,7.087500000E1
6.833385551E0,7.087500000E1
6.836009551E0,7.087500000E1
6.838634551E0,7.087500000E1
6.841258551E0,7.087500000E1
6.843883551E0,7.087500000E1
6.846507551E0,7.087500000E1
6.849132551E0,7.087500000E1
6.851756551E0,7.087500000E1
6.854381551E0,7.087500000E1
6.857005551E0,7.087500000E1
6.859630551E0,7.087500000E1
6.862254551E0,7.087500000E1
6.864879551E0,7.087500000E1
6.867503551E0,7.087500000E1
6.870128551E0,7.087500000E1
6.872752551E0,7.087500000E1
6.875377551E0,7.087500000E1
6.878001551E0,7.087500000E1
6.880626551E0,7.087500000E1
6.883250551E0,7.087500000E1
6.885875551E0,7.087500000E1
6.888499551E0,7.087500000E1
6.891124551E0,7.087500000E1
6.893749551E0,7.087500000E1
6.896373551E0,7.087500000E1
6.898998551E0,7.087500000E1
6.901622551E0,7.087500000E1
6.904247551E0,7.087500000E1
6.906871551E0,7.087500000E1
6.909496551E0,7.087500000E1
6.912120551E0,7.087500000E1
6.914745551E0,7.087500000E1
6.917369551E0,7.087500000E1
6.919994551E0,7.087500000E1
6.922618551E0,7.087500000E1
6.925243551E0,7.087500000E1
6.927867551E0,7.087500000E1
6.930492551E0,7.087500000E1
6.933116551E0,7.087500000E1
6.935741551E0,7.087500000E1
6.938365551E0,7.087500000E1
6.940990551E0,7.087500000E1
6.943614551E0,7.087500000E1
6.946239551E0,7.087500000E1
6.948863551E0,7.087500000E1
6.951488551E0,7.087500000E1
6.954112551E0,7.087500000E1
6.956737551E0,7.087500000E1
6.959361551E0,7.087500000E1
6.961986551E0,7.087500000E1
6.964610551E0,7.087500000E1
6.967235551E0,7.087500000E1
6.969859551E0,7.087500000E1
6.972484551E0,7.087500000E1
6.975108551E0,7.087500000E1
6.977733551E0,7.087500000E1
6.980357551E0,7.087500000E1
6.982982551E0,7.087500000E1
6.985606551E0,7.087500000E1
6.988231551E0,7.087500000E1
6.990855551E0,7.087500000E1
6.993480551E0,7.087500000E1
6.996104551E0,7.087500000E1
6.998729551E0,7.087500000E1
7.001353551E0,7.087500000E1
7.003978551E0,7.087500000E1
7.006603551E0,7.087500000E1
7.009227551E0,7.087500000E1
7.011852551E0,7.087500000E1
7.014476551E0,7.087500000E1
7.017101551E0,7.087500000E1
7.019725551E0,7.087500000E1
7.022350551E0,7.087500000E1
7.024974551E0,7.087500000E1
7.027599551E0,7.087500000E1
7.030223551E0,7.087500000E1
7.032848551E0,7.087500000E1
7.035472551E0,7.087500000E1
7.038097551E0,7.087500000E1
7.040721551E0,7.087500000E1
7.043346551E0,7.087500000E1
7.045970551E0,7.087500000E1
7.048595551E0,7.087500000E1
7.051219551E0,7.087500000E1
7.053844551E0,7.087500000E1
7.056468551E0,7.087500000E1
7.059093551E0,7.087500000E1
7.061717551E0,7.087500000E1
7.064342551E0,7.087500000E1
7.066966551E0,7.087500000E1
7.069591551E0,7.087500000E1
7.072215551E0,7.087500000E1
7.074840551E0,7.087500000E1
7.077464551E0,7.087500000E1
7.080089551E0,7.087500000E1
7.082713551E0,7.087500000E1
7.085338551E0,7.087500000E1
7.087962551E0,7.087500000E1
7.090587551E0,7.087500000E1
7.093211551E0,7.087500000E1
7.095836551E0,7.087500000E1
7.098460551E0,7.087500000E1
7.101085551E0,7.087500000E1
7.103709551E0,7.087500000E1
7.106334551E0,7.087500000E1
7.108958551E0,7.087500000E1
7.111583551E0,7.087500000E1
7.114207551E0,7.087500000E1
7.116832551E0,7.087500000E1
7.119457551E0,7.087500000E1
7.122081551E0,7.087500000E1
7.124706551E0,7.087500000E1
7.127330551E0,7.087500000E1
7.129955551E0,7.087500000E1
7.132579551E0,7.087500000E1
7.135204551E0,7.087500000E1
7.137828551E0,7.087500000E1
7.140453551E0,7.087500000E1
7.143077551E0,7.087500000E1
7.145702551E0,7.087500000E1
7.148326551E0,7.087500000E1
7.150951551E0,7.087500000E1
7.153575551E0,7.087500000E1
7.156200551E0,7.087500000E1
7.158824551E0,7.087500000E1
7.161449551E0,7.087500000E1
7.164073551E0,7.087500000E1
7.166698551E0,7.087500000E1
7.169322551E0,7.087500000E1
7.171947551E0,7.087500000E1
7.174571551E0,7.087500000E1
7.177196551E0,7.087500000E1
7.179820551E0,7.087500000E1
7.182445551E0,7.087500000E1
7.185069551E0,7.087500000E1
7.187694551E0,7.087500000E1
7.190318551E0,7.087500000E1
7.192943551E0,7.087500000E1
7.195567551E0,7.087500000E1
7.198192551E0,7.087500000E1
7.200816551E0,7.087500000E1
7.203441551E0,7.087500000E1
7.206065551E0,7.087500000E1
7.208690551E0,7.087500000E1
7.211314551E0,7.087500000E1
7.213939551E0,7.087500000E1
7.216563551E0,7.087500000E1
7.219188551E0,7.087500000E1
7.221812551E0,7.087500000E1
7.224437551E0,7.087500000E1
7.227061551E0,7.087500000E1
7.229686551E0,7.087500000E1
7.232311551E0,7.087500000E1
7.234935551E0,7.087500000E1
7.237560551E0,7.087500000E1
7.240184551E0,7.087500000E1
7.242809551E0,7.087500000E1
7.245433551E0,7.087500000E1
7.248058551E0,7.087500000E1
7.250682551E0,7.087500000E1
7.253307551E0,7.087500000E1
7.255931551E0,7.087500000E1
7.258556551E0,7.087500000E1
7.261180551E0,7.087500000E1
7.263805551E0,7.087500000E1
7.266429551E0,7.087500000E1
7.269054551E0,7.087500000E1
7.271678551E0,7.087500000E1
7.274303551E0,7.087500000E1
7.276927551E0,7.087500000E1
7.279552551E0,7.087500000E1
7.282176551E0,7.087500000E1
7.284801551E0,7.087500000E1
7.287425551E0,7.087500000E1
7.290050551E0,7.087500000E1
7.292674551E0,7.087500000E1
7.295299551E0,7.087500000E1
7.297923551E0,7.087500000E1
7.300548551E0,7.087500000E1
7.303172551E0,7.087500000E1
7.305797551E0,7.087500000E1
7.308421551E0,7.087500000E1
7.311046551E0,7.087500000E1
7.313670551E0,7.087500000E1
7.316295551E0,7.087500000E1
7.318919551E0,7.087500000E1
7.321544551E0,7.087500000E1
7.324168551E0,7.087500000E1
7.326793551E0,7.087500000E1
7.329417551E0,7.087500000E1
7.332042551E0,7.087500000E1
7.334666551E0,7.087500000E1
7.337291551E0,7.087500000E1
7.339915551E0,7.087500000E1
7.342540551E0,7.087500000E1
7.345165551E0,7.087500000E1
7.347789551E0,7.087500000E1
7.350414551E0,7.087500000E1
7.353038551E0,7.087500000E1
7.355663551E0,7.087500000E1
7.358287551E0,7.087500000E1
7.360912551E0,7.087500000E1
7.363536551E0,7.087500000E1
7.366161551E0,7.087500000E1
7.368785551E0,7.087500000E1
7.371410551E0,7.087500000E1
7.374034551E0,7.087500000E1
7.376659551E0,7.087500000E1
7.379283551E0,7.087500000E1
7.381908551E0,7.087500000E1
7.384532551E0,7.087500000E1
7.387157551E0,7.087500000E1
7.389781551E0,7.087500000E1
7.392406551E0,7.087500000E1
7.395030551E0,7.087500000E1
7.397655551E0,7.087500000E1
7.400279551E0,7.087500000E1
7.402904551E0,7.087500000E1
7.405528551E0,7.087500000E1
7.408153551E0,7.087500000E1
7.410777551E0,7.087500000E1
7.413402551E0,7.087500000E1
7.416026551E0,7.087500000E1
7.418651551E0,7.087500000E1
7.421275551E0,7.087500000E1
7.423900551E0,7.087500000E1
7.426524551E0,7.087500000E1
7.429149551E0,7.087500000E1
7.431773551E0,7.087500000E1
7.434398551E0,7.087500000E1
7.437022551E0,7.087500000E1
7.439647551E0,7.087500000E1
7.442271551E0,7.087500000E1
7.444896551E0,7.087500000E1
7.447520551E0,7.087500000E1
7.450145551E0,7.087500000E1
7.452769551E0,7.087500000E1
7.455394551E0,7.087500000E1
7.458019551E0,7.087500000E1
7.460643551E0,7.087500000E1
7.463268551E0,7.087500000E1
7.465892551E0,7.087500000E1
7.468517551E0,7.087500000E1
7.471141551E0,7.087500000E1
7.473766551E0,7.087500000E1
7.476390551E0,7.087500000E1
7.479015551E0,7.087500000E1
7.481639551E0,7.087500000E1
7.484264551E0,7.087500000E1
7.486888551E0,7.087500000E1
7.489513551E0,7.087500000E1
7.492137551E0,7.087500000E1
7.494762551E0,7.087500000E1
7.497386551E0,7.087500000E1
7.500011551E0,7.087500000E1
7.502635551E0,7.087500000E1
7.505260551E0,7.087500000E1
7.507884551E0,7.087500000E1
7.510509551E0,7.087500000E1
7.513133551E0,7.087500000E1
7.515758551E0,7.087500000E1
7.518382551E0,7.087500000E1
7.521007551E0,7.087500000E1
7.523631551E0,7.087500000E1
7.526256551E0,7.087500000E1
7.528880551E0,7.087500000E1
7.531505551E0,7.087500000E1
7.534129551E0,7.087500000E1
7.536754551E0,7.087500000E1
7.539378551E0,7.087500000E1
7.542003551E0,7.087500000E1
7.544627551E0,7.087500000E1
7.547252551E0,7.087500000E1
7.549876551E0,7.087500000E1
7.552501551E0,7.087500000E1
7.555125551E0,7.087500000E1
7.557750551E0,7.087500000E1
7.560374551E0,7.087500000E1
7.562999551E0,7.087500000E1
7.565624551E0,7.087500000E1
7.568248551E0,7.087500000E1
7.570873551E0,7.087500000E1
7.573497551E0,7.087500000E1
7.576122551E0,7.087500000E1
7.578746551E0,7.087500000E1
7.581371551E0,7.087500000E1
7.583995551E0,7.087500000E1
7.586620551E0,7.087500000E1
7.589244551E0,7.087500000E1
7.591869551E0,7.087500000E1
7.594493551E0,7.087500000E1
7.597118551E0,7.087500000E1
7.599742551E0,7.087500000E1
7.602367551E0,7.087500000E1
7.604991551E0,7.087500000E1
7.607616551E0,7.087500000E1
7.610240551E0,7.087500000E1
7.612865551E0,7.087500000E1
7.615489551E0,7.087500000E1
7.618114551E0,7.087500000E1
7.620738551E0,7.087500000E1
7.623363551E0,7.087500000E1
7.625987551E0,7.087500000E1
7.628612551E0,7.087500000E1
7.631236551E0,7.087500000E1
7.633861551E0,7.087500000E1
7.636485551E0,7.087500000E1
7.639110551E0,7.087500000E1
7.641734551E0,7.087500000E1
7.644359551E0,7.087500000E1
7.646983551E0,7.087500000E1
7.649608551E0,7.087500000E1
7.652232551E0,7.087500000E1
7.654857551E0,7.087500000E1
7.657481551E0,7.087500000E1
7.660106551E0,7.087500000E1
7.662730551E0,7.087500000E1
7.665355551E0,7.087500000E1
7.667979551E0,7.087500000E1
7.670604551E0,7.087500000E1
7.673228551E0,7.087500000E1
7.675853551E0,7.087500000E1
7.678478551E0,7.087500000E1
7.681102551E0,7.087500000E1
7.683727551E0,7.087500000E1
7.686351551E0,7.087500000E1
7.688976551E0,7.087500000E1
7.691600551E0,7.087500000E1
7.694225551E0,7.087500000E1
7.696849551E0,7.087500000E1
7.699474551E0,7.087500000E1
7.702098551E0,7.087500000E1
7.704723551E0,7.087500000E1
7.707347551E0,7.087500000E1
7.709972551E0,7.087500000E1
7.712596551E0,7.087500000E1
7.715221551E0,7.087500000E1
7.717845551E0,7.087500000E1
7.720470551E0,7.087500000E1
7.723094551E0,7.087500000E1
7.725719551E0,7.087500000E1
7.728343551E0,7.087500000E1
7.730968551E0,7.087500000E1
7.733592551E0,7.087500000E1
7.736217551E0,7.087500000E1
7.738841551E0,7.087500000E1
7.741466551E0,7.087500000E1
7.744090551E0,7.087500000E1
7.746715551E0,7.087500000E1
7.749339551E0,7.087500000E1
7.751964551E0,7.087500000E1
7.754588551E0,7.087500000E1
7.757213551E0,7.087500000E1
7.759837551E0,7.087500000E1
7.762462551E0,7.087500000E1
7.765086551E0,7.087500000E1
7.767711551E0,7.087500000E1
7.770335551E0,7.087500000E1
7.772960551E0,7.087500000E1
7.775584551E0,7.087500000E1
7.778209551E0,7.087500000E1
7.780833551E0,7.087500000E1
7.783458551E0,7.087500000E1
7.786082551E0,7.087500000E1
7.788707551E0,7.087500000E1
7.791332551E0,7.087500000E1
7.793956551E0,7.087500000E1
7.796581551E0,7.087500000E1
7.799205551E0,7.087500000E1
7.801830551E0,7.087500000E1
7.804454551E0,7.087500000E1
7.807079551E0,7.087500000E1
7.809703551E0,7.087500000E1
7.812328551E0,7.087500000E1
7.814952551E0,7.087500000E1
7.817577551E0,7.087500000E1
7.820201551E0,7.087500000E1
7.822826551E0,7.087500000E1
7.825450551E0,7.087500000E1
7.828075551E0,7.087500000E1
7.830699551E0,7.087500000E1
7.833324551E0,7.087500000E1
7.835948551E0,7.087500000E1
7.838573551E0,7.087500000E1
7.841197551E0,7.087500000E1
7.843822551E0,7.087500000E1
7.846446551E0,7.087500000E1
7.849071551E0,7.087500000E1
7.851695551E0,7.087500000E1
7.854320551E0,7.087500000E1
7.856944551E0,7.087500000E1
7.859569551E0,7.087500000E1
7.862193551E0,7.087500000E1
7.864818551E0,7.087500000E1
7.867442551E0,7.087500000E1
7.870067551E0,7.087500000E1
7.872691551E0,7.087500000E1
7.875316551E0,7.087500000E1
7.877940551E0,7.087500000E1
7.880565551E0,7.087500000E1
7.883189551E0,7.087500000E1
7.885814551E0,7.087500000E1
7.888438551E0,7.087500000E1
7.891063551E0,7.087500000E1
7.893687551E0,7.087500000E1
7.896312551E0,7.087500000E1
7.898936551E0,7.087500000E1
7.901561551E0,7.087500000E1
7.904186551E0,7.087500000E1
7.906810551E0,7.087500000E1
7.909435551E0,7.087500000E1
7.912059551E0,7.087500000E1
7.914684551E0,7.087500000E1
7.917308551E0,7.087500000E1
7.919933551E0,7.087500000E1
7.922557551E0,7.087500000E1
7.925182551E0,7.087500000E1
7.927806551E0,7.087500000E1
7.930431551E0,7.087500000E1
7.933055551E0,7.087500000E1
7.935680551E0,7.087500000E1
7.938304551E0,7.087500000E1
7.940929551E0,7.087500000E1
7.943553551E0,7.087500000E1
7.946178551E0,7.087500000E1
7.948802551E0,7.087500000E1
7.951427551E0,7.087500000E1
7.954051551E0,7.087500000E1
7.956676551E0,7.087500000E1
7.959300551E0,7.087500000E1
7.961925551E0,7.087500000E1
7.964549551E0,7.087500000E1
7.967174551E0,7.087500000E1
7.969798551E0,7.087500000E1
7.972423551E0,7.087500000E1
7.975047551E0,7.087500000E1
7.977672551E0,7.087500000E1
7.980296551E0,7.087500000E1
7.982921551E0,7.087500000E1
7.985545551E0,7.087500000E1
7.988170551E0,7.087500000E1
7.990794551E0,7.087500000E1
7.993419551E0,7.087500000E1
7.996043551E0,7.087500000E1
7.998668551E0,7.087500000E1
8.001292551E0,7.087500000E1
8.003917551E0,7.087500000E1
8.006541551E0,7.087500000E1
8.009166551E0,7.087500000E1
8.011790551E0,7.087500000E1
8.014415551E0,7.087500000E1
8.017040551E0,7.087500000E1
8.019664551E0,7.087500000E1
8.022289551E0,7.087500000E1
8.024913551E0,7.087500000E1
8.027538551E0,7.087500000E1
8.030162551E0,7.087500000E1
8.032787551E0,7.087500000E1
8.035411551E0,7.087500000E1
8.038036551E0,7.087500000E1
8.040660551E0,7.087500000E1
8.043285551E0,7.087500000E1
8.045909551E0,7.087500000E1
8.048534551E0,7.087500000E1
8.051158551E0,7.087500000E1
8.053783551E0,7.087500000E1
8.056407551E0,7.087500000E1
8.059032551E0,7.087500000E1
8.061656551E0,7.087500000E1
8.064281551E0,7.087500000E1
8.066905551E0,7.087500000E1
8.069530551E0,7.087500000E1
8.072154551E0,7.087500000E1
8.074779551E0,7.087500000E1
8.077403551E0,7.087500000E1
8.080028551E0,7.087500000E1
8.082652551E0,7.087500000E1
8.085277551E0,7.087500000E1
8.087901551E0,7.087500000E1
8.090526551E0,7.087500000E1
8.093150551E0,7.087500000E1
8.095775551E0,7.087500000E1
8.098399551E0,7.087500000E1
8.101024551E0,7.087500000E1
8.103648551E0,7.087500000E1
8.106273551E0,7.087500000E1
8.108897551E0,7.087500000E1
8.111522551E0,7.087500000E1
8.114146551E0,7.087500000E1
8.116771551E0,7.087500000E1
8.119395551E0,7.087500000E1
8.122020551E0,7.087500000E1
8.124644551E0,7.087500000E1
8.127269551E0,7.087500000E1
8.129894551E0,7.087500000E1
8.132518551E0,7.087500000E1
8.135143551E0,7.087500000E1
8.137767551E0,7.087500000E1
8.140392551E0,7.087500000E1
8.143016551E0,7.087500000E1
8.145641551E0,7.087500000E1
8.148265551E0,7.087500000E1
8.150890551E0,7.087500000E1
8.153514551E0,7.087500000E1
8.156139551E0,7.087500000E1
8.158763551E0,7.087500000E1
8.161388551E0,7.087500000E1
8.164012551E0,7.087500000E1
8.166637551E0,7.087500000E1
8.169261551E0,7.087500000E1
8.171886551E0,7.087500000E1
8.174510551E0,7.087500000E1
8.177135551E0,7.087500000E1
8.179759551E0,7.087500000E1
8.182384551E0,7.087500000E1
8.185008551E0,7.087500000E1
8.187633551E0,7.087500000E1
8.190257551E0,7.087500000E1
8.192882551E0,7.087500000E1
8.195506551E0,7.087500000E1
8.198131551E0,7.087500000E1
8.200755551E0,7.087500000E1
8.203380551E0,7.087500000E1
8.206004551E0,7.087500000E1
8.208629551E0,7.087500000E1
8.211253551E0,7.087500000E1
8.213878551E0,7.087500000E1
8.216502551E0,7.087500000E1
8.219127551E0,7.087500000E1
8.221751551E0,7.087500000E1
8.224376551E0,7.087500000E1
8.227000551E0,7.087500000E1
8.229625551E0,7.087500000E1
8.232249551E0,7.087500000E1
8.234874551E0,7.087500000E1
8.237499551E0,7.087500000E1
8.240123551E0,7.087500000E1
8.242748551E0,7.087500000E1
8.245372551E0,7.087500000E1
8.247997551E0,7.087500000E1
8.250621551E0,7.087500000E1
8.253246551E0,7.087500000E1
8.255870551E0,7.087500000E1
8.258495551E0,7.087500000E1
8.261119551E0,7.087500000E1
8.263744551E0,7.087500000E1
8.266368551E0,7.087500000E1
8.268993551E0,7.087500000E1
8.271617551E0,7.087500000E1
8.274242551E0,7.087500000E1
8.276866551E0,7.087500000E1
8.279491551E0,7.087500000E1
8.282115551E0,7.087500000E1
8.284740551E0,7.087500000E1
8.287364551E0,7.087500000E1
8.289989551E0,7.087500000E1
8.292613551E0,7.087500000E1
8.295238551E0,7.087500000E1
8.297862551E0,7.087500000E1
8.300487551E0,7.087500000E1
8.303111551E0,7.087500000E1
8.305736551E0,7.087500000E1
8.308360551E0,7.087500000E1
8.310985551E0,7.087500000E1
8.313609551E0,7.087500000E1
8.316234551E0,7.087500000E1
8.318858551E0,7.087500000E1
8.321483551E0,7.087500000E1
8.324107551E0,7.087500000E1
8.326732551E0,7.087500000E1
8.329356551E0,7.087500000E1
8.331981551E0,7.087500000E1
8.334605551E0,7.087500000E1
8.337230551E0,7.087500000E1
8.339854551E0,7.087500000E1
8.342479551E0,7.087500000E1
8.345103551E0,7.087500000E1
8.347728551E0,7.087500000E1
8.350353551E0,7.087500000E1
8.352977551E0,7.087500000E1
8.355602551E0,7.087500000E1
8.358226551E0,7.087500000E1
8.360851551E0,7.087500000E1
8.363475551E0,7.087500000E1
8.366100551E0,7.087500000E1
8.368724551E0,7.087500000E1
8.371349551E0,7.087500000E1
8.373973551E0,7.087500000E1
8.376598551E0,7.087500000E1
8.379222551E0,7.087500000E1
8.381847551E0,7.087500000E1
8.384471551E0,7.087500000E1
8.387096551E0,7.087500000E1
8.389720551E0,7.087500000E1
8.392345551E0,7.087500000E1
8.394969551E0,7.087500000E1
8.397594551E0,7.087500000E1
8.400218551E0,7.087500000E1
8.402843551E0,7.087500000E1
8.405467551E0,7.087500000E1
8.408092551E0,7.087500000E1
8.410716551E0,7.087500000E1
8.413341551E0,7.087500000E1
8.415965551E0,7.087500000E1
8.418590551E0,7.087500000E1
8.421214551E0,7.087500000E1
8.423839551E0,7.087500000E1
8.426463551E0,7.087500000E1
8.429088551E0,7.087500000E1
8.431712551E0,7.087500000E1
8.434337551E0,7.087500000E1
8.436961551E0,7.087500000E1
8.439586551E0,7.087500000E1
8.442210551E0,7.087500000E1
8.444835551E0,7.087500000E1
8.447459551E0,7.087500000E1
8.450084551E0,7.087500000E1
8.452708551E0,7.087500000E1
8.455333551E0,7.087500000E1
8.457957551E0,7.087500000E1
8.460582551E0,7.087500000E1
8.463207551E0,7.087500000E1
8.465831551E0,7.087500000E1
8.468456551E0,7.087500000E1
8.471080551E0,7.087500000E1
8.473705551E0,7.087500000E1
8.476329551E0,7.087500000E1
8.478954551E0,7.087500000E1
8.481578551E0,7.087500000E1
8.484203551E0,7.087500000E1
8.486827551E0,7.087500000E1
8.489452551E0,7.087500000E1
8.492076551E0,7.087500000E1
8.494701551E0,7.087500000E1
8.497325551E0,7.087500000E1
8.499950551E0,7.087500000E1
8.502574551E0,7.087500000E1
8.505199551E0,7.087500000E1
8.507823551E0,7.087500000E1
8.510448551E0,7.087500000E1
8.513072551E0,7.087500000E1
8.515697551E0,7.087500000E1
8.518321551E0,7.087500000E1
8.520946551E0,7.087500000E1
8.523570551E0,7.087500000E1
8.526195551E0,7.087500000E1
8.528819551E0,7.087500000E1
8.531444551E0,7.087500000E1
8.534068551E0,7.087500000E1
8.536693551E0,7.087500000E1
8.539317551E0,7.087500000E1
8.541942551E0,7.087500000E1
8.544566551E0,7.087500000E1
8.547191551E0,7.087500000E1
8.549815551E0,7.087500000E1
8.552440551E0,7.087500000E1
8.555064551E0,7.087500000E1
8.557689551E0,7.087500000E1
8.560313551E0,7.087500000E1
8.562938551E0,7.087500000E1
8.565562551E0,7.087500000E1
8.568187551E0,7.087500000E1
8.570811551E0,7.087500000E1
8.573436551E0,7.087500000E1
8.576061551E0,7.087500000E1
8.578685551E0,7.087500000E1
8.581310551E0,7.087500000E1
8.583934551E0,7.087500000E1
8.586559551E0,7.087500000E1
8.589183551E0,7.087500000E1
8.591808551E0,7.087500000E1
8.594432551E0,7.087500000E1
8.597057551E0,7.087500000E1
8.599681551E0,7.087500000E1
8.602306551E0,7.087500000E1
8.604930551E0,7.087500000E1
8.607555551E0,7.087500000E1
8.610179551E0,7.087500000E1
8.612804551E0,7.087500000E1
8.615428551E0,7.087500000E1
8.618053551E0,7.087500000E1
8.620677551E0,7.087500000E1
8.623302551E0,7.087500000E1
8.625926551E0,7.087500000E1
8.628551551E0,7.087500000E1
8.631175551E0,7.087500000E1
8.633800551E0,7.087500000E1
8.636424551E0,7.087500000E1
8.639049551E0,7.087500000E1
8.641673551E0,7.087500000E1
8.644298551E0,7.087500000E1
8.646922551E0,7.087500000E1
8.649547551E0,7.087500000E1
8.652171551E0,7.087500000E1
8.654796551E0,7.087500000E1
8.657420551E0,7.087500000E1
8.660045551E0,7.087500000E1
8.662669551E0,7.087500000E1
8.665294551E0,7.087500000E1
8.667918551E0,7.087500000E1
8.670543551E0,7.087500000E1
8.673167551E0,7.087500000E1
8.675792551E0,7.087500000E1
8.678416551E0,7.087500000E1
8.681041551E0,7.087500000E1
8.683665551E0,7.087500000E1
8.686290551E0,7.087500000E1
8.688915551E0,7.087500000E1
8.691539551E0,7.087500000E1
8.694164551E0,7.087500000E1
8.696788551E0,7.087500000E1
8.699413551E0,7.087500000E1
8.702037551E0,7.087500000E1
8.704662551E0,7.087500000E1
8.707286551E0,7.087500000E1
8.709911551E0,7.087500000E1
8.712535551E0,7.087500000E1
8.715160551E0,7.087500000E1
8.717784551E0,7.087500000E1
8.720409551E0,7.087500000E1
8.723033551E0,7.087500000E1
8.725658551E0,7.087500000E1
8.728282551E0,7.087500000E1
8.730907551E0,7.087500000E1
8.733531551E0,7.087500000E1
8.736156551E0,7.087500000E1
8.738780551E0,7.087500000E1
8.741405551E0,7.087500000E1
8.744029551E0,7.087500000E1
8.746654551E0,7.087500000E1
8.749278551E0,7.087500000E1
8.751903551E0,7.087500000E1
8.754527551E0,7.087500000E1
8.757152551E0,7.087500000E1
8.759776551E0,7.087500000E1
8.762401551E0,7.087500000E1
8.765025551E0,7.087500000E1
8.767650551E0,7.087500000E1
8.770274551E0,7.087500000E1
8.772899551E0,7.087500000E1
8.775523551E0,7.087500000E1
8.778148551E0,7.087500000E1
8.780772551E0,7.087500000E1
8.783397551E0,7.087500000E1
8.786021551E0,7.087500000E1
8.788646551E0,7.087500000E1
8.791270551E0,7.087500000E1
8.793895551E0,7.087500000E1
8.796519551E0,7.087500000E1
8.799144551E0,7.087500000E1
8.801769551E0,7.087500000E1
8.804393551E0,7.087500000E1
8.807018551E0,7.087500000E1
8.809642551E0,7.087500000E1
8.812267551E0,7.087500000E1
8.814891551E0,7.087500000E1
8.817516551E0,7.087500000E1
8.820140551E0,7.087500000E1
8.822765551E0,7.087500000E1
8.825389551E0,7.087500000E1
8.828014551E0,7.087500000E1
8.830638551E0,7.087500000E1
8.833263551E0,7.087500000E1
8.835887551E0,7.087500000E1
8.838512551E0,7.087500000E1
8.841136551E0,7.087500000E1
8.843761551E0,7.087500000E1
8.846385551E0,7.087500000E1
8.849010551E0,7.087500000E1
8.851634551E0,7.087500000E1
8.854259551E0,7.087500000E1
8.856883551E0,7.087500000E1
8.859508551E0,7.087500000E1
8.862132551E0,7.087500000E1
8.864757551E0,7.087500000E1
8.867381551E0,7.087500000E1
8.870006551E0,7.087500000E1
8.872630551E0,7.087500000E1
8.875255551E0,7.087500000E1
8.877879551E0,7.087500000E1
8.880504551E0,7.087500000E1
8.883128551E0,7.087500000E1
8.885753551E0,7.087500000E1
8.888377551E0,7.087500000E1
8.891002551E0,7.087500000E1
8.893626551E0,7.087500000E1
8.896251551E0,7.087500000E1
8.898875551E0,7.087500000E1
8.901500551E0,7.087500000E1
8.904124551E0,7.087500000E1
8.906749551E0,7.087500000E1
8.909374551E0,7.087500000E1
8.911998551E0,7.087500000E1
8.914623551E0,7.087500000E1
8.917247551E0,7.087500000E1
8.919872551E0,7.087500000E1
8.922496551E0,7.087500000E1
8.925121551E0,7.087500000E1
8.927745551E0,7.087500000E1
8.930370551E0,7.087500000E1
8.932994551E0,7.087500000E1
8.935619551E0,7.087500000E1
8.938243551E0,7.087500000E1
8.940868551E0,7.087500000E1
8.943492551E0,7.087500000E1
8.946117551E0,7.087500000E1
8.948741551E0,7.087500000E1
8.951366551E0,7.087500000E1
8.953990551E0,7.087500000E1
8.956615551E0,7.087500000E1
8.959239551E0,7.087500000E1
8.961864551E0,7.087500000E1
8.964488551E0,7.087500000E1
8.967113551E0,7.087500000E1
8.969737551E0,7.087500000E1
8.972362551E0,7.087500000E1
8.974986551E0,7.087500000E1
8.977611551E0,7.087500000E1
8.980235551E0,7.087500000E1
8.982860551E0,7.087500000E1
8.985484551E0,7.087500000E1
8.988109551E0,7.087500000E1
8.990733551E0,7.087500000E1
8.993358551E0,7.087500000E1
8.995982551E0,7.087500000E1
8.998607551E0,7.087500000E1
9.001231551E0,7.087500000E1
9.003856551E0,7.087500000E1
9.006480551E0,7.087500000E1
9.009105551E0,7.087500000E1
9.011729551E0,7.087500000E1
9.014354551E0,7.087500000E1
9.016978551E0,7.087500000E1
9.019603551E0,7.087500000E1
9.022228551E0,7.087500000E1
9.024852551E0,7.087500000E1
9.027477551E0,7.087500000E1
9.030101551E0,7.087500000E1
9.032726551E0,7.087500000E1
9.035350551E0,7.087500000E1
9.037975551E0,7.087500000E1
9.040599551E0,7.087500000E1
9.043224551E0,7.087500000E1
9.045848551E0,7.087500000E1
9.048473551E0,7.087500000E1
9.051097551E0,7.087500000E1
9.053722551E0,7.087500000E1
9.056346551E0,7.087500000E1
9.058971551E0,7.087500000E1
9.061595551E0,7.087500000E1
9.064220551E0,7.087500000E1
9.066844551E0,7.087500000E1
9.069469551E0,7.087500000E1
9.072093551E0,7.087500000E1
9.074718551E0,7.087500000E1
9.077342551E0,7.087500000E1
9.079967551E0,7.087500000E1
9.082591551E0,7.087500000E1
9.085216551E0,7.087500000E1
9.087840551E0,7.087500000E1
9.090465551E0,7.087500000E1
9.093089551E0,7.087500000E1
9.095714551E0,7.087500000E1
9.098338551E0,7.087500000E1
9.100963551E0,7.087500000E1
9.103587551E0,7.087500000E1
9.106212551E0,7.087500000E1
9.108836551E0,7.087500000E1
9.111461551E0,7.087500000E1
9.114085551E0,7.087500000E1
9.116710551E0,7.087500000E1
9.119334551E0,7.087500000E1
9.121959551E0,7.087500000E1
9.124583551E0,7.087500000E1
9.127208551E0,7.087500000E1
9.129832551E0,7.087500000E1
9.132457551E0,7.087500000E1
9.135082551E0,7.087500000E1
9.137706551E0,7.087500000E1
9.140331551E0,7.087500000E1
9.142955551E0,7.087500000E1
9.145580551E0,7.087500000E1
9.148204551E0,7.087500000E1
9.150829551E0,7.087500000E1
9.153453551E0,7.087500000E1
9.156078551E0,7.087500000E1
9.158702551E0,7.087500000E1
9.161327551E0,7.087500000E1
9.163951551E0,7.087500000E1
9.166576551E0,7.087500000E1
9.169200551E0,7.087500000E1
9.171825551E0,7.087500000E1
9.174449551E0,7.087500000E1
9.177074551E0,7.087500000E1
9.179698551E0,7.087500000E1
9.182323551E0,7.087500000E1
9.184947551E0,7.087500000E1
9.187572551E0,7.087500000E1
9.190196551E0,7.087500000E1
9.192821551E0,7.087500000E1
9.195445551E0,7.087500000E1
9.198070551E0,7.087500000E1
9.200694551E0,7.087500000E1
9.203319551E0,7.087500000E1
9.205943551E0,7.087500000E1
9.208568551E0,7.087500000E1
9.211192551E0,7.087500000E1
9.213817551E0,7.087500000E1
9.216441551E0,7.087500000E1
9.219066551E0,7.087500000E1
9.221690551E0,7.087500000E1
9.224315551E0,7.087500000E1
9.226939551E0,7.087500000E1
9.229564551E0,7.087500000E1
9.232188551E0,7.087500000E1
9.234813551E0,7.087500000E1
9.237437551E0,7.087500000E1
9.240062551E0,7.087500000E1
9.242686551E0,7.087500000E1
9.245311551E0,7.087500000E1
9.247936551E0,7.087500000E1
9.250560551E0,7.087500000E1
9.253185551E0,7.087500000E1
9.255809551E0,7.087500000E1
9.258434551E0,7.087500000E1
9.261058551E0,7.087500000E1
9.263683551E0,7.087500000E1
9.266307551E0,7.087500000E1
9.268932551E0,7.087500000E1
9.271556551E0,7.087500000E1
9.274181551E0,7.087500000E1
9.276805551E0,7.087500000E1
9.279430551E0,7.087500000E1
9.282054551E0,7.087500000E1
9.284679551E0,7.087500000E1
9.287303551E0,7.087500000E1
9.289928551E0,7.087500000E1
9.292552551E0,7.087500000E1
9.295177551E0,7.087500000E1
9.297801551E0,7.087500000E1
9.300426551E0,7.087500000E1
9.303050551E0,7.087500000E1
9.305675551E0,7.087500000E1
9.308299551E0,7.087500000E1
9.310924551E0,7.087500000E1
9.313548551E0,7.087500000E1
9.316173551E0,7.087500000E1
9.318797551E0,7.087500000E1
9.321422551E0,7.087500000E1
9.324046551E0,7.087500000E1
9.326671551E0,7.087500000E1
9.329295551E0,7.087500000E1
9.331920551E0,7.087500000E1
9.334544551E0,7.087500000E1
9.337169551E0,7.087500000E1
9.339793551E0,7.087500000E1
9.342418551E0,7.087500000E1
9.345042551E0,7.087500000E1
9.347667551E0,7.087500000E1
9.350291551E0,7.087500000E1
9.352916551E0,7.087500000E1
9.355540551E0,7.087500000E1
9.358165551E0,7.087500000E1
9.360790551E0,7.087500000E1
9.363414551E0,7.087500000E1
9.366039551E0,7.087500000E1
9.368663551E0,7.087500000E1
9.371288551E0,7.087500000E1
9.373912551E0,7.087500000E1
9.376537551E0,7.087500000E1
9.379161551E0,7.087500000E1
9.381786551E0,7.087500000E1
9.384410551E0,7.087500000E1
9.387035551E0,7.087500000E1
9.389659551E0,7.087500000E1
9.392284551E0,7.087500000E1
9.394908551E0,7.087500000E1
9.397533551E0,7.087500000E1
9.400157551E0,7.087500000E1
9.402782551E0,7.087500000E1
9.405406551E0,7.087500000E1
9.408031551E0,7.087500000E1
9.410655551E0,7.087500000E1
9.413280551E0,7.087500000E1
9.415904551E0,7.087500000E1
9.418529551E0,7.087500000E1
9.421153551E0,7.087500000E1
9.423778551E0,7.087500000E1
9.426402551E0,7.087500000E1
9.429027551E0,7.087500000E1
9.431651551E0,7.087500000E1
9.434276551E0,7.087500000E1
9.436900551E0,7.087500000E1
9.439525551E0,7.087500000E1
9.442149551E0,7.087500000E1
9.444774551E0,7.087500000E1
9.447398551E0,7.087500000E1
9.450023551E0,7.087500000E1
9.452647551E0,7.087500000E1
9.455272551E0,7.087500000E1
9.457896551E0,7.087500000E1
9.460521551E0,7.087500000E1
9.463145551E0,7.087500000E1
9.465770551E0,7.087500000E1
9.468394551E0,7.087500000E1
9.471019551E0,7.087500000E1
9.473644551E0,7.087500000E1
9.476268551E0,7.087500000E1
9.478893551E0,7.087500000E1
9.481517551E0,7.087500000E1
9.484142551E0,7.087500000E1
9.486766551E0,7.087500000E1
9.489391551E0,7.087500000E1
9.492015551E0,7.087500000E1
9.494640551E0,7.087500000E1
9.497264551E0,7.087500000E1
9.499889551E0,7.087500000E1
9.502513551E0,7.087500000E1
9.505138551E0,7.087500000E1
9.507762551E0,7.087500000E1
9.510387551E0,7.087500000E1
9.513011551E0,7.087500000E1
9.515636551E0,7.087500000E1
9.518260551E0,7.087500000E1
9.520885551E0,7.087500000E1
9.523509551E0,7.087500000E1
9.526134551E0,7.087500000E1
9.528758551E0,7.087500000E1
9.531383551E0,7.087500000E1
9.534007551E0,7.087500000E1
9.536632551E0,7.087500000E1
9.539256551E0,7.087500000E1
9.541881551E0,7.087500000E1
9.544505551E0,7.087500000E1
9.547130551E0,7.087500000E1
9.549754551E0,7.087500000E1
9.552379551E0,7.087500000E1
9.555003551E0,7.087500000E1
9.557628551E0,7.087500000E1
9.560252551E0,7.087500000E1
9.562877551E0,7.087500000E1
9.565501551E0,7.087500000E1
9.568126551E0,7.087500000E1
9.570750551E0,7.087500000E1
9.573375551E0,7.087500000E1
9.575999551E0,7.087500000E1
9.578624551E0,7.087500000E1
9.581249551E0,7.087500000E1
9.583873551E0,7.087500000E1
9.586498551E0,7.087500000E1
9.589122551E0,7.087500000E1
9.591747551E0,7.087500000E1
9.594371551E0,7.087500000E1
9.596996551E0,7.087500000E1
9.599620551E0,7.087500000E1
9.602245551E0,7.087500000E1
9.604869551E0,7.087500000E1
9.607494551E0,7.087500000E1
9.610118551E0,7.087500000E1
9.612743551E0,7.087500000E1
9.615367551E0,7.087500000E1
9.617992551E0,7.087500000E1
9.620616551E0,7.087500000E1
9.623241551E0,7.087500000E1
9.625865551E0,7.087500000E1
9.628490551E0,7.087500000E1
9.631114551E0,7.087500000E1
9.633739551E0,7.087500000E1
9.636363551E0,7.087500000E1
9.638988551E0,7.087500000E1
9.641612551E0,7.087500000E1
9.644237551E0,7.087500000E1
9.646861551E0,7.087500000E1
9.649486551E0,7.087500000E1
9.652110551E0,7.087500000E1
9.654735551E0,7.087500000E1
9.657359551E0,7.087500000E1
9.659984551E0,7.087500000E1
9.662608551E0,7.087500000E1
9.665233551E0,7.087500000E1
9.667857551E0,7.087500000E1
9.670482551E0,7.087500000E1
9.673106551E0,7.087500000E1
9.675731551E0,7.087500000E1
9.678355551E0,7.087500000E1
9.680980551E0,7.087500000E1
9.683604551E0,7.087500000E1
9.686229551E0,7.087500000E1
9.688853551E0,7.087500000E1
9.691478551E0,7.087500000E1
9.694103551E0,7.087500000E1
9.696727551E0,7.087500000E1
9.699352551E0,7.087500000E1
9.701976551E0,7.087500000E1
9.704601551E0,7.087500000E1
9.707225551E0,7.087500000E1
9.709850551E0,7.087500000E1
9.712474551E0,7.087500000E1
9.715099551E0,7.087500000E1
9.717723551E0,7.087500000E1
9.720348551E0,7.087500000E1
9.722972551E0,7.087500000E1
9.725597551E0,7.087500000E1
9.728221551E0,7.087500000E1
9.730846551E0,7.087500000E1
9.733470551E0,7.087500000E1
9.736095551E0,7.087500000E1
9.738719551E0,7.087500000E1
9.741344551E0,7.087500000E1
9.743968551E0,7.087500000E1
9.746593551E0,7.087500000E1
9.749217551E0,7.087500000E1
9.751842551E0,7.087500000E1
9.754466551E0,7.087500000E1
9.757091551E0,7.087500000E1
9.759715551E0,7.087500000E1
9.762340551E0,7.087500000E1
9.764964551E0,7.087500000E1
9.767589551E0,7.087500000E1
9.770213551E0,7.087500000E1
9.772838551E0,7.087500000E1
9.775462551E0,7.087500000E1
9.778087551E0,7.087500000E1
9.780711551E0,7.087500000E1
9.783336551E0,7.087500000E1
9.785960551E0,7.087500000E1
9.788585551E0,7.087500000E1
9.791209551E0,7.087500000E1
9.793834551E0,7.087500000E1
9.796458551E0,7.087500000E1
9.799083551E0,7.087500000E1
9.801707551E0,7.087500000E1
9.804332551E0,7.087500000E1
9.806957551E0,7.087500000E1
9.809581551E0,7.087500000E1
9.812206551E0,7.087500000E1
9.814830551E0,7.087500000E1
9.817455551E0,7.087500000E1
9.820079551E0,7.087500000E1
9.822704551E0,7.087500000E1
9.825328551E0,7.087500000E1
9.827953551E0,7.087500000E1
9.830577551E0,7.087500000E1
9.833202551E0,7.087500000E1
9.835826551E0,7.087500000E1
9.838451551E0,7.087500000E1
9.841075551E0,7.087500000E1
9.843700551E0,7.087500000E1
9.846324551E0,7.087500000E1
9.848949551E0,7.087500000E1
9.851573551E0,7.087500000E1
9.854198551E0,7.087500000E1
9.856822551E0,7.087500000E1
9.859447551E0,7.087500000E1
9.862071551E0,7.087500000E1
9.864696551E0,7.087500000E1
9.867320551E0,7.087500000E1
9.869945551E0,7.087500000E1
9.872569551E0,7.087500000E1
9.875194551E0,7.087500000E1
9.877818551E0,7.087500000E1
9.880443551E0,7.087500000E1
9.883067551E0,7.087500000E1
9.885692551E0,7.087500000E1
9.888316551E0,7.087500000E1
9.890941551E0,7.087500000E1
9.893565551E0,7.087500000E1
9.896190551E0,7.087500000E1
9.898814551E0,7.087500000E1
9.901439551E0,7.087500000E1
9.904063551E0,7.087500000E1
9.906688551E0,7.087500000E1
9.909312551E0,7.087500000E1
9.911937551E0,7.087500000E1
9.914561551E0,7.087500000E1
9.917186551E0,7.087500000E1
9.919811551E0,7.087500000E1
9.922435551E0,7.087500000E1
9.925060551E0,7.087500000E1
9.927684551E0,7.087500000E1
9.930309551E0,7.087500000E1
9.932933551E0,7.087500000E1
9.935558551E0,7.087500000E1
9.938182551E0,7.087500000E1
9.940807551E0,7.087500000E1
9.943431551E0,7.087500000E1
9.946056551E0,7.087500000E1
9.948680551E0,7.087500000E1
9.951305551E0,7.087500000E1
9.953929551E0,7.087500000E1
9.956554551E0,7.087500000E1
9.959178551E0,7.087500000E1
9.961803551E0,7.087500000E1
9.964427551E0,7.087500000E1
9.967052551E0,7.087500000E1
9.969676551E0,7.087500000E1
9.972301551E0,7.087500000E1
9.974925551E0,7.087500000E1
9.977550551E0,7.087500000E1
9.980174551E0,7.087500000E1
9.982799551E0,7.087500000E1
9.985423551E0,7.087500000E1
9.988048551E0,7.087500000E1
9.990672551E0,7.087500000E1
9.993297551E0,7.087500000E1
9.995921551E0,7.087500000E1
9.998546551E0,7.087500000E1
1.000117055E1,7.087500000E1
1.000379555E1,7.087500000E1
1.000641955E1,7.087500000E1
1.000904455E1,7.087500000E1
1.001166855E1,7.087500000E1
1.001429355E1,7.087500000E1
1.001691755E1,7.087500000E1
1.001954255E1,7.087500000E1
1.002216655E1,7.087500000E1
1.002479155E1,7.087500000E1
1.002741555E1,7.087500000E1
1.003004055E1,7.087500000E1
1.003266555E1,7.087500000E1
1.003528955E1,7.087500000E1
1.003791455E1,7.087500000E1
1.004053855E1,7.087500000E1
1.004316355E1,7.087500000E1
1.004578755E1,7.087500000E1
1.004841255E1,7.087500000E1
1.005103655E1,7.087500000E1
1.005366155E1,7.087500000E1
1.005628555E1,7.087500000E1
1.005891055E1,7.087500000E1
1.006153455E1,7.087500000E1
1.006415955E1,7.087500000E1
1.006678355E1,7.087500000E1
1.006940855E1,7.087500000E1
1.007203255E1,7.087500000E1
1.007465755E1,7.087500000E1
1.007728155E1,7.087500000E1
1.007990655E1,7.087500000E1
1.008253055E1,7.087500000E1
1.008515555E1,7.087500000E1
1.008777955E1,7.087500000E1
1.009040455E1,7.087500000E1
1.009302855E1,7.087500000E1
1.009565355E1,7.087500000E1
1.009827755E1,7.087500000E1
1.010090255E1,7.087500000E1
1.010352655E1,7.087500000E1
1.010615155E1,7.087500000E1
1.010877555E1,7.087500000E1
1.011140055E1,7.087500000E1
1.011402455E1,7.087500000E1
1.011664955E1,7.087500000E1
1.011927355E1,7.087500000E1
1.012189855E1,7.087500000E1
1.012452255E1,7.087500000E1
1.012714755E1,7.087500000E1
1.012977155E1,7.087500000E1
1.013239655E1,7.087500000E1
1.013502055E1,7.087500000E1
1.013764555E1,7.087500000E1
1.014026955E1,7.087500000E1
1.014289455E1,7.087500000E1
1.014551955E1,7.087500000E1
1.014814355E1,7.087500000E1
1.015076855E1,7.087500000E1
1.015339255E1,7.087500000E1
1.015601755E1,7.087500000E1
1.015864155E1,7.087500000E1
1.016126655E1,7.087500000E1
1.016389055E1,7.087500000E1
1.016651555E1,7.087500000E1
1.016913955E1,7.087500000E1
1.017176455E1,7.087500000E1
1.017438855E1,7.087500000E1
1.017701355E1,7.087500000E1
1.017963755E1,7.087500000E1
1.018226255E1,7.087500000E1
1.018488655E1,7.087500000E1
1.018751155E1,7.087500000E1
1.019013555E1,7.087500000E1
1.019276055E1,7.087500000E1
1.019538455E1,7.087500000E1
1.019800955E1,7.087500000E1
1.020063355E1,7.087500000E1
1.020325855E1,7.087500000E1
1.020588255E1,7.087500000E1
1.020850755E1,7.087500000E1
1.021113155E1,7.087500000E1
1.021375655E1,7.087500000E1
1.021638055E1,7.087500000E1
1.021900555E1,7.087500000E1
1.022162955E1,7.087500000E1
1.022425455E1,7.087500000E1
1.022687855E1,7.087500000E1
1.022950355E1,7.087500000E1
1.023212755E1,7.087500000E1
1.023475255E1,7.087500000E1
1.023737655E1,7.087500000E1
1.024000155E1,7.087500000E1
1.024262555E1,7.087500000E1
1.024525055E1,7.087500000E1
1.024787455E1,7.087500000E1
1.025049955E1,7.087500000E1
1.025312455E1,7.087500000E1
1.025574855E1,7.087500000E1
1.025837355E1,7.087500000E1
1.026099755E1,7.087500000E1
1.026362255E1,7.087500000E1
1.026624655E1,7.087500000E1
1.026887155E1,7.087500000E1
1.027149555E1,7.087500000E1
1.027412055E1,7.087500000E1
1.027674455E1,7.087500000E1
1.027936955E1,7.087500000E1
1.028199355E1,7.087500000E1
1.028461855E1,7.087500000E1
1.028724255E1,7.087500000E1
1.028986755E1,7.087500000E1
1.029249155E1,7.087500000E1
1.029511655E1,7.087500000E1
1.029774055E1,7.087500000E1
1.030036555E1,7.087500000E1
1.030298955E1,7.087500000E1
1.030561455E1,7.087500000E1
1.030823855E1,7.087500000E1
1.031086355E1,7.087500000E1
1.031348755E1,7.087500000E1
1.031611255E1,7.087500000E1
1.031873655E1,7.087500000E1
1.032136155E1,7.087500000E1
1.032398555E1,7.087500000E1
1.032661055E1,7.087500000E1
1.032923455E1,7.087500000E1
1.033185955E1,7.087500000E1
1.033448355E1,7.087500000E1
1.033710855E1,7.087500000E1
1.033973255E1,7.087500000E1
1.034235755E1,7.087500000E1
1.034498155E1,7.087500000E1
1.034760655E1,7.087500000E1
1.035023055E1,7.087500000E1
1.035285555E1,7.087500000E1
1.035547955E1,7.087500000E1
1.035810455E1,7.087500000E1
1.036072855E1,7.087500000E1
1.036335355E1,7.087500000E1
1.036597855E1,7.087500000E1
1.036860255E1,7.087500000E1
1.037122755E1,7.087500000E1
1.037385155E1,7.087500000E1
1.037647655E1,7.087500000E1
1.037910055E1,7.087500000E1
1.038172555E1,7.087500000E1
1.038434955E1,7.087500000E1
1.038697455E1,7.087500000E1
1.038959855E1,7.087500000E1
1.039222355E1,7.087500000E1
1.039484755E1,7.087500000E1
1.039747255E1,7.087500000E1
1.040009655E1,7.087500000E1
1.040272155E1,7.087500000E1
1.040534555E1,7.087500000E1
1.040797055E1,7.087500000E1
1.041059455E1,7.087500000E1
1.041321955E1,7.087500000E1
1.041584355E1,7.087500000E1
1.041846855E1,7.087500000E1
1.042109255E1,7.087500000E1
1.042371755E1,7.087500000E1
1.042634155E1,7.087500000E1
1.042896655E1,7.087500000E1
1.043159055E1,7.087500000E1
1.043421555E1,7.087500000E1
1.043683955E1,7.087500000E1
1.043946455E1,7.087500000E1
1.044208855E1,7.087500000E1
1.044471355E1,7.087500000E1
1.044733755E1,7.087500000E1
1.044996255E1,7.087500000E1
1.045258655E1,7.087500000E1
1.045521155E1,7.087500000E1
1.045783555E1,7.087500000E1
1.046046055E1,7.087500000E1
1.046308455E1,7.087500000E1
1.046570955E1,7.087500000E1
1.046833355E1,7.087500000E1
1.047095855E1,7.087500000E1
1.047358255E1,7.087500000E1
1.047620755E1,7.087500000E1
1.047883255E1,7.087500000E1
1.048145655E1,7.087500000E1
1.048408155E1,7.087500000E1
1.048670555E1,7.087500000E1
1.048933055E1,7.087500000E1
1.049195455E1,7.087500000E1
1.049457955E1,7.087500000E1
1.049720355E1,7.087500000E1
1.049982855E1,7.087500000E1
1.050245255E1,7.087500000E1
1.050507755E1,7.087500000E1
1.050770155E1,7.087500000E1
1.051032655E1,7.087500000E1
1.051295055E1,7.087500000E1
1.051557555E1,7.087500000E1
1.051819955E1,7.087500000E1
1.052082455E1,7.087500000E1
1.052344855E1,7.087500000E1
1.052607355E1,7.087500000E1
1.052869755E1,7.087500000E1
1.053132255E1,7.087500000E1
1.053394655E1,7.087500000E1
1.053657155E1,7.087500000E1
1.053919555E1,7.087500000E1
1.054182055E1,7.087500000E1
1.054444455E1,7.087500000E1
1.054706955E1,7.087500000E1
1.054969355E1,7.087500000E1
1.055231855E1,7.087500000E1
1.055494255E1,7.087500000E1
1.055756755E1,7.087500000E1
1.056019155E1,7.087500000E1
1.056281655E1,7.087500000E1
1.056544055E1,7.087500000E1
1.056806555E1,7.087500000E1
1.057068955E1,7.087500000E1
1.057331455E1,7.087500000E1
1.057593855E1,7.087500000E1
1.057856355E1,7.087500000E1
1.058118755E1,7.087500000E1
1.058381255E1,7.087500000E1
1.058643655E1,7.087500000E1
1.058906155E1,7.087500000E1
1.059168655E1,7.087500000E1
1.059431055E1,7.087500000E1
1.059693555E1,7.087500000E1
1.059955955E1,7.087500000E1
1.060218455E1,7.087500000E1
1.060480855E1,7.087500000E1
1.060743355E1,7.087500000E1
1.061005755E1,7.087500000E1
1.061268255E1,7.087500000E1
1.061530655E1,7.087500000E1
1.061793155E1,7.087500000E1
1.062055555E1,7.087500000E1
1.062318055E1,7.087500000E1
1.062580455E1,7.087500000E1
1.062842955E1,7.087500000E1
1.063105355E1,7.087500000E1
1.063367855E1,7.087500000E1
1.063630255E1,7.087500000E1
1.063892755E1,7.087500000E1
1.064155155E1,7.087500000E1
1.064417655E1,7.087500000E1
1.064680055E1,7.087500000E1
1.064942555E1,7.087500000E1
1.065204955E1,7.087500000E1
1.065467455E1,7.087500000E1
1.065729855E1,7.087500000E1
1.065992355E1,7.087500000E1
1.066254755E1,7.087500000E1
1.066517255E1,7.087500000E1
1.066779655E1,7.087500000E1
1.067042155E1,7.087500000E1
1.067304555E1,7.087500000E1
1.067567055E1,7.087500000E1
1.067829455E1,7.087500000E1
1.068091955E1,7.087500000E1
1.068354355E1,7.087500000E1
1.068616855E1,7.087500000E1
1.068879255E1,7.087500000E1
1.069141755E1,7.087500000E1
1.069404155E1,7.087500000E1
1.069666655E1,7.087500000E1
1.069929055E1,7.087500000E1
1.070191555E1,7.087500000E1
1.070454055E1,7.087500000E1
1.070716455E1,7.087500000E1
1.070978955E1,7.087500000E1
1.071241355E1,7.087500000E1
1.071503855E1,7.087500000E1
1.071766255E1,7.087500000E1
1.072028755E1,7.087500000E1
1.072291155E1,7.087500000E1
1.072553655E1,7.087500000E1
1.072816055E1,7.087500000E1
1.073078555E1,7.087500000E1
1.073340955E1,7.087500000E1
1.073603455E1,7.087500000E1
1.073865855E1,7.087500000E1
1.074128355E1,7.087500000E1
1.074390755E1,7.087500000E1
1.074653255E1,7.087500000E1
1.074915655E1,7.087500000E1
1.075178155E1,7.087500000E1
1.075440555E1,7.087500000E1
1.075703055E1,7.087500000E1
1.075965455E1,7.087500000E1
1.076227955E1,7.087500000E1
1.076490355E1,7.087500000E1
1.076752855E1,7.087500000E1
1.077015255E1,7.087500000E1
1.077277755E1,7.087500000E1
1.077540155E1,7.087500000E1
1.077802655E1,7.087500000E1
1.078065055E1,7.087500000E1
1.078327555E1,7.087500000E1
1.078589955E1,7.087500000E1
1.078852455E1,7.087500000E1
1.079114855E1,7.087500000E1
1.079377355E1,7.087500000E1
1.079639755E1,7.087500000E1
1.079902255E1,7.087500000E1
1.080164655E1,7.087500000E1
1.080427155E1,7.087500000E1
1.080689555E1,7.087500000E1
1.080952055E1,7.087500000E1
1.081214455E1,7.087500000E1
1.081476955E1,7.087500000E1
1.081739455E1,7.087500000E1
1.082001855E1,7.087500000E1
1.082264355E1,7.087500000E1
1.082526755E1,7.087500000E1
1.082789255E1,7.087500000E1
1.083051655E1,7.087500000E1
1.083314155E1,7.087500000E1
1.083576555E1,7.087500000E1
1.083839055E1,7.087500000E1
1.084101455E1,7.087500000E1
1.084363955E1,7.087500000E1
1.084626355E1,7.087500000E1
1.084888855E1,7.087500000E1
1.085151255E1,7.087500000E1
1.085413755E1,7.087500000E1
1.085676155E1,7.087500000E1
1.085938655E1,7.087500000E1
1.086201055E1,7.087500000E1
1.086463555E1,7.087500000E1
1.086725955E1,7.087500000E1
1.086988455E1,7.087500000E1
1.087250855E1,7.087500000E1
1.087513355E1,7.087500000E1
1.087775755E1,7.087500000E1
1.088038255E1,7.087500000E1
1.088300655E1,7.087500000E1
1.088563155E1,7.087500000E1
1.088825555E1,7.087500000E1
1.089088055E1,7.087500000E1
1.089350455E1,7.087500000E1
1.089612955E1,7.087500000E1
1.089875355E1,7.087500000E1
1.090137855E1,7.087500000E1
1.090400255E1,7.087500000E1
1.090662755E1,7.087500000E1
1.090925155E1,7.087500000E1
1.091187655E1,7.087500000E1
1.091450055E1,7.087500000E1
1.091712555E1,7.087500000E1
1.091974955E1,7.087500000E1
1.092237455E1,7.087500000E1
1.092499955E1,7.087500000E1
1.092762355E1,7.087500000E1
1.093024855E1,7.087500000E1
1.093287255E1,7.087500000E1
1.093549755E1,7.087500000E1
1.093812155E1,7.087500000E1
1.094074655E1,7.087500000E1
1.094337055E1,7.087500000E1
1.094599555E1,7.087500000E1
1.094861955E1,7.087500000E1
1.095124455E1,7.087500000E1
1.095386855E1,7.087500000E1
1.095649355E1,7.087500000E1
1.095911755E1,7.087500000E1
1.096174255E1,7.087500000E1
1.096436655E1,7.087500000E1
1.096699155E1,7.087500000E1
1.096961555E1,7.087500000E1
1.097224055E1,7.087500000E1
1.097486455E1,7.087500000E1
1.097748955E1,7.087500000E1
1.098011355E1,7.087500000E1
1.098273855E1,7.087500000E1
1.098536255E1,7.087500000E1
1.098798755E1,7.087500000E1
1.099061155E1,7.087500000E1
1.099323655E1,7.087500000E1
1.099586055E1,7.087500000E1
1.099848555E1,7.087500000E1
1.100110955E1,7.087500000E1
1.100373455E1,7.087500000E1
1.100635855E1,7.087500000E1
1.100898355E1,7.087500000E1
1.101160755E1,7.087500000E1
1.101423255E1,7.087500000E1
1.101685655E1,7.087500000E1
1.101948155E1,7.087500000E1
1.102210555E1,7.087500000E1
1.102473055E1,7.087500000E1
1.102735455E1,7.087500000E1
1.102997955E1,7.087500000E1
1.103260355E1,7.087500000E1
1.103522855E1,7.087500000E1
1.103785355E1,7.087500000E1
1.104047755E1,7.087500000E1
1.104310255E1,7.087500000E1
1.104572655E1,7.087500000E1
1.104835155E1,7.087500000E1
1.105097555E1,7.087500000E1
1.105360055E1,7.087500000E1
1.105622455E1,7.087500000E1
1.105884955E1,7.087500000E1
1.106147355E1,7.087500000E1
1.106409855E1,7.087500000E1
1.106672255E1,7.087500000E1
1.106934755E1,7.087500000E1
1.107197155E1,7.087500000E1
1.107459655E1,7.087500000E1
1.107722055E1,7.087500000E1
1.107984555E1,7.087500000E1
1.108246955E1,7.087500000E1
1.108509455E1,7.087500000E1
1.108771855E1,7.087500000E1
1.109034355E1,7.087500000E1
1.109296755E1,7.087500000E1
1.109559255E1,7.087500000E1
1.109821655E1,7.087500000E1
1.110084155E1,7.087500000E1
1.110346555E1,7.087500000E1
1.110609055E1,7.087500000E1
1.110871455E1,7.087500000E1
1.111133955E1,7.087500000E1
1.111396355E1,7.087500000E1
1.111658855E1,7.087500000E1
1.111921255E1,7.087500000E1
1.112183755E1,7.087500000E1
1.112446155E1,7.087500000E1
1.112708655E1,7.087500000E1
1.112971055E1,7.087500000E1
1.113233555E1,7.087500000E1
1.113495955E1,7.087500000E1
1.113758455E1,7.087500000E1
1.114020855E1,7.087500000E1
1.114283355E1,7.087500000E1
1.114545755E1,7.087500000E1
1.114808255E1,7.087500000E1
1.115070755E1,7.087500000E1
1.115333155E1,7.087500000E1
1.115595655E1,7.087500000E1
1.115858055E1,7.087500000E1
1.116120555E1,7.087500000E1
1.116382955E1,7.087500000E1
1.116645455E1,7.087500000E1
1.116907855E1,7.087500000E1
1.117170355E1,7.087500000E1
1.117432755E1,7.087500000E1
1.117695255E1,7.087500000E1
1.117957655E1,7.087500000E1
1.118220155E1,7.087500000E1
1.118482555E1,7.087500000E1
1.118745055E1,7.087500000E1
1.119007455E1,7.087500000E1
1.119269955E1,7.087500000E1
1.119532355E1,7.087500000E1
1.119794855E1,7.087500000E1
1.120057255E1,7.087500000E1
1.120319755E1,7.087500000E1
1.120582155E1,7.087500000E1
1.120844655E1,7.087500000E1
1.121107055E1,7.087500000E1
1.121369555E1,7.087500000E1
1.121631955E1,7.087500000E1
1.121894455E1,7.087500000E1
1.122156855E1,7.087500000E1
1.122419355E1,7.087500000E1
1.122681755E1,7.087500000E1
1.122944255E1,7.087500000E1
1.123206655E1,7.087500000E1
1.123469155E1,7.087500000E1
1.123731555E1,7.087500000E1
1.123994055E1,7.087500000E1
1.124256455E1,7.087500000E1
1.124518955E1,7.087500000E1
1.124781355E1,7.087500000E1
1.125043855E1,7.087500000E1
1.125306255E1,7.087500000E1
1.125568755E1,7.087500000E1
1.125831155E1,7.087500000E1
1.126093655E1,7.087500000E1
1.126356155E1,7.087500000E1
1.126618555E1,7.087500000E1
1.126881055E1,7.087500000E1
1.127143455E1,7.087500000E1
1.127405955E1,7.087500000E1
1.127668355E1,7.087500000E1
1.127930855E1,7.087500000E1
1.128193255E1,7.087500000E1
1.128455755E1,7.087500000E1
1.128718155E1,7.087500000E1
1.128980655E1,7.087500000E1
1.129243055E1,7.087500000E1
1.129505555E1,7.087500000E1
1.129767955E1,7.087500000E1
1.130030455E1,7.087500000E1
1.130292855E1,7.087500000E1
1.130555355E1,7.087500000E1
1.130817755E1,7.087500000E1
1.131080255E1,7.087500000E1
1.131342655E1,7.087500000E1
1.131605155E1,7.087500000E1
1.131867555E1,7.087500000E1
1.132130055E1,7.087500000E1
1.132392455E1,7.087500000E1
1.132654955E1,7.087500000E1
1.132917355E1,7.087500000E1
1.133179855E1,7.087500000E1
1.133442255E1,7.087500000E1
