"Time (s)","Illuminance (lx)"
0.000000000E0,1.937500000E1
1.834060200E-2,1.937500000E1
2.847260200E-2,1.937500000E1
3.860460200E-2,1.937500000E1
4.125960200E-2,1.937500000E1
4.388360200E-2,1.937500000E1
4.650860200E-2,1.937500000E1
4.913260200E-2,1.937500000E1
5.175760200E-2,1.937500000E1
5.438160200E-2,1.937500000E1
5.700660200E-2,1.937500000E1
5.963060200E-2,1.937500000E1
6.225560200E-2,1.937500000E1
6.487960200E-2,1.937500000E1
6.750460200E-2,1.937500000E1
7.012860200E-2,1.937500000E1
7.275360200E-2,1.937500000E1
7.537760200E-2,1.937500000E1
7.800260200E-2,1.937500000E1
8.062660200E-2,1.937500000E1
8.325160200E-2,1.937500000E1
8.587560200E-2,1.937500000E1
8.850060200E-2,1.937500000E1
9.112460200E-2,1.937500000E1
9.374960200E-2,1.937500000E1
9.637360200E-2,1.937500000E1
9.899860200E-2,1.937500000E1
1.016226020E-1,1.937500000E1
1.042476020E-1,1.937500000E1
1.068716020E-1,1.937500000E1
1.094966020E-1,1.937500000E1
1.121206020E-1,1.937500000E1
1.147456020E-1,1.937500000E1
1.173696020E-1,1.937500000E1
1.199946020E-1,1.937500000E1
1.226186020E-1,1.937500000E1
1.252436020E-1,1.937500000E1
1.278686020E-1,1.937500000E1
1.304926020E-1,1.937500000E1
1.331176020E-1,1.937500000E1
1.357416020E-1,1.937500000E1
1.383666020E-1,1.937500000E1
1.409906020E-1,1.937500000E1
1.462396020E-1,2.575000000E1
1.488646020E-1,2.575000000E1
1.514886020E-1,2.575000000E1
1.541136020E-1,2.575000000E1
1.567376020E-1,2.575000000E1
1.593626020E-1,2.575000000E1
1.619866020E-1,2.575000000E1
1.646116020E-1,2.575000000E1
1.672356020E-1,2.575000000E1
1.698606020E-1,1.937500000E1
1.724846020E-1,1.937500000E1
1.751096020E-1,1.937500000E1
1.777336020E-1,1.937500000E1
1.803586020E-1,1.937500000E1
1.829826020E-1,1.937500000E1
1.856076020E-1,1.937500000E1
1.882316020E-1,1.937500000E1
1.908566020E-1,1.937500000E1
1.961056020E-1,2.575000000E1
1.987296020E-1,2.575000000E1
2.013546020E-1,2.575000000E1
2.039786020E-1,2.575000000E1
2.066036020E-1,2.575000000E1
2.092276020E-1,2.575000000E1
2.118526020E-1,2.575000000E1
2.144766020E-1,2.575000000E1
2.171016020E-1,2.575000000E1
2.197256020E-1,1.937500000E1
2.223506020E-1,1.937500000E1
2.249746020E-1,1.937500000E1
2.275996020E-1,1.937500000E1
2.302236020E-1,1.937500000E1
2.328486020E-1,1.937500000E1
2.354726020E-1,1.937500000E1
2.380976020E-1,1.937500000E1
2.407226020E-1,1.937500000E1
2.433466020E-1,1.937500000E1
2.459716020E-1,1.937500000E1
2.485956020E-1,1.937500000E1
2.512206020E-1,1.937500000E1
2.538446020E-1,1.937500000E1
2.564696020E-1,1.937500000E1
2.590936020E-1,1.937500000E1
2.617186020E-1,1.937500000E1
2.643426020E-1,1.937500000E1
2.669676020E-1,1.937500000E1
2.722166020E-1,2.575000000E1
2.748406020E-1,2.575000000E1
2.774656020E-1,2.575000000E1
2.800896020E-1,2.575000000E1
2.827146020E-1,2.575000000E1
2.853386020E-1,2.575000000E1
2.879636020E-1,2.575000000E1
2.905876020E-1,2.575000000E1
2.932126020E-1,2.575000000E1
2.958366020E-1,1.937500000E1
2.984616020E-1,1.937500000E1
3.010856020E-1,1.937500000E1
3.037106020E-1,1.937500000E1
3.063346020E-1,1.937500000E1
3.089596020E-1,1.937500000E1
3.115836020E-1,1.937500000E1
3.142086020E-1,1.937500000E1
3.168326020E-1,1.937500000E1
3.194576020E-1,1.937500000E1
3.247066020E-1,2.575000000E1
3.273306020E-1,2.575000000E1
3.299556020E-1,2.575000000E1
3.325796020E-1,2.575000000E1
3.352046020E-1,2.575000000E1
3.378286020E-1,2.575000000E1
3.404536020E-1,2.575000000E1
3.430776020E-1,2.575000000E1
3.457026020E-1,2.575000000E1
3.483266020E-1,2.575000000E1
3.509516020E-1,2.575000000E1
3.535766020E-1,2.575000000E1
3.562006020E-1,2.575000000E1
3.588256020E-1,2.575000000E1
3.614496020E-1,2.575000000E1
3.640746020E-1,2.575000000E1
3.666986020E-1,2.575000000E1
3.693236020E-1,2.575000000E1
3.719476020E-1,2.575000000E1
3.745726020E-1,2.575000000E1
3.771966020E-1,2.575000000E1
3.798216020E-1,2.575000000E1
3.824456020E-1,2.575000000E1
3.850706020E-1,2.575000000E1
3.876946020E-1,2.575000000E1
3.903196020E-1,2.575000000E1
3.929436020E-1,2.575000000E1
3.955686020E-1,2.575000000E1
3.981926020E-1,1.937500000E1
4.008176020E-1,1.937500000E1
4.034416020E-1,1.937500000E1
4.060666020E-1,1.937500000E1
4.086906020E-1,1.937500000E1
4.113156020E-1,1.937500000E1
4.139396020E-1,1.937500000E1
4.165646020E-1,1.937500000E1
4.191886020E-1,1.937500000E1
4.218136020E-1,1.937500000E1
4.270626020E-1,2.575000000E1
4.296866020E-1,2.575000000E1
4.323116020E-1,2.575000000E1
4.349356020E-1,2.575000000E1
4.375606020E-1,2.575000000E1
4.401846020E-1,2.575000000E1
4.428096020E-1,2.575000000E1
4.454336020E-1,2.575000000E1
4.480586020E-1,2.575000000E1
4.506826020E-1,2.575000000E1
4.533076020E-1,2.575000000E1
4.559316020E-1,2.575000000E1
4.585566020E-1,2.575000000E1
4.611806020E-1,2.575000000E1
4.638056020E-1,2.575000000E1
4.664306020E-1,2.575000000E1
4.690546020E-1,2.575000000E1
4.716796020E-1,2.575000000E1
4.743036020E-1,1.937500000E1
4.769286020E-1,1.937500000E1
4.795526020E-1,1.937500000E1
4.821776020E-1,1.937500000E1
4.848016020E-1,1.937500000E1
4.874266020E-1,1.937500000E1
4.900506020E-1,1.937500000E1
4.926756020E-1,1.937500000E1
4.952996020E-1,1.937500000E1
4.979246020E-1,1.937500000E1
5.005486020E-1,1.937500000E1
5.031736020E-1,1.937500000E1
5.057976020E-1,1.937500000E1
5.084226020E-1,1.937500000E1
5.110466020E-1,1.937500000E1
5.136716020E-1,1.937500000E1
5.162956020E-1,1.937500000E1
5.189206020E-1,1.937500000E1
5.215446020E-1,1.937500000E1
5.267936020E-1,2.575000000E1
5.294186020E-1,2.575000000E1
5.320426020E-1,2.575000000E1
5.346676020E-1,2.575000000E1
5.372916020E-1,2.575000000E1
5.399166020E-1,2.575000000E1
5.425406020E-1,2.575000000E1
5.451656020E-1,2.575000000E1
5.477896020E-1,2.575000000E1
5.504146020E-1,1.937500000E1
5.530386020E-1,1.937500000E1
5.556636020E-1,1.937500000E1
5.582876020E-1,1.937500000E1
5.609126020E-1,1.937500000E1
5.635366020E-1,1.937500000E1
5.661616020E-1,1.937500000E1
5.687856020E-1,1.937500000E1
5.714106020E-1,1.937500000E1
5.766596020E-1,2.575000000E1
5.792846020E-1,2.575000000E1
5.819086020E-1,2.575000000E1
5.845336020E-1,2.575000000E1
5.871576020E-1,2.575000000E1
5.897826020E-1,2.575000000E1
5.924066020E-1,2.575000000E1
5.950316020E-1,2.575000000E1
5.976556020E-1,2.575000000E1
6.002806020E-1,2.575000000E1
6.029046020E-1,2.575000000E1
6.055296020E-1,2.575000000E1
6.081536020E-1,2.575000000E1
6.107786020E-1,2.575000000E1
6.134026020E-1,2.575000000E1
6.160276020E-1,2.575000000E1
6.186516020E-1,2.575000000E1
6.212766020E-1,2.575000000E1
6.239006020E-1,2.575000000E1
6.265256020E-1,1.937500000E1
6.291496020E-1,1.937500000E1
6.317746020E-1,1.937500000E1
6.343986020E-1,1.937500000E1
6.370236020E-1,1.937500000E1
6.396476020E-1,1.937500000E1
6.422726020E-1,1.937500000E1
6.448966020E-1,1.937500000E1
6.475216020E-1,1.937500000E1
6.501456020E-1,1.937500000E1
6.553946020E-1,2.575000000E1
6.580196020E-1,2.575000000E1
6.606436020E-1,2.575000000E1
6.632686020E-1,2.575000000E1
6.658926020E-1,2.575000000E1
6.685176020E-1,2.575000000E1
6.711416020E-1,2.575000000E1
6.737666020E-1,2.575000000E1
6.763906020E-1,2.575000000E1
6.790156020E-1,1.937500000E1
6.816396020E-1,1.937500000E1
6.842646020E-1,1.937500000E1
6.868896020E-1,1.937500000E1
6.895136020E-1,1.937500000E1
6.921386020E-1,1.937500000E1
6.947626020E-1,1.937500000E1
6.973876020E-1,1.937500000E1
7.000116020E-1,1.937500000E1
7.026366020E-1,1.937500000E1
7.052606020E-1,1.937500000E1
7.078856020E-1,1.937500000E1
7.105096020E-1,1.937500000E1
7.131346020E-1,1.937500000E1
7.157586020E-1,1.937500000E1
7.183836020E-1,1.937500000E1
7.210076020E-1,1.937500000E1
7.236326020E-1,1.937500000E1
7.262566020E-1,1.937500000E1
7.288816020E-1,1.937500000E1
7.315056020E-1,1.937500000E1
7.341306020E-1,1.937500000E1
7.367546020E-1,1.937500000E1
7.393796020E-1,1.937500000E1
7.420036020E-1,1.937500000E1
7.446286020E-1,1.937500000E1
7.472526020E-1,1.937500000E1
7.498776020E-1,1.937500000E1
7.551266020E-1,2.575000000E1
7.577506020E-1,2.575000000E1
7.603756020E-1,2.575000000E1
7.629996020E-1,2.575000000E1
7.656246020E-1,2.575000000E1
7.682486020E-1,2.575000000E1
7.708736020E-1,2.575000000E1
7.734976020E-1,2.575000000E1
7.761226020E-1,2.575000000E1
7.787466020E-1,2.575000000E1
7.813716020E-1,2.575000000E1
7.839956020E-1,2.575000000E1
7.866206020E-1,2.575000000E1
7.892446020E-1,2.575000000E1
7.918696020E-1,2.575000000E1
7.944936020E-1,2.575000000E1
7.971186020E-1,2.575000000E1
7.997436020E-1,2.575000000E1
8.023676020E-1,2.575000000E1
8.049926020E-1,2.575000000E1
8.076166020E-1,2.575000000E1
8.102416020E-1,2.575000000E1
8.128656020E-1,2.575000000E1
8.154906020E-1,2.575000000E1
8.181146020E-1,2.575000000E1
8.207396020E-1,2.575000000E1
8.233636020E-1,2.575000000E1
8.259886020E-1,2.575000000E1
8.286126020E-1,2.575000000E1
8.312376020E-1,1.937500000E1
8.338616020E-1,1.937500000E1
8.364866020E-1,1.937500000E1
8.391106020E-1,1.937500000E1
8.417356020E-1,1.937500000E1
8.443596020E-1,1.937500000E1
8.469846020E-1,1.937500000E1
8.496086020E-1,1.937500000E1
8.522336020E-1,1.937500000E1
8.548576020E-1,1.937500000E1
8.601066020E-1,2.575000000E1
8.627316020E-1,2.575000000E1
8.653556020E-1,2.575000000E1
8.679806020E-1,2.575000000E1
8.706046020E-1,2.575000000E1
8.732296020E-1,2.575000000E1
8.758536020E-1,2.575000000E1
8.784786020E-1,2.575000000E1
8.811026020E-1,2.575000000E1
8.837276020E-1,2.575000000E1
8.863516020E-1,2.575000000E1
8.889766020E-1,2.575000000E1
8.916006020E-1,2.575000000E1
8.942256020E-1,2.575000000E1
8.968496020E-1,2.575000000E1
8.994746020E-1,2.575000000E1
9.020986020E-1,2.575000000E1
9.047236020E-1,2.575000000E1
9.073476020E-1,2.575000000E1
9.099726020E-1,2.575000000E1
9.125976020E-1,2.575000000E1
9.152216020E-1,2.575000000E1
9.178466020E-1,2.575000000E1
9.204706020E-1,2.575000000E1
9.230956020E-1,2.575000000E1
9.257196020E-1,2.575000000E1
9.283446020E-1,2.575000000E1
9.309686020E-1,1.937500000E1
9.335936020E-1,1.937500000E1
9.362176020E-1,1.937500000E1
9.388426020E-1,1.937500000E1
9.414666020E-1,1.937500000E1
9.440916020E-1,1.937500000E1
9.467156020E-1,1.937500000E1
9.493406020E-1,1.937500000E1
9.519646020E-1,1.937500000E1
9.545896020E-1,1.937500000E1
9.598386020E-1,2.575000000E1
9.624626020E-1,2.575000000E1
9.650876020E-1,2.575000000E1
9.677116020E-1,2.575000000E1
9.703366020E-1,2.575000000E1
9.729606020E-1,2.575000000E1
9.755856020E-1,2.575000000E1
9.782096020E-1,2.575000000E1
9.808346020E-1,2.575000000E1
9.834586020E-1,2.575000000E1
9.860836020E-1,2.575000000E1
9.887076020E-1,2.575000000E1
9.913326020E-1,2.575000000E1
9.939566020E-1,2.575000000E1
9.965816020E-1,2.575000000E1
9.992056020E-1,2.575000000E1
1.001830602E0,2.575000000E1
1.004454602E0,2.575000000E1
1.007079602E0,2.575000000E1
1.009703602E0,2.575000000E1
1.012328602E0,2.575000000E1
1.014952602E0,2.575000000E1
1.017577602E0,2.575000000E1
1.020201602E0,2.575000000E1
1.022826602E0,2.575000000E1
1.025451602E0,2.575000000E1
1.028075602E0,2.575000000E1
1.030700602E0,2.575000000E1
1.033324602E0,1.937500000E1
1.035949602E0,1.937500000E1
1.038573602E0,1.937500000E1
1.041198602E0,1.937500000E1
1.043822602E0,1.937500000E1
1.046447602E0,1.937500000E1
1.049071602E0,1.937500000E1
1.051696602E0,1.937500000E1
1.054320602E0,1.937500000E1
1.056945602E0,1.937500000E1
1.059569602E0,1.937500000E1
1.062194602E0,1.937500000E1
1.064818602E0,1.937500000E1
1.067443602E0,1.937500000E1
1.070067602E0,1.937500000E1
1.072692602E0,1.937500000E1
1.075316602E0,1.937500000E1
1.077941602E0,1.937500000E1
1.080565602E0,1.937500000E1
1.083190602E0,1.937500000E1
1.085814602E0,1.937500000E1
1.088439602E0,1.937500000E1
1.091063602E0,1.937500000E1
1.093688602E0,1.937500000E1
1.096312602E0,1.937500000E1
1.098937602E0,1.937500000E1
1.101561602E0,1.937500000E1
1.104186602E0,1.937500000E1
1.106810602E0,1.937500000E1
1.109435602E0,1.937500000E1
1.112059602E0,1.937500000E1
1.114684602E0,1.937500000E1
1.117308602E0,1.937500000E1
1.119933602E0,1.937500000E1
1.122557602E0,1.937500000E1
1.125182602E0,1.937500000E1
1.127806602E0,1.937500000E1
1.130431602E0,1.937500000E1
1.133055602E0,1.937500000E1
1.135680602E0,1.937500000E1
1.138305602E0,1.937500000E1
1.140929602E0,1.937500000E1
1.143554602E0,1.937500000E1
1.146178602E0,1.937500000E1
1.148803602E0,1.937500000E1
1.151427602E0,1.937500000E1
1.154052602E0,1.937500000E1
1.156676602E0,1.937500000E1
1.159301602E0,1.937500000E1
1.164550602E0,2.575000000E1
1.167174602E0,2.575000000E1
1.169799602E0,2.575000000E1
1.172423602E0,2.575000000E1
1.175048602E0,2.575000000E1
1.177672602E0,2.575000000E1
1.180297602E0,2.575000000E1
1.182921602E0,2.575000000E1
1.185546602E0,2.575000000E1
1.188170602E0,1.937500000E1
1.190795602E0,1.937500000E1
1.193419602E0,1.937500000E1
1.196044602E0,1.937500000E1
1.198668602E0,1.937500000E1
1.201293602E0,1.937500000E1
1.203917602E0,1.937500000E1
1.206542602E0,1.937500000E1
1.209166602E0,1.937500000E1
1.214415602E0,2.575000000E1
1.217040602E0,2.575000000E1
1.219664602E0,2.575000000E1
1.222289602E0,2.575000000E1
1.224913602E0,2.575000000E1
1.227538602E0,2.575000000E1
1.230162602E0,2.575000000E1
1.232787602E0,2.575000000E1
1.235411602E0,2.575000000E1
1.238036602E0,2.575000000E1
1.240660602E0,2.575000000E1
1.243285602E0,2.575000000E1
1.245910602E0,2.575000000E1
1.248534602E0,2.575000000E1
1.251159602E0,2.575000000E1
1.253783602E0,2.575000000E1
1.256408602E0,2.575000000E1
1.259032602E0,2.575000000E1
1.261657602E0,2.575000000E1
1.264281602E0,2.575000000E1
1.266906602E0,2.575000000E1
1.269530602E0,2.575000000E1
1.272155602E0,2.575000000E1
1.274779602E0,2.575000000E1
1.277404602E0,2.575000000E1
1.280028602E0,2.575000000E1
1.282653602E0,2.575000000E1
1.285277602E0,2.575000000E1
1.287902602E0,1.937500000E1
1.290526602E0,1.937500000E1
1.293151602E0,1.937500000E1
1.295775602E0,1.937500000E1
1.298400602E0,1.937500000E1
1.301024602E0,1.937500000E1
1.303649602E0,1.937500000E1
1.306273602E0,1.937500000E1
1.308898602E0,1.937500000E1
1.311522602E0,1.937500000E1
1.314147602E0,1.937500000E1
1.316771602E0,1.937500000E1
1.319396602E0,1.937500000E1
1.322020602E0,1.937500000E1
1.324645602E0,1.937500000E1
1.327269602E0,1.937500000E1
1.329894602E0,1.937500000E1
1.332518602E0,1.937500000E1
1.335143602E0,1.937500000E1
1.337767602E0,1.937500000E1
1.340392602E0,1.937500000E1
1.343016602E0,1.937500000E1
1.345641602E0,1.937500000E1
1.348265602E0,1.937500000E1
1.350890602E0,1.937500000E1
1.353514602E0,1.937500000E1
1.356139602E0,1.937500000E1
1.358764602E0,1.937500000E1
1.361388602E0,1.937500000E1
1.364013602E0,1.937500000E1
1.369262602E0,2.575000000E1
1.371886602E0,2.575000000E1
1.374511602E0,2.575000000E1
1.377135602E0,2.575000000E1
1.379760602E0,2.575000000E1
1.382384602E0,2.575000000E1
1.385009602E0,2.575000000E1
1.387633602E0,2.575000000E1
1.390258602E0,2.575000000E1
1.392882602E0,2.575000000E1
1.395507602E0,2.575000000E1
1.398131602E0,2.575000000E1
1.400756602E0,2.575000000E1
1.403380602E0,2.575000000E1
1.406005602E0,2.575000000E1
1.408629602E0,2.575000000E1
1.411254602E0,2.575000000E1
1.413878602E0,2.575000000E1
1.416503602E0,2.575000000E1
1.419127602E0,2.575000000E1
1.421752602E0,2.575000000E1
1.424376602E0,2.575000000E1
1.427001602E0,2.575000000E1
1.429625602E0,2.575000000E1
1.432250602E0,2.575000000E1
1.434874602E0,2.575000000E1
1.437499602E0,2.575000000E1
1.440123602E0,2.575000000E1
1.442748602E0,1.937500000E1
1.445372602E0,1.937500000E1
1.447997602E0,1.937500000E1
1.450621602E0,1.937500000E1
1.453246602E0,1.937500000E1
1.455870602E0,1.937500000E1
1.458495602E0,1.937500000E1
1.461119602E0,1.937500000E1
1.463744602E0,1.937500000E1
1.466368602E0,1.937500000E1
1.468993602E0,1.937500000E1
1.471618602E0,1.937500000E1
1.474242602E0,1.937500000E1
1.476867602E0,1.937500000E1
1.479491602E0,1.937500000E1
1.482116602E0,1.937500000E1
1.484740602E0,1.937500000E1
1.487365602E0,1.937500000E1
1.489989602E0,1.937500000E1
1.495238602E0,2.575000000E1
1.497863602E0,2.575000000E1
1.500487602E0,2.575000000E1
1.503112602E0,2.575000000E1
1.505736602E0,2.575000000E1
1.508361602E0,2.575000000E1
1.510985602E0,2.575000000E1
1.513610602E0,2.575000000E1
1.516234602E0,2.575000000E1
1.518859602E0,1.937500000E1
1.521483602E0,1.937500000E1
1.524108602E0,1.937500000E1
1.526732602E0,1.937500000E1
1.529357602E0,1.937500000E1
1.531981602E0,1.937500000E1
1.534606602E0,1.937500000E1
1.537230602E0,1.937500000E1
1.539855602E0,1.937500000E1
1.542479602E0,1.937500000E1
1.545104602E0,1.937500000E1
1.547728602E0,1.937500000E1
1.550353602E0,1.937500000E1
1.552977602E0,1.937500000E1
1.555602602E0,1.937500000E1
1.558226602E0,1.937500000E1
1.560851602E0,1.937500000E1
1.563475602E0,1.937500000E1
1.566100602E0,1.937500000E1
1.571349602E0,2.575000000E1
1.573973602E0,2.575000000E1
1.576598602E0,2.575000000E1
1.579222602E0,2.575000000E1
1.581847602E0,2.575000000E1
1.584472602E0,2.575000000E1
1.587096602E0,2.575000000E1
1.589721602E0,2.575000000E1
1.592345602E0,1.937500000E1
1.594970602E0,1.937500000E1
1.597594602E0,1.937500000E1
1.600219602E0,1.937500000E1
1.602843602E0,1.937500000E1
1.605468602E0,1.937500000E1
1.608092602E0,1.937500000E1
1.610717602E0,1.937500000E1
1.613341602E0,1.937500000E1
1.615966602E0,1.937500000E1
1.618590602E0,1.937500000E1
1.623839602E0,2.575000000E1
1.626464602E0,2.575000000E1
1.629088602E0,2.575000000E1
1.631713602E0,2.575000000E1
1.634337602E0,2.575000000E1
1.636962602E0,2.575000000E1
1.639586602E0,2.575000000E1
1.642211602E0,2.575000000E1
1.644835602E0,2.575000000E1
1.647460602E0,2.575000000E1
1.650084602E0,2.575000000E1
1.652709602E0,2.575000000E1
1.655333602E0,2.575000000E1
1.657958602E0,2.575000000E1
1.660582602E0,2.575000000E1
1.663207602E0,2.575000000E1
1.665831602E0,2.575000000E1
1.668456602E0,2.575000000E1
1.671080602E0,2.575000000E1
1.673705602E0,2.575000000E1
1.676329602E0,2.575000000E1
1.678954602E0,2.575000000E1
1.681578602E0,2.575000000E1
1.684203602E0,2.575000000E1
1.686827602E0,2.575000000E1
1.689452602E0,2.575000000E1
1.692076602E0,2.575000000E1
1.694701602E0,2.575000000E1
1.697326602E0,2.575000000E1
1.699950602E0,2.575000000E1
1.702575602E0,2.575000000E1
1.705199602E0,2.575000000E1
1.707824602E0,2.575000000E1
1.710448602E0,2.575000000E1
1.713073602E0,2.575000000E1
1.715697602E0,2.575000000E1
1.718322602E0,2.575000000E1
1.720946602E0,2.575000000E1
1.723571602E0,2.575000000E1
1.726195602E0,2.575000000E1
1.728820602E0,2.575000000E1
1.731444602E0,2.575000000E1
1.734069602E0,2.575000000E1
1.736693602E0,2.575000000E1
1.739318602E0,2.575000000E1
1.741942602E0,2.575000000E1
1.744567602E0,2.575000000E1
1.747191602E0,1.937500000E1
1.749816602E0,1.937500000E1
1.752440602E0,1.937500000E1
1.755065602E0,1.937500000E1
1.757689602E0,1.937500000E1
1.760314602E0,1.937500000E1
1.762938602E0,1.937500000E1
1.765563602E0,1.937500000E1
1.768187602E0,1.937500000E1
1.770812602E0,1.937500000E1
1.773436602E0,1.937500000E1
1.776061602E0,1.937500000E1
1.778685602E0,1.937500000E1
1.781310602E0,1.937500000E1
1.783934602E0,1.937500000E1
1.786559602E0,1.937500000E1
1.789183602E0,1.937500000E1
1.791808602E0,1.937500000E1
1.794432602E0,1.937500000E1
1.799681602E0,2.575000000E1
1.802306602E0,2.575000000E1
1.804930602E0,2.575000000E1
1.807555602E0,2.575000000E1
1.810180602E0,2.575000000E1
1.812804602E0,2.575000000E1
1.815429602E0,2.575000000E1
1.818053602E0,2.575000000E1
1.820678602E0,2.575000000E1
1.823302602E0,2.575000000E1
1.825927602E0,2.575000000E1
1.828551602E0,2.575000000E1
1.831176602E0,2.575000000E1
1.833800602E0,2.575000000E1
1.836425602E0,2.575000000E1
1.839049602E0,2.575000000E1
1.841674602E0,2.575000000E1
1.844298602E0,2.575000000E1
1.846923602E0,2.575000000E1
1.849547602E0,1.937500000E1
1.852172602E0,1.937500000E1
1.854796602E0,1.937500000E1
1.857421602E0,1.937500000E1
1.860045602E0,1.937500000E1
1.862670602E0,1.937500000E1
1.865294602E0,1.937500000E1
1.867919602E0,1.937500000E1
1.870543602E0,1.937500000E1
1.873168602E0,1.937500000E1
1.875792602E0,1.937500000E1
1.878417602E0,1.937500000E1
1.881041602E0,1.937500000E1
1.883666602E0,1.937500000E1
1.886290602E0,1.937500000E1
1.888915602E0,1.937500000E1
1.891539602E0,1.937500000E1
1.894164602E0,1.937500000E1
1.896788602E0,1.937500000E1
1.902037602E0,2.575000000E1
1.904662602E0,2.575000000E1
1.907286602E0,2.575000000E1
1.909911602E0,2.575000000E1
1.912535602E0,2.575000000E1
1.915160602E0,2.575000000E1
1.917785602E0,2.575000000E1
1.920409602E0,2.575000000E1
1.923034602E0,2.575000000E1
1.925658602E0,1.937500000E1
1.928283602E0,1.937500000E1
1.930907602E0,1.937500000E1
1.933532602E0,1.937500000E1
1.936156602E0,1.937500000E1
1.938781602E0,1.937500000E1
1.941405602E0,1.937500000E1
1.944030602E0,1.937500000E1
1.946654602E0,1.937500000E1
1.949279602E0,1.937500000E1
1.951903602E0,1.937500000E1
1.954528602E0,1.937500000E1
1.957152602E0,1.937500000E1
1.959777602E0,1.937500000E1
1.962401602E0,1.937500000E1
1.965026602E0,1.937500000E1
1.967650602E0,1.937500000E1
1.970275602E0,1.937500000E1
1.972899602E0,1.937500000E1
1.978148602E0,2.575000000E1
1.980773602E0,2.575000000E1
1.983397602E0,2.575000000E1
1.986022602E0,2.575000000E1
1.988646602E0,2.575000000E1
1.991271602E0,2.575000000E1
1.993893602E0,2.575000000E1
1.996518602E0,2.575000000E1
1.999142602E0,2.575000000E1
2.001767602E0,2.575000000E1
2.004391602E0,2.575000000E1
2.007016602E0,2.575000000E1
2.009640602E0,2.575000000E1
2.012265602E0,2.575000000E1
2.014889602E0,2.575000000E1
2.017514602E0,2.575000000E1
2.020138602E0,2.575000000E1
2.022763602E0,2.575000000E1
2.025387602E0,2.575000000E1
2.028012602E0,1.937500000E1
2.030636602E0,1.937500000E1
2.033261602E0,1.937500000E1
2.035885602E0,1.937500000E1
2.038510602E0,1.937500000E1
2.041134602E0,1.937500000E1
2.043759602E0,1.937500000E1
2.046383602E0,1.937500000E1
2.049008602E0,1.937500000E1
2.051633602E0,1.937500000E1
2.054257602E0,1.937500000E1
2.056882602E0,1.937500000E1
2.059506602E0,1.937500000E1
2.062131602E0,1.937500000E1
2.064755602E0,1.937500000E1
2.067380602E0,1.937500000E1
2.070004602E0,1.937500000E1
2.072629602E0,1.937500000E1
2.075253602E0,1.937500000E1
2.080502602E0,2.575000000E1
2.083127602E0,2.575000000E1
2.085751602E0,2.575000000E1
2.088376602E0,2.575000000E1
2.091000602E0,2.575000000E1
2.093625602E0,2.575000000E1
2.096249602E0,2.575000000E1
2.098874602E0,2.575000000E1
2.101498602E0,2.575000000E1
2.104123602E0,2.575000000E1
2.106747602E0,2.575000000E1
2.109372602E0,2.575000000E1
2.111996602E0,2.575000000E1
2.114621602E0,2.575000000E1
2.117245602E0,2.575000000E1
2.119870602E0,2.575000000E1
2.122494602E0,2.575000000E1
2.125119602E0,2.575000000E1
2.127743602E0,2.575000000E1
2.130368602E0,2.575000000E1
2.132992602E0,2.575000000E1
2.135617602E0,2.575000000E1
2.138241602E0,2.575000000E1
2.140866602E0,2.575000000E1
2.143490602E0,2.575000000E1
2.146115602E0,2.575000000E1
2.148739602E0,2.575000000E1
2.151364602E0,2.575000000E1
2.153988602E0,2.575000000E1
2.156613602E0,2.575000000E1
2.159237602E0,2.575000000E1
2.161862602E0,2.575000000E1
2.164487602E0,2.575000000E1
2.167111602E0,2.575000000E1
2.169736602E0,2.575000000E1
2.172360602E0,2.575000000E1
2.174985602E0,2.575000000E1
2.177609602E0,2.575000000E1
2.180234602E0,1.937500000E1
2.182858602E0,1.937500000E1
2.185483602E0,1.937500000E1
2.188107602E0,1.937500000E1
2.190732602E0,1.937500000E1
2.193356602E0,1.937500000E1
2.195981602E0,1.937500000E1
2.198605602E0,1.937500000E1
2.201230602E0,1.937500000E1
2.203854602E0,1.937500000E1
2.206479602E0,1.937500000E1
2.209103602E0,1.937500000E1
2.211728602E0,1.937500000E1
2.214352602E0,1.937500000E1
2.216977602E0,1.937500000E1
2.219601602E0,1.937500000E1
2.222226602E0,1.937500000E1
2.224850602E0,1.937500000E1
2.227475602E0,1.937500000E1
2.232724602E0,2.575000000E1
2.235348602E0,2.575000000E1
2.237973602E0,2.575000000E1
2.240597602E0,2.575000000E1
2.243222602E0,2.575000000E1
2.245846602E0,2.575000000E1
2.248471602E0,2.575000000E1
2.251095602E0,2.575000000E1
2.253720602E0,2.575000000E1
2.256344602E0,2.575000000E1
2.258969602E0,2.575000000E1
2.261593602E0,2.575000000E1
2.264218602E0,2.575000000E1
2.266842602E0,2.575000000E1
2.269467602E0,2.575000000E1
2.272092602E0,2.575000000E1
2.274716602E0,2.575000000E1
2.277341602E0,2.575000000E1
2.279965602E0,2.575000000E1
2.282590602E0,2.575000000E1
2.285214602E0,2.575000000E1
2.287839602E0,2.575000000E1
2.290463602E0,2.575000000E1
2.293088602E0,2.575000000E1
2.295712602E0,2.575000000E1
2.298337602E0,2.575000000E1
2.300961602E0,2.575000000E1
2.303586602E0,2.575000000E1
2.306210602E0,1.937500000E1
2.308835602E0,1.937500000E1
2.311459602E0,1.937500000E1
2.314084602E0,1.937500000E1
2.316708602E0,1.937500000E1
2.319333602E0,1.937500000E1
2.321957602E0,1.937500000E1
2.324582602E0,1.937500000E1
2.327206602E0,1.937500000E1
2.329831602E0,1.937500000E1
2.332455602E0,1.937500000E1
2.335080602E0,1.937500000E1
2.337704602E0,1.937500000E1
2.340329602E0,1.937500000E1
2.342953602E0,1.937500000E1
2.345578602E0,1.937500000E1
2.348202602E0,1.937500000E1
2.350827602E0,1.937500000E1
2.353451602E0,1.937500000E1
2.356076602E0,1.937500000E1
2.358700602E0,1.937500000E1
2.361325602E0,1.937500000E1
2.363949602E0,1.937500000E1
2.366574602E0,1.937500000E1
2.369198602E0,1.937500000E1
2.371823602E0,1.937500000E1
2.374447602E0,1.937500000E1
2.377072602E0,1.937500000E1
2.379696602E0,1.937500000E1
2.382321602E0,1.937500000E1
2.384946602E0,1.937500000E1
2.387570602E0,1.937500000E1
2.390195602E0,1.937500000E1
2.392819602E0,1.937500000E1
2.395444602E0,1.937500000E1
2.398068602E0,1.937500000E1
2.400693602E0,1.937500000E1
2.403317602E0,1.937500000E1
2.405942602E0,1.937500000E1
2.411191602E0,2.575000000E1
2.413815602E0,2.575000000E1
2.416440602E0,2.575000000E1
2.419064602E0,2.575000000E1
2.421689602E0,2.575000000E1
2.424313602E0,2.575000000E1
2.426938602E0,2.575000000E1
2.429562602E0,2.575000000E1
2.432187602E0,2.575000000E1
2.434811602E0,2.575000000E1
2.437436602E0,2.575000000E1
2.440060602E0,2.575000000E1
2.442685602E0,2.575000000E1
2.445309602E0,2.575000000E1
2.447934602E0,2.575000000E1
2.450558602E0,2.575000000E1
2.453183602E0,2.575000000E1
2.455807602E0,2.575000000E1
2.458432602E0,2.575000000E1
2.461056602E0,2.575000000E1
2.463681602E0,2.575000000E1
2.466305602E0,2.575000000E1
2.468930602E0,2.575000000E1
2.471554602E0,2.575000000E1
2.474179602E0,2.575000000E1
2.476803602E0,2.575000000E1
2.479428602E0,2.575000000E1
2.482052602E0,2.575000000E1
2.484677602E0,1.937500000E1
2.487301602E0,1.937500000E1
2.489926602E0,1.937500000E1
2.492550602E0,1.937500000E1
2.495175602E0,1.937500000E1
2.497800602E0,1.937500000E1
2.500424602E0,1.937500000E1
2.503049602E0,1.937500000E1
2.505673602E0,1.937500000E1
2.508298602E0,1.937500000E1
2.513547602E0,2.575000000E1
2.516171602E0,2.575000000E1
2.518796602E0,2.575000000E1
2.521420602E0,2.575000000E1
2.524045602E0,2.575000000E1
2.526669602E0,2.575000000E1
2.529294602E0,2.575000000E1
2.531918602E0,2.575000000E1
2.534543602E0,2.575000000E1
2.537167602E0,2.575000000E1
2.539792602E0,2.575000000E1
2.542416602E0,2.575000000E1
2.545041602E0,2.575000000E1
2.547665602E0,2.575000000E1
2.550290602E0,2.575000000E1
2.552914602E0,2.575000000E1
2.555539602E0,2.575000000E1
2.558163602E0,2.575000000E1
2.560788602E0,2.575000000E1
2.563412602E0,1.937500000E1
2.566037602E0,1.937500000E1
2.568661602E0,1.937500000E1
2.571286602E0,1.937500000E1
2.573910602E0,1.937500000E1
2.576535602E0,1.937500000E1
2.579159602E0,1.937500000E1
2.581784602E0,1.937500000E1
2.584408602E0,1.937500000E1
2.589657602E0,2.575000000E1
2.592282602E0,2.575000000E1
2.594906602E0,2.575000000E1
2.597531602E0,2.575000000E1
2.600155602E0,2.575000000E1
2.602780602E0,2.575000000E1
2.605404602E0,2.575000000E1
2.608029602E0,2.575000000E1
2.610654602E0,2.575000000E1
2.613278602E0,1.937500000E1
2.615903602E0,1.937500000E1
2.618527602E0,1.937500000E1
2.621152602E0,1.937500000E1
2.623776602E0,1.937500000E1
2.626401602E0,1.937500000E1
2.629025602E0,1.937500000E1
2.631650602E0,1.937500000E1
2.634274602E0,1.937500000E1
2.636899602E0,1.937500000E1
2.642148602E0,2.575000000E1
2.644772602E0,2.575000000E1
2.647397602E0,2.575000000E1
2.650021602E0,2.575000000E1
2.652646602E0,2.575000000E1
2.655270602E0,2.575000000E1
2.657895602E0,2.575000000E1
2.660519602E0,2.575000000E1
2.663144602E0,1.937500000E1
2.665768602E0,1.937500000E1
2.668393602E0,1.937500000E1
2.671017602E0,1.937500000E1
2.673642602E0,1.937500000E1
2.676266602E0,1.937500000E1
2.678891602E0,1.937500000E1
2.681515602E0,1.937500000E1
2.684140602E0,1.937500000E1
2.686764602E0,1.937500000E1
2.692013602E0,2.575000000E1
2.694638602E0,2.575000000E1
2.697262602E0,2.575000000E1
2.699887602E0,2.575000000E1
2.702511602E0,2.575000000E1
2.705136602E0,2.575000000E1
2.707760602E0,2.575000000E1
2.710385602E0,2.575000000E1
2.713009602E0,2.575000000E1
2.715634602E0,1.937500000E1
2.718258602E0,1.937500000E1
2.720883602E0,1.937500000E1
2.723508602E0,1.937500000E1
2.726132602E0,1.937500000E1
2.728757602E0,1.937500000E1
2.731381602E0,1.937500000E1
2.734006602E0,1.937500000E1
2.736630602E0,1.937500000E1
2.741879602E0,2.575000000E1
2.744504602E0,2.575000000E1
2.747128602E0,2.575000000E1
2.749753602E0,2.575000000E1
2.752377602E0,2.575000000E1
2.755002602E0,2.575000000E1
2.757626602E0,2.575000000E1
2.760251602E0,2.575000000E1
2.762875602E0,2.575000000E1
2.765500602E0,1.937500000E1
2.768124602E0,1.937500000E1
2.770749602E0,1.937500000E1
2.773373602E0,1.937500000E1
2.775998602E0,1.937500000E1
2.778622602E0,1.937500000E1
2.781247602E0,1.937500000E1
2.783871602E0,1.937500000E1
2.786496602E0,1.937500000E1
2.791745602E0,2.575000000E1
2.794369602E0,2.575000000E1
2.796994602E0,2.575000000E1
2.799618602E0,2.575000000E1
2.802243602E0,2.575000000E1
2.804867602E0,2.575000000E1
2.807492602E0,2.575000000E1
2.810116602E0,2.575000000E1
2.812741602E0,2.575000000E1
2.815365602E0,2.575000000E1
2.817990602E0,1.937500000E1
2.820614602E0,1.937500000E1
2.823239602E0,1.937500000E1
2.825863602E0,1.937500000E1
2.828488602E0,1.937500000E1
2.831112602E0,1.937500000E1
2.833737602E0,1.937500000E1
2.836362602E0,1.937500000E1
2.838986602E0,1.937500000E1
2.844235602E0,2.575000000E1
2.846860602E0,2.575000000E1
2.849484602E0,2.575000000E1
2.852109602E0,2.575000000E1
2.854733602E0,2.575000000E1
2.857358602E0,2.575000000E1
2.859982602E0,2.575000000E1
2.862607602E0,2.575000000E1
2.865231602E0,2.575000000E1
2.867856602E0,2.575000000E1
2.870480602E0,2.575000000E1
2.873105602E0,2.575000000E1
2.875729602E0,2.575000000E1
2.878354602E0,2.575000000E1
2.880978602E0,2.575000000E1
2.883603602E0,2.575000000E1
2.886227602E0,2.575000000E1
2.888852602E0,2.575000000E1
2.891476602E0,2.575000000E1
2.894101602E0,2.575000000E1
2.896725602E0,2.575000000E1
2.899350602E0,2.575000000E1
2.901974602E0,2.575000000E1
2.904599602E0,2.575000000E1
2.907223602E0,2.575000000E1
2.909848602E0,2.575000000E1
2.912472602E0,2.575000000E1
2.915097602E0,2.575000000E1
2.917721602E0,1.937500000E1
2.920346602E0,1.937500000E1
2.922970602E0,1.937500000E1
2.925595602E0,1.937500000E1
2.928219602E0,1.937500000E1
2.930844602E0,1.937500000E1
2.933468602E0,1.937500000E1
2.936093602E0,1.937500000E1
2.938717602E0,1.937500000E1
2.941342602E0,1.937500000E1
2.946591602E0,2.575000000E1
2.949216602E0,2.575000000E1
2.951840602E0,2.575000000E1
2.954465602E0,2.575000000E1
2.957089602E0,2.575000000E1
2.959714602E0,2.575000000E1
2.962338602E0,2.575000000E1
2.964963602E0,2.575000000E1
2.967587602E0,2.575000000E1
2.970212602E0,2.575000000E1
2.972836602E0,2.575000000E1
2.975461602E0,2.575000000E1
2.978085602E0,2.575000000E1
2.980710602E0,2.575000000E1
2.983334602E0,2.575000000E1
2.985959602E0,2.575000000E1
2.988583602E0,2.575000000E1
2.991208602E0,2.575000000E1
2.993832602E0,2.575000000E1
2.996457602E0,2.575000000E1
2.999081602E0,2.575000000E1
3.001706602E0,2.575000000E1
3.004330602E0,2.575000000E1
3.006955602E0,2.575000000E1
3.009579602E0,2.575000000E1
3.012204602E0,2.575000000E1
3.014828602E0,2.575000000E1
3.017453602E0,2.575000000E1
3.020077602E0,2.575000000E1
3.022702602E0,2.575000000E1
3.025326602E0,2.575000000E1
3.027951602E0,2.575000000E1
3.030575602E0,2.575000000E1
3.033200602E0,2.575000000E1
3.035824602E0,2.575000000E1
3.038449602E0,2.575000000E1
3.041073602E0,2.575000000E1
3.043698602E0,2.575000000E1
3.046322602E0,1.937500000E1
3.048947602E0,1.937500000E1
3.051571602E0,1.937500000E1
3.054196602E0,1.937500000E1
3.056821602E0,1.937500000E1
3.059445602E0,1.937500000E1
3.062070602E0,1.937500000E1
3.064694602E0,1.937500000E1
3.067319602E0,1.937500000E1
3.069943602E0,1.937500000E1
3.075192602E0,2.575000000E1
3.077817602E0,2.575000000E1
3.080441602E0,2.575000000E1
3.083066602E0,2.575000000E1
3.085690602E0,2.575000000E1
3.088315602E0,2.575000000E1
3.090939602E0,2.575000000E1
3.093564602E0,2.575000000E1
3.096188602E0,1.937500000E1
3.098813602E0,1.937500000E1
3.101437602E0,1.937500000E1
3.104062602E0,1.937500000E1
3.106686602E0,1.937500000E1
3.109311602E0,1.937500000E1
3.111935602E0,1.937500000E1
3.114560602E0,1.937500000E1
3.117184602E0,1.937500000E1
3.119809602E0,1.937500000E1
3.125058602E0,2.575000000E1
3.127682602E0,2.575000000E1
3.130307602E0,2.575000000E1
3.132931602E0,2.575000000E1
3.135556602E0,2.575000000E1
3.138180602E0,2.575000000E1
3.140805602E0,2.575000000E1
3.143429602E0,2.575000000E1
3.146054602E0,2.575000000E1
3.148678602E0,2.575000000E1
3.151303602E0,2.575000000E1
3.153927602E0,2.575000000E1
3.156552602E0,2.575000000E1
3.159176602E0,2.575000000E1
3.161801602E0,2.575000000E1
3.164425602E0,2.575000000E1
3.167050602E0,2.575000000E1
3.169675602E0,2.575000000E1
3.172299602E0,2.575000000E1
3.174924602E0,2.575000000E1
3.177548602E0,2.575000000E1
3.180173602E0,2.575000000E1
3.182797602E0,2.575000000E1
3.185422602E0,2.575000000E1
3.188046602E0,2.575000000E1
3.190671602E0,2.575000000E1
3.193295602E0,2.575000000E1
3.195920602E0,2.575000000E1
3.198544602E0,1.937500000E1
3.201169602E0,1.937500000E1
3.203793602E0,1.937500000E1
3.206418602E0,1.937500000E1
3.209042602E0,1.937500000E1
3.211667602E0,1.937500000E1
3.214291602E0,1.937500000E1
3.216916602E0,1.937500000E1
3.219540602E0,1.937500000E1
3.222165602E0,1.937500000E1
3.227414602E0,2.575000000E1
3.230038602E0,2.575000000E1
3.232663602E0,2.575000000E1
3.235287602E0,2.575000000E1
3.237912602E0,2.575000000E1
3.240536602E0,2.575000000E1
3.243161602E0,2.575000000E1
3.245785602E0,2.575000000E1
3.248410602E0,1.937500000E1
3.251034602E0,1.937500000E1
3.253659602E0,1.937500000E1
3.256283602E0,1.937500000E1
3.258908602E0,1.937500000E1
3.261532602E0,1.937500000E1
3.264157602E0,1.937500000E1
3.266781602E0,1.937500000E1
3.269406602E0,1.937500000E1
3.272030602E0,1.937500000E1
3.274655602E0,1.937500000E1
3.277279602E0,1.937500000E1
3.279904602E0,1.937500000E1
3.282529602E0,1.937500000E1
3.285153602E0,1.937500000E1
3.287778602E0,1.937500000E1
3.290402602E0,1.937500000E1
3.293027602E0,1.937500000E1
3.295651602E0,1.937500000E1
3.298276602E0,1.937500000E1
3.300900602E0,1.937500000E1
3.303525602E0,1.937500000E1
3.306149602E0,1.937500000E1
3.308774602E0,1.937500000E1
3.311398602E0,1.937500000E1
3.314023602E0,1.937500000E1
3.316647602E0,1.937500000E1
3.319272602E0,1.937500000E1
3.321896602E0,1.937500000E1
3.327145602E0,2.575000000E1
3.329770602E0,2.575000000E1
3.332394602E0,2.575000000E1
3.335019602E0,2.575000000E1
3.337643602E0,2.575000000E1
3.340268602E0,2.575000000E1
3.342892602E0,2.575000000E1
3.345517602E0,2.575000000E1
3.348141602E0,2.575000000E1
3.350766602E0,2.575000000E1
3.353390602E0,2.575000000E1
3.356015602E0,2.575000000E1
3.358639602E0,2.575000000E1
3.361264602E0,2.575000000E1
3.363888602E0,2.575000000E1
3.366513602E0,2.575000000E1
3.369137602E0,2.575000000E1
3.371762602E0,2.575000000E1
3.374386602E0,2.575000000E1
3.377011602E0,2.575000000E1
3.379635602E0,2.575000000E1
3.382260602E0,2.575000000E1
3.384884602E0,2.575000000E1
3.387509602E0,2.575000000E1
3.390133602E0,2.575000000E1
3.392758602E0,2.575000000E1
3.395383602E0,2.575000000E1
3.398007602E0,2.575000000E1
3.400632602E0,2.575000000E1
3.403256602E0,1.937500000E1
3.405881602E0,1.937500000E1
3.408505602E0,1.937500000E1
3.411130602E0,1.937500000E1
3.413754602E0,1.937500000E1
3.416379602E0,1.937500000E1
3.419003602E0,1.937500000E1
3.421628602E0,1.937500000E1
3.424252602E0,1.937500000E1
3.426877602E0,1.937500000E1
3.429501602E0,1.937500000E1
3.432126602E0,1.937500000E1
3.434750602E0,1.937500000E1
3.437375602E0,1.937500000E1
3.439999602E0,1.937500000E1
3.442624602E0,1.937500000E1
3.445248602E0,1.937500000E1
3.447873602E0,1.937500000E1
3.450497602E0,1.937500000E1
3.453122602E0,1.937500000E1
3.455746602E0,1.937500000E1
3.458371602E0,1.937500000E1
3.460995602E0,1.937500000E1
3.463620602E0,1.937500000E1
3.466244602E0,1.937500000E1
3.468869602E0,1.937500000E1
3.471493602E0,1.937500000E1
3.474118602E0,1.937500000E1
3.476742602E0,1.937500000E1
3.479367602E0,1.937500000E1
3.481991602E0,1.937500000E1
3.484616602E0,1.937500000E1
3.487240602E0,1.937500000E1
3.489865602E0,1.937500000E1
3.492489602E0,1.937500000E1
3.495114602E0,1.937500000E1
3.497738602E0,1.937500000E1
3.500363602E0,1.937500000E1
3.502987602E0,1.937500000E1
3.505612602E0,1.937500000E1
3.508237602E0,1.937500000E1
3.510861602E0,1.937500000E1
3.513486602E0,1.937500000E1
3.516110602E0,1.937500000E1
3.518735602E0,1.937500000E1
3.521359602E0,1.937500000E1
3.523984602E0,1.937500000E1
3.526608602E0,1.937500000E1
3.529233602E0,1.937500000E1
3.531857602E0,1.937500000E1
3.534482602E0,1.937500000E1
3.537106602E0,1.937500000E1
3.539731602E0,1.937500000E1
3.542355602E0,1.937500000E1
3.544980602E0,1.937500000E1
3.547604602E0,1.937500000E1
3.550229602E0,1.937500000E1
3.552853602E0,1.937500000E1
3.555478602E0,1.937500000E1
3.558102602E0,1.937500000E1
3.560727602E0,1.937500000E1
3.563351602E0,1.937500000E1
3.565976602E0,1.937500000E1
3.568600602E0,1.937500000E1
3.571225602E0,1.937500000E1
3.573849602E0,1.937500000E1
3.576474602E0,1.937500000E1
3.579098602E0,1.937500000E1
3.584347602E0,2.575000000E1
3.586972602E0,2.575000000E1
3.589596602E0,2.575000000E1
3.592221602E0,2.575000000E1
3.594845602E0,2.575000000E1
3.597470602E0,2.575000000E1
3.600094602E0,2.575000000E1
3.602719602E0,2.575000000E1
3.605343602E0,2.575000000E1
3.607968602E0,2.575000000E1
3.610592602E0,2.575000000E1
3.613217602E0,2.575000000E1
3.615842602E0,2.575000000E1
3.618466602E0,2.575000000E1
3.621091602E0,2.575000000E1
3.623715602E0,2.575000000E1
3.626340602E0,2.575000000E1
3.628964602E0,2.575000000E1
3.631589602E0,1.937500000E1
3.634213602E0,1.937500000E1
3.636838602E0,1.937500000E1
3.639462602E0,1.937500000E1
3.642087602E0,1.937500000E1
3.644711602E0,1.937500000E1
3.647336602E0,1.937500000E1
3.649960602E0,1.937500000E1
3.652585602E0,1.937500000E1
3.655209602E0,1.937500000E1
3.660458602E0,2.575000000E1
3.663083602E0,2.575000000E1
3.665707602E0,2.575000000E1
3.668332602E0,2.575000000E1
3.670956602E0,2.575000000E1
3.673581602E0,2.575000000E1
3.676205602E0,2.575000000E1
3.678830602E0,2.575000000E1
3.681454602E0,2.575000000E1
3.684079602E0,2.575000000E1
3.686703602E0,2.575000000E1
3.689328602E0,2.575000000E1
3.691952602E0,2.575000000E1
3.694577602E0,2.575000000E1
3.697201602E0,2.575000000E1
3.699826602E0,2.575000000E1
3.702450602E0,2.575000000E1
3.705075602E0,2.575000000E1
3.707699602E0,1.937500000E1
3.710324602E0,1.937500000E1
3.712948602E0,1.937500000E1
3.715573602E0,1.937500000E1
3.718197602E0,1.937500000E1
3.720822602E0,1.937500000E1
3.723446602E0,1.937500000E1
3.726071602E0,1.937500000E1
3.728696602E0,1.937500000E1
3.731320602E0,1.937500000E1
3.733945602E0,1.937500000E1
3.736569602E0,1.937500000E1
3.739194602E0,1.937500000E1
3.741818602E0,1.937500000E1
3.744443602E0,1.937500000E1
3.747067602E0,1.937500000E1
3.749692602E0,1.937500000E1
3.752316602E0,1.937500000E1
3.754941602E0,1.937500000E1
3.760190602E0,2.575000000E1
3.762814602E0,2.575000000E1
3.765439602E0,2.575000000E1
3.768063602E0,2.575000000E1
3.770688602E0,2.575000000E1
3.773312602E0,2.575000000E1
3.775937602E0,2.575000000E1
3.778561602E0,2.575000000E1
3.781186602E0,2.575000000E1
3.783810602E0,2.575000000E1
3.786435602E0,2.575000000E1
3.789059602E0,2.575000000E1
3.791684602E0,2.575000000E1
3.794308602E0,2.575000000E1
3.796933602E0,2.575000000E1
3.799557602E0,2.575000000E1
3.802182602E0,2.575000000E1
3.804806602E0,2.575000000E1
3.807431602E0,2.575000000E1
3.810055602E0,2.575000000E1
3.812680602E0,2.575000000E1
3.815304602E0,2.575000000E1
3.817929602E0,2.575000000E1
3.820553602E0,2.575000000E1
3.823178602E0,2.575000000E1
3.825802602E0,2.575000000E1
3.828427602E0,2.575000000E1
3.831051602E0,2.575000000E1
3.833676602E0,2.575000000E1
3.836300602E0,2.575000000E1
3.838925602E0,2.575000000E1
3.841550602E0,2.575000000E1
3.844174602E0,2.575000000E1
3.846799602E0,2.575000000E1
3.849423602E0,2.575000000E1
3.852048602E0,2.575000000E1
3.854672602E0,2.575000000E1
3.857297602E0,2.575000000E1
3.859921602E0,2.575000000E1
3.862546602E0,2.575000000E1
3.865170602E0,2.575000000E1
3.867795602E0,2.575000000E1
3.870419602E0,2.575000000E1
3.873044602E0,2.575000000E1
3.875668602E0,2.575000000E1
3.878293602E0,2.575000000E1
3.880917602E0,2.575000000E1
3.883542602E0,2.575000000E1
3.886166602E0,1.937500000E1
3.888791602E0,1.937500000E1
3.891415602E0,1.937500000E1
3.894040602E0,1.937500000E1
3.896664602E0,1.937500000E1
3.899289602E0,1.937500000E1
3.901913602E0,1.937500000E1
3.904538602E0,1.937500000E1
3.907162602E0,1.937500000E1
3.909787602E0,1.937500000E1
3.915036602E0,2.575000000E1
3.917660602E0,2.575000000E1
3.920285602E0,2.575000000E1
3.922909602E0,2.575000000E1
3.925534602E0,2.575000000E1
3.928158602E0,2.575000000E1
3.930783602E0,2.575000000E1
3.933407602E0,2.575000000E1
3.936032602E0,1.937500000E1
3.938656602E0,1.937500000E1
3.941281602E0,1.937500000E1
3.943905602E0,1.937500000E1
3.946530602E0,1.937500000E1
3.949154602E0,1.937500000E1
3.951779602E0,1.937500000E1
3.954404602E0,1.937500000E1
3.957028602E0,1.937500000E1
3.959653602E0,1.937500000E1
3.962277602E0,1.937500000E1
3.964902602E0,1.937500000E1
3.967526602E0,1.937500000E1
3.970151602E0,1.937500000E1
3.972775602E0,1.937500000E1
3.975400602E0,1.937500000E1
3.978024602E0,1.937500000E1
3.980649602E0,1.937500000E1
3.983273602E0,1.937500000E1
3.985898602E0,1.937500000E1
3.988522602E0,1.937500000E1
3.991147602E0,1.937500000E1
3.993771602E0,1.937500000E1
3.996396602E0,1.937500000E1
3.999020602E0,1.937500000E1
4.001645602E0,1.937500000E1
4.004269602E0,1.937500000E1
4.006894602E0,1.937500000E1
4.009518602E0,1.937500000E1
4.012143602E0,1.937500000E1
4.014767602E0,1.937500000E1
4.017392602E0,1.937500000E1
4.020016602E0,1.937500000E1
4.022641602E0,1.937500000E1
4.025265602E0,1.937500000E1
4.027890602E0,1.937500000E1
4.030514602E0,1.937500000E1
4.033139602E0,1.937500000E1
4.035763602E0,1.937500000E1
4.041012602E0,2.575000000E1
4.043637602E0,2.575000000E1
4.046261602E0,2.575000000E1
4.048886602E0,2.575000000E1
4.051510602E0,2.575000000E1
4.054135602E0,2.575000000E1
4.056759602E0,2.575000000E1
4.059384602E0,2.575000000E1
4.062008602E0,2.575000000E1
4.064633602E0,1.937500000E1
4.067258602E0,1.937500000E1
4.069882602E0,1.937500000E1
4.072507602E0,1.937500000E1
4.075131602E0,1.937500000E1
4.077756602E0,1.937500000E1
4.080380602E0,1.937500000E1
4.083005602E0,1.937500000E1
4.085629602E0,1.937500000E1
4.088254602E0,1.937500000E1
4.093503602E0,2.575000000E1
4.096127602E0,2.575000000E1
4.098752602E0,2.575000000E1
4.101376602E0,2.575000000E1
4.104001602E0,2.575000000E1
4.106625602E0,2.575000000E1
4.109250602E0,2.575000000E1
4.111874602E0,2.575000000E1
4.114499602E0,2.575000000E1
4.117123602E0,2.575000000E1
4.119748602E0,2.575000000E1
4.122372602E0,2.575000000E1
4.124997602E0,2.575000000E1
4.127621602E0,2.575000000E1
4.130246602E0,2.575000000E1
4.132870602E0,2.575000000E1
4.135495602E0,2.575000000E1
4.138119602E0,2.575000000E1
4.140744602E0,1.937500000E1
4.143368602E0,1.937500000E1
4.145993602E0,1.937500000E1
4.148617602E0,1.937500000E1
4.151242602E0,1.937500000E1
4.153866602E0,1.937500000E1
4.156491602E0,1.937500000E1
4.159115602E0,1.937500000E1
4.161740602E0,1.937500000E1
4.164364602E0,1.937500000E1
4.166989602E0,1.937500000E1
4.169613602E0,1.937500000E1
4.172238602E0,1.937500000E1
4.174862602E0,1.937500000E1
4.177487602E0,1.937500000E1
4.180112602E0,1.937500000E1
4.182736602E0,1.937500000E1
4.185361602E0,1.937500000E1
4.187985602E0,1.937500000E1
4.190610602E0,1.937500000E1
4.193234602E0,1.937500000E1
4.195859602E0,1.937500000E1
4.198483602E0,1.937500000E1
4.201108602E0,1.937500000E1
4.203732602E0,1.937500000E1
4.206357602E0,1.937500000E1
4.208981602E0,1.937500000E1
4.211606602E0,1.937500000E1
4.214230602E0,1.937500000E1
4.216855602E0,1.937500000E1
4.219479602E0,1.937500000E1
4.222104602E0,1.937500000E1
4.224728602E0,1.937500000E1
4.227353602E0,1.937500000E1
4.229977602E0,1.937500000E1
4.232602602E0,1.937500000E1
4.235226602E0,1.937500000E1
4.237851602E0,1.937500000E1
4.240475602E0,1.937500000E1
4.243100602E0,1.937500000E1
4.245724602E0,1.937500000E1
4.248349602E0,1.937500000E1
4.250973602E0,1.937500000E1
4.253598602E0,1.937500000E1
4.256222602E0,1.937500000E1
4.258847602E0,1.937500000E1
4.261471602E0,1.937500000E1
4.264096602E0,1.937500000E1
4.269345602E0,2.575000000E1
4.271969602E0,2.575000000E1
4.274594602E0,2.575000000E1
4.277218602E0,2.575000000E1
4.279843602E0,2.575000000E1
4.282467602E0,2.575000000E1
4.285092602E0,2.575000000E1
4.287717602E0,2.575000000E1
4.290341602E0,2.575000000E1
4.292966602E0,1.937500000E1
4.295590602E0,1.937500000E1
4.298215602E0,1.937500000E1
4.300839602E0,1.937500000E1
4.303464602E0,1.937500000E1
4.306088602E0,1.937500000E1
4.308713602E0,1.937500000E1
4.311337602E0,1.937500000E1
4.313962602E0,1.937500000E1
4.316586602E0,1.937500000E1
4.321835602E0,2.575000000E1
4.324460602E0,2.575000000E1
4.327084602E0,2.575000000E1
4.329709602E0,2.575000000E1
4.332333602E0,2.575000000E1
4.334958602E0,2.575000000E1
4.337582602E0,2.575000000E1
4.340207602E0,2.575000000E1
4.342831602E0,2.575000000E1
4.345456602E0,2.575000000E1
4.348080602E0,2.575000000E1
4.350705602E0,2.575000000E1
4.353329602E0,2.575000000E1
4.355954602E0,2.575000000E1
4.358578602E0,2.575000000E1
4.361203602E0,2.575000000E1
4.363827602E0,2.575000000E1
4.366452602E0,2.575000000E1
4.369076602E0,2.575000000E1
4.371701602E0,2.575000000E1
4.374325602E0,2.575000000E1
4.376950602E0,2.575000000E1
4.379574602E0,2.575000000E1
4.382199602E0,2.575000000E1
4.384823602E0,2.575000000E1
4.387448602E0,2.575000000E1
4.390072602E0,2.575000000E1
4.392697602E0,2.575000000E1
4.395321602E0,2.575000000E1
4.397946602E0,2.575000000E1
4.400571602E0,2.575000000E1
4.403195602E0,2.575000000E1
4.405820602E0,2.575000000E1
4.408444602E0,2.575000000E1
4.411069602E0,2.575000000E1
4.413693602E0,2.575000000E1
4.416318602E0,2.575000000E1
4.418942602E0,2.575000000E1
4.421567602E0,1.937500000E1
4.424191602E0,1.937500000E1
4.426816602E0,1.937500000E1
4.429440602E0,1.937500000E1
4.432065602E0,1.937500000E1
4.434689602E0,1.937500000E1
4.437314602E0,1.937500000E1
4.439938602E0,1.937500000E1
4.442563602E0,1.937500000E1
4.447812602E0,2.575000000E1
4.450436602E0,2.575000000E1
4.453061602E0,2.575000000E1
4.455685602E0,2.575000000E1
4.458310602E0,2.575000000E1
4.460934602E0,2.575000000E1
4.463559602E0,2.575000000E1
4.466183602E0,2.575000000E1
4.468808602E0,2.575000000E1
4.471432602E0,1.937500000E1
4.474057602E0,1.937500000E1
4.476681602E0,1.937500000E1
4.479306602E0,1.937500000E1
4.481930602E0,1.937500000E1
4.484555602E0,1.937500000E1
4.487179602E0,1.937500000E1
4.489804602E0,1.937500000E1
4.492428602E0,1.937500000E1
4.495053602E0,1.937500000E1
4.497677602E0,1.937500000E1
4.500302602E0,1.937500000E1
4.502926602E0,1.937500000E1
4.505551602E0,1.937500000E1
4.508175602E0,1.937500000E1
4.510800602E0,1.937500000E1
4.513425602E0,1.937500000E1
4.516049602E0,1.937500000E1
4.518674602E0,1.937500000E1
4.523923602E0,2.575000000E1
4.526547602E0,2.575000000E1
4.529172602E0,2.575000000E1
4.531796602E0,2.575000000E1
4.534421602E0,2.575000000E1
4.537045602E0,2.575000000E1
4.539670602E0,2.575000000E1
4.542294602E0,2.575000000E1
4.544919602E0,2.575000000E1
4.547543602E0,1.937500000E1
4.550168602E0,1.937500000E1
4.552792602E0,1.937500000E1
4.555417602E0,1.937500000E1
4.558041602E0,1.937500000E1
4.560666602E0,1.937500000E1
4.563290602E0,1.937500000E1
4.565915602E0,1.937500000E1
4.568539602E0,1.937500000E1
4.571164602E0,1.937500000E1
4.576413602E0,2.575000000E1
4.579037602E0,2.575000000E1
4.581662602E0,2.575000000E1
4.584286602E0,2.575000000E1
4.586911602E0,2.575000000E1
4.589535602E0,2.575000000E1
4.592160602E0,2.575000000E1
4.594784602E0,2.575000000E1
4.597409602E0,2.575000000E1
4.600033602E0,1.937500000E1
4.602658602E0,1.937500000E1
4.605282602E0,1.937500000E1
4.607907602E0,1.937500000E1
4.610531602E0,1.937500000E1
4.613156602E0,1.937500000E1
4.615780602E0,1.937500000E1
4.618405602E0,1.937500000E1
4.621029602E0,1.937500000E1
4.626279602E0,2.575000000E1
4.628903602E0,2.575000000E1
4.631528602E0,2.575000000E1
4.634152602E0,2.575000000E1
4.636777602E0,2.575000000E1
4.639401602E0,2.575000000E1
4.642026602E0,2.575000000E1
4.644650602E0,2.575000000E1
4.647275602E0,2.575000000E1
4.649899602E0,1.937500000E1
4.652524602E0,1.937500000E1
4.655148602E0,1.937500000E1
4.657773602E0,1.937500000E1
4.660397602E0,1.937500000E1
4.663022602E0,1.937500000E1
4.665646602E0,1.937500000E1
4.668271602E0,1.937500000E1
4.670895602E0,1.937500000E1
4.673520602E0,1.937500000E1
4.676144602E0,1.937500000E1
4.678769602E0,1.937500000E1
4.681393602E0,1.937500000E1
4.684018602E0,1.937500000E1
4.686642602E0,1.937500000E1
4.689267602E0,1.937500000E1
4.691891602E0,1.937500000E1
4.694516602E0,1.937500000E1
4.697140602E0,1.937500000E1
4.699765602E0,1.937500000E1
4.702389602E0,1.937500000E1
4.705014602E0,1.937500000E1
4.707638602E0,1.937500000E1
4.710263602E0,1.937500000E1
4.712887602E0,1.937500000E1
4.715512602E0,1.937500000E1
4.718136602E0,1.937500000E1
4.720761602E0,1.937500000E1
4.723385602E0,1.937500000E1
4.726010602E0,1.937500000E1
4.728634602E0,1.937500000E1
4.731259602E0,1.937500000E1
4.733883602E0,1.937500000E1
4.736508602E0,1.937500000E1
4.739133602E0,1.937500000E1
4.741757602E0,1.937500000E1
4.744382602E0,1.937500000E1
4.747006602E0,1.937500000E1
4.749631602E0,1.937500000E1
4.752255602E0,1.937500000E1
4.754880602E0,1.937500000E1
4.757504602E0,1.937500000E1
4.760129602E0,1.937500000E1
4.762753602E0,1.937500000E1
4.765378602E0,1.937500000E1
4.768002602E0,1.937500000E1
4.770627602E0,1.937500000E1
4.773251602E0,1.937500000E1
4.778500602E0,2.575000000E1
4.781125602E0,2.575000000E1
4.783749602E0,2.575000000E1
4.786374602E0,2.575000000E1
4.788998602E0,2.575000000E1
4.791623602E0,2.575000000E1
4.794247602E0,2.575000000E1
4.796872602E0,2.575000000E1
4.799496602E0,2.575000000E1
4.802121602E0,2.575000000E1
4.804745602E0,2.575000000E1
4.807370602E0,2.575000000E1
4.809994602E0,2.575000000E1
4.812619602E0,2.575000000E1
4.815243602E0,2.575000000E1
4.817868602E0,2.575000000E1
4.820492602E0,2.575000000E1
4.823117602E0,2.575000000E1
4.825741602E0,2.575000000E1
4.828366602E0,1.937500000E1
4.830990602E0,1.937500000E1
4.833615602E0,1.937500000E1
4.836239602E0,1.937500000E1
4.838864602E0,1.937500000E1
4.841488602E0,1.937500000E1
4.844113602E0,1.937500000E1
4.846737602E0,1.937500000E1
4.849362602E0,1.937500000E1
4.851987602E0,1.937500000E1
4.854611602E0,1.937500000E1
4.857236602E0,1.937500000E1
4.859860602E0,1.937500000E1
4.862485602E0,1.937500000E1
4.865109602E0,1.937500000E1
4.867734602E0,1.937500000E1
4.870358602E0,1.937500000E1
4.872983602E0,1.937500000E1
4.875607602E0,1.937500000E1
4.878232602E0,1.937500000E1
4.880856602E0,1.937500000E1
4.883481602E0,1.937500000E1
4.886105602E0,1.937500000E1
4.888730602E0,1.937500000E1
4.891354602E0,1.937500000E1
4.893979602E0,1.937500000E1
4.896603602E0,1.937500000E1
4.899228602E0,1.937500000E1
4.901852602E0,1.937500000E1
4.907101602E0,2.575000000E1
4.909726602E0,2.575000000E1
4.912350602E0,2.575000000E1
4.914975602E0,2.575000000E1
4.917599602E0,2.575000000E1
4.920224602E0,2.575000000E1
4.922848602E0,2.575000000E1
4.925473602E0,2.575000000E1
4.928097602E0,2.575000000E1
4.930722602E0,1.937500000E1
4.933346602E0,1.937500000E1
4.935971602E0,1.937500000E1
4.938595602E0,1.937500000E1
4.941220602E0,1.937500000E1
4.943844602E0,1.937500000E1
4.946469602E0,1.937500000E1
4.949093602E0,1.937500000E1
4.951718602E0,1.937500000E1
4.956967602E0,2.575000000E1
4.959592602E0,2.575000000E1
4.962216602E0,2.575000000E1
4.964841602E0,2.575000000E1
4.967465602E0,2.575000000E1
4.970090602E0,2.575000000E1
4.972714602E0,2.575000000E1
4.975339602E0,2.575000000E1
4.977963602E0,2.575000000E1
4.980588602E0,1.937500000E1
4.983212602E0,1.937500000E1
4.985837602E0,1.937500000E1
4.988461602E0,1.937500000E1
4.991086602E0,1.937500000E1
4.993710602E0,1.937500000E1
4.996335602E0,1.937500000E1
4.998959602E0,1.937500000E1
5.001584602E0,1.937500000E1
5.006833602E0,2.575000000E1
5.009457602E0,2.575000000E1
5.012082602E0,2.575000000E1
5.014706602E0,2.575000000E1
5.017331602E0,2.575000000E1
5.019955602E0,2.575000000E1
5.022580602E0,2.575000000E1
5.025204602E0,2.575000000E1
5.027829602E0,2.575000000E1
5.030453602E0,2.575000000E1
5.033078602E0,1.937500000E1
5.035702602E0,1.937500000E1
5.038327602E0,1.937500000E1
5.040951602E0,1.937500000E1
5.043576602E0,1.937500000E1
5.046200602E0,1.937500000E1
5.048825602E0,1.937500000E1
5.051449602E0,1.937500000E1
5.054074602E0,1.937500000E1
5.059323602E0,2.575000000E1
5.061947602E0,2.575000000E1
5.064572602E0,2.575000000E1
5.067196602E0,2.575000000E1
5.069821602E0,2.575000000E1
5.072446602E0,2.575000000E1
5.075070602E0,2.575000000E1
5.077695602E0,2.575000000E1
5.080319602E0,2.575000000E1
5.082944602E0,1.937500000E1
5.085568602E0,1.937500000E1
5.088193602E0,1.937500000E1
5.090817602E0,1.937500000E1
5.093442602E0,1.937500000E1
5.096066602E0,1.937500000E1
5.098691602E0,1.937500000E1
5.101315602E0,1.937500000E1
5.103940602E0,1.937500000E1
5.106564602E0,1.937500000E1
5.111813602E0,2.575000000E1
5.114438602E0,2.575000000E1
5.117062602E0,2.575000000E1
5.119687602E0,2.575000000E1
5.122311602E0,2.575000000E1
5.124936602E0,2.575000000E1
5.127560602E0,2.575000000E1
5.130185602E0,2.575000000E1
5.132809602E0,1.937500000E1
5.135434602E0,1.937500000E1
5.138058602E0,1.937500000E1
5.140683602E0,1.937500000E1
5.143307602E0,1.937500000E1
5.145932602E0,1.937500000E1
5.148556602E0,1.937500000E1
5.151181602E0,1.937500000E1
5.153805602E0,1.937500000E1
5.156430602E0,1.937500000E1
5.161679602E0,2.575000000E1
5.164303602E0,2.575000000E1
5.166928602E0,2.575000000E1
5.169552602E0,2.575000000E1
5.172177602E0,2.575000000E1
5.174801602E0,2.575000000E1
5.177426602E0,2.575000000E1
5.180050602E0,2.575000000E1
5.182675602E0,2.575000000E1
5.185300602E0,2.575000000E1
5.187924602E0,2.575000000E1
5.190549602E0,2.575000000E1
5.193173602E0,2.575000000E1
5.195798602E0,2.575000000E1
5.198422602E0,2.575000000E1
5.201047602E0,2.575000000E1
5.203671602E0,2.575000000E1
5.206296602E0,2.575000000E1
5.208920602E0,2.575000000E1
5.211545602E0,2.575000000E1
5.214169602E0,2.575000000E1
5.216794602E0,2.575000000E1
5.219418602E0,2.575000000E1
5.222043602E0,2.575000000E1
5.224667602E0,2.575000000E1
5.227292602E0,2.575000000E1
5.229916602E0,2.575000000E1
5.232541602E0,2.575000000E1
5.235165602E0,1.937500000E1
5.237790602E0,1.937500000E1
5.240414602E0,1.937500000E1
5.243039602E0,1.937500000E1
5.245663602E0,1.937500000E1
5.248288602E0,1.937500000E1
5.250912602E0,1.937500000E1
5.253537602E0,1.937500000E1
5.256161602E0,1.937500000E1
5.258786602E0,1.937500000E1
5.261410602E0,1.937500000E1
5.264035602E0,1.937500000E1
5.266659602E0,1.937500000E1
5.269284602E0,1.937500000E1
5.271908602E0,1.937500000E1
5.274533602E0,1.937500000E1
5.277157602E0,1.937500000E1
5.279782602E0,1.937500000E1
5.282406602E0,1.937500000E1
5.285031602E0,1.937500000E1
5.287655602E0,1.937500000E1
5.290280602E0,1.937500000E1
5.292904602E0,1.937500000E1
5.295529602E0,1.937500000E1
5.298154602E0,1.937500000E1
5.300778602E0,1.937500000E1
5.303403602E0,1.937500000E1
5.306027602E0,1.937500000E1
5.308652602E0,1.937500000E1
5.313901602E0,2.575000000E1
5.316525602E0,2.575000000E1
5.319150602E0,2.575000000E1
5.321774602E0,2.575000000E1
5.324399602E0,2.575000000E1
5.327023602E0,2.575000000E1
5.329648602E0,2.575000000E1
5.332272602E0,2.575000000E1
5.334897602E0,2.575000000E1
5.337521602E0,1.937500000E1
5.340146602E0,1.937500000E1
5.342770602E0,1.937500000E1
5.345395602E0,1.937500000E1
5.348019602E0,1.937500000E1
5.350644602E0,1.937500000E1
5.353268602E0,1.937500000E1
5.355893602E0,1.937500000E1
5.358517602E0,1.937500000E1
5.361142602E0,1.937500000E1
5.363766602E0,1.937500000E1
5.366391602E0,1.937500000E1
5.369015602E0,1.937500000E1
5.371640602E0,1.937500000E1
5.374264602E0,1.937500000E1
5.376889602E0,1.937500000E1
5.379513602E0,1.937500000E1
5.382138602E0,1.937500000E1
5.384762602E0,1.937500000E1
5.387387602E0,1.937500000E1
5.390011602E0,1.937500000E1
5.392636602E0,1.937500000E1
5.395260602E0,1.937500000E1
5.397885602E0,1.937500000E1
5.400509602E0,1.937500000E1
5.403134602E0,1.937500000E1
5.405758602E0,1.937500000E1
5.408383602E0,1.937500000E1
5.411008602E0,1.937500000E1
5.416257602E0,2.575000000E1
5.418881602E0,2.575000000E1
5.421506602E0,2.575000000E1
5.424130602E0,2.575000000E1
5.426755602E0,2.575000000E1
5.429379602E0,2.575000000E1
5.432004602E0,2.575000000E1
5.434628602E0,2.575000000E1
5.437253602E0,2.575000000E1
5.439877602E0,2.575000000E1
5.442502602E0,2.575000000E1
5.445126602E0,2.575000000E1
5.447751602E0,2.575000000E1
5.450375602E0,2.575000000E1
5.453000602E0,2.575000000E1
5.455624602E0,2.575000000E1
5.458249602E0,2.575000000E1
5.460873602E0,2.575000000E1
5.463498602E0,1.937500000E1
5.466122602E0,1.937500000E1
5.468747602E0,1.937500000E1
5.471371602E0,1.937500000E1
5.473996602E0,1.937500000E1
5.476620602E0,1.937500000E1
5.479245602E0,1.937500000E1
5.481869602E0,1.937500000E1
5.484494602E0,1.937500000E1
5.487118602E0,1.937500000E1
5.492367602E0,2.575000000E1
5.494992602E0,2.575000000E1
5.497616602E0,2.575000000E1
5.500241602E0,2.575000000E1
5.502865602E0,2.575000000E1
5.505490602E0,2.575000000E1
5.508114602E0,2.575000000E1
5.510739602E0,2.575000000E1
5.513363602E0,2.575000000E1
5.515988602E0,2.575000000E1
5.518612602E0,2.575000000E1
5.521237602E0,2.575000000E1
5.523862602E0,2.575000000E1
5.526486602E0,2.575000000E1
5.529111602E0,2.575000000E1
5.531735602E0,2.575000000E1
5.534360602E0,2.575000000E1
5.536984602E0,2.575000000E1
5.539609602E0,1.937500000E1
5.542233602E0,1.937500000E1
5.544858602E0,1.937500000E1
5.547482602E0,1.937500000E1
5.550107602E0,1.937500000E1
5.552731602E0,1.937500000E1
5.555356602E0,1.937500000E1
5.557980602E0,1.937500000E1
5.560605602E0,1.937500000E1
5.563229602E0,1.937500000E1
5.568478602E0,2.575000000E1
5.571103602E0,2.575000000E1
5.573727602E0,2.575000000E1
5.576352602E0,2.575000000E1
5.578976602E0,2.575000000E1
5.581601602E0,2.575000000E1
5.584225602E0,2.575000000E1
5.586850602E0,2.575000000E1
5.589474602E0,2.575000000E1
5.592099602E0,2.575000000E1
5.594723602E0,2.575000000E1
5.597348602E0,2.575000000E1
5.599972602E0,2.575000000E1
5.602597602E0,2.575000000E1
5.605221602E0,2.575000000E1
5.607846602E0,2.575000000E1
5.610470602E0,2.575000000E1
5.613095602E0,2.575000000E1
5.615719602E0,2.575000000E1
5.618344602E0,1.937500000E1
5.620968602E0,1.937500000E1
5.623593602E0,1.937500000E1
5.626217602E0,1.937500000E1
5.628842602E0,1.937500000E1
5.631467602E0,1.937500000E1
5.634091602E0,1.937500000E1
5.636716602E0,1.937500000E1
5.639340602E0,1.937500000E1
5.644589602E0,2.575000000E1
5.647214602E0,2.575000000E1
5.649838602E0,2.575000000E1
5.652463602E0,2.575000000E1
5.655087602E0,2.575000000E1
5.657712602E0,2.575000000E1
5.660336602E0,2.575000000E1
5.662961602E0,2.575000000E1
5.665585602E0,2.575000000E1
5.668210602E0,1.937500000E1
5.670834602E0,1.937500000E1
5.673459602E0,1.937500000E1
5.676083602E0,1.937500000E1
5.678708602E0,1.937500000E1
5.681332602E0,1.937500000E1
5.683957602E0,1.937500000E1
5.686581602E0,1.937500000E1
5.689206602E0,1.937500000E1
5.691830602E0,1.937500000E1
5.697079602E0,2.575000000E1
5.699704602E0,2.575000000E1
5.702328602E0,2.575000000E1
5.704953602E0,2.575000000E1
5.707577602E0,2.575000000E1
5.710202602E0,2.575000000E1
5.712826602E0,2.575000000E1
5.715451602E0,2.575000000E1
5.718075602E0,1.937500000E1
5.720700602E0,1.937500000E1
5.723324602E0,1.937500000E1
5.725949602E0,1.937500000E1
5.728573602E0,1.937500000E1
5.731198602E0,1.937500000E1
5.733822602E0,1.937500000E1
5.736447602E0,1.937500000E1
5.739071602E0,1.937500000E1
5.741696602E0,1.937500000E1
5.744321602E0,1.937500000E1
5.746945602E0,1.937500000E1
5.749570602E0,1.937500000E1
5.752194602E0,1.937500000E1
5.754819602E0,1.937500000E1
5.757443602E0,1.937500000E1
5.760068602E0,1.937500000E1
5.762692602E0,1.937500000E1
5.765317602E0,1.937500000E1
5.767941602E0,1.937500000E1
5.773190602E0,2.575000000E1
5.775815602E0,2.575000000E1
5.778439602E0,2.575000000E1
5.781064602E0,2.575000000E1
5.783688602E0,2.575000000E1
5.786313602E0,2.575000000E1
5.788937602E0,2.575000000E1
5.791562602E0,2.575000000E1
5.794186602E0,2.575000000E1
5.796811602E0,2.575000000E1
5.799435602E0,2.575000000E1
5.802060602E0,2.575000000E1
5.804684602E0,2.575000000E1
5.807309602E0,2.575000000E1
5.809933602E0,2.575000000E1
5.812558602E0,2.575000000E1
5.815182602E0,2.575000000E1
5.817807602E0,2.575000000E1
5.820431602E0,2.575000000E1
5.823056602E0,2.575000000E1
5.825680602E0,2.575000000E1
5.828305602E0,2.575000000E1
5.830929602E0,2.575000000E1
5.833554602E0,2.575000000E1
5.836178602E0,2.575000000E1
5.838803602E0,2.575000000E1
5.841427602E0,2.575000000E1
5.844052602E0,2.575000000E1
5.846676602E0,1.937500000E1
5.849301602E0,1.937500000E1
5.851925602E0,1.937500000E1
5.854550602E0,1.937500000E1
5.857175602E0,1.937500000E1
5.859799602E0,1.937500000E1
5.862424602E0,1.937500000E1
5.865048602E0,1.937500000E1
5.867673602E0,1.937500000E1
5.870297602E0,1.937500000E1
5.875546602E0,2.575000000E1
5.878171602E0,2.575000000E1
5.880795602E0,2.575000000E1
5.883420602E0,2.575000000E1
5.886044602E0,2.575000000E1
5.888669602E0,2.575000000E1
5.891293602E0,2.575000000E1
5.893918602E0,2.575000000E1
5.896542602E0,1.937500000E1
5.899167602E0,1.937500000E1
5.901791602E0,1.937500000E1
5.904416602E0,1.937500000E1
5.907040602E0,1.937500000E1
5.909665602E0,1.937500000E1
5.912289602E0,1.937500000E1
5.914914602E0,1.937500000E1
5.917538602E0,1.937500000E1
5.920163602E0,1.937500000E1
5.922787602E0,1.937500000E1
5.925412602E0,1.937500000E1
5.928036602E0,1.937500000E1
5.930661602E0,1.937500000E1
5.933285602E0,1.937500000E1
5.935910602E0,1.937500000E1
5.938534602E0,1.937500000E1
5.941159602E0,1.937500000E1
5.943783602E0,1.937500000E1
5.946408602E0,1.937500000E1
5.951657602E0,2.575000000E1
5.954281602E0,2.575000000E1
5.956906602E0,2.575000000E1
5.959530602E0,2.575000000E1
5.962155602E0,2.575000000E1
5.964779602E0,2.575000000E1
5.967404602E0,2.575000000E1
5.970029602E0,2.575000000E1
5.972653602E0,2.575000000E1
5.975278602E0,2.575000000E1
5.977902602E0,2.575000000E1
5.980527602E0,2.575000000E1
5.983151602E0,2.575000000E1
5.985776602E0,2.575000000E1
5.988400602E0,2.575000000E1
5.991025602E0,2.575000000E1
5.993649602E0,2.575000000E1
5.996274602E0,2.575000000E1
5.998898602E0,2.575000000E1
6.001523602E0,2.575000000E1
6.004147602E0,2.575000000E1
6.006772602E0,2.575000000E1
6.009396602E0,2.575000000E1
6.012021602E0,2.575000000E1
6.014645602E0,2.575000000E1
6.017270602E0,2.575000000E1
6.019894602E0,2.575000000E1
6.022519602E0,2.575000000E1
6.025143602E0,2.575000000E1
6.027768602E0,2.575000000E1
6.030392602E0,2.575000000E1
6.033017602E0,2.575000000E1
6.035641602E0,2.575000000E1
6.038266602E0,2.575000000E1
6.040890602E0,2.575000000E1
6.043515602E0,2.575000000E1
6.046139602E0,2.575000000E1
6.048764602E0,2.575000000E1
6.051388602E0,1.937500000E1
6.054013602E0,1.937500000E1
6.056637602E0,1.937500000E1
6.059262602E0,1.937500000E1
6.061886602E0,1.937500000E1
6.064511602E0,1.937500000E1
6.067135602E0,1.937500000E1
6.069760602E0,1.937500000E1
6.072384602E0,1.937500000E1
6.077633602E0,2.575000000E1
6.080258602E0,2.575000000E1
6.082883602E0,2.575000000E1
6.085507602E0,2.575000000E1
6.088132602E0,2.575000000E1
6.090756602E0,2.575000000E1
6.093381602E0,2.575000000E1
6.096005602E0,2.575000000E1
6.098630602E0,2.575000000E1
6.101254602E0,1.937500000E1
6.103879602E0,1.937500000E1
6.106503602E0,1.937500000E1
6.109128602E0,1.937500000E1
6.111752602E0,1.937500000E1
6.114377602E0,1.937500000E1
6.117001602E0,1.937500000E1
6.119626602E0,1.937500000E1
6.122250602E0,1.937500000E1
6.124875602E0,1.937500000E1
6.127499602E0,1.937500000E1
6.130124602E0,1.937500000E1
6.132748602E0,1.937500000E1
6.135373602E0,1.937500000E1
6.137997602E0,1.937500000E1
6.140622602E0,1.937500000E1
6.143246602E0,1.937500000E1
6.145871602E0,1.937500000E1
6.148495602E0,1.937500000E1
6.151120602E0,1.937500000E1
6.153744602E0,1.937500000E1
6.156369602E0,1.937500000E1
6.158993602E0,1.937500000E1
6.161618602E0,1.937500000E1
6.164242602E0,1.937500000E1
6.166867602E0,1.937500000E1
6.169491602E0,1.937500000E1
6.172116602E0,1.937500000E1
6.174740602E0,1.937500000E1
6.177365602E0,1.937500000E1
6.179989602E0,1.937500000E1
6.182614602E0,1.937500000E1
6.185238602E0,1.937500000E1
6.187863602E0,1.937500000E1
6.190487602E0,1.937500000E1
6.193112602E0,1.937500000E1
6.195737602E0,1.937500000E1
6.198361602E0,1.937500000E1
6.200986602E0,1.937500000E1
6.203610602E0,1.937500000E1
6.206235602E0,1.937500000E1
6.208859602E0,1.937500000E1
6.211484602E0,1.937500000E1
6.214108602E0,1.937500000E1
6.216733602E0,1.937500000E1
6.219357602E0,1.937500000E1
6.221982602E0,1.937500000E1
6.224606602E0,1.937500000E1
6.229855602E0,2.575000000E1
6.232480602E0,2.575000000E1
6.235104602E0,2.575000000E1
6.237729602E0,2.575000000E1
6.240353602E0,2.575000000E1
6.242978602E0,2.575000000E1
6.245602602E0,2.575000000E1
6.248227602E0,2.575000000E1
6.250851602E0,2.575000000E1
6.253476602E0,2.575000000E1
6.256100602E0,2.575000000E1
6.258725602E0,2.575000000E1
6.261349602E0,2.575000000E1
6.263974602E0,2.575000000E1
6.266598602E0,2.575000000E1
6.269223602E0,2.575000000E1
6.271847602E0,2.575000000E1
6.274472602E0,2.575000000E1
6.277096602E0,2.575000000E1
6.279721602E0,1.937500000E1
6.282345602E0,1.937500000E1
6.284970602E0,1.937500000E1
6.287594602E0,1.937500000E1
6.290219602E0,1.937500000E1
6.292843602E0,1.937500000E1
6.295468602E0,1.937500000E1
6.298092602E0,1.937500000E1
6.300717602E0,1.937500000E1
6.303342602E0,1.937500000E1
6.305966602E0,1.937500000E1
6.308591602E0,1.937500000E1
6.311215602E0,1.937500000E1
6.313840602E0,1.937500000E1
6.316464602E0,1.937500000E1
6.319089602E0,1.937500000E1
6.321713602E0,1.937500000E1
6.324338602E0,1.937500000E1
6.326962602E0,1.937500000E1
6.332211602E0,2.575000000E1
6.334836602E0,2.575000000E1
6.337460602E0,2.575000000E1
6.340085602E0,2.575000000E1
6.342709602E0,2.575000000E1
6.345334602E0,2.575000000E1
6.347958602E0,2.575000000E1
6.350583602E0,2.575000000E1
6.353207602E0,2.575000000E1
6.355832602E0,1.937500000E1
6.358456602E0,1.937500000E1
6.361081602E0,1.937500000E1
6.363705602E0,1.937500000E1
6.366330602E0,1.937500000E1
6.368954602E0,1.937500000E1
6.371579602E0,1.937500000E1
6.374203602E0,1.937500000E1
6.376828602E0,1.937500000E1
6.382077602E0,2.575000000E1
6.384701602E0,2.575000000E1
6.387326602E0,2.575000000E1
6.389950602E0,2.575000000E1
6.392575602E0,2.575000000E1
6.395199602E0,2.575000000E1
6.397824602E0,2.575000000E1
6.400448602E0,2.575000000E1
6.403073602E0,2.575000000E1
6.405697602E0,1.937500000E1
6.408322602E0,1.937500000E1
6.410946602E0,1.937500000E1
6.413571602E0,1.937500000E1
6.416196602E0,1.937500000E1
6.418820602E0,1.937500000E1
6.421445602E0,1.937500000E1
6.424069602E0,1.937500000E1
6.426694602E0,1.937500000E1
6.429318602E0,1.937500000E1
6.434567602E0,2.575000000E1
6.437192602E0,2.575000000E1
6.439816602E0,2.575000000E1
6.442441602E0,2.575000000E1
6.445065602E0,2.575000000E1
6.447690602E0,2.575000000E1
6.450314602E0,2.575000000E1
6.452939602E0,2.575000000E1
6.455563602E0,2.575000000E1
6.458188602E0,2.575000000E1
6.460812602E0,2.575000000E1
6.463437602E0,2.575000000E1
6.466061602E0,2.575000000E1
6.468686602E0,2.575000000E1
6.471310602E0,2.575000000E1
6.473935602E0,2.575000000E1
6.476559602E0,2.575000000E1
6.479184602E0,2.575000000E1
6.481808602E0,1.937500000E1
6.484433602E0,1.937500000E1
6.487057602E0,1.937500000E1
6.489682602E0,1.937500000E1
6.492306602E0,1.937500000E1
6.494931602E0,1.937500000E1
6.497555602E0,1.937500000E1
6.500180602E0,1.937500000E1
6.502804602E0,1.937500000E1
6.505429602E0,1.937500000E1
6.510678602E0,2.575000000E1
6.513302602E0,2.575000000E1
6.515927602E0,2.575000000E1
6.518551602E0,2.575000000E1
6.521176602E0,2.575000000E1
6.523800602E0,2.575000000E1
6.526425602E0,2.575000000E1
6.529050602E0,2.575000000E1
6.531674602E0,2.575000000E1
6.534299602E0,1.937500000E1
6.536923602E0,1.937500000E1
6.539548602E0,1.937500000E1
6.542172602E0,1.937500000E1
6.544797602E0,1.937500000E1
6.547421602E0,1.937500000E1
6.550046602E0,1.937500000E1
6.552670602E0,1.937500000E1
6.555295602E0,1.937500000E1
6.560544602E0,2.575000000E1
6.563168602E0,2.575000000E1
6.565793602E0,2.575000000E1
6.568417602E0,2.575000000E1
6.571042602E0,2.575000000E1
6.573666602E0,2.575000000E1
6.576291602E0,2.575000000E1
6.578915602E0,2.575000000E1
6.581540602E0,2.575000000E1
6.584164602E0,2.575000000E1
6.586789602E0,2.575000000E1
6.589413602E0,2.575000000E1
6.592038602E0,2.575000000E1
6.594662602E0,2.575000000E1
6.597287602E0,2.575000000E1
6.599911602E0,2.575000000E1
6.602536602E0,2.575000000E1
6.605160602E0,2.575000000E1
6.607785602E0,2.575000000E1
6.610409602E0,1.937500000E1
6.613034602E0,1.937500000E1
6.615658602E0,1.937500000E1
6.618283602E0,1.937500000E1
6.620907602E0,1.937500000E1
6.623532602E0,1.937500000E1
6.626156602E0,1.937500000E1
6.628781602E0,1.937500000E1
6.631405602E0,1.937500000E1
6.634030602E0,1.937500000E1
6.636654602E0,1.937500000E1
6.639279602E0,1.937500000E1
6.641904602E0,1.937500000E1
6.644528602E0,1.937500000E1
6.647153602E0,1.937500000E1
6.649777602E0,1.937500000E1
6.652402602E0,1.937500000E1
6.655026602E0,1.937500000E1
6.657651602E0,1.937500000E1
6.660275602E0,1.937500000E1
6.662900602E0,1.937500000E1
6.665524602E0,1.937500000E1
6.668149602E0,1.937500000E1
6.670773602E0,1.937500000E1
6.673398602E0,1.937500000E1
6.676022602E0,1.937500000E1
6.678647602E0,1.937500000E1
6.681271602E0,1.937500000E1
6.683896602E0,1.937500000E1
6.686520602E0,1.937500000E1
6.689145602E0,1.937500000E1
6.691769602E0,1.937500000E1
6.694394602E0,1.937500000E1
6.697018602E0,1.937500000E1
6.699643602E0,1.937500000E1
6.702267602E0,1.937500000E1
6.704892602E0,1.937500000E1
6.707516602E0,1.937500000E1
6.710141602E0,1.937500000E1
6.712765602E0,1.937500000E1
6.715390602E0,1.937500000E1
6.718014602E0,1.937500000E1
6.720639602E0,1.937500000E1
6.723263602E0,1.937500000E1
6.725888602E0,1.937500000E1
6.728512602E0,1.937500000E1
6.731137602E0,1.937500000E1
6.733761602E0,1.937500000E1
6.739010602E0,2.575000000E1
6.741635602E0,2.575000000E1
6.744259602E0,2.575000000E1
6.746884602E0,2.575000000E1
6.749508602E0,2.575000000E1
6.752133602E0,2.575000000E1
6.754758602E0,2.575000000E1
6.757382602E0,2.575000000E1
6.760007602E0,2.575000000E1
6.762631602E0,1.937500000E1
6.765256602E0,1.937500000E1
6.767880602E0,1.937500000E1
6.770505602E0,1.937500000E1
6.773129602E0,1.937500000E1
6.775754602E0,1.937500000E1
6.778378602E0,1.937500000E1
6.781003602E0,1.937500000E1
6.783627602E0,1.937500000E1
6.786252602E0,1.937500000E1
6.791501602E0,2.575000000E1
6.794125602E0,2.575000000E1
6.796750602E0,2.575000000E1
6.799374602E0,2.575000000E1
6.801999602E0,2.575000000E1
6.804623602E0,2.575000000E1
6.807248602E0,2.575000000E1
6.809872602E0,2.575000000E1
6.812497602E0,2.575000000E1
6.815121602E0,2.575000000E1
6.817746602E0,2.575000000E1
6.820370602E0,2.575000000E1
6.822995602E0,2.575000000E1
6.825619602E0,2.575000000E1
6.828244602E0,2.575000000E1
6.830868602E0,2.575000000E1
6.833493602E0,2.575000000E1
6.836117602E0,2.575000000E1
6.838742602E0,2.575000000E1
6.841366602E0,2.575000000E1
6.843991602E0,2.575000000E1
6.846615602E0,2.575000000E1
6.849240602E0,2.575000000E1
6.851864602E0,2.575000000E1
6.854489602E0,2.575000000E1
6.857113602E0,2.575000000E1
6.859738602E0,2.575000000E1
6.862362602E0,2.575000000E1
6.864987602E0,1.937500000E1
6.867612602E0,1.937500000E1
6.870236602E0,1.937500000E1
6.872861602E0,1.937500000E1
6.875485602E0,1.937500000E1
6.878110602E0,1.937500000E1
6.880734602E0,1.937500000E1
6.883359602E0,1.937500000E1
6.885983602E0,1.937500000E1
6.888608602E0,1.937500000E1
6.893857602E0,2.575000000E1
6.896481602E0,2.575000000E1
6.899106602E0,2.575000000E1
6.901730602E0,2.575000000E1
6.904355602E0,2.575000000E1
6.906979602E0,2.575000000E1
6.909604602E0,2.575000000E1
6.912228602E0,2.575000000E1
6.914853602E0,1.937500000E1
6.917477602E0,1.937500000E1
6.920102602E0,1.937500000E1
6.922726602E0,1.937500000E1
6.925351602E0,1.937500000E1
6.927975602E0,1.937500000E1
6.930600602E0,1.937500000E1
6.933224602E0,1.937500000E1
6.935849602E0,1.937500000E1
6.938473602E0,1.937500000E1
6.943722602E0,2.575000000E1
6.946347602E0,2.575000000E1
6.948971602E0,2.575000000E1
6.951596602E0,2.575000000E1
6.954220602E0,2.575000000E1
6.956845602E0,2.575000000E1
6.959469602E0,2.575000000E1
6.962094602E0,2.575000000E1
6.964718602E0,2.575000000E1
6.967343602E0,1.937500000E1
6.969967602E0,1.937500000E1
6.972592602E0,1.937500000E1
6.975217602E0,1.937500000E1
6.977841602E0,1.937500000E1
6.980466602E0,1.937500000E1
6.983090602E0,1.937500000E1
6.985715602E0,1.937500000E1
6.988339602E0,1.937500000E1
6.993588602E0,2.575000000E1
6.996213602E0,2.575000000E1
6.998837602E0,2.575000000E1
7.001462602E0,2.575000000E1
7.004086602E0,2.575000000E1
7.006711602E0,2.575000000E1
7.009335602E0,2.575000000E1
7.011960602E0,2.575000000E1
7.014584602E0,2.575000000E1
7.017209602E0,1.937500000E1
7.019833602E0,1.937500000E1
7.022458602E0,1.937500000E1
7.025082602E0,1.937500000E1
7.027707602E0,1.937500000E1
7.030331602E0,1.937500000E1
7.032956602E0,1.937500000E1
7.035580602E0,1.937500000E1
7.038205602E0,1.937500000E1
7.040829602E0,1.937500000E1
7.043454602E0,1.937500000E1
7.046078602E0,1.937500000E1
7.048703602E0,1.937500000E1
7.051327602E0,1.937500000E1
7.053952602E0,1.937500000E1
7.056576602E0,1.937500000E1
7.059201602E0,1.937500000E1
7.061825602E0,1.937500000E1
7.064450602E0,1.937500000E1
7.067074602E0,1.937500000E1
7.069699602E0,1.937500000E1
7.072323602E0,1.937500000E1
7.074948602E0,1.937500000E1
7.077572602E0,1.937500000E1
7.080197602E0,1.937500000E1
7.082821602E0,1.937500000E1
7.085446602E0,1.937500000E1
7.088071602E0,1.937500000E1
7.090695602E0,1.937500000E1
7.095944602E0,2.575000000E1
7.098569602E0,2.575000000E1
7.101193602E0,2.575000000E1
7.103818602E0,2.575000000E1
7.106442602E0,2.575000000E1
7.109067602E0,2.575000000E1
7.111691602E0,2.575000000E1
7.114316602E0,2.575000000E1
7.116940602E0,2.575000000E1
7.119565602E0,1.937500000E1
7.122189602E0,1.937500000E1
7.124814602E0,1.937500000E1
7.127438602E0,1.937500000E1
7.130063602E0,1.937500000E1
7.132687602E0,1.937500000E1
7.135312602E0,1.937500000E1
7.137936602E0,1.937500000E1
7.140561602E0,1.937500000E1
7.143185602E0,1.937500000E1
7.145810602E0,1.937500000E1
7.148434602E0,1.937500000E1
7.151059602E0,1.937500000E1
7.153683602E0,1.937500000E1
7.156308602E0,1.937500000E1
7.158932602E0,1.937500000E1
7.161557602E0,1.937500000E1
7.164181602E0,1.937500000E1
7.166806602E0,1.937500000E1
7.169430602E0,1.937500000E1
7.172055602E0,1.937500000E1
7.174679602E0,1.937500000E1
7.177304602E0,1.937500000E1
7.179928602E0,1.937500000E1
7.182553602E0,1.937500000E1
7.185177602E0,1.937500000E1
7.187802602E0,1.937500000E1
7.190426602E0,1.937500000E1
7.193051602E0,1.937500000E1
7.198300602E0,2.575000000E1
7.200925602E0,2.575000000E1
7.203549602E0,2.575000000E1
7.206174602E0,2.575000000E1
7.208798602E0,2.575000000E1
7.211423602E0,2.575000000E1
7.214047602E0,2.575000000E1
7.216672602E0,2.575000000E1
7.219296602E0,1.937500000E1
7.221921602E0,1.937500000E1
7.224545602E0,1.937500000E1
7.227170602E0,1.937500000E1
7.229794602E0,1.937500000E1
7.232419602E0,1.937500000E1
7.235043602E0,1.937500000E1
7.237668602E0,1.937500000E1
7.240292602E0,1.937500000E1
7.242917602E0,1.937500000E1
7.245541602E0,1.937500000E1
7.248166602E0,1.937500000E1
7.250790602E0,1.937500000E1
7.253415602E0,1.937500000E1
7.256039602E0,1.937500000E1
7.258664602E0,1.937500000E1
7.261288602E0,1.937500000E1
7.263913602E0,1.937500000E1
7.266537602E0,1.937500000E1
7.269162602E0,1.937500000E1
7.274411602E0,2.575000000E1
7.277035602E0,2.575000000E1
7.279660602E0,2.575000000E1
7.282284602E0,2.575000000E1
7.284909602E0,2.575000000E1
7.287533602E0,2.575000000E1
7.290158602E0,2.575000000E1
7.292782602E0,2.575000000E1
7.295407602E0,2.575000000E1
7.298031602E0,2.575000000E1
7.300656602E0,2.575000000E1
7.303280602E0,2.575000000E1
7.305905602E0,2.575000000E1
7.308529602E0,2.575000000E1
7.311154602E0,2.575000000E1
7.313779602E0,2.575000000E1
7.316403602E0,2.575000000E1
7.319028602E0,2.575000000E1
7.321652602E0,2.575000000E1
7.324277602E0,1.937500000E1
7.326901602E0,1.937500000E1
7.329526602E0,1.937500000E1
7.332150602E0,1.937500000E1
7.334775602E0,1.937500000E1
7.337399602E0,1.937500000E1
7.340024602E0,1.937500000E1
7.342648602E0,1.937500000E1
7.345273602E0,1.937500000E1
7.350522602E0,2.575000000E1
7.353146602E0,2.575000000E1
7.355771602E0,2.575000000E1
7.358395602E0,2.575000000E1
7.361020602E0,2.575000000E1
7.363644602E0,2.575000000E1
7.366269602E0,2.575000000E1
7.368893602E0,2.575000000E1
7.371518602E0,2.575000000E1
7.374142602E0,2.575000000E1
7.376767602E0,2.575000000E1
7.379391602E0,2.575000000E1
7.382016602E0,2.575000000E1
7.384640602E0,2.575000000E1
7.387265602E0,2.575000000E1
7.389889602E0,2.575000000E1
7.392514602E0,2.575000000E1
7.395138602E0,2.575000000E1
7.397763602E0,2.575000000E1
7.400387602E0,2.575000000E1
7.403012602E0,2.575000000E1
7.405636602E0,2.575000000E1
7.408261602E0,2.575000000E1
7.410885602E0,2.575000000E1
7.413510602E0,2.575000000E1
7.416134602E0,2.575000000E1
7.418759602E0,2.575000000E1
7.421383602E0,2.575000000E1
7.424008602E0,1.937500000E1
7.426633602E0,1.937500000E1
7.429257602E0,1.937500000E1
7.431882602E0,1.937500000E1
7.434506602E0,1.937500000E1
7.437131602E0,1.937500000E1
7.439755602E0,1.937500000E1
7.442380602E0,1.937500000E1
7.445004602E0,1.937500000E1
7.447629602E0,1.937500000E1
7.450253602E0,1.937500000E1
7.452878602E0,1.937500000E1
7.455502602E0,1.937500000E1
7.458127602E0,1.937500000E1
7.460751602E0,1.937500000E1
7.463376602E0,1.937500000E1
7.466000602E0,1.937500000E1
7.468625602E0,1.937500000E1
7.471249602E0,1.937500000E1
7.473874602E0,1.937500000E1
7.479123602E0,2.575000000E1
7.481747602E0,2.575000000E1
7.484372602E0,2.575000000E1
7.486996602E0,2.575000000E1
7.489621602E0,2.575000000E1
7.492245602E0,2.575000000E1
7.494870602E0,2.575000000E1
7.497494602E0,2.575000000E1
7.500119602E0,1.937500000E1
7.502743602E0,1.937500000E1
7.505368602E0,1.937500000E1
7.507992602E0,1.937500000E1
7.510617602E0,1.937500000E1
7.513241602E0,1.937500000E1
7.515866602E0,1.937500000E1
7.518490602E0,1.937500000E1
7.521115602E0,1.937500000E1
7.523739602E0,1.937500000E1
7.526364602E0,1.937500000E1
7.528988602E0,1.937500000E1
7.531613602E0,1.937500000E1
7.534237602E0,1.937500000E1
7.536862602E0,1.937500000E1
7.539487602E0,1.937500000E1
7.542111602E0,1.937500000E1
7.544736602E0,1.937500000E1
7.547360602E0,1.937500000E1
7.549985602E0,1.937500000E1
7.552609602E0,1.937500000E1
7.555234602E0,1.937500000E1
7.557858602E0,1.937500000E1
7.560483602E0,1.937500000E1
7.563107602E0,1.937500000E1
7.565732602E0,1.937500000E1
7.568356602E0,1.937500000E1
7.570981602E0,1.937500000E1
7.573605602E0,1.937500000E1
7.576230602E0,1.937500000E1
7.578854602E0,1.937500000E1
7.581479602E0,1.937500000E1
7.584103602E0,1.937500000E1
7.586728602E0,1.937500000E1
7.589352602E0,1.937500000E1
7.591977602E0,1.937500000E1
7.594601602E0,1.937500000E1
7.597226602E0,1.937500000E1
7.599850602E0,1.937500000E1
7.605099602E0,2.575000000E1
7.607724602E0,2.575000000E1
7.610348602E0,2.575000000E1
7.612973602E0,2.575000000E1
7.615597602E0,2.575000000E1
7.618222602E0,2.575000000E1
7.620846602E0,2.575000000E1
7.623471602E0,2.575000000E1
7.626095602E0,2.575000000E1
7.628720602E0,2.575000000E1
7.631344602E0,2.575000000E1
7.633969602E0,2.575000000E1
7.636593602E0,2.575000000E1
7.639218602E0,2.575000000E1
7.641842602E0,2.575000000E1
7.644467602E0,2.575000000E1
7.647092602E0,2.575000000E1
7.649716602E0,2.575000000E1
7.652341602E0,2.575000000E1
7.654965602E0,1.937500000E1
7.657590602E0,1.937500000E1
7.660214602E0,1.937500000E1
7.662839602E0,1.937500000E1
7.665463602E0,1.937500000E1
7.668088602E0,1.937500000E1
7.670712602E0,1.937500000E1
7.673337602E0,1.937500000E1
7.675961602E0,1.937500000E1
7.681210602E0,2.575000000E1
7.683835602E0,2.575000000E1
7.686459602E0,2.575000000E1
7.689084602E0,2.575000000E1
7.691708602E0,2.575000000E1
7.694333602E0,2.575000000E1
7.696957602E0,2.575000000E1
7.699582602E0,2.575000000E1
7.702206602E0,2.575000000E1
7.704831602E0,2.575000000E1
7.707455602E0,2.575000000E1
7.710080602E0,2.575000000E1
7.712704602E0,2.575000000E1
7.715329602E0,2.575000000E1
7.717953602E0,2.575000000E1
7.720578602E0,2.575000000E1
7.723202602E0,2.575000000E1
7.725827602E0,2.575000000E1
7.728451602E0,2.575000000E1
7.731076602E0,2.575000000E1
7.733700602E0,2.575000000E1
7.736325602E0,2.575000000E1
7.738949602E0,2.575000000E1
7.741574602E0,2.575000000E1
7.744198602E0,2.575000000E1
7.746823602E0,2.575000000E1
7.749447602E0,2.575000000E1
7.752072602E0,2.575000000E1
7.754696602E0,1.937500000E1
7.757321602E0,1.937500000E1
7.759946602E0,1.937500000E1
7.762570602E0,1.937500000E1
7.765195602E0,1.937500000E1
7.767819602E0,1.937500000E1
7.770444602E0,1.937500000E1
7.773068602E0,1.937500000E1
7.775693602E0,1.937500000E1
7.778317602E0,1.937500000E1
7.783566602E0,2.575000000E1
7.786191602E0,2.575000000E1
7.788815602E0,2.575000000E1
7.791440602E0,2.575000000E1
7.794064602E0,2.575000000E1
7.796689602E0,2.575000000E1
7.799313602E0,2.575000000E1
7.801938602E0,2.575000000E1
7.804562602E0,2.575000000E1
7.807187602E0,2.575000000E1
7.809811602E0,2.575000000E1
7.812436602E0,2.575000000E1
7.815060602E0,2.575000000E1
7.817685602E0,2.575000000E1
7.820309602E0,2.575000000E1
7.822934602E0,2.575000000E1
7.825558602E0,2.575000000E1
7.828183602E0,2.575000000E1
7.830807602E0,2.575000000E1
7.833432602E0,1.937500000E1
7.836056602E0,1.937500000E1
7.838681602E0,1.937500000E1
7.841305602E0,1.937500000E1
7.843930602E0,1.937500000E1
7.846554602E0,1.937500000E1
7.849179602E0,1.937500000E1
7.851803602E0,1.937500000E1
7.854428602E0,1.937500000E1
7.859677602E0,2.575000000E1
7.862301602E0,2.575000000E1
7.864926602E0,2.575000000E1
7.867550602E0,2.575000000E1
7.870175602E0,2.575000000E1
7.872800602E0,2.575000000E1
7.875424602E0,2.575000000E1
7.878049602E0,2.575000000E1
7.880673602E0,2.575000000E1
7.883298602E0,1.937500000E1
7.885922602E0,1.937500000E1
7.888547602E0,1.937500000E1
7.891171602E0,1.937500000E1
7.893796602E0,1.937500000E1
7.896420602E0,1.937500000E1
7.899045602E0,1.937500000E1
7.901669602E0,1.937500000E1
7.904294602E0,1.937500000E1
7.906918602E0,1.937500000E1
7.909543602E0,1.937500000E1
7.912167602E0,1.937500000E1
7.914792602E0,1.937500000E1
7.917416602E0,1.937500000E1
7.920041602E0,1.937500000E1
7.922665602E0,1.937500000E1
7.925290602E0,1.937500000E1
7.927914602E0,1.937500000E1
7.930539602E0,1.937500000E1
7.933163602E0,1.937500000E1
7.935788602E0,1.937500000E1
7.938412602E0,1.937500000E1
7.941037602E0,1.937500000E1
7.943661602E0,1.937500000E1
7.946286602E0,1.937500000E1
7.948910602E0,1.937500000E1
7.951535602E0,1.937500000E1
7.954159602E0,1.937500000E1
7.956784602E0,1.937500000E1
7.962033602E0,2.575000000E1
7.964657602E0,2.575000000E1
7.967282602E0,2.575000000E1
7.969906602E0,2.575000000E1
7.972531602E0,2.575000000E1
7.975155602E0,2.575000000E1
7.977780602E0,2.575000000E1
7.980404602E0,2.575000000E1
7.983029602E0,2.575000000E1
7.985654602E0,2.575000000E1
7.988278602E0,2.575000000E1
7.990903602E0,2.575000000E1
7.993527602E0,2.575000000E1
7.996152602E0,2.575000000E1
7.998776602E0,2.575000000E1
8.001401602E0,2.575000000E1
8.004025602E0,2.575000000E1
8.006650602E0,2.575000000E1
8.009274602E0,2.575000000E1
8.011899602E0,2.575000000E1
8.014523602E0,2.575000000E1
8.017148602E0,2.575000000E1
8.019772602E0,2.575000000E1
8.022397602E0,2.575000000E1
8.025021602E0,2.575000000E1
8.027646602E0,2.575000000E1
8.030270602E0,2.575000000E1
8.032895602E0,2.575000000E1
8.035519602E0,1.937500000E1
8.038144602E0,1.937500000E1
8.040768602E0,1.937500000E1
8.043393602E0,1.937500000E1
8.046017602E0,1.937500000E1
8.048642602E0,1.937500000E1
8.051266602E0,1.937500000E1
8.053891602E0,1.937500000E1
8.056515602E0,1.937500000E1
8.059140602E0,1.937500000E1
8.061764602E0,1.937500000E1
8.064389602E0,1.937500000E1
8.067013602E0,1.937500000E1
8.069638602E0,1.937500000E1
8.072262602E0,1.937500000E1
8.074887602E0,1.937500000E1
8.077511602E0,1.937500000E1
8.080136602E0,1.937500000E1
8.082760602E0,1.937500000E1
8.085385602E0,1.937500000E1
8.090634602E0,2.575000000E1
8.093258602E0,2.575000000E1
8.095883602E0,2.575000000E1
8.098508602E0,2.575000000E1
8.101132602E0,2.575000000E1
8.103757602E0,2.575000000E1
8.106381602E0,2.575000000E1
8.109006602E0,2.575000000E1
8.111630602E0,2.575000000E1
8.114255602E0,2.575000000E1
8.116879602E0,2.575000000E1
8.119504602E0,2.575000000E1
8.122128602E0,2.575000000E1
8.124753602E0,2.575000000E1
8.127377602E0,2.575000000E1
8.130002602E0,2.575000000E1
8.132626602E0,2.575000000E1
8.135251602E0,2.575000000E1
8.137875602E0,2.575000000E1
8.140500602E0,2.575000000E1
8.143124602E0,2.575000000E1
8.145749602E0,2.575000000E1
8.148373602E0,2.575000000E1
8.150998602E0,2.575000000E1
8.153622602E0,2.575000000E1
8.156247602E0,2.575000000E1
8.158871602E0,2.575000000E1
8.161496602E0,2.575000000E1
8.164120602E0,2.575000000E1
8.166745602E0,2.575000000E1
8.169369602E0,2.575000000E1
8.171994602E0,2.575000000E1
8.174618602E0,2.575000000E1
8.177243602E0,2.575000000E1
8.179867602E0,2.575000000E1
8.182492602E0,2.575000000E1
8.185116602E0,2.575000000E1
8.187741602E0,2.575000000E1
8.190365602E0,2.575000000E1
8.192990602E0,2.575000000E1
8.195614602E0,2.575000000E1
8.198239602E0,2.575000000E1
8.200863602E0,2.575000000E1
8.203488602E0,2.575000000E1
8.206112602E0,2.575000000E1
8.208737602E0,2.575000000E1
8.211362602E0,2.575000000E1
8.213986602E0,1.937500000E1
8.216611602E0,1.937500000E1
8.219235602E0,1.937500000E1
8.221860602E0,1.937500000E1
8.224484602E0,1.937500000E1
8.227109602E0,1.937500000E1
8.229733602E0,1.937500000E1
8.232358602E0,1.937500000E1
8.234982602E0,1.937500000E1
8.240231602E0,2.575000000E1
8.242856602E0,2.575000000E1
8.245480602E0,2.575000000E1
8.248105602E0,2.575000000E1
8.250729602E0,2.575000000E1
8.253354602E0,2.575000000E1
8.255978602E0,2.575000000E1
8.258603602E0,2.575000000E1
8.261227602E0,2.575000000E1
8.263852602E0,1.937500000E1
8.266476602E0,1.937500000E1
8.269101602E0,1.937500000E1
8.271725602E0,1.937500000E1
8.274350602E0,1.937500000E1
8.276974602E0,1.937500000E1
8.279599602E0,1.937500000E1
8.282223602E0,1.937500000E1
8.284848602E0,1.937500000E1
8.287472602E0,1.937500000E1
8.292721602E0,2.575000000E1
8.295346602E0,2.575000000E1
8.297970602E0,2.575000000E1
8.300595602E0,2.575000000E1
8.303219602E0,2.575000000E1
8.305844602E0,2.575000000E1
8.308468602E0,2.575000000E1
8.311093602E0,2.575000000E1
8.313717602E0,2.575000000E1
8.316342602E0,1.937500000E1
8.318967602E0,1.937500000E1
8.321591602E0,1.937500000E1
8.324216602E0,1.937500000E1
8.326840602E0,1.937500000E1
8.329465602E0,1.937500000E1
8.332089602E0,1.937500000E1
8.334714602E0,1.937500000E1
8.337338602E0,1.937500000E1
8.339963602E0,1.937500000E1
8.345212602E0,2.575000000E1
8.347836602E0,2.575000000E1
8.350461602E0,2.575000000E1
8.353085602E0,2.575000000E1
8.355710602E0,2.575000000E1
8.358334602E0,2.575000000E1
8.360959602E0,2.575000000E1
8.363583602E0,2.575000000E1
8.366208602E0,1.937500000E1
8.368832602E0,1.937500000E1
8.371457602E0,1.937500000E1
8.374081602E0,1.937500000E1
8.376706602E0,1.937500000E1
8.379330602E0,1.937500000E1
8.381955602E0,1.937500000E1
8.384579602E0,1.937500000E1
8.387204602E0,1.937500000E1
8.389828602E0,1.937500000E1
8.395077602E0,2.575000000E1
8.397702602E0,2.575000000E1
8.400326602E0,2.575000000E1
8.402951602E0,2.575000000E1
8.405575602E0,2.575000000E1
8.408200602E0,2.575000000E1
8.410824602E0,2.575000000E1
8.413449602E0,2.575000000E1
8.416073602E0,1.937500000E1
8.418698602E0,1.937500000E1
8.421322602E0,1.937500000E1
8.423947602E0,1.937500000E1
8.426571602E0,1.937500000E1
8.429196602E0,1.937500000E1
8.431821602E0,1.937500000E1
8.434445602E0,1.937500000E1
8.437070602E0,1.937500000E1
8.439694602E0,1.937500000E1
8.444943602E0,2.575000000E1
8.447568602E0,2.575000000E1
8.450192602E0,2.575000000E1
8.452817602E0,2.575000000E1
8.455441602E0,2.575000000E1
8.458066602E0,2.575000000E1
8.460690602E0,2.575000000E1
8.463315602E0,2.575000000E1
8.465939602E0,2.575000000E1
8.468564602E0,1.937500000E1
8.471188602E0,1.937500000E1
8.473813602E0,1.937500000E1
8.476437602E0,1.937500000E1
8.479062602E0,1.937500000E1
8.481686602E0,1.937500000E1
8.484311602E0,1.937500000E1
8.486935602E0,1.937500000E1
8.489560602E0,1.937500000E1
8.492184602E0,1.937500000E1
8.497433602E0,2.575000000E1
8.500058602E0,2.575000000E1
8.502682602E0,2.575000000E1
8.505307602E0,2.575000000E1
8.507931602E0,2.575000000E1
8.510556602E0,2.575000000E1
8.513180602E0,2.575000000E1
8.515805602E0,2.575000000E1
8.518429602E0,2.575000000E1
8.521054602E0,1.937500000E1
8.523678602E0,1.937500000E1
8.526303602E0,1.937500000E1
8.528927602E0,1.937500000E1
8.531552602E0,1.937500000E1
8.534176602E0,1.937500000E1
8.536801602E0,1.937500000E1
8.539425602E0,1.937500000E1
8.542050602E0,1.937500000E1
8.547299602E0,2.575000000E1
8.549924602E0,2.575000000E1
8.552548602E0,2.575000000E1
8.555173602E0,2.575000000E1
8.557797602E0,2.575000000E1
8.560422602E0,2.575000000E1
8.563046602E0,2.575000000E1
8.565671602E0,2.575000000E1
8.568295602E0,2.575000000E1
8.570920602E0,1.937500000E1
8.573544602E0,1.937500000E1
8.576169602E0,1.937500000E1
8.578793602E0,1.937500000E1
8.581418602E0,1.937500000E1
8.584042602E0,1.937500000E1
8.586667602E0,1.937500000E1
8.589291602E0,1.937500000E1
8.591916602E0,1.937500000E1
8.597165602E0,2.575000000E1
8.599789602E0,2.575000000E1
8.602414602E0,2.575000000E1
8.605038602E0,2.575000000E1
8.607663602E0,2.575000000E1
8.610287602E0,2.575000000E1
8.612912602E0,2.575000000E1
8.615536602E0,2.575000000E1
8.618161602E0,2.575000000E1
8.620785602E0,1.937500000E1
8.623410602E0,1.937500000E1
8.626034602E0,1.937500000E1
8.628659602E0,1.937500000E1
8.631283602E0,1.937500000E1
8.633908602E0,1.937500000E1
8.636532602E0,1.937500000E1
8.639157602E0,1.937500000E1
8.641781602E0,1.937500000E1
8.644406602E0,1.937500000E1
8.649655602E0,2.575000000E1
8.652279602E0,2.575000000E1
8.654904602E0,2.575000000E1
8.657529602E0,2.575000000E1
8.660153602E0,2.575000000E1
8.662778602E0,2.575000000E1
8.665402602E0,2.575000000E1
8.668027602E0,2.575000000E1
8.670651602E0,2.575000000E1
8.673276602E0,2.575000000E1
8.675900602E0,2.575000000E1
8.678525602E0,2.575000000E1
8.681149602E0,2.575000000E1
8.683774602E0,2.575000000E1
8.686398602E0,2.575000000E1
8.689023602E0,2.575000000E1
8.691647602E0,2.575000000E1
8.694272602E0,2.575000000E1
8.696896602E0,2.575000000E1
8.699521602E0,2.575000000E1
8.702145602E0,2.575000000E1
8.704770602E0,2.575000000E1
8.707394602E0,2.575000000E1
8.710019602E0,2.575000000E1
8.712643602E0,2.575000000E1
8.715268602E0,2.575000000E1
8.717892602E0,2.575000000E1
8.720517602E0,2.575000000E1
8.723141602E0,2.575000000E1
8.725766602E0,2.575000000E1
8.728390602E0,2.575000000E1
8.731015602E0,2.575000000E1
8.733639602E0,2.575000000E1
8.736264602E0,2.575000000E1
8.738888602E0,2.575000000E1
8.741513602E0,2.575000000E1
8.744137602E0,2.575000000E1
8.746762602E0,2.575000000E1
8.749386602E0,1.937500000E1
8.752011602E0,1.937500000E1
8.754635602E0,1.937500000E1
8.757260602E0,1.937500000E1
8.759884602E0,1.937500000E1
8.762509602E0,1.937500000E1
8.765133602E0,1.937500000E1
8.767758602E0,1.937500000E1
8.770383602E0,1.937500000E1
8.773007602E0,1.937500000E1
8.775632602E0,1.937500000E1
8.778256602E0,1.937500000E1
8.780881602E0,1.937500000E1
8.783505602E0,1.937500000E1
8.786130602E0,1.937500000E1
8.788754602E0,1.937500000E1
8.791379602E0,1.937500000E1
8.794003602E0,1.937500000E1
8.796628602E0,1.937500000E1
8.799252602E0,1.937500000E1
8.801877602E0,1.937500000E1
8.804501602E0,1.937500000E1
8.807126602E0,1.937500000E1
8.809750602E0,1.937500000E1
8.812375602E0,1.937500000E1
8.814999602E0,1.937500000E1
8.817624602E0,1.937500000E1
8.820248602E0,1.937500000E1
8.822873602E0,1.937500000E1
8.828122602E0,2.575000000E1
8.830746602E0,2.575000000E1
8.833371602E0,2.575000000E1
8.835995602E0,2.575000000E1
8.838620602E0,2.575000000E1
8.841244602E0,2.575000000E1
8.843869602E0,2.575000000E1
8.846493602E0,2.575000000E1
8.849118602E0,2.575000000E1
8.851742602E0,2.575000000E1
8.854367602E0,2.575000000E1
8.856991602E0,2.575000000E1
8.859616602E0,2.575000000E1
8.862240602E0,2.575000000E1
8.864865602E0,2.575000000E1
8.867489602E0,2.575000000E1
8.870114602E0,2.575000000E1
8.872738602E0,2.575000000E1
8.875363602E0,2.575000000E1
8.877987602E0,2.575000000E1
8.880612602E0,2.575000000E1
8.883237602E0,2.575000000E1
8.885861602E0,2.575000000E1
8.888486602E0,2.575000000E1
8.891110602E0,2.575000000E1
8.893735602E0,2.575000000E1
8.896359602E0,2.575000000E1
8.898984602E0,2.575000000E1
8.901608602E0,2.575000000E1
8.904233602E0,2.575000000E1
8.906857602E0,2.575000000E1
8.909482602E0,2.575000000E1
8.912106602E0,2.575000000E1
8.914731602E0,2.575000000E1
8.917355602E0,2.575000000E1
8.919980602E0,2.575000000E1
8.922604602E0,2.575000000E1
8.925229602E0,2.575000000E1
8.927853602E0,1.937500000E1
8.930478602E0,1.937500000E1
8.933102602E0,1.937500000E1
8.935727602E0,1.937500000E1
8.938351602E0,1.937500000E1
8.940976602E0,1.937500000E1
8.943600602E0,1.937500000E1
8.946225602E0,1.937500000E1
8.948849602E0,1.937500000E1
8.954098602E0,2.575000000E1
8.956723602E0,2.575000000E1
8.959347602E0,2.575000000E1
8.961972602E0,2.575000000E1
8.964596602E0,2.575000000E1
8.967221602E0,2.575000000E1
8.969845602E0,2.575000000E1
8.972470602E0,2.575000000E1
8.975094602E0,2.575000000E1
8.977719602E0,1.937500000E1
8.980343602E0,1.937500000E1
8.982968602E0,1.937500000E1
8.985592602E0,1.937500000E1
8.988217602E0,1.937500000E1
8.990842602E0,1.937500000E1
8.993466602E0,1.937500000E1
8.996091602E0,1.937500000E1
8.998715602E0,1.937500000E1
9.001340602E0,1.937500000E1
9.003964602E0,1.937500000E1
9.006589602E0,1.937500000E1
9.009213602E0,1.937500000E1
9.011838602E0,1.937500000E1
9.014462602E0,1.937500000E1
9.017087602E0,1.937500000E1
9.019711602E0,1.937500000E1
9.022336602E0,1.937500000E1
9.024960602E0,1.937500000E1
9.030209602E0,2.575000000E1
9.032834602E0,2.575000000E1
9.035458602E0,2.575000000E1
9.038083602E0,2.575000000E1
9.040707602E0,2.575000000E1
9.043332602E0,2.575000000E1
9.045956602E0,2.575000000E1
9.048581602E0,2.575000000E1
9.051205602E0,2.575000000E1
9.053830602E0,2.575000000E1
9.056454602E0,2.575000000E1
9.059079602E0,2.575000000E1
9.061703602E0,2.575000000E1
9.064328602E0,2.575000000E1
9.066952602E0,2.575000000E1
9.069577602E0,2.575000000E1
9.072201602E0,2.575000000E1
9.074826602E0,2.575000000E1
9.077450602E0,2.575000000E1
9.080075602E0,1.937500000E1
9.082699602E0,1.937500000E1
9.085324602E0,1.937500000E1
9.087948602E0,1.937500000E1
9.090573602E0,1.937500000E1
9.093197602E0,1.937500000E1
9.095822602E0,1.937500000E1
9.098446602E0,1.937500000E1
9.101071602E0,1.937500000E1
9.103696602E0,1.937500000E1
9.106320602E0,1.937500000E1
9.108945602E0,1.937500000E1
9.111569602E0,1.937500000E1
9.114194602E0,1.937500000E1
9.116818602E0,1.937500000E1
9.119443602E0,1.937500000E1
9.122067602E0,1.937500000E1
9.124692602E0,1.937500000E1
9.127316602E0,1.937500000E1
9.132565602E0,2.575000000E1
9.135190602E0,2.575000000E1
9.137814602E0,2.575000000E1
9.140439602E0,2.575000000E1
9.143063602E0,2.575000000E1
9.145688602E0,2.575000000E1
9.148312602E0,2.575000000E1
9.150937602E0,2.575000000E1
9.153561602E0,2.575000000E1
9.156186602E0,2.575000000E1
9.158810602E0,2.575000000E1
9.161435602E0,2.575000000E1
9.164059602E0,2.575000000E1
9.166684602E0,2.575000000E1
9.169308602E0,2.575000000E1
9.171933602E0,2.575000000E1
9.174557602E0,2.575000000E1
9.177182602E0,2.575000000E1
9.179806602E0,2.575000000E1
9.182431602E0,2.575000000E1
9.185055602E0,2.575000000E1
9.187680602E0,2.575000000E1
9.190304602E0,2.575000000E1
9.192929602E0,2.575000000E1
9.195553602E0,2.575000000E1
9.198178602E0,2.575000000E1
9.200802602E0,2.575000000E1
9.203427602E0,2.575000000E1
9.206051602E0,2.575000000E1
9.208676602E0,2.575000000E1
9.211300602E0,2.575000000E1
9.213925602E0,2.575000000E1
9.216550602E0,2.575000000E1
9.219174602E0,2.575000000E1
9.221799602E0,2.575000000E1
9.224423602E0,2.575000000E1
9.227048602E0,2.575000000E1
9.229672602E0,2.575000000E1
9.232297602E0,1.937500000E1
9.234921602E0,1.937500000E1
9.237546602E0,1.937500000E1
9.240170602E0,1.937500000E1
9.242795602E0,1.937500000E1
9.245419602E0,1.937500000E1
9.248044602E0,1.937500000E1
9.250668602E0,1.937500000E1
9.253293602E0,1.937500000E1
9.258542602E0,2.575000000E1
9.261166602E0,2.575000000E1
9.263791602E0,2.575000000E1
9.266415602E0,2.575000000E1
9.269040602E0,2.575000000E1
9.271664602E0,2.575000000E1
9.274289602E0,2.575000000E1
9.276913602E0,2.575000000E1
9.279538602E0,2.575000000E1
9.282162602E0,1.937500000E1
9.284787602E0,1.937500000E1
9.287411602E0,1.937500000E1
9.290036602E0,1.937500000E1
9.292660602E0,1.937500000E1
9.295285602E0,1.937500000E1
9.297909602E0,1.937500000E1
9.300534602E0,1.937500000E1
9.303158602E0,1.937500000E1
9.305783602E0,1.937500000E1
9.311032602E0,2.575000000E1
9.313656602E0,2.575000000E1
9.316281602E0,2.575000000E1
9.318905602E0,2.575000000E1
9.321530602E0,2.575000000E1
9.324154602E0,2.575000000E1
9.326779602E0,2.575000000E1
9.329404602E0,2.575000000E1
9.332028602E0,2.575000000E1
9.334653602E0,2.575000000E1
9.337277602E0,2.575000000E1
9.339902602E0,2.575000000E1
9.342526602E0,2.575000000E1
9.345151602E0,2.575000000E1
9.347775602E0,2.575000000E1
9.350400602E0,2.575000000E1
9.353024602E0,2.575000000E1
9.355649602E0,2.575000000E1
9.358273602E0,2.575000000E1
9.360898602E0,2.575000000E1
9.363522602E0,2.575000000E1
9.366147602E0,2.575000000E1
9.368771602E0,2.575000000E1
9.371396602E0,2.575000000E1
9.374020602E0,2.575000000E1
9.376645602E0,2.575000000E1
9.379269602E0,2.575000000E1
9.381894602E0,2.575000000E1
9.384518602E0,1.937500000E1
9.387143602E0,1.937500000E1
9.389767602E0,1.937500000E1
9.392392602E0,1.937500000E1
9.395016602E0,1.937500000E1
9.397641602E0,1.937500000E1
9.400265602E0,1.937500000E1
9.402890602E0,1.937500000E1
9.405514602E0,1.937500000E1
9.408139602E0,1.937500000E1
9.410763602E0,1.937500000E1
9.413388602E0,1.937500000E1
9.416012602E0,1.937500000E1
9.418637602E0,1.937500000E1
9.421261602E0,1.937500000E1
9.423886602E0,1.937500000E1
9.426510602E0,1.937500000E1
9.429135602E0,1.937500000E1
9.431759602E0,1.937500000E1
9.434384602E0,1.937500000E1
9.437008602E0,1.937500000E1
9.439633602E0,1.937500000E1
9.442258602E0,1.937500000E1
9.444882602E0,1.937500000E1
9.447507602E0,1.937500000E1
9.450131602E0,1.937500000E1
9.452756602E0,1.937500000E1
9.455380602E0,1.937500000E1
9.458005602E0,1.937500000E1
9.460629602E0,1.937500000E1
9.463254602E0,1.937500000E1
9.465878602E0,1.937500000E1
9.468503602E0,1.937500000E1
9.471127602E0,1.937500000E1
9.473752602E0,1.937500000E1
9.476376602E0,1.937500000E1
9.479001602E0,1.937500000E1
9.481625602E0,1.937500000E1
9.484250602E0,1.937500000E1
9.486874602E0,1.937500000E1
9.489499602E0,1.937500000E1
9.492123602E0,1.937500000E1
9.494748602E0,1.937500000E1
9.497372602E0,1.937500000E1
9.499997602E0,1.937500000E1
9.502621602E0,1.937500000E1
9.505246602E0,1.937500000E1
9.507870602E0,1.937500000E1
9.510495602E0,1.937500000E1
9.513119602E0,1.937500000E1
9.515744602E0,1.937500000E1
9.518368602E0,1.937500000E1
9.520993602E0,1.937500000E1
9.523617602E0,1.937500000E1
9.526242602E0,1.937500000E1
9.528866602E0,1.937500000E1
9.531491602E0,1.937500000E1
9.534115602E0,1.937500000E1
9.536740602E0,1.937500000E1
9.539364602E0,1.937500000E1
9.541989602E0,1.937500000E1
9.544613602E0,1.937500000E1
9.547238602E0,1.937500000E1
9.549862602E0,1.937500000E1
9.552487602E0,1.937500000E1
9.555112602E0,1.937500000E1
9.557736602E0,1.937500000E1
9.560361602E0,1.937500000E1
9.565610602E0,2.575000000E1
9.568234602E0,2.575000000E1
9.570859602E0,2.575000000E1
9.573483602E0,2.575000000E1
9.576108602E0,2.575000000E1
9.578732602E0,2.575000000E1
9.581357602E0,2.575000000E1
9.583981602E0,2.575000000E1
9.586606602E0,2.575000000E1
9.589230602E0,1.937500000E1
9.591855602E0,1.937500000E1
9.594479602E0,1.937500000E1
9.597104602E0,1.937500000E1
9.599728602E0,1.937500000E1
9.602353602E0,1.937500000E1
9.604977602E0,1.937500000E1
9.607602602E0,1.937500000E1
9.610226602E0,1.937500000E1
9.612851602E0,1.937500000E1
9.615475602E0,1.937500000E1
9.618100602E0,1.937500000E1
9.620724602E0,1.937500000E1
9.623349602E0,1.937500000E1
9.625973602E0,1.937500000E1
9.628598602E0,1.937500000E1
9.631222602E0,1.937500000E1
9.633847602E0,1.937500000E1
9.636471602E0,1.937500000E1
9.639096602E0,1.937500000E1
9.641720602E0,1.937500000E1
9.644345602E0,1.937500000E1
9.646969602E0,1.937500000E1
9.649594602E0,1.937500000E1
9.652218602E0,1.937500000E1
9.654843602E0,1.937500000E1
9.657467602E0,1.937500000E1
9.660092602E0,1.937500000E1
9.662717602E0,1.937500000E1
9.665341602E0,1.937500000E1
9.667966602E0,1.937500000E1
9.670590602E0,1.937500000E1
9.673215602E0,1.937500000E1
9.675839602E0,1.937500000E1
9.678464602E0,1.937500000E1
9.681088602E0,1.937500000E1
9.683713602E0,1.937500000E1
9.686337602E0,1.937500000E1
9.688962602E0,1.937500000E1
9.691586602E0,1.937500000E1
9.694211602E0,1.937500000E1
9.696835602E0,1.937500000E1
9.699460602E0,1.937500000E1
9.702084602E0,1.937500000E1
9.704709602E0,1.937500000E1
9.707333602E0,1.937500000E1
9.709958602E0,1.937500000E1
9.712582602E0,1.937500000E1
9.717831602E0,2.575000000E1
9.720456602E0,2.575000000E1
9.723080602E0,2.575000000E1
9.725705602E0,2.575000000E1
9.728329602E0,2.575000000E1
9.730954602E0,2.575000000E1
9.733578602E0,2.575000000E1
9.736203602E0,2.575000000E1
9.738827602E0,2.575000000E1
9.741452602E0,1.937500000E1
9.744076602E0,1.937500000E1
9.746701602E0,1.937500000E1
9.749325602E0,1.937500000E1
9.751950602E0,1.937500000E1
9.754574602E0,1.937500000E1
9.757199602E0,1.937500000E1
9.759823602E0,1.937500000E1
9.762448602E0,1.937500000E1
9.765072602E0,1.937500000E1
9.770321602E0,2.575000000E1
9.772946602E0,2.575000000E1
9.775571602E0,2.575000000E1
9.778195602E0,2.575000000E1
9.780820602E0,2.575000000E1
9.783444602E0,2.575000000E1
9.786069602E0,2.575000000E1
9.788693602E0,2.575000000E1
9.791318602E0,2.575000000E1
9.793942602E0,2.575000000E1
9.796567602E0,2.575000000E1
9.799191602E0,2.575000000E1
9.801816602E0,2.575000000E1
9.804440602E0,2.575000000E1
9.807065602E0,2.575000000E1
9.809689602E0,2.575000000E1
9.812314602E0,2.575000000E1
9.814938602E0,2.575000000E1
9.817563602E0,1.937500000E1
9.820187602E0,1.937500000E1
9.822812602E0,1.937500000E1
9.825436602E0,1.937500000E1
9.828061602E0,1.937500000E1
9.830685602E0,1.937500000E1
9.833310602E0,1.937500000E1
9.835934602E0,1.937500000E1
9.838559602E0,1.937500000E1
9.841183602E0,1.937500000E1
9.846432602E0,2.575000000E1
9.849057602E0,2.575000000E1
9.851681602E0,2.575000000E1
9.854306602E0,2.575000000E1
9.856930602E0,2.575000000E1
9.859555602E0,2.575000000E1
9.862179602E0,2.575000000E1
9.864804602E0,2.575000000E1
9.867428602E0,2.575000000E1
9.870053602E0,1.937500000E1
9.872677602E0,1.937500000E1
9.875302602E0,1.937500000E1
9.877926602E0,1.937500000E1
9.880551602E0,1.937500000E1
9.883175602E0,1.937500000E1
9.885800602E0,1.937500000E1
9.888425602E0,1.937500000E1
9.891049602E0,1.937500000E1
9.896298602E0,2.575000000E1
9.898923602E0,2.575000000E1
9.901547602E0,2.575000000E1
9.904172602E0,2.575000000E1
9.906796602E0,2.575000000E1
9.909421602E0,2.575000000E1
9.912045602E0,2.575000000E1
9.914670602E0,2.575000000E1
9.917294602E0,2.575000000E1
9.919919602E0,1.937500000E1
9.922543602E0,1.937500000E1
9.925168602E0,1.937500000E1
9.927792602E0,1.937500000E1
9.930417602E0,1.937500000E1
9.933041602E0,1.937500000E1
9.935666602E0,1.937500000E1
9.938290602E0,1.937500000E1
9.940915602E0,1.937500000E1
9.943539602E0,1.937500000E1
9.948788602E0,2.575000000E1
9.951413602E0,2.575000000E1
9.954037602E0,2.575000000E1
9.956662602E0,2.575000000E1
9.959286602E0,2.575000000E1
9.961911602E0,2.575000000E1
9.964535602E0,2.575000000E1
9.967160602E0,2.575000000E1
9.969784602E0,2.575000000E1
9.972409602E0,2.575000000E1
9.975033602E0,2.575000000E1
9.977658602E0,2.575000000E1
9.980282602E0,2.575000000E1
9.982907602E0,2.575000000E1
9.985531602E0,2.575000000E1
9.988156602E0,2.575000000E1
9.990780602E0,2.575000000E1
9.993405602E0,2.575000000E1
9.996029602E0,1.937500000E1
9.998654602E0,1.937500000E1
1.000127960E1,1.937500000E1
1.000390360E1,1.937500000E1
1.000652860E1,1.937500000E1
1.000915260E1,1.937500000E1
1.001177760E1,1.937500000E1
1.001440160E1,1.937500000E1
1.001702660E1,1.937500000E1
1.001965060E1,1.937500000E1
1.002227560E1,1.937500000E1
1.002489960E1,1.937500000E1
1.002752460E1,1.937500000E1
1.003014860E1,1.937500000E1
1.003277360E1,1.937500000E1
1.003539760E1,1.937500000E1
1.003802260E1,1.937500000E1
1.004064660E1,1.937500000E1
1.004327160E1,1.937500000E1
1.004589560E1,1.937500000E1
1.004852060E1,1.937500000E1
1.005114460E1,1.937500000E1
1.005376960E1,1.937500000E1
1.005639360E1,1.937500000E1
1.005901860E1,1.937500000E1
1.006164260E1,1.937500000E1
1.006426760E1,1.937500000E1
1.006689160E1,1.937500000E1
1.006951660E1,1.937500000E1
1.007214060E1,1.937500000E1
1.007476560E1,1.937500000E1
1.007738960E1,1.937500000E1
1.008001460E1,1.937500000E1
1.008263860E1,1.937500000E1
1.008526360E1,1.937500000E1
1.008788760E1,1.937500000E1
1.009051260E1,1.937500000E1
1.009313660E1,1.937500000E1
1.009576160E1,1.937500000E1
1.009838560E1,1.937500000E1
1.010101060E1,1.937500000E1
1.010363460E1,1.937500000E1
1.010625960E1,1.937500000E1
1.010888360E1,1.937500000E1
1.011150860E1,1.937500000E1
1.011413360E1,1.937500000E1
1.011675760E1,1.937500000E1
1.011938260E1,1.937500000E1
1.012200660E1,1.937500000E1
1.012463160E1,1.937500000E1
1.012725560E1,1.937500000E1
1.012988060E1,1.937500000E1
1.013250460E1,1.937500000E1
1.013512960E1,1.937500000E1
1.013775360E1,1.937500000E1
1.014037860E1,1.937500000E1
1.014300260E1,1.937500000E1
1.014562760E1,1.937500000E1
1.014825160E1,1.937500000E1
1.015087660E1,1.937500000E1
1.015350060E1,1.937500000E1
1.015612560E1,1.937500000E1
1.015874960E1,1.937500000E1
1.016137460E1,1.937500000E1
1.016399860E1,1.937500000E1
1.016662360E1,1.937500000E1
1.016924760E1,1.937500000E1
1.017187260E1,1.937500000E1
1.017449660E1,1.937500000E1
1.017712160E1,1.937500000E1
1.017974560E1,1.937500000E1
1.018237060E1,1.937500000E1
1.018499460E1,1.937500000E1
1.018761960E1,1.937500000E1
1.019024360E1,1.937500000E1
1.019286860E1,1.937500000E1
1.019549260E1,1.937500000E1
1.019811760E1,1.937500000E1
1.020336660E1,2.575000000E1
1.020599060E1,2.575000000E1
1.020861560E1,2.575000000E1
1.021123960E1,2.575000000E1
1.021386460E1,2.575000000E1
1.021648860E1,2.575000000E1
1.021911360E1,2.575000000E1
1.022173760E1,2.575000000E1
1.022436260E1,2.575000000E1
1.022698760E1,2.575000000E1
1.022961160E1,2.575000000E1
1.023223660E1,2.575000000E1
1.023486060E1,2.575000000E1
1.023748560E1,2.575000000E1
1.024010960E1,2.575000000E1
1.024273460E1,2.575000000E1
1.024535860E1,2.575000000E1
1.024798360E1,2.575000000E1
1.025060760E1,2.575000000E1
1.025323260E1,2.575000000E1
1.025585660E1,2.575000000E1
1.025848160E1,2.575000000E1
1.026110560E1,2.575000000E1
1.026373060E1,2.575000000E1
1.026635460E1,2.575000000E1
1.026897960E1,2.575000000E1
1.027160360E1,2.575000000E1
1.027422860E1,2.575000000E1
1.027685260E1,2.575000000E1
1.027947760E1,2.575000000E1
1.028210160E1,2.575000000E1
1.028472660E1,2.575000000E1
1.028735060E1,2.575000000E1
1.028997560E1,2.575000000E1
1.029259960E1,2.575000000E1
1.029522460E1,2.575000000E1
1.029784860E1,2.575000000E1
1.030047360E1,2.575000000E1
1.030309760E1,2.575000000E1
1.030572260E1,2.575000000E1
1.030834660E1,2.575000000E1
1.031097160E1,2.575000000E1
1.031359560E1,2.575000000E1
1.031622060E1,2.575000000E1
1.031884460E1,2.575000000E1
1.032146960E1,2.575000000E1
1.032409360E1,2.575000000E1
1.032671860E1,2.575000000E1
1.032934260E1,2.575000000E1
1.033196760E1,2.575000000E1
1.033459260E1,2.575000000E1
1.033721660E1,2.575000000E1
1.033984160E1,2.575000000E1
1.034246560E1,2.575000000E1
1.034509060E1,2.575000000E1
1.034771460E1,2.575000000E1
1.035033960E1,2.575000000E1
1.035296360E1,2.575000000E1
1.035558860E1,2.575000000E1
1.035821260E1,2.575000000E1
1.036083760E1,2.575000000E1
1.036346160E1,2.575000000E1
1.036608660E1,2.575000000E1
1.036871060E1,2.575000000E1
1.037133560E1,2.575000000E1
1.037395960E1,2.575000000E1
1.037658460E1,2.575000000E1
1.037920860E1,2.575000000E1
1.038183360E1,2.575000000E1
1.038445760E1,2.575000000E1
1.038708260E1,2.575000000E1
1.038970660E1,2.575000000E1
1.039233160E1,2.575000000E1
1.039495560E1,2.575000000E1
1.039758060E1,2.575000000E1
1.040020460E1,2.575000000E1
1.040282960E1,1.937500000E1
1.040545360E1,1.937500000E1
1.040807860E1,1.937500000E1
1.041070260E1,1.937500000E1
1.041332760E1,1.937500000E1
1.041595160E1,1.937500000E1
1.041857660E1,1.937500000E1
1.042120060E1,1.937500000E1
1.042382560E1,1.937500000E1
1.042644960E1,1.937500000E1
1.042907460E1,1.937500000E1
1.043169860E1,1.937500000E1
1.043432360E1,1.937500000E1
1.043694760E1,1.937500000E1
1.043957260E1,1.937500000E1
1.044219660E1,1.937500000E1
1.044482160E1,1.937500000E1
1.044744660E1,1.937500000E1
1.045007060E1,1.937500000E1
1.045269560E1,1.937500000E1
1.045531960E1,1.937500000E1
1.045794460E1,1.937500000E1
1.046056860E1,1.937500000E1
1.046319360E1,1.937500000E1
1.046581760E1,1.937500000E1
1.046844260E1,1.937500000E1
1.047106660E1,1.937500000E1
1.047369160E1,1.937500000E1
1.047631560E1,1.937500000E1
1.047894060E1,1.937500000E1
1.048156460E1,1.937500000E1
1.048418960E1,1.937500000E1
1.048681360E1,1.937500000E1
1.048943860E1,1.937500000E1
1.049206260E1,1.937500000E1
1.049468760E1,1.937500000E1
1.049731160E1,1.937500000E1
1.049993660E1,1.937500000E1
1.050256060E1,1.937500000E1
1.050518560E1,1.937500000E1
1.050780960E1,1.937500000E1
1.051043460E1,1.937500000E1
1.051305860E1,1.937500000E1
1.051568360E1,1.937500000E1
1.051830760E1,1.937500000E1
1.052093260E1,1.937500000E1
1.052355660E1,1.937500000E1
1.052618160E1,1.937500000E1
1.052880560E1,1.937500000E1
1.053405460E1,2.575000000E1
1.053667960E1,2.575000000E1
1.053930360E1,2.575000000E1
1.054192860E1,2.575000000E1
1.054455260E1,2.575000000E1
1.054717760E1,2.575000000E1
1.054980160E1,2.575000000E1
1.055242660E1,2.575000000E1
1.055505060E1,2.575000000E1
1.055767560E1,2.575000000E1
1.056030060E1,2.575000000E1
1.056292460E1,2.575000000E1
1.056554960E1,2.575000000E1
1.056817360E1,2.575000000E1
1.057079860E1,2.575000000E1
1.057342260E1,2.575000000E1
1.057604760E1,2.575000000E1
1.057867160E1,2.575000000E1
1.058129660E1,1.937500000E1
1.058392060E1,1.937500000E1
1.058654560E1,1.937500000E1
1.058916960E1,1.937500000E1
1.059179460E1,1.937500000E1
1.059441860E1,1.937500000E1
1.059704360E1,1.937500000E1
1.059966760E1,1.937500000E1
1.060229260E1,1.937500000E1
1.060491660E1,1.937500000E1
1.061016560E1,2.575000000E1
1.061279060E1,2.575000000E1
1.061541460E1,2.575000000E1
1.061803960E1,2.575000000E1
1.062066360E1,2.575000000E1
1.062328860E1,2.575000000E1
1.062591260E1,2.575000000E1
1.062853760E1,2.575000000E1
1.063116160E1,1.937500000E1
1.063378660E1,1.937500000E1
1.063641060E1,1.937500000E1
1.063903560E1,1.937500000E1
1.064165960E1,1.937500000E1
1.064428460E1,1.937500000E1
1.064690860E1,1.937500000E1
1.064953360E1,1.937500000E1
1.065215760E1,1.937500000E1
1.065478260E1,1.937500000E1
1.065740660E1,1.937500000E1
1.066003160E1,1.937500000E1
1.066265560E1,1.937500000E1
1.066528060E1,1.937500000E1
1.066790460E1,1.937500000E1
1.067052960E1,1.937500000E1
1.067315460E1,1.937500000E1
1.067577860E1,1.937500000E1
1.067840360E1,1.937500000E1
1.068102760E1,1.937500000E1
1.068365260E1,1.937500000E1
1.068627660E1,1.937500000E1
1.068890160E1,1.937500000E1
1.069152560E1,1.937500000E1
1.069415060E1,1.937500000E1
1.069677460E1,1.937500000E1
1.069939960E1,1.937500000E1
1.070202360E1,1.937500000E1
1.070464860E1,1.937500000E1
1.070727260E1,1.937500000E1
1.070989760E1,1.937500000E1
1.071252160E1,1.937500000E1
1.071514660E1,1.937500000E1
1.071777060E1,1.937500000E1
1.072039560E1,1.937500000E1
1.072301960E1,1.937500000E1
1.072564460E1,1.937500000E1
1.072826860E1,1.937500000E1
1.073089360E1,1.937500000E1
1.073614260E1,2.575000000E1
1.073876660E1,2.575000000E1
1.074139160E1,2.575000000E1
1.074401560E1,2.575000000E1
1.074664060E1,2.575000000E1
1.074926460E1,2.575000000E1
1.075188960E1,2.575000000E1
1.075451360E1,2.575000000E1
1.075713860E1,2.575000000E1
1.075976260E1,1.937500000E1
1.076238760E1,1.937500000E1
1.076501160E1,1.937500000E1
1.076763660E1,1.937500000E1
1.077026060E1,1.937500000E1
1.077288560E1,1.937500000E1
1.077550960E1,1.937500000E1
1.077813460E1,1.937500000E1
1.078075860E1,1.937500000E1
1.078338360E1,1.937500000E1
1.078600860E1,1.937500000E1
1.078863260E1,1.937500000E1
1.079125760E1,1.937500000E1
1.079388160E1,1.937500000E1
1.079650660E1,1.937500000E1
1.079913060E1,1.937500000E1
1.080175560E1,1.937500000E1
1.080437960E1,1.937500000E1
1.080700460E1,1.937500000E1
1.081225360E1,2.575000000E1
1.081487760E1,2.575000000E1
1.081750260E1,2.575000000E1
1.082012660E1,2.575000000E1
1.082275160E1,2.575000000E1
1.082537560E1,2.575000000E1
1.082800060E1,2.575000000E1
1.083062460E1,2.575000000E1
1.083324960E1,2.575000000E1
1.083587360E1,1.937500000E1
1.083849860E1,1.937500000E1
1.084112260E1,1.937500000E1
1.084374760E1,1.937500000E1
1.084637160E1,1.937500000E1
1.084899660E1,1.937500000E1
1.085162060E1,1.937500000E1
1.085424560E1,1.937500000E1
1.085686960E1,1.937500000E1
1.085949460E1,1.937500000E1
1.086474360E1,2.575000000E1
1.086736760E1,2.575000000E1
1.086999260E1,2.575000000E1
1.087261660E1,2.575000000E1
1.087524160E1,2.575000000E1
1.087786560E1,2.575000000E1
1.088049060E1,2.575000000E1
1.088311460E1,2.575000000E1
1.088573960E1,2.575000000E1
1.088836360E1,2.575000000E1
1.089098860E1,2.575000000E1
1.089361260E1,2.575000000E1
1.089623760E1,2.575000000E1
1.089886260E1,2.575000000E1
1.090148660E1,2.575000000E1
1.090411160E1,2.575000000E1
1.090673560E1,2.575000000E1
1.090936060E1,2.575000000E1
1.091198460E1,2.575000000E1
1.091460960E1,2.575000000E1
1.091723360E1,2.575000000E1
1.091985860E1,2.575000000E1
1.092248260E1,2.575000000E1
1.092510760E1,2.575000000E1
1.092773160E1,2.575000000E1
1.093035660E1,2.575000000E1
1.093298060E1,2.575000000E1
1.093560560E1,2.575000000E1
1.093822960E1,2.575000000E1
1.094085460E1,2.575000000E1
1.094347860E1,2.575000000E1
1.094610360E1,2.575000000E1
1.094872760E1,2.575000000E1
1.095135260E1,2.575000000E1
1.095397660E1,2.575000000E1
1.095660160E1,2.575000000E1
1.095922560E1,2.575000000E1
1.096185060E1,2.575000000E1
1.096447460E1,2.575000000E1
1.096709960E1,2.575000000E1
1.096972360E1,2.575000000E1
1.097234860E1,2.575000000E1
1.097497260E1,2.575000000E1
1.097759760E1,2.575000000E1
1.098022160E1,2.575000000E1
1.098284660E1,2.575000000E1
1.098547060E1,2.575000000E1
1.098809560E1,2.575000000E1
1.099071960E1,2.575000000E1
1.099334460E1,2.575000000E1
1.099596860E1,2.575000000E1
1.099859360E1,2.575000000E1
1.100121760E1,2.575000000E1
1.100384260E1,2.575000000E1
1.100646760E1,2.575000000E1
1.100909160E1,2.575000000E1
1.101171660E1,2.575000000E1
1.101434060E1,1.937500000E1
1.101696560E1,1.937500000E1
1.101958960E1,1.937500000E1
1.102221460E1,1.937500000E1
1.102483860E1,1.937500000E1
1.102746360E1,1.937500000E1
1.103008760E1,1.937500000E1
1.103271260E1,1.937500000E1
1.103533660E1,1.937500000E1
1.103796160E1,1.937500000E1
1.104321060E1,2.575000000E1
1.104583460E1,2.575000000E1
1.104845960E1,2.575000000E1
1.105108360E1,2.575000000E1
1.105370860E1,2.575000000E1
1.105633260E1,2.575000000E1
1.105895760E1,2.575000000E1
1.106158160E1,2.575000000E1
1.106420660E1,1.937500000E1
1.106683060E1,1.937500000E1
1.106945560E1,1.937500000E1
1.107207960E1,1.937500000E1
1.107470460E1,1.937500000E1
1.107732860E1,1.937500000E1
1.107995360E1,1.937500000E1
1.108257760E1,1.937500000E1
1.108520260E1,1.937500000E1
1.108782660E1,1.937500000E1
1.109045160E1,1.937500000E1
1.109307560E1,1.937500000E1
1.109570060E1,1.937500000E1
1.109832460E1,1.937500000E1
1.110094960E1,1.937500000E1
1.110357360E1,1.937500000E1
1.110619860E1,1.937500000E1
1.110882260E1,1.937500000E1
1.111144760E1,1.937500000E1
1.111407160E1,1.937500000E1
1.111669660E1,1.937500000E1
1.111932160E1,1.937500000E1
1.112194560E1,1.937500000E1
1.112457060E1,1.937500000E1
1.112719460E1,1.937500000E1
1.112981960E1,1.937500000E1
1.113244360E1,1.937500000E1
1.113506860E1,1.937500000E1
1.113769260E1,1.937500000E1
1.114294160E1,2.575000000E1
1.114556660E1,2.575000000E1
1.114819060E1,2.575000000E1
1.115081560E1,2.575000000E1
1.115343960E1,2.575000000E1
1.115606460E1,2.575000000E1
1.115868860E1,2.575000000E1
1.116131360E1,2.575000000E1
1.116393760E1,2.575000000E1
1.116656260E1,2.575000000E1
1.116918660E1,2.575000000E1
1.117181160E1,2.575000000E1
1.117443560E1,2.575000000E1
1.117706060E1,2.575000000E1
1.117968460E1,2.575000000E1
1.118230960E1,2.575000000E1
1.118493360E1,2.575000000E1
1.118755860E1,2.575000000E1
1.119018260E1,2.575000000E1
1.119280760E1,2.575000000E1
1.119543160E1,2.575000000E1
1.119805660E1,2.575000000E1
1.120068060E1,2.575000000E1
1.120330560E1,2.575000000E1
1.120592960E1,2.575000000E1
1.120855460E1,2.575000000E1
1.121117860E1,2.575000000E1
1.121380360E1,2.575000000E1
1.121642760E1,2.575000000E1
1.121905260E1,1.937500000E1
1.122167660E1,1.937500000E1
1.122430160E1,1.937500000E1
1.122692560E1,1.937500000E1
1.122955060E1,1.937500000E1
1.123217560E1,1.937500000E1
1.123479960E1,1.937500000E1
1.123742460E1,1.937500000E1
1.124004860E1,1.937500000E1
1.124267360E1,1.937500000E1
1.124529760E1,1.937500000E1
1.124792260E1,1.937500000E1
1.125054660E1,1.937500000E1
1.125317160E1,1.937500000E1
1.125579560E1,1.937500000E1
1.125842060E1,1.937500000E1
1.126104460E1,1.937500000E1
1.126366960E1,1.937500000E1
1.126629360E1,1.937500000E1
1.127154260E1,2.575000000E1
1.127416760E1,2.575000000E1
1.127679160E1,2.575000000E1
1.127941660E1,2.575000000E1
1.128204060E1,2.575000000E1
1.128466560E1,2.575000000E1
1.128728960E1,2.575000000E1
1.128991460E1,2.575000000E1
1.129253860E1,2.575000000E1
1.129516360E1,2.575000000E1
1.129778760E1,2.575000000E1
1.130041260E1,2.575000000E1
1.130303660E1,2.575000000E1
1.130566160E1,2.575000000E1
1.130828560E1,2.575000000E1
1.131091060E1,2.575000000E1
1.131353460E1,2.575000000E1
1.131615960E1,2.575000000E1
1.131878360E1,2.575000000E1
1.132140860E1,2.575000000E1
1.132403260E1,2.575000000E1
1.132665760E1,2.575000000E1
1.132928160E1,2.575000000E1
1.133190660E1,2.575000000E1
1.133453060E1,2.575000000E1
1.133715560E1,2.575000000E1
1.133977960E1,2.575000000E1
1.134240460E1,2.575000000E1
1.134502960E1,2.575000000E1
1.134765360E1,2.575000000E1
1.135027860E1,2.575000000E1
1.135290260E1,2.575000000E1
1.135552760E1,2.575000000E1
1.135815160E1,2.575000000E1
1.136077660E1,2.575000000E1
1.136340060E1,2.575000000E1
1.136602560E1,2.575000000E1
1.136864960E1,2.575000000E1
1.137127460E1,1.937500000E1
1.137389860E1,1.937500000E1
1.137652360E1,1.937500000E1
1.137914760E1,1.937500000E1
1.138177260E1,1.937500000E1
1.138439660E1,1.937500000E1
1.138702160E1,1.937500000E1
1.138964560E1,1.937500000E1
1.139227060E1,1.937500000E1
1.139489460E1,1.937500000E1
1.139751960E1,1.937500000E1
1.140014360E1,1.937500000E1
1.140276860E1,1.937500000E1
1.140539260E1,1.937500000E1
1.140801760E1,1.937500000E1
1.141064160E1,1.937500000E1
1.141326660E1,1.937500000E1
1.141589060E1,1.937500000E1
1.141851560E1,1.937500000E1
1.142376460E1,2.575000000E1
1.142638860E1,2.575000000E1
1.142901360E1,2.575000000E1
1.143163760E1,2.575000000E1
1.143426260E1,2.575000000E1
1.143688660E1,2.575000000E1
1.143951160E1,2.575000000E1
1.144213560E1,2.575000000E1
1.144476060E1,2.575000000E1
1.144738460E1,1.937500000E1
1.145000960E1,1.937500000E1
1.145263360E1,1.937500000E1
1.145525860E1,1.937500000E1
1.145788360E1,1.937500000E1
1.146050760E1,1.937500000E1
1.146313260E1,1.937500000E1
1.146575660E1,1.937500000E1
1.146838160E1,1.937500000E1
1.147100560E1,1.937500000E1
1.147363060E1,1.937500000E1
1.147625460E1,1.937500000E1
1.147887960E1,1.937500000E1
1.148150360E1,1.937500000E1
1.148412860E1,1.937500000E1
1.148675260E1,1.937500000E1
1.148937760E1,1.937500000E1
1.149200160E1,1.937500000E1
1.149462660E1,1.937500000E1
1.149725060E1,1.937500000E1
1.149987560E1,1.937500000E1
1.150249960E1,1.937500000E1
1.150512460E1,1.937500000E1
1.150774860E1,1.937500000E1
1.151037360E1,1.937500000E1
1.151299760E1,1.937500000E1
1.151562260E1,1.937500000E1
1.151824660E1,1.937500000E1
1.152087160E1,1.937500000E1
1.152612060E1,2.575000000E1
1.152874460E1,2.575000000E1
1.153136960E1,2.575000000E1
1.153399360E1,2.575000000E1
1.153661860E1,2.575000000E1
1.153924260E1,2.575000000E1
1.154186760E1,2.575000000E1
1.154449160E1,2.575000000E1
1.154711660E1,2.575000000E1
1.154974060E1,2.575000000E1
1.155236560E1,2.575000000E1
1.155498960E1,2.575000000E1
1.155761460E1,2.575000000E1
1.156023860E1,2.575000000E1
1.156286360E1,2.575000000E1
1.156548760E1,2.575000000E1
1.156811260E1,2.575000000E1
1.157073760E1,2.575000000E1
1.157336160E1,2.575000000E1
1.157598660E1,2.575000000E1
1.157861060E1,2.575000000E1
1.158123560E1,2.575000000E1
1.158385960E1,2.575000000E1
1.158648460E1,2.575000000E1
1.158910860E1,2.575000000E1
1.159173360E1,2.575000000E1
1.159435760E1,2.575000000E1
1.159698260E1,2.575000000E1
1.159960660E1,1.937500000E1
1.160223160E1,1.937500000E1
1.160485560E1,1.937500000E1
1.160748060E1,1.937500000E1
1.161010460E1,1.937500000E1
1.161272960E1,1.937500000E1
1.161535360E1,1.937500000E1
1.161797860E1,1.937500000E1
1.162060260E1,1.937500000E1
1.162322760E1,1.937500000E1
1.162585160E1,1.937500000E1
1.162847660E1,1.937500000E1
1.163110060E1,1.937500000E1
1.163372560E1,1.937500000E1
1.163634960E1,1.937500000E1
1.163897460E1,1.937500000E1
1.164159860E1,1.937500000E1
1.164422360E1,1.937500000E1
1.164684760E1,1.937500000E1
1.165209660E1,2.575000000E1
1.165472160E1,2.575000000E1
1.165734560E1,2.575000000E1
1.165997060E1,2.575000000E1
1.166259460E1,2.575000000E1
1.166521960E1,2.575000000E1
1.166784360E1,2.575000000E1
1.167046860E1,2.575000000E1
1.167309260E1,2.575000000E1
1.167571760E1,2.575000000E1
1.167834260E1,2.575000000E1
1.168096660E1,2.575000000E1
1.168359160E1,2.575000000E1
1.168621560E1,2.575000000E1
1.168884060E1,2.575000000E1
1.169146460E1,2.575000000E1
1.169408960E1,2.575000000E1
1.169671360E1,2.575000000E1
1.169933860E1,2.575000000E1
1.170196260E1,2.575000000E1
1.170458760E1,2.575000000E1
1.170721160E1,2.575000000E1
1.170983660E1,2.575000000E1
1.171246060E1,2.575000000E1
1.171508560E1,2.575000000E1
1.171770960E1,2.575000000E1
1.172033460E1,2.575000000E1
1.172295860E1,2.575000000E1
1.172558360E1,2.575000000E1
1.172820760E1,2.575000000E1
1.173083260E1,2.575000000E1
1.173345660E1,2.575000000E1
1.173608160E1,2.575000000E1
1.173870560E1,2.575000000E1
1.174133060E1,2.575000000E1
1.174395460E1,2.575000000E1
1.174657960E1,2.575000000E1
1.174920360E1,2.575000000E1
1.175182860E1,1.937500000E1
1.175445260E1,1.937500000E1
1.175707760E1,1.937500000E1
1.175970160E1,1.937500000E1
1.176232660E1,1.937500000E1
1.176495060E1,1.937500000E1
1.176757560E1,1.937500000E1
1.177019960E1,1.937500000E1
1.177282460E1,1.937500000E1
1.177544860E1,1.937500000E1
1.178069760E1,2.575000000E1
1.178332260E1,2.575000000E1
1.178594660E1,2.575000000E1
1.178857160E1,2.575000000E1
1.179119660E1,2.575000000E1
1.179382060E1,2.575000000E1
1.179644560E1,2.575000000E1
1.179906960E1,2.575000000E1
1.180169460E1,2.575000000E1
1.180431860E1,1.937500000E1
1.180694360E1,1.937500000E1
1.180956760E1,1.937500000E1
1.181219260E1,1.937500000E1
1.181481660E1,1.937500000E1
1.181744160E1,1.937500000E1
1.182006560E1,1.937500000E1
1.182269060E1,1.937500000E1
1.182531460E1,1.937500000E1
1.182793960E1,1.937500000E1
1.183056360E1,1.937500000E1
1.183318860E1,1.937500000E1
1.183581260E1,1.937500000E1
1.183843760E1,1.937500000E1
1.184106160E1,1.937500000E1
1.184368660E1,1.937500000E1
1.184631060E1,1.937500000E1
1.184893560E1,1.937500000E1
1.185155960E1,1.937500000E1
1.185418460E1,1.937500000E1
1.185680860E1,1.937500000E1
1.185943360E1,1.937500000E1
1.186205760E1,1.937500000E1
1.186468260E1,1.937500000E1
1.186730660E1,1.937500000E1
1.186993160E1,1.937500000E1
1.187255560E1,1.937500000E1
1.187518060E1,1.937500000E1
1.187780460E1,1.937500000E1
1.188305360E1,2.575000000E1
1.188567860E1,2.575000000E1
1.188830260E1,2.575000000E1
1.189092760E1,2.575000000E1
1.189355160E1,2.575000000E1
1.189617660E1,2.575000000E1
1.189880060E1,2.575000000E1
1.190142560E1,2.575000000E1
1.190405060E1,2.575000000E1
1.190667460E1,2.575000000E1
1.190929960E1,2.575000000E1
1.191192360E1,2.575000000E1
1.191454860E1,2.575000000E1
1.191717260E1,2.575000000E1
1.191979760E1,2.575000000E1
1.192242160E1,2.575000000E1
1.192504660E1,2.575000000E1
1.192767060E1,2.575000000E1
1.193029560E1,1.937500000E1
1.193291960E1,1.937500000E1
1.193554460E1,1.937500000E1
1.193816860E1,1.937500000E1
1.194079360E1,1.937500000E1
1.194341760E1,1.937500000E1
1.194604260E1,1.937500000E1
1.194866660E1,1.937500000E1
1.195129160E1,1.937500000E1
1.195391560E1,1.937500000E1
1.195654060E1,1.937500000E1
1.195916460E1,1.937500000E1
1.196178960E1,1.937500000E1
1.196441360E1,1.937500000E1
1.196703860E1,1.937500000E1
1.196966260E1,1.937500000E1
1.197228760E1,1.937500000E1
1.197491160E1,1.937500000E1
1.197753660E1,1.937500000E1
1.198016060E1,1.937500000E1
1.198278560E1,1.937500000E1
1.198540960E1,1.937500000E1
1.198803460E1,1.937500000E1
1.199065860E1,1.937500000E1
1.199328360E1,1.937500000E1
1.199590760E1,1.937500000E1
1.199853260E1,1.937500000E1
1.200115660E1,1.937500000E1
1.200378160E1,1.937500000E1
1.200903060E1,2.575000000E1
1.201165460E1,2.575000000E1
1.201427960E1,2.575000000E1
1.201690460E1,2.575000000E1
1.201952860E1,2.575000000E1
1.202215360E1,2.575000000E1
1.202477760E1,2.575000000E1
