"Time (s)","Illuminance (lx)"
0.000000000E0,6.500000000E0
1.223077600E-2,6.500000000E0
2.236177600E-2,6.500000000E0
2.501777600E-2,6.500000000E0
2.764177600E-2,6.500000000E0
3.026677600E-2,6.500000000E0
3.289077600E-2,6.500000000E0
3.551577600E-2,6.500000000E0
3.813977600E-2,6.500000000E0
4.076477600E-2,6.500000000E0
4.338877600E-2,6.500000000E0
4.601377600E-2,6.500000000E0
4.863777600E-2,6.500000000E0
5.126277600E-2,6.500000000E0
5.388677600E-2,6.500000000E0
5.651177600E-2,6.500000000E0
5.913577600E-2,6.500000000E0
6.176077600E-2,6.500000000E0
6.438477600E-2,6.500000000E0
6.700977600E-2,6.500000000E0
6.963377600E-2,1.937500000E1
7.225877600E-2,1.937500000E1
7.488277600E-2,1.937500000E1
7.750777600E-2,1.937500000E1
8.013177600E-2,1.937500000E1
8.275677600E-2,1.937500000E1
8.538077600E-2,1.937500000E1
8.800577600E-2,1.937500000E1
9.062977600E-2,1.937500000E1
9.325477600E-2,1.937500000E1
9.587877600E-2,1.937500000E1
9.850377600E-2,1.937500000E1
1.011277760E-1,1.937500000E1
1.037527760E-1,1.937500000E1
1.063767760E-1,1.937500000E1
1.090017760E-1,1.937500000E1
1.116257760E-1,1.937500000E1
1.142507760E-1,1.937500000E1
1.168747760E-1,1.937500000E1
1.194997760E-1,1.937500000E1
1.221237760E-1,6.500000000E0
1.247487760E-1,6.500000000E0
1.273727760E-1,6.500000000E0
1.299977760E-1,6.500000000E0
1.326227760E-1,6.500000000E0
1.352467760E-1,6.500000000E0
1.378717760E-1,6.500000000E0
1.404957760E-1,6.500000000E0
1.431207760E-1,6.500000000E0
1.457447760E-1,6.500000000E0
1.483697760E-1,6.500000000E0
1.509937760E-1,6.500000000E0
1.536187760E-1,6.500000000E0
1.562427760E-1,6.500000000E0
1.588677760E-1,6.500000000E0
1.614917760E-1,6.500000000E0
1.641167760E-1,6.500000000E0
1.667407760E-1,6.500000000E0
1.693657760E-1,6.500000000E0
1.719897760E-1,6.500000000E0
1.746147760E-1,6.500000000E0
1.772387760E-1,6.500000000E0
1.798637760E-1,6.500000000E0
1.824877760E-1,6.500000000E0
1.851127760E-1,6.500000000E0
1.877367760E-1,6.500000000E0
1.903617760E-1,6.500000000E0
1.929857760E-1,6.500000000E0
1.956107760E-1,6.500000000E0
1.982347760E-1,6.500000000E0
2.008597760E-1,6.500000000E0
2.034837760E-1,6.500000000E0
2.061087760E-1,6.500000000E0
2.087327760E-1,6.500000000E0
2.113577760E-1,6.500000000E0
2.139817760E-1,6.500000000E0
2.166067760E-1,6.500000000E0
2.192307760E-1,6.500000000E0
2.218557760E-1,1.937500000E1
2.244797760E-1,1.937500000E1
2.271047760E-1,1.937500000E1
2.297287760E-1,1.937500000E1
2.323537760E-1,1.937500000E1
2.349777760E-1,1.937500000E1
2.376027760E-1,1.937500000E1
2.402267760E-1,1.937500000E1
2.428517760E-1,1.937500000E1
2.454767760E-1,1.937500000E1
2.481007760E-1,6.500000000E0
2.507257760E-1,6.500000000E0
2.533497760E-1,6.500000000E0
2.559747760E-1,6.500000000E0
2.585987760E-1,6.500000000E0
2.612237760E-1,6.500000000E0
2.638477760E-1,6.500000000E0
2.664727760E-1,6.500000000E0
2.690967760E-1,6.500000000E0
2.717217760E-1,6.500000000E0
2.743457760E-1,6.500000000E0
2.769707760E-1,6.500000000E0
2.795947760E-1,6.500000000E0
2.822197760E-1,6.500000000E0
2.848437760E-1,6.500000000E0
2.874687760E-1,6.500000000E0
2.900927760E-1,6.500000000E0
2.927177760E-1,6.500000000E0
2.953417760E-1,6.500000000E0
2.979667760E-1,1.937500000E1
3.005907760E-1,1.937500000E1
3.032157760E-1,1.937500000E1
3.058397760E-1,1.937500000E1
3.084647760E-1,1.937500000E1
3.110887760E-1,1.937500000E1
3.137137760E-1,1.937500000E1
3.163377760E-1,1.937500000E1
3.189627760E-1,1.937500000E1
3.215867760E-1,1.937500000E1
3.242117760E-1,1.937500000E1
3.268357760E-1,1.937500000E1
3.294607760E-1,1.937500000E1
3.320847760E-1,1.937500000E1
3.347097760E-1,1.937500000E1
3.373337760E-1,1.937500000E1
3.399587760E-1,1.937500000E1
3.425827760E-1,1.937500000E1
3.452077760E-1,1.937500000E1
3.478317760E-1,1.937500000E1
3.504567760E-1,1.937500000E1
3.530807760E-1,1.937500000E1
3.557057760E-1,1.937500000E1
3.583307760E-1,1.937500000E1
3.609547760E-1,1.937500000E1
3.635797760E-1,1.937500000E1
3.662037760E-1,1.937500000E1
3.688287760E-1,1.937500000E1
3.714527760E-1,1.937500000E1
3.740777760E-1,1.937500000E1
3.767017760E-1,1.937500000E1
3.793267760E-1,1.937500000E1
3.819507760E-1,1.937500000E1
3.845757760E-1,1.937500000E1
3.871997760E-1,1.937500000E1
3.898247760E-1,1.937500000E1
3.924487760E-1,1.937500000E1
3.950737760E-1,1.937500000E1
3.976977760E-1,1.937500000E1
4.003227760E-1,6.500000000E0
4.029467760E-1,6.500000000E0
4.055717760E-1,6.500000000E0
4.081957760E-1,6.500000000E0
4.108207760E-1,6.500000000E0
4.134447760E-1,6.500000000E0
4.160697760E-1,6.500000000E0
4.186937760E-1,6.500000000E0
4.213187760E-1,6.500000000E0
4.239427760E-1,6.500000000E0
4.265677760E-1,6.500000000E0
4.291917760E-1,6.500000000E0
4.318167760E-1,6.500000000E0
4.344407760E-1,6.500000000E0
4.370657760E-1,6.500000000E0
4.396897760E-1,6.500000000E0
4.423147760E-1,6.500000000E0
4.449387760E-1,6.500000000E0
4.475637760E-1,6.500000000E0
4.501877760E-1,6.500000000E0
4.528127760E-1,6.500000000E0
4.554367760E-1,6.500000000E0
4.580617760E-1,6.500000000E0
4.606857760E-1,6.500000000E0
4.633107760E-1,6.500000000E0
4.659347760E-1,6.500000000E0
4.685597760E-1,6.500000000E0
4.711847760E-1,6.500000000E0
4.738087760E-1,6.500000000E0
4.764337760E-1,1.937500000E1
4.790577760E-1,1.937500000E1
4.816827760E-1,1.937500000E1
4.843067760E-1,1.937500000E1
4.869317760E-1,1.937500000E1
4.895557760E-1,1.937500000E1
4.921807760E-1,1.937500000E1
4.948047760E-1,1.937500000E1
4.974297760E-1,1.937500000E1
5.000537760E-1,1.937500000E1
5.026787760E-1,1.937500000E1
5.053027760E-1,1.937500000E1
5.079277760E-1,1.937500000E1
5.105517760E-1,1.937500000E1
5.131767760E-1,1.937500000E1
5.158007760E-1,1.937500000E1
5.184257760E-1,1.937500000E1
5.210497760E-1,1.937500000E1
5.236747760E-1,1.937500000E1
5.262987760E-1,6.500000000E0
5.289237760E-1,6.500000000E0
5.315477760E-1,6.500000000E0
5.341727760E-1,6.500000000E0
5.367967760E-1,6.500000000E0
5.394217760E-1,6.500000000E0
5.420457760E-1,6.500000000E0
5.446707760E-1,6.500000000E0
5.472947760E-1,6.500000000E0
5.499197760E-1,6.500000000E0
5.525437760E-1,1.937500000E1
5.551687760E-1,1.937500000E1
5.577927760E-1,1.937500000E1
5.604177760E-1,1.937500000E1
5.630417760E-1,1.937500000E1
5.656667760E-1,1.937500000E1
5.682907760E-1,1.937500000E1
5.709157760E-1,1.937500000E1
5.735397760E-1,1.937500000E1
5.761647760E-1,1.937500000E1
5.787887760E-1,6.500000000E0
5.814137760E-1,6.500000000E0
5.840387760E-1,6.500000000E0
5.866627760E-1,6.500000000E0
5.892877760E-1,6.500000000E0
5.919117760E-1,6.500000000E0
5.945367760E-1,6.500000000E0
5.971607760E-1,6.500000000E0
5.997857760E-1,6.500000000E0
6.024097760E-1,6.500000000E0
6.050347760E-1,1.937500000E1
6.076587760E-1,1.937500000E1
6.102837760E-1,1.937500000E1
6.129077760E-1,1.937500000E1
6.155327760E-1,1.937500000E1
6.181567760E-1,1.937500000E1
6.207817760E-1,1.937500000E1
6.234057760E-1,1.937500000E1
6.260307760E-1,1.937500000E1
6.286547760E-1,1.937500000E1
6.312797760E-1,6.500000000E0
6.339037760E-1,6.500000000E0
6.365287760E-1,6.500000000E0
6.391527760E-1,6.500000000E0
6.417777760E-1,6.500000000E0
6.444017760E-1,6.500000000E0
6.470267760E-1,6.500000000E0
6.496507760E-1,6.500000000E0
6.522757760E-1,6.500000000E0
6.548997760E-1,1.937500000E1
6.575247760E-1,1.937500000E1
6.601487760E-1,1.937500000E1
6.627737760E-1,1.937500000E1
6.653977760E-1,1.937500000E1
6.680227760E-1,1.937500000E1
6.706467760E-1,1.937500000E1
6.732717760E-1,1.937500000E1
6.758957760E-1,1.937500000E1
6.785207760E-1,1.937500000E1
6.811447760E-1,1.937500000E1
6.837697760E-1,1.937500000E1
6.863937760E-1,1.937500000E1
6.890187760E-1,1.937500000E1
6.916437760E-1,1.937500000E1
6.942677760E-1,1.937500000E1
6.968927760E-1,1.937500000E1
6.995167760E-1,1.937500000E1
7.021417760E-1,1.937500000E1
7.047657760E-1,1.937500000E1
7.073907760E-1,1.937500000E1
7.100147760E-1,1.937500000E1
7.126397760E-1,1.937500000E1
7.152637760E-1,1.937500000E1
7.178887760E-1,1.937500000E1
7.205127760E-1,1.937500000E1
7.231377760E-1,1.937500000E1
7.257617760E-1,1.937500000E1
7.283867760E-1,1.937500000E1
7.310107760E-1,1.937500000E1
7.336357760E-1,1.937500000E1
7.362597760E-1,1.937500000E1
7.388847760E-1,1.937500000E1
7.415087760E-1,1.937500000E1
7.441337760E-1,1.937500000E1
7.467577760E-1,1.937500000E1
7.493827760E-1,1.937500000E1
7.520067760E-1,1.937500000E1
7.546317760E-1,1.937500000E1
7.572557760E-1,1.937500000E1
7.598807760E-1,1.937500000E1
7.625047760E-1,1.937500000E1
7.651297760E-1,1.937500000E1
7.677537760E-1,1.937500000E1
7.703787760E-1,1.937500000E1
7.730027760E-1,1.937500000E1
7.756277760E-1,1.937500000E1
7.782517760E-1,1.937500000E1
7.808767760E-1,1.937500000E1
7.835007760E-1,1.937500000E1
7.861257760E-1,1.937500000E1
7.887497760E-1,1.937500000E1
7.913747760E-1,1.937500000E1
7.939987760E-1,1.937500000E1
7.966237760E-1,1.937500000E1
7.992477760E-1,1.937500000E1
8.018727760E-1,1.937500000E1
8.044977760E-1,1.937500000E1
8.071217760E-1,6.500000000E0
8.097467760E-1,6.500000000E0
8.123707760E-1,6.500000000E0
8.149957760E-1,6.500000000E0
8.176197760E-1,6.500000000E0
8.202447760E-1,6.500000000E0
8.228687760E-1,6.500000000E0
8.254937760E-1,6.500000000E0
8.281177760E-1,6.500000000E0
8.307427760E-1,6.500000000E0
8.333667760E-1,1.937500000E1
8.359917760E-1,1.937500000E1
8.386157760E-1,1.937500000E1
8.412407760E-1,1.937500000E1
8.438647760E-1,1.937500000E1
8.464897760E-1,1.937500000E1
8.491137760E-1,1.937500000E1
8.517387760E-1,1.937500000E1
8.543627760E-1,1.937500000E1
8.569877760E-1,1.937500000E1
8.596117760E-1,6.500000000E0
8.622367760E-1,6.500000000E0
8.648607760E-1,6.500000000E0
8.674857760E-1,6.500000000E0
8.701097760E-1,6.500000000E0
8.727347760E-1,6.500000000E0
8.753587760E-1,6.500000000E0
8.779837760E-1,6.500000000E0
8.806077760E-1,6.500000000E0
8.832327760E-1,1.937500000E1
8.858567760E-1,1.937500000E1
8.884817760E-1,1.937500000E1
8.911057760E-1,1.937500000E1
8.937307760E-1,1.937500000E1
8.963547760E-1,1.937500000E1
8.989797760E-1,1.937500000E1
9.016037760E-1,1.937500000E1
9.042287760E-1,1.937500000E1
9.068527760E-1,1.937500000E1
9.094777760E-1,6.500000000E0
9.121017760E-1,6.500000000E0
9.147267760E-1,6.500000000E0
9.173517760E-1,6.500000000E0
9.199757760E-1,6.500000000E0
9.226007760E-1,6.500000000E0
9.252247760E-1,6.500000000E0
9.278497760E-1,6.500000000E0
9.304737760E-1,6.500000000E0
9.330987760E-1,6.500000000E0
9.357227760E-1,1.937500000E1
9.383477760E-1,1.937500000E1
9.409717760E-1,1.937500000E1
9.435967760E-1,1.937500000E1
9.462207760E-1,1.937500000E1
9.488457760E-1,1.937500000E1
9.514697760E-1,1.937500000E1
9.540947760E-1,1.937500000E1
9.567187760E-1,1.937500000E1
9.593437760E-1,1.937500000E1
9.619677760E-1,6.500000000E0
9.645927760E-1,6.500000000E0
9.672167760E-1,6.500000000E0
9.698417760E-1,6.500000000E0
9.724657760E-1,6.500000000E0
9.750907760E-1,6.500000000E0
9.777147760E-1,6.500000000E0
9.803397760E-1,6.500000000E0
9.829637760E-1,6.500000000E0
9.855887760E-1,1.937500000E1
9.882127760E-1,1.937500000E1
9.908377760E-1,1.937500000E1
9.934617760E-1,1.937500000E1
9.960867760E-1,1.937500000E1
9.987107760E-1,1.937500000E1
1.001335776E0,1.937500000E1
1.003959776E0,1.937500000E1
1.006584776E0,1.937500000E1
1.009208776E0,1.937500000E1
1.011833776E0,6.500000000E0
1.014457776E0,6.500000000E0
1.017082776E0,6.500000000E0
1.019706776E0,6.500000000E0
1.022331776E0,6.500000000E0
1.024955776E0,6.500000000E0
1.027580776E0,6.500000000E0
1.030205776E0,6.500000000E0
1.032829776E0,6.500000000E0
1.035454776E0,6.500000000E0
1.038078776E0,6.500000000E0
1.040703776E0,6.500000000E0
1.043327776E0,6.500000000E0
1.045952776E0,6.500000000E0
1.048576776E0,6.500000000E0
1.051201776E0,6.500000000E0
1.053825776E0,6.500000000E0
1.056450776E0,6.500000000E0
1.059074776E0,6.500000000E0
1.061699776E0,1.937500000E1
1.064323776E0,1.937500000E1
1.066948776E0,1.937500000E1
1.069572776E0,1.937500000E1
1.072197776E0,1.937500000E1
1.074821776E0,1.937500000E1
1.077446776E0,1.937500000E1
1.080070776E0,1.937500000E1
1.082695776E0,1.937500000E1
1.085319776E0,1.937500000E1
1.087944776E0,1.937500000E1
1.090568776E0,1.937500000E1
1.093193776E0,1.937500000E1
1.095817776E0,1.937500000E1
1.098442776E0,1.937500000E1
1.101066776E0,1.937500000E1
1.103691776E0,1.937500000E1
1.106315776E0,1.937500000E1
1.108940776E0,1.937500000E1
1.111564776E0,1.937500000E1
1.114189776E0,6.500000000E0
1.116813776E0,6.500000000E0
1.119438776E0,6.500000000E0
1.122062776E0,6.500000000E0
1.124687776E0,6.500000000E0
1.127311776E0,6.500000000E0
1.129936776E0,6.500000000E0
1.132560776E0,6.500000000E0
1.135185776E0,6.500000000E0
1.137809776E0,6.500000000E0
1.140434776E0,6.500000000E0
1.143059776E0,6.500000000E0
1.145683776E0,6.500000000E0
1.148308776E0,6.500000000E0
1.150932776E0,6.500000000E0
1.153557776E0,6.500000000E0
1.156181776E0,6.500000000E0
1.158806776E0,6.500000000E0
1.161430776E0,6.500000000E0
1.164055776E0,1.937500000E1
1.166679776E0,1.937500000E1
1.169304776E0,1.937500000E1
1.171928776E0,1.937500000E1
1.174553776E0,1.937500000E1
1.177177776E0,1.937500000E1
1.179802776E0,1.937500000E1
1.182426776E0,1.937500000E1
1.185051776E0,1.937500000E1
1.187675776E0,1.937500000E1
1.190300776E0,1.937500000E1
1.192924776E0,1.937500000E1
1.195549776E0,1.937500000E1
1.198173776E0,1.937500000E1
1.200798776E0,1.937500000E1
1.203422776E0,1.937500000E1
1.206047776E0,1.937500000E1
1.208671776E0,1.937500000E1
1.211296776E0,1.937500000E1
1.213920776E0,1.937500000E1
1.216545776E0,6.500000000E0
1.219169776E0,6.500000000E0
1.221794776E0,6.500000000E0
1.224418776E0,6.500000000E0
1.227043776E0,6.500000000E0
1.229667776E0,6.500000000E0
1.232292776E0,6.500000000E0
1.234916776E0,6.500000000E0
1.237541776E0,6.500000000E0
1.240165776E0,6.500000000E0
1.242790776E0,6.500000000E0
1.245414776E0,6.500000000E0
1.248039776E0,6.500000000E0
1.250663776E0,6.500000000E0
1.253288776E0,6.500000000E0
1.255913776E0,6.500000000E0
1.258537776E0,6.500000000E0
1.261162776E0,6.500000000E0
1.263786776E0,6.500000000E0
1.266411776E0,6.500000000E0
1.269035776E0,6.500000000E0
1.271660776E0,6.500000000E0
1.274284776E0,6.500000000E0
1.276909776E0,6.500000000E0
1.279533776E0,6.500000000E0
1.282158776E0,6.500000000E0
1.284782776E0,6.500000000E0
1.287407776E0,6.500000000E0
1.290031776E0,6.500000000E0
1.292656776E0,6.500000000E0
1.295280776E0,6.500000000E0
1.297905776E0,6.500000000E0
1.300529776E0,6.500000000E0
1.303154776E0,6.500000000E0
1.305778776E0,6.500000000E0
1.308403776E0,6.500000000E0
1.311027776E0,6.500000000E0
1.313652776E0,6.500000000E0
1.316276776E0,1.937500000E1
1.318901776E0,1.937500000E1
1.321525776E0,1.937500000E1
1.324150776E0,1.937500000E1
1.326774776E0,1.937500000E1
1.329399776E0,1.937500000E1
1.332023776E0,1.937500000E1
1.334648776E0,1.937500000E1
1.337272776E0,1.937500000E1
1.339897776E0,1.937500000E1
1.342521776E0,6.500000000E0
1.345146776E0,6.500000000E0
1.347770776E0,6.500000000E0
1.350395776E0,6.500000000E0
1.353019776E0,6.500000000E0
1.355644776E0,6.500000000E0
1.358268776E0,6.500000000E0
1.360893776E0,6.500000000E0
1.363518776E0,6.500000000E0
1.366142776E0,6.500000000E0
1.368767776E0,1.937500000E1
1.371391776E0,1.937500000E1
1.374016776E0,1.937500000E1
1.376640776E0,1.937500000E1
1.379265776E0,1.937500000E1
1.381889776E0,1.937500000E1
1.384514776E0,1.937500000E1
1.387138776E0,1.937500000E1
1.389763776E0,1.937500000E1
1.392387776E0,1.937500000E1
1.395012776E0,1.937500000E1
1.397636776E0,1.937500000E1
1.400261776E0,1.937500000E1
1.402885776E0,1.937500000E1
1.405510776E0,1.937500000E1
1.408134776E0,1.937500000E1
1.410759776E0,1.937500000E1
1.413383776E0,1.937500000E1
1.416008776E0,1.937500000E1
1.418632776E0,1.937500000E1
1.421257776E0,1.937500000E1
1.423881776E0,1.937500000E1
1.426506776E0,1.937500000E1
1.429130776E0,1.937500000E1
1.431755776E0,1.937500000E1
1.434379776E0,1.937500000E1
1.437004776E0,1.937500000E1
1.439628776E0,1.937500000E1
1.442253776E0,1.937500000E1
1.444877776E0,6.500000000E0
1.447502776E0,6.500000000E0
1.450126776E0,6.500000000E0
1.452751776E0,6.500000000E0
1.455375776E0,6.500000000E0
1.458000776E0,6.500000000E0
1.460624776E0,6.500000000E0
1.463249776E0,6.500000000E0
1.465873776E0,6.500000000E0
1.468498776E0,6.500000000E0
1.471122776E0,6.500000000E0
1.473747776E0,6.500000000E0
1.476372776E0,6.500000000E0
1.478996776E0,6.500000000E0
1.481621776E0,6.500000000E0
1.484245776E0,6.500000000E0
1.486870776E0,6.500000000E0
1.489494776E0,6.500000000E0
1.492119776E0,6.500000000E0
1.494743776E0,6.500000000E0
1.497368776E0,6.500000000E0
1.499992776E0,6.500000000E0
1.502617776E0,6.500000000E0
1.505241776E0,6.500000000E0
1.507866776E0,6.500000000E0
1.510490776E0,6.500000000E0
1.513115776E0,6.500000000E0
1.515739776E0,6.500000000E0
1.518364776E0,6.500000000E0
1.520988776E0,1.937500000E1
1.523613776E0,1.937500000E1
1.526237776E0,1.937500000E1
1.528862776E0,1.937500000E1
1.531486776E0,1.937500000E1
1.534111776E0,1.937500000E1
1.536735776E0,1.937500000E1
1.539360776E0,1.937500000E1
1.541984776E0,1.937500000E1
1.544609776E0,6.500000000E0
1.547233776E0,6.500000000E0
1.549858776E0,6.500000000E0
1.552482776E0,6.500000000E0
1.555107776E0,6.500000000E0
1.557731776E0,6.500000000E0
1.560356776E0,6.500000000E0
1.562980776E0,6.500000000E0
1.565605776E0,6.500000000E0
1.568229776E0,6.500000000E0
1.570854776E0,1.937500000E1
1.573478776E0,1.937500000E1
1.576103776E0,1.937500000E1
1.578727776E0,1.937500000E1
1.581352776E0,1.937500000E1
1.583976776E0,1.937500000E1
1.586601776E0,1.937500000E1
1.589226776E0,1.937500000E1
1.591850776E0,1.937500000E1
1.594475776E0,1.937500000E1
1.597099776E0,1.937500000E1
1.599724776E0,1.937500000E1
1.602348776E0,1.937500000E1
1.604973776E0,1.937500000E1
1.607597776E0,1.937500000E1
1.610222776E0,1.937500000E1
1.612846776E0,1.937500000E1
1.615471776E0,1.937500000E1
1.618095776E0,1.937500000E1
1.620720776E0,1.937500000E1
1.623344776E0,6.500000000E0
1.625969776E0,6.500000000E0
1.628593776E0,6.500000000E0
1.631218776E0,6.500000000E0
1.633842776E0,6.500000000E0
1.636467776E0,6.500000000E0
1.639091776E0,6.500000000E0
1.641716776E0,6.500000000E0
1.644340776E0,6.500000000E0
1.646965776E0,6.500000000E0
1.649589776E0,6.500000000E0
1.652214776E0,6.500000000E0
1.654838776E0,6.500000000E0
1.657463776E0,6.500000000E0
1.660087776E0,6.500000000E0
1.662712776E0,6.500000000E0
1.665336776E0,6.500000000E0
1.667961776E0,6.500000000E0
1.670585776E0,6.500000000E0
1.673210776E0,1.937500000E1
1.675834776E0,1.937500000E1
1.678459776E0,1.937500000E1
1.681083776E0,1.937500000E1
1.683708776E0,1.937500000E1
1.686332776E0,1.937500000E1
1.688957776E0,1.937500000E1
1.691581776E0,1.937500000E1
1.694206776E0,1.937500000E1
1.696830776E0,1.937500000E1
1.699455776E0,6.500000000E0
1.702080776E0,6.500000000E0
1.704704776E0,6.500000000E0
1.707329776E0,6.500000000E0
1.709953776E0,6.500000000E0
1.712578776E0,6.500000000E0
1.715202776E0,6.500000000E0
1.717827776E0,6.500000000E0
1.720451776E0,6.500000000E0
1.723076776E0,6.500000000E0
1.725700776E0,6.500000000E0
1.728325776E0,6.500000000E0
1.730949776E0,6.500000000E0
1.733574776E0,6.500000000E0
1.736198776E0,6.500000000E0
1.738823776E0,6.500000000E0
1.741447776E0,6.500000000E0
1.744072776E0,6.500000000E0
1.746696776E0,6.500000000E0
1.749321776E0,1.937500000E1
1.751945776E0,1.937500000E1
1.754570776E0,1.937500000E1
1.757194776E0,1.937500000E1
1.759819776E0,1.937500000E1
1.762443776E0,1.937500000E1
1.765068776E0,1.937500000E1
1.767692776E0,1.937500000E1
1.770317776E0,1.937500000E1
1.772941776E0,1.937500000E1
1.775566776E0,6.500000000E0
1.778190776E0,6.500000000E0
1.780815776E0,6.500000000E0
1.783439776E0,6.500000000E0
1.786064776E0,6.500000000E0
1.788688776E0,6.500000000E0
1.791313776E0,6.500000000E0
1.793937776E0,6.500000000E0
1.796562776E0,6.500000000E0
1.799186776E0,6.500000000E0
1.801811776E0,1.937500000E1
1.804435776E0,1.937500000E1
1.807060776E0,1.937500000E1
1.809684776E0,1.937500000E1
1.812309776E0,1.937500000E1
1.814934776E0,1.937500000E1
1.817558776E0,1.937500000E1
1.820183776E0,1.937500000E1
1.822807776E0,1.937500000E1
1.825432776E0,6.500000000E0
1.828056776E0,6.500000000E0
1.830681776E0,6.500000000E0
1.833305776E0,6.500000000E0
1.835930776E0,6.500000000E0
1.838554776E0,6.500000000E0
1.841179776E0,6.500000000E0
1.843803776E0,6.500000000E0
1.846428776E0,6.500000000E0
1.849052776E0,6.500000000E0
1.851677776E0,6.500000000E0
1.854301776E0,6.500000000E0
1.856926776E0,6.500000000E0
1.859550776E0,6.500000000E0
1.862175776E0,6.500000000E0
1.864799776E0,6.500000000E0
1.867424776E0,6.500000000E0
1.870048776E0,6.500000000E0
1.872673776E0,6.500000000E0
1.875297776E0,6.500000000E0
1.877922776E0,6.500000000E0
1.880546776E0,6.500000000E0
1.883171776E0,6.500000000E0
1.885795776E0,6.500000000E0
1.888420776E0,6.500000000E0
1.891044776E0,6.500000000E0
1.893669776E0,6.500000000E0
1.896293776E0,6.500000000E0
1.898918776E0,6.500000000E0
1.901542776E0,1.937500000E1
1.904167776E0,1.937500000E1
1.906791776E0,1.937500000E1
1.909416776E0,1.937500000E1
1.912040776E0,1.937500000E1
1.914665776E0,1.937500000E1
1.917289776E0,1.937500000E1
1.919914776E0,1.937500000E1
1.922538776E0,1.937500000E1
1.925163776E0,1.937500000E1
1.927788776E0,1.937500000E1
1.930412776E0,1.937500000E1
1.933037776E0,1.937500000E1
1.935661776E0,1.937500000E1
1.938286776E0,1.937500000E1
1.940910776E0,1.937500000E1
1.943535776E0,1.937500000E1
1.946159776E0,1.937500000E1
1.948784776E0,1.937500000E1
1.951408776E0,1.937500000E1
1.954033776E0,6.500000000E0
1.956657776E0,6.500000000E0
1.959282776E0,6.500000000E0
1.961906776E0,6.500000000E0
1.964531776E0,6.500000000E0
1.967155776E0,6.500000000E0
1.969780776E0,6.500000000E0
1.972404776E0,6.500000000E0
1.975029776E0,6.500000000E0
1.977653776E0,6.500000000E0
1.980278776E0,6.500000000E0
1.982902776E0,6.500000000E0
1.985527776E0,6.500000000E0
1.988151776E0,6.500000000E0
1.990776776E0,6.500000000E0
1.993400776E0,6.500000000E0
1.996025776E0,6.500000000E0
1.998649776E0,6.500000000E0
2.001274776E0,6.500000000E0
2.003898776E0,1.937500000E1
2.006523776E0,1.937500000E1
2.009147776E0,1.937500000E1
2.011772776E0,1.937500000E1
2.014396776E0,1.937500000E1
2.017021776E0,1.937500000E1
2.019645776E0,1.937500000E1
2.022270776E0,1.937500000E1
2.024894776E0,1.937500000E1
2.027519776E0,1.937500000E1
2.030143776E0,6.500000000E0
2.032768776E0,6.500000000E0
2.035393776E0,6.500000000E0
2.038017776E0,6.500000000E0
2.040642776E0,6.500000000E0
2.043266776E0,6.500000000E0
2.045891776E0,6.500000000E0
2.048515776E0,6.500000000E0
2.051140776E0,6.500000000E0
2.053764776E0,6.500000000E0
2.056389776E0,1.937500000E1
2.059013776E0,1.937500000E1
2.061638776E0,1.937500000E1
2.064262776E0,1.937500000E1
2.066887776E0,1.937500000E1
2.069511776E0,1.937500000E1
2.072136776E0,1.937500000E1
2.074760776E0,1.937500000E1
2.077385776E0,1.937500000E1
2.080009776E0,1.937500000E1
2.082634776E0,1.937500000E1
2.085258776E0,1.937500000E1
2.087883776E0,1.937500000E1
2.090507776E0,1.937500000E1
2.093132776E0,1.937500000E1
2.095756776E0,1.937500000E1
2.098381776E0,1.937500000E1
2.101005776E0,1.937500000E1
2.103630776E0,1.937500000E1
2.106254776E0,6.500000000E0
2.108879776E0,6.500000000E0
2.111503776E0,6.500000000E0
2.114128776E0,6.500000000E0
2.116752776E0,6.500000000E0
2.119377776E0,6.500000000E0
2.122001776E0,6.500000000E0
2.124626776E0,6.500000000E0
2.127250776E0,6.500000000E0
2.129875776E0,6.500000000E0
2.132499776E0,1.937500000E1
2.135124776E0,1.937500000E1
2.137748776E0,1.937500000E1
2.140373776E0,1.937500000E1
2.142997776E0,1.937500000E1
2.145622776E0,1.937500000E1
2.148247776E0,1.937500000E1
2.150871776E0,1.937500000E1
2.153496776E0,1.937500000E1
2.156120776E0,1.937500000E1
2.158745776E0,6.500000000E0
2.161369776E0,6.500000000E0
2.163994776E0,6.500000000E0
2.166618776E0,6.500000000E0
2.169243776E0,6.500000000E0
2.171867776E0,6.500000000E0
2.174492776E0,6.500000000E0
2.177116776E0,6.500000000E0
2.179741776E0,6.500000000E0
2.182365776E0,6.500000000E0
2.184990776E0,6.500000000E0
2.187614776E0,6.500000000E0
2.190239776E0,6.500000000E0
2.192863776E0,6.500000000E0
2.195488776E0,6.500000000E0
2.198112776E0,6.500000000E0
2.200737776E0,6.500000000E0
2.203361776E0,6.500000000E0
2.205986776E0,6.500000000E0
2.208610776E0,6.500000000E0
2.211235776E0,6.500000000E0
2.213859776E0,6.500000000E0
2.216484776E0,6.500000000E0
2.219108776E0,6.500000000E0
2.221733776E0,6.500000000E0
2.224357776E0,6.500000000E0
2.226982776E0,6.500000000E0
2.229606776E0,6.500000000E0
2.232231776E0,6.500000000E0
2.234855776E0,6.500000000E0
2.237480776E0,6.500000000E0
2.240104776E0,6.500000000E0
2.242729776E0,6.500000000E0
2.245353776E0,6.500000000E0
2.247978776E0,6.500000000E0
2.250602776E0,6.500000000E0
2.253227776E0,6.500000000E0
2.255851776E0,6.500000000E0
2.258476776E0,6.500000000E0
2.261101776E0,6.500000000E0
2.263725776E0,6.500000000E0
2.266350776E0,6.500000000E0
2.268974776E0,6.500000000E0
2.271599776E0,6.500000000E0
2.274223776E0,6.500000000E0
2.276848776E0,6.500000000E0
2.279472776E0,6.500000000E0
2.282097776E0,6.500000000E0
2.284721776E0,1.937500000E1
2.287346776E0,1.937500000E1
2.289970776E0,1.937500000E1
2.292595776E0,1.937500000E1
2.295219776E0,1.937500000E1
2.297844776E0,1.937500000E1
2.300468776E0,1.937500000E1
2.303093776E0,1.937500000E1
2.305717776E0,1.937500000E1
2.308342776E0,1.937500000E1
2.310966776E0,6.500000000E0
2.313591776E0,6.500000000E0
2.316215776E0,6.500000000E0
2.318840776E0,6.500000000E0
2.321464776E0,6.500000000E0
2.324089776E0,6.500000000E0
2.326713776E0,6.500000000E0
2.329338776E0,6.500000000E0
2.331962776E0,6.500000000E0
2.334587776E0,1.937500000E1
2.337211776E0,1.937500000E1
2.339836776E0,1.937500000E1
2.342460776E0,1.937500000E1
2.345085776E0,1.937500000E1
2.347709776E0,1.937500000E1
2.350334776E0,1.937500000E1
2.352958776E0,1.937500000E1
2.355583776E0,1.937500000E1
2.358207776E0,1.937500000E1
2.360832776E0,6.500000000E0
2.363456776E0,6.500000000E0
2.366081776E0,6.500000000E0
2.368705776E0,6.500000000E0
2.371330776E0,6.500000000E0
2.373955776E0,6.500000000E0
2.376579776E0,6.500000000E0
2.379204776E0,6.500000000E0
2.381828776E0,6.500000000E0
2.384453776E0,6.500000000E0
2.387077776E0,6.500000000E0
2.389702776E0,6.500000000E0
2.392326776E0,6.500000000E0
2.394951776E0,6.500000000E0
2.397575776E0,6.500000000E0
2.400200776E0,6.500000000E0
2.402824776E0,6.500000000E0
2.405449776E0,6.500000000E0
2.408073776E0,6.500000000E0
2.410698776E0,6.500000000E0
2.413322776E0,6.500000000E0
2.415947776E0,6.500000000E0
2.418571776E0,6.500000000E0
2.421196776E0,6.500000000E0
2.423820776E0,6.500000000E0
2.426445776E0,6.500000000E0
2.429069776E0,6.500000000E0
2.431694776E0,6.500000000E0
2.434318776E0,6.500000000E0
2.436943776E0,1.937500000E1
2.439567776E0,1.937500000E1
2.442192776E0,1.937500000E1
2.444816776E0,1.937500000E1
2.447441776E0,1.937500000E1
2.450065776E0,1.937500000E1
2.452690776E0,1.937500000E1
2.455314776E0,1.937500000E1
2.457939776E0,1.937500000E1
2.460563776E0,1.937500000E1
2.463188776E0,6.500000000E0
2.465812776E0,6.500000000E0
2.468437776E0,6.500000000E0
2.471061776E0,6.500000000E0
2.473686776E0,6.500000000E0
2.476310776E0,6.500000000E0
2.478935776E0,6.500000000E0
2.481559776E0,6.500000000E0
2.484184776E0,6.500000000E0
2.486809776E0,6.500000000E0
2.489433776E0,1.937500000E1
2.492058776E0,1.937500000E1
2.494682776E0,1.937500000E1
2.497307776E0,1.937500000E1
2.499931776E0,1.937500000E1
2.502556776E0,1.937500000E1
2.505180776E0,1.937500000E1
2.507805776E0,1.937500000E1
2.510429776E0,1.937500000E1
2.513054776E0,1.937500000E1
2.515678776E0,1.937500000E1
2.518303776E0,1.937500000E1
2.520927776E0,1.937500000E1
2.523552776E0,1.937500000E1
2.526176776E0,1.937500000E1
2.528801776E0,1.937500000E1
2.531425776E0,1.937500000E1
2.534050776E0,1.937500000E1
2.536674776E0,1.937500000E1
2.539299776E0,6.500000000E0
2.541923776E0,6.500000000E0
2.544548776E0,6.500000000E0
2.547172776E0,6.500000000E0
2.549797776E0,6.500000000E0
2.552421776E0,6.500000000E0
2.555046776E0,6.500000000E0
2.557670776E0,6.500000000E0
2.560295776E0,6.500000000E0
2.562919776E0,6.500000000E0
2.565544776E0,6.500000000E0
2.568168776E0,6.500000000E0
2.570793776E0,6.500000000E0
2.573417776E0,6.500000000E0
2.576042776E0,6.500000000E0
2.578666776E0,6.500000000E0
2.581291776E0,6.500000000E0
2.583915776E0,6.500000000E0
2.586540776E0,6.500000000E0
2.589164776E0,6.500000000E0
2.591789776E0,6.500000000E0
2.594413776E0,6.500000000E0
2.597038776E0,6.500000000E0
2.599663776E0,6.500000000E0
2.602287776E0,6.500000000E0
2.604912776E0,6.500000000E0
2.607536776E0,6.500000000E0
2.610161776E0,6.500000000E0
2.612785776E0,6.500000000E0
2.615410776E0,6.500000000E0
2.618034776E0,6.500000000E0
2.620659776E0,6.500000000E0
2.623283776E0,6.500000000E0
2.625908776E0,6.500000000E0
2.628532776E0,6.500000000E0
2.631157776E0,6.500000000E0
2.633781776E0,6.500000000E0
2.636406776E0,6.500000000E0
2.639030776E0,6.500000000E0
2.641655776E0,6.500000000E0
2.644279776E0,6.500000000E0
2.646904776E0,6.500000000E0
2.649528776E0,6.500000000E0
2.652153776E0,6.500000000E0
2.654777776E0,6.500000000E0
2.657402776E0,6.500000000E0
2.660026776E0,6.500000000E0
2.662651776E0,6.500000000E0
2.665275776E0,6.500000000E0
2.667900776E0,6.500000000E0
2.670524776E0,6.500000000E0
2.673149776E0,6.500000000E0
2.675773776E0,6.500000000E0
2.678398776E0,6.500000000E0
2.681022776E0,6.500000000E0
2.683647776E0,6.500000000E0
2.686271776E0,6.500000000E0
2.688896776E0,6.500000000E0
2.691520776E0,1.937500000E1
2.694145776E0,1.937500000E1
2.696769776E0,1.937500000E1
2.699394776E0,1.937500000E1
2.702018776E0,1.937500000E1
2.704643776E0,1.937500000E1
2.707268776E0,1.937500000E1
2.709892776E0,1.937500000E1
2.712517776E0,1.937500000E1
2.715141776E0,1.937500000E1
2.717766776E0,1.937500000E1
2.720390776E0,1.937500000E1
2.723015776E0,1.937500000E1
2.725639776E0,1.937500000E1
2.728264776E0,1.937500000E1
2.730888776E0,1.937500000E1
2.733513776E0,1.937500000E1
2.736137776E0,1.937500000E1
2.738762776E0,1.937500000E1
2.741386776E0,6.500000000E0
2.744011776E0,6.500000000E0
2.746635776E0,6.500000000E0
2.749260776E0,6.500000000E0
2.751884776E0,6.500000000E0
2.754509776E0,6.500000000E0
2.757133776E0,6.500000000E0
2.759758776E0,6.500000000E0
2.762382776E0,6.500000000E0
2.765007776E0,6.500000000E0
2.767631776E0,1.937500000E1
2.770256776E0,1.937500000E1
2.772880776E0,1.937500000E1
2.775505776E0,1.937500000E1
2.778129776E0,1.937500000E1
2.780754776E0,1.937500000E1
2.783378776E0,1.937500000E1
2.786003776E0,1.937500000E1
2.788627776E0,1.937500000E1
2.791252776E0,1.937500000E1
2.793876776E0,6.500000000E0
2.796501776E0,6.500000000E0
2.799125776E0,6.500000000E0
2.801750776E0,6.500000000E0
2.804374776E0,6.500000000E0
2.806999776E0,6.500000000E0
2.809623776E0,6.500000000E0
2.812248776E0,6.500000000E0
2.814872776E0,6.500000000E0
2.817497776E0,6.500000000E0
2.820122776E0,1.937500000E1
2.822746776E0,1.937500000E1
2.825371776E0,1.937500000E1
2.827995776E0,1.937500000E1
2.830620776E0,1.937500000E1
2.833244776E0,1.937500000E1
2.835869776E0,1.937500000E1
2.838493776E0,1.937500000E1
2.841118776E0,1.937500000E1
2.843742776E0,6.500000000E0
2.846367776E0,6.500000000E0
2.848991776E0,6.500000000E0
2.851616776E0,6.500000000E0
2.854240776E0,6.500000000E0
2.856865776E0,6.500000000E0
2.859489776E0,6.500000000E0
2.862114776E0,6.500000000E0
2.864738776E0,6.500000000E0
2.867363776E0,6.500000000E0
2.869987776E0,1.937500000E1
2.872612776E0,1.937500000E1
2.875236776E0,1.937500000E1
2.877861776E0,1.937500000E1
2.880485776E0,1.937500000E1
2.883110776E0,1.937500000E1
2.885734776E0,1.937500000E1
2.888359776E0,1.937500000E1
2.890983776E0,1.937500000E1
2.893608776E0,1.937500000E1
2.896232776E0,6.500000000E0
2.898857776E0,6.500000000E0
2.901481776E0,6.500000000E0
2.904106776E0,6.500000000E0
2.906730776E0,6.500000000E0
2.909355776E0,6.500000000E0
2.911979776E0,6.500000000E0
2.914604776E0,6.500000000E0
2.917228776E0,6.500000000E0
2.919853776E0,6.500000000E0
2.922477776E0,6.500000000E0
2.925102776E0,6.500000000E0
2.927726776E0,6.500000000E0
2.930351776E0,6.500000000E0
2.932976776E0,6.500000000E0
2.935600776E0,6.500000000E0
2.938225776E0,6.500000000E0
2.940849776E0,6.500000000E0
2.943474776E0,6.500000000E0
2.946098776E0,1.937500000E1
2.948723776E0,1.937500000E1
2.951347776E0,1.937500000E1
2.953972776E0,1.937500000E1
2.956596776E0,1.937500000E1
2.959221776E0,1.937500000E1
2.961845776E0,1.937500000E1
2.964470776E0,1.937500000E1
2.967094776E0,1.937500000E1
2.969719776E0,1.937500000E1
2.972343776E0,6.500000000E0
2.974968776E0,6.500000000E0
2.977592776E0,6.500000000E0
2.980217776E0,6.500000000E0
2.982841776E0,6.500000000E0
2.985466776E0,6.500000000E0
2.988090776E0,6.500000000E0
2.990715776E0,6.500000000E0
2.993339776E0,6.500000000E0
2.995964776E0,6.500000000E0
2.998588776E0,6.500000000E0
3.001213776E0,6.500000000E0
3.003837776E0,6.500000000E0
3.006462776E0,6.500000000E0
3.009086776E0,6.500000000E0
3.011711776E0,6.500000000E0
3.014335776E0,6.500000000E0
3.016960776E0,6.500000000E0
3.019584776E0,6.500000000E0
3.022209776E0,6.500000000E0
3.024833776E0,6.500000000E0
3.027458776E0,6.500000000E0
3.030082776E0,6.500000000E0
3.032707776E0,6.500000000E0
3.035331776E0,6.500000000E0
3.037956776E0,6.500000000E0
3.040580776E0,6.500000000E0
3.043205776E0,6.500000000E0
3.045830776E0,6.500000000E0
3.048454776E0,6.500000000E0
3.051079776E0,6.500000000E0
3.053703776E0,6.500000000E0
3.056328776E0,6.500000000E0
3.058952776E0,6.500000000E0
3.061577776E0,6.500000000E0
3.064201776E0,6.500000000E0
3.066826776E0,6.500000000E0
3.069450776E0,6.500000000E0
3.072075776E0,6.500000000E0
3.074699776E0,1.937500000E1
3.077324776E0,1.937500000E1
3.079948776E0,1.937500000E1
3.082573776E0,1.937500000E1
3.085197776E0,1.937500000E1
3.087822776E0,1.937500000E1
3.090446776E0,1.937500000E1
3.093071776E0,1.937500000E1
3.095695776E0,1.937500000E1
3.098320776E0,6.500000000E0
3.100944776E0,6.500000000E0
3.103569776E0,6.500000000E0
3.106193776E0,6.500000000E0
3.108818776E0,6.500000000E0
3.111442776E0,6.500000000E0
3.114067776E0,6.500000000E0
3.116691776E0,6.500000000E0
3.119316776E0,6.500000000E0
3.121940776E0,6.500000000E0
3.124565776E0,1.937500000E1
3.127189776E0,1.937500000E1
3.129814776E0,1.937500000E1
3.132438776E0,1.937500000E1
3.135063776E0,1.937500000E1
3.137687776E0,1.937500000E1
3.140312776E0,1.937500000E1
3.142936776E0,1.937500000E1
3.145561776E0,1.937500000E1
3.148185776E0,1.937500000E1
3.150810776E0,1.937500000E1
3.153434776E0,1.937500000E1
3.156059776E0,1.937500000E1
3.158684776E0,1.937500000E1
3.161308776E0,1.937500000E1
3.163933776E0,1.937500000E1
3.166557776E0,1.937500000E1
3.169182776E0,1.937500000E1
3.171806776E0,1.937500000E1
3.174431776E0,1.937500000E1
3.177055776E0,6.500000000E0
3.179680776E0,6.500000000E0
3.182304776E0,6.500000000E0
3.184929776E0,6.500000000E0
3.187553776E0,6.500000000E0
3.190178776E0,6.500000000E0
3.192802776E0,6.500000000E0
3.195427776E0,6.500000000E0
3.198051776E0,6.500000000E0
3.200676776E0,1.937500000E1
3.203300776E0,1.937500000E1
3.205925776E0,1.937500000E1
3.208549776E0,1.937500000E1
3.211174776E0,1.937500000E1
3.213798776E0,1.937500000E1
3.216423776E0,1.937500000E1
3.219047776E0,1.937500000E1
3.221672776E0,1.937500000E1
3.224296776E0,1.937500000E1
3.226921776E0,6.500000000E0
3.229545776E0,6.500000000E0
3.232170776E0,6.500000000E0
3.234794776E0,6.500000000E0
3.237419776E0,6.500000000E0
3.240043776E0,6.500000000E0
3.242668776E0,6.500000000E0
3.245292776E0,6.500000000E0
3.247917776E0,6.500000000E0
3.250541776E0,6.500000000E0
3.253166776E0,6.500000000E0
3.255790776E0,6.500000000E0
3.258415776E0,6.500000000E0
3.261039776E0,6.500000000E0
3.263664776E0,6.500000000E0
3.266288776E0,6.500000000E0
3.268913776E0,6.500000000E0
3.271538776E0,6.500000000E0
3.274162776E0,6.500000000E0
3.276787776E0,1.937500000E1
3.279411776E0,1.937500000E1
3.282036776E0,1.937500000E1
3.284660776E0,1.937500000E1
3.287285776E0,1.937500000E1
3.289909776E0,1.937500000E1
3.292534776E0,1.937500000E1
3.295158776E0,1.937500000E1
3.297783776E0,1.937500000E1
3.300407776E0,1.937500000E1
3.303032776E0,1.937500000E1
3.305656776E0,1.937500000E1
3.308281776E0,1.937500000E1
3.310905776E0,1.937500000E1
3.313530776E0,1.937500000E1
3.316154776E0,1.937500000E1
3.318779776E0,1.937500000E1
3.321403776E0,1.937500000E1
3.324028776E0,1.937500000E1
3.326652776E0,1.937500000E1
3.329277776E0,6.500000000E0
3.331901776E0,6.500000000E0
3.334526776E0,6.500000000E0
3.337150776E0,6.500000000E0
3.339775776E0,6.500000000E0
3.342399776E0,6.500000000E0
3.345024776E0,6.500000000E0
3.347648776E0,6.500000000E0
3.350273776E0,6.500000000E0
3.352897776E0,1.937500000E1
3.355522776E0,1.937500000E1
3.358146776E0,1.937500000E1
3.360771776E0,1.937500000E1
3.363395776E0,1.937500000E1
3.366020776E0,1.937500000E1
3.368644776E0,1.937500000E1
3.371269776E0,1.937500000E1
3.373893776E0,1.937500000E1
3.376518776E0,1.937500000E1
3.379143776E0,6.500000000E0
3.381767776E0,6.500000000E0
3.384392776E0,6.500000000E0
3.387016776E0,6.500000000E0
3.389641776E0,6.500000000E0
3.392265776E0,6.500000000E0
3.394890776E0,6.500000000E0
3.397514776E0,6.500000000E0
3.400139776E0,6.500000000E0
3.402763776E0,6.500000000E0
3.405388776E0,6.500000000E0
3.408012776E0,6.500000000E0
3.410637776E0,6.500000000E0
3.413261776E0,6.500000000E0
3.415886776E0,6.500000000E0
3.418510776E0,6.500000000E0
3.421135776E0,6.500000000E0
3.423759776E0,6.500000000E0
3.426384776E0,6.500000000E0
3.429008776E0,6.500000000E0
3.431633776E0,1.937500000E1
3.434257776E0,1.937500000E1
3.436882776E0,1.937500000E1
3.439506776E0,1.937500000E1
3.442131776E0,1.937500000E1
3.444755776E0,1.937500000E1
3.447380776E0,1.937500000E1
3.450004776E0,1.937500000E1
3.452629776E0,1.937500000E1
3.455253776E0,6.500000000E0
3.457878776E0,6.500000000E0
3.460502776E0,6.500000000E0
3.463127776E0,6.500000000E0
3.465751776E0,6.500000000E0
3.468376776E0,6.500000000E0
3.471000776E0,6.500000000E0
3.473625776E0,6.500000000E0
3.476249776E0,6.500000000E0
3.478874776E0,6.500000000E0
3.481498776E0,6.500000000E0
3.484123776E0,6.500000000E0
3.486747776E0,6.500000000E0
3.489372776E0,6.500000000E0
3.491997776E0,6.500000000E0
3.494621776E0,6.500000000E0
3.497246776E0,6.500000000E0
3.499870776E0,6.500000000E0
3.502495776E0,6.500000000E0
3.505119776E0,6.500000000E0
3.507744776E0,1.937500000E1
3.510368776E0,1.937500000E1
3.512993776E0,1.937500000E1
3.515617776E0,1.937500000E1
3.518242776E0,1.937500000E1
3.520866776E0,1.937500000E1
3.523491776E0,1.937500000E1
3.526115776E0,1.937500000E1
3.528740776E0,1.937500000E1
3.531364776E0,1.937500000E1
3.533989776E0,1.937500000E1
3.536613776E0,1.937500000E1
3.539238776E0,1.937500000E1
3.541862776E0,1.937500000E1
3.544487776E0,1.937500000E1
3.547111776E0,1.937500000E1
3.549736776E0,1.937500000E1
3.552360776E0,1.937500000E1
3.554985776E0,1.937500000E1
3.557609776E0,6.500000000E0
3.560234776E0,6.500000000E0
3.562858776E0,6.500000000E0
3.565483776E0,6.500000000E0
3.568107776E0,6.500000000E0
3.570732776E0,6.500000000E0
3.573356776E0,6.500000000E0
3.575981776E0,6.500000000E0
3.578605776E0,6.500000000E0
3.581230776E0,6.500000000E0
3.583854776E0,6.500000000E0
3.586479776E0,6.500000000E0
3.589103776E0,6.500000000E0
3.591728776E0,6.500000000E0
3.594352776E0,6.500000000E0
3.596977776E0,6.500000000E0
3.599601776E0,6.500000000E0
3.602226776E0,6.500000000E0
3.604851776E0,6.500000000E0
3.607475776E0,6.500000000E0
3.610100776E0,6.500000000E0
3.612724776E0,6.500000000E0
3.615349776E0,6.500000000E0
3.617973776E0,6.500000000E0
3.620598776E0,6.500000000E0
3.623222776E0,6.500000000E0
3.625847776E0,6.500000000E0
3.628471776E0,6.500000000E0
3.631096776E0,6.500000000E0
3.633720776E0,6.500000000E0
3.636345776E0,6.500000000E0
3.638969776E0,6.500000000E0
3.641594776E0,6.500000000E0
3.644218776E0,6.500000000E0
3.646843776E0,6.500000000E0
3.649467776E0,6.500000000E0
3.652092776E0,6.500000000E0
3.654716776E0,6.500000000E0
3.657341776E0,6.500000000E0
3.659965776E0,6.500000000E0
3.662590776E0,6.500000000E0
3.665214776E0,6.500000000E0
3.667839776E0,6.500000000E0
3.670463776E0,6.500000000E0
3.673088776E0,6.500000000E0
3.675712776E0,6.500000000E0
3.678337776E0,6.500000000E0
3.680961776E0,6.500000000E0
3.683586776E0,6.500000000E0
3.686210776E0,1.937500000E1
3.688835776E0,1.937500000E1
3.691459776E0,1.937500000E1
3.694084776E0,1.937500000E1
3.696708776E0,1.937500000E1
3.699333776E0,1.937500000E1
3.701957776E0,1.937500000E1
3.704582776E0,1.937500000E1
3.707206776E0,1.937500000E1
3.709831776E0,6.500000000E0
3.712455776E0,6.500000000E0
3.715080776E0,6.500000000E0
3.717705776E0,6.500000000E0
3.720329776E0,6.500000000E0
3.722954776E0,6.500000000E0
3.725578776E0,6.500000000E0
3.728203776E0,6.500000000E0
3.730827776E0,6.500000000E0
3.733452776E0,6.500000000E0
3.736076776E0,6.500000000E0
3.738701776E0,6.500000000E0
3.741325776E0,6.500000000E0
3.743950776E0,6.500000000E0
3.746574776E0,6.500000000E0
3.749199776E0,6.500000000E0
3.751823776E0,6.500000000E0
3.754448776E0,6.500000000E0
3.757072776E0,6.500000000E0
3.759697776E0,6.500000000E0
3.762321776E0,6.500000000E0
3.764946776E0,6.500000000E0
3.767570776E0,6.500000000E0
3.770195776E0,6.500000000E0
3.772819776E0,6.500000000E0
3.775444776E0,6.500000000E0
3.778068776E0,6.500000000E0
3.780693776E0,6.500000000E0
3.783317776E0,6.500000000E0
3.785942776E0,6.500000000E0
3.788566776E0,6.500000000E0
3.791191776E0,6.500000000E0
3.793815776E0,6.500000000E0
3.796440776E0,6.500000000E0
3.799064776E0,6.500000000E0
3.801689776E0,6.500000000E0
3.804313776E0,6.500000000E0
3.806938776E0,6.500000000E0
3.809562776E0,6.500000000E0
3.812187776E0,6.500000000E0
3.814811776E0,6.500000000E0
3.817436776E0,6.500000000E0
3.820060776E0,6.500000000E0
3.822685776E0,6.500000000E0
3.825309776E0,6.500000000E0
3.827934776E0,6.500000000E0
3.830559776E0,6.500000000E0
3.833183776E0,6.500000000E0
3.835808776E0,6.500000000E0
3.838432776E0,1.937500000E1
3.841057776E0,1.937500000E1
3.843681776E0,1.937500000E1
3.846306776E0,1.937500000E1
3.848930776E0,1.937500000E1
3.851555776E0,1.937500000E1
3.854179776E0,1.937500000E1
3.856804776E0,1.937500000E1
3.859428776E0,1.937500000E1
3.862053776E0,6.500000000E0
3.864677776E0,6.500000000E0
3.867302776E0,6.500000000E0
3.869926776E0,6.500000000E0
3.872551776E0,6.500000000E0
3.875175776E0,6.500000000E0
3.877800776E0,6.500000000E0
3.880424776E0,6.500000000E0
3.883049776E0,6.500000000E0
3.885673776E0,6.500000000E0
3.888298776E0,1.937500000E1
3.890922776E0,1.937500000E1
3.893547776E0,1.937500000E1
3.896171776E0,1.937500000E1
3.898796776E0,1.937500000E1
3.901420776E0,1.937500000E1
3.904045776E0,1.937500000E1
3.906669776E0,1.937500000E1
3.909294776E0,1.937500000E1
3.911918776E0,1.937500000E1
3.914543776E0,1.937500000E1
3.917167776E0,1.937500000E1
3.919792776E0,1.937500000E1
3.922416776E0,1.937500000E1
3.925041776E0,1.937500000E1
3.927665776E0,1.937500000E1
3.930290776E0,1.937500000E1
3.932914776E0,1.937500000E1
3.935539776E0,1.937500000E1
3.938163776E0,6.500000000E0
3.940788776E0,6.500000000E0
3.943413776E0,6.500000000E0
3.946037776E0,6.500000000E0
3.948662776E0,6.500000000E0
3.951286776E0,6.500000000E0
3.953911776E0,6.500000000E0
3.956535776E0,6.500000000E0
3.959160776E0,6.500000000E0
3.961784776E0,6.500000000E0
3.964409776E0,1.937500000E1
3.967033776E0,1.937500000E1
3.969658776E0,1.937500000E1
3.972282776E0,1.937500000E1
3.974907776E0,1.937500000E1
3.977531776E0,1.937500000E1
3.980156776E0,1.937500000E1
3.982780776E0,1.937500000E1
3.985405776E0,1.937500000E1
3.988029776E0,1.937500000E1
3.990654776E0,6.500000000E0
3.993278776E0,6.500000000E0
3.995903776E0,6.500000000E0
3.998527776E0,6.500000000E0
4.001152776E0,6.500000000E0
4.003776776E0,6.500000000E0
4.006401776E0,6.500000000E0
4.009025776E0,6.500000000E0
4.011650776E0,6.500000000E0
4.014274776E0,6.500000000E0
4.016899776E0,6.500000000E0
4.019523776E0,6.500000000E0
4.022148776E0,6.500000000E0
4.024772776E0,6.500000000E0
4.027397776E0,6.500000000E0
4.030021776E0,6.500000000E0
4.032646776E0,6.500000000E0
4.035270776E0,6.500000000E0
4.037895776E0,6.500000000E0
4.040519776E0,1.937500000E1
4.043144776E0,1.937500000E1
4.045768776E0,1.937500000E1
4.048393776E0,1.937500000E1
4.051018776E0,1.937500000E1
4.053642776E0,1.937500000E1
4.056267776E0,1.937500000E1
4.058891776E0,1.937500000E1
4.061516776E0,1.937500000E1
4.064140776E0,1.937500000E1
4.066765776E0,1.937500000E1
4.069389776E0,1.937500000E1
4.072014776E0,1.937500000E1
4.074638776E0,1.937500000E1
4.077263776E0,1.937500000E1
4.079887776E0,1.937500000E1
4.082512776E0,1.937500000E1
4.085136776E0,1.937500000E1
4.087761776E0,1.937500000E1
4.090385776E0,1.937500000E1
4.093010776E0,6.500000000E0
4.095634776E0,6.500000000E0
4.098259776E0,6.500000000E0
4.100883776E0,6.500000000E0
4.103508776E0,6.500000000E0
4.106132776E0,6.500000000E0
4.108757776E0,6.500000000E0
4.111381776E0,6.500000000E0
4.114006776E0,6.500000000E0
4.116630776E0,1.937500000E1
4.119255776E0,1.937500000E1
4.121879776E0,1.937500000E1
4.124504776E0,1.937500000E1
4.127128776E0,1.937500000E1
4.129753776E0,1.937500000E1
4.132377776E0,1.937500000E1
4.135002776E0,1.937500000E1
4.137626776E0,1.937500000E1
4.140251776E0,1.937500000E1
4.142875776E0,1.937500000E1
4.145500776E0,1.937500000E1
4.148124776E0,1.937500000E1
4.150749776E0,1.937500000E1
4.153373776E0,1.937500000E1
4.155998776E0,1.937500000E1
4.158622776E0,1.937500000E1
4.161247776E0,1.937500000E1
4.163872776E0,1.937500000E1
4.166496776E0,1.937500000E1
4.169121776E0,6.500000000E0
4.171745776E0,6.500000000E0
4.174370776E0,6.500000000E0
4.176994776E0,6.500000000E0
4.179619776E0,6.500000000E0
4.182243776E0,6.500000000E0
4.184868776E0,6.500000000E0
4.187492776E0,6.500000000E0
4.190117776E0,6.500000000E0
4.192741776E0,6.500000000E0
4.195366776E0,6.500000000E0
4.197990776E0,6.500000000E0
4.200615776E0,6.500000000E0
4.203239776E0,6.500000000E0
4.205864776E0,6.500000000E0
4.208488776E0,6.500000000E0
4.211113776E0,6.500000000E0
4.213737776E0,6.500000000E0
4.216362776E0,6.500000000E0
4.218986776E0,1.937500000E1
4.221611776E0,1.937500000E1
4.224235776E0,1.937500000E1
4.226860776E0,1.937500000E1
4.229484776E0,1.937500000E1
4.232109776E0,1.937500000E1
4.234733776E0,1.937500000E1
4.237358776E0,1.937500000E1
4.239982776E0,1.937500000E1
4.242607776E0,1.937500000E1
4.245231776E0,6.500000000E0
4.247856776E0,6.500000000E0
4.250480776E0,6.500000000E0
4.253105776E0,6.500000000E0
4.255729776E0,6.500000000E0
4.258354776E0,6.500000000E0
4.260978776E0,6.500000000E0
4.263603776E0,6.500000000E0
4.266227776E0,6.500000000E0
4.268852776E0,6.500000000E0
4.271476776E0,6.500000000E0
4.274101776E0,6.500000000E0
4.276726776E0,6.500000000E0
4.279350776E0,6.500000000E0
4.281975776E0,6.500000000E0
4.284599776E0,6.500000000E0
4.287224776E0,6.500000000E0
4.289848776E0,6.500000000E0
4.292473776E0,6.500000000E0
4.295097776E0,6.500000000E0
4.297722776E0,6.500000000E0
4.300346776E0,6.500000000E0
4.302971776E0,6.500000000E0
4.305595776E0,6.500000000E0
4.308220776E0,6.500000000E0
4.310844776E0,6.500000000E0
4.313469776E0,6.500000000E0
4.316093776E0,6.500000000E0
4.318718776E0,6.500000000E0
4.321342776E0,6.500000000E0
4.323967776E0,6.500000000E0
4.326591776E0,6.500000000E0
4.329216776E0,6.500000000E0
4.331840776E0,6.500000000E0
4.334465776E0,6.500000000E0
4.337089776E0,6.500000000E0
4.339714776E0,6.500000000E0
4.342338776E0,6.500000000E0
4.344963776E0,6.500000000E0
4.347587776E0,1.937500000E1
4.350212776E0,1.937500000E1
4.352836776E0,1.937500000E1
4.355461776E0,1.937500000E1
4.358085776E0,1.937500000E1
4.360710776E0,1.937500000E1
4.363334776E0,1.937500000E1
4.365959776E0,1.937500000E1
4.368583776E0,1.937500000E1
4.371208776E0,1.937500000E1
4.373832776E0,6.500000000E0
4.376457776E0,6.500000000E0
4.379081776E0,6.500000000E0
4.381706776E0,6.500000000E0
4.384330776E0,6.500000000E0
4.386955776E0,6.500000000E0
4.389580776E0,6.500000000E0
4.392204776E0,6.500000000E0
4.394829776E0,6.500000000E0
4.397453776E0,6.500000000E0
4.400078776E0,6.500000000E0
4.402702776E0,6.500000000E0
4.405327776E0,6.500000000E0
4.407951776E0,6.500000000E0
4.410576776E0,6.500000000E0
4.413200776E0,6.500000000E0
4.415825776E0,6.500000000E0
4.418449776E0,6.500000000E0
4.421074776E0,6.500000000E0
4.423698776E0,1.937500000E1
4.426323776E0,1.937500000E1
4.428947776E0,1.937500000E1
4.431572776E0,1.937500000E1
4.434196776E0,1.937500000E1
4.436821776E0,1.937500000E1
4.439445776E0,1.937500000E1
4.442070776E0,1.937500000E1
4.444694776E0,1.937500000E1
4.447319776E0,1.937500000E1
4.449943776E0,6.500000000E0
4.452568776E0,6.500000000E0
4.455192776E0,6.500000000E0
4.457817776E0,6.500000000E0
4.460441776E0,6.500000000E0
4.463066776E0,6.500000000E0
4.465690776E0,6.500000000E0
4.468315776E0,6.500000000E0
4.470939776E0,6.500000000E0
4.473564776E0,1.937500000E1
4.476188776E0,1.937500000E1
4.478813776E0,1.937500000E1
4.481437776E0,1.937500000E1
4.484062776E0,1.937500000E1
4.486686776E0,1.937500000E1
4.489311776E0,1.937500000E1
4.491935776E0,1.937500000E1
4.494560776E0,1.937500000E1
4.497184776E0,1.937500000E1
4.499809776E0,6.500000000E0
4.502434776E0,6.500000000E0
4.505058776E0,6.500000000E0
4.507683776E0,6.500000000E0
4.510307776E0,6.500000000E0
4.512932776E0,6.500000000E0
4.515556776E0,6.500000000E0
4.518181776E0,6.500000000E0
4.520805776E0,6.500000000E0
4.523430776E0,6.500000000E0
4.526054776E0,6.500000000E0
4.528679776E0,6.500000000E0
4.531303776E0,6.500000000E0
4.533928776E0,6.500000000E0
4.536552776E0,6.500000000E0
4.539177776E0,6.500000000E0
4.541801776E0,6.500000000E0
4.544426776E0,6.500000000E0
4.547050776E0,6.500000000E0
4.549675776E0,1.937500000E1
4.552299776E0,1.937500000E1
4.554924776E0,1.937500000E1
4.557548776E0,1.937500000E1
4.560173776E0,1.937500000E1
4.562797776E0,1.937500000E1
4.565422776E0,1.937500000E1
4.568046776E0,1.937500000E1
4.570671776E0,1.937500000E1
4.573295776E0,1.937500000E1
4.575920776E0,6.500000000E0
4.578544776E0,6.500000000E0
4.581169776E0,6.500000000E0
4.583793776E0,6.500000000E0
4.586418776E0,6.500000000E0
4.589042776E0,6.500000000E0
4.591667776E0,6.500000000E0
4.594291776E0,6.500000000E0
4.596916776E0,6.500000000E0
4.599540776E0,6.500000000E0
4.602165776E0,6.500000000E0
4.604789776E0,6.500000000E0
4.607414776E0,6.500000000E0
4.610038776E0,6.500000000E0
4.612663776E0,6.500000000E0
4.615288776E0,6.500000000E0
4.617912776E0,6.500000000E0
4.620537776E0,6.500000000E0
4.623161776E0,6.500000000E0
4.625786776E0,6.500000000E0
4.628410776E0,1.937500000E1
4.631035776E0,1.937500000E1
4.633659776E0,1.937500000E1
4.636284776E0,1.937500000E1
4.638908776E0,1.937500000E1
4.641533776E0,1.937500000E1
4.644157776E0,1.937500000E1
4.646782776E0,1.937500000E1
4.649406776E0,1.937500000E1
4.652031776E0,1.937500000E1
4.654655776E0,1.937500000E1
4.657280776E0,1.937500000E1
4.659904776E0,1.937500000E1
4.662529776E0,1.937500000E1
4.665153776E0,1.937500000E1
4.667778776E0,1.937500000E1
4.670402776E0,1.937500000E1
4.673027776E0,1.937500000E1
4.675651776E0,1.937500000E1
4.678276776E0,6.500000000E0
4.680900776E0,6.500000000E0
4.683525776E0,6.500000000E0
4.686149776E0,6.500000000E0
4.688774776E0,6.500000000E0
4.691398776E0,6.500000000E0
4.694023776E0,6.500000000E0
4.696647776E0,6.500000000E0
4.699272776E0,6.500000000E0
4.701896776E0,6.500000000E0
4.704521776E0,6.500000000E0
4.707145776E0,6.500000000E0
4.709770776E0,6.500000000E0
4.712394776E0,6.500000000E0
4.715019776E0,6.500000000E0
4.717643776E0,6.500000000E0
4.720268776E0,6.500000000E0
4.722893776E0,6.500000000E0
4.725517776E0,6.500000000E0
4.728142776E0,6.500000000E0
4.730766776E0,6.500000000E0
4.733391776E0,6.500000000E0
4.736015776E0,6.500000000E0
4.738640776E0,6.500000000E0
4.741264776E0,6.500000000E0
4.743889776E0,6.500000000E0
4.746513776E0,6.500000000E0
4.749138776E0,6.500000000E0
4.751762776E0,6.500000000E0
4.754387776E0,6.500000000E0
4.757011776E0,6.500000000E0
4.759636776E0,6.500000000E0
4.762260776E0,6.500000000E0
4.764885776E0,6.500000000E0
4.767509776E0,6.500000000E0
4.770134776E0,6.500000000E0
4.772758776E0,6.500000000E0
4.775383776E0,6.500000000E0
4.778007776E0,6.500000000E0
4.780632776E0,6.500000000E0
4.783256776E0,6.500000000E0
4.785881776E0,6.500000000E0
4.788505776E0,6.500000000E0
4.791130776E0,6.500000000E0
4.793754776E0,6.500000000E0
4.796379776E0,6.500000000E0
4.799003776E0,6.500000000E0
4.801628776E0,6.500000000E0
4.804252776E0,1.937500000E1
4.806877776E0,1.937500000E1
4.809501776E0,1.937500000E1
4.812126776E0,1.937500000E1
4.814750776E0,1.937500000E1
4.817375776E0,1.937500000E1
4.819999776E0,1.937500000E1
4.822624776E0,1.937500000E1
4.825248776E0,1.937500000E1
4.827873776E0,1.937500000E1
4.830497776E0,6.500000000E0
4.833122776E0,6.500000000E0
4.835747776E0,6.500000000E0
4.838371776E0,6.500000000E0
4.840996776E0,6.500000000E0
4.843620776E0,6.500000000E0
4.846245776E0,6.500000000E0
4.848869776E0,6.500000000E0
4.851494776E0,6.500000000E0
4.854118776E0,6.500000000E0
4.856743776E0,1.937500000E1
4.859367776E0,1.937500000E1
4.861992776E0,1.937500000E1
4.864616776E0,1.937500000E1
4.867241776E0,1.937500000E1
4.869865776E0,1.937500000E1
4.872490776E0,1.937500000E1
4.875114776E0,1.937500000E1
4.877739776E0,1.937500000E1
4.880363776E0,1.937500000E1
4.882988776E0,1.937500000E1
4.885612776E0,1.937500000E1
4.888237776E0,1.937500000E1
4.890861776E0,1.937500000E1
4.893486776E0,1.937500000E1
4.896110776E0,1.937500000E1
4.898735776E0,1.937500000E1
4.901359776E0,1.937500000E1
4.903984776E0,1.937500000E1
4.906608776E0,1.937500000E1
4.909233776E0,1.937500000E1
4.911857776E0,1.937500000E1
4.914482776E0,1.937500000E1
4.917106776E0,1.937500000E1
4.919731776E0,1.937500000E1
4.922355776E0,1.937500000E1
4.924980776E0,1.937500000E1
4.927604776E0,1.937500000E1
4.930229776E0,1.937500000E1
4.932853776E0,6.500000000E0
4.935478776E0,6.500000000E0
4.938102776E0,6.500000000E0
4.940727776E0,6.500000000E0
4.943351776E0,6.500000000E0
4.945976776E0,6.500000000E0
4.948601776E0,6.500000000E0
4.951225776E0,6.500000000E0
4.953850776E0,6.500000000E0
4.956474776E0,6.500000000E0
4.959099776E0,6.500000000E0
4.961723776E0,6.500000000E0
4.964348776E0,6.500000000E0
4.966972776E0,6.500000000E0
4.969597776E0,6.500000000E0
4.972221776E0,6.500000000E0
4.974846776E0,6.500000000E0
4.977470776E0,6.500000000E0
4.980095776E0,6.500000000E0
4.982719776E0,1.937500000E1
4.985344776E0,1.937500000E1
4.987968776E0,1.937500000E1
4.990593776E0,1.937500000E1
4.993217776E0,1.937500000E1
4.995842776E0,1.937500000E1
4.998466776E0,1.937500000E1
5.001091776E0,1.937500000E1
5.003715776E0,1.937500000E1
5.006340776E0,1.937500000E1
5.008964776E0,6.500000000E0
5.011589776E0,6.500000000E0
5.014213776E0,6.500000000E0
5.016838776E0,6.500000000E0
5.019462776E0,6.500000000E0
5.022087776E0,6.500000000E0
5.024711776E0,6.500000000E0
5.027336776E0,6.500000000E0
5.029960776E0,6.500000000E0
5.032585776E0,6.500000000E0
5.035209776E0,1.937500000E1
5.037834776E0,1.937500000E1
5.040458776E0,1.937500000E1
5.043083776E0,1.937500000E1
5.045707776E0,1.937500000E1
5.048332776E0,1.937500000E1
5.050956776E0,1.937500000E1
5.053581776E0,1.937500000E1
5.056205776E0,1.937500000E1
5.058830776E0,6.500000000E0
5.061455776E0,6.500000000E0
5.064079776E0,6.500000000E0
5.066704776E0,6.500000000E0
5.069328776E0,6.500000000E0
5.071953776E0,6.500000000E0
5.074577776E0,6.500000000E0
5.077202776E0,6.500000000E0
5.079826776E0,6.500000000E0
5.082451776E0,6.500000000E0
5.085075776E0,1.937500000E1
5.087700776E0,1.937500000E1
5.090324776E0,1.937500000E1
5.092949776E0,1.937500000E1
5.095573776E0,1.937500000E1
5.098198776E0,1.937500000E1
5.100822776E0,1.937500000E1
5.103447776E0,1.937500000E1
5.106071776E0,1.937500000E1
5.108696776E0,1.937500000E1
5.111320776E0,6.500000000E0
5.113945776E0,6.500000000E0
5.116569776E0,6.500000000E0
5.119194776E0,6.500000000E0
5.121818776E0,6.500000000E0
5.124443776E0,6.500000000E0
5.127067776E0,6.500000000E0
5.129692776E0,6.500000000E0
5.132316776E0,6.500000000E0
5.134941776E0,1.937500000E1
5.137565776E0,1.937500000E1
5.140190776E0,1.937500000E1
5.142814776E0,1.937500000E1
5.145439776E0,1.937500000E1
5.148063776E0,1.937500000E1
5.150688776E0,1.937500000E1
5.153312776E0,1.937500000E1
5.155937776E0,1.937500000E1
5.158561776E0,1.937500000E1
5.161186776E0,6.500000000E0
5.163810776E0,6.500000000E0
5.166435776E0,6.500000000E0
5.169059776E0,6.500000000E0
5.171684776E0,6.500000000E0
5.174309776E0,6.500000000E0
5.176933776E0,6.500000000E0
5.179558776E0,6.500000000E0
5.182182776E0,6.500000000E0
5.184807776E0,6.500000000E0
5.187431776E0,1.937500000E1
5.190056776E0,1.937500000E1
5.192680776E0,1.937500000E1
5.195305776E0,1.937500000E1
5.197929776E0,1.937500000E1
5.200554776E0,1.937500000E1
5.203178776E0,1.937500000E1
5.205803776E0,1.937500000E1
5.208427776E0,1.937500000E1
5.211052776E0,1.937500000E1
5.213676776E0,6.500000000E0
5.216301776E0,6.500000000E0
5.218925776E0,6.500000000E0
5.221550776E0,6.500000000E0
5.224174776E0,6.500000000E0
5.226799776E0,6.500000000E0
5.229423776E0,6.500000000E0
5.232048776E0,6.500000000E0
5.234672776E0,6.500000000E0
5.237297776E0,1.937500000E1
5.239921776E0,1.937500000E1
5.242546776E0,1.937500000E1
5.245170776E0,1.937500000E1
5.247795776E0,1.937500000E1
5.250419776E0,1.937500000E1
5.253044776E0,1.937500000E1
5.255668776E0,1.937500000E1
5.258293776E0,1.937500000E1
5.260917776E0,1.937500000E1
5.263542776E0,1.937500000E1
5.266166776E0,1.937500000E1
5.268791776E0,1.937500000E1
5.271415776E0,1.937500000E1
5.274040776E0,1.937500000E1
5.276664776E0,1.937500000E1
5.279289776E0,1.937500000E1
5.281913776E0,1.937500000E1
5.284538776E0,1.937500000E1
5.287163776E0,1.937500000E1
5.289787776E0,1.937500000E1
5.292412776E0,1.937500000E1
5.295036776E0,1.937500000E1
5.297661776E0,1.937500000E1
5.300285776E0,1.937500000E1
5.302910776E0,1.937500000E1
5.305534776E0,1.937500000E1
5.308159776E0,1.937500000E1
5.310783776E0,1.937500000E1
5.313408776E0,6.500000000E0
5.316032776E0,6.500000000E0
5.318657776E0,6.500000000E0
5.321281776E0,6.500000000E0
5.323906776E0,6.500000000E0
5.326530776E0,6.500000000E0
5.329155776E0,6.500000000E0
5.331779776E0,6.500000000E0
5.334404776E0,6.500000000E0
5.337028776E0,6.500000000E0
5.339653776E0,6.500000000E0
5.342277776E0,6.500000000E0
5.344902776E0,6.500000000E0
5.347526776E0,6.500000000E0
5.350151776E0,6.500000000E0
5.352775776E0,6.500000000E0
5.355400776E0,6.500000000E0
5.358024776E0,6.500000000E0
5.360649776E0,6.500000000E0
5.363273776E0,6.500000000E0
5.365898776E0,6.500000000E0
5.368522776E0,6.500000000E0
5.371147776E0,6.500000000E0
5.373771776E0,6.500000000E0
5.376396776E0,6.500000000E0
5.379020776E0,6.500000000E0
5.381645776E0,6.500000000E0
5.384269776E0,6.500000000E0
5.386894776E0,6.500000000E0
5.389518776E0,6.500000000E0
5.392143776E0,6.500000000E0
5.394768776E0,6.500000000E0
5.397392776E0,6.500000000E0
5.400017776E0,6.500000000E0
5.402641776E0,6.500000000E0
5.405266776E0,6.500000000E0
5.407890776E0,6.500000000E0
5.410515776E0,6.500000000E0
5.413139776E0,6.500000000E0
5.415764776E0,6.500000000E0
5.418388776E0,6.500000000E0
5.421013776E0,6.500000000E0
5.423637776E0,6.500000000E0
5.426262776E0,6.500000000E0
5.428886776E0,6.500000000E0
5.431511776E0,6.500000000E0
5.434135776E0,6.500000000E0
5.436760776E0,6.500000000E0
5.439384776E0,6.500000000E0
5.442009776E0,6.500000000E0
5.444633776E0,6.500000000E0
5.447258776E0,6.500000000E0
5.449882776E0,6.500000000E0
5.452507776E0,6.500000000E0
5.455131776E0,6.500000000E0
5.457756776E0,6.500000000E0
5.460380776E0,6.500000000E0
5.463005776E0,6.500000000E0
5.465629776E0,6.500000000E0
5.468254776E0,6.500000000E0
5.470878776E0,6.500000000E0
5.473503776E0,6.500000000E0
5.476127776E0,6.500000000E0
5.478752776E0,6.500000000E0
5.481376776E0,6.500000000E0
5.484001776E0,6.500000000E0
5.486625776E0,6.500000000E0
5.489250776E0,6.500000000E0
5.491874776E0,6.500000000E0
5.494499776E0,6.500000000E0
5.497123776E0,6.500000000E0
5.499748776E0,6.500000000E0
5.502372776E0,6.500000000E0
5.504997776E0,6.500000000E0
5.507622776E0,6.500000000E0
5.510246776E0,6.500000000E0
5.512871776E0,6.500000000E0
5.515495776E0,6.500000000E0
5.518120776E0,6.500000000E0
5.520744776E0,6.500000000E0
5.523369776E0,6.500000000E0
5.525993776E0,6.500000000E0
5.528618776E0,6.500000000E0
5.531242776E0,6.500000000E0
5.533867776E0,6.500000000E0
5.536491776E0,6.500000000E0
5.539116776E0,6.500000000E0
5.541740776E0,6.500000000E0
5.544365776E0,6.500000000E0
5.546989776E0,6.500000000E0
5.549614776E0,6.500000000E0
5.552238776E0,6.500000000E0
5.554863776E0,6.500000000E0
5.557487776E0,6.500000000E0
5.560112776E0,6.500000000E0
5.562736776E0,6.500000000E0
5.565361776E0,6.500000000E0
5.567985776E0,6.500000000E0
5.570610776E0,6.500000000E0
5.573234776E0,6.500000000E0
5.575859776E0,6.500000000E0
5.578483776E0,6.500000000E0
5.581108776E0,6.500000000E0
5.583732776E0,6.500000000E0
5.586357776E0,6.500000000E0
5.588981776E0,6.500000000E0
5.591606776E0,6.500000000E0
5.594230776E0,1.937500000E1
5.596855776E0,1.937500000E1
5.599479776E0,1.937500000E1
5.602104776E0,1.937500000E1
5.604728776E0,1.937500000E1
5.607353776E0,1.937500000E1
5.609977776E0,1.937500000E1
5.612602776E0,1.937500000E1
5.615226776E0,1.937500000E1
5.617851776E0,1.937500000E1
5.620476776E0,1.937500000E1
5.623100776E0,1.937500000E1
5.625725776E0,1.937500000E1
5.628349776E0,1.937500000E1
5.630974776E0,1.937500000E1
5.633598776E0,1.937500000E1
5.636223776E0,1.937500000E1
5.638847776E0,1.937500000E1
5.641472776E0,1.937500000E1
5.644096776E0,1.937500000E1
5.646721776E0,1.937500000E1
5.649345776E0,1.937500000E1
5.651970776E0,1.937500000E1
5.654594776E0,1.937500000E1
5.657219776E0,1.937500000E1
5.659843776E0,1.937500000E1
5.662468776E0,1.937500000E1
5.665092776E0,1.937500000E1
5.667717776E0,1.937500000E1
5.670341776E0,1.937500000E1
5.672966776E0,1.937500000E1
5.675590776E0,1.937500000E1
5.678215776E0,1.937500000E1
5.680839776E0,1.937500000E1
5.683464776E0,1.937500000E1
5.686088776E0,1.937500000E1
5.688713776E0,1.937500000E1
5.691337776E0,1.937500000E1
5.693962776E0,1.937500000E1
5.696586776E0,6.500000000E0
5.699211776E0,6.500000000E0
5.701835776E0,6.500000000E0
5.704460776E0,6.500000000E0
5.707084776E0,6.500000000E0
5.709709776E0,6.500000000E0
5.712333776E0,6.500000000E0
5.714958776E0,6.500000000E0
5.717582776E0,6.500000000E0
5.720207776E0,6.500000000E0
5.722831776E0,1.937500000E1
5.725456776E0,1.937500000E1
5.728080776E0,1.937500000E1
5.730705776E0,1.937500000E1
5.733330776E0,1.937500000E1
5.735954776E0,1.937500000E1
5.738579776E0,1.937500000E1
5.741203776E0,1.937500000E1
5.743828776E0,1.937500000E1
5.746452776E0,6.500000000E0
5.749077776E0,6.500000000E0
5.751701776E0,6.500000000E0
5.754326776E0,6.500000000E0
5.756950776E0,6.500000000E0
5.759575776E0,6.500000000E0
5.762199776E0,6.500000000E0
5.764824776E0,6.500000000E0
5.767448776E0,6.500000000E0
5.770073776E0,6.500000000E0
5.772697776E0,1.937500000E1
5.775322776E0,1.937500000E1
5.777946776E0,1.937500000E1
5.780571776E0,1.937500000E1
5.783195776E0,1.937500000E1
5.785820776E0,1.937500000E1
5.788444776E0,1.937500000E1
5.791069776E0,1.937500000E1
5.793693776E0,1.937500000E1
5.796318776E0,1.937500000E1
5.798942776E0,1.937500000E1
5.801567776E0,1.937500000E1
5.804191776E0,1.937500000E1
5.806816776E0,1.937500000E1
5.809440776E0,1.937500000E1
5.812065776E0,1.937500000E1
5.814689776E0,1.937500000E1
5.817314776E0,1.937500000E1
5.819938776E0,1.937500000E1
5.822563776E0,6.500000000E0
5.825187776E0,6.500000000E0
5.827812776E0,6.500000000E0
5.830436776E0,6.500000000E0
5.833061776E0,6.500000000E0
5.835685776E0,6.500000000E0
5.838310776E0,6.500000000E0
5.840934776E0,6.500000000E0
5.843559776E0,6.500000000E0
5.846184776E0,6.500000000E0
5.848808776E0,1.937500000E1
5.851433776E0,1.937500000E1
5.854057776E0,1.937500000E1
5.856682776E0,1.937500000E1
5.859306776E0,1.937500000E1
5.861931776E0,1.937500000E1
5.864555776E0,1.937500000E1
5.867180776E0,1.937500000E1
5.869804776E0,1.937500000E1
5.872429776E0,1.937500000E1
5.875053776E0,6.500000000E0
5.877678776E0,6.500000000E0
5.880302776E0,6.500000000E0
5.882927776E0,6.500000000E0
5.885551776E0,6.500000000E0
5.888176776E0,6.500000000E0
5.890800776E0,6.500000000E0
5.893425776E0,6.500000000E0
5.896049776E0,6.500000000E0
5.898674776E0,6.500000000E0
5.901298776E0,6.500000000E0
5.903923776E0,6.500000000E0
5.906547776E0,6.500000000E0
5.909172776E0,6.500000000E0
5.911796776E0,6.500000000E0
5.914421776E0,6.500000000E0
5.917045776E0,6.500000000E0
5.919670776E0,6.500000000E0
5.922294776E0,6.500000000E0
5.924919776E0,1.937500000E1
5.927543776E0,1.937500000E1
5.930168776E0,1.937500000E1
5.932792776E0,1.937500000E1
5.935417776E0,1.937500000E1
5.938041776E0,1.937500000E1
5.940666776E0,1.937500000E1
5.943290776E0,1.937500000E1
5.945915776E0,1.937500000E1
5.948539776E0,1.937500000E1
5.951164776E0,6.500000000E0
5.953788776E0,6.500000000E0
5.956413776E0,6.500000000E0
5.959038776E0,6.500000000E0
5.961662776E0,6.500000000E0
5.964287776E0,6.500000000E0
5.966911776E0,6.500000000E0
5.969536776E0,6.500000000E0
5.972160776E0,6.500000000E0
5.974785776E0,6.500000000E0
5.977409776E0,6.500000000E0
5.980034776E0,6.500000000E0
5.982658776E0,6.500000000E0
5.985283776E0,6.500000000E0
5.987907776E0,6.500000000E0
5.990532776E0,6.500000000E0
5.993156776E0,6.500000000E0
5.995781776E0,6.500000000E0
5.998405776E0,6.500000000E0
6.001030776E0,6.500000000E0
6.003654776E0,6.500000000E0
6.006279776E0,6.500000000E0
6.008903776E0,6.500000000E0
6.011528776E0,6.500000000E0
6.014152776E0,6.500000000E0
6.016777776E0,6.500000000E0
6.019401776E0,6.500000000E0
6.022026776E0,6.500000000E0
6.024650776E0,6.500000000E0
6.027275776E0,1.937500000E1
6.029899776E0,1.937500000E1
6.032524776E0,1.937500000E1
6.035148776E0,1.937500000E1
6.037773776E0,1.937500000E1
6.040397776E0,1.937500000E1
6.043022776E0,1.937500000E1
6.045646776E0,1.937500000E1
6.048271776E0,1.937500000E1
6.050895776E0,1.937500000E1
6.053520776E0,6.500000000E0
6.056144776E0,6.500000000E0
6.058769776E0,6.500000000E0
6.061393776E0,6.500000000E0
6.064018776E0,6.500000000E0
6.066643776E0,6.500000000E0
6.069267776E0,6.500000000E0
6.071892776E0,6.500000000E0
6.074516776E0,6.500000000E0
6.077141776E0,6.500000000E0
6.079765776E0,6.500000000E0
6.082390776E0,6.500000000E0
6.085014776E0,6.500000000E0
6.087639776E0,6.500000000E0
6.090263776E0,6.500000000E0
6.092888776E0,6.500000000E0
6.095512776E0,6.500000000E0
6.098137776E0,6.500000000E0
6.100761776E0,6.500000000E0
6.103386776E0,1.937500000E1
6.106010776E0,1.937500000E1
6.108635776E0,1.937500000E1
6.111259776E0,1.937500000E1
6.113884776E0,1.937500000E1
6.116508776E0,1.937500000E1
6.119133776E0,1.937500000E1
6.121757776E0,1.937500000E1
6.124382776E0,1.937500000E1
6.127006776E0,1.937500000E1
6.129631776E0,6.500000000E0
6.132255776E0,6.500000000E0
6.134880776E0,6.500000000E0
6.137504776E0,6.500000000E0
6.140129776E0,6.500000000E0
6.142753776E0,6.500000000E0
6.145378776E0,6.500000000E0
6.148002776E0,6.500000000E0
6.150627776E0,6.500000000E0
6.153251776E0,1.937500000E1
6.155876776E0,1.937500000E1
6.158500776E0,1.937500000E1
6.161125776E0,1.937500000E1
6.163749776E0,1.937500000E1
6.166374776E0,1.937500000E1
6.168998776E0,1.937500000E1
6.171623776E0,1.937500000E1
6.174247776E0,1.937500000E1
6.176872776E0,1.937500000E1
6.179497776E0,6.500000000E0
6.182121776E0,6.500000000E0
6.184746776E0,6.500000000E0
6.187370776E0,6.500000000E0
6.189995776E0,6.500000000E0
6.192619776E0,6.500000000E0
6.195244776E0,6.500000000E0
6.197868776E0,6.500000000E0
6.200493776E0,6.500000000E0
6.203117776E0,6.500000000E0
6.205742776E0,1.937500000E1
6.208366776E0,1.937500000E1
6.210991776E0,1.937500000E1
6.213615776E0,1.937500000E1
6.216240776E0,1.937500000E1
6.218864776E0,1.937500000E1
6.221489776E0,1.937500000E1
6.224113776E0,1.937500000E1
6.226738776E0,1.937500000E1
6.229362776E0,1.937500000E1
6.231987776E0,6.500000000E0
6.234611776E0,6.500000000E0
6.237236776E0,6.500000000E0
6.239860776E0,6.500000000E0
6.242485776E0,6.500000000E0
6.245109776E0,6.500000000E0
6.247734776E0,6.500000000E0
6.250358776E0,6.500000000E0
6.252983776E0,6.500000000E0
6.255607776E0,6.500000000E0
6.258232776E0,6.500000000E0
6.260856776E0,6.500000000E0
6.263481776E0,6.500000000E0
6.266105776E0,6.500000000E0
6.268730776E0,6.500000000E0
6.271354776E0,6.500000000E0
6.273979776E0,6.500000000E0
6.276603776E0,6.500000000E0
6.279228776E0,6.500000000E0
6.281852776E0,1.937500000E1
6.284477776E0,1.937500000E1
6.287101776E0,1.937500000E1
6.289726776E0,1.937500000E1
6.292351776E0,1.937500000E1
6.294975776E0,1.937500000E1
6.297600776E0,1.937500000E1
6.300224776E0,1.937500000E1
6.302849776E0,1.937500000E1
6.305473776E0,1.937500000E1
6.308098776E0,6.500000000E0
6.310722776E0,6.500000000E0
6.313347776E0,6.500000000E0
6.315971776E0,6.500000000E0
6.318596776E0,6.500000000E0
6.321220776E0,6.500000000E0
6.323845776E0,6.500000000E0
6.326469776E0,6.500000000E0
6.329094776E0,6.500000000E0
6.331718776E0,6.500000000E0
6.334343776E0,6.500000000E0
6.336967776E0,6.500000000E0
6.339592776E0,6.500000000E0
6.342216776E0,6.500000000E0
6.344841776E0,6.500000000E0
6.347465776E0,6.500000000E0
6.350090776E0,6.500000000E0
6.352714776E0,6.500000000E0
6.355339776E0,6.500000000E0
6.357963776E0,1.937500000E1
6.360588776E0,1.937500000E1
6.363212776E0,1.937500000E1
6.365837776E0,1.937500000E1
6.368461776E0,1.937500000E1
6.371086776E0,1.937500000E1
6.373710776E0,1.937500000E1
6.376335776E0,1.937500000E1
6.378959776E0,1.937500000E1
6.381584776E0,1.937500000E1
6.384208776E0,6.500000000E0
6.386833776E0,6.500000000E0
6.389457776E0,6.500000000E0
6.392082776E0,6.500000000E0
6.394706776E0,6.500000000E0
6.397331776E0,6.500000000E0
6.399955776E0,6.500000000E0
6.402580776E0,6.500000000E0
6.405205776E0,6.500000000E0
6.407829776E0,6.500000000E0
6.410454776E0,6.500000000E0
6.413078776E0,6.500000000E0
6.415703776E0,6.500000000E0
6.418327776E0,6.500000000E0
6.420952776E0,6.500000000E0
6.423576776E0,6.500000000E0
6.426201776E0,6.500000000E0
6.428825776E0,6.500000000E0
6.431450776E0,6.500000000E0
6.434074776E0,6.500000000E0
6.436699776E0,6.500000000E0
6.439323776E0,6.500000000E0
6.441948776E0,6.500000000E0
6.444572776E0,6.500000000E0
6.447197776E0,6.500000000E0
6.449821776E0,6.500000000E0
6.452446776E0,6.500000000E0
6.455070776E0,6.500000000E0
6.457695776E0,6.500000000E0
6.460319776E0,6.500000000E0
6.462944776E0,6.500000000E0
6.465568776E0,6.500000000E0
6.468193776E0,6.500000000E0
6.470817776E0,6.500000000E0
6.473442776E0,6.500000000E0
6.476066776E0,6.500000000E0
6.478691776E0,6.500000000E0
6.481315776E0,6.500000000E0
6.483940776E0,6.500000000E0
6.486564776E0,1.937500000E1
6.489189776E0,1.937500000E1
6.491813776E0,1.937500000E1
6.494438776E0,1.937500000E1
6.497062776E0,1.937500000E1
6.499687776E0,1.937500000E1
6.502311776E0,1.937500000E1
6.504936776E0,1.937500000E1
6.507560776E0,1.937500000E1
6.510185776E0,6.500000000E0
6.512809776E0,6.500000000E0
6.515434776E0,6.500000000E0
6.518059776E0,6.500000000E0
6.520683776E0,6.500000000E0
6.523308776E0,6.500000000E0
6.525932776E0,6.500000000E0
6.528557776E0,6.500000000E0
6.531181776E0,6.500000000E0
6.533806776E0,6.500000000E0
6.536430776E0,1.937500000E1
6.539055776E0,1.937500000E1
6.541679776E0,1.937500000E1
6.544304776E0,1.937500000E1
6.546928776E0,1.937500000E1
6.549553776E0,1.937500000E1
6.552177776E0,1.937500000E1
6.554802776E0,1.937500000E1
6.557426776E0,1.937500000E1
6.560051776E0,1.937500000E1
6.562675776E0,6.500000000E0
6.565300776E0,6.500000000E0
6.567924776E0,6.500000000E0
6.570549776E0,6.500000000E0
6.573173776E0,6.500000000E0
6.575798776E0,6.500000000E0
6.578422776E0,6.500000000E0
6.581047776E0,6.500000000E0
6.583671776E0,6.500000000E0
6.586296776E0,6.500000000E0
6.588920776E0,6.500000000E0
6.591545776E0,6.500000000E0
6.594169776E0,6.500000000E0
6.596794776E0,6.500000000E0
6.599418776E0,6.500000000E0
6.602043776E0,6.500000000E0
6.604667776E0,6.500000000E0
6.607292776E0,6.500000000E0
6.609916776E0,6.500000000E0
6.612541776E0,6.500000000E0
6.615165776E0,6.500000000E0
6.617790776E0,6.500000000E0
6.620414776E0,6.500000000E0
6.623039776E0,6.500000000E0
6.625663776E0,6.500000000E0
6.628288776E0,6.500000000E0
6.630913776E0,6.500000000E0
6.633537776E0,6.500000000E0
6.636162776E0,1.937500000E1
6.638786776E0,1.937500000E1
6.641411776E0,1.937500000E1
6.644035776E0,1.937500000E1
6.646660776E0,1.937500000E1
6.649284776E0,1.937500000E1
6.651909776E0,1.937500000E1
6.654533776E0,1.937500000E1
6.657158776E0,1.937500000E1
6.659782776E0,1.937500000E1
6.662407776E0,1.937500000E1
6.665031776E0,6.500000000E0
6.667656776E0,6.500000000E0
6.670280776E0,6.500000000E0
6.672905776E0,6.500000000E0
6.675529776E0,6.500000000E0
6.678154776E0,6.500000000E0
6.680778776E0,6.500000000E0
6.683403776E0,6.500000000E0
6.686027776E0,6.500000000E0
6.688652776E0,1.937500000E1
6.691276776E0,1.937500000E1
6.693901776E0,1.937500000E1
6.696525776E0,1.937500000E1
6.699150776E0,1.937500000E1
6.701774776E0,1.937500000E1
6.704399776E0,1.937500000E1
6.707023776E0,1.937500000E1
6.709648776E0,1.937500000E1
6.712272776E0,1.937500000E1
6.714897776E0,6.500000000E0
6.717521776E0,6.500000000E0
6.720146776E0,6.500000000E0
6.722770776E0,6.500000000E0
6.725395776E0,6.500000000E0
6.728019776E0,6.500000000E0
6.730644776E0,6.500000000E0
6.733268776E0,6.500000000E0
6.735893776E0,6.500000000E0
6.738518776E0,6.500000000E0
6.741142776E0,6.500000000E0
6.743767776E0,6.500000000E0
6.746391776E0,6.500000000E0
6.749016776E0,6.500000000E0
6.751640776E0,6.500000000E0
6.754265776E0,6.500000000E0
6.756889776E0,6.500000000E0
6.759514776E0,6.500000000E0
6.762138776E0,6.500000000E0
6.764763776E0,6.500000000E0
6.767387776E0,6.500000000E0
6.770012776E0,6.500000000E0
6.772636776E0,6.500000000E0
6.775261776E0,6.500000000E0
6.777885776E0,6.500000000E0
6.780510776E0,6.500000000E0
6.783134776E0,6.500000000E0
6.785759776E0,6.500000000E0
6.788383776E0,6.500000000E0
6.791008776E0,1.937500000E1
6.793632776E0,1.937500000E1
6.796257776E0,1.937500000E1
6.798881776E0,1.937500000E1
6.801506776E0,1.937500000E1
6.804130776E0,1.937500000E1
6.806755776E0,1.937500000E1
6.809379776E0,1.937500000E1
6.812004776E0,1.937500000E1
6.814628776E0,6.500000000E0
6.817253776E0,6.500000000E0
6.819877776E0,6.500000000E0
6.822502776E0,6.500000000E0
6.825126776E0,6.500000000E0
6.827751776E0,6.500000000E0
6.830375776E0,6.500000000E0
6.833000776E0,6.500000000E0
6.835624776E0,6.500000000E0
6.838249776E0,6.500000000E0
6.840873776E0,6.500000000E0
6.843498776E0,6.500000000E0
6.846122776E0,6.500000000E0
6.848747776E0,6.500000000E0
6.851372776E0,6.500000000E0
6.853996776E0,6.500000000E0
6.856621776E0,6.500000000E0
6.859245776E0,6.500000000E0
6.861870776E0,6.500000000E0
6.864494776E0,6.500000000E0
6.867119776E0,1.937500000E1
6.869743776E0,1.937500000E1
6.872368776E0,1.937500000E1
6.874992776E0,1.937500000E1
6.877617776E0,1.937500000E1
6.880241776E0,1.937500000E1
6.882866776E0,1.937500000E1
6.885490776E0,1.937500000E1
6.888115776E0,1.937500000E1
6.890739776E0,1.937500000E1
6.893364776E0,6.500000000E0
6.895988776E0,6.500000000E0
6.898613776E0,6.500000000E0
6.901237776E0,6.500000000E0
6.903862776E0,6.500000000E0
6.906486776E0,6.500000000E0
6.909111776E0,6.500000000E0
6.911735776E0,6.500000000E0
6.914360776E0,6.500000000E0
6.916984776E0,6.500000000E0
6.919609776E0,1.937500000E1
6.922233776E0,1.937500000E1
6.924858776E0,1.937500000E1
6.927482776E0,1.937500000E1
6.930107776E0,1.937500000E1
6.932731776E0,1.937500000E1
6.935356776E0,1.937500000E1
6.937980776E0,1.937500000E1
6.940605776E0,1.937500000E1
6.943229776E0,1.937500000E1
6.945854776E0,1.937500000E1
6.948478776E0,1.937500000E1
6.951103776E0,1.937500000E1
6.953727776E0,1.937500000E1
6.956352776E0,1.937500000E1
6.958976776E0,1.937500000E1
6.961601776E0,1.937500000E1
6.964226776E0,1.937500000E1
6.966850776E0,1.937500000E1
6.969475776E0,1.937500000E1
6.972099776E0,1.937500000E1
6.974724776E0,1.937500000E1
6.977348776E0,1.937500000E1
6.979973776E0,1.937500000E1
6.982597776E0,1.937500000E1
6.985222776E0,1.937500000E1
6.987846776E0,1.937500000E1
6.990471776E0,1.937500000E1
6.993095776E0,6.500000000E0
6.995720776E0,6.500000000E0
6.998344776E0,6.500000000E0
7.000969776E0,6.500000000E0
7.003593776E0,6.500000000E0
7.006218776E0,6.500000000E0
7.008842776E0,6.500000000E0
7.011467776E0,6.500000000E0
7.014091776E0,6.500000000E0
7.016716776E0,6.500000000E0
7.019340776E0,1.937500000E1
7.021965776E0,1.937500000E1
7.024589776E0,1.937500000E1
7.027214776E0,1.937500000E1
7.029838776E0,1.937500000E1
7.032463776E0,1.937500000E1
7.035087776E0,1.937500000E1
7.037712776E0,1.937500000E1
7.040336776E0,1.937500000E1
7.042961776E0,1.937500000E1
7.045585776E0,6.500000000E0
7.048210776E0,6.500000000E0
7.050834776E0,6.500000000E0
7.053459776E0,6.500000000E0
7.056083776E0,6.500000000E0
7.058708776E0,6.500000000E0
7.061332776E0,6.500000000E0
7.063957776E0,6.500000000E0
7.066581776E0,6.500000000E0
7.069206776E0,6.500000000E0
7.071830776E0,6.500000000E0
7.074455776E0,6.500000000E0
7.077080776E0,6.500000000E0
7.079704776E0,6.500000000E0
7.082329776E0,6.500000000E0
7.084953776E0,6.500000000E0
7.087578776E0,6.500000000E0
7.090202776E0,6.500000000E0
7.092827776E0,6.500000000E0
7.095451776E0,6.500000000E0
7.098076776E0,6.500000000E0
7.100700776E0,6.500000000E0
7.103325776E0,6.500000000E0
7.105949776E0,6.500000000E0
7.108574776E0,6.500000000E0
7.111198776E0,6.500000000E0
7.113823776E0,6.500000000E0
7.116447776E0,6.500000000E0
7.119072776E0,6.500000000E0
7.121696776E0,1.937500000E1
7.124321776E0,1.937500000E1
7.126945776E0,1.937500000E1
7.129570776E0,1.937500000E1
7.132194776E0,1.937500000E1
7.134819776E0,1.937500000E1
7.137443776E0,1.937500000E1
7.140068776E0,1.937500000E1
7.142692776E0,1.937500000E1
7.145317776E0,1.937500000E1
7.147941776E0,6.500000000E0
7.150566776E0,6.500000000E0
7.153190776E0,6.500000000E0
7.155815776E0,6.500000000E0
7.158439776E0,6.500000000E0
7.161064776E0,6.500000000E0
7.163688776E0,6.500000000E0
7.166313776E0,6.500000000E0
7.168937776E0,6.500000000E0
7.171562776E0,6.500000000E0
7.174186776E0,6.500000000E0
7.176811776E0,6.500000000E0
7.179435776E0,6.500000000E0
7.182060776E0,6.500000000E0
7.184684776E0,6.500000000E0
7.187309776E0,6.500000000E0
7.189934776E0,6.500000000E0
7.192558776E0,6.500000000E0
7.195183776E0,6.500000000E0
7.197807776E0,6.500000000E0
7.200432776E0,6.500000000E0
7.203056776E0,6.500000000E0
7.205681776E0,6.500000000E0
7.208305776E0,6.500000000E0
7.210930776E0,6.500000000E0
7.213554776E0,6.500000000E0
7.216179776E0,6.500000000E0
7.218803776E0,6.500000000E0
7.221428776E0,6.500000000E0
7.224052776E0,6.500000000E0
7.226677776E0,6.500000000E0
7.229301776E0,6.500000000E0
7.231926776E0,6.500000000E0
7.234550776E0,6.500000000E0
7.237175776E0,6.500000000E0
7.239799776E0,6.500000000E0
7.242424776E0,6.500000000E0
7.245048776E0,6.500000000E0
7.247673776E0,6.500000000E0
7.250297776E0,6.500000000E0
7.252922776E0,6.500000000E0
7.255546776E0,6.500000000E0
7.258171776E0,6.500000000E0
7.260795776E0,6.500000000E0
7.263420776E0,6.500000000E0
7.266044776E0,6.500000000E0
7.268669776E0,6.500000000E0
7.271293776E0,6.500000000E0
7.273918776E0,6.500000000E0
7.276542776E0,6.500000000E0
7.279167776E0,6.500000000E0
7.281791776E0,6.500000000E0
7.284416776E0,6.500000000E0
7.287040776E0,6.500000000E0
7.289665776E0,6.500000000E0
7.292289776E0,6.500000000E0
7.294914776E0,6.500000000E0
7.297538776E0,6.500000000E0
7.300163776E0,1.937500000E1
7.302788776E0,1.937500000E1
7.305412776E0,1.937500000E1
7.308037776E0,1.937500000E1
7.310661776E0,1.937500000E1
7.313286776E0,1.937500000E1
7.315910776E0,1.937500000E1
7.318535776E0,1.937500000E1
7.321159776E0,1.937500000E1
7.323784776E0,1.937500000E1
7.326408776E0,6.500000000E0
7.329033776E0,6.500000000E0
7.331657776E0,6.500000000E0
7.334282776E0,6.500000000E0
7.336906776E0,6.500000000E0
7.339531776E0,6.500000000E0
7.342155776E0,6.500000000E0
7.344780776E0,6.500000000E0
7.347404776E0,6.500000000E0
7.350029776E0,1.937500000E1
7.352653776E0,1.937500000E1
7.355278776E0,1.937500000E1
7.357902776E0,1.937500000E1
7.360527776E0,1.937500000E1
7.363151776E0,1.937500000E1
7.365776776E0,1.937500000E1
7.368400776E0,1.937500000E1
7.371025776E0,1.937500000E1
7.373649776E0,1.937500000E1
7.376274776E0,6.500000000E0
7.378898776E0,6.500000000E0
7.381523776E0,6.500000000E0
7.384147776E0,6.500000000E0
7.386772776E0,6.500000000E0
7.389396776E0,6.500000000E0
7.392021776E0,6.500000000E0
7.394645776E0,6.500000000E0
7.397270776E0,6.500000000E0
7.399894776E0,6.500000000E0
7.402519776E0,1.937500000E1
7.405143776E0,1.937500000E1
7.407768776E0,1.937500000E1
7.410393776E0,1.937500000E1
7.413017776E0,1.937500000E1
7.415642776E0,1.937500000E1
7.418266776E0,1.937500000E1
7.420891776E0,1.937500000E1
7.423515776E0,1.937500000E1
7.426140776E0,1.937500000E1
7.428764776E0,6.500000000E0
7.431389776E0,6.500000000E0
7.434013776E0,6.500000000E0
7.436638776E0,6.500000000E0
7.439262776E0,6.500000000E0
7.441887776E0,6.500000000E0
7.444511776E0,6.500000000E0
7.447136776E0,6.500000000E0
7.449760776E0,6.500000000E0
7.452385776E0,1.937500000E1
7.455009776E0,1.937500000E1
7.457634776E0,1.937500000E1
7.460258776E0,1.937500000E1
7.462883776E0,1.937500000E1
7.465507776E0,1.937500000E1
7.468132776E0,1.937500000E1
7.470756776E0,1.937500000E1
7.473381776E0,1.937500000E1
7.476005776E0,1.937500000E1
7.478630776E0,6.500000000E0
7.481254776E0,6.500000000E0
7.483879776E0,6.500000000E0
7.486503776E0,6.500000000E0
7.489128776E0,6.500000000E0
7.491752776E0,6.500000000E0
7.494377776E0,6.500000000E0
7.497001776E0,6.500000000E0
7.499626776E0,6.500000000E0
7.502250776E0,6.500000000E0
7.504875776E0,1.937500000E1
7.507499776E0,1.937500000E1
7.510124776E0,1.937500000E1
7.512748776E0,1.937500000E1
7.515373776E0,1.937500000E1
7.517997776E0,1.937500000E1
7.520622776E0,1.937500000E1
7.523247776E0,1.937500000E1
7.525871776E0,1.937500000E1
7.528496776E0,6.500000000E0
7.531120776E0,6.500000000E0
7.533745776E0,6.500000000E0
7.536369776E0,6.500000000E0
7.538994776E0,6.500000000E0
7.541618776E0,6.500000000E0
7.544243776E0,6.500000000E0
7.546867776E0,6.500000000E0
7.549492776E0,6.500000000E0
7.552116776E0,6.500000000E0
7.554741776E0,1.937500000E1
7.557365776E0,1.937500000E1
7.559990776E0,1.937500000E1
7.562614776E0,1.937500000E1
7.565239776E0,1.937500000E1
7.567863776E0,1.937500000E1
7.570488776E0,1.937500000E1
7.573112776E0,1.937500000E1
7.575737776E0,1.937500000E1
7.578361776E0,1.937500000E1
7.580986776E0,6.500000000E0
7.583610776E0,6.500000000E0
7.586235776E0,6.500000000E0
7.588859776E0,6.500000000E0
7.591484776E0,6.500000000E0
7.594108776E0,6.500000000E0
7.596733776E0,6.500000000E0
7.599357776E0,6.500000000E0
7.601982776E0,6.500000000E0
7.604606776E0,1.937500000E1
7.607231776E0,1.937500000E1
7.609855776E0,1.937500000E1
7.612480776E0,1.937500000E1
7.615104776E0,1.937500000E1
7.617729776E0,1.937500000E1
7.620353776E0,1.937500000E1
7.622978776E0,1.937500000E1
7.625602776E0,1.937500000E1
7.628227776E0,1.937500000E1
7.630851776E0,6.500000000E0
7.633476776E0,6.500000000E0
7.636101776E0,6.500000000E0
7.638725776E0,6.500000000E0
7.641350776E0,6.500000000E0
7.643974776E0,6.500000000E0
7.646599776E0,6.500000000E0
7.649223776E0,6.500000000E0
7.651848776E0,6.500000000E0
7.654472776E0,6.500000000E0
7.657097776E0,1.937500000E1
7.659721776E0,1.937500000E1
7.662346776E0,1.937500000E1
7.664970776E0,1.937500000E1
7.667595776E0,1.937500000E1
7.670219776E0,1.937500000E1
7.672844776E0,1.937500000E1
7.675468776E0,1.937500000E1
7.678093776E0,1.937500000E1
7.680717776E0,1.937500000E1
7.683342776E0,6.500000000E0
7.685966776E0,6.500000000E0
7.688591776E0,6.500000000E0
7.691215776E0,6.500000000E0
7.693840776E0,6.500000000E0
7.696464776E0,6.500000000E0
7.699089776E0,6.500000000E0
7.701713776E0,6.500000000E0
7.704338776E0,6.500000000E0
7.706962776E0,1.937500000E1
7.709587776E0,1.937500000E1
7.712211776E0,1.937500000E1
7.714836776E0,1.937500000E1
7.717460776E0,1.937500000E1
7.720085776E0,1.937500000E1
7.722709776E0,1.937500000E1
7.725334776E0,1.937500000E1
7.727958776E0,1.937500000E1
7.730583776E0,1.937500000E1
7.733207776E0,1.937500000E1
7.735832776E0,1.937500000E1
7.738456776E0,1.937500000E1
7.741081776E0,1.937500000E1
7.743705776E0,1.937500000E1
7.746330776E0,1.937500000E1
7.748955776E0,1.937500000E1
7.751579776E0,1.937500000E1
7.754204776E0,1.937500000E1
7.756828776E0,1.937500000E1
7.759453776E0,1.937500000E1
7.762077776E0,1.937500000E1
7.764702776E0,1.937500000E1
7.767326776E0,1.937500000E1
7.769951776E0,1.937500000E1
7.772575776E0,1.937500000E1
7.775200776E0,1.937500000E1
7.777824776E0,1.937500000E1
7.780449776E0,1.937500000E1
7.783073776E0,6.500000000E0
7.785698776E0,6.500000000E0
7.788322776E0,6.500000000E0
7.790947776E0,6.500000000E0
7.793571776E0,6.500000000E0
7.796196776E0,6.500000000E0
7.798820776E0,6.500000000E0
7.801445776E0,6.500000000E0
7.804069776E0,6.500000000E0
7.806694776E0,6.500000000E0
7.809318776E0,1.937500000E1
7.811943776E0,1.937500000E1
7.814567776E0,1.937500000E1
7.817192776E0,1.937500000E1
7.819816776E0,1.937500000E1
7.822441776E0,1.937500000E1
7.825065776E0,1.937500000E1
7.827690776E0,1.937500000E1
7.830314776E0,1.937500000E1
7.832939776E0,6.500000000E0
7.835563776E0,6.500000000E0
7.838188776E0,6.500000000E0
7.840812776E0,6.500000000E0
7.843437776E0,6.500000000E0
7.846061776E0,6.500000000E0
7.848686776E0,6.500000000E0
7.851310776E0,6.500000000E0
7.853935776E0,6.500000000E0
7.856559776E0,6.500000000E0
7.859184776E0,1.937500000E1
7.861809776E0,1.937500000E1
7.864433776E0,1.937500000E1
7.867058776E0,1.937500000E1
7.869682776E0,1.937500000E1
7.872307776E0,1.937500000E1
7.874931776E0,1.937500000E1
7.877556776E0,1.937500000E1
7.880180776E0,1.937500000E1
7.882805776E0,1.937500000E1
7.885429776E0,6.500000000E0
7.888054776E0,6.500000000E0
7.890678776E0,6.500000000E0
7.893303776E0,6.500000000E0
7.895927776E0,6.500000000E0
7.898552776E0,6.500000000E0
7.901176776E0,6.500000000E0
7.903801776E0,6.500000000E0
7.906425776E0,6.500000000E0
7.909050776E0,6.500000000E0
7.911674776E0,6.500000000E0
7.914299776E0,6.500000000E0
7.916923776E0,6.500000000E0
7.919548776E0,6.500000000E0
7.922172776E0,6.500000000E0
7.924797776E0,6.500000000E0
7.927421776E0,6.500000000E0
7.930046776E0,6.500000000E0
7.932670776E0,6.500000000E0
7.935295776E0,6.500000000E0
7.937919776E0,6.500000000E0
7.940544776E0,6.500000000E0
7.943168776E0,6.500000000E0
7.945793776E0,6.500000000E0
7.948417776E0,6.500000000E0
7.951042776E0,6.500000000E0
7.953666776E0,6.500000000E0
7.956291776E0,6.500000000E0
7.958915776E0,6.500000000E0
7.961540776E0,1.937500000E1
7.964164776E0,1.937500000E1
7.966789776E0,1.937500000E1
7.969413776E0,1.937500000E1
7.972038776E0,1.937500000E1
7.974663776E0,1.937500000E1
7.977287776E0,1.937500000E1
7.979912776E0,1.937500000E1
7.982536776E0,1.937500000E1
7.985161776E0,1.937500000E1
7.987785776E0,6.500000000E0
7.990410776E0,6.500000000E0
7.993034776E0,6.500000000E0
7.995659776E0,6.500000000E0
7.998283776E0,6.500000000E0
8.000908776E0,6.500000000E0
8.003532776E0,6.500000000E0
8.006157776E0,6.500000000E0
8.008781776E0,6.500000000E0
8.011406776E0,6.500000000E0
8.014030776E0,6.500000000E0
8.016655776E0,6.500000000E0
8.019279776E0,6.500000000E0
8.021904776E0,6.500000000E0
8.024528776E0,6.500000000E0
8.027153776E0,6.500000000E0
8.029777776E0,6.500000000E0
8.032402776E0,6.500000000E0
8.035026776E0,6.500000000E0
8.037651776E0,6.500000000E0
8.040275776E0,6.500000000E0
8.042900776E0,6.500000000E0
8.045524776E0,6.500000000E0
8.048149776E0,6.500000000E0
8.050773776E0,6.500000000E0
8.053398776E0,6.500000000E0
8.056022776E0,6.500000000E0
8.058647776E0,6.500000000E0
8.061271776E0,6.500000000E0
8.063896776E0,1.937500000E1
8.066520776E0,1.937500000E1
8.069145776E0,1.937500000E1
8.071769776E0,1.937500000E1
8.074394776E0,1.937500000E1
8.077018776E0,1.937500000E1
8.079643776E0,1.937500000E1
8.082268776E0,1.937500000E1
8.084892776E0,1.937500000E1
8.087517776E0,1.937500000E1
8.090141776E0,6.500000000E0
8.092766776E0,6.500000000E0
8.095390776E0,6.500000000E0
8.098015776E0,6.500000000E0
8.100639776E0,6.500000000E0
8.103264776E0,6.500000000E0
8.105888776E0,6.500000000E0
8.108513776E0,6.500000000E0
8.111137776E0,6.500000000E0
8.113762776E0,6.500000000E0
8.116386776E0,6.500000000E0
8.119011776E0,6.500000000E0
8.121635776E0,6.500000000E0
8.124260776E0,6.500000000E0
8.126884776E0,6.500000000E0
8.129509776E0,6.500000000E0
8.132133776E0,6.500000000E0
8.134758776E0,6.500000000E0
8.137382776E0,6.500000000E0
8.140007776E0,1.937500000E1
8.142631776E0,1.937500000E1
8.145256776E0,1.937500000E1
8.147880776E0,1.937500000E1
8.150505776E0,1.937500000E1
8.153129776E0,1.937500000E1
8.155754776E0,1.937500000E1
8.158378776E0,1.937500000E1
8.161003776E0,1.937500000E1
8.163627776E0,1.937500000E1
8.166252776E0,6.500000000E0
8.168876776E0,6.500000000E0
8.171501776E0,6.500000000E0
8.174125776E0,6.500000000E0
8.176750776E0,6.500000000E0
8.179374776E0,6.500000000E0
8.181999776E0,6.500000000E0
8.184623776E0,6.500000000E0
8.187248776E0,6.500000000E0
8.189872776E0,6.500000000E0
8.192497776E0,6.500000000E0
8.195122776E0,6.500000000E0
8.197746776E0,6.500000000E0
8.200371776E0,6.500000000E0
8.202995776E0,6.500000000E0
8.205620776E0,6.500000000E0
8.208244776E0,6.500000000E0
8.210869776E0,6.500000000E0
8.213493776E0,6.500000000E0
8.216118776E0,6.500000000E0
8.218742776E0,6.500000000E0
8.221367776E0,6.500000000E0
8.223991776E0,6.500000000E0
8.226616776E0,6.500000000E0
8.229240776E0,6.500000000E0
8.231865776E0,6.500000000E0
8.234489776E0,6.500000000E0
8.237114776E0,6.500000000E0
8.239738776E0,6.500000000E0
8.242363776E0,1.937500000E1
8.244987776E0,1.937500000E1
8.247612776E0,1.937500000E1
8.250236776E0,1.937500000E1
8.252861776E0,1.937500000E1
8.255485776E0,1.937500000E1
8.258110776E0,1.937500000E1
8.260734776E0,1.937500000E1
8.263359776E0,1.937500000E1
8.265983776E0,1.937500000E1
8.268608776E0,6.500000000E0
8.271232776E0,6.500000000E0
8.273857776E0,6.500000000E0
8.276481776E0,6.500000000E0
8.279106776E0,6.500000000E0
8.281730776E0,6.500000000E0
8.284355776E0,6.500000000E0
8.286979776E0,6.500000000E0
8.289604776E0,6.500000000E0
8.292228776E0,6.500000000E0
8.294853776E0,6.500000000E0
8.297477776E0,6.500000000E0
8.300102776E0,6.500000000E0
8.302726776E0,6.500000000E0
8.305351776E0,6.500000000E0
8.307976776E0,6.500000000E0
8.310600776E0,6.500000000E0
8.313225776E0,6.500000000E0
8.315849776E0,6.500000000E0
8.318474776E0,1.937500000E1
8.321098776E0,1.937500000E1
8.323723776E0,1.937500000E1
8.326347776E0,1.937500000E1
8.328972776E0,1.937500000E1
8.331596776E0,1.937500000E1
8.334221776E0,1.937500000E1
8.336845776E0,1.937500000E1
8.339470776E0,1.937500000E1
8.342094776E0,1.937500000E1
8.344719776E0,1.937500000E1
8.347343776E0,1.937500000E1
8.349968776E0,1.937500000E1
8.352592776E0,1.937500000E1
8.355217776E0,1.937500000E1
8.357841776E0,1.937500000E1
8.360466776E0,1.937500000E1
8.363090776E0,1.937500000E1
8.365715776E0,1.937500000E1
8.368339776E0,1.937500000E1
8.370964776E0,1.937500000E1
8.373588776E0,1.937500000E1
8.376213776E0,1.937500000E1
8.378837776E0,1.937500000E1
8.381462776E0,1.937500000E1
8.384086776E0,1.937500000E1
8.386711776E0,1.937500000E1
8.389335776E0,1.937500000E1
8.391960776E0,1.937500000E1
8.394584776E0,6.500000000E0
8.397209776E0,6.500000000E0
8.399833776E0,6.500000000E0
8.402458776E0,6.500000000E0
8.405082776E0,6.500000000E0
8.407707776E0,6.500000000E0
8.410331776E0,6.500000000E0
8.412956776E0,6.500000000E0
8.415580776E0,6.500000000E0
8.418205776E0,6.500000000E0
8.420830776E0,6.500000000E0
8.423454776E0,6.500000000E0
8.426079776E0,6.500000000E0
8.428703776E0,6.500000000E0
8.431328776E0,6.500000000E0
8.433952776E0,6.500000000E0
8.436577776E0,6.500000000E0
8.439201776E0,6.500000000E0
8.441826776E0,6.500000000E0
8.444450776E0,6.500000000E0
8.447075776E0,6.500000000E0
8.449699776E0,6.500000000E0
8.452324776E0,6.500000000E0
8.454948776E0,6.500000000E0
8.457573776E0,6.500000000E0
8.460197776E0,6.500000000E0
8.462822776E0,6.500000000E0
8.465446776E0,6.500000000E0
8.468071776E0,6.500000000E0
8.470695776E0,6.500000000E0
8.473320776E0,6.500000000E0
8.475944776E0,6.500000000E0
8.478569776E0,6.500000000E0
8.481193776E0,6.500000000E0
8.483818776E0,6.500000000E0
8.486442776E0,6.500000000E0
8.489067776E0,6.500000000E0
8.491691776E0,6.500000000E0
8.494316776E0,6.500000000E0
8.496940776E0,6.500000000E0
8.499565776E0,6.500000000E0
8.502189776E0,6.500000000E0
8.504814776E0,6.500000000E0
8.507438776E0,6.500000000E0
8.510063776E0,6.500000000E0
8.512687776E0,6.500000000E0
8.515312776E0,6.500000000E0
8.517936776E0,6.500000000E0
8.520561776E0,6.500000000E0
8.523185776E0,1.937500000E1
8.525810776E0,1.937500000E1
8.528434776E0,1.937500000E1
8.531059776E0,1.937500000E1
8.533684776E0,1.937500000E1
8.536308776E0,1.937500000E1
8.538922776E0,1.937500000E1
8.541547776E0,1.937500000E1
8.544171776E0,1.937500000E1
8.546796776E0,6.500000000E0
8.549420776E0,6.500000000E0
8.552045776E0,6.500000000E0
8.554669776E0,6.500000000E0
8.557294776E0,6.500000000E0
8.559918776E0,6.500000000E0
8.562543776E0,6.500000000E0
8.565167776E0,6.500000000E0
8.567792776E0,6.500000000E0
8.570416776E0,6.500000000E0
8.573041776E0,6.500000000E0
8.575665776E0,6.500000000E0
8.578290776E0,6.500000000E0
8.580914776E0,6.500000000E0
8.583539776E0,6.500000000E0
8.586163776E0,6.500000000E0
8.588788776E0,6.500000000E0
8.591412776E0,6.500000000E0
8.594037776E0,6.500000000E0
8.596661776E0,6.500000000E0
8.599286776E0,1.937500000E1
8.601910776E0,1.937500000E1
8.604535776E0,1.937500000E1
8.607159776E0,1.937500000E1
8.609784776E0,1.937500000E1
8.612408776E0,1.937500000E1
8.615033776E0,1.937500000E1
8.617657776E0,1.937500000E1
8.620282776E0,1.937500000E1
8.622906776E0,6.500000000E0
8.625531776E0,6.500000000E0
8.628155776E0,6.500000000E0
8.630780776E0,6.500000000E0
8.633404776E0,6.500000000E0
8.636029776E0,6.500000000E0
8.638653776E0,6.500000000E0
8.641278776E0,6.500000000E0
8.643902776E0,6.500000000E0
8.646527776E0,6.500000000E0
8.649152776E0,6.500000000E0
8.651776776E0,6.500000000E0
8.654401776E0,6.500000000E0
8.657025776E0,6.500000000E0
8.659650776E0,6.500000000E0
8.662274776E0,6.500000000E0
8.664899776E0,6.500000000E0
8.667523776E0,6.500000000E0
8.670148776E0,6.500000000E0
8.672772776E0,6.500000000E0
8.675397776E0,1.937500000E1
8.678021776E0,1.937500000E1
8.680646776E0,1.937500000E1
8.683270776E0,1.937500000E1
8.685895776E0,1.937500000E1
8.688519776E0,1.937500000E1
8.691144776E0,1.937500000E1
8.693768776E0,1.937500000E1
8.696393776E0,1.937500000E1
8.699017776E0,1.937500000E1
8.701642776E0,6.500000000E0
8.704266776E0,6.500000000E0
8.706891776E0,6.500000000E0
8.709515776E0,6.500000000E0
8.712140776E0,6.500000000E0
8.714764776E0,6.500000000E0
8.717389776E0,6.500000000E0
8.720013776E0,6.500000000E0
8.722638776E0,6.500000000E0
8.725262776E0,1.937500000E1
8.727887776E0,1.937500000E1
8.730511776E0,1.937500000E1
8.733136776E0,1.937500000E1
8.735760776E0,1.937500000E1
8.738385776E0,1.937500000E1
8.741009776E0,1.937500000E1
8.743634776E0,1.937500000E1
8.746258776E0,1.937500000E1
8.748883776E0,1.937500000E1
8.751507776E0,6.500000000E0
8.754132776E0,6.500000000E0
8.756756776E0,6.500000000E0
8.759381776E0,6.500000000E0
8.762006776E0,6.500000000E0
8.764630776E0,6.500000000E0
8.767255776E0,6.500000000E0
8.769879776E0,6.500000000E0
8.772504776E0,6.500000000E0
8.775128776E0,6.500000000E0
8.777753776E0,1.937500000E1
8.780377776E0,1.937500000E1
8.783002776E0,1.937500000E1
8.785626776E0,1.937500000E1
8.788251776E0,1.937500000E1
8.790875776E0,1.937500000E1
8.793500776E0,1.937500000E1
8.796124776E0,1.937500000E1
8.798749776E0,1.937500000E1
8.801373776E0,1.937500000E1
8.803998776E0,1.937500000E1
8.806622776E0,1.937500000E1
8.809247776E0,1.937500000E1
8.811871776E0,1.937500000E1
8.814496776E0,1.937500000E1
8.817120776E0,1.937500000E1
8.819745776E0,1.937500000E1
8.822369776E0,1.937500000E1
8.824994776E0,1.937500000E1
8.827618776E0,6.500000000E0
8.830243776E0,6.500000000E0
8.832867776E0,6.500000000E0
8.835492776E0,6.500000000E0
8.838116776E0,6.500000000E0
8.840741776E0,6.500000000E0
8.843365776E0,6.500000000E0
8.845990776E0,6.500000000E0
8.848614776E0,6.500000000E0
8.851239776E0,6.500000000E0
8.853863776E0,6.500000000E0
8.856488776E0,6.500000000E0
8.859112776E0,6.500000000E0
8.861737776E0,6.500000000E0
8.864361776E0,6.500000000E0
8.866986776E0,6.500000000E0
8.869610776E0,6.500000000E0
8.872235776E0,6.500000000E0
8.874860776E0,6.500000000E0
8.877484776E0,6.500000000E0
8.880109776E0,6.500000000E0
8.882733776E0,6.500000000E0
8.885358776E0,6.500000000E0
8.887982776E0,6.500000000E0
8.890607776E0,6.500000000E0
8.893231776E0,6.500000000E0
8.895856776E0,6.500000000E0
8.898480776E0,6.500000000E0
8.901105776E0,6.500000000E0
8.903729776E0,1.937500000E1
8.906354776E0,1.937500000E1
8.908978776E0,1.937500000E1
8.911603776E0,1.937500000E1
8.914227776E0,1.937500000E1
8.916852776E0,1.937500000E1
8.919476776E0,1.937500000E1
8.922101776E0,1.937500000E1
8.924725776E0,1.937500000E1
8.927350776E0,1.937500000E1
8.929974776E0,1.937500000E1
8.932599776E0,1.937500000E1
8.935223776E0,1.937500000E1
8.937848776E0,1.937500000E1
8.940472776E0,1.937500000E1
8.943097776E0,1.937500000E1
8.945721776E0,1.937500000E1
8.948346776E0,1.937500000E1
8.950970776E0,1.937500000E1
8.953595776E0,1.937500000E1
8.956219776E0,1.937500000E1
8.958844776E0,1.937500000E1
8.961468776E0,1.937500000E1
8.964093776E0,1.937500000E1
8.966717776E0,1.937500000E1
8.969342776E0,1.937500000E1
8.971966776E0,1.937500000E1
8.974591776E0,1.937500000E1
8.977215776E0,1.937500000E1
8.979840776E0,6.500000000E0
8.982464776E0,6.500000000E0
8.985089776E0,6.500000000E0
8.987714776E0,6.500000000E0
8.990338776E0,6.500000000E0
8.992963776E0,6.500000000E0
8.995587776E0,6.500000000E0
8.998212776E0,6.500000000E0
9.000836776E0,6.500000000E0
9.003461776E0,6.500000000E0
9.006085776E0,1.937500000E1
9.008710776E0,1.937500000E1
9.011334776E0,1.937500000E1
9.013959776E0,1.937500000E1
9.016583776E0,1.937500000E1
9.019208776E0,1.937500000E1
9.021832776E0,1.937500000E1
9.024457776E0,1.937500000E1
9.027081776E0,1.937500000E1
9.029706776E0,6.500000000E0
9.032330776E0,6.500000000E0
9.034955776E0,6.500000000E0
9.037579776E0,6.500000000E0
9.040204776E0,6.500000000E0
9.042828776E0,6.500000000E0
9.045453776E0,6.500000000E0
9.048077776E0,6.500000000E0
9.050702776E0,6.500000000E0
9.053326776E0,6.500000000E0
9.055951776E0,6.500000000E0
9.058575776E0,6.500000000E0
9.061200776E0,6.500000000E0
9.063824776E0,6.500000000E0
9.066449776E0,6.500000000E0
9.069073776E0,6.500000000E0
9.071698776E0,6.500000000E0
9.074322776E0,6.500000000E0
9.076947776E0,6.500000000E0
9.079571776E0,6.500000000E0
9.082196776E0,6.500000000E0
9.084820776E0,6.500000000E0
9.087445776E0,6.500000000E0
9.090069776E0,6.500000000E0
9.092694776E0,6.500000000E0
9.095318776E0,6.500000000E0
9.097943776E0,6.500000000E0
9.100568776E0,6.500000000E0
9.103192776E0,6.500000000E0
9.105817776E0,6.500000000E0
9.108441776E0,6.500000000E0
9.111066776E0,6.500000000E0
9.113690776E0,6.500000000E0
9.116315776E0,6.500000000E0
9.118939776E0,6.500000000E0
9.121564776E0,6.500000000E0
9.124188776E0,6.500000000E0
9.126813776E0,6.500000000E0
9.129437776E0,6.500000000E0
9.132062776E0,6.500000000E0
9.134686776E0,6.500000000E0
9.137311776E0,6.500000000E0
9.139935776E0,6.500000000E0
9.142560776E0,6.500000000E0
9.145184776E0,6.500000000E0
9.147809776E0,6.500000000E0
9.150433776E0,6.500000000E0
9.153058776E0,6.500000000E0
9.155682776E0,6.500000000E0
9.158307776E0,1.937500000E1
9.160931776E0,1.937500000E1
9.163556776E0,1.937500000E1
9.166180776E0,1.937500000E1
9.168805776E0,1.937500000E1
9.171429776E0,1.937500000E1
9.174054776E0,1.937500000E1
9.176678776E0,1.937500000E1
9.179303776E0,1.937500000E1
9.181927776E0,1.937500000E1
9.184552776E0,6.500000000E0
9.187176776E0,6.500000000E0
9.189801776E0,6.500000000E0
9.192425776E0,6.500000000E0
9.195050776E0,6.500000000E0
9.197674776E0,6.500000000E0
9.200299776E0,6.500000000E0
9.202923776E0,6.500000000E0
9.205548776E0,6.500000000E0
9.208173776E0,1.937500000E1
9.210797776E0,1.937500000E1
9.213422776E0,1.937500000E1
9.216046776E0,1.937500000E1
9.218671776E0,1.937500000E1
9.221295776E0,1.937500000E1
9.223920776E0,1.937500000E1
9.226544776E0,1.937500000E1
9.229169776E0,1.937500000E1
9.231793776E0,1.937500000E1
9.234418776E0,1.937500000E1
9.237042776E0,1.937500000E1
9.239667776E0,1.937500000E1
9.242291776E0,1.937500000E1
9.244916776E0,1.937500000E1
9.247540776E0,1.937500000E1
9.250165776E0,1.937500000E1
9.252789776E0,1.937500000E1
9.255414776E0,1.937500000E1
9.258038776E0,1.937500000E1
9.260663776E0,6.500000000E0
9.263287776E0,6.500000000E0
9.265912776E0,6.500000000E0
9.268536776E0,6.500000000E0
9.271161776E0,6.500000000E0
9.273785776E0,6.500000000E0
9.276410776E0,6.500000000E0
9.279034776E0,6.500000000E0
9.281659776E0,6.500000000E0
9.284283776E0,6.500000000E0
9.286908776E0,6.500000000E0
9.289532776E0,6.500000000E0
9.292157776E0,6.500000000E0
9.294781776E0,6.500000000E0
9.297406776E0,6.500000000E0
9.300030776E0,6.500000000E0
9.302655776E0,6.500000000E0
9.305279776E0,6.500000000E0
9.307904776E0,6.500000000E0
9.310528776E0,6.500000000E0
9.313153776E0,6.500000000E0
9.315777776E0,6.500000000E0
9.318402776E0,6.500000000E0
9.321027776E0,6.500000000E0
9.323651776E0,6.500000000E0
9.326276776E0,6.500000000E0
9.328900776E0,6.500000000E0
9.331525776E0,6.500000000E0
9.334149776E0,6.500000000E0
9.336774776E0,1.937500000E1
9.339398776E0,1.937500000E1
9.342023776E0,1.937500000E1
9.344647776E0,1.937500000E1
9.347272776E0,1.937500000E1
9.349896776E0,1.937500000E1
9.352521776E0,1.937500000E1
9.355145776E0,1.937500000E1
9.357770776E0,1.937500000E1
9.360394776E0,1.937500000E1
9.363019776E0,6.500000000E0
9.365643776E0,6.500000000E0
9.368268776E0,6.500000000E0
9.370892776E0,6.500000000E0
9.373517776E0,6.500000000E0
9.376141776E0,6.500000000E0
9.378766776E0,6.500000000E0
9.381390776E0,6.500000000E0
9.384015776E0,6.500000000E0
9.386639776E0,6.500000000E0
9.389264776E0,6.500000000E0
9.391888776E0,6.500000000E0
9.394513776E0,6.500000000E0
9.397137776E0,6.500000000E0
9.399762776E0,6.500000000E0
9.402386776E0,6.500000000E0
9.405011776E0,6.500000000E0
9.407635776E0,6.500000000E0
9.410260776E0,6.500000000E0
9.412884776E0,6.500000000E0
9.415509776E0,6.500000000E0
9.418133776E0,6.500000000E0
9.420758776E0,6.500000000E0
9.423382776E0,6.500000000E0
9.426007776E0,6.500000000E0
9.428631776E0,6.500000000E0
9.431256776E0,6.500000000E0
9.433881776E0,6.500000000E0
9.436505776E0,6.500000000E0
9.439130776E0,1.937500000E1
9.441754776E0,1.937500000E1
9.444379776E0,1.937500000E1
9.447003776E0,1.937500000E1
9.449628776E0,1.937500000E1
9.452252776E0,1.937500000E1
9.454877776E0,1.937500000E1
9.457501776E0,1.937500000E1
9.460126776E0,1.937500000E1
9.462750776E0,1.937500000E1
9.465375776E0,1.937500000E1
9.467999776E0,1.937500000E1
9.470624776E0,1.937500000E1
9.473248776E0,1.937500000E1
9.475873776E0,1.937500000E1
9.478497776E0,1.937500000E1
9.481122776E0,1.937500000E1
9.483746776E0,1.937500000E1
9.486371776E0,1.937500000E1
9.488995776E0,1.937500000E1
9.491620776E0,1.937500000E1
9.494244776E0,1.937500000E1
9.496869776E0,1.937500000E1
9.499493776E0,1.937500000E1
9.502118776E0,1.937500000E1
9.504742776E0,1.937500000E1
9.507367776E0,1.937500000E1
9.509991776E0,1.937500000E1
9.512616776E0,1.937500000E1
9.515240776E0,6.500000000E0
9.517865776E0,6.500000000E0
9.520489776E0,6.500000000E0
9.523114776E0,6.500000000E0
9.525738776E0,6.500000000E0
9.528363776E0,6.500000000E0
9.530987776E0,6.500000000E0
9.533612776E0,6.500000000E0
9.536236776E0,6.500000000E0
9.538861776E0,6.500000000E0
9.541485776E0,1.937500000E1
9.544110776E0,1.937500000E1
9.546735776E0,1.937500000E1
9.549359776E0,1.937500000E1
9.551984776E0,1.937500000E1
9.554608776E0,1.937500000E1
9.557233776E0,1.937500000E1
9.559857776E0,1.937500000E1
9.562482776E0,1.937500000E1
9.565106776E0,6.500000000E0
9.567731776E0,6.500000000E0
9.570355776E0,6.500000000E0
9.572980776E0,6.500000000E0
9.575604776E0,6.500000000E0
9.578229776E0,6.500000000E0
9.580853776E0,6.500000000E0
9.583478776E0,6.500000000E0
9.586102776E0,6.500000000E0
9.588727776E0,6.500000000E0
9.591351776E0,6.500000000E0
9.593976776E0,6.500000000E0
9.596600776E0,6.500000000E0
9.599225776E0,6.500000000E0
9.601849776E0,6.500000000E0
9.604474776E0,6.500000000E0
9.607098776E0,6.500000000E0
9.609723776E0,6.500000000E0
9.612347776E0,6.500000000E0
9.614972776E0,6.500000000E0
9.617596776E0,6.500000000E0
9.620221776E0,6.500000000E0
9.622845776E0,6.500000000E0
9.625470776E0,6.500000000E0
9.628094776E0,6.500000000E0
9.630719776E0,6.500000000E0
9.633343776E0,6.500000000E0
9.635968776E0,6.500000000E0
9.638592776E0,6.500000000E0
9.641217776E0,6.500000000E0
9.643841776E0,6.500000000E0
9.646466776E0,6.500000000E0
9.649090776E0,6.500000000E0
9.651715776E0,6.500000000E0
9.654339776E0,6.500000000E0
9.656964776E0,6.500000000E0
9.659589776E0,6.500000000E0
9.662213776E0,6.500000000E0
9.664838776E0,6.500000000E0
9.667462776E0,1.937500000E1
9.670087776E0,1.937500000E1
9.672711776E0,1.937500000E1
9.675336776E0,1.937500000E1
9.677960776E0,1.937500000E1
9.680585776E0,1.937500000E1
9.683209776E0,1.937500000E1
9.685834776E0,1.937500000E1
9.688458776E0,1.937500000E1
9.691083776E0,1.937500000E1
9.693707776E0,1.937500000E1
9.696332776E0,1.937500000E1
9.698956776E0,1.937500000E1
9.701581776E0,1.937500000E1
9.704205776E0,1.937500000E1
9.706830776E0,1.937500000E1
9.709454776E0,1.937500000E1
9.712079776E0,1.937500000E1
9.714703776E0,1.937500000E1
9.717328776E0,1.937500000E1
9.719952776E0,1.937500000E1
9.722577776E0,1.937500000E1
9.725201776E0,1.937500000E1
9.727826776E0,1.937500000E1
9.730450776E0,1.937500000E1
9.733075776E0,1.937500000E1
9.735699776E0,1.937500000E1
9.738324776E0,1.937500000E1
9.740948776E0,1.937500000E1
9.743573776E0,6.500000000E0
9.746197776E0,6.500000000E0
9.748822776E0,6.500000000E0
9.751446776E0,6.500000000E0
9.754071776E0,6.500000000E0
9.756695776E0,6.500000000E0
9.759320776E0,6.500000000E0
9.761944776E0,6.500000000E0
9.764569776E0,6.500000000E0
9.767193776E0,6.500000000E0
9.769818776E0,1.937500000E1
9.772443776E0,1.937500000E1
9.775067776E0,1.937500000E1
9.777692776E0,1.937500000E1
9.780316776E0,1.937500000E1
9.782941776E0,1.937500000E1
9.785565776E0,1.937500000E1
9.788190776E0,1.937500000E1
9.790814776E0,1.937500000E1
9.793439776E0,1.937500000E1
9.796063776E0,6.500000000E0
9.798688776E0,6.500000000E0
9.801312776E0,6.500000000E0
9.803937776E0,6.500000000E0
9.806561776E0,6.500000000E0
9.809186776E0,6.500000000E0
9.811810776E0,6.500000000E0
9.814435776E0,6.500000000E0
9.817059776E0,6.500000000E0
9.819684776E0,1.937500000E1
9.822308776E0,1.937500000E1
9.824933776E0,1.937500000E1
9.827557776E0,1.937500000E1
9.830182776E0,1.937500000E1
9.832806776E0,1.937500000E1
9.835431776E0,1.937500000E1
9.838055776E0,1.937500000E1
9.840680776E0,1.937500000E1
9.843304776E0,1.937500000E1
9.845929776E0,6.500000000E0
9.848553776E0,6.500000000E0
9.851178776E0,6.500000000E0
9.853802776E0,6.500000000E0
9.856427776E0,6.500000000E0
9.859051776E0,6.500000000E0
9.861676776E0,6.500000000E0
9.864300776E0,6.500000000E0
9.866925776E0,6.500000000E0
9.869549776E0,1.937500000E1
9.872174776E0,1.937500000E1
9.874798776E0,1.937500000E1
9.877423776E0,1.937500000E1
9.880048776E0,1.937500000E1
9.882672776E0,1.937500000E1
9.885297776E0,1.937500000E1
9.887921776E0,1.937500000E1
9.890546776E0,1.937500000E1
9.893170776E0,1.937500000E1
9.895795776E0,1.937500000E1
9.898419776E0,6.500000000E0
9.901044776E0,6.500000000E0
9.903668776E0,6.500000000E0
9.906293776E0,6.500000000E0
9.908917776E0,6.500000000E0
9.911542776E0,6.500000000E0
9.914166776E0,6.500000000E0
9.916791776E0,6.500000000E0
9.919415776E0,6.500000000E0
9.922040776E0,1.937500000E1
9.924664776E0,1.937500000E1
9.927289776E0,1.937500000E1
9.929913776E0,1.937500000E1
9.932538776E0,1.937500000E1
9.935162776E0,1.937500000E1
9.937787776E0,1.937500000E1
9.940411776E0,1.937500000E1
9.943036776E0,1.937500000E1
9.945660776E0,1.937500000E1
9.948285776E0,6.500000000E0
9.950909776E0,6.500000000E0
9.953534776E0,6.500000000E0
9.956158776E0,6.500000000E0
9.958783776E0,6.500000000E0
9.961407776E0,6.500000000E0
9.964032776E0,6.500000000E0
9.966656776E0,6.500000000E0
9.969281776E0,6.500000000E0
9.971905776E0,6.500000000E0
9.974530776E0,6.500000000E0
9.977154776E0,6.500000000E0
9.979779776E0,6.500000000E0
9.982403776E0,6.500000000E0
9.985028776E0,6.500000000E0
9.987652776E0,6.500000000E0
9.990277776E0,6.500000000E0
9.992902776E0,6.500000000E0
9.995526776E0,6.500000000E0
9.998151776E0,6.500000000E0
1.000077578E1,6.500000000E0
1.000340078E1,6.500000000E0
1.000602478E1,6.500000000E0
1.000864978E1,6.500000000E0
1.001127378E1,6.500000000E0
1.001389878E1,6.500000000E0
1.001652278E1,6.500000000E0
1.001914778E1,6.500000000E0
1.002177178E1,6.500000000E0
1.002439678E1,6.500000000E0
1.002702078E1,6.500000000E0
1.002964578E1,6.500000000E0
1.003226978E1,6.500000000E0
1.003489478E1,6.500000000E0
1.003751878E1,6.500000000E0
1.004014378E1,6.500000000E0
1.004276778E1,6.500000000E0
1.004539278E1,6.500000000E0
1.004801678E1,1.937500000E1
1.005064178E1,1.937500000E1
1.005326578E1,1.937500000E1
1.005589078E1,1.937500000E1
1.005851478E1,1.937500000E1
1.006113978E1,1.937500000E1
1.006376378E1,1.937500000E1
1.006638878E1,1.937500000E1
1.006901278E1,1.937500000E1
1.007163778E1,1.937500000E1
1.007426178E1,1.937500000E1
1.007688678E1,1.937500000E1
1.007951078E1,1.937500000E1
1.008213578E1,1.937500000E1
1.008475978E1,1.937500000E1
1.008738478E1,1.937500000E1
1.009000878E1,1.937500000E1
1.009263378E1,1.937500000E1
1.009525778E1,1.937500000E1
1.009788278E1,1.937500000E1
1.010050678E1,1.937500000E1
1.010313178E1,1.937500000E1
1.010575678E1,1.937500000E1
1.010838078E1,1.937500000E1
1.011100578E1,1.937500000E1
1.011362978E1,1.937500000E1
1.011625478E1,1.937500000E1
1.011887878E1,1.937500000E1
1.012150378E1,1.937500000E1
1.012412778E1,1.937500000E1
1.012675278E1,6.500000000E0
1.012937678E1,6.500000000E0
1.013200178E1,6.500000000E0
1.013462578E1,6.500000000E0
1.013725078E1,6.500000000E0
1.013987478E1,6.500000000E0
1.014249978E1,6.500000000E0
1.014512378E1,6.500000000E0
1.014774878E1,6.500000000E0
1.015037278E1,6.500000000E0
1.015299778E1,6.500000000E0
1.015562178E1,6.500000000E0
1.015824678E1,6.500000000E0
1.016087078E1,6.500000000E0
1.016349578E1,6.500000000E0
1.016611978E1,6.500000000E0
1.016874478E1,6.500000000E0
1.017136878E1,6.500000000E0
1.017399378E1,6.500000000E0
1.017661778E1,1.937500000E1
1.017924278E1,1.937500000E1
1.018186678E1,1.937500000E1
1.018449178E1,1.937500000E1
1.018711578E1,1.937500000E1
1.018974078E1,1.937500000E1
1.019236478E1,1.937500000E1
1.019498978E1,1.937500000E1
1.019761378E1,1.937500000E1
1.020023878E1,1.937500000E1
1.020286278E1,6.500000000E0
1.020548778E1,6.500000000E0
1.020811178E1,6.500000000E0
1.021073678E1,6.500000000E0
1.021336078E1,6.500000000E0
1.021598578E1,6.500000000E0
1.021861078E1,6.500000000E0
1.022123478E1,6.500000000E0
1.022385978E1,6.500000000E0
1.022648378E1,6.500000000E0
1.022910878E1,6.500000000E0
1.023173278E1,6.500000000E0
1.023435778E1,6.500000000E0
1.023698178E1,6.500000000E0
1.023960678E1,6.500000000E0
1.024223078E1,6.500000000E0
1.024485578E1,6.500000000E0
1.024747978E1,6.500000000E0
1.025010478E1,6.500000000E0
1.025272878E1,6.500000000E0
1.025535378E1,6.500000000E0
1.025797778E1,6.500000000E0
1.026060278E1,6.500000000E0
1.026322678E1,6.500000000E0
1.026585178E1,6.500000000E0
1.026847578E1,6.500000000E0
1.027110078E1,6.500000000E0
1.027372478E1,6.500000000E0
1.027634978E1,6.500000000E0
1.027897378E1,6.500000000E0
1.028159878E1,6.500000000E0
1.028422278E1,6.500000000E0
1.028684778E1,6.500000000E0
1.028947178E1,6.500000000E0
1.029209678E1,6.500000000E0
1.029472078E1,6.500000000E0
1.029734578E1,6.500000000E0
1.029996978E1,6.500000000E0
1.030259478E1,6.500000000E0
1.030521878E1,1.937500000E1
1.030784378E1,1.937500000E1
1.031046778E1,1.937500000E1
1.031309278E1,1.937500000E1
1.031571678E1,1.937500000E1
1.031834178E1,1.937500000E1
1.032096578E1,1.937500000E1
1.032359078E1,1.937500000E1
1.032621478E1,1.937500000E1
1.032883978E1,1.937500000E1
1.033146478E1,1.937500000E1
1.033408878E1,1.937500000E1
1.033671378E1,1.937500000E1
1.033933778E1,1.937500000E1
1.034196278E1,1.937500000E1
1.034458678E1,1.937500000E1
1.034721178E1,1.937500000E1
1.034983578E1,1.937500000E1
1.035246078E1,1.937500000E1
1.035508478E1,1.937500000E1
1.035770978E1,1.937500000E1
1.036033378E1,1.937500000E1
1.036295878E1,1.937500000E1
1.036558278E1,1.937500000E1
1.036820778E1,1.937500000E1
1.037083178E1,1.937500000E1
1.037345678E1,1.937500000E1
1.037608078E1,1.937500000E1
1.037870578E1,1.937500000E1
1.038132978E1,6.500000000E0
1.038395478E1,6.500000000E0
1.038657878E1,6.500000000E0
1.038920378E1,6.500000000E0
1.039182778E1,6.500000000E0
1.039445278E1,6.500000000E0
1.039707678E1,6.500000000E0
1.039970178E1,6.500000000E0
1.040232578E1,6.500000000E0
1.040495078E1,1.937500000E1
1.040757478E1,1.937500000E1
1.041019978E1,1.937500000E1
1.041282378E1,1.937500000E1
1.041544878E1,1.937500000E1
1.041807278E1,1.937500000E1
1.042069778E1,1.937500000E1
1.042332178E1,1.937500000E1
1.042594678E1,1.937500000E1
1.042857078E1,1.937500000E1
1.043119578E1,6.500000000E0
1.043381978E1,6.500000000E0
1.043644478E1,6.500000000E0
1.043906878E1,6.500000000E0
1.044169378E1,6.500000000E0
1.044431878E1,6.500000000E0
1.044694278E1,6.500000000E0
1.044956778E1,6.500000000E0
1.045219178E1,6.500000000E0
1.045481678E1,6.500000000E0
1.045744078E1,6.500000000E0
1.046006578E1,6.500000000E0
1.046268978E1,6.500000000E0
1.046531478E1,6.500000000E0
1.046793878E1,6.500000000E0
1.047056378E1,6.500000000E0
1.047318778E1,6.500000000E0
1.047581278E1,6.500000000E0
1.047843678E1,6.500000000E0
1.048106178E1,6.500000000E0
1.048368578E1,1.937500000E1
1.048631078E1,1.937500000E1
1.048893478E1,1.937500000E1
1.049155978E1,1.937500000E1
1.049418378E1,1.937500000E1
1.049680878E1,1.937500000E1
1.049943278E1,1.937500000E1
1.050205778E1,1.937500000E1
1.050468178E1,1.937500000E1
1.050730678E1,1.937500000E1
1.050993078E1,1.937500000E1
1.051255578E1,1.937500000E1
1.051517978E1,1.937500000E1
1.051780478E1,1.937500000E1
1.052042878E1,1.937500000E1
1.052305378E1,1.937500000E1
1.052567778E1,1.937500000E1
1.052830278E1,1.937500000E1
1.053092678E1,1.937500000E1
1.053355178E1,6.500000000E0
1.053617578E1,6.500000000E0
1.053880078E1,6.500000000E0
1.054142478E1,6.500000000E0
1.054404978E1,6.500000000E0
1.054667378E1,6.500000000E0
1.054929878E1,6.500000000E0
1.055192378E1,6.500000000E0
1.055454778E1,6.500000000E0
1.055717278E1,6.500000000E0
1.055979678E1,6.500000000E0
1.056242178E1,6.500000000E0
1.056504578E1,6.500000000E0
1.056767078E1,6.500000000E0
1.057029478E1,6.500000000E0
1.057291978E1,6.500000000E0
1.057554378E1,6.500000000E0
1.057816878E1,6.500000000E0
1.058079278E1,6.500000000E0
1.058341778E1,6.500000000E0
1.058604178E1,6.500000000E0
1.058866678E1,6.500000000E0
1.059129078E1,6.500000000E0
1.059391578E1,6.500000000E0
1.059653978E1,6.500000000E0
1.059916478E1,6.500000000E0
1.060178878E1,6.500000000E0
1.060441378E1,6.500000000E0
1.060703778E1,6.500000000E0
1.060966278E1,6.500000000E0
1.061228678E1,6.500000000E0
1.061491178E1,6.500000000E0
1.061753578E1,6.500000000E0
1.062016078E1,6.500000000E0
1.062278478E1,6.500000000E0
1.062540978E1,6.500000000E0
1.062803378E1,6.500000000E0
1.063065878E1,6.500000000E0
1.063328278E1,6.500000000E0
1.063590778E1,6.500000000E0
1.063853178E1,6.500000000E0
1.064115678E1,6.500000000E0
1.064378078E1,6.500000000E0
1.064640578E1,6.500000000E0
1.064902978E1,6.500000000E0
1.065165478E1,6.500000000E0
1.065427878E1,6.500000000E0
1.065690378E1,6.500000000E0
1.065952778E1,6.500000000E0
1.066215278E1,6.500000000E0
1.066477778E1,6.500000000E0
1.066740178E1,6.500000000E0
1.067002678E1,6.500000000E0
1.067265078E1,6.500000000E0
1.067527578E1,6.500000000E0
1.067789978E1,6.500000000E0
1.068052478E1,6.500000000E0
1.068314878E1,6.500000000E0
1.068577378E1,1.937500000E1
1.068839778E1,1.937500000E1
1.069102278E1,1.937500000E1
1.069364678E1,1.937500000E1
1.069627178E1,1.937500000E1
1.069889578E1,1.937500000E1
1.070152078E1,1.937500000E1
1.070414478E1,1.937500000E1
1.070676978E1,1.937500000E1
1.070939378E1,1.937500000E1
1.071201878E1,1.937500000E1
1.071464278E1,1.937500000E1
1.071726778E1,1.937500000E1
1.071989178E1,1.937500000E1
1.072251678E1,1.937500000E1
1.072514078E1,1.937500000E1
1.072776578E1,1.937500000E1
1.073038978E1,1.937500000E1
1.073301478E1,1.937500000E1
1.073563878E1,1.937500000E1
1.073826378E1,6.500000000E0
1.074088778E1,6.500000000E0
1.074351278E1,6.500000000E0
1.074613678E1,6.500000000E0
1.074876178E1,6.500000000E0
1.075138578E1,6.500000000E0
1.075401078E1,6.500000000E0
1.075663478E1,6.500000000E0
1.075925978E1,6.500000000E0
1.076188378E1,6.500000000E0
1.076450878E1,6.500000000E0
1.076713278E1,6.500000000E0
1.076975778E1,6.500000000E0
1.077238178E1,6.500000000E0
1.077500678E1,6.500000000E0
1.077763178E1,6.500000000E0
1.078025578E1,6.500000000E0
1.078288078E1,6.500000000E0
1.078550478E1,6.500000000E0
1.078812978E1,1.937500000E1
1.079075378E1,1.937500000E1
1.079337878E1,1.937500000E1
1.079600278E1,1.937500000E1
1.079862778E1,1.937500000E1
1.080125178E1,1.937500000E1
1.080387678E1,1.937500000E1
1.080650078E1,1.937500000E1
1.080912578E1,1.937500000E1
1.081174978E1,1.937500000E1
1.081437478E1,6.500000000E0
1.081699878E1,6.500000000E0
1.081962378E1,6.500000000E0
1.082224778E1,6.500000000E0
1.082487278E1,6.500000000E0
1.082749678E1,6.500000000E0
1.083012178E1,6.500000000E0
1.083274578E1,6.500000000E0
1.083537078E1,6.500000000E0
1.083799478E1,6.500000000E0
1.084061978E1,6.500000000E0
1.084324378E1,6.500000000E0
1.084586878E1,6.500000000E0
1.084849278E1,6.500000000E0
1.085111778E1,6.500000000E0
1.085374178E1,6.500000000E0
1.085636678E1,6.500000000E0
1.085899078E1,6.500000000E0
1.086161578E1,6.500000000E0
1.086423978E1,6.500000000E0
1.086686478E1,6.500000000E0
1.086948878E1,6.500000000E0
1.087211378E1,6.500000000E0
1.087473778E1,6.500000000E0
1.087736278E1,6.500000000E0
1.087998678E1,6.500000000E0
1.088261178E1,6.500000000E0
1.088523578E1,6.500000000E0
1.088786078E1,1.937500000E1
1.089048578E1,1.937500000E1
1.089310978E1,1.937500000E1
1.089573478E1,1.937500000E1
1.089835878E1,1.937500000E1
1.090098378E1,1.937500000E1
1.090360778E1,1.937500000E1
1.090623278E1,1.937500000E1
1.090885678E1,1.937500000E1
1.091148178E1,1.937500000E1
1.091410578E1,1.937500000E1
1.091673078E1,6.500000000E0
1.091935478E1,6.500000000E0
1.092197978E1,6.500000000E0
1.092460378E1,6.500000000E0
1.092722878E1,6.500000000E0
1.092985278E1,6.500000000E0
1.093247778E1,6.500000000E0
1.093510178E1,6.500000000E0
1.093772678E1,6.500000000E0
1.094035078E1,1.937500000E1
1.094297578E1,1.937500000E1
1.094559978E1,1.937500000E1
1.094822478E1,1.937500000E1
1.095084878E1,1.937500000E1
1.095347378E1,1.937500000E1
1.095609778E1,1.937500000E1
1.095872278E1,1.937500000E1
1.096134678E1,1.937500000E1
1.096397178E1,1.937500000E1
1.096659578E1,6.500000000E0
1.096922078E1,6.500000000E0
1.097184478E1,6.500000000E0
1.097446978E1,6.500000000E0
1.097709378E1,6.500000000E0
1.097971878E1,6.500000000E0
1.098234278E1,6.500000000E0
1.098496778E1,6.500000000E0
1.098759178E1,6.500000000E0
1.099021678E1,6.500000000E0
1.099284078E1,6.500000000E0
1.099546578E1,6.500000000E0
1.099808978E1,6.500000000E0
1.100071478E1,6.500000000E0
1.100333978E1,6.500000000E0
1.100596378E1,6.500000000E0
1.100858878E1,6.500000000E0
1.101121278E1,6.500000000E0
1.101383778E1,6.500000000E0
1.101646178E1,6.500000000E0
1.101908678E1,6.500000000E0
1.102171078E1,6.500000000E0
1.102433578E1,6.500000000E0
1.102695978E1,6.500000000E0
1.102958478E1,6.500000000E0
1.103220878E1,6.500000000E0
1.103483378E1,6.500000000E0
1.103745778E1,6.500000000E0
1.104008278E1,6.500000000E0
1.104270678E1,6.500000000E0
1.104533178E1,6.500000000E0
1.104795578E1,6.500000000E0
1.105058078E1,6.500000000E0
1.105320478E1,6.500000000E0
1.105582978E1,6.500000000E0
1.105845378E1,6.500000000E0
1.106107878E1,6.500000000E0
1.106370278E1,6.500000000E0
1.106632778E1,6.500000000E0
1.106895178E1,6.500000000E0
1.107157678E1,6.500000000E0
1.107420078E1,6.500000000E0
1.107682578E1,6.500000000E0
1.107944978E1,6.500000000E0
1.108207478E1,6.500000000E0
1.108469878E1,6.500000000E0
1.108732378E1,6.500000000E0
1.108994778E1,6.500000000E0
1.109257278E1,1.937500000E1
1.109519678E1,1.937500000E1
1.109782178E1,1.937500000E1
1.110044578E1,1.937500000E1
1.110307078E1,1.937500000E1
1.110569478E1,1.937500000E1
1.110831978E1,1.937500000E1
1.111094378E1,1.937500000E1
1.111356878E1,1.937500000E1
1.111619378E1,1.937500000E1
1.111881778E1,6.500000000E0
1.112144278E1,6.500000000E0
1.112406678E1,6.500000000E0
1.112669178E1,6.500000000E0
1.112931578E1,6.500000000E0
1.113194078E1,6.500000000E0
1.113456478E1,6.500000000E0
1.113718978E1,6.500000000E0
1.113981378E1,6.500000000E0
1.114243878E1,6.500000000E0
1.114506278E1,6.500000000E0
1.114768778E1,6.500000000E0
1.115031178E1,6.500000000E0
1.115293678E1,6.500000000E0
1.115556078E1,6.500000000E0
1.115818578E1,6.500000000E0
1.116080978E1,6.500000000E0
1.116343478E1,6.500000000E0
1.116605878E1,6.500000000E0
1.116868378E1,6.500000000E0
1.117130778E1,6.500000000E0
1.117393278E1,6.500000000E0
1.117655678E1,6.500000000E0
1.117918178E1,6.500000000E0
1.118180578E1,6.500000000E0
1.118443078E1,6.500000000E0
1.118705478E1,6.500000000E0
1.118967978E1,6.500000000E0
1.119230378E1,6.500000000E0
1.119492878E1,1.937500000E1
1.119755278E1,1.937500000E1
1.120017778E1,1.937500000E1
1.120280178E1,1.937500000E1
1.120542678E1,1.937500000E1
1.120805078E1,1.937500000E1
1.121067578E1,1.937500000E1
1.121329978E1,1.937500000E1
1.121592478E1,1.937500000E1
1.121854878E1,1.937500000E1
1.122117378E1,1.937500000E1
1.122379878E1,1.937500000E1
1.122642278E1,1.937500000E1
1.122904778E1,1.937500000E1
1.123167178E1,1.937500000E1
1.123429678E1,1.937500000E1
1.123692078E1,1.937500000E1
1.123954578E1,1.937500000E1
1.124216978E1,1.937500000E1
1.124479478E1,6.500000000E0
1.124741878E1,6.500000000E0
1.125004378E1,6.500000000E0
1.125266778E1,6.500000000E0
1.125529278E1,6.500000000E0
1.125791678E1,6.500000000E0
1.126054178E1,6.500000000E0
1.126316578E1,6.500000000E0
1.126579078E1,6.500000000E0
1.126841478E1,6.500000000E0
1.127103978E1,1.937500000E1
1.127366378E1,1.937500000E1
1.127628878E1,1.937500000E1
1.127891278E1,1.937500000E1
1.128153778E1,1.937500000E1
1.128416178E1,1.937500000E1
1.128678678E1,1.937500000E1
1.128941078E1,1.937500000E1
1.129203578E1,1.937500000E1
1.129465978E1,1.937500000E1
1.129728478E1,6.500000000E0
1.129990878E1,6.500000000E0
1.130253378E1,6.500000000E0
1.130515778E1,6.500000000E0
1.130778278E1,6.500000000E0
1.131040678E1,6.500000000E0
1.131303178E1,6.500000000E0
1.131565578E1,6.500000000E0
1.131828078E1,6.500000000E0
1.132090478E1,6.500000000E0
1.132352978E1,6.500000000E0
1.132615378E1,6.500000000E0
1.132877878E1,6.500000000E0
1.133140278E1,6.500000000E0
1.133402778E1,6.500000000E0
1.133665278E1,6.500000000E0
1.133927678E1,6.500000000E0
1.134190178E1,6.500000000E0
1.134452578E1,6.500000000E0
1.134715078E1,6.500000000E0
1.134977478E1,6.500000000E0
1.135239978E1,6.500000000E0
1.135502378E1,6.500000000E0
1.135764878E1,6.500000000E0
1.136027278E1,6.500000000E0
1.136289778E1,6.500000000E0
1.136552178E1,6.500000000E0
1.136814678E1,6.500000000E0
1.137077078E1,6.500000000E0
1.137339578E1,6.500000000E0
1.137601978E1,6.500000000E0
1.137864478E1,6.500000000E0
1.138126878E1,6.500000000E0
1.138389378E1,6.500000000E0
1.138651778E1,6.500000000E0
1.138914278E1,6.500000000E0
1.139176678E1,6.500000000E0
1.139439178E1,6.500000000E0
1.139701578E1,6.500000000E0
1.139964078E1,1.937500000E1
1.140226478E1,1.937500000E1
1.140488978E1,1.937500000E1
1.140751378E1,1.937500000E1
1.141013878E1,1.937500000E1
1.141276278E1,1.937500000E1
1.141538778E1,1.937500000E1
1.141801178E1,1.937500000E1
1.142063678E1,1.937500000E1
1.142326078E1,6.500000000E0
1.142588578E1,6.500000000E0
1.142850978E1,6.500000000E0
1.143113478E1,6.500000000E0
1.143375878E1,6.500000000E0
1.143638378E1,6.500000000E0
1.143900778E1,6.500000000E0
1.144163278E1,6.500000000E0
1.144425678E1,6.500000000E0
1.144688178E1,6.500000000E0
1.144950678E1,6.500000000E0
1.145213078E1,6.500000000E0
1.145475578E1,6.500000000E0
1.145737978E1,6.500000000E0
1.146000478E1,6.500000000E0
1.146262878E1,6.500000000E0
1.146525378E1,6.500000000E0
1.146787778E1,6.500000000E0
1.147050278E1,6.500000000E0
1.147312678E1,6.500000000E0
1.147575178E1,1.937500000E1
1.147837578E1,1.937500000E1
1.148100078E1,1.937500000E1
1.148362478E1,1.937500000E1
1.148624978E1,1.937500000E1
1.148887378E1,1.937500000E1
1.149149878E1,1.937500000E1
1.149412278E1,1.937500000E1
1.149674778E1,1.937500000E1
1.149937178E1,1.937500000E1
1.150199678E1,6.500000000E0
1.150462078E1,6.500000000E0
1.150724578E1,6.500000000E0
1.150986978E1,6.500000000E0
1.151249478E1,6.500000000E0
1.151511878E1,6.500000000E0
1.151774378E1,6.500000000E0
1.152036778E1,6.500000000E0
1.152299278E1,6.500000000E0
1.152561678E1,1.937500000E1
1.152824178E1,1.937500000E1
1.153086578E1,1.937500000E1
1.153349078E1,1.937500000E1
1.153611478E1,1.937500000E1
1.153873978E1,1.937500000E1
1.154136378E1,1.937500000E1
1.154398878E1,1.937500000E1
1.154661278E1,1.937500000E1
1.154923778E1,1.937500000E1
1.155186178E1,6.500000000E0
1.155448678E1,6.500000000E0
1.155711078E1,6.500000000E0
1.155973578E1,6.500000000E0
1.156236078E1,6.500000000E0
1.156498478E1,6.500000000E0
1.156760978E1,6.500000000E0
1.157023378E1,6.500000000E0
1.157285878E1,6.500000000E0
1.157548278E1,6.500000000E0
1.157810778E1,6.500000000E0
1.158073178E1,6.500000000E0
1.158335678E1,6.500000000E0
1.158598078E1,6.500000000E0
1.158860578E1,6.500000000E0
1.159122978E1,6.500000000E0
1.159385478E1,6.500000000E0
1.159647878E1,6.500000000E0
1.159910378E1,6.500000000E0
1.160172778E1,6.500000000E0
1.160435278E1,6.500000000E0
1.160697678E1,6.500000000E0
1.160960178E1,6.500000000E0
1.161222578E1,6.500000000E0
1.161485078E1,6.500000000E0
1.161747478E1,6.500000000E0
1.162009978E1,6.500000000E0
1.162272378E1,6.500000000E0
1.162534878E1,6.500000000E0
1.162797278E1,1.937500000E1
1.163059778E1,1.937500000E1
1.163322178E1,1.937500000E1
1.163584678E1,1.937500000E1
1.163847078E1,1.937500000E1
1.164109578E1,1.937500000E1
1.164371978E1,1.937500000E1
1.164634478E1,1.937500000E1
1.164896878E1,1.937500000E1
1.165159378E1,1.937500000E1
1.165421778E1,6.500000000E0
1.165684278E1,6.500000000E0
1.165946678E1,6.500000000E0
1.166209178E1,6.500000000E0
1.166471578E1,6.500000000E0
1.166734078E1,6.500000000E0
1.166996478E1,6.500000000E0
1.167258978E1,6.500000000E0
1.167521478E1,6.500000000E0
1.167783878E1,6.500000000E0
1.168046378E1,6.500000000E0
1.168308778E1,6.500000000E0
1.168571278E1,6.500000000E0
1.168833678E1,6.500000000E0
1.169096178E1,6.500000000E0
1.169358578E1,6.500000000E0
1.169621078E1,6.500000000E0
1.169883478E1,6.500000000E0
1.170145978E1,6.500000000E0
1.170408378E1,6.500000000E0
1.170670878E1,6.500000000E0
1.170933278E1,6.500000000E0
1.171195778E1,6.500000000E0
1.171458178E1,6.500000000E0
1.171720678E1,6.500000000E0
1.171983078E1,6.500000000E0
1.172245578E1,6.500000000E0
1.172507978E1,6.500000000E0
1.172770478E1,6.500000000E0
1.173032878E1,6.500000000E0
1.173295378E1,6.500000000E0
1.173557778E1,6.500000000E0
1.173820278E1,6.500000000E0
1.174082678E1,6.500000000E0
1.174345178E1,6.500000000E0
1.174607578E1,6.500000000E0
1.174870078E1,6.500000000E0
1.175132478E1,6.500000000E0
1.175394978E1,6.500000000E0
1.175657378E1,1.937500000E1
1.175919878E1,1.937500000E1
1.176182278E1,1.937500000E1
1.176444778E1,1.937500000E1
1.176707178E1,1.937500000E1
1.176969678E1,1.937500000E1
1.177232078E1,1.937500000E1
1.177494578E1,1.937500000E1
1.177756978E1,1.937500000E1
1.178019478E1,1.937500000E1
1.178281878E1,1.937500000E1
1.178544378E1,1.937500000E1
1.178806878E1,1.937500000E1
1.179069278E1,1.937500000E1
1.179331778E1,1.937500000E1
1.179594178E1,1.937500000E1
1.179856678E1,1.937500000E1
1.180119078E1,1.937500000E1
1.180381578E1,1.937500000E1
1.180643978E1,1.937500000E1
1.180906478E1,1.937500000E1
1.181168878E1,1.937500000E1
1.181431378E1,1.937500000E1
1.181693778E1,1.937500000E1
1.181956278E1,1.937500000E1
1.182218678E1,1.937500000E1
1.182481178E1,1.937500000E1
1.182743578E1,1.937500000E1
1.183006078E1,1.937500000E1
1.183268478E1,6.500000000E0
1.183530978E1,6.500000000E0
1.183793378E1,6.500000000E0
1.184055878E1,6.500000000E0
1.184318278E1,6.500000000E0
1.184580778E1,6.500000000E0
1.184843178E1,6.500000000E0
1.185105678E1,6.500000000E0
1.185368078E1,6.500000000E0
1.185630578E1,1.937500000E1
1.185892978E1,1.937500000E1
1.186155478E1,1.937500000E1
1.186417878E1,1.937500000E1
1.186680378E1,1.937500000E1
1.186942778E1,1.937500000E1
1.187205278E1,1.937500000E1
1.187467678E1,1.937500000E1
1.187730178E1,1.937500000E1
1.187992578E1,1.937500000E1
1.188255078E1,1.937500000E1
1.188517478E1,1.937500000E1
1.188779978E1,1.937500000E1
1.189042378E1,1.937500000E1
1.189304878E1,1.937500000E1
1.189567378E1,1.937500000E1
1.189829778E1,1.937500000E1
1.190092278E1,1.937500000E1
1.190354678E1,1.937500000E1
1.190617178E1,6.500000000E0
1.190879578E1,6.500000000E0
1.191142078E1,6.500000000E0
1.191404478E1,6.500000000E0
1.191666978E1,6.500000000E0
1.191929378E1,6.500000000E0
1.192191878E1,6.500000000E0
1.192454278E1,6.500000000E0
1.192716778E1,6.500000000E0
1.192979178E1,6.500000000E0
1.193241678E1,6.500000000E0
1.193504078E1,6.500000000E0
1.193766578E1,6.500000000E0
1.194028978E1,6.500000000E0
1.194291478E1,6.500000000E0
1.194553878E1,6.500000000E0
1.194816378E1,6.500000000E0
1.195078778E1,6.500000000E0
1.195341278E1,6.500000000E0
1.195603678E1,6.500000000E0
1.195866178E1,1.937500000E1
1.196128578E1,1.937500000E1
1.196391078E1,1.937500000E1
1.196653478E1,1.937500000E1
1.196915978E1,1.937500000E1
1.197178378E1,1.937500000E1
1.197440878E1,1.937500000E1
1.197703278E1,1.937500000E1
1.197965778E1,1.937500000E1
1.198228178E1,1.937500000E1
1.198490678E1,6.500000000E0
1.198753078E1,6.500000000E0
1.199015578E1,6.500000000E0
1.199277978E1,6.500000000E0
1.199540478E1,6.500000000E0
1.199802878E1,6.500000000E0
1.200065378E1,6.500000000E0
1.200327778E1,6.500000000E0
1.200590278E1,6.500000000E0
1.200852778E1,6.500000000E0
1.201115178E1,6.500000000E0
1.201377678E1,6.500000000E0
1.201640078E1,6.500000000E0
1.201902578E1,6.500000000E0
1.202164978E1,6.500000000E0
1.202427478E1,6.500000000E0
1.202689878E1,6.500000000E0
1.202952378E1,6.500000000E0
1.203214778E1,6.500000000E0
1.203477278E1,6.500000000E0
1.203739678E1,6.500000000E0
1.204002178E1,6.500000000E0
1.204264578E1,6.500000000E0
1.204527078E1,6.500000000E0
1.204789478E1,6.500000000E0
1.205051978E1,6.500000000E0
1.205314378E1,6.500000000E0
1.205576878E1,6.500000000E0
1.205839278E1,6.500000000E0
1.206101778E1,1.937500000E1
1.206364178E1,1.937500000E1
1.206626678E1,1.937500000E1
1.206889078E1,1.937500000E1
1.207151578E1,1.937500000E1
1.207413978E1,1.937500000E1
1.207676478E1,1.937500000E1
1.207938878E1,1.937500000E1
1.208201378E1,1.937500000E1
1.208463778E1,6.500000000E0
1.208726278E1,6.500000000E0
1.208988678E1,6.500000000E0
1.209251178E1,6.500000000E0
1.209513578E1,6.500000000E0
1.209776078E1,6.500000000E0
1.210038478E1,6.500000000E0
1.210300978E1,6.500000000E0
1.210563378E1,6.500000000E0
1.210825878E1,6.500000000E0
1.211088278E1,6.500000000E0
1.211350778E1,6.500000000E0
1.211613178E1,6.500000000E0
1.211875678E1,6.500000000E0
1.212138178E1,6.500000000E0
1.212400578E1,6.500000000E0
1.212663078E1,6.500000000E0
1.212925478E1,6.500000000E0
1.213187978E1,6.500000000E0
1.213450378E1,6.500000000E0
1.213712878E1,6.500000000E0
1.213975278E1,6.500000000E0
1.214237778E1,6.500000000E0
1.214500178E1,6.500000000E0
1.214762678E1,6.500000000E0
1.215025078E1,6.500000000E0
1.215287578E1,6.500000000E0
1.215549978E1,6.500000000E0
1.215812478E1,6.500000000E0
1.216074878E1,6.500000000E0
1.216337378E1,1.937500000E1
1.216599778E1,1.937500000E1
1.216862278E1,1.937500000E1
1.217124678E1,1.937500000E1
1.217387178E1,1.937500000E1
1.217649578E1,1.937500000E1
1.217912078E1,1.937500000E1
1.218174478E1,1.937500000E1
1.218436978E1,1.937500000E1
1.218699378E1,1.937500000E1
1.218961878E1,1.937500000E1
1.219224278E1,1.937500000E1
1.219486778E1,1.937500000E1
1.219749178E1,1.937500000E1
1.220011678E1,1.937500000E1
1.220274078E1,1.937500000E1
1.220536578E1,1.937500000E1
1.220798978E1,1.937500000E1
1.221061478E1,1.937500000E1
1.221323878E1,6.500000000E0
1.221586378E1,6.500000000E0
1.221848778E1,6.500000000E0
1.222111278E1,6.500000000E0
1.222373678E1,6.500000000E0
1.222636178E1,6.500000000E0
1.222898578E1,6.500000000E0
1.223161078E1,6.500000000E0
1.223423578E1,6.500000000E0
1.223685978E1,6.500000000E0
1.223948478E1,1.937500000E1
1.224210878E1,1.937500000E1
1.224473378E1,1.937500000E1
1.224735778E1,1.937500000E1
1.224998278E1,1.937500000E1
1.225260678E1,1.937500000E1
1.225523178E1,1.937500000E1
1.225785578E1,1.937500000E1
1.226048078E1,1.937500000E1
1.226310478E1,6.500000000E0
1.226572978E1,6.500000000E0
1.226835378E1,6.500000000E0
1.227097878E1,6.500000000E0
1.227360278E1,6.500000000E0
1.227622778E1,6.500000000E0
1.227885178E1,6.500000000E0
1.228147678E1,6.500000000E0
1.228410078E1,6.500000000E0
1.228672578E1,6.500000000E0
1.228934978E1,1.937500000E1
1.229197478E1,1.937500000E1
1.229459878E1,1.937500000E1
1.229722378E1,1.937500000E1
1.229984778E1,1.937500000E1
1.230247278E1,1.937500000E1
1.230509678E1,1.937500000E1
1.230772178E1,1.937500000E1
1.231034578E1,1.937500000E1
1.231297078E1,1.937500000E1
1.231559478E1,6.500000000E0
1.231821978E1,6.500000000E0
1.232084378E1,6.500000000E0
1.232346878E1,6.500000000E0
1.232609278E1,6.500000000E0
1.232871778E1,6.500000000E0
1.233134178E1,6.500000000E0
1.233396678E1,6.500000000E0
1.233659078E1,6.500000000E0
1.233921578E1,6.500000000E0
1.234183978E1,6.500000000E0
1.234446478E1,6.500000000E0
1.234708978E1,6.500000000E0
1.234971378E1,6.500000000E0
1.235233878E1,6.500000000E0
1.235496278E1,6.500000000E0
1.235758778E1,6.500000000E0
1.236021178E1,6.500000000E0
1.236283678E1,6.500000000E0
1.236546078E1,1.937500000E1
1.236808578E1,1.937500000E1
1.237070978E1,1.937500000E1
1.237333478E1,1.937500000E1
1.237595878E1,1.937500000E1
1.237858378E1,1.937500000E1
1.238120778E1,1.937500000E1
1.238383278E1,1.937500000E1
1.238645678E1,1.937500000E1
1.238908178E1,1.937500000E1
1.239170578E1,6.500000000E0
1.239433078E1,6.500000000E0
1.239695478E1,6.500000000E0
1.239957978E1,6.500000000E0
1.240220378E1,6.500000000E0
1.240482878E1,6.500000000E0
1.240745278E1,6.500000000E0
1.241007778E1,6.500000000E0
1.241270178E1,6.500000000E0
1.241532678E1,6.500000000E0
1.241795078E1,6.500000000E0
1.242057578E1,6.500000000E0
1.242319978E1,6.500000000E0
1.242582478E1,6.500000000E0
1.242844878E1,6.500000000E0
1.243107378E1,6.500000000E0
1.243369778E1,6.500000000E0
1.243632278E1,6.500000000E0
1.243894678E1,6.500000000E0
1.244157178E1,1.937500000E1
1.244419578E1,1.937500000E1
1.244682078E1,1.937500000E1
1.244944478E1,1.937500000E1
1.245206978E1,1.937500000E1
1.245469378E1,1.937500000E1
1.245731878E1,1.937500000E1
1.245994378E1,1.937500000E1
1.246256778E1,1.937500000E1
1.246519278E1,1.937500000E1
1.246781678E1,1.937500000E1
1.247044178E1,1.937500000E1
1.247306578E1,1.937500000E1
1.247569078E1,1.937500000E1
1.247831478E1,1.937500000E1
1.248093978E1,1.937500000E1
1.248356378E1,1.937500000E1
1.248618878E1,1.937500000E1
1.248881278E1,1.937500000E1
1.249143778E1,1.937500000E1
1.249406178E1,6.500000000E0
1.249668678E1,6.500000000E0
1.249931078E1,6.500000000E0
1.250193578E1,6.500000000E0
1.250455978E1,6.500000000E0
1.250718478E1,6.500000000E0
1.250980878E1,6.500000000E0
1.251243378E1,6.500000000E0
1.251505778E1,6.500000000E0
1.251768278E1,6.500000000E0
1.252030678E1,6.500000000E0
1.252293178E1,6.500000000E0
1.252555578E1,6.500000000E0
1.252818078E1,6.500000000E0
1.253080478E1,6.500000000E0
1.253342978E1,6.500000000E0
1.253605378E1,6.500000000E0
1.253867878E1,6.500000000E0
1.254130278E1,6.500000000E0
1.254392778E1,1.937500000E1
1.254655178E1,1.937500000E1
1.254917678E1,1.937500000E1
1.255180078E1,1.937500000E1
1.255442578E1,1.937500000E1
1.255704978E1,1.937500000E1
1.255967478E1,1.937500000E1
1.256229878E1,1.937500000E1
1.256492378E1,1.937500000E1
1.256754878E1,1.937500000E1
1.257017278E1,6.500000000E0
1.257279778E1,6.500000000E0
1.257542178E1,6.500000000E0
1.257804678E1,6.500000000E0
1.258067078E1,6.500000000E0
1.258329578E1,6.500000000E0
1.258591978E1,6.500000000E0
1.258854478E1,6.500000000E0
1.259116878E1,6.500000000E0
1.259379378E1,6.500000000E0
1.259641778E1,1.937500000E1
1.259904278E1,1.937500000E1
1.260166678E1,1.937500000E1
1.260429178E1,1.937500000E1
1.260691578E1,1.937500000E1
1.260954078E1,1.937500000E1
1.261216478E1,1.937500000E1
1.261478978E1,1.937500000E1
1.261741378E1,1.937500000E1
1.262003878E1,6.500000000E0
1.262266278E1,6.500000000E0
1.262528778E1,6.500000000E0
1.262791178E1,6.500000000E0
1.263053678E1,6.500000000E0
1.263316078E1,6.500000000E0
1.263578578E1,6.500000000E0
1.263840978E1,6.500000000E0
1.264103478E1,6.500000000E0
1.264365878E1,6.500000000E0
1.264628378E1,6.500000000E0
1.264890778E1,6.500000000E0
1.265153278E1,6.500000000E0
1.265415678E1,6.500000000E0
1.265678178E1,6.500000000E0
1.265940578E1,6.500000000E0
1.266203078E1,6.500000000E0
1.266465478E1,6.500000000E0
1.266727978E1,6.500000000E0
1.266990378E1,6.500000000E0
1.267252878E1,1.937500000E1
1.267515278E1,1.937500000E1
1.267777778E1,1.937500000E1
1.268040278E1,1.937500000E1
1.268302678E1,1.937500000E1
1.268565178E1,1.937500000E1
1.268827578E1,1.937500000E1
1.269090078E1,1.937500000E1
1.269352478E1,1.937500000E1
1.269614978E1,1.937500000E1
1.269877378E1,1.937500000E1
1.270139878E1,1.937500000E1
1.270402278E1,1.937500000E1
1.270664778E1,1.937500000E1
1.270927178E1,1.937500000E1
1.271189678E1,1.937500000E1
1.271452078E1,1.937500000E1
1.271714578E1,1.937500000E1
1.271976978E1,1.937500000E1
1.272239478E1,6.500000000E0
1.272501878E1,6.500000000E0
1.272764378E1,6.500000000E0
1.273026778E1,6.500000000E0
1.273289278E1,6.500000000E0
1.273551678E1,6.500000000E0
1.273814178E1,6.500000000E0
1.274076578E1,6.500000000E0
1.274339078E1,6.500000000E0
1.274601478E1,6.500000000E0
1.274863978E1,6.500000000E0
1.275126378E1,6.500000000E0
1.275388878E1,6.500000000E0
1.275651278E1,6.500000000E0
1.275913778E1,6.500000000E0
1.276176178E1,6.500000000E0
1.276438678E1,6.500000000E0
1.276701078E1,6.500000000E0
1.276963578E1,6.500000000E0
1.277225978E1,6.500000000E0
1.277488478E1,6.500000000E0
1.277750878E1,6.500000000E0
1.278013378E1,6.500000000E0
1.278275778E1,6.500000000E0
1.278538278E1,6.500000000E0
1.278800678E1,6.500000000E0
1.279063178E1,6.500000000E0
1.279325678E1,6.500000000E0
1.279588078E1,6.500000000E0
1.279850578E1,6.500000000E0
1.280112978E1,6.500000000E0
1.280375478E1,6.500000000E0
1.280637878E1,6.500000000E0
1.280900378E1,6.500000000E0
1.281162778E1,6.500000000E0
1.281425278E1,6.500000000E0
1.281687678E1,6.500000000E0
1.281950178E1,6.500000000E0
1.282212578E1,6.500000000E0
1.282475078E1,6.500000000E0
1.282737478E1,6.500000000E0
1.282999978E1,6.500000000E0
1.283262378E1,6.500000000E0
1.283524878E1,6.500000000E0
1.283787278E1,6.500000000E0
1.284049778E1,6.500000000E0
1.284312178E1,6.500000000E0
1.284574678E1,6.500000000E0
1.284837078E1,6.500000000E0
1.285099578E1,6.500000000E0
1.285361978E1,6.500000000E0
1.285624478E1,6.500000000E0
1.285886878E1,6.500000000E0
1.286149378E1,6.500000000E0
1.286411778E1,6.500000000E0
1.286674278E1,6.500000000E0
1.286936678E1,6.500000000E0
1.287199178E1,6.500000000E0
1.287461578E1,1.937500000E1
1.287724078E1,1.937500000E1
1.287986478E1,1.937500000E1
1.288248978E1,1.937500000E1
1.288511378E1,1.937500000E1
1.288773878E1,1.937500000E1
1.289036278E1,1.937500000E1
1.289298778E1,1.937500000E1
1.289561178E1,1.937500000E1
1.289823678E1,1.937500000E1
1.290086078E1,1.937500000E1
1.290348578E1,1.937500000E1
1.290611078E1,1.937500000E1
1.290873478E1,1.937500000E1
1.291135978E1,1.937500000E1
1.291398378E1,1.937500000E1
1.291660878E1,1.937500000E1
1.291923278E1,1.937500000E1
1.292185778E1,1.937500000E1
1.292448178E1,1.937500000E1
1.292710678E1,1.937500000E1
1.292973078E1,1.937500000E1
1.293235578E1,1.937500000E1
1.293497978E1,1.937500000E1
1.293760478E1,1.937500000E1
1.294022878E1,1.937500000E1
1.294285378E1,1.937500000E1
1.294547778E1,1.937500000E1
1.294810278E1,1.937500000E1
1.295072678E1,6.500000000E0
1.295335178E1,6.500000000E0
1.295597578E1,6.500000000E0
1.295860078E1,6.500000000E0
1.296122478E1,6.500000000E0
1.296384978E1,6.500000000E0
1.296647378E1,6.500000000E0
1.296909878E1,6.500000000E0
1.297172278E1,6.500000000E0
1.297434778E1,6.500000000E0
1.297697178E1,1.937500000E1
1.297959678E1,1.937500000E1
1.298222078E1,1.937500000E1
1.298484578E1,1.937500000E1
1.298746978E1,1.937500000E1
1.299009478E1,1.937500000E1
1.299271878E1,1.937500000E1
1.299534378E1,1.937500000E1
1.299796778E1,1.937500000E1
1.300059278E1,1.937500000E1
1.300321678E1,6.500000000E0
1.300584178E1,6.500000000E0
1.300846578E1,6.500000000E0
1.301109078E1,6.500000000E0
1.301371478E1,6.500000000E0
1.301633978E1,6.500000000E0
1.301896478E1,6.500000000E0
1.302158878E1,6.500000000E0
1.302421378E1,6.500000000E0
1.302683778E1,1.937500000E1
1.302946278E1,1.937500000E1
1.303208678E1,1.937500000E1
1.303471178E1,1.937500000E1
1.303733578E1,1.937500000E1
1.303996078E1,1.937500000E1
1.304258478E1,1.937500000E1
1.304520978E1,1.937500000E1
1.304783378E1,1.937500000E1
1.305045878E1,1.937500000E1
1.305308278E1,6.500000000E0
1.305570778E1,6.500000000E0
1.305833178E1,6.500000000E0
1.306095678E1,6.500000000E0
1.306358078E1,6.500000000E0
1.306620578E1,6.500000000E0
1.306882978E1,6.500000000E0
1.307145478E1,6.500000000E0
1.307407878E1,6.500000000E0
1.307670378E1,6.500000000E0
1.307932778E1,1.937500000E1
1.308195278E1,1.937500000E1
1.308457678E1,1.937500000E1
1.308720178E1,1.937500000E1
1.308982578E1,1.937500000E1
1.309245078E1,1.937500000E1
1.309507478E1,1.937500000E1
1.309769978E1,1.937500000E1
1.310032378E1,1.937500000E1
1.310294878E1,1.937500000E1
1.310557278E1,1.937500000E1
1.310819778E1,1.937500000E1
1.311082178E1,1.937500000E1
1.311344678E1,1.937500000E1
1.311607078E1,1.937500000E1
1.311869578E1,1.937500000E1
1.312131978E1,1.937500000E1
1.312394478E1,1.937500000E1
1.312656878E1,1.937500000E1
1.312919378E1,1.937500000E1
1.313181878E1,1.937500000E1
1.313444278E1,1.937500000E1
1.313706778E1,1.937500000E1
1.313969178E1,1.937500000E1
1.314231678E1,1.937500000E1
1.314494078E1,1.937500000E1
1.314756578E1,1.937500000E1
1.315018978E1,1.937500000E1
1.315281478E1,1.937500000E1
1.315543878E1,1.937500000E1
1.315806378E1,1.937500000E1
1.316068778E1,1.937500000E1
1.316331278E1,1.937500000E1
1.316593678E1,1.937500000E1
1.316856178E1,1.937500000E1
1.317118578E1,1.937500000E1
1.317381078E1,1.937500000E1
1.317643478E1,1.937500000E1
1.317905978E1,1.937500000E1
1.318168378E1,6.500000000E0
1.318430878E1,6.500000000E0
1.318693278E1,6.500000000E0
1.318955778E1,6.500000000E0
1.319218178E1,6.500000000E0
1.319480678E1,6.500000000E0
1.319743078E1,6.500000000E0
1.320005578E1,6.500000000E0
1.320267978E1,6.500000000E0
1.320530478E1,1.937500000E1
1.320792878E1,1.937500000E1
1.321055378E1,1.937500000E1
1.321317778E1,1.937500000E1
1.321580278E1,1.937500000E1
1.321842678E1,1.937500000E1
1.322105178E1,1.937500000E1
1.322367578E1,1.937500000E1
1.322630078E1,1.937500000E1
1.322892478E1,1.937500000E1
1.323154978E1,6.500000000E0
1.323417378E1,6.500000000E0
1.323679878E1,6.500000000E0
1.323942378E1,6.500000000E0
1.324204778E1,6.500000000E0
1.324467278E1,6.500000000E0
1.324729678E1,6.500000000E0
1.324992178E1,6.500000000E0
1.325254578E1,6.500000000E0
1.325517078E1,6.500000000E0
1.325779478E1,1.937500000E1
1.326041978E1,1.937500000E1
1.326304378E1,1.937500000E1
1.326566878E1,1.937500000E1
1.326829278E1,1.937500000E1
1.327091778E1,1.937500000E1
1.327354178E1,1.937500000E1
1.327616678E1,1.937500000E1
1.327879078E1,1.937500000E1
1.328141578E1,6.500000000E0
1.328403978E1,6.500000000E0
1.328666478E1,6.500000000E0
1.328928878E1,6.500000000E0
1.329191378E1,6.500000000E0
1.329453778E1,6.500000000E0
1.329716278E1,6.500000000E0
1.329978678E1,6.500000000E0
1.330241178E1,6.500000000E0
1.330503578E1,6.500000000E0
1.330766078E1,1.937500000E1
1.331028478E1,1.937500000E1
1.331290978E1,1.937500000E1
1.331553378E1,1.937500000E1
1.331815878E1,1.937500000E1
1.332078278E1,1.937500000E1
1.332340778E1,1.937500000E1
1.332603178E1,1.937500000E1
1.332865678E1,1.937500000E1
1.333128078E1,1.937500000E1
1.333390578E1,1.937500000E1
1.333652978E1,1.937500000E1
1.333915478E1,1.937500000E1
1.334177878E1,1.937500000E1
1.334440378E1,1.937500000E1
1.334702778E1,1.937500000E1
1.334965278E1,1.937500000E1
1.335227778E1,1.937500000E1
1.335490178E1,1.937500000E1
1.335752678E1,1.937500000E1
1.336015078E1,1.937500000E1
1.336277578E1,1.937500000E1
1.336539978E1,1.937500000E1
1.336802478E1,1.937500000E1
1.337064878E1,1.937500000E1
1.337327378E1,1.937500000E1
1.337589778E1,1.937500000E1
1.337852278E1,1.937500000E1
1.338114678E1,1.937500000E1
1.338377178E1,6.500000000E0
1.338639578E1,6.500000000E0
1.338902078E1,6.500000000E0
1.339164478E1,6.500000000E0
1.339426978E1,6.500000000E0
1.339689378E1,6.500000000E0
1.339951878E1,6.500000000E0
1.340214278E1,6.500000000E0
1.340476778E1,6.500000000E0
1.340739178E1,6.500000000E0
1.341001678E1,6.500000000E0
1.341264078E1,6.500000000E0
1.341526578E1,6.500000000E0
1.341788978E1,6.500000000E0
1.342051478E1,6.500000000E0
1.342313878E1,6.500000000E0
1.342576378E1,6.500000000E0
1.342838778E1,6.500000000E0
1.343101278E1,6.500000000E0
1.343363678E1,6.500000000E0
1.343626178E1,6.500000000E0
1.343888578E1,6.500000000E0
1.344151078E1,6.500000000E0
1.344413478E1,6.500000000E0
1.344675978E1,6.500000000E0
1.344938378E1,6.500000000E0
1.345200878E1,6.500000000E0
1.345463278E1,6.500000000E0
1.345725778E1,6.500000000E0
1.345988178E1,6.500000000E0
1.346250678E1,6.500000000E0
1.346513178E1,6.500000000E0
1.346775578E1,6.500000000E0
1.347038078E1,6.500000000E0
1.347300478E1,6.500000000E0
1.347562978E1,6.500000000E0
1.347825378E1,6.500000000E0
1.348087878E1,6.500000000E0
1.348350278E1,6.500000000E0
1.348612778E1,6.500000000E0
1.348875178E1,6.500000000E0
1.349137678E1,6.500000000E0
1.349400078E1,6.500000000E0
1.349662578E1,6.500000000E0
1.349924978E1,6.500000000E0
1.350187478E1,6.500000000E0
1.350449878E1,6.500000000E0
1.350712378E1,6.500000000E0
1.350974778E1,6.500000000E0
1.351237278E1,1.937500000E1
1.351499678E1,1.937500000E1
1.351762178E1,1.937500000E1
1.352024578E1,1.937500000E1
1.352287078E1,1.937500000E1
1.352549478E1,1.937500000E1
1.352811978E1,1.937500000E1
1.353074378E1,1.937500000E1
1.353336878E1,1.937500000E1
1.353599278E1,6.500000000E0
1.353861778E1,6.500000000E0
1.354124178E1,6.500000000E0
1.354386678E1,6.500000000E0
1.354649078E1,6.500000000E0
1.354911578E1,6.500000000E0
1.355173978E1,6.500000000E0
1.355436478E1,6.500000000E0
1.355698878E1,6.500000000E0
1.355961378E1,6.500000000E0
1.356223778E1,6.500000000E0
1.356486278E1,6.500000000E0
1.356748678E1,6.500000000E0
1.357011178E1,6.500000000E0
1.357273578E1,6.500000000E0
1.357536078E1,6.500000000E0
1.357798578E1,6.500000000E0
1.358060978E1,6.500000000E0
1.358323478E1,6.500000000E0
1.358585878E1,6.500000000E0
1.358848378E1,6.500000000E0
1.359110778E1,6.500000000E0
1.359373278E1,6.500000000E0
1.359635678E1,6.500000000E0
1.359898178E1,6.500000000E0
1.360160578E1,6.500000000E0
1.360423078E1,6.500000000E0
1.360685478E1,6.500000000E0
1.360947978E1,6.500000000E0
1.361210378E1,6.500000000E0
1.361472878E1,6.500000000E0
1.361735278E1,6.500000000E0
1.361997778E1,6.500000000E0
1.362260178E1,6.500000000E0
1.362522678E1,6.500000000E0
1.362785078E1,6.500000000E0
1.363047578E1,6.500000000E0
1.363309978E1,6.500000000E0
1.363572478E1,6.500000000E0
1.363834878E1,6.500000000E0
1.364097378E1,6.500000000E0
1.364359778E1,6.500000000E0
1.364622278E1,6.500000000E0
1.364884678E1,6.500000000E0
1.365147178E1,6.500000000E0
1.365409578E1,6.500000000E0
1.365672078E1,6.500000000E0
1.365934478E1,6.500000000E0
1.366196978E1,6.500000000E0
1.366459378E1,6.500000000E0
1.366721878E1,6.500000000E0
1.366984278E1,6.500000000E0
1.367246778E1,6.500000000E0
1.367509178E1,6.500000000E0
1.367771678E1,6.500000000E0
1.368034078E1,6.500000000E0
1.368296578E1,6.500000000E0
1.368558978E1,6.500000000E0
1.368821478E1,6.500000000E0
1.369083978E1,6.500000000E0
1.369346378E1,6.500000000E0
1.369608878E1,6.500000000E0
1.369871278E1,6.500000000E0
1.370133778E1,6.500000000E0
1.370396178E1,6.500000000E0
1.370658678E1,6.500000000E0
1.370921078E1,6.500000000E0
1.371183578E1,6.500000000E0
1.371445978E1,6.500000000E0
1.371708478E1,6.500000000E0
1.371970878E1,6.500000000E0
1.372233378E1,6.500000000E0
1.372495778E1,6.500000000E0
1.372758278E1,6.500000000E0
1.373020678E1,6.500000000E0
1.373283178E1,6.500000000E0
1.373545578E1,6.500000000E0
1.373808078E1,6.500000000E0
1.374070478E1,1.937500000E1
1.374332978E1,1.937500000E1
1.374595378E1,1.937500000E1
1.374857878E1,1.937500000E1
1.375120278E1,1.937500000E1
1.375382778E1,1.937500000E1
1.375645178E1,1.937500000E1
1.375907678E1,1.937500000E1
1.376170078E1,1.937500000E1
1.376432578E1,6.500000000E0
1.376694978E1,6.500000000E0
1.376957478E1,6.500000000E0
1.377219878E1,6.500000000E0
1.377482378E1,6.500000000E0
1.377744778E1,6.500000000E0
1.378007278E1,6.500000000E0
1.378269678E1,6.500000000E0
1.378532178E1,6.500000000E0
1.378794578E1,6.500000000E0
1.379057078E1,1.937500000E1
1.379319478E1,1.937500000E1
1.379581978E1,1.937500000E1
1.379844378E1,1.937500000E1
1.380106878E1,1.937500000E1
1.380369378E1,1.937500000E1
1.380631778E1,1.937500000E1
1.380894278E1,1.937500000E1
1.381156678E1,1.937500000E1
1.381419178E1,1.937500000E1
1.381681578E1,6.500000000E0
1.381944078E1,6.500000000E0
1.382206478E1,6.500000000E0
1.382468978E1,6.500000000E0
1.382731378E1,6.500000000E0
1.382993878E1,6.500000000E0
1.383256278E1,6.500000000E0
1.383518778E1,6.500000000E0
1.383781178E1,6.500000000E0
1.384043678E1,6.500000000E0
1.384306078E1,1.937500000E1
1.384568578E1,1.937500000E1
1.384830978E1,1.937500000E1
1.385093478E1,1.937500000E1
1.385355878E1,1.937500000E1
1.385618378E1,1.937500000E1
1.385880778E1,1.937500000E1
1.386143278E1,1.937500000E1
1.386405678E1,1.937500000E1
1.386668178E1,1.937500000E1
1.386930578E1,6.500000000E0
1.387193078E1,6.500000000E0
1.387455478E1,6.500000000E0
1.387717978E1,6.500000000E0
1.387980378E1,6.500000000E0
1.388242878E1,6.500000000E0
1.388505278E1,6.500000000E0
1.388767778E1,6.500000000E0
1.389030178E1,6.500000000E0
1.389292678E1,1.937500000E1
1.389555078E1,1.937500000E1
1.389817578E1,1.937500000E1
1.390079978E1,1.937500000E1
1.390342478E1,1.937500000E1
1.390604878E1,1.937500000E1
1.390867378E1,1.937500000E1
1.391129878E1,1.937500000E1
1.391392278E1,1.937500000E1
1.391654778E1,1.937500000E1
1.391917178E1,1.937500000E1
1.392179678E1,1.937500000E1
1.392442078E1,1.937500000E1
1.392704578E1,1.937500000E1
1.392966978E1,1.937500000E1
1.393229478E1,1.937500000E1
1.393491878E1,1.937500000E1
1.393754378E1,1.937500000E1
1.394016778E1,1.937500000E1
1.394279278E1,6.500000000E0
1.394541678E1,6.500000000E0
1.394804178E1,6.500000000E0
1.395066578E1,6.500000000E0
1.395329078E1,6.500000000E0
1.395591478E1,6.500000000E0
1.395853978E1,6.500000000E0
1.396116378E1,6.500000000E0
1.396378878E1,6.500000000E0
1.396641278E1,6.500000000E0
1.396903778E1,6.500000000E0
1.397166178E1,6.500000000E0
1.397428678E1,6.500000000E0
1.397691078E1,6.500000000E0
1.397953578E1,6.500000000E0
1.398215978E1,6.500000000E0
1.398478478E1,6.500000000E0
1.398740878E1,6.500000000E0
1.399003378E1,6.500000000E0
1.399265778E1,6.500000000E0
