"Time (s)","Illuminance (lx)"
0.000000000E0,1.937500000E1
1.114218000E-2,1.937500000E1
2.127418000E-2,1.937500000E1
3.140618000E-2,1.937500000E1
3.406118000E-2,1.937500000E1
3.668618000E-2,1.937500000E1
3.931018000E-2,1.937500000E1
4.193518000E-2,1.937500000E1
4.455918000E-2,1.937500000E1
4.718418000E-2,1.937500000E1
4.980818000E-2,1.937500000E1
5.243318000E-2,1.937500000E1
5.505718000E-2,1.937500000E1
5.768218000E-2,1.937500000E1
6.030618000E-2,1.937500000E1
6.293118000E-2,1.937500000E1
6.555518000E-2,1.937500000E1
6.818018000E-2,1.937500000E1
7.080418000E-2,1.937500000E1
7.342918000E-2,1.937500000E1
7.605318000E-2,1.937500000E1
7.867818000E-2,1.937500000E1
8.130218000E-2,1.937500000E1
8.392718000E-2,1.937500000E1
8.655118000E-2,1.937500000E1
8.917618000E-2,1.937500000E1
9.180018000E-2,1.937500000E1
9.442518000E-2,1.937500000E1
9.704918000E-2,1.937500000E1
9.967418000E-2,1.937500000E1
1.022981800E-1,1.937500000E1
1.049231800E-1,1.937500000E1
1.075481800E-1,1.937500000E1
1.101721800E-1,1.937500000E1
1.127971800E-1,1.937500000E1
1.154211800E-1,1.937500000E1
1.180461800E-1,1.937500000E1
1.206701800E-1,1.937500000E1
1.232951800E-1,1.937500000E1
1.259191800E-1,1.937500000E1
1.285441800E-1,1.937500000E1
1.311681800E-1,1.937500000E1
1.337931800E-1,1.937500000E1
1.364171800E-1,1.937500000E1
1.390421800E-1,1.937500000E1
1.416661800E-1,1.937500000E1
1.442911800E-1,1.937500000E1
1.469151800E-1,1.937500000E1
1.495401800E-1,1.937500000E1
1.521641800E-1,1.937500000E1
1.547891800E-1,1.937500000E1
1.574131800E-1,1.937500000E1
1.600381800E-1,1.937500000E1
1.626621800E-1,1.937500000E1
1.652871800E-1,1.937500000E1
1.679111800E-1,1.937500000E1
1.705361800E-1,1.937500000E1
1.731601800E-1,1.937500000E1
1.757851800E-1,1.937500000E1
1.784091800E-1,1.937500000E1
1.810341800E-1,1.937500000E1
1.836581800E-1,1.937500000E1
1.862831800E-1,1.937500000E1
1.889071800E-1,1.937500000E1
1.915321800E-1,1.937500000E1
1.941561800E-1,1.937500000E1
1.967811800E-1,1.937500000E1
1.994051800E-1,1.937500000E1
2.020301800E-1,1.937500000E1
2.046541800E-1,1.937500000E1
2.072791800E-1,1.937500000E1
2.099031800E-1,1.937500000E1
2.125281800E-1,1.937500000E1
2.151521800E-1,1.937500000E1
2.177771800E-1,1.937500000E1
2.204021800E-1,1.937500000E1
2.230261800E-1,1.937500000E1
2.256511800E-1,1.937500000E1
2.282751800E-1,1.937500000E1
2.309001800E-1,1.937500000E1
2.335241800E-1,1.937500000E1
2.361491800E-1,1.937500000E1
2.387731800E-1,1.937500000E1
2.413981800E-1,1.937500000E1
2.440221800E-1,1.937500000E1
2.466471800E-1,1.937500000E1
2.492711800E-1,1.937500000E1
2.518961800E-1,1.937500000E1
2.545201800E-1,1.937500000E1
2.571451800E-1,1.937500000E1
2.597691800E-1,1.937500000E1
2.623941800E-1,1.937500000E1
2.650181800E-1,1.937500000E1
2.676431800E-1,1.937500000E1
2.702671800E-1,1.937500000E1
2.728921800E-1,1.937500000E1
2.755161800E-1,1.937500000E1
2.781411800E-1,1.937500000E1
2.807651800E-1,1.937500000E1
2.833901800E-1,1.937500000E1
2.860141800E-1,1.937500000E1
2.886391800E-1,1.937500000E1
2.912631800E-1,1.937500000E1
2.938881800E-1,1.937500000E1
2.965121800E-1,1.937500000E1
2.991371800E-1,1.937500000E1
3.017611800E-1,1.937500000E1
3.043861800E-1,1.937500000E1
3.070101800E-1,1.937500000E1
3.096351800E-1,1.937500000E1
3.122591800E-1,1.937500000E1
3.148841800E-1,1.937500000E1
3.175081800E-1,1.937500000E1
3.201331800E-1,1.937500000E1
3.227571800E-1,1.937500000E1
3.253821800E-1,1.937500000E1
3.280061800E-1,1.937500000E1
3.306311800E-1,1.937500000E1
3.332561800E-1,1.937500000E1
3.358801800E-1,1.937500000E1
3.385051800E-1,1.937500000E1
3.411291800E-1,1.937500000E1
3.437541800E-1,1.937500000E1
3.463781800E-1,1.937500000E1
3.490031800E-1,1.937500000E1
3.516271800E-1,1.937500000E1
3.542521800E-1,1.937500000E1
3.568761800E-1,1.937500000E1
3.595011800E-1,1.937500000E1
3.621251800E-1,1.937500000E1
3.647501800E-1,1.937500000E1
3.673741800E-1,1.937500000E1
3.699991800E-1,1.937500000E1
3.726231800E-1,1.937500000E1
3.752481800E-1,1.937500000E1
3.778721800E-1,1.937500000E1
3.804971800E-1,1.937500000E1
3.831211800E-1,1.937500000E1
3.857461800E-1,1.937500000E1
3.883701800E-1,1.937500000E1
3.909951800E-1,1.937500000E1
3.936191800E-1,1.937500000E1
3.962441800E-1,1.937500000E1
3.988681800E-1,1.937500000E1
4.014931800E-1,1.937500000E1
4.041171800E-1,1.937500000E1
4.067421800E-1,1.937500000E1
4.093661800E-1,1.937500000E1
4.119911800E-1,1.937500000E1
4.146151800E-1,1.937500000E1
4.172401800E-1,1.937500000E1
4.198641800E-1,1.937500000E1
4.224891800E-1,1.937500000E1
4.251131800E-1,1.937500000E1
4.277381800E-1,1.937500000E1
4.303621800E-1,1.937500000E1
4.329871800E-1,1.937500000E1
4.356111800E-1,1.937500000E1
4.382361800E-1,1.937500000E1
4.408611800E-1,1.937500000E1
4.434851800E-1,1.937500000E1
4.461101800E-1,1.937500000E1
4.487341800E-1,1.937500000E1
4.513591800E-1,1.937500000E1
4.539831800E-1,1.937500000E1
4.566081800E-1,1.937500000E1
4.592321800E-1,1.937500000E1
4.618571800E-1,1.937500000E1
4.644811800E-1,1.937500000E1
4.671061800E-1,1.937500000E1
4.697301800E-1,1.937500000E1
4.723551800E-1,1.937500000E1
4.749791800E-1,1.937500000E1
4.776041800E-1,1.937500000E1
4.802281800E-1,1.937500000E1
4.828531800E-1,1.937500000E1
4.854771800E-1,1.937500000E1
4.881021800E-1,1.937500000E1
4.907261800E-1,1.937500000E1
4.933511800E-1,1.937500000E1
4.959751800E-1,1.937500000E1
4.986001800E-1,1.937500000E1
5.012241800E-1,1.937500000E1
5.038491800E-1,1.937500000E1
5.064731800E-1,1.937500000E1
5.090981800E-1,1.937500000E1
5.117221800E-1,1.937500000E1
5.143471800E-1,1.937500000E1
5.169711800E-1,1.937500000E1
5.195961800E-1,1.937500000E1
5.222201800E-1,1.937500000E1
5.248451800E-1,1.937500000E1
5.274691800E-1,1.937500000E1
5.300941800E-1,1.937500000E1
5.327181800E-1,1.937500000E1
5.353431800E-1,1.937500000E1
5.379671800E-1,1.937500000E1
5.405921800E-1,1.937500000E1
5.432161800E-1,1.937500000E1
5.458411800E-1,1.937500000E1
5.484651800E-1,1.937500000E1
5.510901800E-1,1.937500000E1
5.537151800E-1,1.937500000E1
5.563391800E-1,1.937500000E1
5.589641800E-1,1.937500000E1
5.615881800E-1,1.937500000E1
5.642131800E-1,1.937500000E1
5.668371800E-1,1.937500000E1
5.694621800E-1,1.937500000E1
5.720861800E-1,1.937500000E1
5.747111800E-1,1.937500000E1
5.773351800E-1,1.937500000E1
5.799601800E-1,1.937500000E1
5.825841800E-1,1.937500000E1
5.852091800E-1,1.937500000E1
5.878331800E-1,1.937500000E1
5.904581800E-1,1.937500000E1
5.930821800E-1,1.937500000E1
5.957071800E-1,1.937500000E1
5.983311800E-1,1.937500000E1
6.009561800E-1,1.937500000E1
6.035801800E-1,1.937500000E1
6.062051800E-1,1.937500000E1
6.088291800E-1,1.937500000E1
6.114541800E-1,1.937500000E1
6.140781800E-1,1.937500000E1
6.167031800E-1,1.937500000E1
6.193271800E-1,1.937500000E1
6.219521800E-1,1.937500000E1
6.245761800E-1,1.937500000E1
6.272011800E-1,1.937500000E1
6.298251800E-1,1.937500000E1
6.324501800E-1,1.937500000E1
6.350741800E-1,1.937500000E1
6.376991800E-1,1.937500000E1
6.403231800E-1,1.937500000E1
6.429481800E-1,1.937500000E1
6.455721800E-1,1.937500000E1
6.481971800E-1,1.937500000E1
6.508211800E-1,1.937500000E1
6.534461800E-1,1.937500000E1
6.560701800E-1,1.937500000E1
6.586951800E-1,1.937500000E1
6.613191800E-1,1.937500000E1
6.639441800E-1,1.937500000E1
6.665691800E-1,1.937500000E1
6.691931800E-1,1.937500000E1
6.718181800E-1,1.937500000E1
6.744421800E-1,1.937500000E1
6.770671800E-1,1.937500000E1
6.796911800E-1,1.937500000E1
6.823161800E-1,1.937500000E1
6.849401800E-1,1.937500000E1
6.875651800E-1,1.937500000E1
6.901891800E-1,1.937500000E1
6.928141800E-1,1.937500000E1
6.954381800E-1,1.937500000E1
6.980631800E-1,1.937500000E1
7.006871800E-1,1.937500000E1
7.033121800E-1,1.937500000E1
7.059361800E-1,1.937500000E1
7.085611800E-1,1.937500000E1
7.111851800E-1,1.937500000E1
7.138101800E-1,1.937500000E1
7.164341800E-1,1.937500000E1
7.190591800E-1,1.937500000E1
7.216831800E-1,1.937500000E1
7.243081800E-1,1.937500000E1
7.269321800E-1,1.937500000E1
7.295571800E-1,1.937500000E1
7.321811800E-1,1.937500000E1
7.348061800E-1,1.937500000E1
7.374301800E-1,1.937500000E1
7.400551800E-1,1.937500000E1
7.426791800E-1,1.937500000E1
7.453041800E-1,1.937500000E1
7.479281800E-1,1.937500000E1
7.505531800E-1,1.937500000E1
7.531771800E-1,1.937500000E1
7.558021800E-1,1.937500000E1
7.584261800E-1,1.937500000E1
7.610511800E-1,1.937500000E1
7.636751800E-1,1.937500000E1
7.663001800E-1,1.937500000E1
7.689241800E-1,1.937500000E1
7.715491800E-1,1.937500000E1
7.741731800E-1,1.937500000E1
7.767981800E-1,1.937500000E1
7.794231800E-1,1.937500000E1
7.820471800E-1,1.937500000E1
7.846721800E-1,1.937500000E1
7.872961800E-1,1.937500000E1
7.899211800E-1,1.937500000E1
7.925451800E-1,1.937500000E1
7.951701800E-1,1.937500000E1
7.977941800E-1,1.937500000E1
8.004191800E-1,1.937500000E1
8.030431800E-1,1.937500000E1
8.056681800E-1,1.937500000E1
8.082921800E-1,1.937500000E1
8.109171800E-1,1.937500000E1
8.135411800E-1,1.937500000E1
8.161661800E-1,1.937500000E1
8.187901800E-1,1.937500000E1
8.214151800E-1,1.937500000E1
8.240391800E-1,1.937500000E1
8.266641800E-1,1.937500000E1
8.292881800E-1,1.937500000E1
8.319131800E-1,1.937500000E1
8.345371800E-1,1.937500000E1
8.371621800E-1,1.937500000E1
8.397861800E-1,1.937500000E1
8.424111800E-1,1.937500000E1
8.450351800E-1,1.937500000E1
8.476601800E-1,1.937500000E1
8.502841800E-1,1.937500000E1
8.529091800E-1,1.937500000E1
8.555331800E-1,1.937500000E1
8.581581800E-1,1.937500000E1
8.607821800E-1,1.937500000E1
8.634071800E-1,1.937500000E1
8.660311800E-1,1.937500000E1
8.686561800E-1,1.937500000E1
8.712801800E-1,1.937500000E1
8.739051800E-1,1.937500000E1
8.765291800E-1,1.937500000E1
8.791541800E-1,1.937500000E1
8.817781800E-1,1.937500000E1
8.844031800E-1,1.937500000E1
8.870271800E-1,1.937500000E1
8.896521800E-1,1.937500000E1
8.922771800E-1,1.937500000E1
8.949011800E-1,1.937500000E1
8.975261800E-1,1.937500000E1
9.001501800E-1,1.937500000E1
9.027751800E-1,1.937500000E1
9.053991800E-1,1.937500000E1
9.080241800E-1,1.937500000E1
9.106481800E-1,1.937500000E1
9.132731800E-1,1.937500000E1
9.158971800E-1,1.937500000E1
9.185221800E-1,2.062500000E1
9.211461800E-1,2.062500000E1
9.237711800E-1,2.062500000E1
9.263951800E-1,2.062500000E1
9.290201800E-1,2.062500000E1
9.316441800E-1,2.062500000E1
9.342691800E-1,2.062500000E1
9.368931800E-1,2.062500000E1
9.395181800E-1,2.062500000E1
9.421421800E-1,2.062500000E1
9.447671800E-1,1.937500000E1
9.473911800E-1,1.937500000E1
9.500161800E-1,1.937500000E1
9.526401800E-1,1.937500000E1
9.552651800E-1,1.937500000E1
9.578891800E-1,1.937500000E1
9.605141800E-1,1.937500000E1
9.631381800E-1,1.937500000E1
9.657631800E-1,1.937500000E1
9.683871800E-1,1.937500000E1
9.710121800E-1,1.937500000E1
9.736361800E-1,1.937500000E1
9.762611800E-1,1.937500000E1
9.788851800E-1,1.937500000E1
9.815101800E-1,1.937500000E1
9.841341800E-1,1.937500000E1
9.867591800E-1,1.937500000E1
9.893831800E-1,1.937500000E1
9.920081800E-1,1.937500000E1
9.946321800E-1,1.937500000E1
9.972571800E-1,1.937500000E1
9.998811800E-1,1.937500000E1
1.002506180E0,1.937500000E1
1.005131180E0,1.937500000E1
1.007755180E0,1.937500000E1
1.010380180E0,1.937500000E1
1.013004180E0,1.937500000E1
1.015629180E0,1.937500000E1
1.018253180E0,1.937500000E1
1.020878180E0,1.937500000E1
1.023502180E0,1.937500000E1
1.026127180E0,1.937500000E1
1.028751180E0,1.937500000E1
1.031376180E0,1.937500000E1
1.034000180E0,1.937500000E1
1.036625180E0,1.937500000E1
1.039249180E0,1.937500000E1
1.041874180E0,1.937500000E1
1.044498180E0,1.937500000E1
1.047123180E0,1.937500000E1
1.049747180E0,1.937500000E1
1.052372180E0,1.937500000E1
1.054996180E0,1.937500000E1
1.057621180E0,1.937500000E1
1.060245180E0,1.937500000E1
1.062870180E0,1.937500000E1
1.065494180E0,1.937500000E1
1.068119180E0,1.937500000E1
1.070743180E0,1.937500000E1
1.073368180E0,1.937500000E1
1.075992180E0,1.937500000E1
1.078617180E0,1.937500000E1
1.081241180E0,1.937500000E1
1.083866180E0,1.937500000E1
1.086490180E0,1.937500000E1
1.089115180E0,1.937500000E1
1.091739180E0,1.937500000E1
1.094364180E0,1.937500000E1
1.096988180E0,1.937500000E1
1.099613180E0,1.937500000E1
1.102237180E0,1.937500000E1
1.104862180E0,1.937500000E1
1.107486180E0,1.937500000E1
1.110111180E0,1.937500000E1
1.112736180E0,1.937500000E1
1.115360180E0,1.937500000E1
1.117985180E0,1.937500000E1
1.120609180E0,1.937500000E1
1.123234180E0,1.937500000E1
1.125858180E0,1.937500000E1
1.128483180E0,1.937500000E1
1.131107180E0,1.937500000E1
1.133732180E0,1.937500000E1
1.136356180E0,1.937500000E1
1.138981180E0,1.937500000E1
1.141605180E0,1.937500000E1
1.144230180E0,1.937500000E1
1.146854180E0,1.937500000E1
1.149479180E0,1.937500000E1
1.152103180E0,1.937500000E1
1.154728180E0,1.937500000E1
1.157352180E0,1.937500000E1
1.159977180E0,1.937500000E1
1.162601180E0,1.937500000E1
1.165226180E0,1.937500000E1
1.167850180E0,1.937500000E1
1.170475180E0,1.937500000E1
1.173099180E0,1.937500000E1
1.175724180E0,1.937500000E1
1.178348180E0,1.937500000E1
1.180973180E0,1.937500000E1
1.183597180E0,1.937500000E1
1.186222180E0,1.937500000E1
1.188846180E0,1.937500000E1
1.191471180E0,1.937500000E1
1.194095180E0,1.937500000E1
1.196720180E0,1.937500000E1
1.199344180E0,1.937500000E1
1.201969180E0,1.937500000E1
1.204593180E0,1.937500000E1
1.207218180E0,1.937500000E1
1.209842180E0,1.937500000E1
1.212467180E0,1.937500000E1
1.215091180E0,1.937500000E1
1.217716180E0,1.937500000E1
1.220340180E0,1.937500000E1
1.222965180E0,1.937500000E1
1.225590180E0,1.937500000E1
1.228214180E0,1.937500000E1
1.230839180E0,1.937500000E1
1.233463180E0,1.937500000E1
1.236088180E0,1.937500000E1
1.238712180E0,1.937500000E1
1.241337180E0,1.937500000E1
1.243961180E0,1.937500000E1
1.246586180E0,1.937500000E1
1.249210180E0,1.937500000E1
1.251835180E0,1.937500000E1
1.254459180E0,1.937500000E1
1.257084180E0,1.937500000E1
1.259708180E0,1.937500000E1
1.262333180E0,1.937500000E1
1.264957180E0,1.937500000E1
1.267582180E0,1.937500000E1
1.270206180E0,1.937500000E1
1.272831180E0,1.937500000E1
1.275455180E0,1.937500000E1
1.278080180E0,1.937500000E1
1.280704180E0,1.937500000E1
1.283329180E0,1.937500000E1
1.285953180E0,1.937500000E1
1.288578180E0,1.937500000E1
1.291202180E0,1.937500000E1
1.293827180E0,1.937500000E1
1.296451180E0,1.937500000E1
1.299076180E0,1.937500000E1
1.301700180E0,1.937500000E1
1.304325180E0,1.937500000E1
1.306949180E0,1.937500000E1
1.309574180E0,1.937500000E1
1.312198180E0,1.937500000E1
1.314823180E0,1.937500000E1
1.317447180E0,1.937500000E1
1.320072180E0,1.937500000E1
1.322696180E0,1.937500000E1
1.325321180E0,1.937500000E1
1.327945180E0,1.937500000E1
1.330570180E0,1.937500000E1
1.333194180E0,1.937500000E1
1.335819180E0,1.937500000E1
1.338444180E0,1.937500000E1
1.341068180E0,1.937500000E1
1.343693180E0,1.937500000E1
1.346317180E0,1.937500000E1
1.348942180E0,1.937500000E1
1.351566180E0,1.937500000E1
1.354191180E0,1.937500000E1
1.356815180E0,1.937500000E1
1.359440180E0,1.937500000E1
1.362064180E0,1.937500000E1
1.364689180E0,1.937500000E1
1.367313180E0,1.937500000E1
1.369938180E0,1.937500000E1
1.372562180E0,1.937500000E1
1.375187180E0,1.937500000E1
1.377811180E0,1.937500000E1
1.380436180E0,1.937500000E1
1.383060180E0,1.937500000E1
1.385685180E0,1.937500000E1
1.388309180E0,1.937500000E1
1.390934180E0,1.937500000E1
1.393558180E0,1.937500000E1
1.396183180E0,1.937500000E1
1.398807180E0,1.937500000E1
1.401432180E0,1.937500000E1
1.404056180E0,1.937500000E1
1.406681180E0,1.937500000E1
1.409305180E0,1.937500000E1
1.411930180E0,1.937500000E1
1.414554180E0,1.937500000E1
1.417179180E0,1.937500000E1
1.419803180E0,1.937500000E1
1.422428180E0,1.937500000E1
1.425052180E0,1.937500000E1
1.427677180E0,1.937500000E1
1.430301180E0,1.937500000E1
1.432926180E0,1.937500000E1
1.435550180E0,1.937500000E1
1.438175180E0,1.937500000E1
1.440799180E0,1.937500000E1
1.443424180E0,1.937500000E1
1.446048180E0,1.937500000E1
1.448673180E0,1.937500000E1
1.451298180E0,1.937500000E1
1.453922180E0,1.937500000E1
1.456547180E0,1.937500000E1
1.459171180E0,1.937500000E1
1.461796180E0,1.937500000E1
1.464420180E0,1.937500000E1
1.467045180E0,1.937500000E1
1.469669180E0,1.937500000E1
1.472294180E0,1.937500000E1
1.474918180E0,1.937500000E1
1.477543180E0,1.937500000E1
1.480167180E0,1.937500000E1
1.482792180E0,1.937500000E1
1.485416180E0,1.937500000E1
1.488041180E0,1.937500000E1
1.490665180E0,1.937500000E1
1.493290180E0,1.937500000E1
1.495914180E0,1.937500000E1
1.498539180E0,1.937500000E1
1.501163180E0,1.937500000E1
1.503788180E0,1.937500000E1
1.506412180E0,1.937500000E1
1.509037180E0,1.937500000E1
1.511661180E0,1.937500000E1
1.514286180E0,1.937500000E1
1.516910180E0,1.937500000E1
1.519535180E0,1.937500000E1
1.522159180E0,1.937500000E1
1.524784180E0,1.937500000E1
1.527408180E0,1.937500000E1
1.530033180E0,1.937500000E1
1.532657180E0,1.937500000E1
1.535282180E0,1.937500000E1
1.537906180E0,1.937500000E1
1.540531180E0,1.937500000E1
1.543155180E0,1.937500000E1
1.545780180E0,1.937500000E1
1.548404180E0,1.937500000E1
1.551029180E0,1.937500000E1
1.553653180E0,1.937500000E1
1.556278180E0,1.937500000E1
1.558902180E0,1.937500000E1
1.561527180E0,1.937500000E1
1.564152180E0,1.937500000E1
1.566776180E0,1.937500000E1
1.569401180E0,1.937500000E1
1.572025180E0,1.937500000E1
1.574650180E0,1.937500000E1
1.577274180E0,1.937500000E1
1.579899180E0,1.937500000E1
1.582523180E0,1.937500000E1
1.585148180E0,1.937500000E1
1.587772180E0,1.937500000E1
1.590397180E0,1.937500000E1
1.593021180E0,1.937500000E1
1.595646180E0,1.937500000E1
1.598270180E0,1.937500000E1
1.600895180E0,1.937500000E1
1.603519180E0,1.937500000E1
1.606144180E0,1.937500000E1
1.608768180E0,1.937500000E1
1.611393180E0,1.937500000E1
1.614017180E0,1.937500000E1
1.616642180E0,1.937500000E1
1.619266180E0,1.937500000E1
1.621891180E0,1.937500000E1
1.624515180E0,1.937500000E1
1.627140180E0,1.937500000E1
1.629764180E0,1.937500000E1
1.632389180E0,1.937500000E1
1.635013180E0,1.937500000E1
1.637638180E0,1.937500000E1
1.640262180E0,1.937500000E1
1.642887180E0,1.937500000E1
1.645511180E0,1.937500000E1
1.648136180E0,1.937500000E1
1.650760180E0,1.937500000E1
1.653385180E0,1.937500000E1
1.656009180E0,1.937500000E1
1.658634180E0,1.937500000E1
1.661258180E0,1.937500000E1
1.663883180E0,1.937500000E1
1.666507180E0,1.937500000E1
1.669132180E0,1.937500000E1
1.671756180E0,1.937500000E1
1.674381180E0,1.937500000E1
1.677006180E0,1.937500000E1
1.679630180E0,1.937500000E1
1.682255180E0,1.937500000E1
1.684879180E0,1.937500000E1
1.687504180E0,1.937500000E1
1.690128180E0,1.937500000E1
1.692753180E0,1.937500000E1
1.695377180E0,1.937500000E1
1.698002180E0,1.937500000E1
1.700626180E0,1.937500000E1
1.703251180E0,1.937500000E1
1.705875180E0,1.937500000E1
1.708500180E0,1.937500000E1
1.711124180E0,1.937500000E1
1.713749180E0,1.937500000E1
1.716373180E0,1.937500000E1
1.718998180E0,1.937500000E1
1.721622180E0,1.937500000E1
1.724247180E0,1.937500000E1
1.726871180E0,1.937500000E1
1.729496180E0,1.937500000E1
1.732120180E0,1.937500000E1
1.734745180E0,1.937500000E1
1.737369180E0,1.937500000E1
1.739994180E0,1.937500000E1
1.742618180E0,1.937500000E1
1.745243180E0,1.937500000E1
1.747867180E0,1.937500000E1
1.750492180E0,1.937500000E1
1.753116180E0,1.937500000E1
1.755741180E0,1.937500000E1
1.758365180E0,1.937500000E1
1.760990180E0,1.937500000E1
1.763614180E0,1.937500000E1
1.766239180E0,1.937500000E1
1.768863180E0,1.937500000E1
1.771488180E0,1.937500000E1
1.774112180E0,1.937500000E1
1.776737180E0,1.937500000E1
1.779361180E0,1.937500000E1
1.781986180E0,1.937500000E1
1.784611180E0,1.937500000E1
1.787235180E0,1.937500000E1
1.789860180E0,1.937500000E1
1.792484180E0,1.937500000E1
1.795109180E0,1.937500000E1
1.797733180E0,1.937500000E1
1.800358180E0,1.937500000E1
1.802982180E0,1.937500000E1
1.805607180E0,1.937500000E1
1.808231180E0,1.937500000E1
1.810856180E0,1.937500000E1
1.813480180E0,1.937500000E1
1.816105180E0,1.937500000E1
1.818729180E0,1.937500000E1
1.821354180E0,1.937500000E1
1.823978180E0,1.937500000E1
1.826603180E0,1.937500000E1
1.829227180E0,1.937500000E1
1.831852180E0,1.937500000E1
1.834476180E0,1.937500000E1
1.837101180E0,1.937500000E1
1.839725180E0,1.937500000E1
1.842350180E0,1.937500000E1
1.844974180E0,1.937500000E1
1.847599180E0,1.937500000E1
1.850223180E0,1.937500000E1
1.852848180E0,1.937500000E1
1.855472180E0,1.937500000E1
1.858097180E0,1.937500000E1
1.860721180E0,1.937500000E1
1.863346180E0,1.937500000E1
1.865970180E0,1.937500000E1
1.868595180E0,1.937500000E1
1.871219180E0,1.937500000E1
1.873844180E0,1.937500000E1
1.876468180E0,1.937500000E1
1.879093180E0,1.937500000E1
1.881717180E0,1.937500000E1
1.884342180E0,1.937500000E1
1.886966180E0,1.937500000E1
1.889591180E0,1.937500000E1
1.892215180E0,1.937500000E1
1.894840180E0,1.937500000E1
1.897465180E0,1.937500000E1
1.900089180E0,1.937500000E1
1.902714180E0,1.937500000E1
1.905338180E0,1.937500000E1
1.907963180E0,1.937500000E1
1.910587180E0,1.937500000E1
1.913212180E0,1.937500000E1
1.915836180E0,1.937500000E1
1.918461180E0,1.937500000E1
1.921085180E0,1.937500000E1
1.923710180E0,1.937500000E1
1.926334180E0,1.937500000E1
1.928959180E0,1.937500000E1
1.931583180E0,1.937500000E1
1.934208180E0,1.937500000E1
1.936832180E0,1.937500000E1
1.939457180E0,1.937500000E1
1.942081180E0,1.937500000E1
1.944706180E0,1.937500000E1
1.947330180E0,1.937500000E1
1.949955180E0,1.937500000E1
1.952579180E0,1.937500000E1
1.955204180E0,1.937500000E1
1.957828180E0,1.937500000E1
1.960453180E0,1.937500000E1
1.963077180E0,1.937500000E1
1.965702180E0,1.937500000E1
1.968326180E0,1.937500000E1
1.970951180E0,1.937500000E1
1.973575180E0,1.937500000E1
1.976200180E0,1.937500000E1
1.978824180E0,1.937500000E1
1.981449180E0,1.937500000E1
1.984073180E0,1.937500000E1
1.986698180E0,1.937500000E1
1.989322180E0,1.937500000E1
1.991947180E0,1.937500000E1
1.994571180E0,1.937500000E1
1.997196180E0,1.937500000E1
1.999820180E0,1.937500000E1
2.002445180E0,1.937500000E1
2.005069180E0,1.937500000E1
2.007694180E0,1.937500000E1
2.010319180E0,1.937500000E1
2.012943180E0,1.937500000E1
2.015568180E0,1.937500000E1
2.018192180E0,1.937500000E1
2.020817180E0,1.937500000E1
2.023441180E0,1.937500000E1
2.026066180E0,1.937500000E1
2.028690180E0,1.937500000E1
2.031315180E0,1.937500000E1
2.033939180E0,1.937500000E1
2.036564180E0,1.937500000E1
2.039188180E0,1.937500000E1
2.041813180E0,1.937500000E1
2.044437180E0,1.937500000E1
2.047062180E0,1.937500000E1
2.049686180E0,1.937500000E1
2.052311180E0,1.937500000E1
2.054935180E0,1.937500000E1
2.057560180E0,1.937500000E1
2.060184180E0,1.937500000E1
2.062809180E0,1.937500000E1
2.065433180E0,1.937500000E1
2.068058180E0,1.937500000E1
2.070682180E0,1.937500000E1
2.073307180E0,1.937500000E1
2.075931180E0,1.937500000E1
2.078556180E0,1.937500000E1
2.081180180E0,1.937500000E1
2.083805180E0,1.937500000E1
2.086429180E0,1.937500000E1
2.089054180E0,1.937500000E1
2.091678180E0,1.937500000E1
2.094303180E0,1.937500000E1
2.096927180E0,1.937500000E1
2.099552180E0,1.937500000E1
2.102176180E0,1.937500000E1
2.104801180E0,1.937500000E1
2.107425180E0,1.937500000E1
2.110050180E0,1.937500000E1
2.112690180E0,1.937500000E1
2.115314180E0,1.937500000E1
2.117939180E0,1.937500000E1
2.120563180E0,1.937500000E1
2.123188180E0,1.937500000E1
2.125812180E0,1.937500000E1
2.128437180E0,1.937500000E1
2.131062180E0,1.937500000E1
2.133686180E0,1.937500000E1
2.136311180E0,1.937500000E1
2.138935180E0,1.937500000E1
2.141560180E0,1.937500000E1
2.144184180E0,1.937500000E1
2.146809180E0,1.937500000E1
2.149433180E0,1.937500000E1
2.152058180E0,1.937500000E1
2.154682180E0,1.937500000E1
2.157307180E0,1.937500000E1
2.159931180E0,1.937500000E1
2.162556180E0,1.937500000E1
2.165180180E0,1.937500000E1
2.167805180E0,1.937500000E1
2.170429180E0,1.937500000E1
2.173054180E0,1.937500000E1
2.175678180E0,1.937500000E1
2.178303180E0,1.937500000E1
2.180927180E0,1.937500000E1
2.183552180E0,1.937500000E1
2.186176180E0,1.937500000E1
2.188801180E0,1.937500000E1
2.191425180E0,1.937500000E1
2.194050180E0,1.937500000E1
2.196674180E0,1.937500000E1
2.199299180E0,1.937500000E1
2.201923180E0,1.937500000E1
2.204548180E0,1.937500000E1
2.207172180E0,1.937500000E1
2.209797180E0,1.937500000E1
2.212421180E0,1.937500000E1
2.215046180E0,1.937500000E1
2.217670180E0,1.937500000E1
2.220295180E0,1.937500000E1
2.222919180E0,1.937500000E1
2.225544180E0,1.937500000E1
2.228168180E0,1.937500000E1
2.230793180E0,1.937500000E1
2.233417180E0,1.937500000E1
2.236042180E0,1.937500000E1
2.238666180E0,1.937500000E1
2.241291180E0,1.937500000E1
2.243916180E0,1.937500000E1
2.246540180E0,1.937500000E1
2.249165180E0,1.937500000E1
2.251789180E0,1.937500000E1
2.254414180E0,1.937500000E1
2.257038180E0,1.937500000E1
2.259663180E0,1.937500000E1
2.262287180E0,1.937500000E1
2.264912180E0,1.937500000E1
2.267536180E0,1.937500000E1
2.270161180E0,1.937500000E1
2.272785180E0,1.937500000E1
2.275410180E0,1.937500000E1
2.278034180E0,1.937500000E1
2.280659180E0,1.937500000E1
2.283283180E0,1.937500000E1
2.285908180E0,1.937500000E1
2.288532180E0,1.937500000E1
2.291157180E0,1.937500000E1
2.293781180E0,1.937500000E1
2.296406180E0,1.937500000E1
2.299030180E0,1.937500000E1
2.301655180E0,1.937500000E1
2.304279180E0,1.937500000E1
2.306904180E0,1.937500000E1
2.309528180E0,1.937500000E1
2.312153180E0,1.937500000E1
2.314777180E0,1.937500000E1
2.317402180E0,1.937500000E1
2.320026180E0,1.937500000E1
2.322651180E0,1.937500000E1
2.325275180E0,1.937500000E1
2.327900180E0,1.937500000E1
2.330524180E0,1.937500000E1
2.333149180E0,1.937500000E1
2.335773180E0,1.937500000E1
2.338398180E0,1.937500000E1
2.341022180E0,1.937500000E1
2.343647180E0,1.937500000E1
2.346271180E0,1.937500000E1
2.348896180E0,1.937500000E1
2.351520180E0,1.937500000E1
2.354145180E0,1.937500000E1
2.356770180E0,1.937500000E1
2.359394180E0,1.937500000E1
2.362019180E0,1.937500000E1
2.364643180E0,1.937500000E1
2.367268180E0,1.937500000E1
2.369892180E0,1.937500000E1
2.372517180E0,1.937500000E1
2.375141180E0,1.937500000E1
2.377766180E0,1.937500000E1
2.380390180E0,1.937500000E1
2.383015180E0,1.937500000E1
2.385639180E0,1.937500000E1
2.388264180E0,1.937500000E1
2.390888180E0,1.937500000E1
2.393513180E0,1.937500000E1
2.396137180E0,1.937500000E1
2.398762180E0,1.937500000E1
2.401386180E0,1.937500000E1
2.404011180E0,1.937500000E1
2.406635180E0,1.937500000E1
2.409260180E0,1.937500000E1
2.411884180E0,1.937500000E1
2.414509180E0,1.937500000E1
2.417133180E0,1.937500000E1
2.419758180E0,1.937500000E1
2.422382180E0,1.937500000E1
2.425007180E0,1.937500000E1
2.427631180E0,1.937500000E1
2.430256180E0,1.937500000E1
2.432880180E0,1.937500000E1
2.435505180E0,1.937500000E1
2.438129180E0,1.937500000E1
2.440754180E0,1.937500000E1
2.443378180E0,1.937500000E1
2.446003180E0,1.937500000E1
2.448627180E0,1.937500000E1
2.451252180E0,1.937500000E1
2.453876180E0,1.937500000E1
2.456501180E0,1.937500000E1
2.459125180E0,1.937500000E1
2.461750180E0,1.937500000E1
2.464374180E0,1.937500000E1
2.466999180E0,1.937500000E1
2.469624180E0,1.937500000E1
2.472248180E0,1.937500000E1
2.474873180E0,1.937500000E1
2.477497180E0,1.937500000E1
2.480122180E0,1.937500000E1
2.482746180E0,1.937500000E1
2.485371180E0,1.937500000E1
2.487995180E0,1.937500000E1
2.490620180E0,1.937500000E1
2.493244180E0,1.937500000E1
2.495869180E0,1.937500000E1
2.498493180E0,1.937500000E1
2.501118180E0,1.937500000E1
2.503742180E0,1.937500000E1
2.506367180E0,1.937500000E1
2.508991180E0,1.937500000E1
2.511616180E0,1.937500000E1
2.514240180E0,1.937500000E1
2.516865180E0,1.937500000E1
2.519489180E0,1.937500000E1
2.522114180E0,1.937500000E1
2.524738180E0,1.937500000E1
2.527363180E0,1.937500000E1
2.529987180E0,1.937500000E1
2.532612180E0,1.937500000E1
2.535236180E0,1.937500000E1
2.537861180E0,1.937500000E1
2.540485180E0,1.937500000E1
2.543110180E0,1.937500000E1
2.545734180E0,1.937500000E1
2.548359180E0,1.937500000E1
2.550983180E0,1.937500000E1
2.553608180E0,1.937500000E1
2.556232180E0,1.937500000E1
2.558857180E0,1.937500000E1
2.561481180E0,1.937500000E1
2.564106180E0,1.937500000E1
2.566730180E0,1.937500000E1
2.569355180E0,1.937500000E1
2.571979180E0,1.937500000E1
2.574604180E0,1.937500000E1
2.577229180E0,1.937500000E1
2.579853180E0,1.937500000E1
2.582478180E0,1.937500000E1
2.585102180E0,1.937500000E1
2.587727180E0,1.937500000E1
2.590351180E0,1.937500000E1
2.592976180E0,1.937500000E1
2.595600180E0,1.937500000E1
2.598225180E0,1.937500000E1
2.600849180E0,1.937500000E1
2.603474180E0,1.937500000E1
2.606098180E0,1.937500000E1
2.608723180E0,1.937500000E1
2.611347180E0,1.937500000E1
2.613972180E0,1.937500000E1
2.616596180E0,1.937500000E1
2.619221180E0,1.937500000E1
2.621845180E0,1.937500000E1
2.624470180E0,1.937500000E1
2.627094180E0,1.937500000E1
2.629719180E0,1.937500000E1
2.632343180E0,1.937500000E1
2.634968180E0,1.937500000E1
2.637592180E0,1.937500000E1
2.640217180E0,1.937500000E1
2.642841180E0,1.937500000E1
2.645466180E0,1.937500000E1
2.648090180E0,1.937500000E1
2.650715180E0,1.937500000E1
2.653339180E0,1.937500000E1
2.655964180E0,1.937500000E1
2.658588180E0,1.937500000E1
2.661213180E0,1.937500000E1
2.663837180E0,1.937500000E1
2.666462180E0,1.937500000E1
2.669086180E0,1.937500000E1
2.671711180E0,1.937500000E1
2.674335180E0,1.937500000E1
2.676960180E0,1.937500000E1
2.679584180E0,1.937500000E1
2.682209180E0,1.937500000E1
2.684833180E0,1.937500000E1
2.687458180E0,1.937500000E1
2.690083180E0,1.937500000E1
2.692707180E0,1.937500000E1
2.695332180E0,1.937500000E1
2.697956180E0,1.937500000E1
2.700581180E0,1.937500000E1
2.703205180E0,1.937500000E1
2.705830180E0,1.937500000E1
2.708454180E0,1.937500000E1
2.711079180E0,1.937500000E1
2.713703180E0,1.937500000E1
2.716328180E0,1.937500000E1
2.718952180E0,1.937500000E1
2.721577180E0,1.937500000E1
2.724201180E0,1.937500000E1
2.726826180E0,1.937500000E1
2.729450180E0,1.937500000E1
2.732075180E0,1.937500000E1
2.734699180E0,1.937500000E1
2.737324180E0,1.937500000E1
2.739948180E0,1.937500000E1
2.742573180E0,1.937500000E1
2.745197180E0,1.937500000E1
2.747822180E0,1.937500000E1
2.750446180E0,1.937500000E1
2.753071180E0,1.937500000E1
2.755695180E0,1.937500000E1
2.758320180E0,1.937500000E1
2.760944180E0,1.937500000E1
2.763569180E0,1.937500000E1
2.766193180E0,1.937500000E1
2.768818180E0,1.937500000E1
2.771442180E0,1.937500000E1
2.774067180E0,1.937500000E1
2.776691180E0,1.937500000E1
2.779316180E0,1.937500000E1
2.781940180E0,1.937500000E1
2.784565180E0,1.937500000E1
2.787189180E0,1.937500000E1
2.789814180E0,1.937500000E1
2.792438180E0,1.937500000E1
2.795063180E0,1.937500000E1
2.797687180E0,1.937500000E1
2.800312180E0,1.937500000E1
2.802937180E0,1.937500000E1
2.805561180E0,1.937500000E1
2.808186180E0,1.937500000E1
2.810810180E0,1.937500000E1
2.813435180E0,1.937500000E1
2.816059180E0,1.937500000E1
2.818684180E0,1.937500000E1
2.821308180E0,1.937500000E1
2.823933180E0,1.937500000E1
2.826557180E0,1.937500000E1
2.829182180E0,1.937500000E1
2.831806180E0,1.937500000E1
2.834431180E0,1.937500000E1
2.837055180E0,1.937500000E1
2.839680180E0,1.937500000E1
2.842304180E0,1.937500000E1
2.844929180E0,1.937500000E1
2.847553180E0,1.937500000E1
2.850178180E0,1.937500000E1
2.852802180E0,1.937500000E1
2.855427180E0,1.937500000E1
2.858051180E0,1.937500000E1
2.860676180E0,1.937500000E1
2.863300180E0,1.937500000E1
2.865925180E0,1.937500000E1
2.868549180E0,1.937500000E1
2.871174180E0,1.937500000E1
2.873798180E0,1.937500000E1
2.876423180E0,1.937500000E1
2.879047180E0,1.937500000E1
2.881672180E0,1.937500000E1
2.884296180E0,1.937500000E1
2.886921180E0,1.937500000E1
2.889545180E0,1.937500000E1
2.892170180E0,1.937500000E1
2.894794180E0,1.937500000E1
2.897419180E0,1.937500000E1
2.900043180E0,1.937500000E1
2.902668180E0,1.937500000E1
2.905292180E0,1.937500000E1
2.907917180E0,1.937500000E1
2.910541180E0,1.937500000E1
2.913166180E0,1.937500000E1
2.915791180E0,1.937500000E1
2.918415180E0,1.937500000E1
2.921040180E0,1.937500000E1
2.923664180E0,1.937500000E1
2.926289180E0,1.937500000E1
2.928913180E0,1.937500000E1
2.931538180E0,1.937500000E1
2.934162180E0,1.937500000E1
2.936787180E0,1.937500000E1
2.939411180E0,1.937500000E1
2.942036180E0,1.937500000E1
2.944660180E0,1.937500000E1
2.947285180E0,1.937500000E1
2.949909180E0,1.937500000E1
2.952534180E0,1.937500000E1
2.955158180E0,1.937500000E1
2.957783180E0,1.937500000E1
2.960407180E0,1.937500000E1
2.963032180E0,1.937500000E1
2.965656180E0,1.937500000E1
2.968281180E0,1.937500000E1
2.970905180E0,1.937500000E1
2.973530180E0,1.937500000E1
2.976154180E0,1.937500000E1
2.978779180E0,1.937500000E1
2.981403180E0,1.937500000E1
2.984028180E0,1.937500000E1
2.986652180E0,1.937500000E1
2.989277180E0,1.937500000E1
2.991901180E0,1.937500000E1
2.994526180E0,1.937500000E1
2.997150180E0,1.937500000E1
2.999775180E0,1.937500000E1
3.002399180E0,1.937500000E1
3.005024180E0,1.937500000E1
3.007648180E0,1.937500000E1
3.010273180E0,1.937500000E1
3.012897180E0,1.937500000E1
3.015522180E0,1.937500000E1
3.018146180E0,1.937500000E1
3.020771180E0,1.937500000E1
3.023395180E0,1.937500000E1
3.026020180E0,1.937500000E1
3.028645180E0,1.937500000E1
3.031269180E0,1.937500000E1
3.033894180E0,1.937500000E1
3.036518180E0,1.937500000E1
3.039143180E0,1.937500000E1
3.041767180E0,1.937500000E1
3.044392180E0,1.937500000E1
3.047016180E0,1.937500000E1
3.049641180E0,1.937500000E1
3.052265180E0,1.937500000E1
3.054890180E0,1.937500000E1
3.057514180E0,1.937500000E1
3.060139180E0,1.937500000E1
3.062763180E0,1.937500000E1
3.065388180E0,1.937500000E1
3.068012180E0,1.937500000E1
3.070637180E0,1.937500000E1
3.073261180E0,1.937500000E1
3.075886180E0,1.937500000E1
3.078510180E0,1.937500000E1
3.081135180E0,1.937500000E1
3.083759180E0,1.937500000E1
3.086384180E0,1.937500000E1
3.089008180E0,1.937500000E1
3.091633180E0,1.937500000E1
3.094257180E0,1.937500000E1
3.096882180E0,1.937500000E1
3.099506180E0,1.937500000E1
3.102131180E0,1.937500000E1
3.104755180E0,1.937500000E1
3.107380180E0,1.937500000E1
3.110004180E0,1.937500000E1
3.112629180E0,1.937500000E1
3.115253180E0,1.937500000E1
3.117878180E0,1.937500000E1
3.120502180E0,1.937500000E1
3.123127180E0,1.937500000E1
3.125751180E0,1.937500000E1
3.128376180E0,1.937500000E1
3.131000180E0,1.937500000E1
3.133625180E0,1.937500000E1
3.136249180E0,1.937500000E1
3.138874180E0,1.937500000E1
3.141499180E0,1.937500000E1
3.144123180E0,1.937500000E1
3.146748180E0,1.937500000E1
3.149372180E0,1.937500000E1
3.151997180E0,1.937500000E1
3.154621180E0,1.937500000E1
3.157246180E0,1.937500000E1
3.159870180E0,1.937500000E1
3.162495180E0,1.937500000E1
3.165119180E0,1.937500000E1
3.167744180E0,1.937500000E1
3.170368180E0,1.937500000E1
3.172993180E0,1.937500000E1
3.175617180E0,1.937500000E1
3.178242180E0,1.937500000E1
3.180866180E0,1.937500000E1
3.183491180E0,1.937500000E1
3.186115180E0,1.937500000E1
3.188740180E0,1.937500000E1
3.191364180E0,1.937500000E1
3.193989180E0,1.937500000E1
3.196613180E0,1.937500000E1
3.199238180E0,1.937500000E1
3.201862180E0,1.937500000E1
3.204487180E0,1.937500000E1
3.207111180E0,1.937500000E1
3.209736180E0,1.937500000E1
3.212360180E0,1.937500000E1
3.214985180E0,1.937500000E1
3.217609180E0,1.937500000E1
3.220234180E0,1.937500000E1
3.222858180E0,1.937500000E1
3.225483180E0,1.937500000E1
3.228107180E0,1.937500000E1
3.230732180E0,1.937500000E1
3.233356180E0,1.937500000E1
3.235981180E0,1.937500000E1
3.238605180E0,1.937500000E1
3.241230180E0,1.937500000E1
3.243854180E0,1.937500000E1
3.246479180E0,1.937500000E1
3.249104180E0,1.937500000E1
3.251728180E0,1.937500000E1
3.254353180E0,1.937500000E1
3.256977180E0,1.937500000E1
3.259602180E0,1.937500000E1
3.262226180E0,1.937500000E1
3.264851180E0,1.937500000E1
3.267475180E0,1.937500000E1
3.270100180E0,1.937500000E1
3.272724180E0,1.937500000E1
3.275349180E0,1.937500000E1
3.277973180E0,1.937500000E1
3.280598180E0,1.937500000E1
3.283222180E0,1.937500000E1
3.285847180E0,1.937500000E1
3.288471180E0,1.937500000E1
3.291096180E0,1.937500000E1
3.293720180E0,1.937500000E1
3.296345180E0,1.937500000E1
3.298969180E0,1.937500000E1
3.301594180E0,1.937500000E1
3.304218180E0,1.937500000E1
3.306843180E0,1.937500000E1
3.309467180E0,1.937500000E1
3.312092180E0,1.937500000E1
3.314716180E0,1.937500000E1
3.317341180E0,1.937500000E1
3.319965180E0,1.937500000E1
3.322590180E0,1.937500000E1
3.325214180E0,1.937500000E1
3.327839180E0,1.937500000E1
3.330463180E0,1.937500000E1
3.333088180E0,1.937500000E1
3.335712180E0,1.937500000E1
3.338337180E0,1.937500000E1
3.340961180E0,1.937500000E1
3.343586180E0,1.937500000E1
3.346210180E0,1.937500000E1
3.348835180E0,1.937500000E1
3.351459180E0,1.937500000E1
3.354084180E0,1.937500000E1
3.356708180E0,1.937500000E1
3.359333180E0,1.937500000E1
3.361958180E0,1.937500000E1
3.364582180E0,1.937500000E1
3.367207180E0,1.937500000E1
3.369831180E0,1.937500000E1
3.372456180E0,1.937500000E1
3.375080180E0,1.937500000E1
3.377705180E0,1.937500000E1
3.380329180E0,1.937500000E1
3.382954180E0,1.937500000E1
3.385578180E0,1.937500000E1
3.388203180E0,1.937500000E1
3.390827180E0,1.937500000E1
3.393452180E0,1.937500000E1
3.396076180E0,1.937500000E1
3.398701180E0,1.937500000E1
3.401325180E0,1.937500000E1
3.403950180E0,1.937500000E1
3.406574180E0,1.937500000E1
3.409199180E0,1.937500000E1
3.411823180E0,1.937500000E1
3.414448180E0,1.937500000E1
3.417072180E0,1.937500000E1
3.419697180E0,1.937500000E1
3.422321180E0,1.937500000E1
3.424946180E0,1.937500000E1
3.427570180E0,1.937500000E1
3.430195180E0,1.937500000E1
3.432819180E0,1.937500000E1
3.435444180E0,1.937500000E1
3.438068180E0,1.937500000E1
3.440693180E0,1.937500000E1
3.443317180E0,1.937500000E1
3.445942180E0,1.937500000E1
3.448566180E0,1.937500000E1
3.451191180E0,1.937500000E1
3.453815180E0,1.937500000E1
3.456440180E0,1.937500000E1
3.459064180E0,1.937500000E1
3.461689180E0,1.937500000E1
3.464313180E0,1.937500000E1
3.466938180E0,1.937500000E1
3.469562180E0,1.937500000E1
3.472187180E0,1.937500000E1
3.474812180E0,1.937500000E1
3.477436180E0,1.937500000E1
3.480061180E0,1.937500000E1
3.482685180E0,1.937500000E1
3.485310180E0,1.937500000E1
3.487934180E0,1.937500000E1
3.490559180E0,1.937500000E1
3.493183180E0,1.937500000E1
3.495808180E0,1.937500000E1
3.498432180E0,1.937500000E1
3.501057180E0,1.937500000E1
3.503681180E0,1.937500000E1
3.506306180E0,1.937500000E1
3.508930180E0,1.937500000E1
3.511555180E0,1.937500000E1
3.514179180E0,1.937500000E1
3.516804180E0,1.937500000E1
3.519428180E0,1.937500000E1
3.522053180E0,1.937500000E1
3.524677180E0,1.937500000E1
3.527302180E0,1.937500000E1
3.529926180E0,1.937500000E1
3.532551180E0,1.937500000E1
3.535175180E0,1.937500000E1
3.537800180E0,1.937500000E1
3.540424180E0,1.937500000E1
3.543049180E0,1.937500000E1
3.545673180E0,1.937500000E1
3.548298180E0,1.937500000E1
3.550922180E0,1.937500000E1
3.553547180E0,1.937500000E1
3.556171180E0,1.937500000E1
3.558796180E0,1.937500000E1
3.561420180E0,1.937500000E1
3.564045180E0,1.937500000E1
3.566669180E0,1.937500000E1
3.569294180E0,1.937500000E1
3.571918180E0,1.937500000E1
3.574543180E0,1.937500000E1
3.577167180E0,1.937500000E1
3.579792180E0,1.937500000E1
3.582416180E0,1.937500000E1
3.585041180E0,1.937500000E1
3.587666180E0,1.937500000E1
3.590290180E0,1.937500000E1
3.592915180E0,1.937500000E1
3.595539180E0,1.937500000E1
3.598164180E0,1.937500000E1
3.600788180E0,1.937500000E1
3.603413180E0,1.937500000E1
3.606037180E0,1.937500000E1
3.608662180E0,1.937500000E1
3.611286180E0,1.937500000E1
3.613911180E0,1.937500000E1
3.616535180E0,1.937500000E1
3.619160180E0,1.937500000E1
3.621784180E0,1.937500000E1
3.624409180E0,1.937500000E1
3.627033180E0,1.937500000E1
3.629658180E0,1.937500000E1
3.632282180E0,1.937500000E1
3.634907180E0,1.937500000E1
3.637531180E0,1.937500000E1
3.640156180E0,1.937500000E1
3.642780180E0,1.937500000E1
3.645405180E0,1.937500000E1
3.648029180E0,1.937500000E1
3.650654180E0,1.937500000E1
3.653278180E0,1.937500000E1
3.655903180E0,1.937500000E1
3.658527180E0,1.937500000E1
3.661152180E0,1.937500000E1
3.663776180E0,1.937500000E1
3.666401180E0,1.937500000E1
3.669025180E0,1.937500000E1
3.671650180E0,1.937500000E1
3.674274180E0,1.937500000E1
3.676899180E0,1.937500000E1
3.679523180E0,1.937500000E1
3.682148180E0,1.937500000E1
3.684772180E0,1.937500000E1
3.687397180E0,1.937500000E1
3.690021180E0,1.937500000E1
3.692646180E0,1.937500000E1
3.695270180E0,1.937500000E1
3.697895180E0,1.937500000E1
3.700520180E0,1.937500000E1
3.703144180E0,1.937500000E1
3.705769180E0,1.937500000E1
3.708393180E0,1.937500000E1
3.711018180E0,1.937500000E1
3.713642180E0,1.937500000E1
3.716267180E0,1.937500000E1
3.718891180E0,1.937500000E1
3.721516180E0,1.937500000E1
3.724140180E0,1.937500000E1
3.726765180E0,1.937500000E1
3.729389180E0,1.937500000E1
3.732014180E0,1.937500000E1
3.734638180E0,1.937500000E1
3.737263180E0,1.937500000E1
3.739887180E0,1.937500000E1
3.742512180E0,1.937500000E1
3.745136180E0,1.937500000E1
3.747761180E0,1.937500000E1
3.750385180E0,1.937500000E1
3.753010180E0,1.937500000E1
3.755634180E0,1.937500000E1
3.758259180E0,1.937500000E1
3.760883180E0,1.937500000E1
3.763508180E0,1.937500000E1
3.766132180E0,1.937500000E1
3.768757180E0,1.937500000E1
3.771381180E0,1.937500000E1
3.774006180E0,1.937500000E1
3.776630180E0,1.937500000E1
3.779255180E0,1.937500000E1
3.781879180E0,1.937500000E1
3.784504180E0,1.937500000E1
3.787128180E0,1.937500000E1
3.789753180E0,1.937500000E1
3.792377180E0,1.937500000E1
3.795002180E0,1.937500000E1
3.797626180E0,1.937500000E1
3.800251180E0,1.937500000E1
3.802875180E0,1.937500000E1
3.805500180E0,1.937500000E1
3.808124180E0,1.937500000E1
3.810749180E0,1.937500000E1
3.813374180E0,1.937500000E1
3.815998180E0,1.937500000E1
3.818623180E0,1.937500000E1
3.821247180E0,1.937500000E1
3.823872180E0,1.937500000E1
3.826496180E0,1.937500000E1
3.829121180E0,1.937500000E1
3.831745180E0,1.937500000E1
3.834370180E0,1.937500000E1
3.836994180E0,1.937500000E1
3.839619180E0,1.937500000E1
3.842243180E0,1.937500000E1
3.844868180E0,1.937500000E1
3.847492180E0,1.937500000E1
3.850117180E0,1.937500000E1
3.852741180E0,1.937500000E1
3.855366180E0,1.937500000E1
3.857990180E0,1.937500000E1
3.860615180E0,1.937500000E1
3.863239180E0,1.937500000E1
3.865864180E0,1.937500000E1
3.868488180E0,1.937500000E1
3.871113180E0,1.937500000E1
3.873737180E0,1.937500000E1
3.876362180E0,1.937500000E1
3.878986180E0,1.937500000E1
3.881611180E0,1.937500000E1
3.884235180E0,1.937500000E1
3.886860180E0,1.937500000E1
3.889484180E0,1.937500000E1
3.892109180E0,1.937500000E1
3.894733180E0,1.937500000E1
3.897358180E0,1.937500000E1
3.899982180E0,1.937500000E1
3.902607180E0,1.937500000E1
3.905231180E0,1.937500000E1
3.907856180E0,1.937500000E1
3.910480180E0,1.937500000E1
3.913105180E0,1.937500000E1
3.915729180E0,1.937500000E1
3.918354180E0,1.937500000E1
3.920979180E0,1.937500000E1
3.923603180E0,1.937500000E1
3.926228180E0,1.937500000E1
3.928852180E0,1.937500000E1
3.931477180E0,1.937500000E1
3.934101180E0,1.937500000E1
3.936726180E0,1.937500000E1
3.939350180E0,1.937500000E1
3.941975180E0,1.937500000E1
3.944599180E0,1.937500000E1
3.947224180E0,1.937500000E1
3.949848180E0,1.937500000E1
3.952473180E0,1.937500000E1
3.955097180E0,1.937500000E1
3.957722180E0,1.937500000E1
3.960346180E0,1.937500000E1
3.962971180E0,1.937500000E1
3.965595180E0,1.937500000E1
3.968220180E0,1.937500000E1
3.970844180E0,1.937500000E1
3.973469180E0,2.062500000E1
3.976093180E0,2.062500000E1
3.978718180E0,2.062500000E1
3.981342180E0,2.062500000E1
3.983967180E0,2.062500000E1
3.986591180E0,2.062500000E1
3.989216180E0,2.062500000E1
3.991840180E0,2.062500000E1
3.994465180E0,2.062500000E1
3.997089180E0,1.937500000E1
3.999714180E0,1.937500000E1
4.002338180E0,1.937500000E1
4.004963180E0,1.937500000E1
4.007587180E0,1.937500000E1
4.010212180E0,1.937500000E1
4.012836180E0,1.937500000E1
4.015461180E0,1.937500000E1
4.018085180E0,1.937500000E1
4.020710180E0,1.937500000E1
4.023334180E0,1.937500000E1
4.025959180E0,1.937500000E1
4.028583180E0,1.937500000E1
4.031208180E0,1.937500000E1
4.033833180E0,1.937500000E1
4.036457180E0,1.937500000E1
4.039082180E0,1.937500000E1
4.041706180E0,1.937500000E1
4.044331180E0,1.937500000E1
4.046955180E0,1.937500000E1
4.049580180E0,1.937500000E1
4.052204180E0,1.937500000E1
4.054829180E0,1.937500000E1
4.057453180E0,1.937500000E1
4.060078180E0,1.937500000E1
4.062702180E0,1.937500000E1
4.065327180E0,1.937500000E1
4.067951180E0,1.937500000E1
4.070576180E0,1.937500000E1
4.073200180E0,1.937500000E1
4.075825180E0,1.937500000E1
4.078449180E0,1.937500000E1
4.081074180E0,1.937500000E1
4.083698180E0,1.937500000E1
4.086323180E0,1.937500000E1
4.088947180E0,1.937500000E1
4.091572180E0,1.937500000E1
4.094196180E0,1.937500000E1
4.096821180E0,1.937500000E1
4.099445180E0,1.937500000E1
4.102070180E0,1.937500000E1
4.104694180E0,1.937500000E1
4.107319180E0,1.937500000E1
4.109943180E0,1.937500000E1
4.112568180E0,1.937500000E1
4.115192180E0,1.937500000E1
4.117817180E0,1.937500000E1
4.120441180E0,1.937500000E1
4.123066180E0,1.937500000E1
4.125690180E0,1.937500000E1
4.128315180E0,1.937500000E1
4.130939180E0,1.937500000E1
4.133564180E0,1.937500000E1
4.136188180E0,1.937500000E1
4.138813180E0,1.937500000E1
4.141437180E0,1.937500000E1
4.144062180E0,1.937500000E1
4.146687180E0,1.937500000E1
4.149311180E0,1.937500000E1
4.151936180E0,1.937500000E1
4.154560180E0,1.937500000E1
4.157185180E0,1.937500000E1
4.159809180E0,1.937500000E1
4.162434180E0,1.937500000E1
4.165058180E0,1.937500000E1
4.167683180E0,1.937500000E1
4.170307180E0,1.937500000E1
4.172932180E0,1.937500000E1
4.175556180E0,1.937500000E1
4.178181180E0,1.937500000E1
4.180805180E0,1.937500000E1
4.183430180E0,1.937500000E1
4.186054180E0,1.937500000E1
4.188679180E0,1.937500000E1
4.191303180E0,1.937500000E1
4.193928180E0,1.937500000E1
4.196552180E0,1.937500000E1
4.199177180E0,1.937500000E1
4.201801180E0,1.937500000E1
4.204426180E0,1.937500000E1
4.207050180E0,1.937500000E1
4.209675180E0,1.937500000E1
4.212299180E0,1.937500000E1
4.214924180E0,1.937500000E1
4.217548180E0,1.937500000E1
4.220173180E0,1.937500000E1
4.222797180E0,1.937500000E1
4.225422180E0,1.937500000E1
4.228046180E0,1.937500000E1
4.230671180E0,1.937500000E1
4.233295180E0,1.937500000E1
4.235920180E0,1.937500000E1
4.238544180E0,1.937500000E1
4.241169180E0,1.937500000E1
4.243793180E0,1.937500000E1
4.246418180E0,1.937500000E1
4.249042180E0,1.937500000E1
4.251667180E0,1.937500000E1
4.254291180E0,1.937500000E1
4.256916180E0,1.937500000E1
4.259541180E0,1.937500000E1
4.262165180E0,1.937500000E1
4.264790180E0,1.937500000E1
4.267414180E0,1.937500000E1
4.270039180E0,1.937500000E1
4.272663180E0,1.937500000E1
4.275288180E0,1.937500000E1
4.277912180E0,1.937500000E1
4.280537180E0,1.937500000E1
4.283161180E0,1.937500000E1
4.285786180E0,1.937500000E1
4.288410180E0,1.937500000E1
4.291035180E0,1.937500000E1
4.293659180E0,1.937500000E1
4.296284180E0,1.937500000E1
4.298908180E0,1.937500000E1
4.301533180E0,1.937500000E1
4.304157180E0,1.937500000E1
4.306782180E0,1.937500000E1
4.309406180E0,1.937500000E1
4.312031180E0,1.937500000E1
4.314655180E0,1.937500000E1
4.317280180E0,1.937500000E1
4.319904180E0,1.937500000E1
4.322529180E0,1.937500000E1
4.325153180E0,1.937500000E1
4.327778180E0,1.937500000E1
4.330402180E0,1.937500000E1
4.333027180E0,1.937500000E1
4.335651180E0,1.937500000E1
4.338276180E0,1.937500000E1
4.340900180E0,1.937500000E1
4.343525180E0,1.937500000E1
4.346149180E0,1.937500000E1
4.348774180E0,1.937500000E1
4.351398180E0,1.937500000E1
4.354023180E0,1.937500000E1
4.356647180E0,1.937500000E1
4.359272180E0,1.937500000E1
4.361896180E0,1.937500000E1
4.364521180E0,1.937500000E1
4.367145180E0,1.937500000E1
4.369770180E0,1.937500000E1
4.372395180E0,1.937500000E1
4.375019180E0,1.937500000E1
4.377644180E0,1.937500000E1
4.380268180E0,1.937500000E1
4.382893180E0,1.937500000E1
4.385517180E0,1.937500000E1
4.388142180E0,1.937500000E1
4.390766180E0,1.937500000E1
4.393391180E0,1.937500000E1
4.396015180E0,1.937500000E1
4.398640180E0,1.937500000E1
4.401264180E0,1.937500000E1
4.403889180E0,1.937500000E1
4.406513180E0,1.937500000E1
4.409138180E0,1.937500000E1
4.411762180E0,1.937500000E1
4.414387180E0,1.937500000E1
4.417011180E0,1.937500000E1
4.419636180E0,1.937500000E1
4.422260180E0,1.937500000E1
4.424885180E0,1.937500000E1
4.427509180E0,1.937500000E1
4.430134180E0,1.937500000E1
4.432758180E0,1.937500000E1
4.435383180E0,1.937500000E1
4.438007180E0,1.937500000E1
4.440632180E0,1.937500000E1
4.443256180E0,1.937500000E1
4.445881180E0,1.937500000E1
4.448505180E0,1.937500000E1
4.451130180E0,1.937500000E1
4.453754180E0,1.937500000E1
4.456379180E0,1.937500000E1
4.459003180E0,1.937500000E1
4.461628180E0,1.937500000E1
4.464252180E0,1.937500000E1
4.466877180E0,1.937500000E1
4.469501180E0,1.937500000E1
4.472126180E0,1.937500000E1
4.474750180E0,1.937500000E1
4.477375180E0,1.937500000E1
4.479999180E0,1.937500000E1
4.482624180E0,1.937500000E1
4.485249180E0,1.937500000E1
4.487873180E0,1.937500000E1
4.490498180E0,1.937500000E1
4.493122180E0,1.937500000E1
4.495747180E0,1.937500000E1
4.498371180E0,1.937500000E1
4.500996180E0,1.937500000E1
4.503620180E0,1.937500000E1
4.506245180E0,1.937500000E1
4.508869180E0,1.937500000E1
4.511494180E0,1.937500000E1
4.514118180E0,1.937500000E1
4.516743180E0,1.937500000E1
4.519367180E0,1.937500000E1
4.521992180E0,1.937500000E1
4.524616180E0,1.937500000E1
4.527241180E0,1.937500000E1
4.529865180E0,1.937500000E1
4.532490180E0,1.937500000E1
4.535114180E0,1.937500000E1
4.537739180E0,1.937500000E1
4.540363180E0,1.937500000E1
4.542988180E0,1.937500000E1
4.545612180E0,1.937500000E1
4.548237180E0,1.937500000E1
4.550861180E0,1.937500000E1
4.553486180E0,1.937500000E1
4.556110180E0,1.937500000E1
4.558735180E0,1.937500000E1
4.561359180E0,1.937500000E1
4.563984180E0,1.937500000E1
4.566608180E0,1.937500000E1
4.569233180E0,1.937500000E1
4.571857180E0,1.937500000E1
4.574482180E0,1.937500000E1
4.577106180E0,1.937500000E1
4.579731180E0,1.937500000E1
4.582355180E0,1.937500000E1
4.584980180E0,1.937500000E1
4.587604180E0,1.937500000E1
4.590229180E0,1.937500000E1
4.592854180E0,1.937500000E1
4.595478180E0,1.937500000E1
4.598103180E0,1.937500000E1
4.600727180E0,1.937500000E1
4.603352180E0,1.937500000E1
4.605976180E0,1.937500000E1
4.608601180E0,1.937500000E1
4.611225180E0,1.937500000E1
4.613850180E0,1.937500000E1
4.616474180E0,1.937500000E1
4.619099180E0,1.937500000E1
4.621723180E0,1.937500000E1
4.624348180E0,1.937500000E1
4.626972180E0,1.937500000E1
4.629597180E0,1.937500000E1
4.632221180E0,1.937500000E1
4.634846180E0,1.937500000E1
4.637470180E0,1.937500000E1
4.640095180E0,1.937500000E1
4.642719180E0,1.937500000E1
4.645344180E0,1.937500000E1
4.647968180E0,1.937500000E1
4.650593180E0,1.937500000E1
4.653217180E0,1.937500000E1
4.655842180E0,1.937500000E1
4.658466180E0,1.937500000E1
4.661091180E0,1.937500000E1
4.663715180E0,1.937500000E1
4.666340180E0,1.937500000E1
4.668964180E0,1.937500000E1
4.671589180E0,1.937500000E1
4.674213180E0,1.937500000E1
4.676838180E0,1.937500000E1
4.679462180E0,1.937500000E1
4.682087180E0,1.937500000E1
4.684711180E0,1.937500000E1
4.687336180E0,1.937500000E1
4.689960180E0,1.937500000E1
4.692585180E0,1.937500000E1
4.695209180E0,1.937500000E1
4.697834180E0,1.937500000E1
4.700458180E0,1.937500000E1
4.703083180E0,1.937500000E1
4.705708180E0,1.937500000E1
4.708332180E0,1.937500000E1
4.710957180E0,1.937500000E1
4.713581180E0,1.937500000E1
4.716206180E0,1.937500000E1
4.718830180E0,1.937500000E1
4.721455180E0,1.937500000E1
4.724079180E0,1.937500000E1
4.726704180E0,1.937500000E1
4.729328180E0,1.937500000E1
4.731953180E0,1.937500000E1
4.734577180E0,1.937500000E1
4.737202180E0,1.937500000E1
4.739826180E0,1.937500000E1
4.742451180E0,1.937500000E1
4.745075180E0,1.937500000E1
4.747700180E0,1.937500000E1
4.750324180E0,1.937500000E1
4.752949180E0,1.937500000E1
4.755573180E0,1.937500000E1
4.758198180E0,1.937500000E1
4.760822180E0,1.937500000E1
4.763447180E0,1.937500000E1
4.766071180E0,1.937500000E1
4.768696180E0,1.937500000E1
4.771320180E0,1.937500000E1
4.773945180E0,1.937500000E1
4.776569180E0,1.937500000E1
4.779194180E0,1.937500000E1
4.781818180E0,1.937500000E1
4.784443180E0,1.937500000E1
4.787067180E0,1.937500000E1
4.789692180E0,1.937500000E1
4.792316180E0,1.937500000E1
4.794941180E0,1.937500000E1
4.797565180E0,1.937500000E1
4.800190180E0,1.937500000E1
4.802814180E0,1.937500000E1
4.805439180E0,1.937500000E1
4.808063180E0,1.937500000E1
4.810688180E0,1.937500000E1
4.813312180E0,1.937500000E1
4.815937180E0,1.937500000E1
4.818562180E0,1.937500000E1
4.821186180E0,1.937500000E1
4.823811180E0,1.937500000E1
4.826435180E0,1.937500000E1
4.829060180E0,1.937500000E1
4.831684180E0,1.937500000E1
4.834309180E0,1.937500000E1
4.836933180E0,1.937500000E1
4.839558180E0,1.937500000E1
4.842182180E0,1.937500000E1
4.844807180E0,1.937500000E1
4.847431180E0,1.937500000E1
4.850056180E0,1.937500000E1
4.852680180E0,1.937500000E1
4.855305180E0,1.937500000E1
4.857929180E0,1.937500000E1
4.860554180E0,1.937500000E1
4.863178180E0,1.937500000E1
4.865803180E0,1.937500000E1
4.868427180E0,1.937500000E1
4.871052180E0,1.937500000E1
4.873676180E0,1.937500000E1
4.876301180E0,1.937500000E1
4.878925180E0,1.937500000E1
4.881550180E0,1.937500000E1
4.884174180E0,1.937500000E1
4.886799180E0,1.937500000E1
4.889423180E0,1.937500000E1
4.892048180E0,1.937500000E1
4.894672180E0,1.937500000E1
4.897297180E0,1.937500000E1
4.899921180E0,1.937500000E1
4.902546180E0,1.937500000E1
4.905170180E0,1.937500000E1
4.907795180E0,1.937500000E1
4.910419180E0,1.937500000E1
4.913044180E0,1.937500000E1
4.915668180E0,1.937500000E1
4.918293180E0,1.937500000E1
4.920917180E0,1.937500000E1
4.923542180E0,1.937500000E1
4.926166180E0,1.937500000E1
4.928791180E0,1.937500000E1
4.931416180E0,1.937500000E1
4.934040180E0,1.937500000E1
4.936665180E0,1.937500000E1
4.939289180E0,1.937500000E1
4.941914180E0,1.937500000E1
4.944538180E0,1.937500000E1
4.947163180E0,1.937500000E1
4.949787180E0,1.937500000E1
4.952412180E0,1.937500000E1
4.955036180E0,1.937500000E1
4.957661180E0,1.937500000E1
4.960285180E0,1.937500000E1
4.962910180E0,1.937500000E1
4.965534180E0,1.937500000E1
4.968159180E0,1.937500000E1
4.970783180E0,1.937500000E1
4.973408180E0,1.937500000E1
4.976032180E0,1.937500000E1
4.978657180E0,1.937500000E1
4.981281180E0,1.937500000E1
4.983906180E0,1.937500000E1
4.986530180E0,1.937500000E1
4.989155180E0,1.937500000E1
4.991779180E0,1.937500000E1
4.994404180E0,1.937500000E1
4.997028180E0,1.937500000E1
4.999653180E0,1.937500000E1
5.002277180E0,1.937500000E1
5.004902180E0,1.937500000E1
5.007526180E0,1.937500000E1
5.010151180E0,1.937500000E1
5.012775180E0,1.937500000E1
5.015400180E0,1.937500000E1
5.018024180E0,1.937500000E1
5.020649180E0,1.937500000E1
5.023273180E0,1.937500000E1
5.025898180E0,1.937500000E1
5.028522180E0,1.937500000E1
5.031147180E0,1.937500000E1
5.033771180E0,1.937500000E1
5.036396180E0,1.937500000E1
5.039020180E0,1.937500000E1
5.041645180E0,1.937500000E1
5.044270180E0,1.937500000E1
5.046894180E0,1.937500000E1
5.049519180E0,1.937500000E1
5.052143180E0,1.937500000E1
5.054768180E0,1.937500000E1
5.057392180E0,1.937500000E1
5.060017180E0,1.937500000E1
5.062641180E0,1.937500000E1
5.065266180E0,1.937500000E1
5.067890180E0,1.937500000E1
5.070515180E0,1.937500000E1
5.073139180E0,1.937500000E1
5.075764180E0,1.937500000E1
5.078388180E0,1.937500000E1
5.081013180E0,1.937500000E1
5.083637180E0,1.937500000E1
5.086262180E0,1.937500000E1
5.088886180E0,1.937500000E1
5.091511180E0,1.937500000E1
5.094135180E0,1.937500000E1
5.096760180E0,1.937500000E1
5.099384180E0,1.937500000E1
5.102009180E0,1.937500000E1
5.104633180E0,1.937500000E1
5.107258180E0,1.937500000E1
5.109882180E0,1.937500000E1
5.112507180E0,1.937500000E1
5.115131180E0,1.937500000E1
5.117756180E0,1.937500000E1
5.120380180E0,1.937500000E1
5.123005180E0,1.937500000E1
5.125629180E0,1.937500000E1
5.128254180E0,1.937500000E1
5.130878180E0,1.937500000E1
5.133503180E0,1.937500000E1
5.136127180E0,1.937500000E1
5.138752180E0,1.937500000E1
5.141376180E0,1.937500000E1
5.144001180E0,1.937500000E1
5.146625180E0,1.937500000E1
5.149250180E0,1.937500000E1
5.151874180E0,1.937500000E1
5.154499180E0,1.937500000E1
5.157124180E0,1.937500000E1
5.159748180E0,1.937500000E1
5.162373180E0,1.937500000E1
5.164997180E0,1.937500000E1
5.167622180E0,1.937500000E1
5.170246180E0,1.937500000E1
5.172871180E0,1.937500000E1
5.175495180E0,1.937500000E1
5.178120180E0,1.937500000E1
5.180744180E0,1.937500000E1
5.183369180E0,1.937500000E1
5.185993180E0,1.937500000E1
5.188618180E0,1.937500000E1
5.191242180E0,1.937500000E1
5.193867180E0,1.937500000E1
5.196491180E0,1.937500000E1
5.199116180E0,1.937500000E1
5.201740180E0,1.937500000E1
5.204365180E0,1.937500000E1
5.206989180E0,1.937500000E1
5.209614180E0,1.937500000E1
5.212238180E0,1.937500000E1
5.214863180E0,1.937500000E1
5.217487180E0,1.937500000E1
5.220112180E0,1.937500000E1
5.222736180E0,1.937500000E1
5.225361180E0,1.937500000E1
5.227985180E0,1.937500000E1
5.230610180E0,1.937500000E1
5.233234180E0,1.937500000E1
5.235859180E0,1.937500000E1
5.238483180E0,1.937500000E1
5.241108180E0,1.937500000E1
5.243732180E0,1.937500000E1
5.246357180E0,1.937500000E1
5.248981180E0,1.937500000E1
5.251606180E0,1.937500000E1
5.254230180E0,1.937500000E1
5.256855180E0,1.937500000E1
5.259479180E0,1.937500000E1
5.262104180E0,1.937500000E1
5.264729180E0,1.937500000E1
5.267353180E0,1.937500000E1
5.269978180E0,1.937500000E1
5.272602180E0,1.937500000E1
5.275227180E0,1.937500000E1
5.277851180E0,1.937500000E1
5.280476180E0,1.937500000E1
5.283100180E0,1.937500000E1
5.285725180E0,1.937500000E1
5.288349180E0,1.937500000E1
5.290974180E0,1.937500000E1
5.293598180E0,1.937500000E1
5.296223180E0,1.937500000E1
5.298847180E0,1.937500000E1
5.301472180E0,1.937500000E1
5.304096180E0,1.937500000E1
5.306721180E0,1.937500000E1
5.309345180E0,1.937500000E1
5.311970180E0,1.937500000E1
5.314594180E0,1.937500000E1
5.317219180E0,1.937500000E1
5.319843180E0,1.937500000E1
5.322468180E0,1.937500000E1
5.325092180E0,1.937500000E1
5.327717180E0,1.937500000E1
5.330341180E0,1.937500000E1
5.332966180E0,1.937500000E1
5.335590180E0,1.937500000E1
5.338215180E0,1.937500000E1
5.340839180E0,1.937500000E1
5.343464180E0,1.937500000E1
5.346088180E0,1.937500000E1
5.348713180E0,1.937500000E1
5.351337180E0,1.937500000E1
5.353962180E0,1.937500000E1
5.356586180E0,1.937500000E1
5.359211180E0,1.937500000E1
5.361835180E0,1.937500000E1
5.364460180E0,1.937500000E1
5.367084180E0,1.937500000E1
5.369709180E0,1.937500000E1
5.372333180E0,1.937500000E1
5.374958180E0,1.937500000E1
5.377583180E0,1.937500000E1
5.380207180E0,1.937500000E1
5.382832180E0,1.937500000E1
5.385456180E0,1.937500000E1
5.388081180E0,1.937500000E1
5.390705180E0,1.937500000E1
5.393330180E0,1.937500000E1
5.395954180E0,1.937500000E1
5.398579180E0,1.937500000E1
5.401203180E0,1.937500000E1
5.403828180E0,1.937500000E1
5.406452180E0,1.937500000E1
5.409077180E0,1.937500000E1
5.411701180E0,1.937500000E1
5.414326180E0,1.937500000E1
5.416950180E0,1.937500000E1
5.419575180E0,1.937500000E1
5.422199180E0,1.937500000E1
5.424824180E0,1.937500000E1
5.427448180E0,1.937500000E1
5.430073180E0,1.937500000E1
5.432697180E0,1.937500000E1
5.435322180E0,1.937500000E1
5.437946180E0,1.937500000E1
5.440571180E0,1.937500000E1
5.443195180E0,1.937500000E1
5.445820180E0,1.937500000E1
5.448444180E0,1.937500000E1
5.451069180E0,1.937500000E1
5.453693180E0,1.937500000E1
5.456318180E0,1.937500000E1
5.458942180E0,1.937500000E1
5.461567180E0,1.937500000E1
5.464191180E0,1.937500000E1
5.466816180E0,1.937500000E1
5.469440180E0,1.937500000E1
5.472065180E0,1.937500000E1
5.474689180E0,1.937500000E1
5.477314180E0,1.937500000E1
5.479938180E0,1.937500000E1
5.482563180E0,1.937500000E1
5.485187180E0,1.937500000E1
5.487812180E0,1.937500000E1
5.490437180E0,1.937500000E1
5.493061180E0,1.937500000E1
5.495686180E0,1.937500000E1
5.498310180E0,1.937500000E1
5.500935180E0,1.937500000E1
5.503559180E0,1.937500000E1
5.506184180E0,1.937500000E1
5.508808180E0,1.937500000E1
5.511433180E0,1.937500000E1
5.514057180E0,1.937500000E1
5.516682180E0,1.937500000E1
5.519306180E0,1.937500000E1
5.521931180E0,1.937500000E1
5.524555180E0,1.937500000E1
5.527180180E0,1.937500000E1
5.529804180E0,1.937500000E1
5.532429180E0,1.937500000E1
5.535053180E0,1.937500000E1
5.537678180E0,1.937500000E1
5.540302180E0,1.937500000E1
5.542927180E0,1.937500000E1
5.545551180E0,1.937500000E1
5.548176180E0,1.937500000E1
5.550800180E0,1.937500000E1
5.553425180E0,1.937500000E1
5.556049180E0,1.937500000E1
5.558674180E0,1.937500000E1
5.561298180E0,1.937500000E1
5.563923180E0,1.937500000E1
5.566547180E0,1.937500000E1
5.569172180E0,1.937500000E1
5.571796180E0,1.937500000E1
5.574421180E0,1.937500000E1
5.577045180E0,1.937500000E1
5.579670180E0,1.937500000E1
5.582294180E0,1.937500000E1
5.584919180E0,1.937500000E1
5.587543180E0,1.937500000E1
5.590168180E0,1.937500000E1
5.592792180E0,1.937500000E1
5.595417180E0,1.937500000E1
5.598041180E0,1.937500000E1
5.600666180E0,1.937500000E1
5.603291180E0,1.937500000E1
5.605915180E0,1.937500000E1
5.608540180E0,1.937500000E1
5.611164180E0,1.937500000E1
5.613789180E0,1.937500000E1
5.616413180E0,1.937500000E1
5.619038180E0,1.937500000E1
5.621662180E0,1.937500000E1
5.624287180E0,1.937500000E1
5.626911180E0,1.937500000E1
5.629536180E0,1.937500000E1
5.632160180E0,1.937500000E1
5.634785180E0,1.937500000E1
5.637409180E0,1.937500000E1
5.640034180E0,1.937500000E1
5.642658180E0,1.937500000E1
5.645283180E0,1.937500000E1
5.647907180E0,1.937500000E1
5.650532180E0,1.937500000E1
5.653156180E0,1.937500000E1
5.655781180E0,1.937500000E1
5.658405180E0,1.937500000E1
5.661030180E0,1.937500000E1
5.663654180E0,1.937500000E1
5.666279180E0,1.937500000E1
5.668903180E0,1.937500000E1
5.671528180E0,1.937500000E1
5.674152180E0,1.937500000E1
5.676777180E0,1.937500000E1
5.679401180E0,1.937500000E1
5.682026180E0,1.937500000E1
5.684650180E0,1.937500000E1
5.687275180E0,1.937500000E1
5.689899180E0,1.937500000E1
5.692524180E0,1.937500000E1
5.695148180E0,1.937500000E1
5.697773180E0,1.937500000E1
5.700397180E0,1.937500000E1
5.703022180E0,1.937500000E1
5.705646180E0,1.937500000E1
5.708271180E0,1.937500000E1
5.710895180E0,1.937500000E1
5.713520180E0,1.937500000E1
5.716145180E0,1.937500000E1
5.718769180E0,1.937500000E1
5.721394180E0,1.937500000E1
5.724018180E0,1.937500000E1
5.726643180E0,1.937500000E1
5.729267180E0,1.937500000E1
5.731892180E0,1.937500000E1
5.734516180E0,1.937500000E1
5.737141180E0,1.937500000E1
5.739765180E0,1.937500000E1
5.742390180E0,1.937500000E1
5.745014180E0,1.937500000E1
5.747639180E0,1.937500000E1
5.750263180E0,1.937500000E1
5.752888180E0,1.937500000E1
5.755512180E0,1.937500000E1
5.758137180E0,1.937500000E1
5.760761180E0,1.937500000E1
5.763386180E0,1.937500000E1
5.766010180E0,1.937500000E1
5.768635180E0,1.937500000E1
5.771259180E0,1.937500000E1
5.773884180E0,1.937500000E1
5.776508180E0,1.937500000E1
5.779133180E0,1.937500000E1
5.781757180E0,1.937500000E1
5.784382180E0,1.937500000E1
5.787006180E0,1.937500000E1
5.789631180E0,1.937500000E1
5.792255180E0,1.937500000E1
5.794880180E0,1.937500000E1
5.797504180E0,1.937500000E1
5.800129180E0,1.937500000E1
5.802753180E0,1.937500000E1
5.805378180E0,1.937500000E1
5.808002180E0,1.937500000E1
5.810627180E0,1.937500000E1
5.813251180E0,1.937500000E1
5.815876180E0,1.937500000E1
5.818500180E0,1.937500000E1
5.821125180E0,1.937500000E1
5.823749180E0,1.937500000E1
5.826374180E0,1.937500000E1
5.828999180E0,1.937500000E1
5.831623180E0,1.937500000E1
5.834248180E0,1.937500000E1
5.836872180E0,1.937500000E1
5.839497180E0,1.937500000E1
5.842121180E0,1.937500000E1
5.844746180E0,1.937500000E1
5.847370180E0,1.937500000E1
5.849995180E0,1.937500000E1
5.852619180E0,1.937500000E1
5.855244180E0,1.937500000E1
5.857868180E0,1.937500000E1
5.860493180E0,1.937500000E1
5.863117180E0,1.937500000E1
5.865742180E0,1.937500000E1
5.868366180E0,1.937500000E1
5.870991180E0,1.937500000E1
5.873615180E0,1.937500000E1
5.876240180E0,1.937500000E1
5.878864180E0,1.937500000E1
5.881489180E0,1.937500000E1
5.884113180E0,1.937500000E1
5.886738180E0,1.937500000E1
5.889362180E0,1.937500000E1
5.891987180E0,1.937500000E1
5.894611180E0,1.937500000E1
5.897236180E0,1.937500000E1
5.899860180E0,1.937500000E1
5.902485180E0,1.937500000E1
5.905109180E0,1.937500000E1
5.907734180E0,1.937500000E1
5.910358180E0,1.937500000E1
5.912983180E0,1.937500000E1
5.915607180E0,1.937500000E1
5.918232180E0,1.937500000E1
5.920856180E0,1.937500000E1
5.923481180E0,1.937500000E1
5.926105180E0,1.937500000E1
5.928730180E0,1.937500000E1
5.931354180E0,1.937500000E1
5.933979180E0,1.937500000E1
5.936604180E0,1.937500000E1
5.939228180E0,1.937500000E1
5.941853180E0,1.937500000E1
5.944477180E0,1.937500000E1
5.947102180E0,1.937500000E1
5.949726180E0,1.937500000E1
5.952351180E0,1.937500000E1
5.954975180E0,1.937500000E1
5.957600180E0,1.937500000E1
5.960224180E0,1.937500000E1
5.962849180E0,1.937500000E1
5.965473180E0,1.937500000E1
5.968098180E0,1.937500000E1
5.970722180E0,1.937500000E1
5.973347180E0,1.937500000E1
5.975971180E0,1.937500000E1
5.978596180E0,1.937500000E1
5.981220180E0,1.937500000E1
5.983845180E0,1.937500000E1
5.986469180E0,1.937500000E1
5.989094180E0,1.937500000E1
5.991718180E0,1.937500000E1
5.994343180E0,1.937500000E1
5.996967180E0,1.937500000E1
5.999592180E0,1.937500000E1
6.002216180E0,1.937500000E1
6.004841180E0,1.937500000E1
6.007465180E0,1.937500000E1
6.010090180E0,1.937500000E1
6.012714180E0,1.937500000E1
6.015339180E0,1.937500000E1
6.017963180E0,1.937500000E1
6.020588180E0,1.937500000E1
6.023212180E0,1.937500000E1
6.025837180E0,1.937500000E1
6.028461180E0,1.937500000E1
6.031086180E0,1.937500000E1
6.033710180E0,1.937500000E1
6.036335180E0,1.937500000E1
6.038959180E0,1.937500000E1
6.041584180E0,1.937500000E1
6.044208180E0,1.937500000E1
6.046833180E0,1.937500000E1
6.049458180E0,1.937500000E1
6.052082180E0,1.937500000E1
6.054707180E0,1.937500000E1
6.057331180E0,1.937500000E1
6.059956180E0,1.937500000E1
6.062580180E0,1.937500000E1
6.065205180E0,1.937500000E1
6.067829180E0,1.937500000E1
6.070454180E0,1.937500000E1
6.073078180E0,1.937500000E1
6.075703180E0,1.937500000E1
6.078327180E0,1.937500000E1
6.080952180E0,1.937500000E1
6.083576180E0,1.937500000E1
6.086201180E0,1.937500000E1
6.088825180E0,1.937500000E1
6.091450180E0,1.937500000E1
6.094074180E0,1.937500000E1
6.096699180E0,1.937500000E1
6.099323180E0,1.937500000E1
6.101948180E0,1.937500000E1
6.104572180E0,1.937500000E1
6.107197180E0,1.937500000E1
6.109821180E0,1.937500000E1
6.112446180E0,1.937500000E1
6.115070180E0,1.937500000E1
6.117695180E0,1.937500000E1
6.120319180E0,1.937500000E1
6.122944180E0,1.937500000E1
6.125568180E0,1.937500000E1
6.128193180E0,1.937500000E1
6.130817180E0,1.937500000E1
6.133442180E0,1.937500000E1
6.136066180E0,1.937500000E1
6.138691180E0,1.937500000E1
6.141315180E0,1.937500000E1
6.143940180E0,1.937500000E1
6.146564180E0,1.937500000E1
6.149189180E0,1.937500000E1
6.151813180E0,1.937500000E1
6.154438180E0,1.937500000E1
6.157062180E0,1.937500000E1
6.159687180E0,1.937500000E1
6.162312180E0,1.937500000E1
6.164936180E0,1.937500000E1
6.167561180E0,1.937500000E1
6.170185180E0,1.937500000E1
6.172810180E0,1.937500000E1
6.175434180E0,1.937500000E1
6.178059180E0,1.937500000E1
6.180683180E0,1.937500000E1
6.183308180E0,1.937500000E1
6.185932180E0,1.937500000E1
6.188557180E0,1.937500000E1
6.191181180E0,1.937500000E1
6.193806180E0,1.937500000E1
6.196430180E0,1.937500000E1
6.199055180E0,1.937500000E1
6.201679180E0,1.937500000E1
6.204304180E0,1.937500000E1
6.206928180E0,1.937500000E1
6.209553180E0,1.937500000E1
6.212177180E0,1.937500000E1
6.214802180E0,1.937500000E1
6.217426180E0,1.937500000E1
6.220051180E0,1.937500000E1
6.222675180E0,1.937500000E1
6.225300180E0,1.937500000E1
6.227924180E0,1.937500000E1
6.230549180E0,1.937500000E1
6.233173180E0,1.937500000E1
6.235798180E0,1.937500000E1
6.238422180E0,1.937500000E1
6.241047180E0,1.937500000E1
6.243671180E0,1.937500000E1
6.246296180E0,1.937500000E1
6.248920180E0,1.937500000E1
6.251545180E0,1.937500000E1
6.254169180E0,1.937500000E1
6.256794180E0,1.937500000E1
6.259418180E0,1.937500000E1
6.262043180E0,1.937500000E1
6.264667180E0,1.937500000E1
6.267292180E0,1.937500000E1
6.269916180E0,1.937500000E1
6.272541180E0,1.937500000E1
6.275166180E0,1.937500000E1
6.277790180E0,1.937500000E1
6.280415180E0,1.937500000E1
6.283039180E0,1.937500000E1
6.285664180E0,1.937500000E1
6.288288180E0,1.937500000E1
6.290913180E0,1.937500000E1
6.293537180E0,1.937500000E1
6.296162180E0,1.937500000E1
6.298786180E0,1.937500000E1
6.301411180E0,1.937500000E1
6.304035180E0,1.937500000E1
6.306660180E0,1.937500000E1
6.309284180E0,1.937500000E1
6.311909180E0,1.937500000E1
6.314533180E0,1.937500000E1
6.317158180E0,1.937500000E1
6.319782180E0,1.937500000E1
6.322407180E0,1.937500000E1
6.325031180E0,1.937500000E1
6.327656180E0,1.937500000E1
6.330280180E0,1.937500000E1
6.332905180E0,1.937500000E1
6.335529180E0,1.937500000E1
6.338154180E0,1.937500000E1
6.340778180E0,1.937500000E1
6.343403180E0,1.937500000E1
6.346027180E0,1.937500000E1
6.348652180E0,1.937500000E1
6.351276180E0,1.937500000E1
6.353901180E0,1.937500000E1
6.356525180E0,1.937500000E1
6.359150180E0,1.937500000E1
6.361774180E0,1.937500000E1
6.364399180E0,1.937500000E1
6.367023180E0,1.937500000E1
6.369648180E0,1.937500000E1
6.372272180E0,1.937500000E1
6.374897180E0,1.937500000E1
6.377521180E0,1.937500000E1
6.380146180E0,1.937500000E1
6.382770180E0,1.937500000E1
6.385395180E0,1.937500000E1
6.388020180E0,1.937500000E1
6.390644180E0,1.937500000E1
6.393269180E0,1.937500000E1
6.395893180E0,1.937500000E1
6.398518180E0,1.937500000E1
6.401142180E0,1.937500000E1
6.403767180E0,1.937500000E1
6.406391180E0,1.937500000E1
6.409016180E0,1.937500000E1
6.411640180E0,1.937500000E1
6.414265180E0,1.937500000E1
6.416889180E0,1.937500000E1
6.419514180E0,1.937500000E1
6.422138180E0,1.937500000E1
6.424763180E0,1.937500000E1
6.427387180E0,1.937500000E1
6.430012180E0,1.937500000E1
6.432636180E0,1.937500000E1
6.435261180E0,1.937500000E1
6.437885180E0,1.937500000E1
6.440510180E0,1.937500000E1
6.443134180E0,1.937500000E1
6.445759180E0,1.937500000E1
6.448383180E0,1.937500000E1
6.451008180E0,1.937500000E1
6.453632180E0,1.937500000E1
6.456257180E0,1.937500000E1
6.458881180E0,1.937500000E1
6.461506180E0,1.937500000E1
6.464130180E0,1.937500000E1
6.466755180E0,1.937500000E1
6.469379180E0,1.937500000E1
6.472004180E0,1.937500000E1
6.474628180E0,1.937500000E1
6.477253180E0,1.937500000E1
6.479877180E0,1.937500000E1
6.482502180E0,1.937500000E1
6.485126180E0,1.937500000E1
6.487751180E0,1.937500000E1
6.490375180E0,1.937500000E1
6.493000180E0,1.937500000E1
6.495624180E0,1.937500000E1
6.498249180E0,1.937500000E1
6.500874180E0,1.937500000E1
6.503498180E0,1.937500000E1
6.506123180E0,1.937500000E1
6.508747180E0,1.937500000E1
6.511372180E0,1.937500000E1
6.513996180E0,1.937500000E1
6.516621180E0,1.937500000E1
6.519245180E0,1.937500000E1
6.521870180E0,1.937500000E1
6.524494180E0,1.937500000E1
6.527119180E0,1.937500000E1
6.529743180E0,1.937500000E1
6.532368180E0,1.937500000E1
6.534992180E0,1.937500000E1
6.537617180E0,1.937500000E1
6.540241180E0,1.937500000E1
6.542866180E0,1.937500000E1
6.545490180E0,1.937500000E1
6.548115180E0,1.937500000E1
6.550739180E0,1.937500000E1
6.553364180E0,1.937500000E1
6.555988180E0,1.937500000E1
6.558613180E0,1.937500000E1
6.561237180E0,1.937500000E1
6.563862180E0,1.937500000E1
6.566486180E0,1.937500000E1
6.569111180E0,1.937500000E1
6.571735180E0,1.937500000E1
6.574360180E0,1.937500000E1
6.576984180E0,1.937500000E1
6.579609180E0,1.937500000E1
6.582233180E0,1.937500000E1
6.584858180E0,1.937500000E1
6.587482180E0,1.937500000E1
6.590107180E0,1.937500000E1
6.592731180E0,1.937500000E1
6.595356180E0,1.937500000E1
6.597980180E0,1.937500000E1
6.600605180E0,1.937500000E1
6.603229180E0,1.937500000E1
6.605854180E0,1.937500000E1
6.608479180E0,1.937500000E1
6.611103180E0,1.937500000E1
6.613728180E0,1.937500000E1
6.616352180E0,1.937500000E1
6.618977180E0,1.937500000E1
6.621601180E0,1.937500000E1
6.624226180E0,1.937500000E1
6.626850180E0,1.937500000E1
6.629475180E0,1.937500000E1
6.632099180E0,1.937500000E1
6.634724180E0,1.937500000E1
6.637348180E0,1.937500000E1
6.639973180E0,1.937500000E1
6.642597180E0,1.937500000E1
6.645222180E0,1.937500000E1
6.647846180E0,1.937500000E1
6.650471180E0,1.937500000E1
6.653095180E0,1.937500000E1
6.655720180E0,1.937500000E1
6.658344180E0,1.937500000E1
6.660969180E0,1.937500000E1
6.663593180E0,1.937500000E1
6.666218180E0,1.937500000E1
6.668842180E0,1.937500000E1
6.671467180E0,1.937500000E1
6.674091180E0,1.937500000E1
6.676716180E0,1.937500000E1
6.679340180E0,1.937500000E1
6.681965180E0,1.937500000E1
6.684589180E0,1.937500000E1
6.687214180E0,1.937500000E1
6.689838180E0,1.937500000E1
6.692463180E0,1.937500000E1
6.695087180E0,1.937500000E1
6.697712180E0,1.937500000E1
6.700336180E0,1.937500000E1
6.702961180E0,1.937500000E1
6.705585180E0,1.937500000E1
6.708210180E0,1.937500000E1
6.710834180E0,1.937500000E1
6.713459180E0,1.937500000E1
6.716083180E0,1.937500000E1
6.718708180E0,1.937500000E1
6.721333180E0,1.937500000E1
6.723957180E0,1.937500000E1
6.726582180E0,1.937500000E1
6.729206180E0,1.937500000E1
6.731831180E0,1.937500000E1
6.734455180E0,1.937500000E1
6.737080180E0,1.937500000E1
6.739704180E0,1.937500000E1
6.742329180E0,1.937500000E1
6.744953180E0,1.937500000E1
6.747578180E0,1.937500000E1
6.750202180E0,1.937500000E1
6.752827180E0,1.937500000E1
6.755451180E0,1.937500000E1
6.758076180E0,1.937500000E1
6.760700180E0,1.937500000E1
6.763325180E0,1.937500000E1
6.765949180E0,1.937500000E1
6.768574180E0,1.937500000E1
6.771198180E0,1.937500000E1
6.773823180E0,1.937500000E1
6.776447180E0,1.937500000E1
6.779072180E0,1.937500000E1
6.781696180E0,1.937500000E1
6.784321180E0,1.937500000E1
6.786945180E0,1.937500000E1
6.789570180E0,1.937500000E1
6.792194180E0,1.937500000E1
6.794819180E0,1.937500000E1
6.797443180E0,1.937500000E1
6.800068180E0,1.937500000E1
6.802692180E0,1.937500000E1
6.805317180E0,1.937500000E1
6.807941180E0,1.937500000E1
6.810566180E0,1.937500000E1
6.813190180E0,1.937500000E1
6.815815180E0,1.937500000E1
6.818439180E0,1.937500000E1
6.821064180E0,1.937500000E1
6.823688180E0,1.937500000E1
6.826313180E0,1.937500000E1
6.828937180E0,1.937500000E1
6.831562180E0,1.937500000E1
6.834187180E0,1.937500000E1
6.836811180E0,1.937500000E1
6.839436180E0,1.937500000E1
6.842060180E0,1.937500000E1
6.844685180E0,1.937500000E1
6.847309180E0,1.937500000E1
6.849934180E0,1.937500000E1
6.852558180E0,1.937500000E1
6.855183180E0,1.937500000E1
6.857807180E0,1.937500000E1
6.860432180E0,1.937500000E1
6.863056180E0,1.937500000E1
6.865681180E0,1.937500000E1
6.868305180E0,1.937500000E1
6.870930180E0,1.937500000E1
6.873554180E0,1.937500000E1
6.876179180E0,1.937500000E1
6.878803180E0,1.937500000E1
6.881428180E0,1.937500000E1
6.884052180E0,1.937500000E1
6.886677180E0,1.937500000E1
6.889301180E0,1.937500000E1
6.891926180E0,1.937500000E1
6.894550180E0,1.937500000E1
6.897175180E0,1.937500000E1
6.899799180E0,1.937500000E1
6.902424180E0,1.937500000E1
6.905048180E0,1.937500000E1
6.907673180E0,1.937500000E1
6.910297180E0,1.937500000E1
6.912922180E0,1.937500000E1
6.915546180E0,1.937500000E1
6.918171180E0,1.937500000E1
6.920795180E0,1.937500000E1
6.923420180E0,1.937500000E1
6.926044180E0,1.937500000E1
6.928669180E0,1.937500000E1
6.931293180E0,1.937500000E1
6.933918180E0,1.937500000E1
6.936542180E0,1.937500000E1
6.939167180E0,1.937500000E1
6.941791180E0,1.937500000E1
6.944416180E0,1.937500000E1
6.947041180E0,1.937500000E1
6.949665180E0,1.937500000E1
6.952290180E0,1.937500000E1
6.954914180E0,1.937500000E1
6.957539180E0,1.937500000E1
6.960163180E0,1.937500000E1
6.962788180E0,1.937500000E1
6.965412180E0,1.937500000E1
6.968037180E0,1.937500000E1
6.970661180E0,1.937500000E1
6.973286180E0,1.937500000E1
6.975910180E0,1.937500000E1
6.978535180E0,1.937500000E1
6.981159180E0,1.937500000E1
6.983784180E0,1.937500000E1
6.986408180E0,1.937500000E1
6.989033180E0,1.937500000E1
6.991657180E0,1.937500000E1
6.994282180E0,1.937500000E1
6.996906180E0,1.937500000E1
6.999531180E0,1.937500000E1
7.002155180E0,1.937500000E1
7.004780180E0,1.937500000E1
7.007404180E0,1.937500000E1
7.010029180E0,1.937500000E1
7.012653180E0,1.937500000E1
7.015278180E0,1.937500000E1
7.017902180E0,1.937500000E1
7.020527180E0,1.937500000E1
7.023151180E0,1.937500000E1
7.025776180E0,1.937500000E1
7.028400180E0,1.937500000E1
7.031025180E0,1.937500000E1
7.033649180E0,1.937500000E1
7.036274180E0,1.937500000E1
7.038898180E0,1.937500000E1
7.041523180E0,1.937500000E1
7.044147180E0,1.937500000E1
7.046772180E0,1.937500000E1
7.049396180E0,1.937500000E1
7.052021180E0,1.937500000E1
7.054645180E0,1.937500000E1
7.057270180E0,1.937500000E1
7.059895180E0,1.937500000E1
7.062519180E0,1.937500000E1
7.065144180E0,1.937500000E1
7.067768180E0,1.937500000E1
7.070393180E0,1.937500000E1
7.073017180E0,1.937500000E1
7.075642180E0,1.937500000E1
7.078266180E0,1.937500000E1
7.080891180E0,1.937500000E1
7.083515180E0,1.937500000E1
7.086140180E0,1.937500000E1
7.088764180E0,1.937500000E1
7.091389180E0,1.937500000E1
7.094013180E0,1.937500000E1
7.096638180E0,1.937500000E1
7.099262180E0,1.937500000E1
7.101887180E0,1.937500000E1
7.104511180E0,1.937500000E1
7.107136180E0,1.937500000E1
7.109760180E0,1.937500000E1
7.112385180E0,1.937500000E1
7.115009180E0,1.937500000E1
7.117634180E0,1.937500000E1
7.120258180E0,1.937500000E1
7.122883180E0,1.937500000E1
7.125507180E0,1.937500000E1
7.128132180E0,1.937500000E1
7.130756180E0,1.937500000E1
7.133381180E0,1.937500000E1
7.136005180E0,1.937500000E1
7.138630180E0,1.937500000E1
7.141254180E0,1.937500000E1
7.143879180E0,1.937500000E1
7.146503180E0,1.937500000E1
7.149128180E0,1.937500000E1
7.151752180E0,1.937500000E1
7.154377180E0,1.937500000E1
7.157001180E0,1.937500000E1
7.159626180E0,1.937500000E1
7.162250180E0,1.937500000E1
7.164875180E0,1.937500000E1
7.167499180E0,1.937500000E1
7.170124180E0,1.937500000E1
7.172749180E0,1.937500000E1
7.175373180E0,1.937500000E1
7.177998180E0,1.937500000E1
7.180622180E0,1.937500000E1
7.183247180E0,1.937500000E1
7.185871180E0,1.937500000E1
7.188496180E0,1.937500000E1
7.191120180E0,1.937500000E1
7.193745180E0,1.937500000E1
7.196369180E0,1.937500000E1
7.198994180E0,1.937500000E1
7.201618180E0,1.937500000E1
7.204243180E0,1.937500000E1
7.206867180E0,1.937500000E1
7.209492180E0,1.937500000E1
7.212116180E0,1.937500000E1
7.214741180E0,1.937500000E1
7.217365180E0,1.937500000E1
7.219990180E0,1.937500000E1
7.222614180E0,1.937500000E1
7.225239180E0,1.937500000E1
7.227863180E0,1.937500000E1
7.230488180E0,1.937500000E1
7.233112180E0,1.937500000E1
7.235737180E0,1.937500000E1
7.238361180E0,1.937500000E1
7.240986180E0,1.937500000E1
7.243610180E0,1.937500000E1
7.246235180E0,1.937500000E1
7.248859180E0,1.937500000E1
7.251484180E0,1.937500000E1
7.254108180E0,1.937500000E1
7.256733180E0,1.937500000E1
7.259357180E0,1.937500000E1
7.261982180E0,1.937500000E1
7.264606180E0,1.937500000E1
7.267231180E0,1.937500000E1
7.269855180E0,1.937500000E1
7.272480180E0,1.937500000E1
7.275104180E0,1.937500000E1
7.277729180E0,1.937500000E1
7.280354180E0,1.937500000E1
7.282978180E0,1.937500000E1
7.285603180E0,1.937500000E1
7.288227180E0,1.937500000E1
7.290852180E0,1.937500000E1
7.293476180E0,1.937500000E1
7.296101180E0,1.937500000E1
7.298725180E0,1.937500000E1
7.301350180E0,1.937500000E1
7.303974180E0,1.937500000E1
7.306599180E0,1.937500000E1
7.309223180E0,1.937500000E1
7.311848180E0,1.937500000E1
7.314472180E0,1.937500000E1
7.317097180E0,1.937500000E1
7.319721180E0,1.937500000E1
7.322346180E0,1.937500000E1
7.324970180E0,1.937500000E1
7.327595180E0,1.937500000E1
7.330219180E0,1.937500000E1
7.332844180E0,1.937500000E1
7.335468180E0,1.937500000E1
7.338093180E0,1.937500000E1
7.340717180E0,1.937500000E1
7.343342180E0,1.937500000E1
7.345966180E0,1.937500000E1
7.348591180E0,1.937500000E1
7.351215180E0,1.937500000E1
7.353840180E0,1.937500000E1
7.356464180E0,1.937500000E1
7.359089180E0,1.937500000E1
7.361713180E0,1.937500000E1
7.364338180E0,1.937500000E1
7.366962180E0,1.937500000E1
7.369587180E0,1.937500000E1
7.372211180E0,1.937500000E1
7.374836180E0,1.937500000E1
7.377460180E0,1.937500000E1
7.380085180E0,1.937500000E1
7.382709180E0,1.937500000E1
7.385334180E0,1.937500000E1
7.387958180E0,1.937500000E1
7.390583180E0,1.937500000E1
7.393208180E0,1.937500000E1
7.395832180E0,1.937500000E1
7.398457180E0,1.937500000E1
7.401081180E0,1.937500000E1
7.403706180E0,1.937500000E1
7.406330180E0,1.937500000E1
7.408955180E0,1.937500000E1
7.411579180E0,1.937500000E1
7.414204180E0,1.937500000E1
7.416828180E0,1.937500000E1
7.419453180E0,1.937500000E1
7.422077180E0,1.937500000E1
7.424702180E0,1.937500000E1
7.427326180E0,1.937500000E1
7.429951180E0,1.937500000E1
7.432575180E0,1.937500000E1
7.435200180E0,1.937500000E1
7.437824180E0,1.937500000E1
7.440449180E0,1.937500000E1
7.443073180E0,1.937500000E1
7.445698180E0,1.937500000E1
7.448322180E0,1.937500000E1
7.450947180E0,1.937500000E1
7.453571180E0,1.937500000E1
7.456196180E0,1.937500000E1
7.458820180E0,1.937500000E1
7.461445180E0,1.937500000E1
7.464069180E0,1.937500000E1
7.466694180E0,1.937500000E1
7.469318180E0,1.937500000E1
7.471943180E0,1.937500000E1
7.474567180E0,1.937500000E1
7.477192180E0,1.937500000E1
7.479816180E0,1.937500000E1
7.482441180E0,1.937500000E1
7.485065180E0,1.937500000E1
7.487690180E0,1.937500000E1
7.490314180E0,1.937500000E1
7.492939180E0,1.937500000E1
7.495563180E0,1.937500000E1
7.498188180E0,1.937500000E1
7.500812180E0,1.937500000E1
7.503437180E0,1.937500000E1
7.506062180E0,1.937500000E1
7.508686180E0,1.937500000E1
7.511311180E0,1.937500000E1
7.513935180E0,1.937500000E1
7.516560180E0,1.937500000E1
7.519184180E0,1.937500000E1
7.521809180E0,1.937500000E1
7.524433180E0,1.937500000E1
7.527058180E0,1.937500000E1
7.529682180E0,1.937500000E1
7.532307180E0,1.937500000E1
7.534931180E0,1.937500000E1
7.537556180E0,1.937500000E1
7.540180180E0,1.937500000E1
7.542805180E0,1.937500000E1
7.545429180E0,1.937500000E1
7.548054180E0,1.937500000E1
7.550678180E0,1.937500000E1
7.553303180E0,1.937500000E1
7.555927180E0,1.937500000E1
7.558552180E0,1.937500000E1
7.561176180E0,1.937500000E1
7.563801180E0,1.937500000E1
7.566425180E0,1.937500000E1
7.569050180E0,1.937500000E1
7.571674180E0,1.937500000E1
7.574299180E0,1.937500000E1
7.576923180E0,1.937500000E1
7.579548180E0,1.937500000E1
7.582172180E0,1.937500000E1
7.584797180E0,1.937500000E1
7.587421180E0,1.937500000E1
7.590046180E0,1.937500000E1
7.592670180E0,1.937500000E1
7.595295180E0,1.937500000E1
7.597919180E0,1.937500000E1
7.600544180E0,1.937500000E1
7.603168180E0,1.937500000E1
7.605793180E0,1.937500000E1
7.608417180E0,1.937500000E1
7.611042180E0,1.937500000E1
7.613666180E0,1.937500000E1
7.616291180E0,1.937500000E1
7.618916180E0,1.937500000E1
7.621540180E0,1.937500000E1
7.624165180E0,1.937500000E1
7.626789180E0,1.937500000E1
7.629414180E0,1.937500000E1
7.632038180E0,1.937500000E1
7.634663180E0,1.937500000E1
7.637287180E0,1.937500000E1
7.639912180E0,1.937500000E1
7.642536180E0,1.937500000E1
7.645161180E0,1.937500000E1
7.647785180E0,1.937500000E1
7.650410180E0,1.937500000E1
7.653034180E0,1.937500000E1
7.655659180E0,1.937500000E1
7.658283180E0,1.937500000E1
7.660908180E0,1.937500000E1
7.663532180E0,1.937500000E1
7.666157180E0,1.937500000E1
7.668781180E0,1.937500000E1
7.671406180E0,1.937500000E1
7.674030180E0,1.937500000E1
7.676655180E0,1.937500000E1
7.679279180E0,1.937500000E1
7.681904180E0,1.937500000E1
7.684528180E0,1.937500000E1
7.687153180E0,1.937500000E1
7.689777180E0,1.937500000E1
7.692402180E0,1.937500000E1
7.695026180E0,1.937500000E1
7.697651180E0,1.937500000E1
7.700275180E0,1.937500000E1
7.702900180E0,1.937500000E1
7.705524180E0,1.937500000E1
7.708149180E0,1.937500000E1
7.710773180E0,1.937500000E1
7.713398180E0,1.937500000E1
7.716022180E0,1.937500000E1
7.718647180E0,1.937500000E1
7.721271180E0,1.937500000E1
7.723896180E0,1.937500000E1
7.726520180E0,1.937500000E1
7.729145180E0,1.937500000E1
7.731770180E0,1.937500000E1
7.734394180E0,1.937500000E1
7.737019180E0,1.937500000E1
7.739643180E0,1.937500000E1
7.742268180E0,1.937500000E1
7.744892180E0,1.937500000E1
7.747517180E0,1.937500000E1
7.750141180E0,1.937500000E1
7.752766180E0,1.937500000E1
7.755390180E0,1.937500000E1
7.758015180E0,1.937500000E1
7.760639180E0,1.937500000E1
7.763264180E0,1.937500000E1
7.765888180E0,1.937500000E1
7.768513180E0,1.937500000E1
7.771137180E0,1.937500000E1
7.773762180E0,1.937500000E1
7.776386180E0,1.937500000E1
7.779011180E0,1.937500000E1
7.781635180E0,1.937500000E1
7.784260180E0,1.937500000E1
7.786884180E0,1.937500000E1
7.789509180E0,1.937500000E1
7.792133180E0,1.937500000E1
7.794758180E0,1.937500000E1
7.797382180E0,1.937500000E1
7.800007180E0,1.937500000E1
7.802631180E0,1.937500000E1
7.805256180E0,1.937500000E1
7.807880180E0,1.937500000E1
7.810505180E0,1.937500000E1
7.813129180E0,1.937500000E1
7.815754180E0,1.937500000E1
7.818378180E0,1.937500000E1
7.821003180E0,1.937500000E1
7.823627180E0,1.937500000E1
7.826252180E0,1.937500000E1
7.828876180E0,1.937500000E1
7.831501180E0,1.937500000E1
7.834125180E0,1.937500000E1
7.836750180E0,1.937500000E1
7.839374180E0,1.937500000E1
7.841999180E0,1.937500000E1
7.844624180E0,1.937500000E1
7.847248180E0,1.937500000E1
7.849873180E0,1.937500000E1
7.852497180E0,1.937500000E1
7.855122180E0,1.937500000E1
7.857746180E0,1.937500000E1
7.860371180E0,1.937500000E1
7.862995180E0,1.937500000E1
7.865620180E0,1.937500000E1
7.868244180E0,1.937500000E1
7.870869180E0,1.937500000E1
7.873493180E0,1.937500000E1
7.876118180E0,1.937500000E1
7.878742180E0,1.937500000E1
7.881367180E0,1.937500000E1
7.883991180E0,1.937500000E1
7.886616180E0,1.937500000E1
7.889240180E0,1.937500000E1
7.891865180E0,1.937500000E1
7.894489180E0,1.937500000E1
7.897114180E0,1.937500000E1
7.899738180E0,1.937500000E1
7.902363180E0,1.937500000E1
7.904987180E0,1.937500000E1
7.907612180E0,1.937500000E1
7.910236180E0,1.937500000E1
7.912861180E0,1.937500000E1
7.915485180E0,1.937500000E1
7.918110180E0,1.937500000E1
7.920734180E0,1.937500000E1
7.923359180E0,1.937500000E1
7.925983180E0,1.937500000E1
7.928608180E0,1.937500000E1
7.931232180E0,1.937500000E1
7.933857180E0,1.937500000E1
7.936481180E0,1.937500000E1
7.939106180E0,1.937500000E1
7.941730180E0,1.937500000E1
7.944355180E0,1.937500000E1
7.946979180E0,1.937500000E1
7.949604180E0,1.937500000E1
7.952229180E0,1.937500000E1
7.954853180E0,1.937500000E1
7.957478180E0,1.937500000E1
7.960102180E0,1.937500000E1
7.962727180E0,1.937500000E1
7.965351180E0,1.937500000E1
7.967976180E0,1.937500000E1
7.970600180E0,1.937500000E1
7.973225180E0,1.937500000E1
7.975849180E0,1.937500000E1
7.978474180E0,1.937500000E1
7.981098180E0,1.937500000E1
7.983723180E0,1.937500000E1
7.986347180E0,1.937500000E1
7.988972180E0,1.937500000E1
7.991596180E0,1.937500000E1
7.994221180E0,1.937500000E1
7.996845180E0,1.937500000E1
7.999470180E0,1.937500000E1
8.002094180E0,1.937500000E1
8.004719180E0,1.937500000E1
8.007343180E0,1.937500000E1
8.009968180E0,1.937500000E1
8.012592180E0,1.937500000E1
8.015217180E0,1.937500000E1
8.017841180E0,1.937500000E1
8.020466180E0,1.937500000E1
8.023090180E0,1.937500000E1
8.025715180E0,1.937500000E1
8.028339180E0,1.937500000E1
8.030964180E0,1.937500000E1
8.033588180E0,1.937500000E1
8.036213180E0,1.937500000E1
8.038837180E0,1.937500000E1
8.041462180E0,1.937500000E1
8.044086180E0,1.937500000E1
8.046711180E0,1.937500000E1
8.049335180E0,1.937500000E1
8.051960180E0,1.937500000E1
8.054584180E0,1.937500000E1
8.057209180E0,1.937500000E1
8.059833180E0,1.937500000E1
8.062458180E0,1.937500000E1
8.065083180E0,1.937500000E1
8.067707180E0,1.937500000E1
8.070332180E0,1.937500000E1
8.072956180E0,1.937500000E1
8.075581180E0,1.937500000E1
8.078205180E0,1.937500000E1
8.080830180E0,1.937500000E1
8.083454180E0,1.937500000E1
8.086079180E0,1.937500000E1
8.088703180E0,1.937500000E1
8.091328180E0,1.937500000E1
8.093952180E0,1.937500000E1
8.096577180E0,1.937500000E1
8.099201180E0,1.937500000E1
8.101826180E0,1.937500000E1
8.104450180E0,1.937500000E1
8.107075180E0,1.937500000E1
8.109699180E0,1.937500000E1
8.112324180E0,1.937500000E1
8.114948180E0,1.937500000E1
8.117573180E0,1.937500000E1
8.120197180E0,1.937500000E1
8.122822180E0,1.937500000E1
8.125446180E0,1.937500000E1
8.128071180E0,1.937500000E1
8.130695180E0,1.937500000E1
8.133320180E0,1.937500000E1
8.135944180E0,1.937500000E1
8.138569180E0,1.937500000E1
8.141193180E0,1.937500000E1
8.143818180E0,1.937500000E1
8.146442180E0,1.937500000E1
8.149067180E0,1.937500000E1
8.151691180E0,1.937500000E1
8.154316180E0,1.937500000E1
8.156940180E0,1.937500000E1
8.159565180E0,1.937500000E1
8.162189180E0,1.937500000E1
8.164814180E0,1.937500000E1
8.167438180E0,1.937500000E1
8.170063180E0,1.937500000E1
8.172687180E0,1.937500000E1
8.175312180E0,1.937500000E1
8.177937180E0,1.937500000E1
8.180561180E0,1.937500000E1
8.183186180E0,1.937500000E1
8.185810180E0,1.937500000E1
8.188435180E0,1.937500000E1
8.191059180E0,1.937500000E1
8.193684180E0,1.937500000E1
8.196308180E0,1.937500000E1
8.198933180E0,1.937500000E1
8.201557180E0,1.937500000E1
8.204182180E0,1.937500000E1
8.206806180E0,1.937500000E1
8.209431180E0,1.937500000E1
8.212055180E0,1.937500000E1
8.214680180E0,1.937500000E1
8.217304180E0,1.937500000E1
8.219929180E0,1.937500000E1
8.222553180E0,1.937500000E1
8.225178180E0,1.937500000E1
8.227802180E0,1.937500000E1
8.230427180E0,1.937500000E1
8.233051180E0,1.937500000E1
8.235676180E0,1.937500000E1
8.238300180E0,1.937500000E1
8.240925180E0,1.937500000E1
8.243549180E0,1.937500000E1
8.246174180E0,1.937500000E1
8.248798180E0,1.937500000E1
8.251423180E0,1.937500000E1
8.254047180E0,1.937500000E1
8.256672180E0,1.937500000E1
8.259296180E0,1.937500000E1
8.261921180E0,1.937500000E1
8.264545180E0,1.937500000E1
8.267170180E0,1.937500000E1
8.269794180E0,1.937500000E1
8.272419180E0,1.937500000E1
8.275043180E0,1.937500000E1
8.277668180E0,1.937500000E1
8.280292180E0,1.937500000E1
8.282917180E0,1.937500000E1
8.285541180E0,1.937500000E1
8.288166180E0,1.937500000E1
8.290791180E0,1.937500000E1
8.293415180E0,1.937500000E1
8.296040180E0,1.937500000E1
8.298664180E0,1.937500000E1
8.301289180E0,1.937500000E1
8.303913180E0,1.937500000E1
8.306538180E0,1.937500000E1
8.309162180E0,1.937500000E1
8.311787180E0,1.937500000E1
8.314411180E0,1.937500000E1
8.317036180E0,1.937500000E1
8.319660180E0,1.937500000E1
8.322285180E0,1.937500000E1
8.324909180E0,1.937500000E1
8.327534180E0,1.937500000E1
8.330158180E0,1.937500000E1
8.332783180E0,1.937500000E1
8.335407180E0,1.937500000E1
8.338032180E0,1.937500000E1
8.340656180E0,1.937500000E1
8.343281180E0,1.937500000E1
8.345905180E0,1.937500000E1
8.348530180E0,1.937500000E1
8.351154180E0,1.937500000E1
8.353779180E0,1.937500000E1
8.356403180E0,1.937500000E1
8.359028180E0,1.937500000E1
8.361652180E0,1.937500000E1
8.364277180E0,1.937500000E1
8.366901180E0,1.937500000E1
8.369526180E0,1.937500000E1
8.372150180E0,1.937500000E1
8.374775180E0,1.937500000E1
8.377399180E0,1.937500000E1
8.380024180E0,1.937500000E1
8.382648180E0,1.937500000E1
8.385273180E0,1.937500000E1
8.387897180E0,1.937500000E1
8.390522180E0,1.937500000E1
8.393146180E0,1.937500000E1
8.395771180E0,1.937500000E1
8.398395180E0,1.937500000E1
8.401020180E0,1.937500000E1
8.403645180E0,1.937500000E1
8.406269180E0,1.937500000E1
8.408894180E0,1.937500000E1
8.411518180E0,1.937500000E1
8.414143180E0,1.937500000E1
8.416767180E0,1.937500000E1
8.419392180E0,1.937500000E1
8.422016180E0,1.937500000E1
8.424641180E0,1.937500000E1
8.427265180E0,1.937500000E1
8.429890180E0,1.937500000E1
8.432514180E0,1.937500000E1
8.435139180E0,1.937500000E1
8.437763180E0,1.937500000E1
8.440388180E0,1.937500000E1
8.443012180E0,1.937500000E1
8.445637180E0,1.937500000E1
8.448261180E0,1.937500000E1
8.450886180E0,1.937500000E1
8.453510180E0,1.937500000E1
8.456135180E0,1.937500000E1
8.458759180E0,1.937500000E1
8.461384180E0,1.937500000E1
8.464008180E0,1.937500000E1
8.466633180E0,1.937500000E1
8.469257180E0,1.937500000E1
8.471882180E0,1.937500000E1
8.474506180E0,1.937500000E1
8.477131180E0,1.937500000E1
8.479755180E0,1.937500000E1
8.482380180E0,1.937500000E1
8.485004180E0,1.937500000E1
8.487629180E0,1.937500000E1
8.490253180E0,1.937500000E1
8.492878180E0,1.937500000E1
8.495502180E0,1.937500000E1
8.498127180E0,1.937500000E1
8.500751180E0,1.937500000E1
8.503376180E0,1.937500000E1
8.506000180E0,1.937500000E1
8.508625180E0,1.937500000E1
8.511249180E0,1.937500000E1
8.513874180E0,1.937500000E1
8.516499180E0,1.937500000E1
8.519123180E0,1.937500000E1
8.521748180E0,1.937500000E1
8.524372180E0,1.937500000E1
8.526997180E0,1.937500000E1
8.529621180E0,1.937500000E1
8.532246180E0,1.937500000E1
8.534870180E0,1.937500000E1
8.537495180E0,1.937500000E1
8.540119180E0,1.937500000E1
8.542744180E0,1.937500000E1
8.545368180E0,1.937500000E1
8.547993180E0,1.937500000E1
8.550617180E0,1.937500000E1
8.553242180E0,1.937500000E1
8.555866180E0,1.937500000E1
8.558491180E0,1.937500000E1
8.561115180E0,1.937500000E1
8.563740180E0,1.937500000E1
8.566364180E0,1.937500000E1
8.568989180E0,1.937500000E1
8.571613180E0,1.937500000E1
8.574238180E0,1.937500000E1
8.576862180E0,1.937500000E1
8.579487180E0,1.937500000E1
8.582111180E0,1.937500000E1
8.584736180E0,1.937500000E1
8.587360180E0,1.937500000E1
8.589985180E0,1.937500000E1
8.592609180E0,1.937500000E1
8.595234180E0,1.937500000E1
8.597858180E0,1.937500000E1
8.600483180E0,1.937500000E1
8.603107180E0,1.937500000E1
8.605732180E0,1.937500000E1
8.608356180E0,1.937500000E1
8.610981180E0,1.937500000E1
8.613605180E0,1.937500000E1
8.616230180E0,1.937500000E1
8.618854180E0,1.937500000E1
8.621479180E0,1.937500000E1
8.624104180E0,1.937500000E1
8.626728180E0,1.937500000E1
8.629353180E0,1.937500000E1
8.631977180E0,1.937500000E1
8.634602180E0,1.937500000E1
8.637226180E0,1.937500000E1
8.639851180E0,1.937500000E1
8.642475180E0,1.937500000E1
8.645100180E0,1.937500000E1
8.647724180E0,1.937500000E1
8.650349180E0,1.937500000E1
8.652973180E0,1.937500000E1
8.655598180E0,1.937500000E1
8.658222180E0,1.937500000E1
8.660847180E0,1.937500000E1
8.663471180E0,1.937500000E1
8.666096180E0,1.937500000E1
8.668720180E0,1.937500000E1
8.671345180E0,1.937500000E1
8.673969180E0,1.937500000E1
8.676594180E0,1.937500000E1
8.679218180E0,1.937500000E1
8.681843180E0,1.937500000E1
8.684467180E0,1.937500000E1
8.687092180E0,1.937500000E1
8.689716180E0,1.937500000E1
8.692341180E0,1.937500000E1
8.694965180E0,1.937500000E1
8.697590180E0,1.937500000E1
8.700214180E0,1.937500000E1
8.702839180E0,1.937500000E1
8.705463180E0,1.937500000E1
8.708088180E0,1.937500000E1
8.710712180E0,1.937500000E1
8.713337180E0,1.937500000E1
8.715961180E0,1.937500000E1
8.718586180E0,1.937500000E1
8.721210180E0,1.937500000E1
8.723835180E0,1.937500000E1
8.726459180E0,1.937500000E1
8.729084180E0,1.937500000E1
8.731708180E0,1.937500000E1
8.734333180E0,1.937500000E1
8.736958180E0,1.937500000E1
8.739582180E0,1.937500000E1
8.742207180E0,1.937500000E1
8.744831180E0,1.937500000E1
8.747456180E0,1.937500000E1
8.750080180E0,1.937500000E1
8.752705180E0,1.937500000E1
8.755329180E0,1.937500000E1
8.757954180E0,1.937500000E1
8.760578180E0,1.937500000E1
8.763203180E0,1.937500000E1
8.765827180E0,1.937500000E1
8.768452180E0,1.937500000E1
8.771076180E0,1.937500000E1
8.773701180E0,1.937500000E1
8.776325180E0,1.937500000E1
8.778950180E0,1.937500000E1
8.781574180E0,1.937500000E1
8.784199180E0,1.937500000E1
8.786823180E0,1.937500000E1
8.789448180E0,1.937500000E1
8.792072180E0,1.937500000E1
8.794697180E0,1.937500000E1
8.797321180E0,1.937500000E1
8.799946180E0,1.937500000E1
8.802570180E0,1.937500000E1
8.805195180E0,1.937500000E1
8.807819180E0,1.937500000E1
8.810444180E0,1.937500000E1
8.813068180E0,1.937500000E1
8.815693180E0,1.937500000E1
8.818317180E0,1.937500000E1
8.820942180E0,1.937500000E1
8.823566180E0,1.937500000E1
8.826191180E0,1.937500000E1
8.828815180E0,1.937500000E1
8.831440180E0,1.937500000E1
8.834064180E0,1.937500000E1
8.836689180E0,1.937500000E1
8.839313180E0,1.937500000E1
8.841938180E0,1.937500000E1
8.844562180E0,1.937500000E1
8.847187180E0,1.937500000E1
8.849812180E0,1.937500000E1
8.852436180E0,1.937500000E1
8.855061180E0,1.937500000E1
8.857685180E0,1.937500000E1
8.860310180E0,1.937500000E1
8.862934180E0,1.937500000E1
8.865559180E0,1.937500000E1
8.868183180E0,1.937500000E1
8.870808180E0,1.937500000E1
8.873432180E0,1.937500000E1
8.876057180E0,1.937500000E1
8.878681180E0,1.937500000E1
8.881306180E0,1.937500000E1
8.883930180E0,1.937500000E1
8.886555180E0,1.937500000E1
8.889179180E0,1.937500000E1
8.891804180E0,1.937500000E1
8.894428180E0,1.937500000E1
8.897053180E0,1.937500000E1
8.899677180E0,1.937500000E1
8.902302180E0,1.937500000E1
8.904926180E0,1.937500000E1
8.907551180E0,1.937500000E1
8.910175180E0,1.937500000E1
8.912800180E0,1.937500000E1
8.915424180E0,1.937500000E1
8.918049180E0,1.937500000E1
8.920673180E0,1.937500000E1
8.923298180E0,1.937500000E1
8.925922180E0,1.937500000E1
8.928547180E0,1.937500000E1
8.931171180E0,1.937500000E1
8.933796180E0,1.937500000E1
8.936420180E0,1.937500000E1
8.939045180E0,1.937500000E1
8.941669180E0,1.937500000E1
8.944294180E0,1.937500000E1
8.946918180E0,1.937500000E1
8.949543180E0,1.937500000E1
8.952167180E0,1.937500000E1
8.954792180E0,1.937500000E1
8.957416180E0,1.937500000E1
8.960041180E0,1.937500000E1
8.962666180E0,1.937500000E1
8.965290180E0,1.937500000E1
8.967915180E0,1.937500000E1
8.970539180E0,1.937500000E1
8.973164180E0,1.937500000E1
8.975788180E0,1.937500000E1
8.978413180E0,1.937500000E1
8.981037180E0,1.937500000E1
8.983662180E0,1.937500000E1
8.986286180E0,1.937500000E1
8.988911180E0,1.937500000E1
8.991535180E0,1.937500000E1
8.994160180E0,1.937500000E1
8.996784180E0,1.937500000E1
8.999409180E0,1.937500000E1
9.002033180E0,1.937500000E1
9.004658180E0,1.937500000E1
9.007282180E0,1.937500000E1
9.009907180E0,1.937500000E1
9.012531180E0,1.937500000E1
9.015156180E0,1.937500000E1
9.017780180E0,1.937500000E1
9.020405180E0,1.937500000E1
9.023029180E0,1.937500000E1
9.025654180E0,1.937500000E1
9.028278180E0,1.937500000E1
9.030903180E0,1.937500000E1
9.033527180E0,1.937500000E1
9.036152180E0,1.937500000E1
9.038776180E0,1.937500000E1
9.041401180E0,1.937500000E1
9.044025180E0,1.937500000E1
9.046650180E0,1.937500000E1
9.049274180E0,1.937500000E1
9.051899180E0,1.937500000E1
9.054523180E0,1.937500000E1
9.057148180E0,1.937500000E1
9.059772180E0,1.937500000E1
9.062397180E0,1.937500000E1
9.065021180E0,1.937500000E1
9.067646180E0,1.937500000E1
9.070270180E0,1.937500000E1
9.072895180E0,1.937500000E1
9.075520180E0,1.937500000E1
9.078144180E0,1.937500000E1
9.080769180E0,1.937500000E1
9.083393180E0,1.937500000E1
9.086018180E0,1.937500000E1
9.088642180E0,1.937500000E1
9.091267180E0,1.937500000E1
9.093891180E0,1.937500000E1
9.096516180E0,1.937500000E1
9.099140180E0,1.937500000E1
9.101765180E0,1.937500000E1
9.104389180E0,1.937500000E1
9.107014180E0,1.937500000E1
9.109638180E0,1.937500000E1
9.112263180E0,1.937500000E1
9.114887180E0,1.937500000E1
9.117512180E0,1.937500000E1
9.120136180E0,1.937500000E1
9.122761180E0,1.937500000E1
9.125385180E0,1.937500000E1
9.128010180E0,1.937500000E1
9.130634180E0,1.937500000E1
9.133259180E0,1.937500000E1
9.135883180E0,1.937500000E1
9.138508180E0,1.937500000E1
9.141132180E0,1.937500000E1
9.143757180E0,1.937500000E1
9.146381180E0,1.937500000E1
9.149006180E0,1.937500000E1
9.151630180E0,1.937500000E1
9.154255180E0,1.937500000E1
9.156879180E0,1.937500000E1
9.159504180E0,1.937500000E1
9.162128180E0,1.937500000E1
9.164753180E0,1.937500000E1
9.167377180E0,1.937500000E1
9.170002180E0,1.937500000E1
9.172626180E0,1.937500000E1
9.175251180E0,1.937500000E1
9.177875180E0,1.937500000E1
9.180500180E0,1.937500000E1
9.183124180E0,1.937500000E1
9.185749180E0,1.937500000E1
9.188374180E0,1.937500000E1
9.190998180E0,1.937500000E1
9.193623180E0,1.937500000E1
9.196247180E0,1.937500000E1
9.198872180E0,1.937500000E1
9.201496180E0,1.937500000E1
9.204121180E0,1.937500000E1
9.206745180E0,1.937500000E1
9.209370180E0,1.937500000E1
9.211994180E0,1.937500000E1
9.214619180E0,1.937500000E1
9.217243180E0,1.937500000E1
9.219868180E0,1.937500000E1
9.222492180E0,1.937500000E1
9.225117180E0,1.937500000E1
9.227741180E0,1.937500000E1
9.230366180E0,1.937500000E1
9.232990180E0,1.937500000E1
9.235615180E0,1.937500000E1
9.238239180E0,1.937500000E1
9.240864180E0,1.937500000E1
9.243488180E0,1.937500000E1
9.246113180E0,1.937500000E1
9.248737180E0,1.937500000E1
9.251362180E0,1.937500000E1
9.253986180E0,1.937500000E1
9.256611180E0,1.937500000E1
9.259235180E0,1.937500000E1
9.261860180E0,1.937500000E1
9.264484180E0,1.937500000E1
9.267109180E0,1.937500000E1
9.269733180E0,1.937500000E1
9.272358180E0,1.937500000E1
9.274982180E0,1.937500000E1
9.277607180E0,1.937500000E1
9.280231180E0,1.937500000E1
9.282856180E0,1.937500000E1
9.285480180E0,1.937500000E1
9.288105180E0,1.937500000E1
9.290729180E0,1.937500000E1
9.293354180E0,1.937500000E1
9.295979180E0,1.937500000E1
9.298603180E0,1.937500000E1
9.301228180E0,1.937500000E1
9.303852180E0,1.937500000E1
9.306477180E0,1.937500000E1
9.309101180E0,1.937500000E1
9.311726180E0,1.937500000E1
9.314350180E0,1.937500000E1
9.316975180E0,1.937500000E1
9.319599180E0,1.937500000E1
9.322224180E0,1.937500000E1
9.324848180E0,1.937500000E1
9.327473180E0,1.937500000E1
9.330097180E0,1.937500000E1
9.332722180E0,1.937500000E1
9.335346180E0,1.937500000E1
9.337971180E0,1.937500000E1
9.340595180E0,1.937500000E1
9.343220180E0,1.937500000E1
9.345844180E0,1.937500000E1
9.348469180E0,1.937500000E1
9.351093180E0,1.937500000E1
9.353718180E0,1.937500000E1
9.356342180E0,1.937500000E1
9.358967180E0,1.937500000E1
9.361591180E0,1.937500000E1
9.364216180E0,1.937500000E1
9.366840180E0,1.937500000E1
9.369465180E0,1.937500000E1
9.372089180E0,1.937500000E1
9.374714180E0,1.937500000E1
9.377338180E0,1.937500000E1
9.379963180E0,1.937500000E1
9.382587180E0,1.937500000E1
9.385212180E0,1.937500000E1
9.387836180E0,1.937500000E1
9.390461180E0,1.937500000E1
9.393085180E0,1.937500000E1
9.395710180E0,1.937500000E1
9.398334180E0,1.937500000E1
9.400959180E0,1.937500000E1
9.403583180E0,1.937500000E1
9.406208180E0,1.937500000E1
9.408833180E0,1.937500000E1
9.411457180E0,1.937500000E1
9.414082180E0,1.937500000E1
9.416706180E0,1.937500000E1
9.419331180E0,1.937500000E1
9.421955180E0,1.937500000E1
9.424580180E0,1.937500000E1
9.427204180E0,1.937500000E1
9.429829180E0,1.937500000E1
9.432453180E0,1.937500000E1
9.435078180E0,1.937500000E1
9.437702180E0,1.937500000E1
9.440327180E0,1.937500000E1
9.442951180E0,1.937500000E1
9.445576180E0,1.937500000E1
9.448200180E0,1.937500000E1
9.450825180E0,1.937500000E1
9.453449180E0,1.937500000E1
9.456074180E0,1.937500000E1
9.458698180E0,1.937500000E1
9.461323180E0,1.937500000E1
9.463947180E0,1.937500000E1
9.466572180E0,1.937500000E1
9.469196180E0,1.937500000E1
9.471821180E0,1.937500000E1
9.474445180E0,1.937500000E1
9.477070180E0,1.937500000E1
9.479694180E0,1.937500000E1
9.482319180E0,1.937500000E1
9.484943180E0,1.937500000E1
9.487568180E0,1.937500000E1
9.490192180E0,1.937500000E1
9.492817180E0,1.937500000E1
9.495441180E0,1.937500000E1
9.498066180E0,1.937500000E1
9.500690180E0,1.937500000E1
9.503315180E0,1.937500000E1
9.505939180E0,1.937500000E1
9.508564180E0,1.937500000E1
9.511188180E0,1.937500000E1
9.513813180E0,1.937500000E1
9.516437180E0,1.937500000E1
9.519062180E0,1.937500000E1
9.521687180E0,1.937500000E1
9.524311180E0,1.937500000E1
9.526936180E0,1.937500000E1
9.529560180E0,1.937500000E1
9.532185180E0,1.937500000E1
9.534809180E0,1.937500000E1
9.537434180E0,1.937500000E1
9.540058180E0,1.937500000E1
9.542683180E0,1.937500000E1
9.545307180E0,1.937500000E1
9.547932180E0,1.937500000E1
9.550556180E0,1.937500000E1
9.553181180E0,1.937500000E1
9.555805180E0,1.937500000E1
9.558430180E0,1.937500000E1
9.561054180E0,1.937500000E1
9.563679180E0,1.937500000E1
9.566303180E0,1.937500000E1
9.568928180E0,1.937500000E1
9.571552180E0,1.937500000E1
9.574177180E0,1.937500000E1
9.576801180E0,1.937500000E1
9.579426180E0,1.937500000E1
9.582050180E0,1.937500000E1
9.584675180E0,1.937500000E1
9.587299180E0,1.937500000E1
9.589924180E0,1.937500000E1
9.592548180E0,1.937500000E1
9.595173180E0,1.937500000E1
9.597797180E0,1.937500000E1
9.600422180E0,1.937500000E1
9.603046180E0,1.937500000E1
9.605671180E0,1.937500000E1
9.608295180E0,1.937500000E1
9.610920180E0,1.937500000E1
9.613544180E0,1.937500000E1
9.616169180E0,1.937500000E1
9.618793180E0,1.937500000E1
9.621418180E0,1.937500000E1
9.624042180E0,1.937500000E1
9.626667180E0,1.937500000E1
9.629291180E0,1.937500000E1
9.631916180E0,1.937500000E1
9.634541180E0,1.937500000E1
9.637165180E0,1.937500000E1
9.639790180E0,1.937500000E1
9.642414180E0,1.937500000E1
9.645039180E0,1.937500000E1
9.647663180E0,1.937500000E1
9.650288180E0,1.937500000E1
9.652912180E0,1.937500000E1
9.655537180E0,1.937500000E1
9.658161180E0,1.937500000E1
9.660786180E0,1.937500000E1
9.663410180E0,1.937500000E1
9.666035180E0,1.937500000E1
9.668659180E0,1.937500000E1
9.671284180E0,1.937500000E1
9.673908180E0,1.937500000E1
9.676533180E0,1.937500000E1
9.679157180E0,1.937500000E1
9.681782180E0,1.937500000E1
9.684406180E0,1.937500000E1
9.687031180E0,1.937500000E1
9.689655180E0,1.937500000E1
9.692280180E0,1.937500000E1
9.694904180E0,1.937500000E1
9.697529180E0,1.937500000E1
9.700153180E0,1.937500000E1
9.702778180E0,1.937500000E1
9.705402180E0,1.937500000E1
9.708027180E0,1.937500000E1
9.710651180E0,1.937500000E1
9.713276180E0,1.937500000E1
9.715900180E0,1.937500000E1
9.718525180E0,1.937500000E1
9.721149180E0,1.937500000E1
9.723774180E0,1.937500000E1
9.726398180E0,1.937500000E1
9.729023180E0,1.937500000E1
9.731647180E0,1.937500000E1
9.734272180E0,1.937500000E1
9.736896180E0,1.937500000E1
9.739521180E0,1.937500000E1
9.742145180E0,1.937500000E1
9.744770180E0,1.937500000E1
9.747395180E0,1.937500000E1
9.750019180E0,1.937500000E1
9.752644180E0,1.937500000E1
9.755268180E0,1.937500000E1
9.757893180E0,1.937500000E1
9.760517180E0,1.937500000E1
9.763142180E0,1.937500000E1
9.765766180E0,1.937500000E1
9.768391180E0,1.937500000E1
9.771015180E0,1.937500000E1
9.773640180E0,1.937500000E1
9.776264180E0,1.937500000E1
9.778889180E0,1.937500000E1
9.781513180E0,1.937500000E1
9.784138180E0,1.937500000E1
9.786762180E0,1.937500000E1
9.789387180E0,1.937500000E1
9.792011180E0,1.937500000E1
9.794636180E0,1.937500000E1
9.797260180E0,1.937500000E1
9.799885180E0,1.937500000E1
9.802509180E0,1.937500000E1
9.805134180E0,1.937500000E1
9.807758180E0,1.937500000E1
9.810383180E0,1.937500000E1
9.813007180E0,1.937500000E1
9.815632180E0,1.937500000E1
9.818256180E0,1.937500000E1
9.820881180E0,1.937500000E1
9.823505180E0,1.937500000E1
9.826130180E0,1.937500000E1
9.828754180E0,1.937500000E1
9.831379180E0,1.937500000E1
9.834003180E0,1.937500000E1
9.836628180E0,1.937500000E1
9.839252180E0,1.937500000E1
9.841877180E0,1.937500000E1
9.844501180E0,1.937500000E1
9.847126180E0,1.937500000E1
9.849750180E0,1.937500000E1
9.852375180E0,1.937500000E1
9.854999180E0,1.937500000E1
9.857624180E0,1.937500000E1
9.860249180E0,1.937500000E1
9.862873180E0,1.937500000E1
9.865498180E0,1.937500000E1
9.868122180E0,1.937500000E1
9.870747180E0,1.937500000E1
9.873371180E0,1.937500000E1
9.875996180E0,1.937500000E1
9.878620180E0,1.937500000E1
9.881245180E0,1.937500000E1
9.883869180E0,1.937500000E1
9.886494180E0,1.937500000E1
9.889118180E0,1.937500000E1
9.891743180E0,1.937500000E1
9.894367180E0,1.937500000E1
9.896992180E0,1.937500000E1
9.899616180E0,1.937500000E1
9.902241180E0,1.937500000E1
9.904865180E0,1.937500000E1
9.907490180E0,1.937500000E1
9.910114180E0,1.937500000E1
9.912739180E0,1.937500000E1
9.915363180E0,1.937500000E1
9.917988180E0,1.937500000E1
9.920612180E0,1.937500000E1
9.923237180E0,1.937500000E1
9.925861180E0,1.937500000E1
9.928486180E0,1.937500000E1
9.931110180E0,1.937500000E1
9.933735180E0,1.937500000E1
9.936359180E0,1.937500000E1
9.938984180E0,1.937500000E1
9.941608180E0,1.937500000E1
9.944233180E0,1.937500000E1
9.946857180E0,1.937500000E1
9.949482180E0,1.937500000E1
9.952106180E0,1.937500000E1
9.954731180E0,1.937500000E1
9.957355180E0,1.937500000E1
9.959980180E0,1.937500000E1
9.962604180E0,1.937500000E1
9.965229180E0,1.937500000E1
9.967854180E0,1.937500000E1
9.970478180E0,1.937500000E1
9.973103180E0,1.937500000E1
9.975727180E0,1.937500000E1
9.978352180E0,1.937500000E1
9.980976180E0,1.937500000E1
9.983601180E0,1.937500000E1
9.986225180E0,1.937500000E1
9.988850180E0,1.937500000E1
9.991474180E0,1.937500000E1
9.994099180E0,1.937500000E1
9.996723180E0,1.937500000E1
9.999348180E0,1.937500000E1
1.000197218E1,1.937500000E1
1.000459718E1,1.937500000E1
1.000722118E1,1.937500000E1
1.000984618E1,1.937500000E1
1.001247018E1,1.937500000E1
1.001509518E1,1.937500000E1
1.001771918E1,1.937500000E1
1.002034418E1,1.937500000E1
1.002296818E1,1.937500000E1
1.002559318E1,1.937500000E1
1.002821718E1,1.937500000E1
1.003084218E1,1.937500000E1
1.003346618E1,1.937500000E1
1.003609118E1,1.937500000E1
1.003871518E1,1.937500000E1
1.004134018E1,1.937500000E1
1.004396418E1,1.937500000E1
1.004658918E1,1.937500000E1
1.004921318E1,1.937500000E1
1.005183818E1,1.937500000E1
1.005446218E1,1.937500000E1
1.005708718E1,1.937500000E1
1.005971118E1,1.937500000E1
1.006233618E1,1.937500000E1
1.006496018E1,1.937500000E1
1.006758518E1,1.937500000E1
1.007020918E1,1.937500000E1
1.007283418E1,1.937500000E1
1.007545818E1,1.937500000E1
1.007808318E1,1.937500000E1
1.008070818E1,1.937500000E1
1.008333218E1,1.937500000E1
1.008595718E1,1.937500000E1
1.008858118E1,1.937500000E1
1.009120618E1,1.937500000E1
1.009383018E1,1.937500000E1
1.009645518E1,1.937500000E1
1.009907918E1,1.937500000E1
1.010170418E1,1.937500000E1
1.010432818E1,1.937500000E1
1.010695318E1,1.937500000E1
1.010957718E1,1.937500000E1
1.011220218E1,1.937500000E1
1.011482618E1,1.937500000E1
1.011745118E1,1.937500000E1
1.012007518E1,1.937500000E1
1.012270018E1,1.937500000E1
1.012532418E1,1.937500000E1
1.012794918E1,1.937500000E1
1.013057318E1,1.937500000E1
1.013319818E1,1.937500000E1
1.013582218E1,1.937500000E1
1.013844718E1,1.937500000E1
1.014107118E1,1.937500000E1
1.014369618E1,1.937500000E1
1.014632018E1,1.937500000E1
1.014894518E1,1.937500000E1
1.015156918E1,1.937500000E1
1.015419418E1,1.937500000E1
1.015681818E1,1.937500000E1
1.015944318E1,1.937500000E1
1.016206718E1,1.937500000E1
1.016469218E1,1.937500000E1
1.016731618E1,1.937500000E1
1.016994118E1,1.937500000E1
1.017256518E1,1.937500000E1
1.017519018E1,1.937500000E1
1.017781418E1,1.937500000E1
1.018043918E1,1.937500000E1
1.018306318E1,1.937500000E1
1.018568818E1,1.937500000E1
1.018831218E1,1.937500000E1
1.019093718E1,1.937500000E1
1.019356218E1,1.937500000E1
1.019618618E1,1.937500000E1
1.019881118E1,1.937500000E1
1.020143518E1,1.937500000E1
1.020406018E1,1.937500000E1
1.020668418E1,1.937500000E1
1.020930918E1,1.937500000E1
1.021193318E1,1.937500000E1
1.021455818E1,1.937500000E1
1.021718218E1,1.937500000E1
1.021980718E1,1.937500000E1
1.022243118E1,1.937500000E1
1.022505618E1,1.937500000E1
1.022768018E1,1.937500000E1
1.023030518E1,1.937500000E1
1.023292918E1,1.937500000E1
1.023555418E1,1.937500000E1
1.023817818E1,1.937500000E1
1.024080318E1,1.937500000E1
1.024342718E1,1.937500000E1
1.024605218E1,1.937500000E1
1.024867618E1,1.937500000E1
1.025130118E1,1.937500000E1
1.025392518E1,1.937500000E1
1.025655018E1,1.937500000E1
1.025917418E1,1.937500000E1
1.026179918E1,1.937500000E1
1.026442318E1,1.937500000E1
1.026704818E1,1.937500000E1
1.026967218E1,1.937500000E1
1.027229718E1,1.937500000E1
1.027492118E1,1.937500000E1
1.027754618E1,1.937500000E1
1.028017018E1,1.937500000E1
1.028279518E1,1.937500000E1
1.028541918E1,1.937500000E1
1.028804418E1,1.937500000E1
1.029066818E1,1.937500000E1
1.029329318E1,1.937500000E1
1.029591718E1,1.937500000E1
1.029854218E1,1.937500000E1
1.030116618E1,1.937500000E1
1.030379118E1,1.937500000E1
1.030641618E1,1.937500000E1
1.030904018E1,1.937500000E1
1.031166518E1,1.937500000E1
1.031428918E1,1.937500000E1
1.031691418E1,1.937500000E1
1.031953818E1,1.937500000E1
1.032216318E1,1.937500000E1
1.032478718E1,1.937500000E1
1.032741218E1,1.937500000E1
1.033003618E1,1.937500000E1
1.033266118E1,1.937500000E1
1.033528518E1,1.937500000E1
1.033791018E1,1.937500000E1
1.034053418E1,1.937500000E1
1.034315918E1,1.937500000E1
1.034578318E1,1.937500000E1
1.034840818E1,1.937500000E1
1.035103218E1,1.937500000E1
1.035365718E1,1.937500000E1
1.035628118E1,1.937500000E1
1.035890618E1,1.937500000E1
1.036153018E1,1.937500000E1
1.036415518E1,1.937500000E1
1.036677918E1,1.937500000E1
1.036940418E1,1.937500000E1
1.037202818E1,1.937500000E1
1.037465318E1,1.937500000E1
1.037727718E1,1.937500000E1
1.037990218E1,1.937500000E1
1.038252618E1,1.937500000E1
1.038515118E1,1.937500000E1
1.038777518E1,1.937500000E1
1.039040018E1,1.937500000E1
1.039302418E1,1.937500000E1
1.039564918E1,1.937500000E1
1.039827318E1,1.937500000E1
1.040089818E1,1.937500000E1
1.040352218E1,1.937500000E1
1.040614718E1,1.937500000E1
1.040877118E1,1.937500000E1
1.041139618E1,1.937500000E1
1.041402018E1,1.937500000E1
1.041664518E1,1.937500000E1
1.041927018E1,1.937500000E1
1.042189418E1,1.937500000E1
1.042451918E1,1.937500000E1
1.042714318E1,1.937500000E1
1.042976818E1,1.937500000E1
1.043239218E1,1.937500000E1
1.043501718E1,1.937500000E1
1.043764118E1,1.937500000E1
1.044026618E1,1.937500000E1
1.044289018E1,1.937500000E1
1.044551518E1,1.937500000E1
1.044813918E1,1.937500000E1
1.045076418E1,1.937500000E1
1.045338818E1,1.937500000E1
1.045601318E1,1.937500000E1
1.045863718E1,1.937500000E1
1.046126218E1,1.937500000E1
1.046388618E1,1.937500000E1
1.046651118E1,1.937500000E1
1.046913518E1,1.937500000E1
1.047176018E1,1.937500000E1
1.047438418E1,1.937500000E1
1.047700918E1,1.937500000E1
1.047963318E1,1.937500000E1
1.048225818E1,1.937500000E1
1.048488218E1,1.937500000E1
1.048750718E1,1.937500000E1
1.049013118E1,1.937500000E1
1.049275618E1,1.937500000E1
1.049538018E1,1.937500000E1
1.049800518E1,1.937500000E1
1.050062918E1,1.937500000E1
1.050325418E1,1.937500000E1
1.050587818E1,1.937500000E1
1.050850318E1,1.937500000E1
1.051112718E1,1.937500000E1
1.051375218E1,1.937500000E1
1.051637618E1,1.937500000E1
1.051900118E1,1.937500000E1
1.052162518E1,1.937500000E1
1.052425018E1,1.937500000E1
1.052687418E1,1.937500000E1
1.052949918E1,1.937500000E1
1.053212418E1,1.937500000E1
1.053474818E1,1.937500000E1
1.053737318E1,1.937500000E1
1.053999718E1,1.937500000E1
1.054262218E1,1.937500000E1
1.054524618E1,1.937500000E1
1.054787118E1,1.937500000E1
1.055049518E1,1.937500000E1
1.055312018E1,1.937500000E1
1.055574418E1,1.937500000E1
1.055836918E1,1.937500000E1
1.056099318E1,1.937500000E1
1.056361818E1,1.937500000E1
1.056624218E1,1.937500000E1
1.056886718E1,1.937500000E1
1.057149118E1,1.937500000E1
1.057411618E1,1.937500000E1
1.057674018E1,1.937500000E1
1.057936518E1,1.937500000E1
1.058198918E1,1.937500000E1
1.058461418E1,1.937500000E1
1.058723818E1,1.937500000E1
1.058986318E1,1.937500000E1
1.059248718E1,1.937500000E1
1.059511218E1,1.937500000E1
1.059773618E1,1.937500000E1
1.060036118E1,1.937500000E1
1.060298518E1,1.937500000E1
1.060561018E1,1.937500000E1
1.060823418E1,1.937500000E1
1.061085918E1,1.937500000E1
1.061348318E1,1.937500000E1
1.061610818E1,1.937500000E1
1.061873218E1,1.937500000E1
1.062135718E1,1.937500000E1
1.062398118E1,1.937500000E1
1.062660618E1,1.937500000E1
1.062923018E1,1.937500000E1
1.063185518E1,1.937500000E1
1.063447918E1,1.937500000E1
1.063710418E1,1.937500000E1
1.063972918E1,1.937500000E1
1.064235318E1,1.937500000E1
1.064497818E1,1.937500000E1
1.064760218E1,1.937500000E1
1.065022718E1,1.937500000E1
1.065285118E1,1.937500000E1
1.065547618E1,1.937500000E1
1.065810018E1,1.937500000E1
1.066072518E1,1.937500000E1
1.066334918E1,1.937500000E1
1.066597418E1,1.937500000E1
1.066859818E1,1.937500000E1
1.067122318E1,1.937500000E1
1.067384718E1,1.937500000E1
1.067647218E1,1.937500000E1
1.067909618E1,1.937500000E1
1.068172118E1,1.937500000E1
1.068434518E1,1.937500000E1
1.068697018E1,1.937500000E1
1.068959418E1,1.937500000E1
1.069221918E1,1.937500000E1
1.069484318E1,1.937500000E1
1.069746818E1,1.937500000E1
1.070009218E1,1.937500000E1
1.070271718E1,1.937500000E1
1.070534118E1,1.937500000E1
1.070796618E1,1.937500000E1
1.071059018E1,1.937500000E1
1.071321518E1,1.937500000E1
1.071583918E1,1.937500000E1
1.071846418E1,1.937500000E1
1.072108818E1,1.937500000E1
1.072371318E1,1.937500000E1
1.072633718E1,1.937500000E1
1.072896218E1,1.937500000E1
1.073158618E1,1.937500000E1
1.073421118E1,1.937500000E1
1.073683518E1,1.937500000E1
1.073946018E1,1.937500000E1
1.074208418E1,1.937500000E1
1.074470918E1,1.937500000E1
1.074733318E1,1.937500000E1
1.074995818E1,1.937500000E1
1.075258318E1,1.937500000E1
1.075520718E1,1.937500000E1
1.075783218E1,1.937500000E1
1.076045618E1,1.937500000E1
1.076308118E1,1.937500000E1
1.076570518E1,1.937500000E1
1.076833018E1,1.937500000E1
1.077095418E1,1.937500000E1
1.077357918E1,1.937500000E1
1.077620318E1,1.937500000E1
1.077882818E1,1.937500000E1
1.078145218E1,1.937500000E1
1.078407718E1,1.937500000E1
1.078670118E1,1.937500000E1
1.078932618E1,1.937500000E1
1.079195018E1,1.937500000E1
1.079457518E1,1.937500000E1
1.079719918E1,1.937500000E1
1.079982418E1,1.937500000E1
1.080244818E1,1.937500000E1
1.080507318E1,1.937500000E1
1.080769718E1,1.937500000E1
1.081032218E1,1.937500000E1
1.081294618E1,1.937500000E1
1.081557118E1,1.937500000E1
1.081819518E1,1.937500000E1
1.082082018E1,1.937500000E1
1.082344418E1,1.937500000E1
1.082606918E1,1.937500000E1
1.082869318E1,1.937500000E1
1.083131818E1,1.937500000E1
1.083394218E1,1.937500000E1
1.083656718E1,1.937500000E1
1.083919118E1,1.937500000E1
1.084181618E1,1.937500000E1
1.084444018E1,1.937500000E1
1.084706518E1,1.937500000E1
1.084968918E1,1.937500000E1
1.085231418E1,1.937500000E1
1.085493818E1,1.937500000E1
1.085756318E1,1.937500000E1
1.086018718E1,1.937500000E1
1.086281218E1,1.937500000E1
1.086543718E1,1.937500000E1
1.086806118E1,1.937500000E1
1.087068618E1,1.937500000E1
1.087331018E1,1.937500000E1
1.087593518E1,1.937500000E1
1.087855918E1,1.937500000E1
1.088118418E1,1.937500000E1
1.088380818E1,1.937500000E1
1.088643318E1,1.937500000E1
1.088905718E1,1.937500000E1
1.089168218E1,1.937500000E1
1.089430618E1,1.937500000E1
1.089693118E1,1.937500000E1
1.089955518E1,1.937500000E1
1.090218018E1,1.937500000E1
1.090480418E1,1.937500000E1
1.090742918E1,1.937500000E1
1.091005318E1,1.937500000E1
1.091267818E1,1.937500000E1
1.091530218E1,1.937500000E1
1.091792718E1,1.937500000E1
1.092055118E1,1.937500000E1
1.092317618E1,1.937500000E1
1.092580018E1,1.937500000E1
1.092842518E1,1.937500000E1
1.093104918E1,1.937500000E1
1.093367418E1,1.937500000E1
1.093629818E1,1.937500000E1
1.093892318E1,1.937500000E1
1.094154718E1,1.937500000E1
1.094417218E1,1.937500000E1
1.094679618E1,1.937500000E1
1.094942118E1,1.937500000E1
1.095204518E1,1.937500000E1
1.095467018E1,1.937500000E1
1.095729418E1,1.937500000E1
1.095991918E1,1.937500000E1
1.096254318E1,1.937500000E1
1.096516818E1,1.937500000E1
1.096779218E1,1.937500000E1
1.097041718E1,1.937500000E1
1.097304118E1,1.937500000E1
1.097566618E1,1.937500000E1
1.097829118E1,1.937500000E1
1.098091518E1,1.937500000E1
1.098354018E1,1.937500000E1
1.098616418E1,1.937500000E1
1.098878918E1,1.937500000E1
1.099141318E1,1.937500000E1
1.099403818E1,1.937500000E1
1.099666218E1,1.937500000E1
1.099928718E1,1.937500000E1
1.100191118E1,1.937500000E1
1.100453618E1,1.937500000E1
1.100716018E1,1.937500000E1
1.100978518E1,1.937500000E1
1.101240918E1,1.937500000E1
1.101503418E1,1.937500000E1
1.101765818E1,1.937500000E1
1.102028318E1,1.937500000E1
1.102290718E1,1.937500000E1
1.102553218E1,1.937500000E1
1.102815618E1,1.937500000E1
1.103078118E1,1.937500000E1
1.103340518E1,1.937500000E1
1.103603018E1,1.937500000E1
1.103865418E1,1.937500000E1
1.104127918E1,1.937500000E1
1.104390318E1,1.937500000E1
1.104652818E1,1.937500000E1
1.104915218E1,1.937500000E1
1.105177718E1,1.937500000E1
1.105440118E1,1.937500000E1
1.105702618E1,1.937500000E1
1.105965018E1,1.937500000E1
1.106227518E1,1.937500000E1
1.106489918E1,1.937500000E1
1.106752418E1,1.937500000E1
1.107014818E1,1.937500000E1
1.107277318E1,1.937500000E1
1.107539718E1,1.937500000E1
1.107802218E1,1.937500000E1
1.108064618E1,1.937500000E1
1.108327118E1,1.937500000E1
1.108589518E1,1.937500000E1
1.108852018E1,1.937500000E1
1.109114518E1,1.937500000E1
1.109376918E1,1.937500000E1
1.109639418E1,1.937500000E1
1.109901818E1,2.062500000E1
1.110164318E1,2.062500000E1
1.110426718E1,2.062500000E1
1.110689218E1,2.062500000E1
1.110951618E1,2.062500000E1
1.111214118E1,2.062500000E1
1.111476518E1,2.062500000E1
1.111739018E1,2.062500000E1
1.112001418E1,2.062500000E1
1.112263918E1,2.062500000E1
1.112526318E1,1.937500000E1
1.112788818E1,1.937500000E1
1.113051218E1,1.937500000E1
1.113313718E1,1.937500000E1
1.113576118E1,1.937500000E1
1.113838618E1,1.937500000E1
1.114101018E1,1.937500000E1
1.114363518E1,1.937500000E1
1.114625918E1,1.937500000E1
1.114888418E1,1.937500000E1
1.115150818E1,1.937500000E1
1.115413318E1,1.937500000E1
1.115675718E1,1.937500000E1
1.115938218E1,1.937500000E1
1.116200618E1,1.937500000E1
1.116463118E1,1.937500000E1
1.116725518E1,1.937500000E1
1.116988018E1,1.937500000E1
1.117250418E1,1.937500000E1
1.117512918E1,1.937500000E1
1.117775318E1,1.937500000E1
1.118037818E1,1.937500000E1
1.118300218E1,1.937500000E1
1.118562718E1,1.937500000E1
1.118825118E1,1.937500000E1
1.119087618E1,1.937500000E1
1.119350018E1,1.937500000E1
1.119612518E1,1.937500000E1
1.119874918E1,1.937500000E1
1.120137418E1,1.937500000E1
1.120399918E1,1.937500000E1
1.120662318E1,1.937500000E1
1.120924818E1,1.937500000E1
1.121187218E1,1.937500000E1
1.121449718E1,1.937500000E1
1.121712118E1,1.937500000E1
1.121974618E1,1.937500000E1
1.122237018E1,1.937500000E1
1.122499518E1,1.937500000E1
1.122761918E1,1.937500000E1
1.123024418E1,1.937500000E1
1.123286818E1,1.937500000E1
1.123549318E1,1.937500000E1
1.123811718E1,1.937500000E1
1.124074218E1,1.937500000E1
1.124336618E1,1.937500000E1
1.124599118E1,1.937500000E1
1.124861518E1,1.937500000E1
1.125124018E1,1.937500000E1
1.125386418E1,1.937500000E1
1.125648918E1,1.937500000E1
1.125911318E1,1.937500000E1
1.126173818E1,1.937500000E1
1.126436218E1,1.937500000E1
1.126698718E1,1.937500000E1
1.126961118E1,1.937500000E1
1.127223618E1,1.937500000E1
1.127486018E1,1.937500000E1
1.127748518E1,1.937500000E1
1.128010918E1,1.937500000E1
1.128273418E1,1.937500000E1
1.128535818E1,1.937500000E1
1.128798318E1,1.937500000E1
1.129060718E1,1.937500000E1
1.129323218E1,1.937500000E1
1.129585618E1,1.937500000E1
1.129848118E1,1.937500000E1
1.130110518E1,1.937500000E1
1.130373018E1,1.937500000E1
1.130635418E1,1.937500000E1
1.130897918E1,1.937500000E1
1.131160418E1,1.937500000E1
1.131422818E1,1.937500000E1
1.131685318E1,1.937500000E1
1.131947718E1,1.937500000E1
1.132210218E1,1.937500000E1
1.132472618E1,1.937500000E1
1.132735118E1,1.937500000E1
1.132997518E1,1.937500000E1
1.133260018E1,1.937500000E1
1.133522418E1,1.937500000E1
1.133784918E1,1.937500000E1
1.134047318E1,1.937500000E1
1.134309818E1,1.937500000E1
1.134572218E1,1.937500000E1
1.134834718E1,1.937500000E1
1.135097118E1,1.937500000E1
1.135359618E1,1.937500000E1
1.135622018E1,1.937500000E1
1.135884518E1,1.937500000E1
1.136146918E1,1.937500000E1
1.136409418E1,1.937500000E1
1.136671818E1,1.937500000E1
1.136934318E1,1.937500000E1
1.137196718E1,1.937500000E1
1.137459218E1,1.937500000E1
1.137721618E1,1.937500000E1
1.137984118E1,1.937500000E1
1.138246518E1,1.937500000E1
1.138509018E1,1.937500000E1
1.138771418E1,1.937500000E1
1.139033918E1,1.937500000E1
1.139296318E1,1.937500000E1
1.139558818E1,1.937500000E1
1.139821218E1,1.937500000E1
1.140083718E1,1.937500000E1
1.140346118E1,1.937500000E1
1.140608618E1,1.937500000E1
1.140871018E1,1.937500000E1
1.141133518E1,1.937500000E1
1.141395918E1,1.937500000E1
1.141658418E1,1.937500000E1
1.141920818E1,1.937500000E1
1.142183318E1,1.937500000E1
1.142445818E1,1.937500000E1
1.142708218E1,1.937500000E1
1.142970718E1,1.937500000E1
1.143233118E1,1.937500000E1
1.143495618E1,1.937500000E1
1.143758018E1,1.937500000E1
1.144020518E1,1.937500000E1
1.144282918E1,1.937500000E1
1.144545418E1,1.937500000E1
1.144807818E1,1.937500000E1
1.145070318E1,1.937500000E1
1.145332718E1,1.937500000E1
1.145595218E1,1.937500000E1
1.145857618E1,1.937500000E1
1.146120118E1,1.937500000E1
1.146382518E1,1.937500000E1
1.146645018E1,1.937500000E1
1.146907418E1,1.937500000E1
1.147169918E1,1.937500000E1
1.147432318E1,1.937500000E1
1.147694818E1,1.937500000E1
1.147957218E1,1.937500000E1
1.148219718E1,1.937500000E1
1.148482118E1,1.937500000E1
1.148744618E1,1.937500000E1
1.149007018E1,1.937500000E1
1.149269518E1,1.937500000E1
1.149531918E1,1.937500000E1
1.149794418E1,1.937500000E1
1.150056818E1,1.937500000E1
1.150319318E1,1.937500000E1
1.150581718E1,1.937500000E1
1.150844218E1,1.937500000E1
1.151106618E1,1.937500000E1
1.151369118E1,1.937500000E1
1.151631518E1,1.937500000E1
1.151894018E1,1.937500000E1
1.152156418E1,1.937500000E1
1.152418918E1,1.937500000E1
1.152681318E1,1.937500000E1
1.152943818E1,1.937500000E1
1.153206218E1,1.937500000E1
1.153468718E1,1.937500000E1
1.153731218E1,1.937500000E1
1.153993618E1,1.937500000E1
1.154256118E1,1.937500000E1
1.154518518E1,1.937500000E1
1.154781018E1,1.937500000E1
1.155043418E1,1.937500000E1
1.155305918E1,1.937500000E1
1.155568318E1,1.937500000E1
1.155830818E1,1.937500000E1
1.156093218E1,1.937500000E1
1.156355718E1,1.937500000E1
1.156618118E1,1.937500000E1
1.156880618E1,1.937500000E1
1.157143018E1,1.937500000E1
1.157405518E1,1.937500000E1
1.157667918E1,1.937500000E1
1.157930418E1,1.937500000E1
1.158192818E1,1.937500000E1
1.158455318E1,1.937500000E1
1.158717718E1,1.937500000E1
1.158980218E1,1.937500000E1
1.159242618E1,1.937500000E1
1.159505118E1,1.937500000E1
1.159767518E1,1.937500000E1
1.160030018E1,1.937500000E1
1.160292418E1,1.937500000E1
1.160554918E1,1.937500000E1
1.160817318E1,1.937500000E1
1.161079818E1,1.937500000E1
1.161342218E1,1.937500000E1
1.161604718E1,1.937500000E1
1.161867118E1,1.937500000E1
1.162129618E1,1.937500000E1
1.162392018E1,1.937500000E1
1.162654518E1,1.937500000E1
1.162916918E1,1.937500000E1
1.163179418E1,1.937500000E1
1.163441818E1,1.937500000E1
1.163704318E1,1.937500000E1
1.163966718E1,1.937500000E1
1.164229218E1,1.937500000E1
1.164491618E1,1.937500000E1
1.164754118E1,1.937500000E1
1.165016618E1,1.937500000E1
1.165279018E1,1.937500000E1
1.165541518E1,1.937500000E1
1.165803918E1,1.937500000E1
1.166066418E1,1.937500000E1
1.166328818E1,1.937500000E1
1.166591318E1,1.937500000E1
1.166853718E1,1.937500000E1
1.167116218E1,1.937500000E1
1.167378618E1,1.937500000E1
1.167641118E1,1.937500000E1
1.167903518E1,1.937500000E1
1.168166018E1,1.937500000E1
1.168428418E1,1.937500000E1
1.168690918E1,1.937500000E1
1.168953318E1,1.937500000E1
1.169215818E1,1.937500000E1
1.169478218E1,1.937500000E1
1.169740718E1,1.937500000E1
1.170003118E1,1.937500000E1
1.170265618E1,1.937500000E1
1.170528018E1,1.937500000E1
1.170790518E1,1.937500000E1
1.171052918E1,1.937500000E1
1.171315418E1,1.937500000E1
1.171577818E1,1.937500000E1
1.171840318E1,1.937500000E1
1.172102718E1,1.937500000E1
1.172365218E1,1.937500000E1
1.172627618E1,1.937500000E1
1.172890118E1,1.937500000E1
1.173152518E1,1.937500000E1
1.173415018E1,1.937500000E1
1.173677418E1,1.937500000E1
1.173939918E1,1.937500000E1
1.174202318E1,1.937500000E1
1.174464818E1,1.937500000E1
1.174727218E1,1.937500000E1
1.174989718E1,1.937500000E1
1.175252118E1,1.937500000E1
1.175514618E1,1.937500000E1
1.175777018E1,1.937500000E1
1.176039518E1,1.937500000E1
1.176302018E1,1.937500000E1
1.176564418E1,1.937500000E1
1.176826918E1,1.937500000E1
1.177089318E1,1.937500000E1
1.177351818E1,1.937500000E1
1.177614218E1,1.937500000E1
1.177876718E1,1.937500000E1
1.178139118E1,1.937500000E1
1.178401618E1,1.937500000E1
1.178664018E1,1.937500000E1
1.178926518E1,1.937500000E1
1.179188918E1,1.937500000E1
1.179451418E1,1.937500000E1
1.179713818E1,1.937500000E1
1.179976318E1,1.937500000E1
1.180238718E1,1.937500000E1
1.180501218E1,1.937500000E1
1.180763618E1,1.937500000E1
1.181026118E1,1.937500000E1
1.181288518E1,1.937500000E1
1.181551018E1,1.937500000E1
1.181813418E1,1.937500000E1
1.182075918E1,1.937500000E1
1.182338318E1,1.937500000E1
1.182600818E1,1.937500000E1
1.182863218E1,1.937500000E1
1.183125718E1,1.937500000E1
1.183388118E1,1.937500000E1
1.183650618E1,1.937500000E1
1.183913018E1,1.937500000E1
1.184175518E1,1.937500000E1
1.184437918E1,1.937500000E1
1.184700418E1,1.937500000E1
1.184962818E1,1.937500000E1
1.185225318E1,1.937500000E1
1.185487718E1,1.937500000E1
1.185750218E1,1.937500000E1
1.186012618E1,1.937500000E1
1.186275118E1,1.937500000E1
1.186537518E1,1.937500000E1
1.186800018E1,1.937500000E1
1.187062418E1,1.937500000E1
1.187324918E1,1.937500000E1
1.187587418E1,1.937500000E1
1.187849818E1,1.937500000E1
1.188112318E1,1.937500000E1
1.188374718E1,1.937500000E1
1.188637218E1,1.937500000E1
1.188899618E1,1.937500000E1
1.189162118E1,1.937500000E1
1.189424518E1,1.937500000E1
1.189687018E1,1.937500000E1
1.189949418E1,1.937500000E1
1.190211918E1,1.937500000E1
1.190474318E1,1.937500000E1
1.190736818E1,1.937500000E1
1.190999218E1,1.937500000E1
1.191261718E1,1.937500000E1
1.191524118E1,1.937500000E1
1.191786618E1,1.937500000E1
1.192049018E1,1.937500000E1
1.192311518E1,1.937500000E1
1.192573918E1,1.937500000E1
1.192836418E1,1.937500000E1
1.193098818E1,1.937500000E1
1.193361318E1,1.937500000E1
1.193623718E1,1.937500000E1
1.193886218E1,1.937500000E1
1.194148618E1,1.937500000E1
1.194411118E1,1.937500000E1
1.194673518E1,1.937500000E1
1.194936018E1,1.937500000E1
1.195198418E1,1.937500000E1
1.195460918E1,1.937500000E1
1.195723318E1,1.937500000E1
1.195985818E1,1.937500000E1
1.196248218E1,1.937500000E1
1.196510718E1,1.937500000E1
1.196773118E1,1.937500000E1
1.197035618E1,1.937500000E1
1.197298018E1,1.937500000E1
1.197560518E1,1.937500000E1
1.197822918E1,1.937500000E1
1.198085418E1,1.937500000E1
1.198347918E1,1.937500000E1
1.198610318E1,1.937500000E1
1.198872818E1,1.937500000E1
1.199135218E1,1.937500000E1
1.199397718E1,1.937500000E1
1.199660118E1,1.937500000E1
1.199922618E1,1.937500000E1
1.200185018E1,1.937500000E1
1.200447518E1,1.937500000E1
1.200709918E1,1.937500000E1
1.200972418E1,1.937500000E1
1.201234818E1,1.937500000E1
1.201497318E1,1.937500000E1
1.201759718E1,1.937500000E1
1.202022218E1,1.937500000E1
1.202284618E1,1.937500000E1
1.202547118E1,1.937500000E1
1.202809518E1,1.937500000E1
1.203072018E1,1.937500000E1
1.203334418E1,1.937500000E1
1.203596918E1,1.937500000E1
1.203859318E1,1.937500000E1
1.204121818E1,1.937500000E1
1.204384218E1,1.937500000E1
1.204646718E1,1.937500000E1
1.204909118E1,1.937500000E1
1.205171618E1,1.937500000E1
1.205434018E1,1.937500000E1
1.205696518E1,1.937500000E1
1.205958918E1,1.937500000E1
1.206221418E1,1.937500000E1
1.206483818E1,1.937500000E1
1.206746318E1,1.937500000E1
1.207008718E1,1.937500000E1
1.207271218E1,1.937500000E1
1.207533618E1,1.937500000E1
1.207796118E1,1.937500000E1
1.208058518E1,1.937500000E1
1.208321018E1,1.937500000E1
1.208583418E1,1.937500000E1
1.208845918E1,1.937500000E1
1.209108318E1,1.937500000E1
1.209370818E1,1.937500000E1
1.209633318E1,1.937500000E1
1.209895718E1,1.937500000E1
1.210158218E1,1.937500000E1
1.210420618E1,1.937500000E1
1.210683118E1,1.937500000E1
1.210945518E1,1.937500000E1
1.211208018E1,1.937500000E1
1.211470418E1,1.937500000E1
1.211732918E1,1.937500000E1
1.211995318E1,1.937500000E1
1.212257818E1,1.937500000E1
1.212520218E1,1.937500000E1
1.212782718E1,1.937500000E1
1.213045118E1,1.937500000E1
1.213307618E1,1.937500000E1
1.213570018E1,1.937500000E1
1.213832518E1,1.937500000E1
1.214094918E1,1.937500000E1
1.214357418E1,1.937500000E1
1.214619818E1,1.937500000E1
1.214882318E1,1.937500000E1
1.215144718E1,1.937500000E1
1.215407218E1,1.937500000E1
1.215669618E1,1.937500000E1
1.215932118E1,1.937500000E1
1.216194518E1,1.937500000E1
1.216457018E1,1.937500000E1
1.216719418E1,1.937500000E1
1.216981918E1,1.937500000E1
1.217244318E1,1.937500000E1
1.217506818E1,1.937500000E1
1.217769218E1,1.937500000E1
1.218031718E1,1.937500000E1
1.218294118E1,1.937500000E1
1.218556618E1,1.937500000E1
1.218819018E1,1.937500000E1
1.219081518E1,1.937500000E1
1.219343918E1,1.937500000E1
1.219606418E1,1.937500000E1
1.219868818E1,1.937500000E1
1.220131318E1,1.937500000E1
1.220393718E1,1.937500000E1
1.220656218E1,1.937500000E1
1.220918718E1,1.937500000E1
1.221181118E1,1.937500000E1
1.221443618E1,1.937500000E1
1.221706018E1,1.937500000E1
1.221968518E1,1.937500000E1
1.222230918E1,1.937500000E1
1.222493418E1,1.937500000E1
1.222755818E1,1.937500000E1
1.223018318E1,1.937500000E1
1.223280718E1,1.937500000E1
1.223543218E1,1.937500000E1
1.223805618E1,1.937500000E1
1.224068118E1,1.937500000E1
1.224330518E1,1.937500000E1
1.224593018E1,1.937500000E1
1.224855418E1,1.937500000E1
1.225117918E1,1.937500000E1
1.225380318E1,1.937500000E1
1.225642818E1,1.937500000E1
1.225905218E1,1.937500000E1
1.226167718E1,1.937500000E1
1.226430118E1,1.937500000E1
1.226692618E1,1.937500000E1
1.226955018E1,1.937500000E1
1.227217518E1,1.937500000E1
1.227479918E1,1.937500000E1
1.227742418E1,1.937500000E1
1.228004818E1,1.937500000E1
1.228267318E1,1.937500000E1
1.228529718E1,1.937500000E1
1.228792218E1,1.937500000E1
1.229054618E1,1.937500000E1
1.229317118E1,1.937500000E1
1.229579518E1,1.937500000E1
1.229842018E1,1.937500000E1
1.230104418E1,1.937500000E1
1.230366918E1,1.937500000E1
1.230629318E1,1.937500000E1
1.230891818E1,1.937500000E1
1.231154218E1,1.937500000E1
1.231416718E1,1.937500000E1
1.231679118E1,1.937500000E1
1.231941618E1,1.937500000E1
1.232204118E1,1.937500000E1
1.232466518E1,1.937500000E1
1.232729018E1,1.937500000E1
1.232991418E1,1.937500000E1
