"Time (s)","Illuminance (lx)"
0.000000000E0,7.087500000E1
3.904045000E-3,7.087500000E1
1.403604500E-2,7.087500000E1
2.416804500E-2,7.087500000E1
3.430004500E-2,7.087500000E1
3.695504500E-2,7.087500000E1
3.957904500E-2,7.087500000E1
4.220404500E-2,7.087500000E1
4.482804500E-2,7.087500000E1
4.745304500E-2,7.087500000E1
5.007704500E-2,7.087500000E1
5.270204500E-2,7.087500000E1
5.532604500E-2,7.087500000E1
5.795104500E-2,7.087500000E1
6.057504500E-2,7.087500000E1
6.320004500E-2,7.087500000E1
6.582404500E-2,7.087500000E1
6.844904500E-2,7.087500000E1
7.107304500E-2,7.087500000E1
7.369804500E-2,7.087500000E1
7.632204500E-2,7.087500000E1
7.894704500E-2,7.087500000E1
8.157104500E-2,7.087500000E1
8.419604500E-2,7.087500000E1
8.682004500E-2,7.087500000E1
8.944504500E-2,7.087500000E1
9.206904500E-2,7.087500000E1
9.469404500E-2,7.087500000E1
9.731804500E-2,7.087500000E1
9.994304500E-2,7.087500000E1
1.025670450E-1,7.087500000E1
1.051920450E-1,7.087500000E1
1.078160450E-1,7.087500000E1
1.104410450E-1,7.087500000E1
1.130650450E-1,7.087500000E1
1.156900450E-1,7.087500000E1
1.183140450E-1,7.087500000E1
1.209390450E-1,7.087500000E1
1.235630450E-1,7.087500000E1
1.261880450E-1,7.087500000E1
1.288130450E-1,7.087500000E1
1.314370450E-1,7.087500000E1
1.340620450E-1,7.087500000E1
1.366860450E-1,7.087500000E1
1.393110450E-1,7.087500000E1
1.419350450E-1,7.087500000E1
1.445600450E-1,7.087500000E1
1.471840450E-1,7.087500000E1
1.498090450E-1,7.087500000E1
1.524330450E-1,7.087500000E1
1.550580450E-1,7.087500000E1
1.576820450E-1,7.087500000E1
1.603070450E-1,7.087500000E1
1.629310450E-1,7.087500000E1
1.655560450E-1,7.087500000E1
1.681800450E-1,7.087500000E1
1.708050450E-1,7.087500000E1
1.734290450E-1,7.087500000E1
1.760540450E-1,7.087500000E1
1.786780450E-1,7.087500000E1
1.813030450E-1,7.087500000E1
1.839270450E-1,7.087500000E1
1.865520450E-1,7.087500000E1
1.891760450E-1,7.087500000E1
1.918010450E-1,7.087500000E1
1.944250450E-1,7.087500000E1
1.970500450E-1,7.087500000E1
1.996740450E-1,7.087500000E1
2.022990450E-1,7.087500000E1
2.049230450E-1,7.087500000E1
2.075480450E-1,7.087500000E1
2.101720450E-1,7.087500000E1
2.127970450E-1,7.087500000E1
2.154210450E-1,7.087500000E1
2.180460450E-1,7.087500000E1
2.206700450E-1,7.087500000E1
2.232950450E-1,7.087500000E1
2.259190450E-1,7.087500000E1
2.285440450E-1,7.087500000E1
2.311680450E-1,7.087500000E1
2.337930450E-1,7.087500000E1
2.364170450E-1,7.087500000E1
2.390420450E-1,7.087500000E1
2.416670450E-1,7.087500000E1
2.442910450E-1,7.087500000E1
2.469160450E-1,7.087500000E1
2.495400450E-1,7.087500000E1
2.521650450E-1,7.087500000E1
2.547890450E-1,7.087500000E1
2.574140450E-1,7.087500000E1
2.600380450E-1,7.087500000E1
2.626630450E-1,7.087500000E1
2.652870450E-1,7.087500000E1
2.679120450E-1,7.087500000E1
2.705360450E-1,7.087500000E1
2.731610450E-1,7.087500000E1
2.757850450E-1,7.087500000E1
2.784100450E-1,7.087500000E1
2.810340450E-1,7.087500000E1
2.836590450E-1,7.087500000E1
2.862830450E-1,7.087500000E1
2.889080450E-1,7.087500000E1
2.915320450E-1,7.087500000E1
2.941570450E-1,7.087500000E1
2.967810450E-1,7.087500000E1
2.994060450E-1,7.087500000E1
3.020300450E-1,7.087500000E1
3.046550450E-1,7.087500000E1
3.072790450E-1,7.087500000E1
3.099040450E-1,7.087500000E1
3.125280450E-1,7.087500000E1
3.151530450E-1,7.087500000E1
3.177770450E-1,7.087500000E1
3.204020450E-1,7.087500000E1
3.230260450E-1,7.087500000E1
3.256510450E-1,7.087500000E1
3.282750450E-1,7.087500000E1
3.309000450E-1,7.087500000E1
3.335240450E-1,7.087500000E1
3.361490450E-1,7.087500000E1
3.387730450E-1,7.087500000E1
3.413980450E-1,7.087500000E1
3.440220450E-1,7.087500000E1
3.466470450E-1,7.087500000E1
3.492710450E-1,7.087500000E1
3.518960450E-1,7.087500000E1
3.545210450E-1,7.087500000E1
3.571450450E-1,7.087500000E1
3.597700450E-1,7.087500000E1
3.623940450E-1,7.087500000E1
3.650190450E-1,7.087500000E1
3.676430450E-1,7.087500000E1
3.702680450E-1,7.087500000E1
3.728920450E-1,7.087500000E1
3.755170450E-1,7.087500000E1
3.781410450E-1,7.087500000E1
3.807660450E-1,7.087500000E1
3.833900450E-1,7.087500000E1
3.860150450E-1,7.087500000E1
3.886390450E-1,7.087500000E1
3.912640450E-1,7.087500000E1
3.938880450E-1,7.087500000E1
3.965130450E-1,7.087500000E1
3.991370450E-1,7.087500000E1
4.017620450E-1,7.087500000E1
4.043860450E-1,7.087500000E1
4.070110450E-1,7.087500000E1
4.096350450E-1,7.087500000E1
4.122600450E-1,7.087500000E1
4.148840450E-1,7.087500000E1
4.175090450E-1,7.087500000E1
4.201330450E-1,7.087500000E1
4.227580450E-1,7.087500000E1
4.253820450E-1,7.087500000E1
4.280070450E-1,7.087500000E1
4.306310450E-1,7.087500000E1
4.332560450E-1,7.087500000E1
4.358800450E-1,7.087500000E1
4.385050450E-1,7.087500000E1
4.411290450E-1,7.087500000E1
4.437540450E-1,7.087500000E1
4.463780450E-1,7.087500000E1
4.490030450E-1,7.087500000E1
4.516270450E-1,7.087500000E1
4.542520450E-1,7.087500000E1
4.568760450E-1,7.087500000E1
4.595010450E-1,7.087500000E1
4.621250450E-1,7.087500000E1
4.647500450E-1,7.087500000E1
4.673750450E-1,7.087500000E1
4.699990450E-1,7.087500000E1
4.726240450E-1,7.087500000E1
4.752480450E-1,7.087500000E1
4.778730450E-1,7.087500000E1
4.804970450E-1,7.087500000E1
4.831220450E-1,7.087500000E1
4.857460450E-1,7.087500000E1
4.883710450E-1,7.087500000E1
4.909950450E-1,7.087500000E1
4.936200450E-1,7.087500000E1
4.962440450E-1,7.087500000E1
4.988690450E-1,7.087500000E1
5.014930450E-1,7.087500000E1
5.041180450E-1,7.087500000E1
5.067420450E-1,7.087500000E1
5.093670450E-1,7.087500000E1
5.119910450E-1,7.087500000E1
5.146160450E-1,7.087500000E1
5.172400450E-1,7.087500000E1
5.198650450E-1,7.087500000E1
5.224890450E-1,7.087500000E1
5.251140450E-1,7.087500000E1
5.277380450E-1,7.087500000E1
5.303630450E-1,7.087500000E1
5.329870450E-1,7.087500000E1
5.356120450E-1,7.087500000E1
5.382360450E-1,7.087500000E1
5.408610450E-1,7.087500000E1
5.434850450E-1,7.087500000E1
5.461100450E-1,7.087500000E1
5.487340450E-1,7.087500000E1
5.513590450E-1,7.087500000E1
5.539830450E-1,7.087500000E1
5.566080450E-1,7.087500000E1
5.592320450E-1,7.087500000E1
5.618570450E-1,7.087500000E1
5.644810450E-1,7.087500000E1
5.671060450E-1,7.087500000E1
5.697300450E-1,7.087500000E1
5.723550450E-1,7.087500000E1
5.749800450E-1,7.087500000E1
5.776040450E-1,7.087500000E1
5.802290450E-1,7.087500000E1
5.828530450E-1,7.087500000E1
5.854780450E-1,7.087500000E1
5.881020450E-1,7.087500000E1
5.907270450E-1,7.087500000E1
5.933510450E-1,7.087500000E1
5.959760450E-1,7.087500000E1
5.986000450E-1,7.087500000E1
6.012250450E-1,7.087500000E1
6.038490450E-1,7.087500000E1
6.064740450E-1,7.087500000E1
6.090980450E-1,7.087500000E1
6.117230450E-1,7.087500000E1
6.143470450E-1,7.087500000E1
6.169720450E-1,7.087500000E1
6.195960450E-1,7.087500000E1
6.222210450E-1,7.087500000E1
6.248450450E-1,7.087500000E1
6.274700450E-1,7.087500000E1
6.300940450E-1,7.087500000E1
6.327190450E-1,7.087500000E1
6.353430450E-1,7.087500000E1
6.379680450E-1,7.087500000E1
6.405920450E-1,7.087500000E1
6.432170450E-1,7.087500000E1
6.458410450E-1,7.087500000E1
6.484660450E-1,7.087500000E1
6.510900450E-1,7.087500000E1
6.537150450E-1,7.087500000E1
6.563390450E-1,7.087500000E1
6.589640450E-1,7.087500000E1
6.615880450E-1,7.087500000E1
6.642130450E-1,7.087500000E1
6.668370450E-1,7.087500000E1
6.694620450E-1,7.087500000E1
6.720860450E-1,7.087500000E1
6.747110450E-1,7.087500000E1
6.773350450E-1,7.087500000E1
6.799600450E-1,7.087500000E1
6.825840450E-1,7.087500000E1
6.852090450E-1,7.087500000E1
6.878340450E-1,7.087500000E1
6.904580450E-1,7.087500000E1
6.930830450E-1,7.087500000E1
6.957070450E-1,7.087500000E1
6.983320450E-1,7.087500000E1
7.009560450E-1,7.087500000E1
7.035810450E-1,7.087500000E1
7.062050450E-1,7.087500000E1
7.088300450E-1,7.087500000E1
7.114540450E-1,7.087500000E1
7.140790450E-1,7.087500000E1
7.167030450E-1,7.087500000E1
7.193280450E-1,7.087500000E1
7.219520450E-1,7.087500000E1
7.245770450E-1,7.087500000E1
7.272010450E-1,7.087500000E1
7.298260450E-1,7.087500000E1
7.324500450E-1,7.087500000E1
7.350750450E-1,7.087500000E1
7.376990450E-1,7.087500000E1
7.403240450E-1,7.087500000E1
7.429480450E-1,7.087500000E1
7.455730450E-1,7.087500000E1
7.481970450E-1,7.087500000E1
7.508220450E-1,7.087500000E1
7.534460450E-1,7.087500000E1
7.560710450E-1,7.087500000E1
7.586950450E-1,7.087500000E1
7.613200450E-1,7.087500000E1
7.639440450E-1,7.087500000E1
7.665690450E-1,7.087500000E1
7.691930450E-1,7.087500000E1
7.718180450E-1,7.087500000E1
7.744420450E-1,7.087500000E1
7.770670450E-1,7.087500000E1
7.796910450E-1,7.087500000E1
7.823160450E-1,7.087500000E1
7.849400450E-1,7.087500000E1
7.875650450E-1,7.087500000E1
7.901890450E-1,7.087500000E1
7.928140450E-1,7.087500000E1
7.954380450E-1,7.087500000E1
7.980630450E-1,7.087500000E1
8.006880450E-1,7.087500000E1
8.033120450E-1,7.087500000E1
8.059370450E-1,7.087500000E1
8.085610450E-1,7.087500000E1
8.111860450E-1,7.087500000E1
8.138100450E-1,7.087500000E1
8.164350450E-1,7.087500000E1
8.190590450E-1,7.087500000E1
8.216840450E-1,7.087500000E1
8.243080450E-1,7.087500000E1
8.269330450E-1,7.087500000E1
8.295570450E-1,7.087500000E1
8.321820450E-1,7.087500000E1
8.348060450E-1,7.087500000E1
8.374310450E-1,7.087500000E1
8.400550450E-1,7.087500000E1
8.426800450E-1,7.087500000E1
8.453040450E-1,7.087500000E1
8.479290450E-1,7.087500000E1
8.505530450E-1,7.087500000E1
8.531780450E-1,7.087500000E1
8.558020450E-1,7.087500000E1
8.584270450E-1,7.087500000E1
8.610510450E-1,7.087500000E1
8.636760450E-1,7.087500000E1
8.663000450E-1,7.087500000E1
8.689250450E-1,7.087500000E1
8.715490450E-1,7.087500000E1
8.741740450E-1,7.087500000E1
8.767980450E-1,7.087500000E1
8.794230450E-1,7.087500000E1
8.820470450E-1,7.087500000E1
8.846720450E-1,7.087500000E1
8.872960450E-1,7.087500000E1
8.899210450E-1,7.087500000E1
8.925450450E-1,7.087500000E1
8.951700450E-1,7.087500000E1
8.977940450E-1,7.087500000E1
9.004190450E-1,7.087500000E1
9.030430450E-1,7.087500000E1
9.056680450E-1,7.087500000E1
9.082920450E-1,7.087500000E1
9.109170450E-1,7.087500000E1
9.135420450E-1,7.087500000E1
9.161660450E-1,7.087500000E1
9.187910450E-1,7.087500000E1
9.214150450E-1,7.087500000E1
9.240400450E-1,7.087500000E1
9.266640450E-1,7.087500000E1
9.292890450E-1,7.087500000E1
9.319130450E-1,7.087500000E1
9.345380450E-1,7.087500000E1
9.371620450E-1,7.087500000E1
9.397870450E-1,7.087500000E1
9.424110450E-1,7.087500000E1
9.450360450E-1,7.087500000E1
9.476600450E-1,7.087500000E1
9.502850450E-1,7.087500000E1
9.529090450E-1,7.087500000E1
9.555340450E-1,7.087500000E1
9.581580450E-1,7.087500000E1
9.607830450E-1,7.087500000E1
9.634070450E-1,7.087500000E1
9.660320450E-1,7.087500000E1
9.686560450E-1,7.087500000E1
9.712810450E-1,7.087500000E1
9.739050450E-1,7.087500000E1
9.765300450E-1,7.087500000E1
9.791540450E-1,7.087500000E1
9.817790450E-1,7.087500000E1
9.844030450E-1,7.087500000E1
9.870280450E-1,7.087500000E1
9.896520450E-1,7.087500000E1
9.922770450E-1,7.087500000E1
9.949010450E-1,7.087500000E1
9.975260450E-1,7.087500000E1
1.000150045E0,7.087500000E1
1.002775045E0,7.087500000E1
1.005399045E0,7.087500000E1
1.008024045E0,7.087500000E1
1.010648045E0,7.087500000E1
1.013273045E0,7.087500000E1
1.015897045E0,7.087500000E1
1.018522045E0,7.087500000E1
1.021146045E0,7.087500000E1
1.023771045E0,7.087500000E1
1.026396045E0,7.087500000E1
1.029020045E0,7.087500000E1
1.031645045E0,7.087500000E1
1.034269045E0,7.087500000E1
1.036894045E0,7.087500000E1
1.039518045E0,7.087500000E1
1.042143045E0,7.087500000E1
1.044767045E0,7.087500000E1
1.047392045E0,7.087500000E1
1.050016045E0,7.087500000E1
1.052641045E0,7.087500000E1
1.055265045E0,7.087500000E1
1.057890045E0,7.087500000E1
1.060514045E0,7.087500000E1
1.063139045E0,7.087500000E1
1.065763045E0,7.087500000E1
1.068388045E0,7.087500000E1
1.071012045E0,7.087500000E1
1.073637045E0,7.087500000E1
1.076261045E0,7.087500000E1
1.078886045E0,7.087500000E1
1.081510045E0,7.087500000E1
1.084135045E0,7.087500000E1
1.086759045E0,7.087500000E1
1.089384045E0,7.087500000E1
1.092008045E0,7.087500000E1
1.094633045E0,7.087500000E1
1.097257045E0,7.087500000E1
1.099882045E0,7.087500000E1
1.102506045E0,7.087500000E1
1.105131045E0,7.087500000E1
1.107755045E0,7.087500000E1
1.110380045E0,7.087500000E1
1.113004045E0,7.087500000E1
1.115629045E0,7.087500000E1
1.118253045E0,7.087500000E1
1.120878045E0,7.087500000E1
1.123502045E0,7.087500000E1
1.126127045E0,7.087500000E1
1.128751045E0,7.087500000E1
1.131376045E0,7.087500000E1
1.134000045E0,7.087500000E1
1.136625045E0,7.087500000E1
1.139250045E0,7.087500000E1
1.141874045E0,7.087500000E1
1.144499045E0,7.087500000E1
1.147123045E0,7.087500000E1
1.149748045E0,7.087500000E1
1.152372045E0,7.087500000E1
1.154997045E0,7.087500000E1
1.157621045E0,7.087500000E1
1.160246045E0,7.087500000E1
1.162870045E0,7.087500000E1
1.165495045E0,7.087500000E1
1.168119045E0,7.087500000E1
1.170744045E0,7.087500000E1
1.173368045E0,7.087500000E1
1.175993045E0,7.087500000E1
1.178617045E0,7.087500000E1
1.181242045E0,7.087500000E1
1.183866045E0,7.087500000E1
1.186491045E0,7.087500000E1
1.189115045E0,7.087500000E1
1.191740045E0,7.087500000E1
1.194364045E0,7.087500000E1
1.196989045E0,7.087500000E1
1.199613045E0,7.087500000E1
1.202238045E0,7.087500000E1
1.204862045E0,7.087500000E1
1.207487045E0,7.087500000E1
1.210111045E0,7.087500000E1
1.212736045E0,7.087500000E1
1.215360045E0,7.087500000E1
1.217985045E0,7.087500000E1
1.220609045E0,7.087500000E1
1.223234045E0,7.087500000E1
1.225858045E0,7.087500000E1
1.228483045E0,7.087500000E1
1.231107045E0,7.087500000E1
1.233732045E0,7.087500000E1
1.236356045E0,7.087500000E1
1.238981045E0,7.087500000E1
1.241605045E0,7.087500000E1
1.244230045E0,7.087500000E1
1.246855045E0,7.087500000E1
1.249479045E0,7.087500000E1
1.252104045E0,7.087500000E1
1.254728045E0,7.087500000E1
1.257353045E0,7.087500000E1
1.259977045E0,7.087500000E1
1.262602045E0,7.087500000E1
1.265226045E0,7.087500000E1
1.267851045E0,7.087500000E1
1.270475045E0,7.087500000E1
1.273100045E0,7.087500000E1
1.275724045E0,7.087500000E1
1.278349045E0,7.087500000E1
1.280973045E0,7.087500000E1
1.283598045E0,7.087500000E1
1.286222045E0,7.087500000E1
1.288847045E0,7.087500000E1
1.291471045E0,7.087500000E1
1.294096045E0,7.087500000E1
1.296720045E0,7.087500000E1
1.299345045E0,7.087500000E1
1.301969045E0,7.087500000E1
1.304594045E0,7.087500000E1
1.307218045E0,7.087500000E1
1.309843045E0,7.087500000E1
1.312467045E0,7.087500000E1
1.315092045E0,7.087500000E1
1.317716045E0,7.087500000E1
1.320341045E0,7.087500000E1
1.322965045E0,7.087500000E1
1.325590045E0,7.087500000E1
1.328214045E0,7.087500000E1
1.330839045E0,7.087500000E1
1.333463045E0,7.087500000E1
1.336088045E0,7.087500000E1
1.338712045E0,7.087500000E1
1.341337045E0,7.087500000E1
1.343961045E0,7.087500000E1
1.346586045E0,7.087500000E1
1.349210045E0,7.087500000E1
1.351835045E0,7.087500000E1
1.354459045E0,7.087500000E1
1.357084045E0,7.087500000E1
1.359709045E0,7.087500000E1
1.362333045E0,7.087500000E1
1.364958045E0,7.087500000E1
1.367582045E0,7.087500000E1
1.370207045E0,7.087500000E1
1.372831045E0,7.087500000E1
1.375456045E0,7.087500000E1
1.378080045E0,7.087500000E1
1.380705045E0,7.087500000E1
1.383329045E0,7.087500000E1
1.385954045E0,7.087500000E1
1.388578045E0,7.087500000E1
1.391203045E0,7.087500000E1
1.393827045E0,7.087500000E1
1.396452045E0,7.087500000E1
1.399076045E0,7.087500000E1
1.401701045E0,7.087500000E1
1.404325045E0,7.087500000E1
1.406950045E0,7.087500000E1
1.409574045E0,7.087500000E1
1.412199045E0,7.087500000E1
1.414823045E0,7.087500000E1
1.417448045E0,7.087500000E1
1.420072045E0,7.087500000E1
1.422697045E0,7.087500000E1
1.425321045E0,7.087500000E1
1.427946045E0,7.087500000E1
1.430570045E0,7.087500000E1
1.433195045E0,7.087500000E1
1.435819045E0,7.087500000E1
1.438444045E0,7.087500000E1
1.441068045E0,7.087500000E1
1.443693045E0,7.087500000E1
1.446317045E0,7.087500000E1
1.448942045E0,7.087500000E1
1.451566045E0,7.087500000E1
1.454191045E0,7.087500000E1
1.456815045E0,7.087500000E1
1.459440045E0,7.087500000E1
1.462064045E0,7.087500000E1
1.464689045E0,7.087500000E1
1.467313045E0,7.087500000E1
1.469938045E0,7.087500000E1
1.472563045E0,7.087500000E1
1.475187045E0,7.087500000E1
1.477812045E0,7.087500000E1
1.480436045E0,7.087500000E1
1.483061045E0,7.087500000E1
1.485685045E0,7.087500000E1
1.488310045E0,7.087500000E1
1.490934045E0,7.087500000E1
1.493559045E0,7.087500000E1
1.496183045E0,7.087500000E1
1.498808045E0,7.087500000E1
1.501432045E0,7.087500000E1
1.504057045E0,7.087500000E1
1.506681045E0,7.087500000E1
1.509306045E0,7.087500000E1
1.511930045E0,7.087500000E1
1.514555045E0,7.087500000E1
1.517179045E0,7.087500000E1
1.519804045E0,7.087500000E1
1.522428045E0,7.087500000E1
1.525053045E0,7.087500000E1
1.527677045E0,7.087500000E1
1.530302045E0,7.087500000E1
1.532926045E0,7.087500000E1
1.535551045E0,7.087500000E1
1.538175045E0,7.087500000E1
1.540800045E0,7.087500000E1
1.543424045E0,7.087500000E1
1.546049045E0,7.087500000E1
1.548673045E0,7.087500000E1
1.551298045E0,7.087500000E1
1.553922045E0,7.087500000E1
1.556547045E0,7.087500000E1
1.559171045E0,7.087500000E1
1.561796045E0,7.087500000E1
1.564420045E0,7.087500000E1
1.567045045E0,7.087500000E1
1.569669045E0,7.087500000E1
1.572294045E0,7.087500000E1
1.574918045E0,7.087500000E1
1.577543045E0,7.087500000E1
1.580167045E0,7.087500000E1
1.582792045E0,7.087500000E1
1.585417045E0,7.087500000E1
1.588041045E0,7.087500000E1
1.590666045E0,7.087500000E1
1.593290045E0,7.087500000E1
1.595915045E0,7.087500000E1
1.598539045E0,7.087500000E1
1.601164045E0,7.087500000E1
1.603788045E0,7.087500000E1
1.606413045E0,7.087500000E1
1.609037045E0,7.087500000E1
1.611662045E0,7.087500000E1
1.614286045E0,7.087500000E1
1.616911045E0,7.087500000E1
1.619535045E0,7.087500000E1
1.622160045E0,7.087500000E1
1.624784045E0,7.087500000E1
1.627409045E0,7.087500000E1
1.630033045E0,7.087500000E1
1.632658045E0,7.087500000E1
1.635282045E0,7.087500000E1
1.637907045E0,7.087500000E1
1.640531045E0,7.087500000E1
1.643156045E0,7.087500000E1
1.645780045E0,7.087500000E1
1.648405045E0,7.087500000E1
1.651029045E0,7.087500000E1
1.653654045E0,7.087500000E1
1.656278045E0,7.087500000E1
1.658903045E0,7.087500000E1
1.661527045E0,7.087500000E1
1.664152045E0,7.087500000E1
1.666776045E0,7.087500000E1
1.669401045E0,7.087500000E1
1.672025045E0,7.087500000E1
1.674650045E0,7.087500000E1
1.677274045E0,7.087500000E1
1.679899045E0,7.087500000E1
1.682523045E0,7.087500000E1
1.685148045E0,7.087500000E1
1.687772045E0,7.087500000E1
1.690397045E0,7.087500000E1
1.693021045E0,7.087500000E1
1.695646045E0,7.087500000E1
1.698271045E0,7.087500000E1
1.700895045E0,7.087500000E1
1.703520045E0,7.087500000E1
1.706144045E0,7.087500000E1
1.708769045E0,7.087500000E1
1.711393045E0,7.087500000E1
1.714018045E0,7.087500000E1
1.716642045E0,7.087500000E1
1.719267045E0,7.087500000E1
1.721891045E0,7.087500000E1
1.724516045E0,7.087500000E1
1.727140045E0,7.087500000E1
1.729765045E0,7.087500000E1
1.732389045E0,7.087500000E1
1.735014045E0,7.087500000E1
1.737638045E0,7.087500000E1
1.740263045E0,7.087500000E1
1.742887045E0,7.087500000E1
1.745512045E0,7.087500000E1
1.748136045E0,7.087500000E1
1.750761045E0,7.087500000E1
1.753385045E0,7.087500000E1
1.756010045E0,7.087500000E1
1.758634045E0,7.087500000E1
1.761259045E0,7.087500000E1
1.763883045E0,7.087500000E1
1.766508045E0,7.087500000E1
1.769132045E0,7.087500000E1
1.771757045E0,7.087500000E1
1.774381045E0,7.087500000E1
1.777006045E0,7.087500000E1
1.779630045E0,7.087500000E1
1.782255045E0,7.087500000E1
1.784879045E0,7.087500000E1
1.787504045E0,7.087500000E1
1.790128045E0,7.087500000E1
1.792753045E0,7.087500000E1
1.795377045E0,7.087500000E1
1.798002045E0,7.087500000E1
1.800626045E0,7.087500000E1
1.803251045E0,7.087500000E1
1.805875045E0,7.087500000E1
1.808500045E0,7.087500000E1
1.811125045E0,7.087500000E1
1.813749045E0,7.087500000E1
1.816374045E0,7.087500000E1
1.818998045E0,7.087500000E1
1.821623045E0,7.087500000E1
1.824247045E0,7.087500000E1
1.826872045E0,7.087500000E1
1.829496045E0,7.087500000E1
1.832121045E0,7.087500000E1
1.834745045E0,7.087500000E1
1.837370045E0,7.087500000E1
1.839994045E0,7.087500000E1
1.842619045E0,7.087500000E1
1.845243045E0,7.087500000E1
1.847868045E0,7.087500000E1
1.850492045E0,7.087500000E1
1.853117045E0,7.087500000E1
1.855741045E0,7.087500000E1
1.858366045E0,7.087500000E1
1.860990045E0,7.087500000E1
1.863615045E0,7.087500000E1
1.866239045E0,7.087500000E1
1.868864045E0,7.087500000E1
1.871488045E0,7.087500000E1
1.874113045E0,7.087500000E1
1.876737045E0,7.087500000E1
1.879362045E0,7.087500000E1
1.881986045E0,7.087500000E1
1.884611045E0,7.087500000E1
1.887235045E0,7.087500000E1
1.889860045E0,7.087500000E1
1.892484045E0,7.087500000E1
1.895109045E0,7.087500000E1
1.897733045E0,7.087500000E1
1.900358045E0,7.087500000E1
1.902982045E0,7.087500000E1
1.905607045E0,7.087500000E1
1.908231045E0,7.087500000E1
1.910856045E0,7.087500000E1
1.913480045E0,7.087500000E1
1.916105045E0,7.087500000E1
1.918730045E0,7.087500000E1
1.921354045E0,7.087500000E1
1.923979045E0,7.087500000E1
1.926603045E0,7.087500000E1
1.929228045E0,7.087500000E1
1.931852045E0,7.087500000E1
1.934477045E0,7.087500000E1
1.937101045E0,7.087500000E1
1.939726045E0,7.087500000E1
1.942350045E0,7.087500000E1
1.944975045E0,7.087500000E1
1.947599045E0,7.087500000E1
1.950224045E0,7.087500000E1
1.952848045E0,7.087500000E1
1.955473045E0,7.087500000E1
1.958097045E0,7.087500000E1
1.960722045E0,7.087500000E1
1.963346045E0,7.087500000E1
1.965971045E0,7.087500000E1
1.968595045E0,7.087500000E1
1.971220045E0,7.087500000E1
1.973844045E0,7.087500000E1
1.976469045E0,7.087500000E1
1.979093045E0,7.087500000E1
1.981718045E0,7.087500000E1
1.984342045E0,7.087500000E1
1.986967045E0,7.087500000E1
1.989591045E0,7.087500000E1
1.992216045E0,7.087500000E1
1.994840045E0,7.087500000E1
1.997465045E0,7.087500000E1
2.000089045E0,7.087500000E1
2.002714045E0,7.087500000E1
2.005338045E0,7.087500000E1
2.007963045E0,7.087500000E1
2.010587045E0,7.087500000E1
2.013212045E0,7.087500000E1
2.015836045E0,7.087500000E1
2.018461045E0,7.087500000E1
2.021085045E0,7.087500000E1
2.023710045E0,7.087500000E1
2.026334045E0,7.087500000E1
2.028959045E0,7.087500000E1
2.031584045E0,7.087500000E1
2.034208045E0,7.087500000E1
2.036833045E0,7.087500000E1
2.039457045E0,7.087500000E1
2.042082045E0,7.087500000E1
2.044706045E0,7.087500000E1
2.047331045E0,7.087500000E1
2.049955045E0,7.087500000E1
2.052580045E0,7.087500000E1
2.055204045E0,7.087500000E1
2.057829045E0,7.087500000E1
2.060453045E0,7.087500000E1
2.063078045E0,7.087500000E1
2.065702045E0,7.087500000E1
2.068327045E0,7.087500000E1
2.070951045E0,7.087500000E1
2.073576045E0,7.087500000E1
2.076200045E0,7.087500000E1
2.078825045E0,7.087500000E1
2.081449045E0,7.087500000E1
2.084074045E0,7.087500000E1
2.086698045E0,7.087500000E1
2.089323045E0,7.087500000E1
2.091947045E0,7.087500000E1
2.094572045E0,7.087500000E1
2.097196045E0,7.087500000E1
2.099821045E0,7.087500000E1
2.102445045E0,7.087500000E1
2.105070045E0,7.087500000E1
2.107694045E0,7.087500000E1
2.110319045E0,7.087500000E1
2.112943045E0,7.087500000E1
2.115568045E0,7.087500000E1
2.118192045E0,7.087500000E1
2.120817045E0,7.087500000E1
2.123441045E0,7.087500000E1
2.126066045E0,7.087500000E1
2.128690045E0,7.087500000E1
2.131315045E0,7.087500000E1
2.133939045E0,7.087500000E1
2.136564045E0,7.087500000E1
2.139188045E0,7.087500000E1
2.141813045E0,7.087500000E1
2.144438045E0,7.087500000E1
2.147062045E0,7.087500000E1
2.149687045E0,7.087500000E1
2.152311045E0,7.087500000E1
2.154936045E0,7.087500000E1
2.157560045E0,7.087500000E1
2.160185045E0,7.087500000E1
2.162809045E0,7.087500000E1
2.165434045E0,7.087500000E1
2.168058045E0,7.087500000E1
2.170683045E0,7.087500000E1
2.173307045E0,7.087500000E1
2.175932045E0,7.087500000E1
2.178556045E0,7.087500000E1
2.181181045E0,7.087500000E1
2.183805045E0,7.087500000E1
2.186430045E0,7.087500000E1
2.189054045E0,7.087500000E1
2.191679045E0,7.087500000E1
2.194303045E0,7.087500000E1
2.196928045E0,7.087500000E1
2.199552045E0,7.087500000E1
2.202177045E0,7.087500000E1
2.204801045E0,7.087500000E1
2.207426045E0,7.087500000E1
2.210050045E0,7.087500000E1
2.212675045E0,7.087500000E1
2.215299045E0,7.087500000E1
2.217924045E0,7.087500000E1
2.220548045E0,7.087500000E1
2.223173045E0,7.087500000E1
2.225797045E0,7.087500000E1
2.228422045E0,7.087500000E1
2.231046045E0,7.087500000E1
2.233671045E0,7.087500000E1
2.236295045E0,7.087500000E1
2.238920045E0,7.087500000E1
2.241544045E0,7.087500000E1
2.244169045E0,7.087500000E1
2.246793045E0,7.087500000E1
2.249418045E0,7.087500000E1
2.252042045E0,7.087500000E1
2.254667045E0,7.087500000E1
2.257292045E0,7.087500000E1
2.259916045E0,7.087500000E1
2.262541045E0,7.087500000E1
2.265165045E0,7.087500000E1
2.267790045E0,7.087500000E1
2.270414045E0,7.087500000E1
2.273039045E0,7.087500000E1
2.275663045E0,7.087500000E1
2.278288045E0,7.087500000E1
2.280912045E0,7.087500000E1
2.283537045E0,7.087500000E1
2.286161045E0,7.087500000E1
2.288786045E0,7.087500000E1
2.291410045E0,7.087500000E1
2.294035045E0,7.087500000E1
2.296659045E0,7.087500000E1
2.299284045E0,7.087500000E1
2.301908045E0,7.087500000E1
2.304533045E0,7.087500000E1
2.307157045E0,7.087500000E1
2.309782045E0,7.087500000E1
2.312406045E0,7.087500000E1
2.315031045E0,7.087500000E1
2.317655045E0,7.087500000E1
2.320280045E0,7.087500000E1
2.322904045E0,7.087500000E1
2.325529045E0,7.087500000E1
2.328153045E0,7.087500000E1
2.330778045E0,7.087500000E1
2.333402045E0,7.087500000E1
2.336027045E0,7.087500000E1
2.338651045E0,7.087500000E1
2.341276045E0,7.087500000E1
2.343900045E0,7.087500000E1
2.346525045E0,7.087500000E1
2.349149045E0,7.087500000E1
2.351774045E0,7.087500000E1
2.354398045E0,7.087500000E1
2.357023045E0,7.087500000E1
2.359647045E0,7.087500000E1
2.362272045E0,7.087500000E1
2.364896045E0,7.087500000E1
2.367521045E0,7.087500000E1
2.370146045E0,7.087500000E1
2.372770045E0,7.087500000E1
2.375395045E0,7.087500000E1
2.378019045E0,7.087500000E1
2.380644045E0,7.087500000E1
2.383268045E0,7.087500000E1
2.385893045E0,7.087500000E1
2.388517045E0,7.087500000E1
2.391142045E0,7.087500000E1
2.393766045E0,7.087500000E1
2.396391045E0,7.087500000E1
2.399015045E0,7.087500000E1
2.401640045E0,7.087500000E1
2.404264045E0,7.087500000E1
2.406889045E0,7.087500000E1
2.409513045E0,7.087500000E1
2.412138045E0,7.087500000E1
2.414762045E0,7.087500000E1
2.417387045E0,7.087500000E1
2.420011045E0,7.087500000E1
2.422636045E0,7.087500000E1
2.425260045E0,7.087500000E1
2.427885045E0,7.087500000E1
2.430509045E0,7.087500000E1
2.433134045E0,7.087500000E1
2.435758045E0,7.087500000E1
2.438383045E0,7.087500000E1
2.441007045E0,7.087500000E1
2.443632045E0,7.087500000E1
2.446256045E0,7.087500000E1
2.448881045E0,7.087500000E1
2.451505045E0,7.087500000E1
2.454130045E0,7.087500000E1
2.456754045E0,7.087500000E1
2.459379045E0,7.087500000E1
2.462003045E0,7.087500000E1
2.464628045E0,7.087500000E1
2.467252045E0,7.087500000E1
2.469877045E0,7.087500000E1
2.472501045E0,7.087500000E1
2.475126045E0,7.087500000E1
2.477750045E0,7.087500000E1
2.480375045E0,7.087500000E1
2.483000045E0,7.087500000E1
2.485624045E0,7.087500000E1
2.488249045E0,7.087500000E1
2.490873045E0,7.087500000E1
2.493498045E0,7.087500000E1
2.496122045E0,7.087500000E1
2.498747045E0,7.087500000E1
2.501371045E0,7.087500000E1
2.503996045E0,7.087500000E1
2.506620045E0,7.087500000E1
2.509245045E0,7.087500000E1
2.511869045E0,7.087500000E1
2.514494045E0,7.087500000E1
2.517118045E0,7.087500000E1
2.519743045E0,7.087500000E1
2.522367045E0,7.087500000E1
2.524992045E0,7.087500000E1
2.527616045E0,7.087500000E1
2.530241045E0,7.087500000E1
2.532865045E0,7.087500000E1
2.535490045E0,7.087500000E1
2.538114045E0,7.087500000E1
2.540739045E0,7.087500000E1
2.543363045E0,7.087500000E1
2.545988045E0,7.087500000E1
2.548612045E0,7.087500000E1
2.551237045E0,7.087500000E1
2.553861045E0,7.087500000E1
2.556486045E0,7.087500000E1
2.559110045E0,7.087500000E1
2.561735045E0,7.087500000E1
2.564359045E0,7.087500000E1
2.566984045E0,7.087500000E1
2.569608045E0,7.087500000E1
2.572233045E0,7.087500000E1
2.574857045E0,7.087500000E1
2.577482045E0,7.087500000E1
2.580106045E0,7.087500000E1
2.582731045E0,7.087500000E1
2.585355045E0,7.087500000E1
2.587980045E0,7.087500000E1
2.590605045E0,7.087500000E1
2.593229045E0,7.087500000E1
2.595854045E0,7.087500000E1
2.598478045E0,7.087500000E1
2.601103045E0,7.087500000E1
2.603727045E0,7.087500000E1
2.606352045E0,7.087500000E1
2.608976045E0,7.087500000E1
2.611601045E0,7.087500000E1
2.614225045E0,7.087500000E1
2.616850045E0,7.087500000E1
2.619474045E0,7.087500000E1
2.622099045E0,7.087500000E1
2.624723045E0,7.087500000E1
2.627348045E0,7.087500000E1
2.629972045E0,7.087500000E1
2.632597045E0,7.087500000E1
2.635221045E0,7.087500000E1
2.637846045E0,7.087500000E1
2.640470045E0,7.087500000E1
2.643095045E0,7.087500000E1
2.645719045E0,7.087500000E1
2.648344045E0,7.087500000E1
2.650968045E0,7.087500000E1
2.653593045E0,7.087500000E1
2.656217045E0,7.087500000E1
2.658842045E0,7.087500000E1
2.661466045E0,7.087500000E1
2.664091045E0,7.087500000E1
2.666715045E0,7.087500000E1
2.669340045E0,7.087500000E1
2.671964045E0,7.087500000E1
2.674589045E0,7.087500000E1
2.677213045E0,7.087500000E1
2.679838045E0,7.087500000E1
2.682462045E0,7.087500000E1
2.685087045E0,7.087500000E1
2.687711045E0,7.087500000E1
2.690336045E0,7.087500000E1
2.692960045E0,7.087500000E1
2.695585045E0,7.087500000E1
2.698209045E0,7.087500000E1
2.700834045E0,7.087500000E1
2.703459045E0,7.087500000E1
2.706083045E0,7.087500000E1
2.708708045E0,7.087500000E1
2.711332045E0,7.087500000E1
2.713957045E0,7.087500000E1
2.716581045E0,7.087500000E1
2.719206045E0,7.087500000E1
2.721830045E0,7.087500000E1
2.724455045E0,7.087500000E1
2.727079045E0,7.087500000E1
2.729704045E0,7.087500000E1
2.732328045E0,7.087500000E1
2.734953045E0,7.087500000E1
2.737577045E0,7.087500000E1
2.740202045E0,7.087500000E1
2.742826045E0,7.087500000E1
2.745451045E0,7.087500000E1
2.748075045E0,7.087500000E1
2.750700045E0,7.087500000E1
2.753324045E0,7.087500000E1
2.755949045E0,7.087500000E1
2.758573045E0,7.087500000E1
2.761198045E0,7.087500000E1
2.763822045E0,7.087500000E1
2.766447045E0,7.087500000E1
2.769071045E0,7.087500000E1
2.771696045E0,7.087500000E1
2.774320045E0,7.087500000E1
2.776945045E0,7.087500000E1
2.779569045E0,7.087500000E1
2.782194045E0,7.087500000E1
2.784818045E0,7.087500000E1
2.787443045E0,7.087500000E1
2.790067045E0,7.087500000E1
2.792692045E0,7.087500000E1
2.795316045E0,7.087500000E1
2.797941045E0,7.087500000E1
2.800565045E0,7.087500000E1
2.803190045E0,7.087500000E1
2.805814045E0,7.087500000E1
2.808439045E0,7.087500000E1
2.811063045E0,7.087500000E1
2.813688045E0,7.087500000E1
2.816313045E0,7.087500000E1
2.818937045E0,7.087500000E1
2.821562045E0,7.087500000E1
2.824186045E0,7.087500000E1
2.826811045E0,7.087500000E1
2.829435045E0,7.087500000E1
2.832060045E0,7.087500000E1
2.834684045E0,7.087500000E1
2.837309045E0,7.087500000E1
2.839933045E0,7.087500000E1
2.842558045E0,7.087500000E1
2.845182045E0,7.087500000E1
2.847807045E0,7.087500000E1
2.850431045E0,7.087500000E1
2.853056045E0,7.087500000E1
2.855680045E0,7.087500000E1
2.858305045E0,7.087500000E1
2.860929045E0,7.087500000E1
2.863554045E0,7.087500000E1
2.866178045E0,7.087500000E1
2.868803045E0,7.087500000E1
2.871427045E0,7.087500000E1
2.874052045E0,7.087500000E1
2.876676045E0,7.087500000E1
2.879301045E0,7.087500000E1
2.881925045E0,7.087500000E1
2.884550045E0,7.087500000E1
2.887174045E0,7.087500000E1
2.889799045E0,7.087500000E1
2.892423045E0,7.087500000E1
2.895048045E0,7.087500000E1
2.897672045E0,7.087500000E1
2.900297045E0,7.087500000E1
2.902921045E0,7.087500000E1
2.905546045E0,7.087500000E1
2.908170045E0,7.087500000E1
2.910795045E0,7.087500000E1
2.913419045E0,7.087500000E1
2.916044045E0,7.087500000E1
2.918668045E0,7.087500000E1
2.921293045E0,7.087500000E1
2.923917045E0,7.087500000E1
2.926542045E0,7.087500000E1
2.929167045E0,7.087500000E1
2.931791045E0,7.087500000E1
2.934416045E0,7.087500000E1
2.937040045E0,7.087500000E1
2.939665045E0,7.087500000E1
2.942289045E0,7.087500000E1
2.944914045E0,7.087500000E1
2.947538045E0,7.087500000E1
2.950163045E0,7.087500000E1
2.952787045E0,7.087500000E1
2.955412045E0,7.087500000E1
2.958036045E0,7.087500000E1
2.960661045E0,7.087500000E1
2.963285045E0,7.087500000E1
2.965910045E0,7.087500000E1
2.968534045E0,7.087500000E1
2.971159045E0,7.087500000E1
2.973783045E0,7.087500000E1
2.976408045E0,7.087500000E1
2.979032045E0,7.087500000E1
2.981657045E0,7.087500000E1
2.984281045E0,7.087500000E1
2.986906045E0,7.087500000E1
2.989530045E0,7.087500000E1
2.992155045E0,7.087500000E1
2.994779045E0,7.087500000E1
2.997404045E0,7.087500000E1
3.000028045E0,7.087500000E1
3.002653045E0,7.087500000E1
3.005277045E0,7.087500000E1
3.007902045E0,7.087500000E1
3.010526045E0,7.087500000E1
3.013151045E0,7.087500000E1
3.015775045E0,7.087500000E1
3.018400045E0,7.087500000E1
3.021024045E0,7.087500000E1
3.023649045E0,7.087500000E1
3.026273045E0,7.087500000E1
3.028898045E0,7.087500000E1
3.031522045E0,7.087500000E1
3.034147045E0,7.087500000E1
3.036771045E0,7.087500000E1
3.039396045E0,7.087500000E1
3.042021045E0,7.087500000E1
3.044645045E0,7.087500000E1
3.047270045E0,7.087500000E1
3.049894045E0,7.087500000E1
3.052519045E0,7.087500000E1
3.055143045E0,7.087500000E1
3.057768045E0,7.087500000E1
3.060392045E0,7.087500000E1
3.063017045E0,7.087500000E1
3.065641045E0,7.087500000E1
3.068266045E0,7.087500000E1
3.070890045E0,7.087500000E1
3.073515045E0,7.087500000E1
3.076139045E0,7.087500000E1
3.078764045E0,7.087500000E1
3.081388045E0,7.087500000E1
3.084013045E0,7.087500000E1
3.086637045E0,7.087500000E1
3.089262045E0,7.087500000E1
3.091886045E0,7.087500000E1
3.094511045E0,7.087500000E1
3.097135045E0,7.087500000E1
3.099760045E0,7.087500000E1
3.102384045E0,7.087500000E1
3.105009045E0,7.087500000E1
3.107633045E0,7.087500000E1
3.110258045E0,7.087500000E1
3.112882045E0,7.087500000E1
3.115507045E0,7.087500000E1
3.118131045E0,7.087500000E1
3.120756045E0,7.087500000E1
3.123380045E0,7.087500000E1
3.126005045E0,7.087500000E1
3.128629045E0,7.087500000E1
3.131254045E0,7.087500000E1
3.133878045E0,7.087500000E1
3.136503045E0,7.087500000E1
3.139127045E0,7.087500000E1
3.141752045E0,7.087500000E1
3.144376045E0,7.087500000E1
3.147001045E0,7.087500000E1
3.149625045E0,7.087500000E1
3.152250045E0,7.087500000E1
3.154875045E0,7.087500000E1
3.157499045E0,7.087500000E1
3.160124045E0,7.087500000E1
3.162748045E0,7.087500000E1
3.165373045E0,7.087500000E1
3.167997045E0,7.087500000E1
3.170622045E0,7.087500000E1
3.173246045E0,7.087500000E1
3.175871045E0,7.087500000E1
3.178495045E0,7.087500000E1
3.181120045E0,7.087500000E1
3.183744045E0,7.087500000E1
3.186369045E0,7.087500000E1
3.188993045E0,7.087500000E1
3.191618045E0,7.087500000E1
3.194242045E0,7.087500000E1
3.196867045E0,7.087500000E1
3.199491045E0,7.087500000E1
3.202116045E0,7.087500000E1
3.204740045E0,7.087500000E1
3.207365045E0,7.087500000E1
3.209989045E0,7.087500000E1
3.212614045E0,7.087500000E1
3.215238045E0,7.087500000E1
3.217863045E0,7.087500000E1
3.220487045E0,7.087500000E1
3.223112045E0,7.087500000E1
3.225736045E0,7.087500000E1
3.228361045E0,7.087500000E1
3.230985045E0,7.087500000E1
3.233610045E0,7.087500000E1
3.236234045E0,7.087500000E1
3.238859045E0,7.087500000E1
3.241483045E0,7.087500000E1
3.244108045E0,7.087500000E1
3.246732045E0,7.087500000E1
3.249357045E0,7.087500000E1
3.251981045E0,7.087500000E1
3.254606045E0,7.087500000E1
3.257230045E0,7.087500000E1
3.259855045E0,7.087500000E1
3.262480045E0,7.087500000E1
3.265104045E0,7.087500000E1
3.267729045E0,7.087500000E1
3.270353045E0,7.087500000E1
3.272978045E0,7.087500000E1
3.275602045E0,7.087500000E1
3.278227045E0,7.087500000E1
3.280851045E0,7.087500000E1
3.283476045E0,7.087500000E1
3.286100045E0,7.087500000E1
3.288725045E0,7.087500000E1
3.291349045E0,7.087500000E1
3.293974045E0,7.087500000E1
3.296598045E0,7.087500000E1
3.299223045E0,7.087500000E1
3.301847045E0,7.087500000E1
3.304472045E0,7.087500000E1
3.307096045E0,7.087500000E1
3.309721045E0,7.087500000E1
3.312345045E0,7.087500000E1
3.314970045E0,7.087500000E1
3.317594045E0,7.087500000E1
3.320219045E0,7.087500000E1
3.322843045E0,7.087500000E1
3.325468045E0,7.087500000E1
3.328092045E0,7.087500000E1
3.330717045E0,7.087500000E1
3.333341045E0,7.087500000E1
3.335966045E0,7.087500000E1
3.338590045E0,7.087500000E1
3.341215045E0,7.087500000E1
3.343839045E0,7.087500000E1
3.346464045E0,7.087500000E1
3.349088045E0,7.087500000E1
3.351713045E0,7.087500000E1
3.354337045E0,7.087500000E1
3.356962045E0,7.087500000E1
3.359586045E0,7.087500000E1
3.362211045E0,7.087500000E1
3.364835045E0,7.087500000E1
3.367460045E0,7.087500000E1
3.370084045E0,7.087500000E1
3.372709045E0,7.087500000E1
3.375334045E0,7.087500000E1
3.377958045E0,7.087500000E1
3.380583045E0,7.087500000E1
3.383207045E0,7.087500000E1
3.385832045E0,7.087500000E1
3.388456045E0,7.087500000E1
3.391081045E0,7.087500000E1
3.393705045E0,7.087500000E1
3.396330045E0,7.087500000E1
3.398954045E0,7.087500000E1
3.401579045E0,7.087500000E1
3.404203045E0,7.087500000E1
3.406828045E0,7.087500000E1
3.409452045E0,7.087500000E1
3.412077045E0,7.087500000E1
3.414701045E0,7.087500000E1
3.417326045E0,7.087500000E1
3.419950045E0,7.087500000E1
3.422575045E0,7.087500000E1
3.425199045E0,7.087500000E1
3.427824045E0,7.087500000E1
3.430448045E0,7.087500000E1
3.433073045E0,7.087500000E1
3.435697045E0,7.087500000E1
3.438322045E0,7.087500000E1
3.440946045E0,7.087500000E1
3.443571045E0,7.087500000E1
3.446195045E0,7.087500000E1
3.448820045E0,7.087500000E1
3.451444045E0,7.087500000E1
3.454069045E0,7.087500000E1
3.456693045E0,7.087500000E1
3.459318045E0,7.087500000E1
3.461942045E0,7.087500000E1
3.464567045E0,7.087500000E1
3.467191045E0,7.087500000E1
3.469816045E0,7.087500000E1
3.472440045E0,7.087500000E1
3.475065045E0,7.087500000E1
3.477689045E0,7.087500000E1
3.480314045E0,7.087500000E1
3.482938045E0,7.087500000E1
3.485563045E0,7.087500000E1
3.488188045E0,7.087500000E1
3.490812045E0,7.087500000E1
3.493437045E0,7.087500000E1
3.496061045E0,7.087500000E1
3.498686045E0,7.087500000E1
3.501310045E0,7.087500000E1
3.503935045E0,7.087500000E1
3.506559045E0,7.087500000E1
3.509184045E0,7.087500000E1
3.511808045E0,7.087500000E1
3.514433045E0,7.087500000E1
3.517057045E0,7.087500000E1
3.519682045E0,7.087500000E1
3.522306045E0,7.087500000E1
3.524931045E0,7.087500000E1
3.527555045E0,7.087500000E1
3.530180045E0,7.087500000E1
3.532804045E0,7.087500000E1
3.535429045E0,7.087500000E1
3.538053045E0,7.087500000E1
3.540678045E0,7.087500000E1
3.543302045E0,7.087500000E1
3.545927045E0,7.087500000E1
3.548551045E0,7.087500000E1
3.551176045E0,7.087500000E1
3.553800045E0,7.087500000E1
3.556425045E0,7.087500000E1
3.559049045E0,7.087500000E1
3.561674045E0,7.087500000E1
3.564298045E0,7.087500000E1
3.566923045E0,7.087500000E1
3.569547045E0,7.087500000E1
3.572172045E0,7.087500000E1
3.574796045E0,7.087500000E1
3.577421045E0,7.087500000E1
3.580045045E0,7.087500000E1
3.582670045E0,7.087500000E1
3.585294045E0,7.087500000E1
3.587919045E0,7.087500000E1
3.590543045E0,7.087500000E1
3.593168045E0,7.087500000E1
3.595792045E0,7.087500000E1
3.598417045E0,7.087500000E1
3.601042045E0,7.087500000E1
3.603666045E0,7.087500000E1
3.606291045E0,7.087500000E1
3.608915045E0,7.087500000E1
3.611540045E0,7.087500000E1
3.614164045E0,7.087500000E1
3.616789045E0,7.087500000E1
3.619413045E0,7.087500000E1
3.622038045E0,7.087500000E1
3.624662045E0,7.087500000E1
3.627287045E0,7.087500000E1
3.629911045E0,7.087500000E1
3.632536045E0,7.087500000E1
3.635160045E0,7.087500000E1
3.637785045E0,7.087500000E1
3.640409045E0,7.087500000E1
3.643034045E0,7.087500000E1
3.645658045E0,7.087500000E1
3.648283045E0,7.087500000E1
3.650907045E0,7.087500000E1
3.653532045E0,7.087500000E1
3.656156045E0,7.087500000E1
3.658781045E0,7.087500000E1
3.661405045E0,7.087500000E1
3.664030045E0,7.087500000E1
3.666654045E0,7.087500000E1
3.669279045E0,7.087500000E1
3.671903045E0,7.087500000E1
3.674528045E0,7.087500000E1
3.677152045E0,7.087500000E1
3.679777045E0,7.087500000E1
3.682401045E0,7.087500000E1
3.685026045E0,7.087500000E1
3.687650045E0,7.087500000E1
3.690275045E0,7.087500000E1
3.692899045E0,7.087500000E1
3.695524045E0,7.087500000E1
3.698148045E0,7.087500000E1
3.700773045E0,7.087500000E1
3.703397045E0,7.087500000E1
3.706022045E0,7.087500000E1
3.708646045E0,7.087500000E1
3.711271045E0,7.087500000E1
3.713896045E0,7.087500000E1
3.716520045E0,7.087500000E1
3.719145045E0,7.087500000E1
3.721769045E0,7.087500000E1
3.724394045E0,7.087500000E1
3.727018045E0,7.087500000E1
3.729643045E0,7.087500000E1
3.732267045E0,7.087500000E1
3.734892045E0,7.087500000E1
3.737516045E0,7.087500000E1
3.740141045E0,7.087500000E1
3.742765045E0,7.087500000E1
3.745390045E0,7.087500000E1
3.748014045E0,7.087500000E1
3.750639045E0,7.087500000E1
3.753263045E0,7.087500000E1
3.755888045E0,7.087500000E1
3.758512045E0,7.087500000E1
3.761137045E0,7.087500000E1
3.763761045E0,7.087500000E1
3.766386045E0,7.087500000E1
3.769010045E0,7.087500000E1
3.771635045E0,7.087500000E1
3.774259045E0,7.087500000E1
3.776884045E0,7.087500000E1
3.779508045E0,7.087500000E1
3.782133045E0,7.087500000E1
3.784757045E0,7.087500000E1
3.787382045E0,7.087500000E1
3.790006045E0,7.087500000E1
3.792631045E0,7.087500000E1
3.795255045E0,7.087500000E1
3.797880045E0,7.087500000E1
3.800504045E0,7.087500000E1
3.803129045E0,7.087500000E1
3.805753045E0,7.087500000E1
3.808378045E0,7.087500000E1
3.811002045E0,7.087500000E1
3.813627045E0,7.087500000E1
3.816251045E0,7.087500000E1
3.818876045E0,7.087500000E1
3.821500045E0,7.087500000E1
3.824125045E0,7.087500000E1
3.826750045E0,7.087500000E1
3.829374045E0,7.087500000E1
3.831999045E0,7.087500000E1
3.834623045E0,7.087500000E1
3.837248045E0,7.087500000E1
3.839872045E0,7.087500000E1
3.842497045E0,7.087500000E1
3.845121045E0,7.087500000E1
3.847746045E0,7.087500000E1
3.850370045E0,7.087500000E1
3.852995045E0,7.087500000E1
3.855619045E0,7.087500000E1
3.858244045E0,7.087500000E1
3.860868045E0,7.087500000E1
3.863493045E0,7.087500000E1
3.866117045E0,7.087500000E1
3.868742045E0,7.087500000E1
3.871366045E0,7.087500000E1
3.873991045E0,7.087500000E1
3.876615045E0,7.087500000E1
3.879240045E0,7.087500000E1
3.881864045E0,7.087500000E1
3.884489045E0,7.087500000E1
3.887113045E0,7.087500000E1
3.889738045E0,7.087500000E1
3.892362045E0,7.087500000E1
3.894987045E0,7.087500000E1
3.897611045E0,7.087500000E1
3.900236045E0,7.087500000E1
3.902860045E0,7.087500000E1
3.905485045E0,7.087500000E1
3.908109045E0,7.087500000E1
3.910734045E0,7.087500000E1
3.913358045E0,7.087500000E1
3.915983045E0,7.087500000E1
3.918607045E0,7.087500000E1
3.921232045E0,7.087500000E1
3.923856045E0,7.087500000E1
3.926481045E0,7.087500000E1
3.929105045E0,7.087500000E1
3.931730045E0,7.087500000E1
3.934355045E0,7.087500000E1
3.936979045E0,7.087500000E1
3.939604045E0,7.087500000E1
3.942228045E0,7.087500000E1
3.944853045E0,7.087500000E1
3.947477045E0,7.087500000E1
3.950102045E0,7.087500000E1
3.952726045E0,7.087500000E1
3.955351045E0,7.087500000E1
3.957975045E0,7.087500000E1
3.960600045E0,7.087500000E1
3.963224045E0,7.087500000E1
3.965849045E0,7.087500000E1
3.968473045E0,7.087500000E1
3.971098045E0,7.087500000E1
3.973722045E0,7.087500000E1
3.976347045E0,7.087500000E1
3.978971045E0,7.087500000E1
3.981596045E0,7.087500000E1
3.984220045E0,7.087500000E1
3.986845045E0,7.087500000E1
3.989469045E0,7.087500000E1
3.992094045E0,7.087500000E1
3.994718045E0,7.087500000E1
3.997343045E0,7.087500000E1
3.999967045E0,7.087500000E1
4.002592045E0,7.087500000E1
4.005216045E0,7.087500000E1
4.007841045E0,7.087500000E1
4.010465045E0,7.087500000E1
4.013090045E0,7.087500000E1
4.015714045E0,7.087500000E1
4.018339045E0,7.087500000E1
4.020963045E0,7.087500000E1
4.023588045E0,7.087500000E1
4.026212045E0,7.087500000E1
4.028837045E0,7.087500000E1
4.031461045E0,7.087500000E1
4.034086045E0,7.087500000E1
4.036710045E0,7.087500000E1
4.039335045E0,7.087500000E1
4.041959045E0,7.087500000E1
4.044584045E0,7.087500000E1
4.047209045E0,7.087500000E1
4.049833045E0,7.087500000E1
4.052458045E0,7.087500000E1
4.055082045E0,7.087500000E1
4.057707045E0,7.087500000E1
4.060331045E0,7.087500000E1
4.062956045E0,7.087500000E1
4.065580045E0,7.087500000E1
4.068205045E0,7.087500000E1
4.070829045E0,7.087500000E1
4.073454045E0,7.087500000E1
4.076078045E0,7.087500000E1
4.078703045E0,7.087500000E1
4.081327045E0,7.087500000E1
4.083952045E0,7.087500000E1
4.086576045E0,7.087500000E1
4.089201045E0,7.087500000E1
4.091825045E0,7.087500000E1
4.094450045E0,7.087500000E1
4.097074045E0,7.087500000E1
4.099699045E0,7.087500000E1
4.102323045E0,7.087500000E1
4.104948045E0,7.087500000E1
4.107572045E0,7.087500000E1
4.110197045E0,7.087500000E1
4.112821045E0,7.087500000E1
4.115446045E0,7.087500000E1
4.118070045E0,7.087500000E1
4.120695045E0,7.087500000E1
4.123319045E0,7.087500000E1
4.125944045E0,7.087500000E1
4.128568045E0,7.087500000E1
4.131193045E0,7.087500000E1
4.133817045E0,7.087500000E1
4.136442045E0,7.087500000E1
4.139066045E0,7.087500000E1
4.141691045E0,7.087500000E1
4.144315045E0,7.087500000E1
4.146940045E0,7.087500000E1
4.149564045E0,7.087500000E1
4.152189045E0,7.087500000E1
4.154813045E0,7.087500000E1
4.157438045E0,7.087500000E1
4.160063045E0,7.087500000E1
4.162687045E0,7.087500000E1
4.165312045E0,7.087500000E1
4.167936045E0,7.087500000E1
4.170561045E0,7.087500000E1
4.173185045E0,7.087500000E1
4.175810045E0,7.087500000E1
4.178434045E0,7.087500000E1
4.181059045E0,7.087500000E1
4.183683045E0,7.087500000E1
4.186308045E0,7.087500000E1
4.188932045E0,7.087500000E1
4.191557045E0,7.087500000E1
4.194181045E0,7.087500000E1
4.196806045E0,7.087500000E1
4.199430045E0,7.087500000E1
4.202055045E0,7.087500000E1
4.204679045E0,7.087500000E1
4.207304045E0,7.087500000E1
4.209928045E0,7.087500000E1
4.212553045E0,7.087500000E1
4.215177045E0,7.087500000E1
4.217802045E0,7.087500000E1
4.220426045E0,7.087500000E1
4.223051045E0,7.087500000E1
4.225675045E0,7.087500000E1
4.228300045E0,7.087500000E1
4.230924045E0,7.087500000E1
4.233549045E0,7.087500000E1
4.236173045E0,7.087500000E1
4.238798045E0,7.087500000E1
4.241422045E0,7.087500000E1
4.244047045E0,7.087500000E1
4.246671045E0,7.087500000E1
4.249296045E0,7.087500000E1
4.251920045E0,7.087500000E1
4.254545045E0,7.087500000E1
4.257169045E0,7.087500000E1
4.259794045E0,7.087500000E1
4.262418045E0,7.087500000E1
4.265043045E0,7.087500000E1
4.267667045E0,7.087500000E1
4.270292045E0,7.087500000E1
4.272917045E0,7.087500000E1
4.275541045E0,7.087500000E1
4.278166045E0,7.087500000E1
4.280790045E0,7.087500000E1
4.283415045E0,7.087500000E1
4.286039045E0,7.087500000E1
4.288664045E0,7.087500000E1
4.291288045E0,7.087500000E1
4.293913045E0,7.087500000E1
4.296537045E0,7.087500000E1
4.299162045E0,7.087500000E1
4.301786045E0,7.087500000E1
4.304411045E0,7.087500000E1
4.307035045E0,7.087500000E1
4.309660045E0,7.087500000E1
4.312284045E0,7.087500000E1
4.314909045E0,7.087500000E1
4.317533045E0,7.087500000E1
4.320158045E0,7.087500000E1
4.322782045E0,7.087500000E1
4.325407045E0,7.087500000E1
4.328031045E0,7.087500000E1
4.330656045E0,7.087500000E1
4.333280045E0,7.087500000E1
4.335905045E0,7.087500000E1
4.338529045E0,7.087500000E1
4.341154045E0,7.087500000E1
4.343778045E0,7.087500000E1
4.346403045E0,7.087500000E1
4.349027045E0,7.087500000E1
4.351652045E0,7.087500000E1
4.354276045E0,7.087500000E1
4.356901045E0,7.087500000E1
4.359525045E0,7.087500000E1
4.362150045E0,7.087500000E1
4.364774045E0,7.087500000E1
4.367399045E0,7.087500000E1
4.370023045E0,7.087500000E1
4.372648045E0,7.087500000E1
4.375272045E0,7.087500000E1
4.377897045E0,7.087500000E1
4.380521045E0,7.087500000E1
4.383146045E0,7.087500000E1
4.385771045E0,7.087500000E1
4.388395045E0,7.087500000E1
4.391020045E0,7.087500000E1
4.393644045E0,7.087500000E1
4.396269045E0,7.087500000E1
4.398893045E0,7.087500000E1
4.401518045E0,7.087500000E1
4.404142045E0,7.087500000E1
4.406767045E0,7.087500000E1
4.409391045E0,7.087500000E1
4.412016045E0,7.087500000E1
4.414640045E0,7.087500000E1
4.417265045E0,7.087500000E1
4.419889045E0,7.087500000E1
4.422514045E0,7.087500000E1
4.425138045E0,7.087500000E1
4.427763045E0,7.087500000E1
4.430387045E0,7.087500000E1
4.433012045E0,7.087500000E1
4.435636045E0,7.087500000E1
4.438261045E0,7.087500000E1
4.440885045E0,7.087500000E1
4.443510045E0,7.087500000E1
4.446134045E0,7.087500000E1
4.448759045E0,7.087500000E1
4.451383045E0,7.087500000E1
4.454008045E0,7.087500000E1
4.456632045E0,7.087500000E1
4.459257045E0,7.087500000E1
4.461881045E0,7.087500000E1
4.464506045E0,7.087500000E1
4.467130045E0,7.087500000E1
4.469755045E0,7.087500000E1
4.472379045E0,7.087500000E1
4.475004045E0,7.087500000E1
4.477628045E0,7.087500000E1
4.480253045E0,7.087500000E1
4.482877045E0,7.087500000E1
4.485502045E0,7.087500000E1
4.488126045E0,7.087500000E1
4.490751045E0,7.087500000E1
4.493375045E0,7.087500000E1
4.496000045E0,7.087500000E1
4.498625045E0,7.087500000E1
4.501249045E0,7.087500000E1
4.503874045E0,7.087500000E1
4.506498045E0,7.087500000E1
4.509123045E0,7.087500000E1
4.511747045E0,7.087500000E1
4.514372045E0,7.087500000E1
4.516996045E0,7.087500000E1
4.519621045E0,7.087500000E1
4.522245045E0,7.087500000E1
4.524870045E0,7.087500000E1
4.527494045E0,7.087500000E1
4.530119045E0,7.087500000E1
4.532743045E0,7.087500000E1
4.535368045E0,7.087500000E1
4.537992045E0,7.087500000E1
4.540617045E0,7.087500000E1
4.543241045E0,7.087500000E1
4.545866045E0,7.087500000E1
4.548490045E0,7.087500000E1
4.551115045E0,7.087500000E1
4.553739045E0,7.087500000E1
4.556364045E0,7.087500000E1
4.558988045E0,7.087500000E1
4.561613045E0,7.087500000E1
4.564237045E0,7.087500000E1
4.566862045E0,7.087500000E1
4.569486045E0,7.087500000E1
4.572111045E0,7.087500000E1
4.574735045E0,7.087500000E1
4.577360045E0,7.087500000E1
4.579984045E0,7.087500000E1
4.582609045E0,7.087500000E1
4.585233045E0,7.087500000E1
4.587858045E0,7.087500000E1
4.590482045E0,7.087500000E1
4.593107045E0,7.087500000E1
4.595731045E0,7.087500000E1
4.598356045E0,7.087500000E1
4.600980045E0,7.087500000E1
4.603605045E0,7.087500000E1
4.606230045E0,7.087500000E1
4.608854045E0,7.087500000E1
4.611479045E0,7.087500000E1
4.614103045E0,7.087500000E1
4.616728045E0,7.087500000E1
4.619352045E0,7.087500000E1
4.621977045E0,7.087500000E1
4.624601045E0,7.087500000E1
4.627226045E0,7.087500000E1
4.629850045E0,7.087500000E1
4.632475045E0,7.087500000E1
4.635099045E0,7.087500000E1
4.637724045E0,7.087500000E1
4.640348045E0,7.087500000E1
4.642973045E0,7.087500000E1
4.645597045E0,7.087500000E1
4.648222045E0,7.087500000E1
4.650846045E0,7.087500000E1
4.653471045E0,7.087500000E1
4.656095045E0,7.087500000E1
4.658720045E0,7.087500000E1
4.661344045E0,7.087500000E1
4.663969045E0,7.087500000E1
4.666593045E0,7.087500000E1
4.669218045E0,7.087500000E1
4.671842045E0,7.087500000E1
4.674467045E0,7.087500000E1
4.677091045E0,7.087500000E1
4.679716045E0,7.087500000E1
4.682340045E0,7.087500000E1
4.684965045E0,7.087500000E1
4.687589045E0,7.087500000E1
4.690214045E0,7.087500000E1
4.692838045E0,7.087500000E1
4.695463045E0,7.087500000E1
4.698087045E0,7.087500000E1
4.700712045E0,7.087500000E1
4.703336045E0,7.087500000E1
4.705961045E0,7.087500000E1
4.708585045E0,7.087500000E1
4.711210045E0,7.087500000E1
4.713834045E0,7.087500000E1
4.716459045E0,7.087500000E1
4.719084045E0,7.087500000E1
4.721708045E0,7.087500000E1
4.724333045E0,7.087500000E1
4.726957045E0,7.087500000E1
4.729582045E0,7.087500000E1
4.732206045E0,7.087500000E1
4.734831045E0,7.087500000E1
4.737455045E0,7.087500000E1
4.740080045E0,7.087500000E1
4.742704045E0,7.087500000E1
4.745329045E0,7.087500000E1
4.747953045E0,7.087500000E1
4.750578045E0,7.087500000E1
4.753202045E0,7.087500000E1
4.755827045E0,7.087500000E1
4.758451045E0,7.087500000E1
4.761076045E0,7.087500000E1
4.763700045E0,7.087500000E1
4.766325045E0,7.087500000E1
4.768949045E0,7.087500000E1
4.771574045E0,7.087500000E1
4.774198045E0,7.087500000E1
4.776823045E0,7.087500000E1
4.779447045E0,7.087500000E1
4.782072045E0,7.087500000E1
4.784696045E0,7.087500000E1
4.787321045E0,7.087500000E1
4.789945045E0,7.087500000E1
4.792570045E0,7.087500000E1
4.795194045E0,7.087500000E1
4.797819045E0,7.087500000E1
4.800443045E0,7.087500000E1
4.803068045E0,7.087500000E1
4.805692045E0,7.087500000E1
4.808317045E0,7.087500000E1
4.810941045E0,7.087500000E1
4.813566045E0,7.087500000E1
4.816190045E0,7.087500000E1
4.818815045E0,7.087500000E1
4.821439045E0,7.087500000E1
4.824064045E0,7.087500000E1
4.826688045E0,7.087500000E1
4.829313045E0,7.087500000E1
4.831938045E0,7.087500000E1
4.834562045E0,7.087500000E1
4.837187045E0,7.087500000E1
4.839811045E0,7.087500000E1
4.842436045E0,7.087500000E1
4.845060045E0,7.087500000E1
4.847685045E0,7.087500000E1
4.850309045E0,7.087500000E1
4.852934045E0,7.087500000E1
4.855558045E0,7.087500000E1
4.858183045E0,7.087500000E1
4.860807045E0,7.087500000E1
4.863432045E0,7.087500000E1
4.866056045E0,7.087500000E1
4.868681045E0,7.087500000E1
4.871305045E0,7.087500000E1
4.873930045E0,7.087500000E1
4.876554045E0,7.087500000E1
4.879179045E0,7.087500000E1
4.881803045E0,7.087500000E1
4.884428045E0,7.087500000E1
4.887052045E0,7.087500000E1
4.889677045E0,7.087500000E1
4.892301045E0,7.087500000E1
4.894926045E0,7.087500000E1
4.897550045E0,7.087500000E1
4.900175045E0,7.087500000E1
4.902799045E0,7.087500000E1
4.905424045E0,7.087500000E1
4.908048045E0,7.087500000E1
4.910673045E0,7.087500000E1
4.913297045E0,7.087500000E1
4.915922045E0,7.087500000E1
4.918546045E0,7.087500000E1
4.921171045E0,7.087500000E1
4.923795045E0,7.087500000E1
4.926420045E0,7.087500000E1
4.929044045E0,7.087500000E1
4.931669045E0,7.087500000E1
4.934293045E0,7.087500000E1
4.936918045E0,7.087500000E1
4.939542045E0,7.087500000E1
4.942167045E0,7.087500000E1
4.944792045E0,7.087500000E1
4.947416045E0,7.087500000E1
4.950041045E0,7.087500000E1
4.952665045E0,7.087500000E1
4.955290045E0,7.087500000E1
4.957914045E0,7.087500000E1
4.960539045E0,7.087500000E1
4.963163045E0,7.087500000E1
4.965788045E0,7.087500000E1
4.968412045E0,7.087500000E1
4.971037045E0,7.087500000E1
4.973661045E0,7.087500000E1
4.976286045E0,7.087500000E1
4.978910045E0,7.087500000E1
4.981535045E0,7.087500000E1
4.984159045E0,7.087500000E1
4.986784045E0,7.087500000E1
4.989408045E0,7.087500000E1
4.992033045E0,7.087500000E1
4.994657045E0,7.087500000E1
4.997282045E0,7.087500000E1
4.999906045E0,6.437500000E1
5.002531045E0,6.437500000E1
5.005155045E0,6.437500000E1
5.007780045E0,6.437500000E1
5.010404045E0,6.437500000E1
5.013029045E0,6.437500000E1
5.015653045E0,6.437500000E1
5.018278045E0,6.437500000E1
5.020902045E0,6.437500000E1
5.023527045E0,7.087500000E1
5.026151045E0,7.087500000E1
5.028776045E0,7.087500000E1
5.031400045E0,7.087500000E1
5.034025045E0,7.087500000E1
5.036649045E0,7.087500000E1
5.039274045E0,7.087500000E1
5.041898045E0,7.087500000E1
5.044523045E0,7.087500000E1
5.047147045E0,7.087500000E1
5.049772045E0,7.087500000E1
5.052396045E0,7.087500000E1
5.055021045E0,7.087500000E1
5.057646045E0,7.087500000E1
5.060270045E0,7.087500000E1
5.062895045E0,7.087500000E1
5.065519045E0,7.087500000E1
5.068144045E0,7.087500000E1
5.070768045E0,7.087500000E1
5.073393045E0,7.087500000E1
5.076017045E0,7.087500000E1
5.078642045E0,7.087500000E1
5.081266045E0,7.087500000E1
5.083891045E0,7.087500000E1
5.086515045E0,7.087500000E1
5.089140045E0,7.087500000E1
5.091764045E0,7.087500000E1
5.094389045E0,7.087500000E1
5.097013045E0,7.087500000E1
5.099638045E0,7.087500000E1
5.102262045E0,7.087500000E1
5.104887045E0,7.087500000E1
5.107511045E0,7.087500000E1
5.110136045E0,7.087500000E1
5.112760045E0,7.087500000E1
5.115385045E0,7.087500000E1
5.118009045E0,7.087500000E1
5.120634045E0,7.087500000E1
5.123258045E0,7.087500000E1
5.125883045E0,7.087500000E1
5.128507045E0,7.087500000E1
5.131132045E0,7.087500000E1
5.133756045E0,7.087500000E1
5.136381045E0,7.087500000E1
5.139005045E0,7.087500000E1
5.141630045E0,7.087500000E1
5.144254045E0,7.087500000E1
5.146879045E0,7.087500000E1
5.149503045E0,7.087500000E1
5.152128045E0,7.087500000E1
5.154752045E0,7.087500000E1
5.157377045E0,7.087500000E1
5.160001045E0,7.087500000E1
5.162626045E0,7.087500000E1
5.165250045E0,7.087500000E1
5.167875045E0,7.087500000E1
5.170500045E0,7.087500000E1
5.173124045E0,7.087500000E1
5.175749045E0,7.087500000E1
5.178373045E0,7.087500000E1
5.180998045E0,7.087500000E1
5.183622045E0,7.087500000E1
5.186247045E0,7.087500000E1
5.188871045E0,7.087500000E1
5.191496045E0,7.087500000E1
5.194120045E0,7.087500000E1
5.196745045E0,7.087500000E1
5.199369045E0,7.087500000E1
5.201994045E0,7.087500000E1
5.204618045E0,7.087500000E1
5.207243045E0,7.087500000E1
5.209867045E0,7.087500000E1
5.212492045E0,7.087500000E1
5.215116045E0,7.087500000E1
5.217741045E0,7.087500000E1
5.220365045E0,7.087500000E1
5.222990045E0,7.087500000E1
5.225614045E0,7.087500000E1
5.228239045E0,7.087500000E1
5.230863045E0,7.087500000E1
5.233488045E0,7.087500000E1
5.236112045E0,7.087500000E1
5.238737045E0,7.087500000E1
5.241361045E0,7.087500000E1
5.243986045E0,7.087500000E1
5.246610045E0,7.087500000E1
5.249235045E0,7.087500000E1
5.251859045E0,7.087500000E1
5.254484045E0,7.087500000E1
5.257108045E0,7.087500000E1
5.259733045E0,7.087500000E1
5.262357045E0,7.087500000E1
5.264982045E0,7.087500000E1
5.267606045E0,7.087500000E1
5.270231045E0,7.087500000E1
5.272855045E0,7.087500000E1
5.275480045E0,7.087500000E1
5.278105045E0,7.087500000E1
5.280729045E0,7.087500000E1
5.283354045E0,7.087500000E1
5.285978045E0,7.087500000E1
5.288603045E0,7.087500000E1
5.291227045E0,7.087500000E1
5.293852045E0,7.087500000E1
5.296476045E0,7.087500000E1
5.299101045E0,7.087500000E1
5.301725045E0,7.087500000E1
5.304350045E0,7.087500000E1
5.306974045E0,7.087500000E1
5.309599045E0,7.087500000E1
5.312223045E0,7.087500000E1
5.314848045E0,7.087500000E1
5.317472045E0,7.087500000E1
5.320097045E0,7.087500000E1
5.322721045E0,7.087500000E1
5.325346045E0,7.087500000E1
5.327970045E0,7.087500000E1
5.330595045E0,7.087500000E1
5.333219045E0,7.087500000E1
5.335844045E0,7.087500000E1
5.338468045E0,7.087500000E1
5.341093045E0,7.087500000E1
5.343717045E0,7.087500000E1
5.346342045E0,7.087500000E1
5.348966045E0,7.087500000E1
5.351591045E0,7.087500000E1
5.354215045E0,7.087500000E1
5.356840045E0,7.087500000E1
5.359464045E0,7.087500000E1
5.362089045E0,7.087500000E1
5.364713045E0,7.087500000E1
5.367338045E0,7.087500000E1
5.369962045E0,7.087500000E1
5.372587045E0,7.087500000E1
5.375211045E0,7.087500000E1
5.377836045E0,7.087500000E1
5.380460045E0,7.087500000E1
5.383085045E0,7.087500000E1
5.385709045E0,7.087500000E1
5.388334045E0,7.087500000E1
5.390959045E0,7.087500000E1
5.393583045E0,7.087500000E1
5.396208045E0,7.087500000E1
5.398832045E0,7.087500000E1
5.401457045E0,7.087500000E1
5.404081045E0,7.087500000E1
5.406706045E0,7.087500000E1
5.409330045E0,7.087500000E1
5.411955045E0,7.087500000E1
5.414579045E0,7.087500000E1
5.417204045E0,7.087500000E1
5.419828045E0,7.087500000E1
5.422453045E0,7.087500000E1
5.425077045E0,7.087500000E1
5.427702045E0,7.087500000E1
5.430326045E0,7.087500000E1
5.432951045E0,7.087500000E1
5.435575045E0,7.087500000E1
5.438200045E0,7.087500000E1
5.440824045E0,7.087500000E1
5.443449045E0,7.087500000E1
5.446073045E0,7.087500000E1
5.448698045E0,7.087500000E1
5.451322045E0,7.087500000E1
5.453947045E0,7.087500000E1
5.456571045E0,7.087500000E1
5.459196045E0,7.087500000E1
5.461820045E0,7.087500000E1
5.464445045E0,7.087500000E1
5.467069045E0,7.087500000E1
5.469694045E0,7.087500000E1
5.472318045E0,7.087500000E1
5.474943045E0,7.087500000E1
5.477567045E0,7.087500000E1
5.480192045E0,7.087500000E1
5.482816045E0,7.087500000E1
5.485441045E0,7.087500000E1
5.488065045E0,7.087500000E1
5.490690045E0,7.087500000E1
5.493314045E0,7.087500000E1
5.495939045E0,7.087500000E1
5.498563045E0,7.087500000E1
5.501188045E0,7.087500000E1
5.503813045E0,7.087500000E1
5.506437045E0,7.087500000E1
5.509062045E0,7.087500000E1
5.511686045E0,7.087500000E1
5.514311045E0,7.087500000E1
5.516935045E0,7.087500000E1
5.519560045E0,7.087500000E1
5.522184045E0,7.087500000E1
5.524809045E0,7.087500000E1
5.527433045E0,7.087500000E1
5.530058045E0,7.087500000E1
5.532682045E0,7.087500000E1
5.535307045E0,7.087500000E1
5.537931045E0,7.087500000E1
5.540556045E0,7.087500000E1
5.543180045E0,7.087500000E1
5.545805045E0,7.087500000E1
5.548429045E0,7.087500000E1
5.551054045E0,7.087500000E1
5.553678045E0,7.087500000E1
5.556303045E0,7.087500000E1
5.558927045E0,7.087500000E1
5.561552045E0,7.087500000E1
5.564176045E0,7.087500000E1
5.566801045E0,7.087500000E1
5.569425045E0,7.087500000E1
5.572050045E0,7.087500000E1
5.574674045E0,7.087500000E1
5.577299045E0,7.087500000E1
5.579923045E0,7.087500000E1
5.582548045E0,7.087500000E1
5.585172045E0,7.087500000E1
5.587797045E0,7.087500000E1
5.590421045E0,7.087500000E1
5.593046045E0,7.087500000E1
5.595670045E0,7.087500000E1
5.598295045E0,7.087500000E1
5.600919045E0,7.087500000E1
5.603544045E0,7.087500000E1
5.606168045E0,7.087500000E1
5.608793045E0,7.087500000E1
5.611417045E0,7.087500000E1
5.614042045E0,7.087500000E1
5.616667045E0,7.087500000E1
5.619291045E0,7.087500000E1
5.621916045E0,7.087500000E1
5.624540045E0,7.087500000E1
5.627165045E0,7.087500000E1
5.629789045E0,7.087500000E1
5.632414045E0,7.087500000E1
5.635038045E0,7.087500000E1
5.637663045E0,7.087500000E1
5.640287045E0,7.087500000E1
5.642912045E0,7.087500000E1
5.645536045E0,7.087500000E1
5.648161045E0,7.087500000E1
5.650785045E0,7.087500000E1
5.653410045E0,7.087500000E1
5.656034045E0,7.087500000E1
5.658659045E0,7.087500000E1
5.661283045E0,7.087500000E1
5.663908045E0,7.087500000E1
5.666532045E0,7.087500000E1
5.669157045E0,7.087500000E1
5.671781045E0,7.087500000E1
5.674406045E0,7.087500000E1
5.677030045E0,7.087500000E1
5.679655045E0,7.087500000E1
5.682279045E0,7.087500000E1
5.684904045E0,7.087500000E1
5.687528045E0,7.087500000E1
5.690153045E0,7.087500000E1
5.692777045E0,7.087500000E1
5.695402045E0,7.087500000E1
5.698026045E0,7.087500000E1
5.700651045E0,7.087500000E1
5.703275045E0,7.087500000E1
5.705900045E0,7.087500000E1
5.708524045E0,7.087500000E1
5.711149045E0,7.087500000E1
5.713773045E0,7.087500000E1
5.716398045E0,7.087500000E1
5.719022045E0,7.087500000E1
5.721647045E0,7.087500000E1
5.724271045E0,7.087500000E1
5.726896045E0,7.087500000E1
5.729521045E0,7.087500000E1
5.732145045E0,7.087500000E1
5.734770045E0,7.087500000E1
5.737394045E0,7.087500000E1
5.740019045E0,7.087500000E1
5.742643045E0,7.087500000E1
5.745268045E0,7.087500000E1
5.747892045E0,7.087500000E1
5.750517045E0,7.087500000E1
5.753141045E0,7.087500000E1
5.755766045E0,7.087500000E1
5.758390045E0,7.087500000E1
5.761015045E0,7.087500000E1
5.763639045E0,7.087500000E1
5.766264045E0,7.087500000E1
5.768888045E0,7.087500000E1
5.771513045E0,7.087500000E1
5.774137045E0,7.087500000E1
5.776762045E0,7.087500000E1
5.779386045E0,7.087500000E1
5.782011045E0,7.087500000E1
5.784635045E0,7.087500000E1
5.787260045E0,7.087500000E1
5.789884045E0,7.087500000E1
5.792509045E0,7.087500000E1
5.795133045E0,7.087500000E1
5.797758045E0,7.087500000E1
5.800382045E0,7.087500000E1
5.803007045E0,7.087500000E1
5.805631045E0,7.087500000E1
5.808256045E0,7.087500000E1
5.810880045E0,7.087500000E1
5.813505045E0,7.087500000E1
5.816129045E0,7.087500000E1
5.818754045E0,7.087500000E1
5.821378045E0,7.087500000E1
5.824003045E0,7.087500000E1
5.826627045E0,7.087500000E1
5.829252045E0,7.087500000E1
5.831876045E0,7.087500000E1
5.834501045E0,7.087500000E1
5.837125045E0,7.087500000E1
5.839750045E0,7.087500000E1
5.842375045E0,7.087500000E1
5.844999045E0,7.087500000E1
5.847624045E0,7.087500000E1
5.850248045E0,7.087500000E1
5.852873045E0,7.087500000E1
5.855497045E0,7.087500000E1
5.858122045E0,7.087500000E1
5.860746045E0,7.087500000E1
5.863371045E0,7.087500000E1
5.865995045E0,7.087500000E1
5.868620045E0,7.087500000E1
5.871244045E0,7.087500000E1
5.873869045E0,7.087500000E1
5.876493045E0,7.087500000E1
5.879118045E0,7.087500000E1
5.881742045E0,7.087500000E1
5.884367045E0,7.087500000E1
5.886991045E0,7.087500000E1
5.889616045E0,7.087500000E1
5.892240045E0,7.087500000E1
5.894865045E0,7.087500000E1
5.897489045E0,7.087500000E1
5.900114045E0,7.087500000E1
5.902738045E0,7.087500000E1
5.905363045E0,7.087500000E1
5.907987045E0,7.087500000E1
5.910612045E0,7.087500000E1
5.913236045E0,7.087500000E1
5.915861045E0,7.087500000E1
5.918485045E0,7.087500000E1
5.921110045E0,7.087500000E1
5.923734045E0,7.087500000E1
5.926359045E0,7.087500000E1
5.928983045E0,7.087500000E1
5.931608045E0,7.087500000E1
5.934232045E0,7.087500000E1
5.936857045E0,7.087500000E1
5.939481045E0,7.087500000E1
5.942106045E0,7.087500000E1
5.944730045E0,7.087500000E1
5.947355045E0,7.087500000E1
5.949980045E0,7.087500000E1
5.952604045E0,7.087500000E1
5.955229045E0,7.087500000E1
5.957853045E0,7.087500000E1
5.960478045E0,7.087500000E1
5.963102045E0,7.087500000E1
5.965727045E0,7.087500000E1
5.968351045E0,7.087500000E1
5.970976045E0,7.087500000E1
5.973600045E0,7.087500000E1
5.976225045E0,7.087500000E1
5.978849045E0,7.087500000E1
5.981474045E0,7.087500000E1
5.984098045E0,7.087500000E1
5.986723045E0,7.087500000E1
5.989347045E0,7.087500000E1
5.991972045E0,7.087500000E1
5.994596045E0,7.087500000E1
5.997221045E0,7.087500000E1
5.999845045E0,7.087500000E1
6.002470045E0,7.087500000E1
6.005094045E0,7.087500000E1
6.007719045E0,7.087500000E1
6.010343045E0,7.087500000E1
6.012968045E0,7.087500000E1
6.015592045E0,7.087500000E1
6.018217045E0,7.087500000E1
6.020841045E0,7.087500000E1
6.023466045E0,7.087500000E1
6.026090045E0,7.087500000E1
6.028715045E0,7.087500000E1
6.031339045E0,7.087500000E1
6.033964045E0,7.087500000E1
6.036588045E0,7.087500000E1
6.039213045E0,7.087500000E1
6.041837045E0,7.087500000E1
6.044462045E0,7.087500000E1
6.047086045E0,7.087500000E1
6.049711045E0,7.087500000E1
6.052335045E0,7.087500000E1
6.054960045E0,7.087500000E1
6.057584045E0,7.087500000E1
6.060209045E0,7.087500000E1
6.062834045E0,7.087500000E1
6.065458045E0,7.087500000E1
6.068083045E0,7.087500000E1
6.070707045E0,7.087500000E1
6.073332045E0,7.087500000E1
6.075956045E0,7.087500000E1
6.078581045E0,7.087500000E1
6.081205045E0,7.087500000E1
6.083830045E0,7.087500000E1
6.086454045E0,7.087500000E1
6.089079045E0,7.087500000E1
6.091703045E0,7.087500000E1
6.094328045E0,7.087500000E1
6.096952045E0,7.087500000E1
6.099577045E0,7.087500000E1
6.102201045E0,7.087500000E1
6.104826045E0,7.087500000E1
6.107450045E0,7.087500000E1
6.110075045E0,7.087500000E1
6.112699045E0,7.087500000E1
6.115324045E0,7.087500000E1
6.117948045E0,7.087500000E1
6.120573045E0,7.087500000E1
6.123197045E0,7.087500000E1
6.125822045E0,7.087500000E1
6.128446045E0,7.087500000E1
6.131071045E0,7.087500000E1
6.133695045E0,7.087500000E1
6.136320045E0,7.087500000E1
6.138944045E0,7.087500000E1
6.141569045E0,7.087500000E1
6.144193045E0,7.087500000E1
6.146818045E0,7.087500000E1
6.149442045E0,7.087500000E1
6.152067045E0,7.087500000E1
6.154691045E0,7.087500000E1
6.157316045E0,7.087500000E1
6.159940045E0,7.087500000E1
6.162565045E0,7.087500000E1
6.165189045E0,7.087500000E1
6.167814045E0,7.087500000E1
6.170438045E0,7.087500000E1
6.173063045E0,7.087500000E1
6.175688045E0,7.087500000E1
6.178312045E0,7.087500000E1
6.180937045E0,7.087500000E1
6.183561045E0,7.087500000E1
6.186186045E0,7.087500000E1
6.188810045E0,7.087500000E1
6.191435045E0,7.087500000E1
6.194059045E0,7.087500000E1
6.196684045E0,7.087500000E1
6.199308045E0,7.087500000E1
6.201933045E0,7.087500000E1
6.204557045E0,7.087500000E1
6.207182045E0,7.087500000E1
6.209806045E0,7.087500000E1
6.212431045E0,7.087500000E1
6.215055045E0,7.087500000E1
6.217680045E0,7.087500000E1
6.220304045E0,7.087500000E1
6.222929045E0,7.087500000E1
6.225553045E0,7.087500000E1
6.228178045E0,7.087500000E1
6.230802045E0,7.087500000E1
6.233427045E0,7.087500000E1
6.236051045E0,7.087500000E1
6.238676045E0,7.087500000E1
6.241300045E0,7.087500000E1
6.243925045E0,7.087500000E1
6.246549045E0,7.087500000E1
6.249174045E0,7.087500000E1
6.251798045E0,7.087500000E1
6.254423045E0,7.087500000E1
6.257047045E0,7.087500000E1
6.259672045E0,7.087500000E1
6.262296045E0,7.087500000E1
6.264921045E0,7.087500000E1
6.267545045E0,7.087500000E1
6.270170045E0,7.087500000E1
6.272794045E0,7.087500000E1
6.275419045E0,7.087500000E1
6.278043045E0,7.087500000E1
6.280668045E0,7.087500000E1
6.283292045E0,7.087500000E1
6.285917045E0,7.087500000E1
6.288542045E0,7.087500000E1
6.291166045E0,7.087500000E1
6.293791045E0,7.087500000E1
6.296415045E0,7.087500000E1
6.299040045E0,7.087500000E1
6.301664045E0,7.087500000E1
6.304289045E0,7.087500000E1
6.306913045E0,7.087500000E1
6.309538045E0,7.087500000E1
6.312162045E0,7.087500000E1
6.314787045E0,7.087500000E1
6.317411045E0,7.087500000E1
6.320036045E0,7.087500000E1
6.322660045E0,7.087500000E1
6.325285045E0,7.087500000E1
6.327909045E0,7.087500000E1
6.330534045E0,7.087500000E1
6.333158045E0,7.087500000E1
6.335783045E0,7.087500000E1
6.338407045E0,7.087500000E1
6.341032045E0,7.087500000E1
6.343656045E0,7.087500000E1
6.346281045E0,7.087500000E1
6.348905045E0,7.087500000E1
6.351530045E0,7.087500000E1
6.354154045E0,7.087500000E1
6.356779045E0,7.087500000E1
6.359403045E0,7.087500000E1
6.362028045E0,7.087500000E1
6.364652045E0,7.087500000E1
6.367277045E0,7.087500000E1
6.369901045E0,7.087500000E1
6.372526045E0,7.087500000E1
6.375150045E0,7.087500000E1
6.377775045E0,7.087500000E1
6.380399045E0,7.087500000E1
6.383024045E0,7.087500000E1
6.385648045E0,7.087500000E1
6.388273045E0,7.087500000E1
6.390897045E0,7.087500000E1
6.393522045E0,7.087500000E1
6.396146045E0,7.087500000E1
6.398771045E0,7.087500000E1
6.401396045E0,7.087500000E1
6.404020045E0,7.087500000E1
6.406645045E0,7.087500000E1
6.409269045E0,7.087500000E1
6.411894045E0,7.087500000E1
6.414518045E0,7.087500000E1
6.417143045E0,7.087500000E1
6.419767045E0,7.087500000E1
6.422392045E0,7.087500000E1
6.425016045E0,7.087500000E1
6.427641045E0,7.087500000E1
6.430265045E0,7.087500000E1
6.432890045E0,7.087500000E1
6.435514045E0,7.087500000E1
6.438139045E0,7.087500000E1
6.440763045E0,7.087500000E1
6.443388045E0,7.087500000E1
6.446012045E0,7.087500000E1
6.448637045E0,7.087500000E1
6.451261045E0,7.087500000E1
6.453886045E0,7.087500000E1
6.456510045E0,7.087500000E1
6.459135045E0,7.087500000E1
6.461759045E0,7.087500000E1
6.464384045E0,7.087500000E1
6.467008045E0,7.087500000E1
6.469633045E0,7.087500000E1
6.472257045E0,7.087500000E1
6.474882045E0,7.087500000E1
6.477506045E0,7.087500000E1
6.480131045E0,7.087500000E1
6.482755045E0,7.087500000E1
6.485380045E0,7.087500000E1
6.488004045E0,7.087500000E1
6.490629045E0,7.087500000E1
6.493253045E0,7.087500000E1
6.495878045E0,7.087500000E1
6.498502045E0,7.087500000E1
6.501127045E0,7.087500000E1
6.503751045E0,7.087500000E1
6.506376045E0,7.087500000E1
6.509000045E0,7.087500000E1
6.511625045E0,7.087500000E1
6.514250045E0,7.087500000E1
6.516874045E0,7.087500000E1
6.519499045E0,7.087500000E1
6.522123045E0,7.087500000E1
6.524748045E0,7.087500000E1
6.527372045E0,7.087500000E1
6.529997045E0,7.087500000E1
6.532621045E0,7.087500000E1
6.535246045E0,7.087500000E1
6.537870045E0,7.087500000E1
6.540495045E0,7.087500000E1
6.543119045E0,7.087500000E1
6.545744045E0,7.087500000E1
6.548368045E0,7.087500000E1
6.550993045E0,7.087500000E1
6.553617045E0,7.087500000E1
6.556242045E0,7.087500000E1
6.558866045E0,7.087500000E1
6.561491045E0,7.087500000E1
6.564115045E0,7.087500000E1
6.566740045E0,7.087500000E1
6.569364045E0,7.087500000E1
6.571989045E0,7.087500000E1
6.574613045E0,7.087500000E1
6.577238045E0,7.087500000E1
6.579862045E0,7.087500000E1
6.582487045E0,7.087500000E1
6.585111045E0,7.087500000E1
6.587736045E0,7.087500000E1
6.590360045E0,7.087500000E1
6.592985045E0,7.087500000E1
6.595609045E0,7.087500000E1
6.598234045E0,7.087500000E1
6.600858045E0,7.087500000E1
6.603483045E0,7.087500000E1
6.606107045E0,7.087500000E1
6.608732045E0,7.087500000E1
6.611356045E0,7.087500000E1
6.613981045E0,7.087500000E1
6.616605045E0,7.087500000E1
6.619230045E0,7.087500000E1
6.621855045E0,7.087500000E1
6.624479045E0,7.087500000E1
6.627104045E0,7.087500000E1
6.629728045E0,7.087500000E1
6.632353045E0,7.087500000E1
6.634977045E0,7.087500000E1
6.637602045E0,7.087500000E1
6.640226045E0,7.087500000E1
6.642851045E0,7.087500000E1
6.645475045E0,7.087500000E1
6.648100045E0,7.087500000E1
6.650724045E0,7.087500000E1
6.653349045E0,7.087500000E1
6.655973045E0,7.087500000E1
6.658598045E0,7.087500000E1
6.661222045E0,7.087500000E1
6.663847045E0,7.087500000E1
6.666471045E0,7.087500000E1
6.669096045E0,7.087500000E1
6.671720045E0,7.087500000E1
6.674345045E0,7.087500000E1
6.676969045E0,7.087500000E1
6.679594045E0,7.087500000E1
6.682218045E0,7.087500000E1
6.684843045E0,7.087500000E1
6.687467045E0,7.087500000E1
6.690092045E0,7.087500000E1
6.692716045E0,7.087500000E1
6.695341045E0,7.087500000E1
6.697965045E0,7.087500000E1
6.700590045E0,7.087500000E1
6.703214045E0,7.087500000E1
6.705839045E0,7.087500000E1
6.708463045E0,7.087500000E1
6.711088045E0,7.087500000E1
6.713712045E0,7.087500000E1
6.716337045E0,7.087500000E1
6.718961045E0,7.087500000E1
6.721586045E0,7.087500000E1
6.724210045E0,7.087500000E1
6.726835045E0,7.087500000E1
6.729459045E0,7.087500000E1
6.732084045E0,7.087500000E1
6.734709045E0,7.087500000E1
6.737333045E0,7.087500000E1
6.739958045E0,7.087500000E1
6.742582045E0,7.087500000E1
6.745207045E0,7.087500000E1
6.747831045E0,7.087500000E1
6.750456045E0,7.087500000E1
6.753080045E0,7.087500000E1
6.755705045E0,7.087500000E1
6.758329045E0,7.087500000E1
6.760954045E0,7.087500000E1
6.763578045E0,7.087500000E1
6.766203045E0,7.087500000E1
6.768827045E0,7.087500000E1
6.771452045E0,7.087500000E1
6.774076045E0,7.087500000E1
6.776701045E0,7.087500000E1
6.779325045E0,7.087500000E1
6.781950045E0,7.087500000E1
6.784574045E0,7.087500000E1
6.787199045E0,7.087500000E1
6.789823045E0,7.087500000E1
6.792448045E0,7.087500000E1
6.795072045E0,7.087500000E1
6.797697045E0,7.087500000E1
6.800321045E0,7.087500000E1
6.802946045E0,7.087500000E1
6.805570045E0,7.087500000E1
6.808195045E0,7.087500000E1
6.810819045E0,7.087500000E1
6.813444045E0,7.087500000E1
6.816068045E0,7.087500000E1
6.818693045E0,7.087500000E1
6.821317045E0,7.087500000E1
6.823942045E0,7.087500000E1
6.826566045E0,7.087500000E1
6.829191045E0,7.087500000E1
6.831815045E0,7.087500000E1
6.834440045E0,7.087500000E1
6.837064045E0,7.087500000E1
6.839689045E0,7.087500000E1
6.842313045E0,7.087500000E1
6.844938045E0,7.087500000E1
6.847563045E0,7.087500000E1
6.850187045E0,7.087500000E1
6.852812045E0,7.087500000E1
6.855436045E0,7.087500000E1
6.858061045E0,7.087500000E1
6.860685045E0,7.087500000E1
6.863310045E0,7.087500000E1
6.865934045E0,7.087500000E1
6.868559045E0,7.087500000E1
6.871183045E0,7.087500000E1
6.873808045E0,7.087500000E1
6.876432045E0,7.087500000E1
6.879057045E0,7.087500000E1
6.881681045E0,7.087500000E1
6.884306045E0,7.087500000E1
6.886930045E0,7.087500000E1
6.889555045E0,7.087500000E1
6.892179045E0,7.087500000E1
6.894804045E0,7.087500000E1
6.897428045E0,7.087500000E1
6.900053045E0,7.087500000E1
6.902677045E0,7.087500000E1
6.905302045E0,7.087500000E1
6.907926045E0,7.087500000E1
6.910551045E0,7.087500000E1
6.913175045E0,7.087500000E1
6.915800045E0,7.087500000E1
6.918424045E0,7.087500000E1
6.921049045E0,7.087500000E1
6.923673045E0,7.087500000E1
6.926298045E0,7.087500000E1
6.928922045E0,7.087500000E1
6.931547045E0,7.087500000E1
6.934171045E0,7.087500000E1
6.936796045E0,7.087500000E1
6.939420045E0,7.087500000E1
6.942045045E0,7.087500000E1
6.944669045E0,7.087500000E1
6.947294045E0,7.087500000E1
6.949918045E0,7.087500000E1
6.952543045E0,7.087500000E1
6.955167045E0,7.087500000E1
6.957792045E0,7.087500000E1
6.960417045E0,7.087500000E1
6.963041045E0,7.087500000E1
6.965666045E0,7.087500000E1
6.968290045E0,7.087500000E1
6.970915045E0,7.087500000E1
6.973539045E0,7.087500000E1
6.976164045E0,7.087500000E1
6.978788045E0,7.087500000E1
6.981413045E0,7.087500000E1
6.984037045E0,7.087500000E1
6.986662045E0,7.087500000E1
6.989286045E0,7.087500000E1
6.991911045E0,7.087500000E1
6.994535045E0,7.087500000E1
6.997160045E0,7.087500000E1
6.999784045E0,7.087500000E1
7.002409045E0,7.087500000E1
7.005033045E0,7.087500000E1
7.007658045E0,7.087500000E1
7.010282045E0,7.087500000E1
7.012907045E0,7.087500000E1
7.015531045E0,7.087500000E1
7.018156045E0,7.087500000E1
7.020780045E0,7.087500000E1
7.023405045E0,7.087500000E1
7.026029045E0,7.087500000E1
7.028654045E0,7.087500000E1
7.031278045E0,7.087500000E1
7.033903045E0,7.087500000E1
7.036527045E0,7.087500000E1
7.039152045E0,7.087500000E1
7.041776045E0,7.087500000E1
7.044401045E0,7.087500000E1
7.047025045E0,7.087500000E1
7.049650045E0,7.087500000E1
7.052274045E0,7.087500000E1
7.054899045E0,7.087500000E1
7.057523045E0,7.087500000E1
7.060148045E0,7.087500000E1
7.062772045E0,7.087500000E1
7.065397045E0,7.087500000E1
7.068021045E0,7.087500000E1
7.070646045E0,7.087500000E1
7.073271045E0,7.087500000E1
7.075895045E0,7.087500000E1
7.078520045E0,7.087500000E1
7.081144045E0,7.087500000E1
7.083769045E0,7.087500000E1
7.086393045E0,7.087500000E1
7.089018045E0,7.087500000E1
7.091642045E0,7.087500000E1
7.094267045E0,7.087500000E1
7.096891045E0,7.087500000E1
7.099516045E0,7.087500000E1
7.102140045E0,7.087500000E1
7.104765045E0,7.087500000E1
7.107389045E0,7.087500000E1
7.110014045E0,7.087500000E1
7.112638045E0,7.087500000E1
7.115263045E0,7.087500000E1
7.117887045E0,7.087500000E1
7.120512045E0,7.087500000E1
7.123136045E0,7.087500000E1
7.125761045E0,7.087500000E1
7.128385045E0,7.087500000E1
7.131010045E0,7.087500000E1
7.133634045E0,7.087500000E1
7.136259045E0,7.087500000E1
7.138883045E0,7.087500000E1
7.141508045E0,7.087500000E1
7.144132045E0,7.087500000E1
7.146757045E0,7.087500000E1
7.149381045E0,7.087500000E1
7.152006045E0,7.087500000E1
7.154630045E0,7.087500000E1
7.157255045E0,7.087500000E1
7.159879045E0,7.087500000E1
7.162504045E0,7.087500000E1
7.165128045E0,7.087500000E1
7.167753045E0,7.087500000E1
7.170377045E0,7.087500000E1
7.173002045E0,7.087500000E1
7.175626045E0,7.087500000E1
7.178251045E0,7.087500000E1
7.180875045E0,7.087500000E1
7.183500045E0,7.087500000E1
7.186125045E0,7.087500000E1
7.188749045E0,7.087500000E1
7.191374045E0,7.087500000E1
7.193998045E0,7.087500000E1
7.196623045E0,7.087500000E1
7.199247045E0,7.087500000E1
7.201872045E0,7.087500000E1
7.204496045E0,7.087500000E1
7.207121045E0,7.087500000E1
7.209745045E0,7.087500000E1
7.212370045E0,7.087500000E1
7.214994045E0,7.087500000E1
7.217619045E0,7.087500000E1
7.220243045E0,7.087500000E1
7.222868045E0,7.087500000E1
7.225492045E0,7.087500000E1
7.228117045E0,7.087500000E1
7.230741045E0,7.087500000E1
7.233366045E0,7.087500000E1
7.235990045E0,7.087500000E1
7.238615045E0,7.087500000E1
7.241239045E0,7.087500000E1
7.243864045E0,7.087500000E1
7.246488045E0,7.087500000E1
7.249113045E0,7.087500000E1
7.251737045E0,7.087500000E1
7.254362045E0,7.087500000E1
7.256986045E0,7.087500000E1
7.259611045E0,7.087500000E1
7.262235045E0,7.087500000E1
7.264860045E0,7.087500000E1
7.267484045E0,7.087500000E1
7.270109045E0,7.087500000E1
7.272733045E0,7.087500000E1
7.275358045E0,7.087500000E1
7.277982045E0,7.087500000E1
7.280607045E0,7.087500000E1
7.283231045E0,7.087500000E1
7.285856045E0,7.087500000E1
7.288480045E0,7.087500000E1
7.291105045E0,7.087500000E1
7.293730045E0,7.087500000E1
7.296354045E0,7.087500000E1
7.298979045E0,7.087500000E1
7.301603045E0,7.087500000E1
7.304228045E0,7.087500000E1
7.306852045E0,7.087500000E1
7.309477045E0,7.087500000E1
7.312101045E0,7.087500000E1
7.314726045E0,7.087500000E1
7.317350045E0,7.087500000E1
7.319975045E0,7.087500000E1
7.322599045E0,7.087500000E1
7.325224045E0,7.087500000E1
7.327848045E0,7.087500000E1
7.330473045E0,7.087500000E1
7.333097045E0,7.087500000E1
7.335722045E0,7.087500000E1
7.338346045E0,7.087500000E1
7.340971045E0,7.087500000E1
7.343595045E0,7.087500000E1
7.346220045E0,7.087500000E1
7.348844045E0,7.087500000E1
7.351469045E0,7.087500000E1
7.354093045E0,7.087500000E1
7.356718045E0,7.087500000E1
7.359342045E0,7.087500000E1
7.361967045E0,7.087500000E1
7.364591045E0,7.087500000E1
7.367216045E0,7.087500000E1
7.369840045E0,7.087500000E1
7.372465045E0,7.087500000E1
7.375089045E0,7.087500000E1
7.377714045E0,7.087500000E1
7.380338045E0,7.087500000E1
7.382963045E0,7.087500000E1
7.385587045E0,7.087500000E1
7.388212045E0,7.087500000E1
7.390836045E0,7.087500000E1
7.393461045E0,7.087500000E1
7.396085045E0,7.087500000E1
7.398710045E0,7.087500000E1
7.401334045E0,7.087500000E1
7.403959045E0,7.087500000E1
7.406584045E0,7.087500000E1
7.409208045E0,7.087500000E1
7.411833045E0,7.087500000E1
7.414457045E0,7.087500000E1
7.417082045E0,7.087500000E1
7.419706045E0,7.087500000E1
7.422331045E0,7.087500000E1
7.424955045E0,7.087500000E1
7.427580045E0,7.087500000E1
7.430204045E0,7.087500000E1
7.432829045E0,7.087500000E1
7.435453045E0,7.087500000E1
7.438078045E0,7.087500000E1
7.440702045E0,7.087500000E1
7.443327045E0,7.087500000E1
7.445951045E0,7.087500000E1
7.448576045E0,7.087500000E1
7.451200045E0,7.087500000E1
7.453825045E0,7.087500000E1
7.456449045E0,7.087500000E1
7.459074045E0,7.087500000E1
7.461698045E0,7.087500000E1
7.464323045E0,7.087500000E1
7.466947045E0,7.087500000E1
7.469572045E0,7.087500000E1
7.472196045E0,7.087500000E1
7.474821045E0,7.087500000E1
7.477445045E0,7.087500000E1
7.480070045E0,7.087500000E1
7.482694045E0,7.087500000E1
7.485319045E0,7.087500000E1
7.487943045E0,7.087500000E1
7.490568045E0,7.087500000E1
7.493192045E0,7.087500000E1
7.495817045E0,7.087500000E1
7.498441045E0,7.087500000E1
7.501066045E0,7.087500000E1
7.503690045E0,7.087500000E1
7.506315045E0,7.087500000E1
7.508939045E0,7.087500000E1
7.511564045E0,7.087500000E1
7.514188045E0,7.087500000E1
7.516813045E0,7.087500000E1
7.519438045E0,7.087500000E1
7.522062045E0,7.087500000E1
7.524687045E0,7.087500000E1
7.527311045E0,7.087500000E1
7.529936045E0,7.087500000E1
7.532560045E0,7.087500000E1
7.535185045E0,7.087500000E1
7.537809045E0,7.087500000E1
7.540434045E0,7.087500000E1
7.543058045E0,7.087500000E1
7.545683045E0,7.087500000E1
7.548307045E0,7.087500000E1
7.550932045E0,7.087500000E1
7.553556045E0,7.087500000E1
7.556181045E0,7.087500000E1
7.558805045E0,7.087500000E1
7.561430045E0,7.087500000E1
7.564054045E0,7.087500000E1
7.566679045E0,7.087500000E1
7.569303045E0,7.087500000E1
7.571928045E0,7.087500000E1
7.574552045E0,7.087500000E1
7.577177045E0,7.087500000E1
7.579801045E0,7.087500000E1
7.582426045E0,7.087500000E1
7.585050045E0,7.087500000E1
7.587675045E0,7.087500000E1
7.590299045E0,7.087500000E1
7.592924045E0,7.087500000E1
7.595548045E0,7.087500000E1
7.598173045E0,7.087500000E1
7.600797045E0,7.087500000E1
7.603422045E0,7.087500000E1
7.606046045E0,7.087500000E1
7.608671045E0,7.087500000E1
7.611295045E0,7.087500000E1
7.613920045E0,7.087500000E1
7.616544045E0,7.087500000E1
7.619169045E0,7.087500000E1
7.621793045E0,7.087500000E1
7.624418045E0,7.087500000E1
7.627042045E0,7.087500000E1
7.629667045E0,7.087500000E1
7.632292045E0,7.087500000E1
7.634916045E0,7.087500000E1
7.637541045E0,7.087500000E1
7.640165045E0,7.087500000E1
7.642790045E0,7.087500000E1
7.645414045E0,7.087500000E1
7.648039045E0,7.087500000E1
7.650663045E0,7.087500000E1
7.653288045E0,7.087500000E1
7.655912045E0,7.087500000E1
7.658537045E0,7.087500000E1
7.661161045E0,7.087500000E1
7.663786045E0,7.087500000E1
7.666410045E0,7.087500000E1
7.669035045E0,7.087500000E1
7.671659045E0,7.087500000E1
7.674284045E0,7.087500000E1
7.676908045E0,7.087500000E1
7.679533045E0,7.087500000E1
7.682157045E0,7.087500000E1
7.684782045E0,7.087500000E1
7.687406045E0,7.087500000E1
7.690031045E0,7.087500000E1
7.692655045E0,7.087500000E1
7.695280045E0,7.087500000E1
7.697904045E0,7.087500000E1
7.700529045E0,7.087500000E1
7.703153045E0,7.087500000E1
7.705778045E0,7.087500000E1
7.708402045E0,7.087500000E1
7.711027045E0,7.087500000E1
7.713651045E0,7.087500000E1
7.716276045E0,7.087500000E1
7.718900045E0,7.087500000E1
7.721525045E0,7.087500000E1
7.724149045E0,7.087500000E1
7.726774045E0,7.087500000E1
7.729398045E0,7.087500000E1
7.732023045E0,7.087500000E1
7.734647045E0,7.087500000E1
7.737272045E0,7.087500000E1
7.739896045E0,7.087500000E1
7.742521045E0,7.087500000E1
7.745146045E0,7.087500000E1
7.747770045E0,7.087500000E1
7.750395045E0,7.087500000E1
7.753019045E0,7.087500000E1
7.755644045E0,7.087500000E1
7.758268045E0,7.087500000E1
7.760893045E0,7.087500000E1
7.763517045E0,7.087500000E1
7.766142045E0,7.087500000E1
7.768766045E0,7.087500000E1
7.771391045E0,7.087500000E1
7.774015045E0,7.087500000E1
7.776640045E0,7.087500000E1
7.779264045E0,7.087500000E1
7.781889045E0,7.087500000E1
7.784513045E0,7.087500000E1
7.787138045E0,7.087500000E1
7.789762045E0,7.087500000E1
7.792387045E0,7.087500000E1
7.795011045E0,7.087500000E1
7.797636045E0,7.087500000E1
7.800260045E0,7.087500000E1
7.802885045E0,7.087500000E1
7.805509045E0,7.087500000E1
7.808134045E0,7.087500000E1
7.810758045E0,7.087500000E1
7.813383045E0,7.087500000E1
7.816007045E0,7.087500000E1
7.818632045E0,7.087500000E1
7.821256045E0,7.087500000E1
7.823881045E0,7.087500000E1
7.826505045E0,7.087500000E1
7.829130045E0,7.087500000E1
7.831754045E0,7.087500000E1
7.834379045E0,7.087500000E1
7.837003045E0,7.087500000E1
7.839628045E0,7.087500000E1
7.842252045E0,7.087500000E1
7.844877045E0,7.087500000E1
7.847501045E0,7.087500000E1
7.850126045E0,7.087500000E1
7.852750045E0,7.087500000E1
7.855375045E0,7.087500000E1
7.858000045E0,7.087500000E1
7.860624045E0,7.087500000E1
7.863249045E0,7.087500000E1
7.865873045E0,7.087500000E1
7.868498045E0,7.087500000E1
7.871122045E0,7.087500000E1
7.873747045E0,7.087500000E1
7.876371045E0,7.087500000E1
7.878996045E0,7.087500000E1
7.881620045E0,7.087500000E1
7.884245045E0,7.087500000E1
7.886869045E0,7.087500000E1
7.889494045E0,7.087500000E1
7.892118045E0,7.087500000E1
7.894743045E0,7.087500000E1
7.897367045E0,7.087500000E1
7.899992045E0,7.087500000E1
7.902616045E0,7.087500000E1
7.905241045E0,7.087500000E1
7.907865045E0,7.087500000E1
7.910490045E0,7.087500000E1
7.913114045E0,7.087500000E1
7.915739045E0,7.087500000E1
7.918363045E0,7.087500000E1
7.920988045E0,7.087500000E1
7.923612045E0,7.087500000E1
7.926237045E0,7.087500000E1
7.928861045E0,7.087500000E1
7.931486045E0,7.087500000E1
7.934110045E0,7.087500000E1
7.936735045E0,7.087500000E1
7.939359045E0,7.087500000E1
7.941984045E0,7.087500000E1
7.944608045E0,7.087500000E1
7.947233045E0,7.087500000E1
7.949857045E0,7.087500000E1
7.952482045E0,7.087500000E1
7.955106045E0,7.087500000E1
7.957731045E0,7.087500000E1
7.960355045E0,7.087500000E1
7.962980045E0,7.087500000E1
7.965605045E0,7.087500000E1
7.968229045E0,7.087500000E1
7.970854045E0,7.087500000E1
7.973478045E0,7.087500000E1
7.976103045E0,7.087500000E1
7.978727045E0,7.087500000E1
7.981352045E0,7.087500000E1
7.983976045E0,7.087500000E1
7.986601045E0,7.087500000E1
7.989225045E0,7.087500000E1
7.991850045E0,7.087500000E1
7.994474045E0,7.087500000E1
7.997099045E0,7.087500000E1
7.999723045E0,7.087500000E1
8.002348045E0,7.087500000E1
8.004972045E0,7.087500000E1
8.007597045E0,7.087500000E1
8.010221045E0,7.087500000E1
8.012846045E0,7.087500000E1
8.015470045E0,7.087500000E1
8.018095045E0,7.087500000E1
8.020719045E0,7.087500000E1
8.023344045E0,7.087500000E1
8.025968045E0,7.087500000E1
8.028593045E0,7.087500000E1
8.031217045E0,7.087500000E1
8.033842045E0,7.087500000E1
8.036466045E0,7.087500000E1
8.039091045E0,7.087500000E1
8.041715045E0,7.087500000E1
8.044340045E0,7.087500000E1
8.046964045E0,7.087500000E1
8.049589045E0,7.087500000E1
8.052213045E0,7.087500000E1
8.054838045E0,7.087500000E1
8.057462045E0,7.087500000E1
8.060087045E0,7.087500000E1
8.062711045E0,7.087500000E1
8.065336045E0,7.087500000E1
8.067960045E0,7.087500000E1
8.070585045E0,7.087500000E1
8.073209045E0,7.087500000E1
8.075834045E0,7.087500000E1
8.078459045E0,7.087500000E1
8.081083045E0,7.087500000E1
8.083708045E0,7.087500000E1
8.086332045E0,7.087500000E1
8.088957045E0,7.087500000E1
8.091581045E0,7.087500000E1
8.094206045E0,7.087500000E1
8.096830045E0,7.087500000E1
8.099455045E0,7.087500000E1
8.102079045E0,7.087500000E1
8.104704045E0,7.087500000E1
8.107328045E0,7.087500000E1
8.109953045E0,7.087500000E1
8.112577045E0,7.087500000E1
8.115202045E0,7.087500000E1
8.117826045E0,7.087500000E1
8.120451045E0,7.087500000E1
8.123075045E0,7.087500000E1
8.125700045E0,7.087500000E1
8.128324045E0,7.087500000E1
8.130949045E0,7.087500000E1
8.133573045E0,7.087500000E1
8.136198045E0,7.087500000E1
8.138822045E0,7.087500000E1
8.141447045E0,7.087500000E1
8.144071045E0,7.087500000E1
8.146696045E0,7.087500000E1
8.149320045E0,7.087500000E1
8.151945045E0,7.087500000E1
8.154569045E0,7.087500000E1
8.157194045E0,7.087500000E1
8.159818045E0,7.087500000E1
8.162443045E0,7.087500000E1
8.165067045E0,7.087500000E1
8.167692045E0,7.087500000E1
8.170316045E0,7.087500000E1
8.172941045E0,7.087500000E1
8.175565045E0,7.087500000E1
8.178190045E0,7.087500000E1
8.180814045E0,7.087500000E1
8.183439045E0,7.087500000E1
8.186063045E0,7.087500000E1
8.188688045E0,7.087500000E1
8.191313045E0,7.087500000E1
8.193937045E0,7.087500000E1
8.196562045E0,7.087500000E1
8.199186045E0,7.087500000E1
8.201811045E0,7.087500000E1
8.204435045E0,7.087500000E1
8.207060045E0,7.087500000E1
8.209684045E0,7.087500000E1
8.212309045E0,7.087500000E1
8.214933045E0,7.087500000E1
8.217558045E0,7.087500000E1
8.220182045E0,7.087500000E1
8.222807045E0,7.087500000E1
8.225431045E0,7.087500000E1
8.228056045E0,7.087500000E1
8.230680045E0,7.087500000E1
8.233305045E0,7.087500000E1
8.235929045E0,7.087500000E1
8.238554045E0,7.087500000E1
8.241178045E0,7.087500000E1
8.243803045E0,7.087500000E1
8.246427045E0,7.087500000E1
8.249052045E0,7.087500000E1
8.251676045E0,7.087500000E1
8.254301045E0,7.087500000E1
8.256925045E0,7.087500000E1
8.259550045E0,7.087500000E1
8.262174045E0,7.087500000E1
8.264799045E0,7.087500000E1
8.267423045E0,7.087500000E1
8.270048045E0,7.087500000E1
8.272672045E0,7.087500000E1
8.275297045E0,7.087500000E1
8.277921045E0,7.087500000E1
8.280546045E0,7.087500000E1
8.283170045E0,7.087500000E1
8.285795045E0,7.087500000E1
8.288419045E0,7.087500000E1
8.291044045E0,7.087500000E1
8.293668045E0,7.087500000E1
8.296293045E0,7.087500000E1
8.298917045E0,7.087500000E1
8.301542045E0,7.087500000E1
8.304167045E0,7.087500000E1
8.306791045E0,7.087500000E1
8.309416045E0,7.087500000E1
8.312040045E0,7.087500000E1
8.314665045E0,7.087500000E1
8.317289045E0,7.087500000E1
8.319914045E0,7.087500000E1
8.322538045E0,7.087500000E1
8.325163045E0,7.087500000E1
8.327787045E0,7.087500000E1
8.330412045E0,7.087500000E1
8.333036045E0,7.087500000E1
8.335661045E0,7.087500000E1
8.338285045E0,7.087500000E1
8.340910045E0,7.087500000E1
8.343534045E0,7.087500000E1
8.346159045E0,7.087500000E1
8.348783045E0,7.087500000E1
8.351408045E0,7.087500000E1
8.354032045E0,7.087500000E1
8.356657045E0,7.087500000E1
8.359281045E0,7.087500000E1
8.361906045E0,7.087500000E1
8.364530045E0,7.087500000E1
8.367155045E0,7.087500000E1
8.369779045E0,7.087500000E1
8.372404045E0,7.087500000E1
8.375028045E0,7.087500000E1
8.377653045E0,7.087500000E1
8.380277045E0,7.087500000E1
8.382902045E0,7.087500000E1
8.385526045E0,7.087500000E1
8.388151045E0,7.087500000E1
8.390775045E0,7.087500000E1
8.393400045E0,7.087500000E1
8.396024045E0,7.087500000E1
8.398649045E0,7.087500000E1
8.401273045E0,7.087500000E1
8.403898045E0,7.087500000E1
8.406522045E0,7.087500000E1
8.409147045E0,7.087500000E1
8.411771045E0,7.087500000E1
8.414396045E0,7.087500000E1
8.417021045E0,7.087500000E1
8.419645045E0,7.087500000E1
8.422270045E0,7.087500000E1
8.424894045E0,7.087500000E1
8.427519045E0,7.087500000E1
8.430143045E0,7.087500000E1
8.432768045E0,7.087500000E1
8.435392045E0,7.087500000E1
8.438017045E0,7.087500000E1
8.440641045E0,7.087500000E1
8.443266045E0,7.087500000E1
8.445890045E0,7.087500000E1
8.448515045E0,7.087500000E1
8.451139045E0,7.087500000E1
8.453764045E0,7.087500000E1
8.456388045E0,7.087500000E1
8.459013045E0,7.087500000E1
8.461637045E0,7.087500000E1
8.464262045E0,7.087500000E1
8.466886045E0,7.087500000E1
8.469511045E0,7.087500000E1
8.472135045E0,7.087500000E1
8.474760045E0,7.087500000E1
8.477384045E0,7.087500000E1
8.480009045E0,7.087500000E1
8.482633045E0,7.087500000E1
8.485258045E0,7.087500000E1
8.487882045E0,7.087500000E1
8.490507045E0,7.087500000E1
8.493131045E0,7.087500000E1
8.495756045E0,7.087500000E1
8.498380045E0,7.087500000E1
8.501005045E0,7.087500000E1
8.503629045E0,7.087500000E1
8.506254045E0,7.087500000E1
8.508878045E0,7.087500000E1
8.511503045E0,7.087500000E1
8.514127045E0,7.087500000E1
8.516752045E0,7.087500000E1
8.519376045E0,7.087500000E1
8.522001045E0,7.087500000E1
8.524625045E0,7.087500000E1
8.527250045E0,7.087500000E1
8.529875045E0,7.087500000E1
8.532499045E0,7.087500000E1
8.535124045E0,7.087500000E1
8.537748045E0,7.087500000E1
8.540373045E0,7.087500000E1
8.542997045E0,7.087500000E1
8.545622045E0,7.087500000E1
8.548246045E0,7.087500000E1
8.550871045E0,7.087500000E1
8.553495045E0,7.087500000E1
8.556120045E0,7.087500000E1
8.558744045E0,7.087500000E1
8.561369045E0,7.087500000E1
8.563993045E0,7.087500000E1
8.566618045E0,7.087500000E1
8.569242045E0,7.087500000E1
8.571867045E0,7.087500000E1
8.574491045E0,7.087500000E1
8.577116045E0,7.087500000E1
8.579740045E0,7.087500000E1
8.582365045E0,7.087500000E1
8.584989045E0,7.087500000E1
8.587614045E0,7.087500000E1
8.590238045E0,7.087500000E1
8.592863045E0,7.087500000E1
8.595487045E0,7.087500000E1
8.598112045E0,7.087500000E1
8.600736045E0,7.087500000E1
8.603361045E0,7.087500000E1
8.605985045E0,7.087500000E1
8.608610045E0,7.087500000E1
8.611234045E0,7.087500000E1
8.613859045E0,7.087500000E1
8.616483045E0,7.087500000E1
8.619108045E0,7.087500000E1
8.621732045E0,7.087500000E1
8.624357045E0,7.087500000E1
8.626981045E0,7.087500000E1
8.629606045E0,7.087500000E1
8.632230045E0,7.087500000E1
8.634855045E0,7.087500000E1
8.637480045E0,7.087500000E1
8.640104045E0,7.087500000E1
8.642729045E0,7.087500000E1
8.645353045E0,7.087500000E1
8.647978045E0,7.087500000E1
8.650602045E0,7.087500000E1
8.653227045E0,7.087500000E1
8.655851045E0,7.087500000E1
8.658476045E0,7.087500000E1
8.661100045E0,7.087500000E1
8.663725045E0,7.087500000E1
8.666349045E0,7.087500000E1
8.668974045E0,7.087500000E1
8.671598045E0,7.087500000E1
8.674223045E0,7.087500000E1
8.676847045E0,7.087500000E1
8.679472045E0,7.087500000E1
8.682096045E0,7.087500000E1
8.684721045E0,7.087500000E1
8.687345045E0,7.087500000E1
8.689970045E0,7.087500000E1
8.692594045E0,7.087500000E1
8.695219045E0,7.087500000E1
8.697843045E0,7.087500000E1
8.700468045E0,7.087500000E1
8.703092045E0,7.087500000E1
8.705717045E0,7.087500000E1
8.708341045E0,7.087500000E1
8.710966045E0,7.087500000E1
8.713590045E0,7.087500000E1
8.716215045E0,7.087500000E1
8.718839045E0,7.087500000E1
8.721464045E0,7.087500000E1
8.724088045E0,7.087500000E1
8.726713045E0,7.087500000E1
8.729337045E0,7.087500000E1
8.731962045E0,7.087500000E1
8.734586045E0,7.087500000E1
8.737211045E0,7.087500000E1
8.739835045E0,7.087500000E1
8.742460045E0,7.087500000E1
8.745084045E0,7.087500000E1
8.747709045E0,7.087500000E1
8.750334045E0,7.087500000E1
8.752958045E0,7.087500000E1
8.755583045E0,7.087500000E1
8.758207045E0,7.087500000E1
8.760832045E0,7.087500000E1
8.763456045E0,7.087500000E1
8.766081045E0,7.087500000E1
8.768705045E0,7.087500000E1
8.771330045E0,7.087500000E1
8.773954045E0,7.087500000E1
8.776579045E0,7.087500000E1
8.779203045E0,7.087500000E1
8.781828045E0,7.087500000E1
8.784452045E0,7.087500000E1
8.787077045E0,7.087500000E1
8.789701045E0,7.087500000E1
8.792326045E0,7.087500000E1
8.794950045E0,7.087500000E1
8.797575045E0,7.087500000E1
8.800199045E0,7.087500000E1
8.802824045E0,7.087500000E1
8.805448045E0,7.087500000E1
8.808073045E0,7.087500000E1
8.810697045E0,7.087500000E1
8.813322045E0,7.087500000E1
8.815946045E0,7.087500000E1
8.818571045E0,7.087500000E1
8.821195045E0,7.087500000E1
8.823820045E0,7.087500000E1
8.826444045E0,7.087500000E1
8.829069045E0,7.087500000E1
8.831693045E0,7.087500000E1
8.834318045E0,7.087500000E1
8.836942045E0,7.087500000E1
8.839567045E0,7.087500000E1
8.842191045E0,7.087500000E1
8.844816045E0,7.087500000E1
8.847440045E0,7.087500000E1
8.850065045E0,7.087500000E1
8.852689045E0,7.087500000E1
8.855314045E0,7.087500000E1
8.857938045E0,7.087500000E1
8.860563045E0,7.087500000E1
8.863188045E0,7.087500000E1
8.865812045E0,7.087500000E1
8.868437045E0,7.087500000E1
8.871061045E0,7.087500000E1
8.873686045E0,7.087500000E1
8.876310045E0,7.087500000E1
8.878935045E0,7.087500000E1
8.881559045E0,7.087500000E1
8.884184045E0,7.087500000E1
8.886808045E0,7.087500000E1
8.889433045E0,7.087500000E1
8.892057045E0,7.087500000E1
8.894682045E0,7.087500000E1
8.897306045E0,7.087500000E1
8.899931045E0,7.087500000E1
8.902555045E0,7.087500000E1
8.905180045E0,7.087500000E1
8.907804045E0,7.087500000E1
8.910429045E0,7.087500000E1
8.913053045E0,7.087500000E1
8.915678045E0,7.087500000E1
8.918302045E0,7.087500000E1
8.920927045E0,7.087500000E1
8.923551045E0,7.087500000E1
8.926176045E0,7.087500000E1
8.928800045E0,7.087500000E1
8.931425045E0,7.087500000E1
8.934049045E0,7.087500000E1
8.936674045E0,7.087500000E1
8.939298045E0,7.087500000E1
8.941923045E0,7.087500000E1
8.944547045E0,7.087500000E1
8.947172045E0,7.087500000E1
8.949796045E0,7.087500000E1
8.952421045E0,7.087500000E1
8.955045045E0,7.087500000E1
8.957670045E0,7.087500000E1
8.960294045E0,7.087500000E1
8.962919045E0,7.087500000E1
8.965543045E0,7.087500000E1
8.968168045E0,7.087500000E1
8.970792045E0,7.087500000E1
8.973417045E0,7.087500000E1
8.976042045E0,7.087500000E1
8.978666045E0,7.087500000E1
8.981291045E0,7.087500000E1
8.983915045E0,7.087500000E1
8.986540045E0,7.087500000E1
8.989164045E0,7.087500000E1
8.991789045E0,7.087500000E1
8.994413045E0,7.087500000E1
8.997038045E0,7.087500000E1
8.999662045E0,7.087500000E1
9.002287045E0,7.087500000E1
9.004911045E0,7.087500000E1
9.007536045E0,7.087500000E1
9.010160045E0,7.087500000E1
9.012785045E0,7.087500000E1
9.015409045E0,7.087500000E1
9.018034045E0,7.087500000E1
9.020658045E0,7.087500000E1
9.023283045E0,7.087500000E1
9.025907045E0,7.087500000E1
9.028532045E0,7.087500000E1
9.031156045E0,7.087500000E1
9.033781045E0,7.087500000E1
9.036405045E0,7.087500000E1
9.039030045E0,7.087500000E1
9.041654045E0,7.087500000E1
9.044279045E0,7.087500000E1
9.046903045E0,7.087500000E1
9.049528045E0,7.087500000E1
9.052152045E0,7.087500000E1
9.054777045E0,7.087500000E1
9.057401045E0,7.087500000E1
9.060026045E0,7.087500000E1
9.062650045E0,7.087500000E1
9.065275045E0,7.087500000E1
9.067899045E0,7.087500000E1
9.070524045E0,7.087500000E1
9.073148045E0,7.087500000E1
9.075773045E0,7.087500000E1
9.078397045E0,7.087500000E1
9.081022045E0,7.087500000E1
9.083646045E0,7.087500000E1
9.086271045E0,7.087500000E1
9.088896045E0,7.087500000E1
9.091520045E0,7.087500000E1
9.094145045E0,7.087500000E1
9.096769045E0,7.087500000E1
9.099394045E0,7.087500000E1
9.102018045E0,7.087500000E1
9.104643045E0,7.087500000E1
9.107267045E0,7.087500000E1
9.109892045E0,7.087500000E1
9.112516045E0,7.087500000E1
9.115141045E0,7.087500000E1
9.117765045E0,7.087500000E1
9.120390045E0,7.087500000E1
9.123014045E0,7.087500000E1
9.125639045E0,7.087500000E1
9.128263045E0,7.087500000E1
9.130888045E0,7.087500000E1
9.133512045E0,7.087500000E1
9.136137045E0,7.087500000E1
9.138761045E0,7.087500000E1
9.141386045E0,7.087500000E1
9.144010045E0,7.087500000E1
9.146635045E0,7.087500000E1
9.149259045E0,7.087500000E1
9.151884045E0,7.087500000E1
9.154508045E0,7.087500000E1
9.157133045E0,7.087500000E1
9.159757045E0,7.087500000E1
9.162382045E0,7.087500000E1
9.165006045E0,7.087500000E1
9.167631045E0,7.087500000E1
9.170255045E0,7.087500000E1
9.172880045E0,7.087500000E1
9.175504045E0,7.087500000E1
9.178129045E0,7.087500000E1
9.180753045E0,7.087500000E1
9.183378045E0,7.087500000E1
9.186002045E0,7.087500000E1
9.188627045E0,7.087500000E1
9.191251045E0,7.087500000E1
9.193876045E0,7.087500000E1
9.196500045E0,7.087500000E1
9.199125045E0,7.087500000E1
9.201750045E0,7.087500000E1
9.204374045E0,7.087500000E1
9.206999045E0,7.087500000E1
9.209623045E0,7.087500000E1
9.212248045E0,7.087500000E1
9.214872045E0,7.087500000E1
9.217497045E0,7.087500000E1
9.220121045E0,7.087500000E1
9.222746045E0,7.087500000E1
9.225370045E0,7.087500000E1
9.227995045E0,7.087500000E1
9.230619045E0,7.087500000E1
9.233244045E0,7.087500000E1
9.235868045E0,7.087500000E1
9.238493045E0,7.087500000E1
9.241117045E0,7.087500000E1
9.243742045E0,7.087500000E1
9.246366045E0,7.087500000E1
9.248991045E0,7.087500000E1
9.251615045E0,7.087500000E1
9.254240045E0,7.087500000E1
9.256864045E0,7.087500000E1
9.259489045E0,7.087500000E1
9.262113045E0,7.087500000E1
9.264738045E0,7.087500000E1
9.267362045E0,7.087500000E1
9.269987045E0,7.087500000E1
9.272611045E0,7.087500000E1
9.275236045E0,7.087500000E1
9.277860045E0,7.087500000E1
9.280485045E0,7.087500000E1
9.283109045E0,7.087500000E1
9.285734045E0,7.087500000E1
9.288358045E0,7.087500000E1
9.290983045E0,7.087500000E1
9.293607045E0,7.087500000E1
9.296232045E0,7.087500000E1
9.298856045E0,7.087500000E1
9.301481045E0,7.087500000E1
9.304105045E0,7.087500000E1
9.306730045E0,7.087500000E1
9.309355045E0,7.087500000E1
9.311979045E0,7.087500000E1
9.314604045E0,7.087500000E1
9.317228045E0,7.087500000E1
9.319853045E0,7.087500000E1
9.322477045E0,7.087500000E1
9.325102045E0,7.087500000E1
9.327726045E0,7.087500000E1
9.330351045E0,7.087500000E1
9.332975045E0,7.087500000E1
9.335600045E0,7.087500000E1
9.338224045E0,7.087500000E1
9.340849045E0,7.087500000E1
9.343473045E0,7.087500000E1
9.346098045E0,7.087500000E1
9.348722045E0,7.087500000E1
9.351347045E0,7.087500000E1
9.353971045E0,7.087500000E1
9.356596045E0,7.087500000E1
9.359220045E0,7.087500000E1
9.361845045E0,7.087500000E1
9.364469045E0,7.087500000E1
9.367094045E0,7.087500000E1
9.369718045E0,7.087500000E1
9.372343045E0,7.087500000E1
9.374967045E0,7.087500000E1
9.377592045E0,7.087500000E1
9.380216045E0,7.087500000E1
9.382841045E0,7.087500000E1
9.385465045E0,7.087500000E1
9.388090045E0,7.087500000E1
9.390714045E0,7.087500000E1
9.393339045E0,7.087500000E1
9.395963045E0,7.087500000E1
9.398588045E0,7.087500000E1
9.401212045E0,7.087500000E1
9.403837045E0,7.087500000E1
9.406461045E0,7.087500000E1
9.409086045E0,7.087500000E1
9.411710045E0,7.087500000E1
9.414335045E0,7.087500000E1
9.416959045E0,7.087500000E1
9.419584045E0,7.087500000E1
9.422209045E0,7.087500000E1
9.424833045E0,7.087500000E1
9.427458045E0,7.087500000E1
9.430082045E0,7.087500000E1
9.432707045E0,7.087500000E1
9.435331045E0,7.087500000E1
9.437956045E0,7.087500000E1
9.440580045E0,7.087500000E1
9.443205045E0,7.087500000E1
9.445829045E0,7.087500000E1
9.448454045E0,7.087500000E1
9.451078045E0,7.087500000E1
9.453703045E0,7.087500000E1
9.456327045E0,7.087500000E1
9.458952045E0,7.087500000E1
9.461576045E0,7.087500000E1
9.464201045E0,7.087500000E1
9.466825045E0,7.087500000E1
9.469450045E0,7.087500000E1
9.472074045E0,7.087500000E1
9.474699045E0,7.087500000E1
9.477323045E0,7.087500000E1
9.479948045E0,7.087500000E1
9.482572045E0,7.087500000E1
9.485197045E0,7.087500000E1
9.487821045E0,7.087500000E1
9.490446045E0,7.087500000E1
9.493070045E0,7.087500000E1
9.495695045E0,7.087500000E1
9.498319045E0,7.087500000E1
9.500944045E0,7.087500000E1
9.503568045E0,7.087500000E1
9.506193045E0,7.087500000E1
9.508817045E0,7.087500000E1
9.511442045E0,7.087500000E1
9.514066045E0,7.087500000E1
9.516691045E0,7.087500000E1
9.519315045E0,7.087500000E1
9.521940045E0,7.087500000E1
9.524564045E0,7.087500000E1
9.527189045E0,7.087500000E1
9.529813045E0,7.087500000E1
9.532438045E0,7.087500000E1
9.535063045E0,7.087500000E1
9.537687045E0,7.087500000E1
9.540312045E0,7.087500000E1
9.542936045E0,7.087500000E1
9.545561045E0,7.087500000E1
9.548185045E0,7.087500000E1
9.550810045E0,7.087500000E1
9.553434045E0,7.087500000E1
9.556059045E0,7.087500000E1
9.558683045E0,7.087500000E1
9.561308045E0,7.087500000E1
9.563932045E0,7.087500000E1
9.566557045E0,7.087500000E1
9.569181045E0,7.087500000E1
9.571806045E0,7.087500000E1
9.574430045E0,7.087500000E1
9.577055045E0,7.087500000E1
9.579679045E0,7.087500000E1
9.582304045E0,7.087500000E1
9.584928045E0,7.087500000E1
9.587553045E0,7.087500000E1
9.590177045E0,7.087500000E1
9.592802045E0,7.087500000E1
9.595426045E0,7.087500000E1
9.598051045E0,7.087500000E1
9.600675045E0,7.087500000E1
9.603300045E0,7.087500000E1
9.605924045E0,7.087500000E1
9.608549045E0,7.087500000E1
9.611173045E0,7.087500000E1
9.613798045E0,7.087500000E1
9.616422045E0,7.087500000E1
9.619047045E0,7.087500000E1
9.621671045E0,7.087500000E1
9.624296045E0,7.087500000E1
9.626920045E0,7.087500000E1
9.629545045E0,7.087500000E1
9.632169045E0,7.087500000E1
9.634794045E0,7.087500000E1
9.637418045E0,7.087500000E1
9.640043045E0,7.087500000E1
9.642667045E0,7.087500000E1
9.645292045E0,7.087500000E1
9.647917045E0,7.087500000E1
9.650541045E0,7.087500000E1
9.653166045E0,7.087500000E1
9.655790045E0,7.087500000E1
9.658415045E0,7.087500000E1
9.661039045E0,7.087500000E1
9.663664045E0,7.087500000E1
9.666288045E0,7.087500000E1
9.668913045E0,7.087500000E1
9.671537045E0,7.087500000E1
9.674162045E0,7.087500000E1
9.676786045E0,7.087500000E1
9.679411045E0,7.087500000E1
9.682035045E0,7.087500000E1
9.684660045E0,7.087500000E1
9.687284045E0,7.087500000E1
9.689909045E0,7.087500000E1
9.692533045E0,7.087500000E1
9.695158045E0,7.087500000E1
9.697782045E0,7.087500000E1
9.700407045E0,7.087500000E1
9.703031045E0,7.087500000E1
9.705656045E0,7.087500000E1
9.708280045E0,7.087500000E1
9.710905045E0,7.087500000E1
9.713529045E0,7.087500000E1
9.716154045E0,7.087500000E1
9.718778045E0,7.087500000E1
9.721403045E0,7.087500000E1
9.724027045E0,7.087500000E1
9.726652045E0,7.087500000E1
9.729276045E0,7.087500000E1
9.731887045E0,7.087500000E1
9.734511045E0,7.087500000E1
9.737136045E0,7.087500000E1
9.739760045E0,7.087500000E1
9.742385045E0,7.087500000E1
9.745009045E0,7.087500000E1
9.747634045E0,7.087500000E1
9.750258045E0,7.087500000E1
9.752883045E0,7.087500000E1
9.755507045E0,7.087500000E1
9.758132045E0,7.087500000E1
9.760756045E0,7.087500000E1
9.763381045E0,7.087500000E1
9.766006045E0,7.087500000E1
9.768630045E0,7.087500000E1
9.771255045E0,7.087500000E1
9.773879045E0,7.087500000E1
9.776504045E0,7.087500000E1
9.779128045E0,7.087500000E1
9.781753045E0,7.087500000E1
9.784377045E0,7.087500000E1
9.787002045E0,7.087500000E1
9.789626045E0,7.087500000E1
9.792251045E0,7.087500000E1
9.794875045E0,7.087500000E1
9.797500045E0,7.087500000E1
9.800124045E0,7.087500000E1
9.802749045E0,7.087500000E1
9.805373045E0,7.087500000E1
9.807998045E0,7.087500000E1
9.810622045E0,7.087500000E1
9.813247045E0,7.087500000E1
9.815871045E0,7.087500000E1
9.818496045E0,7.087500000E1
9.821120045E0,7.087500000E1
9.823745045E0,7.087500000E1
9.826369045E0,7.087500000E1
9.828994045E0,7.087500000E1
9.831618045E0,7.087500000E1
9.834243045E0,7.087500000E1
9.836867045E0,7.087500000E1
9.839492045E0,7.087500000E1
9.842116045E0,7.087500000E1
9.844741045E0,7.087500000E1
9.847365045E0,7.087500000E1
9.849990045E0,7.087500000E1
9.852614045E0,7.087500000E1
9.855239045E0,7.087500000E1
9.857863045E0,7.087500000E1
9.860488045E0,7.087500000E1
9.863112045E0,7.087500000E1
9.865737045E0,7.087500000E1
9.868361045E0,7.087500000E1
9.870986045E0,7.087500000E1
9.873610045E0,7.087500000E1
9.876235045E0,7.087500000E1
9.878860045E0,7.087500000E1
9.881484045E0,7.087500000E1
9.884109045E0,7.087500000E1
9.886733045E0,7.087500000E1
9.889358045E0,7.087500000E1
9.891982045E0,7.087500000E1
9.894607045E0,7.087500000E1
9.897231045E0,7.087500000E1
9.899856045E0,7.087500000E1
9.902480045E0,7.087500000E1
9.905105045E0,7.087500000E1
9.907729045E0,7.087500000E1
9.910354045E0,7.087500000E1
9.912978045E0,7.087500000E1
9.915603045E0,7.087500000E1
9.918227045E0,7.087500000E1
9.920852045E0,7.087500000E1
9.923476045E0,7.087500000E1
9.926101045E0,7.087500000E1
9.928725045E0,7.087500000E1
9.931350045E0,7.087500000E1
9.933974045E0,7.087500000E1
9.936599045E0,7.087500000E1
9.939223045E0,7.087500000E1
9.941848045E0,7.087500000E1
9.944472045E0,7.087500000E1
9.947097045E0,7.087500000E1
9.949721045E0,7.087500000E1
9.952346045E0,7.087500000E1
9.954970045E0,7.087500000E1
9.957595045E0,7.087500000E1
9.960219045E0,7.087500000E1
9.962844045E0,7.087500000E1
9.965468045E0,7.087500000E1
9.968093045E0,7.087500000E1
9.970717045E0,7.087500000E1
9.973342045E0,7.087500000E1
9.975966045E0,7.087500000E1
9.978591045E0,7.087500000E1
9.981215045E0,7.087500000E1
9.983840045E0,7.087500000E1
9.986464045E0,7.087500000E1
9.989089045E0,7.087500000E1
9.991714045E0,7.087500000E1
9.994338045E0,7.087500000E1
9.996963045E0,7.087500000E1
9.999587045E0,7.087500000E1
1.000221204E1,7.087500000E1
1.000483605E1,7.087500000E1
1.000746105E1,7.087500000E1
1.001008504E1,7.087500000E1
1.001271004E1,7.087500000E1
1.001533405E1,7.087500000E1
1.001795905E1,7.087500000E1
1.002058304E1,7.087500000E1
1.002320804E1,7.087500000E1
1.002583205E1,7.087500000E1
1.002845705E1,7.087500000E1
1.003108104E1,7.087500000E1
1.003370604E1,7.087500000E1
1.003633005E1,7.087500000E1
1.003895504E1,7.087500000E1
1.004157904E1,7.087500000E1
1.004420404E1,7.087500000E1
1.004682804E1,7.087500000E1
1.004945304E1,7.087500000E1
1.005207704E1,7.087500000E1
1.005470204E1,7.087500000E1
1.005732604E1,7.087500000E1
1.005995104E1,7.087500000E1
1.006257504E1,7.087500000E1
1.006520005E1,7.087500000E1
1.006782404E1,7.087500000E1
1.007044904E1,7.087500000E1
1.007307305E1,7.087500000E1
1.007569805E1,7.087500000E1
1.007832204E1,7.087500000E1
1.008094704E1,7.087500000E1
1.008357105E1,7.087500000E1
1.008619605E1,7.087500000E1
1.008882004E1,7.087500000E1
1.009144504E1,7.087500000E1
1.009406905E1,7.087500000E1
1.009669405E1,7.087500000E1
1.009931804E1,7.087500000E1
1.010194304E1,7.087500000E1
1.010456804E1,7.087500000E1
1.010719205E1,7.087500000E1
1.010981704E1,7.087500000E1
1.011244104E1,7.087500000E1
1.011506604E1,7.087500000E1
1.011769004E1,7.087500000E1
1.012031504E1,7.087500000E1
1.012293904E1,7.087500000E1
1.012556404E1,7.087500000E1
1.012818804E1,7.087500000E1
1.013081304E1,7.087500000E1
1.013343704E1,7.087500000E1
1.013606205E1,7.087500000E1
1.013868604E1,7.087500000E1
1.014131104E1,7.087500000E1
1.014393505E1,7.087500000E1
1.014656005E1,7.087500000E1
1.014918404E1,7.087500000E1
1.015180904E1,7.087500000E1
1.015443305E1,7.087500000E1
1.015705805E1,7.087500000E1
1.015968204E1,7.087500000E1
1.016230704E1,7.087500000E1
1.016493105E1,7.087500000E1
1.016755605E1,7.087500000E1
1.017018004E1,7.087500000E1
1.017280504E1,7.087500000E1
1.017542905E1,7.087500000E1
1.017805405E1,7.087500000E1
1.018067804E1,7.087500000E1
1.018330304E1,7.087500000E1
1.018592705E1,7.087500000E1
1.018855204E1,7.087500000E1
1.019117604E1,7.087500000E1
1.019380104E1,7.087500000E1
1.019642504E1,7.087500000E1
1.019905004E1,7.087500000E1
1.020167404E1,7.087500000E1
1.020429904E1,7.087500000E1
1.020692304E1,7.087500000E1
1.020954804E1,7.087500000E1
1.021217204E1,7.087500000E1
1.021479705E1,7.087500000E1
1.021742205E1,7.087500000E1
1.022004604E1,7.087500000E1
1.022267104E1,7.087500000E1
1.022529505E1,7.087500000E1
1.022792005E1,7.087500000E1
1.023054404E1,7.087500000E1
1.023316904E1,7.087500000E1
1.023579305E1,7.087500000E1
1.023841805E1,7.087500000E1
1.024104204E1,7.087500000E1
1.024366704E1,7.087500000E1
1.024629105E1,7.087500000E1
1.024891605E1,7.087500000E1
1.025154004E1,7.087500000E1
1.025416504E1,7.087500000E1
1.025678905E1,7.087500000E1
1.025941404E1,7.087500000E1
1.026203804E1,7.087500000E1
1.026466304E1,7.087500000E1
1.026728704E1,7.087500000E1
1.026991204E1,7.087500000E1
1.027253604E1,7.087500000E1
1.027516104E1,7.087500000E1
1.027778504E1,7.087500000E1
1.028041004E1,7.087500000E1
1.028303404E1,7.087500000E1
1.028565905E1,7.087500000E1
1.028828304E1,7.087500000E1
1.029090804E1,7.087500000E1
1.029353205E1,7.087500000E1
1.029615705E1,7.087500000E1
1.029878104E1,7.087500000E1
1.030140604E1,7.087500000E1
1.030403005E1,7.087500000E1
1.030665505E1,7.087500000E1
1.030927904E1,7.087500000E1
1.031190404E1,7.087500000E1
1.031452805E1,7.087500000E1
1.031715305E1,7.087500000E1
1.031977704E1,7.087500000E1
1.032240204E1,7.087500000E1
1.032502704E1,7.087500000E1
1.032765105E1,7.087500000E1
1.033027605E1,7.087500000E1
1.033290004E1,7.087500000E1
1.033552504E1,7.087500000E1
1.033814904E1,7.087500000E1
1.034077404E1,7.087500000E1
1.034339804E1,7.087500000E1
1.034602304E1,7.087500000E1
1.034864704E1,7.087500000E1
1.035127204E1,7.087500000E1
1.035389604E1,7.087500000E1
1.035652105E1,7.087500000E1
1.035914504E1,7.087500000E1
1.036177004E1,7.087500000E1
1.036439405E1,7.087500000E1
1.036701905E1,7.087500000E1
1.036964304E1,7.087500000E1
1.037226804E1,7.087500000E1
1.037489205E1,7.087500000E1
1.037751705E1,7.087500000E1
1.038014104E1,7.087500000E1
1.038276604E1,7.087500000E1
1.038539005E1,7.087500000E1
1.038801505E1,7.087500000E1
1.039063904E1,7.087500000E1
1.039326404E1,7.087500000E1
1.039588805E1,7.087500000E1
1.039851305E1,7.087500000E1
1.040113704E1,7.087500000E1
1.040376204E1,7.087500000E1
1.040638605E1,7.087500000E1
1.040901105E1,7.087500000E1
1.041163504E1,7.087500000E1
1.041426004E1,7.087500000E1
1.041688405E1,7.087500000E1
1.041950904E1,7.087500000E1
1.042213304E1,7.087500000E1
1.042475804E1,7.087500000E1
1.042738204E1,7.087500000E1
1.043000704E1,7.087500000E1
1.043263104E1,7.087500000E1
1.043525605E1,7.087500000E1
1.043788105E1,7.087500000E1
1.044050504E1,7.087500000E1
1.044313004E1,7.087500000E1
1.044575405E1,7.087500000E1
1.044837905E1,7.087500000E1
1.045100304E1,7.087500000E1
1.045362804E1,7.087500000E1
1.045625205E1,7.087500000E1
1.045887705E1,7.087500000E1
1.046150104E1,7.087500000E1
1.046412604E1,7.087500000E1
1.046675005E1,7.087500000E1
1.046937505E1,7.087500000E1
1.047199904E1,7.087500000E1
1.047462404E1,7.087500000E1
1.047724805E1,7.087500000E1
1.047987305E1,7.087500000E1
1.048249704E1,7.087500000E1
1.048512204E1,7.087500000E1
1.048774605E1,7.087500000E1
1.049037104E1,7.087500000E1
1.049299504E1,7.087500000E1
1.049562004E1,7.087500000E1
1.049824404E1,7.087500000E1
1.050086904E1,7.087500000E1
1.050349304E1,7.087500000E1
1.050611805E1,7.087500000E1
1.050874204E1,7.087500000E1
1.051136704E1,7.087500000E1
1.051399105E1,7.087500000E1
1.051661605E1,7.087500000E1
1.051924004E1,7.087500000E1
1.052186504E1,7.087500000E1
1.052448905E1,7.087500000E1
1.052711405E1,7.087500000E1
1.052973804E1,7.087500000E1
1.053236304E1,7.087500000E1
1.053498705E1,7.087500000E1
1.053761205E1,7.087500000E1
1.054023604E1,7.087500000E1
1.054286104E1,7.087500000E1
1.054548505E1,7.087500000E1
1.054811005E1,7.087500000E1
1.055073505E1,7.087500000E1
1.055335904E1,7.087500000E1
1.055598404E1,7.087500000E1
1.055860805E1,7.087500000E1
1.056123304E1,7.087500000E1
1.056385704E1,7.087500000E1
1.056648204E1,7.087500000E1
1.056910604E1,7.087500000E1
1.057173104E1,7.087500000E1
1.057435504E1,7.087500000E1
1.057698004E1,7.087500000E1
1.057960404E1,7.087500000E1
1.058222904E1,7.087500000E1
1.058485305E1,7.087500000E1
1.058747805E1,7.087500000E1
1.059010204E1,7.087500000E1
1.059272704E1,7.087500000E1
1.059535105E1,7.087500000E1
1.059797605E1,7.087500000E1
1.060060004E1,7.087500000E1
1.060322504E1,7.087500000E1
1.060584905E1,7.087500000E1
1.060847405E1,7.087500000E1
1.061109804E1,7.087500000E1
1.061372304E1,7.087500000E1
1.061634705E1,7.087500000E1
1.061897205E1,7.087500000E1
1.062159604E1,7.087500000E1
1.062422104E1,7.087500000E1
1.062684505E1,7.087500000E1
1.062947005E1,7.087500000E1
1.063209404E1,7.087500000E1
1.063471904E1,7.087500000E1
1.063734305E1,7.087500000E1
1.063996804E1,7.087500000E1
1.064259204E1,7.087500000E1
1.064521704E1,7.087500000E1
1.064784104E1,7.087500000E1
1.065046604E1,7.087500000E1
1.065309004E1,7.087500000E1
1.065571504E1,7.087500000E1
1.065833904E1,7.087500000E1
1.066096404E1,7.087500000E1
1.066358904E1,7.087500000E1
1.066621305E1,7.087500000E1
1.066883805E1,7.087500000E1
1.067146204E1,7.087500000E1
1.067408704E1,7.087500000E1
1.067671105E1,7.087500000E1
1.067933605E1,7.087500000E1
1.068196004E1,7.087500000E1
1.068458504E1,7.087500000E1
1.068720905E1,7.087500000E1
1.068983405E1,7.087500000E1
1.069245804E1,7.087500000E1
1.069508304E1,7.087500000E1
1.069770705E1,7.087500000E1
1.070033205E1,7.087500000E1
1.070295604E1,7.087500000E1
1.070558104E1,7.087500000E1
1.070820505E1,7.087500000E1
1.071083004E1,7.087500000E1
1.071345404E1,7.087500000E1
1.071607904E1,7.087500000E1
1.071870304E1,7.087500000E1
1.072132804E1,7.087500000E1
1.072395204E1,7.087500000E1
1.072657704E1,7.087500000E1
1.072920104E1,7.087500000E1
1.073182604E1,7.087500000E1
1.073445004E1,7.087500000E1
1.073707505E1,7.087500000E1
1.073969904E1,7.087500000E1
1.074232404E1,7.087500000E1
1.074494805E1,7.087500000E1
1.074757305E1,7.087500000E1
1.075019704E1,7.087500000E1
1.075282204E1,7.087500000E1
1.075544605E1,7.087500000E1
1.075807105E1,7.087500000E1
1.076069504E1,7.087500000E1
1.076332004E1,7.087500000E1
1.076594405E1,7.087500000E1
1.076856905E1,7.087500000E1
1.077119304E1,7.087500000E1
1.077381804E1,7.087500000E1
1.077644304E1,7.087500000E1
1.077906705E1,7.087500000E1
1.078169205E1,7.087500000E1
1.078431604E1,7.087500000E1
1.078694104E1,7.087500000E1
1.078956504E1,7.087500000E1
1.079219004E1,7.087500000E1
1.079481404E1,7.087500000E1
1.079743904E1,7.087500000E1
1.080006304E1,7.087500000E1
1.080268804E1,7.087500000E1
1.080531204E1,7.087500000E1
1.080793705E1,7.087500000E1
1.081056104E1,7.087500000E1
1.081318604E1,7.087500000E1
1.081581005E1,7.087500000E1
1.081843505E1,7.087500000E1
1.082105904E1,7.087500000E1
1.082368404E1,7.087500000E1
1.082630805E1,7.087500000E1
1.082893305E1,7.087500000E1
1.083155704E1,7.087500000E1
1.083418204E1,7.087500000E1
1.083680605E1,7.087500000E1
1.083943105E1,7.087500000E1
1.084205504E1,7.087500000E1
1.084468004E1,7.087500000E1
1.084730405E1,7.087500000E1
1.084992905E1,7.087500000E1
1.085255304E1,7.087500000E1
1.085517804E1,7.087500000E1
1.085780205E1,7.087500000E1
1.086042705E1,7.087500000E1
1.086305104E1,7.087500000E1
1.086567604E1,7.087500000E1
1.086830004E1,7.087500000E1
1.087092504E1,7.087500000E1
1.087354904E1,7.087500000E1
1.087617404E1,7.087500000E1
1.087879804E1,7.087500000E1
1.088142304E1,7.087500000E1
1.088404704E1,7.087500000E1
1.088667205E1,7.087500000E1
1.088929705E1,7.087500000E1
1.089192104E1,7.087500000E1
1.089454604E1,7.087500000E1
1.089717005E1,7.087500000E1
1.089979505E1,7.087500000E1
1.090241904E1,7.087500000E1
1.090504404E1,7.087500000E1
1.090766805E1,7.087500000E1
1.091029305E1,7.087500000E1
1.091291704E1,7.087500000E1
1.091554204E1,7.087500000E1
1.091816605E1,7.087500000E1
1.092079105E1,7.087500000E1
1.092341504E1,7.087500000E1
1.092604004E1,7.087500000E1
1.092866405E1,7.087500000E1
1.093128905E1,7.087500000E1
1.093391304E1,7.087500000E1
1.093653804E1,7.087500000E1
1.093916205E1,7.087500000E1
1.094178704E1,7.087500000E1
1.094441104E1,7.087500000E1
1.094703604E1,7.087500000E1
1.094966004E1,7.087500000E1
1.095228504E1,7.087500000E1
1.095490904E1,7.087500000E1
1.095753405E1,7.087500000E1
1.096015804E1,7.087500000E1
1.096278304E1,7.087500000E1
1.096540705E1,7.087500000E1
1.096803205E1,7.087500000E1
1.097065604E1,7.087500000E1
1.097328104E1,7.087500000E1
1.097590505E1,7.087500000E1
1.097853005E1,7.087500000E1
1.098115404E1,7.087500000E1
1.098377904E1,7.087500000E1
1.098640305E1,7.087500000E1
1.098902805E1,7.087500000E1
1.099165204E1,7.087500000E1
1.099427704E1,7.087500000E1
1.099690204E1,7.087500000E1
1.099952605E1,7.087500000E1
1.100215105E1,7.087500000E1
1.100477504E1,7.087500000E1
1.100740004E1,7.087500000E1
1.101002405E1,7.087500000E1
1.101264904E1,7.087500000E1
1.101527304E1,7.087500000E1
1.101789804E1,7.087500000E1
1.102052204E1,7.087500000E1
1.102314704E1,7.087500000E1
1.102577104E1,7.087500000E1
1.102839605E1,7.087500000E1
1.103102004E1,7.087500000E1
1.103364504E1,7.087500000E1
1.103626905E1,7.087500000E1
1.103889405E1,7.087500000E1
1.104151804E1,7.087500000E1
1.104414304E1,7.087500000E1
1.104676705E1,7.087500000E1
1.104939205E1,7.087500000E1
1.105201604E1,7.087500000E1
1.105464104E1,7.087500000E1
1.105726505E1,7.087500000E1
1.105989005E1,7.087500000E1
1.106251404E1,7.087500000E1
1.106513904E1,7.087500000E1
1.106776305E1,7.087500000E1
1.107038805E1,7.087500000E1
1.107301204E1,7.087500000E1
1.107563704E1,7.087500000E1
1.107826105E1,7.087500000E1
1.108088605E1,7.087500000E1
1.108351004E1,7.087500000E1
1.108613504E1,7.087500000E1
1.108875905E1,7.087500000E1
1.109138404E1,7.087500000E1
1.109400804E1,7.087500000E1
1.109663304E1,7.087500000E1
1.109925704E1,7.087500000E1
1.110188204E1,7.087500000E1
1.110450604E1,7.087500000E1
1.110713105E1,7.087500000E1
1.110975605E1,7.087500000E1
1.111238004E1,7.087500000E1
1.111500504E1,7.087500000E1
1.111762905E1,7.087500000E1
1.112025405E1,7.087500000E1
1.112287804E1,7.087500000E1
1.112550304E1,7.087500000E1
1.112812705E1,7.087500000E1
1.113075205E1,7.087500000E1
1.113337604E1,7.087500000E1
1.113600104E1,7.087500000E1
1.113862505E1,7.087500000E1
1.114125005E1,7.087500000E1
1.114387404E1,7.087500000E1
1.114649904E1,7.087500000E1
1.114912305E1,7.087500000E1
1.115174805E1,7.087500000E1
1.115437204E1,7.087500000E1
1.115699704E1,7.087500000E1
1.115962105E1,7.087500000E1
1.116224604E1,7.087500000E1
1.116487004E1,7.087500000E1
1.116749504E1,7.087500000E1
1.117011904E1,7.087500000E1
1.117274404E1,7.087500000E1
1.117536804E1,7.087500000E1
1.117799305E1,7.087500000E1
1.118061704E1,7.087500000E1
1.118324204E1,7.087500000E1
1.118586605E1,7.087500000E1
1.118849105E1,7.087500000E1
1.119111504E1,7.087500000E1
1.119374004E1,7.087500000E1
1.119636405E1,7.087500000E1
1.119898905E1,7.087500000E1
1.120161304E1,7.087500000E1
1.120423804E1,7.087500000E1
1.120686205E1,7.087500000E1
1.120948705E1,7.087500000E1
1.121211104E1,7.087500000E1
1.121473604E1,7.087500000E1
1.121736005E1,7.087500000E1
1.121998505E1,7.087500000E1
1.122261005E1,7.087500000E1
1.122523404E1,7.087500000E1
1.122785904E1,7.087500000E1
1.123048305E1,7.087500000E1
1.123310804E1,7.087500000E1
1.123573204E1,7.087500000E1
1.123835704E1,7.087500000E1
1.124098104E1,7.087500000E1
1.124360604E1,7.087500000E1
1.124623004E1,7.087500000E1
1.124885504E1,7.087500000E1
1.125147904E1,7.087500000E1
1.125410404E1,7.087500000E1
1.125672805E1,7.087500000E1
1.125935305E1,7.087500000E1
1.126197704E1,7.087500000E1
1.126460204E1,7.087500000E1
1.126722605E1,7.087500000E1
1.126985105E1,7.087500000E1
1.127247504E1,7.087500000E1
1.127510004E1,7.087500000E1
1.127772405E1,7.087500000E1
1.128034905E1,7.087500000E1
1.128297304E1,7.087500000E1
1.128559804E1,7.087500000E1
1.128822205E1,7.087500000E1
1.129084705E1,7.087500000E1
1.129347104E1,7.087500000E1
1.129609604E1,7.087500000E1
1.129872005E1,7.087500000E1
1.130134505E1,7.087500000E1
1.130396904E1,7.087500000E1
1.130659404E1,7.087500000E1
1.130921805E1,7.087500000E1
1.131184304E1,7.087500000E1
1.131446704E1,7.087500000E1
1.131709204E1,7.087500000E1
1.131971604E1,7.087500000E1
1.132234104E1,7.087500000E1
1.132496504E1,7.087500000E1
1.132759004E1,7.087500000E1
1.133021404E1,7.087500000E1
1.133283904E1,7.087500000E1
1.133546404E1,7.087500000E1
1.133808805E1,7.087500000E1
1.134071305E1,7.087500000E1
1.134333704E1,7.087500000E1
1.134596204E1,7.087500000E1
1.134858605E1,7.087500000E1
1.135121105E1,7.087500000E1
1.135383504E1,7.087500000E1
1.135646004E1,7.087500000E1
1.135908405E1,7.087500000E1
1.136170905E1,7.087500000E1
1.136433304E1,7.087500000E1
1.136695804E1,7.087500000E1
1.136958205E1,7.087500000E1
1.137220705E1,7.087500000E1
1.137483104E1,7.087500000E1
1.137745604E1,7.087500000E1
1.138008005E1,7.087500000E1
1.138270505E1,7.087500000E1
1.138532904E1,7.087500000E1
1.138795404E1,7.087500000E1
1.139057805E1,7.087500000E1
1.139320304E1,7.087500000E1
1.139582704E1,7.087500000E1
1.139845204E1,7.087500000E1
1.140107604E1,7.087500000E1
1.140370104E1,7.087500000E1
1.140632504E1,7.087500000E1
1.140895005E1,7.087500000E1
1.141157404E1,7.087500000E1
1.141419904E1,7.087500000E1
1.141682305E1,7.087500000E1
1.141944805E1,7.087500000E1
1.142207204E1,7.087500000E1
1.142469704E1,7.087500000E1
1.142732105E1,7.087500000E1
1.142994605E1,7.087500000E1
1.143257004E1,7.087500000E1
1.143519504E1,7.087500000E1
1.143781905E1,7.087500000E1
1.144044405E1,7.087500000E1
1.144306804E1,7.087500000E1
1.144569304E1,7.087500000E1
1.144831804E1,7.087500000E1
1.145094205E1,7.087500000E1
1.145356705E1,7.087500000E1
1.145619104E1,7.087500000E1
1.145881604E1,7.087500000E1
1.146144005E1,7.087500000E1
1.146406504E1,7.087500000E1
1.146668904E1,7.087500000E1
1.146931404E1,7.087500000E1
1.147193804E1,7.087500000E1
1.147456304E1,7.087500000E1
1.147718704E1,7.087500000E1
1.147981205E1,7.087500000E1
1.148243604E1,7.087500000E1
1.148506104E1,7.087500000E1
1.148768505E1,7.087500000E1
1.149031005E1,7.087500000E1
1.149293404E1,7.087500000E1
1.149555904E1,7.087500000E1
1.149818305E1,7.087500000E1
1.150080805E1,7.087500000E1
1.150343204E1,7.087500000E1
1.150605704E1,7.087500000E1
1.150868105E1,7.087500000E1
1.151130605E1,7.087500000E1
1.151393004E1,7.087500000E1
1.151655504E1,7.087500000E1
1.151917905E1,7.087500000E1
1.152180405E1,7.087500000E1
1.152442804E1,7.087500000E1
1.152705304E1,7.087500000E1
1.152967705E1,7.087500000E1
1.153230205E1,7.087500000E1
1.153492604E1,7.087500000E1
1.153755104E1,7.087500000E1
1.154017505E1,7.087500000E1
1.154280004E1,7.087500000E1
1.154542404E1,7.087500000E1
1.154804904E1,7.087500000E1
1.155067304E1,7.087500000E1
1.155329804E1,7.087500000E1
1.155592204E1,7.087500000E1
1.155854705E1,7.087500000E1
1.156117205E1,7.087500000E1
1.156379604E1,7.087500000E1
1.156642104E1,7.087500000E1
1.156904505E1,7.087500000E1
1.157167005E1,7.087500000E1
1.157429404E1,7.087500000E1
1.157691904E1,7.087500000E1
1.157954305E1,7.087500000E1
1.158216805E1,7.087500000E1
1.158479204E1,7.087500000E1
1.158741704E1,7.087500000E1
1.159004105E1,7.087500000E1
1.159266605E1,7.087500000E1
1.159529004E1,7.087500000E1
1.159791504E1,7.087500000E1
1.160053905E1,7.087500000E1
1.160316405E1,7.087500000E1
1.160578804E1,7.087500000E1
1.160841304E1,7.087500000E1
1.161103705E1,7.087500000E1
1.161366204E1,7.087500000E1
1.161628604E1,7.087500000E1
1.161891104E1,7.087500000E1
1.162153504E1,7.087500000E1
1.162416004E1,7.087500000E1
1.162678404E1,7.087500000E1
1.162940905E1,7.087500000E1
1.163203304E1,7.087500000E1
1.163465804E1,7.087500000E1
1.163728205E1,7.087500000E1
1.163990705E1,7.087500000E1
1.164253104E1,7.087500000E1
1.164515604E1,7.087500000E1
1.164778005E1,7.087500000E1
1.165040505E1,7.087500000E1
1.165302904E1,7.087500000E1
1.165565404E1,7.087500000E1
1.165827805E1,7.087500000E1
1.166090305E1,7.087500000E1
1.166352704E1,7.087500000E1
1.166615204E1,7.087500000E1
1.166877704E1,7.087500000E1
1.167140105E1,7.087500000E1
1.167402605E1,7.087500000E1
1.167665004E1,7.087500000E1
1.167927504E1,7.087500000E1
1.168189905E1,7.087500000E1
1.168452404E1,7.087500000E1
1.168714804E1,7.087500000E1
1.168977304E1,7.087500000E1
1.169239704E1,7.087500000E1
1.169502204E1,7.087500000E1
1.169764604E1,7.087500000E1
1.170027105E1,7.087500000E1
1.170289504E1,7.087500000E1
1.170552004E1,7.087500000E1
1.170814405E1,7.087500000E1
1.171076905E1,7.087500000E1
1.171339304E1,7.087500000E1
1.171601804E1,7.087500000E1
1.171864205E1,7.087500000E1
1.172126705E1,7.087500000E1
1.172389104E1,7.087500000E1
1.172651604E1,7.087500000E1
1.172914005E1,7.087500000E1
1.173176505E1,7.087500000E1
1.173438904E1,7.087500000E1
1.173701404E1,7.087500000E1
1.173963805E1,7.087500000E1
1.174226305E1,7.087500000E1
1.174488704E1,7.087500000E1
1.174751204E1,7.087500000E1
1.175013605E1,7.087500000E1
1.175276105E1,7.087500000E1
1.175538504E1,7.087500000E1
1.175801004E1,7.087500000E1
1.176063405E1,7.087500000E1
1.176325904E1,7.087500000E1
1.176588304E1,7.087500000E1
1.176850804E1,7.087500000E1
1.177113204E1,7.087500000E1
1.177375704E1,7.087500000E1
1.177638104E1,7.087500000E1
1.177900605E1,7.087500000E1
1.178163105E1,7.087500000E1
1.178425504E1,7.087500000E1
1.178688004E1,7.087500000E1
1.178950405E1,7.087500000E1
1.179212905E1,7.087500000E1
1.179475304E1,7.087500000E1
1.179737804E1,7.087500000E1
1.180000205E1,7.087500000E1
1.180262705E1,7.087500000E1
1.180525104E1,7.087500000E1
1.180787604E1,7.087500000E1
1.181050005E1,7.087500000E1
1.181312505E1,7.087500000E1
1.181574904E1,7.087500000E1
1.181837404E1,7.087500000E1
1.182099805E1,7.087500000E1
1.182362305E1,7.087500000E1
1.182624704E1,7.087500000E1
1.182887204E1,7.087500000E1
1.183149605E1,7.087500000E1
1.183412105E1,7.087500000E1
1.183674504E1,7.087500000E1
1.183937004E1,7.087500000E1
1.184199404E1,7.087500000E1
1.184461904E1,7.087500000E1
1.184724304E1,7.087500000E1
1.184986805E1,7.087500000E1
1.185249204E1,7.087500000E1
1.185511704E1,7.087500000E1
1.185774105E1,7.087500000E1
1.186036605E1,7.087500000E1
1.186299004E1,7.087500000E1
1.186561504E1,7.087500000E1
1.186823905E1,7.087500000E1
1.187086405E1,7.087500000E1
1.187348804E1,7.087500000E1
1.187611304E1,7.087500000E1
1.187873705E1,7.087500000E1
1.188136205E1,7.087500000E1
1.188398604E1,7.087500000E1
1.188661104E1,7.087500000E1
1.188923505E1,7.087500000E1
1.189186005E1,7.087500000E1
1.189448505E1,7.087500000E1
1.189710904E1,7.087500000E1
1.189973404E1,7.087500000E1
1.190235805E1,7.087500000E1
1.190498305E1,7.087500000E1
1.190760704E1,7.087500000E1
1.191023204E1,7.087500000E1
1.191285605E1,7.087500000E1
1.191548104E1,7.087500000E1
1.191810504E1,7.087500000E1
1.192073004E1,7.087500000E1
1.192335404E1,7.087500000E1
1.192597904E1,7.087500000E1
1.192860305E1,7.087500000E1
1.193122805E1,7.087500000E1
1.193385204E1,7.087500000E1
1.193647704E1,7.087500000E1
1.193910105E1,7.087500000E1
1.194172605E1,7.087500000E1
1.194435004E1,7.087500000E1
1.194697504E1,7.087500000E1
1.194959905E1,7.087500000E1
1.195222405E1,7.087500000E1
1.195484804E1,7.087500000E1
1.195747304E1,7.087500000E1
1.196009705E1,7.087500000E1
1.196272205E1,7.087500000E1
1.196534604E1,7.087500000E1
1.196797104E1,7.087500000E1
1.197059505E1,7.087500000E1
1.197322005E1,7.087500000E1
1.197584404E1,7.087500000E1
1.197846904E1,7.087500000E1
1.198109305E1,7.087500000E1
1.198371805E1,7.087500000E1
1.198634204E1,7.087500000E1
1.198896704E1,7.087500000E1
1.199159105E1,7.087500000E1
1.199421604E1,7.087500000E1
1.199684004E1,7.087500000E1
1.199946504E1,7.087500000E1
1.200208904E1,7.087500000E1
1.200471404E1,7.087500000E1
1.200733904E1,7.087500000E1
1.200996305E1,7.087500000E1
1.201258805E1,7.087500000E1
1.201521204E1,7.087500000E1
1.201783704E1,7.087500000E1
1.202046105E1,7.087500000E1
1.202308605E1,7.087500000E1
1.202571004E1,7.087500000E1
1.202833504E1,7.087500000E1
1.203095905E1,7.087500000E1
1.203358405E1,7.087500000E1
1.203620804E1,7.087500000E1
1.203883304E1,7.087500000E1
1.204145705E1,7.087500000E1
1.204408205E1,7.087500000E1
1.204670604E1,7.087500000E1
1.204933104E1,7.087500000E1
1.205195505E1,7.087500000E1
1.205458005E1,7.087500000E1
1.205720404E1,7.087500000E1
1.205982904E1,7.087500000E1
1.206245305E1,7.087500000E1
1.206507804E1,7.087500000E1
1.206770204E1,7.087500000E1
1.207032704E1,7.087500000E1
1.207295104E1,7.087500000E1
1.207557604E1,7.087500000E1
1.207820004E1,7.087500000E1
1.208082505E1,7.087500000E1
1.208344904E1,7.087500000E1
1.208607404E1,7.087500000E1
1.208869805E1,7.087500000E1
1.209132305E1,7.087500000E1
1.209394704E1,7.087500000E1
1.209657204E1,7.087500000E1
1.209919605E1,7.087500000E1
1.210182105E1,7.087500000E1
1.210444504E1,7.087500000E1
1.210707004E1,7.087500000E1
1.210969405E1,7.087500000E1
1.211231905E1,7.087500000E1
1.211494304E1,7.087500000E1
1.211756804E1,7.087500000E1
1.212019304E1,7.087500000E1
1.212281705E1,7.087500000E1
1.212544205E1,7.087500000E1
1.212806604E1,7.087500000E1
1.213069104E1,7.087500000E1
1.213331505E1,7.087500000E1
1.213594004E1,7.087500000E1
1.213856404E1,7.087500000E1
1.214118904E1,7.087500000E1
1.214381304E1,7.087500000E1
1.214643804E1,7.087500000E1
1.214906204E1,7.087500000E1
1.215168705E1,7.087500000E1
1.215431104E1,7.087500000E1
1.215693604E1,7.087500000E1
1.215956005E1,7.087500000E1
1.216218505E1,7.087500000E1
1.216480904E1,7.087500000E1
1.216743404E1,7.087500000E1
1.217005805E1,7.087500000E1
1.217268305E1,7.087500000E1
1.217530704E1,7.087500000E1
1.217793204E1,7.087500000E1
1.218055605E1,7.087500000E1
1.218318105E1,7.087500000E1
1.218580504E1,7.087500000E1
1.218843004E1,7.087500000E1
1.219105405E1,7.087500000E1
1.219367905E1,7.087500000E1
1.219630304E1,7.087500000E1
1.219892804E1,7.087500000E1
1.220155205E1,7.087500000E1
1.220417705E1,7.087500000E1
1.220680104E1,7.087500000E1
1.220942604E1,7.087500000E1
1.221205005E1,7.087500000E1
1.221467504E1,7.087500000E1
1.221729904E1,7.087500000E1
1.221992404E1,7.087500000E1
1.222254804E1,7.087500000E1
1.222517304E1,7.087500000E1
1.222779704E1,7.087500000E1
1.223042205E1,7.087500000E1
1.223304705E1,7.087500000E1
1.223567104E1,7.087500000E1
1.223829604E1,7.087500000E1
1.224092005E1,7.087500000E1
1.224354505E1,7.087500000E1
1.224616904E1,7.087500000E1
1.224879404E1,7.087500000E1
1.225141805E1,7.087500000E1
1.225404305E1,7.087500000E1
1.225666704E1,7.087500000E1
1.225929204E1,7.087500000E1
1.226191605E1,7.087500000E1
1.226454105E1,7.087500000E1
1.226716504E1,7.087500000E1
1.226979004E1,7.087500000E1
1.227241405E1,7.087500000E1
1.227503905E1,7.087500000E1
1.227766304E1,7.087500000E1
1.228028804E1,7.087500000E1
1.228291205E1,7.087500000E1
1.228553704E1,7.087500000E1
1.228816104E1,7.087500000E1
1.229078604E1,7.087500000E1
1.229341004E1,7.087500000E1
1.229603504E1,7.087500000E1
1.229865904E1,7.087500000E1
1.230128405E1,7.087500000E1
1.230390804E1,7.087500000E1
1.230653304E1,7.087500000E1
1.230915705E1,7.087500000E1
1.231178205E1,7.087500000E1
1.231440604E1,7.087500000E1
1.231703104E1,7.087500000E1
1.231965505E1,7.087500000E1
1.232228005E1,7.087500000E1
1.232490404E1,7.087500000E1
1.232752904E1,7.087500000E1
1.233015305E1,7.087500000E1
1.233277805E1,7.087500000E1
1.233540204E1,7.087500000E1
1.233802704E1,7.087500000E1
1.234065204E1,7.087500000E1
1.234327605E1,7.087500000E1
1.234590105E1,7.087500000E1
1.234852504E1,7.087500000E1
1.235115004E1,7.087500000E1
1.235377405E1,7.087500000E1
1.235639905E1,7.087500000E1
1.235902304E1,7.087500000E1
1.236164804E1,7.087500000E1
1.236427205E1,7.087500000E1
1.236689704E1,7.087500000E1
1.236952104E1,7.087500000E1
1.237214605E1,7.087500000E1
1.237477004E1,7.087500000E1
1.237739504E1,7.087500000E1
1.238001905E1,7.087500000E1
1.238264405E1,7.087500000E1
1.238526804E1,7.087500000E1
1.238789304E1,7.087500000E1
1.239051705E1,7.087500000E1
1.239314205E1,7.087500000E1
1.239576604E1,7.087500000E1
1.239839104E1,7.087500000E1
1.240101505E1,7.087500000E1
1.240364005E1,7.087500000E1
1.240626404E1,7.087500000E1
1.240888904E1,7.087500000E1
1.241151305E1,7.087500000E1
1.241413805E1,7.087500000E1
1.241676204E1,7.087500000E1
1.241938704E1,7.087500000E1
1.242201105E1,7.087500000E1
1.242463605E1,7.087500000E1
1.242726004E1,7.087500000E1
1.242988504E1,7.087500000E1
1.243250905E1,7.087500000E1
1.243513405E1,7.087500000E1
1.243775804E1,7.087500000E1
1.244038304E1,7.087500000E1
1.244300705E1,7.087500000E1
1.244563204E1,7.087500000E1
1.244825604E1,7.087500000E1
1.245088105E1,7.087500000E1
1.245350605E1,7.087500000E1
1.245613004E1,7.087500000E1
1.245875504E1,7.087500000E1
1.246137905E1,7.087500000E1
1.246400405E1,7.087500000E1
1.246662804E1,7.087500000E1
1.246925304E1,7.087500000E1
1.247187705E1,7.087500000E1
1.247450205E1,7.087500000E1
1.247712604E1,7.087500000E1
1.247975104E1,7.087500000E1
1.248237505E1,7.087500000E1
1.248500005E1,7.087500000E1
1.248762404E1,7.087500000E1
1.249024904E1,7.087500000E1
1.249287305E1,7.087500000E1
1.249549805E1,7.087500000E1
1.249812204E1,7.087500000E1
1.250074704E1,7.087500000E1
1.250337105E1,7.087500000E1
1.250599605E1,7.087500000E1
1.250862004E1,7.087500000E1
1.251124504E1,7.087500000E1
1.251386905E1,7.087500000E1
1.251649404E1,7.087500000E1
1.251911804E1,7.087500000E1
1.252174305E1,7.087500000E1
1.252436704E1,7.087500000E1
1.252699204E1,7.087500000E1
1.252961605E1,7.087500000E1
1.253224105E1,7.087500000E1
1.253486504E1,7.087500000E1
1.253749004E1,7.087500000E1
1.254011405E1,7.087500000E1
1.254273905E1,7.087500000E1
1.254536304E1,7.087500000E1
1.254798804E1,7.087500000E1
1.255061205E1,7.087500000E1
1.255323705E1,7.087500000E1
1.255586104E1,7.087500000E1
1.255848604E1,7.087500000E1
1.256111005E1,7.087500000E1
1.256373505E1,7.087500000E1
1.256636005E1,7.087500000E1
1.256898404E1,7.087500000E1
1.257160904E1,7.087500000E1
1.257423305E1,7.087500000E1
1.257685805E1,7.087500000E1
1.257948204E1,7.087500000E1
1.258210704E1,7.087500000E1
1.258473105E1,7.087500000E1
1.258735604E1,7.087500000E1
1.258998004E1,7.087500000E1
1.259260504E1,7.087500000E1
1.259522904E1,7.087500000E1
1.259785404E1,7.087500000E1
1.260047805E1,7.087500000E1
1.260310305E1,7.087500000E1
1.260572704E1,7.087500000E1
1.260835204E1,7.087500000E1
1.261097605E1,7.087500000E1
1.261360105E1,7.087500000E1
1.261622504E1,7.087500000E1
1.261885004E1,7.087500000E1
1.262147405E1,7.087500000E1
1.262409905E1,7.087500000E1
1.262672304E1,7.087500000E1
1.262934804E1,7.087500000E1
1.263197205E1,7.087500000E1
1.263459705E1,7.087500000E1
1.263722104E1,7.087500000E1
1.263984604E1,7.087500000E1
