"Time (s)","Illuminance (lx)"
0.000000000E0,2.575000000E1
8.515808000E-3,2.575000000E1
1.864680800E-2,2.575000000E1
2.877880800E-2,2.575000000E1
3.143380800E-2,2.575000000E1
3.405880800E-2,2.575000000E1
3.668280800E-2,2.575000000E1
3.930780800E-2,2.575000000E1
4.193180800E-2,2.575000000E1
4.455680800E-2,2.575000000E1
4.718080800E-2,2.575000000E1
4.980580800E-2,2.575000000E1
5.242980800E-2,2.575000000E1
5.505480800E-2,2.575000000E1
5.767880800E-2,2.575000000E1
6.030380800E-2,2.575000000E1
6.292780800E-2,2.575000000E1
6.555280800E-2,2.575000000E1
6.817680800E-2,2.575000000E1
7.080180800E-2,2.575000000E1
7.342680800E-2,2.575000000E1
7.605080800E-2,2.575000000E1
7.867580800E-2,2.575000000E1
8.129980800E-2,2.575000000E1
8.392480800E-2,2.575000000E1
8.654880800E-2,2.575000000E1
8.917380800E-2,2.575000000E1
9.179780800E-2,2.575000000E1
9.442280800E-2,2.575000000E1
9.704680800E-2,2.575000000E1
9.967180800E-2,2.575000000E1
1.022958080E-1,2.575000000E1
1.049208080E-1,2.575000000E1
1.075448080E-1,2.575000000E1
1.101698080E-1,2.575000000E1
1.127938080E-1,2.575000000E1
1.154188080E-1,2.575000000E1
1.180428080E-1,2.575000000E1
1.206678080E-1,2.575000000E1
1.232918080E-1,2.575000000E1
1.259168080E-1,2.575000000E1
1.285408080E-1,2.575000000E1
1.311658080E-1,2.575000000E1
1.337898080E-1,2.575000000E1
1.364148080E-1,2.575000000E1
1.390388080E-1,2.575000000E1
1.416638080E-1,2.575000000E1
1.442878080E-1,2.575000000E1
1.469128080E-1,2.575000000E1
1.495368080E-1,2.575000000E1
1.521618080E-1,2.575000000E1
1.547858080E-1,2.575000000E1
1.574108080E-1,2.575000000E1
1.600348080E-1,2.575000000E1
1.626598080E-1,2.575000000E1
1.652838080E-1,2.575000000E1
1.679088080E-1,2.575000000E1
1.705328080E-1,2.575000000E1
1.731578080E-1,2.575000000E1
1.757818080E-1,2.575000000E1
1.784068080E-1,2.575000000E1
1.810318080E-1,2.575000000E1
1.836558080E-1,2.575000000E1
1.862808080E-1,2.575000000E1
1.889048080E-1,2.575000000E1
1.915298080E-1,2.575000000E1
1.941538080E-1,2.575000000E1
1.967788080E-1,2.575000000E1
1.994028080E-1,2.575000000E1
2.020278080E-1,2.575000000E1
2.046518080E-1,2.575000000E1
2.072768080E-1,2.575000000E1
2.099008080E-1,2.575000000E1
2.125258080E-1,2.575000000E1
2.151498080E-1,2.575000000E1
2.177748080E-1,2.575000000E1
2.203988080E-1,2.575000000E1
2.230238080E-1,2.575000000E1
2.256478080E-1,2.575000000E1
2.282728080E-1,2.575000000E1
2.308968080E-1,2.575000000E1
2.335218080E-1,2.575000000E1
2.361458080E-1,2.575000000E1
2.387708080E-1,2.575000000E1
2.413948080E-1,2.575000000E1
2.440198080E-1,2.575000000E1
2.466438080E-1,2.575000000E1
2.492688080E-1,2.575000000E1
2.518928080E-1,2.575000000E1
2.545178080E-1,2.575000000E1
2.571418080E-1,2.575000000E1
2.597668080E-1,2.575000000E1
2.623908080E-1,2.575000000E1
2.650158080E-1,2.575000000E1
2.676398080E-1,2.575000000E1
2.702648080E-1,2.575000000E1
2.728888080E-1,2.575000000E1
2.755138080E-1,2.575000000E1
2.781378080E-1,2.575000000E1
2.807628080E-1,2.575000000E1
2.833868080E-1,2.575000000E1
2.860118080E-1,2.575000000E1
2.886358080E-1,2.575000000E1
2.912608080E-1,2.575000000E1
2.938858080E-1,2.575000000E1
2.965098080E-1,2.575000000E1
2.991348080E-1,2.575000000E1
3.017588080E-1,2.575000000E1
3.043838080E-1,2.575000000E1
3.070078080E-1,2.575000000E1
3.096328080E-1,2.575000000E1
3.122568080E-1,2.575000000E1
3.148818080E-1,2.575000000E1
3.175058080E-1,2.575000000E1
3.201308080E-1,2.575000000E1
3.227548080E-1,2.575000000E1
3.253798080E-1,2.575000000E1
3.280038080E-1,2.575000000E1
3.306288080E-1,2.575000000E1
3.332528080E-1,2.575000000E1
3.358778080E-1,2.575000000E1
3.385018080E-1,2.575000000E1
3.411268080E-1,2.575000000E1
3.437508080E-1,2.575000000E1
3.463758080E-1,2.575000000E1
3.489998080E-1,2.575000000E1
3.516248080E-1,2.575000000E1
3.542488080E-1,2.575000000E1
3.568738080E-1,2.575000000E1
3.594978080E-1,2.575000000E1
3.621228080E-1,2.575000000E1
3.647468080E-1,2.575000000E1
3.673718080E-1,2.575000000E1
3.699958080E-1,2.575000000E1
3.726208080E-1,2.575000000E1
3.752448080E-1,2.575000000E1
3.778698080E-1,2.575000000E1
3.804938080E-1,2.575000000E1
3.831188080E-1,2.575000000E1
3.857428080E-1,2.575000000E1
3.883678080E-1,2.575000000E1
3.909918080E-1,2.575000000E1
3.936168080E-1,2.575000000E1
3.962408080E-1,2.575000000E1
3.988658080E-1,2.575000000E1
4.014898080E-1,2.575000000E1
4.041148080E-1,2.575000000E1
4.067398080E-1,2.575000000E1
4.093638080E-1,2.575000000E1
4.119888080E-1,2.575000000E1
4.146128080E-1,2.575000000E1
4.172378080E-1,2.575000000E1
4.198618080E-1,2.575000000E1
4.224868080E-1,2.575000000E1
4.251108080E-1,2.575000000E1
4.277358080E-1,2.575000000E1
4.303598080E-1,2.575000000E1
4.329848080E-1,2.575000000E1
4.356088080E-1,2.575000000E1
4.382338080E-1,2.575000000E1
4.408578080E-1,2.575000000E1
4.434828080E-1,2.575000000E1
4.461068080E-1,2.575000000E1
4.487318080E-1,2.575000000E1
4.513558080E-1,2.575000000E1
4.539808080E-1,2.575000000E1
4.566048080E-1,2.575000000E1
4.592298080E-1,2.575000000E1
4.618538080E-1,2.575000000E1
4.644788080E-1,2.575000000E1
4.671028080E-1,2.575000000E1
4.697278080E-1,2.575000000E1
4.723518080E-1,2.575000000E1
4.749768080E-1,2.575000000E1
4.776008080E-1,2.575000000E1
4.802258080E-1,2.575000000E1
4.828498080E-1,2.575000000E1
4.854748080E-1,2.575000000E1
4.880988080E-1,2.575000000E1
4.907238080E-1,2.575000000E1
4.933478080E-1,2.575000000E1
4.959728080E-1,2.575000000E1
4.985968080E-1,2.575000000E1
5.012218080E-1,2.575000000E1
5.038458080E-1,2.575000000E1
5.064708080E-1,2.575000000E1
5.090948080E-1,2.575000000E1
5.117198080E-1,2.575000000E1
5.143438080E-1,2.575000000E1
5.169688080E-1,2.575000000E1
5.195938080E-1,2.575000000E1
5.222178080E-1,2.575000000E1
5.248428080E-1,2.575000000E1
5.274668080E-1,2.575000000E1
5.300918080E-1,2.575000000E1
5.327158080E-1,2.575000000E1
5.353408080E-1,2.575000000E1
5.379648080E-1,2.575000000E1
5.405898080E-1,2.575000000E1
5.432138080E-1,2.575000000E1
5.458388080E-1,2.575000000E1
5.484628080E-1,2.575000000E1
5.510878080E-1,2.575000000E1
5.537118080E-1,2.575000000E1
5.563368080E-1,2.575000000E1
5.589608080E-1,2.575000000E1
5.615858080E-1,2.575000000E1
5.642098080E-1,2.575000000E1
5.668348080E-1,2.575000000E1
5.694588080E-1,2.575000000E1
5.720838080E-1,2.575000000E1
5.747078080E-1,2.575000000E1
5.773328080E-1,2.575000000E1
5.799568080E-1,2.575000000E1
5.825818080E-1,2.575000000E1
5.852058080E-1,2.575000000E1
5.878308080E-1,2.575000000E1
5.904548080E-1,2.575000000E1
5.930798080E-1,2.575000000E1
5.957038080E-1,2.575000000E1
5.983288080E-1,2.575000000E1
6.009528080E-1,2.575000000E1
6.035778080E-1,2.575000000E1
6.062018080E-1,2.575000000E1
6.088268080E-1,2.575000000E1
6.114508080E-1,2.575000000E1
6.140758080E-1,2.575000000E1
6.166998080E-1,2.575000000E1
6.193248080E-1,2.575000000E1
6.219488080E-1,2.575000000E1
6.245738080E-1,2.575000000E1
6.271978080E-1,2.575000000E1
6.298228080E-1,2.575000000E1
6.324478080E-1,2.575000000E1
6.350718080E-1,2.575000000E1
6.376968080E-1,2.575000000E1
6.403208080E-1,2.575000000E1
6.429458080E-1,2.575000000E1
6.455698080E-1,2.575000000E1
6.481948080E-1,2.575000000E1
6.508188080E-1,2.575000000E1
6.534438080E-1,2.575000000E1
6.560678080E-1,2.575000000E1
6.586928080E-1,2.575000000E1
6.613168080E-1,2.575000000E1
6.639418080E-1,2.575000000E1
6.665658080E-1,2.575000000E1
6.691908080E-1,2.575000000E1
6.718148080E-1,2.575000000E1
6.744398080E-1,2.575000000E1
6.770638080E-1,2.575000000E1
6.796888080E-1,2.575000000E1
6.823128080E-1,2.575000000E1
6.849378080E-1,2.575000000E1
6.875618080E-1,2.575000000E1
6.901868080E-1,2.575000000E1
6.928108080E-1,2.575000000E1
6.954358080E-1,2.575000000E1
6.980598080E-1,2.575000000E1
7.006848080E-1,2.575000000E1
7.033088080E-1,2.575000000E1
7.059338080E-1,2.575000000E1
7.085578080E-1,2.575000000E1
7.111828080E-1,2.575000000E1
7.138068080E-1,2.575000000E1
7.164318080E-1,2.575000000E1
7.190558080E-1,2.575000000E1
7.216808080E-1,2.575000000E1
7.243048080E-1,2.575000000E1
7.269298080E-1,2.575000000E1
7.295538080E-1,2.575000000E1
7.321788080E-1,2.575000000E1
7.348028080E-1,2.575000000E1
7.374278080E-1,2.575000000E1
7.400518080E-1,2.575000000E1
7.426768080E-1,2.575000000E1
7.453018080E-1,2.575000000E1
7.479258080E-1,2.575000000E1
7.505508080E-1,2.575000000E1
7.531748080E-1,2.575000000E1
7.557998080E-1,2.575000000E1
7.584238080E-1,2.575000000E1
7.610488080E-1,2.575000000E1
7.636728080E-1,2.575000000E1
7.662978080E-1,2.575000000E1
7.689218080E-1,2.575000000E1
7.715468080E-1,2.575000000E1
7.741708080E-1,2.575000000E1
7.767958080E-1,2.575000000E1
7.794198080E-1,2.575000000E1
7.820448080E-1,2.575000000E1
7.846688080E-1,2.575000000E1
7.872938080E-1,2.575000000E1
7.899178080E-1,2.575000000E1
7.925428080E-1,2.575000000E1
7.951668080E-1,2.575000000E1
7.977918080E-1,2.575000000E1
8.004158080E-1,2.575000000E1
8.030408080E-1,2.575000000E1
8.056648080E-1,2.575000000E1
8.082898080E-1,2.575000000E1
8.109138080E-1,2.575000000E1
8.135388080E-1,2.575000000E1
8.161628080E-1,2.575000000E1
8.187878080E-1,2.575000000E1
8.214118080E-1,2.575000000E1
8.240368080E-1,2.575000000E1
8.266608080E-1,2.575000000E1
8.292858080E-1,2.575000000E1
8.319098080E-1,2.575000000E1
8.345348080E-1,2.575000000E1
8.371588080E-1,2.575000000E1
8.397838080E-1,2.575000000E1
8.424078080E-1,2.575000000E1
8.450328080E-1,2.575000000E1
8.476568080E-1,2.575000000E1
8.502818080E-1,2.575000000E1
8.529068080E-1,2.575000000E1
8.555308080E-1,2.575000000E1
8.581558080E-1,2.575000000E1
8.607798080E-1,2.575000000E1
8.634048080E-1,2.575000000E1
8.660288080E-1,2.575000000E1
8.686538080E-1,2.575000000E1
8.712778080E-1,2.575000000E1
8.739028080E-1,2.575000000E1
8.765268080E-1,2.575000000E1
8.791518080E-1,2.575000000E1
8.817758080E-1,2.575000000E1
8.844008080E-1,2.575000000E1
8.870248080E-1,2.575000000E1
8.896498080E-1,2.575000000E1
8.922738080E-1,2.575000000E1
8.948988080E-1,2.575000000E1
8.975228080E-1,2.575000000E1
9.001478080E-1,2.575000000E1
9.027718080E-1,2.575000000E1
9.053968080E-1,2.575000000E1
9.080208080E-1,2.575000000E1
9.106458080E-1,2.575000000E1
9.132698080E-1,2.575000000E1
9.158948080E-1,2.575000000E1
9.185188080E-1,2.575000000E1
9.211438080E-1,2.575000000E1
9.237678080E-1,2.575000000E1
9.263928080E-1,2.575000000E1
9.290168080E-1,2.575000000E1
9.316418080E-1,2.575000000E1
9.342658080E-1,2.575000000E1
9.368908080E-1,2.575000000E1
9.395148080E-1,2.575000000E1
9.421398080E-1,2.575000000E1
9.447638080E-1,2.575000000E1
9.473888080E-1,2.575000000E1
9.500128080E-1,2.575000000E1
9.526378080E-1,2.575000000E1
9.552618080E-1,2.575000000E1
9.578868080E-1,2.575000000E1
9.605108080E-1,2.575000000E1
9.631358080E-1,2.575000000E1
9.657608080E-1,2.575000000E1
9.683848080E-1,2.575000000E1
9.710098080E-1,2.575000000E1
9.736338080E-1,2.575000000E1
9.762588080E-1,2.575000000E1
9.788828080E-1,2.575000000E1
9.815078080E-1,2.575000000E1
9.841318080E-1,2.575000000E1
9.867568080E-1,2.575000000E1
9.893808080E-1,2.575000000E1
9.920058080E-1,2.575000000E1
9.946298080E-1,2.575000000E1
9.972548080E-1,2.575000000E1
9.998788080E-1,2.575000000E1
1.002503808E0,2.575000000E1
1.005127808E0,2.575000000E1
1.007752808E0,2.575000000E1
1.010376808E0,2.575000000E1
1.013001808E0,2.575000000E1
1.015625808E0,2.575000000E1
1.018242808E0,2.575000000E1
1.020866808E0,2.575000000E1
1.023491808E0,2.575000000E1
1.026115808E0,2.575000000E1
1.028740808E0,2.575000000E1
1.031364808E0,2.575000000E1
1.033989808E0,2.575000000E1
1.036613808E0,2.575000000E1
1.039238808E0,2.575000000E1
1.041862808E0,2.575000000E1
1.044487808E0,2.575000000E1
1.047111808E0,2.575000000E1
1.049736808E0,2.575000000E1
1.052360808E0,2.575000000E1
1.054985808E0,2.575000000E1
1.057609808E0,2.575000000E1
1.060234808E0,2.575000000E1
1.062858808E0,2.575000000E1
1.065483808E0,2.575000000E1
1.068107808E0,2.575000000E1
1.070732808E0,2.575000000E1
1.073357808E0,2.575000000E1
1.075981808E0,2.575000000E1
1.078606808E0,2.575000000E1
1.081230808E0,2.575000000E1
1.083855808E0,2.575000000E1
1.086479808E0,2.575000000E1
1.089104808E0,2.575000000E1
1.091728808E0,2.575000000E1
1.094353808E0,2.575000000E1
1.096977808E0,2.575000000E1
1.099602808E0,2.575000000E1
1.102226808E0,2.575000000E1
1.104851808E0,2.575000000E1
1.107475808E0,2.575000000E1
1.110100808E0,2.575000000E1
1.112724808E0,2.575000000E1
1.115349808E0,2.575000000E1
1.117973808E0,2.575000000E1
1.120598808E0,2.575000000E1
1.123222808E0,2.575000000E1
1.125847808E0,2.575000000E1
1.128471808E0,2.575000000E1
1.131096808E0,2.575000000E1
1.133720808E0,2.575000000E1
1.136345808E0,2.575000000E1
1.138969808E0,2.575000000E1
1.141594808E0,2.575000000E1
1.144218808E0,2.575000000E1
1.146843808E0,2.575000000E1
1.149467808E0,2.575000000E1
1.152092808E0,2.575000000E1
1.154716808E0,2.575000000E1
1.157341808E0,2.575000000E1
1.159965808E0,2.575000000E1
1.162590808E0,2.575000000E1
1.165214808E0,2.575000000E1
1.167839808E0,2.575000000E1
1.170463808E0,2.575000000E1
1.173088808E0,2.575000000E1
1.175712808E0,2.575000000E1
1.178337808E0,2.575000000E1
1.180961808E0,2.575000000E1
1.183586808E0,2.575000000E1
1.186211808E0,2.575000000E1
1.188835808E0,2.575000000E1
1.191460808E0,2.575000000E1
1.194084808E0,2.575000000E1
1.196709808E0,2.575000000E1
1.199333808E0,2.575000000E1
1.201958808E0,2.575000000E1
1.204582808E0,2.575000000E1
1.207207808E0,2.575000000E1
1.209831808E0,2.575000000E1
1.212456808E0,2.575000000E1
1.215080808E0,2.575000000E1
1.217705808E0,2.575000000E1
1.220329808E0,2.575000000E1
1.222954808E0,2.575000000E1
1.225578808E0,2.575000000E1
1.228203808E0,2.575000000E1
1.230827808E0,2.575000000E1
1.233452808E0,2.575000000E1
1.236076808E0,2.575000000E1
1.238701808E0,2.575000000E1
1.241325808E0,2.575000000E1
1.243950808E0,2.575000000E1
1.246574808E0,2.575000000E1
1.249199808E0,2.575000000E1
1.251823808E0,2.575000000E1
1.254448808E0,2.575000000E1
1.257072808E0,2.575000000E1
1.259697808E0,2.575000000E1
1.262321808E0,2.575000000E1
1.264946808E0,2.575000000E1
1.267570808E0,2.575000000E1
1.270195808E0,2.575000000E1
1.272819808E0,2.575000000E1
1.275444808E0,2.575000000E1
1.278068808E0,2.575000000E1
1.280693808E0,2.575000000E1
1.283317808E0,2.575000000E1
1.285942808E0,2.575000000E1
1.288566808E0,2.575000000E1
1.291191808E0,2.575000000E1
1.293815808E0,2.575000000E1
1.296440808E0,2.575000000E1
1.299065808E0,2.575000000E1
1.301689808E0,2.575000000E1
1.304314808E0,2.575000000E1
1.306938808E0,2.575000000E1
1.309563808E0,2.575000000E1
1.312187808E0,2.575000000E1
1.314812808E0,2.575000000E1
1.317436808E0,2.575000000E1
1.320061808E0,2.575000000E1
1.322685808E0,2.575000000E1
1.325310808E0,2.575000000E1
1.327934808E0,2.575000000E1
1.330559808E0,2.575000000E1
1.333183808E0,2.575000000E1
1.335808808E0,2.575000000E1
1.338432808E0,2.575000000E1
1.341057808E0,2.575000000E1
1.343681808E0,2.575000000E1
1.346306808E0,2.575000000E1
1.348930808E0,2.575000000E1
1.351555808E0,2.575000000E1
1.354179808E0,2.575000000E1
1.356804808E0,2.575000000E1
1.359428808E0,2.575000000E1
1.362053808E0,2.575000000E1
1.364677808E0,2.575000000E1
1.367302808E0,2.575000000E1
1.369926808E0,2.575000000E1
1.372551808E0,2.575000000E1
1.375175808E0,2.575000000E1
1.377800808E0,2.575000000E1
1.380424808E0,2.575000000E1
1.383049808E0,2.575000000E1
1.385673808E0,2.575000000E1
1.388298808E0,2.575000000E1
1.390922808E0,2.575000000E1
1.393547808E0,2.575000000E1
1.396171808E0,2.575000000E1
1.398796808E0,2.575000000E1
1.401420808E0,2.575000000E1
1.404045808E0,2.575000000E1
1.406669808E0,2.575000000E1
1.409294808E0,2.575000000E1
1.411919808E0,2.575000000E1
1.414543808E0,2.575000000E1
1.417168808E0,2.575000000E1
1.419792808E0,2.575000000E1
1.422417808E0,2.575000000E1
1.425041808E0,2.575000000E1
1.427666808E0,2.575000000E1
1.430290808E0,2.575000000E1
1.432915808E0,2.575000000E1
1.435539808E0,2.575000000E1
1.438164808E0,2.575000000E1
1.440788808E0,2.575000000E1
1.443413808E0,2.575000000E1
1.446037808E0,2.575000000E1
1.448662808E0,2.575000000E1
1.451286808E0,2.575000000E1
1.453911808E0,2.575000000E1
1.456535808E0,2.575000000E1
1.459160808E0,2.575000000E1
1.461784808E0,2.575000000E1
1.464409808E0,2.575000000E1
1.467033808E0,2.575000000E1
1.469658808E0,2.575000000E1
1.472282808E0,2.575000000E1
1.474907808E0,2.575000000E1
1.477531808E0,2.575000000E1
1.480156808E0,2.575000000E1
1.482780808E0,2.575000000E1
1.485405808E0,2.575000000E1
1.488029808E0,2.575000000E1
1.490654808E0,2.575000000E1
1.493278808E0,2.575000000E1
1.495903808E0,2.575000000E1
1.498527808E0,2.575000000E1
1.501152808E0,2.575000000E1
1.503776808E0,2.575000000E1
1.506401808E0,2.575000000E1
1.509025808E0,2.575000000E1
1.511650808E0,2.575000000E1
1.514274808E0,2.575000000E1
1.516899808E0,2.575000000E1
1.519523808E0,2.575000000E1
1.522148808E0,2.575000000E1
1.524773808E0,2.575000000E1
1.527397808E0,2.575000000E1
1.530022808E0,2.575000000E1
1.532646808E0,2.575000000E1
1.535271808E0,2.575000000E1
1.537895808E0,2.575000000E1
1.540520808E0,2.575000000E1
1.543144808E0,2.575000000E1
1.545769808E0,2.575000000E1
1.548393808E0,2.575000000E1
1.551018808E0,2.575000000E1
1.553642808E0,2.575000000E1
1.556267808E0,2.575000000E1
1.558891808E0,2.575000000E1
1.561516808E0,2.575000000E1
1.564140808E0,2.575000000E1
1.566765808E0,2.575000000E1
1.569389808E0,2.575000000E1
1.572014808E0,2.575000000E1
1.574638808E0,2.575000000E1
1.577263808E0,2.575000000E1
1.579887808E0,2.575000000E1
1.582512808E0,2.575000000E1
1.585136808E0,2.575000000E1
1.587761808E0,2.575000000E1
1.590385808E0,2.575000000E1
1.593010808E0,2.575000000E1
1.595634808E0,2.575000000E1
1.598259808E0,2.575000000E1
1.600883808E0,2.575000000E1
1.603508808E0,2.575000000E1
1.606132808E0,2.575000000E1
1.608757808E0,2.575000000E1
1.611381808E0,2.575000000E1
1.614006808E0,2.575000000E1
1.616630808E0,2.575000000E1
1.619255808E0,2.575000000E1
1.621879808E0,2.575000000E1
1.624504808E0,2.575000000E1
1.627128808E0,2.575000000E1
1.629753808E0,2.575000000E1
1.632378808E0,2.575000000E1
1.635002808E0,2.575000000E1
1.637627808E0,2.575000000E1
1.640251808E0,2.575000000E1
1.642876808E0,2.575000000E1
1.645500808E0,2.575000000E1
1.648125808E0,2.575000000E1
1.650749808E0,2.575000000E1
1.653374808E0,2.575000000E1
1.655998808E0,2.575000000E1
1.658623808E0,2.575000000E1
1.661247808E0,2.575000000E1
1.663872808E0,2.575000000E1
1.666496808E0,2.575000000E1
1.669121808E0,2.575000000E1
1.671745808E0,2.575000000E1
1.674370808E0,2.575000000E1
1.676994808E0,2.575000000E1
1.679619808E0,2.575000000E1
1.682243808E0,2.575000000E1
1.684868808E0,2.575000000E1
1.687492808E0,2.575000000E1
1.690117808E0,2.575000000E1
1.692741808E0,2.575000000E1
1.695366808E0,2.575000000E1
1.697990808E0,2.575000000E1
1.700615808E0,2.575000000E1
1.703239808E0,2.575000000E1
1.705864808E0,2.575000000E1
1.708488808E0,2.575000000E1
1.711113808E0,2.575000000E1
1.713737808E0,2.575000000E1
1.716362808E0,2.575000000E1
1.718986808E0,2.575000000E1
1.721611808E0,2.575000000E1
1.724235808E0,2.575000000E1
1.726860808E0,2.575000000E1
1.729484808E0,2.575000000E1
1.732109808E0,2.575000000E1
1.734733808E0,2.575000000E1
1.737358808E0,2.575000000E1
1.739982808E0,2.575000000E1
1.742607808E0,2.575000000E1
1.745232808E0,2.575000000E1
1.747856808E0,2.575000000E1
1.750481808E0,2.575000000E1
1.753105808E0,2.575000000E1
1.755730808E0,2.575000000E1
1.758354808E0,2.575000000E1
1.760979808E0,2.575000000E1
1.763603808E0,2.575000000E1
1.766228808E0,2.575000000E1
1.768852808E0,2.575000000E1
1.771477808E0,2.575000000E1
1.774101808E0,2.575000000E1
1.776726808E0,2.575000000E1
1.779350808E0,2.575000000E1
1.781975808E0,2.575000000E1
1.784599808E0,2.575000000E1
1.787224808E0,2.575000000E1
1.789848808E0,2.575000000E1
1.792473808E0,2.575000000E1
1.795097808E0,2.575000000E1
1.797722808E0,2.575000000E1
1.800346808E0,2.575000000E1
1.802971808E0,2.575000000E1
1.805595808E0,2.575000000E1
1.808220808E0,2.575000000E1
1.810844808E0,2.575000000E1
1.813469808E0,2.575000000E1
1.816093808E0,2.575000000E1
1.818718808E0,2.575000000E1
1.821342808E0,2.575000000E1
1.823967808E0,2.575000000E1
1.826591808E0,2.575000000E1
1.829216808E0,2.575000000E1
1.831840808E0,2.575000000E1
1.834465808E0,2.575000000E1
1.837089808E0,2.575000000E1
1.839714808E0,2.575000000E1
1.842338808E0,2.575000000E1
1.844963808E0,2.575000000E1
1.847587808E0,2.575000000E1
1.850212808E0,2.575000000E1
1.852836808E0,2.575000000E1
1.855461808E0,2.575000000E1
1.858086808E0,2.575000000E1
1.860710808E0,2.575000000E1
1.863335808E0,2.575000000E1
1.865959808E0,2.575000000E1
1.868584808E0,2.575000000E1
1.871208808E0,2.575000000E1
1.873833808E0,2.575000000E1
1.876457808E0,2.575000000E1
1.879082808E0,2.575000000E1
1.881706808E0,2.575000000E1
1.884331808E0,2.575000000E1
1.886955808E0,2.575000000E1
1.889580808E0,2.575000000E1
1.892204808E0,2.575000000E1
1.894829808E0,2.575000000E1
1.897453808E0,2.575000000E1
1.900078808E0,2.575000000E1
1.902702808E0,2.575000000E1
1.905327808E0,2.575000000E1
1.907951808E0,2.575000000E1
1.910576808E0,2.575000000E1
1.913200808E0,2.575000000E1
1.915825808E0,2.575000000E1
1.918449808E0,2.575000000E1
1.921074808E0,2.575000000E1
1.923698808E0,2.575000000E1
1.926323808E0,2.575000000E1
1.928947808E0,2.575000000E1
1.931572808E0,2.575000000E1
1.934196808E0,2.575000000E1
1.936821808E0,2.575000000E1
1.939445808E0,2.575000000E1
1.942070808E0,2.575000000E1
1.944694808E0,2.575000000E1
1.947319808E0,2.575000000E1
1.949943808E0,2.575000000E1
1.952568808E0,2.575000000E1
1.955192808E0,2.575000000E1
1.957817808E0,2.575000000E1
1.960441808E0,2.575000000E1
1.963066808E0,2.575000000E1
1.965690808E0,2.575000000E1
1.968315808E0,2.575000000E1
1.970940808E0,2.575000000E1
1.973564808E0,2.575000000E1
1.976189808E0,2.575000000E1
1.978813808E0,2.575000000E1
1.981438808E0,2.575000000E1
1.984062808E0,2.575000000E1
1.986687808E0,2.575000000E1
1.989311808E0,2.575000000E1
1.991936808E0,2.575000000E1
1.994560808E0,2.575000000E1
1.997185808E0,2.575000000E1
1.999809808E0,2.575000000E1
2.002434808E0,2.575000000E1
2.005058808E0,2.575000000E1
2.007683808E0,2.575000000E1
2.010307808E0,2.575000000E1
2.012932808E0,2.575000000E1
2.015556808E0,2.575000000E1
2.018181808E0,2.575000000E1
2.020805808E0,2.575000000E1
2.023430808E0,2.575000000E1
2.026054808E0,2.575000000E1
2.028679808E0,2.575000000E1
2.031303808E0,2.575000000E1
2.033928808E0,2.575000000E1
2.036552808E0,2.575000000E1
2.039177808E0,2.575000000E1
2.041801808E0,2.575000000E1
2.044426808E0,2.575000000E1
2.047050808E0,2.575000000E1
2.049675808E0,2.575000000E1
2.052299808E0,2.575000000E1
2.054924808E0,2.575000000E1
2.057548808E0,2.575000000E1
2.060173808E0,2.575000000E1
2.062797808E0,2.575000000E1
2.065422808E0,2.575000000E1
2.068046808E0,2.575000000E1
2.070671808E0,2.575000000E1
2.073295808E0,2.575000000E1
2.075920808E0,2.575000000E1
2.078544808E0,2.575000000E1
2.081169808E0,2.575000000E1
2.083794808E0,2.575000000E1
2.086418808E0,2.575000000E1
2.089043808E0,2.575000000E1
2.091667808E0,2.575000000E1
2.094292808E0,2.575000000E1
2.096916808E0,2.575000000E1
2.099541808E0,2.575000000E1
2.102165808E0,2.575000000E1
2.104790808E0,2.575000000E1
2.107414808E0,2.575000000E1
2.110039808E0,2.575000000E1
2.112663808E0,2.575000000E1
2.115288808E0,2.575000000E1
2.117912808E0,2.575000000E1
2.120537808E0,2.575000000E1
2.123161808E0,2.575000000E1
2.125786808E0,2.575000000E1
2.128410808E0,2.575000000E1
2.131035808E0,2.575000000E1
2.133659808E0,2.575000000E1
2.136284808E0,2.575000000E1
2.138908808E0,2.575000000E1
2.141533808E0,2.575000000E1
2.144157808E0,2.575000000E1
2.146782808E0,2.575000000E1
2.149406808E0,2.575000000E1
2.152031808E0,2.575000000E1
2.154655808E0,2.575000000E1
2.157280808E0,2.575000000E1
2.159904808E0,2.575000000E1
2.162529808E0,2.575000000E1
2.165153808E0,2.575000000E1
2.167778808E0,2.575000000E1
2.170402808E0,2.575000000E1
2.173027808E0,2.575000000E1
2.175651808E0,2.575000000E1
2.178276808E0,2.575000000E1
2.180900808E0,2.575000000E1
2.183525808E0,2.575000000E1
2.186149808E0,2.575000000E1
2.188774808E0,2.575000000E1
2.191398808E0,2.575000000E1
2.194023808E0,2.575000000E1
2.196648808E0,2.575000000E1
2.199272808E0,2.575000000E1
2.201897808E0,2.575000000E1
2.204521808E0,2.575000000E1
2.207146808E0,2.575000000E1
2.209770808E0,2.575000000E1
2.212395808E0,2.575000000E1
2.215019808E0,2.575000000E1
2.217644808E0,2.575000000E1
2.220268808E0,2.575000000E1
2.222893808E0,2.575000000E1
2.225517808E0,2.575000000E1
2.228142808E0,2.575000000E1
2.230766808E0,2.575000000E1
2.233391808E0,2.575000000E1
2.236015808E0,2.575000000E1
2.238640808E0,2.575000000E1
2.241264808E0,2.575000000E1
2.243889808E0,2.575000000E1
2.246513808E0,2.575000000E1
2.249138808E0,2.575000000E1
2.251762808E0,2.575000000E1
2.254387808E0,2.575000000E1
2.257011808E0,2.575000000E1
2.259636808E0,2.575000000E1
2.262260808E0,2.575000000E1
2.264885808E0,2.575000000E1
2.267509808E0,2.575000000E1
2.270134808E0,2.575000000E1
2.272758808E0,2.575000000E1
2.275383808E0,2.575000000E1
2.278007808E0,2.575000000E1
2.280632808E0,2.575000000E1
2.283256808E0,2.575000000E1
2.285881808E0,2.575000000E1
2.288505808E0,2.575000000E1
2.291130808E0,2.575000000E1
2.293754808E0,2.575000000E1
2.296379808E0,2.575000000E1
2.299003808E0,2.575000000E1
2.301628808E0,2.575000000E1
2.304253808E0,2.575000000E1
2.306877808E0,2.575000000E1
2.309502808E0,2.575000000E1
2.312126808E0,2.575000000E1
2.314751808E0,2.575000000E1
2.317375808E0,2.575000000E1
2.320000808E0,2.575000000E1
2.322624808E0,2.575000000E1
2.325249808E0,2.575000000E1
2.327873808E0,2.575000000E1
2.330498808E0,2.575000000E1
2.333122808E0,2.575000000E1
2.335747808E0,2.575000000E1
2.338371808E0,2.575000000E1
2.340996808E0,2.575000000E1
2.343620808E0,2.575000000E1
2.346245808E0,2.575000000E1
2.348869808E0,2.575000000E1
2.351494808E0,2.575000000E1
2.354118808E0,2.575000000E1
2.356743808E0,2.575000000E1
2.359367808E0,2.575000000E1
2.361992808E0,2.575000000E1
2.364616808E0,2.575000000E1
2.367241808E0,2.575000000E1
2.369865808E0,2.575000000E1
2.372490808E0,2.575000000E1
2.375114808E0,2.575000000E1
2.377739808E0,2.575000000E1
2.380363808E0,2.575000000E1
2.382988808E0,2.575000000E1
2.385612808E0,2.575000000E1
2.388237808E0,2.575000000E1
2.390861808E0,2.575000000E1
2.393486808E0,2.575000000E1
2.396110808E0,2.575000000E1
2.398735808E0,2.575000000E1
2.401359808E0,2.575000000E1
2.403984808E0,2.575000000E1
2.406608808E0,2.575000000E1
2.409233808E0,2.575000000E1
2.411857808E0,2.575000000E1
2.414482808E0,2.575000000E1
2.417107808E0,2.575000000E1
2.419731808E0,2.575000000E1
2.422356808E0,2.575000000E1
2.424980808E0,2.575000000E1
2.427605808E0,2.575000000E1
2.430229808E0,2.575000000E1
2.432854808E0,2.575000000E1
2.435478808E0,2.575000000E1
2.438103808E0,2.575000000E1
2.440727808E0,2.575000000E1
2.443352808E0,2.575000000E1
2.445976808E0,2.575000000E1
2.448601808E0,2.575000000E1
2.451225808E0,2.575000000E1
2.453850808E0,2.575000000E1
2.456474808E0,2.575000000E1
2.459099808E0,2.575000000E1
2.461723808E0,2.575000000E1
2.464348808E0,2.575000000E1
2.466972808E0,2.575000000E1
2.469597808E0,2.575000000E1
2.472221808E0,2.575000000E1
2.474846808E0,2.575000000E1
2.477470808E0,2.575000000E1
2.480095808E0,2.575000000E1
2.482719808E0,2.575000000E1
2.485344808E0,2.575000000E1
2.487968808E0,2.575000000E1
2.490593808E0,2.575000000E1
2.493217808E0,2.575000000E1
2.495842808E0,2.575000000E1
2.498466808E0,2.575000000E1
2.501091808E0,2.575000000E1
2.503715808E0,2.575000000E1
2.506340808E0,2.575000000E1
2.508964808E0,2.575000000E1
2.511589808E0,2.575000000E1
2.514213808E0,2.575000000E1
2.516838808E0,2.575000000E1
2.519462808E0,2.575000000E1
2.522087808E0,2.575000000E1
2.524711808E0,2.575000000E1
2.527336808E0,2.575000000E1
2.529961808E0,2.575000000E1
2.532585808E0,2.575000000E1
2.535210808E0,2.575000000E1
2.537834808E0,2.575000000E1
2.540459808E0,2.575000000E1
2.543083808E0,2.575000000E1
2.545708808E0,2.575000000E1
2.548332808E0,2.575000000E1
2.550957808E0,2.575000000E1
2.553581808E0,2.575000000E1
2.556206808E0,2.575000000E1
2.558830808E0,2.575000000E1
2.561455808E0,2.575000000E1
2.564079808E0,2.575000000E1
2.566704808E0,2.575000000E1
2.569328808E0,2.575000000E1
2.571953808E0,2.575000000E1
2.574577808E0,2.575000000E1
2.577202808E0,2.575000000E1
2.579826808E0,2.575000000E1
2.582451808E0,2.575000000E1
2.585075808E0,2.575000000E1
2.587700808E0,2.575000000E1
2.590324808E0,2.575000000E1
2.592949808E0,2.575000000E1
2.595573808E0,2.575000000E1
2.598198808E0,2.575000000E1
2.600822808E0,2.575000000E1
2.603447808E0,2.575000000E1
2.606071808E0,2.575000000E1
2.608696808E0,2.575000000E1
2.611320808E0,2.575000000E1
2.613945808E0,2.575000000E1
2.616569808E0,2.575000000E1
2.619194808E0,2.575000000E1
2.621818808E0,2.575000000E1
2.624443808E0,2.575000000E1
2.627067808E0,2.575000000E1
2.629692808E0,2.575000000E1
2.632316808E0,2.575000000E1
2.634941808E0,2.575000000E1
2.637565808E0,2.575000000E1
2.640190808E0,2.575000000E1
2.642815808E0,2.575000000E1
2.645439808E0,2.575000000E1
2.648064808E0,2.575000000E1
2.650688808E0,2.575000000E1
2.653313808E0,2.575000000E1
2.655937808E0,2.575000000E1
2.658562808E0,2.575000000E1
2.661186808E0,2.575000000E1
2.663811808E0,2.575000000E1
2.666435808E0,2.575000000E1
2.669060808E0,2.575000000E1
2.671684808E0,2.575000000E1
2.674309808E0,2.575000000E1
2.676933808E0,2.575000000E1
2.679558808E0,2.575000000E1
2.682182808E0,2.575000000E1
2.684807808E0,2.575000000E1
2.687431808E0,2.575000000E1
2.690056808E0,2.575000000E1
2.692680808E0,2.575000000E1
2.695305808E0,2.575000000E1
2.697929808E0,2.575000000E1
2.700554808E0,2.575000000E1
2.703178808E0,2.575000000E1
2.705803808E0,2.575000000E1
2.708427808E0,2.575000000E1
2.711052808E0,2.575000000E1
2.713676808E0,2.575000000E1
2.716301808E0,2.575000000E1
2.718925808E0,2.575000000E1
2.721550808E0,2.575000000E1
2.724174808E0,2.575000000E1
2.726799808E0,2.575000000E1
2.729423808E0,2.575000000E1
2.732048808E0,2.575000000E1
2.734672808E0,2.575000000E1
2.737297808E0,2.575000000E1
2.739921808E0,2.575000000E1
2.742546808E0,2.575000000E1
2.745170808E0,2.575000000E1
2.747795808E0,2.575000000E1
2.750419808E0,2.575000000E1
2.753044808E0,2.575000000E1
2.755669808E0,2.575000000E1
2.758293808E0,2.575000000E1
2.760918808E0,2.575000000E1
2.763542808E0,2.575000000E1
2.766167808E0,2.575000000E1
2.768791808E0,2.575000000E1
2.771416808E0,2.575000000E1
2.774040808E0,2.575000000E1
2.776665808E0,2.575000000E1
2.779289808E0,2.575000000E1
2.781914808E0,2.575000000E1
2.784538808E0,2.575000000E1
2.787163808E0,2.575000000E1
2.789787808E0,2.575000000E1
2.792412808E0,2.575000000E1
2.795036808E0,2.575000000E1
2.797661808E0,2.575000000E1
2.800285808E0,2.575000000E1
2.802910808E0,2.575000000E1
2.805534808E0,2.575000000E1
2.808159808E0,2.575000000E1
2.810783808E0,2.575000000E1
2.813408808E0,2.575000000E1
2.816032808E0,2.575000000E1
2.818657808E0,2.575000000E1
2.821281808E0,2.575000000E1
2.823906808E0,2.575000000E1
2.826530808E0,2.575000000E1
2.829155808E0,2.575000000E1
2.831779808E0,2.575000000E1
2.834404808E0,2.575000000E1
2.837028808E0,2.575000000E1
2.839653808E0,2.575000000E1
2.842277808E0,2.575000000E1
2.844902808E0,2.575000000E1
2.847526808E0,2.575000000E1
2.850151808E0,2.575000000E1
2.852775808E0,2.575000000E1
2.855400808E0,2.575000000E1
2.858024808E0,2.575000000E1
2.860649808E0,2.575000000E1
2.863273808E0,2.575000000E1
2.865898808E0,2.575000000E1
2.868523808E0,2.575000000E1
2.871147808E0,2.575000000E1
2.873772808E0,2.575000000E1
2.876396808E0,2.575000000E1
2.879021808E0,2.575000000E1
2.881645808E0,2.575000000E1
2.884270808E0,2.575000000E1
2.886894808E0,2.575000000E1
2.889519808E0,2.575000000E1
2.892143808E0,2.575000000E1
2.894768808E0,2.575000000E1
2.897392808E0,2.575000000E1
2.900017808E0,2.575000000E1
2.902641808E0,2.575000000E1
2.905266808E0,2.575000000E1
2.907890808E0,2.575000000E1
2.910515808E0,2.575000000E1
2.913139808E0,2.575000000E1
2.915764808E0,2.575000000E1
2.918388808E0,2.575000000E1
2.921013808E0,2.575000000E1
2.923637808E0,2.575000000E1
2.926262808E0,2.575000000E1
2.928886808E0,2.575000000E1
2.931511808E0,2.575000000E1
2.934135808E0,2.575000000E1
2.936760808E0,2.575000000E1
2.939384808E0,2.575000000E1
2.942009808E0,2.575000000E1
2.944633808E0,2.575000000E1
2.947258808E0,2.575000000E1
2.949882808E0,2.575000000E1
2.952507808E0,2.575000000E1
2.955131808E0,2.575000000E1
2.957756808E0,2.575000000E1
2.960380808E0,2.575000000E1
2.963005808E0,2.575000000E1
2.965629808E0,2.575000000E1
2.968254808E0,2.575000000E1
2.970878808E0,2.575000000E1
2.973503808E0,2.575000000E1
2.976128808E0,2.575000000E1
2.978752808E0,2.575000000E1
2.981377808E0,2.575000000E1
2.984001808E0,2.575000000E1
2.986626808E0,2.575000000E1
2.989250808E0,2.575000000E1
2.991875808E0,2.575000000E1
2.994499808E0,2.575000000E1
2.997124808E0,2.575000000E1
2.999748808E0,2.575000000E1
3.002373808E0,2.575000000E1
3.004997808E0,2.575000000E1
3.007622808E0,2.575000000E1
3.010246808E0,2.575000000E1
3.012871808E0,2.575000000E1
3.015495808E0,2.575000000E1
3.018120808E0,2.575000000E1
3.020744808E0,2.575000000E1
3.023369808E0,2.575000000E1
3.025993808E0,2.575000000E1
3.028618808E0,2.575000000E1
3.031242808E0,2.575000000E1
3.033867808E0,2.575000000E1
3.036491808E0,2.575000000E1
3.039116808E0,2.575000000E1
3.041740808E0,2.575000000E1
3.044365808E0,2.575000000E1
3.046989808E0,2.575000000E1
3.049614808E0,2.575000000E1
3.052238808E0,2.575000000E1
3.054863808E0,2.575000000E1
3.057487808E0,2.575000000E1
3.060112808E0,2.575000000E1
3.062736808E0,2.575000000E1
3.065361808E0,2.575000000E1
3.067985808E0,2.575000000E1
3.070610808E0,2.575000000E1
3.073234808E0,2.575000000E1
3.075859808E0,2.575000000E1
3.078483808E0,2.575000000E1
3.081108808E0,2.575000000E1
3.083732808E0,2.575000000E1
3.086357808E0,2.575000000E1
3.088982808E0,2.575000000E1
3.091606808E0,2.575000000E1
3.094231808E0,2.575000000E1
3.096855808E0,2.575000000E1
3.099480808E0,2.575000000E1
3.102104808E0,2.575000000E1
3.104729808E0,2.575000000E1
3.107353808E0,2.575000000E1
3.109978808E0,2.575000000E1
3.112602808E0,2.575000000E1
3.115227808E0,2.575000000E1
3.117851808E0,2.575000000E1
3.120476808E0,2.575000000E1
3.123100808E0,2.575000000E1
3.125725808E0,2.575000000E1
3.128349808E0,2.575000000E1
3.130974808E0,2.575000000E1
3.133598808E0,2.575000000E1
3.136223808E0,2.575000000E1
3.138847808E0,2.575000000E1
3.141472808E0,2.575000000E1
3.144096808E0,2.575000000E1
3.146721808E0,2.575000000E1
3.149345808E0,2.575000000E1
3.151970808E0,2.575000000E1
3.154594808E0,2.575000000E1
3.157219808E0,2.575000000E1
3.159843808E0,2.575000000E1
3.162468808E0,2.575000000E1
3.165092808E0,2.575000000E1
3.167717808E0,2.575000000E1
3.170341808E0,2.575000000E1
3.172966808E0,2.575000000E1
3.175590808E0,2.575000000E1
3.178215808E0,2.575000000E1
3.180839808E0,2.575000000E1
3.183464808E0,2.575000000E1
3.186088808E0,2.575000000E1
3.188713808E0,2.575000000E1
3.191337808E0,2.575000000E1
3.193962808E0,2.575000000E1
3.196586808E0,2.575000000E1
3.199211808E0,2.575000000E1
3.201836808E0,2.575000000E1
3.204460808E0,2.575000000E1
3.207085808E0,2.575000000E1
3.209709808E0,2.575000000E1
3.212334808E0,2.575000000E1
3.214958808E0,2.575000000E1
3.217583808E0,2.575000000E1
3.220207808E0,2.575000000E1
3.222832808E0,2.575000000E1
3.225456808E0,2.575000000E1
3.228081808E0,2.575000000E1
3.230705808E0,2.575000000E1
3.233330808E0,2.575000000E1
3.235954808E0,2.575000000E1
3.238579808E0,2.575000000E1
3.241203808E0,2.575000000E1
3.243828808E0,2.575000000E1
3.246452808E0,2.575000000E1
3.249077808E0,2.575000000E1
3.251701808E0,2.575000000E1
3.254326808E0,2.575000000E1
3.256950808E0,2.575000000E1
3.259575808E0,2.575000000E1
3.262199808E0,2.575000000E1
3.264824808E0,2.575000000E1
3.267448808E0,2.575000000E1
3.270073808E0,2.575000000E1
3.272697808E0,2.575000000E1
3.275322808E0,2.575000000E1
3.277946808E0,2.575000000E1
3.280571808E0,2.575000000E1
3.283195808E0,2.575000000E1
3.285820808E0,2.575000000E1
3.288444808E0,2.575000000E1
3.291069808E0,2.575000000E1
3.293693808E0,2.575000000E1
3.296318808E0,2.575000000E1
3.298942808E0,2.575000000E1
3.301567808E0,2.575000000E1
3.304191808E0,2.575000000E1
3.306816808E0,2.575000000E1
3.309440808E0,2.575000000E1
3.312065808E0,2.575000000E1
3.314690808E0,2.575000000E1
3.317314808E0,2.575000000E1
3.319939808E0,2.575000000E1
3.322563808E0,2.575000000E1
3.325188808E0,2.575000000E1
3.327812808E0,2.575000000E1
3.330437808E0,2.575000000E1
3.333061808E0,2.575000000E1
3.335686808E0,2.575000000E1
3.338310808E0,2.575000000E1
3.340935808E0,2.575000000E1
3.343559808E0,2.575000000E1
3.346184808E0,2.575000000E1
3.348808808E0,2.575000000E1
3.351433808E0,2.575000000E1
3.354057808E0,2.575000000E1
3.356682808E0,2.575000000E1
3.359306808E0,2.575000000E1
3.361931808E0,2.575000000E1
3.364555808E0,2.575000000E1
3.367180808E0,2.575000000E1
3.369804808E0,2.575000000E1
3.372429808E0,2.575000000E1
3.375053808E0,2.575000000E1
3.377678808E0,2.575000000E1
3.380302808E0,2.575000000E1
3.382927808E0,2.575000000E1
3.385551808E0,2.575000000E1
3.388176808E0,2.575000000E1
3.390800808E0,2.575000000E1
3.393425808E0,2.575000000E1
3.398674808E0,3.225000000E1
3.401298808E0,3.225000000E1
3.403923808E0,3.225000000E1
3.406547808E0,3.225000000E1
3.409172808E0,3.225000000E1
3.411796808E0,3.225000000E1
3.414421808E0,3.225000000E1
3.417045808E0,3.225000000E1
3.419670808E0,2.575000000E1
3.422294808E0,2.575000000E1
3.424919808E0,2.575000000E1
3.427544808E0,2.575000000E1
3.430168808E0,2.575000000E1
3.432793808E0,2.575000000E1
3.435417808E0,2.575000000E1
3.438042808E0,2.575000000E1
3.440666808E0,2.575000000E1
3.443291808E0,2.575000000E1
3.445915808E0,2.575000000E1
3.448540808E0,2.575000000E1
3.451164808E0,2.575000000E1
3.453789808E0,2.575000000E1
3.456413808E0,2.575000000E1
3.459038808E0,2.575000000E1
3.461662808E0,2.575000000E1
3.464287808E0,2.575000000E1
3.466911808E0,2.575000000E1
3.469536808E0,2.575000000E1
3.472160808E0,2.575000000E1
3.474785808E0,2.575000000E1
3.477409808E0,2.575000000E1
3.480034808E0,2.575000000E1
3.482658808E0,2.575000000E1
3.485283808E0,2.575000000E1
3.487907808E0,2.575000000E1
3.490532808E0,2.575000000E1
3.493156808E0,2.575000000E1
3.495781808E0,2.575000000E1
3.498405808E0,2.575000000E1
3.501030808E0,2.575000000E1
3.503654808E0,2.575000000E1
3.506279808E0,2.575000000E1
3.508903808E0,2.575000000E1
3.511528808E0,2.575000000E1
3.514152808E0,2.575000000E1
3.516777808E0,2.575000000E1
3.519401808E0,2.575000000E1
3.522026808E0,2.575000000E1
3.524650808E0,2.575000000E1
3.527275808E0,2.575000000E1
3.529899808E0,2.575000000E1
3.532524808E0,2.575000000E1
3.535148808E0,2.575000000E1
3.537773808E0,2.575000000E1
3.540398808E0,2.575000000E1
3.543022808E0,2.575000000E1
3.545647808E0,2.575000000E1
3.548271808E0,2.575000000E1
3.550896808E0,2.575000000E1
3.553520808E0,2.575000000E1
3.556145808E0,2.575000000E1
3.558769808E0,2.575000000E1
3.561394808E0,2.575000000E1
3.564018808E0,2.575000000E1
3.566643808E0,2.575000000E1
3.569267808E0,2.575000000E1
3.571892808E0,2.575000000E1
3.574516808E0,2.575000000E1
3.577141808E0,2.575000000E1
3.579765808E0,2.575000000E1
3.582390808E0,2.575000000E1
3.585014808E0,2.575000000E1
3.587639808E0,2.575000000E1
3.590263808E0,2.575000000E1
3.592888808E0,2.575000000E1
3.595512808E0,2.575000000E1
3.598137808E0,2.575000000E1
3.600761808E0,2.575000000E1
3.603386808E0,2.575000000E1
3.606010808E0,2.575000000E1
3.608635808E0,2.575000000E1
3.611259808E0,2.575000000E1
3.613884808E0,2.575000000E1
3.616508808E0,2.575000000E1
3.619133808E0,2.575000000E1
3.621757808E0,2.575000000E1
3.624382808E0,2.575000000E1
3.627006808E0,2.575000000E1
3.629631808E0,2.575000000E1
3.632255808E0,2.575000000E1
3.634880808E0,2.575000000E1
3.637504808E0,2.575000000E1
3.640129808E0,2.575000000E1
3.642753808E0,2.575000000E1
3.645378808E0,2.575000000E1
3.648003808E0,2.575000000E1
3.650627808E0,2.575000000E1
3.653252808E0,2.575000000E1
3.655876808E0,2.575000000E1
3.658501808E0,2.575000000E1
3.661125808E0,2.575000000E1
3.663750808E0,2.575000000E1
3.666374808E0,2.575000000E1
3.668999808E0,2.575000000E1
3.671623808E0,2.575000000E1
3.674248808E0,2.575000000E1
3.676872808E0,2.575000000E1
3.679497808E0,2.575000000E1
3.682121808E0,2.575000000E1
3.684746808E0,2.575000000E1
3.687370808E0,2.575000000E1
3.689995808E0,2.575000000E1
3.692619808E0,2.575000000E1
3.695244808E0,2.575000000E1
3.697868808E0,2.575000000E1
3.700493808E0,2.575000000E1
3.703117808E0,2.575000000E1
3.705742808E0,2.575000000E1
3.708366808E0,2.575000000E1
3.710991808E0,2.575000000E1
3.713615808E0,2.575000000E1
3.716240808E0,2.575000000E1
3.718864808E0,2.575000000E1
3.721489808E0,2.575000000E1
3.724113808E0,2.575000000E1
3.726738808E0,2.575000000E1
3.729362808E0,2.575000000E1
3.731987808E0,2.575000000E1
3.734611808E0,2.575000000E1
3.737236808E0,2.575000000E1
3.739860808E0,2.575000000E1
3.742485808E0,2.575000000E1
3.745109808E0,2.575000000E1
3.747734808E0,2.575000000E1
3.750358808E0,2.575000000E1
3.752983808E0,2.575000000E1
3.755607808E0,2.575000000E1
3.758232808E0,2.575000000E1
3.760857808E0,2.575000000E1
3.763481808E0,2.575000000E1
3.766106808E0,2.575000000E1
3.768730808E0,2.575000000E1
3.771355808E0,2.575000000E1
3.773979808E0,2.575000000E1
3.776604808E0,2.575000000E1
3.779228808E0,2.575000000E1
3.781853808E0,2.575000000E1
3.784477808E0,2.575000000E1
3.787102808E0,2.575000000E1
3.789726808E0,2.575000000E1
3.792351808E0,2.575000000E1
3.794975808E0,2.575000000E1
3.797600808E0,2.575000000E1
3.800224808E0,2.575000000E1
3.802849808E0,2.575000000E1
3.805473808E0,2.575000000E1
3.808098808E0,2.575000000E1
3.810722808E0,2.575000000E1
3.813347808E0,2.575000000E1
3.815971808E0,2.575000000E1
3.818596808E0,2.575000000E1
3.821220808E0,2.575000000E1
3.823845808E0,2.575000000E1
3.826469808E0,2.575000000E1
3.829094808E0,2.575000000E1
3.831718808E0,2.575000000E1
3.834343808E0,2.575000000E1
3.836967808E0,2.575000000E1
3.839592808E0,2.575000000E1
3.842216808E0,2.575000000E1
3.844841808E0,2.575000000E1
3.847465808E0,2.575000000E1
3.850090808E0,2.575000000E1
3.852714808E0,2.575000000E1
3.855339808E0,2.575000000E1
3.857963808E0,2.575000000E1
3.860588808E0,2.575000000E1
3.863212808E0,2.575000000E1
3.865837808E0,2.575000000E1
3.868461808E0,2.575000000E1
3.871086808E0,2.575000000E1
3.873711808E0,2.575000000E1
3.876335808E0,2.575000000E1
3.878960808E0,2.575000000E1
3.881584808E0,2.575000000E1
3.884209808E0,2.575000000E1
3.886833808E0,2.575000000E1
3.889458808E0,2.575000000E1
3.892082808E0,2.575000000E1
3.894707808E0,2.575000000E1
3.897331808E0,2.575000000E1
3.899956808E0,2.575000000E1
3.902580808E0,2.575000000E1
3.905205808E0,2.575000000E1
3.907829808E0,2.575000000E1
3.910454808E0,2.575000000E1
3.913078808E0,2.575000000E1
3.915703808E0,2.575000000E1
3.918327808E0,2.575000000E1
3.920952808E0,2.575000000E1
3.923576808E0,2.575000000E1
3.926201808E0,2.575000000E1
3.928825808E0,2.575000000E1
3.931450808E0,2.575000000E1
3.934074808E0,2.575000000E1
3.936699808E0,2.575000000E1
3.939323808E0,2.575000000E1
3.941948808E0,2.575000000E1
3.944572808E0,2.575000000E1
3.947197808E0,2.575000000E1
3.949821808E0,2.575000000E1
3.952446808E0,2.575000000E1
3.955070808E0,2.575000000E1
3.957695808E0,2.575000000E1
3.960319808E0,2.575000000E1
3.962944808E0,2.575000000E1
3.965568808E0,2.575000000E1
3.968193808E0,2.575000000E1
3.970817808E0,2.575000000E1
3.973442808E0,2.575000000E1
3.976066808E0,2.575000000E1
3.978691808E0,2.575000000E1
3.981315808E0,2.575000000E1
3.983940808E0,2.575000000E1
3.986565808E0,2.575000000E1
3.989189808E0,2.575000000E1
3.991814808E0,2.575000000E1
3.994438808E0,2.575000000E1
3.997063808E0,2.575000000E1
3.999687808E0,2.575000000E1
4.002312808E0,2.575000000E1
4.004936808E0,2.575000000E1
4.007561808E0,2.575000000E1
4.010185808E0,2.575000000E1
4.012810808E0,2.575000000E1
4.015434808E0,2.575000000E1
4.018059808E0,2.575000000E1
4.020683808E0,2.575000000E1
4.023308808E0,2.575000000E1
4.025932808E0,2.575000000E1
4.028557808E0,2.575000000E1
4.031181808E0,2.575000000E1
4.033806808E0,2.575000000E1
4.036430808E0,2.575000000E1
4.039055808E0,2.575000000E1
4.041679808E0,2.575000000E1
4.044304808E0,2.575000000E1
4.046928808E0,2.575000000E1
4.049553808E0,2.575000000E1
4.052177808E0,2.575000000E1
4.054802808E0,2.575000000E1
4.057426808E0,2.575000000E1
4.060051808E0,2.575000000E1
4.062675808E0,2.575000000E1
4.065300808E0,2.575000000E1
4.067924808E0,2.575000000E1
4.070549808E0,2.575000000E1
4.073173808E0,2.575000000E1
4.075798808E0,2.575000000E1
4.078422808E0,2.575000000E1
4.081047808E0,2.575000000E1
4.083671808E0,2.575000000E1
4.086296808E0,2.575000000E1
4.088920808E0,2.575000000E1
4.091545808E0,2.575000000E1
4.094169808E0,2.575000000E1
4.096794808E0,2.575000000E1
4.099419808E0,2.575000000E1
4.102043808E0,2.575000000E1
4.104668808E0,2.575000000E1
4.107292808E0,2.575000000E1
4.109917808E0,2.575000000E1
4.112541808E0,2.575000000E1
4.115166808E0,2.575000000E1
4.117790808E0,2.575000000E1
4.120415808E0,2.575000000E1
4.123039808E0,2.575000000E1
4.125664808E0,2.575000000E1
4.128288808E0,2.575000000E1
4.130913808E0,2.575000000E1
4.133537808E0,2.575000000E1
4.136162808E0,2.575000000E1
4.138786808E0,2.575000000E1
4.141411808E0,2.575000000E1
4.144035808E0,2.575000000E1
4.146660808E0,2.575000000E1
4.149284808E0,2.575000000E1
4.151909808E0,2.575000000E1
4.154533808E0,2.575000000E1
4.157158808E0,2.575000000E1
4.159782808E0,2.575000000E1
4.162407808E0,2.575000000E1
4.165031808E0,2.575000000E1
4.167656808E0,2.575000000E1
4.170280808E0,2.575000000E1
4.172905808E0,2.575000000E1
4.175529808E0,2.575000000E1
4.178154808E0,2.575000000E1
4.180778808E0,2.575000000E1
4.183403808E0,2.575000000E1
4.186027808E0,2.575000000E1
4.188652808E0,2.575000000E1
4.191276808E0,2.575000000E1
4.193901808E0,2.575000000E1
4.196525808E0,2.575000000E1
4.199150808E0,2.575000000E1
4.201774808E0,2.575000000E1
4.204399808E0,2.575000000E1
4.207023808E0,2.575000000E1
4.209648808E0,2.575000000E1
4.212273808E0,2.575000000E1
4.214897808E0,2.575000000E1
4.217522808E0,2.575000000E1
4.220146808E0,2.575000000E1
4.222771808E0,2.575000000E1
4.225395808E0,2.575000000E1
4.228020808E0,2.575000000E1
4.230644808E0,2.575000000E1
4.233269808E0,2.575000000E1
4.235893808E0,2.575000000E1
4.238518808E0,2.575000000E1
4.241142808E0,2.575000000E1
4.243767808E0,2.575000000E1
4.246391808E0,2.575000000E1
4.249016808E0,2.575000000E1
4.251640808E0,2.575000000E1
4.254265808E0,2.575000000E1
4.256889808E0,2.575000000E1
4.259514808E0,2.575000000E1
4.262138808E0,2.575000000E1
4.264763808E0,2.575000000E1
4.267387808E0,2.575000000E1
4.270012808E0,2.575000000E1
4.272636808E0,2.575000000E1
4.275261808E0,2.575000000E1
4.277885808E0,2.575000000E1
4.280510808E0,2.575000000E1
4.283134808E0,2.575000000E1
4.285759808E0,2.575000000E1
4.288383808E0,2.575000000E1
4.291008808E0,2.575000000E1
4.293632808E0,2.575000000E1
4.296257808E0,2.575000000E1
4.298881808E0,2.575000000E1
4.301506808E0,2.575000000E1
4.304130808E0,2.575000000E1
4.306755808E0,2.575000000E1
4.309379808E0,2.575000000E1
4.312004808E0,2.575000000E1
4.314628808E0,2.575000000E1
4.317253808E0,2.575000000E1
4.319878808E0,2.575000000E1
4.322502808E0,2.575000000E1
4.325127808E0,2.575000000E1
4.327751808E0,2.575000000E1
4.330376808E0,2.575000000E1
4.333000808E0,2.575000000E1
4.335625808E0,2.575000000E1
4.338249808E0,2.575000000E1
4.340874808E0,2.575000000E1
4.343498808E0,2.575000000E1
4.346123808E0,2.575000000E1
4.348747808E0,2.575000000E1
4.351372808E0,2.575000000E1
4.353996808E0,2.575000000E1
4.356621808E0,2.575000000E1
4.359245808E0,2.575000000E1
4.361870808E0,2.575000000E1
4.364494808E0,2.575000000E1
4.367119808E0,2.575000000E1
4.369743808E0,2.575000000E1
4.372368808E0,2.575000000E1
4.374992808E0,2.575000000E1
4.377617808E0,2.575000000E1
4.380241808E0,2.575000000E1
4.382866808E0,2.575000000E1
4.385490808E0,2.575000000E1
4.388115808E0,2.575000000E1
4.390739808E0,2.575000000E1
4.393364808E0,2.575000000E1
4.395988808E0,2.575000000E1
4.398613808E0,2.575000000E1
4.401237808E0,2.575000000E1
4.403862808E0,2.575000000E1
4.406486808E0,2.575000000E1
4.409111808E0,2.575000000E1
4.411735808E0,2.575000000E1
4.414360808E0,2.575000000E1
4.416984808E0,2.575000000E1
4.419609808E0,2.575000000E1
4.422233808E0,2.575000000E1
4.424858808E0,2.575000000E1
4.427482808E0,2.575000000E1
4.430107808E0,2.575000000E1
4.432732808E0,2.575000000E1
4.435356808E0,2.575000000E1
4.437981808E0,2.575000000E1
4.440605808E0,2.575000000E1
4.443230808E0,2.575000000E1
4.445854808E0,2.575000000E1
4.448479808E0,2.575000000E1
4.451103808E0,2.575000000E1
4.453728808E0,2.575000000E1
4.456352808E0,2.575000000E1
4.458977808E0,2.575000000E1
4.461601808E0,2.575000000E1
4.464226808E0,2.575000000E1
4.466850808E0,2.575000000E1
4.469475808E0,2.575000000E1
4.472099808E0,2.575000000E1
4.474724808E0,2.575000000E1
4.477348808E0,2.575000000E1
4.479973808E0,2.575000000E1
4.482597808E0,2.575000000E1
4.485222808E0,2.575000000E1
4.487846808E0,2.575000000E1
4.490471808E0,2.575000000E1
4.493095808E0,2.575000000E1
4.495720808E0,2.575000000E1
4.498344808E0,2.575000000E1
4.500969808E0,2.575000000E1
4.503593808E0,2.575000000E1
4.506218808E0,2.575000000E1
4.508842808E0,2.575000000E1
4.511467808E0,2.575000000E1
4.514091808E0,2.575000000E1
4.516716808E0,2.575000000E1
4.519340808E0,2.575000000E1
4.521965808E0,2.575000000E1
4.524589808E0,2.575000000E1
4.527214808E0,2.575000000E1
4.529838808E0,2.575000000E1
4.532463808E0,2.575000000E1
4.535087808E0,2.575000000E1
4.537712808E0,2.575000000E1
4.540336808E0,2.575000000E1
4.542961808E0,2.575000000E1
4.545586808E0,2.575000000E1
4.548210808E0,2.575000000E1
4.550835808E0,2.575000000E1
4.553459808E0,2.575000000E1
4.556084808E0,2.575000000E1
4.558708808E0,2.575000000E1
4.561333808E0,2.575000000E1
4.563957808E0,2.575000000E1
4.566582808E0,2.575000000E1
4.569206808E0,2.575000000E1
4.571831808E0,2.575000000E1
4.574455808E0,2.575000000E1
4.577080808E0,2.575000000E1
4.579704808E0,2.575000000E1
4.582329808E0,2.575000000E1
4.584953808E0,2.575000000E1
4.587578808E0,2.575000000E1
4.590202808E0,2.575000000E1
4.592827808E0,2.575000000E1
4.595451808E0,2.575000000E1
4.598076808E0,2.575000000E1
4.600700808E0,2.575000000E1
4.603325808E0,2.575000000E1
4.605949808E0,2.575000000E1
4.608574808E0,2.575000000E1
4.611198808E0,2.575000000E1
4.613823808E0,2.575000000E1
4.616447808E0,2.575000000E1
4.619072808E0,2.575000000E1
4.621696808E0,2.575000000E1
4.624321808E0,2.575000000E1
4.626945808E0,2.575000000E1
4.629570808E0,2.575000000E1
4.632194808E0,2.575000000E1
4.634819808E0,2.575000000E1
4.637443808E0,2.575000000E1
4.640068808E0,2.575000000E1
4.642692808E0,2.575000000E1
4.645317808E0,2.575000000E1
4.647941808E0,2.575000000E1
4.650566808E0,2.575000000E1
4.653190808E0,2.575000000E1
4.655815808E0,2.575000000E1
4.658440808E0,2.575000000E1
4.661064808E0,2.575000000E1
4.663689808E0,2.575000000E1
4.666313808E0,2.575000000E1
4.668938808E0,2.575000000E1
4.671562808E0,2.575000000E1
4.674187808E0,2.575000000E1
4.676811808E0,2.575000000E1
4.679436808E0,2.575000000E1
4.682060808E0,2.575000000E1
4.684685808E0,2.575000000E1
4.687309808E0,2.575000000E1
4.689934808E0,2.575000000E1
4.695183808E0,3.225000000E1
4.697807808E0,3.225000000E1
4.700432808E0,3.225000000E1
4.703056808E0,3.225000000E1
4.705681808E0,3.225000000E1
4.708305808E0,3.225000000E1
4.710930808E0,3.225000000E1
4.713554808E0,3.225000000E1
4.716179808E0,3.225000000E1
4.718803808E0,2.575000000E1
4.721428808E0,2.575000000E1
4.724052808E0,2.575000000E1
4.726677808E0,2.575000000E1
4.729301808E0,2.575000000E1
4.731926808E0,2.575000000E1
4.734550808E0,2.575000000E1
4.737175808E0,2.575000000E1
4.739799808E0,2.575000000E1
4.742424808E0,2.575000000E1
4.745048808E0,2.575000000E1
4.747673808E0,2.575000000E1
4.750297808E0,2.575000000E1
4.752922808E0,2.575000000E1
4.755546808E0,2.575000000E1
4.758171808E0,2.575000000E1
4.760795808E0,2.575000000E1
4.763420808E0,2.575000000E1
4.766044808E0,2.575000000E1
4.768669808E0,2.575000000E1
4.771294808E0,2.575000000E1
4.773918808E0,2.575000000E1
4.776543808E0,2.575000000E1
4.779167808E0,2.575000000E1
4.781792808E0,2.575000000E1
4.784416808E0,2.575000000E1
4.787041808E0,2.575000000E1
4.789665808E0,2.575000000E1
4.792290808E0,2.575000000E1
4.794914808E0,2.575000000E1
4.797539808E0,2.575000000E1
4.800163808E0,2.575000000E1
4.802788808E0,2.575000000E1
4.805412808E0,2.575000000E1
4.808037808E0,2.575000000E1
4.810661808E0,2.575000000E1
4.813286808E0,2.575000000E1
4.815910808E0,2.575000000E1
4.818535808E0,2.575000000E1
4.821159808E0,2.575000000E1
4.823784808E0,2.575000000E1
4.826408808E0,2.575000000E1
4.829033808E0,2.575000000E1
4.831657808E0,2.575000000E1
4.834282808E0,2.575000000E1
4.836906808E0,2.575000000E1
4.839531808E0,2.575000000E1
4.842155808E0,2.575000000E1
4.844780808E0,2.575000000E1
4.847404808E0,2.575000000E1
4.850029808E0,2.575000000E1
4.852653808E0,2.575000000E1
4.855278808E0,2.575000000E1
4.857902808E0,2.575000000E1
4.860527808E0,2.575000000E1
4.863151808E0,2.575000000E1
4.865776808E0,2.575000000E1
4.868400808E0,2.575000000E1
4.871025808E0,2.575000000E1
4.873649808E0,2.575000000E1
4.876274808E0,2.575000000E1
4.878898808E0,2.575000000E1
4.881523808E0,2.575000000E1
4.884148808E0,2.575000000E1
4.886772808E0,2.575000000E1
4.889397808E0,2.575000000E1
4.892021808E0,2.575000000E1
4.894646808E0,2.575000000E1
4.897270808E0,2.575000000E1
4.899895808E0,2.575000000E1
4.902519808E0,2.575000000E1
4.905144808E0,2.575000000E1
4.907768808E0,2.575000000E1
4.910393808E0,2.575000000E1
4.913017808E0,2.575000000E1
4.915642808E0,2.575000000E1
4.918266808E0,2.575000000E1
4.920891808E0,2.575000000E1
4.923515808E0,2.575000000E1
4.926140808E0,2.575000000E1
4.928764808E0,2.575000000E1
4.931389808E0,2.575000000E1
4.934013808E0,2.575000000E1
4.936638808E0,2.575000000E1
4.939262808E0,2.575000000E1
4.941887808E0,2.575000000E1
4.944511808E0,2.575000000E1
4.947136808E0,2.575000000E1
4.949760808E0,2.575000000E1
4.952385808E0,2.575000000E1
4.955009808E0,2.575000000E1
4.957634808E0,2.575000000E1
4.960258808E0,2.575000000E1
4.962883808E0,2.575000000E1
4.965507808E0,2.575000000E1
4.968132808E0,2.575000000E1
4.970756808E0,2.575000000E1
4.973381808E0,2.575000000E1
4.976005808E0,2.575000000E1
4.978630808E0,2.575000000E1
4.981254808E0,2.575000000E1
4.983879808E0,2.575000000E1
4.986503808E0,2.575000000E1
4.989128808E0,2.575000000E1
4.991753808E0,2.575000000E1
4.994377808E0,2.575000000E1
4.997002808E0,2.575000000E1
4.999626808E0,2.575000000E1
5.002251808E0,2.575000000E1
5.004875808E0,2.575000000E1
5.007500808E0,2.575000000E1
5.010124808E0,2.575000000E1
5.012749808E0,2.575000000E1
5.015373808E0,2.575000000E1
5.017998808E0,2.575000000E1
5.020622808E0,2.575000000E1
5.023247808E0,2.575000000E1
5.025871808E0,2.575000000E1
5.028496808E0,2.575000000E1
5.031120808E0,2.575000000E1
5.033745808E0,2.575000000E1
5.036369808E0,2.575000000E1
5.038994808E0,2.575000000E1
5.041618808E0,2.575000000E1
5.044243808E0,2.575000000E1
5.046867808E0,2.575000000E1
5.049492808E0,2.575000000E1
5.052116808E0,2.575000000E1
5.054741808E0,2.575000000E1
5.057365808E0,2.575000000E1
5.059990808E0,2.575000000E1
5.062614808E0,2.575000000E1
5.065239808E0,2.575000000E1
5.067863808E0,2.575000000E1
5.070488808E0,2.575000000E1
5.073112808E0,2.575000000E1
5.075737808E0,2.575000000E1
5.078361808E0,2.575000000E1
5.080986808E0,2.575000000E1
5.083610808E0,2.575000000E1
5.086235808E0,2.575000000E1
5.088859808E0,2.575000000E1
5.091484808E0,2.575000000E1
5.094108808E0,2.575000000E1
5.096733808E0,2.575000000E1
5.099357808E0,2.575000000E1
5.101982808E0,2.575000000E1
5.104607808E0,2.575000000E1
5.107231808E0,2.575000000E1
5.109856808E0,2.575000000E1
5.112480808E0,2.575000000E1
5.115105808E0,2.575000000E1
5.117729808E0,2.575000000E1
5.120354808E0,2.575000000E1
5.122978808E0,2.575000000E1
5.125603808E0,2.575000000E1
5.128227808E0,2.575000000E1
5.130852808E0,2.575000000E1
5.133476808E0,2.575000000E1
5.136101808E0,2.575000000E1
5.138725808E0,2.575000000E1
5.141350808E0,2.575000000E1
5.143974808E0,2.575000000E1
5.146599808E0,2.575000000E1
5.149223808E0,2.575000000E1
5.151848808E0,2.575000000E1
5.154472808E0,2.575000000E1
5.157097808E0,2.575000000E1
5.159721808E0,2.575000000E1
5.162346808E0,2.575000000E1
5.164970808E0,2.575000000E1
5.167595808E0,2.575000000E1
5.170219808E0,2.575000000E1
5.172844808E0,2.575000000E1
5.175468808E0,2.575000000E1
5.178093808E0,2.575000000E1
5.180717808E0,2.575000000E1
5.183342808E0,2.575000000E1
5.185966808E0,2.575000000E1
5.188591808E0,2.575000000E1
5.191215808E0,2.575000000E1
5.193840808E0,2.575000000E1
5.196464808E0,2.575000000E1
5.199089808E0,2.575000000E1
5.201713808E0,2.575000000E1
5.204338808E0,2.575000000E1
5.206962808E0,2.575000000E1
5.209587808E0,2.575000000E1
5.212211808E0,2.575000000E1
5.214836808E0,2.575000000E1
5.217461808E0,2.575000000E1
5.220085808E0,2.575000000E1
5.222710808E0,2.575000000E1
5.225334808E0,2.575000000E1
5.227959808E0,2.575000000E1
5.230583808E0,2.575000000E1
5.233208808E0,2.575000000E1
5.235832808E0,2.575000000E1
5.238457808E0,2.575000000E1
5.241081808E0,2.575000000E1
5.243706808E0,2.575000000E1
5.246330808E0,2.575000000E1
5.248955808E0,2.575000000E1
5.251579808E0,2.575000000E1
5.254204808E0,2.575000000E1
5.256828808E0,2.575000000E1
5.259453808E0,2.575000000E1
5.262077808E0,2.575000000E1
5.264702808E0,2.575000000E1
5.267326808E0,2.575000000E1
5.269951808E0,2.575000000E1
5.272575808E0,2.575000000E1
5.275200808E0,2.575000000E1
5.277824808E0,2.575000000E1
5.280449808E0,2.575000000E1
5.283073808E0,2.575000000E1
5.285698808E0,2.575000000E1
5.288322808E0,2.575000000E1
5.290947808E0,2.575000000E1
5.293571808E0,2.575000000E1
5.296196808E0,2.575000000E1
5.298820808E0,2.575000000E1
5.301445808E0,2.575000000E1
5.304069808E0,2.575000000E1
5.306694808E0,2.575000000E1
5.309318808E0,2.575000000E1
5.311943808E0,2.575000000E1
5.314567808E0,2.575000000E1
5.317192808E0,2.575000000E1
5.319816808E0,2.575000000E1
5.322441808E0,2.575000000E1
5.325065808E0,2.575000000E1
5.327690808E0,2.575000000E1
5.330315808E0,2.575000000E1
5.332939808E0,2.575000000E1
5.335564808E0,2.575000000E1
5.338188808E0,2.575000000E1
5.340813808E0,2.575000000E1
5.343437808E0,2.575000000E1
5.346062808E0,2.575000000E1
5.348686808E0,2.575000000E1
5.351311808E0,2.575000000E1
5.353935808E0,2.575000000E1
5.356560808E0,2.575000000E1
5.359184808E0,2.575000000E1
5.361809808E0,2.575000000E1
5.364433808E0,2.575000000E1
5.367058808E0,2.575000000E1
5.369682808E0,2.575000000E1
5.372307808E0,2.575000000E1
5.374931808E0,2.575000000E1
5.377556808E0,2.575000000E1
5.380180808E0,2.575000000E1
5.382805808E0,2.575000000E1
5.385429808E0,2.575000000E1
5.388054808E0,2.575000000E1
5.390678808E0,2.575000000E1
5.393303808E0,2.575000000E1
5.395927808E0,2.575000000E1
5.398552808E0,2.575000000E1
5.401176808E0,2.575000000E1
5.403801808E0,2.575000000E1
5.406425808E0,2.575000000E1
5.409050808E0,2.575000000E1
5.411674808E0,2.575000000E1
5.414299808E0,2.575000000E1
5.416923808E0,2.575000000E1
5.419548808E0,2.575000000E1
5.422172808E0,2.575000000E1
5.424797808E0,2.575000000E1
5.427421808E0,2.575000000E1
5.430046808E0,2.575000000E1
5.432670808E0,2.575000000E1
5.435295808E0,2.575000000E1
5.437919808E0,2.575000000E1
5.440544808E0,2.575000000E1
5.443169808E0,2.575000000E1
5.445793808E0,2.575000000E1
5.448418808E0,2.575000000E1
5.451042808E0,2.575000000E1
5.453667808E0,2.575000000E1
5.456291808E0,2.575000000E1
5.458916808E0,2.575000000E1
5.461540808E0,2.575000000E1
5.464165808E0,2.575000000E1
5.466789808E0,2.575000000E1
5.469414808E0,2.575000000E1
5.472038808E0,2.575000000E1
5.474663808E0,2.575000000E1
5.477287808E0,2.575000000E1
5.479912808E0,2.575000000E1
5.482536808E0,2.575000000E1
5.485161808E0,2.575000000E1
5.487785808E0,2.575000000E1
5.490410808E0,2.575000000E1
5.493034808E0,2.575000000E1
5.495659808E0,2.575000000E1
5.498283808E0,2.575000000E1
5.500908808E0,2.575000000E1
5.503532808E0,2.575000000E1
5.506157808E0,2.575000000E1
5.508781808E0,2.575000000E1
5.511406808E0,2.575000000E1
5.514030808E0,2.575000000E1
5.516655808E0,2.575000000E1
5.519279808E0,2.575000000E1
5.521904808E0,2.575000000E1
5.524528808E0,2.575000000E1
5.527153808E0,2.575000000E1
5.529777808E0,2.575000000E1
5.532402808E0,2.575000000E1
5.535026808E0,2.575000000E1
5.537651808E0,2.575000000E1
5.540275808E0,2.575000000E1
5.542900808E0,2.575000000E1
5.545524808E0,2.575000000E1
5.548149808E0,2.575000000E1
5.550773808E0,2.575000000E1
5.553398808E0,2.575000000E1
5.556023808E0,2.575000000E1
5.558647808E0,2.575000000E1
5.561272808E0,2.575000000E1
5.563896808E0,2.575000000E1
5.566521808E0,2.575000000E1
5.569145808E0,2.575000000E1
5.571770808E0,2.575000000E1
5.574394808E0,2.575000000E1
5.577019808E0,2.575000000E1
5.579643808E0,2.575000000E1
5.582268808E0,2.575000000E1
5.584892808E0,2.575000000E1
5.587517808E0,2.575000000E1
5.590141808E0,2.575000000E1
5.592766808E0,2.575000000E1
5.595390808E0,2.575000000E1
5.598015808E0,2.575000000E1
5.600639808E0,2.575000000E1
5.603264808E0,2.575000000E1
5.605888808E0,2.575000000E1
5.608513808E0,2.575000000E1
5.611137808E0,2.575000000E1
5.613762808E0,2.575000000E1
5.616386808E0,2.575000000E1
5.619011808E0,2.575000000E1
5.621635808E0,2.575000000E1
5.624260808E0,2.575000000E1
5.626884808E0,2.575000000E1
5.629509808E0,2.575000000E1
5.632133808E0,2.575000000E1
5.634758808E0,2.575000000E1
5.637382808E0,2.575000000E1
5.640007808E0,2.575000000E1
5.642631808E0,2.575000000E1
5.645256808E0,2.575000000E1
5.647880808E0,2.575000000E1
5.650505808E0,2.575000000E1
5.653129808E0,2.575000000E1
5.655754808E0,2.575000000E1
5.658378808E0,2.575000000E1
5.661003808E0,2.575000000E1
5.663628808E0,2.575000000E1
5.666252808E0,2.575000000E1
5.668877808E0,2.575000000E1
5.671501808E0,2.575000000E1
5.674126808E0,2.575000000E1
5.676750808E0,2.575000000E1
5.679375808E0,2.575000000E1
5.681999808E0,2.575000000E1
5.684624808E0,2.575000000E1
5.687248808E0,2.575000000E1
5.689873808E0,2.575000000E1
5.692497808E0,2.575000000E1
5.695122808E0,2.575000000E1
5.697746808E0,2.575000000E1
5.700371808E0,2.575000000E1
5.702995808E0,2.575000000E1
5.705620808E0,2.575000000E1
5.708244808E0,2.575000000E1
5.710869808E0,2.575000000E1
5.713493808E0,2.575000000E1
5.716118808E0,2.575000000E1
5.718742808E0,2.575000000E1
5.721367808E0,2.575000000E1
5.723991808E0,2.575000000E1
5.726616808E0,2.575000000E1
5.729240808E0,2.575000000E1
5.731865808E0,2.575000000E1
5.734489808E0,2.575000000E1
5.737114808E0,2.575000000E1
5.739738808E0,2.575000000E1
5.742363808E0,2.575000000E1
5.744987808E0,2.575000000E1
5.747612808E0,2.575000000E1
5.750236808E0,2.575000000E1
5.752861808E0,2.575000000E1
5.755485808E0,2.575000000E1
5.758110808E0,2.575000000E1
5.760734808E0,2.575000000E1
5.763359808E0,2.575000000E1
5.765983808E0,2.575000000E1
5.768608808E0,2.575000000E1
5.771232808E0,2.575000000E1
5.773857808E0,2.575000000E1
5.776482808E0,2.575000000E1
5.779106808E0,2.575000000E1
5.781731808E0,2.575000000E1
5.784355808E0,2.575000000E1
5.786980808E0,2.575000000E1
5.789604808E0,2.575000000E1
5.792229808E0,2.575000000E1
5.794853808E0,2.575000000E1
5.797478808E0,2.575000000E1
5.800102808E0,2.575000000E1
5.802727808E0,2.575000000E1
5.805351808E0,2.575000000E1
5.807976808E0,2.575000000E1
5.810600808E0,2.575000000E1
5.813225808E0,2.575000000E1
5.815849808E0,2.575000000E1
5.818474808E0,2.575000000E1
5.821098808E0,2.575000000E1
5.823723808E0,2.575000000E1
5.826347808E0,2.575000000E1
5.828972808E0,2.575000000E1
5.831596808E0,2.575000000E1
5.834221808E0,2.575000000E1
5.836845808E0,2.575000000E1
5.839470808E0,2.575000000E1
5.842094808E0,2.575000000E1
5.844719808E0,2.575000000E1
5.847343808E0,2.575000000E1
5.849968808E0,2.575000000E1
5.852592808E0,2.575000000E1
5.855217808E0,2.575000000E1
5.857841808E0,2.575000000E1
5.860466808E0,2.575000000E1
5.863090808E0,2.575000000E1
5.865715808E0,2.575000000E1
5.868339808E0,2.575000000E1
5.870964808E0,2.575000000E1
5.873588808E0,2.575000000E1
5.876213808E0,2.575000000E1
5.878837808E0,2.575000000E1
5.881462808E0,2.575000000E1
5.884086808E0,2.575000000E1
5.886711808E0,2.575000000E1
5.889336808E0,2.575000000E1
5.891960808E0,2.575000000E1
5.894585808E0,2.575000000E1
5.897209808E0,2.575000000E1
5.899834808E0,2.575000000E1
5.902458808E0,2.575000000E1
5.905083808E0,2.575000000E1
5.907707808E0,2.575000000E1
5.910332808E0,2.575000000E1
5.912956808E0,2.575000000E1
5.915581808E0,2.575000000E1
5.918205808E0,2.575000000E1
5.920830808E0,2.575000000E1
5.923454808E0,2.575000000E1
5.926079808E0,2.575000000E1
5.928703808E0,2.575000000E1
5.931328808E0,2.575000000E1
5.933952808E0,2.575000000E1
5.936577808E0,2.575000000E1
5.939201808E0,2.575000000E1
5.941826808E0,2.575000000E1
5.944450808E0,2.575000000E1
5.947075808E0,2.575000000E1
5.949699808E0,2.575000000E1
5.952324808E0,2.575000000E1
5.954948808E0,2.575000000E1
5.957573808E0,2.575000000E1
5.960197808E0,2.575000000E1
5.962822808E0,2.575000000E1
5.965446808E0,2.575000000E1
5.968071808E0,2.575000000E1
5.970695808E0,2.575000000E1
5.973320808E0,2.575000000E1
5.975944808E0,2.575000000E1
5.978569808E0,2.575000000E1
5.981193808E0,2.575000000E1
5.983818808E0,2.575000000E1
5.986442808E0,2.575000000E1
5.989067808E0,2.575000000E1
5.991691808E0,2.575000000E1
5.994316808E0,2.575000000E1
5.996940808E0,2.575000000E1
5.999565808E0,2.575000000E1
6.002190808E0,2.575000000E1
6.004814808E0,2.575000000E1
6.007439808E0,2.575000000E1
6.010063808E0,2.575000000E1
6.012688808E0,2.575000000E1
6.015312808E0,2.575000000E1
6.017937808E0,2.575000000E1
6.020561808E0,2.575000000E1
6.023186808E0,2.575000000E1
6.025810808E0,2.575000000E1
6.028435808E0,2.575000000E1
6.031059808E0,2.575000000E1
6.033684808E0,2.575000000E1
6.036308808E0,2.575000000E1
6.038933808E0,2.575000000E1
6.041557808E0,2.575000000E1
6.044182808E0,2.575000000E1
6.046806808E0,2.575000000E1
6.049431808E0,2.575000000E1
6.052055808E0,2.575000000E1
6.054680808E0,2.575000000E1
6.057304808E0,2.575000000E1
6.059929808E0,2.575000000E1
6.062553808E0,2.575000000E1
6.065178808E0,2.575000000E1
6.067802808E0,2.575000000E1
6.070427808E0,2.575000000E1
6.073051808E0,2.575000000E1
6.075676808E0,2.575000000E1
6.078300808E0,2.575000000E1
6.080925808E0,2.575000000E1
6.083549808E0,2.575000000E1
6.086174808E0,2.575000000E1
6.088798808E0,2.575000000E1
6.091423808E0,2.575000000E1
6.094047808E0,2.575000000E1
6.096672808E0,2.575000000E1
6.099296808E0,2.575000000E1
6.101921808E0,2.575000000E1
6.104545808E0,2.575000000E1
6.107170808E0,2.575000000E1
6.109794808E0,2.575000000E1
6.112419808E0,2.575000000E1
6.115044808E0,2.575000000E1
6.117668808E0,2.575000000E1
6.120293808E0,2.575000000E1
6.122917808E0,2.575000000E1
6.125542808E0,2.575000000E1
6.128166808E0,2.575000000E1
6.130791808E0,2.575000000E1
6.133415808E0,2.575000000E1
6.136040808E0,2.575000000E1
6.138664808E0,2.575000000E1
6.141289808E0,2.575000000E1
6.143913808E0,2.575000000E1
6.146538808E0,2.575000000E1
6.149162808E0,2.575000000E1
6.151787808E0,2.575000000E1
6.154411808E0,2.575000000E1
6.157036808E0,2.575000000E1
6.159660808E0,2.575000000E1
6.162285808E0,2.575000000E1
6.164909808E0,2.575000000E1
6.167534808E0,2.575000000E1
6.170158808E0,2.575000000E1
6.172783808E0,2.575000000E1
6.175407808E0,2.575000000E1
6.178032808E0,2.575000000E1
6.180656808E0,2.575000000E1
6.183281808E0,2.575000000E1
6.185905808E0,2.575000000E1
6.188530808E0,2.575000000E1
6.191154808E0,2.575000000E1
6.193779808E0,2.575000000E1
6.196403808E0,2.575000000E1
6.199028808E0,2.575000000E1
6.201652808E0,2.575000000E1
6.204277808E0,2.575000000E1
6.206901808E0,2.575000000E1
6.209526808E0,2.575000000E1
6.212150808E0,2.575000000E1
6.214775808E0,2.575000000E1
6.217399808E0,2.575000000E1
6.220024808E0,2.575000000E1
6.222648808E0,2.575000000E1
6.225273808E0,2.575000000E1
6.227898808E0,2.575000000E1
6.230522808E0,2.575000000E1
6.233147808E0,2.575000000E1
6.235771808E0,2.575000000E1
6.238396808E0,2.575000000E1
6.241020808E0,2.575000000E1
6.243645808E0,2.575000000E1
6.246269808E0,2.575000000E1
6.248894808E0,2.575000000E1
6.251518808E0,2.575000000E1
6.254143808E0,2.575000000E1
6.256767808E0,2.575000000E1
6.259392808E0,2.575000000E1
6.262016808E0,2.575000000E1
6.264641808E0,2.575000000E1
6.267265808E0,2.575000000E1
6.269890808E0,2.575000000E1
6.272514808E0,2.575000000E1
6.275139808E0,2.575000000E1
6.277763808E0,2.575000000E1
6.280388808E0,2.575000000E1
6.283012808E0,2.575000000E1
6.285637808E0,2.575000000E1
6.288261808E0,2.575000000E1
6.290886808E0,2.575000000E1
6.293510808E0,2.575000000E1
6.296135808E0,2.575000000E1
6.298759808E0,2.575000000E1
6.301384808E0,2.575000000E1
6.304008808E0,2.575000000E1
6.306633808E0,2.575000000E1
6.309257808E0,2.575000000E1
6.311882808E0,2.575000000E1
6.314506808E0,2.575000000E1
6.317131808E0,2.575000000E1
6.319755808E0,2.575000000E1
6.322380808E0,2.575000000E1
6.325004808E0,2.575000000E1
6.327629808E0,2.575000000E1
6.330253808E0,2.575000000E1
6.332878808E0,2.575000000E1
6.335503808E0,2.575000000E1
6.338127808E0,2.575000000E1
6.340752808E0,2.575000000E1
6.343376808E0,2.575000000E1
6.346001808E0,2.575000000E1
6.348625808E0,2.575000000E1
6.351250808E0,2.575000000E1
6.353874808E0,2.575000000E1
6.356499808E0,2.575000000E1
6.359123808E0,2.575000000E1
6.361748808E0,2.575000000E1
6.364372808E0,2.575000000E1
6.366997808E0,2.575000000E1
6.369621808E0,2.575000000E1
6.372246808E0,2.575000000E1
6.374870808E0,2.575000000E1
6.377495808E0,2.575000000E1
6.380119808E0,2.575000000E1
6.382744808E0,2.575000000E1
6.385368808E0,2.575000000E1
6.387993808E0,2.575000000E1
6.390617808E0,2.575000000E1
6.393242808E0,2.575000000E1
6.395866808E0,2.575000000E1
6.398491808E0,2.575000000E1
6.401115808E0,2.575000000E1
6.403740808E0,2.575000000E1
6.406364808E0,2.575000000E1
6.408989808E0,2.575000000E1
6.411613808E0,2.575000000E1
6.414238808E0,2.575000000E1
6.416862808E0,2.575000000E1
6.419487808E0,2.575000000E1
6.422111808E0,2.575000000E1
6.424736808E0,2.575000000E1
6.427360808E0,2.575000000E1
6.429985808E0,2.575000000E1
6.432609808E0,2.575000000E1
6.435234808E0,2.575000000E1
6.437858808E0,2.575000000E1
6.440483808E0,2.575000000E1
6.443107808E0,2.575000000E1
6.445732808E0,2.575000000E1
6.448357808E0,2.575000000E1
6.450981808E0,2.575000000E1
6.453606808E0,2.575000000E1
6.456230808E0,2.575000000E1
6.458855808E0,2.575000000E1
6.461479808E0,2.575000000E1
6.464104808E0,2.575000000E1
6.466728808E0,2.575000000E1
6.469353808E0,2.575000000E1
6.471977808E0,2.575000000E1
6.474602808E0,2.575000000E1
6.477226808E0,2.575000000E1
6.479851808E0,2.575000000E1
6.482475808E0,2.575000000E1
6.485100808E0,2.575000000E1
6.487724808E0,2.575000000E1
6.490349808E0,2.575000000E1
6.492973808E0,2.575000000E1
6.495598808E0,2.575000000E1
6.498222808E0,2.575000000E1
6.500847808E0,2.575000000E1
6.503471808E0,2.575000000E1
6.506096808E0,2.575000000E1
6.508720808E0,2.575000000E1
6.511345808E0,2.575000000E1
6.513969808E0,2.575000000E1
6.516594808E0,2.575000000E1
6.519218808E0,2.575000000E1
6.521843808E0,2.575000000E1
6.524467808E0,2.575000000E1
6.527092808E0,2.575000000E1
6.529716808E0,2.575000000E1
6.532341808E0,2.575000000E1
6.534965808E0,2.575000000E1
6.537590808E0,2.575000000E1
6.540214808E0,2.575000000E1
6.542839808E0,2.575000000E1
6.545463808E0,2.575000000E1
6.548088808E0,2.575000000E1
6.550712808E0,2.575000000E1
6.553337808E0,2.575000000E1
6.555961808E0,2.575000000E1
6.558586808E0,2.575000000E1
6.561211808E0,2.575000000E1
6.563835808E0,2.575000000E1
6.566460808E0,2.575000000E1
6.569084808E0,2.575000000E1
6.571709808E0,2.575000000E1
6.574333808E0,2.575000000E1
6.576958808E0,2.575000000E1
6.579582808E0,2.575000000E1
6.582207808E0,2.575000000E1
6.584831808E0,2.575000000E1
6.587456808E0,2.575000000E1
6.590080808E0,2.575000000E1
6.592705808E0,2.575000000E1
6.595329808E0,2.575000000E1
6.597954808E0,2.575000000E1
6.600578808E0,2.575000000E1
6.603203808E0,2.575000000E1
6.605827808E0,2.575000000E1
6.608452808E0,2.575000000E1
6.611076808E0,2.575000000E1
6.613701808E0,2.575000000E1
6.616325808E0,2.575000000E1
6.618950808E0,2.575000000E1
6.621574808E0,2.575000000E1
6.624199808E0,2.575000000E1
6.626823808E0,2.575000000E1
6.629448808E0,2.575000000E1
6.632072808E0,2.575000000E1
6.634697808E0,2.575000000E1
6.637321808E0,2.575000000E1
6.639946808E0,2.575000000E1
6.642570808E0,2.575000000E1
6.645195808E0,2.575000000E1
6.647819808E0,2.575000000E1
6.650444808E0,2.575000000E1
6.653068808E0,2.575000000E1
6.655693808E0,2.575000000E1
6.658317808E0,2.575000000E1
6.660942808E0,2.575000000E1
6.663566808E0,2.575000000E1
6.666191808E0,2.575000000E1
6.668815808E0,2.575000000E1
6.671440808E0,2.575000000E1
6.674065808E0,2.575000000E1
6.676689808E0,2.575000000E1
6.679314808E0,2.575000000E1
6.681938808E0,2.575000000E1
6.684563808E0,2.575000000E1
6.687187808E0,2.575000000E1
6.689812808E0,2.575000000E1
6.692436808E0,2.575000000E1
6.695061808E0,2.575000000E1
6.697685808E0,2.575000000E1
6.700310808E0,2.575000000E1
6.702934808E0,2.575000000E1
6.705559808E0,2.575000000E1
6.708183808E0,2.575000000E1
6.710808808E0,2.575000000E1
6.713432808E0,2.575000000E1
6.716057808E0,2.575000000E1
6.718681808E0,2.575000000E1
6.721306808E0,2.575000000E1
6.723930808E0,2.575000000E1
6.726555808E0,2.575000000E1
6.729179808E0,2.575000000E1
6.731804808E0,2.575000000E1
6.734428808E0,2.575000000E1
6.737053808E0,2.575000000E1
6.739677808E0,2.575000000E1
6.742302808E0,2.575000000E1
6.744926808E0,2.575000000E1
6.747551808E0,2.575000000E1
6.750175808E0,2.575000000E1
6.752800808E0,2.575000000E1
6.755424808E0,2.575000000E1
6.758049808E0,2.575000000E1
6.760673808E0,2.575000000E1
6.763298808E0,2.575000000E1
6.765922808E0,2.575000000E1
6.768547808E0,2.575000000E1
6.771171808E0,2.575000000E1
6.773796808E0,2.575000000E1
6.776420808E0,2.575000000E1
6.779045808E0,2.575000000E1
6.781669808E0,2.575000000E1
6.784294808E0,2.575000000E1
6.786919808E0,2.575000000E1
6.789543808E0,2.575000000E1
6.792168808E0,2.575000000E1
6.794792808E0,2.575000000E1
6.797417808E0,2.575000000E1
6.800041808E0,2.575000000E1
6.802666808E0,2.575000000E1
6.805290808E0,2.575000000E1
6.807915808E0,2.575000000E1
6.810539808E0,2.575000000E1
6.813164808E0,2.575000000E1
6.815788808E0,2.575000000E1
6.818413808E0,2.575000000E1
6.821037808E0,2.575000000E1
6.823662808E0,2.575000000E1
6.826286808E0,2.575000000E1
6.828911808E0,2.575000000E1
6.831535808E0,2.575000000E1
6.834160808E0,2.575000000E1
6.836784808E0,2.575000000E1
6.839409808E0,2.575000000E1
6.842033808E0,2.575000000E1
6.844658808E0,2.575000000E1
6.847282808E0,2.575000000E1
6.849907808E0,2.575000000E1
6.852531808E0,2.575000000E1
6.855156808E0,2.575000000E1
6.857780808E0,2.575000000E1
6.860405808E0,2.575000000E1
6.863029808E0,2.575000000E1
6.865654808E0,2.575000000E1
6.868278808E0,2.575000000E1
6.870903808E0,2.575000000E1
6.873527808E0,2.575000000E1
6.876152808E0,2.575000000E1
6.878776808E0,2.575000000E1
6.881401808E0,2.575000000E1
6.884025808E0,2.575000000E1
6.886650808E0,2.575000000E1
6.889274808E0,2.575000000E1
6.891899808E0,2.575000000E1
6.894523808E0,2.575000000E1
6.897148808E0,2.575000000E1
6.899773808E0,2.575000000E1
6.902397808E0,2.575000000E1
6.905022808E0,2.575000000E1
6.907646808E0,2.575000000E1
6.910271808E0,2.575000000E1
6.912895808E0,2.575000000E1
6.915520808E0,2.575000000E1
6.918144808E0,2.575000000E1
6.920769808E0,2.575000000E1
6.923393808E0,2.575000000E1
6.926018808E0,2.575000000E1
6.928642808E0,2.575000000E1
6.931267808E0,2.575000000E1
6.933891808E0,2.575000000E1
6.936516808E0,2.575000000E1
6.939140808E0,2.575000000E1
6.941765808E0,2.575000000E1
6.944389808E0,2.575000000E1
6.947014808E0,2.575000000E1
6.949638808E0,2.575000000E1
6.952263808E0,2.575000000E1
6.954887808E0,2.575000000E1
6.957512808E0,2.575000000E1
6.960136808E0,2.575000000E1
6.962761808E0,2.575000000E1
6.965385808E0,2.575000000E1
6.968010808E0,2.575000000E1
6.970634808E0,2.575000000E1
6.973259808E0,2.575000000E1
6.975883808E0,2.575000000E1
6.978508808E0,2.575000000E1
6.981132808E0,2.575000000E1
6.983757808E0,2.575000000E1
6.986381808E0,2.575000000E1
6.989006808E0,2.575000000E1
6.991630808E0,2.575000000E1
6.994255808E0,2.575000000E1
6.996879808E0,2.575000000E1
6.999504808E0,2.575000000E1
7.002128808E0,2.575000000E1
7.004753808E0,2.575000000E1
7.007378808E0,2.575000000E1
7.010002808E0,2.575000000E1
7.012627808E0,2.575000000E1
7.015251808E0,2.575000000E1
7.017876808E0,2.575000000E1
7.020500808E0,2.575000000E1
7.023125808E0,2.575000000E1
7.025749808E0,2.575000000E1
7.028374808E0,2.575000000E1
7.030998808E0,2.575000000E1
7.033623808E0,2.575000000E1
7.036247808E0,2.575000000E1
7.038872808E0,2.575000000E1
7.041496808E0,2.575000000E1
7.044121808E0,2.575000000E1
7.046745808E0,2.575000000E1
7.049370808E0,2.575000000E1
7.051994808E0,2.575000000E1
7.054619808E0,2.575000000E1
7.057243808E0,2.575000000E1
7.059868808E0,2.575000000E1
7.062492808E0,2.575000000E1
7.065117808E0,2.575000000E1
7.067741808E0,2.575000000E1
7.070366808E0,2.575000000E1
7.072990808E0,2.575000000E1
7.075615808E0,2.575000000E1
7.078239808E0,2.575000000E1
7.080864808E0,2.575000000E1
7.083488808E0,2.575000000E1
7.086113808E0,2.575000000E1
7.088737808E0,2.575000000E1
7.091362808E0,2.575000000E1
7.093986808E0,2.575000000E1
7.096611808E0,2.575000000E1
7.099235808E0,2.575000000E1
7.101860808E0,2.575000000E1
7.104484808E0,2.575000000E1
7.107109808E0,2.575000000E1
7.109733808E0,2.575000000E1
7.112358808E0,2.575000000E1
7.114982808E0,2.575000000E1
7.117607808E0,2.575000000E1
7.120232808E0,2.575000000E1
7.122856808E0,2.575000000E1
7.125481808E0,2.575000000E1
7.128105808E0,2.575000000E1
7.130730808E0,2.575000000E1
7.133354808E0,2.575000000E1
7.135979808E0,2.575000000E1
7.138603808E0,2.575000000E1
7.141228808E0,2.575000000E1
7.143852808E0,2.575000000E1
7.146477808E0,2.575000000E1
7.149101808E0,2.575000000E1
7.151726808E0,2.575000000E1
7.154350808E0,2.575000000E1
7.156975808E0,2.575000000E1
7.159599808E0,2.575000000E1
7.162224808E0,2.575000000E1
7.164848808E0,2.575000000E1
7.167473808E0,2.575000000E1
7.170097808E0,2.575000000E1
7.172722808E0,2.575000000E1
7.175346808E0,2.575000000E1
7.177971808E0,2.575000000E1
7.180595808E0,2.575000000E1
7.183220808E0,2.575000000E1
7.185844808E0,2.575000000E1
7.188469808E0,2.575000000E1
7.191093808E0,2.575000000E1
7.193718808E0,2.575000000E1
7.196342808E0,2.575000000E1
7.198967808E0,2.575000000E1
7.201591808E0,2.575000000E1
7.204216808E0,2.575000000E1
7.206840808E0,2.575000000E1
7.209465808E0,2.575000000E1
7.212089808E0,2.575000000E1
7.214714808E0,2.575000000E1
7.217338808E0,2.575000000E1
7.219963808E0,2.575000000E1
7.222587808E0,2.575000000E1
7.225212808E0,2.575000000E1
7.227836808E0,2.575000000E1
7.230461808E0,2.575000000E1
7.233086808E0,2.575000000E1
7.235710808E0,2.575000000E1
7.238335808E0,2.575000000E1
7.240959808E0,2.575000000E1
7.243584808E0,2.575000000E1
7.246208808E0,2.575000000E1
7.248833808E0,2.575000000E1
7.251457808E0,2.575000000E1
7.254082808E0,2.575000000E1
7.256706808E0,2.575000000E1
7.259331808E0,2.575000000E1
7.261955808E0,2.575000000E1
7.264580808E0,2.575000000E1
7.267204808E0,2.575000000E1
7.269829808E0,2.575000000E1
7.272453808E0,2.575000000E1
7.275078808E0,2.575000000E1
7.277702808E0,2.575000000E1
7.280327808E0,2.575000000E1
7.282951808E0,2.575000000E1
7.285576808E0,2.575000000E1
7.288200808E0,2.575000000E1
7.290825808E0,2.575000000E1
7.293449808E0,2.575000000E1
7.296074808E0,2.575000000E1
7.298698808E0,2.575000000E1
7.301323808E0,2.575000000E1
7.303947808E0,2.575000000E1
7.306572808E0,2.575000000E1
7.309196808E0,2.575000000E1
7.311821808E0,2.575000000E1
7.314445808E0,2.575000000E1
7.317070808E0,2.575000000E1
7.319694808E0,2.575000000E1
7.322319808E0,2.575000000E1
7.324943808E0,2.575000000E1
7.327568808E0,2.575000000E1
7.330192808E0,2.575000000E1
7.332817808E0,2.575000000E1
7.335441808E0,2.575000000E1
7.338066808E0,2.575000000E1
7.340690808E0,2.575000000E1
7.343315808E0,2.575000000E1
7.345940808E0,2.575000000E1
7.348564808E0,2.575000000E1
7.351189808E0,2.575000000E1
7.353813808E0,2.575000000E1
7.356438808E0,2.575000000E1
7.359062808E0,2.575000000E1
7.361687808E0,2.575000000E1
7.364311808E0,2.575000000E1
7.366936808E0,2.575000000E1
7.369560808E0,2.575000000E1
7.372185808E0,2.575000000E1
7.374809808E0,2.575000000E1
7.377434808E0,2.575000000E1
7.380058808E0,2.575000000E1
7.382683808E0,2.575000000E1
7.385307808E0,2.575000000E1
7.387932808E0,2.575000000E1
7.390556808E0,2.575000000E1
7.393181808E0,2.575000000E1
7.395805808E0,2.575000000E1
7.398430808E0,2.575000000E1
7.401054808E0,2.575000000E1
7.403679808E0,2.575000000E1
7.406303808E0,2.575000000E1
7.408928808E0,2.575000000E1
7.411552808E0,2.575000000E1
7.414177808E0,2.575000000E1
7.416801808E0,2.575000000E1
7.419426808E0,2.575000000E1
7.422050808E0,2.575000000E1
7.424675808E0,2.575000000E1
7.427299808E0,2.575000000E1
7.429924808E0,2.575000000E1
7.432548808E0,2.575000000E1
7.435173808E0,2.575000000E1
7.437797808E0,2.575000000E1
7.440422808E0,2.575000000E1
7.443046808E0,2.575000000E1
7.445671808E0,2.575000000E1
7.448295808E0,2.575000000E1
7.450920808E0,2.575000000E1
7.453544808E0,2.575000000E1
7.456169808E0,2.575000000E1
7.458794808E0,2.575000000E1
7.461418808E0,2.575000000E1
7.464043808E0,2.575000000E1
7.466667808E0,2.575000000E1
7.469292808E0,2.575000000E1
7.471916808E0,2.575000000E1
7.474541808E0,2.575000000E1
7.477165808E0,2.575000000E1
7.479790808E0,2.575000000E1
7.482414808E0,2.575000000E1
7.485039808E0,2.575000000E1
7.487663808E0,2.575000000E1
7.490288808E0,2.575000000E1
7.492912808E0,2.575000000E1
7.495537808E0,2.575000000E1
7.498161808E0,2.575000000E1
7.500786808E0,2.575000000E1
7.503410808E0,2.575000000E1
7.506035808E0,2.575000000E1
7.508659808E0,2.575000000E1
7.511284808E0,2.575000000E1
7.513908808E0,2.575000000E1
7.516533808E0,2.575000000E1
7.519157808E0,2.575000000E1
7.521782808E0,2.575000000E1
7.524406808E0,2.575000000E1
7.527031808E0,2.575000000E1
7.529655808E0,2.575000000E1
7.532280808E0,2.575000000E1
7.534904808E0,2.575000000E1
7.537529808E0,2.575000000E1
7.540153808E0,2.575000000E1
7.542778808E0,2.575000000E1
7.545402808E0,2.575000000E1
7.548027808E0,2.575000000E1
7.550651808E0,2.575000000E1
7.553276808E0,2.575000000E1
7.555900808E0,2.575000000E1
7.558525808E0,2.575000000E1
7.561149808E0,2.575000000E1
7.563774808E0,2.575000000E1
7.566398808E0,2.575000000E1
7.569023808E0,2.575000000E1
7.571648808E0,2.575000000E1
7.574272808E0,2.575000000E1
7.576897808E0,2.575000000E1
7.579521808E0,2.575000000E1
7.582146808E0,2.575000000E1
7.584770808E0,2.575000000E1
7.587395808E0,2.575000000E1
7.590019808E0,2.575000000E1
7.592644808E0,2.575000000E1
7.595268808E0,2.575000000E1
7.597893808E0,2.575000000E1
7.600517808E0,2.575000000E1
7.603142808E0,2.575000000E1
7.605766808E0,2.575000000E1
7.608391808E0,2.575000000E1
7.611015808E0,2.575000000E1
7.613640808E0,2.575000000E1
7.616264808E0,2.575000000E1
7.618889808E0,2.575000000E1
7.621513808E0,2.575000000E1
7.624138808E0,2.575000000E1
7.626762808E0,2.575000000E1
7.629387808E0,2.575000000E1
7.632011808E0,2.575000000E1
7.634636808E0,2.575000000E1
7.637260808E0,2.575000000E1
7.639885808E0,2.575000000E1
7.642509808E0,2.575000000E1
7.645134808E0,2.575000000E1
7.647758808E0,2.575000000E1
7.650383808E0,2.575000000E1
7.653007808E0,2.575000000E1
7.655632808E0,2.575000000E1
7.658256808E0,2.575000000E1
7.660881808E0,2.575000000E1
7.663505808E0,2.575000000E1
7.666130808E0,2.575000000E1
7.668754808E0,2.575000000E1
7.671379808E0,2.575000000E1
7.674003808E0,2.575000000E1
7.676628808E0,2.575000000E1
7.679253808E0,2.575000000E1
7.681877808E0,2.575000000E1
7.684502808E0,2.575000000E1
7.687126808E0,2.575000000E1
7.689751808E0,2.575000000E1
7.692375808E0,2.575000000E1
7.695000808E0,2.575000000E1
7.697624808E0,2.575000000E1
7.700249808E0,2.575000000E1
7.702873808E0,2.575000000E1
7.705498808E0,2.575000000E1
7.708122808E0,2.575000000E1
7.710747808E0,2.575000000E1
7.713371808E0,2.575000000E1
7.715996808E0,2.575000000E1
7.718620808E0,2.575000000E1
7.721245808E0,2.575000000E1
7.723869808E0,2.575000000E1
7.726494808E0,2.575000000E1
7.729118808E0,2.575000000E1
7.731743808E0,2.575000000E1
7.734367808E0,2.575000000E1
7.736992808E0,2.575000000E1
7.739616808E0,2.575000000E1
7.742241808E0,2.575000000E1
7.744865808E0,2.575000000E1
7.747490808E0,2.575000000E1
7.750114808E0,2.575000000E1
7.752739808E0,2.575000000E1
7.755363808E0,2.575000000E1
7.757988808E0,2.575000000E1
7.760612808E0,2.575000000E1
7.763237808E0,2.575000000E1
7.765861808E0,2.575000000E1
7.768486808E0,2.575000000E1
7.771110808E0,2.575000000E1
7.773735808E0,2.575000000E1
7.776359808E0,2.575000000E1
7.778984808E0,2.575000000E1
7.781608808E0,2.575000000E1
7.784233808E0,2.575000000E1
7.786857808E0,2.575000000E1
7.789482808E0,2.575000000E1
7.792107808E0,2.575000000E1
7.794731808E0,2.575000000E1
7.797356808E0,2.575000000E1
7.799980808E0,2.575000000E1
7.802605808E0,2.575000000E1
7.805229808E0,2.575000000E1
7.807854808E0,2.575000000E1
7.810478808E0,2.575000000E1
7.813103808E0,2.575000000E1
7.815727808E0,2.575000000E1
7.818352808E0,2.575000000E1
7.820976808E0,2.575000000E1
7.823601808E0,2.575000000E1
7.826225808E0,2.575000000E1
7.828850808E0,2.575000000E1
7.831474808E0,2.575000000E1
7.834099808E0,2.575000000E1
7.836723808E0,2.575000000E1
7.839348808E0,2.575000000E1
7.841972808E0,2.575000000E1
7.844597808E0,2.575000000E1
7.847221808E0,2.575000000E1
7.849846808E0,2.575000000E1
7.852470808E0,2.575000000E1
7.855095808E0,2.575000000E1
7.857719808E0,2.575000000E1
7.860344808E0,2.575000000E1
7.862968808E0,2.575000000E1
7.865593808E0,2.575000000E1
7.868217808E0,2.575000000E1
7.870842808E0,2.575000000E1
7.873466808E0,2.575000000E1
7.876091808E0,2.575000000E1
7.878715808E0,2.575000000E1
7.881340808E0,2.575000000E1
7.883964808E0,2.575000000E1
7.886589808E0,2.575000000E1
7.889213808E0,2.575000000E1
7.891838808E0,2.575000000E1
7.894462808E0,2.575000000E1
7.897087808E0,2.575000000E1
7.899711808E0,2.575000000E1
7.902397808E0,2.575000000E1
7.905022808E0,2.575000000E1
7.907646808E0,2.575000000E1
7.910271808E0,2.575000000E1
7.912895808E0,2.575000000E1
7.915520808E0,2.575000000E1
7.918144808E0,2.575000000E1
7.920769808E0,2.575000000E1
7.923393808E0,2.575000000E1
7.926018808E0,2.575000000E1
7.928642808E0,2.575000000E1
7.931267808E0,2.575000000E1
7.933891808E0,2.575000000E1
7.936516808E0,2.575000000E1
7.939140808E0,2.575000000E1
7.941765808E0,2.575000000E1
7.944389808E0,2.575000000E1
7.947014808E0,2.575000000E1
7.949638808E0,2.575000000E1
7.952263808E0,2.575000000E1
7.954887808E0,2.575000000E1
7.957512808E0,2.575000000E1
7.960136808E0,2.575000000E1
7.962761808E0,2.575000000E1
7.965385808E0,2.575000000E1
7.968010808E0,2.575000000E1
7.970634808E0,2.575000000E1
7.973259808E0,2.575000000E1
7.975883808E0,2.575000000E1
7.978508808E0,2.575000000E1
7.981132808E0,2.575000000E1
7.983757808E0,2.575000000E1
7.986381808E0,2.575000000E1
7.989006808E0,2.575000000E1
7.991630808E0,2.575000000E1
7.994255808E0,2.575000000E1
7.996879808E0,2.575000000E1
7.999504808E0,2.575000000E1
8.002128808E0,2.575000000E1
8.004753808E0,2.575000000E1
8.007378808E0,2.575000000E1
8.010002808E0,2.575000000E1
8.012627808E0,2.575000000E1
8.015251808E0,2.575000000E1
8.017876808E0,2.575000000E1
8.020500808E0,2.575000000E1
8.023125808E0,2.575000000E1
8.025749808E0,2.575000000E1
8.028374808E0,2.575000000E1
8.030998808E0,2.575000000E1
8.033623808E0,2.575000000E1
8.036247808E0,2.575000000E1
8.038872808E0,2.575000000E1
8.041496808E0,2.575000000E1
8.044121808E0,2.575000000E1
8.046745808E0,2.575000000E1
8.049370808E0,2.575000000E1
8.051994808E0,2.575000000E1
8.054619808E0,2.575000000E1
8.057243808E0,2.575000000E1
8.059868808E0,2.575000000E1
8.062492808E0,2.575000000E1
8.065117808E0,2.575000000E1
8.067741808E0,2.575000000E1
8.070366808E0,2.575000000E1
8.072990808E0,2.575000000E1
8.075615808E0,2.575000000E1
8.078239808E0,2.575000000E1
8.080864808E0,2.575000000E1
8.083488808E0,2.575000000E1
8.086113808E0,2.575000000E1
8.088737808E0,2.575000000E1
8.091362808E0,2.575000000E1
8.093986808E0,2.575000000E1
8.096611808E0,2.575000000E1
8.099235808E0,2.575000000E1
8.101860808E0,2.575000000E1
8.104484808E0,2.575000000E1
8.107109808E0,2.575000000E1
8.109733808E0,2.575000000E1
8.112358808E0,2.575000000E1
8.114982808E0,2.575000000E1
8.117607808E0,2.575000000E1
8.120232808E0,2.575000000E1
8.122856808E0,2.575000000E1
8.125481808E0,2.575000000E1
8.128105808E0,2.575000000E1
8.130730808E0,2.575000000E1
8.133354808E0,2.575000000E1
8.135979808E0,2.575000000E1
8.138603808E0,2.575000000E1
8.141228808E0,2.575000000E1
8.143852808E0,2.575000000E1
8.146477808E0,2.575000000E1
8.149101808E0,2.575000000E1
8.151726808E0,2.575000000E1
8.154350808E0,2.575000000E1
8.156975808E0,2.575000000E1
8.159599808E0,2.575000000E1
8.162224808E0,2.575000000E1
8.164848808E0,2.575000000E1
8.167473808E0,2.575000000E1
8.170097808E0,2.575000000E1
8.172722808E0,2.575000000E1
8.175346808E0,2.575000000E1
8.177971808E0,2.575000000E1
8.180595808E0,2.575000000E1
8.183220808E0,2.575000000E1
8.185844808E0,2.575000000E1
8.188469808E0,2.575000000E1
8.191093808E0,2.575000000E1
8.193718808E0,2.575000000E1
8.196342808E0,2.575000000E1
8.198967808E0,2.575000000E1
8.201591808E0,2.575000000E1
8.204216808E0,2.575000000E1
8.206840808E0,2.575000000E1
8.209465808E0,2.575000000E1
8.212089808E0,2.575000000E1
8.214714808E0,2.575000000E1
8.217338808E0,2.575000000E1
8.219963808E0,2.575000000E1
8.222587808E0,2.575000000E1
8.225212808E0,2.575000000E1
8.227836808E0,2.575000000E1
8.230461808E0,2.575000000E1
8.233086808E0,2.575000000E1
8.235710808E0,2.575000000E1
8.238335808E0,2.575000000E1
8.240959808E0,2.575000000E1
8.243584808E0,2.575000000E1
8.246208808E0,2.575000000E1
8.248833808E0,2.575000000E1
8.251457808E0,2.575000000E1
8.254082808E0,2.575000000E1
8.256706808E0,2.575000000E1
8.259331808E0,2.575000000E1
8.261955808E0,2.575000000E1
8.264580808E0,2.575000000E1
8.267204808E0,2.575000000E1
8.269829808E0,2.575000000E1
8.272453808E0,2.575000000E1
8.275078808E0,2.575000000E1
8.277702808E0,2.575000000E1
8.280327808E0,2.575000000E1
8.282951808E0,2.575000000E1
8.285576808E0,2.575000000E1
8.288200808E0,2.575000000E1
8.290825808E0,2.575000000E1
8.293449808E0,2.575000000E1
8.296074808E0,2.575000000E1
8.298698808E0,2.575000000E1
8.301323808E0,2.575000000E1
8.303947808E0,2.575000000E1
8.306572808E0,2.575000000E1
8.309196808E0,2.575000000E1
8.311821808E0,2.575000000E1
8.314445808E0,2.575000000E1
8.317070808E0,2.575000000E1
8.319694808E0,2.575000000E1
8.322319808E0,2.575000000E1
8.324943808E0,2.575000000E1
8.327568808E0,2.575000000E1
8.330192808E0,2.575000000E1
8.332817808E0,2.575000000E1
8.335441808E0,2.575000000E1
8.338066808E0,2.575000000E1
8.340690808E0,2.575000000E1
8.343315808E0,2.575000000E1
8.345940808E0,2.575000000E1
8.348564808E0,2.575000000E1
8.351189808E0,2.575000000E1
8.353813808E0,2.575000000E1
8.356438808E0,2.575000000E1
8.359062808E0,2.575000000E1
8.361687808E0,2.575000000E1
8.364311808E0,2.575000000E1
8.366936808E0,2.575000000E1
8.369560808E0,2.575000000E1
8.372185808E0,2.575000000E1
8.374809808E0,2.575000000E1
8.377434808E0,2.575000000E1
8.380058808E0,2.575000000E1
8.382683808E0,2.575000000E1
8.385307808E0,2.575000000E1
8.387932808E0,2.575000000E1
8.390556808E0,2.575000000E1
8.393181808E0,2.575000000E1
8.395805808E0,2.575000000E1
8.398430808E0,2.575000000E1
8.401054808E0,2.575000000E1
8.403679808E0,2.575000000E1
8.406303808E0,2.575000000E1
8.408928808E0,2.575000000E1
8.411552808E0,2.575000000E1
8.414177808E0,2.575000000E1
8.416801808E0,2.575000000E1
8.419426808E0,2.575000000E1
8.422050808E0,2.575000000E1
8.424675808E0,2.575000000E1
8.427299808E0,2.575000000E1
8.429924808E0,2.575000000E1
8.432548808E0,2.575000000E1
8.435173808E0,2.575000000E1
8.437797808E0,2.575000000E1
8.440422808E0,2.575000000E1
8.443046808E0,2.575000000E1
8.445671808E0,2.575000000E1
8.448295808E0,2.575000000E1
8.450920808E0,2.575000000E1
8.453544808E0,2.575000000E1
8.456169808E0,2.575000000E1
8.458794808E0,2.575000000E1
8.461418808E0,2.575000000E1
8.464043808E0,2.575000000E1
8.466667808E0,2.575000000E1
8.469292808E0,2.575000000E1
8.471916808E0,2.575000000E1
8.474541808E0,2.575000000E1
8.477165808E0,2.575000000E1
8.479790808E0,2.575000000E1
8.482414808E0,2.575000000E1
8.485039808E0,2.575000000E1
8.487663808E0,2.575000000E1
8.490288808E0,2.575000000E1
8.492912808E0,2.575000000E1
8.495537808E0,2.575000000E1
8.498161808E0,2.575000000E1
8.500786808E0,2.575000000E1
8.503410808E0,2.575000000E1
8.506035808E0,2.575000000E1
8.508659808E0,2.575000000E1
8.511284808E0,2.575000000E1
8.513908808E0,2.575000000E1
8.516533808E0,2.575000000E1
8.519157808E0,2.575000000E1
8.521782808E0,2.575000000E1
8.524406808E0,2.575000000E1
8.527031808E0,2.575000000E1
8.529655808E0,2.575000000E1
8.532280808E0,2.575000000E1
8.534904808E0,2.575000000E1
8.537529808E0,2.575000000E1
8.540153808E0,2.575000000E1
8.542778808E0,2.575000000E1
8.545402808E0,2.575000000E1
8.548027808E0,2.575000000E1
8.550651808E0,2.575000000E1
8.553276808E0,2.575000000E1
8.555900808E0,2.575000000E1
8.558525808E0,2.575000000E1
8.561149808E0,2.575000000E1
8.563774808E0,2.575000000E1
8.566398808E0,2.575000000E1
8.569023808E0,2.575000000E1
8.571648808E0,2.575000000E1
8.574272808E0,2.575000000E1
8.576897808E0,2.575000000E1
8.579521808E0,2.575000000E1
8.582146808E0,2.575000000E1
8.584770808E0,2.575000000E1
8.587395808E0,2.575000000E1
8.590019808E0,2.575000000E1
8.592644808E0,2.575000000E1
8.595268808E0,2.575000000E1
8.597893808E0,2.575000000E1
8.600517808E0,2.575000000E1
8.603142808E0,2.575000000E1
8.605766808E0,2.575000000E1
8.608391808E0,2.575000000E1
8.611015808E0,2.575000000E1
8.613640808E0,2.575000000E1
8.616264808E0,2.575000000E1
8.618889808E0,2.575000000E1
8.621513808E0,2.575000000E1
8.624138808E0,2.575000000E1
8.626762808E0,2.575000000E1
8.629387808E0,2.575000000E1
8.632011808E0,2.575000000E1
8.634636808E0,2.575000000E1
8.637260808E0,2.575000000E1
8.639885808E0,2.575000000E1
8.642509808E0,2.575000000E1
8.645134808E0,2.575000000E1
8.647758808E0,2.575000000E1
8.650383808E0,2.575000000E1
8.653007808E0,2.575000000E1
8.655632808E0,2.575000000E1
8.658256808E0,2.575000000E1
8.660881808E0,2.575000000E1
8.663505808E0,2.575000000E1
8.666130808E0,2.575000000E1
8.668754808E0,2.575000000E1
8.671379808E0,2.575000000E1
8.674003808E0,2.575000000E1
8.676628808E0,2.575000000E1
8.679253808E0,2.575000000E1
8.681877808E0,2.575000000E1
8.684502808E0,2.575000000E1
8.687126808E0,2.575000000E1
8.689751808E0,2.575000000E1
8.692375808E0,2.575000000E1
8.695000808E0,2.575000000E1
8.697624808E0,2.575000000E1
8.700249808E0,2.575000000E1
8.702873808E0,2.575000000E1
8.705498808E0,2.575000000E1
8.708122808E0,2.575000000E1
8.710747808E0,2.575000000E1
8.713371808E0,2.575000000E1
8.715996808E0,2.575000000E1
8.718620808E0,2.575000000E1
8.721245808E0,2.575000000E1
8.723869808E0,2.575000000E1
8.726494808E0,2.575000000E1
8.729118808E0,2.575000000E1
8.731743808E0,2.575000000E1
8.734367808E0,2.575000000E1
8.736992808E0,2.575000000E1
8.739616808E0,2.575000000E1
8.742241808E0,2.575000000E1
8.744865808E0,2.575000000E1
8.747490808E0,2.575000000E1
8.750114808E0,2.575000000E1
8.752739808E0,2.575000000E1
8.755363808E0,2.575000000E1
8.757988808E0,2.575000000E1
8.760612808E0,2.575000000E1
8.763237808E0,2.575000000E1
8.765861808E0,2.575000000E1
8.768486808E0,2.575000000E1
8.771110808E0,2.575000000E1
8.773735808E0,2.575000000E1
8.776359808E0,2.575000000E1
8.778984808E0,2.575000000E1
8.781608808E0,2.575000000E1
8.784233808E0,2.575000000E1
8.786857808E0,2.575000000E1
8.789482808E0,2.575000000E1
8.792107808E0,2.575000000E1
8.794731808E0,2.575000000E1
8.797356808E0,2.575000000E1
8.799980808E0,2.575000000E1
8.802605808E0,2.575000000E1
8.805229808E0,2.575000000E1
8.807854808E0,2.575000000E1
8.810478808E0,2.575000000E1
8.813103808E0,2.575000000E1
8.815727808E0,2.575000000E1
8.818352808E0,2.575000000E1
8.820976808E0,2.575000000E1
8.823601808E0,2.575000000E1
8.826225808E0,2.575000000E1
8.828850808E0,2.575000000E1
8.831474808E0,2.575000000E1
8.834099808E0,2.575000000E1
8.836723808E0,2.575000000E1
8.839348808E0,2.575000000E1
8.841972808E0,2.575000000E1
8.844597808E0,2.575000000E1
8.847221808E0,2.575000000E1
8.849846808E0,2.575000000E1
8.852470808E0,2.575000000E1
8.855095808E0,2.575000000E1
8.857719808E0,2.575000000E1
8.860344808E0,2.575000000E1
8.862968808E0,2.575000000E1
8.865593808E0,2.575000000E1
8.868217808E0,2.575000000E1
8.870842808E0,2.575000000E1
8.873466808E0,2.575000000E1
8.876091808E0,2.575000000E1
8.878715808E0,2.575000000E1
8.881340808E0,2.575000000E1
8.883964808E0,2.575000000E1
8.886589808E0,2.575000000E1
8.889213808E0,2.575000000E1
8.891838808E0,2.575000000E1
8.894462808E0,2.575000000E1
8.897087808E0,2.575000000E1
8.899711808E0,2.575000000E1
8.902336808E0,2.575000000E1
8.904961808E0,2.575000000E1
8.907585808E0,2.575000000E1
8.910210808E0,2.575000000E1
8.912834808E0,2.575000000E1
8.915459808E0,2.575000000E1
8.918083808E0,2.575000000E1
8.920708808E0,2.575000000E1
8.923332808E0,2.575000000E1
8.925957808E0,2.575000000E1
8.928581808E0,2.575000000E1
8.931206808E0,2.575000000E1
8.933830808E0,2.575000000E1
8.936455808E0,2.575000000E1
8.939079808E0,2.575000000E1
8.941704808E0,2.575000000E1
8.944328808E0,2.575000000E1
8.946953808E0,2.575000000E1
8.949577808E0,2.575000000E1
8.952202808E0,2.575000000E1
8.954826808E0,2.575000000E1
8.957451808E0,2.575000000E1
8.960075808E0,2.575000000E1
8.962700808E0,2.575000000E1
8.965324808E0,2.575000000E1
8.967949808E0,2.575000000E1
8.970573808E0,2.575000000E1
8.973198808E0,2.575000000E1
8.975822808E0,2.575000000E1
8.978447808E0,2.575000000E1
8.981071808E0,2.575000000E1
8.983696808E0,2.575000000E1
8.986320808E0,2.575000000E1
8.988945808E0,2.575000000E1
8.991569808E0,2.575000000E1
8.994194808E0,2.575000000E1
8.996818808E0,2.575000000E1
8.999443808E0,2.575000000E1
9.002067808E0,2.575000000E1
9.004692808E0,2.575000000E1
9.007316808E0,2.575000000E1
9.009941808E0,2.575000000E1
9.012565808E0,2.575000000E1
9.015190808E0,2.575000000E1
9.017815808E0,2.575000000E1
9.020439808E0,2.575000000E1
9.023064808E0,2.575000000E1
9.025688808E0,2.575000000E1
9.028313808E0,2.575000000E1
9.030937808E0,2.575000000E1
9.033562808E0,2.575000000E1
9.036186808E0,2.575000000E1
9.038811808E0,2.575000000E1
9.041435808E0,2.575000000E1
9.044060808E0,2.575000000E1
9.046684808E0,2.575000000E1
9.049309808E0,2.575000000E1
9.051933808E0,2.575000000E1
9.054558808E0,2.575000000E1
9.057182808E0,2.575000000E1
9.059807808E0,2.575000000E1
9.062431808E0,2.575000000E1
9.065056808E0,2.575000000E1
9.067680808E0,2.575000000E1
9.070305808E0,2.575000000E1
9.072929808E0,2.575000000E1
9.075554808E0,2.575000000E1
9.078178808E0,2.575000000E1
9.080803808E0,2.575000000E1
9.083427808E0,2.575000000E1
9.086052808E0,2.575000000E1
9.088676808E0,2.575000000E1
9.091301808E0,2.575000000E1
9.093925808E0,2.575000000E1
9.096550808E0,2.575000000E1
9.099174808E0,2.575000000E1
9.101799808E0,2.575000000E1
9.104423808E0,2.575000000E1
9.107048808E0,2.575000000E1
9.109672808E0,2.575000000E1
9.112297808E0,2.575000000E1
9.114921808E0,2.575000000E1
9.117546808E0,2.575000000E1
9.120170808E0,2.575000000E1
9.122795808E0,2.575000000E1
9.125419808E0,2.575000000E1
9.128044808E0,2.575000000E1
9.130669808E0,2.575000000E1
9.133293808E0,2.575000000E1
9.135918808E0,2.575000000E1
9.138542808E0,2.575000000E1
9.141167808E0,2.575000000E1
9.143791808E0,2.575000000E1
9.146416808E0,2.575000000E1
9.151665808E0,3.225000000E1
9.154289808E0,3.225000000E1
9.156914808E0,3.225000000E1
9.159538808E0,3.225000000E1
9.162163808E0,3.225000000E1
9.164787808E0,3.225000000E1
9.167412808E0,3.225000000E1
9.170036808E0,3.225000000E1
9.172661808E0,2.575000000E1
9.175285808E0,2.575000000E1
9.177910808E0,2.575000000E1
9.180534808E0,2.575000000E1
9.183159808E0,2.575000000E1
9.185783808E0,2.575000000E1
9.188408808E0,2.575000000E1
9.191032808E0,2.575000000E1
9.193657808E0,2.575000000E1
9.196281808E0,2.575000000E1
9.198906808E0,2.575000000E1
9.201530808E0,2.575000000E1
9.204155808E0,2.575000000E1
9.206779808E0,2.575000000E1
9.209404808E0,2.575000000E1
9.212028808E0,2.575000000E1
9.214653808E0,2.575000000E1
9.217277808E0,2.575000000E1
9.219902808E0,2.575000000E1
9.222526808E0,2.575000000E1
9.225151808E0,2.575000000E1
9.227775808E0,2.575000000E1
9.230400808E0,2.575000000E1
9.233024808E0,2.575000000E1
9.235649808E0,2.575000000E1
9.238273808E0,2.575000000E1
9.240898808E0,2.575000000E1
9.243523808E0,2.575000000E1
9.246147808E0,2.575000000E1
9.248772808E0,2.575000000E1
9.251396808E0,2.575000000E1
9.254021808E0,2.575000000E1
9.256645808E0,2.575000000E1
9.259270808E0,2.575000000E1
9.261894808E0,2.575000000E1
9.264519808E0,2.575000000E1
9.267143808E0,2.575000000E1
9.269768808E0,2.575000000E1
9.272392808E0,2.575000000E1
9.275017808E0,2.575000000E1
9.277641808E0,2.575000000E1
9.280266808E0,2.575000000E1
9.282890808E0,2.575000000E1
9.285515808E0,2.575000000E1
9.288139808E0,2.575000000E1
9.290764808E0,2.575000000E1
9.293388808E0,2.575000000E1
9.296013808E0,2.575000000E1
9.298637808E0,2.575000000E1
9.301262808E0,2.575000000E1
9.303886808E0,2.575000000E1
9.306511808E0,2.575000000E1
9.309135808E0,2.575000000E1
9.311760808E0,2.575000000E1
9.314384808E0,2.575000000E1
9.317009808E0,2.575000000E1
9.319633808E0,2.575000000E1
9.322258808E0,2.575000000E1
9.324882808E0,2.575000000E1
9.327507808E0,2.575000000E1
9.330131808E0,2.575000000E1
9.332756808E0,2.575000000E1
9.335380808E0,2.575000000E1
9.338005808E0,2.575000000E1
9.340629808E0,2.575000000E1
9.343254808E0,2.575000000E1
9.345878808E0,2.575000000E1
9.348503808E0,2.575000000E1
9.351128808E0,2.575000000E1
9.353752808E0,2.575000000E1
9.356377808E0,2.575000000E1
9.359001808E0,2.575000000E1
9.361626808E0,2.575000000E1
9.364250808E0,2.575000000E1
9.366875808E0,2.575000000E1
9.369499808E0,2.575000000E1
9.372124808E0,2.575000000E1
9.374748808E0,2.575000000E1
9.377373808E0,2.575000000E1
9.379997808E0,2.575000000E1
9.382622808E0,2.575000000E1
9.385246808E0,2.575000000E1
9.387871808E0,2.575000000E1
9.390495808E0,2.575000000E1
9.393120808E0,2.575000000E1
9.395744808E0,2.575000000E1
9.398369808E0,2.575000000E1
9.400993808E0,2.575000000E1
9.403618808E0,2.575000000E1
9.406242808E0,2.575000000E1
9.408867808E0,2.575000000E1
9.411491808E0,2.575000000E1
9.414116808E0,2.575000000E1
9.416740808E0,2.575000000E1
9.419365808E0,2.575000000E1
9.421989808E0,2.575000000E1
9.424614808E0,2.575000000E1
9.427238808E0,2.575000000E1
9.429863808E0,2.575000000E1
9.432487808E0,2.575000000E1
9.435112808E0,2.575000000E1
9.437736808E0,2.575000000E1
9.440361808E0,2.575000000E1
9.442985808E0,2.575000000E1
9.445610808E0,2.575000000E1
9.448234808E0,2.575000000E1
9.450859808E0,2.575000000E1
9.453483808E0,2.575000000E1
9.456108808E0,2.575000000E1
9.458732808E0,2.575000000E1
9.461357808E0,2.575000000E1
9.463982808E0,2.575000000E1
9.466606808E0,2.575000000E1
9.469231808E0,2.575000000E1
9.471855808E0,2.575000000E1
9.474480808E0,2.575000000E1
9.477104808E0,2.575000000E1
9.479729808E0,2.575000000E1
9.482353808E0,2.575000000E1
9.484978808E0,2.575000000E1
9.487602808E0,2.575000000E1
9.490227808E0,2.575000000E1
9.492851808E0,2.575000000E1
9.495476808E0,2.575000000E1
9.498100808E0,2.575000000E1
9.500725808E0,2.575000000E1
9.503349808E0,2.575000000E1
9.505974808E0,2.575000000E1
9.508598808E0,2.575000000E1
9.511223808E0,2.575000000E1
9.513847808E0,2.575000000E1
9.516472808E0,2.575000000E1
9.519096808E0,2.575000000E1
9.521721808E0,2.575000000E1
9.524345808E0,2.575000000E1
9.526970808E0,2.575000000E1
9.529594808E0,2.575000000E1
9.532219808E0,2.575000000E1
9.534843808E0,2.575000000E1
9.537468808E0,2.575000000E1
9.540092808E0,2.575000000E1
9.542717808E0,2.575000000E1
9.545341808E0,2.575000000E1
9.547966808E0,2.575000000E1
9.550590808E0,2.575000000E1
9.553215808E0,2.575000000E1
9.555839808E0,2.575000000E1
9.558464808E0,2.575000000E1
9.561088808E0,2.575000000E1
9.563713808E0,2.575000000E1
9.566337808E0,2.575000000E1
9.568962808E0,2.575000000E1
9.571586808E0,2.575000000E1
9.574211808E0,2.575000000E1
9.576836808E0,2.575000000E1
9.579460808E0,2.575000000E1
9.582085808E0,2.575000000E1
9.584709808E0,2.575000000E1
9.587334808E0,2.575000000E1
9.589958808E0,2.575000000E1
9.592583808E0,2.575000000E1
9.595207808E0,2.575000000E1
9.597832808E0,2.575000000E1
9.600456808E0,2.575000000E1
9.603081808E0,2.575000000E1
9.605705808E0,2.575000000E1
9.608330808E0,2.575000000E1
9.610954808E0,2.575000000E1
9.613579808E0,2.575000000E1
9.616203808E0,2.575000000E1
9.618828808E0,2.575000000E1
9.621452808E0,2.575000000E1
9.624077808E0,2.575000000E1
9.626701808E0,2.575000000E1
9.629326808E0,2.575000000E1
9.631950808E0,2.575000000E1
9.634575808E0,2.575000000E1
9.637199808E0,2.575000000E1
9.639824808E0,2.575000000E1
9.642448808E0,2.575000000E1
9.645073808E0,2.575000000E1
9.647697808E0,2.575000000E1
9.650322808E0,2.575000000E1
9.652946808E0,2.575000000E1
9.655571808E0,2.575000000E1
9.658195808E0,2.575000000E1
9.660820808E0,2.575000000E1
9.663444808E0,2.575000000E1
9.666069808E0,2.575000000E1
9.668693808E0,2.575000000E1
9.671318808E0,2.575000000E1
9.673942808E0,2.575000000E1
9.676567808E0,2.575000000E1
9.679191808E0,2.575000000E1
9.681816808E0,2.575000000E1
9.684440808E0,2.575000000E1
9.687065808E0,2.575000000E1
9.689690808E0,2.575000000E1
9.692314808E0,2.575000000E1
9.694939808E0,2.575000000E1
9.697563808E0,2.575000000E1
9.700188808E0,2.575000000E1
9.702812808E0,2.575000000E1
9.705437808E0,2.575000000E1
9.708061808E0,2.575000000E1
9.710686808E0,2.575000000E1
9.713310808E0,2.575000000E1
9.715935808E0,2.575000000E1
9.718559808E0,2.575000000E1
9.721184808E0,2.575000000E1
9.723808808E0,2.575000000E1
9.726433808E0,2.575000000E1
9.729057808E0,2.575000000E1
9.731682808E0,2.575000000E1
9.734306808E0,2.575000000E1
9.736931808E0,2.575000000E1
9.739555808E0,2.575000000E1
9.742180808E0,2.575000000E1
9.744804808E0,2.575000000E1
9.747429808E0,2.575000000E1
9.750053808E0,2.575000000E1
9.752678808E0,2.575000000E1
9.755302808E0,2.575000000E1
9.757927808E0,2.575000000E1
9.760551808E0,2.575000000E1
9.763176808E0,2.575000000E1
9.765800808E0,2.575000000E1
9.768425808E0,2.575000000E1
9.771049808E0,2.575000000E1
9.773674808E0,2.575000000E1
9.776298808E0,2.575000000E1
9.778923808E0,2.575000000E1
9.781547808E0,2.575000000E1
9.784172808E0,2.575000000E1
9.786796808E0,2.575000000E1
9.789421808E0,2.575000000E1
9.792045808E0,2.575000000E1
9.794670808E0,2.575000000E1
9.797294808E0,2.575000000E1
9.799919808E0,2.575000000E1
9.802544808E0,2.575000000E1
9.805168808E0,2.575000000E1
9.807793808E0,2.575000000E1
9.810417808E0,2.575000000E1
9.813042808E0,2.575000000E1
9.815666808E0,2.575000000E1
9.818291808E0,2.575000000E1
9.820915808E0,2.575000000E1
9.823540808E0,2.575000000E1
9.826164808E0,2.575000000E1
9.828789808E0,2.575000000E1
9.831413808E0,2.575000000E1
9.834038808E0,2.575000000E1
9.836662808E0,2.575000000E1
9.839287808E0,2.575000000E1
9.841911808E0,2.575000000E1
9.844536808E0,2.575000000E1
9.847160808E0,2.575000000E1
9.849785808E0,2.575000000E1
9.852409808E0,2.575000000E1
9.855034808E0,2.575000000E1
9.857658808E0,2.575000000E1
9.860283808E0,2.575000000E1
9.862907808E0,2.575000000E1
9.865532808E0,2.575000000E1
9.868156808E0,2.575000000E1
9.870781808E0,2.575000000E1
9.873405808E0,2.575000000E1
9.876030808E0,2.575000000E1
9.878654808E0,2.575000000E1
9.881279808E0,2.575000000E1
9.883903808E0,2.575000000E1
9.886528808E0,2.575000000E1
9.889152808E0,2.575000000E1
9.891777808E0,2.575000000E1
9.894401808E0,2.575000000E1
9.897026808E0,2.575000000E1
9.899650808E0,2.575000000E1
9.902275808E0,2.575000000E1
9.904899808E0,2.575000000E1
9.907524808E0,2.575000000E1
9.910148808E0,2.575000000E1
9.912773808E0,2.575000000E1
9.915398808E0,2.575000000E1
9.918022808E0,2.575000000E1
9.920647808E0,2.575000000E1
9.923271808E0,2.575000000E1
9.925896808E0,2.575000000E1
9.928520808E0,2.575000000E1
9.931145808E0,2.575000000E1
9.933769808E0,2.575000000E1
9.936394808E0,2.575000000E1
9.939018808E0,2.575000000E1
9.941643808E0,2.575000000E1
9.944267808E0,2.575000000E1
9.946892808E0,2.575000000E1
9.949516808E0,2.575000000E1
9.952141808E0,2.575000000E1
9.954765808E0,2.575000000E1
9.957390808E0,2.575000000E1
9.960014808E0,2.575000000E1
9.962639808E0,2.575000000E1
9.965263808E0,2.575000000E1
9.967888808E0,2.575000000E1
9.970512808E0,2.575000000E1
9.973137808E0,2.575000000E1
9.975761808E0,2.575000000E1
9.978386808E0,2.575000000E1
9.981010808E0,2.575000000E1
9.983635808E0,2.575000000E1
9.986259808E0,2.575000000E1
9.988884808E0,2.575000000E1
9.991508808E0,2.575000000E1
9.994133808E0,2.575000000E1
9.996757808E0,2.575000000E1
9.999382808E0,2.575000000E1
1.000200681E1,2.575000000E1
1.000463181E1,2.575000000E1
1.000725581E1,2.575000000E1
1.000988081E1,2.575000000E1
1.001250481E1,2.575000000E1
1.001512981E1,2.575000000E1
1.001775381E1,2.575000000E1
1.002037881E1,2.575000000E1
1.002300381E1,2.575000000E1
1.002562781E1,2.575000000E1
1.002825281E1,2.575000000E1
1.003087681E1,2.575000000E1
1.003350181E1,2.575000000E1
1.003612581E1,2.575000000E1
1.003875081E1,2.575000000E1
1.004137481E1,2.575000000E1
1.004399981E1,2.575000000E1
1.004662381E1,2.575000000E1
1.004924881E1,2.575000000E1
1.005187281E1,2.575000000E1
1.005449781E1,2.575000000E1
1.005712181E1,2.575000000E1
1.005974681E1,2.575000000E1
1.006237081E1,2.575000000E1
1.006499581E1,2.575000000E1
1.006761981E1,2.575000000E1
1.007024481E1,2.575000000E1
1.007286881E1,2.575000000E1
1.007549381E1,2.575000000E1
1.007811781E1,2.575000000E1
1.008074281E1,2.575000000E1
1.008336681E1,2.575000000E1
1.008599181E1,2.575000000E1
1.008861581E1,2.575000000E1
1.009124081E1,2.575000000E1
1.009386481E1,2.575000000E1
1.009648981E1,2.575000000E1
1.009911381E1,2.575000000E1
1.010173881E1,2.575000000E1
1.010436281E1,2.575000000E1
1.010698781E1,2.575000000E1
1.010961181E1,2.575000000E1
1.011223681E1,2.575000000E1
1.011486081E1,2.575000000E1
1.011748581E1,2.575000000E1
1.012010981E1,2.575000000E1
1.012273481E1,2.575000000E1
1.012535881E1,2.575000000E1
1.012798381E1,2.575000000E1
1.013060781E1,2.575000000E1
1.013323281E1,2.575000000E1
1.013585781E1,2.575000000E1
1.013848181E1,2.575000000E1
1.014110681E1,2.575000000E1
1.014373081E1,2.575000000E1
1.014635581E1,2.575000000E1
1.014897981E1,2.575000000E1
1.015160481E1,2.575000000E1
1.015422881E1,2.575000000E1
1.015685381E1,2.575000000E1
1.015947781E1,2.575000000E1
1.016210281E1,2.575000000E1
1.016472681E1,2.575000000E1
1.016735181E1,2.575000000E1
1.016997581E1,2.575000000E1
1.017260081E1,2.575000000E1
1.017522481E1,2.575000000E1
1.017784981E1,2.575000000E1
1.018047381E1,2.575000000E1
1.018309881E1,2.575000000E1
1.018572281E1,2.575000000E1
1.018834781E1,2.575000000E1
1.019097181E1,2.575000000E1
1.019359681E1,2.575000000E1
1.019622081E1,2.575000000E1
1.019884581E1,2.575000000E1
1.020146981E1,2.575000000E1
1.020409481E1,2.575000000E1
1.020671881E1,2.575000000E1
1.020934381E1,2.575000000E1
1.021196781E1,2.575000000E1
1.021459281E1,2.575000000E1
1.021721681E1,2.575000000E1
1.021984181E1,2.575000000E1
1.022246581E1,2.575000000E1
1.022509081E1,2.575000000E1
1.022771481E1,2.575000000E1
1.023033981E1,2.575000000E1
1.023296381E1,2.575000000E1
1.023558881E1,2.575000000E1
1.023821281E1,2.575000000E1
1.024083781E1,2.575000000E1
1.024346181E1,2.575000000E1
1.024608681E1,2.575000000E1
1.024871181E1,2.575000000E1
1.025133581E1,2.575000000E1
1.025396081E1,2.575000000E1
1.025658481E1,2.575000000E1
1.025920981E1,2.575000000E1
1.026183381E1,2.575000000E1
1.026445881E1,2.575000000E1
1.026708281E1,2.575000000E1
1.026970781E1,2.575000000E1
1.027233181E1,2.575000000E1
1.027495681E1,2.575000000E1
1.027758081E1,2.575000000E1
1.028020581E1,2.575000000E1
1.028282981E1,2.575000000E1
1.028545481E1,2.575000000E1
1.028807881E1,2.575000000E1
1.029070381E1,2.575000000E1
1.029332781E1,2.575000000E1
1.029595281E1,2.575000000E1
1.029857681E1,2.575000000E1
1.030120181E1,2.575000000E1
1.030382581E1,2.575000000E1
1.030645081E1,2.575000000E1
1.030907481E1,2.575000000E1
1.031169981E1,2.575000000E1
1.031432381E1,2.575000000E1
1.031694881E1,2.575000000E1
1.031957281E1,2.575000000E1
1.032219781E1,2.575000000E1
1.032482181E1,2.575000000E1
1.032744681E1,2.575000000E1
1.033007081E1,2.575000000E1
1.033269581E1,2.575000000E1
1.033531981E1,2.575000000E1
1.033794481E1,2.575000000E1
1.034056881E1,2.575000000E1
1.034319381E1,2.575000000E1
1.034581781E1,2.575000000E1
1.034844281E1,2.575000000E1
1.035106681E1,2.575000000E1
1.035369181E1,2.575000000E1
1.035631581E1,2.575000000E1
1.035894081E1,2.575000000E1
1.036156581E1,2.575000000E1
1.036418981E1,2.575000000E1
1.036681481E1,2.575000000E1
1.036943881E1,2.575000000E1
1.037206381E1,2.575000000E1
1.037468781E1,2.575000000E1
1.037731281E1,2.575000000E1
1.037993681E1,2.575000000E1
1.038256181E1,2.575000000E1
1.038518581E1,2.575000000E1
1.038781081E1,2.575000000E1
1.039043481E1,2.575000000E1
1.039305981E1,2.575000000E1
1.039568381E1,2.575000000E1
1.039830881E1,2.575000000E1
1.040093281E1,2.575000000E1
1.040355781E1,2.575000000E1
1.040618181E1,2.575000000E1
1.040880681E1,2.575000000E1
1.041143081E1,2.575000000E1
1.041405581E1,2.575000000E1
1.041667981E1,2.575000000E1
1.041930481E1,2.575000000E1
1.042192881E1,2.575000000E1
1.042455381E1,2.575000000E1
1.042717781E1,2.575000000E1
1.042980281E1,2.575000000E1
1.043242681E1,2.575000000E1
1.043505181E1,2.575000000E1
1.043767581E1,2.575000000E1
1.044030081E1,2.575000000E1
1.044292481E1,2.575000000E1
1.044554981E1,2.575000000E1
1.044817381E1,2.575000000E1
1.045079881E1,2.575000000E1
1.045342281E1,2.575000000E1
1.045604781E1,2.575000000E1
1.045867181E1,2.575000000E1
1.046129681E1,2.575000000E1
1.046392081E1,2.575000000E1
1.046654581E1,2.575000000E1
1.046916981E1,2.575000000E1
1.047179481E1,2.575000000E1
1.047441981E1,2.575000000E1
1.047704381E1,2.575000000E1
1.047966881E1,2.575000000E1
1.048229281E1,2.575000000E1
1.048491781E1,2.575000000E1
1.048754181E1,2.575000000E1
1.049016681E1,2.575000000E1
1.049279081E1,2.575000000E1
1.049541581E1,2.575000000E1
1.049803981E1,2.575000000E1
1.050066481E1,2.575000000E1
1.050328881E1,2.575000000E1
1.050591381E1,2.575000000E1
1.050853781E1,2.575000000E1
1.051116281E1,2.575000000E1
1.051378681E1,2.575000000E1
1.051641181E1,2.575000000E1
1.051903581E1,2.575000000E1
1.052166081E1,2.575000000E1
1.052428481E1,2.575000000E1
1.052690981E1,2.575000000E1
1.052953381E1,2.575000000E1
1.053215881E1,2.575000000E1
1.053478281E1,2.575000000E1
1.053740781E1,2.575000000E1
1.054003181E1,2.575000000E1
1.054265681E1,2.575000000E1
1.054528081E1,2.575000000E1
1.054790581E1,2.575000000E1
1.055052981E1,2.575000000E1
1.055315481E1,2.575000000E1
1.055577881E1,2.575000000E1
1.055840381E1,2.575000000E1
1.056102781E1,2.575000000E1
1.056365281E1,2.575000000E1
1.056627681E1,2.575000000E1
1.056890181E1,2.575000000E1
1.057152581E1,2.575000000E1
1.057415081E1,2.575000000E1
1.057677481E1,2.575000000E1
1.057939981E1,2.575000000E1
1.058202381E1,2.575000000E1
1.058464881E1,2.575000000E1
1.058727381E1,2.575000000E1
1.058989781E1,2.575000000E1
1.059252281E1,2.575000000E1
1.059514681E1,2.575000000E1
1.059777181E1,2.575000000E1
1.060039581E1,2.575000000E1
1.060302081E1,2.575000000E1
1.060564481E1,2.575000000E1
1.060826981E1,2.575000000E1
1.061089381E1,2.575000000E1
1.061351881E1,2.575000000E1
1.061614281E1,2.575000000E1
1.061876781E1,2.575000000E1
1.062139181E1,2.575000000E1
1.062401681E1,2.575000000E1
1.062664081E1,2.575000000E1
1.062926581E1,2.575000000E1
1.063188981E1,2.575000000E1
1.063451481E1,2.575000000E1
1.063713881E1,2.575000000E1
1.063976381E1,2.575000000E1
1.064238781E1,2.575000000E1
1.064501281E1,2.575000000E1
1.064763681E1,2.575000000E1
1.065026181E1,2.575000000E1
1.065288581E1,2.575000000E1
1.065551081E1,2.575000000E1
1.065813481E1,2.575000000E1
1.066075981E1,2.575000000E1
1.066338381E1,2.575000000E1
1.066600881E1,2.575000000E1
1.066863281E1,2.575000000E1
1.067125781E1,2.575000000E1
1.067388181E1,2.575000000E1
1.067650681E1,2.575000000E1
1.067913081E1,2.575000000E1
1.068175581E1,2.575000000E1
1.068437981E1,2.575000000E1
1.068700481E1,2.575000000E1
1.068962881E1,2.575000000E1
1.069225381E1,2.575000000E1
1.069487881E1,2.575000000E1
1.069750281E1,2.575000000E1
1.070012781E1,2.575000000E1
1.070275181E1,2.575000000E1
1.070537681E1,2.575000000E1
1.070800081E1,2.575000000E1
1.071062581E1,2.575000000E1
1.071324981E1,2.575000000E1
1.071587481E1,2.575000000E1
1.071849881E1,2.575000000E1
1.072112381E1,2.575000000E1
1.072374781E1,2.575000000E1
1.072637281E1,2.575000000E1
1.072899681E1,2.575000000E1
1.073162181E1,2.575000000E1
1.073424581E1,2.575000000E1
1.073687081E1,2.575000000E1
1.073949481E1,2.575000000E1
1.074211981E1,2.575000000E1
1.074474381E1,2.575000000E1
1.074736881E1,2.575000000E1
1.074999281E1,2.575000000E1
1.075261781E1,2.575000000E1
1.075524181E1,2.575000000E1
1.075786681E1,2.575000000E1
1.076049081E1,2.575000000E1
1.076311581E1,2.575000000E1
1.076573981E1,2.575000000E1
1.076836481E1,2.575000000E1
1.077098881E1,2.575000000E1
1.077361381E1,2.575000000E1
1.077623781E1,2.575000000E1
1.077886281E1,2.575000000E1
1.078148681E1,2.575000000E1
1.078411181E1,2.575000000E1
1.078673581E1,2.575000000E1
1.078936081E1,2.575000000E1
1.079198481E1,2.575000000E1
1.079460981E1,2.575000000E1
1.079723381E1,2.575000000E1
1.079985881E1,2.575000000E1
1.080248281E1,2.575000000E1
1.080510781E1,2.575000000E1
1.080773281E1,2.575000000E1
1.081035681E1,2.575000000E1
1.081298181E1,2.575000000E1
1.081560581E1,2.575000000E1
1.081823081E1,2.575000000E1
1.082085481E1,2.575000000E1
1.082347981E1,2.575000000E1
1.082610381E1,2.575000000E1
1.082872881E1,2.575000000E1
1.083135281E1,2.575000000E1
1.083397781E1,2.575000000E1
1.083660181E1,2.575000000E1
1.083922681E1,2.575000000E1
1.084185081E1,2.575000000E1
1.084447581E1,2.575000000E1
1.084709981E1,2.575000000E1
1.084972481E1,2.575000000E1
1.085234881E1,2.575000000E1
1.085497381E1,2.575000000E1
1.085759781E1,2.575000000E1
1.086022281E1,2.575000000E1
1.086284681E1,2.575000000E1
1.086547181E1,2.575000000E1
1.086809581E1,2.575000000E1
1.087072081E1,2.575000000E1
1.087334481E1,2.575000000E1
1.087596981E1,2.575000000E1
1.087859381E1,2.575000000E1
1.088121881E1,2.575000000E1
1.088384281E1,2.575000000E1
1.088646781E1,2.575000000E1
1.088909181E1,2.575000000E1
1.089171681E1,2.575000000E1
1.089434081E1,2.575000000E1
1.089696581E1,2.575000000E1
1.089958981E1,2.575000000E1
1.090221481E1,2.575000000E1
1.090483881E1,2.575000000E1
1.090746381E1,2.575000000E1
1.091008781E1,2.575000000E1
1.091271281E1,2.575000000E1
1.091533681E1,2.575000000E1
1.091796181E1,2.575000000E1
1.092058681E1,2.575000000E1
1.092321081E1,2.575000000E1
1.092583581E1,2.575000000E1
1.092845981E1,2.575000000E1
1.093108481E1,2.575000000E1
1.093370881E1,2.575000000E1
1.093633381E1,2.575000000E1
1.093895781E1,2.575000000E1
1.094158281E1,2.575000000E1
1.094420681E1,2.575000000E1
1.094683181E1,2.575000000E1
1.094945581E1,2.575000000E1
1.095208081E1,2.575000000E1
1.095470481E1,2.575000000E1
1.095732981E1,2.575000000E1
1.095995381E1,2.575000000E1
1.096257881E1,2.575000000E1
1.096520281E1,2.575000000E1
1.096782781E1,2.575000000E1
1.097045181E1,2.575000000E1
1.097307681E1,2.575000000E1
1.097570081E1,2.575000000E1
1.097832581E1,2.575000000E1
1.098094981E1,2.575000000E1
1.098357481E1,2.575000000E1
1.098619881E1,2.575000000E1
1.098882381E1,2.575000000E1
1.099144781E1,2.575000000E1
1.099407281E1,2.575000000E1
1.099669681E1,2.575000000E1
1.099932181E1,2.575000000E1
1.100194581E1,2.575000000E1
1.100457081E1,2.575000000E1
1.100719481E1,2.575000000E1
1.100981981E1,2.575000000E1
1.101244381E1,2.575000000E1
1.101506881E1,2.575000000E1
1.101769281E1,2.575000000E1
1.102031781E1,2.575000000E1
1.102294181E1,2.575000000E1
1.102556681E1,2.575000000E1
1.102819081E1,2.575000000E1
1.103081581E1,2.575000000E1
1.103344081E1,2.575000000E1
1.103606481E1,2.575000000E1
1.103868981E1,2.575000000E1
1.104131381E1,2.575000000E1
1.104393881E1,2.575000000E1
1.104656281E1,2.575000000E1
1.104918781E1,2.575000000E1
1.105181181E1,2.575000000E1
1.105443681E1,2.575000000E1
1.105706081E1,2.575000000E1
1.105968581E1,2.575000000E1
1.106230981E1,2.575000000E1
1.106493481E1,2.575000000E1
1.106755881E1,2.575000000E1
1.107018381E1,2.575000000E1
1.107280781E1,2.575000000E1
1.107543281E1,2.575000000E1
1.107805681E1,2.575000000E1
1.108068181E1,2.575000000E1
1.108330581E1,2.575000000E1
1.108593081E1,2.575000000E1
1.108855481E1,2.575000000E1
1.109117981E1,2.575000000E1
1.109380381E1,2.575000000E1
1.109642881E1,2.575000000E1
1.109905281E1,2.575000000E1
1.110167781E1,2.575000000E1
1.110430181E1,2.575000000E1
1.110692681E1,2.575000000E1
1.110955081E1,2.575000000E1
1.111217581E1,2.575000000E1
1.111479981E1,2.575000000E1
1.111742481E1,2.575000000E1
1.112004881E1,2.575000000E1
1.112267381E1,2.575000000E1
1.112529781E1,2.575000000E1
1.112792281E1,2.575000000E1
1.113054681E1,2.575000000E1
1.113317181E1,2.575000000E1
1.113579581E1,2.575000000E1
1.113842081E1,2.575000000E1
1.114104481E1,2.575000000E1
1.114366981E1,2.575000000E1
1.114629481E1,2.575000000E1
1.114891881E1,2.575000000E1
1.115154381E1,2.575000000E1
1.115416781E1,2.575000000E1
1.115679281E1,2.575000000E1
1.115941681E1,2.575000000E1
1.116204181E1,2.575000000E1
1.116466581E1,2.575000000E1
1.116729081E1,2.575000000E1
1.116991481E1,2.575000000E1
1.117253981E1,2.575000000E1
1.117516381E1,2.575000000E1
1.117778881E1,2.575000000E1
1.118041281E1,2.575000000E1
1.118303781E1,2.575000000E1
1.118566181E1,2.575000000E1
1.118828681E1,2.575000000E1
1.119091081E1,2.575000000E1
1.119353581E1,2.575000000E1
1.119615981E1,2.575000000E1
1.119878481E1,2.575000000E1
1.120140881E1,2.575000000E1
1.120403381E1,2.575000000E1
1.120665781E1,2.575000000E1
1.120928281E1,2.575000000E1
1.121190681E1,2.575000000E1
1.121453181E1,2.575000000E1
1.121715581E1,2.575000000E1
1.121978081E1,2.575000000E1
1.122240481E1,2.575000000E1
1.122502981E1,2.575000000E1
1.122765381E1,2.575000000E1
1.123027881E1,2.575000000E1
1.123290281E1,2.575000000E1
1.123552781E1,2.575000000E1
1.123815181E1,2.575000000E1
1.124077681E1,2.575000000E1
1.124340081E1,2.575000000E1
1.124602581E1,2.575000000E1
1.124864981E1,2.575000000E1
1.125127481E1,2.575000000E1
1.125389881E1,2.575000000E1
1.125653781E1,2.575000000E1
1.125916281E1,2.575000000E1
1.126178681E1,2.575000000E1
1.126441181E1,2.575000000E1
1.126703581E1,2.575000000E1
1.126966081E1,2.575000000E1
1.127228481E1,2.575000000E1
1.127490981E1,2.575000000E1
1.127753381E1,2.575000000E1
1.128015881E1,2.575000000E1
1.128278281E1,2.575000000E1
1.128540781E1,2.575000000E1
1.128803181E1,2.575000000E1
1.129065681E1,2.575000000E1
1.129328081E1,2.575000000E1
1.129590581E1,2.575000000E1
1.129852981E1,2.575000000E1
1.130115481E1,2.575000000E1
1.130377881E1,2.575000000E1
1.130640381E1,2.575000000E1
1.130902781E1,2.575000000E1
1.131165281E1,2.575000000E1
1.131427781E1,2.575000000E1
1.131690181E1,2.575000000E1
1.131952681E1,2.575000000E1
1.132215081E1,2.575000000E1
1.132477581E1,2.575000000E1
1.132739981E1,2.575000000E1
1.133002481E1,2.575000000E1
1.133264881E1,2.575000000E1
1.133527381E1,2.575000000E1
1.133789781E1,2.575000000E1
1.134052281E1,2.575000000E1
1.134314681E1,2.575000000E1
1.134577181E1,2.575000000E1
1.134839581E1,2.575000000E1
1.135102081E1,2.575000000E1
1.135364481E1,2.575000000E1
1.135626981E1,2.575000000E1
1.135889381E1,2.575000000E1
1.136151881E1,2.575000000E1
1.136414281E1,2.575000000E1
1.136676781E1,2.575000000E1
1.136939181E1,2.575000000E1
1.137201681E1,2.575000000E1
1.137464081E1,2.575000000E1
1.137726581E1,2.575000000E1
1.137988981E1,2.575000000E1
1.138251481E1,2.575000000E1
1.138513881E1,2.575000000E1
1.138776381E1,2.575000000E1
1.139038781E1,2.575000000E1
1.139301281E1,2.575000000E1
1.139563681E1,2.575000000E1
1.139826181E1,2.575000000E1
1.140088581E1,2.575000000E1
1.140351081E1,2.575000000E1
1.140613481E1,2.575000000E1
1.140875981E1,2.575000000E1
1.141138381E1,2.575000000E1
1.141400881E1,2.575000000E1
1.141663281E1,2.575000000E1
1.141925781E1,2.575000000E1
1.142188181E1,2.575000000E1
1.142450681E1,2.575000000E1
1.142713181E1,2.575000000E1
1.142975581E1,2.575000000E1
1.143238081E1,2.575000000E1
1.143500481E1,2.575000000E1
1.143762981E1,2.575000000E1
1.144025381E1,2.575000000E1
1.144287881E1,2.575000000E1
1.144550281E1,2.575000000E1
1.144812781E1,2.575000000E1
1.145075181E1,2.575000000E1
1.145337681E1,2.575000000E1
1.145600081E1,2.575000000E1
1.145862581E1,2.575000000E1
1.146124981E1,2.575000000E1
1.146387481E1,2.575000000E1
1.146649881E1,2.575000000E1
1.146912381E1,2.575000000E1
1.147174781E1,2.575000000E1
1.147437281E1,2.575000000E1
1.147699681E1,2.575000000E1
1.147962181E1,2.575000000E1
1.148224581E1,2.575000000E1
1.148487081E1,2.575000000E1
1.148749481E1,2.575000000E1
1.149011981E1,2.575000000E1
1.149274381E1,2.575000000E1
1.149536881E1,2.575000000E1
1.149799281E1,2.575000000E1
1.150061781E1,2.575000000E1
1.150324181E1,2.575000000E1
1.150586681E1,2.575000000E1
1.150849081E1,2.575000000E1
1.151111581E1,2.575000000E1
1.151373981E1,2.575000000E1
1.151636481E1,2.575000000E1
1.151898881E1,2.575000000E1
1.152161381E1,2.575000000E1
1.152423781E1,2.575000000E1
1.152686281E1,2.575000000E1
1.152948681E1,2.575000000E1
1.153211181E1,2.575000000E1
1.153473581E1,2.575000000E1
1.153736081E1,2.575000000E1
1.153998581E1,2.575000000E1
1.154260981E1,2.575000000E1
1.154523481E1,2.575000000E1
1.154785881E1,2.575000000E1
1.155048381E1,2.575000000E1
1.155310781E1,2.575000000E1
1.155573281E1,2.575000000E1
1.155835681E1,2.575000000E1
1.156098181E1,2.575000000E1
1.156360581E1,2.575000000E1
1.156623081E1,2.575000000E1
1.156885481E1,2.575000000E1
1.157147981E1,2.575000000E1
1.157410381E1,2.575000000E1
1.157672881E1,2.575000000E1
1.157935281E1,2.575000000E1
1.158197781E1,2.575000000E1
1.158460181E1,2.575000000E1
1.158722681E1,2.575000000E1
1.158985081E1,2.575000000E1
1.159247581E1,2.575000000E1
1.159509981E1,2.575000000E1
1.159772481E1,2.575000000E1
1.160034881E1,2.575000000E1
1.160297381E1,2.575000000E1
1.160559781E1,2.575000000E1
1.160822281E1,2.575000000E1
1.161084681E1,2.575000000E1
1.161347181E1,2.575000000E1
1.161609581E1,2.575000000E1
1.161872081E1,2.575000000E1
1.162134481E1,2.575000000E1
1.162396981E1,2.575000000E1
1.162659381E1,2.575000000E1
1.162921881E1,2.575000000E1
1.163184281E1,2.575000000E1
1.163446781E1,2.575000000E1
1.163709181E1,2.575000000E1
1.163971681E1,2.575000000E1
1.164234081E1,2.575000000E1
1.164496581E1,2.575000000E1
1.164759081E1,2.575000000E1
1.165021481E1,2.575000000E1
1.165283981E1,2.575000000E1
1.165546381E1,2.575000000E1
1.165808881E1,2.575000000E1
1.166071281E1,2.575000000E1
1.166333781E1,2.575000000E1
1.166596181E1,2.575000000E1
1.166858681E1,2.575000000E1
1.167121081E1,2.575000000E1
1.167383581E1,2.575000000E1
1.167645981E1,2.575000000E1
1.167908481E1,2.575000000E1
1.168170881E1,2.575000000E1
1.168433381E1,2.575000000E1
1.168695781E1,2.575000000E1
1.168958281E1,2.575000000E1
1.169220681E1,2.575000000E1
1.169745581E1,3.225000000E1
1.170008081E1,3.225000000E1
1.170270481E1,3.225000000E1
1.170532981E1,3.225000000E1
1.170795381E1,3.225000000E1
1.171057881E1,3.225000000E1
1.171320281E1,3.225000000E1
1.171582781E1,3.225000000E1
1.171845181E1,3.225000000E1
1.172107681E1,2.575000000E1
1.172370081E1,2.575000000E1
1.172632581E1,2.575000000E1
1.172894981E1,2.575000000E1
1.173157481E1,2.575000000E1
1.173419881E1,2.575000000E1
1.173682381E1,2.575000000E1
1.173944781E1,2.575000000E1
1.174207281E1,2.575000000E1
1.174469681E1,2.575000000E1
1.174732181E1,2.575000000E1
1.174994581E1,2.575000000E1
1.175257081E1,2.575000000E1
1.175519481E1,2.575000000E1
1.175781981E1,2.575000000E1
1.176044481E1,2.575000000E1
1.176306881E1,2.575000000E1
1.176569381E1,2.575000000E1
1.176831781E1,2.575000000E1
1.177094281E1,2.575000000E1
1.177356681E1,2.575000000E1
1.177619181E1,2.575000000E1
1.177881581E1,2.575000000E1
1.178144081E1,2.575000000E1
1.178406481E1,2.575000000E1
1.178668981E1,2.575000000E1
1.178931381E1,2.575000000E1
1.179193881E1,2.575000000E1
1.179456281E1,2.575000000E1
1.179718781E1,2.575000000E1
1.179981181E1,2.575000000E1
1.180243681E1,2.575000000E1
1.180506081E1,2.575000000E1
1.180768581E1,2.575000000E1
1.181030981E1,2.575000000E1
1.181293481E1,2.575000000E1
1.181555881E1,2.575000000E1
1.181818381E1,2.575000000E1
1.182080781E1,2.575000000E1
1.182343281E1,2.575000000E1
1.182605681E1,2.575000000E1
1.182868181E1,2.575000000E1
1.183130581E1,2.575000000E1
1.183393081E1,2.575000000E1
1.183655481E1,2.575000000E1
1.183917981E1,2.575000000E1
1.184180381E1,2.575000000E1
1.184442881E1,2.575000000E1
1.184705281E1,2.575000000E1
1.184967781E1,2.575000000E1
1.185230181E1,2.575000000E1
1.185492681E1,2.575000000E1
1.185755081E1,2.575000000E1
1.186017581E1,2.575000000E1
1.186279981E1,2.575000000E1
1.186542481E1,2.575000000E1
1.186804881E1,2.575000000E1
1.187067381E1,2.575000000E1
1.187329881E1,2.575000000E1
1.187592281E1,2.575000000E1
1.187854781E1,2.575000000E1
1.188117181E1,2.575000000E1
1.188379681E1,2.575000000E1
1.188642081E1,2.575000000E1
1.188904581E1,2.575000000E1
1.189166981E1,2.575000000E1
1.189429481E1,2.575000000E1
1.189691881E1,2.575000000E1
1.189954381E1,2.575000000E1
1.190216781E1,2.575000000E1
1.190479281E1,2.575000000E1
1.190741681E1,2.575000000E1
1.191004181E1,2.575000000E1
1.191266581E1,2.575000000E1
1.191529081E1,2.575000000E1
1.191791481E1,2.575000000E1
1.192053981E1,2.575000000E1
1.192316381E1,2.575000000E1
1.192578881E1,2.575000000E1
1.192841281E1,2.575000000E1
1.193103781E1,2.575000000E1
1.193366181E1,2.575000000E1
1.193628681E1,2.575000000E1
1.193891081E1,2.575000000E1
1.194153581E1,2.575000000E1
1.194415981E1,2.575000000E1
1.194678481E1,2.575000000E1
1.194940881E1,2.575000000E1
1.195203381E1,2.575000000E1
1.195465781E1,2.575000000E1
1.195728281E1,2.575000000E1
1.195990681E1,2.575000000E1
1.196253181E1,2.575000000E1
1.196515581E1,2.575000000E1
1.196778081E1,2.575000000E1
1.197040481E1,2.575000000E1
1.197302981E1,2.575000000E1
1.197565381E1,2.575000000E1
1.197827881E1,2.575000000E1
1.198090281E1,2.575000000E1
1.198352781E1,2.575000000E1
1.198615281E1,2.575000000E1
1.198877681E1,2.575000000E1
1.199140181E1,2.575000000E1
1.199402581E1,2.575000000E1
1.199665081E1,2.575000000E1
1.199927481E1,2.575000000E1
1.200189981E1,2.575000000E1
1.200452381E1,2.575000000E1
1.200714881E1,2.575000000E1
1.200977281E1,2.575000000E1
1.201239781E1,2.575000000E1
1.201502181E1,2.575000000E1
1.201764681E1,2.575000000E1
1.202027081E1,2.575000000E1
1.202289581E1,2.575000000E1
1.202551981E1,2.575000000E1
1.202814481E1,2.575000000E1
1.203076881E1,2.575000000E1
1.203339381E1,2.575000000E1
1.203601781E1,2.575000000E1
1.203864281E1,2.575000000E1
1.204126681E1,2.575000000E1
1.204389181E1,2.575000000E1
1.204651581E1,2.575000000E1
1.204914081E1,2.575000000E1
1.205176481E1,2.575000000E1
1.205438981E1,2.575000000E1
1.205701381E1,2.575000000E1
1.205963881E1,2.575000000E1
1.206226281E1,2.575000000E1
1.206488781E1,2.575000000E1
1.206751181E1,2.575000000E1
1.207013681E1,2.575000000E1
1.207276081E1,2.575000000E1
1.207538581E1,2.575000000E1
1.207800981E1,2.575000000E1
1.208063481E1,2.575000000E1
1.208325881E1,2.575000000E1
1.208588381E1,2.575000000E1
1.208850781E1,2.575000000E1
1.209113281E1,2.575000000E1
1.209375681E1,2.575000000E1
1.209638181E1,2.575000000E1
1.209900681E1,2.575000000E1
1.210163081E1,2.575000000E1
1.210425581E1,2.575000000E1
1.210687981E1,2.575000000E1
1.210950481E1,2.575000000E1
1.211212881E1,2.575000000E1
1.211475381E1,2.575000000E1
1.211737781E1,2.575000000E1
1.212000281E1,2.575000000E1
1.212262681E1,2.575000000E1
1.212525181E1,2.575000000E1
1.212787581E1,2.575000000E1
1.213050081E1,2.575000000E1
1.213312481E1,2.575000000E1
1.213574981E1,2.575000000E1
1.213837381E1,2.575000000E1
1.214099881E1,2.575000000E1
1.214362281E1,2.575000000E1
1.214624781E1,2.575000000E1
1.214887181E1,2.575000000E1
1.215149681E1,2.575000000E1
1.215412081E1,2.575000000E1
1.215674581E1,2.575000000E1
1.215936981E1,2.575000000E1
1.216199481E1,2.575000000E1
1.216461881E1,2.575000000E1
1.216724381E1,2.575000000E1
1.216986781E1,2.575000000E1
1.217249281E1,2.575000000E1
1.217511681E1,2.575000000E1
1.217774181E1,2.575000000E1
1.218036581E1,2.575000000E1
1.218299081E1,2.575000000E1
1.218561481E1,2.575000000E1
1.218823981E1,2.575000000E1
1.219086381E1,2.575000000E1
1.219348881E1,2.575000000E1
1.219611281E1,2.575000000E1
1.219873781E1,2.575000000E1
1.220136181E1,2.575000000E1
1.220398681E1,2.575000000E1
1.220661081E1,2.575000000E1
1.220923581E1,2.575000000E1
1.221186081E1,2.575000000E1
1.221448481E1,2.575000000E1
1.221710981E1,2.575000000E1
1.221973381E1,2.575000000E1
1.222235881E1,2.575000000E1
1.222498281E1,2.575000000E1
1.222760781E1,2.575000000E1
1.223023181E1,2.575000000E1
1.223285681E1,2.575000000E1
1.223548081E1,2.575000000E1
1.223810581E1,2.575000000E1
1.224072981E1,2.575000000E1
1.224335481E1,2.575000000E1
1.224597881E1,2.575000000E1
1.224860381E1,2.575000000E1
1.225122781E1,2.575000000E1
1.225385281E1,2.575000000E1
1.225647681E1,2.575000000E1
1.225910181E1,2.575000000E1
1.226172581E1,2.575000000E1
1.226435081E1,2.575000000E1
1.226697481E1,2.575000000E1
1.226959981E1,2.575000000E1
1.227222381E1,2.575000000E1
1.227484881E1,2.575000000E1
1.227747281E1,2.575000000E1
1.228009781E1,2.575000000E1
1.228272181E1,2.575000000E1
1.228534681E1,2.575000000E1
1.228797081E1,2.575000000E1
1.229059581E1,2.575000000E1
1.229321981E1,2.575000000E1
1.229584481E1,2.575000000E1
1.229846881E1,2.575000000E1
1.230109381E1,2.575000000E1
1.230371781E1,2.575000000E1
1.230634281E1,2.575000000E1
1.230896681E1,2.575000000E1
1.231159181E1,2.575000000E1
1.231421581E1,2.575000000E1
1.231684081E1,2.575000000E1
1.231946581E1,2.575000000E1
1.232208981E1,2.575000000E1
1.232471481E1,2.575000000E1
1.232733881E1,2.575000000E1
1.232996381E1,2.575000000E1
1.233258781E1,2.575000000E1
1.233521281E1,2.575000000E1
1.233783681E1,2.575000000E1
1.234046181E1,2.575000000E1
1.234308581E1,2.575000000E1
1.234571081E1,2.575000000E1
1.234833481E1,2.575000000E1
1.235095981E1,2.575000000E1
1.235358381E1,2.575000000E1
1.235620881E1,2.575000000E1
1.235883281E1,2.575000000E1
1.236145781E1,2.575000000E1
1.236408181E1,2.575000000E1
1.236670681E1,2.575000000E1
1.236933081E1,2.575000000E1
1.237195581E1,2.575000000E1
1.237457981E1,2.575000000E1
1.237720481E1,2.575000000E1
1.237982881E1,2.575000000E1
1.238245381E1,2.575000000E1
1.238507781E1,2.575000000E1
1.238770281E1,2.575000000E1
1.239032681E1,2.575000000E1
1.239295181E1,2.575000000E1
1.239557581E1,2.575000000E1
1.239820081E1,2.575000000E1
1.240082481E1,2.575000000E1
1.240344981E1,2.575000000E1
1.240607381E1,2.575000000E1
1.240869881E1,2.575000000E1
1.241132281E1,2.575000000E1
1.241394781E1,2.575000000E1
1.241657181E1,2.575000000E1
1.241919681E1,2.575000000E1
1.242182081E1,2.575000000E1
1.242444581E1,2.575000000E1
1.242706981E1,2.575000000E1
1.242969481E1,2.575000000E1
1.243231981E1,2.575000000E1
1.243494381E1,2.575000000E1
1.243756881E1,2.575000000E1
1.244019281E1,2.575000000E1
1.244281781E1,2.575000000E1
1.244544181E1,2.575000000E1
1.244806681E1,2.575000000E1
1.245069081E1,2.575000000E1
1.245331581E1,2.575000000E1
1.245593981E1,2.575000000E1
1.245856481E1,2.575000000E1
1.246118881E1,2.575000000E1
1.246381381E1,2.575000000E1
1.246643781E1,2.575000000E1
1.246906281E1,2.575000000E1
1.247168681E1,2.575000000E1
1.247431181E1,2.575000000E1
1.247693581E1,2.575000000E1
1.247956081E1,2.575000000E1
1.248218481E1,2.575000000E1
1.248480981E1,2.575000000E1
1.248743381E1,2.575000000E1
1.249005881E1,2.575000000E1
1.249268281E1,2.575000000E1
1.249530781E1,2.575000000E1
1.249793181E1,2.575000000E1
1.250055681E1,2.575000000E1
1.250318081E1,2.575000000E1
1.250580581E1,2.575000000E1
1.250842981E1,2.575000000E1
1.251105481E1,2.575000000E1
1.251367881E1,2.575000000E1
1.251630381E1,2.575000000E1
1.251892781E1,2.575000000E1
1.252155281E1,2.575000000E1
1.252417681E1,2.575000000E1
1.252680181E1,2.575000000E1
1.252942581E1,2.575000000E1
1.253205081E1,2.575000000E1
1.253467481E1,2.575000000E1
1.253729981E1,2.575000000E1
1.253992381E1,2.575000000E1
1.254254881E1,2.575000000E1
1.254517381E1,2.575000000E1
1.254779781E1,2.575000000E1
1.255042281E1,2.575000000E1
1.255304681E1,2.575000000E1
1.255567181E1,2.575000000E1
1.255829581E1,2.575000000E1
1.256092081E1,2.575000000E1
1.256354481E1,2.575000000E1
1.256616981E1,2.575000000E1
1.256879381E1,2.575000000E1
1.257141881E1,2.575000000E1
1.257404281E1,2.575000000E1
1.257666781E1,2.575000000E1
1.257929181E1,2.575000000E1
1.258191681E1,2.575000000E1
1.258454081E1,2.575000000E1
1.258716581E1,2.575000000E1
1.258978981E1,2.575000000E1
1.259241481E1,2.575000000E1
1.259503881E1,2.575000000E1
1.259766381E1,2.575000000E1
1.260028781E1,2.575000000E1
1.260291281E1,2.575000000E1
1.260553681E1,2.575000000E1
1.260816181E1,2.575000000E1
1.261078581E1,2.575000000E1
1.261341081E1,2.575000000E1
1.261603481E1,2.575000000E1
1.261865981E1,2.575000000E1
1.262128381E1,2.575000000E1
1.262390881E1,2.575000000E1
1.262653281E1,2.575000000E1
1.262915781E1,2.575000000E1
1.263178181E1,2.575000000E1
1.263440681E1,2.575000000E1
1.263703081E1,2.575000000E1
1.263965581E1,2.575000000E1
1.264227981E1,2.575000000E1
1.264490481E1,2.575000000E1
1.264752881E1,2.575000000E1
1.265015381E1,2.575000000E1
1.265277781E1,2.575000000E1
1.265540281E1,2.575000000E1
1.265802781E1,2.575000000E1
1.266065181E1,2.575000000E1
1.266327681E1,2.575000000E1
1.266590081E1,2.575000000E1
1.266852581E1,2.575000000E1
1.267114981E1,2.575000000E1
1.267377481E1,2.575000000E1
1.267639881E1,2.575000000E1
1.267902381E1,2.575000000E1
1.268164781E1,2.575000000E1
1.268427281E1,2.575000000E1
1.268689681E1,2.575000000E1
1.268952181E1,2.575000000E1
1.269214581E1,2.575000000E1
1.269477081E1,2.575000000E1
1.269739481E1,2.575000000E1
1.270001981E1,2.575000000E1
1.270264381E1,2.575000000E1
1.270526881E1,2.575000000E1
1.270789281E1,2.575000000E1
1.271051781E1,2.575000000E1
1.271314181E1,2.575000000E1
1.271576681E1,2.575000000E1
1.271839081E1,2.575000000E1
1.272101581E1,2.575000000E1
1.272363981E1,2.575000000E1
1.272626481E1,2.575000000E1
1.272888881E1,2.575000000E1
1.273151381E1,2.575000000E1
1.273413781E1,2.575000000E1
1.273676281E1,2.575000000E1
1.273938681E1,2.575000000E1
1.274201181E1,2.575000000E1
1.274463581E1,2.575000000E1
1.274726081E1,2.575000000E1
1.274988481E1,2.575000000E1
1.275250981E1,2.575000000E1
1.275513381E1,2.575000000E1
1.275775881E1,2.575000000E1
1.276038281E1,2.575000000E1
1.276300781E1,2.575000000E1
1.276563181E1,2.575000000E1
1.276825681E1,2.575000000E1
1.277088181E1,2.575000000E1
1.277350581E1,2.575000000E1
1.277613081E1,2.575000000E1
1.277875481E1,2.575000000E1
1.278137981E1,2.575000000E1
1.278400381E1,2.575000000E1
1.278662881E1,2.575000000E1
1.278925281E1,2.575000000E1
1.279187781E1,2.575000000E1
1.279450181E1,2.575000000E1
1.279712681E1,2.575000000E1
1.279975081E1,2.575000000E1
1.280237581E1,2.575000000E1
1.280499981E1,2.575000000E1
1.280762481E1,2.575000000E1
1.281024881E1,2.575000000E1
1.281287381E1,2.575000000E1
1.281549781E1,2.575000000E1
1.281812281E1,2.575000000E1
1.282074681E1,2.575000000E1
1.282337181E1,2.575000000E1
1.282599581E1,2.575000000E1
1.282862081E1,2.575000000E1
1.283124481E1,2.575000000E1
1.283386981E1,2.575000000E1
1.283649381E1,2.575000000E1
1.283911881E1,2.575000000E1
1.284174281E1,2.575000000E1
1.284436781E1,2.575000000E1
1.284699181E1,2.575000000E1
1.284961681E1,2.575000000E1
1.285224081E1,2.575000000E1
1.285486581E1,2.575000000E1
1.285748981E1,2.575000000E1
1.286011481E1,2.575000000E1
1.286273881E1,2.575000000E1
1.286536381E1,2.575000000E1
1.286798781E1,2.575000000E1
1.287061281E1,2.575000000E1
1.287323681E1,2.575000000E1
1.287586181E1,2.575000000E1
1.287848581E1,2.575000000E1
1.288111081E1,2.575000000E1
1.288373581E1,2.575000000E1
1.288635981E1,2.575000000E1
1.288898481E1,2.575000000E1
1.289160881E1,2.575000000E1
1.289423381E1,2.575000000E1
1.289685781E1,2.575000000E1
1.289948281E1,2.575000000E1
1.290210681E1,2.575000000E1
1.290473181E1,2.575000000E1
1.290735581E1,2.575000000E1
1.290998081E1,2.575000000E1
1.291260481E1,2.575000000E1
1.291522981E1,2.575000000E1
1.291785381E1,2.575000000E1
1.292047881E1,2.575000000E1
1.292310281E1,2.575000000E1
1.292572781E1,2.575000000E1
1.292835181E1,2.575000000E1
1.293097681E1,2.575000000E1
1.293360081E1,2.575000000E1
1.293622581E1,2.575000000E1
1.293884981E1,2.575000000E1
1.294147481E1,2.575000000E1
1.294409881E1,2.575000000E1
1.294672381E1,2.575000000E1
1.294934781E1,2.575000000E1
1.295197281E1,2.575000000E1
1.295459681E1,2.575000000E1
1.295722181E1,2.575000000E1
1.295984581E1,2.575000000E1
1.296247081E1,2.575000000E1
1.296509481E1,2.575000000E1
1.296771981E1,2.575000000E1
1.297034381E1,2.575000000E1
1.297296881E1,2.575000000E1
1.297559281E1,2.575000000E1
1.297821781E1,2.575000000E1
1.298084181E1,2.575000000E1
1.298346681E1,2.575000000E1
1.298609081E1,2.575000000E1
1.298871581E1,2.575000000E1
1.299134081E1,2.575000000E1
1.299396481E1,2.575000000E1
1.299658981E1,2.575000000E1
1.299921381E1,2.575000000E1
1.300183881E1,2.575000000E1
1.300446281E1,2.575000000E1
1.300708781E1,2.575000000E1
1.300971181E1,2.575000000E1
1.301233681E1,2.575000000E1
1.301496081E1,2.575000000E1
1.301758581E1,2.575000000E1
1.302020981E1,2.575000000E1
1.302283481E1,2.575000000E1
1.302545881E1,2.575000000E1
1.302808381E1,2.575000000E1
1.303070781E1,2.575000000E1
1.303333281E1,2.575000000E1
1.303595681E1,2.575000000E1
1.303858181E1,2.575000000E1
1.304120581E1,2.575000000E1
1.304383081E1,2.575000000E1
1.304645481E1,2.575000000E1
1.304907981E1,2.575000000E1
1.305170381E1,2.575000000E1
1.305432881E1,2.575000000E1
1.305695281E1,2.575000000E1
1.305957781E1,2.575000000E1
1.306220181E1,2.575000000E1
1.306482681E1,2.575000000E1
1.306745081E1,2.575000000E1
1.307007581E1,2.575000000E1
1.307269981E1,2.575000000E1
1.307532481E1,2.575000000E1
1.307794881E1,2.575000000E1
1.308057381E1,2.575000000E1
1.308319781E1,2.575000000E1
1.308582281E1,2.575000000E1
1.308844681E1,2.575000000E1
1.309107181E1,2.575000000E1
1.309369581E1,2.575000000E1
1.309632081E1,2.575000000E1
1.309894481E1,2.575000000E1
1.310156981E1,2.575000000E1
1.310419481E1,2.575000000E1
1.310681881E1,2.575000000E1
1.310944381E1,2.575000000E1
1.311206781E1,2.575000000E1
1.311469281E1,2.575000000E1
1.311731681E1,2.575000000E1
1.311994181E1,2.575000000E1
1.312256581E1,2.575000000E1
1.312519081E1,2.575000000E1
1.312781481E1,2.575000000E1
1.313043981E1,2.575000000E1
1.313306381E1,2.575000000E1
1.313568881E1,2.575000000E1
1.313831281E1,2.575000000E1
1.314093781E1,2.575000000E1
1.314356181E1,2.575000000E1
1.314618681E1,2.575000000E1
1.314881081E1,2.575000000E1
1.315143581E1,2.575000000E1
1.315405981E1,2.575000000E1
1.315668481E1,2.575000000E1
1.315930881E1,2.575000000E1
1.316193381E1,2.575000000E1
1.316455781E1,2.575000000E1
1.316718281E1,2.575000000E1
1.316980681E1,2.575000000E1
1.317243181E1,2.575000000E1
1.317505581E1,2.575000000E1
1.317768081E1,2.575000000E1
1.318030481E1,2.575000000E1
1.318292981E1,2.575000000E1
1.318555381E1,2.575000000E1
1.318817881E1,2.575000000E1
1.319080281E1,2.575000000E1
1.319342781E1,2.575000000E1
1.319605181E1,2.575000000E1
1.319867681E1,2.575000000E1
1.320130081E1,2.575000000E1
1.320392581E1,2.575000000E1
1.320654981E1,2.575000000E1
1.320917481E1,2.575000000E1
1.321179881E1,2.575000000E1
1.321442381E1,2.575000000E1
1.321704881E1,2.575000000E1
1.321967281E1,2.575000000E1
1.322229781E1,2.575000000E1
1.322492181E1,2.575000000E1
1.322754681E1,2.575000000E1
1.323017081E1,2.575000000E1
1.323279581E1,2.575000000E1
1.323541981E1,2.575000000E1
1.323804481E1,2.575000000E1
1.324066881E1,2.575000000E1
1.324329381E1,2.575000000E1
1.324591781E1,2.575000000E1
1.324854281E1,2.575000000E1
1.325116681E1,2.575000000E1
1.325379181E1,2.575000000E1
1.325641581E1,2.575000000E1
1.325904081E1,2.575000000E1
1.326166481E1,2.575000000E1
1.326428981E1,2.575000000E1
1.326691381E1,2.575000000E1
1.326953881E1,2.575000000E1
1.327216281E1,2.575000000E1
1.327478781E1,2.575000000E1
1.327741181E1,2.575000000E1
1.328003681E1,2.575000000E1
1.328266081E1,2.575000000E1
1.328528581E1,2.575000000E1
1.328790981E1,2.575000000E1
1.329053481E1,2.575000000E1
1.329315881E1,2.575000000E1
1.329578381E1,2.575000000E1
1.329840781E1,2.575000000E1
1.330103281E1,2.575000000E1
1.330365681E1,2.575000000E1
1.330628181E1,2.575000000E1
1.330890581E1,2.575000000E1
1.331153081E1,2.575000000E1
1.331415481E1,2.575000000E1
1.331677981E1,2.575000000E1
1.331940381E1,2.575000000E1
1.332202881E1,2.575000000E1
1.332465281E1,2.575000000E1
1.332727781E1,2.575000000E1
1.332990281E1,2.575000000E1
1.333252681E1,2.575000000E1
1.333515181E1,2.575000000E1
1.333777581E1,2.575000000E1
1.334040081E1,2.575000000E1
1.334302481E1,2.575000000E1
1.334564981E1,2.575000000E1
1.334827381E1,2.575000000E1
1.335089881E1,2.575000000E1
1.335352281E1,2.575000000E1
1.335614781E1,2.575000000E1
1.335877181E1,2.575000000E1
1.336139681E1,2.575000000E1
1.336402081E1,2.575000000E1
1.336664581E1,2.575000000E1
1.336926981E1,2.575000000E1
1.337189481E1,2.575000000E1
1.337451881E1,2.575000000E1
1.337714381E1,2.575000000E1
1.337976781E1,2.575000000E1
1.338239281E1,2.575000000E1
1.338501681E1,2.575000000E1
1.338764181E1,2.575000000E1
1.339026581E1,2.575000000E1
1.339289081E1,2.575000000E1
1.339551481E1,2.575000000E1
1.339813981E1,2.575000000E1
1.340076381E1,2.575000000E1
1.340338881E1,2.575000000E1
1.340601281E1,2.575000000E1
1.340863781E1,2.575000000E1
1.341126181E1,2.575000000E1
1.341388681E1,2.575000000E1
1.341651081E1,2.575000000E1
1.341913581E1,2.575000000E1
1.342175981E1,2.575000000E1
1.342438481E1,2.575000000E1
1.342700881E1,2.575000000E1
1.342963381E1,2.575000000E1
1.343225781E1,2.575000000E1
1.343488281E1,2.575000000E1
1.343750681E1,2.575000000E1
1.344013181E1,2.575000000E1
1.344275681E1,2.575000000E1
1.344538081E1,2.575000000E1
1.344800581E1,2.575000000E1
1.345062981E1,2.575000000E1
1.345325481E1,2.575000000E1
1.345587881E1,2.575000000E1
1.345850381E1,2.575000000E1
1.346112781E1,2.575000000E1
1.346375281E1,2.575000000E1
1.346637681E1,2.575000000E1
1.346900181E1,2.575000000E1
1.347162581E1,2.575000000E1
1.347425081E1,2.575000000E1
1.347687481E1,2.575000000E1
1.347949981E1,2.575000000E1
1.348212381E1,2.575000000E1
1.348474881E1,2.575000000E1
1.348737281E1,2.575000000E1
1.348999781E1,2.575000000E1
1.349262181E1,2.575000000E1
1.349524681E1,2.575000000E1
1.349787081E1,2.575000000E1
1.350049581E1,2.575000000E1
1.350311981E1,2.575000000E1
1.350574481E1,2.575000000E1
1.350836881E1,2.575000000E1
1.351099381E1,2.575000000E1
1.351361781E1,2.575000000E1
1.351624281E1,2.575000000E1
1.351886681E1,2.575000000E1
1.352149181E1,2.575000000E1
1.352411581E1,2.575000000E1
1.352674081E1,2.575000000E1
1.352936481E1,2.575000000E1
1.353198981E1,2.575000000E1
1.353461381E1,2.575000000E1
1.353723881E1,2.575000000E1
1.353986281E1,2.575000000E1
1.354248781E1,2.575000000E1
1.354511181E1,2.575000000E1
1.354773681E1,2.575000000E1
1.355036081E1,2.575000000E1
1.355298581E1,2.575000000E1
1.355561081E1,2.575000000E1
1.355823481E1,2.575000000E1
1.356085981E1,2.575000000E1
1.356348381E1,2.575000000E1
1.356610881E1,2.575000000E1
1.356873281E1,2.575000000E1
1.357135781E1,2.575000000E1
1.357398181E1,2.575000000E1
1.357660681E1,2.575000000E1
1.357923081E1,2.575000000E1
1.358185581E1,2.575000000E1
1.358447981E1,2.575000000E1
1.358710481E1,2.575000000E1
1.358972881E1,2.575000000E1
1.359235381E1,2.575000000E1
1.359497781E1,2.575000000E1
1.359760281E1,2.575000000E1
1.360022681E1,2.575000000E1
1.360285181E1,2.575000000E1
1.360547581E1,2.575000000E1
1.360810081E1,2.575000000E1
1.361072481E1,2.575000000E1
1.361334981E1,2.575000000E1
1.361597381E1,2.575000000E1
1.361859881E1,2.575000000E1
1.362122281E1,2.575000000E1
1.362384781E1,2.575000000E1
1.362647181E1,2.575000000E1
1.362909681E1,2.575000000E1
1.363172081E1,2.575000000E1
1.363434581E1,2.575000000E1
1.363696981E1,2.575000000E1
1.363959481E1,2.575000000E1
1.364221881E1,2.575000000E1
1.364484381E1,2.575000000E1
1.364746781E1,2.575000000E1
1.365009281E1,2.575000000E1
1.365271681E1,2.575000000E1
1.365534181E1,2.575000000E1
1.365796581E1,2.575000000E1
1.366059081E1,2.575000000E1
1.366321581E1,2.575000000E1
1.366583981E1,2.575000000E1
1.366846481E1,2.575000000E1
1.367108881E1,2.575000000E1
1.367371381E1,2.575000000E1
1.367633781E1,2.575000000E1
1.367896281E1,2.575000000E1
1.368158681E1,2.575000000E1
1.368421181E1,2.575000000E1
1.368683581E1,2.575000000E1
1.368946081E1,2.575000000E1
1.369208481E1,2.575000000E1
1.369470981E1,2.575000000E1
1.369733381E1,2.575000000E1
1.369995881E1,2.575000000E1
1.370258281E1,2.575000000E1
1.370520781E1,2.575000000E1
1.370783181E1,2.575000000E1
1.371045681E1,2.575000000E1
1.371308081E1,2.575000000E1
1.371570581E1,2.575000000E1
1.371832981E1,2.575000000E1
1.372095481E1,2.575000000E1
1.372357881E1,2.575000000E1
1.372620381E1,2.575000000E1
1.372882781E1,2.575000000E1
1.373145281E1,2.575000000E1
1.373407681E1,2.575000000E1
1.373670181E1,2.575000000E1
1.373932581E1,2.575000000E1
1.374195081E1,2.575000000E1
1.374457481E1,2.575000000E1
1.374719981E1,2.575000000E1
1.374982381E1,2.575000000E1
1.375244881E1,2.575000000E1
1.375507281E1,2.575000000E1
1.375769781E1,2.575000000E1
1.376032181E1,2.575000000E1
1.376294681E1,2.575000000E1
1.376557081E1,2.575000000E1
1.376819581E1,2.575000000E1
1.377081981E1,2.575000000E1
1.377344481E1,2.575000000E1
1.377606981E1,2.575000000E1
1.377869381E1,2.575000000E1
1.378131881E1,2.575000000E1
1.378394281E1,2.575000000E1
1.378656781E1,2.575000000E1
1.378919181E1,2.575000000E1
1.379181681E1,2.575000000E1
1.379444081E1,2.575000000E1
1.379706581E1,2.575000000E1
1.379968981E1,2.575000000E1
1.380231481E1,2.575000000E1
1.380493881E1,2.575000000E1
1.380756381E1,2.575000000E1
1.381018781E1,2.575000000E1
1.381281281E1,2.575000000E1
1.381543681E1,2.575000000E1
1.381806181E1,2.575000000E1
1.382068581E1,2.575000000E1
1.382331081E1,2.575000000E1
1.382593481E1,2.575000000E1
1.382855981E1,2.575000000E1
1.383118381E1,2.575000000E1
1.383380881E1,2.575000000E1
1.383643281E1,2.575000000E1
1.383905781E1,2.575000000E1
1.384168181E1,2.575000000E1
1.384430681E1,2.575000000E1
1.384693081E1,2.575000000E1
1.384955581E1,2.575000000E1
1.385217981E1,2.575000000E1
1.385480481E1,2.575000000E1
1.385742881E1,2.575000000E1
1.386005381E1,2.575000000E1
1.386267781E1,2.575000000E1
1.386530281E1,2.575000000E1
1.386792681E1,2.575000000E1
1.387055181E1,2.575000000E1
1.387317581E1,2.575000000E1
1.387580081E1,2.575000000E1
1.387842481E1,2.575000000E1
1.388104981E1,2.575000000E1
1.388367381E1,2.575000000E1
1.388629881E1,2.575000000E1
1.388892381E1,2.575000000E1
1.389154781E1,2.575000000E1
1.389417281E1,2.575000000E1
1.389679681E1,2.575000000E1
1.389942181E1,2.575000000E1
1.390204581E1,2.575000000E1
1.390467081E1,2.575000000E1
1.390729481E1,2.575000000E1
1.390991981E1,2.575000000E1
1.391254381E1,2.575000000E1
1.391516881E1,2.575000000E1
1.391779281E1,2.575000000E1
1.392041781E1,2.575000000E1
1.392304181E1,2.575000000E1
1.392566681E1,2.575000000E1
1.392829081E1,2.575000000E1
1.393091581E1,2.575000000E1
1.393353981E1,2.575000000E1
1.393616481E1,2.575000000E1
1.393878881E1,2.575000000E1
1.394141381E1,2.575000000E1
1.394403781E1,2.575000000E1
1.394666281E1,2.575000000E1
1.394928681E1,2.575000000E1
1.395191181E1,2.575000000E1
1.395453581E1,2.575000000E1
1.395716081E1,2.575000000E1
1.395978481E1,2.575000000E1
1.396240981E1,2.575000000E1
1.396503381E1,2.575000000E1
1.396765881E1,2.575000000E1
1.397028281E1,2.575000000E1
1.397290781E1,2.575000000E1
1.397553181E1,2.575000000E1
1.397815681E1,2.575000000E1
1.398078081E1,2.575000000E1
1.398340581E1,2.575000000E1
1.398602981E1,2.575000000E1
1.398865481E1,2.575000000E1
1.399127881E1,2.575000000E1
1.399390381E1,2.575000000E1
1.399652781E1,2.575000000E1
1.399915281E1,2.575000000E1
1.400177781E1,2.575000000E1
1.400440181E1,2.575000000E1
1.400702681E1,2.575000000E1
1.400965081E1,2.575000000E1
1.401227581E1,2.575000000E1
1.401489981E1,2.575000000E1
1.401752481E1,2.575000000E1
1.402014881E1,2.575000000E1
1.402277381E1,2.575000000E1
1.402539781E1,2.575000000E1
1.402802281E1,2.575000000E1
1.403064681E1,2.575000000E1
1.403327181E1,2.575000000E1
1.403589581E1,2.575000000E1
1.403852081E1,2.575000000E1
1.404114481E1,2.575000000E1
1.404376981E1,2.575000000E1
1.404639381E1,2.575000000E1
1.404901881E1,2.575000000E1
1.405164281E1,2.575000000E1
1.405426781E1,2.575000000E1
1.405689181E1,2.575000000E1
1.405951681E1,2.575000000E1
1.406214081E1,2.575000000E1
1.406476581E1,2.575000000E1
1.406738981E1,2.575000000E1
1.407001481E1,2.575000000E1
1.407263881E1,2.575000000E1
1.407526381E1,2.575000000E1
1.407788781E1,2.575000000E1
1.408051281E1,2.575000000E1
1.408313681E1,2.575000000E1
1.408576181E1,2.575000000E1
1.408838581E1,2.575000000E1
1.409101081E1,2.575000000E1
1.409363481E1,2.575000000E1
1.409625981E1,2.575000000E1
1.409888381E1,2.575000000E1
1.410150881E1,2.575000000E1
1.410413281E1,2.575000000E1
1.410675781E1,2.575000000E1
1.410938181E1,2.575000000E1
1.411200681E1,2.575000000E1
1.411463181E1,2.575000000E1
1.411725581E1,2.575000000E1
1.411988081E1,2.575000000E1
1.412250481E1,2.575000000E1
1.412512981E1,2.575000000E1
1.412775381E1,2.575000000E1
1.413037881E1,2.575000000E1
1.413300281E1,2.575000000E1
1.413562781E1,2.575000000E1
1.413825181E1,2.575000000E1
1.414087681E1,2.575000000E1
1.414350081E1,2.575000000E1
1.414612581E1,2.575000000E1
1.414874981E1,2.575000000E1
1.415137481E1,2.575000000E1
1.415399881E1,2.575000000E1
1.415662381E1,2.575000000E1
1.415924781E1,2.575000000E1
1.416187281E1,2.575000000E1
1.416449681E1,2.575000000E1
1.416712181E1,2.575000000E1
1.416974581E1,2.575000000E1
1.417237081E1,2.575000000E1
1.417499481E1,2.575000000E1
1.417761981E1,2.575000000E1
1.418024381E1,2.575000000E1
1.418286881E1,2.575000000E1
1.418549281E1,2.575000000E1
1.418811781E1,2.575000000E1
1.419074181E1,2.575000000E1
1.419336681E1,2.575000000E1
1.419599081E1,2.575000000E1
1.419861581E1,2.575000000E1
1.420123981E1,2.575000000E1
1.420386481E1,2.575000000E1
1.420648881E1,2.575000000E1
1.420911381E1,2.575000000E1
1.421173781E1,2.575000000E1
1.421436281E1,2.575000000E1
1.421698681E1,2.575000000E1
1.421961181E1,2.575000000E1
1.422223581E1,2.575000000E1
1.422486081E1,2.575000000E1
1.422748581E1,2.575000000E1
1.423010981E1,2.575000000E1
1.423273481E1,2.575000000E1
1.423535881E1,2.575000000E1
1.423798381E1,2.575000000E1
1.424060781E1,2.575000000E1
1.424323281E1,2.575000000E1
1.424585681E1,2.575000000E1
1.424848181E1,2.575000000E1
1.425110581E1,2.575000000E1
1.425373081E1,2.575000000E1
1.425635481E1,2.575000000E1
1.425897981E1,2.575000000E1
1.426160381E1,2.575000000E1
1.426422881E1,2.575000000E1
1.426685281E1,2.575000000E1
1.426947781E1,2.575000000E1
1.427210181E1,2.575000000E1
1.427472681E1,2.575000000E1
1.427735081E1,2.575000000E1
1.427997581E1,2.575000000E1
1.428259981E1,2.575000000E1
1.428522481E1,2.575000000E1
1.428784881E1,2.575000000E1
1.429047381E1,2.575000000E1
1.429309781E1,2.575000000E1
1.429572281E1,2.575000000E1
1.429834681E1,2.575000000E1
1.430097181E1,2.575000000E1
1.430359581E1,2.575000000E1
1.430622081E1,2.575000000E1
1.430884481E1,2.575000000E1
1.431146981E1,2.575000000E1
1.431409381E1,2.575000000E1
1.431671881E1,2.575000000E1
1.431934281E1,2.575000000E1
1.432196781E1,2.575000000E1
1.432459181E1,2.575000000E1
1.432721681E1,2.575000000E1
1.432984081E1,2.575000000E1
1.433246581E1,2.575000000E1
1.433509081E1,2.575000000E1
1.433771481E1,2.575000000E1
1.434033981E1,2.575000000E1
1.434296381E1,2.575000000E1
1.434558881E1,2.575000000E1
1.434821281E1,2.575000000E1
1.435083781E1,2.575000000E1
1.435346181E1,2.575000000E1
1.435608681E1,2.575000000E1
1.435871081E1,2.575000000E1
1.436133581E1,2.575000000E1
1.436395981E1,2.575000000E1
1.436658481E1,2.575000000E1
1.436920881E1,2.575000000E1
1.437183381E1,2.575000000E1
1.437445781E1,2.575000000E1
1.437708281E1,2.575000000E1
1.437970681E1,2.575000000E1
1.438233181E1,2.575000000E1
1.438495581E1,2.575000000E1
1.438758081E1,2.575000000E1
1.439020481E1,2.575000000E1
1.439282981E1,2.575000000E1
1.439545381E1,2.575000000E1
1.439807881E1,2.575000000E1
1.440070281E1,2.575000000E1
1.440332781E1,2.575000000E1
1.440595181E1,2.575000000E1
1.440857681E1,2.575000000E1
1.441120081E1,2.575000000E1
1.441382581E1,2.575000000E1
1.441644981E1,2.575000000E1
1.441907481E1,2.575000000E1
1.442169881E1,2.575000000E1
1.442432381E1,2.575000000E1
1.442694781E1,2.575000000E1
1.442957281E1,2.575000000E1
1.443219681E1,2.575000000E1
1.443482181E1,2.575000000E1
1.443744581E1,2.575000000E1
1.444007081E1,2.575000000E1
1.444269481E1,2.575000000E1
1.444531981E1,2.575000000E1
1.444794481E1,2.575000000E1
1.445056881E1,2.575000000E1
1.445319381E1,2.575000000E1
1.445581781E1,2.575000000E1
1.445844281E1,2.575000000E1
1.446106681E1,2.575000000E1
1.446369181E1,2.575000000E1
1.446631581E1,2.575000000E1
1.446894081E1,2.575000000E1
1.447156481E1,2.575000000E1
1.447418981E1,2.575000000E1
1.447681381E1,2.575000000E1
1.447943881E1,2.575000000E1
1.448206281E1,2.575000000E1
1.448468781E1,2.575000000E1
1.448731181E1,2.575000000E1
1.448993681E1,2.575000000E1
1.449256081E1,2.575000000E1
1.449518581E1,2.575000000E1
1.449780981E1,2.575000000E1
1.450043481E1,2.575000000E1
1.450305881E1,2.575000000E1
1.450568381E1,2.575000000E1
1.450830781E1,2.575000000E1
1.451093281E1,2.575000000E1
1.451355681E1,2.575000000E1
1.451618181E1,2.575000000E1
1.451880581E1,2.575000000E1
1.452143081E1,2.575000000E1
1.452405481E1,2.575000000E1
1.452667981E1,2.575000000E1
1.452930381E1,2.575000000E1
1.453192881E1,2.575000000E1
1.453455281E1,2.575000000E1
1.453717781E1,2.575000000E1
1.453980181E1,2.575000000E1
1.454242681E1,2.575000000E1
1.454505081E1,2.575000000E1
1.454767581E1,2.575000000E1
1.455029981E1,2.575000000E1
1.455292481E1,2.575000000E1
1.455554881E1,2.575000000E1
1.455817381E1,2.575000000E1
1.456079881E1,2.575000000E1
1.456342281E1,2.575000000E1
1.456604781E1,2.575000000E1
1.456867181E1,2.575000000E1
1.457129681E1,2.575000000E1
1.457392081E1,2.575000000E1
1.457654581E1,2.575000000E1
1.457916981E1,2.575000000E1
1.458179481E1,2.575000000E1
1.458441881E1,2.575000000E1
1.458704381E1,2.575000000E1
1.458966781E1,2.575000000E1
1.459229281E1,2.575000000E1
1.459491681E1,2.575000000E1
1.459754181E1,2.575000000E1
1.460016581E1,2.575000000E1
1.460279081E1,2.575000000E1
1.460541481E1,2.575000000E1
1.460803981E1,2.575000000E1
1.461066381E1,2.575000000E1
1.461328881E1,2.575000000E1
1.461591281E1,2.575000000E1
1.461853781E1,2.575000000E1
1.462116181E1,2.575000000E1
1.462378681E1,2.575000000E1
1.462641081E1,2.575000000E1
1.462903581E1,2.575000000E1
1.463165981E1,2.575000000E1
1.463428481E1,2.575000000E1
1.463690881E1,2.575000000E1
1.463953381E1,2.575000000E1
1.464215781E1,2.575000000E1
1.464478281E1,2.575000000E1
1.464740681E1,2.575000000E1
1.465003181E1,2.575000000E1
1.465265581E1,2.575000000E1
1.465528081E1,2.575000000E1
1.465790481E1,2.575000000E1
1.466052981E1,2.575000000E1
1.466315381E1,2.575000000E1
1.466577881E1,2.575000000E1
1.466840281E1,2.575000000E1
1.467102781E1,2.575000000E1
1.467365281E1,2.575000000E1
1.467627681E1,2.575000000E1
1.467890181E1,2.575000000E1
1.468152581E1,2.575000000E1
1.468415081E1,2.575000000E1
1.468677481E1,2.575000000E1
1.468939981E1,2.575000000E1
1.469202381E1,2.575000000E1
1.469464881E1,2.575000000E1
1.469727281E1,2.575000000E1
1.469989781E1,2.575000000E1
1.470252181E1,2.575000000E1
1.470514681E1,2.575000000E1
1.470777081E1,2.575000000E1
1.471039581E1,2.575000000E1
1.471301981E1,2.575000000E1
1.471564481E1,2.575000000E1
1.471826881E1,2.575000000E1
1.472089381E1,2.575000000E1
1.472351781E1,2.575000000E1
1.472614281E1,2.575000000E1
1.472876681E1,2.575000000E1
1.473139181E1,2.575000000E1
1.473401581E1,2.575000000E1
1.473664081E1,2.575000000E1
1.473926481E1,2.575000000E1
1.474188981E1,2.575000000E1
1.474451381E1,2.575000000E1
1.474713881E1,2.575000000E1
1.474976281E1,2.575000000E1
1.475238781E1,2.575000000E1
1.475501181E1,2.575000000E1
1.475763681E1,2.575000000E1
1.476026081E1,2.575000000E1
1.476288581E1,2.575000000E1
1.476550981E1,2.575000000E1
1.476813481E1,2.575000000E1
1.477075881E1,2.575000000E1
1.477338381E1,2.575000000E1
1.477600781E1,2.575000000E1
1.477863281E1,2.575000000E1
1.478125681E1,2.575000000E1
1.478388181E1,2.575000000E1
1.478650681E1,2.575000000E1
1.478913081E1,2.575000000E1
1.479175581E1,2.575000000E1
1.479437981E1,2.575000000E1
1.479700481E1,2.575000000E1
1.479962881E1,2.575000000E1
1.480225381E1,2.575000000E1
1.480487781E1,2.575000000E1
1.480750281E1,2.575000000E1
1.481012681E1,2.575000000E1
1.481275181E1,2.575000000E1
1.481537581E1,2.575000000E1
1.481800081E1,2.575000000E1
1.482062481E1,2.575000000E1
1.482324981E1,2.575000000E1
1.482587381E1,2.575000000E1
1.482849881E1,2.575000000E1
1.483112281E1,2.575000000E1
1.483374781E1,2.575000000E1
1.483637181E1,2.575000000E1
1.483899681E1,2.575000000E1
1.484162081E1,2.575000000E1
1.484424581E1,2.575000000E1
1.484686981E1,2.575000000E1
1.484949481E1,2.575000000E1
1.485211881E1,2.575000000E1
1.485474381E1,2.575000000E1
1.485736781E1,2.575000000E1
1.485999281E1,2.575000000E1
1.486261681E1,2.575000000E1
1.486524181E1,2.575000000E1
1.486786581E1,2.575000000E1
1.487049081E1,2.575000000E1
1.487311481E1,2.575000000E1
1.487573981E1,2.575000000E1
1.487836381E1,2.575000000E1
1.488098881E1,2.575000000E1
1.488361281E1,2.575000000E1
1.488623781E1,2.575000000E1
1.488886181E1,2.575000000E1
1.489148681E1,2.575000000E1
1.489411081E1,2.575000000E1
1.489673581E1,2.575000000E1
1.489936081E1,2.575000000E1
1.490198481E1,2.575000000E1
1.490460981E1,2.575000000E1
1.490723381E1,2.575000000E1
1.490985881E1,2.575000000E1
1.491248281E1,2.575000000E1
1.491510781E1,2.575000000E1
1.491773181E1,2.575000000E1
1.492035681E1,2.575000000E1
1.492298081E1,2.575000000E1
1.492560581E1,2.575000000E1
1.492822981E1,2.575000000E1
1.493085481E1,2.575000000E1
1.493347881E1,2.575000000E1
1.493610381E1,2.575000000E1
1.493872781E1,2.575000000E1
1.494135281E1,2.575000000E1
1.494397681E1,2.575000000E1
1.494660181E1,2.575000000E1
1.494922581E1,2.575000000E1
1.495185081E1,2.575000000E1
1.495447481E1,2.575000000E1
1.495709981E1,2.575000000E1
1.495972381E1,2.575000000E1
1.496234881E1,2.575000000E1
1.496497281E1,2.575000000E1
1.496759781E1,2.575000000E1
1.497022181E1,2.575000000E1
1.497284681E1,2.575000000E1
1.497547081E1,2.575000000E1
1.497809581E1,2.575000000E1
1.498071981E1,2.575000000E1
1.498334481E1,2.575000000E1
1.498596881E1,2.575000000E1
1.498859381E1,2.575000000E1
1.499121781E1,2.575000000E1
1.499384281E1,2.575000000E1
1.499646681E1,2.575000000E1
1.499909181E1,2.575000000E1
1.500171581E1,2.575000000E1
1.500434081E1,2.575000000E1
1.500696581E1,2.575000000E1
1.500958981E1,2.575000000E1
1.501221481E1,2.575000000E1
1.501483881E1,2.575000000E1
1.501746381E1,2.575000000E1
1.502008781E1,2.575000000E1
1.502271281E1,2.575000000E1
1.502533681E1,2.575000000E1
1.502796181E1,2.575000000E1
1.503058581E1,2.575000000E1
1.503321081E1,2.575000000E1
1.503583481E1,2.575000000E1
1.503845981E1,2.575000000E1
1.504108381E1,2.575000000E1
1.504370881E1,2.575000000E1
1.504633281E1,2.575000000E1
1.504895781E1,2.575000000E1
1.505158181E1,2.575000000E1
1.505420681E1,2.575000000E1
1.505683081E1,2.575000000E1
1.505945581E1,2.575000000E1
1.506207981E1,2.575000000E1
1.506470481E1,2.575000000E1
1.506732881E1,2.575000000E1
1.506995381E1,2.575000000E1
1.507257781E1,2.575000000E1
1.507520281E1,2.575000000E1
1.507782681E1,2.575000000E1
1.508045181E1,2.575000000E1
1.508307581E1,2.575000000E1
1.508570081E1,2.575000000E1
1.508832481E1,2.575000000E1
1.509094981E1,2.575000000E1
1.509357381E1,2.575000000E1
1.509619881E1,2.575000000E1
1.509882281E1,2.575000000E1
1.510144781E1,2.575000000E1
1.510407181E1,2.575000000E1
1.510669681E1,2.575000000E1
1.510932081E1,2.575000000E1
1.511194581E1,2.575000000E1
1.511456981E1,2.575000000E1
1.511719481E1,2.575000000E1
1.511981981E1,2.575000000E1
1.512244381E1,2.575000000E1
1.512506881E1,2.575000000E1
1.512769281E1,2.575000000E1
1.513031781E1,2.575000000E1
1.513294181E1,2.575000000E1
1.513556681E1,2.575000000E1
1.513819081E1,2.575000000E1
1.514081581E1,2.575000000E1
1.514343981E1,2.575000000E1
1.514606481E1,2.575000000E1
1.514868881E1,2.575000000E1
1.515131381E1,2.575000000E1
1.515393781E1,2.575000000E1
1.515656281E1,2.575000000E1
1.515918681E1,2.575000000E1
1.516181181E1,2.575000000E1
1.516443581E1,2.575000000E1
1.516706081E1,2.575000000E1
1.516968481E1,2.575000000E1
1.517230981E1,2.575000000E1
1.517493381E1,2.575000000E1
1.517755881E1,2.575000000E1
1.518018281E1,2.575000000E1
1.518280781E1,2.575000000E1
1.518543181E1,2.575000000E1
1.518805681E1,2.575000000E1
1.519068081E1,2.575000000E1
1.519330581E1,2.575000000E1
1.519592981E1,2.575000000E1
1.519855481E1,2.575000000E1
1.520117881E1,2.575000000E1
1.520380381E1,2.575000000E1
1.520642781E1,2.575000000E1
1.520905281E1,2.575000000E1
1.521167681E1,2.575000000E1
1.521430181E1,2.575000000E1
1.521692581E1,2.575000000E1
1.521955081E1,2.575000000E1
1.522217481E1,2.575000000E1
1.522479981E1,2.575000000E1
1.522742381E1,2.575000000E1
1.523004881E1,2.575000000E1
1.523267381E1,2.575000000E1
1.523529781E1,2.575000000E1
1.523792281E1,2.575000000E1
1.524054681E1,2.575000000E1
1.524317181E1,2.575000000E1
1.524579581E1,2.575000000E1
1.524842081E1,2.575000000E1
1.525104481E1,2.575000000E1
1.525366981E1,2.575000000E1
1.525629381E1,2.575000000E1
1.525891881E1,2.575000000E1
1.526154281E1,2.575000000E1
1.526416781E1,2.575000000E1
1.526679181E1,2.575000000E1
1.526941681E1,2.575000000E1
1.527204081E1,2.575000000E1
1.527466581E1,2.575000000E1
1.527728981E1,2.575000000E1
1.527991481E1,2.575000000E1
1.528253881E1,2.575000000E1
1.528516381E1,2.575000000E1
1.528778781E1,2.575000000E1
1.529041281E1,2.575000000E1
1.529303681E1,2.575000000E1
1.529566181E1,2.575000000E1
1.529828581E1,2.575000000E1
1.530091081E1,2.575000000E1
1.530353481E1,2.575000000E1
1.530615981E1,2.575000000E1
1.530878381E1,2.575000000E1
1.531140881E1,2.575000000E1
1.531403281E1,2.575000000E1
1.531665781E1,2.575000000E1
1.531928181E1,2.575000000E1
1.532190681E1,2.575000000E1
1.532453081E1,2.575000000E1
1.532715581E1,2.575000000E1
1.532977981E1,2.575000000E1
1.533240481E1,2.575000000E1
1.533502881E1,2.575000000E1
1.533765381E1,2.575000000E1
1.534027781E1,2.575000000E1
1.534290281E1,2.575000000E1
1.534552781E1,2.575000000E1
1.534815181E1,2.575000000E1
1.535077681E1,2.575000000E1
1.535340081E1,2.575000000E1
1.535602581E1,2.575000000E1
1.535864981E1,2.575000000E1
1.536127481E1,2.575000000E1
1.536389881E1,2.575000000E1
1.536652381E1,2.575000000E1
1.536914781E1,2.575000000E1
1.537177281E1,2.575000000E1
1.537439681E1,2.575000000E1
1.537702181E1,2.575000000E1
1.537964581E1,2.575000000E1
1.538227081E1,2.575000000E1
1.538489481E1,2.575000000E1
1.538751981E1,2.575000000E1
1.539014381E1,2.575000000E1
1.539276881E1,2.575000000E1
1.539539281E1,2.575000000E1
1.539801781E1,2.575000000E1
1.540064181E1,2.575000000E1
1.540326681E1,2.575000000E1
1.540589081E1,2.575000000E1
1.540851581E1,2.575000000E1
1.541113981E1,2.575000000E1
1.541376481E1,2.575000000E1
1.541638881E1,2.575000000E1
1.541901381E1,2.575000000E1
1.542163781E1,2.575000000E1
1.542426281E1,2.575000000E1
1.542688681E1,2.575000000E1
1.542951181E1,2.575000000E1
1.543213581E1,2.575000000E1
1.543476081E1,2.575000000E1
1.543738481E1,2.575000000E1
1.544000981E1,2.575000000E1
1.544263381E1,2.575000000E1
1.544525881E1,2.575000000E1
1.544788281E1,2.575000000E1
1.545050781E1,2.575000000E1
1.545313181E1,2.575000000E1
1.545575681E1,2.575000000E1
1.545838181E1,2.575000000E1
1.546100581E1,2.575000000E1
1.546363081E1,2.575000000E1
1.546625481E1,2.575000000E1
1.546887981E1,2.575000000E1
1.547150381E1,2.575000000E1
1.547412881E1,2.575000000E1
1.547675281E1,2.575000000E1
1.547937781E1,2.575000000E1
1.548200181E1,2.575000000E1
1.548462681E1,2.575000000E1
1.548725081E1,2.575000000E1
1.548987581E1,2.575000000E1
1.549249981E1,2.575000000E1
1.549512481E1,2.575000000E1
1.549774881E1,2.575000000E1
1.550037381E1,2.575000000E1
1.550299781E1,2.575000000E1
1.550562281E1,2.575000000E1
1.550824681E1,2.575000000E1
1.551087181E1,2.575000000E1
1.551349581E1,2.575000000E1
1.551612081E1,2.575000000E1
1.551874481E1,2.575000000E1
1.552136981E1,2.575000000E1
1.552399381E1,2.575000000E1
1.552661881E1,2.575000000E1
1.552924281E1,2.575000000E1
1.553186781E1,2.575000000E1
1.553449181E1,2.575000000E1
1.553711681E1,2.575000000E1
1.553974081E1,2.575000000E1
1.554236581E1,2.575000000E1
1.554498981E1,2.575000000E1
1.554761481E1,2.575000000E1
1.555023881E1,2.575000000E1
1.555286381E1,2.575000000E1
1.555548781E1,2.575000000E1
1.555811281E1,2.575000000E1
1.556073681E1,2.575000000E1
1.556336181E1,2.575000000E1
1.556598581E1,2.575000000E1
1.556861081E1,2.575000000E1
1.557123581E1,2.575000000E1
1.557385981E1,2.575000000E1
1.557648481E1,2.575000000E1
1.557910881E1,2.575000000E1
1.558173381E1,2.575000000E1
1.558435781E1,2.575000000E1
1.558698281E1,2.575000000E1
1.558960681E1,2.575000000E1
1.559223181E1,2.575000000E1
1.559485581E1,2.575000000E1
1.559748081E1,2.575000000E1
1.560010481E1,2.575000000E1
1.560272981E1,2.575000000E1
1.560535381E1,2.575000000E1
1.560797881E1,2.575000000E1
1.561060281E1,2.575000000E1
1.561322781E1,2.575000000E1
1.561585181E1,2.575000000E1
1.561847681E1,2.575000000E1
1.562110081E1,2.575000000E1
1.562372581E1,2.575000000E1
1.562634981E1,2.575000000E1
1.562897481E1,2.575000000E1
1.563159881E1,2.575000000E1
1.563422381E1,2.575000000E1
1.563684781E1,2.575000000E1
1.563947281E1,2.575000000E1
1.564209681E1,2.575000000E1
1.564472181E1,2.575000000E1
1.564734581E1,2.575000000E1
1.564997081E1,2.575000000E1
1.565259481E1,2.575000000E1
1.565521981E1,2.575000000E1
1.565784381E1,2.575000000E1
1.566046881E1,2.575000000E1
1.566309281E1,2.575000000E1
1.566571781E1,2.575000000E1
1.566834181E1,2.575000000E1
1.567096681E1,2.575000000E1
1.567359081E1,2.575000000E1
1.567621581E1,2.575000000E1
1.567884081E1,2.575000000E1
1.568146481E1,2.575000000E1
1.568408981E1,2.575000000E1
1.568671381E1,2.575000000E1
1.568933881E1,2.575000000E1
1.569196281E1,2.575000000E1
1.569458781E1,2.575000000E1
1.569721181E1,2.575000000E1
1.569983681E1,2.575000000E1
1.570246081E1,2.575000000E1
1.570508581E1,2.575000000E1
1.570770981E1,2.575000000E1
1.571033481E1,2.575000000E1
1.571295881E1,2.575000000E1
1.571558381E1,2.575000000E1
1.571820781E1,2.575000000E1
1.572083281E1,2.575000000E1
1.572345681E1,2.575000000E1
1.572608181E1,2.575000000E1
1.572870581E1,2.575000000E1
1.573133081E1,2.575000000E1
1.573395481E1,2.575000000E1
1.573657981E1,2.575000000E1
1.573920381E1,2.575000000E1
1.574182881E1,2.575000000E1
1.574445281E1,2.575000000E1
1.574707781E1,2.575000000E1
1.574970181E1,2.575000000E1
1.575232681E1,2.575000000E1
1.575495081E1,2.575000000E1
1.575757581E1,2.575000000E1
1.576019981E1,2.575000000E1
1.576282481E1,2.575000000E1
1.576544881E1,2.575000000E1
1.576807381E1,2.575000000E1
1.577069781E1,2.575000000E1
1.577332281E1,2.575000000E1
1.577594681E1,2.575000000E1
1.577857181E1,2.575000000E1
1.578119581E1,2.575000000E1
1.578382081E1,2.575000000E1
1.578644481E1,2.575000000E1
1.578906981E1,2.575000000E1
1.579169481E1,2.575000000E1
1.579431881E1,2.575000000E1
1.579694381E1,2.575000000E1
1.579956781E1,2.575000000E1
1.580219281E1,2.575000000E1
1.580481681E1,2.575000000E1
1.580744181E1,2.575000000E1
1.581006581E1,2.575000000E1
1.581269081E1,2.575000000E1
1.581531481E1,2.575000000E1
1.581793981E1,2.575000000E1
1.582056381E1,2.575000000E1
1.582318881E1,2.575000000E1
1.582581281E1,2.575000000E1
1.582843781E1,2.575000000E1
1.583106181E1,2.575000000E1
1.583368681E1,2.575000000E1
1.583631081E1,2.575000000E1
1.583893581E1,2.575000000E1
1.584155981E1,2.575000000E1
1.584418481E1,2.575000000E1
1.584680881E1,2.575000000E1
1.584943381E1,2.575000000E1
1.585205781E1,2.575000000E1
1.585468281E1,2.575000000E1
1.585730681E1,2.575000000E1
1.585993181E1,2.575000000E1
1.586255581E1,2.575000000E1
1.586518081E1,2.575000000E1
1.586780481E1,2.575000000E1
1.587042981E1,2.575000000E1
1.587305381E1,2.575000000E1
1.587567881E1,2.575000000E1
1.587830281E1,2.575000000E1
1.588092781E1,2.575000000E1
1.588355181E1,2.575000000E1
1.588617681E1,2.575000000E1
1.588880081E1,2.575000000E1
1.589142581E1,2.575000000E1
1.589404981E1,2.575000000E1
1.589667481E1,2.575000000E1
1.589929881E1,2.575000000E1
1.590192381E1,2.575000000E1
1.590454881E1,2.575000000E1
1.590717281E1,2.575000000E1
1.590979781E1,2.575000000E1
1.591242181E1,2.575000000E1
1.591504681E1,2.575000000E1
1.591767081E1,2.575000000E1
1.592029581E1,2.575000000E1
1.592291981E1,2.575000000E1
1.592554481E1,2.575000000E1
1.592816881E1,2.575000000E1
1.593079381E1,2.575000000E1
1.593341781E1,2.575000000E1
1.593604281E1,2.575000000E1
1.593866681E1,2.575000000E1
1.594129181E1,2.575000000E1
1.594391581E1,2.575000000E1
1.594654081E1,2.575000000E1
1.594916481E1,2.575000000E1
1.595178981E1,2.575000000E1
1.595441381E1,2.575000000E1
1.595703881E1,2.575000000E1
1.595966281E1,2.575000000E1
1.596228781E1,2.575000000E1
1.596491181E1,2.575000000E1
1.596753681E1,2.575000000E1
1.597016081E1,2.575000000E1
1.597278581E1,2.575000000E1
1.597540981E1,2.575000000E1
1.597803481E1,2.575000000E1
1.598065881E1,2.575000000E1
1.598328381E1,2.575000000E1
1.598590781E1,2.575000000E1
1.598853281E1,2.575000000E1
1.599115681E1,2.575000000E1
1.599378181E1,2.575000000E1
1.599640581E1,2.575000000E1
1.599903081E1,2.575000000E1
1.600165481E1,2.575000000E1
1.600427981E1,2.575000000E1
1.600690381E1,2.575000000E1
1.600952881E1,2.575000000E1
1.601215281E1,2.575000000E1
1.601477781E1,2.575000000E1
1.601740281E1,2.575000000E1
1.602002681E1,2.575000000E1
1.602265181E1,2.575000000E1
1.602527581E1,2.575000000E1
1.602790081E1,2.575000000E1
1.603052481E1,2.575000000E1
1.603314981E1,2.575000000E1
1.603577381E1,2.575000000E1
1.603839881E1,2.575000000E1
1.604102281E1,2.575000000E1
1.604364781E1,2.575000000E1
1.604627181E1,2.575000000E1
1.604889681E1,2.575000000E1
1.605152081E1,2.575000000E1
1.605414581E1,2.575000000E1
1.605676981E1,2.575000000E1
1.605939481E1,2.575000000E1
1.606201881E1,2.575000000E1
1.606464381E1,2.575000000E1
1.606726781E1,2.575000000E1
1.606989281E1,2.575000000E1
1.607251681E1,2.575000000E1
1.607514181E1,2.575000000E1
1.607776581E1,2.575000000E1
1.608039081E1,2.575000000E1
1.608301481E1,2.575000000E1
1.608563981E1,2.575000000E1
1.608826381E1,2.575000000E1
1.609088881E1,2.575000000E1
1.609351281E1,2.575000000E1
1.609613781E1,2.575000000E1
1.609876181E1,2.575000000E1
1.610138681E1,2.575000000E1
1.610401081E1,2.575000000E1
1.610663581E1,2.575000000E1
1.610925981E1,2.575000000E1
1.611188481E1,2.575000000E1
1.611450881E1,2.575000000E1
1.611713381E1,2.575000000E1
1.611975781E1,2.575000000E1
1.612238281E1,2.575000000E1
1.612500681E1,2.575000000E1
1.612763181E1,2.575000000E1
1.613025681E1,2.575000000E1
1.613288081E1,2.575000000E1
1.613550581E1,2.575000000E1
1.613812981E1,2.575000000E1
1.614075481E1,2.575000000E1
1.614337881E1,2.575000000E1
1.614600381E1,2.575000000E1
1.614862781E1,2.575000000E1
1.615125281E1,2.575000000E1
1.615387681E1,2.575000000E1
1.615650181E1,2.575000000E1
1.615912581E1,2.575000000E1
1.616175081E1,2.575000000E1
1.616437481E1,2.575000000E1
1.616699981E1,2.575000000E1
1.616962381E1,2.575000000E1
1.617224881E1,2.575000000E1
1.617487281E1,2.575000000E1
1.617749781E1,2.575000000E1
1.618012181E1,2.575000000E1
1.618274681E1,2.575000000E1
1.618537081E1,2.575000000E1
1.618799581E1,2.575000000E1
1.619061981E1,2.575000000E1
1.619324481E1,2.575000000E1
1.619586881E1,2.575000000E1
1.619849381E1,2.575000000E1
1.620111781E1,2.575000000E1
1.620374281E1,2.575000000E1
1.620636681E1,2.575000000E1
1.620899181E1,2.575000000E1
1.621161581E1,2.575000000E1
1.621424081E1,2.575000000E1
1.621686481E1,2.575000000E1
1.621948981E1,2.575000000E1
1.622211381E1,2.575000000E1
1.622473881E1,2.575000000E1
1.622736281E1,2.575000000E1
1.622998781E1,2.575000000E1
1.623261181E1,2.575000000E1
1.623523681E1,2.575000000E1
1.623786081E1,2.575000000E1
1.624048581E1,2.575000000E1
1.624311081E1,2.575000000E1
1.624573481E1,2.575000000E1
1.624835981E1,2.575000000E1
1.625098381E1,2.575000000E1
1.625360881E1,2.575000000E1
1.625623281E1,2.575000000E1
1.625885781E1,2.575000000E1
1.626148181E1,2.575000000E1
1.626410681E1,2.575000000E1
1.626673081E1,2.575000000E1
1.626935581E1,2.575000000E1
1.627197981E1,2.575000000E1
1.627460481E1,2.575000000E1
1.627722881E1,2.575000000E1
1.627985381E1,2.575000000E1
1.628247781E1,2.575000000E1
1.628510281E1,2.575000000E1
1.628772681E1,2.575000000E1
1.629035181E1,2.575000000E1
1.629297581E1,2.575000000E1
1.629560081E1,2.575000000E1
1.629822481E1,2.575000000E1
1.630084981E1,2.575000000E1
1.630347381E1,2.575000000E1
1.630609881E1,2.575000000E1
1.630872281E1,2.575000000E1
1.631134781E1,2.575000000E1
1.631397181E1,2.575000000E1
1.631659681E1,2.575000000E1
1.631922081E1,2.575000000E1
1.632184581E1,2.575000000E1
1.632446981E1,2.575000000E1
1.632709481E1,2.575000000E1
1.632971881E1,2.575000000E1
1.633234381E1,2.575000000E1
1.633496781E1,2.575000000E1
1.633759281E1,2.575000000E1
1.634021681E1,2.575000000E1
1.634284181E1,2.575000000E1
1.634546581E1,2.575000000E1
1.634809081E1,2.575000000E1
1.635071581E1,2.575000000E1
1.635333981E1,2.575000000E1
1.635596481E1,2.575000000E1
1.635858881E1,2.575000000E1
1.636121381E1,2.575000000E1
1.636383781E1,2.575000000E1
1.636646281E1,2.575000000E1
1.636908681E1,2.575000000E1
1.637171181E1,2.575000000E1
1.637433581E1,2.575000000E1
1.637696081E1,2.575000000E1
1.637958481E1,2.575000000E1
1.638220981E1,2.575000000E1
1.638483381E1,2.575000000E1
1.638745881E1,2.575000000E1
1.639008281E1,2.575000000E1
1.639270781E1,2.575000000E1
1.639533181E1,2.575000000E1
1.639795681E1,2.575000000E1
1.640058081E1,2.575000000E1
1.640320581E1,2.575000000E1
1.640582981E1,2.575000000E1
1.640845481E1,2.575000000E1
1.641107881E1,2.575000000E1
1.641370381E1,2.575000000E1
1.641632781E1,2.575000000E1
1.641895281E1,2.575000000E1
1.642157681E1,2.575000000E1
1.642420181E1,2.575000000E1
1.642682581E1,2.575000000E1
1.642945081E1,2.575000000E1
1.643207481E1,2.575000000E1
1.643469981E1,2.575000000E1
1.643732381E1,2.575000000E1
1.643994881E1,2.575000000E1
1.644257281E1,2.575000000E1
1.644519781E1,2.575000000E1
1.644782181E1,2.575000000E1
1.645044681E1,2.575000000E1
1.645307081E1,2.575000000E1
1.645569581E1,2.575000000E1
1.645831981E1,2.575000000E1
1.646094481E1,2.575000000E1
1.646356981E1,2.575000000E1
1.646619381E1,2.575000000E1
1.646881881E1,2.575000000E1
1.647144281E1,2.575000000E1
1.647406781E1,2.575000000E1
1.647669181E1,2.575000000E1
1.647931681E1,2.575000000E1
1.648194081E1,2.575000000E1
1.648456581E1,2.575000000E1
1.648718981E1,2.575000000E1
1.648981481E1,2.575000000E1
1.649243881E1,2.575000000E1
1.649506381E1,2.575000000E1
1.649768781E1,2.575000000E1
1.650031281E1,2.575000000E1
1.650293681E1,2.575000000E1
1.650556181E1,2.575000000E1
1.650818581E1,2.575000000E1
1.651081081E1,2.575000000E1
1.651343481E1,2.575000000E1
1.651605981E1,2.575000000E1
1.651868381E1,2.575000000E1
1.652130881E1,2.575000000E1
1.652393281E1,2.575000000E1
1.652655781E1,2.575000000E1
1.652918181E1,2.575000000E1
1.653180681E1,2.575000000E1
1.653443081E1,2.575000000E1
1.653705581E1,2.575000000E1
1.653967981E1,2.575000000E1
1.654230481E1,2.575000000E1
1.654492881E1,2.575000000E1
1.654755381E1,2.575000000E1
1.655017781E1,2.575000000E1
1.655280281E1,2.575000000E1
1.655542681E1,2.575000000E1
1.655805181E1,2.575000000E1
1.656067581E1,2.575000000E1
1.656330081E1,2.575000000E1
1.656592481E1,2.575000000E1
1.656854981E1,2.575000000E1
1.657117381E1,2.575000000E1
1.657379881E1,2.575000000E1
1.657642381E1,2.575000000E1
1.657904781E1,2.575000000E1
1.658167281E1,2.575000000E1
1.658429681E1,2.575000000E1
1.658692181E1,2.575000000E1
1.658954581E1,2.575000000E1
1.659217081E1,2.575000000E1
1.659479481E1,2.575000000E1
1.659741981E1,2.575000000E1
1.660004381E1,2.575000000E1
1.660266881E1,2.575000000E1
1.660529281E1,2.575000000E1
1.660791781E1,2.575000000E1
1.661054181E1,2.575000000E1
1.661316681E1,2.575000000E1
1.661579081E1,2.575000000E1
1.661841581E1,2.575000000E1
1.662103981E1,2.575000000E1
1.662366481E1,2.575000000E1
1.662628881E1,2.575000000E1
1.662891381E1,2.575000000E1
1.663153781E1,2.575000000E1
1.663416281E1,2.575000000E1
1.663678681E1,2.575000000E1
1.663941181E1,2.575000000E1
1.664203581E1,2.575000000E1
1.664466081E1,2.575000000E1
1.664728481E1,2.575000000E1
1.664990981E1,2.575000000E1
1.665253381E1,2.575000000E1
1.665515881E1,2.575000000E1
1.665778281E1,2.575000000E1
1.666040781E1,2.575000000E1
1.666303181E1,2.575000000E1
1.666565681E1,2.575000000E1
1.666828081E1,2.575000000E1
1.667090581E1,2.575000000E1
1.667352981E1,2.575000000E1
1.667615481E1,2.575000000E1
1.667877881E1,2.575000000E1
1.668140381E1,2.575000000E1
1.668402781E1,2.575000000E1
1.668665281E1,2.575000000E1
1.668927781E1,2.575000000E1
1.669190181E1,2.575000000E1
1.669452681E1,2.575000000E1
1.669715081E1,2.575000000E1
1.669977581E1,2.575000000E1
1.670239981E1,2.575000000E1
1.670502481E1,2.575000000E1
1.670764881E1,2.575000000E1
1.671027381E1,2.575000000E1
1.671289781E1,2.575000000E1
1.671552281E1,2.575000000E1
1.671814681E1,2.575000000E1
1.672077181E1,2.575000000E1
1.672339581E1,2.575000000E1
1.672602081E1,2.575000000E1
1.672864481E1,2.575000000E1
1.673126981E1,2.575000000E1
1.673389381E1,2.575000000E1
1.673651881E1,2.575000000E1
1.673914281E1,2.575000000E1
1.674176781E1,2.575000000E1
1.674439181E1,2.575000000E1
1.674701681E1,2.575000000E1
1.674964081E1,2.575000000E1
1.675226581E1,2.575000000E1
1.675488981E1,2.575000000E1
1.675751481E1,2.575000000E1
1.676013881E1,2.575000000E1
1.676276381E1,2.575000000E1
1.676538781E1,2.575000000E1
1.676801281E1,2.575000000E1
1.677063681E1,2.575000000E1
1.677326181E1,2.575000000E1
1.677588581E1,2.575000000E1
1.677851081E1,2.575000000E1
1.678113481E1,2.575000000E1
1.678375981E1,2.575000000E1
1.678638381E1,2.575000000E1
1.678900881E1,2.575000000E1
1.679163281E1,2.575000000E1
1.679425781E1,2.575000000E1
1.679688181E1,2.575000000E1
1.679950681E1,2.575000000E1
1.680213181E1,2.575000000E1
1.680475581E1,2.575000000E1
1.680738081E1,2.575000000E1
1.681000481E1,2.575000000E1
1.681262981E1,2.575000000E1
1.681525381E1,2.575000000E1
1.681787881E1,2.575000000E1
1.682050281E1,2.575000000E1
1.682312781E1,2.575000000E1
1.682575181E1,2.575000000E1
1.682837681E1,2.575000000E1
1.683100081E1,2.575000000E1
1.683362581E1,2.575000000E1
1.683624981E1,2.575000000E1
1.683887481E1,2.575000000E1
1.684149881E1,2.575000000E1
1.684412381E1,2.575000000E1
1.684674781E1,2.575000000E1
1.684937281E1,2.575000000E1
1.685199681E1,2.575000000E1
1.685462181E1,2.575000000E1
1.685724581E1,2.575000000E1
1.685987081E1,2.575000000E1
1.686249481E1,2.575000000E1
1.686511981E1,2.575000000E1
1.686774381E1,2.575000000E1
1.687036881E1,2.575000000E1
1.687299281E1,2.575000000E1
1.687561781E1,2.575000000E1
1.687824181E1,2.575000000E1
1.688086681E1,2.575000000E1
1.688349081E1,2.575000000E1
1.688611581E1,2.575000000E1
1.688873981E1,2.575000000E1
1.689136481E1,2.575000000E1
1.689398881E1,2.575000000E1
1.689661381E1,2.575000000E1
1.689923781E1,2.575000000E1
1.690186281E1,2.575000000E1
1.690448681E1,2.575000000E1
1.690711181E1,2.575000000E1
1.690973581E1,2.575000000E1
1.691236081E1,2.575000000E1
1.691498581E1,2.575000000E1
1.691760981E1,2.575000000E1
1.692023481E1,2.575000000E1
1.692285881E1,2.575000000E1
1.692548381E1,2.575000000E1
1.692810781E1,2.575000000E1
1.693073281E1,2.575000000E1
1.693335681E1,2.575000000E1
1.693598181E1,2.575000000E1
1.693860581E1,2.575000000E1
1.694123081E1,2.575000000E1
1.694385481E1,2.575000000E1
1.694647981E1,2.575000000E1
1.694910381E1,2.575000000E1
1.695172881E1,2.575000000E1
1.695435281E1,2.575000000E1
1.695697781E1,2.575000000E1
1.695960181E1,2.575000000E1
1.696222681E1,2.575000000E1
1.696485081E1,2.575000000E1
1.696747581E1,2.575000000E1
1.697009981E1,2.575000000E1
1.697272481E1,2.575000000E1
1.697534881E1,2.575000000E1
1.697797381E1,2.575000000E1
1.698059781E1,2.575000000E1
1.698322281E1,2.575000000E1
1.698584681E1,2.575000000E1
1.698847181E1,2.575000000E1
1.699109581E1,2.575000000E1
1.699372081E1,2.575000000E1
1.699634481E1,2.575000000E1
1.699896981E1,2.575000000E1
1.700159381E1,2.575000000E1
1.700421881E1,2.575000000E1
1.700684281E1,2.575000000E1
1.700946781E1,2.575000000E1
1.701209181E1,2.575000000E1
1.701471681E1,2.575000000E1
1.701734081E1,2.575000000E1
1.701996581E1,2.575000000E1
1.702259081E1,2.575000000E1
1.702521481E1,2.575000000E1
1.702783981E1,2.575000000E1
1.703046381E1,2.575000000E1
1.703308881E1,2.575000000E1
1.703571281E1,2.575000000E1
1.703833781E1,2.575000000E1
1.704096181E1,2.575000000E1
1.704358681E1,2.575000000E1
1.704621081E1,2.575000000E1
1.704883581E1,2.575000000E1
1.705145981E1,2.575000000E1
1.705408481E1,2.575000000E1
1.705670881E1,2.575000000E1
1.705933381E1,2.575000000E1
1.706195781E1,2.575000000E1
1.706458281E1,2.575000000E1
1.706720681E1,2.575000000E1
1.706983181E1,2.575000000E1
1.707245581E1,2.575000000E1
1.707508081E1,2.575000000E1
1.707770481E1,2.575000000E1
1.708032981E1,2.575000000E1
1.708295381E1,2.575000000E1
1.708557881E1,2.575000000E1
1.708820281E1,2.575000000E1
1.709082781E1,2.575000000E1
1.709345181E1,2.575000000E1
1.709607681E1,2.575000000E1
1.709870081E1,2.575000000E1
1.710132581E1,2.575000000E1
1.710394981E1,2.575000000E1
1.710657481E1,2.575000000E1
1.710919881E1,2.575000000E1
1.711182381E1,2.575000000E1
1.711444781E1,2.575000000E1
1.711707281E1,2.575000000E1
1.711969681E1,2.575000000E1
1.712232181E1,2.575000000E1
1.712494581E1,2.575000000E1
1.712757081E1,2.575000000E1
1.713019481E1,2.575000000E1
1.713281981E1,2.575000000E1
1.713544481E1,2.575000000E1
1.713806881E1,2.575000000E1
1.714069381E1,2.575000000E1
1.714331781E1,2.575000000E1
1.714594281E1,2.575000000E1
1.714856681E1,2.575000000E1
1.715119181E1,2.575000000E1
1.715381581E1,2.575000000E1
1.715644081E1,2.575000000E1
1.715906481E1,2.575000000E1
1.716168981E1,2.575000000E1
1.716431381E1,2.575000000E1
1.716693881E1,2.575000000E1
1.716956281E1,2.575000000E1
1.717218781E1,2.575000000E1
1.717481181E1,2.575000000E1
1.717743681E1,2.575000000E1
1.718006081E1,2.575000000E1
1.718268581E1,2.575000000E1
1.718530981E1,2.575000000E1
1.718793481E1,2.575000000E1
1.719055881E1,2.575000000E1
1.719318381E1,2.575000000E1
1.719580781E1,2.575000000E1
1.719843281E1,2.575000000E1
1.720105681E1,2.575000000E1
1.720368181E1,2.575000000E1
1.720630581E1,2.575000000E1
1.720893081E1,2.575000000E1
1.721155481E1,2.575000000E1
1.721417981E1,2.575000000E1
1.721680381E1,2.575000000E1
1.721942881E1,2.575000000E1
1.722205281E1,2.575000000E1
1.722467781E1,2.575000000E1
1.722730181E1,2.575000000E1
1.722992681E1,2.575000000E1
1.723255081E1,2.575000000E1
1.723517581E1,2.575000000E1
1.723779981E1,2.575000000E1
1.724042481E1,2.575000000E1
1.724304881E1,2.575000000E1
1.724567381E1,2.575000000E1
1.724829881E1,2.575000000E1
1.725092281E1,2.575000000E1
1.725354781E1,2.575000000E1
1.725617181E1,2.575000000E1
1.725879681E1,2.575000000E1
1.726142081E1,2.575000000E1
1.726404581E1,2.575000000E1
1.726666981E1,2.575000000E1
1.726929481E1,2.575000000E1
1.727191881E1,2.575000000E1
1.727454381E1,2.575000000E1
1.727716781E1,2.575000000E1
1.727979281E1,2.575000000E1
1.728241681E1,2.575000000E1
1.728504181E1,2.575000000E1
1.728766581E1,2.575000000E1
1.729029081E1,2.575000000E1
1.729291481E1,2.575000000E1
1.729553981E1,2.575000000E1
1.729816381E1,2.575000000E1
1.730078881E1,2.575000000E1
1.730341281E1,2.575000000E1
1.730603781E1,2.575000000E1
1.730866181E1,2.575000000E1
1.731128681E1,2.575000000E1
1.731391081E1,2.575000000E1
1.731653581E1,2.575000000E1
1.731915981E1,2.575000000E1
1.732178481E1,2.575000000E1
1.732440881E1,2.575000000E1
1.732703381E1,2.575000000E1
1.732965781E1,2.575000000E1
1.733228281E1,2.575000000E1
1.733490681E1,2.575000000E1
1.733753181E1,2.575000000E1
1.734015581E1,2.575000000E1
1.734278081E1,2.575000000E1
1.734540481E1,2.575000000E1
1.734802981E1,2.575000000E1
1.735065381E1,2.575000000E1
1.735327881E1,2.575000000E1
1.735590281E1,2.575000000E1
1.735852781E1,2.575000000E1
1.736115281E1,2.575000000E1
1.736377681E1,2.575000000E1
1.736640181E1,2.575000000E1
1.736902581E1,2.575000000E1
1.737165081E1,2.575000000E1
1.737427481E1,2.575000000E1
1.737689981E1,2.575000000E1
1.737952381E1,2.575000000E1
1.738214881E1,2.575000000E1
1.738477281E1,2.575000000E1
1.738739781E1,2.575000000E1
1.739002181E1,2.575000000E1
1.739264681E1,2.575000000E1
1.739527081E1,2.575000000E1
1.739789581E1,2.575000000E1
1.740051981E1,2.575000000E1
1.740314481E1,2.575000000E1
1.740576881E1,2.575000000E1
1.740839381E1,2.575000000E1
1.741101781E1,2.575000000E1
1.741364281E1,2.575000000E1
1.741626681E1,2.575000000E1
1.741889181E1,2.575000000E1
1.742151581E1,2.575000000E1
1.742414081E1,2.575000000E1
1.742676481E1,2.575000000E1
1.742938981E1,2.575000000E1
1.743201381E1,2.575000000E1
1.743463881E1,2.575000000E1
1.743726281E1,2.575000000E1
1.743988781E1,2.575000000E1
1.744251181E1,2.575000000E1
1.744513681E1,2.575000000E1
1.744776081E1,2.575000000E1
1.745038581E1,2.575000000E1
1.745300981E1,2.575000000E1
1.745563481E1,2.575000000E1
1.745825881E1,2.575000000E1
1.746088381E1,2.575000000E1
1.746350781E1,2.575000000E1
1.746613281E1,2.575000000E1
1.746875681E1,2.575000000E1
1.747138181E1,2.575000000E1
1.747400681E1,2.575000000E1
1.747663081E1,2.575000000E1
1.747925581E1,2.575000000E1
1.748187981E1,2.575000000E1
1.748450481E1,2.575000000E1
1.748712881E1,2.575000000E1
1.748975381E1,2.575000000E1
1.749237781E1,2.575000000E1
1.749500281E1,2.575000000E1
1.749762681E1,2.575000000E1
1.750025181E1,2.575000000E1
1.750287581E1,2.575000000E1
1.750550081E1,2.575000000E1
1.750812481E1,2.575000000E1
1.751074981E1,2.575000000E1
1.751337381E1,2.575000000E1
1.751599881E1,2.575000000E1
1.751862281E1,2.575000000E1
1.752124781E1,2.575000000E1
1.752387181E1,2.575000000E1
1.752649681E1,2.575000000E1
1.752912081E1,2.575000000E1
1.753174581E1,2.575000000E1
1.753436981E1,2.575000000E1
1.753699481E1,2.575000000E1
1.753961881E1,2.575000000E1
1.754224381E1,2.575000000E1
1.754486781E1,2.575000000E1
1.754749281E1,2.575000000E1
1.755011681E1,2.575000000E1
1.755274181E1,2.575000000E1
1.755536581E1,2.575000000E1
1.755799081E1,2.575000000E1
1.756061481E1,2.575000000E1
1.756323981E1,2.575000000E1
1.756586381E1,2.575000000E1
1.756848881E1,2.575000000E1
1.757111281E1,2.575000000E1
1.757373781E1,2.575000000E1
1.757636181E1,2.575000000E1
1.757898681E1,2.575000000E1
1.758161081E1,2.575000000E1
1.758423581E1,2.575000000E1
1.758686081E1,2.575000000E1
1.758948481E1,2.575000000E1
1.759210981E1,2.575000000E1
1.759473381E1,2.575000000E1
1.759735881E1,2.575000000E1
1.759998281E1,2.575000000E1
1.760260781E1,2.575000000E1
1.760523181E1,2.575000000E1
1.760785681E1,2.575000000E1
1.761048081E1,2.575000000E1
1.761310581E1,2.575000000E1
1.761572981E1,2.575000000E1
1.761835481E1,2.575000000E1
1.762097881E1,2.575000000E1
1.762360381E1,2.575000000E1
1.762622781E1,2.575000000E1
1.762885281E1,2.575000000E1
1.763147681E1,2.575000000E1
1.763410181E1,2.575000000E1
1.763672581E1,2.575000000E1
1.763935081E1,2.575000000E1
1.764197481E1,2.575000000E1
1.764459981E1,2.575000000E1
1.764722381E1,2.575000000E1
1.764984881E1,2.575000000E1
1.765247281E1,2.575000000E1
1.765509781E1,2.575000000E1
1.765772181E1,2.575000000E1
1.766034681E1,2.575000000E1
1.766297081E1,2.575000000E1
1.766559581E1,2.575000000E1
1.766821981E1,2.575000000E1
1.767084481E1,2.575000000E1
1.767346881E1,2.575000000E1
1.767609381E1,2.575000000E1
1.767871781E1,2.575000000E1
1.768134281E1,2.575000000E1
1.768396681E1,2.575000000E1
1.768659181E1,2.575000000E1
1.768921581E1,2.575000000E1
1.769184081E1,2.575000000E1
1.769446581E1,2.575000000E1
1.769708981E1,2.575000000E1
1.769971481E1,2.575000000E1
1.770233881E1,2.575000000E1
1.770496381E1,2.575000000E1
1.770758781E1,2.575000000E1
1.771021281E1,2.575000000E1
1.771283681E1,2.575000000E1
1.771546181E1,2.575000000E1
1.771808581E1,2.575000000E1
1.772071081E1,2.575000000E1
1.772333481E1,2.575000000E1
1.772595981E1,2.575000000E1
1.772858381E1,2.575000000E1
1.773120881E1,2.575000000E1
1.773383281E1,2.575000000E1
1.773645781E1,2.575000000E1
1.773908181E1,2.575000000E1
1.774170681E1,2.575000000E1
1.774433081E1,2.575000000E1
1.774695581E1,2.575000000E1
1.774957981E1,2.575000000E1
1.775220481E1,2.575000000E1
1.775482881E1,2.575000000E1
1.775745381E1,2.575000000E1
1.776007781E1,2.575000000E1
1.776270281E1,2.575000000E1
1.776532681E1,2.575000000E1
1.776795181E1,2.575000000E1
1.777057581E1,2.575000000E1
1.777320081E1,2.575000000E1
1.777582481E1,2.575000000E1
1.777844981E1,2.575000000E1
1.778107381E1,2.575000000E1
1.778369881E1,2.575000000E1
1.778632281E1,2.575000000E1
1.778894781E1,2.575000000E1
1.779157181E1,2.575000000E1
1.779419681E1,2.575000000E1
1.779682081E1,2.575000000E1
1.779944581E1,2.575000000E1
1.780206981E1,2.575000000E1
1.780469481E1,2.575000000E1
1.780731981E1,2.575000000E1
1.780994381E1,2.575000000E1
1.781256881E1,2.575000000E1
1.781519281E1,2.575000000E1
1.781781781E1,2.575000000E1
1.782044181E1,2.575000000E1
1.782306681E1,2.575000000E1
1.782569081E1,2.575000000E1
1.782831581E1,2.575000000E1
1.783093981E1,2.575000000E1
1.783356481E1,2.575000000E1
1.783618881E1,2.575000000E1
1.783881381E1,2.575000000E1
1.784143781E1,2.575000000E1
1.784406281E1,2.575000000E1
1.784668681E1,2.575000000E1
1.784931181E1,2.575000000E1
1.785193581E1,2.575000000E1
1.785456081E1,2.575000000E1
1.785718481E1,2.575000000E1
1.785980981E1,2.575000000E1
1.786243381E1,2.575000000E1
1.786505881E1,2.575000000E1
1.786768281E1,2.575000000E1
1.787030781E1,2.575000000E1
1.787293181E1,2.575000000E1
1.787555681E1,2.575000000E1
1.787818081E1,2.575000000E1
1.788080581E1,2.575000000E1
1.788342981E1,2.575000000E1
1.788605481E1,2.575000000E1
1.788867881E1,2.575000000E1
1.789130381E1,2.575000000E1
1.789392781E1,2.575000000E1
1.789655281E1,2.575000000E1
1.789917681E1,2.575000000E1
1.790180181E1,2.575000000E1
1.790442581E1,2.575000000E1
1.790705081E1,2.575000000E1
1.790967481E1,2.575000000E1
1.791229981E1,2.575000000E1
1.791492381E1,2.575000000E1
1.791754881E1,2.575000000E1
1.792017381E1,2.575000000E1
1.792279781E1,2.575000000E1
1.792542281E1,2.575000000E1
1.792804681E1,2.575000000E1
1.793067181E1,2.575000000E1
1.793329581E1,2.575000000E1
1.793592081E1,2.575000000E1
1.793854481E1,2.575000000E1
1.794116981E1,2.575000000E1
1.794379381E1,2.575000000E1
1.794641881E1,2.575000000E1
1.794904281E1,2.575000000E1
1.795166781E1,2.575000000E1
1.795429181E1,2.575000000E1
1.795691681E1,2.575000000E1
1.795954081E1,2.575000000E1
1.796216581E1,2.575000000E1
1.796478981E1,2.575000000E1
1.796741481E1,2.575000000E1
1.797003881E1,2.575000000E1
1.797266381E1,2.575000000E1
1.797528781E1,2.575000000E1
1.797791281E1,2.575000000E1
1.798053681E1,2.575000000E1
1.798316181E1,2.575000000E1
1.798578581E1,2.575000000E1
1.798841081E1,2.575000000E1
1.799103481E1,2.575000000E1
1.799365981E1,2.575000000E1
1.799628381E1,2.575000000E1
1.799890881E1,2.575000000E1
1.800153281E1,2.575000000E1
1.800415781E1,2.575000000E1
1.800678181E1,2.575000000E1
1.800940681E1,2.575000000E1
1.801203081E1,2.575000000E1
1.801465581E1,2.575000000E1
1.801727981E1,2.575000000E1
1.801990481E1,2.575000000E1
1.802252881E1,2.575000000E1
1.802515381E1,2.575000000E1
1.802777781E1,2.575000000E1
1.803040281E1,2.575000000E1
1.803302781E1,2.575000000E1
1.803565181E1,2.575000000E1
1.803827681E1,2.575000000E1
1.804090081E1,2.575000000E1
1.804352581E1,2.575000000E1
1.804614981E1,2.575000000E1
1.804877481E1,2.575000000E1
1.805139881E1,2.575000000E1
1.805402381E1,2.575000000E1
1.805664781E1,2.575000000E1
1.805927281E1,2.575000000E1
1.806189681E1,2.575000000E1
1.806452181E1,2.575000000E1
1.806714581E1,2.575000000E1
1.806977081E1,2.575000000E1
1.807239481E1,2.575000000E1
1.807501981E1,2.575000000E1
1.807764381E1,2.575000000E1
1.808026881E1,2.575000000E1
1.808289281E1,2.575000000E1
1.808551781E1,2.575000000E1
1.808814181E1,2.575000000E1
1.809076681E1,2.575000000E1
1.809339081E1,2.575000000E1
1.809601581E1,2.575000000E1
1.809863981E1,2.575000000E1
1.810126481E1,2.575000000E1
1.810388881E1,2.575000000E1
1.810651381E1,2.575000000E1
1.810913781E1,2.575000000E1
1.811176281E1,2.575000000E1
1.811438681E1,2.575000000E1
1.811701181E1,2.575000000E1
1.811963581E1,2.575000000E1
1.812226081E1,2.575000000E1
1.812488481E1,2.575000000E1
1.812750981E1,2.575000000E1
1.813013381E1,2.575000000E1
1.813275881E1,2.575000000E1
1.813538281E1,2.575000000E1
1.813800781E1,2.575000000E1
1.814063181E1,2.575000000E1
1.814325681E1,2.575000000E1
1.814588181E1,2.575000000E1
1.814850581E1,2.575000000E1
1.815113081E1,2.575000000E1
1.815375481E1,2.575000000E1
1.815637981E1,2.575000000E1
1.815900381E1,2.575000000E1
1.816162881E1,2.575000000E1
1.816425281E1,2.575000000E1
1.816687781E1,2.575000000E1
1.816950181E1,2.575000000E1
1.817212681E1,2.575000000E1
1.817475081E1,2.575000000E1
1.817737581E1,2.575000000E1
1.817999981E1,2.575000000E1
1.818262481E1,2.575000000E1
1.818524881E1,2.575000000E1
1.818787381E1,2.575000000E1
1.819049781E1,2.575000000E1
1.819312281E1,2.575000000E1
1.819574681E1,2.575000000E1
1.819837181E1,2.575000000E1
1.820099581E1,2.575000000E1
1.820362081E1,2.575000000E1
1.820624481E1,2.575000000E1
1.820886981E1,2.575000000E1
1.821149381E1,2.575000000E1
1.821411881E1,2.575000000E1
1.821674281E1,2.575000000E1
1.821936781E1,2.575000000E1
1.822199181E1,2.575000000E1
1.822461681E1,2.575000000E1
1.822724081E1,2.575000000E1
1.822986581E1,2.575000000E1
1.823248981E1,2.575000000E1
1.823511481E1,2.575000000E1
1.823773881E1,2.575000000E1
1.824036381E1,2.575000000E1
1.824298781E1,2.575000000E1
1.824561281E1,2.575000000E1
1.824823681E1,2.575000000E1
1.825086181E1,2.575000000E1
1.825348581E1,2.575000000E1
1.825611081E1,2.575000000E1
1.825873581E1,2.575000000E1
1.826135981E1,2.575000000E1
1.826398481E1,2.575000000E1
1.826660881E1,2.575000000E1
1.826923381E1,2.575000000E1
1.827185781E1,2.575000000E1
1.827448281E1,2.575000000E1
1.827710681E1,2.575000000E1
1.827973181E1,2.575000000E1
1.828235581E1,2.575000000E1
1.828498081E1,2.575000000E1
1.828760481E1,2.575000000E1
1.829022981E1,2.575000000E1
1.829285381E1,2.575000000E1
1.829547881E1,2.575000000E1
1.829810281E1,2.575000000E1
1.830072781E1,2.575000000E1
1.830335181E1,2.575000000E1
1.830597681E1,2.575000000E1
1.830860081E1,2.575000000E1
1.831122581E1,2.575000000E1
1.831384981E1,2.575000000E1
1.831647481E1,2.575000000E1
1.831909881E1,2.575000000E1
1.832172381E1,2.575000000E1
1.832434781E1,2.575000000E1
1.832697281E1,2.575000000E1
1.832959681E1,2.575000000E1
1.833222181E1,2.575000000E1
1.833484581E1,2.575000000E1
1.833747081E1,2.575000000E1
1.834009481E1,2.575000000E1
1.834271981E1,2.575000000E1
1.834534381E1,2.575000000E1
1.834796881E1,2.575000000E1
1.835059281E1,2.575000000E1
1.835321781E1,2.575000000E1
1.835584181E1,2.575000000E1
1.835846681E1,2.575000000E1
1.836109081E1,2.575000000E1
1.836371581E1,2.575000000E1
1.836634081E1,2.575000000E1
1.836896481E1,2.575000000E1
1.837158981E1,2.575000000E1
1.837421381E1,2.575000000E1
1.837683881E1,2.575000000E1
1.837946281E1,2.575000000E1
1.838208781E1,2.575000000E1
1.838471181E1,2.575000000E1
1.838733681E1,2.575000000E1
1.838996081E1,2.575000000E1
1.839258581E1,2.575000000E1
1.839520981E1,2.575000000E1
1.839783481E1,2.575000000E1
1.840045881E1,2.575000000E1
1.840308381E1,2.575000000E1
1.840570781E1,2.575000000E1
1.840833281E1,2.575000000E1
1.841095681E1,2.575000000E1
1.841358181E1,2.575000000E1
1.841620581E1,2.575000000E1
1.841883081E1,2.575000000E1
1.842145481E1,2.575000000E1
1.842407981E1,2.575000000E1
1.842670381E1,2.575000000E1
1.842932881E1,2.575000000E1
1.843195281E1,2.575000000E1
1.843457781E1,2.575000000E1
1.843720181E1,2.575000000E1
1.843982681E1,2.575000000E1
1.844245081E1,2.575000000E1
1.844507581E1,2.575000000E1
1.844769981E1,2.575000000E1
1.845032481E1,2.575000000E1
1.845294881E1,2.575000000E1
1.845557381E1,2.575000000E1
1.845819781E1,2.575000000E1
1.846082281E1,2.575000000E1
1.846344681E1,2.575000000E1
1.846607181E1,2.575000000E1
1.846869581E1,2.575000000E1
1.847132081E1,2.575000000E1
1.847394481E1,2.575000000E1
1.847656981E1,2.575000000E1
1.847919481E1,2.575000000E1
1.848181881E1,2.575000000E1
1.848444381E1,2.575000000E1
1.848706781E1,2.575000000E1
1.848969281E1,2.575000000E1
1.849231681E1,2.575000000E1
1.849494181E1,2.575000000E1
1.849756581E1,2.575000000E1
1.850019081E1,2.575000000E1
1.850281481E1,2.575000000E1
1.850543981E1,2.575000000E1
1.850806381E1,2.575000000E1
1.851068881E1,2.575000000E1
1.851331281E1,2.575000000E1
1.851593781E1,2.575000000E1
1.851856181E1,2.575000000E1
1.852118681E1,2.575000000E1
1.852381081E1,2.575000000E1
1.852643581E1,2.575000000E1
1.852905981E1,2.575000000E1
1.853168481E1,2.575000000E1
1.853430881E1,2.575000000E1
1.853693381E1,2.575000000E1
1.853955781E1,2.575000000E1
1.854218281E1,2.575000000E1
1.854480681E1,2.575000000E1
1.854743181E1,2.575000000E1
1.855005581E1,2.575000000E1
1.855268081E1,2.575000000E1
1.855530481E1,2.575000000E1
1.855792981E1,2.575000000E1
1.856055381E1,2.575000000E1
1.856317881E1,2.575000000E1
1.856580281E1,2.575000000E1
1.856842781E1,2.575000000E1
1.857105181E1,2.575000000E1
1.857367681E1,2.575000000E1
1.857630081E1,2.575000000E1
1.857892581E1,2.575000000E1
1.858154981E1,2.575000000E1
1.858417481E1,2.575000000E1
1.858679881E1,2.575000000E1
1.858942381E1,2.575000000E1
1.859204881E1,2.575000000E1
1.859467281E1,2.575000000E1
1.859729781E1,2.575000000E1
1.859992181E1,2.575000000E1
1.860254681E1,2.575000000E1
1.860517081E1,2.575000000E1
1.860779581E1,2.575000000E1
1.861041981E1,2.575000000E1
1.861304481E1,2.575000000E1
1.861566881E1,2.575000000E1
1.861829381E1,2.575000000E1
1.862091781E1,2.575000000E1
1.862354281E1,2.575000000E1
1.862616681E1,2.575000000E1
1.862879181E1,2.575000000E1
1.863141581E1,2.575000000E1
1.863404081E1,2.575000000E1
1.863666481E1,2.575000000E1
1.863928981E1,2.575000000E1
1.864191381E1,2.575000000E1
1.864453881E1,2.575000000E1
1.864716281E1,2.575000000E1
1.864978781E1,2.575000000E1
1.865241181E1,2.575000000E1
1.865503681E1,2.575000000E1
1.865766081E1,2.575000000E1
1.866028581E1,2.575000000E1
1.866290981E1,2.575000000E1
1.866553481E1,2.575000000E1
1.866815881E1,2.575000000E1
1.867078381E1,2.575000000E1
1.867340781E1,2.575000000E1
1.867603281E1,2.575000000E1
1.867865681E1,2.575000000E1
1.868128181E1,2.575000000E1
1.868390581E1,2.575000000E1
1.868653081E1,2.575000000E1
1.868915481E1,2.575000000E1
1.869177981E1,2.575000000E1
1.869440381E1,2.575000000E1
1.869702881E1,2.575000000E1
1.869965281E1,2.575000000E1
1.870227781E1,2.575000000E1
1.870490281E1,2.575000000E1
1.870752681E1,2.575000000E1
1.871015181E1,2.575000000E1
1.871277581E1,2.575000000E1
1.871540081E1,2.575000000E1
1.871802481E1,2.575000000E1
1.872064981E1,2.575000000E1
1.872327381E1,2.575000000E1
1.872589881E1,2.575000000E1
1.872852281E1,2.575000000E1
1.873114781E1,2.575000000E1
1.873377181E1,2.575000000E1
1.873639681E1,2.575000000E1
1.873902081E1,2.575000000E1
1.874164581E1,2.575000000E1
1.874426981E1,2.575000000E1
1.874689481E1,2.575000000E1
1.874951881E1,2.575000000E1
1.875214381E1,2.575000000E1
1.875476781E1,2.575000000E1
1.875739281E1,2.575000000E1
1.876001681E1,2.575000000E1
1.876264181E1,2.575000000E1
1.876526581E1,2.575000000E1
1.876789081E1,2.575000000E1
1.877051481E1,2.575000000E1
1.877313981E1,2.575000000E1
1.877576381E1,2.575000000E1
1.877838881E1,2.575000000E1
1.878101281E1,2.575000000E1
1.878363781E1,2.575000000E1
1.878626181E1,2.575000000E1
1.878888681E1,2.575000000E1
1.879151081E1,2.575000000E1
1.879413581E1,2.575000000E1
1.879675981E1,2.575000000E1
1.879938481E1,2.575000000E1
1.880200881E1,2.575000000E1
1.880463381E1,2.575000000E1
1.880725781E1,2.575000000E1
1.880988281E1,2.575000000E1
1.881250681E1,2.575000000E1
1.881513181E1,2.575000000E1
1.881775681E1,2.575000000E1
1.882038081E1,2.575000000E1
1.882300581E1,2.575000000E1
1.882562981E1,2.575000000E1
1.882825481E1,2.575000000E1
1.883087881E1,2.575000000E1
1.883350381E1,2.575000000E1
1.883612781E1,2.575000000E1
1.883875281E1,2.575000000E1
1.884137681E1,2.575000000E1
1.884400181E1,2.575000000E1
1.884662581E1,2.575000000E1
1.884925081E1,2.575000000E1
1.885187481E1,2.575000000E1
1.885449981E1,2.575000000E1
1.885712381E1,2.575000000E1
1.885974881E1,2.575000000E1
1.886237281E1,2.575000000E1
1.886499781E1,2.575000000E1
1.886762181E1,2.575000000E1
1.887024681E1,2.575000000E1
1.887287081E1,2.575000000E1
1.887549581E1,2.575000000E1
1.887811981E1,2.575000000E1
1.888074481E1,2.575000000E1
1.888336881E1,2.575000000E1
1.888599381E1,2.575000000E1
1.888861781E1,2.575000000E1
1.889124281E1,2.575000000E1
1.889386681E1,2.575000000E1
1.889649181E1,2.575000000E1
1.889911581E1,2.575000000E1
1.890174081E1,2.575000000E1
1.890436481E1,2.575000000E1
1.890698981E1,2.575000000E1
1.890961381E1,2.575000000E1
1.891223881E1,2.575000000E1
1.891486281E1,2.575000000E1
1.891748781E1,2.575000000E1
1.892011181E1,2.575000000E1
1.892273681E1,2.575000000E1
1.892536081E1,2.575000000E1
1.892798581E1,2.575000000E1
1.893061081E1,2.575000000E1
1.893323481E1,2.575000000E1
1.893585981E1,2.575000000E1
1.893848381E1,2.575000000E1
1.894110881E1,2.575000000E1
1.894373281E1,2.575000000E1
1.894635781E1,2.575000000E1
1.894898181E1,2.575000000E1
1.895160681E1,2.575000000E1
1.895423081E1,2.575000000E1
1.895685581E1,2.575000000E1
1.895947981E1,2.575000000E1
1.896210481E1,2.575000000E1
1.896472881E1,2.575000000E1
1.896735381E1,2.575000000E1
1.896997781E1,2.575000000E1
1.897260281E1,2.575000000E1
1.897522681E1,2.575000000E1
1.897785181E1,2.575000000E1
1.898047581E1,2.575000000E1
1.898310081E1,2.575000000E1
1.898572481E1,2.575000000E1
1.898834981E1,2.575000000E1
1.899097381E1,2.575000000E1
1.899359881E1,2.575000000E1
1.899622281E1,2.575000000E1
1.899884781E1,2.575000000E1
1.900147181E1,2.575000000E1
1.900409681E1,2.575000000E1
1.900672081E1,2.575000000E1
1.900934581E1,2.575000000E1
1.901196981E1,2.575000000E1
1.901459481E1,2.575000000E1
1.901721881E1,2.575000000E1
1.901984381E1,2.575000000E1
1.902246781E1,2.575000000E1
1.902509281E1,2.575000000E1
1.902771681E1,2.575000000E1
1.903034181E1,2.575000000E1
1.903296581E1,2.575000000E1
1.903559081E1,2.575000000E1
1.903821581E1,2.575000000E1
1.904083981E1,2.575000000E1
1.904346481E1,2.575000000E1
1.904608881E1,2.575000000E1
1.904871381E1,2.575000000E1
1.905133781E1,2.575000000E1
1.905396281E1,2.575000000E1
1.905658681E1,2.575000000E1
1.905921181E1,2.575000000E1
1.906183581E1,2.575000000E1
1.906446081E1,2.575000000E1
1.906708481E1,2.575000000E1
1.906970981E1,2.575000000E1
1.907233381E1,2.575000000E1
1.907495881E1,2.575000000E1
1.907758281E1,2.575000000E1
1.908020781E1,2.575000000E1
1.908283181E1,2.575000000E1
1.908545681E1,2.575000000E1
1.908808081E1,2.575000000E1
1.909070581E1,2.575000000E1
1.909332981E1,2.575000000E1
1.909595481E1,2.575000000E1
1.909857881E1,2.575000000E1
1.910120381E1,2.575000000E1
1.910382781E1,2.575000000E1
1.910645281E1,2.575000000E1
1.910907681E1,2.575000000E1
1.911170181E1,2.575000000E1
1.911432581E1,2.575000000E1
1.911695081E1,2.575000000E1
1.911957481E1,2.575000000E1
1.912219981E1,2.575000000E1
1.912482381E1,2.575000000E1
1.912744881E1,2.575000000E1
1.913007281E1,2.575000000E1
1.913269781E1,2.575000000E1
1.913532181E1,2.575000000E1
1.913794681E1,2.575000000E1
1.914057081E1,2.575000000E1
1.914319581E1,2.575000000E1
1.914581981E1,2.575000000E1
1.914844481E1,2.575000000E1
1.915106981E1,2.575000000E1
1.915369381E1,2.575000000E1
1.915631881E1,2.575000000E1
1.915894281E1,2.575000000E1
1.916156781E1,2.575000000E1
1.916419181E1,2.575000000E1
1.916681681E1,2.575000000E1
1.916944081E1,2.575000000E1
1.917206581E1,2.575000000E1
1.917468981E1,2.575000000E1
1.917731481E1,2.575000000E1
1.917993881E1,2.575000000E1
1.918256381E1,2.575000000E1
1.918518781E1,2.575000000E1
1.918781281E1,2.575000000E1
1.919043681E1,2.575000000E1
1.919306181E1,2.575000000E1
1.919568581E1,2.575000000E1
1.919831081E1,2.575000000E1
1.920093481E1,2.575000000E1
1.920355981E1,2.575000000E1
1.920618381E1,2.575000000E1
1.920880881E1,2.575000000E1
1.921143281E1,2.575000000E1
1.921405781E1,2.575000000E1
1.921668181E1,2.575000000E1
1.921930681E1,2.575000000E1
1.922193081E1,2.575000000E1
1.922455581E1,2.575000000E1
1.922717981E1,2.575000000E1
1.922980481E1,2.575000000E1
1.923242881E1,2.575000000E1
1.923505381E1,2.575000000E1
1.923767781E1,2.575000000E1
1.924030281E1,2.575000000E1
1.924292681E1,2.575000000E1
1.924555181E1,2.575000000E1
1.924817581E1,2.575000000E1
1.925080081E1,2.575000000E1
1.925342481E1,2.575000000E1
1.925604981E1,2.575000000E1
1.925867381E1,2.575000000E1
1.926129881E1,2.575000000E1
1.926392381E1,2.575000000E1
1.926654781E1,2.575000000E1
1.926917281E1,2.575000000E1
1.927179681E1,2.575000000E1
1.927442181E1,2.575000000E1
1.927704581E1,2.575000000E1
1.927967081E1,2.575000000E1
1.928229481E1,2.575000000E1
1.928491981E1,2.575000000E1
1.928754381E1,2.575000000E1
1.929016881E1,2.575000000E1
1.929279281E1,2.575000000E1
1.929541781E1,2.575000000E1
1.929804181E1,2.575000000E1
1.930066681E1,2.575000000E1
1.930329081E1,2.575000000E1
1.930591581E1,2.575000000E1
1.930853981E1,2.575000000E1
1.931116481E1,2.575000000E1
1.931378881E1,2.575000000E1
1.931641381E1,2.575000000E1
1.931903781E1,2.575000000E1
1.932166281E1,2.575000000E1
1.932428681E1,2.575000000E1
1.932691181E1,2.575000000E1
1.932953581E1,2.575000000E1
1.933216081E1,2.575000000E1
1.933478481E1,2.575000000E1
1.933740981E1,2.575000000E1
1.934003381E1,2.575000000E1
1.934265881E1,2.575000000E1
1.934528281E1,2.575000000E1
1.934790781E1,2.575000000E1
1.935053181E1,2.575000000E1
1.935315681E1,2.575000000E1
1.935578081E1,2.575000000E1
1.935840581E1,2.575000000E1
1.936102981E1,2.575000000E1
1.936365481E1,2.575000000E1
1.936627881E1,2.575000000E1
1.936890381E1,2.575000000E1
1.937152781E1,2.575000000E1
1.937415281E1,2.575000000E1
1.937677781E1,2.575000000E1
1.937940181E1,2.575000000E1
1.938202681E1,2.575000000E1
1.938465081E1,2.575000000E1
1.938727581E1,2.575000000E1
1.938989981E1,2.575000000E1
1.939252481E1,2.575000000E1
1.939514881E1,2.575000000E1
1.939777381E1,2.575000000E1
1.940039781E1,2.575000000E1
1.940302281E1,2.575000000E1
1.940564681E1,2.575000000E1
1.940827181E1,2.575000000E1
1.941089581E1,2.575000000E1
1.941352081E1,2.575000000E1
1.941614481E1,2.575000000E1
1.941876981E1,2.575000000E1
1.942139381E1,2.575000000E1
1.942401881E1,2.575000000E1
1.942664281E1,2.575000000E1
1.942926781E1,2.575000000E1
1.943189181E1,2.575000000E1
1.943451681E1,2.575000000E1
1.943714081E1,2.575000000E1
1.943976581E1,2.575000000E1
1.944238981E1,2.575000000E1
1.944501481E1,2.575000000E1
1.944763881E1,2.575000000E1
1.945026381E1,2.575000000E1
1.945288781E1,2.575000000E1
1.945551281E1,2.575000000E1
1.945813681E1,2.575000000E1
1.946076181E1,2.575000000E1
1.946338581E1,2.575000000E1
1.946601081E1,2.575000000E1
1.946863481E1,2.575000000E1
1.947125981E1,2.575000000E1
1.947388381E1,2.575000000E1
1.947650881E1,2.575000000E1
1.947913281E1,2.575000000E1
1.948175781E1,2.575000000E1
1.948438181E1,2.575000000E1
1.948700681E1,2.575000000E1
1.948963181E1,2.575000000E1
1.949225581E1,2.575000000E1
1.949488081E1,2.575000000E1
1.949750481E1,2.575000000E1
1.950012981E1,2.575000000E1
1.950275381E1,2.575000000E1
1.950537881E1,2.575000000E1
1.950800281E1,2.575000000E1
1.951062781E1,2.575000000E1
1.951325181E1,2.575000000E1
1.951587681E1,2.575000000E1
1.951850081E1,2.575000000E1
1.952112581E1,2.575000000E1
1.952374981E1,2.575000000E1
1.952637481E1,2.575000000E1
1.952899881E1,2.575000000E1
1.953162381E1,2.575000000E1
1.953424781E1,2.575000000E1
1.953687281E1,2.575000000E1
1.953949681E1,2.575000000E1
1.954212181E1,2.575000000E1
1.954474581E1,2.575000000E1
1.954737081E1,2.575000000E1
1.954999481E1,2.575000000E1
1.955261981E1,2.575000000E1
1.955524381E1,2.575000000E1
1.955786881E1,2.575000000E1
1.956049281E1,2.575000000E1
1.956311781E1,2.575000000E1
1.956574181E1,2.575000000E1
1.956836681E1,2.575000000E1
1.957099081E1,2.575000000E1
1.957361581E1,2.575000000E1
1.957623981E1,2.575000000E1
1.957886481E1,2.575000000E1
1.958148881E1,2.575000000E1
1.958411381E1,2.575000000E1
1.958673781E1,2.575000000E1
1.958936281E1,2.575000000E1
1.959198681E1,2.575000000E1
1.959461181E1,2.575000000E1
1.959723581E1,2.575000000E1
1.959986081E1,2.575000000E1
1.960248581E1,2.575000000E1
1.960510981E1,2.575000000E1
1.960773481E1,2.575000000E1
1.961035881E1,2.575000000E1
1.961298381E1,2.575000000E1
1.961560781E1,2.575000000E1
1.961823281E1,2.575000000E1
1.962085681E1,2.575000000E1
1.962348181E1,2.575000000E1
1.962610581E1,2.575000000E1
1.962873081E1,2.575000000E1
1.963135481E1,2.575000000E1
1.963397981E1,2.575000000E1
1.963660381E1,2.575000000E1
1.963922881E1,2.575000000E1
1.964185281E1,2.575000000E1
1.964447781E1,2.575000000E1
1.964710181E1,2.575000000E1
1.964972681E1,2.575000000E1
1.965235081E1,2.575000000E1
1.965497581E1,2.575000000E1
1.965759981E1,2.575000000E1
1.966022481E1,2.575000000E1
1.966284881E1,2.575000000E1
1.966547381E1,2.575000000E1
1.966809781E1,2.575000000E1
1.967072281E1,2.575000000E1
1.967334681E1,2.575000000E1
1.967597181E1,2.575000000E1
1.967859581E1,2.575000000E1
1.968122081E1,2.575000000E1
1.968384481E1,2.575000000E1
1.968646981E1,2.575000000E1
1.968909381E1,2.575000000E1
1.969171881E1,2.575000000E1
1.969434281E1,2.575000000E1
1.969696781E1,2.575000000E1
1.969959181E1,2.575000000E1
1.970221681E1,2.575000000E1
1.970484081E1,2.575000000E1
1.970746581E1,2.575000000E1
1.971009081E1,2.575000000E1
1.971271481E1,2.575000000E1
1.971533981E1,2.575000000E1
1.971796381E1,2.575000000E1
1.972058881E1,2.575000000E1
1.972321281E1,2.575000000E1
1.972583781E1,2.575000000E1
1.972846181E1,2.575000000E1
1.973108681E1,2.575000000E1
1.973371081E1,2.575000000E1
1.973633581E1,2.575000000E1
1.973895981E1,2.575000000E1
1.974158481E1,2.575000000E1
1.974420881E1,2.575000000E1
1.974683381E1,2.575000000E1
1.974945781E1,2.575000000E1
1.975208281E1,2.575000000E1
1.975470681E1,2.575000000E1
1.975733181E1,2.575000000E1
1.975995581E1,2.575000000E1
1.976258081E1,2.575000000E1
1.976520481E1,2.575000000E1
1.976782981E1,2.575000000E1
1.977045381E1,2.575000000E1
1.977307881E1,2.575000000E1
1.977570281E1,2.575000000E1
1.977832781E1,2.575000000E1
1.978095181E1,2.575000000E1
1.978357681E1,2.575000000E1
1.978620081E1,2.575000000E1
1.978882581E1,2.575000000E1
1.979144981E1,2.575000000E1
1.979407481E1,2.575000000E1
1.979669881E1,2.575000000E1
1.979932381E1,2.575000000E1
1.980194781E1,2.575000000E1
1.980457281E1,2.575000000E1
1.980719681E1,2.575000000E1
1.980982181E1,2.575000000E1
1.981244581E1,2.575000000E1
1.981507081E1,2.575000000E1
1.981769481E1,2.575000000E1
1.982031981E1,2.575000000E1
1.982294481E1,2.575000000E1
1.982556881E1,2.575000000E1
1.982819381E1,2.575000000E1
1.983081781E1,2.575000000E1
1.983344281E1,2.575000000E1
1.983606681E1,2.575000000E1
1.983869181E1,2.575000000E1
1.984131581E1,2.575000000E1
1.984394081E1,2.575000000E1
1.984656481E1,2.575000000E1
1.984918981E1,2.575000000E1
1.985181381E1,2.575000000E1
1.985443881E1,2.575000000E1
1.985706281E1,2.575000000E1
1.985968781E1,2.575000000E1
1.986231181E1,2.575000000E1
1.986493681E1,2.575000000E1
1.986756081E1,2.575000000E1
1.987018581E1,2.575000000E1
1.987280981E1,2.575000000E1
1.987543481E1,2.575000000E1
1.987805881E1,2.575000000E1
1.988068381E1,2.575000000E1
1.988330781E1,2.575000000E1
1.988593281E1,2.575000000E1
1.988855681E1,2.575000000E1
1.989118181E1,2.575000000E1
1.989380581E1,2.575000000E1
1.989643081E1,2.575000000E1
1.989905481E1,2.575000000E1
1.990167981E1,2.575000000E1
1.990430381E1,2.575000000E1
1.990692881E1,2.575000000E1
1.990955281E1,2.575000000E1
1.991217781E1,2.575000000E1
1.991480181E1,2.575000000E1
1.991742681E1,2.575000000E1
1.992005081E1,2.575000000E1
1.992267581E1,2.575000000E1
1.992529981E1,2.575000000E1
1.992792481E1,2.575000000E1
1.993054881E1,2.575000000E1
1.993317381E1,2.575000000E1
1.993579881E1,2.575000000E1
1.993842281E1,2.575000000E1
1.994104781E1,2.575000000E1
1.994367181E1,2.575000000E1
1.994629681E1,2.575000000E1
1.994892081E1,2.575000000E1
1.995154581E1,2.575000000E1
1.995416981E1,2.575000000E1
1.995679481E1,2.575000000E1
1.995941881E1,2.575000000E1
1.996204381E1,2.575000000E1
1.996466781E1,2.575000000E1
1.996729281E1,2.575000000E1
1.996991681E1,2.575000000E1
1.997254181E1,2.575000000E1
1.997516581E1,2.575000000E1
1.997779081E1,2.575000000E1
1.998041481E1,2.575000000E1
1.998303981E1,2.575000000E1
1.998566381E1,2.575000000E1
1.998828881E1,2.575000000E1
1.999091281E1,2.575000000E1
1.999353781E1,2.575000000E1
1.999616181E1,2.575000000E1
1.999878681E1,2.575000000E1
2.000141081E1,2.575000000E1
2.000403581E1,2.575000000E1
2.000665981E1,2.575000000E1
2.000928481E1,2.575000000E1
2.001190881E1,2.575000000E1
2.001453381E1,2.575000000E1
2.001715781E1,2.575000000E1
2.001978281E1,2.575000000E1
2.002240681E1,2.575000000E1
2.002503181E1,2.575000000E1
2.002765581E1,2.575000000E1
2.003028081E1,2.575000000E1
2.003290481E1,2.575000000E1
2.003552981E1,2.575000000E1
2.003815381E1,2.575000000E1
2.004077881E1,2.575000000E1
2.004340281E1,2.575000000E1
2.004602781E1,2.575000000E1
2.004865281E1,2.575000000E1
2.005127681E1,2.575000000E1
2.005390181E1,2.575000000E1
2.005652581E1,2.575000000E1
2.005915081E1,2.575000000E1
2.006177481E1,2.575000000E1
2.006439981E1,2.575000000E1
2.006702381E1,2.575000000E1
2.006964881E1,2.575000000E1
2.007227281E1,2.575000000E1
2.007489781E1,2.575000000E1
2.007752181E1,2.575000000E1
2.008014681E1,2.575000000E1
2.008277081E1,2.575000000E1
2.008539581E1,2.575000000E1
2.008801981E1,2.575000000E1
2.009064481E1,2.575000000E1
2.009326881E1,2.575000000E1
2.009589381E1,2.575000000E1
2.009851781E1,2.575000000E1
2.010114281E1,2.575000000E1
2.010376681E1,2.575000000E1
2.010639181E1,2.575000000E1
2.010901581E1,2.575000000E1
2.011164081E1,2.575000000E1
2.011426481E1,2.575000000E1
2.011688981E1,2.575000000E1
2.011951381E1,2.575000000E1
2.012213881E1,2.575000000E1
2.012476281E1,2.575000000E1
2.012738781E1,2.575000000E1
2.013001181E1,2.575000000E1
2.013263681E1,2.575000000E1
2.013526081E1,2.575000000E1
2.013788581E1,2.575000000E1
2.014050981E1,2.575000000E1
2.014313481E1,2.575000000E1
2.014575881E1,2.575000000E1
2.014838381E1,2.575000000E1
2.015100781E1,2.575000000E1
2.015363281E1,2.575000000E1
2.015625681E1,2.575000000E1
2.015888181E1,2.575000000E1
2.016150681E1,2.575000000E1
2.016413081E1,2.575000000E1
2.016675581E1,2.575000000E1
2.016937981E1,2.575000000E1
2.017200481E1,2.575000000E1
2.017462881E1,2.575000000E1
2.017725381E1,2.575000000E1
2.017987781E1,2.575000000E1
2.018250281E1,2.575000000E1
2.018512681E1,2.575000000E1
2.018775181E1,2.575000000E1
2.019037581E1,2.575000000E1
2.019300081E1,2.575000000E1
2.019562481E1,2.575000000E1
2.019824981E1,2.575000000E1
2.020087381E1,2.575000000E1
2.020349881E1,2.575000000E1
2.020612281E1,2.575000000E1
2.020874781E1,2.575000000E1
2.021137181E1,2.575000000E1
2.021399681E1,2.575000000E1
2.021662081E1,2.575000000E1
2.021924581E1,2.575000000E1
2.022186981E1,2.575000000E1
2.022449481E1,2.575000000E1
2.022711881E1,2.575000000E1
2.022974381E1,2.575000000E1
2.023236781E1,2.575000000E1
2.023499281E1,2.575000000E1
2.023761681E1,2.575000000E1
2.024024181E1,2.575000000E1
2.024286581E1,2.575000000E1
2.024549081E1,2.575000000E1
2.024811481E1,2.575000000E1
2.025073981E1,2.575000000E1
2.025336381E1,2.575000000E1
2.025598881E1,2.575000000E1
2.025861281E1,2.575000000E1
2.026123781E1,2.575000000E1
2.026386181E1,2.575000000E1
2.026648681E1,2.575000000E1
2.026911081E1,2.575000000E1
2.027173581E1,2.575000000E1
2.027436081E1,2.575000000E1
2.027698481E1,2.575000000E1
2.027960981E1,2.575000000E1
2.028223381E1,2.575000000E1
2.028485881E1,2.575000000E1
2.028748281E1,2.575000000E1
2.029010781E1,2.575000000E1
2.029273181E1,2.575000000E1
2.029535681E1,2.575000000E1
2.029798081E1,2.575000000E1
2.030060581E1,2.575000000E1
2.030322981E1,2.575000000E1
2.030585481E1,2.575000000E1
2.030847881E1,2.575000000E1
2.031110381E1,2.575000000E1
2.031372781E1,2.575000000E1
2.031635281E1,2.575000000E1
2.031897681E1,2.575000000E1
2.032160181E1,2.575000000E1
2.032422581E1,2.575000000E1
2.032685081E1,2.575000000E1
2.032947481E1,2.575000000E1
2.033209981E1,2.575000000E1
2.033472381E1,2.575000000E1
2.033734881E1,2.575000000E1
2.033997281E1,2.575000000E1
2.034259781E1,2.575000000E1
2.034522181E1,2.575000000E1
2.034784681E1,2.575000000E1
2.035047081E1,2.575000000E1
2.035309581E1,2.575000000E1
2.035571981E1,2.575000000E1
2.035834481E1,2.575000000E1
2.036096881E1,2.575000000E1
2.036359381E1,2.575000000E1
2.036621781E1,2.575000000E1
2.036884281E1,2.575000000E1
2.037146681E1,2.575000000E1
2.037409181E1,2.575000000E1
2.037671581E1,2.575000000E1
2.037934081E1,2.575000000E1
2.038196581E1,2.575000000E1
2.038458981E1,2.575000000E1
2.038721481E1,2.575000000E1
2.038983881E1,2.575000000E1
2.039246381E1,2.575000000E1
2.039508781E1,2.575000000E1
2.039771281E1,2.575000000E1
2.040033681E1,2.575000000E1
2.040296181E1,2.575000000E1
2.040558581E1,2.575000000E1
2.040821081E1,2.575000000E1
2.041083481E1,2.575000000E1
2.041345981E1,2.575000000E1
2.041608381E1,2.575000000E1
2.041870881E1,2.575000000E1
2.042133281E1,2.575000000E1
2.042395781E1,2.575000000E1
2.042658181E1,2.575000000E1
2.042920681E1,2.575000000E1
2.043183081E1,2.575000000E1
2.043445581E1,2.575000000E1
2.043707981E1,2.575000000E1
2.043970481E1,2.575000000E1
2.044232881E1,2.575000000E1
2.044495381E1,2.575000000E1
2.044757781E1,2.575000000E1
2.045020281E1,2.575000000E1
2.045282681E1,2.575000000E1
2.045545181E1,2.575000000E1
2.045807581E1,2.575000000E1
2.046070081E1,2.575000000E1
2.046332481E1,2.575000000E1
2.046594981E1,2.575000000E1
2.046857381E1,2.575000000E1
2.047119881E1,2.575000000E1
2.047382281E1,2.575000000E1
2.047644781E1,2.575000000E1
2.047907181E1,2.575000000E1
2.048169681E1,2.575000000E1
2.048432081E1,2.575000000E1
2.048694581E1,2.575000000E1
2.048956981E1,2.575000000E1
2.049219481E1,2.575000000E1
2.049481981E1,2.575000000E1
2.049744381E1,2.575000000E1
2.050006881E1,2.575000000E1
2.050269281E1,2.575000000E1
2.050531781E1,2.575000000E1
2.050794181E1,2.575000000E1
2.051056681E1,2.575000000E1
2.051319081E1,2.575000000E1
2.051581581E1,2.575000000E1
2.051843981E1,2.575000000E1
2.052106481E1,2.575000000E1
2.052368881E1,2.575000000E1
2.052631381E1,2.575000000E1
2.052893781E1,2.575000000E1
2.053156281E1,2.575000000E1
2.053418681E1,2.575000000E1
2.053681181E1,2.575000000E1
2.053943581E1,2.575000000E1
2.054206081E1,2.575000000E1
2.054468481E1,2.575000000E1
2.054730981E1,2.575000000E1
2.054993381E1,2.575000000E1
2.055255881E1,2.575000000E1
2.055518281E1,2.575000000E1
2.055780781E1,2.575000000E1
2.056043181E1,2.575000000E1
2.056305681E1,2.575000000E1
2.056568081E1,2.575000000E1
2.056830581E1,2.575000000E1
2.057092981E1,2.575000000E1
2.057355481E1,2.575000000E1
2.057617881E1,2.575000000E1
2.057880381E1,2.575000000E1
2.058142781E1,2.575000000E1
2.058405281E1,2.575000000E1
2.058667681E1,2.575000000E1
2.058930181E1,2.575000000E1
2.059192581E1,2.575000000E1
2.059455081E1,2.575000000E1
2.059717481E1,2.575000000E1
2.059979981E1,2.575000000E1
2.060242381E1,2.575000000E1
2.060504881E1,2.575000000E1
2.060767381E1,2.575000000E1
2.061029781E1,2.575000000E1
2.061292281E1,2.575000000E1
2.061554681E1,2.575000000E1
2.061817181E1,2.575000000E1
2.062079581E1,2.575000000E1
2.062342081E1,2.575000000E1
2.062604481E1,2.575000000E1
2.062866981E1,2.575000000E1
2.063129381E1,2.575000000E1
2.063391881E1,2.575000000E1
2.063654281E1,2.575000000E1
2.063916781E1,2.575000000E1
2.064179181E1,2.575000000E1
2.064441681E1,2.575000000E1
2.064704081E1,2.575000000E1
2.064966581E1,2.575000000E1
2.065228981E1,2.575000000E1
2.065491481E1,2.575000000E1
2.065753881E1,2.575000000E1
2.066016381E1,2.575000000E1
2.066278781E1,2.575000000E1
2.066541281E1,2.575000000E1
2.066803681E1,2.575000000E1
2.067066181E1,2.575000000E1
2.067328581E1,2.575000000E1
2.067591081E1,2.575000000E1
2.067853481E1,2.575000000E1
2.068115981E1,2.575000000E1
2.068378381E1,2.575000000E1
2.068640881E1,2.575000000E1
2.068903281E1,2.575000000E1
2.069165781E1,2.575000000E1
2.069428181E1,2.575000000E1
2.069690681E1,2.575000000E1
2.069953081E1,2.575000000E1
2.070215581E1,2.575000000E1
2.070477981E1,2.575000000E1
2.070740481E1,2.575000000E1
2.071002881E1,2.575000000E1
2.071265381E1,2.575000000E1
2.071527781E1,2.575000000E1
2.071790281E1,2.575000000E1
2.072052781E1,2.575000000E1
2.072315181E1,2.575000000E1
2.072577681E1,2.575000000E1
2.072840081E1,2.575000000E1
2.073102581E1,2.575000000E1
2.073364981E1,2.575000000E1
2.073627481E1,2.575000000E1
2.073889881E1,2.575000000E1
2.074152381E1,2.575000000E1
2.074414781E1,2.575000000E1
2.074677281E1,2.575000000E1
2.074939681E1,2.575000000E1
2.075202181E1,2.575000000E1
2.075464581E1,2.575000000E1
2.075727081E1,2.575000000E1
2.075989481E1,2.575000000E1
2.076251981E1,2.575000000E1
2.076514381E1,2.575000000E1
2.076776881E1,2.575000000E1
2.077039281E1,2.575000000E1
2.077301781E1,2.575000000E1
2.077564181E1,2.575000000E1
2.077826681E1,2.575000000E1
2.078089081E1,2.575000000E1
2.078351581E1,2.575000000E1
2.078613981E1,2.575000000E1
2.078876481E1,2.575000000E1
2.079138881E1,2.575000000E1
2.079401381E1,2.575000000E1
2.079663781E1,2.575000000E1
2.079926281E1,2.575000000E1
2.080188681E1,2.575000000E1
2.080451181E1,2.575000000E1
2.080713581E1,2.575000000E1
2.080976081E1,2.575000000E1
2.081238481E1,2.575000000E1
2.081500981E1,2.575000000E1
2.081763381E1,2.575000000E1
2.082025881E1,2.575000000E1
2.082288281E1,2.575000000E1
2.082550781E1,2.575000000E1
2.082813181E1,2.575000000E1
2.083075681E1,2.575000000E1
2.083338181E1,2.575000000E1
2.083600581E1,2.575000000E1
2.083863081E1,2.575000000E1
2.084125481E1,2.575000000E1
2.084387981E1,2.575000000E1
2.084650381E1,2.575000000E1
2.084912881E1,2.575000000E1
2.085175281E1,2.575000000E1
2.085437781E1,2.575000000E1
2.085700181E1,2.575000000E1
2.085962681E1,2.575000000E1
2.086225081E1,2.575000000E1
2.086487581E1,2.575000000E1
2.086749981E1,2.575000000E1
2.087012481E1,2.575000000E1
2.087274881E1,2.575000000E1
2.087537381E1,2.575000000E1
2.087799781E1,2.575000000E1
2.088062281E1,2.575000000E1
2.088324681E1,2.575000000E1
2.088587181E1,2.575000000E1
2.088849581E1,2.575000000E1
2.089112081E1,2.575000000E1
2.089374481E1,2.575000000E1
2.089636981E1,2.575000000E1
2.089899381E1,2.575000000E1
2.090161881E1,2.575000000E1
2.090424281E1,2.575000000E1
2.090686781E1,2.575000000E1
2.090949181E1,2.575000000E1
2.091211681E1,2.575000000E1
2.091474081E1,2.575000000E1
2.091736581E1,2.575000000E1
2.091998981E1,2.575000000E1
2.092261481E1,2.575000000E1
2.092523881E1,2.575000000E1
2.092786381E1,2.575000000E1
2.093048781E1,2.575000000E1
