"Time (s)","Illuminance (lx)"
0.000000000E0,2.575000000E1
4.134032000E-3,2.575000000E1
6.789032000E-3,2.575000000E1
9.414032000E-3,2.575000000E1
1.203803200E-2,2.575000000E1
1.466303200E-2,2.575000000E1
1.728703200E-2,2.575000000E1
1.991203200E-2,2.575000000E1
2.253603200E-2,2.575000000E1
2.516103200E-2,2.575000000E1
2.778603200E-2,2.575000000E1
3.041003200E-2,2.575000000E1
3.303503200E-2,2.575000000E1
3.565903200E-2,2.575000000E1
3.828403200E-2,2.575000000E1
4.090803200E-2,2.575000000E1
4.353303200E-2,2.575000000E1
4.615703200E-2,2.575000000E1
4.878203200E-2,2.575000000E1
5.140603200E-2,2.575000000E1
5.403103200E-2,2.575000000E1
5.665503200E-2,2.575000000E1
5.928003200E-2,2.575000000E1
6.190403200E-2,2.575000000E1
6.452903200E-2,2.575000000E1
6.715303200E-2,2.575000000E1
6.977803200E-2,2.575000000E1
7.240203200E-2,2.575000000E1
7.502703200E-2,2.575000000E1
7.765103200E-2,2.575000000E1
8.027603200E-2,2.575000000E1
8.290003200E-2,2.575000000E1
8.552503200E-2,2.575000000E1
8.814903200E-2,2.575000000E1
9.077403200E-2,2.575000000E1
9.339803200E-2,2.575000000E1
9.602303200E-2,2.575000000E1
9.864703200E-2,2.575000000E1
1.012720320E-1,2.575000000E1
1.038960320E-1,2.575000000E1
1.065210320E-1,2.575000000E1
1.091450320E-1,2.575000000E1
1.117700320E-1,2.575000000E1
1.143940320E-1,2.575000000E1
1.170190320E-1,2.575000000E1
1.196430320E-1,2.575000000E1
1.222680320E-1,2.575000000E1
1.248920320E-1,2.575000000E1
1.275170320E-1,2.575000000E1
1.301410320E-1,2.575000000E1
1.327660320E-1,2.575000000E1
1.353910320E-1,2.575000000E1
1.380150320E-1,2.575000000E1
1.406400320E-1,2.575000000E1
1.432640320E-1,2.575000000E1
1.458890320E-1,2.575000000E1
1.485130320E-1,2.575000000E1
1.511380320E-1,2.575000000E1
1.537620320E-1,2.575000000E1
1.563870320E-1,2.575000000E1
1.590110320E-1,2.575000000E1
1.616360320E-1,2.575000000E1
1.642600320E-1,2.575000000E1
1.668850320E-1,2.575000000E1
1.695090320E-1,2.575000000E1
1.721340320E-1,2.575000000E1
1.747580320E-1,2.575000000E1
1.773830320E-1,2.575000000E1
1.800070320E-1,2.575000000E1
1.826320320E-1,2.575000000E1
1.852560320E-1,2.575000000E1
1.878810320E-1,2.575000000E1
1.905050320E-1,2.575000000E1
1.931300320E-1,2.575000000E1
1.957540320E-1,2.575000000E1
1.983790320E-1,2.575000000E1
2.010030320E-1,2.575000000E1
2.036280320E-1,2.575000000E1
2.062520320E-1,2.575000000E1
2.088770320E-1,2.575000000E1
2.115010320E-1,2.575000000E1
2.141260320E-1,2.575000000E1
2.167500320E-1,2.575000000E1
2.193750320E-1,2.575000000E1
2.219990320E-1,2.575000000E1
2.246240320E-1,2.575000000E1
2.272480320E-1,2.575000000E1
2.298730320E-1,2.575000000E1
2.324970320E-1,2.575000000E1
2.351220320E-1,2.575000000E1
2.377460320E-1,2.575000000E1
2.403710320E-1,2.575000000E1
2.429950320E-1,2.575000000E1
2.456200320E-1,2.575000000E1
2.482450320E-1,2.575000000E1
2.508690320E-1,2.575000000E1
2.534940320E-1,2.575000000E1
2.561180320E-1,2.575000000E1
2.587430320E-1,2.575000000E1
2.613670320E-1,2.575000000E1
2.639920320E-1,2.575000000E1
2.666160320E-1,2.575000000E1
2.692410320E-1,2.575000000E1
2.718650320E-1,2.575000000E1
2.744900320E-1,2.575000000E1
2.771140320E-1,2.575000000E1
2.797390320E-1,2.575000000E1
2.823630320E-1,2.575000000E1
2.849880320E-1,2.575000000E1
2.876120320E-1,2.575000000E1
2.902370320E-1,2.575000000E1
2.928610320E-1,2.575000000E1
2.954860320E-1,2.575000000E1
2.981100320E-1,2.575000000E1
3.007350320E-1,2.575000000E1
3.033590320E-1,2.575000000E1
3.059840320E-1,2.575000000E1
3.086080320E-1,2.575000000E1
3.112330320E-1,2.575000000E1
3.138570320E-1,2.575000000E1
3.164820320E-1,2.575000000E1
3.191060320E-1,2.575000000E1
3.217310320E-1,2.575000000E1
3.243550320E-1,2.575000000E1
3.269800320E-1,2.575000000E1
3.296040320E-1,2.575000000E1
3.322290320E-1,2.575000000E1
3.348530320E-1,2.575000000E1
3.374780320E-1,2.575000000E1
3.401020320E-1,2.575000000E1
3.427270320E-1,2.575000000E1
3.453510320E-1,2.575000000E1
3.479760320E-1,2.575000000E1
3.506000320E-1,2.575000000E1
3.532250320E-1,2.575000000E1
3.558490320E-1,2.575000000E1
3.584740320E-1,2.575000000E1
3.610990320E-1,2.575000000E1
3.637230320E-1,2.575000000E1
3.663480320E-1,2.575000000E1
3.689720320E-1,2.575000000E1
3.715970320E-1,2.575000000E1
3.742210320E-1,2.575000000E1
3.768460320E-1,2.575000000E1
3.794700320E-1,2.575000000E1
3.820950320E-1,2.575000000E1
3.847190320E-1,2.575000000E1
3.873440320E-1,2.575000000E1
3.899680320E-1,2.575000000E1
3.925930320E-1,2.575000000E1
3.952170320E-1,2.575000000E1
3.978420320E-1,2.575000000E1
4.004660320E-1,2.575000000E1
4.030910320E-1,2.575000000E1
4.057150320E-1,2.575000000E1
4.083400320E-1,2.575000000E1
4.109640320E-1,2.575000000E1
4.135890320E-1,2.575000000E1
4.162130320E-1,2.575000000E1
4.188380320E-1,2.575000000E1
4.214620320E-1,2.575000000E1
4.240870320E-1,2.575000000E1
4.267110320E-1,2.575000000E1
4.293360320E-1,2.575000000E1
4.319600320E-1,2.575000000E1
4.345850320E-1,2.575000000E1
4.372090320E-1,2.575000000E1
4.398340320E-1,2.575000000E1
4.424580320E-1,2.575000000E1
4.450830320E-1,2.575000000E1
4.477070320E-1,2.575000000E1
4.503320320E-1,2.575000000E1
4.529560320E-1,2.575000000E1
4.555810320E-1,2.575000000E1
4.582050320E-1,2.575000000E1
4.608300320E-1,2.575000000E1
4.634540320E-1,2.575000000E1
4.660790320E-1,2.575000000E1
4.687030320E-1,2.575000000E1
4.713280320E-1,2.575000000E1
4.739530320E-1,2.575000000E1
4.765770320E-1,2.575000000E1
4.792020320E-1,2.575000000E1
4.818260320E-1,2.575000000E1
4.844510320E-1,2.575000000E1
4.870750320E-1,2.575000000E1
4.897000320E-1,2.575000000E1
4.923240320E-1,2.575000000E1
4.949490320E-1,2.575000000E1
4.975730320E-1,2.575000000E1
5.001980320E-1,2.575000000E1
5.028220320E-1,2.575000000E1
5.054470320E-1,2.575000000E1
5.080710320E-1,2.575000000E1
5.106960320E-1,2.575000000E1
5.133200320E-1,2.575000000E1
5.159450320E-1,2.575000000E1
5.185690320E-1,2.575000000E1
5.211940320E-1,2.575000000E1
5.238180320E-1,2.575000000E1
5.264430320E-1,2.575000000E1
5.290670320E-1,2.575000000E1
5.316920320E-1,2.575000000E1
5.343160320E-1,2.575000000E1
5.369410320E-1,2.575000000E1
5.395650320E-1,2.575000000E1
5.421900320E-1,2.575000000E1
5.448140320E-1,2.575000000E1
5.474390320E-1,2.575000000E1
5.500630320E-1,2.575000000E1
5.526880320E-1,2.575000000E1
5.553120320E-1,2.575000000E1
5.579370320E-1,2.575000000E1
5.605610320E-1,2.575000000E1
5.631860320E-1,2.575000000E1
5.658100320E-1,2.575000000E1
5.684350320E-1,2.575000000E1
5.710590320E-1,2.575000000E1
5.736840320E-1,2.575000000E1
5.763080320E-1,2.575000000E1
5.789330320E-1,2.575000000E1
5.815570320E-1,2.575000000E1
5.841820320E-1,2.575000000E1
5.868070320E-1,2.575000000E1
5.894310320E-1,2.575000000E1
5.920560320E-1,2.575000000E1
5.946800320E-1,2.575000000E1
5.973050320E-1,2.575000000E1
5.999290320E-1,2.575000000E1
6.025540320E-1,2.575000000E1
6.051780320E-1,2.575000000E1
6.078030320E-1,2.575000000E1
6.104270320E-1,2.575000000E1
6.130520320E-1,2.575000000E1
6.156760320E-1,2.575000000E1
6.183010320E-1,2.575000000E1
6.209250320E-1,2.575000000E1
6.235500320E-1,2.575000000E1
6.261740320E-1,2.575000000E1
6.287990320E-1,2.575000000E1
6.314230320E-1,2.575000000E1
6.340480320E-1,2.575000000E1
6.366720320E-1,2.575000000E1
6.392970320E-1,2.575000000E1
6.419210320E-1,2.575000000E1
6.445460320E-1,2.575000000E1
6.471700320E-1,2.575000000E1
6.497950320E-1,2.575000000E1
6.524190320E-1,2.575000000E1
6.550440320E-1,2.575000000E1
6.576680320E-1,2.575000000E1
6.602930320E-1,2.575000000E1
6.629170320E-1,2.575000000E1
6.655420320E-1,2.575000000E1
6.681660320E-1,2.575000000E1
6.707910320E-1,2.575000000E1
6.734150320E-1,2.575000000E1
6.760400320E-1,2.575000000E1
6.786640320E-1,2.575000000E1
6.812890320E-1,2.575000000E1
6.839130320E-1,2.575000000E1
6.865380320E-1,2.575000000E1
6.891620320E-1,2.575000000E1
6.917870320E-1,2.575000000E1
6.944110320E-1,2.575000000E1
6.970360320E-1,2.575000000E1
6.996610320E-1,2.575000000E1
7.022850320E-1,2.575000000E1
7.049100320E-1,2.575000000E1
7.075340320E-1,2.575000000E1
7.101590320E-1,2.575000000E1
7.127830320E-1,2.575000000E1
7.154080320E-1,2.575000000E1
7.180320320E-1,2.575000000E1
7.206570320E-1,2.575000000E1
7.232810320E-1,2.575000000E1
7.259060320E-1,2.575000000E1
7.285300320E-1,2.575000000E1
7.311550320E-1,2.575000000E1
7.337790320E-1,2.575000000E1
7.364040320E-1,2.575000000E1
7.390280320E-1,2.575000000E1
7.416530320E-1,2.575000000E1
7.442770320E-1,2.575000000E1
7.469020320E-1,2.575000000E1
7.495260320E-1,2.575000000E1
7.521510320E-1,2.575000000E1
7.547750320E-1,2.575000000E1
7.574000320E-1,2.575000000E1
7.600240320E-1,2.575000000E1
7.626490320E-1,2.575000000E1
7.652730320E-1,2.575000000E1
7.678980320E-1,2.575000000E1
7.705220320E-1,2.575000000E1
7.731470320E-1,2.575000000E1
7.757710320E-1,2.575000000E1
7.783960320E-1,2.575000000E1
7.810200320E-1,2.575000000E1
7.836450320E-1,2.575000000E1
7.862690320E-1,2.575000000E1
7.888940320E-1,2.575000000E1
7.915180320E-1,2.575000000E1
7.941430320E-1,2.575000000E1
7.967670320E-1,2.575000000E1
7.993920320E-1,2.575000000E1
8.020160320E-1,2.575000000E1
8.046410320E-1,2.575000000E1
8.072660320E-1,2.575000000E1
8.098900320E-1,2.575000000E1
8.125150320E-1,2.575000000E1
8.151390320E-1,2.575000000E1
8.177640320E-1,2.575000000E1
8.203880320E-1,2.575000000E1
8.230130320E-1,2.575000000E1
8.256370320E-1,2.575000000E1
8.282620320E-1,2.575000000E1
8.308860320E-1,2.575000000E1
8.335110320E-1,2.575000000E1
8.361350320E-1,2.575000000E1
8.387600320E-1,2.575000000E1
8.413840320E-1,2.575000000E1
8.440090320E-1,2.575000000E1
8.466330320E-1,2.575000000E1
8.492580320E-1,2.575000000E1
8.518820320E-1,2.575000000E1
8.545070320E-1,2.575000000E1
8.571310320E-1,2.575000000E1
8.597560320E-1,2.575000000E1
8.623800320E-1,2.575000000E1
8.650050320E-1,2.575000000E1
8.676290320E-1,2.575000000E1
8.702540320E-1,2.575000000E1
8.728780320E-1,2.575000000E1
8.755030320E-1,2.575000000E1
8.781270320E-1,2.575000000E1
8.807520320E-1,2.575000000E1
8.833760320E-1,2.575000000E1
8.860010320E-1,2.575000000E1
8.886250320E-1,2.575000000E1
8.912500320E-1,2.575000000E1
8.938740320E-1,2.575000000E1
8.964990320E-1,2.575000000E1
8.991230320E-1,2.575000000E1
9.017480320E-1,2.575000000E1
9.043720320E-1,2.575000000E1
9.069970320E-1,2.575000000E1
9.096210320E-1,2.575000000E1
9.122460320E-1,2.575000000E1
9.148700320E-1,2.575000000E1
9.174950320E-1,2.575000000E1
9.201200320E-1,2.575000000E1
9.227440320E-1,2.575000000E1
9.253690320E-1,2.575000000E1
9.279930320E-1,2.575000000E1
9.306180320E-1,2.575000000E1
9.332420320E-1,2.575000000E1
9.358670320E-1,2.575000000E1
9.384910320E-1,2.575000000E1
9.411160320E-1,2.575000000E1
9.437400320E-1,2.575000000E1
9.463650320E-1,2.575000000E1
9.489890320E-1,2.575000000E1
9.516140320E-1,2.575000000E1
9.542380320E-1,2.575000000E1
9.568630320E-1,2.575000000E1
9.594870320E-1,2.575000000E1
9.621120320E-1,2.575000000E1
9.647360320E-1,2.575000000E1
9.673610320E-1,2.575000000E1
9.699850320E-1,2.575000000E1
9.726100320E-1,2.575000000E1
9.752340320E-1,2.575000000E1
9.778590320E-1,2.575000000E1
9.804830320E-1,2.575000000E1
9.831080320E-1,2.575000000E1
9.857320320E-1,2.575000000E1
9.883570320E-1,2.575000000E1
9.909810320E-1,2.575000000E1
9.936060320E-1,2.575000000E1
9.962300320E-1,2.575000000E1
9.988550320E-1,2.575000000E1
1.001479032E0,2.575000000E1
1.004104032E0,2.575000000E1
1.006728032E0,2.575000000E1
1.009353032E0,2.575000000E1
1.011977032E0,2.575000000E1
1.014602032E0,2.575000000E1
1.017226032E0,2.575000000E1
1.019851032E0,2.575000000E1
1.022475032E0,2.575000000E1
1.025100032E0,2.575000000E1
1.027724032E0,2.575000000E1
1.030349032E0,2.575000000E1
1.032974032E0,2.575000000E1
1.035598032E0,2.575000000E1
1.038223032E0,2.575000000E1
1.040847032E0,2.575000000E1
1.043472032E0,2.575000000E1
1.046096032E0,2.575000000E1
1.048721032E0,2.575000000E1
1.051345032E0,2.575000000E1
1.053970032E0,2.575000000E1
1.056594032E0,2.575000000E1
1.059219032E0,2.575000000E1
1.061843032E0,2.575000000E1
1.064468032E0,2.575000000E1
1.067092032E0,2.575000000E1
1.069717032E0,2.575000000E1
1.072341032E0,2.575000000E1
1.074966032E0,2.575000000E1
1.077590032E0,2.575000000E1
1.080215032E0,2.575000000E1
1.082839032E0,2.575000000E1
1.085464032E0,2.575000000E1
1.088088032E0,2.575000000E1
1.090713032E0,2.575000000E1
1.093337032E0,2.575000000E1
1.095962032E0,2.575000000E1
1.098586032E0,2.575000000E1
1.101211032E0,2.575000000E1
1.103835032E0,2.575000000E1
1.106460032E0,2.575000000E1
1.109084032E0,2.575000000E1
1.111709032E0,2.575000000E1
1.114333032E0,2.575000000E1
1.116958032E0,2.575000000E1
1.119582032E0,2.575000000E1
1.122207032E0,2.575000000E1
1.124831032E0,2.575000000E1
1.127456032E0,2.575000000E1
1.130080032E0,2.575000000E1
1.132705032E0,2.575000000E1
1.135329032E0,2.575000000E1
1.137954032E0,2.575000000E1
1.140578032E0,2.575000000E1
1.143203032E0,2.575000000E1
1.145828032E0,2.575000000E1
1.148452032E0,2.575000000E1
1.151077032E0,2.575000000E1
1.153701032E0,2.575000000E1
1.156326032E0,2.575000000E1
1.158950032E0,2.575000000E1
1.161575032E0,2.575000000E1
1.164199032E0,2.575000000E1
1.166824032E0,2.575000000E1
1.169448032E0,2.575000000E1
1.172073032E0,2.575000000E1
1.174697032E0,2.575000000E1
1.177322032E0,2.575000000E1
1.179946032E0,2.575000000E1
1.182571032E0,2.575000000E1
1.185195032E0,2.575000000E1
1.187820032E0,2.575000000E1
1.190444032E0,2.575000000E1
1.193069032E0,2.575000000E1
1.195693032E0,2.575000000E1
1.198318032E0,2.575000000E1
1.200942032E0,2.575000000E1
1.203567032E0,2.575000000E1
1.206191032E0,2.575000000E1
1.208816032E0,2.575000000E1
1.211440032E0,2.575000000E1
1.214065032E0,2.575000000E1
1.216689032E0,2.575000000E1
1.219314032E0,2.575000000E1
1.221938032E0,2.575000000E1
1.224563032E0,2.575000000E1
1.227187032E0,2.575000000E1
1.229812032E0,2.575000000E1
1.232436032E0,2.575000000E1
1.235061032E0,2.575000000E1
1.237685032E0,2.575000000E1
1.240310032E0,2.575000000E1
1.242934032E0,2.575000000E1
1.245559032E0,2.575000000E1
1.248183032E0,2.575000000E1
1.250808032E0,2.575000000E1
1.253432032E0,2.575000000E1
1.256057032E0,2.575000000E1
1.258682032E0,2.575000000E1
1.261306032E0,2.575000000E1
1.263931032E0,2.575000000E1
1.266555032E0,2.575000000E1
1.269180032E0,2.575000000E1
1.271804032E0,2.575000000E1
1.274429032E0,2.575000000E1
1.277053032E0,2.575000000E1
1.279678032E0,2.575000000E1
1.282302032E0,2.575000000E1
1.284927032E0,2.575000000E1
1.287551032E0,2.575000000E1
1.290176032E0,2.575000000E1
1.292800032E0,2.575000000E1
1.295425032E0,2.575000000E1
1.298049032E0,2.575000000E1
1.300674032E0,2.575000000E1
1.303298032E0,2.575000000E1
1.305923032E0,2.575000000E1
1.308547032E0,2.575000000E1
1.311172032E0,2.575000000E1
1.313796032E0,2.575000000E1
1.316421032E0,2.575000000E1
1.319045032E0,2.575000000E1
1.321670032E0,2.575000000E1
1.324294032E0,2.575000000E1
1.326919032E0,2.575000000E1
1.329543032E0,2.575000000E1
1.332168032E0,2.575000000E1
1.334792032E0,2.575000000E1
1.337417032E0,2.575000000E1
1.340041032E0,2.575000000E1
1.342666032E0,2.575000000E1
1.345290032E0,2.575000000E1
1.347915032E0,2.575000000E1
1.350539032E0,2.575000000E1
1.353164032E0,2.575000000E1
1.355788032E0,2.575000000E1
1.358413032E0,2.575000000E1
1.361037032E0,2.575000000E1
1.363662032E0,2.575000000E1
1.366286032E0,2.575000000E1
1.368911032E0,2.575000000E1
1.371536032E0,2.575000000E1
1.374160032E0,2.575000000E1
1.376785032E0,2.575000000E1
1.379409032E0,2.575000000E1
1.382034032E0,2.575000000E1
1.384658032E0,2.575000000E1
1.387283032E0,2.575000000E1
1.389907032E0,2.575000000E1
1.392532032E0,2.575000000E1
1.395156032E0,2.575000000E1
1.397781032E0,2.575000000E1
1.400405032E0,2.575000000E1
1.403030032E0,2.575000000E1
1.405654032E0,2.575000000E1
1.408279032E0,2.575000000E1
1.410903032E0,2.575000000E1
1.413528032E0,2.575000000E1
1.416152032E0,2.575000000E1
1.418777032E0,2.575000000E1
1.421401032E0,2.575000000E1
1.424026032E0,2.575000000E1
1.426650032E0,2.575000000E1
1.429275032E0,2.575000000E1
1.431899032E0,2.575000000E1
1.434524032E0,2.575000000E1
1.437148032E0,2.575000000E1
1.439773032E0,2.575000000E1
1.442397032E0,2.575000000E1
1.445022032E0,2.575000000E1
1.447646032E0,2.575000000E1
1.450271032E0,2.575000000E1
1.452895032E0,2.575000000E1
1.455520032E0,2.575000000E1
1.458144032E0,2.575000000E1
1.460769032E0,2.575000000E1
1.463393032E0,2.575000000E1
1.466018032E0,2.575000000E1
1.468642032E0,2.575000000E1
1.471267032E0,2.575000000E1
1.473891032E0,2.575000000E1
1.476516032E0,2.575000000E1
1.479141032E0,2.575000000E1
1.481765032E0,2.575000000E1
1.484390032E0,2.575000000E1
1.487014032E0,2.575000000E1
1.489639032E0,2.575000000E1
1.492263032E0,2.575000000E1
1.494888032E0,2.575000000E1
1.497512032E0,2.575000000E1
1.500137032E0,2.575000000E1
1.502761032E0,2.575000000E1
1.505386032E0,2.575000000E1
1.508010032E0,2.575000000E1
1.510635032E0,2.575000000E1
1.513259032E0,2.575000000E1
1.515884032E0,2.575000000E1
1.518508032E0,2.575000000E1
1.521133032E0,2.575000000E1
1.523757032E0,2.575000000E1
1.526382032E0,2.575000000E1
1.529006032E0,2.575000000E1
1.531631032E0,2.575000000E1
1.534255032E0,2.575000000E1
1.536880032E0,2.575000000E1
1.539504032E0,2.575000000E1
1.542129032E0,2.575000000E1
1.544753032E0,2.575000000E1
1.547378032E0,2.575000000E1
1.550002032E0,2.575000000E1
1.552627032E0,2.575000000E1
1.555251032E0,2.575000000E1
1.557876032E0,2.575000000E1
1.560500032E0,2.575000000E1
1.563125032E0,2.575000000E1
1.565749032E0,2.575000000E1
1.568374032E0,2.575000000E1
1.570998032E0,2.575000000E1
1.573623032E0,2.575000000E1
1.576247032E0,2.575000000E1
1.578872032E0,2.575000000E1
1.581496032E0,2.575000000E1
1.584121032E0,2.575000000E1
1.586745032E0,2.575000000E1
1.589370032E0,2.575000000E1
1.591995032E0,2.575000000E1
1.594619032E0,2.575000000E1
1.597244032E0,2.575000000E1
1.599868032E0,2.575000000E1
1.602493032E0,2.575000000E1
1.605117032E0,2.575000000E1
1.607742032E0,2.575000000E1
1.610366032E0,2.575000000E1
1.612991032E0,2.575000000E1
1.615615032E0,2.575000000E1
1.618240032E0,2.575000000E1
1.620864032E0,2.575000000E1
1.623489032E0,2.575000000E1
1.626113032E0,2.575000000E1
1.628738032E0,2.575000000E1
1.631362032E0,2.575000000E1
1.633987032E0,2.575000000E1
1.636611032E0,2.575000000E1
1.639236032E0,2.575000000E1
1.641860032E0,2.575000000E1
1.644485032E0,2.575000000E1
1.647109032E0,2.575000000E1
1.649734032E0,2.575000000E1
1.652358032E0,2.575000000E1
1.654983032E0,2.575000000E1
1.657607032E0,2.575000000E1
1.660232032E0,2.575000000E1
1.662856032E0,2.575000000E1
1.665481032E0,2.575000000E1
1.668105032E0,2.575000000E1
1.670730032E0,2.575000000E1
1.673354032E0,2.575000000E1
1.675979032E0,2.575000000E1
1.678603032E0,2.575000000E1
1.681228032E0,2.575000000E1
1.683852032E0,2.575000000E1
1.686477032E0,2.575000000E1
1.689101032E0,2.575000000E1
1.691726032E0,2.575000000E1
1.694350032E0,2.575000000E1
1.696975032E0,2.575000000E1
1.699599032E0,2.575000000E1
1.702224032E0,2.575000000E1
1.704849032E0,2.575000000E1
1.707473032E0,2.575000000E1
1.710098032E0,2.575000000E1
1.712722032E0,2.575000000E1
1.715347032E0,2.575000000E1
1.717971032E0,2.575000000E1
1.720596032E0,2.575000000E1
1.723220032E0,2.575000000E1
1.725845032E0,2.575000000E1
1.728469032E0,2.575000000E1
1.731094032E0,2.575000000E1
1.733718032E0,2.575000000E1
1.736343032E0,2.575000000E1
1.738967032E0,2.575000000E1
1.741592032E0,2.575000000E1
1.744216032E0,2.575000000E1
1.746841032E0,2.575000000E1
1.749465032E0,2.575000000E1
1.752090032E0,2.575000000E1
1.754714032E0,2.575000000E1
1.757339032E0,2.575000000E1
1.759963032E0,2.575000000E1
1.762588032E0,2.575000000E1
1.765212032E0,2.575000000E1
1.767837032E0,2.575000000E1
1.770461032E0,2.575000000E1
1.773086032E0,2.575000000E1
1.775710032E0,2.575000000E1
1.778335032E0,2.575000000E1
1.780959032E0,2.575000000E1
1.783584032E0,2.575000000E1
1.786208032E0,2.575000000E1
1.788833032E0,2.575000000E1
1.791457032E0,2.575000000E1
1.794082032E0,2.575000000E1
1.796706032E0,2.575000000E1
1.799331032E0,2.575000000E1
1.801955032E0,2.575000000E1
1.804580032E0,2.575000000E1
1.807204032E0,2.575000000E1
1.809829032E0,2.575000000E1
1.812453032E0,2.575000000E1
1.815078032E0,2.575000000E1
1.817703032E0,2.575000000E1
1.820327032E0,2.575000000E1
1.822952032E0,2.575000000E1
1.825576032E0,2.575000000E1
1.828201032E0,2.575000000E1
1.830825032E0,2.575000000E1
1.833450032E0,2.575000000E1
1.836074032E0,2.575000000E1
1.838699032E0,2.575000000E1
1.841323032E0,2.575000000E1
1.843948032E0,2.575000000E1
1.846572032E0,2.575000000E1
1.849197032E0,2.575000000E1
1.851821032E0,2.575000000E1
1.854446032E0,2.575000000E1
1.857070032E0,2.575000000E1
1.859695032E0,2.575000000E1
1.862319032E0,2.575000000E1
1.864944032E0,2.575000000E1
1.867568032E0,2.575000000E1
1.870193032E0,2.575000000E1
1.872817032E0,2.575000000E1
1.875442032E0,2.575000000E1
1.878066032E0,2.575000000E1
1.880691032E0,2.575000000E1
1.883315032E0,2.575000000E1
1.885940032E0,2.575000000E1
1.888564032E0,2.575000000E1
1.891189032E0,2.575000000E1
1.893813032E0,2.575000000E1
1.896438032E0,2.575000000E1
1.899062032E0,2.575000000E1
1.901687032E0,2.575000000E1
1.904311032E0,2.575000000E1
1.906936032E0,2.575000000E1
1.909560032E0,2.575000000E1
1.912185032E0,2.575000000E1
1.914809032E0,2.575000000E1
1.917434032E0,2.575000000E1
1.920058032E0,2.575000000E1
1.922683032E0,2.575000000E1
1.925307032E0,2.575000000E1
1.927932032E0,2.575000000E1
1.930557032E0,2.575000000E1
1.933181032E0,2.575000000E1
1.935806032E0,2.575000000E1
1.938430032E0,2.575000000E1
1.941055032E0,2.575000000E1
1.943679032E0,2.575000000E1
1.946304032E0,2.575000000E1
1.948928032E0,2.575000000E1
1.951553032E0,2.575000000E1
1.954177032E0,2.575000000E1
1.956802032E0,2.575000000E1
1.959426032E0,2.575000000E1
1.962051032E0,2.575000000E1
1.964675032E0,2.575000000E1
1.967300032E0,2.575000000E1
1.969924032E0,2.575000000E1
1.972549032E0,2.575000000E1
1.975173032E0,2.575000000E1
1.977798032E0,2.575000000E1
1.980422032E0,2.575000000E1
1.983047032E0,2.575000000E1
1.985671032E0,2.575000000E1
1.988296032E0,2.575000000E1
1.990920032E0,2.575000000E1
1.993545032E0,2.575000000E1
1.996169032E0,2.575000000E1
1.998794032E0,2.575000000E1
2.001418032E0,2.575000000E1
2.004043032E0,2.575000000E1
2.006667032E0,2.575000000E1
2.009292032E0,2.575000000E1
2.011916032E0,2.575000000E1
2.014541032E0,2.575000000E1
2.017165032E0,2.575000000E1
2.019790032E0,2.575000000E1
2.022414032E0,2.575000000E1
2.025039032E0,2.575000000E1
2.027663032E0,2.575000000E1
2.030288032E0,2.575000000E1
2.032912032E0,2.575000000E1
2.035537032E0,2.575000000E1
2.038161032E0,2.575000000E1
2.040786032E0,2.575000000E1
2.043411032E0,2.575000000E1
2.046035032E0,2.575000000E1
2.048660032E0,2.575000000E1
2.051284032E0,2.575000000E1
2.053909032E0,2.575000000E1
2.056533032E0,2.575000000E1
2.059158032E0,2.575000000E1
2.061782032E0,2.575000000E1
2.064407032E0,2.575000000E1
2.067031032E0,2.575000000E1
2.069656032E0,2.575000000E1
2.072280032E0,2.575000000E1
2.074905032E0,2.575000000E1
2.077529032E0,2.575000000E1
2.080154032E0,2.575000000E1
2.082778032E0,2.575000000E1
2.085403032E0,2.575000000E1
2.088027032E0,2.575000000E1
2.090652032E0,2.575000000E1
2.093276032E0,2.575000000E1
2.095901032E0,2.575000000E1
2.098525032E0,2.575000000E1
2.101150032E0,2.575000000E1
2.103774032E0,2.575000000E1
2.106399032E0,2.575000000E1
2.109023032E0,2.575000000E1
2.111648032E0,2.575000000E1
2.114272032E0,2.575000000E1
2.116897032E0,2.575000000E1
2.119521032E0,2.575000000E1
2.122146032E0,2.575000000E1
2.124770032E0,2.575000000E1
2.127395032E0,2.575000000E1
2.130019032E0,2.575000000E1
2.132644032E0,2.575000000E1
2.135268032E0,2.575000000E1
2.137893032E0,2.575000000E1
2.140517032E0,2.575000000E1
2.143142032E0,2.575000000E1
2.145766032E0,2.575000000E1
2.148391032E0,2.575000000E1
2.151016032E0,2.575000000E1
2.153640032E0,2.575000000E1
2.156265032E0,2.575000000E1
2.158889032E0,2.575000000E1
2.161514032E0,2.575000000E1
2.164138032E0,2.575000000E1
2.166763032E0,2.575000000E1
2.169387032E0,2.575000000E1
2.172012032E0,2.575000000E1
2.174636032E0,2.575000000E1
2.177261032E0,2.575000000E1
2.179885032E0,2.575000000E1
2.182510032E0,2.575000000E1
2.185134032E0,2.575000000E1
2.187759032E0,2.575000000E1
2.190383032E0,2.575000000E1
2.193008032E0,2.575000000E1
2.195632032E0,2.575000000E1
2.198257032E0,2.575000000E1
2.200881032E0,2.575000000E1
2.203506032E0,2.575000000E1
2.206130032E0,2.575000000E1
2.208755032E0,2.575000000E1
2.211379032E0,2.575000000E1
2.214004032E0,2.575000000E1
2.216628032E0,2.575000000E1
2.219253032E0,2.575000000E1
2.221877032E0,2.575000000E1
2.224502032E0,2.575000000E1
2.227126032E0,2.575000000E1
2.229751032E0,2.575000000E1
2.232375032E0,2.575000000E1
2.235000032E0,2.575000000E1
2.237624032E0,2.575000000E1
2.240249032E0,2.575000000E1
2.242873032E0,2.575000000E1
2.245498032E0,2.575000000E1
2.248122032E0,2.575000000E1
2.250747032E0,2.575000000E1
2.253371032E0,2.575000000E1
2.255996032E0,2.575000000E1
2.258620032E0,2.575000000E1
2.261245032E0,2.575000000E1
2.263870032E0,2.575000000E1
2.266494032E0,2.575000000E1
2.269119032E0,2.575000000E1
2.271743032E0,2.575000000E1
2.274368032E0,2.575000000E1
2.276992032E0,2.575000000E1
2.279617032E0,2.575000000E1
2.282241032E0,2.575000000E1
2.284866032E0,2.575000000E1
2.287490032E0,2.575000000E1
2.290115032E0,2.575000000E1
2.292739032E0,2.575000000E1
2.295364032E0,2.575000000E1
2.297988032E0,2.575000000E1
2.300613032E0,2.575000000E1
2.303237032E0,2.575000000E1
2.305862032E0,2.575000000E1
2.308486032E0,2.575000000E1
2.311111032E0,2.575000000E1
2.313735032E0,2.575000000E1
2.316360032E0,2.575000000E1
2.318984032E0,2.575000000E1
2.321609032E0,2.575000000E1
2.324233032E0,2.575000000E1
2.326858032E0,2.575000000E1
2.329482032E0,2.575000000E1
2.332107032E0,2.575000000E1
2.334731032E0,2.575000000E1
2.337356032E0,2.575000000E1
2.339980032E0,2.575000000E1
2.342605032E0,2.575000000E1
2.345229032E0,2.575000000E1
2.347854032E0,2.575000000E1
2.350478032E0,2.575000000E1
2.353103032E0,2.575000000E1
2.355727032E0,2.575000000E1
2.358352032E0,2.575000000E1
2.360976032E0,2.575000000E1
2.363601032E0,2.575000000E1
2.366225032E0,2.575000000E1
2.368850032E0,2.575000000E1
2.371474032E0,2.575000000E1
2.374099032E0,2.575000000E1
2.376724032E0,2.575000000E1
2.379348032E0,2.575000000E1
2.381973032E0,2.575000000E1
2.384597032E0,2.575000000E1
2.387222032E0,2.575000000E1
2.389846032E0,2.575000000E1
2.392471032E0,2.575000000E1
2.395095032E0,2.575000000E1
2.397720032E0,2.575000000E1
2.400344032E0,2.575000000E1
2.402969032E0,2.575000000E1
2.405593032E0,2.575000000E1
2.408218032E0,2.575000000E1
2.410842032E0,2.575000000E1
2.413467032E0,2.575000000E1
2.416091032E0,2.575000000E1
2.418716032E0,2.575000000E1
2.421340032E0,2.575000000E1
2.423965032E0,2.575000000E1
2.426589032E0,2.575000000E1
2.429214032E0,2.575000000E1
2.431838032E0,2.575000000E1
2.434463032E0,2.575000000E1
2.437087032E0,2.575000000E1
2.439712032E0,2.575000000E1
2.442336032E0,2.575000000E1
2.444961032E0,2.575000000E1
2.447585032E0,2.575000000E1
2.450210032E0,2.575000000E1
2.452834032E0,2.575000000E1
2.455459032E0,2.575000000E1
2.458083032E0,2.575000000E1
2.460708032E0,2.575000000E1
2.463332032E0,2.575000000E1
2.465957032E0,2.575000000E1
2.468581032E0,2.575000000E1
2.471206032E0,2.575000000E1
2.473830032E0,2.575000000E1
2.476455032E0,2.575000000E1
2.479079032E0,2.575000000E1
2.481704032E0,2.575000000E1
2.484328032E0,2.575000000E1
2.486953032E0,2.575000000E1
2.489578032E0,2.575000000E1
2.492202032E0,2.575000000E1
2.494827032E0,2.575000000E1
2.497451032E0,2.575000000E1
2.500076032E0,2.575000000E1
2.502700032E0,2.575000000E1
2.505325032E0,2.575000000E1
2.507949032E0,2.575000000E1
2.510574032E0,2.575000000E1
2.513198032E0,2.575000000E1
2.515823032E0,2.575000000E1
2.518447032E0,2.575000000E1
2.521072032E0,2.575000000E1
2.523696032E0,2.575000000E1
2.526321032E0,2.575000000E1
2.528945032E0,2.575000000E1
2.531570032E0,2.575000000E1
2.534194032E0,2.575000000E1
2.536819032E0,2.575000000E1
2.539443032E0,2.575000000E1
2.542068032E0,2.575000000E1
2.544692032E0,2.575000000E1
2.547317032E0,2.575000000E1
2.549941032E0,2.575000000E1
2.552566032E0,2.575000000E1
2.555190032E0,2.575000000E1
2.557815032E0,2.575000000E1
2.560439032E0,2.575000000E1
2.563064032E0,2.575000000E1
2.565688032E0,2.575000000E1
2.568313032E0,2.575000000E1
2.570937032E0,2.575000000E1
2.573562032E0,2.575000000E1
2.576186032E0,2.575000000E1
2.578811032E0,2.575000000E1
2.581435032E0,2.575000000E1
2.584060032E0,2.575000000E1
2.586684032E0,2.575000000E1
2.589309032E0,2.575000000E1
2.591933032E0,2.575000000E1
2.594558032E0,2.575000000E1
2.597182032E0,2.575000000E1
2.599807032E0,2.575000000E1
2.602432032E0,2.575000000E1
2.605056032E0,2.575000000E1
2.607681032E0,2.575000000E1
2.610305032E0,2.575000000E1
2.612930032E0,2.575000000E1
2.615554032E0,2.575000000E1
2.618179032E0,2.575000000E1
2.620803032E0,2.575000000E1
2.623428032E0,2.575000000E1
2.626052032E0,2.575000000E1
2.628677032E0,2.575000000E1
2.631301032E0,2.575000000E1
2.633926032E0,2.575000000E1
2.636550032E0,2.575000000E1
2.639175032E0,2.575000000E1
2.641799032E0,2.575000000E1
2.644424032E0,2.575000000E1
2.647048032E0,2.575000000E1
2.649673032E0,2.575000000E1
2.652297032E0,2.575000000E1
2.654922032E0,2.575000000E1
2.657546032E0,2.575000000E1
2.660171032E0,2.575000000E1
2.662795032E0,2.575000000E1
2.665420032E0,2.575000000E1
2.668044032E0,2.575000000E1
2.670669032E0,2.575000000E1
2.673293032E0,2.575000000E1
2.675918032E0,2.575000000E1
2.678542032E0,2.575000000E1
2.681167032E0,2.575000000E1
2.683791032E0,2.575000000E1
2.686416032E0,2.575000000E1
2.689040032E0,2.575000000E1
2.691665032E0,2.575000000E1
2.694289032E0,2.575000000E1
2.696914032E0,2.575000000E1
2.699538032E0,2.575000000E1
2.702163032E0,2.575000000E1
2.704787032E0,2.575000000E1
2.707412032E0,2.575000000E1
2.710036032E0,2.575000000E1
2.712661032E0,2.575000000E1
2.715286032E0,2.575000000E1
2.717910032E0,2.575000000E1
2.720535032E0,2.575000000E1
2.723159032E0,2.575000000E1
2.725784032E0,2.575000000E1
2.728408032E0,2.575000000E1
2.731033032E0,2.575000000E1
2.733657032E0,2.575000000E1
2.736282032E0,2.575000000E1
2.738906032E0,2.575000000E1
2.741531032E0,2.575000000E1
2.744155032E0,2.575000000E1
2.746780032E0,2.575000000E1
2.749404032E0,2.575000000E1
2.752029032E0,2.575000000E1
2.754653032E0,2.575000000E1
2.757278032E0,2.575000000E1
2.759902032E0,2.575000000E1
2.762527032E0,2.575000000E1
2.765151032E0,2.575000000E1
2.767776032E0,2.575000000E1
2.770400032E0,2.575000000E1
2.773025032E0,2.575000000E1
2.775649032E0,2.575000000E1
2.778274032E0,2.575000000E1
2.780898032E0,2.575000000E1
2.783523032E0,2.575000000E1
2.786147032E0,2.575000000E1
2.788772032E0,2.575000000E1
2.791396032E0,2.575000000E1
2.794021032E0,2.575000000E1
2.796645032E0,2.575000000E1
2.799270032E0,2.575000000E1
2.801894032E0,2.575000000E1
2.804519032E0,2.575000000E1
2.807143032E0,2.575000000E1
2.809768032E0,2.575000000E1
2.812392032E0,2.575000000E1
2.815017032E0,2.575000000E1
2.817641032E0,2.575000000E1
2.820266032E0,2.575000000E1
2.822891032E0,2.575000000E1
2.825515032E0,2.575000000E1
2.828140032E0,2.575000000E1
2.830764032E0,2.575000000E1
2.833389032E0,2.575000000E1
2.836013032E0,2.575000000E1
2.838638032E0,2.575000000E1
2.841262032E0,2.575000000E1
2.843887032E0,2.575000000E1
2.846511032E0,2.575000000E1
2.849136032E0,2.575000000E1
2.851760032E0,2.575000000E1
2.854385032E0,2.575000000E1
2.857009032E0,2.575000000E1
2.859634032E0,2.575000000E1
2.862258032E0,2.575000000E1
2.864883032E0,2.575000000E1
2.867507032E0,2.575000000E1
2.870132032E0,2.575000000E1
2.872756032E0,2.575000000E1
2.875381032E0,2.575000000E1
2.878005032E0,2.575000000E1
2.880630032E0,2.575000000E1
2.883254032E0,2.575000000E1
2.885879032E0,2.575000000E1
2.888503032E0,2.575000000E1
2.891128032E0,2.575000000E1
2.893752032E0,2.575000000E1
2.896377032E0,2.575000000E1
2.899001032E0,2.575000000E1
2.901626032E0,2.575000000E1
2.904250032E0,2.575000000E1
2.906875032E0,2.575000000E1
2.909499032E0,2.575000000E1
2.912124032E0,2.575000000E1
2.914748032E0,2.575000000E1
2.917373032E0,2.575000000E1
2.919997032E0,2.575000000E1
2.922622032E0,2.575000000E1
2.925246032E0,2.575000000E1
2.927871032E0,2.575000000E1
2.930495032E0,2.575000000E1
2.933120032E0,2.575000000E1
2.935745032E0,2.575000000E1
2.938369032E0,2.575000000E1
2.940994032E0,2.575000000E1
2.943618032E0,2.575000000E1
2.946243032E0,2.575000000E1
2.948867032E0,2.575000000E1
2.951492032E0,2.575000000E1
2.954116032E0,2.575000000E1
2.956741032E0,2.575000000E1
2.959365032E0,2.575000000E1
2.961990032E0,2.575000000E1
2.964614032E0,2.575000000E1
2.967239032E0,2.575000000E1
2.969863032E0,2.575000000E1
2.972488032E0,2.575000000E1
2.975112032E0,2.575000000E1
2.977737032E0,2.575000000E1
2.980361032E0,2.575000000E1
2.982986032E0,2.575000000E1
2.985610032E0,2.575000000E1
2.988235032E0,2.575000000E1
2.990859032E0,2.575000000E1
2.993484032E0,2.575000000E1
2.996108032E0,2.575000000E1
2.998733032E0,2.575000000E1
3.001357032E0,2.575000000E1
3.003982032E0,2.575000000E1
3.006606032E0,2.575000000E1
3.009231032E0,2.575000000E1
3.011855032E0,2.575000000E1
3.014480032E0,2.575000000E1
3.017104032E0,2.575000000E1
3.019729032E0,2.575000000E1
3.022353032E0,2.575000000E1
3.024978032E0,2.575000000E1
3.027602032E0,2.575000000E1
3.030227032E0,2.575000000E1
3.032851032E0,2.575000000E1
3.035476032E0,2.575000000E1
3.038100032E0,2.575000000E1
3.040725032E0,2.575000000E1
3.043349032E0,2.575000000E1
3.045974032E0,2.575000000E1
3.048599032E0,2.575000000E1
3.051223032E0,2.575000000E1
3.053848032E0,2.575000000E1
3.056472032E0,2.575000000E1
3.059097032E0,2.575000000E1
3.061721032E0,2.575000000E1
3.064346032E0,2.575000000E1
3.066970032E0,2.575000000E1
3.069595032E0,2.575000000E1
3.072219032E0,2.575000000E1
3.074844032E0,2.575000000E1
3.077468032E0,2.575000000E1
3.080093032E0,2.575000000E1
3.082717032E0,2.575000000E1
3.085342032E0,2.575000000E1
3.087966032E0,2.575000000E1
3.090591032E0,2.575000000E1
3.093215032E0,2.575000000E1
3.095840032E0,2.575000000E1
3.098464032E0,2.575000000E1
3.101089032E0,2.575000000E1
3.103713032E0,2.575000000E1
3.106338032E0,2.575000000E1
3.108962032E0,2.575000000E1
3.111587032E0,2.575000000E1
3.114211032E0,2.575000000E1
3.116836032E0,2.575000000E1
3.119460032E0,2.575000000E1
3.122085032E0,2.575000000E1
3.124709032E0,2.575000000E1
3.127334032E0,2.575000000E1
3.129958032E0,2.575000000E1
3.132583032E0,2.575000000E1
3.135207032E0,2.575000000E1
3.137832032E0,2.575000000E1
3.140456032E0,2.575000000E1
3.143081032E0,2.575000000E1
3.145705032E0,2.575000000E1
3.148330032E0,2.575000000E1
3.150954032E0,2.575000000E1
3.153579032E0,2.575000000E1
3.156203032E0,2.575000000E1
3.158828032E0,2.575000000E1
3.161453032E0,2.575000000E1
3.164077032E0,2.575000000E1
3.166702032E0,2.575000000E1
3.169326032E0,2.575000000E1
3.171951032E0,2.575000000E1
3.174575032E0,2.575000000E1
3.177200032E0,2.575000000E1
3.179824032E0,2.575000000E1
3.182449032E0,2.575000000E1
3.185073032E0,2.575000000E1
3.187698032E0,2.575000000E1
3.190322032E0,2.575000000E1
3.192947032E0,2.575000000E1
3.195571032E0,2.575000000E1
3.198196032E0,2.575000000E1
3.200820032E0,2.575000000E1
3.203445032E0,2.575000000E1
3.206069032E0,2.575000000E1
3.208694032E0,2.575000000E1
3.211318032E0,2.575000000E1
3.213943032E0,2.575000000E1
3.216567032E0,2.575000000E1
3.219192032E0,2.575000000E1
3.221816032E0,2.575000000E1
3.224441032E0,2.575000000E1
3.227065032E0,2.575000000E1
3.229690032E0,2.575000000E1
3.232314032E0,2.575000000E1
3.234939032E0,2.575000000E1
3.237563032E0,2.575000000E1
3.240188032E0,2.575000000E1
3.242812032E0,2.575000000E1
3.245437032E0,2.575000000E1
3.248061032E0,2.575000000E1
3.250686032E0,2.575000000E1
3.253310032E0,2.575000000E1
3.255935032E0,2.575000000E1
3.258559032E0,2.575000000E1
3.261184032E0,2.575000000E1
3.263808032E0,2.575000000E1
3.266433032E0,2.575000000E1
3.269057032E0,2.575000000E1
3.271682032E0,2.575000000E1
3.274307032E0,2.575000000E1
3.276931032E0,2.575000000E1
3.279556032E0,2.575000000E1
3.282180032E0,2.575000000E1
3.284805032E0,2.575000000E1
3.287429032E0,2.575000000E1
3.290054032E0,2.575000000E1
3.292678032E0,2.575000000E1
3.295303032E0,2.575000000E1
3.297927032E0,2.575000000E1
3.300552032E0,2.575000000E1
3.303176032E0,2.575000000E1
3.305801032E0,2.575000000E1
3.308425032E0,2.575000000E1
3.311050032E0,2.575000000E1
3.313674032E0,2.575000000E1
3.316299032E0,2.575000000E1
3.318923032E0,2.575000000E1
3.321548032E0,2.575000000E1
3.324172032E0,2.575000000E1
3.326797032E0,2.575000000E1
3.329421032E0,2.575000000E1
3.332046032E0,2.575000000E1
3.334670032E0,2.575000000E1
3.337295032E0,2.575000000E1
3.339919032E0,2.575000000E1
3.342544032E0,2.575000000E1
3.345168032E0,2.575000000E1
3.347793032E0,2.575000000E1
3.350417032E0,2.575000000E1
3.353042032E0,2.575000000E1
3.355666032E0,2.575000000E1
3.358291032E0,2.575000000E1
3.360915032E0,2.575000000E1
3.363540032E0,2.575000000E1
3.366164032E0,2.575000000E1
3.368789032E0,2.575000000E1
3.371413032E0,2.575000000E1
3.374038032E0,2.575000000E1
3.376662032E0,2.575000000E1
3.379287032E0,2.575000000E1
3.381911032E0,2.575000000E1
3.384536032E0,2.575000000E1
3.387161032E0,2.575000000E1
3.389785032E0,2.575000000E1
3.392410032E0,2.575000000E1
3.395034032E0,2.575000000E1
3.397659032E0,2.575000000E1
3.400283032E0,2.575000000E1
3.402908032E0,2.575000000E1
3.405532032E0,2.575000000E1
3.408157032E0,2.575000000E1
3.410781032E0,2.575000000E1
3.413406032E0,2.575000000E1
3.416030032E0,2.575000000E1
3.418655032E0,2.575000000E1
3.421279032E0,2.575000000E1
3.423904032E0,2.575000000E1
3.426528032E0,2.575000000E1
3.429153032E0,2.575000000E1
3.431777032E0,2.575000000E1
3.434402032E0,2.575000000E1
3.437026032E0,2.575000000E1
3.439651032E0,2.575000000E1
3.442275032E0,2.575000000E1
3.444900032E0,2.575000000E1
3.447524032E0,2.575000000E1
3.450149032E0,2.575000000E1
3.452773032E0,2.575000000E1
3.455398032E0,2.575000000E1
3.458022032E0,2.575000000E1
3.460647032E0,2.575000000E1
3.463271032E0,2.575000000E1
3.465896032E0,2.575000000E1
3.468520032E0,2.575000000E1
3.471145032E0,2.575000000E1
3.473769032E0,2.575000000E1
3.476394032E0,2.575000000E1
3.479018032E0,2.575000000E1
3.481643032E0,2.575000000E1
3.484267032E0,2.575000000E1
3.486892032E0,2.575000000E1
3.489516032E0,2.575000000E1
3.492141032E0,2.575000000E1
3.494766032E0,2.575000000E1
3.497390032E0,2.575000000E1
3.500015032E0,2.575000000E1
3.502639032E0,2.575000000E1
3.505264032E0,2.575000000E1
3.507888032E0,2.575000000E1
3.510513032E0,2.575000000E1
3.513137032E0,2.575000000E1
3.515762032E0,2.575000000E1
3.518386032E0,2.575000000E1
3.521011032E0,2.575000000E1
3.523635032E0,2.575000000E1
3.526260032E0,2.575000000E1
3.528884032E0,2.575000000E1
3.531509032E0,2.575000000E1
3.534133032E0,2.575000000E1
3.536758032E0,2.575000000E1
3.539382032E0,2.575000000E1
3.542007032E0,2.575000000E1
3.544631032E0,2.575000000E1
3.547256032E0,2.575000000E1
3.549880032E0,2.575000000E1
3.552505032E0,2.575000000E1
3.555129032E0,2.575000000E1
3.557754032E0,2.575000000E1
3.560378032E0,2.575000000E1
3.563003032E0,2.575000000E1
3.565627032E0,2.575000000E1
3.568252032E0,2.575000000E1
3.570876032E0,2.575000000E1
3.573501032E0,2.575000000E1
3.576125032E0,2.575000000E1
3.578750032E0,2.575000000E1
3.581374032E0,2.575000000E1
3.583999032E0,2.575000000E1
3.586623032E0,2.575000000E1
3.589248032E0,2.575000000E1
3.591872032E0,2.575000000E1
3.594497032E0,2.575000000E1
3.597121032E0,2.575000000E1
3.599746032E0,2.575000000E1
3.602370032E0,2.575000000E1
3.604995032E0,2.575000000E1
3.607620032E0,2.575000000E1
3.610244032E0,2.575000000E1
3.612869032E0,2.575000000E1
3.615493032E0,2.575000000E1
3.618118032E0,2.575000000E1
3.620742032E0,2.575000000E1
3.623367032E0,2.575000000E1
3.625991032E0,2.575000000E1
3.628616032E0,2.575000000E1
3.631240032E0,2.575000000E1
3.633865032E0,2.575000000E1
3.636489032E0,2.575000000E1
3.639114032E0,2.575000000E1
3.641738032E0,2.575000000E1
3.644363032E0,2.575000000E1
3.646987032E0,2.575000000E1
3.649612032E0,2.575000000E1
3.652236032E0,2.575000000E1
3.654861032E0,2.575000000E1
3.657485032E0,2.575000000E1
3.660110032E0,2.575000000E1
3.662734032E0,2.575000000E1
3.665359032E0,2.575000000E1
3.667983032E0,2.575000000E1
3.670608032E0,2.575000000E1
3.673232032E0,2.575000000E1
3.675857032E0,2.575000000E1
3.678481032E0,2.575000000E1
3.681106032E0,2.575000000E1
3.683730032E0,2.575000000E1
3.686355032E0,2.575000000E1
3.688979032E0,2.575000000E1
3.691604032E0,2.575000000E1
3.694228032E0,2.575000000E1
3.696853032E0,2.575000000E1
3.699477032E0,2.575000000E1
3.702102032E0,2.575000000E1
3.704726032E0,2.575000000E1
3.707351032E0,2.575000000E1
3.709975032E0,2.575000000E1
3.712600032E0,2.575000000E1
3.715224032E0,2.575000000E1
3.717849032E0,2.575000000E1
3.720474032E0,2.575000000E1
3.723098032E0,2.575000000E1
3.725723032E0,2.575000000E1
3.728347032E0,2.575000000E1
3.730972032E0,2.575000000E1
3.733596032E0,2.575000000E1
3.736221032E0,2.575000000E1
3.738845032E0,2.575000000E1
3.741470032E0,2.575000000E1
3.744094032E0,2.575000000E1
3.746719032E0,2.575000000E1
3.749343032E0,2.575000000E1
3.751968032E0,2.575000000E1
3.754592032E0,2.575000000E1
3.757217032E0,2.575000000E1
3.759841032E0,2.575000000E1
3.762466032E0,2.575000000E1
3.765090032E0,2.575000000E1
3.767715032E0,2.575000000E1
3.770339032E0,2.575000000E1
3.772964032E0,2.575000000E1
3.775588032E0,2.575000000E1
3.778213032E0,2.575000000E1
3.780837032E0,2.575000000E1
3.783462032E0,2.575000000E1
3.786086032E0,2.575000000E1
3.788711032E0,2.575000000E1
3.791335032E0,2.575000000E1
3.793960032E0,2.575000000E1
3.796584032E0,2.575000000E1
3.799209032E0,2.575000000E1
3.801833032E0,2.575000000E1
3.804458032E0,2.575000000E1
3.807082032E0,2.575000000E1
3.809707032E0,2.575000000E1
3.812331032E0,2.575000000E1
3.814956032E0,2.575000000E1
3.817580032E0,2.575000000E1
3.820205032E0,2.575000000E1
3.822829032E0,2.575000000E1
3.825454032E0,2.575000000E1
3.828078032E0,2.575000000E1
3.830703032E0,2.575000000E1
3.833328032E0,2.575000000E1
3.835952032E0,2.575000000E1
3.838577032E0,2.575000000E1
3.841201032E0,2.575000000E1
3.843826032E0,2.575000000E1
3.846450032E0,2.575000000E1
3.849075032E0,2.575000000E1
3.851699032E0,2.575000000E1
3.854324032E0,2.575000000E1
3.856948032E0,2.575000000E1
3.859573032E0,2.575000000E1
3.862197032E0,2.575000000E1
3.864822032E0,2.575000000E1
3.867446032E0,2.575000000E1
3.870071032E0,2.575000000E1
3.872695032E0,2.575000000E1
3.875320032E0,2.575000000E1
3.877944032E0,2.575000000E1
3.880569032E0,2.575000000E1
3.883193032E0,2.575000000E1
3.885818032E0,2.575000000E1
3.888442032E0,2.575000000E1
3.891067032E0,2.575000000E1
3.893691032E0,2.575000000E1
3.896316032E0,2.575000000E1
3.898940032E0,2.575000000E1
3.901565032E0,2.575000000E1
3.904189032E0,2.575000000E1
3.906814032E0,2.575000000E1
3.909438032E0,2.575000000E1
3.912063032E0,2.575000000E1
3.914687032E0,2.575000000E1
3.917312032E0,2.575000000E1
3.919936032E0,2.575000000E1
3.922561032E0,2.575000000E1
3.925185032E0,2.575000000E1
3.927810032E0,2.575000000E1
3.930434032E0,2.575000000E1
3.933059032E0,2.575000000E1
3.935683032E0,2.575000000E1
3.938308032E0,2.575000000E1
3.940932032E0,2.575000000E1
3.943557032E0,2.575000000E1
3.946182032E0,2.575000000E1
3.948806032E0,2.575000000E1
3.951431032E0,2.575000000E1
3.954055032E0,2.575000000E1
3.956680032E0,2.575000000E1
3.959304032E0,2.575000000E1
3.961929032E0,2.575000000E1
3.964553032E0,2.575000000E1
3.967178032E0,2.575000000E1
3.969802032E0,2.575000000E1
3.972427032E0,2.575000000E1
3.975051032E0,2.575000000E1
3.977676032E0,2.575000000E1
3.980300032E0,2.575000000E1
3.982925032E0,2.575000000E1
3.985549032E0,2.575000000E1
3.988174032E0,2.575000000E1
3.990798032E0,2.575000000E1
3.993423032E0,2.575000000E1
3.996047032E0,2.575000000E1
3.998672032E0,2.575000000E1
4.001296032E0,2.575000000E1
4.003921032E0,2.575000000E1
4.006545032E0,2.575000000E1
4.009170032E0,2.575000000E1
4.011794032E0,2.575000000E1
4.014419032E0,2.575000000E1
4.017043032E0,2.575000000E1
4.019668032E0,2.575000000E1
4.022292032E0,2.575000000E1
4.024917032E0,2.575000000E1
4.027541032E0,2.575000000E1
4.030166032E0,2.575000000E1
4.032790032E0,2.575000000E1
4.035415032E0,2.575000000E1
4.038039032E0,2.575000000E1
4.040664032E0,2.575000000E1
4.043288032E0,2.575000000E1
4.045913032E0,2.575000000E1
4.048537032E0,2.575000000E1
4.051162032E0,2.575000000E1
4.053786032E0,2.575000000E1
4.056411032E0,2.575000000E1
4.059036032E0,2.575000000E1
4.061660032E0,2.575000000E1
4.064285032E0,2.575000000E1
4.066909032E0,2.575000000E1
4.069534032E0,2.575000000E1
4.072158032E0,2.575000000E1
4.074783032E0,2.575000000E1
4.077407032E0,2.575000000E1
4.080032032E0,2.575000000E1
4.082656032E0,2.575000000E1
4.085281032E0,2.575000000E1
4.087905032E0,2.575000000E1
4.090530032E0,2.575000000E1
4.093154032E0,2.575000000E1
4.095779032E0,2.575000000E1
4.098403032E0,2.575000000E1
4.101028032E0,2.575000000E1
4.103652032E0,2.575000000E1
4.106277032E0,2.575000000E1
4.108901032E0,2.575000000E1
4.111526032E0,2.575000000E1
4.114150032E0,2.575000000E1
4.116775032E0,2.575000000E1
4.119399032E0,2.575000000E1
4.122024032E0,2.575000000E1
4.124648032E0,2.575000000E1
4.127273032E0,2.575000000E1
4.129897032E0,2.575000000E1
4.132522032E0,2.575000000E1
4.135146032E0,2.575000000E1
4.137771032E0,2.575000000E1
4.140395032E0,2.575000000E1
4.143020032E0,2.575000000E1
4.145644032E0,2.575000000E1
4.148269032E0,2.575000000E1
4.150893032E0,2.575000000E1
4.153518032E0,2.575000000E1
4.156142032E0,2.575000000E1
4.158767032E0,2.575000000E1
4.161391032E0,2.575000000E1
4.164016032E0,2.575000000E1
4.166641032E0,2.575000000E1
4.169265032E0,2.575000000E1
4.171890032E0,2.575000000E1
4.174514032E0,2.575000000E1
4.177139032E0,2.575000000E1
4.179763032E0,2.575000000E1
4.182388032E0,2.575000000E1
4.185012032E0,2.575000000E1
4.187637032E0,2.575000000E1
4.190261032E0,2.575000000E1
4.192886032E0,2.575000000E1
4.195510032E0,2.575000000E1
4.198135032E0,2.575000000E1
4.200759032E0,2.575000000E1
4.203384032E0,2.575000000E1
4.206008032E0,2.575000000E1
4.208633032E0,2.575000000E1
4.211257032E0,2.575000000E1
4.213882032E0,2.575000000E1
4.216506032E0,2.575000000E1
4.219131032E0,2.575000000E1
4.221755032E0,2.575000000E1
4.224380032E0,2.575000000E1
4.227004032E0,2.575000000E1
4.229629032E0,2.575000000E1
4.232253032E0,2.575000000E1
4.234878032E0,2.575000000E1
4.237502032E0,2.575000000E1
4.240127032E0,2.575000000E1
4.242751032E0,2.575000000E1
4.245376032E0,2.575000000E1
4.248000032E0,2.575000000E1
4.250625032E0,2.575000000E1
4.253249032E0,2.575000000E1
4.255874032E0,2.575000000E1
4.258498032E0,2.575000000E1
4.261123032E0,2.575000000E1
4.263747032E0,2.575000000E1
4.266372032E0,2.575000000E1
4.268996032E0,2.575000000E1
4.271621032E0,2.575000000E1
4.274245032E0,2.575000000E1
4.276870032E0,2.575000000E1
4.279495032E0,2.575000000E1
4.282119032E0,2.575000000E1
4.284744032E0,2.575000000E1
4.287368032E0,2.575000000E1
4.289993032E0,2.575000000E1
4.292617032E0,2.575000000E1
4.295242032E0,2.575000000E1
4.297866032E0,2.575000000E1
4.300491032E0,2.575000000E1
4.303115032E0,2.575000000E1
4.305740032E0,2.575000000E1
4.308364032E0,2.575000000E1
4.310989032E0,2.575000000E1
4.313613032E0,2.575000000E1
4.316238032E0,2.575000000E1
4.318862032E0,2.575000000E1
4.321487032E0,2.575000000E1
4.324111032E0,2.575000000E1
4.326736032E0,2.575000000E1
4.329360032E0,2.575000000E1
4.331985032E0,2.575000000E1
4.334609032E0,2.575000000E1
4.337234032E0,2.575000000E1
4.339858032E0,2.575000000E1
4.342483032E0,2.575000000E1
4.345107032E0,2.575000000E1
4.347732032E0,2.575000000E1
4.350356032E0,2.575000000E1
4.352981032E0,2.575000000E1
4.355605032E0,2.575000000E1
4.358230032E0,2.575000000E1
4.360854032E0,2.575000000E1
4.363479032E0,2.575000000E1
4.366103032E0,2.575000000E1
4.368728032E0,2.575000000E1
4.371352032E0,2.575000000E1
4.373977032E0,2.575000000E1
4.376601032E0,2.575000000E1
4.379226032E0,2.575000000E1
4.381850032E0,2.575000000E1
4.384475032E0,2.575000000E1
4.387099032E0,2.575000000E1
4.389724032E0,2.575000000E1
4.392349032E0,2.575000000E1
4.394973032E0,2.575000000E1
4.397598032E0,2.575000000E1
4.400222032E0,2.575000000E1
4.402847032E0,2.575000000E1
4.405471032E0,2.575000000E1
4.408096032E0,2.575000000E1
4.410720032E0,2.575000000E1
4.413345032E0,2.575000000E1
4.415969032E0,2.575000000E1
4.418594032E0,2.575000000E1
4.421218032E0,2.575000000E1
4.423843032E0,2.575000000E1
4.426467032E0,2.575000000E1
4.429092032E0,2.575000000E1
4.431716032E0,2.575000000E1
4.434341032E0,2.575000000E1
4.436965032E0,2.575000000E1
4.439590032E0,2.575000000E1
4.442214032E0,2.575000000E1
4.444839032E0,2.575000000E1
4.447463032E0,2.575000000E1
4.450088032E0,2.575000000E1
4.452712032E0,2.575000000E1
4.455337032E0,2.575000000E1
4.457961032E0,2.575000000E1
4.460586032E0,2.575000000E1
4.463210032E0,2.575000000E1
4.465835032E0,2.575000000E1
4.468459032E0,2.575000000E1
4.471084032E0,2.575000000E1
4.473708032E0,2.575000000E1
4.476333032E0,2.575000000E1
4.478957032E0,2.575000000E1
4.481582032E0,2.575000000E1
4.484206032E0,2.575000000E1
4.486831032E0,2.575000000E1
4.489455032E0,2.575000000E1
4.492080032E0,2.575000000E1
4.494704032E0,2.575000000E1
4.497329032E0,2.575000000E1
4.499953032E0,2.575000000E1
4.502578032E0,2.575000000E1
4.505203032E0,2.575000000E1
4.507827032E0,2.575000000E1
4.510452032E0,2.575000000E1
4.513076032E0,2.575000000E1
4.515701032E0,2.575000000E1
4.518325032E0,2.575000000E1
4.520950032E0,2.575000000E1
4.523574032E0,2.575000000E1
4.526199032E0,2.575000000E1
4.528823032E0,2.575000000E1
4.531448032E0,2.575000000E1
4.534072032E0,2.575000000E1
4.536697032E0,2.575000000E1
4.539321032E0,2.575000000E1
4.541946032E0,2.575000000E1
4.544570032E0,2.575000000E1
4.547195032E0,2.575000000E1
4.549819032E0,2.575000000E1
4.552444032E0,2.575000000E1
4.555068032E0,2.575000000E1
4.557693032E0,2.575000000E1
4.560317032E0,2.575000000E1
4.562942032E0,2.575000000E1
4.565566032E0,2.575000000E1
4.568191032E0,2.575000000E1
4.570815032E0,2.575000000E1
4.573440032E0,2.575000000E1
4.576064032E0,2.575000000E1
4.578689032E0,2.575000000E1
4.581313032E0,2.575000000E1
4.583938032E0,2.575000000E1
4.586562032E0,2.575000000E1
4.589187032E0,2.575000000E1
4.591811032E0,2.575000000E1
4.594436032E0,2.575000000E1
4.597060032E0,2.575000000E1
4.599685032E0,2.575000000E1
4.602309032E0,2.575000000E1
4.604934032E0,2.575000000E1
4.607558032E0,2.575000000E1
4.610183032E0,2.575000000E1
4.612807032E0,2.575000000E1
4.615432032E0,2.575000000E1
4.618057032E0,2.575000000E1
4.620681032E0,2.575000000E1
4.623306032E0,2.575000000E1
4.625930032E0,2.575000000E1
4.628555032E0,2.575000000E1
4.631179032E0,2.575000000E1
4.633804032E0,2.575000000E1
4.636428032E0,2.575000000E1
4.639053032E0,2.575000000E1
4.641677032E0,2.575000000E1
4.644302032E0,2.575000000E1
4.646926032E0,2.575000000E1
4.649551032E0,2.575000000E1
4.652175032E0,2.575000000E1
4.654800032E0,2.575000000E1
4.657424032E0,2.575000000E1
4.660049032E0,2.575000000E1
4.662673032E0,2.575000000E1
4.665298032E0,2.575000000E1
4.667922032E0,2.575000000E1
4.670547032E0,2.575000000E1
4.673171032E0,2.575000000E1
4.675796032E0,2.575000000E1
4.678420032E0,2.575000000E1
4.681045032E0,2.575000000E1
4.683669032E0,2.575000000E1
4.686294032E0,2.575000000E1
4.688918032E0,2.575000000E1
4.691543032E0,2.575000000E1
4.694167032E0,2.575000000E1
4.696792032E0,2.575000000E1
4.699416032E0,2.575000000E1
4.702041032E0,2.575000000E1
4.704665032E0,2.575000000E1
4.707290032E0,2.575000000E1
4.709914032E0,2.575000000E1
4.712539032E0,2.575000000E1
4.715163032E0,2.575000000E1
4.717788032E0,2.575000000E1
4.720412032E0,2.575000000E1
4.723037032E0,2.575000000E1
4.725661032E0,2.575000000E1
4.728286032E0,2.575000000E1
4.730911032E0,2.575000000E1
4.733535032E0,2.575000000E1
4.736160032E0,2.575000000E1
4.738784032E0,2.575000000E1
4.741409032E0,2.575000000E1
4.744033032E0,2.575000000E1
4.746658032E0,2.575000000E1
4.749282032E0,2.575000000E1
4.751907032E0,2.575000000E1
4.754531032E0,2.575000000E1
4.757156032E0,2.575000000E1
4.759780032E0,2.575000000E1
4.762405032E0,2.575000000E1
4.765029032E0,2.575000000E1
4.767654032E0,2.575000000E1
4.770278032E0,2.575000000E1
4.772903032E0,2.575000000E1
4.775527032E0,2.575000000E1
4.778152032E0,2.575000000E1
4.780776032E0,2.575000000E1
4.783401032E0,2.575000000E1
4.786025032E0,2.575000000E1
4.788650032E0,2.575000000E1
4.791274032E0,2.575000000E1
4.793899032E0,2.575000000E1
4.796523032E0,2.575000000E1
4.799148032E0,2.575000000E1
4.801772032E0,2.575000000E1
4.804397032E0,2.575000000E1
4.807021032E0,2.575000000E1
4.809646032E0,2.575000000E1
4.812270032E0,2.575000000E1
4.814895032E0,2.575000000E1
4.817519032E0,2.575000000E1
4.820144032E0,2.575000000E1
4.822768032E0,2.575000000E1
4.825393032E0,2.575000000E1
4.828017032E0,2.575000000E1
4.830642032E0,2.575000000E1
4.833266032E0,2.575000000E1
4.835891032E0,2.575000000E1
4.838516032E0,2.575000000E1
4.841140032E0,2.575000000E1
4.843765032E0,2.575000000E1
4.846389032E0,2.575000000E1
4.849014032E0,2.575000000E1
4.851638032E0,2.575000000E1
4.854263032E0,2.575000000E1
4.856887032E0,2.575000000E1
4.859512032E0,2.575000000E1
4.862136032E0,2.575000000E1
4.864761032E0,2.575000000E1
4.867385032E0,2.575000000E1
4.870010032E0,2.575000000E1
4.872634032E0,2.575000000E1
4.875259032E0,2.575000000E1
4.877883032E0,2.575000000E1
4.880508032E0,2.575000000E1
4.883132032E0,2.575000000E1
4.885757032E0,2.575000000E1
4.888381032E0,2.575000000E1
4.891006032E0,2.575000000E1
4.893630032E0,2.575000000E1
4.896255032E0,2.575000000E1
4.898879032E0,2.575000000E1
4.901504032E0,2.575000000E1
4.904128032E0,2.575000000E1
4.906753032E0,2.575000000E1
4.909377032E0,2.575000000E1
4.912002032E0,2.575000000E1
4.914626032E0,2.575000000E1
4.917251032E0,2.575000000E1
4.919875032E0,2.575000000E1
4.922500032E0,2.575000000E1
4.925124032E0,2.575000000E1
4.927749032E0,2.575000000E1
4.930373032E0,2.575000000E1
4.932998032E0,2.575000000E1
4.935622032E0,2.575000000E1
4.938247032E0,2.575000000E1
4.940871032E0,2.575000000E1
4.943496032E0,2.575000000E1
4.946120032E0,2.575000000E1
4.948745032E0,2.575000000E1
4.951370032E0,2.575000000E1
4.953994032E0,2.575000000E1
4.956619032E0,2.575000000E1
4.959243032E0,2.575000000E1
4.961868032E0,2.575000000E1
4.964492032E0,2.575000000E1
4.967117032E0,2.575000000E1
4.969741032E0,2.575000000E1
4.972366032E0,2.575000000E1
4.974990032E0,2.575000000E1
4.977615032E0,2.575000000E1
4.980239032E0,2.575000000E1
4.982864032E0,2.575000000E1
4.985488032E0,2.575000000E1
4.988113032E0,2.575000000E1
4.990737032E0,2.575000000E1
4.993362032E0,2.575000000E1
4.995986032E0,2.575000000E1
4.998611032E0,2.575000000E1
5.001235032E0,2.575000000E1
5.003860032E0,2.575000000E1
5.006484032E0,2.575000000E1
5.009109032E0,2.575000000E1
5.011733032E0,2.575000000E1
5.014358032E0,2.575000000E1
5.016982032E0,2.575000000E1
5.019607032E0,2.575000000E1
5.022231032E0,2.575000000E1
5.024856032E0,2.575000000E1
5.027480032E0,2.575000000E1
5.030105032E0,2.575000000E1
5.032729032E0,2.575000000E1
5.035354032E0,2.575000000E1
5.037978032E0,2.575000000E1
5.040603032E0,2.575000000E1
5.043227032E0,2.575000000E1
5.045852032E0,2.575000000E1
5.048476032E0,2.575000000E1
5.051101032E0,2.575000000E1
5.053725032E0,2.575000000E1
5.056350032E0,2.575000000E1
5.058974032E0,2.575000000E1
5.061599032E0,2.575000000E1
5.064224032E0,2.575000000E1
5.066848032E0,2.575000000E1
5.069473032E0,2.575000000E1
5.072097032E0,2.575000000E1
5.074722032E0,2.575000000E1
5.077346032E0,2.575000000E1
5.079971032E0,2.575000000E1
5.082595032E0,2.575000000E1
5.085220032E0,2.575000000E1
5.087844032E0,2.575000000E1
5.090469032E0,2.575000000E1
5.093093032E0,2.575000000E1
5.095718032E0,2.575000000E1
5.098342032E0,2.575000000E1
5.100967032E0,2.575000000E1
5.103591032E0,2.575000000E1
5.106216032E0,2.575000000E1
5.108840032E0,2.575000000E1
5.111465032E0,2.575000000E1
5.114089032E0,2.575000000E1
5.116714032E0,2.575000000E1
5.119338032E0,2.575000000E1
5.121963032E0,2.575000000E1
5.124587032E0,2.575000000E1
5.127212032E0,2.575000000E1
5.129836032E0,2.575000000E1
5.132461032E0,2.575000000E1
5.135085032E0,2.575000000E1
5.137710032E0,2.575000000E1
5.140334032E0,2.575000000E1
5.142959032E0,2.575000000E1
5.145583032E0,2.575000000E1
5.148208032E0,2.575000000E1
5.150832032E0,2.575000000E1
5.153457032E0,2.575000000E1
5.156081032E0,2.575000000E1
5.158706032E0,2.575000000E1
5.161330032E0,2.575000000E1
5.163955032E0,2.575000000E1
5.166579032E0,2.575000000E1
5.169204032E0,2.575000000E1
5.171828032E0,2.575000000E1
5.174453032E0,2.575000000E1
5.177078032E0,2.575000000E1
5.179702032E0,2.575000000E1
5.182327032E0,2.575000000E1
5.184951032E0,2.575000000E1
5.187576032E0,2.575000000E1
5.190200032E0,2.575000000E1
5.192825032E0,2.575000000E1
5.195449032E0,2.575000000E1
5.198074032E0,2.575000000E1
5.200698032E0,2.575000000E1
5.203323032E0,2.575000000E1
5.205947032E0,2.575000000E1
5.208572032E0,2.575000000E1
5.211196032E0,2.575000000E1
5.213821032E0,2.575000000E1
5.216445032E0,2.575000000E1
5.219070032E0,2.575000000E1
5.221694032E0,2.575000000E1
5.224319032E0,2.575000000E1
5.226943032E0,2.575000000E1
5.229568032E0,2.575000000E1
5.232192032E0,2.575000000E1
5.234817032E0,2.575000000E1
5.237441032E0,2.575000000E1
5.240066032E0,2.575000000E1
5.242690032E0,2.575000000E1
5.245315032E0,2.575000000E1
5.247939032E0,2.575000000E1
5.250564032E0,2.575000000E1
5.253188032E0,2.575000000E1
5.255813032E0,2.575000000E1
5.258437032E0,2.575000000E1
5.261062032E0,2.575000000E1
5.263686032E0,2.575000000E1
5.266311032E0,2.575000000E1
5.268935032E0,2.575000000E1
5.271560032E0,2.575000000E1
5.274184032E0,2.575000000E1
5.276809032E0,2.575000000E1
5.279433032E0,2.575000000E1
5.282058032E0,2.575000000E1
5.284682032E0,2.575000000E1
5.287307032E0,2.575000000E1
5.289932032E0,2.575000000E1
5.292556032E0,2.575000000E1
5.295181032E0,2.575000000E1
5.297805032E0,2.575000000E1
5.300430032E0,2.575000000E1
5.303054032E0,2.575000000E1
5.305679032E0,2.575000000E1
5.308303032E0,2.575000000E1
5.310928032E0,2.575000000E1
5.313552032E0,2.575000000E1
5.316177032E0,2.575000000E1
5.318801032E0,2.575000000E1
5.321426032E0,2.575000000E1
5.324050032E0,2.575000000E1
5.326675032E0,2.575000000E1
5.329299032E0,2.575000000E1
5.331924032E0,2.575000000E1
5.334548032E0,2.575000000E1
5.337173032E0,2.575000000E1
5.339797032E0,2.575000000E1
5.342422032E0,2.575000000E1
5.345046032E0,2.575000000E1
5.347671032E0,2.575000000E1
5.350295032E0,2.575000000E1
5.352920032E0,2.575000000E1
5.355544032E0,2.575000000E1
5.358169032E0,2.575000000E1
5.360793032E0,2.575000000E1
5.363418032E0,2.575000000E1
5.366042032E0,2.575000000E1
5.368667032E0,2.575000000E1
5.371291032E0,2.575000000E1
5.373916032E0,2.575000000E1
5.376540032E0,2.575000000E1
5.379165032E0,2.575000000E1
5.381789032E0,2.575000000E1
5.384414032E0,2.575000000E1
5.387038032E0,2.575000000E1
5.389663032E0,2.575000000E1
5.392287032E0,2.575000000E1
5.394912032E0,2.575000000E1
5.397536032E0,2.575000000E1
5.400161032E0,2.575000000E1
5.402786032E0,2.575000000E1
5.405410032E0,2.575000000E1
5.408035032E0,2.575000000E1
5.410659032E0,2.575000000E1
5.413284032E0,2.575000000E1
5.415908032E0,2.575000000E1
5.418533032E0,2.575000000E1
5.421157032E0,2.575000000E1
5.423782032E0,2.575000000E1
5.426406032E0,2.575000000E1
5.429031032E0,2.575000000E1
5.431655032E0,2.575000000E1
5.434280032E0,2.575000000E1
5.436904032E0,2.575000000E1
5.439529032E0,2.575000000E1
5.442153032E0,2.575000000E1
5.444778032E0,2.575000000E1
5.447402032E0,2.575000000E1
5.450027032E0,2.575000000E1
5.452651032E0,2.575000000E1
5.455276032E0,2.575000000E1
5.457900032E0,2.575000000E1
5.460525032E0,2.575000000E1
5.463149032E0,2.575000000E1
5.465774032E0,2.575000000E1
5.468398032E0,2.575000000E1
5.471023032E0,2.575000000E1
5.473647032E0,2.575000000E1
5.476272032E0,2.575000000E1
5.478896032E0,2.575000000E1
5.481521032E0,2.575000000E1
5.484145032E0,2.575000000E1
5.486770032E0,2.575000000E1
5.489394032E0,2.575000000E1
5.492019032E0,2.575000000E1
5.494643032E0,2.575000000E1
5.497268032E0,2.575000000E1
5.499892032E0,2.575000000E1
5.502517032E0,2.575000000E1
5.505141032E0,2.575000000E1
5.507766032E0,2.575000000E1
5.510391032E0,2.575000000E1
5.513015032E0,2.575000000E1
5.515640032E0,2.575000000E1
5.518264032E0,2.575000000E1
5.520889032E0,2.575000000E1
5.523513032E0,2.575000000E1
5.526138032E0,2.575000000E1
5.528762032E0,2.575000000E1
5.531387032E0,2.575000000E1
5.534011032E0,2.575000000E1
5.536636032E0,2.575000000E1
5.539260032E0,2.575000000E1
5.541885032E0,2.575000000E1
5.544509032E0,2.575000000E1
5.547134032E0,2.575000000E1
5.549758032E0,2.575000000E1
5.552383032E0,2.575000000E1
5.555007032E0,2.575000000E1
5.557632032E0,2.575000000E1
5.560256032E0,2.575000000E1
5.562881032E0,2.575000000E1
5.565505032E0,2.575000000E1
5.568130032E0,2.575000000E1
5.570754032E0,2.575000000E1
5.573379032E0,2.575000000E1
5.576003032E0,2.575000000E1
5.578628032E0,2.575000000E1
5.581252032E0,2.575000000E1
5.583877032E0,2.575000000E1
5.586501032E0,2.575000000E1
5.589126032E0,2.575000000E1
5.591750032E0,2.575000000E1
5.594375032E0,2.575000000E1
5.596999032E0,2.575000000E1
5.599624032E0,2.575000000E1
5.602248032E0,2.575000000E1
5.604873032E0,2.575000000E1
5.607497032E0,2.575000000E1
5.610122032E0,2.575000000E1
5.612746032E0,2.575000000E1
5.615371032E0,2.575000000E1
5.617995032E0,2.575000000E1
5.620620032E0,2.575000000E1
5.623245032E0,2.575000000E1
5.625869032E0,2.575000000E1
5.628494032E0,2.575000000E1
5.631118032E0,2.575000000E1
5.633743032E0,2.575000000E1
5.636367032E0,2.575000000E1
5.638992032E0,2.575000000E1
5.641616032E0,2.575000000E1
5.644241032E0,2.575000000E1
5.646865032E0,2.575000000E1
5.649490032E0,2.575000000E1
5.652114032E0,2.575000000E1
5.654739032E0,2.575000000E1
5.657363032E0,2.575000000E1
5.659988032E0,2.575000000E1
5.662612032E0,2.575000000E1
5.665237032E0,2.575000000E1
5.667861032E0,2.575000000E1
5.670486032E0,2.575000000E1
5.673110032E0,2.575000000E1
5.675735032E0,2.575000000E1
5.678359032E0,2.575000000E1
5.680984032E0,2.575000000E1
5.683608032E0,2.575000000E1
5.686233032E0,2.575000000E1
5.688857032E0,2.575000000E1
5.691482032E0,2.575000000E1
5.694106032E0,2.575000000E1
5.696731032E0,2.575000000E1
5.699355032E0,2.575000000E1
5.701980032E0,2.575000000E1
5.704604032E0,2.575000000E1
5.707229032E0,2.575000000E1
5.709853032E0,2.575000000E1
5.712478032E0,2.575000000E1
5.715102032E0,2.575000000E1
5.717727032E0,2.575000000E1
5.720351032E0,2.575000000E1
5.722976032E0,2.575000000E1
5.725600032E0,2.575000000E1
5.728225032E0,2.575000000E1
5.730849032E0,2.575000000E1
5.733474032E0,2.575000000E1
5.736099032E0,2.575000000E1
5.738723032E0,2.575000000E1
5.741348032E0,2.575000000E1
5.743972032E0,2.575000000E1
5.746597032E0,2.575000000E1
5.749221032E0,2.575000000E1
5.751846032E0,2.575000000E1
5.754470032E0,2.575000000E1
5.757095032E0,2.575000000E1
5.759719032E0,2.575000000E1
5.762344032E0,2.575000000E1
5.764968032E0,2.575000000E1
5.767593032E0,2.575000000E1
5.770217032E0,2.575000000E1
5.772842032E0,2.575000000E1
5.775466032E0,2.575000000E1
5.778091032E0,2.575000000E1
5.780715032E0,2.575000000E1
5.783340032E0,2.575000000E1
5.785964032E0,2.575000000E1
5.788589032E0,2.575000000E1
5.791213032E0,2.575000000E1
5.793838032E0,2.575000000E1
5.796462032E0,2.575000000E1
5.799087032E0,2.575000000E1
5.801711032E0,2.575000000E1
5.804336032E0,2.575000000E1
5.806960032E0,2.575000000E1
5.809585032E0,2.575000000E1
5.812209032E0,2.575000000E1
5.814834032E0,2.575000000E1
5.817458032E0,2.575000000E1
5.820083032E0,2.575000000E1
5.822707032E0,2.575000000E1
5.825332032E0,2.575000000E1
5.827956032E0,2.575000000E1
5.830581032E0,2.575000000E1
5.833205032E0,2.575000000E1
5.835830032E0,2.575000000E1
5.838454032E0,2.575000000E1
5.841079032E0,2.575000000E1
5.843703032E0,2.575000000E1
5.846328032E0,2.575000000E1
5.848953032E0,2.575000000E1
5.851577032E0,2.575000000E1
5.854202032E0,2.575000000E1
5.856826032E0,2.575000000E1
5.859451032E0,2.575000000E1
5.862075032E0,2.575000000E1
5.864700032E0,2.575000000E1
5.867324032E0,2.575000000E1
5.869949032E0,2.575000000E1
5.872573032E0,2.575000000E1
5.875198032E0,2.575000000E1
5.877822032E0,2.575000000E1
5.880447032E0,2.575000000E1
5.883071032E0,2.575000000E1
5.885696032E0,2.575000000E1
5.888320032E0,2.575000000E1
5.890945032E0,2.575000000E1
5.893569032E0,2.575000000E1
5.896194032E0,2.575000000E1
5.898818032E0,2.575000000E1
5.901443032E0,2.575000000E1
5.904067032E0,2.575000000E1
5.906692032E0,2.575000000E1
5.909316032E0,2.575000000E1
5.911941032E0,2.575000000E1
5.914565032E0,2.575000000E1
5.917190032E0,2.575000000E1
5.919814032E0,2.575000000E1
5.922439032E0,2.575000000E1
5.925063032E0,2.575000000E1
5.927688032E0,2.575000000E1
5.930312032E0,2.575000000E1
5.932937032E0,2.575000000E1
5.935561032E0,2.575000000E1
5.938186032E0,2.575000000E1
5.940810032E0,2.575000000E1
5.943435032E0,2.575000000E1
5.946059032E0,2.575000000E1
5.948684032E0,2.575000000E1
5.951319032E0,2.575000000E1
5.953944032E0,2.575000000E1
5.956568032E0,2.575000000E1
5.959193032E0,2.575000000E1
5.961817032E0,2.575000000E1
5.964442032E0,2.575000000E1
5.967066032E0,2.575000000E1
5.969691032E0,2.575000000E1
5.972315032E0,2.575000000E1
5.974940032E0,2.575000000E1
5.977564032E0,2.575000000E1
5.980189032E0,2.575000000E1
5.982813032E0,2.575000000E1
5.985438032E0,2.575000000E1
5.988063032E0,2.575000000E1
5.990687032E0,2.575000000E1
5.993312032E0,2.575000000E1
5.995936032E0,2.575000000E1
5.998561032E0,2.575000000E1
6.001185032E0,2.575000000E1
6.003810032E0,2.575000000E1
6.006434032E0,2.575000000E1
6.009059032E0,2.575000000E1
6.011683032E0,2.575000000E1
6.014308032E0,2.575000000E1
6.016932032E0,2.575000000E1
6.019557032E0,2.575000000E1
6.022181032E0,2.575000000E1
6.024806032E0,2.575000000E1
6.027430032E0,2.575000000E1
6.030055032E0,2.575000000E1
6.032679032E0,2.575000000E1
6.035304032E0,2.575000000E1
6.037928032E0,2.575000000E1
6.040553032E0,2.575000000E1
6.043177032E0,2.575000000E1
6.045802032E0,2.575000000E1
6.048426032E0,2.575000000E1
6.051051032E0,2.575000000E1
6.053675032E0,2.575000000E1
6.056300032E0,2.575000000E1
6.058924032E0,2.575000000E1
6.061549032E0,2.575000000E1
6.064173032E0,2.575000000E1
6.066798032E0,2.575000000E1
6.069422032E0,2.575000000E1
6.072047032E0,2.575000000E1
6.074671032E0,2.575000000E1
6.077296032E0,2.575000000E1
6.079920032E0,2.575000000E1
6.082545032E0,2.575000000E1
6.085169032E0,2.575000000E1
6.087794032E0,2.575000000E1
6.090418032E0,2.575000000E1
6.093043032E0,2.575000000E1
6.095667032E0,2.575000000E1
6.098292032E0,2.575000000E1
6.100917032E0,2.575000000E1
6.103541032E0,2.575000000E1
6.106166032E0,2.575000000E1
6.108790032E0,2.575000000E1
6.111415032E0,2.575000000E1
6.114039032E0,2.575000000E1
6.116664032E0,2.575000000E1
6.119288032E0,2.575000000E1
6.121913032E0,2.575000000E1
6.124537032E0,2.575000000E1
6.127162032E0,2.575000000E1
6.129786032E0,2.575000000E1
6.132411032E0,2.575000000E1
6.135035032E0,2.575000000E1
6.137660032E0,2.575000000E1
6.140284032E0,2.575000000E1
6.142909032E0,2.575000000E1
6.145533032E0,2.575000000E1
6.148158032E0,2.575000000E1
6.150782032E0,2.575000000E1
6.153407032E0,2.575000000E1
6.156031032E0,2.575000000E1
6.158656032E0,2.575000000E1
6.161280032E0,2.575000000E1
6.163905032E0,2.575000000E1
6.166529032E0,2.575000000E1
6.169154032E0,2.575000000E1
6.171778032E0,2.575000000E1
6.174403032E0,2.575000000E1
6.177027032E0,2.575000000E1
6.179652032E0,2.575000000E1
6.182276032E0,2.575000000E1
6.184901032E0,2.575000000E1
6.187525032E0,2.575000000E1
6.190150032E0,2.575000000E1
6.192774032E0,2.575000000E1
6.195399032E0,2.575000000E1
6.198023032E0,2.575000000E1
6.200648032E0,2.575000000E1
6.203272032E0,2.575000000E1
6.205897032E0,2.575000000E1
6.208521032E0,2.575000000E1
6.211146032E0,2.575000000E1
6.213771032E0,2.575000000E1
6.216395032E0,2.575000000E1
6.219020032E0,2.575000000E1
6.221644032E0,2.575000000E1
6.224269032E0,2.575000000E1
6.226893032E0,2.575000000E1
6.229518032E0,2.575000000E1
6.232142032E0,2.575000000E1
6.234767032E0,2.575000000E1
6.237391032E0,2.575000000E1
6.240016032E0,2.575000000E1
6.242640032E0,2.575000000E1
6.245265032E0,2.575000000E1
6.247889032E0,2.575000000E1
6.250514032E0,2.575000000E1
6.253138032E0,2.575000000E1
6.255763032E0,2.575000000E1
6.258387032E0,2.575000000E1
6.261012032E0,2.575000000E1
6.263636032E0,2.575000000E1
6.266261032E0,2.575000000E1
6.268885032E0,2.575000000E1
6.271510032E0,2.575000000E1
6.274134032E0,2.575000000E1
6.276759032E0,2.575000000E1
6.279383032E0,2.575000000E1
6.282008032E0,2.575000000E1
6.284632032E0,2.575000000E1
6.287257032E0,2.575000000E1
6.289881032E0,2.575000000E1
6.292506032E0,2.575000000E1
6.295130032E0,2.575000000E1
6.297755032E0,2.575000000E1
6.300379032E0,2.575000000E1
6.303004032E0,2.575000000E1
6.305628032E0,2.575000000E1
6.308253032E0,2.575000000E1
6.310877032E0,2.575000000E1
6.313502032E0,2.575000000E1
6.316126032E0,2.575000000E1
6.318751032E0,2.575000000E1
6.321375032E0,2.575000000E1
6.324000032E0,2.575000000E1
6.326625032E0,2.575000000E1
6.329249032E0,2.575000000E1
6.331874032E0,2.575000000E1
6.334498032E0,2.575000000E1
6.337123032E0,2.575000000E1
6.339747032E0,2.575000000E1
6.342372032E0,2.575000000E1
6.344996032E0,2.575000000E1
6.347621032E0,2.575000000E1
6.350245032E0,2.575000000E1
6.352870032E0,2.575000000E1
6.355494032E0,2.575000000E1
6.358119032E0,2.575000000E1
6.360743032E0,2.575000000E1
6.363368032E0,2.575000000E1
6.365992032E0,2.575000000E1
6.368617032E0,2.575000000E1
6.371241032E0,2.575000000E1
6.373866032E0,2.575000000E1
6.376490032E0,2.575000000E1
6.379115032E0,2.575000000E1
6.381739032E0,2.575000000E1
6.384364032E0,2.575000000E1
6.386988032E0,2.575000000E1
6.389613032E0,2.575000000E1
6.392237032E0,2.575000000E1
6.394862032E0,2.575000000E1
6.397486032E0,2.575000000E1
6.400111032E0,2.575000000E1
6.402735032E0,2.575000000E1
6.405360032E0,2.575000000E1
6.407984032E0,2.575000000E1
6.410609032E0,2.575000000E1
6.413233032E0,2.575000000E1
6.415858032E0,2.575000000E1
6.418482032E0,2.575000000E1
6.421107032E0,2.575000000E1
6.423731032E0,2.575000000E1
6.426356032E0,2.575000000E1
6.428980032E0,2.575000000E1
6.431605032E0,2.575000000E1
6.434229032E0,2.575000000E1
6.436854032E0,2.575000000E1
6.439479032E0,2.575000000E1
6.442103032E0,2.575000000E1
6.444728032E0,2.575000000E1
6.447352032E0,2.575000000E1
6.449977032E0,2.575000000E1
6.452601032E0,2.575000000E1
6.455226032E0,2.575000000E1
6.457850032E0,2.575000000E1
6.460475032E0,2.575000000E1
6.463099032E0,2.575000000E1
6.465724032E0,2.575000000E1
6.468348032E0,2.575000000E1
6.470973032E0,2.575000000E1
6.473597032E0,2.575000000E1
6.476222032E0,2.575000000E1
6.478846032E0,2.575000000E1
6.481471032E0,2.575000000E1
6.484095032E0,2.575000000E1
6.486720032E0,2.575000000E1
6.489344032E0,2.575000000E1
6.491969032E0,2.575000000E1
6.494593032E0,2.575000000E1
6.497218032E0,2.575000000E1
6.499842032E0,2.575000000E1
6.502467032E0,2.575000000E1
6.505091032E0,2.575000000E1
6.507716032E0,2.575000000E1
6.510340032E0,2.575000000E1
6.512965032E0,2.575000000E1
6.515589032E0,2.575000000E1
6.518214032E0,2.575000000E1
6.520838032E0,2.575000000E1
6.523463032E0,2.575000000E1
6.526087032E0,2.575000000E1
6.528712032E0,2.575000000E1
6.531336032E0,2.575000000E1
6.533961032E0,2.575000000E1
6.536585032E0,2.575000000E1
6.539210032E0,2.575000000E1
6.541834032E0,2.575000000E1
6.544459032E0,2.575000000E1
6.547084032E0,2.575000000E1
6.549708032E0,2.575000000E1
6.552333032E0,2.575000000E1
6.554957032E0,2.575000000E1
6.557582032E0,2.575000000E1
6.560206032E0,2.575000000E1
6.562831032E0,2.575000000E1
6.565455032E0,2.575000000E1
6.568080032E0,2.575000000E1
6.570704032E0,2.575000000E1
6.573329032E0,2.575000000E1
6.575953032E0,2.575000000E1
6.578578032E0,2.575000000E1
6.581202032E0,2.575000000E1
6.583827032E0,2.575000000E1
6.586451032E0,2.575000000E1
6.589076032E0,2.575000000E1
6.591700032E0,2.575000000E1
6.594325032E0,2.575000000E1
6.596949032E0,2.575000000E1
6.599574032E0,2.575000000E1
6.602198032E0,2.575000000E1
6.604823032E0,2.575000000E1
6.607447032E0,2.575000000E1
6.610072032E0,2.575000000E1
6.612696032E0,2.575000000E1
6.615321032E0,2.575000000E1
6.617945032E0,2.575000000E1
6.620570032E0,2.575000000E1
6.623194032E0,2.575000000E1
6.625819032E0,2.575000000E1
6.628443032E0,2.575000000E1
6.631068032E0,2.575000000E1
6.633692032E0,2.575000000E1
6.636317032E0,2.575000000E1
6.638941032E0,2.575000000E1
6.641566032E0,2.575000000E1
6.644190032E0,2.575000000E1
6.646815032E0,2.575000000E1
6.649439032E0,2.575000000E1
6.652064032E0,2.575000000E1
6.654688032E0,2.575000000E1
6.657313032E0,2.575000000E1
6.659938032E0,2.575000000E1
6.662562032E0,2.575000000E1
6.665187032E0,2.575000000E1
6.667811032E0,2.575000000E1
6.670436032E0,2.575000000E1
6.673060032E0,2.575000000E1
6.675685032E0,2.575000000E1
6.678309032E0,2.575000000E1
6.680934032E0,2.575000000E1
6.683558032E0,2.575000000E1
6.686183032E0,2.575000000E1
6.688807032E0,2.575000000E1
6.691432032E0,2.575000000E1
6.694056032E0,2.575000000E1
6.696681032E0,2.575000000E1
6.699305032E0,2.575000000E1
6.701930032E0,2.575000000E1
6.704554032E0,2.575000000E1
6.707179032E0,2.575000000E1
6.709803032E0,2.575000000E1
6.712428032E0,2.575000000E1
6.715052032E0,2.575000000E1
6.717677032E0,2.575000000E1
6.720301032E0,2.575000000E1
6.722926032E0,2.575000000E1
6.725550032E0,2.575000000E1
6.728175032E0,2.575000000E1
6.730799032E0,2.575000000E1
6.733424032E0,2.575000000E1
6.736048032E0,2.575000000E1
6.738673032E0,2.575000000E1
6.741297032E0,2.575000000E1
6.743922032E0,2.575000000E1
6.746546032E0,2.575000000E1
6.749171032E0,2.575000000E1
6.751795032E0,2.575000000E1
6.754420032E0,2.575000000E1
6.757044032E0,2.575000000E1
6.759669032E0,2.575000000E1
6.762293032E0,2.575000000E1
6.764918032E0,2.575000000E1
6.767542032E0,2.575000000E1
6.770167032E0,2.575000000E1
6.772792032E0,2.575000000E1
6.775416032E0,2.575000000E1
6.778041032E0,2.575000000E1
6.780665032E0,2.575000000E1
6.783290032E0,2.575000000E1
6.785914032E0,2.575000000E1
6.788539032E0,2.575000000E1
6.791163032E0,2.575000000E1
6.793788032E0,2.575000000E1
6.796412032E0,2.575000000E1
6.799037032E0,2.575000000E1
6.801661032E0,2.575000000E1
6.804286032E0,2.575000000E1
6.806910032E0,2.575000000E1
6.809535032E0,2.575000000E1
6.812159032E0,2.575000000E1
6.814784032E0,2.575000000E1
6.817408032E0,2.575000000E1
6.820033032E0,2.575000000E1
6.822657032E0,2.575000000E1
6.825282032E0,2.575000000E1
6.827906032E0,2.575000000E1
6.830531032E0,2.575000000E1
6.833155032E0,2.575000000E1
6.835780032E0,2.575000000E1
6.838404032E0,2.575000000E1
6.841029032E0,2.575000000E1
6.843653032E0,2.575000000E1
6.846278032E0,2.575000000E1
6.848902032E0,2.575000000E1
6.851527032E0,2.575000000E1
6.854151032E0,2.575000000E1
6.856776032E0,2.575000000E1
6.859400032E0,2.575000000E1
6.862025032E0,2.575000000E1
6.864649032E0,2.575000000E1
6.867274032E0,2.575000000E1
6.869898032E0,2.575000000E1
6.872523032E0,2.575000000E1
6.875147032E0,2.575000000E1
6.877772032E0,2.575000000E1
6.880396032E0,2.575000000E1
6.883021032E0,2.575000000E1
6.885646032E0,2.575000000E1
6.888270032E0,2.575000000E1
6.890895032E0,2.575000000E1
6.893519032E0,2.575000000E1
6.896144032E0,2.575000000E1
6.898768032E0,2.575000000E1
6.901393032E0,2.575000000E1
6.904017032E0,2.575000000E1
6.906642032E0,2.575000000E1
6.909266032E0,2.575000000E1
6.911891032E0,2.575000000E1
6.914515032E0,2.575000000E1
6.917140032E0,2.575000000E1
6.919764032E0,2.575000000E1
6.922389032E0,2.575000000E1
6.925013032E0,2.575000000E1
6.927638032E0,2.575000000E1
6.930262032E0,2.575000000E1
6.932887032E0,2.575000000E1
6.935511032E0,2.575000000E1
6.938136032E0,2.575000000E1
6.940760032E0,2.575000000E1
6.943385032E0,2.575000000E1
6.946009032E0,2.575000000E1
6.948634032E0,2.575000000E1
6.951258032E0,2.575000000E1
6.953883032E0,2.575000000E1
6.956507032E0,2.575000000E1
6.959132032E0,2.575000000E1
6.961756032E0,2.575000000E1
6.964381032E0,2.575000000E1
6.967005032E0,2.575000000E1
6.969630032E0,2.575000000E1
6.972254032E0,2.575000000E1
6.974879032E0,2.575000000E1
6.977503032E0,2.575000000E1
6.980128032E0,2.575000000E1
6.982752032E0,2.575000000E1
6.985377032E0,2.575000000E1
6.988001032E0,2.575000000E1
6.990626032E0,2.575000000E1
6.993250032E0,2.575000000E1
6.995875032E0,2.575000000E1
6.998500032E0,2.575000000E1
7.001124032E0,2.575000000E1
7.003749032E0,2.575000000E1
7.006373032E0,2.575000000E1
7.008998032E0,2.575000000E1
7.011622032E0,2.575000000E1
7.014247032E0,2.575000000E1
7.016871032E0,2.575000000E1
7.019496032E0,2.575000000E1
7.022120032E0,2.575000000E1
7.024745032E0,2.575000000E1
7.027369032E0,2.575000000E1
7.029994032E0,2.575000000E1
7.032618032E0,2.575000000E1
7.035243032E0,2.575000000E1
7.037867032E0,2.575000000E1
7.040492032E0,2.575000000E1
7.043116032E0,2.575000000E1
7.045741032E0,2.575000000E1
7.048365032E0,2.575000000E1
7.050990032E0,2.575000000E1
7.053614032E0,2.575000000E1
7.056239032E0,2.575000000E1
7.058863032E0,2.575000000E1
7.061488032E0,2.575000000E1
7.064112032E0,2.575000000E1
7.066737032E0,2.575000000E1
7.069361032E0,2.575000000E1
7.071986032E0,2.575000000E1
7.074610032E0,2.575000000E1
7.077235032E0,2.575000000E1
7.079859032E0,2.575000000E1
7.082484032E0,2.575000000E1
7.085108032E0,2.575000000E1
7.087733032E0,2.575000000E1
7.090357032E0,2.575000000E1
7.092982032E0,2.575000000E1
7.095606032E0,2.575000000E1
7.098231032E0,2.575000000E1
7.100855032E0,2.575000000E1
7.103480032E0,2.575000000E1
7.106104032E0,2.575000000E1
7.108729032E0,2.575000000E1
7.111354032E0,2.575000000E1
7.113978032E0,2.575000000E1
7.116603032E0,2.575000000E1
7.119227032E0,2.575000000E1
7.121852032E0,2.575000000E1
7.124476032E0,2.575000000E1
7.127101032E0,2.575000000E1
7.129725032E0,2.575000000E1
7.132350032E0,2.575000000E1
7.134974032E0,2.575000000E1
7.137599032E0,2.575000000E1
7.140223032E0,2.575000000E1
7.142848032E0,2.575000000E1
7.145472032E0,2.575000000E1
7.148097032E0,2.575000000E1
7.150721032E0,2.575000000E1
7.153346032E0,2.575000000E1
7.155970032E0,2.575000000E1
7.158595032E0,2.575000000E1
7.161219032E0,2.575000000E1
7.163844032E0,2.575000000E1
7.166468032E0,2.575000000E1
7.169093032E0,2.575000000E1
7.171717032E0,2.575000000E1
7.174342032E0,2.575000000E1
7.176966032E0,2.575000000E1
7.179591032E0,2.575000000E1
7.182215032E0,2.575000000E1
7.184840032E0,2.575000000E1
7.187464032E0,2.575000000E1
7.190089032E0,2.575000000E1
7.192713032E0,2.575000000E1
7.195338032E0,2.575000000E1
7.197962032E0,2.575000000E1
7.200587032E0,2.575000000E1
7.203211032E0,2.575000000E1
7.205836032E0,2.575000000E1
7.208460032E0,2.575000000E1
7.211085032E0,2.575000000E1
7.213709032E0,2.575000000E1
7.216334032E0,2.575000000E1
7.218959032E0,2.575000000E1
7.221583032E0,2.575000000E1
7.224208032E0,2.575000000E1
7.226832032E0,2.575000000E1
7.229457032E0,2.575000000E1
7.232081032E0,2.575000000E1
7.234706032E0,2.575000000E1
7.237330032E0,2.575000000E1
7.239955032E0,2.575000000E1
7.242579032E0,2.575000000E1
7.245204032E0,2.575000000E1
7.247828032E0,2.575000000E1
7.250453032E0,2.575000000E1
7.253077032E0,2.575000000E1
7.255702032E0,2.575000000E1
7.258326032E0,2.575000000E1
7.260951032E0,2.575000000E1
7.263575032E0,2.575000000E1
7.266200032E0,2.575000000E1
7.268824032E0,2.575000000E1
7.271449032E0,2.575000000E1
7.274073032E0,2.575000000E1
7.276698032E0,2.575000000E1
7.279322032E0,2.575000000E1
7.281947032E0,2.575000000E1
7.284571032E0,2.575000000E1
7.287196032E0,2.575000000E1
7.289820032E0,2.575000000E1
7.292445032E0,2.575000000E1
7.295069032E0,2.575000000E1
7.297694032E0,2.575000000E1
7.300318032E0,2.575000000E1
7.302943032E0,2.575000000E1
7.305567032E0,2.575000000E1
7.308192032E0,2.575000000E1
7.310816032E0,2.575000000E1
7.313441032E0,2.575000000E1
7.316065032E0,2.575000000E1
7.318690032E0,2.575000000E1
7.321314032E0,2.575000000E1
7.323939032E0,2.575000000E1
7.326563032E0,2.575000000E1
7.329188032E0,2.575000000E1
7.331813032E0,2.575000000E1
7.334437032E0,2.575000000E1
7.337062032E0,2.575000000E1
7.339686032E0,2.575000000E1
7.342311032E0,2.575000000E1
7.344935032E0,2.575000000E1
7.347560032E0,2.575000000E1
7.350184032E0,2.575000000E1
7.352809032E0,2.575000000E1
7.355433032E0,2.575000000E1
7.358058032E0,2.575000000E1
7.360682032E0,2.575000000E1
7.363307032E0,2.575000000E1
7.365931032E0,2.575000000E1
7.368556032E0,2.575000000E1
7.371180032E0,2.575000000E1
7.373805032E0,2.575000000E1
7.376429032E0,2.575000000E1
7.379054032E0,2.575000000E1
7.381678032E0,2.575000000E1
7.384303032E0,2.575000000E1
7.386927032E0,2.575000000E1
7.389552032E0,2.575000000E1
7.392176032E0,2.575000000E1
7.394801032E0,2.575000000E1
7.397425032E0,2.575000000E1
7.400050032E0,2.575000000E1
7.402674032E0,2.575000000E1
7.405299032E0,2.575000000E1
7.407923032E0,2.575000000E1
7.410548032E0,2.575000000E1
7.413172032E0,2.575000000E1
7.415797032E0,2.575000000E1
7.418421032E0,2.575000000E1
7.421046032E0,2.575000000E1
7.423670032E0,2.575000000E1
7.426295032E0,2.575000000E1
7.428919032E0,2.575000000E1
7.431544032E0,2.575000000E1
7.434168032E0,2.575000000E1
7.436793032E0,2.575000000E1
7.439417032E0,2.575000000E1
7.442042032E0,2.575000000E1
7.444667032E0,2.575000000E1
7.447291032E0,2.575000000E1
7.449916032E0,2.575000000E1
7.452540032E0,2.575000000E1
7.455165032E0,2.575000000E1
7.457789032E0,2.575000000E1
7.460414032E0,2.575000000E1
7.463038032E0,2.575000000E1
7.465663032E0,2.575000000E1
7.468287032E0,2.575000000E1
7.470912032E0,2.575000000E1
7.473536032E0,2.575000000E1
7.476161032E0,2.575000000E1
7.478785032E0,2.575000000E1
7.481410032E0,2.575000000E1
7.484034032E0,2.575000000E1
7.486659032E0,2.575000000E1
7.489283032E0,2.575000000E1
7.491908032E0,2.575000000E1
7.494532032E0,2.575000000E1
7.497157032E0,2.575000000E1
7.499781032E0,2.575000000E1
7.502406032E0,2.575000000E1
7.505030032E0,2.575000000E1
7.507655032E0,2.575000000E1
7.510279032E0,2.575000000E1
7.512904032E0,2.575000000E1
7.515528032E0,2.575000000E1
7.518153032E0,2.575000000E1
7.520777032E0,2.575000000E1
7.523402032E0,2.575000000E1
7.526026032E0,2.575000000E1
7.528651032E0,2.575000000E1
7.531275032E0,2.575000000E1
7.533900032E0,2.575000000E1
7.536524032E0,2.575000000E1
7.539149032E0,2.575000000E1
7.541773032E0,2.575000000E1
7.544398032E0,2.575000000E1
7.547022032E0,2.575000000E1
7.549647032E0,2.575000000E1
7.552271032E0,2.575000000E1
7.554896032E0,2.575000000E1
7.557521032E0,2.575000000E1
7.560145032E0,2.575000000E1
7.562770032E0,2.575000000E1
7.565394032E0,2.575000000E1
7.568019032E0,2.575000000E1
7.570643032E0,2.575000000E1
7.573268032E0,2.575000000E1
7.575892032E0,2.575000000E1
7.578517032E0,2.575000000E1
7.581141032E0,2.575000000E1
7.583766032E0,2.575000000E1
7.586390032E0,2.575000000E1
7.589015032E0,2.575000000E1
7.591639032E0,2.575000000E1
7.594264032E0,2.575000000E1
7.596888032E0,2.575000000E1
7.599513032E0,2.575000000E1
7.602137032E0,2.575000000E1
7.604762032E0,2.575000000E1
7.607386032E0,2.575000000E1
7.610011032E0,2.575000000E1
7.612635032E0,2.575000000E1
7.615260032E0,2.575000000E1
7.617884032E0,2.575000000E1
7.620509032E0,2.575000000E1
7.623133032E0,2.575000000E1
7.625758032E0,2.575000000E1
7.628382032E0,2.575000000E1
7.631007032E0,2.575000000E1
7.633631032E0,2.575000000E1
7.636256032E0,2.575000000E1
7.638880032E0,2.575000000E1
7.641505032E0,2.575000000E1
7.644129032E0,2.575000000E1
7.646754032E0,2.575000000E1
7.649378032E0,2.575000000E1
7.652003032E0,2.575000000E1
7.654627032E0,2.575000000E1
7.657252032E0,2.575000000E1
7.659876032E0,2.575000000E1
7.662501032E0,2.575000000E1
7.665125032E0,2.575000000E1
7.667750032E0,2.575000000E1
7.670375032E0,2.575000000E1
7.672999032E0,2.575000000E1
7.675624032E0,2.575000000E1
7.678248032E0,2.575000000E1
7.680873032E0,2.575000000E1
7.683497032E0,2.575000000E1
7.686122032E0,2.575000000E1
7.688746032E0,2.575000000E1
7.691371032E0,2.575000000E1
7.693995032E0,2.575000000E1
7.696620032E0,2.575000000E1
7.699244032E0,2.575000000E1
7.701869032E0,2.575000000E1
7.704493032E0,2.575000000E1
7.707118032E0,2.575000000E1
7.709742032E0,2.575000000E1
7.712367032E0,2.575000000E1
7.714991032E0,2.575000000E1
7.717616032E0,2.575000000E1
7.720240032E0,2.575000000E1
7.722865032E0,2.575000000E1
7.725489032E0,2.575000000E1
7.728114032E0,2.575000000E1
7.730738032E0,2.575000000E1
7.733363032E0,2.575000000E1
7.735987032E0,2.575000000E1
7.738612032E0,2.575000000E1
7.741236032E0,2.575000000E1
7.743861032E0,2.575000000E1
7.746485032E0,2.575000000E1
7.749110032E0,2.575000000E1
7.751734032E0,2.575000000E1
7.754359032E0,2.575000000E1
7.756983032E0,2.575000000E1
7.759608032E0,2.575000000E1
7.762232032E0,2.575000000E1
7.764857032E0,2.575000000E1
7.767481032E0,2.575000000E1
7.770106032E0,2.575000000E1
7.772730032E0,2.575000000E1
7.775355032E0,2.575000000E1
7.777979032E0,2.575000000E1
7.780604032E0,2.575000000E1
7.783229032E0,2.575000000E1
7.785853032E0,2.575000000E1
7.788478032E0,2.575000000E1
7.791102032E0,2.575000000E1
7.793727032E0,2.575000000E1
7.796351032E0,2.575000000E1
7.798976032E0,2.575000000E1
7.801600032E0,2.575000000E1
7.804225032E0,2.575000000E1
7.806849032E0,2.575000000E1
7.809474032E0,2.575000000E1
7.812098032E0,2.575000000E1
7.814723032E0,2.575000000E1
7.817347032E0,2.575000000E1
7.819972032E0,2.575000000E1
7.822596032E0,2.575000000E1
7.825221032E0,2.575000000E1
7.827845032E0,2.575000000E1
7.830470032E0,2.575000000E1
7.833094032E0,2.575000000E1
7.835719032E0,2.575000000E1
7.838343032E0,2.575000000E1
7.840968032E0,2.575000000E1
7.843592032E0,2.575000000E1
7.846217032E0,2.575000000E1
7.848841032E0,2.575000000E1
7.851466032E0,2.575000000E1
7.854090032E0,2.575000000E1
7.856715032E0,2.575000000E1
7.859339032E0,2.575000000E1
7.861964032E0,2.575000000E1
7.864588032E0,2.575000000E1
7.867213032E0,2.575000000E1
7.869837032E0,2.575000000E1
7.872462032E0,2.575000000E1
7.875086032E0,2.575000000E1
7.877711032E0,2.575000000E1
7.880335032E0,2.575000000E1
7.882960032E0,2.575000000E1
7.885584032E0,2.575000000E1
7.888209032E0,2.575000000E1
7.890834032E0,2.575000000E1
7.893458032E0,2.575000000E1
7.896083032E0,2.575000000E1
7.898707032E0,2.575000000E1
7.901332032E0,2.575000000E1
7.903956032E0,2.575000000E1
7.906581032E0,2.575000000E1
7.909205032E0,2.575000000E1
7.911830032E0,2.575000000E1
7.914454032E0,2.575000000E1
7.917079032E0,2.575000000E1
7.919703032E0,2.575000000E1
7.922328032E0,2.575000000E1
7.924952032E0,2.575000000E1
7.927577032E0,2.575000000E1
7.930201032E0,2.575000000E1
7.932826032E0,2.575000000E1
7.935450032E0,2.575000000E1
7.938075032E0,2.575000000E1
7.940699032E0,2.575000000E1
7.943324032E0,2.575000000E1
7.945948032E0,2.575000000E1
7.948573032E0,2.575000000E1
7.951197032E0,2.575000000E1
7.953822032E0,2.575000000E1
7.956446032E0,2.575000000E1
7.959071032E0,2.575000000E1
7.961695032E0,2.575000000E1
7.964320032E0,2.575000000E1
7.966944032E0,2.575000000E1
7.969569032E0,2.575000000E1
7.972193032E0,2.575000000E1
7.974818032E0,2.575000000E1
7.977442032E0,2.575000000E1
7.980067032E0,2.575000000E1
7.982691032E0,2.575000000E1
7.985316032E0,2.575000000E1
7.987940032E0,2.575000000E1
7.990565032E0,2.575000000E1
7.993189032E0,2.575000000E1
7.995814032E0,2.575000000E1
7.998438032E0,2.575000000E1
8.001063032E0,2.575000000E1
8.003688032E0,2.575000000E1
8.006312032E0,2.575000000E1
8.008937032E0,2.575000000E1
8.011561032E0,2.575000000E1
8.014186032E0,2.575000000E1
8.016810032E0,2.575000000E1
8.019435032E0,2.575000000E1
8.022059032E0,2.575000000E1
8.024684032E0,2.575000000E1
8.027308032E0,2.575000000E1
8.029933032E0,2.575000000E1
8.032557032E0,2.575000000E1
8.035182032E0,2.575000000E1
8.037806032E0,2.575000000E1
8.040431032E0,2.575000000E1
8.043055032E0,2.575000000E1
8.045680032E0,2.575000000E1
8.048304032E0,2.575000000E1
8.050929032E0,2.575000000E1
8.053553032E0,2.575000000E1
8.056178032E0,2.575000000E1
8.058802032E0,2.575000000E1
8.061427032E0,2.575000000E1
8.064051032E0,2.575000000E1
8.066676032E0,2.575000000E1
8.069300032E0,2.575000000E1
8.071925032E0,2.575000000E1
8.074549032E0,2.575000000E1
8.077174032E0,2.575000000E1
8.079798032E0,2.575000000E1
8.082423032E0,2.575000000E1
8.085047032E0,2.575000000E1
8.087672032E0,2.575000000E1
8.090296032E0,2.575000000E1
8.092921032E0,2.575000000E1
8.095545032E0,2.575000000E1
8.098170032E0,2.575000000E1
8.100794032E0,2.575000000E1
8.103419032E0,2.575000000E1
8.106043032E0,2.575000000E1
8.108668032E0,2.575000000E1
8.111292032E0,2.575000000E1
8.113917032E0,2.575000000E1
8.116542032E0,2.575000000E1
8.119166032E0,2.575000000E1
8.121791032E0,2.575000000E1
8.124415032E0,2.575000000E1
8.127040032E0,2.575000000E1
8.129664032E0,2.575000000E1
8.132289032E0,2.575000000E1
8.134913032E0,2.575000000E1
8.137538032E0,2.575000000E1
8.140162032E0,2.575000000E1
8.142787032E0,2.575000000E1
8.145411032E0,2.575000000E1
8.148036032E0,2.575000000E1
8.150660032E0,2.575000000E1
8.153285032E0,2.575000000E1
8.155909032E0,2.575000000E1
8.158534032E0,2.575000000E1
8.161158032E0,2.575000000E1
8.163783032E0,2.575000000E1
8.166407032E0,2.575000000E1
8.169032032E0,2.575000000E1
8.171656032E0,2.575000000E1
8.174281032E0,2.575000000E1
8.176905032E0,2.575000000E1
8.179530032E0,2.575000000E1
8.182154032E0,2.575000000E1
8.184779032E0,2.575000000E1
8.187403032E0,2.575000000E1
8.190028032E0,2.575000000E1
8.192652032E0,2.575000000E1
8.195277032E0,2.575000000E1
8.197901032E0,2.575000000E1
8.200526032E0,2.575000000E1
8.203150032E0,2.575000000E1
8.205775032E0,2.575000000E1
8.208399032E0,2.575000000E1
8.211024032E0,2.575000000E1
8.213648032E0,2.575000000E1
8.216273032E0,2.575000000E1
8.218897032E0,2.575000000E1
8.221522032E0,2.575000000E1
8.224146032E0,2.575000000E1
8.226771032E0,2.575000000E1
8.229396032E0,2.575000000E1
8.232020032E0,2.575000000E1
8.234645032E0,2.575000000E1
8.237269032E0,2.575000000E1
8.239894032E0,2.575000000E1
8.242518032E0,2.575000000E1
8.245143032E0,2.575000000E1
8.247767032E0,2.575000000E1
8.250392032E0,2.575000000E1
8.253016032E0,2.575000000E1
8.255641032E0,2.575000000E1
8.258265032E0,2.575000000E1
8.260890032E0,2.575000000E1
8.263514032E0,2.575000000E1
8.266139032E0,2.575000000E1
8.268763032E0,2.575000000E1
8.271388032E0,2.575000000E1
8.274012032E0,2.575000000E1
8.276637032E0,2.575000000E1
8.279261032E0,2.575000000E1
8.281886032E0,2.575000000E1
8.284510032E0,2.575000000E1
8.287135032E0,2.575000000E1
8.289759032E0,2.575000000E1
8.292384032E0,2.575000000E1
8.295008032E0,2.575000000E1
8.297633032E0,2.575000000E1
8.300257032E0,2.575000000E1
8.302882032E0,2.575000000E1
8.305506032E0,2.575000000E1
8.308131032E0,2.575000000E1
8.310755032E0,2.575000000E1
8.313380032E0,2.575000000E1
8.316004032E0,2.575000000E1
8.318629032E0,2.575000000E1
8.321253032E0,2.575000000E1
8.323878032E0,2.575000000E1
8.326502032E0,2.575000000E1
8.329127032E0,2.575000000E1
8.331751032E0,2.575000000E1
8.334376032E0,2.575000000E1
8.337000032E0,2.575000000E1
8.339625032E0,2.575000000E1
8.342250032E0,2.575000000E1
8.344874032E0,2.575000000E1
8.347499032E0,2.575000000E1
8.350123032E0,2.575000000E1
8.352748032E0,2.575000000E1
8.355372032E0,2.575000000E1
8.357997032E0,2.575000000E1
8.360621032E0,2.575000000E1
8.363246032E0,2.575000000E1
8.365870032E0,2.575000000E1
8.368495032E0,2.575000000E1
8.371119032E0,2.575000000E1
8.373744032E0,2.575000000E1
8.376368032E0,2.575000000E1
8.378993032E0,2.575000000E1
8.381617032E0,2.575000000E1
8.384242032E0,2.575000000E1
8.386866032E0,2.575000000E1
8.389491032E0,2.575000000E1
8.392115032E0,2.575000000E1
8.394740032E0,2.575000000E1
8.397364032E0,2.575000000E1
8.399989032E0,2.575000000E1
8.402613032E0,2.575000000E1
8.405238032E0,2.575000000E1
8.407862032E0,2.575000000E1
8.410487032E0,2.575000000E1
8.413111032E0,2.575000000E1
8.415736032E0,2.575000000E1
8.418360032E0,2.575000000E1
8.420985032E0,2.575000000E1
8.423609032E0,2.575000000E1
8.426234032E0,2.575000000E1
8.428858032E0,2.575000000E1
8.431483032E0,2.575000000E1
8.434107032E0,2.575000000E1
8.436732032E0,2.575000000E1
8.439356032E0,2.575000000E1
8.441981032E0,2.575000000E1
8.444605032E0,2.575000000E1
8.447230032E0,2.575000000E1
8.449854032E0,2.575000000E1
8.452479032E0,2.575000000E1
8.455104032E0,2.575000000E1
8.457728032E0,2.575000000E1
8.460353032E0,2.575000000E1
8.462977032E0,2.575000000E1
8.465602032E0,2.575000000E1
8.468226032E0,2.575000000E1
8.470851032E0,2.575000000E1
8.473475032E0,2.575000000E1
8.476100032E0,2.575000000E1
8.478724032E0,2.575000000E1
8.481349032E0,2.575000000E1
8.483973032E0,2.575000000E1
8.486598032E0,2.575000000E1
8.489222032E0,2.575000000E1
8.491847032E0,2.575000000E1
8.494471032E0,2.575000000E1
8.497096032E0,2.575000000E1
8.499720032E0,2.575000000E1
8.502345032E0,2.575000000E1
8.504969032E0,2.575000000E1
8.507594032E0,2.575000000E1
8.510218032E0,2.575000000E1
8.512843032E0,2.575000000E1
8.515467032E0,2.575000000E1
8.518092032E0,2.575000000E1
8.520716032E0,2.575000000E1
8.523341032E0,2.575000000E1
8.525965032E0,2.575000000E1
8.528590032E0,2.575000000E1
8.531214032E0,2.575000000E1
8.533839032E0,2.575000000E1
8.536463032E0,2.575000000E1
8.539088032E0,2.575000000E1
8.541712032E0,2.575000000E1
8.544337032E0,2.575000000E1
8.546961032E0,2.575000000E1
8.549586032E0,2.575000000E1
8.552210032E0,2.575000000E1
8.554835032E0,2.575000000E1
8.557459032E0,2.575000000E1
8.560084032E0,2.575000000E1
8.562709032E0,2.575000000E1
8.565333032E0,2.575000000E1
8.567958032E0,2.575000000E1
8.570582032E0,2.575000000E1
8.573207032E0,2.575000000E1
8.575831032E0,2.575000000E1
8.578456032E0,2.575000000E1
8.581080032E0,2.575000000E1
8.583705032E0,2.575000000E1
8.586329032E0,2.575000000E1
8.588954032E0,2.575000000E1
8.591578032E0,2.575000000E1
8.594203032E0,2.575000000E1
8.596827032E0,2.575000000E1
8.599452032E0,2.575000000E1
8.602076032E0,2.575000000E1
8.604701032E0,2.575000000E1
8.607325032E0,2.575000000E1
8.609950032E0,2.575000000E1
8.612574032E0,2.575000000E1
8.615199032E0,2.575000000E1
8.617823032E0,2.575000000E1
8.620448032E0,2.575000000E1
8.623072032E0,2.575000000E1
8.625697032E0,2.575000000E1
8.628321032E0,2.575000000E1
8.630946032E0,2.575000000E1
8.633570032E0,2.575000000E1
8.636195032E0,2.575000000E1
8.638819032E0,2.575000000E1
8.641444032E0,2.575000000E1
8.644068032E0,2.575000000E1
8.646693032E0,2.575000000E1
8.649317032E0,2.575000000E1
8.651942032E0,2.575000000E1
8.654566032E0,2.575000000E1
8.657191032E0,2.575000000E1
8.659815032E0,2.575000000E1
8.662440032E0,2.575000000E1
8.665064032E0,2.575000000E1
8.667689032E0,2.575000000E1
8.670313032E0,2.575000000E1
8.672938032E0,2.575000000E1
8.675563032E0,2.575000000E1
8.678187032E0,2.575000000E1
8.680812032E0,2.575000000E1
8.683436032E0,2.575000000E1
8.686061032E0,2.575000000E1
8.688685032E0,2.575000000E1
8.691310032E0,2.575000000E1
8.693934032E0,2.575000000E1
8.696559032E0,2.575000000E1
8.699183032E0,2.575000000E1
8.701808032E0,2.575000000E1
8.704432032E0,2.575000000E1
8.707057032E0,2.575000000E1
8.709681032E0,2.575000000E1
8.712306032E0,2.575000000E1
8.714930032E0,2.575000000E1
8.717555032E0,2.575000000E1
8.720179032E0,2.575000000E1
8.722804032E0,2.575000000E1
8.725428032E0,2.575000000E1
8.728053032E0,2.575000000E1
8.730677032E0,2.575000000E1
8.733302032E0,2.575000000E1
8.735926032E0,2.575000000E1
8.738551032E0,2.575000000E1
8.741175032E0,2.575000000E1
8.743800032E0,2.575000000E1
8.746424032E0,2.575000000E1
8.749049032E0,2.575000000E1
8.751673032E0,2.575000000E1
8.754298032E0,2.575000000E1
8.756922032E0,2.575000000E1
8.759547032E0,2.575000000E1
8.762171032E0,2.575000000E1
8.764796032E0,2.575000000E1
8.767420032E0,2.575000000E1
8.770045032E0,2.575000000E1
8.772669032E0,2.575000000E1
8.775294032E0,2.575000000E1
8.777918032E0,2.575000000E1
8.780543032E0,2.575000000E1
8.783167032E0,2.575000000E1
8.785792032E0,2.575000000E1
8.788417032E0,2.575000000E1
8.791041032E0,2.575000000E1
8.793666032E0,2.575000000E1
8.796290032E0,2.575000000E1
8.798915032E0,2.575000000E1
8.801539032E0,2.575000000E1
8.804164032E0,2.575000000E1
8.806788032E0,2.575000000E1
8.809413032E0,2.575000000E1
8.812037032E0,2.575000000E1
8.814662032E0,2.575000000E1
8.817286032E0,2.575000000E1
8.819911032E0,2.575000000E1
8.822535032E0,2.575000000E1
8.825160032E0,2.575000000E1
8.827784032E0,2.575000000E1
8.830409032E0,2.575000000E1
8.833033032E0,2.575000000E1
8.835658032E0,2.575000000E1
8.838282032E0,2.575000000E1
8.840907032E0,2.575000000E1
8.843531032E0,2.575000000E1
8.846156032E0,2.575000000E1
8.848780032E0,2.575000000E1
8.851405032E0,2.575000000E1
8.854029032E0,2.575000000E1
8.856654032E0,2.575000000E1
8.859278032E0,2.575000000E1
8.861903032E0,2.575000000E1
8.864527032E0,2.575000000E1
8.867152032E0,2.575000000E1
8.869776032E0,2.575000000E1
8.872401032E0,2.575000000E1
8.875025032E0,2.575000000E1
8.877650032E0,2.575000000E1
8.880274032E0,2.575000000E1
8.882899032E0,2.575000000E1
8.885523032E0,2.575000000E1
8.888148032E0,2.575000000E1
8.890772032E0,2.575000000E1
8.893397032E0,2.575000000E1
8.896021032E0,2.575000000E1
8.898646032E0,2.575000000E1
8.901271032E0,2.575000000E1
8.903895032E0,2.575000000E1
8.906520032E0,2.575000000E1
8.909144032E0,2.575000000E1
8.911769032E0,2.575000000E1
8.914393032E0,2.575000000E1
8.917018032E0,2.575000000E1
8.919642032E0,2.575000000E1
8.922267032E0,2.575000000E1
8.924891032E0,2.575000000E1
8.927516032E0,2.575000000E1
8.930140032E0,2.575000000E1
8.932765032E0,2.575000000E1
8.935389032E0,2.575000000E1
8.938014032E0,2.575000000E1
8.940638032E0,2.575000000E1
8.943263032E0,2.575000000E1
8.945887032E0,2.575000000E1
8.948512032E0,2.575000000E1
8.951136032E0,2.575000000E1
8.953761032E0,2.575000000E1
8.956385032E0,2.575000000E1
8.959010032E0,2.575000000E1
8.961634032E0,2.575000000E1
8.964259032E0,2.575000000E1
8.966883032E0,2.575000000E1
8.969508032E0,2.575000000E1
8.972132032E0,2.575000000E1
8.974757032E0,2.575000000E1
8.977381032E0,2.575000000E1
8.980006032E0,2.575000000E1
8.982630032E0,2.575000000E1
8.985255032E0,2.575000000E1
8.987879032E0,2.575000000E1
8.990504032E0,2.575000000E1
8.993128032E0,2.575000000E1
8.995753032E0,2.575000000E1
8.998377032E0,2.575000000E1
9.001002032E0,2.575000000E1
9.003626032E0,2.575000000E1
9.006251032E0,2.575000000E1
9.008875032E0,2.575000000E1
9.011500032E0,2.575000000E1
9.014125032E0,2.575000000E1
9.016749032E0,2.575000000E1
9.019374032E0,2.575000000E1
9.021998032E0,2.575000000E1
9.024623032E0,2.575000000E1
9.027247032E0,2.575000000E1
9.029872032E0,2.575000000E1
9.032496032E0,2.575000000E1
9.035121032E0,2.575000000E1
9.037745032E0,2.575000000E1
9.040370032E0,2.575000000E1
9.042994032E0,2.575000000E1
9.045619032E0,2.575000000E1
9.048243032E0,2.575000000E1
9.050868032E0,2.575000000E1
9.053492032E0,2.575000000E1
9.056117032E0,2.575000000E1
9.058741032E0,2.575000000E1
9.061366032E0,2.575000000E1
9.063990032E0,2.575000000E1
9.066615032E0,2.575000000E1
9.069239032E0,2.575000000E1
9.071864032E0,2.575000000E1
9.074488032E0,2.575000000E1
9.077113032E0,2.575000000E1
9.079737032E0,2.575000000E1
9.082362032E0,2.575000000E1
9.084986032E0,2.575000000E1
9.087611032E0,2.575000000E1
9.090235032E0,2.575000000E1
9.092860032E0,2.575000000E1
9.095484032E0,2.575000000E1
9.098109032E0,2.575000000E1
9.100733032E0,2.575000000E1
9.103358032E0,2.575000000E1
9.105982032E0,2.575000000E1
9.108607032E0,2.575000000E1
9.111231032E0,2.575000000E1
9.113856032E0,2.575000000E1
9.116480032E0,2.575000000E1
9.119105032E0,2.575000000E1
9.121729032E0,2.575000000E1
9.124354032E0,2.575000000E1
9.126979032E0,2.575000000E1
9.129603032E0,2.575000000E1
9.132228032E0,2.575000000E1
9.134852032E0,2.575000000E1
9.137477032E0,2.575000000E1
9.140101032E0,2.575000000E1
9.142726032E0,2.575000000E1
9.145350032E0,2.575000000E1
9.147975032E0,2.575000000E1
9.150599032E0,2.575000000E1
9.153224032E0,2.575000000E1
9.155848032E0,2.575000000E1
9.158473032E0,2.575000000E1
9.161097032E0,2.575000000E1
9.163722032E0,2.575000000E1
9.166346032E0,2.575000000E1
9.168971032E0,2.575000000E1
9.171595032E0,2.575000000E1
9.174220032E0,2.575000000E1
9.176844032E0,2.575000000E1
9.179469032E0,2.575000000E1
9.182093032E0,2.575000000E1
9.184718032E0,2.575000000E1
9.187342032E0,2.575000000E1
9.189967032E0,2.575000000E1
9.192591032E0,2.575000000E1
9.195216032E0,2.575000000E1
9.197840032E0,2.575000000E1
9.200465032E0,2.575000000E1
9.203089032E0,2.575000000E1
9.205714032E0,2.575000000E1
9.208338032E0,2.575000000E1
9.210963032E0,2.575000000E1
9.213587032E0,2.575000000E1
9.216212032E0,2.575000000E1
9.218836032E0,2.575000000E1
9.221461032E0,2.575000000E1
9.224085032E0,2.575000000E1
9.226710032E0,2.575000000E1
9.229334032E0,2.575000000E1
9.231959032E0,2.575000000E1
9.234584032E0,2.575000000E1
9.237208032E0,2.575000000E1
9.239833032E0,2.575000000E1
9.242457032E0,2.575000000E1
9.245082032E0,2.575000000E1
9.247706032E0,2.575000000E1
9.250331032E0,2.575000000E1
9.252955032E0,2.575000000E1
9.255580032E0,2.575000000E1
9.258204032E0,2.575000000E1
9.260829032E0,2.575000000E1
9.263453032E0,2.575000000E1
9.266078032E0,2.575000000E1
9.268702032E0,2.575000000E1
9.271327032E0,2.575000000E1
9.273951032E0,2.575000000E1
9.276576032E0,2.575000000E1
9.279200032E0,2.575000000E1
9.281825032E0,2.575000000E1
9.284449032E0,2.575000000E1
9.287074032E0,2.575000000E1
9.289698032E0,2.575000000E1
9.292323032E0,2.575000000E1
9.294947032E0,2.575000000E1
9.297572032E0,2.575000000E1
9.300196032E0,2.575000000E1
9.302821032E0,2.575000000E1
9.305445032E0,2.575000000E1
9.308070032E0,2.575000000E1
9.310694032E0,2.575000000E1
9.313319032E0,2.575000000E1
9.315943032E0,2.575000000E1
9.318568032E0,2.575000000E1
9.321192032E0,2.575000000E1
9.323817032E0,2.575000000E1
9.326441032E0,2.575000000E1
9.329066032E0,2.575000000E1
9.331690032E0,2.575000000E1
9.334315032E0,2.575000000E1
9.336939032E0,2.575000000E1
9.339564032E0,2.575000000E1
9.342188032E0,2.575000000E1
9.344813032E0,2.575000000E1
9.347438032E0,2.575000000E1
9.350062032E0,2.575000000E1
9.352687032E0,2.575000000E1
9.355311032E0,2.575000000E1
9.357936032E0,2.575000000E1
9.360560032E0,2.575000000E1
9.363185032E0,2.575000000E1
9.365809032E0,2.575000000E1
9.368434032E0,2.575000000E1
9.371058032E0,2.575000000E1
9.373683032E0,2.575000000E1
9.376307032E0,2.575000000E1
9.378932032E0,2.575000000E1
9.381556032E0,2.575000000E1
9.384181032E0,2.575000000E1
9.386805032E0,2.575000000E1
9.389430032E0,2.575000000E1
9.392054032E0,2.575000000E1
9.394679032E0,2.575000000E1
9.397303032E0,2.575000000E1
9.399928032E0,2.575000000E1
9.402552032E0,2.575000000E1
9.405177032E0,2.575000000E1
9.407801032E0,2.575000000E1
9.410426032E0,2.575000000E1
9.413050032E0,2.575000000E1
9.415675032E0,2.575000000E1
9.418299032E0,2.575000000E1
9.420924032E0,2.575000000E1
9.423548032E0,2.575000000E1
9.426173032E0,2.575000000E1
9.428797032E0,2.575000000E1
9.431422032E0,2.575000000E1
9.434046032E0,2.575000000E1
9.436671032E0,2.575000000E1
9.439295032E0,2.575000000E1
9.441920032E0,2.575000000E1
9.444544032E0,2.575000000E1
9.447169032E0,2.575000000E1
9.449793032E0,2.575000000E1
9.452418032E0,2.575000000E1
9.455042032E0,2.575000000E1
9.457667032E0,2.575000000E1
9.460292032E0,2.575000000E1
9.462916032E0,2.575000000E1
9.465541032E0,2.575000000E1
9.468165032E0,2.575000000E1
9.470790032E0,2.575000000E1
9.473414032E0,2.575000000E1
9.476039032E0,2.575000000E1
9.478663032E0,2.575000000E1
9.481288032E0,2.575000000E1
9.483912032E0,2.575000000E1
9.486537032E0,2.575000000E1
9.489161032E0,2.575000000E1
9.491786032E0,2.575000000E1
9.494410032E0,2.575000000E1
9.497035032E0,2.575000000E1
9.499659032E0,2.575000000E1
9.502284032E0,2.575000000E1
9.504908032E0,2.575000000E1
9.507533032E0,2.575000000E1
9.510157032E0,2.575000000E1
9.512782032E0,2.575000000E1
9.515406032E0,2.575000000E1
9.518031032E0,2.575000000E1
9.520655032E0,2.575000000E1
9.523280032E0,2.575000000E1
9.525904032E0,2.575000000E1
9.528529032E0,2.575000000E1
9.531153032E0,2.575000000E1
9.533778032E0,2.575000000E1
9.536402032E0,2.575000000E1
9.539027032E0,2.575000000E1
9.541651032E0,2.575000000E1
9.544276032E0,2.575000000E1
9.546900032E0,2.575000000E1
9.549525032E0,2.575000000E1
9.552149032E0,2.575000000E1
9.554774032E0,2.575000000E1
9.557398032E0,2.575000000E1
9.560023032E0,2.575000000E1
9.562647032E0,2.575000000E1
9.565272032E0,2.575000000E1
9.567896032E0,2.575000000E1
9.570521032E0,2.575000000E1
9.573146032E0,2.575000000E1
9.575770032E0,2.575000000E1
9.578395032E0,2.575000000E1
9.581019032E0,2.575000000E1
9.583644032E0,2.575000000E1
9.586268032E0,2.575000000E1
9.588893032E0,2.575000000E1
9.591517032E0,2.575000000E1
9.594142032E0,2.575000000E1
9.596766032E0,2.575000000E1
9.599391032E0,2.575000000E1
9.602015032E0,2.575000000E1
9.604640032E0,2.575000000E1
9.607264032E0,2.575000000E1
9.609889032E0,2.575000000E1
9.612513032E0,2.575000000E1
9.615138032E0,2.575000000E1
9.617762032E0,2.575000000E1
9.620387032E0,2.575000000E1
9.623011032E0,2.575000000E1
9.625636032E0,2.575000000E1
9.628260032E0,2.575000000E1
9.630885032E0,2.575000000E1
9.633509032E0,2.575000000E1
9.636134032E0,2.575000000E1
9.638758032E0,2.575000000E1
9.641383032E0,2.575000000E1
9.644007032E0,2.575000000E1
9.646632032E0,2.575000000E1
9.649256032E0,2.575000000E1
9.651881032E0,2.575000000E1
9.654505032E0,2.575000000E1
9.657130032E0,2.575000000E1
9.659754032E0,2.575000000E1
9.662379032E0,2.575000000E1
9.665003032E0,2.575000000E1
9.667628032E0,2.575000000E1
9.670252032E0,2.575000000E1
9.672877032E0,2.575000000E1
9.675501032E0,2.575000000E1
9.678126032E0,2.575000000E1
9.680750032E0,2.575000000E1
9.683375032E0,2.575000000E1
9.686000032E0,2.575000000E1
9.688624032E0,2.575000000E1
9.691249032E0,2.575000000E1
9.693873032E0,2.575000000E1
9.696498032E0,2.575000000E1
9.699122032E0,2.575000000E1
9.701747032E0,2.575000000E1
9.704371032E0,2.575000000E1
9.706996032E0,2.575000000E1
9.709620032E0,2.575000000E1
9.712245032E0,2.575000000E1
9.714869032E0,2.575000000E1
9.717494032E0,2.575000000E1
9.720118032E0,2.575000000E1
9.722743032E0,2.575000000E1
9.725367032E0,2.575000000E1
9.727992032E0,2.575000000E1
9.730616032E0,2.575000000E1
9.733241032E0,2.575000000E1
9.735865032E0,2.575000000E1
9.738490032E0,2.575000000E1
9.741114032E0,2.575000000E1
9.743739032E0,2.575000000E1
9.746363032E0,2.575000000E1
9.748988032E0,2.575000000E1
9.751612032E0,2.575000000E1
9.754237032E0,2.575000000E1
9.756861032E0,2.575000000E1
9.759486032E0,2.575000000E1
9.762110032E0,2.575000000E1
9.764735032E0,2.575000000E1
9.767359032E0,2.575000000E1
9.769984032E0,2.575000000E1
9.772608032E0,2.575000000E1
9.775233032E0,2.575000000E1
9.777857032E0,2.575000000E1
9.780482032E0,2.575000000E1
9.783106032E0,2.575000000E1
9.785731032E0,2.575000000E1
9.788355032E0,2.575000000E1
9.790980032E0,2.575000000E1
9.793604032E0,2.575000000E1
9.796229032E0,2.575000000E1
9.798854032E0,2.575000000E1
9.801478032E0,2.575000000E1
9.804103032E0,2.575000000E1
9.806727032E0,2.575000000E1
9.809352032E0,2.575000000E1
9.811976032E0,2.575000000E1
9.814601032E0,2.575000000E1
9.817225032E0,2.575000000E1
9.819850032E0,2.575000000E1
9.822474032E0,2.575000000E1
9.825099032E0,2.575000000E1
9.827723032E0,2.575000000E1
9.830348032E0,2.575000000E1
9.832972032E0,2.575000000E1
9.835597032E0,2.575000000E1
9.838221032E0,2.575000000E1
9.840846032E0,2.575000000E1
9.843470032E0,2.575000000E1
9.846095032E0,2.575000000E1
9.848719032E0,2.575000000E1
9.851344032E0,2.575000000E1
9.853968032E0,2.575000000E1
9.856593032E0,2.575000000E1
9.859217032E0,2.575000000E1
9.861842032E0,2.575000000E1
9.864466032E0,2.575000000E1
9.867091032E0,2.575000000E1
9.869715032E0,2.575000000E1
9.872340032E0,2.575000000E1
9.874964032E0,2.575000000E1
9.877589032E0,2.575000000E1
9.880213032E0,2.575000000E1
9.882838032E0,2.575000000E1
9.885462032E0,2.575000000E1
9.888087032E0,2.575000000E1
9.890711032E0,2.575000000E1
9.893336032E0,2.575000000E1
9.895960032E0,2.575000000E1
9.898585032E0,2.575000000E1
9.901209032E0,2.575000000E1
9.903834032E0,2.575000000E1
9.906459032E0,2.575000000E1
9.909083032E0,2.575000000E1
9.911708032E0,2.575000000E1
9.914332032E0,2.575000000E1
9.916957032E0,2.575000000E1
9.919581032E0,2.575000000E1
9.922206032E0,2.575000000E1
9.924830032E0,2.575000000E1
9.927455032E0,2.575000000E1
9.930079032E0,2.575000000E1
9.932704032E0,2.575000000E1
9.935328032E0,2.575000000E1
9.937953032E0,2.575000000E1
9.940577032E0,2.575000000E1
9.943202032E0,2.575000000E1
9.945826032E0,2.575000000E1
9.948451032E0,2.575000000E1
9.951075032E0,2.575000000E1
9.953700032E0,2.575000000E1
9.956324032E0,2.575000000E1
9.958949032E0,2.575000000E1
9.961573032E0,2.575000000E1
9.964198032E0,2.575000000E1
9.966822032E0,2.575000000E1
9.969447032E0,2.575000000E1
9.972071032E0,2.575000000E1
9.974696032E0,2.575000000E1
9.977320032E0,2.575000000E1
9.979945032E0,2.575000000E1
9.982569032E0,2.575000000E1
9.985194032E0,2.575000000E1
9.987818032E0,2.575000000E1
9.990443032E0,2.575000000E1
9.993067032E0,2.575000000E1
9.995692032E0,2.575000000E1
9.998316032E0,2.575000000E1
1.000094103E1,2.575000000E1
1.000356503E1,2.575000000E1
1.000619003E1,2.575000000E1
1.000881403E1,2.575000000E1
1.001143903E1,2.575000000E1
1.001406303E1,2.575000000E1
1.001668803E1,2.575000000E1
1.001931303E1,2.575000000E1
1.002193703E1,2.575000000E1
1.002456203E1,2.575000000E1
1.002718603E1,2.575000000E1
1.002981103E1,2.575000000E1
1.003243503E1,2.575000000E1
1.003506003E1,2.575000000E1
1.003768403E1,2.575000000E1
1.004030903E1,2.575000000E1
1.004293303E1,2.575000000E1
1.004555803E1,2.575000000E1
1.004818203E1,2.575000000E1
1.005080703E1,2.575000000E1
1.005343103E1,2.575000000E1
1.005605603E1,2.575000000E1
1.005868003E1,2.575000000E1
1.006130503E1,2.575000000E1
1.006392903E1,2.575000000E1
1.006655403E1,2.575000000E1
1.006917803E1,2.575000000E1
1.007180303E1,2.575000000E1
1.007442703E1,2.575000000E1
1.007705203E1,2.575000000E1
1.007967603E1,2.575000000E1
1.008230103E1,2.575000000E1
1.008492503E1,2.575000000E1
1.008755003E1,2.575000000E1
1.009017403E1,2.575000000E1
1.009279903E1,2.575000000E1
1.009542303E1,2.575000000E1
1.009804803E1,2.575000000E1
1.010067203E1,2.575000000E1
1.010329703E1,2.575000000E1
1.010592103E1,2.575000000E1
1.010854603E1,2.575000000E1
1.011117003E1,2.575000000E1
1.011379503E1,2.575000000E1
1.011641903E1,2.575000000E1
1.011904403E1,2.575000000E1
1.012166803E1,2.575000000E1
1.012429303E1,2.575000000E1
1.012691703E1,2.575000000E1
1.012954203E1,2.575000000E1
1.013216703E1,2.575000000E1
1.013479103E1,2.575000000E1
1.013741603E1,2.575000000E1
1.014004003E1,2.575000000E1
1.014266503E1,2.575000000E1
1.014528903E1,2.575000000E1
1.014791403E1,2.575000000E1
1.015053803E1,2.575000000E1
1.015316303E1,2.575000000E1
1.015578703E1,2.575000000E1
1.015841203E1,2.575000000E1
1.016103603E1,2.575000000E1
1.016366103E1,2.575000000E1
1.016628503E1,2.575000000E1
1.016891003E1,2.575000000E1
1.017153403E1,2.575000000E1
1.017415903E1,2.575000000E1
1.017678303E1,2.575000000E1
1.017940803E1,2.575000000E1
1.018203203E1,2.575000000E1
1.018465703E1,2.575000000E1
1.018728103E1,2.575000000E1
1.018990603E1,2.575000000E1
1.019253003E1,2.575000000E1
1.019515503E1,2.575000000E1
1.019777903E1,2.575000000E1
1.020040403E1,2.575000000E1
1.020302803E1,2.575000000E1
1.020565303E1,2.575000000E1
1.020827703E1,2.575000000E1
1.021090203E1,2.575000000E1
1.021352603E1,2.575000000E1
1.021615103E1,2.575000000E1
1.021877503E1,2.575000000E1
1.022140003E1,2.575000000E1
1.022402403E1,2.575000000E1
1.022664903E1,2.575000000E1
1.022927303E1,2.575000000E1
1.023189803E1,2.575000000E1
1.023452203E1,2.575000000E1
1.023714703E1,2.575000000E1
1.023977103E1,2.575000000E1
1.024239603E1,2.575000000E1
1.024502103E1,2.575000000E1
1.024764503E1,2.575000000E1
1.025027003E1,2.575000000E1
1.025289403E1,2.575000000E1
1.025551903E1,2.575000000E1
1.025814303E1,2.575000000E1
1.026076803E1,2.575000000E1
1.026339203E1,2.575000000E1
1.026601703E1,2.575000000E1
1.026864103E1,2.575000000E1
1.027126603E1,2.575000000E1
1.027389003E1,2.575000000E1
1.027651503E1,2.575000000E1
1.027913903E1,2.575000000E1
1.028176403E1,2.575000000E1
1.028438803E1,2.575000000E1
1.028701303E1,2.575000000E1
1.028963703E1,2.575000000E1
1.029226203E1,2.575000000E1
1.029488603E1,2.575000000E1
1.029751103E1,2.575000000E1
1.030013503E1,2.575000000E1
1.030276003E1,2.575000000E1
1.030538403E1,2.575000000E1
1.030800903E1,2.575000000E1
1.031063303E1,2.575000000E1
1.031325803E1,2.575000000E1
1.031588203E1,2.575000000E1
1.031850703E1,2.575000000E1
1.032113103E1,2.575000000E1
1.032375603E1,2.575000000E1
1.032638003E1,2.575000000E1
1.032900503E1,2.575000000E1
1.033162903E1,2.575000000E1
1.033425403E1,2.575000000E1
1.033687803E1,2.575000000E1
1.033950303E1,2.575000000E1
1.034212703E1,2.575000000E1
1.034475203E1,2.575000000E1
1.034737603E1,2.575000000E1
1.035000103E1,2.575000000E1
1.035262503E1,2.575000000E1
1.035525003E1,2.575000000E1
1.035787503E1,2.575000000E1
1.036049903E1,2.575000000E1
1.036312403E1,2.575000000E1
1.036574803E1,2.575000000E1
1.036837303E1,2.575000000E1
1.037099703E1,2.575000000E1
1.037362203E1,2.575000000E1
1.037624603E1,2.575000000E1
1.037887103E1,2.575000000E1
1.038149503E1,2.575000000E1
1.038412003E1,2.575000000E1
1.038674403E1,2.575000000E1
1.038936903E1,2.575000000E1
1.039199303E1,2.575000000E1
1.039461803E1,2.575000000E1
1.039724203E1,2.575000000E1
1.039986703E1,2.575000000E1
1.040249103E1,2.575000000E1
1.040511603E1,2.575000000E1
1.040774003E1,2.575000000E1
1.041036503E1,2.575000000E1
1.041298903E1,2.575000000E1
1.041561403E1,2.575000000E1
1.041823803E1,2.575000000E1
1.042086303E1,2.575000000E1
1.042348703E1,2.575000000E1
1.042611203E1,2.575000000E1
1.042873603E1,2.575000000E1
1.043136103E1,2.575000000E1
1.043398503E1,2.575000000E1
1.043661003E1,2.575000000E1
1.043923403E1,2.575000000E1
1.044185903E1,2.575000000E1
1.044448303E1,2.575000000E1
1.044710803E1,2.575000000E1
1.044973203E1,2.575000000E1
1.045235703E1,2.575000000E1
1.045498103E1,2.575000000E1
1.045760603E1,2.575000000E1
1.046023003E1,2.575000000E1
1.046285503E1,2.575000000E1
1.046547903E1,2.575000000E1
1.046810403E1,2.575000000E1
1.047072903E1,2.575000000E1
1.047335303E1,2.575000000E1
1.047597803E1,2.575000000E1
1.047860203E1,2.575000000E1
1.048122703E1,2.575000000E1
1.048385103E1,2.575000000E1
1.048647603E1,2.575000000E1
1.048910003E1,2.575000000E1
1.049172503E1,2.575000000E1
1.049434903E1,2.575000000E1
1.049697403E1,2.575000000E1
1.049959803E1,2.575000000E1
1.050222303E1,2.575000000E1
1.050484703E1,2.575000000E1
1.050747203E1,2.575000000E1
1.051009603E1,2.575000000E1
1.051272103E1,2.575000000E1
1.051534503E1,2.575000000E1
1.051797003E1,2.575000000E1
1.052059403E1,2.575000000E1
1.052321903E1,2.575000000E1
1.052584303E1,2.575000000E1
1.052846803E1,2.575000000E1
1.053109203E1,2.575000000E1
1.053371703E1,2.575000000E1
1.053634103E1,2.575000000E1
1.053896603E1,2.575000000E1
1.054159003E1,2.575000000E1
1.054421503E1,2.575000000E1
1.054683903E1,2.575000000E1
1.054946403E1,2.575000000E1
1.055208803E1,2.575000000E1
1.055471303E1,2.575000000E1
1.055733703E1,2.575000000E1
1.055996203E1,2.575000000E1
1.056258603E1,2.575000000E1
1.056521103E1,2.575000000E1
1.056783503E1,2.575000000E1
1.057046003E1,2.575000000E1
1.057308403E1,2.575000000E1
1.057570903E1,2.575000000E1
1.057833403E1,2.575000000E1
1.058095803E1,2.575000000E1
1.058358303E1,2.575000000E1
1.058620703E1,2.575000000E1
1.058883203E1,2.575000000E1
1.059145603E1,2.575000000E1
1.059408103E1,2.575000000E1
1.059670503E1,2.575000000E1
1.059933003E1,2.575000000E1
1.060195403E1,2.575000000E1
1.060457903E1,2.575000000E1
1.060720303E1,2.575000000E1
1.060982803E1,2.575000000E1
1.061245203E1,2.575000000E1
1.061507703E1,2.575000000E1
1.061770103E1,2.575000000E1
1.062032603E1,2.575000000E1
1.062295003E1,2.575000000E1
1.062557503E1,2.575000000E1
1.062819903E1,2.575000000E1
1.063082403E1,2.575000000E1
1.063344803E1,2.575000000E1
1.063607303E1,2.575000000E1
1.063869703E1,2.575000000E1
1.064132203E1,2.575000000E1
1.064394603E1,2.575000000E1
1.064657103E1,2.575000000E1
1.064919503E1,2.575000000E1
1.065182003E1,2.575000000E1
1.065444403E1,2.575000000E1
1.065706903E1,2.575000000E1
1.065969303E1,2.575000000E1
1.066231803E1,2.575000000E1
1.066494203E1,2.575000000E1
1.066756703E1,2.575000000E1
1.067019103E1,2.575000000E1
1.067281603E1,2.575000000E1
1.067544003E1,2.575000000E1
1.067806503E1,2.575000000E1
1.068068903E1,2.575000000E1
1.068331403E1,2.575000000E1
1.068593803E1,2.575000000E1
1.068856303E1,2.575000000E1
1.069118803E1,2.575000000E1
1.069381203E1,2.575000000E1
1.069643703E1,2.575000000E1
1.069906103E1,2.575000000E1
1.070168603E1,2.575000000E1
1.070431003E1,2.575000000E1
1.070693503E1,2.575000000E1
1.070955903E1,2.575000000E1
1.071218403E1,2.575000000E1
1.071480803E1,2.575000000E1
1.071743303E1,2.575000000E1
1.072005703E1,2.575000000E1
1.072268203E1,2.575000000E1
1.072530603E1,2.575000000E1
1.072793103E1,2.575000000E1
1.073055503E1,2.575000000E1
1.073318003E1,2.575000000E1
1.073580403E1,2.575000000E1
1.073842903E1,2.575000000E1
1.074105303E1,2.575000000E1
1.074367803E1,2.575000000E1
1.074630203E1,2.575000000E1
1.074892703E1,2.575000000E1
1.075155103E1,2.575000000E1
1.075417603E1,2.575000000E1
1.075680003E1,2.575000000E1
1.075942503E1,2.575000000E1
1.076204903E1,2.575000000E1
1.076467403E1,2.575000000E1
1.076729803E1,2.575000000E1
1.076992303E1,2.575000000E1
1.077254703E1,2.575000000E1
1.077517203E1,2.575000000E1
1.077779603E1,2.575000000E1
1.078042103E1,2.575000000E1
1.078304503E1,2.575000000E1
1.078567003E1,2.575000000E1
1.078829403E1,2.575000000E1
1.079091903E1,2.575000000E1
1.079354303E1,2.575000000E1
1.079616803E1,2.575000000E1
1.079879203E1,2.575000000E1
1.080141703E1,2.575000000E1
1.080404203E1,2.575000000E1
1.080666603E1,2.575000000E1
1.080929103E1,2.575000000E1
1.081191503E1,2.575000000E1
1.081454003E1,2.575000000E1
1.081716403E1,2.575000000E1
1.081978903E1,2.575000000E1
1.082241303E1,2.575000000E1
1.082503803E1,2.575000000E1
1.082766203E1,2.575000000E1
1.083028703E1,2.575000000E1
1.083291103E1,2.575000000E1
1.083553603E1,2.575000000E1
1.083816003E1,2.575000000E1
1.084078503E1,2.575000000E1
1.084340903E1,2.575000000E1
1.084603403E1,2.575000000E1
1.084865803E1,2.575000000E1
1.085128303E1,2.575000000E1
1.085390703E1,2.575000000E1
1.085653203E1,2.575000000E1
1.085915603E1,2.575000000E1
1.086178103E1,2.575000000E1
1.086440503E1,2.575000000E1
1.086703003E1,2.575000000E1
1.086965403E1,2.575000000E1
1.087227903E1,2.575000000E1
1.087490303E1,2.575000000E1
1.087752803E1,2.575000000E1
1.088015203E1,2.575000000E1
1.088277703E1,2.575000000E1
1.088540103E1,2.575000000E1
1.088802603E1,2.575000000E1
1.089065003E1,2.575000000E1
1.089327503E1,2.575000000E1
1.089589903E1,2.575000000E1
1.089852403E1,2.575000000E1
1.090114803E1,2.575000000E1
1.090377303E1,2.575000000E1
1.090639703E1,2.575000000E1
1.090902203E1,2.575000000E1
1.091164603E1,2.575000000E1
1.091427103E1,2.575000000E1
1.091689603E1,2.575000000E1
1.091952003E1,2.575000000E1
1.092214503E1,2.575000000E1
1.092476903E1,2.575000000E1
1.092739403E1,2.575000000E1
1.093001803E1,2.575000000E1
1.093264303E1,2.575000000E1
1.093526703E1,2.575000000E1
1.093789203E1,2.575000000E1
1.094051603E1,2.575000000E1
1.094314103E1,2.575000000E1
1.094576503E1,2.575000000E1
1.094839003E1,2.575000000E1
1.095101403E1,2.575000000E1
1.095363903E1,2.575000000E1
1.095626303E1,2.575000000E1
1.095888803E1,2.575000000E1
1.096151203E1,2.575000000E1
1.096413703E1,2.575000000E1
1.096676103E1,2.575000000E1
1.096938603E1,2.575000000E1
1.097201003E1,2.575000000E1
1.097463503E1,2.575000000E1
1.097725903E1,2.575000000E1
1.097988403E1,2.575000000E1
1.098250803E1,2.575000000E1
1.098513303E1,2.575000000E1
1.098775703E1,2.575000000E1
1.099038203E1,2.575000000E1
1.099300603E1,2.575000000E1
1.099563103E1,2.575000000E1
1.099825503E1,2.575000000E1
1.100088003E1,2.575000000E1
1.100350403E1,2.575000000E1
1.100612903E1,2.575000000E1
1.100875303E1,2.575000000E1
1.101137803E1,2.575000000E1
1.101400203E1,2.575000000E1
1.101662703E1,2.575000000E1
1.101925103E1,2.575000000E1
1.102187603E1,2.575000000E1
1.102450003E1,2.575000000E1
1.102712503E1,2.575000000E1
1.102975003E1,2.575000000E1
1.103237403E1,2.575000000E1
1.103499903E1,2.575000000E1
1.103762303E1,2.575000000E1
1.104024803E1,2.575000000E1
1.104287203E1,2.575000000E1
1.104549703E1,2.575000000E1
1.104812103E1,2.575000000E1
1.105074603E1,2.575000000E1
1.105337003E1,2.575000000E1
1.105599503E1,2.575000000E1
1.105861903E1,2.575000000E1
1.106124403E1,2.575000000E1
1.106386803E1,2.575000000E1
1.106649303E1,2.575000000E1
1.106911703E1,2.575000000E1
1.107174203E1,2.575000000E1
1.107436603E1,2.575000000E1
1.107699103E1,2.575000000E1
1.107961503E1,2.575000000E1
1.108224003E1,2.575000000E1
1.108486403E1,2.575000000E1
1.108748903E1,2.575000000E1
1.109011303E1,2.575000000E1
1.109273803E1,2.575000000E1
1.109536203E1,2.575000000E1
1.109798703E1,2.575000000E1
1.110061103E1,2.575000000E1
1.110323603E1,2.575000000E1
1.110586003E1,2.575000000E1
1.110848503E1,2.575000000E1
1.111110903E1,2.575000000E1
1.111373403E1,2.575000000E1
1.111635803E1,2.575000000E1
1.111898303E1,2.575000000E1
1.112160703E1,2.575000000E1
1.112423203E1,2.575000000E1
1.112685603E1,2.575000000E1
1.112948103E1,2.575000000E1
1.113210503E1,2.575000000E1
1.113473003E1,2.575000000E1
1.113735403E1,2.575000000E1
1.113997903E1,2.575000000E1
1.114260403E1,2.575000000E1
1.114522803E1,2.575000000E1
1.114785303E1,2.575000000E1
1.115047703E1,2.575000000E1
1.115310203E1,2.575000000E1
1.115572603E1,2.575000000E1
1.115835103E1,2.575000000E1
1.116097503E1,2.575000000E1
1.116360003E1,2.575000000E1
1.116622403E1,2.575000000E1
1.116884903E1,2.575000000E1
1.117147303E1,2.575000000E1
1.117409803E1,2.575000000E1
1.117672203E1,2.575000000E1
1.117934703E1,2.575000000E1
1.118197103E1,2.575000000E1
1.118459603E1,2.575000000E1
1.118722003E1,2.575000000E1
1.118984503E1,2.575000000E1
1.119246903E1,2.575000000E1
1.119509403E1,2.575000000E1
1.119771803E1,2.575000000E1
1.120034303E1,2.575000000E1
1.120296703E1,2.575000000E1
1.120559203E1,2.575000000E1
1.120821603E1,2.575000000E1
1.121084103E1,2.575000000E1
1.121346503E1,2.575000000E1
1.121609003E1,2.575000000E1
1.121871403E1,2.575000000E1
1.122133903E1,2.575000000E1
1.122396303E1,2.575000000E1
1.122658803E1,2.575000000E1
1.122921203E1,2.575000000E1
1.123183703E1,2.575000000E1
1.123446103E1,2.575000000E1
1.123708603E1,2.575000000E1
1.123971003E1,2.575000000E1
1.124233503E1,2.575000000E1
1.124495903E1,2.575000000E1
1.124758403E1,2.575000000E1
1.125020903E1,2.575000000E1
1.125283303E1,2.575000000E1
1.125545803E1,2.575000000E1
1.125808203E1,2.575000000E1
1.126070703E1,2.575000000E1
1.126333103E1,2.575000000E1
1.126595603E1,2.575000000E1
1.126858003E1,2.575000000E1
1.127120503E1,2.575000000E1
1.127382903E1,2.575000000E1
1.127645403E1,2.575000000E1
1.127907803E1,2.575000000E1
1.128170303E1,2.575000000E1
1.128432703E1,2.575000000E1
1.128695203E1,2.575000000E1
1.128957603E1,2.575000000E1
1.129220103E1,2.575000000E1
1.129482503E1,2.575000000E1
1.129745003E1,2.575000000E1
1.130007403E1,2.575000000E1
1.130269903E1,2.575000000E1
1.130532303E1,2.575000000E1
1.130794803E1,2.575000000E1
1.131057203E1,2.575000000E1
1.131319703E1,2.575000000E1
1.131582103E1,2.575000000E1
1.131844603E1,2.575000000E1
1.132107003E1,2.575000000E1
1.132369503E1,2.575000000E1
1.132631903E1,2.575000000E1
1.132894403E1,2.575000000E1
1.133156803E1,2.575000000E1
1.133419303E1,2.575000000E1
1.133681703E1,2.575000000E1
1.133944203E1,2.575000000E1
1.134206603E1,2.575000000E1
1.134469103E1,2.575000000E1
1.134731503E1,2.575000000E1
1.134994003E1,2.575000000E1
1.135256403E1,2.575000000E1
1.135518903E1,2.575000000E1
1.135781303E1,2.575000000E1
1.136043803E1,2.575000000E1
1.136306303E1,2.575000000E1
1.136568703E1,2.575000000E1
1.136831203E1,2.575000000E1
1.137093603E1,2.575000000E1
1.137356103E1,2.575000000E1
1.137618503E1,2.575000000E1
1.137881003E1,2.575000000E1
1.138143403E1,2.575000000E1
1.138405903E1,2.575000000E1
1.138668303E1,2.575000000E1
1.138930803E1,2.575000000E1
1.139193203E1,2.575000000E1
1.139455703E1,2.575000000E1
1.139718103E1,2.575000000E1
1.139980603E1,2.575000000E1
1.140243003E1,2.575000000E1
1.140505503E1,2.575000000E1
1.140767903E1,2.575000000E1
1.141030403E1,2.575000000E1
1.141292803E1,2.575000000E1
1.141555303E1,2.575000000E1
1.141817703E1,2.575000000E1
1.142080203E1,2.575000000E1
1.142342603E1,2.575000000E1
1.142605103E1,2.575000000E1
1.142867503E1,2.575000000E1
1.143130003E1,2.575000000E1
1.143392403E1,2.575000000E1
1.143654903E1,2.575000000E1
1.143917303E1,2.575000000E1
1.144179803E1,2.575000000E1
1.144442203E1,2.575000000E1
1.144704703E1,2.575000000E1
1.144967103E1,2.575000000E1
1.145229603E1,2.575000000E1
1.145492003E1,2.575000000E1
1.145754503E1,2.575000000E1
1.146016903E1,2.575000000E1
1.146279403E1,2.575000000E1
1.146541803E1,2.575000000E1
1.146804303E1,2.575000000E1
1.147066703E1,2.575000000E1
1.147329203E1,2.575000000E1
1.147591703E1,2.575000000E1
1.147854103E1,2.575000000E1
1.148116603E1,2.575000000E1
1.148379003E1,2.575000000E1
1.148641503E1,2.575000000E1
1.148903903E1,2.575000000E1
1.149166403E1,2.575000000E1
1.149428803E1,2.575000000E1
1.149691303E1,2.575000000E1
1.149953703E1,2.575000000E1
1.150216203E1,2.575000000E1
1.150478603E1,2.575000000E1
1.150741103E1,2.575000000E1
1.151003503E1,2.575000000E1
1.151266003E1,2.575000000E1
1.151528403E1,2.575000000E1
1.151790903E1,2.575000000E1
1.152053303E1,2.575000000E1
1.152315803E1,2.575000000E1
1.152578203E1,2.575000000E1
1.152840703E1,2.575000000E1
1.153103103E1,2.575000000E1
1.153365603E1,2.575000000E1
1.153628003E1,2.575000000E1
1.153890503E1,2.575000000E1
1.154152903E1,2.575000000E1
1.154415403E1,2.575000000E1
1.154677803E1,2.575000000E1
1.154940303E1,2.575000000E1
1.155202703E1,2.575000000E1
1.155465203E1,2.575000000E1
1.155727603E1,2.575000000E1
1.155990103E1,2.575000000E1
1.156252503E1,2.575000000E1
1.156515003E1,2.575000000E1
1.156777403E1,2.575000000E1
1.157039903E1,2.575000000E1
1.157302303E1,2.575000000E1
1.157564803E1,2.575000000E1
1.157827203E1,2.575000000E1
1.158089703E1,2.575000000E1
1.158352103E1,2.575000000E1
1.158614603E1,2.575000000E1
1.158877103E1,2.575000000E1
1.159139503E1,2.575000000E1
1.159402003E1,2.575000000E1
1.159664403E1,2.575000000E1
1.159926903E1,2.575000000E1
1.160189303E1,2.575000000E1
1.160451803E1,2.575000000E1
1.160714203E1,2.575000000E1
1.160976703E1,2.575000000E1
1.161239103E1,2.575000000E1
1.161501603E1,2.575000000E1
1.161764003E1,2.575000000E1
1.162026503E1,2.575000000E1
1.162288903E1,2.575000000E1
1.162551403E1,2.575000000E1
1.162813803E1,2.575000000E1
1.163076303E1,2.575000000E1
1.163338703E1,2.575000000E1
1.163601203E1,2.575000000E1
1.163863603E1,2.575000000E1
1.164126103E1,2.575000000E1
1.164388503E1,2.575000000E1
1.164651003E1,2.575000000E1
1.164913403E1,2.575000000E1
1.165175903E1,2.575000000E1
1.165438303E1,2.575000000E1
1.165700803E1,2.575000000E1
1.165963203E1,2.575000000E1
1.166225703E1,2.575000000E1
1.166488103E1,2.575000000E1
1.166750603E1,2.575000000E1
1.167013003E1,2.575000000E1
1.167275503E1,2.575000000E1
1.167537903E1,2.575000000E1
1.167800403E1,2.575000000E1
1.168062803E1,2.575000000E1
1.168325303E1,2.575000000E1
1.168587703E1,2.575000000E1
1.168850203E1,2.575000000E1
1.169112603E1,2.575000000E1
1.169375103E1,2.575000000E1
1.169637503E1,2.575000000E1
1.169900003E1,2.575000000E1
1.170162503E1,2.575000000E1
1.170424903E1,2.575000000E1
1.170687403E1,2.575000000E1
1.170949803E1,2.575000000E1
1.171212303E1,2.575000000E1
1.171474703E1,2.575000000E1
1.171737203E1,2.575000000E1
1.171999603E1,2.575000000E1
1.172262103E1,2.575000000E1
1.172524503E1,2.575000000E1
1.172787003E1,2.575000000E1
1.173049403E1,2.575000000E1
1.173311903E1,2.575000000E1
1.173574303E1,2.575000000E1
1.173836803E1,2.575000000E1
1.174099203E1,2.575000000E1
1.174361703E1,2.575000000E1
1.174624103E1,2.575000000E1
1.174886603E1,2.575000000E1
1.175149003E1,2.575000000E1
1.175411503E1,2.575000000E1
1.175673903E1,2.575000000E1
1.175936403E1,2.575000000E1
1.176198803E1,2.575000000E1
1.176461303E1,2.575000000E1
1.176723703E1,2.575000000E1
1.176986203E1,2.575000000E1
1.177248603E1,2.575000000E1
1.177511103E1,2.575000000E1
1.177773503E1,2.575000000E1
1.178036003E1,2.575000000E1
1.178298403E1,2.575000000E1
1.178560903E1,2.575000000E1
1.178823303E1,2.575000000E1
1.179085803E1,2.575000000E1
1.179348203E1,2.575000000E1
1.179610703E1,2.575000000E1
1.179873103E1,2.575000000E1
1.180135603E1,2.575000000E1
1.180398003E1,2.575000000E1
1.180660503E1,2.575000000E1
1.180922903E1,2.575000000E1
1.181185403E1,2.575000000E1
1.181447903E1,2.575000000E1
1.181710303E1,2.575000000E1
1.181972803E1,2.575000000E1
1.182235203E1,2.575000000E1
1.182497703E1,2.575000000E1
1.182760103E1,2.575000000E1
1.183022603E1,2.575000000E1
1.183285003E1,2.575000000E1
1.183547503E1,2.575000000E1
1.183809903E1,2.575000000E1
1.184072403E1,2.575000000E1
1.184334803E1,2.575000000E1
1.184597303E1,2.575000000E1
1.184859703E1,2.575000000E1
1.185122203E1,2.575000000E1
1.185384603E1,2.575000000E1
1.185647103E1,2.575000000E1
1.185909503E1,2.575000000E1
1.186172003E1,2.575000000E1
1.186434403E1,2.575000000E1
1.186696903E1,2.575000000E1
1.186959303E1,2.575000000E1
1.187221803E1,2.575000000E1
1.187484203E1,2.575000000E1
1.187746703E1,2.575000000E1
1.188009103E1,2.575000000E1
1.188271603E1,2.575000000E1
1.188534003E1,2.575000000E1
1.188796503E1,2.575000000E1
1.189058903E1,2.575000000E1
1.189321403E1,2.575000000E1
1.189583803E1,2.575000000E1
1.189846303E1,2.575000000E1
1.190108703E1,2.575000000E1
1.190371203E1,2.575000000E1
1.190633603E1,2.575000000E1
1.190896103E1,2.575000000E1
1.191158503E1,2.575000000E1
1.191421003E1,2.575000000E1
1.191683403E1,2.575000000E1
1.191945903E1,2.575000000E1
1.192208403E1,2.575000000E1
1.192470803E1,2.575000000E1
1.192733303E1,2.575000000E1
1.192995703E1,2.575000000E1
1.193258203E1,2.575000000E1
1.193520603E1,2.575000000E1
1.193783103E1,2.575000000E1
1.194045503E1,2.575000000E1
1.194308003E1,2.575000000E1
1.194570403E1,2.575000000E1
1.194832903E1,2.575000000E1
1.195095303E1,2.575000000E1
1.195357803E1,2.575000000E1
1.195620203E1,2.575000000E1
1.195882703E1,2.575000000E1
1.196145103E1,2.575000000E1
1.196407603E1,2.575000000E1
1.196670003E1,2.575000000E1
1.196932503E1,2.575000000E1
1.197194903E1,2.575000000E1
1.197457403E1,2.575000000E1
1.197719803E1,2.575000000E1
1.197982303E1,2.575000000E1
1.198244703E1,2.575000000E1
1.198507203E1,2.575000000E1
1.198769603E1,2.575000000E1
1.199032103E1,2.575000000E1
1.199294503E1,2.575000000E1
1.199557003E1,2.575000000E1
1.199819403E1,2.575000000E1
1.200081903E1,2.575000000E1
1.200344303E1,2.575000000E1
1.200606803E1,2.575000000E1
1.200869203E1,2.575000000E1
1.201131703E1,2.575000000E1
1.201394103E1,2.575000000E1
1.201656603E1,2.575000000E1
1.201919003E1,2.575000000E1
1.202181503E1,2.575000000E1
1.202443903E1,2.575000000E1
1.202706403E1,2.575000000E1
1.202968803E1,2.575000000E1
1.203231303E1,2.575000000E1
1.203493803E1,2.575000000E1
1.203756203E1,2.575000000E1
1.204018703E1,2.575000000E1
1.204281103E1,2.575000000E1
1.204543603E1,2.575000000E1
1.204806003E1,2.575000000E1
1.205068503E1,2.575000000E1
1.205330903E1,2.575000000E1
1.205593403E1,2.575000000E1
1.205855803E1,2.575000000E1
1.206118303E1,2.575000000E1
1.206380703E1,2.575000000E1
1.206643203E1,2.575000000E1
1.206905603E1,2.575000000E1
1.207168103E1,2.575000000E1
1.207430503E1,2.575000000E1
1.207693003E1,2.575000000E1
1.207955403E1,2.575000000E1
1.208217903E1,2.575000000E1
1.208480303E1,2.575000000E1
1.208742803E1,2.575000000E1
1.209005203E1,2.575000000E1
1.209267703E1,2.575000000E1
1.209530103E1,2.575000000E1
1.209792603E1,2.575000000E1
1.210055003E1,2.575000000E1
1.210317503E1,2.575000000E1
1.210579903E1,2.575000000E1
1.210842403E1,2.575000000E1
1.211104803E1,2.575000000E1
1.211367303E1,2.575000000E1
1.211629703E1,2.575000000E1
1.211892203E1,2.575000000E1
1.212154603E1,2.575000000E1
1.212417103E1,2.575000000E1
1.212679503E1,2.575000000E1
1.212942003E1,2.575000000E1
1.213204403E1,2.575000000E1
1.213466903E1,2.575000000E1
1.213729303E1,2.575000000E1
1.213991803E1,2.575000000E1
1.214254203E1,2.575000000E1
1.214516703E1,2.575000000E1
1.214779203E1,2.575000000E1
1.215041603E1,2.575000000E1
1.215304103E1,2.575000000E1
1.215566503E1,2.575000000E1
1.215829003E1,2.575000000E1
1.216091403E1,2.575000000E1
1.216353903E1,2.575000000E1
1.216616303E1,2.575000000E1
1.216878803E1,2.575000000E1
1.217141203E1,2.575000000E1
1.217403703E1,2.575000000E1
1.217666103E1,2.575000000E1
1.217928603E1,2.575000000E1
1.218191003E1,2.575000000E1
1.218453503E1,2.575000000E1
1.218715903E1,2.575000000E1
1.218978403E1,2.575000000E1
1.219240803E1,2.575000000E1
1.219503303E1,2.575000000E1
1.219765703E1,2.575000000E1
1.220028203E1,2.575000000E1
1.220290603E1,2.575000000E1
1.220553103E1,2.575000000E1
1.220815503E1,2.575000000E1
1.221078003E1,2.575000000E1
1.221340403E1,2.575000000E1
1.221602903E1,2.575000000E1
1.221865303E1,2.575000000E1
1.222127803E1,2.575000000E1
1.222390203E1,2.575000000E1
1.222652703E1,2.575000000E1
1.222915103E1,2.575000000E1
1.223177603E1,2.575000000E1
1.223440003E1,2.575000000E1
1.223702503E1,2.575000000E1
1.223964903E1,2.575000000E1
1.224227403E1,2.575000000E1
1.224489803E1,2.575000000E1
1.224752303E1,2.575000000E1
1.225014703E1,2.575000000E1
1.225277203E1,2.575000000E1
1.225539603E1,2.575000000E1
1.225802103E1,2.575000000E1
1.226064603E1,2.575000000E1
1.226327003E1,2.575000000E1
1.226589503E1,2.575000000E1
1.226851903E1,2.575000000E1
1.227114403E1,2.575000000E1
1.227376803E1,2.575000000E1
1.227639303E1,2.575000000E1
1.227901703E1,2.575000000E1
1.228164203E1,2.575000000E1
1.228426603E1,2.575000000E1
1.228689103E1,2.575000000E1
1.228951503E1,2.575000000E1
1.229214003E1,2.575000000E1
1.229476403E1,2.575000000E1
1.229738903E1,2.575000000E1
1.230001303E1,2.575000000E1
1.230263803E1,2.575000000E1
1.230526203E1,2.575000000E1
1.230788703E1,2.575000000E1
1.231051103E1,2.575000000E1
1.231313603E1,2.575000000E1
1.231576003E1,2.575000000E1
1.231838503E1,2.575000000E1
1.232100903E1,2.575000000E1
1.232363403E1,2.575000000E1
1.232625803E1,2.575000000E1
1.232888303E1,2.575000000E1
1.233150703E1,2.575000000E1
1.233413203E1,2.575000000E1
1.233675603E1,2.575000000E1
1.233938103E1,2.575000000E1
1.234200503E1,2.575000000E1
1.234463003E1,2.575000000E1
1.234725403E1,2.575000000E1
1.234987903E1,2.575000000E1
1.235250303E1,2.575000000E1
1.235512803E1,2.575000000E1
1.235775203E1,2.575000000E1
1.236037703E1,2.575000000E1
1.236300103E1,2.575000000E1
1.236562603E1,2.575000000E1
1.236825003E1,2.575000000E1
1.237087503E1,2.575000000E1
1.237350003E1,2.575000000E1
1.237612403E1,2.575000000E1
1.237874903E1,2.575000000E1
1.238137303E1,2.575000000E1
1.238399803E1,2.575000000E1
1.238662203E1,2.575000000E1
1.238924703E1,2.575000000E1
1.239187103E1,2.575000000E1
1.239449603E1,2.575000000E1
1.239712003E1,2.575000000E1
1.239974503E1,2.575000000E1
1.240236903E1,2.575000000E1
1.240499403E1,2.575000000E1
1.240761803E1,2.575000000E1
1.241024303E1,2.575000000E1
1.241286703E1,2.575000000E1
1.241549203E1,2.575000000E1
1.241811603E1,2.575000000E1
1.242074103E1,2.575000000E1
1.242336503E1,2.575000000E1
1.242599003E1,2.575000000E1
1.242861403E1,2.575000000E1
1.243123903E1,2.575000000E1
1.243386303E1,2.575000000E1
1.243648803E1,2.575000000E1
1.243911203E1,2.575000000E1
1.244173703E1,2.575000000E1
1.244436103E1,2.575000000E1
1.244698603E1,2.575000000E1
1.244961003E1,2.575000000E1
1.245223503E1,2.575000000E1
1.245485903E1,2.575000000E1
1.245748403E1,2.575000000E1
1.246010803E1,2.575000000E1
1.246273303E1,2.575000000E1
1.246535703E1,2.575000000E1
1.246798203E1,2.575000000E1
1.247060603E1,2.575000000E1
1.247323103E1,2.575000000E1
1.247585503E1,2.575000000E1
1.247848003E1,2.575000000E1
1.248110403E1,2.575000000E1
1.248372903E1,2.575000000E1
1.248635403E1,2.575000000E1
1.248897803E1,2.575000000E1
1.249160303E1,2.575000000E1
1.249422703E1,2.575000000E1
1.249685203E1,2.575000000E1
1.249947603E1,2.575000000E1
1.250210103E1,2.575000000E1
1.250472503E1,2.575000000E1
1.250735003E1,2.575000000E1
1.250997403E1,2.575000000E1
1.251259903E1,2.575000000E1
1.251522303E1,2.575000000E1
1.251784803E1,2.575000000E1
1.252047203E1,2.575000000E1
1.252309703E1,2.575000000E1
1.252572103E1,2.575000000E1
1.252834603E1,2.575000000E1
1.253097003E1,2.575000000E1
1.253359503E1,2.575000000E1
1.253621903E1,2.575000000E1
1.253884403E1,2.575000000E1
1.254146803E1,2.575000000E1
1.254409303E1,2.575000000E1
1.254671703E1,2.575000000E1
1.254934203E1,2.575000000E1
1.255196603E1,2.575000000E1
1.255459103E1,2.575000000E1
1.255721503E1,2.575000000E1
1.255984003E1,2.575000000E1
1.256246403E1,2.575000000E1
1.256508903E1,2.575000000E1
1.256771303E1,2.575000000E1
1.257033803E1,2.575000000E1
1.257296203E1,2.575000000E1
1.257558703E1,2.575000000E1
1.257821103E1,2.575000000E1
1.258083603E1,2.575000000E1
1.258346003E1,2.575000000E1
1.258608503E1,2.575000000E1
1.258870903E1,2.575000000E1
1.259133403E1,2.575000000E1
1.259395903E1,2.575000000E1
1.259658303E1,2.575000000E1
1.259920803E1,2.575000000E1
1.260183203E1,2.575000000E1
1.260445703E1,2.575000000E1
1.260708103E1,2.575000000E1
1.260970603E1,2.575000000E1
1.261233003E1,2.575000000E1
1.261495503E1,2.575000000E1
1.261757903E1,2.575000000E1
1.262020403E1,2.575000000E1
1.262282803E1,2.575000000E1
1.262545303E1,2.575000000E1
1.262807703E1,2.575000000E1
1.263070203E1,2.575000000E1
1.263332603E1,2.575000000E1
1.263595103E1,2.575000000E1
1.263857503E1,2.575000000E1
1.264120003E1,2.575000000E1
1.264382403E1,2.575000000E1
1.264644903E1,2.575000000E1
1.264907303E1,2.575000000E1
1.265169803E1,2.575000000E1
1.265432203E1,2.575000000E1
1.265694703E1,2.575000000E1
1.265957103E1,2.575000000E1
1.266219603E1,2.575000000E1
1.266482003E1,2.575000000E1
1.266744503E1,2.575000000E1
1.267006903E1,2.575000000E1
1.267269403E1,2.575000000E1
1.267531803E1,2.575000000E1
1.267794303E1,2.575000000E1
1.268056703E1,2.575000000E1
1.268319203E1,2.575000000E1
1.268581603E1,2.575000000E1
1.268844103E1,2.575000000E1
1.269106503E1,2.575000000E1
1.269369003E1,2.575000000E1
1.269631403E1,2.575000000E1
1.269893903E1,2.575000000E1
1.270156303E1,2.575000000E1
1.270418803E1,2.575000000E1
1.270681303E1,2.575000000E1
1.270943703E1,2.575000000E1
1.271206203E1,2.575000000E1
1.271468603E1,2.575000000E1
1.271731103E1,2.575000000E1
1.271993503E1,2.575000000E1
1.272256003E1,2.575000000E1
1.272518403E1,2.575000000E1
1.272780903E1,2.575000000E1
1.273043303E1,2.575000000E1
1.273305803E1,2.575000000E1
1.273568203E1,2.575000000E1
1.273830703E1,2.575000000E1
1.274093103E1,2.575000000E1
1.274355603E1,2.575000000E1
1.274618003E1,2.575000000E1
1.274880503E1,2.575000000E1
1.275142903E1,2.575000000E1
1.275405403E1,2.575000000E1
1.275667803E1,2.575000000E1
1.275930303E1,2.575000000E1
1.276192703E1,2.575000000E1
1.276455203E1,2.575000000E1
1.276717603E1,2.575000000E1
1.276980103E1,2.575000000E1
1.277242503E1,2.575000000E1
1.277505003E1,2.575000000E1
1.277767403E1,2.575000000E1
1.278029903E1,2.575000000E1
1.278292303E1,2.575000000E1
1.278554803E1,2.575000000E1
1.278817203E1,2.575000000E1
1.279079703E1,2.575000000E1
1.279342103E1,2.575000000E1
1.279604603E1,2.575000000E1
1.279867003E1,2.575000000E1
1.280129503E1,2.575000000E1
1.280391903E1,2.575000000E1
1.280654403E1,2.575000000E1
1.280916803E1,2.575000000E1
1.281179303E1,2.575000000E1
1.281441703E1,2.575000000E1
1.281704203E1,2.575000000E1
1.281966703E1,2.575000000E1
1.282229103E1,2.575000000E1
1.282491603E1,2.575000000E1
1.282754003E1,2.575000000E1
1.283016503E1,2.575000000E1
1.283278903E1,2.575000000E1
1.283541403E1,2.575000000E1
1.283803803E1,2.575000000E1
1.284066303E1,2.575000000E1
1.284328703E1,2.575000000E1
1.284591203E1,2.575000000E1
1.284853603E1,2.575000000E1
1.285116103E1,2.575000000E1
1.285378503E1,2.575000000E1
1.285641003E1,2.575000000E1
1.285903403E1,2.575000000E1
1.286165903E1,2.575000000E1
1.286428303E1,2.575000000E1
1.286690803E1,2.575000000E1
1.286953203E1,2.575000000E1
1.287215703E1,2.575000000E1
1.287478103E1,2.575000000E1
1.287740603E1,2.575000000E1
1.288003003E1,2.575000000E1
1.288265503E1,2.575000000E1
1.288527903E1,2.575000000E1
1.288790403E1,2.575000000E1
1.289052803E1,2.575000000E1
1.289315303E1,2.575000000E1
1.289577703E1,2.575000000E1
1.289840203E1,2.575000000E1
1.290102603E1,2.575000000E1
1.290365103E1,2.575000000E1
1.290627503E1,2.575000000E1
1.290890003E1,2.575000000E1
1.291152403E1,2.575000000E1
1.291414903E1,2.575000000E1
1.291677303E1,2.575000000E1
1.291939803E1,2.575000000E1
1.292202203E1,2.575000000E1
1.292464703E1,2.575000000E1
1.292727103E1,2.575000000E1
1.292989603E1,2.575000000E1
1.293252103E1,2.575000000E1
1.293514503E1,2.575000000E1
1.293777003E1,2.575000000E1
1.294039403E1,2.575000000E1
1.294301903E1,2.575000000E1
1.294564303E1,2.575000000E1
1.294826803E1,2.575000000E1
1.295089203E1,2.575000000E1
1.295351703E1,2.575000000E1
1.295614103E1,2.575000000E1
1.295876603E1,2.575000000E1
1.296139003E1,2.575000000E1
1.296401503E1,2.575000000E1
1.296663903E1,2.575000000E1
1.296926403E1,2.575000000E1
1.297188803E1,2.575000000E1
1.297451303E1,2.575000000E1
1.297713703E1,2.575000000E1
1.297976203E1,2.575000000E1
1.298238603E1,2.575000000E1
1.298501103E1,2.575000000E1
1.298763503E1,2.575000000E1
1.299026003E1,2.575000000E1
1.299288403E1,2.575000000E1
1.299550903E1,2.575000000E1
1.299813303E1,2.575000000E1
1.300075803E1,2.575000000E1
1.300338203E1,2.575000000E1
1.300600703E1,2.575000000E1
1.300863103E1,2.575000000E1
1.301125603E1,2.575000000E1
1.301388003E1,2.575000000E1
1.301650503E1,2.575000000E1
1.301912903E1,2.575000000E1
1.302175403E1,2.575000000E1
1.302437803E1,2.575000000E1
1.302700303E1,2.575000000E1
1.302962703E1,2.575000000E1
1.303225203E1,2.575000000E1
1.303487603E1,2.575000000E1
1.303750103E1,2.575000000E1
1.304012503E1,2.575000000E1
1.304275003E1,2.575000000E1
1.304537503E1,2.575000000E1
1.304799903E1,2.575000000E1
1.305062403E1,2.575000000E1
1.305324803E1,2.575000000E1
1.305587303E1,2.575000000E1
1.305849703E1,2.575000000E1
1.306112203E1,2.575000000E1
1.306374603E1,2.575000000E1
1.306637103E1,2.575000000E1
1.306899503E1,2.575000000E1
1.307162003E1,2.575000000E1
1.307424403E1,2.575000000E1
1.307686903E1,2.575000000E1
1.307949303E1,2.575000000E1
1.308211803E1,2.575000000E1
1.308474203E1,2.575000000E1
1.308736703E1,2.575000000E1
1.308999103E1,2.575000000E1
1.309261603E1,2.575000000E1
1.309524003E1,2.575000000E1
1.309786503E1,2.575000000E1
1.310048903E1,2.575000000E1
1.310311403E1,2.575000000E1
1.310573803E1,2.575000000E1
1.310836303E1,2.575000000E1
1.311098703E1,2.575000000E1
1.311361203E1,2.575000000E1
1.311623603E1,2.575000000E1
1.311886103E1,2.575000000E1
1.312148503E1,2.575000000E1
1.312411003E1,2.575000000E1
1.312673403E1,2.575000000E1
1.312935903E1,2.575000000E1
1.313198303E1,2.575000000E1
1.313460803E1,2.575000000E1
1.313723203E1,2.575000000E1
1.313985703E1,2.575000000E1
1.314248103E1,2.575000000E1
1.314510603E1,2.575000000E1
1.314773003E1,2.575000000E1
1.315035503E1,2.575000000E1
1.315297903E1,2.575000000E1
1.315560403E1,2.575000000E1
1.315822903E1,2.575000000E1
1.316085303E1,2.575000000E1
1.316347803E1,2.575000000E1
1.316610203E1,2.575000000E1
1.316872703E1,2.575000000E1
1.317135103E1,2.575000000E1
1.317397603E1,2.575000000E1
1.317660003E1,2.575000000E1
1.317922503E1,2.575000000E1
1.318184903E1,2.575000000E1
1.318447403E1,2.575000000E1
1.318709803E1,2.575000000E1
1.318972303E1,2.575000000E1
1.319234703E1,2.575000000E1
1.319497203E1,2.575000000E1
1.319759603E1,2.575000000E1
1.320022103E1,2.575000000E1
1.320284503E1,2.575000000E1
1.320547003E1,2.575000000E1
1.320809403E1,2.575000000E1
1.321071903E1,2.575000000E1
1.321334303E1,2.575000000E1
1.321596803E1,2.575000000E1
1.321859203E1,2.575000000E1
1.322121703E1,2.575000000E1
1.322384103E1,2.575000000E1
1.322646603E1,2.575000000E1
1.322909003E1,2.575000000E1
1.323171503E1,2.575000000E1
1.323433903E1,2.575000000E1
1.323696403E1,2.575000000E1
1.323958803E1,2.575000000E1
1.324221303E1,2.575000000E1
1.324483703E1,2.575000000E1
1.324746203E1,2.575000000E1
1.325008603E1,2.575000000E1
1.325271103E1,2.575000000E1
1.325533503E1,2.575000000E1
1.325796003E1,2.575000000E1
1.326058403E1,2.575000000E1
1.326320903E1,2.575000000E1
1.326583403E1,2.575000000E1
1.326845803E1,2.575000000E1
1.327108303E1,2.575000000E1
1.327370703E1,2.575000000E1
1.327633203E1,2.575000000E1
1.327895603E1,2.575000000E1
1.328158103E1,2.575000000E1
1.328420503E1,2.575000000E1
1.328683003E1,2.575000000E1
1.328945403E1,2.575000000E1
1.329207903E1,2.575000000E1
1.329470303E1,2.575000000E1
1.329732803E1,2.575000000E1
1.329995203E1,2.575000000E1
1.330257703E1,2.575000000E1
1.330520103E1,2.575000000E1
1.330782603E1,2.575000000E1
1.331045003E1,2.575000000E1
1.331307503E1,2.575000000E1
1.331569903E1,2.575000000E1
1.331832403E1,2.575000000E1
1.332094803E1,2.575000000E1
1.332357303E1,2.575000000E1
1.332619703E1,2.575000000E1
1.332882203E1,2.575000000E1
1.333144603E1,2.575000000E1
1.333407103E1,2.575000000E1
1.333669503E1,2.575000000E1
1.333932003E1,2.575000000E1
1.334194403E1,2.575000000E1
1.334456903E1,2.575000000E1
1.334719303E1,2.575000000E1
1.334981803E1,2.575000000E1
1.335244203E1,2.575000000E1
1.335506703E1,2.575000000E1
1.335769103E1,2.575000000E1
1.336031603E1,2.575000000E1
1.336294003E1,2.575000000E1
1.336556503E1,2.575000000E1
1.336818903E1,2.575000000E1
1.337081403E1,2.575000000E1
1.337343803E1,2.575000000E1
1.337606303E1,2.575000000E1
1.337868803E1,2.575000000E1
1.338131203E1,2.575000000E1
1.338393703E1,2.575000000E1
1.338656103E1,2.575000000E1
1.338918603E1,2.575000000E1
1.339181003E1,2.575000000E1
1.339443503E1,2.575000000E1
1.339705903E1,2.575000000E1
1.339968403E1,2.575000000E1
1.340230803E1,2.575000000E1
1.340493303E1,2.575000000E1
1.340755703E1,2.575000000E1
1.341018203E1,2.575000000E1
1.341280603E1,2.575000000E1
1.341543103E1,2.575000000E1
1.341805503E1,2.575000000E1
1.342068003E1,2.575000000E1
1.342330403E1,2.575000000E1
1.342592903E1,2.575000000E1
1.342855303E1,2.575000000E1
1.343117803E1,2.575000000E1
1.343380203E1,2.575000000E1
1.343642703E1,2.575000000E1
1.343905103E1,2.575000000E1
1.344167603E1,2.575000000E1
1.344430003E1,2.575000000E1
1.344692503E1,2.575000000E1
1.344954903E1,2.575000000E1
1.345217403E1,2.575000000E1
1.345479803E1,2.575000000E1
1.345742303E1,2.575000000E1
1.346004703E1,2.575000000E1
1.346267203E1,2.575000000E1
1.346529603E1,2.575000000E1
1.346792103E1,2.575000000E1
1.347054503E1,2.575000000E1
1.347317003E1,2.575000000E1
1.347579403E1,2.575000000E1
1.347841903E1,2.575000000E1
1.348104303E1,2.575000000E1
1.348366803E1,2.575000000E1
1.348629203E1,2.575000000E1
1.348891703E1,2.575000000E1
1.349154203E1,2.575000000E1
1.349416603E1,2.575000000E1
1.349679103E1,2.575000000E1
1.349941503E1,2.575000000E1
1.350204003E1,2.575000000E1
1.350466403E1,2.575000000E1
1.350728903E1,2.575000000E1
1.350991303E1,2.575000000E1
1.351253803E1,2.575000000E1
1.351516203E1,2.575000000E1
1.351778703E1,2.575000000E1
1.352041103E1,2.575000000E1
1.352303603E1,2.575000000E1
1.352566003E1,2.575000000E1
1.352828503E1,2.575000000E1
1.353090903E1,2.575000000E1
1.353353403E1,2.575000000E1
1.353615803E1,2.575000000E1
1.353878303E1,2.575000000E1
1.354140703E1,2.575000000E1
1.354403203E1,2.575000000E1
1.354665603E1,2.575000000E1
1.354928103E1,2.575000000E1
1.355190503E1,2.575000000E1
1.355453003E1,2.575000000E1
1.355715403E1,2.575000000E1
1.355977903E1,2.575000000E1
1.356240303E1,2.575000000E1
1.356502803E1,2.575000000E1
1.356765203E1,2.575000000E1
1.357027703E1,2.575000000E1
1.357290103E1,2.575000000E1
1.357552603E1,2.575000000E1
1.357815003E1,2.575000000E1
1.358077503E1,2.575000000E1
1.358339903E1,2.575000000E1
1.358602403E1,2.575000000E1
1.358864803E1,2.575000000E1
1.359127303E1,2.575000000E1
1.359389703E1,2.575000000E1
1.359652203E1,2.575000000E1
1.359914603E1,2.575000000E1
1.360177103E1,2.575000000E1
1.360439603E1,2.575000000E1
1.360702003E1,2.575000000E1
1.360964503E1,2.575000000E1
1.361226903E1,2.575000000E1
1.361489403E1,2.575000000E1
1.361751803E1,2.575000000E1
1.362014303E1,2.575000000E1
1.362276703E1,2.575000000E1
1.362539203E1,2.575000000E1
1.362801603E1,2.575000000E1
1.363064103E1,2.575000000E1
1.363326503E1,2.575000000E1
1.363589003E1,2.575000000E1
1.363851403E1,2.575000000E1
1.364113903E1,2.575000000E1
1.364376303E1,2.575000000E1
1.364638803E1,2.575000000E1
1.364901203E1,2.575000000E1
1.365163703E1,2.575000000E1
1.365426103E1,2.575000000E1
1.365688603E1,2.575000000E1
1.365951003E1,2.575000000E1
1.366213503E1,2.575000000E1
1.366475903E1,2.575000000E1
1.366738403E1,2.575000000E1
1.367000803E1,2.575000000E1
1.367263303E1,2.575000000E1
1.367525703E1,2.575000000E1
1.367788203E1,2.575000000E1
1.368050603E1,2.575000000E1
1.368313103E1,2.575000000E1
1.368575503E1,2.575000000E1
1.368838003E1,2.575000000E1
1.369100403E1,2.575000000E1
1.369362903E1,2.575000000E1
1.369625303E1,2.575000000E1
1.369887803E1,2.575000000E1
1.370150203E1,2.575000000E1
1.370412703E1,2.575000000E1
1.370675103E1,2.575000000E1
1.370937603E1,2.575000000E1
1.371200003E1,2.575000000E1
1.371462503E1,2.575000000E1
1.371725003E1,2.575000000E1
1.371987403E1,2.575000000E1
1.372249903E1,2.575000000E1
1.372512303E1,2.575000000E1
1.372774803E1,2.575000000E1
1.373037203E1,2.575000000E1
1.373299703E1,2.575000000E1
1.373562103E1,2.575000000E1
1.373824603E1,2.575000000E1
1.374087003E1,2.575000000E1
1.374349503E1,2.575000000E1
1.374611903E1,2.575000000E1
1.374874403E1,2.575000000E1
1.375136803E1,2.575000000E1
1.375399303E1,2.575000000E1
1.375661703E1,2.575000000E1
1.375924203E1,2.575000000E1
1.376186603E1,2.575000000E1
1.376449103E1,2.575000000E1
1.376711503E1,2.575000000E1
1.376974003E1,2.575000000E1
1.377236403E1,2.575000000E1
1.377498903E1,2.575000000E1
1.377761303E1,2.575000000E1
1.378023803E1,2.575000000E1
1.378286203E1,2.575000000E1
1.378548703E1,2.575000000E1
1.378811103E1,2.575000000E1
1.379073603E1,2.575000000E1
1.379336003E1,2.575000000E1
1.379598503E1,2.575000000E1
1.379860903E1,2.575000000E1
1.380123403E1,2.575000000E1
1.380385803E1,2.575000000E1
1.380648303E1,2.575000000E1
1.380910703E1,2.575000000E1
1.381173203E1,2.575000000E1
1.381435603E1,2.575000000E1
1.381698103E1,2.575000000E1
1.381960503E1,2.575000000E1
1.382223003E1,2.575000000E1
1.382485403E1,2.575000000E1
1.382747903E1,2.575000000E1
1.383010403E1,2.575000000E1
1.383272803E1,2.575000000E1
1.383535303E1,2.575000000E1
1.383797703E1,2.575000000E1
1.384060203E1,2.575000000E1
1.384322603E1,2.575000000E1
1.384585103E1,2.575000000E1
1.384847503E1,2.575000000E1
1.385110003E1,2.575000000E1
1.385372403E1,2.575000000E1
1.385634903E1,2.575000000E1
1.385897303E1,2.575000000E1
1.386159803E1,2.575000000E1
1.386422203E1,2.575000000E1
1.386684703E1,2.575000000E1
1.386947103E1,2.575000000E1
1.387209603E1,2.575000000E1
1.387472003E1,2.575000000E1
1.387734503E1,2.575000000E1
1.387996903E1,2.575000000E1
1.388259403E1,2.575000000E1
1.388521803E1,2.575000000E1
1.388784303E1,2.575000000E1
1.389046703E1,2.575000000E1
1.389309203E1,2.575000000E1
1.389571603E1,2.575000000E1
1.389834103E1,2.575000000E1
1.390096503E1,2.575000000E1
1.390359003E1,2.575000000E1
1.390621403E1,2.575000000E1
1.390883903E1,2.575000000E1
1.391146303E1,2.575000000E1
1.391408803E1,2.575000000E1
1.391671203E1,2.575000000E1
1.391933703E1,2.575000000E1
1.392196103E1,2.575000000E1
1.392458603E1,2.575000000E1
1.392721003E1,2.575000000E1
1.392983503E1,2.575000000E1
1.393245903E1,2.575000000E1
1.393508403E1,2.575000000E1
1.393770903E1,2.575000000E1
1.394033303E1,2.575000000E1
1.394295803E1,2.575000000E1
1.394558203E1,2.575000000E1
1.394820703E1,2.575000000E1
1.395083103E1,2.575000000E1
1.395345603E1,2.575000000E1
1.395608003E1,2.575000000E1
1.395870503E1,2.575000000E1
1.396132903E1,2.575000000E1
1.396395403E1,2.575000000E1
1.396657803E1,2.575000000E1
1.396920303E1,2.575000000E1
1.397182703E1,2.575000000E1
1.397445203E1,2.575000000E1
1.397707603E1,2.575000000E1
1.397970103E1,2.575000000E1
1.398232503E1,2.575000000E1
1.398495003E1,2.575000000E1
1.398757403E1,2.575000000E1
1.399019903E1,2.575000000E1
1.399282303E1,2.575000000E1
1.399544803E1,2.575000000E1
1.399807203E1,2.575000000E1
1.400069703E1,2.575000000E1
1.400332103E1,2.575000000E1
1.400594603E1,2.575000000E1
1.400857003E1,2.575000000E1
1.401119503E1,2.575000000E1
1.401381903E1,2.575000000E1
1.401644403E1,2.575000000E1
1.401906803E1,2.575000000E1
1.402169303E1,2.575000000E1
1.402431703E1,2.575000000E1
1.402694203E1,2.575000000E1
1.402956603E1,2.575000000E1
1.403219103E1,2.575000000E1
1.403481503E1,2.575000000E1
1.403744003E1,2.575000000E1
1.404006403E1,2.575000000E1
1.404268903E1,2.575000000E1
1.404531303E1,2.575000000E1
1.404793803E1,2.575000000E1
1.405056303E1,2.575000000E1
1.405318703E1,2.575000000E1
1.405581203E1,2.575000000E1
1.405843603E1,2.575000000E1
1.406106103E1,2.575000000E1
1.406368503E1,2.575000000E1
1.406631003E1,2.575000000E1
1.406893403E1,2.575000000E1
1.407155903E1,2.575000000E1
1.407418303E1,2.575000000E1
1.407680803E1,2.575000000E1
1.407943203E1,2.575000000E1
1.408205703E1,2.575000000E1
1.408468103E1,2.575000000E1
1.408730603E1,2.575000000E1
1.408993003E1,2.575000000E1
1.409255503E1,2.575000000E1
1.409517903E1,2.575000000E1
1.409780403E1,2.575000000E1
1.410042803E1,2.575000000E1
1.410305303E1,2.575000000E1
1.410567703E1,2.575000000E1
1.410830203E1,2.575000000E1
1.411092603E1,2.575000000E1
1.411355103E1,2.575000000E1
1.411617503E1,2.575000000E1
1.411880003E1,2.575000000E1
1.412142403E1,2.575000000E1
1.412404903E1,2.575000000E1
1.412667303E1,2.575000000E1
1.412929803E1,2.575000000E1
1.413192203E1,2.575000000E1
1.413454703E1,2.575000000E1
1.413717103E1,2.575000000E1
1.413979603E1,2.575000000E1
1.414242003E1,2.575000000E1
1.414504503E1,2.575000000E1
1.414766903E1,2.575000000E1
1.415029403E1,2.575000000E1
1.415291803E1,2.575000000E1
1.415554303E1,2.575000000E1
1.415816703E1,2.575000000E1
1.416079203E1,2.575000000E1
1.416341703E1,2.575000000E1
1.416604103E1,2.575000000E1
1.416866603E1,2.575000000E1
1.417129003E1,2.575000000E1
1.417391503E1,2.575000000E1
1.417653903E1,2.575000000E1
1.417916403E1,2.575000000E1
1.418178803E1,2.575000000E1
1.418441303E1,2.575000000E1
1.418703703E1,2.575000000E1
1.418966203E1,2.575000000E1
1.419228603E1,2.575000000E1
1.419491103E1,2.575000000E1
1.419753503E1,2.575000000E1
1.420016003E1,2.575000000E1
1.420278403E1,2.575000000E1
1.420540903E1,2.575000000E1
1.420803303E1,2.575000000E1
1.421065803E1,2.575000000E1
1.421328203E1,2.575000000E1
1.421590703E1,2.575000000E1
1.421853103E1,2.575000000E1
1.422115603E1,2.575000000E1
1.422378003E1,2.575000000E1
1.422640503E1,2.575000000E1
1.422902903E1,2.575000000E1
1.423165403E1,2.575000000E1
1.423427803E1,2.575000000E1
1.423690303E1,2.575000000E1
1.423952703E1,2.575000000E1
1.424215203E1,2.575000000E1
1.424477603E1,2.575000000E1
1.424740103E1,2.575000000E1
1.425002503E1,2.575000000E1
1.425265003E1,2.575000000E1
1.425527403E1,2.575000000E1
1.425789903E1,2.575000000E1
1.426052303E1,2.575000000E1
1.426314803E1,2.575000000E1
1.426577203E1,2.575000000E1
1.426839703E1,2.575000000E1
1.427102103E1,2.575000000E1
1.427364603E1,2.575000000E1
1.427627103E1,2.575000000E1
1.427889503E1,2.575000000E1
1.428152003E1,2.575000000E1
1.428414403E1,2.575000000E1
1.428676903E1,2.575000000E1
1.428939303E1,2.575000000E1
1.429201803E1,2.575000000E1
1.429464203E1,2.575000000E1
1.429726703E1,2.575000000E1
1.429989103E1,2.575000000E1
1.430251603E1,2.575000000E1
1.430514003E1,2.575000000E1
1.430776503E1,2.575000000E1
1.431038903E1,2.575000000E1
1.431301403E1,2.575000000E1
1.431563803E1,2.575000000E1
1.431826303E1,2.575000000E1
1.432088703E1,2.575000000E1
1.432351203E1,2.575000000E1
1.432613603E1,2.575000000E1
1.432876103E1,2.575000000E1
1.433138503E1,2.575000000E1
1.433401003E1,2.575000000E1
1.433663403E1,2.575000000E1
1.433925903E1,2.575000000E1
1.434188303E1,2.575000000E1
1.434450803E1,2.575000000E1
1.434713203E1,2.575000000E1
1.434975703E1,2.575000000E1
1.435238103E1,2.575000000E1
1.435500603E1,2.575000000E1
1.435763003E1,2.575000000E1
1.436025503E1,2.575000000E1
1.436287903E1,2.575000000E1
1.436550403E1,2.575000000E1
1.436812803E1,2.575000000E1
1.437075303E1,2.575000000E1
1.437337703E1,2.575000000E1
1.437600203E1,2.575000000E1
1.437862603E1,2.575000000E1
1.438125103E1,2.575000000E1
1.438387503E1,2.575000000E1
1.438650003E1,2.575000000E1
1.438912503E1,2.575000000E1
1.439174903E1,2.575000000E1
1.439437403E1,2.575000000E1
1.439699803E1,2.575000000E1
1.439962303E1,2.575000000E1
1.440224703E1,2.575000000E1
1.440487203E1,2.575000000E1
1.440749603E1,2.575000000E1
1.441012103E1,2.575000000E1
1.441274503E1,2.575000000E1
1.441537003E1,2.575000000E1
1.441799403E1,2.575000000E1
1.442061903E1,2.575000000E1
1.442324303E1,2.575000000E1
1.442586803E1,2.575000000E1
1.442849203E1,2.575000000E1
1.443111703E1,2.575000000E1
1.443374103E1,2.575000000E1
1.443636603E1,2.575000000E1
1.443899003E1,2.575000000E1
1.444161503E1,2.575000000E1
1.444423903E1,2.575000000E1
1.444686403E1,2.575000000E1
1.444948803E1,2.575000000E1
1.445211303E1,2.575000000E1
1.445473703E1,2.575000000E1
1.445736203E1,2.575000000E1
1.445998603E1,2.575000000E1
1.446261103E1,2.575000000E1
1.446523503E1,2.575000000E1
1.446786003E1,2.575000000E1
1.447048403E1,2.575000000E1
1.447310903E1,2.575000000E1
1.447573303E1,2.575000000E1
1.447835803E1,2.575000000E1
1.448098203E1,2.575000000E1
1.448360703E1,2.575000000E1
1.448623103E1,2.575000000E1
1.448885603E1,2.575000000E1
1.449148003E1,2.575000000E1
1.449410503E1,2.575000000E1
1.449672903E1,2.575000000E1
1.449935403E1,2.575000000E1
1.450197903E1,2.575000000E1
1.450460303E1,2.575000000E1
1.450722803E1,2.575000000E1
1.450985203E1,2.575000000E1
1.451247703E1,2.575000000E1
1.451510103E1,2.575000000E1
1.451772603E1,2.575000000E1
1.452035003E1,2.575000000E1
1.452297503E1,2.575000000E1
1.452559903E1,2.575000000E1
1.452822403E1,2.575000000E1
1.453084803E1,2.575000000E1
1.453347303E1,2.575000000E1
1.453609703E1,2.575000000E1
1.453872203E1,2.575000000E1
1.454134603E1,2.575000000E1
1.454397103E1,2.575000000E1
1.454659503E1,2.575000000E1
1.454922003E1,2.575000000E1
1.455184403E1,2.575000000E1
1.455446903E1,2.575000000E1
1.455709303E1,2.575000000E1
1.455971803E1,2.575000000E1
1.456234203E1,2.575000000E1
1.456496703E1,2.575000000E1
1.456759103E1,2.575000000E1
1.457021603E1,2.575000000E1
1.457284003E1,2.575000000E1
1.457546503E1,2.575000000E1
1.457808903E1,2.575000000E1
1.458071403E1,2.575000000E1
1.458333803E1,2.575000000E1
1.458596303E1,2.575000000E1
1.458858703E1,2.575000000E1
1.459121203E1,2.575000000E1
1.459383603E1,2.575000000E1
1.459646103E1,2.575000000E1
1.459908503E1,2.575000000E1
1.460171003E1,2.575000000E1
1.460433403E1,2.575000000E1
1.460695903E1,2.575000000E1
1.460958403E1,2.575000000E1
1.461220803E1,2.575000000E1
1.461483303E1,2.575000000E1
1.461745703E1,2.575000000E1
1.462008203E1,2.575000000E1
1.462270603E1,2.575000000E1
1.462533103E1,2.575000000E1
1.462795503E1,2.575000000E1
1.463058003E1,2.575000000E1
1.463320403E1,2.575000000E1
1.463582903E1,2.575000000E1
1.463845303E1,2.575000000E1
1.464107803E1,2.575000000E1
1.464370203E1,2.575000000E1
1.464632703E1,2.575000000E1
1.464895103E1,2.575000000E1
1.465157603E1,2.575000000E1
1.465420003E1,2.575000000E1
1.465682503E1,2.575000000E1
1.465944903E1,2.575000000E1
1.466207403E1,2.575000000E1
1.466469803E1,2.575000000E1
1.466732303E1,2.575000000E1
1.466994703E1,2.575000000E1
1.467257203E1,2.575000000E1
1.467519603E1,2.575000000E1
1.467782103E1,2.575000000E1
1.468044503E1,2.575000000E1
1.468307003E1,2.575000000E1
1.468569403E1,2.575000000E1
1.468831903E1,2.575000000E1
1.469094303E1,2.575000000E1
1.469356803E1,2.575000000E1
1.469619203E1,2.575000000E1
1.469881703E1,2.575000000E1
1.470144103E1,2.575000000E1
1.470406603E1,2.575000000E1
1.470669003E1,2.575000000E1
1.470931503E1,2.575000000E1
1.471193903E1,2.575000000E1
1.471456403E1,2.575000000E1
1.471718803E1,2.575000000E1
1.471981303E1,2.575000000E1
1.472243803E1,2.575000000E1
1.472506203E1,2.575000000E1
1.472768703E1,2.575000000E1
1.473031103E1,2.575000000E1
1.473293603E1,2.575000000E1
1.473556003E1,2.575000000E1
1.473818503E1,2.575000000E1
1.474080903E1,2.575000000E1
1.474343403E1,2.575000000E1
1.474605803E1,2.575000000E1
1.474868303E1,2.575000000E1
1.475130703E1,2.575000000E1
1.475393203E1,2.575000000E1
1.475655603E1,2.575000000E1
1.475918103E1,2.575000000E1
1.476180503E1,2.575000000E1
1.476443003E1,2.575000000E1
1.476705403E1,2.575000000E1
1.476967903E1,2.575000000E1
1.477230303E1,2.575000000E1
1.477492803E1,2.575000000E1
1.477755203E1,2.575000000E1
1.478017703E1,2.575000000E1
1.478280103E1,2.575000000E1
1.478542603E1,2.575000000E1
1.478805003E1,2.575000000E1
1.479067503E1,2.575000000E1
1.479329903E1,2.575000000E1
1.479592403E1,2.575000000E1
1.479854803E1,2.575000000E1
1.480117303E1,2.575000000E1
1.480379703E1,2.575000000E1
1.480642203E1,2.575000000E1
1.480904603E1,2.575000000E1
1.481167103E1,2.575000000E1
1.481429503E1,2.575000000E1
1.481692003E1,2.575000000E1
1.481954403E1,2.575000000E1
1.482216903E1,2.575000000E1
1.482479303E1,2.575000000E1
1.482741803E1,2.575000000E1
1.483004203E1,2.575000000E1
1.483266703E1,2.575000000E1
1.483529203E1,2.575000000E1
1.483791603E1,2.575000000E1
1.484054103E1,2.575000000E1
1.484316503E1,2.575000000E1
1.484579003E1,2.575000000E1
1.484841403E1,2.575000000E1
1.485103903E1,2.575000000E1
1.485366303E1,2.575000000E1
1.485628803E1,2.575000000E1
1.485891203E1,2.575000000E1
1.486153703E1,2.575000000E1
1.486416103E1,2.575000000E1
1.486678603E1,2.575000000E1
1.486941003E1,2.575000000E1
1.487203503E1,2.575000000E1
1.487465903E1,2.575000000E1
1.487728403E1,2.575000000E1
1.487990803E1,2.575000000E1
1.488253303E1,2.575000000E1
1.488515703E1,2.575000000E1
1.488778203E1,2.575000000E1
1.489040603E1,2.575000000E1
1.489303103E1,2.575000000E1
1.489565503E1,2.575000000E1
1.489828003E1,2.575000000E1
1.490090403E1,2.575000000E1
1.490352903E1,2.575000000E1
1.490615303E1,2.575000000E1
1.490877803E1,2.575000000E1
1.491140203E1,2.575000000E1
1.491402703E1,2.575000000E1
1.491665103E1,2.575000000E1
1.491927603E1,2.575000000E1
1.492190003E1,2.575000000E1
1.492452503E1,2.575000000E1
1.492714903E1,2.575000000E1
1.492977403E1,2.575000000E1
1.493239803E1,2.575000000E1
1.493502303E1,2.575000000E1
1.493764703E1,2.575000000E1
1.494027203E1,2.575000000E1
1.494289603E1,2.575000000E1
1.494552103E1,2.575000000E1
1.494814603E1,2.575000000E1
1.495077003E1,2.575000000E1
1.495339503E1,2.575000000E1
1.495601903E1,2.575000000E1
1.495864403E1,2.575000000E1
1.496126803E1,2.575000000E1
1.496389303E1,2.575000000E1
1.496651703E1,2.575000000E1
1.496914203E1,2.575000000E1
1.497176603E1,2.575000000E1
1.497439103E1,2.575000000E1
1.497701503E1,2.575000000E1
1.497964003E1,2.575000000E1
1.498226403E1,2.575000000E1
1.498488903E1,2.575000000E1
1.498751303E1,2.575000000E1
1.499013803E1,2.575000000E1
1.499276203E1,2.575000000E1
1.499538703E1,2.575000000E1
1.499801103E1,2.575000000E1
1.500063603E1,2.575000000E1
1.500326003E1,2.575000000E1
1.500588503E1,2.575000000E1
1.500850903E1,2.575000000E1
1.501113403E1,2.575000000E1
1.501375803E1,2.575000000E1
1.501638303E1,2.575000000E1
1.501900703E1,2.575000000E1
1.502163203E1,2.575000000E1
1.502425603E1,2.575000000E1
1.502688103E1,2.575000000E1
1.502950503E1,2.575000000E1
1.503213003E1,2.575000000E1
1.503475403E1,2.575000000E1
1.503737903E1,2.575000000E1
1.504000303E1,2.575000000E1
1.504262803E1,2.575000000E1
1.504525203E1,2.575000000E1
1.504787703E1,2.575000000E1
1.505050103E1,2.575000000E1
1.505312603E1,2.575000000E1
1.505575003E1,2.575000000E1
1.505837503E1,2.575000000E1
1.506100003E1,2.575000000E1
1.506362403E1,2.575000000E1
1.506624903E1,2.575000000E1
1.506887303E1,2.575000000E1
1.507149803E1,2.575000000E1
1.507412203E1,2.575000000E1
1.507674703E1,2.575000000E1
1.507937103E1,2.575000000E1
1.508199603E1,2.575000000E1
1.508462003E1,2.575000000E1
1.508724503E1,2.575000000E1
1.508986903E1,2.575000000E1
1.509249403E1,2.575000000E1
1.509511803E1,2.575000000E1
1.509774303E1,2.575000000E1
1.510036703E1,2.575000000E1
1.510299203E1,2.575000000E1
1.510561603E1,2.575000000E1
1.510824103E1,2.575000000E1
1.511086503E1,2.575000000E1
1.511349003E1,2.575000000E1
1.511611403E1,2.575000000E1
1.511873903E1,2.575000000E1
1.512136303E1,2.575000000E1
1.512398803E1,2.575000000E1
1.512661203E1,2.575000000E1
1.512923703E1,2.575000000E1
1.513186103E1,2.575000000E1
1.513448603E1,2.575000000E1
1.513711003E1,2.575000000E1
1.513973503E1,2.575000000E1
1.514235903E1,2.575000000E1
1.514498403E1,2.575000000E1
1.514760803E1,2.575000000E1
1.515023303E1,2.575000000E1
1.515285703E1,2.575000000E1
1.515548203E1,2.575000000E1
1.515810603E1,2.575000000E1
1.516073103E1,2.575000000E1
1.516335503E1,2.575000000E1
1.516598003E1,2.575000000E1
1.516860403E1,2.575000000E1
1.517122903E1,2.575000000E1
1.517385403E1,2.575000000E1
1.517647803E1,2.575000000E1
1.517910303E1,2.575000000E1
1.518172703E1,2.575000000E1
1.518435203E1,2.575000000E1
1.518697603E1,2.575000000E1
1.518960103E1,2.575000000E1
1.519222503E1,2.575000000E1
1.519485003E1,2.575000000E1
1.519747403E1,2.575000000E1
1.520009903E1,2.575000000E1
1.520272303E1,2.575000000E1
1.520534803E1,2.575000000E1
1.520797203E1,2.575000000E1
1.521059703E1,2.575000000E1
1.521322103E1,2.575000000E1
1.521584603E1,2.575000000E1
1.521847003E1,2.575000000E1
1.522109503E1,2.575000000E1
1.522371903E1,2.575000000E1
1.522634403E1,2.575000000E1
1.522896803E1,2.575000000E1
1.523159303E1,2.575000000E1
1.523421703E1,2.575000000E1
1.523684203E1,2.575000000E1
1.523946603E1,2.575000000E1
1.524209103E1,2.575000000E1
1.524471503E1,2.575000000E1
1.524734003E1,2.575000000E1
1.524996403E1,2.575000000E1
1.525258903E1,2.575000000E1
1.525521303E1,2.575000000E1
1.525783803E1,2.575000000E1
1.526046203E1,2.575000000E1
1.526308703E1,2.575000000E1
1.526571103E1,2.575000000E1
1.526833603E1,2.575000000E1
1.527096003E1,2.575000000E1
1.527358503E1,2.575000000E1
1.527620903E1,2.575000000E1
1.527883403E1,2.575000000E1
1.528145903E1,2.575000000E1
1.528408303E1,2.575000000E1
1.528670803E1,2.575000000E1
1.528933203E1,2.575000000E1
1.529195703E1,2.575000000E1
1.529458103E1,2.575000000E1
1.529720603E1,2.575000000E1
1.529983003E1,2.575000000E1
1.530245503E1,2.575000000E1
1.530507903E1,2.575000000E1
1.530770403E1,2.575000000E1
1.531032803E1,2.575000000E1
1.531295303E1,2.575000000E1
1.531557703E1,2.575000000E1
1.531820203E1,2.575000000E1
1.532082603E1,2.575000000E1
1.532345103E1,2.575000000E1
1.532607503E1,2.575000000E1
1.532870003E1,2.575000000E1
1.533132403E1,2.575000000E1
1.533394903E1,2.575000000E1
1.533657303E1,2.575000000E1
1.533919803E1,2.575000000E1
1.534182203E1,2.575000000E1
1.534444703E1,2.575000000E1
1.534707103E1,2.575000000E1
1.534969603E1,2.575000000E1
1.535232003E1,2.575000000E1
1.535494503E1,2.575000000E1
1.535756903E1,2.575000000E1
1.536019403E1,2.575000000E1
1.536281803E1,2.575000000E1
1.536544303E1,2.575000000E1
1.536806703E1,2.575000000E1
1.537069203E1,2.575000000E1
1.537331603E1,2.575000000E1
1.537594103E1,2.575000000E1
1.537856503E1,2.575000000E1
1.538119003E1,2.575000000E1
1.538381403E1,2.575000000E1
1.538643903E1,2.575000000E1
1.538906303E1,2.575000000E1
1.539168803E1,2.575000000E1
1.539431303E1,2.575000000E1
1.539693703E1,2.575000000E1
1.539956203E1,2.575000000E1
1.540218603E1,2.575000000E1
1.540481103E1,2.575000000E1
1.540743503E1,2.575000000E1
1.541006003E1,2.575000000E1
1.541268403E1,2.575000000E1
1.541530903E1,2.575000000E1
1.541793303E1,2.575000000E1
1.542055803E1,2.575000000E1
1.542318203E1,2.575000000E1
1.542580703E1,2.575000000E1
1.542843103E1,2.575000000E1
1.543105603E1,2.575000000E1
1.543368003E1,2.575000000E1
1.543630503E1,2.575000000E1
1.543892903E1,2.575000000E1
1.544155403E1,2.575000000E1
1.544417803E1,2.575000000E1
1.544680303E1,2.575000000E1
1.544942703E1,2.575000000E1
1.545205203E1,2.575000000E1
1.545467603E1,2.575000000E1
1.545730103E1,2.575000000E1
1.545992503E1,2.575000000E1
1.546255003E1,2.575000000E1
1.546517403E1,2.575000000E1
1.546779903E1,2.575000000E1
1.547042303E1,2.575000000E1
1.547304803E1,2.575000000E1
1.547567203E1,2.575000000E1
1.547829703E1,2.575000000E1
1.548092103E1,2.575000000E1
1.548354603E1,2.575000000E1
1.548617003E1,2.575000000E1
1.548879503E1,2.575000000E1
1.549141903E1,2.575000000E1
1.549404403E1,2.575000000E1
1.549666803E1,2.575000000E1
1.549929303E1,2.575000000E1
1.550191703E1,2.575000000E1
1.550454203E1,2.575000000E1
1.550716703E1,2.575000000E1
1.550979103E1,2.575000000E1
1.551241603E1,2.575000000E1
1.551504003E1,2.575000000E1
1.551766503E1,2.575000000E1
1.552028903E1,2.575000000E1
1.552291403E1,2.575000000E1
1.552553803E1,2.575000000E1
1.552816303E1,2.575000000E1
1.553078703E1,2.575000000E1
1.553341203E1,2.575000000E1
1.553603603E1,2.575000000E1
1.553866103E1,2.575000000E1
1.554128503E1,2.575000000E1
1.554391003E1,2.575000000E1
1.554653403E1,2.575000000E1
1.554915903E1,2.575000000E1
1.555178303E1,2.575000000E1
1.555440803E1,2.575000000E1
1.555703203E1,2.575000000E1
1.555965703E1,2.575000000E1
1.556228103E1,2.575000000E1
1.556490603E1,2.575000000E1
1.556753003E1,2.575000000E1
1.557015503E1,2.575000000E1
1.557277903E1,2.575000000E1
1.557540403E1,2.575000000E1
1.557802803E1,2.575000000E1
1.558065303E1,2.575000000E1
1.558327703E1,2.575000000E1
1.558590203E1,2.575000000E1
1.558852603E1,2.575000000E1
1.559115103E1,2.575000000E1
1.559377503E1,2.575000000E1
1.559640003E1,2.575000000E1
1.559902403E1,2.575000000E1
1.560164903E1,2.575000000E1
1.560427303E1,2.575000000E1
1.560689803E1,2.575000000E1
1.560952203E1,2.575000000E1
1.561214703E1,2.575000000E1
1.561477103E1,2.575000000E1
1.561739603E1,2.575000000E1
1.562002103E1,2.575000000E1
1.562264503E1,2.575000000E1
1.562527003E1,2.575000000E1
1.562789403E1,2.575000000E1
1.563051903E1,2.575000000E1
1.563314303E1,2.575000000E1
1.563576803E1,2.575000000E1
1.563839203E1,2.575000000E1
1.564101703E1,2.575000000E1
1.564364103E1,2.575000000E1
1.564626603E1,2.575000000E1
1.564889003E1,2.575000000E1
1.565151503E1,2.575000000E1
1.565413903E1,2.575000000E1
1.565676403E1,2.575000000E1
1.565938803E1,2.575000000E1
1.566201303E1,2.575000000E1
1.566463703E1,2.575000000E1
1.566726203E1,2.575000000E1
1.566988603E1,2.575000000E1
1.567251103E1,2.575000000E1
1.567513503E1,2.575000000E1
1.567776003E1,2.575000000E1
1.568038403E1,2.575000000E1
1.568300903E1,2.575000000E1
1.568563303E1,2.575000000E1
1.568825803E1,2.575000000E1
1.569088203E1,2.575000000E1
1.569350703E1,2.575000000E1
1.569613103E1,2.575000000E1
1.569875603E1,2.575000000E1
1.570138003E1,2.575000000E1
1.570400503E1,2.575000000E1
1.570662903E1,2.575000000E1
1.570925403E1,2.575000000E1
1.571187803E1,2.575000000E1
1.571450303E1,2.575000000E1
1.571712703E1,2.575000000E1
1.571975203E1,2.575000000E1
1.572237603E1,2.575000000E1
1.572500103E1,2.575000000E1
1.572762503E1,2.575000000E1
1.573025003E1,2.575000000E1
1.573287503E1,2.575000000E1
1.573549903E1,2.575000000E1
1.573812403E1,2.575000000E1
1.574074803E1,2.575000000E1
1.574337303E1,2.575000000E1
1.574599703E1,2.575000000E1
1.574862203E1,2.575000000E1
1.575124603E1,2.575000000E1
1.575387103E1,2.575000000E1
1.575649503E1,2.575000000E1
1.575912003E1,2.575000000E1
1.576174403E1,2.575000000E1
1.576436903E1,2.575000000E1
1.576699303E1,2.575000000E1
1.576961803E1,2.575000000E1
1.577224203E1,2.575000000E1
1.577486703E1,2.575000000E1
1.577749103E1,2.575000000E1
1.578011603E1,2.575000000E1
1.578274003E1,2.575000000E1
1.578536503E1,2.575000000E1
1.578798903E1,2.575000000E1
1.579061403E1,2.575000000E1
1.579323803E1,2.575000000E1
1.579586303E1,2.575000000E1
1.579848703E1,2.575000000E1
1.580111203E1,2.575000000E1
1.580373603E1,2.575000000E1
1.580636103E1,2.575000000E1
1.580898503E1,2.575000000E1
1.581161003E1,2.575000000E1
1.581423403E1,2.575000000E1
1.581685903E1,2.575000000E1
1.581948303E1,2.575000000E1
1.582210803E1,2.575000000E1
1.582473203E1,2.575000000E1
1.582735703E1,2.575000000E1
1.582998103E1,2.575000000E1
1.583260603E1,2.575000000E1
1.583523003E1,2.575000000E1
1.583785503E1,2.575000000E1
1.584047903E1,2.575000000E1
1.584310403E1,2.575000000E1
1.584572903E1,2.575000000E1
1.584835303E1,2.575000000E1
1.585097803E1,2.575000000E1
1.585360203E1,2.575000000E1
1.585622703E1,2.575000000E1
1.585885103E1,2.575000000E1
1.586147603E1,2.575000000E1
1.586410003E1,2.575000000E1
1.586672503E1,2.575000000E1
1.586934903E1,2.575000000E1
1.587197403E1,2.575000000E1
1.587459803E1,2.575000000E1
1.587722303E1,2.575000000E1
1.587984703E1,2.575000000E1
1.588247203E1,2.575000000E1
1.588509603E1,2.575000000E1
1.588772103E1,2.575000000E1
1.589034503E1,2.575000000E1
1.589297003E1,2.575000000E1
1.589559403E1,2.575000000E1
1.589821903E1,2.575000000E1
1.590084303E1,2.575000000E1
1.590346803E1,2.575000000E1
1.590609203E1,2.575000000E1
1.590871703E1,2.575000000E1
1.591134103E1,2.575000000E1
1.591396603E1,2.575000000E1
1.591659003E1,2.575000000E1
1.591921503E1,2.575000000E1
1.592183903E1,2.575000000E1
1.592446403E1,2.575000000E1
1.592708803E1,2.575000000E1
1.592971303E1,2.575000000E1
1.593233703E1,2.575000000E1
1.593496203E1,2.575000000E1
1.593758603E1,2.575000000E1
1.594021103E1,2.575000000E1
1.594283503E1,2.575000000E1
1.594546003E1,2.575000000E1
1.594808403E1,2.575000000E1
1.595070903E1,2.575000000E1
1.595333403E1,2.575000000E1
1.595595803E1,2.575000000E1
1.595858303E1,2.575000000E1
1.596120703E1,2.575000000E1
1.596383203E1,2.575000000E1
1.596645603E1,2.575000000E1
1.596908103E1,2.575000000E1
1.597170503E1,2.575000000E1
1.597433003E1,2.575000000E1
1.597695403E1,2.575000000E1
1.597957903E1,2.575000000E1
1.598220303E1,2.575000000E1
1.598482803E1,2.575000000E1
1.598745203E1,2.575000000E1
1.599007703E1,2.575000000E1
1.599270103E1,2.575000000E1
1.599532603E1,2.575000000E1
1.599795003E1,2.575000000E1
1.600057503E1,2.575000000E1
1.600319903E1,2.575000000E1
1.600582403E1,2.575000000E1
1.600844803E1,2.575000000E1
1.601107303E1,2.575000000E1
1.601369703E1,2.575000000E1
1.601632203E1,2.575000000E1
1.601894603E1,2.575000000E1
1.602157103E1,2.575000000E1
1.602419503E1,2.575000000E1
1.602682003E1,2.575000000E1
1.602944403E1,2.575000000E1
1.603206903E1,2.575000000E1
1.603469303E1,2.575000000E1
1.603731803E1,2.575000000E1
1.603994203E1,2.575000000E1
1.604256703E1,2.575000000E1
1.604519103E1,2.575000000E1
1.604781603E1,2.575000000E1
1.605044003E1,2.575000000E1
1.605306503E1,2.575000000E1
1.605568903E1,2.575000000E1
1.605831403E1,2.575000000E1
1.606093803E1,2.575000000E1
1.606356303E1,2.575000000E1
1.606618803E1,2.575000000E1
1.606881203E1,2.575000000E1
1.607143703E1,2.575000000E1
1.607406103E1,2.575000000E1
1.607668603E1,2.575000000E1
1.607931003E1,2.575000000E1
1.608193503E1,2.575000000E1
1.608455903E1,2.575000000E1
1.608718403E1,2.575000000E1
1.608980803E1,2.575000000E1
1.609243303E1,2.575000000E1
1.609505703E1,2.575000000E1
1.609768203E1,2.575000000E1
1.610030603E1,2.575000000E1
1.610293103E1,2.575000000E1
1.610555503E1,2.575000000E1
1.610818003E1,2.575000000E1
1.611080403E1,2.575000000E1
1.611342903E1,2.575000000E1
1.611605303E1,2.575000000E1
1.611867803E1,2.575000000E1
1.612130203E1,2.575000000E1
1.612392703E1,2.575000000E1
1.612655103E1,2.575000000E1
1.612917603E1,2.575000000E1
1.613180003E1,2.575000000E1
1.613442503E1,2.575000000E1
1.613704903E1,2.575000000E1
1.613967403E1,2.575000000E1
1.614229803E1,2.575000000E1
1.614492303E1,2.575000000E1
1.614754703E1,2.575000000E1
1.615017203E1,2.575000000E1
1.615279603E1,2.575000000E1
1.615542103E1,2.575000000E1
1.615804503E1,2.575000000E1
1.616067003E1,2.575000000E1
1.616329403E1,2.575000000E1
1.616591903E1,2.575000000E1
1.616854303E1,2.575000000E1
1.617116803E1,2.575000000E1
1.617379203E1,2.575000000E1
1.617641703E1,2.575000000E1
1.617904203E1,2.575000000E1
1.618166603E1,2.575000000E1
1.618429103E1,2.575000000E1
1.618691503E1,2.575000000E1
1.618954003E1,2.575000000E1
1.619216903E1,2.575000000E1
1.619479403E1,2.575000000E1
1.619741803E1,2.575000000E1
1.620004303E1,2.575000000E1
1.620266703E1,2.575000000E1
1.620529203E1,2.575000000E1
1.620791603E1,2.575000000E1
1.621054103E1,2.575000000E1
1.621316503E1,2.575000000E1
1.621579003E1,2.575000000E1
1.621841403E1,2.575000000E1
1.622103903E1,2.575000000E1
1.622366303E1,2.575000000E1
1.622628803E1,2.575000000E1
1.622891203E1,2.575000000E1
1.623153703E1,2.575000000E1
1.623416103E1,2.575000000E1
1.623678603E1,2.575000000E1
1.623941003E1,2.575000000E1
1.624203503E1,2.575000000E1
1.624465903E1,2.575000000E1
1.624728403E1,2.575000000E1
1.624990803E1,2.575000000E1
1.625253303E1,2.575000000E1
1.625515703E1,2.575000000E1
1.625778203E1,2.575000000E1
1.626040603E1,2.575000000E1
1.626303103E1,2.575000000E1
1.626565503E1,2.575000000E1
1.626828003E1,2.575000000E1
1.627090403E1,2.575000000E1
1.627352903E1,2.575000000E1
1.627615403E1,2.575000000E1
1.627877803E1,2.575000000E1
1.628140303E1,2.575000000E1
1.628402703E1,2.575000000E1
1.628665203E1,2.575000000E1
1.628927603E1,2.575000000E1
1.629190103E1,2.575000000E1
1.629452503E1,2.575000000E1
1.629715003E1,2.575000000E1
1.629977403E1,2.575000000E1
1.630239903E1,2.575000000E1
1.630502303E1,2.575000000E1
1.630764803E1,2.575000000E1
1.631027203E1,2.575000000E1
1.631289703E1,2.575000000E1
1.631552103E1,2.575000000E1
1.631814603E1,2.575000000E1
1.632077003E1,2.575000000E1
1.632339503E1,2.575000000E1
1.632601903E1,2.575000000E1
1.632864403E1,2.575000000E1
1.633126803E1,2.575000000E1
1.633389303E1,2.575000000E1
1.633651703E1,2.575000000E1
1.633914203E1,2.575000000E1
1.634176603E1,2.575000000E1
1.634439103E1,2.575000000E1
1.634701503E1,2.575000000E1
1.634964003E1,2.575000000E1
1.635226403E1,2.575000000E1
1.635488903E1,2.575000000E1
1.635751303E1,2.575000000E1
1.636013803E1,2.575000000E1
1.636276203E1,2.575000000E1
1.636538703E1,2.575000000E1
1.636801103E1,2.575000000E1
1.637063603E1,2.575000000E1
1.637326003E1,2.575000000E1
1.637588503E1,2.575000000E1
1.637850903E1,2.575000000E1
1.638113403E1,2.575000000E1
1.638375903E1,2.575000000E1
1.638638303E1,2.575000000E1
1.638900803E1,2.575000000E1
1.639163203E1,2.575000000E1
1.639425703E1,2.575000000E1
1.639688103E1,2.575000000E1
1.639950603E1,2.575000000E1
1.640213003E1,2.575000000E1
1.640475503E1,2.575000000E1
1.640737903E1,2.575000000E1
1.641000403E1,2.575000000E1
1.641262803E1,2.575000000E1
1.641525303E1,2.575000000E1
1.641787703E1,2.575000000E1
1.642050203E1,2.575000000E1
1.642312603E1,2.575000000E1
1.642575103E1,2.575000000E1
1.642837503E1,2.575000000E1
1.643100003E1,2.575000000E1
1.643362403E1,2.575000000E1
1.643624903E1,2.575000000E1
1.643887303E1,2.575000000E1
1.644149803E1,2.575000000E1
1.644412203E1,2.575000000E1
1.644674703E1,2.575000000E1
