"Time (s)","Illuminance (lx)"
0.000000000E0,1.160000000E2
6.386843000E-3,1.160000000E2
9.041843000E-3,1.160000000E2
1.166684300E-2,1.160000000E2
1.429084300E-2,1.160000000E2
1.691584300E-2,1.160000000E2
1.953984300E-2,1.160000000E2
2.216484300E-2,1.160000000E2
2.478884300E-2,1.160000000E2
2.741384300E-2,1.160000000E2
3.003884300E-2,1.160000000E2
3.266284300E-2,1.160000000E2
3.528784300E-2,1.160000000E2
3.791184300E-2,1.160000000E2
4.053684300E-2,1.160000000E2
4.316084300E-2,1.160000000E2
4.578584300E-2,1.160000000E2
4.840984300E-2,1.160000000E2
5.103484300E-2,1.160000000E2
5.365884300E-2,1.160000000E2
5.628384300E-2,1.160000000E2
5.890784300E-2,1.160000000E2
6.153284300E-2,1.160000000E2
6.415684300E-2,1.160000000E2
6.678184300E-2,1.160000000E2
6.940584300E-2,1.160000000E2
7.203084300E-2,1.160000000E2
7.465484300E-2,1.160000000E2
7.727984300E-2,1.160000000E2
7.990384300E-2,1.160000000E2
8.252884300E-2,1.160000000E2
8.515284300E-2,1.160000000E2
8.777784300E-2,1.160000000E2
9.040184300E-2,1.160000000E2
9.302684300E-2,1.160000000E2
9.565084300E-2,1.160000000E2
9.827584300E-2,1.160000000E2
1.008998430E-1,1.160000000E2
1.035248430E-1,1.160000000E2
1.061488430E-1,1.160000000E2
1.087738430E-1,1.160000000E2
1.113978430E-1,1.160000000E2
1.140228430E-1,1.160000000E2
1.166468430E-1,1.160000000E2
1.192718430E-1,1.160000000E2
1.218958430E-1,1.160000000E2
1.245208430E-1,1.160000000E2
1.271448430E-1,1.160000000E2
1.297698430E-1,1.160000000E2
1.323938430E-1,1.160000000E2
1.350188430E-1,1.160000000E2
1.376428430E-1,1.160000000E2
1.402678430E-1,1.160000000E2
1.428928430E-1,1.160000000E2
1.455168430E-1,1.160000000E2
1.481418430E-1,1.160000000E2
1.507658430E-1,1.160000000E2
1.533908430E-1,1.160000000E2
1.560148430E-1,1.160000000E2
1.586398430E-1,1.160000000E2
1.612638430E-1,1.160000000E2
1.638888430E-1,1.160000000E2
1.665128430E-1,1.160000000E2
1.691378430E-1,1.160000000E2
1.717618430E-1,1.160000000E2
1.743868430E-1,1.160000000E2
1.770108430E-1,1.160000000E2
1.796358430E-1,1.160000000E2
1.822598430E-1,1.160000000E2
1.848848430E-1,1.160000000E2
1.875088430E-1,1.160000000E2
1.901338430E-1,1.160000000E2
1.927578430E-1,1.160000000E2
1.953828430E-1,1.160000000E2
1.980068430E-1,1.160000000E2
2.006318430E-1,1.160000000E2
2.032558430E-1,1.160000000E2
2.058808430E-1,1.160000000E2
2.085048430E-1,1.160000000E2
2.111298430E-1,1.160000000E2
2.137538430E-1,1.160000000E2
2.163788430E-1,1.160000000E2
2.190028430E-1,1.160000000E2
2.216278430E-1,1.160000000E2
2.242518430E-1,1.160000000E2
2.268768430E-1,1.160000000E2
2.295008430E-1,1.160000000E2
2.321258430E-1,1.160000000E2
2.347498430E-1,1.160000000E2
2.373748430E-1,1.160000000E2
2.399988430E-1,1.160000000E2
2.426238430E-1,1.160000000E2
2.452478430E-1,1.160000000E2
2.478728430E-1,1.160000000E2
2.504968430E-1,1.160000000E2
2.531218430E-1,1.160000000E2
2.557468430E-1,1.160000000E2
2.583708430E-1,1.160000000E2
2.609958430E-1,1.160000000E2
2.636198430E-1,1.160000000E2
2.662448430E-1,1.160000000E2
2.688688430E-1,1.160000000E2
2.714938430E-1,1.160000000E2
2.741178430E-1,1.160000000E2
2.767428430E-1,1.160000000E2
2.793668430E-1,1.160000000E2
2.819918430E-1,1.160000000E2
2.846158430E-1,1.160000000E2
2.872408430E-1,1.160000000E2
2.898648430E-1,1.160000000E2
2.924898430E-1,1.160000000E2
2.951138430E-1,1.160000000E2
2.977388430E-1,1.160000000E2
3.003628430E-1,1.160000000E2
3.029878430E-1,1.160000000E2
3.056118430E-1,1.160000000E2
3.082368430E-1,1.160000000E2
3.108608430E-1,1.160000000E2
3.134858430E-1,1.160000000E2
3.161098430E-1,1.160000000E2
3.187348430E-1,1.160000000E2
3.213588430E-1,1.160000000E2
3.239838430E-1,1.160000000E2
3.266078430E-1,1.160000000E2
3.292328430E-1,1.160000000E2
3.318568430E-1,1.160000000E2
3.344818430E-1,1.160000000E2
3.371058430E-1,1.160000000E2
3.397308430E-1,1.160000000E2
3.423548430E-1,1.160000000E2
3.449798430E-1,1.160000000E2
3.476038430E-1,1.160000000E2
3.502288430E-1,1.160000000E2
3.528528430E-1,1.160000000E2
3.554778430E-1,1.160000000E2
3.581018430E-1,1.160000000E2
3.607268430E-1,1.160000000E2
3.633508430E-1,1.160000000E2
3.659758430E-1,1.160000000E2
3.686008430E-1,1.160000000E2
3.712248430E-1,1.160000000E2
3.738498430E-1,1.160000000E2
3.764738430E-1,1.160000000E2
3.790988430E-1,1.160000000E2
3.817228430E-1,1.160000000E2
3.843478430E-1,1.160000000E2
3.869718430E-1,1.160000000E2
3.895968430E-1,1.160000000E2
3.922208430E-1,1.160000000E2
3.948458430E-1,1.160000000E2
3.974698430E-1,1.160000000E2
4.000948430E-1,1.160000000E2
4.027188430E-1,1.160000000E2
4.053438430E-1,1.160000000E2
4.079678430E-1,1.160000000E2
4.105928430E-1,1.160000000E2
4.132168430E-1,1.160000000E2
4.158418430E-1,1.160000000E2
4.184658430E-1,1.160000000E2
4.210908430E-1,1.160000000E2
4.237148430E-1,1.160000000E2
4.263398430E-1,1.160000000E2
4.289638430E-1,1.160000000E2
4.315888430E-1,1.160000000E2
4.342128430E-1,1.160000000E2
4.368378430E-1,1.160000000E2
4.394618430E-1,1.160000000E2
4.420868430E-1,1.160000000E2
4.447108430E-1,1.160000000E2
4.473358430E-1,1.160000000E2
4.499598430E-1,1.160000000E2
4.525848430E-1,1.160000000E2
4.552088430E-1,1.160000000E2
4.578338430E-1,1.160000000E2
4.604578430E-1,1.160000000E2
4.630828430E-1,1.160000000E2
4.657068430E-1,1.160000000E2
4.683318430E-1,1.160000000E2
4.709558430E-1,1.160000000E2
4.735808430E-1,1.160000000E2
4.762048430E-1,1.160000000E2
4.788298430E-1,1.160000000E2
4.814548430E-1,1.160000000E2
4.840788430E-1,1.160000000E2
4.867038430E-1,1.160000000E2
4.893278430E-1,1.160000000E2
4.919528430E-1,1.160000000E2
4.945768430E-1,1.160000000E2
4.972018430E-1,1.160000000E2
4.998258430E-1,1.160000000E2
5.024508430E-1,1.160000000E2
5.050748430E-1,1.160000000E2
5.076998430E-1,1.160000000E2
5.103238430E-1,1.160000000E2
5.129488430E-1,1.160000000E2
5.155728430E-1,1.160000000E2
5.181978430E-1,1.160000000E2
5.208218430E-1,1.160000000E2
5.234468430E-1,1.160000000E2
5.260708430E-1,1.160000000E2
5.286958430E-1,1.160000000E2
5.313198430E-1,1.160000000E2
5.339448430E-1,1.160000000E2
5.365688430E-1,1.160000000E2
5.391938430E-1,1.160000000E2
5.418178430E-1,1.160000000E2
5.444428430E-1,1.160000000E2
5.470668430E-1,1.160000000E2
5.496918430E-1,1.160000000E2
5.523158430E-1,1.160000000E2
5.549408430E-1,1.160000000E2
5.575648430E-1,1.160000000E2
5.601898430E-1,1.160000000E2
5.628138430E-1,1.160000000E2
5.654388430E-1,1.160000000E2
5.680628430E-1,1.160000000E2
5.706878430E-1,1.160000000E2
5.733118430E-1,1.160000000E2
5.759368430E-1,1.160000000E2
5.785608430E-1,1.160000000E2
5.811858430E-1,1.160000000E2
5.838098430E-1,1.160000000E2
5.864348430E-1,1.160000000E2
5.890598430E-1,1.160000000E2
5.916838430E-1,1.160000000E2
5.943088430E-1,1.160000000E2
5.969328430E-1,1.160000000E2
5.995578430E-1,1.160000000E2
6.021818430E-1,1.160000000E2
6.048068430E-1,1.160000000E2
6.074308430E-1,1.160000000E2
6.100558430E-1,1.160000000E2
6.126798430E-1,1.160000000E2
6.153048430E-1,1.160000000E2
6.179288430E-1,1.160000000E2
6.205538430E-1,1.160000000E2
6.231778430E-1,1.160000000E2
6.258028430E-1,1.160000000E2
6.284268430E-1,1.160000000E2
6.310518430E-1,1.160000000E2
6.336758430E-1,1.160000000E2
6.363008430E-1,1.160000000E2
6.389248430E-1,1.160000000E2
6.415498430E-1,1.160000000E2
6.441738430E-1,1.160000000E2
6.467988430E-1,1.160000000E2
6.494228430E-1,1.160000000E2
6.520478430E-1,1.160000000E2
6.546718430E-1,1.160000000E2
6.572968430E-1,1.160000000E2
6.599208430E-1,1.160000000E2
6.625458430E-1,1.160000000E2
6.651698430E-1,1.160000000E2
6.677948430E-1,1.160000000E2
6.704188430E-1,1.160000000E2
6.730438430E-1,1.160000000E2
6.756678430E-1,1.160000000E2
6.782928430E-1,1.160000000E2
6.809168430E-1,1.160000000E2
6.835418430E-1,1.160000000E2
6.861658430E-1,1.160000000E2
6.887908430E-1,1.160000000E2
6.914148430E-1,1.160000000E2
6.940398430E-1,1.160000000E2
6.966638430E-1,1.160000000E2
6.992888430E-1,1.160000000E2
7.019138430E-1,1.160000000E2
7.045378430E-1,1.160000000E2
7.071628430E-1,1.160000000E2
7.097868430E-1,1.160000000E2
7.124118430E-1,1.160000000E2
7.150358430E-1,1.160000000E2
7.176608430E-1,1.160000000E2
7.202848430E-1,1.160000000E2
7.229098430E-1,1.160000000E2
7.255338430E-1,1.160000000E2
7.281588430E-1,1.160000000E2
7.307828430E-1,1.160000000E2
7.334078430E-1,1.160000000E2
7.360318430E-1,1.160000000E2
7.386568430E-1,1.160000000E2
7.412808430E-1,1.160000000E2
7.439058430E-1,1.160000000E2
7.465298430E-1,1.160000000E2
7.491548430E-1,1.160000000E2
7.517788430E-1,1.160000000E2
7.544038430E-1,1.160000000E2
7.570278430E-1,1.160000000E2
7.596528430E-1,1.160000000E2
7.622768430E-1,1.160000000E2
7.649018430E-1,1.160000000E2
7.675258430E-1,1.160000000E2
7.701508430E-1,1.160000000E2
7.727748430E-1,1.160000000E2
7.753998430E-1,1.160000000E2
7.780238430E-1,1.160000000E2
7.806488430E-1,1.160000000E2
7.832728430E-1,1.160000000E2
7.858978430E-1,1.160000000E2
7.885218430E-1,1.160000000E2
7.911468430E-1,1.160000000E2
7.937708430E-1,1.160000000E2
7.963958430E-1,1.160000000E2
7.990198430E-1,1.160000000E2
8.016448430E-1,1.160000000E2
8.042688430E-1,1.160000000E2
8.068938430E-1,1.160000000E2
8.095178430E-1,1.160000000E2
8.121428430E-1,1.160000000E2
8.147678430E-1,1.160000000E2
8.173918430E-1,1.160000000E2
8.200168430E-1,1.160000000E2
8.226408430E-1,1.160000000E2
8.252658430E-1,1.160000000E2
8.278898430E-1,1.160000000E2
8.305148430E-1,1.160000000E2
8.331388430E-1,1.160000000E2
8.357638430E-1,1.160000000E2
8.383878430E-1,1.160000000E2
8.410128430E-1,1.160000000E2
8.436368430E-1,1.160000000E2
8.462618430E-1,1.160000000E2
8.488858430E-1,1.160000000E2
8.515108430E-1,1.160000000E2
8.541348430E-1,1.160000000E2
8.567598430E-1,1.160000000E2
8.593838430E-1,1.160000000E2
8.620088430E-1,1.160000000E2
8.646328430E-1,1.160000000E2
8.672578430E-1,1.160000000E2
8.698818430E-1,1.160000000E2
8.725068430E-1,1.160000000E2
8.751308430E-1,1.160000000E2
8.777558430E-1,1.160000000E2
8.803798430E-1,1.160000000E2
8.830048430E-1,1.160000000E2
8.856288430E-1,1.160000000E2
8.882538430E-1,1.160000000E2
8.908778430E-1,1.160000000E2
8.935028430E-1,1.160000000E2
8.961268430E-1,1.160000000E2
8.987518430E-1,1.160000000E2
9.013758430E-1,1.160000000E2
9.040008430E-1,1.160000000E2
9.066248430E-1,1.160000000E2
9.092498430E-1,1.160000000E2
9.118738430E-1,1.160000000E2
9.144988430E-1,1.160000000E2
9.171228430E-1,1.160000000E2
9.197478430E-1,1.160000000E2
9.223718430E-1,1.160000000E2
9.249968430E-1,1.160000000E2
9.276218430E-1,1.160000000E2
9.302458430E-1,1.160000000E2
9.328708430E-1,1.160000000E2
9.354948430E-1,1.160000000E2
9.381198430E-1,1.160000000E2
9.407438430E-1,1.160000000E2
9.433688430E-1,1.160000000E2
9.459928430E-1,1.160000000E2
9.486178430E-1,1.160000000E2
9.512418430E-1,1.160000000E2
9.538668430E-1,1.160000000E2
9.564908430E-1,1.160000000E2
9.591158430E-1,1.160000000E2
9.617398430E-1,1.160000000E2
9.643648430E-1,1.160000000E2
9.669888430E-1,1.160000000E2
9.696138430E-1,1.160000000E2
9.722378430E-1,1.160000000E2
9.748628430E-1,1.160000000E2
9.774868430E-1,1.160000000E2
9.801118430E-1,1.160000000E2
9.827358430E-1,1.160000000E2
9.853608430E-1,1.160000000E2
9.879848430E-1,1.160000000E2
9.906098430E-1,1.160000000E2
9.932338430E-1,1.160000000E2
9.958588430E-1,1.160000000E2
9.984828430E-1,1.160000000E2
1.001107843E0,1.160000000E2
1.003731843E0,1.160000000E2
1.006356843E0,1.160000000E2
1.008980843E0,1.160000000E2
1.011605843E0,1.160000000E2
1.014229843E0,1.160000000E2
1.016854843E0,1.160000000E2
1.019478843E0,1.160000000E2
1.022103843E0,1.160000000E2
1.024727843E0,1.160000000E2
1.027352843E0,1.160000000E2
1.029976843E0,1.160000000E2
1.032601843E0,1.160000000E2
1.035225843E0,1.160000000E2
1.037850843E0,1.160000000E2
1.040475843E0,1.160000000E2
1.043099843E0,1.160000000E2
1.045724843E0,1.160000000E2
1.048348843E0,1.160000000E2
1.050973843E0,1.160000000E2
1.053597843E0,1.160000000E2
1.056222843E0,1.160000000E2
1.058846843E0,1.160000000E2
1.061471843E0,1.160000000E2
1.064095843E0,1.160000000E2
1.066720843E0,1.160000000E2
1.069344843E0,1.160000000E2
1.071969843E0,1.160000000E2
1.074593843E0,1.160000000E2
1.077218843E0,1.160000000E2
1.079842843E0,1.160000000E2
1.082467843E0,1.160000000E2
1.085091843E0,1.160000000E2
1.087716843E0,1.160000000E2
1.090340843E0,1.160000000E2
1.092965843E0,1.160000000E2
1.095589843E0,1.160000000E2
1.098214843E0,1.160000000E2
1.100838843E0,1.160000000E2
1.103463843E0,1.160000000E2
1.106087843E0,1.160000000E2
1.108712843E0,1.160000000E2
1.111336843E0,1.160000000E2
1.113961843E0,1.160000000E2
1.116585843E0,1.160000000E2
1.119210843E0,1.160000000E2
1.121834843E0,1.160000000E2
1.124459843E0,1.160000000E2
1.127083843E0,1.160000000E2
1.129708843E0,1.160000000E2
1.132332843E0,1.160000000E2
1.134957843E0,1.160000000E2
1.137581843E0,1.160000000E2
1.140206843E0,1.160000000E2
1.142830843E0,1.160000000E2
1.145455843E0,1.160000000E2
1.148079843E0,1.160000000E2
1.150704843E0,1.160000000E2
1.153329843E0,1.160000000E2
1.155953843E0,1.160000000E2
1.158578843E0,1.160000000E2
1.161202843E0,1.160000000E2
1.163827843E0,1.160000000E2
1.166451843E0,1.160000000E2
1.169076843E0,1.160000000E2
1.171700843E0,1.160000000E2
1.174325843E0,1.160000000E2
1.176949843E0,1.160000000E2
1.179574843E0,1.160000000E2
1.182198843E0,1.160000000E2
1.184823843E0,1.160000000E2
1.187447843E0,1.160000000E2
1.190072843E0,1.160000000E2
1.192696843E0,1.160000000E2
1.195321843E0,1.160000000E2
1.197945843E0,1.160000000E2
1.200570843E0,1.160000000E2
1.203194843E0,1.160000000E2
1.205819843E0,1.160000000E2
1.208443843E0,1.160000000E2
1.211068843E0,1.160000000E2
1.213692843E0,1.160000000E2
1.216317843E0,1.160000000E2
1.218941843E0,1.160000000E2
1.221566843E0,1.160000000E2
1.224190843E0,1.160000000E2
1.226815843E0,1.160000000E2
1.229439843E0,1.160000000E2
1.232064843E0,1.160000000E2
1.234688843E0,1.160000000E2
1.237313843E0,1.160000000E2
1.239937843E0,1.160000000E2
1.242562843E0,1.160000000E2
1.245186843E0,1.160000000E2
1.247811843E0,1.160000000E2
1.250435843E0,1.160000000E2
1.253060843E0,1.160000000E2
1.255684843E0,1.160000000E2
1.258309843E0,1.160000000E2
1.260934843E0,1.160000000E2
1.263558843E0,1.160000000E2
1.266183843E0,1.160000000E2
1.268807843E0,1.160000000E2
1.271432843E0,1.160000000E2
1.274056843E0,1.160000000E2
1.276681843E0,1.160000000E2
1.279305843E0,1.160000000E2
1.281930843E0,1.160000000E2
1.284554843E0,1.160000000E2
1.287179843E0,1.160000000E2
1.289803843E0,1.160000000E2
1.292428843E0,1.160000000E2
1.295052843E0,1.160000000E2
1.297677843E0,1.160000000E2
1.300301843E0,1.160000000E2
1.302926843E0,1.160000000E2
1.305550843E0,1.160000000E2
1.308175843E0,1.160000000E2
1.310799843E0,1.160000000E2
1.313424843E0,1.160000000E2
1.316048843E0,1.160000000E2
1.318673843E0,1.160000000E2
1.321297843E0,1.160000000E2
1.323922843E0,1.160000000E2
1.326546843E0,1.160000000E2
1.329171843E0,1.160000000E2
1.331795843E0,1.160000000E2
1.334420843E0,1.160000000E2
1.337044843E0,1.160000000E2
1.339669843E0,1.160000000E2
1.342293843E0,1.160000000E2
1.344918843E0,1.160000000E2
1.347542843E0,1.160000000E2
1.350167843E0,1.160000000E2
1.352791843E0,1.160000000E2
1.355416843E0,1.160000000E2
1.358040843E0,1.160000000E2
1.360665843E0,1.160000000E2
1.363289843E0,1.160000000E2
1.365914843E0,1.160000000E2
1.368538843E0,1.160000000E2
1.371163843E0,1.160000000E2
1.373788843E0,1.160000000E2
1.376412843E0,1.160000000E2
1.379037843E0,1.160000000E2
1.381661843E0,1.160000000E2
1.384286843E0,1.160000000E2
1.386910843E0,1.160000000E2
1.389535843E0,1.160000000E2
1.392159843E0,1.160000000E2
1.394784843E0,1.160000000E2
1.397408843E0,1.160000000E2
1.400033843E0,1.160000000E2
1.402657843E0,1.160000000E2
1.405282843E0,1.160000000E2
1.407906843E0,1.160000000E2
1.410531843E0,1.160000000E2
1.413155843E0,1.160000000E2
1.415780843E0,1.160000000E2
1.418404843E0,1.160000000E2
1.421029843E0,1.160000000E2
1.423653843E0,1.160000000E2
1.426278843E0,1.160000000E2
1.428902843E0,1.160000000E2
1.431527843E0,1.160000000E2
1.434151843E0,1.160000000E2
1.436776843E0,1.160000000E2
1.439400843E0,1.160000000E2
1.442025843E0,1.160000000E2
1.444649843E0,1.160000000E2
1.447274843E0,1.160000000E2
1.449898843E0,1.160000000E2
1.452523843E0,1.160000000E2
1.455147843E0,1.160000000E2
1.457772843E0,1.160000000E2
1.460396843E0,1.160000000E2
1.463021843E0,1.160000000E2
1.465645843E0,1.160000000E2
1.468270843E0,1.160000000E2
1.470894843E0,1.160000000E2
1.473519843E0,1.160000000E2
1.476143843E0,1.160000000E2
1.478768843E0,1.160000000E2
1.481392843E0,1.160000000E2
1.484017843E0,1.160000000E2
1.486642843E0,1.160000000E2
1.489266843E0,1.160000000E2
1.491891843E0,1.160000000E2
1.494515843E0,1.160000000E2
1.497140843E0,1.160000000E2
1.499764843E0,1.160000000E2
1.502389843E0,1.160000000E2
1.505013843E0,1.160000000E2
1.507638843E0,1.160000000E2
1.510262843E0,1.160000000E2
1.512887843E0,1.160000000E2
1.515511843E0,1.160000000E2
1.518136843E0,1.160000000E2
1.520760843E0,1.160000000E2
1.523385843E0,1.160000000E2
1.526009843E0,1.160000000E2
1.528634843E0,1.160000000E2
1.531258843E0,1.160000000E2
1.533883843E0,1.160000000E2
1.536507843E0,1.160000000E2
1.539132843E0,1.160000000E2
1.541756843E0,1.160000000E2
1.544381843E0,1.160000000E2
1.547005843E0,1.160000000E2
1.549630843E0,1.160000000E2
1.552254843E0,1.160000000E2
1.554879843E0,1.160000000E2
1.557503843E0,1.160000000E2
1.560128843E0,1.160000000E2
1.562752843E0,1.160000000E2
1.565377843E0,1.160000000E2
1.568001843E0,1.160000000E2
1.570626843E0,1.160000000E2
1.573250843E0,1.160000000E2
1.575875843E0,1.160000000E2
1.578499843E0,1.160000000E2
1.581124843E0,1.160000000E2
1.583748843E0,1.160000000E2
1.586373843E0,1.160000000E2
1.588997843E0,1.160000000E2
1.591622843E0,1.160000000E2
1.594246843E0,1.160000000E2
1.596871843E0,1.160000000E2
1.599496843E0,1.160000000E2
1.602120843E0,1.160000000E2
1.604745843E0,1.160000000E2
1.607369843E0,1.160000000E2
1.609994843E0,1.160000000E2
1.612618843E0,1.160000000E2
1.615243843E0,1.160000000E2
1.617867843E0,1.160000000E2
1.620492843E0,1.160000000E2
1.623116843E0,1.160000000E2
1.625741843E0,1.160000000E2
1.628365843E0,1.160000000E2
1.630990843E0,1.160000000E2
1.633614843E0,1.160000000E2
1.636239843E0,1.160000000E2
1.638863843E0,1.160000000E2
1.641488843E0,1.160000000E2
1.644112843E0,1.160000000E2
1.646737843E0,1.160000000E2
1.649361843E0,1.160000000E2
1.651986843E0,1.160000000E2
1.654610843E0,1.160000000E2
1.657235843E0,1.160000000E2
1.659859843E0,1.160000000E2
1.662484843E0,1.160000000E2
1.665108843E0,1.160000000E2
1.667733843E0,1.160000000E2
1.670357843E0,1.160000000E2
1.672982843E0,1.160000000E2
1.675606843E0,1.160000000E2
1.678231843E0,1.160000000E2
1.680855843E0,1.160000000E2
1.683480843E0,1.160000000E2
1.686104843E0,1.160000000E2
1.688729843E0,1.160000000E2
1.691353843E0,1.160000000E2
1.693978843E0,1.160000000E2
1.696602843E0,1.160000000E2
1.699227843E0,1.160000000E2
1.701851843E0,1.160000000E2
1.704476843E0,1.160000000E2
1.707100843E0,1.160000000E2
1.709725843E0,1.160000000E2
1.712350843E0,1.160000000E2
1.714974843E0,1.160000000E2
1.717599843E0,1.160000000E2
1.720223843E0,1.160000000E2
1.722848843E0,1.160000000E2
1.725472843E0,1.160000000E2
1.728097843E0,1.160000000E2
1.730721843E0,1.160000000E2
1.733346843E0,1.160000000E2
1.735970843E0,1.160000000E2
1.738595843E0,1.160000000E2
1.741219843E0,1.160000000E2
1.743844843E0,1.160000000E2
1.746468843E0,1.160000000E2
1.749093843E0,1.160000000E2
1.751717843E0,1.160000000E2
1.754342843E0,1.160000000E2
1.756966843E0,1.160000000E2
1.759591843E0,1.160000000E2
1.762215843E0,1.160000000E2
1.764840843E0,1.160000000E2
1.767464843E0,1.160000000E2
1.770089843E0,1.160000000E2
1.772713843E0,1.160000000E2
1.775338843E0,1.160000000E2
1.777962843E0,1.160000000E2
1.780587843E0,1.160000000E2
1.783211843E0,1.160000000E2
1.785836843E0,1.160000000E2
1.788460843E0,1.160000000E2
1.791085843E0,1.160000000E2
1.793709843E0,1.160000000E2
1.796334843E0,1.160000000E2
1.798958843E0,1.160000000E2
1.801583843E0,1.160000000E2
1.804207843E0,1.160000000E2
1.806832843E0,1.160000000E2
1.809456843E0,1.160000000E2
1.812081843E0,1.160000000E2
1.814705843E0,1.160000000E2
1.817330843E0,1.160000000E2
1.819954843E0,1.160000000E2
1.822579843E0,1.160000000E2
1.825204843E0,1.160000000E2
1.827828843E0,1.160000000E2
1.830453843E0,1.160000000E2
1.833077843E0,1.160000000E2
1.835702843E0,1.160000000E2
1.838326843E0,1.160000000E2
1.840951843E0,1.160000000E2
1.843575843E0,1.160000000E2
1.846200843E0,1.160000000E2
1.848824843E0,1.160000000E2
1.851449843E0,1.160000000E2
1.854073843E0,1.160000000E2
1.856698843E0,1.160000000E2
1.859322843E0,1.160000000E2
1.861947843E0,1.160000000E2
1.864571843E0,1.160000000E2
1.867196843E0,1.160000000E2
1.869820843E0,1.160000000E2
1.872445843E0,1.160000000E2
1.875069843E0,1.160000000E2
1.877694843E0,1.160000000E2
1.880318843E0,1.160000000E2
1.882943843E0,1.160000000E2
1.885567843E0,1.160000000E2
1.888192843E0,1.160000000E2
1.890816843E0,1.160000000E2
1.893441843E0,1.160000000E2
1.896065843E0,1.160000000E2
1.898690843E0,1.160000000E2
1.901314843E0,1.160000000E2
1.903939843E0,1.160000000E2
1.906563843E0,1.160000000E2
1.909188843E0,1.160000000E2
1.911812843E0,1.160000000E2
1.914437843E0,1.160000000E2
1.917061843E0,1.160000000E2
1.919686843E0,1.160000000E2
1.922310843E0,1.160000000E2
1.924935843E0,1.160000000E2
1.927559843E0,1.160000000E2
1.930184843E0,1.160000000E2
1.932809843E0,1.160000000E2
1.935433843E0,1.160000000E2
1.938058843E0,1.160000000E2
1.940682843E0,1.160000000E2
1.943307843E0,1.160000000E2
1.945931843E0,1.160000000E2
1.948556843E0,1.160000000E2
1.951180843E0,1.160000000E2
1.953805843E0,1.160000000E2
1.956429843E0,1.160000000E2
1.959054843E0,1.160000000E2
1.961678843E0,1.160000000E2
1.964303843E0,1.160000000E2
1.966927843E0,1.160000000E2
1.969552843E0,1.160000000E2
1.972176843E0,1.160000000E2
1.974801843E0,1.160000000E2
1.977425843E0,1.160000000E2
1.980050843E0,1.160000000E2
1.982674843E0,1.160000000E2
1.985299843E0,1.160000000E2
1.987923843E0,1.160000000E2
1.990548843E0,1.095000000E2
1.993172843E0,1.095000000E2
1.995797843E0,1.095000000E2
1.998421843E0,1.095000000E2
2.001046843E0,1.095000000E2
2.003670843E0,1.095000000E2
2.006295843E0,1.095000000E2
2.008919843E0,1.095000000E2
2.011544843E0,1.095000000E2
2.014168843E0,1.095000000E2
2.016793843E0,1.160000000E2
2.019417843E0,1.160000000E2
2.022042843E0,1.160000000E2
2.024666843E0,1.160000000E2
2.027291843E0,1.160000000E2
2.029915843E0,1.160000000E2
2.032540843E0,1.160000000E2
2.035164843E0,1.160000000E2
2.037789843E0,1.160000000E2
2.040413843E0,1.160000000E2
2.043038843E0,1.160000000E2
2.045663843E0,1.160000000E2
2.048287843E0,1.160000000E2
2.050912843E0,1.160000000E2
2.053536843E0,1.160000000E2
2.056161843E0,1.160000000E2
2.058785843E0,1.160000000E2
2.061410843E0,1.160000000E2
2.064034843E0,1.160000000E2
2.066659843E0,1.160000000E2
2.069283843E0,1.160000000E2
2.071908843E0,1.160000000E2
2.074532843E0,1.160000000E2
2.077157843E0,1.160000000E2
2.079781843E0,1.160000000E2
2.082406843E0,1.160000000E2
2.085030843E0,1.160000000E2
2.087655843E0,1.160000000E2
2.090279843E0,1.160000000E2
2.092904843E0,1.160000000E2
2.095528843E0,1.095000000E2
2.098153843E0,1.095000000E2
2.100777843E0,1.095000000E2
2.103402843E0,1.095000000E2
2.106026843E0,1.095000000E2
2.108651843E0,1.095000000E2
2.111275843E0,1.095000000E2
2.113900843E0,1.095000000E2
2.116524843E0,1.095000000E2
2.119149843E0,1.160000000E2
2.121773843E0,1.160000000E2
2.124398843E0,1.160000000E2
2.127022843E0,1.160000000E2
2.129647843E0,1.160000000E2
2.132271843E0,1.160000000E2
2.134896843E0,1.160000000E2
2.137520843E0,1.160000000E2
2.140145843E0,1.160000000E2
2.142769843E0,1.160000000E2
2.145394843E0,1.160000000E2
2.148018843E0,1.160000000E2
2.150643843E0,1.160000000E2
2.153267843E0,1.160000000E2
2.155892843E0,1.160000000E2
2.158517843E0,1.160000000E2
2.161141843E0,1.160000000E2
2.163766843E0,1.160000000E2
2.166390843E0,1.160000000E2
2.169015843E0,1.160000000E2
2.171639843E0,1.160000000E2
2.174264843E0,1.160000000E2
2.176888843E0,1.160000000E2
2.179513843E0,1.160000000E2
2.182137843E0,1.160000000E2
2.184762843E0,1.160000000E2
2.187386843E0,1.160000000E2
2.190011843E0,1.160000000E2
2.192635843E0,1.160000000E2
2.195260843E0,1.160000000E2
2.197884843E0,1.160000000E2
2.200509843E0,1.160000000E2
2.203133843E0,1.160000000E2
2.205758843E0,1.160000000E2
2.208382843E0,1.160000000E2
2.211007843E0,1.160000000E2
2.213631843E0,1.160000000E2
2.216256843E0,1.160000000E2
2.218880843E0,1.160000000E2
2.221505843E0,1.160000000E2
2.224129843E0,1.160000000E2
2.226754843E0,1.160000000E2
2.229378843E0,1.160000000E2
2.232003843E0,1.160000000E2
2.234627843E0,1.160000000E2
2.237252843E0,1.160000000E2
2.239876843E0,1.160000000E2
2.242501843E0,1.160000000E2
2.245125843E0,1.160000000E2
2.247750843E0,1.160000000E2
2.250374843E0,1.160000000E2
2.252999843E0,1.160000000E2
2.255623843E0,1.160000000E2
2.258248843E0,1.160000000E2
2.260872843E0,1.160000000E2
2.263497843E0,1.160000000E2
2.266121843E0,1.160000000E2
2.268746843E0,1.160000000E2
2.271371843E0,1.160000000E2
2.273995843E0,1.160000000E2
2.276620843E0,1.160000000E2
2.279244843E0,1.160000000E2
2.281869843E0,1.160000000E2
2.284493843E0,1.160000000E2
2.287118843E0,1.160000000E2
2.289742843E0,1.160000000E2
2.292367843E0,1.160000000E2
2.294991843E0,1.160000000E2
2.297616843E0,1.160000000E2
2.300240843E0,1.160000000E2
2.302865843E0,1.160000000E2
2.305489843E0,1.160000000E2
2.308114843E0,1.160000000E2
2.310738843E0,1.160000000E2
2.313363843E0,1.160000000E2
2.315987843E0,1.160000000E2
2.318612843E0,1.160000000E2
2.321236843E0,1.160000000E2
2.323861843E0,1.095000000E2
2.326485843E0,1.095000000E2
2.329110843E0,1.095000000E2
2.331734843E0,1.095000000E2
2.334359843E0,1.095000000E2
2.336983843E0,1.095000000E2
2.339608843E0,1.095000000E2
2.342232843E0,1.095000000E2
2.344857843E0,1.095000000E2
2.347481843E0,1.095000000E2
2.350106843E0,1.095000000E2
2.352730843E0,1.095000000E2
2.355355843E0,1.095000000E2
2.357979843E0,1.095000000E2
2.360604843E0,1.095000000E2
2.363228843E0,1.095000000E2
2.365853843E0,1.095000000E2
2.368477843E0,1.095000000E2
2.371102843E0,1.095000000E2
2.373726843E0,1.160000000E2
2.376351843E0,1.160000000E2
2.378975843E0,1.160000000E2
2.381600843E0,1.160000000E2
2.384225843E0,1.160000000E2
2.386849843E0,1.160000000E2
2.389474843E0,1.160000000E2
2.392098843E0,1.160000000E2
2.394723843E0,1.160000000E2
2.397347843E0,1.160000000E2
2.399972843E0,1.160000000E2
2.402596843E0,1.160000000E2
2.405221843E0,1.160000000E2
2.407845843E0,1.160000000E2
2.410470843E0,1.160000000E2
2.413094843E0,1.160000000E2
2.415719843E0,1.160000000E2
2.418343843E0,1.160000000E2
2.420968843E0,1.160000000E2
2.423592843E0,1.160000000E2
2.426217843E0,1.095000000E2
2.428841843E0,1.095000000E2
2.431466843E0,1.095000000E2
2.434090843E0,1.095000000E2
2.436715843E0,1.095000000E2
2.439339843E0,1.095000000E2
2.441964843E0,1.095000000E2
2.444588843E0,1.095000000E2
2.447213843E0,1.095000000E2
2.449837843E0,1.160000000E2
2.452462843E0,1.160000000E2
2.455086843E0,1.160000000E2
2.457711843E0,1.160000000E2
2.460335843E0,1.160000000E2
2.462960843E0,1.160000000E2
2.465584843E0,1.160000000E2
2.468209843E0,1.160000000E2
2.470833843E0,1.160000000E2
2.473458843E0,1.160000000E2
2.476082843E0,1.160000000E2
2.478707843E0,1.160000000E2
2.481331843E0,1.160000000E2
2.483956843E0,1.160000000E2
2.486580843E0,1.160000000E2
2.489205843E0,1.160000000E2
2.491829843E0,1.160000000E2
2.494454843E0,1.160000000E2
2.497079843E0,1.160000000E2
2.499703843E0,1.160000000E2
2.502328843E0,1.160000000E2
2.504952843E0,1.160000000E2
2.507577843E0,1.160000000E2
2.510201843E0,1.160000000E2
2.512826843E0,1.160000000E2
2.515450843E0,1.160000000E2
2.518075843E0,1.160000000E2
2.520699843E0,1.160000000E2
2.523324843E0,1.160000000E2
2.525948843E0,1.160000000E2
2.528573843E0,1.160000000E2
2.531197843E0,1.160000000E2
2.533822843E0,1.160000000E2
2.536446843E0,1.160000000E2
2.539071843E0,1.160000000E2
2.541695843E0,1.160000000E2
2.544320843E0,1.160000000E2
2.546944843E0,1.160000000E2
2.549569843E0,1.160000000E2
2.552193843E0,1.160000000E2
2.554818843E0,1.160000000E2
2.557442843E0,1.160000000E2
2.560067843E0,1.160000000E2
2.562691843E0,1.160000000E2
2.565316843E0,1.160000000E2
2.567940843E0,1.160000000E2
2.570565843E0,1.160000000E2
2.573189843E0,1.160000000E2
2.575814843E0,1.160000000E2
2.578438843E0,1.160000000E2
2.581063843E0,1.160000000E2
2.583687843E0,1.160000000E2
2.586312843E0,1.160000000E2
2.588936843E0,1.160000000E2
2.591561843E0,1.160000000E2
2.594185843E0,1.160000000E2
2.596810843E0,1.160000000E2
2.599434843E0,1.160000000E2
2.602059843E0,1.160000000E2
2.604684843E0,1.160000000E2
2.607308843E0,1.160000000E2
2.609933843E0,1.160000000E2
2.612557843E0,1.160000000E2
2.615182843E0,1.160000000E2
2.617806843E0,1.160000000E2
2.620431843E0,1.160000000E2
2.623055843E0,1.160000000E2
2.625680843E0,1.160000000E2
2.628304843E0,1.160000000E2
2.630929843E0,1.160000000E2
2.633553843E0,1.160000000E2
2.636178843E0,1.160000000E2
2.638802843E0,1.160000000E2
2.641427843E0,1.160000000E2
2.644051843E0,1.160000000E2
2.646676843E0,1.160000000E2
2.649300843E0,1.160000000E2
2.651925843E0,1.160000000E2
2.654549843E0,1.095000000E2
2.657174843E0,1.095000000E2
2.659798843E0,1.095000000E2
2.662423843E0,1.095000000E2
2.665047843E0,1.095000000E2
2.667672843E0,1.095000000E2
2.670296843E0,1.095000000E2
2.672921843E0,1.095000000E2
2.675545843E0,1.095000000E2
2.678170843E0,1.095000000E2
2.680794843E0,1.160000000E2
2.683419843E0,1.160000000E2
2.686043843E0,1.160000000E2
2.688668843E0,1.160000000E2
2.691292843E0,1.160000000E2
2.693917843E0,1.160000000E2
2.696541843E0,1.160000000E2
2.699166843E0,1.160000000E2
2.701790843E0,1.160000000E2
2.704415843E0,1.160000000E2
2.707039843E0,1.160000000E2
2.709664843E0,1.160000000E2
2.712288843E0,1.160000000E2
2.714913843E0,1.160000000E2
2.717538843E0,1.160000000E2
2.720162843E0,1.160000000E2
2.722787843E0,1.160000000E2
2.725411843E0,1.160000000E2
2.728036843E0,1.160000000E2
2.730660843E0,1.160000000E2
2.733285843E0,1.160000000E2
2.735909843E0,1.160000000E2
2.738534843E0,1.160000000E2
2.741158843E0,1.160000000E2
2.743783843E0,1.160000000E2
2.746407843E0,1.160000000E2
2.749032843E0,1.160000000E2
2.751656843E0,1.160000000E2
2.754281843E0,1.160000000E2
2.756905843E0,1.160000000E2
2.759530843E0,1.160000000E2
2.762154843E0,1.160000000E2
2.764779843E0,1.160000000E2
2.767403843E0,1.160000000E2
2.770028843E0,1.160000000E2
2.772652843E0,1.160000000E2
2.775277843E0,1.160000000E2
2.777901843E0,1.160000000E2
2.780526843E0,1.160000000E2
2.783150843E0,1.160000000E2
2.785775843E0,1.160000000E2
2.788399843E0,1.160000000E2
2.791024843E0,1.160000000E2
2.793648843E0,1.160000000E2
2.796273843E0,1.160000000E2
2.798897843E0,1.160000000E2
2.801522843E0,1.160000000E2
2.804146843E0,1.160000000E2
2.806771843E0,1.095000000E2
2.809395843E0,1.095000000E2
2.812020843E0,1.095000000E2
2.814644843E0,1.095000000E2
2.817269843E0,1.095000000E2
2.819893843E0,1.095000000E2
2.822518843E0,1.095000000E2
2.825142843E0,1.095000000E2
2.827767843E0,1.095000000E2
2.830392843E0,1.160000000E2
2.833016843E0,1.160000000E2
2.835641843E0,1.160000000E2
2.838265843E0,1.160000000E2
2.840890843E0,1.160000000E2
2.843514843E0,1.160000000E2
2.846139843E0,1.160000000E2
2.848763843E0,1.160000000E2
2.851388843E0,1.160000000E2
2.854012843E0,1.160000000E2
2.856637843E0,1.160000000E2
2.859261843E0,1.160000000E2
2.861886843E0,1.160000000E2
2.864510843E0,1.160000000E2
2.867135843E0,1.160000000E2
2.869759843E0,1.160000000E2
2.872384843E0,1.160000000E2
2.875008843E0,1.160000000E2
2.877633843E0,1.160000000E2
2.880257843E0,1.160000000E2
2.882882843E0,1.160000000E2
2.885506843E0,1.160000000E2
2.888131843E0,1.160000000E2
2.890755843E0,1.160000000E2
2.893380843E0,1.160000000E2
2.896004843E0,1.160000000E2
2.898629843E0,1.160000000E2
2.901253843E0,1.160000000E2
2.903878843E0,1.160000000E2
2.906502843E0,1.160000000E2
2.909127843E0,1.160000000E2
2.911751843E0,1.160000000E2
2.914376843E0,1.160000000E2
2.917000843E0,1.160000000E2
2.919625843E0,1.160000000E2
2.922249843E0,1.160000000E2
2.924874843E0,1.160000000E2
2.927498843E0,1.160000000E2
2.930123843E0,1.160000000E2
2.932747843E0,1.160000000E2
2.935372843E0,1.160000000E2
2.937996843E0,1.160000000E2
2.940621843E0,1.160000000E2
2.943246843E0,1.160000000E2
2.945870843E0,1.160000000E2
2.948495843E0,1.160000000E2
2.951119843E0,1.160000000E2
2.953744843E0,1.160000000E2
2.956368843E0,1.160000000E2
2.958993843E0,1.160000000E2
2.961617843E0,1.160000000E2
2.964242843E0,1.160000000E2
2.966866843E0,1.160000000E2
2.969491843E0,1.160000000E2
2.972115843E0,1.160000000E2
2.974740843E0,1.160000000E2
2.977364843E0,1.160000000E2
2.979989843E0,1.160000000E2
2.982613843E0,1.160000000E2
2.985238843E0,1.160000000E2
2.987862843E0,1.160000000E2
2.990483843E0,1.160000000E2
2.993108843E0,1.160000000E2
2.995732843E0,1.160000000E2
2.998357843E0,1.160000000E2
3.000981843E0,1.160000000E2
3.003606843E0,1.160000000E2
3.006230843E0,1.160000000E2
3.008855843E0,1.160000000E2
3.011479843E0,1.160000000E2
3.014104843E0,1.160000000E2
3.016729843E0,1.160000000E2
3.019353843E0,1.160000000E2
3.021978843E0,1.160000000E2
3.024602843E0,1.160000000E2
3.027227843E0,1.160000000E2
3.029851843E0,1.160000000E2
3.032476843E0,1.160000000E2
3.035100843E0,1.160000000E2
3.037725843E0,1.160000000E2
3.040349843E0,1.160000000E2
3.042974843E0,1.160000000E2
3.045598843E0,1.160000000E2
3.048223843E0,1.160000000E2
3.050847843E0,1.160000000E2
3.053472843E0,1.160000000E2
3.056096843E0,1.160000000E2
3.058721843E0,1.160000000E2
3.061345843E0,1.160000000E2
3.063970843E0,1.160000000E2
3.066594843E0,1.160000000E2
3.069219843E0,1.160000000E2
3.071843843E0,1.160000000E2
3.074468843E0,1.160000000E2
3.077092843E0,1.160000000E2
3.079717843E0,1.160000000E2
3.082341843E0,1.160000000E2
3.084966843E0,1.160000000E2
3.087590843E0,1.160000000E2
3.090215843E0,1.160000000E2
3.092839843E0,1.160000000E2
3.095464843E0,1.160000000E2
3.098088843E0,1.160000000E2
3.100713843E0,1.160000000E2
3.103337843E0,1.160000000E2
3.105962843E0,1.160000000E2
3.108586843E0,1.160000000E2
3.111211843E0,1.160000000E2
3.113835843E0,1.160000000E2
3.116460843E0,1.160000000E2
3.119084843E0,1.160000000E2
3.121709843E0,1.160000000E2
3.124333843E0,1.160000000E2
3.126958843E0,1.160000000E2
3.129583843E0,1.160000000E2
3.132207843E0,1.160000000E2
3.134832843E0,1.160000000E2
3.137456843E0,1.160000000E2
3.140081843E0,1.160000000E2
3.142705843E0,1.160000000E2
3.145330843E0,1.160000000E2
3.147954843E0,1.160000000E2
3.150579843E0,1.160000000E2
3.153203843E0,1.160000000E2
3.155828843E0,1.160000000E2
3.158452843E0,1.160000000E2
3.161077843E0,1.160000000E2
3.163701843E0,1.160000000E2
3.166326843E0,1.160000000E2
3.168950843E0,1.160000000E2
3.171575843E0,1.160000000E2
3.174199843E0,1.160000000E2
3.176824843E0,1.160000000E2
3.179448843E0,1.160000000E2
3.182073843E0,1.160000000E2
3.184697843E0,1.160000000E2
3.187322843E0,1.160000000E2
3.189946843E0,1.160000000E2
3.192571843E0,1.160000000E2
3.195195843E0,1.160000000E2
3.197820843E0,1.160000000E2
3.200444843E0,1.160000000E2
3.203069843E0,1.160000000E2
3.205693843E0,1.160000000E2
3.208318843E0,1.160000000E2
3.210942843E0,1.160000000E2
3.213567843E0,1.160000000E2
3.216191843E0,1.160000000E2
3.218816843E0,1.160000000E2
3.221440843E0,1.160000000E2
3.224065843E0,1.160000000E2
3.226689843E0,1.160000000E2
3.229314843E0,1.160000000E2
3.231938843E0,1.160000000E2
3.234563843E0,1.160000000E2
3.237188843E0,1.160000000E2
3.239812843E0,1.160000000E2
3.242437843E0,1.160000000E2
3.245061843E0,1.160000000E2
3.247686843E0,1.160000000E2
3.250310843E0,1.160000000E2
3.252935843E0,1.160000000E2
3.255559843E0,1.160000000E2
3.258184843E0,1.160000000E2
3.260808843E0,1.160000000E2
3.263433843E0,1.160000000E2
3.266057843E0,1.160000000E2
3.268682843E0,1.160000000E2
3.271306843E0,1.160000000E2
3.273931843E0,1.160000000E2
3.276555843E0,1.160000000E2
3.279180843E0,1.160000000E2
3.281804843E0,1.160000000E2
3.284429843E0,1.160000000E2
3.287053843E0,1.160000000E2
3.289678843E0,1.095000000E2
3.292302843E0,1.095000000E2
3.294927843E0,1.095000000E2
3.297551843E0,1.095000000E2
3.300176843E0,1.095000000E2
3.302800843E0,1.095000000E2
3.305425843E0,1.095000000E2
3.308049843E0,1.095000000E2
3.310674843E0,1.095000000E2
3.313298843E0,1.095000000E2
3.315923843E0,1.160000000E2
3.318547843E0,1.160000000E2
3.321172843E0,1.160000000E2
3.323796843E0,1.160000000E2
3.326421843E0,1.160000000E2
3.329045843E0,1.160000000E2
3.331670843E0,1.160000000E2
3.334294843E0,1.160000000E2
3.336919843E0,1.160000000E2
3.339543843E0,1.160000000E2
3.342168843E0,1.160000000E2
3.344792843E0,1.160000000E2
3.347417843E0,1.160000000E2
3.350042843E0,1.160000000E2
3.352666843E0,1.160000000E2
3.355291843E0,1.160000000E2
3.357915843E0,1.160000000E2
3.360540843E0,1.160000000E2
3.363164843E0,1.160000000E2
3.365789843E0,1.160000000E2
3.368413843E0,1.160000000E2
3.371038843E0,1.160000000E2
3.373662843E0,1.160000000E2
3.376287843E0,1.160000000E2
3.378911843E0,1.160000000E2
3.381536843E0,1.160000000E2
3.384160843E0,1.160000000E2
3.386785843E0,1.160000000E2
3.389409843E0,1.160000000E2
3.392034843E0,1.160000000E2
3.394658843E0,1.160000000E2
3.397283843E0,1.160000000E2
3.399907843E0,1.160000000E2
3.402532843E0,1.160000000E2
3.405156843E0,1.160000000E2
3.407781843E0,1.160000000E2
3.410405843E0,1.160000000E2
3.413030843E0,1.160000000E2
3.415654843E0,1.160000000E2
3.418279843E0,1.160000000E2
3.420903843E0,1.160000000E2
3.423528843E0,1.160000000E2
3.426152843E0,1.160000000E2
3.428777843E0,1.160000000E2
3.431401843E0,1.160000000E2
3.434026843E0,1.160000000E2
3.436650843E0,1.160000000E2
3.439275843E0,1.160000000E2
3.441899843E0,1.160000000E2
3.444524843E0,1.160000000E2
3.447148843E0,1.160000000E2
3.449773843E0,1.160000000E2
3.452397843E0,1.160000000E2
3.455022843E0,1.160000000E2
3.457646843E0,1.160000000E2
3.460271843E0,1.160000000E2
3.462896843E0,1.160000000E2
3.465520843E0,1.160000000E2
3.468145843E0,1.160000000E2
3.470769843E0,1.160000000E2
3.473394843E0,1.160000000E2
3.476018843E0,1.160000000E2
3.478643843E0,1.160000000E2
3.481267843E0,1.160000000E2
3.483892843E0,1.160000000E2
3.486516843E0,1.160000000E2
3.489141843E0,1.160000000E2
3.491765843E0,1.160000000E2
3.494390843E0,1.160000000E2
3.497014843E0,1.160000000E2
3.499639843E0,1.160000000E2
3.502263843E0,1.160000000E2
3.504888843E0,1.160000000E2
3.507512843E0,1.160000000E2
3.510137843E0,1.160000000E2
3.512761843E0,1.160000000E2
3.515386843E0,1.160000000E2
3.518010843E0,1.160000000E2
3.520635843E0,1.160000000E2
3.523259843E0,1.160000000E2
3.525884843E0,1.160000000E2
3.528508843E0,1.160000000E2
3.531133843E0,1.160000000E2
3.533757843E0,1.160000000E2
3.536382843E0,1.160000000E2
3.539006843E0,1.160000000E2
3.541631843E0,1.160000000E2
3.544255843E0,1.160000000E2
3.546880843E0,1.160000000E2
3.549504843E0,1.160000000E2
3.552129843E0,1.160000000E2
3.554753843E0,1.160000000E2
3.557378843E0,1.160000000E2
3.560002843E0,1.160000000E2
3.562627843E0,1.160000000E2
3.565251843E0,1.160000000E2
3.567876843E0,1.160000000E2
3.570500843E0,1.160000000E2
3.573125843E0,1.160000000E2
3.575750843E0,1.160000000E2
3.578374843E0,1.160000000E2
3.580999843E0,1.160000000E2
3.583623843E0,1.160000000E2
3.586248843E0,1.160000000E2
3.588872843E0,1.160000000E2
3.591497843E0,1.160000000E2
3.594121843E0,1.160000000E2
3.596746843E0,1.160000000E2
3.599370843E0,1.160000000E2
3.601995843E0,1.160000000E2
3.604619843E0,1.160000000E2
3.607244843E0,1.160000000E2
3.609868843E0,1.160000000E2
3.612493843E0,1.160000000E2
3.615117843E0,1.160000000E2
3.617742843E0,1.160000000E2
3.620366843E0,1.160000000E2
3.622991843E0,1.160000000E2
3.625615843E0,1.160000000E2
3.628240843E0,1.160000000E2
3.630864843E0,1.160000000E2
3.633489843E0,1.160000000E2
3.636113843E0,1.160000000E2
3.638738843E0,1.160000000E2
3.641362843E0,1.160000000E2
3.643987843E0,1.160000000E2
3.646611843E0,1.160000000E2
3.649236843E0,1.160000000E2
3.651860843E0,1.160000000E2
3.654485843E0,1.160000000E2
3.657109843E0,1.160000000E2
3.659734843E0,1.160000000E2
3.662358843E0,1.160000000E2
3.664983843E0,1.160000000E2
3.667607843E0,1.160000000E2
3.670232843E0,1.160000000E2
3.672856843E0,1.160000000E2
3.675481843E0,1.160000000E2
3.678105843E0,1.160000000E2
3.680730843E0,1.160000000E2
3.683354843E0,1.160000000E2
3.685979843E0,1.160000000E2
3.688604843E0,1.160000000E2
3.691228843E0,1.160000000E2
3.693853843E0,1.160000000E2
3.696477843E0,1.160000000E2
3.699102843E0,1.160000000E2
3.701726843E0,1.160000000E2
3.704351843E0,1.160000000E2
3.706975843E0,1.160000000E2
3.709600843E0,1.160000000E2
3.712224843E0,1.160000000E2
3.714849843E0,1.160000000E2
3.717473843E0,1.160000000E2
3.720098843E0,1.160000000E2
3.722722843E0,1.160000000E2
3.725347843E0,1.160000000E2
3.727971843E0,1.160000000E2
3.730596843E0,1.160000000E2
3.733220843E0,1.160000000E2
3.735845843E0,1.160000000E2
3.738469843E0,1.160000000E2
3.741094843E0,1.160000000E2
3.743718843E0,1.160000000E2
3.746343843E0,1.160000000E2
3.748967843E0,1.160000000E2
3.751592843E0,1.160000000E2
3.754216843E0,1.160000000E2
3.756841843E0,1.160000000E2
3.759465843E0,1.160000000E2
3.762090843E0,1.160000000E2
3.764714843E0,1.160000000E2
3.767339843E0,1.160000000E2
3.769963843E0,1.160000000E2
3.772588843E0,1.160000000E2
3.775212843E0,1.160000000E2
3.777837843E0,1.160000000E2
3.780461843E0,1.160000000E2
3.783086843E0,1.160000000E2
3.785710843E0,1.160000000E2
3.788335843E0,1.160000000E2
3.790959843E0,1.160000000E2
3.793584843E0,1.160000000E2
3.796208843E0,1.160000000E2
3.798833843E0,1.160000000E2
3.801458843E0,1.160000000E2
3.804082843E0,1.160000000E2
3.806707843E0,1.160000000E2
3.809331843E0,1.160000000E2
3.811956843E0,1.160000000E2
3.814580843E0,1.160000000E2
3.817205843E0,1.160000000E2
3.819829843E0,1.160000000E2
3.822454843E0,1.160000000E2
3.825078843E0,1.160000000E2
3.827703843E0,1.160000000E2
3.830327843E0,1.160000000E2
3.832952843E0,1.160000000E2
3.835576843E0,1.160000000E2
3.838201843E0,1.160000000E2
3.840825843E0,1.160000000E2
3.843450843E0,1.160000000E2
3.846074843E0,1.160000000E2
3.848699843E0,1.160000000E2
3.851323843E0,1.160000000E2
3.853948843E0,1.160000000E2
3.856572843E0,1.160000000E2
3.859197843E0,1.160000000E2
3.861821843E0,1.160000000E2
3.864446843E0,1.160000000E2
3.867070843E0,1.160000000E2
3.869695843E0,1.160000000E2
3.872319843E0,1.160000000E2
3.874944843E0,1.160000000E2
3.877568843E0,1.160000000E2
3.880193843E0,1.160000000E2
3.882817843E0,1.160000000E2
3.885442843E0,1.160000000E2
3.888066843E0,1.160000000E2
3.890691843E0,1.160000000E2
3.893315843E0,1.160000000E2
3.895940843E0,1.160000000E2
3.898564843E0,1.160000000E2
3.901189843E0,1.160000000E2
3.903813843E0,1.160000000E2
3.906438843E0,1.160000000E2
3.909063843E0,1.160000000E2
3.911687843E0,1.160000000E2
3.914312843E0,1.160000000E2
3.916936843E0,1.160000000E2
3.919561843E0,1.160000000E2
3.922185843E0,1.160000000E2
3.924810843E0,1.160000000E2
3.927434843E0,1.160000000E2
3.930059843E0,1.160000000E2
3.932683843E0,1.160000000E2
3.935308843E0,1.160000000E2
3.937932843E0,1.160000000E2
3.940557843E0,1.160000000E2
3.943181843E0,1.160000000E2
3.945806843E0,1.160000000E2
3.948430843E0,1.160000000E2
3.951055843E0,1.160000000E2
3.953679843E0,1.160000000E2
3.956304843E0,1.160000000E2
3.958928843E0,1.160000000E2
3.961553843E0,1.160000000E2
3.964177843E0,1.160000000E2
3.966802843E0,1.160000000E2
3.969426843E0,1.160000000E2
3.972051843E0,1.160000000E2
3.974675843E0,1.160000000E2
3.977300843E0,1.160000000E2
3.979924843E0,1.160000000E2
3.982549843E0,1.160000000E2
3.985173843E0,1.160000000E2
3.987798843E0,1.160000000E2
3.990422843E0,1.160000000E2
3.993047843E0,1.160000000E2
3.995671843E0,1.160000000E2
3.998296843E0,1.160000000E2
4.000920843E0,1.160000000E2
4.003545843E0,1.160000000E2
4.006169843E0,1.160000000E2
4.008794843E0,1.160000000E2
4.011418843E0,1.160000000E2
4.014043843E0,1.160000000E2
4.016667843E0,1.160000000E2
4.019292843E0,1.160000000E2
4.021917843E0,1.160000000E2
4.024541843E0,1.160000000E2
4.027166843E0,1.160000000E2
4.029790843E0,1.160000000E2
4.032415843E0,1.160000000E2
4.035039843E0,1.160000000E2
4.037664843E0,1.160000000E2
4.040288843E0,1.160000000E2
4.042913843E0,1.160000000E2
4.045537843E0,1.160000000E2
4.048162843E0,1.160000000E2
4.050786843E0,1.160000000E2
4.053411843E0,1.160000000E2
4.056035843E0,1.160000000E2
4.058660843E0,1.160000000E2
4.061284843E0,1.160000000E2
4.063909843E0,1.160000000E2
4.066533843E0,1.160000000E2
4.069158843E0,1.160000000E2
4.071782843E0,1.160000000E2
4.074407843E0,1.160000000E2
4.077031843E0,1.160000000E2
4.079656843E0,1.160000000E2
4.082280843E0,1.160000000E2
4.084905843E0,1.160000000E2
4.087529843E0,1.160000000E2
4.090154843E0,1.160000000E2
4.092778843E0,1.160000000E2
4.095403843E0,1.160000000E2
4.098027843E0,1.160000000E2
4.100652843E0,1.160000000E2
4.103276843E0,1.160000000E2
4.105901843E0,1.160000000E2
4.108525843E0,1.160000000E2
4.111150843E0,1.160000000E2
4.113774843E0,1.160000000E2
4.116399843E0,1.160000000E2
4.119023843E0,1.160000000E2
4.121648843E0,1.160000000E2
4.124272843E0,1.160000000E2
4.126897843E0,1.160000000E2
4.129521843E0,1.160000000E2
4.132146843E0,1.160000000E2
4.134771843E0,1.160000000E2
4.137395843E0,1.160000000E2
4.140020843E0,1.160000000E2
4.142644843E0,1.160000000E2
4.145269843E0,1.160000000E2
4.147893843E0,1.160000000E2
4.150518843E0,1.160000000E2
4.153142843E0,1.160000000E2
4.155767843E0,1.160000000E2
4.158391843E0,1.160000000E2
4.161016843E0,1.160000000E2
4.163640843E0,1.160000000E2
4.166265843E0,1.160000000E2
4.168889843E0,1.160000000E2
4.171514843E0,1.160000000E2
4.174138843E0,1.160000000E2
4.176763843E0,1.160000000E2
4.179387843E0,1.160000000E2
4.182012843E0,1.095000000E2
4.184636843E0,1.095000000E2
4.187261843E0,1.095000000E2
4.189885843E0,1.095000000E2
4.192510843E0,1.095000000E2
4.195134843E0,1.095000000E2
4.197759843E0,1.095000000E2
4.200383843E0,1.095000000E2
4.203008843E0,1.095000000E2
4.205632843E0,1.095000000E2
4.208257843E0,1.095000000E2
4.210881843E0,1.095000000E2
4.213506843E0,1.095000000E2
4.216130843E0,1.095000000E2
4.218755843E0,1.095000000E2
4.221379843E0,1.095000000E2
4.224004843E0,1.095000000E2
4.226628843E0,1.095000000E2
4.229253843E0,1.095000000E2
4.231877843E0,1.160000000E2
4.234502843E0,1.160000000E2
4.237126843E0,1.160000000E2
4.239751843E0,1.160000000E2
4.242375843E0,1.160000000E2
4.245000843E0,1.160000000E2
4.247625843E0,1.160000000E2
4.250249843E0,1.160000000E2
4.252874843E0,1.160000000E2
4.255498843E0,1.160000000E2
4.258123843E0,1.160000000E2
4.260747843E0,1.160000000E2
4.263372843E0,1.160000000E2
4.265996843E0,1.160000000E2
4.268621843E0,1.160000000E2
4.271245843E0,1.160000000E2
4.273870843E0,1.160000000E2
4.276494843E0,1.160000000E2
4.279119843E0,1.160000000E2
4.281743843E0,1.160000000E2
4.284368843E0,1.160000000E2
4.286992843E0,1.160000000E2
4.289617843E0,1.160000000E2
4.292241843E0,1.160000000E2
4.294866843E0,1.160000000E2
4.297490843E0,1.160000000E2
4.300115843E0,1.160000000E2
4.302739843E0,1.160000000E2
4.305364843E0,1.160000000E2
4.307988843E0,1.160000000E2
4.310613843E0,1.160000000E2
4.313237843E0,1.160000000E2
4.315862843E0,1.160000000E2
4.318486843E0,1.160000000E2
4.321111843E0,1.160000000E2
4.323735843E0,1.160000000E2
4.326360843E0,1.160000000E2
4.328984843E0,1.160000000E2
4.331609843E0,1.160000000E2
4.334233843E0,1.160000000E2
4.336858843E0,1.160000000E2
4.339482843E0,1.160000000E2
4.342107843E0,1.160000000E2
4.344731843E0,1.160000000E2
4.347356843E0,1.160000000E2
4.349980843E0,1.160000000E2
4.352605843E0,1.160000000E2
4.355229843E0,1.160000000E2
4.357854843E0,1.160000000E2
4.360479843E0,1.160000000E2
4.363103843E0,1.160000000E2
4.365728843E0,1.160000000E2
4.368352843E0,1.160000000E2
4.370977843E0,1.160000000E2
4.373601843E0,1.160000000E2
4.376226843E0,1.160000000E2
4.378850843E0,1.160000000E2
4.381475843E0,1.160000000E2
4.384099843E0,1.160000000E2
4.386724843E0,1.160000000E2
4.389348843E0,1.160000000E2
4.391973843E0,1.160000000E2
4.394597843E0,1.160000000E2
4.397222843E0,1.160000000E2
4.399846843E0,1.160000000E2
4.402471843E0,1.160000000E2
4.405095843E0,1.160000000E2
4.407720843E0,1.160000000E2
4.410344843E0,1.160000000E2
4.412969843E0,1.160000000E2
4.415593843E0,1.160000000E2
4.418218843E0,1.160000000E2
4.420842843E0,1.160000000E2
4.423467843E0,1.160000000E2
4.426091843E0,1.160000000E2
4.428716843E0,1.160000000E2
4.431340843E0,1.160000000E2
4.433965843E0,1.160000000E2
4.436589843E0,1.160000000E2
4.439214843E0,1.160000000E2
4.441838843E0,1.160000000E2
4.444463843E0,1.160000000E2
4.447087843E0,1.160000000E2
4.449712843E0,1.160000000E2
4.452336843E0,1.160000000E2
4.454961843E0,1.160000000E2
4.457585843E0,1.160000000E2
4.460210843E0,1.160000000E2
4.462834843E0,1.160000000E2
4.465459843E0,1.160000000E2
4.468083843E0,1.160000000E2
4.470708843E0,1.160000000E2
4.473333843E0,1.160000000E2
4.475957843E0,1.160000000E2
4.478582843E0,1.160000000E2
4.481206843E0,1.160000000E2
4.483831843E0,1.160000000E2
4.486455843E0,1.160000000E2
4.489080843E0,1.160000000E2
4.491704843E0,1.160000000E2
4.494329843E0,1.160000000E2
4.496953843E0,1.160000000E2
4.499578843E0,1.160000000E2
4.502202843E0,1.160000000E2
4.504827843E0,1.160000000E2
4.507451843E0,1.160000000E2
4.510076843E0,1.160000000E2
4.512700843E0,1.160000000E2
4.515325843E0,1.160000000E2
4.517949843E0,1.160000000E2
4.520574843E0,1.160000000E2
4.523198843E0,1.160000000E2
4.525823843E0,1.160000000E2
4.528447843E0,1.160000000E2
4.531072843E0,1.160000000E2
4.533696843E0,1.160000000E2
4.536321843E0,1.160000000E2
4.538945843E0,1.160000000E2
4.541570843E0,1.160000000E2
4.544194843E0,1.160000000E2
4.546819843E0,1.160000000E2
4.549443843E0,1.160000000E2
4.552068843E0,1.160000000E2
4.554692843E0,1.160000000E2
4.557317843E0,1.160000000E2
4.559941843E0,1.160000000E2
4.562566843E0,1.160000000E2
4.565190843E0,1.160000000E2
4.567815843E0,1.160000000E2
4.570439843E0,1.160000000E2
4.573064843E0,1.160000000E2
4.575688843E0,1.160000000E2
4.578313843E0,1.160000000E2
4.580938843E0,1.160000000E2
4.583562843E0,1.160000000E2
4.586187843E0,1.160000000E2
4.588811843E0,1.160000000E2
4.591436843E0,1.160000000E2
4.594060843E0,1.160000000E2
4.596685843E0,1.160000000E2
4.599309843E0,1.160000000E2
4.601934843E0,1.160000000E2
4.604558843E0,1.160000000E2
4.607183843E0,1.160000000E2
4.609807843E0,1.160000000E2
4.612432843E0,1.160000000E2
4.615056843E0,1.160000000E2
4.617681843E0,1.160000000E2
4.620305843E0,1.160000000E2
4.622930843E0,1.160000000E2
4.625554843E0,1.160000000E2
4.628179843E0,1.160000000E2
4.630803843E0,1.160000000E2
4.633428843E0,1.160000000E2
4.636052843E0,1.160000000E2
4.638677843E0,1.160000000E2
4.641301843E0,1.160000000E2
4.643926843E0,1.160000000E2
4.646550843E0,1.160000000E2
4.649175843E0,1.160000000E2
4.651799843E0,1.160000000E2
4.654424843E0,1.160000000E2
4.657048843E0,1.160000000E2
4.659673843E0,1.160000000E2
4.662297843E0,1.160000000E2
4.664922843E0,1.160000000E2
4.667546843E0,1.160000000E2
4.670171843E0,1.160000000E2
4.672795843E0,1.160000000E2
4.675420843E0,1.160000000E2
4.678044843E0,1.160000000E2
4.680669843E0,1.160000000E2
4.683293843E0,1.160000000E2
4.685918843E0,1.160000000E2
4.688542843E0,1.160000000E2
4.691167843E0,1.160000000E2
4.693792843E0,1.160000000E2
4.696416843E0,1.160000000E2
4.699041843E0,1.160000000E2
4.701665843E0,1.160000000E2
4.704290843E0,1.160000000E2
4.706914843E0,1.160000000E2
4.709539843E0,1.160000000E2
4.712163843E0,1.160000000E2
4.714788843E0,1.160000000E2
4.717412843E0,1.160000000E2
4.720037843E0,1.160000000E2
4.722661843E0,1.160000000E2
4.725286843E0,1.160000000E2
4.727910843E0,1.160000000E2
4.730535843E0,1.160000000E2
4.733159843E0,1.160000000E2
4.735784843E0,1.160000000E2
4.738408843E0,1.160000000E2
4.741033843E0,1.160000000E2
4.743657843E0,1.160000000E2
4.746282843E0,1.160000000E2
4.748906843E0,1.160000000E2
4.751531843E0,1.160000000E2
4.754155843E0,1.160000000E2
4.756780843E0,1.160000000E2
4.759404843E0,1.160000000E2
4.762029843E0,1.160000000E2
4.764653843E0,1.160000000E2
4.767278843E0,1.160000000E2
4.769902843E0,1.160000000E2
4.772527843E0,1.160000000E2
4.775151843E0,1.160000000E2
4.777776843E0,1.160000000E2
4.780400843E0,1.160000000E2
4.783025843E0,1.160000000E2
4.785649843E0,1.160000000E2
4.788274843E0,1.160000000E2
4.790898843E0,1.160000000E2
4.793523843E0,1.160000000E2
4.796147843E0,1.160000000E2
4.798772843E0,1.160000000E2
4.801396843E0,1.160000000E2
4.804021843E0,1.160000000E2
4.806646843E0,1.160000000E2
4.809270843E0,1.160000000E2
4.811895843E0,1.160000000E2
4.814519843E0,1.160000000E2
4.817144843E0,1.160000000E2
4.819768843E0,1.160000000E2
4.822393843E0,1.160000000E2
4.825017843E0,1.160000000E2
4.827642843E0,1.160000000E2
4.830266843E0,1.160000000E2
4.832891843E0,1.160000000E2
4.835515843E0,1.160000000E2
4.838140843E0,1.160000000E2
4.840764843E0,1.160000000E2
4.843389843E0,1.160000000E2
4.846013843E0,1.160000000E2
4.848638843E0,1.160000000E2
4.851262843E0,1.160000000E2
4.853887843E0,1.160000000E2
4.856511843E0,1.160000000E2
4.859136843E0,1.160000000E2
4.861760843E0,1.160000000E2
4.864385843E0,1.160000000E2
4.867009843E0,1.160000000E2
4.869634843E0,1.160000000E2
4.872258843E0,1.160000000E2
4.874883843E0,1.160000000E2
4.877507843E0,1.160000000E2
4.880132843E0,1.160000000E2
4.882756843E0,1.160000000E2
4.885381843E0,1.160000000E2
4.888005843E0,1.160000000E2
4.890630843E0,1.160000000E2
4.893254843E0,1.160000000E2
4.895879843E0,1.160000000E2
4.898503843E0,1.160000000E2
4.901128843E0,1.160000000E2
4.903752843E0,1.160000000E2
4.906377843E0,1.160000000E2
4.909001843E0,1.160000000E2
4.911626843E0,1.160000000E2
4.914250843E0,1.160000000E2
4.916875843E0,1.160000000E2
4.919500843E0,1.160000000E2
4.922124843E0,1.160000000E2
4.924749843E0,1.160000000E2
4.927373843E0,1.160000000E2
4.929998843E0,1.160000000E2
4.932622843E0,1.160000000E2
4.935247843E0,1.160000000E2
4.937871843E0,1.160000000E2
4.940496843E0,1.160000000E2
4.943120843E0,1.160000000E2
4.945745843E0,1.160000000E2
4.948369843E0,1.160000000E2
4.950994843E0,1.160000000E2
4.953618843E0,1.160000000E2
4.956243843E0,1.160000000E2
4.958867843E0,1.160000000E2
4.961492843E0,1.160000000E2
4.964116843E0,1.160000000E2
4.966741843E0,1.160000000E2
4.969365843E0,1.160000000E2
4.971990843E0,1.160000000E2
4.974614843E0,1.160000000E2
4.977239843E0,1.160000000E2
4.979863843E0,1.160000000E2
4.982488843E0,1.160000000E2
4.985112843E0,1.160000000E2
4.987737843E0,1.160000000E2
4.990361843E0,1.160000000E2
4.992986843E0,1.160000000E2
4.995610843E0,1.160000000E2
4.998235843E0,1.160000000E2
5.000859843E0,1.160000000E2
5.003484843E0,1.160000000E2
5.006108843E0,1.160000000E2
5.008733843E0,1.160000000E2
5.011357843E0,1.160000000E2
5.013982843E0,1.160000000E2
5.016606843E0,1.160000000E2
5.019231843E0,1.160000000E2
5.021855843E0,1.160000000E2
5.024480843E0,1.160000000E2
5.027104843E0,1.160000000E2
5.029729843E0,1.160000000E2
5.032354843E0,1.160000000E2
5.034978843E0,1.160000000E2
5.037603843E0,1.160000000E2
5.040227843E0,1.160000000E2
5.042852843E0,1.160000000E2
5.045476843E0,1.160000000E2
5.048101843E0,1.160000000E2
5.050725843E0,1.160000000E2
5.053350843E0,1.160000000E2
5.055974843E0,1.160000000E2
5.058599843E0,1.160000000E2
5.061223843E0,1.160000000E2
5.063848843E0,1.160000000E2
5.066472843E0,1.160000000E2
5.069097843E0,1.160000000E2
5.071721843E0,1.160000000E2
5.074346843E0,1.160000000E2
5.076970843E0,1.160000000E2
5.079595843E0,1.160000000E2
5.082219843E0,1.160000000E2
5.084844843E0,1.160000000E2
5.087468843E0,1.160000000E2
5.090093843E0,1.160000000E2
5.092717843E0,1.160000000E2
5.095342843E0,1.160000000E2
5.097966843E0,1.160000000E2
5.100591843E0,1.160000000E2
5.103215843E0,1.160000000E2
5.105840843E0,1.160000000E2
5.108464843E0,1.160000000E2
5.111089843E0,1.160000000E2
5.113713843E0,1.160000000E2
5.116338843E0,1.160000000E2
5.118962843E0,1.160000000E2
5.121587843E0,1.160000000E2
5.124211843E0,1.160000000E2
5.126836843E0,1.160000000E2
5.129460843E0,1.160000000E2
5.132085843E0,1.160000000E2
5.134709843E0,1.160000000E2
5.137334843E0,1.160000000E2
5.139958843E0,1.160000000E2
5.142583843E0,1.160000000E2
5.145208843E0,1.160000000E2
5.147832843E0,1.160000000E2
5.150457843E0,1.160000000E2
5.153081843E0,1.160000000E2
5.155706843E0,1.160000000E2
5.158330843E0,1.160000000E2
5.160955843E0,1.160000000E2
5.163579843E0,1.160000000E2
5.166204843E0,1.160000000E2
5.168828843E0,1.160000000E2
5.171453843E0,1.160000000E2
5.174077843E0,1.160000000E2
5.176702843E0,1.160000000E2
5.179326843E0,1.160000000E2
5.181951843E0,1.160000000E2
5.184575843E0,1.160000000E2
5.187200843E0,1.160000000E2
5.189824843E0,1.160000000E2
5.192449843E0,1.160000000E2
5.195073843E0,1.160000000E2
5.197698843E0,1.160000000E2
5.200322843E0,1.160000000E2
5.202947843E0,1.160000000E2
5.205571843E0,1.160000000E2
5.208196843E0,1.160000000E2
5.210820843E0,1.160000000E2
5.213445843E0,1.160000000E2
5.216069843E0,1.160000000E2
5.218694843E0,1.160000000E2
5.221318843E0,1.160000000E2
5.223943843E0,1.160000000E2
5.226567843E0,1.160000000E2
5.229192843E0,1.160000000E2
5.231816843E0,1.160000000E2
5.234441843E0,1.160000000E2
5.237065843E0,1.160000000E2
5.239690843E0,1.160000000E2
5.242314843E0,1.160000000E2
5.244939843E0,1.160000000E2
5.247563843E0,1.160000000E2
5.250188843E0,1.160000000E2
5.252813843E0,1.160000000E2
5.255437843E0,1.160000000E2
5.258062843E0,1.160000000E2
5.260686843E0,1.160000000E2
5.263311843E0,1.160000000E2
5.265935843E0,1.160000000E2
5.268560843E0,1.160000000E2
5.271184843E0,1.160000000E2
5.273809843E0,1.160000000E2
5.276433843E0,1.160000000E2
5.279058843E0,1.160000000E2
5.281682843E0,1.160000000E2
5.284307843E0,1.160000000E2
5.286931843E0,1.160000000E2
5.289556843E0,1.160000000E2
5.292180843E0,1.160000000E2
5.294805843E0,1.160000000E2
5.297429843E0,1.160000000E2
5.300054843E0,1.160000000E2
5.302678843E0,1.160000000E2
5.305303843E0,1.160000000E2
5.307927843E0,1.160000000E2
5.310552843E0,1.160000000E2
5.313176843E0,1.160000000E2
5.315801843E0,1.160000000E2
5.318425843E0,1.160000000E2
5.321050843E0,1.160000000E2
5.323674843E0,1.160000000E2
5.326299843E0,1.160000000E2
5.328923843E0,1.160000000E2
5.331548843E0,1.160000000E2
5.334172843E0,1.160000000E2
5.336797843E0,1.160000000E2
5.339421843E0,1.160000000E2
5.342046843E0,1.160000000E2
5.344670843E0,1.160000000E2
5.347295843E0,1.160000000E2
5.349919843E0,1.160000000E2
5.352544843E0,1.160000000E2
5.355168843E0,1.160000000E2
5.357793843E0,1.160000000E2
5.360417843E0,1.160000000E2
5.363042843E0,1.160000000E2
5.365667843E0,1.160000000E2
5.368291843E0,1.160000000E2
5.370916843E0,1.160000000E2
5.373540843E0,1.160000000E2
5.376165843E0,1.160000000E2
5.378789843E0,1.160000000E2
5.381414843E0,1.160000000E2
5.384038843E0,1.160000000E2
5.386663843E0,1.160000000E2
5.389287843E0,1.160000000E2
5.391912843E0,1.160000000E2
5.394536843E0,1.160000000E2
5.397161843E0,1.160000000E2
5.399785843E0,1.160000000E2
5.402410843E0,1.160000000E2
5.405034843E0,1.160000000E2
5.407659843E0,1.160000000E2
5.410283843E0,1.160000000E2
5.412908843E0,1.160000000E2
5.415532843E0,1.160000000E2
5.418157843E0,1.160000000E2
5.420781843E0,1.160000000E2
5.423406843E0,1.160000000E2
5.426030843E0,1.160000000E2
5.428655843E0,1.160000000E2
5.431279843E0,1.160000000E2
5.433904843E0,1.160000000E2
5.436528843E0,1.160000000E2
5.439153843E0,1.160000000E2
5.441777843E0,1.160000000E2
5.444402843E0,1.160000000E2
5.447026843E0,1.160000000E2
5.449651843E0,1.160000000E2
5.452275843E0,1.160000000E2
5.454900843E0,1.160000000E2
5.457524843E0,1.160000000E2
5.460149843E0,1.160000000E2
5.462773843E0,1.160000000E2
5.465398843E0,1.160000000E2
5.468022843E0,1.160000000E2
5.470647843E0,1.160000000E2
5.473271843E0,1.160000000E2
5.475896843E0,1.160000000E2
5.478521843E0,1.160000000E2
5.481145843E0,1.160000000E2
5.483770843E0,1.160000000E2
5.486394843E0,1.160000000E2
5.489019843E0,1.160000000E2
5.491643843E0,1.160000000E2
5.494268843E0,1.160000000E2
5.496892843E0,1.160000000E2
5.499517843E0,1.160000000E2
5.502141843E0,1.160000000E2
5.504766843E0,1.160000000E2
5.507390843E0,1.160000000E2
5.510015843E0,1.160000000E2
5.512639843E0,1.160000000E2
5.515264843E0,1.160000000E2
5.517888843E0,1.160000000E2
5.520513843E0,1.160000000E2
5.523137843E0,1.160000000E2
5.525762843E0,1.160000000E2
5.528386843E0,1.160000000E2
5.531011843E0,1.160000000E2
5.533635843E0,1.160000000E2
5.536260843E0,1.160000000E2
5.538884843E0,1.160000000E2
5.541509843E0,1.160000000E2
5.544133843E0,1.160000000E2
5.546758843E0,1.160000000E2
5.549382843E0,1.160000000E2
5.552007843E0,1.160000000E2
5.554631843E0,1.160000000E2
5.557256843E0,1.160000000E2
5.559880843E0,1.160000000E2
5.562505843E0,1.160000000E2
5.565129843E0,1.160000000E2
5.567754843E0,1.160000000E2
5.570378843E0,1.160000000E2
5.573003843E0,1.160000000E2
5.575627843E0,1.160000000E2
5.578252843E0,1.160000000E2
5.580876843E0,1.160000000E2
5.583501843E0,1.160000000E2
5.586125843E0,1.160000000E2
5.588750843E0,1.160000000E2
5.591375843E0,1.160000000E2
5.593999843E0,1.160000000E2
5.596624843E0,1.160000000E2
5.599248843E0,1.160000000E2
5.601873843E0,1.160000000E2
5.604497843E0,1.160000000E2
5.607122843E0,1.160000000E2
5.609746843E0,1.160000000E2
5.612371843E0,1.160000000E2
5.614995843E0,1.160000000E2
5.617620843E0,1.160000000E2
5.620244843E0,1.160000000E2
5.622869843E0,1.160000000E2
5.625493843E0,1.160000000E2
5.628118843E0,1.160000000E2
5.630742843E0,1.160000000E2
5.633367843E0,1.160000000E2
5.635991843E0,1.160000000E2
5.638616843E0,1.160000000E2
5.641240843E0,1.160000000E2
5.643865843E0,1.160000000E2
5.646489843E0,1.160000000E2
5.649114843E0,1.160000000E2
5.651738843E0,1.160000000E2
5.654363843E0,1.160000000E2
5.656987843E0,1.160000000E2
5.659612843E0,1.160000000E2
5.662236843E0,1.160000000E2
5.664861843E0,1.160000000E2
5.667485843E0,1.160000000E2
5.670110843E0,1.160000000E2
5.672734843E0,1.160000000E2
5.675359843E0,1.160000000E2
5.677983843E0,1.160000000E2
5.680608843E0,1.160000000E2
5.683232843E0,1.160000000E2
5.685857843E0,1.160000000E2
5.688481843E0,1.160000000E2
5.691106843E0,1.160000000E2
5.693730843E0,1.160000000E2
5.696355843E0,1.160000000E2
5.698979843E0,1.160000000E2
5.701604843E0,1.160000000E2
5.704229843E0,1.160000000E2
5.706853843E0,1.160000000E2
5.709478843E0,1.160000000E2
5.712102843E0,1.160000000E2
5.714727843E0,1.160000000E2
5.717351843E0,1.160000000E2
5.719976843E0,1.160000000E2
5.722600843E0,1.160000000E2
5.725225843E0,1.160000000E2
5.727849843E0,1.160000000E2
5.730474843E0,1.160000000E2
5.733098843E0,1.160000000E2
5.735723843E0,1.160000000E2
5.738347843E0,1.160000000E2
5.740972843E0,1.160000000E2
5.743596843E0,1.160000000E2
5.746221843E0,1.160000000E2
5.748845843E0,1.160000000E2
5.751470843E0,1.160000000E2
5.754094843E0,1.160000000E2
5.756719843E0,1.160000000E2
5.759343843E0,1.160000000E2
5.761968843E0,1.160000000E2
5.764592843E0,1.160000000E2
5.767217843E0,1.160000000E2
5.769841843E0,1.160000000E2
5.772466843E0,1.160000000E2
5.775090843E0,1.160000000E2
5.777715843E0,1.160000000E2
5.780339843E0,1.160000000E2
5.782964843E0,1.160000000E2
5.785588843E0,1.160000000E2
5.788213843E0,1.160000000E2
5.790837843E0,1.160000000E2
5.793462843E0,1.160000000E2
5.796086843E0,1.160000000E2
5.798711843E0,1.160000000E2
5.801335843E0,1.160000000E2
5.803960843E0,1.160000000E2
5.806584843E0,1.160000000E2
5.809209843E0,1.160000000E2
5.811833843E0,1.160000000E2
5.814458843E0,1.160000000E2
5.817083843E0,1.160000000E2
5.819707843E0,1.160000000E2
5.822332843E0,1.160000000E2
5.824956843E0,1.160000000E2
5.827581843E0,1.160000000E2
5.830205843E0,1.160000000E2
5.832830843E0,1.160000000E2
5.835454843E0,1.160000000E2
5.838079843E0,1.160000000E2
5.840703843E0,1.160000000E2
5.843328843E0,1.160000000E2
5.845952843E0,1.160000000E2
5.848577843E0,1.160000000E2
5.851201843E0,1.160000000E2
5.853826843E0,1.160000000E2
5.856450843E0,1.160000000E2
5.859075843E0,1.160000000E2
5.861699843E0,1.160000000E2
5.864324843E0,1.160000000E2
5.866948843E0,1.160000000E2
5.869573843E0,1.160000000E2
5.872197843E0,1.160000000E2
5.874822843E0,1.160000000E2
5.877446843E0,1.160000000E2
5.880071843E0,1.160000000E2
5.882695843E0,1.160000000E2
5.885320843E0,1.160000000E2
5.887944843E0,1.160000000E2
5.890569843E0,1.160000000E2
5.893193843E0,1.160000000E2
5.895818843E0,1.160000000E2
5.898442843E0,1.160000000E2
5.901067843E0,1.160000000E2
5.903691843E0,1.160000000E2
5.906316843E0,1.160000000E2
5.908940843E0,1.160000000E2
5.911565843E0,1.160000000E2
5.914189843E0,1.160000000E2
5.916814843E0,1.160000000E2
5.919438843E0,1.160000000E2
5.922063843E0,1.160000000E2
5.924688843E0,1.160000000E2
5.927312843E0,1.160000000E2
5.929937843E0,1.160000000E2
5.932561843E0,1.160000000E2
5.935186843E0,1.160000000E2
5.937810843E0,1.160000000E2
5.940435843E0,1.160000000E2
5.943059843E0,1.160000000E2
5.945684843E0,1.160000000E2
5.948308843E0,1.160000000E2
5.950933843E0,1.160000000E2
5.953557843E0,1.160000000E2
5.956182843E0,1.160000000E2
5.958806843E0,1.160000000E2
5.961431843E0,1.160000000E2
5.964055843E0,1.160000000E2
5.966680843E0,1.160000000E2
5.969304843E0,1.160000000E2
5.971929843E0,1.160000000E2
5.974553843E0,1.160000000E2
5.977178843E0,1.160000000E2
5.979802843E0,1.160000000E2
5.982427843E0,1.160000000E2
5.985051843E0,1.160000000E2
5.987676843E0,1.160000000E2
5.990300843E0,1.095000000E2
5.992925843E0,1.095000000E2
5.995549843E0,1.095000000E2
5.998174843E0,1.095000000E2
6.000798843E0,1.095000000E2
6.003423843E0,1.095000000E2
6.006047843E0,1.095000000E2
6.008672843E0,1.095000000E2
6.011296843E0,1.095000000E2
6.013921843E0,1.160000000E2
6.016545843E0,1.160000000E2
6.019170843E0,1.160000000E2
6.021794843E0,1.160000000E2
6.024419843E0,1.160000000E2
6.027043843E0,1.160000000E2
6.029668843E0,1.160000000E2
6.032292843E0,1.160000000E2
6.034917843E0,1.160000000E2
6.037542843E0,1.160000000E2
6.040166843E0,1.160000000E2
6.042791843E0,1.160000000E2
6.045415843E0,1.160000000E2
6.048040843E0,1.160000000E2
6.050664843E0,1.160000000E2
6.053289843E0,1.160000000E2
6.055913843E0,1.160000000E2
6.058538843E0,1.160000000E2
6.061162843E0,1.160000000E2
6.063787843E0,1.095000000E2
6.066411843E0,1.095000000E2
6.069036843E0,1.095000000E2
6.071660843E0,1.095000000E2
6.074285843E0,1.095000000E2
6.076909843E0,1.095000000E2
6.079534843E0,1.095000000E2
6.082158843E0,1.095000000E2
6.084783843E0,1.095000000E2
6.087407843E0,1.095000000E2
6.090032843E0,1.095000000E2
6.092656843E0,1.095000000E2
6.095281843E0,1.095000000E2
6.097905843E0,1.095000000E2
6.100530843E0,1.095000000E2
6.103154843E0,1.095000000E2
6.105779843E0,1.095000000E2
6.108403843E0,1.095000000E2
6.111028843E0,1.095000000E2
6.113652843E0,1.095000000E2
6.116277843E0,1.160000000E2
6.118901843E0,1.160000000E2
6.121526843E0,1.160000000E2
6.124150843E0,1.160000000E2
6.126775843E0,1.160000000E2
6.129399843E0,1.160000000E2
6.132024843E0,1.160000000E2
6.134648843E0,1.160000000E2
6.137273843E0,1.160000000E2
6.139897843E0,1.160000000E2
6.142522843E0,1.095000000E2
6.145146843E0,1.095000000E2
6.147771843E0,1.095000000E2
6.150396843E0,1.095000000E2
6.153020843E0,1.095000000E2
6.155645843E0,1.095000000E2
6.158269843E0,1.095000000E2
6.160894843E0,1.095000000E2
6.163518843E0,1.095000000E2
6.166143843E0,1.095000000E2
6.168767843E0,1.160000000E2
6.171392843E0,1.160000000E2
6.174016843E0,1.160000000E2
6.176641843E0,1.160000000E2
6.179265843E0,1.160000000E2
6.181890843E0,1.160000000E2
6.184514843E0,1.160000000E2
6.187139843E0,1.160000000E2
6.189763843E0,1.160000000E2
6.192388843E0,1.160000000E2
6.195012843E0,1.160000000E2
6.197637843E0,1.160000000E2
6.200261843E0,1.160000000E2
6.202886843E0,1.160000000E2
6.205510843E0,1.160000000E2
6.208135843E0,1.160000000E2
6.210759843E0,1.160000000E2
6.213384843E0,1.160000000E2
6.216008843E0,1.160000000E2
6.218633843E0,1.160000000E2
6.221257843E0,1.160000000E2
6.223882843E0,1.160000000E2
6.226506843E0,1.160000000E2
6.229131843E0,1.160000000E2
6.231755843E0,1.160000000E2
6.234380843E0,1.160000000E2
6.237004843E0,1.160000000E2
6.239629843E0,1.160000000E2
6.242253843E0,1.160000000E2
6.244878843E0,1.160000000E2
6.247502843E0,1.160000000E2
6.250127843E0,1.160000000E2
6.252751843E0,1.160000000E2
6.255376843E0,1.160000000E2
6.258000843E0,1.160000000E2
6.260625843E0,1.160000000E2
6.263250843E0,1.160000000E2
6.265874843E0,1.160000000E2
6.268499843E0,1.160000000E2
6.271123843E0,1.160000000E2
6.273748843E0,1.160000000E2
6.276372843E0,1.160000000E2
6.278997843E0,1.160000000E2
6.281621843E0,1.160000000E2
6.284246843E0,1.160000000E2
6.286870843E0,1.160000000E2
6.289495843E0,1.160000000E2
6.292119843E0,1.160000000E2
6.294744843E0,1.160000000E2
6.297368843E0,1.160000000E2
6.299993843E0,1.160000000E2
6.302617843E0,1.160000000E2
6.305242843E0,1.160000000E2
6.307866843E0,1.160000000E2
6.310491843E0,1.160000000E2
6.313115843E0,1.160000000E2
6.315740843E0,1.160000000E2
6.318364843E0,1.160000000E2
6.320989843E0,1.160000000E2
6.323613843E0,1.160000000E2
6.326238843E0,1.160000000E2
6.328862843E0,1.160000000E2
6.331487843E0,1.160000000E2
6.334111843E0,1.160000000E2
6.336736843E0,1.160000000E2
6.339360843E0,1.160000000E2
6.341985843E0,1.160000000E2
6.344609843E0,1.160000000E2
6.347234843E0,1.160000000E2
6.349858843E0,1.160000000E2
6.352483843E0,1.160000000E2
6.355107843E0,1.160000000E2
6.357732843E0,1.160000000E2
6.360356843E0,1.160000000E2
6.362981843E0,1.160000000E2
6.365605843E0,1.160000000E2
6.368230843E0,1.160000000E2
6.370854843E0,1.160000000E2
6.373479843E0,1.160000000E2
6.376104843E0,1.160000000E2
6.378728843E0,1.160000000E2
6.381353843E0,1.160000000E2
6.383977843E0,1.160000000E2
6.386602843E0,1.160000000E2
6.389226843E0,1.160000000E2
6.391851843E0,1.160000000E2
6.394475843E0,1.160000000E2
6.397100843E0,1.160000000E2
6.399724843E0,1.160000000E2
6.402349843E0,1.160000000E2
6.404973843E0,1.160000000E2
6.407598843E0,1.160000000E2
6.410222843E0,1.160000000E2
6.412847843E0,1.160000000E2
6.415471843E0,1.160000000E2
6.418096843E0,1.160000000E2
6.420720843E0,1.160000000E2
6.423345843E0,1.160000000E2
6.425969843E0,1.160000000E2
6.428594843E0,1.160000000E2
6.431218843E0,1.160000000E2
6.433843843E0,1.160000000E2
6.436467843E0,1.160000000E2
6.439092843E0,1.160000000E2
6.441716843E0,1.160000000E2
6.444341843E0,1.160000000E2
6.446965843E0,1.160000000E2
6.449590843E0,1.160000000E2
6.452214843E0,1.160000000E2
6.454839843E0,1.160000000E2
6.457463843E0,1.160000000E2
6.460088843E0,1.160000000E2
6.462712843E0,1.160000000E2
6.465337843E0,1.160000000E2
6.467961843E0,1.160000000E2
6.470586843E0,1.160000000E2
6.473210843E0,1.160000000E2
6.475835843E0,1.160000000E2
6.478459843E0,1.160000000E2
6.481084843E0,1.160000000E2
6.483708843E0,1.160000000E2
6.486333843E0,1.160000000E2
6.488958843E0,1.160000000E2
6.491582843E0,1.160000000E2
6.494207843E0,1.160000000E2
6.496831843E0,1.160000000E2
6.499456843E0,1.160000000E2
6.502080843E0,1.160000000E2
6.504705843E0,1.160000000E2
6.507329843E0,1.160000000E2
6.509954843E0,1.160000000E2
6.512578843E0,1.160000000E2
6.515203843E0,1.160000000E2
6.517827843E0,1.160000000E2
6.520452843E0,1.160000000E2
6.523076843E0,1.160000000E2
6.525701843E0,1.160000000E2
6.528325843E0,1.160000000E2
6.530950843E0,1.160000000E2
6.533574843E0,1.160000000E2
6.536199843E0,1.160000000E2
6.538823843E0,1.160000000E2
6.541448843E0,1.160000000E2
6.544072843E0,1.160000000E2
6.546697843E0,1.160000000E2
6.549321843E0,1.160000000E2
6.551946843E0,1.160000000E2
6.554570843E0,1.160000000E2
6.557195843E0,1.160000000E2
6.559819843E0,1.160000000E2
6.562444843E0,1.160000000E2
6.565068843E0,1.160000000E2
6.567693843E0,1.160000000E2
6.570317843E0,1.160000000E2
6.572942843E0,1.160000000E2
6.575566843E0,1.160000000E2
6.578191843E0,1.160000000E2
6.580815843E0,1.160000000E2
6.583440843E0,1.160000000E2
6.586064843E0,1.160000000E2
6.588689843E0,1.160000000E2
6.591313843E0,1.160000000E2
6.593938843E0,1.160000000E2
6.596563843E0,1.160000000E2
6.599187843E0,1.160000000E2
6.601812843E0,1.160000000E2
6.604436843E0,1.160000000E2
6.607061843E0,1.160000000E2
6.609685843E0,1.160000000E2
6.612310843E0,1.160000000E2
6.614934843E0,1.160000000E2
6.617559843E0,1.160000000E2
6.620183843E0,1.160000000E2
6.622808843E0,1.160000000E2
6.625432843E0,1.160000000E2
6.628057843E0,1.160000000E2
6.630681843E0,1.160000000E2
6.633306843E0,1.160000000E2
6.635930843E0,1.160000000E2
6.638555843E0,1.160000000E2
6.641179843E0,1.160000000E2
6.643804843E0,1.160000000E2
6.646428843E0,1.160000000E2
6.649053843E0,1.160000000E2
6.651677843E0,1.160000000E2
6.654302843E0,1.160000000E2
6.656926843E0,1.160000000E2
6.659551843E0,1.160000000E2
6.662175843E0,1.160000000E2
6.664800843E0,1.160000000E2
6.667424843E0,1.160000000E2
6.670049843E0,1.160000000E2
6.672673843E0,1.160000000E2
6.675298843E0,1.160000000E2
6.677922843E0,1.160000000E2
6.680547843E0,1.160000000E2
6.683171843E0,1.160000000E2
6.685796843E0,1.160000000E2
6.688420843E0,1.160000000E2
6.691045843E0,1.160000000E2
6.693669843E0,1.160000000E2
6.696294843E0,1.160000000E2
6.698918843E0,1.160000000E2
6.701543843E0,1.160000000E2
6.704167843E0,1.160000000E2
6.706792843E0,1.160000000E2
6.709417843E0,1.160000000E2
6.712041843E0,1.160000000E2
6.714666843E0,1.160000000E2
6.717290843E0,1.160000000E2
6.719915843E0,1.160000000E2
6.722539843E0,1.160000000E2
6.725164843E0,1.160000000E2
6.727788843E0,1.160000000E2
6.730413843E0,1.160000000E2
6.733037843E0,1.160000000E2
6.735662843E0,1.160000000E2
6.738286843E0,1.160000000E2
6.740911843E0,1.160000000E2
6.743535843E0,1.160000000E2
6.746160843E0,1.160000000E2
6.748784843E0,1.160000000E2
6.751409843E0,1.160000000E2
6.754033843E0,1.160000000E2
6.756658843E0,1.160000000E2
6.759282843E0,1.160000000E2
6.761907843E0,1.160000000E2
6.764531843E0,1.160000000E2
6.767156843E0,1.160000000E2
6.769780843E0,1.160000000E2
6.772405843E0,1.160000000E2
6.775029843E0,1.160000000E2
6.777654843E0,1.160000000E2
6.780278843E0,1.160000000E2
6.782903843E0,1.160000000E2
6.785527843E0,1.160000000E2
6.788152843E0,1.160000000E2
6.790776843E0,1.160000000E2
6.793401843E0,1.160000000E2
6.796025843E0,1.160000000E2
6.798650843E0,1.160000000E2
6.801274843E0,1.160000000E2
6.803899843E0,1.160000000E2
6.806523843E0,1.160000000E2
6.809148843E0,1.160000000E2
6.811772843E0,1.160000000E2
6.814397843E0,1.160000000E2
6.817021843E0,1.160000000E2
6.819646843E0,1.160000000E2
6.822271843E0,1.160000000E2
6.824895843E0,1.160000000E2
6.827520843E0,1.160000000E2
6.830144843E0,1.160000000E2
6.832769843E0,1.160000000E2
6.835393843E0,1.160000000E2
6.838018843E0,1.160000000E2
6.840642843E0,1.160000000E2
6.843267843E0,1.160000000E2
6.845891843E0,1.160000000E2
6.848516843E0,1.160000000E2
6.851140843E0,1.160000000E2
6.853765843E0,1.160000000E2
6.856389843E0,1.160000000E2
6.859014843E0,1.160000000E2
6.861638843E0,1.160000000E2
6.864263843E0,1.160000000E2
6.866887843E0,1.160000000E2
6.869512843E0,1.160000000E2
6.872136843E0,1.160000000E2
6.874761843E0,1.160000000E2
6.877385843E0,1.160000000E2
6.880010843E0,1.160000000E2
6.882634843E0,1.160000000E2
6.885259843E0,1.160000000E2
6.887883843E0,1.160000000E2
6.890508843E0,1.160000000E2
6.893132843E0,1.160000000E2
6.895757843E0,1.160000000E2
6.898381843E0,1.160000000E2
6.901006843E0,1.160000000E2
6.903630843E0,1.160000000E2
6.906255843E0,1.160000000E2
6.908879843E0,1.160000000E2
6.911504843E0,1.160000000E2
6.914128843E0,1.160000000E2
6.916753843E0,1.160000000E2
6.919377843E0,1.160000000E2
6.922002843E0,1.160000000E2
6.924626843E0,1.160000000E2
6.927251843E0,1.160000000E2
6.929875843E0,1.160000000E2
6.932500843E0,1.160000000E2
6.935125843E0,1.160000000E2
6.937749843E0,1.160000000E2
6.940374843E0,1.160000000E2
6.942998843E0,1.160000000E2
6.945623843E0,1.160000000E2
6.948247843E0,1.160000000E2
6.950872843E0,1.160000000E2
6.953496843E0,1.160000000E2
6.956121843E0,1.160000000E2
6.958745843E0,1.160000000E2
6.961370843E0,1.160000000E2
6.963994843E0,1.160000000E2
6.966619843E0,1.160000000E2
6.969243843E0,1.160000000E2
6.971868843E0,1.160000000E2
6.974492843E0,1.160000000E2
6.977117843E0,1.160000000E2
6.979741843E0,1.160000000E2
6.982366843E0,1.160000000E2
6.984990843E0,1.160000000E2
6.987615843E0,1.160000000E2
6.990239843E0,1.160000000E2
6.992864843E0,1.160000000E2
6.995488843E0,1.160000000E2
6.998113843E0,1.160000000E2
7.000737843E0,1.160000000E2
7.003362843E0,1.160000000E2
7.005986843E0,1.160000000E2
7.008611843E0,1.160000000E2
7.011235843E0,1.160000000E2
7.013860843E0,1.160000000E2
7.016484843E0,1.160000000E2
7.019109843E0,1.160000000E2
7.021733843E0,1.160000000E2
7.024358843E0,1.160000000E2
7.026982843E0,1.160000000E2
7.029607843E0,1.160000000E2
7.032231843E0,1.160000000E2
7.034856843E0,1.160000000E2
7.037480843E0,1.160000000E2
7.040105843E0,1.160000000E2
7.042729843E0,1.160000000E2
7.045354843E0,1.160000000E2
7.047979843E0,1.160000000E2
7.050603843E0,1.160000000E2
7.053228843E0,1.160000000E2
7.055852843E0,1.160000000E2
7.058477843E0,1.160000000E2
7.061101843E0,1.160000000E2
7.063726843E0,1.160000000E2
7.066350843E0,1.160000000E2
7.068975843E0,1.160000000E2
7.071599843E0,1.160000000E2
7.074224843E0,1.160000000E2
7.076848843E0,1.160000000E2
7.079473843E0,1.160000000E2
7.082097843E0,1.160000000E2
7.084722843E0,1.160000000E2
7.087346843E0,1.160000000E2
7.089971843E0,1.160000000E2
7.092595843E0,1.160000000E2
7.095220843E0,1.160000000E2
7.097844843E0,1.160000000E2
7.100469843E0,1.160000000E2
7.103093843E0,1.160000000E2
7.105718843E0,1.160000000E2
7.108342843E0,1.160000000E2
7.110967843E0,1.160000000E2
7.113591843E0,1.160000000E2
7.116216843E0,1.160000000E2
7.118840843E0,1.160000000E2
7.121465843E0,1.160000000E2
7.124089843E0,1.160000000E2
7.126714843E0,1.160000000E2
7.129338843E0,1.160000000E2
7.131963843E0,1.160000000E2
7.134587843E0,1.160000000E2
7.137212843E0,1.160000000E2
7.139836843E0,1.160000000E2
7.142461843E0,1.160000000E2
7.145085843E0,1.160000000E2
7.147710843E0,1.160000000E2
7.150334843E0,1.160000000E2
7.152959843E0,1.160000000E2
7.155583843E0,1.160000000E2
7.158208843E0,1.160000000E2
7.160833843E0,1.160000000E2
7.163457843E0,1.160000000E2
7.166082843E0,1.160000000E2
7.168706843E0,1.160000000E2
7.171331843E0,1.160000000E2
7.173955843E0,1.160000000E2
7.176580843E0,1.160000000E2
7.179204843E0,1.160000000E2
7.181829843E0,1.160000000E2
7.184453843E0,1.160000000E2
7.187078843E0,1.160000000E2
7.189702843E0,1.160000000E2
7.192327843E0,1.160000000E2
7.194951843E0,1.160000000E2
7.197576843E0,1.160000000E2
7.200200843E0,1.160000000E2
7.202825843E0,1.160000000E2
7.205449843E0,1.160000000E2
7.208074843E0,1.160000000E2
7.210698843E0,1.160000000E2
7.213323843E0,1.160000000E2
7.215947843E0,1.160000000E2
7.218572843E0,1.160000000E2
7.221196843E0,1.160000000E2
7.223821843E0,1.160000000E2
7.226445843E0,1.160000000E2
7.229070843E0,1.160000000E2
7.231694843E0,1.160000000E2
7.234319843E0,1.160000000E2
7.236943843E0,1.160000000E2
7.239568843E0,1.160000000E2
7.242192843E0,1.160000000E2
7.244817843E0,1.160000000E2
7.247441843E0,1.160000000E2
7.250066843E0,1.160000000E2
7.252690843E0,1.160000000E2
7.255315843E0,1.160000000E2
7.257939843E0,1.160000000E2
7.260564843E0,1.160000000E2
7.263188843E0,1.160000000E2
7.265813843E0,1.160000000E2
7.268438843E0,1.160000000E2
7.271062843E0,1.160000000E2
7.273687843E0,1.160000000E2
7.276311843E0,1.160000000E2
7.278936843E0,1.160000000E2
7.281560843E0,1.160000000E2
7.284185843E0,1.160000000E2
7.286809843E0,1.160000000E2
7.289434843E0,1.160000000E2
7.292058843E0,1.160000000E2
7.294683843E0,1.160000000E2
7.297307843E0,1.160000000E2
7.299932843E0,1.160000000E2
7.302556843E0,1.160000000E2
7.305181843E0,1.160000000E2
7.307805843E0,1.160000000E2
7.310430843E0,1.160000000E2
7.313054843E0,1.160000000E2
7.315679843E0,1.160000000E2
7.318303843E0,1.160000000E2
7.320928843E0,1.160000000E2
7.323552843E0,1.160000000E2
7.326177843E0,1.160000000E2
7.328801843E0,1.160000000E2
7.331426843E0,1.160000000E2
7.334050843E0,1.160000000E2
7.336675843E0,1.160000000E2
7.339299843E0,1.160000000E2
7.341924843E0,1.160000000E2
7.344548843E0,1.160000000E2
7.347173843E0,1.160000000E2
7.349797843E0,1.160000000E2
7.352422843E0,1.160000000E2
7.355046843E0,1.160000000E2
7.357671843E0,1.160000000E2
7.360295843E0,1.160000000E2
7.362920843E0,1.160000000E2
7.365544843E0,1.160000000E2
7.368169843E0,1.160000000E2
7.370793843E0,1.160000000E2
7.373418843E0,1.160000000E2
7.376042843E0,1.160000000E2
7.378667843E0,1.160000000E2
7.381292843E0,1.160000000E2
7.383916843E0,1.160000000E2
7.386541843E0,1.160000000E2
7.389165843E0,1.160000000E2
7.391790843E0,1.160000000E2
7.394414843E0,1.160000000E2
7.397039843E0,1.160000000E2
7.399663843E0,1.160000000E2
7.402288843E0,1.160000000E2
7.404912843E0,1.160000000E2
7.407537843E0,1.160000000E2
7.410161843E0,1.160000000E2
7.412786843E0,1.160000000E2
7.415410843E0,1.160000000E2
7.418035843E0,1.160000000E2
7.420659843E0,1.160000000E2
7.423284843E0,1.160000000E2
7.425908843E0,1.160000000E2
7.428533843E0,1.160000000E2
7.431157843E0,1.160000000E2
7.433782843E0,1.160000000E2
7.436406843E0,1.160000000E2
7.439031843E0,1.160000000E2
7.441655843E0,1.160000000E2
7.444280843E0,1.160000000E2
7.446904843E0,1.160000000E2
7.449529843E0,1.160000000E2
7.452153843E0,1.160000000E2
7.454778843E0,1.160000000E2
7.457402843E0,1.160000000E2
7.460027843E0,1.160000000E2
7.462651843E0,1.160000000E2
7.465276843E0,1.160000000E2
7.467900843E0,1.160000000E2
7.470525843E0,1.160000000E2
7.473149843E0,1.160000000E2
7.475774843E0,1.160000000E2
7.478398843E0,1.160000000E2
7.481023843E0,1.160000000E2
7.483647843E0,1.160000000E2
7.486272843E0,1.160000000E2
7.488896843E0,1.160000000E2
7.491521843E0,1.160000000E2
7.494146843E0,1.160000000E2
7.496770843E0,1.160000000E2
7.499395843E0,1.160000000E2
7.502019843E0,1.160000000E2
7.504644843E0,1.160000000E2
7.507268843E0,1.160000000E2
7.509893843E0,1.160000000E2
7.512517843E0,1.160000000E2
7.515142843E0,1.160000000E2
7.517766843E0,1.160000000E2
7.520391843E0,1.160000000E2
7.523015843E0,1.160000000E2
7.525640843E0,1.160000000E2
7.528264843E0,1.160000000E2
7.530889843E0,1.160000000E2
7.533513843E0,1.160000000E2
7.536138843E0,1.160000000E2
7.538762843E0,1.160000000E2
7.541387843E0,1.160000000E2
7.544011843E0,1.160000000E2
7.546636843E0,1.160000000E2
7.549260843E0,1.160000000E2
7.551885843E0,1.160000000E2
7.554509843E0,1.160000000E2
7.557134843E0,1.160000000E2
7.559758843E0,1.160000000E2
7.562383843E0,1.160000000E2
7.565007843E0,1.160000000E2
7.567632843E0,1.160000000E2
7.570256843E0,1.160000000E2
7.572881843E0,1.160000000E2
7.575505843E0,1.160000000E2
7.578130843E0,1.160000000E2
7.580754843E0,1.160000000E2
7.583379843E0,1.160000000E2
7.586003843E0,1.160000000E2
7.588628843E0,1.160000000E2
7.591252843E0,1.160000000E2
7.593877843E0,1.160000000E2
7.596501843E0,1.160000000E2
7.599126843E0,1.160000000E2
7.601750843E0,1.160000000E2
7.604375843E0,1.160000000E2
7.607000843E0,1.160000000E2
7.609624843E0,1.160000000E2
7.612249843E0,1.160000000E2
7.614873843E0,1.160000000E2
7.617498843E0,1.160000000E2
7.620122843E0,1.160000000E2
7.622747843E0,1.160000000E2
7.625371843E0,1.160000000E2
7.627996843E0,1.160000000E2
7.630620843E0,1.160000000E2
7.633245843E0,1.160000000E2
7.635869843E0,1.160000000E2
7.638494843E0,1.160000000E2
7.641118843E0,1.160000000E2
7.643743843E0,1.160000000E2
7.646367843E0,1.160000000E2
7.648992843E0,1.160000000E2
7.651616843E0,1.160000000E2
7.654241843E0,1.160000000E2
7.656865843E0,1.160000000E2
7.659490843E0,1.160000000E2
7.662114843E0,1.160000000E2
7.664739843E0,1.160000000E2
7.667363843E0,1.160000000E2
7.669988843E0,1.160000000E2
7.672612843E0,1.160000000E2
7.675237843E0,1.160000000E2
7.677861843E0,1.160000000E2
7.680486843E0,1.160000000E2
7.683110843E0,1.160000000E2
7.685735843E0,1.160000000E2
7.688359843E0,1.160000000E2
7.690984843E0,1.160000000E2
7.693608843E0,1.160000000E2
7.696233843E0,1.160000000E2
7.698857843E0,1.160000000E2
7.701482843E0,1.160000000E2
7.704106843E0,1.160000000E2
7.706731843E0,1.160000000E2
7.709355843E0,1.160000000E2
7.711980843E0,1.160000000E2
7.714604843E0,1.160000000E2
7.717229843E0,1.160000000E2
7.719854843E0,1.160000000E2
7.722478843E0,1.160000000E2
7.725103843E0,1.160000000E2
7.727727843E0,1.160000000E2
7.730352843E0,1.160000000E2
7.732976843E0,1.160000000E2
7.735601843E0,1.160000000E2
7.738225843E0,1.160000000E2
7.740850843E0,1.160000000E2
7.743474843E0,1.160000000E2
7.746099843E0,1.160000000E2
7.748723843E0,1.160000000E2
7.751348843E0,1.160000000E2
7.753972843E0,1.160000000E2
7.756597843E0,1.160000000E2
7.759221843E0,1.160000000E2
7.761846843E0,1.160000000E2
7.764470843E0,1.160000000E2
7.767095843E0,1.160000000E2
7.769719843E0,1.160000000E2
7.772344843E0,1.160000000E2
7.774968843E0,1.160000000E2
7.777593843E0,1.160000000E2
7.780217843E0,1.160000000E2
7.782842843E0,1.160000000E2
7.785466843E0,1.160000000E2
7.788091843E0,1.160000000E2
7.790715843E0,1.160000000E2
7.793340843E0,1.160000000E2
7.795964843E0,1.160000000E2
7.798589843E0,1.160000000E2
7.801213843E0,1.160000000E2
7.803838843E0,1.160000000E2
7.806462843E0,1.160000000E2
7.809087843E0,1.160000000E2
7.811711843E0,1.160000000E2
7.814336843E0,1.160000000E2
7.816960843E0,1.160000000E2
7.819585843E0,1.160000000E2
7.822209843E0,1.160000000E2
7.824834843E0,1.160000000E2
7.827458843E0,1.160000000E2
7.830083843E0,1.160000000E2
7.832708843E0,1.160000000E2
7.835332843E0,1.160000000E2
7.837957843E0,1.160000000E2
7.840581843E0,1.160000000E2
7.843206843E0,1.160000000E2
7.845830843E0,1.160000000E2
7.848455843E0,1.160000000E2
7.851079843E0,1.160000000E2
7.853704843E0,1.160000000E2
7.856328843E0,1.160000000E2
7.858953843E0,1.160000000E2
7.861577843E0,1.160000000E2
7.864202843E0,1.160000000E2
7.866826843E0,1.160000000E2
7.869451843E0,1.160000000E2
7.872075843E0,1.160000000E2
7.874700843E0,1.160000000E2
7.877324843E0,1.160000000E2
7.879949843E0,1.160000000E2
7.882573843E0,1.160000000E2
7.885198843E0,1.160000000E2
7.887822843E0,1.160000000E2
7.890447843E0,1.160000000E2
7.893071843E0,1.160000000E2
7.895696843E0,1.160000000E2
7.898320843E0,1.160000000E2
7.900945843E0,1.160000000E2
7.903569843E0,1.160000000E2
7.906194843E0,1.160000000E2
7.908818843E0,1.160000000E2
7.911443843E0,1.160000000E2
7.914067843E0,1.160000000E2
7.916692843E0,1.160000000E2
7.919316843E0,1.160000000E2
7.921941843E0,1.160000000E2
7.924565843E0,1.160000000E2
7.927190843E0,1.160000000E2
7.929814843E0,1.160000000E2
7.932439843E0,1.160000000E2
7.935063843E0,1.160000000E2
7.937688843E0,1.160000000E2
7.940313843E0,1.160000000E2
7.942937843E0,1.160000000E2
7.945562843E0,1.160000000E2
7.948186843E0,1.160000000E2
7.950811843E0,1.160000000E2
7.953435843E0,1.160000000E2
7.956060843E0,1.160000000E2
7.958684843E0,1.160000000E2
7.961309843E0,1.160000000E2
7.963933843E0,1.160000000E2
7.966558843E0,1.160000000E2
7.969182843E0,1.160000000E2
7.971807843E0,1.160000000E2
7.974431843E0,1.160000000E2
7.977056843E0,1.160000000E2
7.979680843E0,1.160000000E2
7.982305843E0,1.160000000E2
7.984929843E0,1.160000000E2
7.987554843E0,1.160000000E2
7.990178843E0,1.160000000E2
7.992803843E0,1.160000000E2
7.995427843E0,1.160000000E2
7.998052843E0,1.160000000E2
8.000676843E0,1.160000000E2
8.003301843E0,1.160000000E2
8.005925843E0,1.160000000E2
8.008550843E0,1.160000000E2
8.011174843E0,1.160000000E2
8.013799843E0,1.160000000E2
8.016423843E0,1.160000000E2
8.019048843E0,1.160000000E2
8.021672843E0,1.160000000E2
8.024297843E0,1.160000000E2
8.026921843E0,1.160000000E2
8.029546843E0,1.160000000E2
8.032170843E0,1.160000000E2
8.034795843E0,1.160000000E2
8.037419843E0,1.160000000E2
8.040044843E0,1.160000000E2
8.042668843E0,1.160000000E2
8.045293843E0,1.160000000E2
8.047917843E0,1.160000000E2
8.050542843E0,1.160000000E2
8.053167843E0,1.160000000E2
8.055791843E0,1.160000000E2
8.058416843E0,1.160000000E2
8.061040843E0,1.160000000E2
8.063665843E0,1.160000000E2
8.066289843E0,1.160000000E2
8.068914843E0,1.160000000E2
8.071538843E0,1.160000000E2
8.074163843E0,1.160000000E2
8.076787843E0,1.160000000E2
8.079412843E0,1.160000000E2
8.082036843E0,1.160000000E2
8.084661843E0,1.160000000E2
8.087285843E0,1.160000000E2
8.089910843E0,1.160000000E2
8.092534843E0,1.160000000E2
8.095159843E0,1.160000000E2
8.097783843E0,1.160000000E2
8.100408843E0,1.160000000E2
8.103032843E0,1.160000000E2
8.105657843E0,1.160000000E2
8.108281843E0,1.160000000E2
8.110906843E0,1.160000000E2
8.113530843E0,1.160000000E2
8.116155843E0,1.160000000E2
8.118779843E0,1.160000000E2
8.121404843E0,1.160000000E2
8.124028843E0,1.160000000E2
8.126653843E0,1.160000000E2
8.129277843E0,1.160000000E2
8.131902843E0,1.160000000E2
8.134526843E0,1.160000000E2
8.137151843E0,1.160000000E2
8.139775843E0,1.160000000E2
8.142400843E0,1.160000000E2
8.145024843E0,1.160000000E2
8.147649843E0,1.160000000E2
8.150273843E0,1.160000000E2
8.152898843E0,1.160000000E2
8.155522843E0,1.160000000E2
8.158147843E0,1.160000000E2
8.160771843E0,1.160000000E2
8.163396843E0,1.160000000E2
8.166021843E0,1.160000000E2
8.168645843E0,1.160000000E2
8.171270843E0,1.160000000E2
8.173894843E0,1.160000000E2
8.176519843E0,1.160000000E2
8.179143843E0,1.160000000E2
8.181768843E0,1.160000000E2
8.184392843E0,1.160000000E2
8.187017843E0,1.160000000E2
8.189641843E0,1.160000000E2
8.192266843E0,1.160000000E2
8.194890843E0,1.160000000E2
8.197515843E0,1.160000000E2
8.200139843E0,1.160000000E2
8.202764843E0,1.160000000E2
8.205388843E0,1.160000000E2
8.208013843E0,1.160000000E2
8.210637843E0,1.160000000E2
8.213262843E0,1.160000000E2
8.215886843E0,1.160000000E2
8.218511843E0,1.160000000E2
8.221135843E0,1.160000000E2
8.223760843E0,1.160000000E2
8.226384843E0,1.160000000E2
8.229009843E0,1.160000000E2
8.231633843E0,1.160000000E2
8.234258843E0,1.160000000E2
8.236882843E0,1.160000000E2
8.239507843E0,1.160000000E2
8.242131843E0,1.160000000E2
8.244756843E0,1.160000000E2
8.247380843E0,1.160000000E2
8.250005843E0,1.160000000E2
8.252629843E0,1.160000000E2
8.255254843E0,1.160000000E2
8.257878843E0,1.160000000E2
8.260503843E0,1.160000000E2
8.263127843E0,1.160000000E2
8.265752843E0,1.160000000E2
8.268376843E0,1.160000000E2
8.271001843E0,1.160000000E2
8.273625843E0,1.160000000E2
8.276250843E0,1.160000000E2
8.278875843E0,1.160000000E2
8.281499843E0,1.160000000E2
8.284124843E0,1.160000000E2
8.286748843E0,1.160000000E2
8.289373843E0,1.160000000E2
8.291997843E0,1.160000000E2
8.294622843E0,1.160000000E2
8.297246843E0,1.160000000E2
8.299871843E0,1.160000000E2
8.302495843E0,1.160000000E2
8.305120843E0,1.160000000E2
8.307744843E0,1.160000000E2
8.310369843E0,1.160000000E2
8.312993843E0,1.160000000E2
8.315618843E0,1.160000000E2
8.318242843E0,1.160000000E2
8.320867843E0,1.160000000E2
8.323491843E0,1.160000000E2
8.326116843E0,1.160000000E2
8.328740843E0,1.160000000E2
8.331365843E0,1.160000000E2
8.333989843E0,1.160000000E2
8.336614843E0,1.160000000E2
8.339238843E0,1.160000000E2
8.341863843E0,1.160000000E2
8.344487843E0,1.160000000E2
8.347112843E0,1.160000000E2
8.349736843E0,1.160000000E2
8.352361843E0,1.160000000E2
8.354985843E0,1.160000000E2
8.357610843E0,1.160000000E2
8.360234843E0,1.160000000E2
8.362859843E0,1.160000000E2
8.365483843E0,1.160000000E2
8.368108843E0,1.160000000E2
8.370732843E0,1.160000000E2
8.373357843E0,1.160000000E2
8.375981843E0,1.160000000E2
8.378606843E0,1.160000000E2
8.381230843E0,1.160000000E2
8.383855843E0,1.160000000E2
8.386479843E0,1.160000000E2
8.389104843E0,1.160000000E2
8.391729843E0,1.160000000E2
8.394353843E0,1.160000000E2
8.396978843E0,1.160000000E2
8.399602843E0,1.160000000E2
8.402227843E0,1.160000000E2
8.404851843E0,1.160000000E2
8.407476843E0,1.160000000E2
8.410100843E0,1.160000000E2
8.412725843E0,1.160000000E2
8.415349843E0,1.160000000E2
8.417974843E0,1.160000000E2
8.420598843E0,1.160000000E2
8.423223843E0,1.160000000E2
8.425847843E0,1.160000000E2
8.428472843E0,1.160000000E2
8.431096843E0,1.160000000E2
8.433721843E0,1.160000000E2
8.436345843E0,1.160000000E2
8.438970843E0,1.160000000E2
8.441594843E0,1.160000000E2
8.444219843E0,1.160000000E2
8.446843843E0,1.160000000E2
8.449468843E0,1.160000000E2
8.452092843E0,1.160000000E2
8.454717843E0,1.160000000E2
8.457341843E0,1.160000000E2
8.459966843E0,1.160000000E2
8.462590843E0,1.160000000E2
8.465215843E0,1.160000000E2
8.467839843E0,1.160000000E2
8.470464843E0,1.160000000E2
8.473088843E0,1.160000000E2
8.475713843E0,1.160000000E2
8.478337843E0,1.160000000E2
8.480962843E0,1.160000000E2
8.483586843E0,1.160000000E2
8.486211843E0,1.160000000E2
8.488835843E0,1.160000000E2
8.491460843E0,1.160000000E2
8.494084843E0,1.160000000E2
8.496709843E0,1.160000000E2
8.499333843E0,1.160000000E2
8.501958843E0,1.160000000E2
8.504583843E0,1.160000000E2
8.507207843E0,1.160000000E2
8.509832843E0,1.160000000E2
8.512456843E0,1.160000000E2
8.515081843E0,1.160000000E2
8.517705843E0,1.160000000E2
8.520330843E0,1.160000000E2
8.522954843E0,1.160000000E2
8.525579843E0,1.160000000E2
8.528203843E0,1.160000000E2
8.530828843E0,1.160000000E2
8.533452843E0,1.160000000E2
8.536077843E0,1.160000000E2
8.538701843E0,1.160000000E2
8.541326843E0,1.160000000E2
8.543950843E0,1.160000000E2
8.546575843E0,1.160000000E2
8.549199843E0,1.160000000E2
8.551824843E0,1.160000000E2
8.554448843E0,1.160000000E2
8.557073843E0,1.160000000E2
8.559697843E0,1.160000000E2
8.562322843E0,1.160000000E2
8.564946843E0,1.160000000E2
8.567571843E0,1.160000000E2
8.570195843E0,1.160000000E2
8.572820843E0,1.160000000E2
8.575444843E0,1.160000000E2
8.578069843E0,1.160000000E2
8.580693843E0,1.160000000E2
8.583318843E0,1.160000000E2
8.585942843E0,1.160000000E2
8.588567843E0,1.160000000E2
8.591191843E0,1.160000000E2
8.593816843E0,1.160000000E2
8.596440843E0,1.160000000E2
8.599065843E0,1.160000000E2
8.601689843E0,1.160000000E2
8.604314843E0,1.160000000E2
8.606938843E0,1.160000000E2
8.609563843E0,1.160000000E2
8.612188843E0,1.160000000E2
8.614812843E0,1.160000000E2
8.617437843E0,1.160000000E2
8.620061843E0,1.160000000E2
8.622686843E0,1.160000000E2
8.625310843E0,1.160000000E2
8.627935843E0,1.160000000E2
8.630559843E0,1.160000000E2
8.633184843E0,1.160000000E2
8.635808843E0,1.160000000E2
8.638433843E0,1.160000000E2
8.641057843E0,1.160000000E2
8.643682843E0,1.160000000E2
8.646306843E0,1.160000000E2
8.648931843E0,1.160000000E2
8.651555843E0,1.160000000E2
8.654180843E0,1.160000000E2
8.656804843E0,1.160000000E2
8.659429843E0,1.160000000E2
8.662053843E0,1.160000000E2
8.664678843E0,1.160000000E2
8.667302843E0,1.160000000E2
8.669927843E0,1.160000000E2
8.672551843E0,1.160000000E2
8.675176843E0,1.160000000E2
8.677800843E0,1.160000000E2
8.680425843E0,1.160000000E2
8.683049843E0,1.160000000E2
8.685674843E0,1.160000000E2
8.688298843E0,1.160000000E2
8.690923843E0,1.160000000E2
8.693547843E0,1.160000000E2
8.696172843E0,1.160000000E2
8.698796843E0,1.160000000E2
8.701421843E0,1.160000000E2
8.704045843E0,1.160000000E2
8.706670843E0,1.160000000E2
8.709294843E0,1.160000000E2
8.711919843E0,1.160000000E2
8.714543843E0,1.160000000E2
8.717168843E0,1.160000000E2
8.719792843E0,1.160000000E2
8.722417843E0,1.160000000E2
8.725042843E0,1.160000000E2
8.727666843E0,1.160000000E2
8.730291843E0,1.160000000E2
8.732915843E0,1.160000000E2
8.735540843E0,1.160000000E2
8.738164843E0,1.160000000E2
8.740789843E0,1.160000000E2
8.743413843E0,1.160000000E2
8.746038843E0,1.160000000E2
8.748662843E0,1.160000000E2
8.751287843E0,1.160000000E2
8.753911843E0,1.160000000E2
8.756536843E0,1.160000000E2
8.759160843E0,1.160000000E2
8.761785843E0,1.160000000E2
8.764409843E0,1.160000000E2
8.767034843E0,1.160000000E2
8.769658843E0,1.160000000E2
8.772283843E0,1.160000000E2
8.774907843E0,1.160000000E2
8.777532843E0,1.160000000E2
8.780156843E0,1.160000000E2
8.782781843E0,1.160000000E2
8.785405843E0,1.160000000E2
8.788030843E0,1.160000000E2
8.790654843E0,1.160000000E2
8.793279843E0,1.160000000E2
8.795903843E0,1.160000000E2
8.798528843E0,1.160000000E2
8.801152843E0,1.160000000E2
8.803777843E0,1.160000000E2
8.806401843E0,1.160000000E2
8.809026843E0,1.160000000E2
8.811650843E0,1.160000000E2
8.814275843E0,1.160000000E2
8.816899843E0,1.160000000E2
8.819524843E0,1.160000000E2
8.822148843E0,1.160000000E2
8.824773843E0,1.160000000E2
8.827397843E0,1.160000000E2
8.830022843E0,1.160000000E2
8.832646843E0,1.160000000E2
8.835271843E0,1.160000000E2
8.837896843E0,1.160000000E2
8.840520843E0,1.160000000E2
8.843145843E0,1.160000000E2
8.845769843E0,1.160000000E2
8.848394843E0,1.160000000E2
8.851018843E0,1.160000000E2
8.853643843E0,1.160000000E2
8.856267843E0,1.160000000E2
8.858892843E0,1.160000000E2
8.861516843E0,1.160000000E2
8.864141843E0,1.160000000E2
8.866765843E0,1.160000000E2
8.869390843E0,1.160000000E2
8.872014843E0,1.160000000E2
8.874639843E0,1.160000000E2
8.877263843E0,1.160000000E2
8.879888843E0,1.160000000E2
8.882512843E0,1.160000000E2
8.885137843E0,1.160000000E2
8.887761843E0,1.160000000E2
8.890386843E0,1.160000000E2
8.893010843E0,1.160000000E2
8.895635843E0,1.160000000E2
8.898259843E0,1.160000000E2
8.900884843E0,1.160000000E2
8.903508843E0,1.160000000E2
8.906133843E0,1.160000000E2
8.908757843E0,1.160000000E2
8.911382843E0,1.160000000E2
8.914006843E0,1.160000000E2
8.916631843E0,1.160000000E2
8.919255843E0,1.160000000E2
8.921880843E0,1.160000000E2
8.924504843E0,1.160000000E2
8.927129843E0,1.160000000E2
8.929753843E0,1.160000000E2
8.932378843E0,1.160000000E2
8.935002843E0,1.160000000E2
8.937627843E0,1.160000000E2
8.940251843E0,1.160000000E2
8.942876843E0,1.160000000E2
8.945500843E0,1.160000000E2
8.948125843E0,1.160000000E2
8.950750843E0,1.160000000E2
8.953374843E0,1.160000000E2
8.955999843E0,1.160000000E2
8.958623843E0,1.160000000E2
8.961248843E0,1.160000000E2
8.963872843E0,1.160000000E2
8.966497843E0,1.160000000E2
8.969121843E0,1.160000000E2
8.971746843E0,1.160000000E2
8.974370843E0,1.160000000E2
8.976995843E0,1.160000000E2
8.979619843E0,1.160000000E2
8.982244843E0,1.160000000E2
8.984868843E0,1.160000000E2
8.987493843E0,1.160000000E2
8.990117843E0,1.160000000E2
8.992742843E0,1.160000000E2
8.995366843E0,1.160000000E2
8.997991843E0,1.160000000E2
9.000615843E0,1.160000000E2
9.003240843E0,1.160000000E2
9.005864843E0,1.160000000E2
9.008489843E0,1.160000000E2
9.011113843E0,1.160000000E2
9.013738843E0,1.160000000E2
9.016362843E0,1.160000000E2
9.018987843E0,1.160000000E2
9.021611843E0,1.160000000E2
9.024236843E0,1.160000000E2
9.026860843E0,1.160000000E2
9.029485843E0,1.160000000E2
9.032109843E0,1.160000000E2
9.034734843E0,1.160000000E2
9.037358843E0,1.160000000E2
9.039983843E0,1.160000000E2
9.042607843E0,1.160000000E2
9.045232843E0,1.160000000E2
9.047856843E0,1.160000000E2
9.050481843E0,1.160000000E2
9.053105843E0,1.160000000E2
9.055730843E0,1.160000000E2
9.058354843E0,1.160000000E2
9.060979843E0,1.160000000E2
9.063604843E0,1.160000000E2
9.066228843E0,1.160000000E2
9.068853843E0,1.160000000E2
9.071477843E0,1.160000000E2
9.074102843E0,1.160000000E2
9.076726843E0,1.160000000E2
9.079351843E0,1.160000000E2
9.081975843E0,1.160000000E2
9.084600843E0,1.160000000E2
9.087224843E0,1.160000000E2
9.089849843E0,1.160000000E2
9.092473843E0,1.160000000E2
9.095098843E0,1.160000000E2
9.097722843E0,1.160000000E2
9.100347843E0,1.160000000E2
9.102971843E0,1.160000000E2
9.105596843E0,1.160000000E2
9.108220843E0,1.160000000E2
9.110845843E0,1.160000000E2
9.113469843E0,1.160000000E2
9.116094843E0,1.160000000E2
9.118718843E0,1.160000000E2
9.121343843E0,1.160000000E2
9.123967843E0,1.160000000E2
9.126592843E0,1.160000000E2
9.129216843E0,1.160000000E2
9.131841843E0,1.160000000E2
9.134465843E0,1.160000000E2
9.137090843E0,1.160000000E2
9.139714843E0,1.160000000E2
9.142339843E0,1.160000000E2
9.144963843E0,1.160000000E2
9.147588843E0,1.160000000E2
9.150212843E0,1.160000000E2
9.152837843E0,1.160000000E2
9.155461843E0,1.160000000E2
9.158086843E0,1.160000000E2
9.160710843E0,1.160000000E2
9.163335843E0,1.160000000E2
9.165959843E0,1.160000000E2
9.168584843E0,1.160000000E2
9.171208843E0,1.160000000E2
9.173833843E0,1.160000000E2
9.176458843E0,1.160000000E2
9.179082843E0,1.160000000E2
9.181707843E0,1.160000000E2
9.184331843E0,1.160000000E2
9.186956843E0,1.160000000E2
9.189580843E0,1.160000000E2
9.192205843E0,1.160000000E2
9.194829843E0,1.160000000E2
9.197454843E0,1.160000000E2
9.200078843E0,1.160000000E2
9.202703843E0,1.160000000E2
9.205327843E0,1.160000000E2
9.207952843E0,1.160000000E2
9.210576843E0,1.160000000E2
9.213201843E0,1.160000000E2
9.215825843E0,1.160000000E2
9.218450843E0,1.160000000E2
9.221074843E0,1.160000000E2
9.223699843E0,1.160000000E2
9.226323843E0,1.160000000E2
9.228948843E0,1.160000000E2
9.231572843E0,1.160000000E2
9.234197843E0,1.160000000E2
9.236821843E0,1.160000000E2
9.239446843E0,1.160000000E2
9.242070843E0,1.160000000E2
9.244695843E0,1.160000000E2
9.247319843E0,1.160000000E2
9.249944843E0,1.160000000E2
9.252568843E0,1.160000000E2
9.255193843E0,1.160000000E2
9.257817843E0,1.160000000E2
9.260442843E0,1.160000000E2
9.263066843E0,1.160000000E2
9.265691843E0,1.160000000E2
9.268315843E0,1.160000000E2
9.270940843E0,1.160000000E2
9.273564843E0,1.160000000E2
9.276189843E0,1.160000000E2
9.278813843E0,1.160000000E2
9.281438843E0,1.160000000E2
9.284063843E0,1.160000000E2
9.286687843E0,1.160000000E2
9.289312843E0,1.160000000E2
9.291936843E0,1.160000000E2
9.294561843E0,1.160000000E2
9.297185843E0,1.160000000E2
9.299810843E0,1.160000000E2
9.302434843E0,1.160000000E2
9.305059843E0,1.160000000E2
9.307683843E0,1.160000000E2
9.310308843E0,1.160000000E2
9.312932843E0,1.160000000E2
9.315557843E0,1.160000000E2
9.318181843E0,1.160000000E2
9.320806843E0,1.160000000E2
9.323430843E0,1.160000000E2
9.326055843E0,1.160000000E2
9.328679843E0,1.160000000E2
9.331304843E0,1.160000000E2
9.333928843E0,1.160000000E2
9.336553843E0,1.160000000E2
9.339177843E0,1.160000000E2
9.341802843E0,1.160000000E2
9.344426843E0,1.160000000E2
9.347051843E0,1.160000000E2
9.349675843E0,1.160000000E2
9.352300843E0,1.160000000E2
9.354924843E0,1.160000000E2
9.357549843E0,1.160000000E2
9.360173843E0,1.160000000E2
9.362798843E0,1.160000000E2
9.365422843E0,1.160000000E2
9.368047843E0,1.160000000E2
9.370671843E0,1.160000000E2
9.373296843E0,1.160000000E2
9.375920843E0,1.160000000E2
9.378545843E0,1.160000000E2
9.381169843E0,1.160000000E2
9.383794843E0,1.160000000E2
9.386418843E0,1.160000000E2
9.389043843E0,1.160000000E2
9.391667843E0,1.160000000E2
9.394292843E0,1.160000000E2
9.396917843E0,1.160000000E2
9.399541843E0,1.160000000E2
9.402166843E0,1.160000000E2
9.404790843E0,1.160000000E2
9.407415843E0,1.160000000E2
9.410039843E0,1.160000000E2
9.412664843E0,1.160000000E2
9.415288843E0,1.160000000E2
9.417913843E0,1.160000000E2
9.420537843E0,1.160000000E2
9.423162843E0,1.160000000E2
9.425786843E0,1.160000000E2
9.428411843E0,1.160000000E2
9.431035843E0,1.160000000E2
9.433660843E0,1.160000000E2
9.436284843E0,1.160000000E2
9.438909843E0,1.160000000E2
9.441533843E0,1.160000000E2
9.444158843E0,1.160000000E2
9.446782843E0,1.160000000E2
9.449407843E0,1.160000000E2
9.452031843E0,1.160000000E2
9.454656843E0,1.160000000E2
9.457280843E0,1.160000000E2
9.459905843E0,1.160000000E2
9.462529843E0,1.160000000E2
9.465154843E0,1.160000000E2
9.467778843E0,1.160000000E2
9.470403843E0,1.160000000E2
9.473027843E0,1.160000000E2
9.475652843E0,1.160000000E2
9.478276843E0,1.160000000E2
9.480901843E0,1.160000000E2
9.483525843E0,1.160000000E2
9.486150843E0,1.160000000E2
9.488774843E0,1.160000000E2
9.491399843E0,1.160000000E2
9.494023843E0,1.160000000E2
9.496648843E0,1.160000000E2
9.499272843E0,1.160000000E2
9.501897843E0,1.160000000E2
9.504521843E0,1.160000000E2
9.507146843E0,1.160000000E2
9.509771843E0,1.160000000E2
9.512395843E0,1.160000000E2
9.515020843E0,1.160000000E2
9.517644843E0,1.160000000E2
9.520269843E0,1.160000000E2
9.522893843E0,1.160000000E2
9.525518843E0,1.160000000E2
9.528142843E0,1.160000000E2
9.530767843E0,1.160000000E2
9.533391843E0,1.160000000E2
9.536016843E0,1.160000000E2
9.538640843E0,1.160000000E2
9.541265843E0,1.160000000E2
9.543889843E0,1.160000000E2
9.546514843E0,1.160000000E2
9.549138843E0,1.160000000E2
9.551763843E0,1.160000000E2
9.554387843E0,1.160000000E2
9.557012843E0,1.160000000E2
9.559636843E0,1.160000000E2
9.562261843E0,1.160000000E2
9.564885843E0,1.160000000E2
9.567510843E0,1.160000000E2
9.570134843E0,1.160000000E2
9.572759843E0,1.160000000E2
9.575383843E0,1.160000000E2
9.578008843E0,1.160000000E2
9.580632843E0,1.160000000E2
9.583257843E0,1.160000000E2
9.585881843E0,1.160000000E2
9.588506843E0,1.160000000E2
9.591130843E0,1.160000000E2
9.593755843E0,1.160000000E2
9.596379843E0,1.160000000E2
9.599004843E0,1.160000000E2
9.601628843E0,1.160000000E2
9.604253843E0,1.160000000E2
9.606877843E0,1.160000000E2
9.609502843E0,1.160000000E2
9.612126843E0,1.160000000E2
9.614751843E0,1.160000000E2
9.617375843E0,1.160000000E2
9.620000843E0,1.160000000E2
9.622625843E0,1.160000000E2
9.625249843E0,1.160000000E2
9.627874843E0,1.160000000E2
9.630498843E0,1.160000000E2
9.633123843E0,1.160000000E2
9.635747843E0,1.160000000E2
9.638372843E0,1.160000000E2
9.640996843E0,1.160000000E2
9.643621843E0,1.160000000E2
9.646245843E0,1.160000000E2
9.648870843E0,1.160000000E2
9.651494843E0,1.160000000E2
9.654119843E0,1.160000000E2
9.656743843E0,1.160000000E2
9.659368843E0,1.160000000E2
9.661992843E0,1.160000000E2
9.664617843E0,1.160000000E2
9.667241843E0,1.160000000E2
9.669866843E0,1.160000000E2
9.672490843E0,1.160000000E2
9.675115843E0,1.160000000E2
9.677739843E0,1.160000000E2
9.680364843E0,1.160000000E2
9.682988843E0,1.160000000E2
9.685613843E0,1.160000000E2
9.688237843E0,1.160000000E2
9.690862843E0,1.160000000E2
9.693486843E0,1.160000000E2
9.696111843E0,1.160000000E2
9.698735843E0,1.160000000E2
9.701360843E0,1.160000000E2
9.703984843E0,1.160000000E2
9.706609843E0,1.160000000E2
9.709233843E0,1.160000000E2
9.711858843E0,1.160000000E2
9.714482843E0,1.160000000E2
9.717107843E0,1.160000000E2
9.719731843E0,1.160000000E2
9.722356843E0,1.160000000E2
9.724980843E0,1.160000000E2
9.727605843E0,1.160000000E2
9.730229843E0,1.160000000E2
9.732854843E0,1.160000000E2
9.735479843E0,1.160000000E2
9.738103843E0,1.160000000E2
9.740728843E0,1.160000000E2
9.743352843E0,1.160000000E2
9.745977843E0,1.160000000E2
9.748601843E0,1.160000000E2
9.751226843E0,1.160000000E2
9.753850843E0,1.160000000E2
9.756475843E0,1.160000000E2
9.759099843E0,1.160000000E2
9.761724843E0,1.160000000E2
9.764348843E0,1.160000000E2
9.766973843E0,1.160000000E2
9.769597843E0,1.160000000E2
9.772222843E0,1.160000000E2
9.774846843E0,1.160000000E2
9.777471843E0,1.160000000E2
9.780095843E0,1.160000000E2
9.782720843E0,1.160000000E2
9.785344843E0,1.160000000E2
9.787969843E0,1.160000000E2
9.790593843E0,1.160000000E2
9.793218843E0,1.160000000E2
9.795842843E0,1.160000000E2
9.798467843E0,1.160000000E2
9.801091843E0,1.160000000E2
9.803716843E0,1.160000000E2
9.806340843E0,1.160000000E2
9.808965843E0,1.160000000E2
9.811589843E0,1.160000000E2
9.814214843E0,1.160000000E2
9.816838843E0,1.160000000E2
9.819463843E0,1.160000000E2
9.822087843E0,1.160000000E2
9.824712843E0,1.160000000E2
9.827336843E0,1.160000000E2
9.829961843E0,1.160000000E2
9.832585843E0,1.160000000E2
9.835210843E0,1.160000000E2
9.837834843E0,1.160000000E2
9.840459843E0,1.160000000E2
9.843083843E0,1.160000000E2
9.845708843E0,1.160000000E2
9.848333843E0,1.160000000E2
9.850957843E0,1.160000000E2
9.853582843E0,1.160000000E2
9.856206843E0,1.160000000E2
9.858831843E0,1.160000000E2
9.861455843E0,1.160000000E2
9.864080843E0,1.160000000E2
9.866704843E0,1.160000000E2
9.869329843E0,1.160000000E2
9.871953843E0,1.160000000E2
9.874578843E0,1.160000000E2
9.877202843E0,1.160000000E2
9.879827843E0,1.160000000E2
9.882451843E0,1.160000000E2
9.885076843E0,1.160000000E2
9.887700843E0,1.160000000E2
9.890325843E0,1.160000000E2
9.892949843E0,1.160000000E2
9.895574843E0,1.160000000E2
9.898198843E0,1.160000000E2
9.900823843E0,1.160000000E2
9.903447843E0,1.160000000E2
9.906072843E0,1.160000000E2
9.908696843E0,1.160000000E2
9.911321843E0,1.160000000E2
9.913945843E0,1.160000000E2
9.916570843E0,1.160000000E2
9.919194843E0,1.160000000E2
9.921819843E0,1.160000000E2
9.924443843E0,1.160000000E2
9.927068843E0,1.160000000E2
9.929692843E0,1.160000000E2
9.932317843E0,1.160000000E2
9.934941843E0,1.160000000E2
9.937566843E0,1.160000000E2
9.940190843E0,1.160000000E2
9.942815843E0,1.160000000E2
9.945439843E0,1.160000000E2
9.948064843E0,1.160000000E2
9.950688843E0,1.160000000E2
9.953313843E0,1.160000000E2
9.955938843E0,1.160000000E2
9.958562843E0,1.160000000E2
9.961187843E0,1.160000000E2
9.963811843E0,1.160000000E2
9.966436843E0,1.160000000E2
9.969060843E0,1.160000000E2
9.971685843E0,1.160000000E2
9.974309843E0,1.160000000E2
9.976934843E0,1.160000000E2
9.979558843E0,1.160000000E2
9.982183843E0,1.160000000E2
9.984807843E0,1.160000000E2
9.987432843E0,1.160000000E2
9.990056843E0,1.160000000E2
9.992681843E0,1.160000000E2
9.995305843E0,1.160000000E2
9.997930843E0,1.160000000E2
1.000055484E1,1.160000000E2
1.000317984E1,1.160000000E2
1.000580384E1,1.160000000E2
1.000842884E1,1.160000000E2
1.001105284E1,1.160000000E2
1.001367784E1,1.160000000E2
1.001630184E1,1.160000000E2
1.001892684E1,1.160000000E2
1.002155084E1,1.160000000E2
1.002417584E1,1.160000000E2
1.002679984E1,1.160000000E2
1.002942484E1,1.160000000E2
1.003204884E1,1.160000000E2
1.003467384E1,1.160000000E2
1.003729784E1,1.160000000E2
1.003992284E1,1.160000000E2
1.004254684E1,1.160000000E2
1.004517184E1,1.160000000E2
1.004779584E1,1.160000000E2
1.005042084E1,1.160000000E2
1.005304484E1,1.160000000E2
1.005566984E1,1.160000000E2
1.005829384E1,1.160000000E2
1.006091884E1,1.160000000E2
1.006354284E1,1.160000000E2
1.006616784E1,1.160000000E2
1.006879284E1,1.160000000E2
1.007141684E1,1.160000000E2
1.007404184E1,1.160000000E2
1.007666584E1,1.160000000E2
1.007929084E1,1.160000000E2
1.008191484E1,1.160000000E2
1.008453984E1,1.160000000E2
1.008716384E1,1.160000000E2
1.008978884E1,1.160000000E2
1.009241284E1,1.160000000E2
1.009503784E1,1.160000000E2
1.009766184E1,1.160000000E2
1.010028684E1,1.160000000E2
1.010291084E1,1.160000000E2
1.010553584E1,1.160000000E2
1.010815984E1,1.160000000E2
1.011078484E1,1.160000000E2
1.011340884E1,1.160000000E2
1.011603384E1,1.160000000E2
1.011865784E1,1.160000000E2
1.012128284E1,1.160000000E2
1.012390684E1,1.160000000E2
1.012653184E1,1.160000000E2
1.012915584E1,1.160000000E2
1.013178084E1,1.160000000E2
1.013440484E1,1.160000000E2
1.013702984E1,1.160000000E2
1.013965384E1,1.160000000E2
1.014227884E1,1.160000000E2
1.014490284E1,1.160000000E2
1.014752784E1,1.160000000E2
1.015015184E1,1.160000000E2
1.015277684E1,1.160000000E2
1.015540084E1,1.160000000E2
1.015802584E1,1.160000000E2
1.016064984E1,1.160000000E2
1.016327484E1,1.160000000E2
1.016589884E1,1.160000000E2
1.016852384E1,1.160000000E2
1.017114784E1,1.160000000E2
1.017377284E1,1.160000000E2
1.017639684E1,1.160000000E2
1.017902184E1,1.160000000E2
1.018164684E1,1.160000000E2
1.018427084E1,1.160000000E2
1.018689584E1,1.160000000E2
1.018951984E1,1.160000000E2
1.019214484E1,1.160000000E2
1.019476884E1,1.160000000E2
1.019739384E1,1.160000000E2
1.020001784E1,1.160000000E2
1.020264284E1,1.160000000E2
1.020526684E1,1.160000000E2
1.020789184E1,1.160000000E2
1.021051584E1,1.160000000E2
1.021314084E1,1.160000000E2
1.021576484E1,1.160000000E2
1.021838984E1,1.160000000E2
1.022101384E1,1.160000000E2
1.022363884E1,1.160000000E2
1.022626284E1,1.160000000E2
1.022888784E1,1.160000000E2
1.023151184E1,1.160000000E2
1.023413684E1,1.160000000E2
1.023676084E1,1.160000000E2
1.023938584E1,1.160000000E2
1.024200984E1,1.160000000E2
1.024463484E1,1.160000000E2
1.024725884E1,1.160000000E2
1.024988384E1,1.160000000E2
1.025250784E1,1.160000000E2
1.025513284E1,1.160000000E2
1.025775684E1,1.160000000E2
1.026038184E1,1.160000000E2
1.026300584E1,1.160000000E2
1.026563084E1,1.160000000E2
1.026825484E1,1.160000000E2
1.027087984E1,1.160000000E2
1.027350384E1,1.160000000E2
1.027612884E1,1.160000000E2
1.027875284E1,1.160000000E2
1.028137784E1,1.160000000E2
1.028400184E1,1.160000000E2
1.028662684E1,1.160000000E2
1.028925084E1,1.160000000E2
1.029187584E1,1.160000000E2
1.029450084E1,1.160000000E2
1.029712484E1,1.160000000E2
1.029974984E1,1.160000000E2
1.030237384E1,1.160000000E2
1.030499884E1,1.160000000E2
1.030762284E1,1.160000000E2
1.031024784E1,1.160000000E2
1.031287184E1,1.160000000E2
1.031549684E1,1.160000000E2
1.031812084E1,1.160000000E2
1.032074584E1,1.160000000E2
1.032336984E1,1.160000000E2
1.032599484E1,1.160000000E2
1.032861884E1,1.160000000E2
1.033124384E1,1.160000000E2
1.033386784E1,1.160000000E2
1.033649284E1,1.160000000E2
1.033911684E1,1.160000000E2
1.034174184E1,1.160000000E2
1.034436584E1,1.160000000E2
1.034699084E1,1.160000000E2
1.034961484E1,1.160000000E2
1.035223984E1,1.160000000E2
1.035486384E1,1.160000000E2
1.035748884E1,1.160000000E2
1.036011284E1,1.160000000E2
1.036273784E1,1.160000000E2
1.036536184E1,1.160000000E2
1.036798684E1,1.160000000E2
1.037061084E1,1.160000000E2
1.037323584E1,1.160000000E2
1.037585984E1,1.160000000E2
1.037848484E1,1.160000000E2
1.038110884E1,1.160000000E2
1.038373384E1,1.160000000E2
1.038635784E1,1.160000000E2
1.038898284E1,1.160000000E2
1.039160684E1,1.160000000E2
1.039423184E1,1.160000000E2
1.039685584E1,1.160000000E2
1.039948084E1,1.160000000E2
1.040210484E1,1.160000000E2
1.040472984E1,1.160000000E2
1.040735484E1,1.160000000E2
1.040997884E1,1.160000000E2
1.041260384E1,1.160000000E2
1.041522784E1,1.160000000E2
1.041785284E1,1.160000000E2
1.042047684E1,1.160000000E2
1.042310184E1,1.160000000E2
1.042572584E1,1.160000000E2
1.042835084E1,1.160000000E2
1.043097484E1,1.160000000E2
1.043359984E1,1.160000000E2
1.043622384E1,1.160000000E2
1.043884884E1,1.160000000E2
1.044147284E1,1.160000000E2
1.044409784E1,1.160000000E2
1.044672184E1,1.160000000E2
1.044934684E1,1.160000000E2
1.045197084E1,1.160000000E2
1.045459584E1,1.160000000E2
1.045721984E1,1.160000000E2
1.045984484E1,1.160000000E2
1.046246884E1,1.160000000E2
1.046509384E1,1.160000000E2
1.046771784E1,1.160000000E2
1.047034284E1,1.160000000E2
1.047296684E1,1.160000000E2
1.047559184E1,1.160000000E2
1.047821584E1,1.160000000E2
1.048084084E1,1.160000000E2
1.048346484E1,1.160000000E2
1.048608984E1,1.160000000E2
1.048871384E1,1.160000000E2
1.049133884E1,1.160000000E2
1.049396284E1,1.160000000E2
1.049658784E1,1.160000000E2
1.049921184E1,1.160000000E2
1.050183684E1,1.160000000E2
1.050446084E1,1.160000000E2
1.050708584E1,1.160000000E2
1.050970984E1,1.160000000E2
1.051233484E1,1.160000000E2
1.051495884E1,1.160000000E2
1.051758384E1,1.160000000E2
1.052020884E1,1.160000000E2
1.052283284E1,1.160000000E2
1.052545784E1,1.160000000E2
1.052808184E1,1.160000000E2
1.053070684E1,1.160000000E2
1.053333084E1,1.160000000E2
1.053595584E1,1.160000000E2
1.053857984E1,1.160000000E2
1.054120484E1,1.160000000E2
1.054382884E1,1.160000000E2
1.054645384E1,1.160000000E2
1.054907784E1,1.160000000E2
1.055170284E1,1.160000000E2
1.055432684E1,1.160000000E2
1.055695184E1,1.160000000E2
1.055957584E1,1.160000000E2
1.056220084E1,1.160000000E2
1.056482484E1,1.160000000E2
1.056744984E1,1.160000000E2
1.057007384E1,1.160000000E2
1.057269884E1,1.160000000E2
1.057532284E1,1.160000000E2
1.057794784E1,1.160000000E2
1.058057184E1,1.160000000E2
1.058319684E1,1.160000000E2
1.058582084E1,1.160000000E2
1.058844584E1,1.160000000E2
1.059106984E1,1.160000000E2
1.059369484E1,1.160000000E2
1.059631884E1,1.160000000E2
1.059894384E1,1.160000000E2
1.060156784E1,1.160000000E2
1.060419284E1,1.160000000E2
1.060681684E1,1.160000000E2
1.060944184E1,1.160000000E2
1.061206584E1,1.160000000E2
1.061469084E1,1.160000000E2
1.061731484E1,1.160000000E2
1.061993984E1,1.160000000E2
1.062256384E1,1.160000000E2
1.062518884E1,1.160000000E2
1.062781384E1,1.160000000E2
1.063043784E1,1.160000000E2
1.063306284E1,1.160000000E2
1.063568684E1,1.160000000E2
1.063831184E1,1.160000000E2
1.064093584E1,1.160000000E2
1.064356084E1,1.160000000E2
1.064618484E1,1.160000000E2
1.064880984E1,1.160000000E2
1.065143384E1,1.160000000E2
1.065405884E1,1.160000000E2
1.065668284E1,1.160000000E2
1.065930784E1,1.160000000E2
1.066193184E1,1.160000000E2
1.066455684E1,1.160000000E2
1.066718084E1,1.160000000E2
1.066980584E1,1.160000000E2
1.067242984E1,1.160000000E2
1.067505484E1,1.160000000E2
1.067767884E1,1.160000000E2
1.068030384E1,1.160000000E2
1.068292784E1,1.160000000E2
1.068555284E1,1.160000000E2
1.068817684E1,1.160000000E2
1.069080184E1,1.160000000E2
1.069342584E1,1.160000000E2
1.069605084E1,1.160000000E2
1.069867484E1,1.160000000E2
1.070129984E1,1.160000000E2
1.070392384E1,1.160000000E2
1.070654884E1,1.160000000E2
1.070917284E1,1.160000000E2
1.071179784E1,1.160000000E2
1.071442184E1,1.160000000E2
1.071704684E1,1.160000000E2
1.071967084E1,1.160000000E2
1.072229584E1,1.160000000E2
1.072491984E1,1.160000000E2
1.072754484E1,1.160000000E2
1.073016884E1,1.160000000E2
1.073279384E1,1.160000000E2
1.073541784E1,1.160000000E2
1.073804284E1,1.160000000E2
1.074066784E1,1.160000000E2
1.074329184E1,1.160000000E2
1.074591684E1,1.160000000E2
1.074854084E1,1.160000000E2
1.075116584E1,1.160000000E2
1.075378984E1,1.160000000E2
1.075641484E1,1.160000000E2
1.075903884E1,1.160000000E2
1.076166384E1,1.160000000E2
1.076428784E1,1.160000000E2
1.076691284E1,1.160000000E2
1.076953684E1,1.160000000E2
1.077216184E1,1.160000000E2
1.077478584E1,1.160000000E2
1.077741084E1,1.160000000E2
1.078003484E1,1.160000000E2
1.078265984E1,1.160000000E2
1.078528384E1,1.160000000E2
1.078790884E1,1.160000000E2
1.079053284E1,1.160000000E2
1.079315784E1,1.160000000E2
1.079578184E1,1.160000000E2
1.079840684E1,1.160000000E2
1.080103084E1,1.160000000E2
1.080365584E1,1.160000000E2
1.080627984E1,1.160000000E2
1.080890484E1,1.160000000E2
1.081152884E1,1.160000000E2
1.081415384E1,1.160000000E2
1.081677784E1,1.160000000E2
1.081940284E1,1.160000000E2
1.082202684E1,1.160000000E2
1.082465184E1,1.160000000E2
1.082727584E1,1.160000000E2
1.082990084E1,1.160000000E2
1.083252484E1,1.160000000E2
1.083514984E1,1.160000000E2
1.083777384E1,1.160000000E2
1.084039884E1,1.160000000E2
1.084302284E1,1.160000000E2
1.084564784E1,1.160000000E2
1.084827184E1,1.160000000E2
1.085089684E1,1.160000000E2
1.085352184E1,1.160000000E2
1.085614584E1,1.160000000E2
1.085877084E1,1.160000000E2
1.086139484E1,1.160000000E2
1.086401984E1,1.160000000E2
1.086664384E1,1.160000000E2
1.086926884E1,1.160000000E2
1.087189284E1,1.160000000E2
1.087451784E1,1.160000000E2
1.087714184E1,1.160000000E2
1.087976684E1,1.160000000E2
1.088239084E1,1.160000000E2
1.088501584E1,1.160000000E2
1.088763984E1,1.160000000E2
1.089026484E1,1.160000000E2
1.089288884E1,1.160000000E2
1.089551384E1,1.160000000E2
1.089813784E1,1.160000000E2
1.090076284E1,1.160000000E2
1.090338684E1,1.160000000E2
1.090601184E1,1.160000000E2
1.090863584E1,1.160000000E2
1.091126084E1,1.160000000E2
1.091388484E1,1.160000000E2
1.091650984E1,1.160000000E2
1.091913384E1,1.160000000E2
1.092175884E1,1.160000000E2
1.092438284E1,1.160000000E2
1.092700784E1,1.160000000E2
1.092963184E1,1.160000000E2
1.093225684E1,1.160000000E2
1.093488084E1,1.160000000E2
1.093750584E1,1.160000000E2
1.094012984E1,1.160000000E2
1.094275484E1,1.160000000E2
1.094537884E1,1.160000000E2
1.094800384E1,1.160000000E2
1.095062784E1,1.160000000E2
1.095325284E1,1.160000000E2
1.095587684E1,1.160000000E2
1.095850184E1,1.160000000E2
1.096112584E1,1.160000000E2
1.096375084E1,1.160000000E2
1.096637584E1,1.160000000E2
1.096899984E1,1.160000000E2
1.097162484E1,1.160000000E2
1.097424884E1,1.160000000E2
1.097687384E1,1.160000000E2
1.097949784E1,1.160000000E2
1.098212284E1,1.160000000E2
1.098474684E1,1.160000000E2
1.098737184E1,1.160000000E2
1.098999584E1,1.160000000E2
1.099262084E1,1.160000000E2
1.099524484E1,1.160000000E2
1.099786984E1,1.160000000E2
1.100049384E1,1.160000000E2
1.100311884E1,1.160000000E2
1.100574284E1,1.160000000E2
1.100836784E1,1.160000000E2
1.101099184E1,1.160000000E2
1.101361684E1,1.160000000E2
1.101624084E1,1.160000000E2
1.101886584E1,1.160000000E2
1.102148984E1,1.160000000E2
1.102411484E1,1.160000000E2
1.102673884E1,1.160000000E2
1.102936384E1,1.160000000E2
1.103198784E1,1.160000000E2
1.103461284E1,1.160000000E2
1.103723684E1,1.160000000E2
1.103986184E1,1.160000000E2
1.104248584E1,1.160000000E2
1.104511084E1,1.160000000E2
1.104773484E1,1.160000000E2
1.105035984E1,1.160000000E2
1.105298384E1,1.160000000E2
1.105560884E1,1.160000000E2
1.105823284E1,1.160000000E2
1.106085784E1,1.160000000E2
1.106348184E1,1.160000000E2
1.106610684E1,1.160000000E2
1.106873084E1,1.160000000E2
1.107135584E1,1.160000000E2
1.107397984E1,1.160000000E2
1.107660484E1,1.160000000E2
1.107922984E1,1.160000000E2
1.108185384E1,1.160000000E2
1.108447884E1,1.160000000E2
1.108710284E1,1.160000000E2
1.108972784E1,1.160000000E2
1.109235184E1,1.160000000E2
1.109497684E1,1.160000000E2
1.109760084E1,1.160000000E2
1.110022584E1,1.160000000E2
1.110284984E1,1.160000000E2
1.110547484E1,1.160000000E2
1.110809884E1,1.160000000E2
1.111072384E1,1.160000000E2
1.111334784E1,1.160000000E2
1.111597284E1,1.160000000E2
1.111859684E1,1.160000000E2
1.112122184E1,1.160000000E2
1.112384584E1,1.160000000E2
1.112647084E1,1.160000000E2
1.112909484E1,1.160000000E2
1.113171984E1,1.160000000E2
1.113434384E1,1.160000000E2
1.113696884E1,1.160000000E2
1.113959284E1,1.160000000E2
1.114221784E1,1.160000000E2
1.114484184E1,1.160000000E2
1.114746684E1,1.160000000E2
1.115009084E1,1.160000000E2
1.115271584E1,1.160000000E2
1.115533984E1,1.160000000E2
1.115796484E1,1.160000000E2
1.116058884E1,1.160000000E2
1.116321384E1,1.160000000E2
1.116583784E1,1.160000000E2
1.116846284E1,1.160000000E2
1.117108684E1,1.160000000E2
1.117371184E1,1.160000000E2
1.117633584E1,1.160000000E2
1.117896084E1,1.160000000E2
1.118158484E1,1.160000000E2
1.118420984E1,1.160000000E2
1.118683384E1,1.160000000E2
1.118945884E1,1.160000000E2
1.119208384E1,1.160000000E2
1.119470784E1,1.160000000E2
1.119733284E1,1.160000000E2
1.119995684E1,1.160000000E2
1.120258184E1,1.160000000E2
1.120520584E1,1.160000000E2
1.120783084E1,1.160000000E2
1.121045484E1,1.160000000E2
1.121307984E1,1.160000000E2
1.121570384E1,1.160000000E2
1.121832884E1,1.160000000E2
1.122095284E1,1.160000000E2
1.122357784E1,1.160000000E2
1.122620184E1,1.160000000E2
1.122882684E1,1.160000000E2
1.123145084E1,1.160000000E2
1.123407584E1,1.160000000E2
1.123669984E1,1.160000000E2
1.123932484E1,1.160000000E2
1.124194884E1,1.160000000E2
1.124457384E1,1.160000000E2
1.124719784E1,1.160000000E2
1.124982284E1,1.160000000E2
1.125244684E1,1.160000000E2
1.125507184E1,1.160000000E2
1.125769584E1,1.160000000E2
1.126032084E1,1.160000000E2
1.126294484E1,1.160000000E2
1.126556984E1,1.160000000E2
1.126819384E1,1.160000000E2
1.127081884E1,1.160000000E2
1.127344284E1,1.160000000E2
1.127606784E1,1.160000000E2
1.127869184E1,1.160000000E2
1.128131684E1,1.160000000E2
1.128394084E1,1.160000000E2
1.128656584E1,1.160000000E2
1.128918984E1,1.160000000E2
1.129181484E1,1.160000000E2
1.129443884E1,1.160000000E2
1.129706384E1,1.160000000E2
1.129968884E1,1.160000000E2
1.130231284E1,1.160000000E2
1.130493784E1,1.160000000E2
1.130756184E1,1.160000000E2
1.131018684E1,1.160000000E2
1.131281084E1,1.160000000E2
1.131543584E1,1.160000000E2
1.131805984E1,1.160000000E2
1.132068484E1,1.160000000E2
1.132330884E1,1.160000000E2
1.132593384E1,1.160000000E2
1.132855784E1,1.160000000E2
1.133118284E1,1.160000000E2
1.133380684E1,1.160000000E2
1.133643184E1,1.160000000E2
1.133905584E1,1.160000000E2
1.134168084E1,1.160000000E2
1.134430484E1,1.160000000E2
1.134692984E1,1.160000000E2
1.134955384E1,1.160000000E2
1.135217884E1,1.160000000E2
1.135480284E1,1.160000000E2
1.135742784E1,1.160000000E2
1.136005184E1,1.160000000E2
1.136267684E1,1.160000000E2
1.136530084E1,1.160000000E2
1.136792584E1,1.160000000E2
1.137054984E1,1.160000000E2
1.137317484E1,1.160000000E2
1.137579884E1,1.160000000E2
1.137842384E1,1.160000000E2
1.138104784E1,1.160000000E2
1.138367284E1,1.160000000E2
1.138629684E1,1.160000000E2
1.138892184E1,1.160000000E2
1.139154584E1,1.160000000E2
1.139417084E1,1.160000000E2
1.139679484E1,1.160000000E2
1.139941984E1,1.160000000E2
1.140204384E1,1.160000000E2
1.140466884E1,1.160000000E2
1.140729284E1,1.160000000E2
1.140991784E1,1.160000000E2
1.141254284E1,1.160000000E2
1.141516684E1,1.160000000E2
1.141779184E1,1.160000000E2
1.142041584E1,1.160000000E2
1.142304084E1,1.160000000E2
1.142566484E1,1.160000000E2
1.142828984E1,1.160000000E2
1.143091384E1,1.160000000E2
1.143353884E1,1.160000000E2
1.143616284E1,1.160000000E2
1.143878784E1,1.160000000E2
1.144141184E1,1.160000000E2
1.144403684E1,1.160000000E2
1.144666084E1,1.160000000E2
1.144928584E1,1.160000000E2
1.145190984E1,1.160000000E2
1.145453484E1,1.160000000E2
1.145715884E1,1.160000000E2
1.145978384E1,1.160000000E2
1.146240784E1,1.160000000E2
1.146503284E1,1.160000000E2
1.146765684E1,1.160000000E2
1.147028184E1,1.160000000E2
1.147290584E1,1.160000000E2
1.147553084E1,1.160000000E2
1.147815484E1,1.160000000E2
1.148077984E1,1.160000000E2
1.148340384E1,1.160000000E2
1.148602884E1,1.160000000E2
1.148865284E1,1.160000000E2
1.149127784E1,1.160000000E2
1.149390184E1,1.160000000E2
1.149652684E1,1.160000000E2
1.149915084E1,1.160000000E2
1.150177584E1,1.160000000E2
1.150439984E1,1.160000000E2
1.150702484E1,1.160000000E2
1.150964884E1,1.160000000E2
1.151227384E1,1.160000000E2
1.151489784E1,1.160000000E2
1.151752284E1,1.160000000E2
1.152014684E1,1.160000000E2
1.152277184E1,1.160000000E2
1.152539684E1,1.160000000E2
1.152802084E1,1.160000000E2
1.153064584E1,1.160000000E2
1.153326984E1,1.160000000E2
1.153589484E1,1.160000000E2
1.153851884E1,1.160000000E2
1.154114384E1,1.160000000E2
1.154376784E1,1.160000000E2
1.154639284E1,1.160000000E2
1.154901684E1,1.160000000E2
1.155164184E1,1.160000000E2
1.155426584E1,1.160000000E2
1.155689084E1,1.160000000E2
1.155951484E1,1.160000000E2
1.156213984E1,1.160000000E2
1.156476384E1,1.160000000E2
1.156738884E1,1.160000000E2
1.157001284E1,1.160000000E2
1.157263784E1,1.160000000E2
1.157526184E1,1.160000000E2
1.157788684E1,1.160000000E2
1.158051084E1,1.160000000E2
1.158313584E1,1.160000000E2
1.158575984E1,1.160000000E2
1.158838484E1,1.160000000E2
1.159100884E1,1.160000000E2
1.159363384E1,1.160000000E2
1.159625784E1,1.160000000E2
1.159888284E1,1.160000000E2
1.160150684E1,1.160000000E2
1.160413184E1,1.160000000E2
1.160675584E1,1.160000000E2
1.160938084E1,1.160000000E2
1.161200484E1,1.160000000E2
1.161462984E1,1.160000000E2
1.161725384E1,1.160000000E2
1.161987884E1,1.160000000E2
1.162250284E1,1.160000000E2
1.162512784E1,1.160000000E2
1.162775184E1,1.160000000E2
1.163037684E1,1.160000000E2
1.163300084E1,1.160000000E2
1.163562584E1,1.160000000E2
1.163825084E1,1.160000000E2
1.164087484E1,1.160000000E2
1.164349984E1,1.160000000E2
1.164612384E1,1.160000000E2
1.164874884E1,1.160000000E2
1.165137284E1,1.160000000E2
1.165399784E1,1.160000000E2
1.165662184E1,1.160000000E2
1.165924684E1,1.160000000E2
1.166187084E1,1.160000000E2
1.166449584E1,1.160000000E2
1.166711984E1,1.160000000E2
1.166974484E1,1.160000000E2
1.167236884E1,1.160000000E2
1.167499384E1,1.160000000E2
1.167761784E1,1.160000000E2
1.168024284E1,1.160000000E2
1.168286684E1,1.160000000E2
1.168549184E1,1.160000000E2
1.168811584E1,1.160000000E2
1.169074084E1,1.160000000E2
1.169336484E1,1.160000000E2
1.169598984E1,1.160000000E2
1.169861384E1,1.160000000E2
1.170123884E1,1.160000000E2
1.170386284E1,1.160000000E2
1.170648784E1,1.160000000E2
1.170911184E1,1.160000000E2
1.171173684E1,1.160000000E2
1.171436084E1,1.160000000E2
1.171698584E1,1.160000000E2
1.171960984E1,1.160000000E2
1.172223484E1,1.160000000E2
1.172485884E1,1.160000000E2
1.172748384E1,1.160000000E2
1.173010784E1,1.160000000E2
1.173273284E1,1.160000000E2
1.173535684E1,1.160000000E2
1.173798184E1,1.160000000E2
1.174060584E1,1.160000000E2
1.174323084E1,1.160000000E2
1.174585484E1,1.160000000E2
1.174847984E1,1.160000000E2
1.175110484E1,1.160000000E2
1.175372884E1,1.160000000E2
1.175635384E1,1.160000000E2
1.175897784E1,1.160000000E2
1.176160284E1,1.160000000E2
1.176422684E1,1.160000000E2
1.176685184E1,1.160000000E2
1.176947584E1,1.160000000E2
1.177210084E1,1.160000000E2
1.177472484E1,1.160000000E2
1.177734984E1,1.160000000E2
1.177997384E1,1.160000000E2
1.178259884E1,1.160000000E2
1.178522284E1,1.160000000E2
1.178784784E1,1.160000000E2
1.179047184E1,1.160000000E2
1.179309684E1,1.160000000E2
1.179572084E1,1.160000000E2
1.179834584E1,1.160000000E2
1.180096984E1,1.160000000E2
1.180359484E1,1.160000000E2
1.180621884E1,1.160000000E2
1.180884384E1,1.160000000E2
1.181146784E1,1.160000000E2
1.181409284E1,1.160000000E2
1.181671684E1,1.160000000E2
1.181934184E1,1.160000000E2
1.182196584E1,1.160000000E2
1.182459084E1,1.160000000E2
1.182721484E1,1.160000000E2
1.182983984E1,1.160000000E2
1.183246384E1,1.160000000E2
1.183508884E1,1.160000000E2
1.183771284E1,1.160000000E2
1.184033784E1,1.160000000E2
1.184296184E1,1.160000000E2
1.184558684E1,1.160000000E2
1.184821084E1,1.160000000E2
1.185083584E1,1.160000000E2
1.185345984E1,1.160000000E2
1.185608484E1,1.160000000E2
1.185870884E1,1.160000000E2
1.186133384E1,1.160000000E2
1.186395884E1,1.160000000E2
1.186658284E1,1.160000000E2
1.186920784E1,1.160000000E2
1.187183184E1,1.160000000E2
1.187445684E1,1.160000000E2
1.187708084E1,1.160000000E2
1.187970584E1,1.160000000E2
1.188232984E1,1.160000000E2
1.188495484E1,1.160000000E2
1.188757884E1,1.160000000E2
1.189020384E1,1.160000000E2
1.189282784E1,1.160000000E2
1.189545284E1,1.160000000E2
1.189807684E1,1.160000000E2
1.190070184E1,1.160000000E2
1.190332584E1,1.160000000E2
1.190595084E1,1.160000000E2
1.190857484E1,1.160000000E2
1.191119984E1,1.160000000E2
1.191382384E1,1.160000000E2
1.191644884E1,1.160000000E2
1.191907284E1,1.160000000E2
1.192169784E1,1.160000000E2
1.192432184E1,1.160000000E2
1.192694684E1,1.160000000E2
1.192957084E1,1.160000000E2
1.193219584E1,1.160000000E2
1.193481984E1,1.160000000E2
1.193744484E1,1.160000000E2
1.194006884E1,1.160000000E2
1.194269384E1,1.160000000E2
1.194531784E1,1.160000000E2
1.194794284E1,1.160000000E2
1.195056684E1,1.160000000E2
1.195319184E1,1.160000000E2
1.195581584E1,1.160000000E2
1.195844084E1,1.160000000E2
1.196106484E1,1.160000000E2
1.196368984E1,1.160000000E2
1.196631384E1,1.160000000E2
1.196893884E1,1.160000000E2
1.197156384E1,1.160000000E2
1.197418784E1,1.160000000E2
1.197681284E1,1.160000000E2
1.197943684E1,1.160000000E2
1.198206184E1,1.160000000E2
1.198468584E1,1.160000000E2
1.198731084E1,1.160000000E2
1.198993484E1,1.160000000E2
1.199255984E1,1.160000000E2
1.199518384E1,1.160000000E2
1.199780884E1,1.160000000E2
1.200043284E1,1.160000000E2
1.200305784E1,1.160000000E2
1.200568184E1,1.160000000E2
1.200830684E1,1.160000000E2
1.201093084E1,1.160000000E2
1.201355584E1,1.160000000E2
1.201617984E1,1.160000000E2
1.201880484E1,1.160000000E2
1.202142884E1,1.160000000E2
1.202405384E1,1.160000000E2
1.202667784E1,1.160000000E2
1.202930284E1,1.160000000E2
1.203192684E1,1.160000000E2
1.203455184E1,1.160000000E2
1.203717584E1,1.160000000E2
1.203980084E1,1.160000000E2
1.204242484E1,1.160000000E2
1.204504984E1,1.160000000E2
1.204767384E1,1.160000000E2
1.205029884E1,1.160000000E2
1.205292284E1,1.160000000E2
1.205554784E1,1.160000000E2
1.205817184E1,1.160000000E2
1.206079684E1,1.160000000E2
1.206342084E1,1.160000000E2
1.206604584E1,1.160000000E2
1.206866984E1,1.160000000E2
1.207129484E1,1.160000000E2
1.207391884E1,1.160000000E2
1.207654384E1,1.160000000E2
1.207916784E1,1.160000000E2
1.208179284E1,1.160000000E2
1.208441784E1,1.160000000E2
1.208704184E1,1.160000000E2
1.208966684E1,1.160000000E2
1.209229084E1,1.160000000E2
1.209491584E1,1.160000000E2
1.209753984E1,1.160000000E2
1.210016484E1,1.160000000E2
1.210278884E1,1.160000000E2
1.210541384E1,1.160000000E2
1.210803784E1,1.160000000E2
1.211066284E1,1.160000000E2
1.211328684E1,1.160000000E2
1.211591184E1,1.160000000E2
1.211853584E1,1.160000000E2
1.212116084E1,1.160000000E2
1.212378484E1,1.160000000E2
1.212640984E1,1.160000000E2
1.212903384E1,1.160000000E2
1.213165884E1,1.160000000E2
1.213428284E1,1.160000000E2
1.213690784E1,1.160000000E2
1.213953184E1,1.160000000E2
1.214215684E1,1.160000000E2
1.214478084E1,1.160000000E2
1.214740584E1,1.160000000E2
1.215002984E1,1.160000000E2
1.215265484E1,1.160000000E2
1.215527884E1,1.160000000E2
1.215790384E1,1.160000000E2
1.216052784E1,1.160000000E2
1.216315284E1,1.160000000E2
1.216577684E1,1.160000000E2
1.216840184E1,1.160000000E2
1.217102584E1,1.160000000E2
1.217365084E1,1.160000000E2
1.217627484E1,1.160000000E2
1.217889984E1,1.160000000E2
1.218152384E1,1.160000000E2
1.218414884E1,1.160000000E2
1.218677284E1,1.160000000E2
1.218939784E1,1.160000000E2
1.219202184E1,1.160000000E2
1.219464684E1,1.160000000E2
1.219727184E1,1.160000000E2
1.219989584E1,1.160000000E2
1.220252084E1,1.160000000E2
1.220514484E1,1.160000000E2
1.220776984E1,1.160000000E2
1.221039384E1,1.160000000E2
1.221301884E1,1.160000000E2
1.221564284E1,1.160000000E2
1.221826784E1,1.160000000E2
1.222089184E1,1.160000000E2
1.222351684E1,1.160000000E2
1.222614084E1,1.160000000E2
1.222876584E1,1.160000000E2
1.223138984E1,1.160000000E2
1.223401484E1,1.160000000E2
1.223663884E1,1.160000000E2
1.223926384E1,1.160000000E2
1.224188784E1,1.160000000E2
1.224451284E1,1.160000000E2
1.224713684E1,1.160000000E2
1.224976184E1,1.160000000E2
1.225238584E1,1.160000000E2
1.225501084E1,1.160000000E2
1.225763484E1,1.160000000E2
1.226025984E1,1.160000000E2
1.226288384E1,1.160000000E2
1.226550884E1,1.160000000E2
1.226813284E1,1.160000000E2
1.227075784E1,1.160000000E2
1.227338184E1,1.160000000E2
1.227600684E1,1.160000000E2
1.227863084E1,1.160000000E2
1.228125584E1,1.160000000E2
1.228387984E1,1.160000000E2
1.228650484E1,1.160000000E2
1.228912884E1,1.160000000E2
1.229175384E1,1.160000000E2
1.229437784E1,1.160000000E2
1.229700284E1,1.160000000E2
1.229962684E1,1.160000000E2
1.230225184E1,1.160000000E2
1.230487584E1,1.160000000E2
1.230750084E1,1.160000000E2
1.231012584E1,1.160000000E2
1.231274984E1,1.160000000E2
1.231537484E1,1.160000000E2
1.231799884E1,1.160000000E2
1.232062384E1,1.160000000E2
1.232324784E1,1.160000000E2
1.232587284E1,1.160000000E2
1.232849684E1,1.160000000E2
1.233112184E1,1.160000000E2
1.233374584E1,1.160000000E2
1.233637084E1,1.160000000E2
1.233899484E1,1.160000000E2
1.234161984E1,1.160000000E2
1.234424384E1,1.160000000E2
1.234686884E1,1.160000000E2
1.234949284E1,1.160000000E2
1.235211784E1,1.160000000E2
1.235474184E1,1.160000000E2
1.235736684E1,1.160000000E2
1.235999084E1,1.160000000E2
1.236261584E1,1.160000000E2
1.236523984E1,1.160000000E2
1.236786484E1,1.160000000E2
1.237048884E1,1.160000000E2
1.237311384E1,1.160000000E2
1.237573784E1,1.160000000E2
1.237836284E1,1.160000000E2
1.238098684E1,1.160000000E2
1.238361184E1,1.160000000E2
1.238623584E1,1.160000000E2
1.238886084E1,1.160000000E2
1.239148484E1,1.160000000E2
1.239410984E1,1.160000000E2
1.239673384E1,1.160000000E2
1.239935884E1,1.160000000E2
1.240198284E1,1.160000000E2
1.240460784E1,1.160000000E2
1.240723184E1,1.160000000E2
1.240985684E1,1.160000000E2
1.241248084E1,1.160000000E2
1.241510584E1,1.160000000E2
1.241772984E1,1.160000000E2
1.242035484E1,1.160000000E2
1.242297984E1,1.160000000E2
1.242560384E1,1.160000000E2
1.242822884E1,1.160000000E2
1.243085284E1,1.160000000E2
1.243347784E1,1.160000000E2
1.243610184E1,1.160000000E2
1.243872684E1,1.160000000E2
1.244135084E1,1.160000000E2
1.244397584E1,1.160000000E2
1.244659984E1,1.160000000E2
1.244922484E1,1.160000000E2
1.245184884E1,1.160000000E2
1.245447384E1,1.160000000E2
1.245709784E1,1.160000000E2
1.245972284E1,1.160000000E2
1.246234684E1,1.160000000E2
1.246497184E1,1.160000000E2
1.246759584E1,1.160000000E2
1.247022084E1,1.160000000E2
1.247284484E1,1.160000000E2
1.247546984E1,1.160000000E2
1.247809384E1,1.160000000E2
1.248071884E1,1.160000000E2
1.248334284E1,1.160000000E2
1.248596784E1,1.160000000E2
1.248859184E1,1.160000000E2
1.249121684E1,1.160000000E2
1.249384084E1,1.160000000E2
1.249646584E1,1.160000000E2
1.249908984E1,1.160000000E2
1.250171484E1,1.160000000E2
1.250433884E1,1.160000000E2
1.250696384E1,1.160000000E2
1.250958784E1,1.160000000E2
1.251221284E1,1.160000000E2
1.251483684E1,1.160000000E2
1.251746184E1,1.160000000E2
1.252008584E1,1.160000000E2
1.252271084E1,1.160000000E2
1.252533484E1,1.160000000E2
1.252795984E1,1.160000000E2
1.253058384E1,1.160000000E2
1.253320884E1,1.160000000E2
1.253583384E1,1.160000000E2
1.253845784E1,1.160000000E2
1.254108284E1,1.160000000E2
1.254370684E1,1.160000000E2
1.254633184E1,1.160000000E2
1.254895584E1,1.160000000E2
1.255158084E1,1.160000000E2
1.255420484E1,1.160000000E2
1.255682984E1,1.160000000E2
1.255945384E1,1.160000000E2
1.256207884E1,1.160000000E2
1.256470284E1,1.160000000E2
1.256732784E1,1.160000000E2
1.256995184E1,1.160000000E2
1.257257684E1,1.160000000E2
1.257520084E1,1.160000000E2
1.257782584E1,1.160000000E2
1.258044984E1,1.160000000E2
1.258307484E1,1.160000000E2
1.258569884E1,1.160000000E2
1.258832384E1,1.160000000E2
1.259094784E1,1.160000000E2
1.259357284E1,1.160000000E2
1.259619684E1,1.160000000E2
1.259882184E1,1.160000000E2
1.260144584E1,1.160000000E2
1.260407084E1,1.160000000E2
1.260669484E1,1.160000000E2
1.260931984E1,1.160000000E2
1.261194384E1,1.160000000E2
1.261456884E1,1.160000000E2
1.261719284E1,1.160000000E2
1.261981784E1,1.160000000E2
1.262244184E1,1.160000000E2
1.262506684E1,1.160000000E2
1.262769084E1,1.160000000E2
1.263031584E1,1.160000000E2
1.263293984E1,1.160000000E2
1.263556484E1,1.160000000E2
1.263818884E1,1.160000000E2
1.264081384E1,1.160000000E2
1.264343884E1,1.160000000E2
1.264606284E1,1.160000000E2
1.264868784E1,1.160000000E2
1.265131184E1,1.160000000E2
1.265393684E1,1.160000000E2
1.265656084E1,1.160000000E2
1.265918584E1,1.160000000E2
1.266180984E1,1.160000000E2
1.266443484E1,1.160000000E2
1.266705884E1,1.160000000E2
1.266968384E1,1.160000000E2
1.267230784E1,1.160000000E2
1.267493284E1,1.160000000E2
1.267755684E1,1.160000000E2
1.268018184E1,1.160000000E2
1.268280584E1,1.160000000E2
1.268543084E1,1.160000000E2
1.268805484E1,1.160000000E2
1.269067984E1,1.160000000E2
1.269330384E1,1.160000000E2
1.269592884E1,1.160000000E2
1.269855284E1,1.160000000E2
1.270117784E1,1.160000000E2
1.270380184E1,1.160000000E2
1.270642684E1,1.160000000E2
1.270905084E1,1.160000000E2
1.271167584E1,1.160000000E2
1.271429984E1,1.160000000E2
1.271692484E1,1.160000000E2
1.271954884E1,1.160000000E2
1.272217384E1,1.160000000E2
1.272479784E1,1.160000000E2
1.272742284E1,1.160000000E2
1.273004684E1,1.160000000E2
1.273267184E1,1.160000000E2
1.273529584E1,1.160000000E2
1.273792084E1,1.160000000E2
1.274054484E1,1.160000000E2
1.274316984E1,1.160000000E2
1.274579384E1,1.160000000E2
1.274841884E1,1.160000000E2
1.275104284E1,1.160000000E2
1.275366784E1,1.160000000E2
1.275629284E1,1.160000000E2
1.275891684E1,1.160000000E2
1.276154184E1,1.160000000E2
1.276416584E1,1.160000000E2
1.276679084E1,1.160000000E2
1.276941484E1,1.160000000E2
1.277203984E1,1.160000000E2
1.277466384E1,1.160000000E2
1.277728884E1,1.160000000E2
1.277991284E1,1.160000000E2
1.278253784E1,1.160000000E2
1.278516184E1,1.160000000E2
1.278778684E1,1.160000000E2
1.279041084E1,1.160000000E2
1.279303584E1,1.160000000E2
1.279565984E1,1.160000000E2
1.279828484E1,1.160000000E2
1.280090884E1,1.160000000E2
1.280353384E1,1.160000000E2
1.280615784E1,1.160000000E2
1.280878284E1,1.160000000E2
1.281140684E1,1.160000000E2
1.281403184E1,1.160000000E2
1.281665584E1,1.160000000E2
1.281928084E1,1.160000000E2
1.282190484E1,1.160000000E2
1.282452984E1,1.160000000E2
1.282715384E1,1.160000000E2
1.282977884E1,1.160000000E2
1.283240284E1,1.160000000E2
1.283502784E1,1.160000000E2
1.283765184E1,1.160000000E2
1.284027684E1,1.160000000E2
1.284290084E1,1.160000000E2
1.284552584E1,1.160000000E2
1.284814984E1,1.160000000E2
1.285077484E1,1.160000000E2
1.285339884E1,1.160000000E2
1.285602384E1,1.160000000E2
1.285864784E1,1.160000000E2
1.286127284E1,1.160000000E2
1.286389684E1,1.223750000E2
1.286652184E1,1.223750000E2
1.286914684E1,1.223750000E2
1.287177084E1,1.223750000E2
1.287439584E1,1.223750000E2
1.287701984E1,1.223750000E2
1.287964484E1,1.223750000E2
1.288226884E1,1.223750000E2
1.288489384E1,1.223750000E2
1.288751784E1,1.160000000E2
1.289014284E1,1.160000000E2
1.289276684E1,1.160000000E2
1.289539184E1,1.160000000E2
1.289801584E1,1.160000000E2
1.290064084E1,1.160000000E2
1.290326484E1,1.160000000E2
1.290588984E1,1.160000000E2
1.290851384E1,1.160000000E2
1.291113884E1,1.160000000E2
1.291376284E1,1.160000000E2
1.291638784E1,1.160000000E2
1.291901184E1,1.160000000E2
1.292163684E1,1.160000000E2
1.292426084E1,1.160000000E2
1.292688584E1,1.160000000E2
1.292950984E1,1.160000000E2
1.293213484E1,1.160000000E2
1.293475884E1,1.160000000E2
1.293738384E1,1.160000000E2
1.294000784E1,1.160000000E2
1.294263284E1,1.160000000E2
1.294525684E1,1.160000000E2
1.294788184E1,1.160000000E2
1.295050584E1,1.160000000E2
1.295313084E1,1.160000000E2
1.295575484E1,1.160000000E2
1.295837984E1,1.160000000E2
1.296100384E1,1.160000000E2
1.296362884E1,1.160000000E2
1.296625284E1,1.160000000E2
1.296887784E1,1.160000000E2
1.297150184E1,1.160000000E2
1.297412684E1,1.160000000E2
1.297675084E1,1.160000000E2
1.297937584E1,1.160000000E2
1.298200084E1,1.160000000E2
1.298462484E1,1.160000000E2
1.298724984E1,1.160000000E2
1.298987384E1,1.160000000E2
1.299249884E1,1.160000000E2
1.299512284E1,1.160000000E2
1.299774784E1,1.160000000E2
1.300037184E1,1.160000000E2
1.300299684E1,1.160000000E2
1.300562084E1,1.160000000E2
1.300824584E1,1.160000000E2
1.301086984E1,1.160000000E2
1.301349484E1,1.160000000E2
1.301611884E1,1.160000000E2
1.301874384E1,1.160000000E2
1.302136784E1,1.160000000E2
1.302399284E1,1.160000000E2
1.302661684E1,1.160000000E2
1.302924184E1,1.160000000E2
1.303186584E1,1.160000000E2
1.303449084E1,1.160000000E2
1.303711484E1,1.160000000E2
1.303973984E1,1.160000000E2
1.304236384E1,1.160000000E2
1.304498884E1,1.160000000E2
1.304761284E1,1.160000000E2
1.305023784E1,1.160000000E2
1.305286184E1,1.160000000E2
1.305548684E1,1.160000000E2
1.305811084E1,1.160000000E2
1.306073584E1,1.160000000E2
1.306335984E1,1.160000000E2
1.306598484E1,1.160000000E2
1.306860884E1,1.160000000E2
1.307123384E1,1.160000000E2
1.307385784E1,1.160000000E2
1.307648284E1,1.160000000E2
1.307910684E1,1.160000000E2
1.308173184E1,1.160000000E2
1.308435584E1,1.160000000E2
1.308698084E1,1.160000000E2
1.308960484E1,1.160000000E2
1.309222984E1,1.160000000E2
1.309485484E1,1.160000000E2
1.309747884E1,1.160000000E2
1.310010384E1,1.160000000E2
1.310272784E1,1.160000000E2
1.310535284E1,1.160000000E2
1.310797684E1,1.160000000E2
1.311060184E1,1.160000000E2
1.311322584E1,1.160000000E2
1.311585084E1,1.160000000E2
1.311847484E1,1.160000000E2
1.312109984E1,1.160000000E2
1.312372384E1,1.160000000E2
1.312634884E1,1.160000000E2
1.312897284E1,1.160000000E2
1.313159784E1,1.160000000E2
1.313422184E1,1.160000000E2
1.313684684E1,1.160000000E2
1.313947084E1,1.160000000E2
1.314209584E1,1.160000000E2
1.314471984E1,1.160000000E2
1.314734484E1,1.160000000E2
1.314996884E1,1.160000000E2
1.315259384E1,1.160000000E2
1.315521784E1,1.160000000E2
1.315784284E1,1.160000000E2
1.316046684E1,1.160000000E2
1.316309184E1,1.160000000E2
1.316571584E1,1.160000000E2
1.316834084E1,1.160000000E2
1.317096484E1,1.160000000E2
1.317358984E1,1.160000000E2
1.317621384E1,1.160000000E2
1.317883884E1,1.160000000E2
1.318146284E1,1.160000000E2
1.318408784E1,1.160000000E2
1.318671184E1,1.160000000E2
1.318933684E1,1.160000000E2
1.319196084E1,1.160000000E2
1.319458584E1,1.160000000E2
1.319720984E1,1.160000000E2
1.319983484E1,1.160000000E2
1.320245884E1,1.160000000E2
1.320508384E1,1.160000000E2
1.320770884E1,1.160000000E2
1.321033284E1,1.160000000E2
1.321295784E1,1.160000000E2
1.321558184E1,1.160000000E2
1.321820684E1,1.160000000E2
1.322083084E1,1.160000000E2
1.322345584E1,1.160000000E2
1.322607984E1,1.160000000E2
1.322870484E1,1.160000000E2
1.323132984E1,1.160000000E2
1.323395384E1,1.160000000E2
1.323657884E1,1.160000000E2
1.323920284E1,1.160000000E2
1.324182784E1,1.160000000E2
1.324445184E1,1.160000000E2
1.324707684E1,1.160000000E2
1.324970084E1,1.160000000E2
1.325232584E1,1.160000000E2
1.325494984E1,1.160000000E2
1.325757484E1,1.160000000E2
1.326019884E1,1.160000000E2
1.326282384E1,1.160000000E2
1.326544784E1,1.160000000E2
1.326807284E1,1.160000000E2
1.327069684E1,1.160000000E2
1.327332184E1,1.160000000E2
1.327594584E1,1.160000000E2
1.327857084E1,1.160000000E2
1.328119484E1,1.160000000E2
1.328381984E1,1.160000000E2
1.328644384E1,1.160000000E2
1.328906884E1,1.160000000E2
1.329169384E1,1.160000000E2
1.329431784E1,1.160000000E2
1.329694284E1,1.160000000E2
1.329956684E1,1.160000000E2
1.330219184E1,1.160000000E2
1.330481584E1,1.160000000E2
1.330744084E1,1.160000000E2
1.331006484E1,1.160000000E2
1.331268984E1,1.160000000E2
1.331531384E1,1.160000000E2
1.331793884E1,1.160000000E2
1.332056284E1,1.160000000E2
1.332318784E1,1.160000000E2
1.332581184E1,1.160000000E2
1.332843684E1,1.160000000E2
1.333106084E1,1.160000000E2
1.333368584E1,1.160000000E2
1.333630984E1,1.160000000E2
1.333893484E1,1.160000000E2
1.334155884E1,1.160000000E2
1.334418384E1,1.160000000E2
1.334680784E1,1.160000000E2
1.334943284E1,1.160000000E2
1.335205684E1,1.160000000E2
1.335468184E1,1.160000000E2
1.335730584E1,1.160000000E2
1.335993084E1,1.160000000E2
1.336255484E1,1.160000000E2
1.336517984E1,1.160000000E2
1.336780384E1,1.160000000E2
1.337042884E1,1.160000000E2
1.337305284E1,1.160000000E2
1.337567784E1,1.160000000E2
1.337830184E1,1.160000000E2
1.338092684E1,1.160000000E2
1.338355084E1,1.160000000E2
1.338617584E1,1.160000000E2
1.338879984E1,1.160000000E2
1.339142484E1,1.160000000E2
1.339404884E1,1.160000000E2
1.339667384E1,1.160000000E2
1.339929784E1,1.160000000E2
1.340192284E1,1.160000000E2
1.340454784E1,1.160000000E2
1.340717184E1,1.160000000E2
1.340979684E1,1.160000000E2
1.341242084E1,1.160000000E2
1.341504584E1,1.160000000E2
1.341766984E1,1.160000000E2
1.342029484E1,1.160000000E2
1.342291884E1,1.160000000E2
1.342554384E1,1.160000000E2
1.342816784E1,1.160000000E2
1.343079284E1,1.160000000E2
1.343341684E1,1.160000000E2
1.343604184E1,1.160000000E2
1.343866584E1,1.160000000E2
1.344129084E1,1.160000000E2
1.344391484E1,1.160000000E2
1.344653984E1,1.160000000E2
1.344916384E1,1.160000000E2
1.345178884E1,1.160000000E2
1.345441284E1,1.160000000E2
1.345703784E1,1.160000000E2
1.345966184E1,1.160000000E2
1.346228684E1,1.160000000E2
1.346491084E1,1.160000000E2
1.346753584E1,1.160000000E2
1.347015984E1,1.160000000E2
1.347278484E1,1.160000000E2
1.347540884E1,1.160000000E2
1.347803384E1,1.160000000E2
1.348065784E1,1.160000000E2
1.348328284E1,1.160000000E2
1.348590684E1,1.160000000E2
1.348853184E1,1.160000000E2
1.349115584E1,1.160000000E2
1.349378084E1,1.160000000E2
1.349640484E1,1.160000000E2
1.349902984E1,1.160000000E2
1.350165384E1,1.160000000E2
1.350427884E1,1.160000000E2
1.350690284E1,1.160000000E2
1.350952784E1,1.160000000E2
1.351215184E1,1.160000000E2
1.351477684E1,1.160000000E2
1.351740184E1,1.160000000E2
1.352002584E1,1.160000000E2
1.352265084E1,1.160000000E2
1.352527484E1,1.160000000E2
1.352789984E1,1.160000000E2
1.353052384E1,1.160000000E2
1.353314884E1,1.160000000E2
1.353577284E1,1.160000000E2
1.353839784E1,1.160000000E2
1.354102184E1,1.160000000E2
1.354364684E1,1.160000000E2
1.354627084E1,1.160000000E2
1.354889584E1,1.160000000E2
1.355151984E1,1.160000000E2
1.355414484E1,1.160000000E2
1.355676884E1,1.160000000E2
1.355939384E1,1.160000000E2
1.356201784E1,1.160000000E2
1.356464284E1,1.160000000E2
1.356726684E1,1.160000000E2
1.356989184E1,1.160000000E2
1.357251584E1,1.160000000E2
1.357514084E1,1.160000000E2
1.357776484E1,1.160000000E2
1.358038984E1,1.160000000E2
1.358301384E1,1.160000000E2
1.358563884E1,1.160000000E2
1.358826284E1,1.160000000E2
1.359088784E1,1.160000000E2
1.359351184E1,1.160000000E2
1.359613684E1,1.160000000E2
1.359876084E1,1.160000000E2
1.360138584E1,1.160000000E2
1.360400984E1,1.160000000E2
1.360663484E1,1.160000000E2
1.360925884E1,1.160000000E2
1.361188384E1,1.160000000E2
1.361450784E1,1.160000000E2
1.361713284E1,1.160000000E2
1.361975684E1,1.160000000E2
1.362238184E1,1.160000000E2
1.362500584E1,1.160000000E2
1.362763084E1,1.160000000E2
1.363025584E1,1.160000000E2
1.363287984E1,1.160000000E2
1.363550484E1,1.160000000E2
1.363812884E1,1.160000000E2
1.364075384E1,1.160000000E2
1.364337784E1,1.160000000E2
1.364600284E1,1.160000000E2
1.364862684E1,1.160000000E2
1.365125184E1,1.160000000E2
1.365387584E1,1.160000000E2
1.365650084E1,1.160000000E2
1.365912484E1,1.160000000E2
1.366174984E1,1.160000000E2
1.366437384E1,1.160000000E2
1.366699884E1,1.160000000E2
1.366962284E1,1.160000000E2
1.367224784E1,1.160000000E2
1.367487184E1,1.160000000E2
1.367749684E1,1.160000000E2
1.368012084E1,1.160000000E2
1.368274584E1,1.160000000E2
1.368536984E1,1.160000000E2
1.368799484E1,1.160000000E2
1.369061884E1,1.160000000E2
1.369324384E1,1.160000000E2
1.369586784E1,1.160000000E2
1.369849284E1,1.160000000E2
1.370111684E1,1.160000000E2
1.370374184E1,1.160000000E2
1.370636584E1,1.160000000E2
1.370899084E1,1.160000000E2
1.371161484E1,1.160000000E2
1.371423984E1,1.160000000E2
1.371686384E1,1.160000000E2
1.371948884E1,1.160000000E2
1.372211284E1,1.160000000E2
1.372473784E1,1.160000000E2
1.372736184E1,1.160000000E2
1.372998684E1,1.160000000E2
1.373261084E1,1.160000000E2
1.373523584E1,1.160000000E2
1.373786084E1,1.160000000E2
1.374048484E1,1.160000000E2
1.374310984E1,1.160000000E2
1.374573384E1,1.160000000E2
1.374835884E1,1.160000000E2
1.375098284E1,1.160000000E2
1.375360784E1,1.160000000E2
1.375623184E1,1.160000000E2
1.375885684E1,1.160000000E2
1.376148084E1,1.160000000E2
1.376410584E1,1.160000000E2
1.376672984E1,1.160000000E2
1.376935484E1,1.160000000E2
1.377197884E1,1.160000000E2
1.377460384E1,1.160000000E2
1.377722784E1,1.160000000E2
1.377985284E1,1.160000000E2
1.378247684E1,1.160000000E2
1.378510184E1,1.160000000E2
1.378772584E1,1.160000000E2
1.379035084E1,1.160000000E2
1.379297484E1,1.160000000E2
1.379559984E1,1.160000000E2
1.379822384E1,1.160000000E2
1.380084884E1,1.160000000E2
1.380347284E1,1.160000000E2
1.380609784E1,1.160000000E2
1.380872184E1,1.160000000E2
1.381134684E1,1.160000000E2
1.381397084E1,1.160000000E2
1.381659584E1,1.160000000E2
1.381921984E1,1.160000000E2
1.382184484E1,1.160000000E2
1.382446884E1,1.160000000E2
1.382709384E1,1.160000000E2
1.382971784E1,1.160000000E2
1.383234284E1,1.160000000E2
1.383496684E1,1.160000000E2
1.383759184E1,1.160000000E2
1.384021584E1,1.160000000E2
1.384284084E1,1.160000000E2
1.384546484E1,1.160000000E2
1.384808984E1,1.160000000E2
1.385071484E1,1.160000000E2
1.385333884E1,1.160000000E2
1.385596384E1,1.160000000E2
1.385858784E1,1.160000000E2
1.386121284E1,1.160000000E2
1.386383684E1,1.160000000E2
1.386646184E1,1.160000000E2
1.386908584E1,1.160000000E2
1.387171084E1,1.160000000E2
1.387433484E1,1.160000000E2
1.387695984E1,1.160000000E2
1.387958384E1,1.160000000E2
1.388220884E1,1.160000000E2
1.388483284E1,1.160000000E2
1.388745784E1,1.160000000E2
1.389008184E1,1.160000000E2
1.389270684E1,1.160000000E2
1.389533084E1,1.160000000E2
1.389795584E1,1.160000000E2
1.390057984E1,1.160000000E2
1.390320484E1,1.160000000E2
1.390582884E1,1.160000000E2
1.390845384E1,1.160000000E2
1.391107784E1,1.160000000E2
1.391370284E1,1.160000000E2
1.391632684E1,1.160000000E2
1.391895184E1,1.160000000E2
1.392157584E1,1.160000000E2
1.392420084E1,1.160000000E2
1.392682484E1,1.160000000E2
1.392944984E1,1.160000000E2
1.393207384E1,1.160000000E2
1.393469884E1,1.160000000E2
1.393732284E1,1.160000000E2
1.393994784E1,1.160000000E2
1.394257184E1,1.160000000E2
1.394519684E1,1.160000000E2
1.394782084E1,1.160000000E2
1.395044584E1,1.160000000E2
1.395306984E1,1.160000000E2
1.395569484E1,1.160000000E2
1.395831884E1,1.160000000E2
1.396094384E1,1.160000000E2
1.396356884E1,1.160000000E2
1.396619284E1,1.160000000E2
1.396881784E1,1.160000000E2
1.397144184E1,1.160000000E2
1.397406684E1,1.160000000E2
1.397669084E1,1.160000000E2
1.397931584E1,1.160000000E2
1.398193984E1,1.160000000E2
1.398456484E1,1.160000000E2
1.398718884E1,1.160000000E2
1.398981384E1,1.160000000E2
1.399243784E1,1.160000000E2
1.399506284E1,1.160000000E2
1.399768684E1,1.160000000E2
1.400031184E1,1.160000000E2
1.400293584E1,1.160000000E2
1.400556084E1,1.160000000E2
1.400818484E1,1.160000000E2
1.401080984E1,1.160000000E2
1.401343384E1,1.160000000E2
1.401605884E1,1.160000000E2
1.401868284E1,1.160000000E2
1.402130784E1,1.160000000E2
1.402393184E1,1.160000000E2
1.402655684E1,1.160000000E2
1.402918084E1,1.160000000E2
1.403180584E1,1.160000000E2
1.403442984E1,1.160000000E2
1.403705484E1,1.160000000E2
1.403967884E1,1.160000000E2
1.404230384E1,1.160000000E2
1.404492784E1,1.160000000E2
1.404755284E1,1.160000000E2
1.405017684E1,1.160000000E2
1.405280184E1,1.160000000E2
1.405542584E1,1.160000000E2
1.405805084E1,1.160000000E2
1.406067484E1,1.160000000E2
1.406329984E1,1.160000000E2
1.406592384E1,1.160000000E2
1.406854884E1,1.160000000E2
1.407117284E1,1.160000000E2
1.407379784E1,1.160000000E2
1.407642284E1,1.160000000E2
1.407904684E1,1.160000000E2
1.408167184E1,1.160000000E2
1.408429584E1,1.160000000E2
1.408692084E1,1.160000000E2
1.408954484E1,1.160000000E2
1.409216984E1,1.160000000E2
1.409479384E1,1.160000000E2
1.409741884E1,1.160000000E2
1.410004284E1,1.160000000E2
1.410266784E1,1.160000000E2
1.410529184E1,1.160000000E2
1.410791684E1,1.160000000E2
1.411054084E1,1.160000000E2
1.411316584E1,1.160000000E2
1.411578984E1,1.160000000E2
1.411841484E1,1.160000000E2
1.412103884E1,1.160000000E2
1.412366384E1,1.160000000E2
1.412628784E1,1.160000000E2
1.412891284E1,1.160000000E2
1.413153684E1,1.160000000E2
1.413416184E1,1.160000000E2
1.413678584E1,1.160000000E2
1.413941084E1,1.160000000E2
1.414203484E1,1.160000000E2
1.414465984E1,1.160000000E2
1.414728384E1,1.160000000E2
1.414990884E1,1.160000000E2
1.415253284E1,1.160000000E2
1.415515784E1,1.160000000E2
1.415778184E1,1.160000000E2
1.416040684E1,1.160000000E2
1.416303084E1,1.160000000E2
1.416565584E1,1.160000000E2
1.416827984E1,1.160000000E2
1.417090484E1,1.160000000E2
1.417352884E1,1.160000000E2
1.417615384E1,1.160000000E2
1.417877784E1,1.160000000E2
1.418140284E1,1.160000000E2
1.418402684E1,1.160000000E2
1.418665184E1,1.160000000E2
1.418927684E1,1.160000000E2
1.419190084E1,1.160000000E2
1.419452584E1,1.160000000E2
1.419714984E1,1.160000000E2
1.419977484E1,1.160000000E2
1.420239884E1,1.160000000E2
1.420502384E1,1.160000000E2
1.420764784E1,1.160000000E2
1.421027284E1,1.160000000E2
1.421289684E1,1.160000000E2
