"Time (s)","Illuminance (lx)"
0.000000000E0,1.868750000E2
3.290950000E-3,1.868750000E2
1.342295000E-2,1.868750000E2
2.355495000E-2,1.868750000E2
2.620995000E-2,1.868750000E2
2.883395000E-2,1.868750000E2
3.145895000E-2,1.868750000E2
3.408295000E-2,1.868750000E2
3.670795000E-2,1.868750000E2
3.933195000E-2,1.868750000E2
4.195695000E-2,1.932500000E2
4.458095000E-2,1.932500000E2
4.720595000E-2,1.932500000E2
4.982995000E-2,1.932500000E2
5.245495000E-2,1.932500000E2
5.507995000E-2,1.932500000E2
5.770395000E-2,1.932500000E2
6.032895000E-2,1.932500000E2
6.295295000E-2,1.932500000E2
6.557795000E-2,1.868750000E2
6.820195000E-2,1.868750000E2
7.082695000E-2,1.868750000E2
7.345095000E-2,1.868750000E2
7.607595000E-2,1.868750000E2
7.869995000E-2,1.868750000E2
8.132495000E-2,1.868750000E2
8.394895000E-2,1.868750000E2
8.657395000E-2,1.868750000E2
8.919795000E-2,1.868750000E2
9.182295000E-2,1.932500000E2
9.444695000E-2,1.932500000E2
9.707195000E-2,1.932500000E2
9.969595000E-2,1.932500000E2
1.023209500E-1,1.932500000E2
1.049449500E-1,1.932500000E2
1.075699500E-1,1.932500000E2
1.101939500E-1,1.932500000E2
1.128189500E-1,1.932500000E2
1.154429500E-1,1.932500000E2
1.180679500E-1,1.868750000E2
1.206919500E-1,1.868750000E2
1.233169500E-1,1.868750000E2
1.259409500E-1,1.868750000E2
1.285659500E-1,1.868750000E2
1.311899500E-1,1.868750000E2
1.338149500E-1,1.868750000E2
1.364389500E-1,1.868750000E2
1.390639500E-1,1.868750000E2
1.416879500E-1,1.868750000E2
1.443129500E-1,1.868750000E2
1.469369500E-1,1.868750000E2
1.495619500E-1,1.868750000E2
1.521859500E-1,1.868750000E2
1.548109500E-1,1.868750000E2
1.574349500E-1,1.868750000E2
1.600599500E-1,1.868750000E2
1.626849500E-1,1.868750000E2
1.653089500E-1,1.868750000E2
1.679339500E-1,1.868750000E2
1.705579500E-1,1.868750000E2
1.731829500E-1,1.868750000E2
1.758069500E-1,1.868750000E2
1.784319500E-1,1.868750000E2
1.810559500E-1,1.868750000E2
1.836809500E-1,1.868750000E2
1.863049500E-1,1.868750000E2
1.889299500E-1,1.868750000E2
1.915539500E-1,1.868750000E2
1.941789500E-1,1.868750000E2
1.968029500E-1,1.868750000E2
1.994279500E-1,1.868750000E2
2.020519500E-1,1.868750000E2
2.046769500E-1,1.868750000E2
2.073009500E-1,1.868750000E2
2.099259500E-1,1.868750000E2
2.125499500E-1,1.868750000E2
2.151749500E-1,1.868750000E2
2.177989500E-1,1.868750000E2
2.204239500E-1,1.868750000E2
2.230479500E-1,1.868750000E2
2.256729500E-1,1.868750000E2
2.282969500E-1,1.868750000E2
2.309219500E-1,1.868750000E2
2.335459500E-1,1.868750000E2
2.361709500E-1,1.868750000E2
2.387949500E-1,1.868750000E2
2.414199500E-1,1.868750000E2
2.440439500E-1,1.932500000E2
2.466689500E-1,1.932500000E2
2.492929500E-1,1.932500000E2
2.519179500E-1,1.932500000E2
2.545419500E-1,1.932500000E2
2.571669500E-1,1.932500000E2
2.597909500E-1,1.932500000E2
2.624159500E-1,1.932500000E2
2.650399500E-1,1.932500000E2
2.676649500E-1,1.932500000E2
2.702889500E-1,1.868750000E2
2.729139500E-1,1.868750000E2
2.755389500E-1,1.868750000E2
2.781629500E-1,1.868750000E2
2.807879500E-1,1.868750000E2
2.834119500E-1,1.868750000E2
2.860369500E-1,1.868750000E2
2.886609500E-1,1.868750000E2
2.912859500E-1,1.868750000E2
2.939099500E-1,1.868750000E2
2.965349500E-1,1.868750000E2
2.991589500E-1,1.868750000E2
3.017839500E-1,1.868750000E2
3.044079500E-1,1.868750000E2
3.070329500E-1,1.868750000E2
3.096569500E-1,1.868750000E2
3.122819500E-1,1.868750000E2
3.149059500E-1,1.868750000E2
3.175309500E-1,1.868750000E2
3.201549500E-1,1.868750000E2
3.227799500E-1,1.868750000E2
3.254039500E-1,1.868750000E2
3.280289500E-1,1.868750000E2
3.306529500E-1,1.868750000E2
3.332779500E-1,1.868750000E2
3.359019500E-1,1.868750000E2
3.385269500E-1,1.868750000E2
3.411509500E-1,1.868750000E2
3.437759500E-1,1.868750000E2
3.463999500E-1,1.868750000E2
3.490249500E-1,1.868750000E2
3.516489500E-1,1.868750000E2
3.542739500E-1,1.868750000E2
3.568979500E-1,1.868750000E2
3.595229500E-1,1.868750000E2
3.621469500E-1,1.868750000E2
3.647719500E-1,1.868750000E2
3.673959500E-1,1.868750000E2
3.700209500E-1,1.868750000E2
3.726449500E-1,1.868750000E2
3.752699500E-1,1.868750000E2
3.778939500E-1,1.868750000E2
3.805189500E-1,1.868750000E2
3.831429500E-1,1.868750000E2
3.857679500E-1,1.868750000E2
3.883929500E-1,1.868750000E2
3.910169500E-1,1.868750000E2
3.936419500E-1,1.868750000E2
3.962659500E-1,1.932500000E2
3.988909500E-1,1.932500000E2
4.015149500E-1,1.932500000E2
4.041399500E-1,1.932500000E2
4.067639500E-1,1.932500000E2
4.093889500E-1,1.932500000E2
4.120129500E-1,1.932500000E2
4.146379500E-1,1.932500000E2
4.172619500E-1,1.932500000E2
4.198869500E-1,1.932500000E2
4.225109500E-1,1.868750000E2
4.251359500E-1,1.868750000E2
4.277599500E-1,1.868750000E2
4.303849500E-1,1.868750000E2
4.330089500E-1,1.868750000E2
4.356339500E-1,1.868750000E2
4.382579500E-1,1.868750000E2
4.408829500E-1,1.868750000E2
4.435069500E-1,1.868750000E2
4.461319500E-1,1.868750000E2
4.487559500E-1,1.868750000E2
4.513809500E-1,1.868750000E2
4.540049500E-1,1.868750000E2
4.566299500E-1,1.868750000E2
4.592539500E-1,1.868750000E2
4.618789500E-1,1.868750000E2
4.645029500E-1,1.868750000E2
4.671279500E-1,1.868750000E2
4.697519500E-1,1.868750000E2
4.723769500E-1,1.932500000E2
4.750009500E-1,1.932500000E2
4.776259500E-1,1.932500000E2
4.802499500E-1,1.932500000E2
4.828749500E-1,1.932500000E2
4.854989500E-1,1.932500000E2
4.881239500E-1,1.932500000E2
4.907479500E-1,1.932500000E2
4.933729500E-1,1.932500000E2
4.959969500E-1,1.932500000E2
4.986219500E-1,1.868750000E2
5.012469500E-1,1.868750000E2
5.038709500E-1,1.868750000E2
5.064959500E-1,1.868750000E2
5.091199500E-1,1.868750000E2
5.117449500E-1,1.868750000E2
5.143689500E-1,1.868750000E2
5.169939500E-1,1.868750000E2
5.196179500E-1,1.868750000E2
5.222429500E-1,1.868750000E2
5.248669500E-1,1.868750000E2
5.274919500E-1,1.868750000E2
5.301159500E-1,1.868750000E2
5.327409500E-1,1.868750000E2
5.353649500E-1,1.868750000E2
5.379899500E-1,1.868750000E2
5.406139500E-1,1.868750000E2
5.432389500E-1,1.868750000E2
5.458629500E-1,1.868750000E2
5.484879500E-1,1.868750000E2
5.511119500E-1,1.868750000E2
5.537369500E-1,1.868750000E2
5.563609500E-1,1.868750000E2
5.589859500E-1,1.868750000E2
5.616099500E-1,1.868750000E2
5.642349500E-1,1.868750000E2
5.668589500E-1,1.868750000E2
5.694839500E-1,1.868750000E2
5.721079500E-1,1.868750000E2
5.747329500E-1,1.932500000E2
5.773569500E-1,1.932500000E2
5.799819500E-1,1.932500000E2
5.826059500E-1,1.932500000E2
5.852309500E-1,1.932500000E2
5.878549500E-1,1.932500000E2
5.904799500E-1,1.932500000E2
5.931039500E-1,1.932500000E2
5.957289500E-1,1.932500000E2
5.983529500E-1,1.932500000E2
6.009779500E-1,1.868750000E2
6.036019500E-1,1.868750000E2
6.062269500E-1,1.868750000E2
6.088509500E-1,1.868750000E2
6.114759500E-1,1.868750000E2
6.141009500E-1,1.868750000E2
6.167249500E-1,1.868750000E2
6.193499500E-1,1.868750000E2
6.219739500E-1,1.868750000E2
6.245989500E-1,1.868750000E2
6.272229500E-1,1.868750000E2
6.298479500E-1,1.868750000E2
6.324719500E-1,1.868750000E2
6.350969500E-1,1.868750000E2
6.377209500E-1,1.868750000E2
6.403459500E-1,1.868750000E2
6.429699500E-1,1.868750000E2
6.455949500E-1,1.868750000E2
6.482189500E-1,1.868750000E2
6.508439500E-1,1.868750000E2
6.534679500E-1,1.868750000E2
6.560929500E-1,1.868750000E2
6.587169500E-1,1.868750000E2
6.613419500E-1,1.868750000E2
6.639659500E-1,1.868750000E2
6.665909500E-1,1.868750000E2
6.692149500E-1,1.868750000E2
6.718399500E-1,1.868750000E2
6.744639500E-1,1.868750000E2
6.770889500E-1,1.868750000E2
6.797129500E-1,1.868750000E2
6.823379500E-1,1.868750000E2
6.849619500E-1,1.868750000E2
6.875869500E-1,1.868750000E2
6.902109500E-1,1.868750000E2
6.928359500E-1,1.868750000E2
6.954599500E-1,1.868750000E2
6.980849500E-1,1.868750000E2
7.007089500E-1,1.868750000E2
7.033339500E-1,1.868750000E2
7.059579500E-1,1.868750000E2
7.085829500E-1,1.868750000E2
7.112069500E-1,1.868750000E2
7.138319500E-1,1.868750000E2
7.164559500E-1,1.868750000E2
7.190809500E-1,1.868750000E2
7.217049500E-1,1.868750000E2
7.243299500E-1,1.868750000E2
7.269549500E-1,1.868750000E2
7.295789500E-1,1.868750000E2
7.322039500E-1,1.868750000E2
7.348279500E-1,1.868750000E2
7.374529500E-1,1.868750000E2
7.400769500E-1,1.868750000E2
7.427019500E-1,1.868750000E2
7.453259500E-1,1.868750000E2
7.479509500E-1,1.868750000E2
7.505749500E-1,1.868750000E2
7.531999500E-1,1.932500000E2
7.558239500E-1,1.932500000E2
7.584489500E-1,1.932500000E2
7.610729500E-1,1.932500000E2
7.636979500E-1,1.932500000E2
7.663219500E-1,1.932500000E2
7.689469500E-1,1.932500000E2
7.715709500E-1,1.932500000E2
7.741959500E-1,1.932500000E2
7.768199500E-1,1.932500000E2
7.794449500E-1,1.868750000E2
7.820689500E-1,1.868750000E2
7.846939500E-1,1.868750000E2
7.873179500E-1,1.868750000E2
7.899429500E-1,1.868750000E2
7.925669500E-1,1.868750000E2
7.951919500E-1,1.868750000E2
7.978159500E-1,1.868750000E2
8.004409500E-1,1.868750000E2
8.030649500E-1,1.868750000E2
8.056899500E-1,1.932500000E2
8.083139500E-1,1.932500000E2
8.109389500E-1,1.932500000E2
8.135629500E-1,1.932500000E2
8.161879500E-1,1.932500000E2
8.188119500E-1,1.932500000E2
8.214369500E-1,1.932500000E2
8.240609500E-1,1.932500000E2
8.266859500E-1,1.932500000E2
8.293099500E-1,1.932500000E2
8.319349500E-1,1.932500000E2
8.345599500E-1,1.932500000E2
8.371839500E-1,1.932500000E2
8.398089500E-1,1.932500000E2
8.424329500E-1,1.932500000E2
8.450579500E-1,1.932500000E2
8.476819500E-1,1.932500000E2
8.503069500E-1,1.932500000E2
8.529309500E-1,1.932500000E2
8.555559500E-1,1.932500000E2
8.581799500E-1,1.932500000E2
8.608049500E-1,1.932500000E2
8.634289500E-1,1.932500000E2
8.660539500E-1,1.932500000E2
8.686779500E-1,1.932500000E2
8.713029500E-1,1.932500000E2
8.739269500E-1,1.932500000E2
8.765519500E-1,1.932500000E2
8.791759500E-1,1.932500000E2
8.818009500E-1,1.868750000E2
8.844249500E-1,1.868750000E2
8.870499500E-1,1.868750000E2
8.896739500E-1,1.868750000E2
8.922989500E-1,1.868750000E2
8.949229500E-1,1.868750000E2
8.975479500E-1,1.868750000E2
9.001719500E-1,1.868750000E2
9.027969500E-1,1.868750000E2
9.054209500E-1,1.868750000E2
9.080459500E-1,1.868750000E2
9.106699500E-1,1.868750000E2
9.132949500E-1,1.868750000E2
9.159189500E-1,1.868750000E2
9.185439500E-1,1.868750000E2
9.211679500E-1,1.868750000E2
9.237929500E-1,1.868750000E2
9.264169500E-1,1.868750000E2
9.290419500E-1,1.868750000E2
9.316659500E-1,1.868750000E2
9.342909500E-1,1.868750000E2
9.369149500E-1,1.868750000E2
9.395399500E-1,1.868750000E2
9.421639500E-1,1.868750000E2
9.447889500E-1,1.868750000E2
9.474139500E-1,1.868750000E2
9.500379500E-1,1.868750000E2
9.526629500E-1,1.868750000E2
9.552869500E-1,1.868750000E2
9.579119500E-1,1.868750000E2
9.605359500E-1,1.868750000E2
9.631609500E-1,1.868750000E2
9.657849500E-1,1.868750000E2
9.684099500E-1,1.868750000E2
9.710339500E-1,1.868750000E2
9.736589500E-1,1.868750000E2
9.762829500E-1,1.868750000E2
9.789079500E-1,1.868750000E2
9.815319500E-1,1.868750000E2
9.841569500E-1,1.868750000E2
9.867809500E-1,1.868750000E2
9.894059500E-1,1.868750000E2
9.920299500E-1,1.868750000E2
9.946549500E-1,1.868750000E2
9.972789500E-1,1.868750000E2
9.999039500E-1,1.868750000E2
1.002527950E0,1.868750000E2
1.005152950E0,1.868750000E2
1.007776950E0,1.932500000E2
1.010401950E0,1.932500000E2
1.013025950E0,1.932500000E2
1.015650950E0,1.932500000E2
1.018274950E0,1.932500000E2
1.020899950E0,1.932500000E2
1.023523950E0,1.932500000E2
1.026148950E0,1.932500000E2
1.028772950E0,1.932500000E2
1.031397950E0,1.932500000E2
1.034021950E0,1.868750000E2
1.036646950E0,1.868750000E2
1.039270950E0,1.868750000E2
1.041895950E0,1.868750000E2
1.044519950E0,1.868750000E2
1.047144950E0,1.868750000E2
1.049768950E0,1.868750000E2
1.052393950E0,1.868750000E2
1.055017950E0,1.868750000E2
1.057642950E0,1.868750000E2
1.060267950E0,1.868750000E2
1.062891950E0,1.868750000E2
1.065516950E0,1.868750000E2
1.068140950E0,1.868750000E2
1.070765950E0,1.868750000E2
1.073389950E0,1.868750000E2
1.076014950E0,1.868750000E2
1.078638950E0,1.868750000E2
1.081263950E0,1.868750000E2
1.083887950E0,1.868750000E2
1.086512950E0,1.868750000E2
1.089136950E0,1.868750000E2
1.091761950E0,1.868750000E2
1.094385950E0,1.868750000E2
1.097010950E0,1.868750000E2
1.099634950E0,1.868750000E2
1.102259950E0,1.868750000E2
1.104883950E0,1.868750000E2
1.107508950E0,1.868750000E2
1.110132950E0,1.868750000E2
1.112757950E0,1.868750000E2
1.115381950E0,1.868750000E2
1.118006950E0,1.868750000E2
1.120630950E0,1.868750000E2
1.123255950E0,1.868750000E2
1.125879950E0,1.868750000E2
1.128504950E0,1.868750000E2
1.131128950E0,1.868750000E2
1.133753950E0,1.868750000E2
1.136377950E0,1.932500000E2
1.139002950E0,1.932500000E2
1.141626950E0,1.932500000E2
1.144251950E0,1.932500000E2
1.146875950E0,1.932500000E2
1.149500950E0,1.932500000E2
1.152124950E0,1.932500000E2
1.154749950E0,1.932500000E2
1.157373950E0,1.932500000E2
1.159998950E0,1.868750000E2
1.162622950E0,1.868750000E2
1.165247950E0,1.868750000E2
1.167871950E0,1.868750000E2
1.170496950E0,1.868750000E2
1.173121950E0,1.868750000E2
1.175745950E0,1.868750000E2
1.178370950E0,1.868750000E2
1.180994950E0,1.868750000E2
1.183619950E0,1.868750000E2
1.186243950E0,1.868750000E2
1.188868950E0,1.868750000E2
1.191492950E0,1.868750000E2
1.194117950E0,1.868750000E2
1.196741950E0,1.868750000E2
1.199366950E0,1.868750000E2
1.201990950E0,1.868750000E2
1.204615950E0,1.868750000E2
1.207239950E0,1.868750000E2
1.209864950E0,1.932500000E2
1.212488950E0,1.932500000E2
1.215113950E0,1.932500000E2
1.217737950E0,1.932500000E2
1.220362950E0,1.932500000E2
1.222986950E0,1.932500000E2
1.225611950E0,1.932500000E2
1.228235950E0,1.932500000E2
1.230860950E0,1.932500000E2
1.233484950E0,1.932500000E2
1.236109950E0,1.932500000E2
1.238733950E0,1.932500000E2
1.241358950E0,1.932500000E2
1.243982950E0,1.932500000E2
1.246607950E0,1.932500000E2
1.249231950E0,1.932500000E2
1.251856950E0,1.932500000E2
1.254480950E0,1.932500000E2
1.257105950E0,1.932500000E2
1.259729950E0,1.932500000E2
1.262354950E0,1.932500000E2
1.264978950E0,1.932500000E2
1.267603950E0,1.932500000E2
1.270227950E0,1.932500000E2
1.272852950E0,1.932500000E2
1.275476950E0,1.932500000E2
1.278101950E0,1.932500000E2
1.280725950E0,1.932500000E2
1.283350950E0,1.932500000E2
1.285975950E0,1.932500000E2
1.288599950E0,1.932500000E2
1.291224950E0,1.932500000E2
1.293848950E0,1.932500000E2
1.296473950E0,1.932500000E2
1.299097950E0,1.932500000E2
1.301722950E0,1.932500000E2
1.304346950E0,1.932500000E2
1.306971950E0,1.932500000E2
1.309595950E0,1.932500000E2
1.312220950E0,1.932500000E2
1.314844950E0,1.868750000E2
1.317469950E0,1.868750000E2
1.320093950E0,1.868750000E2
1.322718950E0,1.868750000E2
1.325342950E0,1.868750000E2
1.327967950E0,1.868750000E2
1.330591950E0,1.868750000E2
1.333216950E0,1.868750000E2
1.335840950E0,1.868750000E2
1.338465950E0,1.868750000E2
1.341089950E0,1.868750000E2
1.343714950E0,1.868750000E2
1.346338950E0,1.868750000E2
1.348963950E0,1.868750000E2
1.351587950E0,1.868750000E2
1.354212950E0,1.868750000E2
1.356836950E0,1.868750000E2
1.359461950E0,1.868750000E2
1.362085950E0,1.868750000E2
1.364710950E0,1.868750000E2
1.367334950E0,1.868750000E2
1.369959950E0,1.868750000E2
1.372583950E0,1.868750000E2
1.375208950E0,1.868750000E2
1.377832950E0,1.868750000E2
1.380457950E0,1.868750000E2
1.383081950E0,1.868750000E2
1.385706950E0,1.868750000E2
1.388330950E0,1.932500000E2
1.390955950E0,1.932500000E2
1.393579950E0,1.932500000E2
1.396204950E0,1.932500000E2
1.398829950E0,1.932500000E2
1.401453950E0,1.932500000E2
1.404078950E0,1.932500000E2
1.406702950E0,1.932500000E2
1.409327950E0,1.932500000E2
1.411951950E0,1.932500000E2
1.414576950E0,1.868750000E2
1.417200950E0,1.868750000E2
1.419825950E0,1.868750000E2
1.422449950E0,1.868750000E2
1.425074950E0,1.868750000E2
1.427698950E0,1.868750000E2
1.430323950E0,1.868750000E2
1.432947950E0,1.868750000E2
1.435572950E0,1.868750000E2
1.438196950E0,1.868750000E2
1.440821950E0,1.932500000E2
1.443445950E0,1.932500000E2
1.446070950E0,1.932500000E2
1.448694950E0,1.932500000E2
1.451319950E0,1.932500000E2
1.453943950E0,1.932500000E2
1.456568950E0,1.932500000E2
1.459192950E0,1.932500000E2
1.461817950E0,1.932500000E2
1.464441950E0,1.932500000E2
1.467066950E0,1.868750000E2
1.469690950E0,1.868750000E2
1.472315950E0,1.868750000E2
1.474939950E0,1.868750000E2
1.477564950E0,1.868750000E2
1.480188950E0,1.868750000E2
1.482813950E0,1.868750000E2
1.485437950E0,1.868750000E2
1.488062950E0,1.868750000E2
1.490686950E0,1.868750000E2
1.493311950E0,1.868750000E2
1.495935950E0,1.868750000E2
1.498560950E0,1.868750000E2
1.501184950E0,1.868750000E2
1.503809950E0,1.868750000E2
1.506434950E0,1.868750000E2
1.509058950E0,1.868750000E2
1.511683950E0,1.868750000E2
1.514307950E0,1.868750000E2
1.516932950E0,1.868750000E2
1.519556950E0,1.868750000E2
1.522181950E0,1.868750000E2
1.524805950E0,1.868750000E2
1.527430950E0,1.868750000E2
1.530054950E0,1.868750000E2
1.532679950E0,1.868750000E2
1.535303950E0,1.868750000E2
1.537928950E0,1.868750000E2
1.540552950E0,1.868750000E2
1.543177950E0,1.868750000E2
1.545801950E0,1.868750000E2
1.548426950E0,1.868750000E2
1.551050950E0,1.868750000E2
1.553675950E0,1.868750000E2
1.556299950E0,1.868750000E2
1.558924950E0,1.868750000E2
1.561548950E0,1.868750000E2
1.564173950E0,1.868750000E2
1.566797950E0,1.868750000E2
1.569422950E0,1.868750000E2
1.572046950E0,1.868750000E2
1.574671950E0,1.868750000E2
1.577295950E0,1.868750000E2
1.579920950E0,1.868750000E2
1.582544950E0,1.868750000E2
1.585169950E0,1.868750000E2
1.587793950E0,1.868750000E2
1.590418950E0,1.868750000E2
1.593042950E0,1.868750000E2
1.595667950E0,1.868750000E2
1.598291950E0,1.868750000E2
1.600916950E0,1.868750000E2
1.603540950E0,1.868750000E2
1.606165950E0,1.868750000E2
1.608789950E0,1.868750000E2
1.611414950E0,1.868750000E2
1.614038950E0,1.868750000E2
1.616663950E0,1.868750000E2
1.619288950E0,1.932500000E2
1.621912950E0,1.932500000E2
1.624537950E0,1.932500000E2
1.627161950E0,1.932500000E2
1.629786950E0,1.932500000E2
1.632410950E0,1.932500000E2
1.635035950E0,1.932500000E2
1.637659950E0,1.932500000E2
1.640284950E0,1.932500000E2
1.642908950E0,1.932500000E2
1.645533950E0,1.868750000E2
1.648157950E0,1.868750000E2
1.650782950E0,1.868750000E2
1.653406950E0,1.868750000E2
1.656031950E0,1.868750000E2
1.658655950E0,1.868750000E2
1.661280950E0,1.868750000E2
1.663904950E0,1.868750000E2
1.666529950E0,1.868750000E2
1.669153950E0,1.932500000E2
1.671778950E0,1.932500000E2
1.674402950E0,1.932500000E2
1.677027950E0,1.932500000E2
1.679651950E0,1.932500000E2
1.682276950E0,1.932500000E2
1.684900950E0,1.932500000E2
1.687525950E0,1.932500000E2
1.690149950E0,1.932500000E2
1.692774950E0,1.932500000E2
1.695398950E0,1.868750000E2
1.698023950E0,1.868750000E2
1.700647950E0,1.868750000E2
1.703272950E0,1.868750000E2
1.705896950E0,1.868750000E2
1.708521950E0,1.868750000E2
1.711145950E0,1.868750000E2
1.713770950E0,1.868750000E2
1.716394950E0,1.868750000E2
1.719019950E0,1.868750000E2
1.721643950E0,1.932500000E2
1.724268950E0,1.932500000E2
1.726892950E0,1.932500000E2
1.729517950E0,1.932500000E2
1.732142950E0,1.932500000E2
1.734766950E0,1.932500000E2
1.737391950E0,1.932500000E2
1.740015950E0,1.932500000E2
1.742640950E0,1.932500000E2
1.745264950E0,1.868750000E2
1.747889950E0,1.868750000E2
1.750513950E0,1.868750000E2
1.753138950E0,1.868750000E2
1.755762950E0,1.868750000E2
1.758387950E0,1.868750000E2
1.761011950E0,1.868750000E2
1.763636950E0,1.868750000E2
1.766260950E0,1.868750000E2
1.768885950E0,1.868750000E2
1.771509950E0,1.932500000E2
1.774134950E0,1.932500000E2
1.776758950E0,1.932500000E2
1.779383950E0,1.932500000E2
1.782007950E0,1.932500000E2
1.784632950E0,1.932500000E2
1.787256950E0,1.932500000E2
1.789881950E0,1.932500000E2
1.792505950E0,1.932500000E2
1.795130950E0,1.932500000E2
1.797754950E0,1.868750000E2
1.800379950E0,1.868750000E2
1.803003950E0,1.868750000E2
1.805628950E0,1.868750000E2
1.808252950E0,1.868750000E2
1.810877950E0,1.868750000E2
1.813501950E0,1.868750000E2
1.816126950E0,1.868750000E2
1.818750950E0,1.868750000E2
1.821375950E0,1.868750000E2
1.823999950E0,1.868750000E2
1.826624950E0,1.868750000E2
1.829248950E0,1.868750000E2
1.831873950E0,1.868750000E2
1.834497950E0,1.868750000E2
1.837122950E0,1.868750000E2
1.839746950E0,1.868750000E2
1.842371950E0,1.868750000E2
1.844996950E0,1.868750000E2
1.847620950E0,1.932500000E2
1.850245950E0,1.932500000E2
1.852869950E0,1.932500000E2
1.855494950E0,1.932500000E2
1.858118950E0,1.932500000E2
1.860743950E0,1.932500000E2
1.863367950E0,1.932500000E2
1.865992950E0,1.932500000E2
1.868616950E0,1.932500000E2
1.871241950E0,1.932500000E2
1.873865950E0,1.868750000E2
1.876490950E0,1.868750000E2
1.879114950E0,1.868750000E2
1.881739950E0,1.868750000E2
1.884363950E0,1.868750000E2
1.886988950E0,1.868750000E2
1.889612950E0,1.868750000E2
1.892237950E0,1.868750000E2
1.894861950E0,1.868750000E2
1.897486950E0,1.868750000E2
1.900110950E0,1.868750000E2
1.902735950E0,1.868750000E2
1.905359950E0,1.868750000E2
1.907984950E0,1.868750000E2
1.910608950E0,1.868750000E2
1.913233950E0,1.868750000E2
1.915857950E0,1.868750000E2
1.918482950E0,1.868750000E2
1.921106950E0,1.868750000E2
1.923731950E0,1.932500000E2
1.926355950E0,1.932500000E2
1.928980950E0,1.932500000E2
1.931604950E0,1.932500000E2
1.934229950E0,1.932500000E2
1.936853950E0,1.932500000E2
1.939478950E0,1.932500000E2
1.942102950E0,1.932500000E2
1.944727950E0,1.932500000E2
1.947351950E0,1.932500000E2
1.949976950E0,1.868750000E2
1.952600950E0,1.868750000E2
1.955225950E0,1.868750000E2
1.957850950E0,1.868750000E2
1.960474950E0,1.868750000E2
1.963099950E0,1.868750000E2
1.965723950E0,1.868750000E2
1.968348950E0,1.868750000E2
1.970972950E0,1.868750000E2
1.973597950E0,1.868750000E2
1.976221950E0,1.932500000E2
1.978846950E0,1.932500000E2
1.981470950E0,1.932500000E2
1.984095950E0,1.932500000E2
1.986719950E0,1.932500000E2
1.989344950E0,1.932500000E2
1.991968950E0,1.932500000E2
1.994593950E0,1.932500000E2
1.997217950E0,1.932500000E2
1.999842950E0,1.868750000E2
2.002466950E0,1.868750000E2
2.005091950E0,1.868750000E2
2.007715950E0,1.868750000E2
2.010340950E0,1.868750000E2
2.012964950E0,1.868750000E2
2.015589950E0,1.868750000E2
2.018213950E0,1.868750000E2
2.020838950E0,1.868750000E2
2.023462950E0,1.868750000E2
2.026087950E0,1.868750000E2
2.028711950E0,1.868750000E2
2.031336950E0,1.868750000E2
2.033960950E0,1.868750000E2
2.036585950E0,1.868750000E2
2.039209950E0,1.868750000E2
2.041834950E0,1.868750000E2
2.044458950E0,1.868750000E2
2.047083950E0,1.868750000E2
2.049707950E0,1.868750000E2
2.052332950E0,1.868750000E2
2.054956950E0,1.868750000E2
2.057581950E0,1.868750000E2
2.060205950E0,1.868750000E2
2.062830950E0,1.868750000E2
2.065454950E0,1.868750000E2
2.068079950E0,1.868750000E2
2.070704950E0,1.868750000E2
2.073328950E0,1.868750000E2
2.075953950E0,1.868750000E2
2.078577950E0,1.868750000E2
2.081202950E0,1.868750000E2
2.083826950E0,1.868750000E2
2.086451950E0,1.868750000E2
2.089075950E0,1.868750000E2
2.091700950E0,1.868750000E2
2.094324950E0,1.868750000E2
2.096949950E0,1.868750000E2
2.099573950E0,1.868750000E2
2.102198950E0,1.932500000E2
2.104822950E0,1.932500000E2
2.107447950E0,1.932500000E2
2.110071950E0,1.932500000E2
2.112696950E0,1.932500000E2
2.115320950E0,1.932500000E2
2.117945950E0,1.932500000E2
2.120569950E0,1.932500000E2
2.123194950E0,1.932500000E2
2.125818950E0,1.932500000E2
2.128443950E0,1.868750000E2
2.131067950E0,1.868750000E2
2.133692950E0,1.868750000E2
2.136316950E0,1.868750000E2
2.138941950E0,1.868750000E2
2.141565950E0,1.868750000E2
2.144190950E0,1.868750000E2
2.146814950E0,1.868750000E2
2.149439950E0,1.868750000E2
2.152063950E0,1.868750000E2
2.154688950E0,1.932500000E2
2.157312950E0,1.932500000E2
2.159937950E0,1.932500000E2
2.162561950E0,1.932500000E2
2.165186950E0,1.932500000E2
2.167810950E0,1.932500000E2
2.170435950E0,1.932500000E2
2.173059950E0,1.932500000E2
2.175684950E0,1.932500000E2
2.178309950E0,1.868750000E2
2.180933950E0,1.868750000E2
2.183558950E0,1.868750000E2
2.186182950E0,1.868750000E2
2.188807950E0,1.868750000E2
2.191431950E0,1.868750000E2
2.194056950E0,1.868750000E2
2.196680950E0,1.868750000E2
2.199305950E0,1.868750000E2
2.201929950E0,1.868750000E2
2.204554950E0,1.868750000E2
2.207178950E0,1.868750000E2
2.209803950E0,1.868750000E2
2.212427950E0,1.868750000E2
2.215052950E0,1.868750000E2
2.217676950E0,1.868750000E2
2.220301950E0,1.868750000E2
2.222925950E0,1.868750000E2
2.225550950E0,1.868750000E2
2.228174950E0,1.868750000E2
2.230799950E0,1.868750000E2
2.233423950E0,1.868750000E2
2.236048950E0,1.868750000E2
2.238672950E0,1.868750000E2
2.241297950E0,1.868750000E2
2.243921950E0,1.868750000E2
2.246546950E0,1.868750000E2
2.249170950E0,1.868750000E2
2.251795950E0,1.868750000E2
2.254419950E0,1.932500000E2
2.257044950E0,1.932500000E2
2.259668950E0,1.932500000E2
2.262293950E0,1.932500000E2
2.264917950E0,1.932500000E2
2.267542950E0,1.932500000E2
2.270166950E0,1.932500000E2
2.272791950E0,1.932500000E2
2.275415950E0,1.932500000E2
2.278040950E0,1.932500000E2
2.280664950E0,1.868750000E2
2.283289950E0,1.868750000E2
2.285913950E0,1.868750000E2
2.288538950E0,1.868750000E2
2.291163950E0,1.868750000E2
2.293787950E0,1.868750000E2
2.296412950E0,1.868750000E2
2.299036950E0,1.868750000E2
2.301661950E0,1.868750000E2
2.304285950E0,1.868750000E2
2.306910950E0,1.868750000E2
2.309534950E0,1.868750000E2
2.312159950E0,1.868750000E2
2.314783950E0,1.868750000E2
2.317408950E0,1.868750000E2
2.320032950E0,1.868750000E2
2.322657950E0,1.868750000E2
2.325281950E0,1.868750000E2
2.327906950E0,1.868750000E2
2.330530950E0,1.868750000E2
2.333155950E0,1.868750000E2
2.335779950E0,1.868750000E2
2.338404950E0,1.868750000E2
2.341028950E0,1.868750000E2
2.343653950E0,1.868750000E2
2.346277950E0,1.868750000E2
2.348902950E0,1.868750000E2
2.351526950E0,1.868750000E2
2.354151950E0,1.868750000E2
2.356775950E0,1.932500000E2
2.359400950E0,1.932500000E2
2.362024950E0,1.932500000E2
2.364649950E0,1.932500000E2
2.367273950E0,1.932500000E2
2.369898950E0,1.932500000E2
2.372522950E0,1.932500000E2
2.375147950E0,1.932500000E2
2.377771950E0,1.932500000E2
2.380396950E0,1.932500000E2
2.383020950E0,1.932500000E2
2.385645950E0,1.932500000E2
2.388269950E0,1.932500000E2
2.390894950E0,1.932500000E2
2.393518950E0,1.932500000E2
2.396143950E0,1.932500000E2
2.398767950E0,1.932500000E2
2.401392950E0,1.932500000E2
2.404017950E0,1.932500000E2
2.406641950E0,1.868750000E2
2.409266950E0,1.868750000E2
2.411890950E0,1.868750000E2
2.414515950E0,1.868750000E2
2.417139950E0,1.868750000E2
2.419764950E0,1.868750000E2
2.422388950E0,1.868750000E2
2.425013950E0,1.868750000E2
2.427637950E0,1.868750000E2
2.430262950E0,1.868750000E2
2.432886950E0,1.868750000E2
2.435511950E0,1.868750000E2
2.438135950E0,1.868750000E2
2.440760950E0,1.868750000E2
2.443384950E0,1.868750000E2
2.446009950E0,1.868750000E2
2.448633950E0,1.868750000E2
2.451258950E0,1.868750000E2
2.453882950E0,1.868750000E2
2.456507950E0,1.868750000E2
2.459131950E0,1.932500000E2
2.461756950E0,1.932500000E2
2.464380950E0,1.932500000E2
2.467005950E0,1.932500000E2
2.469629950E0,1.932500000E2
2.472254950E0,1.932500000E2
2.474878950E0,1.932500000E2
2.477503950E0,1.932500000E2
2.480127950E0,1.932500000E2
2.482752950E0,1.932500000E2
2.485376950E0,1.868750000E2
2.488001950E0,1.868750000E2
2.490625950E0,1.868750000E2
2.493250950E0,1.868750000E2
2.495874950E0,1.868750000E2
2.498499950E0,1.868750000E2
2.501123950E0,1.868750000E2
2.503748950E0,1.868750000E2
2.506372950E0,1.868750000E2
2.508997950E0,1.868750000E2
2.511621950E0,1.868750000E2
2.514246950E0,1.868750000E2
2.516871950E0,1.868750000E2
2.519495950E0,1.868750000E2
2.522120950E0,1.868750000E2
2.524744950E0,1.868750000E2
2.527369950E0,1.868750000E2
2.529993950E0,1.868750000E2
2.532618950E0,1.868750000E2
2.535242950E0,1.868750000E2
2.537867950E0,1.868750000E2
2.540491950E0,1.868750000E2
2.543116950E0,1.868750000E2
2.545740950E0,1.868750000E2
2.548365950E0,1.868750000E2
2.550989950E0,1.868750000E2
2.553614950E0,1.868750000E2
2.556238950E0,1.868750000E2
2.558863950E0,1.868750000E2
2.561487950E0,1.868750000E2
2.564112950E0,1.868750000E2
2.566736950E0,1.868750000E2
2.569361950E0,1.868750000E2
2.571985950E0,1.868750000E2
2.574610950E0,1.868750000E2
2.577234950E0,1.868750000E2
2.579859950E0,1.868750000E2
2.582483950E0,1.868750000E2
2.585108950E0,1.932500000E2
2.587732950E0,1.932500000E2
2.590357950E0,1.932500000E2
2.592981950E0,1.932500000E2
2.595606950E0,1.932500000E2
2.598230950E0,1.932500000E2
2.600855950E0,1.932500000E2
2.603479950E0,1.932500000E2
2.606104950E0,1.932500000E2
2.608728950E0,1.932500000E2
2.611353950E0,1.868750000E2
2.613977950E0,1.868750000E2
2.616602950E0,1.868750000E2
2.619226950E0,1.868750000E2
2.621851950E0,1.868750000E2
2.624475950E0,1.868750000E2
2.627100950E0,1.868750000E2
2.629725950E0,1.868750000E2
2.632349950E0,1.868750000E2
2.634974950E0,1.868750000E2
2.637598950E0,1.868750000E2
2.640223950E0,1.868750000E2
2.642847950E0,1.868750000E2
2.645472950E0,1.868750000E2
2.648096950E0,1.868750000E2
2.650721950E0,1.868750000E2
2.653345950E0,1.868750000E2
2.655970950E0,1.868750000E2
2.658594950E0,1.868750000E2
2.661219950E0,1.868750000E2
2.663843950E0,1.868750000E2
2.666468950E0,1.868750000E2
2.669092950E0,1.868750000E2
2.671717950E0,1.868750000E2
2.674341950E0,1.868750000E2
2.676966950E0,1.868750000E2
2.679590950E0,1.868750000E2
2.682215950E0,1.868750000E2
2.684839950E0,1.868750000E2
2.687464950E0,1.932500000E2
2.690088950E0,1.932500000E2
2.692713950E0,1.932500000E2
2.695337950E0,1.932500000E2
2.697962950E0,1.932500000E2
2.700586950E0,1.932500000E2
2.703211950E0,1.932500000E2
2.705835950E0,1.932500000E2
2.708460950E0,1.932500000E2
2.711084950E0,1.932500000E2
2.713709950E0,1.868750000E2
2.716333950E0,1.868750000E2
2.718958950E0,1.868750000E2
2.721582950E0,1.868750000E2
2.724207950E0,1.868750000E2
2.726831950E0,1.868750000E2
2.729456950E0,1.868750000E2
2.732080950E0,1.868750000E2
2.734705950E0,1.868750000E2
2.737329950E0,1.868750000E2
2.739954950E0,1.932500000E2
2.742579950E0,1.932500000E2
2.745203950E0,1.932500000E2
2.747828950E0,1.932500000E2
2.750452950E0,1.932500000E2
2.753077950E0,1.932500000E2
2.755701950E0,1.932500000E2
2.758326950E0,1.932500000E2
2.760950950E0,1.932500000E2
2.763575950E0,1.868750000E2
2.766199950E0,1.868750000E2
2.768824950E0,1.868750000E2
2.771448950E0,1.868750000E2
2.774073950E0,1.868750000E2
2.776697950E0,1.868750000E2
2.779322950E0,1.868750000E2
2.781946950E0,1.868750000E2
2.784571950E0,1.868750000E2
2.787195950E0,1.868750000E2
2.789820950E0,1.932500000E2
2.792444950E0,1.932500000E2
2.795069950E0,1.932500000E2
2.797693950E0,1.932500000E2
2.800318950E0,1.932500000E2
2.802942950E0,1.932500000E2
2.805567950E0,1.932500000E2
2.808191950E0,1.932500000E2
2.810816950E0,1.932500000E2
2.813440950E0,1.932500000E2
2.816065950E0,1.868750000E2
2.818689950E0,1.868750000E2
2.821314950E0,1.868750000E2
2.823938950E0,1.868750000E2
2.826563950E0,1.868750000E2
2.829187950E0,1.868750000E2
2.831812950E0,1.868750000E2
2.834436950E0,1.868750000E2
2.837061950E0,1.868750000E2
2.839685950E0,1.868750000E2
2.842310950E0,1.868750000E2
2.844934950E0,1.868750000E2
2.847559950E0,1.868750000E2
2.850184950E0,1.868750000E2
2.852808950E0,1.868750000E2
2.855433950E0,1.868750000E2
2.858057950E0,1.868750000E2
2.860682950E0,1.868750000E2
2.863306950E0,1.868750000E2
2.865931950E0,1.868750000E2
2.868555950E0,1.868750000E2
2.871180950E0,1.868750000E2
2.873804950E0,1.868750000E2
2.876429950E0,1.868750000E2
2.879053950E0,1.868750000E2
2.881678950E0,1.868750000E2
2.884302950E0,1.868750000E2
2.886927950E0,1.868750000E2
2.889551950E0,1.868750000E2
2.892176950E0,1.868750000E2
2.894800950E0,1.868750000E2
2.897425950E0,1.868750000E2
2.900049950E0,1.868750000E2
2.902674950E0,1.868750000E2
2.905298950E0,1.868750000E2
2.907923950E0,1.868750000E2
2.910547950E0,1.868750000E2
2.913172950E0,1.868750000E2
2.915796950E0,1.868750000E2
2.918421950E0,1.932500000E2
2.921045950E0,1.932500000E2
2.923670950E0,1.932500000E2
2.926294950E0,1.932500000E2
2.928919950E0,1.932500000E2
2.931543950E0,1.932500000E2
2.934168950E0,1.932500000E2
2.936792950E0,1.932500000E2
2.939417950E0,1.932500000E2
2.942041950E0,1.868750000E2
2.944666950E0,1.868750000E2
2.947290950E0,1.868750000E2
2.949915950E0,1.868750000E2
2.952539950E0,1.868750000E2
2.955164950E0,1.868750000E2
2.957788950E0,1.868750000E2
2.960413950E0,1.868750000E2
2.963038950E0,1.868750000E2
2.965662950E0,1.868750000E2
2.968287950E0,1.868750000E2
2.970911950E0,1.868750000E2
2.973536950E0,1.868750000E2
2.976160950E0,1.868750000E2
2.978785950E0,1.868750000E2
2.981409950E0,1.868750000E2
2.984034950E0,1.868750000E2
2.986658950E0,1.868750000E2
2.989283950E0,1.868750000E2
2.991907950E0,1.868750000E2
2.994532950E0,1.932500000E2
2.997156950E0,1.932500000E2
2.999781950E0,1.932500000E2
3.002405950E0,1.932500000E2
3.005030950E0,1.932500000E2
3.007654950E0,1.932500000E2
3.010279950E0,1.932500000E2
3.012903950E0,1.932500000E2
3.015528950E0,1.932500000E2
3.018152950E0,1.932500000E2
3.020777950E0,1.932500000E2
3.023401950E0,1.932500000E2
3.026026950E0,1.932500000E2
3.028650950E0,1.932500000E2
3.031275950E0,1.932500000E2
3.033899950E0,1.932500000E2
3.036524950E0,1.932500000E2
3.039148950E0,1.932500000E2
3.041773950E0,1.932500000E2
3.044397950E0,1.868750000E2
3.047022950E0,1.868750000E2
3.049646950E0,1.868750000E2
3.052271950E0,1.868750000E2
3.054895950E0,1.868750000E2
3.057520950E0,1.868750000E2
3.060144950E0,1.868750000E2
3.062769950E0,1.868750000E2
3.065393950E0,1.868750000E2
3.068018950E0,1.932500000E2
3.070642950E0,1.932500000E2
3.073267950E0,1.932500000E2
3.075892950E0,1.932500000E2
3.078516950E0,1.932500000E2
3.081141950E0,1.932500000E2
3.083765950E0,1.932500000E2
3.086390950E0,1.932500000E2
3.089014950E0,1.932500000E2
3.091639950E0,1.932500000E2
3.094263950E0,1.932500000E2
3.096888950E0,1.868750000E2
3.099512950E0,1.868750000E2
3.102137950E0,1.868750000E2
3.104761950E0,1.868750000E2
3.107386950E0,1.868750000E2
3.110010950E0,1.868750000E2
3.112635950E0,1.868750000E2
3.115259950E0,1.868750000E2
3.117884950E0,1.868750000E2
3.120508950E0,1.868750000E2
3.123133950E0,1.868750000E2
3.125757950E0,1.868750000E2
3.128382950E0,1.868750000E2
3.131006950E0,1.868750000E2
3.133631950E0,1.868750000E2
3.136255950E0,1.868750000E2
3.138880950E0,1.868750000E2
3.141504950E0,1.868750000E2
3.144129950E0,1.868750000E2
3.146753950E0,1.868750000E2
3.149378950E0,1.868750000E2
3.152002950E0,1.868750000E2
3.154627950E0,1.868750000E2
3.157251950E0,1.868750000E2
3.159876950E0,1.868750000E2
3.162500950E0,1.868750000E2
3.165125950E0,1.868750000E2
3.167749950E0,1.868750000E2
3.170374950E0,1.868750000E2
3.172998950E0,1.932500000E2
3.175623950E0,1.932500000E2
3.178247950E0,1.932500000E2
3.180872950E0,1.932500000E2
3.183496950E0,1.932500000E2
3.186121950E0,1.932500000E2
3.188746950E0,1.932500000E2
3.191370950E0,1.932500000E2
3.193995950E0,1.932500000E2
3.196619950E0,1.868750000E2
3.199244950E0,1.868750000E2
3.201868950E0,1.868750000E2
3.204493950E0,1.868750000E2
3.207117950E0,1.868750000E2
3.209742950E0,1.868750000E2
3.212366950E0,1.868750000E2
3.214991950E0,1.868750000E2
3.217615950E0,1.868750000E2
3.220240950E0,1.868750000E2
3.222864950E0,1.932500000E2
3.225489950E0,1.932500000E2
3.228113950E0,1.932500000E2
3.230738950E0,1.932500000E2
3.233362950E0,1.932500000E2
3.235987950E0,1.932500000E2
3.238611950E0,1.932500000E2
3.241236950E0,1.932500000E2
3.243860950E0,1.932500000E2
3.246485950E0,1.868750000E2
3.249109950E0,1.868750000E2
3.251734950E0,1.868750000E2
3.254358950E0,1.868750000E2
3.256983950E0,1.868750000E2
3.259607950E0,1.868750000E2
3.262232950E0,1.868750000E2
3.264856950E0,1.868750000E2
3.267481950E0,1.868750000E2
3.270105950E0,1.868750000E2
3.272730950E0,1.868750000E2
3.275354950E0,1.868750000E2
3.277979950E0,1.868750000E2
3.280603950E0,1.868750000E2
3.283228950E0,1.868750000E2
3.285852950E0,1.868750000E2
3.288477950E0,1.868750000E2
3.291101950E0,1.868750000E2
3.293726950E0,1.868750000E2
3.296350950E0,1.868750000E2
3.298975950E0,1.868750000E2
3.301600950E0,1.868750000E2
3.304224950E0,1.868750000E2
3.306849950E0,1.868750000E2
3.309473950E0,1.868750000E2
3.312098950E0,1.868750000E2
3.314722950E0,1.868750000E2
3.317347950E0,1.868750000E2
3.319971950E0,1.868750000E2
3.322596950E0,1.868750000E2
3.325220950E0,1.868750000E2
3.327845950E0,1.868750000E2
3.330469950E0,1.868750000E2
3.333094950E0,1.868750000E2
3.335718950E0,1.868750000E2
3.338343950E0,1.868750000E2
3.340967950E0,1.868750000E2
3.343592950E0,1.868750000E2
3.346216950E0,1.868750000E2
3.348841950E0,1.868750000E2
3.351465950E0,1.868750000E2
3.354090950E0,1.868750000E2
3.356714950E0,1.868750000E2
3.359339950E0,1.868750000E2
3.361963950E0,1.868750000E2
3.364588950E0,1.868750000E2
3.367212950E0,1.868750000E2
3.369837950E0,1.868750000E2
3.372461950E0,1.868750000E2
3.375086950E0,1.932500000E2
3.377710950E0,1.932500000E2
3.380335950E0,1.932500000E2
3.382959950E0,1.932500000E2
3.385584950E0,1.932500000E2
3.388208950E0,1.932500000E2
3.390833950E0,1.932500000E2
3.393457950E0,1.932500000E2
3.396082950E0,1.932500000E2
3.398706950E0,1.932500000E2
3.401331950E0,1.868750000E2
3.403955950E0,1.868750000E2
3.406580950E0,1.868750000E2
3.409204950E0,1.868750000E2
3.411829950E0,1.868750000E2
3.414454950E0,1.868750000E2
3.417078950E0,1.868750000E2
3.419703950E0,1.868750000E2
3.422327950E0,1.868750000E2
3.424952950E0,1.868750000E2
3.427576950E0,1.868750000E2
3.430201950E0,1.868750000E2
3.432825950E0,1.868750000E2
3.435450950E0,1.868750000E2
3.438074950E0,1.868750000E2
3.440699950E0,1.868750000E2
3.443323950E0,1.868750000E2
3.445948950E0,1.868750000E2
3.448572950E0,1.868750000E2
3.451197950E0,1.932500000E2
3.453821950E0,1.932500000E2
3.456446950E0,1.932500000E2
3.459070950E0,1.932500000E2
3.461695950E0,1.932500000E2
3.464319950E0,1.932500000E2
3.466944950E0,1.932500000E2
3.469568950E0,1.932500000E2
3.472193950E0,1.932500000E2
3.474817950E0,1.932500000E2
3.477442950E0,1.932500000E2
3.480066950E0,1.932500000E2
3.482691950E0,1.932500000E2
3.485315950E0,1.932500000E2
3.487940950E0,1.932500000E2
3.490564950E0,1.932500000E2
3.493189950E0,1.932500000E2
3.495813950E0,1.932500000E2
3.498438950E0,1.932500000E2
3.501062950E0,1.932500000E2
3.503687950E0,1.868750000E2
3.506311950E0,1.868750000E2
3.508936950E0,1.868750000E2
3.511560950E0,1.868750000E2
3.514185950E0,1.868750000E2
3.516809950E0,1.868750000E2
3.519434950E0,1.868750000E2
3.522059950E0,1.868750000E2
3.524683950E0,1.868750000E2
3.527308950E0,1.868750000E2
3.529932950E0,1.868750000E2
3.532557950E0,1.868750000E2
3.535181950E0,1.868750000E2
3.537806950E0,1.868750000E2
3.540430950E0,1.868750000E2
3.543055950E0,1.868750000E2
3.545679950E0,1.868750000E2
3.548304950E0,1.868750000E2
3.550928950E0,1.868750000E2
3.553553950E0,1.932500000E2
3.556177950E0,1.932500000E2
3.558802950E0,1.932500000E2
3.561426950E0,1.932500000E2
3.564051950E0,1.932500000E2
3.566675950E0,1.932500000E2
3.569300950E0,1.932500000E2
3.571924950E0,1.932500000E2
3.574549950E0,1.932500000E2
3.577173950E0,1.932500000E2
3.579798950E0,1.868750000E2
3.582422950E0,1.868750000E2
3.585047950E0,1.868750000E2
3.587671950E0,1.868750000E2
3.590296950E0,1.868750000E2
3.592920950E0,1.868750000E2
3.595545950E0,1.868750000E2
3.598169950E0,1.868750000E2
3.600794950E0,1.868750000E2
3.603418950E0,1.868750000E2
3.606043950E0,1.868750000E2
3.608667950E0,1.868750000E2
3.611292950E0,1.868750000E2
3.613916950E0,1.868750000E2
3.616541950E0,1.868750000E2
3.619165950E0,1.868750000E2
3.621790950E0,1.868750000E2
3.624414950E0,1.868750000E2
3.627039950E0,1.868750000E2
3.629663950E0,1.868750000E2
3.632288950E0,1.868750000E2
3.634913950E0,1.868750000E2
3.637537950E0,1.868750000E2
3.640162950E0,1.868750000E2
3.642786950E0,1.868750000E2
3.645411950E0,1.868750000E2
3.648035950E0,1.868750000E2
3.650660950E0,1.868750000E2
3.653284950E0,1.868750000E2
3.655909950E0,1.868750000E2
3.658533950E0,1.868750000E2
3.661158950E0,1.868750000E2
3.663782950E0,1.868750000E2
3.666407950E0,1.868750000E2
3.669031950E0,1.868750000E2
3.671656950E0,1.868750000E2
3.674280950E0,1.868750000E2
3.676905950E0,1.868750000E2
3.679529950E0,1.868750000E2
3.682154950E0,1.868750000E2
3.684778950E0,1.868750000E2
3.687403950E0,1.868750000E2
3.690027950E0,1.868750000E2
3.692652950E0,1.868750000E2
3.695276950E0,1.868750000E2
3.697901950E0,1.868750000E2
3.700525950E0,1.868750000E2
3.703150950E0,1.868750000E2
3.705774950E0,1.932500000E2
3.708399950E0,1.932500000E2
3.711023950E0,1.932500000E2
3.713648950E0,1.932500000E2
3.716272950E0,1.932500000E2
3.718897950E0,1.932500000E2
3.721521950E0,1.932500000E2
3.724146950E0,1.932500000E2
3.726770950E0,1.932500000E2
3.729395950E0,1.932500000E2
3.732019950E0,1.932500000E2
3.734644950E0,1.932500000E2
3.737268950E0,1.932500000E2
3.739893950E0,1.932500000E2
3.742517950E0,1.932500000E2
3.745142950E0,1.932500000E2
3.747767950E0,1.932500000E2
3.750391950E0,1.932500000E2
3.753016950E0,1.932500000E2
3.755640950E0,1.932500000E2
3.758265950E0,1.868750000E2
3.760889950E0,1.868750000E2
3.763514950E0,1.868750000E2
3.766138950E0,1.868750000E2
3.768763950E0,1.868750000E2
3.771387950E0,1.868750000E2
3.774012950E0,1.868750000E2
3.776636950E0,1.868750000E2
3.779261950E0,1.868750000E2
3.781885950E0,1.932500000E2
3.784510950E0,1.932500000E2
3.787134950E0,1.932500000E2
3.789759950E0,1.932500000E2
3.792383950E0,1.932500000E2
3.795008950E0,1.932500000E2
3.797632950E0,1.932500000E2
3.800257950E0,1.932500000E2
3.802881950E0,1.932500000E2
3.805506950E0,1.932500000E2
3.808130950E0,1.932500000E2
3.810755950E0,1.932500000E2
3.813379950E0,1.932500000E2
3.816004950E0,1.932500000E2
3.818628950E0,1.932500000E2
3.821253950E0,1.932500000E2
3.823877950E0,1.932500000E2
3.826502950E0,1.932500000E2
3.829126950E0,1.932500000E2
3.831751950E0,1.932500000E2
3.834375950E0,1.932500000E2
3.837000950E0,1.932500000E2
3.839624950E0,1.932500000E2
3.842249950E0,1.932500000E2
3.844873950E0,1.932500000E2
3.847498950E0,1.932500000E2
3.850122950E0,1.932500000E2
3.852747950E0,1.932500000E2
3.855371950E0,1.932500000E2
3.857996950E0,1.932500000E2
3.860621950E0,1.932500000E2
3.863245950E0,1.932500000E2
3.865870950E0,1.932500000E2
3.868494950E0,1.932500000E2
3.871119950E0,1.932500000E2
3.873743950E0,1.932500000E2
3.876368950E0,1.932500000E2
3.878992950E0,1.932500000E2
3.881617950E0,1.932500000E2
3.884241950E0,1.868750000E2
3.886866950E0,1.868750000E2
3.889490950E0,1.868750000E2
3.892115950E0,1.868750000E2
3.894739950E0,1.868750000E2
3.897364950E0,1.868750000E2
3.899988950E0,1.868750000E2
3.902613950E0,1.868750000E2
3.905237950E0,1.868750000E2
3.907862950E0,1.868750000E2
3.910486950E0,1.868750000E2
3.913111950E0,1.868750000E2
3.915735950E0,1.868750000E2
3.918360950E0,1.868750000E2
3.920984950E0,1.868750000E2
3.923609950E0,1.868750000E2
3.926233950E0,1.868750000E2
3.928858950E0,1.868750000E2
3.931482950E0,1.868750000E2
3.934107950E0,1.868750000E2
3.936731950E0,1.868750000E2
3.939356950E0,1.868750000E2
3.941980950E0,1.868750000E2
3.944605950E0,1.868750000E2
3.947229950E0,1.868750000E2
3.949854950E0,1.868750000E2
3.952478950E0,1.868750000E2
3.955103950E0,1.868750000E2
3.957727950E0,1.868750000E2
3.960352950E0,1.868750000E2
3.962976950E0,1.868750000E2
3.965601950E0,1.868750000E2
3.968225950E0,1.868750000E2
3.970850950E0,1.868750000E2
3.973475950E0,1.868750000E2
3.976099950E0,1.868750000E2
3.978724950E0,1.868750000E2
3.981348950E0,1.868750000E2
3.983973950E0,1.868750000E2
3.986597950E0,1.932500000E2
3.989222950E0,1.932500000E2
3.991846950E0,1.932500000E2
3.994471950E0,1.932500000E2
3.997095950E0,1.932500000E2
3.999720950E0,1.932500000E2
4.002344950E0,1.932500000E2
4.004969950E0,1.932500000E2
4.007593950E0,1.932500000E2
4.010218950E0,1.932500000E2
4.012842950E0,1.868750000E2
4.015467950E0,1.868750000E2
4.018091950E0,1.868750000E2
4.020716950E0,1.868750000E2
4.023340950E0,1.868750000E2
4.025965950E0,1.868750000E2
4.028589950E0,1.868750000E2
4.031214950E0,1.868750000E2
4.033838950E0,1.868750000E2
4.036463950E0,1.868750000E2
4.039087950E0,1.868750000E2
4.041712950E0,1.868750000E2
4.044336950E0,1.868750000E2
4.046961950E0,1.868750000E2
4.049585950E0,1.868750000E2
4.052210950E0,1.868750000E2
4.054834950E0,1.868750000E2
4.057459950E0,1.868750000E2
4.060083950E0,1.868750000E2
4.062708950E0,1.932500000E2
4.065332950E0,1.932500000E2
4.067957950E0,1.932500000E2
4.070581950E0,1.932500000E2
4.073206950E0,1.932500000E2
4.075830950E0,1.932500000E2
4.078455950E0,1.932500000E2
4.081079950E0,1.932500000E2
4.083704950E0,1.932500000E2
4.086329950E0,1.868750000E2
4.088953950E0,1.868750000E2
4.091578950E0,1.868750000E2
4.094202950E0,1.868750000E2
4.096827950E0,1.868750000E2
4.099451950E0,1.868750000E2
4.102076950E0,1.868750000E2
4.104700950E0,1.868750000E2
4.107325950E0,1.868750000E2
4.109949950E0,1.868750000E2
4.112574950E0,1.868750000E2
4.115198950E0,1.868750000E2
4.117823950E0,1.868750000E2
4.120447950E0,1.868750000E2
4.123072950E0,1.868750000E2
4.125696950E0,1.868750000E2
4.128321950E0,1.868750000E2
4.130945950E0,1.868750000E2
4.133570950E0,1.868750000E2
4.136194950E0,1.868750000E2
4.138819950E0,1.932500000E2
4.141443950E0,1.932500000E2
4.144068950E0,1.932500000E2
4.146692950E0,1.932500000E2
4.149317950E0,1.932500000E2
4.151941950E0,1.932500000E2
4.154566950E0,1.932500000E2
4.157190950E0,1.932500000E2
4.159815950E0,1.932500000E2
4.162439950E0,1.932500000E2
4.165064950E0,1.932500000E2
4.167688950E0,1.932500000E2
4.170313950E0,1.932500000E2
4.172937950E0,1.932500000E2
4.175562950E0,1.932500000E2
4.178186950E0,1.932500000E2
4.180811950E0,1.932500000E2
4.183435950E0,1.932500000E2
4.186060950E0,1.932500000E2
4.188684950E0,1.932500000E2
4.191309950E0,1.932500000E2
4.193934950E0,1.932500000E2
4.196558950E0,1.932500000E2
4.199183950E0,1.932500000E2
4.201807950E0,1.932500000E2
4.204432950E0,1.932500000E2
4.207056950E0,1.932500000E2
4.209681950E0,1.932500000E2
4.212305950E0,1.932500000E2
4.214930950E0,1.932500000E2
4.217554950E0,1.932500000E2
4.220179950E0,1.932500000E2
4.222803950E0,1.932500000E2
4.225428950E0,1.932500000E2
4.228052950E0,1.932500000E2
4.230677950E0,1.932500000E2
4.233301950E0,1.932500000E2
4.235926950E0,1.932500000E2
4.238550950E0,1.932500000E2
4.241175950E0,1.868750000E2
4.243799950E0,1.868750000E2
4.246424950E0,1.868750000E2
4.249048950E0,1.868750000E2
4.251673950E0,1.868750000E2
4.254297950E0,1.868750000E2
4.256922950E0,1.868750000E2
4.259546950E0,1.868750000E2
4.262171950E0,1.868750000E2
4.264795950E0,1.868750000E2
4.267420950E0,1.868750000E2
4.270044950E0,1.868750000E2
4.272669950E0,1.868750000E2
4.275293950E0,1.868750000E2
4.277918950E0,1.868750000E2
4.280542950E0,1.868750000E2
4.283167950E0,1.868750000E2
4.285791950E0,1.868750000E2
4.288416950E0,1.868750000E2
4.291040950E0,1.868750000E2
4.293665950E0,1.868750000E2
4.296289950E0,1.868750000E2
4.298914950E0,1.868750000E2
4.301538950E0,1.868750000E2
4.304163950E0,1.868750000E2
4.306788950E0,1.868750000E2
4.309412950E0,1.868750000E2
4.312037950E0,1.868750000E2
4.314661950E0,1.868750000E2
4.317286950E0,1.868750000E2
4.319910950E0,1.868750000E2
4.322535950E0,1.868750000E2
4.325159950E0,1.868750000E2
4.327784950E0,1.868750000E2
4.330408950E0,1.868750000E2
4.333033950E0,1.868750000E2
4.335657950E0,1.868750000E2
4.338282950E0,1.868750000E2
4.340906950E0,1.868750000E2
4.343531950E0,1.932500000E2
4.346155950E0,1.932500000E2
4.348780950E0,1.932500000E2
4.351404950E0,1.932500000E2
4.354029950E0,1.932500000E2
4.356653950E0,1.932500000E2
4.359278950E0,1.932500000E2
4.361902950E0,1.932500000E2
4.364527950E0,1.932500000E2
4.367151950E0,1.868750000E2
4.369776950E0,1.868750000E2
4.372400950E0,1.868750000E2
4.375025950E0,1.868750000E2
4.377649950E0,1.868750000E2
4.380274950E0,1.868750000E2
4.382898950E0,1.868750000E2
4.385523950E0,1.868750000E2
4.388147950E0,1.868750000E2
4.390772950E0,1.868750000E2
4.393396950E0,1.868750000E2
4.396021950E0,1.868750000E2
4.398645950E0,1.868750000E2
4.401270950E0,1.868750000E2
4.403894950E0,1.868750000E2
4.406519950E0,1.868750000E2
4.409143950E0,1.868750000E2
4.411768950E0,1.868750000E2
4.414392950E0,1.868750000E2
4.417017950E0,1.868750000E2
4.419642950E0,1.868750000E2
4.422266950E0,1.868750000E2
4.424891950E0,1.868750000E2
4.427515950E0,1.868750000E2
4.430140950E0,1.868750000E2
4.432764950E0,1.868750000E2
4.435389950E0,1.868750000E2
4.438013950E0,1.868750000E2
4.440638950E0,1.868750000E2
4.443262950E0,1.868750000E2
4.445887950E0,1.868750000E2
4.448511950E0,1.868750000E2
4.451136950E0,1.868750000E2
4.453760950E0,1.868750000E2
4.456385950E0,1.868750000E2
4.459009950E0,1.868750000E2
4.461634950E0,1.868750000E2
4.464258950E0,1.868750000E2
4.466883950E0,1.868750000E2
4.469507950E0,1.868750000E2
4.472132950E0,1.868750000E2
4.474756950E0,1.868750000E2
4.477381950E0,1.868750000E2
4.480005950E0,1.868750000E2
4.482630950E0,1.868750000E2
4.485254950E0,1.868750000E2
4.487879950E0,1.868750000E2
4.490503950E0,1.868750000E2
4.493128950E0,1.868750000E2
4.495752950E0,1.868750000E2
4.498377950E0,1.868750000E2
4.501001950E0,1.868750000E2
4.503626950E0,1.868750000E2
4.506250950E0,1.868750000E2
4.508875950E0,1.868750000E2
4.511499950E0,1.868750000E2
4.514124950E0,1.868750000E2
4.516748950E0,1.868750000E2
4.519373950E0,1.868750000E2
4.521997950E0,1.868750000E2
4.524622950E0,1.868750000E2
4.527246950E0,1.868750000E2
4.529871950E0,1.868750000E2
4.532496950E0,1.868750000E2
4.535120950E0,1.868750000E2
4.537745950E0,1.868750000E2
4.540369950E0,1.868750000E2
4.542994950E0,1.868750000E2
4.545618950E0,1.932500000E2
4.548243950E0,1.932500000E2
4.550867950E0,1.932500000E2
4.553492950E0,1.932500000E2
4.556116950E0,1.932500000E2
4.558741950E0,1.932500000E2
4.561365950E0,1.932500000E2
4.563990950E0,1.932500000E2
4.566614950E0,1.932500000E2
4.569239950E0,1.932500000E2
4.571863950E0,1.868750000E2
4.574488950E0,1.868750000E2
4.577112950E0,1.868750000E2
4.579737950E0,1.868750000E2
4.582361950E0,1.868750000E2
4.584986950E0,1.868750000E2
4.587610950E0,1.868750000E2
4.590235950E0,1.868750000E2
4.592859950E0,1.868750000E2
4.595484950E0,1.868750000E2
4.598108950E0,1.868750000E2
4.600733950E0,1.868750000E2
4.603357950E0,1.868750000E2
4.605982950E0,1.868750000E2
4.608606950E0,1.868750000E2
4.611231950E0,1.868750000E2
4.613855950E0,1.868750000E2
4.616480950E0,1.868750000E2
4.619104950E0,1.868750000E2
4.621729950E0,1.868750000E2
4.624353950E0,1.868750000E2
4.626978950E0,1.868750000E2
4.629602950E0,1.868750000E2
4.632227950E0,1.868750000E2
4.634851950E0,1.868750000E2
4.637476950E0,1.868750000E2
4.640100950E0,1.868750000E2
4.642725950E0,1.868750000E2
4.645350950E0,1.868750000E2
4.647974950E0,1.868750000E2
4.650599950E0,1.868750000E2
4.653223950E0,1.868750000E2
4.655848950E0,1.868750000E2
4.658472950E0,1.868750000E2
4.661097950E0,1.868750000E2
4.663721950E0,1.868750000E2
4.666346950E0,1.868750000E2
4.668970950E0,1.868750000E2
4.671595950E0,1.868750000E2
4.674219950E0,1.868750000E2
4.676844950E0,1.868750000E2
4.679468950E0,1.868750000E2
4.682093950E0,1.868750000E2
4.684717950E0,1.868750000E2
4.687342950E0,1.868750000E2
4.689966950E0,1.868750000E2
4.692591950E0,1.868750000E2
4.695215950E0,1.868750000E2
4.697840950E0,1.932500000E2
4.700464950E0,1.932500000E2
4.703089950E0,1.932500000E2
4.705713950E0,1.932500000E2
4.708338950E0,1.932500000E2
4.710962950E0,1.932500000E2
4.713587950E0,1.932500000E2
4.716211950E0,1.932500000E2
4.718836950E0,1.932500000E2
4.721460950E0,1.932500000E2
4.724085950E0,1.868750000E2
4.726709950E0,1.868750000E2
4.729334950E0,1.868750000E2
4.731958950E0,1.868750000E2
4.734583950E0,1.868750000E2
4.737207950E0,1.868750000E2
4.739832950E0,1.868750000E2
4.742456950E0,1.868750000E2
4.745081950E0,1.868750000E2
4.747705950E0,1.932500000E2
4.750330950E0,1.932500000E2
4.752954950E0,1.932500000E2
4.755579950E0,1.932500000E2
4.758204950E0,1.932500000E2
4.760828950E0,1.932500000E2
4.763453950E0,1.932500000E2
4.766077950E0,1.932500000E2
4.768702950E0,1.932500000E2
4.771326950E0,1.932500000E2
4.773951950E0,1.932500000E2
4.776575950E0,1.868750000E2
4.779200950E0,1.868750000E2
4.781824950E0,1.868750000E2
4.784449950E0,1.868750000E2
4.787073950E0,1.868750000E2
4.789698950E0,1.868750000E2
4.792322950E0,1.868750000E2
4.794947950E0,1.868750000E2
4.797571950E0,1.868750000E2
4.800196950E0,1.868750000E2
4.802820950E0,1.868750000E2
4.805445950E0,1.868750000E2
4.808069950E0,1.868750000E2
4.810694950E0,1.868750000E2
4.813318950E0,1.868750000E2
4.815943950E0,1.868750000E2
4.818567950E0,1.868750000E2
4.821192950E0,1.868750000E2
4.823816950E0,1.868750000E2
4.826441950E0,1.932500000E2
4.829065950E0,1.932500000E2
4.831690950E0,1.932500000E2
4.834314950E0,1.932500000E2
4.836939950E0,1.932500000E2
4.839563950E0,1.932500000E2
4.842188950E0,1.932500000E2
4.844812950E0,1.932500000E2
4.847437950E0,1.932500000E2
4.850061950E0,1.932500000E2
4.852686950E0,1.868750000E2
4.855310950E0,1.868750000E2
4.857935950E0,1.868750000E2
4.860559950E0,1.868750000E2
4.863184950E0,1.868750000E2
4.865809950E0,1.868750000E2
4.868433950E0,1.868750000E2
4.871058950E0,1.868750000E2
4.873682950E0,1.868750000E2
4.876307950E0,1.868750000E2
4.878931950E0,1.868750000E2
4.881556950E0,1.868750000E2
4.884180950E0,1.868750000E2
4.886805950E0,1.868750000E2
4.889429950E0,1.868750000E2
4.892054950E0,1.868750000E2
4.894678950E0,1.868750000E2
4.897303950E0,1.868750000E2
4.899927950E0,1.868750000E2
4.902552950E0,1.868750000E2
4.905176950E0,1.868750000E2
4.907801950E0,1.868750000E2
4.910425950E0,1.868750000E2
4.913050950E0,1.868750000E2
4.915674950E0,1.868750000E2
4.918299950E0,1.868750000E2
4.920923950E0,1.868750000E2
4.923548950E0,1.868750000E2
4.926172950E0,1.932500000E2
4.928797950E0,1.932500000E2
4.931421950E0,1.932500000E2
4.934046950E0,1.932500000E2
4.936670950E0,1.932500000E2
4.939295950E0,1.932500000E2
4.941919950E0,1.932500000E2
4.944544950E0,1.932500000E2
4.947168950E0,1.932500000E2
4.949793950E0,1.932500000E2
4.952417950E0,1.932500000E2
4.955042950E0,1.932500000E2
4.957666950E0,1.932500000E2
4.960291950E0,1.932500000E2
4.962915950E0,1.932500000E2
4.965540950E0,1.932500000E2
4.968164950E0,1.932500000E2
4.970789950E0,1.932500000E2
4.973413950E0,1.932500000E2
4.976038950E0,1.932500000E2
4.978663950E0,1.868750000E2
4.981287950E0,1.868750000E2
4.983912950E0,1.868750000E2
4.986536950E0,1.868750000E2
4.989161950E0,1.868750000E2
4.991785950E0,1.868750000E2
4.994410950E0,1.868750000E2
4.997034950E0,1.868750000E2
4.999659950E0,1.868750000E2
5.002283950E0,1.868750000E2
5.004908950E0,1.868750000E2
5.007532950E0,1.868750000E2
5.010157950E0,1.868750000E2
5.012781950E0,1.868750000E2
5.015406950E0,1.868750000E2
5.018030950E0,1.868750000E2
5.020655950E0,1.868750000E2
5.023279950E0,1.868750000E2
5.025904950E0,1.868750000E2
5.028528950E0,1.868750000E2
5.031153950E0,1.868750000E2
5.033777950E0,1.868750000E2
5.036402950E0,1.868750000E2
5.039026950E0,1.868750000E2
5.041651950E0,1.868750000E2
5.044275950E0,1.868750000E2
5.046900950E0,1.868750000E2
5.049524950E0,1.868750000E2
5.052149950E0,1.868750000E2
5.054773950E0,1.932500000E2
5.057398950E0,1.932500000E2
5.060022950E0,1.932500000E2
5.062647950E0,1.932500000E2
5.065271950E0,1.932500000E2
5.067896950E0,1.932500000E2
5.070520950E0,1.932500000E2
5.073145950E0,1.932500000E2
5.075769950E0,1.932500000E2
5.078394950E0,1.932500000E2
5.081018950E0,1.932500000E2
5.083643950E0,1.932500000E2
5.086267950E0,1.932500000E2
5.088892950E0,1.932500000E2
5.091517950E0,1.932500000E2
5.094141950E0,1.932500000E2
5.096766950E0,1.932500000E2
5.099390950E0,1.932500000E2
5.102015950E0,1.932500000E2
5.104639950E0,1.868750000E2
5.107264950E0,1.868750000E2
5.109888950E0,1.868750000E2
5.112513950E0,1.868750000E2
5.115137950E0,1.868750000E2
5.117762950E0,1.868750000E2
5.120386950E0,1.868750000E2
5.123011950E0,1.868750000E2
5.125635950E0,1.868750000E2
5.128260950E0,1.868750000E2
5.130884950E0,1.868750000E2
5.133509950E0,1.868750000E2
5.136133950E0,1.868750000E2
5.138758950E0,1.868750000E2
5.141382950E0,1.868750000E2
5.144007950E0,1.868750000E2
5.146631950E0,1.868750000E2
5.149256950E0,1.868750000E2
5.151880950E0,1.868750000E2
5.154505950E0,1.868750000E2
5.157129950E0,1.868750000E2
5.159754950E0,1.868750000E2
5.162378950E0,1.868750000E2
5.165003950E0,1.868750000E2
5.167627950E0,1.868750000E2
5.170252950E0,1.868750000E2
5.172876950E0,1.868750000E2
5.175501950E0,1.868750000E2
5.178125950E0,1.868750000E2
5.180750950E0,1.868750000E2
5.183374950E0,1.868750000E2
5.185999950E0,1.868750000E2
5.188623950E0,1.868750000E2
5.191248950E0,1.868750000E2
5.193872950E0,1.868750000E2
5.196497950E0,1.868750000E2
5.199121950E0,1.868750000E2
5.201746950E0,1.868750000E2
5.204371950E0,1.868750000E2
5.206995950E0,1.868750000E2
5.209620950E0,1.868750000E2
5.212244950E0,1.868750000E2
5.214869950E0,1.868750000E2
5.217493950E0,1.868750000E2
5.220118950E0,1.868750000E2
5.222742950E0,1.868750000E2
5.225367950E0,1.868750000E2
5.227991950E0,1.868750000E2
5.230616950E0,1.868750000E2
5.233240950E0,1.868750000E2
5.235865950E0,1.868750000E2
5.238489950E0,1.868750000E2
5.241114950E0,1.868750000E2
5.243738950E0,1.868750000E2
5.246363950E0,1.868750000E2
5.248987950E0,1.868750000E2
5.251612950E0,1.868750000E2
5.254236950E0,1.868750000E2
5.256861950E0,1.868750000E2
5.259485950E0,1.868750000E2
5.262110950E0,1.868750000E2
5.264734950E0,1.868750000E2
5.267359950E0,1.868750000E2
5.269983950E0,1.868750000E2
5.272608950E0,1.868750000E2
5.275232950E0,1.868750000E2
5.277857950E0,1.868750000E2
5.280481950E0,1.868750000E2
5.283106950E0,1.932500000E2
5.285730950E0,1.932500000E2
5.288355950E0,1.932500000E2
5.290979950E0,1.932500000E2
5.293604950E0,1.932500000E2
5.296228950E0,1.932500000E2
5.298853950E0,1.932500000E2
5.301477950E0,1.932500000E2
5.304102950E0,1.932500000E2
5.306726950E0,1.932500000E2
5.309351950E0,1.868750000E2
5.311975950E0,1.868750000E2
5.314600950E0,1.868750000E2
5.317225950E0,1.868750000E2
5.319849950E0,1.868750000E2
5.322474950E0,1.868750000E2
5.325098950E0,1.868750000E2
5.327723950E0,1.868750000E2
5.330347950E0,1.868750000E2
5.332972950E0,1.868750000E2
5.335596950E0,1.868750000E2
5.338221950E0,1.868750000E2
5.340845950E0,1.868750000E2
5.343470950E0,1.868750000E2
5.346094950E0,1.868750000E2
5.348719950E0,1.868750000E2
5.351343950E0,1.868750000E2
5.353968950E0,1.868750000E2
5.356592950E0,1.868750000E2
5.359217950E0,1.868750000E2
5.361841950E0,1.868750000E2
5.364466950E0,1.868750000E2
5.367090950E0,1.868750000E2
5.369715950E0,1.868750000E2
5.372339950E0,1.868750000E2
5.374964950E0,1.868750000E2
5.377588950E0,1.868750000E2
5.380213950E0,1.868750000E2
5.382837950E0,1.868750000E2
5.385462950E0,1.932500000E2
5.388086950E0,1.932500000E2
5.390711950E0,1.932500000E2
5.393335950E0,1.932500000E2
5.395960950E0,1.932500000E2
5.398584950E0,1.932500000E2
5.401209950E0,1.932500000E2
5.403833950E0,1.932500000E2
5.406458950E0,1.932500000E2
5.409082950E0,1.932500000E2
5.411707950E0,1.868750000E2
5.414331950E0,1.868750000E2
5.416956950E0,1.868750000E2
5.419580950E0,1.868750000E2
5.422205950E0,1.868750000E2
5.424829950E0,1.868750000E2
5.427454950E0,1.868750000E2
5.430079950E0,1.868750000E2
5.432703950E0,1.868750000E2
5.435328950E0,1.868750000E2
5.437952950E0,1.868750000E2
5.440577950E0,1.868750000E2
5.443201950E0,1.868750000E2
5.445826950E0,1.868750000E2
5.448450950E0,1.868750000E2
5.451075950E0,1.868750000E2
5.453699950E0,1.868750000E2
5.456324950E0,1.868750000E2
5.458948950E0,1.868750000E2
5.461573950E0,1.868750000E2
5.464197950E0,1.868750000E2
5.466822950E0,1.868750000E2
5.469446950E0,1.868750000E2
5.472071950E0,1.868750000E2
5.474695950E0,1.868750000E2
5.477320950E0,1.868750000E2
5.479944950E0,1.868750000E2
5.482569950E0,1.868750000E2
5.485193950E0,1.868750000E2
5.487818950E0,1.868750000E2
5.490442950E0,1.868750000E2
5.493067950E0,1.868750000E2
5.495691950E0,1.868750000E2
5.498316950E0,1.868750000E2
5.500940950E0,1.868750000E2
5.503565950E0,1.868750000E2
5.506189950E0,1.868750000E2
5.508814950E0,1.868750000E2
5.511438950E0,1.868750000E2
5.514063950E0,1.868750000E2
5.516687950E0,1.868750000E2
5.519312950E0,1.868750000E2
5.521936950E0,1.868750000E2
5.524561950E0,1.868750000E2
5.527185950E0,1.868750000E2
5.529810950E0,1.868750000E2
5.532434950E0,1.868750000E2
5.535059950E0,1.868750000E2
5.537684950E0,1.868750000E2
5.540308950E0,1.868750000E2
5.542933950E0,1.868750000E2
5.545557950E0,1.868750000E2
5.548182950E0,1.868750000E2
5.550806950E0,1.868750000E2
5.553431950E0,1.868750000E2
5.556055950E0,1.868750000E2
5.558680950E0,1.868750000E2
5.561304950E0,1.868750000E2
5.563929950E0,1.932500000E2
5.566553950E0,1.932500000E2
5.569178950E0,1.932500000E2
5.571802950E0,1.932500000E2
5.574427950E0,1.932500000E2
5.577051950E0,1.932500000E2
5.579676950E0,1.932500000E2
5.582300950E0,1.932500000E2
5.584925950E0,1.932500000E2
5.587549950E0,1.868750000E2
5.590174950E0,1.868750000E2
5.592798950E0,1.868750000E2
5.595423950E0,1.868750000E2
5.598047950E0,1.868750000E2
5.600672950E0,1.868750000E2
5.603296950E0,1.868750000E2
5.605921950E0,1.868750000E2
5.608545950E0,1.868750000E2
5.611170950E0,1.868750000E2
5.613794950E0,1.868750000E2
5.616419950E0,1.868750000E2
5.619043950E0,1.868750000E2
5.621668950E0,1.868750000E2
5.624292950E0,1.868750000E2
5.626917950E0,1.868750000E2
5.629541950E0,1.868750000E2
5.632166950E0,1.868750000E2
5.634790950E0,1.868750000E2
5.637415950E0,1.868750000E2
5.640039950E0,1.868750000E2
5.642664950E0,1.868750000E2
5.645288950E0,1.868750000E2
5.647913950E0,1.868750000E2
5.650538950E0,1.868750000E2
5.653162950E0,1.868750000E2
5.655787950E0,1.868750000E2
5.658411950E0,1.868750000E2
5.661036950E0,1.868750000E2
5.663660950E0,1.868750000E2
5.666285950E0,1.868750000E2
5.668909950E0,1.868750000E2
5.671534950E0,1.868750000E2
5.674158950E0,1.868750000E2
5.676783950E0,1.868750000E2
5.679407950E0,1.868750000E2
5.682032950E0,1.868750000E2
5.684656950E0,1.868750000E2
5.687281950E0,1.868750000E2
5.689905950E0,1.868750000E2
5.692530950E0,1.868750000E2
5.695154950E0,1.868750000E2
5.697779950E0,1.868750000E2
5.700403950E0,1.868750000E2
5.703028950E0,1.868750000E2
5.705652950E0,1.868750000E2
5.708277950E0,1.868750000E2
5.710901950E0,1.868750000E2
5.713526950E0,1.868750000E2
5.716150950E0,1.932500000E2
5.718775950E0,1.932500000E2
5.721399950E0,1.932500000E2
5.724024950E0,1.932500000E2
5.726648950E0,1.932500000E2
5.729273950E0,1.932500000E2
5.731897950E0,1.932500000E2
5.734522950E0,1.932500000E2
5.737146950E0,1.932500000E2
5.739771950E0,1.932500000E2
5.742395950E0,1.932500000E2
5.745020950E0,1.932500000E2
5.747644950E0,1.932500000E2
5.750269950E0,1.932500000E2
5.752893950E0,1.932500000E2
5.755518950E0,1.932500000E2
5.758142950E0,1.932500000E2
5.760767950E0,1.932500000E2
5.763392950E0,1.932500000E2
5.766016950E0,1.868750000E2
5.768641950E0,1.868750000E2
5.771265950E0,1.868750000E2
5.773890950E0,1.868750000E2
5.776514950E0,1.868750000E2
5.779139950E0,1.868750000E2
5.781763950E0,1.868750000E2
5.784388950E0,1.868750000E2
5.787012950E0,1.868750000E2
5.789637950E0,1.868750000E2
5.792261950E0,1.868750000E2
5.794886950E0,1.868750000E2
5.797510950E0,1.868750000E2
5.800135950E0,1.868750000E2
5.802759950E0,1.868750000E2
5.805384950E0,1.868750000E2
5.808008950E0,1.868750000E2
5.810633950E0,1.868750000E2
5.813257950E0,1.868750000E2
5.815882950E0,1.868750000E2
5.818506950E0,1.868750000E2
5.821131950E0,1.868750000E2
5.823755950E0,1.868750000E2
5.826380950E0,1.868750000E2
5.829004950E0,1.868750000E2
5.831629950E0,1.868750000E2
5.834253950E0,1.868750000E2
5.836878950E0,1.868750000E2
5.839502950E0,1.868750000E2
5.842127950E0,1.868750000E2
5.844751950E0,1.868750000E2
5.847376950E0,1.868750000E2
5.850000950E0,1.868750000E2
5.852625950E0,1.868750000E2
5.855249950E0,1.868750000E2
5.857874950E0,1.868750000E2
5.860498950E0,1.868750000E2
5.863123950E0,1.868750000E2
5.865747950E0,1.868750000E2
5.868372950E0,1.868750000E2
5.870996950E0,1.868750000E2
5.873621950E0,1.868750000E2
5.876246950E0,1.868750000E2
5.878870950E0,1.868750000E2
5.881495950E0,1.868750000E2
5.884119950E0,1.868750000E2
5.886744950E0,1.868750000E2
5.889368950E0,1.868750000E2
5.891993950E0,1.868750000E2
5.894617950E0,1.868750000E2
5.897242950E0,1.868750000E2
5.899866950E0,1.868750000E2
5.902491950E0,1.868750000E2
5.905115950E0,1.868750000E2
5.907740950E0,1.868750000E2
5.910364950E0,1.868750000E2
5.912989950E0,1.868750000E2
5.915613950E0,1.868750000E2
5.918238950E0,1.868750000E2
5.920862950E0,1.868750000E2
5.923487950E0,1.868750000E2
5.926111950E0,1.868750000E2
5.928736950E0,1.868750000E2
5.931360950E0,1.868750000E2
5.933985950E0,1.868750000E2
5.936609950E0,1.868750000E2
5.939234950E0,1.868750000E2
5.941858950E0,1.868750000E2
5.944483950E0,1.868750000E2
5.947107950E0,1.868750000E2
5.949732950E0,1.868750000E2
5.952356950E0,1.868750000E2
5.954981950E0,1.868750000E2
5.957605950E0,1.868750000E2
5.960230950E0,1.868750000E2
5.962854950E0,1.868750000E2
5.965479950E0,1.868750000E2
5.968103950E0,1.868750000E2
5.970728950E0,1.868750000E2
5.973352950E0,1.868750000E2
5.975977950E0,1.868750000E2
5.978601950E0,1.868750000E2
5.981226950E0,1.868750000E2
5.983850950E0,1.868750000E2
5.986475950E0,1.868750000E2
5.989100950E0,1.868750000E2
5.991724950E0,1.868750000E2
5.994349950E0,1.868750000E2
5.996973950E0,1.868750000E2
5.999598950E0,1.868750000E2
6.002222950E0,1.868750000E2
6.004847950E0,1.868750000E2
6.007471950E0,1.868750000E2
6.010096950E0,1.868750000E2
6.012720950E0,1.868750000E2
6.015345950E0,1.868750000E2
6.017969950E0,1.868750000E2
6.020594950E0,1.868750000E2
6.023218950E0,1.932500000E2
6.025843950E0,1.932500000E2
6.028467950E0,1.932500000E2
6.031092950E0,1.932500000E2
6.033716950E0,1.932500000E2
6.036341950E0,1.932500000E2
6.038965950E0,1.932500000E2
6.041590950E0,1.932500000E2
6.044214950E0,1.932500000E2
6.046839950E0,1.868750000E2
6.049463950E0,1.868750000E2
6.052088950E0,1.868750000E2
6.054712950E0,1.868750000E2
6.057337950E0,1.868750000E2
6.059961950E0,1.868750000E2
6.062586950E0,1.868750000E2
6.065210950E0,1.868750000E2
6.067835950E0,1.868750000E2
6.070459950E0,1.868750000E2
6.073084950E0,1.932500000E2
6.075708950E0,1.932500000E2
6.078333950E0,1.932500000E2
6.080957950E0,1.932500000E2
6.083582950E0,1.932500000E2
6.086206950E0,1.932500000E2
6.088831950E0,1.932500000E2
6.091455950E0,1.932500000E2
6.094080950E0,1.932500000E2
6.096704950E0,1.932500000E2
6.099329950E0,1.868750000E2
6.101954950E0,1.868750000E2
6.104578950E0,1.868750000E2
6.107203950E0,1.868750000E2
6.109827950E0,1.868750000E2
6.112452950E0,1.868750000E2
6.115076950E0,1.868750000E2
6.117701950E0,1.868750000E2
6.120325950E0,1.868750000E2
6.122950950E0,1.868750000E2
6.125574950E0,1.868750000E2
6.128199950E0,1.868750000E2
6.130823950E0,1.868750000E2
6.133448950E0,1.868750000E2
6.136072950E0,1.868750000E2
6.138697950E0,1.868750000E2
6.141321950E0,1.868750000E2
6.143946950E0,1.868750000E2
6.146570950E0,1.868750000E2
6.149195950E0,1.932500000E2
6.151819950E0,1.932500000E2
6.154444950E0,1.932500000E2
6.157068950E0,1.932500000E2
6.159693950E0,1.932500000E2
6.162317950E0,1.932500000E2
6.164942950E0,1.932500000E2
6.167566950E0,1.932500000E2
6.170191950E0,1.932500000E2
6.172815950E0,1.932500000E2
6.175440950E0,1.868750000E2
6.178064950E0,1.868750000E2
6.180689950E0,1.868750000E2
6.183313950E0,1.868750000E2
6.185938950E0,1.868750000E2
6.188562950E0,1.868750000E2
6.191187950E0,1.868750000E2
6.193811950E0,1.868750000E2
6.196436950E0,1.868750000E2
6.199060950E0,1.868750000E2
6.201685950E0,1.868750000E2
6.204309950E0,1.868750000E2
6.206934950E0,1.868750000E2
6.209559950E0,1.868750000E2
6.212183950E0,1.868750000E2
6.214808950E0,1.868750000E2
6.217432950E0,1.868750000E2
6.220057950E0,1.868750000E2
6.222681950E0,1.868750000E2
6.225306950E0,1.868750000E2
6.227930950E0,1.868750000E2
6.230555950E0,1.868750000E2
6.233179950E0,1.868750000E2
6.235804950E0,1.868750000E2
6.238428950E0,1.868750000E2
6.241053950E0,1.868750000E2
6.243677950E0,1.868750000E2
6.246302950E0,1.868750000E2
6.248926950E0,1.868750000E2
6.251551950E0,1.868750000E2
6.254175950E0,1.868750000E2
6.256800950E0,1.868750000E2
6.259424950E0,1.868750000E2
6.262049950E0,1.868750000E2
6.264673950E0,1.868750000E2
6.267298950E0,1.868750000E2
6.269922950E0,1.868750000E2
6.272547950E0,1.868750000E2
6.275171950E0,1.868750000E2
6.277796950E0,1.868750000E2
6.280420950E0,1.868750000E2
6.283045950E0,1.868750000E2
6.285669950E0,1.868750000E2
6.288294950E0,1.868750000E2
6.290918950E0,1.868750000E2
6.293543950E0,1.868750000E2
6.296167950E0,1.868750000E2
6.298792950E0,1.868750000E2
6.301416950E0,1.868750000E2
6.304041950E0,1.868750000E2
6.306665950E0,1.868750000E2
6.309290950E0,1.868750000E2
6.311914950E0,1.868750000E2
6.314539950E0,1.868750000E2
6.317163950E0,1.868750000E2
6.319788950E0,1.868750000E2
6.322413950E0,1.868750000E2
6.325037950E0,1.868750000E2
6.327662950E0,1.868750000E2
6.330286950E0,1.868750000E2
6.332911950E0,1.868750000E2
6.335535950E0,1.868750000E2
6.338160950E0,1.868750000E2
6.340784950E0,1.868750000E2
6.343409950E0,1.868750000E2
6.346033950E0,1.868750000E2
6.348658950E0,1.868750000E2
6.351282950E0,1.868750000E2
6.353907950E0,1.868750000E2
6.356531950E0,1.868750000E2
6.359156950E0,1.868750000E2
6.361780950E0,1.868750000E2
6.364405950E0,1.868750000E2
6.367034950E0,1.868750000E2
6.369659950E0,1.868750000E2
6.372283950E0,1.868750000E2
6.374908950E0,1.868750000E2
6.377532950E0,1.868750000E2
6.380157950E0,1.868750000E2
6.382781950E0,1.868750000E2
6.385406950E0,1.868750000E2
6.388030950E0,1.868750000E2
6.390655950E0,1.868750000E2
6.393279950E0,1.868750000E2
6.395904950E0,1.868750000E2
6.398528950E0,1.868750000E2
6.401153950E0,1.868750000E2
6.403777950E0,1.868750000E2
6.406402950E0,1.868750000E2
6.409026950E0,1.868750000E2
6.411651950E0,1.868750000E2
6.414275950E0,1.868750000E2
6.416900950E0,1.868750000E2
6.419524950E0,1.868750000E2
6.422149950E0,1.868750000E2
6.424773950E0,1.868750000E2
6.427398950E0,1.868750000E2
6.430022950E0,1.868750000E2
6.432647950E0,1.868750000E2
6.435271950E0,1.868750000E2
6.437896950E0,1.868750000E2
6.440521950E0,1.868750000E2
6.443145950E0,1.868750000E2
6.445770950E0,1.868750000E2
6.448394950E0,1.868750000E2
6.451019950E0,1.868750000E2
6.453643950E0,1.868750000E2
6.456268950E0,1.868750000E2
6.458892950E0,1.868750000E2
6.461517950E0,1.868750000E2
6.464141950E0,1.868750000E2
6.466766950E0,1.868750000E2
6.469390950E0,1.868750000E2
6.472015950E0,1.868750000E2
6.474639950E0,1.868750000E2
6.477264950E0,1.868750000E2
6.479888950E0,1.868750000E2
6.482513950E0,1.868750000E2
6.485137950E0,1.868750000E2
6.487762950E0,1.868750000E2
6.490386950E0,1.868750000E2
6.493011950E0,1.868750000E2
6.495635950E0,1.868750000E2
6.498260950E0,1.868750000E2
6.500884950E0,1.868750000E2
6.503509950E0,1.868750000E2
6.506133950E0,1.868750000E2
6.508758950E0,1.868750000E2
6.511382950E0,1.868750000E2
6.514007950E0,1.868750000E2
6.516631950E0,1.868750000E2
6.519256950E0,1.868750000E2
6.521880950E0,1.868750000E2
6.524505950E0,1.868750000E2
6.527129950E0,1.868750000E2
6.529754950E0,1.868750000E2
6.532378950E0,1.868750000E2
6.535003950E0,1.868750000E2
6.537627950E0,1.868750000E2
6.540252950E0,1.868750000E2
6.542876950E0,1.868750000E2
6.545501950E0,1.868750000E2
6.548125950E0,1.868750000E2
6.550750950E0,1.868750000E2
6.553375950E0,1.868750000E2
6.555999950E0,1.868750000E2
6.558624950E0,1.868750000E2
6.561248950E0,1.868750000E2
6.563873950E0,1.868750000E2
6.566497950E0,1.868750000E2
6.569122950E0,1.868750000E2
6.571746950E0,1.868750000E2
6.574371950E0,1.868750000E2
6.576995950E0,1.868750000E2
6.579620950E0,1.868750000E2
6.582244950E0,1.868750000E2
6.584869950E0,1.868750000E2
6.587493950E0,1.868750000E2
6.590118950E0,1.868750000E2
6.592742950E0,1.868750000E2
6.595367950E0,1.868750000E2
6.597991950E0,1.868750000E2
6.600616950E0,1.868750000E2
6.603240950E0,1.868750000E2
6.605865950E0,1.868750000E2
6.608489950E0,1.868750000E2
6.611114950E0,1.868750000E2
6.613738950E0,1.868750000E2
6.616363950E0,1.868750000E2
6.618987950E0,1.868750000E2
6.621612950E0,1.868750000E2
6.624236950E0,1.868750000E2
6.626861950E0,1.868750000E2
6.629485950E0,1.868750000E2
6.632110950E0,1.868750000E2
6.634734950E0,1.868750000E2
6.637359950E0,1.868750000E2
6.639983950E0,1.868750000E2
6.642608950E0,1.868750000E2
6.645232950E0,1.868750000E2
6.647857950E0,1.868750000E2
6.650481950E0,1.868750000E2
6.653106950E0,1.868750000E2
6.655730950E0,1.868750000E2
6.658355950E0,1.868750000E2
6.660979950E0,1.868750000E2
6.663604950E0,1.868750000E2
6.666229950E0,1.868750000E2
6.668853950E0,1.868750000E2
6.671478950E0,1.868750000E2
6.674102950E0,1.868750000E2
6.676727950E0,1.868750000E2
6.679351950E0,1.868750000E2
6.681976950E0,1.868750000E2
6.684600950E0,1.868750000E2
6.687225950E0,1.868750000E2
6.689849950E0,1.868750000E2
6.692474950E0,1.868750000E2
6.695098950E0,1.868750000E2
6.697723950E0,1.868750000E2
6.700347950E0,1.868750000E2
6.702972950E0,1.868750000E2
6.705596950E0,1.868750000E2
6.708221950E0,1.868750000E2
6.710845950E0,1.868750000E2
6.713470950E0,1.868750000E2
6.716094950E0,1.868750000E2
6.718719950E0,1.868750000E2
6.721343950E0,1.868750000E2
6.723968950E0,1.868750000E2
6.726592950E0,1.868750000E2
6.729217950E0,1.868750000E2
6.731841950E0,1.868750000E2
6.734466950E0,1.868750000E2
6.737090950E0,1.868750000E2
6.739715950E0,1.868750000E2
6.742339950E0,1.868750000E2
6.744964950E0,1.868750000E2
6.747588950E0,1.868750000E2
6.750213950E0,1.868750000E2
6.752837950E0,1.868750000E2
6.755462950E0,1.868750000E2
6.758086950E0,1.868750000E2
6.760711950E0,1.868750000E2
6.763335950E0,1.868750000E2
6.765960950E0,1.868750000E2
6.768584950E0,1.868750000E2
6.771209950E0,1.868750000E2
6.773833950E0,1.868750000E2
6.776458950E0,1.868750000E2
6.779083950E0,1.868750000E2
6.781707950E0,1.868750000E2
6.784332950E0,1.868750000E2
6.786956950E0,1.868750000E2
6.789581950E0,1.868750000E2
6.792205950E0,1.868750000E2
6.794830950E0,1.868750000E2
6.797454950E0,1.868750000E2
6.800079950E0,1.868750000E2
6.802703950E0,1.868750000E2
6.805328950E0,1.868750000E2
6.807952950E0,1.868750000E2
6.810577950E0,1.868750000E2
6.813201950E0,1.868750000E2
6.815826950E0,1.868750000E2
6.818450950E0,1.868750000E2
6.821075950E0,1.868750000E2
6.823699950E0,1.868750000E2
6.826324950E0,1.868750000E2
6.828948950E0,1.868750000E2
6.831573950E0,1.868750000E2
6.834197950E0,1.868750000E2
6.836822950E0,1.868750000E2
6.839446950E0,1.868750000E2
6.842071950E0,1.868750000E2
6.844695950E0,1.868750000E2
6.847320950E0,1.868750000E2
6.849944950E0,1.868750000E2
6.852569950E0,1.868750000E2
6.855193950E0,1.868750000E2
6.857818950E0,1.868750000E2
6.860442950E0,1.868750000E2
6.863067950E0,1.868750000E2
6.865691950E0,1.868750000E2
6.868316950E0,1.868750000E2
6.870940950E0,1.868750000E2
6.873565950E0,1.868750000E2
6.876189950E0,1.868750000E2
6.878814950E0,1.868750000E2
6.881438950E0,1.868750000E2
6.884063950E0,1.868750000E2
6.886687950E0,1.932500000E2
6.889312950E0,1.932500000E2
6.891937950E0,1.932500000E2
6.894561950E0,1.932500000E2
6.897186950E0,1.932500000E2
6.899810950E0,1.932500000E2
6.902435950E0,1.932500000E2
6.905059950E0,1.932500000E2
6.907684950E0,1.932500000E2
6.910308950E0,1.932500000E2
6.912933950E0,1.868750000E2
6.915557950E0,1.868750000E2
6.918182950E0,1.868750000E2
6.920806950E0,1.868750000E2
6.923431950E0,1.868750000E2
6.926055950E0,1.868750000E2
6.928680950E0,1.868750000E2
6.931304950E0,1.868750000E2
6.933929950E0,1.868750000E2
6.936553950E0,1.868750000E2
6.939178950E0,1.932500000E2
6.941802950E0,1.932500000E2
6.944427950E0,1.932500000E2
6.947051950E0,1.932500000E2
6.949676950E0,1.932500000E2
6.952300950E0,1.932500000E2
6.954925950E0,1.932500000E2
6.957549950E0,1.932500000E2
6.960174950E0,1.932500000E2
6.962798950E0,1.868750000E2
6.965423950E0,1.868750000E2
6.968047950E0,1.868750000E2
6.970672950E0,1.868750000E2
6.973296950E0,1.868750000E2
6.975921950E0,1.868750000E2
6.978545950E0,1.868750000E2
6.981170950E0,1.868750000E2
6.983794950E0,1.868750000E2
6.986419950E0,1.868750000E2
6.989043950E0,1.868750000E2
6.991668950E0,1.868750000E2
6.994292950E0,1.868750000E2
6.996917950E0,1.868750000E2
6.999541950E0,1.868750000E2
7.002166950E0,1.868750000E2
7.004791950E0,1.868750000E2
7.007415950E0,1.868750000E2
7.010040950E0,1.868750000E2
7.012664950E0,1.868750000E2
7.015289950E0,1.868750000E2
7.017913950E0,1.868750000E2
7.020538950E0,1.868750000E2
7.023162950E0,1.868750000E2
7.025787950E0,1.868750000E2
7.028411950E0,1.868750000E2
7.031036950E0,1.868750000E2
7.033660950E0,1.868750000E2
7.036285950E0,1.868750000E2
7.038909950E0,1.868750000E2
7.041534950E0,1.868750000E2
7.044158950E0,1.868750000E2
7.046783950E0,1.868750000E2
7.049407950E0,1.868750000E2
7.052032950E0,1.868750000E2
7.054656950E0,1.868750000E2
7.057281950E0,1.868750000E2
7.059905950E0,1.868750000E2
7.062530950E0,1.868750000E2
7.065154950E0,1.932500000E2
7.067779950E0,1.932500000E2
7.070403950E0,1.932500000E2
7.073028950E0,1.932500000E2
7.075652950E0,1.932500000E2
7.078277950E0,1.932500000E2
7.080901950E0,1.932500000E2
7.083526950E0,1.932500000E2
7.086150950E0,1.932500000E2
7.088775950E0,1.932500000E2
7.091399950E0,1.868750000E2
7.094024950E0,1.868750000E2
7.096648950E0,1.868750000E2
7.099273950E0,1.868750000E2
7.101897950E0,1.868750000E2
7.104522950E0,1.868750000E2
7.107146950E0,1.868750000E2
7.109771950E0,1.868750000E2
7.112396950E0,1.868750000E2
7.115020950E0,1.868750000E2
7.117645950E0,1.868750000E2
7.120269950E0,1.868750000E2
7.122894950E0,1.868750000E2
7.125518950E0,1.868750000E2
7.128143950E0,1.868750000E2
7.130767950E0,1.868750000E2
7.133392950E0,1.868750000E2
7.136016950E0,1.868750000E2
7.138641950E0,1.868750000E2
7.141265950E0,1.868750000E2
7.143890950E0,1.868750000E2
7.146514950E0,1.868750000E2
7.149139950E0,1.868750000E2
7.151763950E0,1.868750000E2
7.154388950E0,1.868750000E2
7.157012950E0,1.868750000E2
7.159637950E0,1.868750000E2
7.162261950E0,1.868750000E2
7.164886950E0,1.868750000E2
7.167510950E0,1.932500000E2
7.170135950E0,1.932500000E2
7.172759950E0,1.932500000E2
7.175384950E0,1.932500000E2
7.178008950E0,1.932500000E2
7.180633950E0,1.932500000E2
7.183257950E0,1.932500000E2
7.185882950E0,1.932500000E2
7.188506950E0,1.932500000E2
7.191131950E0,1.932500000E2
7.193755950E0,1.868750000E2
7.196380950E0,1.868750000E2
7.199004950E0,1.868750000E2
7.201629950E0,1.868750000E2
7.204253950E0,1.868750000E2
7.206878950E0,1.868750000E2
7.209502950E0,1.868750000E2
7.212127950E0,1.868750000E2
7.214751950E0,1.868750000E2
7.217376950E0,1.868750000E2
7.220000950E0,1.868750000E2
7.222625950E0,1.868750000E2
7.225250950E0,1.868750000E2
7.227874950E0,1.868750000E2
7.230499950E0,1.868750000E2
7.233123950E0,1.868750000E2
7.235748950E0,1.868750000E2
7.238372950E0,1.868750000E2
7.240997950E0,1.868750000E2
7.243621950E0,1.868750000E2
7.246246950E0,1.868750000E2
7.248870950E0,1.868750000E2
7.251495950E0,1.868750000E2
7.254119950E0,1.868750000E2
7.256744950E0,1.868750000E2
7.259368950E0,1.868750000E2
7.261993950E0,1.868750000E2
7.264617950E0,1.868750000E2
7.267242950E0,1.868750000E2
7.269866950E0,1.868750000E2
7.272491950E0,1.868750000E2
7.275115950E0,1.868750000E2
7.277740950E0,1.868750000E2
7.280364950E0,1.868750000E2
7.282989950E0,1.868750000E2
7.285613950E0,1.868750000E2
7.288238950E0,1.868750000E2
7.290862950E0,1.868750000E2
7.293487950E0,1.868750000E2
7.296111950E0,1.868750000E2
7.298736950E0,1.868750000E2
7.301360950E0,1.868750000E2
7.303985950E0,1.868750000E2
7.306609950E0,1.868750000E2
7.309234950E0,1.868750000E2
7.311858950E0,1.868750000E2
7.314483950E0,1.868750000E2
7.317107950E0,1.868750000E2
7.319732950E0,1.868750000E2
7.322356950E0,1.868750000E2
7.324981950E0,1.868750000E2
7.327605950E0,1.868750000E2
7.330230950E0,1.868750000E2
7.332854950E0,1.868750000E2
7.335479950E0,1.868750000E2
7.338104950E0,1.868750000E2
7.340728950E0,1.868750000E2
7.343353950E0,1.868750000E2
7.345977950E0,1.868750000E2
7.348602950E0,1.868750000E2
7.351226950E0,1.868750000E2
7.353851950E0,1.868750000E2
7.356475950E0,1.868750000E2
7.359100950E0,1.868750000E2
7.361724950E0,1.868750000E2
7.364349950E0,1.868750000E2
7.366973950E0,1.868750000E2
7.369598950E0,1.868750000E2
7.372222950E0,1.868750000E2
7.374847950E0,1.868750000E2
7.377471950E0,1.868750000E2
7.380096950E0,1.868750000E2
7.382720950E0,1.868750000E2
7.385345950E0,1.868750000E2
7.387969950E0,1.868750000E2
7.390594950E0,1.868750000E2
7.393218950E0,1.868750000E2
7.395843950E0,1.868750000E2
7.398467950E0,1.868750000E2
7.401092950E0,1.868750000E2
7.403716950E0,1.868750000E2
7.406341950E0,1.868750000E2
7.408965950E0,1.868750000E2
7.411590950E0,1.868750000E2
7.414214950E0,1.868750000E2
7.416839950E0,1.868750000E2
7.419463950E0,1.868750000E2
7.422088950E0,1.868750000E2
7.424712950E0,1.868750000E2
7.427337950E0,1.868750000E2
7.429961950E0,1.868750000E2
7.432586950E0,1.868750000E2
7.435210950E0,1.868750000E2
7.437835950E0,1.868750000E2
7.440459950E0,1.868750000E2
7.443084950E0,1.868750000E2
7.445708950E0,1.868750000E2
7.448333950E0,1.868750000E2
7.450958950E0,1.868750000E2
7.453582950E0,1.868750000E2
7.456207950E0,1.868750000E2
7.458831950E0,1.868750000E2
7.461456950E0,1.868750000E2
7.464080950E0,1.868750000E2
7.466705950E0,1.868750000E2
7.469329950E0,1.868750000E2
7.471954950E0,1.868750000E2
7.474578950E0,1.868750000E2
7.477203950E0,1.868750000E2
7.479827950E0,1.868750000E2
7.482452950E0,1.868750000E2
7.485076950E0,1.868750000E2
7.487701950E0,1.868750000E2
7.490325950E0,1.868750000E2
7.492950950E0,1.868750000E2
7.495574950E0,1.868750000E2
7.498199950E0,1.868750000E2
7.500823950E0,1.868750000E2
7.503448950E0,1.868750000E2
7.506072950E0,1.868750000E2
7.508697950E0,1.868750000E2
7.511321950E0,1.868750000E2
7.513946950E0,1.868750000E2
7.516570950E0,1.868750000E2
7.519195950E0,1.868750000E2
7.521819950E0,1.868750000E2
7.524444950E0,1.868750000E2
7.527068950E0,1.868750000E2
7.529693950E0,1.868750000E2
7.532317950E0,1.868750000E2
7.534942950E0,1.868750000E2
7.537566950E0,1.868750000E2
7.540191950E0,1.868750000E2
7.542815950E0,1.868750000E2
7.545440950E0,1.868750000E2
7.548064950E0,1.868750000E2
7.550689950E0,1.868750000E2
7.553313950E0,1.868750000E2
7.555938950E0,1.868750000E2
7.558562950E0,1.868750000E2
7.561187950E0,1.868750000E2
7.563812950E0,1.868750000E2
7.566436950E0,1.868750000E2
7.569061950E0,1.868750000E2
7.571685950E0,1.868750000E2
7.574310950E0,1.868750000E2
7.576934950E0,1.868750000E2
7.579559950E0,1.868750000E2
7.582183950E0,1.868750000E2
7.584808950E0,1.868750000E2
7.587432950E0,1.868750000E2
7.590057950E0,1.868750000E2
7.592681950E0,1.868750000E2
7.595306950E0,1.868750000E2
7.597930950E0,1.868750000E2
7.600555950E0,1.868750000E2
7.603179950E0,1.868750000E2
7.605804950E0,1.868750000E2
7.608428950E0,1.868750000E2
7.611053950E0,1.868750000E2
7.613677950E0,1.868750000E2
7.616302950E0,1.868750000E2
7.618926950E0,1.868750000E2
7.621551950E0,1.868750000E2
7.624175950E0,1.868750000E2
7.626800950E0,1.868750000E2
7.629424950E0,1.868750000E2
7.632049950E0,1.868750000E2
7.634673950E0,1.868750000E2
7.637298950E0,1.868750000E2
7.639922950E0,1.868750000E2
7.642547950E0,1.868750000E2
7.645171950E0,1.868750000E2
7.647796950E0,1.868750000E2
7.650420950E0,1.868750000E2
7.653045950E0,1.868750000E2
7.655669950E0,1.868750000E2
7.658294950E0,1.868750000E2
7.660918950E0,1.868750000E2
7.663543950E0,1.868750000E2
7.666167950E0,1.868750000E2
7.668792950E0,1.868750000E2
7.671416950E0,1.868750000E2
7.674041950E0,1.868750000E2
7.676666950E0,1.868750000E2
7.679290950E0,1.868750000E2
7.681915950E0,1.868750000E2
7.684539950E0,1.868750000E2
7.687164950E0,1.868750000E2
7.689788950E0,1.868750000E2
7.692413950E0,1.868750000E2
7.695037950E0,1.868750000E2
7.697662950E0,1.868750000E2
7.700286950E0,1.868750000E2
7.702911950E0,1.868750000E2
7.705535950E0,1.868750000E2
7.708160950E0,1.868750000E2
7.710784950E0,1.868750000E2
7.713409950E0,1.868750000E2
7.716033950E0,1.868750000E2
7.718658950E0,1.868750000E2
7.721282950E0,1.868750000E2
7.723907950E0,1.868750000E2
7.726531950E0,1.868750000E2
7.729156950E0,1.868750000E2
7.731780950E0,1.868750000E2
7.734405950E0,1.868750000E2
7.737029950E0,1.868750000E2
7.739654950E0,1.868750000E2
7.742278950E0,1.868750000E2
7.744903950E0,1.868750000E2
7.747527950E0,1.868750000E2
7.750152950E0,1.868750000E2
7.752776950E0,1.868750000E2
7.755401950E0,1.868750000E2
7.758025950E0,1.868750000E2
7.760650950E0,1.868750000E2
7.763274950E0,1.868750000E2
7.765899950E0,1.868750000E2
7.768523950E0,1.868750000E2
7.771148950E0,1.868750000E2
7.773772950E0,1.868750000E2
7.776397950E0,1.868750000E2
7.779021950E0,1.868750000E2
7.781646950E0,1.868750000E2
7.784271950E0,1.868750000E2
7.786895950E0,1.868750000E2
7.789520950E0,1.868750000E2
7.792144950E0,1.868750000E2
7.794769950E0,1.868750000E2
7.797393950E0,1.868750000E2
7.800018950E0,1.868750000E2
7.802642950E0,1.868750000E2
7.805267950E0,1.868750000E2
7.807891950E0,1.868750000E2
7.810516950E0,1.868750000E2
7.813140950E0,1.868750000E2
7.815765950E0,1.868750000E2
7.818389950E0,1.868750000E2
7.821014950E0,1.868750000E2
7.823638950E0,1.868750000E2
7.826263950E0,1.868750000E2
7.828887950E0,1.868750000E2
7.831512950E0,1.868750000E2
7.834136950E0,1.868750000E2
7.836761950E0,1.868750000E2
7.839385950E0,1.868750000E2
7.842010950E0,1.868750000E2
7.844634950E0,1.868750000E2
7.847259950E0,1.868750000E2
7.849883950E0,1.868750000E2
7.852508950E0,1.868750000E2
7.855132950E0,1.868750000E2
7.857757950E0,1.868750000E2
7.860381950E0,1.868750000E2
7.863006950E0,1.868750000E2
7.865630950E0,1.868750000E2
7.868255950E0,1.868750000E2
7.870879950E0,1.868750000E2
7.873504950E0,1.868750000E2
7.876128950E0,1.868750000E2
7.878753950E0,1.868750000E2
7.881377950E0,1.868750000E2
7.884002950E0,1.868750000E2
7.886626950E0,1.868750000E2
7.889251950E0,1.868750000E2
7.891875950E0,1.868750000E2
7.894500950E0,1.868750000E2
7.897125950E0,1.868750000E2
7.899749950E0,1.868750000E2
7.902374950E0,1.868750000E2
7.904998950E0,1.868750000E2
7.907623950E0,1.868750000E2
7.910247950E0,1.868750000E2
7.912872950E0,1.868750000E2
7.915496950E0,1.868750000E2
7.918121950E0,1.868750000E2
7.920745950E0,1.868750000E2
7.923370950E0,1.868750000E2
7.925994950E0,1.868750000E2
7.928619950E0,1.868750000E2
7.931243950E0,1.868750000E2
7.933868950E0,1.868750000E2
7.936492950E0,1.868750000E2
7.939117950E0,1.868750000E2
7.941741950E0,1.868750000E2
7.944366950E0,1.868750000E2
7.946990950E0,1.868750000E2
7.949615950E0,1.868750000E2
7.952239950E0,1.868750000E2
7.954864950E0,1.868750000E2
7.957488950E0,1.868750000E2
7.960113950E0,1.868750000E2
7.962737950E0,1.868750000E2
7.965362950E0,1.868750000E2
7.967986950E0,1.868750000E2
7.970611950E0,1.868750000E2
7.973235950E0,1.868750000E2
7.975860950E0,1.868750000E2
7.978484950E0,1.868750000E2
7.981109950E0,1.868750000E2
7.983733950E0,1.868750000E2
7.986358950E0,1.868750000E2
7.988982950E0,1.868750000E2
7.991607950E0,1.868750000E2
7.994231950E0,1.868750000E2
7.996856950E0,1.868750000E2
7.999480950E0,1.868750000E2
8.002105950E0,1.868750000E2
8.004729950E0,1.868750000E2
8.007354950E0,1.868750000E2
8.009979950E0,1.868750000E2
8.012603950E0,1.868750000E2
8.015228950E0,1.868750000E2
8.017852950E0,1.868750000E2
8.020477950E0,1.868750000E2
8.023101950E0,1.868750000E2
8.025726950E0,1.868750000E2
8.028350950E0,1.868750000E2
8.030975950E0,1.868750000E2
8.033599950E0,1.868750000E2
8.036224950E0,1.868750000E2
8.038848950E0,1.868750000E2
8.041473950E0,1.868750000E2
8.044097950E0,1.868750000E2
8.046722950E0,1.868750000E2
8.049346950E0,1.868750000E2
8.051971950E0,1.868750000E2
8.054595950E0,1.868750000E2
8.057220950E0,1.868750000E2
8.059844950E0,1.868750000E2
8.062469950E0,1.868750000E2
8.065093950E0,1.868750000E2
8.067718950E0,1.868750000E2
8.070342950E0,1.868750000E2
8.072967950E0,1.868750000E2
8.075591950E0,1.868750000E2
8.078216950E0,1.868750000E2
8.080840950E0,1.868750000E2
8.083465950E0,1.868750000E2
8.086089950E0,1.868750000E2
8.088714950E0,1.868750000E2
8.091338950E0,1.868750000E2
8.093963950E0,1.868750000E2
8.096587950E0,1.868750000E2
8.099212950E0,1.868750000E2
8.101836950E0,1.868750000E2
8.104461950E0,1.868750000E2
8.107085950E0,1.868750000E2
8.109710950E0,1.868750000E2
8.112334950E0,1.868750000E2
8.114959950E0,1.868750000E2
8.117583950E0,1.868750000E2
8.120208950E0,1.868750000E2
8.122833950E0,1.868750000E2
8.125457950E0,1.868750000E2
8.128082950E0,1.868750000E2
8.130706950E0,1.868750000E2
8.133331950E0,1.868750000E2
8.135955950E0,1.868750000E2
8.138580950E0,1.868750000E2
8.141204950E0,1.868750000E2
8.143829950E0,1.868750000E2
8.146453950E0,1.868750000E2
8.149078950E0,1.868750000E2
8.151702950E0,1.868750000E2
8.154327950E0,1.868750000E2
8.156951950E0,1.868750000E2
8.159576950E0,1.868750000E2
8.162200950E0,1.868750000E2
8.164825950E0,1.868750000E2
8.167449950E0,1.868750000E2
8.170074950E0,1.868750000E2
8.172698950E0,1.868750000E2
8.175323950E0,1.868750000E2
8.177947950E0,1.868750000E2
8.180572950E0,1.868750000E2
8.183196950E0,1.868750000E2
8.185821950E0,1.868750000E2
8.188445950E0,1.868750000E2
8.191070950E0,1.868750000E2
8.193694950E0,1.868750000E2
8.196319950E0,1.868750000E2
8.198943950E0,1.868750000E2
8.201568950E0,1.868750000E2
8.204192950E0,1.868750000E2
8.206817950E0,1.868750000E2
8.209441950E0,1.868750000E2
8.212066950E0,1.868750000E2
8.214690950E0,1.868750000E2
8.217315950E0,1.868750000E2
8.219939950E0,1.868750000E2
8.222564950E0,1.868750000E2
8.225188950E0,1.868750000E2
8.227813950E0,1.868750000E2
8.230437950E0,1.868750000E2
8.233062950E0,1.868750000E2
8.235687950E0,1.868750000E2
8.238311950E0,1.868750000E2
8.240936950E0,1.868750000E2
8.243560950E0,1.868750000E2
8.246185950E0,1.868750000E2
8.248809950E0,1.868750000E2
8.251434950E0,1.868750000E2
8.254058950E0,1.868750000E2
8.256683950E0,1.868750000E2
8.259307950E0,1.868750000E2
8.261932950E0,1.868750000E2
8.264556950E0,1.868750000E2
8.267181950E0,1.868750000E2
8.269805950E0,1.868750000E2
8.272430950E0,1.868750000E2
8.275054950E0,1.868750000E2
8.277679950E0,1.868750000E2
8.280303950E0,1.868750000E2
8.282928950E0,1.868750000E2
8.285552950E0,1.868750000E2
8.288177950E0,1.868750000E2
8.290801950E0,1.868750000E2
8.293426950E0,1.868750000E2
8.296050950E0,1.868750000E2
8.298675950E0,1.868750000E2
8.301299950E0,1.868750000E2
8.303924950E0,1.868750000E2
8.306548950E0,1.868750000E2
8.309173950E0,1.868750000E2
8.311797950E0,1.868750000E2
8.314422950E0,1.868750000E2
8.317046950E0,1.868750000E2
8.319671950E0,1.868750000E2
8.322295950E0,1.868750000E2
8.324920950E0,1.868750000E2
8.327544950E0,1.868750000E2
8.330169950E0,1.868750000E2
8.332793950E0,1.868750000E2
8.335418950E0,1.868750000E2
8.338042950E0,1.868750000E2
8.340667950E0,1.868750000E2
8.343291950E0,1.868750000E2
8.345916950E0,1.868750000E2
8.348541950E0,1.868750000E2
8.351165950E0,1.868750000E2
8.353790950E0,1.868750000E2
8.356414950E0,1.868750000E2
8.359039950E0,1.868750000E2
8.361663950E0,1.868750000E2
8.364288950E0,1.868750000E2
8.366912950E0,1.868750000E2
8.369537950E0,1.868750000E2
8.372161950E0,1.868750000E2
8.374786950E0,1.868750000E2
8.377410950E0,1.868750000E2
8.380035950E0,1.868750000E2
8.382659950E0,1.868750000E2
8.385284950E0,1.868750000E2
8.387908950E0,1.868750000E2
8.390533950E0,1.868750000E2
8.393157950E0,1.868750000E2
8.395782950E0,1.868750000E2
8.398406950E0,1.868750000E2
8.401031950E0,1.868750000E2
8.403655950E0,1.868750000E2
8.406280950E0,1.868750000E2
8.408904950E0,1.868750000E2
8.411529950E0,1.868750000E2
8.414153950E0,1.868750000E2
8.416778950E0,1.868750000E2
8.419402950E0,1.868750000E2
8.422027950E0,1.868750000E2
8.424651950E0,1.868750000E2
8.427276950E0,1.868750000E2
8.429900950E0,1.868750000E2
8.432525950E0,1.868750000E2
8.435149950E0,1.868750000E2
8.437774950E0,1.868750000E2
8.440398950E0,1.868750000E2
8.443023950E0,1.868750000E2
8.445647950E0,1.868750000E2
8.448272950E0,1.868750000E2
8.450896950E0,1.868750000E2
8.453521950E0,1.868750000E2
8.456146950E0,1.868750000E2
8.458770950E0,1.868750000E2
8.461395950E0,1.868750000E2
8.464019950E0,1.868750000E2
8.466644950E0,1.868750000E2
8.469268950E0,1.868750000E2
8.471893950E0,1.868750000E2
8.474517950E0,1.868750000E2
8.477142950E0,1.868750000E2
8.479766950E0,1.868750000E2
8.482391950E0,1.868750000E2
8.485015950E0,1.868750000E2
8.487640950E0,1.868750000E2
8.490264950E0,1.932500000E2
8.492889950E0,1.932500000E2
8.495513950E0,1.932500000E2
8.498138950E0,1.932500000E2
8.500762950E0,1.932500000E2
8.503387950E0,1.932500000E2
8.506011950E0,1.932500000E2
8.508636950E0,1.932500000E2
8.511260950E0,1.932500000E2
8.513885950E0,1.932500000E2
8.516509950E0,1.868750000E2
8.519134950E0,1.868750000E2
8.521758950E0,1.868750000E2
8.524383950E0,1.868750000E2
8.527007950E0,1.868750000E2
8.529632950E0,1.868750000E2
8.532256950E0,1.868750000E2
8.534881950E0,1.868750000E2
8.537505950E0,1.868750000E2
8.540130950E0,1.868750000E2
8.542754950E0,1.868750000E2
8.545379950E0,1.868750000E2
8.548003950E0,1.868750000E2
8.550628950E0,1.868750000E2
8.553252950E0,1.868750000E2
8.555877950E0,1.868750000E2
8.558501950E0,1.868750000E2
8.561126950E0,1.868750000E2
8.563750950E0,1.868750000E2
8.566375950E0,1.868750000E2
8.569000950E0,1.868750000E2
8.571624950E0,1.868750000E2
8.574249950E0,1.868750000E2
8.576873950E0,1.868750000E2
8.579498950E0,1.868750000E2
8.582122950E0,1.868750000E2
8.584747950E0,1.868750000E2
8.587371950E0,1.868750000E2
8.589996950E0,1.868750000E2
8.592620950E0,1.868750000E2
8.595245950E0,1.868750000E2
8.597869950E0,1.868750000E2
8.600494950E0,1.868750000E2
8.603118950E0,1.868750000E2
8.605743950E0,1.868750000E2
8.608367950E0,1.868750000E2
8.610992950E0,1.868750000E2
8.613616950E0,1.868750000E2
8.616241950E0,1.868750000E2
8.618865950E0,1.868750000E2
8.621490950E0,1.868750000E2
8.624114950E0,1.868750000E2
8.626739950E0,1.868750000E2
8.629363950E0,1.868750000E2
8.631988950E0,1.868750000E2
8.634612950E0,1.868750000E2
8.637237950E0,1.868750000E2
8.639861950E0,1.868750000E2
8.642486950E0,1.868750000E2
8.645110950E0,1.868750000E2
8.647735950E0,1.868750000E2
8.650359950E0,1.868750000E2
8.652984950E0,1.868750000E2
8.655608950E0,1.868750000E2
8.658233950E0,1.868750000E2
8.660857950E0,1.868750000E2
8.663482950E0,1.868750000E2
8.666106950E0,1.868750000E2
8.668731950E0,1.868750000E2
8.671355950E0,1.868750000E2
8.673980950E0,1.868750000E2
8.676604950E0,1.868750000E2
8.679229950E0,1.868750000E2
8.681854950E0,1.868750000E2
8.684478950E0,1.868750000E2
8.687103950E0,1.868750000E2
8.689727950E0,1.868750000E2
8.692352950E0,1.868750000E2
8.694976950E0,1.868750000E2
8.697601950E0,1.868750000E2
8.700225950E0,1.868750000E2
8.702850950E0,1.868750000E2
8.705474950E0,1.868750000E2
8.708099950E0,1.868750000E2
8.710723950E0,1.868750000E2
8.713348950E0,1.868750000E2
8.715972950E0,1.868750000E2
8.718597950E0,1.868750000E2
8.721221950E0,1.932500000E2
8.723846950E0,1.932500000E2
8.726470950E0,1.932500000E2
8.729095950E0,1.932500000E2
8.731719950E0,1.932500000E2
8.734344950E0,1.932500000E2
8.736968950E0,1.932500000E2
8.739593950E0,1.932500000E2
8.742217950E0,1.932500000E2
8.744842950E0,1.868750000E2
8.747466950E0,1.868750000E2
8.750091950E0,1.868750000E2
8.752715950E0,1.868750000E2
8.755340950E0,1.868750000E2
8.757964950E0,1.868750000E2
8.760589950E0,1.868750000E2
8.763213950E0,1.868750000E2
8.765838950E0,1.868750000E2
8.768462950E0,1.868750000E2
8.771087950E0,1.868750000E2
8.773711950E0,1.868750000E2
8.776336950E0,1.868750000E2
8.778960950E0,1.868750000E2
8.781585950E0,1.868750000E2
8.784209950E0,1.868750000E2
8.786834950E0,1.868750000E2
8.789458950E0,1.868750000E2
8.792083950E0,1.868750000E2
8.794708950E0,1.868750000E2
8.797332950E0,1.868750000E2
8.799957950E0,1.868750000E2
8.802581950E0,1.868750000E2
8.805206950E0,1.868750000E2
8.807830950E0,1.868750000E2
8.810455950E0,1.868750000E2
8.813079950E0,1.868750000E2
8.815704950E0,1.868750000E2
8.818328950E0,1.868750000E2
8.820953950E0,1.868750000E2
8.823577950E0,1.868750000E2
8.826202950E0,1.868750000E2
8.828826950E0,1.868750000E2
8.831451950E0,1.868750000E2
8.834075950E0,1.868750000E2
8.836700950E0,1.868750000E2
8.839324950E0,1.868750000E2
8.841949950E0,1.868750000E2
8.844573950E0,1.868750000E2
8.847198950E0,1.868750000E2
8.849822950E0,1.868750000E2
8.852447950E0,1.868750000E2
8.855071950E0,1.868750000E2
8.857696950E0,1.868750000E2
8.860320950E0,1.868750000E2
8.862945950E0,1.868750000E2
8.865569950E0,1.868750000E2
8.868194950E0,1.868750000E2
8.870818950E0,1.868750000E2
8.873443950E0,1.868750000E2
8.876067950E0,1.868750000E2
8.878692950E0,1.868750000E2
8.881316950E0,1.868750000E2
8.883941950E0,1.868750000E2
8.886565950E0,1.868750000E2
8.889190950E0,1.868750000E2
8.891814950E0,1.868750000E2
8.894439950E0,1.868750000E2
8.897063950E0,1.868750000E2
8.899688950E0,1.868750000E2
8.902312950E0,1.868750000E2
8.904937950E0,1.868750000E2
8.907562950E0,1.868750000E2
8.910186950E0,1.868750000E2
8.912811950E0,1.868750000E2
8.915435950E0,1.868750000E2
8.918060950E0,1.868750000E2
8.920684950E0,1.868750000E2
8.923309950E0,1.868750000E2
8.925933950E0,1.868750000E2
8.928558950E0,1.868750000E2
8.931182950E0,1.868750000E2
8.933807950E0,1.868750000E2
8.936431950E0,1.868750000E2
8.939056950E0,1.868750000E2
8.941680950E0,1.868750000E2
8.944305950E0,1.868750000E2
8.946929950E0,1.868750000E2
8.949554950E0,1.868750000E2
8.952178950E0,1.868750000E2
8.954803950E0,1.868750000E2
8.957427950E0,1.868750000E2
8.960052950E0,1.868750000E2
8.962676950E0,1.868750000E2
8.965301950E0,1.868750000E2
8.967925950E0,1.868750000E2
8.970550950E0,1.868750000E2
8.973174950E0,1.868750000E2
8.975799950E0,1.868750000E2
8.978423950E0,1.868750000E2
8.981048950E0,1.868750000E2
8.983672950E0,1.868750000E2
8.986297950E0,1.868750000E2
8.988921950E0,1.868750000E2
8.991546950E0,1.868750000E2
8.994170950E0,1.868750000E2
8.996795950E0,1.868750000E2
8.999419950E0,1.868750000E2
9.002044950E0,1.868750000E2
9.004668950E0,1.868750000E2
9.007293950E0,1.868750000E2
9.009917950E0,1.868750000E2
9.012542950E0,1.868750000E2
9.015166950E0,1.868750000E2
9.017791950E0,1.868750000E2
9.020416950E0,1.868750000E2
9.023040950E0,1.868750000E2
9.025665950E0,1.868750000E2
9.028289950E0,1.868750000E2
9.030914950E0,1.868750000E2
9.033538950E0,1.868750000E2
9.036163950E0,1.868750000E2
9.038787950E0,1.868750000E2
9.041412950E0,1.868750000E2
9.044036950E0,1.868750000E2
9.046661950E0,1.868750000E2
9.049285950E0,1.868750000E2
9.051910950E0,1.868750000E2
9.054534950E0,1.868750000E2
9.057159950E0,1.868750000E2
9.059783950E0,1.868750000E2
9.062408950E0,1.868750000E2
9.065032950E0,1.868750000E2
9.067657950E0,1.868750000E2
9.070281950E0,1.868750000E2
9.072906950E0,1.868750000E2
9.075530950E0,1.868750000E2
9.078155950E0,1.868750000E2
9.080779950E0,1.868750000E2
9.083404950E0,1.868750000E2
9.086028950E0,1.868750000E2
9.088653950E0,1.868750000E2
9.091277950E0,1.868750000E2
9.093902950E0,1.868750000E2
9.096526950E0,1.868750000E2
9.099151950E0,1.868750000E2
9.101775950E0,1.868750000E2
9.104400950E0,1.868750000E2
9.107024950E0,1.868750000E2
9.109649950E0,1.868750000E2
9.112273950E0,1.868750000E2
9.114898950E0,1.868750000E2
9.117522950E0,1.868750000E2
9.120147950E0,1.868750000E2
9.122771950E0,1.868750000E2
9.125396950E0,1.868750000E2
9.128021950E0,1.868750000E2
9.130645950E0,1.868750000E2
9.133270950E0,1.868750000E2
9.135894950E0,1.868750000E2
9.138519950E0,1.868750000E2
9.141143950E0,1.868750000E2
9.143768950E0,1.868750000E2
9.146392950E0,1.868750000E2
9.149017950E0,1.868750000E2
9.151641950E0,1.868750000E2
9.154266950E0,1.932500000E2
9.156890950E0,1.932500000E2
9.159515950E0,1.932500000E2
9.162139950E0,1.932500000E2
9.164764950E0,1.932500000E2
9.167388950E0,1.932500000E2
9.170013950E0,1.932500000E2
9.172637950E0,1.932500000E2
9.175262950E0,1.932500000E2
9.177886950E0,1.868750000E2
9.180511950E0,1.868750000E2
9.183135950E0,1.868750000E2
9.185760950E0,1.868750000E2
9.188384950E0,1.868750000E2
9.191009950E0,1.868750000E2
9.193633950E0,1.868750000E2
9.196258950E0,1.868750000E2
9.198882950E0,1.868750000E2
9.201507950E0,1.868750000E2
9.204131950E0,1.868750000E2
9.206756950E0,1.868750000E2
9.209380950E0,1.868750000E2
9.212005950E0,1.868750000E2
9.214629950E0,1.868750000E2
9.217254950E0,1.868750000E2
9.219878950E0,1.868750000E2
9.222503950E0,1.868750000E2
9.225127950E0,1.868750000E2
9.227752950E0,1.868750000E2
9.230376950E0,1.868750000E2
9.233001950E0,1.868750000E2
9.235625950E0,1.868750000E2
9.238250950E0,1.868750000E2
9.240875950E0,1.868750000E2
9.243499950E0,1.868750000E2
9.246124950E0,1.868750000E2
9.248748950E0,1.868750000E2
9.251373950E0,1.868750000E2
9.253997950E0,1.868750000E2
9.256622950E0,1.868750000E2
9.259246950E0,1.868750000E2
9.261871950E0,1.868750000E2
9.264495950E0,1.868750000E2
9.267120950E0,1.868750000E2
9.269744950E0,1.868750000E2
9.272369950E0,1.868750000E2
9.274993950E0,1.868750000E2
9.277618950E0,1.868750000E2
9.280242950E0,1.868750000E2
9.282867950E0,1.868750000E2
9.285491950E0,1.868750000E2
9.288116950E0,1.868750000E2
9.290740950E0,1.868750000E2
9.293365950E0,1.868750000E2
9.295989950E0,1.868750000E2
9.298614950E0,1.868750000E2
9.301238950E0,1.868750000E2
9.303863950E0,1.932500000E2
9.306487950E0,1.932500000E2
9.309112950E0,1.932500000E2
9.311736950E0,1.932500000E2
9.314361950E0,1.932500000E2
9.316985950E0,1.932500000E2
9.319610950E0,1.932500000E2
9.322234950E0,1.932500000E2
9.324859950E0,1.932500000E2
9.327483950E0,1.932500000E2
9.330108950E0,1.932500000E2
9.332732950E0,1.932500000E2
9.335357950E0,1.932500000E2
9.337981950E0,1.932500000E2
9.340606950E0,1.932500000E2
9.343230950E0,1.932500000E2
9.345855950E0,1.932500000E2
9.348479950E0,1.932500000E2
9.351104950E0,1.932500000E2
9.353729950E0,1.932500000E2
9.356353950E0,1.932500000E2
9.358978950E0,1.932500000E2
9.361602950E0,1.932500000E2
9.364227950E0,1.932500000E2
9.366851950E0,1.932500000E2
9.369476950E0,1.932500000E2
9.372100950E0,1.932500000E2
9.374725950E0,1.932500000E2
9.377349950E0,1.932500000E2
9.379974950E0,1.932500000E2
9.382598950E0,1.868750000E2
9.385223950E0,1.868750000E2
9.387847950E0,1.868750000E2
9.390472950E0,1.868750000E2
9.393096950E0,1.868750000E2
9.395721950E0,1.868750000E2
9.398345950E0,1.868750000E2
9.400970950E0,1.868750000E2
9.403594950E0,1.868750000E2
9.406219950E0,1.868750000E2
9.408843950E0,1.868750000E2
9.411468950E0,1.868750000E2
9.414092950E0,1.868750000E2
9.416717950E0,1.868750000E2
9.419341950E0,1.868750000E2
9.421966950E0,1.868750000E2
9.424590950E0,1.868750000E2
9.427215950E0,1.868750000E2
9.429839950E0,1.868750000E2
9.432464950E0,1.868750000E2
9.435088950E0,1.868750000E2
9.437713950E0,1.868750000E2
9.440337950E0,1.868750000E2
9.442962950E0,1.868750000E2
9.445586950E0,1.868750000E2
9.448211950E0,1.868750000E2
9.450835950E0,1.868750000E2
9.453460950E0,1.868750000E2
9.456084950E0,1.868750000E2
9.458709950E0,1.868750000E2
9.461333950E0,1.868750000E2
9.463958950E0,1.868750000E2
9.466583950E0,1.868750000E2
9.469207950E0,1.868750000E2
9.471832950E0,1.868750000E2
9.474456950E0,1.868750000E2
9.477081950E0,1.868750000E2
9.479705950E0,1.868750000E2
9.482330950E0,1.868750000E2
9.484954950E0,1.868750000E2
9.487579950E0,1.868750000E2
9.490203950E0,1.868750000E2
9.492828950E0,1.868750000E2
9.495452950E0,1.868750000E2
9.498077950E0,1.868750000E2
9.500701950E0,1.868750000E2
9.503326950E0,1.868750000E2
9.505950950E0,1.868750000E2
9.508575950E0,1.868750000E2
9.511199950E0,1.868750000E2
9.513824950E0,1.868750000E2
9.516448950E0,1.868750000E2
9.519073950E0,1.868750000E2
9.521697950E0,1.868750000E2
9.524322950E0,1.868750000E2
9.526946950E0,1.868750000E2
9.529571950E0,1.868750000E2
9.532195950E0,1.868750000E2
9.534820950E0,1.932500000E2
9.537444950E0,1.932500000E2
9.540069950E0,1.932500000E2
9.542693950E0,1.932500000E2
9.545318950E0,1.932500000E2
9.547942950E0,1.932500000E2
9.550567950E0,1.932500000E2
9.553191950E0,1.932500000E2
9.555816950E0,1.932500000E2
9.558440950E0,1.932500000E2
9.561065950E0,1.868750000E2
9.563689950E0,1.868750000E2
9.566314950E0,1.868750000E2
9.568938950E0,1.868750000E2
9.571563950E0,1.868750000E2
9.574187950E0,1.868750000E2
9.576812950E0,1.868750000E2
9.579437950E0,1.868750000E2
9.582061950E0,1.868750000E2
9.584686950E0,1.868750000E2
9.587310950E0,1.868750000E2
9.589935950E0,1.868750000E2
9.592559950E0,1.868750000E2
9.595184950E0,1.868750000E2
9.597808950E0,1.868750000E2
9.600433950E0,1.868750000E2
9.603057950E0,1.868750000E2
9.605682950E0,1.868750000E2
9.608306950E0,1.868750000E2
9.610931950E0,1.868750000E2
9.613555950E0,1.868750000E2
9.616180950E0,1.868750000E2
9.618804950E0,1.868750000E2
9.621429950E0,1.868750000E2
9.624053950E0,1.868750000E2
9.626678950E0,1.868750000E2
9.629302950E0,1.868750000E2
9.631927950E0,1.868750000E2
9.634551950E0,1.868750000E2
9.637176950E0,1.868750000E2
9.639800950E0,1.868750000E2
9.642425950E0,1.868750000E2
9.645049950E0,1.868750000E2
9.647674950E0,1.868750000E2
9.650298950E0,1.868750000E2
9.652923950E0,1.868750000E2
9.655547950E0,1.868750000E2
9.658172950E0,1.868750000E2
9.660796950E0,1.868750000E2
9.663421950E0,1.868750000E2
9.666045950E0,1.868750000E2
9.668670950E0,1.868750000E2
9.671294950E0,1.868750000E2
9.673919950E0,1.868750000E2
9.676543950E0,1.868750000E2
9.679168950E0,1.868750000E2
9.681792950E0,1.868750000E2
9.684417950E0,1.868750000E2
9.687041950E0,1.868750000E2
9.689666950E0,1.868750000E2
9.692291950E0,1.868750000E2
9.694915950E0,1.868750000E2
9.697540950E0,1.868750000E2
9.700164950E0,1.868750000E2
9.702789950E0,1.868750000E2
9.705413950E0,1.868750000E2
9.708038950E0,1.868750000E2
9.710662950E0,1.868750000E2
9.713287950E0,1.868750000E2
9.715911950E0,1.868750000E2
9.718536950E0,1.868750000E2
9.721160950E0,1.868750000E2
9.723785950E0,1.868750000E2
9.726409950E0,1.868750000E2
9.729034950E0,1.868750000E2
9.731658950E0,1.868750000E2
9.734283950E0,1.868750000E2
9.736907950E0,1.868750000E2
9.739532950E0,1.868750000E2
9.742156950E0,1.868750000E2
9.744781950E0,1.868750000E2
9.747405950E0,1.868750000E2
9.750030950E0,1.868750000E2
9.752654950E0,1.868750000E2
9.755279950E0,1.868750000E2
9.757903950E0,1.868750000E2
9.760528950E0,1.868750000E2
9.763152950E0,1.868750000E2
9.765777950E0,1.868750000E2
9.768401950E0,1.868750000E2
9.771026950E0,1.868750000E2
9.773650950E0,1.868750000E2
9.776275950E0,1.868750000E2
9.778899950E0,1.868750000E2
9.781524950E0,1.868750000E2
9.784148950E0,1.868750000E2
9.786773950E0,1.868750000E2
9.789397950E0,1.868750000E2
9.792022950E0,1.868750000E2
9.794646950E0,1.868750000E2
9.797271950E0,1.868750000E2
9.799896950E0,1.868750000E2
9.802520950E0,1.868750000E2
9.805145950E0,1.868750000E2
9.807769950E0,1.868750000E2
9.810394950E0,1.868750000E2
9.813018950E0,1.868750000E2
9.815643950E0,1.868750000E2
9.818267950E0,1.868750000E2
9.820892950E0,1.868750000E2
9.823516950E0,1.868750000E2
9.826141950E0,1.868750000E2
9.828765950E0,1.868750000E2
9.831390950E0,1.868750000E2
9.834014950E0,1.868750000E2
9.836639950E0,1.868750000E2
9.839263950E0,1.868750000E2
9.841888950E0,1.868750000E2
9.844512950E0,1.868750000E2
9.847137950E0,1.868750000E2
9.849761950E0,1.868750000E2
9.852386950E0,1.868750000E2
9.855010950E0,1.868750000E2
9.857635950E0,1.868750000E2
9.860259950E0,1.868750000E2
9.862884950E0,1.868750000E2
9.865508950E0,1.868750000E2
9.868133950E0,1.868750000E2
9.870757950E0,1.868750000E2
9.873382950E0,1.868750000E2
9.876006950E0,1.868750000E2
9.878631950E0,1.868750000E2
9.881255950E0,1.868750000E2
9.883880950E0,1.868750000E2
9.886504950E0,1.868750000E2
9.889129950E0,1.868750000E2
9.891753950E0,1.868750000E2
9.894378950E0,1.868750000E2
9.897002950E0,1.868750000E2
9.899627950E0,1.868750000E2
9.902251950E0,1.868750000E2
9.904876950E0,1.868750000E2
9.907500950E0,1.868750000E2
9.910125950E0,1.868750000E2
9.912750950E0,1.868750000E2
9.915374950E0,1.868750000E2
9.917999950E0,1.868750000E2
9.920623950E0,1.868750000E2
9.923248950E0,1.868750000E2
9.925872950E0,1.868750000E2
9.928497950E0,1.868750000E2
9.931121950E0,1.868750000E2
9.933746950E0,1.868750000E2
9.936370950E0,1.868750000E2
9.938995950E0,1.868750000E2
9.941619950E0,1.868750000E2
9.944244950E0,1.868750000E2
9.946868950E0,1.868750000E2
9.949493950E0,1.868750000E2
9.952117950E0,1.868750000E2
9.954742950E0,1.868750000E2
9.957366950E0,1.868750000E2
9.959991950E0,1.868750000E2
9.962615950E0,1.868750000E2
9.965240950E0,1.868750000E2
9.967864950E0,1.868750000E2
9.970489950E0,1.868750000E2
9.973113950E0,1.868750000E2
9.975738950E0,1.868750000E2
9.978362950E0,1.868750000E2
9.980987950E0,1.868750000E2
9.983611950E0,1.868750000E2
9.986236950E0,1.868750000E2
9.988860950E0,1.868750000E2
9.991485950E0,1.868750000E2
9.994109950E0,1.868750000E2
9.996734950E0,1.868750000E2
9.999358950E0,1.868750000E2
1.000198395E1,1.868750000E2
1.000460795E1,1.868750000E2
1.000723295E1,1.868750000E2
1.000985695E1,1.868750000E2
1.001248195E1,1.868750000E2
1.001510595E1,1.868750000E2
1.001773095E1,1.868750000E2
1.002035495E1,1.868750000E2
1.002297995E1,1.868750000E2
1.002560495E1,1.868750000E2
1.002822895E1,1.868750000E2
1.003085395E1,1.868750000E2
1.003347795E1,1.868750000E2
1.003610295E1,1.868750000E2
1.003872695E1,1.868750000E2
1.004135195E1,1.868750000E2
1.004397595E1,1.868750000E2
1.004660095E1,1.868750000E2
1.004922495E1,1.868750000E2
1.005184995E1,1.868750000E2
1.005447395E1,1.868750000E2
1.005709895E1,1.868750000E2
1.005972295E1,1.868750000E2
1.006234795E1,1.868750000E2
1.006497195E1,1.868750000E2
1.006759695E1,1.868750000E2
1.007022095E1,1.868750000E2
1.007284595E1,1.868750000E2
1.007546995E1,1.868750000E2
1.007809495E1,1.868750000E2
1.008071895E1,1.868750000E2
1.008334395E1,1.868750000E2
1.008596795E1,1.868750000E2
1.008859295E1,1.868750000E2
1.009121695E1,1.868750000E2
1.009384195E1,1.868750000E2
1.009646595E1,1.868750000E2
1.009909095E1,1.868750000E2
1.010171495E1,1.868750000E2
1.010433995E1,1.868750000E2
1.010696395E1,1.868750000E2
1.010958895E1,1.868750000E2
1.011221295E1,1.868750000E2
1.011483795E1,1.868750000E2
1.011746195E1,1.868750000E2
1.012008695E1,1.868750000E2
1.012271095E1,1.868750000E2
1.012533595E1,1.868750000E2
1.012795995E1,1.868750000E2
1.013058495E1,1.868750000E2
1.013320895E1,1.868750000E2
1.013583395E1,1.868750000E2
1.013845895E1,1.868750000E2
1.014108295E1,1.868750000E2
1.014370795E1,1.868750000E2
1.014633195E1,1.868750000E2
1.014895695E1,1.868750000E2
1.015158095E1,1.868750000E2
1.015420595E1,1.868750000E2
1.015682995E1,1.868750000E2
1.015945495E1,1.868750000E2
1.016207895E1,1.868750000E2
1.016470395E1,1.868750000E2
1.016732795E1,1.868750000E2
1.016995295E1,1.868750000E2
1.017257695E1,1.868750000E2
1.017520195E1,1.868750000E2
1.017782595E1,1.868750000E2
1.018045095E1,1.868750000E2
1.018307495E1,1.868750000E2
1.018569995E1,1.868750000E2
1.018832395E1,1.868750000E2
1.019094895E1,1.868750000E2
1.019357295E1,1.868750000E2
1.019619795E1,1.868750000E2
1.019882195E1,1.868750000E2
1.020144695E1,1.868750000E2
1.020407095E1,1.868750000E2
1.020669595E1,1.868750000E2
1.020931995E1,1.868750000E2
1.021194495E1,1.868750000E2
1.021456895E1,1.868750000E2
1.021719395E1,1.868750000E2
1.021981795E1,1.868750000E2
1.022244295E1,1.868750000E2
1.022506695E1,1.868750000E2
1.022769195E1,1.868750000E2
1.023031595E1,1.868750000E2
1.023294095E1,1.868750000E2
1.023556495E1,1.868750000E2
1.023818995E1,1.868750000E2
1.024081395E1,1.868750000E2
1.024343895E1,1.868750000E2
1.024606295E1,1.868750000E2
1.024868795E1,1.868750000E2
1.025131295E1,1.868750000E2
1.025393695E1,1.868750000E2
1.025656195E1,1.868750000E2
1.025918595E1,1.868750000E2
1.026181095E1,1.868750000E2
1.026443495E1,1.868750000E2
1.026705995E1,1.868750000E2
1.026968395E1,1.868750000E2
1.027230895E1,1.868750000E2
1.027493295E1,1.868750000E2
1.027755795E1,1.868750000E2
1.028018195E1,1.868750000E2
1.028280695E1,1.868750000E2
1.028543095E1,1.868750000E2
1.028805595E1,1.868750000E2
1.029067995E1,1.868750000E2
1.029330495E1,1.868750000E2
1.029592895E1,1.868750000E2
1.029855395E1,1.868750000E2
1.030117795E1,1.868750000E2
1.030380295E1,1.868750000E2
1.030642695E1,1.868750000E2
1.030905195E1,1.868750000E2
1.031167595E1,1.868750000E2
1.031430095E1,1.868750000E2
1.031692495E1,1.868750000E2
1.031954995E1,1.868750000E2
1.032217395E1,1.868750000E2
1.032479895E1,1.868750000E2
1.032742295E1,1.868750000E2
1.033004795E1,1.868750000E2
1.033267195E1,1.868750000E2
1.033529695E1,1.868750000E2
1.033792095E1,1.868750000E2
1.034054595E1,1.868750000E2
1.034316995E1,1.868750000E2
1.034579495E1,1.868750000E2
1.034841895E1,1.868750000E2
1.035104395E1,1.868750000E2
1.035366795E1,1.868750000E2
1.035629295E1,1.868750000E2
1.035891695E1,1.868750000E2
1.036154195E1,1.868750000E2
1.036416695E1,1.868750000E2
1.036679095E1,1.868750000E2
1.036941595E1,1.868750000E2
1.037203995E1,1.868750000E2
1.037466495E1,1.868750000E2
1.037728895E1,1.868750000E2
1.037991395E1,1.868750000E2
1.038253795E1,1.868750000E2
1.038516295E1,1.868750000E2
1.038778695E1,1.868750000E2
1.039041195E1,1.868750000E2
1.039303595E1,1.868750000E2
1.039566095E1,1.868750000E2
1.039828495E1,1.868750000E2
1.040090995E1,1.868750000E2
1.040353395E1,1.868750000E2
1.040615895E1,1.868750000E2
1.040878295E1,1.868750000E2
1.041140795E1,1.868750000E2
1.041403195E1,1.868750000E2
1.041665695E1,1.868750000E2
1.041928095E1,1.868750000E2
1.042190595E1,1.868750000E2
1.042452995E1,1.868750000E2
1.042715495E1,1.868750000E2
1.042977895E1,1.868750000E2
1.043240395E1,1.868750000E2
1.043502795E1,1.868750000E2
1.043765295E1,1.868750000E2
1.044027695E1,1.868750000E2
1.044290195E1,1.868750000E2
1.044552595E1,1.868750000E2
1.044815095E1,1.868750000E2
1.045077495E1,1.932500000E2
1.045339995E1,1.932500000E2
1.045602395E1,1.932500000E2
1.045864895E1,1.932500000E2
1.046127295E1,1.932500000E2
1.046389795E1,1.932500000E2
1.046652195E1,1.932500000E2
1.046914695E1,1.932500000E2
1.047177195E1,1.932500000E2
1.047439595E1,1.932500000E2
1.047702095E1,1.868750000E2
1.047964495E1,1.868750000E2
1.048226995E1,1.868750000E2
1.048489395E1,1.868750000E2
1.048751895E1,1.868750000E2
1.049014295E1,1.868750000E2
1.049276795E1,1.868750000E2
1.049539195E1,1.868750000E2
1.049801695E1,1.868750000E2
1.050064095E1,1.868750000E2
1.050326595E1,1.868750000E2
1.050588995E1,1.868750000E2
1.050851495E1,1.868750000E2
1.051113895E1,1.868750000E2
1.051376395E1,1.868750000E2
1.051638795E1,1.868750000E2
1.051901295E1,1.868750000E2
1.052163695E1,1.868750000E2
1.052426195E1,1.868750000E2
1.052688595E1,1.868750000E2
1.052951095E1,1.868750000E2
1.053213495E1,1.868750000E2
1.053475995E1,1.868750000E2
1.053738395E1,1.868750000E2
1.054000895E1,1.868750000E2
1.054263295E1,1.868750000E2
1.054525795E1,1.868750000E2
1.054788195E1,1.868750000E2
1.055050695E1,1.868750000E2
1.055313095E1,1.868750000E2
1.055575595E1,1.868750000E2
1.055837995E1,1.868750000E2
1.056100495E1,1.868750000E2
1.056362895E1,1.868750000E2
1.056625395E1,1.868750000E2
1.056887795E1,1.868750000E2
1.057150295E1,1.868750000E2
1.057412695E1,1.868750000E2
1.057675195E1,1.868750000E2
1.057937595E1,1.868750000E2
1.058200095E1,1.868750000E2
1.058462595E1,1.868750000E2
1.058724995E1,1.868750000E2
1.058987495E1,1.868750000E2
1.059249895E1,1.868750000E2
1.059512395E1,1.868750000E2
1.059774795E1,1.868750000E2
1.060037295E1,1.868750000E2
1.060299695E1,1.868750000E2
1.060562195E1,1.868750000E2
1.060824595E1,1.868750000E2
1.061087095E1,1.868750000E2
1.061349495E1,1.868750000E2
1.061611995E1,1.868750000E2
1.061874395E1,1.868750000E2
1.062136895E1,1.868750000E2
1.062399295E1,1.868750000E2
1.062661795E1,1.868750000E2
1.062924195E1,1.868750000E2
1.063186695E1,1.868750000E2
1.063449095E1,1.868750000E2
1.063711595E1,1.868750000E2
1.063973995E1,1.868750000E2
1.064236495E1,1.868750000E2
1.064498895E1,1.868750000E2
1.064761395E1,1.868750000E2
1.065023795E1,1.868750000E2
1.065286295E1,1.868750000E2
1.065548695E1,1.868750000E2
1.065811195E1,1.868750000E2
1.066073595E1,1.868750000E2
1.066336095E1,1.868750000E2
1.066598495E1,1.868750000E2
1.066860995E1,1.868750000E2
1.067123395E1,1.868750000E2
1.067385895E1,1.868750000E2
1.067648295E1,1.868750000E2
1.067910795E1,1.868750000E2
1.068173195E1,1.868750000E2
1.068435695E1,1.868750000E2
1.068698095E1,1.868750000E2
1.068960595E1,1.868750000E2
1.069222995E1,1.868750000E2
1.069485495E1,1.868750000E2
1.069747995E1,1.868750000E2
1.070010395E1,1.868750000E2
1.070272895E1,1.868750000E2
1.070535295E1,1.868750000E2
1.070797795E1,1.868750000E2
1.071060195E1,1.868750000E2
1.071322695E1,1.868750000E2
1.071585095E1,1.868750000E2
1.071847595E1,1.868750000E2
1.072109995E1,1.868750000E2
1.072372495E1,1.868750000E2
1.072634895E1,1.868750000E2
1.072897395E1,1.868750000E2
1.073159795E1,1.868750000E2
1.073422295E1,1.868750000E2
1.073684695E1,1.868750000E2
1.073947195E1,1.868750000E2
1.074209595E1,1.868750000E2
1.074472095E1,1.868750000E2
1.074734495E1,1.868750000E2
1.074996995E1,1.868750000E2
1.075259395E1,1.868750000E2
1.075521895E1,1.868750000E2
1.075784295E1,1.868750000E2
1.076046795E1,1.868750000E2
1.076309195E1,1.868750000E2
1.076571695E1,1.868750000E2
1.076834095E1,1.868750000E2
1.077096595E1,1.868750000E2
1.077358995E1,1.868750000E2
1.077621495E1,1.868750000E2
1.077883895E1,1.868750000E2
1.078146395E1,1.868750000E2
1.078408795E1,1.868750000E2
1.078671295E1,1.868750000E2
1.078933695E1,1.868750000E2
1.079196195E1,1.868750000E2
1.079458595E1,1.868750000E2
1.079721095E1,1.868750000E2
1.079983495E1,1.868750000E2
1.080245995E1,1.868750000E2
1.080508395E1,1.868750000E2
1.080770895E1,1.868750000E2
1.081033395E1,1.868750000E2
1.081295795E1,1.868750000E2
1.081558295E1,1.868750000E2
1.081820695E1,1.868750000E2
1.082083195E1,1.868750000E2
1.082345595E1,1.868750000E2
1.082608095E1,1.868750000E2
1.082870495E1,1.868750000E2
1.083132995E1,1.868750000E2
1.083395395E1,1.868750000E2
1.083657895E1,1.868750000E2
1.083920295E1,1.868750000E2
1.084182795E1,1.868750000E2
1.084445195E1,1.868750000E2
1.084707695E1,1.868750000E2
1.084970095E1,1.868750000E2
1.085232595E1,1.868750000E2
1.085494995E1,1.868750000E2
1.085757495E1,1.868750000E2
1.086019895E1,1.868750000E2
1.086282395E1,1.868750000E2
1.086544795E1,1.868750000E2
1.086807295E1,1.868750000E2
1.087069695E1,1.868750000E2
1.087332195E1,1.868750000E2
1.087594595E1,1.868750000E2
1.087857095E1,1.868750000E2
1.088119495E1,1.868750000E2
1.088381995E1,1.868750000E2
1.088644395E1,1.868750000E2
1.088906895E1,1.868750000E2
1.089169295E1,1.868750000E2
1.089431795E1,1.868750000E2
1.089694195E1,1.868750000E2
1.089956695E1,1.868750000E2
1.090219095E1,1.868750000E2
1.090481595E1,1.868750000E2
1.090743995E1,1.868750000E2
1.091006495E1,1.868750000E2
1.091268895E1,1.868750000E2
1.091531395E1,1.868750000E2
1.091793795E1,1.868750000E2
1.092056295E1,1.868750000E2
1.092318795E1,1.868750000E2
1.092581195E1,1.868750000E2
1.092843695E1,1.868750000E2
1.093106095E1,1.868750000E2
1.093368595E1,1.868750000E2
1.093630995E1,1.868750000E2
1.093893495E1,1.868750000E2
1.094155895E1,1.868750000E2
1.094418395E1,1.868750000E2
1.094680795E1,1.868750000E2
1.094943295E1,1.868750000E2
1.095205695E1,1.868750000E2
1.095468195E1,1.868750000E2
1.095730595E1,1.868750000E2
1.095993095E1,1.868750000E2
1.096255495E1,1.868750000E2
1.096517995E1,1.868750000E2
1.096780395E1,1.868750000E2
1.097042895E1,1.868750000E2
1.097305295E1,1.868750000E2
1.097567795E1,1.868750000E2
1.097830195E1,1.868750000E2
1.098092695E1,1.868750000E2
1.098355095E1,1.932500000E2
1.098617595E1,1.932500000E2
1.098879995E1,1.932500000E2
1.099142495E1,1.932500000E2
1.099404895E1,1.932500000E2
1.099667395E1,1.932500000E2
1.099929795E1,1.932500000E2
1.100192295E1,1.932500000E2
1.100454695E1,1.932500000E2
1.100717195E1,1.932500000E2
1.100979595E1,1.932500000E2
1.101242095E1,1.868750000E2
1.101504495E1,1.868750000E2
1.101766995E1,1.868750000E2
1.102029395E1,1.868750000E2
1.102291895E1,1.868750000E2
1.102554295E1,1.868750000E2
1.102816795E1,1.868750000E2
1.103079195E1,1.868750000E2
1.103341695E1,1.868750000E2
1.103604195E1,1.868750000E2
1.103866595E1,1.868750000E2
1.104129095E1,1.868750000E2
1.104391495E1,1.868750000E2
1.104653995E1,1.868750000E2
1.104916395E1,1.868750000E2
1.105178895E1,1.868750000E2
1.105441295E1,1.868750000E2
1.105703795E1,1.868750000E2
1.105966195E1,1.868750000E2
1.106228695E1,1.932500000E2
1.106491095E1,1.932500000E2
1.106753595E1,1.932500000E2
1.107015995E1,1.932500000E2
1.107278495E1,1.932500000E2
1.107540895E1,1.932500000E2
1.107803395E1,1.932500000E2
1.108065795E1,1.932500000E2
1.108328295E1,1.932500000E2
1.108590695E1,1.932500000E2
1.108853195E1,1.868750000E2
1.109115595E1,1.868750000E2
1.109378095E1,1.868750000E2
1.109640495E1,1.868750000E2
1.109902995E1,1.868750000E2
1.110165395E1,1.868750000E2
1.110427895E1,1.868750000E2
1.110690295E1,1.868750000E2
1.110952795E1,1.868750000E2
1.111215195E1,1.868750000E2
1.111477695E1,1.868750000E2
1.111740095E1,1.868750000E2
1.112002595E1,1.868750000E2
1.112264995E1,1.868750000E2
1.112527495E1,1.868750000E2
1.112789895E1,1.868750000E2
1.113052395E1,1.868750000E2
1.113314795E1,1.868750000E2
1.113577295E1,1.868750000E2
1.113839695E1,1.868750000E2
1.114102195E1,1.868750000E2
1.114364695E1,1.868750000E2
1.114627095E1,1.868750000E2
1.114889595E1,1.868750000E2
1.115151995E1,1.868750000E2
1.115414495E1,1.868750000E2
1.115676895E1,1.868750000E2
1.115939395E1,1.868750000E2
1.116201795E1,1.868750000E2
1.116464295E1,1.868750000E2
1.116726695E1,1.868750000E2
1.116989195E1,1.868750000E2
1.117251595E1,1.868750000E2
1.117514095E1,1.868750000E2
1.117776495E1,1.868750000E2
1.118038995E1,1.868750000E2
1.118301395E1,1.868750000E2
1.118563895E1,1.868750000E2
1.118826295E1,1.868750000E2
1.119088795E1,1.868750000E2
1.119351195E1,1.868750000E2
1.119613695E1,1.868750000E2
1.119876095E1,1.868750000E2
1.120138595E1,1.868750000E2
1.120400995E1,1.868750000E2
1.120663495E1,1.868750000E2
1.120925895E1,1.868750000E2
1.121188395E1,1.868750000E2
1.121450795E1,1.868750000E2
1.121713295E1,1.868750000E2
1.121975695E1,1.868750000E2
1.122238195E1,1.868750000E2
1.122500595E1,1.868750000E2
1.122763095E1,1.868750000E2
1.123025495E1,1.868750000E2
1.123287995E1,1.868750000E2
1.123550395E1,1.868750000E2
1.123812895E1,1.868750000E2
1.124075295E1,1.868750000E2
1.124337795E1,1.868750000E2
1.124600195E1,1.868750000E2
1.124862695E1,1.868750000E2
1.125125095E1,1.868750000E2
1.125387595E1,1.868750000E2
1.125650095E1,1.868750000E2
1.125912495E1,1.868750000E2
1.126174995E1,1.868750000E2
1.126437395E1,1.868750000E2
1.126699895E1,1.868750000E2
1.126962295E1,1.868750000E2
1.127224795E1,1.868750000E2
1.127487195E1,1.868750000E2
1.127749695E1,1.868750000E2
1.128012095E1,1.868750000E2
1.128274595E1,1.868750000E2
1.128536995E1,1.868750000E2
1.128799495E1,1.868750000E2
1.129061895E1,1.868750000E2
1.129324395E1,1.868750000E2
1.129586795E1,1.868750000E2
1.129849295E1,1.868750000E2
1.130111695E1,1.868750000E2
1.130374195E1,1.868750000E2
1.130636595E1,1.868750000E2
1.130899095E1,1.868750000E2
1.131161495E1,1.868750000E2
1.131423995E1,1.868750000E2
1.131686395E1,1.868750000E2
1.131948895E1,1.868750000E2
1.132211295E1,1.868750000E2
1.132473795E1,1.868750000E2
1.132736195E1,1.868750000E2
1.132998695E1,1.868750000E2
1.133261095E1,1.868750000E2
1.133523595E1,1.868750000E2
1.133785995E1,1.868750000E2
1.134048495E1,1.868750000E2
1.134310895E1,1.868750000E2
1.134573395E1,1.868750000E2
1.134835795E1,1.868750000E2
1.135098295E1,1.868750000E2
1.135360695E1,1.868750000E2
1.135623195E1,1.868750000E2
1.135885595E1,1.868750000E2
1.136148095E1,1.868750000E2
1.136410495E1,1.868750000E2
1.136672995E1,1.868750000E2
1.136935495E1,1.868750000E2
1.137197895E1,1.868750000E2
1.137460395E1,1.868750000E2
1.137722795E1,1.868750000E2
1.137985295E1,1.868750000E2
1.138247695E1,1.868750000E2
1.138510195E1,1.868750000E2
1.138772595E1,1.868750000E2
1.139035095E1,1.868750000E2
1.139297495E1,1.868750000E2
1.139559995E1,1.868750000E2
1.139822395E1,1.868750000E2
1.140084895E1,1.868750000E2
1.140347295E1,1.868750000E2
1.140609795E1,1.868750000E2
1.140872195E1,1.868750000E2
1.141134695E1,1.868750000E2
1.141397095E1,1.868750000E2
1.141659595E1,1.868750000E2
1.141921995E1,1.868750000E2
1.142184495E1,1.868750000E2
1.142446895E1,1.868750000E2
1.142709395E1,1.868750000E2
1.142971795E1,1.868750000E2
1.143234295E1,1.868750000E2
1.143496695E1,1.868750000E2
1.143759195E1,1.868750000E2
1.144021595E1,1.868750000E2
1.144284095E1,1.932500000E2
1.144546495E1,1.932500000E2
1.144808995E1,1.932500000E2
1.145071395E1,1.932500000E2
1.145333895E1,1.932500000E2
1.145596295E1,1.932500000E2
1.145858795E1,1.932500000E2
1.146121195E1,1.932500000E2
1.146383695E1,1.932500000E2
1.146646095E1,1.932500000E2
1.146908595E1,1.868750000E2
1.147170995E1,1.868750000E2
1.147433495E1,1.868750000E2
1.147695895E1,1.868750000E2
1.147958395E1,1.868750000E2
1.148220895E1,1.868750000E2
1.148483295E1,1.868750000E2
1.148745795E1,1.868750000E2
1.149008195E1,1.868750000E2
1.149270695E1,1.868750000E2
1.149533095E1,1.868750000E2
1.149795595E1,1.868750000E2
1.150057995E1,1.868750000E2
1.150320495E1,1.868750000E2
1.150582895E1,1.868750000E2
1.150845395E1,1.868750000E2
1.151107795E1,1.868750000E2
1.151370295E1,1.868750000E2
1.151632695E1,1.868750000E2
1.151895195E1,1.868750000E2
1.152157595E1,1.868750000E2
1.152420095E1,1.868750000E2
1.152682495E1,1.868750000E2
1.152944995E1,1.868750000E2
1.153207395E1,1.868750000E2
1.153469895E1,1.868750000E2
1.153732295E1,1.868750000E2
1.153994795E1,1.868750000E2
1.154257195E1,1.868750000E2
1.154519695E1,1.868750000E2
1.154782095E1,1.868750000E2
1.155044595E1,1.868750000E2
1.155306995E1,1.868750000E2
1.155569495E1,1.868750000E2
1.155831895E1,1.868750000E2
1.156094395E1,1.868750000E2
1.156356795E1,1.868750000E2
1.156619295E1,1.868750000E2
1.156881695E1,1.868750000E2
1.157144195E1,1.868750000E2
1.157406595E1,1.868750000E2
1.157669095E1,1.868750000E2
1.157931495E1,1.868750000E2
1.158193995E1,1.868750000E2
1.158456395E1,1.868750000E2
1.158718895E1,1.868750000E2
1.158981295E1,1.868750000E2
1.159243795E1,1.868750000E2
1.159506295E1,1.868750000E2
1.159768695E1,1.868750000E2
1.160031195E1,1.868750000E2
1.160293595E1,1.868750000E2
1.160556095E1,1.868750000E2
1.160818495E1,1.868750000E2
1.161080995E1,1.868750000E2
1.161343395E1,1.868750000E2
1.161605895E1,1.868750000E2
1.161868295E1,1.868750000E2
1.162130795E1,1.868750000E2
1.162393195E1,1.868750000E2
1.162655695E1,1.868750000E2
1.162918095E1,1.868750000E2
1.163180595E1,1.868750000E2
1.163442995E1,1.868750000E2
1.163705495E1,1.868750000E2
1.163967895E1,1.868750000E2
1.164230395E1,1.868750000E2
1.164492795E1,1.868750000E2
1.164755295E1,1.868750000E2
1.165017695E1,1.868750000E2
1.165280195E1,1.868750000E2
1.165542595E1,1.868750000E2
1.165805095E1,1.868750000E2
1.166067495E1,1.868750000E2
1.166329995E1,1.868750000E2
1.166592395E1,1.868750000E2
1.166854895E1,1.868750000E2
1.167117295E1,1.868750000E2
1.167379795E1,1.868750000E2
1.167642195E1,1.868750000E2
1.167904695E1,1.868750000E2
1.168167095E1,1.868750000E2
1.168429595E1,1.868750000E2
1.168691995E1,1.868750000E2
1.168954495E1,1.868750000E2
1.169216895E1,1.868750000E2
1.169479395E1,1.868750000E2
1.169741795E1,1.868750000E2
1.170004295E1,1.868750000E2
1.170266695E1,1.868750000E2
1.170529195E1,1.868750000E2
1.170791695E1,1.868750000E2
1.171054095E1,1.868750000E2
1.171316595E1,1.868750000E2
1.171578995E1,1.868750000E2
1.171841495E1,1.868750000E2
1.172103895E1,1.868750000E2
1.172366395E1,1.868750000E2
1.172628795E1,1.868750000E2
1.172891295E1,1.868750000E2
1.173153695E1,1.868750000E2
1.173416195E1,1.868750000E2
1.173678595E1,1.868750000E2
1.173941095E1,1.868750000E2
1.174203495E1,1.868750000E2
1.174465995E1,1.868750000E2
1.174728395E1,1.868750000E2
1.174990895E1,1.868750000E2
1.175253295E1,1.868750000E2
1.175515795E1,1.868750000E2
1.175778195E1,1.868750000E2
1.176040695E1,1.868750000E2
1.176303095E1,1.868750000E2
1.176565595E1,1.868750000E2
1.176827995E1,1.868750000E2
1.177090495E1,1.868750000E2
1.177352895E1,1.868750000E2
1.177615395E1,1.868750000E2
1.177877795E1,1.868750000E2
1.178140295E1,1.868750000E2
1.178402695E1,1.868750000E2
1.178665195E1,1.868750000E2
1.178927595E1,1.868750000E2
1.179190095E1,1.868750000E2
1.179452495E1,1.868750000E2
1.179714995E1,1.868750000E2
1.179977395E1,1.868750000E2
1.180239895E1,1.868750000E2
1.180502295E1,1.868750000E2
1.180764795E1,1.868750000E2
1.181027195E1,1.868750000E2
1.181289695E1,1.868750000E2
1.181552195E1,1.868750000E2
1.181814595E1,1.868750000E2
1.182077095E1,1.868750000E2
1.182339495E1,1.868750000E2
1.182601995E1,1.868750000E2
1.182864395E1,1.868750000E2
1.183126895E1,1.868750000E2
1.183389295E1,1.868750000E2
1.183651795E1,1.868750000E2
1.183914195E1,1.868750000E2
1.184176695E1,1.868750000E2
1.184439095E1,1.868750000E2
1.184701595E1,1.868750000E2
1.184963995E1,1.868750000E2
1.185226495E1,1.868750000E2
1.185488895E1,1.868750000E2
1.185751395E1,1.868750000E2
1.186013795E1,1.868750000E2
1.186276295E1,1.868750000E2
1.186538695E1,1.868750000E2
1.186801195E1,1.868750000E2
1.187063595E1,1.868750000E2
1.187326095E1,1.868750000E2
1.187588495E1,1.868750000E2
1.187850995E1,1.868750000E2
1.188113395E1,1.868750000E2
1.188375895E1,1.868750000E2
1.188638295E1,1.868750000E2
1.188900795E1,1.868750000E2
1.189163195E1,1.868750000E2
1.189425695E1,1.868750000E2
1.189688095E1,1.868750000E2
1.189950595E1,1.868750000E2
1.190212995E1,1.868750000E2
1.190475495E1,1.868750000E2
1.190737895E1,1.868750000E2
1.191000395E1,1.868750000E2
1.191262795E1,1.868750000E2
1.191525295E1,1.868750000E2
1.191787695E1,1.868750000E2
1.192050195E1,1.868750000E2
1.192312595E1,1.868750000E2
1.192575095E1,1.868750000E2
1.192837595E1,1.868750000E2
1.193099995E1,1.868750000E2
1.193362495E1,1.868750000E2
1.193624895E1,1.868750000E2
1.193887395E1,1.868750000E2
1.194149795E1,1.868750000E2
1.194412295E1,1.868750000E2
1.194674695E1,1.868750000E2
1.194937195E1,1.868750000E2
1.195199595E1,1.932500000E2
1.195462095E1,1.932500000E2
1.195724495E1,1.932500000E2
1.195986995E1,1.932500000E2
1.196249395E1,1.932500000E2
1.196511895E1,1.932500000E2
1.196774295E1,1.932500000E2
1.197036795E1,1.932500000E2
1.197299195E1,1.932500000E2
1.197561695E1,1.932500000E2
1.197824095E1,1.868750000E2
1.198086595E1,1.868750000E2
1.198348995E1,1.868750000E2
1.198611495E1,1.868750000E2
1.198873895E1,1.868750000E2
1.199136395E1,1.868750000E2
1.199398795E1,1.868750000E2
1.199661295E1,1.868750000E2
1.199923695E1,1.868750000E2
1.200186195E1,1.868750000E2
1.200448595E1,1.868750000E2
1.200711095E1,1.868750000E2
1.200973495E1,1.868750000E2
1.201235995E1,1.868750000E2
1.201498395E1,1.868750000E2
1.201760895E1,1.868750000E2
1.202023295E1,1.868750000E2
1.202285795E1,1.868750000E2
1.202548195E1,1.868750000E2
1.202810695E1,1.932500000E2
1.203073095E1,1.932500000E2
1.203335595E1,1.932500000E2
1.203597995E1,1.932500000E2
1.203860495E1,1.932500000E2
1.204122995E1,1.932500000E2
1.204385395E1,1.932500000E2
1.204647895E1,1.932500000E2
1.204910295E1,1.932500000E2
1.205172795E1,1.932500000E2
1.205435195E1,1.868750000E2
1.205697695E1,1.868750000E2
1.205960095E1,1.868750000E2
1.206222595E1,1.868750000E2
1.206484995E1,1.868750000E2
1.206747495E1,1.868750000E2
1.207009895E1,1.868750000E2
1.207272395E1,1.868750000E2
1.207534795E1,1.868750000E2
1.207797295E1,1.868750000E2
1.208059695E1,1.932500000E2
1.208322195E1,1.932500000E2
1.208584595E1,1.932500000E2
1.208847095E1,1.932500000E2
1.209109495E1,1.932500000E2
1.209371995E1,1.932500000E2
1.209634395E1,1.932500000E2
1.209896895E1,1.932500000E2
1.210159295E1,1.932500000E2
1.210421795E1,1.932500000E2
1.210684195E1,1.868750000E2
1.210946695E1,1.868750000E2
1.211209095E1,1.868750000E2
1.211471595E1,1.868750000E2
1.211733995E1,1.868750000E2
1.211996495E1,1.868750000E2
1.212258895E1,1.868750000E2
1.212521395E1,1.868750000E2
1.212783795E1,1.868750000E2
1.213046295E1,1.868750000E2
1.213308695E1,1.868750000E2
1.213571195E1,1.868750000E2
1.213833595E1,1.868750000E2
1.214096095E1,1.868750000E2
1.214358495E1,1.868750000E2
1.214620995E1,1.868750000E2
1.214883395E1,1.868750000E2
1.215145895E1,1.868750000E2
1.215408395E1,1.868750000E2
1.215670795E1,1.868750000E2
1.215933295E1,1.868750000E2
1.216195695E1,1.868750000E2
1.216458195E1,1.868750000E2
1.216720595E1,1.868750000E2
1.216983095E1,1.868750000E2
1.217245495E1,1.868750000E2
1.217507995E1,1.868750000E2
1.217770395E1,1.868750000E2
1.218032895E1,1.868750000E2
1.218295295E1,1.868750000E2
1.218557795E1,1.868750000E2
1.218820195E1,1.868750000E2
1.219082695E1,1.868750000E2
1.219345095E1,1.868750000E2
1.219607595E1,1.868750000E2
1.219869995E1,1.868750000E2
1.220132495E1,1.868750000E2
1.220394895E1,1.868750000E2
1.220657395E1,1.868750000E2
1.220919795E1,1.868750000E2
1.221182295E1,1.868750000E2
1.221444695E1,1.868750000E2
1.221707195E1,1.868750000E2
1.221969595E1,1.868750000E2
1.222232095E1,1.868750000E2
1.222494495E1,1.868750000E2
1.222756995E1,1.868750000E2
1.223019395E1,1.868750000E2
1.223281895E1,1.868750000E2
1.223544295E1,1.868750000E2
1.223806795E1,1.868750000E2
1.224069195E1,1.868750000E2
1.224331695E1,1.868750000E2
1.224594095E1,1.868750000E2
1.224856595E1,1.868750000E2
1.225118995E1,1.868750000E2
1.225381495E1,1.868750000E2
1.225643895E1,1.868750000E2
1.225906395E1,1.868750000E2
1.226168795E1,1.868750000E2
1.226431295E1,1.868750000E2
1.226693795E1,1.868750000E2
1.226956195E1,1.868750000E2
1.227218695E1,1.868750000E2
1.227481095E1,1.868750000E2
1.227743595E1,1.868750000E2
1.228005995E1,1.868750000E2
1.228268495E1,1.868750000E2
1.228530895E1,1.868750000E2
1.228793395E1,1.868750000E2
1.229055795E1,1.868750000E2
1.229318295E1,1.868750000E2
1.229580695E1,1.868750000E2
1.229843195E1,1.868750000E2
1.230105595E1,1.868750000E2
1.230368095E1,1.868750000E2
1.230630495E1,1.868750000E2
1.230892995E1,1.868750000E2
1.231155395E1,1.868750000E2
1.231417895E1,1.868750000E2
1.231680295E1,1.868750000E2
1.231942795E1,1.868750000E2
1.232205195E1,1.868750000E2
1.232467695E1,1.868750000E2
1.232730095E1,1.868750000E2
1.232992595E1,1.868750000E2
1.233254995E1,1.868750000E2
1.233517495E1,1.868750000E2
1.233779895E1,1.868750000E2
1.234042395E1,1.868750000E2
1.234304795E1,1.868750000E2
1.234567295E1,1.868750000E2
1.234829695E1,1.868750000E2
1.235092195E1,1.868750000E2
1.235354595E1,1.868750000E2
1.235617095E1,1.868750000E2
1.235879495E1,1.868750000E2
1.236141995E1,1.868750000E2
1.236404395E1,1.868750000E2
1.236666895E1,1.868750000E2
1.236929295E1,1.868750000E2
1.237191795E1,1.868750000E2
1.237454195E1,1.868750000E2
1.237716695E1,1.868750000E2
1.237979195E1,1.868750000E2
1.238241595E1,1.868750000E2
1.238504095E1,1.932500000E2
1.238766495E1,1.932500000E2
1.239028995E1,1.932500000E2
1.239291395E1,1.932500000E2
1.239553895E1,1.932500000E2
1.239816295E1,1.932500000E2
1.240078795E1,1.932500000E2
1.240341195E1,1.932500000E2
1.240603695E1,1.932500000E2
1.240866095E1,1.932500000E2
1.241128595E1,1.868750000E2
1.241390995E1,1.868750000E2
1.241653495E1,1.868750000E2
1.241915895E1,1.868750000E2
1.242178395E1,1.868750000E2
1.242440795E1,1.868750000E2
1.242703295E1,1.868750000E2
1.242965695E1,1.868750000E2
1.243228195E1,1.868750000E2
1.243490595E1,1.868750000E2
1.243753095E1,1.868750000E2
1.244015495E1,1.868750000E2
1.244277995E1,1.868750000E2
1.244540395E1,1.868750000E2
1.244802895E1,1.868750000E2
1.245065295E1,1.868750000E2
1.245327795E1,1.868750000E2
1.245590195E1,1.868750000E2
1.245852695E1,1.868750000E2
1.246115095E1,1.868750000E2
1.246377595E1,1.868750000E2
1.246639995E1,1.868750000E2
1.246902495E1,1.868750000E2
1.247164895E1,1.868750000E2
1.247427395E1,1.868750000E2
1.247689795E1,1.868750000E2
1.247952295E1,1.868750000E2
1.248214695E1,1.868750000E2
1.248477195E1,1.868750000E2
1.248739695E1,1.868750000E2
1.249002095E1,1.868750000E2
1.249264595E1,1.868750000E2
1.249526995E1,1.868750000E2
1.249789495E1,1.868750000E2
1.250051895E1,1.868750000E2
1.250314395E1,1.868750000E2
1.250576795E1,1.868750000E2
1.250839295E1,1.868750000E2
1.251101695E1,1.868750000E2
1.251364195E1,1.868750000E2
1.251626595E1,1.868750000E2
1.251889095E1,1.868750000E2
1.252151495E1,1.868750000E2
1.252413995E1,1.868750000E2
1.252676395E1,1.868750000E2
1.252938895E1,1.868750000E2
1.253201295E1,1.868750000E2
1.253463795E1,1.868750000E2
1.253726195E1,1.868750000E2
1.253988695E1,1.868750000E2
1.254251095E1,1.868750000E2
1.254513595E1,1.868750000E2
1.254775995E1,1.868750000E2
1.255038495E1,1.868750000E2
1.255300895E1,1.868750000E2
1.255563395E1,1.868750000E2
1.255825795E1,1.868750000E2
1.256088295E1,1.868750000E2
1.256350695E1,1.868750000E2
1.256613195E1,1.868750000E2
1.256875595E1,1.868750000E2
1.257138095E1,1.868750000E2
1.257400495E1,1.868750000E2
1.257662995E1,1.868750000E2
1.257925395E1,1.868750000E2
1.258187895E1,1.868750000E2
1.258450295E1,1.868750000E2
1.258712795E1,1.868750000E2
1.258975195E1,1.868750000E2
1.259237695E1,1.868750000E2
1.259500095E1,1.868750000E2
1.259762595E1,1.868750000E2
1.260025095E1,1.868750000E2
1.260287495E1,1.868750000E2
1.260549995E1,1.868750000E2
1.260812395E1,1.868750000E2
1.261074895E1,1.868750000E2
1.261337295E1,1.868750000E2
1.261599795E1,1.868750000E2
1.261862195E1,1.868750000E2
1.262124695E1,1.868750000E2
1.262387095E1,1.868750000E2
1.262649595E1,1.868750000E2
1.262911995E1,1.868750000E2
1.263174495E1,1.868750000E2
1.263436895E1,1.868750000E2
1.263699395E1,1.868750000E2
1.263961795E1,1.868750000E2
1.264224295E1,1.868750000E2
1.264486695E1,1.868750000E2
1.264749195E1,1.868750000E2
1.265011595E1,1.868750000E2
1.265274095E1,1.868750000E2
1.265536495E1,1.868750000E2
1.265798995E1,1.868750000E2
1.266061395E1,1.868750000E2
1.266323895E1,1.868750000E2
1.266586295E1,1.868750000E2
1.266848795E1,1.868750000E2
1.267111195E1,1.868750000E2
1.267373695E1,1.868750000E2
1.267636095E1,1.868750000E2
1.267898595E1,1.868750000E2
1.268160995E1,1.868750000E2
1.268423495E1,1.868750000E2
1.268685895E1,1.868750000E2
1.268948395E1,1.868750000E2
1.269210795E1,1.868750000E2
1.269473295E1,1.868750000E2
1.269735695E1,1.868750000E2
1.269998195E1,1.868750000E2
1.270260595E1,1.868750000E2
1.270523095E1,1.868750000E2
1.270785495E1,1.868750000E2
1.271047995E1,1.868750000E2
1.271310495E1,1.868750000E2
1.271572895E1,1.868750000E2
1.271835395E1,1.868750000E2
1.272097795E1,1.868750000E2
1.272360295E1,1.868750000E2
1.272622695E1,1.868750000E2
1.272885195E1,1.868750000E2
1.273147595E1,1.868750000E2
1.273410095E1,1.868750000E2
1.273672495E1,1.868750000E2
1.273934995E1,1.868750000E2
1.274197395E1,1.868750000E2
1.274459895E1,1.868750000E2
1.274722295E1,1.868750000E2
1.274984795E1,1.868750000E2
1.275247195E1,1.868750000E2
1.275509695E1,1.868750000E2
1.275772095E1,1.868750000E2
1.276034595E1,1.868750000E2
1.276296995E1,1.868750000E2
1.276559495E1,1.868750000E2
1.276821895E1,1.932500000E2
1.277084395E1,1.932500000E2
1.277346795E1,1.932500000E2
1.277609295E1,1.932500000E2
1.277871695E1,1.932500000E2
1.278134195E1,1.932500000E2
1.278396595E1,1.932500000E2
1.278659095E1,1.932500000E2
1.278921495E1,1.932500000E2
1.279183995E1,1.868750000E2
1.279446395E1,1.868750000E2
1.279708895E1,1.868750000E2
1.279971295E1,1.868750000E2
1.280233795E1,1.868750000E2
1.280496195E1,1.868750000E2
1.280758695E1,1.868750000E2
1.281021095E1,1.868750000E2
1.281283595E1,1.868750000E2
1.281545995E1,1.868750000E2
1.281808495E1,1.868750000E2
1.282070895E1,1.868750000E2
1.282333395E1,1.868750000E2
1.282595895E1,1.868750000E2
1.282858295E1,1.868750000E2
1.283120795E1,1.868750000E2
1.283383195E1,1.868750000E2
1.283645695E1,1.868750000E2
1.283908095E1,1.868750000E2
1.284170595E1,1.868750000E2
1.284432995E1,1.868750000E2
1.284695495E1,1.868750000E2
1.284957895E1,1.868750000E2
1.285220395E1,1.868750000E2
1.285482795E1,1.868750000E2
1.285745295E1,1.868750000E2
1.286007695E1,1.868750000E2
1.286270195E1,1.868750000E2
1.286532595E1,1.868750000E2
1.286795095E1,1.868750000E2
1.287057495E1,1.868750000E2
1.287319995E1,1.868750000E2
1.287582395E1,1.868750000E2
1.287844895E1,1.868750000E2
1.288107295E1,1.868750000E2
1.288369795E1,1.868750000E2
1.288632195E1,1.868750000E2
1.288894695E1,1.868750000E2
1.289157095E1,1.868750000E2
1.289419595E1,1.932500000E2
1.289681995E1,1.932500000E2
1.289944495E1,1.932500000E2
1.290206895E1,1.932500000E2
1.290469395E1,1.932500000E2
1.290731795E1,1.932500000E2
1.290994295E1,1.932500000E2
1.291256695E1,1.932500000E2
1.291519195E1,1.932500000E2
1.291781595E1,1.932500000E2
1.292044095E1,1.868750000E2
1.292306495E1,1.868750000E2
1.292568995E1,1.868750000E2
1.292831395E1,1.868750000E2
1.293093895E1,1.868750000E2
1.293356295E1,1.868750000E2
1.293618795E1,1.868750000E2
1.293881295E1,1.868750000E2
1.294143695E1,1.868750000E2
1.294406195E1,1.868750000E2
1.294668595E1,1.868750000E2
1.294931095E1,1.868750000E2
1.295193495E1,1.868750000E2
1.295455995E1,1.868750000E2
1.295718395E1,1.868750000E2
1.295980895E1,1.868750000E2
1.296243295E1,1.868750000E2
1.296505795E1,1.868750000E2
1.296768195E1,1.868750000E2
1.297030695E1,1.932500000E2
1.297293095E1,1.932500000E2
1.297555595E1,1.932500000E2
1.297817995E1,1.932500000E2
1.298080495E1,1.932500000E2
1.298342895E1,1.932500000E2
1.298605395E1,1.932500000E2
1.298867795E1,1.932500000E2
1.299130295E1,1.932500000E2
1.299392695E1,1.932500000E2
1.299655195E1,1.868750000E2
1.299917595E1,1.868750000E2
1.300180095E1,1.868750000E2
1.300442495E1,1.868750000E2
1.300704995E1,1.868750000E2
1.300967395E1,1.868750000E2
1.301229895E1,1.868750000E2
1.301492295E1,1.868750000E2
1.301754795E1,1.868750000E2
1.302017195E1,1.868750000E2
1.302279695E1,1.868750000E2
1.302542095E1,1.868750000E2
1.302804595E1,1.868750000E2
1.303066995E1,1.868750000E2
1.303329495E1,1.868750000E2
1.303591895E1,1.868750000E2
1.303854395E1,1.868750000E2
1.304116795E1,1.868750000E2
1.304379295E1,1.868750000E2
1.304641695E1,1.868750000E2
1.304904195E1,1.868750000E2
1.305166695E1,1.868750000E2
1.305429095E1,1.868750000E2
1.305691595E1,1.868750000E2
1.305953995E1,1.868750000E2
1.306216495E1,1.868750000E2
1.306478895E1,1.868750000E2
1.306741395E1,1.868750000E2
1.307003795E1,1.868750000E2
1.307266295E1,1.868750000E2
1.307528695E1,1.868750000E2
1.307791195E1,1.868750000E2
1.308053595E1,1.868750000E2
1.308316095E1,1.868750000E2
1.308578495E1,1.868750000E2
1.308840995E1,1.868750000E2
1.309103395E1,1.868750000E2
1.309365895E1,1.868750000E2
1.309628295E1,1.868750000E2
1.309890795E1,1.868750000E2
1.310153195E1,1.868750000E2
1.310415695E1,1.868750000E2
1.310678095E1,1.868750000E2
1.310940595E1,1.868750000E2
1.311202995E1,1.868750000E2
1.311465495E1,1.868750000E2
1.311727895E1,1.868750000E2
1.311990395E1,1.868750000E2
1.312252795E1,1.868750000E2
1.312515295E1,1.868750000E2
1.312777695E1,1.868750000E2
1.313040195E1,1.868750000E2
1.313302595E1,1.868750000E2
1.313565095E1,1.868750000E2
1.313827495E1,1.868750000E2
1.314089995E1,1.868750000E2
1.314352395E1,1.868750000E2
1.314614895E1,1.868750000E2
1.314877295E1,1.868750000E2
1.315139795E1,1.868750000E2
1.315402195E1,1.868750000E2
1.315664695E1,1.868750000E2
1.315927195E1,1.868750000E2
1.316189595E1,1.868750000E2
1.316452095E1,1.868750000E2
1.316714495E1,1.868750000E2
1.316976995E1,1.868750000E2
1.317239395E1,1.868750000E2
1.317501895E1,1.868750000E2
1.317764295E1,1.868750000E2
1.318026795E1,1.868750000E2
1.318289195E1,1.868750000E2
1.318551695E1,1.868750000E2
1.318814095E1,1.868750000E2
1.319076595E1,1.868750000E2
1.319338995E1,1.868750000E2
1.319601495E1,1.868750000E2
1.319863895E1,1.868750000E2
1.320126395E1,1.868750000E2
1.320388795E1,1.868750000E2
1.320651295E1,1.868750000E2
1.320913695E1,1.868750000E2
1.321176195E1,1.868750000E2
1.321438595E1,1.868750000E2
1.321701095E1,1.868750000E2
1.321963495E1,1.868750000E2
1.322225995E1,1.868750000E2
1.322488395E1,1.868750000E2
1.322750895E1,1.868750000E2
1.323013295E1,1.868750000E2
1.323275795E1,1.868750000E2
1.323538195E1,1.868750000E2
1.323800695E1,1.868750000E2
1.324063095E1,1.868750000E2
1.324325595E1,1.868750000E2
1.324587995E1,1.868750000E2
1.324850495E1,1.868750000E2
1.325112895E1,1.868750000E2
1.325375395E1,1.868750000E2
1.325637795E1,1.868750000E2
1.325900295E1,1.868750000E2
1.326162695E1,1.868750000E2
1.326425195E1,1.868750000E2
1.326687595E1,1.868750000E2
1.326950095E1,1.868750000E2
1.327212595E1,1.868750000E2
1.327474995E1,1.868750000E2
1.327737495E1,1.868750000E2
1.327999895E1,1.868750000E2
1.328262395E1,1.868750000E2
1.328524795E1,1.868750000E2
1.328787295E1,1.868750000E2
1.329049695E1,1.868750000E2
1.329312195E1,1.868750000E2
1.329574595E1,1.868750000E2
1.329837095E1,1.868750000E2
1.330099495E1,1.868750000E2
1.330361995E1,1.868750000E2
1.330624395E1,1.868750000E2
1.330886895E1,1.868750000E2
1.331149295E1,1.868750000E2
1.331411795E1,1.868750000E2
1.331674195E1,1.868750000E2
1.331936695E1,1.868750000E2
1.332199095E1,1.868750000E2
1.332461595E1,1.868750000E2
1.332723995E1,1.868750000E2
1.332986495E1,1.868750000E2
1.333248895E1,1.868750000E2
1.333511395E1,1.868750000E2
1.333773795E1,1.868750000E2
1.334036295E1,1.868750000E2
1.334298695E1,1.868750000E2
1.334561195E1,1.868750000E2
1.334823595E1,1.868750000E2
1.335086095E1,1.868750000E2
1.335348495E1,1.932500000E2
1.335610995E1,1.932500000E2
1.335873395E1,1.932500000E2
1.336135895E1,1.932500000E2
1.336398295E1,1.932500000E2
1.336660795E1,1.932500000E2
1.336923195E1,1.932500000E2
1.337185695E1,1.932500000E2
1.337448095E1,1.932500000E2
1.337710595E1,1.868750000E2
1.337972995E1,1.868750000E2
1.338235495E1,1.868750000E2
1.338497995E1,1.868750000E2
1.338760395E1,1.868750000E2
1.339022895E1,1.868750000E2
1.339285295E1,1.868750000E2
1.339547795E1,1.868750000E2
1.339810195E1,1.868750000E2
1.340072695E1,1.868750000E2
1.340335095E1,1.868750000E2
1.340597595E1,1.868750000E2
1.340859995E1,1.868750000E2
1.341122495E1,1.868750000E2
1.341384895E1,1.868750000E2
1.341647395E1,1.868750000E2
1.341909795E1,1.868750000E2
1.342172295E1,1.868750000E2
1.342434695E1,1.868750000E2
1.342697195E1,1.868750000E2
1.342959595E1,1.868750000E2
1.343222095E1,1.868750000E2
1.343484495E1,1.868750000E2
1.343746995E1,1.868750000E2
1.344009395E1,1.868750000E2
1.344271895E1,1.868750000E2
1.344534295E1,1.868750000E2
1.344796795E1,1.868750000E2
1.345059195E1,1.868750000E2
1.345321695E1,1.868750000E2
1.345584095E1,1.868750000E2
1.345846595E1,1.868750000E2
1.346108995E1,1.868750000E2
1.346371495E1,1.868750000E2
1.346633895E1,1.868750000E2
1.346896395E1,1.868750000E2
1.347158795E1,1.868750000E2
1.347421295E1,1.868750000E2
1.347683695E1,1.868750000E2
1.347946195E1,1.868750000E2
1.348208595E1,1.868750000E2
1.348471095E1,1.868750000E2
1.348733495E1,1.868750000E2
1.348995995E1,1.868750000E2
1.349258395E1,1.868750000E2
1.349520895E1,1.868750000E2
1.349783395E1,1.868750000E2
1.350045795E1,1.868750000E2
1.350308295E1,1.868750000E2
1.350570695E1,1.868750000E2
1.350833195E1,1.868750000E2
1.351095595E1,1.868750000E2
1.351358095E1,1.868750000E2
1.351620495E1,1.868750000E2
1.351882995E1,1.868750000E2
1.352145395E1,1.868750000E2
1.352407895E1,1.868750000E2
1.352670295E1,1.868750000E2
1.352932795E1,1.868750000E2
1.353195195E1,1.932500000E2
1.353457695E1,1.932500000E2
1.353720095E1,1.932500000E2
1.353982595E1,1.932500000E2
1.354244995E1,1.932500000E2
1.354507495E1,1.932500000E2
1.354769895E1,1.932500000E2
1.355032395E1,1.932500000E2
1.355294795E1,1.932500000E2
1.355557295E1,1.868750000E2
1.355819695E1,1.868750000E2
1.356082195E1,1.868750000E2
1.356344595E1,1.868750000E2
1.356607095E1,1.868750000E2
1.356869495E1,1.868750000E2
1.357131995E1,1.868750000E2
1.357394395E1,1.868750000E2
1.357656895E1,1.868750000E2
1.357919295E1,1.868750000E2
1.358181795E1,1.932500000E2
1.358444195E1,1.932500000E2
1.358706695E1,1.932500000E2
1.358969095E1,1.932500000E2
1.359231595E1,1.932500000E2
1.359493995E1,1.932500000E2
1.359756495E1,1.932500000E2
1.360018895E1,1.932500000E2
1.360281395E1,1.932500000E2
1.360543795E1,1.932500000E2
1.360806295E1,1.868750000E2
1.361068795E1,1.868750000E2
1.361331195E1,1.868750000E2
1.361593695E1,1.868750000E2
1.361856095E1,1.868750000E2
1.362118595E1,1.868750000E2
1.362380995E1,1.868750000E2
1.362643495E1,1.868750000E2
1.362905895E1,1.868750000E2
1.363168395E1,1.868750000E2
1.363430795E1,1.868750000E2
1.363693295E1,1.868750000E2
1.363955695E1,1.868750000E2
1.364218195E1,1.868750000E2
1.364480595E1,1.868750000E2
1.364743095E1,1.868750000E2
1.365005495E1,1.868750000E2
1.365267995E1,1.868750000E2
1.365530395E1,1.868750000E2
1.365792895E1,1.868750000E2
1.366055295E1,1.868750000E2
1.366317795E1,1.868750000E2
1.366580195E1,1.868750000E2
1.366842695E1,1.868750000E2
1.367105095E1,1.868750000E2
1.367367595E1,1.868750000E2
1.367629995E1,1.868750000E2
1.367892495E1,1.868750000E2
1.368154895E1,1.868750000E2
1.368417395E1,1.868750000E2
1.368679795E1,1.868750000E2
1.368942295E1,1.868750000E2
1.369204695E1,1.868750000E2
1.369467195E1,1.868750000E2
1.369729595E1,1.868750000E2
1.369992095E1,1.868750000E2
1.370254495E1,1.868750000E2
1.370516995E1,1.868750000E2
1.370779395E1,1.868750000E2
1.371041895E1,1.868750000E2
1.371304295E1,1.868750000E2
1.371566795E1,1.868750000E2
1.371829195E1,1.868750000E2
1.372091695E1,1.868750000E2
1.372354195E1,1.868750000E2
1.372616595E1,1.868750000E2
1.372879095E1,1.868750000E2
1.373141495E1,1.868750000E2
1.373403995E1,1.868750000E2
1.373666395E1,1.868750000E2
1.373928895E1,1.868750000E2
