"Time (s)","Illuminance (lx)"
0.000000000E0,5.800000000E1
2.910868800E-2,5.800000000E1
3.924068800E-2,5.800000000E1
4.937268800E-2,5.800000000E1
5.950468800E-2,5.800000000E1
6.215968800E-2,5.800000000E1
6.478368800E-2,5.800000000E1
6.740868800E-2,5.800000000E1
7.003268800E-2,5.800000000E1
7.265768800E-2,5.800000000E1
7.528168800E-2,5.800000000E1
7.790668800E-2,5.800000000E1
8.053068800E-2,5.800000000E1
8.315568800E-2,5.800000000E1
8.577968800E-2,5.800000000E1
8.840468800E-2,5.800000000E1
9.102868800E-2,5.800000000E1
9.365368800E-2,5.800000000E1
9.627768800E-2,5.800000000E1
9.890268800E-2,5.800000000E1
1.015266880E-1,5.800000000E1
1.041516880E-1,5.800000000E1
1.067756880E-1,5.800000000E1
1.094006880E-1,5.800000000E1
1.120246880E-1,5.800000000E1
1.146496880E-1,5.800000000E1
1.172736880E-1,5.800000000E1
1.198986880E-1,5.800000000E1
1.225226880E-1,5.800000000E1
1.251476880E-1,5.800000000E1
1.277716880E-1,5.800000000E1
1.303966880E-1,5.800000000E1
1.330206880E-1,5.800000000E1
1.356456880E-1,5.800000000E1
1.382696880E-1,5.800000000E1
1.408946880E-1,5.800000000E1
1.435186880E-1,5.800000000E1
1.461436880E-1,5.800000000E1
1.487676880E-1,5.800000000E1
1.513926880E-1,5.800000000E1
1.540176880E-1,5.800000000E1
1.566416880E-1,5.800000000E1
1.592666880E-1,5.800000000E1
1.618906880E-1,5.800000000E1
1.645156880E-1,5.800000000E1
1.671396880E-1,5.800000000E1
1.697646880E-1,5.800000000E1
1.723886880E-1,5.800000000E1
1.750136880E-1,5.800000000E1
1.776376880E-1,5.800000000E1
1.802626880E-1,5.800000000E1
1.828866880E-1,5.800000000E1
1.855116880E-1,5.800000000E1
1.881356880E-1,5.800000000E1
1.907606880E-1,5.800000000E1
1.933846880E-1,5.800000000E1
1.960096880E-1,5.800000000E1
1.986336880E-1,5.800000000E1
2.012586880E-1,5.800000000E1
2.038826880E-1,5.800000000E1
2.065076880E-1,5.800000000E1
2.091316880E-1,5.800000000E1
2.117566880E-1,5.800000000E1
2.143806880E-1,5.800000000E1
2.170056880E-1,5.800000000E1
2.196296880E-1,5.800000000E1
2.222546880E-1,5.800000000E1
2.248786880E-1,5.800000000E1
2.275036880E-1,5.800000000E1
2.301276880E-1,5.800000000E1
2.327526880E-1,5.800000000E1
2.353766880E-1,5.800000000E1
2.380016880E-1,5.800000000E1
2.406256880E-1,5.800000000E1
2.432506880E-1,5.800000000E1
2.458746880E-1,5.800000000E1
2.484996880E-1,5.800000000E1
2.511236880E-1,5.800000000E1
2.537486880E-1,5.800000000E1
2.563726880E-1,5.800000000E1
2.589976880E-1,5.800000000E1
2.616216880E-1,5.800000000E1
2.642466880E-1,5.800000000E1
2.668716880E-1,5.800000000E1
2.694956880E-1,5.800000000E1
2.721206880E-1,5.800000000E1
2.747446880E-1,5.800000000E1
2.773696880E-1,5.800000000E1
2.799936880E-1,5.800000000E1
2.826186880E-1,5.800000000E1
2.852426880E-1,5.800000000E1
2.878676880E-1,5.800000000E1
2.904916880E-1,5.800000000E1
2.931166880E-1,5.800000000E1
2.957406880E-1,5.800000000E1
2.983656880E-1,5.800000000E1
3.009896880E-1,5.150000000E1
3.036146880E-1,5.150000000E1
3.062386880E-1,5.150000000E1
3.088636880E-1,5.150000000E1
3.114876880E-1,5.150000000E1
3.141126880E-1,5.150000000E1
3.167366880E-1,5.150000000E1
3.193616880E-1,5.150000000E1
3.219856880E-1,5.150000000E1
3.246106880E-1,5.150000000E1
3.272346880E-1,5.150000000E1
3.298596880E-1,5.150000000E1
3.324836880E-1,5.150000000E1
3.351086880E-1,5.150000000E1
3.377326880E-1,5.150000000E1
3.403576880E-1,5.150000000E1
3.429816880E-1,5.150000000E1
3.456066880E-1,5.150000000E1
3.482306880E-1,5.150000000E1
3.508556880E-1,5.800000000E1
3.534796880E-1,5.800000000E1
3.561046880E-1,5.800000000E1
3.587286880E-1,5.800000000E1
3.613536880E-1,5.800000000E1
3.639776880E-1,5.800000000E1
3.666026880E-1,5.800000000E1
3.692266880E-1,5.800000000E1
3.718516880E-1,5.800000000E1
3.744756880E-1,5.800000000E1
3.771006880E-1,5.800000000E1
3.797256880E-1,5.800000000E1
3.823496880E-1,5.800000000E1
3.849746880E-1,5.800000000E1
3.875986880E-1,5.800000000E1
3.902236880E-1,5.800000000E1
3.928476880E-1,5.800000000E1
3.954726880E-1,5.800000000E1
3.980966880E-1,5.800000000E1
4.007216880E-1,5.800000000E1
4.033456880E-1,5.800000000E1
4.059706880E-1,5.800000000E1
4.085946880E-1,5.800000000E1
4.112196880E-1,5.800000000E1
4.138436880E-1,5.800000000E1
4.164686880E-1,5.800000000E1
4.190926880E-1,5.800000000E1
4.217176880E-1,5.800000000E1
4.243416880E-1,5.800000000E1
4.269666880E-1,5.800000000E1
4.295906880E-1,5.800000000E1
4.322156880E-1,5.800000000E1
4.348396880E-1,5.800000000E1
4.374646880E-1,5.800000000E1
4.400886880E-1,5.800000000E1
4.427136880E-1,5.800000000E1
4.453376880E-1,5.800000000E1
4.479626880E-1,5.800000000E1
4.505866880E-1,5.800000000E1
4.532116880E-1,5.800000000E1
4.558356880E-1,5.800000000E1
4.584606880E-1,5.800000000E1
4.610846880E-1,5.800000000E1
4.637096880E-1,5.800000000E1
4.663336880E-1,5.800000000E1
4.689586880E-1,5.800000000E1
4.715826880E-1,5.800000000E1
4.742076880E-1,5.800000000E1
4.768316880E-1,5.800000000E1
4.794566880E-1,5.150000000E1
4.820806880E-1,5.150000000E1
4.847056880E-1,5.150000000E1
4.873306880E-1,5.150000000E1
4.899546880E-1,5.150000000E1
4.925796880E-1,5.150000000E1
4.952036880E-1,5.150000000E1
4.978286880E-1,5.150000000E1
5.004526880E-1,5.150000000E1
5.030776880E-1,5.800000000E1
5.057016880E-1,5.800000000E1
5.083266880E-1,5.800000000E1
5.109506880E-1,5.800000000E1
5.135756880E-1,5.800000000E1
5.161996880E-1,5.800000000E1
5.188246880E-1,5.800000000E1
5.214486880E-1,5.800000000E1
5.240736880E-1,5.800000000E1
5.266976880E-1,5.800000000E1
5.293226880E-1,5.800000000E1
5.319466880E-1,5.800000000E1
5.345716880E-1,5.800000000E1
5.371956880E-1,5.800000000E1
5.398206880E-1,5.800000000E1
5.424446880E-1,5.800000000E1
5.450696880E-1,5.800000000E1
5.476936880E-1,5.800000000E1
5.503186880E-1,5.800000000E1
5.529426880E-1,5.800000000E1
5.555676880E-1,5.150000000E1
5.581916880E-1,5.150000000E1
5.608166880E-1,5.150000000E1
5.634406880E-1,5.150000000E1
5.660656880E-1,5.150000000E1
5.686896880E-1,5.150000000E1
5.713146880E-1,5.150000000E1
5.739386880E-1,5.150000000E1
5.765636880E-1,5.150000000E1
5.791876880E-1,5.150000000E1
5.818126880E-1,5.800000000E1
5.844366880E-1,5.800000000E1
5.870616880E-1,5.800000000E1
5.896856880E-1,5.800000000E1
5.923106880E-1,5.800000000E1
5.949346880E-1,5.800000000E1
5.975596880E-1,5.800000000E1
6.001846880E-1,5.800000000E1
6.028086880E-1,5.800000000E1
6.054336880E-1,5.800000000E1
6.080576880E-1,5.800000000E1
6.106826880E-1,5.800000000E1
6.133066880E-1,5.800000000E1
6.159316880E-1,5.800000000E1
6.185556880E-1,5.800000000E1
6.211806880E-1,5.800000000E1
6.238046880E-1,5.800000000E1
6.264296880E-1,5.800000000E1
6.290536880E-1,5.800000000E1
6.316786880E-1,5.800000000E1
6.343026880E-1,5.800000000E1
6.369276880E-1,5.800000000E1
6.395516880E-1,5.800000000E1
6.421766880E-1,5.800000000E1
6.448006880E-1,5.800000000E1
6.474256880E-1,5.800000000E1
6.500496880E-1,5.800000000E1
6.526746880E-1,5.800000000E1
6.552986880E-1,5.800000000E1
6.579236880E-1,5.800000000E1
6.605476880E-1,5.800000000E1
6.632336880E-1,5.800000000E1
6.658576880E-1,5.800000000E1
6.684826880E-1,5.800000000E1
6.711066880E-1,5.800000000E1
6.737316880E-1,5.800000000E1
6.763556880E-1,5.800000000E1
6.789806880E-1,5.800000000E1
6.816046880E-1,5.800000000E1
6.842296880E-1,5.800000000E1
6.868536880E-1,5.800000000E1
6.894786880E-1,5.800000000E1
6.921026880E-1,5.800000000E1
6.947276880E-1,5.800000000E1
6.973516880E-1,5.800000000E1
6.999766880E-1,5.800000000E1
7.026006880E-1,5.800000000E1
7.052256880E-1,5.800000000E1
7.078506880E-1,5.150000000E1
7.104746880E-1,5.150000000E1
7.130996880E-1,5.150000000E1
7.157236880E-1,5.150000000E1
7.183486880E-1,5.150000000E1
7.209726880E-1,5.150000000E1
7.235976880E-1,5.150000000E1
7.262216880E-1,5.150000000E1
7.288466880E-1,5.150000000E1
7.314706880E-1,5.800000000E1
7.340956880E-1,5.800000000E1
7.367196880E-1,5.800000000E1
7.393446880E-1,5.800000000E1
7.419686880E-1,5.800000000E1
7.445936880E-1,5.800000000E1
7.472176880E-1,5.800000000E1
7.498426880E-1,5.800000000E1
7.524666880E-1,5.800000000E1
7.550916880E-1,5.800000000E1
7.577156880E-1,5.150000000E1
7.603406880E-1,5.150000000E1
7.629646880E-1,5.150000000E1
7.655896880E-1,5.150000000E1
7.682136880E-1,5.150000000E1
7.708386880E-1,5.150000000E1
7.734626880E-1,5.150000000E1
7.760876880E-1,5.150000000E1
7.787116880E-1,5.150000000E1
7.813366880E-1,5.150000000E1
7.839606880E-1,5.800000000E1
7.865856880E-1,5.800000000E1
7.892096880E-1,5.800000000E1
7.918346880E-1,5.800000000E1
7.944586880E-1,5.800000000E1
7.970836880E-1,5.800000000E1
7.997076880E-1,5.800000000E1
8.023326880E-1,5.800000000E1
8.049566880E-1,5.800000000E1
8.075816880E-1,5.800000000E1
8.102056880E-1,5.800000000E1
8.128306880E-1,5.800000000E1
8.154556880E-1,5.800000000E1
8.180796880E-1,5.800000000E1
8.207046880E-1,5.800000000E1
8.233286880E-1,5.800000000E1
8.259536880E-1,5.800000000E1
8.285776880E-1,5.800000000E1
8.312026880E-1,5.800000000E1
8.338266880E-1,5.800000000E1
8.364516880E-1,5.800000000E1
8.390756880E-1,5.800000000E1
8.417006880E-1,5.800000000E1
8.443246880E-1,5.800000000E1
8.469496880E-1,5.800000000E1
8.495736880E-1,5.800000000E1
8.521986880E-1,5.800000000E1
8.548226880E-1,5.800000000E1
8.574476880E-1,5.800000000E1
8.600716880E-1,5.800000000E1
8.626966880E-1,5.800000000E1
8.653206880E-1,5.800000000E1
8.679456880E-1,5.800000000E1
8.705696880E-1,5.800000000E1
8.731946880E-1,5.800000000E1
8.758186880E-1,5.800000000E1
8.784436880E-1,5.800000000E1
8.810676880E-1,5.800000000E1
8.836926880E-1,5.800000000E1
8.863166880E-1,5.150000000E1
8.889416880E-1,5.150000000E1
8.915656880E-1,5.150000000E1
8.941906880E-1,5.150000000E1
8.968146880E-1,5.150000000E1
8.994396880E-1,5.150000000E1
9.020636880E-1,5.150000000E1
9.046886880E-1,5.150000000E1
9.073126880E-1,5.150000000E1
9.099376880E-1,5.150000000E1
9.125616880E-1,5.150000000E1
9.151866880E-1,5.150000000E1
9.178106880E-1,5.150000000E1
9.204356880E-1,5.150000000E1
9.230596880E-1,5.150000000E1
9.256846880E-1,5.150000000E1
9.283096880E-1,5.150000000E1
9.309336880E-1,5.150000000E1
9.335586880E-1,5.150000000E1
9.361826880E-1,5.800000000E1
9.388076880E-1,5.800000000E1
9.414316880E-1,5.800000000E1
9.440566880E-1,5.800000000E1
9.466806880E-1,5.800000000E1
9.493056880E-1,5.800000000E1
9.519296880E-1,5.800000000E1
9.545546880E-1,5.800000000E1
9.571786880E-1,5.800000000E1
9.598036880E-1,5.800000000E1
9.624276880E-1,5.800000000E1
9.650526880E-1,5.800000000E1
9.676766880E-1,5.800000000E1
9.703016880E-1,5.800000000E1
9.729256880E-1,5.800000000E1
9.755506880E-1,5.800000000E1
9.781746880E-1,5.800000000E1
9.807996880E-1,5.800000000E1
9.834236880E-1,5.800000000E1
9.860486880E-1,5.800000000E1
9.886726880E-1,5.800000000E1
9.912976880E-1,5.800000000E1
9.939216880E-1,5.800000000E1
9.965466880E-1,5.800000000E1
9.991706880E-1,5.800000000E1
1.001795688E0,5.800000000E1
1.004419688E0,5.800000000E1
1.007044688E0,5.800000000E1
1.009668688E0,5.800000000E1
1.012293688E0,5.800000000E1
1.014917688E0,5.800000000E1
1.017542688E0,5.800000000E1
1.020166688E0,5.800000000E1
1.022791688E0,5.800000000E1
1.025415688E0,5.800000000E1
1.028040688E0,5.800000000E1
1.030664688E0,5.800000000E1
1.033289688E0,5.800000000E1
1.035913688E0,5.800000000E1
1.038538688E0,5.800000000E1
1.041163688E0,5.800000000E1
1.043787688E0,5.800000000E1
1.046412688E0,5.800000000E1
1.049036688E0,5.800000000E1
1.051661688E0,5.800000000E1
1.054285688E0,5.800000000E1
1.056910688E0,5.800000000E1
1.059534688E0,5.800000000E1
1.062159688E0,5.800000000E1
1.064783688E0,5.800000000E1
1.067408688E0,5.800000000E1
1.070032688E0,5.800000000E1
1.072657688E0,5.800000000E1
1.075281688E0,5.800000000E1
1.077906688E0,5.800000000E1
1.080530688E0,5.800000000E1
1.083155688E0,5.800000000E1
1.085779688E0,5.800000000E1
1.088404688E0,5.150000000E1
1.091028688E0,5.150000000E1
1.093653688E0,5.150000000E1
1.096277688E0,5.150000000E1
1.098902688E0,5.150000000E1
1.101526688E0,5.150000000E1
1.104151688E0,5.150000000E1
1.106775688E0,5.150000000E1
1.109400688E0,5.150000000E1
1.112024688E0,5.150000000E1
1.114649688E0,5.800000000E1
1.117273688E0,5.800000000E1
1.119898688E0,5.800000000E1
1.122522688E0,5.800000000E1
1.125147688E0,5.800000000E1
1.127771688E0,5.800000000E1
1.130396688E0,5.800000000E1
1.133020688E0,5.800000000E1
1.135645688E0,5.800000000E1
1.138269688E0,5.800000000E1
1.140894688E0,5.800000000E1
1.143518688E0,5.800000000E1
1.146143688E0,5.800000000E1
1.148767688E0,5.800000000E1
1.151392688E0,5.800000000E1
1.154017688E0,5.800000000E1
1.156641688E0,5.800000000E1
1.159266688E0,5.800000000E1
1.161890688E0,5.800000000E1
1.164515688E0,5.800000000E1
1.167139688E0,5.150000000E1
1.169764688E0,5.150000000E1
1.172388688E0,5.150000000E1
1.175013688E0,5.150000000E1
1.177637688E0,5.150000000E1
1.180262688E0,5.150000000E1
1.182886688E0,5.150000000E1
1.185511688E0,5.150000000E1
1.188135688E0,5.150000000E1
1.190760688E0,5.150000000E1
1.193384688E0,5.150000000E1
1.196009688E0,5.150000000E1
1.198633688E0,5.150000000E1
1.201258688E0,5.150000000E1
1.203882688E0,5.150000000E1
1.206507688E0,5.150000000E1
1.209131688E0,5.150000000E1
1.211756688E0,5.150000000E1
1.214380688E0,5.150000000E1
1.217005688E0,5.150000000E1
1.219629688E0,5.150000000E1
1.222254688E0,5.150000000E1
1.224878688E0,5.150000000E1
1.227503688E0,5.150000000E1
1.230127688E0,5.150000000E1
1.232752688E0,5.150000000E1
1.235376688E0,5.150000000E1
1.238001688E0,5.150000000E1
1.240625688E0,5.150000000E1
1.243250688E0,5.800000000E1
1.245874688E0,5.800000000E1
1.248499688E0,5.800000000E1
1.251123688E0,5.800000000E1
1.253748688E0,5.800000000E1
1.256372688E0,5.800000000E1
1.258997688E0,5.800000000E1
1.261621688E0,5.800000000E1
1.264246688E0,5.800000000E1
1.266871688E0,5.800000000E1
1.269495688E0,5.800000000E1
1.272120688E0,5.800000000E1
1.274744688E0,5.800000000E1
1.277369688E0,5.800000000E1
1.279993688E0,5.800000000E1
1.282618688E0,5.800000000E1
1.285242688E0,5.800000000E1
1.287867688E0,5.800000000E1
1.290491688E0,5.800000000E1
1.293116688E0,5.800000000E1
1.295740688E0,5.800000000E1
1.298365688E0,5.800000000E1
1.300989688E0,5.800000000E1
1.303614688E0,5.800000000E1
1.306238688E0,5.800000000E1
1.308863688E0,5.800000000E1
1.311487688E0,5.800000000E1
1.314112688E0,5.800000000E1
1.316736688E0,5.800000000E1
1.319361688E0,5.800000000E1
1.321985688E0,5.800000000E1
1.324610688E0,5.800000000E1
1.327234688E0,5.800000000E1
1.329859688E0,5.800000000E1
1.332483688E0,5.800000000E1
1.335108688E0,5.800000000E1
1.337732688E0,5.800000000E1
1.340357688E0,5.800000000E1
1.342981688E0,5.800000000E1
1.345606688E0,5.800000000E1
1.348230688E0,5.800000000E1
1.350855688E0,5.800000000E1
1.353479688E0,5.800000000E1
1.356104688E0,5.800000000E1
1.358728688E0,5.800000000E1
1.361353688E0,5.800000000E1
1.363977688E0,5.800000000E1
1.366602688E0,5.800000000E1
1.369226688E0,5.800000000E1
1.371851688E0,5.800000000E1
1.374475688E0,5.800000000E1
1.377100688E0,5.800000000E1
1.379725688E0,5.800000000E1
1.382349688E0,5.800000000E1
1.384974688E0,5.800000000E1
1.387598688E0,5.800000000E1
1.390223688E0,5.800000000E1
1.392847688E0,5.800000000E1
1.395472688E0,5.800000000E1
1.398096688E0,5.800000000E1
1.400721688E0,5.800000000E1
1.403345688E0,5.800000000E1
1.405970688E0,5.800000000E1
1.408594688E0,5.800000000E1
1.411219688E0,5.800000000E1
1.413843688E0,5.800000000E1
1.416468688E0,5.800000000E1
1.419092688E0,5.800000000E1
1.421717688E0,5.800000000E1
1.424341688E0,5.800000000E1
1.426966688E0,5.800000000E1
1.429590688E0,5.800000000E1
1.432215688E0,5.800000000E1
1.434839688E0,5.800000000E1
1.437464688E0,5.800000000E1
1.440088688E0,5.800000000E1
1.442713688E0,5.800000000E1
1.445337688E0,5.800000000E1
1.447962688E0,5.800000000E1
1.450586688E0,5.800000000E1
1.453211688E0,5.800000000E1
1.455835688E0,5.800000000E1
1.458460688E0,5.800000000E1
1.461084688E0,5.800000000E1
1.463709688E0,5.800000000E1
1.466333688E0,5.800000000E1
1.468958688E0,5.800000000E1
1.471582688E0,5.800000000E1
1.474207688E0,5.800000000E1
1.476831688E0,5.800000000E1
1.479456688E0,5.800000000E1
1.482080688E0,5.800000000E1
1.484705688E0,5.800000000E1
1.487330688E0,5.800000000E1
1.489954688E0,5.800000000E1
1.492579688E0,5.800000000E1
1.495203688E0,5.800000000E1
1.497828688E0,5.800000000E1
1.500452688E0,5.800000000E1
1.503077688E0,5.800000000E1
1.505701688E0,5.800000000E1
1.508326688E0,5.800000000E1
1.510950688E0,5.800000000E1
1.513575688E0,5.800000000E1
1.516199688E0,5.800000000E1
1.518824688E0,5.800000000E1
1.521448688E0,5.800000000E1
1.524073688E0,5.800000000E1
1.526697688E0,5.800000000E1
1.529322688E0,5.800000000E1
1.531946688E0,5.800000000E1
1.534571688E0,5.800000000E1
1.537195688E0,5.800000000E1
1.539820688E0,5.800000000E1
1.542444688E0,5.800000000E1
1.545069688E0,5.800000000E1
1.547693688E0,5.800000000E1
1.550318688E0,5.800000000E1
1.552942688E0,5.800000000E1
1.555567688E0,5.800000000E1
1.558191688E0,5.800000000E1
1.560816688E0,5.800000000E1
1.563440688E0,5.800000000E1
1.566065688E0,5.800000000E1
1.568689688E0,5.800000000E1
1.571314688E0,5.150000000E1
1.573938688E0,5.150000000E1
1.576563688E0,5.150000000E1
1.579187688E0,5.150000000E1
1.581812688E0,5.150000000E1
1.584436688E0,5.150000000E1
1.587061688E0,5.150000000E1
1.589685688E0,5.150000000E1
1.592310688E0,5.150000000E1
1.594934688E0,5.150000000E1
1.597559688E0,5.800000000E1
1.600184688E0,5.800000000E1
1.602808688E0,5.800000000E1
1.605433688E0,5.800000000E1
1.608057688E0,5.800000000E1
1.610682688E0,5.800000000E1
1.613306688E0,5.800000000E1
1.615931688E0,5.800000000E1
1.618555688E0,5.800000000E1
1.621180688E0,5.800000000E1
1.623804688E0,5.800000000E1
1.626429688E0,5.800000000E1
1.629053688E0,5.800000000E1
1.631678688E0,5.800000000E1
1.634302688E0,5.800000000E1
1.636927688E0,5.800000000E1
1.639551688E0,5.800000000E1
1.642176688E0,5.800000000E1
1.644800688E0,5.800000000E1
1.647425688E0,5.800000000E1
1.650049688E0,5.800000000E1
1.652674688E0,5.800000000E1
1.655298688E0,5.800000000E1
1.657923688E0,5.800000000E1
1.660547688E0,5.800000000E1
1.663172688E0,5.800000000E1
1.665796688E0,5.800000000E1
1.668421688E0,5.800000000E1
1.671045688E0,5.800000000E1
1.673670688E0,5.800000000E1
1.676294688E0,5.150000000E1
1.678919688E0,5.150000000E1
1.681543688E0,5.150000000E1
1.684168688E0,5.150000000E1
1.686792688E0,5.150000000E1
1.689417688E0,5.150000000E1
1.692041688E0,5.150000000E1
1.694666688E0,5.150000000E1
1.697290688E0,5.150000000E1
1.699915688E0,5.800000000E1
1.702539688E0,5.800000000E1
1.705164688E0,5.800000000E1
1.707788688E0,5.800000000E1
1.710413688E0,5.800000000E1
1.713038688E0,5.800000000E1
1.715662688E0,5.800000000E1
1.718287688E0,5.800000000E1
1.720911688E0,5.800000000E1
1.723536688E0,5.800000000E1
1.726160688E0,5.800000000E1
1.728785688E0,5.800000000E1
1.731409688E0,5.800000000E1
1.734034688E0,5.800000000E1
1.736658688E0,5.800000000E1
1.739283688E0,5.800000000E1
1.741907688E0,5.800000000E1
1.744532688E0,5.800000000E1
1.747156688E0,5.800000000E1
1.749781688E0,5.800000000E1
1.752405688E0,5.800000000E1
1.755030688E0,5.800000000E1
1.757654688E0,5.800000000E1
1.760279688E0,5.800000000E1
1.762903688E0,5.800000000E1
1.765528688E0,5.800000000E1
1.768152688E0,5.800000000E1
1.770777688E0,5.800000000E1
1.773401688E0,5.800000000E1
1.776026688E0,5.800000000E1
1.778650688E0,5.800000000E1
1.781275688E0,5.800000000E1
1.783899688E0,5.800000000E1
1.786524688E0,5.800000000E1
1.789148688E0,5.800000000E1
1.791773688E0,5.800000000E1
1.794397688E0,5.800000000E1
1.797022688E0,5.800000000E1
1.799646688E0,5.800000000E1
1.802271688E0,5.800000000E1
1.804895688E0,5.800000000E1
1.807520688E0,5.800000000E1
1.810144688E0,5.800000000E1
1.812769688E0,5.800000000E1
1.815393688E0,5.800000000E1
1.818018688E0,5.800000000E1
1.820642688E0,5.800000000E1
1.823267688E0,5.800000000E1
1.825892688E0,5.800000000E1
1.828516688E0,5.800000000E1
1.831141688E0,5.800000000E1
1.833765688E0,5.800000000E1
1.836390688E0,5.800000000E1
1.839014688E0,5.800000000E1
1.841639688E0,5.800000000E1
1.844263688E0,5.800000000E1
1.846888688E0,5.800000000E1
1.849512688E0,5.800000000E1
1.852137688E0,5.800000000E1
1.854761688E0,5.800000000E1
1.857386688E0,5.800000000E1
1.860010688E0,5.800000000E1
1.862635688E0,5.800000000E1
1.865259688E0,5.800000000E1
1.867884688E0,5.800000000E1
1.870508688E0,5.800000000E1
1.873133688E0,5.800000000E1
1.875757688E0,5.800000000E1
1.878382688E0,5.150000000E1
1.881006688E0,5.150000000E1
1.883631688E0,5.150000000E1
1.886255688E0,5.150000000E1
1.888880688E0,5.150000000E1
1.891504688E0,5.150000000E1
1.894129688E0,5.150000000E1
1.896753688E0,5.150000000E1
1.899378688E0,5.150000000E1
1.902002688E0,5.150000000E1
1.904627688E0,5.800000000E1
1.907251688E0,5.800000000E1
1.909876688E0,5.800000000E1
1.912500688E0,5.800000000E1
1.915125688E0,5.800000000E1
1.917749688E0,5.800000000E1
1.920374688E0,5.800000000E1
1.922998688E0,5.800000000E1
1.925623688E0,5.800000000E1
1.928247688E0,5.800000000E1
1.930872688E0,5.800000000E1
1.933496688E0,5.800000000E1
1.936121688E0,5.800000000E1
1.938746688E0,5.800000000E1
1.941370688E0,5.800000000E1
1.943995688E0,5.800000000E1
1.946619688E0,5.800000000E1
1.949244688E0,5.800000000E1
1.951868688E0,5.800000000E1
1.954493688E0,5.800000000E1
1.957117688E0,5.800000000E1
1.959742688E0,5.800000000E1
1.962366688E0,5.800000000E1
1.964991688E0,5.800000000E1
1.967615688E0,5.800000000E1
1.970240688E0,5.800000000E1
1.972864688E0,5.800000000E1
1.975489688E0,5.800000000E1
1.978113688E0,5.800000000E1
1.980738688E0,5.150000000E1
1.983362688E0,5.150000000E1
1.985987688E0,5.150000000E1
1.988611688E0,5.150000000E1
1.991236688E0,5.150000000E1
1.993860688E0,5.150000000E1
1.996485688E0,5.150000000E1
1.999109688E0,5.150000000E1
2.001734688E0,5.150000000E1
2.004358688E0,5.150000000E1
2.006983688E0,5.800000000E1
2.009607688E0,5.800000000E1
2.012232688E0,5.800000000E1
2.014856688E0,5.800000000E1
2.017481688E0,5.800000000E1
2.020105688E0,5.800000000E1
2.022730688E0,5.800000000E1
2.025354688E0,5.800000000E1
2.027979688E0,5.800000000E1
2.030603688E0,5.800000000E1
2.033228688E0,5.800000000E1
2.035852688E0,5.800000000E1
2.038477688E0,5.800000000E1
2.041101688E0,5.800000000E1
2.043726688E0,5.800000000E1
2.046350688E0,5.800000000E1
2.048975688E0,5.800000000E1
2.051600688E0,5.800000000E1
2.054224688E0,5.800000000E1
2.056849688E0,5.800000000E1
2.059473688E0,5.800000000E1
2.062098688E0,5.800000000E1
2.064722688E0,5.800000000E1
2.067347688E0,5.800000000E1
2.069971688E0,5.800000000E1
2.072596688E0,5.800000000E1
2.075220688E0,5.800000000E1
2.077845688E0,5.800000000E1
2.080469688E0,5.800000000E1
2.083094688E0,5.800000000E1
2.085718688E0,5.800000000E1
2.088343688E0,5.800000000E1
2.090967688E0,5.800000000E1
2.093592688E0,5.800000000E1
2.096216688E0,5.800000000E1
2.098841688E0,5.800000000E1
2.101465688E0,5.800000000E1
2.104090688E0,5.800000000E1
2.106714688E0,5.800000000E1
2.109339688E0,5.800000000E1
2.111963688E0,5.800000000E1
2.114588688E0,5.800000000E1
2.117212688E0,5.800000000E1
2.119837688E0,5.800000000E1
2.122461688E0,5.800000000E1
2.125086688E0,5.800000000E1
2.127710688E0,5.800000000E1
2.130335688E0,5.800000000E1
2.132959688E0,5.800000000E1
2.135584688E0,5.800000000E1
2.138208688E0,5.800000000E1
2.140833688E0,5.800000000E1
2.143457688E0,5.800000000E1
2.146082688E0,5.800000000E1
2.148706688E0,5.800000000E1
2.151331688E0,5.800000000E1
2.153955688E0,5.800000000E1
2.156580688E0,5.800000000E1
2.159205688E0,5.800000000E1
2.161829688E0,5.800000000E1
2.164454688E0,5.800000000E1
2.167078688E0,5.800000000E1
2.169703688E0,5.800000000E1
2.172327688E0,5.800000000E1
2.174952688E0,5.800000000E1
2.177576688E0,5.800000000E1
2.180201688E0,5.800000000E1
2.182825688E0,5.800000000E1
2.185450688E0,5.800000000E1
2.188074688E0,5.800000000E1
2.190699688E0,5.800000000E1
2.193323688E0,5.800000000E1
2.195948688E0,5.800000000E1
2.198572688E0,5.800000000E1
2.201197688E0,5.800000000E1
2.203821688E0,5.800000000E1
2.206446688E0,5.800000000E1
2.209070688E0,5.150000000E1
2.211695688E0,5.150000000E1
2.214319688E0,5.150000000E1
2.216944688E0,5.150000000E1
2.219568688E0,5.150000000E1
2.222193688E0,5.150000000E1
2.224817688E0,5.150000000E1
2.227442688E0,5.150000000E1
2.230066688E0,5.150000000E1
2.232691688E0,5.150000000E1
2.235315688E0,5.800000000E1
2.237940688E0,5.800000000E1
2.240564688E0,5.800000000E1
2.243189688E0,5.800000000E1
2.245813688E0,5.800000000E1
2.248438688E0,5.800000000E1
2.251062688E0,5.800000000E1
2.253687688E0,5.800000000E1
2.256311688E0,5.800000000E1
2.258936688E0,5.800000000E1
2.261560688E0,5.800000000E1
2.264185688E0,5.800000000E1
2.266809688E0,5.800000000E1
2.269434688E0,5.800000000E1
2.272059688E0,5.800000000E1
2.274683688E0,5.800000000E1
2.277308688E0,5.800000000E1
2.279932688E0,5.800000000E1
2.282557688E0,5.800000000E1
2.285181688E0,5.800000000E1
2.287806688E0,5.800000000E1
2.290430688E0,5.800000000E1
2.293055688E0,5.800000000E1
2.295679688E0,5.800000000E1
2.298304688E0,5.800000000E1
2.300928688E0,5.800000000E1
2.303553688E0,5.800000000E1
2.306177688E0,5.800000000E1
2.308802688E0,5.800000000E1
2.311426688E0,5.800000000E1
2.314051688E0,5.800000000E1
2.316675688E0,5.800000000E1
2.319300688E0,5.800000000E1
2.321924688E0,5.800000000E1
2.324549688E0,5.800000000E1
2.327173688E0,5.800000000E1
2.329798688E0,5.800000000E1
2.332422688E0,5.800000000E1
2.335047688E0,5.800000000E1
2.337671688E0,5.800000000E1
2.340296688E0,5.800000000E1
2.342920688E0,5.800000000E1
2.345545688E0,5.800000000E1
2.348169688E0,5.800000000E1
2.350794688E0,5.800000000E1
2.353418688E0,5.800000000E1
2.356043688E0,5.800000000E1
2.358667688E0,5.800000000E1
2.361292688E0,5.800000000E1
2.363916688E0,5.800000000E1
2.366541688E0,5.800000000E1
2.369165688E0,5.800000000E1
2.371790688E0,5.800000000E1
2.374414688E0,5.800000000E1
2.377039688E0,5.800000000E1
2.379663688E0,5.800000000E1
2.382288688E0,5.800000000E1
2.384913688E0,5.800000000E1
2.387537688E0,5.800000000E1
2.390162688E0,5.800000000E1
2.392786688E0,5.800000000E1
2.395411688E0,5.800000000E1
2.398035688E0,5.800000000E1
2.400660688E0,5.800000000E1
2.403284688E0,5.800000000E1
2.405909688E0,5.800000000E1
2.408533688E0,5.800000000E1
2.411158688E0,5.800000000E1
2.413782688E0,5.800000000E1
2.416407688E0,5.800000000E1
2.419031688E0,5.800000000E1
2.421656688E0,5.800000000E1
2.424280688E0,5.800000000E1
2.426905688E0,5.800000000E1
2.429529688E0,5.800000000E1
2.432154688E0,5.800000000E1
2.434778688E0,5.800000000E1
2.437403688E0,5.800000000E1
2.440027688E0,5.800000000E1
2.442652688E0,5.800000000E1
2.445276688E0,5.800000000E1
2.447901688E0,5.800000000E1
2.450525688E0,5.800000000E1
2.453150688E0,5.800000000E1
2.455774688E0,5.800000000E1
2.458399688E0,5.800000000E1
2.461023688E0,5.800000000E1
2.463648688E0,5.800000000E1
2.466272688E0,5.800000000E1
2.468897688E0,5.800000000E1
2.471521688E0,5.800000000E1
2.474146688E0,5.800000000E1
2.476770688E0,5.800000000E1
2.479395688E0,5.800000000E1
2.482019688E0,5.800000000E1
2.484644688E0,5.800000000E1
2.487268688E0,5.800000000E1
2.489893688E0,5.150000000E1
2.492517688E0,5.150000000E1
2.495142688E0,5.150000000E1
2.497767688E0,5.150000000E1
2.500391688E0,5.150000000E1
2.503016688E0,5.150000000E1
2.505640688E0,5.150000000E1
2.508265688E0,5.150000000E1
2.510889688E0,5.150000000E1
2.513514688E0,5.150000000E1
2.516138688E0,5.800000000E1
2.518763688E0,5.800000000E1
2.521387688E0,5.800000000E1
2.524012688E0,5.800000000E1
2.526636688E0,5.800000000E1
2.529261688E0,5.800000000E1
2.531885688E0,5.800000000E1
2.534510688E0,5.800000000E1
2.537134688E0,5.800000000E1
2.539759688E0,5.800000000E1
2.542383688E0,5.800000000E1
2.545008688E0,5.800000000E1
2.547632688E0,5.800000000E1
2.550257688E0,5.800000000E1
2.552881688E0,5.800000000E1
2.555506688E0,5.800000000E1
2.558130688E0,5.800000000E1
2.560755688E0,5.800000000E1
2.563379688E0,5.800000000E1
2.566004688E0,5.800000000E1
2.568628688E0,5.800000000E1
2.571253688E0,5.800000000E1
2.573877688E0,5.800000000E1
2.576502688E0,5.800000000E1
2.579126688E0,5.800000000E1
2.581751688E0,5.800000000E1
2.584375688E0,5.800000000E1
2.587000688E0,5.800000000E1
2.589624688E0,5.800000000E1
2.592249688E0,5.800000000E1
2.594873688E0,5.800000000E1
2.597498688E0,5.800000000E1
2.600122688E0,5.800000000E1
2.602747688E0,5.800000000E1
2.605371688E0,5.800000000E1
2.607996688E0,5.800000000E1
2.610621688E0,5.800000000E1
2.613245688E0,5.800000000E1
2.615870688E0,5.800000000E1
2.618494688E0,5.800000000E1
2.621119688E0,5.800000000E1
2.623743688E0,5.800000000E1
2.626368688E0,5.800000000E1
2.628992688E0,5.800000000E1
2.631617688E0,5.800000000E1
2.634241688E0,5.800000000E1
2.636866688E0,5.800000000E1
2.639490688E0,5.800000000E1
2.642115688E0,5.800000000E1
2.644739688E0,5.800000000E1
2.647364688E0,5.800000000E1
2.649988688E0,5.800000000E1
2.652613688E0,5.800000000E1
2.655237688E0,5.800000000E1
2.657862688E0,5.800000000E1
2.660486688E0,5.800000000E1
2.663111688E0,5.800000000E1
2.665735688E0,5.800000000E1
2.668360688E0,5.800000000E1
2.670984688E0,5.800000000E1
2.673609688E0,5.800000000E1
2.676233688E0,5.800000000E1
2.678858688E0,5.800000000E1
2.681482688E0,5.800000000E1
2.684107688E0,5.800000000E1
2.686731688E0,5.800000000E1
2.689356688E0,5.800000000E1
2.691980688E0,5.150000000E1
2.694605688E0,5.150000000E1
2.697229688E0,5.150000000E1
2.699854688E0,5.150000000E1
2.702478688E0,5.150000000E1
2.705103688E0,5.150000000E1
2.707727688E0,5.150000000E1
2.710352688E0,5.150000000E1
2.712976688E0,5.150000000E1
2.715601688E0,5.150000000E1
2.718225688E0,5.150000000E1
2.720850688E0,5.150000000E1
2.723475688E0,5.150000000E1
2.726099688E0,5.150000000E1
2.728724688E0,5.150000000E1
2.731348688E0,5.150000000E1
2.733973688E0,5.150000000E1
2.736597688E0,5.150000000E1
2.739222688E0,5.150000000E1
2.741846688E0,5.150000000E1
2.744471688E0,5.800000000E1
2.747095688E0,5.800000000E1
2.749720688E0,5.800000000E1
2.752344688E0,5.800000000E1
2.754969688E0,5.800000000E1
2.757593688E0,5.800000000E1
2.760218688E0,5.800000000E1
2.762842688E0,5.800000000E1
2.765467688E0,5.800000000E1
2.768091688E0,5.800000000E1
2.770716688E0,5.800000000E1
2.773340688E0,5.800000000E1
2.775965688E0,5.800000000E1
2.778589688E0,5.800000000E1
2.781214688E0,5.800000000E1
2.783838688E0,5.800000000E1
2.786463688E0,5.800000000E1
2.789087688E0,5.800000000E1
2.791712688E0,5.800000000E1
2.794336688E0,5.800000000E1
2.796961688E0,5.800000000E1
2.799585688E0,5.800000000E1
2.802210688E0,5.800000000E1
2.804834688E0,5.800000000E1
2.807459688E0,5.800000000E1
2.810083688E0,5.800000000E1
2.812708688E0,5.800000000E1
2.815332688E0,5.800000000E1
2.817957688E0,5.800000000E1
2.820581688E0,5.800000000E1
2.823206688E0,5.800000000E1
2.825830688E0,5.800000000E1
2.828455688E0,5.800000000E1
2.831080688E0,5.800000000E1
2.833704688E0,5.800000000E1
2.836329688E0,5.800000000E1
2.838953688E0,5.800000000E1
2.841578688E0,5.800000000E1
2.844202688E0,5.800000000E1
2.846827688E0,5.150000000E1
2.849451688E0,5.150000000E1
2.852076688E0,5.150000000E1
2.854700688E0,5.150000000E1
2.857325688E0,5.150000000E1
2.859949688E0,5.150000000E1
2.862574688E0,5.150000000E1
2.865198688E0,5.150000000E1
2.867823688E0,5.150000000E1
2.870447688E0,5.150000000E1
2.873072688E0,5.150000000E1
2.875696688E0,5.150000000E1
2.878321688E0,5.150000000E1
2.880945688E0,5.150000000E1
2.883570688E0,5.150000000E1
2.886194688E0,5.150000000E1
2.888819688E0,5.150000000E1
2.891443688E0,5.150000000E1
2.894068688E0,5.150000000E1
2.896692688E0,5.800000000E1
2.899317688E0,5.800000000E1
2.901941688E0,5.800000000E1
2.904566688E0,5.800000000E1
2.907190688E0,5.800000000E1
2.909815688E0,5.800000000E1
2.912439688E0,5.800000000E1
2.915064688E0,5.800000000E1
2.917688688E0,5.800000000E1
2.920313688E0,5.800000000E1
2.922937688E0,5.800000000E1
2.925562688E0,5.800000000E1
2.928186688E0,5.800000000E1
2.930811688E0,5.800000000E1
2.933435688E0,5.800000000E1
2.936060688E0,5.800000000E1
2.938684688E0,5.800000000E1
2.941309688E0,5.800000000E1
2.943934688E0,5.800000000E1
2.946558688E0,5.800000000E1
2.949183688E0,5.800000000E1
2.951807688E0,5.800000000E1
2.954432688E0,5.800000000E1
2.957056688E0,5.800000000E1
2.959681688E0,5.800000000E1
2.962305688E0,5.800000000E1
2.964930688E0,5.800000000E1
2.967554688E0,5.800000000E1
2.970179688E0,5.800000000E1
2.972803688E0,5.800000000E1
2.975428688E0,5.800000000E1
2.978052688E0,5.800000000E1
2.980677688E0,5.800000000E1
2.983301688E0,5.800000000E1
2.985926688E0,5.800000000E1
2.988550688E0,5.800000000E1
2.991175688E0,5.800000000E1
2.993799688E0,5.800000000E1
2.996424688E0,5.800000000E1
2.999048688E0,5.800000000E1
3.001673688E0,5.800000000E1
3.004297688E0,5.800000000E1
3.006922688E0,5.800000000E1
3.009546688E0,5.800000000E1
3.012171688E0,5.800000000E1
3.014795688E0,5.800000000E1
3.017420688E0,5.800000000E1
3.020044688E0,5.800000000E1
3.022669688E0,5.800000000E1
3.025293688E0,5.800000000E1
3.027918688E0,5.800000000E1
3.030542688E0,5.800000000E1
3.033167688E0,5.800000000E1
3.035791688E0,5.800000000E1
3.038416688E0,5.800000000E1
3.041040688E0,5.800000000E1
3.043665688E0,5.800000000E1
3.046289688E0,5.800000000E1
3.048914688E0,5.800000000E1
3.051538688E0,5.800000000E1
3.054163688E0,5.800000000E1
3.056788688E0,5.800000000E1
3.059412688E0,5.800000000E1
3.062037688E0,5.800000000E1
3.064661688E0,5.800000000E1
3.067286688E0,5.800000000E1
3.069910688E0,5.800000000E1
3.072535688E0,5.800000000E1
3.075159688E0,5.800000000E1
3.077784688E0,5.800000000E1
3.080408688E0,5.800000000E1
3.083033688E0,5.800000000E1
3.085657688E0,5.800000000E1
3.088282688E0,5.800000000E1
3.090906688E0,5.800000000E1
3.093531688E0,5.800000000E1
3.096155688E0,5.800000000E1
3.098780688E0,5.800000000E1
3.101404688E0,5.800000000E1
3.104029688E0,5.800000000E1
3.106653688E0,5.800000000E1
3.109278688E0,5.800000000E1
3.111902688E0,5.800000000E1
3.114527688E0,5.800000000E1
3.117151688E0,5.800000000E1
3.119776688E0,5.800000000E1
3.122400688E0,5.800000000E1
3.125025688E0,5.800000000E1
3.127649688E0,5.800000000E1
3.130274688E0,5.800000000E1
3.132898688E0,5.800000000E1
3.135523688E0,5.800000000E1
3.138147688E0,5.800000000E1
3.140772688E0,5.800000000E1
3.143396688E0,5.800000000E1
3.146021688E0,5.800000000E1
3.148645688E0,5.800000000E1
3.151270688E0,5.150000000E1
3.153894688E0,5.150000000E1
3.156519688E0,5.150000000E1
3.159143688E0,5.150000000E1
3.161768688E0,5.150000000E1
3.164392688E0,5.150000000E1
3.167017688E0,5.150000000E1
3.169642688E0,5.150000000E1
3.172266688E0,5.150000000E1
3.174891688E0,5.150000000E1
3.177515688E0,5.800000000E1
3.180140688E0,5.800000000E1
3.182764688E0,5.800000000E1
3.185389688E0,5.800000000E1
3.188013688E0,5.800000000E1
3.190638688E0,5.800000000E1
3.193262688E0,5.800000000E1
3.195887688E0,5.800000000E1
3.198511688E0,5.800000000E1
3.201136688E0,5.800000000E1
3.203760688E0,5.800000000E1
3.206385688E0,5.800000000E1
3.209009688E0,5.800000000E1
3.211634688E0,5.800000000E1
3.214258688E0,5.800000000E1
3.216883688E0,5.800000000E1
3.219507688E0,5.800000000E1
3.222132688E0,5.800000000E1
3.224756688E0,5.800000000E1
3.227381688E0,5.800000000E1
3.230005688E0,5.800000000E1
3.232630688E0,5.800000000E1
3.235254688E0,5.800000000E1
3.237879688E0,5.800000000E1
3.240503688E0,5.800000000E1
3.243128688E0,5.800000000E1
3.245752688E0,5.800000000E1
3.248377688E0,5.800000000E1
3.251001688E0,5.800000000E1
3.253626688E0,5.800000000E1
3.256250688E0,5.800000000E1
3.258875688E0,5.800000000E1
3.261499688E0,5.800000000E1
3.264124688E0,5.800000000E1
3.266748688E0,5.800000000E1
3.269373688E0,5.800000000E1
3.271997688E0,5.800000000E1
3.274622688E0,5.800000000E1
3.277246688E0,5.800000000E1
3.279871688E0,5.800000000E1
3.282496688E0,5.800000000E1
3.285120688E0,5.800000000E1
3.287745688E0,5.800000000E1
3.290369688E0,5.800000000E1
3.292994688E0,5.800000000E1
3.295618688E0,5.800000000E1
3.298243688E0,5.800000000E1
3.300867688E0,5.800000000E1
3.303492688E0,5.800000000E1
3.306116688E0,5.800000000E1
3.308741688E0,5.800000000E1
3.311365688E0,5.800000000E1
3.313990688E0,5.800000000E1
3.316614688E0,5.800000000E1
3.319239688E0,5.800000000E1
3.321863688E0,5.800000000E1
3.324488688E0,5.800000000E1
3.327112688E0,5.800000000E1
3.329737688E0,5.800000000E1
3.332361688E0,5.800000000E1
3.334986688E0,5.800000000E1
3.337610688E0,5.800000000E1
3.340235688E0,5.800000000E1
3.342859688E0,5.800000000E1
3.345484688E0,5.800000000E1
3.348108688E0,5.800000000E1
3.350733688E0,5.800000000E1
3.353357688E0,5.800000000E1
3.355982688E0,5.800000000E1
3.358606688E0,5.800000000E1
3.361231688E0,5.800000000E1
3.363855688E0,5.800000000E1
3.366480688E0,5.800000000E1
3.369104688E0,5.800000000E1
3.371729688E0,5.800000000E1
3.374353688E0,5.800000000E1
3.376978688E0,5.800000000E1
3.379602688E0,5.150000000E1
3.382227688E0,5.150000000E1
3.384851688E0,5.150000000E1
3.387476688E0,5.150000000E1
3.390100688E0,5.150000000E1
3.392725688E0,5.150000000E1
3.395350688E0,5.150000000E1
3.397974688E0,5.150000000E1
3.400599688E0,5.150000000E1
3.403223688E0,5.150000000E1
3.405848688E0,5.800000000E1
3.408472688E0,5.800000000E1
3.411097688E0,5.800000000E1
3.413721688E0,5.800000000E1
3.416346688E0,5.800000000E1
3.418970688E0,5.800000000E1
3.421595688E0,5.800000000E1
3.424219688E0,5.800000000E1
3.426844688E0,5.800000000E1
3.429468688E0,5.800000000E1
3.432093688E0,5.800000000E1
3.434717688E0,5.800000000E1
3.437342688E0,5.800000000E1
3.439966688E0,5.800000000E1
3.442591688E0,5.800000000E1
3.445215688E0,5.800000000E1
3.447840688E0,5.800000000E1
3.450464688E0,5.800000000E1
3.453089688E0,5.800000000E1
3.455713688E0,5.800000000E1
3.458338688E0,5.800000000E1
3.460962688E0,5.800000000E1
3.463587688E0,5.800000000E1
3.466211688E0,5.800000000E1
3.468836688E0,5.800000000E1
3.471460688E0,5.800000000E1
3.474085688E0,5.800000000E1
3.476709688E0,5.800000000E1
3.479334688E0,5.800000000E1
3.481958688E0,5.800000000E1
3.484583688E0,5.800000000E1
3.487207688E0,5.800000000E1
3.489832688E0,5.800000000E1
3.492456688E0,5.800000000E1
3.495081688E0,5.800000000E1
3.497705688E0,5.800000000E1
3.500330688E0,5.800000000E1
3.502955688E0,5.800000000E1
3.505579688E0,5.800000000E1
3.508204688E0,5.800000000E1
3.510828688E0,5.800000000E1
3.513453688E0,5.800000000E1
3.516077688E0,5.800000000E1
3.518702688E0,5.800000000E1
3.521326688E0,5.800000000E1
3.523951688E0,5.800000000E1
3.526575688E0,5.800000000E1
3.529200688E0,5.800000000E1
3.531824688E0,5.800000000E1
3.534449688E0,5.800000000E1
3.537073688E0,5.800000000E1
3.539698688E0,5.800000000E1
3.542322688E0,5.800000000E1
3.544947688E0,5.800000000E1
3.547571688E0,5.800000000E1
3.550196688E0,5.800000000E1
3.552820688E0,5.800000000E1
3.555445688E0,5.800000000E1
3.558069688E0,5.800000000E1
3.560694688E0,5.800000000E1
3.563318688E0,5.800000000E1
3.565943688E0,5.800000000E1
3.568567688E0,5.800000000E1
3.571192688E0,5.800000000E1
3.573816688E0,5.800000000E1
3.576441688E0,5.800000000E1
3.579065688E0,5.800000000E1
3.581690688E0,5.800000000E1
3.584314688E0,5.800000000E1
3.586939688E0,5.800000000E1
3.589563688E0,5.800000000E1
3.592188688E0,5.800000000E1
3.594812688E0,5.800000000E1
3.597437688E0,5.800000000E1
3.600061688E0,5.800000000E1
3.602686688E0,5.800000000E1
3.605310688E0,5.800000000E1
3.607935688E0,5.800000000E1
3.610559688E0,5.800000000E1
3.613184688E0,5.800000000E1
3.615809688E0,5.800000000E1
3.618433688E0,5.800000000E1
3.621058688E0,5.800000000E1
3.623682688E0,5.800000000E1
3.626307688E0,5.800000000E1
3.628931688E0,5.800000000E1
3.631556688E0,5.800000000E1
3.634180688E0,5.800000000E1
3.636805688E0,5.800000000E1
3.639429688E0,5.800000000E1
3.642054688E0,5.800000000E1
3.644678688E0,5.800000000E1
3.647303688E0,5.800000000E1
3.649927688E0,5.800000000E1
3.652552688E0,5.800000000E1
3.655176688E0,5.800000000E1
3.657801688E0,5.800000000E1
3.660425688E0,5.800000000E1
3.663050688E0,5.800000000E1
3.665674688E0,5.800000000E1
3.668299688E0,5.800000000E1
3.670923688E0,5.800000000E1
3.673548688E0,5.800000000E1
3.676172688E0,5.800000000E1
3.678797688E0,5.800000000E1
3.681421688E0,5.800000000E1
3.684046688E0,5.800000000E1
3.686670688E0,5.800000000E1
3.689295688E0,5.800000000E1
3.691919688E0,5.800000000E1
3.694544688E0,5.800000000E1
3.697168688E0,5.800000000E1
3.699793688E0,5.800000000E1
3.702417688E0,5.800000000E1
3.705042688E0,5.800000000E1
3.707666688E0,5.800000000E1
3.710291688E0,5.150000000E1
3.712915688E0,5.150000000E1
3.715540688E0,5.150000000E1
3.718164688E0,5.150000000E1
3.720789688E0,5.150000000E1
3.723413688E0,5.150000000E1
3.726038688E0,5.150000000E1
3.728663688E0,5.150000000E1
3.731287688E0,5.150000000E1
3.733912688E0,5.150000000E1
3.736536688E0,5.150000000E1
3.739161688E0,5.150000000E1
3.741785688E0,5.150000000E1
3.744410688E0,5.150000000E1
3.747034688E0,5.150000000E1
3.749659688E0,5.150000000E1
3.752283688E0,5.150000000E1
3.754908688E0,5.150000000E1
3.757532688E0,5.150000000E1
3.760157688E0,5.150000000E1
3.762781688E0,5.800000000E1
3.765406688E0,5.800000000E1
3.768030688E0,5.800000000E1
3.770655688E0,5.800000000E1
3.773279688E0,5.800000000E1
3.775904688E0,5.800000000E1
3.778528688E0,5.800000000E1
3.781153688E0,5.800000000E1
3.783777688E0,5.800000000E1
3.786402688E0,5.800000000E1
3.789026688E0,5.800000000E1
3.791651688E0,5.800000000E1
3.794275688E0,5.800000000E1
3.796900688E0,5.800000000E1
3.799524688E0,5.800000000E1
3.802149688E0,5.800000000E1
3.804773688E0,5.800000000E1
3.807398688E0,5.800000000E1
3.810022688E0,5.800000000E1
3.812647688E0,5.800000000E1
3.815271688E0,5.800000000E1
3.817896688E0,5.800000000E1
3.820520688E0,5.800000000E1
3.823145688E0,5.800000000E1
3.825769688E0,5.800000000E1
3.828394688E0,5.800000000E1
3.831018688E0,5.800000000E1
3.833643688E0,5.800000000E1
3.836267688E0,5.800000000E1
3.838892688E0,5.800000000E1
3.841517688E0,5.800000000E1
3.844141688E0,5.800000000E1
3.846766688E0,5.800000000E1
3.849390688E0,5.800000000E1
3.852015688E0,5.800000000E1
3.854639688E0,5.800000000E1
3.857264688E0,5.800000000E1
3.859888688E0,5.800000000E1
3.862513688E0,5.800000000E1
3.865137688E0,5.800000000E1
3.867762688E0,5.800000000E1
3.870386688E0,5.800000000E1
3.873011688E0,5.800000000E1
3.875635688E0,5.800000000E1
3.878260688E0,5.800000000E1
3.880884688E0,5.800000000E1
3.883509688E0,5.800000000E1
3.886133688E0,5.800000000E1
3.888758688E0,5.800000000E1
3.891382688E0,5.800000000E1
3.894007688E0,5.800000000E1
3.896631688E0,5.800000000E1
3.899256688E0,5.800000000E1
3.901880688E0,5.800000000E1
3.904505688E0,5.800000000E1
3.907129688E0,5.800000000E1
3.909754688E0,5.800000000E1
3.912378688E0,5.800000000E1
3.915003688E0,5.800000000E1
3.917627688E0,5.800000000E1
3.920252688E0,5.800000000E1
3.922876688E0,5.800000000E1
3.925501688E0,5.800000000E1
3.928125688E0,5.800000000E1
3.930750688E0,5.800000000E1
3.933374688E0,5.800000000E1
3.935999688E0,5.800000000E1
3.938623688E0,5.800000000E1
3.941248688E0,5.150000000E1
3.943872688E0,5.150000000E1
3.946497688E0,5.150000000E1
3.949121688E0,5.150000000E1
3.951746688E0,5.150000000E1
3.954371688E0,5.150000000E1
3.956995688E0,5.150000000E1
3.959620688E0,5.150000000E1
3.962244688E0,5.150000000E1
3.964869688E0,5.800000000E1
3.967493688E0,5.800000000E1
3.970118688E0,5.800000000E1
3.972742688E0,5.800000000E1
3.975367688E0,5.800000000E1
3.977991688E0,5.800000000E1
3.980616688E0,5.800000000E1
3.983240688E0,5.800000000E1
3.985865688E0,5.800000000E1
3.988489688E0,5.800000000E1
3.991114688E0,5.800000000E1
3.993738688E0,5.800000000E1
3.996363688E0,5.800000000E1
3.998987688E0,5.800000000E1
4.001612688E0,5.800000000E1
4.004236688E0,5.800000000E1
4.006861688E0,5.800000000E1
4.009485688E0,5.800000000E1
4.012110688E0,5.800000000E1
4.014734688E0,5.800000000E1
4.017359688E0,5.800000000E1
4.019983688E0,5.800000000E1
4.022608688E0,5.800000000E1
4.025232688E0,5.800000000E1
4.027857688E0,5.800000000E1
4.030481688E0,5.800000000E1
4.033106688E0,5.800000000E1
4.035730688E0,5.800000000E1
4.038355688E0,5.800000000E1
4.040979688E0,5.800000000E1
4.043604688E0,5.800000000E1
4.046228688E0,5.800000000E1
4.048853688E0,5.800000000E1
4.051477688E0,5.800000000E1
4.054102688E0,5.800000000E1
4.056726688E0,5.800000000E1
4.059351688E0,5.800000000E1
4.061975688E0,5.800000000E1
4.064600688E0,5.800000000E1
4.067225688E0,5.800000000E1
4.069849688E0,5.800000000E1
4.072474688E0,5.800000000E1
4.075098688E0,5.800000000E1
4.077723688E0,5.800000000E1
4.080347688E0,5.800000000E1
4.082972688E0,5.800000000E1
4.085596688E0,5.800000000E1
4.088221688E0,5.800000000E1
4.090845688E0,5.150000000E1
4.093470688E0,5.150000000E1
4.096094688E0,5.150000000E1
4.098719688E0,5.150000000E1
4.101343688E0,5.150000000E1
4.103968688E0,5.150000000E1
4.106592688E0,5.150000000E1
4.109217688E0,5.150000000E1
4.111841688E0,5.150000000E1
4.114466688E0,5.150000000E1
4.117090688E0,5.800000000E1
4.119715688E0,5.800000000E1
4.122339688E0,5.800000000E1
4.124964688E0,5.800000000E1
4.127588688E0,5.800000000E1
4.130213688E0,5.800000000E1
4.132837688E0,5.800000000E1
4.135462688E0,5.800000000E1
4.138086688E0,5.800000000E1
4.140711688E0,5.800000000E1
4.143335688E0,5.800000000E1
4.145960688E0,5.800000000E1
4.148584688E0,5.800000000E1
4.151209688E0,5.800000000E1
4.153833688E0,5.800000000E1
4.156458688E0,5.800000000E1
4.159082688E0,5.800000000E1
4.161707688E0,5.800000000E1
4.164331688E0,5.800000000E1
4.166956688E0,5.800000000E1
4.169580688E0,5.150000000E1
4.172205688E0,5.150000000E1
4.174830688E0,5.150000000E1
4.177454688E0,5.150000000E1
4.180079688E0,5.150000000E1
4.182703688E0,5.150000000E1
4.185328688E0,5.150000000E1
4.187952688E0,5.150000000E1
4.190577688E0,5.150000000E1
4.193201688E0,5.150000000E1
4.195826688E0,5.800000000E1
4.198450688E0,5.800000000E1
4.201075688E0,5.800000000E1
4.203699688E0,5.800000000E1
4.206324688E0,5.800000000E1
4.208948688E0,5.800000000E1
4.211573688E0,5.800000000E1
4.214197688E0,5.800000000E1
4.216822688E0,5.800000000E1
4.219446688E0,5.800000000E1
4.222071688E0,5.800000000E1
4.224695688E0,5.800000000E1
4.227320688E0,5.800000000E1
4.229944688E0,5.800000000E1
4.232569688E0,5.800000000E1
4.235193688E0,5.800000000E1
4.237818688E0,5.800000000E1
4.240442688E0,5.800000000E1
4.243067688E0,5.800000000E1
4.245691688E0,5.800000000E1
4.248316688E0,5.800000000E1
4.250940688E0,5.800000000E1
4.253565688E0,5.800000000E1
4.256189688E0,5.800000000E1
4.258814688E0,5.800000000E1
4.261438688E0,5.800000000E1
4.264063688E0,5.800000000E1
4.266687688E0,5.800000000E1
4.269312688E0,5.800000000E1
4.271936688E0,5.800000000E1
4.274561688E0,5.800000000E1
4.277185688E0,5.800000000E1
4.279810688E0,5.800000000E1
4.282434688E0,5.800000000E1
4.285059688E0,5.800000000E1
4.287684688E0,5.800000000E1
4.290308688E0,5.800000000E1
4.292933688E0,5.800000000E1
4.295557688E0,5.800000000E1
4.298182688E0,5.800000000E1
4.300806688E0,5.800000000E1
4.303431688E0,5.800000000E1
4.306055688E0,5.800000000E1
4.308680688E0,5.800000000E1
4.311304688E0,5.800000000E1
4.313929688E0,5.800000000E1
4.316553688E0,5.800000000E1
4.319178688E0,5.800000000E1
4.321802688E0,5.800000000E1
4.324427688E0,5.800000000E1
4.327051688E0,5.800000000E1
4.329676688E0,5.800000000E1
4.332300688E0,5.800000000E1
4.334925688E0,5.800000000E1
4.337549688E0,5.800000000E1
4.340174688E0,5.800000000E1
4.342798688E0,5.800000000E1
4.345423688E0,5.800000000E1
4.348047688E0,5.150000000E1
4.350672688E0,5.150000000E1
4.353296688E0,5.150000000E1
4.355921688E0,5.150000000E1
4.358545688E0,5.150000000E1
4.361170688E0,5.150000000E1
4.363794688E0,5.150000000E1
4.366419688E0,5.150000000E1
4.369043688E0,5.150000000E1
4.371668688E0,5.800000000E1
4.374292688E0,5.800000000E1
4.376917688E0,5.800000000E1
4.379541688E0,5.800000000E1
4.382166688E0,5.800000000E1
4.384790688E0,5.800000000E1
4.387415688E0,5.800000000E1
4.390039688E0,5.800000000E1
4.392664688E0,5.800000000E1
4.395288688E0,5.800000000E1
4.397913688E0,5.800000000E1
4.400538688E0,5.800000000E1
4.403162688E0,5.800000000E1
4.405787688E0,5.800000000E1
4.408411688E0,5.800000000E1
4.411036688E0,5.800000000E1
4.413660688E0,5.800000000E1
4.416285688E0,5.800000000E1
4.418909688E0,5.800000000E1
4.421534688E0,5.800000000E1
4.424158688E0,5.150000000E1
4.426783688E0,5.150000000E1
4.429407688E0,5.150000000E1
4.432032688E0,5.150000000E1
4.434656688E0,5.150000000E1
4.437281688E0,5.150000000E1
4.439905688E0,5.150000000E1
4.442530688E0,5.150000000E1
4.445154688E0,5.150000000E1
4.447779688E0,5.800000000E1
4.450403688E0,5.800000000E1
4.453028688E0,5.800000000E1
4.455652688E0,5.800000000E1
4.458277688E0,5.800000000E1
4.460901688E0,5.800000000E1
4.463526688E0,5.800000000E1
4.466150688E0,5.800000000E1
4.468775688E0,5.800000000E1
4.471399688E0,5.800000000E1
4.474024688E0,5.150000000E1
4.476648688E0,5.150000000E1
4.479273688E0,5.150000000E1
4.481897688E0,5.150000000E1
4.484522688E0,5.150000000E1
4.487146688E0,5.150000000E1
4.489771688E0,5.150000000E1
4.492395688E0,5.150000000E1
4.495020688E0,5.150000000E1
4.497644688E0,5.150000000E1
4.500269688E0,5.800000000E1
4.502893688E0,5.800000000E1
4.505518688E0,5.800000000E1
4.508142688E0,5.800000000E1
4.510767688E0,5.800000000E1
4.513392688E0,5.800000000E1
4.516016688E0,5.800000000E1
4.518641688E0,5.800000000E1
4.521265688E0,5.800000000E1
4.523890688E0,5.800000000E1
4.526514688E0,5.800000000E1
4.529139688E0,5.800000000E1
4.531763688E0,5.800000000E1
4.534388688E0,5.800000000E1
4.537012688E0,5.800000000E1
4.539637688E0,5.800000000E1
4.542261688E0,5.800000000E1
4.544886688E0,5.800000000E1
4.547510688E0,5.800000000E1
4.550135688E0,5.800000000E1
4.552759688E0,5.800000000E1
4.555384688E0,5.800000000E1
4.558008688E0,5.800000000E1
4.560633688E0,5.800000000E1
4.563257688E0,5.800000000E1
4.565882688E0,5.800000000E1
4.568506688E0,5.800000000E1
4.571131688E0,5.800000000E1
4.573755688E0,5.800000000E1
4.576380688E0,5.150000000E1
4.579004688E0,5.150000000E1
4.581629688E0,5.150000000E1
4.584253688E0,5.150000000E1
4.586878688E0,5.150000000E1
4.589502688E0,5.150000000E1
4.592127688E0,5.150000000E1
4.594751688E0,5.150000000E1
4.597376688E0,5.150000000E1
4.600000688E0,5.150000000E1
4.602625688E0,5.800000000E1
4.605249688E0,5.800000000E1
4.607874688E0,5.800000000E1
4.610498688E0,5.800000000E1
4.613123688E0,5.800000000E1
4.615747688E0,5.800000000E1
4.618372688E0,5.800000000E1
4.620996688E0,5.800000000E1
4.623621688E0,5.800000000E1
4.626246688E0,5.800000000E1
4.628870688E0,5.800000000E1
4.631495688E0,5.800000000E1
4.634119688E0,5.800000000E1
4.636744688E0,5.800000000E1
4.639368688E0,5.800000000E1
4.641993688E0,5.800000000E1
4.644617688E0,5.800000000E1
4.647242688E0,5.800000000E1
4.649866688E0,5.800000000E1
4.652491688E0,5.800000000E1
4.655115688E0,5.800000000E1
4.657740688E0,5.800000000E1
4.660364688E0,5.800000000E1
4.662989688E0,5.800000000E1
4.665613688E0,5.800000000E1
4.668238688E0,5.800000000E1
4.670862688E0,5.800000000E1
4.673487688E0,5.800000000E1
4.676111688E0,5.800000000E1
4.678736688E0,5.800000000E1
4.681360688E0,5.800000000E1
4.683985688E0,5.800000000E1
4.686609688E0,5.800000000E1
4.689234688E0,5.800000000E1
4.691858688E0,5.800000000E1
4.694483688E0,5.800000000E1
4.697107688E0,5.800000000E1
4.699732688E0,5.800000000E1
4.702356688E0,5.800000000E1
4.704981688E0,5.800000000E1
4.707605688E0,5.800000000E1
4.710230688E0,5.800000000E1
4.712854688E0,5.800000000E1
4.715479688E0,5.800000000E1
4.718103688E0,5.800000000E1
4.720728688E0,5.800000000E1
4.723352688E0,5.800000000E1
4.725977688E0,5.800000000E1
4.728601688E0,5.800000000E1
4.731226688E0,5.800000000E1
4.733850688E0,5.800000000E1
4.736475688E0,5.800000000E1
4.739100688E0,5.800000000E1
4.741724688E0,5.800000000E1
4.744349688E0,5.800000000E1
4.746973688E0,5.800000000E1
4.749598688E0,5.800000000E1
4.752222688E0,5.800000000E1
4.754847688E0,5.800000000E1
4.757471688E0,5.800000000E1
4.760096688E0,5.800000000E1
4.762720688E0,5.800000000E1
4.765345688E0,5.800000000E1
4.767969688E0,5.800000000E1
4.770594688E0,5.800000000E1
4.773218688E0,5.800000000E1
4.775843688E0,5.800000000E1
4.778467688E0,5.800000000E1
4.781092688E0,5.800000000E1
4.783716688E0,5.800000000E1
4.786341688E0,5.800000000E1
4.788965688E0,5.800000000E1
4.791590688E0,5.800000000E1
4.794214688E0,5.800000000E1
4.796839688E0,5.800000000E1
4.799463688E0,5.800000000E1
4.802088688E0,5.800000000E1
4.804712688E0,5.800000000E1
4.807337688E0,5.800000000E1
4.809961688E0,5.800000000E1
4.812586688E0,5.800000000E1
4.815210688E0,5.800000000E1
4.817835688E0,5.800000000E1
4.820459688E0,5.800000000E1
4.823084688E0,5.800000000E1
4.825708688E0,5.800000000E1
4.828333688E0,5.800000000E1
4.830957688E0,5.800000000E1
4.833582688E0,5.800000000E1
4.836206688E0,5.800000000E1
4.838831688E0,5.800000000E1
4.841455688E0,5.800000000E1
4.844080688E0,5.800000000E1
4.846705688E0,5.800000000E1
4.849329688E0,5.800000000E1
4.851954688E0,5.800000000E1
4.854578688E0,5.800000000E1
4.857203688E0,5.800000000E1
4.859827688E0,5.800000000E1
4.862452688E0,5.800000000E1
4.865076688E0,5.800000000E1
4.867701688E0,5.800000000E1
4.870325688E0,5.800000000E1
4.872950688E0,5.800000000E1
4.875574688E0,5.800000000E1
4.878199688E0,5.800000000E1
4.880823688E0,5.800000000E1
4.883448688E0,5.800000000E1
4.886072688E0,5.800000000E1
4.888697688E0,5.800000000E1
4.891321688E0,5.800000000E1
4.893946688E0,5.800000000E1
4.896570688E0,5.800000000E1
4.899195688E0,5.800000000E1
4.901819688E0,5.800000000E1
4.904444688E0,5.800000000E1
4.907068688E0,5.150000000E1
4.909693688E0,5.150000000E1
4.912317688E0,5.150000000E1
4.914942688E0,5.150000000E1
4.917566688E0,5.150000000E1
4.920191688E0,5.150000000E1
4.922815688E0,5.150000000E1
4.925440688E0,5.150000000E1
4.928064688E0,5.150000000E1
4.930689688E0,5.800000000E1
4.933313688E0,5.800000000E1
4.935938688E0,5.800000000E1
4.938562688E0,5.800000000E1
4.941187688E0,5.800000000E1
4.943811688E0,5.800000000E1
4.946436688E0,5.800000000E1
4.949060688E0,5.800000000E1
4.951685688E0,5.800000000E1
4.954309688E0,5.800000000E1
4.956934688E0,5.800000000E1
4.959559688E0,5.800000000E1
4.962183688E0,5.800000000E1
4.964808688E0,5.800000000E1
4.967432688E0,5.800000000E1
4.970057688E0,5.800000000E1
4.972681688E0,5.800000000E1
4.975306688E0,5.800000000E1
4.977930688E0,5.800000000E1
4.980555688E0,5.800000000E1
4.983179688E0,5.800000000E1
4.985804688E0,5.800000000E1
4.988428688E0,5.800000000E1
4.991053688E0,5.800000000E1
4.993677688E0,5.800000000E1
4.996302688E0,5.800000000E1
4.998926688E0,5.800000000E1
5.001551688E0,5.800000000E1
5.004175688E0,5.800000000E1
5.006800688E0,5.800000000E1
5.009424688E0,5.150000000E1
5.012049688E0,5.150000000E1
5.014673688E0,5.150000000E1
5.017298688E0,5.150000000E1
5.019922688E0,5.150000000E1
5.022547688E0,5.150000000E1
5.025171688E0,5.150000000E1
5.027796688E0,5.150000000E1
5.030420688E0,5.150000000E1
5.033045688E0,5.150000000E1
5.035669688E0,5.800000000E1
5.038294688E0,5.800000000E1
5.040918688E0,5.800000000E1
5.043543688E0,5.800000000E1
5.046167688E0,5.800000000E1
5.048792688E0,5.800000000E1
5.051416688E0,5.800000000E1
5.054041688E0,5.800000000E1
5.056665688E0,5.800000000E1
5.059290688E0,5.800000000E1
5.061914688E0,5.800000000E1
5.064539688E0,5.800000000E1
5.067163688E0,5.800000000E1
5.069788688E0,5.800000000E1
5.072413688E0,5.800000000E1
5.075037688E0,5.800000000E1
5.077662688E0,5.800000000E1
5.080286688E0,5.800000000E1
5.082911688E0,5.800000000E1
5.085535688E0,5.800000000E1
5.088160688E0,5.800000000E1
5.090784688E0,5.800000000E1
5.093409688E0,5.800000000E1
5.096033688E0,5.800000000E1
5.098658688E0,5.800000000E1
5.101282688E0,5.800000000E1
5.103907688E0,5.800000000E1
5.106531688E0,5.800000000E1
5.109156688E0,5.150000000E1
5.111780688E0,5.150000000E1
5.114405688E0,5.150000000E1
5.117029688E0,5.150000000E1
5.119654688E0,5.150000000E1
5.122278688E0,5.150000000E1
5.124903688E0,5.150000000E1
5.127527688E0,5.150000000E1
5.130152688E0,5.150000000E1
5.132776688E0,5.150000000E1
5.135401688E0,5.800000000E1
5.138025688E0,5.800000000E1
5.140650688E0,5.800000000E1
5.143274688E0,5.800000000E1
5.145899688E0,5.800000000E1
5.148523688E0,5.800000000E1
5.151148688E0,5.800000000E1
5.153772688E0,5.800000000E1
5.156397688E0,5.800000000E1
5.159021688E0,5.800000000E1
5.161646688E0,5.800000000E1
5.164270688E0,5.800000000E1
5.166895688E0,5.800000000E1
5.169519688E0,5.800000000E1
5.172144688E0,5.800000000E1
5.174768688E0,5.800000000E1
5.177393688E0,5.800000000E1
5.180017688E0,5.800000000E1
5.182642688E0,5.800000000E1
5.185267688E0,5.800000000E1
5.187891688E0,5.800000000E1
5.190516688E0,5.800000000E1
5.193140688E0,5.800000000E1
5.195765688E0,5.800000000E1
5.198389688E0,5.800000000E1
5.201014688E0,5.800000000E1
5.203638688E0,5.800000000E1
5.206263688E0,5.800000000E1
5.208887688E0,5.800000000E1
5.211512688E0,5.800000000E1
5.214136688E0,5.800000000E1
5.216761688E0,5.800000000E1
5.219385688E0,5.800000000E1
5.222010688E0,5.800000000E1
5.224634688E0,5.800000000E1
5.227259688E0,5.800000000E1
5.229883688E0,5.800000000E1
5.232508688E0,5.800000000E1
5.235132688E0,5.800000000E1
5.237757688E0,5.800000000E1
5.240381688E0,5.800000000E1
5.243006688E0,5.800000000E1
5.245630688E0,5.800000000E1
5.248255688E0,5.800000000E1
5.250879688E0,5.800000000E1
5.253504688E0,5.800000000E1
5.256128688E0,5.800000000E1
5.258753688E0,5.800000000E1
5.261377688E0,5.800000000E1
5.264002688E0,5.150000000E1
5.266626688E0,5.150000000E1
5.269251688E0,5.150000000E1
5.271875688E0,5.150000000E1
5.274500688E0,5.150000000E1
5.277124688E0,5.150000000E1
5.279749688E0,5.150000000E1
5.282373688E0,5.150000000E1
5.284998688E0,5.150000000E1
5.287622688E0,5.800000000E1
5.290247688E0,5.800000000E1
5.292871688E0,5.800000000E1
5.295496688E0,5.800000000E1
5.298121688E0,5.800000000E1
5.300745688E0,5.800000000E1
5.303370688E0,5.800000000E1
5.305994688E0,5.800000000E1
5.308619688E0,5.800000000E1
5.311243688E0,5.800000000E1
5.313868688E0,5.800000000E1
5.316492688E0,5.800000000E1
5.319117688E0,5.800000000E1
5.321741688E0,5.800000000E1
5.324366688E0,5.800000000E1
5.326990688E0,5.800000000E1
5.329615688E0,5.800000000E1
5.332239688E0,5.800000000E1
5.334864688E0,5.800000000E1
5.337488688E0,5.800000000E1
5.340113688E0,5.800000000E1
5.342737688E0,5.800000000E1
5.345362688E0,5.800000000E1
5.347986688E0,5.800000000E1
5.350611688E0,5.800000000E1
5.353235688E0,5.800000000E1
5.355860688E0,5.800000000E1
5.358484688E0,5.800000000E1
5.361109688E0,5.800000000E1
5.363733688E0,5.800000000E1
5.366358688E0,5.800000000E1
5.368982688E0,5.800000000E1
5.371607688E0,5.800000000E1
5.374231688E0,5.800000000E1
5.376856688E0,5.800000000E1
5.379480688E0,5.800000000E1
5.382105688E0,5.800000000E1
5.384729688E0,5.800000000E1
5.387354688E0,5.800000000E1
5.389978688E0,5.800000000E1
5.392603688E0,5.800000000E1
5.395227688E0,5.800000000E1
5.397852688E0,5.800000000E1
5.400476688E0,5.800000000E1
5.403101688E0,5.800000000E1
5.405725688E0,5.800000000E1
5.408350688E0,5.800000000E1
5.410975688E0,5.800000000E1
5.413599688E0,5.800000000E1
5.416224688E0,5.800000000E1
5.418848688E0,5.800000000E1
5.421473688E0,5.800000000E1
5.424097688E0,5.800000000E1
5.426722688E0,5.800000000E1
5.429346688E0,5.800000000E1
5.431971688E0,5.800000000E1
5.434595688E0,5.800000000E1
5.437220688E0,5.800000000E1
5.439844688E0,5.800000000E1
5.442469688E0,5.800000000E1
5.445093688E0,5.800000000E1
5.447718688E0,5.800000000E1
5.450342688E0,5.800000000E1
5.452967688E0,5.800000000E1
5.455591688E0,5.800000000E1
5.458216688E0,5.800000000E1
5.460840688E0,5.800000000E1
5.463465688E0,5.800000000E1
5.466089688E0,5.800000000E1
5.468714688E0,5.800000000E1
5.471338688E0,5.800000000E1
5.473963688E0,5.800000000E1
5.476587688E0,5.800000000E1
5.479212688E0,5.800000000E1
5.481836688E0,5.800000000E1
5.484461688E0,5.800000000E1
5.487085688E0,5.800000000E1
5.489710688E0,5.800000000E1
5.492334688E0,5.800000000E1
5.494959688E0,5.800000000E1
5.497583688E0,5.800000000E1
5.500208688E0,5.800000000E1
5.502832688E0,5.800000000E1
5.505457688E0,5.800000000E1
5.508081688E0,5.800000000E1
5.510706688E0,5.800000000E1
5.513330688E0,5.800000000E1
5.515955688E0,5.800000000E1
5.518580688E0,5.800000000E1
5.521204688E0,5.800000000E1
5.523829688E0,5.800000000E1
5.526453688E0,5.800000000E1
5.529078688E0,5.800000000E1
5.531702688E0,5.800000000E1
5.534327688E0,5.800000000E1
5.536951688E0,5.800000000E1
5.539576688E0,5.800000000E1
5.542200688E0,5.800000000E1
5.544825688E0,5.800000000E1
5.547449688E0,5.800000000E1
5.550074688E0,5.800000000E1
5.552698688E0,5.800000000E1
5.555323688E0,5.800000000E1
5.557947688E0,5.800000000E1
5.560572688E0,5.800000000E1
5.563196688E0,5.800000000E1
5.565821688E0,5.800000000E1
5.568445688E0,5.800000000E1
5.571070688E0,5.800000000E1
5.573694688E0,5.800000000E1
5.576319688E0,5.800000000E1
5.578943688E0,5.800000000E1
5.581568688E0,5.800000000E1
5.584192688E0,5.800000000E1
5.586817688E0,5.800000000E1
5.589441688E0,5.800000000E1
5.592066688E0,5.150000000E1
5.594690688E0,5.150000000E1
5.597315688E0,5.150000000E1
5.599939688E0,5.150000000E1
5.602564688E0,5.150000000E1
5.605188688E0,5.150000000E1
5.607813688E0,5.150000000E1
5.610437688E0,5.150000000E1
5.613062688E0,5.150000000E1
5.615686688E0,5.150000000E1
5.618311688E0,5.150000000E1
5.620935688E0,5.800000000E1
5.623560688E0,5.800000000E1
5.626184688E0,5.800000000E1
5.628809688E0,5.800000000E1
5.631434688E0,5.800000000E1
5.634058688E0,5.800000000E1
5.636683688E0,5.800000000E1
5.639307688E0,5.800000000E1
5.641932688E0,5.800000000E1
5.644556688E0,5.800000000E1
5.647181688E0,5.800000000E1
5.649805688E0,5.800000000E1
5.652430688E0,5.800000000E1
5.655054688E0,5.800000000E1
5.657679688E0,5.800000000E1
5.660303688E0,5.800000000E1
5.662928688E0,5.800000000E1
5.665552688E0,5.800000000E1
5.668177688E0,5.800000000E1
5.670801688E0,5.800000000E1
5.673426688E0,5.800000000E1
5.676050688E0,5.800000000E1
5.678675688E0,5.800000000E1
5.681299688E0,5.800000000E1
5.683924688E0,5.800000000E1
5.686548688E0,5.800000000E1
5.689173688E0,5.800000000E1
5.691797688E0,5.800000000E1
5.694422688E0,5.800000000E1
5.697046688E0,5.150000000E1
5.699671688E0,5.150000000E1
5.702295688E0,5.150000000E1
5.704920688E0,5.150000000E1
5.707544688E0,5.150000000E1
5.710169688E0,5.150000000E1
5.712793688E0,5.150000000E1
5.715418688E0,5.150000000E1
5.718042688E0,5.150000000E1
5.720667688E0,5.800000000E1
5.723291688E0,5.800000000E1
5.725916688E0,5.800000000E1
5.728540688E0,5.800000000E1
5.731165688E0,5.800000000E1
5.733789688E0,5.800000000E1
5.736414688E0,5.800000000E1
5.739038688E0,5.800000000E1
5.741663688E0,5.800000000E1
5.744288688E0,5.800000000E1
5.746912688E0,5.800000000E1
5.749537688E0,5.800000000E1
5.752161688E0,5.800000000E1
5.754786688E0,5.800000000E1
5.757410688E0,5.800000000E1
5.760035688E0,5.800000000E1
5.762659688E0,5.800000000E1
5.765284688E0,5.800000000E1
5.767908688E0,5.800000000E1
5.770533688E0,5.800000000E1
5.773157688E0,5.800000000E1
5.775782688E0,5.800000000E1
5.778406688E0,5.800000000E1
5.781031688E0,5.800000000E1
5.783655688E0,5.800000000E1
5.786280688E0,5.800000000E1
5.788904688E0,5.800000000E1
5.791529688E0,5.800000000E1
5.794153688E0,5.800000000E1
5.796778688E0,5.800000000E1
5.799402688E0,5.800000000E1
5.802027688E0,5.800000000E1
5.804651688E0,5.800000000E1
5.807276688E0,5.800000000E1
5.809900688E0,5.800000000E1
5.812525688E0,5.800000000E1
5.815149688E0,5.800000000E1
5.817774688E0,5.800000000E1
5.820398688E0,5.800000000E1
5.823023688E0,5.800000000E1
5.825647688E0,5.800000000E1
5.828272688E0,5.800000000E1
5.830896688E0,5.800000000E1
5.833521688E0,5.800000000E1
5.836145688E0,5.800000000E1
5.838770688E0,5.800000000E1
5.841394688E0,5.800000000E1
5.844019688E0,5.800000000E1
5.846643688E0,5.800000000E1
5.849268688E0,5.800000000E1
5.851892688E0,5.800000000E1
5.854517688E0,5.800000000E1
5.857142688E0,5.800000000E1
5.859766688E0,5.800000000E1
5.862391688E0,5.800000000E1
5.865015688E0,5.800000000E1
5.867640688E0,5.800000000E1
5.870264688E0,5.800000000E1
5.872889688E0,5.150000000E1
5.875513688E0,5.150000000E1
5.878138688E0,5.150000000E1
5.880762688E0,5.150000000E1
5.883387688E0,5.150000000E1
5.886011688E0,5.150000000E1
5.888636688E0,5.150000000E1
5.891260688E0,5.150000000E1
5.893885688E0,5.150000000E1
5.896509688E0,5.150000000E1
5.899134688E0,5.800000000E1
5.901758688E0,5.800000000E1
5.904383688E0,5.800000000E1
5.907007688E0,5.800000000E1
5.909632688E0,5.800000000E1
5.912256688E0,5.800000000E1
5.914881688E0,5.800000000E1
5.917505688E0,5.800000000E1
5.920130688E0,5.800000000E1
5.922754688E0,5.800000000E1
5.925379688E0,5.800000000E1
5.928003688E0,5.800000000E1
5.930628688E0,5.800000000E1
5.933252688E0,5.800000000E1
5.935877688E0,5.800000000E1
5.938501688E0,5.800000000E1
5.941126688E0,5.800000000E1
5.943750688E0,5.800000000E1
5.946375688E0,5.800000000E1
5.948999688E0,5.800000000E1
5.951624688E0,5.800000000E1
5.954248688E0,5.800000000E1
5.956873688E0,5.800000000E1
5.959497688E0,5.800000000E1
5.962122688E0,5.800000000E1
5.964746688E0,5.800000000E1
5.967371688E0,5.800000000E1
5.969996688E0,5.800000000E1
5.972620688E0,5.800000000E1
5.975245688E0,5.800000000E1
5.977869688E0,5.800000000E1
5.980494688E0,5.800000000E1
5.983118688E0,5.800000000E1
5.985743688E0,5.800000000E1
5.988367688E0,5.800000000E1
5.990992688E0,5.800000000E1
5.993616688E0,5.800000000E1
5.996241688E0,5.800000000E1
5.998865688E0,5.800000000E1
6.001490688E0,5.800000000E1
6.004114688E0,5.800000000E1
6.006739688E0,5.800000000E1
6.009363688E0,5.800000000E1
6.011988688E0,5.800000000E1
6.014612688E0,5.800000000E1
6.017237688E0,5.800000000E1
6.019861688E0,5.800000000E1
6.022486688E0,5.800000000E1
6.025110688E0,5.800000000E1
6.027735688E0,5.800000000E1
6.030359688E0,5.800000000E1
6.032984688E0,5.800000000E1
6.035608688E0,5.800000000E1
6.038233688E0,5.800000000E1
6.040857688E0,5.800000000E1
6.043482688E0,5.800000000E1
6.046106688E0,5.800000000E1
6.048731688E0,5.800000000E1
6.051355688E0,5.800000000E1
6.053980688E0,5.800000000E1
6.056604688E0,5.800000000E1
6.059229688E0,5.800000000E1
6.061853688E0,5.800000000E1
6.064478688E0,5.800000000E1
6.067102688E0,5.800000000E1
6.069727688E0,5.800000000E1
6.072351688E0,5.800000000E1
6.074976688E0,5.800000000E1
6.077600688E0,5.800000000E1
6.080225688E0,5.800000000E1
6.082850688E0,5.800000000E1
6.085474688E0,5.800000000E1
6.088099688E0,5.800000000E1
6.090723688E0,5.800000000E1
6.093348688E0,5.800000000E1
6.095972688E0,5.800000000E1
6.098597688E0,5.800000000E1
6.101221688E0,5.800000000E1
6.103846688E0,5.800000000E1
6.106470688E0,5.800000000E1
6.109095688E0,5.800000000E1
6.111719688E0,5.800000000E1
6.114344688E0,5.800000000E1
6.116968688E0,5.800000000E1
6.119593688E0,5.800000000E1
6.122217688E0,5.800000000E1
6.124842688E0,5.800000000E1
6.127466688E0,5.150000000E1
6.130091688E0,5.150000000E1
6.132715688E0,5.150000000E1
6.135340688E0,5.150000000E1
6.137964688E0,5.150000000E1
6.140589688E0,5.150000000E1
6.143213688E0,5.150000000E1
6.145838688E0,5.150000000E1
6.148462688E0,5.150000000E1
6.151087688E0,5.150000000E1
6.153711688E0,5.800000000E1
6.156336688E0,5.800000000E1
6.158960688E0,5.800000000E1
6.161585688E0,5.800000000E1
6.164209688E0,5.800000000E1
6.166834688E0,5.800000000E1
6.169458688E0,5.800000000E1
6.172083688E0,5.800000000E1
6.174707688E0,5.800000000E1
6.177332688E0,5.800000000E1
6.179956688E0,5.800000000E1
6.182581688E0,5.800000000E1
6.185205688E0,5.800000000E1
6.187830688E0,5.800000000E1
6.190455688E0,5.800000000E1
6.193079688E0,5.800000000E1
6.195704688E0,5.800000000E1
6.198328688E0,5.800000000E1
6.200953688E0,5.800000000E1
6.203577688E0,5.800000000E1
6.206202688E0,5.800000000E1
6.208826688E0,5.800000000E1
6.211451688E0,5.800000000E1
6.214075688E0,5.800000000E1
6.216700688E0,5.800000000E1
6.219324688E0,5.800000000E1
6.221949688E0,5.800000000E1
6.224573688E0,5.800000000E1
6.227198688E0,5.800000000E1
6.229822688E0,5.800000000E1
6.232447688E0,5.800000000E1
6.235071688E0,5.800000000E1
6.237696688E0,5.800000000E1
6.240320688E0,5.800000000E1
6.242945688E0,5.800000000E1
6.245569688E0,5.800000000E1
6.248194688E0,5.800000000E1
6.250818688E0,5.800000000E1
6.253443688E0,5.800000000E1
6.256067688E0,5.150000000E1
6.258692688E0,5.150000000E1
6.261316688E0,5.150000000E1
6.263941688E0,5.150000000E1
6.266565688E0,5.150000000E1
6.269190688E0,5.150000000E1
6.271814688E0,5.150000000E1
6.274439688E0,5.150000000E1
6.277063688E0,5.150000000E1
6.279688688E0,5.150000000E1
6.282312688E0,5.800000000E1
6.284937688E0,5.800000000E1
6.287561688E0,5.800000000E1
6.290186688E0,5.800000000E1
6.292810688E0,5.800000000E1
6.295435688E0,5.800000000E1
6.298059688E0,5.800000000E1
6.300684688E0,5.800000000E1
6.303309688E0,5.800000000E1
6.305933688E0,5.800000000E1
6.308558688E0,5.800000000E1
6.311182688E0,5.800000000E1
6.313807688E0,5.800000000E1
6.316431688E0,5.800000000E1
6.319056688E0,5.800000000E1
6.321680688E0,5.800000000E1
6.324305688E0,5.800000000E1
6.326929688E0,5.800000000E1
6.329554688E0,5.800000000E1
6.332178688E0,5.800000000E1
6.334803688E0,5.800000000E1
6.337427688E0,5.800000000E1
6.340052688E0,5.800000000E1
6.342676688E0,5.800000000E1
6.345301688E0,5.800000000E1
6.347925688E0,5.800000000E1
6.350550688E0,5.800000000E1
6.353174688E0,5.800000000E1
6.355799688E0,5.800000000E1
6.358423688E0,5.800000000E1
6.361048688E0,5.800000000E1
6.363672688E0,5.800000000E1
6.366297688E0,5.800000000E1
6.368921688E0,5.800000000E1
6.371546688E0,5.800000000E1
6.374170688E0,5.800000000E1
6.376795688E0,5.800000000E1
6.379419688E0,5.800000000E1
6.382044688E0,5.800000000E1
6.384668688E0,5.800000000E1
6.387293688E0,5.800000000E1
6.389917688E0,5.800000000E1
6.392542688E0,5.800000000E1
6.395166688E0,5.800000000E1
6.397791688E0,5.800000000E1
6.400415688E0,5.800000000E1
6.403040688E0,5.800000000E1
6.405664688E0,5.800000000E1
6.408289688E0,5.800000000E1
6.410913688E0,5.800000000E1
6.413538688E0,5.800000000E1
6.416163688E0,5.800000000E1
6.418787688E0,5.800000000E1
6.421412688E0,5.800000000E1
6.424036688E0,5.800000000E1
6.426661688E0,5.800000000E1
6.429285688E0,5.800000000E1
6.431910688E0,5.150000000E1
6.434534688E0,5.150000000E1
6.437159688E0,5.150000000E1
6.439783688E0,5.150000000E1
6.442408688E0,5.150000000E1
6.445032688E0,5.150000000E1
6.447657688E0,5.150000000E1
6.450281688E0,5.150000000E1
6.452906688E0,5.150000000E1
6.455530688E0,5.150000000E1
6.458155688E0,5.150000000E1
6.460779688E0,5.800000000E1
6.463404688E0,5.800000000E1
6.466028688E0,5.800000000E1
6.468653688E0,5.800000000E1
6.471277688E0,5.800000000E1
6.473902688E0,5.800000000E1
6.476526688E0,5.800000000E1
6.479151688E0,5.800000000E1
6.481775688E0,5.800000000E1
6.484400688E0,5.800000000E1
6.487024688E0,5.800000000E1
6.489649688E0,5.800000000E1
6.492273688E0,5.800000000E1
6.494898688E0,5.800000000E1
6.497522688E0,5.800000000E1
6.500147688E0,5.800000000E1
6.502771688E0,5.800000000E1
6.505396688E0,5.800000000E1
6.508020688E0,5.800000000E1
6.510645688E0,5.800000000E1
6.513269688E0,5.800000000E1
6.515894688E0,5.800000000E1
6.518518688E0,5.800000000E1
6.521143688E0,5.800000000E1
6.523767688E0,5.800000000E1
6.526392688E0,5.800000000E1
6.529017688E0,5.800000000E1
6.531641688E0,5.800000000E1
6.534266688E0,5.800000000E1
6.536890688E0,5.800000000E1
6.539515688E0,5.800000000E1
6.542139688E0,5.800000000E1
6.544764688E0,5.800000000E1
6.547388688E0,5.800000000E1
6.550013688E0,5.800000000E1
6.552637688E0,5.800000000E1
6.555262688E0,5.800000000E1
6.557886688E0,5.800000000E1
6.560511688E0,5.800000000E1
6.563135688E0,5.800000000E1
6.565760688E0,5.800000000E1
6.568384688E0,5.800000000E1
6.571009688E0,5.800000000E1
6.573633688E0,5.800000000E1
6.576258688E0,5.800000000E1
6.578882688E0,5.800000000E1
6.581507688E0,5.800000000E1
6.584131688E0,5.800000000E1
6.586756688E0,5.800000000E1
6.589380688E0,5.800000000E1
6.592005688E0,5.800000000E1
6.594629688E0,5.800000000E1
6.597254688E0,5.800000000E1
6.599878688E0,5.800000000E1
6.602503688E0,5.800000000E1
6.605127688E0,5.800000000E1
6.607752688E0,5.800000000E1
6.610376688E0,5.800000000E1
6.613001688E0,5.800000000E1
6.615625688E0,5.800000000E1
6.618250688E0,5.800000000E1
6.620874688E0,5.800000000E1
6.623499688E0,5.800000000E1
6.626123688E0,5.800000000E1
6.628748688E0,5.800000000E1
6.631372688E0,5.800000000E1
6.633997688E0,5.800000000E1
6.636621688E0,5.800000000E1
6.639246688E0,5.800000000E1
6.641871688E0,5.800000000E1
6.644495688E0,5.800000000E1
6.647120688E0,5.800000000E1
6.649744688E0,5.800000000E1
6.652369688E0,5.800000000E1
6.654993688E0,5.800000000E1
6.657618688E0,5.800000000E1
6.660242688E0,5.800000000E1
6.662867688E0,5.800000000E1
6.665491688E0,5.800000000E1
6.668116688E0,5.800000000E1
6.670740688E0,5.800000000E1
6.673365688E0,5.800000000E1
6.675989688E0,5.800000000E1
6.678614688E0,5.800000000E1
6.681238688E0,5.800000000E1
6.683863688E0,5.800000000E1
6.686487688E0,5.800000000E1
6.689112688E0,5.150000000E1
6.691736688E0,5.150000000E1
6.694361688E0,5.150000000E1
6.696985688E0,5.150000000E1
6.699610688E0,5.150000000E1
6.702234688E0,5.150000000E1
6.704859688E0,5.150000000E1
6.707483688E0,5.150000000E1
6.710108688E0,5.150000000E1
6.712732688E0,5.800000000E1
6.715357688E0,5.800000000E1
6.717981688E0,5.800000000E1
6.720606688E0,5.800000000E1
6.723230688E0,5.800000000E1
6.725855688E0,5.800000000E1
6.728479688E0,5.800000000E1
6.731104688E0,5.800000000E1
6.733728688E0,5.800000000E1
6.736353688E0,5.800000000E1
6.738977688E0,5.800000000E1
6.741602688E0,5.800000000E1
6.744226688E0,5.800000000E1
6.746851688E0,5.800000000E1
6.749475688E0,5.800000000E1
6.752100688E0,5.800000000E1
6.754725688E0,5.800000000E1
6.757349688E0,5.800000000E1
6.759974688E0,5.800000000E1
6.762598688E0,5.800000000E1
6.765223688E0,5.800000000E1
6.767847688E0,5.800000000E1
6.770472688E0,5.800000000E1
6.773096688E0,5.800000000E1
6.775721688E0,5.800000000E1
6.778345688E0,5.800000000E1
6.780970688E0,5.800000000E1
6.783594688E0,5.800000000E1
6.786219688E0,5.800000000E1
6.788843688E0,5.150000000E1
6.791468688E0,5.150000000E1
6.794092688E0,5.150000000E1
6.796717688E0,5.150000000E1
6.799341688E0,5.150000000E1
6.801966688E0,5.150000000E1
6.804590688E0,5.150000000E1
6.807215688E0,5.150000000E1
6.809839688E0,5.150000000E1
6.812464688E0,5.150000000E1
6.815088688E0,5.800000000E1
6.817713688E0,5.800000000E1
6.820337688E0,5.800000000E1
6.822962688E0,5.800000000E1
6.825586688E0,5.800000000E1
6.828211688E0,5.800000000E1
6.830835688E0,5.800000000E1
6.833460688E0,5.800000000E1
6.836084688E0,5.800000000E1
6.838709688E0,5.800000000E1
6.841333688E0,5.800000000E1
6.843958688E0,5.800000000E1
6.846582688E0,5.800000000E1
6.849207688E0,5.800000000E1
6.851831688E0,5.800000000E1
6.854456688E0,5.800000000E1
6.857080688E0,5.800000000E1
6.859705688E0,5.800000000E1
6.862330688E0,5.800000000E1
6.864954688E0,5.800000000E1
6.867579688E0,5.800000000E1
6.870203688E0,5.800000000E1
6.872828688E0,5.800000000E1
6.875452688E0,5.800000000E1
6.878077688E0,5.800000000E1
6.880701688E0,5.800000000E1
6.883326688E0,5.800000000E1
6.885950688E0,5.800000000E1
6.888575688E0,5.800000000E1
6.891199688E0,5.800000000E1
6.893824688E0,5.800000000E1
6.896448688E0,5.800000000E1
6.899073688E0,5.800000000E1
6.901697688E0,5.800000000E1
6.904317688E0,5.800000000E1
6.906942688E0,5.800000000E1
6.909566688E0,5.800000000E1
6.912191688E0,5.800000000E1
6.914815688E0,5.800000000E1
6.917440688E0,5.800000000E1
6.920064688E0,5.800000000E1
6.922689688E0,5.800000000E1
6.925313688E0,5.800000000E1
6.927938688E0,5.800000000E1
6.930562688E0,5.800000000E1
6.933187688E0,5.800000000E1
6.935811688E0,5.800000000E1
6.938436688E0,5.800000000E1
6.941060688E0,5.800000000E1
6.943685688E0,5.800000000E1
6.946309688E0,5.800000000E1
6.948934688E0,5.800000000E1
6.951558688E0,5.800000000E1
6.954183688E0,5.800000000E1
6.956807688E0,5.800000000E1
6.959432688E0,5.800000000E1
6.962056688E0,5.800000000E1
6.964681688E0,5.800000000E1
6.967305688E0,5.800000000E1
6.969930688E0,5.800000000E1
6.972554688E0,5.800000000E1
6.975179688E0,5.800000000E1
6.977803688E0,5.800000000E1
6.980428688E0,5.800000000E1
6.983052688E0,5.800000000E1
6.985677688E0,5.800000000E1
6.988301688E0,5.800000000E1
6.990926688E0,5.800000000E1
6.993550688E0,5.150000000E1
6.996175688E0,5.150000000E1
6.998799688E0,5.150000000E1
7.001424688E0,5.150000000E1
7.004048688E0,5.150000000E1
7.006673688E0,5.150000000E1
7.009297688E0,5.150000000E1
7.011922688E0,5.150000000E1
7.014546688E0,5.150000000E1
7.017171688E0,5.150000000E1
7.019796688E0,5.150000000E1
7.022420688E0,5.150000000E1
7.025045688E0,5.150000000E1
7.027669688E0,5.150000000E1
7.030294688E0,5.150000000E1
7.032918688E0,5.150000000E1
7.035543688E0,5.150000000E1
7.038167688E0,5.150000000E1
7.040792688E0,5.150000000E1
7.043416688E0,5.150000000E1
7.046041688E0,5.800000000E1
7.048665688E0,5.800000000E1
7.051290688E0,5.800000000E1
7.053914688E0,5.800000000E1
7.056539688E0,5.800000000E1
7.059163688E0,5.800000000E1
7.061788688E0,5.800000000E1
7.064412688E0,5.800000000E1
7.067037688E0,5.800000000E1
7.069661688E0,5.800000000E1
7.072286688E0,5.800000000E1
7.074910688E0,5.800000000E1
7.077535688E0,5.800000000E1
7.080159688E0,5.800000000E1
7.082784688E0,5.800000000E1
7.085408688E0,5.800000000E1
7.088033688E0,5.800000000E1
7.090657688E0,5.800000000E1
7.093282688E0,5.800000000E1
7.095906688E0,5.800000000E1
7.098531688E0,5.800000000E1
7.101155688E0,5.800000000E1
7.103780688E0,5.800000000E1
7.106404688E0,5.800000000E1
7.109029688E0,5.800000000E1
7.111653688E0,5.800000000E1
7.114278688E0,5.800000000E1
7.116902688E0,5.800000000E1
7.119527688E0,5.800000000E1
7.122151688E0,5.800000000E1
7.124776688E0,5.800000000E1
7.127400688E0,5.800000000E1
7.130025688E0,5.800000000E1
7.132650688E0,5.800000000E1
7.135274688E0,5.800000000E1
7.137899688E0,5.800000000E1
7.140523688E0,5.800000000E1
7.143148688E0,5.800000000E1
7.145772688E0,5.150000000E1
7.148397688E0,5.150000000E1
7.151021688E0,5.150000000E1
7.153646688E0,5.150000000E1
7.156270688E0,5.150000000E1
7.158895688E0,5.150000000E1
7.161519688E0,5.150000000E1
7.164144688E0,5.150000000E1
7.166768688E0,5.150000000E1
7.169393688E0,5.150000000E1
7.172017688E0,5.800000000E1
7.174642688E0,5.800000000E1
7.177266688E0,5.800000000E1
7.179891688E0,5.800000000E1
7.182515688E0,5.800000000E1
7.185140688E0,5.800000000E1
7.187764688E0,5.800000000E1
7.190389688E0,5.800000000E1
7.193013688E0,5.800000000E1
7.195638688E0,5.800000000E1
7.198262688E0,5.150000000E1
7.200887688E0,5.150000000E1
7.203511688E0,5.150000000E1
7.206136688E0,5.150000000E1
7.208760688E0,5.150000000E1
7.211385688E0,5.150000000E1
7.214009688E0,5.150000000E1
7.216634688E0,5.150000000E1
7.219258688E0,5.150000000E1
7.221883688E0,5.800000000E1
7.224507688E0,5.800000000E1
7.227132688E0,5.800000000E1
7.229756688E0,5.800000000E1
7.232381688E0,5.800000000E1
7.235005688E0,5.800000000E1
7.237630688E0,5.800000000E1
7.240255688E0,5.800000000E1
7.242879688E0,5.800000000E1
7.245504688E0,5.800000000E1
7.248128688E0,5.800000000E1
7.250753688E0,5.800000000E1
7.253377688E0,5.800000000E1
7.256002688E0,5.800000000E1
7.258626688E0,5.800000000E1
7.261251688E0,5.800000000E1
7.263875688E0,5.800000000E1
7.266500688E0,5.800000000E1
7.269124688E0,5.800000000E1
7.271749688E0,5.150000000E1
7.274373688E0,5.150000000E1
7.276998688E0,5.150000000E1
7.279622688E0,5.150000000E1
7.282247688E0,5.150000000E1
7.284871688E0,5.150000000E1
7.287496688E0,5.150000000E1
7.290120688E0,5.150000000E1
7.292745688E0,5.150000000E1
7.295369688E0,5.150000000E1
7.297994688E0,5.150000000E1
7.300618688E0,5.150000000E1
7.303243688E0,5.150000000E1
7.305867688E0,5.150000000E1
7.308492688E0,5.150000000E1
7.311116688E0,5.150000000E1
7.313741688E0,5.150000000E1
7.316365688E0,5.150000000E1
7.318990688E0,5.150000000E1
7.321614688E0,5.150000000E1
7.324239688E0,5.800000000E1
7.326863688E0,5.800000000E1
7.329488688E0,5.800000000E1
7.332112688E0,5.800000000E1
7.334737688E0,5.800000000E1
7.337361688E0,5.800000000E1
7.339986688E0,5.800000000E1
7.342610688E0,5.800000000E1
7.345235688E0,5.800000000E1
7.347859688E0,5.800000000E1
7.350484688E0,5.800000000E1
7.353109688E0,5.800000000E1
7.355733688E0,5.800000000E1
7.358358688E0,5.800000000E1
7.360982688E0,5.800000000E1
7.363607688E0,5.800000000E1
7.366231688E0,5.800000000E1
7.368856688E0,5.800000000E1
7.371480688E0,5.800000000E1
7.374105688E0,5.800000000E1
7.376729688E0,5.800000000E1
7.379354688E0,5.800000000E1
7.381978688E0,5.800000000E1
7.384603688E0,5.800000000E1
7.387227688E0,5.800000000E1
7.389852688E0,5.800000000E1
7.392476688E0,5.800000000E1
7.395101688E0,5.800000000E1
7.397725688E0,5.800000000E1
7.400350688E0,5.800000000E1
7.402974688E0,5.800000000E1
7.405599688E0,5.800000000E1
7.408223688E0,5.800000000E1
7.410848688E0,5.800000000E1
7.413472688E0,5.800000000E1
7.416097688E0,5.800000000E1
7.418721688E0,5.800000000E1
7.421346688E0,5.800000000E1
7.423970688E0,5.800000000E1
7.426595688E0,5.800000000E1
7.429219688E0,5.800000000E1
7.431844688E0,5.800000000E1
7.434468688E0,5.800000000E1
7.437093688E0,5.800000000E1
7.439717688E0,5.800000000E1
7.442342688E0,5.800000000E1
7.444966688E0,5.800000000E1
7.447591688E0,5.800000000E1
7.450215688E0,5.800000000E1
7.452840688E0,5.800000000E1
7.455464688E0,5.800000000E1
7.458089688E0,5.800000000E1
7.460713688E0,5.800000000E1
7.463338688E0,5.800000000E1
7.465963688E0,5.800000000E1
7.468587688E0,5.800000000E1
7.471212688E0,5.800000000E1
7.473836688E0,5.800000000E1
7.476461688E0,5.800000000E1
7.479085688E0,5.800000000E1
7.481710688E0,5.800000000E1
7.484334688E0,5.800000000E1
7.486959688E0,5.800000000E1
7.489583688E0,5.800000000E1
7.492208688E0,5.800000000E1
7.494832688E0,5.800000000E1
7.497457688E0,5.800000000E1
7.500081688E0,5.800000000E1
7.502706688E0,5.800000000E1
7.505330688E0,5.800000000E1
7.507955688E0,5.800000000E1
7.510579688E0,5.800000000E1
7.513204688E0,5.800000000E1
7.515828688E0,5.800000000E1
7.518453688E0,5.800000000E1
7.521077688E0,5.800000000E1
7.523702688E0,5.800000000E1
7.526326688E0,5.800000000E1
7.528951688E0,5.800000000E1
7.531575688E0,5.800000000E1
7.534200688E0,5.800000000E1
7.536824688E0,5.800000000E1
7.539449688E0,5.800000000E1
7.542073688E0,5.800000000E1
7.544698688E0,5.800000000E1
7.547322688E0,5.800000000E1
7.549947688E0,5.800000000E1
7.552571688E0,5.800000000E1
7.555196688E0,5.800000000E1
7.557820688E0,5.800000000E1
7.560445688E0,5.800000000E1
7.563069688E0,5.800000000E1
7.565694688E0,5.800000000E1
7.568318688E0,5.800000000E1
7.570943688E0,5.800000000E1
7.573567688E0,5.800000000E1
7.576192688E0,5.800000000E1
7.578817688E0,5.800000000E1
7.581441688E0,5.800000000E1
7.584066688E0,5.800000000E1
7.586690688E0,5.800000000E1
7.589315688E0,5.800000000E1
7.591939688E0,5.800000000E1
7.594564688E0,5.800000000E1
7.597188688E0,5.800000000E1
7.599813688E0,5.800000000E1
7.602437688E0,5.800000000E1
7.605062688E0,5.800000000E1
7.607686688E0,5.800000000E1
7.610311688E0,5.800000000E1
7.612935688E0,5.800000000E1
7.615560688E0,5.800000000E1
7.618184688E0,5.800000000E1
7.620809688E0,5.800000000E1
7.623433688E0,5.800000000E1
7.626058688E0,5.800000000E1
7.628682688E0,5.800000000E1
7.631307688E0,5.800000000E1
7.633931688E0,5.800000000E1
7.636556688E0,5.800000000E1
7.639180688E0,5.800000000E1
7.641805688E0,5.800000000E1
7.644429688E0,5.800000000E1
7.647054688E0,5.800000000E1
7.649678688E0,5.800000000E1
7.652303688E0,5.800000000E1
7.654927688E0,5.800000000E1
7.657552688E0,5.800000000E1
7.660176688E0,5.800000000E1
7.662801688E0,5.800000000E1
7.665425688E0,5.800000000E1
7.668050688E0,5.800000000E1
7.670674688E0,5.800000000E1
7.673299688E0,5.800000000E1
7.675923688E0,5.800000000E1
7.678548688E0,5.800000000E1
7.681172688E0,5.800000000E1
7.683797688E0,5.800000000E1
7.686421688E0,5.800000000E1
7.689046688E0,5.800000000E1
7.691671688E0,5.800000000E1
7.694295688E0,5.800000000E1
7.696920688E0,5.800000000E1
7.699544688E0,5.800000000E1
7.702169688E0,5.800000000E1
7.704793688E0,5.800000000E1
7.707418688E0,5.800000000E1
7.710042688E0,5.800000000E1
7.712667688E0,5.800000000E1
7.715291688E0,5.800000000E1
7.717916688E0,5.800000000E1
7.720540688E0,5.800000000E1
7.723165688E0,5.800000000E1
7.725789688E0,5.800000000E1
7.728414688E0,5.800000000E1
7.731038688E0,5.800000000E1
7.733663688E0,5.800000000E1
7.736287688E0,5.800000000E1
7.738912688E0,5.800000000E1
7.741536688E0,5.800000000E1
7.744161688E0,5.800000000E1
7.746785688E0,5.800000000E1
7.749410688E0,5.800000000E1
7.752034688E0,5.800000000E1
7.754659688E0,5.800000000E1
7.757283688E0,5.800000000E1
7.759908688E0,5.800000000E1
7.762532688E0,5.800000000E1
7.765157688E0,5.800000000E1
7.767781688E0,5.800000000E1
7.770406688E0,5.800000000E1
7.773030688E0,5.800000000E1
7.775655688E0,5.800000000E1
7.778279688E0,5.800000000E1
7.780904688E0,5.800000000E1
7.783528688E0,5.150000000E1
7.786153688E0,5.150000000E1
7.788777688E0,5.150000000E1
7.791402688E0,5.150000000E1
7.794026688E0,5.150000000E1
7.796651688E0,5.150000000E1
7.799275688E0,5.150000000E1
7.801900688E0,5.150000000E1
7.804525688E0,5.150000000E1
7.807149688E0,5.800000000E1
7.809774688E0,5.800000000E1
7.812398688E0,5.800000000E1
7.815023688E0,5.800000000E1
7.817647688E0,5.800000000E1
7.820272688E0,5.800000000E1
7.822896688E0,5.800000000E1
7.825521688E0,5.800000000E1
7.828145688E0,5.800000000E1
7.830770688E0,5.800000000E1
7.833394688E0,5.800000000E1
7.836019688E0,5.800000000E1
7.838643688E0,5.800000000E1
7.841268688E0,5.800000000E1
7.843892688E0,5.800000000E1
7.846517688E0,5.800000000E1
7.849141688E0,5.800000000E1
7.851766688E0,5.800000000E1
7.854390688E0,5.800000000E1
7.857015688E0,5.800000000E1
7.859639688E0,5.800000000E1
7.862264688E0,5.800000000E1
7.864888688E0,5.800000000E1
7.867513688E0,5.800000000E1
7.870137688E0,5.800000000E1
7.872762688E0,5.800000000E1
7.875386688E0,5.800000000E1
7.878011688E0,5.800000000E1
7.880635688E0,5.800000000E1
7.883260688E0,5.150000000E1
7.885884688E0,5.150000000E1
7.888509688E0,5.150000000E1
7.891133688E0,5.150000000E1
7.893758688E0,5.150000000E1
7.896382688E0,5.150000000E1
7.899007688E0,5.150000000E1
7.901631688E0,5.150000000E1
7.904256688E0,5.150000000E1
7.906880688E0,5.150000000E1
7.909505688E0,5.800000000E1
7.912130688E0,5.800000000E1
7.914754688E0,5.800000000E1
7.917379688E0,5.800000000E1
7.920003688E0,5.800000000E1
7.922628688E0,5.800000000E1
7.925252688E0,5.800000000E1
7.927877688E0,5.800000000E1
7.930501688E0,5.800000000E1
7.933126688E0,5.800000000E1
7.935750688E0,5.800000000E1
7.938375688E0,5.800000000E1
7.940999688E0,5.800000000E1
7.943624688E0,5.800000000E1
7.946248688E0,5.800000000E1
7.948873688E0,5.800000000E1
7.951497688E0,5.800000000E1
7.954122688E0,5.800000000E1
7.956746688E0,5.800000000E1
7.959371688E0,5.800000000E1
7.961995688E0,5.150000000E1
7.964620688E0,5.150000000E1
7.967244688E0,5.150000000E1
7.969869688E0,5.150000000E1
7.972493688E0,5.150000000E1
7.975118688E0,5.150000000E1
7.977742688E0,5.150000000E1
7.980367688E0,5.150000000E1
7.982991688E0,5.150000000E1
7.985616688E0,5.800000000E1
7.988240688E0,5.800000000E1
7.990865688E0,5.800000000E1
7.993489688E0,5.800000000E1
7.996114688E0,5.800000000E1
7.998738688E0,5.800000000E1
8.001363688E0,5.800000000E1
8.003987688E0,5.800000000E1
8.006612688E0,5.800000000E1
8.009236688E0,5.800000000E1
8.011861688E0,5.800000000E1
8.014485688E0,5.800000000E1
8.017110688E0,5.800000000E1
8.019734688E0,5.800000000E1
8.022359688E0,5.800000000E1
8.024984688E0,5.800000000E1
8.027608688E0,5.800000000E1
8.030233688E0,5.800000000E1
8.032857688E0,5.800000000E1
8.035482688E0,5.800000000E1
8.038106688E0,5.800000000E1
8.040731688E0,5.800000000E1
8.043355688E0,5.800000000E1
8.045980688E0,5.800000000E1
8.048604688E0,5.800000000E1
8.051229688E0,5.800000000E1
8.053853688E0,5.800000000E1
8.056478688E0,5.800000000E1
8.059102688E0,5.800000000E1
8.061727688E0,5.800000000E1
8.064351688E0,5.800000000E1
8.066976688E0,5.800000000E1
8.069600688E0,5.800000000E1
8.072225688E0,5.800000000E1
8.074849688E0,5.800000000E1
8.077474688E0,5.800000000E1
8.080098688E0,5.800000000E1
8.082723688E0,5.800000000E1
8.085347688E0,5.800000000E1
8.087972688E0,5.800000000E1
8.090596688E0,5.800000000E1
8.093221688E0,5.800000000E1
8.095845688E0,5.800000000E1
8.098470688E0,5.800000000E1
8.101094688E0,5.800000000E1
8.103719688E0,5.800000000E1
8.106343688E0,5.800000000E1
8.108968688E0,5.800000000E1
8.111592688E0,5.800000000E1
8.114217688E0,5.800000000E1
8.116841688E0,5.800000000E1
8.119466688E0,5.800000000E1
8.122090688E0,5.800000000E1
8.124715688E0,5.800000000E1
8.127339688E0,5.800000000E1
8.129964688E0,5.800000000E1
8.132588688E0,5.800000000E1
8.135213688E0,5.800000000E1
8.137838688E0,5.800000000E1
8.140462688E0,5.800000000E1
8.143087688E0,5.800000000E1
8.145711688E0,5.800000000E1
8.148336688E0,5.800000000E1
8.150960688E0,5.800000000E1
8.153585688E0,5.800000000E1
8.156209688E0,5.800000000E1
8.158834688E0,5.800000000E1
8.161458688E0,5.800000000E1
8.164083688E0,5.800000000E1
8.166707688E0,5.800000000E1
8.169332688E0,5.800000000E1
8.171956688E0,5.800000000E1
8.174581688E0,5.800000000E1
8.177205688E0,5.800000000E1
8.179830688E0,5.800000000E1
8.182454688E0,5.800000000E1
8.185079688E0,5.800000000E1
8.187703688E0,5.800000000E1
8.190328688E0,5.150000000E1
8.192952688E0,5.150000000E1
8.195577688E0,5.150000000E1
8.198201688E0,5.150000000E1
8.200826688E0,5.150000000E1
8.203450688E0,5.150000000E1
8.206075688E0,5.150000000E1
8.208699688E0,5.150000000E1
8.211324688E0,5.150000000E1
8.213948688E0,5.150000000E1
8.216573688E0,5.150000000E1
8.219197688E0,5.150000000E1
8.221822688E0,5.150000000E1
8.224446688E0,5.150000000E1
8.227071688E0,5.150000000E1
8.229695688E0,5.150000000E1
8.232320688E0,5.150000000E1
8.234944688E0,5.150000000E1
8.237569688E0,5.150000000E1
8.240193688E0,5.800000000E1
8.242818688E0,5.800000000E1
8.245442688E0,5.800000000E1
8.248067688E0,5.800000000E1
8.250692688E0,5.800000000E1
8.253316688E0,5.800000000E1
8.255941688E0,5.800000000E1
8.258565688E0,5.800000000E1
8.261190688E0,5.800000000E1
8.263814688E0,5.800000000E1
8.266439688E0,5.800000000E1
8.269063688E0,5.800000000E1
8.271688688E0,5.800000000E1
8.274312688E0,5.800000000E1
8.276937688E0,5.800000000E1
8.279561688E0,5.800000000E1
8.282186688E0,5.800000000E1
8.284810688E0,5.800000000E1
8.287435688E0,5.800000000E1
8.290059688E0,5.800000000E1
8.292684688E0,5.800000000E1
8.295308688E0,5.800000000E1
8.297933688E0,5.800000000E1
8.300557688E0,5.800000000E1
8.303182688E0,5.800000000E1
8.305806688E0,5.800000000E1
8.308431688E0,5.800000000E1
8.311055688E0,5.800000000E1
8.313680688E0,5.800000000E1
8.316304688E0,5.800000000E1
8.318929688E0,5.800000000E1
8.321553688E0,5.800000000E1
8.324178688E0,5.800000000E1
8.326802688E0,5.800000000E1
8.329427688E0,5.800000000E1
8.332051688E0,5.800000000E1
8.334676688E0,5.800000000E1
8.337300688E0,5.800000000E1
8.339925688E0,5.800000000E1
8.342549688E0,5.800000000E1
8.345174688E0,5.800000000E1
8.347798688E0,5.800000000E1
8.350423688E0,5.800000000E1
8.353047688E0,5.800000000E1
8.355672688E0,5.800000000E1
8.358296688E0,5.800000000E1
8.360921688E0,5.800000000E1
8.363546688E0,5.800000000E1
8.366170688E0,5.800000000E1
8.368795688E0,5.150000000E1
8.371419688E0,5.150000000E1
8.374044688E0,5.150000000E1
8.376668688E0,5.150000000E1
8.379293688E0,5.150000000E1
8.381917688E0,5.150000000E1
8.384542688E0,5.150000000E1
8.387166688E0,5.150000000E1
8.389791688E0,5.150000000E1
8.392415688E0,5.150000000E1
8.395040688E0,5.150000000E1
8.397664688E0,5.150000000E1
8.400289688E0,5.150000000E1
8.402913688E0,5.150000000E1
8.405538688E0,5.150000000E1
8.408162688E0,5.150000000E1
8.410787688E0,5.150000000E1
8.413411688E0,5.150000000E1
8.416036688E0,5.150000000E1
8.418660688E0,5.800000000E1
8.421285688E0,5.800000000E1
8.423909688E0,5.800000000E1
8.426534688E0,5.800000000E1
8.429158688E0,5.800000000E1
8.431783688E0,5.800000000E1
8.434407688E0,5.800000000E1
8.437032688E0,5.800000000E1
8.439656688E0,5.800000000E1
8.442281688E0,5.800000000E1
8.444905688E0,5.800000000E1
8.447530688E0,5.800000000E1
8.450154688E0,5.800000000E1
8.452779688E0,5.800000000E1
8.455403688E0,5.800000000E1
8.458028688E0,5.800000000E1
8.460652688E0,5.800000000E1
8.463277688E0,5.800000000E1
8.465901688E0,5.800000000E1
8.468526688E0,5.800000000E1
8.471150688E0,5.800000000E1
8.473775688E0,5.800000000E1
8.476400688E0,5.800000000E1
8.479024688E0,5.800000000E1
8.481649688E0,5.800000000E1
8.484273688E0,5.800000000E1
8.486898688E0,5.800000000E1
8.489522688E0,5.800000000E1
8.492147688E0,5.800000000E1
8.494771688E0,5.800000000E1
8.497396688E0,5.800000000E1
8.500020688E0,5.800000000E1
8.502645688E0,5.800000000E1
8.505269688E0,5.800000000E1
8.507894688E0,5.800000000E1
8.510518688E0,5.800000000E1
8.513143688E0,5.800000000E1
8.515767688E0,5.800000000E1
8.518392688E0,5.800000000E1
8.521016688E0,5.800000000E1
8.523641688E0,5.800000000E1
8.526265688E0,5.800000000E1
8.528890688E0,5.800000000E1
8.531514688E0,5.800000000E1
8.534139688E0,5.800000000E1
8.536763688E0,5.800000000E1
8.539388688E0,5.800000000E1
8.542012688E0,5.800000000E1
8.544637688E0,5.800000000E1
8.547261688E0,5.800000000E1
8.549886688E0,5.800000000E1
8.552510688E0,5.800000000E1
8.555135688E0,5.800000000E1
8.557759688E0,5.800000000E1
8.560384688E0,5.800000000E1
8.563008688E0,5.800000000E1
8.565633688E0,5.800000000E1
8.568257688E0,5.800000000E1
8.570882688E0,5.800000000E1
8.573506688E0,5.800000000E1
8.576131688E0,5.800000000E1
8.578755688E0,5.800000000E1
8.581380688E0,5.800000000E1
8.584005688E0,5.800000000E1
8.586629688E0,5.800000000E1
8.589254688E0,5.800000000E1
8.591878688E0,5.800000000E1
8.594503688E0,5.800000000E1
8.597127688E0,5.150000000E1
8.599752688E0,5.150000000E1
8.602376688E0,5.150000000E1
8.605001688E0,5.150000000E1
8.607625688E0,5.150000000E1
8.610250688E0,5.150000000E1
8.612874688E0,5.150000000E1
8.615499688E0,5.150000000E1
8.618123688E0,5.150000000E1
8.620748688E0,5.150000000E1
8.623372688E0,5.150000000E1
8.625997688E0,5.150000000E1
8.628621688E0,5.150000000E1
8.631246688E0,5.150000000E1
8.633870688E0,5.150000000E1
8.636495688E0,5.150000000E1
8.639119688E0,5.150000000E1
8.641744688E0,5.150000000E1
8.644368688E0,5.150000000E1
8.646993688E0,5.800000000E1
8.649617688E0,5.800000000E1
8.652242688E0,5.800000000E1
8.654866688E0,5.800000000E1
8.657491688E0,5.800000000E1
8.660115688E0,5.800000000E1
8.662740688E0,5.800000000E1
8.665364688E0,5.800000000E1
8.667989688E0,5.800000000E1
8.670613688E0,5.800000000E1
8.673238688E0,5.800000000E1
8.675862688E0,5.800000000E1
8.678487688E0,5.800000000E1
8.681111688E0,5.800000000E1
8.683736688E0,5.800000000E1
8.686360688E0,5.800000000E1
8.688985688E0,5.800000000E1
8.691609688E0,5.800000000E1
8.694234688E0,5.800000000E1
8.696859688E0,5.800000000E1
8.699483688E0,5.800000000E1
8.702108688E0,5.800000000E1
8.704732688E0,5.800000000E1
8.707357688E0,5.800000000E1
8.709981688E0,5.800000000E1
8.712606688E0,5.800000000E1
8.715230688E0,5.800000000E1
8.717855688E0,5.800000000E1
8.720479688E0,5.800000000E1
8.723104688E0,5.800000000E1
8.725728688E0,5.800000000E1
8.728353688E0,5.800000000E1
8.730977688E0,5.800000000E1
8.733602688E0,5.800000000E1
8.736226688E0,5.800000000E1
8.738851688E0,5.800000000E1
8.741475688E0,5.800000000E1
8.744100688E0,5.800000000E1
8.746724688E0,5.800000000E1
8.749349688E0,5.800000000E1
8.751973688E0,5.800000000E1
8.754598688E0,5.800000000E1
8.757222688E0,5.800000000E1
8.759847688E0,5.800000000E1
8.762471688E0,5.800000000E1
8.765096688E0,5.800000000E1
8.767720688E0,5.800000000E1
8.770345688E0,5.800000000E1
8.772969688E0,5.800000000E1
8.775594688E0,5.800000000E1
8.778218688E0,5.800000000E1
8.780843688E0,5.800000000E1
8.783467688E0,5.800000000E1
8.786092688E0,5.800000000E1
8.788716688E0,5.800000000E1
8.791341688E0,5.800000000E1
8.793965688E0,5.800000000E1
8.796590688E0,5.800000000E1
8.799214688E0,5.800000000E1
8.801839688E0,5.800000000E1
8.804463688E0,5.800000000E1
8.807088688E0,5.800000000E1
8.809713688E0,5.800000000E1
8.812337688E0,5.800000000E1
8.814962688E0,5.800000000E1
8.817586688E0,5.800000000E1
8.820211688E0,5.800000000E1
8.822835688E0,5.800000000E1
8.825460688E0,5.800000000E1
8.828084688E0,5.800000000E1
8.830709688E0,5.800000000E1
8.833333688E0,5.800000000E1
8.835958688E0,5.800000000E1
8.838582688E0,5.800000000E1
8.841207688E0,5.800000000E1
8.843831688E0,5.800000000E1
8.846456688E0,5.800000000E1
8.849080688E0,5.800000000E1
8.851705688E0,5.800000000E1
8.854329688E0,5.800000000E1
8.856954688E0,5.800000000E1
8.859578688E0,5.800000000E1
8.862203688E0,5.800000000E1
8.864827688E0,5.800000000E1
8.867452688E0,5.800000000E1
8.870076688E0,5.800000000E1
8.872701688E0,5.800000000E1
8.875325688E0,5.800000000E1
8.877950688E0,5.800000000E1
8.880574688E0,5.800000000E1
8.883199688E0,5.800000000E1
8.885823688E0,5.800000000E1
8.888448688E0,5.800000000E1
8.891072688E0,5.800000000E1
8.893697688E0,5.800000000E1
8.896321688E0,5.800000000E1
8.898946688E0,5.800000000E1
8.901570688E0,5.800000000E1
8.904195688E0,5.800000000E1
8.906819688E0,5.800000000E1
8.909444688E0,5.800000000E1
8.912068688E0,5.800000000E1
8.914693688E0,5.800000000E1
8.917317688E0,5.800000000E1
8.919942688E0,5.800000000E1
8.922567688E0,5.800000000E1
8.925191688E0,5.800000000E1
8.927816688E0,5.800000000E1
8.930440688E0,5.800000000E1
8.933065688E0,5.800000000E1
8.935689688E0,5.800000000E1
8.938314688E0,5.800000000E1
8.940938688E0,5.800000000E1
8.943563688E0,5.800000000E1
8.946187688E0,5.800000000E1
8.948812688E0,5.800000000E1
8.951436688E0,5.800000000E1
8.954061688E0,5.800000000E1
8.956685688E0,5.800000000E1
8.959310688E0,5.800000000E1
8.961934688E0,5.800000000E1
8.964559688E0,5.800000000E1
8.967183688E0,5.800000000E1
8.969808688E0,5.800000000E1
8.972432688E0,5.800000000E1
8.975057688E0,5.800000000E1
8.977681688E0,5.800000000E1
8.980306688E0,5.800000000E1
8.982930688E0,5.800000000E1
8.985555688E0,5.800000000E1
8.988179688E0,5.800000000E1
8.990804688E0,5.800000000E1
8.993428688E0,5.800000000E1
8.996053688E0,5.800000000E1
8.998677688E0,5.800000000E1
9.001302688E0,5.800000000E1
9.003926688E0,5.800000000E1
9.006551688E0,5.800000000E1
9.009175688E0,5.800000000E1
9.011800688E0,5.800000000E1
9.014424688E0,5.800000000E1
9.017049688E0,5.800000000E1
9.019673688E0,5.800000000E1
9.022298688E0,5.800000000E1
9.024922688E0,5.800000000E1
9.027547688E0,5.800000000E1
9.030171688E0,5.800000000E1
9.032796688E0,5.800000000E1
9.035421688E0,5.800000000E1
9.038045688E0,5.800000000E1
9.040670688E0,5.800000000E1
9.043294688E0,5.800000000E1
9.045919688E0,5.800000000E1
9.048543688E0,5.800000000E1
9.051168688E0,5.800000000E1
9.053792688E0,5.800000000E1
9.056417688E0,5.150000000E1
9.059041688E0,5.150000000E1
9.061666688E0,5.150000000E1
9.064290688E0,5.150000000E1
9.066915688E0,5.150000000E1
9.069539688E0,5.150000000E1
9.072164688E0,5.150000000E1
9.074788688E0,5.150000000E1
9.077413688E0,5.150000000E1
9.080037688E0,5.800000000E1
9.082662688E0,5.800000000E1
9.085286688E0,5.800000000E1
9.087911688E0,5.800000000E1
9.090535688E0,5.800000000E1
9.093160688E0,5.800000000E1
9.095784688E0,5.800000000E1
9.098409688E0,5.800000000E1
9.101033688E0,5.800000000E1
9.103658688E0,5.800000000E1
9.106282688E0,5.800000000E1
9.108907688E0,5.800000000E1
9.111531688E0,5.800000000E1
9.114156688E0,5.800000000E1
9.116780688E0,5.800000000E1
9.119405688E0,5.800000000E1
9.122029688E0,5.800000000E1
9.124654688E0,5.800000000E1
9.127278688E0,5.800000000E1
9.129903688E0,5.800000000E1
9.132527688E0,5.800000000E1
9.135152688E0,5.800000000E1
9.137776688E0,5.800000000E1
9.140401688E0,5.800000000E1
9.143025688E0,5.800000000E1
9.145650688E0,5.800000000E1
9.148275688E0,5.800000000E1
9.150899688E0,5.800000000E1
9.153524688E0,5.800000000E1
9.156148688E0,5.800000000E1
9.158773688E0,5.800000000E1
9.161397688E0,5.800000000E1
9.164022688E0,5.800000000E1
9.166646688E0,5.800000000E1
9.169271688E0,5.800000000E1
9.171895688E0,5.800000000E1
9.174520688E0,5.800000000E1
9.177144688E0,5.800000000E1
9.179769688E0,5.800000000E1
9.182393688E0,5.800000000E1
9.185018688E0,5.800000000E1
9.187642688E0,5.800000000E1
9.190267688E0,5.800000000E1
9.192891688E0,5.800000000E1
9.195516688E0,5.800000000E1
9.198140688E0,5.800000000E1
9.200765688E0,5.800000000E1
9.203389688E0,5.800000000E1
9.206014688E0,5.800000000E1
9.208638688E0,5.800000000E1
9.211263688E0,5.800000000E1
9.213887688E0,5.800000000E1
9.216512688E0,5.800000000E1
9.219136688E0,5.800000000E1
9.221761688E0,5.800000000E1
9.224385688E0,5.800000000E1
9.227010688E0,5.800000000E1
9.229634688E0,5.800000000E1
9.232259688E0,5.800000000E1
9.234883688E0,5.800000000E1
9.237508688E0,5.800000000E1
9.240132688E0,5.800000000E1
9.242757688E0,5.800000000E1
9.245381688E0,5.800000000E1
9.248006688E0,5.800000000E1
9.250630688E0,5.800000000E1
9.253255688E0,5.800000000E1
9.255880688E0,5.800000000E1
9.258504688E0,5.800000000E1
9.261129688E0,5.800000000E1
9.263753688E0,5.800000000E1
9.266378688E0,5.800000000E1
9.269002688E0,5.800000000E1
9.271627688E0,5.800000000E1
9.274251688E0,5.800000000E1
9.276876688E0,5.800000000E1
9.279500688E0,5.800000000E1
9.282125688E0,5.800000000E1
9.284749688E0,5.800000000E1
9.287374688E0,5.800000000E1
9.289998688E0,5.800000000E1
9.292623688E0,5.800000000E1
9.295247688E0,5.800000000E1
9.297872688E0,5.800000000E1
9.300496688E0,5.800000000E1
9.303121688E0,5.800000000E1
9.305745688E0,5.800000000E1
9.308370688E0,5.150000000E1
9.310994688E0,5.150000000E1
9.313619688E0,5.150000000E1
9.316243688E0,5.150000000E1
9.318868688E0,5.150000000E1
9.321492688E0,5.150000000E1
9.324117688E0,5.150000000E1
9.326741688E0,5.150000000E1
9.329366688E0,5.150000000E1
9.331990688E0,5.150000000E1
9.334615688E0,5.800000000E1
9.337239688E0,5.800000000E1
9.339864688E0,5.800000000E1
9.342488688E0,5.800000000E1
9.345113688E0,5.800000000E1
9.347737688E0,5.800000000E1
9.350362688E0,5.800000000E1
9.352986688E0,5.800000000E1
9.355611688E0,5.800000000E1
9.358235688E0,5.800000000E1
9.360860688E0,5.150000000E1
9.363484688E0,5.150000000E1
9.366109688E0,5.150000000E1
9.368734688E0,5.150000000E1
9.371358688E0,5.150000000E1
9.373983688E0,5.150000000E1
9.376607688E0,5.150000000E1
9.379232688E0,5.150000000E1
9.381856688E0,5.150000000E1
9.384481688E0,5.150000000E1
9.387105688E0,5.800000000E1
9.389730688E0,5.800000000E1
9.392354688E0,5.800000000E1
9.394979688E0,5.800000000E1
9.397603688E0,5.800000000E1
9.400228688E0,5.800000000E1
9.402852688E0,5.800000000E1
9.405477688E0,5.800000000E1
9.408101688E0,5.800000000E1
9.410726688E0,5.800000000E1
9.413350688E0,5.800000000E1
9.415975688E0,5.800000000E1
9.418599688E0,5.800000000E1
9.421224688E0,5.800000000E1
9.423848688E0,5.800000000E1
9.426473688E0,5.800000000E1
9.429097688E0,5.800000000E1
9.431722688E0,5.800000000E1
9.434346688E0,5.800000000E1
9.436971688E0,5.800000000E1
9.439595688E0,5.800000000E1
9.442220688E0,5.800000000E1
9.444844688E0,5.800000000E1
9.447469688E0,5.800000000E1
9.450093688E0,5.800000000E1
9.452718688E0,5.800000000E1
9.455342688E0,5.800000000E1
9.457967688E0,5.800000000E1
9.460591688E0,5.800000000E1
9.463216688E0,5.150000000E1
9.465840688E0,5.150000000E1
9.468465688E0,5.150000000E1
9.471089688E0,5.150000000E1
9.473714688E0,5.150000000E1
9.476338688E0,5.150000000E1
9.478963688E0,5.150000000E1
9.481588688E0,5.150000000E1
9.484212688E0,5.150000000E1
9.486837688E0,5.800000000E1
9.489461688E0,5.800000000E1
9.492086688E0,5.800000000E1
9.494710688E0,5.800000000E1
9.497335688E0,5.800000000E1
9.499959688E0,5.800000000E1
9.502584688E0,5.800000000E1
9.505208688E0,5.800000000E1
9.507833688E0,5.800000000E1
9.510457688E0,5.800000000E1
9.513082688E0,5.800000000E1
9.515706688E0,5.800000000E1
9.518331688E0,5.800000000E1
9.520955688E0,5.800000000E1
9.523580688E0,5.800000000E1
9.526204688E0,5.800000000E1
9.528829688E0,5.800000000E1
9.531453688E0,5.800000000E1
9.534078688E0,5.800000000E1
9.536702688E0,5.800000000E1
9.539327688E0,5.800000000E1
9.541951688E0,5.800000000E1
9.544576688E0,5.800000000E1
9.547200688E0,5.800000000E1
9.549825688E0,5.800000000E1
9.552449688E0,5.800000000E1
9.555074688E0,5.800000000E1
9.557698688E0,5.800000000E1
9.560323688E0,5.800000000E1
9.562947688E0,5.800000000E1
9.565572688E0,5.800000000E1
9.568196688E0,5.800000000E1
9.570821688E0,5.800000000E1
9.573445688E0,5.800000000E1
9.576070688E0,5.800000000E1
9.578694688E0,5.800000000E1
9.581319688E0,5.800000000E1
9.583943688E0,5.800000000E1
9.586568688E0,5.800000000E1
9.589192688E0,5.800000000E1
9.591817688E0,5.800000000E1
9.594442688E0,5.800000000E1
9.597066688E0,5.800000000E1
9.599691688E0,5.800000000E1
9.602315688E0,5.800000000E1
9.604940688E0,5.800000000E1
9.607564688E0,5.800000000E1
9.610189688E0,5.800000000E1
9.612813688E0,5.800000000E1
9.615438688E0,5.800000000E1
9.618062688E0,5.800000000E1
9.620687688E0,5.800000000E1
9.623311688E0,5.800000000E1
9.625936688E0,5.800000000E1
9.628560688E0,5.800000000E1
9.631185688E0,5.800000000E1
9.633809688E0,5.800000000E1
9.636434688E0,5.800000000E1
9.639058688E0,5.800000000E1
9.641683688E0,5.800000000E1
9.644307688E0,5.800000000E1
9.646932688E0,5.800000000E1
9.649556688E0,5.800000000E1
9.652181688E0,5.800000000E1
9.654805688E0,5.800000000E1
9.657430688E0,5.800000000E1
9.660054688E0,5.800000000E1
9.662679688E0,5.800000000E1
9.665303688E0,5.800000000E1
9.667928688E0,5.800000000E1
9.670552688E0,5.800000000E1
9.673177688E0,5.800000000E1
9.675801688E0,5.800000000E1
9.678426688E0,5.800000000E1
9.681050688E0,5.800000000E1
9.683675688E0,5.800000000E1
9.686299688E0,5.800000000E1
9.688924688E0,5.800000000E1
9.691548688E0,5.800000000E1
9.694173688E0,5.800000000E1
9.696797688E0,5.800000000E1
9.699422688E0,5.800000000E1
9.702046688E0,5.800000000E1
9.704671688E0,5.800000000E1
9.707296688E0,5.800000000E1
9.709920688E0,5.800000000E1
9.712545688E0,5.800000000E1
9.715169688E0,5.800000000E1
9.717794688E0,5.800000000E1
9.720418688E0,5.800000000E1
9.723043688E0,5.800000000E1
9.725667688E0,5.800000000E1
9.728292688E0,5.800000000E1
9.730916688E0,5.800000000E1
9.733541688E0,5.800000000E1
9.736165688E0,5.800000000E1
9.738790688E0,5.800000000E1
9.741414688E0,5.800000000E1
9.744039688E0,5.800000000E1
9.746663688E0,5.800000000E1
9.749288688E0,5.800000000E1
9.751912688E0,5.800000000E1
9.754537688E0,5.800000000E1
9.757161688E0,5.800000000E1
9.759786688E0,5.800000000E1
9.762410688E0,5.800000000E1
9.765035688E0,5.800000000E1
9.767659688E0,5.150000000E1
9.770284688E0,5.150000000E1
9.772908688E0,5.150000000E1
9.775533688E0,5.150000000E1
9.778157688E0,5.150000000E1
9.780782688E0,5.150000000E1
9.783406688E0,5.150000000E1
9.786031688E0,5.150000000E1
9.788655688E0,5.150000000E1
9.791280688E0,5.800000000E1
9.793904688E0,5.800000000E1
9.796529688E0,5.800000000E1
9.799153688E0,5.800000000E1
9.801778688E0,5.800000000E1
9.804402688E0,5.800000000E1
9.807027688E0,5.800000000E1
9.809651688E0,5.800000000E1
9.812276688E0,5.800000000E1
9.814900688E0,5.800000000E1
9.817525688E0,5.800000000E1
9.820150688E0,5.800000000E1
9.822774688E0,5.800000000E1
9.825399688E0,5.800000000E1
9.828023688E0,5.800000000E1
9.830648688E0,5.800000000E1
9.833272688E0,5.800000000E1
9.835897688E0,5.800000000E1
9.838521688E0,5.800000000E1
9.841146688E0,5.800000000E1
9.843770688E0,5.800000000E1
9.846395688E0,5.800000000E1
9.849019688E0,5.800000000E1
9.851644688E0,5.800000000E1
9.854268688E0,5.800000000E1
9.856893688E0,5.800000000E1
9.859517688E0,5.800000000E1
9.862142688E0,5.800000000E1
9.864766688E0,5.800000000E1
9.867391688E0,5.800000000E1
9.870015688E0,5.800000000E1
9.872640688E0,5.800000000E1
9.875264688E0,5.800000000E1
9.877889688E0,5.800000000E1
9.880513688E0,5.800000000E1
9.883138688E0,5.800000000E1
9.885762688E0,5.800000000E1
9.888387688E0,5.800000000E1
9.891011688E0,5.800000000E1
9.893636688E0,5.800000000E1
9.896260688E0,5.800000000E1
9.898885688E0,5.800000000E1
9.901509688E0,5.800000000E1
9.904134688E0,5.800000000E1
9.906758688E0,5.800000000E1
9.909383688E0,5.800000000E1
9.912007688E0,5.800000000E1
9.914632688E0,5.800000000E1
9.917256688E0,5.800000000E1
9.919881688E0,5.800000000E1
9.922505688E0,5.800000000E1
9.925130688E0,5.800000000E1
9.927755688E0,5.800000000E1
9.930379688E0,5.800000000E1
9.933004688E0,5.800000000E1
9.935628688E0,5.800000000E1
9.938253688E0,5.800000000E1
9.940877688E0,5.800000000E1
9.943502688E0,5.800000000E1
9.946126688E0,5.150000000E1
9.948751688E0,5.150000000E1
9.951375688E0,5.150000000E1
9.954000688E0,5.150000000E1
9.956624688E0,5.150000000E1
9.959249688E0,5.150000000E1
9.961873688E0,5.150000000E1
9.964498688E0,5.150000000E1
9.967122688E0,5.150000000E1
9.969747688E0,5.800000000E1
9.972371688E0,5.800000000E1
9.974996688E0,5.800000000E1
9.977620688E0,5.800000000E1
9.980245688E0,5.800000000E1
9.982869688E0,5.800000000E1
9.985494688E0,5.800000000E1
9.988118688E0,5.800000000E1
9.990743688E0,5.800000000E1
9.993367688E0,5.800000000E1
9.995992688E0,5.800000000E1
9.998616688E0,5.800000000E1
1.000124169E1,5.800000000E1
1.000386569E1,5.800000000E1
1.000649069E1,5.800000000E1
1.000911469E1,5.800000000E1
1.001173969E1,5.800000000E1
1.001436369E1,5.800000000E1
1.001698869E1,5.800000000E1
1.001961269E1,5.800000000E1
1.002223769E1,5.800000000E1
1.002486169E1,5.800000000E1
1.002748669E1,5.800000000E1
1.003011069E1,5.800000000E1
1.003273569E1,5.800000000E1
1.003535969E1,5.800000000E1
1.003798469E1,5.800000000E1
1.004060969E1,5.800000000E1
1.004323369E1,5.800000000E1
1.004585869E1,5.800000000E1
1.004848269E1,5.800000000E1
1.005110769E1,5.800000000E1
1.005373169E1,5.800000000E1
1.005635669E1,5.800000000E1
1.005898069E1,5.800000000E1
1.006160569E1,5.800000000E1
1.006422969E1,5.800000000E1
1.006685469E1,5.800000000E1
1.006947869E1,5.800000000E1
1.007210369E1,5.800000000E1
1.007472769E1,5.800000000E1
1.007735269E1,5.800000000E1
1.007997669E1,5.800000000E1
1.008260169E1,5.800000000E1
1.008522569E1,5.800000000E1
1.008785069E1,5.800000000E1
1.009047469E1,5.800000000E1
1.009309969E1,5.800000000E1
1.009572369E1,5.800000000E1
1.009834869E1,5.800000000E1
1.010097269E1,5.800000000E1
1.010359769E1,5.800000000E1
1.010622169E1,5.800000000E1
1.010884669E1,5.800000000E1
1.011147069E1,5.800000000E1
1.011409569E1,5.800000000E1
1.011671969E1,5.800000000E1
1.011934469E1,5.800000000E1
1.012196869E1,5.800000000E1
1.012459369E1,5.800000000E1
1.012721769E1,5.800000000E1
1.012984269E1,5.800000000E1
1.013246669E1,5.800000000E1
1.013509169E1,5.800000000E1
1.013771569E1,5.800000000E1
1.014034069E1,5.800000000E1
1.014296469E1,5.800000000E1
1.014558969E1,5.800000000E1
1.014821369E1,5.800000000E1
1.015083869E1,5.800000000E1
1.015346369E1,5.800000000E1
1.015608769E1,5.800000000E1
1.015871269E1,5.800000000E1
1.016133669E1,5.800000000E1
1.016396169E1,5.800000000E1
1.016658569E1,5.800000000E1
1.016921069E1,5.800000000E1
1.017183469E1,5.800000000E1
1.017445969E1,5.800000000E1
1.017708369E1,5.800000000E1
1.017970869E1,5.800000000E1
1.018233269E1,5.800000000E1
1.018495769E1,5.800000000E1
1.018758169E1,5.800000000E1
1.019020669E1,5.800000000E1
1.019283069E1,5.800000000E1
1.019545569E1,5.800000000E1
1.019807969E1,5.800000000E1
1.020070469E1,5.800000000E1
1.020332869E1,5.800000000E1
1.020595369E1,5.800000000E1
1.020857769E1,5.800000000E1
1.021120269E1,5.800000000E1
1.021382669E1,5.800000000E1
1.021645169E1,5.800000000E1
1.021907569E1,5.800000000E1
1.022170069E1,5.800000000E1
1.022432469E1,5.800000000E1
1.022694969E1,5.800000000E1
1.022957369E1,5.800000000E1
1.023219869E1,5.800000000E1
1.023482269E1,5.800000000E1
1.023744769E1,5.800000000E1
1.024007169E1,5.800000000E1
1.024269669E1,5.800000000E1
1.024532069E1,5.800000000E1
1.024794569E1,5.800000000E1
1.025056969E1,5.800000000E1
1.025319469E1,5.800000000E1
1.025581869E1,5.800000000E1
1.025844369E1,5.800000000E1
1.026106769E1,5.800000000E1
1.026369269E1,5.800000000E1
1.026631769E1,5.800000000E1
1.026894169E1,5.800000000E1
1.027156669E1,5.800000000E1
1.027419069E1,5.800000000E1
1.027681569E1,5.800000000E1
1.027943969E1,5.800000000E1
1.028206469E1,5.800000000E1
1.028468869E1,5.800000000E1
1.028731369E1,5.800000000E1
1.028993769E1,5.800000000E1
1.029256269E1,5.800000000E1
1.029518669E1,5.800000000E1
1.029781169E1,5.800000000E1
1.030043569E1,5.800000000E1
1.030306069E1,5.800000000E1
1.030568469E1,5.800000000E1
1.030830969E1,5.800000000E1
1.031093369E1,5.800000000E1
1.031355869E1,5.800000000E1
1.031618269E1,5.800000000E1
1.031880769E1,5.800000000E1
1.032143169E1,5.800000000E1
1.032405669E1,5.800000000E1
1.032668069E1,5.800000000E1
1.032930569E1,5.800000000E1
1.033192969E1,5.800000000E1
1.033455469E1,5.800000000E1
1.033717869E1,5.800000000E1
1.033980369E1,5.800000000E1
1.034242769E1,5.800000000E1
1.034505269E1,5.800000000E1
1.034767669E1,5.800000000E1
1.035030169E1,5.800000000E1
1.035292569E1,5.800000000E1
1.035555069E1,5.800000000E1
1.035817469E1,5.800000000E1
1.036079969E1,5.800000000E1
1.036342369E1,5.800000000E1
1.036604869E1,5.800000000E1
1.036867269E1,5.800000000E1
1.037129769E1,5.800000000E1
1.037392169E1,5.800000000E1
1.037654669E1,5.800000000E1
1.037917169E1,5.800000000E1
1.038179569E1,5.800000000E1
1.038442069E1,5.800000000E1
1.038704469E1,5.800000000E1
1.038966969E1,5.800000000E1
1.039229369E1,5.800000000E1
1.039491869E1,5.800000000E1
1.039754269E1,5.800000000E1
1.040016769E1,5.800000000E1
1.040279169E1,5.800000000E1
1.040541669E1,5.800000000E1
1.040804069E1,5.800000000E1
1.041066569E1,5.800000000E1
1.041328969E1,5.800000000E1
1.041591469E1,5.800000000E1
1.041853869E1,5.800000000E1
1.042116369E1,5.800000000E1
1.042378769E1,5.800000000E1
1.042641269E1,5.800000000E1
1.042903669E1,5.800000000E1
1.043166169E1,5.800000000E1
1.043428569E1,5.800000000E1
1.043691069E1,5.800000000E1
1.043953469E1,5.800000000E1
1.044215969E1,5.800000000E1
1.044478369E1,5.800000000E1
1.044740869E1,5.800000000E1
1.045003269E1,5.800000000E1
1.045265769E1,5.800000000E1
1.045528169E1,5.800000000E1
1.045790669E1,5.800000000E1
1.046053069E1,5.800000000E1
1.046315569E1,5.800000000E1
1.046577969E1,5.800000000E1
1.046840469E1,5.800000000E1
1.047102869E1,5.800000000E1
1.047365369E1,5.800000000E1
1.047627769E1,5.800000000E1
1.047890269E1,5.800000000E1
1.048152669E1,5.800000000E1
1.048415169E1,5.800000000E1
1.048677569E1,5.800000000E1
1.048940069E1,5.800000000E1
1.049202569E1,5.800000000E1
1.049464969E1,5.800000000E1
1.049727469E1,5.800000000E1
1.049989869E1,5.800000000E1
1.050252369E1,5.800000000E1
1.050514769E1,5.800000000E1
1.050777269E1,5.800000000E1
1.051039669E1,5.800000000E1
1.051302169E1,5.800000000E1
1.051564569E1,5.800000000E1
1.051827069E1,5.800000000E1
1.052089469E1,5.800000000E1
1.052351969E1,5.800000000E1
1.052614369E1,5.800000000E1
1.052876869E1,5.800000000E1
1.053139269E1,5.150000000E1
1.053401769E1,5.150000000E1
1.053664169E1,5.150000000E1
1.053926669E1,5.150000000E1
1.054189069E1,5.150000000E1
1.054451569E1,5.150000000E1
1.054713969E1,5.150000000E1
1.054976469E1,5.150000000E1
1.055238869E1,5.150000000E1
1.055501369E1,5.150000000E1
1.055763769E1,5.800000000E1
1.056026269E1,5.800000000E1
1.056288669E1,5.800000000E1
1.056551169E1,5.800000000E1
1.056813569E1,5.800000000E1
1.057076069E1,5.800000000E1
1.057338469E1,5.800000000E1
1.057600969E1,5.800000000E1
1.057863369E1,5.800000000E1
1.058125869E1,5.800000000E1
1.058388269E1,5.800000000E1
1.058650769E1,5.800000000E1
1.058913169E1,5.800000000E1
1.059175669E1,5.800000000E1
1.059438069E1,5.800000000E1
1.059700569E1,5.800000000E1
1.059963069E1,5.800000000E1
1.060225469E1,5.800000000E1
1.060487969E1,5.800000000E1
1.060750369E1,5.150000000E1
1.061012869E1,5.150000000E1
1.061275269E1,5.150000000E1
1.061537769E1,5.150000000E1
1.061800169E1,5.150000000E1
1.062062669E1,5.150000000E1
1.062325069E1,5.150000000E1
1.062587569E1,5.150000000E1
1.062849969E1,5.150000000E1
1.063112469E1,5.150000000E1
1.063374869E1,5.150000000E1
1.063637369E1,5.150000000E1
1.063899769E1,5.150000000E1
1.064162269E1,5.150000000E1
1.064424669E1,5.150000000E1
1.064687169E1,5.150000000E1
1.064949569E1,5.150000000E1
1.065212069E1,5.150000000E1
1.065474469E1,5.150000000E1
1.065736969E1,5.800000000E1
1.065999369E1,5.800000000E1
1.066261869E1,5.800000000E1
1.066524269E1,5.800000000E1
1.066786769E1,5.800000000E1
1.067049169E1,5.800000000E1
1.067311669E1,5.800000000E1
1.067574069E1,5.800000000E1
1.067836569E1,5.800000000E1
1.068098969E1,5.800000000E1
1.068361469E1,5.800000000E1
1.068623869E1,5.800000000E1
1.068886369E1,5.800000000E1
1.069148769E1,5.800000000E1
1.069411269E1,5.800000000E1
1.069673669E1,5.800000000E1
1.069936169E1,5.800000000E1
1.070198569E1,5.800000000E1
1.070461069E1,5.800000000E1
1.070723469E1,5.800000000E1
1.070985969E1,5.800000000E1
1.071248469E1,5.800000000E1
1.071510869E1,5.800000000E1
1.071773369E1,5.800000000E1
1.072035769E1,5.800000000E1
1.072298269E1,5.800000000E1
1.072560669E1,5.800000000E1
1.072823169E1,5.800000000E1
1.073085569E1,5.800000000E1
1.073348069E1,5.800000000E1
1.073610469E1,5.800000000E1
1.073872969E1,5.800000000E1
1.074135369E1,5.800000000E1
1.074397869E1,5.800000000E1
1.074660269E1,5.800000000E1
1.074922769E1,5.800000000E1
1.075185169E1,5.800000000E1
1.075447669E1,5.800000000E1
1.075710069E1,5.800000000E1
1.075972569E1,5.800000000E1
1.076234969E1,5.800000000E1
1.076497469E1,5.800000000E1
1.076759869E1,5.800000000E1
1.077022369E1,5.800000000E1
1.077284769E1,5.800000000E1
1.077547269E1,5.800000000E1
1.077809669E1,5.800000000E1
1.078072169E1,5.800000000E1
1.078334569E1,5.800000000E1
1.078597069E1,5.800000000E1
1.078859469E1,5.800000000E1
1.079121969E1,5.800000000E1
1.079384369E1,5.800000000E1
1.079646869E1,5.800000000E1
1.079909269E1,5.800000000E1
1.080171769E1,5.800000000E1
1.080434169E1,5.800000000E1
1.080696669E1,5.800000000E1
1.080959069E1,5.150000000E1
1.081221569E1,5.150000000E1
1.081483969E1,5.150000000E1
1.081746469E1,5.150000000E1
1.082008869E1,5.150000000E1
1.082271369E1,5.150000000E1
1.082533869E1,5.150000000E1
1.082796269E1,5.150000000E1
1.083058769E1,5.150000000E1
1.083321169E1,5.150000000E1
1.083583669E1,5.800000000E1
1.083846069E1,5.800000000E1
1.084108569E1,5.800000000E1
1.084370969E1,5.800000000E1
1.084633469E1,5.800000000E1
1.084895869E1,5.800000000E1
1.085158369E1,5.800000000E1
1.085420769E1,5.800000000E1
1.085683269E1,5.800000000E1
1.085945669E1,5.800000000E1
1.086208169E1,5.150000000E1
1.086470569E1,5.150000000E1
1.086733069E1,5.150000000E1
1.086995469E1,5.150000000E1
1.087257969E1,5.150000000E1
1.087520369E1,5.150000000E1
1.087782869E1,5.150000000E1
1.088045269E1,5.150000000E1
1.088307769E1,5.150000000E1
1.088570169E1,5.150000000E1
1.088832669E1,5.800000000E1
1.089095069E1,5.800000000E1
1.089357569E1,5.800000000E1
1.089619969E1,5.800000000E1
1.089882469E1,5.800000000E1
1.090144869E1,5.800000000E1
1.090407369E1,5.800000000E1
1.090669769E1,5.800000000E1
1.090932269E1,5.800000000E1
1.091194669E1,5.800000000E1
1.091457169E1,5.800000000E1
1.091719569E1,5.800000000E1
1.091982069E1,5.800000000E1
1.092244469E1,5.800000000E1
1.092506969E1,5.800000000E1
1.092769369E1,5.800000000E1
1.093031869E1,5.800000000E1
1.093294269E1,5.800000000E1
1.093556769E1,5.800000000E1
1.093819269E1,5.800000000E1
1.094081669E1,5.800000000E1
1.094344169E1,5.800000000E1
1.094606569E1,5.800000000E1
1.094869069E1,5.800000000E1
1.095131469E1,5.800000000E1
1.095393969E1,5.800000000E1
1.095656369E1,5.800000000E1
1.095918869E1,5.800000000E1
1.096181269E1,5.800000000E1
1.096443769E1,5.800000000E1
1.096706169E1,5.800000000E1
1.096968669E1,5.800000000E1
1.097231069E1,5.800000000E1
1.097493569E1,5.800000000E1
1.097755969E1,5.800000000E1
1.098018469E1,5.800000000E1
1.098280869E1,5.800000000E1
1.098543369E1,5.800000000E1
1.098805769E1,5.800000000E1
1.099068269E1,5.800000000E1
1.099330669E1,5.800000000E1
1.099593169E1,5.800000000E1
1.099855569E1,5.800000000E1
1.100118069E1,5.800000000E1
1.100380469E1,5.800000000E1
1.100642969E1,5.800000000E1
1.100905369E1,5.800000000E1
1.101167869E1,5.800000000E1
1.101430269E1,5.800000000E1
1.101692769E1,5.800000000E1
1.101955169E1,5.800000000E1
1.102217669E1,5.800000000E1
1.102480069E1,5.800000000E1
1.102742569E1,5.800000000E1
1.103004969E1,5.800000000E1
1.103267469E1,5.800000000E1
1.103529869E1,5.800000000E1
1.103792369E1,5.800000000E1
1.104054769E1,5.800000000E1
1.104317269E1,5.800000000E1
1.104579669E1,5.800000000E1
1.104842169E1,5.800000000E1
1.105104669E1,5.800000000E1
1.105367069E1,5.800000000E1
1.105629569E1,5.800000000E1
1.105891969E1,5.800000000E1
1.106154469E1,5.800000000E1
1.106416869E1,5.800000000E1
1.106679369E1,5.150000000E1
1.106941769E1,5.150000000E1
1.107204269E1,5.150000000E1
1.107466669E1,5.150000000E1
1.107729169E1,5.150000000E1
1.107991569E1,5.150000000E1
1.108254069E1,5.150000000E1
1.108516469E1,5.150000000E1
1.108778969E1,5.150000000E1
1.109041369E1,5.150000000E1
1.109303869E1,5.150000000E1
1.109566269E1,5.150000000E1
1.109828769E1,5.150000000E1
1.110091169E1,5.150000000E1
1.110353669E1,5.150000000E1
1.110616069E1,5.150000000E1
1.110878569E1,5.150000000E1
1.111140969E1,5.150000000E1
1.111403469E1,5.150000000E1
1.111665869E1,5.800000000E1
1.111928369E1,5.800000000E1
1.112190769E1,5.800000000E1
1.112453269E1,5.800000000E1
1.112715669E1,5.800000000E1
1.112978169E1,5.800000000E1
1.113240569E1,5.800000000E1
1.113503069E1,5.800000000E1
1.113765469E1,5.800000000E1
1.114027969E1,5.800000000E1
1.114290369E1,5.800000000E1
1.114552869E1,5.800000000E1
1.114815269E1,5.800000000E1
1.115077769E1,5.800000000E1
1.115340169E1,5.800000000E1
1.115602669E1,5.800000000E1
1.115865069E1,5.800000000E1
1.116127569E1,5.800000000E1
1.116390069E1,5.800000000E1
1.116652469E1,5.800000000E1
1.116914969E1,5.800000000E1
1.117177369E1,5.800000000E1
1.117439869E1,5.800000000E1
1.117702269E1,5.800000000E1
1.117964769E1,5.800000000E1
1.118227169E1,5.800000000E1
1.118489669E1,5.800000000E1
1.118752069E1,5.800000000E1
1.119014569E1,5.800000000E1
1.119276969E1,5.800000000E1
1.119539469E1,5.800000000E1
1.119801869E1,5.800000000E1
1.120064369E1,5.800000000E1
1.120326769E1,5.800000000E1
1.120589269E1,5.800000000E1
1.120851669E1,5.800000000E1
1.121114169E1,5.800000000E1
1.121376569E1,5.800000000E1
1.121639069E1,5.800000000E1
1.121901469E1,5.800000000E1
1.122163969E1,5.800000000E1
1.122426369E1,5.800000000E1
1.122688869E1,5.800000000E1
1.122951269E1,5.800000000E1
1.123213769E1,5.800000000E1
1.123476169E1,5.800000000E1
1.123738669E1,5.800000000E1
1.124001069E1,5.800000000E1
1.124263569E1,5.150000000E1
1.124525969E1,5.150000000E1
1.124788469E1,5.150000000E1
1.125050869E1,5.150000000E1
1.125313369E1,5.150000000E1
1.125575769E1,5.150000000E1
1.125838269E1,5.150000000E1
1.126100669E1,5.150000000E1
1.126363169E1,5.150000000E1
1.126625569E1,5.150000000E1
1.126888069E1,5.800000000E1
1.127150569E1,5.800000000E1
1.127412969E1,5.800000000E1
1.127675469E1,5.800000000E1
1.127937869E1,5.800000000E1
1.128200369E1,5.800000000E1
1.128462769E1,5.800000000E1
1.128725269E1,5.800000000E1
1.128987669E1,5.800000000E1
1.129250169E1,5.800000000E1
1.129512569E1,5.150000000E1
1.129775069E1,5.150000000E1
1.130037469E1,5.150000000E1
1.130299969E1,5.150000000E1
1.130562369E1,5.150000000E1
1.130824869E1,5.150000000E1
1.131087269E1,5.150000000E1
1.131349769E1,5.150000000E1
1.131612169E1,5.150000000E1
1.131874669E1,5.150000000E1
1.132137069E1,5.800000000E1
1.132399569E1,5.800000000E1
1.132661969E1,5.800000000E1
1.132924469E1,5.800000000E1
1.133186869E1,5.800000000E1
1.133449369E1,5.800000000E1
1.133711769E1,5.800000000E1
1.133974269E1,5.800000000E1
1.134236669E1,5.800000000E1
1.134499169E1,5.150000000E1
1.134761569E1,5.150000000E1
1.135024069E1,5.150000000E1
1.135286469E1,5.150000000E1
1.135548969E1,5.150000000E1
1.135811369E1,5.150000000E1
1.136073869E1,5.150000000E1
1.136336269E1,5.150000000E1
1.136598769E1,5.150000000E1
1.136861169E1,5.150000000E1
1.137123669E1,5.800000000E1
1.137386069E1,5.800000000E1
1.137648569E1,5.800000000E1
1.137910969E1,5.800000000E1
1.138173469E1,5.800000000E1
1.138435969E1,5.800000000E1
1.138698369E1,5.800000000E1
1.138960869E1,5.800000000E1
1.139223269E1,5.800000000E1
1.139485769E1,5.800000000E1
1.139748169E1,5.150000000E1
1.140010669E1,5.150000000E1
1.140273069E1,5.150000000E1
1.140535569E1,5.150000000E1
1.140797969E1,5.150000000E1
1.141060469E1,5.150000000E1
1.141322869E1,5.150000000E1
1.141585369E1,5.150000000E1
1.141847769E1,5.150000000E1
1.142110269E1,5.800000000E1
1.142372669E1,5.800000000E1
1.142635169E1,5.800000000E1
1.142897569E1,5.800000000E1
1.143160069E1,5.800000000E1
1.143422469E1,5.800000000E1
1.143684969E1,5.800000000E1
1.143947369E1,5.800000000E1
1.144209869E1,5.800000000E1
1.144472269E1,5.800000000E1
1.144734769E1,5.800000000E1
1.144997169E1,5.800000000E1
1.145259669E1,5.800000000E1
1.145522069E1,5.800000000E1
1.145784569E1,5.800000000E1
1.146046969E1,5.800000000E1
1.146309469E1,5.800000000E1
1.146571869E1,5.800000000E1
1.146834369E1,5.800000000E1
1.147096769E1,5.800000000E1
1.147359269E1,5.800000000E1
1.147621669E1,5.800000000E1
1.147884169E1,5.800000000E1
1.148146569E1,5.800000000E1
1.148409069E1,5.800000000E1
1.148671469E1,5.800000000E1
1.148933969E1,5.800000000E1
1.149196369E1,5.800000000E1
1.149458869E1,5.800000000E1
1.149721369E1,5.800000000E1
1.149983769E1,5.800000000E1
1.150246269E1,5.800000000E1
1.150508669E1,5.800000000E1
1.150771169E1,5.800000000E1
1.151033569E1,5.800000000E1
1.151296069E1,5.800000000E1
1.151558469E1,5.800000000E1
1.151820969E1,5.800000000E1
1.152083369E1,5.800000000E1
1.152345869E1,5.800000000E1
1.152608269E1,5.800000000E1
1.152870769E1,5.800000000E1
1.153133169E1,5.800000000E1
1.153395669E1,5.800000000E1
1.153658069E1,5.800000000E1
1.153920569E1,5.800000000E1
1.154182969E1,5.800000000E1
1.154445469E1,5.800000000E1
1.154707869E1,5.800000000E1
1.154970369E1,5.800000000E1
1.155232769E1,5.800000000E1
1.155495269E1,5.800000000E1
1.155757669E1,5.800000000E1
1.156020169E1,5.800000000E1
1.156282569E1,5.800000000E1
1.156545069E1,5.800000000E1
1.156807469E1,5.800000000E1
1.157069969E1,5.800000000E1
1.157332369E1,5.800000000E1
1.157594869E1,5.800000000E1
1.157857269E1,5.800000000E1
1.158119769E1,5.800000000E1
1.158382169E1,5.800000000E1
1.158644669E1,5.800000000E1
1.158907069E1,5.800000000E1
1.159169569E1,5.800000000E1
1.159431969E1,5.800000000E1
1.159694469E1,5.800000000E1
1.159956869E1,5.800000000E1
1.160219369E1,5.800000000E1
1.160481769E1,5.800000000E1
1.160744269E1,5.800000000E1
1.161006769E1,5.800000000E1
1.161269169E1,5.800000000E1
1.161531669E1,5.800000000E1
1.161794069E1,5.800000000E1
1.162056569E1,5.800000000E1
1.162318969E1,5.800000000E1
1.162581469E1,5.800000000E1
1.162843869E1,5.800000000E1
1.163106369E1,5.800000000E1
1.163368769E1,5.800000000E1
1.163631269E1,5.800000000E1
1.163893669E1,5.800000000E1
1.164156169E1,5.800000000E1
1.164418569E1,5.800000000E1
1.164681069E1,5.800000000E1
1.164943469E1,5.800000000E1
1.165205969E1,5.800000000E1
1.165468369E1,5.800000000E1
1.165730869E1,5.800000000E1
1.165993269E1,5.800000000E1
1.166255769E1,5.800000000E1
1.166518169E1,5.800000000E1
1.166780669E1,5.800000000E1
1.167043069E1,5.800000000E1
1.167305569E1,5.800000000E1
1.167567969E1,5.800000000E1
1.167830469E1,5.800000000E1
1.168092869E1,5.800000000E1
1.168355369E1,5.800000000E1
1.168617769E1,5.800000000E1
1.168880269E1,5.800000000E1
1.169142669E1,5.800000000E1
1.169405169E1,5.800000000E1
1.169667569E1,5.800000000E1
1.169930069E1,5.800000000E1
1.170192469E1,5.800000000E1
1.170454969E1,5.800000000E1
1.170717369E1,5.800000000E1
1.170979869E1,5.800000000E1
1.171242269E1,5.800000000E1
1.171504769E1,5.800000000E1
1.171767169E1,5.800000000E1
1.172029669E1,5.800000000E1
1.172292169E1,5.800000000E1
1.172554569E1,5.800000000E1
1.172817069E1,5.800000000E1
1.173079469E1,5.800000000E1
1.173341969E1,5.800000000E1
1.173604369E1,5.800000000E1
1.173866869E1,5.800000000E1
1.174129269E1,5.800000000E1
1.174391769E1,5.800000000E1
1.174654169E1,5.800000000E1
1.174916669E1,5.800000000E1
1.175179069E1,5.800000000E1
1.175441569E1,5.800000000E1
1.175703969E1,5.800000000E1
1.175966469E1,5.800000000E1
1.176228869E1,5.800000000E1
1.176491369E1,5.800000000E1
1.176753769E1,5.800000000E1
1.177016269E1,5.800000000E1
1.177278669E1,5.800000000E1
1.177541169E1,5.800000000E1
1.177803569E1,5.800000000E1
1.178066069E1,5.800000000E1
1.178328469E1,5.800000000E1
1.178590969E1,5.800000000E1
1.178853369E1,5.800000000E1
1.179115869E1,5.800000000E1
1.179378269E1,5.800000000E1
1.179640769E1,5.800000000E1
1.179903169E1,5.800000000E1
1.180165669E1,5.800000000E1
1.180428069E1,5.800000000E1
1.180690569E1,5.800000000E1
1.180952969E1,5.800000000E1
1.181215469E1,5.800000000E1
1.181477869E1,5.800000000E1
1.181740369E1,5.800000000E1
1.182002769E1,5.800000000E1
1.182265269E1,5.800000000E1
1.182527669E1,5.800000000E1
1.182790169E1,5.800000000E1
1.183052569E1,5.800000000E1
1.183315069E1,5.800000000E1
1.183577569E1,5.800000000E1
1.183839969E1,5.800000000E1
1.184102469E1,5.800000000E1
1.184364869E1,5.800000000E1
1.184627369E1,5.800000000E1
1.184889769E1,5.800000000E1
1.185152269E1,5.800000000E1
1.185414669E1,5.800000000E1
1.185677169E1,5.800000000E1
1.185939569E1,5.800000000E1
1.186202069E1,5.800000000E1
1.186464469E1,5.800000000E1
1.186726969E1,5.800000000E1
1.186989369E1,5.800000000E1
1.187251869E1,5.800000000E1
1.187514269E1,5.800000000E1
1.187776769E1,5.800000000E1
1.188039169E1,5.800000000E1
1.188301669E1,5.800000000E1
1.188564069E1,5.800000000E1
1.188826569E1,5.800000000E1
1.189088969E1,5.800000000E1
1.189351469E1,5.800000000E1
1.189613869E1,5.800000000E1
1.189876369E1,5.800000000E1
1.190138769E1,5.800000000E1
1.190401269E1,5.800000000E1
1.190663669E1,5.150000000E1
1.190926169E1,5.150000000E1
1.191188569E1,5.150000000E1
1.191451069E1,5.150000000E1
1.191713469E1,5.150000000E1
1.191975969E1,5.150000000E1
1.192238369E1,5.150000000E1
1.192500869E1,5.150000000E1
1.192763269E1,5.150000000E1
1.193025769E1,5.800000000E1
1.193288169E1,5.800000000E1
1.193550669E1,5.800000000E1
1.193813069E1,5.800000000E1
1.194075569E1,5.800000000E1
1.194338069E1,5.800000000E1
1.194600469E1,5.800000000E1
1.194862969E1,5.800000000E1
1.195125369E1,5.800000000E1
1.195387869E1,5.800000000E1
1.195650269E1,5.800000000E1
1.195912769E1,5.800000000E1
1.196175169E1,5.800000000E1
1.196437669E1,5.800000000E1
1.196700069E1,5.800000000E1
1.196962569E1,5.800000000E1
1.197224969E1,5.800000000E1
1.197487469E1,5.800000000E1
1.197749869E1,5.800000000E1
1.198012369E1,5.800000000E1
1.198274769E1,5.800000000E1
1.198537269E1,5.800000000E1
1.198799669E1,5.800000000E1
1.199062169E1,5.800000000E1
1.199324569E1,5.800000000E1
1.199587069E1,5.800000000E1
1.199849469E1,5.800000000E1
1.200111969E1,5.800000000E1
1.200374369E1,5.800000000E1
1.200636869E1,5.800000000E1
1.200899269E1,5.800000000E1
1.201161769E1,5.800000000E1
1.201424169E1,5.800000000E1
1.201686669E1,5.800000000E1
1.201949069E1,5.800000000E1
1.202211569E1,5.800000000E1
1.202473969E1,5.800000000E1
1.202736469E1,5.800000000E1
1.202998869E1,5.800000000E1
1.203261369E1,5.800000000E1
1.203523769E1,5.800000000E1
1.203786269E1,5.800000000E1
1.204048669E1,5.800000000E1
1.204311169E1,5.800000000E1
1.204573569E1,5.800000000E1
1.204836069E1,5.800000000E1
1.205098469E1,5.800000000E1
1.205360969E1,5.800000000E1
1.205623469E1,5.800000000E1
1.205885869E1,5.800000000E1
1.206148369E1,5.800000000E1
1.206410769E1,5.800000000E1
1.206673269E1,5.800000000E1
1.206935669E1,5.800000000E1
1.207198169E1,5.800000000E1
1.207460569E1,5.800000000E1
1.207723069E1,5.800000000E1
1.207985469E1,5.800000000E1
1.208247969E1,5.150000000E1
1.208510369E1,5.150000000E1
1.208772869E1,5.150000000E1
1.209035269E1,5.150000000E1
1.209297769E1,5.150000000E1
1.209560169E1,5.150000000E1
1.209822669E1,5.150000000E1
1.210085069E1,5.150000000E1
1.210347569E1,5.150000000E1
1.210609969E1,5.150000000E1
1.210872469E1,5.800000000E1
1.211134869E1,5.800000000E1
1.211397369E1,5.800000000E1
1.211659769E1,5.800000000E1
1.211922269E1,5.800000000E1
1.212184669E1,5.800000000E1
1.212447169E1,5.800000000E1
1.212709569E1,5.800000000E1
