	profile_A
n	x	y	luma
0.000000E0	7.889187E0	6.047479E-1	6.273957E0
1.000000E0	7.885498E0	6.047479E-1	6.979443E0
2.000000E0	7.881809E0	6.047479E-1	8.453913E0
3.000000E0	7.878119E0	6.047479E-1	8.030176E0
4.000000E0	7.874430E0	6.047479E-1	8.471160E0
5.000000E0	7.870741E0	6.047479E-1	7.690955E0
6.000000E0	7.867052E0	6.047479E-1	6.258352E0
7.000000E0	7.863363E0	6.047479E-1	6.033925E0
8.000000E0	7.859674E0	6.047479E-1	6.863821E0
9.000000E0	7.855984E0	6.047479E-1	6.843308E0
1.000000E1	7.852295E0	6.047479E-1	6.665348E0
1.100000E1	7.848606E0	6.047479E-1	6.366860E0
1.200000E1	7.844917E0	6.047479E-1	5.815592E0
1.300000E1	7.841228E0	6.047479E-1	6.225544E0
1.400000E1	7.837538E0	6.047479E-1	6.739867E0
1.500000E1	7.833849E0	6.047479E-1	7.161609E0
1.600000E1	7.830160E0	6.047479E-1	8.090946E0
1.700000E1	7.826471E0	6.047479E-1	6.534661E0
1.800000E1	7.822782E0	6.047479E-1	6.905793E0
1.900000E1	7.819092E0	6.047479E-1	6.894616E0
2.000000E1	7.815403E0	6.047479E-1	6.751400E0
2.100000E1	7.811714E0	6.047479E-1	8.398263E0
2.200000E1	7.808025E0	6.047479E-1	7.798103E0
2.300000E1	7.804336E0	6.047479E-1	8.045889E0
2.400000E1	7.800646E0	6.047479E-1	8.052249E0
2.500000E1	7.796957E0	6.047479E-1	8.428280E0
2.600000E1	7.793268E0	6.047479E-1	6.939342E0
2.700000E1	7.789579E0	6.047479E-1	7.741143E0
2.800000E1	7.785890E0	6.047479E-1	7.645791E0
2.900000E1	7.782201E0	6.047479E-1	7.325089E0
3.000000E1	7.778511E0	6.047479E-1	6.411679E0
3.100000E1	7.774822E0	6.047479E-1	6.074761E0
3.200000E1	7.771133E0	6.047479E-1	5.895934E0
3.300000E1	7.767444E0	6.047479E-1	6.974340E0
3.400000E1	7.763755E0	6.047479E-1	7.448460E0
3.500000E1	7.760065E0	6.047479E-1	8.138308E0
3.600000E1	7.756376E0	6.047479E-1	7.357550E0
3.700000E1	7.752687E0	6.047479E-1	6.873881E0
3.800000E1	7.748998E0	6.047479E-1	6.821423E0
3.900000E1	7.745309E0	6.047479E-1	5.602001E0
4.000000E1	7.741619E0	6.047479E-1	6.423302E0
4.100000E1	7.737930E0	6.047479E-1	6.554965E0
4.200000E1	7.734241E0	6.047479E-1	7.493983E0
4.300000E1	7.730552E0	6.047479E-1	7.872099E0
4.400000E1	7.726863E0	6.047479E-1	6.960656E0
4.500000E1	7.723173E0	6.047479E-1	8.250740E0
4.600000E1	7.719484E0	6.047479E-1	9.242179E0
4.700000E1	7.715795E0	6.047479E-1	6.464477E0
4.800000E1	7.712106E0	6.047479E-1	6.476141E0
4.900000E1	7.708417E0	6.047479E-1	7.319705E0
5.000000E1	7.704727E0	6.047479E-1	7.437941E0
5.100000E1	7.701038E0	6.047479E-1	7.717470E0
5.200000E1	7.697349E0	6.047479E-1	7.442737E0
5.300000E1	7.693660E0	6.047479E-1	7.623218E0
5.400000E1	7.689971E0	6.047479E-1	8.562694E0
5.500000E1	7.686282E0	6.047479E-1	7.823459E0
5.600000E1	7.682592E0	6.047479E-1	6.756728E0
5.700000E1	7.678903E0	6.047479E-1	6.685463E0
5.800000E1	7.675214E0	6.047479E-1	6.077489E0
5.900000E1	7.671525E0	6.047479E-1	7.615632E0
6.000000E1	7.667836E0	6.047479E-1	8.077625E0
6.100000E1	7.664146E0	6.047479E-1	7.303574E0
6.200000E1	7.660457E0	6.047479E-1	6.325241E0
6.300000E1	7.656768E0	6.047479E-1	6.367916E0
6.400000E1	7.653079E0	6.047479E-1	7.039124E0
6.500000E1	7.649390E0	6.047479E-1	7.887378E0
6.600000E1	7.645700E0	6.047479E-1	6.732533E0
6.700000E1	7.642011E0	6.047479E-1	6.321678E0
6.800000E1	7.638322E0	6.047479E-1	6.900104E0
6.900000E1	7.634633E0	6.047479E-1	7.593373E0
7.000000E1	7.630944E0	6.047479E-1	8.651740E0
7.100000E1	7.627254E0	6.047479E-1	7.660403E0
7.200000E1	7.623565E0	6.047479E-1	7.358177E0
7.300000E1	7.619876E0	6.047479E-1	8.306400E0
7.400000E1	7.616187E0	6.047479E-1	8.104465E0
7.500000E1	7.612498E0	6.047479E-1	7.931282E0
7.600000E1	7.608809E0	6.047479E-1	8.110233E0
7.700000E1	7.605119E0	6.047479E-1	8.187580E0
7.800000E1	7.601430E0	6.047479E-1	7.539739E0
7.900000E1	7.597741E0	6.047479E-1	7.245126E0
8.000000E1	7.594052E0	6.047479E-1	7.960214E0
8.100000E1	7.590363E0	6.047479E-1	8.607317E0
8.200000E1	7.586673E0	6.047479E-1	7.628508E0
8.300000E1	7.582984E0	6.047479E-1	6.462600E0
8.400000E1	7.579295E0	6.047479E-1	6.843607E0
8.500000E1	7.575606E0	6.047479E-1	6.419287E0
8.600000E1	7.571917E0	6.047479E-1	7.041905E0
8.700000E1	7.568227E0	6.047479E-1	7.382894E0
8.800000E1	7.564538E0	6.047479E-1	7.111755E0
8.900000E1	7.560849E0	6.047479E-1	8.421965E0
9.000000E1	7.557160E0	6.047479E-1	8.016003E0
9.100000E1	7.553471E0	6.047479E-1	7.026442E0
9.200000E1	7.549781E0	6.047479E-1	6.959875E0
9.300000E1	7.546092E0	6.047479E-1	7.918517E0
9.400000E1	7.542403E0	6.047479E-1	8.424981E0
9.500000E1	7.538714E0	6.047479E-1	7.229927E0
9.600000E1	7.535025E0	6.047479E-1	7.936934E0
9.700000E1	7.531336E0	6.047479E-1	8.072041E0
9.800000E1	7.527646E0	6.047479E-1	7.832973E0
9.900000E1	7.523957E0	6.047479E-1	7.225903E0
1.000000E2	7.520268E0	6.047479E-1	7.324094E0
1.010000E2	7.516579E0	6.047479E-1	7.368665E0
1.020000E2	7.512890E0	6.047479E-1	7.944387E0
1.030000E2	7.509200E0	6.047479E-1	9.335446E0
1.040000E2	7.505511E0	6.047479E-1	8.741594E0
1.050000E2	7.501822E0	6.047479E-1	7.499778E0
1.060000E2	7.498133E0	6.047479E-1	7.140336E0
1.070000E2	7.494444E0	6.047479E-1	7.650066E0
1.080000E2	7.490754E0	6.047479E-1	7.124020E0
1.090000E2	7.487065E0	6.047479E-1	7.191696E0
1.100000E2	7.483376E0	6.047479E-1	7.543564E0
1.110000E2	7.479687E0	6.047479E-1	7.439121E0
1.120000E2	7.475998E0	6.047479E-1	7.010788E0
1.130000E2	7.472308E0	6.047479E-1	8.139601E0
1.140000E2	7.468619E0	6.047479E-1	8.207725E0
1.150000E2	7.464930E0	6.047479E-1	7.330059E0
1.160000E2	7.461241E0	6.047479E-1	6.655083E0
1.170000E2	7.457552E0	6.047479E-1	6.965067E0
1.180000E2	7.453862E0	6.047479E-1	8.472057E0
1.190000E2	7.450173E0	6.047479E-1	9.202708E0
1.200000E2	7.446484E0	6.047479E-1	1.032562E1
1.210000E2	7.442795E0	6.047479E-1	7.644799E0
1.220000E2	7.439106E0	6.047479E-1	6.876622E0
1.230000E2	7.435417E0	6.047479E-1	7.351182E0
1.240000E2	7.431727E0	6.047479E-1	7.479661E0
1.250000E2	7.428038E0	6.047479E-1	8.941916E0
1.260000E2	7.424349E0	6.047479E-1	8.085353E0
1.270000E2	7.420660E0	6.047479E-1	7.138889E0
1.280000E2	7.416971E0	6.047479E-1	8.549469E0
1.290000E2	7.413281E0	6.047479E-1	1.049163E1
1.300000E2	7.409592E0	6.047479E-1	7.436102E0
1.310000E2	7.405903E0	6.047479E-1	7.869835E0
1.320000E2	7.402214E0	6.047479E-1	7.808275E0
1.330000E2	7.398525E0	6.047479E-1	7.212700E0
1.340000E2	7.394835E0	6.047479E-1	7.169014E0
1.350000E2	7.391146E0	6.047479E-1	7.440492E0
1.360000E2	7.387457E0	6.047479E-1	7.869354E0
1.370000E2	7.383768E0	6.047479E-1	6.970080E0
1.380000E2	7.380079E0	6.047479E-1	6.943043E0
1.390000E2	7.376389E0	6.047479E-1	8.968311E0
1.400000E2	7.372700E0	6.047479E-1	6.885300E0
1.410000E2	7.369011E0	6.047479E-1	7.593040E0
1.420000E2	7.365322E0	6.047479E-1	7.580427E0
1.430000E2	7.361633E0	6.047479E-1	7.412745E0
1.440000E2	7.357944E0	6.047479E-1	8.637906E0
1.450000E2	7.354254E0	6.047479E-1	8.141004E0
1.460000E2	7.350565E0	6.047479E-1	7.209398E0
1.470000E2	7.346876E0	6.047479E-1	6.039769E0
1.480000E2	7.343187E0	6.047479E-1	6.385183E0
1.490000E2	7.339498E0	6.047479E-1	5.530798E0
1.500000E2	7.335808E0	6.047479E-1	7.401657E0
1.510000E2	7.332119E0	6.047479E-1	7.008936E0
1.520000E2	7.328430E0	6.047479E-1	7.439201E0
1.530000E2	7.324741E0	6.047479E-1	6.291241E0
1.540000E2	7.321052E0	6.047479E-1	6.630081E0
1.550000E2	7.317362E0	6.047479E-1	6.729360E0
1.560000E2	7.313673E0	6.047479E-1	5.698600E0
1.570000E2	7.309984E0	6.047479E-1	5.577376E0
1.580000E2	7.306295E0	6.047479E-1	5.110329E0
1.590000E2	7.302606E0	6.047479E-1	5.511864E0
1.600000E2	7.298916E0	6.047479E-1	6.249989E0
1.610000E2	7.295227E0	6.047479E-1	7.547499E0
1.620000E2	7.291538E0	6.047479E-1	6.892179E0
1.630000E2	7.287849E0	6.047479E-1	6.937528E0
1.640000E2	7.284160E0	6.047479E-1	7.216088E0
1.650000E2	7.280471E0	6.047479E-1	8.293586E0
1.660000E2	7.276781E0	6.047479E-1	9.130876E0
1.670000E2	7.273092E0	6.047479E-1	7.437284E0
1.680000E2	7.269403E0	6.047479E-1	6.998330E0
1.690000E2	7.265714E0	6.047479E-1	7.624810E0
1.700000E2	7.262025E0	6.047479E-1	7.132141E0
1.710000E2	7.258335E0	6.047479E-1	8.294819E0
1.720000E2	7.254646E0	6.047479E-1	9.460370E0
1.730000E2	7.250957E0	6.047479E-1	8.742677E0
1.740000E2	7.247268E0	6.047479E-1	8.095552E0
1.750000E2	7.243579E0	6.047479E-1	8.349197E0
1.760000E2	7.239889E0	6.047479E-1	7.036132E0
1.770000E2	7.236200E0	6.047479E-1	7.336599E0
1.780000E2	7.232511E0	6.047479E-1	6.628629E0
1.790000E2	7.228822E0	6.047479E-1	6.419877E0
1.800000E2	7.225133E0	6.047479E-1	6.911707E0
1.810000E2	7.221443E0	6.047479E-1	8.806428E0
1.820000E2	7.217754E0	6.047479E-1	7.652369E0
1.830000E2	7.214065E0	6.047479E-1	6.957212E0
1.840000E2	7.210376E0	6.047479E-1	8.475853E0
1.850000E2	7.206687E0	6.047479E-1	8.233092E0
1.860000E2	7.202997E0	6.047479E-1	8.524198E0
1.870000E2	7.199308E0	6.047479E-1	8.437680E0
1.880000E2	7.195619E0	6.047479E-1	7.189458E0
1.890000E2	7.191930E0	6.047479E-1	8.442849E0
1.900000E2	7.188241E0	6.047479E-1	7.333611E0
1.910000E2	7.184552E0	6.047479E-1	7.303853E0
1.920000E2	7.180862E0	6.047479E-1	7.833812E0
1.930000E2	7.177173E0	6.047479E-1	7.706908E0
1.940000E2	7.173484E0	6.047479E-1	7.549652E0
1.950000E2	7.169795E0	6.047479E-1	7.855518E0
1.960000E2	7.166106E0	6.047479E-1	7.543367E0
1.970000E2	7.162416E0	6.047479E-1	6.940699E0
1.980000E2	7.158727E0	6.047479E-1	6.399395E0
1.990000E2	7.155038E0	6.047479E-1	7.039711E0
2.000000E2	7.151349E0	6.047479E-1	7.082189E0
2.010000E2	7.147660E0	6.047479E-1	7.251874E0
2.020000E2	7.143970E0	6.047479E-1	8.873257E0
2.030000E2	7.140281E0	6.047479E-1	9.200948E0
2.040000E2	7.136592E0	6.047479E-1	7.438311E0
2.050000E2	7.132903E0	6.047479E-1	5.580493E0
2.060000E2	7.129214E0	6.047479E-1	6.900726E0
2.070000E2	7.125524E0	6.047479E-1	8.319914E0
2.080000E2	7.121835E0	6.047479E-1	8.800282E0
2.090000E2	7.118146E0	6.047479E-1	9.328193E0
2.100000E2	7.114457E0	6.047479E-1	8.544768E0
2.110000E2	7.110768E0	6.047479E-1	8.601617E0
2.120000E2	7.107079E0	6.047479E-1	9.580026E0
2.130000E2	7.103389E0	6.047479E-1	7.647278E0
2.140000E2	7.099700E0	6.047479E-1	7.791027E0
2.150000E2	7.096011E0	6.047479E-1	7.592218E0
2.160000E2	7.092322E0	6.047479E-1	7.219690E0
2.170000E2	7.088633E0	6.047479E-1	7.762185E0
2.180000E2	7.084943E0	6.047479E-1	7.076516E0
2.190000E2	7.081254E0	6.047479E-1	7.286272E0
2.200000E2	7.077565E0	6.047479E-1	7.387682E0
2.210000E2	7.073876E0	6.047479E-1	7.471737E0
2.220000E2	7.070187E0	6.047479E-1	7.444935E0
2.230000E2	7.066497E0	6.047479E-1	7.642606E0
2.240000E2	7.062808E0	6.047479E-1	7.449951E0
2.250000E2	7.059119E0	6.047479E-1	7.155092E0
2.260000E2	7.055430E0	6.047479E-1	5.939611E0
2.270000E2	7.051741E0	6.047479E-1	5.676303E0
2.280000E2	7.048051E0	6.047479E-1	6.362204E0
2.290000E2	7.044362E0	6.047479E-1	8.937100E0
2.300000E2	7.040673E0	6.047479E-1	9.874403E0
2.310000E2	7.036984E0	6.047479E-1	9.242082E0
2.320000E2	7.033295E0	6.047479E-1	7.855247E0
2.330000E2	7.029606E0	6.047479E-1	7.616621E0
2.340000E2	7.025916E0	6.047479E-1	6.929833E0
2.350000E2	7.022227E0	6.047479E-1	6.967804E0
2.360000E2	7.018538E0	6.047479E-1	7.089862E0
2.370000E2	7.014849E0	6.047479E-1	6.256317E0
2.380000E2	7.011160E0	6.047479E-1	7.196010E0
2.390000E2	7.007470E0	6.047479E-1	8.377603E0
2.400000E2	7.003781E0	6.047479E-1	7.798926E0
2.410000E2	7.000092E0	6.047479E-1	7.455491E0
2.420000E2	6.996403E0	6.047479E-1	6.945914E0
2.430000E2	6.992714E0	6.047479E-1	6.275822E0
2.440000E2	6.989024E0	6.047479E-1	7.603848E0
2.450000E2	6.985335E0	6.047479E-1	8.347131E0
2.460000E2	6.981646E0	6.047479E-1	6.607550E0
2.470000E2	6.977957E0	6.047479E-1	6.949277E0
2.480000E2	6.974268E0	6.047479E-1	6.142649E0
2.490000E2	6.970578E0	6.047479E-1	6.444020E0
2.500000E2	6.966889E0	6.047479E-1	6.842469E0
2.510000E2	6.963200E0	6.047479E-1	6.151082E0
2.520000E2	6.959511E0	6.047479E-1	6.166909E0
2.530000E2	6.955822E0	6.047479E-1	7.917837E0
2.540000E2	6.952132E0	6.047479E-1	7.372584E0
2.550000E2	6.948443E0	6.047479E-1	7.269090E0
2.560000E2	6.944754E0	6.047479E-1	6.844768E0
2.570000E2	6.941065E0	6.047479E-1	7.916265E0
2.580000E2	6.937376E0	6.047479E-1	9.161039E0
2.590000E2	6.933687E0	6.047479E-1	8.023239E0
2.600000E2	6.929997E0	6.047479E-1	8.254971E0
2.610000E2	6.926308E0	6.047479E-1	7.690548E0
2.620000E2	6.922619E0	6.047479E-1	9.349542E0
2.630000E2	6.918930E0	6.047479E-1	8.491307E0
2.640000E2	6.915241E0	6.047479E-1	7.140424E0
2.650000E2	6.911551E0	6.047479E-1	7.423916E0
2.660000E2	6.907862E0	6.047479E-1	8.585374E0
2.670000E2	6.904173E0	6.047479E-1	9.094132E0
2.680000E2	6.900484E0	6.047479E-1	8.760342E0
2.690000E2	6.896795E0	6.047479E-1	8.769530E0
2.700000E2	6.893105E0	6.047479E-1	7.940773E0
2.710000E2	6.889416E0	6.047479E-1	7.199290E0
2.720000E2	6.885727E0	6.047479E-1	8.264898E0
2.730000E2	6.882038E0	6.047479E-1	8.476943E0
2.740000E2	6.878349E0	6.047479E-1	8.046249E0
2.750000E2	6.874659E0	6.047479E-1	8.151271E0
2.760000E2	6.870970E0	6.047479E-1	8.857661E0
2.770000E2	6.867281E0	6.047479E-1	7.099501E0
2.780000E2	6.863592E0	6.047479E-1	7.803775E0
2.790000E2	6.859903E0	6.047479E-1	8.337934E0
2.800000E2	6.856214E0	6.047479E-1	7.892745E0
2.810000E2	6.852524E0	6.047479E-1	7.899333E0
2.820000E2	6.848835E0	6.047479E-1	7.757528E0
2.830000E2	6.845146E0	6.047479E-1	8.603986E0
2.840000E2	6.841457E0	6.047479E-1	1.059145E1
2.850000E2	6.837768E0	6.047479E-1	9.378273E0
2.860000E2	6.834078E0	6.047479E-1	9.267304E0
2.870000E2	6.830389E0	6.047479E-1	8.874386E0
2.880000E2	6.826700E0	6.047479E-1	8.576132E0
2.890000E2	6.823011E0	6.047479E-1	8.559700E0
2.900000E2	6.819322E0	6.047479E-1	8.979824E0
2.910000E2	6.815632E0	6.047479E-1	9.819103E0
2.920000E2	6.811943E0	6.047479E-1	9.071384E0
2.930000E2	6.808254E0	6.047479E-1	9.451244E0
2.940000E2	6.804565E0	6.047479E-1	8.514802E0
2.950000E2	6.800876E0	6.047479E-1	9.439840E0
2.960000E2	6.797186E0	6.047479E-1	7.329675E0
2.970000E2	6.793497E0	6.047479E-1	6.838265E0
2.980000E2	6.789808E0	6.047479E-1	7.704830E0
2.990000E2	6.786119E0	6.047479E-1	8.532555E0
3.000000E2	6.782430E0	6.047479E-1	9.708287E0
3.010000E2	6.778741E0	6.047479E-1	9.435727E0
3.020000E2	6.775051E0	6.047479E-1	8.735864E0
3.030000E2	6.771362E0	6.047479E-1	8.920744E0
3.040000E2	6.767673E0	6.047479E-1	8.765427E0
3.050000E2	6.763984E0	6.047479E-1	8.980325E0
3.060000E2	6.760295E0	6.047479E-1	9.568220E0
3.070000E2	6.756605E0	6.047479E-1	9.865957E0
3.080000E2	6.752916E0	6.047479E-1	8.542058E0
3.090000E2	6.749227E0	6.047479E-1	9.738446E0
3.100000E2	6.745538E0	6.047479E-1	1.002864E1
3.110000E2	6.741849E0	6.047479E-1	8.990357E0
3.120000E2	6.738159E0	6.047479E-1	8.515089E0
3.130000E2	6.734470E0	6.047479E-1	1.019483E1
3.140000E2	6.730781E0	6.047479E-1	9.621325E0
3.150000E2	6.727092E0	6.047479E-1	9.958613E0
3.160000E2	6.723403E0	6.047479E-1	8.996509E0
3.170000E2	6.719713E0	6.047479E-1	8.673980E0
3.180000E2	6.716024E0	6.047479E-1	1.022981E1
3.190000E2	6.712335E0	6.047479E-1	1.052024E1
3.200000E2	6.708646E0	6.047479E-1	1.002566E1
3.210000E2	6.704957E0	6.047479E-1	8.489874E0
3.220000E2	6.701267E0	6.047479E-1	8.781745E0
3.230000E2	6.697578E0	6.047479E-1	9.382857E0
3.240000E2	6.693889E0	6.047479E-1	9.408065E0
3.250000E2	6.690200E0	6.047479E-1	8.577791E0
3.260000E2	6.686511E0	6.047479E-1	7.507452E0
3.270000E2	6.682822E0	6.047479E-1	8.560784E0
3.280000E2	6.679132E0	6.047479E-1	9.306492E0
3.290000E2	6.675443E0	6.047479E-1	1.021460E1
3.300000E2	6.671754E0	6.047479E-1	1.235655E1
3.310000E2	6.668065E0	6.047479E-1	8.700572E0
3.320000E2	6.664376E0	6.047479E-1	8.099049E0
3.330000E2	6.660686E0	6.047479E-1	8.771810E0
3.340000E2	6.656997E0	6.047479E-1	8.026171E0
3.350000E2	6.653308E0	6.047479E-1	8.448891E0
3.360000E2	6.649619E0	6.047479E-1	6.957241E0
3.370000E2	6.645930E0	6.047479E-1	8.686965E0
3.380000E2	6.642240E0	6.047479E-1	1.060613E1
3.390000E2	6.638551E0	6.047479E-1	1.018703E1
3.400000E2	6.634862E0	6.047479E-1	9.476871E0
3.410000E2	6.631173E0	6.047479E-1	1.147923E1
3.420000E2	6.627484E0	6.047479E-1	1.135304E1
3.430000E2	6.623794E0	6.047479E-1	1.087074E1
3.440000E2	6.620105E0	6.047479E-1	9.963640E0
3.450000E2	6.616416E0	6.047479E-1	9.631097E0
3.460000E2	6.612727E0	6.047479E-1	1.008020E1
3.470000E2	6.609038E0	6.047479E-1	9.873144E0
3.480000E2	6.605349E0	6.047479E-1	1.067462E1
3.490000E2	6.601659E0	6.047479E-1	9.845782E0
3.500000E2	6.597970E0	6.047479E-1	1.087989E1
3.510000E2	6.594281E0	6.047479E-1	1.037887E1
3.520000E2	6.590592E0	6.047479E-1	8.960158E0
3.530000E2	6.586903E0	6.047479E-1	9.631663E0
3.540000E2	6.583213E0	6.047479E-1	1.107307E1
3.550000E2	6.579524E0	6.047479E-1	1.092510E1
3.560000E2	6.575835E0	6.047479E-1	1.021235E1
3.570000E2	6.572146E0	6.047479E-1	1.018526E1
3.580000E2	6.568457E0	6.047479E-1	9.769811E0
3.590000E2	6.564767E0	6.047479E-1	1.015891E1
3.600000E2	6.561078E0	6.047479E-1	1.172029E1
3.610000E2	6.557389E0	6.047479E-1	9.719432E0
3.620000E2	6.553700E0	6.047479E-1	9.867400E0
3.630000E2	6.550011E0	6.047479E-1	1.063700E1
3.640000E2	6.546321E0	6.047479E-1	1.040026E1
3.650000E2	6.542632E0	6.047479E-1	9.617573E0
3.660000E2	6.538943E0	6.047479E-1	1.170901E1
3.670000E2	6.535254E0	6.047479E-1	1.297479E1
3.680000E2	6.531565E0	6.047479E-1	1.009348E1
3.690000E2	6.527875E0	6.047479E-1	1.086292E1
3.700000E2	6.524186E0	6.047479E-1	1.180484E1
3.710000E2	6.520497E0	6.047479E-1	1.125038E1
3.720000E2	6.516808E0	6.047479E-1	1.036220E1
3.730000E2	6.513119E0	6.047479E-1	9.924606E0
3.740000E2	6.509430E0	6.047479E-1	1.028080E1
3.750000E2	6.505740E0	6.047479E-1	9.837201E0
3.760000E2	6.502051E0	6.047479E-1	1.048434E1
3.770000E2	6.498362E0	6.047479E-1	1.064607E1
3.780000E2	6.494673E0	6.047479E-1	1.153470E1
3.790000E2	6.490984E0	6.047479E-1	1.202994E1
3.800000E2	6.487294E0	6.047479E-1	1.172501E1
3.810000E2	6.483605E0	6.047479E-1	1.084642E1
3.820000E2	6.479916E0	6.047479E-1	1.173558E1
3.830000E2	6.476227E0	6.047479E-1	1.201461E1
3.840000E2	6.472538E0	6.047479E-1	9.673498E0
3.850000E2	6.468848E0	6.047479E-1	8.659837E0
3.860000E2	6.465159E0	6.047479E-1	9.675228E0
3.870000E2	6.461470E0	6.047479E-1	1.126690E1
3.880000E2	6.457781E0	6.047479E-1	9.398374E0
3.890000E2	6.454092E0	6.047479E-1	9.089245E0
3.900000E2	6.450402E0	6.047479E-1	9.791573E0
3.910000E2	6.446713E0	6.047479E-1	8.186323E0
3.920000E2	6.443024E0	6.047479E-1	8.970936E0
3.930000E2	6.439335E0	6.047479E-1	8.323206E0
3.940000E2	6.435646E0	6.047479E-1	7.879616E0
3.950000E2	6.431957E0	6.047479E-1	8.657271E0
3.960000E2	6.428267E0	6.047479E-1	8.012188E0
3.970000E2	6.424578E0	6.047479E-1	7.013739E0
3.980000E2	6.420889E0	6.047479E-1	6.991969E0
3.990000E2	6.417200E0	6.047479E-1	8.263224E0
4.000000E2	6.413511E0	6.047479E-1	8.964939E0
4.010000E2	6.409821E0	6.047479E-1	8.125778E0
4.020000E2	6.406132E0	6.047479E-1	9.658207E0
4.030000E2	6.402443E0	6.047479E-1	1.181317E1
4.040000E2	6.398754E0	6.047479E-1	1.027391E1
4.050000E2	6.395065E0	6.047479E-1	1.116558E1
4.060000E2	6.391375E0	6.047479E-1	9.870604E0
4.070000E2	6.387686E0	6.047479E-1	1.214041E1
4.080000E2	6.383997E0	6.047479E-1	1.290356E1
4.090000E2	6.380308E0	6.047479E-1	1.180812E1
4.100000E2	6.376619E0	6.047479E-1	1.093727E1
4.110000E2	6.372929E0	6.047479E-1	1.161730E1
4.120000E2	6.369240E0	6.047479E-1	1.175529E1
4.130000E2	6.365551E0	6.047479E-1	1.179037E1
4.140000E2	6.361862E0	6.047479E-1	1.102016E1
4.150000E2	6.358173E0	6.047479E-1	1.077186E1
4.160000E2	6.354484E0	6.047479E-1	1.094643E1
4.170000E2	6.350794E0	6.047479E-1	9.862554E0
4.180000E2	6.347105E0	6.047479E-1	1.007308E1
4.190000E2	6.343416E0	6.047479E-1	1.034828E1
4.200000E2	6.339727E0	6.047479E-1	8.410548E0
4.210000E2	6.336038E0	6.047479E-1	7.763756E0
4.220000E2	6.332348E0	6.047479E-1	9.096415E0
4.230000E2	6.328659E0	6.047479E-1	9.498817E0
4.240000E2	6.324970E0	6.047479E-1	9.319011E0
4.250000E2	6.321281E0	6.047479E-1	1.046467E1
4.260000E2	6.317592E0	6.047479E-1	9.228332E0
4.270000E2	6.313902E0	6.047479E-1	1.194862E1
4.280000E2	6.310213E0	6.047479E-1	1.359281E1
4.290000E2	6.306524E0	6.047479E-1	1.230742E1
4.300000E2	6.302835E0	6.047479E-1	1.109847E1
4.310000E2	6.299146E0	6.047479E-1	1.138044E1
4.320000E2	6.295456E0	6.047479E-1	1.097589E1
4.330000E2	6.291767E0	6.047479E-1	1.175415E1
4.340000E2	6.288078E0	6.047479E-1	1.075789E1
4.350000E2	6.284389E0	6.047479E-1	1.068699E1
4.360000E2	6.280700E0	6.047479E-1	1.128704E1
4.370000E2	6.277010E0	6.047479E-1	1.099169E1
4.380000E2	6.273321E0	6.047479E-1	1.101093E1
4.390000E2	6.269632E0	6.047479E-1	1.018663E1
4.400000E2	6.265943E0	6.047479E-1	1.074205E1
4.410000E2	6.262254E0	6.047479E-1	1.142340E1
4.420000E2	6.258565E0	6.047479E-1	1.044917E1
4.430000E2	6.254875E0	6.047479E-1	1.021368E1
4.440000E2	6.251186E0	6.047479E-1	9.544689E0
4.450000E2	6.247497E0	6.047479E-1	9.927204E0
4.460000E2	6.243808E0	6.047479E-1	9.234397E0
4.470000E2	6.240119E0	6.047479E-1	9.893480E0
4.480000E2	6.236429E0	6.047479E-1	1.022424E1
4.490000E2	6.232740E0	6.047479E-1	1.067864E1
4.500000E2	6.229051E0	6.047479E-1	9.635801E0
4.510000E2	6.225362E0	6.047479E-1	1.097738E1
4.520000E2	6.221673E0	6.047479E-1	1.139251E1
4.530000E2	6.217983E0	6.047479E-1	1.135641E1
4.540000E2	6.214294E0	6.047479E-1	1.132133E1
4.550000E2	6.210605E0	6.047479E-1	1.161220E1
4.560000E2	6.206916E0	6.047479E-1	1.008644E1
4.570000E2	6.203227E0	6.047479E-1	1.107865E1
4.580000E2	6.199537E0	6.047479E-1	1.071722E1
4.590000E2	6.195848E0	6.047479E-1	9.600348E0
4.600000E2	6.192159E0	6.047479E-1	1.084905E1
4.610000E2	6.188470E0	6.047479E-1	1.158841E1
4.620000E2	6.184781E0	6.047479E-1	1.097905E1
4.630000E2	6.181092E0	6.047479E-1	1.153503E1
4.640000E2	6.177402E0	6.047479E-1	1.128901E1
4.650000E2	6.173713E0	6.047479E-1	1.200698E1
4.660000E2	6.170024E0	6.047479E-1	9.393190E0
4.670000E2	6.166335E0	6.047479E-1	1.006189E1
4.680000E2	6.162646E0	6.047479E-1	1.069941E1
4.690000E2	6.158956E0	6.047479E-1	9.866461E0
4.700000E2	6.155267E0	6.047479E-1	8.635876E0
4.710000E2	6.151578E0	6.047479E-1	9.924364E0
4.720000E2	6.147889E0	6.047479E-1	8.902787E0
4.730000E2	6.144200E0	6.047479E-1	9.593047E0
4.740000E2	6.140510E0	6.047479E-1	1.023326E1
4.750000E2	6.136821E0	6.047479E-1	9.760205E0
4.760000E2	6.133132E0	6.047479E-1	8.789480E0
4.770000E2	6.129443E0	6.047479E-1	1.022182E1
4.780000E2	6.125754E0	6.047479E-1	1.159500E1
4.790000E2	6.122064E0	6.047479E-1	1.115487E1
4.800000E2	6.118375E0	6.047479E-1	1.021270E1
4.810000E2	6.114686E0	6.047479E-1	1.056036E1
4.820000E2	6.110997E0	6.047479E-1	9.094650E0
4.830000E2	6.107308E0	6.047479E-1	1.030508E1
4.840000E2	6.103619E0	6.047479E-1	9.760811E0
4.850000E2	6.099929E0	6.047479E-1	1.045535E1
4.860000E2	6.096240E0	6.047479E-1	1.071852E1
4.870000E2	6.092551E0	6.047479E-1	1.178779E1
4.880000E2	6.088862E0	6.047479E-1	1.136717E1
4.890000E2	6.085173E0	6.047479E-1	1.108756E1
4.900000E2	6.081483E0	6.047479E-1	1.090302E1
4.910000E2	6.077794E0	6.047479E-1	1.189859E1
4.920000E2	6.074105E0	6.047479E-1	1.129765E1
4.930000E2	6.070416E0	6.047479E-1	1.090955E1
4.940000E2	6.066727E0	6.047479E-1	1.024859E1
4.950000E2	6.063037E0	6.047479E-1	1.103651E1
4.960000E2	6.059348E0	6.047479E-1	9.687765E0
4.970000E2	6.055659E0	6.047479E-1	1.054387E1
4.980000E2	6.051970E0	6.047479E-1	1.229415E1
4.990000E2	6.048281E0	6.047479E-1	1.142865E1
5.000000E2	6.044591E0	6.047479E-1	1.047020E1
5.010000E2	6.040902E0	6.047479E-1	1.065345E1
5.020000E2	6.037213E0	6.047479E-1	1.125812E1
5.030000E2	6.033524E0	6.047479E-1	1.216760E1
5.040000E2	6.029835E0	6.047479E-1	1.289098E1
5.050000E2	6.026145E0	6.047479E-1	1.342230E1
5.060000E2	6.022456E0	6.047479E-1	1.396921E1
5.070000E2	6.018767E0	6.047479E-1	1.201256E1
5.080000E2	6.015078E0	6.047479E-1	1.314158E1
5.090000E2	6.011389E0	6.047479E-1	1.355413E1
5.100000E2	6.007700E0	6.047479E-1	1.324936E1
5.110000E2	6.004010E0	6.047479E-1	1.233575E1
5.120000E2	6.000321E0	6.047479E-1	1.178003E1
5.130000E2	5.996632E0	6.047479E-1	1.227763E1
5.140000E2	5.992943E0	6.047479E-1	1.183629E1
5.150000E2	5.989254E0	6.047479E-1	1.183521E1
5.160000E2	5.985564E0	6.047479E-1	1.106129E1
5.170000E2	5.981875E0	6.047479E-1	1.038435E1
5.180000E2	5.978186E0	6.047479E-1	9.733661E0
5.190000E2	5.974497E0	6.047479E-1	9.284946E0
5.200000E2	5.970808E0	6.047479E-1	7.945821E0
5.210000E2	5.967118E0	6.047479E-1	1.095796E1
5.220000E2	5.963429E0	6.047479E-1	1.119233E1
5.230000E2	5.959740E0	6.047479E-1	1.012094E1
5.240000E2	5.956051E0	6.047479E-1	1.131375E1
5.250000E2	5.952362E0	6.047479E-1	1.174658E1
5.260000E2	5.948672E0	6.047479E-1	1.220373E1
5.270000E2	5.944983E0	6.047479E-1	1.302410E1
5.280000E2	5.941294E0	6.047479E-1	1.306479E1
5.290000E2	5.937605E0	6.047479E-1	1.288716E1
5.300000E2	5.933916E0	6.047479E-1	1.334790E1
5.310000E2	5.930227E0	6.047479E-1	1.327507E1
5.320000E2	5.926537E0	6.047479E-1	1.202392E1
5.330000E2	5.922848E0	6.047479E-1	1.249966E1
5.340000E2	5.919159E0	6.047479E-1	1.273309E1
5.350000E2	5.915470E0	6.047479E-1	1.430028E1
5.360000E2	5.911781E0	6.047479E-1	1.360313E1
5.370000E2	5.908091E0	6.047479E-1	1.447557E1
5.380000E2	5.904402E0	6.047479E-1	1.313398E1
5.390000E2	5.900713E0	6.047479E-1	1.241940E1
5.400000E2	5.897024E0	6.047479E-1	1.450422E1
5.410000E2	5.893335E0	6.047479E-1	1.317031E1
5.420000E2	5.889645E0	6.047479E-1	1.229915E1
5.430000E2	5.885956E0	6.047479E-1	1.184383E1
5.440000E2	5.882267E0	6.047479E-1	1.008729E1
5.450000E2	5.878578E0	6.047479E-1	1.134592E1
5.460000E2	5.874889E0	6.047479E-1	1.340627E1
5.470000E2	5.871199E0	6.047479E-1	1.167744E1
5.480000E2	5.867510E0	6.047479E-1	1.259413E1
5.490000E2	5.863821E0	6.047479E-1	1.381882E1
5.500000E2	5.860132E0	6.047479E-1	1.368975E1
5.510000E2	5.856443E0	6.047479E-1	1.505832E1
5.520000E2	5.852754E0	6.047479E-1	1.387686E1
5.530000E2	5.849064E0	6.047479E-1	1.388163E1
5.540000E2	5.845375E0	6.047479E-1	1.339483E1
5.550000E2	5.841686E0	6.047479E-1	1.173591E1
5.560000E2	5.837997E0	6.047479E-1	1.560842E1
5.570000E2	5.834308E0	6.047479E-1	1.514978E1
5.580000E2	5.830618E0	6.047479E-1	1.432747E1
5.590000E2	5.826929E0	6.047479E-1	1.449302E1
5.600000E2	5.823240E0	6.047479E-1	1.365926E1
5.610000E2	5.819551E0	6.047479E-1	1.304578E1
5.620000E2	5.815862E0	6.047479E-1	1.435265E1
5.630000E2	5.812172E0	6.047479E-1	1.524391E1
5.640000E2	5.808483E0	6.047479E-1	1.538392E1
5.650000E2	5.804794E0	6.047479E-1	1.363150E1
5.660000E2	5.801105E0	6.047479E-1	1.391920E1
5.670000E2	5.797416E0	6.047479E-1	1.374334E1
5.680000E2	5.793726E0	6.047479E-1	1.327975E1
5.690000E2	5.790037E0	6.047479E-1	1.494231E1
5.700000E2	5.786348E0	6.047479E-1	1.455476E1
5.710000E2	5.782659E0	6.047479E-1	1.436703E1
5.720000E2	5.778970E0	6.047479E-1	1.417958E1
5.730000E2	5.775280E0	6.047479E-1	1.569770E1
5.740000E2	5.771591E0	6.047479E-1	1.532736E1
5.750000E2	5.767902E0	6.047479E-1	1.416249E1
5.760000E2	5.764213E0	6.047479E-1	1.543073E1
5.770000E2	5.760524E0	6.047479E-1	1.749679E1
5.780000E2	5.756835E0	6.047479E-1	1.702721E1
5.790000E2	5.753145E0	6.047479E-1	1.737948E1
5.800000E2	5.749456E0	6.047479E-1	1.616084E1
5.810000E2	5.745767E0	6.047479E-1	1.436127E1
5.820000E2	5.742078E0	6.047479E-1	1.456555E1
5.830000E2	5.738389E0	6.047479E-1	1.391398E1
5.840000E2	5.734699E0	6.047479E-1	1.502848E1
5.850000E2	5.731010E0	6.047479E-1	1.618062E1
5.860000E2	5.727321E0	6.047479E-1	1.498635E1
5.870000E2	5.723632E0	6.047479E-1	1.559541E1
5.880000E2	5.719943E0	6.047479E-1	1.492129E1
5.890000E2	5.716253E0	6.047479E-1	1.493769E1
5.900000E2	5.712564E0	6.047479E-1	1.681082E1
5.910000E2	5.708875E0	6.047479E-1	1.600499E1
5.920000E2	5.705186E0	6.047479E-1	1.557873E1
5.930000E2	5.701497E0	6.047479E-1	1.533398E1
5.940000E2	5.697807E0	6.047479E-1	1.601921E1
5.950000E2	5.694118E0	6.047479E-1	1.579065E1
5.960000E2	5.690429E0	6.047479E-1	1.451876E1
5.970000E2	5.686740E0	6.047479E-1	1.609136E1
5.980000E2	5.683051E0	6.047479E-1	1.514221E1
5.990000E2	5.679362E0	6.047479E-1	1.583816E1
6.000000E2	5.675672E0	6.047479E-1	1.589336E1
6.010000E2	5.671983E0	6.047479E-1	1.452857E1
6.020000E2	5.668294E0	6.047479E-1	1.542922E1
6.030000E2	5.664605E0	6.047479E-1	1.537098E1
6.040000E2	5.660916E0	6.047479E-1	1.561939E1
6.050000E2	5.657226E0	6.047479E-1	1.607026E1
6.060000E2	5.653537E0	6.047479E-1	1.686645E1
6.070000E2	5.649848E0	6.047479E-1	1.547998E1
6.080000E2	5.646159E0	6.047479E-1	1.541617E1
6.090000E2	5.642470E0	6.047479E-1	1.480277E1
6.100000E2	5.638780E0	6.047479E-1	1.624285E1
6.110000E2	5.635091E0	6.047479E-1	1.553344E1
6.120000E2	5.631402E0	6.047479E-1	1.634951E1
6.130000E2	5.627713E0	6.047479E-1	1.607577E1
6.140000E2	5.624024E0	6.047479E-1	1.613909E1
6.150000E2	5.620334E0	6.047479E-1	1.569913E1
6.160000E2	5.616645E0	6.047479E-1	1.403556E1
6.170000E2	5.612956E0	6.047479E-1	1.513579E1
6.180000E2	5.609267E0	6.047479E-1	1.433610E1
6.190000E2	5.605578E0	6.047479E-1	1.601573E1
6.200000E2	5.601888E0	6.047479E-1	1.554329E1
6.210000E2	5.598199E0	6.047479E-1	1.531263E1
6.220000E2	5.594510E0	6.047479E-1	1.641394E1
6.230000E2	5.590821E0	6.047479E-1	1.684193E1
6.240000E2	5.587132E0	6.047479E-1	1.629597E1
6.250000E2	5.583443E0	6.047479E-1	1.687895E1
6.260000E2	5.579753E0	6.047479E-1	1.698857E1
6.270000E2	5.576064E0	6.047479E-1	1.745485E1
6.280000E2	5.572375E0	6.047479E-1	1.723677E1
6.290000E2	5.568686E0	6.047479E-1	1.610732E1
6.300000E2	5.564997E0	6.047479E-1	1.587046E1
6.310000E2	5.561307E0	6.047479E-1	1.676125E1
6.320000E2	5.557618E0	6.047479E-1	1.617134E1
6.330000E2	5.553929E0	6.047479E-1	1.607382E1
6.340000E2	5.550240E0	6.047479E-1	1.643706E1
6.350000E2	5.546551E0	6.047479E-1	1.743671E1
6.360000E2	5.542861E0	6.047479E-1	1.691663E1
6.370000E2	5.539172E0	6.047479E-1	1.684767E1
6.380000E2	5.535483E0	6.047479E-1	1.507051E1
6.390000E2	5.531794E0	6.047479E-1	1.402064E1
6.400000E2	5.528105E0	6.047479E-1	1.389055E1
6.410000E2	5.524415E0	6.047479E-1	1.295913E1
6.420000E2	5.520726E0	6.047479E-1	1.154792E1
6.430000E2	5.517037E0	6.047479E-1	1.150039E1
6.440000E2	5.513348E0	6.047479E-1	1.083209E1
6.450000E2	5.509659E0	6.047479E-1	1.067514E1
6.460000E2	5.505970E0	6.047479E-1	1.317211E1
6.470000E2	5.502280E0	6.047479E-1	1.354513E1
6.480000E2	5.498591E0	6.047479E-1	1.459000E1
6.490000E2	5.494902E0	6.047479E-1	1.515895E1
6.500000E2	5.491213E0	6.047479E-1	1.646417E1
6.510000E2	5.487524E0	6.047479E-1	1.785544E1
6.520000E2	5.483834E0	6.047479E-1	1.664863E1
6.530000E2	5.480145E0	6.047479E-1	1.626977E1
6.540000E2	5.476456E0	6.047479E-1	1.771641E1
6.550000E2	5.472767E0	6.047479E-1	1.887613E1
6.560000E2	5.469078E0	6.047479E-1	1.892488E1
6.570000E2	5.465388E0	6.047479E-1	1.862169E1
6.580000E2	5.461699E0	6.047479E-1	1.669017E1
6.590000E2	5.458010E0	6.047479E-1	1.517685E1
6.600000E2	5.454321E0	6.047479E-1	1.383466E1
6.610000E2	5.450632E0	6.047479E-1	1.444228E1
6.620000E2	5.446942E0	6.047479E-1	1.513477E1
6.630000E2	5.443253E0	6.047479E-1	1.771118E1
6.640000E2	5.439564E0	6.047479E-1	1.635826E1
6.650000E2	5.435875E0	6.047479E-1	1.584963E1
6.660000E2	5.432186E0	6.047479E-1	1.571430E1
6.670000E2	5.428497E0	6.047479E-1	1.529670E1
6.680000E2	5.424807E0	6.047479E-1	1.593809E1
6.690000E2	5.421118E0	6.047479E-1	1.517264E1
6.700000E2	5.417429E0	6.047479E-1	1.474291E1
6.710000E2	5.413740E0	6.047479E-1	1.578370E1
6.720000E2	5.410051E0	6.047479E-1	1.743053E1
6.730000E2	5.406361E0	6.047479E-1	1.753321E1
6.740000E2	5.402672E0	6.047479E-1	1.731259E1
6.750000E2	5.398983E0	6.047479E-1	1.726706E1
6.760000E2	5.395294E0	6.047479E-1	1.777500E1
6.770000E2	5.391605E0	6.047479E-1	1.839021E1
6.780000E2	5.387915E0	6.047479E-1	1.919207E1
6.790000E2	5.384226E0	6.047479E-1	1.787988E1
6.800000E2	5.380537E0	6.047479E-1	1.654974E1
6.810000E2	5.376848E0	6.047479E-1	1.659245E1
6.820000E2	5.373159E0	6.047479E-1	1.709798E1
6.830000E2	5.369469E0	6.047479E-1	1.764498E1
6.840000E2	5.365780E0	6.047479E-1	1.777380E1
6.850000E2	5.362091E0	6.047479E-1	1.589643E1
6.860000E2	5.358402E0	6.047479E-1	1.523339E1
6.870000E2	5.354713E0	6.047479E-1	1.677450E1
6.880000E2	5.351023E0	6.047479E-1	1.694301E1
6.890000E2	5.347334E0	6.047479E-1	1.611285E1
6.900000E2	5.343645E0	6.047479E-1	1.515041E1
6.910000E2	5.339956E0	6.047479E-1	1.576986E1
6.920000E2	5.336267E0	6.047479E-1	1.506530E1
6.930000E2	5.332578E0	6.047479E-1	1.345500E1
6.940000E2	5.328888E0	6.047479E-1	1.449847E1
6.950000E2	5.325199E0	6.047479E-1	1.473629E1
6.960000E2	5.321510E0	6.047479E-1	1.550421E1
6.970000E2	5.317821E0	6.047479E-1	1.508965E1
6.980000E2	5.314132E0	6.047479E-1	1.704524E1
6.990000E2	5.310442E0	6.047479E-1	1.810626E1
7.000000E2	5.306753E0	6.047479E-1	1.681704E1
7.010000E2	5.303064E0	6.047479E-1	1.658693E1
7.020000E2	5.299375E0	6.047479E-1	1.498365E1
7.030000E2	5.295686E0	6.047479E-1	1.382512E1
7.040000E2	5.291996E0	6.047479E-1	1.458134E1
7.050000E2	5.288307E0	6.047479E-1	1.519184E1
7.060000E2	5.284618E0	6.047479E-1	1.605801E1
7.070000E2	5.280929E0	6.047479E-1	1.561647E1
7.080000E2	5.277240E0	6.047479E-1	1.492405E1
7.090000E2	5.273550E0	6.047479E-1	1.560143E1
7.100000E2	5.269861E0	6.047479E-1	1.569694E1
7.110000E2	5.266172E0	6.047479E-1	1.558759E1
7.120000E2	5.262483E0	6.047479E-1	1.560580E1
7.130000E2	5.258794E0	6.047479E-1	1.737100E1
7.140000E2	5.255105E0	6.047479E-1	1.714411E1
7.150000E2	5.251415E0	6.047479E-1	1.611112E1
7.160000E2	5.247726E0	6.047479E-1	1.503737E1
7.170000E2	5.244037E0	6.047479E-1	1.490566E1
7.180000E2	5.240348E0	6.047479E-1	1.440194E1
7.190000E2	5.236659E0	6.047479E-1	1.474852E1
7.200000E2	5.232969E0	6.047479E-1	1.510956E1
7.210000E2	5.229280E0	6.047479E-1	1.510645E1
7.220000E2	5.225591E0	6.047479E-1	1.432192E1
7.230000E2	5.221902E0	6.047479E-1	1.523039E1
7.240000E2	5.218213E0	6.047479E-1	1.706470E1
7.250000E2	5.214523E0	6.047479E-1	1.800992E1
7.260000E2	5.210834E0	6.047479E-1	1.759225E1
7.270000E2	5.207145E0	6.047479E-1	1.648096E1
7.280000E2	5.203456E0	6.047479E-1	1.598289E1
7.290000E2	5.199767E0	6.047479E-1	1.648699E1
7.300000E2	5.196077E0	6.047479E-1	1.672519E1
7.310000E2	5.192388E0	6.047479E-1	1.625366E1
7.320000E2	5.188699E0	6.047479E-1	1.634457E1
7.330000E2	5.185010E0	6.047479E-1	1.562745E1
7.340000E2	5.181321E0	6.047479E-1	1.508477E1
7.350000E2	5.177632E0	6.047479E-1	1.519571E1
7.360000E2	5.173942E0	6.047479E-1	1.509455E1
7.370000E2	5.170253E0	6.047479E-1	1.603152E1
7.380000E2	5.166564E0	6.047479E-1	1.589054E1
7.390000E2	5.162875E0	6.047479E-1	1.487573E1
7.400000E2	5.159186E0	6.047479E-1	1.324962E1
7.410000E2	5.155496E0	6.047479E-1	1.482808E1
7.420000E2	5.151807E0	6.047479E-1	1.373728E1
7.430000E2	5.148118E0	6.047479E-1	1.501086E1
7.440000E2	5.144429E0	6.047479E-1	1.618534E1
7.450000E2	5.140740E0	6.047479E-1	1.687945E1
7.460000E2	5.137050E0	6.047479E-1	1.655088E1
7.470000E2	5.133361E0	6.047479E-1	1.691176E1
7.480000E2	5.129672E0	6.047479E-1	1.718340E1
7.490000E2	5.125983E0	6.047479E-1	1.798176E1
7.500000E2	5.122294E0	6.047479E-1	1.808054E1
7.510000E2	5.118604E0	6.047479E-1	1.607580E1
7.520000E2	5.114915E0	6.047479E-1	1.558273E1
7.530000E2	5.111226E0	6.047479E-1	1.528330E1
7.540000E2	5.107537E0	6.047479E-1	1.715420E1
7.550000E2	5.103848E0	6.047479E-1	1.924570E1
7.560000E2	5.100158E0	6.047479E-1	1.746266E1
7.570000E2	5.096469E0	6.047479E-1	1.784112E1
7.580000E2	5.092780E0	6.047479E-1	1.745116E1
7.590000E2	5.089091E0	6.047479E-1	1.667990E1
7.600000E2	5.085402E0	6.047479E-1	1.591716E1
7.610000E2	5.081713E0	6.047479E-1	1.595273E1
7.620000E2	5.078023E0	6.047479E-1	1.635059E1
7.630000E2	5.074334E0	6.047479E-1	1.533860E1
7.640000E2	5.070645E0	6.047479E-1	1.402849E1
7.650000E2	5.066956E0	6.047479E-1	1.325927E1
7.660000E2	5.063267E0	6.047479E-1	1.338383E1
7.670000E2	5.059577E0	6.047479E-1	1.334540E1
7.680000E2	5.055888E0	6.047479E-1	1.375179E1
7.690000E2	5.052199E0	6.047479E-1	1.544278E1
7.700000E2	5.048510E0	6.047479E-1	1.626563E1
7.710000E2	5.044821E0	6.047479E-1	1.835509E1
7.720000E2	5.041131E0	6.047479E-1	2.024417E1
7.730000E2	5.037442E0	6.047479E-1	1.833617E1
7.740000E2	5.033753E0	6.047479E-1	1.928356E1
7.750000E2	5.030064E0	6.047479E-1	1.892685E1
7.760000E2	5.026375E0	6.047479E-1	1.793934E1
7.770000E2	5.022685E0	6.047479E-1	1.911317E1
7.780000E2	5.018996E0	6.047479E-1	2.056403E1
7.790000E2	5.015307E0	6.047479E-1	1.986601E1
7.800000E2	5.011618E0	6.047479E-1	1.905675E1
7.810000E2	5.007929E0	6.047479E-1	1.929873E1
7.820000E2	5.004240E0	6.047479E-1	2.019568E1
7.830000E2	5.000550E0	6.047479E-1	1.791095E1
7.840000E2	4.996861E0	6.047479E-1	1.855518E1
7.850000E2	4.993172E0	6.047479E-1	1.899045E1
7.860000E2	4.989483E0	6.047479E-1	1.763979E1
7.870000E2	4.985794E0	6.047479E-1	1.860860E1
7.880000E2	4.982104E0	6.047479E-1	1.767350E1
7.890000E2	4.978415E0	6.047479E-1	1.775496E1
7.900000E2	4.974726E0	6.047479E-1	1.906078E1
7.910000E2	4.971037E0	6.047479E-1	1.817934E1
7.920000E2	4.967348E0	6.047479E-1	1.816366E1
7.930000E2	4.963658E0	6.047479E-1	1.901578E1
7.940000E2	4.959969E0	6.047479E-1	1.910041E1
7.950000E2	4.956280E0	6.047479E-1	1.983092E1
7.960000E2	4.952591E0	6.047479E-1	2.093475E1
7.970000E2	4.948902E0	6.047479E-1	1.959631E1
7.980000E2	4.945212E0	6.047479E-1	1.946450E1
7.990000E2	4.941523E0	6.047479E-1	1.961880E1
8.000000E2	4.937834E0	6.047479E-1	2.012731E1
8.010000E2	4.934145E0	6.047479E-1	1.888082E1
8.020000E2	4.930456E0	6.047479E-1	1.946091E1
8.030000E2	4.926767E0	6.047479E-1	1.986842E1
8.040000E2	4.923077E0	6.047479E-1	2.089296E1
8.050000E2	4.919388E0	6.047479E-1	2.124269E1
8.060000E2	4.915699E0	6.047479E-1	2.075535E1
8.070000E2	4.912010E0	6.047479E-1	1.998642E1
8.080000E2	4.908321E0	6.047479E-1	1.983952E1
8.090000E2	4.904631E0	6.047479E-1	2.017648E1
8.100000E2	4.900942E0	6.047479E-1	1.984371E1
8.110000E2	4.897253E0	6.047479E-1	1.928385E1
8.120000E2	4.893564E0	6.047479E-1	1.939793E1
8.130000E2	4.889875E0	6.047479E-1	2.051306E1
8.140000E2	4.886185E0	6.047479E-1	1.972883E1
8.150000E2	4.882496E0	6.047479E-1	1.811020E1
8.160000E2	4.878807E0	6.047479E-1	1.713454E1
8.170000E2	4.875118E0	6.047479E-1	1.747272E1
8.180000E2	4.871429E0	6.047479E-1	1.803139E1
8.190000E2	4.867739E0	6.047479E-1	1.853896E1
8.200000E2	4.864050E0	6.047479E-1	1.822273E1
8.210000E2	4.860361E0	6.047479E-1	1.994507E1
8.220000E2	4.856672E0	6.047479E-1	2.014508E1
8.230000E2	4.852983E0	6.047479E-1	2.253491E1
8.240000E2	4.849293E0	6.047479E-1	2.290620E1
8.250000E2	4.845604E0	6.047479E-1	2.062754E1
8.260000E2	4.841915E0	6.047479E-1	2.013446E1
8.270000E2	4.838226E0	6.047479E-1	2.032805E1
8.280000E2	4.834537E0	6.047479E-1	1.863194E1
8.290000E2	4.830848E0	6.047479E-1	1.944001E1
8.300000E2	4.827158E0	6.047479E-1	2.047056E1
8.310000E2	4.823469E0	6.047479E-1	2.030861E1
8.320000E2	4.819780E0	6.047479E-1	2.072105E1
8.330000E2	4.816091E0	6.047479E-1	1.952480E1
8.340000E2	4.812402E0	6.047479E-1	1.945317E1
8.350000E2	4.808712E0	6.047479E-1	2.032000E1
8.360000E2	4.805023E0	6.047479E-1	1.911133E1
8.370000E2	4.801334E0	6.047479E-1	1.795566E1
8.380000E2	4.797645E0	6.047479E-1	1.977241E1
8.390000E2	4.793956E0	6.047479E-1	1.665608E1
8.400000E2	4.790266E0	6.047479E-1	1.733914E1
8.410000E2	4.786577E0	6.047479E-1	1.833068E1
8.420000E2	4.782888E0	6.047479E-1	1.860640E1
8.430000E2	4.779199E0	6.047479E-1	1.836615E1
8.440000E2	4.775510E0	6.047479E-1	1.896924E1
8.450000E2	4.771820E0	6.047479E-1	2.108145E1
8.460000E2	4.768131E0	6.047479E-1	2.038993E1
8.470000E2	4.764442E0	6.047479E-1	1.938344E1
8.480000E2	4.760753E0	6.047479E-1	2.128922E1
8.490000E2	4.757064E0	6.047479E-1	2.119702E1
8.500000E2	4.753375E0	6.047479E-1	2.295496E1
8.510000E2	4.749685E0	6.047479E-1	2.240086E1
8.520000E2	4.745996E0	6.047479E-1	2.185279E1
8.530000E2	4.742307E0	6.047479E-1	2.270309E1
8.540000E2	4.738618E0	6.047479E-1	2.358525E1
8.550000E2	4.734929E0	6.047479E-1	2.205921E1
8.560000E2	4.731239E0	6.047479E-1	2.226009E1
8.570000E2	4.727550E0	6.047479E-1	2.145345E1
8.580000E2	4.723861E0	6.047479E-1	2.071178E1
8.590000E2	4.720172E0	6.047479E-1	2.121335E1
8.600000E2	4.716483E0	6.047479E-1	2.072045E1
8.610000E2	4.712793E0	6.047479E-1	2.181090E1
8.620000E2	4.709104E0	6.047479E-1	2.082869E1
8.630000E2	4.705415E0	6.047479E-1	2.175933E1
8.640000E2	4.701726E0	6.047479E-1	2.098661E1
8.650000E2	4.698037E0	6.047479E-1	1.964127E1
8.660000E2	4.694347E0	6.047479E-1	1.739754E1
8.670000E2	4.690658E0	6.047479E-1	1.820441E1
8.680000E2	4.686969E0	6.047479E-1	1.993914E1
8.690000E2	4.683280E0	6.047479E-1	1.965370E1
8.700000E2	4.679591E0	6.047479E-1	2.093908E1
8.710000E2	4.675902E0	6.047479E-1	2.165003E1
8.720000E2	4.672212E0	6.047479E-1	2.123310E1
8.730000E2	4.668523E0	6.047479E-1	2.084109E1
8.740000E2	4.664834E0	6.047479E-1	2.251485E1
8.750000E2	4.661145E0	6.047479E-1	2.064268E1
8.760000E2	4.657456E0	6.047479E-1	2.268340E1
8.770000E2	4.653766E0	6.047479E-1	2.479571E1
8.780000E2	4.650077E0	6.047479E-1	2.344006E1
8.790000E2	4.646388E0	6.047479E-1	2.192604E1
8.800000E2	4.642699E0	6.047479E-1	2.055408E1
8.810000E2	4.639010E0	6.047479E-1	2.194772E1
8.820000E2	4.635320E0	6.047479E-1	2.325517E1
8.830000E2	4.631631E0	6.047479E-1	2.334836E1
8.840000E2	4.627942E0	6.047479E-1	2.193008E1
8.850000E2	4.624253E0	6.047479E-1	1.983148E1
8.860000E2	4.620564E0	6.047479E-1	1.845238E1
8.870000E2	4.616874E0	6.047479E-1	1.685987E1
8.880000E2	4.613185E0	6.047479E-1	1.616531E1
8.890000E2	4.609496E0	6.047479E-1	1.584447E1
8.900000E2	4.605807E0	6.047479E-1	1.393213E1
8.910000E2	4.602118E0	6.047479E-1	1.543872E1
8.920000E2	4.598428E0	6.047479E-1	1.777853E1
8.930000E2	4.594739E0	6.047479E-1	1.794563E1
8.940000E2	4.591050E0	6.047479E-1	1.842107E1
8.950000E2	4.587361E0	6.047479E-1	1.888832E1
8.960000E2	4.583672E0	6.047479E-1	2.012709E1
8.970000E2	4.579983E0	6.047479E-1	2.091636E1
8.980000E2	4.576293E0	6.047479E-1	2.206569E1
8.990000E2	4.572604E0	6.047479E-1	2.356541E1
9.000000E2	4.568915E0	6.047479E-1	2.342786E1
9.010000E2	4.565226E0	6.047479E-1	2.232064E1
9.020000E2	4.561537E0	6.047479E-1	2.334024E1
9.030000E2	4.557847E0	6.047479E-1	2.260161E1
9.040000E2	4.554158E0	6.047479E-1	2.176067E1
9.050000E2	4.550469E0	6.047479E-1	2.138064E1
9.060000E2	4.546780E0	6.047479E-1	2.288264E1
9.070000E2	4.543091E0	6.047479E-1	2.241764E1
9.080000E2	4.539401E0	6.047479E-1	2.186910E1
9.090000E2	4.535712E0	6.047479E-1	2.093219E1
9.100000E2	4.532023E0	6.047479E-1	2.178560E1
9.110000E2	4.528334E0	6.047479E-1	2.144757E1
9.120000E2	4.524645E0	6.047479E-1	2.063490E1
9.130000E2	4.520955E0	6.047479E-1	2.091735E1
9.140000E2	4.517266E0	6.047479E-1	2.008596E1
9.150000E2	4.513577E0	6.047479E-1	1.940577E1
9.160000E2	4.509888E0	6.047479E-1	1.878457E1
9.170000E2	4.506199E0	6.047479E-1	2.018906E1
9.180000E2	4.502510E0	6.047479E-1	1.881621E1
9.190000E2	4.498820E0	6.047479E-1	2.003427E1
9.200000E2	4.495131E0	6.047479E-1	2.089990E1
9.210000E2	4.491442E0	6.047479E-1	2.207827E1
9.220000E2	4.487753E0	6.047479E-1	2.132405E1
9.230000E2	4.484064E0	6.047479E-1	2.071036E1
9.240000E2	4.480374E0	6.047479E-1	2.166943E1
9.250000E2	4.476685E0	6.047479E-1	2.253195E1
9.260000E2	4.472996E0	6.047479E-1	2.236609E1
9.270000E2	4.469307E0	6.047479E-1	2.246163E1
9.280000E2	4.465618E0	6.047479E-1	2.312579E1
9.290000E2	4.461928E0	6.047479E-1	2.381914E1
9.300000E2	4.458239E0	6.047479E-1	2.245351E1
9.310000E2	4.454550E0	6.047479E-1	2.170896E1
9.320000E2	4.450861E0	6.047479E-1	2.277177E1
9.330000E2	4.447172E0	6.047479E-1	2.304976E1
9.340000E2	4.443482E0	6.047479E-1	2.295088E1
9.350000E2	4.439793E0	6.047479E-1	2.227339E1
9.360000E2	4.436104E0	6.047479E-1	2.307627E1
9.370000E2	4.432415E0	6.047479E-1	2.161547E1
9.380000E2	4.428726E0	6.047479E-1	2.094263E1
9.390000E2	4.425036E0	6.047479E-1	2.074847E1
9.400000E2	4.421347E0	6.047479E-1	2.167897E1
9.410000E2	4.417658E0	6.047479E-1	2.128630E1
9.420000E2	4.413969E0	6.047479E-1	2.167083E1
9.430000E2	4.410280E0	6.047479E-1	2.164309E1
9.440000E2	4.406591E0	6.047479E-1	2.141846E1
9.450000E2	4.402901E0	6.047479E-1	2.351857E1
9.460000E2	4.399212E0	6.047479E-1	2.324501E1
9.470000E2	4.395523E0	6.047479E-1	2.310799E1
9.480000E2	4.391834E0	6.047479E-1	2.184272E1
9.490000E2	4.388145E0	6.047479E-1	2.071106E1
9.500000E2	4.384455E0	6.047479E-1	2.184265E1
9.510000E2	4.380766E0	6.047479E-1	2.303129E1
9.520000E2	4.377077E0	6.047479E-1	2.312709E1
9.530000E2	4.373388E0	6.047479E-1	2.442359E1
9.540000E2	4.369699E0	6.047479E-1	2.455827E1
9.550000E2	4.366009E0	6.047479E-1	2.159844E1
9.560000E2	4.362320E0	6.047479E-1	2.179500E1
9.570000E2	4.358631E0	6.047479E-1	2.239007E1
9.580000E2	4.354942E0	6.047479E-1	2.343819E1
9.590000E2	4.351253E0	6.047479E-1	2.246592E1
9.600000E2	4.347563E0	6.047479E-1	2.111198E1
9.610000E2	4.343874E0	6.047479E-1	2.156398E1
9.620000E2	4.340185E0	6.047479E-1	2.338014E1
9.630000E2	4.336496E0	6.047479E-1	2.378645E1
9.640000E2	4.332807E0	6.047479E-1	2.273911E1
9.650000E2	4.329118E0	6.047479E-1	2.037278E1
9.660000E2	4.325428E0	6.047479E-1	2.054526E1
9.670000E2	4.321739E0	6.047479E-1	2.029609E1
9.680000E2	4.318050E0	6.047479E-1	2.101304E1
9.690000E2	4.314361E0	6.047479E-1	2.154446E1
9.700000E2	4.310672E0	6.047479E-1	2.288751E1
9.710000E2	4.306982E0	6.047479E-1	2.275763E1
9.720000E2	4.303293E0	6.047479E-1	2.216995E1
9.730000E2	4.299604E0	6.047479E-1	2.236467E1
9.740000E2	4.295915E0	6.047479E-1	2.235298E1
9.750000E2	4.292226E0	6.047479E-1	2.339577E1
9.760000E2	4.288536E0	6.047479E-1	2.360333E1
9.770000E2	4.284847E0	6.047479E-1	2.157960E1
9.780000E2	4.281158E0	6.047479E-1	2.090891E1
9.790000E2	4.277469E0	6.047479E-1	2.171785E1
9.800000E2	4.273780E0	6.047479E-1	2.116774E1
9.810000E2	4.270090E0	6.047479E-1	2.110582E1
9.820000E2	4.266401E0	6.047479E-1	2.003864E1
9.830000E2	4.262712E0	6.047479E-1	1.885536E1
9.840000E2	4.259023E0	6.047479E-1	2.166413E1
9.850000E2	4.255334E0	6.047479E-1	2.163447E1
9.860000E2	4.251645E0	6.047479E-1	2.142949E1
9.870000E2	4.247955E0	6.047479E-1	1.972830E1
9.880000E2	4.244266E0	6.047479E-1	1.838303E1
9.890000E2	4.240577E0	6.047479E-1	1.819467E1
9.900000E2	4.236888E0	6.047479E-1	1.855481E1
9.910000E2	4.233199E0	6.047479E-1	1.797713E1
9.920000E2	4.229509E0	6.047479E-1	1.799068E1
9.930000E2	4.225820E0	6.047479E-1	1.850098E1
9.940000E2	4.222131E0	6.047479E-1	1.849471E1
9.950000E2	4.218442E0	6.047479E-1	1.888007E1
9.960000E2	4.214753E0	6.047479E-1	1.922664E1
9.970000E2	4.211063E0	6.047479E-1	2.016657E1
9.980000E2	4.207374E0	6.047479E-1	2.200036E1
9.990000E2	4.203685E0	6.047479E-1	2.077522E1
1.000000E3	4.199996E0	6.047479E-1	2.216271E1
1.001000E3	4.196307E0	6.047479E-1	2.122872E1
1.002000E3	4.192617E0	6.047479E-1	2.002557E1
1.003000E3	4.188928E0	6.047479E-1	2.009271E1
1.004000E3	4.185239E0	6.047479E-1	2.055367E1
1.005000E3	4.181550E0	6.047479E-1	2.111846E1
1.006000E3	4.177861E0	6.047479E-1	2.179511E1
1.007000E3	4.174171E0	6.047479E-1	2.179719E1
1.008000E3	4.170482E0	6.047479E-1	2.127248E1
1.009000E3	4.166793E0	6.047479E-1	2.126407E1
1.010000E3	4.163104E0	6.047479E-1	2.145771E1
1.011000E3	4.159415E0	6.047479E-1	2.078956E1
1.012000E3	4.155726E0	6.047479E-1	2.036526E1
1.013000E3	4.152036E0	6.047479E-1	2.049992E1
1.014000E3	4.148347E0	6.047479E-1	1.834788E1
1.015000E3	4.144658E0	6.047479E-1	1.774064E1
1.016000E3	4.140969E0	6.047479E-1	1.832559E1
1.017000E3	4.137280E0	6.047479E-1	1.719275E1
1.018000E3	4.133590E0	6.047479E-1	1.861824E1
1.019000E3	4.129901E0	6.047479E-1	1.841340E1
1.020000E3	4.126212E0	6.047479E-1	1.916942E1
1.021000E3	4.122523E0	6.047479E-1	2.010842E1
1.022000E3	4.118834E0	6.047479E-1	2.131303E1
1.023000E3	4.115144E0	6.047479E-1	2.179159E1
1.024000E3	4.111455E0	6.047479E-1	2.103861E1
1.025000E3	4.107766E0	6.047479E-1	2.233739E1
1.026000E3	4.104077E0	6.047479E-1	2.254283E1
1.027000E3	4.100388E0	6.047479E-1	2.346517E1
1.028000E3	4.096698E0	6.047479E-1	2.423776E1
1.029000E3	4.093009E0	6.047479E-1	2.480776E1
1.030000E3	4.089320E0	6.047479E-1	2.651365E1
1.031000E3	4.085631E0	6.047479E-1	2.416987E1
1.032000E3	4.081942E0	6.047479E-1	2.418495E1
1.033000E3	4.078253E0	6.047479E-1	2.389231E1
1.034000E3	4.074563E0	6.047479E-1	2.307269E1
1.035000E3	4.070874E0	6.047479E-1	2.422955E1
1.036000E3	4.067185E0	6.047479E-1	2.442363E1
1.037000E3	4.063496E0	6.047479E-1	2.554982E1
1.038000E3	4.059807E0	6.047479E-1	2.514339E1
1.039000E3	4.056117E0	6.047479E-1	2.325896E1
1.040000E3	4.052428E0	6.047479E-1	2.379429E1
1.041000E3	4.048739E0	6.047479E-1	2.258874E1
1.042000E3	4.045050E0	6.047479E-1	2.279741E1
1.043000E3	4.041361E0	6.047479E-1	2.415428E1
1.044000E3	4.037671E0	6.047479E-1	2.458816E1
1.045000E3	4.033982E0	6.047479E-1	2.542749E1
1.046000E3	4.030293E0	6.047479E-1	2.667265E1
1.047000E3	4.026604E0	6.047479E-1	2.736401E1
1.048000E3	4.022915E0	6.047479E-1	2.821266E1
1.049000E3	4.019225E0	6.047479E-1	2.751970E1
1.050000E3	4.015536E0	6.047479E-1	2.824459E1
1.051000E3	4.011847E0	6.047479E-1	2.817284E1
1.052000E3	4.008158E0	6.047479E-1	2.689931E1
1.053000E3	4.004469E0	6.047479E-1	2.957327E1
1.054000E3	4.000780E0	6.047479E-1	3.104143E1
1.055000E3	3.997090E0	6.047479E-1	2.909281E1
1.056000E3	3.993401E0	6.047479E-1	2.787302E1
1.057000E3	3.989712E0	6.047479E-1	2.716439E1
1.058000E3	3.986023E0	6.047479E-1	2.885691E1
1.059000E3	3.982334E0	6.047479E-1	2.906354E1
1.060000E3	3.978644E0	6.047479E-1	3.026317E1
1.061000E3	3.974955E0	6.047479E-1	3.013321E1
1.062000E3	3.971266E0	6.047479E-1	2.982500E1
1.063000E3	3.967577E0	6.047479E-1	2.865314E1
1.064000E3	3.963888E0	6.047479E-1	2.915979E1
1.065000E3	3.960198E0	6.047479E-1	2.776854E1
1.066000E3	3.956509E0	6.047479E-1	2.679029E1
1.067000E3	3.952820E0	6.047479E-1	2.686314E1
1.068000E3	3.949131E0	6.047479E-1	2.780731E1
1.069000E3	3.945442E0	6.047479E-1	2.827714E1
1.070000E3	3.941752E0	6.047479E-1	2.973172E1
1.071000E3	3.938063E0	6.047479E-1	3.024449E1
1.072000E3	3.934374E0	6.047479E-1	3.110910E1
1.073000E3	3.930685E0	6.047479E-1	3.233839E1
1.074000E3	3.926996E0	6.047479E-1	3.388383E1
1.075000E3	3.923306E0	6.047479E-1	3.246861E1
1.076000E3	3.919617E0	6.047479E-1	3.274766E1
1.077000E3	3.915928E0	6.047479E-1	3.195929E1
1.078000E3	3.912239E0	6.047479E-1	3.103010E1
1.079000E3	3.908550E0	6.047479E-1	3.086593E1
1.080000E3	3.904861E0	6.047479E-1	3.210155E1
1.081000E3	3.901171E0	6.047479E-1	3.136275E1
1.082000E3	3.897482E0	6.047479E-1	3.274277E1
1.083000E3	3.893793E0	6.047479E-1	3.456387E1
1.084000E3	3.890104E0	6.047479E-1	3.509553E1
1.085000E3	3.886415E0	6.047479E-1	3.288996E1
1.086000E3	3.882725E0	6.047479E-1	3.262649E1
1.087000E3	3.879036E0	6.047479E-1	3.447883E1
1.088000E3	3.875347E0	6.047479E-1	3.391943E1
1.089000E3	3.871658E0	6.047479E-1	3.366435E1
1.090000E3	3.867969E0	6.047479E-1	3.326542E1
1.091000E3	3.864279E0	6.047479E-1	3.170711E1
1.092000E3	3.860590E0	6.047479E-1	3.213208E1
1.093000E3	3.856901E0	6.047479E-1	3.096937E1
1.094000E3	3.853212E0	6.047479E-1	3.171611E1
1.095000E3	3.849523E0	6.047479E-1	3.351120E1
1.096000E3	3.845833E0	6.047479E-1	3.648658E1
1.097000E3	3.842144E0	6.047479E-1	3.635656E1
1.098000E3	3.838455E0	6.047479E-1	3.585969E1
1.099000E3	3.834766E0	6.047479E-1	3.536195E1
1.100000E3	3.831077E0	6.047479E-1	3.515648E1
1.101000E3	3.827388E0	6.047479E-1	3.672379E1
1.102000E3	3.823698E0	6.047479E-1	3.724634E1
1.103000E3	3.820009E0	6.047479E-1	3.538657E1
1.104000E3	3.816320E0	6.047479E-1	3.378630E1
1.105000E3	3.812631E0	6.047479E-1	3.431676E1
1.106000E3	3.808942E0	6.047479E-1	3.699069E1
1.107000E3	3.805252E0	6.047479E-1	3.842790E1
1.108000E3	3.801563E0	6.047479E-1	3.836042E1
1.109000E3	3.797874E0	6.047479E-1	3.913808E1
1.110000E3	3.794185E0	6.047479E-1	4.051128E1
1.111000E3	3.790496E0	6.047479E-1	4.054712E1
1.112000E3	3.786806E0	6.047479E-1	4.062517E1
1.113000E3	3.783117E0	6.047479E-1	3.928173E1
1.114000E3	3.779428E0	6.047479E-1	3.868133E1
1.115000E3	3.775739E0	6.047479E-1	3.818616E1
1.116000E3	3.772050E0	6.047479E-1	3.662449E1
1.117000E3	3.768360E0	6.047479E-1	3.617127E1
1.118000E3	3.764671E0	6.047479E-1	3.529702E1
1.119000E3	3.760982E0	6.047479E-1	3.421525E1
1.120000E3	3.757293E0	6.047479E-1	3.445953E1
1.121000E3	3.753604E0	6.047479E-1	3.675012E1
1.122000E3	3.749915E0	6.047479E-1	3.727199E1
1.123000E3	3.746225E0	6.047479E-1	3.775920E1
1.124000E3	3.742536E0	6.047479E-1	4.043649E1
1.125000E3	3.738847E0	6.047479E-1	4.134790E1
1.126000E3	3.735158E0	6.047479E-1	4.174882E1
1.127000E3	3.731469E0	6.047479E-1	4.090040E1
1.128000E3	3.727779E0	6.047479E-1	4.202887E1
1.129000E3	3.724090E0	6.047479E-1	4.242155E1
1.130000E3	3.720401E0	6.047479E-1	4.387957E1
1.131000E3	3.716712E0	6.047479E-1	4.543473E1
1.132000E3	3.713023E0	6.047479E-1	4.480132E1
1.133000E3	3.709333E0	6.047479E-1	4.389656E1
1.134000E3	3.705644E0	6.047479E-1	4.372914E1
1.135000E3	3.701955E0	6.047479E-1	4.174191E1
1.136000E3	3.698266E0	6.047479E-1	3.924532E1
1.137000E3	3.694577E0	6.047479E-1	3.759532E1
1.138000E3	3.690887E0	6.047479E-1	3.761407E1
1.139000E3	3.687198E0	6.047479E-1	3.448892E1
1.140000E3	3.683509E0	6.047479E-1	3.183821E1
1.141000E3	3.679820E0	6.047479E-1	3.070350E1
1.142000E3	3.676131E0	6.047479E-1	3.105530E1
1.143000E3	3.672441E0	6.047479E-1	3.182602E1
1.144000E3	3.668752E0	6.047479E-1	3.264650E1
1.145000E3	3.665063E0	6.047479E-1	3.197906E1
1.146000E3	3.661374E0	6.047479E-1	3.225209E1
1.147000E3	3.657685E0	6.047479E-1	3.362415E1
1.148000E3	3.653996E0	6.047479E-1	3.524588E1
1.149000E3	3.650306E0	6.047479E-1	4.043034E1
1.150000E3	3.646617E0	6.047479E-1	4.169754E1
1.151000E3	3.642928E0	6.047479E-1	4.093432E1
1.152000E3	3.639239E0	6.047479E-1	4.069607E1
1.153000E3	3.635550E0	6.047479E-1	4.014200E1
1.154000E3	3.631860E0	6.047479E-1	3.936570E1
1.155000E3	3.628171E0	6.047479E-1	4.196563E1
1.156000E3	3.624482E0	6.047479E-1	4.315955E1
1.157000E3	3.620793E0	6.047479E-1	4.248172E1
1.158000E3	3.617104E0	6.047479E-1	4.344825E1
1.159000E3	3.613414E0	6.047479E-1	4.147022E1
1.160000E3	3.609725E0	6.047479E-1	4.166485E1
1.161000E3	3.606036E0	6.047479E-1	4.268282E1
1.162000E3	3.602347E0	6.047479E-1	4.211100E1
1.163000E3	3.598658E0	6.047479E-1	4.183657E1
1.164000E3	3.594968E0	6.047479E-1	4.050243E1
1.165000E3	3.591279E0	6.047479E-1	3.966402E1
1.166000E3	3.587590E0	6.047479E-1	4.003795E1
1.167000E3	3.583901E0	6.047479E-1	4.053123E1
1.168000E3	3.580212E0	6.047479E-1	3.984971E1
1.169000E3	3.576523E0	6.047479E-1	3.791400E1
1.170000E3	3.572833E0	6.047479E-1	3.602129E1
1.171000E3	3.569144E0	6.047479E-1	3.760751E1
1.172000E3	3.565455E0	6.047479E-1	3.946779E1
1.173000E3	3.561766E0	6.047479E-1	4.004631E1
1.174000E3	3.558077E0	6.047479E-1	4.159438E1
1.175000E3	3.554387E0	6.047479E-1	4.278578E1
1.176000E3	3.550698E0	6.047479E-1	4.171388E1
1.177000E3	3.547009E0	6.047479E-1	4.008703E1
1.178000E3	3.543320E0	6.047479E-1	3.884063E1
1.179000E3	3.539631E0	6.047479E-1	3.976450E1
1.180000E3	3.535941E0	6.047479E-1	4.334487E1
1.181000E3	3.532252E0	6.047479E-1	4.523410E1
1.182000E3	3.528563E0	6.047479E-1	4.401227E1
1.183000E3	3.524874E0	6.047479E-1	4.098536E1
1.184000E3	3.521185E0	6.047479E-1	4.200262E1
1.185000E3	3.517495E0	6.047479E-1	4.175149E1
1.186000E3	3.513806E0	6.047479E-1	4.086269E1
1.187000E3	3.510117E0	6.047479E-1	3.822290E1
1.188000E3	3.506428E0	6.047479E-1	3.760130E1
1.189000E3	3.502739E0	6.047479E-1	3.570340E1
1.190000E3	3.499050E0	6.047479E-1	3.595098E1
1.191000E3	3.495360E0	6.047479E-1	3.722086E1
1.192000E3	3.491671E0	6.047479E-1	3.778719E1
1.193000E3	3.487982E0	6.047479E-1	3.782208E1
1.194000E3	3.484293E0	6.047479E-1	3.607690E1
1.195000E3	3.480604E0	6.047479E-1	3.639279E1
1.196000E3	3.476914E0	6.047479E-1	3.576893E1
1.197000E3	3.473225E0	6.047479E-1	3.523550E1
1.198000E3	3.469536E0	6.047479E-1	3.551591E1
1.199000E3	3.465847E0	6.047479E-1	3.561059E1
1.200000E3	3.462158E0	6.047479E-1	3.497321E1
1.201000E3	3.458468E0	6.047479E-1	3.708347E1
1.202000E3	3.454779E0	6.047479E-1	3.792965E1
1.203000E3	3.451090E0	6.047479E-1	3.645093E1
1.204000E3	3.447401E0	6.047479E-1	3.780604E1
1.205000E3	3.443712E0	6.047479E-1	3.719241E1
1.206000E3	3.440022E0	6.047479E-1	3.561547E1
1.207000E3	3.436333E0	6.047479E-1	3.709198E1
1.208000E3	3.432644E0	6.047479E-1	3.672011E1
1.209000E3	3.428955E0	6.047479E-1	3.826524E1
1.210000E3	3.425266E0	6.047479E-1	3.841627E1
1.211000E3	3.421576E0	6.047479E-1	3.673846E1
1.212000E3	3.417887E0	6.047479E-1	3.697468E1
1.213000E3	3.414198E0	6.047479E-1	3.694893E1
1.214000E3	3.410509E0	6.047479E-1	3.708740E1
1.215000E3	3.406820E0	6.047479E-1	3.578813E1
1.216000E3	3.403131E0	6.047479E-1	3.516655E1
1.217000E3	3.399441E0	6.047479E-1	3.379537E1
1.218000E3	3.395752E0	6.047479E-1	3.337242E1
1.219000E3	3.392063E0	6.047479E-1	3.267997E1
1.220000E3	3.388374E0	6.047479E-1	3.128620E1
1.221000E3	3.384685E0	6.047479E-1	3.044026E1
1.222000E3	3.380995E0	6.047479E-1	3.059244E1
1.223000E3	3.377306E0	6.047479E-1	3.002409E1
1.224000E3	3.373617E0	6.047479E-1	2.960457E1
1.225000E3	3.369928E0	6.047479E-1	3.028797E1
1.226000E3	3.366239E0	6.047479E-1	3.040715E1
1.227000E3	3.362549E0	6.047479E-1	3.187307E1
1.228000E3	3.358860E0	6.047479E-1	3.122399E1
1.229000E3	3.355171E0	6.047479E-1	2.968501E1
1.230000E3	3.351482E0	6.047479E-1	3.253989E1
1.231000E3	3.347793E0	6.047479E-1	3.125230E1
1.232000E3	3.344103E0	6.047479E-1	3.003448E1
1.233000E3	3.340414E0	6.047479E-1	3.084001E1
1.234000E3	3.336725E0	6.047479E-1	3.135851E1
1.235000E3	3.333036E0	6.047479E-1	3.217906E1
1.236000E3	3.329347E0	6.047479E-1	3.153163E1
1.237000E3	3.325658E0	6.047479E-1	3.067430E1
1.238000E3	3.321968E0	6.047479E-1	2.974647E1
1.239000E3	3.318279E0	6.047479E-1	2.968511E1
1.240000E3	3.314590E0	6.047479E-1	2.841373E1
1.241000E3	3.310901E0	6.047479E-1	3.018923E1
1.242000E3	3.307212E0	6.047479E-1	2.860764E1
1.243000E3	3.303522E0	6.047479E-1	2.692092E1
1.244000E3	3.299833E0	6.047479E-1	2.710321E1
1.245000E3	3.296144E0	6.047479E-1	2.703365E1
1.246000E3	3.292455E0	6.047479E-1	2.579449E1
1.247000E3	3.288766E0	6.047479E-1	2.509855E1
1.248000E3	3.285076E0	6.047479E-1	2.588361E1
1.249000E3	3.281387E0	6.047479E-1	2.728969E1
1.250000E3	3.277698E0	6.047479E-1	2.770147E1
1.251000E3	3.274009E0	6.047479E-1	2.744261E1
1.252000E3	3.270320E0	6.047479E-1	2.579108E1
1.253000E3	3.266630E0	6.047479E-1	2.536152E1
1.254000E3	3.262941E0	6.047479E-1	2.647586E1
1.255000E3	3.259252E0	6.047479E-1	2.750544E1
1.256000E3	3.255563E0	6.047479E-1	2.520551E1
1.257000E3	3.251874E0	6.047479E-1	2.507115E1
1.258000E3	3.248184E0	6.047479E-1	2.540887E1
1.259000E3	3.244495E0	6.047479E-1	2.598280E1
1.260000E3	3.240806E0	6.047479E-1	2.524487E1
1.261000E3	3.237117E0	6.047479E-1	2.505564E1
1.262000E3	3.233428E0	6.047479E-1	2.576908E1
1.263000E3	3.229739E0	6.047479E-1	2.622005E1
1.264000E3	3.226049E0	6.047479E-1	2.491546E1
1.265000E3	3.222360E0	6.047479E-1	2.380418E1
1.266000E3	3.218671E0	6.047479E-1	2.224398E1
1.267000E3	3.214982E0	6.047479E-1	2.336709E1
1.268000E3	3.211293E0	6.047479E-1	2.327224E1
1.269000E3	3.207603E0	6.047479E-1	2.267159E1
1.270000E3	3.203914E0	6.047479E-1	2.330308E1
1.271000E3	3.200225E0	6.047479E-1	2.176318E1
1.272000E3	3.196536E0	6.047479E-1	2.073198E1
1.273000E3	3.192847E0	6.047479E-1	2.226361E1
1.274000E3	3.189157E0	6.047479E-1	2.192962E1
1.275000E3	3.185468E0	6.047479E-1	2.255722E1
1.276000E3	3.181779E0	6.047479E-1	2.160551E1
1.277000E3	3.178090E0	6.047479E-1	2.272310E1
1.278000E3	3.174401E0	6.047479E-1	2.405431E1
1.279000E3	3.170711E0	6.047479E-1	2.234856E1
1.280000E3	3.167022E0	6.047479E-1	2.422089E1
1.281000E3	3.163333E0	6.047479E-1	2.281743E1
1.282000E3	3.159644E0	6.047479E-1	2.437974E1
1.283000E3	3.155955E0	6.047479E-1	2.601488E1
1.284000E3	3.152266E0	6.047479E-1	2.402334E1
1.285000E3	3.148576E0	6.047479E-1	2.373862E1
1.286000E3	3.144887E0	6.047479E-1	2.448102E1
1.287000E3	3.141198E0	6.047479E-1	2.376667E1
1.288000E3	3.137509E0	6.047479E-1	2.360734E1
1.289000E3	3.133820E0	6.047479E-1	2.574770E1
1.290000E3	3.130130E0	6.047479E-1	2.553493E1
1.291000E3	3.126441E0	6.047479E-1	2.583147E1
1.292000E3	3.122752E0	6.047479E-1	2.569597E1
1.293000E3	3.119063E0	6.047479E-1	2.582818E1
1.294000E3	3.115374E0	6.047479E-1	2.651490E1
1.295000E3	3.111684E0	6.047479E-1	2.492511E1
1.296000E3	3.107995E0	6.047479E-1	2.406625E1
1.297000E3	3.104306E0	6.047479E-1	2.351120E1
1.298000E3	3.100617E0	6.047479E-1	2.192279E1
1.299000E3	3.096928E0	6.047479E-1	2.226255E1
1.300000E3	3.093238E0	6.047479E-1	2.321935E1
1.301000E3	3.089549E0	6.047479E-1	2.354239E1
1.302000E3	3.085860E0	6.047479E-1	2.480107E1
1.303000E3	3.082171E0	6.047479E-1	2.539269E1
1.304000E3	3.078482E0	6.047479E-1	2.689338E1
1.305000E3	3.074793E0	6.047479E-1	2.711323E1
1.306000E3	3.071103E0	6.047479E-1	2.580667E1
1.307000E3	3.067414E0	6.047479E-1	2.570395E1
1.308000E3	3.063725E0	6.047479E-1	2.409829E1
1.309000E3	3.060036E0	6.047479E-1	2.464916E1
1.310000E3	3.056347E0	6.047479E-1	2.642862E1
1.311000E3	3.052657E0	6.047479E-1	2.680191E1
1.312000E3	3.048968E0	6.047479E-1	2.579009E1
1.313000E3	3.045279E0	6.047479E-1	2.483197E1
1.314000E3	3.041590E0	6.047479E-1	2.575158E1
1.315000E3	3.037901E0	6.047479E-1	2.675782E1
1.316000E3	3.034211E0	6.047479E-1	2.782465E1
1.317000E3	3.030522E0	6.047479E-1	2.740536E1
1.318000E3	3.026833E0	6.047479E-1	2.841682E1
1.319000E3	3.023144E0	6.047479E-1	2.882179E1
1.320000E3	3.019455E0	6.047479E-1	2.798419E1
1.321000E3	3.015765E0	6.047479E-1	2.764394E1
1.322000E3	3.012076E0	6.047479E-1	2.683336E1
1.323000E3	3.008387E0	6.047479E-1	2.810322E1
1.324000E3	3.004698E0	6.047479E-1	2.813038E1
1.325000E3	3.001009E0	6.047479E-1	2.875534E1
1.326000E3	2.997319E0	6.047479E-1	2.934159E1
1.327000E3	2.993630E0	6.047479E-1	2.955278E1
1.328000E3	2.989941E0	6.047479E-1	2.960081E1
1.329000E3	2.986252E0	6.047479E-1	3.034259E1
1.330000E3	2.982563E0	6.047479E-1	3.051302E1
1.331000E3	2.978874E0	6.047479E-1	3.189278E1
1.332000E3	2.975184E0	6.047479E-1	3.236009E1
1.333000E3	2.971495E0	6.047479E-1	3.210652E1
1.334000E3	2.967806E0	6.047479E-1	3.262823E1
1.335000E3	2.964117E0	6.047479E-1	3.307447E1
1.336000E3	2.960428E0	6.047479E-1	3.132391E1
1.337000E3	2.956738E0	6.047479E-1	3.241220E1
1.338000E3	2.953049E0	6.047479E-1	3.530851E1
1.339000E3	2.949360E0	6.047479E-1	3.508418E1
1.340000E3	2.945671E0	6.047479E-1	3.306617E1
1.341000E3	2.941982E0	6.047479E-1	3.387971E1
1.342000E3	2.938292E0	6.047479E-1	3.397302E1
1.343000E3	2.934603E0	6.047479E-1	3.500180E1
1.344000E3	2.930914E0	6.047479E-1	3.526268E1
1.345000E3	2.927225E0	6.047479E-1	3.485615E1
1.346000E3	2.923536E0	6.047479E-1	3.604987E1
1.347000E3	2.919846E0	6.047479E-1	3.636889E1
1.348000E3	2.916157E0	6.047479E-1	3.652062E1
1.349000E3	2.912468E0	6.047479E-1	3.709918E1
1.350000E3	2.908779E0	6.047479E-1	3.618128E1
1.351000E3	2.905090E0	6.047479E-1	3.666837E1
1.352000E3	2.901401E0	6.047479E-1	3.959302E1
1.353000E3	2.897711E0	6.047479E-1	4.083272E1
1.354000E3	2.894022E0	6.047479E-1	3.999546E1
1.355000E3	2.890333E0	6.047479E-1	4.102042E1
1.356000E3	2.886644E0	6.047479E-1	4.094787E1
1.357000E3	2.882955E0	6.047479E-1	4.068596E1
1.358000E3	2.879265E0	6.047479E-1	4.031896E1
1.359000E3	2.875576E0	6.047479E-1	4.138016E1
1.360000E3	2.871887E0	6.047479E-1	4.205620E1
1.361000E3	2.868198E0	6.047479E-1	4.149984E1
1.362000E3	2.864509E0	6.047479E-1	4.259535E1
1.363000E3	2.860819E0	6.047479E-1	4.468811E1
1.364000E3	2.857130E0	6.047479E-1	4.536097E1
1.365000E3	2.853441E0	6.047479E-1	4.617669E1
1.366000E3	2.849752E0	6.047479E-1	4.575230E1
1.367000E3	2.846063E0	6.047479E-1	4.440324E1
1.368000E3	2.842373E0	6.047479E-1	4.285457E1
1.369000E3	2.838684E0	6.047479E-1	4.333870E1
1.370000E3	2.834995E0	6.047479E-1	4.567218E1
1.371000E3	2.831306E0	6.047479E-1	4.540862E1
1.372000E3	2.827617E0	6.047479E-1	4.530429E1
1.373000E3	2.823928E0	6.047479E-1	4.588931E1
1.374000E3	2.820238E0	6.047479E-1	4.615144E1
1.375000E3	2.816549E0	6.047479E-1	4.642444E1
1.376000E3	2.812860E0	6.047479E-1	4.730307E1
1.377000E3	2.809171E0	6.047479E-1	4.737555E1
1.378000E3	2.805482E0	6.047479E-1	4.622547E1
1.379000E3	2.801792E0	6.047479E-1	4.928863E1
1.380000E3	2.798103E0	6.047479E-1	5.260613E1
1.381000E3	2.794414E0	6.047479E-1	5.426960E1
1.382000E3	2.790725E0	6.047479E-1	5.593438E1
1.383000E3	2.787036E0	6.047479E-1	5.563140E1
1.384000E3	2.783346E0	6.047479E-1	5.619543E1
1.385000E3	2.779657E0	6.047479E-1	5.548952E1
1.386000E3	2.775968E0	6.047479E-1	5.518988E1
1.387000E3	2.772279E0	6.047479E-1	5.547200E1
1.388000E3	2.768590E0	6.047479E-1	5.504755E1
1.389000E3	2.764900E0	6.047479E-1	5.434801E1
1.390000E3	2.761211E0	6.047479E-1	5.319615E1
1.391000E3	2.757522E0	6.047479E-1	5.783149E1
1.392000E3	2.753833E0	6.047479E-1	6.015278E1
1.393000E3	2.750144E0	6.047479E-1	5.927444E1
1.394000E3	2.746454E0	6.047479E-1	5.429825E1
1.395000E3	2.742765E0	6.047479E-1	5.085866E1
1.396000E3	2.739076E0	6.047479E-1	4.789191E1
1.397000E3	2.735387E0	6.047479E-1	4.714092E1
1.398000E3	2.731698E0	6.047479E-1	4.932420E1
1.399000E3	2.728009E0	6.047479E-1	4.918433E1
1.400000E3	2.724319E0	6.047479E-1	5.039774E1
1.401000E3	2.720630E0	6.047479E-1	5.298646E1
1.402000E3	2.716941E0	6.047479E-1	5.347087E1
1.403000E3	2.713252E0	6.047479E-1	5.199233E1
1.404000E3	2.709563E0	6.047479E-1	5.145491E1
1.405000E3	2.705873E0	6.047479E-1	5.308628E1
1.406000E3	2.702184E0	6.047479E-1	5.491590E1
1.407000E3	2.698495E0	6.047479E-1	5.678993E1
1.408000E3	2.694806E0	6.047479E-1	5.822420E1
1.409000E3	2.691117E0	6.047479E-1	5.912657E1
1.410000E3	2.687427E0	6.047479E-1	5.889841E1
1.411000E3	2.683738E0	6.047479E-1	5.759328E1
1.412000E3	2.680049E0	6.047479E-1	5.692110E1
1.413000E3	2.676360E0	6.047479E-1	5.741718E1
1.414000E3	2.672671E0	6.047479E-1	5.879393E1
1.415000E3	2.668981E0	6.047479E-1	5.806175E1
1.416000E3	2.665292E0	6.047479E-1	5.779725E1
1.417000E3	2.661603E0	6.047479E-1	5.926994E1
1.418000E3	2.657914E0	6.047479E-1	6.085423E1
1.419000E3	2.654225E0	6.047479E-1	6.103747E1
1.420000E3	2.650536E0	6.047479E-1	6.192700E1
1.421000E3	2.646846E0	6.047479E-1	6.137035E1
1.422000E3	2.643157E0	6.047479E-1	5.973174E1
1.423000E3	2.639468E0	6.047479E-1	6.014015E1
1.424000E3	2.635779E0	6.047479E-1	6.030463E1
1.425000E3	2.632090E0	6.047479E-1	5.825548E1
1.426000E3	2.628400E0	6.047479E-1	5.955013E1
1.427000E3	2.624711E0	6.047479E-1	6.138347E1
1.428000E3	2.621022E0	6.047479E-1	6.267559E1
1.429000E3	2.617333E0	6.047479E-1	6.477259E1
1.430000E3	2.613644E0	6.047479E-1	6.701577E1
1.431000E3	2.609954E0	6.047479E-1	6.743748E1
1.432000E3	2.606265E0	6.047479E-1	6.569908E1
1.433000E3	2.602576E0	6.047479E-1	6.901884E1
1.434000E3	2.598887E0	6.047479E-1	6.858373E1
1.435000E3	2.595198E0	6.047479E-1	6.686858E1
1.436000E3	2.591508E0	6.047479E-1	6.568831E1
1.437000E3	2.587819E0	6.047479E-1	6.415146E1
1.438000E3	2.584130E0	6.047479E-1	6.408343E1
1.439000E3	2.580441E0	6.047479E-1	6.445162E1
1.440000E3	2.576752E0	6.047479E-1	6.559494E1
1.441000E3	2.573063E0	6.047479E-1	6.679845E1
1.442000E3	2.569373E0	6.047479E-1	6.824435E1
1.443000E3	2.565684E0	6.047479E-1	6.592672E1
1.444000E3	2.561995E0	6.047479E-1	6.707284E1
1.445000E3	2.558306E0	6.047479E-1	6.928090E1
1.446000E3	2.554617E0	6.047479E-1	7.233421E1
1.447000E3	2.550927E0	6.047479E-1	7.242822E1
1.448000E3	2.547238E0	6.047479E-1	7.049971E1
1.449000E3	2.543549E0	6.047479E-1	6.846873E1
1.450000E3	2.539860E0	6.047479E-1	6.661807E1
1.451000E3	2.536171E0	6.047479E-1	6.549804E1
1.452000E3	2.532481E0	6.047479E-1	6.311653E1
1.453000E3	2.528792E0	6.047479E-1	6.067910E1
1.454000E3	2.525103E0	6.047479E-1	6.150830E1
1.455000E3	2.521414E0	6.047479E-1	6.042113E1
1.456000E3	2.517725E0	6.047479E-1	6.276424E1
1.457000E3	2.514035E0	6.047479E-1	6.453249E1
1.458000E3	2.510346E0	6.047479E-1	6.507019E1
1.459000E3	2.506657E0	6.047479E-1	6.532857E1
1.460000E3	2.502968E0	6.047479E-1	6.728900E1
1.461000E3	2.499279E0	6.047479E-1	6.891952E1
1.462000E3	2.495589E0	6.047479E-1	6.956488E1
1.463000E3	2.491900E0	6.047479E-1	7.057685E1
1.464000E3	2.488211E0	6.047479E-1	7.184560E1
1.465000E3	2.484522E0	6.047479E-1	7.310304E1
1.466000E3	2.480833E0	6.047479E-1	7.569680E1
1.467000E3	2.477144E0	6.047479E-1	7.593900E1
1.468000E3	2.473454E0	6.047479E-1	7.475948E1
1.469000E3	2.469765E0	6.047479E-1	7.226047E1
1.470000E3	2.466076E0	6.047479E-1	6.974418E1
1.471000E3	2.462387E0	6.047479E-1	6.871902E1
1.472000E3	2.458698E0	6.047479E-1	7.012019E1
1.473000E3	2.455008E0	6.047479E-1	7.045421E1
1.474000E3	2.451319E0	6.047479E-1	6.794643E1
1.475000E3	2.447630E0	6.047479E-1	6.420471E1
1.476000E3	2.443941E0	6.047479E-1	6.268523E1
1.477000E3	2.440252E0	6.047479E-1	6.230967E1
1.478000E3	2.436562E0	6.047479E-1	6.292121E1
1.479000E3	2.432873E0	6.047479E-1	6.270196E1
1.480000E3	2.429184E0	6.047479E-1	6.231897E1
1.481000E3	2.425495E0	6.047479E-1	6.341224E1
1.482000E3	2.421806E0	6.047479E-1	6.549415E1
1.483000E3	2.418116E0	6.047479E-1	6.352465E1
1.484000E3	2.414427E0	6.047479E-1	5.920215E1
1.485000E3	2.410738E0	6.047479E-1	6.053467E1
1.486000E3	2.407049E0	6.047479E-1	6.013170E1
1.487000E3	2.403360E0	6.047479E-1	6.161011E1
1.488000E3	2.399671E0	6.047479E-1	6.226272E1
1.489000E3	2.395981E0	6.047479E-1	6.206894E1
1.490000E3	2.392292E0	6.047479E-1	6.139349E1
1.491000E3	2.388603E0	6.047479E-1	6.197685E1
1.492000E3	2.384914E0	6.047479E-1	5.904175E1
1.493000E3	2.381225E0	6.047479E-1	5.966761E1
1.494000E3	2.377535E0	6.047479E-1	5.956079E1
1.495000E3	2.373846E0	6.047479E-1	5.714675E1
1.496000E3	2.370157E0	6.047479E-1	5.692790E1
1.497000E3	2.366468E0	6.047479E-1	6.109912E1
1.498000E3	2.362779E0	6.047479E-1	6.427777E1
1.499000E3	2.359089E0	6.047479E-1	6.483894E1
1.500000E3	2.355400E0	6.047479E-1	6.388624E1
1.501000E3	2.351711E0	6.047479E-1	6.177007E1
1.502000E3	2.348022E0	6.047479E-1	5.904037E1
1.503000E3	2.344333E0	6.047479E-1	5.615252E1
1.504000E3	2.340643E0	6.047479E-1	5.344467E1
1.505000E3	2.336954E0	6.047479E-1	5.389462E1
1.506000E3	2.333265E0	6.047479E-1	5.457081E1
1.507000E3	2.329576E0	6.047479E-1	5.462200E1
1.508000E3	2.325887E0	6.047479E-1	5.494853E1
1.509000E3	2.322198E0	6.047479E-1	5.447635E1
1.510000E3	2.318508E0	6.047479E-1	5.488419E1
1.511000E3	2.314819E0	6.047479E-1	5.487968E1
1.512000E3	2.311130E0	6.047479E-1	5.392491E1
1.513000E3	2.307441E0	6.047479E-1	5.209052E1
1.514000E3	2.303752E0	6.047479E-1	5.131418E1
1.515000E3	2.300062E0	6.047479E-1	5.006325E1
1.516000E3	2.296373E0	6.047479E-1	5.063551E1
1.517000E3	2.292684E0	6.047479E-1	5.176915E1
1.518000E3	2.288995E0	6.047479E-1	5.146092E1
1.519000E3	2.285306E0	6.047479E-1	5.105708E1
1.520000E3	2.281616E0	6.047479E-1	5.014304E1
1.521000E3	2.277927E0	6.047479E-1	5.008991E1
1.522000E3	2.274238E0	6.047479E-1	4.877527E1
1.523000E3	2.270549E0	6.047479E-1	4.878474E1
1.524000E3	2.266860E0	6.047479E-1	4.754741E1
1.525000E3	2.263170E0	6.047479E-1	4.862155E1
1.526000E3	2.259481E0	6.047479E-1	4.864438E1
1.527000E3	2.255792E0	6.047479E-1	4.590488E1
1.528000E3	2.252103E0	6.047479E-1	4.468152E1
1.529000E3	2.248414E0	6.047479E-1	4.267329E1
1.530000E3	2.244724E0	6.047479E-1	4.228033E1
1.531000E3	2.241035E0	6.047479E-1	4.339060E1
1.532000E3	2.237346E0	6.047479E-1	4.139194E1
1.533000E3	2.233657E0	6.047479E-1	4.193053E1
1.534000E3	2.229968E0	6.047479E-1	4.306309E1
1.535000E3	2.226279E0	6.047479E-1	4.292288E1
1.536000E3	2.222589E0	6.047479E-1	4.230414E1
1.537000E3	2.218900E0	6.047479E-1	3.935361E1
1.538000E3	2.215211E0	6.047479E-1	3.906926E1
1.539000E3	2.211522E0	6.047479E-1	3.839946E1
1.540000E3	2.207833E0	6.047479E-1	3.663960E1
1.541000E3	2.204143E0	6.047479E-1	3.693287E1
1.542000E3	2.200454E0	6.047479E-1	3.737003E1
1.543000E3	2.196765E0	6.047479E-1	3.604671E1
1.544000E3	2.193076E0	6.047479E-1	3.587964E1
1.545000E3	2.189387E0	6.047479E-1	3.479816E1
1.546000E3	2.185697E0	6.047479E-1	3.415896E1
1.547000E3	2.182008E0	6.047479E-1	3.479707E1
1.548000E3	2.178319E0	6.047479E-1	3.421737E1
1.549000E3	2.174630E0	6.047479E-1	3.274649E1
1.550000E3	2.170941E0	6.047479E-1	3.202383E1
1.551000E3	2.167251E0	6.047479E-1	3.344532E1
1.552000E3	2.163562E0	6.047479E-1	3.219325E1
1.553000E3	2.159873E0	6.047479E-1	3.230517E1
1.554000E3	2.156184E0	6.047479E-1	3.150117E1
1.555000E3	2.152495E0	6.047479E-1	2.992392E1
1.556000E3	2.148806E0	6.047479E-1	2.884483E1
1.557000E3	2.145116E0	6.047479E-1	2.669469E1
1.558000E3	2.141427E0	6.047479E-1	2.711959E1
1.559000E3	2.137738E0	6.047479E-1	2.646654E1
1.560000E3	2.134049E0	6.047479E-1	2.576668E1
1.561000E3	2.130360E0	6.047479E-1	2.513039E1
1.562000E3	2.126670E0	6.047479E-1	2.435379E1
1.563000E3	2.122981E0	6.047479E-1	2.469277E1
1.564000E3	2.119292E0	6.047479E-1	2.528451E1
1.565000E3	2.115603E0	6.047479E-1	2.478686E1
1.566000E3	2.111914E0	6.047479E-1	2.440112E1
1.567000E3	2.108224E0	6.047479E-1	2.584854E1
1.568000E3	2.104535E0	6.047479E-1	2.285028E1
1.569000E3	2.100846E0	6.047479E-1	2.335264E1
1.570000E3	2.097157E0	6.047479E-1	2.289400E1
1.571000E3	2.093468E0	6.047479E-1	2.307409E1
1.572000E3	2.089778E0	6.047479E-1	2.255523E1
1.573000E3	2.086089E0	6.047479E-1	2.340638E1
1.574000E3	2.082400E0	6.047479E-1	2.283702E1
1.575000E3	2.078711E0	6.047479E-1	2.263836E1
1.576000E3	2.075022E0	6.047479E-1	2.144168E1
1.577000E3	2.071332E0	6.047479E-1	2.140924E1
1.578000E3	2.067643E0	6.047479E-1	2.127764E1
1.579000E3	2.063954E0	6.047479E-1	2.171099E1
1.580000E3	2.060265E0	6.047479E-1	2.275812E1
1.581000E3	2.056576E0	6.047479E-1	2.317721E1
1.582000E3	2.052887E0	6.047479E-1	2.310043E1
1.583000E3	2.049197E0	6.047479E-1	2.394061E1
1.584000E3	2.045508E0	6.047479E-1	2.463659E1
1.585000E3	2.041819E0	6.047479E-1	2.420826E1
1.586000E3	2.038130E0	6.047479E-1	2.662356E1
1.587000E3	2.034441E0	6.047479E-1	2.698893E1
1.588000E3	2.030751E0	6.047479E-1	2.597220E1
1.589000E3	2.027062E0	6.047479E-1	2.907301E1
1.590000E3	2.023373E0	6.047479E-1	2.978011E1
1.591000E3	2.019684E0	6.047479E-1	2.930761E1
1.592000E3	2.015995E0	6.047479E-1	3.070104E1
1.593000E3	2.012305E0	6.047479E-1	3.204782E1
1.594000E3	2.008616E0	6.047479E-1	3.237703E1
1.595000E3	2.004927E0	6.047479E-1	3.279725E1
1.596000E3	2.001238E0	6.047479E-1	3.256959E1
1.597000E3	1.997549E0	6.047479E-1	3.240046E1
1.598000E3	1.993859E0	6.047479E-1	3.527360E1
1.599000E3	1.990170E0	6.047479E-1	3.682189E1
1.600000E3	1.986481E0	6.047479E-1	3.654825E1
1.601000E3	1.982792E0	6.047479E-1	3.843894E1
1.602000E3	1.979103E0	6.047479E-1	4.018110E1
1.603000E3	1.975414E0	6.047479E-1	4.137714E1
1.604000E3	1.971724E0	6.047479E-1	4.146334E1
1.605000E3	1.968035E0	6.047479E-1	3.965341E1
1.606000E3	1.964346E0	6.047479E-1	3.955658E1
1.607000E3	1.960657E0	6.047479E-1	4.121395E1
1.608000E3	1.956968E0	6.047479E-1	4.321818E1
1.609000E3	1.953278E0	6.047479E-1	4.324343E1
1.610000E3	1.949589E0	6.047479E-1	4.434279E1
1.611000E3	1.945900E0	6.047479E-1	4.582814E1
1.612000E3	1.942211E0	6.047479E-1	4.568539E1
1.613000E3	1.938522E0	6.047479E-1	5.024525E1
1.614000E3	1.934832E0	6.047479E-1	5.221892E1
1.615000E3	1.931143E0	6.047479E-1	5.070073E1
1.616000E3	1.927454E0	6.047479E-1	5.268014E1
1.617000E3	1.923765E0	6.047479E-1	5.354344E1
1.618000E3	1.920076E0	6.047479E-1	5.546139E1
1.619000E3	1.916386E0	6.047479E-1	5.832414E1
1.620000E3	1.912697E0	6.047479E-1	6.046386E1
1.621000E3	1.909008E0	6.047479E-1	6.063591E1
1.622000E3	1.905319E0	6.047479E-1	6.113700E1
1.623000E3	1.901630E0	6.047479E-1	6.182160E1
1.624000E3	1.897941E0	6.047479E-1	6.296728E1
1.625000E3	1.894251E0	6.047479E-1	6.225289E1
1.626000E3	1.890562E0	6.047479E-1	6.081450E1
1.627000E3	1.886873E0	6.047479E-1	6.412444E1
1.628000E3	1.883184E0	6.047479E-1	7.103056E1
1.629000E3	1.879495E0	6.047479E-1	7.309185E1
1.630000E3	1.875805E0	6.047479E-1	7.349365E1
1.631000E3	1.872116E0	6.047479E-1	7.391177E1
1.632000E3	1.868427E0	6.047479E-1	7.138451E1
1.633000E3	1.864738E0	6.047479E-1	6.952103E1
1.634000E3	1.861049E0	6.047479E-1	6.969593E1
1.635000E3	1.857359E0	6.047479E-1	7.053474E1
1.636000E3	1.853670E0	6.047479E-1	6.893034E1
1.637000E3	1.849981E0	6.047479E-1	7.062335E1
1.638000E3	1.846292E0	6.047479E-1	7.168117E1
1.639000E3	1.842603E0	6.047479E-1	7.401312E1
1.640000E3	1.838913E0	6.047479E-1	7.946005E1
1.641000E3	1.835224E0	6.047479E-1	8.246056E1
1.642000E3	1.831535E0	6.047479E-1	8.444658E1
1.643000E3	1.827846E0	6.047479E-1	8.571792E1
1.644000E3	1.824157E0	6.047479E-1	8.687647E1
1.645000E3	1.820467E0	6.047479E-1	8.887209E1
1.646000E3	1.816778E0	6.047479E-1	8.867420E1
1.647000E3	1.813089E0	6.047479E-1	8.730112E1
1.648000E3	1.809400E0	6.047479E-1	8.689405E1
1.649000E3	1.805711E0	6.047479E-1	8.430796E1
1.650000E3	1.802022E0	6.047479E-1	8.701585E1
1.651000E3	1.798332E0	6.047479E-1	9.003571E1
1.652000E3	1.794643E0	6.047479E-1	9.007271E1
1.653000E3	1.790954E0	6.047479E-1	9.534836E1
1.654000E3	1.787265E0	6.047479E-1	9.800943E1
1.655000E3	1.783576E0	6.047479E-1	9.928002E1
1.656000E3	1.779886E0	6.047479E-1	9.839307E1
1.657000E3	1.776197E0	6.047479E-1	9.342322E1
1.658000E3	1.772508E0	6.047479E-1	9.102884E1
1.659000E3	1.768819E0	6.047479E-1	8.997945E1
1.660000E3	1.765130E0	6.047479E-1	8.892371E1
1.661000E3	1.761440E0	6.047479E-1	8.721540E1
1.662000E3	1.757751E0	6.047479E-1	8.589664E1
1.663000E3	1.754062E0	6.047479E-1	8.243083E1
1.664000E3	1.750373E0	6.047479E-1	8.147892E1
1.665000E3	1.746684E0	6.047479E-1	8.255679E1
1.666000E3	1.742994E0	6.047479E-1	8.585236E1
1.667000E3	1.739305E0	6.047479E-1	9.124739E1
1.668000E3	1.735616E0	6.047479E-1	9.706050E1
1.669000E3	1.731927E0	6.047479E-1	9.952794E1
1.670000E3	1.728238E0	6.047479E-1	1.058732E2
1.671000E3	1.724549E0	6.047479E-1	1.073360E2
1.672000E3	1.720859E0	6.047479E-1	1.071541E2
1.673000E3	1.717170E0	6.047479E-1	1.082769E2
1.674000E3	1.713481E0	6.047479E-1	1.100462E2
1.675000E3	1.709792E0	6.047479E-1	1.121511E2
1.676000E3	1.706103E0	6.047479E-1	1.150715E2
1.677000E3	1.702413E0	6.047479E-1	1.160228E2
1.678000E3	1.698724E0	6.047479E-1	1.148635E2
1.679000E3	1.695035E0	6.047479E-1	1.153875E2
1.680000E3	1.691346E0	6.047479E-1	1.149069E2
1.681000E3	1.687657E0	6.047479E-1	1.114971E2
1.682000E3	1.683967E0	6.047479E-1	1.132965E2
1.683000E3	1.680278E0	6.047479E-1	1.125723E2
1.684000E3	1.676589E0	6.047479E-1	1.126130E2
1.685000E3	1.672900E0	6.047479E-1	1.099457E2
1.686000E3	1.669211E0	6.047479E-1	1.084409E2
1.687000E3	1.665521E0	6.047479E-1	1.090943E2
1.688000E3	1.661832E0	6.047479E-1	1.081147E2
1.689000E3	1.658143E0	6.047479E-1	1.071107E2
1.690000E3	1.654454E0	6.047479E-1	1.089312E2
1.691000E3	1.650765E0	6.047479E-1	1.122840E2
1.692000E3	1.647076E0	6.047479E-1	1.116462E2
1.693000E3	1.643386E0	6.047479E-1	1.134767E2
1.694000E3	1.639697E0	6.047479E-1	1.156135E2
1.695000E3	1.636008E0	6.047479E-1	1.158726E2
1.696000E3	1.632319E0	6.047479E-1	1.154847E2
1.697000E3	1.628630E0	6.047479E-1	1.142628E2
1.698000E3	1.624940E0	6.047479E-1	1.146208E2
1.699000E3	1.621251E0	6.047479E-1	1.137544E2
1.700000E3	1.617562E0	6.047479E-1	1.141218E2
1.701000E3	1.613873E0	6.047479E-1	1.167460E2
1.702000E3	1.610184E0	6.047479E-1	1.211854E2
1.703000E3	1.606494E0	6.047479E-1	1.241043E2
1.704000E3	1.602805E0	6.047479E-1	1.244283E2
1.705000E3	1.599116E0	6.047479E-1	1.256265E2
1.706000E3	1.595427E0	6.047479E-1	1.275556E2
1.707000E3	1.591738E0	6.047479E-1	1.282997E2
1.708000E3	1.588048E0	6.047479E-1	1.269416E2
1.709000E3	1.584359E0	6.047479E-1	1.251714E2
1.710000E3	1.580670E0	6.047479E-1	1.265141E2
1.711000E3	1.576981E0	6.047479E-1	1.281192E2
1.712000E3	1.573292E0	6.047479E-1	1.281538E2
1.713000E3	1.569602E0	6.047479E-1	1.214359E2
1.714000E3	1.565913E0	6.047479E-1	1.178531E2
1.715000E3	1.562224E0	6.047479E-1	1.157684E2
1.716000E3	1.558535E0	6.047479E-1	1.126445E2
1.717000E3	1.554846E0	6.047479E-1	1.158978E2
1.718000E3	1.551157E0	6.047479E-1	1.176081E2
1.719000E3	1.547467E0	6.047479E-1	1.222478E2
1.720000E3	1.543778E0	6.047479E-1	1.245189E2
1.721000E3	1.540089E0	6.047479E-1	1.266700E2
1.722000E3	1.536400E0	6.047479E-1	1.297177E2
1.723000E3	1.532711E0	6.047479E-1	1.312576E2
1.724000E3	1.529021E0	6.047479E-1	1.336012E2
1.725000E3	1.525332E0	6.047479E-1	1.351644E2
1.726000E3	1.521643E0	6.047479E-1	1.352730E2
1.727000E3	1.517954E0	6.047479E-1	1.352711E2
1.728000E3	1.514265E0	6.047479E-1	1.353177E2
1.729000E3	1.510575E0	6.047479E-1	1.356484E2
1.730000E3	1.506886E0	6.047479E-1	1.387836E2
1.731000E3	1.503197E0	6.047479E-1	1.434157E2
1.732000E3	1.499508E0	6.047479E-1	1.438350E2
1.733000E3	1.495819E0	6.047479E-1	1.392692E2
1.734000E3	1.492129E0	6.047479E-1	1.343635E2
1.735000E3	1.488440E0	6.047479E-1	1.295400E2
1.736000E3	1.484751E0	6.047479E-1	1.275513E2
1.737000E3	1.481062E0	6.047479E-1	1.248620E2
1.738000E3	1.477373E0	6.047479E-1	1.235766E2
1.739000E3	1.473684E0	6.047479E-1	1.260644E2
1.740000E3	1.469994E0	6.047479E-1	1.286487E2
1.741000E3	1.466305E0	6.047479E-1	1.280213E2
1.742000E3	1.462616E0	6.047479E-1	1.279254E2
1.743000E3	1.458927E0	6.047479E-1	1.272853E2
1.744000E3	1.455238E0	6.047479E-1	1.264809E2
1.745000E3	1.451548E0	6.047479E-1	1.244647E2
1.746000E3	1.447859E0	6.047479E-1	1.253739E2
1.747000E3	1.444170E0	6.047479E-1	1.273402E2
1.748000E3	1.440481E0	6.047479E-1	1.300697E2
1.749000E3	1.436792E0	6.047479E-1	1.316443E2
1.750000E3	1.433102E0	6.047479E-1	1.304304E2
1.751000E3	1.429413E0	6.047479E-1	1.288660E2
1.752000E3	1.425724E0	6.047479E-1	1.284977E2
1.753000E3	1.422035E0	6.047479E-1	1.307113E2
1.754000E3	1.418346E0	6.047479E-1	1.323933E2
1.755000E3	1.414656E0	6.047479E-1	1.343721E2
1.756000E3	1.410967E0	6.047479E-1	1.315098E2
1.757000E3	1.407278E0	6.047479E-1	1.330147E2
1.758000E3	1.403589E0	6.047479E-1	1.363972E2
1.759000E3	1.399900E0	6.047479E-1	1.353670E2
1.760000E3	1.396211E0	6.047479E-1	1.326415E2
1.761000E3	1.392521E0	6.047479E-1	1.289497E2
1.762000E3	1.388832E0	6.047479E-1	1.274933E2
1.763000E3	1.385143E0	6.047479E-1	1.246932E2
1.764000E3	1.381454E0	6.047479E-1	1.205144E2
1.765000E3	1.377765E0	6.047479E-1	1.172357E2
1.766000E3	1.374075E0	6.047479E-1	1.156944E2
1.767000E3	1.370386E0	6.047479E-1	1.166667E2
1.768000E3	1.366697E0	6.047479E-1	1.156867E2
1.769000E3	1.363008E0	6.047479E-1	1.137519E2
1.770000E3	1.359319E0	6.047479E-1	1.159867E2
1.771000E3	1.355629E0	6.047479E-1	1.165775E2
1.772000E3	1.351940E0	6.047479E-1	1.227375E2
1.773000E3	1.348251E0	6.047479E-1	1.273128E2
1.774000E3	1.344562E0	6.047479E-1	1.292897E2
1.775000E3	1.340873E0	6.047479E-1	1.332197E2
1.776000E3	1.337183E0	6.047479E-1	1.348119E2
1.777000E3	1.333494E0	6.047479E-1	1.322821E2
1.778000E3	1.329805E0	6.047479E-1	1.304447E2
1.779000E3	1.326116E0	6.047479E-1	1.280929E2
1.780000E3	1.322427E0	6.047479E-1	1.278959E2
1.781000E3	1.318737E0	6.047479E-1	1.300655E2
1.782000E3	1.315048E0	6.047479E-1	1.317487E2
1.783000E3	1.311359E0	6.047479E-1	1.305823E2
1.784000E3	1.307670E0	6.047479E-1	1.214692E2
1.785000E3	1.303981E0	6.047479E-1	1.177310E2
1.786000E3	1.300292E0	6.047479E-1	1.147066E2
1.787000E3	1.296602E0	6.047479E-1	1.175674E2
1.788000E3	1.292913E0	6.047479E-1	1.208885E2
1.789000E3	1.289224E0	6.047479E-1	1.174987E2
1.790000E3	1.285535E0	6.047479E-1	1.124101E2
1.791000E3	1.281846E0	6.047479E-1	1.106214E2
1.792000E3	1.278156E0	6.047479E-1	1.087276E2
1.793000E3	1.274467E0	6.047479E-1	1.050962E2
1.794000E3	1.270778E0	6.047479E-1	1.028267E2
1.795000E3	1.267089E0	6.047479E-1	1.025098E2
1.796000E3	1.263400E0	6.047479E-1	1.039706E2
1.797000E3	1.259710E0	6.047479E-1	1.047416E2
1.798000E3	1.256021E0	6.047479E-1	1.074603E2
1.799000E3	1.252332E0	6.047479E-1	1.122470E2
1.800000E3	1.248643E0	6.047479E-1	1.119604E2
1.801000E3	1.244954E0	6.047479E-1	1.120493E2
1.802000E3	1.241264E0	6.047479E-1	1.126392E2
1.803000E3	1.237575E0	6.047479E-1	1.168700E2
1.804000E3	1.233886E0	6.047479E-1	1.128285E2
1.805000E3	1.230197E0	6.047479E-1	1.114497E2
1.806000E3	1.226508E0	6.047479E-1	1.109985E2
1.807000E3	1.222819E0	6.047479E-1	1.108822E2
1.808000E3	1.219129E0	6.047479E-1	1.082834E2
1.809000E3	1.215440E0	6.047479E-1	1.047381E2
1.810000E3	1.211751E0	6.047479E-1	1.045310E2
1.811000E3	1.208062E0	6.047479E-1	1.079324E2
1.812000E3	1.204373E0	6.047479E-1	1.074094E2
1.813000E3	1.200683E0	6.047479E-1	1.029195E2
1.814000E3	1.196994E0	6.047479E-1	1.017863E2
1.815000E3	1.193305E0	6.047479E-1	1.005560E2
1.816000E3	1.189616E0	6.047479E-1	9.875274E1
1.817000E3	1.185927E0	6.047479E-1	9.704725E1
1.818000E3	1.182237E0	6.047479E-1	9.840035E1
1.819000E3	1.178548E0	6.047479E-1	9.696516E1
1.820000E3	1.174859E0	6.047479E-1	9.208625E1
1.821000E3	1.171170E0	6.047479E-1	8.970601E1
1.822000E3	1.167481E0	6.047479E-1	8.713950E1
1.823000E3	1.163791E0	6.047479E-1	8.873338E1
1.824000E3	1.160102E0	6.047479E-1	8.974724E1
1.825000E3	1.156413E0	6.047479E-1	8.834238E1
1.826000E3	1.152724E0	6.047479E-1	8.886011E1
1.827000E3	1.149035E0	6.047479E-1	8.917043E1
1.828000E3	1.145345E0	6.047479E-1	9.013499E1
1.829000E3	1.141656E0	6.047479E-1	9.097481E1
1.830000E3	1.137967E0	6.047479E-1	8.922784E1
1.831000E3	1.134278E0	6.047479E-1	8.653303E1
1.832000E3	1.130589E0	6.047479E-1	8.537079E1
1.833000E3	1.126900E0	6.047479E-1	8.447020E1
1.834000E3	1.123210E0	6.047479E-1	8.450540E1
1.835000E3	1.119521E0	6.047479E-1	8.339861E1
1.836000E3	1.115832E0	6.047479E-1	8.040566E1
1.837000E3	1.112143E0	6.047479E-1	7.898592E1
1.838000E3	1.108454E0	6.047479E-1	7.671308E1
1.839000E3	1.104764E0	6.047479E-1	7.219004E1
1.840000E3	1.101075E0	6.047479E-1	7.112533E1
1.841000E3	1.097386E0	6.047479E-1	6.926607E1
1.842000E3	1.093697E0	6.047479E-1	6.767842E1
1.843000E3	1.090008E0	6.047479E-1	6.686232E1
1.844000E3	1.086318E0	6.047479E-1	6.866204E1
1.845000E3	1.082629E0	6.047479E-1	6.730775E1
1.846000E3	1.078940E0	6.047479E-1	6.413250E1
1.847000E3	1.075251E0	6.047479E-1	6.238686E1
1.848000E3	1.071562E0	6.047479E-1	5.982077E1
1.849000E3	1.067872E0	6.047479E-1	6.012301E1
1.850000E3	1.064183E0	6.047479E-1	6.262535E1
1.851000E3	1.060494E0	6.047479E-1	6.518077E1
1.852000E3	1.056805E0	6.047479E-1	6.723858E1
1.853000E3	1.053116E0	6.047479E-1	6.807607E1
1.854000E3	1.049427E0	6.047479E-1	7.011715E1
1.855000E3	1.045737E0	6.047479E-1	6.952679E1
1.856000E3	1.042048E0	6.047479E-1	6.792402E1
1.857000E3	1.038359E0	6.047479E-1	6.681277E1
1.858000E3	1.034670E0	6.047479E-1	6.870865E1
1.859000E3	1.030981E0	6.047479E-1	6.996548E1
1.860000E3	1.027291E0	6.047479E-1	7.009056E1
1.861000E3	1.023602E0	6.047479E-1	6.946283E1
1.862000E3	1.019913E0	6.047479E-1	6.951205E1
1.863000E3	1.016224E0	6.047479E-1	6.925370E1
1.864000E3	1.012535E0	6.047479E-1	6.932545E1
1.865000E3	1.008845E0	6.047479E-1	7.160253E1
1.866000E3	1.005156E0	6.047479E-1	7.058171E1
1.867000E3	1.001467E0	6.047479E-1	6.947599E1
1.868000E3	9.977779E-1	6.047479E-1	6.880861E1
1.869000E3	9.940887E-1	6.047479E-1	6.960485E1
1.870000E3	9.903995E-1	6.047479E-1	6.992190E1
1.871000E3	9.867103E-1	6.047479E-1	7.086328E1
1.872000E3	9.830211E-1	6.047479E-1	7.124292E1
1.873000E3	9.793319E-1	6.047479E-1	7.169673E1
1.874000E3	9.756427E-1	6.047479E-1	7.211602E1
1.875000E3	9.719535E-1	6.047479E-1	7.416143E1
1.876000E3	9.682643E-1	6.047479E-1	7.888701E1
1.877000E3	9.645751E-1	6.047479E-1	8.245695E1
1.878000E3	9.608859E-1	6.047479E-1	8.352434E1
1.879000E3	9.571967E-1	6.047479E-1	8.480610E1
1.880000E3	9.535076E-1	6.047479E-1	8.560991E1
1.881000E3	9.498184E-1	6.047479E-1	8.451368E1
1.882000E3	9.461292E-1	6.047479E-1	8.457426E1
1.883000E3	9.424400E-1	6.047479E-1	8.391738E1
1.884000E3	9.387508E-1	6.047479E-1	8.504671E1
1.885000E3	9.350616E-1	6.047479E-1	8.832133E1
1.886000E3	9.313724E-1	6.047479E-1	9.262820E1
1.887000E3	9.276832E-1	6.047479E-1	9.544062E1
1.888000E3	9.239940E-1	6.047479E-1	9.967783E1
1.889000E3	9.203048E-1	6.047479E-1	1.017864E2
1.890000E3	9.166156E-1	6.047479E-1	1.058757E2
1.891000E3	9.129265E-1	6.047479E-1	1.062322E2
1.892000E3	9.092373E-1	6.047479E-1	1.073941E2
1.893000E3	9.055481E-1	6.047479E-1	1.074257E2
1.894000E3	9.018589E-1	6.047479E-1	1.079154E2
1.895000E3	8.981697E-1	6.047479E-1	1.091472E2
1.896000E3	8.944805E-1	6.047479E-1	1.100645E2
1.897000E3	8.907913E-1	6.047479E-1	1.118745E2
1.898000E3	8.871021E-1	6.047479E-1	1.143886E2
1.899000E3	8.834129E-1	6.047479E-1	1.189637E2
1.900000E3	8.797237E-1	6.047479E-1	1.183032E2
1.901000E3	8.760345E-1	6.047479E-1	1.162646E2
1.902000E3	8.723453E-1	6.047479E-1	1.171440E2
1.903000E3	8.686562E-1	6.047479E-1	1.169293E2
1.904000E3	8.649670E-1	6.047479E-1	1.180206E2
1.905000E3	8.612778E-1	6.047479E-1	1.241042E2
1.906000E3	8.575886E-1	6.047479E-1	1.269358E2
1.907000E3	8.538994E-1	6.047479E-1	1.304427E2
1.908000E3	8.502102E-1	6.047479E-1	1.316688E2
1.909000E3	8.465210E-1	6.047479E-1	1.345033E2
1.910000E3	8.428318E-1	6.047479E-1	1.345824E2
1.911000E3	8.391426E-1	6.047479E-1	1.393434E2
1.912000E3	8.354534E-1	6.047479E-1	1.441632E2
1.913000E3	8.317642E-1	6.047479E-1	1.506889E2
1.914000E3	8.280751E-1	6.047479E-1	1.550084E2
1.915000E3	8.243859E-1	6.047479E-1	1.591376E2
1.916000E3	8.206967E-1	6.047479E-1	1.624763E2
1.917000E3	8.170075E-1	6.047479E-1	1.648014E2
1.918000E3	8.133183E-1	6.047479E-1	1.653602E2
1.919000E3	8.096291E-1	6.047479E-1	1.635178E2
1.920000E3	8.059399E-1	6.047479E-1	1.581730E2
1.921000E3	8.022507E-1	6.047479E-1	1.519840E2
1.922000E3	7.985615E-1	6.047479E-1	1.467973E2
1.923000E3	7.948723E-1	6.047479E-1	1.449665E2
1.924000E3	7.911831E-1	6.047479E-1	1.438236E2
1.925000E3	7.874940E-1	6.047479E-1	1.484017E2
1.926000E3	7.838048E-1	6.047479E-1	1.498451E2
1.927000E3	7.801156E-1	6.047479E-1	1.527755E2
1.928000E3	7.764264E-1	6.047479E-1	1.576704E2
1.929000E3	7.727372E-1	6.047479E-1	1.636203E2
1.930000E3	7.690480E-1	6.047479E-1	1.677664E2
1.931000E3	7.653588E-1	6.047479E-1	1.721071E2
1.932000E3	7.616696E-1	6.047479E-1	1.776949E2
1.933000E3	7.579804E-1	6.047479E-1	1.821956E2
1.934000E3	7.542912E-1	6.047479E-1	1.855133E2
1.935000E3	7.506020E-1	6.047479E-1	1.887506E2
1.936000E3	7.469128E-1	6.047479E-1	1.894492E2
1.937000E3	7.432237E-1	6.047479E-1	1.919720E2
1.938000E3	7.395345E-1	6.047479E-1	2.060047E2
1.939000E3	7.358453E-1	6.047479E-1	2.177369E2
1.940000E3	7.321561E-1	6.047479E-1	2.192993E2
1.941000E3	7.284669E-1	6.047479E-1	2.164725E2
1.942000E3	7.247777E-1	6.047479E-1	2.139269E2
1.943000E3	7.210885E-1	6.047479E-1	2.166426E2
1.944000E3	7.173993E-1	6.047479E-1	2.209338E2
1.945000E3	7.137101E-1	6.047479E-1	2.226143E2
1.946000E3	7.100209E-1	6.047479E-1	2.215025E2
1.947000E3	7.063317E-1	6.047479E-1	2.148225E2
1.948000E3	7.026426E-1	6.047479E-1	2.128655E2
1.949000E3	6.989534E-1	6.047479E-1	2.107450E2
1.950000E3	6.952642E-1	6.047479E-1	2.130211E2
1.951000E3	6.915750E-1	6.047479E-1	2.165513E2
1.952000E3	6.878858E-1	6.047479E-1	2.212764E2
1.953000E3	6.841966E-1	6.047479E-1	2.224447E2
1.954000E3	6.805074E-1	6.047479E-1	2.232932E2
1.955000E3	6.768182E-1	6.047479E-1	2.264155E2
1.956000E3	6.731290E-1	6.047479E-1	2.292383E2
1.957000E3	6.694398E-1	6.047479E-1	2.337319E2
1.958000E3	6.657506E-1	6.047479E-1	2.380840E2
1.959000E3	6.620614E-1	6.047479E-1	2.418525E2
1.960000E3	6.583723E-1	6.047479E-1	2.445082E2
1.961000E3	6.546831E-1	6.047479E-1	2.469193E2
1.962000E3	6.509939E-1	6.047479E-1	2.491390E2
1.963000E3	6.473047E-1	6.047479E-1	2.490286E2
1.964000E3	6.436155E-1	6.047479E-1	2.458863E2
1.965000E3	6.399263E-1	6.047479E-1	2.438162E2
1.966000E3	6.362371E-1	6.047479E-1	2.423866E2
1.967000E3	6.325479E-1	6.047479E-1	2.408012E2
1.968000E3	6.288587E-1	6.047479E-1	2.384076E2
1.969000E3	6.251695E-1	6.047479E-1	2.384891E2
1.970000E3	6.214803E-1	6.047479E-1	2.405532E2
1.971000E3	6.177912E-1	6.047479E-1	2.439077E2
1.972000E3	6.141020E-1	6.047479E-1	2.458081E2
1.973000E3	6.104128E-1	6.047479E-1	2.470040E2
1.974000E3	6.067236E-1	6.047479E-1	2.473367E2
1.975000E3	6.030344E-1	6.047479E-1	2.471302E2
1.976000E3	5.993452E-1	6.047479E-1	2.459424E2
1.977000E3	5.956560E-1	6.047479E-1	2.448845E2
1.978000E3	5.919668E-1	6.047479E-1	2.444091E2
1.979000E3	5.882776E-1	6.047479E-1	2.475149E2
1.980000E3	5.845884E-1	6.047479E-1	2.480048E2
1.981000E3	5.808992E-1	6.047479E-1	2.512805E2
1.982000E3	5.772101E-1	6.047479E-1	2.528154E2
1.983000E3	5.735209E-1	6.047479E-1	2.529410E2
1.984000E3	5.698317E-1	6.047479E-1	2.527289E2
1.985000E3	5.661425E-1	6.047479E-1	2.525753E2
1.986000E3	5.624533E-1	6.047479E-1	2.525809E2
1.987000E3	5.587641E-1	6.047479E-1	2.524783E2
1.988000E3	5.550749E-1	6.047479E-1	2.525503E2
1.989000E3	5.513857E-1	6.047479E-1	2.520395E2
1.990000E3	5.476965E-1	6.047479E-1	2.505710E2
1.991000E3	5.440073E-1	6.047479E-1	2.491087E2
1.992000E3	5.403181E-1	6.047479E-1	2.482724E2
1.993000E3	5.366289E-1	6.047479E-1	2.496137E2
1.994000E3	5.329398E-1	6.047479E-1	2.526908E2
1.995000E3	5.292506E-1	6.047479E-1	2.545123E2
1.996000E3	5.255614E-1	6.047479E-1	2.549829E2
1.997000E3	5.218722E-1	6.047479E-1	2.546918E2
1.998000E3	5.181830E-1	6.047479E-1	2.536027E2
1.999000E3	5.144938E-1	6.047479E-1	2.526099E2
2.000000E3	5.108046E-1	6.047479E-1	2.520061E2
2.001000E3	5.071154E-1	6.047479E-1	2.519890E2
2.002000E3	5.034262E-1	6.047479E-1	2.527982E2
2.003000E3	4.997370E-1	6.047479E-1	2.532430E2
2.004000E3	4.960478E-1	6.047479E-1	2.530784E2
2.005000E3	4.923587E-1	6.047479E-1	2.529529E2
2.006000E3	4.886695E-1	6.047479E-1	2.528917E2
2.007000E3	4.849803E-1	6.047479E-1	2.530123E2
2.008000E3	4.812911E-1	6.047479E-1	2.540339E2
2.009000E3	4.776019E-1	6.047479E-1	2.544562E2
2.010000E3	4.739127E-1	6.047479E-1	2.547369E2
2.011000E3	4.702235E-1	6.047479E-1	2.550000E2
2.012000E3	4.665343E-1	6.047479E-1	2.550000E2
2.013000E3	4.628451E-1	6.047479E-1	2.550000E2
2.014000E3	4.591559E-1	6.047479E-1	2.550000E2
2.015000E3	4.554667E-1	6.047479E-1	2.550000E2
2.016000E3	4.517775E-1	6.047479E-1	2.550000E2
2.017000E3	4.480884E-1	6.047479E-1	2.550000E2
2.018000E3	4.443992E-1	6.047479E-1	2.550000E2
2.019000E3	4.407100E-1	6.047479E-1	2.550000E2
2.020000E3	4.370208E-1	6.047479E-1	2.550000E2
2.021000E3	4.333316E-1	6.047479E-1	2.550000E2
2.022000E3	4.296424E-1	6.047479E-1	2.550000E2
2.023000E3	4.259532E-1	6.047479E-1	2.550000E2
2.024000E3	4.222640E-1	6.047479E-1	2.550000E2
2.025000E3	4.185748E-1	6.047479E-1	2.550000E2
2.026000E3	4.148856E-1	6.047479E-1	2.550000E2
2.027000E3	4.111964E-1	6.047479E-1	2.550000E2
2.028000E3	4.075073E-1	6.047479E-1	2.550000E2
2.029000E3	4.038181E-1	6.047479E-1	2.550000E2
2.030000E3	4.001289E-1	6.047479E-1	2.550000E2
2.031000E3	3.964397E-1	6.047479E-1	2.550000E2
2.032000E3	3.927505E-1	6.047479E-1	2.550000E2
2.033000E3	3.890613E-1	6.047479E-1	2.550000E2
2.034000E3	3.853721E-1	6.047479E-1	2.550000E2
2.035000E3	3.816829E-1	6.047479E-1	2.550000E2
2.036000E3	3.779937E-1	6.047479E-1	2.550000E2
2.037000E3	3.743045E-1	6.047479E-1	2.550000E2
2.038000E3	3.706153E-1	6.047479E-1	2.550000E2
2.039000E3	3.669262E-1	6.047479E-1	2.550000E2
2.040000E3	3.632370E-1	6.047479E-1	2.550000E2
2.041000E3	3.595478E-1	6.047479E-1	2.550000E2
2.042000E3	3.558586E-1	6.047479E-1	2.550000E2
2.043000E3	3.521694E-1	6.047479E-1	2.550000E2
2.044000E3	3.484802E-1	6.047479E-1	2.550000E2
2.045000E3	3.447910E-1	6.047479E-1	2.550000E2
2.046000E3	3.411018E-1	6.047479E-1	2.550000E2
2.047000E3	3.374126E-1	6.047479E-1	2.550000E2
2.048000E3	3.337234E-1	6.047479E-1	2.550000E2
2.049000E3	3.300342E-1	6.047479E-1	2.550000E2
2.050000E3	3.263450E-1	6.047479E-1	2.550000E2
2.051000E3	3.226559E-1	6.047479E-1	2.550000E2
2.052000E3	3.189667E-1	6.047479E-1	2.550000E2
2.053000E3	3.152775E-1	6.047479E-1	2.550000E2
2.054000E3	3.115883E-1	6.047479E-1	2.550000E2
2.055000E3	3.078991E-1	6.047479E-1	2.550000E2
2.056000E3	3.042099E-1	6.047479E-1	2.550000E2
2.057000E3	3.005207E-1	6.047479E-1	2.550000E2
2.058000E3	2.968315E-1	6.047479E-1	2.550000E2
2.059000E3	2.931423E-1	6.047479E-1	2.550000E2
2.060000E3	2.894531E-1	6.047479E-1	2.550000E2
2.061000E3	2.857639E-1	6.047479E-1	2.550000E2
2.062000E3	2.820748E-1	6.047479E-1	2.550000E2
2.063000E3	2.783856E-1	6.047479E-1	2.550000E2
2.064000E3	2.746964E-1	6.047479E-1	2.550000E2
2.065000E3	2.710072E-1	6.047479E-1	2.550000E2
2.066000E3	2.673180E-1	6.047479E-1	2.550000E2
2.067000E3	2.636288E-1	6.047479E-1	2.550000E2
2.068000E3	2.599396E-1	6.047479E-1	2.550000E2
2.069000E3	2.562504E-1	6.047479E-1	2.550000E2
2.070000E3	2.525612E-1	6.047479E-1	2.550000E2
2.071000E3	2.488720E-1	6.047479E-1	2.550000E2
2.072000E3	2.451828E-1	6.047479E-1	2.550000E2
2.073000E3	2.414936E-1	6.047479E-1	2.550000E2
2.074000E3	2.378045E-1	6.047479E-1	2.550000E2
2.075000E3	2.341153E-1	6.047479E-1	2.550000E2
2.076000E3	2.304261E-1	6.047479E-1	2.550000E2
2.077000E3	2.267369E-1	6.047479E-1	2.550000E2
2.078000E3	2.230477E-1	6.047479E-1	2.550000E2
2.079000E3	2.193585E-1	6.047479E-1	2.550000E2
2.080000E3	2.156693E-1	6.047479E-1	2.550000E2
2.081000E3	2.119801E-1	6.047479E-1	2.550000E2
2.082000E3	2.082909E-1	6.047479E-1	2.550000E2
2.083000E3	2.046017E-1	6.047479E-1	2.550000E2
2.084000E3	2.009125E-1	6.047479E-1	2.550000E2
2.085000E3	1.972234E-1	6.047479E-1	2.550000E2
2.086000E3	1.935342E-1	6.047479E-1	2.550000E2
2.087000E3	1.898450E-1	6.047479E-1	2.550000E2
2.088000E3	1.861558E-1	6.047479E-1	2.550000E2
2.089000E3	1.824666E-1	6.047479E-1	2.550000E2
2.090000E3	1.787774E-1	6.047479E-1	2.550000E2
2.091000E3	1.750882E-1	6.047479E-1	2.550000E2
2.092000E3	1.713990E-1	6.047479E-1	2.550000E2
2.093000E3	1.677098E-1	6.047479E-1	2.550000E2
2.094000E3	1.640206E-1	6.047479E-1	2.550000E2
2.095000E3	1.603314E-1	6.047479E-1	2.550000E2
2.096000E3	1.566423E-1	6.047479E-1	2.550000E2
2.097000E3	1.529531E-1	6.047479E-1	2.550000E2
2.098000E3	1.492639E-1	6.047479E-1	2.550000E2
2.099000E3	1.455747E-1	6.047479E-1	2.550000E2
2.100000E3	1.418855E-1	6.047479E-1	2.550000E2
2.101000E3	1.381963E-1	6.047479E-1	2.550000E2
2.102000E3	1.345071E-1	6.047479E-1	2.550000E2
2.103000E3	1.308179E-1	6.047479E-1	2.550000E2
2.104000E3	1.271287E-1	6.047479E-1	2.550000E2
2.105000E3	1.234395E-1	6.047479E-1	2.550000E2
2.106000E3	1.197503E-1	6.047479E-1	2.550000E2
2.107000E3	1.160611E-1	6.047479E-1	2.550000E2
2.108000E3	1.123720E-1	6.047479E-1	2.550000E2
2.109000E3	1.086828E-1	6.047479E-1	2.550000E2
2.110000E3	1.049936E-1	6.047479E-1	2.550000E2
2.111000E3	1.013044E-1	6.047479E-1	2.550000E2
2.112000E3	9.761519E-2	6.047479E-1	2.550000E2
2.113000E3	9.392600E-2	6.047479E-1	2.550000E2
2.114000E3	9.023681E-2	6.047479E-1	2.550000E2
2.115000E3	8.654762E-2	6.047479E-1	2.550000E2
2.116000E3	8.285843E-2	6.047479E-1	2.550000E2
2.117000E3	7.916924E-2	6.047479E-1	2.550000E2
2.118000E3	7.548004E-2	6.047479E-1	2.550000E2
2.119000E3	7.179085E-2	6.047479E-1	2.550000E2
2.120000E3	6.810166E-2	6.047479E-1	2.550000E2
2.121000E3	6.441247E-2	6.047479E-1	2.550000E2
2.122000E3	6.072328E-2	6.047479E-1	2.550000E2
2.123000E3	5.703409E-2	6.047479E-1	2.550000E2
2.124000E3	5.334490E-2	6.047479E-1	2.550000E2
2.125000E3	4.965571E-2	6.047479E-1	2.550000E2
2.126000E3	4.596651E-2	6.047479E-1	2.550000E2
2.127000E3	4.227732E-2	6.047479E-1	2.550000E2
2.128000E3	3.858813E-2	6.047479E-1	2.550000E2
2.129000E3	3.489894E-2	6.047479E-1	2.550000E2
2.130000E3	3.120975E-2	6.047479E-1	2.550000E2
2.131000E3	2.752056E-2	6.047479E-1	2.550000E2
2.132000E3	2.383137E-2	6.047479E-1	2.550000E2
2.133000E3	2.014218E-2	6.047479E-1	2.550000E2
2.134000E3	1.645298E-2	6.047479E-1	2.550000E2
2.135000E3	1.276379E-2	6.047479E-1	2.550000E2
2.136000E3	9.074602E-3	6.047479E-1	2.550000E2
2.137000E3	5.385411E-3	6.047479E-1	2.550000E2
2.138000E3	1.696219E-3	6.047479E-1	2.550000E2
2.139000E3	-1.992972E-3	6.047479E-1	2.550000E2
2.140000E3	-5.682163E-3	6.047479E-1	2.550000E2
2.141000E3	-9.371354E-3	6.047479E-1	2.550000E2
2.142000E3	-1.306055E-2	6.047479E-1	2.550000E2
2.143000E3	-1.674974E-2	6.047479E-1	2.550000E2
2.144000E3	-2.043893E-2	6.047479E-1	2.550000E2
2.145000E3	-2.412812E-2	6.047479E-1	2.550000E2
2.146000E3	-2.781731E-2	6.047479E-1	2.550000E2
2.147000E3	-3.150650E-2	6.047479E-1	2.550000E2
2.148000E3	-3.519569E-2	6.047479E-1	2.550000E2
2.149000E3	-3.888488E-2	6.047479E-1	2.550000E2
2.150000E3	-4.257408E-2	6.047479E-1	2.550000E2
2.151000E3	-4.626327E-2	6.047479E-1	2.550000E2
2.152000E3	-4.995246E-2	6.047479E-1	2.550000E2
2.153000E3	-5.364165E-2	6.047479E-1	2.550000E2
2.154000E3	-5.733084E-2	6.047479E-1	2.550000E2
2.155000E3	-6.102003E-2	6.047479E-1	2.550000E2
2.156000E3	-6.470922E-2	6.047479E-1	2.550000E2
2.157000E3	-6.839841E-2	6.047479E-1	2.550000E2
2.158000E3	-7.208761E-2	6.047479E-1	2.550000E2
2.159000E3	-7.577680E-2	6.047479E-1	2.550000E2
2.160000E3	-7.946599E-2	6.047479E-1	2.550000E2
2.161000E3	-8.315518E-2	6.047479E-1	2.550000E2
2.162000E3	-8.684437E-2	6.047479E-1	2.550000E2
2.163000E3	-9.053356E-2	6.047479E-1	2.550000E2
2.164000E3	-9.422275E-2	6.047479E-1	2.550000E2
2.165000E3	-9.791194E-2	6.047479E-1	2.550000E2
2.166000E3	-1.016011E-1	6.047479E-1	2.550000E2
2.167000E3	-1.052903E-1	6.047479E-1	2.550000E2
2.168000E3	-1.089795E-1	6.047479E-1	2.550000E2
2.169000E3	-1.126687E-1	6.047479E-1	2.550000E2
2.170000E3	-1.163579E-1	6.047479E-1	2.550000E2
2.171000E3	-1.200471E-1	6.047479E-1	2.550000E2
2.172000E3	-1.237363E-1	6.047479E-1	2.550000E2
2.173000E3	-1.274255E-1	6.047479E-1	2.550000E2
2.174000E3	-1.311147E-1	6.047479E-1	2.550000E2
2.175000E3	-1.348039E-1	6.047479E-1	2.550000E2
2.176000E3	-1.384930E-1	6.047479E-1	2.550000E2
2.177000E3	-1.421822E-1	6.047479E-1	2.550000E2
2.178000E3	-1.458714E-1	6.047479E-1	2.550000E2
2.179000E3	-1.495606E-1	6.047479E-1	2.550000E2
2.180000E3	-1.532498E-1	6.047479E-1	2.550000E2
2.181000E3	-1.569390E-1	6.047479E-1	2.550000E2
2.182000E3	-1.606282E-1	6.047479E-1	2.550000E2
2.183000E3	-1.643174E-1	6.047479E-1	2.550000E2
2.184000E3	-1.680066E-1	6.047479E-1	2.550000E2
2.185000E3	-1.716958E-1	6.047479E-1	2.550000E2
2.186000E3	-1.753850E-1	6.047479E-1	2.550000E2
2.187000E3	-1.790742E-1	6.047479E-1	2.550000E2
2.188000E3	-1.827633E-1	6.047479E-1	2.550000E2
2.189000E3	-1.864525E-1	6.047479E-1	2.550000E2
2.190000E3	-1.901417E-1	6.047479E-1	2.550000E2
2.191000E3	-1.938309E-1	6.047479E-1	2.550000E2
2.192000E3	-1.975201E-1	6.047479E-1	2.550000E2
2.193000E3	-2.012093E-1	6.047479E-1	2.550000E2
2.194000E3	-2.048985E-1	6.047479E-1	2.550000E2
2.195000E3	-2.085877E-1	6.047479E-1	2.550000E2
2.196000E3	-2.122769E-1	6.047479E-1	2.550000E2
2.197000E3	-2.159661E-1	6.047479E-1	2.550000E2
2.198000E3	-2.196553E-1	6.047479E-1	2.550000E2
2.199000E3	-2.233444E-1	6.047479E-1	2.550000E2
2.200000E3	-2.270336E-1	6.047479E-1	2.550000E2
2.201000E3	-2.307228E-1	6.047479E-1	2.550000E2
2.202000E3	-2.344120E-1	6.047479E-1	2.550000E2
2.203000E3	-2.381012E-1	6.047479E-1	2.550000E2
2.204000E3	-2.417904E-1	6.047479E-1	2.550000E2
2.205000E3	-2.454796E-1	6.047479E-1	2.550000E2
2.206000E3	-2.491688E-1	6.047479E-1	2.550000E2
2.207000E3	-2.528580E-1	6.047479E-1	2.550000E2
2.208000E3	-2.565472E-1	6.047479E-1	2.550000E2
2.209000E3	-2.602364E-1	6.047479E-1	2.550000E2
2.210000E3	-2.639255E-1	6.047479E-1	2.550000E2
2.211000E3	-2.676147E-1	6.047479E-1	2.550000E2
2.212000E3	-2.713039E-1	6.047479E-1	2.550000E2
2.213000E3	-2.749931E-1	6.047479E-1	2.550000E2
2.214000E3	-2.786823E-1	6.047479E-1	2.550000E2
2.215000E3	-2.823715E-1	6.047479E-1	2.550000E2
2.216000E3	-2.860607E-1	6.047479E-1	2.550000E2
2.217000E3	-2.897499E-1	6.047479E-1	2.550000E2
2.218000E3	-2.934391E-1	6.047479E-1	2.550000E2
2.219000E3	-2.971283E-1	6.047479E-1	2.550000E2
2.220000E3	-3.008175E-1	6.047479E-1	2.550000E2
2.221000E3	-3.045067E-1	6.047479E-1	2.550000E2
2.222000E3	-3.081958E-1	6.047479E-1	2.550000E2
2.223000E3	-3.118850E-1	6.047479E-1	2.550000E2
2.224000E3	-3.155742E-1	6.047479E-1	2.550000E2
2.225000E3	-3.192634E-1	6.047479E-1	2.550000E2
2.226000E3	-3.229526E-1	6.047479E-1	2.550000E2
2.227000E3	-3.266418E-1	6.047479E-1	2.550000E2
2.228000E3	-3.303310E-1	6.047479E-1	2.550000E2
2.229000E3	-3.340202E-1	6.047479E-1	2.550000E2
2.230000E3	-3.377094E-1	6.047479E-1	2.550000E2
2.231000E3	-3.413986E-1	6.047479E-1	2.550000E2
2.232000E3	-3.450878E-1	6.047479E-1	2.550000E2
2.233000E3	-3.487769E-1	6.047479E-1	2.550000E2
2.234000E3	-3.524661E-1	6.047479E-1	2.550000E2
2.235000E3	-3.561553E-1	6.047479E-1	2.550000E2
2.236000E3	-3.598445E-1	6.047479E-1	2.550000E2
2.237000E3	-3.635337E-1	6.047479E-1	2.550000E2
2.238000E3	-3.672229E-1	6.047479E-1	2.550000E2
2.239000E3	-3.709121E-1	6.047479E-1	2.550000E2
2.240000E3	-3.746013E-1	6.047479E-1	2.550000E2
2.241000E3	-3.782905E-1	6.047479E-1	2.550000E2
2.242000E3	-3.819797E-1	6.047479E-1	2.550000E2
2.243000E3	-3.856689E-1	6.047479E-1	2.550000E2
2.244000E3	-3.893581E-1	6.047479E-1	2.550000E2
2.245000E3	-3.930472E-1	6.047479E-1	2.550000E2
2.246000E3	-3.967364E-1	6.047479E-1	2.550000E2
2.247000E3	-4.004256E-1	6.047479E-1	2.550000E2
2.248000E3	-4.041148E-1	6.047479E-1	2.550000E2
2.249000E3	-4.078040E-1	6.047479E-1	2.550000E2
2.250000E3	-4.114932E-1	6.047479E-1	2.550000E2
2.251000E3	-4.151824E-1	6.047479E-1	2.550000E2
2.252000E3	-4.188716E-1	6.047479E-1	2.550000E2
2.253000E3	-4.225608E-1	6.047479E-1	2.550000E2
2.254000E3	-4.262500E-1	6.047479E-1	2.550000E2
2.255000E3	-4.299392E-1	6.047479E-1	2.550000E2
2.256000E3	-4.336283E-1	6.047479E-1	2.550000E2
2.257000E3	-4.373175E-1	6.047479E-1	2.550000E2
2.258000E3	-4.410067E-1	6.047479E-1	2.550000E2
2.259000E3	-4.446959E-1	6.047479E-1	2.550000E2
2.260000E3	-4.483851E-1	6.047479E-1	2.550000E2
2.261000E3	-4.520743E-1	6.047479E-1	2.550000E2
2.262000E3	-4.557635E-1	6.047479E-1	2.550000E2
2.263000E3	-4.594527E-1	6.047479E-1	2.550000E2
2.264000E3	-4.631419E-1	6.047479E-1	2.550000E2
2.265000E3	-4.668311E-1	6.047479E-1	2.550000E2
2.266000E3	-4.705203E-1	6.047479E-1	2.550000E2
2.267000E3	-4.742094E-1	6.047479E-1	2.550000E2
2.268000E3	-4.778986E-1	6.047479E-1	2.550000E2
2.269000E3	-4.815878E-1	6.047479E-1	2.550000E2
2.270000E3	-4.852770E-1	6.047479E-1	2.550000E2
2.271000E3	-4.889662E-1	6.047479E-1	2.550000E2
2.272000E3	-4.926554E-1	6.047479E-1	2.550000E2
2.273000E3	-4.963446E-1	6.047479E-1	2.550000E2
2.274000E3	-5.000338E-1	6.047479E-1	2.550000E2
2.275000E3	-5.037230E-1	6.047479E-1	2.550000E2
2.276000E3	-5.074122E-1	6.047479E-1	2.550000E2
2.277000E3	-5.111014E-1	6.047479E-1	2.550000E2
2.278000E3	-5.147906E-1	6.047479E-1	2.550000E2
2.279000E3	-5.184797E-1	6.047479E-1	2.549536E2
2.280000E3	-5.221689E-1	6.047479E-1	2.549090E2
2.281000E3	-5.258581E-1	6.047479E-1	2.549588E2
2.282000E3	-5.295473E-1	6.047479E-1	2.550000E2
2.283000E3	-5.332365E-1	6.047479E-1	2.550000E2
2.284000E3	-5.369257E-1	6.047479E-1	2.550000E2
2.285000E3	-5.406149E-1	6.047479E-1	2.550000E2
2.286000E3	-5.443041E-1	6.047479E-1	2.550000E2
2.287000E3	-5.479933E-1	6.047479E-1	2.549967E2
2.288000E3	-5.516825E-1	6.047479E-1	2.549524E2
2.289000E3	-5.553717E-1	6.047479E-1	2.547768E2
2.290000E3	-5.590608E-1	6.047479E-1	2.544530E2
2.291000E3	-5.627500E-1	6.047479E-1	2.542373E2
2.292000E3	-5.664392E-1	6.047479E-1	2.550000E2
2.293000E3	-5.701284E-1	6.047479E-1	2.550000E2
2.294000E3	-5.738176E-1	6.047479E-1	2.548971E2
2.295000E3	-5.775068E-1	6.047479E-1	2.546411E2
2.296000E3	-5.811960E-1	6.047479E-1	2.543190E2
2.297000E3	-5.848852E-1	6.047479E-1	2.534327E2
2.298000E3	-5.885744E-1	6.047479E-1	2.525715E2
2.299000E3	-5.922636E-1	6.047479E-1	2.510784E2
2.300000E3	-5.959528E-1	6.047479E-1	2.482824E2
2.301000E3	-5.996420E-1	6.047479E-1	2.461128E2
2.302000E3	-6.033311E-1	6.047479E-1	2.459826E2
2.303000E3	-6.070203E-1	6.047479E-1	2.459361E2
2.304000E3	-6.107095E-1	6.047479E-1	2.454991E2
2.305000E3	-6.143987E-1	6.047479E-1	2.450542E2
2.306000E3	-6.180879E-1	6.047479E-1	2.461755E2
2.307000E3	-6.217771E-1	6.047479E-1	2.494197E2
2.308000E3	-6.254663E-1	6.047479E-1	2.508369E2
2.309000E3	-6.291555E-1	6.047479E-1	2.510987E2
2.310000E3	-6.328447E-1	6.047479E-1	2.514656E2
2.311000E3	-6.365339E-1	6.047479E-1	2.516015E2
2.312000E3	-6.402231E-1	6.047479E-1	2.513018E2
2.313000E3	-6.439122E-1	6.047479E-1	2.499723E2
2.314000E3	-6.476014E-1	6.047479E-1	2.477157E2
2.315000E3	-6.512906E-1	6.047479E-1	2.457150E2
2.316000E3	-6.549798E-1	6.047479E-1	2.445398E2
2.317000E3	-6.586690E-1	6.047479E-1	2.459226E2
2.318000E3	-6.623582E-1	6.047479E-1	2.458289E2
2.319000E3	-6.660474E-1	6.047479E-1	2.425727E2
2.320000E3	-6.697366E-1	6.047479E-1	2.374980E2
2.321000E3	-6.734258E-1	6.047479E-1	2.322296E2
2.322000E3	-6.771150E-1	6.047479E-1	2.287738E2
2.323000E3	-6.808042E-1	6.047479E-1	2.301147E2
2.324000E3	-6.844933E-1	6.047479E-1	2.319630E2
2.325000E3	-6.881825E-1	6.047479E-1	2.315128E2
2.326000E3	-6.918717E-1	6.047479E-1	2.263889E2
2.327000E3	-6.955609E-1	6.047479E-1	2.164946E2
2.328000E3	-6.992501E-1	6.047479E-1	2.076156E2
2.329000E3	-7.029393E-1	6.047479E-1	1.999202E2
2.330000E3	-7.066285E-1	6.047479E-1	1.944360E2
2.331000E3	-7.103177E-1	6.047479E-1	1.946256E2
2.332000E3	-7.140069E-1	6.047479E-1	1.999166E2
2.333000E3	-7.176961E-1	6.047479E-1	2.071952E2
2.334000E3	-7.213853E-1	6.047479E-1	2.086565E2
2.335000E3	-7.250745E-1	6.047479E-1	2.126491E2
2.336000E3	-7.287636E-1	6.047479E-1	2.140362E2
2.337000E3	-7.324528E-1	6.047479E-1	2.164157E2
2.338000E3	-7.361420E-1	6.047479E-1	2.196533E2
2.339000E3	-7.398312E-1	6.047479E-1	2.192689E2
2.340000E3	-7.435204E-1	6.047479E-1	2.163020E2
2.341000E3	-7.472096E-1	6.047479E-1	2.140897E2
2.342000E3	-7.508988E-1	6.047479E-1	2.094157E2
2.343000E3	-7.545880E-1	6.047479E-1	2.048015E2
2.344000E3	-7.582772E-1	6.047479E-1	2.043372E2
2.345000E3	-7.619664E-1	6.047479E-1	2.062674E2
2.346000E3	-7.656556E-1	6.047479E-1	2.053157E2
2.347000E3	-7.693447E-1	6.047479E-1	2.009825E2
2.348000E3	-7.730339E-1	6.047479E-1	1.971420E2
2.349000E3	-7.767231E-1	6.047479E-1	1.904760E2
2.350000E3	-7.804123E-1	6.047479E-1	1.877434E2
2.351000E3	-7.841015E-1	6.047479E-1	1.884902E2
2.352000E3	-7.877907E-1	6.047479E-1	1.872273E2
2.353000E3	-7.914799E-1	6.047479E-1	1.857591E2
2.354000E3	-7.951691E-1	6.047479E-1	1.808583E2
2.355000E3	-7.988583E-1	6.047479E-1	1.753162E2
2.356000E3	-8.025475E-1	6.047479E-1	1.692163E2
2.357000E3	-8.062367E-1	6.047479E-1	1.671458E2
2.358000E3	-8.099259E-1	6.047479E-1	1.669275E2
2.359000E3	-8.136150E-1	6.047479E-1	1.668619E2
2.360000E3	-8.173042E-1	6.047479E-1	1.657420E2
2.361000E3	-8.209934E-1	6.047479E-1	1.677207E2
2.362000E3	-8.246826E-1	6.047479E-1	1.705123E2
2.363000E3	-8.283718E-1	6.047479E-1	1.755447E2
2.364000E3	-8.320610E-1	6.047479E-1	1.798863E2
2.365000E3	-8.357502E-1	6.047479E-1	1.784804E2
2.366000E3	-8.394394E-1	6.047479E-1	1.725064E2
2.367000E3	-8.431286E-1	6.047479E-1	1.636078E2
2.368000E3	-8.468178E-1	6.047479E-1	1.569923E2
2.369000E3	-8.505070E-1	6.047479E-1	1.545798E2
2.370000E3	-8.541961E-1	6.047479E-1	1.503872E2
2.371000E3	-8.578853E-1	6.047479E-1	1.471896E2
2.372000E3	-8.615745E-1	6.047479E-1	1.470726E2
2.373000E3	-8.652637E-1	6.047479E-1	1.458421E2
2.374000E3	-8.689529E-1	6.047479E-1	1.440333E2
2.375000E3	-8.726421E-1	6.047479E-1	1.418417E2
2.376000E3	-8.763313E-1	6.047479E-1	1.413552E2
2.377000E3	-8.800205E-1	6.047479E-1	1.407294E2
2.378000E3	-8.837097E-1	6.047479E-1	1.412930E2
2.379000E3	-8.873989E-1	6.047479E-1	1.350457E2
2.380000E3	-8.910881E-1	6.047479E-1	1.280268E2
2.381000E3	-8.947772E-1	6.047479E-1	1.195009E2
2.382000E3	-8.984664E-1	6.047479E-1	1.147117E2
2.383000E3	-9.021556E-1	6.047479E-1	1.135559E2
2.384000E3	-9.058448E-1	6.047479E-1	1.161204E2
2.385000E3	-9.095340E-1	6.047479E-1	1.156937E2
2.386000E3	-9.132232E-1	6.047479E-1	1.174935E2
2.387000E3	-9.169124E-1	6.047479E-1	1.189270E2
2.388000E3	-9.206016E-1	6.047479E-1	1.160866E2
2.389000E3	-9.242908E-1	6.047479E-1	1.154143E2
2.390000E3	-9.279800E-1	6.047479E-1	1.147675E2
2.391000E3	-9.316692E-1	6.047479E-1	1.128158E2
2.392000E3	-9.353584E-1	6.047479E-1	1.105505E2
2.393000E3	-9.390475E-1	6.047479E-1	1.098120E2
2.394000E3	-9.427367E-1	6.047479E-1	1.109988E2
2.395000E3	-9.464259E-1	6.047479E-1	1.103208E2
2.396000E3	-9.501151E-1	6.047479E-1	1.060032E2
2.397000E3	-9.538043E-1	6.047479E-1	1.041593E2
2.398000E3	-9.574935E-1	6.047479E-1	9.904822E1
2.399000E3	-9.611827E-1	6.047479E-1	9.384674E1
2.400000E3	-9.648719E-1	6.047479E-1	9.147012E1
2.401000E3	-9.685611E-1	6.047479E-1	9.334096E1
2.402000E3	-9.722503E-1	6.047479E-1	9.894482E1
2.403000E3	-9.759395E-1	6.047479E-1	1.011269E2
2.404000E3	-9.796286E-1	6.047479E-1	9.925243E1
2.405000E3	-9.833178E-1	6.047479E-1	9.693709E1
2.406000E3	-9.870070E-1	6.047479E-1	9.225563E1
2.407000E3	-9.906962E-1	6.047479E-1	8.812061E1
2.408000E3	-9.943854E-1	6.047479E-1	8.487485E1
2.409000E3	-9.980746E-1	6.047479E-1	8.159993E1
2.410000E3	-1.001764E0	6.047479E-1	8.143423E1
2.411000E3	-1.005453E0	6.047479E-1	7.813201E1
2.412000E3	-1.009142E0	6.047479E-1	7.319776E1
2.413000E3	-1.012831E0	6.047479E-1	7.253780E1
2.414000E3	-1.016521E0	6.047479E-1	7.295733E1
2.415000E3	-1.020210E0	6.047479E-1	7.366586E1
2.416000E3	-1.023899E0	6.047479E-1	7.283518E1
2.417000E3	-1.027588E0	6.047479E-1	7.262946E1
2.418000E3	-1.031277E0	6.047479E-1	7.116918E1
2.419000E3	-1.034967E0	6.047479E-1	7.040427E1
2.420000E3	-1.038656E0	6.047479E-1	7.198892E1
2.421000E3	-1.042345E0	6.047479E-1	7.432534E1
2.422000E3	-1.046034E0	6.047479E-1	7.434357E1
2.423000E3	-1.049723E0	6.047479E-1	7.323334E1
2.424000E3	-1.053412E0	6.047479E-1	7.151046E1
2.425000E3	-1.057102E0	6.047479E-1	7.137437E1
2.426000E3	-1.060791E0	6.047479E-1	6.992203E1
2.427000E3	-1.064480E0	6.047479E-1	6.899660E1
2.428000E3	-1.068169E0	6.047479E-1	6.859026E1
2.429000E3	-1.071858E0	6.047479E-1	6.808191E1
2.430000E3	-1.075548E0	6.047479E-1	6.668080E1
2.431000E3	-1.079237E0	6.047479E-1	6.620289E1
2.432000E3	-1.082926E0	6.047479E-1	6.600296E1
2.433000E3	-1.086615E0	6.047479E-1	6.591219E1
2.434000E3	-1.090304E0	6.047479E-1	6.580652E1
2.435000E3	-1.093994E0	6.047479E-1	6.916229E1
2.436000E3	-1.097683E0	6.047479E-1	6.885219E1
2.437000E3	-1.101372E0	6.047479E-1	6.521845E1
2.438000E3	-1.105061E0	6.047479E-1	6.310834E1
2.439000E3	-1.108750E0	6.047479E-1	6.180698E1
2.440000E3	-1.112440E0	6.047479E-1	6.256012E1
2.441000E3	-1.116129E0	6.047479E-1	6.380693E1
2.442000E3	-1.119818E0	6.047479E-1	6.590304E1
2.443000E3	-1.123507E0	6.047479E-1	6.751961E1
2.444000E3	-1.127196E0	6.047479E-1	7.053604E1
2.445000E3	-1.130885E0	6.047479E-1	7.162871E1
2.446000E3	-1.134575E0	6.047479E-1	7.216990E1
2.447000E3	-1.138264E0	6.047479E-1	7.279432E1
2.448000E3	-1.141953E0	6.047479E-1	7.260050E1
2.449000E3	-1.145642E0	6.047479E-1	7.590318E1
2.450000E3	-1.149331E0	6.047479E-1	7.822450E1
2.451000E3	-1.153021E0	6.047479E-1	8.062895E1
2.452000E3	-1.156710E0	6.047479E-1	8.058271E1
2.453000E3	-1.160399E0	6.047479E-1	7.825933E1
2.454000E3	-1.164088E0	6.047479E-1	7.676103E1
2.455000E3	-1.167777E0	6.047479E-1	7.807293E1
2.456000E3	-1.171467E0	6.047479E-1	8.107622E1
2.457000E3	-1.175156E0	6.047479E-1	8.212614E1
2.458000E3	-1.178845E0	6.047479E-1	8.163250E1
2.459000E3	-1.182534E0	6.047479E-1	7.991308E1
2.460000E3	-1.186223E0	6.047479E-1	7.909817E1
2.461000E3	-1.189913E0	6.047479E-1	7.570117E1
2.462000E3	-1.193602E0	6.047479E-1	7.400483E1
2.463000E3	-1.197291E0	6.047479E-1	7.152556E1
2.464000E3	-1.200980E0	6.047479E-1	6.882307E1
2.465000E3	-1.204669E0	6.047479E-1	6.862443E1
2.466000E3	-1.208359E0	6.047479E-1	6.938071E1
2.467000E3	-1.212048E0	6.047479E-1	7.171375E1
2.468000E3	-1.215737E0	6.047479E-1	7.428704E1
2.469000E3	-1.219426E0	6.047479E-1	7.643986E1
2.470000E3	-1.223115E0	6.047479E-1	7.898446E1
2.471000E3	-1.226804E0	6.047479E-1	8.087566E1
2.472000E3	-1.230494E0	6.047479E-1	8.685354E1
2.473000E3	-1.234183E0	6.047479E-1	9.076822E1
2.474000E3	-1.237872E0	6.047479E-1	9.184011E1
2.475000E3	-1.241561E0	6.047479E-1	9.395031E1
2.476000E3	-1.245250E0	6.047479E-1	9.371528E1
2.477000E3	-1.248940E0	6.047479E-1	9.375216E1
2.478000E3	-1.252629E0	6.047479E-1	9.417251E1
2.479000E3	-1.256318E0	6.047479E-1	9.565758E1
2.480000E3	-1.260007E0	6.047479E-1	9.557968E1
2.481000E3	-1.263696E0	6.047479E-1	9.702384E1
2.482000E3	-1.267386E0	6.047479E-1	1.007287E2
2.483000E3	-1.271075E0	6.047479E-1	1.045509E2
2.484000E3	-1.274764E0	6.047479E-1	1.099122E2
2.485000E3	-1.278453E0	6.047479E-1	1.114140E2
2.486000E3	-1.282142E0	6.047479E-1	1.115283E2
2.487000E3	-1.285832E0	6.047479E-1	1.093899E2
2.488000E3	-1.289521E0	6.047479E-1	1.079891E2
2.489000E3	-1.293210E0	6.047479E-1	1.036074E2
2.490000E3	-1.296899E0	6.047479E-1	1.015093E2
2.491000E3	-1.300588E0	6.047479E-1	1.008882E2
2.492000E3	-1.304277E0	6.047479E-1	1.033422E2
2.493000E3	-1.307967E0	6.047479E-1	1.051368E2
2.494000E3	-1.311656E0	6.047479E-1	1.071841E2
2.495000E3	-1.315345E0	6.047479E-1	1.090579E2
2.496000E3	-1.319034E0	6.047479E-1	1.076361E2
2.497000E3	-1.322723E0	6.047479E-1	1.085634E2
2.498000E3	-1.326413E0	6.047479E-1	1.114780E2
2.499000E3	-1.330102E0	6.047479E-1	1.156140E2
2.500000E3	-1.333791E0	6.047479E-1	1.164349E2
2.501000E3	-1.337480E0	6.047479E-1	1.145167E2
2.502000E3	-1.341169E0	6.047479E-1	1.103554E2
2.503000E3	-1.344859E0	6.047479E-1	1.091540E2
2.504000E3	-1.348548E0	6.047479E-1	1.123288E2
2.505000E3	-1.352237E0	6.047479E-1	1.159759E2
2.506000E3	-1.355926E0	6.047479E-1	1.160402E2
2.507000E3	-1.359615E0	6.047479E-1	1.162400E2
2.508000E3	-1.363305E0	6.047479E-1	1.178037E2
2.509000E3	-1.366994E0	6.047479E-1	1.194457E2
2.510000E3	-1.370683E0	6.047479E-1	1.196745E2
2.511000E3	-1.374372E0	6.047479E-1	1.200090E2
2.512000E3	-1.378061E0	6.047479E-1	1.188756E2
2.513000E3	-1.381750E0	6.047479E-1	1.179550E2
2.514000E3	-1.385440E0	6.047479E-1	1.204717E2
2.515000E3	-1.389129E0	6.047479E-1	1.256754E2
2.516000E3	-1.392818E0	6.047479E-1	1.270251E2
2.517000E3	-1.396507E0	6.047479E-1	1.266049E2
2.518000E3	-1.400196E0	6.047479E-1	1.246352E2
2.519000E3	-1.403886E0	6.047479E-1	1.236868E2
2.520000E3	-1.407575E0	6.047479E-1	1.244315E2
2.521000E3	-1.411264E0	6.047479E-1	1.258869E2
2.522000E3	-1.414953E0	6.047479E-1	1.289356E2
2.523000E3	-1.418642E0	6.047479E-1	1.297861E2
2.524000E3	-1.422332E0	6.047479E-1	1.251690E2
2.525000E3	-1.426021E0	6.047479E-1	1.214537E2
2.526000E3	-1.429710E0	6.047479E-1	1.206120E2
2.527000E3	-1.433399E0	6.047479E-1	1.247962E2
2.528000E3	-1.437088E0	6.047479E-1	1.281061E2
2.529000E3	-1.440778E0	6.047479E-1	1.335140E2
2.530000E3	-1.444467E0	6.047479E-1	1.346088E2
2.531000E3	-1.448156E0	6.047479E-1	1.342710E2
2.532000E3	-1.451845E0	6.047479E-1	1.347746E2
2.533000E3	-1.455534E0	6.047479E-1	1.340335E2
2.534000E3	-1.459224E0	6.047479E-1	1.346136E2
2.535000E3	-1.462913E0	6.047479E-1	1.333881E2
2.536000E3	-1.466602E0	6.047479E-1	1.294188E2
2.537000E3	-1.470291E0	6.047479E-1	1.234377E2
2.538000E3	-1.473980E0	6.047479E-1	1.227705E2
2.539000E3	-1.477669E0	6.047479E-1	1.271451E2
2.540000E3	-1.481359E0	6.047479E-1	1.301958E2
2.541000E3	-1.485048E0	6.047479E-1	1.331636E2
2.542000E3	-1.488737E0	6.047479E-1	1.302561E2
2.543000E3	-1.492426E0	6.047479E-1	1.254502E2
2.544000E3	-1.496115E0	6.047479E-1	1.229072E2
2.545000E3	-1.499805E0	6.047479E-1	1.238453E2
2.546000E3	-1.503494E0	6.047479E-1	1.273170E2
2.547000E3	-1.507183E0	6.047479E-1	1.260601E2
2.548000E3	-1.510872E0	6.047479E-1	1.217100E2
2.549000E3	-1.514561E0	6.047479E-1	1.168237E2
2.550000E3	-1.518251E0	6.047479E-1	1.177153E2
2.551000E3	-1.521940E0	6.047479E-1	1.202599E2
2.552000E3	-1.525629E0	6.047479E-1	1.223578E2
2.553000E3	-1.529318E0	6.047479E-1	1.241548E2
2.554000E3	-1.533007E0	6.047479E-1	1.291035E2
2.555000E3	-1.536697E0	6.047479E-1	1.303136E2
2.556000E3	-1.540386E0	6.047479E-1	1.292720E2
2.557000E3	-1.544075E0	6.047479E-1	1.284002E2
2.558000E3	-1.547764E0	6.047479E-1	1.310215E2
2.559000E3	-1.551453E0	6.047479E-1	1.331641E2
2.560000E3	-1.555142E0	6.047479E-1	1.334284E2
2.561000E3	-1.558832E0	6.047479E-1	1.324384E2
2.562000E3	-1.562521E0	6.047479E-1	1.276312E2
2.563000E3	-1.566210E0	6.047479E-1	1.239579E2
2.564000E3	-1.569899E0	6.047479E-1	1.204868E2
2.565000E3	-1.573588E0	6.047479E-1	1.199501E2
2.566000E3	-1.577278E0	6.047479E-1	1.216496E2
2.567000E3	-1.580967E0	6.047479E-1	1.247979E2
2.568000E3	-1.584656E0	6.047479E-1	1.242418E2
2.569000E3	-1.588345E0	6.047479E-1	1.226231E2
2.570000E3	-1.592034E0	6.047479E-1	1.224220E2
2.571000E3	-1.595724E0	6.047479E-1	1.216956E2
2.572000E3	-1.599413E0	6.047479E-1	1.201042E2
2.573000E3	-1.603102E0	6.047479E-1	1.220444E2
2.574000E3	-1.606791E0	6.047479E-1	1.227419E2
2.575000E3	-1.610480E0	6.047479E-1	1.222876E2
2.576000E3	-1.614170E0	6.047479E-1	1.248066E2
2.577000E3	-1.617859E0	6.047479E-1	1.226602E2
2.578000E3	-1.621548E0	6.047479E-1	1.216618E2
2.579000E3	-1.625237E0	6.047479E-1	1.197908E2
2.580000E3	-1.628926E0	6.047479E-1	1.217724E2
2.581000E3	-1.632615E0	6.047479E-1	1.231152E2
2.582000E3	-1.636305E0	6.047479E-1	1.222900E2
2.583000E3	-1.639994E0	6.047479E-1	1.198800E2
2.584000E3	-1.643683E0	6.047479E-1	1.193042E2
2.585000E3	-1.647372E0	6.047479E-1	1.198550E2
2.586000E3	-1.651061E0	6.047479E-1	1.198994E2
2.587000E3	-1.654751E0	6.047479E-1	1.240848E2
2.588000E3	-1.658440E0	6.047479E-1	1.279756E2
2.589000E3	-1.662129E0	6.047479E-1	1.272833E2
2.590000E3	-1.665818E0	6.047479E-1	1.222068E2
2.591000E3	-1.669507E0	6.047479E-1	1.203087E2
2.592000E3	-1.673197E0	6.047479E-1	1.186062E2
2.593000E3	-1.676886E0	6.047479E-1	1.196864E2
2.594000E3	-1.680575E0	6.047479E-1	1.195162E2
2.595000E3	-1.684264E0	6.047479E-1	1.200698E2
2.596000E3	-1.687953E0	6.047479E-1	1.208333E2
2.597000E3	-1.691643E0	6.047479E-1	1.175100E2
2.598000E3	-1.695332E0	6.047479E-1	1.146718E2
2.599000E3	-1.699021E0	6.047479E-1	1.140278E2
2.600000E3	-1.702710E0	6.047479E-1	1.099362E2
2.601000E3	-1.706399E0	6.047479E-1	1.027453E2
2.602000E3	-1.710089E0	6.047479E-1	9.696253E1
2.603000E3	-1.713778E0	6.047479E-1	9.615797E1
2.604000E3	-1.717467E0	6.047479E-1	9.680740E1
2.605000E3	-1.721156E0	6.047479E-1	9.941726E1
2.606000E3	-1.724845E0	6.047479E-1	1.006032E2
2.607000E3	-1.728534E0	6.047479E-1	1.016035E2
2.608000E3	-1.732224E0	6.047479E-1	1.011492E2
2.609000E3	-1.735913E0	6.047479E-1	1.017619E2
2.610000E3	-1.739602E0	6.047479E-1	1.009107E2
2.611000E3	-1.743291E0	6.047479E-1	1.004110E2
2.612000E3	-1.746980E0	6.047479E-1	1.016241E2
2.613000E3	-1.750670E0	6.047479E-1	1.030867E2
2.614000E3	-1.754359E0	6.047479E-1	1.071088E2
2.615000E3	-1.758048E0	6.047479E-1	1.111125E2
2.616000E3	-1.761737E0	6.047479E-1	1.136093E2
2.617000E3	-1.765426E0	6.047479E-1	1.122790E2
2.618000E3	-1.769116E0	6.047479E-1	1.069589E2
2.619000E3	-1.772805E0	6.047479E-1	1.060070E2
2.620000E3	-1.776494E0	6.047479E-1	1.028051E2
2.621000E3	-1.780183E0	6.047479E-1	1.010391E2
2.622000E3	-1.783872E0	6.047479E-1	9.992539E1
2.623000E3	-1.787562E0	6.047479E-1	9.843965E1
2.624000E3	-1.791251E0	6.047479E-1	9.406959E1
2.625000E3	-1.794940E0	6.047479E-1	9.710413E1
2.626000E3	-1.798629E0	6.047479E-1	1.018065E2
2.627000E3	-1.802318E0	6.047479E-1	1.051803E2
2.628000E3	-1.806007E0	6.047479E-1	1.050754E2
2.629000E3	-1.809697E0	6.047479E-1	1.036965E2
2.630000E3	-1.813386E0	6.047479E-1	9.888007E1
2.631000E3	-1.817075E0	6.047479E-1	9.604426E1
2.632000E3	-1.820764E0	6.047479E-1	9.464032E1
2.633000E3	-1.824453E0	6.047479E-1	9.361509E1
2.634000E3	-1.828143E0	6.047479E-1	9.203849E1
2.635000E3	-1.831832E0	6.047479E-1	9.103460E1
2.636000E3	-1.835521E0	6.047479E-1	8.981872E1
2.637000E3	-1.839210E0	6.047479E-1	9.095928E1
2.638000E3	-1.842899E0	6.047479E-1	9.345518E1
2.639000E3	-1.846589E0	6.047479E-1	9.348245E1
2.640000E3	-1.850278E0	6.047479E-1	9.441267E1
2.641000E3	-1.853967E0	6.047479E-1	9.750982E1
2.642000E3	-1.857656E0	6.047479E-1	9.658991E1
2.643000E3	-1.861345E0	6.047479E-1	9.069336E1
2.644000E3	-1.865035E0	6.047479E-1	8.645452E1
2.645000E3	-1.868724E0	6.047479E-1	8.568658E1
2.646000E3	-1.872413E0	6.047479E-1	8.699543E1
2.647000E3	-1.876102E0	6.047479E-1	8.807602E1
2.648000E3	-1.879791E0	6.047479E-1	8.690859E1
2.649000E3	-1.883480E0	6.047479E-1	8.574600E1
2.650000E3	-1.887170E0	6.047479E-1	8.296404E1
2.651000E3	-1.890859E0	6.047479E-1	7.932720E1
2.652000E3	-1.894548E0	6.047479E-1	7.769928E1
2.653000E3	-1.898237E0	6.047479E-1	7.733511E1
2.654000E3	-1.901926E0	6.047479E-1	7.637497E1
2.655000E3	-1.905616E0	6.047479E-1	7.227918E1
2.656000E3	-1.909305E0	6.047479E-1	7.102116E1
2.657000E3	-1.912994E0	6.047479E-1	6.804103E1
2.658000E3	-1.916683E0	6.047479E-1	6.800072E1
2.659000E3	-1.920372E0	6.047479E-1	6.785724E1
2.660000E3	-1.924062E0	6.047479E-1	6.912856E1
2.661000E3	-1.927751E0	6.047479E-1	7.016863E1
2.662000E3	-1.931440E0	6.047479E-1	6.972329E1
2.663000E3	-1.935129E0	6.047479E-1	6.958216E1
2.664000E3	-1.938818E0	6.047479E-1	7.044171E1
2.665000E3	-1.942508E0	6.047479E-1	7.069327E1
2.666000E3	-1.946197E0	6.047479E-1	6.756410E1
2.667000E3	-1.949886E0	6.047479E-1	6.657328E1
2.668000E3	-1.953575E0	6.047479E-1	6.558506E1
2.669000E3	-1.957264E0	6.047479E-1	6.376446E1
2.670000E3	-1.960954E0	6.047479E-1	6.278213E1
2.671000E3	-1.964643E0	6.047479E-1	6.355900E1
2.672000E3	-1.968332E0	6.047479E-1	6.316696E1
2.673000E3	-1.972021E0	6.047479E-1	6.141068E1
2.674000E3	-1.975710E0	6.047479E-1	6.007159E1
2.675000E3	-1.979399E0	6.047479E-1	6.224485E1
2.676000E3	-1.983089E0	6.047479E-1	6.125532E1
2.677000E3	-1.986778E0	6.047479E-1	5.664266E1
2.678000E3	-1.990467E0	6.047479E-1	5.315743E1
2.679000E3	-1.994156E0	6.047479E-1	5.379034E1
2.680000E3	-1.997845E0	6.047479E-1	5.277625E1
2.681000E3	-2.001535E0	6.047479E-1	5.354890E1
2.682000E3	-2.005224E0	6.047479E-1	5.338573E1
2.683000E3	-2.008913E0	6.047479E-1	5.208381E1
2.684000E3	-2.012602E0	6.047479E-1	5.111990E1
2.685000E3	-2.016291E0	6.047479E-1	4.618165E1
2.686000E3	-2.019981E0	6.047479E-1	4.254986E1
2.687000E3	-2.023670E0	6.047479E-1	4.403361E1
2.688000E3	-2.027359E0	6.047479E-1	4.506588E1
2.689000E3	-2.031048E0	6.047479E-1	4.222797E1
2.690000E3	-2.034737E0	6.047479E-1	4.184634E1
2.691000E3	-2.038427E0	6.047479E-1	4.081078E1
2.692000E3	-2.042116E0	6.047479E-1	4.010749E1
2.693000E3	-2.045805E0	6.047479E-1	4.091907E1
2.694000E3	-2.049494E0	6.047479E-1	4.061212E1
2.695000E3	-2.053183E0	6.047479E-1	3.989273E1
2.696000E3	-2.056872E0	6.047479E-1	3.926103E1
2.697000E3	-2.060562E0	6.047479E-1	3.959463E1
2.698000E3	-2.064251E0	6.047479E-1	3.966967E1
2.699000E3	-2.067940E0	6.047479E-1	3.942972E1
2.700000E3	-2.071629E0	6.047479E-1	3.890336E1
2.701000E3	-2.075318E0	6.047479E-1	3.745458E1
2.702000E3	-2.079008E0	6.047479E-1	3.516233E1
2.703000E3	-2.082697E0	6.047479E-1	3.655413E1
2.704000E3	-2.086386E0	6.047479E-1	3.674911E1
2.705000E3	-2.090075E0	6.047479E-1	3.421086E1
2.706000E3	-2.093764E0	6.047479E-1	3.238140E1
2.707000E3	-2.097454E0	6.047479E-1	3.123658E1
2.708000E3	-2.101143E0	6.047479E-1	3.316178E1
2.709000E3	-2.104832E0	6.047479E-1	3.350779E1
2.710000E3	-2.108521E0	6.047479E-1	3.241144E1
2.711000E3	-2.112210E0	6.047479E-1	3.001970E1
2.712000E3	-2.115900E0	6.047479E-1	2.772072E1
2.713000E3	-2.119589E0	6.047479E-1	2.857150E1
2.714000E3	-2.123278E0	6.047479E-1	2.588994E1
2.715000E3	-2.126967E0	6.047479E-1	2.604136E1
2.716000E3	-2.130656E0	6.047479E-1	2.613919E1
2.717000E3	-2.134346E0	6.047479E-1	2.783137E1
2.718000E3	-2.138035E0	6.047479E-1	2.737394E1
2.719000E3	-2.141724E0	6.047479E-1	2.785553E1
2.720000E3	-2.145413E0	6.047479E-1	2.863386E1
2.721000E3	-2.149102E0	6.047479E-1	2.716281E1
2.722000E3	-2.152791E0	6.047479E-1	2.948503E1
2.723000E3	-2.156481E0	6.047479E-1	3.050562E1
2.724000E3	-2.160170E0	6.047479E-1	3.004593E1
2.725000E3	-2.163859E0	6.047479E-1	3.014606E1
2.726000E3	-2.167548E0	6.047479E-1	2.791196E1
2.727000E3	-2.171237E0	6.047479E-1	2.805833E1
2.728000E3	-2.174927E0	6.047479E-1	2.780984E1
2.729000E3	-2.178616E0	6.047479E-1	2.893198E1
2.730000E3	-2.182305E0	6.047479E-1	2.927390E1
2.731000E3	-2.185994E0	6.047479E-1	2.930220E1
2.732000E3	-2.189683E0	6.047479E-1	2.798365E1
2.733000E3	-2.193373E0	6.047479E-1	2.817017E1
2.734000E3	-2.197062E0	6.047479E-1	2.774620E1
2.735000E3	-2.200751E0	6.047479E-1	2.708612E1
2.736000E3	-2.204440E0	6.047479E-1	2.839978E1
2.737000E3	-2.208129E0	6.047479E-1	2.723058E1
2.738000E3	-2.211819E0	6.047479E-1	2.473663E1
2.739000E3	-2.215508E0	6.047479E-1	2.300231E1
2.740000E3	-2.219197E0	6.047479E-1	2.205715E1
2.741000E3	-2.222886E0	6.047479E-1	2.204293E1
2.742000E3	-2.226575E0	6.047479E-1	2.168869E1
2.743000E3	-2.230264E0	6.047479E-1	2.118571E1
2.744000E3	-2.233954E0	6.047479E-1	2.058743E1
2.745000E3	-2.237643E0	6.047479E-1	2.251549E1
2.746000E3	-2.241332E0	6.047479E-1	2.430904E1
2.747000E3	-2.245021E0	6.047479E-1	2.709914E1
2.748000E3	-2.248710E0	6.047479E-1	2.947183E1
2.749000E3	-2.252400E0	6.047479E-1	3.069066E1
2.750000E3	-2.256089E0	6.047479E-1	2.992515E1
2.751000E3	-2.259778E0	6.047479E-1	3.045632E1
2.752000E3	-2.263467E0	6.047479E-1	3.289464E1
2.753000E3	-2.267156E0	6.047479E-1	3.065262E1
2.754000E3	-2.270846E0	6.047479E-1	3.219797E1
2.755000E3	-2.274535E0	6.047479E-1	3.354518E1
2.756000E3	-2.278224E0	6.047479E-1	3.499958E1
2.757000E3	-2.281913E0	6.047479E-1	3.473203E1
2.758000E3	-2.285602E0	6.047479E-1	3.336374E1
2.759000E3	-2.289292E0	6.047479E-1	3.433285E1
2.760000E3	-2.292981E0	6.047479E-1	3.644906E1
2.761000E3	-2.296670E0	6.047479E-1	3.951056E1
2.762000E3	-2.300359E0	6.047479E-1	4.009891E1
2.763000E3	-2.304048E0	6.047479E-1	3.713595E1
2.764000E3	-2.307737E0	6.047479E-1	3.773349E1
2.765000E3	-2.311427E0	6.047479E-1	3.816608E1
2.766000E3	-2.315116E0	6.047479E-1	3.711824E1
2.767000E3	-2.318805E0	6.047479E-1	3.548968E1
2.768000E3	-2.322494E0	6.047479E-1	3.526108E1
2.769000E3	-2.326183E0	6.047479E-1	3.555603E1
2.770000E3	-2.329873E0	6.047479E-1	3.589548E1
2.771000E3	-2.333562E0	6.047479E-1	3.741371E1
2.772000E3	-2.337251E0	6.047479E-1	3.940377E1
2.773000E3	-2.340940E0	6.047479E-1	3.953298E1
2.774000E3	-2.344629E0	6.047479E-1	4.120993E1
2.775000E3	-2.348319E0	6.047479E-1	4.231945E1
2.776000E3	-2.352008E0	6.047479E-1	4.354996E1
2.777000E3	-2.355697E0	6.047479E-1	4.508712E1
2.778000E3	-2.359386E0	6.047479E-1	4.553395E1
2.779000E3	-2.363075E0	6.047479E-1	4.513604E1
2.780000E3	-2.366765E0	6.047479E-1	4.430909E1
2.781000E3	-2.370454E0	6.047479E-1	4.485919E1
2.782000E3	-2.374143E0	6.047479E-1	4.658090E1
2.783000E3	-2.377832E0	6.047479E-1	4.545990E1
2.784000E3	-2.381521E0	6.047479E-1	4.572487E1
2.785000E3	-2.385211E0	6.047479E-1	4.496232E1
2.786000E3	-2.388900E0	6.047479E-1	4.608320E1
2.787000E3	-2.392589E0	6.047479E-1	4.713293E1
2.788000E3	-2.396278E0	6.047479E-1	4.882801E1
2.789000E3	-2.399967E0	6.047479E-1	4.835723E1
2.790000E3	-2.403656E0	6.047479E-1	4.910333E1
2.791000E3	-2.407346E0	6.047479E-1	4.924876E1
2.792000E3	-2.411035E0	6.047479E-1	4.838163E1
2.793000E3	-2.414724E0	6.047479E-1	4.765776E1
2.794000E3	-2.418413E0	6.047479E-1	4.743578E1
2.795000E3	-2.422102E0	6.047479E-1	4.734662E1
2.796000E3	-2.425792E0	6.047479E-1	4.552453E1
2.797000E3	-2.429481E0	6.047479E-1	4.559841E1
2.798000E3	-2.433170E0	6.047479E-1	4.682884E1
2.799000E3	-2.436859E0	6.047479E-1	4.810733E1
2.800000E3	-2.440548E0	6.047479E-1	5.127490E1
2.801000E3	-2.444238E0	6.047479E-1	5.224476E1
2.802000E3	-2.447927E0	6.047479E-1	5.405663E1
2.803000E3	-2.451616E0	6.047479E-1	5.460833E1
2.804000E3	-2.455305E0	6.047479E-1	5.594523E1
2.805000E3	-2.458994E0	6.047479E-1	5.516541E1
2.806000E3	-2.462684E0	6.047479E-1	5.493763E1
2.807000E3	-2.466373E0	6.047479E-1	5.576589E1
2.808000E3	-2.470062E0	6.047479E-1	5.446598E1
2.809000E3	-2.473751E0	6.047479E-1	5.480455E1
2.810000E3	-2.477440E0	6.047479E-1	5.661986E1
2.811000E3	-2.481129E0	6.047479E-1	6.008140E1
2.812000E3	-2.484819E0	6.047479E-1	6.234423E1
2.813000E3	-2.488508E0	6.047479E-1	6.195357E1
2.814000E3	-2.492197E0	6.047479E-1	6.162045E1
2.815000E3	-2.495886E0	6.047479E-1	6.173436E1
2.816000E3	-2.499575E0	6.047479E-1	5.997465E1
2.817000E3	-2.503265E0	6.047479E-1	5.855776E1
2.818000E3	-2.506954E0	6.047479E-1	5.771984E1
2.819000E3	-2.510643E0	6.047479E-1	5.791580E1
2.820000E3	-2.514332E0	6.047479E-1	5.724733E1
2.821000E3	-2.518021E0	6.047479E-1	5.940447E1
2.822000E3	-2.521711E0	6.047479E-1	6.016392E1
2.823000E3	-2.525400E0	6.047479E-1	5.805644E1
2.824000E3	-2.529089E0	6.047479E-1	5.633595E1
2.825000E3	-2.532778E0	6.047479E-1	5.608461E1
2.826000E3	-2.536467E0	6.047479E-1	5.531494E1
2.827000E3	-2.540157E0	6.047479E-1	5.758967E1
2.828000E3	-2.543846E0	6.047479E-1	6.021182E1
2.829000E3	-2.547535E0	6.047479E-1	5.954980E1
2.830000E3	-2.551224E0	6.047479E-1	5.966322E1
2.831000E3	-2.554913E0	6.047479E-1	6.187560E1
2.832000E3	-2.558602E0	6.047479E-1	6.316647E1
2.833000E3	-2.562292E0	6.047479E-1	6.267093E1
2.834000E3	-2.565981E0	6.047479E-1	6.123400E1
2.835000E3	-2.569670E0	6.047479E-1	5.895325E1
2.836000E3	-2.573359E0	6.047479E-1	5.740776E1
2.837000E3	-2.577048E0	6.047479E-1	6.005698E1
2.838000E3	-2.580738E0	6.047479E-1	6.070220E1
2.839000E3	-2.584427E0	6.047479E-1	6.176932E1
2.840000E3	-2.588116E0	6.047479E-1	6.191952E1
2.841000E3	-2.591805E0	6.047479E-1	6.125711E1
2.842000E3	-2.595494E0	6.047479E-1	6.072296E1
2.843000E3	-2.599184E0	6.047479E-1	6.100745E1
2.844000E3	-2.602873E0	6.047479E-1	6.287937E1
2.845000E3	-2.606562E0	6.047479E-1	6.382616E1
2.846000E3	-2.610251E0	6.047479E-1	6.105519E1
2.847000E3	-2.613940E0	6.047479E-1	5.890784E1
2.848000E3	-2.617630E0	6.047479E-1	5.797547E1
2.849000E3	-2.621319E0	6.047479E-1	5.720262E1
2.850000E3	-2.625008E0	6.047479E-1	5.315635E1
2.851000E3	-2.628697E0	6.047479E-1	5.236016E1
2.852000E3	-2.632386E0	6.047479E-1	5.213531E1
2.853000E3	-2.636076E0	6.047479E-1	5.251358E1
2.854000E3	-2.639765E0	6.047479E-1	5.170315E1
2.855000E3	-2.643454E0	6.047479E-1	5.134910E1
2.856000E3	-2.647143E0	6.047479E-1	5.256152E1
2.857000E3	-2.650832E0	6.047479E-1	5.448237E1
2.858000E3	-2.654521E0	6.047479E-1	5.565391E1
2.859000E3	-2.658211E0	6.047479E-1	5.754276E1
2.860000E3	-2.661900E0	6.047479E-1	5.981895E1
2.861000E3	-2.665589E0	6.047479E-1	5.965609E1
2.862000E3	-2.669278E0	6.047479E-1	5.940396E1
2.863000E3	-2.672967E0	6.047479E-1	6.173466E1
2.864000E3	-2.676657E0	6.047479E-1	6.170752E1
2.865000E3	-2.680346E0	6.047479E-1	6.201745E1
2.866000E3	-2.684035E0	6.047479E-1	6.115211E1
2.867000E3	-2.687724E0	6.047479E-1	6.116291E1
2.868000E3	-2.691413E0	6.047479E-1	6.014423E1
2.869000E3	-2.695103E0	6.047479E-1	5.826281E1
2.870000E3	-2.698792E0	6.047479E-1	5.770010E1
2.871000E3	-2.702481E0	6.047479E-1	5.943052E1
2.872000E3	-2.706170E0	6.047479E-1	6.140136E1
2.873000E3	-2.709859E0	6.047479E-1	6.355822E1
2.874000E3	-2.713549E0	6.047479E-1	6.121148E1
2.875000E3	-2.717238E0	6.047479E-1	5.764681E1
2.876000E3	-2.720927E0	6.047479E-1	5.696757E1
2.877000E3	-2.724616E0	6.047479E-1	5.480725E1
2.878000E3	-2.728305E0	6.047479E-1	5.023442E1
2.879000E3	-2.731994E0	6.047479E-1	4.934378E1
2.880000E3	-2.735684E0	6.047479E-1	4.758838E1
2.881000E3	-2.739373E0	6.047479E-1	4.463824E1
2.882000E3	-2.743062E0	6.047479E-1	4.506818E1
2.883000E3	-2.746751E0	6.047479E-1	4.652761E1
2.884000E3	-2.750440E0	6.047479E-1	5.245704E1
2.885000E3	-2.754130E0	6.047479E-1	5.527966E1
2.886000E3	-2.757819E0	6.047479E-1	5.636891E1
2.887000E3	-2.761508E0	6.047479E-1	5.571275E1
2.888000E3	-2.765197E0	6.047479E-1	5.581910E1
2.889000E3	-2.768886E0	6.047479E-1	5.730838E1
2.890000E3	-2.772576E0	6.047479E-1	5.770644E1
2.891000E3	-2.776265E0	6.047479E-1	5.606197E1
2.892000E3	-2.779954E0	6.047479E-1	5.701342E1
2.893000E3	-2.783643E0	6.047479E-1	5.989171E1
2.894000E3	-2.787332E0	6.047479E-1	5.943326E1
2.895000E3	-2.791022E0	6.047479E-1	5.741125E1
2.896000E3	-2.794711E0	6.047479E-1	5.674155E1
2.897000E3	-2.798400E0	6.047479E-1	5.680292E1
2.898000E3	-2.802089E0	6.047479E-1	5.573580E1
2.899000E3	-2.805778E0	6.047479E-1	5.602378E1
2.900000E3	-2.809467E0	6.047479E-1	5.682503E1
2.901000E3	-2.813157E0	6.047479E-1	5.437968E1
2.902000E3	-2.816846E0	6.047479E-1	5.284732E1
2.903000E3	-2.820535E0	6.047479E-1	5.298990E1
2.904000E3	-2.824224E0	6.047479E-1	5.068960E1
2.905000E3	-2.827913E0	6.047479E-1	5.099270E1
2.906000E3	-2.831603E0	6.047479E-1	5.083033E1
2.907000E3	-2.835292E0	6.047479E-1	4.928012E1
2.908000E3	-2.838981E0	6.047479E-1	5.017495E1
2.909000E3	-2.842670E0	6.047479E-1	5.056441E1
2.910000E3	-2.846359E0	6.047479E-1	4.997369E1
2.911000E3	-2.850049E0	6.047479E-1	5.125081E1
2.912000E3	-2.853738E0	6.047479E-1	5.122392E1
2.913000E3	-2.857427E0	6.047479E-1	5.249694E1
2.914000E3	-2.861116E0	6.047479E-1	5.325140E1
2.915000E3	-2.864805E0	6.047479E-1	5.205835E1
2.916000E3	-2.868495E0	6.047479E-1	4.992869E1
2.917000E3	-2.872184E0	6.047479E-1	4.923547E1
2.918000E3	-2.875873E0	6.047479E-1	4.881631E1
2.919000E3	-2.879562E0	6.047479E-1	4.830734E1
2.920000E3	-2.883251E0	6.047479E-1	4.655532E1
2.921000E3	-2.886941E0	6.047479E-1	4.680089E1
2.922000E3	-2.890630E0	6.047479E-1	4.717337E1
2.923000E3	-2.894319E0	6.047479E-1	4.977413E1
2.924000E3	-2.898008E0	6.047479E-1	5.114600E1
2.925000E3	-2.901697E0	6.047479E-1	5.104450E1
2.926000E3	-2.905386E0	6.047479E-1	4.893470E1
2.927000E3	-2.909076E0	6.047479E-1	4.704159E1
2.928000E3	-2.912765E0	6.047479E-1	4.752117E1
2.929000E3	-2.916454E0	6.047479E-1	4.828218E1
2.930000E3	-2.920143E0	6.047479E-1	4.855377E1
2.931000E3	-2.923832E0	6.047479E-1	4.727077E1
2.932000E3	-2.927522E0	6.047479E-1	4.889842E1
2.933000E3	-2.931211E0	6.047479E-1	4.608893E1
2.934000E3	-2.934900E0	6.047479E-1	4.300957E1
2.935000E3	-2.938589E0	6.047479E-1	4.144388E1
2.936000E3	-2.942278E0	6.047479E-1	3.976095E1
2.937000E3	-2.945968E0	6.047479E-1	3.946124E1
2.938000E3	-2.949657E0	6.047479E-1	4.002184E1
2.939000E3	-2.953346E0	6.047479E-1	3.967072E1
2.940000E3	-2.957035E0	6.047479E-1	3.952991E1
2.941000E3	-2.960724E0	6.047479E-1	4.094633E1
2.942000E3	-2.964414E0	6.047479E-1	4.183489E1
2.943000E3	-2.968103E0	6.047479E-1	4.272070E1
2.944000E3	-2.971792E0	6.047479E-1	4.276451E1
2.945000E3	-2.975481E0	6.047479E-1	4.458831E1
2.946000E3	-2.979170E0	6.047479E-1	4.341217E1
2.947000E3	-2.982859E0	6.047479E-1	4.158122E1
2.948000E3	-2.986549E0	6.047479E-1	4.116058E1
2.949000E3	-2.990238E0	6.047479E-1	4.088495E1
2.950000E3	-2.993927E0	6.047479E-1	4.077650E1
2.951000E3	-2.997616E0	6.047479E-1	4.060505E1
2.952000E3	-3.001305E0	6.047479E-1	4.043452E1
2.953000E3	-3.004995E0	6.047479E-1	3.964417E1
2.954000E3	-3.008684E0	6.047479E-1	3.928901E1
2.955000E3	-3.012373E0	6.047479E-1	4.168632E1
2.956000E3	-3.016062E0	6.047479E-1	4.242758E1
2.957000E3	-3.019751E0	6.047479E-1	3.970250E1
2.958000E3	-3.023441E0	6.047479E-1	3.861777E1
2.959000E3	-3.027130E0	6.047479E-1	3.689191E1
2.960000E3	-3.030819E0	6.047479E-1	3.691576E1
2.961000E3	-3.034508E0	6.047479E-1	3.408539E1
2.962000E3	-3.038197E0	6.047479E-1	3.271717E1
2.963000E3	-3.041887E0	6.047479E-1	3.172000E1
2.964000E3	-3.045576E0	6.047479E-1	3.174185E1
2.965000E3	-3.049265E0	6.047479E-1	3.254641E1
2.966000E3	-3.052954E0	6.047479E-1	3.262225E1
2.967000E3	-3.056643E0	6.047479E-1	3.269224E1
2.968000E3	-3.060332E0	6.047479E-1	3.249387E1
2.969000E3	-3.064022E0	6.047479E-1	3.204938E1
2.970000E3	-3.067711E0	6.047479E-1	3.250042E1
2.971000E3	-3.071400E0	6.047479E-1	3.242284E1
2.972000E3	-3.075089E0	6.047479E-1	3.358730E1
2.973000E3	-3.078778E0	6.047479E-1	3.335454E1
2.974000E3	-3.082468E0	6.047479E-1	3.235198E1
2.975000E3	-3.086157E0	6.047479E-1	3.087449E1
2.976000E3	-3.089846E0	6.047479E-1	3.306771E1
2.977000E3	-3.093535E0	6.047479E-1	3.382376E1
2.978000E3	-3.097224E0	6.047479E-1	3.488431E1
2.979000E3	-3.100914E0	6.047479E-1	3.321443E1
2.980000E3	-3.104603E0	6.047479E-1	3.298116E1
2.981000E3	-3.108292E0	6.047479E-1	3.352376E1
2.982000E3	-3.111981E0	6.047479E-1	3.259732E1
2.983000E3	-3.115670E0	6.047479E-1	3.391258E1
2.984000E3	-3.119360E0	6.047479E-1	3.316179E1
2.985000E3	-3.123049E0	6.047479E-1	3.265791E1
2.986000E3	-3.126738E0	6.047479E-1	3.126115E1
2.987000E3	-3.130427E0	6.047479E-1	2.949863E1
2.988000E3	-3.134116E0	6.047479E-1	2.769543E1
2.989000E3	-3.137806E0	6.047479E-1	2.581563E1
2.990000E3	-3.141495E0	6.047479E-1	2.355692E1
2.991000E3	-3.145184E0	6.047479E-1	2.298602E1
2.992000E3	-3.148873E0	6.047479E-1	2.343987E1
2.993000E3	-3.152562E0	6.047479E-1	2.504243E1
2.994000E3	-3.156251E0	6.047479E-1	2.582239E1
2.995000E3	-3.159941E0	6.047479E-1	2.617802E1
2.996000E3	-3.163630E0	6.047479E-1	2.742205E1
2.997000E3	-3.167319E0	6.047479E-1	2.798278E1
2.998000E3	-3.171008E0	6.047479E-1	2.688396E1
2.999000E3	-3.174697E0	6.047479E-1	2.747844E1
3.000000E3	-3.178387E0	6.047479E-1	2.699825E1
3.001000E3	-3.182076E0	6.047479E-1	2.733344E1
3.002000E3	-3.185765E0	6.047479E-1	2.623565E1
3.003000E3	-3.189454E0	6.047479E-1	2.519442E1
3.004000E3	-3.193143E0	6.047479E-1	2.630562E1
3.005000E3	-3.196833E0	6.047479E-1	2.500059E1
3.006000E3	-3.200522E0	6.047479E-1	2.554129E1
3.007000E3	-3.204211E0	6.047479E-1	2.389912E1
3.008000E3	-3.207900E0	6.047479E-1	2.639021E1
3.009000E3	-3.211589E0	6.047479E-1	2.578851E1
3.010000E3	-3.215279E0	6.047479E-1	2.519132E1
3.011000E3	-3.218968E0	6.047479E-1	2.251480E1
3.012000E3	-3.222657E0	6.047479E-1	2.199411E1
3.013000E3	-3.226346E0	6.047479E-1	2.140091E1
3.014000E3	-3.230035E0	6.047479E-1	1.940749E1
3.015000E3	-3.233724E0	6.047479E-1	1.845130E1
3.016000E3	-3.237414E0	6.047479E-1	1.734416E1
3.017000E3	-3.241103E0	6.047479E-1	1.686819E1
3.018000E3	-3.244792E0	6.047479E-1	1.692015E1
3.019000E3	-3.248481E0	6.047479E-1	1.794970E1
3.020000E3	-3.252170E0	6.047479E-1	1.758609E1
3.021000E3	-3.255860E0	6.047479E-1	1.771133E1
3.022000E3	-3.259549E0	6.047479E-1	1.804770E1
3.023000E3	-3.263238E0	6.047479E-1	1.767837E1
3.024000E3	-3.266927E0	6.047479E-1	2.105838E1
3.025000E3	-3.270616E0	6.047479E-1	2.328806E1
3.026000E3	-3.274306E0	6.047479E-1	2.420594E1
3.027000E3	-3.277995E0	6.047479E-1	2.470379E1
3.028000E3	-3.281684E0	6.047479E-1	2.471768E1
3.029000E3	-3.285373E0	6.047479E-1	2.247951E1
3.030000E3	-3.289062E0	6.047479E-1	2.354594E1
3.031000E3	-3.292752E0	6.047479E-1	2.450289E1
3.032000E3	-3.296441E0	6.047479E-1	2.659535E1
3.033000E3	-3.300130E0	6.047479E-1	2.541085E1
3.034000E3	-3.303819E0	6.047479E-1	2.732423E1
3.035000E3	-3.307508E0	6.047479E-1	2.672627E1
3.036000E3	-3.311198E0	6.047479E-1	2.498147E1
3.037000E3	-3.314887E0	6.047479E-1	2.561976E1
3.038000E3	-3.318576E0	6.047479E-1	2.755265E1
3.039000E3	-3.322265E0	6.047479E-1	2.824390E1
3.040000E3	-3.325954E0	6.047479E-1	2.811820E1
3.041000E3	-3.329643E0	6.047479E-1	2.756364E1
3.042000E3	-3.333333E0	6.047479E-1	2.721941E1
3.043000E3	-3.337022E0	6.047479E-1	2.598706E1
3.044000E3	-3.340711E0	6.047479E-1	2.312382E1
3.045000E3	-3.344400E0	6.047479E-1	2.057718E1
3.046000E3	-3.348089E0	6.047479E-1	2.058373E1
3.047000E3	-3.351779E0	6.047479E-1	2.160062E1
3.048000E3	-3.355468E0	6.047479E-1	2.393618E1
3.049000E3	-3.359157E0	6.047479E-1	2.456396E1
3.050000E3	-3.362846E0	6.047479E-1	2.349366E1
3.051000E3	-3.366535E0	6.047479E-1	2.285449E1
3.052000E3	-3.370225E0	6.047479E-1	2.366369E1
3.053000E3	-3.373914E0	6.047479E-1	2.514382E1
3.054000E3	-3.377603E0	6.047479E-1	2.535535E1
3.055000E3	-3.381292E0	6.047479E-1	2.404807E1
3.056000E3	-3.384981E0	6.047479E-1	2.470176E1
3.057000E3	-3.388671E0	6.047479E-1	2.578755E1
3.058000E3	-3.392360E0	6.047479E-1	2.620732E1
3.059000E3	-3.396049E0	6.047479E-1	2.334034E1
3.060000E3	-3.399738E0	6.047479E-1	2.189681E1
3.061000E3	-3.403427E0	6.047479E-1	2.322038E1
3.062000E3	-3.407116E0	6.047479E-1	2.392192E1
3.063000E3	-3.410806E0	6.047479E-1	2.524067E1
3.064000E3	-3.414495E0	6.047479E-1	2.630562E1
3.065000E3	-3.418184E0	6.047479E-1	2.560874E1
3.066000E3	-3.421873E0	6.047479E-1	2.485341E1
3.067000E3	-3.425562E0	6.047479E-1	2.390832E1
3.068000E3	-3.429252E0	6.047479E-1	2.449355E1
3.069000E3	-3.432941E0	6.047479E-1	2.749720E1
3.070000E3	-3.436630E0	6.047479E-1	2.535659E1
3.071000E3	-3.440319E0	6.047479E-1	2.409601E1
3.072000E3	-3.444008E0	6.047479E-1	2.491362E1
3.073000E3	-3.447698E0	6.047479E-1	2.273504E1
3.074000E3	-3.451387E0	6.047479E-1	2.293137E1
3.075000E3	-3.455076E0	6.047479E-1	2.141192E1
3.076000E3	-3.458765E0	6.047479E-1	2.171753E1
3.077000E3	-3.462454E0	6.047479E-1	2.442820E1
3.078000E3	-3.466144E0	6.047479E-1	2.613492E1
3.079000E3	-3.469833E0	6.047479E-1	2.596586E1
3.080000E3	-3.473522E0	6.047479E-1	2.587073E1
3.081000E3	-3.477211E0	6.047479E-1	2.618948E1
3.082000E3	-3.480900E0	6.047479E-1	2.687472E1
3.083000E3	-3.484589E0	6.047479E-1	2.702398E1
3.084000E3	-3.488279E0	6.047479E-1	2.831468E1
3.085000E3	-3.491968E0	6.047479E-1	2.934410E1
3.086000E3	-3.495657E0	6.047479E-1	2.906086E1
3.087000E3	-3.499346E0	6.047479E-1	2.681761E1
3.088000E3	-3.503035E0	6.047479E-1	2.396917E1
3.089000E3	-3.506725E0	6.047479E-1	2.549137E1
3.090000E3	-3.510414E0	6.047479E-1	2.720419E1
3.091000E3	-3.514103E0	6.047479E-1	2.827858E1
3.092000E3	-3.517792E0	6.047479E-1	2.805976E1
3.093000E3	-3.521481E0	6.047479E-1	2.979297E1
3.094000E3	-3.525171E0	6.047479E-1	3.242933E1
3.095000E3	-3.528860E0	6.047479E-1	3.088586E1
3.096000E3	-3.532549E0	6.047479E-1	3.056227E1
3.097000E3	-3.536238E0	6.047479E-1	2.987842E1
3.098000E3	-3.539927E0	6.047479E-1	2.897076E1
3.099000E3	-3.543617E0	6.047479E-1	2.874138E1
3.100000E3	-3.547306E0	6.047479E-1	2.704601E1
3.101000E3	-3.550995E0	6.047479E-1	2.646975E1
3.102000E3	-3.554684E0	6.047479E-1	2.663131E1
3.103000E3	-3.558373E0	6.047479E-1	2.593194E1
3.104000E3	-3.562063E0	6.047479E-1	2.576925E1
3.105000E3	-3.565752E0	6.047479E-1	2.812119E1
3.106000E3	-3.569441E0	6.047479E-1	2.723836E1
3.107000E3	-3.573130E0	6.047479E-1	2.712461E1
3.108000E3	-3.576819E0	6.047479E-1	2.734452E1
3.109000E3	-3.580508E0	6.047479E-1	2.804581E1
3.110000E3	-3.584198E0	6.047479E-1	2.821042E1
3.111000E3	-3.587887E0	6.047479E-1	2.845107E1
3.112000E3	-3.591576E0	6.047479E-1	2.869537E1
3.113000E3	-3.595265E0	6.047479E-1	2.818936E1
3.114000E3	-3.598954E0	6.047479E-1	2.900533E1
3.115000E3	-3.602644E0	6.047479E-1	3.028389E1
3.116000E3	-3.606333E0	6.047479E-1	2.956588E1
3.117000E3	-3.610022E0	6.047479E-1	2.974787E1
3.118000E3	-3.613711E0	6.047479E-1	3.053542E1
3.119000E3	-3.617400E0	6.047479E-1	2.827233E1
3.120000E3	-3.621090E0	6.047479E-1	2.784793E1
3.121000E3	-3.624779E0	6.047479E-1	2.834607E1
3.122000E3	-3.628468E0	6.047479E-1	2.696900E1
3.123000E3	-3.632157E0	6.047479E-1	2.732572E1
3.124000E3	-3.635846E0	6.047479E-1	2.839876E1
3.125000E3	-3.639536E0	6.047479E-1	2.785324E1
3.126000E3	-3.643225E0	6.047479E-1	2.711115E1
3.127000E3	-3.646914E0	6.047479E-1	2.704820E1
3.128000E3	-3.650603E0	6.047479E-1	2.674141E1
3.129000E3	-3.654292E0	6.047479E-1	2.623526E1
3.130000E3	-3.657981E0	6.047479E-1	2.491267E1
3.131000E3	-3.661671E0	6.047479E-1	2.638280E1
3.132000E3	-3.665360E0	6.047479E-1	2.794652E1
3.133000E3	-3.669049E0	6.047479E-1	2.683276E1
3.134000E3	-3.672738E0	6.047479E-1	2.819953E1
3.135000E3	-3.676427E0	6.047479E-1	2.786924E1
3.136000E3	-3.680117E0	6.047479E-1	2.780493E1
3.137000E3	-3.683806E0	6.047479E-1	2.933793E1
3.138000E3	-3.687495E0	6.047479E-1	2.970989E1
3.139000E3	-3.691184E0	6.047479E-1	2.883469E1
3.140000E3	-3.694873E0	6.047479E-1	2.665978E1
3.141000E3	-3.698563E0	6.047479E-1	2.674714E1
3.142000E3	-3.702252E0	6.047479E-1	2.828887E1
3.143000E3	-3.705941E0	6.047479E-1	2.878282E1
3.144000E3	-3.709630E0	6.047479E-1	2.971783E1
3.145000E3	-3.713319E0	6.047479E-1	3.012006E1
3.146000E3	-3.717009E0	6.047479E-1	3.015469E1
3.147000E3	-3.720698E0	6.047479E-1	3.037325E1
3.148000E3	-3.724387E0	6.047479E-1	2.871249E1
3.149000E3	-3.728076E0	6.047479E-1	2.863888E1
3.150000E3	-3.731765E0	6.047479E-1	2.927481E1
3.151000E3	-3.735454E0	6.047479E-1	2.871835E1
3.152000E3	-3.739144E0	6.047479E-1	2.796528E1
3.153000E3	-3.742833E0	6.047479E-1	2.702784E1
3.154000E3	-3.746522E0	6.047479E-1	2.707259E1
3.155000E3	-3.750211E0	6.047479E-1	2.569343E1
3.156000E3	-3.753900E0	6.047479E-1	2.231559E1
3.157000E3	-3.757590E0	6.047479E-1	2.230264E1
3.158000E3	-3.761279E0	6.047479E-1	2.210166E1
3.159000E3	-3.764968E0	6.047479E-1	2.234493E1
3.160000E3	-3.768657E0	6.047479E-1	2.483611E1
3.161000E3	-3.772346E0	6.047479E-1	2.712242E1
3.162000E3	-3.776036E0	6.047479E-1	2.711929E1
3.163000E3	-3.779725E0	6.047479E-1	2.776290E1
3.164000E3	-3.783414E0	6.047479E-1	2.847237E1
3.165000E3	-3.787103E0	6.047479E-1	2.949776E1
3.166000E3	-3.790792E0	6.047479E-1	3.063631E1
3.167000E3	-3.794482E0	6.047479E-1	3.023282E1
3.168000E3	-3.798171E0	6.047479E-1	2.748639E1
3.169000E3	-3.801860E0	6.047479E-1	2.733202E1
3.170000E3	-3.805549E0	6.047479E-1	2.741820E1
3.171000E3	-3.809238E0	6.047479E-1	2.778206E1
3.172000E3	-3.812928E0	6.047479E-1	2.859395E1
3.173000E3	-3.816617E0	6.047479E-1	2.906102E1
3.174000E3	-3.820306E0	6.047479E-1	3.081442E1
3.175000E3	-3.823995E0	6.047479E-1	2.837159E1
3.176000E3	-3.827684E0	6.047479E-1	2.843026E1
3.177000E3	-3.831373E0	6.047479E-1	2.911930E1
3.178000E3	-3.835063E0	6.047479E-1	3.038343E1
3.179000E3	-3.838752E0	6.047479E-1	2.834486E1
3.180000E3	-3.842441E0	6.047479E-1	2.834741E1
3.181000E3	-3.846130E0	6.047479E-1	2.698615E1
3.182000E3	-3.849819E0	6.047479E-1	2.582902E1
3.183000E3	-3.853509E0	6.047479E-1	2.486379E1
3.184000E3	-3.857198E0	6.047479E-1	2.537801E1
3.185000E3	-3.860887E0	6.047479E-1	2.548087E1
3.186000E3	-3.864576E0	6.047479E-1	2.706386E1
3.187000E3	-3.868265E0	6.047479E-1	2.714697E1
3.188000E3	-3.871955E0	6.047479E-1	2.690096E1
3.189000E3	-3.875644E0	6.047479E-1	2.881924E1
3.190000E3	-3.879333E0	6.047479E-1	2.863285E1
3.191000E3	-3.883022E0	6.047479E-1	2.833764E1
3.192000E3	-3.886711E0	6.047479E-1	2.853212E1
3.193000E3	-3.890401E0	6.047479E-1	2.803624E1
3.194000E3	-3.894090E0	6.047479E-1	2.775903E1
3.195000E3	-3.897779E0	6.047479E-1	2.625925E1
3.196000E3	-3.901468E0	6.047479E-1	2.518554E1
3.197000E3	-3.905157E0	6.047479E-1	2.618306E1
3.198000E3	-3.908846E0	6.047479E-1	2.758139E1
3.199000E3	-3.912536E0	6.047479E-1	2.800876E1
3.200000E3	-3.916225E0	6.047479E-1	2.835420E1
3.201000E3	-3.919914E0	6.047479E-1	2.769836E1
3.202000E3	-3.923603E0	6.047479E-1	2.623339E1
3.203000E3	-3.927292E0	6.047479E-1	2.791922E1
3.204000E3	-3.930982E0	6.047479E-1	2.800994E1
3.205000E3	-3.934671E0	6.047479E-1	2.657698E1
3.206000E3	-3.938360E0	6.047479E-1	2.587598E1
3.207000E3	-3.942049E0	6.047479E-1	2.668734E1
3.208000E3	-3.945738E0	6.047479E-1	2.662777E1
3.209000E3	-3.949428E0	6.047479E-1	2.478794E1
3.210000E3	-3.953117E0	6.047479E-1	2.203559E1
3.211000E3	-3.956806E0	6.047479E-1	2.124295E1
3.212000E3	-3.960495E0	6.047479E-1	2.121075E1
3.213000E3	-3.964184E0	6.047479E-1	2.122803E1
3.214000E3	-3.967874E0	6.047479E-1	2.254395E1
3.215000E3	-3.971563E0	6.047479E-1	2.394607E1
3.216000E3	-3.975252E0	6.047479E-1	2.409570E1
3.217000E3	-3.978941E0	6.047479E-1	2.446025E1
3.218000E3	-3.982630E0	6.047479E-1	2.455289E1
3.219000E3	-3.986319E0	6.047479E-1	2.431175E1
3.220000E3	-3.990009E0	6.047479E-1	2.481818E1
3.221000E3	-3.993698E0	6.047479E-1	2.546332E1
3.222000E3	-3.997387E0	6.047479E-1	2.456970E1
3.223000E3	-4.001076E0	6.047479E-1	2.601732E1
3.224000E3	-4.004765E0	6.047479E-1	2.596572E1
3.225000E3	-4.008455E0	6.047479E-1	2.444521E1
3.226000E3	-4.012144E0	6.047479E-1	2.484954E1
3.227000E3	-4.015833E0	6.047479E-1	2.461744E1
3.228000E3	-4.019522E0	6.047479E-1	2.262107E1
3.229000E3	-4.023211E0	6.047479E-1	2.285675E1
3.230000E3	-4.026901E0	6.047479E-1	2.282296E1
3.231000E3	-4.030590E0	6.047479E-1	2.288022E1
3.232000E3	-4.034279E0	6.047479E-1	2.384552E1
3.233000E3	-4.037968E0	6.047479E-1	2.458425E1
3.234000E3	-4.041657E0	6.047479E-1	2.230030E1
3.235000E3	-4.045347E0	6.047479E-1	2.226196E1
3.236000E3	-4.049036E0	6.047479E-1	2.343709E1
3.237000E3	-4.052725E0	6.047479E-1	2.236290E1
3.238000E3	-4.056414E0	6.047479E-1	2.191058E1
3.239000E3	-4.060103E0	6.047479E-1	2.282094E1
3.240000E3	-4.063793E0	6.047479E-1	2.163449E1
3.241000E3	-4.067482E0	6.047479E-1	2.166729E1
3.242000E3	-4.071171E0	6.047479E-1	2.282220E1
3.243000E3	-4.074860E0	6.047479E-1	2.185507E1
3.244000E3	-4.078549E0	6.047479E-1	2.083646E1
3.245000E3	-4.082238E0	6.047479E-1	2.108606E1
3.246000E3	-4.085928E0	6.047479E-1	2.141068E1
3.247000E3	-4.089617E0	6.047479E-1	2.054812E1
3.248000E3	-4.093306E0	6.047479E-1	2.030065E1
3.249000E3	-4.096995E0	6.047479E-1	2.118753E1
3.250000E3	-4.100684E0	6.047479E-1	2.154354E1
3.251000E3	-4.104374E0	6.047479E-1	2.292523E1
3.252000E3	-4.108063E0	6.047479E-1	2.237217E1
3.253000E3	-4.111752E0	6.047479E-1	2.200858E1
3.254000E3	-4.115441E0	6.047479E-1	2.187981E1
3.255000E3	-4.119130E0	6.047479E-1	2.173004E1
3.256000E3	-4.122820E0	6.047479E-1	2.172526E1
3.257000E3	-4.126509E0	6.047479E-1	2.095377E1
3.258000E3	-4.130198E0	6.047479E-1	2.118094E1
3.259000E3	-4.133887E0	6.047479E-1	2.187121E1
3.260000E3	-4.137576E0	6.047479E-1	2.050448E1
3.261000E3	-4.141266E0	6.047479E-1	1.987677E1
3.262000E3	-4.144955E0	6.047479E-1	1.978234E1
3.263000E3	-4.148644E0	6.047479E-1	1.955967E1
3.264000E3	-4.152333E0	6.047479E-1	1.964577E1
3.265000E3	-4.156022E0	6.047479E-1	1.882576E1
3.266000E3	-4.159711E0	6.047479E-1	1.825757E1
3.267000E3	-4.163401E0	6.047479E-1	1.915043E1
3.268000E3	-4.167090E0	6.047479E-1	1.866203E1
3.269000E3	-4.170779E0	6.047479E-1	1.736313E1
3.270000E3	-4.174468E0	6.047479E-1	1.624802E1
3.271000E3	-4.178157E0	6.047479E-1	1.834361E1
3.272000E3	-4.181847E0	6.047479E-1	1.795434E1
3.273000E3	-4.185536E0	6.047479E-1	1.733476E1
3.274000E3	-4.189225E0	6.047479E-1	2.004145E1
3.275000E3	-4.192914E0	6.047479E-1	2.052457E1
3.276000E3	-4.196603E0	6.047479E-1	1.858388E1
3.277000E3	-4.200293E0	6.047479E-1	1.977560E1
3.278000E3	-4.203982E0	6.047479E-1	2.013520E1
3.279000E3	-4.207671E0	6.047479E-1	2.022727E1
3.280000E3	-4.211360E0	6.047479E-1	2.008045E1
3.281000E3	-4.215049E0	6.047479E-1	1.938024E1
3.282000E3	-4.218739E0	6.047479E-1	1.895314E1
3.283000E3	-4.222428E0	6.047479E-1	2.057254E1
3.284000E3	-4.226117E0	6.047479E-1	1.936098E1
3.285000E3	-4.229806E0	6.047479E-1	2.056709E1
3.286000E3	-4.233495E0	6.047479E-1	1.936706E1
3.287000E3	-4.237184E0	6.047479E-1	2.051683E1
3.288000E3	-4.240874E0	6.047479E-1	1.939672E1
3.289000E3	-4.244563E0	6.047479E-1	1.715028E1
3.290000E3	-4.248252E0	6.047479E-1	1.743562E1
3.291000E3	-4.251941E0	6.047479E-1	1.599641E1
3.292000E3	-4.255630E0	6.047479E-1	1.515880E1
3.293000E3	-4.259320E0	6.047479E-1	1.396744E1
3.294000E3	-4.263009E0	6.047479E-1	1.295239E1
3.295000E3	-4.266698E0	6.047479E-1	1.334376E1
3.296000E3	-4.270387E0	6.047479E-1	1.424528E1
3.297000E3	-4.274076E0	6.047479E-1	1.244099E1
3.298000E3	-4.277766E0	6.047479E-1	1.275381E1
3.299000E3	-4.281455E0	6.047479E-1	1.515018E1
3.300000E3	-4.285144E0	6.047479E-1	1.471101E1
3.301000E3	-4.288833E0	6.047479E-1	1.544223E1
3.302000E3	-4.292522E0	6.047479E-1	1.632545E1
3.303000E3	-4.296212E0	6.047479E-1	1.610274E1
3.304000E3	-4.299901E0	6.047479E-1	1.851640E1
3.305000E3	-4.303590E0	6.047479E-1	1.914047E1
3.306000E3	-4.307279E0	6.047479E-1	1.811093E1
3.307000E3	-4.310968E0	6.047479E-1	1.906852E1
3.308000E3	-4.314658E0	6.047479E-1	1.973582E1
3.309000E3	-4.318347E0	6.047479E-1	1.799326E1
3.310000E3	-4.322036E0	6.047479E-1	1.752728E1
3.311000E3	-4.325725E0	6.047479E-1	1.794726E1
3.312000E3	-4.329414E0	6.047479E-1	1.805981E1
3.313000E3	-4.333103E0	6.047479E-1	1.869976E1
3.314000E3	-4.336793E0	6.047479E-1	1.925068E1
3.315000E3	-4.340482E0	6.047479E-1	1.890760E1
3.316000E3	-4.344171E0	6.047479E-1	1.782724E1
3.317000E3	-4.347860E0	6.047479E-1	1.712342E1
3.318000E3	-4.351549E0	6.047479E-1	1.792706E1
3.319000E3	-4.355239E0	6.047479E-1	1.802099E1
3.320000E3	-4.358928E0	6.047479E-1	1.732436E1
3.321000E3	-4.362617E0	6.047479E-1	1.776496E1
3.322000E3	-4.366306E0	6.047479E-1	1.608718E1
3.323000E3	-4.369995E0	6.047479E-1	1.509731E1
3.324000E3	-4.373685E0	6.047479E-1	1.508318E1
3.325000E3	-4.377374E0	6.047479E-1	1.724841E1
3.326000E3	-4.381063E0	6.047479E-1	1.710410E1
3.327000E3	-4.384752E0	6.047479E-1	1.786309E1
3.328000E3	-4.388441E0	6.047479E-1	1.744089E1
3.329000E3	-4.392131E0	6.047479E-1	1.841279E1
3.330000E3	-4.395820E0	6.047479E-1	1.812005E1
3.331000E3	-4.399509E0	6.047479E-1	1.928593E1
3.332000E3	-4.403198E0	6.047479E-1	1.995402E1
3.333000E3	-4.406887E0	6.047479E-1	1.899396E1
3.334000E3	-4.410576E0	6.047479E-1	1.807036E1
3.335000E3	-4.414266E0	6.047479E-1	1.803851E1
3.336000E3	-4.417955E0	6.047479E-1	1.849092E1
3.337000E3	-4.421644E0	6.047479E-1	1.839782E1
3.338000E3	-4.425333E0	6.047479E-1	1.739125E1
3.339000E3	-4.429022E0	6.047479E-1	1.639520E1
3.340000E3	-4.432712E0	6.047479E-1	1.768085E1
3.341000E3	-4.436401E0	6.047479E-1	1.773329E1
3.342000E3	-4.440090E0	6.047479E-1	1.648738E1
3.343000E3	-4.443779E0	6.047479E-1	1.716199E1
3.344000E3	-4.447468E0	6.047479E-1	1.790578E1
3.345000E3	-4.451158E0	6.047479E-1	1.899684E1
3.346000E3	-4.454847E0	6.047479E-1	1.942338E1
3.347000E3	-4.458536E0	6.047479E-1	1.850579E1
3.348000E3	-4.462225E0	6.047479E-1	1.715350E1
3.349000E3	-4.465914E0	6.047479E-1	1.600985E1
3.350000E3	-4.469604E0	6.047479E-1	1.603666E1
3.351000E3	-4.473293E0	6.047479E-1	1.536103E1
3.352000E3	-4.476982E0	6.047479E-1	1.642392E1
3.353000E3	-4.480671E0	6.047479E-1	1.688581E1
3.354000E3	-4.484360E0	6.047479E-1	1.673245E1
3.355000E3	-4.488050E0	6.047479E-1	1.729672E1
3.356000E3	-4.491739E0	6.047479E-1	1.944151E1
3.357000E3	-4.495428E0	6.047479E-1	2.059853E1
3.358000E3	-4.499117E0	6.047479E-1	1.951337E1
3.359000E3	-4.502806E0	6.047479E-1	1.995415E1
3.360000E3	-4.506495E0	6.047479E-1	1.736192E1
3.361000E3	-4.510185E0	6.047479E-1	1.703547E1
3.362000E3	-4.513874E0	6.047479E-1	1.729501E1
3.363000E3	-4.517563E0	6.047479E-1	1.681065E1
3.364000E3	-4.521252E0	6.047479E-1	1.855355E1
3.365000E3	-4.524941E0	6.047479E-1	1.795230E1
3.366000E3	-4.528631E0	6.047479E-1	1.841940E1
3.367000E3	-4.532320E0	6.047479E-1	2.022351E1
3.368000E3	-4.536009E0	6.047479E-1	2.049434E1
3.369000E3	-4.539698E0	6.047479E-1	2.005881E1
3.370000E3	-4.543387E0	6.047479E-1	1.834649E1
3.371000E3	-4.547077E0	6.047479E-1	1.700648E1
3.372000E3	-4.550766E0	6.047479E-1	1.630460E1
3.373000E3	-4.554455E0	6.047479E-1	1.723004E1
3.374000E3	-4.558144E0	6.047479E-1	1.867108E1
3.375000E3	-4.561833E0	6.047479E-1	1.862796E1
3.376000E3	-4.565523E0	6.047479E-1	1.890332E1
3.377000E3	-4.569212E0	6.047479E-1	1.795097E1
3.378000E3	-4.572901E0	6.047479E-1	1.768665E1
3.379000E3	-4.576590E0	6.047479E-1	1.641380E1
3.380000E3	-4.580279E0	6.047479E-1	1.663265E1
3.381000E3	-4.583968E0	6.047479E-1	1.554197E1
3.382000E3	-4.587658E0	6.047479E-1	1.591909E1
3.383000E3	-4.591347E0	6.047479E-1	1.631509E1
3.384000E3	-4.595036E0	6.047479E-1	1.788359E1
3.385000E3	-4.598725E0	6.047479E-1	1.702760E1
3.386000E3	-4.602414E0	6.047479E-1	1.711391E1
3.387000E3	-4.606104E0	6.047479E-1	1.680696E1
3.388000E3	-4.609793E0	6.047479E-1	1.761417E1
3.389000E3	-4.613482E0	6.047479E-1	1.915269E1
3.390000E3	-4.617171E0	6.047479E-1	1.934925E1
3.391000E3	-4.620860E0	6.047479E-1	1.739532E1
3.392000E3	-4.624550E0	6.047479E-1	1.805608E1
3.393000E3	-4.628239E0	6.047479E-1	1.737780E1
3.394000E3	-4.631928E0	6.047479E-1	1.658251E1
3.395000E3	-4.635617E0	6.047479E-1	1.656760E1
3.396000E3	-4.639306E0	6.047479E-1	1.611128E1
3.397000E3	-4.642996E0	6.047479E-1	1.657067E1
3.398000E3	-4.646685E0	6.047479E-1	1.860083E1
3.399000E3	-4.650374E0	6.047479E-1	1.803148E1
3.400000E3	-4.654063E0	6.047479E-1	1.925763E1
3.401000E3	-4.657752E0	6.047479E-1	1.939384E1
3.402000E3	-4.661441E0	6.047479E-1	1.789398E1
3.403000E3	-4.665131E0	6.047479E-1	1.847426E1
3.404000E3	-4.668820E0	6.047479E-1	1.747382E1
3.405000E3	-4.672509E0	6.047479E-1	1.770150E1
3.406000E3	-4.676198E0	6.047479E-1	1.832298E1
3.407000E3	-4.679887E0	6.047479E-1	1.837544E1
3.408000E3	-4.683577E0	6.047479E-1	2.027465E1
3.409000E3	-4.687266E0	6.047479E-1	1.854386E1
3.410000E3	-4.690955E0	6.047479E-1	1.784015E1
3.411000E3	-4.694644E0	6.047479E-1	1.819212E1
3.412000E3	-4.698333E0	6.047479E-1	1.873250E1
3.413000E3	-4.702023E0	6.047479E-1	1.867939E1
3.414000E3	-4.705712E0	6.047479E-1	1.854692E1
3.415000E3	-4.709401E0	6.047479E-1	1.804523E1
3.416000E3	-4.713090E0	6.047479E-1	1.853330E1
3.417000E3	-4.716779E0	6.047479E-1	1.823245E1
3.418000E3	-4.720469E0	6.047479E-1	1.823319E1
3.419000E3	-4.724158E0	6.047479E-1	1.839953E1
3.420000E3	-4.727847E0	6.047479E-1	1.799136E1
3.421000E3	-4.731536E0	6.047479E-1	1.765176E1
3.422000E3	-4.735225E0	6.047479E-1	1.835602E1
3.423000E3	-4.738915E0	6.047479E-1	1.887848E1
3.424000E3	-4.742604E0	6.047479E-1	1.894598E1
3.425000E3	-4.746293E0	6.047479E-1	1.943377E1
3.426000E3	-4.749982E0	6.047479E-1	1.887310E1
3.427000E3	-4.753671E0	6.047479E-1	1.965069E1
3.428000E3	-4.757360E0	6.047479E-1	2.113171E1
3.429000E3	-4.761050E0	6.047479E-1	2.131153E1
3.430000E3	-4.764739E0	6.047479E-1	1.915892E1
3.431000E3	-4.768428E0	6.047479E-1	1.828859E1
3.432000E3	-4.772117E0	6.047479E-1	1.866160E1
3.433000E3	-4.775806E0	6.047479E-1	1.750138E1
3.434000E3	-4.779496E0	6.047479E-1	1.500676E1
3.435000E3	-4.783185E0	6.047479E-1	1.411519E1
3.436000E3	-4.786874E0	6.047479E-1	1.548259E1
3.437000E3	-4.790563E0	6.047479E-1	1.576891E1
3.438000E3	-4.794252E0	6.047479E-1	1.658124E1
3.439000E3	-4.797942E0	6.047479E-1	1.645023E1
3.440000E3	-4.801631E0	6.047479E-1	1.646713E1
3.441000E3	-4.805320E0	6.047479E-1	1.580978E1
3.442000E3	-4.809009E0	6.047479E-1	1.701878E1
3.443000E3	-4.812698E0	6.047479E-1	1.896131E1
3.444000E3	-4.816388E0	6.047479E-1	1.840347E1
3.445000E3	-4.820077E0	6.047479E-1	1.796426E1
3.446000E3	-4.823766E0	6.047479E-1	1.895186E1
3.447000E3	-4.827455E0	6.047479E-1	1.875351E1
3.448000E3	-4.831144E0	6.047479E-1	1.976865E1
3.449000E3	-4.834833E0	6.047479E-1	1.965493E1
3.450000E3	-4.838523E0	6.047479E-1	1.881982E1
3.451000E3	-4.842212E0	6.047479E-1	1.973977E1
3.452000E3	-4.845901E0	6.047479E-1	1.929655E1
3.453000E3	-4.849590E0	6.047479E-1	1.737007E1
3.454000E3	-4.853279E0	6.047479E-1	1.762180E1
3.455000E3	-4.856969E0	6.047479E-1	1.793423E1
3.456000E3	-4.860658E0	6.047479E-1	1.797258E1
3.457000E3	-4.864347E0	6.047479E-1	1.701228E1
3.458000E3	-4.868036E0	6.047479E-1	1.633763E1
3.459000E3	-4.871725E0	6.047479E-1	1.717538E1
3.460000E3	-4.875415E0	6.047479E-1	1.761398E1
3.461000E3	-4.879104E0	6.047479E-1	1.795109E1
3.462000E3	-4.882793E0	6.047479E-1	1.667492E1
3.463000E3	-4.886482E0	6.047479E-1	1.659544E1
3.464000E3	-4.890171E0	6.047479E-1	1.622539E1
3.465000E3	-4.893861E0	6.047479E-1	1.584050E1
3.466000E3	-4.897550E0	6.047479E-1	1.629633E1
3.467000E3	-4.901239E0	6.047479E-1	1.653633E1
3.468000E3	-4.904928E0	6.047479E-1	1.715037E1
3.469000E3	-4.908617E0	6.047479E-1	1.904364E1
3.470000E3	-4.912306E0	6.047479E-1	1.844175E1
3.471000E3	-4.915996E0	6.047479E-1	1.888801E1
3.472000E3	-4.919685E0	6.047479E-1	1.957505E1
3.473000E3	-4.923374E0	6.047479E-1	1.929285E1
3.474000E3	-4.927063E0	6.047479E-1	1.788667E1
3.475000E3	-4.930752E0	6.047479E-1	1.839361E1
3.476000E3	-4.934442E0	6.047479E-1	1.891300E1
3.477000E3	-4.938131E0	6.047479E-1	1.768045E1
3.478000E3	-4.941820E0	6.047479E-1	1.816429E1
3.479000E3	-4.945509E0	6.047479E-1	1.756975E1
3.480000E3	-4.949198E0	6.047479E-1	1.672881E1
3.481000E3	-4.952888E0	6.047479E-1	1.818702E1
3.482000E3	-4.956577E0	6.047479E-1	1.840822E1
3.483000E3	-4.960266E0	6.047479E-1	1.697117E1
3.484000E3	-4.963955E0	6.047479E-1	1.597278E1
3.485000E3	-4.967644E0	6.047479E-1	1.790346E1
3.486000E3	-4.971334E0	6.047479E-1	1.858526E1
3.487000E3	-4.975023E0	6.047479E-1	1.744828E1
3.488000E3	-4.978712E0	6.047479E-1	1.549611E1
3.489000E3	-4.982401E0	6.047479E-1	1.671333E1
3.490000E3	-4.986090E0	6.047479E-1	1.510816E1
3.491000E3	-4.989780E0	6.047479E-1	1.668950E1
3.492000E3	-4.993469E0	6.047479E-1	1.769681E1
3.493000E3	-4.997158E0	6.047479E-1	1.596310E1
3.494000E3	-5.000847E0	6.047479E-1	1.537535E1
3.495000E3	-5.004536E0	6.047479E-1	1.503189E1
3.496000E3	-5.008225E0	6.047479E-1	1.452097E1
3.497000E3	-5.011915E0	6.047479E-1	1.380195E1
3.498000E3	-5.015604E0	6.047479E-1	1.651298E1
3.499000E3	-5.019293E0	6.047479E-1	1.561973E1
3.500000E3	-5.022982E0	6.047479E-1	1.659134E1
3.501000E3	-5.026671E0	6.047479E-1	1.860681E1
3.502000E3	-5.030361E0	6.047479E-1	1.783503E1
3.503000E3	-5.034050E0	6.047479E-1	1.716029E1
3.504000E3	-5.037739E0	6.047479E-1	1.820980E1
3.505000E3	-5.041428E0	6.047479E-1	1.829301E1
3.506000E3	-5.045117E0	6.047479E-1	1.777177E1
3.507000E3	-5.048807E0	6.047479E-1	1.754720E1
3.508000E3	-5.052496E0	6.047479E-1	1.730156E1
3.509000E3	-5.056185E0	6.047479E-1	1.634084E1
3.510000E3	-5.059874E0	6.047479E-1	1.620658E1
3.511000E3	-5.063563E0	6.047479E-1	1.550095E1
3.512000E3	-5.067253E0	6.047479E-1	1.545501E1
3.513000E3	-5.070942E0	6.047479E-1	1.628097E1
3.514000E3	-5.074631E0	6.047479E-1	1.676205E1
3.515000E3	-5.078320E0	6.047479E-1	1.620061E1
3.516000E3	-5.082009E0	6.047479E-1	1.389935E1
3.517000E3	-5.085698E0	6.047479E-1	1.316483E1
3.518000E3	-5.089388E0	6.047479E-1	1.457614E1
3.519000E3	-5.093077E0	6.047479E-1	1.526697E1
3.520000E3	-5.096766E0	6.047479E-1	1.257234E1
3.521000E3	-5.100455E0	6.047479E-1	1.249628E1
3.522000E3	-5.104144E0	6.047479E-1	1.277270E1
3.523000E3	-5.107834E0	6.047479E-1	1.422853E1
3.524000E3	-5.111523E0	6.047479E-1	1.603094E1
3.525000E3	-5.115212E0	6.047479E-1	1.411863E1
3.526000E3	-5.118901E0	6.047479E-1	1.286608E1
3.527000E3	-5.122590E0	6.047479E-1	1.354317E1
3.528000E3	-5.126280E0	6.047479E-1	1.377631E1
3.529000E3	-5.129969E0	6.047479E-1	1.576033E1
3.530000E3	-5.133658E0	6.047479E-1	1.483435E1
3.531000E3	-5.137347E0	6.047479E-1	1.431111E1
3.532000E3	-5.141036E0	6.047479E-1	1.549866E1
3.533000E3	-5.144726E0	6.047479E-1	1.540493E1
3.534000E3	-5.148415E0	6.047479E-1	1.524215E1
3.535000E3	-5.152104E0	6.047479E-1	1.457107E1
3.536000E3	-5.155793E0	6.047479E-1	1.314681E1
3.537000E3	-5.159482E0	6.047479E-1	1.245862E1
3.538000E3	-5.163171E0	6.047479E-1	1.312452E1
3.539000E3	-5.166861E0	6.047479E-1	1.440464E1
3.540000E3	-5.170550E0	6.047479E-1	1.501587E1
3.541000E3	-5.174239E0	6.047479E-1	1.527865E1
3.542000E3	-5.177928E0	6.047479E-1	1.545524E1
3.543000E3	-5.181617E0	6.047479E-1	1.482627E1
3.544000E3	-5.185307E0	6.047479E-1	1.274249E1
3.545000E3	-5.188996E0	6.047479E-1	1.359645E1
3.546000E3	-5.192685E0	6.047479E-1	1.390164E1
3.547000E3	-5.196374E0	6.047479E-1	1.326890E1
3.548000E3	-5.200063E0	6.047479E-1	1.261097E1
3.549000E3	-5.203753E0	6.047479E-1	1.260271E1
3.550000E3	-5.207442E0	6.047479E-1	1.327055E1
3.551000E3	-5.211131E0	6.047479E-1	1.462353E1
3.552000E3	-5.214820E0	6.047479E-1	1.334444E1
3.553000E3	-5.218509E0	6.047479E-1	1.336219E1
3.554000E3	-5.222199E0	6.047479E-1	1.328669E1
3.555000E3	-5.225888E0	6.047479E-1	1.255575E1
3.556000E3	-5.229577E0	6.047479E-1	1.314980E1
3.557000E3	-5.233266E0	6.047479E-1	1.361006E1
3.558000E3	-5.236955E0	6.047479E-1	1.540681E1
3.559000E3	-5.240645E0	6.047479E-1	1.482934E1
3.560000E3	-5.244334E0	6.047479E-1	1.461529E1
3.561000E3	-5.248023E0	6.047479E-1	1.452727E1
3.562000E3	-5.251712E0	6.047479E-1	1.337304E1
3.563000E3	-5.255401E0	6.047479E-1	1.460190E1
3.564000E3	-5.259090E0	6.047479E-1	1.452302E1
3.565000E3	-5.262780E0	6.047479E-1	1.419361E1
3.566000E3	-5.266469E0	6.047479E-1	1.398812E1
3.567000E3	-5.270158E0	6.047479E-1	1.394771E1
3.568000E3	-5.273847E0	6.047479E-1	1.278884E1
3.569000E3	-5.277536E0	6.047479E-1	1.200435E1
3.570000E3	-5.281226E0	6.047479E-1	1.274323E1
3.571000E3	-5.284915E0	6.047479E-1	1.181016E1
3.572000E3	-5.288604E0	6.047479E-1	1.146226E1
3.573000E3	-5.292293E0	6.047479E-1	1.138902E1
3.574000E3	-5.295982E0	6.047479E-1	8.861203E0
3.575000E3	-5.299672E0	6.047479E-1	9.706349E0
3.576000E3	-5.303361E0	6.047479E-1	8.998304E0
3.577000E3	-5.307050E0	6.047479E-1	9.125218E0
3.578000E3	-5.310739E0	6.047479E-1	8.758834E0
3.579000E3	-5.314428E0	6.047479E-1	9.296431E0
3.580000E3	-5.318118E0	6.047479E-1	1.010378E1
3.581000E3	-5.321807E0	6.047479E-1	8.800078E0
3.582000E3	-5.325496E0	6.047479E-1	1.151807E1
3.583000E3	-5.329185E0	6.047479E-1	1.224195E1
3.584000E3	-5.332874E0	6.047479E-1	1.192929E1
3.585000E3	-5.336563E0	6.047479E-1	1.197650E1
3.586000E3	-5.340253E0	6.047479E-1	1.209172E1
3.587000E3	-5.343942E0	6.047479E-1	1.086595E1
3.588000E3	-5.347631E0	6.047479E-1	1.237755E1
3.589000E3	-5.351320E0	6.047479E-1	1.176798E1
3.590000E3	-5.355009E0	6.047479E-1	1.275278E1
3.591000E3	-5.358699E0	6.047479E-1	1.271030E1
3.592000E3	-5.362388E0	6.047479E-1	1.220680E1
3.593000E3	-5.366077E0	6.047479E-1	1.233534E1
3.594000E3	-5.369766E0	6.047479E-1	1.365992E1
3.595000E3	-5.373455E0	6.047479E-1	1.337463E1
3.596000E3	-5.377145E0	6.047479E-1	1.198689E1
3.597000E3	-5.380834E0	6.047479E-1	1.265100E1
3.598000E3	-5.384523E0	6.047479E-1	1.138198E1
3.599000E3	-5.388212E0	6.047479E-1	1.080548E1
3.600000E3	-5.391901E0	6.047479E-1	1.119049E1
3.601000E3	-5.395591E0	6.047479E-1	1.088753E1
3.602000E3	-5.399280E0	6.047479E-1	1.019319E1
3.603000E3	-5.402969E0	6.047479E-1	9.905818E0
3.604000E3	-5.406658E0	6.047479E-1	9.706046E0
3.605000E3	-5.410347E0	6.047479E-1	9.868618E0
3.606000E3	-5.414036E0	6.047479E-1	1.038196E1
3.607000E3	-5.417726E0	6.047479E-1	1.091901E1
3.608000E3	-5.421415E0	6.047479E-1	1.068099E1
3.609000E3	-5.425104E0	6.047479E-1	1.202313E1
3.610000E3	-5.428793E0	6.047479E-1	1.298602E1
3.611000E3	-5.432482E0	6.047479E-1	1.181100E1
3.612000E3	-5.436172E0	6.047479E-1	1.160211E1
3.613000E3	-5.439861E0	6.047479E-1	1.276247E1
3.614000E3	-5.443550E0	6.047479E-1	1.190243E1
3.615000E3	-5.447239E0	6.047479E-1	1.021143E1
3.616000E3	-5.450928E0	6.047479E-1	1.197215E1
3.617000E3	-5.454618E0	6.047479E-1	1.150614E1
3.618000E3	-5.458307E0	6.047479E-1	1.128209E1
3.619000E3	-5.461996E0	6.047479E-1	1.054458E1
3.620000E3	-5.465685E0	6.047479E-1	1.124789E1
3.621000E3	-5.469374E0	6.047479E-1	1.085415E1
3.622000E3	-5.473064E0	6.047479E-1	1.075826E1
3.623000E3	-5.476753E0	6.047479E-1	1.019026E1
3.624000E3	-5.480442E0	6.047479E-1	1.097880E1
3.625000E3	-5.484131E0	6.047479E-1	1.248240E1
3.626000E3	-5.487820E0	6.047479E-1	1.189697E1
3.627000E3	-5.491510E0	6.047479E-1	1.135022E1
3.628000E3	-5.495199E0	6.047479E-1	1.266872E1
3.629000E3	-5.498888E0	6.047479E-1	1.234977E1
3.630000E3	-5.502577E0	6.047479E-1	1.170243E1
3.631000E3	-5.506266E0	6.047479E-1	1.148774E1
3.632000E3	-5.509955E0	6.047479E-1	1.143332E1
3.633000E3	-5.513645E0	6.047479E-1	1.082120E1
3.634000E3	-5.517334E0	6.047479E-1	8.976136E0
3.635000E3	-5.521023E0	6.047479E-1	8.579296E0
3.636000E3	-5.524712E0	6.047479E-1	9.480356E0
3.637000E3	-5.528401E0	6.047479E-1	1.115901E1
3.638000E3	-5.532091E0	6.047479E-1	1.096434E1
3.639000E3	-5.535780E0	6.047479E-1	1.232812E1
3.640000E3	-5.539469E0	6.047479E-1	1.212228E1
3.641000E3	-5.543158E0	6.047479E-1	1.171000E1
3.642000E3	-5.546847E0	6.047479E-1	1.158994E1
3.643000E3	-5.550537E0	6.047479E-1	1.159208E1
3.644000E3	-5.554226E0	6.047479E-1	1.126208E1
3.645000E3	-5.557915E0	6.047479E-1	1.141294E1
3.646000E3	-5.561604E0	6.047479E-1	1.182208E1
3.647000E3	-5.565293E0	6.047479E-1	1.134425E1
3.648000E3	-5.568983E0	6.047479E-1	1.206828E1
3.649000E3	-5.572672E0	6.047479E-1	1.159764E1
3.650000E3	-5.576361E0	6.047479E-1	1.241776E1
3.651000E3	-5.580050E0	6.047479E-1	1.305198E1
3.652000E3	-5.583739E0	6.047479E-1	1.311662E1
3.653000E3	-5.587428E0	6.047479E-1	1.223902E1
3.654000E3	-5.591118E0	6.047479E-1	1.150019E1
3.655000E3	-5.594807E0	6.047479E-1	1.241255E1
3.656000E3	-5.598496E0	6.047479E-1	1.162119E1
3.657000E3	-5.602185E0	6.047479E-1	1.222628E1
3.658000E3	-5.605874E0	6.047479E-1	1.214127E1
3.659000E3	-5.609564E0	6.047479E-1	1.077954E1
3.660000E3	-5.613253E0	6.047479E-1	8.485669E0
3.661000E3	-5.616942E0	6.047479E-1	9.248433E0
3.662000E3	-5.620631E0	6.047479E-1	8.991020E0
3.663000E3	-5.624320E0	6.047479E-1	1.153794E1
3.664000E3	-5.628010E0	6.047479E-1	1.206006E1
3.665000E3	-5.631699E0	6.047479E-1	1.096200E1
3.666000E3	-5.635388E0	6.047479E-1	1.061139E1
3.667000E3	-5.639077E0	6.047479E-1	1.121074E1
3.668000E3	-5.642766E0	6.047479E-1	1.159817E1
3.669000E3	-5.646456E0	6.047479E-1	1.129949E1
3.670000E3	-5.650145E0	6.047479E-1	1.147242E1
3.671000E3	-5.653834E0	6.047479E-1	1.277434E1
3.672000E3	-5.657523E0	6.047479E-1	1.259143E1
3.673000E3	-5.661212E0	6.047479E-1	1.044929E1
3.674000E3	-5.664902E0	6.047479E-1	1.023567E1
3.675000E3	-5.668591E0	6.047479E-1	1.106484E1
3.676000E3	-5.672280E0	6.047479E-1	1.002726E1
3.677000E3	-5.675969E0	6.047479E-1	1.069061E1
3.678000E3	-5.679658E0	6.047479E-1	1.193827E1
3.679000E3	-5.683347E0	6.047479E-1	1.229100E1
3.680000E3	-5.687037E0	6.047479E-1	1.298915E1
3.681000E3	-5.690726E0	6.047479E-1	1.255334E1
3.682000E3	-5.694415E0	6.047479E-1	1.247616E1
3.683000E3	-5.698104E0	6.047479E-1	1.152074E1
3.684000E3	-5.701793E0	6.047479E-1	1.274371E1
3.685000E3	-5.705483E0	6.047479E-1	1.322887E1
3.686000E3	-5.709172E0	6.047479E-1	1.097680E1
3.687000E3	-5.712861E0	6.047479E-1	1.140997E1
3.688000E3	-5.716550E0	6.047479E-1	1.149241E1
3.689000E3	-5.720239E0	6.047479E-1	1.056784E1
3.690000E3	-5.723929E0	6.047479E-1	8.810864E0
3.691000E3	-5.727618E0	6.047479E-1	9.492461E0
3.692000E3	-5.731307E0	6.047479E-1	8.813728E0
3.693000E3	-5.734996E0	6.047479E-1	9.622152E0
3.694000E3	-5.738685E0	6.047479E-1	1.132948E1
3.695000E3	-5.742375E0	6.047479E-1	1.024809E1
3.696000E3	-5.746064E0	6.047479E-1	8.488547E0
3.697000E3	-5.749753E0	6.047479E-1	1.008971E1
3.698000E3	-5.753442E0	6.047479E-1	1.235375E1
3.699000E3	-5.757131E0	6.047479E-1	1.274096E1
3.700000E3	-5.760820E0	6.047479E-1	1.175678E1
3.701000E3	-5.764510E0	6.047479E-1	1.242047E1
3.702000E3	-5.768199E0	6.047479E-1	1.422937E1
3.703000E3	-5.771888E0	6.047479E-1	1.412675E1
3.704000E3	-5.775577E0	6.047479E-1	1.360297E1
3.705000E3	-5.779266E0	6.047479E-1	1.312212E1
3.706000E3	-5.782956E0	6.047479E-1	1.233682E1
3.707000E3	-5.786645E0	6.047479E-1	1.098508E1
3.708000E3	-5.790334E0	6.047479E-1	1.151292E1
3.709000E3	-5.794023E0	6.047479E-1	1.269375E1
3.710000E3	-5.797712E0	6.047479E-1	1.168379E1
3.711000E3	-5.801402E0	6.047479E-1	1.017854E1
3.712000E3	-5.805091E0	6.047479E-1	9.228064E0
3.713000E3	-5.808780E0	6.047479E-1	9.272738E0
3.714000E3	-5.812469E0	6.047479E-1	1.002184E1
3.715000E3	-5.816158E0	6.047479E-1	9.873112E0
3.716000E3	-5.819848E0	6.047479E-1	9.404952E0
3.717000E3	-5.823537E0	6.047479E-1	8.919777E0
3.718000E3	-5.827226E0	6.047479E-1	8.735621E0
3.719000E3	-5.830915E0	6.047479E-1	8.322171E0
3.720000E3	-5.834604E0	6.047479E-1	8.550717E0
3.721000E3	-5.838293E0	6.047479E-1	9.142506E0
3.722000E3	-5.841983E0	6.047479E-1	9.707578E0
3.723000E3	-5.845672E0	6.047479E-1	1.116657E1
3.724000E3	-5.849361E0	6.047479E-1	1.049776E1
3.725000E3	-5.853050E0	6.047479E-1	9.796703E0
3.726000E3	-5.856739E0	6.047479E-1	9.962083E0
3.727000E3	-5.860429E0	6.047479E-1	1.023469E1
3.728000E3	-5.864118E0	6.047479E-1	9.813123E0
3.729000E3	-5.867807E0	6.047479E-1	1.012548E1
3.730000E3	-5.871496E0	6.047479E-1	1.029386E1
3.731000E3	-5.875185E0	6.047479E-1	1.055667E1
3.732000E3	-5.878875E0	6.047479E-1	1.187511E1
3.733000E3	-5.882564E0	6.047479E-1	1.175010E1
3.734000E3	-5.886253E0	6.047479E-1	1.217043E1
3.735000E3	-5.889942E0	6.047479E-1	1.221368E1
3.736000E3	-5.893631E0	6.047479E-1	1.204783E1
3.737000E3	-5.897321E0	6.047479E-1	1.139232E1
3.738000E3	-5.901010E0	6.047479E-1	1.100247E1
3.739000E3	-5.904699E0	6.047479E-1	1.159416E1
3.740000E3	-5.908388E0	6.047479E-1	1.173005E1
3.741000E3	-5.912077E0	6.047479E-1	1.227593E1
3.742000E3	-5.915767E0	6.047479E-1	1.045751E1
3.743000E3	-5.919456E0	6.047479E-1	1.136659E1
3.744000E3	-5.923145E0	6.047479E-1	1.032516E1
3.745000E3	-5.926834E0	6.047479E-1	8.621644E0
3.746000E3	-5.930523E0	6.047479E-1	9.473062E0
3.747000E3	-5.934212E0	6.047479E-1	1.046671E1
3.748000E3	-5.937902E0	6.047479E-1	1.056659E1
3.749000E3	-5.941591E0	6.047479E-1	1.037420E1
3.750000E3	-5.945280E0	6.047479E-1	1.048805E1
3.751000E3	-5.948969E0	6.047479E-1	1.252147E1
3.752000E3	-5.952658E0	6.047479E-1	1.234445E1
3.753000E3	-5.956348E0	6.047479E-1	1.160633E1
3.754000E3	-5.960037E0	6.047479E-1	1.184144E1
3.755000E3	-5.963726E0	6.047479E-1	1.087676E1
3.756000E3	-5.967415E0	6.047479E-1	1.220140E1
3.757000E3	-5.971104E0	6.047479E-1	1.106156E1
3.758000E3	-5.974794E0	6.047479E-1	1.147178E1
3.759000E3	-5.978483E0	6.047479E-1	1.188765E1
3.760000E3	-5.982172E0	6.047479E-1	1.100659E1
3.761000E3	-5.985861E0	6.047479E-1	1.164218E1
3.762000E3	-5.989550E0	6.047479E-1	1.027292E1
3.763000E3	-5.993240E0	6.047479E-1	1.064466E1
3.764000E3	-5.996929E0	6.047479E-1	1.186520E1
3.765000E3	-6.000618E0	6.047479E-1	1.079119E1
3.766000E3	-6.004307E0	6.047479E-1	1.081119E1
3.767000E3	-6.007996E0	6.047479E-1	1.082265E1
3.768000E3	-6.011685E0	6.047479E-1	1.199445E1
3.769000E3	-6.015375E0	6.047479E-1	1.205166E1
3.770000E3	-6.019064E0	6.047479E-1	8.703955E0
3.771000E3	-6.022753E0	6.047479E-1	9.392526E0
3.772000E3	-6.026442E0	6.047479E-1	1.032877E1
3.773000E3	-6.030131E0	6.047479E-1	9.757378E0
3.774000E3	-6.033821E0	6.047479E-1	1.011716E1
3.775000E3	-6.037510E0	6.047479E-1	9.595906E0
3.776000E3	-6.041199E0	6.047479E-1	1.021454E1
3.777000E3	-6.044888E0	6.047479E-1	1.041309E1
3.778000E3	-6.048577E0	6.047479E-1	9.879623E0
3.779000E3	-6.052267E0	6.047479E-1	1.061286E1
3.780000E3	-6.055956E0	6.047479E-1	1.179543E1
3.781000E3	-6.059645E0	6.047479E-1	1.152744E1
3.782000E3	-6.063334E0	6.047479E-1	1.104134E1
3.783000E3	-6.067023E0	6.047479E-1	1.084406E1
3.784000E3	-6.070713E0	6.047479E-1	9.797584E0
3.785000E3	-6.074402E0	6.047479E-1	1.055216E1
3.786000E3	-6.078091E0	6.047479E-1	1.077882E1
3.787000E3	-6.081780E0	6.047479E-1	1.136426E1
3.788000E3	-6.085469E0	6.047479E-1	1.131183E1
3.789000E3	-6.089158E0	6.047479E-1	1.040105E1
3.790000E3	-6.092848E0	6.047479E-1	1.132956E1
3.791000E3	-6.096537E0	6.047479E-1	1.140700E1
3.792000E3	-6.100226E0	6.047479E-1	1.005379E1
3.793000E3	-6.103915E0	6.047479E-1	9.030756E0
3.794000E3	-6.107604E0	6.047479E-1	9.110868E0
3.795000E3	-6.111294E0	6.047479E-1	1.047295E1
3.796000E3	-6.114983E0	6.047479E-1	9.754038E0
3.797000E3	-6.118672E0	6.047479E-1	1.033262E1
3.798000E3	-6.122361E0	6.047479E-1	9.292340E0
3.799000E3	-6.126050E0	6.047479E-1	8.575833E0
3.800000E3	-6.129740E0	6.047479E-1	9.525547E0
3.801000E3	-6.133429E0	6.047479E-1	1.052449E1
3.802000E3	-6.137118E0	6.047479E-1	1.017857E1
3.803000E3	-6.140807E0	6.047479E-1	9.420887E0
3.804000E3	-6.144496E0	6.047479E-1	9.968888E0
3.805000E3	-6.148186E0	6.047479E-1	1.140796E1
3.806000E3	-6.151875E0	6.047479E-1	1.146409E1
3.807000E3	-6.155564E0	6.047479E-1	1.149582E1
3.808000E3	-6.159253E0	6.047479E-1	1.094479E1
3.809000E3	-6.162942E0	6.047479E-1	1.097927E1
3.810000E3	-6.166632E0	6.047479E-1	1.107817E1
3.811000E3	-6.170321E0	6.047479E-1	1.052488E1
3.812000E3	-6.174010E0	6.047479E-1	9.079174E0
3.813000E3	-6.177699E0	6.047479E-1	1.000125E1
3.814000E3	-6.181388E0	6.047479E-1	1.011935E1
3.815000E3	-6.185077E0	6.047479E-1	9.272468E0
3.816000E3	-6.188767E0	6.047479E-1	1.036198E1
3.817000E3	-6.192456E0	6.047479E-1	1.074885E1
3.818000E3	-6.196145E0	6.047479E-1	9.633477E0
3.819000E3	-6.199834E0	6.047479E-1	9.717090E0
3.820000E3	-6.203523E0	6.047479E-1	9.123485E0
3.821000E3	-6.207213E0	6.047479E-1	1.025838E1
3.822000E3	-6.210902E0	6.047479E-1	9.626125E0
3.823000E3	-6.214591E0	6.047479E-1	1.073081E1
3.824000E3	-6.218280E0	6.047479E-1	9.983012E0
3.825000E3	-6.221969E0	6.047479E-1	9.283686E0
3.826000E3	-6.225659E0	6.047479E-1	8.855266E0
3.827000E3	-6.229348E0	6.047479E-1	9.297667E0
3.828000E3	-6.233037E0	6.047479E-1	9.839631E0
3.829000E3	-6.236726E0	6.047479E-1	1.102638E1
3.830000E3	-6.240415E0	6.047479E-1	1.001623E1
3.831000E3	-6.244105E0	6.047479E-1	8.777250E0
3.832000E3	-6.247794E0	6.047479E-1	8.219441E0
3.833000E3	-6.251483E0	6.047479E-1	7.508087E0
3.834000E3	-6.255172E0	6.047479E-1	7.782787E0
3.835000E3	-6.258861E0	6.047479E-1	8.207131E0
3.836000E3	-6.262550E0	6.047479E-1	8.203572E0
3.837000E3	-6.266240E0	6.047479E-1	9.958833E0
3.838000E3	-6.269929E0	6.047479E-1	1.051872E1
3.839000E3	-6.273618E0	6.047479E-1	9.651689E0
3.840000E3	-6.277307E0	6.047479E-1	1.003700E1
3.841000E3	-6.280996E0	6.047479E-1	9.840029E0
3.842000E3	-6.284686E0	6.047479E-1	1.033862E1
3.843000E3	-6.288375E0	6.047479E-1	9.746905E0
3.844000E3	-6.292064E0	6.047479E-1	9.902036E0
3.845000E3	-6.295753E0	6.047479E-1	9.672225E0
3.846000E3	-6.299442E0	6.047479E-1	9.511000E0
3.847000E3	-6.303132E0	6.047479E-1	9.405953E0
3.848000E3	-6.306821E0	6.047479E-1	7.668103E0
3.849000E3	-6.310510E0	6.047479E-1	8.900967E0
3.850000E3	-6.314199E0	6.047479E-1	9.627202E0
3.851000E3	-6.317888E0	6.047479E-1	9.220671E0
3.852000E3	-6.321578E0	6.047479E-1	9.157090E0
3.853000E3	-6.325267E0	6.047479E-1	9.315454E0
3.854000E3	-6.328956E0	6.047479E-1	8.186091E0
3.855000E3	-6.332645E0	6.047479E-1	8.077041E0
3.856000E3	-6.336334E0	6.047479E-1	8.706911E0
3.857000E3	-6.340023E0	6.047479E-1	7.897436E0
3.858000E3	-6.343713E0	6.047479E-1	6.778466E0
3.859000E3	-6.347402E0	6.047479E-1	7.695286E0
3.860000E3	-6.351091E0	6.047479E-1	7.608397E0
3.861000E3	-6.354780E0	6.047479E-1	6.412586E0
3.862000E3	-6.358469E0	6.047479E-1	7.237068E0
3.863000E3	-6.362159E0	6.047479E-1	7.719391E0
3.864000E3	-6.365848E0	6.047479E-1	6.894721E0
3.865000E3	-6.369537E0	6.047479E-1	7.138715E0
3.866000E3	-6.373226E0	6.047479E-1	7.677942E0
3.867000E3	-6.376915E0	6.047479E-1	9.073931E0
3.868000E3	-6.380605E0	6.047479E-1	9.283003E0
3.869000E3	-6.384294E0	6.047479E-1	9.934136E0
3.870000E3	-6.387983E0	6.047479E-1	8.007945E0
3.871000E3	-6.391672E0	6.047479E-1	8.823035E0
3.872000E3	-6.395361E0	6.047479E-1	8.811139E0
3.873000E3	-6.399051E0	6.047479E-1	9.749806E0
3.874000E3	-6.402740E0	6.047479E-1	8.690917E0
3.875000E3	-6.406429E0	6.047479E-1	8.258638E0
3.876000E3	-6.410118E0	6.047479E-1	8.870361E0
3.877000E3	-6.413807E0	6.047479E-1	9.601091E0
3.878000E3	-6.417497E0	6.047479E-1	1.031384E1
3.879000E3	-6.421186E0	6.047479E-1	9.376182E0
3.880000E3	-6.424875E0	6.047479E-1	8.893836E0
3.881000E3	-6.428564E0	6.047479E-1	6.691991E0
3.882000E3	-6.432253E0	6.047479E-1	5.978772E0
3.883000E3	-6.435942E0	6.047479E-1	7.588157E0
3.884000E3	-6.439632E0	6.047479E-1	8.269298E0
3.885000E3	-6.443321E0	6.047479E-1	8.353332E0
3.886000E3	-6.447010E0	6.047479E-1	8.311847E0
3.887000E3	-6.450699E0	6.047479E-1	7.310727E0
3.888000E3	-6.454388E0	6.047479E-1	7.285289E0
3.889000E3	-6.458078E0	6.047479E-1	8.020589E0
3.890000E3	-6.461767E0	6.047479E-1	8.181209E0
3.891000E3	-6.465456E0	6.047479E-1	8.319545E0
3.892000E3	-6.469145E0	6.047479E-1	8.575215E0
3.893000E3	-6.472834E0	6.047479E-1	8.724607E0
3.894000E3	-6.476524E0	6.047479E-1	7.958819E0
3.895000E3	-6.480213E0	6.047479E-1	1.022434E1
3.896000E3	-6.483902E0	6.047479E-1	7.839690E0
3.897000E3	-6.487591E0	6.047479E-1	7.662233E0
3.898000E3	-6.491280E0	6.047479E-1	8.574450E0
3.899000E3	-6.494970E0	6.047479E-1	9.442168E0
3.900000E3	-6.498659E0	6.047479E-1	8.338704E0
3.901000E3	-6.502348E0	6.047479E-1	9.342663E0
3.902000E3	-6.506037E0	6.047479E-1	8.701651E0
3.903000E3	-6.509726E0	6.047479E-1	7.965800E0
3.904000E3	-6.513415E0	6.047479E-1	7.582918E0
3.905000E3	-6.517105E0	6.047479E-1	8.375823E0
3.906000E3	-6.520794E0	6.047479E-1	7.371996E0
3.907000E3	-6.524483E0	6.047479E-1	8.011420E0
3.908000E3	-6.528172E0	6.047479E-1	7.626827E0
3.909000E3	-6.531861E0	6.047479E-1	7.283674E0
3.910000E3	-6.535551E0	6.047479E-1	7.885160E0
3.911000E3	-6.539240E0	6.047479E-1	7.988966E0
3.912000E3	-6.542929E0	6.047479E-1	8.501044E0
3.913000E3	-6.546618E0	6.047479E-1	7.226494E0
3.914000E3	-6.550307E0	6.047479E-1	5.741094E0
3.915000E3	-6.553997E0	6.047479E-1	6.643583E0
3.916000E3	-6.557686E0	6.047479E-1	7.344400E0
3.917000E3	-6.561375E0	6.047479E-1	7.107776E0
3.918000E3	-6.565064E0	6.047479E-1	6.790006E0
3.919000E3	-6.568753E0	6.047479E-1	7.607888E0
3.920000E3	-6.572443E0	6.047479E-1	7.939865E0
3.921000E3	-6.576132E0	6.047479E-1	8.752228E0
3.922000E3	-6.579821E0	6.047479E-1	8.834087E0
3.923000E3	-6.583510E0	6.047479E-1	1.012508E1
3.924000E3	-6.587199E0	6.047479E-1	1.020897E1
3.925000E3	-6.590889E0	6.047479E-1	1.021882E1
3.926000E3	-6.594578E0	6.047479E-1	8.223812E0
3.927000E3	-6.598267E0	6.047479E-1	7.904351E0
3.928000E3	-6.601956E0	6.047479E-1	7.822138E0
3.929000E3	-6.605645E0	6.047479E-1	7.327885E0
3.930000E3	-6.609334E0	6.047479E-1	7.833645E0
3.931000E3	-6.613024E0	6.047479E-1	7.172097E0
3.932000E3	-6.616713E0	6.047479E-1	7.696787E0
3.933000E3	-6.620402E0	6.047479E-1	8.286197E0
3.934000E3	-6.624091E0	6.047479E-1	7.664987E0
3.935000E3	-6.627780E0	6.047479E-1	7.811388E0
3.936000E3	-6.631470E0	6.047479E-1	8.736086E0
3.937000E3	-6.635159E0	6.047479E-1	8.295346E0
3.938000E3	-6.638848E0	6.047479E-1	7.503528E0
3.939000E3	-6.642537E0	6.047479E-1	7.271201E0
3.940000E3	-6.646226E0	6.047479E-1	7.650279E0
3.941000E3	-6.649916E0	6.047479E-1	8.901018E0
3.942000E3	-6.653605E0	6.047479E-1	7.977304E0
3.943000E3	-6.657294E0	6.047479E-1	7.418602E0
3.944000E3	-6.660983E0	6.047479E-1	7.472626E0
3.945000E3	-6.664672E0	6.047479E-1	7.153179E0
3.946000E3	-6.668362E0	6.047479E-1	7.085754E0
3.947000E3	-6.672051E0	6.047479E-1	6.730807E0
3.948000E3	-6.675740E0	6.047479E-1	6.826594E0
3.949000E3	-6.679429E0	6.047479E-1	7.356709E0
3.950000E3	-6.683118E0	6.047479E-1	9.570087E0
3.951000E3	-6.686807E0	6.047479E-1	8.444968E0
3.952000E3	-6.690497E0	6.047479E-1	7.671908E0
3.953000E3	-6.694186E0	6.047479E-1	5.875884E0
3.954000E3	-6.697875E0	6.047479E-1	7.452715E0
3.955000E3	-6.701564E0	6.047479E-1	8.168213E0
3.956000E3	-6.705253E0	6.047479E-1	8.894596E0
3.957000E3	-6.708943E0	6.047479E-1	8.346843E0
3.958000E3	-6.712632E0	6.047479E-1	8.290751E0
3.959000E3	-6.716321E0	6.047479E-1	8.210269E0
3.960000E3	-6.720010E0	6.047479E-1	7.880119E0
3.961000E3	-6.723699E0	6.047479E-1	6.859675E0
3.962000E3	-6.727389E0	6.047479E-1	8.147712E0
3.963000E3	-6.731078E0	6.047479E-1	9.111392E0
3.964000E3	-6.734767E0	6.047479E-1	8.027022E0
3.965000E3	-6.738456E0	6.047479E-1	7.597590E0
3.966000E3	-6.742145E0	6.047479E-1	7.821287E0
3.967000E3	-6.745835E0	6.047479E-1	7.935921E0
3.968000E3	-6.749524E0	6.047479E-1	7.210043E0
3.969000E3	-6.753213E0	6.047479E-1	7.770405E0
3.970000E3	-6.756902E0	6.047479E-1	6.117151E0
3.971000E3	-6.760591E0	6.047479E-1	6.520787E0
3.972000E3	-6.764280E0	6.047479E-1	6.810614E0
3.973000E3	-6.767970E0	6.047479E-1	7.112171E0
3.974000E3	-6.771659E0	6.047479E-1	7.885578E0
3.975000E3	-6.775348E0	6.047479E-1	7.880501E0
3.976000E3	-6.779037E0	6.047479E-1	8.467056E0
3.977000E3	-6.782726E0	6.047479E-1	7.914895E0
3.978000E3	-6.786416E0	6.047479E-1	7.397414E0
3.979000E3	-6.790105E0	6.047479E-1	8.365973E0
3.980000E3	-6.793794E0	6.047479E-1	7.567179E0
3.981000E3	-6.797483E0	6.047479E-1	7.337271E0
3.982000E3	-6.801172E0	6.047479E-1	6.673557E0
3.983000E3	-6.804862E0	6.047479E-1	6.039973E0
3.984000E3	-6.808551E0	6.047479E-1	7.632633E0
3.985000E3	-6.812240E0	6.047479E-1	7.973138E0
3.986000E3	-6.815929E0	6.047479E-1	8.750377E0
3.987000E3	-6.819618E0	6.047479E-1	8.987904E0
3.988000E3	-6.823308E0	6.047479E-1	7.572598E0
3.989000E3	-6.826997E0	6.047479E-1	8.486129E0
3.990000E3	-6.830686E0	6.047479E-1	7.004564E0
3.991000E3	-6.834375E0	6.047479E-1	8.008295E0
3.992000E3	-6.838064E0	6.047479E-1	6.815552E0
3.993000E3	-6.841754E0	6.047479E-1	7.240200E0
3.994000E3	-6.845443E0	6.047479E-1	8.869543E0
3.995000E3	-6.849132E0	6.047479E-1	7.794670E0
3.996000E3	-6.852821E0	6.047479E-1	6.678514E0
3.997000E3	-6.856510E0	6.047479E-1	6.385554E0
3.998000E3	-6.860199E0	6.047479E-1	6.121738E0
3.999000E3	-6.863889E0	6.047479E-1	7.546570E0
4.000000E3	-6.867578E0	6.047479E-1	8.314147E0
4.001000E3	-6.871267E0	6.047479E-1	7.800876E0
4.002000E3	-6.874956E0	6.047479E-1	6.161202E0
4.003000E3	-6.878645E0	6.047479E-1	6.265375E0
4.004000E3	-6.882335E0	6.047479E-1	6.432360E0
4.005000E3	-6.886024E0	6.047479E-1	6.687910E0
4.006000E3	-6.889713E0	6.047479E-1	6.993004E0
4.007000E3	-6.893402E0	6.047479E-1	6.773410E0
4.008000E3	-6.897091E0	6.047479E-1	6.148143E0
4.009000E3	-6.900781E0	6.047479E-1	6.435982E0
4.010000E3	-6.904470E0	6.047479E-1	7.263732E0
4.011000E3	-6.908159E0	6.047479E-1	7.649064E0
4.012000E3	-6.911848E0	6.047479E-1	7.798297E0
4.013000E3	-6.915537E0	6.047479E-1	7.129010E0
4.014000E3	-6.919227E0	6.047479E-1	7.441537E0
4.015000E3	-6.922916E0	6.047479E-1	7.506499E0
4.016000E3	-6.926605E0	6.047479E-1	7.559845E0
4.017000E3	-6.930294E0	6.047479E-1	8.160743E0
4.018000E3	-6.933983E0	6.047479E-1	8.224078E0
4.019000E3	-6.937672E0	6.047479E-1	7.347533E0
4.020000E3	-6.941362E0	6.047479E-1	6.662840E0
4.021000E3	-6.945051E0	6.047479E-1	6.937486E0
4.022000E3	-6.948740E0	6.047479E-1	8.661356E0
4.023000E3	-6.952429E0	6.047479E-1	8.374604E0
4.024000E3	-6.956118E0	6.047479E-1	8.225900E0
4.025000E3	-6.959808E0	6.047479E-1	7.585615E0
4.026000E3	-6.963497E0	6.047479E-1	7.551691E0
4.027000E3	-6.967186E0	6.047479E-1	8.684834E0
4.028000E3	-6.970875E0	6.047479E-1	7.999780E0
4.029000E3	-6.974564E0	6.047479E-1	8.165350E0
4.030000E3	-6.978254E0	6.047479E-1	7.572182E0
4.031000E3	-6.981943E0	6.047479E-1	7.385506E0
4.032000E3	-6.985632E0	6.047479E-1	7.165293E0
4.033000E3	-6.989321E0	6.047479E-1	7.518568E0
4.034000E3	-6.993010E0	6.047479E-1	8.642824E0
4.035000E3	-6.996700E0	6.047479E-1	8.551575E0
4.036000E3	-7.000389E0	6.047479E-1	8.412364E0
4.037000E3	-7.004078E0	6.047479E-1	7.793370E0
4.038000E3	-7.007767E0	6.047479E-1	7.874229E0
4.039000E3	-7.011456E0	6.047479E-1	8.051303E0
4.040000E3	-7.015145E0	6.047479E-1	7.868452E0
4.041000E3	-7.018835E0	6.047479E-1	7.090592E0
4.042000E3	-7.022524E0	6.047479E-1	8.243305E0
4.043000E3	-7.026213E0	6.047479E-1	7.640477E0
4.044000E3	-7.029902E0	6.047479E-1	8.201896E0
4.045000E3	-7.033591E0	6.047479E-1	8.055158E0
4.046000E3	-7.037281E0	6.047479E-1	7.446326E0
4.047000E3	-7.040970E0	6.047479E-1	7.750228E0
4.048000E3	-7.044659E0	6.047479E-1	7.753088E0
4.049000E3	-7.048348E0	6.047479E-1	7.799121E0
4.050000E3	-7.052037E0	6.047479E-1	7.473746E0
4.051000E3	-7.055727E0	6.047479E-1	6.765980E0
4.052000E3	-7.059416E0	6.047479E-1	6.788021E0
4.053000E3	-7.063105E0	6.047479E-1	6.762870E0
4.054000E3	-7.066794E0	6.047479E-1	7.682214E0
4.055000E3	-7.070483E0	6.047479E-1	6.568899E0
4.056000E3	-7.074173E0	6.047479E-1	7.805792E0
4.057000E3	-7.077862E0	6.047479E-1	7.053926E0
4.058000E3	-7.081551E0	6.047479E-1	7.071707E0
4.059000E3	-7.085240E0	6.047479E-1	6.803251E0
4.060000E3	-7.088929E0	6.047479E-1	5.850055E0
4.061000E3	-7.092619E0	6.047479E-1	7.325246E0
4.062000E3	-7.096308E0	6.047479E-1	6.263743E0
4.063000E3	-7.099997E0	6.047479E-1	6.783561E0
4.064000E3	-7.103686E0	6.047479E-1	8.958059E0
4.065000E3	-7.107375E0	6.047479E-1	8.548958E0
4.066000E3	-7.111064E0	6.047479E-1	7.458329E0
4.067000E3	-7.114754E0	6.047479E-1	8.058866E0
4.068000E3	-7.118443E0	6.047479E-1	9.131219E0
4.069000E3	-7.122132E0	6.047479E-1	8.527211E0
4.070000E3	-7.125821E0	6.047479E-1	7.521145E0
4.071000E3	-7.129510E0	6.047479E-1	6.635793E0
4.072000E3	-7.133200E0	6.047479E-1	5.883888E0
4.073000E3	-7.136889E0	6.047479E-1	7.446006E0
4.074000E3	-7.140578E0	6.047479E-1	8.195869E0
4.075000E3	-7.144267E0	6.047479E-1	7.884500E0
4.076000E3	-7.147956E0	6.047479E-1	7.619277E0
4.077000E3	-7.151646E0	6.047479E-1	7.934448E0
4.078000E3	-7.155335E0	6.047479E-1	8.100806E0
4.079000E3	-7.159024E0	6.047479E-1	7.911316E0
4.080000E3	-7.162713E0	6.047479E-1	6.559092E0
4.081000E3	-7.166402E0	6.047479E-1	6.697151E0
4.082000E3	-7.170092E0	6.047479E-1	6.836269E0
4.083000E3	-7.173781E0	6.047479E-1	6.648406E0
4.084000E3	-7.177470E0	6.047479E-1	5.624453E0
4.085000E3	-7.181159E0	6.047479E-1	6.804462E0
4.086000E3	-7.184848E0	6.047479E-1	7.590279E0
4.087000E3	-7.188537E0	6.047479E-1	8.752677E0
4.088000E3	-7.192227E0	6.047479E-1	8.617982E0
4.089000E3	-7.195916E0	6.047479E-1	8.339288E0
4.090000E3	-7.199605E0	6.047479E-1	6.112525E0
4.091000E3	-7.203294E0	6.047479E-1	6.495141E0
4.092000E3	-7.206983E0	6.047479E-1	7.544961E0
4.093000E3	-7.210673E0	6.047479E-1	7.138293E0
4.094000E3	-7.214362E0	6.047479E-1	7.113921E0
4.095000E3	-7.218051E0	6.047479E-1	7.312056E0
4.096000E3	-7.221740E0	6.047479E-1	7.850811E0
4.097000E3	-7.225429E0	6.047479E-1	8.248195E0