	profile_A
n	x	y	luma
0.000000E0	1.028886E1	3.031102E-1	5.256912E0
1.000000E0	1.028405E1	3.031102E-1	5.320392E0
2.000000E0	1.027925E1	3.031102E-1	4.681140E0
3.000000E0	1.027445E1	3.031102E-1	4.808519E0
4.000000E0	1.026964E1	3.031102E-1	4.832873E0
5.000000E0	1.026484E1	3.031102E-1	4.774053E0
6.000000E0	1.026003E1	3.031102E-1	4.579696E0
7.000000E0	1.025523E1	3.031102E-1	4.309170E0
8.000000E0	1.025043E1	3.031102E-1	4.376035E0
9.000000E0	1.024562E1	3.031102E-1	4.169041E0
1.000000E1	1.024082E1	3.031102E-1	3.976463E0
1.100000E1	1.023601E1	3.031102E-1	4.405036E0
1.200000E1	1.023121E1	3.031102E-1	4.004227E0
1.300000E1	1.022641E1	3.031102E-1	4.880538E0
1.400000E1	1.022160E1	3.031102E-1	4.394301E0
1.500000E1	1.021680E1	3.031102E-1	4.455442E0
1.600000E1	1.021199E1	3.031102E-1	4.862612E0
1.700000E1	1.020719E1	3.031102E-1	4.534343E0
1.800000E1	1.020238E1	3.031102E-1	3.966432E0
1.900000E1	1.019758E1	3.031102E-1	4.271320E0
2.000000E1	1.019278E1	3.031102E-1	4.614572E0
2.100000E1	1.018797E1	3.031102E-1	4.335780E0
2.200000E1	1.018317E1	3.031102E-1	4.283767E0
2.300000E1	1.017836E1	3.031102E-1	4.640894E0
2.400000E1	1.017356E1	3.031102E-1	3.542052E0
2.500000E1	1.016876E1	3.031102E-1	3.814109E0
2.600000E1	1.016395E1	3.031102E-1	4.037898E0
2.700000E1	1.015915E1	3.031102E-1	3.653948E0
2.800000E1	1.015434E1	3.031102E-1	4.184546E0
2.900000E1	1.014954E1	3.031102E-1	4.811704E0
3.000000E1	1.014473E1	3.031102E-1	4.042048E0
3.100000E1	1.013993E1	3.031102E-1	3.602385E0
3.200000E1	1.013513E1	3.031102E-1	4.024147E0
3.300000E1	1.013032E1	3.031102E-1	3.900935E0
3.400000E1	1.012552E1	3.031102E-1	3.392180E0
3.500000E1	1.012071E1	3.031102E-1	3.773947E0
3.600000E1	1.011591E1	3.031102E-1	3.495766E0
3.700000E1	1.011111E1	3.031102E-1	3.406299E0
3.800000E1	1.010630E1	3.031102E-1	4.515763E0
3.900000E1	1.010150E1	3.031102E-1	4.792339E0
4.000000E1	1.009669E1	3.031102E-1	3.765029E0
4.100000E1	1.009189E1	3.031102E-1	4.911834E0
4.200000E1	1.008709E1	3.031102E-1	3.935824E0
4.300000E1	1.008228E1	3.031102E-1	4.107646E0
4.400000E1	1.007748E1	3.031102E-1	4.527736E0
4.500000E1	1.007267E1	3.031102E-1	3.921571E0
4.600000E1	1.006787E1	3.031102E-1	4.689494E0
4.700000E1	1.006306E1	3.031102E-1	4.107850E0
4.800000E1	1.005826E1	3.031102E-1	3.688845E0
4.900000E1	1.005346E1	3.031102E-1	3.419809E0
5.000000E1	1.004865E1	3.031102E-1	4.021278E0
5.100000E1	1.004385E1	3.031102E-1	3.902788E0
5.200000E1	1.003904E1	3.031102E-1	4.481445E0
5.300000E1	1.003424E1	3.031102E-1	5.107399E0
5.400000E1	1.002944E1	3.031102E-1	4.895906E0
5.500000E1	1.002463E1	3.031102E-1	3.901096E0
5.600000E1	1.001983E1	3.031102E-1	3.331197E0
5.700000E1	1.001502E1	3.031102E-1	3.584034E0
5.800000E1	1.001022E1	3.031102E-1	3.621247E0
5.900000E1	1.000541E1	3.031102E-1	3.892581E0
6.000000E1	1.000061E1	3.031102E-1	3.866759E0
6.100000E1	9.995806E0	3.031102E-1	4.077364E0
6.200000E1	9.991002E0	3.031102E-1	4.737224E0
6.300000E1	9.986198E0	3.031102E-1	3.972346E0
6.400000E1	9.981394E0	3.031102E-1	4.273485E0
6.500000E1	9.976590E0	3.031102E-1	4.561837E0
6.600000E1	9.971786E0	3.031102E-1	4.673088E0
6.700000E1	9.966982E0	3.031102E-1	4.921178E0
6.800000E1	9.962178E0	3.031102E-1	4.340283E0
6.900000E1	9.957373E0	3.031102E-1	3.963023E0
7.000000E1	9.952569E0	3.031102E-1	4.175347E0
7.100000E1	9.947765E0	3.031102E-1	4.746536E0
7.200000E1	9.942961E0	3.031102E-1	5.057614E0
7.300000E1	9.938157E0	3.031102E-1	4.472226E0
7.400000E1	9.933353E0	3.031102E-1	3.186920E0
7.500000E1	9.928549E0	3.031102E-1	4.489648E0
7.600000E1	9.923744E0	3.031102E-1	4.161489E0
7.700000E1	9.918940E0	3.031102E-1	3.587284E0
7.800000E1	9.914136E0	3.031102E-1	3.643667E0
7.900000E1	9.909332E0	3.031102E-1	4.949591E0
8.000000E1	9.904528E0	3.031102E-1	3.906791E0
8.100000E1	9.899724E0	3.031102E-1	3.737715E0
8.200000E1	9.894920E0	3.031102E-1	4.258803E0
8.300000E1	9.890115E0	3.031102E-1	4.442584E0
8.400000E1	9.885311E0	3.031102E-1	4.460677E0
8.500000E1	9.880507E0	3.031102E-1	4.710507E0
8.600000E1	9.875703E0	3.031102E-1	4.656216E0
8.700000E1	9.870899E0	3.031102E-1	4.760838E0
8.800000E1	9.866095E0	3.031102E-1	4.957355E0
8.900000E1	9.861291E0	3.031102E-1	5.506640E0
9.000000E1	9.856486E0	3.031102E-1	4.786557E0
9.100000E1	9.851682E0	3.031102E-1	4.030178E0
9.200000E1	9.846878E0	3.031102E-1	3.937347E0
9.300000E1	9.842074E0	3.031102E-1	3.992248E0
9.400000E1	9.837270E0	3.031102E-1	4.734145E0
9.500000E1	9.832466E0	3.031102E-1	4.135971E0
9.600000E1	9.827662E0	3.031102E-1	3.830547E0
9.700000E1	9.822857E0	3.031102E-1	4.009055E0
9.800000E1	9.818053E0	3.031102E-1	3.972430E0
9.900000E1	9.813249E0	3.031102E-1	3.564427E0
1.000000E2	9.808445E0	3.031102E-1	3.443108E0
1.010000E2	9.803641E0	3.031102E-1	3.709292E0
1.020000E2	9.798837E0	3.031102E-1	3.580071E0
1.030000E2	9.794033E0	3.031102E-1	3.584790E0
1.040000E2	9.789228E0	3.031102E-1	4.180844E0
1.050000E2	9.784424E0	3.031102E-1	5.007689E0
1.060000E2	9.779620E0	3.031102E-1	5.231335E0
1.070000E2	9.774816E0	3.031102E-1	5.880824E0
1.080000E2	9.770012E0	3.031102E-1	5.546478E0
1.090000E2	9.765208E0	3.031102E-1	5.485873E0
1.100000E2	9.760404E0	3.031102E-1	4.853535E0
1.110000E2	9.755599E0	3.031102E-1	4.093877E0
1.120000E2	9.750795E0	3.031102E-1	4.056506E0
1.130000E2	9.745991E0	3.031102E-1	4.532316E0
1.140000E2	9.741187E0	3.031102E-1	4.753030E0
1.150000E2	9.736383E0	3.031102E-1	5.017017E0
1.160000E2	9.731579E0	3.031102E-1	4.846290E0
1.170000E2	9.726775E0	3.031102E-1	4.234990E0
1.180000E2	9.721970E0	3.031102E-1	4.104541E0
1.190000E2	9.717166E0	3.031102E-1	4.887847E0
1.200000E2	9.712362E0	3.031102E-1	5.024899E0
1.210000E2	9.707558E0	3.031102E-1	5.058634E0
1.220000E2	9.702754E0	3.031102E-1	5.483186E0
1.230000E2	9.697950E0	3.031102E-1	5.532909E0
1.240000E2	9.693146E0	3.031102E-1	4.925722E0
1.250000E2	9.688342E0	3.031102E-1	4.987810E0
1.260000E2	9.683537E0	3.031102E-1	4.217338E0
1.270000E2	9.678733E0	3.031102E-1	4.249697E0
1.280000E2	9.673929E0	3.031102E-1	4.778206E0
1.290000E2	9.669125E0	3.031102E-1	5.340492E0
1.300000E2	9.664321E0	3.031102E-1	5.648106E0
1.310000E2	9.659517E0	3.031102E-1	5.754951E0
1.320000E2	9.654713E0	3.031102E-1	4.592538E0
1.330000E2	9.649908E0	3.031102E-1	5.502542E0
1.340000E2	9.645104E0	3.031102E-1	5.785839E0
1.350000E2	9.640300E0	3.031102E-1	5.594268E0
1.360000E2	9.635496E0	3.031102E-1	5.547153E0
1.370000E2	9.630692E0	3.031102E-1	4.499862E0
1.380000E2	9.625888E0	3.031102E-1	4.445407E0
1.390000E2	9.621084E0	3.031102E-1	4.724292E0
1.400000E2	9.616279E0	3.031102E-1	5.210096E0
1.410000E2	9.611475E0	3.031102E-1	4.773209E0
1.420000E2	9.606671E0	3.031102E-1	4.873186E0
1.430000E2	9.601867E0	3.031102E-1	5.676851E0
1.440000E2	9.597063E0	3.031102E-1	6.437644E0
1.450000E2	9.592259E0	3.031102E-1	5.038977E0
1.460000E2	9.587455E0	3.031102E-1	4.302723E0
1.470000E2	9.582650E0	3.031102E-1	4.994147E0
1.480000E2	9.577846E0	3.031102E-1	5.039410E0
1.490000E2	9.573042E0	3.031102E-1	5.365457E0
1.500000E2	9.568238E0	3.031102E-1	5.787332E0
1.510000E2	9.563434E0	3.031102E-1	5.023035E0
1.520000E2	9.558630E0	3.031102E-1	5.690161E0
1.530000E2	9.553826E0	3.031102E-1	5.645259E0
1.540000E2	9.549021E0	3.031102E-1	4.739283E0
1.550000E2	9.544217E0	3.031102E-1	4.509868E0
1.560000E2	9.539413E0	3.031102E-1	3.980892E0
1.570000E2	9.534609E0	3.031102E-1	5.162223E0
1.580000E2	9.529805E0	3.031102E-1	6.334254E0
1.590000E2	9.525001E0	3.031102E-1	5.595827E0
1.600000E2	9.520197E0	3.031102E-1	4.789112E0
1.610000E2	9.515392E0	3.031102E-1	4.639780E0
1.620000E2	9.510588E0	3.031102E-1	4.612961E0
1.630000E2	9.505784E0	3.031102E-1	4.830780E0
1.640000E2	9.500980E0	3.031102E-1	4.214570E0
1.650000E2	9.496176E0	3.031102E-1	4.349430E0
1.660000E2	9.491372E0	3.031102E-1	3.902195E0
1.670000E2	9.486568E0	3.031102E-1	4.012325E0
1.680000E2	9.481763E0	3.031102E-1	4.485124E0
1.690000E2	9.476959E0	3.031102E-1	5.131481E0
1.700000E2	9.472155E0	3.031102E-1	5.652563E0
1.710000E2	9.467351E0	3.031102E-1	5.172405E0
1.720000E2	9.462547E0	3.031102E-1	5.368933E0
1.730000E2	9.457743E0	3.031102E-1	3.852492E0
1.740000E2	9.452939E0	3.031102E-1	4.085426E0
1.750000E2	9.448135E0	3.031102E-1	3.778057E0
1.760000E2	9.443330E0	3.031102E-1	3.666145E0
1.770000E2	9.438526E0	3.031102E-1	5.293453E0
1.780000E2	9.433722E0	3.031102E-1	5.273476E0
1.790000E2	9.428918E0	3.031102E-1	5.310489E0
1.800000E2	9.424114E0	3.031102E-1	5.533470E0
1.810000E2	9.419310E0	3.031102E-1	4.525010E0
1.820000E2	9.414506E0	3.031102E-1	5.279755E0
1.830000E2	9.409701E0	3.031102E-1	4.745215E0
1.840000E2	9.404897E0	3.031102E-1	3.600913E0
1.850000E2	9.400093E0	3.031102E-1	4.438553E0
1.860000E2	9.395289E0	3.031102E-1	5.001259E0
1.870000E2	9.390485E0	3.031102E-1	4.813512E0
1.880000E2	9.385681E0	3.031102E-1	4.833287E0
1.890000E2	9.380877E0	3.031102E-1	5.337283E0
1.900000E2	9.376072E0	3.031102E-1	5.617502E0
1.910000E2	9.371268E0	3.031102E-1	5.446812E0
1.920000E2	9.366464E0	3.031102E-1	4.873888E0
1.930000E2	9.361660E0	3.031102E-1	5.458159E0
1.940000E2	9.356856E0	3.031102E-1	4.658091E0
1.950000E2	9.352052E0	3.031102E-1	5.270808E0
1.960000E2	9.347248E0	3.031102E-1	4.053347E0
1.970000E2	9.342443E0	3.031102E-1	4.605574E0
1.980000E2	9.337639E0	3.031102E-1	5.857504E0
1.990000E2	9.332835E0	3.031102E-1	5.960342E0
2.000000E2	9.328031E0	3.031102E-1	5.452641E0
2.010000E2	9.323227E0	3.031102E-1	5.473828E0
2.020000E2	9.318423E0	3.031102E-1	5.120701E0
2.030000E2	9.313619E0	3.031102E-1	4.427286E0
2.040000E2	9.308814E0	3.031102E-1	4.839389E0
2.050000E2	9.304010E0	3.031102E-1	5.409237E0
2.060000E2	9.299206E0	3.031102E-1	5.470648E0
2.070000E2	9.294402E0	3.031102E-1	4.953593E0
2.080000E2	9.289598E0	3.031102E-1	4.452619E0
2.090000E2	9.284794E0	3.031102E-1	3.676748E0
2.100000E2	9.279990E0	3.031102E-1	4.506005E0
2.110000E2	9.275185E0	3.031102E-1	4.768513E0
2.120000E2	9.270381E0	3.031102E-1	4.302761E0
2.130000E2	9.265577E0	3.031102E-1	4.835055E0
2.140000E2	9.260773E0	3.031102E-1	4.628503E0
2.150000E2	9.255969E0	3.031102E-1	4.665573E0
2.160000E2	9.251165E0	3.031102E-1	4.813022E0
2.170000E2	9.246361E0	3.031102E-1	5.290531E0
2.180000E2	9.241556E0	3.031102E-1	5.054269E0
2.190000E2	9.236752E0	3.031102E-1	4.114912E0
2.200000E2	9.231948E0	3.031102E-1	4.987469E0
2.210000E2	9.227144E0	3.031102E-1	4.758600E0
2.220000E2	9.222340E0	3.031102E-1	3.799095E0
2.230000E2	9.217536E0	3.031102E-1	5.248535E0
2.240000E2	9.212732E0	3.031102E-1	5.389076E0
2.250000E2	9.207927E0	3.031102E-1	5.556123E0
2.260000E2	9.203123E0	3.031102E-1	5.450444E0
2.270000E2	9.198319E0	3.031102E-1	5.139475E0
2.280000E2	9.193515E0	3.031102E-1	4.947930E0
2.290000E2	9.188711E0	3.031102E-1	5.203805E0
2.300000E2	9.183907E0	3.031102E-1	5.138622E0
2.310000E2	9.179103E0	3.031102E-1	5.931095E0
2.320000E2	9.174299E0	3.031102E-1	4.606435E0
2.330000E2	9.169494E0	3.031102E-1	4.155634E0
2.340000E2	9.164690E0	3.031102E-1	4.277138E0
2.350000E2	9.159886E0	3.031102E-1	5.041101E0
2.360000E2	9.155082E0	3.031102E-1	4.716248E0
2.370000E2	9.150278E0	3.031102E-1	5.065569E0
2.380000E2	9.145474E0	3.031102E-1	5.516137E0
2.390000E2	9.140670E0	3.031102E-1	5.237164E0
2.400000E2	9.135865E0	3.031102E-1	4.017613E0
2.410000E2	9.131061E0	3.031102E-1	5.135820E0
2.420000E2	9.126257E0	3.031102E-1	5.398868E0
2.430000E2	9.121453E0	3.031102E-1	5.390791E0
2.440000E2	9.116649E0	3.031102E-1	5.518348E0
2.450000E2	9.111845E0	3.031102E-1	5.251310E0
2.460000E2	9.107041E0	3.031102E-1	4.582125E0
2.470000E2	9.102236E0	3.031102E-1	4.604135E0
2.480000E2	9.097432E0	3.031102E-1	5.118730E0
2.490000E2	9.092628E0	3.031102E-1	4.881957E0
2.500000E2	9.087824E0	3.031102E-1	4.903928E0
2.510000E2	9.083020E0	3.031102E-1	5.681222E0
2.520000E2	9.078216E0	3.031102E-1	5.443890E0
2.530000E2	9.073412E0	3.031102E-1	4.997473E0
2.540000E2	9.068607E0	3.031102E-1	5.136316E0
2.550000E2	9.063803E0	3.031102E-1	6.438774E0
2.560000E2	9.058999E0	3.031102E-1	4.080830E0
2.570000E2	9.054195E0	3.031102E-1	4.506696E0
2.580000E2	9.049391E0	3.031102E-1	4.779700E0
2.590000E2	9.044587E0	3.031102E-1	5.303911E0
2.600000E2	9.039783E0	3.031102E-1	4.600208E0
2.610000E2	9.034978E0	3.031102E-1	4.536525E0
2.620000E2	9.030174E0	3.031102E-1	5.040823E0
2.630000E2	9.025370E0	3.031102E-1	5.149276E0
2.640000E2	9.020566E0	3.031102E-1	4.971600E0
2.650000E2	9.015762E0	3.031102E-1	5.613244E0
2.660000E2	9.010958E0	3.031102E-1	5.195235E0
2.670000E2	9.006154E0	3.031102E-1	5.576878E0
2.680000E2	9.001349E0	3.031102E-1	5.638554E0
2.690000E2	8.996545E0	3.031102E-1	5.029368E0
2.700000E2	8.991741E0	3.031102E-1	5.630466E0
2.710000E2	8.986937E0	3.031102E-1	4.677683E0
2.720000E2	8.982133E0	3.031102E-1	5.432455E0
2.730000E2	8.977329E0	3.031102E-1	4.980666E0
2.740000E2	8.972525E0	3.031102E-1	4.624393E0
2.750000E2	8.967720E0	3.031102E-1	4.819344E0
2.760000E2	8.962916E0	3.031102E-1	4.218309E0
2.770000E2	8.958112E0	3.031102E-1	4.578717E0
2.780000E2	8.953308E0	3.031102E-1	5.140340E0
2.790000E2	8.948504E0	3.031102E-1	5.298210E0
2.800000E2	8.943700E0	3.031102E-1	5.044780E0
2.810000E2	8.938896E0	3.031102E-1	5.814240E0
2.820000E2	8.934091E0	3.031102E-1	5.037919E0
2.830000E2	8.929287E0	3.031102E-1	5.402242E0
2.840000E2	8.924483E0	3.031102E-1	5.285937E0
2.850000E2	8.919679E0	3.031102E-1	5.141837E0
2.860000E2	8.914875E0	3.031102E-1	5.270677E0
2.870000E2	8.910071E0	3.031102E-1	5.112250E0
2.880000E2	8.905267E0	3.031102E-1	4.299279E0
2.890000E2	8.900463E0	3.031102E-1	3.998548E0
2.900000E2	8.895658E0	3.031102E-1	4.618992E0
2.910000E2	8.890854E0	3.031102E-1	4.811816E0
2.920000E2	8.886050E0	3.031102E-1	4.740789E0
2.930000E2	8.881246E0	3.031102E-1	5.165158E0
2.940000E2	8.876442E0	3.031102E-1	5.458220E0
2.950000E2	8.871638E0	3.031102E-1	4.634495E0
2.960000E2	8.866834E0	3.031102E-1	4.259712E0
2.970000E2	8.862029E0	3.031102E-1	5.002591E0
2.980000E2	8.857225E0	3.031102E-1	4.969078E0
2.990000E2	8.852421E0	3.031102E-1	4.699382E0
3.000000E2	8.847617E0	3.031102E-1	5.038247E0
3.010000E2	8.842813E0	3.031102E-1	4.007659E0
3.020000E2	8.838009E0	3.031102E-1	4.673516E0
3.030000E2	8.833205E0	3.031102E-1	5.038066E0
3.040000E2	8.828400E0	3.031102E-1	5.038174E0
3.050000E2	8.823596E0	3.031102E-1	6.039225E0
3.060000E2	8.818792E0	3.031102E-1	4.954312E0
3.070000E2	8.813988E0	3.031102E-1	5.511336E0
3.080000E2	8.809184E0	3.031102E-1	5.766577E0
3.090000E2	8.804380E0	3.031102E-1	5.401985E0
3.100000E2	8.799576E0	3.031102E-1	5.017803E0
3.110000E2	8.794771E0	3.031102E-1	6.001853E0
3.120000E2	8.789967E0	3.031102E-1	5.081831E0
3.130000E2	8.785163E0	3.031102E-1	4.668708E0
3.140000E2	8.780359E0	3.031102E-1	5.116311E0
3.150000E2	8.775555E0	3.031102E-1	5.469123E0
3.160000E2	8.770751E0	3.031102E-1	4.905958E0
3.170000E2	8.765947E0	3.031102E-1	4.756720E0
3.180000E2	8.761142E0	3.031102E-1	5.723318E0
3.190000E2	8.756338E0	3.031102E-1	5.130638E0
3.200000E2	8.751534E0	3.031102E-1	4.685182E0
3.210000E2	8.746730E0	3.031102E-1	3.871497E0
3.220000E2	8.741926E0	3.031102E-1	5.652070E0
3.230000E2	8.737122E0	3.031102E-1	5.818626E0
3.240000E2	8.732318E0	3.031102E-1	4.914225E0
3.250000E2	8.727513E0	3.031102E-1	5.729746E0
3.260000E2	8.722709E0	3.031102E-1	5.247114E0
3.270000E2	8.717905E0	3.031102E-1	4.608960E0
3.280000E2	8.713101E0	3.031102E-1	4.866682E0
3.290000E2	8.708297E0	3.031102E-1	5.311712E0
3.300000E2	8.703493E0	3.031102E-1	4.884841E0
3.310000E2	8.698689E0	3.031102E-1	3.767386E0
3.320000E2	8.693884E0	3.031102E-1	4.384921E0
3.330000E2	8.689080E0	3.031102E-1	4.599666E0
3.340000E2	8.684276E0	3.031102E-1	5.609422E0
3.350000E2	8.679472E0	3.031102E-1	4.978734E0
3.360000E2	8.674668E0	3.031102E-1	6.598301E0
3.370000E2	8.669864E0	3.031102E-1	5.263452E0
3.380000E2	8.665060E0	3.031102E-1	5.713707E0
3.390000E2	8.660255E0	3.031102E-1	6.177144E0
3.400000E2	8.655451E0	3.031102E-1	5.977498E0
3.410000E2	8.650647E0	3.031102E-1	5.084342E0
3.420000E2	8.645843E0	3.031102E-1	5.179734E0
3.430000E2	8.641039E0	3.031102E-1	5.903715E0
3.440000E2	8.636235E0	3.031102E-1	5.661502E0
3.450000E2	8.631431E0	3.031102E-1	5.242907E0
3.460000E2	8.626627E0	3.031102E-1	6.246705E0
3.470000E2	8.621822E0	3.031102E-1	5.989228E0
3.480000E2	8.617018E0	3.031102E-1	5.835799E0
3.490000E2	8.612214E0	3.031102E-1	5.787684E0
3.500000E2	8.607410E0	3.031102E-1	6.284440E0
3.510000E2	8.602606E0	3.031102E-1	5.529461E0
3.520000E2	8.597802E0	3.031102E-1	5.220016E0
3.530000E2	8.592998E0	3.031102E-1	5.598915E0
3.540000E2	8.588193E0	3.031102E-1	4.217954E0
3.550000E2	8.583389E0	3.031102E-1	5.326735E0
3.560000E2	8.578585E0	3.031102E-1	4.955278E0
3.570000E2	8.573781E0	3.031102E-1	6.260038E0
3.580000E2	8.568977E0	3.031102E-1	5.645803E0
3.590000E2	8.564173E0	3.031102E-1	4.683853E0
3.600000E2	8.559369E0	3.031102E-1	5.167540E0
3.610000E2	8.554564E0	3.031102E-1	5.682836E0
3.620000E2	8.549760E0	3.031102E-1	6.296566E0
3.630000E2	8.544956E0	3.031102E-1	4.645091E0
3.640000E2	8.540152E0	3.031102E-1	5.191076E0
3.650000E2	8.535348E0	3.031102E-1	6.434896E0
3.660000E2	8.530544E0	3.031102E-1	6.093815E0
3.670000E2	8.525740E0	3.031102E-1	5.011292E0
3.680000E2	8.520935E0	3.031102E-1	5.250559E0
3.690000E2	8.516131E0	3.031102E-1	5.470618E0
3.700000E2	8.511327E0	3.031102E-1	5.880396E0
3.710000E2	8.506523E0	3.031102E-1	5.955303E0
3.720000E2	8.501719E0	3.031102E-1	6.271265E0
3.730000E2	8.496915E0	3.031102E-1	6.227283E0
3.740000E2	8.492111E0	3.031102E-1	6.303255E0
3.750000E2	8.487306E0	3.031102E-1	4.623517E0
3.760000E2	8.482502E0	3.031102E-1	5.600751E0
3.770000E2	8.477698E0	3.031102E-1	5.182419E0
3.780000E2	8.472894E0	3.031102E-1	5.410155E0
3.790000E2	8.468090E0	3.031102E-1	4.522634E0
3.800000E2	8.463286E0	3.031102E-1	6.722679E0
3.810000E2	8.458482E0	3.031102E-1	5.630399E0
3.820000E2	8.453677E0	3.031102E-1	4.754223E0
3.830000E2	8.448873E0	3.031102E-1	4.787614E0
3.840000E2	8.444069E0	3.031102E-1	4.487725E0
3.850000E2	8.439265E0	3.031102E-1	4.236853E0
3.860000E2	8.434461E0	3.031102E-1	4.976770E0
3.870000E2	8.429657E0	3.031102E-1	5.008729E0
3.880000E2	8.424853E0	3.031102E-1	5.717059E0
3.890000E2	8.420048E0	3.031102E-1	5.300083E0
3.900000E2	8.415244E0	3.031102E-1	4.733874E0
3.910000E2	8.410440E0	3.031102E-1	4.445917E0
3.920000E2	8.405636E0	3.031102E-1	5.397837E0
3.930000E2	8.400832E0	3.031102E-1	5.208165E0
3.940000E2	8.396028E0	3.031102E-1	4.499012E0
3.950000E2	8.391224E0	3.031102E-1	5.104998E0
3.960000E2	8.386420E0	3.031102E-1	4.079746E0
3.970000E2	8.381615E0	3.031102E-1	4.234042E0
3.980000E2	8.376811E0	3.031102E-1	5.753902E0
3.990000E2	8.372007E0	3.031102E-1	6.043797E0
4.000000E2	8.367203E0	3.031102E-1	5.736228E0
4.010000E2	8.362399E0	3.031102E-1	6.253585E0
4.020000E2	8.357595E0	3.031102E-1	5.926212E0
4.030000E2	8.352791E0	3.031102E-1	5.309902E0
4.040000E2	8.347986E0	3.031102E-1	5.990352E0
4.050000E2	8.343182E0	3.031102E-1	5.741438E0
4.060000E2	8.338378E0	3.031102E-1	5.149625E0
4.070000E2	8.333574E0	3.031102E-1	4.733928E0
4.080000E2	8.328770E0	3.031102E-1	5.187588E0
4.090000E2	8.323966E0	3.031102E-1	5.339846E0
4.100000E2	8.319162E0	3.031102E-1	5.662394E0
4.110000E2	8.314357E0	3.031102E-1	5.526013E0
4.120000E2	8.309553E0	3.031102E-1	5.393819E0
4.130000E2	8.304749E0	3.031102E-1	6.072644E0
4.140000E2	8.299945E0	3.031102E-1	6.094883E0
4.150000E2	8.295141E0	3.031102E-1	5.059721E0
4.160000E2	8.290337E0	3.031102E-1	4.860404E0
4.170000E2	8.285533E0	3.031102E-1	4.632601E0
4.180000E2	8.280728E0	3.031102E-1	5.169893E0
4.190000E2	8.275924E0	3.031102E-1	5.352590E0
4.200000E2	8.271120E0	3.031102E-1	6.361987E0
4.210000E2	8.266316E0	3.031102E-1	5.884456E0
4.220000E2	8.261512E0	3.031102E-1	5.907582E0
4.230000E2	8.256708E0	3.031102E-1	4.928301E0
4.240000E2	8.251904E0	3.031102E-1	5.031580E0
4.250000E2	8.247099E0	3.031102E-1	5.227724E0
4.260000E2	8.242295E0	3.031102E-1	5.947278E0
4.270000E2	8.237491E0	3.031102E-1	5.143449E0
4.280000E2	8.232687E0	3.031102E-1	5.157182E0
4.290000E2	8.227883E0	3.031102E-1	5.356473E0
4.300000E2	8.223079E0	3.031102E-1	6.080826E0
4.310000E2	8.218275E0	3.031102E-1	5.699608E0
4.320000E2	8.213470E0	3.031102E-1	4.570260E0
4.330000E2	8.208666E0	3.031102E-1	4.705117E0
4.340000E2	8.203862E0	3.031102E-1	6.529644E0
4.350000E2	8.199058E0	3.031102E-1	5.889796E0
4.360000E2	8.194254E0	3.031102E-1	5.628110E0
4.370000E2	8.189450E0	3.031102E-1	5.476670E0
4.380000E2	8.184646E0	3.031102E-1	4.313732E0
4.390000E2	8.179841E0	3.031102E-1	5.161277E0
4.400000E2	8.175037E0	3.031102E-1	5.754081E0
4.410000E2	8.170233E0	3.031102E-1	5.481635E0
4.420000E2	8.165429E0	3.031102E-1	6.052370E0
4.430000E2	8.160625E0	3.031102E-1	6.568883E0
4.440000E2	8.155821E0	3.031102E-1	5.965606E0
4.450000E2	8.151017E0	3.031102E-1	5.751391E0
4.460000E2	8.146212E0	3.031102E-1	6.982797E0
4.470000E2	8.141408E0	3.031102E-1	6.562144E0
4.480000E2	8.136604E0	3.031102E-1	4.702970E0
4.490000E2	8.131800E0	3.031102E-1	5.858659E0
4.500000E2	8.126996E0	3.031102E-1	5.914601E0
4.510000E2	8.122192E0	3.031102E-1	4.892774E0
4.520000E2	8.117388E0	3.031102E-1	5.123588E0
4.530000E2	8.112584E0	3.031102E-1	5.438065E0
4.540000E2	8.107779E0	3.031102E-1	5.693908E0
4.550000E2	8.102975E0	3.031102E-1	5.966706E0
4.560000E2	8.098171E0	3.031102E-1	5.855423E0
4.570000E2	8.093367E0	3.031102E-1	5.146290E0
4.580000E2	8.088563E0	3.031102E-1	5.732069E0
4.590000E2	8.083759E0	3.031102E-1	5.750808E0
4.600000E2	8.078955E0	3.031102E-1	5.921609E0
4.610000E2	8.074150E0	3.031102E-1	6.367141E0
4.620000E2	8.069346E0	3.031102E-1	5.827188E0
4.630000E2	8.064542E0	3.031102E-1	5.525540E0
4.640000E2	8.059738E0	3.031102E-1	5.283059E0
4.650000E2	8.054934E0	3.031102E-1	6.375902E0
4.660000E2	8.050130E0	3.031102E-1	7.273040E0
4.670000E2	8.045326E0	3.031102E-1	4.853627E0
4.680000E2	8.040521E0	3.031102E-1	3.919131E0
4.690000E2	8.035717E0	3.031102E-1	5.135197E0
4.700000E2	8.030913E0	3.031102E-1	5.428777E0
4.710000E2	8.026109E0	3.031102E-1	5.118507E0
4.720000E2	8.021305E0	3.031102E-1	7.052524E0
4.730000E2	8.016501E0	3.031102E-1	6.696961E0
4.740000E2	8.011697E0	3.031102E-1	4.923003E0
4.750000E2	8.006892E0	3.031102E-1	5.022871E0
4.760000E2	8.002088E0	3.031102E-1	5.388821E0
4.770000E2	7.997284E0	3.031102E-1	5.446199E0
4.780000E2	7.992480E0	3.031102E-1	5.465899E0
4.790000E2	7.987676E0	3.031102E-1	6.131412E0
4.800000E2	7.982872E0	3.031102E-1	5.368552E0
4.810000E2	7.978068E0	3.031102E-1	5.952354E0
4.820000E2	7.973263E0	3.031102E-1	5.729044E0
4.830000E2	7.968459E0	3.031102E-1	6.027689E0
4.840000E2	7.963655E0	3.031102E-1	5.882446E0
4.850000E2	7.958851E0	3.031102E-1	6.073135E0
4.860000E2	7.954047E0	3.031102E-1	5.870608E0
4.870000E2	7.949243E0	3.031102E-1	5.117115E0
4.880000E2	7.944439E0	3.031102E-1	5.329978E0
4.890000E2	7.939634E0	3.031102E-1	6.368250E0
4.900000E2	7.934830E0	3.031102E-1	6.032256E0
4.910000E2	7.930026E0	3.031102E-1	5.896912E0
4.920000E2	7.925222E0	3.031102E-1	5.772436E0
4.930000E2	7.920418E0	3.031102E-1	5.111890E0
4.940000E2	7.915614E0	3.031102E-1	4.614508E0
4.950000E2	7.910810E0	3.031102E-1	4.992543E0
4.960000E2	7.906005E0	3.031102E-1	5.829464E0
4.970000E2	7.901201E0	3.031102E-1	5.080082E0
4.980000E2	7.896397E0	3.031102E-1	4.984488E0
4.990000E2	7.891593E0	3.031102E-1	5.897493E0
5.000000E2	7.886789E0	3.031102E-1	4.782300E0
5.010000E2	7.881985E0	3.031102E-1	5.627401E0
5.020000E2	7.877181E0	3.031102E-1	5.721948E0
5.030000E2	7.872376E0	3.031102E-1	5.955543E0
5.040000E2	7.867572E0	3.031102E-1	6.152778E0
5.050000E2	7.862768E0	3.031102E-1	5.610530E0
5.060000E2	7.857964E0	3.031102E-1	5.531367E0
5.070000E2	7.853160E0	3.031102E-1	5.814874E0
5.080000E2	7.848356E0	3.031102E-1	5.458850E0
5.090000E2	7.843552E0	3.031102E-1	6.205768E0
5.100000E2	7.838748E0	3.031102E-1	6.199943E0
5.110000E2	7.833943E0	3.031102E-1	5.715145E0
5.120000E2	7.829139E0	3.031102E-1	5.155716E0
5.130000E2	7.824335E0	3.031102E-1	6.163602E0
5.140000E2	7.819531E0	3.031102E-1	6.944993E0
5.150000E2	7.814727E0	3.031102E-1	5.686227E0
5.160000E2	7.809923E0	3.031102E-1	6.881649E0
5.170000E2	7.805119E0	3.031102E-1	5.824310E0
5.180000E2	7.800314E0	3.031102E-1	6.326150E0
5.190000E2	7.795510E0	3.031102E-1	5.889153E0
5.200000E2	7.790706E0	3.031102E-1	6.119261E0
5.210000E2	7.785902E0	3.031102E-1	5.652188E0
5.220000E2	7.781098E0	3.031102E-1	5.552549E0
5.230000E2	7.776294E0	3.031102E-1	5.666729E0
5.240000E2	7.771490E0	3.031102E-1	6.242630E0
5.250000E2	7.766685E0	3.031102E-1	5.217087E0
5.260000E2	7.761881E0	3.031102E-1	4.879247E0
5.270000E2	7.757077E0	3.031102E-1	4.856812E0
5.280000E2	7.752273E0	3.031102E-1	5.518387E0
5.290000E2	7.747469E0	3.031102E-1	5.793556E0
5.300000E2	7.742665E0	3.031102E-1	7.549388E0
5.310000E2	7.737861E0	3.031102E-1	6.888871E0
5.320000E2	7.733056E0	3.031102E-1	6.558220E0
5.330000E2	7.728252E0	3.031102E-1	6.906757E0
5.340000E2	7.723448E0	3.031102E-1	6.310809E0
5.350000E2	7.718644E0	3.031102E-1	6.524740E0
5.360000E2	7.713840E0	3.031102E-1	5.743102E0
5.370000E2	7.709036E0	3.031102E-1	5.757712E0
5.380000E2	7.704232E0	3.031102E-1	6.325699E0
5.390000E2	7.699427E0	3.031102E-1	5.734349E0
5.400000E2	7.694623E0	3.031102E-1	5.388828E0
5.410000E2	7.689819E0	3.031102E-1	5.787779E0
5.420000E2	7.685015E0	3.031102E-1	5.072908E0
5.430000E2	7.680211E0	3.031102E-1	6.183607E0
5.440000E2	7.675407E0	3.031102E-1	5.836518E0
5.450000E2	7.670603E0	3.031102E-1	3.991158E0
5.460000E2	7.665798E0	3.031102E-1	5.157091E0
5.470000E2	7.660994E0	3.031102E-1	4.069723E0
5.480000E2	7.656190E0	3.031102E-1	4.609576E0
5.490000E2	7.651386E0	3.031102E-1	6.300781E0
5.500000E2	7.646582E0	3.031102E-1	6.137895E0
5.510000E2	7.641778E0	3.031102E-1	5.140975E0
5.520000E2	7.636974E0	3.031102E-1	6.044380E0
5.530000E2	7.632169E0	3.031102E-1	6.579535E0
5.540000E2	7.627365E0	3.031102E-1	5.926626E0
5.550000E2	7.622561E0	3.031102E-1	6.621786E0
5.560000E2	7.617757E0	3.031102E-1	5.802506E0
5.570000E2	7.612953E0	3.031102E-1	4.250427E0
5.580000E2	7.608149E0	3.031102E-1	5.917154E0
5.590000E2	7.603345E0	3.031102E-1	5.742661E0
5.600000E2	7.598541E0	3.031102E-1	5.748812E0
5.610000E2	7.593736E0	3.031102E-1	6.081809E0
5.620000E2	7.588932E0	3.031102E-1	5.990474E0
5.630000E2	7.584128E0	3.031102E-1	5.389346E0
5.640000E2	7.579324E0	3.031102E-1	4.619141E0
5.650000E2	7.574520E0	3.031102E-1	4.889841E0
5.660000E2	7.569716E0	3.031102E-1	5.776801E0
5.670000E2	7.564912E0	3.031102E-1	5.151623E0
5.680000E2	7.560107E0	3.031102E-1	4.992854E0
5.690000E2	7.555303E0	3.031102E-1	5.218861E0
5.700000E2	7.550499E0	3.031102E-1	5.756265E0
5.710000E2	7.545695E0	3.031102E-1	5.015583E0
5.720000E2	7.540891E0	3.031102E-1	6.346899E0
5.730000E2	7.536087E0	3.031102E-1	7.055626E0
5.740000E2	7.531283E0	3.031102E-1	5.787765E0
5.750000E2	7.526478E0	3.031102E-1	5.789759E0
5.760000E2	7.521674E0	3.031102E-1	4.727206E0
5.770000E2	7.516870E0	3.031102E-1	4.663613E0
5.780000E2	7.512066E0	3.031102E-1	5.087151E0
5.790000E2	7.507262E0	3.031102E-1	4.771290E0
5.800000E2	7.502458E0	3.031102E-1	5.254095E0
5.810000E2	7.497654E0	3.031102E-1	5.187998E0
5.820000E2	7.492849E0	3.031102E-1	5.919129E0
5.830000E2	7.488045E0	3.031102E-1	5.793588E0
5.840000E2	7.483241E0	3.031102E-1	5.308735E0
5.850000E2	7.478437E0	3.031102E-1	5.596813E0
5.860000E2	7.473633E0	3.031102E-1	5.243819E0
5.870000E2	7.468829E0	3.031102E-1	5.458522E0
5.880000E2	7.464025E0	3.031102E-1	5.942104E0
5.890000E2	7.459220E0	3.031102E-1	6.197613E0
5.900000E2	7.454416E0	3.031102E-1	5.899627E0
5.910000E2	7.449612E0	3.031102E-1	6.062513E0
5.920000E2	7.444808E0	3.031102E-1	5.488953E0
5.930000E2	7.440004E0	3.031102E-1	5.852021E0
5.940000E2	7.435200E0	3.031102E-1	6.311702E0
5.950000E2	7.430396E0	3.031102E-1	6.335852E0
5.960000E2	7.425591E0	3.031102E-1	6.550897E0
5.970000E2	7.420787E0	3.031102E-1	6.887655E0
5.980000E2	7.415983E0	3.031102E-1	6.309103E0
5.990000E2	7.411179E0	3.031102E-1	6.727428E0
6.000000E2	7.406375E0	3.031102E-1	7.543505E0
6.010000E2	7.401571E0	3.031102E-1	6.817333E0
6.020000E2	7.396767E0	3.031102E-1	5.090259E0
6.030000E2	7.391962E0	3.031102E-1	6.341742E0
6.040000E2	7.387158E0	3.031102E-1	5.609275E0
6.050000E2	7.382354E0	3.031102E-1	6.064958E0
6.060000E2	7.377550E0	3.031102E-1	5.979863E0
6.070000E2	7.372746E0	3.031102E-1	5.373095E0
6.080000E2	7.367942E0	3.031102E-1	5.334079E0
6.090000E2	7.363138E0	3.031102E-1	5.876681E0
6.100000E2	7.358333E0	3.031102E-1	6.837337E0
6.110000E2	7.353529E0	3.031102E-1	6.238810E0
6.120000E2	7.348725E0	3.031102E-1	5.414304E0
6.130000E2	7.343921E0	3.031102E-1	4.587916E0
6.140000E2	7.339117E0	3.031102E-1	5.650015E0
6.150000E2	7.334313E0	3.031102E-1	5.470550E0
6.160000E2	7.329509E0	3.031102E-1	6.897668E0
6.170000E2	7.324705E0	3.031102E-1	6.090023E0
6.180000E2	7.319900E0	3.031102E-1	5.331292E0
6.190000E2	7.315096E0	3.031102E-1	6.605226E0
6.200000E2	7.310292E0	3.031102E-1	6.973111E0
6.210000E2	7.305488E0	3.031102E-1	6.256032E0
6.220000E2	7.300684E0	3.031102E-1	6.480117E0
6.230000E2	7.295880E0	3.031102E-1	5.955075E0
6.240000E2	7.291076E0	3.031102E-1	4.847452E0
6.250000E2	7.286271E0	3.031102E-1	5.417053E0
6.260000E2	7.281467E0	3.031102E-1	5.606250E0
6.270000E2	7.276663E0	3.031102E-1	4.955630E0
6.280000E2	7.271859E0	3.031102E-1	5.998864E0
6.290000E2	7.267055E0	3.031102E-1	5.943103E0
6.300000E2	7.262251E0	3.031102E-1	6.430325E0
6.310000E2	7.257447E0	3.031102E-1	5.367710E0
6.320000E2	7.252642E0	3.031102E-1	5.600581E0
6.330000E2	7.247838E0	3.031102E-1	4.673475E0
6.340000E2	7.243034E0	3.031102E-1	4.869424E0
6.350000E2	7.238230E0	3.031102E-1	5.784821E0
6.360000E2	7.233426E0	3.031102E-1	6.942832E0
6.370000E2	7.228622E0	3.031102E-1	6.104138E0
6.380000E2	7.223818E0	3.031102E-1	5.921409E0
6.390000E2	7.219013E0	3.031102E-1	7.015448E0
6.400000E2	7.214209E0	3.031102E-1	6.234316E0
6.410000E2	7.209405E0	3.031102E-1	5.956116E0
6.420000E2	7.204601E0	3.031102E-1	5.262362E0
6.430000E2	7.199797E0	3.031102E-1	5.407771E0
6.440000E2	7.194993E0	3.031102E-1	7.371163E0
6.450000E2	7.190189E0	3.031102E-1	7.232067E0
6.460000E2	7.185384E0	3.031102E-1	6.900729E0
6.470000E2	7.180580E0	3.031102E-1	7.226516E0
6.480000E2	7.175776E0	3.031102E-1	5.866050E0
6.490000E2	7.170972E0	3.031102E-1	5.111806E0
6.500000E2	7.166168E0	3.031102E-1	7.380227E0
6.510000E2	7.161364E0	3.031102E-1	6.910594E0
6.520000E2	7.156560E0	3.031102E-1	5.097816E0
6.530000E2	7.151755E0	3.031102E-1	5.337111E0
6.540000E2	7.146951E0	3.031102E-1	5.473278E0
6.550000E2	7.142147E0	3.031102E-1	4.702770E0
6.560000E2	7.137343E0	3.031102E-1	4.975619E0
6.570000E2	7.132539E0	3.031102E-1	5.330564E0
6.580000E2	7.127735E0	3.031102E-1	5.886335E0
6.590000E2	7.122931E0	3.031102E-1	5.549348E0
6.600000E2	7.118126E0	3.031102E-1	5.118764E0
6.610000E2	7.113322E0	3.031102E-1	5.278322E0
6.620000E2	7.108518E0	3.031102E-1	5.121748E0
6.630000E2	7.103714E0	3.031102E-1	5.485688E0
6.640000E2	7.098910E0	3.031102E-1	5.733501E0
6.650000E2	7.094106E0	3.031102E-1	5.394529E0
6.660000E2	7.089302E0	3.031102E-1	5.578830E0
6.670000E2	7.084497E0	3.031102E-1	5.412976E0
6.680000E2	7.079693E0	3.031102E-1	4.959198E0
6.690000E2	7.074889E0	3.031102E-1	5.535558E0
6.700000E2	7.070085E0	3.031102E-1	5.822414E0
6.710000E2	7.065281E0	3.031102E-1	6.490856E0
6.720000E2	7.060477E0	3.031102E-1	5.408791E0
6.730000E2	7.055673E0	3.031102E-1	5.564407E0
6.740000E2	7.050869E0	3.031102E-1	5.622547E0
6.750000E2	7.046064E0	3.031102E-1	3.875422E0
6.760000E2	7.041260E0	3.031102E-1	5.775202E0
6.770000E2	7.036456E0	3.031102E-1	6.118647E0
6.780000E2	7.031652E0	3.031102E-1	5.757407E0
6.790000E2	7.026848E0	3.031102E-1	5.700810E0
6.800000E2	7.022044E0	3.031102E-1	5.090092E0
6.810000E2	7.017240E0	3.031102E-1	6.164176E0
6.820000E2	7.012435E0	3.031102E-1	6.668380E0
6.830000E2	7.007631E0	3.031102E-1	6.439736E0
6.840000E2	7.002827E0	3.031102E-1	6.809890E0
6.850000E2	6.998023E0	3.031102E-1	7.452957E0
6.860000E2	6.993219E0	3.031102E-1	6.210311E0
6.870000E2	6.988415E0	3.031102E-1	6.022517E0
6.880000E2	6.983611E0	3.031102E-1	5.156071E0
6.890000E2	6.978806E0	3.031102E-1	4.934830E0
6.900000E2	6.974002E0	3.031102E-1	6.282460E0
6.910000E2	6.969198E0	3.031102E-1	5.087001E0
6.920000E2	6.964394E0	3.031102E-1	4.537091E0
6.930000E2	6.959590E0	3.031102E-1	6.288059E0
6.940000E2	6.954786E0	3.031102E-1	6.935897E0
6.950000E2	6.949982E0	3.031102E-1	6.482735E0
6.960000E2	6.945177E0	3.031102E-1	6.836192E0
6.970000E2	6.940373E0	3.031102E-1	8.093999E0
6.980000E2	6.935569E0	3.031102E-1	6.734556E0
6.990000E2	6.930765E0	3.031102E-1	6.246913E0
7.000000E2	6.925961E0	3.031102E-1	7.937595E0
7.010000E2	6.921157E0	3.031102E-1	7.599491E0
7.020000E2	6.916353E0	3.031102E-1	6.985000E0
7.030000E2	6.911548E0	3.031102E-1	7.231222E0
7.040000E2	6.906744E0	3.031102E-1	6.519213E0
7.050000E2	6.901940E0	3.031102E-1	6.636405E0
7.060000E2	6.897136E0	3.031102E-1	6.690300E0
7.070000E2	6.892332E0	3.031102E-1	6.841890E0
7.080000E2	6.887528E0	3.031102E-1	6.224728E0
7.090000E2	6.882724E0	3.031102E-1	6.361191E0
7.100000E2	6.877919E0	3.031102E-1	7.196968E0
7.110000E2	6.873115E0	3.031102E-1	7.220380E0
7.120000E2	6.868311E0	3.031102E-1	6.496215E0
7.130000E2	6.863507E0	3.031102E-1	6.574120E0
7.140000E2	6.858703E0	3.031102E-1	7.538230E0
7.150000E2	6.853899E0	3.031102E-1	6.557264E0
7.160000E2	6.849095E0	3.031102E-1	5.775379E0
7.170000E2	6.844290E0	3.031102E-1	6.284576E0
7.180000E2	6.839486E0	3.031102E-1	6.363860E0
7.190000E2	6.834682E0	3.031102E-1	7.087544E0
7.200000E2	6.829878E0	3.031102E-1	5.878279E0
7.210000E2	6.825074E0	3.031102E-1	5.479325E0
7.220000E2	6.820270E0	3.031102E-1	5.567355E0
7.230000E2	6.815466E0	3.031102E-1	6.533243E0
7.240000E2	6.810661E0	3.031102E-1	7.431150E0
7.250000E2	6.805857E0	3.031102E-1	7.689951E0
7.260000E2	6.801053E0	3.031102E-1	6.768006E0
7.270000E2	6.796249E0	3.031102E-1	7.395240E0
7.280000E2	6.791445E0	3.031102E-1	7.238917E0
7.290000E2	6.786641E0	3.031102E-1	6.361904E0
7.300000E2	6.781837E0	3.031102E-1	7.571929E0
7.310000E2	6.777033E0	3.031102E-1	7.931418E0
7.320000E2	6.772228E0	3.031102E-1	8.737824E0
7.330000E2	6.767424E0	3.031102E-1	8.442578E0
7.340000E2	6.762620E0	3.031102E-1	6.991675E0
7.350000E2	6.757816E0	3.031102E-1	7.146556E0
7.360000E2	6.753012E0	3.031102E-1	7.528220E0
7.370000E2	6.748208E0	3.031102E-1	6.282089E0
7.380000E2	6.743404E0	3.031102E-1	7.670312E0
7.390000E2	6.738599E0	3.031102E-1	6.977432E0
7.400000E2	6.733795E0	3.031102E-1	7.764019E0
7.410000E2	6.728991E0	3.031102E-1	7.057615E0
7.420000E2	6.724187E0	3.031102E-1	5.598509E0
7.430000E2	6.719383E0	3.031102E-1	5.915923E0
7.440000E2	6.714579E0	3.031102E-1	7.195515E0
7.450000E2	6.709775E0	3.031102E-1	7.064496E0
7.460000E2	6.704970E0	3.031102E-1	7.668326E0
7.470000E2	6.700166E0	3.031102E-1	7.544145E0
7.480000E2	6.695362E0	3.031102E-1	7.081798E0
7.490000E2	6.690558E0	3.031102E-1	7.950017E0
7.500000E2	6.685754E0	3.031102E-1	6.723139E0
7.510000E2	6.680950E0	3.031102E-1	5.172883E0
7.520000E2	6.676146E0	3.031102E-1	6.195881E0
7.530000E2	6.671341E0	3.031102E-1	6.311093E0
7.540000E2	6.666537E0	3.031102E-1	6.414393E0
7.550000E2	6.661733E0	3.031102E-1	6.684050E0
7.560000E2	6.656929E0	3.031102E-1	7.098265E0
7.570000E2	6.652125E0	3.031102E-1	5.312913E0
7.580000E2	6.647321E0	3.031102E-1	5.658277E0
7.590000E2	6.642517E0	3.031102E-1	7.398749E0
7.600000E2	6.637712E0	3.031102E-1	7.130257E0
7.610000E2	6.632908E0	3.031102E-1	5.887461E0
7.620000E2	6.628104E0	3.031102E-1	6.891836E0
7.630000E2	6.623300E0	3.031102E-1	6.222341E0
7.640000E2	6.618496E0	3.031102E-1	6.089596E0
7.650000E2	6.613692E0	3.031102E-1	6.038015E0
7.660000E2	6.608888E0	3.031102E-1	7.547669E0
7.670000E2	6.604083E0	3.031102E-1	9.317372E0
7.680000E2	6.599279E0	3.031102E-1	7.558375E0
7.690000E2	6.594475E0	3.031102E-1	7.426622E0
7.700000E2	6.589671E0	3.031102E-1	7.066665E0
7.710000E2	6.584867E0	3.031102E-1	6.203857E0
7.720000E2	6.580063E0	3.031102E-1	6.037633E0
7.730000E2	6.575259E0	3.031102E-1	6.520804E0
7.740000E2	6.570454E0	3.031102E-1	5.829385E0
7.750000E2	6.565650E0	3.031102E-1	6.998049E0
7.760000E2	6.560846E0	3.031102E-1	7.584534E0
7.770000E2	6.556042E0	3.031102E-1	7.328641E0
7.780000E2	6.551238E0	3.031102E-1	7.863489E0
7.790000E2	6.546434E0	3.031102E-1	7.944605E0
7.800000E2	6.541630E0	3.031102E-1	6.770791E0
7.810000E2	6.536826E0	3.031102E-1	5.990126E0
7.820000E2	6.532021E0	3.031102E-1	7.144902E0
7.830000E2	6.527217E0	3.031102E-1	6.966679E0
7.840000E2	6.522413E0	3.031102E-1	6.769421E0
7.850000E2	6.517609E0	3.031102E-1	7.037015E0
7.860000E2	6.512805E0	3.031102E-1	6.070564E0
7.870000E2	6.508001E0	3.031102E-1	7.056968E0
7.880000E2	6.503197E0	3.031102E-1	7.367879E0
7.890000E2	6.498392E0	3.031102E-1	7.241174E0
7.900000E2	6.493588E0	3.031102E-1	7.585550E0
7.910000E2	6.488784E0	3.031102E-1	7.645780E0
7.920000E2	6.483980E0	3.031102E-1	7.273775E0
7.930000E2	6.479176E0	3.031102E-1	7.044565E0
7.940000E2	6.474372E0	3.031102E-1	7.137614E0
7.950000E2	6.469568E0	3.031102E-1	6.768451E0
7.960000E2	6.464763E0	3.031102E-1	6.387804E0
7.970000E2	6.459959E0	3.031102E-1	6.127731E0
7.980000E2	6.455155E0	3.031102E-1	7.004151E0
7.990000E2	6.450351E0	3.031102E-1	6.181964E0
8.000000E2	6.445547E0	3.031102E-1	5.661591E0
8.010000E2	6.440743E0	3.031102E-1	5.496926E0
8.020000E2	6.435939E0	3.031102E-1	6.497901E0
8.030000E2	6.431134E0	3.031102E-1	6.757418E0
8.040000E2	6.426330E0	3.031102E-1	6.233452E0
8.050000E2	6.421526E0	3.031102E-1	6.054778E0
8.060000E2	6.416722E0	3.031102E-1	6.451401E0
8.070000E2	6.411918E0	3.031102E-1	6.605564E0
8.080000E2	6.407114E0	3.031102E-1	6.464688E0
8.090000E2	6.402310E0	3.031102E-1	7.271456E0
8.100000E2	6.397505E0	3.031102E-1	6.096912E0
8.110000E2	6.392701E0	3.031102E-1	6.161298E0
8.120000E2	6.387897E0	3.031102E-1	6.689962E0
8.130000E2	6.383093E0	3.031102E-1	7.336885E0
8.140000E2	6.378289E0	3.031102E-1	8.035041E0
8.150000E2	6.373485E0	3.031102E-1	8.822377E0
8.160000E2	6.368681E0	3.031102E-1	7.883088E0
8.170000E2	6.363876E0	3.031102E-1	6.530859E0
8.180000E2	6.359072E0	3.031102E-1	7.092947E0
8.190000E2	6.354268E0	3.031102E-1	6.943606E0
8.200000E2	6.349464E0	3.031102E-1	6.444263E0
8.210000E2	6.344660E0	3.031102E-1	7.589395E0
8.220000E2	6.339856E0	3.031102E-1	7.413664E0
8.230000E2	6.335052E0	3.031102E-1	6.559015E0
8.240000E2	6.330247E0	3.031102E-1	6.340794E0
8.250000E2	6.325443E0	3.031102E-1	6.735813E0
8.260000E2	6.320639E0	3.031102E-1	6.611405E0
8.270000E2	6.315835E0	3.031102E-1	7.179293E0
8.280000E2	6.311031E0	3.031102E-1	6.144676E0
8.290000E2	6.306227E0	3.031102E-1	7.061290E0
8.300000E2	6.301423E0	3.031102E-1	8.034937E0
8.310000E2	6.296618E0	3.031102E-1	5.955484E0
8.320000E2	6.291814E0	3.031102E-1	6.438761E0
8.330000E2	6.287010E0	3.031102E-1	7.178752E0
8.340000E2	6.282206E0	3.031102E-1	8.384696E0
8.350000E2	6.277402E0	3.031102E-1	7.600532E0
8.360000E2	6.272598E0	3.031102E-1	7.499224E0
8.370000E2	6.267794E0	3.031102E-1	6.903930E0
8.380000E2	6.262990E0	3.031102E-1	6.815594E0
8.390000E2	6.258185E0	3.031102E-1	6.536726E0
8.400000E2	6.253381E0	3.031102E-1	7.072010E0
8.410000E2	6.248577E0	3.031102E-1	7.595959E0
8.420000E2	6.243773E0	3.031102E-1	9.222143E0
8.430000E2	6.238969E0	3.031102E-1	7.958961E0
8.440000E2	6.234165E0	3.031102E-1	8.159957E0
8.450000E2	6.229361E0	3.031102E-1	7.700827E0
8.460000E2	6.224556E0	3.031102E-1	6.989180E0
8.470000E2	6.219752E0	3.031102E-1	6.440981E0
8.480000E2	6.214948E0	3.031102E-1	6.682712E0
8.490000E2	6.210144E0	3.031102E-1	7.131563E0
8.500000E2	6.205340E0	3.031102E-1	6.099084E0
8.510000E2	6.200536E0	3.031102E-1	6.163827E0
8.520000E2	6.195732E0	3.031102E-1	7.615465E0
8.530000E2	6.190927E0	3.031102E-1	7.423207E0
8.540000E2	6.186123E0	3.031102E-1	6.459702E0
8.550000E2	6.181319E0	3.031102E-1	6.496280E0
8.560000E2	6.176515E0	3.031102E-1	6.485452E0
8.570000E2	6.171711E0	3.031102E-1	6.548826E0
8.580000E2	6.166907E0	3.031102E-1	7.090061E0
8.590000E2	6.162103E0	3.031102E-1	8.494745E0
8.600000E2	6.157298E0	3.031102E-1	8.150682E0
8.610000E2	6.152494E0	3.031102E-1	6.624081E0
8.620000E2	6.147690E0	3.031102E-1	6.217304E0
8.630000E2	6.142886E0	3.031102E-1	4.998590E0
8.640000E2	6.138082E0	3.031102E-1	4.852328E0
8.650000E2	6.133278E0	3.031102E-1	5.813419E0
8.660000E2	6.128474E0	3.031102E-1	5.594068E0
8.670000E2	6.123669E0	3.031102E-1	6.112486E0
8.680000E2	6.118865E0	3.031102E-1	6.374527E0
8.690000E2	6.114061E0	3.031102E-1	7.289428E0
8.700000E2	6.109257E0	3.031102E-1	8.167998E0
8.710000E2	6.104453E0	3.031102E-1	7.744208E0
8.720000E2	6.099649E0	3.031102E-1	5.997517E0
8.730000E2	6.094845E0	3.031102E-1	6.147436E0
8.740000E2	6.090040E0	3.031102E-1	7.287207E0
8.750000E2	6.085236E0	3.031102E-1	7.439976E0
8.760000E2	6.080432E0	3.031102E-1	7.014154E0
8.770000E2	6.075628E0	3.031102E-1	7.551953E0
8.780000E2	6.070824E0	3.031102E-1	7.036741E0
8.790000E2	6.066020E0	3.031102E-1	6.562071E0
8.800000E2	6.061216E0	3.031102E-1	8.680117E0
8.810000E2	6.056411E0	3.031102E-1	6.868097E0
8.820000E2	6.051607E0	3.031102E-1	6.401613E0
8.830000E2	6.046803E0	3.031102E-1	6.466374E0
8.840000E2	6.041999E0	3.031102E-1	7.668463E0
8.850000E2	6.037195E0	3.031102E-1	6.244686E0
8.860000E2	6.032391E0	3.031102E-1	8.455346E0
8.870000E2	6.027587E0	3.031102E-1	8.904488E0
8.880000E2	6.022782E0	3.031102E-1	7.554688E0
8.890000E2	6.017978E0	3.031102E-1	6.811610E0
8.900000E2	6.013174E0	3.031102E-1	7.769324E0
8.910000E2	6.008370E0	3.031102E-1	8.123621E0
8.920000E2	6.003566E0	3.031102E-1	8.483145E0
8.930000E2	5.998762E0	3.031102E-1	6.953205E0
8.940000E2	5.993958E0	3.031102E-1	6.764435E0
8.950000E2	5.989154E0	3.031102E-1	7.393336E0
8.960000E2	5.984349E0	3.031102E-1	7.279635E0
8.970000E2	5.979545E0	3.031102E-1	7.775676E0
8.980000E2	5.974741E0	3.031102E-1	7.572907E0
8.990000E2	5.969937E0	3.031102E-1	7.189450E0
9.000000E2	5.965133E0	3.031102E-1	7.025736E0
9.010000E2	5.960329E0	3.031102E-1	7.384987E0
9.020000E2	5.955525E0	3.031102E-1	7.568178E0
9.030000E2	5.950720E0	3.031102E-1	6.820575E0
9.040000E2	5.945916E0	3.031102E-1	8.248572E0
9.050000E2	5.941112E0	3.031102E-1	7.953673E0
9.060000E2	5.936308E0	3.031102E-1	8.035139E0
9.070000E2	5.931504E0	3.031102E-1	8.181696E0
9.080000E2	5.926700E0	3.031102E-1	7.823010E0
9.090000E2	5.921896E0	3.031102E-1	8.290699E0
9.100000E2	5.917091E0	3.031102E-1	7.987297E0
9.110000E2	5.912287E0	3.031102E-1	7.781585E0
9.120000E2	5.907483E0	3.031102E-1	8.185459E0
9.130000E2	5.902679E0	3.031102E-1	7.874064E0
9.140000E2	5.897875E0	3.031102E-1	9.293339E0
9.150000E2	5.893071E0	3.031102E-1	8.614623E0
9.160000E2	5.888267E0	3.031102E-1	7.668587E0
9.170000E2	5.883462E0	3.031102E-1	8.316629E0
9.180000E2	5.878658E0	3.031102E-1	8.481540E0
9.190000E2	5.873854E0	3.031102E-1	7.517761E0
9.200000E2	5.869050E0	3.031102E-1	7.242534E0
9.210000E2	5.864246E0	3.031102E-1	7.149981E0
9.220000E2	5.859442E0	3.031102E-1	7.058615E0
9.230000E2	5.854638E0	3.031102E-1	6.383006E0
9.240000E2	5.849833E0	3.031102E-1	7.168649E0
9.250000E2	5.845029E0	3.031102E-1	7.806580E0
9.260000E2	5.840225E0	3.031102E-1	7.722508E0
9.270000E2	5.835421E0	3.031102E-1	7.959909E0
9.280000E2	5.830617E0	3.031102E-1	8.871025E0
9.290000E2	5.825813E0	3.031102E-1	8.317711E0
9.300000E2	5.821009E0	3.031102E-1	7.578480E0
9.310000E2	5.816204E0	3.031102E-1	7.512345E0
9.320000E2	5.811400E0	3.031102E-1	8.440684E0
9.330000E2	5.806596E0	3.031102E-1	8.360849E0
9.340000E2	5.801792E0	3.031102E-1	9.090310E0
9.350000E2	5.796988E0	3.031102E-1	8.232685E0
9.360000E2	5.792184E0	3.031102E-1	8.093483E0
9.370000E2	5.787380E0	3.031102E-1	8.219932E0
9.380000E2	5.782575E0	3.031102E-1	8.353399E0
9.390000E2	5.777771E0	3.031102E-1	8.154215E0
9.400000E2	5.772967E0	3.031102E-1	7.400014E0
9.410000E2	5.768163E0	3.031102E-1	7.977033E0
9.420000E2	5.763359E0	3.031102E-1	8.456494E0
9.430000E2	5.758555E0	3.031102E-1	7.381939E0
9.440000E2	5.753751E0	3.031102E-1	8.191445E0
9.450000E2	5.748946E0	3.031102E-1	8.589345E0
9.460000E2	5.744142E0	3.031102E-1	8.480973E0
9.470000E2	5.739338E0	3.031102E-1	8.402356E0
9.480000E2	5.734534E0	3.031102E-1	8.399812E0
9.490000E2	5.729730E0	3.031102E-1	9.687706E0
9.500000E2	5.724926E0	3.031102E-1	9.107567E0
9.510000E2	5.720122E0	3.031102E-1	8.955694E0
9.520000E2	5.715318E0	3.031102E-1	7.457334E0
9.530000E2	5.710513E0	3.031102E-1	7.701877E0
9.540000E2	5.705709E0	3.031102E-1	7.584408E0
9.550000E2	5.700905E0	3.031102E-1	8.191382E0
9.560000E2	5.696101E0	3.031102E-1	6.972861E0
9.570000E2	5.691297E0	3.031102E-1	6.955710E0
9.580000E2	5.686493E0	3.031102E-1	7.906139E0
9.590000E2	5.681689E0	3.031102E-1	7.607006E0
9.600000E2	5.676884E0	3.031102E-1	6.879500E0
9.610000E2	5.672080E0	3.031102E-1	6.940365E0
9.620000E2	5.667276E0	3.031102E-1	7.347479E0
9.630000E2	5.662472E0	3.031102E-1	8.312580E0
9.640000E2	5.657668E0	3.031102E-1	7.397149E0
9.650000E2	5.652864E0	3.031102E-1	7.977526E0
9.660000E2	5.648060E0	3.031102E-1	9.574135E0
9.670000E2	5.643255E0	3.031102E-1	9.325190E0
9.680000E2	5.638451E0	3.031102E-1	8.754218E0
9.690000E2	5.633647E0	3.031102E-1	8.292461E0
9.700000E2	5.628843E0	3.031102E-1	9.040259E0
9.710000E2	5.624039E0	3.031102E-1	7.798124E0
9.720000E2	5.619235E0	3.031102E-1	8.247662E0
9.730000E2	5.614431E0	3.031102E-1	7.720897E0
9.740000E2	5.609626E0	3.031102E-1	9.646076E0
9.750000E2	5.604822E0	3.031102E-1	9.360742E0
9.760000E2	5.600018E0	3.031102E-1	9.505245E0
9.770000E2	5.595214E0	3.031102E-1	8.364279E0
9.780000E2	5.590410E0	3.031102E-1	7.906370E0
9.790000E2	5.585606E0	3.031102E-1	8.050568E0
9.800000E2	5.580802E0	3.031102E-1	8.861785E0
9.810000E2	5.575997E0	3.031102E-1	8.118844E0
9.820000E2	5.571193E0	3.031102E-1	9.326271E0
9.830000E2	5.566389E0	3.031102E-1	8.869550E0
9.840000E2	5.561585E0	3.031102E-1	7.667415E0
9.850000E2	5.556781E0	3.031102E-1	8.697889E0
9.860000E2	5.551977E0	3.031102E-1	8.889571E0
9.870000E2	5.547173E0	3.031102E-1	7.627292E0
9.880000E2	5.542368E0	3.031102E-1	8.860170E0
9.890000E2	5.537564E0	3.031102E-1	9.411819E0
9.900000E2	5.532760E0	3.031102E-1	8.981159E0
9.910000E2	5.527956E0	3.031102E-1	1.019279E1
9.920000E2	5.523152E0	3.031102E-1	9.254348E0
9.930000E2	5.518348E0	3.031102E-1	8.312529E0
9.940000E2	5.513544E0	3.031102E-1	8.514486E0
9.950000E2	5.508739E0	3.031102E-1	7.933539E0
9.960000E2	5.503935E0	3.031102E-1	7.956426E0
9.970000E2	5.499131E0	3.031102E-1	8.716854E0
9.980000E2	5.494327E0	3.031102E-1	8.618378E0
9.990000E2	5.489523E0	3.031102E-1	9.394040E0
1.000000E3	5.484719E0	3.031102E-1	8.057844E0
1.001000E3	5.479915E0	3.031102E-1	8.116661E0
1.002000E3	5.475111E0	3.031102E-1	8.679928E0
1.003000E3	5.470306E0	3.031102E-1	9.267800E0
1.004000E3	5.465502E0	3.031102E-1	8.834828E0
1.005000E3	5.460698E0	3.031102E-1	8.735934E0
1.006000E3	5.455894E0	3.031102E-1	8.064949E0
1.007000E3	5.451090E0	3.031102E-1	9.554672E0
1.008000E3	5.446286E0	3.031102E-1	9.355757E0
1.009000E3	5.441482E0	3.031102E-1	8.466218E0
1.010000E3	5.436677E0	3.031102E-1	9.607815E0
1.011000E3	5.431873E0	3.031102E-1	9.848467E0
1.012000E3	5.427069E0	3.031102E-1	8.588992E0
1.013000E3	5.422265E0	3.031102E-1	9.319637E0
1.014000E3	5.417461E0	3.031102E-1	8.382635E0
1.015000E3	5.412657E0	3.031102E-1	8.313787E0
1.016000E3	5.407853E0	3.031102E-1	1.013426E1
1.017000E3	5.403048E0	3.031102E-1	9.151091E0
1.018000E3	5.398244E0	3.031102E-1	7.690127E0
1.019000E3	5.393440E0	3.031102E-1	9.539563E0
1.020000E3	5.388636E0	3.031102E-1	9.970665E0
1.021000E3	5.383832E0	3.031102E-1	9.285645E0
1.022000E3	5.379028E0	3.031102E-1	9.139435E0
1.023000E3	5.374224E0	3.031102E-1	7.973923E0
1.024000E3	5.369419E0	3.031102E-1	8.232934E0
1.025000E3	5.364615E0	3.031102E-1	9.091157E0
1.026000E3	5.359811E0	3.031102E-1	6.185989E0
1.027000E3	5.355007E0	3.031102E-1	7.754882E0
1.028000E3	5.350203E0	3.031102E-1	7.834802E0
1.029000E3	5.345399E0	3.031102E-1	7.481345E0
1.030000E3	5.340595E0	3.031102E-1	7.359227E0
1.031000E3	5.335790E0	3.031102E-1	7.730539E0
1.032000E3	5.330986E0	3.031102E-1	7.916424E0
1.033000E3	5.326182E0	3.031102E-1	8.396364E0
1.034000E3	5.321378E0	3.031102E-1	8.663614E0
1.035000E3	5.316574E0	3.031102E-1	8.754356E0
1.036000E3	5.311770E0	3.031102E-1	9.777723E0
1.037000E3	5.306966E0	3.031102E-1	1.004695E1
1.038000E3	5.302161E0	3.031102E-1	9.030814E0
1.039000E3	5.297357E0	3.031102E-1	8.014912E0
1.040000E3	5.292553E0	3.031102E-1	7.313548E0
1.041000E3	5.287749E0	3.031102E-1	6.343715E0
1.042000E3	5.282945E0	3.031102E-1	8.263780E0
1.043000E3	5.278141E0	3.031102E-1	8.305648E0
1.044000E3	5.273337E0	3.031102E-1	8.288795E0
1.045000E3	5.268532E0	3.031102E-1	9.949838E0
1.046000E3	5.263728E0	3.031102E-1	8.408150E0
1.047000E3	5.258924E0	3.031102E-1	7.702259E0
1.048000E3	5.254120E0	3.031102E-1	7.491816E0
1.049000E3	5.249316E0	3.031102E-1	6.605181E0
1.050000E3	5.244512E0	3.031102E-1	8.869427E0
1.051000E3	5.239708E0	3.031102E-1	8.785653E0
1.052000E3	5.234903E0	3.031102E-1	8.260526E0
1.053000E3	5.230099E0	3.031102E-1	7.447323E0
1.054000E3	5.225295E0	3.031102E-1	7.501059E0
1.055000E3	5.220491E0	3.031102E-1	7.570766E0
1.056000E3	5.215687E0	3.031102E-1	8.305674E0
1.057000E3	5.210883E0	3.031102E-1	7.103470E0
1.058000E3	5.206079E0	3.031102E-1	6.693927E0
1.059000E3	5.201275E0	3.031102E-1	7.160784E0
1.060000E3	5.196470E0	3.031102E-1	6.540291E0
1.061000E3	5.191666E0	3.031102E-1	6.791257E0
1.062000E3	5.186862E0	3.031102E-1	8.487280E0
1.063000E3	5.182058E0	3.031102E-1	9.865231E0
1.064000E3	5.177254E0	3.031102E-1	9.433315E0
1.065000E3	5.172450E0	3.031102E-1	8.615502E0
1.066000E3	5.167646E0	3.031102E-1	8.494639E0
1.067000E3	5.162841E0	3.031102E-1	9.916467E0
1.068000E3	5.158037E0	3.031102E-1	9.514672E0
1.069000E3	5.153233E0	3.031102E-1	8.193918E0
1.070000E3	5.148429E0	3.031102E-1	7.670833E0
1.071000E3	5.143625E0	3.031102E-1	7.417569E0
1.072000E3	5.138821E0	3.031102E-1	8.272739E0
1.073000E3	5.134017E0	3.031102E-1	9.125681E0
1.074000E3	5.129212E0	3.031102E-1	9.269648E0
1.075000E3	5.124408E0	3.031102E-1	9.076297E0
1.076000E3	5.119604E0	3.031102E-1	7.550814E0
1.077000E3	5.114800E0	3.031102E-1	8.260949E0
1.078000E3	5.109996E0	3.031102E-1	9.172763E0
1.079000E3	5.105192E0	3.031102E-1	8.056376E0
1.080000E3	5.100388E0	3.031102E-1	8.445210E0
1.081000E3	5.095583E0	3.031102E-1	8.779363E0
1.082000E3	5.090779E0	3.031102E-1	8.884306E0
1.083000E3	5.085975E0	3.031102E-1	9.337373E0
1.084000E3	5.081171E0	3.031102E-1	8.872569E0
1.085000E3	5.076367E0	3.031102E-1	9.141473E0
1.086000E3	5.071563E0	3.031102E-1	1.033718E1
1.087000E3	5.066759E0	3.031102E-1	9.909940E0
1.088000E3	5.061954E0	3.031102E-1	9.308897E0
1.089000E3	5.057150E0	3.031102E-1	8.890078E0
1.090000E3	5.052346E0	3.031102E-1	8.637144E0
1.091000E3	5.047542E0	3.031102E-1	1.036289E1
1.092000E3	5.042738E0	3.031102E-1	1.005300E1
1.093000E3	5.037934E0	3.031102E-1	9.669893E0
1.094000E3	5.033130E0	3.031102E-1	7.988478E0
1.095000E3	5.028325E0	3.031102E-1	7.508041E0
1.096000E3	5.023521E0	3.031102E-1	7.896255E0
1.097000E3	5.018717E0	3.031102E-1	8.180320E0
1.098000E3	5.013913E0	3.031102E-1	8.974762E0
1.099000E3	5.009109E0	3.031102E-1	8.500373E0
1.100000E3	5.004305E0	3.031102E-1	8.684079E0
1.101000E3	4.999501E0	3.031102E-1	1.064412E1
1.102000E3	4.994696E0	3.031102E-1	1.050722E1
1.103000E3	4.989892E0	3.031102E-1	1.078500E1
1.104000E3	4.985088E0	3.031102E-1	1.092463E1
1.105000E3	4.980284E0	3.031102E-1	9.619161E0
1.106000E3	4.975480E0	3.031102E-1	1.061973E1
1.107000E3	4.970676E0	3.031102E-1	1.168776E1
1.108000E3	4.965872E0	3.031102E-1	1.058709E1
1.109000E3	4.961067E0	3.031102E-1	9.469766E0
1.110000E3	4.956263E0	3.031102E-1	9.809469E0
1.111000E3	4.951459E0	3.031102E-1	9.593337E0
1.112000E3	4.946655E0	3.031102E-1	8.724907E0
1.113000E3	4.941851E0	3.031102E-1	8.600666E0
1.114000E3	4.937047E0	3.031102E-1	8.842262E0
1.115000E3	4.932243E0	3.031102E-1	8.919706E0
1.116000E3	4.927439E0	3.031102E-1	9.473268E0
1.117000E3	4.922634E0	3.031102E-1	9.562709E0
1.118000E3	4.917830E0	3.031102E-1	1.024623E1
1.119000E3	4.913026E0	3.031102E-1	9.688914E0
1.120000E3	4.908222E0	3.031102E-1	1.142417E1
1.121000E3	4.903418E0	3.031102E-1	1.074046E1
1.122000E3	4.898614E0	3.031102E-1	1.039102E1
1.123000E3	4.893810E0	3.031102E-1	1.016510E1
1.124000E3	4.889005E0	3.031102E-1	9.922688E0
1.125000E3	4.884201E0	3.031102E-1	1.082457E1
1.126000E3	4.879397E0	3.031102E-1	1.085559E1
1.127000E3	4.874593E0	3.031102E-1	9.108042E0
1.128000E3	4.869789E0	3.031102E-1	8.648535E0
1.129000E3	4.864985E0	3.031102E-1	7.969952E0
1.130000E3	4.860181E0	3.031102E-1	8.762663E0
1.131000E3	4.855376E0	3.031102E-1	9.268474E0
1.132000E3	4.850572E0	3.031102E-1	9.117637E0
1.133000E3	4.845768E0	3.031102E-1	8.316683E0
1.134000E3	4.840964E0	3.031102E-1	8.324944E0
1.135000E3	4.836160E0	3.031102E-1	8.653605E0
1.136000E3	4.831356E0	3.031102E-1	1.058954E1
1.137000E3	4.826552E0	3.031102E-1	9.148605E0
1.138000E3	4.821747E0	3.031102E-1	8.467686E0
1.139000E3	4.816943E0	3.031102E-1	9.445025E0
1.140000E3	4.812139E0	3.031102E-1	1.005756E1
1.141000E3	4.807335E0	3.031102E-1	1.056387E1
1.142000E3	4.802531E0	3.031102E-1	1.074379E1
1.143000E3	4.797727E0	3.031102E-1	9.319650E0
1.144000E3	4.792923E0	3.031102E-1	1.135413E1
1.145000E3	4.788118E0	3.031102E-1	1.119876E1
1.146000E3	4.783314E0	3.031102E-1	1.123240E1
1.147000E3	4.778510E0	3.031102E-1	1.011170E1
1.148000E3	4.773706E0	3.031102E-1	9.213063E0
1.149000E3	4.768902E0	3.031102E-1	1.039225E1
1.150000E3	4.764098E0	3.031102E-1	1.002630E1
1.151000E3	4.759294E0	3.031102E-1	1.105406E1
1.152000E3	4.754489E0	3.031102E-1	1.015734E1
1.153000E3	4.749685E0	3.031102E-1	9.010460E0
1.154000E3	4.744881E0	3.031102E-1	8.936144E0
1.155000E3	4.740077E0	3.031102E-1	9.795263E0
1.156000E3	4.735273E0	3.031102E-1	9.626704E0
1.157000E3	4.730469E0	3.031102E-1	9.932384E0
1.158000E3	4.725665E0	3.031102E-1	9.547772E0
1.159000E3	4.720860E0	3.031102E-1	9.341577E0
1.160000E3	4.716056E0	3.031102E-1	9.342500E0
1.161000E3	4.711252E0	3.031102E-1	1.007057E1
1.162000E3	4.706448E0	3.031102E-1	1.091036E1
1.163000E3	4.701644E0	3.031102E-1	1.043900E1
1.164000E3	4.696840E0	3.031102E-1	9.117854E0
1.165000E3	4.692036E0	3.031102E-1	1.003242E1
1.166000E3	4.687232E0	3.031102E-1	1.095751E1
1.167000E3	4.682427E0	3.031102E-1	1.031794E1
1.168000E3	4.677623E0	3.031102E-1	1.009323E1
1.169000E3	4.672819E0	3.031102E-1	1.031780E1
1.170000E3	4.668015E0	3.031102E-1	1.190806E1
1.171000E3	4.663211E0	3.031102E-1	9.657652E0
1.172000E3	4.658407E0	3.031102E-1	8.416608E0
1.173000E3	4.653603E0	3.031102E-1	8.402663E0
1.174000E3	4.648798E0	3.031102E-1	9.462841E0
1.175000E3	4.643994E0	3.031102E-1	9.483415E0
1.176000E3	4.639190E0	3.031102E-1	8.723345E0
1.177000E3	4.634386E0	3.031102E-1	9.284630E0
1.178000E3	4.629582E0	3.031102E-1	1.009579E1
1.179000E3	4.624778E0	3.031102E-1	1.050399E1
1.180000E3	4.619974E0	3.031102E-1	1.069571E1
1.181000E3	4.615169E0	3.031102E-1	1.097479E1
1.182000E3	4.610365E0	3.031102E-1	9.371958E0
1.183000E3	4.605561E0	3.031102E-1	9.663180E0
1.184000E3	4.600757E0	3.031102E-1	9.964880E0
1.185000E3	4.595953E0	3.031102E-1	1.044300E1
1.186000E3	4.591149E0	3.031102E-1	9.944307E0
1.187000E3	4.586345E0	3.031102E-1	1.123197E1
1.188000E3	4.581540E0	3.031102E-1	1.166018E1
1.189000E3	4.576736E0	3.031102E-1	1.121629E1
1.190000E3	4.571932E0	3.031102E-1	9.614617E0
1.191000E3	4.567128E0	3.031102E-1	9.244792E0
1.192000E3	4.562324E0	3.031102E-1	1.042762E1
1.193000E3	4.557520E0	3.031102E-1	9.855081E0
1.194000E3	4.552716E0	3.031102E-1	9.816038E0
1.195000E3	4.547911E0	3.031102E-1	9.091050E0
1.196000E3	4.543107E0	3.031102E-1	7.910097E0
1.197000E3	4.538303E0	3.031102E-1	9.904106E0
1.198000E3	4.533499E0	3.031102E-1	1.093336E1
1.199000E3	4.528695E0	3.031102E-1	1.131914E1
1.200000E3	4.523891E0	3.031102E-1	1.115073E1
1.201000E3	4.519087E0	3.031102E-1	1.011738E1
1.202000E3	4.514282E0	3.031102E-1	9.603431E0
1.203000E3	4.509478E0	3.031102E-1	8.814614E0
1.204000E3	4.504674E0	3.031102E-1	1.016913E1
1.205000E3	4.499870E0	3.031102E-1	1.029725E1
1.206000E3	4.495066E0	3.031102E-1	1.030893E1
1.207000E3	4.490262E0	3.031102E-1	9.571175E0
1.208000E3	4.485458E0	3.031102E-1	9.973924E0
1.209000E3	4.480653E0	3.031102E-1	9.749208E0
1.210000E3	4.475849E0	3.031102E-1	9.702234E0
1.211000E3	4.471045E0	3.031102E-1	1.114663E1
1.212000E3	4.466241E0	3.031102E-1	1.098063E1
1.213000E3	4.461437E0	3.031102E-1	1.109210E1
1.214000E3	4.456633E0	3.031102E-1	1.078911E1
1.215000E3	4.451829E0	3.031102E-1	9.962006E0
1.216000E3	4.447024E0	3.031102E-1	9.193461E0
1.217000E3	4.442220E0	3.031102E-1	9.755554E0
1.218000E3	4.437416E0	3.031102E-1	1.057353E1
1.219000E3	4.432612E0	3.031102E-1	1.042422E1
1.220000E3	4.427808E0	3.031102E-1	1.052771E1
1.221000E3	4.423004E0	3.031102E-1	1.134679E1
1.222000E3	4.418200E0	3.031102E-1	1.214997E1
1.223000E3	4.413396E0	3.031102E-1	1.356036E1
1.224000E3	4.408591E0	3.031102E-1	1.249572E1
1.225000E3	4.403787E0	3.031102E-1	1.124593E1
1.226000E3	4.398983E0	3.031102E-1	1.211147E1
1.227000E3	4.394179E0	3.031102E-1	1.196480E1
1.228000E3	4.389375E0	3.031102E-1	1.094494E1
1.229000E3	4.384571E0	3.031102E-1	1.126338E1
1.230000E3	4.379767E0	3.031102E-1	1.134273E1
1.231000E3	4.374962E0	3.031102E-1	1.206673E1
1.232000E3	4.370158E0	3.031102E-1	1.088279E1
1.233000E3	4.365354E0	3.031102E-1	1.028124E1
1.234000E3	4.360550E0	3.031102E-1	1.081319E1
1.235000E3	4.355746E0	3.031102E-1	1.054275E1
1.236000E3	4.350942E0	3.031102E-1	1.192280E1
1.237000E3	4.346138E0	3.031102E-1	1.170217E1
1.238000E3	4.341333E0	3.031102E-1	1.190511E1
1.239000E3	4.336529E0	3.031102E-1	1.123812E1
1.240000E3	4.331725E0	3.031102E-1	1.178710E1
1.241000E3	4.326921E0	3.031102E-1	1.126203E1
1.242000E3	4.322117E0	3.031102E-1	9.777323E0
1.243000E3	4.317313E0	3.031102E-1	9.653526E0
1.244000E3	4.312509E0	3.031102E-1	1.056026E1
1.245000E3	4.307704E0	3.031102E-1	1.015341E1
1.246000E3	4.302900E0	3.031102E-1	9.425520E0
1.247000E3	4.298096E0	3.031102E-1	9.239017E0
1.248000E3	4.293292E0	3.031102E-1	1.060618E1
1.249000E3	4.288488E0	3.031102E-1	1.107590E1
1.250000E3	4.283684E0	3.031102E-1	9.657354E0
1.251000E3	4.278880E0	3.031102E-1	1.020209E1
1.252000E3	4.274075E0	3.031102E-1	8.529971E0
1.253000E3	4.269271E0	3.031102E-1	8.398464E0
1.254000E3	4.264467E0	3.031102E-1	9.852003E0
1.255000E3	4.259663E0	3.031102E-1	9.777051E0
1.256000E3	4.254859E0	3.031102E-1	9.885932E0
1.257000E3	4.250055E0	3.031102E-1	9.224909E0
1.258000E3	4.245251E0	3.031102E-1	1.118234E1
1.259000E3	4.240446E0	3.031102E-1	1.185230E1
1.260000E3	4.235642E0	3.031102E-1	1.178224E1
1.261000E3	4.230838E0	3.031102E-1	1.228868E1
1.262000E3	4.226034E0	3.031102E-1	1.252881E1
1.263000E3	4.221230E0	3.031102E-1	1.321238E1
1.264000E3	4.216426E0	3.031102E-1	1.290178E1
1.265000E3	4.211622E0	3.031102E-1	1.082397E1
1.266000E3	4.206817E0	3.031102E-1	1.243474E1
1.267000E3	4.202013E0	3.031102E-1	1.204975E1
1.268000E3	4.197209E0	3.031102E-1	1.257288E1
1.269000E3	4.192405E0	3.031102E-1	1.208393E1
1.270000E3	4.187601E0	3.031102E-1	1.330014E1
1.271000E3	4.182797E0	3.031102E-1	1.367948E1
1.272000E3	4.177993E0	3.031102E-1	1.232273E1
1.273000E3	4.173188E0	3.031102E-1	1.045148E1
1.274000E3	4.168384E0	3.031102E-1	1.160459E1
1.275000E3	4.163580E0	3.031102E-1	1.173867E1
1.276000E3	4.158776E0	3.031102E-1	1.112371E1
1.277000E3	4.153972E0	3.031102E-1	1.226656E1
1.278000E3	4.149168E0	3.031102E-1	1.192161E1
1.279000E3	4.144364E0	3.031102E-1	1.217617E1
1.280000E3	4.139560E0	3.031102E-1	1.375503E1
1.281000E3	4.134755E0	3.031102E-1	1.302107E1
1.282000E3	4.129951E0	3.031102E-1	1.294402E1
1.283000E3	4.125147E0	3.031102E-1	1.344700E1
1.284000E3	4.120343E0	3.031102E-1	1.406419E1
1.285000E3	4.115539E0	3.031102E-1	1.443539E1
1.286000E3	4.110735E0	3.031102E-1	1.354321E1
1.287000E3	4.105931E0	3.031102E-1	1.399637E1
1.288000E3	4.101126E0	3.031102E-1	1.286257E1
1.289000E3	4.096322E0	3.031102E-1	1.256521E1
1.290000E3	4.091518E0	3.031102E-1	1.274220E1
1.291000E3	4.086714E0	3.031102E-1	1.236912E1
1.292000E3	4.081910E0	3.031102E-1	1.354740E1
1.293000E3	4.077106E0	3.031102E-1	1.345719E1
1.294000E3	4.072302E0	3.031102E-1	1.081598E1
1.295000E3	4.067497E0	3.031102E-1	1.324535E1
1.296000E3	4.062693E0	3.031102E-1	1.357017E1
1.297000E3	4.057889E0	3.031102E-1	1.371938E1
1.298000E3	4.053085E0	3.031102E-1	1.377646E1
1.299000E3	4.048281E0	3.031102E-1	1.317799E1
1.300000E3	4.043477E0	3.031102E-1	1.344979E1
1.301000E3	4.038673E0	3.031102E-1	1.373913E1
1.302000E3	4.033868E0	3.031102E-1	1.442339E1
1.303000E3	4.029064E0	3.031102E-1	1.521208E1
1.304000E3	4.024260E0	3.031102E-1	1.399173E1
1.305000E3	4.019456E0	3.031102E-1	1.339161E1
1.306000E3	4.014652E0	3.031102E-1	1.161207E1
1.307000E3	4.009848E0	3.031102E-1	1.156730E1
1.308000E3	4.005044E0	3.031102E-1	1.230309E1
1.309000E3	4.000239E0	3.031102E-1	1.280368E1
1.310000E3	3.995435E0	3.031102E-1	1.179658E1
1.311000E3	3.990631E0	3.031102E-1	1.152798E1
1.312000E3	3.985827E0	3.031102E-1	1.096555E1
1.313000E3	3.981023E0	3.031102E-1	1.138595E1
1.314000E3	3.976219E0	3.031102E-1	1.257842E1
1.315000E3	3.971415E0	3.031102E-1	1.308522E1
1.316000E3	3.966610E0	3.031102E-1	1.226768E1
1.317000E3	3.961806E0	3.031102E-1	1.433460E1
1.318000E3	3.957002E0	3.031102E-1	1.385144E1
1.319000E3	3.952198E0	3.031102E-1	1.232898E1
1.320000E3	3.947394E0	3.031102E-1	1.291782E1
1.321000E3	3.942590E0	3.031102E-1	1.183289E1
1.322000E3	3.937786E0	3.031102E-1	1.135522E1
1.323000E3	3.932981E0	3.031102E-1	1.146538E1
1.324000E3	3.928177E0	3.031102E-1	1.219944E1
1.325000E3	3.923373E0	3.031102E-1	1.272915E1
1.326000E3	3.918569E0	3.031102E-1	1.519554E1
1.327000E3	3.913765E0	3.031102E-1	1.495320E1
1.328000E3	3.908961E0	3.031102E-1	1.301746E1
1.329000E3	3.904157E0	3.031102E-1	1.499475E1
1.330000E3	3.899352E0	3.031102E-1	1.412684E1
1.331000E3	3.894548E0	3.031102E-1	1.391644E1
1.332000E3	3.889744E0	3.031102E-1	1.299479E1
1.333000E3	3.884940E0	3.031102E-1	1.311394E1
1.334000E3	3.880136E0	3.031102E-1	1.267609E1
1.335000E3	3.875332E0	3.031102E-1	1.334845E1
1.336000E3	3.870528E0	3.031102E-1	1.318090E1
1.337000E3	3.865724E0	3.031102E-1	1.276870E1
1.338000E3	3.860919E0	3.031102E-1	1.390737E1
1.339000E3	3.856115E0	3.031102E-1	1.441722E1
1.340000E3	3.851311E0	3.031102E-1	1.336680E1
1.341000E3	3.846507E0	3.031102E-1	1.216429E1
1.342000E3	3.841703E0	3.031102E-1	1.277877E1
1.343000E3	3.836899E0	3.031102E-1	1.293316E1
1.344000E3	3.832095E0	3.031102E-1	1.273971E1
1.345000E3	3.827290E0	3.031102E-1	1.167489E1
1.346000E3	3.822486E0	3.031102E-1	1.200934E1
1.347000E3	3.817682E0	3.031102E-1	1.238744E1
1.348000E3	3.812878E0	3.031102E-1	1.175418E1
1.349000E3	3.808074E0	3.031102E-1	1.222000E1
1.350000E3	3.803270E0	3.031102E-1	1.377009E1
1.351000E3	3.798466E0	3.031102E-1	1.319784E1
1.352000E3	3.793661E0	3.031102E-1	1.128293E1
1.353000E3	3.788857E0	3.031102E-1	1.079734E1
1.354000E3	3.784053E0	3.031102E-1	1.210230E1
1.355000E3	3.779249E0	3.031102E-1	1.277116E1
1.356000E3	3.774445E0	3.031102E-1	1.252375E1
1.357000E3	3.769641E0	3.031102E-1	1.222115E1
1.358000E3	3.764837E0	3.031102E-1	1.173550E1
1.359000E3	3.760032E0	3.031102E-1	1.186718E1
1.360000E3	3.755228E0	3.031102E-1	1.166740E1
1.361000E3	3.750424E0	3.031102E-1	1.277951E1
1.362000E3	3.745620E0	3.031102E-1	1.402820E1
1.363000E3	3.740816E0	3.031102E-1	1.249084E1
1.364000E3	3.736012E0	3.031102E-1	1.251394E1
1.365000E3	3.731208E0	3.031102E-1	1.309335E1
1.366000E3	3.726403E0	3.031102E-1	1.318515E1
1.367000E3	3.721599E0	3.031102E-1	1.430142E1
1.368000E3	3.716795E0	3.031102E-1	1.279526E1
1.369000E3	3.711991E0	3.031102E-1	1.233972E1
1.370000E3	3.707187E0	3.031102E-1	1.204439E1
1.371000E3	3.702383E0	3.031102E-1	1.211356E1
1.372000E3	3.697579E0	3.031102E-1	1.149559E1
1.373000E3	3.692774E0	3.031102E-1	1.125001E1
1.374000E3	3.687970E0	3.031102E-1	1.187578E1
1.375000E3	3.683166E0	3.031102E-1	1.132915E1
1.376000E3	3.678362E0	3.031102E-1	1.167052E1
1.377000E3	3.673558E0	3.031102E-1	1.090713E1
1.378000E3	3.668754E0	3.031102E-1	1.069613E1
1.379000E3	3.663950E0	3.031102E-1	1.136198E1
1.380000E3	3.659145E0	3.031102E-1	1.013343E1
1.381000E3	3.654341E0	3.031102E-1	1.029482E1
1.382000E3	3.649537E0	3.031102E-1	1.247747E1
1.383000E3	3.644733E0	3.031102E-1	1.281189E1
1.384000E3	3.639929E0	3.031102E-1	1.297427E1
1.385000E3	3.635125E0	3.031102E-1	1.286135E1
1.386000E3	3.630321E0	3.031102E-1	1.237790E1
1.387000E3	3.625517E0	3.031102E-1	1.178765E1
1.388000E3	3.620712E0	3.031102E-1	1.333304E1
1.389000E3	3.615908E0	3.031102E-1	1.275439E1
1.390000E3	3.611104E0	3.031102E-1	1.063600E1
1.391000E3	3.606300E0	3.031102E-1	1.165394E1
1.392000E3	3.601496E0	3.031102E-1	1.097800E1
1.393000E3	3.596692E0	3.031102E-1	1.201757E1
1.394000E3	3.591888E0	3.031102E-1	1.213237E1
1.395000E3	3.587083E0	3.031102E-1	1.248119E1
1.396000E3	3.582279E0	3.031102E-1	1.303138E1
1.397000E3	3.577475E0	3.031102E-1	1.331436E1
1.398000E3	3.572671E0	3.031102E-1	1.407770E1
1.399000E3	3.567867E0	3.031102E-1	1.444011E1
1.400000E3	3.563063E0	3.031102E-1	1.354080E1
1.401000E3	3.558259E0	3.031102E-1	1.415794E1
1.402000E3	3.553454E0	3.031102E-1	1.540922E1
1.403000E3	3.548650E0	3.031102E-1	1.539244E1
1.404000E3	3.543846E0	3.031102E-1	1.537140E1
1.405000E3	3.539042E0	3.031102E-1	1.615755E1
1.406000E3	3.534238E0	3.031102E-1	1.655754E1
1.407000E3	3.529434E0	3.031102E-1	1.591189E1
1.408000E3	3.524630E0	3.031102E-1	1.460177E1
1.409000E3	3.519825E0	3.031102E-1	1.526664E1
1.410000E3	3.515021E0	3.031102E-1	1.514306E1
1.411000E3	3.510217E0	3.031102E-1	1.478774E1
1.412000E3	3.505413E0	3.031102E-1	1.499614E1
1.413000E3	3.500609E0	3.031102E-1	1.473822E1
1.414000E3	3.495805E0	3.031102E-1	1.599947E1
1.415000E3	3.491001E0	3.031102E-1	1.559202E1
1.416000E3	3.486196E0	3.031102E-1	1.577300E1
1.417000E3	3.481392E0	3.031102E-1	1.537700E1
1.418000E3	3.476588E0	3.031102E-1	1.497204E1
1.419000E3	3.471784E0	3.031102E-1	1.515000E1
1.420000E3	3.466980E0	3.031102E-1	1.557637E1
1.421000E3	3.462176E0	3.031102E-1	1.396323E1
1.422000E3	3.457372E0	3.031102E-1	1.417748E1
1.423000E3	3.452567E0	3.031102E-1	1.493719E1
1.424000E3	3.447763E0	3.031102E-1	1.554804E1
1.425000E3	3.442959E0	3.031102E-1	1.729356E1
1.426000E3	3.438155E0	3.031102E-1	1.766598E1
1.427000E3	3.433351E0	3.031102E-1	1.740249E1
1.428000E3	3.428547E0	3.031102E-1	1.707884E1
1.429000E3	3.423743E0	3.031102E-1	1.626868E1
1.430000E3	3.418938E0	3.031102E-1	1.627873E1
1.431000E3	3.414134E0	3.031102E-1	1.589377E1
1.432000E3	3.409330E0	3.031102E-1	1.718566E1
1.433000E3	3.404526E0	3.031102E-1	1.739328E1
1.434000E3	3.399722E0	3.031102E-1	1.773261E1
1.435000E3	3.394918E0	3.031102E-1	1.771036E1
1.436000E3	3.390114E0	3.031102E-1	1.666886E1
1.437000E3	3.385309E0	3.031102E-1	1.666488E1
1.438000E3	3.380505E0	3.031102E-1	1.911898E1
1.439000E3	3.375701E0	3.031102E-1	1.933363E1
1.440000E3	3.370897E0	3.031102E-1	1.853769E1
1.441000E3	3.366093E0	3.031102E-1	1.866312E1
1.442000E3	3.361289E0	3.031102E-1	1.928318E1
1.443000E3	3.356485E0	3.031102E-1	1.901737E1
1.444000E3	3.351681E0	3.031102E-1	1.992029E1
1.445000E3	3.346876E0	3.031102E-1	1.890394E1
1.446000E3	3.342072E0	3.031102E-1	1.940813E1
1.447000E3	3.337268E0	3.031102E-1	1.921312E1
1.448000E3	3.332464E0	3.031102E-1	1.933461E1
1.449000E3	3.327660E0	3.031102E-1	1.706048E1
1.450000E3	3.322856E0	3.031102E-1	1.723028E1
1.451000E3	3.318052E0	3.031102E-1	1.742117E1
1.452000E3	3.313247E0	3.031102E-1	1.650677E1
1.453000E3	3.308443E0	3.031102E-1	1.712493E1
1.454000E3	3.303639E0	3.031102E-1	1.582521E1
1.455000E3	3.298835E0	3.031102E-1	1.704966E1
1.456000E3	3.294031E0	3.031102E-1	1.862629E1
1.457000E3	3.289227E0	3.031102E-1	1.773673E1
1.458000E3	3.284423E0	3.031102E-1	1.845544E1
1.459000E3	3.279618E0	3.031102E-1	1.986737E1
1.460000E3	3.274814E0	3.031102E-1	2.235436E1
1.461000E3	3.270010E0	3.031102E-1	2.165698E1
1.462000E3	3.265206E0	3.031102E-1	2.169942E1
1.463000E3	3.260402E0	3.031102E-1	2.223614E1
1.464000E3	3.255598E0	3.031102E-1	2.186193E1
1.465000E3	3.250794E0	3.031102E-1	2.275484E1
1.466000E3	3.245989E0	3.031102E-1	2.442702E1
1.467000E3	3.241185E0	3.031102E-1	2.397147E1
1.468000E3	3.236381E0	3.031102E-1	2.173628E1
1.469000E3	3.231577E0	3.031102E-1	2.124864E1
1.470000E3	3.226773E0	3.031102E-1	1.951164E1
1.471000E3	3.221969E0	3.031102E-1	1.964845E1
1.472000E3	3.217165E0	3.031102E-1	1.994498E1
1.473000E3	3.212360E0	3.031102E-1	1.970570E1
1.474000E3	3.207556E0	3.031102E-1	1.991203E1
1.475000E3	3.202752E0	3.031102E-1	2.013253E1
1.476000E3	3.197948E0	3.031102E-1	2.095755E1
1.477000E3	3.193144E0	3.031102E-1	2.215698E1
1.478000E3	3.188340E0	3.031102E-1	2.345387E1
1.479000E3	3.183536E0	3.031102E-1	2.416452E1
1.480000E3	3.178731E0	3.031102E-1	2.346826E1
1.481000E3	3.173927E0	3.031102E-1	2.188466E1
1.482000E3	3.169123E0	3.031102E-1	2.202384E1
1.483000E3	3.164319E0	3.031102E-1	2.308659E1
1.484000E3	3.159515E0	3.031102E-1	2.273668E1
1.485000E3	3.154711E0	3.031102E-1	2.194305E1
1.486000E3	3.149907E0	3.031102E-1	2.128647E1
1.487000E3	3.145102E0	3.031102E-1	2.164096E1
1.488000E3	3.140298E0	3.031102E-1	2.285715E1
1.489000E3	3.135494E0	3.031102E-1	2.142023E1
1.490000E3	3.130690E0	3.031102E-1	2.091063E1
1.491000E3	3.125886E0	3.031102E-1	2.197344E1
1.492000E3	3.121082E0	3.031102E-1	2.181071E1
1.493000E3	3.116278E0	3.031102E-1	2.113483E1
1.494000E3	3.111473E0	3.031102E-1	2.020201E1
1.495000E3	3.106669E0	3.031102E-1	1.929344E1
1.496000E3	3.101865E0	3.031102E-1	1.976549E1
1.497000E3	3.097061E0	3.031102E-1	2.243087E1
1.498000E3	3.092257E0	3.031102E-1	2.244138E1
1.499000E3	3.087453E0	3.031102E-1	2.138333E1
1.500000E3	3.082649E0	3.031102E-1	1.978990E1
1.501000E3	3.077845E0	3.031102E-1	2.098823E1
1.502000E3	3.073040E0	3.031102E-1	2.236374E1
1.503000E3	3.068236E0	3.031102E-1	2.117939E1
1.504000E3	3.063432E0	3.031102E-1	2.228745E1
1.505000E3	3.058628E0	3.031102E-1	2.326674E1
1.506000E3	3.053824E0	3.031102E-1	2.208483E1
1.507000E3	3.049020E0	3.031102E-1	2.073852E1
1.508000E3	3.044216E0	3.031102E-1	1.988939E1
1.509000E3	3.039411E0	3.031102E-1	1.982343E1
1.510000E3	3.034607E0	3.031102E-1	2.088267E1
1.511000E3	3.029803E0	3.031102E-1	1.960905E1
1.512000E3	3.024999E0	3.031102E-1	1.835037E1
1.513000E3	3.020195E0	3.031102E-1	1.846684E1
1.514000E3	3.015391E0	3.031102E-1	1.858833E1
1.515000E3	3.010587E0	3.031102E-1	1.865138E1
1.516000E3	3.005782E0	3.031102E-1	2.091982E1
1.517000E3	3.000978E0	3.031102E-1	2.104505E1
1.518000E3	2.996174E0	3.031102E-1	2.068692E1
1.519000E3	2.991370E0	3.031102E-1	2.013492E1
1.520000E3	2.986566E0	3.031102E-1	2.150870E1
1.521000E3	2.981762E0	3.031102E-1	2.046988E1
1.522000E3	2.976958E0	3.031102E-1	2.043424E1
1.523000E3	2.972153E0	3.031102E-1	2.035966E1
1.524000E3	2.967349E0	3.031102E-1	2.051827E1
1.525000E3	2.962545E0	3.031102E-1	1.990960E1
1.526000E3	2.957741E0	3.031102E-1	1.843797E1
1.527000E3	2.952937E0	3.031102E-1	1.819139E1
1.528000E3	2.948133E0	3.031102E-1	1.959689E1
1.529000E3	2.943329E0	3.031102E-1	2.076676E1
1.530000E3	2.938524E0	3.031102E-1	2.113008E1
1.531000E3	2.933720E0	3.031102E-1	1.979344E1
1.532000E3	2.928916E0	3.031102E-1	1.885142E1
1.533000E3	2.924112E0	3.031102E-1	1.829577E1
1.534000E3	2.919308E0	3.031102E-1	1.750345E1
1.535000E3	2.914504E0	3.031102E-1	1.800110E1
1.536000E3	2.909700E0	3.031102E-1	1.838619E1
1.537000E3	2.904895E0	3.031102E-1	1.837718E1
1.538000E3	2.900091E0	3.031102E-1	1.822920E1
1.539000E3	2.895287E0	3.031102E-1	1.764784E1
1.540000E3	2.890483E0	3.031102E-1	1.669738E1
1.541000E3	2.885679E0	3.031102E-1	1.781122E1
1.542000E3	2.880875E0	3.031102E-1	1.920866E1
1.543000E3	2.876071E0	3.031102E-1	1.789232E1
1.544000E3	2.871266E0	3.031102E-1	1.734052E1
1.545000E3	2.866462E0	3.031102E-1	1.731152E1
1.546000E3	2.861658E0	3.031102E-1	1.736314E1
1.547000E3	2.856854E0	3.031102E-1	1.737193E1
1.548000E3	2.852050E0	3.031102E-1	1.583173E1
1.549000E3	2.847246E0	3.031102E-1	1.533463E1
1.550000E3	2.842442E0	3.031102E-1	1.558016E1
1.551000E3	2.837638E0	3.031102E-1	1.388368E1
1.552000E3	2.832833E0	3.031102E-1	1.269491E1
1.553000E3	2.828029E0	3.031102E-1	1.374931E1
1.554000E3	2.823225E0	3.031102E-1	1.375680E1
1.555000E3	2.818421E0	3.031102E-1	1.314009E1
1.556000E3	2.813617E0	3.031102E-1	1.472456E1
1.557000E3	2.808813E0	3.031102E-1	1.614134E1
1.558000E3	2.804009E0	3.031102E-1	1.610722E1
1.559000E3	2.799204E0	3.031102E-1	1.674309E1
1.560000E3	2.794400E0	3.031102E-1	1.753384E1
1.561000E3	2.789596E0	3.031102E-1	1.695308E1
1.562000E3	2.784792E0	3.031102E-1	1.577558E1
1.563000E3	2.779988E0	3.031102E-1	1.547510E1
1.564000E3	2.775184E0	3.031102E-1	1.655752E1
1.565000E3	2.770380E0	3.031102E-1	1.755433E1
1.566000E3	2.765575E0	3.031102E-1	1.703272E1
1.567000E3	2.760771E0	3.031102E-1	1.532014E1
1.568000E3	2.755967E0	3.031102E-1	1.568399E1
1.569000E3	2.751163E0	3.031102E-1	1.708200E1
1.570000E3	2.746359E0	3.031102E-1	1.864510E1
1.571000E3	2.741555E0	3.031102E-1	1.805632E1
1.572000E3	2.736751E0	3.031102E-1	1.662639E1
1.573000E3	2.731946E0	3.031102E-1	1.683508E1
1.574000E3	2.727142E0	3.031102E-1	1.683585E1
1.575000E3	2.722338E0	3.031102E-1	1.685592E1
1.576000E3	2.717534E0	3.031102E-1	1.827091E1
1.577000E3	2.712730E0	3.031102E-1	1.925809E1
1.578000E3	2.707926E0	3.031102E-1	1.822140E1
1.579000E3	2.703122E0	3.031102E-1	1.966845E1
1.580000E3	2.698317E0	3.031102E-1	1.807785E1
1.581000E3	2.693513E0	3.031102E-1	1.816890E1
1.582000E3	2.688709E0	3.031102E-1	2.086076E1
1.583000E3	2.683905E0	3.031102E-1	1.949730E1
1.584000E3	2.679101E0	3.031102E-1	1.876965E1
1.585000E3	2.674297E0	3.031102E-1	1.859050E1
1.586000E3	2.669493E0	3.031102E-1	1.879720E1
1.587000E3	2.664688E0	3.031102E-1	2.084130E1
1.588000E3	2.659884E0	3.031102E-1	2.215133E1
1.589000E3	2.655080E0	3.031102E-1	2.107813E1
1.590000E3	2.650276E0	3.031102E-1	2.047419E1
1.591000E3	2.645472E0	3.031102E-1	2.059433E1
1.592000E3	2.640668E0	3.031102E-1	1.950648E1
1.593000E3	2.635864E0	3.031102E-1	2.022449E1
1.594000E3	2.631059E0	3.031102E-1	2.093029E1
1.595000E3	2.626255E0	3.031102E-1	2.047671E1
1.596000E3	2.621451E0	3.031102E-1	2.034372E1
1.597000E3	2.616647E0	3.031102E-1	2.236568E1
1.598000E3	2.611843E0	3.031102E-1	2.404195E1
1.599000E3	2.607039E0	3.031102E-1	2.460792E1
1.600000E3	2.602235E0	3.031102E-1	2.464911E1
1.601000E3	2.597430E0	3.031102E-1	2.372919E1
1.602000E3	2.592626E0	3.031102E-1	2.551992E1
1.603000E3	2.587822E0	3.031102E-1	2.527244E1
1.604000E3	2.583018E0	3.031102E-1	2.439512E1
1.605000E3	2.578214E0	3.031102E-1	2.512915E1
1.606000E3	2.573410E0	3.031102E-1	2.636650E1
1.607000E3	2.568606E0	3.031102E-1	2.713217E1
1.608000E3	2.563802E0	3.031102E-1	2.532610E1
1.609000E3	2.558997E0	3.031102E-1	2.367395E1
1.610000E3	2.554193E0	3.031102E-1	2.440650E1
1.611000E3	2.549389E0	3.031102E-1	2.637280E1
1.612000E3	2.544585E0	3.031102E-1	2.713815E1
1.613000E3	2.539781E0	3.031102E-1	2.578102E1
1.614000E3	2.534977E0	3.031102E-1	2.507949E1
1.615000E3	2.530173E0	3.031102E-1	2.485762E1
1.616000E3	2.525368E0	3.031102E-1	2.604381E1
1.617000E3	2.520564E0	3.031102E-1	2.731162E1
1.618000E3	2.515760E0	3.031102E-1	2.779766E1
1.619000E3	2.510956E0	3.031102E-1	3.038162E1
1.620000E3	2.506152E0	3.031102E-1	3.349163E1
1.621000E3	2.501348E0	3.031102E-1	3.197094E1
1.622000E3	2.496544E0	3.031102E-1	3.152993E1
1.623000E3	2.491739E0	3.031102E-1	3.176358E1
1.624000E3	2.486935E0	3.031102E-1	3.110764E1
1.625000E3	2.482131E0	3.031102E-1	2.951038E1
1.626000E3	2.477327E0	3.031102E-1	3.054960E1
1.627000E3	2.472523E0	3.031102E-1	3.387400E1
1.628000E3	2.467719E0	3.031102E-1	3.634876E1
1.629000E3	2.462915E0	3.031102E-1	3.306913E1
1.630000E3	2.458110E0	3.031102E-1	3.075681E1
1.631000E3	2.453306E0	3.031102E-1	3.079595E1
1.632000E3	2.448502E0	3.031102E-1	3.065761E1
1.633000E3	2.443698E0	3.031102E-1	3.249424E1
1.634000E3	2.438894E0	3.031102E-1	3.393681E1
1.635000E3	2.434090E0	3.031102E-1	3.400938E1
1.636000E3	2.429286E0	3.031102E-1	3.304440E1
1.637000E3	2.424481E0	3.031102E-1	3.476247E1
1.638000E3	2.419677E0	3.031102E-1	3.843056E1
1.639000E3	2.414873E0	3.031102E-1	3.740618E1
1.640000E3	2.410069E0	3.031102E-1	3.731473E1
1.641000E3	2.405265E0	3.031102E-1	3.811448E1
1.642000E3	2.400461E0	3.031102E-1	3.890507E1
1.643000E3	2.395657E0	3.031102E-1	3.779656E1
1.644000E3	2.390852E0	3.031102E-1	3.979978E1
1.645000E3	2.386048E0	3.031102E-1	4.032237E1
1.646000E3	2.381244E0	3.031102E-1	4.039411E1
1.647000E3	2.376440E0	3.031102E-1	3.897512E1
1.648000E3	2.371636E0	3.031102E-1	3.776771E1
1.649000E3	2.366832E0	3.031102E-1	3.710288E1
1.650000E3	2.362028E0	3.031102E-1	3.680545E1
1.651000E3	2.357223E0	3.031102E-1	3.439492E1
1.652000E3	2.352419E0	3.031102E-1	3.081201E1
1.653000E3	2.347615E0	3.031102E-1	3.075186E1
1.654000E3	2.342811E0	3.031102E-1	3.155357E1
1.655000E3	2.338007E0	3.031102E-1	3.328180E1
1.656000E3	2.333203E0	3.031102E-1	3.330899E1
1.657000E3	2.328399E0	3.031102E-1	3.416563E1
1.658000E3	2.323594E0	3.031102E-1	3.539915E1
1.659000E3	2.318790E0	3.031102E-1	3.727938E1
1.660000E3	2.313986E0	3.031102E-1	3.887767E1
1.661000E3	2.309182E0	3.031102E-1	4.007305E1
1.662000E3	2.304378E0	3.031102E-1	4.182488E1
1.663000E3	2.299574E0	3.031102E-1	4.035097E1
1.664000E3	2.294770E0	3.031102E-1	3.950737E1
1.665000E3	2.289966E0	3.031102E-1	3.782328E1
1.666000E3	2.285161E0	3.031102E-1	4.046694E1
1.667000E3	2.280357E0	3.031102E-1	4.231713E1
1.668000E3	2.275553E0	3.031102E-1	4.241796E1
1.669000E3	2.270749E0	3.031102E-1	4.368591E1
1.670000E3	2.265945E0	3.031102E-1	4.401914E1
1.671000E3	2.261141E0	3.031102E-1	4.298490E1
1.672000E3	2.256337E0	3.031102E-1	4.108049E1
1.673000E3	2.251532E0	3.031102E-1	4.164788E1
1.674000E3	2.246728E0	3.031102E-1	3.937613E1
1.675000E3	2.241924E0	3.031102E-1	3.656628E1
1.676000E3	2.237120E0	3.031102E-1	3.653840E1
1.677000E3	2.232316E0	3.031102E-1	3.941489E1
1.678000E3	2.227512E0	3.031102E-1	4.216603E1
1.679000E3	2.222708E0	3.031102E-1	4.221602E1
1.680000E3	2.217903E0	3.031102E-1	3.999206E1
1.681000E3	2.213099E0	3.031102E-1	3.983363E1
1.682000E3	2.208295E0	3.031102E-1	3.947800E1
1.683000E3	2.203491E0	3.031102E-1	4.088893E1
1.684000E3	2.198687E0	3.031102E-1	3.924806E1
1.685000E3	2.193883E0	3.031102E-1	3.989035E1
1.686000E3	2.189079E0	3.031102E-1	4.389016E1
1.687000E3	2.184274E0	3.031102E-1	4.143336E1
1.688000E3	2.179470E0	3.031102E-1	3.668668E1
1.689000E3	2.174666E0	3.031102E-1	3.827252E1
1.690000E3	2.169862E0	3.031102E-1	3.819851E1
1.691000E3	2.165058E0	3.031102E-1	3.510067E1
1.692000E3	2.160254E0	3.031102E-1	3.654316E1
1.693000E3	2.155450E0	3.031102E-1	3.863125E1
1.694000E3	2.150645E0	3.031102E-1	3.931554E1
1.695000E3	2.145841E0	3.031102E-1	3.814618E1
1.696000E3	2.141037E0	3.031102E-1	3.633889E1
1.697000E3	2.136233E0	3.031102E-1	3.702056E1
1.698000E3	2.131429E0	3.031102E-1	3.673822E1
1.699000E3	2.126625E0	3.031102E-1	3.663085E1
1.700000E3	2.121821E0	3.031102E-1	3.779728E1
1.701000E3	2.117016E0	3.031102E-1	3.624456E1
1.702000E3	2.112212E0	3.031102E-1	3.519472E1
1.703000E3	2.107408E0	3.031102E-1	3.692024E1
1.704000E3	2.102604E0	3.031102E-1	3.782306E1
1.705000E3	2.097800E0	3.031102E-1	3.660078E1
1.706000E3	2.092996E0	3.031102E-1	3.370004E1
1.707000E3	2.088192E0	3.031102E-1	3.507511E1
1.708000E3	2.083387E0	3.031102E-1	3.534118E1
1.709000E3	2.078583E0	3.031102E-1	3.491829E1
1.710000E3	2.073779E0	3.031102E-1	3.240707E1
1.711000E3	2.068975E0	3.031102E-1	3.186347E1
1.712000E3	2.064171E0	3.031102E-1	3.185717E1
1.713000E3	2.059367E0	3.031102E-1	3.075600E1
1.714000E3	2.054563E0	3.031102E-1	3.121961E1
1.715000E3	2.049758E0	3.031102E-1	2.980888E1
1.716000E3	2.044954E0	3.031102E-1	2.844113E1
1.717000E3	2.040150E0	3.031102E-1	2.804353E1
1.718000E3	2.035346E0	3.031102E-1	2.719238E1
1.719000E3	2.030542E0	3.031102E-1	2.806046E1
1.720000E3	2.025738E0	3.031102E-1	2.802086E1
1.721000E3	2.020934E0	3.031102E-1	2.744610E1
1.722000E3	2.016130E0	3.031102E-1	2.819076E1
1.723000E3	2.011325E0	3.031102E-1	2.592311E1
1.724000E3	2.006521E0	3.031102E-1	2.662244E1
1.725000E3	2.001717E0	3.031102E-1	2.701225E1
1.726000E3	1.996913E0	3.031102E-1	2.494515E1
1.727000E3	1.992109E0	3.031102E-1	2.337110E1
1.728000E3	1.987305E0	3.031102E-1	2.344736E1
1.729000E3	1.982501E0	3.031102E-1	2.384092E1
1.730000E3	1.977696E0	3.031102E-1	2.426053E1
1.731000E3	1.972892E0	3.031102E-1	2.434286E1
1.732000E3	1.968088E0	3.031102E-1	2.411559E1
1.733000E3	1.963284E0	3.031102E-1	2.284420E1
1.734000E3	1.958480E0	3.031102E-1	2.330554E1
1.735000E3	1.953676E0	3.031102E-1	2.350192E1
1.736000E3	1.948872E0	3.031102E-1	2.122516E1
1.737000E3	1.944067E0	3.031102E-1	2.063247E1
1.738000E3	1.939263E0	3.031102E-1	2.112367E1
1.739000E3	1.934459E0	3.031102E-1	1.978389E1
1.740000E3	1.929655E0	3.031102E-1	1.896609E1
1.741000E3	1.924851E0	3.031102E-1	1.841010E1
1.742000E3	1.920047E0	3.031102E-1	1.931815E1
1.743000E3	1.915243E0	3.031102E-1	1.957128E1
1.744000E3	1.910438E0	3.031102E-1	1.981860E1
1.745000E3	1.905634E0	3.031102E-1	1.894222E1
1.746000E3	1.900830E0	3.031102E-1	1.947016E1
1.747000E3	1.896026E0	3.031102E-1	1.985201E1
1.748000E3	1.891222E0	3.031102E-1	1.814641E1
1.749000E3	1.886418E0	3.031102E-1	1.684750E1
1.750000E3	1.881614E0	3.031102E-1	1.718045E1
1.751000E3	1.876809E0	3.031102E-1	1.675435E1
1.752000E3	1.872005E0	3.031102E-1	1.647832E1
1.753000E3	1.867201E0	3.031102E-1	1.779514E1
1.754000E3	1.862397E0	3.031102E-1	1.697379E1
1.755000E3	1.857593E0	3.031102E-1	1.566602E1
1.756000E3	1.852789E0	3.031102E-1	1.609856E1
1.757000E3	1.847985E0	3.031102E-1	1.555091E1
1.758000E3	1.843180E0	3.031102E-1	1.587982E1
1.759000E3	1.838376E0	3.031102E-1	1.817662E1
1.760000E3	1.833572E0	3.031102E-1	1.773741E1
1.761000E3	1.828768E0	3.031102E-1	1.800907E1
1.762000E3	1.823964E0	3.031102E-1	1.924452E1
1.763000E3	1.819160E0	3.031102E-1	1.958390E1
1.764000E3	1.814356E0	3.031102E-1	2.079101E1
1.765000E3	1.809551E0	3.031102E-1	2.019465E1
1.766000E3	1.804747E0	3.031102E-1	2.073956E1
1.767000E3	1.799943E0	3.031102E-1	2.257522E1
1.768000E3	1.795139E0	3.031102E-1	2.396796E1
1.769000E3	1.790335E0	3.031102E-1	2.318890E1
1.770000E3	1.785531E0	3.031102E-1	2.314043E1
1.771000E3	1.780727E0	3.031102E-1	2.503947E1
1.772000E3	1.775923E0	3.031102E-1	2.573635E1
1.773000E3	1.771118E0	3.031102E-1	2.596409E1
1.774000E3	1.766314E0	3.031102E-1	2.752285E1
1.775000E3	1.761510E0	3.031102E-1	2.845342E1
1.776000E3	1.756706E0	3.031102E-1	2.768949E1
1.777000E3	1.751902E0	3.031102E-1	2.753684E1
1.778000E3	1.747098E0	3.031102E-1	2.807459E1
1.779000E3	1.742294E0	3.031102E-1	2.920015E1
1.780000E3	1.737489E0	3.031102E-1	2.989704E1
1.781000E3	1.732685E0	3.031102E-1	3.281946E1
1.782000E3	1.727881E0	3.031102E-1	3.469861E1
1.783000E3	1.723077E0	3.031102E-1	3.425887E1
1.784000E3	1.718273E0	3.031102E-1	3.424504E1
1.785000E3	1.713469E0	3.031102E-1	3.587994E1
1.786000E3	1.708665E0	3.031102E-1	3.818837E1
1.787000E3	1.703860E0	3.031102E-1	3.904598E1
1.788000E3	1.699056E0	3.031102E-1	3.787081E1
1.789000E3	1.694252E0	3.031102E-1	3.940159E1
1.790000E3	1.689448E0	3.031102E-1	3.951202E1
1.791000E3	1.684644E0	3.031102E-1	4.130864E1
1.792000E3	1.679840E0	3.031102E-1	4.309571E1
1.793000E3	1.675036E0	3.031102E-1	4.287446E1
1.794000E3	1.670231E0	3.031102E-1	4.138565E1
1.795000E3	1.665427E0	3.031102E-1	4.139034E1
1.796000E3	1.660623E0	3.031102E-1	4.277997E1
1.797000E3	1.655819E0	3.031102E-1	4.309150E1
1.798000E3	1.651015E0	3.031102E-1	4.542085E1
1.799000E3	1.646211E0	3.031102E-1	4.544106E1
1.800000E3	1.641407E0	3.031102E-1	4.615895E1
1.801000E3	1.636602E0	3.031102E-1	5.236891E1
1.802000E3	1.631798E0	3.031102E-1	5.495329E1
1.803000E3	1.626994E0	3.031102E-1	5.248027E1
1.804000E3	1.622190E0	3.031102E-1	5.242143E1
1.805000E3	1.617386E0	3.031102E-1	5.438904E1
1.806000E3	1.612582E0	3.031102E-1	5.511700E1
1.807000E3	1.607778E0	3.031102E-1	5.608406E1
1.808000E3	1.602973E0	3.031102E-1	5.508699E1
1.809000E3	1.598169E0	3.031102E-1	5.832868E1
1.810000E3	1.593365E0	3.031102E-1	5.953176E1
1.811000E3	1.588561E0	3.031102E-1	5.887319E1
1.812000E3	1.583757E0	3.031102E-1	5.778980E1
1.813000E3	1.578953E0	3.031102E-1	5.819953E1
1.814000E3	1.574149E0	3.031102E-1	6.028434E1
1.815000E3	1.569344E0	3.031102E-1	6.309042E1
1.816000E3	1.564540E0	3.031102E-1	6.133559E1
1.817000E3	1.559736E0	3.031102E-1	6.124030E1
1.818000E3	1.554932E0	3.031102E-1	6.504272E1
1.819000E3	1.550128E0	3.031102E-1	6.218371E1
1.820000E3	1.545324E0	3.031102E-1	6.344747E1
1.821000E3	1.540520E0	3.031102E-1	6.514329E1
1.822000E3	1.535715E0	3.031102E-1	6.706819E1
1.823000E3	1.530911E0	3.031102E-1	6.928145E1
1.824000E3	1.526107E0	3.031102E-1	6.853920E1
1.825000E3	1.521303E0	3.031102E-1	6.758519E1
1.826000E3	1.516499E0	3.031102E-1	6.802125E1
1.827000E3	1.511695E0	3.031102E-1	7.319570E1
1.828000E3	1.506891E0	3.031102E-1	7.310323E1
1.829000E3	1.502087E0	3.031102E-1	7.524868E1
1.830000E3	1.497282E0	3.031102E-1	7.529116E1
1.831000E3	1.492478E0	3.031102E-1	7.429859E1
1.832000E3	1.487674E0	3.031102E-1	7.243618E1
1.833000E3	1.482870E0	3.031102E-1	7.392217E1
1.834000E3	1.478066E0	3.031102E-1	7.596559E1
1.835000E3	1.473262E0	3.031102E-1	7.674679E1
1.836000E3	1.468458E0	3.031102E-1	7.743976E1
1.837000E3	1.463653E0	3.031102E-1	7.658648E1
1.838000E3	1.458849E0	3.031102E-1	7.555057E1
1.839000E3	1.454045E0	3.031102E-1	7.404302E1
1.840000E3	1.449241E0	3.031102E-1	7.391059E1
1.841000E3	1.444437E0	3.031102E-1	7.791419E1
1.842000E3	1.439633E0	3.031102E-1	8.425227E1
1.843000E3	1.434829E0	3.031102E-1	8.526146E1
1.844000E3	1.430024E0	3.031102E-1	8.363629E1
1.845000E3	1.425220E0	3.031102E-1	8.053637E1
1.846000E3	1.420416E0	3.031102E-1	8.147360E1
1.847000E3	1.415612E0	3.031102E-1	8.243896E1
1.848000E3	1.410808E0	3.031102E-1	8.604874E1
1.849000E3	1.406004E0	3.031102E-1	8.569459E1
1.850000E3	1.401200E0	3.031102E-1	8.213628E1
1.851000E3	1.396395E0	3.031102E-1	8.116073E1
1.852000E3	1.391591E0	3.031102E-1	8.055182E1
1.853000E3	1.386787E0	3.031102E-1	7.984189E1
1.854000E3	1.381983E0	3.031102E-1	7.859904E1
1.855000E3	1.377179E0	3.031102E-1	7.842207E1
1.856000E3	1.372375E0	3.031102E-1	7.526967E1
1.857000E3	1.367571E0	3.031102E-1	7.280806E1
1.858000E3	1.362766E0	3.031102E-1	7.266955E1
1.859000E3	1.357962E0	3.031102E-1	7.297623E1
1.860000E3	1.353158E0	3.031102E-1	7.279197E1
1.861000E3	1.348354E0	3.031102E-1	7.688582E1
1.862000E3	1.343550E0	3.031102E-1	7.921601E1
1.863000E3	1.338746E0	3.031102E-1	8.228645E1
1.864000E3	1.333942E0	3.031102E-1	8.439145E1
1.865000E3	1.329137E0	3.031102E-1	8.803187E1
1.866000E3	1.324333E0	3.031102E-1	8.880597E1
1.867000E3	1.319529E0	3.031102E-1	8.717759E1
1.868000E3	1.314725E0	3.031102E-1	9.098658E1
1.869000E3	1.309921E0	3.031102E-1	9.092443E1
1.870000E3	1.305117E0	3.031102E-1	9.083001E1
1.871000E3	1.300313E0	3.031102E-1	9.182586E1
1.872000E3	1.295508E0	3.031102E-1	8.936826E1
1.873000E3	1.290704E0	3.031102E-1	8.821957E1
1.874000E3	1.285900E0	3.031102E-1	9.072677E1
1.875000E3	1.281096E0	3.031102E-1	8.835650E1
1.876000E3	1.276292E0	3.031102E-1	8.665612E1
1.877000E3	1.271488E0	3.031102E-1	8.209162E1
1.878000E3	1.266684E0	3.031102E-1	7.976524E1
1.879000E3	1.261879E0	3.031102E-1	8.369416E1
1.880000E3	1.257075E0	3.031102E-1	8.306466E1
1.881000E3	1.252271E0	3.031102E-1	7.997451E1
1.882000E3	1.247467E0	3.031102E-1	7.920478E1
1.883000E3	1.242663E0	3.031102E-1	7.827040E1
1.884000E3	1.237859E0	3.031102E-1	8.154703E1
1.885000E3	1.233055E0	3.031102E-1	8.248509E1
1.886000E3	1.228251E0	3.031102E-1	8.121479E1
1.887000E3	1.223446E0	3.031102E-1	8.382304E1
1.888000E3	1.218642E0	3.031102E-1	8.393599E1
1.889000E3	1.213838E0	3.031102E-1	7.870779E1
1.890000E3	1.209034E0	3.031102E-1	7.566575E1
1.891000E3	1.204230E0	3.031102E-1	7.761025E1
1.892000E3	1.199426E0	3.031102E-1	8.104479E1
1.893000E3	1.194622E0	3.031102E-1	8.093357E1
1.894000E3	1.189817E0	3.031102E-1	8.130721E1
1.895000E3	1.185013E0	3.031102E-1	7.859446E1
1.896000E3	1.180209E0	3.031102E-1	7.121896E1
1.897000E3	1.175405E0	3.031102E-1	7.089335E1
1.898000E3	1.170601E0	3.031102E-1	7.636240E1
1.899000E3	1.165797E0	3.031102E-1	7.357395E1
1.900000E3	1.160993E0	3.031102E-1	7.361372E1
1.901000E3	1.156188E0	3.031102E-1	7.356099E1
1.902000E3	1.151384E0	3.031102E-1	7.559731E1
1.903000E3	1.146580E0	3.031102E-1	7.271192E1
1.904000E3	1.141776E0	3.031102E-1	6.944655E1
1.905000E3	1.136972E0	3.031102E-1	6.875200E1
1.906000E3	1.132168E0	3.031102E-1	6.945464E1
1.907000E3	1.127364E0	3.031102E-1	6.900578E1
1.908000E3	1.122559E0	3.031102E-1	7.008180E1
1.909000E3	1.117755E0	3.031102E-1	6.965338E1
1.910000E3	1.112951E0	3.031102E-1	6.649780E1
1.911000E3	1.108147E0	3.031102E-1	6.268000E1
1.912000E3	1.103343E0	3.031102E-1	5.962834E1
1.913000E3	1.098539E0	3.031102E-1	6.101695E1
1.914000E3	1.093735E0	3.031102E-1	6.182480E1
1.915000E3	1.088930E0	3.031102E-1	6.114350E1
1.916000E3	1.084126E0	3.031102E-1	6.299809E1
1.917000E3	1.079322E0	3.031102E-1	6.184749E1
1.918000E3	1.074518E0	3.031102E-1	5.896397E1
1.919000E3	1.069714E0	3.031102E-1	5.632327E1
1.920000E3	1.064910E0	3.031102E-1	5.262253E1
1.921000E3	1.060106E0	3.031102E-1	5.175422E1
1.922000E3	1.055301E0	3.031102E-1	5.473066E1
1.923000E3	1.050497E0	3.031102E-1	5.383284E1
1.924000E3	1.045693E0	3.031102E-1	5.241448E1
1.925000E3	1.040889E0	3.031102E-1	5.311705E1
1.926000E3	1.036085E0	3.031102E-1	5.334714E1
1.927000E3	1.031281E0	3.031102E-1	5.259656E1
1.928000E3	1.026477E0	3.031102E-1	4.855519E1
1.929000E3	1.021672E0	3.031102E-1	4.972720E1
1.930000E3	1.016868E0	3.031102E-1	4.826563E1
1.931000E3	1.012064E0	3.031102E-1	4.540752E1
1.932000E3	1.007260E0	3.031102E-1	4.426679E1
1.933000E3	1.002456E0	3.031102E-1	4.686056E1
1.934000E3	9.976518E-1	3.031102E-1	4.882588E1
1.935000E3	9.928476E-1	3.031102E-1	4.955121E1
1.936000E3	9.880435E-1	3.031102E-1	4.676452E1
1.937000E3	9.832394E-1	3.031102E-1	4.140426E1
1.938000E3	9.784352E-1	3.031102E-1	3.735156E1
1.939000E3	9.736311E-1	3.031102E-1	3.565079E1
1.940000E3	9.688269E-1	3.031102E-1	3.567386E1
1.941000E3	9.640228E-1	3.031102E-1	3.572607E1
1.942000E3	9.592187E-1	3.031102E-1	3.394458E1
1.943000E3	9.544145E-1	3.031102E-1	3.435472E1
1.944000E3	9.496104E-1	3.031102E-1	3.610614E1
1.945000E3	9.448062E-1	3.031102E-1	3.809222E1
1.946000E3	9.400021E-1	3.031102E-1	3.832307E1
1.947000E3	9.351980E-1	3.031102E-1	3.748985E1
1.948000E3	9.303938E-1	3.031102E-1	3.685671E1
1.949000E3	9.255897E-1	3.031102E-1	3.800258E1
1.950000E3	9.207855E-1	3.031102E-1	3.954568E1
1.951000E3	9.159814E-1	3.031102E-1	4.070323E1
1.952000E3	9.111773E-1	3.031102E-1	4.097699E1
1.953000E3	9.063731E-1	3.031102E-1	4.160069E1
1.954000E3	9.015690E-1	3.031102E-1	4.352609E1
1.955000E3	8.967648E-1	3.031102E-1	4.530436E1
1.956000E3	8.919607E-1	3.031102E-1	4.653999E1
1.957000E3	8.871566E-1	3.031102E-1	4.570184E1
1.958000E3	8.823524E-1	3.031102E-1	4.517029E1
1.959000E3	8.775483E-1	3.031102E-1	4.829322E1
1.960000E3	8.727441E-1	3.031102E-1	4.985084E1
1.961000E3	8.679400E-1	3.031102E-1	5.279830E1
1.962000E3	8.631359E-1	3.031102E-1	5.220931E1
1.963000E3	8.583317E-1	3.031102E-1	5.235806E1
1.964000E3	8.535276E-1	3.031102E-1	5.462522E1
1.965000E3	8.487234E-1	3.031102E-1	5.646301E1
1.966000E3	8.439193E-1	3.031102E-1	5.569845E1
1.967000E3	8.391152E-1	3.031102E-1	6.130856E1
1.968000E3	8.343110E-1	3.031102E-1	6.869119E1
1.969000E3	8.295069E-1	3.031102E-1	7.315987E1
1.970000E3	8.247027E-1	3.031102E-1	7.921069E1
1.971000E3	8.198986E-1	3.031102E-1	8.157070E1
1.972000E3	8.150944E-1	3.031102E-1	8.100526E1
1.973000E3	8.102903E-1	3.031102E-1	8.353761E1
1.974000E3	8.054862E-1	3.031102E-1	8.509428E1
1.975000E3	8.006820E-1	3.031102E-1	8.557546E1
1.976000E3	7.958779E-1	3.031102E-1	8.739894E1
1.977000E3	7.910737E-1	3.031102E-1	8.858213E1
1.978000E3	7.862696E-1	3.031102E-1	8.992987E1
1.979000E3	7.814655E-1	3.031102E-1	9.128681E1
1.980000E3	7.766613E-1	3.031102E-1	8.981387E1
1.981000E3	7.718572E-1	3.031102E-1	9.002911E1
1.982000E3	7.670530E-1	3.031102E-1	8.846581E1
1.983000E3	7.622489E-1	3.031102E-1	8.971703E1
1.984000E3	7.574448E-1	3.031102E-1	9.440789E1
1.985000E3	7.526406E-1	3.031102E-1	9.902182E1
1.986000E3	7.478365E-1	3.031102E-1	1.064982E2
1.987000E3	7.430323E-1	3.031102E-1	1.123711E2
1.988000E3	7.382282E-1	3.031102E-1	1.155723E2
1.989000E3	7.334241E-1	3.031102E-1	1.132200E2
1.990000E3	7.286199E-1	3.031102E-1	1.098686E2
1.991000E3	7.238158E-1	3.031102E-1	1.147589E2
1.992000E3	7.190116E-1	3.031102E-1	1.185191E2
1.993000E3	7.142075E-1	3.031102E-1	1.171737E2
1.994000E3	7.094034E-1	3.031102E-1	1.188818E2
1.995000E3	7.045992E-1	3.031102E-1	1.258237E2
1.996000E3	6.997951E-1	3.031102E-1	1.279673E2
1.997000E3	6.949909E-1	3.031102E-1	1.300325E2
1.998000E3	6.901868E-1	3.031102E-1	1.325649E2
1.999000E3	6.853827E-1	3.031102E-1	1.312805E2
2.000000E3	6.805785E-1	3.031102E-1	1.346259E2
2.001000E3	6.757744E-1	3.031102E-1	1.376667E2
2.002000E3	6.709702E-1	3.031102E-1	1.408505E2
2.003000E3	6.661661E-1	3.031102E-1	1.482012E2
2.004000E3	6.613620E-1	3.031102E-1	1.468634E2
2.005000E3	6.565578E-1	3.031102E-1	1.469494E2
2.006000E3	6.517537E-1	3.031102E-1	1.472049E2
2.007000E3	6.469495E-1	3.031102E-1	1.486237E2
2.008000E3	6.421454E-1	3.031102E-1	1.571138E2
2.009000E3	6.373413E-1	3.031102E-1	1.627226E2
2.010000E3	6.325371E-1	3.031102E-1	1.670747E2
2.011000E3	6.277330E-1	3.031102E-1	1.697512E2
2.012000E3	6.229288E-1	3.031102E-1	1.721241E2
2.013000E3	6.181247E-1	3.031102E-1	1.716827E2
2.014000E3	6.133206E-1	3.031102E-1	1.754340E2
2.015000E3	6.085164E-1	3.031102E-1	1.781668E2
2.016000E3	6.037123E-1	3.031102E-1	1.789882E2
2.017000E3	5.989081E-1	3.031102E-1	1.743893E2
2.018000E3	5.941040E-1	3.031102E-1	1.738861E2
2.019000E3	5.892999E-1	3.031102E-1	1.798181E2
2.020000E3	5.844957E-1	3.031102E-1	1.835351E2
2.021000E3	5.796916E-1	3.031102E-1	1.863639E2
2.022000E3	5.748874E-1	3.031102E-1	1.880095E2
2.023000E3	5.700833E-1	3.031102E-1	1.888736E2
2.024000E3	5.652792E-1	3.031102E-1	1.874560E2
2.025000E3	5.604750E-1	3.031102E-1	1.866423E2
2.026000E3	5.556709E-1	3.031102E-1	1.884049E2
2.027000E3	5.508667E-1	3.031102E-1	1.929112E2
2.028000E3	5.460626E-1	3.031102E-1	1.944357E2
2.029000E3	5.412585E-1	3.031102E-1	1.961465E2
2.030000E3	5.364543E-1	3.031102E-1	2.002349E2
2.031000E3	5.316502E-1	3.031102E-1	2.016555E2
2.032000E3	5.268460E-1	3.031102E-1	2.032847E2
2.033000E3	5.220419E-1	3.031102E-1	2.054460E2
2.034000E3	5.172378E-1	3.031102E-1	2.069286E2
2.035000E3	5.124336E-1	3.031102E-1	2.052229E2
2.036000E3	5.076295E-1	3.031102E-1	1.987345E2
2.037000E3	5.028253E-1	3.031102E-1	1.973324E2
2.038000E3	4.980212E-1	3.031102E-1	2.000701E2
2.039000E3	4.932171E-1	3.031102E-1	2.028654E2
2.040000E3	4.884129E-1	3.031102E-1	2.056754E2
2.041000E3	4.836088E-1	3.031102E-1	2.080203E2
2.042000E3	4.788046E-1	3.031102E-1	2.091232E2
2.043000E3	4.740005E-1	3.031102E-1	2.105017E2
2.044000E3	4.691964E-1	3.031102E-1	2.159486E2
2.045000E3	4.643922E-1	3.031102E-1	2.198421E2
2.046000E3	4.595881E-1	3.031102E-1	2.242498E2
2.047000E3	4.547839E-1	3.031102E-1	2.270054E2
2.048000E3	4.499798E-1	3.031102E-1	2.259704E2
2.049000E3	4.451756E-1	3.031102E-1	2.233639E2
2.050000E3	4.403715E-1	3.031102E-1	2.237410E2
2.051000E3	4.355674E-1	3.031102E-1	2.247230E2
2.052000E3	4.307632E-1	3.031102E-1	2.242811E2
2.053000E3	4.259591E-1	3.031102E-1	2.265364E2
2.054000E3	4.211549E-1	3.031102E-1	2.255540E2
2.055000E3	4.163508E-1	3.031102E-1	2.269285E2
2.056000E3	4.115467E-1	3.031102E-1	2.300445E2
2.057000E3	4.067425E-1	3.031102E-1	2.293789E2
2.058000E3	4.019384E-1	3.031102E-1	2.297557E2
2.059000E3	3.971342E-1	3.031102E-1	2.302863E2
2.060000E3	3.923301E-1	3.031102E-1	2.291002E2
2.061000E3	3.875260E-1	3.031102E-1	2.238587E2
2.062000E3	3.827218E-1	3.031102E-1	2.162290E2
2.063000E3	3.779177E-1	3.031102E-1	2.093656E2
2.064000E3	3.731135E-1	3.031102E-1	2.083312E2
2.065000E3	3.683094E-1	3.031102E-1	2.108415E2
2.066000E3	3.635053E-1	3.031102E-1	2.148880E2
2.067000E3	3.587011E-1	3.031102E-1	2.142242E2
2.068000E3	3.538970E-1	3.031102E-1	2.133149E2
2.069000E3	3.490928E-1	3.031102E-1	2.193096E2
2.070000E3	3.442887E-1	3.031102E-1	2.291685E2
2.071000E3	3.394846E-1	3.031102E-1	2.331450E2
2.072000E3	3.346804E-1	3.031102E-1	2.327120E2
2.073000E3	3.298763E-1	3.031102E-1	2.340957E2
2.074000E3	3.250721E-1	3.031102E-1	2.363671E2
2.075000E3	3.202680E-1	3.031102E-1	2.377724E2
2.076000E3	3.154639E-1	3.031102E-1	2.386542E2
2.077000E3	3.106597E-1	3.031102E-1	2.417991E2
2.078000E3	3.058556E-1	3.031102E-1	2.481016E2
2.079000E3	3.010514E-1	3.031102E-1	2.476708E2
2.080000E3	2.962473E-1	3.031102E-1	2.429124E2
2.081000E3	2.914432E-1	3.031102E-1	2.409718E2
2.082000E3	2.866390E-1	3.031102E-1	2.426959E2
2.083000E3	2.818349E-1	3.031102E-1	2.435433E2
2.084000E3	2.770307E-1	3.031102E-1	2.434401E2
2.085000E3	2.722266E-1	3.031102E-1	2.432453E2
2.086000E3	2.674225E-1	3.031102E-1	2.411765E2
2.087000E3	2.626183E-1	3.031102E-1	2.388561E2
2.088000E3	2.578142E-1	3.031102E-1	2.387370E2
2.089000E3	2.530100E-1	3.031102E-1	2.402639E2
2.090000E3	2.482059E-1	3.031102E-1	2.462179E2
2.091000E3	2.434018E-1	3.031102E-1	2.493028E2
2.092000E3	2.385976E-1	3.031102E-1	2.490976E2
2.093000E3	2.337935E-1	3.031102E-1	2.470802E2
2.094000E3	2.289893E-1	3.031102E-1	2.458282E2
2.095000E3	2.241852E-1	3.031102E-1	2.456612E2
2.096000E3	2.193811E-1	3.031102E-1	2.477433E2
2.097000E3	2.145769E-1	3.031102E-1	2.503433E2
2.098000E3	2.097728E-1	3.031102E-1	2.511830E2
2.099000E3	2.049686E-1	3.031102E-1	2.512907E2
2.100000E3	2.001645E-1	3.031102E-1	2.508840E2
2.101000E3	1.953604E-1	3.031102E-1	2.506086E2
2.102000E3	1.905562E-1	3.031102E-1	2.476089E2
2.103000E3	1.857521E-1	3.031102E-1	2.482045E2
2.104000E3	1.809479E-1	3.031102E-1	2.484731E2
2.105000E3	1.761438E-1	3.031102E-1	2.474033E2
2.106000E3	1.713397E-1	3.031102E-1	2.446548E2
2.107000E3	1.665355E-1	3.031102E-1	2.471838E2
2.108000E3	1.617314E-1	3.031102E-1	2.499162E2
2.109000E3	1.569272E-1	3.031102E-1	2.512977E2
2.110000E3	1.521231E-1	3.031102E-1	2.510826E2
2.111000E3	1.473190E-1	3.031102E-1	2.500143E2
2.112000E3	1.425148E-1	3.031102E-1	2.492252E2
2.113000E3	1.377107E-1	3.031102E-1	2.493567E2
2.114000E3	1.329065E-1	3.031102E-1	2.506489E2
2.115000E3	1.281024E-1	3.031102E-1	2.503675E2
2.116000E3	1.232983E-1	3.031102E-1	2.500653E2
2.117000E3	1.184941E-1	3.031102E-1	2.518656E2
2.118000E3	1.136900E-1	3.031102E-1	2.502388E2
2.119000E3	1.088858E-1	3.031102E-1	2.486765E2
2.120000E3	1.040817E-1	3.031102E-1	2.469836E2
2.121000E3	9.927755E-2	3.031102E-1	2.472075E2
2.122000E3	9.447341E-2	3.031102E-1	2.449487E2
2.123000E3	8.966927E-2	3.031102E-1	2.443080E2
2.124000E3	8.486513E-2	3.031102E-1	2.418508E2
2.125000E3	8.006099E-2	3.031102E-1	2.418721E2
2.126000E3	7.525685E-2	3.031102E-1	2.442991E2
2.127000E3	7.045271E-2	3.031102E-1	2.456167E2
2.128000E3	6.564857E-2	3.031102E-1	2.459373E2
2.129000E3	6.084443E-2	3.031102E-1	2.454034E2
2.130000E3	5.604029E-2	3.031102E-1	2.456655E2
2.131000E3	5.123615E-2	3.031102E-1	2.478423E2
2.132000E3	4.643201E-2	3.031102E-1	2.492223E2
2.133000E3	4.162787E-2	3.031102E-1	2.474957E2
2.134000E3	3.682373E-2	3.031102E-1	2.471299E2
2.135000E3	3.201959E-2	3.031102E-1	2.494934E2
2.136000E3	2.721545E-2	3.031102E-1	2.521065E2
2.137000E3	2.241131E-2	3.031102E-1	2.542453E2
2.138000E3	1.760717E-2	3.031102E-1	2.550000E2
2.139000E3	1.280303E-2	3.031102E-1	2.550000E2
2.140000E3	7.998886E-3	3.031102E-1	2.549863E2
2.141000E3	3.194745E-3	3.031102E-1	2.549454E2
2.142000E3	-1.609395E-3	3.031102E-1	2.549726E2
2.143000E3	-6.413535E-3	3.031102E-1	2.549773E2
2.144000E3	-1.121768E-2	3.031102E-1	2.548152E2
2.145000E3	-1.602182E-2	3.031102E-1	2.549201E2
2.146000E3	-2.082596E-2	3.031102E-1	2.549861E2
2.147000E3	-2.563010E-2	3.031102E-1	2.548627E2
2.148000E3	-3.043424E-2	3.031102E-1	2.538519E2
2.149000E3	-3.523838E-2	3.031102E-1	2.540454E2
2.150000E3	-4.004252E-2	3.031102E-1	2.546005E2
2.151000E3	-4.484666E-2	3.031102E-1	2.547952E2
2.152000E3	-4.965080E-2	3.031102E-1	2.541820E2
2.153000E3	-5.445494E-2	3.031102E-1	2.536102E2
2.154000E3	-5.925908E-2	3.031102E-1	2.527291E2
2.155000E3	-6.406322E-2	3.031102E-1	2.511816E2
2.156000E3	-6.886736E-2	3.031102E-1	2.493593E2
2.157000E3	-7.367150E-2	3.031102E-1	2.478075E2
2.158000E3	-7.847564E-2	3.031102E-1	2.476087E2
2.159000E3	-8.327978E-2	3.031102E-1	2.495863E2
2.160000E3	-8.808392E-2	3.031102E-1	2.516611E2
2.161000E3	-9.288806E-2	3.031102E-1	2.520995E2
2.162000E3	-9.769220E-2	3.031102E-1	2.524046E2
2.163000E3	-1.024963E-1	3.031102E-1	2.529110E2
2.164000E3	-1.073005E-1	3.031102E-1	2.528003E2
2.165000E3	-1.121046E-1	3.031102E-1	2.519208E2
2.166000E3	-1.169088E-1	3.031102E-1	2.486624E2
2.167000E3	-1.217129E-1	3.031102E-1	2.443642E2
2.168000E3	-1.265170E-1	3.031102E-1	2.429300E2
2.169000E3	-1.313212E-1	3.031102E-1	2.436358E2
2.170000E3	-1.361253E-1	3.031102E-1	2.431341E2
2.171000E3	-1.409295E-1	3.031102E-1	2.441227E2
2.172000E3	-1.457336E-1	3.031102E-1	2.455987E2
2.173000E3	-1.505377E-1	3.031102E-1	2.464034E2
2.174000E3	-1.553419E-1	3.031102E-1	2.482278E2
2.175000E3	-1.601460E-1	3.031102E-1	2.494950E2
2.176000E3	-1.649502E-1	3.031102E-1	2.475229E2
2.177000E3	-1.697543E-1	3.031102E-1	2.464375E2
2.178000E3	-1.745584E-1	3.031102E-1	2.459516E2
2.179000E3	-1.793626E-1	3.031102E-1	2.443025E2
2.180000E3	-1.841667E-1	3.031102E-1	2.416411E2
2.181000E3	-1.889709E-1	3.031102E-1	2.409796E2
2.182000E3	-1.937750E-1	3.031102E-1	2.438734E2
2.183000E3	-1.985791E-1	3.031102E-1	2.456712E2
2.184000E3	-2.033833E-1	3.031102E-1	2.472015E2
2.185000E3	-2.081874E-1	3.031102E-1	2.483773E2
2.186000E3	-2.129916E-1	3.031102E-1	2.494329E2
2.187000E3	-2.177957E-1	3.031102E-1	2.494533E2
2.188000E3	-2.225998E-1	3.031102E-1	2.473244E2
2.189000E3	-2.274040E-1	3.031102E-1	2.449669E2
2.190000E3	-2.322081E-1	3.031102E-1	2.444067E2
2.191000E3	-2.370123E-1	3.031102E-1	2.449009E2
2.192000E3	-2.418164E-1	3.031102E-1	2.426627E2
2.193000E3	-2.466205E-1	3.031102E-1	2.414632E2
2.194000E3	-2.514247E-1	3.031102E-1	2.439532E2
2.195000E3	-2.562288E-1	3.031102E-1	2.467797E2
2.196000E3	-2.610330E-1	3.031102E-1	2.470528E2
2.197000E3	-2.658371E-1	3.031102E-1	2.486117E2
2.198000E3	-2.706412E-1	3.031102E-1	2.500796E2
2.199000E3	-2.754454E-1	3.031102E-1	2.490446E2
2.200000E3	-2.802495E-1	3.031102E-1	2.446180E2
2.201000E3	-2.850537E-1	3.031102E-1	2.419212E2
2.202000E3	-2.898578E-1	3.031102E-1	2.415570E2
2.203000E3	-2.946620E-1	3.031102E-1	2.424453E2
2.204000E3	-2.994661E-1	3.031102E-1	2.430628E2
2.205000E3	-3.042702E-1	3.031102E-1	2.438571E2
2.206000E3	-3.090744E-1	3.031102E-1	2.449063E2
2.207000E3	-3.138785E-1	3.031102E-1	2.447859E2
2.208000E3	-3.186827E-1	3.031102E-1	2.416196E2
2.209000E3	-3.234868E-1	3.031102E-1	2.365351E2
2.210000E3	-3.282909E-1	3.031102E-1	2.324418E2
2.211000E3	-3.330951E-1	3.031102E-1	2.294764E2
2.212000E3	-3.378992E-1	3.031102E-1	2.297576E2
2.213000E3	-3.427034E-1	3.031102E-1	2.341110E2
2.214000E3	-3.475075E-1	3.031102E-1	2.370268E2
2.215000E3	-3.523116E-1	3.031102E-1	2.347228E2
2.216000E3	-3.571158E-1	3.031102E-1	2.343038E2
2.217000E3	-3.619199E-1	3.031102E-1	2.378172E2
2.218000E3	-3.667241E-1	3.031102E-1	2.395800E2
2.219000E3	-3.715282E-1	3.031102E-1	2.381964E2
2.220000E3	-3.763323E-1	3.031102E-1	2.335701E2
2.221000E3	-3.811365E-1	3.031102E-1	2.298938E2
2.222000E3	-3.859406E-1	3.031102E-1	2.299651E2
2.223000E3	-3.907448E-1	3.031102E-1	2.296637E2
2.224000E3	-3.955489E-1	3.031102E-1	2.288042E2
2.225000E3	-4.003530E-1	3.031102E-1	2.248802E2
2.226000E3	-4.051572E-1	3.031102E-1	2.218808E2
2.227000E3	-4.099613E-1	3.031102E-1	2.211450E2
2.228000E3	-4.147655E-1	3.031102E-1	2.207065E2
2.229000E3	-4.195696E-1	3.031102E-1	2.234738E2
2.230000E3	-4.243737E-1	3.031102E-1	2.299588E2
2.231000E3	-4.291779E-1	3.031102E-1	2.287203E2
2.232000E3	-4.339820E-1	3.031102E-1	2.220252E2
2.233000E3	-4.387862E-1	3.031102E-1	2.178639E2
2.234000E3	-4.435903E-1	3.031102E-1	2.141108E2
2.235000E3	-4.483944E-1	3.031102E-1	2.139921E2
2.236000E3	-4.531986E-1	3.031102E-1	2.166518E2
2.237000E3	-4.580027E-1	3.031102E-1	2.145330E2
2.238000E3	-4.628069E-1	3.031102E-1	2.115428E2
2.239000E3	-4.676110E-1	3.031102E-1	2.075847E2
2.240000E3	-4.724151E-1	3.031102E-1	2.071104E2
2.241000E3	-4.772193E-1	3.031102E-1	2.074556E2
2.242000E3	-4.820234E-1	3.031102E-1	2.100214E2
2.243000E3	-4.868276E-1	3.031102E-1	2.136780E2
2.244000E3	-4.916317E-1	3.031102E-1	2.116880E2
2.245000E3	-4.964358E-1	3.031102E-1	2.051285E2
2.246000E3	-5.012400E-1	3.031102E-1	2.055316E2
2.247000E3	-5.060441E-1	3.031102E-1	2.082865E2
2.248000E3	-5.108483E-1	3.031102E-1	2.046007E2
2.249000E3	-5.156524E-1	3.031102E-1	1.974531E2
2.250000E3	-5.204565E-1	3.031102E-1	1.922703E2
2.251000E3	-5.252607E-1	3.031102E-1	1.860222E2
2.252000E3	-5.300648E-1	3.031102E-1	1.826881E2
2.253000E3	-5.348690E-1	3.031102E-1	1.837862E2
2.254000E3	-5.396731E-1	3.031102E-1	1.857693E2
2.255000E3	-5.444772E-1	3.031102E-1	1.852099E2
2.256000E3	-5.492814E-1	3.031102E-1	1.827521E2
2.257000E3	-5.540855E-1	3.031102E-1	1.805357E2
2.258000E3	-5.588897E-1	3.031102E-1	1.771158E2
2.259000E3	-5.636938E-1	3.031102E-1	1.761683E2
2.260000E3	-5.684979E-1	3.031102E-1	1.774327E2
2.261000E3	-5.733021E-1	3.031102E-1	1.802621E2
2.262000E3	-5.781062E-1	3.031102E-1	1.823961E2
2.263000E3	-5.829104E-1	3.031102E-1	1.859393E2
2.264000E3	-5.877145E-1	3.031102E-1	1.862572E2
2.265000E3	-5.925186E-1	3.031102E-1	1.769429E2
2.266000E3	-5.973228E-1	3.031102E-1	1.634836E2
2.267000E3	-6.021269E-1	3.031102E-1	1.562903E2
2.268000E3	-6.069311E-1	3.031102E-1	1.531488E2
2.269000E3	-6.117352E-1	3.031102E-1	1.484607E2
2.270000E3	-6.165393E-1	3.031102E-1	1.423290E2
2.271000E3	-6.213435E-1	3.031102E-1	1.380375E2
2.272000E3	-6.261476E-1	3.031102E-1	1.329809E2
2.273000E3	-6.309518E-1	3.031102E-1	1.268939E2
2.274000E3	-6.357559E-1	3.031102E-1	1.233525E2
2.275000E3	-6.405600E-1	3.031102E-1	1.223319E2
2.276000E3	-6.453642E-1	3.031102E-1	1.226653E2
2.277000E3	-6.501683E-1	3.031102E-1	1.240783E2
2.278000E3	-6.549725E-1	3.031102E-1	1.276176E2
2.279000E3	-6.597766E-1	3.031102E-1	1.319216E2
2.280000E3	-6.645808E-1	3.031102E-1	1.343547E2
2.281000E3	-6.693849E-1	3.031102E-1	1.331638E2
2.282000E3	-6.741890E-1	3.031102E-1	1.304966E2
2.283000E3	-6.789932E-1	3.031102E-1	1.283067E2
2.284000E3	-6.837973E-1	3.031102E-1	1.284638E2
2.285000E3	-6.886015E-1	3.031102E-1	1.317640E2
2.286000E3	-6.934056E-1	3.031102E-1	1.328420E2
2.287000E3	-6.982097E-1	3.031102E-1	1.292724E2
2.288000E3	-7.030139E-1	3.031102E-1	1.244957E2
2.289000E3	-7.078180E-1	3.031102E-1	1.223539E2
2.290000E3	-7.126222E-1	3.031102E-1	1.205260E2
2.291000E3	-7.174263E-1	3.031102E-1	1.144448E2
2.292000E3	-7.222304E-1	3.031102E-1	1.066175E2
2.293000E3	-7.270346E-1	3.031102E-1	9.931003E1
2.294000E3	-7.318387E-1	3.031102E-1	9.818446E1
2.295000E3	-7.366429E-1	3.031102E-1	9.870991E1
2.296000E3	-7.414470E-1	3.031102E-1	1.009627E2
2.297000E3	-7.462511E-1	3.031102E-1	9.792836E1
2.298000E3	-7.510553E-1	3.031102E-1	9.198654E1
2.299000E3	-7.558594E-1	3.031102E-1	8.891029E1
2.300000E3	-7.606636E-1	3.031102E-1	8.716268E1
2.301000E3	-7.654677E-1	3.031102E-1	8.665483E1
2.302000E3	-7.702718E-1	3.031102E-1	8.592958E1
2.303000E3	-7.750760E-1	3.031102E-1	8.600420E1
2.304000E3	-7.798801E-1	3.031102E-1	8.336734E1
2.305000E3	-7.846843E-1	3.031102E-1	8.121183E1
2.306000E3	-7.894884E-1	3.031102E-1	7.776880E1
2.307000E3	-7.942925E-1	3.031102E-1	7.583146E1
2.308000E3	-7.990967E-1	3.031102E-1	7.567306E1
2.309000E3	-8.039008E-1	3.031102E-1	7.188697E1
2.310000E3	-8.087050E-1	3.031102E-1	6.709993E1
2.311000E3	-8.135091E-1	3.031102E-1	6.629042E1
2.312000E3	-8.183132E-1	3.031102E-1	6.302059E1
2.313000E3	-8.231174E-1	3.031102E-1	5.940124E1
2.314000E3	-8.279215E-1	3.031102E-1	5.365974E1
2.315000E3	-8.327257E-1	3.031102E-1	5.043622E1
2.316000E3	-8.375298E-1	3.031102E-1	4.546435E1
2.317000E3	-8.423339E-1	3.031102E-1	4.407003E1
2.318000E3	-8.471381E-1	3.031102E-1	4.615344E1
2.319000E3	-8.519422E-1	3.031102E-1	4.610883E1
2.320000E3	-8.567464E-1	3.031102E-1	4.232603E1
2.321000E3	-8.615505E-1	3.031102E-1	3.968803E1
2.322000E3	-8.663546E-1	3.031102E-1	3.884459E1
2.323000E3	-8.711588E-1	3.031102E-1	3.657749E1
2.324000E3	-8.759629E-1	3.031102E-1	3.649576E1
2.325000E3	-8.807671E-1	3.031102E-1	3.589973E1
2.326000E3	-8.855712E-1	3.031102E-1	3.371836E1
2.327000E3	-8.903753E-1	3.031102E-1	3.248631E1
2.328000E3	-8.951795E-1	3.031102E-1	3.282415E1
2.329000E3	-8.999836E-1	3.031102E-1	3.113523E1
2.330000E3	-9.047878E-1	3.031102E-1	3.005142E1
2.331000E3	-9.095919E-1	3.031102E-1	2.927022E1
2.332000E3	-9.143960E-1	3.031102E-1	3.069762E1
2.333000E3	-9.192002E-1	3.031102E-1	2.847758E1
2.334000E3	-9.240043E-1	3.031102E-1	2.545720E1
2.335000E3	-9.288085E-1	3.031102E-1	2.480022E1
2.336000E3	-9.336126E-1	3.031102E-1	2.683186E1
2.337000E3	-9.384167E-1	3.031102E-1	2.841932E1
2.338000E3	-9.432209E-1	3.031102E-1	2.808642E1
2.339000E3	-9.480250E-1	3.031102E-1	2.942569E1
2.340000E3	-9.528292E-1	3.031102E-1	2.896704E1
2.341000E3	-9.576333E-1	3.031102E-1	2.993174E1
2.342000E3	-9.624374E-1	3.031102E-1	3.100275E1
2.343000E3	-9.672416E-1	3.031102E-1	3.371748E1
2.344000E3	-9.720457E-1	3.031102E-1	3.373966E1
2.345000E3	-9.768499E-1	3.031102E-1	3.517527E1
2.346000E3	-9.816540E-1	3.031102E-1	3.800095E1
2.347000E3	-9.864581E-1	3.031102E-1	3.930041E1
2.348000E3	-9.912623E-1	3.031102E-1	4.097602E1
2.349000E3	-9.960664E-1	3.031102E-1	4.247202E1
2.350000E3	-1.000871E0	3.031102E-1	4.424800E1
2.351000E3	-1.005675E0	3.031102E-1	4.671766E1
2.352000E3	-1.010479E0	3.031102E-1	4.627062E1
2.353000E3	-1.015283E0	3.031102E-1	4.657933E1
2.354000E3	-1.020087E0	3.031102E-1	4.809326E1
2.355000E3	-1.024891E0	3.031102E-1	4.982141E1
2.356000E3	-1.029695E0	3.031102E-1	5.023338E1
2.357000E3	-1.034500E0	3.031102E-1	4.959107E1
2.358000E3	-1.039304E0	3.031102E-1	4.969311E1
2.359000E3	-1.044108E0	3.031102E-1	5.201230E1
2.360000E3	-1.048912E0	3.031102E-1	5.783362E1
2.361000E3	-1.053716E0	3.031102E-1	5.771710E1
2.362000E3	-1.058520E0	3.031102E-1	5.829325E1
2.363000E3	-1.063324E0	3.031102E-1	5.960788E1
2.364000E3	-1.068129E0	3.031102E-1	6.355983E1
2.365000E3	-1.072933E0	3.031102E-1	6.558373E1
2.366000E3	-1.077737E0	3.031102E-1	6.531459E1
2.367000E3	-1.082541E0	3.031102E-1	6.243710E1
2.368000E3	-1.087345E0	3.031102E-1	6.044508E1
2.369000E3	-1.092149E0	3.031102E-1	6.434739E1
2.370000E3	-1.096953E0	3.031102E-1	6.759597E1
2.371000E3	-1.101758E0	3.031102E-1	6.880187E1
2.372000E3	-1.106562E0	3.031102E-1	6.932923E1
2.373000E3	-1.111366E0	3.031102E-1	7.072582E1
2.374000E3	-1.116170E0	3.031102E-1	6.992643E1
2.375000E3	-1.120974E0	3.031102E-1	6.860642E1
2.376000E3	-1.125778E0	3.031102E-1	6.852796E1
2.377000E3	-1.130582E0	3.031102E-1	6.887914E1
2.378000E3	-1.135386E0	3.031102E-1	6.465711E1
2.379000E3	-1.140191E0	3.031102E-1	6.469912E1
2.380000E3	-1.144995E0	3.031102E-1	6.766945E1
2.381000E3	-1.149799E0	3.031102E-1	6.960510E1
2.382000E3	-1.154603E0	3.031102E-1	7.244037E1
2.383000E3	-1.159407E0	3.031102E-1	7.658984E1
2.384000E3	-1.164211E0	3.031102E-1	7.705924E1
2.385000E3	-1.169015E0	3.031102E-1	7.565703E1
2.386000E3	-1.173820E0	3.031102E-1	8.125063E1
2.387000E3	-1.178624E0	3.031102E-1	8.719633E1
2.388000E3	-1.183428E0	3.031102E-1	8.762233E1
2.389000E3	-1.188232E0	3.031102E-1	8.703395E1
2.390000E3	-1.193036E0	3.031102E-1	8.670543E1
2.391000E3	-1.197840E0	3.031102E-1	8.649382E1
2.392000E3	-1.202644E0	3.031102E-1	8.601714E1
2.393000E3	-1.207449E0	3.031102E-1	8.468346E1
2.394000E3	-1.212253E0	3.031102E-1	8.310211E1
2.395000E3	-1.217057E0	3.031102E-1	8.263109E1
2.396000E3	-1.221861E0	3.031102E-1	8.690472E1
2.397000E3	-1.226665E0	3.031102E-1	8.796107E1
2.398000E3	-1.231469E0	3.031102E-1	8.919315E1
2.399000E3	-1.236273E0	3.031102E-1	9.051301E1
2.400000E3	-1.241078E0	3.031102E-1	8.750109E1
2.401000E3	-1.245882E0	3.031102E-1	8.778914E1
2.402000E3	-1.250686E0	3.031102E-1	9.107466E1
2.403000E3	-1.255490E0	3.031102E-1	9.405489E1
2.404000E3	-1.260294E0	3.031102E-1	9.354422E1
2.405000E3	-1.265098E0	3.031102E-1	9.188761E1
2.406000E3	-1.269902E0	3.031102E-1	9.042807E1
2.407000E3	-1.274707E0	3.031102E-1	9.056425E1
2.408000E3	-1.279511E0	3.031102E-1	9.224762E1
2.409000E3	-1.284315E0	3.031102E-1	9.443409E1
2.410000E3	-1.289119E0	3.031102E-1	9.572128E1
2.411000E3	-1.293923E0	3.031102E-1	9.349254E1
2.412000E3	-1.298727E0	3.031102E-1	9.463240E1
2.413000E3	-1.303531E0	3.031102E-1	9.328401E1
2.414000E3	-1.308336E0	3.031102E-1	9.416779E1
2.415000E3	-1.313140E0	3.031102E-1	9.309652E1
2.416000E3	-1.317944E0	3.031102E-1	9.187169E1
2.417000E3	-1.322748E0	3.031102E-1	9.350211E1
2.418000E3	-1.327552E0	3.031102E-1	9.813173E1
2.419000E3	-1.332356E0	3.031102E-1	9.875973E1
2.420000E3	-1.337160E0	3.031102E-1	9.649299E1
2.421000E3	-1.341965E0	3.031102E-1	9.645091E1
2.422000E3	-1.346769E0	3.031102E-1	9.589309E1
2.423000E3	-1.351573E0	3.031102E-1	9.452660E1
2.424000E3	-1.356377E0	3.031102E-1	9.284459E1
2.425000E3	-1.361181E0	3.031102E-1	9.401656E1
2.426000E3	-1.365985E0	3.031102E-1	9.729985E1
2.427000E3	-1.370789E0	3.031102E-1	9.970530E1
2.428000E3	-1.375594E0	3.031102E-1	9.732461E1
2.429000E3	-1.380398E0	3.031102E-1	9.534193E1
2.430000E3	-1.385202E0	3.031102E-1	9.454988E1
2.431000E3	-1.390006E0	3.031102E-1	8.998784E1
2.432000E3	-1.394810E0	3.031102E-1	8.604924E1
2.433000E3	-1.399614E0	3.031102E-1	8.609096E1
2.434000E3	-1.404418E0	3.031102E-1	8.501123E1
2.435000E3	-1.409222E0	3.031102E-1	8.564512E1
2.436000E3	-1.414027E0	3.031102E-1	8.771177E1
2.437000E3	-1.418831E0	3.031102E-1	9.145424E1
2.438000E3	-1.423635E0	3.031102E-1	9.554186E1
2.439000E3	-1.428439E0	3.031102E-1	9.681295E1
2.440000E3	-1.433243E0	3.031102E-1	8.931694E1
2.441000E3	-1.438047E0	3.031102E-1	8.667282E1
2.442000E3	-1.442851E0	3.031102E-1	8.419579E1
2.443000E3	-1.447656E0	3.031102E-1	8.503016E1
2.444000E3	-1.452460E0	3.031102E-1	8.553047E1
2.445000E3	-1.457264E0	3.031102E-1	8.656510E1
2.446000E3	-1.462068E0	3.031102E-1	8.398249E1
2.447000E3	-1.466872E0	3.031102E-1	8.487688E1
2.448000E3	-1.471676E0	3.031102E-1	8.176237E1
2.449000E3	-1.476480E0	3.031102E-1	7.948323E1
2.450000E3	-1.481285E0	3.031102E-1	8.074907E1
2.451000E3	-1.486089E0	3.031102E-1	7.951883E1
2.452000E3	-1.490893E0	3.031102E-1	7.950200E1
2.453000E3	-1.495697E0	3.031102E-1	8.197173E1
2.454000E3	-1.500501E0	3.031102E-1	8.363218E1
2.455000E3	-1.505305E0	3.031102E-1	8.619315E1
2.456000E3	-1.510109E0	3.031102E-1	8.222987E1
2.457000E3	-1.514914E0	3.031102E-1	7.913516E1
2.458000E3	-1.519718E0	3.031102E-1	7.766202E1
2.459000E3	-1.524522E0	3.031102E-1	7.748967E1
2.460000E3	-1.529326E0	3.031102E-1	7.994220E1
2.461000E3	-1.534130E0	3.031102E-1	8.166293E1
2.462000E3	-1.538934E0	3.031102E-1	7.487951E1
2.463000E3	-1.543738E0	3.031102E-1	6.998463E1
2.464000E3	-1.548543E0	3.031102E-1	6.955000E1
2.465000E3	-1.553347E0	3.031102E-1	7.241176E1
2.466000E3	-1.558151E0	3.031102E-1	7.056000E1
2.467000E3	-1.562955E0	3.031102E-1	6.778293E1
2.468000E3	-1.567759E0	3.031102E-1	6.707970E1
2.469000E3	-1.572563E0	3.031102E-1	6.710525E1
2.470000E3	-1.577367E0	3.031102E-1	6.855307E1
2.471000E3	-1.582172E0	3.031102E-1	6.662256E1
2.472000E3	-1.586976E0	3.031102E-1	6.388776E1
2.473000E3	-1.591780E0	3.031102E-1	6.443261E1
2.474000E3	-1.596584E0	3.031102E-1	6.547282E1
2.475000E3	-1.601388E0	3.031102E-1	6.254516E1
2.476000E3	-1.606192E0	3.031102E-1	5.777022E1
2.477000E3	-1.610996E0	3.031102E-1	5.601821E1
2.478000E3	-1.615801E0	3.031102E-1	5.828620E1
2.479000E3	-1.620605E0	3.031102E-1	5.960752E1
2.480000E3	-1.625409E0	3.031102E-1	6.002040E1
2.481000E3	-1.630213E0	3.031102E-1	5.617548E1
2.482000E3	-1.635017E0	3.031102E-1	4.796508E1
2.483000E3	-1.639821E0	3.031102E-1	4.400549E1
2.484000E3	-1.644625E0	3.031102E-1	4.260390E1
2.485000E3	-1.649430E0	3.031102E-1	4.291602E1
2.486000E3	-1.654234E0	3.031102E-1	4.495011E1
2.487000E3	-1.659038E0	3.031102E-1	4.488474E1
2.488000E3	-1.663842E0	3.031102E-1	4.235860E1
2.489000E3	-1.668646E0	3.031102E-1	4.389083E1
2.490000E3	-1.673450E0	3.031102E-1	4.612162E1
2.491000E3	-1.678254E0	3.031102E-1	4.579995E1
2.492000E3	-1.683058E0	3.031102E-1	4.480166E1
2.493000E3	-1.687863E0	3.031102E-1	4.459780E1
2.494000E3	-1.692667E0	3.031102E-1	4.505524E1
2.495000E3	-1.697471E0	3.031102E-1	4.371922E1
2.496000E3	-1.702275E0	3.031102E-1	4.169540E1
2.497000E3	-1.707079E0	3.031102E-1	4.219468E1
2.498000E3	-1.711883E0	3.031102E-1	4.087113E1
2.499000E3	-1.716687E0	3.031102E-1	3.964708E1
2.500000E3	-1.721492E0	3.031102E-1	3.865279E1
2.501000E3	-1.726296E0	3.031102E-1	3.930630E1
2.502000E3	-1.731100E0	3.031102E-1	3.902082E1
2.503000E3	-1.735904E0	3.031102E-1	3.920777E1
2.504000E3	-1.740708E0	3.031102E-1	3.462115E1
2.505000E3	-1.745512E0	3.031102E-1	3.379699E1
2.506000E3	-1.750316E0	3.031102E-1	3.320587E1
2.507000E3	-1.755121E0	3.031102E-1	3.099162E1
2.508000E3	-1.759925E0	3.031102E-1	3.141076E1
2.509000E3	-1.764729E0	3.031102E-1	2.845939E1
2.510000E3	-1.769533E0	3.031102E-1	2.902434E1
2.511000E3	-1.774337E0	3.031102E-1	2.949008E1
2.512000E3	-1.779141E0	3.031102E-1	2.863288E1
2.513000E3	-1.783945E0	3.031102E-1	2.940208E1
2.514000E3	-1.788750E0	3.031102E-1	2.887616E1
2.515000E3	-1.793554E0	3.031102E-1	2.785750E1
2.516000E3	-1.798358E0	3.031102E-1	2.830656E1
2.517000E3	-1.803162E0	3.031102E-1	2.701249E1
2.518000E3	-1.807966E0	3.031102E-1	2.440460E1
2.519000E3	-1.812770E0	3.031102E-1	2.351782E1
2.520000E3	-1.817574E0	3.031102E-1	2.581987E1
2.521000E3	-1.822379E0	3.031102E-1	2.556391E1
2.522000E3	-1.827183E0	3.031102E-1	2.433444E1
2.523000E3	-1.831987E0	3.031102E-1	2.270021E1
2.524000E3	-1.836791E0	3.031102E-1	2.165252E1
2.525000E3	-1.841595E0	3.031102E-1	2.208189E1
2.526000E3	-1.846399E0	3.031102E-1	2.277952E1
2.527000E3	-1.851203E0	3.031102E-1	2.116210E1
2.528000E3	-1.856008E0	3.031102E-1	1.720168E1
2.529000E3	-1.860812E0	3.031102E-1	1.792365E1
2.530000E3	-1.865616E0	3.031102E-1	1.915421E1
2.531000E3	-1.870420E0	3.031102E-1	2.030201E1
2.532000E3	-1.875224E0	3.031102E-1	2.046730E1
2.533000E3	-1.880028E0	3.031102E-1	2.129637E1
2.534000E3	-1.884832E0	3.031102E-1	2.052889E1
2.535000E3	-1.889637E0	3.031102E-1	2.116457E1
2.536000E3	-1.894441E0	3.031102E-1	2.055866E1
2.537000E3	-1.899245E0	3.031102E-1	2.159864E1
2.538000E3	-1.904049E0	3.031102E-1	2.154524E1
2.539000E3	-1.908853E0	3.031102E-1	2.143610E1
2.540000E3	-1.913657E0	3.031102E-1	2.095684E1
2.541000E3	-1.918461E0	3.031102E-1	2.295538E1
2.542000E3	-1.923265E0	3.031102E-1	2.372032E1
2.543000E3	-1.928070E0	3.031102E-1	2.455461E1
2.544000E3	-1.932874E0	3.031102E-1	2.278553E1
2.545000E3	-1.937678E0	3.031102E-1	2.268226E1
2.546000E3	-1.942482E0	3.031102E-1	2.349691E1
2.547000E3	-1.947286E0	3.031102E-1	2.547269E1
2.548000E3	-1.952090E0	3.031102E-1	2.435930E1
2.549000E3	-1.956894E0	3.031102E-1	2.221571E1
2.550000E3	-1.961699E0	3.031102E-1	2.371488E1
2.551000E3	-1.966503E0	3.031102E-1	2.289267E1
2.552000E3	-1.971307E0	3.031102E-1	2.409585E1
2.553000E3	-1.976111E0	3.031102E-1	2.509341E1
2.554000E3	-1.980915E0	3.031102E-1	2.557057E1
2.555000E3	-1.985719E0	3.031102E-1	2.679568E1
2.556000E3	-1.990523E0	3.031102E-1	2.979465E1
2.557000E3	-1.995328E0	3.031102E-1	3.128495E1
2.558000E3	-2.000132E0	3.031102E-1	3.106414E1
2.559000E3	-2.004936E0	3.031102E-1	3.181583E1
2.560000E3	-2.009740E0	3.031102E-1	3.411926E1
2.561000E3	-2.014544E0	3.031102E-1	3.396665E1
2.562000E3	-2.019348E0	3.031102E-1	3.310462E1
2.563000E3	-2.024152E0	3.031102E-1	3.465207E1
2.564000E3	-2.028957E0	3.031102E-1	3.565306E1
2.565000E3	-2.033761E0	3.031102E-1	3.491875E1
2.566000E3	-2.038565E0	3.031102E-1	3.543785E1
2.567000E3	-2.043369E0	3.031102E-1	3.707198E1
2.568000E3	-2.048173E0	3.031102E-1	3.839699E1
2.569000E3	-2.052977E0	3.031102E-1	3.725925E1
2.570000E3	-2.057781E0	3.031102E-1	3.330936E1
2.571000E3	-2.062586E0	3.031102E-1	3.177266E1
2.572000E3	-2.067390E0	3.031102E-1	3.501743E1
2.573000E3	-2.072194E0	3.031102E-1	3.668439E1
2.574000E3	-2.076998E0	3.031102E-1	3.685924E1
2.575000E3	-2.081802E0	3.031102E-1	3.675417E1
2.576000E3	-2.086606E0	3.031102E-1	3.867373E1
2.577000E3	-2.091410E0	3.031102E-1	3.856389E1
2.578000E3	-2.096215E0	3.031102E-1	4.012285E1
2.579000E3	-2.101019E0	3.031102E-1	4.008419E1
2.580000E3	-2.105823E0	3.031102E-1	3.922113E1
2.581000E3	-2.110627E0	3.031102E-1	4.009797E1
2.582000E3	-2.115431E0	3.031102E-1	4.083131E1
2.583000E3	-2.120235E0	3.031102E-1	3.853133E1
2.584000E3	-2.125039E0	3.031102E-1	3.850588E1
2.585000E3	-2.129844E0	3.031102E-1	3.940550E1
2.586000E3	-2.134648E0	3.031102E-1	4.092793E1
2.587000E3	-2.139452E0	3.031102E-1	4.211521E1
2.588000E3	-2.144256E0	3.031102E-1	4.109505E1
2.589000E3	-2.149060E0	3.031102E-1	4.031855E1
2.590000E3	-2.153864E0	3.031102E-1	3.942712E1
2.591000E3	-2.158668E0	3.031102E-1	3.706801E1
2.592000E3	-2.163473E0	3.031102E-1	3.475181E1
2.593000E3	-2.168277E0	3.031102E-1	3.408834E1
2.594000E3	-2.173081E0	3.031102E-1	3.605103E1
2.595000E3	-2.177885E0	3.031102E-1	4.008756E1
2.596000E3	-2.182689E0	3.031102E-1	4.032641E1
2.597000E3	-2.187493E0	3.031102E-1	4.100128E1
2.598000E3	-2.192297E0	3.031102E-1	4.091816E1
2.599000E3	-2.197101E0	3.031102E-1	4.347108E1
2.600000E3	-2.201906E0	3.031102E-1	4.479032E1
2.601000E3	-2.206710E0	3.031102E-1	4.528863E1
2.602000E3	-2.211514E0	3.031102E-1	4.614736E1
2.603000E3	-2.216318E0	3.031102E-1	4.549200E1
2.604000E3	-2.221122E0	3.031102E-1	4.741643E1
2.605000E3	-2.225926E0	3.031102E-1	4.671460E1
2.606000E3	-2.230730E0	3.031102E-1	4.552252E1
2.607000E3	-2.235535E0	3.031102E-1	4.540121E1
2.608000E3	-2.240339E0	3.031102E-1	4.633350E1
2.609000E3	-2.245143E0	3.031102E-1	4.734047E1
2.610000E3	-2.249947E0	3.031102E-1	4.759911E1
2.611000E3	-2.254751E0	3.031102E-1	4.618565E1
2.612000E3	-2.259555E0	3.031102E-1	4.492899E1
2.613000E3	-2.264359E0	3.031102E-1	4.442213E1
2.614000E3	-2.269164E0	3.031102E-1	4.238687E1
2.615000E3	-2.273968E0	3.031102E-1	4.302026E1
2.616000E3	-2.278772E0	3.031102E-1	4.571474E1
2.617000E3	-2.283576E0	3.031102E-1	4.666228E1
2.618000E3	-2.288380E0	3.031102E-1	4.418715E1
2.619000E3	-2.293184E0	3.031102E-1	4.270548E1
2.620000E3	-2.297988E0	3.031102E-1	4.474062E1
2.621000E3	-2.302793E0	3.031102E-1	4.433391E1
2.622000E3	-2.307597E0	3.031102E-1	4.380175E1
2.623000E3	-2.312401E0	3.031102E-1	4.284940E1
2.624000E3	-2.317205E0	3.031102E-1	4.401625E1
2.625000E3	-2.322009E0	3.031102E-1	4.784424E1
2.626000E3	-2.326813E0	3.031102E-1	4.812249E1
2.627000E3	-2.331617E0	3.031102E-1	4.799027E1
2.628000E3	-2.336422E0	3.031102E-1	4.536845E1
2.629000E3	-2.341226E0	3.031102E-1	4.545719E1
2.630000E3	-2.346030E0	3.031102E-1	4.656539E1
2.631000E3	-2.350834E0	3.031102E-1	4.759377E1
2.632000E3	-2.355638E0	3.031102E-1	4.571209E1
2.633000E3	-2.360442E0	3.031102E-1	4.538379E1
2.634000E3	-2.365246E0	3.031102E-1	4.521299E1
2.635000E3	-2.370051E0	3.031102E-1	4.386215E1
2.636000E3	-2.374855E0	3.031102E-1	4.283375E1
2.637000E3	-2.379659E0	3.031102E-1	4.014034E1
2.638000E3	-2.384463E0	3.031102E-1	3.947913E1
2.639000E3	-2.389267E0	3.031102E-1	4.094432E1
2.640000E3	-2.394071E0	3.031102E-1	4.088753E1
2.641000E3	-2.398875E0	3.031102E-1	3.978100E1
2.642000E3	-2.403680E0	3.031102E-1	4.281207E1
2.643000E3	-2.408484E0	3.031102E-1	4.420340E1
2.644000E3	-2.413288E0	3.031102E-1	4.503981E1
2.645000E3	-2.418092E0	3.031102E-1	4.366528E1
2.646000E3	-2.422896E0	3.031102E-1	4.220517E1
2.647000E3	-2.427700E0	3.031102E-1	4.416960E1
2.648000E3	-2.432504E0	3.031102E-1	4.365521E1
2.649000E3	-2.437309E0	3.031102E-1	4.158240E1
2.650000E3	-2.442113E0	3.031102E-1	4.224738E1
2.651000E3	-2.446917E0	3.031102E-1	4.194964E1
2.652000E3	-2.451721E0	3.031102E-1	3.968385E1
2.653000E3	-2.456525E0	3.031102E-1	3.797982E1
2.654000E3	-2.461329E0	3.031102E-1	3.959604E1
2.655000E3	-2.466133E0	3.031102E-1	3.952076E1
2.656000E3	-2.470937E0	3.031102E-1	3.504989E1
2.657000E3	-2.475742E0	3.031102E-1	3.373245E1
2.658000E3	-2.480546E0	3.031102E-1	3.392548E1
2.659000E3	-2.485350E0	3.031102E-1	3.543481E1
2.660000E3	-2.490154E0	3.031102E-1	3.675677E1
2.661000E3	-2.494958E0	3.031102E-1	3.744271E1
2.662000E3	-2.499762E0	3.031102E-1	3.722611E1
2.663000E3	-2.504566E0	3.031102E-1	3.510974E1
2.664000E3	-2.509371E0	3.031102E-1	3.618197E1
2.665000E3	-2.514175E0	3.031102E-1	3.477961E1
2.666000E3	-2.518979E0	3.031102E-1	3.542253E1
2.667000E3	-2.523783E0	3.031102E-1	3.664415E1
2.668000E3	-2.528587E0	3.031102E-1	3.442352E1
2.669000E3	-2.533391E0	3.031102E-1	3.235585E1
2.670000E3	-2.538195E0	3.031102E-1	3.218614E1
2.671000E3	-2.543000E0	3.031102E-1	3.247277E1
2.672000E3	-2.547804E0	3.031102E-1	3.147758E1
2.673000E3	-2.552608E0	3.031102E-1	3.100203E1
2.674000E3	-2.557412E0	3.031102E-1	3.068688E1
2.675000E3	-2.562216E0	3.031102E-1	3.073419E1
2.676000E3	-2.567020E0	3.031102E-1	2.972252E1
2.677000E3	-2.571824E0	3.031102E-1	2.924606E1
2.678000E3	-2.576629E0	3.031102E-1	2.930967E1
2.679000E3	-2.581433E0	3.031102E-1	2.878029E1
2.680000E3	-2.586237E0	3.031102E-1	2.933858E1
2.681000E3	-2.591041E0	3.031102E-1	2.799623E1
2.682000E3	-2.595845E0	3.031102E-1	2.943139E1
2.683000E3	-2.600649E0	3.031102E-1	2.860872E1
2.684000E3	-2.605453E0	3.031102E-1	2.816029E1
2.685000E3	-2.610258E0	3.031102E-1	2.838666E1
2.686000E3	-2.615062E0	3.031102E-1	2.900532E1
2.687000E3	-2.619866E0	3.031102E-1	2.795730E1
2.688000E3	-2.624670E0	3.031102E-1	2.589223E1
2.689000E3	-2.629474E0	3.031102E-1	2.619058E1
2.690000E3	-2.634278E0	3.031102E-1	2.649975E1
2.691000E3	-2.639082E0	3.031102E-1	2.887767E1
2.692000E3	-2.643887E0	3.031102E-1	2.642267E1
2.693000E3	-2.648691E0	3.031102E-1	2.339080E1
2.694000E3	-2.653495E0	3.031102E-1	2.106867E1
2.695000E3	-2.658299E0	3.031102E-1	2.187327E1
2.696000E3	-2.663103E0	3.031102E-1	1.963632E1
2.697000E3	-2.667907E0	3.031102E-1	2.010571E1
2.698000E3	-2.672711E0	3.031102E-1	2.010889E1
2.699000E3	-2.677516E0	3.031102E-1	1.911128E1
2.700000E3	-2.682320E0	3.031102E-1	1.753026E1
2.701000E3	-2.687124E0	3.031102E-1	1.686824E1
2.702000E3	-2.691928E0	3.031102E-1	1.690348E1
2.703000E3	-2.696732E0	3.031102E-1	1.866919E1
2.704000E3	-2.701536E0	3.031102E-1	2.011103E1
2.705000E3	-2.706340E0	3.031102E-1	2.023037E1
2.706000E3	-2.711145E0	3.031102E-1	1.955538E1
2.707000E3	-2.715949E0	3.031102E-1	1.974559E1
2.708000E3	-2.720753E0	3.031102E-1	2.030962E1
2.709000E3	-2.725557E0	3.031102E-1	1.932222E1
2.710000E3	-2.730361E0	3.031102E-1	2.028293E1
2.711000E3	-2.735165E0	3.031102E-1	2.052370E1
2.712000E3	-2.739969E0	3.031102E-1	2.071606E1
2.713000E3	-2.744773E0	3.031102E-1	1.969685E1
2.714000E3	-2.749578E0	3.031102E-1	1.977248E1
2.715000E3	-2.754382E0	3.031102E-1	2.048434E1
2.716000E3	-2.759186E0	3.031102E-1	1.880472E1
2.717000E3	-2.763990E0	3.031102E-1	1.849911E1
2.718000E3	-2.768794E0	3.031102E-1	1.841329E1
2.719000E3	-2.773598E0	3.031102E-1	1.827607E1
2.720000E3	-2.778402E0	3.031102E-1	1.783168E1
2.721000E3	-2.783207E0	3.031102E-1	1.955341E1
2.722000E3	-2.788011E0	3.031102E-1	1.736586E1
2.723000E3	-2.792815E0	3.031102E-1	1.669571E1
2.724000E3	-2.797619E0	3.031102E-1	1.583133E1
2.725000E3	-2.802423E0	3.031102E-1	1.686708E1
2.726000E3	-2.807227E0	3.031102E-1	1.774102E1
2.727000E3	-2.812031E0	3.031102E-1	1.809469E1
2.728000E3	-2.816836E0	3.031102E-1	1.837257E1
2.729000E3	-2.821640E0	3.031102E-1	1.723137E1
2.730000E3	-2.826444E0	3.031102E-1	1.626464E1
2.731000E3	-2.831248E0	3.031102E-1	1.692375E1
2.732000E3	-2.836052E0	3.031102E-1	1.658517E1
2.733000E3	-2.840856E0	3.031102E-1	1.723919E1
2.734000E3	-2.845660E0	3.031102E-1	1.804901E1
2.735000E3	-2.850465E0	3.031102E-1	1.698827E1
2.736000E3	-2.855269E0	3.031102E-1	1.707061E1
2.737000E3	-2.860073E0	3.031102E-1	1.895805E1
2.738000E3	-2.864877E0	3.031102E-1	1.929370E1
2.739000E3	-2.869681E0	3.031102E-1	1.903505E1
2.740000E3	-2.874485E0	3.031102E-1	1.933195E1
2.741000E3	-2.879289E0	3.031102E-1	1.771607E1
2.742000E3	-2.884094E0	3.031102E-1	1.661164E1
2.743000E3	-2.888898E0	3.031102E-1	1.718138E1
2.744000E3	-2.893702E0	3.031102E-1	1.677509E1
2.745000E3	-2.898506E0	3.031102E-1	1.792324E1
2.746000E3	-2.903310E0	3.031102E-1	2.015907E1
2.747000E3	-2.908114E0	3.031102E-1	2.168245E1
2.748000E3	-2.912918E0	3.031102E-1	1.997841E1
2.749000E3	-2.917723E0	3.031102E-1	1.872313E1
2.750000E3	-2.922527E0	3.031102E-1	2.050322E1
2.751000E3	-2.927331E0	3.031102E-1	1.948329E1
2.752000E3	-2.932135E0	3.031102E-1	2.132488E1
2.753000E3	-2.936939E0	3.031102E-1	2.149327E1
2.754000E3	-2.941743E0	3.031102E-1	2.220998E1
2.755000E3	-2.946547E0	3.031102E-1	2.142731E1
2.756000E3	-2.951352E0	3.031102E-1	2.158903E1
2.757000E3	-2.956156E0	3.031102E-1	2.236174E1
2.758000E3	-2.960960E0	3.031102E-1	2.316899E1
2.759000E3	-2.965764E0	3.031102E-1	2.210371E1
2.760000E3	-2.970568E0	3.031102E-1	2.273330E1
2.761000E3	-2.975372E0	3.031102E-1	2.112009E1
2.762000E3	-2.980176E0	3.031102E-1	2.169177E1
2.763000E3	-2.984980E0	3.031102E-1	1.992810E1
2.764000E3	-2.989785E0	3.031102E-1	2.139635E1
2.765000E3	-2.994589E0	3.031102E-1	2.208661E1
2.766000E3	-2.999393E0	3.031102E-1	2.210780E1
2.767000E3	-3.004197E0	3.031102E-1	2.172416E1
2.768000E3	-3.009001E0	3.031102E-1	2.356089E1
2.769000E3	-3.013805E0	3.031102E-1	2.406821E1
2.770000E3	-3.018609E0	3.031102E-1	2.283620E1
2.771000E3	-3.023414E0	3.031102E-1	2.403001E1
2.772000E3	-3.028218E0	3.031102E-1	2.430411E1
2.773000E3	-3.033022E0	3.031102E-1	2.592365E1
2.774000E3	-3.037826E0	3.031102E-1	2.579319E1
2.775000E3	-3.042630E0	3.031102E-1	2.416221E1
2.776000E3	-3.047434E0	3.031102E-1	2.561385E1
2.777000E3	-3.052238E0	3.031102E-1	2.489847E1
2.778000E3	-3.057043E0	3.031102E-1	2.359462E1
2.779000E3	-3.061847E0	3.031102E-1	2.328836E1
2.780000E3	-3.066651E0	3.031102E-1	2.374246E1
2.781000E3	-3.071455E0	3.031102E-1	2.457065E1
2.782000E3	-3.076259E0	3.031102E-1	2.462053E1
2.783000E3	-3.081063E0	3.031102E-1	2.425824E1
2.784000E3	-3.085867E0	3.031102E-1	2.498035E1
2.785000E3	-3.090672E0	3.031102E-1	2.522137E1
2.786000E3	-3.095476E0	3.031102E-1	2.499920E1
2.787000E3	-3.100280E0	3.031102E-1	2.531656E1
2.788000E3	-3.105084E0	3.031102E-1	2.605130E1
2.789000E3	-3.109888E0	3.031102E-1	2.675718E1
2.790000E3	-3.114692E0	3.031102E-1	2.522397E1
2.791000E3	-3.119496E0	3.031102E-1	2.326956E1
2.792000E3	-3.124301E0	3.031102E-1	2.531352E1
2.793000E3	-3.129105E0	3.031102E-1	2.562321E1
2.794000E3	-3.133909E0	3.031102E-1	2.517772E1
2.795000E3	-3.138713E0	3.031102E-1	2.567854E1
2.796000E3	-3.143517E0	3.031102E-1	2.571799E1
2.797000E3	-3.148321E0	3.031102E-1	2.567816E1
2.798000E3	-3.153125E0	3.031102E-1	2.738147E1
2.799000E3	-3.157930E0	3.031102E-1	2.821878E1
2.800000E3	-3.162734E0	3.031102E-1	2.682442E1
2.801000E3	-3.167538E0	3.031102E-1	2.662203E1
2.802000E3	-3.172342E0	3.031102E-1	2.704285E1
2.803000E3	-3.177146E0	3.031102E-1	2.633274E1
2.804000E3	-3.181950E0	3.031102E-1	2.276704E1
2.805000E3	-3.186754E0	3.031102E-1	2.166965E1
2.806000E3	-3.191559E0	3.031102E-1	2.228185E1
2.807000E3	-3.196363E0	3.031102E-1	2.157979E1
2.808000E3	-3.201167E0	3.031102E-1	2.322254E1
2.809000E3	-3.205971E0	3.031102E-1	2.352512E1
2.810000E3	-3.210775E0	3.031102E-1	2.582619E1
2.811000E3	-3.215579E0	3.031102E-1	2.444877E1
2.812000E3	-3.220383E0	3.031102E-1	2.349507E1
2.813000E3	-3.225188E0	3.031102E-1	2.272326E1
2.814000E3	-3.229992E0	3.031102E-1	2.471540E1
2.815000E3	-3.234796E0	3.031102E-1	2.524114E1
2.816000E3	-3.239600E0	3.031102E-1	2.601789E1
2.817000E3	-3.244404E0	3.031102E-1	2.633141E1
2.818000E3	-3.249208E0	3.031102E-1	2.843117E1
2.819000E3	-3.254012E0	3.031102E-1	2.780031E1
2.820000E3	-3.258816E0	3.031102E-1	2.875895E1
2.821000E3	-3.263621E0	3.031102E-1	2.732443E1
2.822000E3	-3.268425E0	3.031102E-1	2.653226E1
2.823000E3	-3.273229E0	3.031102E-1	2.566309E1
2.824000E3	-3.278033E0	3.031102E-1	2.519174E1
2.825000E3	-3.282837E0	3.031102E-1	2.718531E1
2.826000E3	-3.287641E0	3.031102E-1	2.480396E1
2.827000E3	-3.292445E0	3.031102E-1	2.461686E1
2.828000E3	-3.297250E0	3.031102E-1	2.647109E1
2.829000E3	-3.302054E0	3.031102E-1	2.708476E1
2.830000E3	-3.306858E0	3.031102E-1	2.687313E1
2.831000E3	-3.311662E0	3.031102E-1	2.662298E1
2.832000E3	-3.316466E0	3.031102E-1	2.628611E1
2.833000E3	-3.321270E0	3.031102E-1	2.642248E1
2.834000E3	-3.326074E0	3.031102E-1	2.777934E1
2.835000E3	-3.330879E0	3.031102E-1	2.559555E1
2.836000E3	-3.335683E0	3.031102E-1	2.486414E1
2.837000E3	-3.340487E0	3.031102E-1	2.536489E1
2.838000E3	-3.345291E0	3.031102E-1	2.549538E1
2.839000E3	-3.350095E0	3.031102E-1	2.575659E1
2.840000E3	-3.354899E0	3.031102E-1	2.471547E1
2.841000E3	-3.359703E0	3.031102E-1	2.528703E1
2.842000E3	-3.364508E0	3.031102E-1	2.367101E1
2.843000E3	-3.369312E0	3.031102E-1	2.336938E1
2.844000E3	-3.374116E0	3.031102E-1	2.465705E1
2.845000E3	-3.378920E0	3.031102E-1	2.347545E1
2.846000E3	-3.383724E0	3.031102E-1	2.254666E1
2.847000E3	-3.388528E0	3.031102E-1	2.443296E1
2.848000E3	-3.393332E0	3.031102E-1	2.396634E1
2.849000E3	-3.398137E0	3.031102E-1	2.229392E1
2.850000E3	-3.402941E0	3.031102E-1	2.261262E1
2.851000E3	-3.407745E0	3.031102E-1	2.203545E1
2.852000E3	-3.412549E0	3.031102E-1	2.222332E1
2.853000E3	-3.417353E0	3.031102E-1	2.194872E1
2.854000E3	-3.422157E0	3.031102E-1	2.315969E1
2.855000E3	-3.426961E0	3.031102E-1	2.248366E1
2.856000E3	-3.431766E0	3.031102E-1	2.168798E1
2.857000E3	-3.436570E0	3.031102E-1	2.282350E1
2.858000E3	-3.441374E0	3.031102E-1	2.254166E1
2.859000E3	-3.446178E0	3.031102E-1	2.276292E1
2.860000E3	-3.450982E0	3.031102E-1	2.454842E1
2.861000E3	-3.455786E0	3.031102E-1	2.343359E1
2.862000E3	-3.460590E0	3.031102E-1	2.437028E1
2.863000E3	-3.465395E0	3.031102E-1	2.329409E1
2.864000E3	-3.470199E0	3.031102E-1	2.370628E1
2.865000E3	-3.475003E0	3.031102E-1	2.339729E1
2.866000E3	-3.479807E0	3.031102E-1	2.319640E1
2.867000E3	-3.484611E0	3.031102E-1	2.226625E1
2.868000E3	-3.489415E0	3.031102E-1	2.211409E1
2.869000E3	-3.494219E0	3.031102E-1	2.142142E1
2.870000E3	-3.499024E0	3.031102E-1	1.891324E1
2.871000E3	-3.503828E0	3.031102E-1	1.712630E1
2.872000E3	-3.508632E0	3.031102E-1	1.856983E1
2.873000E3	-3.513436E0	3.031102E-1	1.890344E1
2.874000E3	-3.518240E0	3.031102E-1	2.027128E1
2.875000E3	-3.523044E0	3.031102E-1	2.063535E1
2.876000E3	-3.527848E0	3.031102E-1	1.835203E1
2.877000E3	-3.532652E0	3.031102E-1	1.767539E1
2.878000E3	-3.537457E0	3.031102E-1	1.629964E1
2.879000E3	-3.542261E0	3.031102E-1	1.863825E1
2.880000E3	-3.547065E0	3.031102E-1	2.013219E1
2.881000E3	-3.551869E0	3.031102E-1	1.885470E1
2.882000E3	-3.556673E0	3.031102E-1	1.844977E1
2.883000E3	-3.561477E0	3.031102E-1	1.898149E1
2.884000E3	-3.566281E0	3.031102E-1	1.642328E1
2.885000E3	-3.571086E0	3.031102E-1	1.794975E1
2.886000E3	-3.575890E0	3.031102E-1	1.937973E1
2.887000E3	-3.580694E0	3.031102E-1	1.887386E1
2.888000E3	-3.585498E0	3.031102E-1	1.858137E1
2.889000E3	-3.590302E0	3.031102E-1	1.838067E1
2.890000E3	-3.595106E0	3.031102E-1	1.618397E1
2.891000E3	-3.599910E0	3.031102E-1	1.577911E1
2.892000E3	-3.604715E0	3.031102E-1	1.649071E1
2.893000E3	-3.609519E0	3.031102E-1	1.617342E1
2.894000E3	-3.614323E0	3.031102E-1	1.537364E1
2.895000E3	-3.619127E0	3.031102E-1	1.610684E1
2.896000E3	-3.623931E0	3.031102E-1	1.693214E1
2.897000E3	-3.628735E0	3.031102E-1	1.704429E1
2.898000E3	-3.633539E0	3.031102E-1	1.598945E1
2.899000E3	-3.638344E0	3.031102E-1	1.502113E1
2.900000E3	-3.643148E0	3.031102E-1	1.593487E1
2.901000E3	-3.647952E0	3.031102E-1	1.678809E1
2.902000E3	-3.652756E0	3.031102E-1	1.743575E1
2.903000E3	-3.657560E0	3.031102E-1	1.569209E1
2.904000E3	-3.662364E0	3.031102E-1	1.450737E1
2.905000E3	-3.667168E0	3.031102E-1	1.514841E1
2.906000E3	-3.671973E0	3.031102E-1	1.497022E1
2.907000E3	-3.676777E0	3.031102E-1	1.383403E1
2.908000E3	-3.681581E0	3.031102E-1	1.432064E1
2.909000E3	-3.686385E0	3.031102E-1	1.420930E1
2.910000E3	-3.691189E0	3.031102E-1	1.341527E1
2.911000E3	-3.695993E0	3.031102E-1	1.356335E1
2.912000E3	-3.700797E0	3.031102E-1	1.305007E1
2.913000E3	-3.705602E0	3.031102E-1	1.323385E1
2.914000E3	-3.710406E0	3.031102E-1	1.217263E1
2.915000E3	-3.715210E0	3.031102E-1	1.091641E1
2.916000E3	-3.720014E0	3.031102E-1	1.044102E1
2.917000E3	-3.724818E0	3.031102E-1	1.223131E1
2.918000E3	-3.729622E0	3.031102E-1	1.347418E1
2.919000E3	-3.734426E0	3.031102E-1	1.342826E1
2.920000E3	-3.739231E0	3.031102E-1	1.437319E1
2.921000E3	-3.744035E0	3.031102E-1	1.256759E1
2.922000E3	-3.748839E0	3.031102E-1	1.242033E1
2.923000E3	-3.753643E0	3.031102E-1	1.331433E1
2.924000E3	-3.758447E0	3.031102E-1	1.314433E1
2.925000E3	-3.763251E0	3.031102E-1	1.293258E1
2.926000E3	-3.768055E0	3.031102E-1	1.225137E1
2.927000E3	-3.772860E0	3.031102E-1	1.262847E1
2.928000E3	-3.777664E0	3.031102E-1	1.199706E1
2.929000E3	-3.782468E0	3.031102E-1	1.223514E1
2.930000E3	-3.787272E0	3.031102E-1	1.304453E1
2.931000E3	-3.792076E0	3.031102E-1	1.305622E1
2.932000E3	-3.796880E0	3.031102E-1	1.352178E1
2.933000E3	-3.801684E0	3.031102E-1	1.475161E1
2.934000E3	-3.806488E0	3.031102E-1	1.321323E1
2.935000E3	-3.811293E0	3.031102E-1	1.169754E1
2.936000E3	-3.816097E0	3.031102E-1	1.229351E1
2.937000E3	-3.820901E0	3.031102E-1	1.326553E1
2.938000E3	-3.825705E0	3.031102E-1	1.296095E1
2.939000E3	-3.830509E0	3.031102E-1	1.304818E1
2.940000E3	-3.835313E0	3.031102E-1	1.355232E1
2.941000E3	-3.840117E0	3.031102E-1	1.200624E1
2.942000E3	-3.844922E0	3.031102E-1	1.324881E1
2.943000E3	-3.849726E0	3.031102E-1	1.235184E1
2.944000E3	-3.854530E0	3.031102E-1	1.263295E1
2.945000E3	-3.859334E0	3.031102E-1	1.228877E1
2.946000E3	-3.864138E0	3.031102E-1	1.239745E1
2.947000E3	-3.868942E0	3.031102E-1	1.248370E1
2.948000E3	-3.873746E0	3.031102E-1	1.273315E1
2.949000E3	-3.878551E0	3.031102E-1	1.321341E1
2.950000E3	-3.883355E0	3.031102E-1	1.247350E1
2.951000E3	-3.888159E0	3.031102E-1	1.319790E1
2.952000E3	-3.892963E0	3.031102E-1	1.278762E1
2.953000E3	-3.897767E0	3.031102E-1	1.296809E1
2.954000E3	-3.902571E0	3.031102E-1	1.173128E1
2.955000E3	-3.907375E0	3.031102E-1	1.265958E1
2.956000E3	-3.912180E0	3.031102E-1	1.204322E1
2.957000E3	-3.916984E0	3.031102E-1	1.179591E1
2.958000E3	-3.921788E0	3.031102E-1	1.306965E1
2.959000E3	-3.926592E0	3.031102E-1	1.371008E1
2.960000E3	-3.931396E0	3.031102E-1	1.406667E1
2.961000E3	-3.936200E0	3.031102E-1	1.412624E1
2.962000E3	-3.941004E0	3.031102E-1	1.239440E1
2.963000E3	-3.945809E0	3.031102E-1	1.339629E1
2.964000E3	-3.950613E0	3.031102E-1	1.456473E1
2.965000E3	-3.955417E0	3.031102E-1	1.325812E1
2.966000E3	-3.960221E0	3.031102E-1	1.417871E1
2.967000E3	-3.965025E0	3.031102E-1	1.450438E1
2.968000E3	-3.969829E0	3.031102E-1	1.319737E1
2.969000E3	-3.974633E0	3.031102E-1	1.301650E1
2.970000E3	-3.979438E0	3.031102E-1	1.325998E1
2.971000E3	-3.984242E0	3.031102E-1	1.359779E1
2.972000E3	-3.989046E0	3.031102E-1	1.286389E1
2.973000E3	-3.993850E0	3.031102E-1	1.372965E1
2.974000E3	-3.998654E0	3.031102E-1	1.457187E1
2.975000E3	-4.003458E0	3.031102E-1	1.395119E1
2.976000E3	-4.008262E0	3.031102E-1	1.339768E1
2.977000E3	-4.013067E0	3.031102E-1	1.415039E1
2.978000E3	-4.017871E0	3.031102E-1	1.429948E1
2.979000E3	-4.022675E0	3.031102E-1	1.276045E1
2.980000E3	-4.027479E0	3.031102E-1	1.218080E1
2.981000E3	-4.032283E0	3.031102E-1	1.243997E1
2.982000E3	-4.037087E0	3.031102E-1	1.214228E1
2.983000E3	-4.041891E0	3.031102E-1	1.221883E1
2.984000E3	-4.046695E0	3.031102E-1	1.356519E1
2.985000E3	-4.051500E0	3.031102E-1	1.255495E1
2.986000E3	-4.056304E0	3.031102E-1	1.433223E1
2.987000E3	-4.061108E0	3.031102E-1	1.505637E1
2.988000E3	-4.065912E0	3.031102E-1	1.417456E1
2.989000E3	-4.070716E0	3.031102E-1	1.396435E1
2.990000E3	-4.075520E0	3.031102E-1	1.400260E1
2.991000E3	-4.080324E0	3.031102E-1	1.408469E1
2.992000E3	-4.085129E0	3.031102E-1	1.465349E1
2.993000E3	-4.089933E0	3.031102E-1	1.380885E1
2.994000E3	-4.094737E0	3.031102E-1	1.481062E1
2.995000E3	-4.099541E0	3.031102E-1	1.425983E1
2.996000E3	-4.104345E0	3.031102E-1	1.310318E1
2.997000E3	-4.109149E0	3.031102E-1	1.376910E1
2.998000E3	-4.113953E0	3.031102E-1	1.394455E1
2.999000E3	-4.118758E0	3.031102E-1	1.279101E1
3.000000E3	-4.123562E0	3.031102E-1	1.257926E1
3.001000E3	-4.128366E0	3.031102E-1	1.268041E1
3.002000E3	-4.133170E0	3.031102E-1	1.289068E1
3.003000E3	-4.137974E0	3.031102E-1	1.327229E1
3.004000E3	-4.142778E0	3.031102E-1	1.349673E1
3.005000E3	-4.147582E0	3.031102E-1	1.325752E1
3.006000E3	-4.152387E0	3.031102E-1	1.392536E1
3.007000E3	-4.157191E0	3.031102E-1	1.441356E1
3.008000E3	-4.161995E0	3.031102E-1	1.578306E1
3.009000E3	-4.166799E0	3.031102E-1	1.566447E1
3.010000E3	-4.171603E0	3.031102E-1	1.409415E1
3.011000E3	-4.176407E0	3.031102E-1	1.325835E1
3.012000E3	-4.181211E0	3.031102E-1	1.421083E1
3.013000E3	-4.186016E0	3.031102E-1	1.378305E1
3.014000E3	-4.190820E0	3.031102E-1	1.487587E1
3.015000E3	-4.195624E0	3.031102E-1	1.440402E1
3.016000E3	-4.200428E0	3.031102E-1	1.429191E1
3.017000E3	-4.205232E0	3.031102E-1	1.264571E1
3.018000E3	-4.210036E0	3.031102E-1	1.160942E1
3.019000E3	-4.214840E0	3.031102E-1	1.170094E1
3.020000E3	-4.219645E0	3.031102E-1	1.399424E1
3.021000E3	-4.224449E0	3.031102E-1	1.431630E1
3.022000E3	-4.229253E0	3.031102E-1	1.323128E1
3.023000E3	-4.234057E0	3.031102E-1	1.257631E1
3.024000E3	-4.238861E0	3.031102E-1	1.302895E1
3.025000E3	-4.243665E0	3.031102E-1	1.149357E1
3.026000E3	-4.248469E0	3.031102E-1	1.148558E1
3.027000E3	-4.253274E0	3.031102E-1	1.293854E1
3.028000E3	-4.258078E0	3.031102E-1	1.362615E1
3.029000E3	-4.262882E0	3.031102E-1	1.418052E1
3.030000E3	-4.267686E0	3.031102E-1	1.452909E1
3.031000E3	-4.272490E0	3.031102E-1	1.505964E1
3.032000E3	-4.277294E0	3.031102E-1	1.442732E1
3.033000E3	-4.282098E0	3.031102E-1	1.404249E1
3.034000E3	-4.286903E0	3.031102E-1	1.454070E1
3.035000E3	-4.291707E0	3.031102E-1	1.506917E1
3.036000E3	-4.296511E0	3.031102E-1	1.439792E1
3.037000E3	-4.301315E0	3.031102E-1	1.316675E1
3.038000E3	-4.306119E0	3.031102E-1	1.269944E1
3.039000E3	-4.310923E0	3.031102E-1	1.258084E1
3.040000E3	-4.315727E0	3.031102E-1	1.293888E1
3.041000E3	-4.320531E0	3.031102E-1	1.334048E1
3.042000E3	-4.325336E0	3.031102E-1	1.230250E1
3.043000E3	-4.330140E0	3.031102E-1	9.788641E0
3.044000E3	-4.334944E0	3.031102E-1	1.164131E1
3.045000E3	-4.339748E0	3.031102E-1	1.282379E1
3.046000E3	-4.344552E0	3.031102E-1	1.259914E1
3.047000E3	-4.349356E0	3.031102E-1	1.205088E1
3.048000E3	-4.354160E0	3.031102E-1	1.311461E1
3.049000E3	-4.358965E0	3.031102E-1	1.221567E1
3.050000E3	-4.363769E0	3.031102E-1	1.199974E1
3.051000E3	-4.368573E0	3.031102E-1	1.175515E1
3.052000E3	-4.373377E0	3.031102E-1	1.260631E1
3.053000E3	-4.378181E0	3.031102E-1	1.385237E1
3.054000E3	-4.382985E0	3.031102E-1	1.251835E1
3.055000E3	-4.387789E0	3.031102E-1	1.392611E1
3.056000E3	-4.392594E0	3.031102E-1	1.339200E1
3.057000E3	-4.397398E0	3.031102E-1	1.371780E1
3.058000E3	-4.402202E0	3.031102E-1	1.267232E1
3.059000E3	-4.407006E0	3.031102E-1	1.310708E1
3.060000E3	-4.411810E0	3.031102E-1	1.326196E1
3.061000E3	-4.416614E0	3.031102E-1	1.360472E1
3.062000E3	-4.421418E0	3.031102E-1	1.388093E1
3.063000E3	-4.426223E0	3.031102E-1	1.177233E1
3.064000E3	-4.431027E0	3.031102E-1	1.278092E1
3.065000E3	-4.435831E0	3.031102E-1	1.281621E1
3.066000E3	-4.440635E0	3.031102E-1	1.270630E1
3.067000E3	-4.445439E0	3.031102E-1	1.397388E1
3.068000E3	-4.450243E0	3.031102E-1	1.348281E1
3.069000E3	-4.455047E0	3.031102E-1	1.185144E1
3.070000E3	-4.459852E0	3.031102E-1	1.233532E1
3.071000E3	-4.464656E0	3.031102E-1	1.289165E1
3.072000E3	-4.469460E0	3.031102E-1	1.252253E1
3.073000E3	-4.474264E0	3.031102E-1	1.193299E1
3.074000E3	-4.479068E0	3.031102E-1	1.216998E1
3.075000E3	-4.483872E0	3.031102E-1	1.206056E1
3.076000E3	-4.488676E0	3.031102E-1	1.378057E1
3.077000E3	-4.493481E0	3.031102E-1	1.411170E1
3.078000E3	-4.498285E0	3.031102E-1	1.388940E1
3.079000E3	-4.503089E0	3.031102E-1	1.345765E1
3.080000E3	-4.507893E0	3.031102E-1	1.226461E1
3.081000E3	-4.512697E0	3.031102E-1	1.259968E1
3.082000E3	-4.517501E0	3.031102E-1	1.229461E1
3.083000E3	-4.522305E0	3.031102E-1	1.226467E1
3.084000E3	-4.527110E0	3.031102E-1	1.137227E1
3.085000E3	-4.531914E0	3.031102E-1	1.039014E1
3.086000E3	-4.536718E0	3.031102E-1	1.098578E1
3.087000E3	-4.541522E0	3.031102E-1	1.256672E1
3.088000E3	-4.546326E0	3.031102E-1	1.165437E1
3.089000E3	-4.551130E0	3.031102E-1	1.157449E1
3.090000E3	-4.555934E0	3.031102E-1	1.170146E1
3.091000E3	-4.560739E0	3.031102E-1	1.134583E1
3.092000E3	-4.565543E0	3.031102E-1	1.093585E1
3.093000E3	-4.570347E0	3.031102E-1	9.446043E0
3.094000E3	-4.575151E0	3.031102E-1	1.058175E1
3.095000E3	-4.579955E0	3.031102E-1	1.181699E1
3.096000E3	-4.584759E0	3.031102E-1	1.073231E1
3.097000E3	-4.589563E0	3.031102E-1	1.190786E1
3.098000E3	-4.594367E0	3.031102E-1	1.273717E1
3.099000E3	-4.599172E0	3.031102E-1	1.206619E1
3.100000E3	-4.603976E0	3.031102E-1	1.176062E1
3.101000E3	-4.608780E0	3.031102E-1	1.182993E1
3.102000E3	-4.613584E0	3.031102E-1	1.075421E1
3.103000E3	-4.618388E0	3.031102E-1	1.007451E1
3.104000E3	-4.623192E0	3.031102E-1	1.148333E1
3.105000E3	-4.627996E0	3.031102E-1	1.220848E1
3.106000E3	-4.632801E0	3.031102E-1	1.074437E1
3.107000E3	-4.637605E0	3.031102E-1	1.307843E1
3.108000E3	-4.642409E0	3.031102E-1	1.130866E1
3.109000E3	-4.647213E0	3.031102E-1	9.079562E0
3.110000E3	-4.652017E0	3.031102E-1	1.012852E1
3.111000E3	-4.656821E0	3.031102E-1	9.939651E0
3.112000E3	-4.661625E0	3.031102E-1	1.126724E1
3.113000E3	-4.666430E0	3.031102E-1	1.057785E1
3.114000E3	-4.671234E0	3.031102E-1	9.356066E0
3.115000E3	-4.676038E0	3.031102E-1	1.111913E1
3.116000E3	-4.680842E0	3.031102E-1	1.032080E1
3.117000E3	-4.685646E0	3.031102E-1	1.058553E1
3.118000E3	-4.690450E0	3.031102E-1	1.205961E1
3.119000E3	-4.695254E0	3.031102E-1	1.060782E1
3.120000E3	-4.700059E0	3.031102E-1	1.135350E1
3.121000E3	-4.704863E0	3.031102E-1	1.001596E1
3.122000E3	-4.709667E0	3.031102E-1	9.189374E0
3.123000E3	-4.714471E0	3.031102E-1	8.917654E0
3.124000E3	-4.719275E0	3.031102E-1	9.422090E0
3.125000E3	-4.724079E0	3.031102E-1	1.136809E1
3.126000E3	-4.728883E0	3.031102E-1	9.115613E0
3.127000E3	-4.733688E0	3.031102E-1	8.212861E0
3.128000E3	-4.738492E0	3.031102E-1	9.460560E0
3.129000E3	-4.743296E0	3.031102E-1	1.024846E1
3.130000E3	-4.748100E0	3.031102E-1	9.871686E0
3.131000E3	-4.752904E0	3.031102E-1	9.397095E0
3.132000E3	-4.757708E0	3.031102E-1	8.495684E0
3.133000E3	-4.762512E0	3.031102E-1	8.043247E0
3.134000E3	-4.767317E0	3.031102E-1	9.546052E0
3.135000E3	-4.772121E0	3.031102E-1	9.071310E0
3.136000E3	-4.776925E0	3.031102E-1	8.893043E0
3.137000E3	-4.781729E0	3.031102E-1	9.543181E0
3.138000E3	-4.786533E0	3.031102E-1	9.562271E0
3.139000E3	-4.791337E0	3.031102E-1	1.052139E1
3.140000E3	-4.796141E0	3.031102E-1	1.060994E1
3.141000E3	-4.800946E0	3.031102E-1	1.025601E1
3.142000E3	-4.805750E0	3.031102E-1	1.002089E1
3.143000E3	-4.810554E0	3.031102E-1	9.801841E0
3.144000E3	-4.815358E0	3.031102E-1	9.529946E0
3.145000E3	-4.820162E0	3.031102E-1	9.209088E0
3.146000E3	-4.824966E0	3.031102E-1	9.069428E0
3.147000E3	-4.829770E0	3.031102E-1	9.428057E0
3.148000E3	-4.834574E0	3.031102E-1	1.062955E1
3.149000E3	-4.839379E0	3.031102E-1	9.927483E0
3.150000E3	-4.844183E0	3.031102E-1	8.459158E0
3.151000E3	-4.848987E0	3.031102E-1	8.673693E0
3.152000E3	-4.853791E0	3.031102E-1	9.409317E0
3.153000E3	-4.858595E0	3.031102E-1	1.010667E1
3.154000E3	-4.863399E0	3.031102E-1	8.743725E0
3.155000E3	-4.868203E0	3.031102E-1	1.140563E1
3.156000E3	-4.873008E0	3.031102E-1	1.083266E1
3.157000E3	-4.877812E0	3.031102E-1	1.051927E1
3.158000E3	-4.882616E0	3.031102E-1	1.082592E1
3.159000E3	-4.887420E0	3.031102E-1	1.118759E1
3.160000E3	-4.892224E0	3.031102E-1	1.129200E1
3.161000E3	-4.897028E0	3.031102E-1	9.913550E0
3.162000E3	-4.901832E0	3.031102E-1	9.916513E0
3.163000E3	-4.906637E0	3.031102E-1	9.690079E0
3.164000E3	-4.911441E0	3.031102E-1	1.053762E1
3.165000E3	-4.916245E0	3.031102E-1	1.062258E1
3.166000E3	-4.921049E0	3.031102E-1	1.200462E1
3.167000E3	-4.925853E0	3.031102E-1	1.168784E1
3.168000E3	-4.930657E0	3.031102E-1	9.555714E0
3.169000E3	-4.935461E0	3.031102E-1	8.538056E0
3.170000E3	-4.940266E0	3.031102E-1	9.694598E0
3.171000E3	-4.945070E0	3.031102E-1	1.090740E1
3.172000E3	-4.949874E0	3.031102E-1	1.079281E1
3.173000E3	-4.954678E0	3.031102E-1	1.026675E1
3.174000E3	-4.959482E0	3.031102E-1	1.018658E1
3.175000E3	-4.964286E0	3.031102E-1	1.004309E1
3.176000E3	-4.969090E0	3.031102E-1	1.030210E1
3.177000E3	-4.973895E0	3.031102E-1	9.653902E0
3.178000E3	-4.978699E0	3.031102E-1	1.087711E1
3.179000E3	-4.983503E0	3.031102E-1	1.006660E1
3.180000E3	-4.988307E0	3.031102E-1	1.035107E1
3.181000E3	-4.993111E0	3.031102E-1	1.071774E1
3.182000E3	-4.997915E0	3.031102E-1	1.050358E1
3.183000E3	-5.002719E0	3.031102E-1	9.259219E0
3.184000E3	-5.007524E0	3.031102E-1	9.486553E0
3.185000E3	-5.012328E0	3.031102E-1	9.820609E0
3.186000E3	-5.017132E0	3.031102E-1	1.063964E1
3.187000E3	-5.021936E0	3.031102E-1	1.060870E1
3.188000E3	-5.026740E0	3.031102E-1	9.647760E0
3.189000E3	-5.031544E0	3.031102E-1	8.885684E0
3.190000E3	-5.036348E0	3.031102E-1	9.399860E0
3.191000E3	-5.041153E0	3.031102E-1	8.980449E0
3.192000E3	-5.045957E0	3.031102E-1	8.465830E0
3.193000E3	-5.050761E0	3.031102E-1	1.019638E1
3.194000E3	-5.055565E0	3.031102E-1	1.021140E1
3.195000E3	-5.060369E0	3.031102E-1	1.169952E1
3.196000E3	-5.065173E0	3.031102E-1	1.053217E1
3.197000E3	-5.069977E0	3.031102E-1	1.078485E1
3.198000E3	-5.074782E0	3.031102E-1	1.156245E1
3.199000E3	-5.079586E0	3.031102E-1	1.101029E1
3.200000E3	-5.084390E0	3.031102E-1	9.171825E0
3.201000E3	-5.089194E0	3.031102E-1	9.604082E0
3.202000E3	-5.093998E0	3.031102E-1	1.127180E1
3.203000E3	-5.098802E0	3.031102E-1	1.033246E1
3.204000E3	-5.103606E0	3.031102E-1	1.003036E1
3.205000E3	-5.108410E0	3.031102E-1	1.050569E1
3.206000E3	-5.113215E0	3.031102E-1	1.019894E1
3.207000E3	-5.118019E0	3.031102E-1	1.231281E1
3.208000E3	-5.122823E0	3.031102E-1	1.115988E1
3.209000E3	-5.127627E0	3.031102E-1	9.241097E0
3.210000E3	-5.132431E0	3.031102E-1	1.055239E1
3.211000E3	-5.137235E0	3.031102E-1	1.031373E1
3.212000E3	-5.142039E0	3.031102E-1	9.657989E0
3.213000E3	-5.146844E0	3.031102E-1	8.758846E0
3.214000E3	-5.151648E0	3.031102E-1	9.804269E0
3.215000E3	-5.156452E0	3.031102E-1	1.017815E1
3.216000E3	-5.161256E0	3.031102E-1	9.773580E0
3.217000E3	-5.166060E0	3.031102E-1	8.983058E0
3.218000E3	-5.170864E0	3.031102E-1	9.649865E0
3.219000E3	-5.175668E0	3.031102E-1	1.008740E1
3.220000E3	-5.180473E0	3.031102E-1	9.395909E0
3.221000E3	-5.185277E0	3.031102E-1	9.305184E0
3.222000E3	-5.190081E0	3.031102E-1	1.037884E1
3.223000E3	-5.194885E0	3.031102E-1	9.687195E0
3.224000E3	-5.199689E0	3.031102E-1	1.105668E1
3.225000E3	-5.204493E0	3.031102E-1	1.102891E1
3.226000E3	-5.209297E0	3.031102E-1	1.031201E1
3.227000E3	-5.214102E0	3.031102E-1	1.116620E1
3.228000E3	-5.218906E0	3.031102E-1	9.193227E0
3.229000E3	-5.223710E0	3.031102E-1	9.627188E0
3.230000E3	-5.228514E0	3.031102E-1	9.293326E0
3.231000E3	-5.233318E0	3.031102E-1	1.113643E1
3.232000E3	-5.238122E0	3.031102E-1	1.185096E1
3.233000E3	-5.242926E0	3.031102E-1	8.868529E0
3.234000E3	-5.247731E0	3.031102E-1	7.800990E0
3.235000E3	-5.252535E0	3.031102E-1	9.104922E0
3.236000E3	-5.257339E0	3.031102E-1	8.735874E0
3.237000E3	-5.262143E0	3.031102E-1	8.528828E0
3.238000E3	-5.266947E0	3.031102E-1	8.583287E0
3.239000E3	-5.271751E0	3.031102E-1	9.361895E0
3.240000E3	-5.276555E0	3.031102E-1	1.034480E1
3.241000E3	-5.281360E0	3.031102E-1	1.062126E1
3.242000E3	-5.286164E0	3.031102E-1	9.777158E0
3.243000E3	-5.290968E0	3.031102E-1	9.409542E0
3.244000E3	-5.295772E0	3.031102E-1	8.266230E0
3.245000E3	-5.300576E0	3.031102E-1	9.131657E0
3.246000E3	-5.305380E0	3.031102E-1	8.713316E0
3.247000E3	-5.310184E0	3.031102E-1	8.287533E0
3.248000E3	-5.314989E0	3.031102E-1	9.829875E0
3.249000E3	-5.319793E0	3.031102E-1	8.749491E0
3.250000E3	-5.324597E0	3.031102E-1	9.848546E0
3.251000E3	-5.329401E0	3.031102E-1	1.009529E1
3.252000E3	-5.334205E0	3.031102E-1	9.596239E0
3.253000E3	-5.339009E0	3.031102E-1	9.285985E0
3.254000E3	-5.343813E0	3.031102E-1	9.481574E0
3.255000E3	-5.348618E0	3.031102E-1	9.171729E0
3.256000E3	-5.353422E0	3.031102E-1	9.113825E0
3.257000E3	-5.358226E0	3.031102E-1	8.513850E0
3.258000E3	-5.363030E0	3.031102E-1	9.441479E0
3.259000E3	-5.367834E0	3.031102E-1	8.906374E0
3.260000E3	-5.372638E0	3.031102E-1	8.589535E0
3.261000E3	-5.377442E0	3.031102E-1	1.033337E1
3.262000E3	-5.382246E0	3.031102E-1	1.004075E1
3.263000E3	-5.387051E0	3.031102E-1	8.695362E0
3.264000E3	-5.391855E0	3.031102E-1	8.384344E0
3.265000E3	-5.396659E0	3.031102E-1	8.405746E0
3.266000E3	-5.401463E0	3.031102E-1	9.476194E0
3.267000E3	-5.406267E0	3.031102E-1	8.429910E0
3.268000E3	-5.411071E0	3.031102E-1	8.995068E0
3.269000E3	-5.415875E0	3.031102E-1	9.949695E0
3.270000E3	-5.420680E0	3.031102E-1	9.523734E0
3.271000E3	-5.425484E0	3.031102E-1	9.451649E0
3.272000E3	-5.430288E0	3.031102E-1	8.252897E0
3.273000E3	-5.435092E0	3.031102E-1	8.404872E0
3.274000E3	-5.439896E0	3.031102E-1	8.741682E0
3.275000E3	-5.444700E0	3.031102E-1	7.364794E0
3.276000E3	-5.449504E0	3.031102E-1	6.934078E0
3.277000E3	-5.454309E0	3.031102E-1	8.732061E0
3.278000E3	-5.459113E0	3.031102E-1	8.661935E0
3.279000E3	-5.463917E0	3.031102E-1	8.028774E0
3.280000E3	-5.468721E0	3.031102E-1	7.692102E0
3.281000E3	-5.473525E0	3.031102E-1	7.871927E0
3.282000E3	-5.478329E0	3.031102E-1	8.224046E0
3.283000E3	-5.483133E0	3.031102E-1	8.306032E0
3.284000E3	-5.487938E0	3.031102E-1	8.309044E0
3.285000E3	-5.492742E0	3.031102E-1	9.262244E0
3.286000E3	-5.497546E0	3.031102E-1	8.618617E0
3.287000E3	-5.502350E0	3.031102E-1	8.490253E0
3.288000E3	-5.507154E0	3.031102E-1	9.165079E0
3.289000E3	-5.511958E0	3.031102E-1	8.837855E0
3.290000E3	-5.516762E0	3.031102E-1	8.401211E0
3.291000E3	-5.521567E0	3.031102E-1	8.424639E0
3.292000E3	-5.526371E0	3.031102E-1	8.943271E0
3.293000E3	-5.531175E0	3.031102E-1	8.966344E0
3.294000E3	-5.535979E0	3.031102E-1	8.860865E0
3.295000E3	-5.540783E0	3.031102E-1	9.118875E0
3.296000E3	-5.545587E0	3.031102E-1	9.242756E0
3.297000E3	-5.550391E0	3.031102E-1	8.627689E0
3.298000E3	-5.555196E0	3.031102E-1	8.719558E0
3.299000E3	-5.560000E0	3.031102E-1	9.101326E0
3.300000E3	-5.564804E0	3.031102E-1	8.055166E0
3.301000E3	-5.569608E0	3.031102E-1	9.408417E0
3.302000E3	-5.574412E0	3.031102E-1	8.991785E0
3.303000E3	-5.579216E0	3.031102E-1	9.469057E0
3.304000E3	-5.584020E0	3.031102E-1	9.421168E0
3.305000E3	-5.588825E0	3.031102E-1	8.787077E0
3.306000E3	-5.593629E0	3.031102E-1	9.068097E0
3.307000E3	-5.598433E0	3.031102E-1	8.622658E0
3.308000E3	-5.603237E0	3.031102E-1	9.470486E0
3.309000E3	-5.608041E0	3.031102E-1	9.371862E0
3.310000E3	-5.612845E0	3.031102E-1	8.696515E0
3.311000E3	-5.617649E0	3.031102E-1	8.496836E0
3.312000E3	-5.622454E0	3.031102E-1	7.778447E0
3.313000E3	-5.627258E0	3.031102E-1	9.479374E0
3.314000E3	-5.632062E0	3.031102E-1	9.186884E0
3.315000E3	-5.636866E0	3.031102E-1	8.395944E0
3.316000E3	-5.641670E0	3.031102E-1	7.630775E0
3.317000E3	-5.646474E0	3.031102E-1	7.623320E0
3.318000E3	-5.651278E0	3.031102E-1	7.909476E0
3.319000E3	-5.656082E0	3.031102E-1	8.872393E0
3.320000E3	-5.660887E0	3.031102E-1	8.704354E0
3.321000E3	-5.665691E0	3.031102E-1	8.142472E0
3.322000E3	-5.670495E0	3.031102E-1	7.387786E0
3.323000E3	-5.675299E0	3.031102E-1	6.497328E0
3.324000E3	-5.680103E0	3.031102E-1	7.465806E0
3.325000E3	-5.684907E0	3.031102E-1	1.022096E1
3.326000E3	-5.689711E0	3.031102E-1	9.117983E0
3.327000E3	-5.694516E0	3.031102E-1	7.975038E0
3.328000E3	-5.699320E0	3.031102E-1	8.638223E0
3.329000E3	-5.704124E0	3.031102E-1	8.297594E0
3.330000E3	-5.708928E0	3.031102E-1	9.717018E0
3.331000E3	-5.713732E0	3.031102E-1	8.094623E0
3.332000E3	-5.718536E0	3.031102E-1	7.344286E0
3.333000E3	-5.723340E0	3.031102E-1	9.827413E0
3.334000E3	-5.728145E0	3.031102E-1	9.618887E0
3.335000E3	-5.732949E0	3.031102E-1	9.374773E0
3.336000E3	-5.737753E0	3.031102E-1	1.031293E1
3.337000E3	-5.742557E0	3.031102E-1	9.940952E0
3.338000E3	-5.747361E0	3.031102E-1	8.840405E0
3.339000E3	-5.752165E0	3.031102E-1	8.136175E0
3.340000E3	-5.756969E0	3.031102E-1	7.443491E0
3.341000E3	-5.761774E0	3.031102E-1	6.933869E0
3.342000E3	-5.766578E0	3.031102E-1	7.054715E0
3.343000E3	-5.771382E0	3.031102E-1	7.750688E0
3.344000E3	-5.776186E0	3.031102E-1	7.164861E0
3.345000E3	-5.780990E0	3.031102E-1	7.703588E0
3.346000E3	-5.785794E0	3.031102E-1	7.673495E0
3.347000E3	-5.790598E0	3.031102E-1	7.756382E0
3.348000E3	-5.795403E0	3.031102E-1	6.978744E0
3.349000E3	-5.800207E0	3.031102E-1	6.785959E0
3.350000E3	-5.805011E0	3.031102E-1	7.221826E0
3.351000E3	-5.809815E0	3.031102E-1	7.321805E0
3.352000E3	-5.814619E0	3.031102E-1	7.078753E0
3.353000E3	-5.819423E0	3.031102E-1	7.016899E0
3.354000E3	-5.824227E0	3.031102E-1	7.712032E0
3.355000E3	-5.829032E0	3.031102E-1	8.023677E0
3.356000E3	-5.833836E0	3.031102E-1	8.817486E0
3.357000E3	-5.838640E0	3.031102E-1	9.533762E0
3.358000E3	-5.843444E0	3.031102E-1	8.173263E0
3.359000E3	-5.848248E0	3.031102E-1	8.230544E0
3.360000E3	-5.853052E0	3.031102E-1	5.798240E0
3.361000E3	-5.857856E0	3.031102E-1	6.938113E0
3.362000E3	-5.862661E0	3.031102E-1	7.858600E0
3.363000E3	-5.867465E0	3.031102E-1	7.938748E0
3.364000E3	-5.872269E0	3.031102E-1	7.913481E0
3.365000E3	-5.877073E0	3.031102E-1	8.215030E0
3.366000E3	-5.881877E0	3.031102E-1	7.433017E0
3.367000E3	-5.886681E0	3.031102E-1	6.853449E0
3.368000E3	-5.891485E0	3.031102E-1	7.505407E0
3.369000E3	-5.896289E0	3.031102E-1	7.616244E0
3.370000E3	-5.901094E0	3.031102E-1	7.348386E0
3.371000E3	-5.905898E0	3.031102E-1	7.976264E0
3.372000E3	-5.910702E0	3.031102E-1	8.895842E0
3.373000E3	-5.915506E0	3.031102E-1	9.040367E0
3.374000E3	-5.920310E0	3.031102E-1	7.589303E0
3.375000E3	-5.925114E0	3.031102E-1	8.229988E0
3.376000E3	-5.929918E0	3.031102E-1	7.939775E0
3.377000E3	-5.934723E0	3.031102E-1	8.085820E0
3.378000E3	-5.939527E0	3.031102E-1	8.456816E0
3.379000E3	-5.944331E0	3.031102E-1	7.904534E0
3.380000E3	-5.949135E0	3.031102E-1	8.724718E0
3.381000E3	-5.953939E0	3.031102E-1	7.878935E0
3.382000E3	-5.958743E0	3.031102E-1	7.175356E0
3.383000E3	-5.963547E0	3.031102E-1	7.646073E0
3.384000E3	-5.968352E0	3.031102E-1	5.804976E0
3.385000E3	-5.973156E0	3.031102E-1	6.656909E0
3.386000E3	-5.977960E0	3.031102E-1	6.830555E0
3.387000E3	-5.982764E0	3.031102E-1	6.187598E0
3.388000E3	-5.987568E0	3.031102E-1	6.702045E0
3.389000E3	-5.992372E0	3.031102E-1	7.507310E0
3.390000E3	-5.997176E0	3.031102E-1	5.876450E0
3.391000E3	-6.001981E0	3.031102E-1	6.021679E0
3.392000E3	-6.006785E0	3.031102E-1	6.913866E0
3.393000E3	-6.011589E0	3.031102E-1	6.901514E0
3.394000E3	-6.016393E0	3.031102E-1	8.098861E0
3.395000E3	-6.021197E0	3.031102E-1	7.686086E0
3.396000E3	-6.026001E0	3.031102E-1	8.483150E0
3.397000E3	-6.030805E0	3.031102E-1	8.275588E0
3.398000E3	-6.035610E0	3.031102E-1	8.861638E0
3.399000E3	-6.040414E0	3.031102E-1	7.091771E0
3.400000E3	-6.045218E0	3.031102E-1	7.737650E0
3.401000E3	-6.050022E0	3.031102E-1	7.556882E0
3.402000E3	-6.054826E0	3.031102E-1	7.526339E0
3.403000E3	-6.059630E0	3.031102E-1	8.245911E0
3.404000E3	-6.064434E0	3.031102E-1	7.191622E0
3.405000E3	-6.069239E0	3.031102E-1	8.096353E0
3.406000E3	-6.074043E0	3.031102E-1	7.938064E0
3.407000E3	-6.078847E0	3.031102E-1	8.246713E0
3.408000E3	-6.083651E0	3.031102E-1	7.712656E0
3.409000E3	-6.088455E0	3.031102E-1	7.992199E0
3.410000E3	-6.093259E0	3.031102E-1	8.065285E0
3.411000E3	-6.098063E0	3.031102E-1	7.396240E0
3.412000E3	-6.102868E0	3.031102E-1	7.102581E0
3.413000E3	-6.107672E0	3.031102E-1	6.546607E0
3.414000E3	-6.112476E0	3.031102E-1	6.295864E0
3.415000E3	-6.117280E0	3.031102E-1	7.111858E0
3.416000E3	-6.122084E0	3.031102E-1	6.876011E0
3.417000E3	-6.126888E0	3.031102E-1	7.333411E0
3.418000E3	-6.131692E0	3.031102E-1	8.533323E0
3.419000E3	-6.136497E0	3.031102E-1	7.177173E0
3.420000E3	-6.141301E0	3.031102E-1	6.852966E0
3.421000E3	-6.146105E0	3.031102E-1	7.275662E0
3.422000E3	-6.150909E0	3.031102E-1	6.285888E0
3.423000E3	-6.155713E0	3.031102E-1	6.770594E0
3.424000E3	-6.160517E0	3.031102E-1	6.124652E0
3.425000E3	-6.165321E0	3.031102E-1	6.473141E0
3.426000E3	-6.170125E0	3.031102E-1	9.592189E0
3.427000E3	-6.174930E0	3.031102E-1	8.610641E0
3.428000E3	-6.179734E0	3.031102E-1	7.303847E0
3.429000E3	-6.184538E0	3.031102E-1	6.966787E0
3.430000E3	-6.189342E0	3.031102E-1	6.888503E0
3.431000E3	-6.194146E0	3.031102E-1	7.540025E0
3.432000E3	-6.198950E0	3.031102E-1	8.841025E0
3.433000E3	-6.203754E0	3.031102E-1	8.622342E0
3.434000E3	-6.208559E0	3.031102E-1	8.629106E0
3.435000E3	-6.213363E0	3.031102E-1	6.950303E0
3.436000E3	-6.218167E0	3.031102E-1	7.784734E0
3.437000E3	-6.222971E0	3.031102E-1	7.136077E0
3.438000E3	-6.227775E0	3.031102E-1	6.813345E0
3.439000E3	-6.232579E0	3.031102E-1	6.532931E0
3.440000E3	-6.237383E0	3.031102E-1	7.239295E0
3.441000E3	-6.242188E0	3.031102E-1	7.463689E0
3.442000E3	-6.246992E0	3.031102E-1	7.554585E0
3.443000E3	-6.251796E0	3.031102E-1	6.774053E0
3.444000E3	-6.256600E0	3.031102E-1	8.015884E0
3.445000E3	-6.261404E0	3.031102E-1	7.562495E0
3.446000E3	-6.266208E0	3.031102E-1	6.912306E0
3.447000E3	-6.271012E0	3.031102E-1	6.142481E0
3.448000E3	-6.275817E0	3.031102E-1	6.525738E0
3.449000E3	-6.280621E0	3.031102E-1	7.215831E0
3.450000E3	-6.285425E0	3.031102E-1	6.275400E0
3.451000E3	-6.290229E0	3.031102E-1	7.899559E0
3.452000E3	-6.295033E0	3.031102E-1	6.698393E0
3.453000E3	-6.299837E0	3.031102E-1	7.119364E0
3.454000E3	-6.304641E0	3.031102E-1	6.939489E0
3.455000E3	-6.309446E0	3.031102E-1	5.841177E0
3.456000E3	-6.314250E0	3.031102E-1	7.183656E0
3.457000E3	-6.319054E0	3.031102E-1	8.069581E0
3.458000E3	-6.323858E0	3.031102E-1	6.814688E0
3.459000E3	-6.328662E0	3.031102E-1	7.605510E0
3.460000E3	-6.333466E0	3.031102E-1	7.705631E0
3.461000E3	-6.338270E0	3.031102E-1	7.945856E0
3.462000E3	-6.343075E0	3.031102E-1	7.998622E0
3.463000E3	-6.347879E0	3.031102E-1	7.291629E0
3.464000E3	-6.352683E0	3.031102E-1	7.372362E0
3.465000E3	-6.357487E0	3.031102E-1	7.281000E0
3.466000E3	-6.362291E0	3.031102E-1	6.712331E0
3.467000E3	-6.367095E0	3.031102E-1	6.452630E0
3.468000E3	-6.371899E0	3.031102E-1	6.489238E0
3.469000E3	-6.376704E0	3.031102E-1	7.399386E0
3.470000E3	-6.381508E0	3.031102E-1	7.430854E0
3.471000E3	-6.386312E0	3.031102E-1	7.511463E0
3.472000E3	-6.391116E0	3.031102E-1	8.089068E0
3.473000E3	-6.395920E0	3.031102E-1	8.752916E0
3.474000E3	-6.400724E0	3.031102E-1	7.229189E0
3.475000E3	-6.405528E0	3.031102E-1	8.075704E0
3.476000E3	-6.410333E0	3.031102E-1	7.586897E0
3.477000E3	-6.415137E0	3.031102E-1	8.471628E0
3.478000E3	-6.419941E0	3.031102E-1	7.288453E0
3.479000E3	-6.424745E0	3.031102E-1	7.110030E0
3.480000E3	-6.429549E0	3.031102E-1	7.174945E0
3.481000E3	-6.434353E0	3.031102E-1	6.447431E0
3.482000E3	-6.439157E0	3.031102E-1	6.718777E0
3.483000E3	-6.443961E0	3.031102E-1	7.622175E0
3.484000E3	-6.448766E0	3.031102E-1	6.683009E0
3.485000E3	-6.453570E0	3.031102E-1	7.090334E0
3.486000E3	-6.458374E0	3.031102E-1	7.288868E0
3.487000E3	-6.463178E0	3.031102E-1	8.413118E0
3.488000E3	-6.467982E0	3.031102E-1	7.844497E0
3.489000E3	-6.472786E0	3.031102E-1	6.977927E0
3.490000E3	-6.477590E0	3.031102E-1	6.923100E0
3.491000E3	-6.482395E0	3.031102E-1	6.364112E0
3.492000E3	-6.487199E0	3.031102E-1	7.124000E0
3.493000E3	-6.492003E0	3.031102E-1	6.915558E0
3.494000E3	-6.496807E0	3.031102E-1	6.835130E0
3.495000E3	-6.501611E0	3.031102E-1	6.466566E0
3.496000E3	-6.506415E0	3.031102E-1	7.290518E0
3.497000E3	-6.511219E0	3.031102E-1	6.889185E0
3.498000E3	-6.516024E0	3.031102E-1	7.001266E0
3.499000E3	-6.520828E0	3.031102E-1	7.177306E0
3.500000E3	-6.525632E0	3.031102E-1	7.331593E0
3.501000E3	-6.530436E0	3.031102E-1	6.261685E0
3.502000E3	-6.535240E0	3.031102E-1	5.102465E0
3.503000E3	-6.540044E0	3.031102E-1	6.207603E0
3.504000E3	-6.544848E0	3.031102E-1	6.465552E0
3.505000E3	-6.549653E0	3.031102E-1	7.380438E0
3.506000E3	-6.554457E0	3.031102E-1	6.618797E0
3.507000E3	-6.559261E0	3.031102E-1	7.812783E0
3.508000E3	-6.564065E0	3.031102E-1	8.242839E0
3.509000E3	-6.568869E0	3.031102E-1	6.641530E0
3.510000E3	-6.573673E0	3.031102E-1	6.152737E0
3.511000E3	-6.578477E0	3.031102E-1	7.142995E0
3.512000E3	-6.583282E0	3.031102E-1	7.490246E0
3.513000E3	-6.588086E0	3.031102E-1	7.037784E0
3.514000E3	-6.592890E0	3.031102E-1	6.909217E0
3.515000E3	-6.597694E0	3.031102E-1	7.459750E0
3.516000E3	-6.602498E0	3.031102E-1	7.406778E0
3.517000E3	-6.607302E0	3.031102E-1	7.803572E0
3.518000E3	-6.612106E0	3.031102E-1	8.172176E0
3.519000E3	-6.616911E0	3.031102E-1	6.840877E0
3.520000E3	-6.621715E0	3.031102E-1	7.313024E0
3.521000E3	-6.626519E0	3.031102E-1	7.224311E0
3.522000E3	-6.631323E0	3.031102E-1	5.951239E0
3.523000E3	-6.636127E0	3.031102E-1	6.957513E0
3.524000E3	-6.640931E0	3.031102E-1	6.396000E0
3.525000E3	-6.645735E0	3.031102E-1	6.246758E0
3.526000E3	-6.650540E0	3.031102E-1	7.217394E0
3.527000E3	-6.655344E0	3.031102E-1	7.429262E0
3.528000E3	-6.660148E0	3.031102E-1	6.601218E0
3.529000E3	-6.664952E0	3.031102E-1	7.338511E0
3.530000E3	-6.669756E0	3.031102E-1	7.201125E0
3.531000E3	-6.674560E0	3.031102E-1	6.611491E0
3.532000E3	-6.679364E0	3.031102E-1	7.647588E0
3.533000E3	-6.684169E0	3.031102E-1	7.169174E0
3.534000E3	-6.688973E0	3.031102E-1	7.084276E0
3.535000E3	-6.693777E0	3.031102E-1	6.699962E0
3.536000E3	-6.698581E0	3.031102E-1	7.832940E0
3.537000E3	-6.703385E0	3.031102E-1	6.977241E0
3.538000E3	-6.708189E0	3.031102E-1	6.958587E0
3.539000E3	-6.712993E0	3.031102E-1	6.020097E0
3.540000E3	-6.717797E0	3.031102E-1	5.340802E0
3.541000E3	-6.722602E0	3.031102E-1	6.172744E0
3.542000E3	-6.727406E0	3.031102E-1	6.495660E0
3.543000E3	-6.732210E0	3.031102E-1	6.616465E0
3.544000E3	-6.737014E0	3.031102E-1	6.805310E0
3.545000E3	-6.741818E0	3.031102E-1	7.360247E0
3.546000E3	-6.746622E0	3.031102E-1	6.325051E0
3.547000E3	-6.751426E0	3.031102E-1	6.631147E0
3.548000E3	-6.756231E0	3.031102E-1	6.865917E0
3.549000E3	-6.761035E0	3.031102E-1	7.044807E0
3.550000E3	-6.765839E0	3.031102E-1	6.885427E0
3.551000E3	-6.770643E0	3.031102E-1	6.677977E0
3.552000E3	-6.775447E0	3.031102E-1	7.163513E0
3.553000E3	-6.780251E0	3.031102E-1	6.037839E0
3.554000E3	-6.785055E0	3.031102E-1	6.967186E0
3.555000E3	-6.789860E0	3.031102E-1	8.556157E0
3.556000E3	-6.794664E0	3.031102E-1	8.182567E0
3.557000E3	-6.799468E0	3.031102E-1	6.471433E0
3.558000E3	-6.804272E0	3.031102E-1	5.451599E0
3.559000E3	-6.809076E0	3.031102E-1	5.561911E0
3.560000E3	-6.813880E0	3.031102E-1	4.827401E0
3.561000E3	-6.818684E0	3.031102E-1	5.650251E0
3.562000E3	-6.823489E0	3.031102E-1	5.947165E0
3.563000E3	-6.828293E0	3.031102E-1	5.882143E0
3.564000E3	-6.833097E0	3.031102E-1	5.454474E0
3.565000E3	-6.837901E0	3.031102E-1	5.506310E0
3.566000E3	-6.842705E0	3.031102E-1	5.853476E0
3.567000E3	-6.847509E0	3.031102E-1	6.560799E0
3.568000E3	-6.852313E0	3.031102E-1	6.950219E0
3.569000E3	-6.857118E0	3.031102E-1	6.419541E0
3.570000E3	-6.861922E0	3.031102E-1	6.756609E0
3.571000E3	-6.866726E0	3.031102E-1	6.703069E0
3.572000E3	-6.871530E0	3.031102E-1	5.552636E0
3.573000E3	-6.876334E0	3.031102E-1	5.425910E0
3.574000E3	-6.881138E0	3.031102E-1	6.673334E0
3.575000E3	-6.885942E0	3.031102E-1	6.768666E0
3.576000E3	-6.890747E0	3.031102E-1	7.479865E0
3.577000E3	-6.895551E0	3.031102E-1	6.805850E0
3.578000E3	-6.900355E0	3.031102E-1	6.465744E0
3.579000E3	-6.905159E0	3.031102E-1	6.920632E0
3.580000E3	-6.909963E0	3.031102E-1	7.022155E0
3.581000E3	-6.914767E0	3.031102E-1	6.058233E0
3.582000E3	-6.919571E0	3.031102E-1	5.504355E0
3.583000E3	-6.924376E0	3.031102E-1	6.266422E0
3.584000E3	-6.929180E0	3.031102E-1	5.883252E0
3.585000E3	-6.933984E0	3.031102E-1	5.512525E0
3.586000E3	-6.938788E0	3.031102E-1	6.690334E0
3.587000E3	-6.943592E0	3.031102E-1	7.140852E0
3.588000E3	-6.948396E0	3.031102E-1	7.825007E0
3.589000E3	-6.953200E0	3.031102E-1	8.686995E0
3.590000E3	-6.958004E0	3.031102E-1	7.330313E0
3.591000E3	-6.962809E0	3.031102E-1	6.918554E0
3.592000E3	-6.967613E0	3.031102E-1	7.526951E0
3.593000E3	-6.972417E0	3.031102E-1	7.339499E0
3.594000E3	-6.977221E0	3.031102E-1	6.044455E0
3.595000E3	-6.982025E0	3.031102E-1	6.478536E0
3.596000E3	-6.986829E0	3.031102E-1	5.700196E0
3.597000E3	-6.991633E0	3.031102E-1	5.129708E0
3.598000E3	-6.996438E0	3.031102E-1	5.765145E0
3.599000E3	-7.001242E0	3.031102E-1	6.589727E0
3.600000E3	-7.006046E0	3.031102E-1	5.251086E0
3.601000E3	-7.010850E0	3.031102E-1	4.997366E0
3.602000E3	-7.015654E0	3.031102E-1	4.857330E0
3.603000E3	-7.020458E0	3.031102E-1	5.796308E0
3.604000E3	-7.025262E0	3.031102E-1	6.797206E0
3.605000E3	-7.030067E0	3.031102E-1	7.152688E0
3.606000E3	-7.034871E0	3.031102E-1	5.510058E0
3.607000E3	-7.039675E0	3.031102E-1	5.647029E0
3.608000E3	-7.044479E0	3.031102E-1	6.346071E0
3.609000E3	-7.049283E0	3.031102E-1	6.177662E0
3.610000E3	-7.054087E0	3.031102E-1	6.431899E0
3.611000E3	-7.058891E0	3.031102E-1	6.290421E0
3.612000E3	-7.063696E0	3.031102E-1	6.964920E0
3.613000E3	-7.068500E0	3.031102E-1	6.373660E0
3.614000E3	-7.073304E0	3.031102E-1	6.837271E0
3.615000E3	-7.078108E0	3.031102E-1	5.813879E0
3.616000E3	-7.082912E0	3.031102E-1	4.426087E0
3.617000E3	-7.087716E0	3.031102E-1	5.761421E0
3.618000E3	-7.092520E0	3.031102E-1	5.802115E0
3.619000E3	-7.097325E0	3.031102E-1	6.203024E0
3.620000E3	-7.102129E0	3.031102E-1	5.903168E0
3.621000E3	-7.106933E0	3.031102E-1	4.527097E0
3.622000E3	-7.111737E0	3.031102E-1	5.074509E0
3.623000E3	-7.116541E0	3.031102E-1	6.206630E0
3.624000E3	-7.121345E0	3.031102E-1	6.910421E0
3.625000E3	-7.126149E0	3.031102E-1	6.254699E0
3.626000E3	-7.130954E0	3.031102E-1	5.771127E0
3.627000E3	-7.135758E0	3.031102E-1	5.501896E0
3.628000E3	-7.140562E0	3.031102E-1	5.348278E0
3.629000E3	-7.145366E0	3.031102E-1	5.565532E0
3.630000E3	-7.150170E0	3.031102E-1	5.919448E0
3.631000E3	-7.154974E0	3.031102E-1	6.054114E0
3.632000E3	-7.159778E0	3.031102E-1	5.507112E0
3.633000E3	-7.164583E0	3.031102E-1	5.890171E0
3.634000E3	-7.169387E0	3.031102E-1	6.845517E0
3.635000E3	-7.174191E0	3.031102E-1	6.346253E0
3.636000E3	-7.178995E0	3.031102E-1	7.087954E0
3.637000E3	-7.183799E0	3.031102E-1	7.080933E0
3.638000E3	-7.188603E0	3.031102E-1	5.986802E0
3.639000E3	-7.193407E0	3.031102E-1	6.377358E0
3.640000E3	-7.198212E0	3.031102E-1	7.152017E0
3.641000E3	-7.203016E0	3.031102E-1	6.240740E0
3.642000E3	-7.207820E0	3.031102E-1	6.971593E0
3.643000E3	-7.212624E0	3.031102E-1	6.655321E0
3.644000E3	-7.217428E0	3.031102E-1	6.709529E0
3.645000E3	-7.222232E0	3.031102E-1	6.668569E0
3.646000E3	-7.227036E0	3.031102E-1	5.998296E0
3.647000E3	-7.231840E0	3.031102E-1	5.911873E0
3.648000E3	-7.236645E0	3.031102E-1	6.035418E0
3.649000E3	-7.241449E0	3.031102E-1	6.020434E0
3.650000E3	-7.246253E0	3.031102E-1	7.508083E0
3.651000E3	-7.251057E0	3.031102E-1	7.047387E0
3.652000E3	-7.255861E0	3.031102E-1	6.748722E0
3.653000E3	-7.260665E0	3.031102E-1	6.100090E0
3.654000E3	-7.265469E0	3.031102E-1	5.846816E0
3.655000E3	-7.270274E0	3.031102E-1	6.184296E0
3.656000E3	-7.275078E0	3.031102E-1	6.239437E0
3.657000E3	-7.279882E0	3.031102E-1	7.229083E0
3.658000E3	-7.284686E0	3.031102E-1	6.488657E0
3.659000E3	-7.289490E0	3.031102E-1	6.404759E0
3.660000E3	-7.294294E0	3.031102E-1	6.392526E0
3.661000E3	-7.299098E0	3.031102E-1	8.119279E0
3.662000E3	-7.303903E0	3.031102E-1	7.487644E0
3.663000E3	-7.308707E0	3.031102E-1	5.848965E0
3.664000E3	-7.313511E0	3.031102E-1	5.884191E0
3.665000E3	-7.318315E0	3.031102E-1	6.557482E0
3.666000E3	-7.323119E0	3.031102E-1	6.551801E0
3.667000E3	-7.327923E0	3.031102E-1	6.116506E0
3.668000E3	-7.332727E0	3.031102E-1	6.122948E0
3.669000E3	-7.337532E0	3.031102E-1	6.736685E0
3.670000E3	-7.342336E0	3.031102E-1	7.359411E0
3.671000E3	-7.347140E0	3.031102E-1	5.603583E0
3.672000E3	-7.351944E0	3.031102E-1	5.984278E0
3.673000E3	-7.356748E0	3.031102E-1	7.202527E0
3.674000E3	-7.361552E0	3.031102E-1	5.722003E0
3.675000E3	-7.366356E0	3.031102E-1	6.142744E0
3.676000E3	-7.371161E0	3.031102E-1	6.439836E0
3.677000E3	-7.375965E0	3.031102E-1	6.189597E0
3.678000E3	-7.380769E0	3.031102E-1	6.120705E0
3.679000E3	-7.385573E0	3.031102E-1	6.287788E0
3.680000E3	-7.390377E0	3.031102E-1	6.040950E0
3.681000E3	-7.395181E0	3.031102E-1	6.331995E0
3.682000E3	-7.399985E0	3.031102E-1	6.700535E0
3.683000E3	-7.404790E0	3.031102E-1	6.441942E0
3.684000E3	-7.409594E0	3.031102E-1	5.582860E0
3.685000E3	-7.414398E0	3.031102E-1	5.744256E0
3.686000E3	-7.419202E0	3.031102E-1	5.641975E0
3.687000E3	-7.424006E0	3.031102E-1	7.540268E0
3.688000E3	-7.428810E0	3.031102E-1	6.377547E0
3.689000E3	-7.433614E0	3.031102E-1	5.569394E0
3.690000E3	-7.438419E0	3.031102E-1	6.236918E0
3.691000E3	-7.443223E0	3.031102E-1	6.145178E0
3.692000E3	-7.448027E0	3.031102E-1	5.651249E0
3.693000E3	-7.452831E0	3.031102E-1	6.152516E0
3.694000E3	-7.457635E0	3.031102E-1	5.940356E0
3.695000E3	-7.462439E0	3.031102E-1	6.230693E0
3.696000E3	-7.467243E0	3.031102E-1	5.863057E0
3.697000E3	-7.472048E0	3.031102E-1	5.542871E0
3.698000E3	-7.476852E0	3.031102E-1	5.569976E0
3.699000E3	-7.481656E0	3.031102E-1	6.609108E0
3.700000E3	-7.486460E0	3.031102E-1	5.478785E0
3.701000E3	-7.491264E0	3.031102E-1	6.224903E0
3.702000E3	-7.496068E0	3.031102E-1	6.497259E0
3.703000E3	-7.500872E0	3.031102E-1	6.524154E0
3.704000E3	-7.505676E0	3.031102E-1	6.457118E0
3.705000E3	-7.510481E0	3.031102E-1	5.977158E0
3.706000E3	-7.515285E0	3.031102E-1	5.120632E0
3.707000E3	-7.520089E0	3.031102E-1	6.066804E0
3.708000E3	-7.524893E0	3.031102E-1	6.415953E0
3.709000E3	-7.529697E0	3.031102E-1	6.228625E0
3.710000E3	-7.534501E0	3.031102E-1	5.324723E0
3.711000E3	-7.539305E0	3.031102E-1	5.622210E0
3.712000E3	-7.544110E0	3.031102E-1	5.014324E0
3.713000E3	-7.548914E0	3.031102E-1	6.434396E0
3.714000E3	-7.553718E0	3.031102E-1	7.199295E0
3.715000E3	-7.558522E0	3.031102E-1	6.304570E0
3.716000E3	-7.563326E0	3.031102E-1	5.234856E0
3.717000E3	-7.568130E0	3.031102E-1	5.292810E0
3.718000E3	-7.572934E0	3.031102E-1	6.999707E0
3.719000E3	-7.577739E0	3.031102E-1	5.793678E0
3.720000E3	-7.582543E0	3.031102E-1	7.298256E0
3.721000E3	-7.587347E0	3.031102E-1	6.218478E0
3.722000E3	-7.592151E0	3.031102E-1	6.233334E0
3.723000E3	-7.596955E0	3.031102E-1	5.995048E0
3.724000E3	-7.601759E0	3.031102E-1	6.321019E0
3.725000E3	-7.606563E0	3.031102E-1	6.165747E0
3.726000E3	-7.611368E0	3.031102E-1	5.643646E0
3.727000E3	-7.616172E0	3.031102E-1	7.510631E0
3.728000E3	-7.620976E0	3.031102E-1	5.680631E0
3.729000E3	-7.625780E0	3.031102E-1	6.710012E0
3.730000E3	-7.630584E0	3.031102E-1	7.140759E0
3.731000E3	-7.635388E0	3.031102E-1	5.733593E0
3.732000E3	-7.640192E0	3.031102E-1	6.323585E0
3.733000E3	-7.644997E0	3.031102E-1	6.242842E0
3.734000E3	-7.649801E0	3.031102E-1	6.834084E0
3.735000E3	-7.654605E0	3.031102E-1	5.764622E0
3.736000E3	-7.659409E0	3.031102E-1	5.367986E0
3.737000E3	-7.664213E0	3.031102E-1	5.585105E0
3.738000E3	-7.669017E0	3.031102E-1	5.156817E0
3.739000E3	-7.673821E0	3.031102E-1	5.387689E0
3.740000E3	-7.678626E0	3.031102E-1	5.289087E0
3.741000E3	-7.683430E0	3.031102E-1	5.449792E0
3.742000E3	-7.688234E0	3.031102E-1	6.085630E0
3.743000E3	-7.693038E0	3.031102E-1	6.169054E0
3.744000E3	-7.697842E0	3.031102E-1	5.873376E0
3.745000E3	-7.702646E0	3.031102E-1	5.973670E0
3.746000E3	-7.707450E0	3.031102E-1	5.810738E0
3.747000E3	-7.712255E0	3.031102E-1	6.349687E0
3.748000E3	-7.717059E0	3.031102E-1	6.299665E0
3.749000E3	-7.721863E0	3.031102E-1	6.340603E0
3.750000E3	-7.726667E0	3.031102E-1	5.851968E0
3.751000E3	-7.731471E0	3.031102E-1	5.411275E0
3.752000E3	-7.736275E0	3.031102E-1	6.410296E0
3.753000E3	-7.741079E0	3.031102E-1	5.241006E0
3.754000E3	-7.745883E0	3.031102E-1	5.128977E0
3.755000E3	-7.750688E0	3.031102E-1	5.560391E0
3.756000E3	-7.755492E0	3.031102E-1	5.062974E0
3.757000E3	-7.760296E0	3.031102E-1	4.251152E0
3.758000E3	-7.765100E0	3.031102E-1	5.005958E0
3.759000E3	-7.769904E0	3.031102E-1	4.912010E0
3.760000E3	-7.774708E0	3.031102E-1	4.393124E0
3.761000E3	-7.779512E0	3.031102E-1	4.512731E0
3.762000E3	-7.784317E0	3.031102E-1	4.407616E0
3.763000E3	-7.789121E0	3.031102E-1	5.962343E0
3.764000E3	-7.793925E0	3.031102E-1	6.847274E0
3.765000E3	-7.798729E0	3.031102E-1	6.451446E0
3.766000E3	-7.803533E0	3.031102E-1	4.906694E0
3.767000E3	-7.808337E0	3.031102E-1	6.078391E0
3.768000E3	-7.813141E0	3.031102E-1	5.349548E0
3.769000E3	-7.817946E0	3.031102E-1	6.194435E0
3.770000E3	-7.822750E0	3.031102E-1	7.114666E0
3.771000E3	-7.827554E0	3.031102E-1	5.467775E0
3.772000E3	-7.832358E0	3.031102E-1	5.659445E0
3.773000E3	-7.837162E0	3.031102E-1	5.569700E0
3.774000E3	-7.841966E0	3.031102E-1	5.849438E0
3.775000E3	-7.846770E0	3.031102E-1	5.626983E0
3.776000E3	-7.851575E0	3.031102E-1	5.159095E0
3.777000E3	-7.856379E0	3.031102E-1	5.370942E0
3.778000E3	-7.861183E0	3.031102E-1	5.438419E0
3.779000E3	-7.865987E0	3.031102E-1	5.615897E0
3.780000E3	-7.870791E0	3.031102E-1	5.006349E0
3.781000E3	-7.875595E0	3.031102E-1	5.727413E0
3.782000E3	-7.880399E0	3.031102E-1	5.712715E0
3.783000E3	-7.885204E0	3.031102E-1	5.723492E0
3.784000E3	-7.890008E0	3.031102E-1	4.226275E0
3.785000E3	-7.894812E0	3.031102E-1	5.226505E0
3.786000E3	-7.899616E0	3.031102E-1	5.570071E0
3.787000E3	-7.904420E0	3.031102E-1	5.505366E0
3.788000E3	-7.909224E0	3.031102E-1	5.572389E0
3.789000E3	-7.914028E0	3.031102E-1	5.901953E0
3.790000E3	-7.918833E0	3.031102E-1	6.074275E0
3.791000E3	-7.923637E0	3.031102E-1	5.142195E0
3.792000E3	-7.928441E0	3.031102E-1	6.158180E0
3.793000E3	-7.933245E0	3.031102E-1	6.173062E0
3.794000E3	-7.938049E0	3.031102E-1	5.655564E0
3.795000E3	-7.942853E0	3.031102E-1	5.716459E0
3.796000E3	-7.947657E0	3.031102E-1	5.773212E0
3.797000E3	-7.952462E0	3.031102E-1	5.891563E0
3.798000E3	-7.957266E0	3.031102E-1	5.674665E0
3.799000E3	-7.962070E0	3.031102E-1	6.196904E0
3.800000E3	-7.966874E0	3.031102E-1	5.376525E0
3.801000E3	-7.971678E0	3.031102E-1	4.981012E0
3.802000E3	-7.976482E0	3.031102E-1	5.717679E0
3.803000E3	-7.981286E0	3.031102E-1	4.794781E0
3.804000E3	-7.986091E0	3.031102E-1	5.668473E0
3.805000E3	-7.990895E0	3.031102E-1	5.683267E0
3.806000E3	-7.995699E0	3.031102E-1	5.500115E0
3.807000E3	-8.000503E0	3.031102E-1	6.190784E0
3.808000E3	-8.005307E0	3.031102E-1	5.752713E0
3.809000E3	-8.010111E0	3.031102E-1	6.552552E0
3.810000E3	-8.014915E0	3.031102E-1	6.438541E0
3.811000E3	-8.019719E0	3.031102E-1	5.989610E0
3.812000E3	-8.024524E0	3.031102E-1	5.256181E0
3.813000E3	-8.029328E0	3.031102E-1	6.082338E0
3.814000E3	-8.034132E0	3.031102E-1	6.327232E0
3.815000E3	-8.038936E0	3.031102E-1	5.034472E0
3.816000E3	-8.043740E0	3.031102E-1	4.533770E0
3.817000E3	-8.048544E0	3.031102E-1	5.228977E0
3.818000E3	-8.053348E0	3.031102E-1	5.359919E0
3.819000E3	-8.058153E0	3.031102E-1	5.506051E0
3.820000E3	-8.062957E0	3.031102E-1	4.719200E0
3.821000E3	-8.067761E0	3.031102E-1	5.345927E0
3.822000E3	-8.072565E0	3.031102E-1	5.700072E0
3.823000E3	-8.077369E0	3.031102E-1	5.380516E0
3.824000E3	-8.082173E0	3.031102E-1	5.399118E0
3.825000E3	-8.086977E0	3.031102E-1	5.646782E0
3.826000E3	-8.091782E0	3.031102E-1	6.281351E0
3.827000E3	-8.096586E0	3.031102E-1	5.297390E0
3.828000E3	-8.101390E0	3.031102E-1	4.581797E0
3.829000E3	-8.106194E0	3.031102E-1	5.782842E0
3.830000E3	-8.110998E0	3.031102E-1	5.604321E0
3.831000E3	-8.115802E0	3.031102E-1	6.009504E0
3.832000E3	-8.120606E0	3.031102E-1	5.737722E0
3.833000E3	-8.125411E0	3.031102E-1	5.251599E0
3.834000E3	-8.130215E0	3.031102E-1	4.831300E0
3.835000E3	-8.135019E0	3.031102E-1	4.932214E0
3.836000E3	-8.139823E0	3.031102E-1	4.996521E0
3.837000E3	-8.144627E0	3.031102E-1	4.784367E0
3.838000E3	-8.149431E0	3.031102E-1	5.540771E0
3.839000E3	-8.154235E0	3.031102E-1	5.333804E0
3.840000E3	-8.159040E0	3.031102E-1	4.861444E0
3.841000E3	-8.163844E0	3.031102E-1	5.928859E0
3.842000E3	-8.168648E0	3.031102E-1	6.122650E0
3.843000E3	-8.173452E0	3.031102E-1	5.161808E0
3.844000E3	-8.178256E0	3.031102E-1	5.394167E0
3.845000E3	-8.183060E0	3.031102E-1	4.749842E0
3.846000E3	-8.187864E0	3.031102E-1	4.068396E0
3.847000E3	-8.192669E0	3.031102E-1	5.196876E0
3.848000E3	-8.197473E0	3.031102E-1	5.645710E0
3.849000E3	-8.202277E0	3.031102E-1	4.153482E0
3.850000E3	-8.207081E0	3.031102E-1	5.269193E0
3.851000E3	-8.211885E0	3.031102E-1	5.723065E0
3.852000E3	-8.216689E0	3.031102E-1	4.978219E0
3.853000E3	-8.221493E0	3.031102E-1	4.921716E0
3.854000E3	-8.226298E0	3.031102E-1	4.866975E0
3.855000E3	-8.231102E0	3.031102E-1	5.335392E0
3.856000E3	-8.235906E0	3.031102E-1	5.147358E0
3.857000E3	-8.240710E0	3.031102E-1	5.625262E0
3.858000E3	-8.245514E0	3.031102E-1	5.352572E0
3.859000E3	-8.250318E0	3.031102E-1	5.237412E0
3.860000E3	-8.255122E0	3.031102E-1	4.732014E0
3.861000E3	-8.259927E0	3.031102E-1	5.199920E0
3.862000E3	-8.264731E0	3.031102E-1	5.014918E0
3.863000E3	-8.269535E0	3.031102E-1	6.003183E0
3.864000E3	-8.274339E0	3.031102E-1	5.640382E0
3.865000E3	-8.279143E0	3.031102E-1	6.482113E0
3.866000E3	-8.283947E0	3.031102E-1	5.903808E0
3.867000E3	-8.288751E0	3.031102E-1	5.591622E0
3.868000E3	-8.293555E0	3.031102E-1	5.312117E0
3.869000E3	-8.298360E0	3.031102E-1	5.186625E0
3.870000E3	-8.303164E0	3.031102E-1	5.172134E0
3.871000E3	-8.307968E0	3.031102E-1	4.979508E0
3.872000E3	-8.312772E0	3.031102E-1	4.818617E0
3.873000E3	-8.317576E0	3.031102E-1	4.829783E0
3.874000E3	-8.322380E0	3.031102E-1	4.580434E0
3.875000E3	-8.327184E0	3.031102E-1	5.071458E0
3.876000E3	-8.331989E0	3.031102E-1	4.936492E0
3.877000E3	-8.336793E0	3.031102E-1	5.743311E0
3.878000E3	-8.341597E0	3.031102E-1	5.963913E0
3.879000E3	-8.346401E0	3.031102E-1	5.177075E0
3.880000E3	-8.351205E0	3.031102E-1	5.575335E0
3.881000E3	-8.356009E0	3.031102E-1	5.964293E0
3.882000E3	-8.360813E0	3.031102E-1	6.231550E0
3.883000E3	-8.365618E0	3.031102E-1	4.898956E0
3.884000E3	-8.370422E0	3.031102E-1	4.676749E0
3.885000E3	-8.375226E0	3.031102E-1	5.176417E0
3.886000E3	-8.380030E0	3.031102E-1	5.365677E0
3.887000E3	-8.384834E0	3.031102E-1	4.727097E0
3.888000E3	-8.389638E0	3.031102E-1	5.619250E0
3.889000E3	-8.394442E0	3.031102E-1	5.927122E0
3.890000E3	-8.399247E0	3.031102E-1	4.810186E0
3.891000E3	-8.404051E0	3.031102E-1	5.043297E0
3.892000E3	-8.408855E0	3.031102E-1	5.337640E0
3.893000E3	-8.413659E0	3.031102E-1	4.788427E0
3.894000E3	-8.418463E0	3.031102E-1	4.187769E0
3.895000E3	-8.423267E0	3.031102E-1	5.157574E0
3.896000E3	-8.428071E0	3.031102E-1	6.021787E0
3.897000E3	-8.432876E0	3.031102E-1	5.943572E0
3.898000E3	-8.437680E0	3.031102E-1	5.054003E0
3.899000E3	-8.442484E0	3.031102E-1	5.026449E0
3.900000E3	-8.447288E0	3.031102E-1	4.649874E0
3.901000E3	-8.452092E0	3.031102E-1	5.290309E0
3.902000E3	-8.456896E0	3.031102E-1	6.589409E0
3.903000E3	-8.461700E0	3.031102E-1	5.902562E0
3.904000E3	-8.466505E0	3.031102E-1	5.273535E0
3.905000E3	-8.471309E0	3.031102E-1	5.129918E0
3.906000E3	-8.476113E0	3.031102E-1	5.614581E0
3.907000E3	-8.480917E0	3.031102E-1	5.402041E0
3.908000E3	-8.485721E0	3.031102E-1	5.102460E0
3.909000E3	-8.490525E0	3.031102E-1	6.049573E0
3.910000E3	-8.495329E0	3.031102E-1	6.458619E0
3.911000E3	-8.500134E0	3.031102E-1	5.205123E0
3.912000E3	-8.504938E0	3.031102E-1	4.988122E0
3.913000E3	-8.509742E0	3.031102E-1	5.459676E0
3.914000E3	-8.514546E0	3.031102E-1	5.716009E0
3.915000E3	-8.519350E0	3.031102E-1	5.502343E0
3.916000E3	-8.524154E0	3.031102E-1	5.548723E0
3.917000E3	-8.528958E0	3.031102E-1	5.338455E0
3.918000E3	-8.533763E0	3.031102E-1	5.293581E0
3.919000E3	-8.538567E0	3.031102E-1	5.926007E0
3.920000E3	-8.543371E0	3.031102E-1	6.424937E0
3.921000E3	-8.548175E0	3.031102E-1	5.148517E0
3.922000E3	-8.552979E0	3.031102E-1	5.273077E0
3.923000E3	-8.557783E0	3.031102E-1	5.923411E0
3.924000E3	-8.562587E0	3.031102E-1	5.060354E0
3.925000E3	-8.567391E0	3.031102E-1	4.845614E0
3.926000E3	-8.572196E0	3.031102E-1	5.097838E0
3.927000E3	-8.577000E0	3.031102E-1	4.947193E0
3.928000E3	-8.581804E0	3.031102E-1	3.825383E0
3.929000E3	-8.586608E0	3.031102E-1	4.986997E0
3.930000E3	-8.591412E0	3.031102E-1	5.166157E0
3.931000E3	-8.596216E0	3.031102E-1	6.140663E0
3.932000E3	-8.601020E0	3.031102E-1	6.090668E0
3.933000E3	-8.605825E0	3.031102E-1	5.045607E0
3.934000E3	-8.610629E0	3.031102E-1	5.837230E0
3.935000E3	-8.615433E0	3.031102E-1	5.548157E0
3.936000E3	-8.620237E0	3.031102E-1	4.886692E0
3.937000E3	-8.625041E0	3.031102E-1	5.272969E0
3.938000E3	-8.629845E0	3.031102E-1	4.593558E0
3.939000E3	-8.634649E0	3.031102E-1	4.826620E0
3.940000E3	-8.639454E0	3.031102E-1	5.815195E0
3.941000E3	-8.644258E0	3.031102E-1	6.248334E0
3.942000E3	-8.649062E0	3.031102E-1	5.872968E0
3.943000E3	-8.653866E0	3.031102E-1	5.945666E0
3.944000E3	-8.658670E0	3.031102E-1	6.713833E0
3.945000E3	-8.663474E0	3.031102E-1	4.971498E0
3.946000E3	-8.668278E0	3.031102E-1	5.284023E0
3.947000E3	-8.673083E0	3.031102E-1	5.607588E0
3.948000E3	-8.677887E0	3.031102E-1	4.638642E0
3.949000E3	-8.682691E0	3.031102E-1	4.854502E0
3.950000E3	-8.687495E0	3.031102E-1	5.435689E0
3.951000E3	-8.692299E0	3.031102E-1	5.628384E0
3.952000E3	-8.697103E0	3.031102E-1	5.152912E0
3.953000E3	-8.701907E0	3.031102E-1	5.052670E0
3.954000E3	-8.706712E0	3.031102E-1	6.232886E0
3.955000E3	-8.711516E0	3.031102E-1	6.386408E0
3.956000E3	-8.716320E0	3.031102E-1	6.275455E0
3.957000E3	-8.721124E0	3.031102E-1	6.166876E0
3.958000E3	-8.725928E0	3.031102E-1	6.279003E0
3.959000E3	-8.730732E0	3.031102E-1	6.720115E0
3.960000E3	-8.735536E0	3.031102E-1	6.569607E0
3.961000E3	-8.740341E0	3.031102E-1	5.716788E0
3.962000E3	-8.745145E0	3.031102E-1	4.927202E0
3.963000E3	-8.749949E0	3.031102E-1	4.483094E0
3.964000E3	-8.754753E0	3.031102E-1	4.907774E0
3.965000E3	-8.759557E0	3.031102E-1	5.203491E0
3.966000E3	-8.764361E0	3.031102E-1	5.189004E0
3.967000E3	-8.769165E0	3.031102E-1	6.421957E0
3.968000E3	-8.773970E0	3.031102E-1	4.415943E0
3.969000E3	-8.778774E0	3.031102E-1	4.678372E0
3.970000E3	-8.783578E0	3.031102E-1	5.325911E0
3.971000E3	-8.788382E0	3.031102E-1	6.086451E0
3.972000E3	-8.793186E0	3.031102E-1	5.761220E0
3.973000E3	-8.797990E0	3.031102E-1	6.079273E0
3.974000E3	-8.802794E0	3.031102E-1	5.420759E0
3.975000E3	-8.807598E0	3.031102E-1	4.498127E0
3.976000E3	-8.812403E0	3.031102E-1	4.194584E0
3.977000E3	-8.817207E0	3.031102E-1	4.685163E0
3.978000E3	-8.822011E0	3.031102E-1	5.133637E0
3.979000E3	-8.826815E0	3.031102E-1	5.557541E0
3.980000E3	-8.831619E0	3.031102E-1	5.227421E0
3.981000E3	-8.836423E0	3.031102E-1	5.185405E0
3.982000E3	-8.841227E0	3.031102E-1	6.141970E0
3.983000E3	-8.846032E0	3.031102E-1	4.405880E0
3.984000E3	-8.850836E0	3.031102E-1	5.403050E0
3.985000E3	-8.855640E0	3.031102E-1	4.781084E0
3.986000E3	-8.860444E0	3.031102E-1	5.212824E0
3.987000E3	-8.865248E0	3.031102E-1	4.440848E0
3.988000E3	-8.870052E0	3.031102E-1	4.422690E0
3.989000E3	-8.874856E0	3.031102E-1	4.907600E0
3.990000E3	-8.879661E0	3.031102E-1	5.345627E0
3.991000E3	-8.884465E0	3.031102E-1	5.592263E0
3.992000E3	-8.889269E0	3.031102E-1	5.903846E0
3.993000E3	-8.894073E0	3.031102E-1	5.842313E0
3.994000E3	-8.898877E0	3.031102E-1	5.062974E0
3.995000E3	-8.903681E0	3.031102E-1	4.696652E0
3.996000E3	-8.908485E0	3.031102E-1	4.361713E0
3.997000E3	-8.913290E0	3.031102E-1	4.757447E0
3.998000E3	-8.918094E0	3.031102E-1	5.467314E0
3.999000E3	-8.922898E0	3.031102E-1	6.119836E0
4.000000E3	-8.927702E0	3.031102E-1	6.592788E0
4.001000E3	-8.932506E0	3.031102E-1	5.613745E0
4.002000E3	-8.937310E0	3.031102E-1	5.258168E0
4.003000E3	-8.942114E0	3.031102E-1	4.317883E0
4.004000E3	-8.946919E0	3.031102E-1	4.760728E0
4.005000E3	-8.951723E0	3.031102E-1	5.938225E0
4.006000E3	-8.956527E0	3.031102E-1	3.901298E0
4.007000E3	-8.961331E0	3.031102E-1	3.912828E0
4.008000E3	-8.966135E0	3.031102E-1	5.504275E0
4.009000E3	-8.970939E0	3.031102E-1	4.481412E0
4.010000E3	-8.975743E0	3.031102E-1	5.163866E0
4.011000E3	-8.980548E0	3.031102E-1	6.188893E0
4.012000E3	-8.985352E0	3.031102E-1	5.524396E0
4.013000E3	-8.990156E0	3.031102E-1	5.437905E0
4.014000E3	-8.994960E0	3.031102E-1	5.692726E0
4.015000E3	-8.999764E0	3.031102E-1	5.494445E0
4.016000E3	-9.004568E0	3.031102E-1	5.046549E0
4.017000E3	-9.009372E0	3.031102E-1	4.215021E0
4.018000E3	-9.014177E0	3.031102E-1	4.386855E0
4.019000E3	-9.018981E0	3.031102E-1	5.468825E0
4.020000E3	-9.023785E0	3.031102E-1	5.452587E0
4.021000E3	-9.028589E0	3.031102E-1	5.561500E0
4.022000E3	-9.033393E0	3.031102E-1	4.886619E0
4.023000E3	-9.038197E0	3.031102E-1	5.493475E0
4.024000E3	-9.043001E0	3.031102E-1	4.467776E0
4.025000E3	-9.047806E0	3.031102E-1	4.009840E0
4.026000E3	-9.052610E0	3.031102E-1	5.441421E0
4.027000E3	-9.057414E0	3.031102E-1	5.529567E0
4.028000E3	-9.062218E0	3.031102E-1	4.429743E0
4.029000E3	-9.067022E0	3.031102E-1	4.147262E0
4.030000E3	-9.071826E0	3.031102E-1	5.612487E0
4.031000E3	-9.076630E0	3.031102E-1	4.484756E0
4.032000E3	-9.081434E0	3.031102E-1	5.083246E0
4.033000E3	-9.086239E0	3.031102E-1	4.672686E0
4.034000E3	-9.091043E0	3.031102E-1	5.414908E0
4.035000E3	-9.095847E0	3.031102E-1	5.976773E0
4.036000E3	-9.100651E0	3.031102E-1	5.348782E0
4.037000E3	-9.105455E0	3.031102E-1	5.242045E0
4.038000E3	-9.110259E0	3.031102E-1	5.212311E0
4.039000E3	-9.115063E0	3.031102E-1	5.600693E0
4.040000E3	-9.119868E0	3.031102E-1	5.887149E0
4.041000E3	-9.124672E0	3.031102E-1	4.781382E0
4.042000E3	-9.129476E0	3.031102E-1	4.641318E0
4.043000E3	-9.134280E0	3.031102E-1	6.019888E0
4.044000E3	-9.139084E0	3.031102E-1	4.489993E0
4.045000E3	-9.143888E0	3.031102E-1	4.049620E0
4.046000E3	-9.148692E0	3.031102E-1	5.138009E0
4.047000E3	-9.153497E0	3.031102E-1	5.612473E0
4.048000E3	-9.158301E0	3.031102E-1	5.534726E0
4.049000E3	-9.163105E0	3.031102E-1	4.963379E0
4.050000E3	-9.167909E0	3.031102E-1	4.368844E0
4.051000E3	-9.172713E0	3.031102E-1	4.572827E0
4.052000E3	-9.177517E0	3.031102E-1	4.857378E0
4.053000E3	-9.182321E0	3.031102E-1	5.122549E0
4.054000E3	-9.187126E0	3.031102E-1	6.097638E0
4.055000E3	-9.191930E0	3.031102E-1	5.334308E0
4.056000E3	-9.196734E0	3.031102E-1	4.498794E0
4.057000E3	-9.201538E0	3.031102E-1	4.903502E0
4.058000E3	-9.206342E0	3.031102E-1	5.218308E0
4.059000E3	-9.211146E0	3.031102E-1	6.040648E0
4.060000E3	-9.215950E0	3.031102E-1	5.492346E0
4.061000E3	-9.220755E0	3.031102E-1	5.307879E0
4.062000E3	-9.225559E0	3.031102E-1	6.256116E0
4.063000E3	-9.230363E0	3.031102E-1	4.466708E0
4.064000E3	-9.235167E0	3.031102E-1	5.032815E0
4.065000E3	-9.239971E0	3.031102E-1	4.752560E0
4.066000E3	-9.244775E0	3.031102E-1	4.628262E0
4.067000E3	-9.249579E0	3.031102E-1	4.382309E0
4.068000E3	-9.254384E0	3.031102E-1	3.638916E0
4.069000E3	-9.259188E0	3.031102E-1	4.343469E0
4.070000E3	-9.263992E0	3.031102E-1	4.711633E0
4.071000E3	-9.268796E0	3.031102E-1	6.046235E0
4.072000E3	-9.273600E0	3.031102E-1	5.690230E0
4.073000E3	-9.278404E0	3.031102E-1	5.171398E0
4.074000E3	-9.283208E0	3.031102E-1	4.783666E0
4.075000E3	-9.288013E0	3.031102E-1	4.594581E0
4.076000E3	-9.292817E0	3.031102E-1	4.022161E0
4.077000E3	-9.297621E0	3.031102E-1	4.699835E0
4.078000E3	-9.302425E0	3.031102E-1	5.114957E0
4.079000E3	-9.307229E0	3.031102E-1	5.894925E0
4.080000E3	-9.312033E0	3.031102E-1	5.825232E0
4.081000E3	-9.316837E0	3.031102E-1	4.974290E0
4.082000E3	-9.321642E0	3.031102E-1	5.371737E0
4.083000E3	-9.326446E0	3.031102E-1	5.548903E0
4.084000E3	-9.331250E0	3.031102E-1	5.278057E0
4.085000E3	-9.336054E0	3.031102E-1	4.972063E0
4.086000E3	-9.340858E0	3.031102E-1	4.228787E0
4.087000E3	-9.345662E0	3.031102E-1	4.859521E0
4.088000E3	-9.350466E0	3.031102E-1	5.463455E0
4.089000E3	-9.355270E0	3.031102E-1	4.830104E0
4.090000E3	-9.360075E0	3.031102E-1	4.684848E0
4.091000E3	-9.364879E0	3.031102E-1	4.965400E0
4.092000E3	-9.369683E0	3.031102E-1	4.800713E0
4.093000E3	-9.374487E0	3.031102E-1	4.870741E0
4.094000E3	-9.379291E0	3.031102E-1	5.142284E0
4.095000E3	-9.384095E0	3.031102E-1	5.162951E0
