	profile_A
n	x	y	luma
0.000000E0	7.621472E0	3.206068E-1	3.886095E0
1.000000E0	7.617511E0	3.206068E-1	4.069142E0
2.000000E0	7.613550E0	3.206068E-1	4.052321E0
3.000000E0	7.609588E0	3.206068E-1	3.800196E0
4.000000E0	7.605627E0	3.206068E-1	3.740573E0
5.000000E0	7.601666E0	3.206068E-1	4.075579E0
6.000000E0	7.597704E0	3.206068E-1	3.546218E0
7.000000E0	7.593743E0	3.206068E-1	4.206855E0
8.000000E0	7.589781E0	3.206068E-1	4.289642E0
9.000000E0	7.585820E0	3.206068E-1	4.932287E0
1.000000E1	7.581859E0	3.206068E-1	4.606308E0
1.100000E1	7.577897E0	3.206068E-1	5.150346E0
1.200000E1	7.573936E0	3.206068E-1	5.127143E0
1.300000E1	7.569975E0	3.206068E-1	6.006828E0
1.400000E1	7.566013E0	3.206068E-1	5.244979E0
1.500000E1	7.562052E0	3.206068E-1	4.945115E0
1.600000E1	7.558091E0	3.206068E-1	5.194134E0
1.700000E1	7.554129E0	3.206068E-1	4.515734E0
1.800000E1	7.550168E0	3.206068E-1	4.865825E0
1.900000E1	7.546207E0	3.206068E-1	4.692386E0
2.000000E1	7.542245E0	3.206068E-1	3.845035E0
2.100000E1	7.538284E0	3.206068E-1	4.623652E0
2.200000E1	7.534323E0	3.206068E-1	4.185743E0
2.300000E1	7.530361E0	3.206068E-1	4.099558E0
2.400000E1	7.526400E0	3.206068E-1	3.898435E0
2.500000E1	7.522439E0	3.206068E-1	4.880268E0
2.600000E1	7.518477E0	3.206068E-1	4.989283E0
2.700000E1	7.514516E0	3.206068E-1	4.017147E0
2.800000E1	7.510554E0	3.206068E-1	4.433672E0
2.900000E1	7.506593E0	3.206068E-1	4.079072E0
3.000000E1	7.502632E0	3.206068E-1	3.992426E0
3.100000E1	7.498670E0	3.206068E-1	4.540641E0
3.200000E1	7.494709E0	3.206068E-1	5.031475E0
3.300000E1	7.490748E0	3.206068E-1	3.793175E0
3.400000E1	7.486786E0	3.206068E-1	3.840670E0
3.500000E1	7.482825E0	3.206068E-1	3.712606E0
3.600000E1	7.478864E0	3.206068E-1	3.656748E0
3.700000E1	7.474902E0	3.206068E-1	3.579688E0
3.800000E1	7.470941E0	3.206068E-1	4.157929E0
3.900000E1	7.466980E0	3.206068E-1	4.028349E0
4.000000E1	7.463018E0	3.206068E-1	3.878859E0
4.100000E1	7.459057E0	3.206068E-1	4.425766E0
4.200000E1	7.455096E0	3.206068E-1	4.646575E0
4.300000E1	7.451134E0	3.206068E-1	4.185460E0
4.400000E1	7.447173E0	3.206068E-1	4.001700E0
4.500000E1	7.443211E0	3.206068E-1	3.413729E0
4.600000E1	7.439250E0	3.206068E-1	3.292561E0
4.700000E1	7.435289E0	3.206068E-1	3.279614E0
4.800000E1	7.431327E0	3.206068E-1	3.745543E0
4.900000E1	7.427366E0	3.206068E-1	4.561561E0
5.000000E1	7.423405E0	3.206068E-1	4.870396E0
5.100000E1	7.419443E0	3.206068E-1	4.546985E0
5.200000E1	7.415482E0	3.206068E-1	5.173640E0
5.300000E1	7.411521E0	3.206068E-1	5.194132E0
5.400000E1	7.407559E0	3.206068E-1	4.409255E0
5.500000E1	7.403598E0	3.206068E-1	5.515560E0
5.600000E1	7.399637E0	3.206068E-1	4.001468E0
5.700000E1	7.395675E0	3.206068E-1	4.188888E0
5.800000E1	7.391714E0	3.206068E-1	3.964156E0
5.900000E1	7.387753E0	3.206068E-1	3.838420E0
6.000000E1	7.383791E0	3.206068E-1	4.255250E0
6.100000E1	7.379830E0	3.206068E-1	4.828614E0
6.200000E1	7.375869E0	3.206068E-1	5.771742E0
6.300000E1	7.371907E0	3.206068E-1	4.908689E0
6.400000E1	7.367946E0	3.206068E-1	5.096255E0
6.500000E1	7.363984E0	3.206068E-1	4.124206E0
6.600000E1	7.360023E0	3.206068E-1	3.861388E0
6.700000E1	7.356062E0	3.206068E-1	4.585680E0
6.800000E1	7.352100E0	3.206068E-1	4.331980E0
6.900000E1	7.348139E0	3.206068E-1	4.173562E0
7.000000E1	7.344178E0	3.206068E-1	4.913587E0
7.100000E1	7.340216E0	3.206068E-1	4.128387E0
7.200000E1	7.336255E0	3.206068E-1	3.357173E0
7.300000E1	7.332294E0	3.206068E-1	4.510412E0
7.400000E1	7.328332E0	3.206068E-1	4.884494E0
7.500000E1	7.324371E0	3.206068E-1	4.641930E0
7.600000E1	7.320410E0	3.206068E-1	4.418071E0
7.700000E1	7.316448E0	3.206068E-1	3.998402E0
7.800000E1	7.312487E0	3.206068E-1	4.142590E0
7.900000E1	7.308526E0	3.206068E-1	3.767352E0
8.000000E1	7.304564E0	3.206068E-1	3.377464E0
8.100000E1	7.300603E0	3.206068E-1	3.987434E0
8.200000E1	7.296642E0	3.206068E-1	4.693869E0
8.300000E1	7.292680E0	3.206068E-1	4.514448E0
8.400000E1	7.288719E0	3.206068E-1	4.415665E0
8.500000E1	7.284757E0	3.206068E-1	5.291637E0
8.600000E1	7.280796E0	3.206068E-1	5.074808E0
8.700000E1	7.276835E0	3.206068E-1	4.474218E0
8.800000E1	7.272873E0	3.206068E-1	4.694372E0
8.900000E1	7.268912E0	3.206068E-1	3.819949E0
9.000000E1	7.264951E0	3.206068E-1	4.383324E0
9.100000E1	7.260989E0	3.206068E-1	4.768149E0
9.200000E1	7.257028E0	3.206068E-1	4.403170E0
9.300000E1	7.253067E0	3.206068E-1	4.988435E0
9.400000E1	7.249105E0	3.206068E-1	4.403053E0
9.500000E1	7.245144E0	3.206068E-1	4.588307E0
9.600000E1	7.241183E0	3.206068E-1	4.141023E0
9.700000E1	7.237221E0	3.206068E-1	4.800033E0
9.800000E1	7.233260E0	3.206068E-1	4.528435E0
9.900000E1	7.229299E0	3.206068E-1	3.858369E0
1.000000E2	7.225337E0	3.206068E-1	4.430822E0
1.010000E2	7.221376E0	3.206068E-1	4.803062E0
1.020000E2	7.217414E0	3.206068E-1	4.635724E0
1.030000E2	7.213453E0	3.206068E-1	4.797317E0
1.040000E2	7.209492E0	3.206068E-1	4.487549E0
1.050000E2	7.205530E0	3.206068E-1	4.069152E0
1.060000E2	7.201569E0	3.206068E-1	4.375535E0
1.070000E2	7.197608E0	3.206068E-1	4.250808E0
1.080000E2	7.193646E0	3.206068E-1	4.635611E0
1.090000E2	7.189685E0	3.206068E-1	4.806439E0
1.100000E2	7.185724E0	3.206068E-1	4.662871E0
1.110000E2	7.181762E0	3.206068E-1	3.695180E0
1.120000E2	7.177801E0	3.206068E-1	3.669205E0
1.130000E2	7.173840E0	3.206068E-1	3.895588E0
1.140000E2	7.169878E0	3.206068E-1	3.348689E0
1.150000E2	7.165917E0	3.206068E-1	2.929493E0
1.160000E2	7.161956E0	3.206068E-1	3.754278E0
1.170000E2	7.157994E0	3.206068E-1	5.335633E0
1.180000E2	7.154033E0	3.206068E-1	4.829118E0
1.190000E2	7.150072E0	3.206068E-1	4.696280E0
1.200000E2	7.146110E0	3.206068E-1	3.915721E0
1.210000E2	7.142149E0	3.206068E-1	4.957535E0
1.220000E2	7.138187E0	3.206068E-1	4.588269E0
1.230000E2	7.134226E0	3.206068E-1	4.408621E0
1.240000E2	7.130265E0	3.206068E-1	4.784406E0
1.250000E2	7.126303E0	3.206068E-1	4.400800E0
1.260000E2	7.122342E0	3.206068E-1	3.831752E0
1.270000E2	7.118381E0	3.206068E-1	4.084504E0
1.280000E2	7.114419E0	3.206068E-1	4.445601E0
1.290000E2	7.110458E0	3.206068E-1	4.791986E0
1.300000E2	7.106497E0	3.206068E-1	5.901393E0
1.310000E2	7.102535E0	3.206068E-1	4.990277E0
1.320000E2	7.098574E0	3.206068E-1	3.861059E0
1.330000E2	7.094613E0	3.206068E-1	3.772058E0
1.340000E2	7.090651E0	3.206068E-1	4.109062E0
1.350000E2	7.086690E0	3.206068E-1	3.558564E0
1.360000E2	7.082729E0	3.206068E-1	4.263791E0
1.370000E2	7.078767E0	3.206068E-1	4.615726E0
1.380000E2	7.074806E0	3.206068E-1	4.699379E0
1.390000E2	7.070845E0	3.206068E-1	4.361052E0
1.400000E2	7.066883E0	3.206068E-1	4.119622E0
1.410000E2	7.062922E0	3.206068E-1	4.156589E0
1.420000E2	7.058960E0	3.206068E-1	4.074591E0
1.430000E2	7.054999E0	3.206068E-1	4.756439E0
1.440000E2	7.051038E0	3.206068E-1	4.901226E0
1.450000E2	7.047076E0	3.206068E-1	5.321572E0
1.460000E2	7.043115E0	3.206068E-1	4.252065E0
1.470000E2	7.039154E0	3.206068E-1	3.608399E0
1.480000E2	7.035192E0	3.206068E-1	3.970323E0
1.490000E2	7.031231E0	3.206068E-1	4.276675E0
1.500000E2	7.027270E0	3.206068E-1	5.007526E0
1.510000E2	7.023308E0	3.206068E-1	4.628147E0
1.520000E2	7.019347E0	3.206068E-1	3.932385E0
1.530000E2	7.015386E0	3.206068E-1	3.844700E0
1.540000E2	7.011424E0	3.206068E-1	3.544613E0
1.550000E2	7.007463E0	3.206068E-1	3.445987E0
1.560000E2	7.003502E0	3.206068E-1	4.165222E0
1.570000E2	6.999540E0	3.206068E-1	4.943324E0
1.580000E2	6.995579E0	3.206068E-1	3.420716E0
1.590000E2	6.991617E0	3.206068E-1	4.048024E0
1.600000E2	6.987656E0	3.206068E-1	4.630517E0
1.610000E2	6.983695E0	3.206068E-1	5.085403E0
1.620000E2	6.979733E0	3.206068E-1	4.960116E0
1.630000E2	6.975772E0	3.206068E-1	4.522981E0
1.640000E2	6.971811E0	3.206068E-1	4.495590E0
1.650000E2	6.967849E0	3.206068E-1	3.382372E0
1.660000E2	6.963888E0	3.206068E-1	4.250054E0
1.670000E2	6.959927E0	3.206068E-1	3.975281E0
1.680000E2	6.955965E0	3.206068E-1	3.268271E0
1.690000E2	6.952004E0	3.206068E-1	3.605702E0
1.700000E2	6.948043E0	3.206068E-1	3.922429E0
1.710000E2	6.944081E0	3.206068E-1	3.674656E0
1.720000E2	6.940120E0	3.206068E-1	4.162742E0
1.730000E2	6.936159E0	3.206068E-1	4.258067E0
1.740000E2	6.932197E0	3.206068E-1	4.297848E0
1.750000E2	6.928236E0	3.206068E-1	3.571698E0
1.760000E2	6.924275E0	3.206068E-1	4.971436E0
1.770000E2	6.920313E0	3.206068E-1	3.903114E0
1.780000E2	6.916352E0	3.206068E-1	3.906548E0
1.790000E2	6.912390E0	3.206068E-1	4.069651E0
1.800000E2	6.908429E0	3.206068E-1	5.058170E0
1.810000E2	6.904468E0	3.206068E-1	5.067695E0
1.820000E2	6.900506E0	3.206068E-1	4.847707E0
1.830000E2	6.896545E0	3.206068E-1	3.786161E0
1.840000E2	6.892584E0	3.206068E-1	4.918915E0
1.850000E2	6.888622E0	3.206068E-1	4.569640E0
1.860000E2	6.884661E0	3.206068E-1	4.732265E0
1.870000E2	6.880700E0	3.206068E-1	4.701730E0
1.880000E2	6.876738E0	3.206068E-1	5.247415E0
1.890000E2	6.872777E0	3.206068E-1	5.261782E0
1.900000E2	6.868816E0	3.206068E-1	5.880072E0
1.910000E2	6.864854E0	3.206068E-1	5.033985E0
1.920000E2	6.860893E0	3.206068E-1	4.495282E0
1.930000E2	6.856932E0	3.206068E-1	5.564965E0
1.940000E2	6.852970E0	3.206068E-1	4.720316E0
1.950000E2	6.849009E0	3.206068E-1	4.635279E0
1.960000E2	6.845048E0	3.206068E-1	4.410846E0
1.970000E2	6.841086E0	3.206068E-1	4.776923E0
1.980000E2	6.837125E0	3.206068E-1	3.992740E0
1.990000E2	6.833163E0	3.206068E-1	4.351873E0
2.000000E2	6.829202E0	3.206068E-1	4.358511E0
2.010000E2	6.825241E0	3.206068E-1	5.100056E0
2.020000E2	6.821279E0	3.206068E-1	4.559995E0
2.030000E2	6.817318E0	3.206068E-1	4.565483E0
2.040000E2	6.813357E0	3.206068E-1	4.877134E0
2.050000E2	6.809395E0	3.206068E-1	4.387747E0
2.060000E2	6.805434E0	3.206068E-1	5.230930E0
2.070000E2	6.801473E0	3.206068E-1	4.909639E0
2.080000E2	6.797511E0	3.206068E-1	4.586427E0
2.090000E2	6.793550E0	3.206068E-1	5.030385E0
2.100000E2	6.789589E0	3.206068E-1	4.937821E0
2.110000E2	6.785627E0	3.206068E-1	4.248557E0
2.120000E2	6.781666E0	3.206068E-1	4.133099E0
2.130000E2	6.777705E0	3.206068E-1	4.259806E0
2.140000E2	6.773743E0	3.206068E-1	4.509512E0
2.150000E2	6.769782E0	3.206068E-1	5.680493E0
2.160000E2	6.765820E0	3.206068E-1	4.787951E0
2.170000E2	6.761859E0	3.206068E-1	5.037991E0
2.180000E2	6.757898E0	3.206068E-1	4.929856E0
2.190000E2	6.753936E0	3.206068E-1	6.097754E0
2.200000E2	6.749975E0	3.206068E-1	5.957220E0
2.210000E2	6.746014E0	3.206068E-1	4.611049E0
2.220000E2	6.742052E0	3.206068E-1	4.885430E0
2.230000E2	6.738091E0	3.206068E-1	4.434597E0
2.240000E2	6.734130E0	3.206068E-1	4.765358E0
2.250000E2	6.730168E0	3.206068E-1	5.339830E0
2.260000E2	6.726207E0	3.206068E-1	5.144328E0
2.270000E2	6.722246E0	3.206068E-1	3.883560E0
2.280000E2	6.718284E0	3.206068E-1	3.714915E0
2.290000E2	6.714323E0	3.206068E-1	3.369122E0
2.300000E2	6.710362E0	3.206068E-1	3.856302E0
2.310000E2	6.706400E0	3.206068E-1	4.197514E0
2.320000E2	6.702439E0	3.206068E-1	4.697782E0
2.330000E2	6.698478E0	3.206068E-1	5.498614E0
2.340000E2	6.694516E0	3.206068E-1	5.578399E0
2.350000E2	6.690555E0	3.206068E-1	5.586544E0
2.360000E2	6.686593E0	3.206068E-1	4.344779E0
2.370000E2	6.682632E0	3.206068E-1	4.088704E0
2.380000E2	6.678671E0	3.206068E-1	4.251364E0
2.390000E2	6.674709E0	3.206068E-1	4.891657E0
2.400000E2	6.670748E0	3.206068E-1	4.388912E0
2.410000E2	6.666787E0	3.206068E-1	4.068680E0
2.420000E2	6.662825E0	3.206068E-1	4.905525E0
2.430000E2	6.658864E0	3.206068E-1	4.868253E0
2.440000E2	6.654903E0	3.206068E-1	4.914914E0
2.450000E2	6.650941E0	3.206068E-1	4.585215E0
2.460000E2	6.646980E0	3.206068E-1	4.642459E0
2.470000E2	6.643019E0	3.206068E-1	5.133354E0
2.480000E2	6.639057E0	3.206068E-1	5.101256E0
2.490000E2	6.635096E0	3.206068E-1	5.538259E0
2.500000E2	6.631135E0	3.206068E-1	5.327697E0
2.510000E2	6.627173E0	3.206068E-1	5.178474E0
2.520000E2	6.623212E0	3.206068E-1	4.857636E0
2.530000E2	6.619251E0	3.206068E-1	5.292885E0
2.540000E2	6.615289E0	3.206068E-1	4.530367E0
2.550000E2	6.611328E0	3.206068E-1	5.429184E0
2.560000E2	6.607366E0	3.206068E-1	4.348226E0
2.570000E2	6.603405E0	3.206068E-1	4.351338E0
2.580000E2	6.599444E0	3.206068E-1	5.343922E0
2.590000E2	6.595482E0	3.206068E-1	4.321123E0
2.600000E2	6.591521E0	3.206068E-1	4.177645E0
2.610000E2	6.587560E0	3.206068E-1	4.290182E0
2.620000E2	6.583598E0	3.206068E-1	3.658849E0
2.630000E2	6.579637E0	3.206068E-1	4.535256E0
2.640000E2	6.575676E0	3.206068E-1	4.236160E0
2.650000E2	6.571714E0	3.206068E-1	3.825723E0
2.660000E2	6.567753E0	3.206068E-1	3.840828E0
2.670000E2	6.563792E0	3.206068E-1	4.067683E0
2.680000E2	6.559830E0	3.206068E-1	5.448919E0
2.690000E2	6.555869E0	3.206068E-1	5.453981E0
2.700000E2	6.551908E0	3.206068E-1	5.139771E0
2.710000E2	6.547946E0	3.206068E-1	4.362013E0
2.720000E2	6.543985E0	3.206068E-1	5.621204E0
2.730000E2	6.540023E0	3.206068E-1	5.326305E0
2.740000E2	6.536062E0	3.206068E-1	4.743564E0
2.750000E2	6.532101E0	3.206068E-1	3.905737E0
2.760000E2	6.528139E0	3.206068E-1	4.496479E0
2.770000E2	6.524178E0	3.206068E-1	4.226108E0
2.780000E2	6.520217E0	3.206068E-1	4.502738E0
2.790000E2	6.516255E0	3.206068E-1	5.095042E0
2.800000E2	6.512294E0	3.206068E-1	5.092777E0
2.810000E2	6.508333E0	3.206068E-1	4.805128E0
2.820000E2	6.504371E0	3.206068E-1	5.297640E0
2.830000E2	6.500410E0	3.206068E-1	5.355346E0
2.840000E2	6.496449E0	3.206068E-1	5.504995E0
2.850000E2	6.492487E0	3.206068E-1	5.124259E0
2.860000E2	6.488526E0	3.206068E-1	5.166070E0
2.870000E2	6.484565E0	3.206068E-1	4.803884E0
2.880000E2	6.480603E0	3.206068E-1	4.559739E0
2.890000E2	6.476642E0	3.206068E-1	5.048156E0
2.900000E2	6.472681E0	3.206068E-1	4.453188E0
2.910000E2	6.468719E0	3.206068E-1	6.088870E0
2.920000E2	6.464758E0	3.206068E-1	6.459150E0
2.930000E2	6.460796E0	3.206068E-1	4.632726E0
2.940000E2	6.456835E0	3.206068E-1	4.890709E0
2.950000E2	6.452874E0	3.206068E-1	5.813173E0
2.960000E2	6.448912E0	3.206068E-1	5.993011E0
2.970000E2	6.444951E0	3.206068E-1	4.475773E0
2.980000E2	6.440990E0	3.206068E-1	4.032460E0
2.990000E2	6.437028E0	3.206068E-1	4.973702E0
3.000000E2	6.433067E0	3.206068E-1	5.250447E0
3.010000E2	6.429106E0	3.206068E-1	5.446115E0
3.020000E2	6.425144E0	3.206068E-1	4.728130E0
3.030000E2	6.421183E0	3.206068E-1	4.241294E0
3.040000E2	6.417222E0	3.206068E-1	4.360238E0
3.050000E2	6.413260E0	3.206068E-1	4.562429E0
3.060000E2	6.409299E0	3.206068E-1	5.624752E0
3.070000E2	6.405338E0	3.206068E-1	5.359928E0
3.080000E2	6.401376E0	3.206068E-1	5.369466E0
3.090000E2	6.397415E0	3.206068E-1	5.356968E0
3.100000E2	6.393454E0	3.206068E-1	5.577685E0
3.110000E2	6.389492E0	3.206068E-1	5.252124E0
3.120000E2	6.385531E0	3.206068E-1	5.453721E0
3.130000E2	6.381569E0	3.206068E-1	5.544732E0
3.140000E2	6.377608E0	3.206068E-1	5.140267E0
3.150000E2	6.373647E0	3.206068E-1	4.838167E0
3.160000E2	6.369685E0	3.206068E-1	4.486982E0
3.170000E2	6.365724E0	3.206068E-1	4.610976E0
3.180000E2	6.361763E0	3.206068E-1	5.224217E0
3.190000E2	6.357801E0	3.206068E-1	5.494983E0
3.200000E2	6.353840E0	3.206068E-1	5.404530E0
3.210000E2	6.349879E0	3.206068E-1	4.342362E0
3.220000E2	6.345917E0	3.206068E-1	4.326850E0
3.230000E2	6.341956E0	3.206068E-1	4.654469E0
3.240000E2	6.337995E0	3.206068E-1	4.717515E0
3.250000E2	6.334033E0	3.206068E-1	5.200953E0
3.260000E2	6.330072E0	3.206068E-1	5.670581E0
3.270000E2	6.326111E0	3.206068E-1	4.886629E0
3.280000E2	6.322149E0	3.206068E-1	4.827696E0
3.290000E2	6.318188E0	3.206068E-1	4.318640E0
3.300000E2	6.314226E0	3.206068E-1	4.023361E0
3.310000E2	6.310265E0	3.206068E-1	4.685788E0
3.320000E2	6.306304E0	3.206068E-1	5.220341E0
3.330000E2	6.302342E0	3.206068E-1	5.435314E0
3.340000E2	6.298381E0	3.206068E-1	5.501307E0
3.350000E2	6.294420E0	3.206068E-1	4.781476E0
3.360000E2	6.290458E0	3.206068E-1	5.245323E0
3.370000E2	6.286497E0	3.206068E-1	5.806151E0
3.380000E2	6.282536E0	3.206068E-1	5.588780E0
3.390000E2	6.278574E0	3.206068E-1	5.240690E0
3.400000E2	6.274613E0	3.206068E-1	3.863954E0
3.410000E2	6.270652E0	3.206068E-1	4.691943E0
3.420000E2	6.266690E0	3.206068E-1	5.849474E0
3.430000E2	6.262729E0	3.206068E-1	5.227314E0
3.440000E2	6.258768E0	3.206068E-1	3.899166E0
3.450000E2	6.254806E0	3.206068E-1	3.975683E0
3.460000E2	6.250845E0	3.206068E-1	4.686278E0
3.470000E2	6.246884E0	3.206068E-1	5.377717E0
3.480000E2	6.242922E0	3.206068E-1	4.126996E0
3.490000E2	6.238961E0	3.206068E-1	5.658075E0
3.500000E2	6.234999E0	3.206068E-1	5.834579E0
3.510000E2	6.231038E0	3.206068E-1	5.407981E0
3.520000E2	6.227077E0	3.206068E-1	5.579391E0
3.530000E2	6.223115E0	3.206068E-1	5.320633E0
3.540000E2	6.219154E0	3.206068E-1	5.810897E0
3.550000E2	6.215193E0	3.206068E-1	4.569413E0
3.560000E2	6.211231E0	3.206068E-1	4.983151E0
3.570000E2	6.207270E0	3.206068E-1	5.754440E0
3.580000E2	6.203309E0	3.206068E-1	4.570941E0
3.590000E2	6.199347E0	3.206068E-1	4.426947E0
3.600000E2	6.195386E0	3.206068E-1	5.869084E0
3.610000E2	6.191425E0	3.206068E-1	6.224519E0
3.620000E2	6.187463E0	3.206068E-1	5.298274E0
3.630000E2	6.183502E0	3.206068E-1	4.196837E0
3.640000E2	6.179541E0	3.206068E-1	4.839663E0
3.650000E2	6.175579E0	3.206068E-1	5.427453E0
3.660000E2	6.171618E0	3.206068E-1	4.900985E0
3.670000E2	6.167657E0	3.206068E-1	4.592161E0
3.680000E2	6.163695E0	3.206068E-1	4.484854E0
3.690000E2	6.159734E0	3.206068E-1	4.750022E0
3.700000E2	6.155772E0	3.206068E-1	4.748070E0
3.710000E2	6.151811E0	3.206068E-1	5.476818E0
3.720000E2	6.147850E0	3.206068E-1	5.049242E0
3.730000E2	6.143888E0	3.206068E-1	5.062933E0
3.740000E2	6.139927E0	3.206068E-1	5.718827E0
3.750000E2	6.135966E0	3.206068E-1	4.878999E0
3.760000E2	6.132004E0	3.206068E-1	5.530531E0
3.770000E2	6.128043E0	3.206068E-1	6.190377E0
3.780000E2	6.124082E0	3.206068E-1	6.525100E0
3.790000E2	6.120120E0	3.206068E-1	5.566153E0
3.800000E2	6.116159E0	3.206068E-1	4.935378E0
3.810000E2	6.112198E0	3.206068E-1	4.618425E0
3.820000E2	6.108236E0	3.206068E-1	4.317507E0
3.830000E2	6.104275E0	3.206068E-1	4.048415E0
3.840000E2	6.100314E0	3.206068E-1	4.618884E0
3.850000E2	6.096352E0	3.206068E-1	4.611582E0
3.860000E2	6.092391E0	3.206068E-1	4.726309E0
3.870000E2	6.088430E0	3.206068E-1	4.856126E0
3.880000E2	6.084468E0	3.206068E-1	5.429106E0
3.890000E2	6.080507E0	3.206068E-1	4.566733E0
3.900000E2	6.076545E0	3.206068E-1	4.233357E0
3.910000E2	6.072584E0	3.206068E-1	4.849418E0
3.920000E2	6.068623E0	3.206068E-1	5.278286E0
3.930000E2	6.064661E0	3.206068E-1	4.213147E0
3.940000E2	6.060700E0	3.206068E-1	4.350810E0
3.950000E2	6.056739E0	3.206068E-1	5.397583E0
3.960000E2	6.052777E0	3.206068E-1	6.490082E0
3.970000E2	6.048816E0	3.206068E-1	5.555633E0
3.980000E2	6.044855E0	3.206068E-1	5.135525E0
3.990000E2	6.040893E0	3.206068E-1	4.951888E0
4.000000E2	6.036932E0	3.206068E-1	4.243128E0
4.010000E2	6.032971E0	3.206068E-1	4.660197E0
4.020000E2	6.029009E0	3.206068E-1	5.465728E0
4.030000E2	6.025048E0	3.206068E-1	5.560044E0
4.040000E2	6.021087E0	3.206068E-1	5.187317E0
4.050000E2	6.017125E0	3.206068E-1	5.303258E0
4.060000E2	6.013164E0	3.206068E-1	5.143310E0
4.070000E2	6.009202E0	3.206068E-1	5.151555E0
4.080000E2	6.005241E0	3.206068E-1	5.469163E0
4.090000E2	6.001280E0	3.206068E-1	5.871822E0
4.100000E2	5.997318E0	3.206068E-1	5.673972E0
4.110000E2	5.993357E0	3.206068E-1	5.558032E0
4.120000E2	5.989396E0	3.206068E-1	5.535641E0
4.130000E2	5.985434E0	3.206068E-1	5.910464E0
4.140000E2	5.981473E0	3.206068E-1	5.281408E0
4.150000E2	5.977512E0	3.206068E-1	4.267626E0
4.160000E2	5.973550E0	3.206068E-1	5.273239E0
4.170000E2	5.969589E0	3.206068E-1	5.834370E0
4.180000E2	5.965628E0	3.206068E-1	5.050049E0
4.190000E2	5.961666E0	3.206068E-1	5.236296E0
4.200000E2	5.957705E0	3.206068E-1	5.320642E0
4.210000E2	5.953744E0	3.206068E-1	5.429727E0
4.220000E2	5.949782E0	3.206068E-1	5.481242E0
4.230000E2	5.945821E0	3.206068E-1	5.621535E0
4.240000E2	5.941860E0	3.206068E-1	5.449875E0
4.250000E2	5.937898E0	3.206068E-1	5.100074E0
4.260000E2	5.933937E0	3.206068E-1	4.720428E0
4.270000E2	5.929975E0	3.206068E-1	4.643412E0
4.280000E2	5.926014E0	3.206068E-1	5.134571E0
4.290000E2	5.922053E0	3.206068E-1	4.817419E0
4.300000E2	5.918091E0	3.206068E-1	5.548790E0
4.310000E2	5.914130E0	3.206068E-1	5.134795E0
4.320000E2	5.910169E0	3.206068E-1	5.537497E0
4.330000E2	5.906207E0	3.206068E-1	6.029842E0
4.340000E2	5.902246E0	3.206068E-1	5.248778E0
4.350000E2	5.898285E0	3.206068E-1	5.653394E0
4.360000E2	5.894323E0	3.206068E-1	4.711055E0
4.370000E2	5.890362E0	3.206068E-1	5.096599E0
4.380000E2	5.886401E0	3.206068E-1	5.201308E0
4.390000E2	5.882439E0	3.206068E-1	5.814094E0
4.400000E2	5.878478E0	3.206068E-1	5.944125E0
4.410000E2	5.874517E0	3.206068E-1	5.658263E0
4.420000E2	5.870555E0	3.206068E-1	4.967463E0
4.430000E2	5.866594E0	3.206068E-1	4.425950E0
4.440000E2	5.862633E0	3.206068E-1	5.929774E0
4.450000E2	5.858671E0	3.206068E-1	7.607645E0
4.460000E2	5.854710E0	3.206068E-1	6.006491E0
4.470000E2	5.850748E0	3.206068E-1	5.892533E0
4.480000E2	5.846787E0	3.206068E-1	5.778591E0
4.490000E2	5.842826E0	3.206068E-1	5.242974E0
4.500000E2	5.838864E0	3.206068E-1	5.767553E0
4.510000E2	5.834903E0	3.206068E-1	4.940447E0
4.520000E2	5.830942E0	3.206068E-1	5.616536E0
4.530000E2	5.826980E0	3.206068E-1	6.001873E0
4.540000E2	5.823019E0	3.206068E-1	6.498313E0
4.550000E2	5.819058E0	3.206068E-1	5.986595E0
4.560000E2	5.815096E0	3.206068E-1	6.162370E0
4.570000E2	5.811135E0	3.206068E-1	4.584135E0
4.580000E2	5.807174E0	3.206068E-1	4.358865E0
4.590000E2	5.803212E0	3.206068E-1	5.064190E0
4.600000E2	5.799251E0	3.206068E-1	5.464048E0
4.610000E2	5.795290E0	3.206068E-1	4.948798E0
4.620000E2	5.791328E0	3.206068E-1	5.881545E0
4.630000E2	5.787367E0	3.206068E-1	6.204680E0
4.640000E2	5.783405E0	3.206068E-1	6.917213E0
4.650000E2	5.779444E0	3.206068E-1	6.552417E0
4.660000E2	5.775483E0	3.206068E-1	5.889021E0
4.670000E2	5.771521E0	3.206068E-1	6.801659E0
4.680000E2	5.767560E0	3.206068E-1	7.351340E0
4.690000E2	5.763599E0	3.206068E-1	6.036429E0
4.700000E2	5.759637E0	3.206068E-1	7.073047E0
4.710000E2	5.755676E0	3.206068E-1	5.559244E0
4.720000E2	5.751715E0	3.206068E-1	6.120069E0
4.730000E2	5.747753E0	3.206068E-1	6.638095E0
4.740000E2	5.743792E0	3.206068E-1	6.007349E0
4.750000E2	5.739831E0	3.206068E-1	5.900781E0
4.760000E2	5.735869E0	3.206068E-1	5.228105E0
4.770000E2	5.731908E0	3.206068E-1	5.431742E0
4.780000E2	5.727947E0	3.206068E-1	5.836459E0
4.790000E2	5.723985E0	3.206068E-1	5.466390E0
4.800000E2	5.720024E0	3.206068E-1	5.717270E0
4.810000E2	5.716063E0	3.206068E-1	6.077198E0
4.820000E2	5.712101E0	3.206068E-1	5.319818E0
4.830000E2	5.708140E0	3.206068E-1	6.051801E0
4.840000E2	5.704178E0	3.206068E-1	5.677285E0
4.850000E2	5.700217E0	3.206068E-1	5.374727E0
4.860000E2	5.696256E0	3.206068E-1	6.117911E0
4.870000E2	5.692294E0	3.206068E-1	6.180498E0
4.880000E2	5.688333E0	3.206068E-1	5.628377E0
4.890000E2	5.684372E0	3.206068E-1	6.725250E0
4.900000E2	5.680410E0	3.206068E-1	7.105955E0
4.910000E2	5.676449E0	3.206068E-1	6.363044E0
4.920000E2	5.672488E0	3.206068E-1	6.808248E0
4.930000E2	5.668526E0	3.206068E-1	6.875958E0
4.940000E2	5.664565E0	3.206068E-1	6.704433E0
4.950000E2	5.660604E0	3.206068E-1	6.676693E0
4.960000E2	5.656642E0	3.206068E-1	5.110788E0
4.970000E2	5.652681E0	3.206068E-1	5.933908E0
4.980000E2	5.648720E0	3.206068E-1	6.726243E0
4.990000E2	5.644758E0	3.206068E-1	6.823362E0
5.000000E2	5.640797E0	3.206068E-1	7.165607E0
5.010000E2	5.636836E0	3.206068E-1	5.765658E0
5.020000E2	5.632874E0	3.206068E-1	5.853479E0
5.030000E2	5.628913E0	3.206068E-1	6.441466E0
5.040000E2	5.624951E0	3.206068E-1	4.624267E0
5.050000E2	5.620990E0	3.206068E-1	5.142050E0
5.060000E2	5.617029E0	3.206068E-1	5.643228E0
5.070000E2	5.613067E0	3.206068E-1	5.448738E0
5.080000E2	5.609106E0	3.206068E-1	5.968982E0
5.090000E2	5.605145E0	3.206068E-1	5.685458E0
5.100000E2	5.601183E0	3.206068E-1	5.860538E0
5.110000E2	5.597222E0	3.206068E-1	4.570206E0
5.120000E2	5.593261E0	3.206068E-1	5.009378E0
5.130000E2	5.589299E0	3.206068E-1	5.847895E0
5.140000E2	5.585338E0	3.206068E-1	4.992985E0
5.150000E2	5.581377E0	3.206068E-1	5.016063E0
5.160000E2	5.577415E0	3.206068E-1	5.818618E0
5.170000E2	5.573454E0	3.206068E-1	6.354374E0
5.180000E2	5.569493E0	3.206068E-1	6.369389E0
5.190000E2	5.565531E0	3.206068E-1	6.373450E0
5.200000E2	5.561570E0	3.206068E-1	6.324677E0
5.210000E2	5.557608E0	3.206068E-1	5.165381E0
5.220000E2	5.553647E0	3.206068E-1	5.488565E0
5.230000E2	5.549686E0	3.206068E-1	6.490051E0
5.240000E2	5.545724E0	3.206068E-1	6.746769E0
5.250000E2	5.541763E0	3.206068E-1	7.277697E0
5.260000E2	5.537802E0	3.206068E-1	5.696540E0
5.270000E2	5.533840E0	3.206068E-1	6.092265E0
5.280000E2	5.529879E0	3.206068E-1	5.913961E0
5.290000E2	5.525918E0	3.206068E-1	5.753298E0
5.300000E2	5.521956E0	3.206068E-1	6.361363E0
5.310000E2	5.517995E0	3.206068E-1	5.578067E0
5.320000E2	5.514034E0	3.206068E-1	6.067513E0
5.330000E2	5.510072E0	3.206068E-1	5.372100E0
5.340000E2	5.506111E0	3.206068E-1	6.237416E0
5.350000E2	5.502150E0	3.206068E-1	6.365658E0
5.360000E2	5.498188E0	3.206068E-1	6.268773E0
5.370000E2	5.494227E0	3.206068E-1	5.800768E0
5.380000E2	5.490266E0	3.206068E-1	6.633719E0
5.390000E2	5.486304E0	3.206068E-1	6.495508E0
5.400000E2	5.482343E0	3.206068E-1	5.526918E0
5.410000E2	5.478381E0	3.206068E-1	5.905942E0
5.420000E2	5.474420E0	3.206068E-1	7.011938E0
5.430000E2	5.470459E0	3.206068E-1	6.935703E0
5.440000E2	5.466497E0	3.206068E-1	5.931351E0
5.450000E2	5.462536E0	3.206068E-1	6.779295E0
5.460000E2	5.458575E0	3.206068E-1	6.258067E0
5.470000E2	5.454613E0	3.206068E-1	4.775087E0
5.480000E2	5.450652E0	3.206068E-1	6.024255E0
5.490000E2	5.446691E0	3.206068E-1	6.575327E0
5.500000E2	5.442729E0	3.206068E-1	6.370561E0
5.510000E2	5.438768E0	3.206068E-1	7.246319E0
5.520000E2	5.434807E0	3.206068E-1	7.290635E0
5.530000E2	5.430845E0	3.206068E-1	6.735491E0
5.540000E2	5.426884E0	3.206068E-1	6.178987E0
5.550000E2	5.422923E0	3.206068E-1	6.965052E0
5.560000E2	5.418961E0	3.206068E-1	6.883018E0
5.570000E2	5.415000E0	3.206068E-1	7.716153E0
5.580000E2	5.411039E0	3.206068E-1	6.745072E0
5.590000E2	5.407077E0	3.206068E-1	5.592578E0
5.600000E2	5.403116E0	3.206068E-1	6.332624E0
5.610000E2	5.399154E0	3.206068E-1	7.937628E0
5.620000E2	5.395193E0	3.206068E-1	7.258068E0
5.630000E2	5.391232E0	3.206068E-1	7.206214E0
5.640000E2	5.387270E0	3.206068E-1	7.190726E0
5.650000E2	5.383309E0	3.206068E-1	6.082789E0
5.660000E2	5.379348E0	3.206068E-1	5.980128E0
5.670000E2	5.375386E0	3.206068E-1	5.220676E0
5.680000E2	5.371425E0	3.206068E-1	5.843786E0
5.690000E2	5.367464E0	3.206068E-1	5.153863E0
5.700000E2	5.363502E0	3.206068E-1	6.576111E0
5.710000E2	5.359541E0	3.206068E-1	7.139434E0
5.720000E2	5.355580E0	3.206068E-1	6.967319E0
5.730000E2	5.351618E0	3.206068E-1	7.259359E0
5.740000E2	5.347657E0	3.206068E-1	5.511051E0
5.750000E2	5.343696E0	3.206068E-1	5.796607E0
5.760000E2	5.339734E0	3.206068E-1	5.376541E0
5.770000E2	5.335773E0	3.206068E-1	4.810902E0
5.780000E2	5.331811E0	3.206068E-1	5.828894E0
5.790000E2	5.327850E0	3.206068E-1	5.945688E0
5.800000E2	5.323889E0	3.206068E-1	6.458588E0
5.810000E2	5.319927E0	3.206068E-1	4.926421E0
5.820000E2	5.315966E0	3.206068E-1	6.438677E0
5.830000E2	5.312005E0	3.206068E-1	7.278681E0
5.840000E2	5.308043E0	3.206068E-1	6.109570E0
5.850000E2	5.304082E0	3.206068E-1	6.206376E0
5.860000E2	5.300121E0	3.206068E-1	6.747557E0
5.870000E2	5.296159E0	3.206068E-1	6.516282E0
5.880000E2	5.292198E0	3.206068E-1	6.169094E0
5.890000E2	5.288237E0	3.206068E-1	6.048669E0
5.900000E2	5.284275E0	3.206068E-1	7.015558E0
5.910000E2	5.280314E0	3.206068E-1	7.585080E0
5.920000E2	5.276353E0	3.206068E-1	6.288567E0
5.930000E2	5.272391E0	3.206068E-1	5.697525E0
5.940000E2	5.268430E0	3.206068E-1	5.856325E0
5.950000E2	5.264469E0	3.206068E-1	5.968933E0
5.960000E2	5.260507E0	3.206068E-1	6.499975E0
5.970000E2	5.256546E0	3.206068E-1	7.248961E0
5.980000E2	5.252584E0	3.206068E-1	5.399916E0
5.990000E2	5.248623E0	3.206068E-1	5.247691E0
6.000000E2	5.244662E0	3.206068E-1	6.061094E0
6.010000E2	5.240700E0	3.206068E-1	5.241353E0
6.020000E2	5.236739E0	3.206068E-1	5.522126E0
6.030000E2	5.232778E0	3.206068E-1	6.642913E0
6.040000E2	5.228816E0	3.206068E-1	6.583014E0
6.050000E2	5.224855E0	3.206068E-1	7.506731E0
6.060000E2	5.220894E0	3.206068E-1	6.934685E0
6.070000E2	5.216932E0	3.206068E-1	5.819138E0
6.080000E2	5.212971E0	3.206068E-1	5.356300E0
6.090000E2	5.209010E0	3.206068E-1	5.523491E0
6.100000E2	5.205048E0	3.206068E-1	6.159837E0
6.110000E2	5.201087E0	3.206068E-1	6.830382E0
6.120000E2	5.197126E0	3.206068E-1	6.715258E0
6.130000E2	5.193164E0	3.206068E-1	6.021177E0
6.140000E2	5.189203E0	3.206068E-1	5.979986E0
6.150000E2	5.185242E0	3.206068E-1	5.349280E0
6.160000E2	5.181280E0	3.206068E-1	5.506327E0
6.170000E2	5.177319E0	3.206068E-1	5.411640E0
6.180000E2	5.173357E0	3.206068E-1	6.498732E0
6.190000E2	5.169396E0	3.206068E-1	6.212342E0
6.200000E2	5.165435E0	3.206068E-1	5.657987E0
6.210000E2	5.161473E0	3.206068E-1	5.581189E0
6.220000E2	5.157512E0	3.206068E-1	6.218582E0
6.230000E2	5.153551E0	3.206068E-1	6.278987E0
6.240000E2	5.149589E0	3.206068E-1	4.796671E0
6.250000E2	5.145628E0	3.206068E-1	4.763350E0
6.260000E2	5.141667E0	3.206068E-1	5.931931E0
6.270000E2	5.137705E0	3.206068E-1	6.104102E0
6.280000E2	5.133744E0	3.206068E-1	6.023832E0
6.290000E2	5.129783E0	3.206068E-1	5.692516E0
6.300000E2	5.125821E0	3.206068E-1	5.003973E0
6.310000E2	5.121860E0	3.206068E-1	5.741792E0
6.320000E2	5.117899E0	3.206068E-1	5.956431E0
6.330000E2	5.113937E0	3.206068E-1	5.986282E0
6.340000E2	5.109976E0	3.206068E-1	6.683046E0
6.350000E2	5.106014E0	3.206068E-1	5.844581E0
6.360000E2	5.102053E0	3.206068E-1	6.117054E0
6.370000E2	5.098092E0	3.206068E-1	6.979815E0
6.380000E2	5.094130E0	3.206068E-1	7.465826E0
6.390000E2	5.090169E0	3.206068E-1	7.584201E0
6.400000E2	5.086208E0	3.206068E-1	5.665669E0
6.410000E2	5.082246E0	3.206068E-1	5.967374E0
6.420000E2	5.078285E0	3.206068E-1	8.070347E0
6.430000E2	5.074324E0	3.206068E-1	6.901321E0
6.440000E2	5.070362E0	3.206068E-1	5.694503E0
6.450000E2	5.066401E0	3.206068E-1	5.703075E0
6.460000E2	5.062440E0	3.206068E-1	6.228806E0
6.470000E2	5.058478E0	3.206068E-1	6.309920E0
6.480000E2	5.054517E0	3.206068E-1	5.729818E0
6.490000E2	5.050556E0	3.206068E-1	5.492193E0
6.500000E2	5.046594E0	3.206068E-1	5.588742E0
6.510000E2	5.042633E0	3.206068E-1	6.241403E0
6.520000E2	5.038672E0	3.206068E-1	6.140536E0
6.530000E2	5.034710E0	3.206068E-1	7.044784E0
6.540000E2	5.030749E0	3.206068E-1	6.540724E0
6.550000E2	5.026787E0	3.206068E-1	5.769546E0
6.560000E2	5.022826E0	3.206068E-1	6.443747E0
6.570000E2	5.018865E0	3.206068E-1	7.926037E0
6.580000E2	5.014903E0	3.206068E-1	6.929240E0
6.590000E2	5.010942E0	3.206068E-1	6.103347E0
6.600000E2	5.006981E0	3.206068E-1	7.382205E0
6.610000E2	5.003019E0	3.206068E-1	8.391011E0
6.620000E2	4.999058E0	3.206068E-1	6.299938E0
6.630000E2	4.995097E0	3.206068E-1	5.945679E0
6.640000E2	4.991135E0	3.206068E-1	5.978658E0
6.650000E2	4.987174E0	3.206068E-1	6.824154E0
6.660000E2	4.983213E0	3.206068E-1	6.159980E0
6.670000E2	4.979251E0	3.206068E-1	5.351818E0
6.680000E2	4.975290E0	3.206068E-1	6.089393E0
6.690000E2	4.971329E0	3.206068E-1	7.032561E0
6.700000E2	4.967367E0	3.206068E-1	6.242601E0
6.710000E2	4.963406E0	3.206068E-1	6.251931E0
6.720000E2	4.959445E0	3.206068E-1	6.861551E0
6.730000E2	4.955483E0	3.206068E-1	6.968907E0
6.740000E2	4.951522E0	3.206068E-1	7.504125E0
6.750000E2	4.947560E0	3.206068E-1	5.716810E0
6.760000E2	4.943599E0	3.206068E-1	5.515040E0
6.770000E2	4.939638E0	3.206068E-1	6.191991E0
6.780000E2	4.935676E0	3.206068E-1	6.498644E0
6.790000E2	4.931715E0	3.206068E-1	5.808724E0
6.800000E2	4.927754E0	3.206068E-1	6.620068E0
6.810000E2	4.923792E0	3.206068E-1	6.288490E0
6.820000E2	4.919831E0	3.206068E-1	6.997884E0
6.830000E2	4.915870E0	3.206068E-1	7.111763E0
6.840000E2	4.911908E0	3.206068E-1	7.126379E0
6.850000E2	4.907947E0	3.206068E-1	7.523322E0
6.860000E2	4.903986E0	3.206068E-1	7.567402E0
6.870000E2	4.900024E0	3.206068E-1	5.974890E0
6.880000E2	4.896063E0	3.206068E-1	6.572875E0
6.890000E2	4.892102E0	3.206068E-1	6.992470E0
6.900000E2	4.888140E0	3.206068E-1	8.230122E0
6.910000E2	4.884179E0	3.206068E-1	7.229561E0
6.920000E2	4.880217E0	3.206068E-1	8.257597E0
6.930000E2	4.876256E0	3.206068E-1	7.096620E0
6.940000E2	4.872295E0	3.206068E-1	6.721962E0
6.950000E2	4.868333E0	3.206068E-1	6.844221E0
6.960000E2	4.864372E0	3.206068E-1	6.571183E0
6.970000E2	4.860411E0	3.206068E-1	6.052000E0
6.980000E2	4.856449E0	3.206068E-1	7.807514E0
6.990000E2	4.852488E0	3.206068E-1	7.871319E0
7.000000E2	4.848527E0	3.206068E-1	7.577258E0
7.010000E2	4.844565E0	3.206068E-1	6.975328E0
7.020000E2	4.840604E0	3.206068E-1	6.954946E0
7.030000E2	4.836643E0	3.206068E-1	7.723870E0
7.040000E2	4.832681E0	3.206068E-1	7.742315E0
7.050000E2	4.828720E0	3.206068E-1	6.397848E0
7.060000E2	4.824759E0	3.206068E-1	7.427612E0
7.070000E2	4.820797E0	3.206068E-1	8.811039E0
7.080000E2	4.816836E0	3.206068E-1	7.845472E0
7.090000E2	4.812875E0	3.206068E-1	7.055308E0
7.100000E2	4.808913E0	3.206068E-1	7.268649E0
7.110000E2	4.804952E0	3.206068E-1	7.277074E0
7.120000E2	4.800990E0	3.206068E-1	6.819955E0
7.130000E2	4.797029E0	3.206068E-1	6.936534E0
7.140000E2	4.793068E0	3.206068E-1	7.560675E0
7.150000E2	4.789106E0	3.206068E-1	6.976665E0
7.160000E2	4.785145E0	3.206068E-1	7.739046E0
7.170000E2	4.781184E0	3.206068E-1	7.209264E0
7.180000E2	4.777222E0	3.206068E-1	7.146110E0
7.190000E2	4.773261E0	3.206068E-1	7.898153E0
7.200000E2	4.769300E0	3.206068E-1	7.094676E0
7.210000E2	4.765338E0	3.206068E-1	8.017463E0
7.220000E2	4.761377E0	3.206068E-1	8.177681E0
7.230000E2	4.757416E0	3.206068E-1	7.442889E0
7.240000E2	4.753454E0	3.206068E-1	9.349237E0
7.250000E2	4.749493E0	3.206068E-1	7.409822E0
7.260000E2	4.745532E0	3.206068E-1	7.085704E0
7.270000E2	4.741570E0	3.206068E-1	7.129921E0
7.280000E2	4.737609E0	3.206068E-1	7.370079E0
7.290000E2	4.733648E0	3.206068E-1	8.335563E0
7.300000E2	4.729686E0	3.206068E-1	7.684272E0
7.310000E2	4.725725E0	3.206068E-1	7.671091E0
7.320000E2	4.721763E0	3.206068E-1	7.872019E0
7.330000E2	4.717802E0	3.206068E-1	8.181207E0
7.340000E2	4.713841E0	3.206068E-1	7.631906E0
7.350000E2	4.709879E0	3.206068E-1	6.861467E0
7.360000E2	4.705918E0	3.206068E-1	7.457706E0
7.370000E2	4.701957E0	3.206068E-1	7.327053E0
7.380000E2	4.697995E0	3.206068E-1	6.018465E0
7.390000E2	4.694034E0	3.206068E-1	7.146874E0
7.400000E2	4.690073E0	3.206068E-1	8.376870E0
7.410000E2	4.686111E0	3.206068E-1	6.660360E0
7.420000E2	4.682150E0	3.206068E-1	6.193349E0
7.430000E2	4.678189E0	3.206068E-1	6.391424E0
7.440000E2	4.674227E0	3.206068E-1	6.452298E0
7.450000E2	4.670266E0	3.206068E-1	5.755601E0
7.460000E2	4.666305E0	3.206068E-1	7.687832E0
7.470000E2	4.662343E0	3.206068E-1	8.354743E0
7.480000E2	4.658382E0	3.206068E-1	8.099030E0
7.490000E2	4.654420E0	3.206068E-1	7.239967E0
7.500000E2	4.650459E0	3.206068E-1	8.018260E0
7.510000E2	4.646498E0	3.206068E-1	9.001965E0
7.520000E2	4.642536E0	3.206068E-1	7.124731E0
7.530000E2	4.638575E0	3.206068E-1	7.761474E0
7.540000E2	4.634614E0	3.206068E-1	7.834419E0
7.550000E2	4.630652E0	3.206068E-1	7.562386E0
7.560000E2	4.626691E0	3.206068E-1	7.880384E0
7.570000E2	4.622730E0	3.206068E-1	7.310684E0
7.580000E2	4.618768E0	3.206068E-1	7.135086E0
7.590000E2	4.614807E0	3.206068E-1	7.730159E0
7.600000E2	4.610846E0	3.206068E-1	7.907033E0
7.610000E2	4.606884E0	3.206068E-1	8.738757E0
7.620000E2	4.602923E0	3.206068E-1	7.799508E0
7.630000E2	4.598962E0	3.206068E-1	8.403534E0
7.640000E2	4.595000E0	3.206068E-1	7.765999E0
7.650000E2	4.591039E0	3.206068E-1	7.395342E0
7.660000E2	4.587078E0	3.206068E-1	7.275192E0
7.670000E2	4.583116E0	3.206068E-1	6.567795E0
7.680000E2	4.579155E0	3.206068E-1	6.297619E0
7.690000E2	4.575193E0	3.206068E-1	7.391953E0
7.700000E2	4.571232E0	3.206068E-1	7.991879E0
7.710000E2	4.567271E0	3.206068E-1	7.714847E0
7.720000E2	4.563309E0	3.206068E-1	8.271904E0
7.730000E2	4.559348E0	3.206068E-1	7.956127E0
7.740000E2	4.555387E0	3.206068E-1	9.370899E0
7.750000E2	4.551425E0	3.206068E-1	8.309531E0
7.760000E2	4.547464E0	3.206068E-1	7.165011E0
7.770000E2	4.543503E0	3.206068E-1	7.103334E0
7.780000E2	4.539541E0	3.206068E-1	7.046650E0
7.790000E2	4.535580E0	3.206068E-1	8.065587E0
7.800000E2	4.531619E0	3.206068E-1	8.708673E0
7.810000E2	4.527657E0	3.206068E-1	9.632719E0
7.820000E2	4.523696E0	3.206068E-1	9.208249E0
7.830000E2	4.519735E0	3.206068E-1	8.900687E0
7.840000E2	4.515773E0	3.206068E-1	8.620430E0
7.850000E2	4.511812E0	3.206068E-1	8.063872E0
7.860000E2	4.507851E0	3.206068E-1	8.799375E0
7.870000E2	4.503889E0	3.206068E-1	7.486527E0
7.880000E2	4.499928E0	3.206068E-1	7.129540E0
7.890000E2	4.495966E0	3.206068E-1	7.765650E0
7.900000E2	4.492005E0	3.206068E-1	7.071831E0
7.910000E2	4.488044E0	3.206068E-1	7.628143E0
7.920000E2	4.484082E0	3.206068E-1	8.325959E0
7.930000E2	4.480121E0	3.206068E-1	7.626817E0
7.940000E2	4.476160E0	3.206068E-1	7.145552E0
7.950000E2	4.472198E0	3.206068E-1	8.089462E0
7.960000E2	4.468237E0	3.206068E-1	8.328773E0
7.970000E2	4.464276E0	3.206068E-1	7.722655E0
7.980000E2	4.460314E0	3.206068E-1	7.976332E0
7.990000E2	4.456353E0	3.206068E-1	7.477134E0
8.000000E2	4.452392E0	3.206068E-1	7.744148E0
8.010000E2	4.448430E0	3.206068E-1	6.575835E0
8.020000E2	4.444469E0	3.206068E-1	7.419747E0
8.030000E2	4.440508E0	3.206068E-1	8.674993E0
8.040000E2	4.436546E0	3.206068E-1	7.177565E0
8.050000E2	4.432585E0	3.206068E-1	6.919731E0
8.060000E2	4.428623E0	3.206068E-1	7.515445E0
8.070000E2	4.424662E0	3.206068E-1	7.608743E0
8.080000E2	4.420701E0	3.206068E-1	7.334998E0
8.090000E2	4.416739E0	3.206068E-1	7.409441E0
8.100000E2	4.412778E0	3.206068E-1	7.187066E0
8.110000E2	4.408817E0	3.206068E-1	8.146069E0
8.120000E2	4.404855E0	3.206068E-1	7.894011E0
8.130000E2	4.400894E0	3.206068E-1	7.302493E0
8.140000E2	4.396933E0	3.206068E-1	8.140969E0
8.150000E2	4.392971E0	3.206068E-1	7.570921E0
8.160000E2	4.389010E0	3.206068E-1	8.074117E0
8.170000E2	4.385049E0	3.206068E-1	7.091671E0
8.180000E2	4.381087E0	3.206068E-1	6.406049E0
8.190000E2	4.377126E0	3.206068E-1	7.141235E0
8.200000E2	4.373165E0	3.206068E-1	7.156842E0
8.210000E2	4.369203E0	3.206068E-1	6.598393E0
8.220000E2	4.365242E0	3.206068E-1	7.341640E0
8.230000E2	4.361281E0	3.206068E-1	8.396690E0
8.240000E2	4.357319E0	3.206068E-1	8.889989E0
8.250000E2	4.353358E0	3.206068E-1	8.721382E0
8.260000E2	4.349396E0	3.206068E-1	6.988496E0
8.270000E2	4.345435E0	3.206068E-1	6.778439E0
8.280000E2	4.341474E0	3.206068E-1	7.059819E0
8.290000E2	4.337512E0	3.206068E-1	7.427024E0
8.300000E2	4.333551E0	3.206068E-1	7.234554E0
8.310000E2	4.329590E0	3.206068E-1	7.376090E0
8.320000E2	4.325628E0	3.206068E-1	6.904484E0
8.330000E2	4.321667E0	3.206068E-1	6.557298E0
8.340000E2	4.317706E0	3.206068E-1	6.769861E0
8.350000E2	4.313744E0	3.206068E-1	8.007985E0
8.360000E2	4.309783E0	3.206068E-1	7.707692E0
8.370000E2	4.305822E0	3.206068E-1	7.805699E0
8.380000E2	4.301860E0	3.206068E-1	7.521334E0
8.390000E2	4.297899E0	3.206068E-1	6.565739E0
8.400000E2	4.293938E0	3.206068E-1	5.994842E0
8.410000E2	4.289976E0	3.206068E-1	6.847081E0
8.420000E2	4.286015E0	3.206068E-1	7.902163E0
8.430000E2	4.282054E0	3.206068E-1	7.249567E0
8.440000E2	4.278092E0	3.206068E-1	8.244674E0
8.450000E2	4.274131E0	3.206068E-1	6.904007E0
8.460000E2	4.270169E0	3.206068E-1	7.572855E0
8.470000E2	4.266208E0	3.206068E-1	7.501813E0
8.480000E2	4.262247E0	3.206068E-1	6.883934E0
8.490000E2	4.258285E0	3.206068E-1	8.973409E0
8.500000E2	4.254324E0	3.206068E-1	8.219972E0
8.510000E2	4.250363E0	3.206068E-1	8.203749E0
8.520000E2	4.246401E0	3.206068E-1	8.362912E0
8.530000E2	4.242440E0	3.206068E-1	7.545985E0
8.540000E2	4.238479E0	3.206068E-1	7.522570E0
8.550000E2	4.234517E0	3.206068E-1	7.615443E0
8.560000E2	4.230556E0	3.206068E-1	8.523552E0
8.570000E2	4.226595E0	3.206068E-1	7.460481E0
8.580000E2	4.222633E0	3.206068E-1	6.248083E0
8.590000E2	4.218672E0	3.206068E-1	6.716827E0
8.600000E2	4.214711E0	3.206068E-1	6.857399E0
8.610000E2	4.210749E0	3.206068E-1	6.987587E0
8.620000E2	4.206788E0	3.206068E-1	5.510590E0
8.630000E2	4.202826E0	3.206068E-1	6.076785E0
8.640000E2	4.198865E0	3.206068E-1	6.230645E0
8.650000E2	4.194904E0	3.206068E-1	5.823374E0
8.660000E2	4.190942E0	3.206068E-1	5.136056E0
8.670000E2	4.186981E0	3.206068E-1	6.303227E0
8.680000E2	4.183020E0	3.206068E-1	6.897325E0
8.690000E2	4.179058E0	3.206068E-1	7.227179E0
8.700000E2	4.175097E0	3.206068E-1	6.941232E0
8.710000E2	4.171136E0	3.206068E-1	7.379651E0
8.720000E2	4.167174E0	3.206068E-1	7.681213E0
8.730000E2	4.163213E0	3.206068E-1	8.017340E0
8.740000E2	4.159252E0	3.206068E-1	8.346216E0
8.750000E2	4.155290E0	3.206068E-1	7.937815E0
8.760000E2	4.151329E0	3.206068E-1	9.049819E0
8.770000E2	4.147368E0	3.206068E-1	9.795361E0
8.780000E2	4.143406E0	3.206068E-1	9.947803E0
8.790000E2	4.139445E0	3.206068E-1	9.335663E0
8.800000E2	4.135484E0	3.206068E-1	9.064004E0
8.810000E2	4.131522E0	3.206068E-1	9.095213E0
8.820000E2	4.127561E0	3.206068E-1	8.333285E0
8.830000E2	4.123599E0	3.206068E-1	6.804608E0
8.840000E2	4.119638E0	3.206068E-1	7.451475E0
8.850000E2	4.115677E0	3.206068E-1	7.440186E0
8.860000E2	4.111715E0	3.206068E-1	7.405018E0
8.870000E2	4.107754E0	3.206068E-1	8.066962E0
8.880000E2	4.103793E0	3.206068E-1	9.218144E0
8.890000E2	4.099831E0	3.206068E-1	1.013210E1
8.900000E2	4.095870E0	3.206068E-1	8.590903E0
8.910000E2	4.091909E0	3.206068E-1	8.360745E0
8.920000E2	4.087947E0	3.206068E-1	9.928034E0
8.930000E2	4.083986E0	3.206068E-1	9.925934E0
8.940000E2	4.080025E0	3.206068E-1	8.585648E0
8.950000E2	4.076063E0	3.206068E-1	8.516090E0
8.960000E2	4.072102E0	3.206068E-1	9.753708E0
8.970000E2	4.068141E0	3.206068E-1	1.039632E1
8.980000E2	4.064179E0	3.206068E-1	8.997722E0
8.990000E2	4.060218E0	3.206068E-1	8.432394E0
9.000000E2	4.056257E0	3.206068E-1	1.059466E1
9.010000E2	4.052295E0	3.206068E-1	1.035869E1
9.020000E2	4.048334E0	3.206068E-1	9.292708E0
9.030000E2	4.044372E0	3.206068E-1	8.936034E0
9.040000E2	4.040411E0	3.206068E-1	9.875231E0
9.050000E2	4.036450E0	3.206068E-1	9.956681E0
9.060000E2	4.032488E0	3.206068E-1	9.477027E0
9.070000E2	4.028527E0	3.206068E-1	1.090050E1
9.080000E2	4.024566E0	3.206068E-1	1.079689E1
9.090000E2	4.020604E0	3.206068E-1	9.531404E0
9.100000E2	4.016643E0	3.206068E-1	9.534227E0
9.110000E2	4.012682E0	3.206068E-1	9.127721E0
9.120000E2	4.008720E0	3.206068E-1	1.040586E1
9.130000E2	4.004759E0	3.206068E-1	1.068844E1
9.140000E2	4.000798E0	3.206068E-1	1.057192E1
9.150000E2	3.996836E0	3.206068E-1	1.014458E1
9.160000E2	3.992875E0	3.206068E-1	9.607416E0
9.170000E2	3.988914E0	3.206068E-1	1.019613E1
9.180000E2	3.984952E0	3.206068E-1	1.010906E1
9.190000E2	3.980991E0	3.206068E-1	1.061515E1
9.200000E2	3.977029E0	3.206068E-1	1.035164E1
9.210000E2	3.973068E0	3.206068E-1	1.017905E1
9.220000E2	3.969107E0	3.206068E-1	1.014986E1
9.230000E2	3.965145E0	3.206068E-1	1.075389E1
9.240000E2	3.961184E0	3.206068E-1	1.180787E1
9.250000E2	3.957223E0	3.206068E-1	1.212850E1
9.260000E2	3.953261E0	3.206068E-1	1.157776E1
9.270000E2	3.949300E0	3.206068E-1	1.111472E1
9.280000E2	3.945339E0	3.206068E-1	1.080303E1
9.290000E2	3.941377E0	3.206068E-1	9.164467E0
9.300000E2	3.937416E0	3.206068E-1	9.336804E0
9.310000E2	3.933455E0	3.206068E-1	1.031000E1
9.320000E2	3.929493E0	3.206068E-1	1.098772E1
9.330000E2	3.925532E0	3.206068E-1	1.103599E1
9.340000E2	3.921571E0	3.206068E-1	1.106832E1
9.350000E2	3.917609E0	3.206068E-1	1.201064E1
9.360000E2	3.913648E0	3.206068E-1	1.100783E1
9.370000E2	3.909687E0	3.206068E-1	1.061240E1
9.380000E2	3.905725E0	3.206068E-1	9.505731E0
9.390000E2	3.901764E0	3.206068E-1	1.041941E1
9.400000E2	3.897802E0	3.206068E-1	9.776272E0
9.410000E2	3.893841E0	3.206068E-1	9.781219E0
9.420000E2	3.889880E0	3.206068E-1	1.025638E1
9.430000E2	3.885918E0	3.206068E-1	1.153875E1
9.440000E2	3.881957E0	3.206068E-1	1.278216E1
9.450000E2	3.877996E0	3.206068E-1	1.221167E1
9.460000E2	3.874034E0	3.206068E-1	1.224563E1
9.470000E2	3.870073E0	3.206068E-1	1.213995E1
9.480000E2	3.866112E0	3.206068E-1	1.068845E1
9.490000E2	3.862150E0	3.206068E-1	1.181785E1
9.500000E2	3.858189E0	3.206068E-1	1.319348E1
9.510000E2	3.854228E0	3.206068E-1	1.270086E1
9.520000E2	3.850266E0	3.206068E-1	1.376723E1
9.530000E2	3.846305E0	3.206068E-1	1.322542E1
9.540000E2	3.842344E0	3.206068E-1	1.285570E1
9.550000E2	3.838382E0	3.206068E-1	1.007240E1
9.560000E2	3.834421E0	3.206068E-1	1.055061E1
9.570000E2	3.830460E0	3.206068E-1	1.112886E1
9.580000E2	3.826498E0	3.206068E-1	1.225702E1
9.590000E2	3.822537E0	3.206068E-1	1.245745E1
9.600000E2	3.818575E0	3.206068E-1	1.117050E1
9.610000E2	3.814614E0	3.206068E-1	1.149554E1
9.620000E2	3.810653E0	3.206068E-1	1.171032E1
9.630000E2	3.806691E0	3.206068E-1	1.241096E1
9.640000E2	3.802730E0	3.206068E-1	1.302862E1
9.650000E2	3.798769E0	3.206068E-1	1.292436E1
9.660000E2	3.794807E0	3.206068E-1	1.250925E1
9.670000E2	3.790846E0	3.206068E-1	1.236357E1
9.680000E2	3.786885E0	3.206068E-1	1.271540E1
9.690000E2	3.782923E0	3.206068E-1	1.293823E1
9.700000E2	3.778962E0	3.206068E-1	1.209448E1
9.710000E2	3.775001E0	3.206068E-1	1.138101E1
9.720000E2	3.771039E0	3.206068E-1	1.165085E1
9.730000E2	3.767078E0	3.206068E-1	1.247269E1
9.740000E2	3.763117E0	3.206068E-1	1.329808E1
9.750000E2	3.759155E0	3.206068E-1	1.419048E1
9.760000E2	3.755194E0	3.206068E-1	1.275180E1
9.770000E2	3.751233E0	3.206068E-1	1.272583E1
9.780000E2	3.747271E0	3.206068E-1	1.208009E1
9.790000E2	3.743310E0	3.206068E-1	1.160160E1
9.800000E2	3.739348E0	3.206068E-1	1.268828E1
9.810000E2	3.735387E0	3.206068E-1	1.145224E1
9.820000E2	3.731426E0	3.206068E-1	1.106256E1
9.830000E2	3.727464E0	3.206068E-1	1.013317E1
9.840000E2	3.723503E0	3.206068E-1	1.004414E1
9.850000E2	3.719542E0	3.206068E-1	9.553642E0
9.860000E2	3.715580E0	3.206068E-1	8.869055E0
9.870000E2	3.711619E0	3.206068E-1	7.994938E0
9.880000E2	3.707658E0	3.206068E-1	1.097788E1
9.890000E2	3.703696E0	3.206068E-1	1.288938E1
9.900000E2	3.699735E0	3.206068E-1	1.533887E1
9.910000E2	3.695774E0	3.206068E-1	1.417361E1
9.920000E2	3.691812E0	3.206068E-1	1.302843E1
9.930000E2	3.687851E0	3.206068E-1	1.321539E1
9.940000E2	3.683890E0	3.206068E-1	1.346212E1
9.950000E2	3.679928E0	3.206068E-1	1.275780E1
9.960000E2	3.675967E0	3.206068E-1	1.101104E1
9.970000E2	3.672005E0	3.206068E-1	1.136514E1
9.980000E2	3.668044E0	3.206068E-1	1.306328E1
9.990000E2	3.664083E0	3.206068E-1	1.221443E1
1.000000E3	3.660121E0	3.206068E-1	1.213489E1
1.001000E3	3.656160E0	3.206068E-1	1.173220E1
1.002000E3	3.652199E0	3.206068E-1	1.198611E1
1.003000E3	3.648237E0	3.206068E-1	1.154802E1
1.004000E3	3.644276E0	3.206068E-1	1.144653E1
1.005000E3	3.640315E0	3.206068E-1	9.929884E0
1.006000E3	3.636353E0	3.206068E-1	1.185652E1
1.007000E3	3.632392E0	3.206068E-1	1.212164E1
1.008000E3	3.628431E0	3.206068E-1	1.102928E1
1.009000E3	3.624469E0	3.206068E-1	1.014113E1
1.010000E3	3.620508E0	3.206068E-1	9.832707E0
1.011000E3	3.616547E0	3.206068E-1	1.078722E1
1.012000E3	3.612585E0	3.206068E-1	1.106287E1
1.013000E3	3.608624E0	3.206068E-1	1.096468E1
1.014000E3	3.604663E0	3.206068E-1	1.111670E1
1.015000E3	3.600701E0	3.206068E-1	1.049188E1
1.016000E3	3.596740E0	3.206068E-1	1.025086E1
1.017000E3	3.592778E0	3.206068E-1	1.061316E1
1.018000E3	3.588817E0	3.206068E-1	1.216501E1
1.019000E3	3.584856E0	3.206068E-1	1.295821E1
1.020000E3	3.580894E0	3.206068E-1	1.332448E1
1.021000E3	3.576933E0	3.206068E-1	1.281820E1
1.022000E3	3.572972E0	3.206068E-1	1.260206E1
1.023000E3	3.569010E0	3.206068E-1	1.138611E1
1.024000E3	3.565049E0	3.206068E-1	1.146276E1
1.025000E3	3.561088E0	3.206068E-1	1.153866E1
1.026000E3	3.557126E0	3.206068E-1	1.183996E1
1.027000E3	3.553165E0	3.206068E-1	1.114789E1
1.028000E3	3.549204E0	3.206068E-1	1.022201E1
1.029000E3	3.545242E0	3.206068E-1	9.965253E0
1.030000E3	3.541281E0	3.206068E-1	1.020543E1
1.031000E3	3.537320E0	3.206068E-1	1.128895E1
1.032000E3	3.533358E0	3.206068E-1	1.114408E1
1.033000E3	3.529397E0	3.206068E-1	1.095938E1
1.034000E3	3.525436E0	3.206068E-1	1.099660E1
1.035000E3	3.521474E0	3.206068E-1	9.641468E0
1.036000E3	3.517513E0	3.206068E-1	9.123330E0
1.037000E3	3.513551E0	3.206068E-1	1.050134E1
1.038000E3	3.509590E0	3.206068E-1	1.089393E1
1.039000E3	3.505629E0	3.206068E-1	1.124812E1
1.040000E3	3.501667E0	3.206068E-1	1.232634E1
1.041000E3	3.497706E0	3.206068E-1	1.211115E1
1.042000E3	3.493745E0	3.206068E-1	1.055795E1
1.043000E3	3.489783E0	3.206068E-1	9.173062E0
1.044000E3	3.485822E0	3.206068E-1	1.026220E1
1.045000E3	3.481861E0	3.206068E-1	1.105191E1
1.046000E3	3.477899E0	3.206068E-1	1.078546E1
1.047000E3	3.473938E0	3.206068E-1	1.029909E1
1.048000E3	3.469977E0	3.206068E-1	9.573853E0
1.049000E3	3.466015E0	3.206068E-1	1.041990E1
1.050000E3	3.462054E0	3.206068E-1	1.231114E1
1.051000E3	3.458093E0	3.206068E-1	1.257390E1
1.052000E3	3.454131E0	3.206068E-1	1.114394E1
1.053000E3	3.450170E0	3.206068E-1	9.927227E0
1.054000E3	3.446208E0	3.206068E-1	1.021597E1
1.055000E3	3.442247E0	3.206068E-1	9.704816E0
1.056000E3	3.438286E0	3.206068E-1	9.792161E0
1.057000E3	3.434324E0	3.206068E-1	1.041706E1
1.058000E3	3.430363E0	3.206068E-1	8.490305E0
1.059000E3	3.426402E0	3.206068E-1	8.617082E0
1.060000E3	3.422440E0	3.206068E-1	8.967070E0
1.061000E3	3.418479E0	3.206068E-1	9.974524E0
1.062000E3	3.414518E0	3.206068E-1	1.131249E1
1.063000E3	3.410556E0	3.206068E-1	1.094231E1
1.064000E3	3.406595E0	3.206068E-1	1.060653E1
1.065000E3	3.402634E0	3.206068E-1	8.759351E0
1.066000E3	3.398672E0	3.206068E-1	1.067646E1
1.067000E3	3.394711E0	3.206068E-1	1.117810E1
1.068000E3	3.390750E0	3.206068E-1	1.104694E1
1.069000E3	3.386788E0	3.206068E-1	1.069445E1
1.070000E3	3.382827E0	3.206068E-1	1.034735E1
1.071000E3	3.378866E0	3.206068E-1	1.049103E1
1.072000E3	3.374904E0	3.206068E-1	1.163231E1
1.073000E3	3.370943E0	3.206068E-1	1.185434E1
1.074000E3	3.366981E0	3.206068E-1	1.094070E1
1.075000E3	3.363020E0	3.206068E-1	1.102022E1
1.076000E3	3.359059E0	3.206068E-1	1.108412E1
1.077000E3	3.355097E0	3.206068E-1	1.188160E1
1.078000E3	3.351136E0	3.206068E-1	1.161159E1
1.079000E3	3.347175E0	3.206068E-1	9.710864E0
1.080000E3	3.343213E0	3.206068E-1	1.180417E1
1.081000E3	3.339252E0	3.206068E-1	1.202176E1
1.082000E3	3.335291E0	3.206068E-1	9.830542E0
1.083000E3	3.331329E0	3.206068E-1	9.049030E0
1.084000E3	3.327368E0	3.206068E-1	1.061495E1
1.085000E3	3.323407E0	3.206068E-1	1.094075E1
1.086000E3	3.319445E0	3.206068E-1	1.161434E1
1.087000E3	3.315484E0	3.206068E-1	1.122016E1
1.088000E3	3.311523E0	3.206068E-1	1.230008E1
1.089000E3	3.307561E0	3.206068E-1	1.292381E1
1.090000E3	3.303600E0	3.206068E-1	1.108711E1
1.091000E3	3.299639E0	3.206068E-1	1.184675E1
1.092000E3	3.295677E0	3.206068E-1	1.275465E1
1.093000E3	3.291716E0	3.206068E-1	1.298305E1
1.094000E3	3.287754E0	3.206068E-1	1.258069E1
1.095000E3	3.283793E0	3.206068E-1	1.274486E1
1.096000E3	3.279832E0	3.206068E-1	1.360255E1
1.097000E3	3.275870E0	3.206068E-1	1.242696E1
1.098000E3	3.271909E0	3.206068E-1	1.168952E1
1.099000E3	3.267948E0	3.206068E-1	1.097803E1
1.100000E3	3.263986E0	3.206068E-1	1.031664E1
1.101000E3	3.260025E0	3.206068E-1	1.214762E1
1.102000E3	3.256064E0	3.206068E-1	1.282094E1
1.103000E3	3.252102E0	3.206068E-1	1.181907E1
1.104000E3	3.248141E0	3.206068E-1	1.108560E1
1.105000E3	3.244180E0	3.206068E-1	9.489559E0
1.106000E3	3.240218E0	3.206068E-1	1.023994E1
1.107000E3	3.236257E0	3.206068E-1	1.022779E1
1.108000E3	3.232296E0	3.206068E-1	9.805375E0
1.109000E3	3.228334E0	3.206068E-1	1.004908E1
1.110000E3	3.224373E0	3.206068E-1	1.083288E1
1.111000E3	3.220411E0	3.206068E-1	1.134117E1
1.112000E3	3.216450E0	3.206068E-1	1.201317E1
1.113000E3	3.212489E0	3.206068E-1	1.235383E1
1.114000E3	3.208527E0	3.206068E-1	1.372975E1
1.115000E3	3.204566E0	3.206068E-1	1.396258E1
1.116000E3	3.200605E0	3.206068E-1	1.472687E1
1.117000E3	3.196643E0	3.206068E-1	1.664078E1
1.118000E3	3.192682E0	3.206068E-1	1.609588E1
1.119000E3	3.188721E0	3.206068E-1	1.653247E1
1.120000E3	3.184759E0	3.206068E-1	1.666274E1
1.121000E3	3.180798E0	3.206068E-1	1.734805E1
1.122000E3	3.176837E0	3.206068E-1	1.698985E1
1.123000E3	3.172875E0	3.206068E-1	1.627461E1
1.124000E3	3.168914E0	3.206068E-1	1.755359E1
1.125000E3	3.164953E0	3.206068E-1	1.718995E1
1.126000E3	3.160991E0	3.206068E-1	1.677127E1
1.127000E3	3.157030E0	3.206068E-1	1.723596E1
1.128000E3	3.153069E0	3.206068E-1	1.804573E1
1.129000E3	3.149107E0	3.206068E-1	1.791831E1
1.130000E3	3.145146E0	3.206068E-1	1.783850E1
1.131000E3	3.141184E0	3.206068E-1	1.756708E1
1.132000E3	3.137223E0	3.206068E-1	1.724945E1
1.133000E3	3.133262E0	3.206068E-1	1.656416E1
1.134000E3	3.129300E0	3.206068E-1	1.780576E1
1.135000E3	3.125339E0	3.206068E-1	1.744398E1
1.136000E3	3.121378E0	3.206068E-1	1.674254E1
1.137000E3	3.117416E0	3.206068E-1	1.778250E1
1.138000E3	3.113455E0	3.206068E-1	1.934186E1
1.139000E3	3.109494E0	3.206068E-1	1.867071E1
1.140000E3	3.105532E0	3.206068E-1	1.851713E1
1.141000E3	3.101571E0	3.206068E-1	1.836589E1
1.142000E3	3.097610E0	3.206068E-1	1.911939E1
1.143000E3	3.093648E0	3.206068E-1	1.981577E1
1.144000E3	3.089687E0	3.206068E-1	1.865477E1
1.145000E3	3.085726E0	3.206068E-1	1.974393E1
1.146000E3	3.081764E0	3.206068E-1	2.003969E1
1.147000E3	3.077803E0	3.206068E-1	1.961899E1
1.148000E3	3.073842E0	3.206068E-1	1.910603E1
1.149000E3	3.069880E0	3.206068E-1	2.079256E1
1.150000E3	3.065919E0	3.206068E-1	2.191979E1
1.151000E3	3.061957E0	3.206068E-1	2.086694E1
1.152000E3	3.057996E0	3.206068E-1	1.751365E1
1.153000E3	3.054035E0	3.206068E-1	1.858214E1
1.154000E3	3.050073E0	3.206068E-1	1.979774E1
1.155000E3	3.046112E0	3.206068E-1	1.892012E1
1.156000E3	3.042151E0	3.206068E-1	1.735208E1
1.157000E3	3.038189E0	3.206068E-1	1.871948E1
1.158000E3	3.034228E0	3.206068E-1	1.959101E1
1.159000E3	3.030267E0	3.206068E-1	2.033350E1
1.160000E3	3.026305E0	3.206068E-1	2.073278E1
1.161000E3	3.022344E0	3.206068E-1	2.057548E1
1.162000E3	3.018383E0	3.206068E-1	2.032898E1
1.163000E3	3.014421E0	3.206068E-1	2.107400E1
1.164000E3	3.010460E0	3.206068E-1	2.159658E1
1.165000E3	3.006499E0	3.206068E-1	2.114744E1
1.166000E3	3.002537E0	3.206068E-1	2.143275E1
1.167000E3	2.998576E0	3.206068E-1	2.179708E1
1.168000E3	2.994614E0	3.206068E-1	1.983920E1
1.169000E3	2.990653E0	3.206068E-1	2.005835E1
1.170000E3	2.986692E0	3.206068E-1	2.125667E1
1.171000E3	2.982730E0	3.206068E-1	1.976502E1
1.172000E3	2.978769E0	3.206068E-1	1.908633E1
1.173000E3	2.974808E0	3.206068E-1	2.024428E1
1.174000E3	2.970846E0	3.206068E-1	1.995490E1
1.175000E3	2.966885E0	3.206068E-1	2.091128E1
1.176000E3	2.962924E0	3.206068E-1	2.133768E1
1.177000E3	2.958962E0	3.206068E-1	1.963217E1
1.178000E3	2.955001E0	3.206068E-1	2.030528E1
1.179000E3	2.951040E0	3.206068E-1	1.923669E1
1.180000E3	2.947078E0	3.206068E-1	1.683270E1
1.181000E3	2.943117E0	3.206068E-1	1.719050E1
1.182000E3	2.939156E0	3.206068E-1	1.746749E1
1.183000E3	2.935194E0	3.206068E-1	1.950060E1
1.184000E3	2.931233E0	3.206068E-1	1.898917E1
1.185000E3	2.927272E0	3.206068E-1	1.966257E1
1.186000E3	2.923310E0	3.206068E-1	1.911799E1
1.187000E3	2.919349E0	3.206068E-1	2.030728E1
1.188000E3	2.915387E0	3.206068E-1	2.132378E1
1.189000E3	2.911426E0	3.206068E-1	2.057481E1
1.190000E3	2.907465E0	3.206068E-1	2.153160E1
1.191000E3	2.903503E0	3.206068E-1	2.118722E1
1.192000E3	2.899542E0	3.206068E-1	2.031077E1
1.193000E3	2.895581E0	3.206068E-1	2.144242E1
1.194000E3	2.891619E0	3.206068E-1	2.097950E1
1.195000E3	2.887658E0	3.206068E-1	2.053591E1
1.196000E3	2.883697E0	3.206068E-1	2.032922E1
1.197000E3	2.879735E0	3.206068E-1	2.004747E1
1.198000E3	2.875774E0	3.206068E-1	2.031429E1
1.199000E3	2.871813E0	3.206068E-1	2.173534E1
1.200000E3	2.867851E0	3.206068E-1	2.207852E1
1.201000E3	2.863890E0	3.206068E-1	1.925542E1
1.202000E3	2.859929E0	3.206068E-1	1.897112E1
1.203000E3	2.855967E0	3.206068E-1	1.880620E1
1.204000E3	2.852006E0	3.206068E-1	1.769285E1
1.205000E3	2.848045E0	3.206068E-1	1.647336E1
1.206000E3	2.844083E0	3.206068E-1	1.548547E1
1.207000E3	2.840122E0	3.206068E-1	1.519473E1
1.208000E3	2.836160E0	3.206068E-1	1.583860E1
1.209000E3	2.832199E0	3.206068E-1	1.883432E1
1.210000E3	2.828238E0	3.206068E-1	2.017248E1
1.211000E3	2.824276E0	3.206068E-1	2.111635E1
1.212000E3	2.820315E0	3.206068E-1	1.954480E1
1.213000E3	2.816354E0	3.206068E-1	1.898671E1
1.214000E3	2.812392E0	3.206068E-1	1.730676E1
1.215000E3	2.808431E0	3.206068E-1	1.706552E1
1.216000E3	2.804470E0	3.206068E-1	1.845991E1
1.217000E3	2.800508E0	3.206068E-1	1.868537E1
1.218000E3	2.796547E0	3.206068E-1	1.933946E1
1.219000E3	2.792586E0	3.206068E-1	1.970376E1
1.220000E3	2.788624E0	3.206068E-1	1.763337E1
1.221000E3	2.784663E0	3.206068E-1	1.788545E1
1.222000E3	2.780702E0	3.206068E-1	1.812880E1
1.223000E3	2.776740E0	3.206068E-1	1.771334E1
1.224000E3	2.772779E0	3.206068E-1	1.835107E1
1.225000E3	2.768817E0	3.206068E-1	1.952347E1
1.226000E3	2.764856E0	3.206068E-1	1.889013E1
1.227000E3	2.760895E0	3.206068E-1	1.761102E1
1.228000E3	2.756933E0	3.206068E-1	1.547482E1
1.229000E3	2.752972E0	3.206068E-1	1.374496E1
1.230000E3	2.749011E0	3.206068E-1	1.258216E1
1.231000E3	2.745049E0	3.206068E-1	1.259817E1
1.232000E3	2.741088E0	3.206068E-1	1.293590E1
1.233000E3	2.737127E0	3.206068E-1	1.476125E1
1.234000E3	2.733165E0	3.206068E-1	1.476929E1
1.235000E3	2.729204E0	3.206068E-1	1.531470E1
1.236000E3	2.725243E0	3.206068E-1	1.806898E1
1.237000E3	2.721281E0	3.206068E-1	1.845772E1
1.238000E3	2.717320E0	3.206068E-1	1.670044E1
1.239000E3	2.713359E0	3.206068E-1	1.699301E1
1.240000E3	2.709397E0	3.206068E-1	1.703690E1
1.241000E3	2.705436E0	3.206068E-1	1.681585E1
1.242000E3	2.701475E0	3.206068E-1	1.739681E1
1.243000E3	2.697513E0	3.206068E-1	1.594797E1
1.244000E3	2.693552E0	3.206068E-1	1.549691E1
1.245000E3	2.689590E0	3.206068E-1	1.546884E1
1.246000E3	2.685629E0	3.206068E-1	1.734579E1
1.247000E3	2.681668E0	3.206068E-1	1.747741E1
1.248000E3	2.677706E0	3.206068E-1	1.590275E1
1.249000E3	2.673745E0	3.206068E-1	1.558256E1
1.250000E3	2.669784E0	3.206068E-1	1.440666E1
1.251000E3	2.665822E0	3.206068E-1	1.418287E1
1.252000E3	2.661861E0	3.206068E-1	1.346527E1
1.253000E3	2.657900E0	3.206068E-1	1.384799E1
1.254000E3	2.653938E0	3.206068E-1	1.289593E1
1.255000E3	2.649977E0	3.206068E-1	1.236666E1
1.256000E3	2.646016E0	3.206068E-1	1.348148E1
1.257000E3	2.642054E0	3.206068E-1	1.405091E1
1.258000E3	2.638093E0	3.206068E-1	1.344763E1
1.259000E3	2.634132E0	3.206068E-1	1.342898E1
1.260000E3	2.630170E0	3.206068E-1	1.372843E1
1.261000E3	2.626209E0	3.206068E-1	1.458794E1
1.262000E3	2.622248E0	3.206068E-1	1.447798E1
1.263000E3	2.618286E0	3.206068E-1	1.467714E1
1.264000E3	2.614325E0	3.206068E-1	1.349208E1
1.265000E3	2.610363E0	3.206068E-1	1.523729E1
1.266000E3	2.606402E0	3.206068E-1	1.538527E1
1.267000E3	2.602441E0	3.206068E-1	1.582513E1
1.268000E3	2.598479E0	3.206068E-1	1.560518E1
1.269000E3	2.594518E0	3.206068E-1	1.499077E1
1.270000E3	2.590557E0	3.206068E-1	1.384678E1
1.271000E3	2.586595E0	3.206068E-1	1.377176E1
1.272000E3	2.582634E0	3.206068E-1	1.361567E1
1.273000E3	2.578673E0	3.206068E-1	1.279843E1
1.274000E3	2.574711E0	3.206068E-1	1.156548E1
1.275000E3	2.570750E0	3.206068E-1	1.542236E1
1.276000E3	2.566789E0	3.206068E-1	1.619483E1
1.277000E3	2.562827E0	3.206068E-1	1.428009E1
1.278000E3	2.558866E0	3.206068E-1	1.212727E1
1.279000E3	2.554905E0	3.206068E-1	1.134701E1
1.280000E3	2.550943E0	3.206068E-1	1.209400E1
1.281000E3	2.546982E0	3.206068E-1	1.433458E1
1.282000E3	2.543020E0	3.206068E-1	1.382976E1
1.283000E3	2.539059E0	3.206068E-1	1.282050E1
1.284000E3	2.535098E0	3.206068E-1	1.468266E1
1.285000E3	2.531136E0	3.206068E-1	1.474376E1
1.286000E3	2.527175E0	3.206068E-1	1.564216E1
1.287000E3	2.523214E0	3.206068E-1	1.457955E1
1.288000E3	2.519252E0	3.206068E-1	1.483841E1
1.289000E3	2.515291E0	3.206068E-1	1.540550E1
1.290000E3	2.511330E0	3.206068E-1	1.471876E1
1.291000E3	2.507368E0	3.206068E-1	1.541391E1
1.292000E3	2.503407E0	3.206068E-1	1.611556E1
1.293000E3	2.499446E0	3.206068E-1	1.668661E1
1.294000E3	2.495484E0	3.206068E-1	1.823653E1
1.295000E3	2.491523E0	3.206068E-1	1.746393E1
1.296000E3	2.487562E0	3.206068E-1	1.662906E1
1.297000E3	2.483600E0	3.206068E-1	1.668213E1
1.298000E3	2.479639E0	3.206068E-1	1.717219E1
1.299000E3	2.475678E0	3.206068E-1	1.724882E1
1.300000E3	2.471716E0	3.206068E-1	1.854845E1
1.301000E3	2.467755E0	3.206068E-1	1.858158E1
1.302000E3	2.463793E0	3.206068E-1	1.780941E1
1.303000E3	2.459832E0	3.206068E-1	1.792828E1
1.304000E3	2.455871E0	3.206068E-1	1.711379E1
1.305000E3	2.451909E0	3.206068E-1	1.817294E1
1.306000E3	2.447948E0	3.206068E-1	1.889093E1
1.307000E3	2.443987E0	3.206068E-1	1.793367E1
1.308000E3	2.440025E0	3.206068E-1	1.825289E1
1.309000E3	2.436064E0	3.206068E-1	1.981357E1
1.310000E3	2.432103E0	3.206068E-1	2.077624E1
1.311000E3	2.428141E0	3.206068E-1	1.965872E1
1.312000E3	2.424180E0	3.206068E-1	1.902574E1
1.313000E3	2.420219E0	3.206068E-1	1.767496E1
1.314000E3	2.416257E0	3.206068E-1	1.929885E1
1.315000E3	2.412296E0	3.206068E-1	2.299913E1
1.316000E3	2.408335E0	3.206068E-1	2.384435E1
1.317000E3	2.404373E0	3.206068E-1	2.248408E1
1.318000E3	2.400412E0	3.206068E-1	2.320657E1
1.319000E3	2.396451E0	3.206068E-1	2.233925E1
1.320000E3	2.392489E0	3.206068E-1	2.139109E1
1.321000E3	2.388528E0	3.206068E-1	2.129540E1
1.322000E3	2.384566E0	3.206068E-1	2.117101E1
1.323000E3	2.380605E0	3.206068E-1	2.224672E1
1.324000E3	2.376644E0	3.206068E-1	2.170415E1
1.325000E3	2.372682E0	3.206068E-1	2.193068E1
1.326000E3	2.368721E0	3.206068E-1	2.320612E1
1.327000E3	2.364760E0	3.206068E-1	2.299023E1
1.328000E3	2.360798E0	3.206068E-1	2.226701E1
1.329000E3	2.356837E0	3.206068E-1	2.121907E1
1.330000E3	2.352876E0	3.206068E-1	2.139741E1
1.331000E3	2.348914E0	3.206068E-1	2.473444E1
1.332000E3	2.344953E0	3.206068E-1	2.773626E1
1.333000E3	2.340992E0	3.206068E-1	2.860681E1
1.334000E3	2.337030E0	3.206068E-1	2.904660E1
1.335000E3	2.333069E0	3.206068E-1	2.959298E1
1.336000E3	2.329108E0	3.206068E-1	3.051993E1
1.337000E3	2.325146E0	3.206068E-1	2.939918E1
1.338000E3	2.321185E0	3.206068E-1	2.969584E1
1.339000E3	2.317223E0	3.206068E-1	2.861545E1
1.340000E3	2.313262E0	3.206068E-1	2.823076E1
1.341000E3	2.309301E0	3.206068E-1	2.995572E1
1.342000E3	2.305339E0	3.206068E-1	3.054765E1
1.343000E3	2.301378E0	3.206068E-1	3.134873E1
1.344000E3	2.297417E0	3.206068E-1	3.191996E1
1.345000E3	2.293455E0	3.206068E-1	3.067922E1
1.346000E3	2.289494E0	3.206068E-1	2.964251E1
1.347000E3	2.285533E0	3.206068E-1	3.048394E1
1.348000E3	2.281571E0	3.206068E-1	2.991928E1
1.349000E3	2.277610E0	3.206068E-1	2.758719E1
1.350000E3	2.273649E0	3.206068E-1	2.617842E1
1.351000E3	2.269687E0	3.206068E-1	2.568814E1
1.352000E3	2.265726E0	3.206068E-1	2.314409E1
1.353000E3	2.261765E0	3.206068E-1	2.282883E1
1.354000E3	2.257803E0	3.206068E-1	2.427116E1
1.355000E3	2.253842E0	3.206068E-1	2.627440E1
1.356000E3	2.249881E0	3.206068E-1	2.693646E1
1.357000E3	2.245919E0	3.206068E-1	2.684406E1
1.358000E3	2.241958E0	3.206068E-1	2.753177E1
1.359000E3	2.237996E0	3.206068E-1	2.944755E1
1.360000E3	2.234035E0	3.206068E-1	3.110952E1
1.361000E3	2.230074E0	3.206068E-1	3.227341E1
1.362000E3	2.226112E0	3.206068E-1	3.392857E1
1.363000E3	2.222151E0	3.206068E-1	3.525422E1
1.364000E3	2.218190E0	3.206068E-1	3.567773E1
1.365000E3	2.214228E0	3.206068E-1	3.695100E1
1.366000E3	2.210267E0	3.206068E-1	3.765884E1
1.367000E3	2.206306E0	3.206068E-1	3.634073E1
1.368000E3	2.202344E0	3.206068E-1	3.763940E1
1.369000E3	2.198383E0	3.206068E-1	3.894625E1
1.370000E3	2.194422E0	3.206068E-1	3.928512E1
1.371000E3	2.190460E0	3.206068E-1	3.865056E1
1.372000E3	2.186499E0	3.206068E-1	3.843174E1
1.373000E3	2.182538E0	3.206068E-1	3.899690E1
1.374000E3	2.178576E0	3.206068E-1	3.864552E1
1.375000E3	2.174615E0	3.206068E-1	3.683745E1
1.376000E3	2.170654E0	3.206068E-1	3.599810E1
1.377000E3	2.166692E0	3.206068E-1	3.521748E1
1.378000E3	2.162731E0	3.206068E-1	3.545494E1
1.379000E3	2.158769E0	3.206068E-1	3.511858E1
1.380000E3	2.154808E0	3.206068E-1	3.471557E1
1.381000E3	2.150847E0	3.206068E-1	3.588460E1
1.382000E3	2.146885E0	3.206068E-1	3.951419E1
1.383000E3	2.142924E0	3.206068E-1	4.150441E1
1.384000E3	2.138963E0	3.206068E-1	4.117086E1
1.385000E3	2.135001E0	3.206068E-1	3.865925E1
1.386000E3	2.131040E0	3.206068E-1	3.677948E1
1.387000E3	2.127079E0	3.206068E-1	3.855128E1
1.388000E3	2.123117E0	3.206068E-1	3.880490E1
1.389000E3	2.119156E0	3.206068E-1	3.872968E1
1.390000E3	2.115195E0	3.206068E-1	3.997523E1
1.391000E3	2.111233E0	3.206068E-1	4.154337E1
1.392000E3	2.107272E0	3.206068E-1	4.194475E1
1.393000E3	2.103311E0	3.206068E-1	4.183760E1
1.394000E3	2.099349E0	3.206068E-1	4.107403E1
1.395000E3	2.095388E0	3.206068E-1	3.901609E1
1.396000E3	2.091426E0	3.206068E-1	3.803459E1
1.397000E3	2.087465E0	3.206068E-1	3.835508E1
1.398000E3	2.083504E0	3.206068E-1	3.922254E1
1.399000E3	2.079542E0	3.206068E-1	3.998841E1
1.400000E3	2.075581E0	3.206068E-1	3.816783E1
1.401000E3	2.071620E0	3.206068E-1	3.527197E1
1.402000E3	2.067658E0	3.206068E-1	3.259368E1
1.403000E3	2.063697E0	3.206068E-1	3.159604E1
1.404000E3	2.059736E0	3.206068E-1	3.197289E1
1.405000E3	2.055774E0	3.206068E-1	3.353388E1
1.406000E3	2.051813E0	3.206068E-1	3.704742E1
1.407000E3	2.047852E0	3.206068E-1	3.896631E1
1.408000E3	2.043890E0	3.206068E-1	3.952032E1
1.409000E3	2.039929E0	3.206068E-1	3.888560E1
1.410000E3	2.035968E0	3.206068E-1	3.858452E1
1.411000E3	2.032006E0	3.206068E-1	3.936892E1
1.412000E3	2.028045E0	3.206068E-1	3.882123E1
1.413000E3	2.024084E0	3.206068E-1	3.890461E1
1.414000E3	2.020122E0	3.206068E-1	3.839232E1
1.415000E3	2.016161E0	3.206068E-1	3.987242E1
1.416000E3	2.012199E0	3.206068E-1	3.905078E1
1.417000E3	2.008238E0	3.206068E-1	3.783528E1
1.418000E3	2.004277E0	3.206068E-1	3.582755E1
1.419000E3	2.000315E0	3.206068E-1	3.662140E1
1.420000E3	1.996354E0	3.206068E-1	3.773625E1
1.421000E3	1.992393E0	3.206068E-1	3.902444E1
1.422000E3	1.988431E0	3.206068E-1	3.921892E1
1.423000E3	1.984470E0	3.206068E-1	3.818162E1
1.424000E3	1.980509E0	3.206068E-1	3.659681E1
1.425000E3	1.976547E0	3.206068E-1	3.440835E1
1.426000E3	1.972586E0	3.206068E-1	3.271631E1
1.427000E3	1.968625E0	3.206068E-1	3.295393E1
1.428000E3	1.964663E0	3.206068E-1	3.201954E1
1.429000E3	1.960702E0	3.206068E-1	3.019755E1
1.430000E3	1.956741E0	3.206068E-1	3.025080E1
1.431000E3	1.952779E0	3.206068E-1	3.109729E1
1.432000E3	1.948818E0	3.206068E-1	3.360304E1
1.433000E3	1.944857E0	3.206068E-1	3.563250E1
1.434000E3	1.940895E0	3.206068E-1	3.468731E1
1.435000E3	1.936934E0	3.206068E-1	3.298820E1
1.436000E3	1.932972E0	3.206068E-1	2.950212E1
1.437000E3	1.929011E0	3.206068E-1	2.822046E1
1.438000E3	1.925050E0	3.206068E-1	2.781842E1
1.439000E3	1.921088E0	3.206068E-1	2.841361E1
1.440000E3	1.917127E0	3.206068E-1	3.057522E1
1.441000E3	1.913166E0	3.206068E-1	3.084414E1
1.442000E3	1.909204E0	3.206068E-1	3.054962E1
1.443000E3	1.905243E0	3.206068E-1	2.732183E1
1.444000E3	1.901282E0	3.206068E-1	2.704704E1
1.445000E3	1.897320E0	3.206068E-1	2.699894E1
1.446000E3	1.893359E0	3.206068E-1	2.915072E1
1.447000E3	1.889398E0	3.206068E-1	2.896619E1
1.448000E3	1.885436E0	3.206068E-1	2.805142E1
1.449000E3	1.881475E0	3.206068E-1	2.647633E1
1.450000E3	1.877514E0	3.206068E-1	2.516580E1
1.451000E3	1.873552E0	3.206068E-1	2.552748E1
1.452000E3	1.869591E0	3.206068E-1	2.502117E1
1.453000E3	1.865629E0	3.206068E-1	2.270441E1
1.454000E3	1.861668E0	3.206068E-1	2.148931E1
1.455000E3	1.857707E0	3.206068E-1	2.199900E1
1.456000E3	1.853745E0	3.206068E-1	2.345964E1
1.457000E3	1.849784E0	3.206068E-1	2.346876E1
1.458000E3	1.845823E0	3.206068E-1	2.520813E1
1.459000E3	1.841861E0	3.206068E-1	2.520484E1
1.460000E3	1.837900E0	3.206068E-1	2.415848E1
1.461000E3	1.833939E0	3.206068E-1	2.173552E1
1.462000E3	1.829977E0	3.206068E-1	2.186164E1
1.463000E3	1.826016E0	3.206068E-1	2.364815E1
1.464000E3	1.822055E0	3.206068E-1	2.227790E1
1.465000E3	1.818093E0	3.206068E-1	2.250454E1
1.466000E3	1.814132E0	3.206068E-1	2.273199E1
1.467000E3	1.810171E0	3.206068E-1	2.110677E1
1.468000E3	1.806209E0	3.206068E-1	2.098035E1
1.469000E3	1.802248E0	3.206068E-1	2.107510E1
1.470000E3	1.798287E0	3.206068E-1	1.887766E1
1.471000E3	1.794325E0	3.206068E-1	1.680792E1
1.472000E3	1.790364E0	3.206068E-1	1.669671E1
1.473000E3	1.786402E0	3.206068E-1	1.701355E1
1.474000E3	1.782441E0	3.206068E-1	1.583451E1
1.475000E3	1.778480E0	3.206068E-1	1.385525E1
1.476000E3	1.774518E0	3.206068E-1	1.336124E1
1.477000E3	1.770557E0	3.206068E-1	1.270876E1
1.478000E3	1.766596E0	3.206068E-1	1.074892E1
1.479000E3	1.762634E0	3.206068E-1	1.075185E1
1.480000E3	1.758673E0	3.206068E-1	1.157511E1
1.481000E3	1.754712E0	3.206068E-1	1.150655E1
1.482000E3	1.750750E0	3.206068E-1	1.307211E1
1.483000E3	1.746789E0	3.206068E-1	1.347604E1
1.484000E3	1.742828E0	3.206068E-1	1.461113E1
1.485000E3	1.738866E0	3.206068E-1	1.448074E1
1.486000E3	1.734905E0	3.206068E-1	1.499527E1
1.487000E3	1.730944E0	3.206068E-1	1.609658E1
1.488000E3	1.726982E0	3.206068E-1	1.731576E1
1.489000E3	1.723021E0	3.206068E-1	1.739126E1
1.490000E3	1.719060E0	3.206068E-1	1.755007E1
1.491000E3	1.715098E0	3.206068E-1	1.624825E1
1.492000E3	1.711137E0	3.206068E-1	1.616634E1
1.493000E3	1.707175E0	3.206068E-1	1.479495E1
1.494000E3	1.703214E0	3.206068E-1	1.502813E1
1.495000E3	1.699253E0	3.206068E-1	1.577085E1
1.496000E3	1.695291E0	3.206068E-1	1.729008E1
1.497000E3	1.691330E0	3.206068E-1	1.679295E1
1.498000E3	1.687369E0	3.206068E-1	1.639726E1
1.499000E3	1.683407E0	3.206068E-1	1.650118E1
1.500000E3	1.679446E0	3.206068E-1	1.651664E1
1.501000E3	1.675485E0	3.206068E-1	1.624334E1
1.502000E3	1.671523E0	3.206068E-1	1.712919E1
1.503000E3	1.667562E0	3.206068E-1	1.725813E1
1.504000E3	1.663601E0	3.206068E-1	1.775148E1
1.505000E3	1.659639E0	3.206068E-1	1.986818E1
1.506000E3	1.655678E0	3.206068E-1	2.128870E1
1.507000E3	1.651717E0	3.206068E-1	2.133973E1
1.508000E3	1.647755E0	3.206068E-1	2.172990E1
1.509000E3	1.643794E0	3.206068E-1	2.282829E1
1.510000E3	1.639832E0	3.206068E-1	2.260302E1
1.511000E3	1.635871E0	3.206068E-1	2.236487E1
1.512000E3	1.631910E0	3.206068E-1	2.330253E1
1.513000E3	1.627948E0	3.206068E-1	2.494839E1
1.514000E3	1.623987E0	3.206068E-1	2.786776E1
1.515000E3	1.620026E0	3.206068E-1	2.743780E1
1.516000E3	1.616064E0	3.206068E-1	2.741771E1
1.517000E3	1.612103E0	3.206068E-1	2.829929E1
1.518000E3	1.608142E0	3.206068E-1	2.954937E1
1.519000E3	1.604180E0	3.206068E-1	3.118166E1
1.520000E3	1.600219E0	3.206068E-1	3.086421E1
1.521000E3	1.596258E0	3.206068E-1	3.171606E1
1.522000E3	1.592296E0	3.206068E-1	3.127898E1
1.523000E3	1.588335E0	3.206068E-1	3.420493E1
1.524000E3	1.584374E0	3.206068E-1	3.467655E1
1.525000E3	1.580412E0	3.206068E-1	3.269053E1
1.526000E3	1.576451E0	3.206068E-1	3.104374E1
1.527000E3	1.572490E0	3.206068E-1	3.128576E1
1.528000E3	1.568528E0	3.206068E-1	3.006703E1
1.529000E3	1.564567E0	3.206068E-1	2.980022E1
1.530000E3	1.560605E0	3.206068E-1	3.080689E1
1.531000E3	1.556644E0	3.206068E-1	3.284297E1
1.532000E3	1.552683E0	3.206068E-1	3.345261E1
1.533000E3	1.548721E0	3.206068E-1	3.555672E1
1.534000E3	1.544760E0	3.206068E-1	3.826790E1
1.535000E3	1.540799E0	3.206068E-1	3.711621E1
1.536000E3	1.536837E0	3.206068E-1	3.701385E1
1.537000E3	1.532876E0	3.206068E-1	3.963674E1
1.538000E3	1.528915E0	3.206068E-1	4.269318E1
1.539000E3	1.524953E0	3.206068E-1	4.395921E1
1.540000E3	1.520992E0	3.206068E-1	4.447973E1
1.541000E3	1.517031E0	3.206068E-1	4.532163E1
1.542000E3	1.513069E0	3.206068E-1	4.303162E1
1.543000E3	1.509108E0	3.206068E-1	4.486200E1
1.544000E3	1.505147E0	3.206068E-1	4.384924E1
1.545000E3	1.501185E0	3.206068E-1	4.710881E1
1.546000E3	1.497224E0	3.206068E-1	4.898161E1
1.547000E3	1.493263E0	3.206068E-1	5.069716E1
1.548000E3	1.489301E0	3.206068E-1	4.933761E1
1.549000E3	1.485340E0	3.206068E-1	4.773848E1
1.550000E3	1.481378E0	3.206068E-1	4.716151E1
1.551000E3	1.477417E0	3.206068E-1	4.573335E1
1.552000E3	1.473456E0	3.206068E-1	4.227581E1
1.553000E3	1.469494E0	3.206068E-1	4.259889E1
1.554000E3	1.465533E0	3.206068E-1	4.405111E1
1.555000E3	1.461572E0	3.206068E-1	4.554880E1
1.556000E3	1.457610E0	3.206068E-1	4.785185E1
1.557000E3	1.453649E0	3.206068E-1	5.164664E1
1.558000E3	1.449688E0	3.206068E-1	5.629604E1
1.559000E3	1.445726E0	3.206068E-1	5.690352E1
1.560000E3	1.441765E0	3.206068E-1	5.769466E1
1.561000E3	1.437804E0	3.206068E-1	5.802747E1
1.562000E3	1.433842E0	3.206068E-1	5.919537E1
1.563000E3	1.429881E0	3.206068E-1	5.998610E1
1.564000E3	1.425920E0	3.206068E-1	5.927126E1
1.565000E3	1.421958E0	3.206068E-1	5.933742E1
1.566000E3	1.417997E0	3.206068E-1	6.047240E1
1.567000E3	1.414036E0	3.206068E-1	6.109816E1
1.568000E3	1.410074E0	3.206068E-1	6.029134E1
1.569000E3	1.406113E0	3.206068E-1	6.023536E1
1.570000E3	1.402151E0	3.206068E-1	6.173214E1
1.571000E3	1.398190E0	3.206068E-1	6.478509E1
1.572000E3	1.394229E0	3.206068E-1	6.718884E1
1.573000E3	1.390267E0	3.206068E-1	6.526206E1
1.574000E3	1.386306E0	3.206068E-1	6.534856E1
1.575000E3	1.382345E0	3.206068E-1	6.442229E1
1.576000E3	1.378383E0	3.206068E-1	6.124708E1
1.577000E3	1.374422E0	3.206068E-1	6.149842E1
1.578000E3	1.370461E0	3.206068E-1	6.226632E1
1.579000E3	1.366499E0	3.206068E-1	6.158659E1
1.580000E3	1.362538E0	3.206068E-1	6.278616E1
1.581000E3	1.358577E0	3.206068E-1	6.821553E1
1.582000E3	1.354615E0	3.206068E-1	7.063424E1
1.583000E3	1.350654E0	3.206068E-1	7.247496E1
1.584000E3	1.346693E0	3.206068E-1	7.283456E1
1.585000E3	1.342731E0	3.206068E-1	7.508892E1
1.586000E3	1.338770E0	3.206068E-1	7.868774E1
1.587000E3	1.334808E0	3.206068E-1	7.839855E1
1.588000E3	1.330847E0	3.206068E-1	7.341602E1
1.589000E3	1.326886E0	3.206068E-1	7.525507E1
1.590000E3	1.322924E0	3.206068E-1	7.583870E1
1.591000E3	1.318963E0	3.206068E-1	7.235019E1
1.592000E3	1.315002E0	3.206068E-1	7.102398E1
1.593000E3	1.311040E0	3.206068E-1	7.310925E1
1.594000E3	1.307079E0	3.206068E-1	7.608548E1
1.595000E3	1.303118E0	3.206068E-1	7.403152E1
1.596000E3	1.299156E0	3.206068E-1	7.036226E1
1.597000E3	1.295195E0	3.206068E-1	7.063917E1
1.598000E3	1.291234E0	3.206068E-1	7.117663E1
1.599000E3	1.287272E0	3.206068E-1	6.861627E1
1.600000E3	1.283311E0	3.206068E-1	6.429565E1
1.601000E3	1.279350E0	3.206068E-1	5.995742E1
1.602000E3	1.275388E0	3.206068E-1	5.889106E1
1.603000E3	1.271427E0	3.206068E-1	5.959344E1
1.604000E3	1.267466E0	3.206068E-1	5.903660E1
1.605000E3	1.263504E0	3.206068E-1	5.672371E1
1.606000E3	1.259543E0	3.206068E-1	5.665076E1
1.607000E3	1.255581E0	3.206068E-1	6.186374E1
1.608000E3	1.251620E0	3.206068E-1	6.958034E1
1.609000E3	1.247659E0	3.206068E-1	7.791416E1
1.610000E3	1.243697E0	3.206068E-1	8.199582E1
1.611000E3	1.239736E0	3.206068E-1	8.055740E1
1.612000E3	1.235775E0	3.206068E-1	8.064260E1
1.613000E3	1.231813E0	3.206068E-1	8.227003E1
1.614000E3	1.227852E0	3.206068E-1	8.220414E1
1.615000E3	1.223891E0	3.206068E-1	7.940121E1
1.616000E3	1.219929E0	3.206068E-1	7.608817E1
1.617000E3	1.215968E0	3.206068E-1	8.066534E1
1.618000E3	1.212007E0	3.206068E-1	8.239653E1
1.619000E3	1.208045E0	3.206068E-1	8.485670E1
1.620000E3	1.204084E0	3.206068E-1	8.516206E1
1.621000E3	1.200123E0	3.206068E-1	8.270200E1
1.622000E3	1.196161E0	3.206068E-1	7.943182E1
1.623000E3	1.192200E0	3.206068E-1	7.969835E1
1.624000E3	1.188239E0	3.206068E-1	8.264990E1
1.625000E3	1.184277E0	3.206068E-1	8.079295E1
1.626000E3	1.180316E0	3.206068E-1	7.699699E1
1.627000E3	1.176354E0	3.206068E-1	7.441341E1
1.628000E3	1.172393E0	3.206068E-1	7.410049E1
1.629000E3	1.168432E0	3.206068E-1	7.402166E1
1.630000E3	1.164470E0	3.206068E-1	7.437618E1
1.631000E3	1.160509E0	3.206068E-1	7.842288E1
1.632000E3	1.156548E0	3.206068E-1	8.023017E1
1.633000E3	1.152586E0	3.206068E-1	8.018653E1
1.634000E3	1.148625E0	3.206068E-1	7.863823E1
1.635000E3	1.144664E0	3.206068E-1	7.757111E1
1.636000E3	1.140702E0	3.206068E-1	7.739159E1
1.637000E3	1.136741E0	3.206068E-1	7.988415E1
1.638000E3	1.132780E0	3.206068E-1	7.914373E1
1.639000E3	1.128818E0	3.206068E-1	7.828312E1
1.640000E3	1.124857E0	3.206068E-1	7.487974E1
1.641000E3	1.120896E0	3.206068E-1	7.258135E1
1.642000E3	1.116934E0	3.206068E-1	6.899606E1
1.643000E3	1.112973E0	3.206068E-1	6.674087E1
1.644000E3	1.109011E0	3.206068E-1	6.754953E1
1.645000E3	1.105050E0	3.206068E-1	7.210532E1
1.646000E3	1.101089E0	3.206068E-1	7.489181E1
1.647000E3	1.097127E0	3.206068E-1	6.979345E1
1.648000E3	1.093166E0	3.206068E-1	6.706036E1
1.649000E3	1.089205E0	3.206068E-1	6.677372E1
1.650000E3	1.085243E0	3.206068E-1	6.685982E1
1.651000E3	1.081282E0	3.206068E-1	6.590529E1
1.652000E3	1.077321E0	3.206068E-1	6.312825E1
1.653000E3	1.073359E0	3.206068E-1	6.073081E1
1.654000E3	1.069398E0	3.206068E-1	5.892093E1
1.655000E3	1.065437E0	3.206068E-1	6.025231E1
1.656000E3	1.061475E0	3.206068E-1	6.217030E1
1.657000E3	1.057514E0	3.206068E-1	6.346444E1
1.658000E3	1.053553E0	3.206068E-1	6.663436E1
1.659000E3	1.049591E0	3.206068E-1	6.787868E1
1.660000E3	1.045630E0	3.206068E-1	6.616119E1
1.661000E3	1.041669E0	3.206068E-1	6.481501E1
1.662000E3	1.037707E0	3.206068E-1	6.401377E1
1.663000E3	1.033746E0	3.206068E-1	6.255927E1
1.664000E3	1.029784E0	3.206068E-1	6.015137E1
1.665000E3	1.025823E0	3.206068E-1	5.935726E1
1.666000E3	1.021862E0	3.206068E-1	5.920443E1
1.667000E3	1.017900E0	3.206068E-1	5.744336E1
1.668000E3	1.013939E0	3.206068E-1	5.646972E1
1.669000E3	1.009978E0	3.206068E-1	5.754816E1
1.670000E3	1.006016E0	3.206068E-1	5.712377E1
1.671000E3	1.002055E0	3.206068E-1	5.608576E1
1.672000E3	9.980937E-1	3.206068E-1	5.180417E1
1.673000E3	9.941323E-1	3.206068E-1	5.057030E1
1.674000E3	9.901710E-1	3.206068E-1	5.119387E1
1.675000E3	9.862096E-1	3.206068E-1	4.985346E1
1.676000E3	9.822483E-1	3.206068E-1	4.855791E1
1.677000E3	9.782869E-1	3.206068E-1	4.618275E1
1.678000E3	9.743256E-1	3.206068E-1	4.398356E1
1.679000E3	9.703642E-1	3.206068E-1	4.145003E1
1.680000E3	9.664029E-1	3.206068E-1	4.013179E1
1.681000E3	9.624415E-1	3.206068E-1	4.141831E1
1.682000E3	9.584802E-1	3.206068E-1	4.276650E1
1.683000E3	9.545188E-1	3.206068E-1	4.222509E1
1.684000E3	9.505575E-1	3.206068E-1	4.152969E1
1.685000E3	9.465961E-1	3.206068E-1	4.153461E1
1.686000E3	9.426348E-1	3.206068E-1	3.992216E1
1.687000E3	9.386734E-1	3.206068E-1	3.820418E1
1.688000E3	9.347120E-1	3.206068E-1	3.621231E1
1.689000E3	9.307507E-1	3.206068E-1	3.595070E1
1.690000E3	9.267893E-1	3.206068E-1	3.610863E1
1.691000E3	9.228280E-1	3.206068E-1	3.276326E1
1.692000E3	9.188666E-1	3.206068E-1	3.030873E1
1.693000E3	9.149053E-1	3.206068E-1	3.283401E1
1.694000E3	9.109439E-1	3.206068E-1	3.084471E1
1.695000E3	9.069826E-1	3.206068E-1	2.745298E1
1.696000E3	9.030212E-1	3.206068E-1	2.576154E1
1.697000E3	8.990599E-1	3.206068E-1	2.732956E1
1.698000E3	8.950985E-1	3.206068E-1	2.854487E1
1.699000E3	8.911372E-1	3.206068E-1	2.732064E1
1.700000E3	8.871758E-1	3.206068E-1	2.561946E1
1.701000E3	8.832145E-1	3.206068E-1	2.313277E1
1.702000E3	8.792531E-1	3.206068E-1	2.207766E1
1.703000E3	8.752918E-1	3.206068E-1	2.092930E1
1.704000E3	8.713304E-1	3.206068E-1	2.000959E1
1.705000E3	8.673691E-1	3.206068E-1	1.883495E1
1.706000E3	8.634077E-1	3.206068E-1	2.039848E1
1.707000E3	8.594464E-1	3.206068E-1	2.191722E1
1.708000E3	8.554850E-1	3.206068E-1	2.364707E1
1.709000E3	8.515237E-1	3.206068E-1	2.359636E1
1.710000E3	8.475623E-1	3.206068E-1	2.235933E1
1.711000E3	8.436010E-1	3.206068E-1	2.178111E1
1.712000E3	8.396396E-1	3.206068E-1	2.206486E1
1.713000E3	8.356783E-1	3.206068E-1	2.357913E1
1.714000E3	8.317169E-1	3.206068E-1	2.526764E1
1.715000E3	8.277556E-1	3.206068E-1	2.733361E1
1.716000E3	8.237942E-1	3.206068E-1	3.018613E1
1.717000E3	8.198329E-1	3.206068E-1	3.213147E1
1.718000E3	8.158715E-1	3.206068E-1	3.384518E1
1.719000E3	8.119102E-1	3.206068E-1	3.493423E1
1.720000E3	8.079488E-1	3.206068E-1	3.696456E1
1.721000E3	8.039875E-1	3.206068E-1	3.844971E1
1.722000E3	8.000261E-1	3.206068E-1	4.036986E1
1.723000E3	7.960648E-1	3.206068E-1	4.164445E1
1.724000E3	7.921034E-1	3.206068E-1	4.082711E1
1.725000E3	7.881421E-1	3.206068E-1	3.994646E1
1.726000E3	7.841807E-1	3.206068E-1	4.124679E1
1.727000E3	7.802194E-1	3.206068E-1	4.111445E1
1.728000E3	7.762580E-1	3.206068E-1	4.071191E1
1.729000E3	7.722967E-1	3.206068E-1	3.760380E1
1.730000E3	7.683353E-1	3.206068E-1	3.932244E1
1.731000E3	7.643740E-1	3.206068E-1	4.402606E1
1.732000E3	7.604126E-1	3.206068E-1	5.007899E1
1.733000E3	7.564513E-1	3.206068E-1	5.839120E1
1.734000E3	7.524899E-1	3.206068E-1	6.328298E1
1.735000E3	7.485286E-1	3.206068E-1	6.533659E1
1.736000E3	7.445672E-1	3.206068E-1	6.745920E1
1.737000E3	7.406059E-1	3.206068E-1	7.151999E1
1.738000E3	7.366445E-1	3.206068E-1	7.492441E1
1.739000E3	7.326832E-1	3.206068E-1	7.815025E1
1.740000E3	7.287218E-1	3.206068E-1	8.007118E1
1.741000E3	7.247605E-1	3.206068E-1	8.413886E1
1.742000E3	7.207991E-1	3.206068E-1	8.510897E1
1.743000E3	7.168378E-1	3.206068E-1	8.759867E1
1.744000E3	7.128764E-1	3.206068E-1	8.804222E1
1.745000E3	7.089151E-1	3.206068E-1	8.997411E1
1.746000E3	7.049537E-1	3.206068E-1	9.173291E1
1.747000E3	7.009923E-1	3.206068E-1	8.855141E1
1.748000E3	6.970310E-1	3.206068E-1	8.772246E1
1.749000E3	6.930696E-1	3.206068E-1	9.073717E1
1.750000E3	6.891083E-1	3.206068E-1	9.304411E1
1.751000E3	6.851469E-1	3.206068E-1	9.403212E1
1.752000E3	6.811856E-1	3.206068E-1	9.330228E1
1.753000E3	6.772242E-1	3.206068E-1	9.217482E1
1.754000E3	6.732629E-1	3.206068E-1	9.152947E1
1.755000E3	6.693015E-1	3.206068E-1	9.496718E1
1.756000E3	6.653402E-1	3.206068E-1	1.003668E2
1.757000E3	6.613788E-1	3.206068E-1	1.066397E2
1.758000E3	6.574175E-1	3.206068E-1	1.116242E2
1.759000E3	6.534561E-1	3.206068E-1	1.105272E2
1.760000E3	6.494948E-1	3.206068E-1	1.127988E2
1.761000E3	6.455334E-1	3.206068E-1	1.183282E2
1.762000E3	6.415721E-1	3.206068E-1	1.262234E2
1.763000E3	6.376107E-1	3.206068E-1	1.310471E2
1.764000E3	6.336494E-1	3.206068E-1	1.300641E2
1.765000E3	6.296880E-1	3.206068E-1	1.294577E2
1.766000E3	6.257267E-1	3.206068E-1	1.321661E2
1.767000E3	6.217653E-1	3.206068E-1	1.307133E2
1.768000E3	6.178040E-1	3.206068E-1	1.328399E2
1.769000E3	6.138426E-1	3.206068E-1	1.382352E2
1.770000E3	6.098813E-1	3.206068E-1	1.423384E2
1.771000E3	6.059199E-1	3.206068E-1	1.439325E2
1.772000E3	6.019586E-1	3.206068E-1	1.436050E2
1.773000E3	5.979972E-1	3.206068E-1	1.438698E2
1.774000E3	5.940359E-1	3.206068E-1	1.421684E2
1.775000E3	5.900745E-1	3.206068E-1	1.400393E2
1.776000E3	5.861132E-1	3.206068E-1	1.387960E2
1.777000E3	5.821518E-1	3.206068E-1	1.383539E2
1.778000E3	5.781905E-1	3.206068E-1	1.378020E2
1.779000E3	5.742291E-1	3.206068E-1	1.321307E2
1.780000E3	5.702678E-1	3.206068E-1	1.324745E2
1.781000E3	5.663064E-1	3.206068E-1	1.421208E2
1.782000E3	5.623451E-1	3.206068E-1	1.531491E2
1.783000E3	5.583837E-1	3.206068E-1	1.608169E2
1.784000E3	5.544224E-1	3.206068E-1	1.600879E2
1.785000E3	5.504610E-1	3.206068E-1	1.594204E2
1.786000E3	5.464997E-1	3.206068E-1	1.619569E2
1.787000E3	5.425383E-1	3.206068E-1	1.699028E2
1.788000E3	5.385770E-1	3.206068E-1	1.740928E2
1.789000E3	5.346156E-1	3.206068E-1	1.775317E2
1.790000E3	5.306543E-1	3.206068E-1	1.763567E2
1.791000E3	5.266929E-1	3.206068E-1	1.755614E2
1.792000E3	5.227316E-1	3.206068E-1	1.753508E2
1.793000E3	5.187702E-1	3.206068E-1	1.774587E2
1.794000E3	5.148089E-1	3.206068E-1	1.819454E2
1.795000E3	5.108475E-1	3.206068E-1	1.838318E2
1.796000E3	5.068862E-1	3.206068E-1	1.866320E2
1.797000E3	5.029248E-1	3.206068E-1	1.900714E2
1.798000E3	4.989635E-1	3.206068E-1	1.927798E2
1.799000E3	4.950021E-1	3.206068E-1	1.905483E2
1.800000E3	4.910408E-1	3.206068E-1	1.854735E2
1.801000E3	4.870794E-1	3.206068E-1	1.853771E2
1.802000E3	4.831181E-1	3.206068E-1	1.864625E2
1.803000E3	4.791567E-1	3.206068E-1	1.868031E2
1.804000E3	4.751954E-1	3.206068E-1	1.799195E2
1.805000E3	4.712340E-1	3.206068E-1	1.775311E2
1.806000E3	4.672726E-1	3.206068E-1	1.828274E2
1.807000E3	4.633113E-1	3.206068E-1	1.894451E2
1.808000E3	4.593499E-1	3.206068E-1	1.940303E2
1.809000E3	4.553886E-1	3.206068E-1	1.925174E2
1.810000E3	4.514272E-1	3.206068E-1	1.914665E2
1.811000E3	4.474659E-1	3.206068E-1	1.915849E2
1.812000E3	4.435045E-1	3.206068E-1	1.961093E2
1.813000E3	4.395432E-1	3.206068E-1	1.989140E2
1.814000E3	4.355818E-1	3.206068E-1	2.013381E2
1.815000E3	4.316205E-1	3.206068E-1	2.015547E2
1.816000E3	4.276591E-1	3.206068E-1	2.017511E2
1.817000E3	4.236978E-1	3.206068E-1	2.031560E2
1.818000E3	4.197364E-1	3.206068E-1	2.028643E2
1.819000E3	4.157751E-1	3.206068E-1	2.012278E2
1.820000E3	4.118137E-1	3.206068E-1	2.009615E2
1.821000E3	4.078524E-1	3.206068E-1	2.038398E2
1.822000E3	4.038910E-1	3.206068E-1	2.076735E2
1.823000E3	3.999297E-1	3.206068E-1	2.086452E2
1.824000E3	3.959683E-1	3.206068E-1	2.079744E2
1.825000E3	3.920070E-1	3.206068E-1	2.068761E2
1.826000E3	3.880456E-1	3.206068E-1	2.071642E2
1.827000E3	3.840843E-1	3.206068E-1	2.073941E2
1.828000E3	3.801229E-1	3.206068E-1	2.029483E2
1.829000E3	3.761616E-1	3.206068E-1	1.970371E2
1.830000E3	3.722002E-1	3.206068E-1	1.942523E2
1.831000E3	3.682389E-1	3.206068E-1	1.960842E2
1.832000E3	3.642775E-1	3.206068E-1	2.006122E2
1.833000E3	3.603162E-1	3.206068E-1	2.048340E2
1.834000E3	3.563548E-1	3.206068E-1	2.095839E2
1.835000E3	3.523935E-1	3.206068E-1	2.131879E2
1.836000E3	3.484321E-1	3.206068E-1	2.141576E2
1.837000E3	3.444708E-1	3.206068E-1	2.137345E2
1.838000E3	3.405094E-1	3.206068E-1	2.152751E2
1.839000E3	3.365481E-1	3.206068E-1	2.186854E2
1.840000E3	3.325867E-1	3.206068E-1	2.212900E2
1.841000E3	3.286254E-1	3.206068E-1	2.203416E2
1.842000E3	3.246640E-1	3.206068E-1	2.176862E2
1.843000E3	3.207027E-1	3.206068E-1	2.160857E2
1.844000E3	3.167413E-1	3.206068E-1	2.156152E2
1.845000E3	3.127800E-1	3.206068E-1	2.149889E2
1.846000E3	3.088186E-1	3.206068E-1	2.161542E2
1.847000E3	3.048573E-1	3.206068E-1	2.169000E2
1.848000E3	3.008959E-1	3.206068E-1	2.154923E2
1.849000E3	2.969346E-1	3.206068E-1	2.163940E2
1.850000E3	2.929732E-1	3.206068E-1	2.157583E2
1.851000E3	2.890119E-1	3.206068E-1	2.135716E2
1.852000E3	2.850505E-1	3.206068E-1	2.105409E2
1.853000E3	2.810892E-1	3.206068E-1	2.046536E2
1.854000E3	2.771278E-1	3.206068E-1	1.980593E2
1.855000E3	2.731665E-1	3.206068E-1	1.995872E2
1.856000E3	2.692051E-1	3.206068E-1	2.016956E2
1.857000E3	2.652438E-1	3.206068E-1	2.041338E2
1.858000E3	2.612824E-1	3.206068E-1	2.061350E2
1.859000E3	2.573211E-1	3.206068E-1	2.078515E2
1.860000E3	2.533597E-1	3.206068E-1	2.134147E2
1.861000E3	2.493984E-1	3.206068E-1	2.235125E2
1.862000E3	2.454370E-1	3.206068E-1	2.281949E2
1.863000E3	2.414757E-1	3.206068E-1	2.296771E2
1.864000E3	2.375143E-1	3.206068E-1	2.292611E2
1.865000E3	2.335529E-1	3.206068E-1	2.282173E2
1.866000E3	2.295916E-1	3.206068E-1	2.274346E2
1.867000E3	2.256302E-1	3.206068E-1	2.277471E2
1.868000E3	2.216689E-1	3.206068E-1	2.300416E2
1.869000E3	2.177075E-1	3.206068E-1	2.305791E2
1.870000E3	2.137462E-1	3.206068E-1	2.305131E2
1.871000E3	2.097848E-1	3.206068E-1	2.305376E2
1.872000E3	2.058235E-1	3.206068E-1	2.305681E2
1.873000E3	2.018621E-1	3.206068E-1	2.328399E2
1.874000E3	1.979008E-1	3.206068E-1	2.353567E2
1.875000E3	1.939394E-1	3.206068E-1	2.366741E2
1.876000E3	1.899781E-1	3.206068E-1	2.353624E2
1.877000E3	1.860167E-1	3.206068E-1	2.322330E2
1.878000E3	1.820554E-1	3.206068E-1	2.287765E2
1.879000E3	1.780940E-1	3.206068E-1	2.269998E2
1.880000E3	1.741327E-1	3.206068E-1	2.280012E2
1.881000E3	1.701713E-1	3.206068E-1	2.294234E2
1.882000E3	1.662100E-1	3.206068E-1	2.319313E2
1.883000E3	1.622486E-1	3.206068E-1	2.354670E2
1.884000E3	1.582873E-1	3.206068E-1	2.379270E2
1.885000E3	1.543259E-1	3.206068E-1	2.398801E2
1.886000E3	1.503646E-1	3.206068E-1	2.403564E2
1.887000E3	1.464032E-1	3.206068E-1	2.411264E2
1.888000E3	1.424419E-1	3.206068E-1	2.409746E2
1.889000E3	1.384805E-1	3.206068E-1	2.401480E2
1.890000E3	1.345192E-1	3.206068E-1	2.409554E2
1.891000E3	1.305578E-1	3.206068E-1	2.426928E2
1.892000E3	1.265965E-1	3.206068E-1	2.425997E2
1.893000E3	1.226351E-1	3.206068E-1	2.423389E2
1.894000E3	1.186738E-1	3.206068E-1	2.417818E2
1.895000E3	1.147124E-1	3.206068E-1	2.419763E2
1.896000E3	1.107511E-1	3.206068E-1	2.428876E2
1.897000E3	1.067897E-1	3.206068E-1	2.420099E2
1.898000E3	1.028284E-1	3.206068E-1	2.402283E2
1.899000E3	9.886702E-2	3.206068E-1	2.389391E2
1.900000E3	9.490567E-2	3.206068E-1	2.401909E2
1.901000E3	9.094432E-2	3.206068E-1	2.383219E2
1.902000E3	8.698297E-2	3.206068E-1	2.375671E2
1.903000E3	8.302162E-2	3.206068E-1	2.371436E2
1.904000E3	7.906027E-2	3.206068E-1	2.353776E2
1.905000E3	7.509891E-2	3.206068E-1	2.344815E2
1.906000E3	7.113756E-2	3.206068E-1	2.351793E2
1.907000E3	6.717621E-2	3.206068E-1	2.372425E2
1.908000E3	6.321486E-2	3.206068E-1	2.377164E2
1.909000E3	5.925351E-2	3.206068E-1	2.384379E2
1.910000E3	5.529216E-2	3.206068E-1	2.383014E2
1.911000E3	5.133081E-2	3.206068E-1	2.385121E2
1.912000E3	4.736946E-2	3.206068E-1	2.392605E2
1.913000E3	4.340811E-2	3.206068E-1	2.420566E2
1.914000E3	3.944676E-2	3.206068E-1	2.451076E2
1.915000E3	3.548541E-2	3.206068E-1	2.452042E2
1.916000E3	3.152406E-2	3.206068E-1	2.459367E2
1.917000E3	2.756270E-2	3.206068E-1	2.502690E2
1.918000E3	2.360135E-2	3.206068E-1	2.513438E2
1.919000E3	1.964000E-2	3.206068E-1	2.521890E2
1.920000E3	1.567865E-2	3.206068E-1	2.525086E2
1.921000E3	1.171730E-2	3.206068E-1	2.523669E2
1.922000E3	7.755950E-3	3.206068E-1	2.523460E2
1.923000E3	3.794599E-3	3.206068E-1	2.528988E2
1.924000E3	-1.667514E-4	3.206068E-1	2.525109E2
1.925000E3	-4.128102E-3	3.206068E-1	2.522174E2
1.926000E3	-8.089453E-3	3.206068E-1	2.515480E2
1.927000E3	-1.205080E-2	3.206068E-1	2.502360E2
1.928000E3	-1.601215E-2	3.206068E-1	2.486737E2
1.929000E3	-1.997351E-2	3.206068E-1	2.441960E2
1.930000E3	-2.393486E-2	3.206068E-1	2.398511E2
1.931000E3	-2.789621E-2	3.206068E-1	2.370604E2
1.932000E3	-3.185756E-2	3.206068E-1	2.357110E2
1.933000E3	-3.581891E-2	3.206068E-1	2.364924E2
1.934000E3	-3.978026E-2	3.206068E-1	2.376578E2
1.935000E3	-4.374161E-2	3.206068E-1	2.380378E2
1.936000E3	-4.770296E-2	3.206068E-1	2.392900E2
1.937000E3	-5.166431E-2	3.206068E-1	2.394210E2
1.938000E3	-5.562566E-2	3.206068E-1	2.379911E2
1.939000E3	-5.958701E-2	3.206068E-1	2.368535E2
1.940000E3	-6.354836E-2	3.206068E-1	2.366143E2
1.941000E3	-6.750972E-2	3.206068E-1	2.370604E2
1.942000E3	-7.147107E-2	3.206068E-1	2.387078E2
1.943000E3	-7.543242E-2	3.206068E-1	2.390966E2
1.944000E3	-7.939377E-2	3.206068E-1	2.408088E2
1.945000E3	-8.335512E-2	3.206068E-1	2.371549E2
1.946000E3	-8.731647E-2	3.206068E-1	2.384991E2
1.947000E3	-9.127782E-2	3.206068E-1	2.414197E2
1.948000E3	-9.523917E-2	3.206068E-1	2.425460E2
1.949000E3	-9.920052E-2	3.206068E-1	2.428640E2
1.950000E3	-1.031619E-1	3.206068E-1	2.419110E2
1.951000E3	-1.071232E-1	3.206068E-1	2.423244E2
1.952000E3	-1.110846E-1	3.206068E-1	2.425067E2
1.953000E3	-1.150459E-1	3.206068E-1	2.412098E2
1.954000E3	-1.190073E-1	3.206068E-1	2.397378E2
1.955000E3	-1.229686E-1	3.206068E-1	2.390068E2
1.956000E3	-1.269300E-1	3.206068E-1	2.357932E2
1.957000E3	-1.308913E-1	3.206068E-1	2.323463E2
1.958000E3	-1.348527E-1	3.206068E-1	2.319992E2
1.959000E3	-1.388140E-1	3.206068E-1	2.325479E2
1.960000E3	-1.427754E-1	3.206068E-1	2.359228E2
1.961000E3	-1.467367E-1	3.206068E-1	2.361833E2
1.962000E3	-1.506981E-1	3.206068E-1	2.351935E2
1.963000E3	-1.546594E-1	3.206068E-1	2.361052E2
1.964000E3	-1.586208E-1	3.206068E-1	2.369338E2
1.965000E3	-1.625821E-1	3.206068E-1	2.363488E2
1.966000E3	-1.665435E-1	3.206068E-1	2.370862E2
1.967000E3	-1.705048E-1	3.206068E-1	2.363991E2
1.968000E3	-1.744662E-1	3.206068E-1	2.361141E2
1.969000E3	-1.784275E-1	3.206068E-1	2.359192E2
1.970000E3	-1.823889E-1	3.206068E-1	2.377938E2
1.971000E3	-1.863502E-1	3.206068E-1	2.401162E2
1.972000E3	-1.903116E-1	3.206068E-1	2.412798E2
1.973000E3	-1.942729E-1	3.206068E-1	2.396497E2
1.974000E3	-1.982343E-1	3.206068E-1	2.375729E2
1.975000E3	-2.021956E-1	3.206068E-1	2.363812E2
1.976000E3	-2.061570E-1	3.206068E-1	2.369164E2
1.977000E3	-2.101183E-1	3.206068E-1	2.370850E2
1.978000E3	-2.140797E-1	3.206068E-1	2.351647E2
1.979000E3	-2.180410E-1	3.206068E-1	2.304356E2
1.980000E3	-2.220024E-1	3.206068E-1	2.250062E2
1.981000E3	-2.259637E-1	3.206068E-1	2.211936E2
1.982000E3	-2.299251E-1	3.206068E-1	2.165838E2
1.983000E3	-2.338865E-1	3.206068E-1	2.135686E2
1.984000E3	-2.378478E-1	3.206068E-1	2.148691E2
1.985000E3	-2.418092E-1	3.206068E-1	2.211369E2
1.986000E3	-2.457705E-1	3.206068E-1	2.260844E2
1.987000E3	-2.497319E-1	3.206068E-1	2.312355E2
1.988000E3	-2.536932E-1	3.206068E-1	2.328458E2
1.989000E3	-2.576546E-1	3.206068E-1	2.331987E2
1.990000E3	-2.616159E-1	3.206068E-1	2.336552E2
1.991000E3	-2.655773E-1	3.206068E-1	2.323528E2
1.992000E3	-2.695386E-1	3.206068E-1	2.298598E2
1.993000E3	-2.735000E-1	3.206068E-1	2.285512E2
1.994000E3	-2.774613E-1	3.206068E-1	2.278957E2
1.995000E3	-2.814227E-1	3.206068E-1	2.293620E2
1.996000E3	-2.853840E-1	3.206068E-1	2.291540E2
1.997000E3	-2.893454E-1	3.206068E-1	2.262449E2
1.998000E3	-2.933067E-1	3.206068E-1	2.221439E2
1.999000E3	-2.972681E-1	3.206068E-1	2.216022E2
2.000000E3	-3.012294E-1	3.206068E-1	2.228805E2
2.001000E3	-3.051908E-1	3.206068E-1	2.232607E2
2.002000E3	-3.091521E-1	3.206068E-1	2.211122E2
2.003000E3	-3.131135E-1	3.206068E-1	2.189533E2
2.004000E3	-3.170748E-1	3.206068E-1	2.179566E2
2.005000E3	-3.210362E-1	3.206068E-1	2.173130E2
2.006000E3	-3.249975E-1	3.206068E-1	2.143144E2
2.007000E3	-3.289589E-1	3.206068E-1	2.102569E2
2.008000E3	-3.329202E-1	3.206068E-1	2.100613E2
2.009000E3	-3.368816E-1	3.206068E-1	2.157427E2
2.010000E3	-3.408429E-1	3.206068E-1	2.187228E2
2.011000E3	-3.448043E-1	3.206068E-1	2.204006E2
2.012000E3	-3.487656E-1	3.206068E-1	2.192015E2
2.013000E3	-3.527270E-1	3.206068E-1	2.173346E2
2.014000E3	-3.566883E-1	3.206068E-1	2.163558E2
2.015000E3	-3.606497E-1	3.206068E-1	2.159720E2
2.016000E3	-3.646110E-1	3.206068E-1	2.164205E2
2.017000E3	-3.685724E-1	3.206068E-1	2.187246E2
2.018000E3	-3.725337E-1	3.206068E-1	2.212274E2
2.019000E3	-3.764951E-1	3.206068E-1	2.225326E2
2.020000E3	-3.804564E-1	3.206068E-1	2.233418E2
2.021000E3	-3.844178E-1	3.206068E-1	2.213197E2
2.022000E3	-3.883791E-1	3.206068E-1	2.129487E2
2.023000E3	-3.923405E-1	3.206068E-1	2.098775E2
2.024000E3	-3.963018E-1	3.206068E-1	2.124528E2
2.025000E3	-4.002632E-1	3.206068E-1	2.155124E2
2.026000E3	-4.042245E-1	3.206068E-1	2.133683E2
2.027000E3	-4.081859E-1	3.206068E-1	2.126063E2
2.028000E3	-4.121472E-1	3.206068E-1	2.123109E2
2.029000E3	-4.161086E-1	3.206068E-1	2.115738E2
2.030000E3	-4.200699E-1	3.206068E-1	2.107461E2
2.031000E3	-4.240313E-1	3.206068E-1	2.082660E2
2.032000E3	-4.279926E-1	3.206068E-1	1.999187E2
2.033000E3	-4.319540E-1	3.206068E-1	1.987350E2
2.034000E3	-4.359153E-1	3.206068E-1	2.000921E2
2.035000E3	-4.398767E-1	3.206068E-1	2.033119E2
2.036000E3	-4.438380E-1	3.206068E-1	2.063747E2
2.037000E3	-4.477994E-1	3.206068E-1	2.086572E2
2.038000E3	-4.517607E-1	3.206068E-1	2.098680E2
2.039000E3	-4.557221E-1	3.206068E-1	2.097469E2
2.040000E3	-4.596834E-1	3.206068E-1	2.069979E2
2.041000E3	-4.636448E-1	3.206068E-1	2.052126E2
2.042000E3	-4.676062E-1	3.206068E-1	2.042871E2
2.043000E3	-4.715675E-1	3.206068E-1	2.034646E2
2.044000E3	-4.755289E-1	3.206068E-1	2.025404E2
2.045000E3	-4.794902E-1	3.206068E-1	2.016919E2
2.046000E3	-4.834516E-1	3.206068E-1	2.003571E2
2.047000E3	-4.874129E-1	3.206068E-1	1.989298E2
2.048000E3	-4.913743E-1	3.206068E-1	1.955946E2
2.049000E3	-4.953356E-1	3.206068E-1	1.918851E2
2.050000E3	-4.992970E-1	3.206068E-1	1.897101E2
2.051000E3	-5.032583E-1	3.206068E-1	1.890353E2
2.052000E3	-5.072197E-1	3.206068E-1	1.884384E2
2.053000E3	-5.111810E-1	3.206068E-1	1.886844E2
2.054000E3	-5.151424E-1	3.206068E-1	1.881030E2
2.055000E3	-5.191037E-1	3.206068E-1	1.848434E2
2.056000E3	-5.230651E-1	3.206068E-1	1.771785E2
2.057000E3	-5.270264E-1	3.206068E-1	1.711634E2
2.058000E3	-5.309878E-1	3.206068E-1	1.661110E2
2.059000E3	-5.349491E-1	3.206068E-1	1.631101E2
2.060000E3	-5.389105E-1	3.206068E-1	1.626832E2
2.061000E3	-5.428718E-1	3.206068E-1	1.655467E2
2.062000E3	-5.468332E-1	3.206068E-1	1.719806E2
2.063000E3	-5.507945E-1	3.206068E-1	1.722099E2
2.064000E3	-5.547559E-1	3.206068E-1	1.694375E2
2.065000E3	-5.587172E-1	3.206068E-1	1.683553E2
2.066000E3	-5.626786E-1	3.206068E-1	1.667134E2
2.067000E3	-5.666399E-1	3.206068E-1	1.646440E2
2.068000E3	-5.706013E-1	3.206068E-1	1.602610E2
2.069000E3	-5.745626E-1	3.206068E-1	1.576626E2
2.070000E3	-5.785240E-1	3.206068E-1	1.561190E2
2.071000E3	-5.824853E-1	3.206068E-1	1.518891E2
2.072000E3	-5.864467E-1	3.206068E-1	1.532465E2
2.073000E3	-5.904080E-1	3.206068E-1	1.583544E2
2.074000E3	-5.943694E-1	3.206068E-1	1.605146E2
2.075000E3	-5.983307E-1	3.206068E-1	1.536573E2
2.076000E3	-6.022921E-1	3.206068E-1	1.474969E2
2.077000E3	-6.062534E-1	3.206068E-1	1.442629E2
2.078000E3	-6.102148E-1	3.206068E-1	1.428315E2
2.079000E3	-6.141761E-1	3.206068E-1	1.423036E2
2.080000E3	-6.181375E-1	3.206068E-1	1.406795E2
2.081000E3	-6.220988E-1	3.206068E-1	1.392219E2
2.082000E3	-6.260602E-1	3.206068E-1	1.368409E2
2.083000E3	-6.300215E-1	3.206068E-1	1.311269E2
2.084000E3	-6.339829E-1	3.206068E-1	1.248277E2
2.085000E3	-6.379442E-1	3.206068E-1	1.236975E2
2.086000E3	-6.419056E-1	3.206068E-1	1.280127E2
2.087000E3	-6.458669E-1	3.206068E-1	1.247812E2
2.088000E3	-6.498283E-1	3.206068E-1	1.291061E2
2.089000E3	-6.537896E-1	3.206068E-1	1.325677E2
2.090000E3	-6.577510E-1	3.206068E-1	1.320684E2
2.091000E3	-6.617123E-1	3.206068E-1	1.312481E2
2.092000E3	-6.656737E-1	3.206068E-1	1.304587E2
2.093000E3	-6.696350E-1	3.206068E-1	1.282006E2
2.094000E3	-6.735964E-1	3.206068E-1	1.253930E2
2.095000E3	-6.775577E-1	3.206068E-1	1.214954E2
2.096000E3	-6.815191E-1	3.206068E-1	1.166857E2
2.097000E3	-6.854804E-1	3.206068E-1	1.176815E2
2.098000E3	-6.894418E-1	3.206068E-1	1.175592E2
2.099000E3	-6.934031E-1	3.206068E-1	1.166691E2
2.100000E3	-6.973645E-1	3.206068E-1	1.097093E2
2.101000E3	-7.013259E-1	3.206068E-1	1.075346E2
2.102000E3	-7.052872E-1	3.206068E-1	1.026752E2
2.103000E3	-7.092486E-1	3.206068E-1	9.838151E1
2.104000E3	-7.132099E-1	3.206068E-1	9.614604E1
2.105000E3	-7.171713E-1	3.206068E-1	9.182335E1
2.106000E3	-7.211326E-1	3.206068E-1	8.336221E1
2.107000E3	-7.250940E-1	3.206068E-1	7.434917E1
2.108000E3	-7.290553E-1	3.206068E-1	6.835038E1
2.109000E3	-7.330167E-1	3.206068E-1	6.295476E1
2.110000E3	-7.369780E-1	3.206068E-1	6.064348E1
2.111000E3	-7.409394E-1	3.206068E-1	6.235451E1
2.112000E3	-7.449007E-1	3.206068E-1	6.451111E1
2.113000E3	-7.488621E-1	3.206068E-1	6.561655E1
2.114000E3	-7.528234E-1	3.206068E-1	6.643611E1
2.115000E3	-7.567848E-1	3.206068E-1	7.341265E1
2.116000E3	-7.607461E-1	3.206068E-1	7.697833E1
2.117000E3	-7.647075E-1	3.206068E-1	7.709850E1
2.118000E3	-7.686688E-1	3.206068E-1	7.740321E1
2.119000E3	-7.726302E-1	3.206068E-1	7.804907E1
2.120000E3	-7.765915E-1	3.206068E-1	7.488117E1
2.121000E3	-7.805529E-1	3.206068E-1	7.153801E1
2.122000E3	-7.845142E-1	3.206068E-1	6.613485E1
2.123000E3	-7.884756E-1	3.206068E-1	6.579480E1
2.124000E3	-7.924369E-1	3.206068E-1	6.255597E1
2.125000E3	-7.963983E-1	3.206068E-1	6.309787E1
2.126000E3	-8.003596E-1	3.206068E-1	6.342185E1
2.127000E3	-8.043210E-1	3.206068E-1	5.853968E1
2.128000E3	-8.082823E-1	3.206068E-1	5.639863E1
2.129000E3	-8.122437E-1	3.206068E-1	5.851285E1
2.130000E3	-8.162050E-1	3.206068E-1	5.618752E1
2.131000E3	-8.201664E-1	3.206068E-1	5.161875E1
2.132000E3	-8.241277E-1	3.206068E-1	4.826653E1
2.133000E3	-8.280891E-1	3.206068E-1	4.402260E1
2.134000E3	-8.320504E-1	3.206068E-1	4.061110E1
2.135000E3	-8.360118E-1	3.206068E-1	3.690257E1
2.136000E3	-8.399731E-1	3.206068E-1	3.494857E1
2.137000E3	-8.439345E-1	3.206068E-1	3.361802E1
2.138000E3	-8.478958E-1	3.206068E-1	3.606174E1
2.139000E3	-8.518572E-1	3.206068E-1	3.980135E1
2.140000E3	-8.558185E-1	3.206068E-1	4.107424E1
2.141000E3	-8.597799E-1	3.206068E-1	3.986313E1
2.142000E3	-8.637412E-1	3.206068E-1	3.942176E1
2.143000E3	-8.677026E-1	3.206068E-1	3.906815E1
2.144000E3	-8.716639E-1	3.206068E-1	3.817790E1
2.145000E3	-8.756253E-1	3.206068E-1	3.916015E1
2.146000E3	-8.795866E-1	3.206068E-1	3.935945E1
2.147000E3	-8.835480E-1	3.206068E-1	3.927080E1
2.148000E3	-8.875093E-1	3.206068E-1	3.801573E1
2.149000E3	-8.914707E-1	3.206068E-1	3.685447E1
2.150000E3	-8.954320E-1	3.206068E-1	3.562528E1
2.151000E3	-8.993934E-1	3.206068E-1	3.759394E1
2.152000E3	-9.033547E-1	3.206068E-1	3.986279E1
2.153000E3	-9.073161E-1	3.206068E-1	4.050802E1
2.154000E3	-9.112774E-1	3.206068E-1	4.037328E1
2.155000E3	-9.152388E-1	3.206068E-1	4.102066E1
2.156000E3	-9.192001E-1	3.206068E-1	4.015451E1
2.157000E3	-9.231615E-1	3.206068E-1	4.181603E1
2.158000E3	-9.271228E-1	3.206068E-1	4.246641E1
2.159000E3	-9.310842E-1	3.206068E-1	3.830081E1
2.160000E3	-9.350456E-1	3.206068E-1	3.365599E1
2.161000E3	-9.390069E-1	3.206068E-1	3.536969E1
2.162000E3	-9.429683E-1	3.206068E-1	3.885613E1
2.163000E3	-9.469296E-1	3.206068E-1	4.102089E1
2.164000E3	-9.508910E-1	3.206068E-1	4.140939E1
2.165000E3	-9.548523E-1	3.206068E-1	4.282385E1
2.166000E3	-9.588137E-1	3.206068E-1	4.704916E1
2.167000E3	-9.627750E-1	3.206068E-1	4.937885E1
2.168000E3	-9.667364E-1	3.206068E-1	5.088938E1
2.169000E3	-9.706977E-1	3.206068E-1	5.011451E1
2.170000E3	-9.746591E-1	3.206068E-1	4.998686E1
2.171000E3	-9.786204E-1	3.206068E-1	5.148088E1
2.172000E3	-9.825818E-1	3.206068E-1	5.593405E1
2.173000E3	-9.865431E-1	3.206068E-1	5.768336E1
2.174000E3	-9.905045E-1	3.206068E-1	5.873199E1
2.175000E3	-9.944658E-1	3.206068E-1	5.613751E1
2.176000E3	-9.984272E-1	3.206068E-1	5.415069E1
2.177000E3	-1.002389E0	3.206068E-1	5.553628E1
2.178000E3	-1.006350E0	3.206068E-1	5.631158E1
2.179000E3	-1.010311E0	3.206068E-1	5.863764E1
2.180000E3	-1.014273E0	3.206068E-1	6.042008E1
2.181000E3	-1.018234E0	3.206068E-1	5.987519E1
2.182000E3	-1.022195E0	3.206068E-1	5.931846E1
2.183000E3	-1.026157E0	3.206068E-1	5.803288E1
2.184000E3	-1.030118E0	3.206068E-1	5.802061E1
2.185000E3	-1.034079E0	3.206068E-1	5.903661E1
2.186000E3	-1.038041E0	3.206068E-1	5.701076E1
2.187000E3	-1.042002E0	3.206068E-1	5.498709E1
2.188000E3	-1.045963E0	3.206068E-1	5.724684E1
2.189000E3	-1.049925E0	3.206068E-1	6.232315E1
2.190000E3	-1.053886E0	3.206068E-1	7.004849E1
2.191000E3	-1.057847E0	3.206068E-1	7.510394E1
2.192000E3	-1.061809E0	3.206068E-1	7.259835E1
2.193000E3	-1.065770E0	3.206068E-1	7.096475E1
2.194000E3	-1.069731E0	3.206068E-1	7.166531E1
2.195000E3	-1.073693E0	3.206068E-1	7.299559E1
2.196000E3	-1.077654E0	3.206068E-1	7.270546E1
2.197000E3	-1.081616E0	3.206068E-1	7.386887E1
2.198000E3	-1.085577E0	3.206068E-1	7.668738E1
2.199000E3	-1.089538E0	3.206068E-1	7.492652E1
2.200000E3	-1.093500E0	3.206068E-1	7.285031E1
2.201000E3	-1.097461E0	3.206068E-1	7.358423E1
2.202000E3	-1.101422E0	3.206068E-1	7.583635E1
2.203000E3	-1.105384E0	3.206068E-1	7.562665E1
2.204000E3	-1.109345E0	3.206068E-1	7.360308E1
2.205000E3	-1.113306E0	3.206068E-1	7.499659E1
2.206000E3	-1.117268E0	3.206068E-1	7.802031E1
2.207000E3	-1.121229E0	3.206068E-1	7.832831E1
2.208000E3	-1.125190E0	3.206068E-1	7.739041E1
2.209000E3	-1.129152E0	3.206068E-1	7.922752E1
2.210000E3	-1.133113E0	3.206068E-1	7.782916E1
2.211000E3	-1.137074E0	3.206068E-1	6.980061E1
2.212000E3	-1.141036E0	3.206068E-1	6.544689E1
2.213000E3	-1.144997E0	3.206068E-1	6.698127E1
2.214000E3	-1.148958E0	3.206068E-1	7.190664E1
2.215000E3	-1.152920E0	3.206068E-1	7.268717E1
2.216000E3	-1.156881E0	3.206068E-1	7.688420E1
2.217000E3	-1.160843E0	3.206068E-1	7.878651E1
2.218000E3	-1.164804E0	3.206068E-1	8.001354E1
2.219000E3	-1.168765E0	3.206068E-1	8.247080E1
2.220000E3	-1.172727E0	3.206068E-1	8.181717E1
2.221000E3	-1.176688E0	3.206068E-1	8.187402E1
2.222000E3	-1.180649E0	3.206068E-1	8.493160E1
2.223000E3	-1.184611E0	3.206068E-1	8.434107E1
2.224000E3	-1.188572E0	3.206068E-1	7.933459E1
2.225000E3	-1.192533E0	3.206068E-1	8.152659E1
2.226000E3	-1.196495E0	3.206068E-1	8.686917E1
2.227000E3	-1.200456E0	3.206068E-1	8.248587E1
2.228000E3	-1.204417E0	3.206068E-1	7.885862E1
2.229000E3	-1.208379E0	3.206068E-1	8.079045E1
2.230000E3	-1.212340E0	3.206068E-1	8.455316E1
2.231000E3	-1.216301E0	3.206068E-1	8.517111E1
2.232000E3	-1.220263E0	3.206068E-1	8.549845E1
2.233000E3	-1.224224E0	3.206068E-1	8.471583E1
2.234000E3	-1.228186E0	3.206068E-1	8.199318E1
2.235000E3	-1.232147E0	3.206068E-1	7.688346E1
2.236000E3	-1.236108E0	3.206068E-1	7.173467E1
2.237000E3	-1.240070E0	3.206068E-1	6.910203E1
2.238000E3	-1.244031E0	3.206068E-1	6.781884E1
2.239000E3	-1.247992E0	3.206068E-1	7.412636E1
2.240000E3	-1.251954E0	3.206068E-1	7.976544E1
2.241000E3	-1.255915E0	3.206068E-1	8.468316E1
2.242000E3	-1.259876E0	3.206068E-1	8.753635E1
2.243000E3	-1.263838E0	3.206068E-1	8.494840E1
2.244000E3	-1.267799E0	3.206068E-1	8.262389E1
2.245000E3	-1.271760E0	3.206068E-1	8.688886E1
2.246000E3	-1.275722E0	3.206068E-1	8.604645E1
2.247000E3	-1.279683E0	3.206068E-1	8.566188E1
2.248000E3	-1.283644E0	3.206068E-1	8.251819E1
2.249000E3	-1.287606E0	3.206068E-1	7.927270E1
2.250000E3	-1.291567E0	3.206068E-1	8.011394E1
2.251000E3	-1.295528E0	3.206068E-1	8.101276E1
2.252000E3	-1.299490E0	3.206068E-1	8.341223E1
2.253000E3	-1.303451E0	3.206068E-1	8.011489E1
2.254000E3	-1.307413E0	3.206068E-1	7.740934E1
2.255000E3	-1.311374E0	3.206068E-1	7.910585E1
2.256000E3	-1.315335E0	3.206068E-1	7.972289E1
2.257000E3	-1.319297E0	3.206068E-1	8.026671E1
2.258000E3	-1.323258E0	3.206068E-1	8.145113E1
2.259000E3	-1.327219E0	3.206068E-1	8.233283E1
2.260000E3	-1.331181E0	3.206068E-1	7.856685E1
2.261000E3	-1.335142E0	3.206068E-1	7.393623E1
2.262000E3	-1.339103E0	3.206068E-1	6.761946E1
2.263000E3	-1.343065E0	3.206068E-1	6.534091E1
2.264000E3	-1.347026E0	3.206068E-1	6.464996E1
2.265000E3	-1.350987E0	3.206068E-1	6.735434E1
2.266000E3	-1.354949E0	3.206068E-1	7.129569E1
2.267000E3	-1.358910E0	3.206068E-1	7.535082E1
2.268000E3	-1.362871E0	3.206068E-1	7.863090E1
2.269000E3	-1.366833E0	3.206068E-1	8.087527E1
2.270000E3	-1.370794E0	3.206068E-1	8.119712E1
2.271000E3	-1.374755E0	3.206068E-1	7.615199E1
2.272000E3	-1.378717E0	3.206068E-1	7.406579E1
2.273000E3	-1.382678E0	3.206068E-1	7.335220E1
2.274000E3	-1.386640E0	3.206068E-1	7.385151E1
2.275000E3	-1.390601E0	3.206068E-1	7.029900E1
2.276000E3	-1.394562E0	3.206068E-1	7.191301E1
2.277000E3	-1.398524E0	3.206068E-1	7.007396E1
2.278000E3	-1.402485E0	3.206068E-1	6.826624E1
2.279000E3	-1.406446E0	3.206068E-1	6.661201E1
2.280000E3	-1.410408E0	3.206068E-1	6.647234E1
2.281000E3	-1.414369E0	3.206068E-1	6.361794E1
2.282000E3	-1.418330E0	3.206068E-1	6.329742E1
2.283000E3	-1.422292E0	3.206068E-1	6.440026E1
2.284000E3	-1.426253E0	3.206068E-1	6.707457E1
2.285000E3	-1.430214E0	3.206068E-1	6.471436E1
2.286000E3	-1.434176E0	3.206068E-1	6.188157E1
2.287000E3	-1.438137E0	3.206068E-1	5.960185E1
2.288000E3	-1.442098E0	3.206068E-1	5.510520E1
2.289000E3	-1.446060E0	3.206068E-1	5.449014E1
2.290000E3	-1.450021E0	3.206068E-1	5.475853E1
2.291000E3	-1.453983E0	3.206068E-1	5.637730E1
2.292000E3	-1.457944E0	3.206068E-1	6.188580E1
2.293000E3	-1.461905E0	3.206068E-1	5.968565E1
2.294000E3	-1.465867E0	3.206068E-1	5.779585E1
2.295000E3	-1.469828E0	3.206068E-1	5.874056E1
2.296000E3	-1.473789E0	3.206068E-1	5.898112E1
2.297000E3	-1.477751E0	3.206068E-1	6.056852E1
2.298000E3	-1.481712E0	3.206068E-1	5.926937E1
2.299000E3	-1.485673E0	3.206068E-1	5.815905E1
2.300000E3	-1.489635E0	3.206068E-1	5.557584E1
2.301000E3	-1.493596E0	3.206068E-1	5.520979E1
2.302000E3	-1.497557E0	3.206068E-1	5.158471E1
2.303000E3	-1.501519E0	3.206068E-1	4.935919E1
2.304000E3	-1.505480E0	3.206068E-1	4.863116E1
2.305000E3	-1.509441E0	3.206068E-1	5.056343E1
2.306000E3	-1.513403E0	3.206068E-1	5.185598E1
2.307000E3	-1.517364E0	3.206068E-1	5.204815E1
2.308000E3	-1.521325E0	3.206068E-1	5.093332E1
2.309000E3	-1.525287E0	3.206068E-1	4.694851E1
2.310000E3	-1.529248E0	3.206068E-1	4.417991E1
2.311000E3	-1.533210E0	3.206068E-1	4.403558E1
2.312000E3	-1.537171E0	3.206068E-1	4.467597E1
2.313000E3	-1.541132E0	3.206068E-1	4.266149E1
2.314000E3	-1.545094E0	3.206068E-1	4.045439E1
2.315000E3	-1.549055E0	3.206068E-1	4.035730E1
2.316000E3	-1.553016E0	3.206068E-1	3.825133E1
2.317000E3	-1.556978E0	3.206068E-1	3.970469E1
2.318000E3	-1.560939E0	3.206068E-1	4.156500E1
2.319000E3	-1.564900E0	3.206068E-1	4.294991E1
2.320000E3	-1.568862E0	3.206068E-1	4.266849E1
2.321000E3	-1.572823E0	3.206068E-1	4.179042E1
2.322000E3	-1.576784E0	3.206068E-1	4.143878E1
2.323000E3	-1.580746E0	3.206068E-1	3.919666E1
2.324000E3	-1.584707E0	3.206068E-1	3.883352E1
2.325000E3	-1.588668E0	3.206068E-1	3.910586E1
2.326000E3	-1.592630E0	3.206068E-1	3.993245E1
2.327000E3	-1.596591E0	3.206068E-1	3.873812E1
2.328000E3	-1.600552E0	3.206068E-1	3.760032E1
2.329000E3	-1.604514E0	3.206068E-1	3.616519E1
2.330000E3	-1.608475E0	3.206068E-1	3.415407E1
2.331000E3	-1.612437E0	3.206068E-1	3.500431E1
2.332000E3	-1.616398E0	3.206068E-1	3.477850E1
2.333000E3	-1.620359E0	3.206068E-1	3.375257E1
2.334000E3	-1.624321E0	3.206068E-1	3.279286E1
2.335000E3	-1.628282E0	3.206068E-1	3.238433E1
2.336000E3	-1.632243E0	3.206068E-1	3.138598E1
2.337000E3	-1.636205E0	3.206068E-1	2.960894E1
2.338000E3	-1.640166E0	3.206068E-1	2.810496E1
2.339000E3	-1.644127E0	3.206068E-1	2.615423E1
2.340000E3	-1.648089E0	3.206068E-1	2.381946E1
2.341000E3	-1.652050E0	3.206068E-1	2.303979E1
2.342000E3	-1.656011E0	3.206068E-1	2.471191E1
2.343000E3	-1.659973E0	3.206068E-1	2.416211E1
2.344000E3	-1.663934E0	3.206068E-1	2.347638E1
2.345000E3	-1.667895E0	3.206068E-1	2.372256E1
2.346000E3	-1.671857E0	3.206068E-1	2.221016E1
2.347000E3	-1.675818E0	3.206068E-1	2.279456E1
2.348000E3	-1.679780E0	3.206068E-1	2.223056E1
2.349000E3	-1.683741E0	3.206068E-1	2.068837E1
2.350000E3	-1.687702E0	3.206068E-1	2.218254E1
2.351000E3	-1.691664E0	3.206068E-1	2.183994E1
2.352000E3	-1.695625E0	3.206068E-1	2.200502E1
2.353000E3	-1.699586E0	3.206068E-1	2.167540E1
2.354000E3	-1.703548E0	3.206068E-1	2.192212E1
2.355000E3	-1.707509E0	3.206068E-1	2.179301E1
2.356000E3	-1.711470E0	3.206068E-1	2.039670E1
2.357000E3	-1.715432E0	3.206068E-1	2.039098E1
2.358000E3	-1.719393E0	3.206068E-1	2.202500E1
2.359000E3	-1.723354E0	3.206068E-1	1.809768E1
2.360000E3	-1.727316E0	3.206068E-1	1.878466E1
2.361000E3	-1.731277E0	3.206068E-1	1.795557E1
2.362000E3	-1.735238E0	3.206068E-1	1.576826E1
2.363000E3	-1.739200E0	3.206068E-1	1.375881E1
2.364000E3	-1.743161E0	3.206068E-1	1.252194E1
2.365000E3	-1.747122E0	3.206068E-1	1.232833E1
2.366000E3	-1.751084E0	3.206068E-1	1.299309E1
2.367000E3	-1.755045E0	3.206068E-1	1.227671E1
2.368000E3	-1.759007E0	3.206068E-1	1.119929E1
2.369000E3	-1.762968E0	3.206068E-1	1.055262E1
2.370000E3	-1.766929E0	3.206068E-1	1.293560E1
2.371000E3	-1.770891E0	3.206068E-1	1.505579E1
2.372000E3	-1.774852E0	3.206068E-1	1.630860E1
2.373000E3	-1.778813E0	3.206068E-1	1.800673E1
2.374000E3	-1.782775E0	3.206068E-1	1.952015E1
2.375000E3	-1.786736E0	3.206068E-1	1.966947E1
2.376000E3	-1.790697E0	3.206068E-1	2.073299E1
2.377000E3	-1.794659E0	3.206068E-1	2.097868E1
2.378000E3	-1.798620E0	3.206068E-1	2.311028E1
2.379000E3	-1.802581E0	3.206068E-1	2.381949E1
2.380000E3	-1.806543E0	3.206068E-1	2.483441E1
2.381000E3	-1.810504E0	3.206068E-1	2.484177E1
2.382000E3	-1.814465E0	3.206068E-1	2.412617E1
2.383000E3	-1.818427E0	3.206068E-1	2.308141E1
2.384000E3	-1.822388E0	3.206068E-1	2.372138E1
2.385000E3	-1.826349E0	3.206068E-1	2.241820E1
2.386000E3	-1.830311E0	3.206068E-1	2.185985E1
2.387000E3	-1.834272E0	3.206068E-1	2.384424E1
2.388000E3	-1.838234E0	3.206068E-1	2.601454E1
2.389000E3	-1.842195E0	3.206068E-1	2.545226E1
2.390000E3	-1.846156E0	3.206068E-1	2.474714E1
2.391000E3	-1.850118E0	3.206068E-1	2.129076E1
2.392000E3	-1.854079E0	3.206068E-1	1.990433E1
2.393000E3	-1.858040E0	3.206068E-1	2.148348E1
2.394000E3	-1.862002E0	3.206068E-1	2.238124E1
2.395000E3	-1.865963E0	3.206068E-1	2.418880E1
2.396000E3	-1.869924E0	3.206068E-1	2.669259E1
2.397000E3	-1.873886E0	3.206068E-1	2.864754E1
2.398000E3	-1.877847E0	3.206068E-1	2.832966E1
2.399000E3	-1.881808E0	3.206068E-1	2.692471E1
2.400000E3	-1.885770E0	3.206068E-1	2.776619E1
2.401000E3	-1.889731E0	3.206068E-1	2.808361E1
2.402000E3	-1.893692E0	3.206068E-1	3.026570E1
2.403000E3	-1.897654E0	3.206068E-1	2.870341E1
2.404000E3	-1.901615E0	3.206068E-1	2.684647E1
2.405000E3	-1.905577E0	3.206068E-1	2.820999E1
2.406000E3	-1.909538E0	3.206068E-1	3.020906E1
2.407000E3	-1.913499E0	3.206068E-1	3.148133E1
2.408000E3	-1.917461E0	3.206068E-1	3.367117E1
2.409000E3	-1.921422E0	3.206068E-1	3.541802E1
2.410000E3	-1.925383E0	3.206068E-1	3.684420E1
2.411000E3	-1.929345E0	3.206068E-1	3.577572E1
2.412000E3	-1.933306E0	3.206068E-1	3.448525E1
2.413000E3	-1.937267E0	3.206068E-1	3.369337E1
2.414000E3	-1.941229E0	3.206068E-1	3.527678E1
2.415000E3	-1.945190E0	3.206068E-1	3.407416E1
2.416000E3	-1.949151E0	3.206068E-1	3.215431E1
2.417000E3	-1.953113E0	3.206068E-1	3.196306E1
2.418000E3	-1.957074E0	3.206068E-1	3.061007E1
2.419000E3	-1.961035E0	3.206068E-1	3.063601E1
2.420000E3	-1.964997E0	3.206068E-1	3.510488E1
2.421000E3	-1.968958E0	3.206068E-1	3.629942E1
2.422000E3	-1.972919E0	3.206068E-1	3.530147E1
2.423000E3	-1.976881E0	3.206068E-1	3.649995E1
2.424000E3	-1.980842E0	3.206068E-1	3.762209E1
2.425000E3	-1.984804E0	3.206068E-1	4.071662E1
2.426000E3	-1.988765E0	3.206068E-1	4.180497E1
2.427000E3	-1.992726E0	3.206068E-1	3.956181E1
2.428000E3	-1.996688E0	3.206068E-1	4.006794E1
2.429000E3	-2.000649E0	3.206068E-1	3.892193E1
2.430000E3	-2.004610E0	3.206068E-1	4.164385E1
2.431000E3	-2.008572E0	3.206068E-1	4.349827E1
2.432000E3	-2.012533E0	3.206068E-1	4.166334E1
2.433000E3	-2.016494E0	3.206068E-1	4.047554E1
2.434000E3	-2.020456E0	3.206068E-1	4.035194E1
2.435000E3	-2.024417E0	3.206068E-1	4.276286E1
2.436000E3	-2.028378E0	3.206068E-1	4.295127E1
2.437000E3	-2.032340E0	3.206068E-1	4.123372E1
2.438000E3	-2.036301E0	3.206068E-1	3.885598E1
2.439000E3	-2.040262E0	3.206068E-1	3.984399E1
2.440000E3	-2.044224E0	3.206068E-1	4.089462E1
2.441000E3	-2.048185E0	3.206068E-1	3.767413E1
2.442000E3	-2.052146E0	3.206068E-1	3.812532E1
2.443000E3	-2.056108E0	3.206068E-1	3.936064E1
2.444000E3	-2.060069E0	3.206068E-1	3.824300E1
2.445000E3	-2.064031E0	3.206068E-1	3.646397E1
2.446000E3	-2.067992E0	3.206068E-1	3.773618E1
2.447000E3	-2.071953E0	3.206068E-1	3.724857E1
2.448000E3	-2.075915E0	3.206068E-1	3.914578E1
2.449000E3	-2.079876E0	3.206068E-1	3.988523E1
2.450000E3	-2.083837E0	3.206068E-1	4.427566E1
2.451000E3	-2.087799E0	3.206068E-1	4.471224E1
2.452000E3	-2.091760E0	3.206068E-1	4.344133E1
2.453000E3	-2.095721E0	3.206068E-1	4.162683E1
2.454000E3	-2.099683E0	3.206068E-1	4.003591E1
2.455000E3	-2.103644E0	3.206068E-1	4.148411E1
2.456000E3	-2.107605E0	3.206068E-1	4.420283E1
2.457000E3	-2.111567E0	3.206068E-1	4.503193E1
2.458000E3	-2.115528E0	3.206068E-1	4.638455E1
2.459000E3	-2.119489E0	3.206068E-1	4.871922E1
2.460000E3	-2.123451E0	3.206068E-1	4.894878E1
2.461000E3	-2.127412E0	3.206068E-1	4.479712E1
2.462000E3	-2.131374E0	3.206068E-1	4.289132E1
2.463000E3	-2.135335E0	3.206068E-1	4.209484E1
2.464000E3	-2.139296E0	3.206068E-1	4.244781E1
2.465000E3	-2.143258E0	3.206068E-1	4.478345E1
2.466000E3	-2.147219E0	3.206068E-1	4.809603E1
2.467000E3	-2.151180E0	3.206068E-1	4.523044E1
2.468000E3	-2.155142E0	3.206068E-1	4.073422E1
2.469000E3	-2.159103E0	3.206068E-1	3.874922E1
2.470000E3	-2.163064E0	3.206068E-1	3.669419E1
2.471000E3	-2.167026E0	3.206068E-1	3.949248E1
2.472000E3	-2.170987E0	3.206068E-1	4.288038E1
2.473000E3	-2.174948E0	3.206068E-1	4.336648E1
2.474000E3	-2.178910E0	3.206068E-1	4.663760E1
2.475000E3	-2.182871E0	3.206068E-1	4.700996E1
2.476000E3	-2.186832E0	3.206068E-1	4.407775E1
2.477000E3	-2.190794E0	3.206068E-1	4.523312E1
2.478000E3	-2.194755E0	3.206068E-1	4.428111E1
2.479000E3	-2.198716E0	3.206068E-1	4.553472E1
2.480000E3	-2.202678E0	3.206068E-1	4.455067E1
2.481000E3	-2.206639E0	3.206068E-1	4.508000E1
2.482000E3	-2.210601E0	3.206068E-1	4.273842E1
2.483000E3	-2.214562E0	3.206068E-1	4.345920E1
2.484000E3	-2.218523E0	3.206068E-1	4.385215E1
2.485000E3	-2.222485E0	3.206068E-1	4.246724E1
2.486000E3	-2.226446E0	3.206068E-1	4.286948E1
2.487000E3	-2.230407E0	3.206068E-1	4.373908E1
2.488000E3	-2.234369E0	3.206068E-1	4.259980E1
2.489000E3	-2.238330E0	3.206068E-1	3.969911E1
2.490000E3	-2.242291E0	3.206068E-1	3.863714E1
2.491000E3	-2.246253E0	3.206068E-1	4.066773E1
2.492000E3	-2.250214E0	3.206068E-1	4.233262E1
2.493000E3	-2.254175E0	3.206068E-1	3.707028E1
2.494000E3	-2.258137E0	3.206068E-1	3.149358E1
2.495000E3	-2.262098E0	3.206068E-1	2.963909E1
2.496000E3	-2.266059E0	3.206068E-1	2.786268E1
2.497000E3	-2.270021E0	3.206068E-1	2.803269E1
2.498000E3	-2.273982E0	3.206068E-1	2.844422E1
2.499000E3	-2.277943E0	3.206068E-1	3.334041E1
2.500000E3	-2.281905E0	3.206068E-1	3.538002E1
2.501000E3	-2.285866E0	3.206068E-1	3.598058E1
2.502000E3	-2.289828E0	3.206068E-1	3.805607E1
2.503000E3	-2.293789E0	3.206068E-1	3.790017E1
2.504000E3	-2.297750E0	3.206068E-1	3.629710E1
2.505000E3	-2.301712E0	3.206068E-1	3.697004E1
2.506000E3	-2.305673E0	3.206068E-1	3.795825E1
2.507000E3	-2.309634E0	3.206068E-1	3.906940E1
2.508000E3	-2.313596E0	3.206068E-1	4.011657E1
2.509000E3	-2.317557E0	3.206068E-1	3.873891E1
2.510000E3	-2.321518E0	3.206068E-1	3.700506E1
2.511000E3	-2.325480E0	3.206068E-1	3.515420E1
2.512000E3	-2.329441E0	3.206068E-1	3.358871E1
2.513000E3	-2.333402E0	3.206068E-1	3.151273E1
2.514000E3	-2.337364E0	3.206068E-1	3.104434E1
2.515000E3	-2.341325E0	3.206068E-1	3.246459E1
2.516000E3	-2.345286E0	3.206068E-1	3.149132E1
2.517000E3	-2.349248E0	3.206068E-1	3.131781E1
2.518000E3	-2.353209E0	3.206068E-1	3.142282E1
2.519000E3	-2.357171E0	3.206068E-1	3.137818E1
2.520000E3	-2.361132E0	3.206068E-1	3.156965E1
2.521000E3	-2.365093E0	3.206068E-1	3.027345E1
2.522000E3	-2.369055E0	3.206068E-1	2.976783E1
2.523000E3	-2.373016E0	3.206068E-1	2.899339E1
2.524000E3	-2.376977E0	3.206068E-1	2.956728E1
2.525000E3	-2.380939E0	3.206068E-1	3.134194E1
2.526000E3	-2.384900E0	3.206068E-1	3.120888E1
2.527000E3	-2.388861E0	3.206068E-1	3.110899E1
2.528000E3	-2.392823E0	3.206068E-1	2.940550E1
2.529000E3	-2.396784E0	3.206068E-1	3.065439E1
2.530000E3	-2.400745E0	3.206068E-1	3.012969E1
2.531000E3	-2.404707E0	3.206068E-1	2.971457E1
2.532000E3	-2.408668E0	3.206068E-1	2.806879E1
2.533000E3	-2.412629E0	3.206068E-1	2.794963E1
2.534000E3	-2.416591E0	3.206068E-1	2.863554E1
2.535000E3	-2.420552E0	3.206068E-1	2.961401E1
2.536000E3	-2.424513E0	3.206068E-1	2.939916E1
2.537000E3	-2.428475E0	3.206068E-1	2.975019E1
2.538000E3	-2.432436E0	3.206068E-1	2.879376E1
2.539000E3	-2.436398E0	3.206068E-1	2.964639E1
2.540000E3	-2.440359E0	3.206068E-1	2.816565E1
2.541000E3	-2.444320E0	3.206068E-1	2.808326E1
2.542000E3	-2.448282E0	3.206068E-1	2.896805E1
2.543000E3	-2.452243E0	3.206068E-1	2.771855E1
2.544000E3	-2.456204E0	3.206068E-1	2.676552E1
2.545000E3	-2.460166E0	3.206068E-1	2.461117E1
2.546000E3	-2.464127E0	3.206068E-1	2.304129E1
2.547000E3	-2.468088E0	3.206068E-1	2.387827E1
2.548000E3	-2.472050E0	3.206068E-1	2.194925E1
2.549000E3	-2.476011E0	3.206068E-1	2.286305E1
2.550000E3	-2.479972E0	3.206068E-1	2.066377E1
2.551000E3	-2.483934E0	3.206068E-1	2.122943E1
2.552000E3	-2.487895E0	3.206068E-1	2.310524E1
2.553000E3	-2.491856E0	3.206068E-1	2.327600E1
2.554000E3	-2.495818E0	3.206068E-1	2.319303E1
2.555000E3	-2.499779E0	3.206068E-1	2.215526E1
2.556000E3	-2.503740E0	3.206068E-1	2.252531E1
2.557000E3	-2.507702E0	3.206068E-1	2.254450E1
2.558000E3	-2.511663E0	3.206068E-1	2.147246E1
2.559000E3	-2.515625E0	3.206068E-1	2.206888E1
2.560000E3	-2.519586E0	3.206068E-1	2.246772E1
2.561000E3	-2.523547E0	3.206068E-1	2.193688E1
2.562000E3	-2.527509E0	3.206068E-1	2.122462E1
2.563000E3	-2.531470E0	3.206068E-1	2.023056E1
2.564000E3	-2.535431E0	3.206068E-1	1.998903E1
2.565000E3	-2.539393E0	3.206068E-1	1.934099E1
2.566000E3	-2.543354E0	3.206068E-1	1.929373E1
2.567000E3	-2.547315E0	3.206068E-1	1.905181E1
2.568000E3	-2.551277E0	3.206068E-1	2.035610E1
2.569000E3	-2.555238E0	3.206068E-1	2.039979E1
2.570000E3	-2.559199E0	3.206068E-1	2.096264E1
2.571000E3	-2.563161E0	3.206068E-1	2.077669E1
2.572000E3	-2.567122E0	3.206068E-1	2.044197E1
2.573000E3	-2.571083E0	3.206068E-1	1.985575E1
2.574000E3	-2.575045E0	3.206068E-1	1.870120E1
2.575000E3	-2.579006E0	3.206068E-1	1.699047E1
2.576000E3	-2.582968E0	3.206068E-1	1.519972E1
2.577000E3	-2.586929E0	3.206068E-1	1.659920E1
2.578000E3	-2.590890E0	3.206068E-1	1.813309E1
2.579000E3	-2.594852E0	3.206068E-1	1.766570E1
2.580000E3	-2.598813E0	3.206068E-1	1.715124E1
2.581000E3	-2.602774E0	3.206068E-1	1.847339E1
2.582000E3	-2.606736E0	3.206068E-1	1.803384E1
2.583000E3	-2.610697E0	3.206068E-1	1.741687E1
2.584000E3	-2.614658E0	3.206068E-1	1.736875E1
2.585000E3	-2.618620E0	3.206068E-1	1.684122E1
2.586000E3	-2.622581E0	3.206068E-1	1.714908E1
2.587000E3	-2.626542E0	3.206068E-1	1.812753E1
2.588000E3	-2.630504E0	3.206068E-1	1.704554E1
2.589000E3	-2.634465E0	3.206068E-1	1.804536E1
2.590000E3	-2.638426E0	3.206068E-1	1.755855E1
2.591000E3	-2.642388E0	3.206068E-1	1.710069E1
2.592000E3	-2.646349E0	3.206068E-1	1.647098E1
2.593000E3	-2.650310E0	3.206068E-1	1.655635E1
2.594000E3	-2.654272E0	3.206068E-1	1.766561E1
2.595000E3	-2.658233E0	3.206068E-1	1.558496E1
2.596000E3	-2.662195E0	3.206068E-1	1.390157E1
2.597000E3	-2.666156E0	3.206068E-1	1.550513E1
2.598000E3	-2.670117E0	3.206068E-1	1.471247E1
2.599000E3	-2.674079E0	3.206068E-1	1.314822E1
2.600000E3	-2.678040E0	3.206068E-1	1.146902E1
2.601000E3	-2.682001E0	3.206068E-1	1.203641E1
2.602000E3	-2.685963E0	3.206068E-1	1.240807E1
2.603000E3	-2.689924E0	3.206068E-1	1.337475E1
2.604000E3	-2.693885E0	3.206068E-1	1.507230E1
2.605000E3	-2.697847E0	3.206068E-1	1.360286E1
2.606000E3	-2.701808E0	3.206068E-1	1.368185E1
2.607000E3	-2.705769E0	3.206068E-1	1.489614E1
2.608000E3	-2.709731E0	3.206068E-1	1.525099E1
2.609000E3	-2.713692E0	3.206068E-1	1.511439E1
2.610000E3	-2.717653E0	3.206068E-1	1.547243E1
2.611000E3	-2.721615E0	3.206068E-1	1.639202E1
2.612000E3	-2.725576E0	3.206068E-1	1.684860E1
2.613000E3	-2.729537E0	3.206068E-1	1.667400E1
2.614000E3	-2.733499E0	3.206068E-1	1.607407E1
2.615000E3	-2.737460E0	3.206068E-1	1.682982E1
2.616000E3	-2.741422E0	3.206068E-1	1.669706E1
2.617000E3	-2.745383E0	3.206068E-1	1.571367E1
2.618000E3	-2.749344E0	3.206068E-1	1.476603E1
2.619000E3	-2.753306E0	3.206068E-1	1.574590E1
2.620000E3	-2.757267E0	3.206068E-1	1.615281E1
2.621000E3	-2.761228E0	3.206068E-1	1.559128E1
2.622000E3	-2.765190E0	3.206068E-1	1.520444E1
2.623000E3	-2.769151E0	3.206068E-1	1.439956E1
2.624000E3	-2.773112E0	3.206068E-1	1.268313E1
2.625000E3	-2.777074E0	3.206068E-1	1.147205E1
2.626000E3	-2.781035E0	3.206068E-1	1.226435E1
2.627000E3	-2.784996E0	3.206068E-1	1.166285E1
2.628000E3	-2.788958E0	3.206068E-1	1.185083E1
2.629000E3	-2.792919E0	3.206068E-1	1.142565E1
2.630000E3	-2.796880E0	3.206068E-1	1.295522E1
2.631000E3	-2.800842E0	3.206068E-1	1.506561E1
2.632000E3	-2.804803E0	3.206068E-1	1.674376E1
2.633000E3	-2.808765E0	3.206068E-1	1.838800E1
2.634000E3	-2.812726E0	3.206068E-1	1.852295E1
2.635000E3	-2.816687E0	3.206068E-1	1.864393E1
2.636000E3	-2.820649E0	3.206068E-1	1.955868E1
2.637000E3	-2.824610E0	3.206068E-1	1.882920E1
2.638000E3	-2.828571E0	3.206068E-1	1.769828E1
2.639000E3	-2.832533E0	3.206068E-1	1.820889E1
2.640000E3	-2.836494E0	3.206068E-1	1.929948E1
2.641000E3	-2.840455E0	3.206068E-1	1.944169E1
2.642000E3	-2.844417E0	3.206068E-1	1.988741E1
2.643000E3	-2.848378E0	3.206068E-1	2.109479E1
2.644000E3	-2.852339E0	3.206068E-1	2.047693E1
2.645000E3	-2.856301E0	3.206068E-1	1.972816E1
2.646000E3	-2.860262E0	3.206068E-1	2.039117E1
2.647000E3	-2.864223E0	3.206068E-1	2.047463E1
2.648000E3	-2.868185E0	3.206068E-1	2.032869E1
2.649000E3	-2.872146E0	3.206068E-1	2.067938E1
2.650000E3	-2.876107E0	3.206068E-1	1.840587E1
2.651000E3	-2.880069E0	3.206068E-1	1.866638E1
2.652000E3	-2.884030E0	3.206068E-1	1.830835E1
2.653000E3	-2.887992E0	3.206068E-1	1.917885E1
2.654000E3	-2.891953E0	3.206068E-1	1.959359E1
2.655000E3	-2.895914E0	3.206068E-1	2.035452E1
2.656000E3	-2.899876E0	3.206068E-1	2.147833E1
2.657000E3	-2.903837E0	3.206068E-1	2.232788E1
2.658000E3	-2.907798E0	3.206068E-1	2.345262E1
2.659000E3	-2.911760E0	3.206068E-1	2.222256E1
2.660000E3	-2.915721E0	3.206068E-1	2.207113E1
2.661000E3	-2.919682E0	3.206068E-1	2.292592E1
2.662000E3	-2.923644E0	3.206068E-1	2.269685E1
2.663000E3	-2.927605E0	3.206068E-1	2.232957E1
2.664000E3	-2.931566E0	3.206068E-1	2.218217E1
2.665000E3	-2.935528E0	3.206068E-1	2.380902E1
2.666000E3	-2.939489E0	3.206068E-1	2.371903E1
2.667000E3	-2.943450E0	3.206068E-1	2.379092E1
2.668000E3	-2.947412E0	3.206068E-1	2.370055E1
2.669000E3	-2.951373E0	3.206068E-1	2.235438E1
2.670000E3	-2.955334E0	3.206068E-1	2.131720E1
2.671000E3	-2.959296E0	3.206068E-1	2.136147E1
2.672000E3	-2.963257E0	3.206068E-1	2.145079E1
2.673000E3	-2.967219E0	3.206068E-1	2.194696E1
2.674000E3	-2.971180E0	3.206068E-1	2.289198E1
2.675000E3	-2.975141E0	3.206068E-1	2.221970E1
2.676000E3	-2.979103E0	3.206068E-1	2.055799E1
2.677000E3	-2.983064E0	3.206068E-1	2.034143E1
2.678000E3	-2.987025E0	3.206068E-1	1.752171E1
2.679000E3	-2.990987E0	3.206068E-1	1.643504E1
2.680000E3	-2.994948E0	3.206068E-1	1.624089E1
2.681000E3	-2.998909E0	3.206068E-1	1.696550E1
2.682000E3	-3.002871E0	3.206068E-1	1.977318E1
2.683000E3	-3.006832E0	3.206068E-1	2.126682E1
2.684000E3	-3.010793E0	3.206068E-1	2.208677E1
2.685000E3	-3.014755E0	3.206068E-1	2.221144E1
2.686000E3	-3.018716E0	3.206068E-1	2.318645E1
2.687000E3	-3.022677E0	3.206068E-1	2.225078E1
2.688000E3	-3.026639E0	3.206068E-1	2.218077E1
2.689000E3	-3.030600E0	3.206068E-1	2.191827E1
2.690000E3	-3.034562E0	3.206068E-1	2.040763E1
2.691000E3	-3.038523E0	3.206068E-1	2.133995E1
2.692000E3	-3.042484E0	3.206068E-1	2.138074E1
2.693000E3	-3.046446E0	3.206068E-1	2.195112E1
2.694000E3	-3.050407E0	3.206068E-1	2.176688E1
2.695000E3	-3.054368E0	3.206068E-1	2.236732E1
2.696000E3	-3.058330E0	3.206068E-1	2.082482E1
2.697000E3	-3.062291E0	3.206068E-1	2.237509E1
2.698000E3	-3.066252E0	3.206068E-1	2.294740E1
2.699000E3	-3.070214E0	3.206068E-1	2.252102E1
2.700000E3	-3.074175E0	3.206068E-1	2.201277E1
2.701000E3	-3.078136E0	3.206068E-1	2.185145E1
2.702000E3	-3.082098E0	3.206068E-1	2.095192E1
2.703000E3	-3.086059E0	3.206068E-1	2.022562E1
2.704000E3	-3.090020E0	3.206068E-1	1.879383E1
2.705000E3	-3.093982E0	3.206068E-1	1.980441E1
2.706000E3	-3.097943E0	3.206068E-1	1.833828E1
2.707000E3	-3.101904E0	3.206068E-1	1.699134E1
2.708000E3	-3.105866E0	3.206068E-1	1.738371E1
2.709000E3	-3.109827E0	3.206068E-1	1.875854E1
2.710000E3	-3.113789E0	3.206068E-1	1.910580E1
2.711000E3	-3.117750E0	3.206068E-1	2.070256E1
2.712000E3	-3.121711E0	3.206068E-1	2.055040E1
2.713000E3	-3.125673E0	3.206068E-1	1.976805E1
2.714000E3	-3.129634E0	3.206068E-1	2.095355E1
2.715000E3	-3.133595E0	3.206068E-1	2.005072E1
2.716000E3	-3.137557E0	3.206068E-1	1.849451E1
2.717000E3	-3.141518E0	3.206068E-1	1.963903E1
2.718000E3	-3.145479E0	3.206068E-1	1.963261E1
2.719000E3	-3.149441E0	3.206068E-1	1.979770E1
2.720000E3	-3.153402E0	3.206068E-1	1.907214E1
2.721000E3	-3.157363E0	3.206068E-1	2.017690E1
2.722000E3	-3.161325E0	3.206068E-1	1.867061E1
2.723000E3	-3.165286E0	3.206068E-1	1.757090E1
2.724000E3	-3.169247E0	3.206068E-1	1.841535E1
2.725000E3	-3.173209E0	3.206068E-1	1.884748E1
2.726000E3	-3.177170E0	3.206068E-1	1.943319E1
2.727000E3	-3.181131E0	3.206068E-1	1.739221E1
2.728000E3	-3.185093E0	3.206068E-1	1.647263E1
2.729000E3	-3.189054E0	3.206068E-1	1.669877E1
2.730000E3	-3.193016E0	3.206068E-1	1.664914E1
2.731000E3	-3.196977E0	3.206068E-1	1.701764E1
2.732000E3	-3.200938E0	3.206068E-1	1.815119E1
2.733000E3	-3.204900E0	3.206068E-1	1.771309E1
2.734000E3	-3.208861E0	3.206068E-1	1.906141E1
2.735000E3	-3.212822E0	3.206068E-1	1.793041E1
2.736000E3	-3.216784E0	3.206068E-1	1.715393E1
2.737000E3	-3.220745E0	3.206068E-1	1.795196E1
2.738000E3	-3.224706E0	3.206068E-1	1.868375E1
2.739000E3	-3.228668E0	3.206068E-1	1.939817E1
2.740000E3	-3.232629E0	3.206068E-1	1.989593E1
2.741000E3	-3.236590E0	3.206068E-1	1.973576E1
2.742000E3	-3.240552E0	3.206068E-1	1.948041E1
2.743000E3	-3.244513E0	3.206068E-1	1.868913E1
2.744000E3	-3.248474E0	3.206068E-1	1.728329E1
2.745000E3	-3.252436E0	3.206068E-1	1.797974E1
2.746000E3	-3.256397E0	3.206068E-1	1.818135E1
2.747000E3	-3.260358E0	3.206068E-1	1.722660E1
2.748000E3	-3.264320E0	3.206068E-1	1.661899E1
2.749000E3	-3.268281E0	3.206068E-1	1.719893E1
2.750000E3	-3.272243E0	3.206068E-1	1.731916E1
2.751000E3	-3.276204E0	3.206068E-1	1.696648E1
2.752000E3	-3.280165E0	3.206068E-1	1.757659E1
2.753000E3	-3.284127E0	3.206068E-1	1.712163E1
2.754000E3	-3.288088E0	3.206068E-1	1.641286E1
2.755000E3	-3.292049E0	3.206068E-1	1.447328E1
2.756000E3	-3.296011E0	3.206068E-1	1.247174E1
2.757000E3	-3.299972E0	3.206068E-1	1.260227E1
2.758000E3	-3.303933E0	3.206068E-1	1.256965E1
2.759000E3	-3.307895E0	3.206068E-1	1.367018E1
2.760000E3	-3.311856E0	3.206068E-1	1.213087E1
2.761000E3	-3.315817E0	3.206068E-1	1.267937E1
2.762000E3	-3.319779E0	3.206068E-1	1.422565E1
2.763000E3	-3.323740E0	3.206068E-1	1.465576E1
2.764000E3	-3.327701E0	3.206068E-1	1.603854E1
2.765000E3	-3.331663E0	3.206068E-1	1.675898E1
2.766000E3	-3.335624E0	3.206068E-1	1.459061E1
2.767000E3	-3.339586E0	3.206068E-1	1.509856E1
2.768000E3	-3.343547E0	3.206068E-1	1.489411E1
2.769000E3	-3.347508E0	3.206068E-1	1.581484E1
2.770000E3	-3.351470E0	3.206068E-1	1.585670E1
2.771000E3	-3.355431E0	3.206068E-1	1.492430E1
2.772000E3	-3.359392E0	3.206068E-1	1.350332E1
2.773000E3	-3.363354E0	3.206068E-1	1.459080E1
2.774000E3	-3.367315E0	3.206068E-1	1.464664E1
2.775000E3	-3.371276E0	3.206068E-1	1.524092E1
2.776000E3	-3.375238E0	3.206068E-1	1.514904E1
2.777000E3	-3.379199E0	3.206068E-1	1.572944E1
2.778000E3	-3.383160E0	3.206068E-1	1.463796E1
2.779000E3	-3.387122E0	3.206068E-1	1.429075E1
2.780000E3	-3.391083E0	3.206068E-1	1.402475E1
2.781000E3	-3.395044E0	3.206068E-1	1.589388E1
2.782000E3	-3.399006E0	3.206068E-1	1.408023E1
2.783000E3	-3.402967E0	3.206068E-1	1.360792E1
2.784000E3	-3.406928E0	3.206068E-1	1.325379E1
2.785000E3	-3.410890E0	3.206068E-1	1.279235E1
2.786000E3	-3.414851E0	3.206068E-1	1.353205E1
2.787000E3	-3.418813E0	3.206068E-1	1.337796E1
2.788000E3	-3.422774E0	3.206068E-1	1.417834E1
2.789000E3	-3.426735E0	3.206068E-1	1.331015E1
2.790000E3	-3.430697E0	3.206068E-1	1.288495E1
2.791000E3	-3.434658E0	3.206068E-1	1.427011E1
2.792000E3	-3.438619E0	3.206068E-1	1.554707E1
2.793000E3	-3.442581E0	3.206068E-1	1.436617E1
2.794000E3	-3.446542E0	3.206068E-1	1.244292E1
2.795000E3	-3.450503E0	3.206068E-1	1.157654E1
2.796000E3	-3.454465E0	3.206068E-1	1.243455E1
2.797000E3	-3.458426E0	3.206068E-1	1.349808E1
2.798000E3	-3.462387E0	3.206068E-1	1.274711E1
2.799000E3	-3.466349E0	3.206068E-1	1.310497E1
2.800000E3	-3.470310E0	3.206068E-1	1.399153E1
2.801000E3	-3.474271E0	3.206068E-1	1.304943E1
2.802000E3	-3.478233E0	3.206068E-1	1.248796E1
2.803000E3	-3.482194E0	3.206068E-1	1.270942E1
2.804000E3	-3.486155E0	3.206068E-1	1.204561E1
2.805000E3	-3.490117E0	3.206068E-1	1.223555E1
2.806000E3	-3.494078E0	3.206068E-1	1.248258E1
2.807000E3	-3.498040E0	3.206068E-1	1.215016E1
2.808000E3	-3.502001E0	3.206068E-1	1.271359E1
2.809000E3	-3.505962E0	3.206068E-1	1.289531E1
2.810000E3	-3.509924E0	3.206068E-1	1.118271E1
2.811000E3	-3.513885E0	3.206068E-1	1.230357E1
2.812000E3	-3.517846E0	3.206068E-1	1.023062E1
2.813000E3	-3.521808E0	3.206068E-1	1.186869E1
2.814000E3	-3.525769E0	3.206068E-1	1.297213E1
2.815000E3	-3.529730E0	3.206068E-1	1.257414E1
2.816000E3	-3.533692E0	3.206068E-1	1.308246E1
2.817000E3	-3.537653E0	3.206068E-1	1.277015E1
2.818000E3	-3.541614E0	3.206068E-1	1.337860E1
2.819000E3	-3.545576E0	3.206068E-1	1.221681E1
2.820000E3	-3.549537E0	3.206068E-1	1.200112E1
2.821000E3	-3.553498E0	3.206068E-1	1.181099E1
2.822000E3	-3.557460E0	3.206068E-1	1.304575E1
2.823000E3	-3.561421E0	3.206068E-1	1.308468E1
2.824000E3	-3.565383E0	3.206068E-1	1.231244E1
2.825000E3	-3.569344E0	3.206068E-1	1.245455E1
2.826000E3	-3.573305E0	3.206068E-1	1.462866E1
2.827000E3	-3.577267E0	3.206068E-1	1.428057E1
2.828000E3	-3.581228E0	3.206068E-1	1.360534E1
2.829000E3	-3.585189E0	3.206068E-1	1.237086E1
2.830000E3	-3.589151E0	3.206068E-1	1.295479E1
2.831000E3	-3.593112E0	3.206068E-1	1.371107E1
2.832000E3	-3.597073E0	3.206068E-1	1.311218E1
2.833000E3	-3.601035E0	3.206068E-1	1.217776E1
2.834000E3	-3.604996E0	3.206068E-1	1.241678E1
2.835000E3	-3.608957E0	3.206068E-1	1.214691E1
2.836000E3	-3.612919E0	3.206068E-1	1.173403E1
2.837000E3	-3.616880E0	3.206068E-1	1.207301E1
2.838000E3	-3.620841E0	3.206068E-1	1.144399E1
2.839000E3	-3.624803E0	3.206068E-1	1.172850E1
2.840000E3	-3.628764E0	3.206068E-1	1.187168E1
2.841000E3	-3.632725E0	3.206068E-1	1.289437E1
2.842000E3	-3.636687E0	3.206068E-1	1.303543E1
2.843000E3	-3.640648E0	3.206068E-1	1.401963E1
2.844000E3	-3.644610E0	3.206068E-1	1.422875E1
2.845000E3	-3.648571E0	3.206068E-1	1.357825E1
2.846000E3	-3.652532E0	3.206068E-1	1.280053E1
2.847000E3	-3.656494E0	3.206068E-1	1.306731E1
2.848000E3	-3.660455E0	3.206068E-1	1.363615E1
2.849000E3	-3.664416E0	3.206068E-1	1.520146E1
2.850000E3	-3.668378E0	3.206068E-1	1.411905E1
2.851000E3	-3.672339E0	3.206068E-1	1.472132E1
2.852000E3	-3.676300E0	3.206068E-1	1.508779E1
2.853000E3	-3.680262E0	3.206068E-1	1.520766E1
2.854000E3	-3.684223E0	3.206068E-1	1.579653E1
2.855000E3	-3.688184E0	3.206068E-1	1.546503E1
2.856000E3	-3.692146E0	3.206068E-1	1.598190E1
2.857000E3	-3.696107E0	3.206068E-1	1.351881E1
2.858000E3	-3.700068E0	3.206068E-1	1.270611E1
2.859000E3	-3.704030E0	3.206068E-1	1.350851E1
2.860000E3	-3.707991E0	3.206068E-1	1.251288E1
2.861000E3	-3.711952E0	3.206068E-1	1.173622E1
2.862000E3	-3.715914E0	3.206068E-1	1.219143E1
2.863000E3	-3.719875E0	3.206068E-1	1.379460E1
2.864000E3	-3.723837E0	3.206068E-1	1.241855E1
2.865000E3	-3.727798E0	3.206068E-1	1.356899E1
2.866000E3	-3.731759E0	3.206068E-1	1.347036E1
2.867000E3	-3.735721E0	3.206068E-1	1.381462E1
2.868000E3	-3.739682E0	3.206068E-1	1.494837E1
2.869000E3	-3.743643E0	3.206068E-1	1.556721E1
2.870000E3	-3.747605E0	3.206068E-1	1.519075E1
2.871000E3	-3.751566E0	3.206068E-1	1.542686E1
2.872000E3	-3.755527E0	3.206068E-1	1.450176E1
2.873000E3	-3.759489E0	3.206068E-1	1.415645E1
2.874000E3	-3.763450E0	3.206068E-1	1.381425E1
2.875000E3	-3.767411E0	3.206068E-1	1.519184E1
2.876000E3	-3.771373E0	3.206068E-1	1.488622E1
2.877000E3	-3.775334E0	3.206068E-1	1.326452E1
2.878000E3	-3.779295E0	3.206068E-1	1.444875E1
2.879000E3	-3.783257E0	3.206068E-1	1.313870E1
2.880000E3	-3.787218E0	3.206068E-1	1.152279E1
2.881000E3	-3.791180E0	3.206068E-1	1.307768E1
2.882000E3	-3.795141E0	3.206068E-1	1.479823E1
2.883000E3	-3.799102E0	3.206068E-1	1.207608E1
2.884000E3	-3.803064E0	3.206068E-1	1.123055E1
2.885000E3	-3.807025E0	3.206068E-1	1.206964E1
2.886000E3	-3.810986E0	3.206068E-1	1.220808E1
2.887000E3	-3.814948E0	3.206068E-1	1.064335E1
2.888000E3	-3.818909E0	3.206068E-1	9.085846E0
2.889000E3	-3.822870E0	3.206068E-1	9.305169E0
2.890000E3	-3.826832E0	3.206068E-1	1.077342E1
2.891000E3	-3.830793E0	3.206068E-1	9.096921E0
2.892000E3	-3.834754E0	3.206068E-1	1.053583E1
2.893000E3	-3.838716E0	3.206068E-1	1.008225E1
2.894000E3	-3.842677E0	3.206068E-1	1.212521E1
2.895000E3	-3.846638E0	3.206068E-1	1.270350E1
2.896000E3	-3.850600E0	3.206068E-1	1.444253E1
2.897000E3	-3.854561E0	3.206068E-1	1.504009E1
2.898000E3	-3.858522E0	3.206068E-1	1.429803E1
2.899000E3	-3.862484E0	3.206068E-1	1.477786E1
2.900000E3	-3.866445E0	3.206068E-1	1.391025E1
2.901000E3	-3.870407E0	3.206068E-1	1.440041E1
2.902000E3	-3.874368E0	3.206068E-1	1.669320E1
2.903000E3	-3.878329E0	3.206068E-1	1.793182E1
2.904000E3	-3.882291E0	3.206068E-1	1.686729E1
2.905000E3	-3.886252E0	3.206068E-1	1.606232E1
2.906000E3	-3.890213E0	3.206068E-1	1.459903E1
2.907000E3	-3.894175E0	3.206068E-1	1.399500E1
2.908000E3	-3.898136E0	3.206068E-1	1.652575E1
2.909000E3	-3.902097E0	3.206068E-1	1.545310E1
2.910000E3	-3.906059E0	3.206068E-1	1.632090E1
2.911000E3	-3.910020E0	3.206068E-1	1.470111E1
2.912000E3	-3.913981E0	3.206068E-1	1.412164E1
2.913000E3	-3.917943E0	3.206068E-1	1.209369E1
2.914000E3	-3.921904E0	3.206068E-1	1.073461E1
2.915000E3	-3.925865E0	3.206068E-1	1.216250E1
2.916000E3	-3.929827E0	3.206068E-1	1.335719E1
2.917000E3	-3.933788E0	3.206068E-1	1.464791E1
2.918000E3	-3.937749E0	3.206068E-1	1.620736E1
2.919000E3	-3.941711E0	3.206068E-1	1.637254E1
2.920000E3	-3.945672E0	3.206068E-1	1.611480E1
2.921000E3	-3.949634E0	3.206068E-1	1.475862E1
2.922000E3	-3.953595E0	3.206068E-1	1.444361E1
2.923000E3	-3.957556E0	3.206068E-1	1.501491E1
2.924000E3	-3.961518E0	3.206068E-1	1.498769E1
2.925000E3	-3.965479E0	3.206068E-1	1.575935E1
2.926000E3	-3.969440E0	3.206068E-1	1.550973E1
2.927000E3	-3.973402E0	3.206068E-1	1.397752E1
2.928000E3	-3.977363E0	3.206068E-1	1.412236E1
2.929000E3	-3.981324E0	3.206068E-1	1.456565E1
2.930000E3	-3.985286E0	3.206068E-1	1.330714E1
2.931000E3	-3.989247E0	3.206068E-1	1.344242E1
2.932000E3	-3.993208E0	3.206068E-1	1.470478E1
2.933000E3	-3.997170E0	3.206068E-1	1.402550E1
2.934000E3	-4.001131E0	3.206068E-1	1.359106E1
2.935000E3	-4.005092E0	3.206068E-1	1.465525E1
2.936000E3	-4.009054E0	3.206068E-1	1.400834E1
2.937000E3	-4.013015E0	3.206068E-1	1.178817E1
2.938000E3	-4.016977E0	3.206068E-1	1.152863E1
2.939000E3	-4.020938E0	3.206068E-1	1.227868E1
2.940000E3	-4.024899E0	3.206068E-1	1.218027E1
2.941000E3	-4.028861E0	3.206068E-1	1.166707E1
2.942000E3	-4.032822E0	3.206068E-1	1.226051E1
2.943000E3	-4.036783E0	3.206068E-1	1.318004E1
2.944000E3	-4.040745E0	3.206068E-1	1.295996E1
2.945000E3	-4.044706E0	3.206068E-1	1.400361E1
2.946000E3	-4.048667E0	3.206068E-1	1.454928E1
2.947000E3	-4.052629E0	3.206068E-1	1.374836E1
2.948000E3	-4.056590E0	3.206068E-1	1.482017E1
2.949000E3	-4.060551E0	3.206068E-1	1.431350E1
2.950000E3	-4.064513E0	3.206068E-1	1.332532E1
2.951000E3	-4.068474E0	3.206068E-1	1.442864E1
2.952000E3	-4.072435E0	3.206068E-1	1.534477E1
2.953000E3	-4.076397E0	3.206068E-1	1.414239E1
2.954000E3	-4.080358E0	3.206068E-1	1.262156E1
2.955000E3	-4.084319E0	3.206068E-1	1.248188E1
2.956000E3	-4.088281E0	3.206068E-1	1.310606E1
2.957000E3	-4.092242E0	3.206068E-1	1.376371E1
2.958000E3	-4.096204E0	3.206068E-1	1.441412E1
2.959000E3	-4.100165E0	3.206068E-1	1.290133E1
2.960000E3	-4.104126E0	3.206068E-1	1.274417E1
2.961000E3	-4.108088E0	3.206068E-1	1.280441E1
2.962000E3	-4.112049E0	3.206068E-1	1.317976E1
2.963000E3	-4.116010E0	3.206068E-1	1.179314E1
2.964000E3	-4.119972E0	3.206068E-1	1.180041E1
2.965000E3	-4.123933E0	3.206068E-1	1.140923E1
2.966000E3	-4.127894E0	3.206068E-1	1.247678E1
2.967000E3	-4.131856E0	3.206068E-1	1.180815E1
2.968000E3	-4.135817E0	3.206068E-1	1.135106E1
2.969000E3	-4.139778E0	3.206068E-1	1.066084E1
2.970000E3	-4.143740E0	3.206068E-1	1.048699E1
2.971000E3	-4.147701E0	3.206068E-1	1.176872E1
2.972000E3	-4.151662E0	3.206068E-1	1.178832E1
2.973000E3	-4.155624E0	3.206068E-1	1.121250E1
2.974000E3	-4.159585E0	3.206068E-1	1.108973E1
2.975000E3	-4.163546E0	3.206068E-1	1.163620E1
2.976000E3	-4.167508E0	3.206068E-1	1.152341E1
2.977000E3	-4.171469E0	3.206068E-1	1.202247E1
2.978000E3	-4.175431E0	3.206068E-1	1.181060E1
2.979000E3	-4.179392E0	3.206068E-1	1.193356E1
2.980000E3	-4.183353E0	3.206068E-1	1.302280E1
2.981000E3	-4.187315E0	3.206068E-1	1.284319E1
2.982000E3	-4.191276E0	3.206068E-1	1.128228E1
2.983000E3	-4.195237E0	3.206068E-1	9.709618E0
2.984000E3	-4.199199E0	3.206068E-1	1.173845E1
2.985000E3	-4.203160E0	3.206068E-1	1.157503E1
2.986000E3	-4.207121E0	3.206068E-1	1.118757E1
2.987000E3	-4.211083E0	3.206068E-1	1.135095E1
2.988000E3	-4.215044E0	3.206068E-1	1.090551E1
2.989000E3	-4.219005E0	3.206068E-1	1.051916E1
2.990000E3	-4.222967E0	3.206068E-1	9.159921E0
2.991000E3	-4.226928E0	3.206068E-1	1.111548E1
2.992000E3	-4.230889E0	3.206068E-1	1.086364E1
2.993000E3	-4.234851E0	3.206068E-1	1.022839E1
2.994000E3	-4.238812E0	3.206068E-1	9.730325E0
2.995000E3	-4.242774E0	3.206068E-1	1.020573E1
2.996000E3	-4.246735E0	3.206068E-1	9.856345E0
2.997000E3	-4.250696E0	3.206068E-1	1.055630E1
2.998000E3	-4.254658E0	3.206068E-1	1.030727E1
2.999000E3	-4.258619E0	3.206068E-1	1.160441E1
3.000000E3	-4.262580E0	3.206068E-1	1.111480E1
3.001000E3	-4.266542E0	3.206068E-1	1.029425E1
3.002000E3	-4.270503E0	3.206068E-1	1.055274E1
3.003000E3	-4.274464E0	3.206068E-1	1.107249E1
3.004000E3	-4.278426E0	3.206068E-1	1.031801E1
3.005000E3	-4.282387E0	3.206068E-1	9.242937E0
3.006000E3	-4.286348E0	3.206068E-1	9.692052E0
3.007000E3	-4.290310E0	3.206068E-1	1.091710E1
3.008000E3	-4.294271E0	3.206068E-1	1.029594E1
3.009000E3	-4.298232E0	3.206068E-1	1.031526E1
3.010000E3	-4.302194E0	3.206068E-1	1.092210E1
3.011000E3	-4.306155E0	3.206068E-1	1.087427E1
3.012000E3	-4.310116E0	3.206068E-1	9.395354E0
3.013000E3	-4.314078E0	3.206068E-1	9.382524E0
3.014000E3	-4.318039E0	3.206068E-1	9.718324E0
3.015000E3	-4.322001E0	3.206068E-1	1.067013E1
3.016000E3	-4.325962E0	3.206068E-1	1.081596E1
3.017000E3	-4.329923E0	3.206068E-1	1.040371E1
3.018000E3	-4.333885E0	3.206068E-1	9.925847E0
3.019000E3	-4.337846E0	3.206068E-1	8.809340E0
3.020000E3	-4.341807E0	3.206068E-1	7.958625E0
3.021000E3	-4.345769E0	3.206068E-1	8.235661E0
3.022000E3	-4.349730E0	3.206068E-1	7.733607E0
3.023000E3	-4.353691E0	3.206068E-1	7.746686E0
3.024000E3	-4.357653E0	3.206068E-1	6.371506E0
3.025000E3	-4.361614E0	3.206068E-1	8.739675E0
3.026000E3	-4.365575E0	3.206068E-1	1.096821E1
3.027000E3	-4.369537E0	3.206068E-1	9.784069E0
3.028000E3	-4.373498E0	3.206068E-1	9.658393E0
3.029000E3	-4.377459E0	3.206068E-1	7.283749E0
3.030000E3	-4.381421E0	3.206068E-1	8.512471E0
3.031000E3	-4.385382E0	3.206068E-1	9.906544E0
3.032000E3	-4.389343E0	3.206068E-1	1.087443E1
3.033000E3	-4.393305E0	3.206068E-1	8.903150E0
3.034000E3	-4.397266E0	3.206068E-1	8.109329E0
3.035000E3	-4.401228E0	3.206068E-1	8.464573E0
3.036000E3	-4.405189E0	3.206068E-1	8.524282E0
3.037000E3	-4.409150E0	3.206068E-1	9.603060E0
3.038000E3	-4.413112E0	3.206068E-1	9.569775E0
3.039000E3	-4.417073E0	3.206068E-1	9.419053E0
3.040000E3	-4.421034E0	3.206068E-1	8.804052E0
3.041000E3	-4.424996E0	3.206068E-1	9.265650E0
3.042000E3	-4.428957E0	3.206068E-1	9.215563E0
3.043000E3	-4.432918E0	3.206068E-1	9.115959E0
3.044000E3	-4.436880E0	3.206068E-1	9.492879E0
3.045000E3	-4.440841E0	3.206068E-1	9.106047E0
3.046000E3	-4.444802E0	3.206068E-1	8.720117E0
3.047000E3	-4.448764E0	3.206068E-1	7.634810E0
3.048000E3	-4.452725E0	3.206068E-1	7.846893E0
3.049000E3	-4.456686E0	3.206068E-1	8.833970E0
3.050000E3	-4.460648E0	3.206068E-1	8.539427E0
3.051000E3	-4.464609E0	3.206068E-1	8.613515E0
3.052000E3	-4.468571E0	3.206068E-1	9.276913E0
3.053000E3	-4.472532E0	3.206068E-1	9.699942E0
3.054000E3	-4.476493E0	3.206068E-1	9.640133E0
3.055000E3	-4.480455E0	3.206068E-1	9.742568E0
3.056000E3	-4.484416E0	3.206068E-1	8.413528E0
3.057000E3	-4.488377E0	3.206068E-1	8.961331E0
3.058000E3	-4.492339E0	3.206068E-1	1.098604E1
3.059000E3	-4.496300E0	3.206068E-1	1.002001E1
3.060000E3	-4.500261E0	3.206068E-1	8.758167E0
3.061000E3	-4.504223E0	3.206068E-1	8.310019E0
3.062000E3	-4.508184E0	3.206068E-1	8.043808E0
3.063000E3	-4.512145E0	3.206068E-1	8.735201E0
3.064000E3	-4.516107E0	3.206068E-1	9.835946E0
3.065000E3	-4.520068E0	3.206068E-1	1.057871E1
3.066000E3	-4.524029E0	3.206068E-1	9.763864E0
3.067000E3	-4.527991E0	3.206068E-1	8.257648E0
3.068000E3	-4.531952E0	3.206068E-1	8.415355E0
3.069000E3	-4.535913E0	3.206068E-1	9.170242E0
3.070000E3	-4.539875E0	3.206068E-1	7.841862E0
3.071000E3	-4.543836E0	3.206068E-1	7.256408E0
3.072000E3	-4.547798E0	3.206068E-1	8.286446E0
3.073000E3	-4.551759E0	3.206068E-1	8.049161E0
3.074000E3	-4.555720E0	3.206068E-1	8.770089E0
3.075000E3	-4.559682E0	3.206068E-1	9.825984E0
3.076000E3	-4.563643E0	3.206068E-1	1.030077E1
3.077000E3	-4.567604E0	3.206068E-1	9.216658E0
3.078000E3	-4.571566E0	3.206068E-1	9.302092E0
3.079000E3	-4.575527E0	3.206068E-1	8.496981E0
3.080000E3	-4.579488E0	3.206068E-1	8.281880E0
3.081000E3	-4.583450E0	3.206068E-1	8.819277E0
3.082000E3	-4.587411E0	3.206068E-1	7.339012E0
3.083000E3	-4.591372E0	3.206068E-1	9.179315E0
3.084000E3	-4.595334E0	3.206068E-1	1.048859E1
3.085000E3	-4.599295E0	3.206068E-1	9.539343E0
3.086000E3	-4.603256E0	3.206068E-1	9.002902E0
3.087000E3	-4.607218E0	3.206068E-1	1.013096E1
3.088000E3	-4.611179E0	3.206068E-1	9.481926E0
3.089000E3	-4.615140E0	3.206068E-1	9.235571E0
3.090000E3	-4.619102E0	3.206068E-1	9.065281E0
3.091000E3	-4.623063E0	3.206068E-1	1.000058E1
3.092000E3	-4.627025E0	3.206068E-1	1.008708E1
3.093000E3	-4.630986E0	3.206068E-1	8.326044E0
3.094000E3	-4.634947E0	3.206068E-1	9.435341E0
3.095000E3	-4.638909E0	3.206068E-1	9.597284E0
3.096000E3	-4.642870E0	3.206068E-1	9.639288E0
3.097000E3	-4.646831E0	3.206068E-1	8.567156E0
3.098000E3	-4.650793E0	3.206068E-1	7.103130E0
3.099000E3	-4.654754E0	3.206068E-1	8.943528E0
3.100000E3	-4.658715E0	3.206068E-1	8.263726E0
3.101000E3	-4.662677E0	3.206068E-1	9.031836E0
3.102000E3	-4.666638E0	3.206068E-1	7.385551E0
3.103000E3	-4.670599E0	3.206068E-1	8.214234E0
3.104000E3	-4.674561E0	3.206068E-1	8.243270E0
3.105000E3	-4.678522E0	3.206068E-1	9.970001E0
3.106000E3	-4.682483E0	3.206068E-1	1.036670E1
3.107000E3	-4.686445E0	3.206068E-1	9.985829E0
3.108000E3	-4.690406E0	3.206068E-1	9.602827E0
3.109000E3	-4.694368E0	3.206068E-1	8.702871E0
3.110000E3	-4.698329E0	3.206068E-1	9.731343E0
3.111000E3	-4.702290E0	3.206068E-1	1.038636E1
3.112000E3	-4.706252E0	3.206068E-1	9.838988E0
3.113000E3	-4.710213E0	3.206068E-1	1.049568E1
3.114000E3	-4.714174E0	3.206068E-1	8.986844E0
3.115000E3	-4.718136E0	3.206068E-1	9.568584E0
3.116000E3	-4.722097E0	3.206068E-1	1.041548E1
3.117000E3	-4.726058E0	3.206068E-1	1.070485E1
3.118000E3	-4.730020E0	3.206068E-1	1.075940E1
3.119000E3	-4.733981E0	3.206068E-1	9.270325E0
3.120000E3	-4.737942E0	3.206068E-1	9.168885E0
3.121000E3	-4.741904E0	3.206068E-1	8.696706E0
3.122000E3	-4.745865E0	3.206068E-1	8.289048E0
3.123000E3	-4.749826E0	3.206068E-1	8.018887E0
3.124000E3	-4.753788E0	3.206068E-1	6.915439E0
3.125000E3	-4.757749E0	3.206068E-1	7.433497E0
3.126000E3	-4.761710E0	3.206068E-1	8.623448E0
3.127000E3	-4.765672E0	3.206068E-1	8.950344E0
3.128000E3	-4.769633E0	3.206068E-1	9.009815E0
3.129000E3	-4.773595E0	3.206068E-1	9.696654E0
3.130000E3	-4.777556E0	3.206068E-1	9.457218E0
3.131000E3	-4.781517E0	3.206068E-1	9.448588E0
3.132000E3	-4.785479E0	3.206068E-1	8.270908E0
3.133000E3	-4.789440E0	3.206068E-1	7.437641E0
3.134000E3	-4.793401E0	3.206068E-1	8.251738E0
3.135000E3	-4.797363E0	3.206068E-1	9.932590E0
3.136000E3	-4.801324E0	3.206068E-1	9.373607E0
3.137000E3	-4.805285E0	3.206068E-1	9.163741E0
3.138000E3	-4.809247E0	3.206068E-1	9.538011E0
3.139000E3	-4.813208E0	3.206068E-1	1.025640E1
3.140000E3	-4.817169E0	3.206068E-1	9.005367E0
3.141000E3	-4.821131E0	3.206068E-1	7.879047E0
3.142000E3	-4.825092E0	3.206068E-1	7.385755E0
3.143000E3	-4.829053E0	3.206068E-1	8.090477E0
3.144000E3	-4.833015E0	3.206068E-1	6.654477E0
3.145000E3	-4.836976E0	3.206068E-1	6.170846E0
3.146000E3	-4.840937E0	3.206068E-1	6.235510E0
3.147000E3	-4.844899E0	3.206068E-1	7.763681E0
3.148000E3	-4.848860E0	3.206068E-1	7.578435E0
3.149000E3	-4.852822E0	3.206068E-1	7.362085E0
3.150000E3	-4.856783E0	3.206068E-1	7.138504E0
3.151000E3	-4.860744E0	3.206068E-1	6.303856E0
3.152000E3	-4.864706E0	3.206068E-1	5.989488E0
3.153000E3	-4.868667E0	3.206068E-1	7.215592E0
3.154000E3	-4.872628E0	3.206068E-1	7.446943E0
3.155000E3	-4.876590E0	3.206068E-1	6.786542E0
3.156000E3	-4.880551E0	3.206068E-1	8.067624E0
3.157000E3	-4.884512E0	3.206068E-1	8.036064E0
3.158000E3	-4.888474E0	3.206068E-1	8.884705E0
3.159000E3	-4.892435E0	3.206068E-1	9.001734E0
3.160000E3	-4.896396E0	3.206068E-1	9.705046E0
3.161000E3	-4.900358E0	3.206068E-1	9.788978E0
3.162000E3	-4.904319E0	3.206068E-1	1.008913E1
3.163000E3	-4.908280E0	3.206068E-1	1.034023E1
3.164000E3	-4.912242E0	3.206068E-1	9.105750E0
3.165000E3	-4.916203E0	3.206068E-1	7.845218E0
3.166000E3	-4.920165E0	3.206068E-1	8.215091E0
3.167000E3	-4.924126E0	3.206068E-1	7.930682E0
3.168000E3	-4.928087E0	3.206068E-1	8.074136E0
3.169000E3	-4.932049E0	3.206068E-1	9.457498E0
3.170000E3	-4.936010E0	3.206068E-1	9.465572E0
3.171000E3	-4.939971E0	3.206068E-1	9.009200E0
3.172000E3	-4.943933E0	3.206068E-1	8.484831E0
3.173000E3	-4.947894E0	3.206068E-1	7.040373E0
3.174000E3	-4.951855E0	3.206068E-1	7.917197E0
3.175000E3	-4.955817E0	3.206068E-1	6.747196E0
3.176000E3	-4.959778E0	3.206068E-1	8.300470E0
3.177000E3	-4.963739E0	3.206068E-1	8.704704E0
3.178000E3	-4.967701E0	3.206068E-1	7.650101E0
3.179000E3	-4.971662E0	3.206068E-1	9.884218E0
3.180000E3	-4.975623E0	3.206068E-1	8.100861E0
3.181000E3	-4.979585E0	3.206068E-1	7.536041E0
3.182000E3	-4.983546E0	3.206068E-1	7.529077E0
3.183000E3	-4.987507E0	3.206068E-1	8.752613E0
3.184000E3	-4.991469E0	3.206068E-1	9.522709E0
3.185000E3	-4.995430E0	3.206068E-1	8.777332E0
3.186000E3	-4.999392E0	3.206068E-1	8.165679E0
3.187000E3	-5.003353E0	3.206068E-1	8.991134E0
3.188000E3	-5.007314E0	3.206068E-1	8.293371E0
3.189000E3	-5.011276E0	3.206068E-1	8.990019E0
3.190000E3	-5.015237E0	3.206068E-1	9.576059E0
3.191000E3	-5.019198E0	3.206068E-1	8.932503E0
3.192000E3	-5.023160E0	3.206068E-1	8.560461E0
3.193000E3	-5.027121E0	3.206068E-1	9.051758E0
3.194000E3	-5.031082E0	3.206068E-1	8.971671E0
3.195000E3	-5.035044E0	3.206068E-1	9.423432E0
3.196000E3	-5.039005E0	3.206068E-1	8.775524E0
3.197000E3	-5.042966E0	3.206068E-1	7.503416E0
3.198000E3	-5.046928E0	3.206068E-1	7.653193E0
3.199000E3	-5.050889E0	3.206068E-1	8.317086E0
3.200000E3	-5.054850E0	3.206068E-1	9.307968E0
3.201000E3	-5.058812E0	3.206068E-1	8.687581E0
3.202000E3	-5.062773E0	3.206068E-1	8.243555E0
3.203000E3	-5.066734E0	3.206068E-1	8.051352E0
3.204000E3	-5.070696E0	3.206068E-1	7.279941E0
3.205000E3	-5.074657E0	3.206068E-1	6.781440E0
3.206000E3	-5.078619E0	3.206068E-1	7.165134E0
3.207000E3	-5.082580E0	3.206068E-1	8.049387E0
3.208000E3	-5.086541E0	3.206068E-1	6.925869E0
3.209000E3	-5.090503E0	3.206068E-1	7.762814E0
3.210000E3	-5.094464E0	3.206068E-1	7.405416E0
3.211000E3	-5.098425E0	3.206068E-1	7.036967E0
3.212000E3	-5.102387E0	3.206068E-1	6.881478E0
3.213000E3	-5.106348E0	3.206068E-1	7.824446E0
3.214000E3	-5.110309E0	3.206068E-1	8.401025E0
3.215000E3	-5.114271E0	3.206068E-1	8.953822E0
3.216000E3	-5.118232E0	3.206068E-1	9.257701E0
3.217000E3	-5.122193E0	3.206068E-1	8.357327E0
3.218000E3	-5.126155E0	3.206068E-1	7.341099E0
3.219000E3	-5.130116E0	3.206068E-1	7.114465E0
3.220000E3	-5.134077E0	3.206068E-1	8.185254E0
3.221000E3	-5.138039E0	3.206068E-1	7.016845E0
3.222000E3	-5.142000E0	3.206068E-1	7.000131E0
3.223000E3	-5.145962E0	3.206068E-1	6.225251E0
3.224000E3	-5.149923E0	3.206068E-1	6.702105E0
3.225000E3	-5.153884E0	3.206068E-1	7.500569E0
3.226000E3	-5.157846E0	3.206068E-1	6.713104E0
3.227000E3	-5.161807E0	3.206068E-1	7.731036E0
3.228000E3	-5.165768E0	3.206068E-1	7.356730E0
3.229000E3	-5.169730E0	3.206068E-1	7.310372E0
3.230000E3	-5.173691E0	3.206068E-1	7.905139E0
3.231000E3	-5.177652E0	3.206068E-1	8.130993E0
3.232000E3	-5.181614E0	3.206068E-1	8.282941E0
3.233000E3	-5.185575E0	3.206068E-1	8.755175E0
3.234000E3	-5.189536E0	3.206068E-1	8.413997E0
3.235000E3	-5.193498E0	3.206068E-1	6.885057E0
3.236000E3	-5.197459E0	3.206068E-1	7.459776E0
3.237000E3	-5.201420E0	3.206068E-1	8.475311E0
3.238000E3	-5.205382E0	3.206068E-1	8.118940E0
3.239000E3	-5.209343E0	3.206068E-1	7.650003E0
3.240000E3	-5.213304E0	3.206068E-1	8.066104E0
3.241000E3	-5.217266E0	3.206068E-1	7.006230E0
3.242000E3	-5.221227E0	3.206068E-1	8.747269E0
3.243000E3	-5.225189E0	3.206068E-1	8.150861E0
3.244000E3	-5.229150E0	3.206068E-1	7.856808E0
3.245000E3	-5.233111E0	3.206068E-1	7.750445E0
3.246000E3	-5.237073E0	3.206068E-1	7.244220E0
3.247000E3	-5.241034E0	3.206068E-1	7.015279E0
3.248000E3	-5.244995E0	3.206068E-1	7.410298E0
3.249000E3	-5.248957E0	3.206068E-1	7.941205E0
3.250000E3	-5.252918E0	3.206068E-1	6.788953E0
3.251000E3	-5.256879E0	3.206068E-1	8.595629E0
3.252000E3	-5.260841E0	3.206068E-1	7.532190E0
3.253000E3	-5.264802E0	3.206068E-1	7.716902E0
3.254000E3	-5.268763E0	3.206068E-1	7.177008E0
3.255000E3	-5.272725E0	3.206068E-1	7.703727E0
3.256000E3	-5.276686E0	3.206068E-1	7.106748E0
3.257000E3	-5.280647E0	3.206068E-1	5.916718E0
3.258000E3	-5.284609E0	3.206068E-1	7.466575E0
3.259000E3	-5.288570E0	3.206068E-1	7.664389E0
3.260000E3	-5.292531E0	3.206068E-1	7.742906E0
3.261000E3	-5.296493E0	3.206068E-1	7.853643E0
3.262000E3	-5.300454E0	3.206068E-1	7.562156E0
3.263000E3	-5.304416E0	3.206068E-1	7.521165E0
3.264000E3	-5.308377E0	3.206068E-1	7.389914E0
3.265000E3	-5.312338E0	3.206068E-1	7.460898E0
3.266000E3	-5.316300E0	3.206068E-1	7.187856E0
3.267000E3	-5.320261E0	3.206068E-1	7.167737E0
3.268000E3	-5.324222E0	3.206068E-1	6.776087E0
3.269000E3	-5.328184E0	3.206068E-1	7.864742E0
3.270000E3	-5.332145E0	3.206068E-1	7.714974E0
3.271000E3	-5.336106E0	3.206068E-1	7.594204E0
3.272000E3	-5.340068E0	3.206068E-1	8.675822E0
3.273000E3	-5.344029E0	3.206068E-1	7.475293E0
3.274000E3	-5.347990E0	3.206068E-1	7.477454E0
3.275000E3	-5.351952E0	3.206068E-1	7.064153E0
3.276000E3	-5.355913E0	3.206068E-1	6.928267E0
3.277000E3	-5.359874E0	3.206068E-1	6.611742E0
3.278000E3	-5.363836E0	3.206068E-1	7.386473E0
3.279000E3	-5.367797E0	3.206068E-1	6.849112E0
3.280000E3	-5.371759E0	3.206068E-1	6.792248E0
3.281000E3	-5.375720E0	3.206068E-1	6.387139E0
3.282000E3	-5.379681E0	3.206068E-1	6.945466E0
3.283000E3	-5.383643E0	3.206068E-1	6.762753E0
3.284000E3	-5.387604E0	3.206068E-1	6.386846E0
3.285000E3	-5.391565E0	3.206068E-1	6.332208E0
3.286000E3	-5.395527E0	3.206068E-1	6.429271E0
3.287000E3	-5.399488E0	3.206068E-1	6.980871E0
3.288000E3	-5.403449E0	3.206068E-1	6.280794E0
3.289000E3	-5.407411E0	3.206068E-1	6.670821E0
3.290000E3	-5.411372E0	3.206068E-1	7.180567E0
3.291000E3	-5.415333E0	3.206068E-1	7.765697E0
3.292000E3	-5.419295E0	3.206068E-1	7.262539E0
3.293000E3	-5.423256E0	3.206068E-1	7.568540E0
3.294000E3	-5.427217E0	3.206068E-1	7.746319E0
3.295000E3	-5.431179E0	3.206068E-1	7.537712E0
3.296000E3	-5.435140E0	3.206068E-1	7.393942E0
3.297000E3	-5.439101E0	3.206068E-1	8.115095E0
3.298000E3	-5.443063E0	3.206068E-1	7.844788E0
3.299000E3	-5.447024E0	3.206068E-1	8.133880E0
3.300000E3	-5.450986E0	3.206068E-1	8.378461E0
3.301000E3	-5.454947E0	3.206068E-1	8.792022E0
3.302000E3	-5.458908E0	3.206068E-1	7.083797E0
3.303000E3	-5.462870E0	3.206068E-1	7.009158E0
3.304000E3	-5.466831E0	3.206068E-1	7.115557E0
3.305000E3	-5.470792E0	3.206068E-1	6.993114E0
3.306000E3	-5.474754E0	3.206068E-1	7.584710E0
3.307000E3	-5.478715E0	3.206068E-1	6.845140E0
3.308000E3	-5.482676E0	3.206068E-1	6.990854E0
3.309000E3	-5.486638E0	3.206068E-1	5.901907E0
3.310000E3	-5.490599E0	3.206068E-1	6.832913E0
3.311000E3	-5.494560E0	3.206068E-1	7.331738E0
3.312000E3	-5.498522E0	3.206068E-1	6.780912E0
3.313000E3	-5.502483E0	3.206068E-1	6.422841E0
3.314000E3	-5.506444E0	3.206068E-1	6.429082E0
3.315000E3	-5.510406E0	3.206068E-1	6.518884E0
3.316000E3	-5.514367E0	3.206068E-1	6.824699E0
3.317000E3	-5.518328E0	3.206068E-1	7.154701E0
3.318000E3	-5.522290E0	3.206068E-1	7.018421E0
3.319000E3	-5.526251E0	3.206068E-1	6.395941E0
3.320000E3	-5.530213E0	3.206068E-1	5.512017E0
3.321000E3	-5.534174E0	3.206068E-1	5.604089E0
3.322000E3	-5.538135E0	3.206068E-1	6.232070E0
3.323000E3	-5.542097E0	3.206068E-1	7.002823E0
3.324000E3	-5.546058E0	3.206068E-1	5.411805E0
3.325000E3	-5.550019E0	3.206068E-1	6.868487E0
3.326000E3	-5.553981E0	3.206068E-1	7.834579E0
3.327000E3	-5.557942E0	3.206068E-1	7.612336E0
3.328000E3	-5.561903E0	3.206068E-1	6.834585E0
3.329000E3	-5.565865E0	3.206068E-1	6.591304E0
3.330000E3	-5.569826E0	3.206068E-1	7.245660E0
3.331000E3	-5.573787E0	3.206068E-1	7.021798E0
3.332000E3	-5.577749E0	3.206068E-1	5.554886E0
3.333000E3	-5.581710E0	3.206068E-1	6.355835E0
3.334000E3	-5.585671E0	3.206068E-1	6.553325E0
3.335000E3	-5.589633E0	3.206068E-1	6.963294E0
3.336000E3	-5.593594E0	3.206068E-1	7.640032E0
3.337000E3	-5.597555E0	3.206068E-1	6.449667E0
3.338000E3	-5.601517E0	3.206068E-1	5.496363E0
3.339000E3	-5.605478E0	3.206068E-1	7.060794E0
3.340000E3	-5.609440E0	3.206068E-1	7.554450E0
3.341000E3	-5.613401E0	3.206068E-1	6.369594E0
3.342000E3	-5.617362E0	3.206068E-1	6.832473E0
3.343000E3	-5.621324E0	3.206068E-1	6.638607E0
3.344000E3	-5.625285E0	3.206068E-1	7.303626E0
3.345000E3	-5.629246E0	3.206068E-1	7.893166E0
3.346000E3	-5.633208E0	3.206068E-1	6.240600E0
3.347000E3	-5.637169E0	3.206068E-1	6.852916E0
3.348000E3	-5.641130E0	3.206068E-1	6.551850E0
3.349000E3	-5.645092E0	3.206068E-1	6.949755E0
3.350000E3	-5.649053E0	3.206068E-1	7.298139E0
3.351000E3	-5.653014E0	3.206068E-1	7.019034E0
3.352000E3	-5.656976E0	3.206068E-1	6.431780E0
3.353000E3	-5.660937E0	3.206068E-1	6.558361E0
3.354000E3	-5.664898E0	3.206068E-1	6.689581E0
3.355000E3	-5.668860E0	3.206068E-1	7.215057E0
3.356000E3	-5.672821E0	3.206068E-1	6.762935E0
3.357000E3	-5.676783E0	3.206068E-1	6.405335E0
3.358000E3	-5.680744E0	3.206068E-1	5.794664E0
3.359000E3	-5.684705E0	3.206068E-1	5.819473E0
3.360000E3	-5.688667E0	3.206068E-1	6.527189E0
3.361000E3	-5.692628E0	3.206068E-1	7.406275E0
3.362000E3	-5.696589E0	3.206068E-1	7.547755E0
3.363000E3	-5.700551E0	3.206068E-1	7.228271E0
3.364000E3	-5.704512E0	3.206068E-1	6.779436E0
3.365000E3	-5.708473E0	3.206068E-1	6.008506E0
3.366000E3	-5.712435E0	3.206068E-1	7.663885E0
3.367000E3	-5.716396E0	3.206068E-1	7.868707E0
3.368000E3	-5.720357E0	3.206068E-1	7.838187E0
3.369000E3	-5.724319E0	3.206068E-1	8.224275E0
3.370000E3	-5.728280E0	3.206068E-1	7.947802E0
3.371000E3	-5.732241E0	3.206068E-1	8.692095E0
3.372000E3	-5.736203E0	3.206068E-1	7.968590E0
3.373000E3	-5.740164E0	3.206068E-1	7.333095E0
3.374000E3	-5.744125E0	3.206068E-1	6.951531E0
3.375000E3	-5.748087E0	3.206068E-1	6.625301E0
3.376000E3	-5.752048E0	3.206068E-1	6.696837E0
3.377000E3	-5.756010E0	3.206068E-1	6.734410E0
3.378000E3	-5.759971E0	3.206068E-1	6.576488E0
3.379000E3	-5.763932E0	3.206068E-1	6.887892E0
3.380000E3	-5.767894E0	3.206068E-1	7.836392E0
3.381000E3	-5.771855E0	3.206068E-1	6.954310E0
3.382000E3	-5.775816E0	3.206068E-1	6.585149E0
3.383000E3	-5.779778E0	3.206068E-1	6.265066E0
3.384000E3	-5.783739E0	3.206068E-1	6.536746E0
3.385000E3	-5.787700E0	3.206068E-1	6.224351E0
3.386000E3	-5.791662E0	3.206068E-1	7.047218E0
3.387000E3	-5.795623E0	3.206068E-1	7.255232E0
3.388000E3	-5.799584E0	3.206068E-1	7.367579E0
3.389000E3	-5.803546E0	3.206068E-1	7.179511E0
3.390000E3	-5.807507E0	3.206068E-1	6.967245E0
3.391000E3	-5.811468E0	3.206068E-1	7.006010E0
3.392000E3	-5.815430E0	3.206068E-1	6.515660E0
3.393000E3	-5.819391E0	3.206068E-1	7.155300E0
3.394000E3	-5.823352E0	3.206068E-1	6.877001E0
3.395000E3	-5.827314E0	3.206068E-1	7.538168E0
3.396000E3	-5.831275E0	3.206068E-1	6.120247E0
3.397000E3	-5.835237E0	3.206068E-1	5.454799E0
3.398000E3	-5.839198E0	3.206068E-1	6.378657E0
3.399000E3	-5.843159E0	3.206068E-1	7.174402E0
3.400000E3	-5.847121E0	3.206068E-1	7.565052E0
3.401000E3	-5.851082E0	3.206068E-1	6.378177E0
3.402000E3	-5.855043E0	3.206068E-1	6.614686E0
3.403000E3	-5.859005E0	3.206068E-1	6.570159E0
3.404000E3	-5.862966E0	3.206068E-1	6.281616E0
3.405000E3	-5.866927E0	3.206068E-1	6.264229E0
3.406000E3	-5.870889E0	3.206068E-1	5.645007E0
3.407000E3	-5.874850E0	3.206068E-1	4.935204E0
3.408000E3	-5.878811E0	3.206068E-1	5.202196E0
3.409000E3	-5.882773E0	3.206068E-1	4.931166E0
3.410000E3	-5.886734E0	3.206068E-1	5.951763E0
3.411000E3	-5.890695E0	3.206068E-1	6.914190E0
3.412000E3	-5.894657E0	3.206068E-1	5.219111E0
3.413000E3	-5.898618E0	3.206068E-1	5.591708E0
3.414000E3	-5.902580E0	3.206068E-1	4.618395E0
3.415000E3	-5.906541E0	3.206068E-1	5.316777E0
3.416000E3	-5.910502E0	3.206068E-1	5.518560E0
3.417000E3	-5.914464E0	3.206068E-1	6.114182E0
3.418000E3	-5.918425E0	3.206068E-1	7.215886E0
3.419000E3	-5.922386E0	3.206068E-1	7.310731E0
3.420000E3	-5.926348E0	3.206068E-1	7.362754E0
3.421000E3	-5.930309E0	3.206068E-1	6.762969E0
3.422000E3	-5.934270E0	3.206068E-1	6.563253E0
3.423000E3	-5.938232E0	3.206068E-1	6.692487E0
3.424000E3	-5.942193E0	3.206068E-1	6.135344E0
3.425000E3	-5.946154E0	3.206068E-1	6.214828E0
3.426000E3	-5.950116E0	3.206068E-1	7.849854E0
3.427000E3	-5.954077E0	3.206068E-1	5.908474E0
3.428000E3	-5.958038E0	3.206068E-1	5.387905E0
3.429000E3	-5.962000E0	3.206068E-1	6.310427E0
3.430000E3	-5.965961E0	3.206068E-1	5.643130E0
3.431000E3	-5.969922E0	3.206068E-1	6.638066E0
3.432000E3	-5.973884E0	3.206068E-1	6.978118E0
3.433000E3	-5.977845E0	3.206068E-1	5.469917E0
3.434000E3	-5.981807E0	3.206068E-1	6.204505E0
3.435000E3	-5.985768E0	3.206068E-1	7.007335E0
3.436000E3	-5.989729E0	3.206068E-1	6.549824E0
3.437000E3	-5.993691E0	3.206068E-1	5.816205E0
3.438000E3	-5.997652E0	3.206068E-1	6.395028E0
3.439000E3	-6.001613E0	3.206068E-1	5.866853E0
3.440000E3	-6.005575E0	3.206068E-1	5.561979E0
3.441000E3	-6.009536E0	3.206068E-1	6.040992E0
3.442000E3	-6.013497E0	3.206068E-1	5.983633E0
3.443000E3	-6.017459E0	3.206068E-1	6.314220E0
3.444000E3	-6.021420E0	3.206068E-1	7.180387E0
3.445000E3	-6.025381E0	3.206068E-1	6.274141E0
3.446000E3	-6.029343E0	3.206068E-1	7.620868E0
3.447000E3	-6.033304E0	3.206068E-1	7.169471E0
3.448000E3	-6.037265E0	3.206068E-1	5.703539E0
3.449000E3	-6.041227E0	3.206068E-1	6.274076E0
3.450000E3	-6.045188E0	3.206068E-1	6.483972E0
3.451000E3	-6.049149E0	3.206068E-1	7.472239E0
3.452000E3	-6.053111E0	3.206068E-1	7.700699E0
3.453000E3	-6.057072E0	3.206068E-1	7.173355E0
3.454000E3	-6.061034E0	3.206068E-1	6.039091E0
3.455000E3	-6.064995E0	3.206068E-1	5.525348E0
3.456000E3	-6.068956E0	3.206068E-1	6.302388E0
3.457000E3	-6.072918E0	3.206068E-1	6.053577E0
3.458000E3	-6.076879E0	3.206068E-1	6.610790E0
3.459000E3	-6.080840E0	3.206068E-1	6.163189E0
3.460000E3	-6.084802E0	3.206068E-1	6.010073E0
3.461000E3	-6.088763E0	3.206068E-1	6.235647E0
3.462000E3	-6.092724E0	3.206068E-1	6.123248E0
3.463000E3	-6.096686E0	3.206068E-1	5.970535E0
3.464000E3	-6.100647E0	3.206068E-1	6.514377E0
3.465000E3	-6.104608E0	3.206068E-1	6.177592E0
3.466000E3	-6.108570E0	3.206068E-1	5.241701E0
3.467000E3	-6.112531E0	3.206068E-1	6.334823E0
3.468000E3	-6.116492E0	3.206068E-1	6.809397E0
3.469000E3	-6.120454E0	3.206068E-1	6.242705E0
3.470000E3	-6.124415E0	3.206068E-1	5.657726E0
3.471000E3	-6.128377E0	3.206068E-1	6.016683E0
3.472000E3	-6.132338E0	3.206068E-1	6.247084E0
3.473000E3	-6.136299E0	3.206068E-1	6.692921E0
3.474000E3	-6.140261E0	3.206068E-1	5.506722E0
3.475000E3	-6.144222E0	3.206068E-1	6.293605E0
3.476000E3	-6.148183E0	3.206068E-1	6.283223E0
3.477000E3	-6.152145E0	3.206068E-1	5.918783E0
3.478000E3	-6.156106E0	3.206068E-1	6.219694E0
3.479000E3	-6.160067E0	3.206068E-1	6.473018E0
3.480000E3	-6.164029E0	3.206068E-1	6.302970E0
3.481000E3	-6.167990E0	3.206068E-1	6.979009E0
3.482000E3	-6.171951E0	3.206068E-1	7.542915E0
3.483000E3	-6.175913E0	3.206068E-1	6.347072E0
3.484000E3	-6.179874E0	3.206068E-1	7.401892E0
3.485000E3	-6.183835E0	3.206068E-1	6.081510E0
3.486000E3	-6.187797E0	3.206068E-1	5.024156E0
3.487000E3	-6.191758E0	3.206068E-1	5.918672E0
3.488000E3	-6.195719E0	3.206068E-1	6.456042E0
3.489000E3	-6.199681E0	3.206068E-1	5.819827E0
3.490000E3	-6.203642E0	3.206068E-1	5.986520E0
3.491000E3	-6.207604E0	3.206068E-1	7.119925E0
3.492000E3	-6.211565E0	3.206068E-1	6.183595E0
3.493000E3	-6.215526E0	3.206068E-1	5.792277E0
3.494000E3	-6.219488E0	3.206068E-1	5.418580E0
3.495000E3	-6.223449E0	3.206068E-1	5.322627E0
3.496000E3	-6.227410E0	3.206068E-1	6.530587E0
3.497000E3	-6.231372E0	3.206068E-1	7.107620E0
3.498000E3	-6.235333E0	3.206068E-1	7.506769E0
3.499000E3	-6.239294E0	3.206068E-1	6.876182E0
3.500000E3	-6.243256E0	3.206068E-1	7.534839E0
3.501000E3	-6.247217E0	3.206068E-1	7.195702E0
3.502000E3	-6.251178E0	3.206068E-1	6.393706E0
3.503000E3	-6.255140E0	3.206068E-1	6.860401E0
3.504000E3	-6.259101E0	3.206068E-1	6.685218E0
3.505000E3	-6.263062E0	3.206068E-1	7.108150E0
3.506000E3	-6.267024E0	3.206068E-1	7.447398E0
3.507000E3	-6.270985E0	3.206068E-1	7.058216E0
3.508000E3	-6.274946E0	3.206068E-1	6.355548E0
3.509000E3	-6.278908E0	3.206068E-1	6.265380E0
3.510000E3	-6.282869E0	3.206068E-1	5.633254E0
3.511000E3	-6.286831E0	3.206068E-1	5.647517E0
3.512000E3	-6.290792E0	3.206068E-1	7.355165E0
3.513000E3	-6.294753E0	3.206068E-1	5.835595E0
3.514000E3	-6.298715E0	3.206068E-1	4.862858E0
3.515000E3	-6.302676E0	3.206068E-1	4.895167E0
3.516000E3	-6.306637E0	3.206068E-1	6.052446E0
3.517000E3	-6.310599E0	3.206068E-1	7.064911E0
3.518000E3	-6.314560E0	3.206068E-1	6.267850E0
3.519000E3	-6.318521E0	3.206068E-1	6.158088E0
3.520000E3	-6.322483E0	3.206068E-1	6.790817E0
3.521000E3	-6.326444E0	3.206068E-1	6.598721E0
3.522000E3	-6.330405E0	3.206068E-1	6.343267E0
3.523000E3	-6.334367E0	3.206068E-1	6.379768E0
3.524000E3	-6.338328E0	3.206068E-1	6.650856E0
3.525000E3	-6.342289E0	3.206068E-1	6.326908E0
3.526000E3	-6.346251E0	3.206068E-1	6.940199E0
3.527000E3	-6.350212E0	3.206068E-1	7.574363E0
3.528000E3	-6.354174E0	3.206068E-1	7.059438E0
3.529000E3	-6.358135E0	3.206068E-1	6.434391E0
3.530000E3	-6.362096E0	3.206068E-1	6.003403E0
3.531000E3	-6.366058E0	3.206068E-1	5.757183E0
3.532000E3	-6.370019E0	3.206068E-1	4.994141E0
3.533000E3	-6.373980E0	3.206068E-1	5.159205E0
3.534000E3	-6.377942E0	3.206068E-1	6.454250E0
3.535000E3	-6.381903E0	3.206068E-1	5.453426E0
3.536000E3	-6.385864E0	3.206068E-1	5.192716E0
3.537000E3	-6.389826E0	3.206068E-1	5.751023E0
3.538000E3	-6.393787E0	3.206068E-1	5.556758E0
3.539000E3	-6.397748E0	3.206068E-1	4.906216E0
3.540000E3	-6.401710E0	3.206068E-1	5.495064E0
3.541000E3	-6.405671E0	3.206068E-1	5.492495E0
3.542000E3	-6.409632E0	3.206068E-1	5.629963E0
3.543000E3	-6.413594E0	3.206068E-1	5.193532E0
3.544000E3	-6.417555E0	3.206068E-1	5.281453E0
3.545000E3	-6.421516E0	3.206068E-1	5.296543E0
3.546000E3	-6.425478E0	3.206068E-1	5.602156E0
3.547000E3	-6.429439E0	3.206068E-1	5.005427E0
3.548000E3	-6.433401E0	3.206068E-1	5.544451E0
3.549000E3	-6.437362E0	3.206068E-1	6.241280E0
3.550000E3	-6.441323E0	3.206068E-1	5.320632E0
3.551000E3	-6.445285E0	3.206068E-1	6.064710E0
3.552000E3	-6.449246E0	3.206068E-1	6.284309E0
3.553000E3	-6.453207E0	3.206068E-1	6.291761E0
3.554000E3	-6.457169E0	3.206068E-1	4.551648E0
3.555000E3	-6.461130E0	3.206068E-1	5.690955E0
3.556000E3	-6.465091E0	3.206068E-1	5.668384E0
3.557000E3	-6.469053E0	3.206068E-1	5.548672E0
3.558000E3	-6.473014E0	3.206068E-1	5.061675E0
3.559000E3	-6.476975E0	3.206068E-1	5.325096E0
3.560000E3	-6.480937E0	3.206068E-1	5.195454E0
3.561000E3	-6.484898E0	3.206068E-1	6.329297E0
3.562000E3	-6.488859E0	3.206068E-1	6.096685E0
3.563000E3	-6.492821E0	3.206068E-1	6.357181E0
3.564000E3	-6.496782E0	3.206068E-1	7.177746E0
3.565000E3	-6.500743E0	3.206068E-1	5.943471E0
3.566000E3	-6.504705E0	3.206068E-1	5.411786E0
3.567000E3	-6.508666E0	3.206068E-1	5.229505E0
3.568000E3	-6.512628E0	3.206068E-1	5.565911E0
3.569000E3	-6.516589E0	3.206068E-1	5.424659E0
3.570000E3	-6.520550E0	3.206068E-1	4.430042E0
3.571000E3	-6.524512E0	3.206068E-1	6.169678E0
3.572000E3	-6.528473E0	3.206068E-1	6.477437E0
3.573000E3	-6.532434E0	3.206068E-1	6.172040E0
3.574000E3	-6.536396E0	3.206068E-1	6.172893E0
3.575000E3	-6.540357E0	3.206068E-1	5.041096E0
3.576000E3	-6.544318E0	3.206068E-1	5.646875E0
3.577000E3	-6.548280E0	3.206068E-1	6.038123E0
3.578000E3	-6.552241E0	3.206068E-1	6.263007E0
3.579000E3	-6.556202E0	3.206068E-1	5.824509E0
3.580000E3	-6.560164E0	3.206068E-1	5.688647E0
3.581000E3	-6.564125E0	3.206068E-1	5.841065E0
3.582000E3	-6.568086E0	3.206068E-1	6.569899E0
3.583000E3	-6.572048E0	3.206068E-1	6.238274E0
3.584000E3	-6.576009E0	3.206068E-1	5.239443E0
3.585000E3	-6.579971E0	3.206068E-1	5.455394E0
3.586000E3	-6.583932E0	3.206068E-1	6.281731E0
3.587000E3	-6.587893E0	3.206068E-1	5.520597E0
3.588000E3	-6.591855E0	3.206068E-1	4.905239E0
3.589000E3	-6.595816E0	3.206068E-1	4.695934E0
3.590000E3	-6.599777E0	3.206068E-1	5.521348E0
3.591000E3	-6.603739E0	3.206068E-1	6.475159E0
3.592000E3	-6.607700E0	3.206068E-1	5.992137E0
3.593000E3	-6.611661E0	3.206068E-1	5.695961E0
3.594000E3	-6.615623E0	3.206068E-1	4.141226E0
3.595000E3	-6.619584E0	3.206068E-1	4.892937E0
3.596000E3	-6.623545E0	3.206068E-1	4.579641E0
3.597000E3	-6.627507E0	3.206068E-1	5.424731E0
3.598000E3	-6.631468E0	3.206068E-1	6.613956E0
3.599000E3	-6.635429E0	3.206068E-1	5.133139E0
3.600000E3	-6.639391E0	3.206068E-1	4.780080E0
3.601000E3	-6.643352E0	3.206068E-1	6.765567E0
3.602000E3	-6.647313E0	3.206068E-1	6.362313E0
3.603000E3	-6.651275E0	3.206068E-1	5.578887E0
3.604000E3	-6.655236E0	3.206068E-1	6.596568E0
3.605000E3	-6.659198E0	3.206068E-1	5.854150E0
3.606000E3	-6.663159E0	3.206068E-1	4.483937E0
3.607000E3	-6.667120E0	3.206068E-1	5.130368E0
3.608000E3	-6.671082E0	3.206068E-1	6.108506E0
3.609000E3	-6.675043E0	3.206068E-1	5.864879E0
3.610000E3	-6.679004E0	3.206068E-1	5.301953E0
3.611000E3	-6.682966E0	3.206068E-1	4.765878E0
3.612000E3	-6.686927E0	3.206068E-1	4.714304E0
3.613000E3	-6.690888E0	3.206068E-1	4.880196E0
3.614000E3	-6.694850E0	3.206068E-1	6.217621E0
3.615000E3	-6.698811E0	3.206068E-1	5.620597E0
3.616000E3	-6.702772E0	3.206068E-1	4.962175E0
3.617000E3	-6.706734E0	3.206068E-1	5.356570E0
3.618000E3	-6.710695E0	3.206068E-1	4.543700E0
3.619000E3	-6.714656E0	3.206068E-1	4.604986E0
3.620000E3	-6.718618E0	3.206068E-1	4.557291E0
3.621000E3	-6.722579E0	3.206068E-1	5.725039E0
3.622000E3	-6.726540E0	3.206068E-1	5.667938E0
3.623000E3	-6.730502E0	3.206068E-1	5.944958E0
3.624000E3	-6.734463E0	3.206068E-1	5.675681E0
3.625000E3	-6.738425E0	3.206068E-1	6.056440E0
3.626000E3	-6.742386E0	3.206068E-1	6.346751E0
3.627000E3	-6.746347E0	3.206068E-1	5.174478E0
3.628000E3	-6.750309E0	3.206068E-1	5.173215E0
3.629000E3	-6.754270E0	3.206068E-1	4.806925E0
3.630000E3	-6.758231E0	3.206068E-1	6.211172E0
3.631000E3	-6.762193E0	3.206068E-1	5.362979E0
3.632000E3	-6.766154E0	3.206068E-1	5.166708E0
3.633000E3	-6.770115E0	3.206068E-1	6.296130E0
3.634000E3	-6.774077E0	3.206068E-1	5.733637E0
3.635000E3	-6.778038E0	3.206068E-1	5.342867E0
3.636000E3	-6.781999E0	3.206068E-1	6.695048E0
3.637000E3	-6.785961E0	3.206068E-1	5.190523E0
3.638000E3	-6.789922E0	3.206068E-1	5.558751E0
3.639000E3	-6.793883E0	3.206068E-1	6.063701E0
3.640000E3	-6.797845E0	3.206068E-1	5.963321E0
3.641000E3	-6.801806E0	3.206068E-1	5.217608E0
3.642000E3	-6.805768E0	3.206068E-1	4.602703E0
3.643000E3	-6.809729E0	3.206068E-1	5.166223E0
3.644000E3	-6.813690E0	3.206068E-1	4.356916E0
3.645000E3	-6.817652E0	3.206068E-1	5.061605E0
3.646000E3	-6.821613E0	3.206068E-1	4.730533E0
3.647000E3	-6.825574E0	3.206068E-1	4.896490E0
3.648000E3	-6.829536E0	3.206068E-1	4.455343E0
3.649000E3	-6.833497E0	3.206068E-1	5.175692E0
3.650000E3	-6.837458E0	3.206068E-1	5.874920E0
3.651000E3	-6.841420E0	3.206068E-1	4.321616E0
3.652000E3	-6.845381E0	3.206068E-1	3.959745E0
3.653000E3	-6.849342E0	3.206068E-1	5.044819E0
3.654000E3	-6.853304E0	3.206068E-1	5.130757E0
3.655000E3	-6.857265E0	3.206068E-1	5.890941E0
3.656000E3	-6.861226E0	3.206068E-1	5.356236E0
3.657000E3	-6.865188E0	3.206068E-1	4.355892E0
3.658000E3	-6.869149E0	3.206068E-1	4.820900E0
3.659000E3	-6.873110E0	3.206068E-1	5.119890E0
3.660000E3	-6.877072E0	3.206068E-1	4.266380E0
3.661000E3	-6.881033E0	3.206068E-1	5.348683E0
3.662000E3	-6.884995E0	3.206068E-1	5.101682E0
3.663000E3	-6.888956E0	3.206068E-1	4.866796E0
3.664000E3	-6.892917E0	3.206068E-1	5.473784E0
3.665000E3	-6.896879E0	3.206068E-1	4.994017E0
3.666000E3	-6.900840E0	3.206068E-1	5.322835E0
3.667000E3	-6.904801E0	3.206068E-1	4.319046E0
3.668000E3	-6.908763E0	3.206068E-1	3.578916E0
3.669000E3	-6.912724E0	3.206068E-1	3.904679E0
3.670000E3	-6.916685E0	3.206068E-1	4.992581E0
3.671000E3	-6.920647E0	3.206068E-1	5.128582E0
3.672000E3	-6.924608E0	3.206068E-1	5.068912E0
3.673000E3	-6.928569E0	3.206068E-1	5.706100E0
3.674000E3	-6.932531E0	3.206068E-1	5.568515E0
3.675000E3	-6.936492E0	3.206068E-1	5.328873E0
3.676000E3	-6.940453E0	3.206068E-1	5.565758E0
3.677000E3	-6.944415E0	3.206068E-1	4.573478E0
3.678000E3	-6.948376E0	3.206068E-1	5.272953E0
3.679000E3	-6.952337E0	3.206068E-1	5.752580E0
3.680000E3	-6.956299E0	3.206068E-1	5.204105E0
3.681000E3	-6.960260E0	3.206068E-1	5.563925E0
3.682000E3	-6.964222E0	3.206068E-1	3.692404E0
3.683000E3	-6.968183E0	3.206068E-1	5.898120E0
3.684000E3	-6.972144E0	3.206068E-1	5.165558E0
3.685000E3	-6.976106E0	3.206068E-1	5.305869E0
3.686000E3	-6.980067E0	3.206068E-1	5.718566E0
3.687000E3	-6.984028E0	3.206068E-1	6.452285E0
3.688000E3	-6.987990E0	3.206068E-1	5.347080E0
3.689000E3	-6.991951E0	3.206068E-1	5.340751E0
3.690000E3	-6.995912E0	3.206068E-1	4.458991E0
3.691000E3	-6.999874E0	3.206068E-1	4.819938E0
3.692000E3	-7.003835E0	3.206068E-1	4.696616E0
3.693000E3	-7.007796E0	3.206068E-1	5.505085E0
3.694000E3	-7.011758E0	3.206068E-1	5.316464E0
3.695000E3	-7.015719E0	3.206068E-1	5.217250E0
3.696000E3	-7.019680E0	3.206068E-1	5.627750E0
3.697000E3	-7.023642E0	3.206068E-1	5.688895E0
3.698000E3	-7.027603E0	3.206068E-1	6.020795E0
3.699000E3	-7.031565E0	3.206068E-1	5.262997E0
3.700000E3	-7.035526E0	3.206068E-1	5.145710E0
3.701000E3	-7.039487E0	3.206068E-1	4.810081E0
3.702000E3	-7.043449E0	3.206068E-1	4.645036E0
3.703000E3	-7.047410E0	3.206068E-1	4.719471E0
3.704000E3	-7.051371E0	3.206068E-1	4.635225E0
3.705000E3	-7.055333E0	3.206068E-1	5.421592E0
3.706000E3	-7.059294E0	3.206068E-1	4.739320E0
3.707000E3	-7.063255E0	3.206068E-1	5.008711E0
3.708000E3	-7.067217E0	3.206068E-1	5.377609E0
3.709000E3	-7.071178E0	3.206068E-1	4.455236E0
3.710000E3	-7.075139E0	3.206068E-1	4.886292E0
3.711000E3	-7.079101E0	3.206068E-1	5.914010E0
3.712000E3	-7.083062E0	3.206068E-1	5.083416E0
3.713000E3	-7.087023E0	3.206068E-1	5.249683E0
3.714000E3	-7.090985E0	3.206068E-1	6.068609E0
3.715000E3	-7.094946E0	3.206068E-1	5.821802E0
3.716000E3	-7.098907E0	3.206068E-1	4.438063E0
3.717000E3	-7.102869E0	3.206068E-1	4.589935E0
3.718000E3	-7.106830E0	3.206068E-1	4.428710E0
3.719000E3	-7.110792E0	3.206068E-1	4.720859E0
3.720000E3	-7.114753E0	3.206068E-1	4.699071E0
3.721000E3	-7.118714E0	3.206068E-1	5.793516E0
3.722000E3	-7.122676E0	3.206068E-1	6.005802E0
3.723000E3	-7.126637E0	3.206068E-1	5.330337E0
3.724000E3	-7.130598E0	3.206068E-1	4.385364E0
3.725000E3	-7.134560E0	3.206068E-1	4.821980E0
3.726000E3	-7.138521E0	3.206068E-1	4.374341E0
3.727000E3	-7.142482E0	3.206068E-1	3.939681E0
3.728000E3	-7.146444E0	3.206068E-1	5.607743E0
3.729000E3	-7.150405E0	3.206068E-1	6.957492E0
3.730000E3	-7.154366E0	3.206068E-1	6.016466E0
3.731000E3	-7.158328E0	3.206068E-1	5.665589E0
3.732000E3	-7.162289E0	3.206068E-1	5.524111E0
3.733000E3	-7.166250E0	3.206068E-1	5.356696E0
3.734000E3	-7.170212E0	3.206068E-1	5.247647E0
3.735000E3	-7.174173E0	3.206068E-1	5.019640E0
3.736000E3	-7.178134E0	3.206068E-1	4.848422E0
3.737000E3	-7.182096E0	3.206068E-1	4.080047E0
3.738000E3	-7.186057E0	3.206068E-1	4.380850E0
3.739000E3	-7.190019E0	3.206068E-1	5.264868E0
3.740000E3	-7.193980E0	3.206068E-1	4.537401E0
3.741000E3	-7.197941E0	3.206068E-1	4.778226E0
3.742000E3	-7.201903E0	3.206068E-1	3.983699E0
3.743000E3	-7.205864E0	3.206068E-1	5.275459E0
3.744000E3	-7.209825E0	3.206068E-1	5.248860E0
3.745000E3	-7.213787E0	3.206068E-1	5.287396E0
3.746000E3	-7.217748E0	3.206068E-1	4.987540E0
3.747000E3	-7.221709E0	3.206068E-1	5.033802E0
3.748000E3	-7.225671E0	3.206068E-1	5.051574E0
3.749000E3	-7.229632E0	3.206068E-1	5.352552E0
3.750000E3	-7.233593E0	3.206068E-1	5.325254E0
3.751000E3	-7.237555E0	3.206068E-1	4.776006E0
3.752000E3	-7.241516E0	3.206068E-1	5.018124E0
3.753000E3	-7.245477E0	3.206068E-1	4.979450E0
3.754000E3	-7.249439E0	3.206068E-1	4.965899E0
3.755000E3	-7.253400E0	3.206068E-1	4.810736E0
3.756000E3	-7.257362E0	3.206068E-1	5.225974E0
3.757000E3	-7.261323E0	3.206068E-1	5.475069E0
3.758000E3	-7.265284E0	3.206068E-1	4.709834E0
3.759000E3	-7.269246E0	3.206068E-1	4.861301E0
3.760000E3	-7.273207E0	3.206068E-1	5.499881E0
3.761000E3	-7.277168E0	3.206068E-1	5.899974E0
3.762000E3	-7.281130E0	3.206068E-1	5.428930E0
3.763000E3	-7.285091E0	3.206068E-1	5.887305E0
3.764000E3	-7.289052E0	3.206068E-1	4.265728E0
3.765000E3	-7.293014E0	3.206068E-1	3.514572E0
3.766000E3	-7.296975E0	3.206068E-1	3.535222E0
3.767000E3	-7.300936E0	3.206068E-1	4.433681E0
3.768000E3	-7.304898E0	3.206068E-1	3.973732E0
3.769000E3	-7.308859E0	3.206068E-1	4.614938E0
3.770000E3	-7.312820E0	3.206068E-1	4.395205E0
3.771000E3	-7.316782E0	3.206068E-1	4.147712E0
3.772000E3	-7.320743E0	3.206068E-1	4.408438E0
3.773000E3	-7.324704E0	3.206068E-1	4.898394E0
3.774000E3	-7.328666E0	3.206068E-1	4.511955E0
3.775000E3	-7.332627E0	3.206068E-1	3.996693E0
3.776000E3	-7.336589E0	3.206068E-1	4.458032E0
3.777000E3	-7.340550E0	3.206068E-1	4.326906E0
3.778000E3	-7.344511E0	3.206068E-1	4.516681E0
3.779000E3	-7.348473E0	3.206068E-1	4.754187E0
3.780000E3	-7.352434E0	3.206068E-1	4.797400E0
3.781000E3	-7.356395E0	3.206068E-1	4.200478E0
3.782000E3	-7.360357E0	3.206068E-1	4.586886E0
3.783000E3	-7.364318E0	3.206068E-1	4.452797E0
3.784000E3	-7.368279E0	3.206068E-1	4.382715E0
3.785000E3	-7.372241E0	3.206068E-1	5.464776E0
3.786000E3	-7.376202E0	3.206068E-1	5.831457E0
3.787000E3	-7.380163E0	3.206068E-1	4.675862E0
3.788000E3	-7.384125E0	3.206068E-1	4.526044E0
3.789000E3	-7.388086E0	3.206068E-1	5.138458E0
3.790000E3	-7.392047E0	3.206068E-1	4.829637E0
3.791000E3	-7.396009E0	3.206068E-1	4.622304E0
3.792000E3	-7.399970E0	3.206068E-1	4.328017E0
3.793000E3	-7.403931E0	3.206068E-1	3.822132E0
3.794000E3	-7.407893E0	3.206068E-1	4.672222E0
3.795000E3	-7.411854E0	3.206068E-1	4.734882E0
3.796000E3	-7.415816E0	3.206068E-1	4.354997E0
3.797000E3	-7.419777E0	3.206068E-1	4.081423E0
3.798000E3	-7.423738E0	3.206068E-1	5.667974E0
3.799000E3	-7.427700E0	3.206068E-1	5.062293E0
3.800000E3	-7.431661E0	3.206068E-1	4.248964E0
3.801000E3	-7.435622E0	3.206068E-1	5.364513E0
3.802000E3	-7.439584E0	3.206068E-1	5.431765E0
3.803000E3	-7.443545E0	3.206068E-1	4.995637E0
3.804000E3	-7.447506E0	3.206068E-1	4.793467E0
3.805000E3	-7.451468E0	3.206068E-1	4.595680E0
3.806000E3	-7.455429E0	3.206068E-1	4.949532E0
3.807000E3	-7.459390E0	3.206068E-1	4.256823E0
3.808000E3	-7.463352E0	3.206068E-1	4.601534E0
3.809000E3	-7.467313E0	3.206068E-1	4.821018E0
3.810000E3	-7.471274E0	3.206068E-1	4.961502E0
3.811000E3	-7.475236E0	3.206068E-1	5.045996E0
3.812000E3	-7.479197E0	3.206068E-1	5.271510E0
3.813000E3	-7.483159E0	3.206068E-1	5.560980E0
3.814000E3	-7.487120E0	3.206068E-1	4.777800E0
3.815000E3	-7.491081E0	3.206068E-1	4.853348E0
3.816000E3	-7.495043E0	3.206068E-1	5.193952E0
3.817000E3	-7.499004E0	3.206068E-1	5.299211E0
3.818000E3	-7.502965E0	3.206068E-1	5.449291E0
3.819000E3	-7.506927E0	3.206068E-1	4.894264E0
3.820000E3	-7.510888E0	3.206068E-1	4.465389E0
3.821000E3	-7.514849E0	3.206068E-1	5.244256E0
3.822000E3	-7.518811E0	3.206068E-1	4.335373E0
3.823000E3	-7.522772E0	3.206068E-1	3.647559E0
3.824000E3	-7.526733E0	3.206068E-1	3.937006E0
3.825000E3	-7.530695E0	3.206068E-1	4.483127E0
3.826000E3	-7.534656E0	3.206068E-1	5.085807E0
3.827000E3	-7.538617E0	3.206068E-1	4.239258E0
3.828000E3	-7.542579E0	3.206068E-1	4.952017E0
3.829000E3	-7.546540E0	3.206068E-1	4.640288E0
3.830000E3	-7.550501E0	3.206068E-1	5.480489E0
3.831000E3	-7.554463E0	3.206068E-1	5.608581E0
3.832000E3	-7.558424E0	3.206068E-1	4.970556E0
3.833000E3	-7.562386E0	3.206068E-1	4.724736E0
3.834000E3	-7.566347E0	3.206068E-1	4.663771E0
3.835000E3	-7.570308E0	3.206068E-1	5.236661E0
3.836000E3	-7.574270E0	3.206068E-1	4.849824E0
3.837000E3	-7.578231E0	3.206068E-1	5.210774E0
3.838000E3	-7.582192E0	3.206068E-1	5.591902E0
3.839000E3	-7.586154E0	3.206068E-1	5.768385E0
3.840000E3	-7.590115E0	3.206068E-1	5.331339E0
3.841000E3	-7.594076E0	3.206068E-1	5.326979E0
3.842000E3	-7.598038E0	3.206068E-1	5.509076E0
3.843000E3	-7.601999E0	3.206068E-1	4.176371E0
3.844000E3	-7.605960E0	3.206068E-1	4.536326E0
3.845000E3	-7.609922E0	3.206068E-1	5.625920E0
3.846000E3	-7.613883E0	3.206068E-1	4.912404E0
3.847000E3	-7.617844E0	3.206068E-1	3.333884E0
3.848000E3	-7.621806E0	3.206068E-1	4.104558E0
3.849000E3	-7.625767E0	3.206068E-1	4.007059E0
3.850000E3	-7.629728E0	3.206068E-1	4.164923E0
3.851000E3	-7.633690E0	3.206068E-1	5.281314E0
3.852000E3	-7.637651E0	3.206068E-1	5.084277E0
3.853000E3	-7.641613E0	3.206068E-1	4.517282E0
3.854000E3	-7.645574E0	3.206068E-1	4.730393E0
3.855000E3	-7.649535E0	3.206068E-1	5.092858E0
3.856000E3	-7.653497E0	3.206068E-1	4.159765E0
3.857000E3	-7.657458E0	3.206068E-1	4.270111E0
3.858000E3	-7.661419E0	3.206068E-1	4.774049E0
3.859000E3	-7.665381E0	3.206068E-1	5.151017E0
3.860000E3	-7.669342E0	3.206068E-1	5.337919E0
3.861000E3	-7.673303E0	3.206068E-1	4.857470E0
3.862000E3	-7.677265E0	3.206068E-1	5.235005E0
3.863000E3	-7.681226E0	3.206068E-1	5.462714E0
3.864000E3	-7.685187E0	3.206068E-1	4.755177E0
3.865000E3	-7.689149E0	3.206068E-1	4.926279E0
3.866000E3	-7.693110E0	3.206068E-1	5.463144E0
3.867000E3	-7.697071E0	3.206068E-1	5.071896E0
3.868000E3	-7.701033E0	3.206068E-1	5.011276E0
3.869000E3	-7.704994E0	3.206068E-1	5.324166E0
3.870000E3	-7.708955E0	3.206068E-1	5.212321E0
3.871000E3	-7.712917E0	3.206068E-1	5.655365E0
3.872000E3	-7.716878E0	3.206068E-1	4.743887E0
3.873000E3	-7.720840E0	3.206068E-1	3.773610E0
3.874000E3	-7.724801E0	3.206068E-1	3.762771E0
3.875000E3	-7.728762E0	3.206068E-1	4.709978E0
3.876000E3	-7.732724E0	3.206068E-1	4.197394E0
3.877000E3	-7.736685E0	3.206068E-1	4.301156E0
3.878000E3	-7.740646E0	3.206068E-1	4.973426E0
3.879000E3	-7.744608E0	3.206068E-1	4.582626E0
3.880000E3	-7.748569E0	3.206068E-1	5.075666E0
3.881000E3	-7.752530E0	3.206068E-1	4.899448E0
3.882000E3	-7.756492E0	3.206068E-1	4.469908E0
3.883000E3	-7.760453E0	3.206068E-1	3.904924E0
3.884000E3	-7.764414E0	3.206068E-1	4.284854E0
3.885000E3	-7.768376E0	3.206068E-1	4.362795E0
3.886000E3	-7.772337E0	3.206068E-1	4.574736E0
3.887000E3	-7.776298E0	3.206068E-1	5.343672E0
3.888000E3	-7.780260E0	3.206068E-1	4.997138E0
3.889000E3	-7.784221E0	3.206068E-1	4.827646E0
3.890000E3	-7.788183E0	3.206068E-1	4.828682E0
3.891000E3	-7.792144E0	3.206068E-1	5.270526E0
3.892000E3	-7.796105E0	3.206068E-1	4.904590E0
3.893000E3	-7.800067E0	3.206068E-1	4.666703E0
3.894000E3	-7.804028E0	3.206068E-1	3.970240E0
3.895000E3	-7.807989E0	3.206068E-1	4.226519E0
3.896000E3	-7.811951E0	3.206068E-1	4.617663E0
3.897000E3	-7.815912E0	3.206068E-1	4.892934E0
3.898000E3	-7.819873E0	3.206068E-1	3.176344E0
3.899000E3	-7.823835E0	3.206068E-1	5.594907E0
3.900000E3	-7.827796E0	3.206068E-1	5.183871E0
3.901000E3	-7.831757E0	3.206068E-1	4.130533E0
3.902000E3	-7.835719E0	3.206068E-1	4.341868E0
3.903000E3	-7.839680E0	3.206068E-1	4.726681E0
3.904000E3	-7.843641E0	3.206068E-1	4.980683E0
3.905000E3	-7.847603E0	3.206068E-1	5.951997E0
3.906000E3	-7.851564E0	3.206068E-1	4.922801E0
3.907000E3	-7.855525E0	3.206068E-1	4.745647E0
3.908000E3	-7.859487E0	3.206068E-1	4.567444E0
3.909000E3	-7.863448E0	3.206068E-1	4.737983E0
3.910000E3	-7.867410E0	3.206068E-1	4.435648E0
3.911000E3	-7.871371E0	3.206068E-1	5.132075E0
3.912000E3	-7.875332E0	3.206068E-1	5.067174E0
3.913000E3	-7.879294E0	3.206068E-1	4.772130E0
3.914000E3	-7.883255E0	3.206068E-1	4.179746E0
3.915000E3	-7.887216E0	3.206068E-1	3.667492E0
3.916000E3	-7.891178E0	3.206068E-1	4.906107E0
3.917000E3	-7.895139E0	3.206068E-1	5.397340E0
3.918000E3	-7.899100E0	3.206068E-1	4.879045E0
3.919000E3	-7.903062E0	3.206068E-1	4.023454E0
3.920000E3	-7.907023E0	3.206068E-1	4.566901E0
3.921000E3	-7.910984E0	3.206068E-1	4.154322E0
3.922000E3	-7.914946E0	3.206068E-1	4.512177E0
3.923000E3	-7.918907E0	3.206068E-1	4.322942E0
3.924000E3	-7.922868E0	3.206068E-1	4.521362E0
3.925000E3	-7.926830E0	3.206068E-1	4.881279E0
3.926000E3	-7.930791E0	3.206068E-1	5.459450E0
3.927000E3	-7.934752E0	3.206068E-1	5.497651E0
3.928000E3	-7.938714E0	3.206068E-1	4.863414E0
3.929000E3	-7.942675E0	3.206068E-1	3.067839E0
3.930000E3	-7.946637E0	3.206068E-1	3.709922E0
3.931000E3	-7.950598E0	3.206068E-1	4.831586E0
3.932000E3	-7.954559E0	3.206068E-1	4.459899E0
3.933000E3	-7.958521E0	3.206068E-1	4.595623E0
3.934000E3	-7.962482E0	3.206068E-1	4.926048E0
3.935000E3	-7.966443E0	3.206068E-1	3.876905E0
3.936000E3	-7.970405E0	3.206068E-1	3.637811E0
3.937000E3	-7.974366E0	3.206068E-1	4.164850E0
3.938000E3	-7.978327E0	3.206068E-1	4.044565E0
3.939000E3	-7.982289E0	3.206068E-1	4.854065E0
3.940000E3	-7.986250E0	3.206068E-1	4.049762E0
3.941000E3	-7.990211E0	3.206068E-1	3.407453E0
3.942000E3	-7.994173E0	3.206068E-1	4.255420E0
3.943000E3	-7.998134E0	3.206068E-1	4.462829E0
3.944000E3	-8.002095E0	3.206068E-1	4.327429E0
3.945000E3	-8.006057E0	3.206068E-1	3.799621E0
3.946000E3	-8.010018E0	3.206068E-1	3.868363E0
3.947000E3	-8.013980E0	3.206068E-1	4.053911E0
3.948000E3	-8.017941E0	3.206068E-1	3.738476E0
3.949000E3	-8.021902E0	3.206068E-1	3.721902E0
3.950000E3	-8.025864E0	3.206068E-1	4.670154E0
3.951000E3	-8.029825E0	3.206068E-1	4.298629E0
3.952000E3	-8.033786E0	3.206068E-1	4.236714E0
3.953000E3	-8.037748E0	3.206068E-1	5.128754E0
3.954000E3	-8.041709E0	3.206068E-1	4.654710E0
3.955000E3	-8.045670E0	3.206068E-1	3.677675E0
3.956000E3	-8.049632E0	3.206068E-1	3.636044E0
3.957000E3	-8.053593E0	3.206068E-1	3.887538E0
3.958000E3	-8.057554E0	3.206068E-1	4.271162E0
3.959000E3	-8.061516E0	3.206068E-1	4.378896E0
3.960000E3	-8.065477E0	3.206068E-1	4.533053E0
3.961000E3	-8.069438E0	3.206068E-1	5.298261E0
3.962000E3	-8.073400E0	3.206068E-1	5.009895E0
3.963000E3	-8.077361E0	3.206068E-1	5.819902E0
3.964000E3	-8.081322E0	3.206068E-1	6.270861E0
3.965000E3	-8.085284E0	3.206068E-1	5.928389E0
3.966000E3	-8.089245E0	3.206068E-1	5.743481E0
3.967000E3	-8.093207E0	3.206068E-1	4.569986E0
3.968000E3	-8.097168E0	3.206068E-1	4.310750E0
3.969000E3	-8.101129E0	3.206068E-1	4.781795E0
3.970000E3	-8.105091E0	3.206068E-1	4.800999E0
3.971000E3	-8.109052E0	3.206068E-1	4.140691E0
3.972000E3	-8.113013E0	3.206068E-1	3.891003E0
3.973000E3	-8.116975E0	3.206068E-1	4.604421E0
3.974000E3	-8.120936E0	3.206068E-1	4.758549E0
3.975000E3	-8.124897E0	3.206068E-1	4.699540E0
3.976000E3	-8.128859E0	3.206068E-1	4.275096E0
3.977000E3	-8.132820E0	3.206068E-1	4.282989E0
3.978000E3	-8.136781E0	3.206068E-1	3.652621E0
3.979000E3	-8.140743E0	3.206068E-1	3.625700E0
3.980000E3	-8.144704E0	3.206068E-1	4.880055E0
3.981000E3	-8.148665E0	3.206068E-1	4.777351E0
3.982000E3	-8.152627E0	3.206068E-1	4.510250E0
3.983000E3	-8.156588E0	3.206068E-1	5.389729E0
3.984000E3	-8.160549E0	3.206068E-1	4.233429E0
3.985000E3	-8.164511E0	3.206068E-1	4.207578E0
3.986000E3	-8.168472E0	3.206068E-1	4.530816E0
3.987000E3	-8.172434E0	3.206068E-1	3.782015E0
3.988000E3	-8.176395E0	3.206068E-1	3.802942E0
3.989000E3	-8.180356E0	3.206068E-1	3.396542E0
3.990000E3	-8.184318E0	3.206068E-1	3.198402E0
3.991000E3	-8.188279E0	3.206068E-1	3.459061E0
3.992000E3	-8.192240E0	3.206068E-1	4.977507E0
3.993000E3	-8.196202E0	3.206068E-1	5.008834E0
3.994000E3	-8.200163E0	3.206068E-1	4.164974E0
3.995000E3	-8.204124E0	3.206068E-1	3.108945E0
3.996000E3	-8.208086E0	3.206068E-1	4.032248E0
3.997000E3	-8.212047E0	3.206068E-1	3.757101E0
3.998000E3	-8.216008E0	3.206068E-1	4.381795E0
3.999000E3	-8.219970E0	3.206068E-1	4.770114E0
4.000000E3	-8.223931E0	3.206068E-1	4.035712E0
4.001000E3	-8.227892E0	3.206068E-1	4.597305E0
4.002000E3	-8.231854E0	3.206068E-1	3.757372E0
4.003000E3	-8.235815E0	3.206068E-1	3.075710E0
4.004000E3	-8.239777E0	3.206068E-1	3.732300E0
4.005000E3	-8.243738E0	3.206068E-1	3.940718E0
4.006000E3	-8.247699E0	3.206068E-1	4.751647E0
4.007000E3	-8.251661E0	3.206068E-1	4.575147E0
4.008000E3	-8.255622E0	3.206068E-1	5.003671E0
4.009000E3	-8.259583E0	3.206068E-1	3.796606E0
4.010000E3	-8.263545E0	3.206068E-1	4.045199E0
4.011000E3	-8.267506E0	3.206068E-1	4.537361E0
4.012000E3	-8.271467E0	3.206068E-1	4.884611E0
4.013000E3	-8.275429E0	3.206068E-1	4.728647E0
4.014000E3	-8.279390E0	3.206068E-1	4.008374E0
4.015000E3	-8.283351E0	3.206068E-1	4.986489E0
4.016000E3	-8.287313E0	3.206068E-1	4.816410E0
4.017000E3	-8.291274E0	3.206068E-1	5.048063E0
4.018000E3	-8.295235E0	3.206068E-1	4.808266E0
4.019000E3	-8.299197E0	3.206068E-1	4.029838E0
4.020000E3	-8.303158E0	3.206068E-1	3.255350E0
4.021000E3	-8.307119E0	3.206068E-1	3.306706E0
4.022000E3	-8.311081E0	3.206068E-1	4.925932E0
4.023000E3	-8.315042E0	3.206068E-1	4.707305E0
4.024000E3	-8.319004E0	3.206068E-1	4.239894E0
4.025000E3	-8.322965E0	3.206068E-1	4.340781E0
4.026000E3	-8.326926E0	3.206068E-1	3.767961E0
4.027000E3	-8.330888E0	3.206068E-1	4.181150E0
4.028000E3	-8.334849E0	3.206068E-1	4.729677E0
4.029000E3	-8.338810E0	3.206068E-1	3.852559E0
4.030000E3	-8.342772E0	3.206068E-1	4.032948E0
4.031000E3	-8.346733E0	3.206068E-1	4.933889E0
4.032000E3	-8.350694E0	3.206068E-1	3.589558E0
4.033000E3	-8.354656E0	3.206068E-1	4.596783E0
4.034000E3	-8.358617E0	3.206068E-1	4.195893E0
4.035000E3	-8.362578E0	3.206068E-1	3.363107E0
4.036000E3	-8.366540E0	3.206068E-1	4.809890E0
4.037000E3	-8.370501E0	3.206068E-1	4.705204E0
4.038000E3	-8.374462E0	3.206068E-1	3.807971E0
4.039000E3	-8.378424E0	3.206068E-1	3.845256E0
4.040000E3	-8.382385E0	3.206068E-1	4.466987E0
4.041000E3	-8.386346E0	3.206068E-1	4.376070E0
4.042000E3	-8.390308E0	3.206068E-1	4.208742E0
4.043000E3	-8.394269E0	3.206068E-1	4.041140E0
4.044000E3	-8.398231E0	3.206068E-1	4.181847E0
4.045000E3	-8.402192E0	3.206068E-1	4.345870E0
4.046000E3	-8.406153E0	3.206068E-1	4.237630E0
4.047000E3	-8.410115E0	3.206068E-1	3.950739E0
4.048000E3	-8.414076E0	3.206068E-1	4.683472E0
4.049000E3	-8.418037E0	3.206068E-1	3.844620E0
4.050000E3	-8.421999E0	3.206068E-1	4.311642E0
4.051000E3	-8.425960E0	3.206068E-1	4.823931E0
4.052000E3	-8.429921E0	3.206068E-1	4.179461E0
4.053000E3	-8.433883E0	3.206068E-1	4.181947E0
4.054000E3	-8.437844E0	3.206068E-1	4.458259E0
4.055000E3	-8.441805E0	3.206068E-1	4.835564E0
4.056000E3	-8.445767E0	3.206068E-1	4.416523E0
4.057000E3	-8.449728E0	3.206068E-1	4.137089E0
4.058000E3	-8.453689E0	3.206068E-1	4.491498E0
4.059000E3	-8.457651E0	3.206068E-1	4.596120E0
4.060000E3	-8.461612E0	3.206068E-1	3.949739E0
4.061000E3	-8.465574E0	3.206068E-1	3.912393E0
4.062000E3	-8.469535E0	3.206068E-1	3.910084E0
4.063000E3	-8.473496E0	3.206068E-1	4.249765E0
4.064000E3	-8.477458E0	3.206068E-1	3.742696E0
4.065000E3	-8.481419E0	3.206068E-1	3.757435E0
4.066000E3	-8.485380E0	3.206068E-1	3.933163E0
4.067000E3	-8.489342E0	3.206068E-1	3.930380E0
4.068000E3	-8.493303E0	3.206068E-1	3.986196E0
4.069000E3	-8.497264E0	3.206068E-1	4.244076E0
4.070000E3	-8.501226E0	3.206068E-1	3.858251E0
4.071000E3	-8.505187E0	3.206068E-1	4.317054E0
4.072000E3	-8.509148E0	3.206068E-1	4.620649E0
4.073000E3	-8.513110E0	3.206068E-1	3.814446E0
4.074000E3	-8.517071E0	3.206068E-1	4.832252E0
4.075000E3	-8.521032E0	3.206068E-1	4.532522E0
4.076000E3	-8.524994E0	3.206068E-1	4.613099E0
4.077000E3	-8.528955E0	3.206068E-1	5.081873E0
4.078000E3	-8.532916E0	3.206068E-1	4.075274E0
4.079000E3	-8.536878E0	3.206068E-1	4.058282E0
4.080000E3	-8.540839E0	3.206068E-1	3.856433E0
4.081000E3	-8.544801E0	3.206068E-1	3.368230E0
4.082000E3	-8.548762E0	3.206068E-1	3.879866E0
4.083000E3	-8.552723E0	3.206068E-1	4.253850E0
4.084000E3	-8.556685E0	3.206068E-1	4.286144E0
4.085000E3	-8.560646E0	3.206068E-1	4.167621E0
4.086000E3	-8.564607E0	3.206068E-1	4.106159E0
4.087000E3	-8.568569E0	3.206068E-1	4.169927E0
4.088000E3	-8.572530E0	3.206068E-1	4.477041E0
4.089000E3	-8.576491E0	3.206068E-1	3.681712E0
4.090000E3	-8.580453E0	3.206068E-1	3.259888E0
4.091000E3	-8.584414E0	3.206068E-1	4.503692E0
4.092000E3	-8.588375E0	3.206068E-1	4.542002E0
4.093000E3	-8.592337E0	3.206068E-1	4.484502E0
4.094000E3	-8.596298E0	3.206068E-1	4.541747E0
4.095000E3	-8.600259E0	3.206068E-1	5.266671E0
