	profile_A
n	x	y	luma
0.000000E0	5.926215E0	-7.067678E-3	1.124046E1
1.000000E0	5.923126E0	-7.067678E-3	1.203250E1
2.000000E0	5.920038E0	-7.067678E-3	1.001378E1
3.000000E0	5.916949E0	-7.067678E-3	9.125384E0
4.000000E0	5.913860E0	-7.067678E-3	9.339507E0
5.000000E0	5.910771E0	-7.067678E-3	8.656811E0
6.000000E0	5.907682E0	-7.067678E-3	1.068715E1
7.000000E0	5.904593E0	-7.067678E-3	1.129471E1
8.000000E0	5.901505E0	-7.067678E-3	1.071588E1
9.000000E0	5.898416E0	-7.067678E-3	1.017203E1
1.000000E1	5.895327E0	-7.067678E-3	9.894178E0
1.100000E1	5.892238E0	-7.067678E-3	1.085590E1
1.200000E1	5.889149E0	-7.067678E-3	1.152889E1
1.300000E1	5.886061E0	-7.067678E-3	1.245142E1
1.400000E1	5.882972E0	-7.067678E-3	1.258662E1
1.500000E1	5.879883E0	-7.067678E-3	1.004941E1
1.600000E1	5.876794E0	-7.067678E-3	9.237590E0
1.700000E1	5.873705E0	-7.067678E-3	1.164174E1
1.800000E1	5.870616E0	-7.067678E-3	1.056947E1
1.900000E1	5.867528E0	-7.067678E-3	8.909023E0
2.000000E1	5.864439E0	-7.067678E-3	9.613615E0
2.100000E1	5.861350E0	-7.067678E-3	9.911800E0
2.200000E1	5.858261E0	-7.067678E-3	8.707832E0
2.300000E1	5.855172E0	-7.067678E-3	8.428236E0
2.400000E1	5.852084E0	-7.067678E-3	1.011005E1
2.500000E1	5.848995E0	-7.067678E-3	1.017202E1
2.600000E1	5.845906E0	-7.067678E-3	9.035585E0
2.700000E1	5.842817E0	-7.067678E-3	1.160007E1
2.800000E1	5.839728E0	-7.067678E-3	9.213309E0
2.900000E1	5.836639E0	-7.067678E-3	1.071221E1
3.000000E1	5.833551E0	-7.067678E-3	1.147190E1
3.100000E1	5.830462E0	-7.067678E-3	1.108008E1
3.200000E1	5.827373E0	-7.067678E-3	8.792507E0
3.300000E1	5.824284E0	-7.067678E-3	8.036161E0
3.400000E1	5.821195E0	-7.067678E-3	9.369314E0
3.500000E1	5.818106E0	-7.067678E-3	1.126094E1
3.600000E1	5.815018E0	-7.067678E-3	1.178109E1
3.700000E1	5.811929E0	-7.067678E-3	1.158510E1
3.800000E1	5.808840E0	-7.067678E-3	9.255327E0
3.900000E1	5.805751E0	-7.067678E-3	9.891735E0
4.000000E1	5.802662E0	-7.067678E-3	8.580698E0
4.100000E1	5.799574E0	-7.067678E-3	8.663730E0
4.200000E1	5.796485E0	-7.067678E-3	8.372807E0
4.300000E1	5.793396E0	-7.067678E-3	9.412157E0
4.400000E1	5.790307E0	-7.067678E-3	1.067255E1
4.500000E1	5.787218E0	-7.067678E-3	8.050009E0
4.600000E1	5.784129E0	-7.067678E-3	8.918159E0
4.700000E1	5.781041E0	-7.067678E-3	9.310938E0
4.800000E1	5.777952E0	-7.067678E-3	9.810519E0
4.900000E1	5.774863E0	-7.067678E-3	1.031196E1
5.000000E1	5.771774E0	-7.067678E-3	1.168701E1
5.100000E1	5.768685E0	-7.067678E-3	9.528801E0
5.200000E1	5.765597E0	-7.067678E-3	8.006221E0
5.300000E1	5.762508E0	-7.067678E-3	8.792943E0
5.400000E1	5.759419E0	-7.067678E-3	9.342979E0
5.500000E1	5.756330E0	-7.067678E-3	1.065917E1
5.600000E1	5.753241E0	-7.067678E-3	1.173976E1
5.700000E1	5.750152E0	-7.067678E-3	1.069102E1
5.800000E1	5.747064E0	-7.067678E-3	8.831129E0
5.900000E1	5.743975E0	-7.067678E-3	1.036428E1
6.000000E1	5.740886E0	-7.067678E-3	1.043215E1
6.100000E1	5.737797E0	-7.067678E-3	9.487557E0
6.200000E1	5.734708E0	-7.067678E-3	1.044050E1
6.300000E1	5.731620E0	-7.067678E-3	9.649552E0
6.400000E1	5.728531E0	-7.067678E-3	1.072366E1
6.500000E1	5.725442E0	-7.067678E-3	9.250030E0
6.600000E1	5.722353E0	-7.067678E-3	9.580478E0
6.700000E1	5.719264E0	-7.067678E-3	9.489981E0
6.800000E1	5.716175E0	-7.067678E-3	1.099675E1
6.900000E1	5.713087E0	-7.067678E-3	1.049609E1
7.000000E1	5.709998E0	-7.067678E-3	7.979836E0
7.100000E1	5.706909E0	-7.067678E-3	7.940980E0
7.200000E1	5.703820E0	-7.067678E-3	6.560689E0
7.300000E1	5.700731E0	-7.067678E-3	9.183013E0
7.400000E1	5.697643E0	-7.067678E-3	1.038460E1
7.500000E1	5.694554E0	-7.067678E-3	9.156997E0
7.600000E1	5.691465E0	-7.067678E-3	8.823755E0
7.700000E1	5.688376E0	-7.067678E-3	1.127332E1
7.800000E1	5.685287E0	-7.067678E-3	1.032995E1
7.900000E1	5.682198E0	-7.067678E-3	8.248676E0
8.000000E1	5.679110E0	-7.067678E-3	8.835817E0
8.100000E1	5.676021E0	-7.067678E-3	9.398245E0
8.200000E1	5.672932E0	-7.067678E-3	1.072798E1
8.300000E1	5.669843E0	-7.067678E-3	1.001472E1
8.400000E1	5.666754E0	-7.067678E-3	8.723200E0
8.500000E1	5.663666E0	-7.067678E-3	9.854048E0
8.600000E1	5.660577E0	-7.067678E-3	9.126053E0
8.700000E1	5.657488E0	-7.067678E-3	1.117467E1
8.800000E1	5.654399E0	-7.067678E-3	1.225784E1
8.900000E1	5.651310E0	-7.067678E-3	1.109605E1
9.000000E1	5.648221E0	-7.067678E-3	1.055738E1
9.100000E1	5.645133E0	-7.067678E-3	1.153291E1
9.200000E1	5.642044E0	-7.067678E-3	9.358084E0
9.300000E1	5.638955E0	-7.067678E-3	9.590785E0
9.400000E1	5.635866E0	-7.067678E-3	8.849051E0
9.500000E1	5.632777E0	-7.067678E-3	9.808891E0
9.600000E1	5.629689E0	-7.067678E-3	9.352291E0
9.700000E1	5.626600E0	-7.067678E-3	1.057732E1
9.800000E1	5.623511E0	-7.067678E-3	1.014980E1
9.900000E1	5.620422E0	-7.067678E-3	1.083353E1
1.000000E2	5.617333E0	-7.067678E-3	8.901973E0
1.010000E2	5.614244E0	-7.067678E-3	8.507116E0
1.020000E2	5.611156E0	-7.067678E-3	8.276440E0
1.030000E2	5.608067E0	-7.067678E-3	1.065114E1
1.040000E2	5.604978E0	-7.067678E-3	9.331780E0
1.050000E2	5.601889E0	-7.067678E-3	8.387898E0
1.060000E2	5.598800E0	-7.067678E-3	9.565039E0
1.070000E2	5.595712E0	-7.067678E-3	8.741227E0
1.080000E2	5.592623E0	-7.067678E-3	8.870798E0
1.090000E2	5.589534E0	-7.067678E-3	1.102605E1
1.100000E2	5.586445E0	-7.067678E-3	9.069975E0
1.110000E2	5.583356E0	-7.067678E-3	8.413712E0
1.120000E2	5.580267E0	-7.067678E-3	1.113411E1
1.130000E2	5.577179E0	-7.067678E-3	1.052911E1
1.140000E2	5.574090E0	-7.067678E-3	8.510695E0
1.150000E2	5.571001E0	-7.067678E-3	1.063242E1
1.160000E2	5.567912E0	-7.067678E-3	1.021149E1
1.170000E2	5.564823E0	-7.067678E-3	1.082703E1
1.180000E2	5.561735E0	-7.067678E-3	9.249322E0
1.190000E2	5.558646E0	-7.067678E-3	1.173971E1
1.200000E2	5.555557E0	-7.067678E-3	9.009703E0
1.210000E2	5.552468E0	-7.067678E-3	1.051813E1
1.220000E2	5.549379E0	-7.067678E-3	1.033861E1
1.230000E2	5.546290E0	-7.067678E-3	9.420186E0
1.240000E2	5.543202E0	-7.067678E-3	9.271527E0
1.250000E2	5.540113E0	-7.067678E-3	9.676623E0
1.260000E2	5.537024E0	-7.067678E-3	8.442607E0
1.270000E2	5.533935E0	-7.067678E-3	9.306326E0
1.280000E2	5.530846E0	-7.067678E-3	1.020286E1
1.290000E2	5.527758E0	-7.067678E-3	9.438208E0
1.300000E2	5.524669E0	-7.067678E-3	8.657973E0
1.310000E2	5.521580E0	-7.067678E-3	9.505209E0
1.320000E2	5.518491E0	-7.067678E-3	9.492936E0
1.330000E2	5.515402E0	-7.067678E-3	9.861420E0
1.340000E2	5.512313E0	-7.067678E-3	8.011733E0
1.350000E2	5.509225E0	-7.067678E-3	9.483829E0
1.360000E2	5.506136E0	-7.067678E-3	1.139002E1
1.370000E2	5.503047E0	-7.067678E-3	9.228179E0
1.380000E2	5.499958E0	-7.067678E-3	1.077006E1
1.390000E2	5.496869E0	-7.067678E-3	1.099036E1
1.400000E2	5.493781E0	-7.067678E-3	9.245508E0
1.410000E2	5.490692E0	-7.067678E-3	1.153218E1
1.420000E2	5.487603E0	-7.067678E-3	1.121265E1
1.430000E2	5.484514E0	-7.067678E-3	1.259594E1
1.440000E2	5.481425E0	-7.067678E-3	1.136812E1
1.450000E2	5.478336E0	-7.067678E-3	1.253319E1
1.460000E2	5.475248E0	-7.067678E-3	1.060106E1
1.470000E2	5.472159E0	-7.067678E-3	1.093121E1
1.480000E2	5.469070E0	-7.067678E-3	1.072849E1
1.490000E2	5.465981E0	-7.067678E-3	1.047290E1
1.500000E2	5.462892E0	-7.067678E-3	1.072430E1
1.510000E2	5.459804E0	-7.067678E-3	9.971588E0
1.520000E2	5.456715E0	-7.067678E-3	8.885340E0
1.530000E2	5.453626E0	-7.067678E-3	1.134154E1
1.540000E2	5.450537E0	-7.067678E-3	1.027665E1
1.550000E2	5.447448E0	-7.067678E-3	1.196741E1
1.560000E2	5.444359E0	-7.067678E-3	9.825503E0
1.570000E2	5.441271E0	-7.067678E-3	9.219097E0
1.580000E2	5.438182E0	-7.067678E-3	9.450284E0
1.590000E2	5.435093E0	-7.067678E-3	1.036461E1
1.600000E2	5.432004E0	-7.067678E-3	1.153522E1
1.610000E2	5.428915E0	-7.067678E-3	1.203348E1
1.620000E2	5.425827E0	-7.067678E-3	1.003183E1
1.630000E2	5.422738E0	-7.067678E-3	1.180343E1
1.640000E2	5.419649E0	-7.067678E-3	9.627447E0
1.650000E2	5.416560E0	-7.067678E-3	9.777175E0
1.660000E2	5.413471E0	-7.067678E-3	1.073581E1
1.670000E2	5.410382E0	-7.067678E-3	1.071141E1
1.680000E2	5.407294E0	-7.067678E-3	1.265941E1
1.690000E2	5.404205E0	-7.067678E-3	1.259407E1
1.700000E2	5.401116E0	-7.067678E-3	1.094576E1
1.710000E2	5.398027E0	-7.067678E-3	9.605800E0
1.720000E2	5.394938E0	-7.067678E-3	1.178288E1
1.730000E2	5.391850E0	-7.067678E-3	1.198456E1
1.740000E2	5.388761E0	-7.067678E-3	1.014278E1
1.750000E2	5.385672E0	-7.067678E-3	1.063052E1
1.760000E2	5.382583E0	-7.067678E-3	9.534697E0
1.770000E2	5.379494E0	-7.067678E-3	1.103641E1
1.780000E2	5.376405E0	-7.067678E-3	1.144469E1
1.790000E2	5.373317E0	-7.067678E-3	1.078769E1
1.800000E2	5.370228E0	-7.067678E-3	1.113318E1
1.810000E2	5.367139E0	-7.067678E-3	1.127284E1
1.820000E2	5.364050E0	-7.067678E-3	1.119391E1
1.830000E2	5.360961E0	-7.067678E-3	9.567686E0
1.840000E2	5.357873E0	-7.067678E-3	6.751891E0
1.850000E2	5.354784E0	-7.067678E-3	9.984397E0
1.860000E2	5.351695E0	-7.067678E-3	9.030259E0
1.870000E2	5.348606E0	-7.067678E-3	1.143983E1
1.880000E2	5.345517E0	-7.067678E-3	1.176206E1
1.890000E2	5.342428E0	-7.067678E-3	1.185563E1
1.900000E2	5.339340E0	-7.067678E-3	1.112241E1
1.910000E2	5.336251E0	-7.067678E-3	1.020384E1
1.920000E2	5.333162E0	-7.067678E-3	9.250803E0
1.930000E2	5.330073E0	-7.067678E-3	8.970102E0
1.940000E2	5.326984E0	-7.067678E-3	9.844024E0
1.950000E2	5.323896E0	-7.067678E-3	1.195428E1
1.960000E2	5.320807E0	-7.067678E-3	1.083952E1
1.970000E2	5.317718E0	-7.067678E-3	1.160939E1
1.980000E2	5.314629E0	-7.067678E-3	1.190068E1
1.990000E2	5.311540E0	-7.067678E-3	1.139594E1
2.000000E2	5.308451E0	-7.067678E-3	1.237798E1
2.010000E2	5.305363E0	-7.067678E-3	1.065390E1
2.020000E2	5.302274E0	-7.067678E-3	1.067233E1
2.030000E2	5.299185E0	-7.067678E-3	1.062767E1
2.040000E2	5.296096E0	-7.067678E-3	9.117764E0
2.050000E2	5.293007E0	-7.067678E-3	1.034972E1
2.060000E2	5.289918E0	-7.067678E-3	1.136943E1
2.070000E2	5.286830E0	-7.067678E-3	9.857191E0
2.080000E2	5.283741E0	-7.067678E-3	9.588589E0
2.090000E2	5.280652E0	-7.067678E-3	1.064231E1
2.100000E2	5.277563E0	-7.067678E-3	1.105175E1
2.110000E2	5.274474E0	-7.067678E-3	1.175882E1
2.120000E2	5.271386E0	-7.067678E-3	1.005670E1
2.130000E2	5.268297E0	-7.067678E-3	9.013015E0
2.140000E2	5.265208E0	-7.067678E-3	8.770867E0
2.150000E2	5.262119E0	-7.067678E-3	9.411092E0
2.160000E2	5.259030E0	-7.067678E-3	1.035954E1
2.170000E2	5.255941E0	-7.067678E-3	8.170418E0
2.180000E2	5.252853E0	-7.067678E-3	7.711477E0
2.190000E2	5.249764E0	-7.067678E-3	8.971617E0
2.200000E2	5.246675E0	-7.067678E-3	8.101648E0
2.210000E2	5.243586E0	-7.067678E-3	8.057994E0
2.220000E2	5.240497E0	-7.067678E-3	7.999721E0
2.230000E2	5.237409E0	-7.067678E-3	8.130392E0
2.240000E2	5.234320E0	-7.067678E-3	9.845407E0
2.250000E2	5.231231E0	-7.067678E-3	1.041854E1
2.260000E2	5.228142E0	-7.067678E-3	9.508402E0
2.270000E2	5.225053E0	-7.067678E-3	9.789625E0
2.280000E2	5.221964E0	-7.067678E-3	9.402601E0
2.290000E2	5.218876E0	-7.067678E-3	1.074944E1
2.300000E2	5.215787E0	-7.067678E-3	1.105989E1
2.310000E2	5.212698E0	-7.067678E-3	1.265681E1
2.320000E2	5.209609E0	-7.067678E-3	1.084930E1
2.330000E2	5.206520E0	-7.067678E-3	1.138500E1
2.340000E2	5.203432E0	-7.067678E-3	1.108572E1
2.350000E2	5.200343E0	-7.067678E-3	1.082837E1
2.360000E2	5.197254E0	-7.067678E-3	1.026237E1
2.370000E2	5.194165E0	-7.067678E-3	1.137124E1
2.380000E2	5.191076E0	-7.067678E-3	1.151445E1
2.390000E2	5.187987E0	-7.067678E-3	1.327023E1
2.400000E2	5.184899E0	-7.067678E-3	1.200076E1
2.410000E2	5.181810E0	-7.067678E-3	1.109045E1
2.420000E2	5.178721E0	-7.067678E-3	1.102413E1
2.430000E2	5.175632E0	-7.067678E-3	1.053604E1
2.440000E2	5.172543E0	-7.067678E-3	9.884378E0
2.450000E2	5.169455E0	-7.067678E-3	1.136079E1
2.460000E2	5.166366E0	-7.067678E-3	1.114648E1
2.470000E2	5.163277E0	-7.067678E-3	8.875308E0
2.480000E2	5.160188E0	-7.067678E-3	1.025549E1
2.490000E2	5.157099E0	-7.067678E-3	1.142660E1
2.500000E2	5.154010E0	-7.067678E-3	9.217787E0
2.510000E2	5.150922E0	-7.067678E-3	9.801231E0
2.520000E2	5.147833E0	-7.067678E-3	1.044269E1
2.530000E2	5.144744E0	-7.067678E-3	1.251019E1
2.540000E2	5.141655E0	-7.067678E-3	1.186212E1
2.550000E2	5.138566E0	-7.067678E-3	1.170229E1
2.560000E2	5.135478E0	-7.067678E-3	1.222986E1
2.570000E2	5.132389E0	-7.067678E-3	1.310136E1
2.580000E2	5.129300E0	-7.067678E-3	1.433499E1
2.590000E2	5.126211E0	-7.067678E-3	1.286892E1
2.600000E2	5.123122E0	-7.067678E-3	1.113877E1
2.610000E2	5.120033E0	-7.067678E-3	1.110634E1
2.620000E2	5.116945E0	-7.067678E-3	1.397174E1
2.630000E2	5.113856E0	-7.067678E-3	1.278752E1
2.640000E2	5.110767E0	-7.067678E-3	1.339935E1
2.650000E2	5.107678E0	-7.067678E-3	1.343750E1
2.660000E2	5.104589E0	-7.067678E-3	1.054668E1
2.670000E2	5.101501E0	-7.067678E-3	8.422236E0
2.680000E2	5.098412E0	-7.067678E-3	9.404446E0
2.690000E2	5.095323E0	-7.067678E-3	1.204125E1
2.700000E2	5.092234E0	-7.067678E-3	1.177829E1
2.710000E2	5.089145E0	-7.067678E-3	1.086059E1
2.720000E2	5.086056E0	-7.067678E-3	1.154812E1
2.730000E2	5.082968E0	-7.067678E-3	1.208532E1
2.740000E2	5.079879E0	-7.067678E-3	1.097300E1
2.750000E2	5.076790E0	-7.067678E-3	1.234430E1
2.760000E2	5.073701E0	-7.067678E-3	9.706877E0
2.770000E2	5.070612E0	-7.067678E-3	1.123038E1
2.780000E2	5.067524E0	-7.067678E-3	1.083985E1
2.790000E2	5.064435E0	-7.067678E-3	9.763333E0
2.800000E2	5.061346E0	-7.067678E-3	9.584016E0
2.810000E2	5.058257E0	-7.067678E-3	1.023529E1
2.820000E2	5.055168E0	-7.067678E-3	1.036272E1
2.830000E2	5.052079E0	-7.067678E-3	1.089874E1
2.840000E2	5.048991E0	-7.067678E-3	1.152660E1
2.850000E2	5.045902E0	-7.067678E-3	1.214915E1
2.860000E2	5.042813E0	-7.067678E-3	1.188413E1
2.870000E2	5.039724E0	-7.067678E-3	1.067727E1
2.880000E2	5.036635E0	-7.067678E-3	1.009512E1
2.890000E2	5.033547E0	-7.067678E-3	1.158322E1
2.900000E2	5.030458E0	-7.067678E-3	1.325912E1
2.910000E2	5.027369E0	-7.067678E-3	1.334920E1
2.920000E2	5.024280E0	-7.067678E-3	1.262731E1
2.930000E2	5.021191E0	-7.067678E-3	1.115764E1
2.940000E2	5.018102E0	-7.067678E-3	1.197594E1
2.950000E2	5.015014E0	-7.067678E-3	1.262286E1
2.960000E2	5.011925E0	-7.067678E-3	1.042563E1
2.970000E2	5.008836E0	-7.067678E-3	1.140888E1
2.980000E2	5.005747E0	-7.067678E-3	1.153328E1
2.990000E2	5.002658E0	-7.067678E-3	1.394120E1
3.000000E2	4.999570E0	-7.067678E-3	1.443636E1
3.010000E2	4.996481E0	-7.067678E-3	1.232068E1
3.020000E2	4.993392E0	-7.067678E-3	1.324291E1
3.030000E2	4.990303E0	-7.067678E-3	1.188414E1
3.040000E2	4.987214E0	-7.067678E-3	1.083666E1
3.050000E2	4.984125E0	-7.067678E-3	1.040342E1
3.060000E2	4.981037E0	-7.067678E-3	1.046937E1
3.070000E2	4.977948E0	-7.067678E-3	1.057890E1
3.080000E2	4.974859E0	-7.067678E-3	9.372698E0
3.090000E2	4.971770E0	-7.067678E-3	1.159933E1
3.100000E2	4.968681E0	-7.067678E-3	1.106096E1
3.110000E2	4.965593E0	-7.067678E-3	1.019156E1
3.120000E2	4.962504E0	-7.067678E-3	9.785787E0
3.130000E2	4.959415E0	-7.067678E-3	1.194087E1
3.140000E2	4.956326E0	-7.067678E-3	1.148813E1
3.150000E2	4.953237E0	-7.067678E-3	1.281957E1
3.160000E2	4.950148E0	-7.067678E-3	1.100744E1
3.170000E2	4.947060E0	-7.067678E-3	1.027253E1
3.180000E2	4.943971E0	-7.067678E-3	1.255611E1
3.190000E2	4.940882E0	-7.067678E-3	1.277263E1
3.200000E2	4.937793E0	-7.067678E-3	1.121938E1
3.210000E2	4.934704E0	-7.067678E-3	1.113029E1
3.220000E2	4.931616E0	-7.067678E-3	1.109895E1
3.230000E2	4.928527E0	-7.067678E-3	1.112591E1
3.240000E2	4.925438E0	-7.067678E-3	1.050921E1
3.250000E2	4.922349E0	-7.067678E-3	1.231094E1
3.260000E2	4.919260E0	-7.067678E-3	1.200501E1
3.270000E2	4.916171E0	-7.067678E-3	1.330922E1
3.280000E2	4.913083E0	-7.067678E-3	1.279435E1
3.290000E2	4.909994E0	-7.067678E-3	1.117021E1
3.300000E2	4.906905E0	-7.067678E-3	1.066955E1
3.310000E2	4.903816E0	-7.067678E-3	1.024069E1
3.320000E2	4.900727E0	-7.067678E-3	1.407326E1
3.330000E2	4.897639E0	-7.067678E-3	1.119688E1
3.340000E2	4.894550E0	-7.067678E-3	1.071388E1
3.350000E2	4.891461E0	-7.067678E-3	1.140044E1
3.360000E2	4.888372E0	-7.067678E-3	9.932333E0
3.370000E2	4.885283E0	-7.067678E-3	9.489719E0
3.380000E2	4.882194E0	-7.067678E-3	1.062480E1
3.390000E2	4.879106E0	-7.067678E-3	1.210095E1
3.400000E2	4.876017E0	-7.067678E-3	9.856621E0
3.410000E2	4.872928E0	-7.067678E-3	1.263325E1
3.420000E2	4.869839E0	-7.067678E-3	1.217955E1
3.430000E2	4.866750E0	-7.067678E-3	1.154386E1
3.440000E2	4.863662E0	-7.067678E-3	1.058558E1
3.450000E2	4.860573E0	-7.067678E-3	1.118962E1
3.460000E2	4.857484E0	-7.067678E-3	1.034729E1
3.470000E2	4.854395E0	-7.067678E-3	1.120155E1
3.480000E2	4.851306E0	-7.067678E-3	1.177303E1
3.490000E2	4.848217E0	-7.067678E-3	1.256318E1
3.500000E2	4.845129E0	-7.067678E-3	1.212020E1
3.510000E2	4.842040E0	-7.067678E-3	1.327740E1
3.520000E2	4.838951E0	-7.067678E-3	1.220890E1
3.530000E2	4.835862E0	-7.067678E-3	1.189123E1
3.540000E2	4.832773E0	-7.067678E-3	1.233410E1
3.550000E2	4.829685E0	-7.067678E-3	1.154184E1
3.560000E2	4.826596E0	-7.067678E-3	1.215216E1
3.570000E2	4.823507E0	-7.067678E-3	1.190723E1
3.580000E2	4.820418E0	-7.067678E-3	1.066654E1
3.590000E2	4.817329E0	-7.067678E-3	1.220496E1
3.600000E2	4.814240E0	-7.067678E-3	1.234590E1
3.610000E2	4.811152E0	-7.067678E-3	1.385504E1
3.620000E2	4.808063E0	-7.067678E-3	1.160559E1
3.630000E2	4.804974E0	-7.067678E-3	1.142476E1
3.640000E2	4.801885E0	-7.067678E-3	1.018953E1
3.650000E2	4.798796E0	-7.067678E-3	1.017851E1
3.660000E2	4.795707E0	-7.067678E-3	1.034161E1
3.670000E2	4.792619E0	-7.067678E-3	1.014510E1
3.680000E2	4.789530E0	-7.067678E-3	9.573805E0
3.690000E2	4.786441E0	-7.067678E-3	1.056217E1
3.700000E2	4.783352E0	-7.067678E-3	1.047080E1
3.710000E2	4.780263E0	-7.067678E-3	1.217336E1
3.720000E2	4.777175E0	-7.067678E-3	1.037339E1
3.730000E2	4.774086E0	-7.067678E-3	1.066945E1
3.740000E2	4.770997E0	-7.067678E-3	1.053675E1
3.750000E2	4.767908E0	-7.067678E-3	1.246472E1
3.760000E2	4.764819E0	-7.067678E-3	1.314187E1
3.770000E2	4.761730E0	-7.067678E-3	1.232650E1
3.780000E2	4.758642E0	-7.067678E-3	1.407140E1
3.790000E2	4.755553E0	-7.067678E-3	1.212471E1
3.800000E2	4.752464E0	-7.067678E-3	1.305335E1
3.810000E2	4.749375E0	-7.067678E-3	1.372170E1
3.820000E2	4.746286E0	-7.067678E-3	1.238515E1
3.830000E2	4.743198E0	-7.067678E-3	1.315693E1
3.840000E2	4.740109E0	-7.067678E-3	1.059821E1
3.850000E2	4.737020E0	-7.067678E-3	1.219233E1
3.860000E2	4.733931E0	-7.067678E-3	1.086142E1
3.870000E2	4.730842E0	-7.067678E-3	1.176205E1
3.880000E2	4.727753E0	-7.067678E-3	1.372157E1
3.890000E2	4.724665E0	-7.067678E-3	1.126611E1
3.900000E2	4.721576E0	-7.067678E-3	1.143959E1
3.910000E2	4.718487E0	-7.067678E-3	1.139882E1
3.920000E2	4.715398E0	-7.067678E-3	1.274987E1
3.930000E2	4.712309E0	-7.067678E-3	1.162415E1
3.940000E2	4.709221E0	-7.067678E-3	9.811173E0
3.950000E2	4.706132E0	-7.067678E-3	1.082686E1
3.960000E2	4.703043E0	-7.067678E-3	1.059007E1
3.970000E2	4.699954E0	-7.067678E-3	1.039082E1
3.980000E2	4.696865E0	-7.067678E-3	1.047915E1
3.990000E2	4.693776E0	-7.067678E-3	1.121684E1
4.000000E2	4.690688E0	-7.067678E-3	1.051822E1
4.010000E2	4.687599E0	-7.067678E-3	1.435392E1
4.020000E2	4.684510E0	-7.067678E-3	1.278653E1
4.030000E2	4.681421E0	-7.067678E-3	1.110635E1
4.040000E2	4.678332E0	-7.067678E-3	1.151944E1
4.050000E2	4.675244E0	-7.067678E-3	1.275441E1
4.060000E2	4.672155E0	-7.067678E-3	1.060420E1
4.070000E2	4.669066E0	-7.067678E-3	1.272617E1
4.080000E2	4.665977E0	-7.067678E-3	1.275142E1
4.090000E2	4.662888E0	-7.067678E-3	1.389492E1
4.100000E2	4.659799E0	-7.067678E-3	1.198219E1
4.110000E2	4.656711E0	-7.067678E-3	1.136797E1
4.120000E2	4.653622E0	-7.067678E-3	1.136532E1
4.130000E2	4.650533E0	-7.067678E-3	1.450502E1
4.140000E2	4.647444E0	-7.067678E-3	1.373152E1
4.150000E2	4.644355E0	-7.067678E-3	1.393125E1
4.160000E2	4.641267E0	-7.067678E-3	1.213401E1
4.170000E2	4.638178E0	-7.067678E-3	1.449353E1
4.180000E2	4.635089E0	-7.067678E-3	1.385259E1
4.190000E2	4.632000E0	-7.067678E-3	1.426339E1
4.200000E2	4.628911E0	-7.067678E-3	1.112409E1
4.210000E2	4.625822E0	-7.067678E-3	1.236471E1
4.220000E2	4.622734E0	-7.067678E-3	9.134537E0
4.230000E2	4.619645E0	-7.067678E-3	1.133749E1
4.240000E2	4.616556E0	-7.067678E-3	1.228721E1
4.250000E2	4.613467E0	-7.067678E-3	1.015880E1
4.260000E2	4.610378E0	-7.067678E-3	1.337188E1
4.270000E2	4.607290E0	-7.067678E-3	1.387924E1
4.280000E2	4.604201E0	-7.067678E-3	1.202422E1
4.290000E2	4.601112E0	-7.067678E-3	1.259377E1
4.300000E2	4.598023E0	-7.067678E-3	1.358458E1
4.310000E2	4.594934E0	-7.067678E-3	1.026664E1
4.320000E2	4.591845E0	-7.067678E-3	1.422942E1
4.330000E2	4.588757E0	-7.067678E-3	1.439215E1
4.340000E2	4.585668E0	-7.067678E-3	1.166228E1
4.350000E2	4.582579E0	-7.067678E-3	1.360501E1
4.360000E2	4.579490E0	-7.067678E-3	1.298109E1
4.370000E2	4.576401E0	-7.067678E-3	1.320471E1
4.380000E2	4.573313E0	-7.067678E-3	1.343963E1
4.390000E2	4.570224E0	-7.067678E-3	1.230117E1
4.400000E2	4.567135E0	-7.067678E-3	1.207798E1
4.410000E2	4.564046E0	-7.067678E-3	1.177824E1
4.420000E2	4.560957E0	-7.067678E-3	1.328414E1
4.430000E2	4.557868E0	-7.067678E-3	1.317059E1
4.440000E2	4.554780E0	-7.067678E-3	1.063605E1
4.450000E2	4.551691E0	-7.067678E-3	1.044377E1
4.460000E2	4.548602E0	-7.067678E-3	9.581359E0
4.470000E2	4.545513E0	-7.067678E-3	1.211390E1
4.480000E2	4.542424E0	-7.067678E-3	1.301728E1
4.490000E2	4.539336E0	-7.067678E-3	1.177255E1
4.500000E2	4.536247E0	-7.067678E-3	1.435870E1
4.510000E2	4.533158E0	-7.067678E-3	1.274245E1
4.520000E2	4.530069E0	-7.067678E-3	1.298312E1
4.530000E2	4.526980E0	-7.067678E-3	1.247660E1
4.540000E2	4.523891E0	-7.067678E-3	1.054105E1
4.550000E2	4.520803E0	-7.067678E-3	1.197476E1
4.560000E2	4.517714E0	-7.067678E-3	1.156490E1
4.570000E2	4.514625E0	-7.067678E-3	1.261570E1
4.580000E2	4.511536E0	-7.067678E-3	1.233174E1
4.590000E2	4.508447E0	-7.067678E-3	1.232544E1
4.600000E2	4.505359E0	-7.067678E-3	1.258676E1
4.610000E2	4.502270E0	-7.067678E-3	1.435144E1
4.620000E2	4.499181E0	-7.067678E-3	1.389716E1
4.630000E2	4.496092E0	-7.067678E-3	1.246797E1
4.640000E2	4.493003E0	-7.067678E-3	1.164358E1
4.650000E2	4.489914E0	-7.067678E-3	1.247169E1
4.660000E2	4.486826E0	-7.067678E-3	1.178699E1
4.670000E2	4.483737E0	-7.067678E-3	1.419987E1
4.680000E2	4.480648E0	-7.067678E-3	1.367592E1
4.690000E2	4.477559E0	-7.067678E-3	1.626311E1
4.700000E2	4.474470E0	-7.067678E-3	1.259070E1
4.710000E2	4.471382E0	-7.067678E-3	1.232644E1
4.720000E2	4.468293E0	-7.067678E-3	1.282582E1
4.730000E2	4.465204E0	-7.067678E-3	1.296975E1
4.740000E2	4.462115E0	-7.067678E-3	1.284707E1
4.750000E2	4.459026E0	-7.067678E-3	1.396952E1
4.760000E2	4.455937E0	-7.067678E-3	1.517483E1
4.770000E2	4.452849E0	-7.067678E-3	1.321213E1
4.780000E2	4.449760E0	-7.067678E-3	1.297823E1
4.790000E2	4.446671E0	-7.067678E-3	1.403100E1
4.800000E2	4.443582E0	-7.067678E-3	1.390916E1
4.810000E2	4.440493E0	-7.067678E-3	1.420390E1
4.820000E2	4.437405E0	-7.067678E-3	1.450737E1
4.830000E2	4.434316E0	-7.067678E-3	1.516079E1
4.840000E2	4.431227E0	-7.067678E-3	1.510265E1
4.850000E2	4.428138E0	-7.067678E-3	1.513347E1
4.860000E2	4.425049E0	-7.067678E-3	1.185058E1
4.870000E2	4.421960E0	-7.067678E-3	1.144268E1
4.880000E2	4.418872E0	-7.067678E-3	1.278576E1
4.890000E2	4.415783E0	-7.067678E-3	1.326270E1
4.900000E2	4.412694E0	-7.067678E-3	1.136547E1
4.910000E2	4.409605E0	-7.067678E-3	1.233747E1
4.920000E2	4.406516E0	-7.067678E-3	1.369189E1
4.930000E2	4.403428E0	-7.067678E-3	1.414829E1
4.940000E2	4.400339E0	-7.067678E-3	1.443154E1
4.950000E2	4.397250E0	-7.067678E-3	1.386205E1
4.960000E2	4.394161E0	-7.067678E-3	1.325374E1
4.970000E2	4.391072E0	-7.067678E-3	1.506613E1
4.980000E2	4.387983E0	-7.067678E-3	1.359502E1
4.990000E2	4.384895E0	-7.067678E-3	1.334521E1
5.000000E2	4.381806E0	-7.067678E-3	1.426788E1
5.010000E2	4.378717E0	-7.067678E-3	1.417684E1
5.020000E2	4.375628E0	-7.067678E-3	1.432732E1
5.030000E2	4.372539E0	-7.067678E-3	1.434366E1
5.040000E2	4.369451E0	-7.067678E-3	1.393302E1
5.050000E2	4.366362E0	-7.067678E-3	1.875496E1
5.060000E2	4.363273E0	-7.067678E-3	1.473091E1
5.070000E2	4.360184E0	-7.067678E-3	1.510518E1
5.080000E2	4.357095E0	-7.067678E-3	1.536081E1
5.090000E2	4.354006E0	-7.067678E-3	1.311221E1
5.100000E2	4.350918E0	-7.067678E-3	1.335401E1
5.110000E2	4.347829E0	-7.067678E-3	1.283591E1
5.120000E2	4.344740E0	-7.067678E-3	1.249267E1
5.130000E2	4.341651E0	-7.067678E-3	1.367947E1
5.140000E2	4.338562E0	-7.067678E-3	1.041584E1
5.150000E2	4.335474E0	-7.067678E-3	1.149290E1
5.160000E2	4.332385E0	-7.067678E-3	1.329494E1
5.170000E2	4.329296E0	-7.067678E-3	1.145018E1
5.180000E2	4.326207E0	-7.067678E-3	1.301211E1
5.190000E2	4.323118E0	-7.067678E-3	1.260273E1
5.200000E2	4.320029E0	-7.067678E-3	1.129562E1
5.210000E2	4.316941E0	-7.067678E-3	1.277068E1
5.220000E2	4.313852E0	-7.067678E-3	1.079636E1
5.230000E2	4.310763E0	-7.067678E-3	1.424159E1
5.240000E2	4.307674E0	-7.067678E-3	1.020152E1
5.250000E2	4.304585E0	-7.067678E-3	1.392393E1
5.260000E2	4.301496E0	-7.067678E-3	1.552727E1
5.270000E2	4.298408E0	-7.067678E-3	1.507417E1
5.280000E2	4.295319E0	-7.067678E-3	1.559362E1
5.290000E2	4.292230E0	-7.067678E-3	1.486518E1
5.300000E2	4.289141E0	-7.067678E-3	1.635116E1
5.310000E2	4.286052E0	-7.067678E-3	1.585258E1
5.320000E2	4.282964E0	-7.067678E-3	1.392366E1
5.330000E2	4.279875E0	-7.067678E-3	1.684892E1
5.340000E2	4.276786E0	-7.067678E-3	1.638582E1
5.350000E2	4.273697E0	-7.067678E-3	1.626795E1
5.360000E2	4.270608E0	-7.067678E-3	1.590190E1
5.370000E2	4.267519E0	-7.067678E-3	1.584489E1
5.380000E2	4.264431E0	-7.067678E-3	1.373595E1
5.390000E2	4.261342E0	-7.067678E-3	1.667059E1
5.400000E2	4.258253E0	-7.067678E-3	1.728584E1
5.410000E2	4.255164E0	-7.067678E-3	1.553675E1
5.420000E2	4.252075E0	-7.067678E-3	1.661203E1
5.430000E2	4.248987E0	-7.067678E-3	1.467406E1
5.440000E2	4.245898E0	-7.067678E-3	1.460122E1
5.450000E2	4.242809E0	-7.067678E-3	1.519241E1
5.460000E2	4.239720E0	-7.067678E-3	1.406763E1
5.470000E2	4.236631E0	-7.067678E-3	1.538347E1
5.480000E2	4.233542E0	-7.067678E-3	1.332276E1
5.490000E2	4.230454E0	-7.067678E-3	1.530253E1
5.500000E2	4.227365E0	-7.067678E-3	1.485993E1
5.510000E2	4.224276E0	-7.067678E-3	1.590217E1
5.520000E2	4.221187E0	-7.067678E-3	1.523516E1
5.530000E2	4.218098E0	-7.067678E-3	1.578474E1
5.540000E2	4.215010E0	-7.067678E-3	1.620455E1
5.550000E2	4.211921E0	-7.067678E-3	1.496336E1
5.560000E2	4.208832E0	-7.067678E-3	1.588551E1
5.570000E2	4.205743E0	-7.067678E-3	1.987418E1
5.580000E2	4.202654E0	-7.067678E-3	1.522350E1
5.590000E2	4.199565E0	-7.067678E-3	1.671894E1
5.600000E2	4.196477E0	-7.067678E-3	1.680717E1
5.610000E2	4.193388E0	-7.067678E-3	1.770598E1
5.620000E2	4.190299E0	-7.067678E-3	1.658111E1
5.630000E2	4.187210E0	-7.067678E-3	1.660507E1
5.640000E2	4.184121E0	-7.067678E-3	1.742298E1
5.650000E2	4.181033E0	-7.067678E-3	1.715331E1
5.660000E2	4.177944E0	-7.067678E-3	1.667165E1
5.670000E2	4.174855E0	-7.067678E-3	1.629742E1
5.680000E2	4.171766E0	-7.067678E-3	1.350784E1
5.690000E2	4.168677E0	-7.067678E-3	1.430258E1
5.700000E2	4.165588E0	-7.067678E-3	1.374906E1
5.710000E2	4.162500E0	-7.067678E-3	1.481604E1
5.720000E2	4.159411E0	-7.067678E-3	1.503171E1
5.730000E2	4.156322E0	-7.067678E-3	1.648483E1
5.740000E2	4.153233E0	-7.067678E-3	1.821552E1
5.750000E2	4.150144E0	-7.067678E-3	1.754187E1
5.760000E2	4.147056E0	-7.067678E-3	1.430504E1
5.770000E2	4.143967E0	-7.067678E-3	1.830938E1
5.780000E2	4.140878E0	-7.067678E-3	1.641759E1
5.790000E2	4.137789E0	-7.067678E-3	1.521672E1
5.800000E2	4.134700E0	-7.067678E-3	1.522987E1
5.810000E2	4.131611E0	-7.067678E-3	1.480730E1
5.820000E2	4.128523E0	-7.067678E-3	1.602220E1
5.830000E2	4.125434E0	-7.067678E-3	1.517402E1
5.840000E2	4.122345E0	-7.067678E-3	1.374800E1
5.850000E2	4.119256E0	-7.067678E-3	1.805486E1
5.860000E2	4.116167E0	-7.067678E-3	1.808798E1
5.870000E2	4.113079E0	-7.067678E-3	1.664736E1
5.880000E2	4.109990E0	-7.067678E-3	1.781288E1
5.890000E2	4.106901E0	-7.067678E-3	1.833417E1
5.900000E2	4.103812E0	-7.067678E-3	1.869952E1
5.910000E2	4.100723E0	-7.067678E-3	1.886740E1
5.920000E2	4.097634E0	-7.067678E-3	1.778607E1
5.930000E2	4.094546E0	-7.067678E-3	1.710150E1
5.940000E2	4.091457E0	-7.067678E-3	1.913152E1
5.950000E2	4.088368E0	-7.067678E-3	1.905903E1
5.960000E2	4.085279E0	-7.067678E-3	2.090936E1
5.970000E2	4.082190E0	-7.067678E-3	1.835284E1
5.980000E2	4.079102E0	-7.067678E-3	1.890673E1
5.990000E2	4.076013E0	-7.067678E-3	1.969929E1
6.000000E2	4.072924E0	-7.067678E-3	1.749857E1
6.010000E2	4.069835E0	-7.067678E-3	2.036554E1
6.020000E2	4.066746E0	-7.067678E-3	1.609892E1
6.030000E2	4.063657E0	-7.067678E-3	1.449516E1
6.040000E2	4.060569E0	-7.067678E-3	1.662841E1
6.050000E2	4.057480E0	-7.067678E-3	1.659695E1
6.060000E2	4.054391E0	-7.067678E-3	1.728044E1
6.070000E2	4.051302E0	-7.067678E-3	1.584071E1
6.080000E2	4.048213E0	-7.067678E-3	1.391827E1
6.090000E2	4.045125E0	-7.067678E-3	1.547261E1
6.100000E2	4.042036E0	-7.067678E-3	1.620272E1
6.110000E2	4.038947E0	-7.067678E-3	1.599038E1
6.120000E2	4.035858E0	-7.067678E-3	1.490502E1
6.130000E2	4.032769E0	-7.067678E-3	1.611526E1
6.140000E2	4.029680E0	-7.067678E-3	1.655235E1
6.150000E2	4.026592E0	-7.067678E-3	1.795672E1
6.160000E2	4.023503E0	-7.067678E-3	1.728568E1
6.170000E2	4.020414E0	-7.067678E-3	1.666904E1
6.180000E2	4.017325E0	-7.067678E-3	1.649441E1
6.190000E2	4.014236E0	-7.067678E-3	1.713223E1
6.200000E2	4.011148E0	-7.067678E-3	1.767937E1
6.210000E2	4.008059E0	-7.067678E-3	1.835538E1
6.220000E2	4.004970E0	-7.067678E-3	1.924857E1
6.230000E2	4.001881E0	-7.067678E-3	1.774330E1
6.240000E2	3.998792E0	-7.067678E-3	1.967690E1
6.250000E2	3.995703E0	-7.067678E-3	1.798507E1
6.260000E2	3.992615E0	-7.067678E-3	1.773673E1
6.270000E2	3.989526E0	-7.067678E-3	1.662583E1
6.280000E2	3.986437E0	-7.067678E-3	1.568634E1
6.290000E2	3.983348E0	-7.067678E-3	1.932127E1
6.300000E2	3.980259E0	-7.067678E-3	1.915660E1
6.310000E2	3.977171E0	-7.067678E-3	1.769307E1
6.320000E2	3.974082E0	-7.067678E-3	1.521329E1
6.330000E2	3.970993E0	-7.067678E-3	1.743104E1
6.340000E2	3.967904E0	-7.067678E-3	1.892389E1
6.350000E2	3.964815E0	-7.067678E-3	1.823643E1
6.360000E2	3.961726E0	-7.067678E-3	1.919290E1
6.370000E2	3.958638E0	-7.067678E-3	1.783973E1
6.380000E2	3.955549E0	-7.067678E-3	1.659377E1
6.390000E2	3.952460E0	-7.067678E-3	1.789776E1
6.400000E2	3.949371E0	-7.067678E-3	1.879748E1
6.410000E2	3.946282E0	-7.067678E-3	1.797370E1
6.420000E2	3.943194E0	-7.067678E-3	1.774894E1
6.430000E2	3.940105E0	-7.067678E-3	1.832825E1
6.440000E2	3.937016E0	-7.067678E-3	1.784668E1
6.450000E2	3.933927E0	-7.067678E-3	1.594905E1
6.460000E2	3.930838E0	-7.067678E-3	1.815033E1
6.470000E2	3.927749E0	-7.067678E-3	1.960425E1
6.480000E2	3.924661E0	-7.067678E-3	1.832846E1
6.490000E2	3.921572E0	-7.067678E-3	1.749030E1
6.500000E2	3.918483E0	-7.067678E-3	1.699468E1
6.510000E2	3.915394E0	-7.067678E-3	1.728280E1
6.520000E2	3.912305E0	-7.067678E-3	1.658172E1
6.530000E2	3.909217E0	-7.067678E-3	1.719135E1
6.540000E2	3.906128E0	-7.067678E-3	1.880120E1
6.550000E2	3.903039E0	-7.067678E-3	1.830323E1
6.560000E2	3.899950E0	-7.067678E-3	1.998804E1
6.570000E2	3.896861E0	-7.067678E-3	1.517482E1
6.580000E2	3.893772E0	-7.067678E-3	1.752593E1
6.590000E2	3.890684E0	-7.067678E-3	1.690919E1
6.600000E2	3.887595E0	-7.067678E-3	1.799667E1
6.610000E2	3.884506E0	-7.067678E-3	1.708032E1
6.620000E2	3.881417E0	-7.067678E-3	1.717291E1
6.630000E2	3.878328E0	-7.067678E-3	1.732266E1
6.640000E2	3.875240E0	-7.067678E-3	1.831208E1
6.650000E2	3.872151E0	-7.067678E-3	1.835871E1
6.660000E2	3.869062E0	-7.067678E-3	1.659293E1
6.670000E2	3.865973E0	-7.067678E-3	1.449484E1
6.680000E2	3.862884E0	-7.067678E-3	1.439123E1
6.690000E2	3.859795E0	-7.067678E-3	1.604949E1
6.700000E2	3.856707E0	-7.067678E-3	1.841697E1
6.710000E2	3.853618E0	-7.067678E-3	1.716722E1
6.720000E2	3.850529E0	-7.067678E-3	1.789534E1
6.730000E2	3.847440E0	-7.067678E-3	1.388821E1
6.740000E2	3.844351E0	-7.067678E-3	1.782435E1
6.750000E2	3.841263E0	-7.067678E-3	1.693426E1
6.760000E2	3.838174E0	-7.067678E-3	1.667671E1
6.770000E2	3.835085E0	-7.067678E-3	1.593338E1
6.780000E2	3.831996E0	-7.067678E-3	2.006529E1
6.790000E2	3.828907E0	-7.067678E-3	1.840145E1
6.800000E2	3.825818E0	-7.067678E-3	1.491538E1
6.810000E2	3.822730E0	-7.067678E-3	1.634628E1
6.820000E2	3.819641E0	-7.067678E-3	1.566309E1
6.830000E2	3.816552E0	-7.067678E-3	1.980657E1
6.840000E2	3.813463E0	-7.067678E-3	2.015356E1
6.850000E2	3.810374E0	-7.067678E-3	1.933806E1
6.860000E2	3.807285E0	-7.067678E-3	1.715534E1
6.870000E2	3.804197E0	-7.067678E-3	1.781254E1
6.880000E2	3.801108E0	-7.067678E-3	1.869410E1
6.890000E2	3.798019E0	-7.067678E-3	2.084414E1
6.900000E2	3.794930E0	-7.067678E-3	1.909375E1
6.910000E2	3.791841E0	-7.067678E-3	1.752329E1
6.920000E2	3.788753E0	-7.067678E-3	1.684242E1
6.930000E2	3.785664E0	-7.067678E-3	1.813524E1
6.940000E2	3.782575E0	-7.067678E-3	1.644775E1
6.950000E2	3.779486E0	-7.067678E-3	1.582192E1
6.960000E2	3.776397E0	-7.067678E-3	1.733754E1
6.970000E2	3.773308E0	-7.067678E-3	1.613277E1
6.980000E2	3.770220E0	-7.067678E-3	1.825254E1
6.990000E2	3.767131E0	-7.067678E-3	1.561904E1
7.000000E2	3.764042E0	-7.067678E-3	1.595936E1
7.010000E2	3.760953E0	-7.067678E-3	1.713756E1
7.020000E2	3.757864E0	-7.067678E-3	1.716428E1
7.030000E2	3.754776E0	-7.067678E-3	1.796588E1
7.040000E2	3.751687E0	-7.067678E-3	1.535665E1
7.050000E2	3.748598E0	-7.067678E-3	1.533522E1
7.060000E2	3.745509E0	-7.067678E-3	1.674395E1
7.070000E2	3.742420E0	-7.067678E-3	1.711465E1
7.080000E2	3.739331E0	-7.067678E-3	1.701670E1
7.090000E2	3.736243E0	-7.067678E-3	1.900471E1
7.100000E2	3.733154E0	-7.067678E-3	1.918834E1
7.110000E2	3.730065E0	-7.067678E-3	1.928993E1
7.120000E2	3.726976E0	-7.067678E-3	1.803210E1
7.130000E2	3.723887E0	-7.067678E-3	1.896804E1
7.140000E2	3.720799E0	-7.067678E-3	1.904492E1
7.150000E2	3.717710E0	-7.067678E-3	1.769710E1
7.160000E2	3.714621E0	-7.067678E-3	1.965947E1
7.170000E2	3.711532E0	-7.067678E-3	2.026194E1
7.180000E2	3.708443E0	-7.067678E-3	2.121742E1
7.190000E2	3.705354E0	-7.067678E-3	2.084934E1
7.200000E2	3.702266E0	-7.067678E-3	1.850837E1
7.210000E2	3.699177E0	-7.067678E-3	1.654175E1
7.220000E2	3.696088E0	-7.067678E-3	1.913697E1
7.230000E2	3.692999E0	-7.067678E-3	1.946199E1
7.240000E2	3.689910E0	-7.067678E-3	1.767972E1
7.250000E2	3.686822E0	-7.067678E-3	1.800066E1
7.260000E2	3.683733E0	-7.067678E-3	1.765113E1
7.270000E2	3.680644E0	-7.067678E-3	1.591273E1
7.280000E2	3.677555E0	-7.067678E-3	1.607631E1
7.290000E2	3.674466E0	-7.067678E-3	1.620240E1
7.300000E2	3.671377E0	-7.067678E-3	1.752144E1
7.310000E2	3.668289E0	-7.067678E-3	1.716788E1
7.320000E2	3.665200E0	-7.067678E-3	1.566798E1
7.330000E2	3.662111E0	-7.067678E-3	1.740552E1
7.340000E2	3.659022E0	-7.067678E-3	1.865953E1
7.350000E2	3.655933E0	-7.067678E-3	1.699987E1
7.360000E2	3.652845E0	-7.067678E-3	1.754143E1
7.370000E2	3.649756E0	-7.067678E-3	1.945090E1
7.380000E2	3.646667E0	-7.067678E-3	1.939126E1
7.390000E2	3.643578E0	-7.067678E-3	1.882636E1
7.400000E2	3.640489E0	-7.067678E-3	1.762505E1
7.410000E2	3.637400E0	-7.067678E-3	1.828594E1
7.420000E2	3.634312E0	-7.067678E-3	1.956022E1
7.430000E2	3.631223E0	-7.067678E-3	1.973472E1
7.440000E2	3.628134E0	-7.067678E-3	1.888284E1
7.450000E2	3.625045E0	-7.067678E-3	1.890080E1
7.460000E2	3.621956E0	-7.067678E-3	1.669166E1
7.470000E2	3.618868E0	-7.067678E-3	1.806093E1
7.480000E2	3.615779E0	-7.067678E-3	1.805820E1
7.490000E2	3.612690E0	-7.067678E-3	1.949061E1
7.500000E2	3.609601E0	-7.067678E-3	1.942726E1
7.510000E2	3.606512E0	-7.067678E-3	1.830718E1
7.520000E2	3.603423E0	-7.067678E-3	1.759052E1
7.530000E2	3.600335E0	-7.067678E-3	1.787916E1
7.540000E2	3.597246E0	-7.067678E-3	1.862821E1
7.550000E2	3.594157E0	-7.067678E-3	1.826059E1
7.560000E2	3.591068E0	-7.067678E-3	1.908915E1
7.570000E2	3.587979E0	-7.067678E-3	1.925425E1
7.580000E2	3.584891E0	-7.067678E-3	2.024911E1
7.590000E2	3.581802E0	-7.067678E-3	1.985526E1
7.600000E2	3.578713E0	-7.067678E-3	1.838256E1
7.610000E2	3.575624E0	-7.067678E-3	1.884047E1
7.620000E2	3.572535E0	-7.067678E-3	1.881022E1
7.630000E2	3.569446E0	-7.067678E-3	1.841145E1
7.640000E2	3.566358E0	-7.067678E-3	1.999178E1
7.650000E2	3.563269E0	-7.067678E-3	2.106563E1
7.660000E2	3.560180E0	-7.067678E-3	2.030220E1
7.670000E2	3.557091E0	-7.067678E-3	1.945385E1
7.680000E2	3.554002E0	-7.067678E-3	2.004267E1
7.690000E2	3.550914E0	-7.067678E-3	2.097748E1
7.700000E2	3.547825E0	-7.067678E-3	2.370497E1
7.710000E2	3.544736E0	-7.067678E-3	2.248698E1
7.720000E2	3.541647E0	-7.067678E-3	2.226527E1
7.730000E2	3.538558E0	-7.067678E-3	2.197250E1
7.740000E2	3.535469E0	-7.067678E-3	2.185479E1
7.750000E2	3.532381E0	-7.067678E-3	2.295992E1
7.760000E2	3.529292E0	-7.067678E-3	2.178959E1
7.770000E2	3.526203E0	-7.067678E-3	2.255398E1
7.780000E2	3.523114E0	-7.067678E-3	2.276921E1
7.790000E2	3.520025E0	-7.067678E-3	2.276669E1
7.800000E2	3.516937E0	-7.067678E-3	2.161148E1
7.810000E2	3.513848E0	-7.067678E-3	2.034607E1
7.820000E2	3.510759E0	-7.067678E-3	1.891265E1
7.830000E2	3.507670E0	-7.067678E-3	2.220867E1
7.840000E2	3.504581E0	-7.067678E-3	2.240519E1
7.850000E2	3.501492E0	-7.067678E-3	2.042323E1
7.860000E2	3.498404E0	-7.067678E-3	1.949055E1
7.870000E2	3.495315E0	-7.067678E-3	1.807298E1
7.880000E2	3.492226E0	-7.067678E-3	1.880334E1
7.890000E2	3.489137E0	-7.067678E-3	2.226201E1
7.900000E2	3.486048E0	-7.067678E-3	1.785669E1
7.910000E2	3.482960E0	-7.067678E-3	1.846911E1
7.920000E2	3.479871E0	-7.067678E-3	2.079869E1
7.930000E2	3.476782E0	-7.067678E-3	1.934613E1
7.940000E2	3.473693E0	-7.067678E-3	2.222855E1
7.950000E2	3.470604E0	-7.067678E-3	2.233971E1
7.960000E2	3.467515E0	-7.067678E-3	2.136728E1
7.970000E2	3.464427E0	-7.067678E-3	2.104530E1
7.980000E2	3.461338E0	-7.067678E-3	2.156978E1
7.990000E2	3.458249E0	-7.067678E-3	2.075076E1
8.000000E2	3.455160E0	-7.067678E-3	2.045097E1
8.010000E2	3.452071E0	-7.067678E-3	2.303648E1
8.020000E2	3.448983E0	-7.067678E-3	2.239694E1
8.030000E2	3.445894E0	-7.067678E-3	2.146724E1
8.040000E2	3.442805E0	-7.067678E-3	2.230384E1
8.050000E2	3.439716E0	-7.067678E-3	2.107046E1
8.060000E2	3.436627E0	-7.067678E-3	2.162169E1
8.070000E2	3.433538E0	-7.067678E-3	2.192757E1
8.080000E2	3.430450E0	-7.067678E-3	2.077348E1
8.090000E2	3.427361E0	-7.067678E-3	2.158322E1
8.100000E2	3.424272E0	-7.067678E-3	2.151539E1
8.110000E2	3.421183E0	-7.067678E-3	1.979602E1
8.120000E2	3.418094E0	-7.067678E-3	2.375529E1
8.130000E2	3.415006E0	-7.067678E-3	2.211224E1
8.140000E2	3.411917E0	-7.067678E-3	2.207867E1
8.150000E2	3.408828E0	-7.067678E-3	2.353754E1
8.160000E2	3.405739E0	-7.067678E-3	2.264191E1
8.170000E2	3.402650E0	-7.067678E-3	1.981542E1
8.180000E2	3.399561E0	-7.067678E-3	1.930609E1
8.190000E2	3.396473E0	-7.067678E-3	1.975650E1
8.200000E2	3.393384E0	-7.067678E-3	1.666394E1
8.210000E2	3.390295E0	-7.067678E-3	1.883025E1
8.220000E2	3.387206E0	-7.067678E-3	1.784207E1
8.230000E2	3.384117E0	-7.067678E-3	1.844047E1
8.240000E2	3.381029E0	-7.067678E-3	1.624304E1
8.250000E2	3.377940E0	-7.067678E-3	1.827822E1
8.260000E2	3.374851E0	-7.067678E-3	1.819783E1
8.270000E2	3.371762E0	-7.067678E-3	1.678604E1
8.280000E2	3.368673E0	-7.067678E-3	1.963734E1
8.290000E2	3.365584E0	-7.067678E-3	1.898307E1
8.300000E2	3.362496E0	-7.067678E-3	1.945738E1
8.310000E2	3.359407E0	-7.067678E-3	2.083397E1
8.320000E2	3.356318E0	-7.067678E-3	2.201902E1
8.330000E2	3.353229E0	-7.067678E-3	2.195021E1
8.340000E2	3.350140E0	-7.067678E-3	2.148455E1
8.350000E2	3.347052E0	-7.067678E-3	2.131048E1
8.360000E2	3.343963E0	-7.067678E-3	2.127897E1
8.370000E2	3.340874E0	-7.067678E-3	2.327940E1
8.380000E2	3.337785E0	-7.067678E-3	2.325777E1
8.390000E2	3.334696E0	-7.067678E-3	2.273679E1
8.400000E2	3.331607E0	-7.067678E-3	2.253171E1
8.410000E2	3.328519E0	-7.067678E-3	2.426987E1
8.420000E2	3.325430E0	-7.067678E-3	2.390214E1
8.430000E2	3.322341E0	-7.067678E-3	2.203245E1
8.440000E2	3.319252E0	-7.067678E-3	2.145031E1
8.450000E2	3.316163E0	-7.067678E-3	2.295327E1
8.460000E2	3.313074E0	-7.067678E-3	2.355834E1
8.470000E2	3.309986E0	-7.067678E-3	2.328493E1
8.480000E2	3.306897E0	-7.067678E-3	2.265146E1
8.490000E2	3.303808E0	-7.067678E-3	2.315864E1
8.500000E2	3.300719E0	-7.067678E-3	2.157108E1
8.510000E2	3.297630E0	-7.067678E-3	2.103659E1
8.520000E2	3.294542E0	-7.067678E-3	2.013313E1
8.530000E2	3.291453E0	-7.067678E-3	1.890086E1
8.540000E2	3.288364E0	-7.067678E-3	1.951701E1
8.550000E2	3.285275E0	-7.067678E-3	2.243029E1
8.560000E2	3.282186E0	-7.067678E-3	2.176398E1
8.570000E2	3.279097E0	-7.067678E-3	1.933978E1
8.580000E2	3.276009E0	-7.067678E-3	1.920633E1
8.590000E2	3.272920E0	-7.067678E-3	1.927156E1
8.600000E2	3.269831E0	-7.067678E-3	2.108618E1
8.610000E2	3.266742E0	-7.067678E-3	2.013620E1
8.620000E2	3.263653E0	-7.067678E-3	2.165064E1
8.630000E2	3.260565E0	-7.067678E-3	2.243052E1
8.640000E2	3.257476E0	-7.067678E-3	2.265538E1
8.650000E2	3.254387E0	-7.067678E-3	2.407700E1
8.660000E2	3.251298E0	-7.067678E-3	2.369822E1
8.670000E2	3.248209E0	-7.067678E-3	2.297749E1
8.680000E2	3.245120E0	-7.067678E-3	2.285241E1
8.690000E2	3.242032E0	-7.067678E-3	2.236180E1
8.700000E2	3.238943E0	-7.067678E-3	2.299288E1
8.710000E2	3.235854E0	-7.067678E-3	2.148380E1
8.720000E2	3.232765E0	-7.067678E-3	2.088505E1
8.730000E2	3.229676E0	-7.067678E-3	2.208854E1
8.740000E2	3.226588E0	-7.067678E-3	2.297680E1
8.750000E2	3.223499E0	-7.067678E-3	2.362538E1
8.760000E2	3.220410E0	-7.067678E-3	2.306109E1
8.770000E2	3.217321E0	-7.067678E-3	2.331880E1
8.780000E2	3.214232E0	-7.067678E-3	2.250613E1
8.790000E2	3.211143E0	-7.067678E-3	2.193273E1
8.800000E2	3.208055E0	-7.067678E-3	2.260406E1
8.810000E2	3.204966E0	-7.067678E-3	2.361357E1
8.820000E2	3.201877E0	-7.067678E-3	2.289228E1
8.830000E2	3.198788E0	-7.067678E-3	1.952521E1
8.840000E2	3.195699E0	-7.067678E-3	2.127397E1
8.850000E2	3.192611E0	-7.067678E-3	2.196274E1
8.860000E2	3.189522E0	-7.067678E-3	2.153865E1
8.870000E2	3.186433E0	-7.067678E-3	2.113683E1
8.880000E2	3.183344E0	-7.067678E-3	2.193550E1
8.890000E2	3.180255E0	-7.067678E-3	2.311182E1
8.900000E2	3.177166E0	-7.067678E-3	2.258039E1
8.910000E2	3.174078E0	-7.067678E-3	2.353206E1
8.920000E2	3.170989E0	-7.067678E-3	2.217789E1
8.930000E2	3.167900E0	-7.067678E-3	2.211504E1
8.940000E2	3.164811E0	-7.067678E-3	2.557395E1
8.950000E2	3.161722E0	-7.067678E-3	2.313726E1
8.960000E2	3.158634E0	-7.067678E-3	2.592713E1
8.970000E2	3.155545E0	-7.067678E-3	2.335182E1
8.980000E2	3.152456E0	-7.067678E-3	2.227930E1
8.990000E2	3.149367E0	-7.067678E-3	2.348936E1
9.000000E2	3.146278E0	-7.067678E-3	2.334386E1
9.010000E2	3.143189E0	-7.067678E-3	2.469307E1
9.020000E2	3.140101E0	-7.067678E-3	2.304007E1
9.030000E2	3.137012E0	-7.067678E-3	2.393958E1
9.040000E2	3.133923E0	-7.067678E-3	2.352183E1
9.050000E2	3.130834E0	-7.067678E-3	2.537290E1
9.060000E2	3.127745E0	-7.067678E-3	2.388490E1
9.070000E2	3.124657E0	-7.067678E-3	2.195707E1
9.080000E2	3.121568E0	-7.067678E-3	2.308668E1
9.090000E2	3.118479E0	-7.067678E-3	2.648595E1
9.100000E2	3.115390E0	-7.067678E-3	2.384094E1
9.110000E2	3.112301E0	-7.067678E-3	2.156441E1
9.120000E2	3.109212E0	-7.067678E-3	2.381759E1
9.130000E2	3.106124E0	-7.067678E-3	2.295246E1
9.140000E2	3.103035E0	-7.067678E-3	2.301823E1
9.150000E2	3.099946E0	-7.067678E-3	2.272308E1
9.160000E2	3.096857E0	-7.067678E-3	2.204473E1
9.170000E2	3.093768E0	-7.067678E-3	2.185655E1
9.180000E2	3.090680E0	-7.067678E-3	2.205868E1
9.190000E2	3.087591E0	-7.067678E-3	2.176361E1
9.200000E2	3.084502E0	-7.067678E-3	2.218086E1
9.210000E2	3.081413E0	-7.067678E-3	2.262963E1
9.220000E2	3.078324E0	-7.067678E-3	2.203867E1
9.230000E2	3.075235E0	-7.067678E-3	2.642582E1
9.240000E2	3.072147E0	-7.067678E-3	2.594757E1
9.250000E2	3.069058E0	-7.067678E-3	2.227855E1
9.260000E2	3.065969E0	-7.067678E-3	2.523314E1
9.270000E2	3.062880E0	-7.067678E-3	2.514292E1
9.280000E2	3.059791E0	-7.067678E-3	2.402789E1
9.290000E2	3.056703E0	-7.067678E-3	2.643042E1
9.300000E2	3.053614E0	-7.067678E-3	2.598060E1
9.310000E2	3.050525E0	-7.067678E-3	2.460140E1
9.320000E2	3.047436E0	-7.067678E-3	2.579001E1
9.330000E2	3.044347E0	-7.067678E-3	2.458419E1
9.340000E2	3.041258E0	-7.067678E-3	2.480608E1
9.350000E2	3.038170E0	-7.067678E-3	2.776585E1
9.360000E2	3.035081E0	-7.067678E-3	2.733725E1
9.370000E2	3.031992E0	-7.067678E-3	2.835438E1
9.380000E2	3.028903E0	-7.067678E-3	2.778687E1
9.390000E2	3.025814E0	-7.067678E-3	2.786761E1
9.400000E2	3.022726E0	-7.067678E-3	2.672633E1
9.410000E2	3.019637E0	-7.067678E-3	2.535102E1
9.420000E2	3.016548E0	-7.067678E-3	2.789144E1
9.430000E2	3.013459E0	-7.067678E-3	2.616640E1
9.440000E2	3.010370E0	-7.067678E-3	2.542590E1
9.450000E2	3.007281E0	-7.067678E-3	2.689516E1
9.460000E2	3.004193E0	-7.067678E-3	2.669264E1
9.470000E2	3.001104E0	-7.067678E-3	2.557960E1
9.480000E2	2.998015E0	-7.067678E-3	2.239126E1
9.490000E2	2.994926E0	-7.067678E-3	2.210071E1
9.500000E2	2.991837E0	-7.067678E-3	2.574894E1
9.510000E2	2.988749E0	-7.067678E-3	2.834766E1
9.520000E2	2.985660E0	-7.067678E-3	2.665941E1
9.530000E2	2.982571E0	-7.067678E-3	2.667710E1
9.540000E2	2.979482E0	-7.067678E-3	2.437421E1
9.550000E2	2.976393E0	-7.067678E-3	2.706274E1
9.560000E2	2.973304E0	-7.067678E-3	2.948012E1
9.570000E2	2.970216E0	-7.067678E-3	2.799736E1
9.580000E2	2.967127E0	-7.067678E-3	2.683362E1
9.590000E2	2.964038E0	-7.067678E-3	2.683105E1
9.600000E2	2.960949E0	-7.067678E-3	2.694506E1
9.610000E2	2.957860E0	-7.067678E-3	2.692407E1
9.620000E2	2.954772E0	-7.067678E-3	2.519912E1
9.630000E2	2.951683E0	-7.067678E-3	2.703619E1
9.640000E2	2.948594E0	-7.067678E-3	2.890860E1
9.650000E2	2.945505E0	-7.067678E-3	2.990541E1
9.660000E2	2.942416E0	-7.067678E-3	3.117521E1
9.670000E2	2.939327E0	-7.067678E-3	2.848535E1
9.680000E2	2.936239E0	-7.067678E-3	2.642864E1
9.690000E2	2.933150E0	-7.067678E-3	2.827487E1
9.700000E2	2.930061E0	-7.067678E-3	2.587256E1
9.710000E2	2.926972E0	-7.067678E-3	2.555799E1
9.720000E2	2.923883E0	-7.067678E-3	2.519538E1
9.730000E2	2.920795E0	-7.067678E-3	2.634768E1
9.740000E2	2.917706E0	-7.067678E-3	2.790548E1
9.750000E2	2.914617E0	-7.067678E-3	2.761327E1
9.760000E2	2.911528E0	-7.067678E-3	2.560053E1
9.770000E2	2.908439E0	-7.067678E-3	2.573784E1
9.780000E2	2.905350E0	-7.067678E-3	2.431163E1
9.790000E2	2.902262E0	-7.067678E-3	2.502481E1
9.800000E2	2.899173E0	-7.067678E-3	2.467397E1
9.810000E2	2.896084E0	-7.067678E-3	2.394883E1
9.820000E2	2.892995E0	-7.067678E-3	2.573094E1
9.830000E2	2.889906E0	-7.067678E-3	2.461870E1
9.840000E2	2.886818E0	-7.067678E-3	2.437851E1
9.850000E2	2.883729E0	-7.067678E-3	2.821978E1
9.860000E2	2.880640E0	-7.067678E-3	3.068808E1
9.870000E2	2.877551E0	-7.067678E-3	2.900221E1
9.880000E2	2.874462E0	-7.067678E-3	2.842570E1
9.890000E2	2.871373E0	-7.067678E-3	2.857364E1
9.900000E2	2.868285E0	-7.067678E-3	2.818766E1
9.910000E2	2.865196E0	-7.067678E-3	2.851821E1
9.920000E2	2.862107E0	-7.067678E-3	2.865439E1
9.930000E2	2.859018E0	-7.067678E-3	2.930845E1
9.940000E2	2.855929E0	-7.067678E-3	2.925486E1
9.950000E2	2.852841E0	-7.067678E-3	2.708911E1
9.960000E2	2.849752E0	-7.067678E-3	2.909366E1
9.970000E2	2.846663E0	-7.067678E-3	3.118978E1
9.980000E2	2.843574E0	-7.067678E-3	2.691010E1
9.990000E2	2.840485E0	-7.067678E-3	2.752277E1
1.000000E3	2.837396E0	-7.067678E-3	3.107210E1
1.001000E3	2.834308E0	-7.067678E-3	3.133831E1
1.002000E3	2.831219E0	-7.067678E-3	2.774277E1
1.003000E3	2.828130E0	-7.067678E-3	2.736073E1
1.004000E3	2.825041E0	-7.067678E-3	2.938234E1
1.005000E3	2.821952E0	-7.067678E-3	2.826146E1
1.006000E3	2.818863E0	-7.067678E-3	2.697144E1
1.007000E3	2.815775E0	-7.067678E-3	2.635369E1
1.008000E3	2.812686E0	-7.067678E-3	2.701021E1
1.009000E3	2.809597E0	-7.067678E-3	2.964073E1
1.010000E3	2.806508E0	-7.067678E-3	2.701297E1
1.011000E3	2.803419E0	-7.067678E-3	2.637455E1
1.012000E3	2.800331E0	-7.067678E-3	2.857092E1
1.013000E3	2.797242E0	-7.067678E-3	2.891388E1
1.014000E3	2.794153E0	-7.067678E-3	2.868070E1
1.015000E3	2.791064E0	-7.067678E-3	2.682924E1
1.016000E3	2.787975E0	-7.067678E-3	2.903326E1
1.017000E3	2.784886E0	-7.067678E-3	2.930769E1
1.018000E3	2.781798E0	-7.067678E-3	2.997835E1
1.019000E3	2.778709E0	-7.067678E-3	2.955882E1
1.020000E3	2.775620E0	-7.067678E-3	2.894835E1
1.021000E3	2.772531E0	-7.067678E-3	3.039602E1
1.022000E3	2.769442E0	-7.067678E-3	2.931118E1
1.023000E3	2.766354E0	-7.067678E-3	2.943982E1
1.024000E3	2.763265E0	-7.067678E-3	2.995435E1
1.025000E3	2.760176E0	-7.067678E-3	2.957679E1
1.026000E3	2.757087E0	-7.067678E-3	2.970702E1
1.027000E3	2.753998E0	-7.067678E-3	3.166784E1
1.028000E3	2.750909E0	-7.067678E-3	3.118156E1
1.029000E3	2.747821E0	-7.067678E-3	3.163054E1
1.030000E3	2.744732E0	-7.067678E-3	3.112600E1
1.031000E3	2.741643E0	-7.067678E-3	2.990076E1
1.032000E3	2.738554E0	-7.067678E-3	3.105259E1
1.033000E3	2.735465E0	-7.067678E-3	3.218892E1
1.034000E3	2.732377E0	-7.067678E-3	3.002102E1
1.035000E3	2.729288E0	-7.067678E-3	2.944357E1
1.036000E3	2.726199E0	-7.067678E-3	2.844810E1
1.037000E3	2.723110E0	-7.067678E-3	2.916405E1
1.038000E3	2.720021E0	-7.067678E-3	3.004158E1
1.039000E3	2.716932E0	-7.067678E-3	2.785841E1
1.040000E3	2.713844E0	-7.067678E-3	2.644400E1
1.041000E3	2.710755E0	-7.067678E-3	2.880673E1
1.042000E3	2.707666E0	-7.067678E-3	2.929980E1
1.043000E3	2.704577E0	-7.067678E-3	2.842771E1
1.044000E3	2.701488E0	-7.067678E-3	2.566102E1
1.045000E3	2.698400E0	-7.067678E-3	2.862474E1
1.046000E3	2.695311E0	-7.067678E-3	2.823480E1
1.047000E3	2.692222E0	-7.067678E-3	2.927147E1
1.048000E3	2.689133E0	-7.067678E-3	3.016348E1
1.049000E3	2.686044E0	-7.067678E-3	3.074001E1
1.050000E3	2.682955E0	-7.067678E-3	2.956493E1
1.051000E3	2.679867E0	-7.067678E-3	2.887782E1
1.052000E3	2.676778E0	-7.067678E-3	2.648235E1
1.053000E3	2.673689E0	-7.067678E-3	2.883028E1
1.054000E3	2.670600E0	-7.067678E-3	2.942083E1
1.055000E3	2.667511E0	-7.067678E-3	3.044011E1
1.056000E3	2.664423E0	-7.067678E-3	3.065296E1
1.057000E3	2.661334E0	-7.067678E-3	2.931464E1
1.058000E3	2.658245E0	-7.067678E-3	2.804803E1
1.059000E3	2.655156E0	-7.067678E-3	2.941572E1
1.060000E3	2.652067E0	-7.067678E-3	3.065407E1
1.061000E3	2.648978E0	-7.067678E-3	2.786221E1
1.062000E3	2.645890E0	-7.067678E-3	2.939778E1
1.063000E3	2.642801E0	-7.067678E-3	2.814143E1
1.064000E3	2.639712E0	-7.067678E-3	2.888284E1
1.065000E3	2.636623E0	-7.067678E-3	2.817025E1
1.066000E3	2.633534E0	-7.067678E-3	2.912902E1
1.067000E3	2.630446E0	-7.067678E-3	2.710467E1
1.068000E3	2.627357E0	-7.067678E-3	2.654097E1
1.069000E3	2.624268E0	-7.067678E-3	2.726126E1
1.070000E3	2.621179E0	-7.067678E-3	2.857112E1
1.071000E3	2.618090E0	-7.067678E-3	2.647859E1
1.072000E3	2.615001E0	-7.067678E-3	2.519896E1
1.073000E3	2.611913E0	-7.067678E-3	2.664510E1
1.074000E3	2.608824E0	-7.067678E-3	2.576325E1
1.075000E3	2.605735E0	-7.067678E-3	2.566848E1
1.076000E3	2.602646E0	-7.067678E-3	2.664332E1
1.077000E3	2.599557E0	-7.067678E-3	2.753633E1
1.078000E3	2.596469E0	-7.067678E-3	2.839677E1
1.079000E3	2.593380E0	-7.067678E-3	2.848838E1
1.080000E3	2.590291E0	-7.067678E-3	2.624279E1
1.081000E3	2.587202E0	-7.067678E-3	2.839657E1
1.082000E3	2.584113E0	-7.067678E-3	2.855147E1
1.083000E3	2.581024E0	-7.067678E-3	2.710983E1
1.084000E3	2.577936E0	-7.067678E-3	2.818097E1
1.085000E3	2.574847E0	-7.067678E-3	2.894456E1
1.086000E3	2.571758E0	-7.067678E-3	2.961191E1
1.087000E3	2.568669E0	-7.067678E-3	2.873995E1
1.088000E3	2.565580E0	-7.067678E-3	2.786381E1
1.089000E3	2.562492E0	-7.067678E-3	2.952323E1
1.090000E3	2.559403E0	-7.067678E-3	2.631408E1
1.091000E3	2.556314E0	-7.067678E-3	2.854121E1
1.092000E3	2.553225E0	-7.067678E-3	2.691373E1
1.093000E3	2.550136E0	-7.067678E-3	2.759035E1
1.094000E3	2.547047E0	-7.067678E-3	2.970826E1
1.095000E3	2.543959E0	-7.067678E-3	2.991501E1
1.096000E3	2.540870E0	-7.067678E-3	2.863492E1
1.097000E3	2.537781E0	-7.067678E-3	2.808514E1
1.098000E3	2.534692E0	-7.067678E-3	2.929189E1
1.099000E3	2.531603E0	-7.067678E-3	2.810259E1
1.100000E3	2.528515E0	-7.067678E-3	2.722159E1
1.101000E3	2.525426E0	-7.067678E-3	2.758273E1
1.102000E3	2.522337E0	-7.067678E-3	2.571876E1
1.103000E3	2.519248E0	-7.067678E-3	2.668236E1
1.104000E3	2.516159E0	-7.067678E-3	2.695583E1
1.105000E3	2.513070E0	-7.067678E-3	2.836659E1
1.106000E3	2.509982E0	-7.067678E-3	2.675107E1
1.107000E3	2.506893E0	-7.067678E-3	2.910387E1
1.108000E3	2.503804E0	-7.067678E-3	2.905796E1
1.109000E3	2.500715E0	-7.067678E-3	2.931056E1
1.110000E3	2.497626E0	-7.067678E-3	3.096821E1
1.111000E3	2.494538E0	-7.067678E-3	2.937236E1
1.112000E3	2.491449E0	-7.067678E-3	2.926645E1
1.113000E3	2.488360E0	-7.067678E-3	3.020816E1
1.114000E3	2.485271E0	-7.067678E-3	2.902657E1
1.115000E3	2.482182E0	-7.067678E-3	3.021808E1
1.116000E3	2.479093E0	-7.067678E-3	2.788968E1
1.117000E3	2.476005E0	-7.067678E-3	2.949424E1
1.118000E3	2.472916E0	-7.067678E-3	3.006987E1
1.119000E3	2.469827E0	-7.067678E-3	3.109765E1
1.120000E3	2.466738E0	-7.067678E-3	3.155304E1
1.121000E3	2.463649E0	-7.067678E-3	3.353594E1
1.122000E3	2.460561E0	-7.067678E-3	3.276527E1
1.123000E3	2.457472E0	-7.067678E-3	3.350112E1
1.124000E3	2.454383E0	-7.067678E-3	3.327593E1
1.125000E3	2.451294E0	-7.067678E-3	3.390556E1
1.126000E3	2.448205E0	-7.067678E-3	2.973179E1
1.127000E3	2.445116E0	-7.067678E-3	2.890029E1
1.128000E3	2.442028E0	-7.067678E-3	2.864658E1
1.129000E3	2.438939E0	-7.067678E-3	2.934063E1
1.130000E3	2.435850E0	-7.067678E-3	2.982429E1
1.131000E3	2.432761E0	-7.067678E-3	2.907489E1
1.132000E3	2.429672E0	-7.067678E-3	2.983319E1
1.133000E3	2.426584E0	-7.067678E-3	2.658102E1
1.134000E3	2.423495E0	-7.067678E-3	2.795103E1
1.135000E3	2.420406E0	-7.067678E-3	3.024220E1
1.136000E3	2.417317E0	-7.067678E-3	3.045688E1
1.137000E3	2.414228E0	-7.067678E-3	2.972175E1
1.138000E3	2.411139E0	-7.067678E-3	3.153511E1
1.139000E3	2.408051E0	-7.067678E-3	3.068497E1
1.140000E3	2.404962E0	-7.067678E-3	3.010945E1
1.141000E3	2.401873E0	-7.067678E-3	3.277640E1
1.142000E3	2.398784E0	-7.067678E-3	3.212783E1
1.143000E3	2.395695E0	-7.067678E-3	3.356479E1
1.144000E3	2.392607E0	-7.067678E-3	3.381964E1
1.145000E3	2.389518E0	-7.067678E-3	3.348683E1
1.146000E3	2.386429E0	-7.067678E-3	3.548257E1
1.147000E3	2.383340E0	-7.067678E-3	3.413870E1
1.148000E3	2.380251E0	-7.067678E-3	3.697123E1
1.149000E3	2.377162E0	-7.067678E-3	3.591397E1
1.150000E3	2.374074E0	-7.067678E-3	3.561588E1
1.151000E3	2.370985E0	-7.067678E-3	3.652918E1
1.152000E3	2.367896E0	-7.067678E-3	3.701207E1
1.153000E3	2.364807E0	-7.067678E-3	3.770635E1
1.154000E3	2.361718E0	-7.067678E-3	3.700018E1
1.155000E3	2.358630E0	-7.067678E-3	3.700473E1
1.156000E3	2.355541E0	-7.067678E-3	3.835662E1
1.157000E3	2.352452E0	-7.067678E-3	3.903394E1
1.158000E3	2.349363E0	-7.067678E-3	3.748363E1
1.159000E3	2.346274E0	-7.067678E-3	3.717356E1
1.160000E3	2.343185E0	-7.067678E-3	3.645769E1
1.161000E3	2.340097E0	-7.067678E-3	3.704136E1
1.162000E3	2.337008E0	-7.067678E-3	3.751055E1
1.163000E3	2.333919E0	-7.067678E-3	3.741577E1
1.164000E3	2.330830E0	-7.067678E-3	3.814897E1
1.165000E3	2.327741E0	-7.067678E-3	3.776332E1
1.166000E3	2.324652E0	-7.067678E-3	3.813119E1
1.167000E3	2.321564E0	-7.067678E-3	3.930243E1
1.168000E3	2.318475E0	-7.067678E-3	3.840500E1
1.169000E3	2.315386E0	-7.067678E-3	3.969874E1
1.170000E3	2.312297E0	-7.067678E-3	3.993160E1
1.171000E3	2.309208E0	-7.067678E-3	3.910125E1
1.172000E3	2.306120E0	-7.067678E-3	3.953137E1
1.173000E3	2.303031E0	-7.067678E-3	3.954491E1
1.174000E3	2.299942E0	-7.067678E-3	4.118118E1
1.175000E3	2.296853E0	-7.067678E-3	4.330343E1
1.176000E3	2.293764E0	-7.067678E-3	4.374391E1
1.177000E3	2.290675E0	-7.067678E-3	4.339628E1
1.178000E3	2.287587E0	-7.067678E-3	4.264177E1
1.179000E3	2.284498E0	-7.067678E-3	4.228350E1
1.180000E3	2.281409E0	-7.067678E-3	4.391176E1
1.181000E3	2.278320E0	-7.067678E-3	4.955239E1
1.182000E3	2.275231E0	-7.067678E-3	4.515182E1
1.183000E3	2.272143E0	-7.067678E-3	4.367686E1
1.184000E3	2.269054E0	-7.067678E-3	4.518397E1
1.185000E3	2.265965E0	-7.067678E-3	4.652656E1
1.186000E3	2.262876E0	-7.067678E-3	4.535915E1
1.187000E3	2.259787E0	-7.067678E-3	4.539289E1
1.188000E3	2.256698E0	-7.067678E-3	4.618983E1
1.189000E3	2.253610E0	-7.067678E-3	4.509423E1
1.190000E3	2.250521E0	-7.067678E-3	4.460450E1
1.191000E3	2.247432E0	-7.067678E-3	4.407019E1
1.192000E3	2.244343E0	-7.067678E-3	4.563588E1
1.193000E3	2.241254E0	-7.067678E-3	4.461702E1
1.194000E3	2.238166E0	-7.067678E-3	4.585319E1
1.195000E3	2.235077E0	-7.067678E-3	4.378005E1
1.196000E3	2.231988E0	-7.067678E-3	4.240504E1
1.197000E3	2.228899E0	-7.067678E-3	4.076579E1
1.198000E3	2.225810E0	-7.067678E-3	4.173690E1
1.199000E3	2.222721E0	-7.067678E-3	4.240084E1
1.200000E3	2.219633E0	-7.067678E-3	4.116791E1
1.201000E3	2.216544E0	-7.067678E-3	3.980617E1
1.202000E3	2.213455E0	-7.067678E-3	4.421279E1
1.203000E3	2.210366E0	-7.067678E-3	4.775705E1
1.204000E3	2.207277E0	-7.067678E-3	4.517796E1
1.205000E3	2.204189E0	-7.067678E-3	4.834698E1
1.206000E3	2.201100E0	-7.067678E-3	4.636712E1
1.207000E3	2.198011E0	-7.067678E-3	4.572315E1
1.208000E3	2.194922E0	-7.067678E-3	4.493187E1
1.209000E3	2.191833E0	-7.067678E-3	4.338461E1
1.210000E3	2.188744E0	-7.067678E-3	4.317177E1
1.211000E3	2.185656E0	-7.067678E-3	4.425559E1
1.212000E3	2.182567E0	-7.067678E-3	4.594201E1
1.213000E3	2.179478E0	-7.067678E-3	4.497195E1
1.214000E3	2.176389E0	-7.067678E-3	4.435819E1
1.215000E3	2.173300E0	-7.067678E-3	4.405217E1
1.216000E3	2.170212E0	-7.067678E-3	4.404646E1
1.217000E3	2.167123E0	-7.067678E-3	4.358964E1
1.218000E3	2.164034E0	-7.067678E-3	4.392845E1
1.219000E3	2.160945E0	-7.067678E-3	4.321765E1
1.220000E3	2.157856E0	-7.067678E-3	4.364211E1
1.221000E3	2.154767E0	-7.067678E-3	4.294089E1
1.222000E3	2.151679E0	-7.067678E-3	4.328796E1
1.223000E3	2.148590E0	-7.067678E-3	4.490909E1
1.224000E3	2.145501E0	-7.067678E-3	4.481372E1
1.225000E3	2.142412E0	-7.067678E-3	4.429366E1
1.226000E3	2.139323E0	-7.067678E-3	4.350196E1
1.227000E3	2.136235E0	-7.067678E-3	4.477998E1
1.228000E3	2.133146E0	-7.067678E-3	4.136840E1
1.229000E3	2.130057E0	-7.067678E-3	4.230872E1
1.230000E3	2.126968E0	-7.067678E-3	4.028125E1
1.231000E3	2.123879E0	-7.067678E-3	4.080925E1
1.232000E3	2.120790E0	-7.067678E-3	3.977963E1
1.233000E3	2.117702E0	-7.067678E-3	4.134131E1
1.234000E3	2.114613E0	-7.067678E-3	4.139987E1
1.235000E3	2.111524E0	-7.067678E-3	3.874037E1
1.236000E3	2.108435E0	-7.067678E-3	4.032569E1
1.237000E3	2.105346E0	-7.067678E-3	3.905385E1
1.238000E3	2.102258E0	-7.067678E-3	4.087392E1
1.239000E3	2.099169E0	-7.067678E-3	4.346573E1
1.240000E3	2.096080E0	-7.067678E-3	4.306666E1
1.241000E3	2.092991E0	-7.067678E-3	4.309991E1
1.242000E3	2.089902E0	-7.067678E-3	4.365277E1
1.243000E3	2.086813E0	-7.067678E-3	4.426035E1
1.244000E3	2.083725E0	-7.067678E-3	4.355132E1
1.245000E3	2.080636E0	-7.067678E-3	4.154627E1
1.246000E3	2.077547E0	-7.067678E-3	4.197718E1
1.247000E3	2.074458E0	-7.067678E-3	4.055982E1
1.248000E3	2.071369E0	-7.067678E-3	4.040249E1
1.249000E3	2.068281E0	-7.067678E-3	3.955830E1
1.250000E3	2.065192E0	-7.067678E-3	3.913472E1
1.251000E3	2.062103E0	-7.067678E-3	3.790554E1
1.252000E3	2.059014E0	-7.067678E-3	3.876038E1
1.253000E3	2.055925E0	-7.067678E-3	3.906458E1
1.254000E3	2.052836E0	-7.067678E-3	3.740864E1
1.255000E3	2.049748E0	-7.067678E-3	3.798974E1
1.256000E3	2.046659E0	-7.067678E-3	4.000906E1
1.257000E3	2.043570E0	-7.067678E-3	4.026869E1
1.258000E3	2.040481E0	-7.067678E-3	3.561643E1
1.259000E3	2.037392E0	-7.067678E-3	3.544146E1
1.260000E3	2.034304E0	-7.067678E-3	3.575533E1
1.261000E3	2.031215E0	-7.067678E-3	3.739718E1
1.262000E3	2.028126E0	-7.067678E-3	3.239566E1
1.263000E3	2.025037E0	-7.067678E-3	3.496094E1
1.264000E3	2.021948E0	-7.067678E-3	3.454731E1
1.265000E3	2.018859E0	-7.067678E-3	3.572552E1
1.266000E3	2.015771E0	-7.067678E-3	3.386221E1
1.267000E3	2.012682E0	-7.067678E-3	3.573562E1
1.268000E3	2.009593E0	-7.067678E-3	3.630898E1
1.269000E3	2.006504E0	-7.067678E-3	3.740240E1
1.270000E3	2.003415E0	-7.067678E-3	3.599699E1
1.271000E3	2.000327E0	-7.067678E-3	3.672028E1
1.272000E3	1.997238E0	-7.067678E-3	3.516806E1
1.273000E3	1.994149E0	-7.067678E-3	3.849636E1
1.274000E3	1.991060E0	-7.067678E-3	3.537415E1
1.275000E3	1.987971E0	-7.067678E-3	3.498187E1
1.276000E3	1.984882E0	-7.067678E-3	3.815955E1
1.277000E3	1.981794E0	-7.067678E-3	3.805044E1
1.278000E3	1.978705E0	-7.067678E-3	3.409575E1
1.279000E3	1.975616E0	-7.067678E-3	3.566647E1
1.280000E3	1.972527E0	-7.067678E-3	3.671598E1
1.281000E3	1.969438E0	-7.067678E-3	3.438871E1
1.282000E3	1.966350E0	-7.067678E-3	3.447127E1
1.283000E3	1.963261E0	-7.067678E-3	3.407755E1
1.284000E3	1.960172E0	-7.067678E-3	3.565061E1
1.285000E3	1.957083E0	-7.067678E-3	3.355391E1
1.286000E3	1.953994E0	-7.067678E-3	3.222751E1
1.287000E3	1.950905E0	-7.067678E-3	3.079992E1
1.288000E3	1.947817E0	-7.067678E-3	3.329995E1
1.289000E3	1.944728E0	-7.067678E-3	3.320590E1
1.290000E3	1.941639E0	-7.067678E-3	3.114197E1
1.291000E3	1.938550E0	-7.067678E-3	3.101216E1
1.292000E3	1.935461E0	-7.067678E-3	3.054146E1
1.293000E3	1.932373E0	-7.067678E-3	3.178059E1
1.294000E3	1.929284E0	-7.067678E-3	3.284428E1
1.295000E3	1.926195E0	-7.067678E-3	3.243707E1
1.296000E3	1.923106E0	-7.067678E-3	3.111545E1
1.297000E3	1.920017E0	-7.067678E-3	3.081889E1
1.298000E3	1.916928E0	-7.067678E-3	3.019141E1
1.299000E3	1.913840E0	-7.067678E-3	3.249571E1
1.300000E3	1.910751E0	-7.067678E-3	3.308401E1
1.301000E3	1.907662E0	-7.067678E-3	3.475415E1
1.302000E3	1.904573E0	-7.067678E-3	3.557599E1
1.303000E3	1.901484E0	-7.067678E-3	3.618751E1
1.304000E3	1.898396E0	-7.067678E-3	3.540550E1
1.305000E3	1.895307E0	-7.067678E-3	3.559705E1
1.306000E3	1.892218E0	-7.067678E-3	3.400307E1
1.307000E3	1.889129E0	-7.067678E-3	3.625979E1
1.308000E3	1.886040E0	-7.067678E-3	3.529063E1
1.309000E3	1.882951E0	-7.067678E-3	3.479442E1
1.310000E3	1.879863E0	-7.067678E-3	3.660960E1
1.311000E3	1.876774E0	-7.067678E-3	3.476638E1
1.312000E3	1.873685E0	-7.067678E-3	3.732581E1
1.313000E3	1.870596E0	-7.067678E-3	3.887531E1
1.314000E3	1.867507E0	-7.067678E-3	3.678893E1
1.315000E3	1.864419E0	-7.067678E-3	3.908637E1
1.316000E3	1.861330E0	-7.067678E-3	3.700820E1
1.317000E3	1.858241E0	-7.067678E-3	3.858286E1
1.318000E3	1.855152E0	-7.067678E-3	3.800486E1
1.319000E3	1.852063E0	-7.067678E-3	3.840526E1
1.320000E3	1.848974E0	-7.067678E-3	3.811007E1
1.321000E3	1.845886E0	-7.067678E-3	3.825227E1
1.322000E3	1.842797E0	-7.067678E-3	3.897920E1
1.323000E3	1.839708E0	-7.067678E-3	3.969860E1
1.324000E3	1.836619E0	-7.067678E-3	4.080823E1
1.325000E3	1.833530E0	-7.067678E-3	4.023301E1
1.326000E3	1.830442E0	-7.067678E-3	4.139657E1
1.327000E3	1.827353E0	-7.067678E-3	4.029184E1
1.328000E3	1.824264E0	-7.067678E-3	3.902337E1
1.329000E3	1.821175E0	-7.067678E-3	4.254386E1
1.330000E3	1.818086E0	-7.067678E-3	4.292580E1
1.331000E3	1.814997E0	-7.067678E-3	4.209602E1
1.332000E3	1.811909E0	-7.067678E-3	4.300142E1
1.333000E3	1.808820E0	-7.067678E-3	4.407795E1
1.334000E3	1.805731E0	-7.067678E-3	4.365945E1
1.335000E3	1.802642E0	-7.067678E-3	4.736670E1
1.336000E3	1.799553E0	-7.067678E-3	4.704132E1
1.337000E3	1.796464E0	-7.067678E-3	4.777501E1
1.338000E3	1.793376E0	-7.067678E-3	4.804043E1
1.339000E3	1.790287E0	-7.067678E-3	4.808284E1
1.340000E3	1.787198E0	-7.067678E-3	4.898210E1
1.341000E3	1.784109E0	-7.067678E-3	4.899111E1
1.342000E3	1.781020E0	-7.067678E-3	4.957313E1
1.343000E3	1.777932E0	-7.067678E-3	4.761928E1
1.344000E3	1.774843E0	-7.067678E-3	4.950405E1
1.345000E3	1.771754E0	-7.067678E-3	5.011043E1
1.346000E3	1.768665E0	-7.067678E-3	5.057156E1
1.347000E3	1.765576E0	-7.067678E-3	5.033144E1
1.348000E3	1.762487E0	-7.067678E-3	5.082910E1
1.349000E3	1.759399E0	-7.067678E-3	5.369478E1
1.350000E3	1.756310E0	-7.067678E-3	5.303080E1
1.351000E3	1.753221E0	-7.067678E-3	5.346461E1
1.352000E3	1.750132E0	-7.067678E-3	5.415058E1
1.353000E3	1.747043E0	-7.067678E-3	5.514138E1
1.354000E3	1.743955E0	-7.067678E-3	5.560537E1
1.355000E3	1.740866E0	-7.067678E-3	5.281254E1
1.356000E3	1.737777E0	-7.067678E-3	5.283391E1
1.357000E3	1.734688E0	-7.067678E-3	5.484470E1
1.358000E3	1.731599E0	-7.067678E-3	5.708588E1
1.359000E3	1.728510E0	-7.067678E-3	5.666373E1
1.360000E3	1.725422E0	-7.067678E-3	5.489600E1
1.361000E3	1.722333E0	-7.067678E-3	5.582566E1
1.362000E3	1.719244E0	-7.067678E-3	5.605039E1
1.363000E3	1.716155E0	-7.067678E-3	5.830605E1
1.364000E3	1.713066E0	-7.067678E-3	5.705775E1
1.365000E3	1.709978E0	-7.067678E-3	5.652874E1
1.366000E3	1.706889E0	-7.067678E-3	5.610366E1
1.367000E3	1.703800E0	-7.067678E-3	5.944966E1
1.368000E3	1.700711E0	-7.067678E-3	5.887347E1
1.369000E3	1.697622E0	-7.067678E-3	5.852300E1
1.370000E3	1.694533E0	-7.067678E-3	5.827747E1
1.371000E3	1.691445E0	-7.067678E-3	6.118615E1
1.372000E3	1.688356E0	-7.067678E-3	6.153377E1
1.373000E3	1.685267E0	-7.067678E-3	6.322216E1
1.374000E3	1.682178E0	-7.067678E-3	6.359540E1
1.375000E3	1.679089E0	-7.067678E-3	6.186513E1
1.376000E3	1.676001E0	-7.067678E-3	6.419193E1
1.377000E3	1.672912E0	-7.067678E-3	6.414183E1
1.378000E3	1.669823E0	-7.067678E-3	6.436650E1
1.379000E3	1.666734E0	-7.067678E-3	6.408642E1
1.380000E3	1.663645E0	-7.067678E-3	6.345746E1
1.381000E3	1.660556E0	-7.067678E-3	6.231415E1
1.382000E3	1.657468E0	-7.067678E-3	6.360122E1
1.383000E3	1.654379E0	-7.067678E-3	6.328883E1
1.384000E3	1.651290E0	-7.067678E-3	6.126382E1
1.385000E3	1.648201E0	-7.067678E-3	6.245218E1
1.386000E3	1.645112E0	-7.067678E-3	6.470052E1
1.387000E3	1.642024E0	-7.067678E-3	6.554717E1
1.388000E3	1.638935E0	-7.067678E-3	6.403044E1
1.389000E3	1.635846E0	-7.067678E-3	6.583748E1
1.390000E3	1.632757E0	-7.067678E-3	6.605295E1
1.391000E3	1.629668E0	-7.067678E-3	6.602488E1
1.392000E3	1.626579E0	-7.067678E-3	6.476951E1
1.393000E3	1.623491E0	-7.067678E-3	6.654934E1
1.394000E3	1.620402E0	-7.067678E-3	6.845158E1
1.395000E3	1.617313E0	-7.067678E-3	7.010221E1
1.396000E3	1.614224E0	-7.067678E-3	7.065600E1
1.397000E3	1.611135E0	-7.067678E-3	7.559316E1
1.398000E3	1.608047E0	-7.067678E-3	7.523636E1
1.399000E3	1.604958E0	-7.067678E-3	7.395807E1
1.400000E3	1.601869E0	-7.067678E-3	7.528465E1
1.401000E3	1.598780E0	-7.067678E-3	7.576619E1
1.402000E3	1.595691E0	-7.067678E-3	7.268296E1
1.403000E3	1.592602E0	-7.067678E-3	7.372669E1
1.404000E3	1.589514E0	-7.067678E-3	7.506585E1
1.405000E3	1.586425E0	-7.067678E-3	7.619284E1
1.406000E3	1.583336E0	-7.067678E-3	7.581822E1
1.407000E3	1.580247E0	-7.067678E-3	7.322843E1
1.408000E3	1.577158E0	-7.067678E-3	7.364190E1
1.409000E3	1.574070E0	-7.067678E-3	7.433811E1
1.410000E3	1.570981E0	-7.067678E-3	7.526148E1
1.411000E3	1.567892E0	-7.067678E-3	7.460252E1
1.412000E3	1.564803E0	-7.067678E-3	7.220429E1
1.413000E3	1.561714E0	-7.067678E-3	7.382026E1
1.414000E3	1.558625E0	-7.067678E-3	7.152728E1
1.415000E3	1.555537E0	-7.067678E-3	7.040224E1
1.416000E3	1.552448E0	-7.067678E-3	6.813080E1
1.417000E3	1.549359E0	-7.067678E-3	6.733154E1
1.418000E3	1.546270E0	-7.067678E-3	6.639646E1
1.419000E3	1.543181E0	-7.067678E-3	6.653447E1
1.420000E3	1.540093E0	-7.067678E-3	6.698950E1
1.421000E3	1.537004E0	-7.067678E-3	6.815971E1
1.422000E3	1.533915E0	-7.067678E-3	7.112675E1
1.423000E3	1.530826E0	-7.067678E-3	7.125339E1
1.424000E3	1.527737E0	-7.067678E-3	6.757034E1
1.425000E3	1.524648E0	-7.067678E-3	6.747340E1
1.426000E3	1.521560E0	-7.067678E-3	7.035957E1
1.427000E3	1.518471E0	-7.067678E-3	6.919213E1
1.428000E3	1.515382E0	-7.067678E-3	6.853269E1
1.429000E3	1.512293E0	-7.067678E-3	6.705558E1
1.430000E3	1.509204E0	-7.067678E-3	6.807190E1
1.431000E3	1.506116E0	-7.067678E-3	6.997496E1
1.432000E3	1.503027E0	-7.067678E-3	7.106894E1
1.433000E3	1.499938E0	-7.067678E-3	6.923624E1
1.434000E3	1.496849E0	-7.067678E-3	6.774690E1
1.435000E3	1.493760E0	-7.067678E-3	7.053656E1
1.436000E3	1.490671E0	-7.067678E-3	6.991551E1
1.437000E3	1.487583E0	-7.067678E-3	7.098322E1
1.438000E3	1.484494E0	-7.067678E-3	7.128106E1
1.439000E3	1.481405E0	-7.067678E-3	6.891765E1
1.440000E3	1.478316E0	-7.067678E-3	6.955235E1
1.441000E3	1.475227E0	-7.067678E-3	6.970664E1
1.442000E3	1.472139E0	-7.067678E-3	6.924465E1
1.443000E3	1.469050E0	-7.067678E-3	6.796387E1
1.444000E3	1.465961E0	-7.067678E-3	6.618572E1
1.445000E3	1.462872E0	-7.067678E-3	6.368842E1
1.446000E3	1.459783E0	-7.067678E-3	6.316566E1
1.447000E3	1.456694E0	-7.067678E-3	6.379259E1
1.448000E3	1.453606E0	-7.067678E-3	6.108668E1
1.449000E3	1.450517E0	-7.067678E-3	5.801128E1
1.450000E3	1.447428E0	-7.067678E-3	5.729637E1
1.451000E3	1.444339E0	-7.067678E-3	5.506808E1
1.452000E3	1.441250E0	-7.067678E-3	5.485430E1
1.453000E3	1.438162E0	-7.067678E-3	5.216568E1
1.454000E3	1.435073E0	-7.067678E-3	5.146887E1
1.455000E3	1.431984E0	-7.067678E-3	5.032819E1
1.456000E3	1.428895E0	-7.067678E-3	4.850556E1
1.457000E3	1.425806E0	-7.067678E-3	5.029596E1
1.458000E3	1.422717E0	-7.067678E-3	4.841777E1
1.459000E3	1.419629E0	-7.067678E-3	5.155609E1
1.460000E3	1.416540E0	-7.067678E-3	5.407405E1
1.461000E3	1.413451E0	-7.067678E-3	5.623971E1
1.462000E3	1.410362E0	-7.067678E-3	5.309500E1
1.463000E3	1.407273E0	-7.067678E-3	5.558791E1
1.464000E3	1.404185E0	-7.067678E-3	5.635345E1
1.465000E3	1.401096E0	-7.067678E-3	5.631478E1
1.466000E3	1.398007E0	-7.067678E-3	5.369104E1
1.467000E3	1.394918E0	-7.067678E-3	5.366870E1
1.468000E3	1.391829E0	-7.067678E-3	5.385770E1
1.469000E3	1.388740E0	-7.067678E-3	5.334682E1
1.470000E3	1.385652E0	-7.067678E-3	5.260178E1
1.471000E3	1.382563E0	-7.067678E-3	5.023530E1
1.472000E3	1.379474E0	-7.067678E-3	5.030181E1
1.473000E3	1.376385E0	-7.067678E-3	4.852370E1
1.474000E3	1.373296E0	-7.067678E-3	4.973294E1
1.475000E3	1.370208E0	-7.067678E-3	4.836493E1
1.476000E3	1.367119E0	-7.067678E-3	4.966607E1
1.477000E3	1.364030E0	-7.067678E-3	4.960078E1
1.478000E3	1.360941E0	-7.067678E-3	4.601194E1
1.479000E3	1.357852E0	-7.067678E-3	4.439350E1
1.480000E3	1.354763E0	-7.067678E-3	4.470246E1
1.481000E3	1.351675E0	-7.067678E-3	4.352229E1
1.482000E3	1.348586E0	-7.067678E-3	4.674080E1
1.483000E3	1.345497E0	-7.067678E-3	4.442988E1
1.484000E3	1.342408E0	-7.067678E-3	4.364962E1
1.485000E3	1.339319E0	-7.067678E-3	3.915410E1
1.486000E3	1.336231E0	-7.067678E-3	3.911567E1
1.487000E3	1.333142E0	-7.067678E-3	3.627370E1
1.488000E3	1.330053E0	-7.067678E-3	3.633658E1
1.489000E3	1.326964E0	-7.067678E-3	3.902313E1
1.490000E3	1.323875E0	-7.067678E-3	3.728060E1
1.491000E3	1.320786E0	-7.067678E-3	3.820224E1
1.492000E3	1.317698E0	-7.067678E-3	3.839537E1
1.493000E3	1.314609E0	-7.067678E-3	3.739988E1
1.494000E3	1.311520E0	-7.067678E-3	3.969138E1
1.495000E3	1.308431E0	-7.067678E-3	3.945756E1
1.496000E3	1.305342E0	-7.067678E-3	3.845358E1
1.497000E3	1.302253E0	-7.067678E-3	3.943817E1
1.498000E3	1.299165E0	-7.067678E-3	3.489189E1
1.499000E3	1.296076E0	-7.067678E-3	3.447467E1
1.500000E3	1.292987E0	-7.067678E-3	3.504425E1
1.501000E3	1.289898E0	-7.067678E-3	3.742367E1
1.502000E3	1.286809E0	-7.067678E-3	3.689889E1
1.503000E3	1.283721E0	-7.067678E-3	3.646978E1
1.504000E3	1.280632E0	-7.067678E-3	3.422780E1
1.505000E3	1.277543E0	-7.067678E-3	3.576533E1
1.506000E3	1.274454E0	-7.067678E-3	3.554669E1
1.507000E3	1.271365E0	-7.067678E-3	3.778233E1
1.508000E3	1.268276E0	-7.067678E-3	3.764919E1
1.509000E3	1.265188E0	-7.067678E-3	3.748090E1
1.510000E3	1.262099E0	-7.067678E-3	3.818830E1
1.511000E3	1.259010E0	-7.067678E-3	3.985356E1
1.512000E3	1.255921E0	-7.067678E-3	3.823259E1
1.513000E3	1.252832E0	-7.067678E-3	3.788419E1
1.514000E3	1.249744E0	-7.067678E-3	3.951615E1
1.515000E3	1.246655E0	-7.067678E-3	4.055242E1
1.516000E3	1.243566E0	-7.067678E-3	4.080538E1
1.517000E3	1.240477E0	-7.067678E-3	4.209506E1
1.518000E3	1.237388E0	-7.067678E-3	4.266742E1
1.519000E3	1.234299E0	-7.067678E-3	4.442601E1
1.520000E3	1.231211E0	-7.067678E-3	4.406246E1
1.521000E3	1.228122E0	-7.067678E-3	4.522827E1
1.522000E3	1.225033E0	-7.067678E-3	4.872522E1
1.523000E3	1.221944E0	-7.067678E-3	4.824827E1
1.524000E3	1.218855E0	-7.067678E-3	5.128156E1
1.525000E3	1.215767E0	-7.067678E-3	5.257362E1
1.526000E3	1.212678E0	-7.067678E-3	5.167600E1
1.527000E3	1.209589E0	-7.067678E-3	5.270203E1
1.528000E3	1.206500E0	-7.067678E-3	5.574171E1
1.529000E3	1.203411E0	-7.067678E-3	5.715529E1
1.530000E3	1.200322E0	-7.067678E-3	5.748813E1
1.531000E3	1.197234E0	-7.067678E-3	5.845678E1
1.532000E3	1.194145E0	-7.067678E-3	5.744980E1
1.533000E3	1.191056E0	-7.067678E-3	5.915150E1
1.534000E3	1.187967E0	-7.067678E-3	6.136907E1
1.535000E3	1.184878E0	-7.067678E-3	6.457020E1
1.536000E3	1.181790E0	-7.067678E-3	6.481635E1
1.537000E3	1.178701E0	-7.067678E-3	6.170875E1
1.538000E3	1.175612E0	-7.067678E-3	6.305348E1
1.539000E3	1.172523E0	-7.067678E-3	6.225817E1
1.540000E3	1.169434E0	-7.067678E-3	6.385212E1
1.541000E3	1.166345E0	-7.067678E-3	6.727513E1
1.542000E3	1.163257E0	-7.067678E-3	6.676528E1
1.543000E3	1.160168E0	-7.067678E-3	6.787396E1
1.544000E3	1.157079E0	-7.067678E-3	6.772881E1
1.545000E3	1.153990E0	-7.067678E-3	7.072022E1
1.546000E3	1.150901E0	-7.067678E-3	7.170325E1
1.547000E3	1.147813E0	-7.067678E-3	7.339005E1
1.548000E3	1.144724E0	-7.067678E-3	7.471165E1
1.549000E3	1.141635E0	-7.067678E-3	7.449531E1
1.550000E3	1.138546E0	-7.067678E-3	7.296679E1
1.551000E3	1.135457E0	-7.067678E-3	7.527958E1
1.552000E3	1.132368E0	-7.067678E-3	7.672130E1
1.553000E3	1.129280E0	-7.067678E-3	7.905377E1
1.554000E3	1.126191E0	-7.067678E-3	7.986653E1
1.555000E3	1.123102E0	-7.067678E-3	8.174103E1
1.556000E3	1.120013E0	-7.067678E-3	8.775783E1
1.557000E3	1.116924E0	-7.067678E-3	9.097044E1
1.558000E3	1.113836E0	-7.067678E-3	9.134211E1
1.559000E3	1.110747E0	-7.067678E-3	9.111216E1
1.560000E3	1.107658E0	-7.067678E-3	8.990215E1
1.561000E3	1.104569E0	-7.067678E-3	9.001740E1
1.562000E3	1.101480E0	-7.067678E-3	8.965603E1
1.563000E3	1.098391E0	-7.067678E-3	9.074314E1
1.564000E3	1.095303E0	-7.067678E-3	9.549890E1
1.565000E3	1.092214E0	-7.067678E-3	9.904935E1
1.566000E3	1.089125E0	-7.067678E-3	1.004277E2
1.567000E3	1.086036E0	-7.067678E-3	1.023174E2
1.568000E3	1.082947E0	-7.067678E-3	1.042370E2
1.569000E3	1.079859E0	-7.067678E-3	1.055537E2
1.570000E3	1.076770E0	-7.067678E-3	1.050045E2
1.571000E3	1.073681E0	-7.067678E-3	1.055586E2
1.572000E3	1.070592E0	-7.067678E-3	1.053017E2
1.573000E3	1.067503E0	-7.067678E-3	1.038706E2
1.574000E3	1.064414E0	-7.067678E-3	1.028468E2
1.575000E3	1.061326E0	-7.067678E-3	1.032812E2
1.576000E3	1.058237E0	-7.067678E-3	1.021526E2
1.577000E3	1.055148E0	-7.067678E-3	1.022586E2
1.578000E3	1.052059E0	-7.067678E-3	1.012114E2
1.579000E3	1.048970E0	-7.067678E-3	1.002072E2
1.580000E3	1.045882E0	-7.067678E-3	1.041154E2
1.581000E3	1.042793E0	-7.067678E-3	1.054586E2
1.582000E3	1.039704E0	-7.067678E-3	1.061985E2
1.583000E3	1.036615E0	-7.067678E-3	1.059964E2
1.584000E3	1.033526E0	-7.067678E-3	1.053831E2
1.585000E3	1.030437E0	-7.067678E-3	1.067257E2
1.586000E3	1.027349E0	-7.067678E-3	1.109701E2
1.587000E3	1.024260E0	-7.067678E-3	1.118964E2
1.588000E3	1.021171E0	-7.067678E-3	1.126330E2
1.589000E3	1.018082E0	-7.067678E-3	1.122069E2
1.590000E3	1.014993E0	-7.067678E-3	1.149045E2
1.591000E3	1.011905E0	-7.067678E-3	1.142142E2
1.592000E3	1.008816E0	-7.067678E-3	1.143100E2
1.593000E3	1.005727E0	-7.067678E-3	1.153223E2
1.594000E3	1.002638E0	-7.067678E-3	1.172118E2
1.595000E3	9.995493E-1	-7.067678E-3	1.187991E2
1.596000E3	9.964604E-1	-7.067678E-3	1.195257E2
1.597000E3	9.933716E-1	-7.067678E-3	1.204497E2
1.598000E3	9.902828E-1	-7.067678E-3	1.174371E2
1.599000E3	9.871940E-1	-7.067678E-3	1.184272E2
1.600000E3	9.841052E-1	-7.067678E-3	1.175030E2
1.601000E3	9.810163E-1	-7.067678E-3	1.182512E2
1.602000E3	9.779275E-1	-7.067678E-3	1.195286E2
1.603000E3	9.748387E-1	-7.067678E-3	1.196895E2
1.604000E3	9.717499E-1	-7.067678E-3	1.203658E2
1.605000E3	9.686611E-1	-7.067678E-3	1.205604E2
1.606000E3	9.655723E-1	-7.067678E-3	1.187426E2
1.607000E3	9.624834E-1	-7.067678E-3	1.201765E2
1.608000E3	9.593946E-1	-7.067678E-3	1.214365E2
1.609000E3	9.563058E-1	-7.067678E-3	1.205064E2
1.610000E3	9.532170E-1	-7.067678E-3	1.187923E2
1.611000E3	9.501282E-1	-7.067678E-3	1.165446E2
1.612000E3	9.470393E-1	-7.067678E-3	1.134666E2
1.613000E3	9.439505E-1	-7.067678E-3	1.162324E2
1.614000E3	9.408617E-1	-7.067678E-3	1.159690E2
1.615000E3	9.377729E-1	-7.067678E-3	1.167164E2
1.616000E3	9.346841E-1	-7.067678E-3	1.173501E2
1.617000E3	9.315952E-1	-7.067678E-3	1.194783E2
1.618000E3	9.285064E-1	-7.067678E-3	1.204658E2
1.619000E3	9.254176E-1	-7.067678E-3	1.190431E2
1.620000E3	9.223288E-1	-7.067678E-3	1.217266E2
1.621000E3	9.192400E-1	-7.067678E-3	1.242414E2
1.622000E3	9.161512E-1	-7.067678E-3	1.251905E2
1.623000E3	9.130623E-1	-7.067678E-3	1.283582E2
1.624000E3	9.099735E-1	-7.067678E-3	1.269961E2
1.625000E3	9.068847E-1	-7.067678E-3	1.264540E2
1.626000E3	9.037959E-1	-7.067678E-3	1.278177E2
1.627000E3	9.007071E-1	-7.067678E-3	1.274813E2
1.628000E3	8.976182E-1	-7.067678E-3	1.274543E2
1.629000E3	8.945294E-1	-7.067678E-3	1.300244E2
1.630000E3	8.914406E-1	-7.067678E-3	1.319620E2
1.631000E3	8.883518E-1	-7.067678E-3	1.321501E2
1.632000E3	8.852630E-1	-7.067678E-3	1.307243E2
1.633000E3	8.821741E-1	-7.067678E-3	1.316364E2
1.634000E3	8.790853E-1	-7.067678E-3	1.290109E2
1.635000E3	8.759965E-1	-7.067678E-3	1.261464E2
1.636000E3	8.729077E-1	-7.067678E-3	1.238885E2
1.637000E3	8.698189E-1	-7.067678E-3	1.239962E2
1.638000E3	8.667301E-1	-7.067678E-3	1.246982E2
1.639000E3	8.636412E-1	-7.067678E-3	1.233672E2
1.640000E3	8.605524E-1	-7.067678E-3	1.232929E2
1.641000E3	8.574636E-1	-7.067678E-3	1.235452E2
1.642000E3	8.543748E-1	-7.067678E-3	1.222103E2
1.643000E3	8.512860E-1	-7.067678E-3	1.190500E2
1.644000E3	8.481971E-1	-7.067678E-3	1.187592E2
1.645000E3	8.451083E-1	-7.067678E-3	1.186519E2
1.646000E3	8.420195E-1	-7.067678E-3	1.157347E2
1.647000E3	8.389307E-1	-7.067678E-3	1.149569E2
1.648000E3	8.358419E-1	-7.067678E-3	1.180913E2
1.649000E3	8.327530E-1	-7.067678E-3	1.185263E2
1.650000E3	8.296642E-1	-7.067678E-3	1.162178E2
1.651000E3	8.265754E-1	-7.067678E-3	1.165435E2
1.652000E3	8.234866E-1	-7.067678E-3	1.219586E2
1.653000E3	8.203978E-1	-7.067678E-3	1.248846E2
1.654000E3	8.173090E-1	-7.067678E-3	1.260757E2
1.655000E3	8.142201E-1	-7.067678E-3	1.227935E2
1.656000E3	8.111313E-1	-7.067678E-3	1.224040E2
1.657000E3	8.080425E-1	-7.067678E-3	1.211979E2
1.658000E3	8.049537E-1	-7.067678E-3	1.212272E2
1.659000E3	8.018649E-1	-7.067678E-3	1.226766E2
1.660000E3	7.987760E-1	-7.067678E-3	1.213485E2
1.661000E3	7.956872E-1	-7.067678E-3	1.184303E2
1.662000E3	7.925984E-1	-7.067678E-3	1.182804E2
1.663000E3	7.895096E-1	-7.067678E-3	1.187909E2
1.664000E3	7.864208E-1	-7.067678E-3	1.160013E2
1.665000E3	7.833319E-1	-7.067678E-3	1.139493E2
1.666000E3	7.802431E-1	-7.067678E-3	1.138452E2
1.667000E3	7.771543E-1	-7.067678E-3	1.129473E2
1.668000E3	7.740655E-1	-7.067678E-3	1.144579E2
1.669000E3	7.709767E-1	-7.067678E-3	1.139100E2
1.670000E3	7.678879E-1	-7.067678E-3	1.092242E2
1.671000E3	7.647990E-1	-7.067678E-3	1.051281E2
1.672000E3	7.617102E-1	-7.067678E-3	1.045299E2
1.673000E3	7.586214E-1	-7.067678E-3	1.064700E2
1.674000E3	7.555326E-1	-7.067678E-3	1.063227E2
1.675000E3	7.524438E-1	-7.067678E-3	1.045463E2
1.676000E3	7.493549E-1	-7.067678E-3	1.022108E2
1.677000E3	7.462661E-1	-7.067678E-3	1.023322E2
1.678000E3	7.431773E-1	-7.067678E-3	1.030058E2
1.679000E3	7.400885E-1	-7.067678E-3	1.031095E2
1.680000E3	7.369997E-1	-7.067678E-3	1.039363E2
1.681000E3	7.339108E-1	-7.067678E-3	1.048275E2
1.682000E3	7.308220E-1	-7.067678E-3	9.652290E1
1.683000E3	7.277332E-1	-7.067678E-3	9.237398E1
1.684000E3	7.246444E-1	-7.067678E-3	9.489269E1
1.685000E3	7.215556E-1	-7.067678E-3	9.446683E1
1.686000E3	7.184668E-1	-7.067678E-3	9.548962E1
1.687000E3	7.153779E-1	-7.067678E-3	9.555381E1
1.688000E3	7.122891E-1	-7.067678E-3	9.353670E1
1.689000E3	7.092003E-1	-7.067678E-3	9.254991E1
1.690000E3	7.061115E-1	-7.067678E-3	9.030565E1
1.691000E3	7.030227E-1	-7.067678E-3	9.018750E1
1.692000E3	6.999338E-1	-7.067678E-3	9.003343E1
1.693000E3	6.968450E-1	-7.067678E-3	8.804382E1
1.694000E3	6.937562E-1	-7.067678E-3	8.690629E1
1.695000E3	6.906674E-1	-7.067678E-3	8.325685E1
1.696000E3	6.875786E-1	-7.067678E-3	8.325820E1
1.697000E3	6.844897E-1	-7.067678E-3	8.068212E1
1.698000E3	6.814009E-1	-7.067678E-3	7.867019E1
1.699000E3	6.783121E-1	-7.067678E-3	7.720153E1
1.700000E3	6.752233E-1	-7.067678E-3	7.382717E1
1.701000E3	6.721345E-1	-7.067678E-3	7.300504E1
1.702000E3	6.690457E-1	-7.067678E-3	7.575876E1
1.703000E3	6.659568E-1	-7.067678E-3	7.657595E1
1.704000E3	6.628680E-1	-7.067678E-3	7.514474E1
1.705000E3	6.597792E-1	-7.067678E-3	7.140433E1
1.706000E3	6.566904E-1	-7.067678E-3	7.127699E1
1.707000E3	6.536016E-1	-7.067678E-3	6.999483E1
1.708000E3	6.505127E-1	-7.067678E-3	6.999941E1
1.709000E3	6.474239E-1	-7.067678E-3	7.124106E1
1.710000E3	6.443351E-1	-7.067678E-3	7.083833E1
1.711000E3	6.412463E-1	-7.067678E-3	7.123841E1
1.712000E3	6.381575E-1	-7.067678E-3	6.999541E1
1.713000E3	6.350686E-1	-7.067678E-3	7.103080E1
1.714000E3	6.319798E-1	-7.067678E-3	7.207952E1
1.715000E3	6.288910E-1	-7.067678E-3	7.352349E1
1.716000E3	6.258022E-1	-7.067678E-3	7.424279E1
1.717000E3	6.227134E-1	-7.067678E-3	7.499930E1
1.718000E3	6.196246E-1	-7.067678E-3	7.781804E1
1.719000E3	6.165357E-1	-7.067678E-3	8.140732E1
1.720000E3	6.134469E-1	-7.067678E-3	8.180187E1
1.721000E3	6.103581E-1	-7.067678E-3	8.457456E1
1.722000E3	6.072693E-1	-7.067678E-3	8.873344E1
1.723000E3	6.041805E-1	-7.067678E-3	9.065563E1
1.724000E3	6.010916E-1	-7.067678E-3	9.178126E1
1.725000E3	5.980028E-1	-7.067678E-3	9.259013E1
1.726000E3	5.949140E-1	-7.067678E-3	9.310769E1
1.727000E3	5.918252E-1	-7.067678E-3	9.226008E1
1.728000E3	5.887364E-1	-7.067678E-3	9.337354E1
1.729000E3	5.856475E-1	-7.067678E-3	9.322710E1
1.730000E3	5.825587E-1	-7.067678E-3	9.251500E1
1.731000E3	5.794699E-1	-7.067678E-3	9.409409E1
1.732000E3	5.763811E-1	-7.067678E-3	9.375890E1
1.733000E3	5.732923E-1	-7.067678E-3	9.872933E1
1.734000E3	5.702035E-1	-7.067678E-3	1.018650E2
1.735000E3	5.671146E-1	-7.067678E-3	1.071462E2
1.736000E3	5.640258E-1	-7.067678E-3	1.092326E2
1.737000E3	5.609370E-1	-7.067678E-3	1.075454E2
1.738000E3	5.578482E-1	-7.067678E-3	1.055224E2
1.739000E3	5.547594E-1	-7.067678E-3	1.088322E2
1.740000E3	5.516705E-1	-7.067678E-3	1.085146E2
1.741000E3	5.485817E-1	-7.067678E-3	1.090802E2
1.742000E3	5.454929E-1	-7.067678E-3	1.112278E2
1.743000E3	5.424041E-1	-7.067678E-3	1.146831E2
1.744000E3	5.393153E-1	-7.067678E-3	1.135892E2
1.745000E3	5.362264E-1	-7.067678E-3	1.187833E2
1.746000E3	5.331376E-1	-7.067678E-3	1.236695E2
1.747000E3	5.300488E-1	-7.067678E-3	1.242968E2
1.748000E3	5.269600E-1	-7.067678E-3	1.290625E2
1.749000E3	5.238712E-1	-7.067678E-3	1.329382E2
1.750000E3	5.207824E-1	-7.067678E-3	1.382547E2
1.751000E3	5.176935E-1	-7.067678E-3	1.408104E2
1.752000E3	5.146047E-1	-7.067678E-3	1.438173E2
1.753000E3	5.115159E-1	-7.067678E-3	1.428302E2
1.754000E3	5.084271E-1	-7.067678E-3	1.447208E2
1.755000E3	5.053383E-1	-7.067678E-3	1.457572E2
1.756000E3	5.022494E-1	-7.067678E-3	1.485749E2
1.757000E3	4.991606E-1	-7.067678E-3	1.521267E2
1.758000E3	4.960718E-1	-7.067678E-3	1.514769E2
1.759000E3	4.929830E-1	-7.067678E-3	1.523792E2
1.760000E3	4.898942E-1	-7.067678E-3	1.546841E2
1.761000E3	4.868053E-1	-7.067678E-3	1.576826E2
1.762000E3	4.837165E-1	-7.067678E-3	1.583375E2
1.763000E3	4.806277E-1	-7.067678E-3	1.595653E2
1.764000E3	4.775389E-1	-7.067678E-3	1.604271E2
1.765000E3	4.744501E-1	-7.067678E-3	1.610839E2
1.766000E3	4.713613E-1	-7.067678E-3	1.651335E2
1.767000E3	4.682724E-1	-7.067678E-3	1.641366E2
1.768000E3	4.651836E-1	-7.067678E-3	1.640558E2
1.769000E3	4.620948E-1	-7.067678E-3	1.666129E2
1.770000E3	4.590060E-1	-7.067678E-3	1.660168E2
1.771000E3	4.559172E-1	-7.067678E-3	1.692870E2
1.772000E3	4.528283E-1	-7.067678E-3	1.753708E2
1.773000E3	4.497395E-1	-7.067678E-3	1.785663E2
1.774000E3	4.466507E-1	-7.067678E-3	1.799894E2
1.775000E3	4.435619E-1	-7.067678E-3	1.824990E2
1.776000E3	4.404731E-1	-7.067678E-3	1.831899E2
1.777000E3	4.373842E-1	-7.067678E-3	1.853982E2
1.778000E3	4.342954E-1	-7.067678E-3	1.923807E2
1.779000E3	4.312066E-1	-7.067678E-3	1.977651E2
1.780000E3	4.281178E-1	-7.067678E-3	2.051384E2
1.781000E3	4.250290E-1	-7.067678E-3	2.103932E2
1.782000E3	4.219402E-1	-7.067678E-3	2.166889E2
1.783000E3	4.188513E-1	-7.067678E-3	2.195833E2
1.784000E3	4.157625E-1	-7.067678E-3	2.205508E2
1.785000E3	4.126737E-1	-7.067678E-3	2.221765E2
1.786000E3	4.095849E-1	-7.067678E-3	2.236362E2
1.787000E3	4.064961E-1	-7.067678E-3	2.257147E2
1.788000E3	4.034072E-1	-7.067678E-3	2.278514E2
1.789000E3	4.003184E-1	-7.067678E-3	2.287245E2
1.790000E3	3.972296E-1	-7.067678E-3	2.297272E2
1.791000E3	3.941408E-1	-7.067678E-3	2.299596E2
1.792000E3	3.910520E-1	-7.067678E-3	2.306203E2
1.793000E3	3.879631E-1	-7.067678E-3	2.315346E2
1.794000E3	3.848743E-1	-7.067678E-3	2.326159E2
1.795000E3	3.817855E-1	-7.067678E-3	2.338019E2
1.796000E3	3.786967E-1	-7.067678E-3	2.351516E2
1.797000E3	3.756079E-1	-7.067678E-3	2.362529E2
1.798000E3	3.725191E-1	-7.067678E-3	2.361615E2
1.799000E3	3.694302E-1	-7.067678E-3	2.363676E2
1.800000E3	3.663414E-1	-7.067678E-3	2.409503E2
1.801000E3	3.632526E-1	-7.067678E-3	2.434502E2
1.802000E3	3.601638E-1	-7.067678E-3	2.446807E2
1.803000E3	3.570750E-1	-7.067678E-3	2.451694E2
1.804000E3	3.539861E-1	-7.067678E-3	2.460716E2
1.805000E3	3.508973E-1	-7.067678E-3	2.464110E2
1.806000E3	3.478085E-1	-7.067678E-3	2.438882E2
1.807000E3	3.447197E-1	-7.067678E-3	2.419180E2
1.808000E3	3.416309E-1	-7.067678E-3	2.405631E2
1.809000E3	3.385420E-1	-7.067678E-3	2.397360E2
1.810000E3	3.354532E-1	-7.067678E-3	2.402568E2
1.811000E3	3.323644E-1	-7.067678E-3	2.411666E2
1.812000E3	3.292756E-1	-7.067678E-3	2.422021E2
1.813000E3	3.261868E-1	-7.067678E-3	2.435207E2
1.814000E3	3.230980E-1	-7.067678E-3	2.443364E2
1.815000E3	3.200091E-1	-7.067678E-3	2.446777E2
1.816000E3	3.169203E-1	-7.067678E-3	2.452022E2
1.817000E3	3.138315E-1	-7.067678E-3	2.460446E2
1.818000E3	3.107427E-1	-7.067678E-3	2.459679E2
1.819000E3	3.076539E-1	-7.067678E-3	2.451647E2
1.820000E3	3.045650E-1	-7.067678E-3	2.485312E2
1.821000E3	3.014762E-1	-7.067678E-3	2.507565E2
1.822000E3	2.983874E-1	-7.067678E-3	2.509813E2
1.823000E3	2.952986E-1	-7.067678E-3	2.506498E2
1.824000E3	2.922098E-1	-7.067678E-3	2.498107E2
1.825000E3	2.891209E-1	-7.067678E-3	2.486780E2
1.826000E3	2.860321E-1	-7.067678E-3	2.474934E2
1.827000E3	2.829433E-1	-7.067678E-3	2.474186E2
1.828000E3	2.798545E-1	-7.067678E-3	2.480155E2
1.829000E3	2.767657E-1	-7.067678E-3	2.493950E2
1.830000E3	2.736769E-1	-7.067678E-3	2.493888E2
1.831000E3	2.705880E-1	-7.067678E-3	2.468290E2
1.832000E3	2.674992E-1	-7.067678E-3	2.466961E2
1.833000E3	2.644104E-1	-7.067678E-3	2.476176E2
1.834000E3	2.613216E-1	-7.067678E-3	2.488680E2
1.835000E3	2.582328E-1	-7.067678E-3	2.491375E2
1.836000E3	2.551439E-1	-7.067678E-3	2.495397E2
1.837000E3	2.520551E-1	-7.067678E-3	2.498851E2
1.838000E3	2.489663E-1	-7.067678E-3	2.504452E2
1.839000E3	2.458775E-1	-7.067678E-3	2.512610E2
1.840000E3	2.427887E-1	-7.067678E-3	2.525937E2
1.841000E3	2.396998E-1	-7.067678E-3	2.531684E2
1.842000E3	2.366110E-1	-7.067678E-3	2.529445E2
1.843000E3	2.335222E-1	-7.067678E-3	2.529200E2
1.844000E3	2.304334E-1	-7.067678E-3	2.533340E2
1.845000E3	2.273446E-1	-7.067678E-3	2.538407E2
1.846000E3	2.242558E-1	-7.067678E-3	2.543773E2
1.847000E3	2.211669E-1	-7.067678E-3	2.543726E2
1.848000E3	2.180781E-1	-7.067678E-3	2.545063E2
1.849000E3	2.149893E-1	-7.067678E-3	2.536618E2
1.850000E3	2.119005E-1	-7.067678E-3	2.534982E2
1.851000E3	2.088117E-1	-7.067678E-3	2.534460E2
1.852000E3	2.057228E-1	-7.067678E-3	2.535567E2
1.853000E3	2.026340E-1	-7.067678E-3	2.536035E2
1.854000E3	1.995452E-1	-7.067678E-3	2.536874E2
1.855000E3	1.964564E-1	-7.067678E-3	2.541232E2
1.856000E3	1.933676E-1	-7.067678E-3	2.547177E2
1.857000E3	1.902787E-1	-7.067678E-3	2.549914E2
1.858000E3	1.871899E-1	-7.067678E-3	2.548331E2
1.859000E3	1.841011E-1	-7.067678E-3	2.545507E2
1.860000E3	1.810123E-1	-7.067678E-3	2.548879E2
1.861000E3	1.779235E-1	-7.067678E-3	2.550000E2
1.862000E3	1.748347E-1	-7.067678E-3	2.550000E2
1.863000E3	1.717458E-1	-7.067678E-3	2.550000E2
1.864000E3	1.686570E-1	-7.067678E-3	2.549831E2
1.865000E3	1.655682E-1	-7.067678E-3	2.545878E2
1.866000E3	1.624794E-1	-7.067678E-3	2.544208E2
1.867000E3	1.593906E-1	-7.067678E-3	2.545609E2
1.868000E3	1.563017E-1	-7.067678E-3	2.548235E2
1.869000E3	1.532129E-1	-7.067678E-3	2.550000E2
1.870000E3	1.501241E-1	-7.067678E-3	2.550000E2
1.871000E3	1.470353E-1	-7.067678E-3	2.550000E2
1.872000E3	1.439465E-1	-7.067678E-3	2.550000E2
1.873000E3	1.408576E-1	-7.067678E-3	2.550000E2
1.874000E3	1.377688E-1	-7.067678E-3	2.550000E2
1.875000E3	1.346800E-1	-7.067678E-3	2.550000E2
1.876000E3	1.315912E-1	-7.067678E-3	2.550000E2
1.877000E3	1.285024E-1	-7.067678E-3	2.550000E2
1.878000E3	1.254136E-1	-7.067678E-3	2.550000E2
1.879000E3	1.223247E-1	-7.067678E-3	2.550000E2
1.880000E3	1.192359E-1	-7.067678E-3	2.550000E2
1.881000E3	1.161471E-1	-7.067678E-3	2.550000E2
1.882000E3	1.130583E-1	-7.067678E-3	2.549955E2
1.883000E3	1.099695E-1	-7.067678E-3	2.549107E2
1.884000E3	1.068806E-1	-7.067678E-3	2.547570E2
1.885000E3	1.037918E-1	-7.067678E-3	2.548068E2
1.886000E3	1.007030E-1	-7.067678E-3	2.549370E2
1.887000E3	9.761418E-2	-7.067678E-3	2.550000E2
1.888000E3	9.452537E-2	-7.067678E-3	2.550000E2
1.889000E3	9.143655E-2	-7.067678E-3	2.549959E2
1.890000E3	8.834773E-2	-7.067678E-3	2.549249E2
1.891000E3	8.525891E-2	-7.067678E-3	2.547619E2
1.892000E3	8.217009E-2	-7.067678E-3	2.547603E2
1.893000E3	7.908127E-2	-7.067678E-3	2.547090E2
1.894000E3	7.599245E-2	-7.067678E-3	2.546230E2
1.895000E3	7.290363E-2	-7.067678E-3	2.546641E2
1.896000E3	6.981482E-2	-7.067678E-3	2.549563E2
1.897000E3	6.672600E-2	-7.067678E-3	2.550000E2
1.898000E3	6.363718E-2	-7.067678E-3	2.550000E2
1.899000E3	6.054836E-2	-7.067678E-3	2.550000E2
1.900000E3	5.745954E-2	-7.067678E-3	2.550000E2
1.901000E3	5.437072E-2	-7.067678E-3	2.550000E2
1.902000E3	5.128190E-2	-7.067678E-3	2.550000E2
1.903000E3	4.819308E-2	-7.067678E-3	2.550000E2
1.904000E3	4.510427E-2	-7.067678E-3	2.550000E2
1.905000E3	4.201545E-2	-7.067678E-3	2.550000E2
1.906000E3	3.892663E-2	-7.067678E-3	2.550000E2
1.907000E3	3.583781E-2	-7.067678E-3	2.549981E2
1.908000E3	3.274899E-2	-7.067678E-3	2.549695E2
1.909000E3	2.966017E-2	-7.067678E-3	2.549441E2
1.910000E3	2.657135E-2	-7.067678E-3	2.549732E2
1.911000E3	2.348253E-2	-7.067678E-3	2.549765E2
1.912000E3	2.039372E-2	-7.067678E-3	2.549019E2
1.913000E3	1.730490E-2	-7.067678E-3	2.549644E2
1.914000E3	1.421608E-2	-7.067678E-3	2.549742E2
1.915000E3	1.112726E-2	-7.067678E-3	2.549681E2
1.916000E3	8.038441E-3	-7.067678E-3	2.549849E2
1.917000E3	4.949623E-3	-7.067678E-3	2.550000E2
1.918000E3	1.860804E-3	-7.067678E-3	2.550000E2
1.919000E3	-1.228015E-3	-7.067678E-3	2.550000E2
1.920000E3	-4.316834E-3	-7.067678E-3	2.549974E2
1.921000E3	-7.405652E-3	-7.067678E-3	2.549511E2
1.922000E3	-1.049447E-2	-7.067678E-3	2.548943E2
1.923000E3	-1.358329E-2	-7.067678E-3	2.549574E2
1.924000E3	-1.667211E-2	-7.067678E-3	2.550000E2
1.925000E3	-1.976093E-2	-7.067678E-3	2.550000E2
1.926000E3	-2.284975E-2	-7.067678E-3	2.550000E2
1.927000E3	-2.593856E-2	-7.067678E-3	2.550000E2
1.928000E3	-2.902738E-2	-7.067678E-3	2.550000E2
1.929000E3	-3.211620E-2	-7.067678E-3	2.550000E2
1.930000E3	-3.520502E-2	-7.067678E-3	2.550000E2
1.931000E3	-3.829384E-2	-7.067678E-3	2.550000E2
1.932000E3	-4.138266E-2	-7.067678E-3	2.550000E2
1.933000E3	-4.447148E-2	-7.067678E-3	2.550000E2
1.934000E3	-4.756030E-2	-7.067678E-3	2.550000E2
1.935000E3	-5.064911E-2	-7.067678E-3	2.550000E2
1.936000E3	-5.373793E-2	-7.067678E-3	2.550000E2
1.937000E3	-5.682675E-2	-7.067678E-3	2.550000E2
1.938000E3	-5.991557E-2	-7.067678E-3	2.550000E2
1.939000E3	-6.300439E-2	-7.067678E-3	2.550000E2
1.940000E3	-6.609321E-2	-7.067678E-3	2.550000E2
1.941000E3	-6.918203E-2	-7.067678E-3	2.549991E2
1.942000E3	-7.227085E-2	-7.067678E-3	2.549855E2
1.943000E3	-7.535966E-2	-7.067678E-3	2.549745E2
1.944000E3	-7.844848E-2	-7.067678E-3	2.549886E2
1.945000E3	-8.153730E-2	-7.067678E-3	2.550000E2
1.946000E3	-8.462612E-2	-7.067678E-3	2.549978E2
1.947000E3	-8.771494E-2	-7.067678E-3	2.549602E2
1.948000E3	-9.080376E-2	-7.067678E-3	2.549314E2
1.949000E3	-9.389258E-2	-7.067678E-3	2.549355E2
1.950000E3	-9.698140E-2	-7.067678E-3	2.549536E2
1.951000E3	-1.000702E-1	-7.067678E-3	2.549596E2
1.952000E3	-1.031590E-1	-7.067678E-3	2.549925E2
1.953000E3	-1.062479E-1	-7.067678E-3	2.550000E2
1.954000E3	-1.093367E-1	-7.067678E-3	2.550000E2
1.955000E3	-1.124255E-1	-7.067678E-3	2.550000E2
1.956000E3	-1.155143E-1	-7.067678E-3	2.549999E2
1.957000E3	-1.186031E-1	-7.067678E-3	2.549993E2
1.958000E3	-1.216919E-1	-7.067678E-3	2.550000E2
1.959000E3	-1.247808E-1	-7.067678E-3	2.549663E2
1.960000E3	-1.278696E-1	-7.067678E-3	2.544416E2
1.961000E3	-1.309584E-1	-7.067678E-3	2.546522E2
1.962000E3	-1.340472E-1	-7.067678E-3	2.548293E2
1.963000E3	-1.371360E-1	-7.067678E-3	2.549097E2
1.964000E3	-1.402249E-1	-7.067678E-3	2.550000E2
1.965000E3	-1.433137E-1	-7.067678E-3	2.550000E2
1.966000E3	-1.464025E-1	-7.067678E-3	2.550000E2
1.967000E3	-1.494913E-1	-7.067678E-3	2.550000E2
1.968000E3	-1.525801E-1	-7.067678E-3	2.550000E2
1.969000E3	-1.556690E-1	-7.067678E-3	2.550000E2
1.970000E3	-1.587578E-1	-7.067678E-3	2.550000E2
1.971000E3	-1.618466E-1	-7.067678E-3	2.550000E2
1.972000E3	-1.649354E-1	-7.067678E-3	2.549929E2
1.973000E3	-1.680242E-1	-7.067678E-3	2.548741E2
1.974000E3	-1.711130E-1	-7.067678E-3	2.547493E2
1.975000E3	-1.742019E-1	-7.067678E-3	2.548825E2
1.976000E3	-1.772907E-1	-7.067678E-3	2.549911E2
1.977000E3	-1.803795E-1	-7.067678E-3	2.549869E2
1.978000E3	-1.834683E-1	-7.067678E-3	2.547112E2
1.979000E3	-1.865571E-1	-7.067678E-3	2.541142E2
1.980000E3	-1.896460E-1	-7.067678E-3	2.544006E2
1.981000E3	-1.927348E-1	-7.067678E-3	2.549129E2
1.982000E3	-1.958236E-1	-7.067678E-3	2.545256E2
1.983000E3	-1.989124E-1	-7.067678E-3	2.547749E2
1.984000E3	-2.020012E-1	-7.067678E-3	2.550000E2
1.985000E3	-2.050901E-1	-7.067678E-3	2.550000E2
1.986000E3	-2.081789E-1	-7.067678E-3	2.550000E2
1.987000E3	-2.112677E-1	-7.067678E-3	2.550000E2
1.988000E3	-2.143565E-1	-7.067678E-3	2.550000E2
1.989000E3	-2.174453E-1	-7.067678E-3	2.550000E2
1.990000E3	-2.205341E-1	-7.067678E-3	2.550000E2
1.991000E3	-2.236230E-1	-7.067678E-3	2.549821E2
1.992000E3	-2.267118E-1	-7.067678E-3	2.546099E2
1.993000E3	-2.298006E-1	-7.067678E-3	2.543321E2
1.994000E3	-2.328894E-1	-7.067678E-3	2.544851E2
1.995000E3	-2.359782E-1	-7.067678E-3	2.539119E2
1.996000E3	-2.390671E-1	-7.067678E-3	2.529500E2
1.997000E3	-2.421559E-1	-7.067678E-3	2.521194E2
1.998000E3	-2.452447E-1	-7.067678E-3	2.520681E2
1.999000E3	-2.483335E-1	-7.067678E-3	2.526139E2
2.000000E3	-2.514223E-1	-7.067678E-3	2.528772E2
2.001000E3	-2.545112E-1	-7.067678E-3	2.531141E2
2.002000E3	-2.576000E-1	-7.067678E-3	2.534058E2
2.003000E3	-2.606888E-1	-7.067678E-3	2.534622E2
2.004000E3	-2.637776E-1	-7.067678E-3	2.532183E2
2.005000E3	-2.668664E-1	-7.067678E-3	2.530493E2
2.006000E3	-2.699552E-1	-7.067678E-3	2.530720E2
2.007000E3	-2.730441E-1	-7.067678E-3	2.531804E2
2.008000E3	-2.761329E-1	-7.067678E-3	2.531563E2
2.009000E3	-2.792217E-1	-7.067678E-3	2.529978E2
2.010000E3	-2.823105E-1	-7.067678E-3	2.532131E2
2.011000E3	-2.853993E-1	-7.067678E-3	2.532763E2
2.012000E3	-2.884882E-1	-7.067678E-3	2.534894E2
2.013000E3	-2.915770E-1	-7.067678E-3	2.541777E2
2.014000E3	-2.946658E-1	-7.067678E-3	2.539682E2
2.015000E3	-2.977546E-1	-7.067678E-3	2.532935E2
2.016000E3	-3.008434E-1	-7.067678E-3	2.529542E2
2.017000E3	-3.039323E-1	-7.067678E-3	2.525745E2
2.018000E3	-3.070211E-1	-7.067678E-3	2.522696E2
2.019000E3	-3.101099E-1	-7.067678E-3	2.520211E2
2.020000E3	-3.131987E-1	-7.067678E-3	2.518386E2
2.021000E3	-3.162875E-1	-7.067678E-3	2.514770E2
2.022000E3	-3.193763E-1	-7.067678E-3	2.496157E2
2.023000E3	-3.224652E-1	-7.067678E-3	2.489078E2
2.024000E3	-3.255540E-1	-7.067678E-3	2.488779E2
2.025000E3	-3.286428E-1	-7.067678E-3	2.498904E2
2.026000E3	-3.317316E-1	-7.067678E-3	2.501936E2
2.027000E3	-3.348204E-1	-7.067678E-3	2.502716E2
2.028000E3	-3.379093E-1	-7.067678E-3	2.501259E2
2.029000E3	-3.409981E-1	-7.067678E-3	2.491043E2
2.030000E3	-3.440869E-1	-7.067678E-3	2.471188E2
2.031000E3	-3.471757E-1	-7.067678E-3	2.454360E2
2.032000E3	-3.502645E-1	-7.067678E-3	2.448817E2
2.033000E3	-3.533534E-1	-7.067678E-3	2.449240E2
2.034000E3	-3.564422E-1	-7.067678E-3	2.454287E2
2.035000E3	-3.595310E-1	-7.067678E-3	2.454765E2
2.036000E3	-3.626198E-1	-7.067678E-3	2.456631E2
2.037000E3	-3.657086E-1	-7.067678E-3	2.449035E2
2.038000E3	-3.687974E-1	-7.067678E-3	2.439318E2
2.039000E3	-3.718863E-1	-7.067678E-3	2.436993E2
2.040000E3	-3.749751E-1	-7.067678E-3	2.434073E2
2.041000E3	-3.780639E-1	-7.067678E-3	2.441413E2
2.042000E3	-3.811527E-1	-7.067678E-3	2.440916E2
2.043000E3	-3.842415E-1	-7.067678E-3	2.424328E2
2.044000E3	-3.873304E-1	-7.067678E-3	2.408287E2
2.045000E3	-3.904192E-1	-7.067678E-3	2.393029E2
2.046000E3	-3.935080E-1	-7.067678E-3	2.372978E2
2.047000E3	-3.965968E-1	-7.067678E-3	2.364378E2
2.048000E3	-3.996856E-1	-7.067678E-3	2.368520E2
2.049000E3	-4.027745E-1	-7.067678E-3	2.376502E2
2.050000E3	-4.058633E-1	-7.067678E-3	2.376277E2
2.051000E3	-4.089521E-1	-7.067678E-3	2.370628E2
2.052000E3	-4.120409E-1	-7.067678E-3	2.374463E2
2.053000E3	-4.151297E-1	-7.067678E-3	2.382921E2
2.054000E3	-4.182185E-1	-7.067678E-3	2.380188E2
2.055000E3	-4.213074E-1	-7.067678E-3	2.359949E2
2.056000E3	-4.243962E-1	-7.067678E-3	2.349988E2
2.057000E3	-4.274850E-1	-7.067678E-3	2.350763E2
2.058000E3	-4.305738E-1	-7.067678E-3	2.348539E2
2.059000E3	-4.336626E-1	-7.067678E-3	2.342925E2
2.060000E3	-4.367515E-1	-7.067678E-3	2.327119E2
2.061000E3	-4.398403E-1	-7.067678E-3	2.297167E2
2.062000E3	-4.429291E-1	-7.067678E-3	2.268084E2
2.063000E3	-4.460179E-1	-7.067678E-3	2.242487E2
2.064000E3	-4.491067E-1	-7.067678E-3	2.247281E2
2.065000E3	-4.521956E-1	-7.067678E-3	2.239328E2
2.066000E3	-4.552844E-1	-7.067678E-3	2.237206E2
2.067000E3	-4.583732E-1	-7.067678E-3	2.226162E2
2.068000E3	-4.614620E-1	-7.067678E-3	2.232372E2
2.069000E3	-4.645508E-1	-7.067678E-3	2.237729E2
2.070000E3	-4.676396E-1	-7.067678E-3	2.236423E2
2.071000E3	-4.707285E-1	-7.067678E-3	2.220570E2
2.072000E3	-4.738173E-1	-7.067678E-3	2.189052E2
2.073000E3	-4.769061E-1	-7.067678E-3	2.152062E2
2.074000E3	-4.799949E-1	-7.067678E-3	2.103460E2
2.075000E3	-4.830837E-1	-7.067678E-3	2.075576E2
2.076000E3	-4.861726E-1	-7.067678E-3	2.049660E2
2.077000E3	-4.892614E-1	-7.067678E-3	2.042670E2
2.078000E3	-4.923502E-1	-7.067678E-3	2.029788E2
2.079000E3	-4.954390E-1	-7.067678E-3	1.981787E2
2.080000E3	-4.985278E-1	-7.067678E-3	1.930357E2
2.081000E3	-5.016167E-1	-7.067678E-3	1.876024E2
2.082000E3	-5.047055E-1	-7.067678E-3	1.814456E2
2.083000E3	-5.077943E-1	-7.067678E-3	1.796110E2
2.084000E3	-5.108831E-1	-7.067678E-3	1.768054E2
2.085000E3	-5.139719E-1	-7.067678E-3	1.748759E2
2.086000E3	-5.170607E-1	-7.067678E-3	1.719494E2
2.087000E3	-5.201496E-1	-7.067678E-3	1.681968E2
2.088000E3	-5.232384E-1	-7.067678E-3	1.621332E2
2.089000E3	-5.263272E-1	-7.067678E-3	1.583576E2
2.090000E3	-5.294160E-1	-7.067678E-3	1.566750E2
2.091000E3	-5.325048E-1	-7.067678E-3	1.531502E2
2.092000E3	-5.355937E-1	-7.067678E-3	1.494854E2
2.093000E3	-5.386825E-1	-7.067678E-3	1.446127E2
2.094000E3	-5.417713E-1	-7.067678E-3	1.411819E2
2.095000E3	-5.448601E-1	-7.067678E-3	1.318824E2
2.096000E3	-5.479489E-1	-7.067678E-3	1.270567E2
2.097000E3	-5.510378E-1	-7.067678E-3	1.225043E2
2.098000E3	-5.541266E-1	-7.067678E-3	1.184204E2
2.099000E3	-5.572154E-1	-7.067678E-3	1.157014E2
2.100000E3	-5.603042E-1	-7.067678E-3	1.136988E2
2.101000E3	-5.633930E-1	-7.067678E-3	1.150079E2
2.102000E3	-5.664818E-1	-7.067678E-3	1.144193E2
2.103000E3	-5.695707E-1	-7.067678E-3	1.142265E2
2.104000E3	-5.726595E-1	-7.067678E-3	1.165719E2
2.105000E3	-5.757483E-1	-7.067678E-3	1.169351E2
2.106000E3	-5.788371E-1	-7.067678E-3	1.166510E2
2.107000E3	-5.819259E-1	-7.067678E-3	1.164179E2
2.108000E3	-5.850148E-1	-7.067678E-3	1.165010E2
2.109000E3	-5.881036E-1	-7.067678E-3	1.124267E2
2.110000E3	-5.911924E-1	-7.067678E-3	1.095975E2
2.111000E3	-5.942812E-1	-7.067678E-3	1.084943E2
2.112000E3	-5.973700E-1	-7.067678E-3	1.055021E2
2.113000E3	-6.004589E-1	-7.067678E-3	1.041642E2
2.114000E3	-6.035477E-1	-7.067678E-3	1.036191E2
2.115000E3	-6.066365E-1	-7.067678E-3	1.012587E2
2.116000E3	-6.097253E-1	-7.067678E-3	9.610699E1
2.117000E3	-6.128141E-1	-7.067678E-3	9.076244E1
2.118000E3	-6.159029E-1	-7.067678E-3	9.333708E1
2.119000E3	-6.189918E-1	-7.067678E-3	9.211845E1
2.120000E3	-6.220806E-1	-7.067678E-3	9.044255E1
2.121000E3	-6.251694E-1	-7.067678E-3	8.597150E1
2.122000E3	-6.282582E-1	-7.067678E-3	8.065508E1
2.123000E3	-6.313470E-1	-7.067678E-3	8.089550E1
2.124000E3	-6.344359E-1	-7.067678E-3	7.944226E1
2.125000E3	-6.375247E-1	-7.067678E-3	7.819354E1
2.126000E3	-6.406135E-1	-7.067678E-3	7.530454E1
2.127000E3	-6.437023E-1	-7.067678E-3	7.233092E1
2.128000E3	-6.467911E-1	-7.067678E-3	6.896910E1
2.129000E3	-6.498800E-1	-7.067678E-3	6.657841E1
2.130000E3	-6.529688E-1	-7.067678E-3	6.401374E1
2.131000E3	-6.560576E-1	-7.067678E-3	6.123092E1
2.132000E3	-6.591464E-1	-7.067678E-3	5.864660E1
2.133000E3	-6.622352E-1	-7.067678E-3	5.701159E1
2.134000E3	-6.653240E-1	-7.067678E-3	5.836641E1
2.135000E3	-6.684129E-1	-7.067678E-3	5.728180E1
2.136000E3	-6.715017E-1	-7.067678E-3	5.778923E1
2.137000E3	-6.745905E-1	-7.067678E-3	5.876058E1
2.138000E3	-6.776793E-1	-7.067678E-3	5.774836E1
2.139000E3	-6.807681E-1	-7.067678E-3	5.773002E1
2.140000E3	-6.838570E-1	-7.067678E-3	5.602413E1
2.141000E3	-6.869458E-1	-7.067678E-3	5.682859E1
2.142000E3	-6.900346E-1	-7.067678E-3	5.550986E1
2.143000E3	-6.931234E-1	-7.067678E-3	5.493809E1
2.144000E3	-6.962122E-1	-7.067678E-3	5.683213E1
2.145000E3	-6.993011E-1	-7.067678E-3	5.754492E1
2.146000E3	-7.023899E-1	-7.067678E-3	6.130535E1
2.147000E3	-7.054787E-1	-7.067678E-3	6.284022E1
2.148000E3	-7.085675E-1	-7.067678E-3	6.200399E1
2.149000E3	-7.116563E-1	-7.067678E-3	6.131175E1
2.150000E3	-7.147451E-1	-7.067678E-3	6.112892E1
2.151000E3	-7.178340E-1	-7.067678E-3	6.249847E1
2.152000E3	-7.209228E-1	-7.067678E-3	6.389446E1
2.153000E3	-7.240116E-1	-7.067678E-3	6.840152E1
2.154000E3	-7.271004E-1	-7.067678E-3	6.970588E1
2.155000E3	-7.301892E-1	-7.067678E-3	7.151098E1
2.156000E3	-7.332781E-1	-7.067678E-3	7.388817E1
2.157000E3	-7.363669E-1	-7.067678E-3	7.463448E1
2.158000E3	-7.394557E-1	-7.067678E-3	7.249609E1
2.159000E3	-7.425445E-1	-7.067678E-3	7.386963E1
2.160000E3	-7.456333E-1	-7.067678E-3	7.402064E1
2.161000E3	-7.487222E-1	-7.067678E-3	7.465561E1
2.162000E3	-7.518110E-1	-7.067678E-3	7.742521E1
2.163000E3	-7.548998E-1	-7.067678E-3	7.981274E1
2.164000E3	-7.579886E-1	-7.067678E-3	7.903758E1
2.165000E3	-7.610774E-1	-7.067678E-3	8.468331E1
2.166000E3	-7.641662E-1	-7.067678E-3	8.702123E1
2.167000E3	-7.672551E-1	-7.067678E-3	9.231327E1
2.168000E3	-7.703439E-1	-7.067678E-3	9.267334E1
2.169000E3	-7.734327E-1	-7.067678E-3	9.659560E1
2.170000E3	-7.765215E-1	-7.067678E-3	9.752148E1
2.171000E3	-7.796103E-1	-7.067678E-3	9.916757E1
2.172000E3	-7.826992E-1	-7.067678E-3	1.009036E2
2.173000E3	-7.857880E-1	-7.067678E-3	1.042525E2
2.174000E3	-7.888768E-1	-7.067678E-3	1.054441E2
2.175000E3	-7.919656E-1	-7.067678E-3	1.076292E2
2.176000E3	-7.950544E-1	-7.067678E-3	1.072497E2
2.177000E3	-7.981433E-1	-7.067678E-3	1.063787E2
2.178000E3	-8.012321E-1	-7.067678E-3	1.060659E2
2.179000E3	-8.043209E-1	-7.067678E-3	1.066316E2
2.180000E3	-8.074097E-1	-7.067678E-3	1.093182E2
2.181000E3	-8.104985E-1	-7.067678E-3	1.112363E2
2.182000E3	-8.135873E-1	-7.067678E-3	1.096553E2
2.183000E3	-8.166762E-1	-7.067678E-3	1.116271E2
2.184000E3	-8.197650E-1	-7.067678E-3	1.084418E2
2.185000E3	-8.228538E-1	-7.067678E-3	1.057013E2
2.186000E3	-8.259426E-1	-7.067678E-3	1.051987E2
2.187000E3	-8.290314E-1	-7.067678E-3	1.050956E2
2.188000E3	-8.321203E-1	-7.067678E-3	1.088227E2
2.189000E3	-8.352091E-1	-7.067678E-3	1.096856E2
2.190000E3	-8.382979E-1	-7.067678E-3	1.128912E2
2.191000E3	-8.413867E-1	-7.067678E-3	1.153308E2
2.192000E3	-8.444755E-1	-7.067678E-3	1.159025E2
2.193000E3	-8.475644E-1	-7.067678E-3	1.180585E2
2.194000E3	-8.506532E-1	-7.067678E-3	1.163057E2
2.195000E3	-8.537420E-1	-7.067678E-3	1.188763E2
2.196000E3	-8.568308E-1	-7.067678E-3	1.200783E2
2.197000E3	-8.599196E-1	-7.067678E-3	1.200351E2
2.198000E3	-8.630084E-1	-7.067678E-3	1.178565E2
2.199000E3	-8.660973E-1	-7.067678E-3	1.156596E2
2.200000E3	-8.691861E-1	-7.067678E-3	1.170171E2
2.201000E3	-8.722749E-1	-7.067678E-3	1.177410E2
2.202000E3	-8.753637E-1	-7.067678E-3	1.191580E2
2.203000E3	-8.784525E-1	-7.067678E-3	1.206123E2
2.204000E3	-8.815414E-1	-7.067678E-3	1.244019E2
2.205000E3	-8.846302E-1	-7.067678E-3	1.264326E2
2.206000E3	-8.877190E-1	-7.067678E-3	1.287568E2
2.207000E3	-8.908078E-1	-7.067678E-3	1.291646E2
2.208000E3	-8.938966E-1	-7.067678E-3	1.281795E2
2.209000E3	-8.969855E-1	-7.067678E-3	1.270795E2
2.210000E3	-9.000743E-1	-7.067678E-3	1.265439E2
2.211000E3	-9.031631E-1	-7.067678E-3	1.253142E2
2.212000E3	-9.062519E-1	-7.067678E-3	1.249768E2
2.213000E3	-9.093407E-1	-7.067678E-3	1.252095E2
2.214000E3	-9.124295E-1	-7.067678E-3	1.225898E2
2.215000E3	-9.155184E-1	-7.067678E-3	1.207547E2
2.216000E3	-9.186072E-1	-7.067678E-3	1.213923E2
2.217000E3	-9.216960E-1	-7.067678E-3	1.211173E2
2.218000E3	-9.247848E-1	-7.067678E-3	1.231571E2
2.219000E3	-9.278736E-1	-7.067678E-3	1.212033E2
2.220000E3	-9.309625E-1	-7.067678E-3	1.219293E2
2.221000E3	-9.340513E-1	-7.067678E-3	1.250486E2
2.222000E3	-9.371401E-1	-7.067678E-3	1.290939E2
2.223000E3	-9.402289E-1	-7.067678E-3	1.311878E2
2.224000E3	-9.433177E-1	-7.067678E-3	1.316897E2
2.225000E3	-9.464066E-1	-7.067678E-3	1.311526E2
2.226000E3	-9.494954E-1	-7.067678E-3	1.309954E2
2.227000E3	-9.525842E-1	-7.067678E-3	1.290193E2
2.228000E3	-9.556730E-1	-7.067678E-3	1.255472E2
2.229000E3	-9.587618E-1	-7.067678E-3	1.242909E2
2.230000E3	-9.618506E-1	-7.067678E-3	1.217173E2
2.231000E3	-9.649395E-1	-7.067678E-3	1.212640E2
2.232000E3	-9.680283E-1	-7.067678E-3	1.213403E2
2.233000E3	-9.711171E-1	-7.067678E-3	1.203108E2
2.234000E3	-9.742059E-1	-7.067678E-3	1.228173E2
2.235000E3	-9.772947E-1	-7.067678E-3	1.238971E2
2.236000E3	-9.803836E-1	-7.067678E-3	1.213470E2
2.237000E3	-9.834724E-1	-7.067678E-3	1.188212E2
2.238000E3	-9.865612E-1	-7.067678E-3	1.189298E2
2.239000E3	-9.896500E-1	-7.067678E-3	1.166590E2
2.240000E3	-9.927388E-1	-7.067678E-3	1.167817E2
2.241000E3	-9.958277E-1	-7.067678E-3	1.179055E2
2.242000E3	-9.989165E-1	-7.067678E-3	1.187631E2
2.243000E3	-1.002005E0	-7.067678E-3	1.163685E2
2.244000E3	-1.005094E0	-7.067678E-3	1.175888E2
2.245000E3	-1.008183E0	-7.067678E-3	1.187984E2
2.246000E3	-1.011272E0	-7.067678E-3	1.170106E2
2.247000E3	-1.014361E0	-7.067678E-3	1.170663E2
2.248000E3	-1.017449E0	-7.067678E-3	1.173442E2
2.249000E3	-1.020538E0	-7.067678E-3	1.163958E2
2.250000E3	-1.023627E0	-7.067678E-3	1.148490E2
2.251000E3	-1.026716E0	-7.067678E-3	1.148394E2
2.252000E3	-1.029805E0	-7.067678E-3	1.134901E2
2.253000E3	-1.032893E0	-7.067678E-3	1.114483E2
2.254000E3	-1.035982E0	-7.067678E-3	1.056969E2
2.255000E3	-1.039071E0	-7.067678E-3	1.034928E2
2.256000E3	-1.042160E0	-7.067678E-3	1.062751E2
2.257000E3	-1.045249E0	-7.067678E-3	1.083737E2
2.258000E3	-1.048338E0	-7.067678E-3	1.077439E2
2.259000E3	-1.051426E0	-7.067678E-3	1.082841E2
2.260000E3	-1.054515E0	-7.067678E-3	1.099226E2
2.261000E3	-1.057604E0	-7.067678E-3	1.108807E2
2.262000E3	-1.060693E0	-7.067678E-3	1.120599E2
2.263000E3	-1.063782E0	-7.067678E-3	1.128411E2
2.264000E3	-1.066870E0	-7.067678E-3	1.116750E2
2.265000E3	-1.069959E0	-7.067678E-3	1.107993E2
2.266000E3	-1.073048E0	-7.067678E-3	1.092430E2
2.267000E3	-1.076137E0	-7.067678E-3	1.079120E2
2.268000E3	-1.079226E0	-7.067678E-3	1.088251E2
2.269000E3	-1.082315E0	-7.067678E-3	1.105519E2
2.270000E3	-1.085403E0	-7.067678E-3	1.113733E2
2.271000E3	-1.088492E0	-7.067678E-3	1.111233E2
2.272000E3	-1.091581E0	-7.067678E-3	1.141259E2
2.273000E3	-1.094670E0	-7.067678E-3	1.159855E2
2.274000E3	-1.097759E0	-7.067678E-3	1.150298E2
2.275000E3	-1.100847E0	-7.067678E-3	1.131149E2
2.276000E3	-1.103936E0	-7.067678E-3	1.107791E2
2.277000E3	-1.107025E0	-7.067678E-3	1.073290E2
2.278000E3	-1.110114E0	-7.067678E-3	1.029124E2
2.279000E3	-1.113203E0	-7.067678E-3	1.006927E2
2.280000E3	-1.116292E0	-7.067678E-3	1.012459E2
2.281000E3	-1.119380E0	-7.067678E-3	1.011506E2
2.282000E3	-1.122469E0	-7.067678E-3	9.845717E1
2.283000E3	-1.125558E0	-7.067678E-3	9.728318E1
2.284000E3	-1.128647E0	-7.067678E-3	9.568083E1
2.285000E3	-1.131736E0	-7.067678E-3	9.742023E1
2.286000E3	-1.134824E0	-7.067678E-3	9.798580E1
2.287000E3	-1.137913E0	-7.067678E-3	9.700286E1
2.288000E3	-1.141002E0	-7.067678E-3	9.647332E1
2.289000E3	-1.144091E0	-7.067678E-3	9.542148E1
2.290000E3	-1.147180E0	-7.067678E-3	9.579541E1
2.291000E3	-1.150269E0	-7.067678E-3	9.180095E1
2.292000E3	-1.153357E0	-7.067678E-3	9.263371E1
2.293000E3	-1.156446E0	-7.067678E-3	9.120525E1
2.294000E3	-1.159535E0	-7.067678E-3	8.754451E1
2.295000E3	-1.162624E0	-7.067678E-3	8.817549E1
2.296000E3	-1.165713E0	-7.067678E-3	8.843142E1
2.297000E3	-1.168802E0	-7.067678E-3	8.447033E1
2.298000E3	-1.171890E0	-7.067678E-3	8.369596E1
2.299000E3	-1.174979E0	-7.067678E-3	8.592227E1
2.300000E3	-1.178068E0	-7.067678E-3	8.724219E1
2.301000E3	-1.181157E0	-7.067678E-3	8.803882E1
2.302000E3	-1.184246E0	-7.067678E-3	9.215777E1
2.303000E3	-1.187334E0	-7.067678E-3	8.687258E1
2.304000E3	-1.190423E0	-7.067678E-3	8.286520E1
2.305000E3	-1.193512E0	-7.067678E-3	8.250964E1
2.306000E3	-1.196601E0	-7.067678E-3	8.134451E1
2.307000E3	-1.199690E0	-7.067678E-3	8.059925E1
2.308000E3	-1.202779E0	-7.067678E-3	7.907066E1
2.309000E3	-1.205867E0	-7.067678E-3	7.642821E1
2.310000E3	-1.208956E0	-7.067678E-3	7.448144E1
2.311000E3	-1.212045E0	-7.067678E-3	7.070095E1
2.312000E3	-1.215134E0	-7.067678E-3	7.042344E1
2.313000E3	-1.218223E0	-7.067678E-3	6.936977E1
2.314000E3	-1.221311E0	-7.067678E-3	7.265228E1
2.315000E3	-1.224400E0	-7.067678E-3	7.344679E1
2.316000E3	-1.227489E0	-7.067678E-3	7.061150E1
2.317000E3	-1.230578E0	-7.067678E-3	6.841346E1
2.318000E3	-1.233667E0	-7.067678E-3	6.702745E1
2.319000E3	-1.236756E0	-7.067678E-3	6.436127E1
2.320000E3	-1.239844E0	-7.067678E-3	6.523404E1
2.321000E3	-1.242933E0	-7.067678E-3	6.551663E1
2.322000E3	-1.246022E0	-7.067678E-3	6.373999E1
2.323000E3	-1.249111E0	-7.067678E-3	6.182961E1
2.324000E3	-1.252200E0	-7.067678E-3	5.992744E1
2.325000E3	-1.255288E0	-7.067678E-3	5.793151E1
2.326000E3	-1.258377E0	-7.067678E-3	5.599925E1
2.327000E3	-1.261466E0	-7.067678E-3	5.432703E1
2.328000E3	-1.264555E0	-7.067678E-3	5.324461E1
2.329000E3	-1.267644E0	-7.067678E-3	5.125657E1
2.330000E3	-1.270733E0	-7.067678E-3	5.030573E1
2.331000E3	-1.273821E0	-7.067678E-3	4.806746E1
2.332000E3	-1.276910E0	-7.067678E-3	4.686053E1
2.333000E3	-1.279999E0	-7.067678E-3	4.487993E1
2.334000E3	-1.283088E0	-7.067678E-3	4.477268E1
2.335000E3	-1.286177E0	-7.067678E-3	4.716740E1
2.336000E3	-1.289265E0	-7.067678E-3	4.746682E1
2.337000E3	-1.292354E0	-7.067678E-3	4.574944E1
2.338000E3	-1.295443E0	-7.067678E-3	4.488325E1
2.339000E3	-1.298532E0	-7.067678E-3	4.388721E1
2.340000E3	-1.301621E0	-7.067678E-3	4.298665E1
2.341000E3	-1.304710E0	-7.067678E-3	4.378726E1
2.342000E3	-1.307798E0	-7.067678E-3	4.272434E1
2.343000E3	-1.310887E0	-7.067678E-3	4.176203E1
2.344000E3	-1.313976E0	-7.067678E-3	4.198017E1
2.345000E3	-1.317065E0	-7.067678E-3	4.192692E1
2.346000E3	-1.320154E0	-7.067678E-3	3.960004E1
2.347000E3	-1.323242E0	-7.067678E-3	3.945354E1
2.348000E3	-1.326331E0	-7.067678E-3	3.880767E1
2.349000E3	-1.329420E0	-7.067678E-3	3.854917E1
2.350000E3	-1.332509E0	-7.067678E-3	3.847364E1
2.351000E3	-1.335598E0	-7.067678E-3	3.860489E1
2.352000E3	-1.338687E0	-7.067678E-3	3.919050E1
2.353000E3	-1.341775E0	-7.067678E-3	3.772227E1
2.354000E3	-1.344864E0	-7.067678E-3	3.745999E1
2.355000E3	-1.347953E0	-7.067678E-3	3.654061E1
2.356000E3	-1.351042E0	-7.067678E-3	3.420031E1
2.357000E3	-1.354131E0	-7.067678E-3	3.799079E1
2.358000E3	-1.357219E0	-7.067678E-3	3.707821E1
2.359000E3	-1.360308E0	-7.067678E-3	3.589263E1
2.360000E3	-1.363397E0	-7.067678E-3	3.650788E1
2.361000E3	-1.366486E0	-7.067678E-3	3.871154E1
2.362000E3	-1.369575E0	-7.067678E-3	3.908496E1
2.363000E3	-1.372664E0	-7.067678E-3	3.974788E1
2.364000E3	-1.375752E0	-7.067678E-3	3.899928E1
2.365000E3	-1.378841E0	-7.067678E-3	3.936053E1
2.366000E3	-1.381930E0	-7.067678E-3	3.948226E1
2.367000E3	-1.385019E0	-7.067678E-3	4.094491E1
2.368000E3	-1.388108E0	-7.067678E-3	4.040343E1
2.369000E3	-1.391196E0	-7.067678E-3	4.183970E1
2.370000E3	-1.394285E0	-7.067678E-3	4.242112E1
2.371000E3	-1.397374E0	-7.067678E-3	4.455393E1
2.372000E3	-1.400463E0	-7.067678E-3	4.641892E1
2.373000E3	-1.403552E0	-7.067678E-3	4.748249E1
2.374000E3	-1.406641E0	-7.067678E-3	4.967640E1
2.375000E3	-1.409729E0	-7.067678E-3	5.032951E1
2.376000E3	-1.412818E0	-7.067678E-3	5.129826E1
2.377000E3	-1.415907E0	-7.067678E-3	5.178306E1
2.378000E3	-1.418996E0	-7.067678E-3	5.092945E1
2.379000E3	-1.422085E0	-7.067678E-3	4.895283E1
2.380000E3	-1.425173E0	-7.067678E-3	5.054088E1
2.381000E3	-1.428262E0	-7.067678E-3	4.773117E1
2.382000E3	-1.431351E0	-7.067678E-3	4.965748E1
2.383000E3	-1.434440E0	-7.067678E-3	5.062052E1
2.384000E3	-1.437529E0	-7.067678E-3	4.867250E1
2.385000E3	-1.440618E0	-7.067678E-3	5.428377E1
2.386000E3	-1.443706E0	-7.067678E-3	5.281382E1
2.387000E3	-1.446795E0	-7.067678E-3	5.459759E1
2.388000E3	-1.449884E0	-7.067678E-3	5.455520E1
2.389000E3	-1.452973E0	-7.067678E-3	5.698811E1
2.390000E3	-1.456062E0	-7.067678E-3	5.475030E1
2.391000E3	-1.459150E0	-7.067678E-3	5.748011E1
2.392000E3	-1.462239E0	-7.067678E-3	5.869657E1
2.393000E3	-1.465328E0	-7.067678E-3	5.770920E1
2.394000E3	-1.468417E0	-7.067678E-3	5.698600E1
2.395000E3	-1.471506E0	-7.067678E-3	5.882995E1
2.396000E3	-1.474595E0	-7.067678E-3	6.014092E1
2.397000E3	-1.477683E0	-7.067678E-3	6.114073E1
2.398000E3	-1.480772E0	-7.067678E-3	6.181805E1
2.399000E3	-1.483861E0	-7.067678E-3	6.291310E1
2.400000E3	-1.486950E0	-7.067678E-3	6.245717E1
2.401000E3	-1.490039E0	-7.067678E-3	6.584524E1
2.402000E3	-1.493127E0	-7.067678E-3	6.671580E1
2.403000E3	-1.496216E0	-7.067678E-3	6.785248E1
2.404000E3	-1.499305E0	-7.067678E-3	6.899815E1
2.405000E3	-1.502394E0	-7.067678E-3	7.110389E1
2.406000E3	-1.505483E0	-7.067678E-3	7.014321E1
2.407000E3	-1.508572E0	-7.067678E-3	6.709792E1
2.408000E3	-1.511660E0	-7.067678E-3	6.584815E1
2.409000E3	-1.514749E0	-7.067678E-3	6.560903E1
2.410000E3	-1.517838E0	-7.067678E-3	6.740950E1
2.411000E3	-1.520927E0	-7.067678E-3	6.661962E1
2.412000E3	-1.524016E0	-7.067678E-3	6.409435E1
2.413000E3	-1.527104E0	-7.067678E-3	6.542422E1
2.414000E3	-1.530193E0	-7.067678E-3	6.582447E1
2.415000E3	-1.533282E0	-7.067678E-3	6.381296E1
2.416000E3	-1.536371E0	-7.067678E-3	6.427789E1
2.417000E3	-1.539460E0	-7.067678E-3	6.427097E1
2.418000E3	-1.542549E0	-7.067678E-3	6.312842E1
2.419000E3	-1.545637E0	-7.067678E-3	6.321128E1
2.420000E3	-1.548726E0	-7.067678E-3	5.995640E1
2.421000E3	-1.551815E0	-7.067678E-3	6.061437E1
2.422000E3	-1.554904E0	-7.067678E-3	5.923863E1
2.423000E3	-1.557993E0	-7.067678E-3	5.999515E1
2.424000E3	-1.561081E0	-7.067678E-3	6.129859E1
2.425000E3	-1.564170E0	-7.067678E-3	6.375238E1
2.426000E3	-1.567259E0	-7.067678E-3	6.561826E1
2.427000E3	-1.570348E0	-7.067678E-3	6.640218E1
2.428000E3	-1.573437E0	-7.067678E-3	6.609608E1
2.429000E3	-1.576526E0	-7.067678E-3	6.986822E1
2.430000E3	-1.579614E0	-7.067678E-3	7.201725E1
2.431000E3	-1.582703E0	-7.067678E-3	7.223805E1
2.432000E3	-1.585792E0	-7.067678E-3	7.562199E1
2.433000E3	-1.588881E0	-7.067678E-3	7.676247E1
2.434000E3	-1.591970E0	-7.067678E-3	7.834339E1
2.435000E3	-1.595058E0	-7.067678E-3	7.830707E1
2.436000E3	-1.598147E0	-7.067678E-3	7.853414E1
2.437000E3	-1.601236E0	-7.067678E-3	7.937431E1
2.438000E3	-1.604325E0	-7.067678E-3	8.014341E1
2.439000E3	-1.607414E0	-7.067678E-3	7.969141E1
2.440000E3	-1.610503E0	-7.067678E-3	7.979392E1
2.441000E3	-1.613591E0	-7.067678E-3	7.674227E1
2.442000E3	-1.616680E0	-7.067678E-3	7.998006E1
2.443000E3	-1.619769E0	-7.067678E-3	7.860235E1
2.444000E3	-1.622858E0	-7.067678E-3	7.825852E1
2.445000E3	-1.625947E0	-7.067678E-3	7.887697E1
2.446000E3	-1.629035E0	-7.067678E-3	7.900591E1
2.447000E3	-1.632124E0	-7.067678E-3	7.907150E1
2.448000E3	-1.635213E0	-7.067678E-3	8.082355E1
2.449000E3	-1.638302E0	-7.067678E-3	7.909640E1
2.450000E3	-1.641391E0	-7.067678E-3	7.850536E1
2.451000E3	-1.644480E0	-7.067678E-3	7.725017E1
2.452000E3	-1.647568E0	-7.067678E-3	7.526722E1
2.453000E3	-1.650657E0	-7.067678E-3	7.473929E1
2.454000E3	-1.653746E0	-7.067678E-3	7.430197E1
2.455000E3	-1.656835E0	-7.067678E-3	7.081812E1
2.456000E3	-1.659924E0	-7.067678E-3	7.140455E1
2.457000E3	-1.663012E0	-7.067678E-3	7.399543E1
2.458000E3	-1.666101E0	-7.067678E-3	7.187462E1
2.459000E3	-1.669190E0	-7.067678E-3	7.305268E1
2.460000E3	-1.672279E0	-7.067678E-3	7.295845E1
2.461000E3	-1.675368E0	-7.067678E-3	7.334029E1
2.462000E3	-1.678457E0	-7.067678E-3	7.164966E1
2.463000E3	-1.681545E0	-7.067678E-3	7.124644E1
2.464000E3	-1.684634E0	-7.067678E-3	7.048422E1
2.465000E3	-1.687723E0	-7.067678E-3	7.135262E1
2.466000E3	-1.690812E0	-7.067678E-3	7.157885E1
2.467000E3	-1.693901E0	-7.067678E-3	7.275735E1
2.468000E3	-1.696990E0	-7.067678E-3	7.425509E1
2.469000E3	-1.700078E0	-7.067678E-3	7.391539E1
2.470000E3	-1.703167E0	-7.067678E-3	7.542508E1
2.471000E3	-1.706256E0	-7.067678E-3	7.500702E1
2.472000E3	-1.709345E0	-7.067678E-3	7.460905E1
2.473000E3	-1.712434E0	-7.067678E-3	7.569607E1
2.474000E3	-1.715522E0	-7.067678E-3	7.661278E1
2.475000E3	-1.718611E0	-7.067678E-3	7.685327E1
2.476000E3	-1.721700E0	-7.067678E-3	7.518177E1
2.477000E3	-1.724789E0	-7.067678E-3	7.309644E1
2.478000E3	-1.727878E0	-7.067678E-3	7.557446E1
2.479000E3	-1.730967E0	-7.067678E-3	7.448253E1
2.480000E3	-1.734055E0	-7.067678E-3	7.321809E1
2.481000E3	-1.737144E0	-7.067678E-3	7.217626E1
2.482000E3	-1.740233E0	-7.067678E-3	7.053501E1
2.483000E3	-1.743322E0	-7.067678E-3	6.981627E1
2.484000E3	-1.746411E0	-7.067678E-3	6.978075E1
2.485000E3	-1.749499E0	-7.067678E-3	6.801176E1
2.486000E3	-1.752588E0	-7.067678E-3	6.855181E1
2.487000E3	-1.755677E0	-7.067678E-3	6.797826E1
2.488000E3	-1.758766E0	-7.067678E-3	6.670594E1
2.489000E3	-1.761855E0	-7.067678E-3	6.861200E1
2.490000E3	-1.764944E0	-7.067678E-3	6.719333E1
2.491000E3	-1.768032E0	-7.067678E-3	6.714528E1
2.492000E3	-1.771121E0	-7.067678E-3	6.536589E1
2.493000E3	-1.774210E0	-7.067678E-3	6.614782E1
2.494000E3	-1.777299E0	-7.067678E-3	6.328087E1
2.495000E3	-1.780388E0	-7.067678E-3	6.524647E1
2.496000E3	-1.783476E0	-7.067678E-3	6.285995E1
2.497000E3	-1.786565E0	-7.067678E-3	6.570515E1
2.498000E3	-1.789654E0	-7.067678E-3	6.768504E1
2.499000E3	-1.792743E0	-7.067678E-3	6.663578E1
2.500000E3	-1.795832E0	-7.067678E-3	6.686477E1
2.501000E3	-1.798921E0	-7.067678E-3	6.480126E1
2.502000E3	-1.802009E0	-7.067678E-3	6.608804E1
2.503000E3	-1.805098E0	-7.067678E-3	6.683929E1
2.504000E3	-1.808187E0	-7.067678E-3	6.753119E1
2.505000E3	-1.811276E0	-7.067678E-3	6.648242E1
2.506000E3	-1.814365E0	-7.067678E-3	6.730599E1
2.507000E3	-1.817453E0	-7.067678E-3	6.727489E1
2.508000E3	-1.820542E0	-7.067678E-3	6.687056E1
2.509000E3	-1.823631E0	-7.067678E-3	6.376265E1
2.510000E3	-1.826720E0	-7.067678E-3	6.388616E1
2.511000E3	-1.829809E0	-7.067678E-3	6.469310E1
2.512000E3	-1.832898E0	-7.067678E-3	6.299080E1
2.513000E3	-1.835986E0	-7.067678E-3	6.020359E1
2.514000E3	-1.839075E0	-7.067678E-3	5.813013E1
2.515000E3	-1.842164E0	-7.067678E-3	5.562085E1
2.516000E3	-1.845253E0	-7.067678E-3	5.472327E1
2.517000E3	-1.848342E0	-7.067678E-3	5.378585E1
2.518000E3	-1.851430E0	-7.067678E-3	5.434018E1
2.519000E3	-1.854519E0	-7.067678E-3	5.450685E1
2.520000E3	-1.857608E0	-7.067678E-3	5.225234E1
2.521000E3	-1.860697E0	-7.067678E-3	5.192469E1
2.522000E3	-1.863786E0	-7.067678E-3	5.344814E1
2.523000E3	-1.866875E0	-7.067678E-3	5.361304E1
2.524000E3	-1.869963E0	-7.067678E-3	5.274585E1
2.525000E3	-1.873052E0	-7.067678E-3	5.219226E1
2.526000E3	-1.876141E0	-7.067678E-3	4.993640E1
2.527000E3	-1.879230E0	-7.067678E-3	5.232597E1
2.528000E3	-1.882319E0	-7.067678E-3	5.259526E1
2.529000E3	-1.885407E0	-7.067678E-3	5.125804E1
2.530000E3	-1.888496E0	-7.067678E-3	5.114719E1
2.531000E3	-1.891585E0	-7.067678E-3	5.048782E1
2.532000E3	-1.894674E0	-7.067678E-3	5.129543E1
2.533000E3	-1.897763E0	-7.067678E-3	5.359843E1
2.534000E3	-1.900852E0	-7.067678E-3	5.231055E1
2.535000E3	-1.903940E0	-7.067678E-3	5.150920E1
2.536000E3	-1.907029E0	-7.067678E-3	5.477970E1
2.537000E3	-1.910118E0	-7.067678E-3	5.111847E1
2.538000E3	-1.913207E0	-7.067678E-3	5.040490E1
2.539000E3	-1.916296E0	-7.067678E-3	5.026581E1
2.540000E3	-1.919384E0	-7.067678E-3	4.814783E1
2.541000E3	-1.922473E0	-7.067678E-3	4.742172E1
2.542000E3	-1.925562E0	-7.067678E-3	4.678466E1
2.543000E3	-1.928651E0	-7.067678E-3	4.606737E1
2.544000E3	-1.931740E0	-7.067678E-3	4.572090E1
2.545000E3	-1.934829E0	-7.067678E-3	4.483221E1
2.546000E3	-1.937917E0	-7.067678E-3	4.720636E1
2.547000E3	-1.941006E0	-7.067678E-3	4.629840E1
2.548000E3	-1.944095E0	-7.067678E-3	4.490178E1
2.549000E3	-1.947184E0	-7.067678E-3	4.315242E1
2.550000E3	-1.950273E0	-7.067678E-3	4.440514E1
2.551000E3	-1.953361E0	-7.067678E-3	4.409467E1
2.552000E3	-1.956450E0	-7.067678E-3	4.291740E1
2.553000E3	-1.959539E0	-7.067678E-3	4.000657E1
2.554000E3	-1.962628E0	-7.067678E-3	4.098855E1
2.555000E3	-1.965717E0	-7.067678E-3	4.346740E1
2.556000E3	-1.968806E0	-7.067678E-3	4.519918E1
2.557000E3	-1.971894E0	-7.067678E-3	4.128603E1
2.558000E3	-1.974983E0	-7.067678E-3	4.061979E1
2.559000E3	-1.978072E0	-7.067678E-3	4.097352E1
2.560000E3	-1.981161E0	-7.067678E-3	3.811307E1
2.561000E3	-1.984250E0	-7.067678E-3	3.869944E1
2.562000E3	-1.987338E0	-7.067678E-3	4.084787E1
2.563000E3	-1.990427E0	-7.067678E-3	4.111017E1
2.564000E3	-1.993516E0	-7.067678E-3	4.339961E1
2.565000E3	-1.996605E0	-7.067678E-3	4.427865E1
2.566000E3	-1.999694E0	-7.067678E-3	4.106042E1
2.567000E3	-2.002783E0	-7.067678E-3	4.110493E1
2.568000E3	-2.005871E0	-7.067678E-3	4.075828E1
2.569000E3	-2.008960E0	-7.067678E-3	3.939804E1
2.570000E3	-2.012049E0	-7.067678E-3	4.178793E1
2.571000E3	-2.015138E0	-7.067678E-3	4.124982E1
2.572000E3	-2.018227E0	-7.067678E-3	4.165963E1
2.573000E3	-2.021315E0	-7.067678E-3	4.396452E1
2.574000E3	-2.024404E0	-7.067678E-3	4.075100E1
2.575000E3	-2.027493E0	-7.067678E-3	4.033908E1
2.576000E3	-2.030582E0	-7.067678E-3	3.942951E1
2.577000E3	-2.033671E0	-7.067678E-3	3.789291E1
2.578000E3	-2.036760E0	-7.067678E-3	3.952578E1
2.579000E3	-2.039848E0	-7.067678E-3	4.150056E1
2.580000E3	-2.042937E0	-7.067678E-3	3.815123E1
2.581000E3	-2.046026E0	-7.067678E-3	4.007866E1
2.582000E3	-2.049115E0	-7.067678E-3	3.875058E1
2.583000E3	-2.052204E0	-7.067678E-3	3.813061E1
2.584000E3	-2.055292E0	-7.067678E-3	3.833655E1
2.585000E3	-2.058381E0	-7.067678E-3	3.612328E1
2.586000E3	-2.061470E0	-7.067678E-3	3.759272E1
2.587000E3	-2.064559E0	-7.067678E-3	3.901528E1
2.588000E3	-2.067648E0	-7.067678E-3	3.817960E1
2.589000E3	-2.070737E0	-7.067678E-3	4.008090E1
2.590000E3	-2.073825E0	-7.067678E-3	3.924501E1
2.591000E3	-2.076914E0	-7.067678E-3	3.838378E1
2.592000E3	-2.080003E0	-7.067678E-3	4.019669E1
2.593000E3	-2.083092E0	-7.067678E-3	4.071918E1
2.594000E3	-2.086181E0	-7.067678E-3	4.019150E1
2.595000E3	-2.089269E0	-7.067678E-3	3.991513E1
2.596000E3	-2.092358E0	-7.067678E-3	4.012809E1
2.597000E3	-2.095447E0	-7.067678E-3	4.087865E1
2.598000E3	-2.098536E0	-7.067678E-3	4.151555E1
2.599000E3	-2.101625E0	-7.067678E-3	4.220113E1
2.600000E3	-2.104714E0	-7.067678E-3	4.172597E1
2.601000E3	-2.107802E0	-7.067678E-3	4.334011E1
2.602000E3	-2.110891E0	-7.067678E-3	4.333378E1
2.603000E3	-2.113980E0	-7.067678E-3	4.297706E1
2.604000E3	-2.117069E0	-7.067678E-3	4.351418E1
2.605000E3	-2.120158E0	-7.067678E-3	4.520867E1
2.606000E3	-2.123246E0	-7.067678E-3	4.414897E1
2.607000E3	-2.126335E0	-7.067678E-3	4.154104E1
2.608000E3	-2.129424E0	-7.067678E-3	4.253699E1
2.609000E3	-2.132513E0	-7.067678E-3	4.373443E1
2.610000E3	-2.135602E0	-7.067678E-3	4.484432E1
2.611000E3	-2.138691E0	-7.067678E-3	4.448837E1
2.612000E3	-2.141779E0	-7.067678E-3	4.342051E1
2.613000E3	-2.144868E0	-7.067678E-3	4.236119E1
2.614000E3	-2.147957E0	-7.067678E-3	4.246930E1
2.615000E3	-2.151046E0	-7.067678E-3	4.476520E1
2.616000E3	-2.154135E0	-7.067678E-3	4.416866E1
2.617000E3	-2.157223E0	-7.067678E-3	4.415115E1
2.618000E3	-2.160312E0	-7.067678E-3	4.373636E1
2.619000E3	-2.163401E0	-7.067678E-3	4.283736E1
2.620000E3	-2.166490E0	-7.067678E-3	4.281998E1
2.621000E3	-2.169579E0	-7.067678E-3	4.109621E1
2.622000E3	-2.172668E0	-7.067678E-3	4.316654E1
2.623000E3	-2.175756E0	-7.067678E-3	4.494651E1
2.624000E3	-2.178845E0	-7.067678E-3	4.539211E1
2.625000E3	-2.181934E0	-7.067678E-3	4.814459E1
2.626000E3	-2.185023E0	-7.067678E-3	4.760638E1
2.627000E3	-2.188112E0	-7.067678E-3	4.767061E1
2.628000E3	-2.191201E0	-7.067678E-3	4.694408E1
2.629000E3	-2.194289E0	-7.067678E-3	4.751207E1
2.630000E3	-2.197378E0	-7.067678E-3	4.797073E1
2.631000E3	-2.200467E0	-7.067678E-3	4.866057E1
2.632000E3	-2.203556E0	-7.067678E-3	4.775291E1
2.633000E3	-2.206645E0	-7.067678E-3	4.762901E1
2.634000E3	-2.209733E0	-7.067678E-3	4.939923E1
2.635000E3	-2.212822E0	-7.067678E-3	4.973943E1
2.636000E3	-2.215911E0	-7.067678E-3	4.789847E1
2.637000E3	-2.219000E0	-7.067678E-3	4.707044E1
2.638000E3	-2.222089E0	-7.067678E-3	4.750493E1
2.639000E3	-2.225178E0	-7.067678E-3	4.908897E1
2.640000E3	-2.228266E0	-7.067678E-3	4.933111E1
2.641000E3	-2.231355E0	-7.067678E-3	4.701640E1
2.642000E3	-2.234444E0	-7.067678E-3	4.733017E1
2.643000E3	-2.237533E0	-7.067678E-3	4.929768E1
2.644000E3	-2.240622E0	-7.067678E-3	5.054096E1
2.645000E3	-2.243710E0	-7.067678E-3	5.120325E1
2.646000E3	-2.246799E0	-7.067678E-3	4.993950E1
2.647000E3	-2.249888E0	-7.067678E-3	4.987688E1
2.648000E3	-2.252977E0	-7.067678E-3	4.784047E1
2.649000E3	-2.256066E0	-7.067678E-3	4.686551E1
2.650000E3	-2.259155E0	-7.067678E-3	4.687925E1
2.651000E3	-2.262243E0	-7.067678E-3	4.781203E1
2.652000E3	-2.265332E0	-7.067678E-3	4.886207E1
2.653000E3	-2.268421E0	-7.067678E-3	4.891760E1
2.654000E3	-2.271510E0	-7.067678E-3	4.996908E1
2.655000E3	-2.274599E0	-7.067678E-3	4.927393E1
2.656000E3	-2.277687E0	-7.067678E-3	4.953653E1
2.657000E3	-2.280776E0	-7.067678E-3	5.114360E1
2.658000E3	-2.283865E0	-7.067678E-3	5.012124E1
2.659000E3	-2.286954E0	-7.067678E-3	4.920675E1
2.660000E3	-2.290043E0	-7.067678E-3	4.762961E1
2.661000E3	-2.293132E0	-7.067678E-3	4.551803E1
2.662000E3	-2.296220E0	-7.067678E-3	4.688873E1
2.663000E3	-2.299309E0	-7.067678E-3	4.883193E1
2.664000E3	-2.302398E0	-7.067678E-3	4.906165E1
2.665000E3	-2.305487E0	-7.067678E-3	5.066554E1
2.666000E3	-2.308576E0	-7.067678E-3	4.997888E1
2.667000E3	-2.311664E0	-7.067678E-3	5.130582E1
2.668000E3	-2.314753E0	-7.067678E-3	5.080546E1
2.669000E3	-2.317842E0	-7.067678E-3	4.968666E1
2.670000E3	-2.320931E0	-7.067678E-3	5.085607E1
2.671000E3	-2.324020E0	-7.067678E-3	5.172340E1
2.672000E3	-2.327109E0	-7.067678E-3	5.189696E1
2.673000E3	-2.330197E0	-7.067678E-3	5.233079E1
2.674000E3	-2.333286E0	-7.067678E-3	5.111740E1
2.675000E3	-2.336375E0	-7.067678E-3	5.019175E1
2.676000E3	-2.339464E0	-7.067678E-3	4.905187E1
2.677000E3	-2.342553E0	-7.067678E-3	4.876809E1
2.678000E3	-2.345641E0	-7.067678E-3	4.985845E1
2.679000E3	-2.348730E0	-7.067678E-3	4.983790E1
2.680000E3	-2.351819E0	-7.067678E-3	4.829466E1
2.681000E3	-2.354908E0	-7.067678E-3	4.990513E1
2.682000E3	-2.357997E0	-7.067678E-3	4.956960E1
2.683000E3	-2.361086E0	-7.067678E-3	4.981287E1
2.684000E3	-2.364174E0	-7.067678E-3	4.934990E1
2.685000E3	-2.367263E0	-7.067678E-3	4.874032E1
2.686000E3	-2.370352E0	-7.067678E-3	4.825871E1
2.687000E3	-2.373441E0	-7.067678E-3	4.656471E1
2.688000E3	-2.376530E0	-7.067678E-3	4.597482E1
2.689000E3	-2.379618E0	-7.067678E-3	4.605812E1
2.690000E3	-2.382707E0	-7.067678E-3	4.705681E1
2.691000E3	-2.385796E0	-7.067678E-3	4.512849E1
2.692000E3	-2.388885E0	-7.067678E-3	4.384653E1
2.693000E3	-2.391974E0	-7.067678E-3	4.400029E1
2.694000E3	-2.395063E0	-7.067678E-3	4.431625E1
2.695000E3	-2.398151E0	-7.067678E-3	4.684521E1
2.696000E3	-2.401240E0	-7.067678E-3	4.552549E1
2.697000E3	-2.404329E0	-7.067678E-3	4.638428E1
2.698000E3	-2.407418E0	-7.067678E-3	4.896948E1
2.699000E3	-2.410507E0	-7.067678E-3	4.885248E1
2.700000E3	-2.413595E0	-7.067678E-3	4.880994E1
2.701000E3	-2.416684E0	-7.067678E-3	4.943682E1
2.702000E3	-2.419773E0	-7.067678E-3	4.914248E1
2.703000E3	-2.422862E0	-7.067678E-3	4.927090E1
2.704000E3	-2.425951E0	-7.067678E-3	4.992295E1
2.705000E3	-2.429040E0	-7.067678E-3	4.893625E1
2.706000E3	-2.432128E0	-7.067678E-3	4.686487E1
2.707000E3	-2.435217E0	-7.067678E-3	4.719332E1
2.708000E3	-2.438306E0	-7.067678E-3	4.685417E1
2.709000E3	-2.441395E0	-7.067678E-3	4.674833E1
2.710000E3	-2.444484E0	-7.067678E-3	4.720745E1
2.711000E3	-2.447572E0	-7.067678E-3	4.684301E1
2.712000E3	-2.450661E0	-7.067678E-3	4.731778E1
2.713000E3	-2.453750E0	-7.067678E-3	4.712336E1
2.714000E3	-2.456839E0	-7.067678E-3	4.486993E1
2.715000E3	-2.459928E0	-7.067678E-3	4.214405E1
2.716000E3	-2.463017E0	-7.067678E-3	4.035583E1
2.717000E3	-2.466105E0	-7.067678E-3	3.923455E1
2.718000E3	-2.469194E0	-7.067678E-3	4.052247E1
2.719000E3	-2.472283E0	-7.067678E-3	4.050385E1
2.720000E3	-2.475372E0	-7.067678E-3	4.004230E1
2.721000E3	-2.478461E0	-7.067678E-3	4.012808E1
2.722000E3	-2.481549E0	-7.067678E-3	4.310134E1
2.723000E3	-2.484638E0	-7.067678E-3	4.264724E1
2.724000E3	-2.487727E0	-7.067678E-3	4.024869E1
2.725000E3	-2.490816E0	-7.067678E-3	4.045012E1
2.726000E3	-2.493905E0	-7.067678E-3	4.096316E1
2.727000E3	-2.496994E0	-7.067678E-3	3.974149E1
2.728000E3	-2.500082E0	-7.067678E-3	3.951833E1
2.729000E3	-2.503171E0	-7.067678E-3	4.047057E1
2.730000E3	-2.506260E0	-7.067678E-3	4.206006E1
2.731000E3	-2.509349E0	-7.067678E-3	4.270233E1
2.732000E3	-2.512438E0	-7.067678E-3	4.275791E1
2.733000E3	-2.515526E0	-7.067678E-3	4.340909E1
2.734000E3	-2.518615E0	-7.067678E-3	4.337198E1
2.735000E3	-2.521704E0	-7.067678E-3	4.210842E1
2.736000E3	-2.524793E0	-7.067678E-3	4.151949E1
2.737000E3	-2.527882E0	-7.067678E-3	3.957747E1
2.738000E3	-2.530971E0	-7.067678E-3	3.888902E1
2.739000E3	-2.534059E0	-7.067678E-3	3.959190E1
2.740000E3	-2.537148E0	-7.067678E-3	3.950282E1
2.741000E3	-2.540237E0	-7.067678E-3	4.231113E1
2.742000E3	-2.543326E0	-7.067678E-3	4.123421E1
2.743000E3	-2.546415E0	-7.067678E-3	3.872256E1
2.744000E3	-2.549503E0	-7.067678E-3	3.649518E1
2.745000E3	-2.552592E0	-7.067678E-3	3.659197E1
2.746000E3	-2.555681E0	-7.067678E-3	3.539443E1
2.747000E3	-2.558770E0	-7.067678E-3	3.285385E1
2.748000E3	-2.561859E0	-7.067678E-3	3.269436E1
2.749000E3	-2.564948E0	-7.067678E-3	3.391566E1
2.750000E3	-2.568036E0	-7.067678E-3	3.393541E1
2.751000E3	-2.571125E0	-7.067678E-3	3.040236E1
2.752000E3	-2.574214E0	-7.067678E-3	3.128378E1
2.753000E3	-2.577303E0	-7.067678E-3	2.930930E1
2.754000E3	-2.580392E0	-7.067678E-3	2.736082E1
2.755000E3	-2.583480E0	-7.067678E-3	2.955892E1
2.756000E3	-2.586569E0	-7.067678E-3	2.976313E1
2.757000E3	-2.589658E0	-7.067678E-3	2.932859E1
2.758000E3	-2.592747E0	-7.067678E-3	2.868818E1
2.759000E3	-2.595836E0	-7.067678E-3	2.908554E1
2.760000E3	-2.598925E0	-7.067678E-3	2.932469E1
2.761000E3	-2.602013E0	-7.067678E-3	3.191393E1
2.762000E3	-2.605102E0	-7.067678E-3	3.188349E1
2.763000E3	-2.608191E0	-7.067678E-3	3.205003E1
2.764000E3	-2.611280E0	-7.067678E-3	3.421444E1
2.765000E3	-2.614369E0	-7.067678E-3	3.479022E1
2.766000E3	-2.617457E0	-7.067678E-3	3.745880E1
2.767000E3	-2.620546E0	-7.067678E-3	3.544830E1
2.768000E3	-2.623635E0	-7.067678E-3	3.516070E1
2.769000E3	-2.626724E0	-7.067678E-3	3.475444E1
2.770000E3	-2.629813E0	-7.067678E-3	3.450895E1
2.771000E3	-2.632902E0	-7.067678E-3	3.530563E1
2.772000E3	-2.635990E0	-7.067678E-3	3.476830E1
2.773000E3	-2.639079E0	-7.067678E-3	3.458425E1
2.774000E3	-2.642168E0	-7.067678E-3	3.277136E1
2.775000E3	-2.645257E0	-7.067678E-3	3.499802E1
2.776000E3	-2.648346E0	-7.067678E-3	3.525523E1
2.777000E3	-2.651434E0	-7.067678E-3	3.419736E1
2.778000E3	-2.654523E0	-7.067678E-3	3.541125E1
2.779000E3	-2.657612E0	-7.067678E-3	3.694809E1
2.780000E3	-2.660701E0	-7.067678E-3	3.438111E1
2.781000E3	-2.663790E0	-7.067678E-3	3.339394E1
2.782000E3	-2.666879E0	-7.067678E-3	3.348097E1
2.783000E3	-2.669967E0	-7.067678E-3	3.288157E1
2.784000E3	-2.673056E0	-7.067678E-3	3.182874E1
2.785000E3	-2.676145E0	-7.067678E-3	3.038105E1
2.786000E3	-2.679234E0	-7.067678E-3	2.916810E1
2.787000E3	-2.682323E0	-7.067678E-3	3.262881E1
2.788000E3	-2.685412E0	-7.067678E-3	3.337154E1
2.789000E3	-2.688500E0	-7.067678E-3	2.924185E1
2.790000E3	-2.691589E0	-7.067678E-3	3.009027E1
2.791000E3	-2.694678E0	-7.067678E-3	3.194178E1
2.792000E3	-2.697767E0	-7.067678E-3	3.273298E1
2.793000E3	-2.700856E0	-7.067678E-3	3.379990E1
2.794000E3	-2.703944E0	-7.067678E-3	3.174724E1
2.795000E3	-2.707033E0	-7.067678E-3	3.206273E1
2.796000E3	-2.710122E0	-7.067678E-3	3.202964E1
2.797000E3	-2.713211E0	-7.067678E-3	3.207339E1
2.798000E3	-2.716300E0	-7.067678E-3	3.370515E1
2.799000E3	-2.719389E0	-7.067678E-3	3.270226E1
2.800000E3	-2.722477E0	-7.067678E-3	3.229633E1
2.801000E3	-2.725566E0	-7.067678E-3	3.147902E1
2.802000E3	-2.728655E0	-7.067678E-3	3.247374E1
2.803000E3	-2.731744E0	-7.067678E-3	3.176656E1
2.804000E3	-2.734833E0	-7.067678E-3	3.141092E1
2.805000E3	-2.737921E0	-7.067678E-3	3.190544E1
2.806000E3	-2.741010E0	-7.067678E-3	3.423068E1
2.807000E3	-2.744099E0	-7.067678E-3	3.245352E1
2.808000E3	-2.747188E0	-7.067678E-3	3.467614E1
2.809000E3	-2.750277E0	-7.067678E-3	3.397752E1
2.810000E3	-2.753366E0	-7.067678E-3	3.437020E1
2.811000E3	-2.756454E0	-7.067678E-3	3.458325E1
2.812000E3	-2.759543E0	-7.067678E-3	3.359281E1
2.813000E3	-2.762632E0	-7.067678E-3	3.483276E1
2.814000E3	-2.765721E0	-7.067678E-3	3.459205E1
2.815000E3	-2.768810E0	-7.067678E-3	3.459739E1
2.816000E3	-2.771898E0	-7.067678E-3	3.317212E1
2.817000E3	-2.774987E0	-7.067678E-3	3.140872E1
2.818000E3	-2.778076E0	-7.067678E-3	3.234686E1
2.819000E3	-2.781165E0	-7.067678E-3	3.062317E1
2.820000E3	-2.784254E0	-7.067678E-3	3.062445E1
2.821000E3	-2.787343E0	-7.067678E-3	3.294028E1
2.822000E3	-2.790431E0	-7.067678E-3	3.226038E1
2.823000E3	-2.793520E0	-7.067678E-3	3.334512E1
2.824000E3	-2.796609E0	-7.067678E-3	3.242077E1
2.825000E3	-2.799698E0	-7.067678E-3	3.341219E1
2.826000E3	-2.802787E0	-7.067678E-3	3.495046E1
2.827000E3	-2.805875E0	-7.067678E-3	3.270794E1
2.828000E3	-2.808964E0	-7.067678E-3	3.228987E1
2.829000E3	-2.812053E0	-7.067678E-3	3.553557E1
2.830000E3	-2.815142E0	-7.067678E-3	3.470489E1
2.831000E3	-2.818231E0	-7.067678E-3	3.582167E1
2.832000E3	-2.821320E0	-7.067678E-3	3.437523E1
2.833000E3	-2.824408E0	-7.067678E-3	3.555310E1
2.834000E3	-2.827497E0	-7.067678E-3	3.666053E1
2.835000E3	-2.830586E0	-7.067678E-3	3.594625E1
2.836000E3	-2.833675E0	-7.067678E-3	3.697144E1
2.837000E3	-2.836764E0	-7.067678E-3	3.756425E1
2.838000E3	-2.839852E0	-7.067678E-3	3.582322E1
2.839000E3	-2.842941E0	-7.067678E-3	3.735507E1
2.840000E3	-2.846030E0	-7.067678E-3	3.623203E1
2.841000E3	-2.849119E0	-7.067678E-3	3.608064E1
2.842000E3	-2.852208E0	-7.067678E-3	3.610814E1
2.843000E3	-2.855297E0	-7.067678E-3	3.693314E1
2.844000E3	-2.858385E0	-7.067678E-3	3.749670E1
2.845000E3	-2.861474E0	-7.067678E-3	3.556129E1
2.846000E3	-2.864563E0	-7.067678E-3	3.600958E1
2.847000E3	-2.867652E0	-7.067678E-3	3.229438E1
2.848000E3	-2.870741E0	-7.067678E-3	3.372297E1
2.849000E3	-2.873829E0	-7.067678E-3	3.326357E1
2.850000E3	-2.876918E0	-7.067678E-3	3.278754E1
2.851000E3	-2.880007E0	-7.067678E-3	3.294540E1
2.852000E3	-2.883096E0	-7.067678E-3	3.323007E1
2.853000E3	-2.886185E0	-7.067678E-3	3.118273E1
2.854000E3	-2.889274E0	-7.067678E-3	3.080144E1
2.855000E3	-2.892362E0	-7.067678E-3	3.104221E1
2.856000E3	-2.895451E0	-7.067678E-3	3.414364E1
2.857000E3	-2.898540E0	-7.067678E-3	3.441929E1
2.858000E3	-2.901629E0	-7.067678E-3	3.729169E1
2.859000E3	-2.904718E0	-7.067678E-3	3.707142E1
2.860000E3	-2.907806E0	-7.067678E-3	3.413062E1
2.861000E3	-2.910895E0	-7.067678E-3	3.342766E1
2.862000E3	-2.913984E0	-7.067678E-3	3.509531E1
2.863000E3	-2.917073E0	-7.067678E-3	3.633807E1
2.864000E3	-2.920162E0	-7.067678E-3	3.688957E1
2.865000E3	-2.923251E0	-7.067678E-3	3.621835E1
2.866000E3	-2.926339E0	-7.067678E-3	3.510987E1
2.867000E3	-2.929428E0	-7.067678E-3	3.666635E1
2.868000E3	-2.932517E0	-7.067678E-3	3.815923E1
2.869000E3	-2.935606E0	-7.067678E-3	3.734409E1
2.870000E3	-2.938695E0	-7.067678E-3	3.612423E1
2.871000E3	-2.941783E0	-7.067678E-3	3.544810E1
2.872000E3	-2.944872E0	-7.067678E-3	3.419629E1
2.873000E3	-2.947961E0	-7.067678E-3	3.405350E1
2.874000E3	-2.951050E0	-7.067678E-3	3.450608E1
2.875000E3	-2.954139E0	-7.067678E-3	3.630062E1
2.876000E3	-2.957228E0	-7.067678E-3	3.548592E1
2.877000E3	-2.960316E0	-7.067678E-3	3.673281E1
2.878000E3	-2.963405E0	-7.067678E-3	3.531755E1
2.879000E3	-2.966494E0	-7.067678E-3	3.658634E1
2.880000E3	-2.969583E0	-7.067678E-3	3.758795E1
2.881000E3	-2.972672E0	-7.067678E-3	3.713858E1
2.882000E3	-2.975760E0	-7.067678E-3	3.584300E1
2.883000E3	-2.978849E0	-7.067678E-3	3.446684E1
2.884000E3	-2.981938E0	-7.067678E-3	3.208783E1
2.885000E3	-2.985027E0	-7.067678E-3	3.489668E1
2.886000E3	-2.988116E0	-7.067678E-3	3.534401E1
2.887000E3	-2.991205E0	-7.067678E-3	3.226695E1
2.888000E3	-2.994293E0	-7.067678E-3	3.405341E1
2.889000E3	-2.997382E0	-7.067678E-3	3.416398E1
2.890000E3	-3.000471E0	-7.067678E-3	3.437038E1
2.891000E3	-3.003560E0	-7.067678E-3	3.380329E1
2.892000E3	-3.006649E0	-7.067678E-3	3.268362E1
2.893000E3	-3.009737E0	-7.067678E-3	3.639997E1
2.894000E3	-3.012826E0	-7.067678E-3	3.534828E1
2.895000E3	-3.015915E0	-7.067678E-3	3.687998E1
2.896000E3	-3.019004E0	-7.067678E-3	3.606290E1
2.897000E3	-3.022093E0	-7.067678E-3	3.560232E1
2.898000E3	-3.025182E0	-7.067678E-3	3.661859E1
2.899000E3	-3.028270E0	-7.067678E-3	3.817077E1
2.900000E3	-3.031359E0	-7.067678E-3	3.632092E1
2.901000E3	-3.034448E0	-7.067678E-3	3.709926E1
2.902000E3	-3.037537E0	-7.067678E-3	3.698278E1
2.903000E3	-3.040626E0	-7.067678E-3	3.644089E1
2.904000E3	-3.043714E0	-7.067678E-3	3.672353E1
2.905000E3	-3.046803E0	-7.067678E-3	3.589642E1
2.906000E3	-3.049892E0	-7.067678E-3	3.652233E1
2.907000E3	-3.052981E0	-7.067678E-3	3.611438E1
2.908000E3	-3.056070E0	-7.067678E-3	3.645873E1
2.909000E3	-3.059159E0	-7.067678E-3	3.814585E1
2.910000E3	-3.062247E0	-7.067678E-3	3.628205E1
2.911000E3	-3.065336E0	-7.067678E-3	3.718472E1
2.912000E3	-3.068425E0	-7.067678E-3	3.481361E1
2.913000E3	-3.071514E0	-7.067678E-3	3.604519E1
2.914000E3	-3.074603E0	-7.067678E-3	3.551014E1
2.915000E3	-3.077691E0	-7.067678E-3	3.603620E1
2.916000E3	-3.080780E0	-7.067678E-3	3.394516E1
2.917000E3	-3.083869E0	-7.067678E-3	3.108388E1
2.918000E3	-3.086958E0	-7.067678E-3	3.056631E1
2.919000E3	-3.090047E0	-7.067678E-3	3.068710E1
2.920000E3	-3.093136E0	-7.067678E-3	3.069108E1
2.921000E3	-3.096224E0	-7.067678E-3	3.025541E1
2.922000E3	-3.099313E0	-7.067678E-3	2.894039E1
2.923000E3	-3.102402E0	-7.067678E-3	3.049713E1
2.924000E3	-3.105491E0	-7.067678E-3	3.006011E1
2.925000E3	-3.108580E0	-7.067678E-3	3.002171E1
2.926000E3	-3.111668E0	-7.067678E-3	2.951327E1
2.927000E3	-3.114757E0	-7.067678E-3	3.024440E1
2.928000E3	-3.117846E0	-7.067678E-3	3.175473E1
2.929000E3	-3.120935E0	-7.067678E-3	3.290960E1
2.930000E3	-3.124024E0	-7.067678E-3	3.054717E1
2.931000E3	-3.127113E0	-7.067678E-3	3.233541E1
2.932000E3	-3.130201E0	-7.067678E-3	3.558740E1
2.933000E3	-3.133290E0	-7.067678E-3	3.649987E1
2.934000E3	-3.136379E0	-7.067678E-3	3.436222E1
2.935000E3	-3.139468E0	-7.067678E-3	3.456522E1
2.936000E3	-3.142557E0	-7.067678E-3	3.553063E1
2.937000E3	-3.145645E0	-7.067678E-3	3.392125E1
2.938000E3	-3.148734E0	-7.067678E-3	3.255216E1
2.939000E3	-3.151823E0	-7.067678E-3	3.174967E1
2.940000E3	-3.154912E0	-7.067678E-3	3.264745E1
2.941000E3	-3.158001E0	-7.067678E-3	3.268748E1
2.942000E3	-3.161090E0	-7.067678E-3	3.228020E1
2.943000E3	-3.164178E0	-7.067678E-3	3.138264E1
2.944000E3	-3.167267E0	-7.067678E-3	3.134306E1
2.945000E3	-3.170356E0	-7.067678E-3	3.478297E1
2.946000E3	-3.173445E0	-7.067678E-3	3.293660E1
2.947000E3	-3.176534E0	-7.067678E-3	3.315297E1
2.948000E3	-3.179623E0	-7.067678E-3	3.245541E1
2.949000E3	-3.182711E0	-7.067678E-3	3.289698E1
2.950000E3	-3.185800E0	-7.067678E-3	3.133746E1
2.951000E3	-3.188889E0	-7.067678E-3	2.947991E1
2.952000E3	-3.191978E0	-7.067678E-3	2.977437E1
2.953000E3	-3.195067E0	-7.067678E-3	3.163310E1
2.954000E3	-3.198155E0	-7.067678E-3	2.785744E1
2.955000E3	-3.201244E0	-7.067678E-3	2.749827E1
2.956000E3	-3.204333E0	-7.067678E-3	2.734506E1
2.957000E3	-3.207422E0	-7.067678E-3	2.763208E1
2.958000E3	-3.210511E0	-7.067678E-3	2.865511E1
2.959000E3	-3.213600E0	-7.067678E-3	2.980504E1
2.960000E3	-3.216688E0	-7.067678E-3	3.087993E1
2.961000E3	-3.219777E0	-7.067678E-3	2.864434E1
2.962000E3	-3.222866E0	-7.067678E-3	2.845060E1
2.963000E3	-3.225955E0	-7.067678E-3	2.896623E1
2.964000E3	-3.229044E0	-7.067678E-3	2.947037E1
2.965000E3	-3.232132E0	-7.067678E-3	3.112336E1
2.966000E3	-3.235221E0	-7.067678E-3	3.078849E1
2.967000E3	-3.238310E0	-7.067678E-3	3.086872E1
2.968000E3	-3.241399E0	-7.067678E-3	3.160919E1
2.969000E3	-3.244488E0	-7.067678E-3	3.254263E1
2.970000E3	-3.247577E0	-7.067678E-3	3.083206E1
2.971000E3	-3.250665E0	-7.067678E-3	2.859417E1
2.972000E3	-3.253754E0	-7.067678E-3	2.920805E1
2.973000E3	-3.256843E0	-7.067678E-3	3.160010E1
2.974000E3	-3.259932E0	-7.067678E-3	2.972706E1
2.975000E3	-3.263021E0	-7.067678E-3	3.017079E1
2.976000E3	-3.266109E0	-7.067678E-3	3.013109E1
2.977000E3	-3.269198E0	-7.067678E-3	3.019808E1
2.978000E3	-3.272287E0	-7.067678E-3	3.189728E1
2.979000E3	-3.275376E0	-7.067678E-3	3.162794E1
2.980000E3	-3.278465E0	-7.067678E-3	3.183737E1
2.981000E3	-3.281554E0	-7.067678E-3	3.195640E1
2.982000E3	-3.284642E0	-7.067678E-3	2.891033E1
2.983000E3	-3.287731E0	-7.067678E-3	2.804051E1
2.984000E3	-3.290820E0	-7.067678E-3	2.563468E1
2.985000E3	-3.293909E0	-7.067678E-3	2.592467E1
2.986000E3	-3.296998E0	-7.067678E-3	2.786515E1
2.987000E3	-3.300086E0	-7.067678E-3	2.670283E1
2.988000E3	-3.303175E0	-7.067678E-3	2.476731E1
2.989000E3	-3.306264E0	-7.067678E-3	2.669530E1
2.990000E3	-3.309353E0	-7.067678E-3	2.604496E1
2.991000E3	-3.312442E0	-7.067678E-3	2.723636E1
2.992000E3	-3.315531E0	-7.067678E-3	2.644084E1
2.993000E3	-3.318619E0	-7.067678E-3	2.750197E1
2.994000E3	-3.321708E0	-7.067678E-3	2.756723E1
2.995000E3	-3.324797E0	-7.067678E-3	2.596704E1
2.996000E3	-3.327886E0	-7.067678E-3	2.575616E1
2.997000E3	-3.330975E0	-7.067678E-3	2.616554E1
2.998000E3	-3.334063E0	-7.067678E-3	2.698888E1
2.999000E3	-3.337152E0	-7.067678E-3	2.678379E1
3.000000E3	-3.340241E0	-7.067678E-3	2.624332E1
3.001000E3	-3.343330E0	-7.067678E-3	2.642084E1
3.002000E3	-3.346419E0	-7.067678E-3	2.651276E1
3.003000E3	-3.349508E0	-7.067678E-3	2.794127E1
3.004000E3	-3.352596E0	-7.067678E-3	2.776391E1
3.005000E3	-3.355685E0	-7.067678E-3	2.624553E1
3.006000E3	-3.358774E0	-7.067678E-3	2.560229E1
3.007000E3	-3.361863E0	-7.067678E-3	2.874714E1
3.008000E3	-3.364952E0	-7.067678E-3	2.705027E1
3.009000E3	-3.368040E0	-7.067678E-3	2.903177E1
3.010000E3	-3.371129E0	-7.067678E-3	2.765323E1
3.011000E3	-3.374218E0	-7.067678E-3	2.716978E1
3.012000E3	-3.377307E0	-7.067678E-3	2.701318E1
3.013000E3	-3.380396E0	-7.067678E-3	2.786633E1
3.014000E3	-3.383485E0	-7.067678E-3	2.668623E1
3.015000E3	-3.386573E0	-7.067678E-3	2.633328E1
3.016000E3	-3.389662E0	-7.067678E-3	2.454709E1
3.017000E3	-3.392751E0	-7.067678E-3	2.487203E1
3.018000E3	-3.395840E0	-7.067678E-3	2.592762E1
3.019000E3	-3.398929E0	-7.067678E-3	2.437311E1
3.020000E3	-3.402017E0	-7.067678E-3	2.463441E1
3.021000E3	-3.405106E0	-7.067678E-3	2.252475E1
3.022000E3	-3.408195E0	-7.067678E-3	2.300436E1
3.023000E3	-3.411284E0	-7.067678E-3	2.420251E1
3.024000E3	-3.414373E0	-7.067678E-3	2.388981E1
3.025000E3	-3.417462E0	-7.067678E-3	2.422321E1
3.026000E3	-3.420550E0	-7.067678E-3	2.398324E1
3.027000E3	-3.423639E0	-7.067678E-3	2.404034E1
3.028000E3	-3.426728E0	-7.067678E-3	2.572940E1
3.029000E3	-3.429817E0	-7.067678E-3	2.717364E1
3.030000E3	-3.432906E0	-7.067678E-3	2.365770E1
3.031000E3	-3.435994E0	-7.067678E-3	2.614212E1
3.032000E3	-3.439083E0	-7.067678E-3	2.358000E1
3.033000E3	-3.442172E0	-7.067678E-3	2.571067E1
3.034000E3	-3.445261E0	-7.067678E-3	2.932118E1
3.035000E3	-3.448350E0	-7.067678E-3	2.812057E1
3.036000E3	-3.451439E0	-7.067678E-3	2.512232E1
3.037000E3	-3.454527E0	-7.067678E-3	2.784875E1
3.038000E3	-3.457616E0	-7.067678E-3	2.648238E1
3.039000E3	-3.460705E0	-7.067678E-3	2.726468E1
3.040000E3	-3.463794E0	-7.067678E-3	2.652268E1
3.041000E3	-3.466883E0	-7.067678E-3	2.810442E1
3.042000E3	-3.469971E0	-7.067678E-3	2.627101E1
3.043000E3	-3.473060E0	-7.067678E-3	2.632842E1
3.044000E3	-3.476149E0	-7.067678E-3	2.943505E1
3.045000E3	-3.479238E0	-7.067678E-3	2.652434E1
3.046000E3	-3.482327E0	-7.067678E-3	2.753752E1
3.047000E3	-3.485416E0	-7.067678E-3	2.874694E1
3.048000E3	-3.488504E0	-7.067678E-3	2.647618E1
3.049000E3	-3.491593E0	-7.067678E-3	2.580946E1
3.050000E3	-3.494682E0	-7.067678E-3	2.504522E1
3.051000E3	-3.497771E0	-7.067678E-3	2.260787E1
3.052000E3	-3.500860E0	-7.067678E-3	2.376460E1
3.053000E3	-3.503948E0	-7.067678E-3	2.281412E1
3.054000E3	-3.507037E0	-7.067678E-3	2.439099E1
3.055000E3	-3.510126E0	-7.067678E-3	2.806657E1
3.056000E3	-3.513215E0	-7.067678E-3	2.524206E1
3.057000E3	-3.516304E0	-7.067678E-3	2.300838E1
3.058000E3	-3.519393E0	-7.067678E-3	2.545571E1
3.059000E3	-3.522481E0	-7.067678E-3	2.557329E1
3.060000E3	-3.525570E0	-7.067678E-3	2.545203E1
3.061000E3	-3.528659E0	-7.067678E-3	2.451127E1
3.062000E3	-3.531748E0	-7.067678E-3	2.571491E1
3.063000E3	-3.534837E0	-7.067678E-3	2.582508E1
3.064000E3	-3.537925E0	-7.067678E-3	2.687062E1
3.065000E3	-3.541014E0	-7.067678E-3	2.763199E1
3.066000E3	-3.544103E0	-7.067678E-3	2.549781E1
3.067000E3	-3.547192E0	-7.067678E-3	2.335157E1
3.068000E3	-3.550281E0	-7.067678E-3	2.579386E1
3.069000E3	-3.553370E0	-7.067678E-3	2.745565E1
3.070000E3	-3.556458E0	-7.067678E-3	2.791619E1
3.071000E3	-3.559547E0	-7.067678E-3	2.567336E1
3.072000E3	-3.562636E0	-7.067678E-3	2.579791E1
3.073000E3	-3.565725E0	-7.067678E-3	2.609264E1
3.074000E3	-3.568814E0	-7.067678E-3	2.725228E1
3.075000E3	-3.571902E0	-7.067678E-3	2.837410E1
3.076000E3	-3.574991E0	-7.067678E-3	2.644672E1
3.077000E3	-3.578080E0	-7.067678E-3	2.693680E1
3.078000E3	-3.581169E0	-7.067678E-3	2.526311E1
3.079000E3	-3.584258E0	-7.067678E-3	2.807146E1
3.080000E3	-3.587347E0	-7.067678E-3	2.638954E1
3.081000E3	-3.590435E0	-7.067678E-3	2.607525E1
3.082000E3	-3.593524E0	-7.067678E-3	2.425545E1
3.083000E3	-3.596613E0	-7.067678E-3	2.338287E1
3.084000E3	-3.599702E0	-7.067678E-3	2.315234E1
3.085000E3	-3.602791E0	-7.067678E-3	2.257885E1
3.086000E3	-3.605879E0	-7.067678E-3	2.320645E1
3.087000E3	-3.608968E0	-7.067678E-3	2.042478E1
3.088000E3	-3.612057E0	-7.067678E-3	1.957247E1
3.089000E3	-3.615146E0	-7.067678E-3	2.126590E1
3.090000E3	-3.618235E0	-7.067678E-3	2.136483E1
3.091000E3	-3.621324E0	-7.067678E-3	2.151608E1
3.092000E3	-3.624412E0	-7.067678E-3	2.174192E1
3.093000E3	-3.627501E0	-7.067678E-3	2.329962E1
3.094000E3	-3.630590E0	-7.067678E-3	2.361964E1
3.095000E3	-3.633679E0	-7.067678E-3	2.311449E1
3.096000E3	-3.636768E0	-7.067678E-3	2.069125E1
3.097000E3	-3.639856E0	-7.067678E-3	2.253607E1
3.098000E3	-3.642945E0	-7.067678E-3	2.286465E1
3.099000E3	-3.646034E0	-7.067678E-3	2.376462E1
3.100000E3	-3.649123E0	-7.067678E-3	2.482014E1
3.101000E3	-3.652212E0	-7.067678E-3	2.524360E1
3.102000E3	-3.655301E0	-7.067678E-3	2.476766E1
3.103000E3	-3.658389E0	-7.067678E-3	2.448058E1
3.104000E3	-3.661478E0	-7.067678E-3	2.316807E1
3.105000E3	-3.664567E0	-7.067678E-3	2.670926E1
3.106000E3	-3.667656E0	-7.067678E-3	2.640778E1
3.107000E3	-3.670745E0	-7.067678E-3	2.277002E1
3.108000E3	-3.673834E0	-7.067678E-3	2.731225E1
3.109000E3	-3.676922E0	-7.067678E-3	2.553101E1
3.110000E3	-3.680011E0	-7.067678E-3	2.444206E1
3.111000E3	-3.683100E0	-7.067678E-3	2.578054E1
3.112000E3	-3.686189E0	-7.067678E-3	2.644509E1
3.113000E3	-3.689278E0	-7.067678E-3	2.617476E1
3.114000E3	-3.692366E0	-7.067678E-3	2.448011E1
3.115000E3	-3.695455E0	-7.067678E-3	2.576017E1
3.116000E3	-3.698544E0	-7.067678E-3	2.667618E1
3.117000E3	-3.701633E0	-7.067678E-3	2.557852E1
3.118000E3	-3.704722E0	-7.067678E-3	2.369088E1
3.119000E3	-3.707811E0	-7.067678E-3	2.431053E1
3.120000E3	-3.710899E0	-7.067678E-3	2.406149E1
3.121000E3	-3.713988E0	-7.067678E-3	2.356792E1
3.122000E3	-3.717077E0	-7.067678E-3	2.302689E1
3.123000E3	-3.720166E0	-7.067678E-3	2.156597E1
3.124000E3	-3.723255E0	-7.067678E-3	2.268384E1
3.125000E3	-3.726343E0	-7.067678E-3	2.280993E1
3.126000E3	-3.729432E0	-7.067678E-3	2.405407E1
3.127000E3	-3.732521E0	-7.067678E-3	2.633209E1
3.128000E3	-3.735610E0	-7.067678E-3	2.520582E1
3.129000E3	-3.738699E0	-7.067678E-3	2.406983E1
3.130000E3	-3.741788E0	-7.067678E-3	2.519913E1
3.131000E3	-3.744876E0	-7.067678E-3	2.610715E1
3.132000E3	-3.747965E0	-7.067678E-3	2.682377E1
3.133000E3	-3.751054E0	-7.067678E-3	2.734042E1
3.134000E3	-3.754143E0	-7.067678E-3	2.612787E1
3.135000E3	-3.757232E0	-7.067678E-3	2.587905E1
3.136000E3	-3.760320E0	-7.067678E-3	2.432509E1
3.137000E3	-3.763409E0	-7.067678E-3	2.343198E1
3.138000E3	-3.766498E0	-7.067678E-3	2.245233E1
3.139000E3	-3.769587E0	-7.067678E-3	2.463513E1
3.140000E3	-3.772676E0	-7.067678E-3	2.472326E1
3.141000E3	-3.775765E0	-7.067678E-3	2.631347E1
3.142000E3	-3.778853E0	-7.067678E-3	2.604459E1
3.143000E3	-3.781942E0	-7.067678E-3	2.613352E1
3.144000E3	-3.785031E0	-7.067678E-3	2.425772E1
3.145000E3	-3.788120E0	-7.067678E-3	2.434667E1
3.146000E3	-3.791209E0	-7.067678E-3	2.657848E1
3.147000E3	-3.794297E0	-7.067678E-3	2.553303E1
3.148000E3	-3.797386E0	-7.067678E-3	2.379150E1
3.149000E3	-3.800475E0	-7.067678E-3	2.567095E1
3.150000E3	-3.803564E0	-7.067678E-3	2.223212E1
3.151000E3	-3.806653E0	-7.067678E-3	2.325968E1
3.152000E3	-3.809742E0	-7.067678E-3	2.428076E1
3.153000E3	-3.812830E0	-7.067678E-3	2.085829E1
3.154000E3	-3.815919E0	-7.067678E-3	2.275333E1
3.155000E3	-3.819008E0	-7.067678E-3	2.230257E1
3.156000E3	-3.822097E0	-7.067678E-3	2.091035E1
3.157000E3	-3.825186E0	-7.067678E-3	2.039265E1
3.158000E3	-3.828274E0	-7.067678E-3	2.234094E1
3.159000E3	-3.831363E0	-7.067678E-3	2.334260E1
3.160000E3	-3.834452E0	-7.067678E-3	2.360314E1
3.161000E3	-3.837541E0	-7.067678E-3	2.254964E1
3.162000E3	-3.840630E0	-7.067678E-3	2.291573E1
3.163000E3	-3.843719E0	-7.067678E-3	2.253367E1
3.164000E3	-3.846807E0	-7.067678E-3	2.203623E1
3.165000E3	-3.849896E0	-7.067678E-3	2.232974E1
3.166000E3	-3.852985E0	-7.067678E-3	2.175771E1
3.167000E3	-3.856074E0	-7.067678E-3	2.276734E1
3.168000E3	-3.859163E0	-7.067678E-3	2.400980E1
3.169000E3	-3.862251E0	-7.067678E-3	2.544222E1
3.170000E3	-3.865340E0	-7.067678E-3	2.514041E1
3.171000E3	-3.868429E0	-7.067678E-3	2.032465E1
3.172000E3	-3.871518E0	-7.067678E-3	2.216395E1
3.173000E3	-3.874607E0	-7.067678E-3	2.548282E1
3.174000E3	-3.877696E0	-7.067678E-3	2.429608E1
3.175000E3	-3.880784E0	-7.067678E-3	2.373662E1
3.176000E3	-3.883873E0	-7.067678E-3	2.336049E1
3.177000E3	-3.886962E0	-7.067678E-3	2.148584E1
3.178000E3	-3.890051E0	-7.067678E-3	2.355249E1
3.179000E3	-3.893140E0	-7.067678E-3	2.381628E1
3.180000E3	-3.896228E0	-7.067678E-3	2.410082E1
3.181000E3	-3.899317E0	-7.067678E-3	2.350543E1
3.182000E3	-3.902406E0	-7.067678E-3	2.482827E1
3.183000E3	-3.905495E0	-7.067678E-3	2.542535E1
3.184000E3	-3.908584E0	-7.067678E-3	2.212031E1
3.185000E3	-3.911673E0	-7.067678E-3	2.378840E1
3.186000E3	-3.914761E0	-7.067678E-3	2.307703E1
3.187000E3	-3.917850E0	-7.067678E-3	2.090536E1
3.188000E3	-3.920939E0	-7.067678E-3	1.919382E1
3.189000E3	-3.924028E0	-7.067678E-3	1.966913E1
3.190000E3	-3.927117E0	-7.067678E-3	2.057667E1
3.191000E3	-3.930205E0	-7.067678E-3	2.039063E1
3.192000E3	-3.933294E0	-7.067678E-3	1.943624E1
3.193000E3	-3.936383E0	-7.067678E-3	1.975225E1
3.194000E3	-3.939472E0	-7.067678E-3	2.201570E1
3.195000E3	-3.942561E0	-7.067678E-3	2.233809E1
3.196000E3	-3.945650E0	-7.067678E-3	2.079452E1
3.197000E3	-3.948738E0	-7.067678E-3	2.139871E1
3.198000E3	-3.951827E0	-7.067678E-3	2.066410E1
3.199000E3	-3.954916E0	-7.067678E-3	1.830641E1
3.200000E3	-3.958005E0	-7.067678E-3	1.909632E1
3.201000E3	-3.961094E0	-7.067678E-3	2.118229E1
3.202000E3	-3.964182E0	-7.067678E-3	2.160957E1
3.203000E3	-3.967271E0	-7.067678E-3	2.294805E1
3.204000E3	-3.970360E0	-7.067678E-3	2.343144E1
3.205000E3	-3.973449E0	-7.067678E-3	2.330194E1
3.206000E3	-3.976538E0	-7.067678E-3	2.278284E1
3.207000E3	-3.979627E0	-7.067678E-3	2.411502E1
3.208000E3	-3.982715E0	-7.067678E-3	2.451613E1
3.209000E3	-3.985804E0	-7.067678E-3	2.310642E1
3.210000E3	-3.988893E0	-7.067678E-3	2.231539E1
3.211000E3	-3.991982E0	-7.067678E-3	2.339411E1
3.212000E3	-3.995071E0	-7.067678E-3	2.188982E1
3.213000E3	-3.998159E0	-7.067678E-3	2.412788E1
3.214000E3	-4.001248E0	-7.067678E-3	2.428689E1
3.215000E3	-4.004337E0	-7.067678E-3	2.200771E1
3.216000E3	-4.007426E0	-7.067678E-3	2.093191E1
3.217000E3	-4.010515E0	-7.067678E-3	2.062533E1
3.218000E3	-4.013604E0	-7.067678E-3	2.130411E1
3.219000E3	-4.016692E0	-7.067678E-3	2.200196E1
3.220000E3	-4.019781E0	-7.067678E-3	1.917004E1
3.221000E3	-4.022870E0	-7.067678E-3	2.017311E1
3.222000E3	-4.025959E0	-7.067678E-3	2.059714E1
3.223000E3	-4.029048E0	-7.067678E-3	2.038661E1
3.224000E3	-4.032136E0	-7.067678E-3	1.829446E1
3.225000E3	-4.035225E0	-7.067678E-3	1.966940E1
3.226000E3	-4.038314E0	-7.067678E-3	1.898222E1
3.227000E3	-4.041403E0	-7.067678E-3	2.042539E1
3.228000E3	-4.044492E0	-7.067678E-3	2.089268E1
3.229000E3	-4.047581E0	-7.067678E-3	2.090932E1
3.230000E3	-4.050669E0	-7.067678E-3	2.046517E1
3.231000E3	-4.053758E0	-7.067678E-3	2.039040E1
3.232000E3	-4.056847E0	-7.067678E-3	1.942943E1
3.233000E3	-4.059936E0	-7.067678E-3	1.963896E1
3.234000E3	-4.063025E0	-7.067678E-3	2.213047E1
3.235000E3	-4.066113E0	-7.067678E-3	2.173496E1
3.236000E3	-4.069202E0	-7.067678E-3	1.939334E1
3.237000E3	-4.072291E0	-7.067678E-3	2.097422E1
3.238000E3	-4.075380E0	-7.067678E-3	1.843880E1
3.239000E3	-4.078469E0	-7.067678E-3	2.183187E1
3.240000E3	-4.081558E0	-7.067678E-3	2.164719E1
3.241000E3	-4.084646E0	-7.067678E-3	1.957381E1
3.242000E3	-4.087735E0	-7.067678E-3	1.959492E1
3.243000E3	-4.090824E0	-7.067678E-3	2.094372E1
3.244000E3	-4.093913E0	-7.067678E-3	1.906757E1
3.245000E3	-4.097002E0	-7.067678E-3	2.047172E1
3.246000E3	-4.100090E0	-7.067678E-3	2.014334E1
3.247000E3	-4.103179E0	-7.067678E-3	2.162149E1
3.248000E3	-4.106268E0	-7.067678E-3	2.107947E1
3.249000E3	-4.109357E0	-7.067678E-3	1.918131E1
3.250000E3	-4.112446E0	-7.067678E-3	2.092253E1
3.251000E3	-4.115535E0	-7.067678E-3	2.056163E1
3.252000E3	-4.118623E0	-7.067678E-3	1.659973E1
3.253000E3	-4.121712E0	-7.067678E-3	1.594526E1
3.254000E3	-4.124801E0	-7.067678E-3	1.903763E1
3.255000E3	-4.127890E0	-7.067678E-3	1.799353E1
3.256000E3	-4.130979E0	-7.067678E-3	1.779808E1
3.257000E3	-4.134067E0	-7.067678E-3	1.692244E1
3.258000E3	-4.137156E0	-7.067678E-3	1.820140E1
3.259000E3	-4.140245E0	-7.067678E-3	1.855308E1
3.260000E3	-4.143334E0	-7.067678E-3	1.590354E1
3.261000E3	-4.146423E0	-7.067678E-3	1.661813E1
3.262000E3	-4.149512E0	-7.067678E-3	1.706240E1
3.263000E3	-4.152600E0	-7.067678E-3	1.738237E1
3.264000E3	-4.155689E0	-7.067678E-3	1.819618E1
3.265000E3	-4.158778E0	-7.067678E-3	1.923897E1
3.266000E3	-4.161867E0	-7.067678E-3	1.787717E1
3.267000E3	-4.164956E0	-7.067678E-3	1.899199E1
3.268000E3	-4.168045E0	-7.067678E-3	1.917867E1
3.269000E3	-4.171133E0	-7.067678E-3	1.959141E1
3.270000E3	-4.174222E0	-7.067678E-3	1.903031E1
3.271000E3	-4.177311E0	-7.067678E-3	2.077844E1
3.272000E3	-4.180400E0	-7.067678E-3	2.097583E1
3.273000E3	-4.183489E0	-7.067678E-3	2.031169E1
3.274000E3	-4.186577E0	-7.067678E-3	1.783164E1
3.275000E3	-4.189666E0	-7.067678E-3	1.711569E1
3.276000E3	-4.192755E0	-7.067678E-3	2.004831E1
3.277000E3	-4.195844E0	-7.067678E-3	1.839941E1
3.278000E3	-4.198933E0	-7.067678E-3	1.572697E1
3.279000E3	-4.202022E0	-7.067678E-3	1.770226E1
3.280000E3	-4.205110E0	-7.067678E-3	1.888548E1
3.281000E3	-4.208199E0	-7.067678E-3	2.059402E1
3.282000E3	-4.211288E0	-7.067678E-3	2.258502E1
3.283000E3	-4.214377E0	-7.067678E-3	2.192040E1
3.284000E3	-4.217466E0	-7.067678E-3	1.988200E1
3.285000E3	-4.220554E0	-7.067678E-3	2.091612E1
3.286000E3	-4.223643E0	-7.067678E-3	2.051521E1
3.287000E3	-4.226732E0	-7.067678E-3	1.803358E1
3.288000E3	-4.229821E0	-7.067678E-3	1.825977E1
3.289000E3	-4.232910E0	-7.067678E-3	1.997653E1
3.290000E3	-4.235999E0	-7.067678E-3	1.756095E1
3.291000E3	-4.239087E0	-7.067678E-3	1.876867E1
3.292000E3	-4.242176E0	-7.067678E-3	1.881919E1
3.293000E3	-4.245265E0	-7.067678E-3	1.806155E1
3.294000E3	-4.248354E0	-7.067678E-3	1.965957E1
3.295000E3	-4.251443E0	-7.067678E-3	2.058534E1
3.296000E3	-4.254531E0	-7.067678E-3	1.862697E1
3.297000E3	-4.257620E0	-7.067678E-3	1.717467E1
3.298000E3	-4.260709E0	-7.067678E-3	1.833525E1
3.299000E3	-4.263798E0	-7.067678E-3	2.005938E1
3.300000E3	-4.266887E0	-7.067678E-3	1.935079E1
3.301000E3	-4.269976E0	-7.067678E-3	1.935271E1
3.302000E3	-4.273064E0	-7.067678E-3	1.887467E1
3.303000E3	-4.276153E0	-7.067678E-3	1.901755E1
3.304000E3	-4.279242E0	-7.067678E-3	1.967650E1
3.305000E3	-4.282331E0	-7.067678E-3	1.983930E1
3.306000E3	-4.285420E0	-7.067678E-3	1.952928E1
3.307000E3	-4.288508E0	-7.067678E-3	1.938291E1
3.308000E3	-4.291597E0	-7.067678E-3	2.035904E1
3.309000E3	-4.294686E0	-7.067678E-3	1.885072E1
3.310000E3	-4.297775E0	-7.067678E-3	1.883106E1
3.311000E3	-4.300864E0	-7.067678E-3	1.872465E1
3.312000E3	-4.303953E0	-7.067678E-3	1.924923E1
3.313000E3	-4.307041E0	-7.067678E-3	1.951865E1
3.314000E3	-4.310130E0	-7.067678E-3	1.986981E1
3.315000E3	-4.313219E0	-7.067678E-3	1.898927E1
3.316000E3	-4.316308E0	-7.067678E-3	1.604601E1
3.317000E3	-4.319397E0	-7.067678E-3	1.831765E1
3.318000E3	-4.322485E0	-7.067678E-3	1.900949E1
3.319000E3	-4.325574E0	-7.067678E-3	1.988724E1
3.320000E3	-4.328663E0	-7.067678E-3	1.997786E1
3.321000E3	-4.331752E0	-7.067678E-3	1.874723E1
3.322000E3	-4.334841E0	-7.067678E-3	1.895545E1
3.323000E3	-4.337930E0	-7.067678E-3	1.909682E1
3.324000E3	-4.341018E0	-7.067678E-3	1.745568E1
3.325000E3	-4.344107E0	-7.067678E-3	1.681158E1
3.326000E3	-4.347196E0	-7.067678E-3	1.772139E1
3.327000E3	-4.350285E0	-7.067678E-3	1.715078E1
3.328000E3	-4.353374E0	-7.067678E-3	1.773367E1
3.329000E3	-4.356462E0	-7.067678E-3	1.721261E1
3.330000E3	-4.359551E0	-7.067678E-3	1.647485E1
3.331000E3	-4.362640E0	-7.067678E-3	1.803954E1
3.332000E3	-4.365729E0	-7.067678E-3	1.808838E1
3.333000E3	-4.368818E0	-7.067678E-3	1.749357E1
3.334000E3	-4.371907E0	-7.067678E-3	1.883274E1
3.335000E3	-4.374995E0	-7.067678E-3	2.014084E1
3.336000E3	-4.378084E0	-7.067678E-3	1.940570E1
3.337000E3	-4.381173E0	-7.067678E-3	1.868439E1
3.338000E3	-4.384262E0	-7.067678E-3	2.032935E1
3.339000E3	-4.387351E0	-7.067678E-3	1.829894E1
3.340000E3	-4.390439E0	-7.067678E-3	2.075679E1
3.341000E3	-4.393528E0	-7.067678E-3	1.773568E1
3.342000E3	-4.396617E0	-7.067678E-3	1.752825E1
3.343000E3	-4.399706E0	-7.067678E-3	1.707319E1
3.344000E3	-4.402795E0	-7.067678E-3	1.941126E1
3.345000E3	-4.405884E0	-7.067678E-3	2.035467E1
3.346000E3	-4.408972E0	-7.067678E-3	1.950381E1
3.347000E3	-4.412061E0	-7.067678E-3	1.907409E1
3.348000E3	-4.415150E0	-7.067678E-3	1.884500E1
3.349000E3	-4.418239E0	-7.067678E-3	2.043329E1
3.350000E3	-4.421328E0	-7.067678E-3	2.021856E1
3.351000E3	-4.424416E0	-7.067678E-3	2.025584E1
3.352000E3	-4.427505E0	-7.067678E-3	2.026118E1
3.353000E3	-4.430594E0	-7.067678E-3	1.949514E1
3.354000E3	-4.433683E0	-7.067678E-3	1.845401E1
3.355000E3	-4.436772E0	-7.067678E-3	1.873431E1
3.356000E3	-4.439861E0	-7.067678E-3	1.827770E1
3.357000E3	-4.442949E0	-7.067678E-3	1.773766E1
3.358000E3	-4.446038E0	-7.067678E-3	1.572204E1
3.359000E3	-4.449127E0	-7.067678E-3	1.594294E1
3.360000E3	-4.452216E0	-7.067678E-3	1.638062E1
3.361000E3	-4.455305E0	-7.067678E-3	1.730983E1
3.362000E3	-4.458393E0	-7.067678E-3	1.822544E1
3.363000E3	-4.461482E0	-7.067678E-3	1.868696E1
3.364000E3	-4.464571E0	-7.067678E-3	1.771653E1
3.365000E3	-4.467660E0	-7.067678E-3	1.718669E1
3.366000E3	-4.470749E0	-7.067678E-3	1.824162E1
3.367000E3	-4.473838E0	-7.067678E-3	1.753466E1
3.368000E3	-4.476926E0	-7.067678E-3	1.629759E1
3.369000E3	-4.480015E0	-7.067678E-3	1.872871E1
3.370000E3	-4.483104E0	-7.067678E-3	2.024313E1
3.371000E3	-4.486193E0	-7.067678E-3	1.878079E1
3.372000E3	-4.489282E0	-7.067678E-3	1.839151E1
3.373000E3	-4.492370E0	-7.067678E-3	1.862647E1
3.374000E3	-4.495459E0	-7.067678E-3	1.671550E1
3.375000E3	-4.498548E0	-7.067678E-3	1.807110E1
3.376000E3	-4.501637E0	-7.067678E-3	1.592953E1
3.377000E3	-4.504726E0	-7.067678E-3	1.896536E1
3.378000E3	-4.507815E0	-7.067678E-3	1.989781E1
3.379000E3	-4.510903E0	-7.067678E-3	1.966949E1
3.380000E3	-4.513992E0	-7.067678E-3	1.731031E1
3.381000E3	-4.517081E0	-7.067678E-3	1.528589E1
3.382000E3	-4.520170E0	-7.067678E-3	1.528175E1
3.383000E3	-4.523259E0	-7.067678E-3	1.669169E1
3.384000E3	-4.526347E0	-7.067678E-3	1.853379E1
3.385000E3	-4.529436E0	-7.067678E-3	1.789203E1
3.386000E3	-4.532525E0	-7.067678E-3	1.882082E1
3.387000E3	-4.535614E0	-7.067678E-3	1.674694E1
3.388000E3	-4.538703E0	-7.067678E-3	1.582535E1
3.389000E3	-4.541792E0	-7.067678E-3	1.672324E1
3.390000E3	-4.544880E0	-7.067678E-3	1.848474E1
3.391000E3	-4.547969E0	-7.067678E-3	1.734184E1
3.392000E3	-4.551058E0	-7.067678E-3	1.370282E1
3.393000E3	-4.554147E0	-7.067678E-3	1.366718E1
3.394000E3	-4.557236E0	-7.067678E-3	1.494027E1
3.395000E3	-4.560324E0	-7.067678E-3	1.745025E1
3.396000E3	-4.563413E0	-7.067678E-3	1.724415E1
3.397000E3	-4.566502E0	-7.067678E-3	1.707973E1
3.398000E3	-4.569591E0	-7.067678E-3	1.579481E1
3.399000E3	-4.572680E0	-7.067678E-3	1.648105E1
3.400000E3	-4.575769E0	-7.067678E-3	1.596463E1
3.401000E3	-4.578857E0	-7.067678E-3	1.705577E1
3.402000E3	-4.581946E0	-7.067678E-3	1.698416E1
3.403000E3	-4.585035E0	-7.067678E-3	1.617670E1
3.404000E3	-4.588124E0	-7.067678E-3	1.527958E1
3.405000E3	-4.591213E0	-7.067678E-3	1.644915E1
3.406000E3	-4.594301E0	-7.067678E-3	1.786806E1
3.407000E3	-4.597390E0	-7.067678E-3	1.883913E1
3.408000E3	-4.600479E0	-7.067678E-3	1.854436E1
3.409000E3	-4.603568E0	-7.067678E-3	1.865370E1
3.410000E3	-4.606657E0	-7.067678E-3	1.674542E1
3.411000E3	-4.609746E0	-7.067678E-3	1.887469E1
3.412000E3	-4.612834E0	-7.067678E-3	1.674215E1
3.413000E3	-4.615923E0	-7.067678E-3	1.562955E1
3.414000E3	-4.619012E0	-7.067678E-3	1.483626E1
3.415000E3	-4.622101E0	-7.067678E-3	1.463998E1
3.416000E3	-4.625190E0	-7.067678E-3	1.552689E1
3.417000E3	-4.628278E0	-7.067678E-3	1.607000E1
3.418000E3	-4.631367E0	-7.067678E-3	1.724316E1
3.419000E3	-4.634456E0	-7.067678E-3	1.699756E1
3.420000E3	-4.637545E0	-7.067678E-3	1.767556E1
3.421000E3	-4.640634E0	-7.067678E-3	1.640687E1
3.422000E3	-4.643723E0	-7.067678E-3	1.439394E1
3.423000E3	-4.646811E0	-7.067678E-3	1.661347E1
3.424000E3	-4.649900E0	-7.067678E-3	1.499347E1
3.425000E3	-4.652989E0	-7.067678E-3	1.390389E1
3.426000E3	-4.656078E0	-7.067678E-3	1.512255E1
3.427000E3	-4.659167E0	-7.067678E-3	1.457898E1
3.428000E3	-4.662256E0	-7.067678E-3	1.336543E1
3.429000E3	-4.665344E0	-7.067678E-3	1.342080E1
3.430000E3	-4.668433E0	-7.067678E-3	1.354879E1
3.431000E3	-4.671522E0	-7.067678E-3	1.468667E1
3.432000E3	-4.674611E0	-7.067678E-3	1.334556E1
3.433000E3	-4.677700E0	-7.067678E-3	1.235247E1
3.434000E3	-4.680788E0	-7.067678E-3	1.368120E1
3.435000E3	-4.683877E0	-7.067678E-3	1.581238E1
3.436000E3	-4.686966E0	-7.067678E-3	1.202197E1
3.437000E3	-4.690055E0	-7.067678E-3	1.469018E1
3.438000E3	-4.693144E0	-7.067678E-3	1.451328E1
3.439000E3	-4.696233E0	-7.067678E-3	1.528141E1
3.440000E3	-4.699321E0	-7.067678E-3	1.659242E1
3.441000E3	-4.702410E0	-7.067678E-3	1.563465E1
3.442000E3	-4.705499E0	-7.067678E-3	1.449275E1
3.443000E3	-4.708588E0	-7.067678E-3	1.546085E1
3.444000E3	-4.711677E0	-7.067678E-3	1.781952E1
3.445000E3	-4.714765E0	-7.067678E-3	1.539790E1
3.446000E3	-4.717854E0	-7.067678E-3	1.487462E1
3.447000E3	-4.720943E0	-7.067678E-3	1.909052E1
3.448000E3	-4.724032E0	-7.067678E-3	1.659888E1
3.449000E3	-4.727121E0	-7.067678E-3	1.570376E1
3.450000E3	-4.730210E0	-7.067678E-3	1.720651E1
3.451000E3	-4.733298E0	-7.067678E-3	1.523145E1
3.452000E3	-4.736387E0	-7.067678E-3	1.626122E1
3.453000E3	-4.739476E0	-7.067678E-3	1.785597E1
3.454000E3	-4.742565E0	-7.067678E-3	1.604830E1
3.455000E3	-4.745654E0	-7.067678E-3	1.768352E1
3.456000E3	-4.748742E0	-7.067678E-3	1.917753E1
3.457000E3	-4.751831E0	-7.067678E-3	1.682701E1
3.458000E3	-4.754920E0	-7.067678E-3	1.548651E1
3.459000E3	-4.758009E0	-7.067678E-3	1.747411E1
3.460000E3	-4.761098E0	-7.067678E-3	1.522537E1
3.461000E3	-4.764187E0	-7.067678E-3	1.557331E1
3.462000E3	-4.767275E0	-7.067678E-3	1.704031E1
3.463000E3	-4.770364E0	-7.067678E-3	1.664403E1
3.464000E3	-4.773453E0	-7.067678E-3	1.441223E1
3.465000E3	-4.776542E0	-7.067678E-3	1.746825E1
3.466000E3	-4.779631E0	-7.067678E-3	1.444090E1
3.467000E3	-4.782719E0	-7.067678E-3	1.560192E1
3.468000E3	-4.785808E0	-7.067678E-3	1.634468E1
3.469000E3	-4.788897E0	-7.067678E-3	1.690131E1
3.470000E3	-4.791986E0	-7.067678E-3	1.594049E1
3.471000E3	-4.795075E0	-7.067678E-3	1.668861E1
3.472000E3	-4.798164E0	-7.067678E-3	1.534233E1
3.473000E3	-4.801252E0	-7.067678E-3	1.704489E1
3.474000E3	-4.804341E0	-7.067678E-3	1.757643E1
3.475000E3	-4.807430E0	-7.067678E-3	1.795987E1
3.476000E3	-4.810519E0	-7.067678E-3	1.659471E1
3.477000E3	-4.813608E0	-7.067678E-3	1.653531E1
3.478000E3	-4.816696E0	-7.067678E-3	1.764847E1
3.479000E3	-4.819785E0	-7.067678E-3	1.756329E1
3.480000E3	-4.822874E0	-7.067678E-3	1.744701E1
3.481000E3	-4.825963E0	-7.067678E-3	1.720464E1
3.482000E3	-4.829052E0	-7.067678E-3	1.616230E1
3.483000E3	-4.832141E0	-7.067678E-3	1.587979E1
3.484000E3	-4.835229E0	-7.067678E-3	1.707591E1
3.485000E3	-4.838318E0	-7.067678E-3	1.833372E1
3.486000E3	-4.841407E0	-7.067678E-3	1.757546E1
3.487000E3	-4.844496E0	-7.067678E-3	1.622988E1
3.488000E3	-4.847585E0	-7.067678E-3	1.424798E1
3.489000E3	-4.850673E0	-7.067678E-3	1.760783E1
3.490000E3	-4.853762E0	-7.067678E-3	1.766417E1
3.491000E3	-4.856851E0	-7.067678E-3	1.917837E1
3.492000E3	-4.859940E0	-7.067678E-3	1.713801E1
3.493000E3	-4.863029E0	-7.067678E-3	1.644298E1
3.494000E3	-4.866118E0	-7.067678E-3	1.552158E1
3.495000E3	-4.869206E0	-7.067678E-3	1.419919E1
3.496000E3	-4.872295E0	-7.067678E-3	1.571719E1
3.497000E3	-4.875384E0	-7.067678E-3	1.596393E1
3.498000E3	-4.878473E0	-7.067678E-3	1.600839E1
3.499000E3	-4.881562E0	-7.067678E-3	1.659528E1
3.500000E3	-4.884650E0	-7.067678E-3	1.604995E1
3.501000E3	-4.887739E0	-7.067678E-3	1.542142E1
3.502000E3	-4.890828E0	-7.067678E-3	1.626749E1
3.503000E3	-4.893917E0	-7.067678E-3	1.593385E1
3.504000E3	-4.897006E0	-7.067678E-3	1.608803E1
3.505000E3	-4.900095E0	-7.067678E-3	1.725114E1
3.506000E3	-4.903183E0	-7.067678E-3	1.581384E1
3.507000E3	-4.906272E0	-7.067678E-3	1.637115E1
3.508000E3	-4.909361E0	-7.067678E-3	1.526887E1
3.509000E3	-4.912450E0	-7.067678E-3	1.537742E1
3.510000E3	-4.915539E0	-7.067678E-3	1.609523E1
3.511000E3	-4.918627E0	-7.067678E-3	1.777873E1
3.512000E3	-4.921716E0	-7.067678E-3	1.697928E1
3.513000E3	-4.924805E0	-7.067678E-3	1.598247E1
3.514000E3	-4.927894E0	-7.067678E-3	1.627963E1
3.515000E3	-4.930983E0	-7.067678E-3	1.625492E1
3.516000E3	-4.934072E0	-7.067678E-3	1.690255E1
3.517000E3	-4.937160E0	-7.067678E-3	1.604723E1
3.518000E3	-4.940249E0	-7.067678E-3	1.713652E1
3.519000E3	-4.943338E0	-7.067678E-3	1.538191E1
3.520000E3	-4.946427E0	-7.067678E-3	1.432174E1
3.521000E3	-4.949516E0	-7.067678E-3	1.518605E1
3.522000E3	-4.952604E0	-7.067678E-3	1.577412E1
3.523000E3	-4.955693E0	-7.067678E-3	1.607924E1
3.524000E3	-4.958782E0	-7.067678E-3	1.601755E1
3.525000E3	-4.961871E0	-7.067678E-3	1.554377E1
3.526000E3	-4.964960E0	-7.067678E-3	1.568065E1
3.527000E3	-4.968049E0	-7.067678E-3	1.763650E1
3.528000E3	-4.971137E0	-7.067678E-3	1.643581E1
3.529000E3	-4.974226E0	-7.067678E-3	1.533142E1
3.530000E3	-4.977315E0	-7.067678E-3	1.511637E1
3.531000E3	-4.980404E0	-7.067678E-3	1.762053E1
3.532000E3	-4.983493E0	-7.067678E-3	1.579506E1
3.533000E3	-4.986581E0	-7.067678E-3	1.615615E1
3.534000E3	-4.989670E0	-7.067678E-3	1.537068E1
3.535000E3	-4.992759E0	-7.067678E-3	1.250315E1
3.536000E3	-4.995848E0	-7.067678E-3	1.615492E1
3.537000E3	-4.998937E0	-7.067678E-3	1.744217E1
3.538000E3	-5.002026E0	-7.067678E-3	1.580894E1
3.539000E3	-5.005114E0	-7.067678E-3	1.489154E1
3.540000E3	-5.008203E0	-7.067678E-3	1.654760E1
3.541000E3	-5.011292E0	-7.067678E-3	1.685709E1
3.542000E3	-5.014381E0	-7.067678E-3	1.673253E1
3.543000E3	-5.017470E0	-7.067678E-3	1.800178E1
3.544000E3	-5.020558E0	-7.067678E-3	1.820867E1
3.545000E3	-5.023647E0	-7.067678E-3	1.892806E1
3.546000E3	-5.026736E0	-7.067678E-3	1.922280E1
3.547000E3	-5.029825E0	-7.067678E-3	1.840662E1
3.548000E3	-5.032914E0	-7.067678E-3	1.748284E1
3.549000E3	-5.036003E0	-7.067678E-3	1.705157E1
3.550000E3	-5.039091E0	-7.067678E-3	1.594161E1
3.551000E3	-5.042180E0	-7.067678E-3	1.719633E1
3.552000E3	-5.045269E0	-7.067678E-3	1.707015E1
3.553000E3	-5.048358E0	-7.067678E-3	1.772566E1
3.554000E3	-5.051447E0	-7.067678E-3	1.798702E1
3.555000E3	-5.054535E0	-7.067678E-3	1.864297E1
3.556000E3	-5.057624E0	-7.067678E-3	1.671852E1
3.557000E3	-5.060713E0	-7.067678E-3	1.663436E1
3.558000E3	-5.063802E0	-7.067678E-3	1.661378E1
3.559000E3	-5.066891E0	-7.067678E-3	1.627600E1
3.560000E3	-5.069980E0	-7.067678E-3	1.709499E1
3.561000E3	-5.073068E0	-7.067678E-3	1.827031E1
3.562000E3	-5.076157E0	-7.067678E-3	1.560747E1
3.563000E3	-5.079246E0	-7.067678E-3	1.434924E1
3.564000E3	-5.082335E0	-7.067678E-3	1.581491E1
3.565000E3	-5.085424E0	-7.067678E-3	1.545044E1
3.566000E3	-5.088512E0	-7.067678E-3	1.630871E1
3.567000E3	-5.091601E0	-7.067678E-3	1.719021E1
3.568000E3	-5.094690E0	-7.067678E-3	1.508830E1
3.569000E3	-5.097779E0	-7.067678E-3	1.598893E1
3.570000E3	-5.100868E0	-7.067678E-3	1.609264E1
3.571000E3	-5.103957E0	-7.067678E-3	1.625464E1
3.572000E3	-5.107045E0	-7.067678E-3	1.452951E1
3.573000E3	-5.110134E0	-7.067678E-3	1.464022E1
3.574000E3	-5.113223E0	-7.067678E-3	1.596121E1
3.575000E3	-5.116312E0	-7.067678E-3	1.662039E1
3.576000E3	-5.119401E0	-7.067678E-3	1.571225E1
3.577000E3	-5.122489E0	-7.067678E-3	1.709505E1
3.578000E3	-5.125578E0	-7.067678E-3	1.524597E1
3.579000E3	-5.128667E0	-7.067678E-3	1.729909E1
3.580000E3	-5.131756E0	-7.067678E-3	1.771238E1
3.581000E3	-5.134845E0	-7.067678E-3	1.840933E1
3.582000E3	-5.137934E0	-7.067678E-3	1.766566E1
3.583000E3	-5.141022E0	-7.067678E-3	1.497419E1
3.584000E3	-5.144111E0	-7.067678E-3	1.650149E1
3.585000E3	-5.147200E0	-7.067678E-3	1.682515E1
3.586000E3	-5.150289E0	-7.067678E-3	1.619552E1
3.587000E3	-5.153378E0	-7.067678E-3	1.705819E1
3.588000E3	-5.156466E0	-7.067678E-3	1.582377E1
3.589000E3	-5.159555E0	-7.067678E-3	1.639106E1
3.590000E3	-5.162644E0	-7.067678E-3	1.490128E1
3.591000E3	-5.165733E0	-7.067678E-3	1.455865E1
3.592000E3	-5.168822E0	-7.067678E-3	1.634031E1
3.593000E3	-5.171911E0	-7.067678E-3	1.459952E1
3.594000E3	-5.174999E0	-7.067678E-3	1.571414E1
3.595000E3	-5.178088E0	-7.067678E-3	1.674320E1
3.596000E3	-5.181177E0	-7.067678E-3	1.482382E1
3.597000E3	-5.184266E0	-7.067678E-3	1.451383E1
3.598000E3	-5.187355E0	-7.067678E-3	1.453222E1
3.599000E3	-5.190444E0	-7.067678E-3	1.447172E1
3.600000E3	-5.193532E0	-7.067678E-3	1.364960E1
3.601000E3	-5.196621E0	-7.067678E-3	1.279486E1
3.602000E3	-5.199710E0	-7.067678E-3	1.289847E1
3.603000E3	-5.202799E0	-7.067678E-3	1.530939E1
3.604000E3	-5.205888E0	-7.067678E-3	1.655661E1
3.605000E3	-5.208976E0	-7.067678E-3	1.609593E1
3.606000E3	-5.212065E0	-7.067678E-3	1.723453E1
3.607000E3	-5.215154E0	-7.067678E-3	1.764990E1
3.608000E3	-5.218243E0	-7.067678E-3	1.723022E1
3.609000E3	-5.221332E0	-7.067678E-3	1.532005E1
3.610000E3	-5.224421E0	-7.067678E-3	1.605129E1
3.611000E3	-5.227509E0	-7.067678E-3	1.687468E1
3.612000E3	-5.230598E0	-7.067678E-3	1.581323E1
3.613000E3	-5.233687E0	-7.067678E-3	1.513436E1
3.614000E3	-5.236776E0	-7.067678E-3	1.494874E1
3.615000E3	-5.239865E0	-7.067678E-3	1.547495E1
3.616000E3	-5.242953E0	-7.067678E-3	1.572145E1
3.617000E3	-5.246042E0	-7.067678E-3	1.517414E1
3.618000E3	-5.249131E0	-7.067678E-3	1.492567E1
3.619000E3	-5.252220E0	-7.067678E-3	1.451770E1
3.620000E3	-5.255309E0	-7.067678E-3	1.577954E1
3.621000E3	-5.258398E0	-7.067678E-3	1.666573E1
3.622000E3	-5.261486E0	-7.067678E-3	1.661533E1
3.623000E3	-5.264575E0	-7.067678E-3	1.612463E1
3.624000E3	-5.267664E0	-7.067678E-3	1.536922E1
3.625000E3	-5.270753E0	-7.067678E-3	1.534670E1
3.626000E3	-5.273842E0	-7.067678E-3	1.646196E1
3.627000E3	-5.276930E0	-7.067678E-3	1.628278E1
3.628000E3	-5.280019E0	-7.067678E-3	1.532773E1
3.629000E3	-5.283108E0	-7.067678E-3	1.680065E1
3.630000E3	-5.286197E0	-7.067678E-3	1.442401E1
3.631000E3	-5.289286E0	-7.067678E-3	1.258205E1
3.632000E3	-5.292375E0	-7.067678E-3	1.328997E1
3.633000E3	-5.295463E0	-7.067678E-3	1.248708E1
3.634000E3	-5.298552E0	-7.067678E-3	1.315294E1
3.635000E3	-5.301641E0	-7.067678E-3	1.559594E1
3.636000E3	-5.304730E0	-7.067678E-3	1.456971E1
3.637000E3	-5.307819E0	-7.067678E-3	1.437665E1
3.638000E3	-5.310907E0	-7.067678E-3	1.428063E1
3.639000E3	-5.313996E0	-7.067678E-3	1.512188E1
3.640000E3	-5.317085E0	-7.067678E-3	1.534789E1
3.641000E3	-5.320174E0	-7.067678E-3	1.454370E1
3.642000E3	-5.323263E0	-7.067678E-3	1.681582E1
3.643000E3	-5.326352E0	-7.067678E-3	1.606073E1
3.644000E3	-5.329440E0	-7.067678E-3	1.740640E1
3.645000E3	-5.332529E0	-7.067678E-3	1.682359E1
3.646000E3	-5.335618E0	-7.067678E-3	1.645426E1
3.647000E3	-5.338707E0	-7.067678E-3	1.522520E1
3.648000E3	-5.341796E0	-7.067678E-3	1.517140E1
3.649000E3	-5.344884E0	-7.067678E-3	1.436339E1
3.650000E3	-5.347973E0	-7.067678E-3	1.451686E1
3.651000E3	-5.351062E0	-7.067678E-3	1.515017E1
3.652000E3	-5.354151E0	-7.067678E-3	1.302050E1
3.653000E3	-5.357240E0	-7.067678E-3	1.175506E1
3.654000E3	-5.360329E0	-7.067678E-3	1.531965E1
3.655000E3	-5.363417E0	-7.067678E-3	1.556999E1
3.656000E3	-5.366506E0	-7.067678E-3	1.457162E1
3.657000E3	-5.369595E0	-7.067678E-3	1.632681E1
3.658000E3	-5.372684E0	-7.067678E-3	1.503200E1
3.659000E3	-5.375773E0	-7.067678E-3	1.442102E1
3.660000E3	-5.378861E0	-7.067678E-3	1.337295E1
3.661000E3	-5.381950E0	-7.067678E-3	1.459016E1
3.662000E3	-5.385039E0	-7.067678E-3	1.609836E1
3.663000E3	-5.388128E0	-7.067678E-3	1.612717E1
3.664000E3	-5.391217E0	-7.067678E-3	1.381629E1
3.665000E3	-5.394306E0	-7.067678E-3	1.428034E1
3.666000E3	-5.397394E0	-7.067678E-3	1.273413E1
3.667000E3	-5.400483E0	-7.067678E-3	1.259455E1
3.668000E3	-5.403572E0	-7.067678E-3	1.285131E1
3.669000E3	-5.406661E0	-7.067678E-3	1.206016E1
3.670000E3	-5.409750E0	-7.067678E-3	1.381016E1
3.671000E3	-5.412838E0	-7.067678E-3	1.529015E1
3.672000E3	-5.415927E0	-7.067678E-3	1.433445E1
3.673000E3	-5.419016E0	-7.067678E-3	1.392759E1
3.674000E3	-5.422105E0	-7.067678E-3	1.391674E1
3.675000E3	-5.425194E0	-7.067678E-3	1.608758E1
3.676000E3	-5.428283E0	-7.067678E-3	1.485912E1
3.677000E3	-5.431371E0	-7.067678E-3	1.209991E1
3.678000E3	-5.434460E0	-7.067678E-3	1.264507E1
3.679000E3	-5.437549E0	-7.067678E-3	1.514981E1
3.680000E3	-5.440638E0	-7.067678E-3	1.407452E1
3.681000E3	-5.443727E0	-7.067678E-3	1.449871E1
3.682000E3	-5.446815E0	-7.067678E-3	1.589324E1
3.683000E3	-5.449904E0	-7.067678E-3	1.469495E1
3.684000E3	-5.452993E0	-7.067678E-3	1.150240E1
3.685000E3	-5.456082E0	-7.067678E-3	1.354238E1
3.686000E3	-5.459171E0	-7.067678E-3	1.543741E1
3.687000E3	-5.462260E0	-7.067678E-3	1.568580E1
3.688000E3	-5.465348E0	-7.067678E-3	1.312106E1
3.689000E3	-5.468437E0	-7.067678E-3	1.240142E1
3.690000E3	-5.471526E0	-7.067678E-3	1.387003E1
3.691000E3	-5.474615E0	-7.067678E-3	1.494609E1
3.692000E3	-5.477704E0	-7.067678E-3	1.230342E1
3.693000E3	-5.480792E0	-7.067678E-3	1.423535E1
3.694000E3	-5.483881E0	-7.067678E-3	1.649631E1
3.695000E3	-5.486970E0	-7.067678E-3	1.496431E1
3.696000E3	-5.490059E0	-7.067678E-3	1.491918E1
3.697000E3	-5.493148E0	-7.067678E-3	1.425444E1
3.698000E3	-5.496237E0	-7.067678E-3	1.413365E1
3.699000E3	-5.499325E0	-7.067678E-3	1.521069E1
3.700000E3	-5.502414E0	-7.067678E-3	1.327883E1
3.701000E3	-5.505503E0	-7.067678E-3	1.425176E1
3.702000E3	-5.508592E0	-7.067678E-3	1.402288E1
3.703000E3	-5.511681E0	-7.067678E-3	1.369001E1
3.704000E3	-5.514769E0	-7.067678E-3	1.309455E1
3.705000E3	-5.517858E0	-7.067678E-3	1.386903E1
3.706000E3	-5.520947E0	-7.067678E-3	1.377745E1
3.707000E3	-5.524036E0	-7.067678E-3	1.415007E1
3.708000E3	-5.527125E0	-7.067678E-3	1.335571E1
3.709000E3	-5.530214E0	-7.067678E-3	1.464387E1
3.710000E3	-5.533302E0	-7.067678E-3	1.384135E1
3.711000E3	-5.536391E0	-7.067678E-3	1.402912E1
3.712000E3	-5.539480E0	-7.067678E-3	1.295218E1
3.713000E3	-5.542569E0	-7.067678E-3	1.444779E1
3.714000E3	-5.545658E0	-7.067678E-3	1.522226E1
3.715000E3	-5.548746E0	-7.067678E-3	1.538025E1
3.716000E3	-5.551835E0	-7.067678E-3	1.393083E1
3.717000E3	-5.554924E0	-7.067678E-3	1.343622E1
3.718000E3	-5.558013E0	-7.067678E-3	1.274843E1
3.719000E3	-5.561102E0	-7.067678E-3	1.156692E1
3.720000E3	-5.564191E0	-7.067678E-3	1.261576E1
3.721000E3	-5.567279E0	-7.067678E-3	1.414464E1
3.722000E3	-5.570368E0	-7.067678E-3	1.367498E1
3.723000E3	-5.573457E0	-7.067678E-3	1.497458E1
3.724000E3	-5.576546E0	-7.067678E-3	1.715099E1
3.725000E3	-5.579635E0	-7.067678E-3	1.534279E1
3.726000E3	-5.582723E0	-7.067678E-3	1.552656E1
3.727000E3	-5.585812E0	-7.067678E-3	1.535042E1
3.728000E3	-5.588901E0	-7.067678E-3	1.565940E1
3.729000E3	-5.591990E0	-7.067678E-3	1.330674E1
3.730000E3	-5.595079E0	-7.067678E-3	1.405259E1
3.731000E3	-5.598168E0	-7.067678E-3	1.338668E1
3.732000E3	-5.601256E0	-7.067678E-3	1.494661E1
3.733000E3	-5.604345E0	-7.067678E-3	1.351948E1
3.734000E3	-5.607434E0	-7.067678E-3	1.406974E1
3.735000E3	-5.610523E0	-7.067678E-3	1.355388E1
3.736000E3	-5.613612E0	-7.067678E-3	1.393328E1
3.737000E3	-5.616700E0	-7.067678E-3	1.470278E1
3.738000E3	-5.619789E0	-7.067678E-3	1.454105E1
3.739000E3	-5.622878E0	-7.067678E-3	1.280553E1
3.740000E3	-5.625967E0	-7.067678E-3	1.525063E1
3.741000E3	-5.629056E0	-7.067678E-3	1.540986E1
3.742000E3	-5.632145E0	-7.067678E-3	1.422268E1
3.743000E3	-5.635233E0	-7.067678E-3	1.542132E1
3.744000E3	-5.638322E0	-7.067678E-3	1.663977E1
3.745000E3	-5.641411E0	-7.067678E-3	1.616771E1
3.746000E3	-5.644500E0	-7.067678E-3	1.607666E1
3.747000E3	-5.647589E0	-7.067678E-3	1.587734E1
3.748000E3	-5.650677E0	-7.067678E-3	1.494516E1
3.749000E3	-5.653766E0	-7.067678E-3	1.445297E1
3.750000E3	-5.656855E0	-7.067678E-3	1.742457E1
3.751000E3	-5.659944E0	-7.067678E-3	1.444241E1
3.752000E3	-5.663033E0	-7.067678E-3	1.382627E1
3.753000E3	-5.666122E0	-7.067678E-3	1.625512E1
3.754000E3	-5.669210E0	-7.067678E-3	1.583425E1
3.755000E3	-5.672299E0	-7.067678E-3	1.543682E1
3.756000E3	-5.675388E0	-7.067678E-3	1.293199E1
3.757000E3	-5.678477E0	-7.067678E-3	1.365104E1
3.758000E3	-5.681566E0	-7.067678E-3	1.347503E1
3.759000E3	-5.684655E0	-7.067678E-3	1.154544E1
3.760000E3	-5.687743E0	-7.067678E-3	1.211662E1
3.761000E3	-5.690832E0	-7.067678E-3	1.326601E1
3.762000E3	-5.693921E0	-7.067678E-3	1.382895E1
3.763000E3	-5.697010E0	-7.067678E-3	1.289503E1
3.764000E3	-5.700099E0	-7.067678E-3	1.133644E1
3.765000E3	-5.703187E0	-7.067678E-3	1.316467E1
3.766000E3	-5.706276E0	-7.067678E-3	1.213515E1
3.767000E3	-5.709365E0	-7.067678E-3	1.197441E1
3.768000E3	-5.712454E0	-7.067678E-3	1.113233E1
3.769000E3	-5.715543E0	-7.067678E-3	1.258395E1
3.770000E3	-5.718632E0	-7.067678E-3	1.239688E1
3.771000E3	-5.721720E0	-7.067678E-3	1.116673E1
3.772000E3	-5.724809E0	-7.067678E-3	1.012588E1
3.773000E3	-5.727898E0	-7.067678E-3	1.221444E1
3.774000E3	-5.730987E0	-7.067678E-3	1.202815E1
3.775000E3	-5.734076E0	-7.067678E-3	1.384357E1
3.776000E3	-5.737164E0	-7.067678E-3	1.220268E1
3.777000E3	-5.740253E0	-7.067678E-3	1.237631E1
3.778000E3	-5.743342E0	-7.067678E-3	1.317628E1
3.779000E3	-5.746431E0	-7.067678E-3	1.260755E1
3.780000E3	-5.749520E0	-7.067678E-3	1.243175E1
3.781000E3	-5.752609E0	-7.067678E-3	1.661097E1
3.782000E3	-5.755697E0	-7.067678E-3	1.632146E1
3.783000E3	-5.758786E0	-7.067678E-3	1.588218E1
3.784000E3	-5.761875E0	-7.067678E-3	1.361506E1
3.785000E3	-5.764964E0	-7.067678E-3	1.519532E1
3.786000E3	-5.768053E0	-7.067678E-3	1.445730E1
3.787000E3	-5.771141E0	-7.067678E-3	1.373125E1
3.788000E3	-5.774230E0	-7.067678E-3	1.320624E1
3.789000E3	-5.777319E0	-7.067678E-3	1.496476E1
3.790000E3	-5.780408E0	-7.067678E-3	1.319258E1
3.791000E3	-5.783497E0	-7.067678E-3	1.590145E1
3.792000E3	-5.786586E0	-7.067678E-3	1.625801E1
3.793000E3	-5.789674E0	-7.067678E-3	1.442761E1
3.794000E3	-5.792763E0	-7.067678E-3	1.423790E1
3.795000E3	-5.795852E0	-7.067678E-3	1.532703E1
3.796000E3	-5.798941E0	-7.067678E-3	1.394396E1
3.797000E3	-5.802030E0	-7.067678E-3	1.425389E1
3.798000E3	-5.805118E0	-7.067678E-3	1.332776E1
3.799000E3	-5.808207E0	-7.067678E-3	1.347456E1
3.800000E3	-5.811296E0	-7.067678E-3	1.342479E1
3.801000E3	-5.814385E0	-7.067678E-3	1.371516E1
3.802000E3	-5.817474E0	-7.067678E-3	1.350606E1
3.803000E3	-5.820563E0	-7.067678E-3	1.348517E1
3.804000E3	-5.823651E0	-7.067678E-3	1.446303E1
3.805000E3	-5.826740E0	-7.067678E-3	1.422391E1
3.806000E3	-5.829829E0	-7.067678E-3	1.332273E1
3.807000E3	-5.832918E0	-7.067678E-3	1.340599E1
3.808000E3	-5.836007E0	-7.067678E-3	1.352200E1
3.809000E3	-5.839095E0	-7.067678E-3	1.237963E1
3.810000E3	-5.842184E0	-7.067678E-3	1.144198E1
3.811000E3	-5.845273E0	-7.067678E-3	1.359473E1
3.812000E3	-5.848362E0	-7.067678E-3	1.257131E1
3.813000E3	-5.851451E0	-7.067678E-3	1.330031E1
3.814000E3	-5.854540E0	-7.067678E-3	1.299334E1
3.815000E3	-5.857628E0	-7.067678E-3	1.273326E1
3.816000E3	-5.860717E0	-7.067678E-3	1.456322E1
3.817000E3	-5.863806E0	-7.067678E-3	1.384650E1
3.818000E3	-5.866895E0	-7.067678E-3	1.482057E1
3.819000E3	-5.869984E0	-7.067678E-3	1.509325E1
3.820000E3	-5.873072E0	-7.067678E-3	1.404753E1
3.821000E3	-5.876161E0	-7.067678E-3	1.323283E1
3.822000E3	-5.879250E0	-7.067678E-3	1.242375E1
3.823000E3	-5.882339E0	-7.067678E-3	1.556404E1
3.824000E3	-5.885428E0	-7.067678E-3	1.542560E1
3.825000E3	-5.888517E0	-7.067678E-3	1.638073E1
3.826000E3	-5.891605E0	-7.067678E-3	1.645598E1
3.827000E3	-5.894694E0	-7.067678E-3	1.578091E1
3.828000E3	-5.897783E0	-7.067678E-3	1.414100E1
3.829000E3	-5.900872E0	-7.067678E-3	1.433847E1
3.830000E3	-5.903961E0	-7.067678E-3	1.359405E1
3.831000E3	-5.907049E0	-7.067678E-3	1.395858E1
3.832000E3	-5.910138E0	-7.067678E-3	1.335613E1
3.833000E3	-5.913227E0	-7.067678E-3	1.259288E1
3.834000E3	-5.916316E0	-7.067678E-3	1.384746E1
3.835000E3	-5.919405E0	-7.067678E-3	1.358245E1
3.836000E3	-5.922494E0	-7.067678E-3	1.195132E1
3.837000E3	-5.925582E0	-7.067678E-3	1.303766E1
3.838000E3	-5.928671E0	-7.067678E-3	1.281537E1
3.839000E3	-5.931760E0	-7.067678E-3	1.350839E1
3.840000E3	-5.934849E0	-7.067678E-3	1.374543E1
3.841000E3	-5.937938E0	-7.067678E-3	1.303519E1
3.842000E3	-5.941026E0	-7.067678E-3	1.406857E1
3.843000E3	-5.944115E0	-7.067678E-3	1.430096E1
3.844000E3	-5.947204E0	-7.067678E-3	1.336650E1
3.845000E3	-5.950293E0	-7.067678E-3	1.326583E1
3.846000E3	-5.953382E0	-7.067678E-3	1.268584E1
3.847000E3	-5.956471E0	-7.067678E-3	1.264370E1
3.848000E3	-5.959559E0	-7.067678E-3	1.201974E1
3.849000E3	-5.962648E0	-7.067678E-3	1.341740E1
3.850000E3	-5.965737E0	-7.067678E-3	1.399447E1
3.851000E3	-5.968826E0	-7.067678E-3	1.480207E1
3.852000E3	-5.971915E0	-7.067678E-3	1.205035E1
3.853000E3	-5.975003E0	-7.067678E-3	1.389525E1
3.854000E3	-5.978092E0	-7.067678E-3	1.364288E1
3.855000E3	-5.981181E0	-7.067678E-3	1.261169E1
3.856000E3	-5.984270E0	-7.067678E-3	1.249217E1
3.857000E3	-5.987359E0	-7.067678E-3	1.366271E1
3.858000E3	-5.990448E0	-7.067678E-3	1.449547E1
3.859000E3	-5.993536E0	-7.067678E-3	1.188558E1
3.860000E3	-5.996625E0	-7.067678E-3	1.236952E1
3.861000E3	-5.999714E0	-7.067678E-3	1.384369E1
3.862000E3	-6.002803E0	-7.067678E-3	1.534383E1
3.863000E3	-6.005892E0	-7.067678E-3	1.464205E1
3.864000E3	-6.008980E0	-7.067678E-3	1.175571E1
3.865000E3	-6.012069E0	-7.067678E-3	1.365654E1
3.866000E3	-6.015158E0	-7.067678E-3	1.369667E1
3.867000E3	-6.018247E0	-7.067678E-3	1.154567E1
3.868000E3	-6.021336E0	-7.067678E-3	1.235652E1
3.869000E3	-6.024425E0	-7.067678E-3	1.144245E1
3.870000E3	-6.027513E0	-7.067678E-3	1.204200E1
3.871000E3	-6.030602E0	-7.067678E-3	1.223481E1
3.872000E3	-6.033691E0	-7.067678E-3	1.237059E1
3.873000E3	-6.036780E0	-7.067678E-3	1.364062E1
3.874000E3	-6.039869E0	-7.067678E-3	1.177817E1
3.875000E3	-6.042957E0	-7.067678E-3	1.234257E1
3.876000E3	-6.046046E0	-7.067678E-3	1.302030E1
3.877000E3	-6.049135E0	-7.067678E-3	1.363884E1
3.878000E3	-6.052224E0	-7.067678E-3	1.447800E1
3.879000E3	-6.055313E0	-7.067678E-3	1.515824E1
3.880000E3	-6.058402E0	-7.067678E-3	1.358180E1
3.881000E3	-6.061490E0	-7.067678E-3	1.318195E1
3.882000E3	-6.064579E0	-7.067678E-3	1.123598E1
3.883000E3	-6.067668E0	-7.067678E-3	1.312470E1
3.884000E3	-6.070757E0	-7.067678E-3	1.434740E1
3.885000E3	-6.073846E0	-7.067678E-3	1.569091E1
3.886000E3	-6.076934E0	-7.067678E-3	1.475204E1
3.887000E3	-6.080023E0	-7.067678E-3	1.603907E1
3.888000E3	-6.083112E0	-7.067678E-3	1.352470E1
3.889000E3	-6.086201E0	-7.067678E-3	1.452893E1
3.890000E3	-6.089290E0	-7.067678E-3	1.586927E1
3.891000E3	-6.092379E0	-7.067678E-3	1.471909E1
3.892000E3	-6.095467E0	-7.067678E-3	1.444184E1
3.893000E3	-6.098556E0	-7.067678E-3	1.250677E1
3.894000E3	-6.101645E0	-7.067678E-3	1.321226E1
3.895000E3	-6.104734E0	-7.067678E-3	1.418776E1
3.896000E3	-6.107823E0	-7.067678E-3	1.192148E1
3.897000E3	-6.110911E0	-7.067678E-3	1.351961E1
3.898000E3	-6.114000E0	-7.067678E-3	1.312197E1
3.899000E3	-6.117089E0	-7.067678E-3	1.492357E1
3.900000E3	-6.120178E0	-7.067678E-3	1.477715E1
3.901000E3	-6.123267E0	-7.067678E-3	1.481093E1
3.902000E3	-6.126356E0	-7.067678E-3	1.508197E1
3.903000E3	-6.129444E0	-7.067678E-3	1.353407E1
3.904000E3	-6.132533E0	-7.067678E-3	1.477807E1
3.905000E3	-6.135622E0	-7.067678E-3	1.479405E1
3.906000E3	-6.138711E0	-7.067678E-3	1.359550E1
3.907000E3	-6.141800E0	-7.067678E-3	1.285344E1
3.908000E3	-6.144888E0	-7.067678E-3	1.122763E1
3.909000E3	-6.147977E0	-7.067678E-3	1.190099E1
3.910000E3	-6.151066E0	-7.067678E-3	1.276600E1
3.911000E3	-6.154155E0	-7.067678E-3	1.162326E1
3.912000E3	-6.157244E0	-7.067678E-3	1.384712E1
3.913000E3	-6.160333E0	-7.067678E-3	1.160911E1
3.914000E3	-6.163421E0	-7.067678E-3	1.243202E1
3.915000E3	-6.166510E0	-7.067678E-3	1.290501E1
3.916000E3	-6.169599E0	-7.067678E-3	1.291792E1
3.917000E3	-6.172688E0	-7.067678E-3	1.445437E1
3.918000E3	-6.175777E0	-7.067678E-3	1.470024E1
3.919000E3	-6.178866E0	-7.067678E-3	1.468519E1
3.920000E3	-6.181954E0	-7.067678E-3	1.292830E1
3.921000E3	-6.185043E0	-7.067678E-3	1.246716E1
3.922000E3	-6.188132E0	-7.067678E-3	1.452372E1
3.923000E3	-6.191221E0	-7.067678E-3	1.485229E1
3.924000E3	-6.194310E0	-7.067678E-3	1.528738E1
3.925000E3	-6.197398E0	-7.067678E-3	1.367095E1
3.926000E3	-6.200487E0	-7.067678E-3	1.311456E1
3.927000E3	-6.203576E0	-7.067678E-3	1.462172E1
3.928000E3	-6.206665E0	-7.067678E-3	1.442948E1
3.929000E3	-6.209754E0	-7.067678E-3	1.366207E1
3.930000E3	-6.212843E0	-7.067678E-3	1.264205E1
3.931000E3	-6.215931E0	-7.067678E-3	1.400641E1
3.932000E3	-6.219020E0	-7.067678E-3	1.292271E1
3.933000E3	-6.222109E0	-7.067678E-3	1.200209E1
3.934000E3	-6.225198E0	-7.067678E-3	1.405853E1
3.935000E3	-6.228287E0	-7.067678E-3	1.234546E1
3.936000E3	-6.231375E0	-7.067678E-3	1.282680E1
3.937000E3	-6.234464E0	-7.067678E-3	1.378008E1
3.938000E3	-6.237553E0	-7.067678E-3	1.127923E1
3.939000E3	-6.240642E0	-7.067678E-3	1.196468E1
3.940000E3	-6.243731E0	-7.067678E-3	1.366973E1
3.941000E3	-6.246820E0	-7.067678E-3	1.176761E1
3.942000E3	-6.249908E0	-7.067678E-3	1.181609E1
3.943000E3	-6.252997E0	-7.067678E-3	1.411573E1
3.944000E3	-6.256086E0	-7.067678E-3	1.528290E1
3.945000E3	-6.259175E0	-7.067678E-3	1.425548E1
3.946000E3	-6.262264E0	-7.067678E-3	1.229736E1
3.947000E3	-6.265352E0	-7.067678E-3	1.256354E1
3.948000E3	-6.268441E0	-7.067678E-3	1.268156E1
3.949000E3	-6.271530E0	-7.067678E-3	1.355937E1
3.950000E3	-6.274619E0	-7.067678E-3	1.343413E1
3.951000E3	-6.277708E0	-7.067678E-3	1.345785E1
3.952000E3	-6.280797E0	-7.067678E-3	1.169685E1
3.953000E3	-6.283885E0	-7.067678E-3	1.208248E1
3.954000E3	-6.286974E0	-7.067678E-3	1.384702E1
3.955000E3	-6.290063E0	-7.067678E-3	1.541814E1
3.956000E3	-6.293152E0	-7.067678E-3	1.433758E1
3.957000E3	-6.296241E0	-7.067678E-3	1.276834E1
3.958000E3	-6.299329E0	-7.067678E-3	1.135848E1
3.959000E3	-6.302418E0	-7.067678E-3	1.199236E1
3.960000E3	-6.305507E0	-7.067678E-3	1.105907E1
3.961000E3	-6.308596E0	-7.067678E-3	1.510306E1
3.962000E3	-6.311685E0	-7.067678E-3	1.303952E1
3.963000E3	-6.314774E0	-7.067678E-3	1.132778E1
3.964000E3	-6.317862E0	-7.067678E-3	1.242311E1
3.965000E3	-6.320951E0	-7.067678E-3	1.433684E1
3.966000E3	-6.324040E0	-7.067678E-3	1.407436E1
3.967000E3	-6.327129E0	-7.067678E-3	1.176172E1
3.968000E3	-6.330218E0	-7.067678E-3	1.086319E1
3.969000E3	-6.333306E0	-7.067678E-3	1.128897E1
3.970000E3	-6.336395E0	-7.067678E-3	1.317196E1
3.971000E3	-6.339484E0	-7.067678E-3	1.183576E1
3.972000E3	-6.342573E0	-7.067678E-3	1.334925E1
3.973000E3	-6.345662E0	-7.067678E-3	1.324846E1
3.974000E3	-6.348751E0	-7.067678E-3	1.325334E1
3.975000E3	-6.351839E0	-7.067678E-3	1.345390E1
3.976000E3	-6.354928E0	-7.067678E-3	1.408919E1
3.977000E3	-6.358017E0	-7.067678E-3	1.397518E1
3.978000E3	-6.361106E0	-7.067678E-3	1.274899E1
3.979000E3	-6.364195E0	-7.067678E-3	1.239532E1
3.980000E3	-6.367283E0	-7.067678E-3	1.144154E1
3.981000E3	-6.370372E0	-7.067678E-3	1.090017E1
3.982000E3	-6.373461E0	-7.067678E-3	1.408134E1
3.983000E3	-6.376550E0	-7.067678E-3	1.165204E1
3.984000E3	-6.379639E0	-7.067678E-3	1.118943E1
3.985000E3	-6.382728E0	-7.067678E-3	1.174228E1
3.986000E3	-6.385816E0	-7.067678E-3	9.932276E0
3.987000E3	-6.388905E0	-7.067678E-3	1.355645E1
3.988000E3	-6.391994E0	-7.067678E-3	1.597452E1
3.989000E3	-6.395083E0	-7.067678E-3	1.576842E1
3.990000E3	-6.398172E0	-7.067678E-3	1.392277E1
3.991000E3	-6.401260E0	-7.067678E-3	1.348747E1
3.992000E3	-6.404349E0	-7.067678E-3	1.384735E1
3.993000E3	-6.407438E0	-7.067678E-3	1.424333E1
3.994000E3	-6.410527E0	-7.067678E-3	1.352031E1
3.995000E3	-6.413616E0	-7.067678E-3	1.473139E1
3.996000E3	-6.416705E0	-7.067678E-3	1.281422E1
3.997000E3	-6.419793E0	-7.067678E-3	1.417072E1
3.998000E3	-6.422882E0	-7.067678E-3	1.510360E1
3.999000E3	-6.425971E0	-7.067678E-3	1.366166E1
4.000000E3	-6.429060E0	-7.067678E-3	1.213415E1
4.001000E3	-6.432149E0	-7.067678E-3	1.248295E1
4.002000E3	-6.435237E0	-7.067678E-3	1.089388E1
4.003000E3	-6.438326E0	-7.067678E-3	1.103228E1
4.004000E3	-6.441415E0	-7.067678E-3	1.291594E1
4.005000E3	-6.444504E0	-7.067678E-3	1.300525E1
4.006000E3	-6.447593E0	-7.067678E-3	1.113178E1
4.007000E3	-6.450682E0	-7.067678E-3	1.332787E1
4.008000E3	-6.453770E0	-7.067678E-3	1.304693E1
4.009000E3	-6.456859E0	-7.067678E-3	1.573020E1
4.010000E3	-6.459948E0	-7.067678E-3	1.475590E1
4.011000E3	-6.463037E0	-7.067678E-3	1.241535E1
4.012000E3	-6.466126E0	-7.067678E-3	1.241384E1
4.013000E3	-6.469214E0	-7.067678E-3	1.295125E1
4.014000E3	-6.472303E0	-7.067678E-3	1.025279E1
4.015000E3	-6.475392E0	-7.067678E-3	1.184828E1
4.016000E3	-6.478481E0	-7.067678E-3	1.269026E1
4.017000E3	-6.481570E0	-7.067678E-3	1.370237E1
4.018000E3	-6.484659E0	-7.067678E-3	1.591138E1
4.019000E3	-6.487747E0	-7.067678E-3	1.337005E1
4.020000E3	-6.490836E0	-7.067678E-3	1.347199E1
4.021000E3	-6.493925E0	-7.067678E-3	1.500416E1
4.022000E3	-6.497014E0	-7.067678E-3	1.314806E1
4.023000E3	-6.500103E0	-7.067678E-3	1.301875E1
4.024000E3	-6.503191E0	-7.067678E-3	1.403187E1
4.025000E3	-6.506280E0	-7.067678E-3	1.256270E1
4.026000E3	-6.509369E0	-7.067678E-3	1.099714E1
4.027000E3	-6.512458E0	-7.067678E-3	1.110447E1
4.028000E3	-6.515547E0	-7.067678E-3	1.331176E1
4.029000E3	-6.518636E0	-7.067678E-3	1.251456E1
4.030000E3	-6.521724E0	-7.067678E-3	1.247382E1
4.031000E3	-6.524813E0	-7.067678E-3	1.286849E1
4.032000E3	-6.527902E0	-7.067678E-3	1.276609E1
4.033000E3	-6.530991E0	-7.067678E-3	1.120715E1
4.034000E3	-6.534080E0	-7.067678E-3	1.113082E1
4.035000E3	-6.537168E0	-7.067678E-3	1.117043E1
4.036000E3	-6.540257E0	-7.067678E-3	1.266384E1
4.037000E3	-6.543346E0	-7.067678E-3	1.087838E1
4.038000E3	-6.546435E0	-7.067678E-3	1.064051E1
4.039000E3	-6.549524E0	-7.067678E-3	1.372405E1
4.040000E3	-6.552613E0	-7.067678E-3	1.223836E1
4.041000E3	-6.555701E0	-7.067678E-3	1.301247E1
4.042000E3	-6.558790E0	-7.067678E-3	1.378976E1
4.043000E3	-6.561879E0	-7.067678E-3	1.325280E1
4.044000E3	-6.564968E0	-7.067678E-3	1.221112E1
4.045000E3	-6.568057E0	-7.067678E-3	1.373027E1
4.046000E3	-6.571145E0	-7.067678E-3	1.549337E1
4.047000E3	-6.574234E0	-7.067678E-3	1.724535E1
4.048000E3	-6.577323E0	-7.067678E-3	1.297316E1
4.049000E3	-6.580412E0	-7.067678E-3	1.383313E1
4.050000E3	-6.583501E0	-7.067678E-3	1.273395E1
4.051000E3	-6.586590E0	-7.067678E-3	1.256098E1
4.052000E3	-6.589678E0	-7.067678E-3	1.208567E1
4.053000E3	-6.592767E0	-7.067678E-3	1.159528E1
4.054000E3	-6.595856E0	-7.067678E-3	1.263999E1
4.055000E3	-6.598945E0	-7.067678E-3	1.207790E1
4.056000E3	-6.602034E0	-7.067678E-3	1.339599E1
4.057000E3	-6.605122E0	-7.067678E-3	1.210576E1
4.058000E3	-6.608211E0	-7.067678E-3	1.265538E1
4.059000E3	-6.611300E0	-7.067678E-3	1.286446E1
4.060000E3	-6.614389E0	-7.067678E-3	1.259269E1
4.061000E3	-6.617478E0	-7.067678E-3	1.184067E1
4.062000E3	-6.620567E0	-7.067678E-3	1.027875E1
4.063000E3	-6.623655E0	-7.067678E-3	1.205397E1
4.064000E3	-6.626744E0	-7.067678E-3	1.349246E1
4.065000E3	-6.629833E0	-7.067678E-3	1.222500E1
4.066000E3	-6.632922E0	-7.067678E-3	1.191352E1
4.067000E3	-6.636011E0	-7.067678E-3	1.058693E1
4.068000E3	-6.639099E0	-7.067678E-3	1.208022E1
4.069000E3	-6.642188E0	-7.067678E-3	1.260536E1
4.070000E3	-6.645277E0	-7.067678E-3	1.177932E1
4.071000E3	-6.648366E0	-7.067678E-3	1.203262E1
4.072000E3	-6.651455E0	-7.067678E-3	1.344941E1
4.073000E3	-6.654544E0	-7.067678E-3	1.237873E1
4.074000E3	-6.657632E0	-7.067678E-3	1.203983E1
4.075000E3	-6.660721E0	-7.067678E-3	1.161367E1
4.076000E3	-6.663810E0	-7.067678E-3	1.111086E1
4.077000E3	-6.666899E0	-7.067678E-3	1.144505E1
4.078000E3	-6.669988E0	-7.067678E-3	1.158699E1
4.079000E3	-6.673077E0	-7.067678E-3	1.196921E1
4.080000E3	-6.676165E0	-7.067678E-3	1.212541E1
4.081000E3	-6.679254E0	-7.067678E-3	1.243203E1
4.082000E3	-6.682343E0	-7.067678E-3	1.140108E1
4.083000E3	-6.685432E0	-7.067678E-3	1.097637E1
4.084000E3	-6.688521E0	-7.067678E-3	1.157935E1
4.085000E3	-6.691609E0	-7.067678E-3	1.132071E1
4.086000E3	-6.694698E0	-7.067678E-3	1.227038E1
4.087000E3	-6.697787E0	-7.067678E-3	1.269010E1
4.088000E3	-6.700876E0	-7.067678E-3	1.180819E1
4.089000E3	-6.703965E0	-7.067678E-3	1.233925E1
4.090000E3	-6.707054E0	-7.067678E-3	1.278586E1
4.091000E3	-6.710142E0	-7.067678E-3	1.330603E1
4.092000E3	-6.713231E0	-7.067678E-3	1.275528E1
4.093000E3	-6.716320E0	-7.067678E-3	1.243033E1
