"Time (s)","Illuminance (lx)"
0.000000000E0,7.737500000E1
1.241726000E-2,7.737500000E1
1.507226000E-2,7.737500000E1
1.769626000E-2,7.737500000E1
2.032126000E-2,7.737500000E1
2.294526000E-2,7.737500000E1
2.557026000E-2,7.737500000E1
2.819426000E-2,7.737500000E1
3.081926000E-2,7.737500000E1
3.344326000E-2,7.737500000E1
3.606826000E-2,7.737500000E1
3.869226000E-2,7.737500000E1
4.131726000E-2,7.737500000E1
4.394126000E-2,7.737500000E1
4.656626000E-2,7.737500000E1
4.919026000E-2,7.737500000E1
5.181526000E-2,7.737500000E1
5.444026000E-2,7.737500000E1
5.706426000E-2,7.737500000E1
5.968926000E-2,7.737500000E1
6.231326000E-2,7.737500000E1
6.493826000E-2,7.737500000E1
6.756226000E-2,7.737500000E1
7.018726000E-2,7.737500000E1
7.281126000E-2,7.737500000E1
7.543626000E-2,7.737500000E1
7.806026000E-2,7.737500000E1
8.068526000E-2,7.737500000E1
8.330926000E-2,7.737500000E1
8.593426000E-2,7.737500000E1
8.855826000E-2,7.737500000E1
9.118326000E-2,7.737500000E1
9.380726000E-2,7.737500000E1
9.643226000E-2,7.737500000E1
9.905626000E-2,7.737500000E1
1.016812600E-1,7.737500000E1
1.043052600E-1,7.737500000E1
1.069302600E-1,8.375000000E1
1.095542600E-1,8.375000000E1
1.121792600E-1,8.375000000E1
1.148032600E-1,8.375000000E1
1.174282600E-1,8.375000000E1
1.200522600E-1,8.375000000E1
1.226772600E-1,8.375000000E1
1.253012600E-1,8.375000000E1
1.279262600E-1,8.375000000E1
1.305502600E-1,8.375000000E1
1.331752600E-1,8.375000000E1
1.357992600E-1,8.375000000E1
1.384242600E-1,8.375000000E1
1.410482600E-1,8.375000000E1
1.436732600E-1,8.375000000E1
1.462972600E-1,8.375000000E1
1.489222600E-1,8.375000000E1
1.515462600E-1,8.375000000E1
1.541712600E-1,8.375000000E1
1.567952600E-1,8.375000000E1
1.594202600E-1,7.737500000E1
1.620442600E-1,7.737500000E1
1.646692600E-1,7.737500000E1
1.672942600E-1,7.737500000E1
1.699182600E-1,7.737500000E1
1.725432600E-1,7.737500000E1
1.751672600E-1,7.737500000E1
1.777922600E-1,7.737500000E1
1.804162600E-1,7.737500000E1
1.830412600E-1,8.375000000E1
1.856652600E-1,8.375000000E1
1.882902600E-1,8.375000000E1
1.909142600E-1,8.375000000E1
1.935392600E-1,8.375000000E1
1.961632600E-1,8.375000000E1
1.987882600E-1,8.375000000E1
2.014122600E-1,8.375000000E1
2.040372600E-1,8.375000000E1
2.066612600E-1,8.375000000E1
2.092862600E-1,7.737500000E1
2.119102600E-1,7.737500000E1
2.145352600E-1,7.737500000E1
2.171592600E-1,7.737500000E1
2.197842600E-1,7.737500000E1
2.224082600E-1,7.737500000E1
2.250332600E-1,7.737500000E1
2.276572600E-1,7.737500000E1
2.302822600E-1,7.737500000E1
2.329062600E-1,8.375000000E1
2.355312600E-1,8.375000000E1
2.381552600E-1,8.375000000E1
2.407802600E-1,8.375000000E1
2.434042600E-1,8.375000000E1
2.460292600E-1,8.375000000E1
2.486532600E-1,8.375000000E1
2.512782600E-1,8.375000000E1
2.539022600E-1,8.375000000E1
2.565272600E-1,8.375000000E1
2.591512600E-1,7.737500000E1
2.617762600E-1,7.737500000E1
2.644002600E-1,7.737500000E1
2.670252600E-1,7.737500000E1
2.696492600E-1,7.737500000E1
2.722742600E-1,7.737500000E1
2.748982600E-1,7.737500000E1
2.775232600E-1,7.737500000E1
2.801482600E-1,7.737500000E1
2.827722600E-1,7.737500000E1
2.853972600E-1,8.375000000E1
2.880212600E-1,8.375000000E1
2.906462600E-1,8.375000000E1
2.932702600E-1,8.375000000E1
2.958952600E-1,8.375000000E1
2.985192600E-1,8.375000000E1
3.011442600E-1,8.375000000E1
3.037682600E-1,8.375000000E1
3.063932600E-1,8.375000000E1
3.090172600E-1,8.375000000E1
3.116422600E-1,7.737500000E1
3.142662600E-1,7.737500000E1
3.168912600E-1,7.737500000E1
3.195152600E-1,7.737500000E1
3.221402600E-1,7.737500000E1
3.247642600E-1,7.737500000E1
3.273892600E-1,7.737500000E1
3.300132600E-1,7.737500000E1
3.326382600E-1,7.737500000E1
3.352622600E-1,7.737500000E1
3.378872600E-1,7.737500000E1
3.405112600E-1,7.737500000E1
3.431362600E-1,7.737500000E1
3.457602600E-1,7.737500000E1
3.483852600E-1,7.737500000E1
3.510092600E-1,7.737500000E1
3.536342600E-1,7.737500000E1
3.562582600E-1,7.737500000E1
3.588832600E-1,7.737500000E1
3.615072600E-1,8.375000000E1
3.641322600E-1,8.375000000E1
3.667562600E-1,8.375000000E1
3.693812600E-1,8.375000000E1
3.720052600E-1,8.375000000E1
3.746302600E-1,8.375000000E1
3.772542600E-1,8.375000000E1
3.798792600E-1,8.375000000E1
3.825032600E-1,8.375000000E1
3.851282600E-1,8.375000000E1
3.877532600E-1,8.375000000E1
3.903772600E-1,8.375000000E1
3.930022600E-1,8.375000000E1
3.956262600E-1,8.375000000E1
3.982512600E-1,8.375000000E1
4.008752600E-1,8.375000000E1
4.035002600E-1,8.375000000E1
4.061242600E-1,8.375000000E1
4.087492600E-1,8.375000000E1
4.113732600E-1,7.737500000E1
4.139982600E-1,7.737500000E1
4.166222600E-1,7.737500000E1
4.192472600E-1,7.737500000E1
4.218712600E-1,7.737500000E1
4.244962600E-1,7.737500000E1
4.271202600E-1,7.737500000E1
4.297452600E-1,7.737500000E1
4.323692600E-1,7.737500000E1
4.349942600E-1,7.737500000E1
4.376182600E-1,8.375000000E1
4.402432600E-1,8.375000000E1
4.428672600E-1,8.375000000E1
4.454922600E-1,8.375000000E1
4.481162600E-1,8.375000000E1
4.507412600E-1,8.375000000E1
4.533652600E-1,8.375000000E1
4.559902600E-1,8.375000000E1
4.586142600E-1,8.375000000E1
4.612392600E-1,8.375000000E1
4.638632600E-1,8.375000000E1
4.664882600E-1,8.375000000E1
4.691122600E-1,8.375000000E1
4.717372600E-1,8.375000000E1
4.743612600E-1,8.375000000E1
4.769862600E-1,8.375000000E1
4.796102600E-1,8.375000000E1
4.822352600E-1,8.375000000E1
4.848592600E-1,8.375000000E1
4.874842600E-1,8.375000000E1
4.901082600E-1,8.375000000E1
4.927332600E-1,8.375000000E1
4.953572600E-1,8.375000000E1
4.979822600E-1,8.375000000E1
5.006072600E-1,8.375000000E1
5.032312600E-1,8.375000000E1
5.058562600E-1,8.375000000E1
5.084802600E-1,8.375000000E1
5.111052600E-1,8.375000000E1
5.137292600E-1,7.737500000E1
5.163542600E-1,7.737500000E1
5.189782600E-1,7.737500000E1
5.216032600E-1,7.737500000E1
5.242272600E-1,7.737500000E1
5.268522600E-1,7.737500000E1
5.294762600E-1,7.737500000E1
5.321012600E-1,7.737500000E1
5.347252600E-1,7.737500000E1
5.373502600E-1,7.737500000E1
5.399742600E-1,7.737500000E1
5.425992600E-1,7.737500000E1
5.452232600E-1,7.737500000E1
5.478482600E-1,7.737500000E1
5.504722600E-1,7.737500000E1
5.530972600E-1,7.737500000E1
5.557212600E-1,7.737500000E1
5.583462600E-1,7.737500000E1
5.609702600E-1,7.737500000E1
5.635952600E-1,7.737500000E1
5.662192600E-1,8.375000000E1
5.688442600E-1,8.375000000E1
5.714682600E-1,8.375000000E1
5.740932600E-1,8.375000000E1
5.767172600E-1,8.375000000E1
5.793422600E-1,8.375000000E1
5.819662600E-1,8.375000000E1
5.845912600E-1,8.375000000E1
5.872152600E-1,8.375000000E1
5.898402600E-1,7.737500000E1
5.924642600E-1,7.737500000E1
5.950892600E-1,7.737500000E1
5.977132600E-1,7.737500000E1
6.003382600E-1,7.737500000E1
6.029622600E-1,7.737500000E1
6.055872600E-1,7.737500000E1
6.082112600E-1,7.737500000E1
6.108362600E-1,7.737500000E1
6.134612600E-1,7.737500000E1
6.160852600E-1,7.737500000E1
6.187102600E-1,7.737500000E1
6.213342600E-1,7.737500000E1
6.239592600E-1,7.737500000E1
6.265832600E-1,7.737500000E1
6.292082600E-1,7.737500000E1
6.318322600E-1,7.737500000E1
6.344572600E-1,7.737500000E1
6.370812600E-1,7.737500000E1
6.397062600E-1,7.737500000E1
6.423302600E-1,7.737500000E1
6.449552600E-1,7.737500000E1
6.475792600E-1,7.737500000E1
6.502042600E-1,7.737500000E1
6.528282600E-1,7.737500000E1
6.554532600E-1,7.737500000E1
6.580772600E-1,7.737500000E1
6.607022600E-1,7.737500000E1
6.633262600E-1,7.737500000E1
6.659512600E-1,7.737500000E1
6.685752600E-1,7.737500000E1
6.712002600E-1,7.737500000E1
6.738242600E-1,7.737500000E1
6.764492600E-1,7.737500000E1
6.790732600E-1,7.737500000E1
6.816982600E-1,7.737500000E1
6.843222600E-1,7.737500000E1
6.869472600E-1,7.737500000E1
6.895712600E-1,7.737500000E1
6.921962600E-1,7.737500000E1
6.948202600E-1,7.737500000E1
6.974452600E-1,7.737500000E1
7.000692600E-1,7.737500000E1
7.026942600E-1,7.737500000E1
7.053182600E-1,7.737500000E1
7.079432600E-1,7.737500000E1
7.105672600E-1,7.737500000E1
7.131922600E-1,7.737500000E1
7.158162600E-1,7.737500000E1
7.184412600E-1,8.375000000E1
7.210652600E-1,8.375000000E1
7.236902600E-1,8.375000000E1
7.263152600E-1,8.375000000E1
7.289392600E-1,8.375000000E1
7.315642600E-1,8.375000000E1
7.341882600E-1,8.375000000E1
7.368132600E-1,8.375000000E1
7.394372600E-1,8.375000000E1
7.420622600E-1,8.375000000E1
7.446862600E-1,8.375000000E1
7.473112600E-1,8.375000000E1
7.499352600E-1,8.375000000E1
7.525602600E-1,8.375000000E1
7.551842600E-1,8.375000000E1
7.578092600E-1,8.375000000E1
7.604332600E-1,8.375000000E1
7.630582600E-1,8.375000000E1
7.656822600E-1,8.375000000E1
7.683072600E-1,8.375000000E1
7.709312600E-1,8.375000000E1
7.735562600E-1,8.375000000E1
7.761802600E-1,8.375000000E1
7.788052600E-1,8.375000000E1
7.814292600E-1,8.375000000E1
7.840542600E-1,8.375000000E1
7.866782600E-1,8.375000000E1
7.893032600E-1,8.375000000E1
7.919272600E-1,8.375000000E1
7.945522600E-1,7.737500000E1
7.971762600E-1,7.737500000E1
7.998012600E-1,7.737500000E1
8.024252600E-1,7.737500000E1
8.050502600E-1,7.737500000E1
8.076742600E-1,7.737500000E1
8.102992600E-1,7.737500000E1
8.129232600E-1,7.737500000E1
8.155482600E-1,7.737500000E1
8.181722600E-1,7.737500000E1
8.207972600E-1,7.737500000E1
8.234212600E-1,7.737500000E1
8.260462600E-1,7.737500000E1
8.286702600E-1,7.737500000E1
8.312952600E-1,7.737500000E1
8.339192600E-1,7.737500000E1
8.365442600E-1,7.737500000E1
8.391692600E-1,7.737500000E1
8.417932600E-1,7.737500000E1
8.444182600E-1,7.737500000E1
8.470422600E-1,7.737500000E1
8.496672600E-1,7.737500000E1
8.522912600E-1,7.737500000E1
8.549162600E-1,7.737500000E1
8.575402600E-1,7.737500000E1
8.601652600E-1,7.737500000E1
8.627892600E-1,7.737500000E1
8.654142600E-1,7.737500000E1
8.680382600E-1,7.737500000E1
8.706632600E-1,8.375000000E1
8.732872600E-1,8.375000000E1
8.759122600E-1,8.375000000E1
8.785362600E-1,8.375000000E1
8.811612600E-1,8.375000000E1
8.837852600E-1,8.375000000E1
8.864102600E-1,8.375000000E1
8.890342600E-1,8.375000000E1
8.916592600E-1,8.375000000E1
8.942832600E-1,8.375000000E1
8.969082600E-1,7.737500000E1
8.995322600E-1,7.737500000E1
9.021572600E-1,7.737500000E1
9.047812600E-1,7.737500000E1
9.074062600E-1,7.737500000E1
9.100302600E-1,7.737500000E1
9.126552600E-1,7.737500000E1
9.152792600E-1,7.737500000E1
9.179042600E-1,7.737500000E1
9.205282600E-1,7.737500000E1
9.231532600E-1,7.737500000E1
9.257772600E-1,7.737500000E1
9.284022600E-1,7.737500000E1
9.310262600E-1,7.737500000E1
9.336512600E-1,7.737500000E1
9.362752600E-1,7.737500000E1
9.389002600E-1,7.737500000E1
9.415242600E-1,7.737500000E1
9.441492600E-1,7.737500000E1
9.467732600E-1,8.375000000E1
9.493982600E-1,8.375000000E1
9.520232600E-1,8.375000000E1
9.546472600E-1,8.375000000E1
9.572722600E-1,8.375000000E1
9.598962600E-1,8.375000000E1
9.625212600E-1,8.375000000E1
9.651452600E-1,8.375000000E1
9.677702600E-1,8.375000000E1
9.703942600E-1,8.375000000E1
9.730192600E-1,8.375000000E1
9.756432600E-1,8.375000000E1
9.782682600E-1,8.375000000E1
9.808922600E-1,8.375000000E1
9.835172600E-1,8.375000000E1
9.861412600E-1,8.375000000E1
9.887662600E-1,8.375000000E1
9.913902600E-1,8.375000000E1
9.940152600E-1,8.375000000E1
9.966392600E-1,8.375000000E1
9.992642600E-1,7.737500000E1
1.001888260E0,7.737500000E1
1.004513260E0,7.737500000E1
1.007137260E0,7.737500000E1
1.009762260E0,7.737500000E1
1.012386260E0,7.737500000E1
1.015011260E0,7.737500000E1
1.017635260E0,7.737500000E1
1.020260260E0,7.737500000E1
1.022884260E0,8.375000000E1
1.025509260E0,8.375000000E1
1.028133260E0,8.375000000E1
1.030758260E0,8.375000000E1
1.033382260E0,8.375000000E1
1.036007260E0,8.375000000E1
1.038631260E0,8.375000000E1
1.041256260E0,8.375000000E1
1.043880260E0,8.375000000E1
1.046505260E0,8.375000000E1
1.049129260E0,7.737500000E1
1.051754260E0,7.737500000E1
1.054378260E0,7.737500000E1
1.057003260E0,7.737500000E1
1.059628260E0,7.737500000E1
1.062252260E0,7.737500000E1
1.064877260E0,7.737500000E1
1.067501260E0,7.737500000E1
1.070126260E0,7.737500000E1
1.072750260E0,7.737500000E1
1.075375260E0,7.737500000E1
1.077999260E0,7.737500000E1
1.080624260E0,7.737500000E1
1.083248260E0,7.737500000E1
1.085873260E0,7.737500000E1
1.088497260E0,7.737500000E1
1.091122260E0,7.737500000E1
1.093746260E0,7.737500000E1
1.096371260E0,7.737500000E1
1.098995260E0,7.737500000E1
1.101620260E0,7.737500000E1
1.104244260E0,7.737500000E1
1.106869260E0,7.737500000E1
1.109493260E0,7.737500000E1
1.112118260E0,7.737500000E1
1.114742260E0,7.737500000E1
1.117367260E0,7.737500000E1
1.119991260E0,7.737500000E1
1.122616260E0,7.737500000E1
1.125240260E0,7.737500000E1
1.127865260E0,7.737500000E1
1.130489260E0,7.737500000E1
1.133114260E0,7.737500000E1
1.135738260E0,7.737500000E1
1.138363260E0,7.737500000E1
1.140987260E0,7.737500000E1
1.143612260E0,7.737500000E1
1.146236260E0,7.737500000E1
1.148861260E0,7.737500000E1
1.151485260E0,8.375000000E1
1.154110260E0,8.375000000E1
1.156734260E0,8.375000000E1
1.159359260E0,8.375000000E1
1.161983260E0,8.375000000E1
1.164608260E0,8.375000000E1
1.167232260E0,8.375000000E1
1.169857260E0,8.375000000E1
1.172482260E0,8.375000000E1
1.175106260E0,8.375000000E1
1.177731260E0,8.375000000E1
1.180355260E0,8.375000000E1
1.182980260E0,8.375000000E1
1.185604260E0,8.375000000E1
1.188229260E0,8.375000000E1
1.190853260E0,8.375000000E1
1.193478260E0,8.375000000E1
1.196102260E0,8.375000000E1
1.198727260E0,8.375000000E1
1.201351260E0,8.375000000E1
1.203976260E0,8.375000000E1
1.206600260E0,8.375000000E1
1.209225260E0,8.375000000E1
1.211849260E0,8.375000000E1
1.214474260E0,8.375000000E1
1.217098260E0,8.375000000E1
1.219723260E0,8.375000000E1
1.222347260E0,8.375000000E1
1.224972260E0,8.375000000E1
1.227596260E0,7.737500000E1
1.230221260E0,7.737500000E1
1.232845260E0,7.737500000E1
1.235470260E0,7.737500000E1
1.238094260E0,7.737500000E1
1.240719260E0,7.737500000E1
1.243343260E0,7.737500000E1
1.245968260E0,7.737500000E1
1.248592260E0,7.737500000E1
1.251217260E0,7.737500000E1
1.253841260E0,7.737500000E1
1.256466260E0,7.737500000E1
1.259090260E0,7.737500000E1
1.261715260E0,7.737500000E1
1.264339260E0,7.737500000E1
1.266964260E0,7.737500000E1
1.269588260E0,7.737500000E1
1.272213260E0,7.737500000E1
1.274837260E0,7.737500000E1
1.277462260E0,8.375000000E1
1.280086260E0,8.375000000E1
1.282711260E0,8.375000000E1
1.285336260E0,8.375000000E1
1.287960260E0,8.375000000E1
1.290585260E0,8.375000000E1
1.293209260E0,8.375000000E1
1.295834260E0,8.375000000E1
1.298458260E0,8.375000000E1
1.301083260E0,8.375000000E1
1.303707260E0,8.375000000E1
1.306332260E0,8.375000000E1
1.308956260E0,8.375000000E1
1.311581260E0,8.375000000E1
1.314205260E0,8.375000000E1
1.316830260E0,8.375000000E1
1.319454260E0,8.375000000E1
1.322079260E0,8.375000000E1
1.324703260E0,8.375000000E1
1.327328260E0,8.375000000E1
1.329952260E0,7.737500000E1
1.332577260E0,7.737500000E1
1.335201260E0,7.737500000E1
1.337826260E0,7.737500000E1
1.340450260E0,7.737500000E1
1.343075260E0,7.737500000E1
1.345699260E0,7.737500000E1
1.348324260E0,7.737500000E1
1.350948260E0,7.737500000E1
1.353573260E0,7.737500000E1
1.356197260E0,7.737500000E1
1.358822260E0,7.737500000E1
1.361446260E0,7.737500000E1
1.364071260E0,7.737500000E1
1.366695260E0,7.737500000E1
1.369320260E0,7.737500000E1
1.371944260E0,7.737500000E1
1.374569260E0,7.737500000E1
1.377193260E0,7.737500000E1
1.379818260E0,8.375000000E1
1.382442260E0,8.375000000E1
1.385067260E0,8.375000000E1
1.387691260E0,8.375000000E1
1.390316260E0,8.375000000E1
1.392940260E0,8.375000000E1
1.395565260E0,8.375000000E1
1.398190260E0,8.375000000E1
1.400814260E0,8.375000000E1
1.403439260E0,8.375000000E1
1.406063260E0,7.737500000E1
1.408688260E0,7.737500000E1
1.411312260E0,7.737500000E1
1.413937260E0,7.737500000E1
1.416561260E0,7.737500000E1
1.419186260E0,7.737500000E1
1.421810260E0,7.737500000E1
1.424435260E0,7.737500000E1
1.427059260E0,7.737500000E1
1.429684260E0,8.375000000E1
1.432308260E0,8.375000000E1
1.434933260E0,8.375000000E1
1.437557260E0,8.375000000E1
1.440182260E0,8.375000000E1
1.442806260E0,8.375000000E1
1.445431260E0,8.375000000E1
1.448055260E0,8.375000000E1
1.450680260E0,8.375000000E1
1.453304260E0,8.375000000E1
1.455929260E0,8.375000000E1
1.458553260E0,8.375000000E1
1.461178260E0,8.375000000E1
1.463802260E0,8.375000000E1
1.466427260E0,8.375000000E1
1.469051260E0,8.375000000E1
1.471676260E0,8.375000000E1
1.474300260E0,8.375000000E1
1.476925260E0,8.375000000E1
1.479549260E0,8.375000000E1
1.482174260E0,7.737500000E1
1.484798260E0,7.737500000E1
1.487423260E0,7.737500000E1
1.490047260E0,7.737500000E1
1.492672260E0,7.737500000E1
1.495296260E0,7.737500000E1
1.497921260E0,7.737500000E1
1.500545260E0,7.737500000E1
1.503170260E0,7.737500000E1
1.505794260E0,7.737500000E1
1.508419260E0,8.375000000E1
1.511044260E0,8.375000000E1
1.513668260E0,8.375000000E1
1.516293260E0,8.375000000E1
1.518917260E0,8.375000000E1
1.521542260E0,8.375000000E1
1.524166260E0,8.375000000E1
1.526791260E0,8.375000000E1
1.529415260E0,8.375000000E1
1.532040260E0,7.737500000E1
1.534664260E0,7.737500000E1
1.537289260E0,7.737500000E1
1.539913260E0,7.737500000E1
1.542538260E0,7.737500000E1
1.545162260E0,7.737500000E1
1.547787260E0,7.737500000E1
1.550411260E0,7.737500000E1
1.553036260E0,7.737500000E1
1.555660260E0,7.737500000E1
1.558285260E0,7.737500000E1
1.560909260E0,7.737500000E1
1.563534260E0,7.737500000E1
1.566158260E0,7.737500000E1
1.568783260E0,7.737500000E1
1.571407260E0,7.737500000E1
1.574032260E0,7.737500000E1
1.576656260E0,7.737500000E1
1.579281260E0,7.737500000E1
1.581905260E0,7.737500000E1
1.584530260E0,7.737500000E1
1.587154260E0,7.737500000E1
1.589779260E0,7.737500000E1
1.592403260E0,7.737500000E1
1.595028260E0,7.737500000E1
1.597652260E0,7.737500000E1
1.600277260E0,7.737500000E1
1.602901260E0,7.737500000E1
1.605526260E0,7.737500000E1
1.608150260E0,7.737500000E1
1.610775260E0,7.737500000E1
1.613399260E0,7.737500000E1
1.616024260E0,7.737500000E1
1.618648260E0,7.737500000E1
1.621273260E0,7.737500000E1
1.623898260E0,7.737500000E1
1.626522260E0,7.737500000E1
1.629147260E0,7.737500000E1
1.631771260E0,7.737500000E1
1.634396260E0,8.375000000E1
1.637020260E0,8.375000000E1
1.639645260E0,8.375000000E1
1.642269260E0,8.375000000E1
1.644894260E0,8.375000000E1
1.647518260E0,8.375000000E1
1.650143260E0,8.375000000E1
1.652767260E0,8.375000000E1
1.655392260E0,8.375000000E1
1.658016260E0,8.375000000E1
1.660641260E0,7.737500000E1
1.663265260E0,7.737500000E1
1.665890260E0,7.737500000E1
1.668514260E0,7.737500000E1
1.671139260E0,7.737500000E1
1.673763260E0,7.737500000E1
1.676388260E0,7.737500000E1
1.679012260E0,7.737500000E1
1.681637260E0,7.737500000E1
1.684261260E0,7.737500000E1
1.686886260E0,7.737500000E1
1.689510260E0,7.737500000E1
1.692135260E0,7.737500000E1
1.694759260E0,7.737500000E1
1.697384260E0,7.737500000E1
1.700008260E0,7.737500000E1
1.702633260E0,7.737500000E1
1.705257260E0,7.737500000E1
1.707882260E0,7.737500000E1
1.710506260E0,8.375000000E1
1.713131260E0,8.375000000E1
1.715755260E0,8.375000000E1
1.718380260E0,8.375000000E1
1.721004260E0,8.375000000E1
1.723629260E0,8.375000000E1
1.726253260E0,8.375000000E1
1.728878260E0,8.375000000E1
1.731503260E0,8.375000000E1
1.734127260E0,8.375000000E1
1.736752260E0,7.737500000E1
1.739376260E0,7.737500000E1
1.742001260E0,7.737500000E1
1.744625260E0,7.737500000E1
1.747250260E0,7.737500000E1
1.749874260E0,7.737500000E1
1.752499260E0,7.737500000E1
1.755123260E0,7.737500000E1
1.757748260E0,7.737500000E1
1.760372260E0,7.737500000E1
1.762997260E0,8.375000000E1
1.765621260E0,8.375000000E1
1.768246260E0,8.375000000E1
1.770870260E0,8.375000000E1
1.773495260E0,8.375000000E1
1.776119260E0,8.375000000E1
1.778744260E0,8.375000000E1
1.781368260E0,8.375000000E1
1.783993260E0,8.375000000E1
1.786617260E0,7.737500000E1
1.789242260E0,7.737500000E1
1.791866260E0,7.737500000E1
1.794491260E0,7.737500000E1
1.797115260E0,7.737500000E1
1.799740260E0,7.737500000E1
1.802364260E0,7.737500000E1
1.804989260E0,7.737500000E1
1.807613260E0,7.737500000E1
1.810238260E0,7.737500000E1
1.812862260E0,8.375000000E1
1.815487260E0,8.375000000E1
1.818111260E0,8.375000000E1
1.820736260E0,8.375000000E1
1.823360260E0,8.375000000E1
1.825985260E0,8.375000000E1
1.828609260E0,8.375000000E1
1.831234260E0,8.375000000E1
1.833858260E0,8.375000000E1
1.836483260E0,8.375000000E1
1.839107260E0,8.375000000E1
1.841732260E0,8.375000000E1
1.844357260E0,8.375000000E1
1.846981260E0,8.375000000E1
1.849606260E0,8.375000000E1
1.852230260E0,8.375000000E1
1.854855260E0,8.375000000E1
1.857479260E0,8.375000000E1
1.860104260E0,8.375000000E1
1.862728260E0,7.737500000E1
1.865353260E0,7.737500000E1
1.867977260E0,7.737500000E1
1.870602260E0,7.737500000E1
1.873226260E0,7.737500000E1
1.875851260E0,7.737500000E1
1.878475260E0,7.737500000E1
1.881100260E0,7.737500000E1
1.883724260E0,7.737500000E1
1.886349260E0,7.737500000E1
1.888973260E0,7.737500000E1
1.891598260E0,7.737500000E1
1.894222260E0,7.737500000E1
1.896847260E0,7.737500000E1
1.899471260E0,7.737500000E1
1.902096260E0,7.737500000E1
1.904720260E0,7.737500000E1
1.907345260E0,7.737500000E1
1.909969260E0,7.737500000E1
1.912594260E0,8.375000000E1
1.915218260E0,8.375000000E1
1.917843260E0,8.375000000E1
1.920467260E0,8.375000000E1
1.923092260E0,8.375000000E1
1.925716260E0,8.375000000E1
1.928341260E0,8.375000000E1
1.930965260E0,8.375000000E1
1.933590260E0,8.375000000E1
1.936214260E0,8.375000000E1
1.938839260E0,8.375000000E1
1.941463260E0,8.375000000E1
1.944088260E0,8.375000000E1
1.946712260E0,8.375000000E1
1.949337260E0,8.375000000E1
1.951961260E0,8.375000000E1
1.954586260E0,8.375000000E1
1.957211260E0,8.375000000E1
1.959835260E0,8.375000000E1
1.962460260E0,8.375000000E1
1.965084260E0,8.375000000E1
1.967709260E0,8.375000000E1
1.970333260E0,8.375000000E1
1.972958260E0,8.375000000E1
1.975582260E0,8.375000000E1
1.978207260E0,8.375000000E1
1.980831260E0,8.375000000E1
1.983456260E0,8.375000000E1
1.986080260E0,8.375000000E1
1.988705260E0,8.375000000E1
1.991329260E0,8.375000000E1
1.993954260E0,8.375000000E1
1.996578260E0,8.375000000E1
1.999203260E0,8.375000000E1
2.001827260E0,8.375000000E1
2.004452260E0,8.375000000E1
2.007076260E0,8.375000000E1
2.009701260E0,8.375000000E1
2.012325260E0,8.375000000E1
2.014950260E0,8.375000000E1
2.017574260E0,8.375000000E1
2.020199260E0,8.375000000E1
2.022823260E0,8.375000000E1
2.025448260E0,8.375000000E1
2.028072260E0,8.375000000E1
2.030697260E0,8.375000000E1
2.033321260E0,8.375000000E1
2.035946260E0,8.375000000E1
2.038570260E0,8.375000000E1
2.041195260E0,7.737500000E1
2.043819260E0,7.737500000E1
2.046444260E0,7.737500000E1
2.049068260E0,7.737500000E1
2.051693260E0,7.737500000E1
2.054317260E0,7.737500000E1
2.056942260E0,7.737500000E1
2.059566260E0,7.737500000E1
2.062191260E0,7.737500000E1
2.064815260E0,7.737500000E1
2.067440260E0,8.375000000E1
2.070065260E0,8.375000000E1
2.072689260E0,8.375000000E1
2.075314260E0,8.375000000E1
2.077938260E0,8.375000000E1
2.080563260E0,8.375000000E1
2.083187260E0,8.375000000E1
2.085812260E0,8.375000000E1
2.088436260E0,8.375000000E1
2.091061260E0,7.737500000E1
2.093685260E0,7.737500000E1
2.096310260E0,7.737500000E1
2.098934260E0,7.737500000E1
2.101559260E0,7.737500000E1
2.104183260E0,7.737500000E1
2.106808260E0,7.737500000E1
2.109432260E0,7.737500000E1
2.112057260E0,7.737500000E1
2.114681260E0,7.737500000E1
2.117306260E0,8.375000000E1
2.119930260E0,8.375000000E1
2.122555260E0,8.375000000E1
2.125179260E0,8.375000000E1
2.127804260E0,8.375000000E1
2.130428260E0,8.375000000E1
2.133053260E0,8.375000000E1
2.135677260E0,8.375000000E1
2.138302260E0,8.375000000E1
2.140926260E0,8.375000000E1
2.143551260E0,7.737500000E1
2.146175260E0,7.737500000E1
2.148800260E0,7.737500000E1
2.151424260E0,7.737500000E1
2.154049260E0,7.737500000E1
2.156673260E0,7.737500000E1
2.159298260E0,7.737500000E1
2.161922260E0,7.737500000E1
2.164547260E0,7.737500000E1
2.167171260E0,7.737500000E1
2.169796260E0,7.737500000E1
2.172420260E0,7.737500000E1
2.175045260E0,7.737500000E1
2.177669260E0,7.737500000E1
2.180294260E0,7.737500000E1
2.182919260E0,7.737500000E1
2.185543260E0,7.737500000E1
2.188168260E0,7.737500000E1
2.190792260E0,7.737500000E1
2.193417260E0,7.737500000E1
2.196041260E0,7.737500000E1
2.198666260E0,7.737500000E1
2.201290260E0,7.737500000E1
2.203915260E0,7.737500000E1
2.206539260E0,7.737500000E1
2.209164260E0,7.737500000E1
2.211788260E0,7.737500000E1
2.214413260E0,7.737500000E1
2.217037260E0,7.737500000E1
2.219662260E0,7.737500000E1
2.222286260E0,7.737500000E1
2.224911260E0,7.737500000E1
2.227535260E0,7.737500000E1
2.230160260E0,7.737500000E1
2.232784260E0,7.737500000E1
2.235409260E0,7.737500000E1
2.238033260E0,7.737500000E1
2.240658260E0,7.737500000E1
2.243282260E0,7.737500000E1
2.245907260E0,8.375000000E1
2.248531260E0,8.375000000E1
2.251156260E0,8.375000000E1
2.253780260E0,8.375000000E1
2.256405260E0,8.375000000E1
2.259029260E0,8.375000000E1
2.261654260E0,8.375000000E1
2.264278260E0,8.375000000E1
2.266903260E0,8.375000000E1
2.269527260E0,8.375000000E1
2.272152260E0,8.375000000E1
2.274776260E0,8.375000000E1
2.277401260E0,8.375000000E1
2.280025260E0,8.375000000E1
2.282650260E0,8.375000000E1
2.285274260E0,8.375000000E1
2.287899260E0,8.375000000E1
2.290523260E0,8.375000000E1
2.293148260E0,8.375000000E1
2.295773260E0,8.375000000E1
2.298397260E0,8.375000000E1
2.301022260E0,8.375000000E1
2.303646260E0,8.375000000E1
2.306271260E0,8.375000000E1
2.308895260E0,8.375000000E1
2.311520260E0,8.375000000E1
2.314144260E0,8.375000000E1
2.316769260E0,8.375000000E1
2.319393260E0,8.375000000E1
2.322018260E0,7.737500000E1
2.324642260E0,7.737500000E1
2.327267260E0,7.737500000E1
2.329891260E0,7.737500000E1
2.332516260E0,7.737500000E1
2.335140260E0,7.737500000E1
2.337765260E0,7.737500000E1
2.340389260E0,7.737500000E1
2.343014260E0,7.737500000E1
2.345638260E0,7.737500000E1
2.348263260E0,8.375000000E1
2.350887260E0,8.375000000E1
2.353512260E0,8.375000000E1
2.356136260E0,8.375000000E1
2.358761260E0,8.375000000E1
2.361385260E0,8.375000000E1
2.364010260E0,8.375000000E1
2.366634260E0,8.375000000E1
2.369259260E0,8.375000000E1
2.371883260E0,7.737500000E1
2.374508260E0,7.737500000E1
2.377132260E0,7.737500000E1
2.379757260E0,7.737500000E1
2.382381260E0,7.737500000E1
2.385006260E0,7.737500000E1
2.387630260E0,7.737500000E1
2.390255260E0,7.737500000E1
2.392879260E0,7.737500000E1
2.395504260E0,7.737500000E1
2.398128260E0,8.375000000E1
2.400753260E0,8.375000000E1
2.403378260E0,8.375000000E1
2.406002260E0,8.375000000E1
2.408627260E0,8.375000000E1
2.411251260E0,8.375000000E1
2.413876260E0,8.375000000E1
2.416500260E0,8.375000000E1
2.419125260E0,8.375000000E1
2.421749260E0,8.375000000E1
2.424374260E0,7.737500000E1
2.426998260E0,7.737500000E1
2.429623260E0,7.737500000E1
2.432247260E0,7.737500000E1
2.434872260E0,7.737500000E1
2.437496260E0,7.737500000E1
2.440121260E0,7.737500000E1
2.442745260E0,7.737500000E1
2.445370260E0,7.737500000E1
2.447994260E0,8.375000000E1
2.450619260E0,8.375000000E1
2.453243260E0,8.375000000E1
2.455868260E0,8.375000000E1
2.458492260E0,8.375000000E1
2.461117260E0,8.375000000E1
2.463741260E0,8.375000000E1
2.466366260E0,8.375000000E1
2.468990260E0,8.375000000E1
2.471615260E0,8.375000000E1
2.474239260E0,7.737500000E1
2.476864260E0,7.737500000E1
2.479488260E0,7.737500000E1
2.482113260E0,7.737500000E1
2.484737260E0,7.737500000E1
2.487362260E0,7.737500000E1
2.489986260E0,7.737500000E1
2.492611260E0,7.737500000E1
2.495235260E0,7.737500000E1
2.497860260E0,7.737500000E1
2.500484260E0,7.737500000E1
2.503109260E0,7.737500000E1
2.505733260E0,7.737500000E1
2.508358260E0,7.737500000E1
2.510982260E0,7.737500000E1
2.513607260E0,7.737500000E1
2.516232260E0,7.737500000E1
2.518856260E0,7.737500000E1
2.521481260E0,7.737500000E1
2.524105260E0,7.737500000E1
2.526730260E0,7.737500000E1
2.529354260E0,7.737500000E1
2.531979260E0,7.737500000E1
2.534603260E0,7.737500000E1
2.537228260E0,7.737500000E1
2.539852260E0,7.737500000E1
2.542477260E0,7.737500000E1
2.545101260E0,7.737500000E1
2.547726260E0,7.737500000E1
2.550350260E0,8.375000000E1
2.552975260E0,8.375000000E1
2.555599260E0,8.375000000E1
2.558224260E0,8.375000000E1
2.560848260E0,8.375000000E1
2.563473260E0,8.375000000E1
2.566097260E0,8.375000000E1
2.568722260E0,8.375000000E1
2.571346260E0,8.375000000E1
2.573971260E0,8.375000000E1
2.576595260E0,7.737500000E1
2.579220260E0,7.737500000E1
2.581844260E0,7.737500000E1
2.584469260E0,7.737500000E1
2.587093260E0,7.737500000E1
2.589718260E0,7.737500000E1
2.592342260E0,7.737500000E1
2.594967260E0,7.737500000E1
2.597591260E0,7.737500000E1
2.600216260E0,7.737500000E1
2.602840260E0,7.737500000E1
2.605465260E0,7.737500000E1
2.608089260E0,7.737500000E1
2.610714260E0,7.737500000E1
2.613338260E0,7.737500000E1
2.615963260E0,7.737500000E1
2.618587260E0,7.737500000E1
2.621212260E0,7.737500000E1
2.623836260E0,7.737500000E1
2.626461260E0,7.737500000E1
2.629086260E0,7.737500000E1
2.631710260E0,7.737500000E1
2.634335260E0,7.737500000E1
2.636959260E0,7.737500000E1
2.639584260E0,7.737500000E1
2.642208260E0,7.737500000E1
2.644833260E0,7.737500000E1
2.647457260E0,7.737500000E1
2.650082260E0,7.737500000E1
2.652706260E0,7.737500000E1
2.655331260E0,7.737500000E1
2.657955260E0,7.737500000E1
2.660580260E0,7.737500000E1
2.663204260E0,7.737500000E1
2.665829260E0,7.737500000E1
2.668453260E0,7.737500000E1
2.671078260E0,7.737500000E1
2.673702260E0,7.737500000E1
2.676327260E0,7.737500000E1
2.678951260E0,8.375000000E1
2.681576260E0,8.375000000E1
2.684200260E0,8.375000000E1
2.686825260E0,8.375000000E1
2.689449260E0,8.375000000E1
2.692074260E0,8.375000000E1
2.694698260E0,8.375000000E1
2.697323260E0,8.375000000E1
2.699947260E0,8.375000000E1
2.702572260E0,8.375000000E1
2.705196260E0,8.375000000E1
2.707821260E0,8.375000000E1
2.710445260E0,8.375000000E1
2.713070260E0,8.375000000E1
2.715694260E0,8.375000000E1
2.718319260E0,8.375000000E1
2.720943260E0,8.375000000E1
2.723568260E0,8.375000000E1
2.726192260E0,8.375000000E1
2.728817260E0,7.737500000E1
2.731441260E0,7.737500000E1
2.734066260E0,7.737500000E1
2.736690260E0,7.737500000E1
2.739315260E0,7.737500000E1
2.741940260E0,7.737500000E1
2.744564260E0,7.737500000E1
2.747189260E0,7.737500000E1
2.749813260E0,7.737500000E1
2.752438260E0,7.737500000E1
2.755062260E0,7.737500000E1
2.757687260E0,7.737500000E1
2.760311260E0,7.737500000E1
2.762936260E0,7.737500000E1
2.765560260E0,7.737500000E1
2.768185260E0,7.737500000E1
2.770809260E0,7.737500000E1
2.773434260E0,7.737500000E1
2.776058260E0,7.737500000E1
2.778683260E0,7.737500000E1
2.781307260E0,7.737500000E1
2.783932260E0,7.737500000E1
2.786556260E0,7.737500000E1
2.789181260E0,7.737500000E1
2.791805260E0,7.737500000E1
2.794430260E0,7.737500000E1
2.797054260E0,7.737500000E1
2.799679260E0,7.737500000E1
2.802303260E0,7.737500000E1
2.804928260E0,8.375000000E1
2.807552260E0,8.375000000E1
2.810177260E0,8.375000000E1
2.812801260E0,8.375000000E1
2.815426260E0,8.375000000E1
2.818050260E0,8.375000000E1
2.820675260E0,8.375000000E1
2.823299260E0,8.375000000E1
2.825924260E0,8.375000000E1
2.828548260E0,8.375000000E1
2.831173260E0,7.737500000E1
2.833797260E0,7.737500000E1
2.836422260E0,7.737500000E1
2.839046260E0,7.737500000E1
2.841671260E0,7.737500000E1
2.844295260E0,7.737500000E1
2.846920260E0,7.737500000E1
2.849544260E0,7.737500000E1
2.852169260E0,7.737500000E1
2.854794260E0,7.737500000E1
2.857418260E0,7.737500000E1
2.860043260E0,7.737500000E1
2.862667260E0,7.737500000E1
2.865292260E0,7.737500000E1
2.867916260E0,7.737500000E1
2.870541260E0,7.737500000E1
2.873165260E0,7.737500000E1
2.875790260E0,7.737500000E1
2.878414260E0,7.737500000E1
2.881039260E0,7.737500000E1
2.883663260E0,7.737500000E1
2.886288260E0,7.737500000E1
2.888912260E0,7.737500000E1
2.891537260E0,7.737500000E1
2.894161260E0,7.737500000E1
2.896786260E0,7.737500000E1
2.899410260E0,7.737500000E1
2.902035260E0,7.737500000E1
2.904659260E0,7.737500000E1
2.907284260E0,8.375000000E1
2.909908260E0,8.375000000E1
2.912533260E0,8.375000000E1
2.915157260E0,8.375000000E1
2.917782260E0,8.375000000E1
2.920406260E0,8.375000000E1
2.923031260E0,8.375000000E1
2.925655260E0,8.375000000E1
2.928280260E0,8.375000000E1
2.930904260E0,7.737500000E1
2.933529260E0,7.737500000E1
2.936153260E0,7.737500000E1
2.938778260E0,7.737500000E1
2.941402260E0,7.737500000E1
2.944027260E0,7.737500000E1
2.946651260E0,7.737500000E1
2.949276260E0,7.737500000E1
2.951900260E0,7.737500000E1
2.954525260E0,7.737500000E1
2.957149260E0,8.375000000E1
2.959774260E0,8.375000000E1
2.962398260E0,8.375000000E1
2.965023260E0,8.375000000E1
2.967648260E0,8.375000000E1
2.970272260E0,8.375000000E1
2.972897260E0,8.375000000E1
2.975521260E0,8.375000000E1
2.978146260E0,8.375000000E1
2.980770260E0,8.375000000E1
2.983399260E0,8.375000000E1
2.986024260E0,8.375000000E1
2.988648260E0,8.375000000E1
2.991273260E0,8.375000000E1
2.993897260E0,8.375000000E1
2.996522260E0,8.375000000E1
2.999146260E0,8.375000000E1
3.001771260E0,8.375000000E1
3.004395260E0,8.375000000E1
3.007020260E0,8.375000000E1
3.009644260E0,7.737500000E1
3.012269260E0,7.737500000E1
3.014893260E0,7.737500000E1
3.017518260E0,7.737500000E1
3.020142260E0,7.737500000E1
3.022767260E0,7.737500000E1
3.025391260E0,7.737500000E1
3.028016260E0,7.737500000E1
3.030640260E0,7.737500000E1
3.033265260E0,7.737500000E1
3.035890260E0,8.375000000E1
3.038514260E0,8.375000000E1
3.041139260E0,8.375000000E1
3.043763260E0,8.375000000E1
3.046388260E0,8.375000000E1
3.049012260E0,8.375000000E1
3.051637260E0,8.375000000E1
3.054261260E0,8.375000000E1
3.056886260E0,8.375000000E1
3.059510260E0,7.737500000E1
3.062135260E0,7.737500000E1
3.064759260E0,7.737500000E1
3.067384260E0,7.737500000E1
3.070008260E0,7.737500000E1
3.072633260E0,7.737500000E1
3.075257260E0,7.737500000E1
3.077882260E0,7.737500000E1
3.080506260E0,7.737500000E1
3.083131260E0,7.737500000E1
3.085755260E0,8.375000000E1
3.088380260E0,8.375000000E1
3.091004260E0,8.375000000E1
3.093629260E0,8.375000000E1
3.096253260E0,8.375000000E1
3.098878260E0,8.375000000E1
3.101502260E0,8.375000000E1
3.104127260E0,8.375000000E1
3.106751260E0,8.375000000E1
3.109376260E0,7.737500000E1
3.112000260E0,7.737500000E1
3.114625260E0,7.737500000E1
3.117249260E0,7.737500000E1
3.119874260E0,7.737500000E1
3.122498260E0,7.737500000E1
3.125123260E0,7.737500000E1
3.127747260E0,7.737500000E1
3.130372260E0,7.737500000E1
3.132996260E0,7.737500000E1
3.135621260E0,7.737500000E1
3.138245260E0,7.737500000E1
3.140870260E0,7.737500000E1
3.143494260E0,7.737500000E1
3.146119260E0,7.737500000E1
3.148744260E0,7.737500000E1
3.151368260E0,7.737500000E1
3.153993260E0,7.737500000E1
3.156617260E0,7.737500000E1
3.159242260E0,7.737500000E1
3.161866260E0,7.737500000E1
3.164491260E0,7.737500000E1
3.167115260E0,7.737500000E1
3.169740260E0,7.737500000E1
3.172364260E0,7.737500000E1
3.174989260E0,7.737500000E1
3.177613260E0,7.737500000E1
3.180238260E0,7.737500000E1
3.182862260E0,7.737500000E1
3.185487260E0,7.737500000E1
3.188111260E0,8.375000000E1
3.190736260E0,8.375000000E1
3.193360260E0,8.375000000E1
3.195985260E0,8.375000000E1
3.198609260E0,8.375000000E1
3.201234260E0,8.375000000E1
3.203858260E0,8.375000000E1
3.206483260E0,8.375000000E1
3.209107260E0,8.375000000E1
3.211732260E0,8.375000000E1
3.214356260E0,8.375000000E1
3.216981260E0,8.375000000E1
3.219605260E0,8.375000000E1
3.222230260E0,8.375000000E1
3.224854260E0,8.375000000E1
3.227479260E0,8.375000000E1
3.230103260E0,8.375000000E1
3.232728260E0,8.375000000E1
3.235352260E0,8.375000000E1
3.237977260E0,7.737500000E1
3.240601260E0,7.737500000E1
3.243226260E0,7.737500000E1
3.245850260E0,7.737500000E1
3.248475260E0,7.737500000E1
3.251099260E0,7.737500000E1
3.253724260E0,7.737500000E1
3.256348260E0,7.737500000E1
3.258973260E0,7.737500000E1
3.261598260E0,7.737500000E1
3.264222260E0,8.375000000E1
3.266847260E0,8.375000000E1
3.269471260E0,8.375000000E1
3.272096260E0,8.375000000E1
3.274720260E0,8.375000000E1
3.277345260E0,8.375000000E1
3.279969260E0,8.375000000E1
3.282594260E0,8.375000000E1
3.285218260E0,8.375000000E1
3.287843260E0,7.737500000E1
3.290467260E0,7.737500000E1
3.293092260E0,7.737500000E1
3.295716260E0,7.737500000E1
3.298341260E0,7.737500000E1
3.300965260E0,7.737500000E1
3.303590260E0,7.737500000E1
3.306214260E0,7.737500000E1
3.308839260E0,7.737500000E1
3.311463260E0,7.737500000E1
3.314088260E0,8.375000000E1
3.316712260E0,8.375000000E1
3.319337260E0,8.375000000E1
3.321961260E0,8.375000000E1
3.324586260E0,8.375000000E1
3.327210260E0,8.375000000E1
3.329835260E0,8.375000000E1
3.332459260E0,8.375000000E1
3.335084260E0,8.375000000E1
3.337708260E0,8.375000000E1
3.340333260E0,8.375000000E1
3.342957260E0,8.375000000E1
3.345582260E0,8.375000000E1
3.348206260E0,8.375000000E1
3.350831260E0,8.375000000E1
3.353455260E0,8.375000000E1
3.356080260E0,8.375000000E1
3.358704260E0,8.375000000E1
3.361329260E0,8.375000000E1
3.363953260E0,8.375000000E1
3.366578260E0,7.737500000E1
3.369202260E0,7.737500000E1
3.371827260E0,7.737500000E1
3.374452260E0,7.737500000E1
3.377076260E0,7.737500000E1
3.379701260E0,7.737500000E1
3.382325260E0,7.737500000E1
3.384950260E0,7.737500000E1
3.387574260E0,7.737500000E1
3.390199260E0,7.737500000E1
3.392823260E0,7.737500000E1
3.395448260E0,7.737500000E1
3.398072260E0,7.737500000E1
3.400697260E0,7.737500000E1
3.403321260E0,7.737500000E1
3.405946260E0,7.737500000E1
3.408570260E0,7.737500000E1
3.411195260E0,7.737500000E1
3.413819260E0,7.737500000E1
3.416444260E0,7.737500000E1
3.419068260E0,7.737500000E1
3.421693260E0,7.737500000E1
3.424317260E0,7.737500000E1
3.426942260E0,7.737500000E1
3.429566260E0,7.737500000E1
3.432191260E0,7.737500000E1
3.434815260E0,7.737500000E1
3.437440260E0,7.737500000E1
3.440064260E0,7.737500000E1
3.442689260E0,8.375000000E1
3.445313260E0,8.375000000E1
3.447938260E0,8.375000000E1
3.450562260E0,8.375000000E1
3.453187260E0,8.375000000E1
3.455811260E0,8.375000000E1
3.458436260E0,8.375000000E1
3.461060260E0,8.375000000E1
3.463685260E0,8.375000000E1
3.466309260E0,8.375000000E1
3.468934260E0,8.375000000E1
3.471558260E0,8.375000000E1
3.474183260E0,8.375000000E1
3.476807260E0,8.375000000E1
3.479432260E0,8.375000000E1
3.482057260E0,8.375000000E1
3.484681260E0,8.375000000E1
3.487306260E0,8.375000000E1
3.489930260E0,8.375000000E1
3.492555260E0,7.737500000E1
3.495179260E0,7.737500000E1
3.497804260E0,7.737500000E1
3.500428260E0,7.737500000E1
3.503053260E0,7.737500000E1
3.505677260E0,7.737500000E1
3.508302260E0,7.737500000E1
3.510926260E0,7.737500000E1
3.513551260E0,7.737500000E1
3.516175260E0,7.737500000E1
3.518800260E0,8.375000000E1
3.521424260E0,8.375000000E1
3.524049260E0,8.375000000E1
3.526673260E0,8.375000000E1
3.529298260E0,8.375000000E1
3.531922260E0,8.375000000E1
3.534547260E0,8.375000000E1
3.537171260E0,8.375000000E1
3.539796260E0,8.375000000E1
3.542420260E0,8.375000000E1
3.545045260E0,7.737500000E1
3.547669260E0,7.737500000E1
3.550294260E0,7.737500000E1
3.552918260E0,7.737500000E1
3.555543260E0,7.737500000E1
3.558167260E0,7.737500000E1
3.560792260E0,7.737500000E1
3.563416260E0,7.737500000E1
3.566041260E0,7.737500000E1
3.568665260E0,8.375000000E1
3.571290260E0,8.375000000E1
3.573914260E0,8.375000000E1
3.576539260E0,8.375000000E1
3.579163260E0,8.375000000E1
3.581788260E0,8.375000000E1
3.584412260E0,8.375000000E1
3.587037260E0,8.375000000E1
3.589661260E0,8.375000000E1
3.592286260E0,8.375000000E1
3.594911260E0,7.737500000E1
3.597535260E0,7.737500000E1
3.600160260E0,7.737500000E1
3.602784260E0,7.737500000E1
3.605409260E0,7.737500000E1
3.608033260E0,7.737500000E1
3.610658260E0,7.737500000E1
3.613282260E0,7.737500000E1
3.615907260E0,7.737500000E1
3.618531260E0,7.737500000E1
3.621156260E0,8.375000000E1
3.623780260E0,8.375000000E1
3.626405260E0,8.375000000E1
3.629029260E0,8.375000000E1
3.631654260E0,8.375000000E1
3.634278260E0,8.375000000E1
3.636903260E0,8.375000000E1
3.639527260E0,8.375000000E1
3.642152260E0,8.375000000E1
3.644776260E0,7.737500000E1
3.647401260E0,7.737500000E1
3.650025260E0,7.737500000E1
3.652650260E0,7.737500000E1
3.655274260E0,7.737500000E1
3.657899260E0,7.737500000E1
3.660523260E0,7.737500000E1
3.663148260E0,7.737500000E1
3.665772260E0,7.737500000E1
3.668397260E0,7.737500000E1
3.671021260E0,8.375000000E1
3.673646260E0,8.375000000E1
3.676270260E0,8.375000000E1
3.678895260E0,8.375000000E1
3.681519260E0,8.375000000E1
3.684144260E0,8.375000000E1
3.686768260E0,8.375000000E1
3.689393260E0,8.375000000E1
3.692017260E0,8.375000000E1
3.694642260E0,8.375000000E1
3.697266260E0,7.737500000E1
3.699891260E0,7.737500000E1
3.702515260E0,7.737500000E1
3.705140260E0,7.737500000E1
3.707765260E0,7.737500000E1
3.710389260E0,7.737500000E1
3.713014260E0,7.737500000E1
3.715638260E0,7.737500000E1
3.718263260E0,7.737500000E1
3.720887260E0,7.737500000E1
3.723512260E0,7.737500000E1
3.726136260E0,7.737500000E1
3.728761260E0,7.737500000E1
3.731385260E0,7.737500000E1
3.734010260E0,7.737500000E1
3.736634260E0,7.737500000E1
3.739259260E0,7.737500000E1
3.741883260E0,7.737500000E1
3.744508260E0,7.737500000E1
3.747132260E0,8.375000000E1
3.749757260E0,8.375000000E1
3.752381260E0,8.375000000E1
3.755006260E0,8.375000000E1
3.757630260E0,8.375000000E1
3.760255260E0,8.375000000E1
3.762879260E0,8.375000000E1
3.765504260E0,8.375000000E1
3.768128260E0,8.375000000E1
3.770753260E0,8.375000000E1
3.773377260E0,8.375000000E1
3.776002260E0,8.375000000E1
3.778626260E0,8.375000000E1
3.781251260E0,8.375000000E1
3.783875260E0,8.375000000E1
3.786500260E0,8.375000000E1
3.789124260E0,8.375000000E1
3.791749260E0,8.375000000E1
3.794373260E0,8.375000000E1
3.796998260E0,7.737500000E1
3.799622260E0,7.737500000E1
3.802247260E0,7.737500000E1
3.804871260E0,7.737500000E1
3.807496260E0,7.737500000E1
3.810120260E0,7.737500000E1
3.812745260E0,7.737500000E1
3.815369260E0,7.737500000E1
3.817994260E0,7.737500000E1
3.820619260E0,7.737500000E1
3.823243260E0,7.737500000E1
3.825868260E0,7.737500000E1
3.828492260E0,7.737500000E1
3.831117260E0,7.737500000E1
3.833741260E0,7.737500000E1
3.836366260E0,7.737500000E1
3.838990260E0,7.737500000E1
3.841615260E0,7.737500000E1
3.844239260E0,7.737500000E1
3.846864260E0,7.737500000E1
3.849488260E0,8.375000000E1
3.852113260E0,8.375000000E1
3.854737260E0,8.375000000E1
3.857362260E0,8.375000000E1
3.859986260E0,8.375000000E1
3.862611260E0,8.375000000E1
3.865235260E0,8.375000000E1
3.867860260E0,8.375000000E1
3.870484260E0,8.375000000E1
3.873109260E0,8.375000000E1
3.875733260E0,7.737500000E1
3.878358260E0,7.737500000E1
3.880982260E0,7.737500000E1
3.883607260E0,7.737500000E1
3.886231260E0,7.737500000E1
3.888856260E0,7.737500000E1
3.891480260E0,7.737500000E1
3.894105260E0,7.737500000E1
3.896729260E0,7.737500000E1
3.899354260E0,8.375000000E1
3.901978260E0,8.375000000E1
3.904603260E0,8.375000000E1
3.907227260E0,8.375000000E1
3.909852260E0,8.375000000E1
3.912476260E0,8.375000000E1
3.915101260E0,8.375000000E1
3.917725260E0,8.375000000E1
3.920350260E0,8.375000000E1
3.922974260E0,8.375000000E1
3.925599260E0,7.737500000E1
3.928223260E0,7.737500000E1
3.930848260E0,7.737500000E1
3.933473260E0,7.737500000E1
3.936097260E0,7.737500000E1
3.938722260E0,7.737500000E1
3.941346260E0,7.737500000E1
3.943971260E0,7.737500000E1
3.946595260E0,7.737500000E1
3.949220260E0,8.375000000E1
3.951844260E0,8.375000000E1
3.954469260E0,8.375000000E1
3.957093260E0,8.375000000E1
3.959718260E0,8.375000000E1
3.962342260E0,8.375000000E1
3.964967260E0,8.375000000E1
3.967591260E0,8.375000000E1
3.970216260E0,8.375000000E1
3.972840260E0,8.375000000E1
3.975465260E0,7.737500000E1
3.978089260E0,7.737500000E1
3.980714260E0,7.737500000E1
3.983338260E0,7.737500000E1
3.985963260E0,7.737500000E1
3.988587260E0,7.737500000E1
3.991212260E0,7.737500000E1
3.993836260E0,7.737500000E1
3.996461260E0,7.737500000E1
3.999085260E0,7.737500000E1
4.001710260E0,7.737500000E1
4.004334260E0,7.737500000E1
4.006959260E0,7.737500000E1
4.009583260E0,7.737500000E1
4.012208260E0,7.737500000E1
4.014832260E0,7.737500000E1
4.017457260E0,7.737500000E1
4.020081260E0,7.737500000E1
4.022706260E0,7.737500000E1
4.025330260E0,7.737500000E1
4.027955260E0,7.737500000E1
4.030579260E0,7.737500000E1
4.033204260E0,7.737500000E1
4.035828260E0,7.737500000E1
4.038453260E0,7.737500000E1
4.041077260E0,7.737500000E1
4.043702260E0,7.737500000E1
4.046327260E0,7.737500000E1
4.048951260E0,7.737500000E1
4.051576260E0,8.375000000E1
4.054200260E0,8.375000000E1
4.056825260E0,8.375000000E1
4.059449260E0,8.375000000E1
4.062074260E0,8.375000000E1
4.064698260E0,8.375000000E1
4.067323260E0,8.375000000E1
4.069947260E0,8.375000000E1
4.072572260E0,8.375000000E1
4.075196260E0,8.375000000E1
4.077821260E0,7.737500000E1
4.080445260E0,7.737500000E1
4.083070260E0,7.737500000E1
4.085694260E0,7.737500000E1
4.088319260E0,7.737500000E1
4.090943260E0,7.737500000E1
4.093568260E0,7.737500000E1
4.096192260E0,7.737500000E1
4.098817260E0,7.737500000E1
4.101441260E0,7.737500000E1
4.104066260E0,7.737500000E1
4.106690260E0,7.737500000E1
4.109315260E0,7.737500000E1
4.111939260E0,7.737500000E1
4.114564260E0,7.737500000E1
4.117188260E0,7.737500000E1
4.119813260E0,7.737500000E1
4.122437260E0,7.737500000E1
4.125062260E0,7.737500000E1
4.127686260E0,7.737500000E1
4.130311260E0,7.737500000E1
4.132935260E0,7.737500000E1
4.135560260E0,7.737500000E1
4.138184260E0,7.737500000E1
4.140809260E0,7.737500000E1
4.143433260E0,7.737500000E1
4.146058260E0,7.737500000E1
4.148682260E0,7.737500000E1
4.151307260E0,7.737500000E1
4.153932260E0,8.375000000E1
4.156556260E0,8.375000000E1
4.159181260E0,8.375000000E1
4.161805260E0,8.375000000E1
4.164430260E0,8.375000000E1
4.167054260E0,8.375000000E1
4.169679260E0,8.375000000E1
4.172303260E0,8.375000000E1
4.174928260E0,8.375000000E1
4.177552260E0,8.375000000E1
4.180177260E0,7.737500000E1
4.182801260E0,7.737500000E1
4.185426260E0,7.737500000E1
4.188050260E0,7.737500000E1
4.190675260E0,7.737500000E1
4.193299260E0,7.737500000E1
4.195924260E0,7.737500000E1
4.198548260E0,7.737500000E1
4.201173260E0,7.737500000E1
4.203797260E0,7.737500000E1
4.206422260E0,7.737500000E1
4.209046260E0,7.737500000E1
4.211671260E0,7.737500000E1
4.214295260E0,7.737500000E1
4.216920260E0,7.737500000E1
4.219544260E0,7.737500000E1
4.222169260E0,7.737500000E1
4.224793260E0,7.737500000E1
4.227418260E0,7.737500000E1
4.230042260E0,7.737500000E1
4.232667260E0,7.737500000E1
4.235291260E0,7.737500000E1
4.237916260E0,7.737500000E1
4.240540260E0,7.737500000E1
4.243165260E0,7.737500000E1
4.245789260E0,7.737500000E1
4.248414260E0,7.737500000E1
4.251038260E0,7.737500000E1
4.253663260E0,7.737500000E1
4.256287260E0,7.737500000E1
4.258912260E0,7.737500000E1
4.261536260E0,7.737500000E1
4.264161260E0,7.737500000E1
4.266786260E0,7.737500000E1
4.269410260E0,7.737500000E1
4.272035260E0,7.737500000E1
4.274659260E0,7.737500000E1
4.277284260E0,7.737500000E1
4.279908260E0,7.737500000E1
4.282533260E0,7.737500000E1
4.285157260E0,7.737500000E1
4.287782260E0,7.737500000E1
4.290406260E0,7.737500000E1
4.293031260E0,7.737500000E1
4.295655260E0,7.737500000E1
4.298280260E0,7.737500000E1
4.300904260E0,7.737500000E1
4.303529260E0,7.737500000E1
4.306153260E0,8.375000000E1
4.308778260E0,8.375000000E1
4.311402260E0,8.375000000E1
4.314027260E0,8.375000000E1
4.316651260E0,8.375000000E1
4.319276260E0,8.375000000E1
4.321900260E0,8.375000000E1
4.324525260E0,8.375000000E1
4.327149260E0,8.375000000E1
4.329774260E0,8.375000000E1
4.332398260E0,7.737500000E1
4.335023260E0,7.737500000E1
4.337647260E0,7.737500000E1
4.340272260E0,7.737500000E1
4.342896260E0,7.737500000E1
4.345521260E0,7.737500000E1
4.348145260E0,7.737500000E1
4.350770260E0,7.737500000E1
4.353394260E0,7.737500000E1
4.356019260E0,7.737500000E1
4.358643260E0,7.737500000E1
4.361268260E0,7.737500000E1
4.363892260E0,7.737500000E1
4.366517260E0,7.737500000E1
4.369141260E0,7.737500000E1
4.371766260E0,7.737500000E1
4.374390260E0,7.737500000E1
4.377015260E0,7.737500000E1
4.379640260E0,7.737500000E1
4.382264260E0,7.737500000E1
4.384889260E0,7.737500000E1
4.387513260E0,7.737500000E1
4.390138260E0,7.737500000E1
4.392762260E0,7.737500000E1
4.395387260E0,7.737500000E1
4.398011260E0,7.737500000E1
4.400636260E0,7.737500000E1
4.403260260E0,7.737500000E1
4.405885260E0,7.737500000E1
4.408509260E0,7.737500000E1
4.411134260E0,7.737500000E1
4.413758260E0,7.737500000E1
4.416383260E0,7.737500000E1
4.419007260E0,7.737500000E1
4.421632260E0,7.737500000E1
4.424256260E0,7.737500000E1
4.426881260E0,7.737500000E1
4.429505260E0,7.737500000E1
4.432130260E0,7.737500000E1
4.434754260E0,7.737500000E1
4.437379260E0,7.737500000E1
4.440003260E0,7.737500000E1
4.442628260E0,7.737500000E1
4.445252260E0,7.737500000E1
4.447877260E0,7.737500000E1
4.450501260E0,7.737500000E1
4.453126260E0,7.737500000E1
4.455750260E0,7.737500000E1
4.458375260E0,7.737500000E1
4.460999260E0,7.737500000E1
4.463624260E0,7.737500000E1
4.466248260E0,7.737500000E1
4.468873260E0,7.737500000E1
4.471497260E0,7.737500000E1
4.474122260E0,7.737500000E1
4.476746260E0,7.737500000E1
4.479371260E0,7.737500000E1
4.481995260E0,7.737500000E1
4.484620260E0,8.375000000E1
4.487244260E0,8.375000000E1
4.489869260E0,8.375000000E1
4.492494260E0,8.375000000E1
4.495118260E0,8.375000000E1
4.497743260E0,8.375000000E1
4.500367260E0,8.375000000E1
4.502992260E0,8.375000000E1
4.505616260E0,8.375000000E1
4.508241260E0,8.375000000E1
4.510865260E0,7.737500000E1
4.513490260E0,7.737500000E1
4.516114260E0,7.737500000E1
4.518739260E0,7.737500000E1
4.521363260E0,7.737500000E1
4.523988260E0,7.737500000E1
4.526612260E0,7.737500000E1
4.529237260E0,7.737500000E1
4.531861260E0,7.737500000E1
4.534486260E0,7.737500000E1
4.537110260E0,8.375000000E1
4.539735260E0,8.375000000E1
4.542359260E0,8.375000000E1
4.544984260E0,8.375000000E1
4.547608260E0,8.375000000E1
4.550233260E0,8.375000000E1
4.552857260E0,8.375000000E1
4.555482260E0,8.375000000E1
4.558106260E0,8.375000000E1
4.560731260E0,7.737500000E1
4.563355260E0,7.737500000E1
4.565980260E0,7.737500000E1
4.568604260E0,7.737500000E1
4.571229260E0,7.737500000E1
4.573853260E0,7.737500000E1
4.576478260E0,7.737500000E1
4.579102260E0,7.737500000E1
4.581727260E0,7.737500000E1
4.584351260E0,7.737500000E1
4.586976260E0,8.375000000E1
4.589600260E0,8.375000000E1
4.592225260E0,8.375000000E1
4.594849260E0,8.375000000E1
4.597474260E0,8.375000000E1
4.600098260E0,8.375000000E1
4.602723260E0,8.375000000E1
4.605348260E0,8.375000000E1
4.607972260E0,8.375000000E1
4.610597260E0,7.737500000E1
4.613221260E0,7.737500000E1
4.615846260E0,7.737500000E1
4.618470260E0,7.737500000E1
4.621095260E0,7.737500000E1
4.623719260E0,7.737500000E1
4.626344260E0,7.737500000E1
4.628968260E0,7.737500000E1
4.631593260E0,7.737500000E1
4.634217260E0,7.737500000E1
4.636842260E0,7.737500000E1
4.639466260E0,7.737500000E1
4.642091260E0,7.737500000E1
4.644715260E0,7.737500000E1
4.647340260E0,7.737500000E1
4.649964260E0,7.737500000E1
4.652589260E0,7.737500000E1
4.655213260E0,7.737500000E1
4.657838260E0,7.737500000E1
4.660462260E0,7.737500000E1
4.663087260E0,8.375000000E1
4.665711260E0,8.375000000E1
4.668336260E0,8.375000000E1
4.670960260E0,8.375000000E1
4.673585260E0,8.375000000E1
4.676209260E0,8.375000000E1
4.678834260E0,8.375000000E1
4.681458260E0,8.375000000E1
4.684083260E0,8.375000000E1
4.686707260E0,8.375000000E1
4.689332260E0,7.737500000E1
4.691956260E0,7.737500000E1
4.694581260E0,7.737500000E1
4.697205260E0,7.737500000E1
4.699830260E0,7.737500000E1
4.702454260E0,7.737500000E1
4.705079260E0,7.737500000E1
4.707703260E0,7.737500000E1
4.710328260E0,7.737500000E1
4.712952260E0,7.737500000E1
4.715577260E0,7.737500000E1
4.718202260E0,7.737500000E1
4.720826260E0,7.737500000E1
4.723451260E0,7.737500000E1
4.726075260E0,7.737500000E1
4.728700260E0,7.737500000E1
4.731324260E0,7.737500000E1
4.733949260E0,7.737500000E1
4.736573260E0,7.737500000E1
4.739198260E0,8.375000000E1
4.741822260E0,8.375000000E1
4.744447260E0,8.375000000E1
4.747071260E0,8.375000000E1
4.749696260E0,8.375000000E1
4.752320260E0,8.375000000E1
4.754945260E0,8.375000000E1
4.757569260E0,8.375000000E1
4.760194260E0,8.375000000E1
4.762818260E0,8.375000000E1
4.765443260E0,7.737500000E1
4.768067260E0,7.737500000E1
4.770692260E0,7.737500000E1
4.773316260E0,7.737500000E1
4.775941260E0,7.737500000E1
4.778565260E0,7.737500000E1
4.781190260E0,7.737500000E1
4.783814260E0,7.737500000E1
4.786439260E0,7.737500000E1
4.789063260E0,7.737500000E1
4.791688260E0,7.737500000E1
4.794312260E0,7.737500000E1
4.796937260E0,7.737500000E1
4.799561260E0,7.737500000E1
4.802186260E0,7.737500000E1
4.804810260E0,7.737500000E1
4.807435260E0,7.737500000E1
4.810059260E0,7.737500000E1
4.812684260E0,7.737500000E1
4.815308260E0,7.737500000E1
4.817933260E0,7.737500000E1
4.820557260E0,7.737500000E1
4.823182260E0,7.737500000E1
4.825807260E0,7.737500000E1
4.828431260E0,7.737500000E1
4.831056260E0,7.737500000E1
4.833680260E0,7.737500000E1
4.836305260E0,7.737500000E1
4.838929260E0,7.737500000E1
4.841554260E0,7.737500000E1
4.844178260E0,7.737500000E1
4.846803260E0,7.737500000E1
4.849427260E0,7.737500000E1
4.852052260E0,7.737500000E1
4.854676260E0,7.737500000E1
4.857301260E0,7.737500000E1
4.859925260E0,7.737500000E1
4.862550260E0,7.737500000E1
4.865174260E0,7.737500000E1
4.867799260E0,8.375000000E1
4.870423260E0,8.375000000E1
4.873048260E0,8.375000000E1
4.875672260E0,8.375000000E1
4.878297260E0,8.375000000E1
4.880921260E0,8.375000000E1
4.883546260E0,8.375000000E1
4.886170260E0,8.375000000E1
4.888795260E0,8.375000000E1
4.891419260E0,8.375000000E1
4.894044260E0,7.737500000E1
4.896668260E0,7.737500000E1
4.899293260E0,7.737500000E1
4.901917260E0,7.737500000E1
4.904542260E0,7.737500000E1
4.907166260E0,7.737500000E1
4.909791260E0,7.737500000E1
4.912415260E0,7.737500000E1
4.915040260E0,7.737500000E1
4.917664260E0,8.375000000E1
4.920289260E0,8.375000000E1
4.922913260E0,8.375000000E1
4.925538260E0,8.375000000E1
4.928162260E0,8.375000000E1
4.930787260E0,8.375000000E1
4.933411260E0,8.375000000E1
4.936036260E0,8.375000000E1
4.938661260E0,8.375000000E1
4.941285260E0,8.375000000E1
4.943910260E0,7.737500000E1
4.946534260E0,7.737500000E1
4.949159260E0,7.737500000E1
4.951783260E0,7.737500000E1
4.954408260E0,7.737500000E1
4.957032260E0,7.737500000E1
4.959657260E0,7.737500000E1
4.962281260E0,7.737500000E1
4.964906260E0,7.737500000E1
4.967530260E0,8.375000000E1
4.970155260E0,8.375000000E1
4.972779260E0,8.375000000E1
4.975404260E0,8.375000000E1
4.978028260E0,8.375000000E1
4.980653260E0,8.375000000E1
4.983277260E0,8.375000000E1
4.985902260E0,8.375000000E1
4.988526260E0,8.375000000E1
4.991151260E0,8.375000000E1
4.993775260E0,7.737500000E1
4.996400260E0,7.737500000E1
4.999024260E0,7.737500000E1
5.001649260E0,7.737500000E1
5.004273260E0,7.737500000E1
5.006898260E0,7.737500000E1
5.009522260E0,7.737500000E1
5.012147260E0,7.737500000E1
5.014771260E0,7.737500000E1
5.017396260E0,7.737500000E1
5.020020260E0,7.737500000E1
5.022645260E0,7.737500000E1
5.025269260E0,7.737500000E1
5.027894260E0,7.737500000E1
5.030518260E0,7.737500000E1
5.033143260E0,7.737500000E1
5.035767260E0,7.737500000E1
5.038392260E0,7.737500000E1
5.041016260E0,7.737500000E1
5.043641260E0,7.737500000E1
5.046265260E0,7.737500000E1
5.048890260E0,7.737500000E1
5.051515260E0,7.737500000E1
5.054139260E0,7.737500000E1
5.056764260E0,7.737500000E1
5.059388260E0,7.737500000E1
5.062013260E0,7.737500000E1
5.064637260E0,7.737500000E1
5.067262260E0,7.737500000E1
5.069886260E0,8.375000000E1
5.072511260E0,8.375000000E1
5.075135260E0,8.375000000E1
5.077760260E0,8.375000000E1
5.080384260E0,8.375000000E1
5.083009260E0,8.375000000E1
5.085633260E0,8.375000000E1
5.088258260E0,8.375000000E1
5.090882260E0,8.375000000E1
5.093507260E0,8.375000000E1
5.096131260E0,8.375000000E1
5.098756260E0,8.375000000E1
5.101380260E0,8.375000000E1
5.104005260E0,8.375000000E1
5.106629260E0,8.375000000E1
5.109254260E0,8.375000000E1
5.111878260E0,8.375000000E1
5.114503260E0,8.375000000E1
5.117127260E0,8.375000000E1
5.119752260E0,8.375000000E1
5.122376260E0,7.737500000E1
5.125001260E0,7.737500000E1
5.127625260E0,7.737500000E1
5.130250260E0,7.737500000E1
5.132874260E0,7.737500000E1
5.135499260E0,7.737500000E1
5.138123260E0,7.737500000E1
5.140748260E0,7.737500000E1
5.143372260E0,7.737500000E1
5.145997260E0,7.737500000E1
5.148621260E0,7.737500000E1
5.151246260E0,7.737500000E1
5.153870260E0,7.737500000E1
5.156495260E0,7.737500000E1
5.159119260E0,7.737500000E1
5.161744260E0,7.737500000E1
5.164369260E0,7.737500000E1
5.166993260E0,7.737500000E1
5.169618260E0,7.737500000E1
5.172242260E0,7.737500000E1
5.174867260E0,7.737500000E1
5.177491260E0,7.737500000E1
5.180116260E0,7.737500000E1
5.182740260E0,7.737500000E1
5.185365260E0,7.737500000E1
5.187989260E0,7.737500000E1
5.190614260E0,7.737500000E1
5.193238260E0,7.737500000E1
5.195863260E0,7.737500000E1
5.198487260E0,7.737500000E1
5.201112260E0,7.737500000E1
5.203736260E0,7.737500000E1
5.206361260E0,7.737500000E1
5.208985260E0,7.737500000E1
5.211610260E0,7.737500000E1
5.214234260E0,7.737500000E1
5.216859260E0,7.737500000E1
5.219483260E0,7.737500000E1
5.222108260E0,7.737500000E1
5.224732260E0,7.737500000E1
5.227357260E0,7.737500000E1
5.229981260E0,7.737500000E1
5.232606260E0,7.737500000E1
5.235230260E0,7.737500000E1
5.237855260E0,7.737500000E1
5.240479260E0,7.737500000E1
5.243104260E0,7.737500000E1
5.245728260E0,7.737500000E1
5.248353260E0,8.375000000E1
5.250977260E0,8.375000000E1
5.253602260E0,8.375000000E1
5.256226260E0,8.375000000E1
5.258851260E0,8.375000000E1
5.261475260E0,8.375000000E1
5.264100260E0,8.375000000E1
5.266724260E0,8.375000000E1
5.269349260E0,8.375000000E1
5.271973260E0,8.375000000E1
5.274598260E0,7.737500000E1
5.277223260E0,7.737500000E1
5.279847260E0,7.737500000E1
5.282472260E0,7.737500000E1
5.285096260E0,7.737500000E1
5.287721260E0,7.737500000E1
5.290345260E0,7.737500000E1
5.292970260E0,7.737500000E1
5.295594260E0,7.737500000E1
5.298219260E0,7.737500000E1
5.300843260E0,8.375000000E1
5.303468260E0,8.375000000E1
5.306092260E0,8.375000000E1
5.308717260E0,8.375000000E1
5.311341260E0,8.375000000E1
5.313966260E0,8.375000000E1
5.316590260E0,8.375000000E1
5.319215260E0,8.375000000E1
5.321839260E0,8.375000000E1
5.324464260E0,7.737500000E1
5.327088260E0,7.737500000E1
5.329713260E0,7.737500000E1
5.332337260E0,7.737500000E1
5.334962260E0,7.737500000E1
5.337586260E0,7.737500000E1
5.340211260E0,7.737500000E1
5.342835260E0,7.737500000E1
5.345460260E0,7.737500000E1
5.348084260E0,7.737500000E1
5.350709260E0,8.375000000E1
5.353333260E0,8.375000000E1
5.355958260E0,8.375000000E1
5.358582260E0,8.375000000E1
5.361207260E0,8.375000000E1
5.363831260E0,8.375000000E1
5.366456260E0,8.375000000E1
5.369080260E0,8.375000000E1
5.371705260E0,8.375000000E1
5.374329260E0,8.375000000E1
5.376954260E0,7.737500000E1
5.379578260E0,7.737500000E1
5.382203260E0,7.737500000E1
5.384827260E0,7.737500000E1
5.387452260E0,7.737500000E1
5.390077260E0,7.737500000E1
5.392701260E0,7.737500000E1
5.395326260E0,7.737500000E1
5.397950260E0,7.737500000E1
5.400575260E0,7.737500000E1
5.403199260E0,7.737500000E1
5.405824260E0,7.737500000E1
5.408448260E0,7.737500000E1
5.411073260E0,7.737500000E1
5.413697260E0,7.737500000E1
5.416322260E0,7.737500000E1
5.418946260E0,7.737500000E1
5.421571260E0,7.737500000E1
5.424195260E0,7.737500000E1
5.426820260E0,7.737500000E1
5.429444260E0,7.737500000E1
5.432069260E0,7.737500000E1
5.434693260E0,7.737500000E1
5.437318260E0,7.737500000E1
5.439942260E0,7.737500000E1
5.442567260E0,7.737500000E1
5.445191260E0,7.737500000E1
5.447816260E0,7.737500000E1
5.450440260E0,7.737500000E1
5.453065260E0,8.375000000E1
5.455689260E0,8.375000000E1
5.458314260E0,8.375000000E1
5.460938260E0,8.375000000E1
5.463563260E0,8.375000000E1
5.466187260E0,8.375000000E1
5.468812260E0,8.375000000E1
5.471436260E0,8.375000000E1
5.474061260E0,8.375000000E1
5.476685260E0,8.375000000E1
5.479310260E0,7.737500000E1
5.481934260E0,7.737500000E1
5.484559260E0,7.737500000E1
5.487183260E0,7.737500000E1
5.489808260E0,7.737500000E1
5.492432260E0,7.737500000E1
5.495057260E0,7.737500000E1
5.497682260E0,7.737500000E1
5.500306260E0,7.737500000E1
5.502931260E0,8.375000000E1
5.505555260E0,8.375000000E1
5.508180260E0,8.375000000E1
5.510804260E0,8.375000000E1
5.513429260E0,8.375000000E1
5.516053260E0,8.375000000E1
5.518678260E0,8.375000000E1
5.521302260E0,8.375000000E1
5.523927260E0,8.375000000E1
5.526551260E0,8.375000000E1
5.529176260E0,7.737500000E1
5.531800260E0,7.737500000E1
5.534425260E0,7.737500000E1
5.537049260E0,7.737500000E1
5.539674260E0,7.737500000E1
5.542298260E0,7.737500000E1
5.544923260E0,7.737500000E1
5.547547260E0,7.737500000E1
5.550172260E0,7.737500000E1
5.552796260E0,7.737500000E1
5.555421260E0,8.375000000E1
5.558045260E0,8.375000000E1
5.560670260E0,8.375000000E1
5.563294260E0,8.375000000E1
5.565919260E0,8.375000000E1
5.568543260E0,8.375000000E1
5.571168260E0,8.375000000E1
5.573792260E0,8.375000000E1
5.576417260E0,8.375000000E1
5.579041260E0,8.375000000E1
5.581666260E0,8.375000000E1
5.584290260E0,8.375000000E1
5.586915260E0,8.375000000E1
5.589539260E0,8.375000000E1
5.592164260E0,8.375000000E1
5.594788260E0,8.375000000E1
5.597413260E0,8.375000000E1
5.600037260E0,8.375000000E1
5.602662260E0,8.375000000E1
5.605286260E0,7.737500000E1
5.607911260E0,7.737500000E1
5.610536260E0,7.737500000E1
5.613160260E0,7.737500000E1
5.615785260E0,7.737500000E1
5.618409260E0,7.737500000E1
5.621034260E0,7.737500000E1
5.623658260E0,7.737500000E1
5.626283260E0,7.737500000E1
5.628907260E0,7.737500000E1
5.631532260E0,7.737500000E1
5.634156260E0,7.737500000E1
5.636781260E0,7.737500000E1
5.639405260E0,7.737500000E1
5.642030260E0,7.737500000E1
5.644654260E0,7.737500000E1
5.647279260E0,7.737500000E1
5.649903260E0,7.737500000E1
5.652528260E0,7.737500000E1
5.655152260E0,7.737500000E1
5.657777260E0,7.737500000E1
5.660401260E0,7.737500000E1
5.663026260E0,7.737500000E1
5.665650260E0,7.737500000E1
5.668275260E0,7.737500000E1
5.670899260E0,7.737500000E1
5.673524260E0,7.737500000E1
5.676148260E0,7.737500000E1
5.678773260E0,7.737500000E1
5.681397260E0,8.375000000E1
5.684022260E0,8.375000000E1
5.686646260E0,8.375000000E1
5.689271260E0,8.375000000E1
5.691895260E0,8.375000000E1
5.694520260E0,8.375000000E1
5.697144260E0,8.375000000E1
5.699769260E0,8.375000000E1
5.702393260E0,8.375000000E1
5.705018260E0,8.375000000E1
5.707642260E0,7.737500000E1
5.710267260E0,7.737500000E1
5.712891260E0,7.737500000E1
5.715516260E0,7.737500000E1
5.718140260E0,7.737500000E1
5.720765260E0,7.737500000E1
5.723390260E0,7.737500000E1
5.726014260E0,7.737500000E1
5.728639260E0,7.737500000E1
5.731263260E0,7.737500000E1
5.733888260E0,8.375000000E1
5.736512260E0,8.375000000E1
5.739137260E0,8.375000000E1
5.741761260E0,8.375000000E1
5.744386260E0,8.375000000E1
5.747010260E0,8.375000000E1
5.749635260E0,8.375000000E1
5.752259260E0,8.375000000E1
5.754884260E0,8.375000000E1
5.757508260E0,8.375000000E1
5.760133260E0,8.375000000E1
5.762757260E0,8.375000000E1
5.765382260E0,8.375000000E1
5.768006260E0,8.375000000E1
5.770631260E0,8.375000000E1
5.773255260E0,8.375000000E1
5.775880260E0,8.375000000E1
5.778504260E0,8.375000000E1
5.781129260E0,8.375000000E1
5.783753260E0,8.375000000E1
5.786378260E0,8.375000000E1
5.789002260E0,8.375000000E1
5.791627260E0,8.375000000E1
5.794251260E0,8.375000000E1
5.796876260E0,8.375000000E1
5.799500260E0,8.375000000E1
5.802125260E0,8.375000000E1
5.804749260E0,8.375000000E1
5.807374260E0,7.737500000E1
5.809998260E0,7.737500000E1
5.812623260E0,7.737500000E1
5.815247260E0,7.737500000E1
5.817872260E0,7.737500000E1
5.820496260E0,7.737500000E1
5.823121260E0,7.737500000E1
5.825745260E0,7.737500000E1
5.828370260E0,7.737500000E1
5.830994260E0,7.737500000E1
5.833619260E0,7.737500000E1
5.836244260E0,7.737500000E1
5.838868260E0,7.737500000E1
5.841493260E0,7.737500000E1
5.844117260E0,7.737500000E1
5.846742260E0,7.737500000E1
5.849366260E0,7.737500000E1
5.851991260E0,7.737500000E1
5.854615260E0,7.737500000E1
5.857240260E0,7.737500000E1
5.859864260E0,7.737500000E1
5.862489260E0,7.737500000E1
5.865113260E0,7.737500000E1
5.867738260E0,7.737500000E1
5.870362260E0,7.737500000E1
5.872987260E0,7.737500000E1
5.875611260E0,7.737500000E1
5.878236260E0,7.737500000E1
5.880860260E0,7.737500000E1
5.883485260E0,7.737500000E1
5.886109260E0,7.737500000E1
5.888734260E0,7.737500000E1
5.891358260E0,7.737500000E1
5.893983260E0,7.737500000E1
5.896607260E0,7.737500000E1
5.899232260E0,7.737500000E1
5.901856260E0,7.737500000E1
5.904481260E0,7.737500000E1
5.907105260E0,7.737500000E1
5.909730260E0,7.737500000E1
5.912354260E0,7.737500000E1
5.914979260E0,7.737500000E1
5.917603260E0,7.737500000E1
5.920228260E0,7.737500000E1
5.922852260E0,7.737500000E1
5.925477260E0,7.737500000E1
5.928101260E0,7.737500000E1
5.930726260E0,7.737500000E1
5.933350260E0,7.737500000E1
5.935975260E0,7.737500000E1
5.938599260E0,7.737500000E1
5.941224260E0,7.737500000E1
5.943848260E0,7.737500000E1
5.946473260E0,7.737500000E1
5.949098260E0,7.737500000E1
5.951722260E0,7.737500000E1
5.954347260E0,7.737500000E1
5.956971260E0,7.737500000E1
5.959596260E0,7.737500000E1
5.962220260E0,7.737500000E1
5.964845260E0,7.737500000E1
5.967469260E0,7.737500000E1
5.970094260E0,7.737500000E1
5.972718260E0,7.737500000E1
5.975343260E0,7.737500000E1
5.977967260E0,7.737500000E1
5.980592260E0,7.737500000E1
5.983216260E0,7.737500000E1
5.985841260E0,7.737500000E1
5.988465260E0,7.737500000E1
5.991090260E0,7.737500000E1
5.993714260E0,7.737500000E1
5.996339260E0,7.737500000E1
5.998963260E0,7.737500000E1
6.001588260E0,7.737500000E1
6.004212260E0,7.737500000E1
6.006837260E0,7.737500000E1
6.009461260E0,7.737500000E1
6.012086260E0,7.737500000E1
6.014710260E0,7.737500000E1
6.017335260E0,7.737500000E1
6.019959260E0,7.737500000E1
6.022584260E0,7.737500000E1
6.025208260E0,7.737500000E1
6.027833260E0,7.737500000E1
6.030457260E0,7.737500000E1
6.033082260E0,7.737500000E1
6.035706260E0,7.737500000E1
6.038331260E0,8.375000000E1
6.040955260E0,8.375000000E1
6.043580260E0,8.375000000E1
6.046204260E0,8.375000000E1
6.048829260E0,8.375000000E1
6.051453260E0,8.375000000E1
6.054078260E0,8.375000000E1
6.056702260E0,8.375000000E1
6.059327260E0,8.375000000E1
6.061952260E0,8.375000000E1
6.064576260E0,7.737500000E1
6.067201260E0,7.737500000E1
6.069825260E0,7.737500000E1
6.072450260E0,7.737500000E1
6.075074260E0,7.737500000E1
6.077699260E0,7.737500000E1
6.080323260E0,7.737500000E1
6.082948260E0,7.737500000E1
6.085572260E0,7.737500000E1
6.088197260E0,8.375000000E1
6.090821260E0,8.375000000E1
6.093446260E0,8.375000000E1
6.096070260E0,8.375000000E1
6.098695260E0,8.375000000E1
6.101319260E0,8.375000000E1
6.103944260E0,8.375000000E1
6.106568260E0,8.375000000E1
6.109193260E0,8.375000000E1
6.111817260E0,8.375000000E1
6.114442260E0,7.737500000E1
6.117066260E0,7.737500000E1
6.119691260E0,7.737500000E1
6.122315260E0,7.737500000E1
6.124940260E0,7.737500000E1
6.127564260E0,7.737500000E1
6.130189260E0,7.737500000E1
6.132813260E0,7.737500000E1
6.135438260E0,7.737500000E1
6.138062260E0,7.737500000E1
6.140687260E0,8.375000000E1
6.143311260E0,8.375000000E1
6.145936260E0,8.375000000E1
6.148560260E0,8.375000000E1
6.151185260E0,8.375000000E1
6.153809260E0,8.375000000E1
6.156434260E0,8.375000000E1
6.159058260E0,8.375000000E1
6.161683260E0,8.375000000E1
6.164307260E0,7.737500000E1
6.166932260E0,7.737500000E1
6.169557260E0,7.737500000E1
6.172181260E0,7.737500000E1
6.174806260E0,7.737500000E1
6.177430260E0,7.737500000E1
6.180055260E0,7.737500000E1
6.182679260E0,7.737500000E1
6.185304260E0,7.737500000E1
6.187928260E0,7.737500000E1
6.190553260E0,7.737500000E1
6.193177260E0,7.737500000E1
6.195802260E0,7.737500000E1
6.198426260E0,7.737500000E1
6.201051260E0,7.737500000E1
6.203675260E0,7.737500000E1
6.206300260E0,7.737500000E1
6.208924260E0,7.737500000E1
6.211549260E0,7.737500000E1
6.214173260E0,7.737500000E1
6.216798260E0,8.375000000E1
6.219422260E0,8.375000000E1
6.222047260E0,8.375000000E1
6.224671260E0,8.375000000E1
6.227296260E0,8.375000000E1
6.229920260E0,8.375000000E1
6.232545260E0,8.375000000E1
6.235169260E0,8.375000000E1
6.237794260E0,8.375000000E1
6.240418260E0,8.375000000E1
6.243043260E0,7.737500000E1
6.245667260E0,7.737500000E1
6.248292260E0,7.737500000E1
6.250916260E0,7.737500000E1
6.253541260E0,7.737500000E1
6.256165260E0,7.737500000E1
6.258790260E0,7.737500000E1
6.261414260E0,7.737500000E1
6.264039260E0,7.737500000E1
6.266663260E0,8.375000000E1
6.269288260E0,8.375000000E1
6.271912260E0,8.375000000E1
6.274537260E0,8.375000000E1
6.277161260E0,8.375000000E1
6.279786260E0,8.375000000E1
6.282411260E0,8.375000000E1
6.285035260E0,8.375000000E1
6.287660260E0,8.375000000E1
6.290284260E0,8.375000000E1
6.292909260E0,7.737500000E1
6.295533260E0,7.737500000E1
6.298158260E0,7.737500000E1
6.300782260E0,7.737500000E1
6.303407260E0,7.737500000E1
6.306031260E0,7.737500000E1
6.308656260E0,7.737500000E1
6.311280260E0,7.737500000E1
6.313905260E0,7.737500000E1
6.316529260E0,7.737500000E1
6.319154260E0,7.737500000E1
6.321778260E0,7.737500000E1
6.324403260E0,7.737500000E1
6.327027260E0,7.737500000E1
6.329652260E0,7.737500000E1
6.332276260E0,7.737500000E1
6.334901260E0,7.737500000E1
6.337525260E0,7.737500000E1
6.340150260E0,7.737500000E1
6.342774260E0,8.375000000E1
6.345399260E0,8.375000000E1
6.348023260E0,8.375000000E1
6.350648260E0,8.375000000E1
6.353272260E0,8.375000000E1
6.355897260E0,8.375000000E1
6.358521260E0,8.375000000E1
6.361146260E0,8.375000000E1
6.363770260E0,8.375000000E1
6.366395260E0,8.375000000E1
6.369019260E0,7.737500000E1
6.371644260E0,7.737500000E1
6.374268260E0,7.737500000E1
6.376893260E0,7.737500000E1
6.379517260E0,7.737500000E1
6.382142260E0,7.737500000E1
6.384766260E0,7.737500000E1
6.387391260E0,7.737500000E1
6.390015260E0,7.737500000E1
6.392640260E0,7.737500000E1
6.395265260E0,7.737500000E1
6.397889260E0,7.737500000E1
6.400514260E0,7.737500000E1
6.403138260E0,7.737500000E1
6.405763260E0,7.737500000E1
6.408387260E0,7.737500000E1
6.411012260E0,7.737500000E1
6.413636260E0,7.737500000E1
6.416261260E0,7.737500000E1
6.418885260E0,8.375000000E1
6.421510260E0,8.375000000E1
6.424134260E0,8.375000000E1
6.426759260E0,8.375000000E1
6.429383260E0,8.375000000E1
6.432008260E0,8.375000000E1
6.434632260E0,8.375000000E1
6.437257260E0,8.375000000E1
6.439881260E0,8.375000000E1
6.442506260E0,8.375000000E1
6.445130260E0,7.737500000E1
6.447755260E0,7.737500000E1
6.450379260E0,7.737500000E1
6.453004260E0,7.737500000E1
6.455628260E0,7.737500000E1
6.458253260E0,7.737500000E1
6.460877260E0,7.737500000E1
6.463502260E0,7.737500000E1
6.466126260E0,7.737500000E1
6.468751260E0,7.737500000E1
6.471375260E0,7.737500000E1
6.474000260E0,7.737500000E1
6.476624260E0,7.737500000E1
6.479249260E0,7.737500000E1
6.481873260E0,7.737500000E1
6.484498260E0,7.737500000E1
6.487122260E0,7.737500000E1
6.489747260E0,7.737500000E1
6.492371260E0,7.737500000E1
6.494996260E0,7.737500000E1
6.497620260E0,8.375000000E1
6.500245260E0,8.375000000E1
6.502869260E0,8.375000000E1
6.505494260E0,8.375000000E1
6.508119260E0,8.375000000E1
6.510743260E0,8.375000000E1
6.513368260E0,8.375000000E1
6.515992260E0,8.375000000E1
6.518617260E0,8.375000000E1
6.521241260E0,7.737500000E1
6.523866260E0,7.737500000E1
6.526490260E0,7.737500000E1
6.529115260E0,7.737500000E1
6.531739260E0,7.737500000E1
6.534364260E0,7.737500000E1
6.536988260E0,7.737500000E1
6.539613260E0,7.737500000E1
6.542237260E0,7.737500000E1
6.544862260E0,7.737500000E1
6.547486260E0,7.737500000E1
6.550111260E0,7.737500000E1
6.552735260E0,7.737500000E1
6.555360260E0,7.737500000E1
6.557984260E0,7.737500000E1
6.560609260E0,7.737500000E1
6.563233260E0,7.737500000E1
6.565858260E0,7.737500000E1
6.568482260E0,7.737500000E1
6.571107260E0,7.737500000E1
6.573731260E0,7.737500000E1
6.576356260E0,7.737500000E1
6.578980260E0,7.737500000E1
6.581605260E0,7.737500000E1
6.584229260E0,7.737500000E1
6.586854260E0,7.737500000E1
6.589478260E0,7.737500000E1
6.592103260E0,7.737500000E1
6.594727260E0,7.737500000E1
6.597352260E0,8.375000000E1
6.599976260E0,8.375000000E1
6.602601260E0,8.375000000E1
6.605225260E0,8.375000000E1
6.607850260E0,8.375000000E1
6.610474260E0,8.375000000E1
6.613099260E0,8.375000000E1
6.615723260E0,8.375000000E1
6.618348260E0,8.375000000E1
6.620973260E0,8.375000000E1
6.623597260E0,8.375000000E1
6.626222260E0,8.375000000E1
6.628846260E0,8.375000000E1
6.631471260E0,8.375000000E1
6.634095260E0,8.375000000E1
6.636720260E0,8.375000000E1
6.639344260E0,8.375000000E1
6.641969260E0,8.375000000E1
6.644593260E0,8.375000000E1
6.647218260E0,8.375000000E1
6.649842260E0,8.375000000E1
6.652467260E0,8.375000000E1
6.655091260E0,8.375000000E1
6.657716260E0,8.375000000E1
6.660340260E0,8.375000000E1
6.662965260E0,8.375000000E1
6.665589260E0,8.375000000E1
6.668214260E0,8.375000000E1
6.670838260E0,8.375000000E1
6.673463260E0,7.737500000E1
6.676087260E0,7.737500000E1
6.678712260E0,7.737500000E1
6.681336260E0,7.737500000E1
6.683961260E0,7.737500000E1
6.686585260E0,7.737500000E1
6.689210260E0,7.737500000E1
6.691834260E0,7.737500000E1
6.694459260E0,7.737500000E1
6.697083260E0,7.737500000E1
6.699708260E0,8.375000000E1
6.702332260E0,8.375000000E1
6.704957260E0,8.375000000E1
6.707581260E0,8.375000000E1
6.710206260E0,8.375000000E1
6.712830260E0,8.375000000E1
6.715455260E0,8.375000000E1
6.718079260E0,8.375000000E1
6.720704260E0,8.375000000E1
6.723328260E0,8.375000000E1
6.725953260E0,7.737500000E1
6.728577260E0,7.737500000E1
6.731202260E0,7.737500000E1
6.733827260E0,7.737500000E1
6.736451260E0,7.737500000E1
6.739076260E0,7.737500000E1
6.741700260E0,7.737500000E1
6.744325260E0,7.737500000E1
6.746949260E0,7.737500000E1
6.749574260E0,7.737500000E1
6.752198260E0,7.737500000E1
6.754823260E0,7.737500000E1
6.757447260E0,7.737500000E1
6.760072260E0,7.737500000E1
6.762696260E0,7.737500000E1
6.765321260E0,7.737500000E1
6.767945260E0,7.737500000E1
6.770570260E0,7.737500000E1
6.773194260E0,7.737500000E1
6.775819260E0,7.737500000E1
6.778443260E0,7.737500000E1
6.781068260E0,7.737500000E1
6.783692260E0,7.737500000E1
6.786317260E0,7.737500000E1
6.788941260E0,7.737500000E1
6.791566260E0,7.737500000E1
6.794190260E0,7.737500000E1
6.796815260E0,7.737500000E1
6.799439260E0,7.737500000E1
6.802064260E0,8.375000000E1
6.804688260E0,8.375000000E1
6.807313260E0,8.375000000E1
6.809937260E0,8.375000000E1
6.812562260E0,8.375000000E1
6.815186260E0,8.375000000E1
6.817811260E0,8.375000000E1
6.820435260E0,8.375000000E1
6.823060260E0,8.375000000E1
6.825684260E0,7.737500000E1
6.828309260E0,7.737500000E1
6.830933260E0,7.737500000E1
6.833558260E0,7.737500000E1
6.836182260E0,7.737500000E1
6.838807260E0,7.737500000E1
6.841432260E0,7.737500000E1
6.844056260E0,7.737500000E1
6.846681260E0,7.737500000E1
6.849305260E0,7.737500000E1
6.851930260E0,7.737500000E1
6.854554260E0,7.737500000E1
6.857179260E0,7.737500000E1
6.859803260E0,7.737500000E1
6.862428260E0,7.737500000E1
6.865052260E0,7.737500000E1
6.867677260E0,7.737500000E1
6.870301260E0,7.737500000E1
6.872926260E0,7.737500000E1
6.875550260E0,7.737500000E1
6.878175260E0,7.737500000E1
6.880799260E0,7.737500000E1
6.883424260E0,7.737500000E1
6.886048260E0,7.737500000E1
6.888673260E0,7.737500000E1
6.891297260E0,7.737500000E1
6.893922260E0,7.737500000E1
6.896546260E0,7.737500000E1
6.899171260E0,7.737500000E1
6.901795260E0,7.737500000E1
6.904420260E0,7.737500000E1
6.907044260E0,7.737500000E1
6.909669260E0,7.737500000E1
6.912293260E0,7.737500000E1
6.914918260E0,7.737500000E1
6.917542260E0,7.737500000E1
6.920167260E0,7.737500000E1
6.922791260E0,7.737500000E1
6.925416260E0,7.737500000E1
6.928040260E0,7.737500000E1
6.930665260E0,7.737500000E1
6.933289260E0,7.737500000E1
6.935914260E0,7.737500000E1
6.938538260E0,7.737500000E1
6.941163260E0,7.737500000E1
6.943787260E0,7.737500000E1
6.946412260E0,7.737500000E1
6.949036260E0,7.737500000E1
6.951661260E0,7.737500000E1
6.954286260E0,8.375000000E1
6.956910260E0,8.375000000E1
6.959535260E0,8.375000000E1
6.962159260E0,8.375000000E1
6.964784260E0,8.375000000E1
6.967408260E0,8.375000000E1
6.970033260E0,8.375000000E1
6.972657260E0,8.375000000E1
6.975282260E0,8.375000000E1
6.977906260E0,8.375000000E1
6.980531260E0,7.737500000E1
6.983155260E0,7.737500000E1
6.985780260E0,7.737500000E1
6.988404260E0,7.737500000E1
6.991029260E0,7.737500000E1
6.993653260E0,7.737500000E1
6.996278260E0,7.737500000E1
6.998902260E0,7.737500000E1
7.001527260E0,7.737500000E1
7.004151260E0,7.737500000E1
7.006776260E0,7.737500000E1
7.009400260E0,7.737500000E1
7.012025260E0,7.737500000E1
7.014649260E0,7.737500000E1
7.017274260E0,7.737500000E1
7.019898260E0,7.737500000E1
7.022523260E0,7.737500000E1
7.025147260E0,7.737500000E1
7.027772260E0,7.737500000E1
7.030396260E0,8.375000000E1
7.033021260E0,8.375000000E1
7.035645260E0,8.375000000E1
7.038270260E0,8.375000000E1
7.040894260E0,8.375000000E1
7.043519260E0,8.375000000E1
7.046143260E0,8.375000000E1
7.048768260E0,8.375000000E1
7.051392260E0,8.375000000E1
7.054017260E0,8.375000000E1
7.056641260E0,7.737500000E1
7.059266260E0,7.737500000E1
7.061890260E0,7.737500000E1
7.064515260E0,7.737500000E1
7.067140260E0,7.737500000E1
7.069764260E0,7.737500000E1
7.072389260E0,7.737500000E1
7.075013260E0,7.737500000E1
7.077638260E0,7.737500000E1
7.080262260E0,7.737500000E1
7.082887260E0,7.737500000E1
7.085511260E0,7.737500000E1
7.088136260E0,7.737500000E1
7.090760260E0,7.737500000E1
7.093385260E0,7.737500000E1
7.096009260E0,7.737500000E1
7.098634260E0,7.737500000E1
7.101258260E0,7.737500000E1
7.103883260E0,7.737500000E1
7.106507260E0,7.737500000E1
7.109132260E0,7.737500000E1
7.111756260E0,7.737500000E1
7.114381260E0,7.737500000E1
7.117005260E0,7.737500000E1
7.119630260E0,7.737500000E1
7.122254260E0,7.737500000E1
7.124879260E0,7.737500000E1
7.127503260E0,7.737500000E1
7.130128260E0,7.737500000E1
7.132752260E0,7.737500000E1
7.135377260E0,7.737500000E1
7.138001260E0,7.737500000E1
7.140626260E0,7.737500000E1
7.143250260E0,7.737500000E1
7.145875260E0,7.737500000E1
7.148499260E0,7.737500000E1
7.151124260E0,7.737500000E1
7.153748260E0,7.737500000E1
7.156373260E0,7.737500000E1
7.158997260E0,7.737500000E1
7.161622260E0,7.737500000E1
7.164246260E0,7.737500000E1
7.166871260E0,7.737500000E1
7.169495260E0,7.737500000E1
7.172120260E0,7.737500000E1
7.174744260E0,7.737500000E1
7.177369260E0,7.737500000E1
7.179994260E0,7.737500000E1
7.182618260E0,7.737500000E1
7.185243260E0,7.737500000E1
7.187867260E0,7.737500000E1
7.190492260E0,7.737500000E1
7.193116260E0,7.737500000E1
7.195741260E0,7.737500000E1
7.198365260E0,7.737500000E1
7.200990260E0,7.737500000E1
7.203614260E0,7.737500000E1
7.206239260E0,7.737500000E1
7.208863260E0,8.375000000E1
7.211488260E0,8.375000000E1
7.214112260E0,8.375000000E1
7.216737260E0,8.375000000E1
7.219361260E0,8.375000000E1
7.221986260E0,8.375000000E1
7.224610260E0,8.375000000E1
7.227235260E0,8.375000000E1
7.229859260E0,8.375000000E1
7.232484260E0,8.375000000E1
7.235108260E0,7.737500000E1
7.237733260E0,7.737500000E1
7.240357260E0,7.737500000E1
7.242982260E0,7.737500000E1
7.245606260E0,7.737500000E1
7.248231260E0,7.737500000E1
7.250855260E0,7.737500000E1
7.253480260E0,7.737500000E1
7.256104260E0,7.737500000E1
7.258729260E0,7.737500000E1
7.261353260E0,7.737500000E1
7.263978260E0,7.737500000E1
7.266602260E0,7.737500000E1
7.269227260E0,7.737500000E1
7.271851260E0,7.737500000E1
7.274476260E0,7.737500000E1
7.277100260E0,7.737500000E1
7.279725260E0,7.737500000E1
7.282349260E0,7.737500000E1
7.284974260E0,8.375000000E1
7.287598260E0,8.375000000E1
7.290223260E0,8.375000000E1
7.292848260E0,8.375000000E1
7.295472260E0,8.375000000E1
7.298097260E0,8.375000000E1
7.300721260E0,8.375000000E1
7.303346260E0,8.375000000E1
7.305970260E0,8.375000000E1
7.308595260E0,8.375000000E1
7.311219260E0,7.737500000E1
7.313844260E0,7.737500000E1
7.316468260E0,7.737500000E1
7.319093260E0,7.737500000E1
7.321717260E0,7.737500000E1
7.324342260E0,7.737500000E1
7.326966260E0,7.737500000E1
7.329591260E0,7.737500000E1
7.332215260E0,7.737500000E1
7.334840260E0,7.737500000E1
7.337464260E0,7.737500000E1
7.340089260E0,7.737500000E1
7.342713260E0,7.737500000E1
7.345338260E0,7.737500000E1
7.347962260E0,7.737500000E1
7.350587260E0,7.737500000E1
7.353211260E0,7.737500000E1
7.355836260E0,7.737500000E1
7.358460260E0,7.737500000E1
7.361085260E0,7.737500000E1
7.363709260E0,7.737500000E1
7.366334260E0,7.737500000E1
7.368958260E0,7.737500000E1
7.371583260E0,7.737500000E1
7.374207260E0,7.737500000E1
7.376832260E0,7.737500000E1
7.379456260E0,7.737500000E1
7.382081260E0,7.737500000E1
7.384705260E0,7.737500000E1
7.387330260E0,7.737500000E1
7.389954260E0,7.737500000E1
7.392579260E0,7.737500000E1
7.395203260E0,7.737500000E1
7.397828260E0,7.737500000E1
7.400452260E0,7.737500000E1
7.403077260E0,7.737500000E1
7.405702260E0,7.737500000E1
7.408326260E0,7.737500000E1
7.410951260E0,7.737500000E1
7.413575260E0,8.375000000E1
7.416200260E0,8.375000000E1
7.418824260E0,8.375000000E1
7.421449260E0,8.375000000E1
7.424073260E0,8.375000000E1
7.426698260E0,8.375000000E1
7.429322260E0,8.375000000E1
7.431947260E0,8.375000000E1
7.434571260E0,8.375000000E1
7.437196260E0,8.375000000E1
7.439820260E0,7.737500000E1
7.442445260E0,7.737500000E1
7.445069260E0,7.737500000E1
7.447694260E0,7.737500000E1
7.450318260E0,7.737500000E1
7.452943260E0,7.737500000E1
7.455567260E0,7.737500000E1
7.458192260E0,7.737500000E1
7.460816260E0,7.737500000E1
7.463441260E0,8.375000000E1
7.466065260E0,8.375000000E1
7.468690260E0,8.375000000E1
7.471314260E0,8.375000000E1
7.473939260E0,8.375000000E1
7.476563260E0,8.375000000E1
7.479188260E0,8.375000000E1
7.481812260E0,8.375000000E1
7.484437260E0,8.375000000E1
7.487061260E0,8.375000000E1
7.489686260E0,7.737500000E1
7.492310260E0,7.737500000E1
7.494935260E0,7.737500000E1
7.497559260E0,7.737500000E1
7.500184260E0,7.737500000E1
7.502808260E0,7.737500000E1
7.505433260E0,7.737500000E1
7.508057260E0,7.737500000E1
7.510682260E0,7.737500000E1
7.513307260E0,7.737500000E1
7.515931260E0,7.737500000E1
7.518556260E0,7.737500000E1
7.521180260E0,7.737500000E1
7.523805260E0,7.737500000E1
7.526429260E0,7.737500000E1
7.529054260E0,7.737500000E1
7.531678260E0,7.737500000E1
7.534303260E0,7.737500000E1
7.536927260E0,7.737500000E1
7.539552260E0,7.737500000E1
7.542176260E0,7.737500000E1
7.544801260E0,7.737500000E1
7.547425260E0,7.737500000E1
7.550050260E0,7.737500000E1
7.552674260E0,7.737500000E1
7.555299260E0,7.737500000E1
7.557923260E0,7.737500000E1
7.560548260E0,7.737500000E1
7.563172260E0,7.737500000E1
7.565797260E0,8.375000000E1
7.568421260E0,8.375000000E1
7.571046260E0,8.375000000E1
7.573670260E0,8.375000000E1
7.576295260E0,8.375000000E1
7.578919260E0,8.375000000E1
7.581544260E0,8.375000000E1
7.584168260E0,8.375000000E1
7.586793260E0,8.375000000E1
7.589417260E0,8.375000000E1
7.592042260E0,8.375000000E1
7.594666260E0,8.375000000E1
7.597291260E0,8.375000000E1
7.599915260E0,8.375000000E1
7.602540260E0,8.375000000E1
7.605164260E0,8.375000000E1
7.607789260E0,8.375000000E1
7.610413260E0,8.375000000E1
7.613038260E0,8.375000000E1
7.615662260E0,7.737500000E1
7.618287260E0,7.737500000E1
7.620911260E0,7.737500000E1
7.623536260E0,7.737500000E1
7.626161260E0,7.737500000E1
7.628785260E0,7.737500000E1
7.631410260E0,7.737500000E1
7.634034260E0,7.737500000E1
7.636659260E0,7.737500000E1
7.639283260E0,7.737500000E1
7.641908260E0,7.737500000E1
7.644532260E0,7.737500000E1
7.647157260E0,7.737500000E1
7.649781260E0,7.737500000E1
7.652406260E0,7.737500000E1
7.655030260E0,7.737500000E1
7.657655260E0,7.737500000E1
7.660279260E0,7.737500000E1
7.662904260E0,7.737500000E1
7.665528260E0,8.375000000E1
7.668153260E0,8.375000000E1
7.670777260E0,8.375000000E1
7.673402260E0,8.375000000E1
7.676026260E0,8.375000000E1
7.678651260E0,8.375000000E1
7.681275260E0,8.375000000E1
7.683900260E0,8.375000000E1
7.686524260E0,8.375000000E1
7.689149260E0,8.375000000E1
7.691773260E0,8.375000000E1
7.694398260E0,8.375000000E1
7.697022260E0,8.375000000E1
7.699647260E0,8.375000000E1
7.702271260E0,8.375000000E1
7.704896260E0,8.375000000E1
7.707520260E0,8.375000000E1
7.710145260E0,8.375000000E1
7.712769260E0,8.375000000E1
7.715394260E0,8.375000000E1
7.718018260E0,7.737500000E1
7.720643260E0,7.737500000E1
7.723267260E0,7.737500000E1
7.725892260E0,7.737500000E1
7.728516260E0,7.737500000E1
7.731141260E0,7.737500000E1
7.733765260E0,7.737500000E1
7.736390260E0,7.737500000E1
7.739015260E0,7.737500000E1
7.741639260E0,7.737500000E1
7.744264260E0,7.737500000E1
7.746888260E0,7.737500000E1
7.749513260E0,7.737500000E1
7.752137260E0,7.737500000E1
7.754762260E0,7.737500000E1
7.757386260E0,7.737500000E1
7.760011260E0,7.737500000E1
7.762635260E0,7.737500000E1
7.765260260E0,7.737500000E1
7.767884260E0,7.737500000E1
7.770509260E0,7.737500000E1
7.773133260E0,7.737500000E1
7.775758260E0,7.737500000E1
7.778382260E0,7.737500000E1
7.781007260E0,7.737500000E1
7.783631260E0,7.737500000E1
7.786256260E0,7.737500000E1
7.788880260E0,7.737500000E1
7.791505260E0,7.737500000E1
7.794129260E0,7.737500000E1
7.796754260E0,7.737500000E1
7.799378260E0,7.737500000E1
7.802003260E0,7.737500000E1
7.804627260E0,7.737500000E1
7.807252260E0,7.737500000E1
7.809876260E0,7.737500000E1
7.812501260E0,7.737500000E1
7.815125260E0,7.737500000E1
7.817750260E0,7.737500000E1
7.820374260E0,8.375000000E1
7.822999260E0,8.375000000E1
7.825623260E0,8.375000000E1
7.828248260E0,8.375000000E1
7.830872260E0,8.375000000E1
7.833497260E0,8.375000000E1
7.836121260E0,8.375000000E1
7.838746260E0,8.375000000E1
7.841370260E0,8.375000000E1
7.843995260E0,7.737500000E1
7.846619260E0,7.737500000E1
7.849244260E0,7.737500000E1
7.851869260E0,7.737500000E1
7.854493260E0,7.737500000E1
7.857118260E0,7.737500000E1
7.859742260E0,7.737500000E1
7.862367260E0,7.737500000E1
7.864991260E0,7.737500000E1
7.867616260E0,7.737500000E1
7.870240260E0,7.737500000E1
7.872865260E0,7.737500000E1
7.875489260E0,7.737500000E1
7.878114260E0,7.737500000E1
7.880738260E0,7.737500000E1
7.883363260E0,7.737500000E1
7.885987260E0,7.737500000E1
7.888612260E0,7.737500000E1
7.891236260E0,7.737500000E1
7.893861260E0,7.737500000E1
7.896485260E0,7.737500000E1
7.899110260E0,7.737500000E1
7.901734260E0,7.737500000E1
7.904359260E0,7.737500000E1
7.906983260E0,7.737500000E1
7.909608260E0,7.737500000E1
7.912232260E0,7.737500000E1
7.914857260E0,7.737500000E1
7.917481260E0,7.737500000E1
7.920106260E0,7.737500000E1
7.922730260E0,7.737500000E1
7.925355260E0,7.737500000E1
7.927979260E0,7.737500000E1
7.930604260E0,7.737500000E1
7.933228260E0,7.737500000E1
7.935853260E0,7.737500000E1
7.938477260E0,7.737500000E1
7.941102260E0,7.737500000E1
7.943726260E0,7.737500000E1
7.946351260E0,7.737500000E1
7.948975260E0,7.737500000E1
7.951600260E0,7.737500000E1
7.954224260E0,7.737500000E1
7.956849260E0,7.737500000E1
7.959473260E0,7.737500000E1
7.962098260E0,7.737500000E1
7.964723260E0,7.737500000E1
7.967347260E0,7.737500000E1
7.969972260E0,7.737500000E1
7.972596260E0,8.375000000E1
7.975221260E0,8.375000000E1
7.977845260E0,8.375000000E1
7.980470260E0,8.375000000E1
7.983094260E0,8.375000000E1
7.985719260E0,8.375000000E1
7.988343260E0,8.375000000E1
7.990968260E0,8.375000000E1
7.993592260E0,8.375000000E1
7.996217260E0,8.375000000E1
7.998841260E0,7.737500000E1
8.001466260E0,7.737500000E1
8.004090260E0,7.737500000E1
8.006715260E0,7.737500000E1
8.009339260E0,7.737500000E1
8.011964260E0,7.737500000E1
8.014588260E0,7.737500000E1
8.017213260E0,7.737500000E1
8.019837260E0,7.737500000E1
8.022462260E0,7.737500000E1
8.025086260E0,7.737500000E1
8.027711260E0,7.737500000E1
8.030335260E0,7.737500000E1
8.032960260E0,7.737500000E1
8.035584260E0,7.737500000E1
8.038209260E0,7.737500000E1
8.040833260E0,7.737500000E1
8.043458260E0,7.737500000E1
8.046082260E0,7.737500000E1
8.048707260E0,8.375000000E1
8.051331260E0,8.375000000E1
8.053956260E0,8.375000000E1
8.056580260E0,8.375000000E1
8.059205260E0,8.375000000E1
8.061829260E0,8.375000000E1
8.064454260E0,8.375000000E1
8.067078260E0,8.375000000E1
8.069703260E0,8.375000000E1
8.072327260E0,8.375000000E1
8.074952260E0,7.737500000E1
8.077577260E0,7.737500000E1
8.080201260E0,7.737500000E1
8.082826260E0,7.737500000E1
8.085450260E0,7.737500000E1
8.088075260E0,7.737500000E1
8.090699260E0,7.737500000E1
8.093324260E0,7.737500000E1
8.095948260E0,7.737500000E1
8.098573260E0,7.737500000E1
8.101197260E0,8.375000000E1
8.103822260E0,8.375000000E1
8.106446260E0,8.375000000E1
8.109071260E0,8.375000000E1
8.111695260E0,8.375000000E1
8.114320260E0,8.375000000E1
8.116944260E0,8.375000000E1
8.119569260E0,8.375000000E1
8.122193260E0,8.375000000E1
8.124818260E0,7.737500000E1
8.127442260E0,7.737500000E1
8.130067260E0,7.737500000E1
8.132691260E0,7.737500000E1
8.135316260E0,7.737500000E1
8.137940260E0,7.737500000E1
8.140565260E0,7.737500000E1
8.143189260E0,7.737500000E1
8.145814260E0,7.737500000E1
8.148438260E0,7.737500000E1
8.151063260E0,7.737500000E1
8.153687260E0,7.737500000E1
8.156312260E0,7.737500000E1
8.158936260E0,7.737500000E1
8.161561260E0,7.737500000E1
8.164185260E0,7.737500000E1
8.166810260E0,7.737500000E1
8.169434260E0,7.737500000E1
8.172059260E0,7.737500000E1
8.174683260E0,7.737500000E1
8.177308260E0,8.375000000E1
8.179932260E0,8.375000000E1
8.182557260E0,8.375000000E1
8.185182260E0,8.375000000E1
8.187806260E0,8.375000000E1
8.190431260E0,8.375000000E1
8.193055260E0,8.375000000E1
8.195680260E0,8.375000000E1
8.198304260E0,8.375000000E1
8.200929260E0,8.375000000E1
8.203553260E0,8.375000000E1
8.206178260E0,8.375000000E1
8.208802260E0,8.375000000E1
8.211427260E0,8.375000000E1
8.214051260E0,8.375000000E1
8.216676260E0,8.375000000E1
8.219300260E0,8.375000000E1
8.221925260E0,8.375000000E1
8.224549260E0,8.375000000E1
8.227174260E0,7.737500000E1
8.229798260E0,7.737500000E1
8.232423260E0,7.737500000E1
8.235047260E0,7.737500000E1
8.237672260E0,7.737500000E1
8.240296260E0,7.737500000E1
8.242921260E0,7.737500000E1
8.245545260E0,7.737500000E1
8.248170260E0,7.737500000E1
8.250794260E0,7.737500000E1
8.253419260E0,8.375000000E1
8.256043260E0,8.375000000E1
8.258668260E0,8.375000000E1
8.261292260E0,8.375000000E1
8.263917260E0,8.375000000E1
8.266541260E0,8.375000000E1
8.269166260E0,8.375000000E1
8.271790260E0,8.375000000E1
8.274415260E0,8.375000000E1
8.277039260E0,8.375000000E1
8.279664260E0,8.375000000E1
8.282288260E0,8.375000000E1
8.284913260E0,8.375000000E1
8.287537260E0,8.375000000E1
8.290162260E0,8.375000000E1
8.292786260E0,8.375000000E1
8.295411260E0,8.375000000E1
8.298036260E0,8.375000000E1
8.300660260E0,8.375000000E1
8.303285260E0,7.737500000E1
8.305909260E0,7.737500000E1
8.308534260E0,7.737500000E1
8.311158260E0,7.737500000E1
8.313783260E0,7.737500000E1
8.316407260E0,7.737500000E1
8.319032260E0,7.737500000E1
8.321656260E0,7.737500000E1
8.324281260E0,7.737500000E1
8.326905260E0,7.737500000E1
8.329530260E0,7.737500000E1
8.332154260E0,7.737500000E1
8.334779260E0,7.737500000E1
8.337403260E0,7.737500000E1
8.340028260E0,7.737500000E1
8.342652260E0,7.737500000E1
8.345277260E0,7.737500000E1
8.347901260E0,7.737500000E1
8.350526260E0,7.737500000E1
8.353150260E0,7.737500000E1
8.355775260E0,7.737500000E1
8.358399260E0,7.737500000E1
8.361024260E0,7.737500000E1
8.363648260E0,7.737500000E1
8.366273260E0,7.737500000E1
8.368897260E0,7.737500000E1
8.371522260E0,7.737500000E1
8.374146260E0,7.737500000E1
8.376771260E0,7.737500000E1
8.379395260E0,8.375000000E1
8.382020260E0,8.375000000E1
8.384644260E0,8.375000000E1
8.387269260E0,8.375000000E1
8.389893260E0,8.375000000E1
8.392518260E0,8.375000000E1
8.395142260E0,8.375000000E1
8.397767260E0,8.375000000E1
8.400391260E0,8.375000000E1
8.403016260E0,8.375000000E1
8.405640260E0,7.737500000E1
8.408265260E0,7.737500000E1
8.410890260E0,7.737500000E1
8.413514260E0,7.737500000E1
8.416139260E0,7.737500000E1
8.418763260E0,7.737500000E1
8.421388260E0,7.737500000E1
8.424012260E0,7.737500000E1
8.426637260E0,7.737500000E1
8.429261260E0,7.737500000E1
8.431886260E0,8.375000000E1
8.434510260E0,8.375000000E1
8.437135260E0,8.375000000E1
8.439759260E0,8.375000000E1
8.442384260E0,8.375000000E1
8.445008260E0,8.375000000E1
8.447633260E0,8.375000000E1
8.450257260E0,8.375000000E1
8.452882260E0,8.375000000E1
8.455506260E0,8.375000000E1
8.458131260E0,7.737500000E1
8.460755260E0,7.737500000E1
8.463380260E0,7.737500000E1
8.466004260E0,7.737500000E1
8.468629260E0,7.737500000E1
8.471253260E0,7.737500000E1
8.473878260E0,7.737500000E1
8.476502260E0,7.737500000E1
8.479127260E0,7.737500000E1
8.481751260E0,7.737500000E1
8.484376260E0,7.737500000E1
8.487000260E0,7.737500000E1
8.489625260E0,7.737500000E1
8.492249260E0,7.737500000E1
8.494874260E0,7.737500000E1
8.497498260E0,7.737500000E1
8.500123260E0,7.737500000E1
8.502747260E0,7.737500000E1
8.505372260E0,7.737500000E1
8.507996260E0,7.737500000E1
8.510621260E0,7.737500000E1
8.513245260E0,7.737500000E1
8.515870260E0,7.737500000E1
8.518494260E0,7.737500000E1
8.521119260E0,7.737500000E1
8.523744260E0,7.737500000E1
8.526368260E0,7.737500000E1
8.528993260E0,7.737500000E1
8.531617260E0,7.737500000E1
8.534242260E0,8.375000000E1
8.536866260E0,8.375000000E1
8.539491260E0,8.375000000E1
8.542115260E0,8.375000000E1
8.544740260E0,8.375000000E1
8.547364260E0,8.375000000E1
8.549989260E0,8.375000000E1
8.552613260E0,8.375000000E1
8.555238260E0,8.375000000E1
8.557862260E0,8.375000000E1
8.560487260E0,8.375000000E1
8.563111260E0,8.375000000E1
8.565736260E0,8.375000000E1
8.568360260E0,8.375000000E1
8.570985260E0,8.375000000E1
8.573609260E0,8.375000000E1
8.576234260E0,8.375000000E1
8.578858260E0,8.375000000E1
8.581483260E0,8.375000000E1
8.584107260E0,7.737500000E1
8.586732260E0,7.737500000E1
8.589356260E0,7.737500000E1
8.591981260E0,7.737500000E1
8.594605260E0,7.737500000E1
8.597230260E0,7.737500000E1
8.599854260E0,7.737500000E1
8.602479260E0,7.737500000E1
8.605103260E0,7.737500000E1
8.607728260E0,7.737500000E1
8.610352260E0,7.737500000E1
8.612977260E0,7.737500000E1
8.615601260E0,7.737500000E1
8.618226260E0,7.737500000E1
8.620850260E0,7.737500000E1
8.623475260E0,7.737500000E1
8.626099260E0,7.737500000E1
8.628724260E0,7.737500000E1
8.631348260E0,7.737500000E1
8.633973260E0,7.737500000E1
8.636598260E0,7.737500000E1
8.639222260E0,7.737500000E1
8.641847260E0,7.737500000E1
8.644471260E0,7.737500000E1
8.647096260E0,7.737500000E1
8.649720260E0,7.737500000E1
8.652345260E0,7.737500000E1
8.654969260E0,7.737500000E1
8.657594260E0,7.737500000E1
8.660218260E0,7.737500000E1
8.662843260E0,7.737500000E1
8.665467260E0,7.737500000E1
8.668092260E0,7.737500000E1
8.670716260E0,7.737500000E1
8.673341260E0,7.737500000E1
8.675965260E0,7.737500000E1
8.678590260E0,7.737500000E1
8.681214260E0,7.737500000E1
8.683839260E0,8.375000000E1
8.686463260E0,8.375000000E1
8.689088260E0,8.375000000E1
8.691712260E0,8.375000000E1
8.694337260E0,8.375000000E1
8.696961260E0,8.375000000E1
8.699586260E0,8.375000000E1
8.702210260E0,8.375000000E1
8.704835260E0,8.375000000E1
8.707459260E0,8.375000000E1
8.710084260E0,8.375000000E1
8.712708260E0,7.737500000E1
8.715333260E0,7.737500000E1
8.717957260E0,7.737500000E1
8.720582260E0,7.737500000E1
8.723206260E0,7.737500000E1
8.725831260E0,7.737500000E1
8.728455260E0,7.737500000E1
8.731080260E0,7.737500000E1
8.733704260E0,7.737500000E1
8.736329260E0,7.737500000E1
8.738953260E0,7.737500000E1
8.741578260E0,7.737500000E1
8.744202260E0,7.737500000E1
8.746827260E0,7.737500000E1
8.749452260E0,7.737500000E1
8.752076260E0,7.737500000E1
8.754701260E0,7.737500000E1
8.757325260E0,7.737500000E1
8.759950260E0,7.737500000E1
8.762574260E0,7.737500000E1
8.765199260E0,7.737500000E1
8.767823260E0,7.737500000E1
8.770448260E0,7.737500000E1
8.773072260E0,7.737500000E1
8.775697260E0,7.737500000E1
8.778321260E0,7.737500000E1
8.780946260E0,7.737500000E1
8.783570260E0,7.737500000E1
8.786195260E0,7.737500000E1
8.788819260E0,7.737500000E1
8.791444260E0,7.737500000E1
8.794068260E0,7.737500000E1
8.796693260E0,7.737500000E1
8.799317260E0,7.737500000E1
8.801942260E0,7.737500000E1
8.804566260E0,7.737500000E1
8.807191260E0,7.737500000E1
8.809815260E0,7.737500000E1
8.812440260E0,7.737500000E1
8.815064260E0,7.737500000E1
8.817689260E0,7.737500000E1
8.820313260E0,7.737500000E1
8.822938260E0,7.737500000E1
8.825562260E0,7.737500000E1
8.828187260E0,7.737500000E1
8.830811260E0,7.737500000E1
8.833436260E0,7.737500000E1
8.836060260E0,7.737500000E1
8.838685260E0,7.737500000E1
8.841309260E0,7.737500000E1
8.843934260E0,7.737500000E1
8.846558260E0,7.737500000E1
8.849183260E0,7.737500000E1
8.851807260E0,7.737500000E1
8.854432260E0,7.737500000E1
8.857057260E0,7.737500000E1
8.859681260E0,7.737500000E1
8.862306260E0,7.737500000E1
8.864930260E0,7.737500000E1
8.867555260E0,7.737500000E1
8.870179260E0,7.737500000E1
8.872804260E0,7.737500000E1
8.875428260E0,7.737500000E1
8.878053260E0,7.737500000E1
8.880677260E0,7.737500000E1
8.883302260E0,7.737500000E1
8.885926260E0,7.737500000E1
8.888551260E0,7.737500000E1
8.891175260E0,7.737500000E1
8.893800260E0,7.737500000E1
8.896424260E0,7.737500000E1
8.899049260E0,7.737500000E1
8.901673260E0,7.737500000E1
8.904298260E0,7.737500000E1
8.906922260E0,7.737500000E1
8.909547260E0,7.737500000E1
8.912171260E0,7.737500000E1
8.914796260E0,7.737500000E1
8.917420260E0,7.737500000E1
8.920045260E0,7.737500000E1
8.922669260E0,7.737500000E1
8.925294260E0,7.737500000E1
8.927918260E0,7.737500000E1
8.930543260E0,7.737500000E1
8.933167260E0,7.737500000E1
8.935792260E0,7.737500000E1
8.938416260E0,7.737500000E1
8.941041260E0,7.737500000E1
8.943665260E0,7.737500000E1
8.946290260E0,7.737500000E1
8.948914260E0,7.737500000E1
8.951539260E0,7.737500000E1
8.954163260E0,7.737500000E1
8.956788260E0,7.737500000E1
8.959412260E0,7.737500000E1
8.962037260E0,7.737500000E1
8.964661260E0,7.737500000E1
8.967286260E0,7.737500000E1
8.969911260E0,7.737500000E1
8.972535260E0,7.737500000E1
8.975160260E0,7.737500000E1
8.977784260E0,7.737500000E1
8.980409260E0,7.737500000E1
8.983033260E0,7.737500000E1
8.985658260E0,7.737500000E1
8.988282260E0,7.737500000E1
8.990907260E0,8.375000000E1
8.993531260E0,8.375000000E1
8.996156260E0,8.375000000E1
8.998780260E0,8.375000000E1
9.001405260E0,8.375000000E1
9.004029260E0,8.375000000E1
9.006654260E0,8.375000000E1
9.009278260E0,8.375000000E1
9.011903260E0,8.375000000E1
9.014527260E0,8.375000000E1
9.017152260E0,7.737500000E1
9.019776260E0,7.737500000E1
9.022401260E0,7.737500000E1
9.025025260E0,7.737500000E1
9.027650260E0,7.737500000E1
9.030274260E0,7.737500000E1
9.032899260E0,7.737500000E1
9.035523260E0,7.737500000E1
9.038148260E0,7.737500000E1
9.040772260E0,7.737500000E1
9.043397260E0,7.737500000E1
9.046021260E0,7.737500000E1
9.048646260E0,7.737500000E1
9.051270260E0,7.737500000E1
9.053895260E0,7.737500000E1
9.056519260E0,7.737500000E1
9.059144260E0,7.737500000E1
9.061768260E0,7.737500000E1
9.064393260E0,7.737500000E1
9.067017260E0,7.737500000E1
9.069642260E0,7.737500000E1
9.072266260E0,7.737500000E1
9.074891260E0,7.737500000E1
9.077515260E0,7.737500000E1
9.080140260E0,7.737500000E1
9.082765260E0,7.737500000E1
9.085389260E0,7.737500000E1
9.088014260E0,7.737500000E1
9.090638260E0,7.737500000E1
9.093263260E0,7.737500000E1
9.095887260E0,7.737500000E1
9.098512260E0,7.737500000E1
9.101136260E0,7.737500000E1
9.103761260E0,7.737500000E1
9.106385260E0,7.737500000E1
9.109010260E0,7.737500000E1
9.111634260E0,7.737500000E1
9.114259260E0,7.737500000E1
9.116883260E0,7.737500000E1
9.119508260E0,7.737500000E1
9.122132260E0,7.737500000E1
9.124757260E0,7.737500000E1
9.127381260E0,7.737500000E1
9.130006260E0,7.737500000E1
9.132630260E0,7.737500000E1
9.135255260E0,7.737500000E1
9.137879260E0,7.737500000E1
9.140504260E0,7.737500000E1
9.143128260E0,7.737500000E1
9.145753260E0,7.737500000E1
9.148377260E0,7.737500000E1
9.151002260E0,7.737500000E1
9.153626260E0,7.737500000E1
9.156251260E0,7.737500000E1
9.158875260E0,7.737500000E1
9.161500260E0,7.737500000E1
9.164124260E0,7.737500000E1
9.166749260E0,7.737500000E1
9.169373260E0,8.375000000E1
9.171998260E0,8.375000000E1
9.174622260E0,8.375000000E1
9.177247260E0,8.375000000E1
9.179871260E0,8.375000000E1
9.182496260E0,8.375000000E1
9.185120260E0,8.375000000E1
9.187745260E0,8.375000000E1
9.190369260E0,8.375000000E1
9.192994260E0,8.375000000E1
9.195619260E0,8.375000000E1
9.198243260E0,8.375000000E1
9.200868260E0,8.375000000E1
9.203492260E0,8.375000000E1
9.206117260E0,8.375000000E1
9.208741260E0,8.375000000E1
9.211366260E0,8.375000000E1
9.213990260E0,8.375000000E1
9.216615260E0,8.375000000E1
9.219239260E0,8.375000000E1
9.221864260E0,8.375000000E1
9.224488260E0,8.375000000E1
9.227113260E0,8.375000000E1
9.229737260E0,8.375000000E1
9.232362260E0,8.375000000E1
9.234986260E0,8.375000000E1
9.237611260E0,8.375000000E1
9.240235260E0,8.375000000E1
9.242860260E0,8.375000000E1
9.245484260E0,8.375000000E1
9.248109260E0,8.375000000E1
9.250733260E0,8.375000000E1
9.253358260E0,8.375000000E1
9.255982260E0,8.375000000E1
9.258607260E0,8.375000000E1
9.261231260E0,8.375000000E1
9.263856260E0,8.375000000E1
9.266480260E0,8.375000000E1
9.269105260E0,8.375000000E1
9.271729260E0,8.375000000E1
9.274354260E0,8.375000000E1
9.276978260E0,8.375000000E1
9.279603260E0,8.375000000E1
9.282227260E0,8.375000000E1
9.284852260E0,8.375000000E1
9.287476260E0,8.375000000E1
9.290101260E0,8.375000000E1
9.292725260E0,8.375000000E1
9.295350260E0,8.375000000E1
9.297974260E0,7.737500000E1
9.300599260E0,7.737500000E1
9.303223260E0,7.737500000E1
9.305848260E0,7.737500000E1
9.308473260E0,7.737500000E1
9.311097260E0,7.737500000E1
9.313722260E0,7.737500000E1
9.316346260E0,7.737500000E1
9.318971260E0,7.737500000E1
9.321595260E0,7.737500000E1
9.324220260E0,7.737500000E1
9.326844260E0,7.737500000E1
9.329469260E0,7.737500000E1
9.332093260E0,7.737500000E1
9.334718260E0,7.737500000E1
9.337342260E0,7.737500000E1
9.339967260E0,7.737500000E1
9.342591260E0,7.737500000E1
9.345216260E0,7.737500000E1
9.347840260E0,7.737500000E1
9.350465260E0,7.737500000E1
9.353089260E0,7.737500000E1
9.355714260E0,7.737500000E1
9.358338260E0,7.737500000E1
9.360963260E0,7.737500000E1
9.363587260E0,7.737500000E1
9.366212260E0,7.737500000E1
9.368836260E0,7.737500000E1
9.371461260E0,7.737500000E1
9.374085260E0,7.737500000E1
9.376710260E0,7.737500000E1
9.379334260E0,7.737500000E1
9.381959260E0,7.737500000E1
9.384583260E0,7.737500000E1
9.387208260E0,7.737500000E1
9.389832260E0,7.737500000E1
9.392457260E0,7.737500000E1
9.395081260E0,7.737500000E1
9.397706260E0,7.737500000E1
9.400330260E0,7.737500000E1
9.402955260E0,7.737500000E1
9.405579260E0,7.737500000E1
9.408204260E0,7.737500000E1
9.410828260E0,7.737500000E1
9.413453260E0,7.737500000E1
9.416077260E0,7.737500000E1
9.418702260E0,7.737500000E1
9.421327260E0,7.737500000E1
9.423951260E0,7.737500000E1
9.426576260E0,7.737500000E1
9.429200260E0,7.737500000E1
9.431825260E0,7.737500000E1
9.434449260E0,7.737500000E1
9.437074260E0,7.737500000E1
9.439698260E0,7.737500000E1
9.442323260E0,7.737500000E1
9.444947260E0,7.737500000E1
9.447572260E0,7.737500000E1
9.450196260E0,7.737500000E1
9.452821260E0,7.737500000E1
9.455445260E0,7.737500000E1
9.458070260E0,7.737500000E1
9.460694260E0,7.737500000E1
9.463319260E0,7.737500000E1
9.465943260E0,7.737500000E1
9.468568260E0,7.737500000E1
9.471192260E0,7.737500000E1
9.473817260E0,7.737500000E1
9.476441260E0,7.737500000E1
9.479066260E0,7.737500000E1
9.481690260E0,7.737500000E1
9.484315260E0,7.737500000E1
9.486939260E0,7.737500000E1
9.489564260E0,7.737500000E1
9.492188260E0,7.737500000E1
9.494813260E0,7.737500000E1
9.497437260E0,7.737500000E1
9.500062260E0,8.375000000E1
9.502686260E0,8.375000000E1
9.505311260E0,8.375000000E1
9.507935260E0,8.375000000E1
9.510560260E0,8.375000000E1
9.513184260E0,8.375000000E1
9.515809260E0,8.375000000E1
9.518433260E0,8.375000000E1
9.521058260E0,8.375000000E1
9.523682260E0,8.375000000E1
9.526307260E0,7.737500000E1
9.528932260E0,7.737500000E1
9.531556260E0,7.737500000E1
9.534181260E0,7.737500000E1
9.536805260E0,7.737500000E1
9.539430260E0,7.737500000E1
9.542054260E0,7.737500000E1
9.544679260E0,7.737500000E1
9.547303260E0,7.737500000E1
9.549928260E0,7.737500000E1
9.552552260E0,8.375000000E1
9.555177260E0,8.375000000E1
9.557801260E0,8.375000000E1
9.560426260E0,8.375000000E1
9.563050260E0,8.375000000E1
9.565675260E0,8.375000000E1
9.568299260E0,8.375000000E1
9.570924260E0,8.375000000E1
9.573548260E0,8.375000000E1
9.576173260E0,7.737500000E1
9.578797260E0,7.737500000E1
9.581422260E0,7.737500000E1
9.584046260E0,7.737500000E1
9.586671260E0,7.737500000E1
9.589295260E0,7.737500000E1
9.591920260E0,7.737500000E1
9.594544260E0,7.737500000E1
9.597169260E0,7.737500000E1
9.599793260E0,7.737500000E1
9.602418260E0,8.375000000E1
9.605042260E0,8.375000000E1
9.607667260E0,8.375000000E1
9.610291260E0,8.375000000E1
9.612916260E0,8.375000000E1
9.615540260E0,8.375000000E1
9.618165260E0,8.375000000E1
9.620789260E0,8.375000000E1
9.623414260E0,8.375000000E1
9.626038260E0,8.375000000E1
9.628663260E0,8.375000000E1
9.631287260E0,8.375000000E1
9.633912260E0,8.375000000E1
9.636536260E0,8.375000000E1
9.639161260E0,8.375000000E1
9.641786260E0,8.375000000E1
9.644410260E0,8.375000000E1
9.647035260E0,8.375000000E1
9.649659260E0,8.375000000E1
9.652284260E0,7.737500000E1
9.654908260E0,7.737500000E1
9.657533260E0,7.737500000E1
9.660157260E0,7.737500000E1
9.662782260E0,7.737500000E1
9.665406260E0,7.737500000E1
9.668031260E0,7.737500000E1
9.670655260E0,7.737500000E1
9.673280260E0,7.737500000E1
9.675904260E0,7.737500000E1
9.678529260E0,7.737500000E1
9.681153260E0,7.737500000E1
9.683778260E0,7.737500000E1
9.686402260E0,7.737500000E1
9.689027260E0,7.737500000E1
9.691651260E0,7.737500000E1
9.694276260E0,7.737500000E1
9.696900260E0,7.737500000E1
9.699525260E0,7.737500000E1
9.702149260E0,7.737500000E1
9.704774260E0,8.375000000E1
9.707398260E0,8.375000000E1
9.710023260E0,8.375000000E1
9.712647260E0,8.375000000E1
9.715272260E0,8.375000000E1
9.717896260E0,8.375000000E1
9.720521260E0,8.375000000E1
9.723145260E0,8.375000000E1
9.725770260E0,8.375000000E1
9.728394260E0,8.375000000E1
9.731019260E0,7.737500000E1
9.733643260E0,7.737500000E1
9.736268260E0,7.737500000E1
9.738892260E0,7.737500000E1
9.741517260E0,7.737500000E1
9.744141260E0,7.737500000E1
9.746766260E0,7.737500000E1
9.749390260E0,7.737500000E1
9.752015260E0,7.737500000E1
9.754640260E0,7.737500000E1
9.757264260E0,7.737500000E1
9.759889260E0,7.737500000E1
9.762513260E0,7.737500000E1
9.765138260E0,7.737500000E1
9.767762260E0,7.737500000E1
9.770387260E0,7.737500000E1
9.773011260E0,7.737500000E1
9.775636260E0,7.737500000E1
9.778260260E0,7.737500000E1
9.780885260E0,7.737500000E1
9.783509260E0,7.737500000E1
9.786134260E0,7.737500000E1
9.788758260E0,7.737500000E1
9.791383260E0,7.737500000E1
9.794007260E0,7.737500000E1
9.796632260E0,7.737500000E1
9.799256260E0,7.737500000E1
9.801881260E0,7.737500000E1
9.804505260E0,7.737500000E1
9.807130260E0,8.375000000E1
9.809754260E0,8.375000000E1
9.812379260E0,8.375000000E1
9.815003260E0,8.375000000E1
9.817628260E0,8.375000000E1
9.820252260E0,8.375000000E1
9.822877260E0,8.375000000E1
9.825501260E0,8.375000000E1
9.828126260E0,8.375000000E1
9.830750260E0,8.375000000E1
9.833375260E0,8.375000000E1
9.835999260E0,8.375000000E1
9.838624260E0,8.375000000E1
9.841248260E0,8.375000000E1
9.843873260E0,8.375000000E1
9.846497260E0,8.375000000E1
9.849122260E0,8.375000000E1
9.851746260E0,8.375000000E1
9.854371260E0,8.375000000E1
9.856995260E0,8.375000000E1
9.859620260E0,8.375000000E1
9.862244260E0,8.375000000E1
9.864869260E0,8.375000000E1
9.867494260E0,8.375000000E1
9.870118260E0,8.375000000E1
9.872743260E0,8.375000000E1
9.875367260E0,8.375000000E1
9.877992260E0,8.375000000E1
9.880616260E0,7.737500000E1
9.883241260E0,7.737500000E1
9.885865260E0,7.737500000E1
9.888490260E0,7.737500000E1
9.891114260E0,7.737500000E1
9.893739260E0,7.737500000E1
9.896363260E0,7.737500000E1
9.898988260E0,7.737500000E1
9.901612260E0,7.737500000E1
9.904237260E0,7.737500000E1
9.906861260E0,8.375000000E1
9.909486260E0,8.375000000E1
9.912110260E0,8.375000000E1
9.914735260E0,8.375000000E1
9.917359260E0,8.375000000E1
9.919984260E0,8.375000000E1
9.922608260E0,8.375000000E1
9.925233260E0,8.375000000E1
9.927857260E0,8.375000000E1
9.930482260E0,8.375000000E1
9.933106260E0,8.375000000E1
9.935731260E0,8.375000000E1
9.938355260E0,8.375000000E1
9.940980260E0,8.375000000E1
9.943604260E0,8.375000000E1
9.946229260E0,8.375000000E1
9.948853260E0,8.375000000E1
9.951478260E0,8.375000000E1
9.954102260E0,8.375000000E1
9.956727260E0,8.375000000E1
9.959351260E0,7.737500000E1
9.961976260E0,7.737500000E1
9.964600260E0,7.737500000E1
9.967225260E0,7.737500000E1
9.969849260E0,7.737500000E1
9.972474260E0,7.737500000E1
9.975098260E0,7.737500000E1
9.977723260E0,7.737500000E1
9.980348260E0,7.737500000E1
9.982972260E0,7.737500000E1
9.985597260E0,7.737500000E1
9.988221260E0,7.737500000E1
9.990846260E0,7.737500000E1
9.993470260E0,7.737500000E1
9.996095260E0,7.737500000E1
9.998719260E0,7.737500000E1
1.000134426E1,7.737500000E1
1.000396826E1,7.737500000E1
1.000659326E1,7.737500000E1
1.000921726E1,8.375000000E1
1.001184226E1,8.375000000E1
1.001446626E1,8.375000000E1
1.001709126E1,8.375000000E1
1.001971526E1,8.375000000E1
1.002234026E1,8.375000000E1
1.002496426E1,8.375000000E1
1.002758926E1,8.375000000E1
1.003021326E1,8.375000000E1
1.003283826E1,8.375000000E1
1.003546226E1,8.375000000E1
1.003808726E1,8.375000000E1
1.004071126E1,8.375000000E1
1.004333626E1,8.375000000E1
1.004596026E1,8.375000000E1
1.004858526E1,8.375000000E1
1.005120926E1,8.375000000E1
1.005383426E1,8.375000000E1
1.005645826E1,8.375000000E1
1.005908326E1,7.737500000E1
1.006170726E1,7.737500000E1
1.006433226E1,7.737500000E1
1.006695626E1,7.737500000E1
1.006958126E1,7.737500000E1
1.007220526E1,7.737500000E1
1.007483026E1,7.737500000E1
1.007745426E1,7.737500000E1
1.008007926E1,7.737500000E1
1.008270326E1,7.737500000E1
1.008532826E1,8.375000000E1
1.008795226E1,8.375000000E1
1.009057726E1,8.375000000E1
1.009320226E1,8.375000000E1
1.009582626E1,8.375000000E1
1.009845126E1,8.375000000E1
1.010107526E1,8.375000000E1
1.010370026E1,8.375000000E1
1.010632426E1,8.375000000E1
1.010894926E1,8.375000000E1
1.011157326E1,7.737500000E1
1.011419826E1,7.737500000E1
1.011682226E1,7.737500000E1
1.011944726E1,7.737500000E1
1.012207126E1,7.737500000E1
1.012469626E1,7.737500000E1
1.012732026E1,7.737500000E1
1.012994526E1,7.737500000E1
1.013256926E1,7.737500000E1
1.013519426E1,7.737500000E1
1.013781826E1,8.375000000E1
1.014044326E1,8.375000000E1
1.014306726E1,8.375000000E1
1.014569226E1,8.375000000E1
1.014831626E1,8.375000000E1
1.015094126E1,8.375000000E1
1.015356526E1,8.375000000E1
1.015619026E1,8.375000000E1
1.015881426E1,8.375000000E1
1.016143926E1,7.737500000E1
1.016406326E1,7.737500000E1
1.016668826E1,7.737500000E1
1.016931226E1,7.737500000E1
1.017193726E1,7.737500000E1
1.017456126E1,7.737500000E1
1.017718626E1,7.737500000E1
1.017981026E1,7.737500000E1
1.018243526E1,7.737500000E1
1.018505926E1,7.737500000E1
1.018768426E1,7.737500000E1
1.019030826E1,7.737500000E1
1.019293326E1,7.737500000E1
1.019555726E1,7.737500000E1
1.019818226E1,7.737500000E1
1.020080726E1,7.737500000E1
1.020343126E1,7.737500000E1
1.020605626E1,7.737500000E1
1.020868026E1,7.737500000E1
1.021130526E1,7.737500000E1
1.021392926E1,7.737500000E1
1.021655426E1,7.737500000E1
1.021917826E1,7.737500000E1
1.022180326E1,7.737500000E1
1.022442726E1,7.737500000E1
1.022705226E1,7.737500000E1
1.022967626E1,7.737500000E1
1.023230126E1,7.737500000E1
1.023492526E1,7.737500000E1
1.023755026E1,7.737500000E1
1.024017426E1,7.737500000E1
1.024279926E1,7.737500000E1
1.024542326E1,7.737500000E1
1.024804826E1,7.737500000E1
1.025067226E1,7.737500000E1
1.025329726E1,7.737500000E1
1.025592126E1,7.737500000E1
1.025854626E1,7.737500000E1
1.026117026E1,7.737500000E1
1.026379526E1,7.737500000E1
1.026641926E1,7.737500000E1
1.026904426E1,7.737500000E1
1.027166826E1,7.737500000E1
1.027429326E1,7.737500000E1
1.027691726E1,7.737500000E1
1.027954226E1,7.737500000E1
1.028216626E1,7.737500000E1
1.028479126E1,7.737500000E1
1.028741526E1,7.737500000E1
1.029004026E1,7.737500000E1
1.029266426E1,7.737500000E1
1.029528926E1,7.737500000E1
1.029791326E1,7.737500000E1
1.030053826E1,7.737500000E1
1.030316226E1,7.737500000E1
1.030578726E1,7.737500000E1
1.030841126E1,7.737500000E1
1.031103626E1,7.737500000E1
1.031366126E1,7.737500000E1
1.031628526E1,8.375000000E1
1.031891026E1,8.375000000E1
1.032153426E1,8.375000000E1
1.032415926E1,8.375000000E1
1.032678326E1,8.375000000E1
1.032940826E1,8.375000000E1
1.033203226E1,8.375000000E1
1.033465726E1,8.375000000E1
1.033728126E1,8.375000000E1
1.033990626E1,7.737500000E1
1.034253026E1,7.737500000E1
1.034515526E1,7.737500000E1
1.034777926E1,7.737500000E1
1.035040426E1,7.737500000E1
1.035302826E1,7.737500000E1
1.035565326E1,7.737500000E1
1.035827726E1,7.737500000E1
1.036090226E1,7.737500000E1
1.036352626E1,7.737500000E1
1.036615126E1,7.737500000E1
1.036877526E1,7.737500000E1
1.037140026E1,7.737500000E1
1.037402426E1,7.737500000E1
1.037664926E1,7.737500000E1
1.037927326E1,7.737500000E1
1.038189826E1,7.737500000E1
1.038452226E1,7.737500000E1
1.038714726E1,7.737500000E1
1.038977126E1,7.737500000E1
1.039239626E1,7.737500000E1
1.039502026E1,7.737500000E1
1.039764526E1,7.737500000E1
1.040026926E1,7.737500000E1
1.040289426E1,7.737500000E1
1.040551826E1,7.737500000E1
1.040814326E1,7.737500000E1
1.041076726E1,7.737500000E1
1.041339226E1,7.737500000E1
1.041601626E1,8.375000000E1
1.041864126E1,8.375000000E1
1.042126526E1,8.375000000E1
1.042389026E1,8.375000000E1
1.042651526E1,8.375000000E1
1.042913926E1,8.375000000E1
1.043176426E1,8.375000000E1
1.043438826E1,8.375000000E1
1.043701326E1,8.375000000E1
1.043963726E1,8.375000000E1
1.044226226E1,7.737500000E1
1.044488626E1,7.737500000E1
1.044751126E1,7.737500000E1
1.045013526E1,7.737500000E1
1.045276026E1,7.737500000E1
1.045538426E1,7.737500000E1
1.045800926E1,7.737500000E1
1.046063326E1,7.737500000E1
1.046325826E1,7.737500000E1
1.046588226E1,7.737500000E1
1.046850726E1,8.375000000E1
1.047113126E1,8.375000000E1
1.047375626E1,8.375000000E1
1.047638026E1,8.375000000E1
1.047900526E1,8.375000000E1
1.048162926E1,8.375000000E1
1.048425426E1,8.375000000E1
1.048687826E1,8.375000000E1
1.048950326E1,8.375000000E1
1.049212726E1,8.375000000E1
1.049475226E1,7.737500000E1
1.049737626E1,7.737500000E1
1.050000126E1,7.737500000E1
1.050262526E1,7.737500000E1
1.050525026E1,7.737500000E1
1.050787426E1,7.737500000E1
1.051049926E1,7.737500000E1
1.051312326E1,7.737500000E1
1.051574826E1,7.737500000E1
1.051837226E1,7.737500000E1
1.052099726E1,7.737500000E1
1.052362126E1,7.737500000E1
1.052624626E1,7.737500000E1
1.052887026E1,7.737500000E1
1.053149526E1,7.737500000E1
1.053411926E1,7.737500000E1
1.053674426E1,7.737500000E1
1.053936926E1,7.737500000E1
1.054199326E1,7.737500000E1
1.054461826E1,7.737500000E1
1.054724226E1,7.737500000E1
1.054986726E1,7.737500000E1
1.055249126E1,7.737500000E1
1.055511626E1,7.737500000E1
1.055774026E1,7.737500000E1
1.056036526E1,7.737500000E1
1.056298926E1,7.737500000E1
1.056561426E1,7.737500000E1
1.056823826E1,7.737500000E1
1.057086326E1,8.375000000E1
1.057348726E1,8.375000000E1
1.057611226E1,8.375000000E1
1.057873626E1,8.375000000E1
1.058136126E1,8.375000000E1
1.058398526E1,8.375000000E1
1.058661026E1,8.375000000E1
1.058923426E1,8.375000000E1
1.059185926E1,8.375000000E1
1.059448326E1,8.375000000E1
1.059710826E1,8.375000000E1
1.059973226E1,8.375000000E1
1.060235726E1,8.375000000E1
1.060498126E1,8.375000000E1
1.060760626E1,8.375000000E1
1.061023026E1,8.375000000E1
1.061285526E1,8.375000000E1
1.061547926E1,8.375000000E1
1.061810426E1,8.375000000E1
1.062072826E1,7.737500000E1
1.062335326E1,7.737500000E1
1.062597726E1,7.737500000E1
1.062860226E1,7.737500000E1
1.063122626E1,7.737500000E1
1.063385126E1,7.737500000E1
1.063647526E1,7.737500000E1
1.063910026E1,7.737500000E1
1.064172426E1,7.737500000E1
1.064434926E1,7.737500000E1
1.064697326E1,7.737500000E1
1.064959826E1,7.737500000E1
1.065222326E1,7.737500000E1
1.065484726E1,7.737500000E1
1.065747226E1,7.737500000E1
1.066009626E1,7.737500000E1
1.066272126E1,7.737500000E1
1.066534526E1,7.737500000E1
1.066797026E1,7.737500000E1
1.067059426E1,7.737500000E1
1.067321926E1,7.737500000E1
1.067584326E1,7.737500000E1
1.067846826E1,7.737500000E1
1.068109226E1,7.737500000E1
1.068371726E1,7.737500000E1
1.068634126E1,7.737500000E1
1.068896626E1,7.737500000E1
1.069159026E1,7.737500000E1
1.069421526E1,7.737500000E1
1.069683926E1,8.375000000E1
1.069946426E1,8.375000000E1
1.070208826E1,8.375000000E1
1.070471326E1,8.375000000E1
1.070733726E1,8.375000000E1
1.070996226E1,8.375000000E1
1.071258626E1,8.375000000E1
1.071521126E1,8.375000000E1
1.071783526E1,8.375000000E1
1.072046026E1,8.375000000E1
1.072308426E1,7.737500000E1
1.072570926E1,7.737500000E1
1.072833326E1,7.737500000E1
1.073095826E1,7.737500000E1
1.073358226E1,7.737500000E1
1.073620726E1,7.737500000E1
1.073883126E1,7.737500000E1
1.074145626E1,7.737500000E1
1.074408026E1,7.737500000E1
1.074670526E1,7.737500000E1
1.074932926E1,8.375000000E1
1.075195426E1,8.375000000E1
1.075457826E1,8.375000000E1
1.075720326E1,8.375000000E1
1.075982726E1,8.375000000E1
1.076245226E1,8.375000000E1
1.076507726E1,8.375000000E1
1.076770126E1,8.375000000E1
1.077032626E1,8.375000000E1
1.077295026E1,8.375000000E1
1.077557526E1,8.375000000E1
1.077819926E1,8.375000000E1
1.078082426E1,8.375000000E1
1.078344826E1,8.375000000E1
1.078607326E1,8.375000000E1
1.078869726E1,8.375000000E1
1.079132226E1,8.375000000E1
1.079394626E1,8.375000000E1
1.079657126E1,8.375000000E1
1.079919526E1,8.375000000E1
1.080182026E1,8.375000000E1
1.080444426E1,8.375000000E1
1.080706926E1,8.375000000E1
1.080969326E1,8.375000000E1
1.081231826E1,8.375000000E1
1.081494226E1,8.375000000E1
1.081756726E1,8.375000000E1
1.082019126E1,8.375000000E1
1.082281626E1,8.375000000E1
1.082544026E1,7.737500000E1
1.082806526E1,7.737500000E1
1.083068926E1,7.737500000E1
1.083331426E1,7.737500000E1
1.083593826E1,7.737500000E1
1.083856326E1,7.737500000E1
1.084118726E1,7.737500000E1
1.084381226E1,7.737500000E1
1.084643626E1,7.737500000E1
1.084906126E1,7.737500000E1
1.085168526E1,7.737500000E1
1.085431026E1,7.737500000E1
1.085693426E1,7.737500000E1
1.085955926E1,7.737500000E1
1.086218326E1,7.737500000E1
1.086480826E1,7.737500000E1
1.086743226E1,7.737500000E1
1.087005726E1,7.737500000E1
1.087268226E1,7.737500000E1
1.087530626E1,7.737500000E1
1.087793126E1,7.737500000E1
1.088055526E1,7.737500000E1
1.088318026E1,7.737500000E1
1.088580426E1,7.737500000E1
1.088842926E1,7.737500000E1
1.089105326E1,7.737500000E1
1.089367826E1,7.737500000E1
1.089630226E1,7.737500000E1
1.089892726E1,8.375000000E1
1.090155126E1,8.375000000E1
1.090417626E1,8.375000000E1
1.090680026E1,8.375000000E1
1.090942526E1,8.375000000E1
1.091204926E1,8.375000000E1
1.091467426E1,8.375000000E1
1.091729826E1,8.375000000E1
1.091992326E1,8.375000000E1
1.092254726E1,8.375000000E1
1.092517226E1,8.375000000E1
1.092779626E1,8.375000000E1
1.093042126E1,8.375000000E1
1.093304526E1,8.375000000E1
1.093567026E1,8.375000000E1
1.093829426E1,8.375000000E1
1.094091926E1,8.375000000E1
1.094354326E1,8.375000000E1
1.094616826E1,8.375000000E1
1.094879226E1,8.375000000E1
1.095141726E1,8.375000000E1
1.095404126E1,8.375000000E1
1.095666626E1,8.375000000E1
1.095929026E1,8.375000000E1
1.096191526E1,8.375000000E1
1.096453926E1,8.375000000E1
1.096716426E1,8.375000000E1
1.096978826E1,8.375000000E1
1.097241326E1,8.375000000E1
1.097503726E1,8.375000000E1
1.097766226E1,7.737500000E1
1.098028626E1,7.737500000E1
1.098291126E1,7.737500000E1
1.098553626E1,7.737500000E1
1.098816026E1,7.737500000E1
1.099078526E1,7.737500000E1
1.099340926E1,7.737500000E1
1.099603426E1,7.737500000E1
1.099865826E1,7.737500000E1
1.100128326E1,7.737500000E1
1.100390726E1,8.375000000E1
1.100653226E1,8.375000000E1
1.100915626E1,8.375000000E1
1.101178126E1,8.375000000E1
1.101440526E1,8.375000000E1
1.101703026E1,8.375000000E1
1.101965426E1,8.375000000E1
1.102227926E1,8.375000000E1
1.102490326E1,8.375000000E1
1.102752826E1,7.737500000E1
1.103015226E1,7.737500000E1
1.103277726E1,7.737500000E1
1.103540126E1,7.737500000E1
1.103802626E1,7.737500000E1
1.104065026E1,7.737500000E1
1.104327526E1,7.737500000E1
1.104589926E1,7.737500000E1
1.104852426E1,7.737500000E1
1.105114826E1,7.737500000E1
1.105377326E1,8.375000000E1
1.105639726E1,8.375000000E1
1.105902226E1,8.375000000E1
1.106164626E1,8.375000000E1
1.106427126E1,8.375000000E1
1.106689526E1,8.375000000E1
1.106952026E1,8.375000000E1
1.107214426E1,8.375000000E1
1.107476926E1,8.375000000E1
1.107739326E1,7.737500000E1
1.108001826E1,7.737500000E1
1.108264226E1,7.737500000E1
1.108526726E1,7.737500000E1
1.108789126E1,7.737500000E1
1.109051626E1,7.737500000E1
1.109314026E1,7.737500000E1
1.109576526E1,7.737500000E1
1.109839026E1,7.737500000E1
1.110101426E1,7.737500000E1
1.110363926E1,8.375000000E1
1.110626326E1,8.375000000E1
1.110888826E1,8.375000000E1
1.111151226E1,8.375000000E1
1.111413726E1,8.375000000E1
1.111676126E1,8.375000000E1
1.111938626E1,8.375000000E1
1.112201026E1,8.375000000E1
1.112463526E1,8.375000000E1
1.112725926E1,8.375000000E1
1.112988426E1,7.737500000E1
1.113250826E1,7.737500000E1
1.113513326E1,7.737500000E1
1.113775726E1,7.737500000E1
1.114038226E1,7.737500000E1
1.114300626E1,7.737500000E1
1.114563126E1,7.737500000E1
1.114825526E1,7.737500000E1
1.115088026E1,7.737500000E1
1.115350426E1,7.737500000E1
1.115612926E1,7.737500000E1
1.115875326E1,7.737500000E1
1.116137826E1,7.737500000E1
1.116400226E1,7.737500000E1
1.116662726E1,7.737500000E1
1.116925126E1,7.737500000E1
1.117187626E1,7.737500000E1
1.117450026E1,7.737500000E1
1.117712526E1,7.737500000E1
1.117974926E1,7.737500000E1
1.118237426E1,7.737500000E1
1.118499826E1,7.737500000E1
1.118762326E1,7.737500000E1
1.119024726E1,7.737500000E1
1.119287226E1,7.737500000E1
1.119549626E1,7.737500000E1
1.119812126E1,7.737500000E1
1.120074526E1,7.737500000E1
1.120337026E1,7.737500000E1
1.120599426E1,7.737500000E1
1.120861926E1,7.737500000E1
1.121124426E1,7.737500000E1
1.121386826E1,7.737500000E1
1.121649326E1,7.737500000E1
1.121911726E1,7.737500000E1
1.122174226E1,7.737500000E1
1.122436626E1,7.737500000E1
1.122699126E1,7.737500000E1
1.122961526E1,7.737500000E1
1.123224026E1,8.375000000E1
1.123486426E1,8.375000000E1
1.123748926E1,8.375000000E1
1.124011326E1,8.375000000E1
1.124273826E1,8.375000000E1
1.124536226E1,8.375000000E1
1.124798726E1,8.375000000E1
1.125061126E1,8.375000000E1
1.125323626E1,8.375000000E1
1.125586026E1,7.737500000E1
1.125848526E1,7.737500000E1
1.126110926E1,7.737500000E1
1.126373426E1,7.737500000E1
1.126635826E1,7.737500000E1
1.126898326E1,7.737500000E1
1.127160726E1,7.737500000E1
1.127423226E1,7.737500000E1
1.127685626E1,7.737500000E1
1.127948126E1,7.737500000E1
1.128210526E1,7.737500000E1
1.128473026E1,7.737500000E1
1.128735426E1,7.737500000E1
1.128997926E1,7.737500000E1
1.129260326E1,7.737500000E1
1.129522826E1,7.737500000E1
1.129785226E1,7.737500000E1
1.130047726E1,7.737500000E1
1.130310126E1,7.737500000E1
1.130572626E1,7.737500000E1
1.130835026E1,8.375000000E1
1.131097526E1,8.375000000E1
1.131359926E1,8.375000000E1
1.131622426E1,8.375000000E1
1.131884826E1,8.375000000E1
1.132147326E1,8.375000000E1
1.132409826E1,8.375000000E1
1.132672226E1,8.375000000E1
1.132934726E1,8.375000000E1
1.133197126E1,8.375000000E1
1.133459626E1,8.375000000E1
1.133722026E1,8.375000000E1
1.133984526E1,8.375000000E1
1.134246926E1,8.375000000E1
1.134509426E1,8.375000000E1
1.134771826E1,8.375000000E1
1.135034326E1,8.375000000E1
1.135296726E1,8.375000000E1
1.135559226E1,8.375000000E1
1.135821626E1,8.375000000E1
1.136084126E1,8.375000000E1
1.136346526E1,8.375000000E1
1.136609026E1,8.375000000E1
1.136871426E1,8.375000000E1
1.137133926E1,8.375000000E1
1.137396326E1,8.375000000E1
1.137658826E1,8.375000000E1
1.137921226E1,8.375000000E1
1.138183726E1,8.375000000E1
1.138446126E1,8.375000000E1
1.138708626E1,8.375000000E1
1.138971026E1,8.375000000E1
1.139233526E1,8.375000000E1
1.139495926E1,8.375000000E1
1.139758426E1,8.375000000E1
1.140020826E1,8.375000000E1
1.140283326E1,8.375000000E1
1.140545726E1,8.375000000E1
1.140808226E1,8.375000000E1
1.141070626E1,7.737500000E1
1.141333126E1,7.737500000E1
1.141595526E1,7.737500000E1
1.141858026E1,7.737500000E1
1.142120426E1,7.737500000E1
1.142382926E1,7.737500000E1
1.142645326E1,7.737500000E1
1.142907826E1,7.737500000E1
1.143170226E1,7.737500000E1
1.143432726E1,8.375000000E1
1.143695226E1,8.375000000E1
1.143957626E1,8.375000000E1
1.144220126E1,8.375000000E1
1.144482526E1,8.375000000E1
1.144745026E1,8.375000000E1
1.145007426E1,8.375000000E1
1.145269926E1,8.375000000E1
1.145532326E1,8.375000000E1
1.145794826E1,8.375000000E1
1.146057226E1,7.737500000E1
1.146319726E1,7.737500000E1
1.146582126E1,7.737500000E1
1.146844626E1,7.737500000E1
1.147107026E1,7.737500000E1
1.147369526E1,7.737500000E1
1.147631926E1,7.737500000E1
1.147894426E1,7.737500000E1
1.148156826E1,7.737500000E1
1.148419326E1,7.737500000E1
1.148681726E1,8.375000000E1
1.148944226E1,8.375000000E1
1.149206626E1,8.375000000E1
1.149469126E1,8.375000000E1
1.149731526E1,8.375000000E1
1.149994026E1,8.375000000E1
1.150256426E1,8.375000000E1
1.150518926E1,8.375000000E1
1.150781326E1,8.375000000E1
1.151043826E1,8.375000000E1
1.151306226E1,7.737500000E1
1.151568726E1,7.737500000E1
1.151831126E1,7.737500000E1
1.152093626E1,7.737500000E1
1.152356026E1,7.737500000E1
1.152618526E1,7.737500000E1
1.152880926E1,7.737500000E1
1.153143426E1,7.737500000E1
1.153405826E1,7.737500000E1
1.153668326E1,7.737500000E1
1.153930726E1,7.737500000E1
1.154193226E1,7.737500000E1
1.154455726E1,7.737500000E1
1.154718126E1,7.737500000E1
1.154980626E1,7.737500000E1
1.155243026E1,7.737500000E1
1.155505526E1,7.737500000E1
1.155767926E1,7.737500000E1
1.156030426E1,7.737500000E1
1.156292826E1,7.737500000E1
1.156555326E1,7.737500000E1
1.156817726E1,7.737500000E1
1.157080226E1,7.737500000E1
1.157342626E1,7.737500000E1
1.157605126E1,7.737500000E1
1.157867526E1,7.737500000E1
1.158130026E1,7.737500000E1
1.158392426E1,7.737500000E1
1.158654926E1,7.737500000E1
1.158917326E1,7.737500000E1
1.159179826E1,7.737500000E1
1.159442226E1,7.737500000E1
1.159704726E1,7.737500000E1
1.159967126E1,7.737500000E1
1.160229626E1,7.737500000E1
1.160492026E1,7.737500000E1
1.160754526E1,7.737500000E1
1.161016926E1,7.737500000E1
1.161279426E1,8.375000000E1
1.161541826E1,8.375000000E1
1.161804326E1,8.375000000E1
1.162066726E1,8.375000000E1
1.162329226E1,8.375000000E1
1.162591626E1,8.375000000E1
1.162854126E1,8.375000000E1
1.163116526E1,8.375000000E1
1.163379026E1,8.375000000E1
1.163641426E1,8.375000000E1
1.163903926E1,7.737500000E1
1.164166326E1,7.737500000E1
1.164428826E1,7.737500000E1
1.164691226E1,7.737500000E1
1.164953726E1,7.737500000E1
1.165216126E1,7.737500000E1
1.165478626E1,7.737500000E1
1.165741126E1,7.737500000E1
1.166003526E1,7.737500000E1
1.166266026E1,7.737500000E1
1.166528426E1,7.737500000E1
1.166790926E1,7.737500000E1
1.167053326E1,7.737500000E1
1.167315826E1,7.737500000E1
1.167578226E1,7.737500000E1
1.167840726E1,7.737500000E1
1.168103126E1,7.737500000E1
1.168365626E1,7.737500000E1
1.168628026E1,7.737500000E1
1.168890526E1,8.375000000E1
1.169152926E1,8.375000000E1
1.169415426E1,8.375000000E1
1.169677826E1,8.375000000E1
1.169940326E1,8.375000000E1
1.170202726E1,8.375000000E1
1.170465226E1,8.375000000E1
1.170727626E1,8.375000000E1
1.170990126E1,8.375000000E1
1.171252526E1,8.375000000E1
1.171515026E1,7.737500000E1
1.171777426E1,7.737500000E1
1.172039926E1,7.737500000E1
1.172302326E1,7.737500000E1
1.172564826E1,7.737500000E1
1.172827226E1,7.737500000E1
1.173089726E1,7.737500000E1
1.173352126E1,7.737500000E1
1.173614626E1,7.737500000E1
1.173877026E1,7.737500000E1
1.174139526E1,7.737500000E1
1.174401926E1,7.737500000E1
1.174664426E1,7.737500000E1
1.174926826E1,7.737500000E1
1.175189326E1,7.737500000E1
1.175451726E1,7.737500000E1
1.175714226E1,7.737500000E1
1.175976626E1,7.737500000E1
1.176239126E1,7.737500000E1
1.176501526E1,7.737500000E1
1.176764026E1,8.375000000E1
1.177026526E1,8.375000000E1
1.177288926E1,8.375000000E1
1.177551426E1,8.375000000E1
1.177813826E1,8.375000000E1
1.178076326E1,8.375000000E1
1.178338726E1,8.375000000E1
1.178601226E1,8.375000000E1
1.178863626E1,8.375000000E1
1.179126126E1,7.737500000E1
1.179388526E1,7.737500000E1
1.179651026E1,7.737500000E1
1.179913426E1,7.737500000E1
1.180175926E1,7.737500000E1
1.180438326E1,7.737500000E1
1.180700826E1,7.737500000E1
1.180963226E1,7.737500000E1
1.181225726E1,7.737500000E1
1.181488126E1,7.737500000E1
1.181750626E1,8.375000000E1
1.182013026E1,8.375000000E1
1.182275526E1,8.375000000E1
1.182537926E1,8.375000000E1
1.182800426E1,8.375000000E1
1.183062826E1,8.375000000E1
1.183325326E1,8.375000000E1
1.183587726E1,8.375000000E1
1.183850226E1,8.375000000E1
1.184112626E1,8.375000000E1
1.184375126E1,8.375000000E1
1.184637526E1,8.375000000E1
1.184900026E1,8.375000000E1
1.185162426E1,8.375000000E1
1.185424926E1,8.375000000E1
1.185687326E1,8.375000000E1
1.185949826E1,8.375000000E1
1.186212226E1,8.375000000E1
1.186474726E1,8.375000000E1
1.186737126E1,7.737500000E1
1.186999626E1,7.737500000E1
