"Time (s)","Illuminance (lx)"
0.000000000E0,2.512500000E2
6.336791000E-3,2.512500000E2
1.646879100E-2,2.512500000E2
1.912379100E-2,2.512500000E2
2.174879100E-2,2.512500000E2
2.437279100E-2,2.512500000E2
2.699779100E-2,2.512500000E2
2.962179100E-2,2.512500000E2
3.224679100E-2,2.512500000E2
3.487079100E-2,2.512500000E2
3.749579100E-2,2.512500000E2
4.011979100E-2,2.512500000E2
4.274479100E-2,2.512500000E2
4.536879100E-2,2.512500000E2
4.799379100E-2,2.512500000E2
5.061779100E-2,2.512500000E2
5.324279100E-2,2.512500000E2
5.586679100E-2,2.512500000E2
5.849179100E-2,2.512500000E2
6.111579100E-2,2.512500000E2
6.374079100E-2,2.512500000E2
6.636479100E-2,2.512500000E2
6.898979100E-2,2.512500000E2
7.161379100E-2,2.512500000E2
7.423879100E-2,2.512500000E2
7.686279100E-2,2.512500000E2
7.948779100E-2,2.512500000E2
8.211179100E-2,2.512500000E2
8.473679100E-2,2.512500000E2
8.736079100E-2,2.512500000E2
8.998579100E-2,2.512500000E2
9.260979100E-2,2.512500000E2
9.523479100E-2,2.512500000E2
9.785879100E-2,2.512500000E2
1.004837910E-1,2.512500000E2
1.031077910E-1,2.512500000E2
1.057327910E-1,2.512500000E2
1.083567910E-1,2.512500000E2
1.109817910E-1,2.512500000E2
1.136057910E-1,2.512500000E2
1.162307910E-1,2.512500000E2
1.188547910E-1,2.512500000E2
1.214797910E-1,2.512500000E2
1.241047910E-1,2.512500000E2
1.267287910E-1,2.512500000E2
1.293537910E-1,2.512500000E2
1.319777910E-1,2.512500000E2
1.346027910E-1,2.512500000E2
1.372267910E-1,2.512500000E2
1.398517910E-1,2.512500000E2
1.424757910E-1,2.512500000E2
1.451007910E-1,2.512500000E2
1.477247910E-1,2.512500000E2
1.503497910E-1,2.512500000E2
1.529737910E-1,2.512500000E2
1.555987910E-1,2.512500000E2
1.582227910E-1,2.512500000E2
1.608477910E-1,2.512500000E2
1.634717910E-1,2.512500000E2
1.660967910E-1,2.512500000E2
1.687207910E-1,2.512500000E2
1.713457910E-1,2.512500000E2
1.739697910E-1,2.512500000E2
1.765947910E-1,2.512500000E2
1.792187910E-1,2.512500000E2
1.818437910E-1,2.512500000E2
1.844677910E-1,2.512500000E2
1.870927910E-1,2.512500000E2
1.897167910E-1,2.512500000E2
1.923417910E-1,2.512500000E2
1.949657910E-1,2.512500000E2
1.975907910E-1,2.512500000E2
2.002147910E-1,2.512500000E2
2.028397910E-1,2.512500000E2
2.054637910E-1,2.512500000E2
2.080887910E-1,2.512500000E2
2.107127910E-1,2.512500000E2
2.133377910E-1,2.512500000E2
2.159617910E-1,2.512500000E2
2.185867910E-1,2.512500000E2
2.212107910E-1,2.512500000E2
2.238357910E-1,2.512500000E2
2.264597910E-1,2.512500000E2
2.290847910E-1,2.512500000E2
2.317087910E-1,2.512500000E2
2.343337910E-1,2.512500000E2
2.369587910E-1,2.448750000E2
2.395827910E-1,2.448750000E2
2.422077910E-1,2.448750000E2
2.448317910E-1,2.448750000E2
2.474567910E-1,2.448750000E2
2.500807910E-1,2.448750000E2
2.527057910E-1,2.448750000E2
2.553297910E-1,2.448750000E2
2.579547910E-1,2.448750000E2
2.605787910E-1,2.512500000E2
2.632037910E-1,2.512500000E2
2.658277910E-1,2.512500000E2
2.684527910E-1,2.512500000E2
2.710767910E-1,2.512500000E2
2.737017910E-1,2.512500000E2
2.763257910E-1,2.512500000E2
2.789507910E-1,2.512500000E2
2.815747910E-1,2.512500000E2
2.841997910E-1,2.512500000E2
2.868237910E-1,2.512500000E2
2.894487910E-1,2.512500000E2
2.920727910E-1,2.512500000E2
2.946977910E-1,2.512500000E2
2.973217910E-1,2.512500000E2
2.999467910E-1,2.512500000E2
3.025707910E-1,2.512500000E2
3.051957910E-1,2.512500000E2
3.078197910E-1,2.512500000E2
3.104447910E-1,2.448750000E2
3.130687910E-1,2.448750000E2
3.156937910E-1,2.448750000E2
3.183177910E-1,2.448750000E2
3.209427910E-1,2.448750000E2
3.235667910E-1,2.448750000E2
3.261917910E-1,2.448750000E2
3.288157910E-1,2.448750000E2
3.314407910E-1,2.448750000E2
3.340647910E-1,2.448750000E2
3.366897910E-1,2.448750000E2
3.393137910E-1,2.512500000E2
3.419387910E-1,2.512500000E2
3.445627910E-1,2.512500000E2
3.471877910E-1,2.512500000E2
3.498127910E-1,2.512500000E2
3.524367910E-1,2.512500000E2
3.550617910E-1,2.512500000E2
3.576857910E-1,2.512500000E2
3.603107910E-1,2.512500000E2
3.629347910E-1,2.512500000E2
3.655597910E-1,2.512500000E2
3.681837910E-1,2.512500000E2
3.708087910E-1,2.512500000E2
3.734327910E-1,2.512500000E2
3.760577910E-1,2.512500000E2
3.786817910E-1,2.512500000E2
3.813067910E-1,2.512500000E2
3.839307910E-1,2.512500000E2
3.865557910E-1,2.512500000E2
3.891797910E-1,2.448750000E2
3.918047910E-1,2.448750000E2
3.944287910E-1,2.448750000E2
3.970537910E-1,2.448750000E2
3.996777910E-1,2.448750000E2
4.023027910E-1,2.448750000E2
4.049267910E-1,2.448750000E2
4.075517910E-1,2.448750000E2
4.101757910E-1,2.448750000E2
4.128007910E-1,2.448750000E2
4.154247910E-1,2.448750000E2
4.180497910E-1,2.448750000E2
4.206737910E-1,2.448750000E2
4.232987910E-1,2.448750000E2
4.259227910E-1,2.448750000E2
4.285477910E-1,2.448750000E2
4.311717910E-1,2.448750000E2
4.337967910E-1,2.448750000E2
4.364207910E-1,2.448750000E2
4.390457910E-1,2.512500000E2
4.416697910E-1,2.512500000E2
4.442947910E-1,2.512500000E2
4.469187910E-1,2.512500000E2
4.495437910E-1,2.512500000E2
4.521677910E-1,2.512500000E2
4.547927910E-1,2.512500000E2
4.574177910E-1,2.512500000E2
4.600417910E-1,2.512500000E2
4.626667910E-1,2.512500000E2
4.652907910E-1,2.512500000E2
4.679157910E-1,2.512500000E2
4.705397910E-1,2.512500000E2
4.731647910E-1,2.512500000E2
4.757887910E-1,2.512500000E2
4.784137910E-1,2.512500000E2
4.810377910E-1,2.512500000E2
4.836627910E-1,2.512500000E2
4.862867910E-1,2.512500000E2
4.889117910E-1,2.512500000E2
4.915357910E-1,2.512500000E2
4.941607910E-1,2.512500000E2
4.967847910E-1,2.512500000E2
4.994097910E-1,2.512500000E2
5.020337910E-1,2.512500000E2
5.046587910E-1,2.512500000E2
5.072827910E-1,2.512500000E2
5.099077910E-1,2.512500000E2
5.125317910E-1,2.512500000E2
5.151567910E-1,2.512500000E2
5.177807910E-1,2.512500000E2
5.204057910E-1,2.512500000E2
5.230297910E-1,2.512500000E2
5.256547910E-1,2.512500000E2
5.282787910E-1,2.512500000E2
5.309037910E-1,2.512500000E2
5.335277910E-1,2.512500000E2
5.361527910E-1,2.512500000E2
5.387767910E-1,2.512500000E2
5.414017910E-1,2.512500000E2
5.440257910E-1,2.512500000E2
5.466507910E-1,2.512500000E2
5.492747910E-1,2.512500000E2
5.518997910E-1,2.512500000E2
5.545237910E-1,2.512500000E2
5.571487910E-1,2.512500000E2
5.597727910E-1,2.512500000E2
5.623977910E-1,2.512500000E2
5.650217910E-1,2.512500000E2
5.676467910E-1,2.512500000E2
5.702717910E-1,2.512500000E2
5.728957910E-1,2.512500000E2
5.755207910E-1,2.512500000E2
5.781447910E-1,2.512500000E2
5.807697910E-1,2.512500000E2
5.833937910E-1,2.512500000E2
5.860187910E-1,2.512500000E2
5.886427910E-1,2.512500000E2
5.912677910E-1,2.512500000E2
5.938917910E-1,2.448750000E2
5.965167910E-1,2.448750000E2
5.991407910E-1,2.448750000E2
6.017657910E-1,2.448750000E2
6.043897910E-1,2.448750000E2
6.070147910E-1,2.448750000E2
6.096387910E-1,2.448750000E2
6.122637910E-1,2.448750000E2
6.148877910E-1,2.448750000E2
6.175127910E-1,2.512500000E2
6.201367910E-1,2.512500000E2
6.227617910E-1,2.512500000E2
6.253857910E-1,2.512500000E2
6.280107910E-1,2.512500000E2
6.306347910E-1,2.512500000E2
6.332597910E-1,2.512500000E2
6.358837910E-1,2.512500000E2
6.385087910E-1,2.512500000E2
6.411327910E-1,2.512500000E2
6.437577910E-1,2.512500000E2
6.463817910E-1,2.512500000E2
6.490067910E-1,2.512500000E2
6.516307910E-1,2.512500000E2
6.542557910E-1,2.512500000E2
6.568797910E-1,2.512500000E2
6.595047910E-1,2.512500000E2
6.621287910E-1,2.512500000E2
6.647537910E-1,2.512500000E2
6.673777910E-1,2.512500000E2
6.700027910E-1,2.512500000E2
6.726267910E-1,2.512500000E2
6.752517910E-1,2.512500000E2
6.778757910E-1,2.512500000E2
6.805007910E-1,2.512500000E2
6.831257910E-1,2.512500000E2
6.857497910E-1,2.512500000E2
6.883747910E-1,2.512500000E2
6.909987910E-1,2.512500000E2
6.936237910E-1,2.448750000E2
6.962477910E-1,2.448750000E2
6.988727910E-1,2.448750000E2
7.014967910E-1,2.448750000E2
7.041217910E-1,2.448750000E2
7.067457910E-1,2.448750000E2
7.093707910E-1,2.448750000E2
7.119947910E-1,2.448750000E2
7.146197910E-1,2.448750000E2
7.172437910E-1,2.448750000E2
7.198687910E-1,2.512500000E2
7.224927910E-1,2.512500000E2
7.251177910E-1,2.512500000E2
7.277417910E-1,2.512500000E2
7.303667910E-1,2.512500000E2
7.329907910E-1,2.512500000E2
7.356157910E-1,2.512500000E2
7.382397910E-1,2.512500000E2
7.408647910E-1,2.512500000E2
7.434887910E-1,2.512500000E2
7.461137910E-1,2.512500000E2
7.487377910E-1,2.512500000E2
7.513627910E-1,2.512500000E2
7.539867910E-1,2.512500000E2
7.566117910E-1,2.512500000E2
7.592357910E-1,2.512500000E2
7.618607910E-1,2.512500000E2
7.644847910E-1,2.512500000E2
7.671097910E-1,2.512500000E2
7.697337910E-1,2.512500000E2
7.723587910E-1,2.512500000E2
7.749827910E-1,2.512500000E2
7.776077910E-1,2.512500000E2
7.802317910E-1,2.512500000E2
7.828567910E-1,2.512500000E2
7.854807910E-1,2.512500000E2
7.881057910E-1,2.512500000E2
7.907297910E-1,2.512500000E2
7.933547910E-1,2.512500000E2
7.959797910E-1,2.512500000E2
7.986037910E-1,2.512500000E2
8.012287910E-1,2.512500000E2
8.038527910E-1,2.512500000E2
8.064777910E-1,2.512500000E2
8.091017910E-1,2.512500000E2
8.117267910E-1,2.512500000E2
8.143507910E-1,2.512500000E2
8.169757910E-1,2.512500000E2
8.195997910E-1,2.512500000E2
8.222247910E-1,2.512500000E2
8.248487910E-1,2.512500000E2
8.274737910E-1,2.512500000E2
8.300977910E-1,2.512500000E2
8.327227910E-1,2.512500000E2
8.353467910E-1,2.512500000E2
8.379717910E-1,2.512500000E2
8.405957910E-1,2.512500000E2
8.432207910E-1,2.512500000E2
8.458447910E-1,2.448750000E2
8.484697910E-1,2.448750000E2
8.510937910E-1,2.448750000E2
8.537187910E-1,2.448750000E2
8.563427910E-1,2.448750000E2
8.589677910E-1,2.448750000E2
8.615917910E-1,2.448750000E2
8.642167910E-1,2.448750000E2
8.668407910E-1,2.448750000E2
8.694657910E-1,2.448750000E2
8.720897910E-1,2.512500000E2
8.747147910E-1,2.512500000E2
8.773387910E-1,2.512500000E2
8.799637910E-1,2.512500000E2
8.825877910E-1,2.512500000E2
8.852127910E-1,2.512500000E2
8.878367910E-1,2.512500000E2
8.904617910E-1,2.512500000E2
8.930857910E-1,2.512500000E2
8.957107910E-1,2.512500000E2
8.983347910E-1,2.512500000E2
9.009597910E-1,2.512500000E2
9.035837910E-1,2.512500000E2
9.062087910E-1,2.512500000E2
9.088337910E-1,2.512500000E2
9.114577910E-1,2.512500000E2
9.140827910E-1,2.512500000E2
9.167067910E-1,2.512500000E2
9.193317910E-1,2.512500000E2
9.219557910E-1,2.512500000E2
9.245807910E-1,2.512500000E2
9.272047910E-1,2.512500000E2
9.298297910E-1,2.512500000E2
9.324537910E-1,2.512500000E2
9.350787910E-1,2.512500000E2
9.377027910E-1,2.512500000E2
9.403277910E-1,2.512500000E2
9.429517910E-1,2.512500000E2
9.455767910E-1,2.512500000E2
9.482007910E-1,2.448750000E2
9.508257910E-1,2.448750000E2
9.534497910E-1,2.448750000E2
9.560747910E-1,2.448750000E2
9.586987910E-1,2.448750000E2
9.613237910E-1,2.448750000E2
9.639477910E-1,2.448750000E2
9.665727910E-1,2.448750000E2
9.691967910E-1,2.448750000E2
9.718217910E-1,2.448750000E2
9.744457910E-1,2.512500000E2
9.770707910E-1,2.512500000E2
9.796947910E-1,2.512500000E2
9.823197910E-1,2.512500000E2
9.849437910E-1,2.512500000E2
9.875687910E-1,2.512500000E2
9.901927910E-1,2.512500000E2
9.928177910E-1,2.512500000E2
9.954417910E-1,2.512500000E2
9.980667910E-1,2.512500000E2
1.000690791E0,2.448750000E2
1.003315791E0,2.448750000E2
1.005939791E0,2.448750000E2
1.008564791E0,2.448750000E2
1.011188791E0,2.448750000E2
1.013813791E0,2.448750000E2
1.016437791E0,2.448750000E2
1.019062791E0,2.448750000E2
1.021687791E0,2.448750000E2
1.024311791E0,2.512500000E2
1.026936791E0,2.512500000E2
1.029560791E0,2.512500000E2
1.032185791E0,2.512500000E2
1.034809791E0,2.512500000E2
1.037434791E0,2.512500000E2
1.040058791E0,2.512500000E2
1.042683791E0,2.512500000E2
1.045307791E0,2.512500000E2
1.047932791E0,2.512500000E2
1.050556791E0,2.512500000E2
1.053181791E0,2.512500000E2
1.055805791E0,2.512500000E2
1.058430791E0,2.512500000E2
1.061054791E0,2.512500000E2
1.063679791E0,2.512500000E2
1.066303791E0,2.512500000E2
1.068928791E0,2.512500000E2
1.071552791E0,2.512500000E2
1.074177791E0,2.512500000E2
1.076801791E0,2.448750000E2
1.079426791E0,2.448750000E2
1.082050791E0,2.448750000E2
1.084675791E0,2.448750000E2
1.087299791E0,2.448750000E2
1.089924791E0,2.448750000E2
1.092548791E0,2.448750000E2
1.095173791E0,2.448750000E2
1.097797791E0,2.448750000E2
1.100422791E0,2.448750000E2
1.103046791E0,2.512500000E2
1.105671791E0,2.512500000E2
1.108295791E0,2.512500000E2
1.110920791E0,2.512500000E2
1.113544791E0,2.512500000E2
1.116169791E0,2.512500000E2
1.118793791E0,2.512500000E2
1.121418791E0,2.512500000E2
1.124042791E0,2.512500000E2
1.126667791E0,2.512500000E2
1.129292791E0,2.512500000E2
1.131916791E0,2.512500000E2
1.134541791E0,2.512500000E2
1.137165791E0,2.512500000E2
1.139790791E0,2.512500000E2
1.142414791E0,2.512500000E2
1.145039791E0,2.512500000E2
1.147663791E0,2.512500000E2
1.150288791E0,2.512500000E2
1.152912791E0,2.448750000E2
1.155537791E0,2.448750000E2
1.158161791E0,2.448750000E2
1.160786791E0,2.448750000E2
1.163410791E0,2.448750000E2
1.166035791E0,2.448750000E2
1.168659791E0,2.448750000E2
1.171284791E0,2.448750000E2
1.173908791E0,2.448750000E2
1.176533791E0,2.448750000E2
1.179157791E0,2.512500000E2
1.181782791E0,2.512500000E2
1.184406791E0,2.512500000E2
1.187031791E0,2.512500000E2
1.189655791E0,2.512500000E2
1.192280791E0,2.512500000E2
1.194904791E0,2.512500000E2
1.197529791E0,2.512500000E2
1.200153791E0,2.512500000E2
1.202778791E0,2.448750000E2
1.205402791E0,2.448750000E2
1.208027791E0,2.448750000E2
1.210651791E0,2.448750000E2
1.213276791E0,2.448750000E2
1.215900791E0,2.448750000E2
1.218525791E0,2.448750000E2
1.221149791E0,2.448750000E2
1.223774791E0,2.448750000E2
1.226398791E0,2.448750000E2
1.229023791E0,2.512500000E2
1.231647791E0,2.512500000E2
1.234272791E0,2.512500000E2
1.236896791E0,2.512500000E2
1.239521791E0,2.512500000E2
1.242146791E0,2.512500000E2
1.244770791E0,2.512500000E2
1.247395791E0,2.512500000E2
1.250019791E0,2.512500000E2
1.252644791E0,2.512500000E2
1.255268791E0,2.512500000E2
1.257893791E0,2.512500000E2
1.260517791E0,2.512500000E2
1.263142791E0,2.512500000E2
1.265766791E0,2.512500000E2
1.268391791E0,2.512500000E2
1.271015791E0,2.512500000E2
1.273640791E0,2.512500000E2
1.276264791E0,2.512500000E2
1.278889791E0,2.448750000E2
1.281513791E0,2.448750000E2
1.284138791E0,2.448750000E2
1.286762791E0,2.448750000E2
1.289387791E0,2.448750000E2
1.292011791E0,2.448750000E2
1.294636791E0,2.448750000E2
1.297260791E0,2.448750000E2
1.299885791E0,2.448750000E2
1.302509791E0,2.448750000E2
1.305134791E0,2.512500000E2
1.307758791E0,2.512500000E2
1.310383791E0,2.512500000E2
1.313007791E0,2.512500000E2
1.315632791E0,2.512500000E2
1.318256791E0,2.512500000E2
1.320881791E0,2.512500000E2
1.323505791E0,2.512500000E2
1.326130791E0,2.512500000E2
1.328754791E0,2.448750000E2
1.331379791E0,2.448750000E2
1.334003791E0,2.448750000E2
1.336628791E0,2.448750000E2
1.339252791E0,2.448750000E2
1.341877791E0,2.448750000E2
1.344501791E0,2.448750000E2
1.347126791E0,2.448750000E2
1.349750791E0,2.448750000E2
1.352375791E0,2.448750000E2
1.355000791E0,2.448750000E2
1.357624791E0,2.448750000E2
1.360249791E0,2.448750000E2
1.362873791E0,2.448750000E2
1.365498791E0,2.448750000E2
1.368122791E0,2.448750000E2
1.370747791E0,2.448750000E2
1.373371791E0,2.448750000E2
1.375996791E0,2.448750000E2
1.378620791E0,2.448750000E2
1.381245791E0,2.448750000E2
1.383869791E0,2.448750000E2
1.386494791E0,2.448750000E2
1.389118791E0,2.448750000E2
1.391743791E0,2.448750000E2
1.394367791E0,2.448750000E2
1.396992791E0,2.448750000E2
1.399616791E0,2.448750000E2
1.402241791E0,2.448750000E2
1.404865791E0,2.448750000E2
1.407490791E0,2.448750000E2
1.410114791E0,2.448750000E2
1.412739791E0,2.448750000E2
1.415363791E0,2.448750000E2
1.417988791E0,2.448750000E2
1.420612791E0,2.448750000E2
1.423237791E0,2.448750000E2
1.425861791E0,2.448750000E2
1.428486791E0,2.448750000E2
1.431110791E0,2.448750000E2
1.433735791E0,2.448750000E2
1.436359791E0,2.448750000E2
1.438984791E0,2.448750000E2
1.441608791E0,2.448750000E2
1.444233791E0,2.448750000E2
1.446857791E0,2.448750000E2
1.449482791E0,2.448750000E2
1.452106791E0,2.448750000E2
1.454731791E0,2.448750000E2
1.457355791E0,2.512500000E2
1.459980791E0,2.512500000E2
1.462604791E0,2.512500000E2
1.465229791E0,2.512500000E2
1.467854791E0,2.512500000E2
1.470478791E0,2.512500000E2
1.473103791E0,2.512500000E2
1.475727791E0,2.512500000E2
1.478352791E0,2.512500000E2
1.480976791E0,2.512500000E2
1.483601791E0,2.512500000E2
1.486225791E0,2.512500000E2
1.488850791E0,2.512500000E2
1.491474791E0,2.512500000E2
1.494099791E0,2.512500000E2
1.496723791E0,2.512500000E2
1.499348791E0,2.512500000E2
1.501972791E0,2.512500000E2
1.504597791E0,2.512500000E2
1.507221791E0,2.512500000E2
1.509846791E0,2.512500000E2
1.512470791E0,2.512500000E2
1.515095791E0,2.512500000E2
1.517719791E0,2.512500000E2
1.520344791E0,2.512500000E2
1.522968791E0,2.512500000E2
1.525593791E0,2.512500000E2
1.528217791E0,2.512500000E2
1.530842791E0,2.512500000E2
1.533466791E0,2.512500000E2
1.536091791E0,2.512500000E2
1.538715791E0,2.512500000E2
1.541340791E0,2.512500000E2
1.543964791E0,2.512500000E2
1.546589791E0,2.512500000E2
1.549213791E0,2.512500000E2
1.551838791E0,2.512500000E2
1.554462791E0,2.512500000E2
1.557087791E0,2.512500000E2
1.559711791E0,2.448750000E2
1.562336791E0,2.448750000E2
1.564960791E0,2.448750000E2
1.567585791E0,2.448750000E2
1.570209791E0,2.448750000E2
1.572834791E0,2.448750000E2
1.575458791E0,2.448750000E2
1.578083791E0,2.448750000E2
1.580708791E0,2.448750000E2
1.583332791E0,2.448750000E2
1.585957791E0,2.512500000E2
1.588581791E0,2.512500000E2
1.591206791E0,2.512500000E2
1.593830791E0,2.512500000E2
1.596455791E0,2.512500000E2
1.599079791E0,2.512500000E2
1.601704791E0,2.512500000E2
1.604328791E0,2.512500000E2
1.606953791E0,2.512500000E2
1.609577791E0,2.512500000E2
1.612202791E0,2.512500000E2
1.614826791E0,2.512500000E2
1.617451791E0,2.512500000E2
1.620075791E0,2.512500000E2
1.622700791E0,2.512500000E2
1.625324791E0,2.512500000E2
1.627949791E0,2.512500000E2
1.630573791E0,2.512500000E2
1.633198791E0,2.512500000E2
1.635822791E0,2.512500000E2
1.638447791E0,2.512500000E2
1.641071791E0,2.512500000E2
1.643696791E0,2.512500000E2
1.646320791E0,2.512500000E2
1.648945791E0,2.512500000E2
1.651569791E0,2.512500000E2
1.654194791E0,2.512500000E2
1.656818791E0,2.512500000E2
1.659443791E0,2.512500000E2
1.662067791E0,2.512500000E2
1.664692791E0,2.512500000E2
1.667316791E0,2.512500000E2
1.669941791E0,2.512500000E2
1.672565791E0,2.512500000E2
1.675190791E0,2.512500000E2
1.677814791E0,2.512500000E2
1.680439791E0,2.512500000E2
1.683063791E0,2.512500000E2
1.685688791E0,2.512500000E2
1.688312791E0,2.512500000E2
1.690937791E0,2.512500000E2
1.693562791E0,2.512500000E2
1.696186791E0,2.512500000E2
1.698811791E0,2.512500000E2
1.701435791E0,2.512500000E2
1.704060791E0,2.512500000E2
1.706684791E0,2.512500000E2
1.709309791E0,2.512500000E2
1.711933791E0,2.512500000E2
1.714558791E0,2.512500000E2
1.717182791E0,2.512500000E2
1.719807791E0,2.512500000E2
1.722431791E0,2.512500000E2
1.725056791E0,2.512500000E2
1.727680791E0,2.512500000E2
1.730305791E0,2.512500000E2
1.732929791E0,2.512500000E2
1.735554791E0,2.512500000E2
1.738178791E0,2.512500000E2
1.740803791E0,2.512500000E2
1.743427791E0,2.512500000E2
1.746052791E0,2.512500000E2
1.748676791E0,2.512500000E2
1.751301791E0,2.512500000E2
1.753925791E0,2.512500000E2
1.756550791E0,2.512500000E2
1.759174791E0,2.512500000E2
1.761799791E0,2.512500000E2
1.764423791E0,2.448750000E2
1.767048791E0,2.448750000E2
1.769672791E0,2.448750000E2
1.772297791E0,2.448750000E2
1.774921791E0,2.448750000E2
1.777546791E0,2.448750000E2
1.780170791E0,2.448750000E2
1.782795791E0,2.448750000E2
1.785419791E0,2.448750000E2
1.788044791E0,2.512500000E2
1.790668791E0,2.512500000E2
1.793293791E0,2.512500000E2
1.795917791E0,2.512500000E2
1.798542791E0,2.512500000E2
1.801167791E0,2.512500000E2
1.803791791E0,2.512500000E2
1.806416791E0,2.512500000E2
1.809040791E0,2.512500000E2
1.811665791E0,2.512500000E2
1.814289791E0,2.512500000E2
1.816914791E0,2.512500000E2
1.819538791E0,2.512500000E2
1.822163791E0,2.512500000E2
1.824787791E0,2.512500000E2
1.827412791E0,2.512500000E2
1.830036791E0,2.512500000E2
1.832661791E0,2.512500000E2
1.835285791E0,2.512500000E2
1.837910791E0,2.512500000E2
1.840534791E0,2.512500000E2
1.843159791E0,2.512500000E2
1.845783791E0,2.512500000E2
1.848408791E0,2.512500000E2
1.851032791E0,2.512500000E2
1.853657791E0,2.512500000E2
1.856281791E0,2.512500000E2
1.858906791E0,2.512500000E2
1.861530791E0,2.512500000E2
1.864155791E0,2.512500000E2
1.866779791E0,2.512500000E2
1.869404791E0,2.512500000E2
1.872028791E0,2.512500000E2
1.874653791E0,2.512500000E2
1.877277791E0,2.512500000E2
1.879902791E0,2.512500000E2
1.882526791E0,2.512500000E2
1.885151791E0,2.512500000E2
1.887775791E0,2.512500000E2
1.890400791E0,2.512500000E2
1.893024791E0,2.512500000E2
1.895649791E0,2.512500000E2
1.898273791E0,2.512500000E2
1.900898791E0,2.512500000E2
1.903522791E0,2.512500000E2
1.906147791E0,2.512500000E2
1.908771791E0,2.512500000E2
1.911396791E0,2.512500000E2
1.914021791E0,2.512500000E2
1.916645791E0,2.448750000E2
1.919270791E0,2.448750000E2
1.921894791E0,2.448750000E2
1.924519791E0,2.448750000E2
1.927143791E0,2.448750000E2
1.929768791E0,2.448750000E2
1.932392791E0,2.448750000E2
1.935017791E0,2.448750000E2
1.937641791E0,2.448750000E2
1.940266791E0,2.448750000E2
1.942890791E0,2.512500000E2
1.945515791E0,2.512500000E2
1.948139791E0,2.512500000E2
1.950764791E0,2.512500000E2
1.953388791E0,2.512500000E2
1.956013791E0,2.512500000E2
1.958637791E0,2.512500000E2
1.961262791E0,2.512500000E2
1.963886791E0,2.512500000E2
1.966511791E0,2.512500000E2
1.969135791E0,2.512500000E2
1.971760791E0,2.512500000E2
1.974384791E0,2.512500000E2
1.977009791E0,2.512500000E2
1.979633791E0,2.512500000E2
1.982258791E0,2.512500000E2
1.984882791E0,2.512500000E2
1.987507791E0,2.512500000E2
1.990131791E0,2.512500000E2
1.992756791E0,2.512500000E2
1.995380791E0,2.512500000E2
1.998005791E0,2.512500000E2
2.000629791E0,2.512500000E2
2.003254791E0,2.512500000E2
2.005878791E0,2.512500000E2
2.008503791E0,2.512500000E2
2.011127791E0,2.512500000E2
2.013752791E0,2.512500000E2
2.016376791E0,2.512500000E2
2.019001791E0,2.448750000E2
2.021625791E0,2.448750000E2
2.024250791E0,2.448750000E2
2.026875791E0,2.448750000E2
2.029499791E0,2.448750000E2
2.032124791E0,2.448750000E2
2.034748791E0,2.448750000E2
2.037373791E0,2.448750000E2
2.039997791E0,2.448750000E2
2.042622791E0,2.512500000E2
2.045246791E0,2.512500000E2
2.047871791E0,2.512500000E2
2.050495791E0,2.512500000E2
2.053120791E0,2.512500000E2
2.055744791E0,2.512500000E2
2.058369791E0,2.512500000E2
2.060993791E0,2.512500000E2
2.063618791E0,2.512500000E2
2.066242791E0,2.512500000E2
2.068867791E0,2.448750000E2
2.071491791E0,2.448750000E2
2.074116791E0,2.448750000E2
2.076740791E0,2.448750000E2
2.079365791E0,2.448750000E2
2.081989791E0,2.448750000E2
2.084614791E0,2.448750000E2
2.087238791E0,2.448750000E2
2.089863791E0,2.448750000E2
2.092487791E0,2.448750000E2
2.095112791E0,2.512500000E2
2.097736791E0,2.512500000E2
2.100361791E0,2.512500000E2
2.102985791E0,2.512500000E2
2.105610791E0,2.512500000E2
2.108234791E0,2.512500000E2
2.110859791E0,2.512500000E2
2.113483791E0,2.512500000E2
2.116108791E0,2.512500000E2
2.118732791E0,2.512500000E2
2.121357791E0,2.448750000E2
2.123981791E0,2.448750000E2
2.126606791E0,2.448750000E2
2.129230791E0,2.448750000E2
2.131855791E0,2.448750000E2
2.134479791E0,2.448750000E2
2.137104791E0,2.448750000E2
2.139729791E0,2.448750000E2
2.142353791E0,2.448750000E2
2.144978791E0,2.512500000E2
2.147602791E0,2.512500000E2
2.150227791E0,2.512500000E2
2.152851791E0,2.512500000E2
2.155476791E0,2.512500000E2
2.158100791E0,2.512500000E2
2.160725791E0,2.512500000E2
2.163349791E0,2.512500000E2
2.165974791E0,2.512500000E2
2.168598791E0,2.512500000E2
2.171223791E0,2.512500000E2
2.173847791E0,2.512500000E2
2.176472791E0,2.512500000E2
2.179096791E0,2.512500000E2
2.181721791E0,2.512500000E2
2.184345791E0,2.512500000E2
2.186970791E0,2.512500000E2
2.189594791E0,2.512500000E2
2.192219791E0,2.512500000E2
2.194843791E0,2.512500000E2
2.197468791E0,2.512500000E2
2.200092791E0,2.512500000E2
2.202717791E0,2.512500000E2
2.205341791E0,2.512500000E2
2.207966791E0,2.512500000E2
2.210590791E0,2.512500000E2
2.213215791E0,2.512500000E2
2.215839791E0,2.512500000E2
2.218464791E0,2.512500000E2
2.221088791E0,2.512500000E2
2.223713791E0,2.512500000E2
2.226337791E0,2.512500000E2
2.228962791E0,2.512500000E2
2.231586791E0,2.512500000E2
2.234211791E0,2.512500000E2
2.236835791E0,2.512500000E2
2.239460791E0,2.512500000E2
2.242084791E0,2.512500000E2
2.244709791E0,2.512500000E2
2.247333791E0,2.512500000E2
2.249958791E0,2.512500000E2
2.252583791E0,2.512500000E2
2.255207791E0,2.512500000E2
2.257832791E0,2.512500000E2
2.260456791E0,2.512500000E2
2.263081791E0,2.512500000E2
2.265705791E0,2.512500000E2
2.268330791E0,2.512500000E2
2.270954791E0,2.512500000E2
2.273579791E0,2.448750000E2
2.276203791E0,2.448750000E2
2.278828791E0,2.448750000E2
2.281452791E0,2.448750000E2
2.284077791E0,2.448750000E2
2.286701791E0,2.448750000E2
2.289326791E0,2.448750000E2
2.291950791E0,2.448750000E2
2.294575791E0,2.448750000E2
2.297199791E0,2.512500000E2
2.299824791E0,2.512500000E2
2.302448791E0,2.512500000E2
2.305073791E0,2.512500000E2
2.307697791E0,2.512500000E2
2.310322791E0,2.512500000E2
2.312946791E0,2.512500000E2
2.315571791E0,2.512500000E2
2.318195791E0,2.512500000E2
2.320820791E0,2.512500000E2
2.323444791E0,2.448750000E2
2.326069791E0,2.448750000E2
2.328693791E0,2.448750000E2
2.331318791E0,2.448750000E2
2.333942791E0,2.448750000E2
2.336567791E0,2.448750000E2
2.339191791E0,2.448750000E2
2.341816791E0,2.448750000E2
2.344440791E0,2.448750000E2
2.347065791E0,2.512500000E2
2.349689791E0,2.512500000E2
2.352314791E0,2.512500000E2
2.354938791E0,2.512500000E2
2.357563791E0,2.512500000E2
2.360187791E0,2.512500000E2
2.362812791E0,2.512500000E2
2.365437791E0,2.512500000E2
2.368061791E0,2.512500000E2
2.370686791E0,2.512500000E2
2.373310791E0,2.512500000E2
2.375935791E0,2.512500000E2
2.378559791E0,2.512500000E2
2.381184791E0,2.512500000E2
2.383808791E0,2.512500000E2
2.386433791E0,2.512500000E2
2.389057791E0,2.512500000E2
2.391682791E0,2.512500000E2
2.394306791E0,2.512500000E2
2.396931791E0,2.512500000E2
2.399555791E0,2.512500000E2
2.402180791E0,2.512500000E2
2.404804791E0,2.512500000E2
2.407429791E0,2.512500000E2
2.410053791E0,2.512500000E2
2.412678791E0,2.512500000E2
2.415302791E0,2.512500000E2
2.417927791E0,2.512500000E2
2.420551791E0,2.512500000E2
2.423176791E0,2.512500000E2
2.425800791E0,2.512500000E2
2.428425791E0,2.512500000E2
2.431049791E0,2.512500000E2
2.433674791E0,2.512500000E2
2.436298791E0,2.512500000E2
2.438923791E0,2.512500000E2
2.441547791E0,2.512500000E2
2.444172791E0,2.512500000E2
2.446796791E0,2.512500000E2
2.449421791E0,2.512500000E2
2.452045791E0,2.512500000E2
2.454670791E0,2.512500000E2
2.457294791E0,2.512500000E2
2.459919791E0,2.512500000E2
2.462543791E0,2.512500000E2
2.465168791E0,2.512500000E2
2.467792791E0,2.512500000E2
2.470417791E0,2.512500000E2
2.473042791E0,2.512500000E2
2.475666791E0,2.512500000E2
2.478291791E0,2.512500000E2
2.480915791E0,2.512500000E2
2.483540791E0,2.512500000E2
2.486164791E0,2.512500000E2
2.488789791E0,2.512500000E2
2.491413791E0,2.512500000E2
2.494038791E0,2.512500000E2
2.496662791E0,2.512500000E2
2.499287791E0,2.512500000E2
2.501911791E0,2.448750000E2
2.504536791E0,2.448750000E2
2.507160791E0,2.448750000E2
2.509785791E0,2.448750000E2
2.512409791E0,2.448750000E2
2.515034791E0,2.448750000E2
2.517658791E0,2.448750000E2
2.520283791E0,2.448750000E2
2.522907791E0,2.448750000E2
2.525532791E0,2.448750000E2
2.528156791E0,2.448750000E2
2.530781791E0,2.448750000E2
2.533405791E0,2.448750000E2
2.536030791E0,2.448750000E2
2.538654791E0,2.448750000E2
2.541279791E0,2.448750000E2
2.543903791E0,2.448750000E2
2.546528791E0,2.448750000E2
2.549152791E0,2.448750000E2
2.551777791E0,2.512500000E2
2.554401791E0,2.512500000E2
2.557026791E0,2.512500000E2
2.559650791E0,2.512500000E2
2.562275791E0,2.512500000E2
2.564899791E0,2.512500000E2
2.567524791E0,2.512500000E2
2.570148791E0,2.512500000E2
2.572773791E0,2.512500000E2
2.575397791E0,2.512500000E2
2.578022791E0,2.512500000E2
2.580646791E0,2.512500000E2
2.583271791E0,2.512500000E2
2.585896791E0,2.512500000E2
2.588520791E0,2.512500000E2
2.591145791E0,2.512500000E2
2.593769791E0,2.512500000E2
2.596394791E0,2.512500000E2
2.599018791E0,2.512500000E2
2.601643791E0,2.512500000E2
2.604267791E0,2.512500000E2
2.606892791E0,2.512500000E2
2.609516791E0,2.512500000E2
2.612141791E0,2.512500000E2
2.614765791E0,2.512500000E2
2.617390791E0,2.512500000E2
2.620014791E0,2.512500000E2
2.622639791E0,2.512500000E2
2.625263791E0,2.512500000E2
2.627888791E0,2.512500000E2
2.630512791E0,2.448750000E2
2.633137791E0,2.448750000E2
2.635761791E0,2.448750000E2
2.638386791E0,2.448750000E2
2.641010791E0,2.448750000E2
2.643635791E0,2.448750000E2
2.646259791E0,2.448750000E2
2.648884791E0,2.448750000E2
2.651508791E0,2.448750000E2
2.654133791E0,2.512500000E2
2.656757791E0,2.512500000E2
2.659382791E0,2.512500000E2
2.662006791E0,2.512500000E2
2.664631791E0,2.512500000E2
2.667255791E0,2.512500000E2
2.669880791E0,2.512500000E2
2.672504791E0,2.512500000E2
2.675129791E0,2.512500000E2
2.677753791E0,2.512500000E2
2.680378791E0,2.448750000E2
2.683002791E0,2.448750000E2
2.685627791E0,2.448750000E2
2.688251791E0,2.448750000E2
2.690876791E0,2.448750000E2
2.693500791E0,2.448750000E2
2.696125791E0,2.448750000E2
2.698750791E0,2.448750000E2
2.701374791E0,2.448750000E2
2.703999791E0,2.512500000E2
2.706623791E0,2.512500000E2
2.709248791E0,2.512500000E2
2.711872791E0,2.512500000E2
2.714497791E0,2.512500000E2
2.717121791E0,2.512500000E2
2.719746791E0,2.512500000E2
2.722370791E0,2.512500000E2
2.724995791E0,2.512500000E2
2.727619791E0,2.512500000E2
2.730244791E0,2.512500000E2
2.732868791E0,2.512500000E2
2.735493791E0,2.512500000E2
2.738117791E0,2.512500000E2
2.740742791E0,2.512500000E2
2.743366791E0,2.512500000E2
2.745991791E0,2.512500000E2
2.748615791E0,2.512500000E2
2.751240791E0,2.512500000E2
2.753864791E0,2.512500000E2
2.756489791E0,2.512500000E2
2.759113791E0,2.512500000E2
2.761738791E0,2.512500000E2
2.764362791E0,2.512500000E2
2.766987791E0,2.512500000E2
2.769611791E0,2.512500000E2
2.772236791E0,2.512500000E2
2.774860791E0,2.512500000E2
2.777485791E0,2.512500000E2
2.780109791E0,2.512500000E2
2.782734791E0,2.512500000E2
2.785358791E0,2.512500000E2
2.787983791E0,2.512500000E2
2.790607791E0,2.512500000E2
2.793232791E0,2.512500000E2
2.795856791E0,2.512500000E2
2.798481791E0,2.512500000E2
2.801105791E0,2.512500000E2
2.803730791E0,2.512500000E2
2.806354791E0,2.512500000E2
2.808979791E0,2.512500000E2
2.811604791E0,2.512500000E2
2.814228791E0,2.512500000E2
2.816853791E0,2.512500000E2
2.819477791E0,2.512500000E2
2.822102791E0,2.512500000E2
2.824726791E0,2.512500000E2
2.827351791E0,2.512500000E2
2.829975791E0,2.512500000E2
2.832600791E0,2.512500000E2
2.835224791E0,2.512500000E2
2.837849791E0,2.512500000E2
2.840473791E0,2.512500000E2
2.843098791E0,2.512500000E2
2.845722791E0,2.512500000E2
2.848347791E0,2.512500000E2
2.850971791E0,2.512500000E2
2.853596791E0,2.512500000E2
2.856220791E0,2.512500000E2
2.858845791E0,2.512500000E2
2.861469791E0,2.512500000E2
2.864094791E0,2.512500000E2
2.866718791E0,2.512500000E2
2.869343791E0,2.512500000E2
2.871967791E0,2.512500000E2
2.874592791E0,2.512500000E2
2.877216791E0,2.512500000E2
2.879841791E0,2.512500000E2
2.882465791E0,2.512500000E2
2.885090791E0,2.512500000E2
2.887714791E0,2.512500000E2
2.890339791E0,2.512500000E2
2.892963791E0,2.512500000E2
2.895588791E0,2.512500000E2
2.898212791E0,2.512500000E2
2.900837791E0,2.512500000E2
2.903461791E0,2.512500000E2
2.906086791E0,2.512500000E2
2.908710791E0,2.512500000E2
2.911335791E0,2.512500000E2
2.913959791E0,2.512500000E2
2.916584791E0,2.512500000E2
2.919208791E0,2.512500000E2
2.921833791E0,2.512500000E2
2.924458791E0,2.512500000E2
2.927082791E0,2.512500000E2
2.929707791E0,2.512500000E2
2.932331791E0,2.512500000E2
2.934956791E0,2.448750000E2
2.937580791E0,2.448750000E2
2.940205791E0,2.448750000E2
2.942829791E0,2.448750000E2
2.945454791E0,2.448750000E2
2.948078791E0,2.448750000E2
2.950703791E0,2.448750000E2
2.953327791E0,2.448750000E2
2.955952791E0,2.448750000E2
2.958576791E0,2.448750000E2
2.961201791E0,2.512500000E2
2.963825791E0,2.512500000E2
2.966450791E0,2.512500000E2
2.969074791E0,2.512500000E2
2.971699791E0,2.512500000E2
2.974323791E0,2.512500000E2
2.976948791E0,2.512500000E2
2.979572791E0,2.512500000E2
2.982197791E0,2.512500000E2
2.984821791E0,2.512500000E2
2.987446791E0,2.512500000E2
2.990070791E0,2.512500000E2
2.992695791E0,2.512500000E2
2.995319791E0,2.512500000E2
2.997944791E0,2.512500000E2
3.000568791E0,2.512500000E2
3.003193791E0,2.512500000E2
3.005817791E0,2.512500000E2
3.008442791E0,2.512500000E2
3.011066791E0,2.448750000E2
3.013691791E0,2.448750000E2
3.016315791E0,2.448750000E2
3.018940791E0,2.448750000E2
3.021564791E0,2.448750000E2
3.024189791E0,2.448750000E2
3.026813791E0,2.448750000E2
3.029438791E0,2.448750000E2
3.032062791E0,2.448750000E2
3.034687791E0,2.448750000E2
3.037312791E0,2.448750000E2
3.039936791E0,2.448750000E2
3.042561791E0,2.448750000E2
3.045185791E0,2.448750000E2
3.047810791E0,2.448750000E2
3.050434791E0,2.448750000E2
3.053059791E0,2.448750000E2
3.055683791E0,2.448750000E2
3.058308791E0,2.448750000E2
3.060932791E0,2.448750000E2
3.063557791E0,2.448750000E2
3.066181791E0,2.448750000E2
3.068806791E0,2.448750000E2
3.071430791E0,2.448750000E2
3.074055791E0,2.448750000E2
3.076679791E0,2.448750000E2
3.079304791E0,2.448750000E2
3.081928791E0,2.448750000E2
3.084553791E0,2.448750000E2
3.087177791E0,2.512500000E2
3.089802791E0,2.512500000E2
3.092426791E0,2.512500000E2
3.095051791E0,2.512500000E2
3.097675791E0,2.512500000E2
3.100300791E0,2.512500000E2
3.102924791E0,2.512500000E2
3.105549791E0,2.512500000E2
3.108173791E0,2.512500000E2
3.110798791E0,2.512500000E2
3.113422791E0,2.512500000E2
3.116047791E0,2.512500000E2
3.118671791E0,2.512500000E2
3.121296791E0,2.512500000E2
3.123920791E0,2.512500000E2
3.126545791E0,2.512500000E2
3.129169791E0,2.512500000E2
3.131794791E0,2.512500000E2
3.134418791E0,2.512500000E2
3.137043791E0,2.512500000E2
3.139667791E0,2.448750000E2
3.142292791E0,2.448750000E2
3.144917791E0,2.448750000E2
3.147541791E0,2.448750000E2
3.150166791E0,2.448750000E2
3.152790791E0,2.448750000E2
3.155415791E0,2.448750000E2
3.158039791E0,2.448750000E2
3.160664791E0,2.448750000E2
3.163288791E0,2.512500000E2
3.165913791E0,2.512500000E2
3.168537791E0,2.512500000E2
3.171162791E0,2.512500000E2
3.173786791E0,2.512500000E2
3.176411791E0,2.512500000E2
3.179035791E0,2.512500000E2
3.181660791E0,2.512500000E2
3.184284791E0,2.512500000E2
3.186909791E0,2.512500000E2
3.189533791E0,2.448750000E2
3.192158791E0,2.448750000E2
3.194782791E0,2.448750000E2
3.197407791E0,2.448750000E2
3.200031791E0,2.448750000E2
3.202656791E0,2.448750000E2
3.205280791E0,2.448750000E2
3.207905791E0,2.448750000E2
3.210529791E0,2.448750000E2
3.213154791E0,2.448750000E2
3.215778791E0,2.512500000E2
3.218403791E0,2.512500000E2
3.221027791E0,2.512500000E2
3.223652791E0,2.512500000E2
3.226276791E0,2.512500000E2
3.228901791E0,2.512500000E2
3.231525791E0,2.512500000E2
3.234150791E0,2.512500000E2
3.236774791E0,2.512500000E2
3.239399791E0,2.512500000E2
3.242023791E0,2.512500000E2
3.244648791E0,2.512500000E2
3.247272791E0,2.512500000E2
3.249897791E0,2.512500000E2
3.252521791E0,2.512500000E2
3.255146791E0,2.512500000E2
3.257771791E0,2.512500000E2
3.260395791E0,2.512500000E2
3.263020791E0,2.512500000E2
3.265644791E0,2.512500000E2
3.268269791E0,2.512500000E2
3.270893791E0,2.512500000E2
3.273518791E0,2.512500000E2
3.276142791E0,2.512500000E2
3.278767791E0,2.512500000E2
3.281391791E0,2.512500000E2
3.284016791E0,2.512500000E2
3.286640791E0,2.512500000E2
3.289265791E0,2.512500000E2
3.291889791E0,2.512500000E2
3.294514791E0,2.512500000E2
3.297138791E0,2.512500000E2
3.299763791E0,2.512500000E2
3.302387791E0,2.512500000E2
3.305012791E0,2.512500000E2
3.307636791E0,2.512500000E2
3.310261791E0,2.512500000E2
3.312885791E0,2.512500000E2
3.315510791E0,2.448750000E2
3.318134791E0,2.448750000E2
3.320759791E0,2.448750000E2
3.323383791E0,2.448750000E2
3.326008791E0,2.448750000E2
3.328632791E0,2.448750000E2
3.331257791E0,2.448750000E2
3.333881791E0,2.448750000E2
3.336506791E0,2.448750000E2
3.339130791E0,2.448750000E2
3.341755791E0,2.512500000E2
3.344379791E0,2.512500000E2
3.347004791E0,2.512500000E2
3.349628791E0,2.512500000E2
3.352253791E0,2.512500000E2
3.354877791E0,2.512500000E2
3.357502791E0,2.512500000E2
3.360126791E0,2.512500000E2
3.362751791E0,2.512500000E2
3.365375791E0,2.512500000E2
3.368000791E0,2.512500000E2
3.370625791E0,2.512500000E2
3.373249791E0,2.512500000E2
3.375874791E0,2.512500000E2
3.378498791E0,2.512500000E2
3.381123791E0,2.512500000E2
3.383747791E0,2.512500000E2
3.386372791E0,2.512500000E2
3.388996791E0,2.512500000E2
3.391621791E0,2.512500000E2
3.394245791E0,2.448750000E2
3.396870791E0,2.448750000E2
3.399494791E0,2.448750000E2
3.402119791E0,2.448750000E2
3.404743791E0,2.448750000E2
3.407368791E0,2.448750000E2
3.409992791E0,2.448750000E2
3.412617791E0,2.448750000E2
3.415241791E0,2.448750000E2
3.417866791E0,2.512500000E2
3.420490791E0,2.512500000E2
3.423115791E0,2.512500000E2
3.425739791E0,2.512500000E2
3.428364791E0,2.512500000E2
3.430988791E0,2.512500000E2
3.433613791E0,2.512500000E2
3.436237791E0,2.512500000E2
3.438862791E0,2.512500000E2
3.441486791E0,2.512500000E2
3.444111791E0,2.512500000E2
3.446735791E0,2.512500000E2
3.449360791E0,2.512500000E2
3.451984791E0,2.512500000E2
3.454609791E0,2.512500000E2
3.457233791E0,2.512500000E2
3.459858791E0,2.512500000E2
3.462482791E0,2.512500000E2
3.465107791E0,2.512500000E2
3.467731791E0,2.512500000E2
3.470356791E0,2.448750000E2
3.472980791E0,2.448750000E2
3.475605791E0,2.448750000E2
3.478229791E0,2.448750000E2
3.480854791E0,2.448750000E2
3.483479791E0,2.448750000E2
3.486103791E0,2.448750000E2
3.488728791E0,2.448750000E2
3.491352791E0,2.448750000E2
3.493977791E0,2.512500000E2
3.496601791E0,2.512500000E2
3.499226791E0,2.512500000E2
3.501850791E0,2.512500000E2
3.504475791E0,2.512500000E2
3.507099791E0,2.512500000E2
3.509724791E0,2.512500000E2
3.512348791E0,2.512500000E2
3.514973791E0,2.512500000E2
3.517597791E0,2.512500000E2
3.520222791E0,2.512500000E2
3.522846791E0,2.512500000E2
3.525471791E0,2.512500000E2
3.528095791E0,2.512500000E2
3.530720791E0,2.512500000E2
3.533344791E0,2.512500000E2
3.535969791E0,2.512500000E2
3.538593791E0,2.512500000E2
3.541218791E0,2.512500000E2
3.543842791E0,2.448750000E2
3.546467791E0,2.448750000E2
3.549091791E0,2.448750000E2
3.551716791E0,2.448750000E2
3.554340791E0,2.448750000E2
3.556965791E0,2.448750000E2
3.559589791E0,2.448750000E2
3.562214791E0,2.448750000E2
3.564838791E0,2.448750000E2
3.567463791E0,2.448750000E2
3.570087791E0,2.512500000E2
3.572712791E0,2.512500000E2
3.575336791E0,2.512500000E2
3.577961791E0,2.512500000E2
3.580585791E0,2.512500000E2
3.583210791E0,2.512500000E2
3.585834791E0,2.512500000E2
3.588459791E0,2.512500000E2
3.591083791E0,2.512500000E2
3.593708791E0,2.512500000E2
3.596333791E0,2.512500000E2
3.598957791E0,2.512500000E2
3.601582791E0,2.512500000E2
3.604206791E0,2.512500000E2
3.606831791E0,2.512500000E2
3.609455791E0,2.512500000E2
3.612080791E0,2.512500000E2
3.614704791E0,2.512500000E2
3.617329791E0,2.512500000E2
3.619953791E0,2.512500000E2
3.622578791E0,2.512500000E2
3.625202791E0,2.512500000E2
3.627827791E0,2.512500000E2
3.630451791E0,2.512500000E2
3.633076791E0,2.512500000E2
3.635700791E0,2.512500000E2
3.638325791E0,2.512500000E2
3.640949791E0,2.512500000E2
3.643574791E0,2.512500000E2
3.646198791E0,2.512500000E2
3.648823791E0,2.448750000E2
3.651447791E0,2.448750000E2
3.654072791E0,2.448750000E2
3.656696791E0,2.448750000E2
3.659321791E0,2.448750000E2
3.661945791E0,2.448750000E2
3.664570791E0,2.448750000E2
3.667194791E0,2.448750000E2
3.669819791E0,2.448750000E2
3.672443791E0,2.512500000E2
3.675068791E0,2.512500000E2
3.677692791E0,2.512500000E2
3.680317791E0,2.512500000E2
3.682941791E0,2.512500000E2
3.685566791E0,2.512500000E2
3.688190791E0,2.512500000E2
3.690815791E0,2.512500000E2
3.693439791E0,2.512500000E2
3.696064791E0,2.512500000E2
3.698688791E0,2.448750000E2
3.701313791E0,2.448750000E2
3.703937791E0,2.448750000E2
3.706562791E0,2.448750000E2
3.709187791E0,2.448750000E2
3.711811791E0,2.448750000E2
3.714436791E0,2.448750000E2
3.717060791E0,2.448750000E2
3.719685791E0,2.448750000E2
3.722309791E0,2.448750000E2
3.724934791E0,2.448750000E2
3.727558791E0,2.448750000E2
3.730183791E0,2.448750000E2
3.732807791E0,2.448750000E2
3.735432791E0,2.448750000E2
3.738056791E0,2.448750000E2
3.740681791E0,2.448750000E2
3.743305791E0,2.448750000E2
3.745930791E0,2.448750000E2
3.748554791E0,2.512500000E2
3.751179791E0,2.512500000E2
3.753803791E0,2.512500000E2
3.756428791E0,2.512500000E2
3.759052791E0,2.512500000E2
3.761677791E0,2.512500000E2
3.764301791E0,2.512500000E2
3.766926791E0,2.512500000E2
3.769550791E0,2.512500000E2
3.772175791E0,2.512500000E2
3.774799791E0,2.512500000E2
3.777424791E0,2.512500000E2
3.780048791E0,2.512500000E2
3.782673791E0,2.512500000E2
3.785297791E0,2.512500000E2
3.787922791E0,2.512500000E2
3.790546791E0,2.512500000E2
3.793171791E0,2.512500000E2
3.795795791E0,2.512500000E2
3.798420791E0,2.512500000E2
3.801044791E0,2.448750000E2
3.803669791E0,2.448750000E2
3.806293791E0,2.448750000E2
3.808918791E0,2.448750000E2
3.811542791E0,2.448750000E2
3.814167791E0,2.448750000E2
3.816792791E0,2.448750000E2
3.819416791E0,2.448750000E2
3.822041791E0,2.448750000E2
3.824665791E0,2.448750000E2
3.827290791E0,2.448750000E2
3.829914791E0,2.448750000E2
3.832539791E0,2.448750000E2
3.835163791E0,2.448750000E2
3.837788791E0,2.448750000E2
3.840412791E0,2.448750000E2
3.843037791E0,2.448750000E2
3.845661791E0,2.448750000E2
3.848286791E0,2.448750000E2
3.850910791E0,2.512500000E2
3.853535791E0,2.512500000E2
3.856159791E0,2.512500000E2
3.858784791E0,2.512500000E2
3.861408791E0,2.512500000E2
3.864033791E0,2.512500000E2
3.866657791E0,2.512500000E2
3.869282791E0,2.512500000E2
3.871906791E0,2.512500000E2
3.874531791E0,2.512500000E2
3.877155791E0,2.512500000E2
3.879780791E0,2.512500000E2
3.882404791E0,2.512500000E2
3.885029791E0,2.512500000E2
3.887653791E0,2.512500000E2
3.890278791E0,2.512500000E2
3.892902791E0,2.512500000E2
3.895527791E0,2.512500000E2
3.898151791E0,2.512500000E2
3.900776791E0,2.512500000E2
3.903400791E0,2.512500000E2
3.906025791E0,2.512500000E2
3.908649791E0,2.512500000E2
3.911274791E0,2.512500000E2
3.913898791E0,2.512500000E2
3.916523791E0,2.512500000E2
3.919147791E0,2.512500000E2
3.921772791E0,2.512500000E2
3.924396791E0,2.512500000E2
3.927021791E0,2.512500000E2
3.929646791E0,2.512500000E2
3.932270791E0,2.512500000E2
3.934895791E0,2.512500000E2
3.937519791E0,2.512500000E2
3.940144791E0,2.512500000E2
3.942768791E0,2.512500000E2
3.945393791E0,2.512500000E2
3.948017791E0,2.512500000E2
3.950642791E0,2.512500000E2
3.953266791E0,2.512500000E2
3.955891791E0,2.512500000E2
3.958515791E0,2.512500000E2
3.961140791E0,2.512500000E2
3.963764791E0,2.512500000E2
3.966389791E0,2.512500000E2
3.969013791E0,2.512500000E2
3.971638791E0,2.512500000E2
3.974262791E0,2.512500000E2
3.976887791E0,2.512500000E2
3.979511791E0,2.512500000E2
3.982136791E0,2.512500000E2
3.984760791E0,2.512500000E2
3.987385791E0,2.512500000E2
3.990009791E0,2.512500000E2
3.992634791E0,2.512500000E2
3.995258791E0,2.512500000E2
3.997883791E0,2.512500000E2
4.000507791E0,2.512500000E2
4.003132791E0,2.448750000E2
4.005756791E0,2.448750000E2
4.008381791E0,2.448750000E2
4.011005791E0,2.448750000E2
4.013630791E0,2.448750000E2
4.016254791E0,2.448750000E2
4.018879791E0,2.448750000E2
4.021503791E0,2.448750000E2
4.024128791E0,2.448750000E2
4.026752791E0,2.448750000E2
4.029377791E0,2.448750000E2
4.032001791E0,2.448750000E2
4.034626791E0,2.448750000E2
4.037250791E0,2.448750000E2
4.039875791E0,2.448750000E2
4.042500791E0,2.448750000E2
4.045124791E0,2.448750000E2
4.047749791E0,2.448750000E2
4.050373791E0,2.448750000E2
4.052998791E0,2.448750000E2
4.055622791E0,2.512500000E2
4.058247791E0,2.512500000E2
4.060871791E0,2.512500000E2
4.063496791E0,2.512500000E2
4.066120791E0,2.512500000E2
4.068745791E0,2.512500000E2
4.071369791E0,2.512500000E2
4.073994791E0,2.512500000E2
4.076618791E0,2.512500000E2
4.079243791E0,2.512500000E2
4.081867791E0,2.512500000E2
4.084492791E0,2.512500000E2
4.087116791E0,2.512500000E2
4.089741791E0,2.512500000E2
4.092365791E0,2.512500000E2
4.094990791E0,2.512500000E2
4.097614791E0,2.512500000E2
4.100239791E0,2.512500000E2
4.102863791E0,2.512500000E2
4.105488791E0,2.448750000E2
4.108112791E0,2.448750000E2
4.110737791E0,2.448750000E2
4.113361791E0,2.448750000E2
4.115986791E0,2.448750000E2
4.118610791E0,2.448750000E2
4.121235791E0,2.448750000E2
4.123859791E0,2.448750000E2
4.126484791E0,2.448750000E2
4.129108791E0,2.448750000E2
4.131733791E0,2.512500000E2
4.134357791E0,2.512500000E2
4.136982791E0,2.512500000E2
4.139606791E0,2.512500000E2
4.142231791E0,2.512500000E2
4.144855791E0,2.512500000E2
4.147480791E0,2.512500000E2
4.150104791E0,2.512500000E2
4.152729791E0,2.512500000E2
4.155354791E0,2.512500000E2
4.157978791E0,2.512500000E2
4.160603791E0,2.512500000E2
4.163227791E0,2.512500000E2
4.165852791E0,2.512500000E2
4.168476791E0,2.512500000E2
4.171101791E0,2.512500000E2
4.173725791E0,2.512500000E2
4.176350791E0,2.512500000E2
4.178974791E0,2.512500000E2
4.181599791E0,2.448750000E2
4.184223791E0,2.448750000E2
4.186848791E0,2.448750000E2
4.189472791E0,2.448750000E2
4.192097791E0,2.448750000E2
4.194721791E0,2.448750000E2
4.197346791E0,2.448750000E2
4.199970791E0,2.448750000E2
4.202595791E0,2.448750000E2
4.205219791E0,2.448750000E2
4.207844791E0,2.512500000E2
4.210468791E0,2.512500000E2
4.213093791E0,2.512500000E2
4.215717791E0,2.512500000E2
4.218342791E0,2.512500000E2
4.220966791E0,2.512500000E2
4.223591791E0,2.512500000E2
4.226215791E0,2.512500000E2
4.228840791E0,2.512500000E2
4.231464791E0,2.512500000E2
4.234089791E0,2.448750000E2
4.236713791E0,2.448750000E2
4.239338791E0,2.448750000E2
4.241962791E0,2.448750000E2
4.244587791E0,2.448750000E2
4.247211791E0,2.448750000E2
4.249836791E0,2.448750000E2
4.252460791E0,2.448750000E2
4.255085791E0,2.448750000E2
4.257709791E0,2.448750000E2
4.260334791E0,2.448750000E2
4.262958791E0,2.448750000E2
4.265583791E0,2.448750000E2
4.268208791E0,2.448750000E2
4.270832791E0,2.448750000E2
4.273457791E0,2.448750000E2
4.276081791E0,2.448750000E2
4.278706791E0,2.448750000E2
4.281330791E0,2.448750000E2
4.283955791E0,2.512500000E2
4.286579791E0,2.512500000E2
4.289204791E0,2.512500000E2
4.291828791E0,2.512500000E2
4.294453791E0,2.512500000E2
4.297077791E0,2.512500000E2
4.299702791E0,2.512500000E2
4.302326791E0,2.512500000E2
4.304951791E0,2.512500000E2
4.307575791E0,2.512500000E2
4.310200791E0,2.512500000E2
4.312824791E0,2.512500000E2
4.315449791E0,2.512500000E2
4.318073791E0,2.512500000E2
4.320698791E0,2.512500000E2
4.323322791E0,2.512500000E2
4.325947791E0,2.512500000E2
4.328571791E0,2.512500000E2
4.331196791E0,2.512500000E2
4.333820791E0,2.512500000E2
4.336445791E0,2.512500000E2
4.339069791E0,2.512500000E2
4.341694791E0,2.512500000E2
4.344318791E0,2.512500000E2
4.346943791E0,2.512500000E2
4.349567791E0,2.512500000E2
4.352192791E0,2.512500000E2
4.354816791E0,2.512500000E2
4.357441791E0,2.512500000E2
4.360065791E0,2.448750000E2
4.362690791E0,2.448750000E2
4.365314791E0,2.448750000E2
4.367939791E0,2.448750000E2
4.370563791E0,2.448750000E2
4.373188791E0,2.448750000E2
4.375812791E0,2.448750000E2
4.378437791E0,2.448750000E2
4.381062791E0,2.448750000E2
4.383686791E0,2.512500000E2
4.386311791E0,2.512500000E2
4.388935791E0,2.512500000E2
4.391560791E0,2.512500000E2
4.394184791E0,2.512500000E2
4.396809791E0,2.512500000E2
4.399433791E0,2.512500000E2
4.402058791E0,2.512500000E2
4.404682791E0,2.512500000E2
4.407307791E0,2.512500000E2
4.409931791E0,2.512500000E2
4.412556791E0,2.512500000E2
4.415180791E0,2.512500000E2
4.417805791E0,2.512500000E2
4.420429791E0,2.512500000E2
4.423054791E0,2.512500000E2
4.425678791E0,2.512500000E2
4.428303791E0,2.512500000E2
4.430927791E0,2.512500000E2
4.433552791E0,2.512500000E2
4.436176791E0,2.512500000E2
4.438801791E0,2.512500000E2
4.441425791E0,2.512500000E2
4.444050791E0,2.512500000E2
4.446674791E0,2.512500000E2
4.449299791E0,2.512500000E2
4.451923791E0,2.512500000E2
4.454548791E0,2.512500000E2
4.457172791E0,2.512500000E2
4.459797791E0,2.512500000E2
4.462421791E0,2.512500000E2
4.465046791E0,2.512500000E2
4.467670791E0,2.512500000E2
4.470295791E0,2.512500000E2
4.472919791E0,2.512500000E2
4.475544791E0,2.512500000E2
4.478168791E0,2.512500000E2
4.480793791E0,2.512500000E2
4.483417791E0,2.512500000E2
4.486042791E0,2.512500000E2
4.488667791E0,2.448750000E2
4.491291791E0,2.448750000E2
4.493916791E0,2.448750000E2
4.496540791E0,2.448750000E2
4.499165791E0,2.448750000E2
4.501789791E0,2.448750000E2
4.504414791E0,2.448750000E2
4.507038791E0,2.448750000E2
4.509663791E0,2.448750000E2
4.512287791E0,2.512500000E2
4.514912791E0,2.512500000E2
4.517536791E0,2.512500000E2
4.520161791E0,2.512500000E2
4.522785791E0,2.512500000E2
4.525410791E0,2.512500000E2
4.528034791E0,2.512500000E2
4.530659791E0,2.512500000E2
4.533283791E0,2.512500000E2
4.535908791E0,2.512500000E2
4.538532791E0,2.512500000E2
4.541157791E0,2.512500000E2
4.543781791E0,2.512500000E2
4.546406791E0,2.512500000E2
4.549030791E0,2.512500000E2
4.551655791E0,2.512500000E2
4.554279791E0,2.512500000E2
4.556904791E0,2.512500000E2
4.559528791E0,2.512500000E2
4.562153791E0,2.448750000E2
4.564777791E0,2.448750000E2
4.567402791E0,2.448750000E2
4.570026791E0,2.448750000E2
4.572651791E0,2.448750000E2
4.575275791E0,2.448750000E2
4.577900791E0,2.448750000E2
4.580524791E0,2.448750000E2
4.583149791E0,2.448750000E2
4.585773791E0,2.448750000E2
4.588398791E0,2.512500000E2
4.591022791E0,2.512500000E2
4.593647791E0,2.512500000E2
4.596271791E0,2.512500000E2
4.598896791E0,2.512500000E2
4.601521791E0,2.512500000E2
4.604145791E0,2.512500000E2
4.606770791E0,2.512500000E2
4.609394791E0,2.512500000E2
4.612019791E0,2.512500000E2
4.614643791E0,2.448750000E2
4.617268791E0,2.448750000E2
4.619892791E0,2.448750000E2
4.622517791E0,2.448750000E2
4.625141791E0,2.448750000E2
4.627766791E0,2.448750000E2
4.630390791E0,2.448750000E2
4.633015791E0,2.448750000E2
4.635639791E0,2.448750000E2
4.638264791E0,2.448750000E2
4.640888791E0,2.448750000E2
4.643513791E0,2.448750000E2
4.646137791E0,2.448750000E2
4.648762791E0,2.448750000E2
4.651386791E0,2.448750000E2
4.654011791E0,2.448750000E2
4.656635791E0,2.448750000E2
4.659260791E0,2.448750000E2
4.661884791E0,2.448750000E2
4.664509791E0,2.448750000E2
4.667133791E0,2.448750000E2
4.669758791E0,2.448750000E2
4.672382791E0,2.448750000E2
4.675007791E0,2.448750000E2
4.677631791E0,2.448750000E2
4.680256791E0,2.448750000E2
4.682880791E0,2.448750000E2
4.685505791E0,2.448750000E2
4.688129791E0,2.448750000E2
4.690754791E0,2.512500000E2
4.693378791E0,2.512500000E2
4.696003791E0,2.512500000E2
4.698627791E0,2.512500000E2
4.701252791E0,2.512500000E2
4.703876791E0,2.512500000E2
4.706501791E0,2.512500000E2
4.709125791E0,2.512500000E2
4.711750791E0,2.512500000E2
4.714375791E0,2.512500000E2
4.716999791E0,2.512500000E2
4.719624791E0,2.512500000E2
4.722248791E0,2.512500000E2
4.724873791E0,2.512500000E2
4.727497791E0,2.512500000E2
4.730122791E0,2.512500000E2
4.732746791E0,2.512500000E2
4.735371791E0,2.512500000E2
4.737995791E0,2.512500000E2
4.740620791E0,2.512500000E2
4.743244791E0,2.512500000E2
4.745869791E0,2.512500000E2
4.748493791E0,2.512500000E2
4.751118791E0,2.512500000E2
4.753742791E0,2.512500000E2
4.756367791E0,2.512500000E2
4.758991791E0,2.512500000E2
4.761616791E0,2.512500000E2
4.764240791E0,2.512500000E2
4.766865791E0,2.512500000E2
4.769489791E0,2.512500000E2
4.772114791E0,2.512500000E2
4.774738791E0,2.512500000E2
4.777363791E0,2.512500000E2
4.779987791E0,2.512500000E2
4.782612791E0,2.512500000E2
4.785236791E0,2.512500000E2
4.787861791E0,2.512500000E2
4.790485791E0,2.512500000E2
4.793110791E0,2.512500000E2
4.795734791E0,2.512500000E2
4.798359791E0,2.512500000E2
4.800983791E0,2.512500000E2
4.803608791E0,2.512500000E2
4.806232791E0,2.512500000E2
4.808857791E0,2.512500000E2
4.811481791E0,2.512500000E2
4.814106791E0,2.512500000E2
4.816730791E0,2.512500000E2
4.819355791E0,2.448750000E2
4.821979791E0,2.448750000E2
4.824604791E0,2.448750000E2
4.827229791E0,2.448750000E2
4.829853791E0,2.448750000E2
4.832478791E0,2.448750000E2
4.835102791E0,2.448750000E2
4.837727791E0,2.448750000E2
4.840351791E0,2.448750000E2
4.842976791E0,2.512500000E2
4.845600791E0,2.512500000E2
4.848225791E0,2.512500000E2
4.850849791E0,2.512500000E2
4.853474791E0,2.512500000E2
4.856098791E0,2.512500000E2
4.858723791E0,2.512500000E2
4.861347791E0,2.512500000E2
4.863972791E0,2.512500000E2
4.866596791E0,2.512500000E2
4.869221791E0,2.448750000E2
4.871845791E0,2.448750000E2
4.874470791E0,2.448750000E2
4.877094791E0,2.448750000E2
4.879719791E0,2.448750000E2
4.882343791E0,2.448750000E2
4.884968791E0,2.448750000E2
4.887592791E0,2.448750000E2
4.890217791E0,2.448750000E2
4.892841791E0,2.448750000E2
4.895466791E0,2.512500000E2
4.898090791E0,2.512500000E2
4.900715791E0,2.512500000E2
4.903339791E0,2.512500000E2
4.905964791E0,2.512500000E2
4.908588791E0,2.512500000E2
4.911213791E0,2.512500000E2
4.913837791E0,2.512500000E2
4.916462791E0,2.512500000E2
4.919086791E0,2.512500000E2
4.921711791E0,2.512500000E2
4.924335791E0,2.512500000E2
4.926960791E0,2.512500000E2
4.929584791E0,2.512500000E2
4.932209791E0,2.512500000E2
4.934833791E0,2.512500000E2
4.937458791E0,2.512500000E2
4.940083791E0,2.512500000E2
4.942707791E0,2.512500000E2
4.945332791E0,2.512500000E2
4.947956791E0,2.512500000E2
4.950581791E0,2.512500000E2
4.953205791E0,2.512500000E2
4.955830791E0,2.512500000E2
4.958454791E0,2.512500000E2
4.961079791E0,2.512500000E2
4.963703791E0,2.512500000E2
4.966328791E0,2.512500000E2
4.968952791E0,2.512500000E2
4.971577791E0,2.448750000E2
4.974201791E0,2.448750000E2
4.976826791E0,2.448750000E2
4.979450791E0,2.448750000E2
4.982075791E0,2.448750000E2
4.984699791E0,2.448750000E2
4.987324791E0,2.448750000E2
4.989948791E0,2.448750000E2
4.992573791E0,2.448750000E2
4.995197791E0,2.448750000E2
4.997822791E0,2.512500000E2
5.000446791E0,2.512500000E2
5.003071791E0,2.512500000E2
5.005695791E0,2.512500000E2
5.008320791E0,2.512500000E2
5.010944791E0,2.512500000E2
5.013569791E0,2.512500000E2
5.016193791E0,2.512500000E2
5.018818791E0,2.512500000E2
5.021442791E0,2.448750000E2
5.024067791E0,2.448750000E2
5.026691791E0,2.448750000E2
5.029316791E0,2.448750000E2
5.031940791E0,2.448750000E2
5.034565791E0,2.448750000E2
5.037189791E0,2.448750000E2
5.039814791E0,2.448750000E2
5.042438791E0,2.448750000E2
5.045063791E0,2.448750000E2
5.047687791E0,2.512500000E2
5.050312791E0,2.512500000E2
5.052937791E0,2.512500000E2
5.055561791E0,2.512500000E2
5.058186791E0,2.512500000E2
5.060810791E0,2.512500000E2
5.063435791E0,2.512500000E2
5.066059791E0,2.512500000E2
5.068684791E0,2.512500000E2
5.071308791E0,2.512500000E2
5.073933791E0,2.448750000E2
5.076557791E0,2.448750000E2
5.079182791E0,2.448750000E2
5.081806791E0,2.448750000E2
5.084431791E0,2.448750000E2
5.087055791E0,2.448750000E2
5.089680791E0,2.448750000E2
5.092304791E0,2.448750000E2
5.094929791E0,2.448750000E2
5.097553791E0,2.512500000E2
5.100178791E0,2.512500000E2
5.102802791E0,2.512500000E2
5.105427791E0,2.512500000E2
5.108051791E0,2.512500000E2
5.110676791E0,2.512500000E2
5.113300791E0,2.512500000E2
5.115925791E0,2.512500000E2
5.118549791E0,2.512500000E2
5.121174791E0,2.512500000E2
5.123798791E0,2.512500000E2
5.126423791E0,2.512500000E2
5.129047791E0,2.512500000E2
5.131672791E0,2.512500000E2
5.134296791E0,2.512500000E2
5.136921791E0,2.512500000E2
5.139545791E0,2.512500000E2
5.142170791E0,2.512500000E2
5.144794791E0,2.512500000E2
5.147419791E0,2.512500000E2
5.150043791E0,2.448750000E2
5.152668791E0,2.448750000E2
5.155292791E0,2.448750000E2
5.157917791E0,2.448750000E2
5.160542791E0,2.448750000E2
5.163166791E0,2.448750000E2
5.165791791E0,2.448750000E2
5.168415791E0,2.448750000E2
5.171040791E0,2.448750000E2
5.173664791E0,2.448750000E2
5.176289791E0,2.512500000E2
5.178913791E0,2.512500000E2
5.181538791E0,2.512500000E2
5.184162791E0,2.512500000E2
5.186787791E0,2.512500000E2
5.189411791E0,2.512500000E2
5.192036791E0,2.512500000E2
5.194660791E0,2.512500000E2
5.197285791E0,2.512500000E2
5.199909791E0,2.448750000E2
5.202534791E0,2.448750000E2
5.205158791E0,2.448750000E2
5.207783791E0,2.448750000E2
5.210407791E0,2.448750000E2
5.213032791E0,2.448750000E2
5.215656791E0,2.448750000E2
5.218281791E0,2.448750000E2
5.220905791E0,2.448750000E2
5.223530791E0,2.448750000E2
5.226154791E0,2.512500000E2
5.228779791E0,2.512500000E2
5.231403791E0,2.512500000E2
5.234028791E0,2.512500000E2
5.236652791E0,2.512500000E2
5.239277791E0,2.512500000E2
5.241901791E0,2.512500000E2
5.244526791E0,2.512500000E2
5.247150791E0,2.512500000E2
5.249775791E0,2.512500000E2
5.252399791E0,2.512500000E2
5.255024791E0,2.512500000E2
5.257648791E0,2.512500000E2
5.260273791E0,2.512500000E2
5.262897791E0,2.512500000E2
5.265522791E0,2.512500000E2
5.268146791E0,2.512500000E2
5.270771791E0,2.512500000E2
5.273396791E0,2.512500000E2
5.276020791E0,2.512500000E2
5.278645791E0,2.512500000E2
5.281269791E0,2.512500000E2
5.283894791E0,2.512500000E2
5.286518791E0,2.512500000E2
5.289143791E0,2.512500000E2
5.291767791E0,2.512500000E2
5.294392791E0,2.512500000E2
5.297016791E0,2.512500000E2
5.299641791E0,2.512500000E2
5.302265791E0,2.448750000E2
5.304890791E0,2.448750000E2
5.307514791E0,2.448750000E2
5.310139791E0,2.448750000E2
5.312763791E0,2.448750000E2
5.315388791E0,2.448750000E2
5.318012791E0,2.448750000E2
5.320637791E0,2.448750000E2
5.323261791E0,2.448750000E2
5.325886791E0,2.448750000E2
5.328510791E0,2.512500000E2
5.331135791E0,2.512500000E2
5.333759791E0,2.512500000E2
5.336384791E0,2.512500000E2
5.339008791E0,2.512500000E2
5.341633791E0,2.512500000E2
5.344257791E0,2.512500000E2
5.346882791E0,2.512500000E2
5.349506791E0,2.512500000E2
5.352131791E0,2.512500000E2
5.354755791E0,2.512500000E2
5.357380791E0,2.512500000E2
5.360004791E0,2.512500000E2
5.362629791E0,2.512500000E2
5.365253791E0,2.512500000E2
5.367878791E0,2.512500000E2
5.370502791E0,2.512500000E2
5.373127791E0,2.512500000E2
5.375751791E0,2.512500000E2
5.378376791E0,2.512500000E2
5.381000791E0,2.512500000E2
5.383625791E0,2.512500000E2
5.386250791E0,2.512500000E2
5.388874791E0,2.512500000E2
5.391499791E0,2.512500000E2
5.394123791E0,2.512500000E2
5.396748791E0,2.512500000E2
5.399372791E0,2.512500000E2
5.401997791E0,2.512500000E2
5.404621791E0,2.448750000E2
5.407246791E0,2.448750000E2
5.409870791E0,2.448750000E2
5.412495791E0,2.448750000E2
5.415119791E0,2.448750000E2
5.417744791E0,2.448750000E2
5.420368791E0,2.448750000E2
5.422993791E0,2.448750000E2
5.425617791E0,2.448750000E2
5.428242791E0,2.448750000E2
5.430866791E0,2.512500000E2
5.433491791E0,2.512500000E2
5.436115791E0,2.512500000E2
5.438740791E0,2.512500000E2
5.441364791E0,2.512500000E2
5.443989791E0,2.512500000E2
5.446613791E0,2.512500000E2
5.449238791E0,2.512500000E2
5.451862791E0,2.512500000E2
5.454487791E0,2.448750000E2
5.457111791E0,2.448750000E2
5.459736791E0,2.448750000E2
5.462360791E0,2.448750000E2
5.464985791E0,2.448750000E2
5.467609791E0,2.448750000E2
5.470234791E0,2.448750000E2
5.472858791E0,2.448750000E2
5.475483791E0,2.448750000E2
5.478107791E0,2.448750000E2
5.480732791E0,2.512500000E2
5.483356791E0,2.512500000E2
5.485981791E0,2.512500000E2
5.488605791E0,2.512500000E2
5.491230791E0,2.512500000E2
5.493854791E0,2.512500000E2
5.496479791E0,2.512500000E2
5.499104791E0,2.512500000E2
5.501728791E0,2.512500000E2
5.504353791E0,2.512500000E2
5.506977791E0,2.512500000E2
5.509602791E0,2.512500000E2
5.512226791E0,2.512500000E2
5.514851791E0,2.512500000E2
5.517475791E0,2.512500000E2
5.520100791E0,2.512500000E2
5.522724791E0,2.512500000E2
5.525349791E0,2.512500000E2
5.527973791E0,2.512500000E2
5.530598791E0,2.448750000E2
5.533222791E0,2.448750000E2
5.535847791E0,2.448750000E2
5.538471791E0,2.448750000E2
5.541096791E0,2.448750000E2
5.543720791E0,2.448750000E2
5.546345791E0,2.448750000E2
5.548969791E0,2.448750000E2
5.551594791E0,2.448750000E2
5.554218791E0,2.448750000E2
5.556843791E0,2.448750000E2
5.559467791E0,2.448750000E2
5.562092791E0,2.448750000E2
5.564716791E0,2.448750000E2
5.567341791E0,2.448750000E2
5.569965791E0,2.448750000E2
5.572590791E0,2.448750000E2
5.575214791E0,2.448750000E2
5.577839791E0,2.448750000E2
5.580463791E0,2.448750000E2
5.583088791E0,2.448750000E2
5.585712791E0,2.448750000E2
5.588337791E0,2.448750000E2
5.590961791E0,2.448750000E2
5.593586791E0,2.448750000E2
5.596210791E0,2.448750000E2
5.598835791E0,2.448750000E2
5.601459791E0,2.448750000E2
5.604084791E0,2.448750000E2
5.606708791E0,2.448750000E2
5.609333791E0,2.448750000E2
5.611958791E0,2.448750000E2
5.614582791E0,2.448750000E2
5.617207791E0,2.448750000E2
5.619831791E0,2.448750000E2
5.622456791E0,2.448750000E2
5.625080791E0,2.448750000E2
5.627705791E0,2.448750000E2
5.630329791E0,2.448750000E2
5.632954791E0,2.512500000E2
5.635578791E0,2.512500000E2
5.638203791E0,2.512500000E2
5.640827791E0,2.512500000E2
5.643452791E0,2.512500000E2
5.646076791E0,2.512500000E2
5.648701791E0,2.512500000E2
5.651325791E0,2.512500000E2
5.653950791E0,2.512500000E2
5.656574791E0,2.512500000E2
5.659199791E0,2.448750000E2
5.661823791E0,2.448750000E2
5.664448791E0,2.448750000E2
5.667072791E0,2.448750000E2
5.669697791E0,2.448750000E2
5.672321791E0,2.448750000E2
5.674946791E0,2.448750000E2
5.677570791E0,2.448750000E2
5.680195791E0,2.448750000E2
5.682819791E0,2.448750000E2
5.685444791E0,2.448750000E2
5.688068791E0,2.448750000E2
5.690693791E0,2.448750000E2
5.693317791E0,2.448750000E2
5.695942791E0,2.448750000E2
5.698566791E0,2.448750000E2
5.701191791E0,2.448750000E2
5.703815791E0,2.448750000E2
5.706440791E0,2.448750000E2
5.709064791E0,2.512500000E2
5.711689791E0,2.512500000E2
5.714313791E0,2.512500000E2
5.716938791E0,2.512500000E2
5.719562791E0,2.512500000E2
5.722187791E0,2.512500000E2
5.724812791E0,2.512500000E2
5.727436791E0,2.512500000E2
5.730061791E0,2.512500000E2
5.732685791E0,2.512500000E2
5.735310791E0,2.448750000E2
5.737934791E0,2.448750000E2
5.740559791E0,2.448750000E2
5.743183791E0,2.448750000E2
5.745808791E0,2.448750000E2
5.748432791E0,2.448750000E2
5.751057791E0,2.448750000E2
5.753681791E0,2.448750000E2
5.756306791E0,2.448750000E2
5.758930791E0,2.512500000E2
5.761555791E0,2.512500000E2
5.764179791E0,2.512500000E2
5.766804791E0,2.512500000E2
5.769428791E0,2.512500000E2
5.772053791E0,2.512500000E2
5.774677791E0,2.512500000E2
5.777302791E0,2.512500000E2
5.779926791E0,2.512500000E2
5.782551791E0,2.512500000E2
5.785175791E0,2.512500000E2
5.787800791E0,2.512500000E2
5.790424791E0,2.512500000E2
5.793049791E0,2.512500000E2
5.795673791E0,2.512500000E2
5.798298791E0,2.512500000E2
5.800922791E0,2.512500000E2
5.803547791E0,2.512500000E2
5.806171791E0,2.512500000E2
5.808796791E0,2.512500000E2
5.811420791E0,2.512500000E2
5.814045791E0,2.512500000E2
5.816669791E0,2.512500000E2
5.819294791E0,2.512500000E2
5.821918791E0,2.512500000E2
5.824543791E0,2.512500000E2
5.827162791E0,2.512500000E2
5.829787791E0,2.512500000E2
5.832411791E0,2.512500000E2
5.835036791E0,2.512500000E2
5.837660791E0,2.512500000E2
5.840285791E0,2.512500000E2
5.842909791E0,2.512500000E2
5.845534791E0,2.512500000E2
5.848158791E0,2.512500000E2
5.850783791E0,2.512500000E2
5.853407791E0,2.512500000E2
5.856032791E0,2.512500000E2
5.858656791E0,2.512500000E2
5.861281791E0,2.512500000E2
5.863905791E0,2.448750000E2
5.866530791E0,2.448750000E2
5.869154791E0,2.448750000E2
5.871779791E0,2.448750000E2
5.874403791E0,2.448750000E2
5.877028791E0,2.448750000E2
5.879653791E0,2.448750000E2
5.882277791E0,2.448750000E2
5.884902791E0,2.448750000E2
5.887526791E0,2.448750000E2
5.890151791E0,2.448750000E2
5.892775791E0,2.448750000E2
5.895400791E0,2.448750000E2
5.898024791E0,2.448750000E2
5.900649791E0,2.448750000E2
5.903273791E0,2.448750000E2
5.905898791E0,2.448750000E2
5.908522791E0,2.448750000E2
5.911147791E0,2.448750000E2
5.913771791E0,2.512500000E2
5.916396791E0,2.512500000E2
5.919020791E0,2.512500000E2
5.921645791E0,2.512500000E2
5.924269791E0,2.512500000E2
5.926894791E0,2.512500000E2
5.929518791E0,2.512500000E2
5.932143791E0,2.512500000E2
5.934767791E0,2.512500000E2
5.937392791E0,2.448750000E2
5.940016791E0,2.448750000E2
5.942641791E0,2.448750000E2
5.945265791E0,2.448750000E2
5.947890791E0,2.448750000E2
5.950514791E0,2.448750000E2
5.953139791E0,2.448750000E2
5.955763791E0,2.448750000E2
5.958388791E0,2.448750000E2
5.961012791E0,2.448750000E2
5.963637791E0,2.512500000E2
5.966261791E0,2.512500000E2
5.968886791E0,2.512500000E2
5.971510791E0,2.512500000E2
5.974135791E0,2.512500000E2
5.976759791E0,2.512500000E2
5.979384791E0,2.512500000E2
5.982008791E0,2.512500000E2
5.984633791E0,2.512500000E2
5.987257791E0,2.512500000E2
5.989882791E0,2.512500000E2
5.992507791E0,2.512500000E2
5.995131791E0,2.512500000E2
5.997756791E0,2.512500000E2
6.000380791E0,2.512500000E2
6.003005791E0,2.512500000E2
6.005629791E0,2.512500000E2
6.008254791E0,2.512500000E2
6.010878791E0,2.512500000E2
6.013503791E0,2.512500000E2
6.016127791E0,2.448750000E2
6.018752791E0,2.448750000E2
6.021376791E0,2.448750000E2
6.024001791E0,2.448750000E2
6.026625791E0,2.448750000E2
6.029250791E0,2.448750000E2
6.031874791E0,2.448750000E2
6.034499791E0,2.448750000E2
6.037123791E0,2.448750000E2
6.039748791E0,2.448750000E2
6.042372791E0,2.448750000E2
6.044997791E0,2.448750000E2
6.047621791E0,2.448750000E2
6.050246791E0,2.448750000E2
6.052870791E0,2.448750000E2
6.055495791E0,2.448750000E2
6.058119791E0,2.448750000E2
6.060744791E0,2.448750000E2
6.063368791E0,2.448750000E2
6.065993791E0,2.512500000E2
6.068617791E0,2.512500000E2
6.071242791E0,2.512500000E2
6.073866791E0,2.512500000E2
6.076491791E0,2.512500000E2
6.079115791E0,2.512500000E2
6.081740791E0,2.512500000E2
6.084364791E0,2.512500000E2
6.086989791E0,2.512500000E2
6.089613791E0,2.512500000E2
6.092238791E0,2.512500000E2
6.094862791E0,2.512500000E2
6.097487791E0,2.512500000E2
6.100111791E0,2.512500000E2
6.102736791E0,2.512500000E2
6.105361791E0,2.512500000E2
6.107985791E0,2.512500000E2
6.110610791E0,2.512500000E2
6.113234791E0,2.512500000E2
6.115859791E0,2.448750000E2
6.118483791E0,2.448750000E2
6.121108791E0,2.448750000E2
6.123732791E0,2.448750000E2
6.126357791E0,2.448750000E2
6.128981791E0,2.448750000E2
6.131606791E0,2.448750000E2
6.134230791E0,2.448750000E2
6.136855791E0,2.448750000E2
6.139479791E0,2.448750000E2
6.142104791E0,2.448750000E2
6.144728791E0,2.448750000E2
6.147353791E0,2.448750000E2
6.149977791E0,2.448750000E2
6.152602791E0,2.448750000E2
6.155226791E0,2.448750000E2
6.157851791E0,2.448750000E2
6.160475791E0,2.448750000E2
6.163100791E0,2.448750000E2
6.165724791E0,2.448750000E2
6.168349791E0,2.448750000E2
6.170973791E0,2.448750000E2
6.173598791E0,2.448750000E2
6.176222791E0,2.448750000E2
6.178847791E0,2.448750000E2
6.181471791E0,2.448750000E2
6.184096791E0,2.448750000E2
6.186720791E0,2.448750000E2
6.189345791E0,2.448750000E2
6.191969791E0,2.448750000E2
6.194594791E0,2.448750000E2
6.197218791E0,2.448750000E2
6.199843791E0,2.448750000E2
6.202467791E0,2.448750000E2
6.205092791E0,2.448750000E2
6.207716791E0,2.448750000E2
6.210341791E0,2.448750000E2
6.212965791E0,2.448750000E2
6.215590791E0,2.448750000E2
6.218215791E0,2.448750000E2
6.220839791E0,2.448750000E2
6.223464791E0,2.448750000E2
6.226088791E0,2.448750000E2
6.228713791E0,2.448750000E2
6.231337791E0,2.448750000E2
6.233962791E0,2.448750000E2
6.236586791E0,2.448750000E2
6.239211791E0,2.448750000E2
6.241835791E0,2.448750000E2
6.244460791E0,2.512500000E2
6.247084791E0,2.512500000E2
6.249709791E0,2.512500000E2
6.252333791E0,2.512500000E2
6.254958791E0,2.512500000E2
6.257582791E0,2.512500000E2
6.260207791E0,2.512500000E2
6.262831791E0,2.512500000E2
6.265456791E0,2.512500000E2
6.268080791E0,2.512500000E2
6.270705791E0,2.448750000E2
6.273329791E0,2.448750000E2
6.275954791E0,2.448750000E2
6.278578791E0,2.448750000E2
6.281203791E0,2.448750000E2
6.283827791E0,2.448750000E2
6.286452791E0,2.448750000E2
6.289076791E0,2.448750000E2
6.291701791E0,2.448750000E2
6.294325791E0,2.512500000E2
6.296950791E0,2.512500000E2
6.299574791E0,2.512500000E2
6.302199791E0,2.512500000E2
6.304823791E0,2.512500000E2
6.307448791E0,2.512500000E2
6.310072791E0,2.512500000E2
6.312697791E0,2.512500000E2
6.315321791E0,2.512500000E2
6.317946791E0,2.512500000E2
6.320570791E0,2.512500000E2
6.323195791E0,2.512500000E2
6.325819791E0,2.512500000E2
6.328444791E0,2.512500000E2
6.331069791E0,2.512500000E2
6.333693791E0,2.512500000E2
6.336318791E0,2.512500000E2
6.338942791E0,2.512500000E2
6.341567791E0,2.512500000E2
6.344191791E0,2.512500000E2
6.346816791E0,2.512500000E2
6.349440791E0,2.512500000E2
6.352065791E0,2.512500000E2
6.354689791E0,2.512500000E2
6.357314791E0,2.512500000E2
6.359938791E0,2.512500000E2
6.362563791E0,2.512500000E2
6.365187791E0,2.512500000E2
6.367812791E0,2.512500000E2
6.370436791E0,2.448750000E2
6.373061791E0,2.448750000E2
6.375685791E0,2.448750000E2
6.378310791E0,2.448750000E2
6.380934791E0,2.448750000E2
6.383559791E0,2.448750000E2
6.386183791E0,2.448750000E2
6.388808791E0,2.448750000E2
6.391432791E0,2.448750000E2
6.394057791E0,2.448750000E2
6.396681791E0,2.448750000E2
6.399306791E0,2.448750000E2
6.401930791E0,2.448750000E2
6.404555791E0,2.448750000E2
6.407179791E0,2.448750000E2
6.409804791E0,2.448750000E2
6.412428791E0,2.448750000E2
6.415053791E0,2.448750000E2
6.417677791E0,2.448750000E2
6.420302791E0,2.448750000E2
6.422926791E0,2.448750000E2
6.425551791E0,2.448750000E2
6.428175791E0,2.448750000E2
6.430800791E0,2.448750000E2
6.433424791E0,2.448750000E2
6.436049791E0,2.448750000E2
6.438674791E0,2.448750000E2
6.441298791E0,2.448750000E2
6.443923791E0,2.448750000E2
6.446547791E0,2.448750000E2
6.449172791E0,2.448750000E2
6.451796791E0,2.448750000E2
6.454421791E0,2.448750000E2
6.457045791E0,2.448750000E2
6.459670791E0,2.448750000E2
6.462294791E0,2.448750000E2
6.464919791E0,2.448750000E2
6.467543791E0,2.448750000E2
6.470168791E0,2.448750000E2
6.472792791E0,2.448750000E2
6.475417791E0,2.448750000E2
6.478041791E0,2.448750000E2
6.480666791E0,2.448750000E2
6.483290791E0,2.448750000E2
6.485915791E0,2.448750000E2
6.488539791E0,2.448750000E2
6.491164791E0,2.448750000E2
6.493788791E0,2.448750000E2
6.496413791E0,2.448750000E2
6.499037791E0,2.512500000E2
6.501662791E0,2.512500000E2
6.504286791E0,2.512500000E2
6.506911791E0,2.512500000E2
6.509535791E0,2.512500000E2
6.512160791E0,2.512500000E2
6.514784791E0,2.512500000E2
6.517409791E0,2.512500000E2
6.520033791E0,2.512500000E2
6.522658791E0,2.512500000E2
6.525282791E0,2.448750000E2
6.527907791E0,2.448750000E2
6.530531791E0,2.448750000E2
6.533156791E0,2.448750000E2
6.535780791E0,2.448750000E2
6.538405791E0,2.448750000E2
6.541029791E0,2.448750000E2
6.543654791E0,2.448750000E2
6.546278791E0,2.448750000E2
6.548903791E0,2.448750000E2
6.551528791E0,2.448750000E2
6.554152791E0,2.448750000E2
6.556777791E0,2.448750000E2
6.559401791E0,2.448750000E2
6.562026791E0,2.448750000E2
6.564650791E0,2.448750000E2
6.567275791E0,2.448750000E2
6.569899791E0,2.448750000E2
6.572524791E0,2.448750000E2
6.575148791E0,2.512500000E2
6.577773791E0,2.512500000E2
6.580397791E0,2.512500000E2
6.583022791E0,2.512500000E2
6.585646791E0,2.512500000E2
6.588271791E0,2.512500000E2
6.590895791E0,2.512500000E2
6.593520791E0,2.512500000E2
6.596144791E0,2.512500000E2
6.598769791E0,2.448750000E2
6.601393791E0,2.448750000E2
6.604018791E0,2.448750000E2
6.606642791E0,2.448750000E2
6.609267791E0,2.448750000E2
6.611891791E0,2.448750000E2
6.614516791E0,2.448750000E2
6.617140791E0,2.448750000E2
6.619765791E0,2.448750000E2
6.622389791E0,2.448750000E2
6.625014791E0,2.512500000E2
6.627638791E0,2.512500000E2
6.630263791E0,2.512500000E2
6.632887791E0,2.512500000E2
6.635512791E0,2.512500000E2
6.638136791E0,2.512500000E2
6.640761791E0,2.512500000E2
6.643385791E0,2.512500000E2
6.646010791E0,2.512500000E2
6.648634791E0,2.512500000E2
6.651259791E0,2.448750000E2
6.653883791E0,2.448750000E2
6.656508791E0,2.448750000E2
6.659132791E0,2.448750000E2
6.661757791E0,2.448750000E2
6.664382791E0,2.448750000E2
6.667006791E0,2.448750000E2
6.669631791E0,2.448750000E2
6.672255791E0,2.448750000E2
6.674880791E0,2.448750000E2
6.677504791E0,2.512500000E2
6.680129791E0,2.512500000E2
6.682753791E0,2.512500000E2
6.685378791E0,2.512500000E2
6.688002791E0,2.512500000E2
6.690627791E0,2.512500000E2
6.693251791E0,2.512500000E2
6.695876791E0,2.512500000E2
6.698500791E0,2.512500000E2
6.701125791E0,2.512500000E2
6.703749791E0,2.512500000E2
6.706374791E0,2.512500000E2
6.708998791E0,2.512500000E2
6.711623791E0,2.512500000E2
6.714247791E0,2.512500000E2
6.716872791E0,2.512500000E2
6.719496791E0,2.512500000E2
6.722121791E0,2.512500000E2
6.724745791E0,2.512500000E2
6.727370791E0,2.448750000E2
6.729994791E0,2.448750000E2
6.732619791E0,2.448750000E2
6.735243791E0,2.448750000E2
6.737868791E0,2.448750000E2
6.740492791E0,2.448750000E2
6.743117791E0,2.448750000E2
6.745741791E0,2.448750000E2
6.748366791E0,2.448750000E2
6.750990791E0,2.448750000E2
6.753615791E0,2.512500000E2
6.756239791E0,2.512500000E2
6.758864791E0,2.512500000E2
6.761488791E0,2.512500000E2
6.764113791E0,2.512500000E2
6.766737791E0,2.512500000E2
6.769362791E0,2.512500000E2
6.771986791E0,2.512500000E2
6.774611791E0,2.512500000E2
6.777236791E0,2.448750000E2
6.779860791E0,2.448750000E2
6.782485791E0,2.448750000E2
6.785109791E0,2.448750000E2
6.787734791E0,2.448750000E2
6.790358791E0,2.448750000E2
6.792983791E0,2.448750000E2
6.795607791E0,2.448750000E2
6.798232791E0,2.448750000E2
6.800856791E0,2.448750000E2
6.803481791E0,2.448750000E2
6.806105791E0,2.448750000E2
6.808730791E0,2.448750000E2
6.811354791E0,2.448750000E2
6.813979791E0,2.448750000E2
6.816603791E0,2.448750000E2
6.819228791E0,2.448750000E2
6.821852791E0,2.448750000E2
6.824477791E0,2.448750000E2
6.827101791E0,2.448750000E2
6.829726791E0,2.448750000E2
6.832350791E0,2.448750000E2
6.834975791E0,2.448750000E2
6.837599791E0,2.448750000E2
6.840224791E0,2.448750000E2
6.842848791E0,2.448750000E2
6.845473791E0,2.448750000E2
6.848097791E0,2.448750000E2
6.850722791E0,2.448750000E2
6.853346791E0,2.448750000E2
6.855971791E0,2.512500000E2
6.858595791E0,2.512500000E2
6.861220791E0,2.512500000E2
6.863844791E0,2.512500000E2
6.866469791E0,2.512500000E2
6.869093791E0,2.512500000E2
6.871718791E0,2.512500000E2
6.874342791E0,2.512500000E2
6.876967791E0,2.512500000E2
6.879591791E0,2.448750000E2
6.882216791E0,2.448750000E2
6.884840791E0,2.448750000E2
6.887465791E0,2.448750000E2
6.890090791E0,2.448750000E2
6.892714791E0,2.448750000E2
6.895339791E0,2.448750000E2
6.897963791E0,2.448750000E2
6.900588791E0,2.448750000E2
6.903212791E0,2.448750000E2
6.905837791E0,2.512500000E2
6.908461791E0,2.512500000E2
6.911086791E0,2.512500000E2
6.913710791E0,2.512500000E2
6.916335791E0,2.512500000E2
6.918959791E0,2.512500000E2
6.921584791E0,2.512500000E2
6.924208791E0,2.512500000E2
6.926833791E0,2.512500000E2
6.929457791E0,2.512500000E2
6.932082791E0,2.448750000E2
6.934706791E0,2.448750000E2
6.937331791E0,2.448750000E2
6.939955791E0,2.448750000E2
6.942580791E0,2.448750000E2
6.945204791E0,2.448750000E2
6.947829791E0,2.448750000E2
6.950453791E0,2.448750000E2
6.953078791E0,2.448750000E2
6.955702791E0,2.512500000E2
6.958327791E0,2.512500000E2
6.960951791E0,2.512500000E2
6.963576791E0,2.512500000E2
6.966200791E0,2.512500000E2
6.968825791E0,2.512500000E2
6.971449791E0,2.512500000E2
6.974074791E0,2.512500000E2
6.976698791E0,2.512500000E2
6.979323791E0,2.512500000E2
6.981947791E0,2.512500000E2
6.984572791E0,2.512500000E2
6.987196791E0,2.512500000E2
6.989821791E0,2.512500000E2
6.992445791E0,2.512500000E2
6.995070791E0,2.512500000E2
6.997694791E0,2.512500000E2
7.000319791E0,2.512500000E2
7.002944791E0,2.512500000E2
7.005568791E0,2.512500000E2
7.008193791E0,2.448750000E2
7.010817791E0,2.448750000E2
7.013442791E0,2.448750000E2
7.016066791E0,2.448750000E2
7.018691791E0,2.448750000E2
7.021315791E0,2.448750000E2
7.023940791E0,2.448750000E2
7.026564791E0,2.448750000E2
7.029189791E0,2.448750000E2
7.031813791E0,2.448750000E2
7.034438791E0,2.512500000E2
7.037062791E0,2.512500000E2
7.039687791E0,2.512500000E2
7.042311791E0,2.512500000E2
7.044936791E0,2.512500000E2
7.047560791E0,2.512500000E2
7.050185791E0,2.512500000E2
7.052809791E0,2.512500000E2
7.055434791E0,2.512500000E2
7.058058791E0,2.512500000E2
7.060683791E0,2.512500000E2
7.063307791E0,2.512500000E2
7.065932791E0,2.512500000E2
7.068556791E0,2.512500000E2
7.071181791E0,2.512500000E2
7.073805791E0,2.512500000E2
7.076430791E0,2.512500000E2
7.079054791E0,2.512500000E2
7.081679791E0,2.512500000E2
7.084303791E0,2.512500000E2
7.086928791E0,2.512500000E2
7.089552791E0,2.512500000E2
7.092177791E0,2.512500000E2
7.094801791E0,2.512500000E2
7.097426791E0,2.512500000E2
7.100050791E0,2.512500000E2
7.102675791E0,2.512500000E2
7.105299791E0,2.512500000E2
7.107924791E0,2.512500000E2
7.110549791E0,2.512500000E2
7.113173791E0,2.512500000E2
7.115798791E0,2.512500000E2
7.118422791E0,2.512500000E2
7.121047791E0,2.512500000E2
7.123671791E0,2.512500000E2
7.126296791E0,2.512500000E2
7.128920791E0,2.512500000E2
7.131545791E0,2.512500000E2
7.134169791E0,2.448750000E2
7.136794791E0,2.448750000E2
7.139418791E0,2.448750000E2
7.142043791E0,2.448750000E2
7.144667791E0,2.448750000E2
7.147292791E0,2.448750000E2
7.149916791E0,2.448750000E2
7.152541791E0,2.448750000E2
7.155165791E0,2.448750000E2
7.157790791E0,2.448750000E2
7.160414791E0,2.512500000E2
7.163039791E0,2.512500000E2
7.165663791E0,2.512500000E2
7.168288791E0,2.512500000E2
7.170912791E0,2.512500000E2
7.173537791E0,2.512500000E2
7.176161791E0,2.512500000E2
7.178786791E0,2.512500000E2
7.181410791E0,2.512500000E2
7.184035791E0,2.512500000E2
7.186659791E0,2.448750000E2
7.189284791E0,2.448750000E2
7.191908791E0,2.448750000E2
7.194533791E0,2.448750000E2
7.197157791E0,2.448750000E2
7.199782791E0,2.448750000E2
7.202406791E0,2.448750000E2
7.205031791E0,2.448750000E2
7.207655791E0,2.448750000E2
7.210280791E0,2.448750000E2
7.212904791E0,2.448750000E2
7.215529791E0,2.448750000E2
7.218153791E0,2.448750000E2
7.220778791E0,2.448750000E2
7.223403791E0,2.448750000E2
7.226027791E0,2.448750000E2
7.228652791E0,2.448750000E2
7.231276791E0,2.448750000E2
7.233901791E0,2.448750000E2
7.236525791E0,2.448750000E2
7.239150791E0,2.448750000E2
7.241774791E0,2.448750000E2
7.244399791E0,2.448750000E2
7.247023791E0,2.448750000E2
7.249648791E0,2.448750000E2
7.252272791E0,2.448750000E2
7.254897791E0,2.448750000E2
7.257521791E0,2.448750000E2
7.260146791E0,2.448750000E2
7.262770791E0,2.448750000E2
7.265395791E0,2.448750000E2
7.268019791E0,2.448750000E2
7.270644791E0,2.448750000E2
7.273268791E0,2.448750000E2
7.275893791E0,2.448750000E2
7.278517791E0,2.448750000E2
7.281142791E0,2.448750000E2
7.283766791E0,2.448750000E2
7.286391791E0,2.448750000E2
7.289015791E0,2.448750000E2
7.291640791E0,2.448750000E2
7.294264791E0,2.448750000E2
7.296889791E0,2.448750000E2
7.299513791E0,2.448750000E2
7.302138791E0,2.448750000E2
7.304762791E0,2.448750000E2
7.307387791E0,2.448750000E2
7.310011791E0,2.448750000E2
7.312636791E0,2.448750000E2
7.315260791E0,2.448750000E2
7.317885791E0,2.448750000E2
7.320509791E0,2.448750000E2
7.323134791E0,2.448750000E2
7.325758791E0,2.448750000E2
7.328383791E0,2.448750000E2
7.331007791E0,2.448750000E2
7.333632791E0,2.448750000E2
7.336257791E0,2.448750000E2
7.338881791E0,2.512500000E2
7.341506791E0,2.512500000E2
7.344130791E0,2.512500000E2
7.346755791E0,2.512500000E2
7.349379791E0,2.512500000E2
7.352004791E0,2.512500000E2
7.354628791E0,2.512500000E2
7.357253791E0,2.512500000E2
7.359877791E0,2.512500000E2
7.362502791E0,2.512500000E2
7.365126791E0,2.448750000E2
7.367751791E0,2.448750000E2
7.370375791E0,2.448750000E2
7.373000791E0,2.448750000E2
7.375624791E0,2.448750000E2
7.378249791E0,2.448750000E2
7.380873791E0,2.448750000E2
7.383498791E0,2.448750000E2
7.386122791E0,2.448750000E2
7.388747791E0,2.448750000E2
7.391371791E0,2.448750000E2
7.393996791E0,2.448750000E2
7.396620791E0,2.448750000E2
7.399245791E0,2.448750000E2
7.401869791E0,2.448750000E2
7.404494791E0,2.448750000E2
7.407118791E0,2.448750000E2
7.409743791E0,2.448750000E2
7.412367791E0,2.448750000E2
7.414992791E0,2.512500000E2
7.417616791E0,2.512500000E2
7.420241791E0,2.512500000E2
7.422865791E0,2.512500000E2
7.425490791E0,2.512500000E2
7.428114791E0,2.512500000E2
7.430739791E0,2.512500000E2
7.433363791E0,2.512500000E2
7.435988791E0,2.512500000E2
7.438612791E0,2.512500000E2
7.441237791E0,2.448750000E2
7.443861791E0,2.448750000E2
7.446486791E0,2.448750000E2
7.449111791E0,2.448750000E2
7.451735791E0,2.448750000E2
7.454360791E0,2.448750000E2
7.456984791E0,2.448750000E2
7.459609791E0,2.448750000E2
7.462233791E0,2.448750000E2
7.464858791E0,2.448750000E2
7.467482791E0,2.448750000E2
7.470107791E0,2.448750000E2
7.472731791E0,2.448750000E2
7.475356791E0,2.448750000E2
7.477980791E0,2.448750000E2
7.480605791E0,2.448750000E2
7.483229791E0,2.448750000E2
7.485854791E0,2.448750000E2
7.488478791E0,2.448750000E2
7.491103791E0,2.448750000E2
7.493727791E0,2.448750000E2
7.496352791E0,2.448750000E2
7.498976791E0,2.448750000E2
7.501601791E0,2.448750000E2
7.504225791E0,2.448750000E2
7.506850791E0,2.448750000E2
7.509474791E0,2.448750000E2
7.512099791E0,2.448750000E2
7.514723791E0,2.448750000E2
7.517348791E0,2.512500000E2
7.519972791E0,2.512500000E2
7.522597791E0,2.512500000E2
7.525221791E0,2.512500000E2
7.527846791E0,2.512500000E2
7.530470791E0,2.512500000E2
7.533095791E0,2.512500000E2
7.535719791E0,2.512500000E2
7.538344791E0,2.512500000E2
7.540968791E0,2.512500000E2
7.543593791E0,2.512500000E2
7.546217791E0,2.512500000E2
7.548842791E0,2.512500000E2
7.551466791E0,2.512500000E2
7.554091791E0,2.512500000E2
7.556715791E0,2.512500000E2
7.559340791E0,2.512500000E2
7.561965791E0,2.512500000E2
7.564589791E0,2.512500000E2
7.567214791E0,2.448750000E2
7.569838791E0,2.448750000E2
7.572463791E0,2.448750000E2
7.575087791E0,2.448750000E2
7.577712791E0,2.448750000E2
7.580336791E0,2.448750000E2
7.582961791E0,2.448750000E2
7.585585791E0,2.448750000E2
7.588210791E0,2.448750000E2
7.590834791E0,2.448750000E2
7.593459791E0,2.512500000E2
7.596083791E0,2.512500000E2
7.598708791E0,2.512500000E2
7.601332791E0,2.512500000E2
7.603957791E0,2.512500000E2
7.606581791E0,2.512500000E2
7.609206791E0,2.512500000E2
7.611830791E0,2.512500000E2
7.614455791E0,2.512500000E2
7.617079791E0,2.448750000E2
7.619704791E0,2.448750000E2
7.622328791E0,2.448750000E2
7.624953791E0,2.448750000E2
7.627577791E0,2.448750000E2
7.630202791E0,2.448750000E2
7.632826791E0,2.448750000E2
7.635451791E0,2.448750000E2
7.638075791E0,2.448750000E2
7.640700791E0,2.448750000E2
7.643324791E0,2.448750000E2
7.645949791E0,2.448750000E2
7.648573791E0,2.448750000E2
7.651198791E0,2.448750000E2
7.653822791E0,2.448750000E2
7.656447791E0,2.448750000E2
7.659071791E0,2.448750000E2
7.661696791E0,2.448750000E2
7.664320791E0,2.448750000E2
7.666945791E0,2.448750000E2
7.669569791E0,2.512500000E2
7.672194791E0,2.512500000E2
7.674819791E0,2.512500000E2
7.677443791E0,2.512500000E2
7.680068791E0,2.512500000E2
7.682692791E0,2.512500000E2
7.685317791E0,2.512500000E2
7.687941791E0,2.512500000E2
7.690566791E0,2.512500000E2
7.693190791E0,2.512500000E2
7.695815791E0,2.512500000E2
7.698439791E0,2.512500000E2
7.701064791E0,2.512500000E2
7.703688791E0,2.512500000E2
7.706313791E0,2.512500000E2
7.708937791E0,2.512500000E2
7.711562791E0,2.512500000E2
7.714186791E0,2.512500000E2
7.716811791E0,2.512500000E2
7.719435791E0,2.512500000E2
7.722060791E0,2.512500000E2
7.724684791E0,2.512500000E2
7.727309791E0,2.512500000E2
7.729933791E0,2.512500000E2
7.732558791E0,2.512500000E2
7.735182791E0,2.512500000E2
7.737807791E0,2.512500000E2
7.740431791E0,2.512500000E2
7.743056791E0,2.512500000E2
7.745680791E0,2.448750000E2
7.748305791E0,2.448750000E2
7.750929791E0,2.448750000E2
7.753554791E0,2.448750000E2
7.756178791E0,2.448750000E2
7.758803791E0,2.448750000E2
7.761427791E0,2.448750000E2
7.764052791E0,2.448750000E2
7.766676791E0,2.448750000E2
7.769301791E0,2.448750000E2
7.771925791E0,2.512500000E2
7.774550791E0,2.512500000E2
7.777174791E0,2.512500000E2
7.779799791E0,2.512500000E2
7.782424791E0,2.512500000E2
7.785048791E0,2.512500000E2
7.787673791E0,2.512500000E2
7.790297791E0,2.512500000E2
7.792922791E0,2.512500000E2
7.795546791E0,2.448750000E2
7.798171791E0,2.448750000E2
7.800795791E0,2.448750000E2
7.803420791E0,2.448750000E2
7.806044791E0,2.448750000E2
7.808669791E0,2.448750000E2
7.811293791E0,2.448750000E2
7.813918791E0,2.448750000E2
7.816542791E0,2.448750000E2
7.819167791E0,2.448750000E2
7.821791791E0,2.512500000E2
7.824416791E0,2.512500000E2
7.827040791E0,2.512500000E2
7.829665791E0,2.512500000E2
7.832289791E0,2.512500000E2
7.834914791E0,2.512500000E2
7.837538791E0,2.512500000E2
7.840163791E0,2.512500000E2
7.842787791E0,2.512500000E2
7.845412791E0,2.512500000E2
7.848036791E0,2.512500000E2
7.850661791E0,2.512500000E2
7.853285791E0,2.512500000E2
7.855910791E0,2.512500000E2
7.858534791E0,2.512500000E2
7.861159791E0,2.512500000E2
7.863783791E0,2.512500000E2
7.866408791E0,2.512500000E2
7.869032791E0,2.512500000E2
7.871657791E0,2.512500000E2
7.874281791E0,2.512500000E2
7.876906791E0,2.512500000E2
7.879530791E0,2.512500000E2
7.882155791E0,2.512500000E2
7.884779791E0,2.512500000E2
7.887404791E0,2.512500000E2
7.890028791E0,2.512500000E2
7.892653791E0,2.512500000E2
7.895278791E0,2.512500000E2
7.897902791E0,2.448750000E2
7.900527791E0,2.448750000E2
7.903151791E0,2.448750000E2
7.905776791E0,2.448750000E2
7.908400791E0,2.448750000E2
7.911025791E0,2.448750000E2
7.913649791E0,2.448750000E2
7.916274791E0,2.448750000E2
7.918898791E0,2.448750000E2
7.921523791E0,2.448750000E2
7.924147791E0,2.512500000E2
7.926772791E0,2.512500000E2
7.929396791E0,2.512500000E2
7.932021791E0,2.512500000E2
7.934645791E0,2.512500000E2
7.937270791E0,2.512500000E2
7.939894791E0,2.512500000E2
7.942519791E0,2.512500000E2
7.945143791E0,2.512500000E2
7.947768791E0,2.512500000E2
7.950392791E0,2.448750000E2
7.953017791E0,2.448750000E2
7.955641791E0,2.448750000E2
7.958266791E0,2.448750000E2
7.960890791E0,2.448750000E2
7.963515791E0,2.448750000E2
7.966139791E0,2.448750000E2
7.968764791E0,2.448750000E2
7.971388791E0,2.448750000E2
7.974013791E0,2.448750000E2
7.976637791E0,2.448750000E2
7.979262791E0,2.448750000E2
7.981886791E0,2.448750000E2
7.984511791E0,2.448750000E2
7.987135791E0,2.448750000E2
7.989760791E0,2.448750000E2
7.992384791E0,2.448750000E2
7.995009791E0,2.448750000E2
7.997633791E0,2.448750000E2
8.000258791E0,2.448750000E2
8.002882791E0,2.448750000E2
8.005507791E0,2.448750000E2
8.008132791E0,2.448750000E2
8.010756791E0,2.448750000E2
8.013381791E0,2.448750000E2
8.016005791E0,2.448750000E2
8.018630791E0,2.448750000E2
8.021254791E0,2.448750000E2
8.023879791E0,2.448750000E2
8.026503791E0,2.512500000E2
8.029128791E0,2.512500000E2
8.031752791E0,2.512500000E2
8.034377791E0,2.512500000E2
8.037001791E0,2.512500000E2
8.039626791E0,2.512500000E2
8.042250791E0,2.512500000E2
8.044875791E0,2.512500000E2
8.047499791E0,2.512500000E2
8.050124791E0,2.512500000E2
8.052748791E0,2.448750000E2
8.055373791E0,2.448750000E2
8.057997791E0,2.448750000E2
8.060622791E0,2.448750000E2
8.063246791E0,2.448750000E2
8.065871791E0,2.448750000E2
8.068495791E0,2.448750000E2
8.071120791E0,2.448750000E2
8.073744791E0,2.448750000E2
8.076369791E0,2.448750000E2
8.078993791E0,2.448750000E2
8.081618791E0,2.448750000E2
8.084242791E0,2.448750000E2
8.086867791E0,2.448750000E2
8.089491791E0,2.448750000E2
8.092116791E0,2.448750000E2
8.094740791E0,2.448750000E2
8.097365791E0,2.448750000E2
8.099989791E0,2.448750000E2
8.102614791E0,2.512500000E2
8.105238791E0,2.512500000E2
8.107863791E0,2.512500000E2
8.110487791E0,2.512500000E2
8.113112791E0,2.512500000E2
8.115736791E0,2.512500000E2
8.118361791E0,2.512500000E2
8.120986791E0,2.512500000E2
8.123610791E0,2.512500000E2
8.126235791E0,2.512500000E2
8.128859791E0,2.512500000E2
8.131484791E0,2.512500000E2
8.134108791E0,2.512500000E2
8.136733791E0,2.512500000E2
8.139357791E0,2.512500000E2
8.141982791E0,2.512500000E2
8.144606791E0,2.512500000E2
8.147231791E0,2.512500000E2
8.149855791E0,2.512500000E2
8.152480791E0,2.448750000E2
8.155104791E0,2.448750000E2
8.157729791E0,2.448750000E2
8.160353791E0,2.448750000E2
8.162978791E0,2.448750000E2
8.165602791E0,2.448750000E2
8.168227791E0,2.448750000E2
8.170851791E0,2.448750000E2
8.173476791E0,2.448750000E2
8.176100791E0,2.448750000E2
8.178725791E0,2.512500000E2
8.181349791E0,2.512500000E2
8.183974791E0,2.512500000E2
8.186598791E0,2.512500000E2
8.189223791E0,2.512500000E2
8.191847791E0,2.512500000E2
8.194472791E0,2.512500000E2
8.197096791E0,2.512500000E2
8.199721791E0,2.512500000E2
8.202345791E0,2.512500000E2
8.204970791E0,2.448750000E2
8.207594791E0,2.448750000E2
8.210219791E0,2.448750000E2
8.212843791E0,2.448750000E2
8.215468791E0,2.448750000E2
8.218092791E0,2.448750000E2
8.220717791E0,2.448750000E2
8.223341791E0,2.448750000E2
8.225966791E0,2.448750000E2
8.228590791E0,2.448750000E2
8.231215791E0,2.448750000E2
8.233840791E0,2.448750000E2
8.236464791E0,2.448750000E2
8.239089791E0,2.448750000E2
8.241713791E0,2.448750000E2
8.244338791E0,2.448750000E2
8.246962791E0,2.448750000E2
8.249587791E0,2.448750000E2
8.252211791E0,2.448750000E2
8.254836791E0,2.512500000E2
8.257460791E0,2.512500000E2
8.260085791E0,2.512500000E2
8.262709791E0,2.512500000E2
8.265334791E0,2.512500000E2
8.267958791E0,2.512500000E2
8.270583791E0,2.512500000E2
8.273207791E0,2.512500000E2
8.275832791E0,2.512500000E2
8.278456791E0,2.512500000E2
8.281081791E0,2.448750000E2
8.283705791E0,2.448750000E2
8.286330791E0,2.448750000E2
8.288954791E0,2.448750000E2
8.291579791E0,2.448750000E2
8.294203791E0,2.448750000E2
8.296828791E0,2.448750000E2
8.299452791E0,2.448750000E2
8.302077791E0,2.448750000E2
8.304701791E0,2.448750000E2
8.307326791E0,2.448750000E2
8.309950791E0,2.448750000E2
8.312575791E0,2.448750000E2
8.315199791E0,2.448750000E2
8.317824791E0,2.448750000E2
8.320448791E0,2.448750000E2
8.323073791E0,2.448750000E2
8.325697791E0,2.448750000E2
8.328322791E0,2.448750000E2
8.330946791E0,2.512500000E2
8.333571791E0,2.512500000E2
8.336195791E0,2.512500000E2
8.338820791E0,2.512500000E2
8.341444791E0,2.512500000E2
8.344069791E0,2.512500000E2
8.346694791E0,2.512500000E2
8.349318791E0,2.512500000E2
8.351943791E0,2.512500000E2
8.354567791E0,2.512500000E2
8.357192791E0,2.512500000E2
8.359816791E0,2.512500000E2
8.362441791E0,2.512500000E2
8.365065791E0,2.512500000E2
8.367690791E0,2.512500000E2
8.370314791E0,2.512500000E2
8.372939791E0,2.512500000E2
8.375563791E0,2.512500000E2
8.378188791E0,2.512500000E2
8.380812791E0,2.512500000E2
8.383437791E0,2.448750000E2
8.386061791E0,2.448750000E2
8.388686791E0,2.448750000E2
8.391310791E0,2.448750000E2
8.393935791E0,2.448750000E2
8.396559791E0,2.448750000E2
8.399184791E0,2.448750000E2
8.401808791E0,2.448750000E2
8.404433791E0,2.448750000E2
8.407057791E0,2.448750000E2
8.409682791E0,2.448750000E2
8.412306791E0,2.448750000E2
8.414931791E0,2.448750000E2
8.417555791E0,2.448750000E2
8.420180791E0,2.448750000E2
8.422804791E0,2.448750000E2
8.425429791E0,2.448750000E2
8.428053791E0,2.448750000E2
8.430678791E0,2.448750000E2
8.433302791E0,2.512500000E2
8.435927791E0,2.512500000E2
8.438551791E0,2.512500000E2
8.441176791E0,2.512500000E2
8.443800791E0,2.512500000E2
8.446425791E0,2.512500000E2
8.449049791E0,2.512500000E2
8.451674791E0,2.512500000E2
8.454299791E0,2.512500000E2
8.456923791E0,2.448750000E2
8.459548791E0,2.448750000E2
8.462172791E0,2.448750000E2
8.464797791E0,2.448750000E2
8.467421791E0,2.448750000E2
8.470046791E0,2.448750000E2
8.472670791E0,2.448750000E2
8.475295791E0,2.448750000E2
8.477919791E0,2.448750000E2
8.480544791E0,2.448750000E2
8.483168791E0,2.448750000E2
8.485793791E0,2.448750000E2
8.488417791E0,2.448750000E2
8.491042791E0,2.448750000E2
8.493666791E0,2.448750000E2
8.496291791E0,2.448750000E2
8.498915791E0,2.448750000E2
8.501540791E0,2.448750000E2
8.504164791E0,2.448750000E2
8.506789791E0,2.448750000E2
8.509413791E0,2.512500000E2
8.512038791E0,2.512500000E2
8.514662791E0,2.512500000E2
8.517287791E0,2.512500000E2
8.519911791E0,2.512500000E2
8.522536791E0,2.512500000E2
8.525160791E0,2.512500000E2
8.527785791E0,2.512500000E2
8.530409791E0,2.512500000E2
8.533034791E0,2.512500000E2
8.535658791E0,2.448750000E2
8.538283791E0,2.448750000E2
8.540907791E0,2.448750000E2
8.543532791E0,2.448750000E2
8.546156791E0,2.448750000E2
8.548781791E0,2.448750000E2
8.551405791E0,2.448750000E2
8.554030791E0,2.448750000E2
8.556654791E0,2.448750000E2
8.559279791E0,2.448750000E2
8.561903791E0,2.512500000E2
8.564528791E0,2.512500000E2
8.567153791E0,2.512500000E2
8.569777791E0,2.512500000E2
8.572402791E0,2.512500000E2
8.575026791E0,2.512500000E2
8.577651791E0,2.512500000E2
8.580275791E0,2.512500000E2
8.582900791E0,2.512500000E2
8.585524791E0,2.448750000E2
8.588149791E0,2.448750000E2
8.590773791E0,2.448750000E2
8.593398791E0,2.448750000E2
8.596022791E0,2.448750000E2
8.598647791E0,2.448750000E2
8.601271791E0,2.448750000E2
8.603896791E0,2.448750000E2
8.606520791E0,2.448750000E2
8.609145791E0,2.448750000E2
8.611769791E0,2.448750000E2
8.614394791E0,2.448750000E2
8.617018791E0,2.448750000E2
8.619643791E0,2.448750000E2
8.622267791E0,2.448750000E2
8.624892791E0,2.448750000E2
8.627516791E0,2.448750000E2
8.630141791E0,2.448750000E2
8.632765791E0,2.448750000E2
8.635390791E0,2.448750000E2
8.638014791E0,2.448750000E2
8.640639791E0,2.448750000E2
8.643263791E0,2.448750000E2
8.645888791E0,2.448750000E2
8.648512791E0,2.448750000E2
8.651137791E0,2.448750000E2
8.653761791E0,2.448750000E2
8.656386791E0,2.448750000E2
8.659010791E0,2.448750000E2
8.661635791E0,2.512500000E2
8.664259791E0,2.512500000E2
8.666884791E0,2.512500000E2
8.669508791E0,2.512500000E2
8.672133791E0,2.512500000E2
8.674757791E0,2.512500000E2
8.677382791E0,2.512500000E2
8.680007791E0,2.512500000E2
8.682631791E0,2.512500000E2
8.685256791E0,2.512500000E2
8.687880791E0,2.448750000E2
8.690505791E0,2.448750000E2
8.693129791E0,2.448750000E2
8.695754791E0,2.448750000E2
8.698378791E0,2.448750000E2
8.701003791E0,2.448750000E2
8.703627791E0,2.448750000E2
8.706252791E0,2.448750000E2
8.708876791E0,2.448750000E2
8.711501791E0,2.448750000E2
8.714125791E0,2.512500000E2
8.716750791E0,2.512500000E2
8.719374791E0,2.512500000E2
8.721999791E0,2.512500000E2
8.724623791E0,2.512500000E2
8.727248791E0,2.512500000E2
8.729872791E0,2.512500000E2
8.732497791E0,2.512500000E2
8.735121791E0,2.512500000E2
8.737746791E0,2.448750000E2
8.740370791E0,2.448750000E2
8.742995791E0,2.448750000E2
8.745619791E0,2.448750000E2
8.748244791E0,2.448750000E2
8.750868791E0,2.448750000E2
8.753493791E0,2.448750000E2
8.756117791E0,2.448750000E2
8.758742791E0,2.448750000E2
8.761366791E0,2.448750000E2
8.763991791E0,2.448750000E2
8.766615791E0,2.448750000E2
8.769240791E0,2.448750000E2
8.771864791E0,2.448750000E2
8.774489791E0,2.448750000E2
8.777113791E0,2.448750000E2
8.779738791E0,2.448750000E2
8.782362791E0,2.448750000E2
8.784987791E0,2.448750000E2
8.787611791E0,2.448750000E2
8.790236791E0,2.448750000E2
8.792861791E0,2.448750000E2
8.795485791E0,2.448750000E2
8.798110791E0,2.448750000E2
8.800734791E0,2.448750000E2
8.803359791E0,2.448750000E2
8.805983791E0,2.448750000E2
8.808608791E0,2.448750000E2
8.811232791E0,2.448750000E2
8.813857791E0,2.512500000E2
8.816481791E0,2.512500000E2
8.819106791E0,2.512500000E2
8.821730791E0,2.512500000E2
8.824355791E0,2.512500000E2
8.826979791E0,2.512500000E2
8.829604791E0,2.512500000E2
8.832228791E0,2.512500000E2
8.834853791E0,2.512500000E2
8.837477791E0,2.512500000E2
8.840102791E0,2.512500000E2
8.842726791E0,2.512500000E2
8.845351791E0,2.512500000E2
8.847975791E0,2.512500000E2
8.850600791E0,2.512500000E2
8.853224791E0,2.512500000E2
8.855849791E0,2.512500000E2
8.858473791E0,2.512500000E2
8.861098791E0,2.512500000E2
8.863722791E0,2.512500000E2
8.866347791E0,2.448750000E2
8.868971791E0,2.448750000E2
8.871596791E0,2.448750000E2
8.874220791E0,2.448750000E2
8.876845791E0,2.448750000E2
8.879469791E0,2.448750000E2
8.882094791E0,2.448750000E2
8.884718791E0,2.448750000E2
8.887343791E0,2.448750000E2
8.889967791E0,2.448750000E2
8.892592791E0,2.512500000E2
8.895216791E0,2.512500000E2
8.897841791E0,2.512500000E2
8.900465791E0,2.512500000E2
8.903090791E0,2.512500000E2
8.905715791E0,2.512500000E2
8.908339791E0,2.512500000E2
8.910964791E0,2.512500000E2
8.913588791E0,2.512500000E2
8.916213791E0,2.448750000E2
8.918837791E0,2.448750000E2
8.921462791E0,2.448750000E2
8.924086791E0,2.448750000E2
8.926711791E0,2.448750000E2
8.929335791E0,2.448750000E2
8.931960791E0,2.448750000E2
8.934584791E0,2.448750000E2
8.937209791E0,2.448750000E2
8.939833791E0,2.448750000E2
8.942458791E0,2.512500000E2
8.945082791E0,2.512500000E2
8.947707791E0,2.512500000E2
8.950331791E0,2.512500000E2
8.952956791E0,2.512500000E2
8.955580791E0,2.512500000E2
8.958205791E0,2.512500000E2
8.960829791E0,2.512500000E2
8.963454791E0,2.512500000E2
8.966078791E0,2.512500000E2
8.968703791E0,2.448750000E2
8.971327791E0,2.448750000E2
8.973952791E0,2.448750000E2
8.976576791E0,2.448750000E2
8.979201791E0,2.448750000E2
8.981825791E0,2.448750000E2
8.984450791E0,2.448750000E2
8.987074791E0,2.448750000E2
8.989699791E0,2.448750000E2
8.992323791E0,2.448750000E2
8.994948791E0,2.448750000E2
8.997572791E0,2.448750000E2
9.000197791E0,2.448750000E2
9.002821791E0,2.448750000E2
9.005446791E0,2.448750000E2
9.008070791E0,2.448750000E2
9.010695791E0,2.448750000E2
9.013319791E0,2.448750000E2
9.015944791E0,2.448750000E2
9.018569791E0,2.448750000E2
9.021193791E0,2.448750000E2
9.023818791E0,2.448750000E2
9.026442791E0,2.448750000E2
9.029067791E0,2.448750000E2
9.031691791E0,2.448750000E2
9.034316791E0,2.448750000E2
9.036940791E0,2.448750000E2
9.039565791E0,2.448750000E2
9.042189791E0,2.448750000E2
9.044814791E0,2.448750000E2
9.047438791E0,2.448750000E2
9.050063791E0,2.448750000E2
9.052687791E0,2.448750000E2
9.055312791E0,2.448750000E2
9.057936791E0,2.448750000E2
9.060561791E0,2.448750000E2
9.063185791E0,2.448750000E2
9.065810791E0,2.448750000E2
9.068434791E0,2.448750000E2
9.071059791E0,2.448750000E2
9.073683791E0,2.448750000E2
9.076308791E0,2.448750000E2
9.078932791E0,2.448750000E2
9.081557791E0,2.448750000E2
9.084181791E0,2.448750000E2
9.086806791E0,2.448750000E2
9.089430791E0,2.448750000E2
9.092055791E0,2.448750000E2
9.094679791E0,2.448750000E2
9.097304791E0,2.448750000E2
9.099928791E0,2.448750000E2
9.102553791E0,2.448750000E2
9.105177791E0,2.448750000E2
9.107802791E0,2.448750000E2
9.110426791E0,2.448750000E2
9.113051791E0,2.448750000E2
9.115675791E0,2.448750000E2
9.118300791E0,2.448750000E2
9.120924791E0,2.448750000E2
9.123549791E0,2.448750000E2
9.126174791E0,2.448750000E2
9.128798791E0,2.448750000E2
9.131423791E0,2.448750000E2
9.134047791E0,2.448750000E2
9.136672791E0,2.448750000E2
9.139296791E0,2.448750000E2
9.141921791E0,2.448750000E2
9.144545791E0,2.448750000E2
9.147170791E0,2.512500000E2
9.149794791E0,2.512500000E2
9.152419791E0,2.512500000E2
9.155043791E0,2.512500000E2
9.157668791E0,2.512500000E2
9.160292791E0,2.512500000E2
9.162917791E0,2.512500000E2
9.165541791E0,2.512500000E2
9.168166791E0,2.512500000E2
9.170790791E0,2.448750000E2
9.173415791E0,2.448750000E2
9.176039791E0,2.448750000E2
9.178664791E0,2.448750000E2
9.181288791E0,2.448750000E2
9.183913791E0,2.448750000E2
9.186537791E0,2.448750000E2
9.189162791E0,2.448750000E2
9.191786791E0,2.448750000E2
9.194411791E0,2.448750000E2
9.197035791E0,2.512500000E2
9.199660791E0,2.512500000E2
9.202284791E0,2.512500000E2
9.204909791E0,2.512500000E2
9.207533791E0,2.512500000E2
9.210158791E0,2.512500000E2
9.212782791E0,2.512500000E2
9.215407791E0,2.512500000E2
9.218031791E0,2.512500000E2
9.220656791E0,2.512500000E2
9.223280791E0,2.448750000E2
9.225905791E0,2.448750000E2
9.228529791E0,2.448750000E2
9.231154791E0,2.448750000E2
9.233778791E0,2.448750000E2
9.236403791E0,2.448750000E2
9.239028791E0,2.448750000E2
9.241652791E0,2.448750000E2
9.244277791E0,2.448750000E2
9.246901791E0,2.448750000E2
9.249526791E0,2.448750000E2
9.252150791E0,2.448750000E2
9.254775791E0,2.448750000E2
9.257399791E0,2.448750000E2
9.260024791E0,2.448750000E2
9.262648791E0,2.448750000E2
9.265273791E0,2.448750000E2
9.267897791E0,2.448750000E2
9.270522791E0,2.448750000E2
9.273146791E0,2.448750000E2
9.275771791E0,2.448750000E2
9.278395791E0,2.448750000E2
9.281020791E0,2.448750000E2
9.283644791E0,2.448750000E2
9.286269791E0,2.448750000E2
9.288893791E0,2.448750000E2
9.291518791E0,2.448750000E2
9.294142791E0,2.448750000E2
9.296767791E0,2.448750000E2
9.299391791E0,2.448750000E2
9.302016791E0,2.448750000E2
9.304640791E0,2.448750000E2
9.307265791E0,2.448750000E2
9.309889791E0,2.448750000E2
9.312514791E0,2.448750000E2
9.315138791E0,2.448750000E2
9.317763791E0,2.448750000E2
9.320387791E0,2.448750000E2
9.323012791E0,2.448750000E2
9.325636791E0,2.448750000E2
9.328261791E0,2.448750000E2
9.330885791E0,2.448750000E2
9.333510791E0,2.448750000E2
9.336134791E0,2.448750000E2
9.338759791E0,2.448750000E2
9.341383791E0,2.448750000E2
9.344008791E0,2.448750000E2
9.346632791E0,2.448750000E2
9.349257791E0,2.448750000E2
9.351882791E0,2.448750000E2
9.354506791E0,2.448750000E2
9.357131791E0,2.448750000E2
9.359755791E0,2.448750000E2
9.362380791E0,2.448750000E2
9.365004791E0,2.448750000E2
9.367629791E0,2.448750000E2
9.370253791E0,2.448750000E2
9.372878791E0,2.448750000E2
9.375502791E0,2.448750000E2
9.378127791E0,2.448750000E2
9.380751791E0,2.448750000E2
9.383376791E0,2.448750000E2
9.386000791E0,2.448750000E2
9.388625791E0,2.448750000E2
9.391249791E0,2.448750000E2
9.393874791E0,2.448750000E2
9.396498791E0,2.448750000E2
9.399123791E0,2.448750000E2
9.401747791E0,2.448750000E2
9.404372791E0,2.448750000E2
9.406996791E0,2.448750000E2
9.409621791E0,2.448750000E2
9.412245791E0,2.448750000E2
9.414870791E0,2.448750000E2
9.417494791E0,2.448750000E2
9.420119791E0,2.448750000E2
9.422743791E0,2.448750000E2
9.425368791E0,2.448750000E2
9.427992791E0,2.448750000E2
9.430617791E0,2.448750000E2
9.433241791E0,2.448750000E2
9.435866791E0,2.448750000E2
9.438490791E0,2.448750000E2
9.441115791E0,2.448750000E2
9.443739791E0,2.448750000E2
9.446364791E0,2.448750000E2
9.448988791E0,2.448750000E2
9.451613791E0,2.448750000E2
9.454237791E0,2.448750000E2
9.456862791E0,2.448750000E2
9.459486791E0,2.448750000E2
9.462111791E0,2.448750000E2
9.464736791E0,2.448750000E2
9.467360791E0,2.448750000E2
9.469985791E0,2.448750000E2
9.472609791E0,2.448750000E2
9.475234791E0,2.512500000E2
9.477858791E0,2.512500000E2
9.480483791E0,2.512500000E2
9.483107791E0,2.512500000E2
9.485732791E0,2.512500000E2
9.488356791E0,2.512500000E2
9.490981791E0,2.512500000E2
9.493605791E0,2.512500000E2
9.496230791E0,2.512500000E2
9.498854791E0,2.512500000E2
9.501479791E0,2.448750000E2
9.504103791E0,2.448750000E2
9.506728791E0,2.448750000E2
9.509352791E0,2.448750000E2
9.511977791E0,2.448750000E2
9.514601791E0,2.448750000E2
9.517226791E0,2.448750000E2
9.519850791E0,2.448750000E2
9.522475791E0,2.448750000E2
9.525099791E0,2.448750000E2
9.527724791E0,2.512500000E2
9.530348791E0,2.512500000E2
9.532973791E0,2.512500000E2
9.535597791E0,2.512500000E2
9.538222791E0,2.512500000E2
9.540846791E0,2.512500000E2
9.543471791E0,2.512500000E2
9.546095791E0,2.512500000E2
9.548720791E0,2.512500000E2
9.551344791E0,2.512500000E2
9.553969791E0,2.448750000E2
9.556593791E0,2.448750000E2
9.559218791E0,2.448750000E2
9.561842791E0,2.448750000E2
9.564467791E0,2.448750000E2
9.567091791E0,2.448750000E2
9.569716791E0,2.448750000E2
9.572340791E0,2.448750000E2
9.574965791E0,2.448750000E2
9.577590791E0,2.448750000E2
9.580214791E0,2.448750000E2
9.582839791E0,2.448750000E2
9.585463791E0,2.448750000E2
9.588088791E0,2.448750000E2
9.590712791E0,2.448750000E2
9.593337791E0,2.448750000E2
9.595961791E0,2.448750000E2
9.598586791E0,2.448750000E2
9.601210791E0,2.448750000E2
9.603835791E0,2.448750000E2
9.606459791E0,2.448750000E2
9.609084791E0,2.448750000E2
9.611708791E0,2.448750000E2
9.614333791E0,2.448750000E2
9.616957791E0,2.448750000E2
9.619582791E0,2.448750000E2
9.622206791E0,2.448750000E2
9.624831791E0,2.448750000E2
9.627455791E0,2.448750000E2
9.630080791E0,2.448750000E2
9.632704791E0,2.448750000E2
9.635329791E0,2.448750000E2
9.637953791E0,2.448750000E2
9.640578791E0,2.448750000E2
9.643202791E0,2.448750000E2
9.645827791E0,2.448750000E2
9.648451791E0,2.448750000E2
9.651076791E0,2.448750000E2
9.653700791E0,2.448750000E2
9.656325791E0,2.448750000E2
9.658949791E0,2.448750000E2
9.661574791E0,2.448750000E2
9.664198791E0,2.448750000E2
9.666823791E0,2.448750000E2
9.669447791E0,2.448750000E2
9.672072791E0,2.448750000E2
9.674696791E0,2.448750000E2
9.677321791E0,2.448750000E2
9.679945791E0,2.448750000E2
9.682570791E0,2.448750000E2
9.685194791E0,2.448750000E2
9.687819791E0,2.448750000E2
9.690444791E0,2.448750000E2
9.693068791E0,2.448750000E2
9.695693791E0,2.448750000E2
9.698317791E0,2.448750000E2
9.700942791E0,2.448750000E2
9.703566791E0,2.448750000E2
9.706191791E0,2.448750000E2
9.708815791E0,2.448750000E2
9.711440791E0,2.448750000E2
9.714064791E0,2.448750000E2
9.716689791E0,2.448750000E2
9.719313791E0,2.448750000E2
9.721938791E0,2.448750000E2
9.724562791E0,2.448750000E2
9.727187791E0,2.448750000E2
9.729811791E0,2.448750000E2
9.732436791E0,2.512500000E2
9.735060791E0,2.512500000E2
9.737685791E0,2.512500000E2
9.740309791E0,2.512500000E2
9.742934791E0,2.512500000E2
9.745558791E0,2.512500000E2
9.748183791E0,2.512500000E2
9.750807791E0,2.512500000E2
9.753432791E0,2.512500000E2
9.756056791E0,2.448750000E2
9.758681791E0,2.448750000E2
9.761305791E0,2.448750000E2
9.763930791E0,2.448750000E2
9.766554791E0,2.448750000E2
9.769179791E0,2.448750000E2
9.771803791E0,2.448750000E2
9.774428791E0,2.448750000E2
9.777052791E0,2.448750000E2
9.779677791E0,2.448750000E2
9.782301791E0,2.448750000E2
9.784926791E0,2.448750000E2
9.787550791E0,2.448750000E2
9.790175791E0,2.448750000E2
9.792799791E0,2.448750000E2
9.795424791E0,2.448750000E2
9.798049791E0,2.448750000E2
9.800673791E0,2.448750000E2
9.803298791E0,2.448750000E2
9.805922791E0,2.448750000E2
9.808547791E0,2.448750000E2
9.811171791E0,2.448750000E2
9.813796791E0,2.448750000E2
9.816420791E0,2.448750000E2
9.819045791E0,2.448750000E2
9.821669791E0,2.448750000E2
9.824294791E0,2.448750000E2
9.826918791E0,2.448750000E2
9.829543791E0,2.448750000E2
9.832167791E0,2.448750000E2
9.834792791E0,2.448750000E2
9.837416791E0,2.448750000E2
9.840041791E0,2.448750000E2
9.842665791E0,2.448750000E2
9.845290791E0,2.448750000E2
9.847914791E0,2.448750000E2
9.850539791E0,2.448750000E2
9.853163791E0,2.448750000E2
9.855788791E0,2.448750000E2
9.858412791E0,2.512500000E2
9.861037791E0,2.512500000E2
9.863661791E0,2.512500000E2
9.866286791E0,2.512500000E2
9.868910791E0,2.512500000E2
9.871535791E0,2.512500000E2
9.874159791E0,2.512500000E2
9.876784791E0,2.512500000E2
9.879408791E0,2.512500000E2
9.882033791E0,2.512500000E2
9.884657791E0,2.448750000E2
9.887282791E0,2.448750000E2
9.889906791E0,2.448750000E2
9.892531791E0,2.448750000E2
9.895155791E0,2.448750000E2
9.897780791E0,2.448750000E2
9.900404791E0,2.448750000E2
9.903029791E0,2.448750000E2
9.905653791E0,2.448750000E2
9.908278791E0,2.448750000E2
9.910903791E0,2.448750000E2
9.913527791E0,2.448750000E2
9.916152791E0,2.448750000E2
9.918776791E0,2.448750000E2
9.921401791E0,2.448750000E2
9.924025791E0,2.448750000E2
9.926650791E0,2.448750000E2
9.929274791E0,2.448750000E2
9.931899791E0,2.448750000E2
9.934523791E0,2.448750000E2
9.937148791E0,2.448750000E2
9.939772791E0,2.448750000E2
9.942397791E0,2.448750000E2
9.945021791E0,2.448750000E2
9.947646791E0,2.448750000E2
9.950270791E0,2.448750000E2
9.952895791E0,2.448750000E2
9.955519791E0,2.448750000E2
9.958144791E0,2.448750000E2
9.960768791E0,2.448750000E2
9.963393791E0,2.448750000E2
9.966017791E0,2.448750000E2
9.968642791E0,2.448750000E2
9.971266791E0,2.448750000E2
9.973891791E0,2.448750000E2
9.976515791E0,2.448750000E2
9.979140791E0,2.448750000E2
9.981764791E0,2.448750000E2
9.984389791E0,2.448750000E2
9.987013791E0,2.448750000E2
9.989638791E0,2.448750000E2
9.992262791E0,2.448750000E2
9.994887791E0,2.448750000E2
9.997511791E0,2.448750000E2
1.000013679E1,2.448750000E2
1.000276079E1,2.448750000E2
1.000538579E1,2.448750000E2
1.000800979E1,2.448750000E2
1.001063479E1,2.512500000E2
1.001325879E1,2.512500000E2
1.001588379E1,2.512500000E2
1.001850779E1,2.512500000E2
1.002113279E1,2.512500000E2
1.002375779E1,2.512500000E2
1.002638179E1,2.512500000E2
1.002900679E1,2.512500000E2
1.003163079E1,2.512500000E2
1.003425579E1,2.512500000E2
1.003687979E1,2.448750000E2
1.003950479E1,2.448750000E2
1.004212879E1,2.448750000E2
1.004475379E1,2.448750000E2
1.004737779E1,2.448750000E2
1.005000279E1,2.448750000E2
1.005262679E1,2.448750000E2
1.005525179E1,2.448750000E2
1.005787579E1,2.448750000E2
1.006050079E1,2.448750000E2
1.006312479E1,2.448750000E2
1.006574979E1,2.448750000E2
1.006837379E1,2.448750000E2
1.007099879E1,2.448750000E2
1.007362279E1,2.448750000E2
1.007624779E1,2.448750000E2
1.007887179E1,2.448750000E2
1.008149679E1,2.448750000E2
1.008412079E1,2.448750000E2
1.008674579E1,2.448750000E2
1.008936979E1,2.448750000E2
1.009199479E1,2.448750000E2
1.009461879E1,2.448750000E2
1.009724379E1,2.448750000E2
1.009986779E1,2.448750000E2
1.010249279E1,2.448750000E2
1.010511679E1,2.448750000E2
1.010774179E1,2.448750000E2
1.011036579E1,2.448750000E2
1.011299079E1,2.512500000E2
1.011561479E1,2.512500000E2
1.011823979E1,2.512500000E2
1.012086379E1,2.512500000E2
1.012348879E1,2.512500000E2
1.012611279E1,2.512500000E2
1.012873779E1,2.512500000E2
1.013136179E1,2.512500000E2
1.013398679E1,2.512500000E2
1.013661179E1,2.512500000E2
1.013923579E1,2.448750000E2
1.014186079E1,2.448750000E2
1.014448479E1,2.448750000E2
1.014710979E1,2.448750000E2
1.014973379E1,2.448750000E2
1.015235879E1,2.448750000E2
1.015498279E1,2.448750000E2
1.015760779E1,2.448750000E2
1.016023179E1,2.448750000E2
1.016285679E1,2.448750000E2
1.016548079E1,2.448750000E2
1.016810579E1,2.448750000E2
1.017072979E1,2.448750000E2
1.017335479E1,2.448750000E2
1.017597879E1,2.448750000E2
1.017860379E1,2.448750000E2
1.018122779E1,2.448750000E2
1.018385279E1,2.448750000E2
1.018647679E1,2.448750000E2
1.018910179E1,2.448750000E2
1.019172579E1,2.448750000E2
1.019435079E1,2.448750000E2
1.019697479E1,2.448750000E2
1.019959979E1,2.448750000E2
1.020222379E1,2.448750000E2
1.020484879E1,2.448750000E2
1.020747279E1,2.448750000E2
1.021009779E1,2.448750000E2
1.021272179E1,2.448750000E2
1.021534679E1,2.448750000E2
1.021797079E1,2.448750000E2
1.022059579E1,2.448750000E2
1.022321979E1,2.448750000E2
1.022584479E1,2.448750000E2
1.022846879E1,2.448750000E2
1.023109379E1,2.448750000E2
1.023371779E1,2.448750000E2
1.023634279E1,2.448750000E2
1.023896679E1,2.448750000E2
1.024159179E1,2.448750000E2
1.024421579E1,2.448750000E2
1.024684079E1,2.448750000E2
1.024946579E1,2.448750000E2
1.025208979E1,2.448750000E2
1.025471479E1,2.448750000E2
1.025733879E1,2.448750000E2
1.025996379E1,2.448750000E2
1.026258779E1,2.448750000E2
1.026521279E1,2.448750000E2
1.026783679E1,2.448750000E2
1.027046179E1,2.448750000E2
1.027308579E1,2.448750000E2
1.027571079E1,2.448750000E2
1.027833479E1,2.448750000E2
1.028095979E1,2.448750000E2
1.028358379E1,2.448750000E2
1.028620879E1,2.448750000E2
1.028883279E1,2.448750000E2
1.029145779E1,2.448750000E2
1.029408179E1,2.448750000E2
1.029670679E1,2.448750000E2
1.029933079E1,2.448750000E2
1.030195579E1,2.448750000E2
1.030457979E1,2.448750000E2
1.030720479E1,2.448750000E2
1.030982879E1,2.448750000E2
1.031245379E1,2.448750000E2
1.031507779E1,2.448750000E2
1.031770279E1,2.448750000E2
1.032032679E1,2.448750000E2
1.032295179E1,2.448750000E2
1.032557579E1,2.448750000E2
1.032820079E1,2.448750000E2
1.033082479E1,2.448750000E2
1.033344979E1,2.448750000E2
1.033607379E1,2.448750000E2
1.033869879E1,2.448750000E2
1.034132279E1,2.448750000E2
1.034394779E1,2.448750000E2
1.034657179E1,2.448750000E2
1.034919679E1,2.448750000E2
1.035182079E1,2.448750000E2
1.035444579E1,2.448750000E2
1.035706979E1,2.448750000E2
1.035969479E1,2.448750000E2
1.036231979E1,2.448750000E2
1.036494379E1,2.448750000E2
1.036756879E1,2.448750000E2
1.037019279E1,2.448750000E2
1.037281779E1,2.448750000E2
1.037544179E1,2.448750000E2
1.037806679E1,2.448750000E2
1.038069079E1,2.448750000E2
1.038331579E1,2.448750000E2
1.038593979E1,2.448750000E2
1.038856479E1,2.448750000E2
1.039118879E1,2.448750000E2
1.039381379E1,2.448750000E2
1.039643779E1,2.448750000E2
1.039906279E1,2.448750000E2
1.040168679E1,2.448750000E2
1.040431179E1,2.448750000E2
1.040693579E1,2.448750000E2
1.040956079E1,2.448750000E2
1.041218479E1,2.448750000E2
1.041480979E1,2.448750000E2
1.041743379E1,2.448750000E2
1.042005879E1,2.448750000E2
1.042268279E1,2.448750000E2
1.042530779E1,2.448750000E2
1.042793179E1,2.448750000E2
1.043055679E1,2.448750000E2
1.043318079E1,2.448750000E2
1.043580579E1,2.448750000E2
1.043842979E1,2.448750000E2
1.044105479E1,2.448750000E2
1.044367879E1,2.512500000E2
1.044630379E1,2.512500000E2
1.044892779E1,2.512500000E2
1.045155279E1,2.512500000E2
1.045417679E1,2.512500000E2
1.045680179E1,2.512500000E2
1.045942579E1,2.512500000E2
1.046205079E1,2.512500000E2
1.046467479E1,2.512500000E2
1.046729979E1,2.512500000E2
1.046992479E1,2.448750000E2
1.047254879E1,2.448750000E2
1.047517379E1,2.448750000E2
1.047779779E1,2.448750000E2
1.048042279E1,2.448750000E2
1.048304679E1,2.448750000E2
1.048567179E1,2.448750000E2
1.048829579E1,2.448750000E2
1.049092079E1,2.448750000E2
1.049354479E1,2.448750000E2
1.049616979E1,2.448750000E2
1.049879379E1,2.448750000E2
1.050141879E1,2.448750000E2
1.050404279E1,2.448750000E2
1.050666779E1,2.448750000E2
1.050929179E1,2.448750000E2
1.051191679E1,2.448750000E2
1.051454079E1,2.448750000E2
1.051716579E1,2.448750000E2
1.051978979E1,2.448750000E2
1.052241479E1,2.448750000E2
1.052503879E1,2.448750000E2
1.052766379E1,2.448750000E2
1.053028779E1,2.448750000E2
1.053291279E1,2.448750000E2
1.053553679E1,2.448750000E2
1.053816179E1,2.448750000E2
1.054078579E1,2.448750000E2
1.054341079E1,2.448750000E2
1.054603479E1,2.512500000E2
1.054865979E1,2.512500000E2
1.055128379E1,2.512500000E2
1.055390879E1,2.512500000E2
1.055653279E1,2.512500000E2
1.055915779E1,2.512500000E2
1.056178179E1,2.512500000E2
1.056440679E1,2.512500000E2
1.056703079E1,2.512500000E2
1.056965579E1,2.512500000E2
1.057227979E1,2.448750000E2
1.057490479E1,2.448750000E2
1.057752879E1,2.448750000E2
1.058015379E1,2.448750000E2
1.058277879E1,2.448750000E2
1.058540279E1,2.448750000E2
1.058802779E1,2.448750000E2
1.059065179E1,2.448750000E2
1.059327679E1,2.448750000E2
1.059590079E1,2.448750000E2
1.059852579E1,2.448750000E2
1.060114979E1,2.448750000E2
1.060377479E1,2.448750000E2
1.060639879E1,2.448750000E2
1.060902379E1,2.448750000E2
1.061164779E1,2.448750000E2
1.061427279E1,2.448750000E2
1.061689679E1,2.448750000E2
1.061952179E1,2.448750000E2
1.062214579E1,2.448750000E2
1.062477079E1,2.448750000E2
1.062739479E1,2.448750000E2
1.063001979E1,2.448750000E2
1.063264379E1,2.448750000E2
1.063526879E1,2.448750000E2
1.063789279E1,2.448750000E2
1.064051779E1,2.448750000E2
1.064314179E1,2.448750000E2
1.064576679E1,2.448750000E2
1.064839079E1,2.448750000E2
1.065101579E1,2.448750000E2
1.065363979E1,2.448750000E2
1.065626479E1,2.448750000E2
1.065888879E1,2.448750000E2
1.066151379E1,2.448750000E2
1.066413779E1,2.448750000E2
1.066676279E1,2.448750000E2
1.066938679E1,2.448750000E2
1.067201179E1,2.448750000E2
1.067463579E1,2.448750000E2
1.067726079E1,2.448750000E2
1.067988479E1,2.448750000E2
1.068250979E1,2.448750000E2
1.068513379E1,2.448750000E2
1.068775879E1,2.448750000E2
1.069038279E1,2.448750000E2
1.069300779E1,2.448750000E2
1.069563279E1,2.448750000E2
1.069825679E1,2.448750000E2
1.070088179E1,2.448750000E2
1.070350579E1,2.448750000E2
1.070613079E1,2.448750000E2
1.070875479E1,2.448750000E2
1.071137979E1,2.448750000E2
1.071400379E1,2.448750000E2
1.071662879E1,2.448750000E2
1.071925279E1,2.448750000E2
1.072187779E1,2.448750000E2
1.072450179E1,2.448750000E2
1.072712679E1,2.448750000E2
1.072975079E1,2.448750000E2
1.073237579E1,2.448750000E2
1.073499979E1,2.448750000E2
1.073762479E1,2.448750000E2
1.074024879E1,2.448750000E2
1.074287379E1,2.448750000E2
1.074549779E1,2.448750000E2
1.074812279E1,2.448750000E2
1.075074679E1,2.448750000E2
1.075337179E1,2.448750000E2
1.075599579E1,2.448750000E2
1.075862079E1,2.448750000E2
1.076124479E1,2.448750000E2
1.076386979E1,2.448750000E2
1.076649379E1,2.448750000E2
1.076911879E1,2.448750000E2
1.077174279E1,2.448750000E2
1.077436779E1,2.448750000E2
1.077699179E1,2.448750000E2
1.077961679E1,2.448750000E2
1.078224079E1,2.448750000E2
1.078486579E1,2.448750000E2
1.078748979E1,2.448750000E2
1.079011479E1,2.448750000E2
1.079273879E1,2.448750000E2
1.079536379E1,2.448750000E2
1.079798779E1,2.448750000E2
1.080061279E1,2.448750000E2
1.080323679E1,2.448750000E2
1.080586179E1,2.448750000E2
1.080848679E1,2.448750000E2
1.081111079E1,2.448750000E2
1.081373579E1,2.448750000E2
1.081635979E1,2.448750000E2
1.081898479E1,2.448750000E2
1.082160879E1,2.448750000E2
1.082423379E1,2.448750000E2
1.082685779E1,2.448750000E2
1.082948279E1,2.448750000E2
1.083210679E1,2.448750000E2
1.083473179E1,2.448750000E2
1.083735579E1,2.448750000E2
1.083998079E1,2.448750000E2
1.084260479E1,2.448750000E2
1.084522979E1,2.448750000E2
1.084785379E1,2.448750000E2
1.085047879E1,2.448750000E2
1.085310279E1,2.448750000E2
1.085572779E1,2.448750000E2
1.085835179E1,2.448750000E2
1.086097679E1,2.448750000E2
1.086360079E1,2.448750000E2
1.086622579E1,2.448750000E2
1.086884979E1,2.448750000E2
1.087147479E1,2.448750000E2
1.087409879E1,2.448750000E2
1.087672379E1,2.448750000E2
1.087934779E1,2.448750000E2
1.088197279E1,2.448750000E2
1.088459679E1,2.448750000E2
1.088722179E1,2.448750000E2
1.088984579E1,2.448750000E2
1.089247079E1,2.448750000E2
1.089509479E1,2.448750000E2
1.089771979E1,2.448750000E2
1.090034379E1,2.448750000E2
1.090296879E1,2.448750000E2
1.090559279E1,2.448750000E2
1.090821779E1,2.448750000E2
1.091084179E1,2.448750000E2
1.091346679E1,2.448750000E2
1.091609079E1,2.448750000E2
1.091871579E1,2.448750000E2
1.092134079E1,2.448750000E2
1.092396479E1,2.448750000E2
1.092658979E1,2.448750000E2
1.092921379E1,2.448750000E2
1.093183879E1,2.448750000E2
1.093446279E1,2.448750000E2
1.093708779E1,2.448750000E2
1.093971179E1,2.448750000E2
1.094233679E1,2.448750000E2
1.094496079E1,2.448750000E2
1.094758579E1,2.448750000E2
1.095020979E1,2.448750000E2
1.095283479E1,2.448750000E2
1.095545879E1,2.448750000E2
1.095808379E1,2.448750000E2
1.096070779E1,2.448750000E2
1.096333279E1,2.448750000E2
1.096595679E1,2.448750000E2
1.096858179E1,2.448750000E2
1.097120579E1,2.448750000E2
1.097383079E1,2.448750000E2
1.097645479E1,2.448750000E2
1.097907979E1,2.448750000E2
1.098170379E1,2.448750000E2
1.098432879E1,2.448750000E2
1.098695279E1,2.448750000E2
1.098957779E1,2.448750000E2
1.099220179E1,2.448750000E2
1.099482679E1,2.448750000E2
1.099745079E1,2.448750000E2
1.100007579E1,2.448750000E2
1.100269979E1,2.448750000E2
1.100532479E1,2.448750000E2
1.100794879E1,2.448750000E2
1.101057379E1,2.448750000E2
1.101319779E1,2.448750000E2
1.101582279E1,2.448750000E2
1.101844679E1,2.448750000E2
1.102107179E1,2.448750000E2
1.102369579E1,2.448750000E2
1.102632079E1,2.448750000E2
1.102894479E1,2.448750000E2
1.103156979E1,2.448750000E2
1.103419479E1,2.448750000E2
1.103681879E1,2.448750000E2
1.103944379E1,2.448750000E2
1.104206779E1,2.448750000E2
1.104469279E1,2.448750000E2
1.104731679E1,2.448750000E2
1.104994179E1,2.448750000E2
1.105256579E1,2.448750000E2
1.105519079E1,2.448750000E2
1.105781479E1,2.448750000E2
1.106043979E1,2.448750000E2
1.106306379E1,2.448750000E2
1.106568879E1,2.448750000E2
1.106831279E1,2.448750000E2
1.107093779E1,2.448750000E2
1.107356179E1,2.448750000E2
1.107618679E1,2.448750000E2
1.107881079E1,2.448750000E2
1.108143579E1,2.448750000E2
1.108405979E1,2.448750000E2
1.108668479E1,2.448750000E2
1.108930879E1,2.448750000E2
1.109193379E1,2.448750000E2
1.109455779E1,2.448750000E2
1.109718279E1,2.448750000E2
1.109980679E1,2.448750000E2
1.110243179E1,2.448750000E2
1.110505579E1,2.448750000E2
1.110768079E1,2.448750000E2
1.111030479E1,2.448750000E2
1.111292979E1,2.448750000E2
1.111555379E1,2.448750000E2
1.111817879E1,2.448750000E2
1.112080279E1,2.448750000E2
1.112342779E1,2.448750000E2
1.112605179E1,2.448750000E2
1.112867679E1,2.448750000E2
1.113130079E1,2.448750000E2
1.113392579E1,2.448750000E2
1.113654979E1,2.448750000E2
1.113917479E1,2.448750000E2
1.114179979E1,2.448750000E2
1.114442379E1,2.448750000E2
1.114704879E1,2.448750000E2
1.114967279E1,2.448750000E2
1.115229779E1,2.448750000E2
1.115492179E1,2.448750000E2
1.115754679E1,2.448750000E2
1.116017079E1,2.448750000E2
1.116279579E1,2.448750000E2
1.116541979E1,2.448750000E2
1.116804479E1,2.448750000E2
1.117066879E1,2.448750000E2
1.117329379E1,2.448750000E2
1.117591779E1,2.448750000E2
1.117854279E1,2.448750000E2
1.118116679E1,2.448750000E2
1.118379179E1,2.448750000E2
1.118641579E1,2.448750000E2
1.118904079E1,2.448750000E2
1.119166479E1,2.448750000E2
1.119428979E1,2.448750000E2
1.119691379E1,2.448750000E2
1.119953879E1,2.448750000E2
1.120216279E1,2.448750000E2
1.120478779E1,2.448750000E2
1.120741179E1,2.448750000E2
1.121003679E1,2.448750000E2
1.121266079E1,2.448750000E2
1.121528579E1,2.448750000E2
1.121790979E1,2.448750000E2
1.122053479E1,2.448750000E2
1.122315879E1,2.448750000E2
1.122578379E1,2.448750000E2
1.122840779E1,2.448750000E2
1.123103279E1,2.448750000E2
1.123365679E1,2.448750000E2
1.123628179E1,2.448750000E2
1.123890579E1,2.448750000E2
1.124153079E1,2.448750000E2
1.124415479E1,2.448750000E2
1.124677979E1,2.448750000E2
1.124940379E1,2.448750000E2
1.125202879E1,2.448750000E2
1.125465379E1,2.448750000E2
1.125727779E1,2.448750000E2
1.125990279E1,2.448750000E2
1.126252679E1,2.448750000E2
1.126515179E1,2.448750000E2
1.126777579E1,2.448750000E2
1.127040079E1,2.448750000E2
1.127302479E1,2.448750000E2
1.127564979E1,2.448750000E2
1.127827379E1,2.448750000E2
1.128089879E1,2.448750000E2
1.128352279E1,2.448750000E2
1.128614779E1,2.448750000E2
1.128877179E1,2.448750000E2
1.129139679E1,2.448750000E2
1.129402079E1,2.448750000E2
1.129664579E1,2.448750000E2
1.129926979E1,2.448750000E2
1.130189479E1,2.448750000E2
1.130451879E1,2.448750000E2
1.130714379E1,2.448750000E2
1.130976779E1,2.448750000E2
1.131239279E1,2.448750000E2
1.131501679E1,2.448750000E2
1.131764179E1,2.448750000E2
1.132026579E1,2.448750000E2
1.132289079E1,2.448750000E2
1.132551479E1,2.448750000E2
1.132813979E1,2.448750000E2
1.133076379E1,2.448750000E2
1.133338879E1,2.448750000E2
1.133601279E1,2.448750000E2
1.133863779E1,2.448750000E2
1.134126179E1,2.448750000E2
1.134388679E1,2.448750000E2
1.134651079E1,2.448750000E2
1.134913579E1,2.448750000E2
1.135175979E1,2.448750000E2
1.135438479E1,2.448750000E2
1.135700879E1,2.448750000E2
1.135963379E1,2.448750000E2
1.136225779E1,2.448750000E2
1.136488279E1,2.448750000E2
1.136750779E1,2.448750000E2
1.137013179E1,2.448750000E2
1.137275679E1,2.448750000E2
1.137538079E1,2.448750000E2
1.137800579E1,2.448750000E2
1.138062979E1,2.448750000E2
1.138325479E1,2.448750000E2
1.138587879E1,2.448750000E2
1.138850379E1,2.448750000E2
1.139112779E1,2.448750000E2
1.139375279E1,2.448750000E2
1.139637679E1,2.448750000E2
1.139900179E1,2.448750000E2
1.140162579E1,2.448750000E2
1.140425079E1,2.448750000E2
1.140687479E1,2.448750000E2
1.140949979E1,2.448750000E2
1.141212379E1,2.448750000E2
1.141474879E1,2.448750000E2
1.141737279E1,2.448750000E2
1.141999779E1,2.448750000E2
1.142262179E1,2.448750000E2
1.142524679E1,2.448750000E2
1.142787079E1,2.448750000E2
1.143049579E1,2.448750000E2
1.143311979E1,2.448750000E2
1.143574479E1,2.448750000E2
1.143836879E1,2.448750000E2
1.144099379E1,2.448750000E2
1.144361779E1,2.448750000E2
1.144624279E1,2.448750000E2
1.144886679E1,2.448750000E2
1.145149179E1,2.448750000E2
1.145411579E1,2.448750000E2
1.145674079E1,2.448750000E2
1.145936479E1,2.448750000E2
1.146198979E1,2.512500000E2
1.146461379E1,2.512500000E2
1.146723879E1,2.512500000E2
1.146986279E1,2.512500000E2
1.147248779E1,2.512500000E2
1.147511179E1,2.512500000E2
1.147773679E1,2.512500000E2
1.148036179E1,2.512500000E2
1.148298579E1,2.512500000E2
1.148561079E1,2.512500000E2
1.148823479E1,2.448750000E2
1.149085979E1,2.448750000E2
1.149348379E1,2.448750000E2
1.149610879E1,2.448750000E2
1.149873279E1,2.448750000E2
1.150135779E1,2.448750000E2
1.150398179E1,2.448750000E2
1.150660679E1,2.448750000E2
1.150923079E1,2.448750000E2
1.151185579E1,2.448750000E2
1.151447979E1,2.448750000E2
1.151710479E1,2.448750000E2
1.151972879E1,2.448750000E2
1.152235379E1,2.448750000E2
1.152497779E1,2.448750000E2
1.152760279E1,2.448750000E2
1.153022679E1,2.448750000E2
1.153285179E1,2.448750000E2
1.153547579E1,2.448750000E2
1.153810079E1,2.448750000E2
1.154072479E1,2.448750000E2
1.154334979E1,2.448750000E2
1.154597379E1,2.448750000E2
1.154859879E1,2.448750000E2
1.155122279E1,2.448750000E2
1.155384779E1,2.448750000E2
1.155647179E1,2.448750000E2
1.155909679E1,2.448750000E2
1.156172079E1,2.448750000E2
1.156434579E1,2.448750000E2
1.156696979E1,2.448750000E2
1.156959479E1,2.448750000E2
1.157221879E1,2.448750000E2
1.157484379E1,2.448750000E2
1.157746779E1,2.448750000E2
1.158009279E1,2.448750000E2
1.158271679E1,2.448750000E2
1.158534179E1,2.448750000E2
1.158796579E1,2.448750000E2
1.159059079E1,2.448750000E2
1.159321579E1,2.448750000E2
1.159583979E1,2.448750000E2
1.159846479E1,2.448750000E2
1.160108879E1,2.448750000E2
1.160371379E1,2.448750000E2
1.160633779E1,2.448750000E2
1.160896279E1,2.448750000E2
1.161158679E1,2.448750000E2
1.161421179E1,2.448750000E2
1.161683579E1,2.448750000E2
1.161946079E1,2.448750000E2
1.162208479E1,2.448750000E2
1.162470979E1,2.448750000E2
1.162733379E1,2.448750000E2
1.162995879E1,2.448750000E2
1.163258279E1,2.448750000E2
1.163520779E1,2.448750000E2
1.163783179E1,2.448750000E2
1.164045679E1,2.448750000E2
1.164308079E1,2.448750000E2
1.164570579E1,2.448750000E2
1.164832979E1,2.448750000E2
1.165095479E1,2.448750000E2
1.165357879E1,2.448750000E2
1.165620379E1,2.448750000E2
1.165882779E1,2.448750000E2
1.166145279E1,2.448750000E2
1.166407679E1,2.448750000E2
1.166670179E1,2.448750000E2
1.166932579E1,2.448750000E2
1.167195079E1,2.448750000E2
1.167457479E1,2.448750000E2
1.167719979E1,2.448750000E2
1.167982379E1,2.448750000E2
1.168244879E1,2.448750000E2
1.168507279E1,2.448750000E2
1.168769779E1,2.448750000E2
1.169032179E1,2.448750000E2
1.169294679E1,2.448750000E2
1.169557079E1,2.448750000E2
1.169819579E1,2.448750000E2
1.170081979E1,2.448750000E2
1.170344479E1,2.448750000E2
1.170606979E1,2.448750000E2
1.170869379E1,2.448750000E2
1.171131879E1,2.448750000E2
1.171394279E1,2.448750000E2
1.171656779E1,2.512500000E2
1.171919179E1,2.512500000E2
1.172181679E1,2.512500000E2
1.172444079E1,2.512500000E2
1.172706579E1,2.512500000E2
1.172968979E1,2.512500000E2
1.173231479E1,2.512500000E2
1.173493879E1,2.512500000E2
1.173756379E1,2.512500000E2
1.174018779E1,2.512500000E2
1.174281279E1,2.448750000E2
1.174543679E1,2.448750000E2
1.174806179E1,2.448750000E2
1.175068579E1,2.448750000E2
1.175331079E1,2.448750000E2
1.175593479E1,2.448750000E2
1.175855979E1,2.448750000E2
1.176118379E1,2.448750000E2
1.176380879E1,2.448750000E2
1.176643279E1,2.448750000E2
1.176905779E1,2.448750000E2
1.177168179E1,2.448750000E2
1.177430679E1,2.448750000E2
1.177693079E1,2.448750000E2
1.177955579E1,2.448750000E2
1.178217979E1,2.448750000E2
1.178480479E1,2.448750000E2
1.178742879E1,2.448750000E2
1.179005379E1,2.448750000E2
1.179267779E1,2.448750000E2
1.179530279E1,2.448750000E2
1.179792679E1,2.448750000E2
1.180055179E1,2.448750000E2
1.180317579E1,2.448750000E2
1.180580079E1,2.448750000E2
1.180842479E1,2.448750000E2
1.181104979E1,2.448750000E2
1.181367479E1,2.448750000E2
1.181629879E1,2.448750000E2
1.181892379E1,2.448750000E2
1.182154779E1,2.448750000E2
1.182417279E1,2.448750000E2
1.182679679E1,2.448750000E2
1.182942179E1,2.448750000E2
1.183204579E1,2.448750000E2
1.183467079E1,2.448750000E2
1.183729479E1,2.448750000E2
1.183991979E1,2.448750000E2
1.184254379E1,2.448750000E2
1.184516879E1,2.448750000E2
1.184779279E1,2.448750000E2
1.185041779E1,2.448750000E2
1.185304179E1,2.448750000E2
1.185566679E1,2.448750000E2
1.185829079E1,2.448750000E2
1.186091579E1,2.448750000E2
1.186353979E1,2.448750000E2
1.186616479E1,2.448750000E2
1.186878879E1,2.448750000E2
1.187141379E1,2.448750000E2
1.187403779E1,2.448750000E2
1.187666279E1,2.448750000E2
1.187928679E1,2.448750000E2
1.188191179E1,2.448750000E2
1.188453579E1,2.448750000E2
1.188716079E1,2.448750000E2
1.188978479E1,2.448750000E2
1.189240979E1,2.448750000E2
1.189503379E1,2.448750000E2
1.189765879E1,2.448750000E2
1.190028279E1,2.448750000E2
1.190290779E1,2.448750000E2
1.190553179E1,2.448750000E2
1.190815679E1,2.448750000E2
1.191078079E1,2.448750000E2
1.191340579E1,2.448750000E2
1.191602979E1,2.448750000E2
1.191865479E1,2.448750000E2
1.192127879E1,2.448750000E2
1.192390379E1,2.448750000E2
1.192652879E1,2.448750000E2
1.192915279E1,2.448750000E2
1.193177779E1,2.448750000E2
1.193440179E1,2.448750000E2
1.193702679E1,2.448750000E2
1.193965079E1,2.448750000E2
1.194227579E1,2.448750000E2
1.194489979E1,2.448750000E2
1.194752479E1,2.448750000E2
1.195014879E1,2.448750000E2
1.195277379E1,2.448750000E2
1.195539779E1,2.448750000E2
1.195802279E1,2.448750000E2
1.196064679E1,2.448750000E2
1.196327179E1,2.448750000E2
1.196589579E1,2.448750000E2
1.196852079E1,2.448750000E2
1.197114479E1,2.448750000E2
1.197376979E1,2.448750000E2
1.197639379E1,2.448750000E2
1.197901879E1,2.448750000E2
1.198164279E1,2.448750000E2
1.198426779E1,2.448750000E2
1.198689179E1,2.448750000E2
1.198951679E1,2.448750000E2
1.199214079E1,2.448750000E2
1.199476579E1,2.448750000E2
1.199738979E1,2.448750000E2
1.200001479E1,2.448750000E2
1.200263879E1,2.448750000E2
1.200526379E1,2.448750000E2
1.200788779E1,2.448750000E2
1.201051279E1,2.448750000E2
1.201313679E1,2.448750000E2
1.201576179E1,2.448750000E2
1.201838579E1,2.448750000E2
1.202101079E1,2.448750000E2
1.202363479E1,2.448750000E2
1.202625979E1,2.448750000E2
1.202888379E1,2.448750000E2
1.203150879E1,2.448750000E2
1.203413279E1,2.448750000E2
1.203675779E1,2.448750000E2
1.203938279E1,2.448750000E2
1.204200679E1,2.448750000E2
1.204463179E1,2.448750000E2
1.204725579E1,2.448750000E2
1.204988079E1,2.448750000E2
1.205250479E1,2.448750000E2
1.205512979E1,2.448750000E2
1.205775379E1,2.448750000E2
1.206037879E1,2.448750000E2
1.206300279E1,2.448750000E2
1.206562779E1,2.448750000E2
1.206825179E1,2.448750000E2
1.207087679E1,2.448750000E2
1.207350079E1,2.448750000E2
1.207612579E1,2.448750000E2
1.207874979E1,2.448750000E2
1.208137479E1,2.448750000E2
1.208399879E1,2.448750000E2
1.208662379E1,2.448750000E2
1.208924779E1,2.448750000E2
1.209187279E1,2.448750000E2
1.209449679E1,2.448750000E2
1.209712179E1,2.448750000E2
1.209974579E1,2.448750000E2
1.210237079E1,2.448750000E2
1.210499479E1,2.448750000E2
1.210761979E1,2.448750000E2
1.211024379E1,2.448750000E2
1.211286879E1,2.448750000E2
1.211549279E1,2.448750000E2
1.211811779E1,2.448750000E2
1.212074179E1,2.448750000E2
1.212336679E1,2.448750000E2
1.212599079E1,2.448750000E2
1.212861579E1,2.448750000E2
1.213123979E1,2.448750000E2
1.213386479E1,2.448750000E2
1.213648879E1,2.448750000E2
1.213911379E1,2.448750000E2
1.214173779E1,2.448750000E2
1.214436279E1,2.448750000E2
1.214698679E1,2.448750000E2
1.214961179E1,2.512500000E2
1.215223679E1,2.512500000E2
1.215486079E1,2.512500000E2
1.215748579E1,2.512500000E2
1.216010979E1,2.512500000E2
1.216273479E1,2.512500000E2
1.216535879E1,2.512500000E2
1.216798379E1,2.512500000E2
1.217060779E1,2.512500000E2
1.217323279E1,2.448750000E2
1.217585679E1,2.448750000E2
1.217848179E1,2.448750000E2
1.218110579E1,2.448750000E2
1.218373079E1,2.448750000E2
1.218635479E1,2.448750000E2
1.218897979E1,2.448750000E2
1.219160379E1,2.448750000E2
1.219422879E1,2.448750000E2
1.219685279E1,2.448750000E2
1.219947779E1,2.448750000E2
1.220210179E1,2.448750000E2
1.220472679E1,2.448750000E2
1.220735079E1,2.448750000E2
1.220997579E1,2.448750000E2
1.221259979E1,2.448750000E2
1.221522479E1,2.448750000E2
1.221784879E1,2.448750000E2
1.222047379E1,2.448750000E2
1.222309779E1,2.448750000E2
1.222572279E1,2.448750000E2
1.222834679E1,2.448750000E2
1.223097179E1,2.448750000E2
1.223359579E1,2.448750000E2
1.223622079E1,2.448750000E2
1.223884479E1,2.448750000E2
1.224146979E1,2.448750000E2
1.224409379E1,2.448750000E2
1.224671879E1,2.448750000E2
1.224934279E1,2.448750000E2
1.225196779E1,2.448750000E2
1.225459179E1,2.448750000E2
1.225721679E1,2.448750000E2
1.225984079E1,2.448750000E2
1.226246579E1,2.448750000E2
1.226509079E1,2.448750000E2
1.226771479E1,2.448750000E2
1.227033979E1,2.448750000E2
1.227296379E1,2.448750000E2
1.227558879E1,2.448750000E2
1.227821279E1,2.448750000E2
1.228083779E1,2.448750000E2
1.228346179E1,2.448750000E2
1.228608679E1,2.448750000E2
1.228871079E1,2.448750000E2
1.229133579E1,2.448750000E2
1.229395979E1,2.448750000E2
1.229658479E1,2.448750000E2
1.229920879E1,2.448750000E2
1.230183379E1,2.448750000E2
1.230445779E1,2.448750000E2
1.230708279E1,2.448750000E2
1.230970679E1,2.448750000E2
1.231233179E1,2.448750000E2
1.231495579E1,2.448750000E2
1.231758079E1,2.448750000E2
1.232020479E1,2.448750000E2
1.232282979E1,2.448750000E2
1.232545379E1,2.448750000E2
1.232807879E1,2.448750000E2
1.233070279E1,2.448750000E2
1.233332779E1,2.448750000E2
1.233595179E1,2.448750000E2
1.233857679E1,2.448750000E2
1.234120079E1,2.448750000E2
1.234382579E1,2.448750000E2
1.234644979E1,2.448750000E2
1.234907479E1,2.448750000E2
1.235169879E1,2.448750000E2
1.235432379E1,2.448750000E2
1.235694779E1,2.448750000E2
1.235957279E1,2.448750000E2
1.236219679E1,2.448750000E2
1.236482179E1,2.448750000E2
1.236744579E1,2.448750000E2
1.237007079E1,2.448750000E2
1.237269479E1,2.448750000E2
1.237531979E1,2.448750000E2
1.237794479E1,2.448750000E2
1.238056879E1,2.448750000E2
1.238319379E1,2.448750000E2
1.238581779E1,2.448750000E2
1.238844279E1,2.448750000E2
1.239106679E1,2.448750000E2
1.239369179E1,2.448750000E2
1.239631579E1,2.448750000E2
1.239894079E1,2.448750000E2
1.240156479E1,2.448750000E2
1.240418979E1,2.448750000E2
1.240681379E1,2.448750000E2
1.240943879E1,2.448750000E2
1.241206279E1,2.448750000E2
1.241468779E1,2.448750000E2
1.241731179E1,2.448750000E2
1.241993679E1,2.448750000E2
1.242256079E1,2.448750000E2
1.242518579E1,2.448750000E2
1.242780979E1,2.448750000E2
1.243043479E1,2.448750000E2
1.243305879E1,2.448750000E2
1.243568379E1,2.448750000E2
1.243830779E1,2.448750000E2
1.244093279E1,2.448750000E2
1.244355679E1,2.448750000E2
1.244618179E1,2.448750000E2
1.244880579E1,2.448750000E2
1.245143079E1,2.448750000E2
1.245405479E1,2.448750000E2
1.245667979E1,2.448750000E2
1.245930379E1,2.448750000E2
1.246192879E1,2.448750000E2
1.246455279E1,2.448750000E2
1.246717779E1,2.448750000E2
1.246980179E1,2.448750000E2
1.247242679E1,2.448750000E2
1.247505079E1,2.448750000E2
1.247767579E1,2.448750000E2
1.248029979E1,2.448750000E2
1.248292479E1,2.448750000E2
1.248554979E1,2.448750000E2
1.248817379E1,2.448750000E2
1.249079879E1,2.448750000E2
1.249342279E1,2.448750000E2
1.249604779E1,2.448750000E2
1.249867179E1,2.448750000E2
1.250129679E1,2.448750000E2
1.250392079E1,2.448750000E2
1.250654579E1,2.448750000E2
1.250916979E1,2.448750000E2
1.251179479E1,2.448750000E2
1.251441879E1,2.448750000E2
1.251704379E1,2.448750000E2
1.251966779E1,2.448750000E2
1.252229279E1,2.448750000E2
1.252491679E1,2.448750000E2
1.252754179E1,2.448750000E2
1.253016579E1,2.448750000E2
1.253279079E1,2.448750000E2
1.253541479E1,2.448750000E2
1.253803979E1,2.448750000E2
1.254066379E1,2.448750000E2
1.254328879E1,2.448750000E2
1.254591279E1,2.448750000E2
1.254853779E1,2.448750000E2
1.255116179E1,2.448750000E2
1.255378679E1,2.448750000E2
1.255641079E1,2.448750000E2
1.255903579E1,2.448750000E2
1.256165979E1,2.448750000E2
1.256428479E1,2.448750000E2
1.256690879E1,2.448750000E2
1.256953379E1,2.448750000E2
1.257215779E1,2.448750000E2
1.257478279E1,2.448750000E2
1.257740679E1,2.448750000E2
1.258003179E1,2.448750000E2
1.258265579E1,2.448750000E2
1.258528079E1,2.448750000E2
1.258790479E1,2.448750000E2
1.259052979E1,2.448750000E2
1.259315379E1,2.448750000E2
1.259577879E1,2.448750000E2
1.259840379E1,2.448750000E2
1.260102779E1,2.448750000E2
1.260365279E1,2.448750000E2
1.260627679E1,2.448750000E2
1.260890179E1,2.448750000E2
1.261152579E1,2.448750000E2
1.261415079E1,2.448750000E2
1.261677479E1,2.448750000E2
1.261939979E1,2.448750000E2
1.262202379E1,2.448750000E2
1.262464879E1,2.448750000E2
1.262727279E1,2.448750000E2
1.262989779E1,2.448750000E2
1.263252179E1,2.448750000E2
1.263514679E1,2.448750000E2
1.263777079E1,2.448750000E2
1.264039579E1,2.448750000E2
1.264301979E1,2.448750000E2
1.264564479E1,2.448750000E2
1.264826879E1,2.448750000E2
1.265089379E1,2.448750000E2
1.265351779E1,2.448750000E2
1.265614279E1,2.448750000E2
1.265876679E1,2.448750000E2
1.266139179E1,2.448750000E2
1.266401579E1,2.448750000E2
1.266664079E1,2.448750000E2
1.266926479E1,2.448750000E2
1.267188979E1,2.448750000E2
1.267451379E1,2.448750000E2
1.267713879E1,2.448750000E2
1.267976279E1,2.448750000E2
1.268238779E1,2.448750000E2
1.268501179E1,2.448750000E2
1.268763679E1,2.448750000E2
1.269026079E1,2.448750000E2
1.269288579E1,2.448750000E2
1.269550979E1,2.448750000E2
1.269813479E1,2.448750000E2
1.270075879E1,2.448750000E2
1.270338379E1,2.448750000E2
1.270600779E1,2.448750000E2
1.270863279E1,2.448750000E2
1.271125779E1,2.448750000E2
1.271388179E1,2.448750000E2
1.271650679E1,2.448750000E2
1.271913079E1,2.448750000E2
1.272175579E1,2.448750000E2
1.272437979E1,2.448750000E2
1.272700479E1,2.448750000E2
1.272962879E1,2.448750000E2
1.273225379E1,2.448750000E2
1.273487779E1,2.448750000E2
1.273750279E1,2.448750000E2
1.274012679E1,2.448750000E2
1.274275179E1,2.448750000E2
1.274537579E1,2.448750000E2
1.274800079E1,2.448750000E2
1.275062479E1,2.448750000E2
1.275324979E1,2.448750000E2
1.275587379E1,2.448750000E2
1.275849879E1,2.448750000E2
1.276112279E1,2.448750000E2
1.276374779E1,2.448750000E2
1.276637179E1,2.448750000E2
1.276899679E1,2.448750000E2
1.277162079E1,2.448750000E2
1.277424579E1,2.448750000E2
1.277686979E1,2.448750000E2
1.277949479E1,2.448750000E2
1.278211879E1,2.448750000E2
1.278474379E1,2.448750000E2
1.278736779E1,2.448750000E2
1.278999279E1,2.448750000E2
1.279261679E1,2.448750000E2
1.279524179E1,2.448750000E2
1.279786579E1,2.448750000E2
1.280049079E1,2.448750000E2
1.280311479E1,2.448750000E2
1.280573979E1,2.448750000E2
1.280836379E1,2.448750000E2
1.281098879E1,2.448750000E2
1.281361279E1,2.448750000E2
1.281623779E1,2.448750000E2
1.281886179E1,2.448750000E2
1.282148679E1,2.448750000E2
1.282411179E1,2.448750000E2
1.282673579E1,2.448750000E2
1.282936079E1,2.448750000E2
1.283198479E1,2.448750000E2
1.283460979E1,2.448750000E2
1.283723379E1,2.448750000E2
1.283985879E1,2.448750000E2
1.284248279E1,2.448750000E2
1.284510779E1,2.448750000E2
1.284773179E1,2.448750000E2
1.285035679E1,2.448750000E2
1.285298079E1,2.448750000E2
1.285560579E1,2.448750000E2
1.285822979E1,2.448750000E2
1.286085479E1,2.448750000E2
1.286347879E1,2.448750000E2
1.286610379E1,2.448750000E2
1.286872779E1,2.448750000E2
1.287135279E1,2.448750000E2
1.287397679E1,2.448750000E2
1.287660179E1,2.448750000E2
1.287922579E1,2.448750000E2
1.288185079E1,2.448750000E2
1.288447479E1,2.448750000E2
1.288709979E1,2.448750000E2
1.288972379E1,2.448750000E2
1.289234879E1,2.448750000E2
1.289497279E1,2.448750000E2
1.289759779E1,2.448750000E2
1.290022179E1,2.448750000E2
1.290284679E1,2.448750000E2
1.290547079E1,2.448750000E2
1.290809579E1,2.448750000E2
1.291071979E1,2.448750000E2
1.291334479E1,2.448750000E2
1.291596879E1,2.448750000E2
1.291859379E1,2.448750000E2
1.292121779E1,2.448750000E2
1.292384279E1,2.448750000E2
1.292646679E1,2.448750000E2
1.292909179E1,2.448750000E2
1.293171579E1,2.448750000E2
1.293434079E1,2.448750000E2
1.293696579E1,2.448750000E2
1.293958979E1,2.448750000E2
1.294221479E1,2.448750000E2
1.294483879E1,2.448750000E2
1.294746379E1,2.448750000E2
1.295008779E1,2.448750000E2
1.295271279E1,2.448750000E2
1.295533679E1,2.448750000E2
1.295796179E1,2.448750000E2
1.296058579E1,2.448750000E2
1.296321079E1,2.448750000E2
1.296583479E1,2.448750000E2
1.296845979E1,2.448750000E2
1.297108379E1,2.448750000E2
1.297370879E1,2.448750000E2
1.297633279E1,2.448750000E2
1.297895779E1,2.448750000E2
1.298158179E1,2.448750000E2
1.298420679E1,2.448750000E2
1.298683079E1,2.448750000E2
1.298945579E1,2.448750000E2
1.299207979E1,2.448750000E2
1.299470479E1,2.448750000E2
1.299732879E1,2.448750000E2
1.299995379E1,2.448750000E2
1.300257779E1,2.448750000E2
1.300520279E1,2.448750000E2
1.300782679E1,2.448750000E2
1.301045179E1,2.448750000E2
1.301307579E1,2.448750000E2
1.301570079E1,2.448750000E2
1.301832479E1,2.448750000E2
1.302094979E1,2.448750000E2
1.302357379E1,2.448750000E2
1.302619879E1,2.448750000E2
1.302882279E1,2.448750000E2
1.303144779E1,2.448750000E2
1.303407179E1,2.448750000E2
1.303669679E1,2.448750000E2
1.303932079E1,2.448750000E2
1.304194579E1,2.448750000E2
1.304456979E1,2.448750000E2
1.304719479E1,2.448750000E2
1.304981979E1,2.448750000E2
1.305244379E1,2.448750000E2
1.305506879E1,2.448750000E2
1.305769279E1,2.448750000E2
1.306031779E1,2.448750000E2
1.306294179E1,2.448750000E2
1.306556679E1,2.448750000E2
1.306819079E1,2.448750000E2
1.307081579E1,2.448750000E2
1.307343979E1,2.448750000E2
1.307606479E1,2.448750000E2
1.307868879E1,2.448750000E2
1.308131379E1,2.448750000E2
1.308393779E1,2.448750000E2
1.308656279E1,2.448750000E2
1.308918679E1,2.448750000E2
1.309181179E1,2.448750000E2
1.309443579E1,2.448750000E2
1.309706079E1,2.448750000E2
1.309968479E1,2.448750000E2
1.310230979E1,2.448750000E2
1.310493379E1,2.448750000E2
1.310755879E1,2.448750000E2
1.311018279E1,2.448750000E2
1.311280779E1,2.448750000E2
1.311543179E1,2.448750000E2
1.311805679E1,2.448750000E2
1.312068079E1,2.448750000E2
1.312330579E1,2.448750000E2
1.312592979E1,2.448750000E2
1.312855479E1,2.448750000E2
1.313117879E1,2.448750000E2
1.313380379E1,2.448750000E2
1.313642779E1,2.448750000E2
1.313905279E1,2.448750000E2
1.314167679E1,2.448750000E2
1.314430179E1,2.448750000E2
1.314692579E1,2.448750000E2
1.314955079E1,2.448750000E2
1.315217479E1,2.448750000E2
1.315479979E1,2.448750000E2
1.315742479E1,2.448750000E2
1.316004879E1,2.448750000E2
1.316267379E1,2.448750000E2
1.316529779E1,2.448750000E2
1.316792279E1,2.448750000E2
1.317054679E1,2.448750000E2
1.317317179E1,2.448750000E2
1.317579579E1,2.448750000E2
1.317842079E1,2.448750000E2
1.318104479E1,2.448750000E2
1.318366979E1,2.448750000E2
1.318629379E1,2.448750000E2
1.318891879E1,2.448750000E2
1.319154279E1,2.448750000E2
1.319416779E1,2.448750000E2
1.319679179E1,2.448750000E2
1.319941679E1,2.448750000E2
1.320204079E1,2.448750000E2
1.320466579E1,2.448750000E2
1.320728979E1,2.448750000E2
1.320991479E1,2.448750000E2
1.321253879E1,2.448750000E2
1.321516379E1,2.448750000E2
1.321778779E1,2.448750000E2
1.322041279E1,2.448750000E2
1.322303679E1,2.448750000E2
1.322566179E1,2.448750000E2
1.322828579E1,2.448750000E2
1.323091079E1,2.448750000E2
1.323353479E1,2.448750000E2
1.323615979E1,2.448750000E2
1.323878379E1,2.448750000E2
1.324140879E1,2.448750000E2
1.324403279E1,2.512500000E2
1.324665779E1,2.512500000E2
1.324928179E1,2.512500000E2
1.325190679E1,2.512500000E2
1.325453079E1,2.512500000E2
1.325715579E1,2.512500000E2
1.325977979E1,2.512500000E2
1.326240479E1,2.512500000E2
1.326502879E1,2.512500000E2
1.326765379E1,2.512500000E2
1.327027879E1,2.448750000E2
1.327290279E1,2.448750000E2
1.327552779E1,2.448750000E2
1.327815179E1,2.448750000E2
1.328077679E1,2.448750000E2
1.328340079E1,2.448750000E2
1.328602579E1,2.448750000E2
1.328864979E1,2.448750000E2
1.329127479E1,2.448750000E2
1.329389879E1,2.448750000E2
1.329652379E1,2.448750000E2
1.329914779E1,2.448750000E2
1.330177279E1,2.448750000E2
1.330439679E1,2.448750000E2
1.330702179E1,2.448750000E2
1.330964579E1,2.448750000E2
1.331227079E1,2.448750000E2
1.331489479E1,2.448750000E2
1.331751979E1,2.448750000E2
1.332014379E1,2.448750000E2
1.332276879E1,2.448750000E2
1.332539279E1,2.448750000E2
1.332801779E1,2.448750000E2
1.333064179E1,2.448750000E2
1.333326679E1,2.448750000E2
1.333589079E1,2.448750000E2
1.333851579E1,2.448750000E2
1.334113979E1,2.448750000E2
1.334376479E1,2.448750000E2
1.334638879E1,2.448750000E2
1.334901379E1,2.448750000E2
1.335163779E1,2.448750000E2
1.335426279E1,2.448750000E2
1.335688679E1,2.448750000E2
1.335951179E1,2.448750000E2
1.336213579E1,2.448750000E2
1.336476079E1,2.448750000E2
1.336738479E1,2.448750000E2
1.337000979E1,2.448750000E2
1.337263379E1,2.448750000E2
1.337525879E1,2.448750000E2
1.337788279E1,2.448750000E2
1.338050779E1,2.448750000E2
1.338313279E1,2.448750000E2
1.338575679E1,2.448750000E2
1.338838179E1,2.448750000E2
1.339100579E1,2.448750000E2
1.339363079E1,2.448750000E2
1.339625479E1,2.448750000E2
1.339887979E1,2.448750000E2
1.340150379E1,2.448750000E2
1.340412879E1,2.448750000E2
1.340675279E1,2.448750000E2
1.340937779E1,2.448750000E2
1.341200179E1,2.448750000E2
1.341462679E1,2.448750000E2
1.341725079E1,2.448750000E2
1.341987579E1,2.448750000E2
1.342249979E1,2.448750000E2
1.342512479E1,2.448750000E2
1.342774879E1,2.448750000E2
1.343037379E1,2.448750000E2
1.343299779E1,2.448750000E2
1.343562279E1,2.448750000E2
1.343824679E1,2.448750000E2
1.344087179E1,2.448750000E2
1.344349579E1,2.448750000E2
1.344612079E1,2.448750000E2
1.344874479E1,2.448750000E2
1.345136979E1,2.448750000E2
1.345399379E1,2.448750000E2
1.345661879E1,2.448750000E2
1.345924279E1,2.448750000E2
1.346186779E1,2.448750000E2
1.346449179E1,2.448750000E2
1.346711679E1,2.448750000E2
1.346974079E1,2.448750000E2
1.347236579E1,2.448750000E2
1.347498979E1,2.448750000E2
1.347761479E1,2.448750000E2
1.348023879E1,2.448750000E2
1.348286379E1,2.448750000E2
1.348548779E1,2.448750000E2
1.348811279E1,2.448750000E2
1.349073679E1,2.448750000E2
1.349336179E1,2.448750000E2
1.349598679E1,2.448750000E2
1.349861079E1,2.448750000E2
1.350123579E1,2.448750000E2
1.350385979E1,2.448750000E2
1.350648479E1,2.448750000E2
1.350910879E1,2.448750000E2
1.351173379E1,2.448750000E2
1.351435779E1,2.448750000E2
1.351698279E1,2.448750000E2
1.351960679E1,2.448750000E2
1.352223179E1,2.448750000E2
1.352485579E1,2.448750000E2
1.352748079E1,2.448750000E2
1.353010479E1,2.448750000E2
1.353272979E1,2.448750000E2
1.353535379E1,2.448750000E2
1.353797879E1,2.448750000E2
1.354060279E1,2.448750000E2
1.354322779E1,2.448750000E2
1.354585179E1,2.448750000E2
1.354847679E1,2.448750000E2
1.355110079E1,2.448750000E2
1.355372579E1,2.448750000E2
1.355634979E1,2.448750000E2
1.355897479E1,2.448750000E2
1.356159879E1,2.448750000E2
1.356422379E1,2.448750000E2
1.356684779E1,2.448750000E2
1.356947279E1,2.448750000E2
1.357209679E1,2.448750000E2
1.357472179E1,2.448750000E2
1.357734579E1,2.448750000E2
1.357997079E1,2.448750000E2
1.358259479E1,2.448750000E2
1.358521979E1,2.448750000E2
1.358784379E1,2.448750000E2
1.359046879E1,2.448750000E2
1.359309279E1,2.448750000E2
1.359571779E1,2.448750000E2
1.359834179E1,2.448750000E2
1.360096679E1,2.448750000E2
1.360359079E1,2.448750000E2
1.360621579E1,2.448750000E2
1.360884079E1,2.448750000E2
1.361146479E1,2.448750000E2
1.361408979E1,2.448750000E2
1.361671379E1,2.448750000E2
1.361933879E1,2.448750000E2
1.362196279E1,2.448750000E2
1.362458779E1,2.448750000E2
1.362721179E1,2.448750000E2
1.362983679E1,2.448750000E2
1.363246079E1,2.448750000E2
1.363508579E1,2.448750000E2
1.363770979E1,2.448750000E2
1.364033479E1,2.448750000E2
1.364295879E1,2.448750000E2
1.364558379E1,2.448750000E2
1.364820779E1,2.448750000E2
1.365083279E1,2.448750000E2
1.365345679E1,2.448750000E2
1.365608179E1,2.448750000E2
1.365870579E1,2.448750000E2
1.366133079E1,2.448750000E2
1.366395479E1,2.448750000E2
1.366657979E1,2.448750000E2
1.366920379E1,2.448750000E2
1.367182879E1,2.448750000E2
1.367445279E1,2.448750000E2
1.367707779E1,2.448750000E2
1.367970179E1,2.448750000E2
1.368232679E1,2.448750000E2
1.368495079E1,2.448750000E2
1.368757579E1,2.448750000E2
1.369019979E1,2.448750000E2
1.369282479E1,2.448750000E2
1.369544879E1,2.448750000E2
1.369807379E1,2.448750000E2
1.370069779E1,2.448750000E2
1.370332279E1,2.448750000E2
1.370594679E1,2.448750000E2
1.370857179E1,2.448750000E2
1.371119579E1,2.448750000E2
1.371382079E1,2.448750000E2
1.371644479E1,2.448750000E2
1.371906979E1,2.448750000E2
1.372169479E1,2.448750000E2
1.372431879E1,2.448750000E2
1.372694379E1,2.448750000E2
1.372956779E1,2.448750000E2
1.373219279E1,2.448750000E2
1.373481679E1,2.448750000E2
1.373744179E1,2.448750000E2
1.374006579E1,2.448750000E2
1.374269079E1,2.448750000E2
1.374531479E1,2.448750000E2
1.374793979E1,2.448750000E2
1.375056379E1,2.448750000E2
1.375318879E1,2.448750000E2
1.375581279E1,2.448750000E2
1.375843779E1,2.448750000E2
1.376106179E1,2.448750000E2
1.376368679E1,2.448750000E2
1.376631079E1,2.448750000E2
1.376893579E1,2.448750000E2
1.377155979E1,2.448750000E2
1.377418479E1,2.448750000E2
1.377680879E1,2.448750000E2
1.377943379E1,2.448750000E2
1.378205779E1,2.448750000E2
1.378468279E1,2.448750000E2
1.378730679E1,2.448750000E2
1.378993179E1,2.448750000E2
1.379255579E1,2.448750000E2
1.379518079E1,2.448750000E2
1.379780479E1,2.448750000E2
1.380042979E1,2.448750000E2
1.380305379E1,2.448750000E2
1.380567879E1,2.448750000E2
1.380830279E1,2.448750000E2
1.381092779E1,2.448750000E2
1.381355179E1,2.448750000E2
1.381617679E1,2.448750000E2
1.381880079E1,2.448750000E2
1.382142579E1,2.448750000E2
1.382404979E1,2.448750000E2
1.382667479E1,2.448750000E2
1.382929979E1,2.448750000E2
1.383192379E1,2.448750000E2
1.383454879E1,2.448750000E2
1.383717279E1,2.448750000E2
1.383979779E1,2.448750000E2
1.384242179E1,2.448750000E2
1.384504679E1,2.448750000E2
1.384767079E1,2.448750000E2
1.385029579E1,2.448750000E2
1.385291979E1,2.448750000E2
1.385554479E1,2.448750000E2
1.385816879E1,2.448750000E2
1.386079379E1,2.448750000E2
1.386341779E1,2.448750000E2
1.386604279E1,2.448750000E2
1.386866679E1,2.448750000E2
1.387129179E1,2.448750000E2
1.387391579E1,2.448750000E2
1.387654079E1,2.448750000E2
1.387916479E1,2.448750000E2
1.388178979E1,2.448750000E2
1.388441379E1,2.448750000E2
1.388703879E1,2.448750000E2
1.388966279E1,2.448750000E2
1.389228779E1,2.448750000E2
1.389491179E1,2.448750000E2
1.389753679E1,2.448750000E2
1.390016079E1,2.448750000E2
1.390278579E1,2.448750000E2
1.390540979E1,2.448750000E2
1.390803479E1,2.448750000E2
1.391065879E1,2.448750000E2
1.391328379E1,2.448750000E2
1.391590779E1,2.448750000E2
1.391853279E1,2.448750000E2
1.392115679E1,2.448750000E2
1.392378179E1,2.448750000E2
1.392640579E1,2.448750000E2
1.392903079E1,2.448750000E2
1.393165479E1,2.448750000E2
1.393427979E1,2.448750000E2
1.393690379E1,2.448750000E2
1.393952879E1,2.448750000E2
1.394215379E1,2.448750000E2
1.394477779E1,2.448750000E2
1.394740279E1,2.448750000E2
1.395002679E1,2.448750000E2
1.395265179E1,2.448750000E2
1.395527579E1,2.448750000E2
1.395790079E1,2.448750000E2
1.396052479E1,2.448750000E2
1.396314979E1,2.448750000E2
1.396577379E1,2.448750000E2
1.396839879E1,2.448750000E2
1.397102279E1,2.448750000E2
1.397364779E1,2.448750000E2
1.397627179E1,2.448750000E2
1.397889679E1,2.448750000E2
1.398152079E1,2.448750000E2
1.398414579E1,2.448750000E2
1.398676979E1,2.448750000E2
1.398939479E1,2.448750000E2
1.399201879E1,2.448750000E2
1.399464379E1,2.448750000E2
1.399726779E1,2.448750000E2
1.399989279E1,2.448750000E2
1.400251679E1,2.448750000E2
1.400514179E1,2.448750000E2
1.400776579E1,2.448750000E2
1.401039079E1,2.448750000E2
1.401301479E1,2.448750000E2
1.401563979E1,2.448750000E2
1.401826379E1,2.448750000E2
1.402088879E1,2.448750000E2
1.402351279E1,2.448750000E2
1.402613779E1,2.448750000E2
1.402876179E1,2.448750000E2
1.403138679E1,2.448750000E2
1.403401079E1,2.448750000E2
1.403663579E1,2.448750000E2
1.403925979E1,2.448750000E2
1.404188479E1,2.448750000E2
1.404450879E1,2.448750000E2
1.404713379E1,2.448750000E2
1.404975779E1,2.448750000E2
1.405238279E1,2.448750000E2
1.405500779E1,2.448750000E2
1.405763179E1,2.448750000E2
1.406025679E1,2.448750000E2
1.406288079E1,2.448750000E2
1.406550579E1,2.448750000E2
1.406812979E1,2.448750000E2
1.407075479E1,2.448750000E2
1.407337879E1,2.448750000E2
1.407600379E1,2.448750000E2
1.407862779E1,2.448750000E2
1.408125279E1,2.448750000E2
1.408387679E1,2.448750000E2
1.408650179E1,2.448750000E2
1.408912579E1,2.448750000E2
1.409175079E1,2.448750000E2
1.409437479E1,2.448750000E2
1.409699979E1,2.448750000E2
1.409962379E1,2.448750000E2
1.410224879E1,2.448750000E2
1.410487279E1,2.448750000E2
1.410749779E1,2.448750000E2
1.411012179E1,2.448750000E2
1.411274679E1,2.448750000E2
1.411537079E1,2.448750000E2
1.411799579E1,2.448750000E2
1.412061979E1,2.448750000E2
1.412324479E1,2.448750000E2
1.412586879E1,2.448750000E2
1.412849379E1,2.448750000E2
1.413111779E1,2.448750000E2
1.413374279E1,2.448750000E2
1.413636679E1,2.448750000E2
1.413899179E1,2.448750000E2
1.414161579E1,2.448750000E2
1.414424079E1,2.448750000E2
1.414686479E1,2.448750000E2
1.414948979E1,2.448750000E2
1.415211379E1,2.448750000E2
1.415473879E1,2.448750000E2
1.415736279E1,2.448750000E2
1.415998779E1,2.448750000E2
1.416261179E1,2.448750000E2
1.416523679E1,2.448750000E2
1.416786179E1,2.448750000E2
1.417048579E1,2.448750000E2
1.417311079E1,2.448750000E2
1.417573479E1,2.448750000E2
1.417835979E1,2.448750000E2
1.418098379E1,2.448750000E2
1.418360879E1,2.448750000E2
1.418623279E1,2.448750000E2
1.418885779E1,2.448750000E2
1.419148179E1,2.448750000E2
1.419410679E1,2.448750000E2
1.419673079E1,2.448750000E2
1.419935579E1,2.448750000E2
1.420197979E1,2.448750000E2
1.420460479E1,2.448750000E2
1.420722879E1,2.448750000E2
1.420985379E1,2.448750000E2
1.421247779E1,2.448750000E2
1.421510279E1,2.448750000E2
1.421772679E1,2.448750000E2
1.422035179E1,2.448750000E2
1.422297579E1,2.448750000E2
1.422560079E1,2.448750000E2
1.422822479E1,2.448750000E2
1.423084979E1,2.448750000E2
1.423347379E1,2.448750000E2
1.423609879E1,2.448750000E2
1.423872279E1,2.448750000E2
1.424134779E1,2.448750000E2
1.424397179E1,2.448750000E2
1.424659679E1,2.448750000E2
1.424922079E1,2.448750000E2
1.425184579E1,2.448750000E2
1.425446979E1,2.448750000E2
1.425709479E1,2.448750000E2
1.425971879E1,2.448750000E2
1.426234379E1,2.448750000E2
1.426496779E1,2.448750000E2
1.426759279E1,2.448750000E2
1.427021679E1,2.448750000E2
1.427284179E1,2.448750000E2
1.427546579E1,2.448750000E2
1.427809079E1,2.448750000E2
1.428071579E1,2.448750000E2
1.428333979E1,2.448750000E2
1.428596479E1,2.448750000E2
1.428858879E1,2.448750000E2
1.429121379E1,2.448750000E2
1.429383779E1,2.448750000E2
1.429646279E1,2.448750000E2
1.429908679E1,2.448750000E2
1.430171179E1,2.448750000E2
1.430433579E1,2.448750000E2
1.430696079E1,2.448750000E2
1.430958479E1,2.448750000E2
1.431220979E1,2.448750000E2
1.431483379E1,2.448750000E2
1.431745879E1,2.448750000E2
1.432008279E1,2.448750000E2
1.432270779E1,2.448750000E2
1.432533179E1,2.448750000E2
1.432795679E1,2.448750000E2
1.433058079E1,2.448750000E2
1.433320579E1,2.448750000E2
1.433582979E1,2.448750000E2
1.433845479E1,2.448750000E2
1.434107879E1,2.448750000E2
1.434370379E1,2.448750000E2
1.434632779E1,2.448750000E2
1.434895279E1,2.448750000E2
1.435157679E1,2.448750000E2
1.435420179E1,2.448750000E2
1.435682579E1,2.448750000E2
1.435945079E1,2.448750000E2
1.436207479E1,2.448750000E2
1.436469979E1,2.448750000E2
1.436732379E1,2.448750000E2
1.436994879E1,2.448750000E2
1.437257279E1,2.448750000E2
1.437519779E1,2.448750000E2
1.437782179E1,2.448750000E2
1.438044679E1,2.448750000E2
1.438307079E1,2.448750000E2
1.438569579E1,2.448750000E2
1.438831979E1,2.448750000E2
1.439094479E1,2.448750000E2
1.439356979E1,2.448750000E2
1.439619379E1,2.448750000E2
1.439881879E1,2.448750000E2
1.440144279E1,2.448750000E2
1.440406779E1,2.448750000E2
1.440669179E1,2.448750000E2
1.440931679E1,2.448750000E2
1.441194079E1,2.448750000E2
1.441456579E1,2.448750000E2
1.441718979E1,2.448750000E2
1.441981479E1,2.448750000E2
1.442243879E1,2.448750000E2
1.442506379E1,2.448750000E2
1.442768779E1,2.448750000E2
1.443031279E1,2.448750000E2
1.443293679E1,2.448750000E2
1.443556179E1,2.448750000E2
1.443818579E1,2.448750000E2
1.444081079E1,2.448750000E2
1.444343479E1,2.448750000E2
1.444605979E1,2.448750000E2
1.444868379E1,2.448750000E2
1.445130879E1,2.448750000E2
1.445393279E1,2.448750000E2
1.445655779E1,2.448750000E2
1.445918179E1,2.448750000E2
1.446180679E1,2.448750000E2
1.446443079E1,2.448750000E2
1.446705579E1,2.448750000E2
1.446967979E1,2.448750000E2
1.447230479E1,2.448750000E2
1.447492879E1,2.448750000E2
1.447755379E1,2.448750000E2
1.448017779E1,2.448750000E2
1.448280279E1,2.448750000E2
1.448542679E1,2.448750000E2
1.448805179E1,2.448750000E2
1.449067579E1,2.448750000E2
1.449330079E1,2.448750000E2
1.449592479E1,2.448750000E2
1.449854979E1,2.448750000E2
1.450117479E1,2.448750000E2
1.450379879E1,2.448750000E2
1.450642379E1,2.448750000E2
1.450904779E1,2.448750000E2
1.451167279E1,2.448750000E2
1.451429679E1,2.448750000E2
1.451692179E1,2.448750000E2
1.451954579E1,2.448750000E2
1.452217079E1,2.448750000E2
1.452479479E1,2.448750000E2
1.452741979E1,2.448750000E2
1.453004379E1,2.448750000E2
1.453266879E1,2.448750000E2
1.453529279E1,2.448750000E2
1.453791779E1,2.448750000E2
1.454054179E1,2.448750000E2
1.454316679E1,2.448750000E2
1.454579079E1,2.448750000E2
1.454841579E1,2.448750000E2
1.455103979E1,2.448750000E2
1.455366479E1,2.448750000E2
1.455628879E1,2.448750000E2
1.455891379E1,2.448750000E2
1.456153779E1,2.448750000E2
1.456416279E1,2.448750000E2
1.456678679E1,2.448750000E2
1.456941179E1,2.448750000E2
1.457203579E1,2.448750000E2
1.457466079E1,2.448750000E2
1.457728479E1,2.448750000E2
1.457990979E1,2.448750000E2
1.458253379E1,2.448750000E2
1.458515879E1,2.448750000E2
1.458778279E1,2.448750000E2
1.459040779E1,2.448750000E2
1.459303179E1,2.448750000E2
1.459565679E1,2.448750000E2
1.459828079E1,2.448750000E2
1.460090579E1,2.448750000E2
1.460352979E1,2.448750000E2
1.460615479E1,2.448750000E2
1.460877879E1,2.448750000E2
1.461140379E1,2.448750000E2
1.461402879E1,2.448750000E2
1.461665279E1,2.448750000E2
1.461927779E1,2.448750000E2
1.462190179E1,2.448750000E2
1.462452679E1,2.448750000E2
1.462715079E1,2.448750000E2
1.462977579E1,2.448750000E2
1.463239979E1,2.448750000E2
1.463502479E1,2.448750000E2
1.463764879E1,2.448750000E2
1.464027379E1,2.448750000E2
1.464289779E1,2.448750000E2
1.464552279E1,2.448750000E2
1.464814679E1,2.448750000E2
1.465077179E1,2.448750000E2
1.465339579E1,2.448750000E2
1.465602079E1,2.448750000E2
1.465864479E1,2.448750000E2
1.466126979E1,2.448750000E2
1.466389379E1,2.448750000E2
1.466651879E1,2.448750000E2
1.466914279E1,2.448750000E2
1.467176779E1,2.448750000E2
1.467439179E1,2.448750000E2
1.467701679E1,2.448750000E2
1.467964079E1,2.448750000E2
1.468226579E1,2.448750000E2
1.468488979E1,2.448750000E2
1.468751479E1,2.448750000E2
1.469013879E1,2.448750000E2
1.469276379E1,2.448750000E2
1.469538779E1,2.448750000E2
1.469801279E1,2.448750000E2
1.470063679E1,2.448750000E2
1.470326179E1,2.448750000E2
1.470588579E1,2.448750000E2
1.470851079E1,2.448750000E2
1.471113479E1,2.448750000E2
1.471375979E1,2.448750000E2
1.471638379E1,2.448750000E2
1.471900879E1,2.448750000E2
1.472163279E1,2.448750000E2
1.472425779E1,2.448750000E2
1.472688279E1,2.448750000E2
1.472950679E1,2.448750000E2
1.473213179E1,2.448750000E2
1.473475579E1,2.448750000E2
1.473738079E1,2.448750000E2
1.474000479E1,2.448750000E2
1.474262979E1,2.448750000E2
1.474525379E1,2.448750000E2
1.474787879E1,2.448750000E2
1.475050279E1,2.448750000E2
1.475312779E1,2.448750000E2
1.475575179E1,2.448750000E2
1.475837679E1,2.448750000E2
1.476100079E1,2.448750000E2
1.476362579E1,2.448750000E2
1.476624979E1,2.448750000E2
1.476887479E1,2.448750000E2
1.477149879E1,2.448750000E2
1.477412379E1,2.448750000E2
1.477674779E1,2.448750000E2
1.477937279E1,2.448750000E2
1.478199679E1,2.448750000E2
1.478462179E1,2.448750000E2
1.478724579E1,2.448750000E2
1.478987079E1,2.448750000E2
1.479249479E1,2.448750000E2
1.479511979E1,2.448750000E2
1.479774379E1,2.448750000E2
1.480036879E1,2.448750000E2
1.480299279E1,2.448750000E2
1.480561779E1,2.448750000E2
1.480824179E1,2.448750000E2
1.481086679E1,2.448750000E2
1.481349079E1,2.448750000E2
1.481611579E1,2.448750000E2
1.481873979E1,2.448750000E2
1.482136479E1,2.448750000E2
1.482398879E1,2.448750000E2
1.482661379E1,2.448750000E2
1.482923779E1,2.448750000E2
1.483186279E1,2.448750000E2
1.483448679E1,2.448750000E2
1.483711179E1,2.448750000E2
1.483973679E1,2.448750000E2
1.484236079E1,2.448750000E2
1.484498579E1,2.448750000E2
1.484760979E1,2.448750000E2
1.485023479E1,2.448750000E2
1.485285879E1,2.448750000E2
1.485548379E1,2.448750000E2
1.485810779E1,2.448750000E2
1.486073279E1,2.448750000E2
1.486335679E1,2.448750000E2
1.486598179E1,2.448750000E2
1.486860579E1,2.448750000E2
1.487123079E1,2.448750000E2
1.487385479E1,2.448750000E2
1.487647979E1,2.448750000E2
1.487910379E1,2.448750000E2
1.488172879E1,2.448750000E2
1.488435279E1,2.448750000E2
1.488697779E1,2.448750000E2
1.488960179E1,2.448750000E2
1.489222679E1,2.448750000E2
1.489485079E1,2.448750000E2
1.489747579E1,2.448750000E2
1.490009979E1,2.512500000E2
1.490272479E1,2.512500000E2
1.490534879E1,2.512500000E2
1.490797379E1,2.512500000E2
1.491059779E1,2.512500000E2
1.491322279E1,2.512500000E2
1.491584679E1,2.512500000E2
1.491847179E1,2.512500000E2
1.492109579E1,2.512500000E2
1.492372079E1,2.448750000E2
1.492634479E1,2.448750000E2
1.492896979E1,2.448750000E2
1.493159379E1,2.448750000E2
1.493421879E1,2.448750000E2
1.493684279E1,2.448750000E2
1.493946779E1,2.448750000E2
1.494209179E1,2.448750000E2
1.494471679E1,2.448750000E2
1.494734079E1,2.448750000E2
1.494996579E1,2.448750000E2
1.495259079E1,2.448750000E2
1.495521479E1,2.448750000E2
1.495783979E1,2.448750000E2
1.496046379E1,2.448750000E2
1.496308879E1,2.448750000E2
1.496571279E1,2.448750000E2
1.496833779E1,2.448750000E2
1.497096179E1,2.448750000E2
1.497358679E1,2.448750000E2
1.497621079E1,2.448750000E2
1.497883579E1,2.448750000E2
1.498145979E1,2.448750000E2
1.498408479E1,2.448750000E2
1.498670879E1,2.448750000E2
1.498933379E1,2.448750000E2
1.499195779E1,2.448750000E2
1.499458279E1,2.448750000E2
1.499720679E1,2.448750000E2
1.499983179E1,2.448750000E2
1.500245579E1,2.448750000E2
1.500508079E1,2.448750000E2
1.500770479E1,2.448750000E2
1.501032979E1,2.448750000E2
1.501295379E1,2.448750000E2
1.501557879E1,2.448750000E2
1.501820279E1,2.448750000E2
1.502082779E1,2.448750000E2
1.502345179E1,2.448750000E2
1.502607679E1,2.448750000E2
1.502870079E1,2.448750000E2
1.503132579E1,2.448750000E2
1.503394979E1,2.448750000E2
1.503657479E1,2.448750000E2
1.503919879E1,2.448750000E2
1.504182379E1,2.448750000E2
1.504444779E1,2.448750000E2
1.504707279E1,2.448750000E2
1.504969679E1,2.448750000E2
1.505232179E1,2.448750000E2
1.505494579E1,2.448750000E2
1.505757079E1,2.448750000E2
1.506019479E1,2.448750000E2
1.506281979E1,2.448750000E2
1.506544479E1,2.448750000E2
1.506806879E1,2.448750000E2
1.507069379E1,2.448750000E2
1.507331779E1,2.448750000E2
1.507594279E1,2.448750000E2
1.507856679E1,2.448750000E2
1.508119179E1,2.448750000E2
1.508381579E1,2.448750000E2
1.508644079E1,2.448750000E2
1.508906479E1,2.448750000E2
1.509168979E1,2.448750000E2
1.509431379E1,2.448750000E2
1.509693879E1,2.448750000E2
1.509956279E1,2.448750000E2
1.510218779E1,2.448750000E2
1.510481179E1,2.448750000E2
1.510743679E1,2.448750000E2
1.511006079E1,2.448750000E2
1.511268579E1,2.448750000E2
1.511530979E1,2.448750000E2
1.511793479E1,2.448750000E2
1.512055879E1,2.448750000E2
1.512318379E1,2.448750000E2
1.512580779E1,2.448750000E2
1.512843279E1,2.448750000E2
1.513105679E1,2.448750000E2
1.513368179E1,2.448750000E2
1.513630579E1,2.448750000E2
1.513893079E1,2.448750000E2
1.514155479E1,2.448750000E2
1.514417979E1,2.448750000E2
1.514680379E1,2.448750000E2
1.514942879E1,2.448750000E2
1.515205279E1,2.448750000E2
1.515467779E1,2.448750000E2
1.515730179E1,2.448750000E2
1.515992679E1,2.448750000E2
1.516255079E1,2.448750000E2
1.516517579E1,2.448750000E2
1.516779979E1,2.448750000E2
1.517042479E1,2.448750000E2
1.517304979E1,2.448750000E2
1.517567379E1,2.448750000E2
1.517829879E1,2.448750000E2
1.518092279E1,2.448750000E2
1.518354779E1,2.448750000E2
1.518617179E1,2.448750000E2
1.518879679E1,2.448750000E2
1.519142079E1,2.448750000E2
1.519404579E1,2.448750000E2
1.519666979E1,2.448750000E2
1.519929479E1,2.448750000E2
1.520191879E1,2.448750000E2
1.520454379E1,2.448750000E2
1.520716779E1,2.448750000E2
1.520979279E1,2.448750000E2
1.521241679E1,2.448750000E2
1.521504179E1,2.448750000E2
1.521766579E1,2.448750000E2
1.522029079E1,2.448750000E2
1.522291479E1,2.448750000E2
1.522553979E1,2.448750000E2
1.522816379E1,2.448750000E2
1.523078879E1,2.448750000E2
1.523341279E1,2.448750000E2
1.523603779E1,2.448750000E2
1.523866179E1,2.448750000E2
1.524128679E1,2.448750000E2
1.524391079E1,2.448750000E2
1.524653579E1,2.448750000E2
1.524915979E1,2.448750000E2
1.525178479E1,2.448750000E2
1.525440879E1,2.448750000E2
1.525703379E1,2.448750000E2
1.525965779E1,2.448750000E2
1.526228279E1,2.448750000E2
1.526490679E1,2.448750000E2
1.526753179E1,2.448750000E2
1.527015579E1,2.448750000E2
1.527278079E1,2.448750000E2
1.527540479E1,2.448750000E2
1.527802979E1,2.448750000E2
1.528065379E1,2.448750000E2
1.528327879E1,2.448750000E2
1.528590379E1,2.448750000E2
1.528852779E1,2.448750000E2
1.529115279E1,2.448750000E2
1.529377679E1,2.448750000E2
1.529640179E1,2.448750000E2
1.529902579E1,2.448750000E2
1.530165079E1,2.448750000E2
1.530427479E1,2.448750000E2
1.530689979E1,2.448750000E2
1.530952379E1,2.448750000E2
1.531214879E1,2.448750000E2
1.531477279E1,2.448750000E2
1.531739779E1,2.448750000E2
1.532002179E1,2.448750000E2
1.532264679E1,2.448750000E2
1.532527079E1,2.448750000E2
1.532789579E1,2.448750000E2
1.533051979E1,2.448750000E2
1.533314479E1,2.448750000E2
1.533576879E1,2.448750000E2
1.533839379E1,2.448750000E2
1.534101779E1,2.448750000E2
1.534364279E1,2.448750000E2
1.534626679E1,2.448750000E2
1.534889179E1,2.448750000E2
1.535151579E1,2.448750000E2
1.535414079E1,2.448750000E2
1.535676479E1,2.448750000E2
1.535938979E1,2.448750000E2
1.536201379E1,2.448750000E2
1.536463879E1,2.448750000E2
1.536726279E1,2.448750000E2
1.536988779E1,2.448750000E2
1.537251179E1,2.448750000E2
1.537513679E1,2.448750000E2
1.537776079E1,2.448750000E2
1.538038579E1,2.448750000E2
1.538300979E1,2.448750000E2
1.538563479E1,2.448750000E2
1.538825879E1,2.448750000E2
1.539088379E1,2.448750000E2
1.539350779E1,2.448750000E2
1.539613279E1,2.448750000E2
1.539875779E1,2.448750000E2
1.540138179E1,2.448750000E2
1.540400679E1,2.448750000E2
1.540663079E1,2.448750000E2
1.540925579E1,2.448750000E2
1.541187979E1,2.448750000E2
1.541450479E1,2.448750000E2
1.541712879E1,2.448750000E2
1.541975379E1,2.448750000E2
1.542237779E1,2.448750000E2
1.542500279E1,2.448750000E2
1.542762679E1,2.448750000E2
1.543025179E1,2.448750000E2
1.543287579E1,2.448750000E2
1.543550079E1,2.448750000E2
1.543812479E1,2.448750000E2
1.544074979E1,2.448750000E2
1.544337379E1,2.448750000E2
1.544599879E1,2.448750000E2
1.544862279E1,2.448750000E2
1.545124779E1,2.448750000E2
1.545387179E1,2.448750000E2
1.545649679E1,2.448750000E2
1.545912079E1,2.448750000E2
1.546174579E1,2.448750000E2
1.546436979E1,2.448750000E2
1.546699479E1,2.448750000E2
1.546961879E1,2.448750000E2
1.547224379E1,2.448750000E2
1.547486779E1,2.448750000E2
1.547749279E1,2.448750000E2
1.548011679E1,2.448750000E2
1.548274179E1,2.448750000E2
1.548536579E1,2.448750000E2
1.548799079E1,2.448750000E2
1.549061479E1,2.448750000E2
1.549323979E1,2.448750000E2
1.549586379E1,2.448750000E2
1.549848879E1,2.448750000E2
1.550111279E1,2.448750000E2
1.550373779E1,2.448750000E2
1.550636179E1,2.448750000E2
1.550898679E1,2.448750000E2
1.551161179E1,2.448750000E2
1.551423579E1,2.448750000E2
1.551686079E1,2.448750000E2
1.551948479E1,2.448750000E2
1.552210979E1,2.448750000E2
1.552473379E1,2.448750000E2
1.552735879E1,2.448750000E2
1.552998279E1,2.448750000E2
1.553260779E1,2.448750000E2
1.553523179E1,2.448750000E2
1.553785679E1,2.448750000E2
1.554048079E1,2.448750000E2
1.554310579E1,2.448750000E2
1.554572979E1,2.448750000E2
1.554835479E1,2.448750000E2
1.555097879E1,2.448750000E2
1.555360379E1,2.448750000E2
1.555622779E1,2.448750000E2
1.555885279E1,2.448750000E2
1.556147679E1,2.448750000E2
1.556410179E1,2.448750000E2
1.556672579E1,2.448750000E2
1.556935079E1,2.448750000E2
1.557197479E1,2.448750000E2
1.557459979E1,2.448750000E2
1.557722379E1,2.448750000E2
1.557984879E1,2.448750000E2
1.558247279E1,2.448750000E2
1.558509779E1,2.448750000E2
1.558772179E1,2.448750000E2
1.559034679E1,2.448750000E2
1.559297079E1,2.448750000E2
1.559559579E1,2.448750000E2
1.559821979E1,2.448750000E2
1.560084479E1,2.448750000E2
1.560346879E1,2.448750000E2
1.560609379E1,2.448750000E2
1.560871779E1,2.448750000E2
1.561134279E1,2.448750000E2
1.561396679E1,2.448750000E2
1.561659179E1,2.448750000E2
1.561921579E1,2.448750000E2
1.562184079E1,2.448750000E2
1.562446579E1,2.448750000E2
1.562708979E1,2.448750000E2
1.562971479E1,2.448750000E2
1.563233879E1,2.448750000E2
1.563496379E1,2.448750000E2
1.563758779E1,2.448750000E2
1.564021279E1,2.448750000E2
1.564283679E1,2.448750000E2
1.564546179E1,2.448750000E2
1.564808579E1,2.448750000E2
1.565071079E1,2.448750000E2
1.565333479E1,2.448750000E2
1.565595979E1,2.448750000E2
1.565858379E1,2.448750000E2
1.566120879E1,2.448750000E2
1.566383279E1,2.448750000E2
1.566645779E1,2.448750000E2
1.566908179E1,2.448750000E2
1.567170679E1,2.448750000E2
1.567433079E1,2.448750000E2
1.567695579E1,2.448750000E2
1.567957979E1,2.448750000E2
1.568220479E1,2.448750000E2
1.568482879E1,2.448750000E2
1.568745379E1,2.448750000E2
1.569007779E1,2.448750000E2
1.569270279E1,2.448750000E2
1.569532679E1,2.448750000E2
1.569795179E1,2.448750000E2
1.570057579E1,2.448750000E2
1.570320079E1,2.448750000E2
1.570582479E1,2.448750000E2
1.570844979E1,2.448750000E2
1.571107379E1,2.448750000E2
1.571369879E1,2.448750000E2
1.571632279E1,2.448750000E2
1.571894779E1,2.448750000E2
1.572157179E1,2.448750000E2
1.572419679E1,2.448750000E2
1.572682079E1,2.448750000E2
1.572944579E1,2.448750000E2
1.573206979E1,2.448750000E2
1.573469479E1,2.448750000E2
1.573731979E1,2.448750000E2
1.573994379E1,2.448750000E2
1.574256879E1,2.448750000E2
1.574519279E1,2.448750000E2
1.574781779E1,2.448750000E2
1.575044179E1,2.448750000E2
1.575306679E1,2.448750000E2
1.575569079E1,2.448750000E2
1.575831579E1,2.448750000E2
1.576093979E1,2.448750000E2
1.576356479E1,2.448750000E2
1.576618879E1,2.448750000E2
1.576881379E1,2.448750000E2
1.577143779E1,2.448750000E2
1.577406279E1,2.448750000E2
1.577668679E1,2.448750000E2
1.577931179E1,2.448750000E2
1.578193579E1,2.448750000E2
1.578456079E1,2.448750000E2
1.578718479E1,2.448750000E2
1.578980979E1,2.448750000E2
1.579243379E1,2.448750000E2
1.579505879E1,2.448750000E2
1.579768279E1,2.448750000E2
1.580030779E1,2.448750000E2
1.580293179E1,2.448750000E2
1.580555679E1,2.448750000E2
1.580818079E1,2.448750000E2
1.581080579E1,2.448750000E2
1.581342979E1,2.448750000E2
1.581605479E1,2.448750000E2
1.581867879E1,2.448750000E2
1.582130379E1,2.448750000E2
1.582392779E1,2.448750000E2
1.582655279E1,2.448750000E2
1.582917679E1,2.448750000E2
1.583180179E1,2.448750000E2
1.583442579E1,2.448750000E2
1.583705079E1,2.448750000E2
1.583967479E1,2.448750000E2
1.584229979E1,2.448750000E2
1.584492479E1,2.448750000E2
1.584754879E1,2.448750000E2
1.585017379E1,2.448750000E2
1.585279779E1,2.448750000E2
1.585542279E1,2.448750000E2
1.585804679E1,2.448750000E2
1.586067179E1,2.448750000E2
1.586329579E1,2.448750000E2
1.586592079E1,2.448750000E2
1.586854479E1,2.448750000E2
1.587116979E1,2.448750000E2
1.587379379E1,2.448750000E2
1.587641879E1,2.448750000E2
1.587904279E1,2.448750000E2
1.588166779E1,2.448750000E2
1.588429179E1,2.448750000E2
1.588691679E1,2.448750000E2
1.588954079E1,2.448750000E2
1.589216579E1,2.448750000E2
1.589478979E1,2.448750000E2
1.589741479E1,2.448750000E2
1.590003879E1,2.448750000E2
1.590266379E1,2.448750000E2
1.590528779E1,2.448750000E2
1.590791279E1,2.448750000E2
1.591053679E1,2.448750000E2
1.591316179E1,2.448750000E2
1.591578579E1,2.448750000E2
1.591841079E1,2.448750000E2
1.592103479E1,2.448750000E2
1.592365979E1,2.448750000E2
1.592628379E1,2.448750000E2
1.592890879E1,2.448750000E2
1.593153279E1,2.448750000E2
1.593415779E1,2.448750000E2
1.593678179E1,2.448750000E2
1.593940679E1,2.448750000E2
1.594203079E1,2.448750000E2
1.594465579E1,2.448750000E2
1.594727979E1,2.448750000E2
1.594990479E1,2.448750000E2
1.595252879E1,2.448750000E2
1.595515379E1,2.448750000E2
1.595777879E1,2.448750000E2
1.596040279E1,2.448750000E2
1.596302779E1,2.448750000E2
1.596565179E1,2.448750000E2
1.596827679E1,2.448750000E2
1.597090079E1,2.448750000E2
1.597352579E1,2.448750000E2
1.597614979E1,2.448750000E2
1.597877479E1,2.448750000E2
1.598139879E1,2.448750000E2
1.598402379E1,2.448750000E2
1.598664779E1,2.448750000E2
1.598927279E1,2.448750000E2
1.599189679E1,2.448750000E2
1.599452179E1,2.448750000E2
1.599714579E1,2.448750000E2
1.599977079E1,2.448750000E2
1.600239479E1,2.448750000E2
1.600501979E1,2.448750000E2
1.600764379E1,2.448750000E2
1.601026879E1,2.448750000E2
1.601289279E1,2.448750000E2
1.601551779E1,2.448750000E2
1.601814179E1,2.448750000E2
1.602076679E1,2.448750000E2
1.602339079E1,2.448750000E2
1.602601579E1,2.448750000E2
1.602863979E1,2.448750000E2
1.603126479E1,2.448750000E2
1.603388879E1,2.448750000E2
1.603651379E1,2.448750000E2
1.603913779E1,2.448750000E2
1.604176279E1,2.448750000E2
1.604438679E1,2.448750000E2
1.604701179E1,2.448750000E2
1.604963579E1,2.448750000E2
1.605226079E1,2.448750000E2
1.605488479E1,2.448750000E2
1.605750979E1,2.448750000E2
1.606013379E1,2.448750000E2
1.606275879E1,2.448750000E2
1.606538279E1,2.448750000E2
1.606800679E1,2.448750000E2
1.607063179E1,2.448750000E2
1.607325579E1,2.448750000E2
1.607588079E1,2.448750000E2
1.607850479E1,2.448750000E2
1.608112979E1,2.448750000E2
1.608375379E1,2.448750000E2
1.608637879E1,2.448750000E2
1.608900279E1,2.448750000E2
1.609162779E1,2.448750000E2
1.609425279E1,2.448750000E2
1.609687679E1,2.448750000E2
1.609950179E1,2.448750000E2
1.610212579E1,2.448750000E2
1.610475079E1,2.448750000E2
1.610737479E1,2.448750000E2
1.610999979E1,2.448750000E2
1.611262379E1,2.448750000E2
1.611524879E1,2.448750000E2
1.611787279E1,2.448750000E2
1.612049779E1,2.448750000E2
1.612312179E1,2.448750000E2
1.612574679E1,2.448750000E2
1.612837079E1,2.448750000E2
1.613099579E1,2.448750000E2
1.613361979E1,2.448750000E2
1.613624479E1,2.448750000E2
1.613886879E1,2.448750000E2
1.614149379E1,2.448750000E2
1.614411779E1,2.448750000E2
1.614674279E1,2.448750000E2
1.614936679E1,2.448750000E2
1.615199179E1,2.448750000E2
1.615461579E1,2.448750000E2
1.615724079E1,2.448750000E2
1.615986479E1,2.448750000E2
1.616248979E1,2.448750000E2
1.616511379E1,2.448750000E2
1.616773879E1,2.448750000E2
1.617036279E1,2.448750000E2
1.617298779E1,2.448750000E2
1.617561179E1,2.448750000E2
1.617823679E1,2.448750000E2
1.618086079E1,2.448750000E2
1.618348579E1,2.448750000E2
1.618610979E1,2.448750000E2
1.618873479E1,2.448750000E2
1.619135879E1,2.448750000E2
1.619398379E1,2.448750000E2
1.619660779E1,2.448750000E2
1.619923279E1,2.448750000E2
1.620185679E1,2.448750000E2
1.620448179E1,2.448750000E2
1.620710679E1,2.448750000E2
1.620973079E1,2.448750000E2
1.621235579E1,2.448750000E2
1.621497979E1,2.448750000E2
1.621760479E1,2.448750000E2
1.622022879E1,2.448750000E2
1.622285379E1,2.448750000E2
1.622547779E1,2.448750000E2
1.622810279E1,2.448750000E2
1.623072679E1,2.448750000E2
1.623335179E1,2.448750000E2
1.623597579E1,2.448750000E2
1.623860079E1,2.448750000E2
1.624122479E1,2.448750000E2
1.624384979E1,2.448750000E2
1.624647379E1,2.448750000E2
1.624909879E1,2.448750000E2
1.625172279E1,2.448750000E2
1.625434779E1,2.448750000E2
1.625697179E1,2.448750000E2
1.625959679E1,2.448750000E2
1.626222079E1,2.448750000E2
1.626484579E1,2.448750000E2
1.626746979E1,2.448750000E2
1.627009479E1,2.448750000E2
1.627271879E1,2.448750000E2
1.627534379E1,2.448750000E2
1.627796779E1,2.448750000E2
1.628059279E1,2.448750000E2
1.628321679E1,2.448750000E2
1.628584179E1,2.448750000E2
1.628846579E1,2.448750000E2
1.629109079E1,2.448750000E2
1.629371479E1,2.448750000E2
1.629633979E1,2.448750000E2
1.629896379E1,2.448750000E2
1.630158879E1,2.448750000E2
1.630421279E1,2.448750000E2
1.630683779E1,2.448750000E2
1.630946179E1,2.448750000E2
1.631208679E1,2.448750000E2
1.631471079E1,2.448750000E2
1.631733579E1,2.448750000E2
1.631996079E1,2.448750000E2
1.632258479E1,2.448750000E2
1.632520979E1,2.448750000E2
1.632783379E1,2.448750000E2
1.633045879E1,2.448750000E2
1.633308279E1,2.448750000E2
1.633570779E1,2.448750000E2
1.633833179E1,2.448750000E2
1.634095679E1,2.448750000E2
1.634358079E1,2.448750000E2
1.634620579E1,2.448750000E2
1.634882979E1,2.448750000E2
1.635145479E1,2.448750000E2
1.635407879E1,2.448750000E2
1.635670379E1,2.448750000E2
1.635932779E1,2.448750000E2
1.636195279E1,2.448750000E2
1.636457679E1,2.448750000E2
1.636720179E1,2.448750000E2
1.636982579E1,2.448750000E2
1.637245079E1,2.448750000E2
1.637507479E1,2.448750000E2
1.637769979E1,2.448750000E2
1.638032379E1,2.448750000E2
1.638294879E1,2.448750000E2
1.638557279E1,2.448750000E2
1.638819779E1,2.448750000E2
1.639082179E1,2.448750000E2
1.639344679E1,2.448750000E2
1.639607079E1,2.448750000E2
1.639869579E1,2.448750000E2
1.640131979E1,2.448750000E2
1.640394479E1,2.448750000E2
1.640656879E1,2.448750000E2
1.640919379E1,2.448750000E2
1.641181779E1,2.448750000E2
1.641444279E1,2.448750000E2
1.641706679E1,2.448750000E2
1.641969179E1,2.448750000E2
1.642231579E1,2.448750000E2
1.642494079E1,2.448750000E2
1.642756579E1,2.448750000E2
1.643018979E1,2.448750000E2
1.643281479E1,2.448750000E2
1.643543879E1,2.448750000E2
1.643806379E1,2.448750000E2
1.644068779E1,2.448750000E2
1.644331279E1,2.448750000E2
1.644593679E1,2.448750000E2
1.644856179E1,2.448750000E2
1.645118579E1,2.448750000E2
1.645381079E1,2.448750000E2
1.645643479E1,2.448750000E2
1.645905979E1,2.448750000E2
1.646168379E1,2.448750000E2
1.646430879E1,2.448750000E2
1.646693279E1,2.448750000E2
1.646955779E1,2.448750000E2
1.647218179E1,2.448750000E2
1.647480679E1,2.448750000E2
1.647743079E1,2.448750000E2
1.648005579E1,2.448750000E2
1.648267979E1,2.448750000E2
1.648530479E1,2.448750000E2
1.648792879E1,2.448750000E2
1.649055379E1,2.448750000E2
1.649317779E1,2.448750000E2
1.649580279E1,2.448750000E2
1.649842679E1,2.448750000E2
1.650105179E1,2.448750000E2
1.650367579E1,2.448750000E2
1.650630079E1,2.448750000E2
1.650892479E1,2.448750000E2
1.651154979E1,2.448750000E2
1.651417379E1,2.448750000E2
1.651679879E1,2.448750000E2
1.651942279E1,2.448750000E2
1.652204779E1,2.448750000E2
1.652467179E1,2.448750000E2
1.652729679E1,2.448750000E2
1.652992079E1,2.448750000E2
1.653254579E1,2.448750000E2
1.653516979E1,2.448750000E2
1.653779479E1,2.448750000E2
1.654041979E1,2.448750000E2
1.654304379E1,2.448750000E2
1.654566879E1,2.448750000E2
1.654829279E1,2.448750000E2
1.655091779E1,2.448750000E2
1.655354179E1,2.448750000E2
1.655616679E1,2.448750000E2
1.655879079E1,2.448750000E2
1.656141579E1,2.448750000E2
1.656403979E1,2.448750000E2
1.656666479E1,2.448750000E2
1.656928879E1,2.448750000E2
1.657191379E1,2.448750000E2
1.657453779E1,2.448750000E2
1.657716279E1,2.448750000E2
1.657978679E1,2.448750000E2
1.658241179E1,2.448750000E2
1.658503579E1,2.448750000E2
1.658766079E1,2.448750000E2
1.659028479E1,2.448750000E2
1.659290979E1,2.448750000E2
1.659553379E1,2.448750000E2
1.659815879E1,2.448750000E2
1.660078279E1,2.448750000E2
1.660340779E1,2.448750000E2
1.660603179E1,2.448750000E2
1.660865679E1,2.448750000E2
1.661128079E1,2.448750000E2
1.661390579E1,2.448750000E2
1.661652979E1,2.448750000E2
1.661915479E1,2.448750000E2
1.662177879E1,2.448750000E2
1.662440379E1,2.448750000E2
1.662702779E1,2.448750000E2
1.662965279E1,2.512500000E2
1.663227679E1,2.512500000E2
1.663490179E1,2.512500000E2
1.663752579E1,2.512500000E2
1.664015079E1,2.512500000E2
1.664277479E1,2.512500000E2
1.664539979E1,2.512500000E2
1.664802379E1,2.512500000E2
1.665064879E1,2.512500000E2
1.665327379E1,2.512500000E2
1.665589779E1,2.448750000E2
1.665852279E1,2.448750000E2
1.666114679E1,2.448750000E2
1.666377179E1,2.448750000E2
1.666639579E1,2.448750000E2
1.666902079E1,2.448750000E2
1.667164479E1,2.448750000E2
1.667426979E1,2.448750000E2
1.667689379E1,2.448750000E2
1.667951879E1,2.448750000E2
1.668214279E1,2.512500000E2
1.668476779E1,2.512500000E2
1.668739179E1,2.512500000E2
1.669001679E1,2.512500000E2
1.669264079E1,2.512500000E2
1.669526579E1,2.512500000E2
1.669788979E1,2.512500000E2
1.670051479E1,2.512500000E2
1.670313879E1,2.512500000E2
1.670576379E1,2.448750000E2
1.670838779E1,2.448750000E2
1.671101279E1,2.448750000E2
1.671363679E1,2.448750000E2
1.671626179E1,2.448750000E2
1.671888579E1,2.448750000E2
1.672151079E1,2.448750000E2
1.672413479E1,2.448750000E2
1.672675979E1,2.448750000E2
1.672938379E1,2.448750000E2
1.673200879E1,2.448750000E2
1.673463279E1,2.448750000E2
1.673725779E1,2.448750000E2
1.673988179E1,2.448750000E2
1.674250679E1,2.448750000E2
1.674513079E1,2.448750000E2
1.674775579E1,2.448750000E2
1.675037979E1,2.448750000E2
1.675300479E1,2.448750000E2
1.675562879E1,2.448750000E2
1.675825379E1,2.448750000E2
1.676087779E1,2.448750000E2
1.676350279E1,2.448750000E2
1.676612779E1,2.448750000E2
1.676875179E1,2.448750000E2
1.677137679E1,2.448750000E2
1.677400079E1,2.448750000E2
1.677662579E1,2.448750000E2
1.677924979E1,2.448750000E2
1.678187479E1,2.448750000E2
1.678449879E1,2.448750000E2
1.678712379E1,2.448750000E2
1.678974779E1,2.448750000E2
1.679237279E1,2.448750000E2
1.679499679E1,2.448750000E2
1.679762179E1,2.448750000E2
1.680024579E1,2.448750000E2
1.680287079E1,2.448750000E2
1.680549479E1,2.448750000E2
1.680811979E1,2.448750000E2
1.681074379E1,2.448750000E2
1.681336879E1,2.448750000E2
1.681599279E1,2.448750000E2
1.681861779E1,2.448750000E2
1.682124179E1,2.448750000E2
1.682386679E1,2.448750000E2
1.682649079E1,2.448750000E2
1.682911579E1,2.448750000E2
1.683173979E1,2.448750000E2
1.683436479E1,2.448750000E2
1.683698879E1,2.448750000E2
1.683961379E1,2.448750000E2
1.684223779E1,2.448750000E2
1.684486279E1,2.448750000E2
1.684748679E1,2.448750000E2
1.685011179E1,2.448750000E2
1.685273579E1,2.448750000E2
1.685536079E1,2.448750000E2
1.685798479E1,2.448750000E2
1.686060979E1,2.448750000E2
1.686323379E1,2.448750000E2
1.686585879E1,2.448750000E2
1.686848279E1,2.448750000E2
1.687110779E1,2.448750000E2
1.687373179E1,2.448750000E2
1.687635679E1,2.448750000E2
1.687898179E1,2.448750000E2
1.688160579E1,2.448750000E2
1.688423079E1,2.448750000E2
1.688685479E1,2.448750000E2
1.688947979E1,2.448750000E2
1.689210379E1,2.448750000E2
1.689472879E1,2.448750000E2
1.689735279E1,2.448750000E2
1.689997779E1,2.448750000E2
1.690260179E1,2.448750000E2
1.690522679E1,2.448750000E2
1.690785079E1,2.448750000E2
1.691047579E1,2.448750000E2
1.691309979E1,2.448750000E2
1.691572479E1,2.448750000E2
1.691834879E1,2.448750000E2
1.692097379E1,2.448750000E2
1.692359779E1,2.448750000E2
1.692622279E1,2.448750000E2
1.692884679E1,2.448750000E2
1.693147179E1,2.448750000E2
1.693409579E1,2.448750000E2
1.693672079E1,2.448750000E2
1.693934479E1,2.448750000E2
1.694196979E1,2.448750000E2
1.694459379E1,2.448750000E2
1.694721879E1,2.448750000E2
1.694984279E1,2.448750000E2
1.695246779E1,2.448750000E2
1.695509179E1,2.448750000E2
1.695771679E1,2.448750000E2
1.696034079E1,2.448750000E2
1.696296579E1,2.448750000E2
1.696558979E1,2.448750000E2
1.696821479E1,2.448750000E2
1.697083879E1,2.448750000E2
1.697346379E1,2.448750000E2
1.697608779E1,2.448750000E2
1.697871279E1,2.448750000E2
1.698133679E1,2.448750000E2
1.698396179E1,2.448750000E2
1.698658579E1,2.448750000E2
1.698921079E1,2.448750000E2
1.699183579E1,2.448750000E2
1.699445979E1,2.448750000E2
1.699708479E1,2.448750000E2
1.699970879E1,2.448750000E2
1.700233379E1,2.448750000E2
1.700495779E1,2.448750000E2
1.700758279E1,2.448750000E2
1.701020679E1,2.448750000E2
1.701283179E1,2.448750000E2
1.701545579E1,2.448750000E2
1.701808079E1,2.448750000E2
1.702070479E1,2.448750000E2
1.702332979E1,2.448750000E2
1.702595379E1,2.448750000E2
1.702857879E1,2.448750000E2
1.703120279E1,2.448750000E2
1.703382779E1,2.448750000E2
1.703645179E1,2.448750000E2
1.703907679E1,2.448750000E2
1.704170079E1,2.448750000E2
1.704432579E1,2.448750000E2
1.704694979E1,2.448750000E2
1.704957479E1,2.448750000E2
1.705219879E1,2.448750000E2
1.705482379E1,2.448750000E2
1.705744779E1,2.448750000E2
1.706007279E1,2.448750000E2
1.706269679E1,2.448750000E2
1.706532179E1,2.448750000E2
1.706794579E1,2.448750000E2
1.707057079E1,2.448750000E2
1.707319479E1,2.448750000E2
1.707581979E1,2.448750000E2
1.707844379E1,2.448750000E2
1.708106879E1,2.448750000E2
1.708369279E1,2.448750000E2
1.708631779E1,2.448750000E2
1.708894179E1,2.448750000E2
1.709156679E1,2.448750000E2
1.709419079E1,2.448750000E2
1.709681579E1,2.448750000E2
1.709944079E1,2.448750000E2
1.710206479E1,2.448750000E2
1.710468979E1,2.448750000E2
1.710731379E1,2.448750000E2
1.710993879E1,2.448750000E2
1.711256279E1,2.448750000E2
1.711518779E1,2.448750000E2
1.711781179E1,2.448750000E2
1.712043679E1,2.448750000E2
1.712306079E1,2.448750000E2
1.712568579E1,2.448750000E2
1.712830979E1,2.448750000E2
1.713093479E1,2.448750000E2
1.713355879E1,2.448750000E2
1.713618379E1,2.448750000E2
1.713880779E1,2.448750000E2
1.714143279E1,2.448750000E2
1.714405679E1,2.448750000E2
1.714668179E1,2.448750000E2
1.714930579E1,2.448750000E2
1.715193079E1,2.448750000E2
1.715455479E1,2.448750000E2
1.715717979E1,2.448750000E2
1.715980379E1,2.448750000E2
1.716242879E1,2.448750000E2
1.716505279E1,2.448750000E2
1.716767779E1,2.448750000E2
1.717030179E1,2.448750000E2
1.717292679E1,2.448750000E2
1.717555079E1,2.448750000E2
1.717817579E1,2.448750000E2
1.718079979E1,2.448750000E2
1.718342479E1,2.448750000E2
1.718604879E1,2.448750000E2
1.718867379E1,2.448750000E2
1.719129779E1,2.448750000E2
1.719392279E1,2.448750000E2
1.719654679E1,2.448750000E2
1.719917179E1,2.448750000E2
1.720179579E1,2.448750000E2
1.720442079E1,2.448750000E2
1.720704479E1,2.448750000E2
1.720966979E1,2.448750000E2
1.721229479E1,2.448750000E2
1.721491879E1,2.448750000E2
1.721754379E1,2.448750000E2
1.722016779E1,2.448750000E2
1.722279279E1,2.448750000E2
1.722541679E1,2.448750000E2
1.722804179E1,2.448750000E2
1.723066579E1,2.448750000E2
1.723329079E1,2.448750000E2
1.723591479E1,2.448750000E2
1.723853979E1,2.448750000E2
1.724116379E1,2.448750000E2
1.724378879E1,2.448750000E2
1.724641279E1,2.448750000E2
1.724903779E1,2.448750000E2
1.725166179E1,2.448750000E2
1.725428679E1,2.448750000E2
1.725691079E1,2.448750000E2
1.725953579E1,2.448750000E2
1.726215979E1,2.448750000E2
1.726478479E1,2.512500000E2
1.726740879E1,2.512500000E2
1.727003379E1,2.512500000E2
1.727265779E1,2.512500000E2
1.727528279E1,2.512500000E2
1.727790679E1,2.512500000E2
1.728053179E1,2.512500000E2
1.728315579E1,2.512500000E2
1.728578079E1,2.512500000E2
1.728840479E1,2.512500000E2
1.729102979E1,2.448750000E2
1.729365379E1,2.448750000E2
1.729627879E1,2.448750000E2
1.729890279E1,2.448750000E2
1.730152779E1,2.448750000E2
1.730415179E1,2.448750000E2
1.730677679E1,2.448750000E2
1.730940079E1,2.448750000E2
1.731202579E1,2.448750000E2
1.731464979E1,2.448750000E2
1.731727479E1,2.448750000E2
1.731989879E1,2.448750000E2
1.732252379E1,2.448750000E2
1.732514879E1,2.448750000E2
1.732777279E1,2.448750000E2
1.733039779E1,2.448750000E2
1.733302179E1,2.448750000E2
1.733564679E1,2.448750000E2
1.733827079E1,2.448750000E2
1.734089579E1,2.448750000E2
1.734351979E1,2.448750000E2
1.734614479E1,2.448750000E2
1.734876879E1,2.448750000E2
1.735139379E1,2.448750000E2
1.735401779E1,2.448750000E2
1.735664279E1,2.448750000E2
1.735926679E1,2.448750000E2
1.736189179E1,2.448750000E2
1.736451579E1,2.448750000E2
1.736714079E1,2.448750000E2
1.736976479E1,2.448750000E2
1.737238979E1,2.448750000E2
1.737501379E1,2.448750000E2
1.737763879E1,2.448750000E2
1.738026279E1,2.448750000E2
1.738288779E1,2.448750000E2
1.738551179E1,2.448750000E2
1.738813679E1,2.448750000E2
1.739076079E1,2.448750000E2
1.739338579E1,2.448750000E2
1.739600979E1,2.448750000E2
1.739863479E1,2.448750000E2
1.740125879E1,2.448750000E2
1.740388379E1,2.448750000E2
1.740650779E1,2.448750000E2
1.740913279E1,2.448750000E2
1.741175679E1,2.448750000E2
1.741438179E1,2.448750000E2
1.741700579E1,2.448750000E2
1.741963079E1,2.448750000E2
1.742225479E1,2.448750000E2
1.742487979E1,2.448750000E2
1.742750379E1,2.448750000E2
1.743012879E1,2.448750000E2
1.743275279E1,2.448750000E2
1.743537779E1,2.448750000E2
1.743800279E1,2.448750000E2
1.744062679E1,2.448750000E2
1.744325179E1,2.448750000E2
1.744587579E1,2.448750000E2
1.744850079E1,2.448750000E2
1.745112479E1,2.448750000E2
1.745374979E1,2.448750000E2
1.745637379E1,2.448750000E2
1.745899879E1,2.448750000E2
1.746162279E1,2.448750000E2
1.746424779E1,2.448750000E2
1.746687179E1,2.448750000E2
1.746949679E1,2.448750000E2
1.747212079E1,2.448750000E2
1.747474579E1,2.448750000E2
1.747736979E1,2.448750000E2
1.747999479E1,2.448750000E2
1.748261879E1,2.448750000E2
1.748524379E1,2.448750000E2
1.748786779E1,2.448750000E2
1.749049279E1,2.448750000E2
1.749311679E1,2.448750000E2
1.749574179E1,2.448750000E2
1.749836579E1,2.448750000E2
1.750099079E1,2.448750000E2
1.750361479E1,2.448750000E2
1.750623979E1,2.448750000E2
1.750886379E1,2.448750000E2
1.751148879E1,2.448750000E2
1.751411279E1,2.448750000E2
1.751673779E1,2.448750000E2
1.751936179E1,2.448750000E2
1.752198679E1,2.448750000E2
1.752461079E1,2.448750000E2
1.752723579E1,2.448750000E2
1.752985979E1,2.448750000E2
1.753248479E1,2.448750000E2
1.753510879E1,2.448750000E2
1.753773379E1,2.448750000E2
1.754035779E1,2.448750000E2
1.754298279E1,2.448750000E2
1.754560679E1,2.448750000E2
1.754823179E1,2.448750000E2
1.755085679E1,2.448750000E2
1.755348079E1,2.448750000E2
1.755610579E1,2.448750000E2
1.755872979E1,2.448750000E2
1.756135479E1,2.448750000E2
1.756397879E1,2.448750000E2
1.756660379E1,2.448750000E2
1.756922779E1,2.448750000E2
1.757185279E1,2.448750000E2
1.757447679E1,2.448750000E2
1.757710179E1,2.448750000E2
1.757972579E1,2.448750000E2
1.758235079E1,2.448750000E2
1.758497479E1,2.448750000E2
1.758759979E1,2.448750000E2
1.759022379E1,2.448750000E2
1.759284879E1,2.448750000E2
1.759547279E1,2.448750000E2
1.759809779E1,2.448750000E2
1.760072179E1,2.448750000E2
1.760334679E1,2.448750000E2
1.760597079E1,2.448750000E2
1.760859579E1,2.448750000E2
1.761121979E1,2.448750000E2
1.761384479E1,2.448750000E2
1.761646879E1,2.448750000E2
1.761909379E1,2.448750000E2
1.762171779E1,2.448750000E2
1.762434279E1,2.448750000E2
1.762696679E1,2.448750000E2
1.762959179E1,2.448750000E2
1.763221579E1,2.448750000E2
1.763484079E1,2.448750000E2
1.763746479E1,2.448750000E2
1.764008979E1,2.448750000E2
1.764271379E1,2.448750000E2
1.764533879E1,2.448750000E2
1.764796279E1,2.448750000E2
1.765058779E1,2.448750000E2
1.765321179E1,2.448750000E2
1.765583679E1,2.448750000E2
1.765846079E1,2.448750000E2
1.766108579E1,2.448750000E2
1.766371079E1,2.448750000E2
1.766633479E1,2.448750000E2
1.766895979E1,2.448750000E2
1.767158379E1,2.448750000E2
1.767420879E1,2.448750000E2
1.767683279E1,2.448750000E2
1.767945779E1,2.448750000E2
1.768208179E1,2.448750000E2
1.768470679E1,2.448750000E2
1.768733079E1,2.448750000E2
1.768995579E1,2.448750000E2
1.769257979E1,2.448750000E2
1.769520479E1,2.448750000E2
1.769782879E1,2.448750000E2
1.770045379E1,2.448750000E2
1.770307779E1,2.448750000E2
1.770570279E1,2.448750000E2
1.770832679E1,2.448750000E2
1.771095179E1,2.448750000E2
1.771357579E1,2.448750000E2
1.771620079E1,2.448750000E2
1.771882479E1,2.448750000E2
1.772144979E1,2.448750000E2
1.772407379E1,2.448750000E2
1.772669879E1,2.448750000E2
1.772932279E1,2.448750000E2
1.773194779E1,2.448750000E2
1.773457179E1,2.448750000E2
1.773719679E1,2.448750000E2
1.773982079E1,2.448750000E2
1.774244579E1,2.448750000E2
1.774506979E1,2.448750000E2
1.774769479E1,2.448750000E2
1.775031879E1,2.448750000E2
1.775294379E1,2.448750000E2
1.775556779E1,2.448750000E2
1.775819279E1,2.448750000E2
1.776081679E1,2.448750000E2
1.776344179E1,2.448750000E2
1.776606579E1,2.448750000E2
1.776869079E1,2.448750000E2
1.777131579E1,2.448750000E2
1.777393979E1,2.448750000E2
1.777656479E1,2.448750000E2
1.777918879E1,2.448750000E2
1.778181379E1,2.448750000E2
1.778443779E1,2.448750000E2
1.778706279E1,2.448750000E2
1.778968679E1,2.448750000E2
1.779231179E1,2.448750000E2
1.779493579E1,2.448750000E2
1.779756079E1,2.448750000E2
1.780018479E1,2.448750000E2
1.780280979E1,2.448750000E2
1.780543379E1,2.448750000E2
1.780805879E1,2.448750000E2
1.781068279E1,2.448750000E2
1.781330779E1,2.448750000E2
1.781593179E1,2.448750000E2
1.781855679E1,2.448750000E2
1.782118079E1,2.448750000E2
1.782380579E1,2.448750000E2
1.782642979E1,2.448750000E2
1.782905479E1,2.448750000E2
1.783167879E1,2.448750000E2
1.783430379E1,2.448750000E2
1.783692779E1,2.448750000E2
1.783955279E1,2.448750000E2
1.784217679E1,2.448750000E2
1.784480179E1,2.448750000E2
1.784742579E1,2.448750000E2
1.785005079E1,2.448750000E2
1.785267479E1,2.448750000E2
1.785529979E1,2.448750000E2
1.785792379E1,2.448750000E2
1.786054879E1,2.448750000E2
1.786317279E1,2.448750000E2
1.786579779E1,2.448750000E2
1.786842179E1,2.448750000E2
1.787104679E1,2.448750000E2
1.787367079E1,2.448750000E2
1.787629579E1,2.448750000E2
1.787891979E1,2.448750000E2
1.788154479E1,2.448750000E2
1.788416979E1,2.448750000E2
1.788679379E1,2.448750000E2
1.788941879E1,2.448750000E2
1.789204279E1,2.448750000E2
1.789466779E1,2.448750000E2
1.789729179E1,2.448750000E2
1.789991679E1,2.448750000E2
1.790254079E1,2.448750000E2
1.790516579E1,2.448750000E2
1.790778979E1,2.448750000E2
1.791041479E1,2.448750000E2
1.791303879E1,2.448750000E2
1.791566379E1,2.448750000E2
1.791828779E1,2.448750000E2
1.792091279E1,2.448750000E2
1.792353679E1,2.448750000E2
1.792616179E1,2.448750000E2
1.792878579E1,2.448750000E2
1.793141079E1,2.448750000E2
1.793403479E1,2.448750000E2
1.793665979E1,2.448750000E2
1.793928379E1,2.448750000E2
1.794190879E1,2.448750000E2
1.794453279E1,2.448750000E2
1.794715779E1,2.448750000E2
1.794978179E1,2.448750000E2
1.795240679E1,2.448750000E2
1.795503079E1,2.448750000E2
1.795765579E1,2.448750000E2
1.796027979E1,2.448750000E2
1.796290479E1,2.448750000E2
1.796552879E1,2.448750000E2
1.796815379E1,2.448750000E2
1.797077779E1,2.448750000E2
1.797340279E1,2.448750000E2
1.797602679E1,2.448750000E2
1.797865179E1,2.448750000E2
1.798127579E1,2.448750000E2
1.798390079E1,2.448750000E2
1.798652479E1,2.448750000E2
1.798914979E1,2.448750000E2
1.799177379E1,2.448750000E2
1.799439879E1,2.448750000E2
1.799702379E1,2.448750000E2
1.799964779E1,2.448750000E2
1.800227279E1,2.448750000E2
1.800489679E1,2.448750000E2
1.800752179E1,2.448750000E2
1.801014579E1,2.448750000E2
1.801277079E1,2.448750000E2
1.801539479E1,2.448750000E2
1.801801979E1,2.448750000E2
1.802064379E1,2.448750000E2
1.802326879E1,2.448750000E2
1.802589279E1,2.448750000E2
1.802851779E1,2.448750000E2
1.803114179E1,2.448750000E2
1.803376679E1,2.448750000E2
1.803639079E1,2.448750000E2
1.803901579E1,2.448750000E2
1.804163979E1,2.448750000E2
1.804426479E1,2.448750000E2
1.804688879E1,2.448750000E2
1.804951379E1,2.448750000E2
1.805213779E1,2.448750000E2
1.805476279E1,2.448750000E2
1.805738679E1,2.448750000E2
1.806001179E1,2.448750000E2
1.806263579E1,2.448750000E2
1.806526079E1,2.448750000E2
1.806788479E1,2.448750000E2
1.807050979E1,2.448750000E2
1.807313379E1,2.448750000E2
1.807575879E1,2.448750000E2
1.807838279E1,2.448750000E2
1.808100779E1,2.448750000E2
1.808363179E1,2.448750000E2
1.808625679E1,2.448750000E2
1.808888079E1,2.448750000E2
1.809150579E1,2.448750000E2
1.809412979E1,2.448750000E2
1.809675479E1,2.448750000E2
1.809937879E1,2.448750000E2
1.810200379E1,2.448750000E2
1.810462779E1,2.448750000E2
1.810725279E1,2.448750000E2
1.810987779E1,2.448750000E2
1.811250179E1,2.448750000E2
1.811512679E1,2.448750000E2
1.811775079E1,2.448750000E2
1.812037579E1,2.448750000E2
1.812299979E1,2.448750000E2
1.812562479E1,2.448750000E2
1.812824879E1,2.448750000E2
1.813087379E1,2.448750000E2
1.813349779E1,2.448750000E2
1.813612279E1,2.448750000E2
1.813874679E1,2.448750000E2
1.814137179E1,2.448750000E2
1.814399579E1,2.448750000E2
1.814662079E1,2.448750000E2
1.814924479E1,2.448750000E2
1.815186979E1,2.448750000E2
1.815449379E1,2.448750000E2
1.815711879E1,2.448750000E2
1.815974279E1,2.448750000E2
1.816236779E1,2.448750000E2
1.816499179E1,2.448750000E2
1.816761679E1,2.448750000E2
1.817024079E1,2.448750000E2
1.817286579E1,2.448750000E2
1.817548979E1,2.448750000E2
1.817811479E1,2.448750000E2
1.818073879E1,2.448750000E2
1.818336379E1,2.448750000E2
1.818598779E1,2.448750000E2
1.818861279E1,2.448750000E2
1.819123679E1,2.448750000E2
1.819386179E1,2.448750000E2
1.819648579E1,2.448750000E2
1.819911079E1,2.448750000E2
1.820173479E1,2.448750000E2
1.820435979E1,2.448750000E2
1.820698379E1,2.448750000E2
1.820960879E1,2.448750000E2
1.821223279E1,2.448750000E2
1.821485779E1,2.448750000E2
1.821748179E1,2.448750000E2
1.822010679E1,2.448750000E2
1.822273179E1,2.448750000E2
1.822535579E1,2.448750000E2
1.822798079E1,2.448750000E2
1.823060479E1,2.448750000E2
1.823322979E1,2.448750000E2
1.823585379E1,2.448750000E2
1.823847879E1,2.448750000E2
1.824110279E1,2.448750000E2
1.824372779E1,2.448750000E2
1.824635179E1,2.448750000E2
1.824897679E1,2.448750000E2
1.825160079E1,2.448750000E2
1.825422579E1,2.448750000E2
1.825684979E1,2.448750000E2
1.825947479E1,2.448750000E2
1.826209879E1,2.448750000E2
1.826472379E1,2.448750000E2
1.826734779E1,2.448750000E2
1.826997279E1,2.448750000E2
1.827259679E1,2.448750000E2
1.827522179E1,2.448750000E2
1.827784579E1,2.448750000E2
1.828047079E1,2.448750000E2
1.828309479E1,2.448750000E2
1.828571979E1,2.448750000E2
1.828834379E1,2.448750000E2
1.829096879E1,2.448750000E2
1.829359279E1,2.448750000E2
1.829621779E1,2.448750000E2
1.829884179E1,2.448750000E2
1.830146679E1,2.448750000E2
1.830409079E1,2.448750000E2
1.830671579E1,2.448750000E2
1.830933979E1,2.448750000E2
1.831196479E1,2.448750000E2
1.831458879E1,2.448750000E2
1.831721379E1,2.448750000E2
1.831983779E1,2.448750000E2
1.832246279E1,2.448750000E2
1.832508679E1,2.448750000E2
1.832771179E1,2.448750000E2
1.833033579E1,2.448750000E2
1.833296079E1,2.448750000E2
1.833558579E1,2.448750000E2
1.833820979E1,2.448750000E2
1.834083479E1,2.448750000E2
1.834345879E1,2.448750000E2
1.834608379E1,2.448750000E2
1.834870779E1,2.448750000E2
1.835133279E1,2.448750000E2
1.835395679E1,2.448750000E2
1.835658179E1,2.448750000E2
1.835920579E1,2.448750000E2
1.836183079E1,2.448750000E2
1.836445479E1,2.448750000E2
1.836707979E1,2.448750000E2
1.836970379E1,2.448750000E2
1.837232879E1,2.448750000E2
1.837495279E1,2.448750000E2
1.837757779E1,2.448750000E2
1.838020179E1,2.448750000E2
1.838282679E1,2.448750000E2
1.838545079E1,2.448750000E2
1.838807579E1,2.448750000E2
1.839069979E1,2.448750000E2
1.839332479E1,2.448750000E2
1.839594879E1,2.448750000E2
1.839857379E1,2.448750000E2
1.840119779E1,2.448750000E2
1.840382279E1,2.448750000E2
1.840644679E1,2.448750000E2
1.840907179E1,2.448750000E2
1.841169579E1,2.448750000E2
1.841432079E1,2.448750000E2
1.841694479E1,2.448750000E2
1.841956979E1,2.448750000E2
1.842219379E1,2.448750000E2
1.842481879E1,2.448750000E2
1.842744279E1,2.448750000E2
1.843006779E1,2.448750000E2
1.843269179E1,2.448750000E2
1.843531679E1,2.448750000E2
1.843794079E1,2.448750000E2
1.844056579E1,2.448750000E2
1.844319079E1,2.448750000E2
1.844581479E1,2.448750000E2
1.844843979E1,2.448750000E2
1.845106379E1,2.448750000E2
1.845368879E1,2.448750000E2
1.845631279E1,2.448750000E2
1.845893779E1,2.448750000E2
1.846156179E1,2.448750000E2
1.846418679E1,2.448750000E2
1.846681079E1,2.448750000E2
1.846943579E1,2.448750000E2
1.847205979E1,2.448750000E2
1.847468479E1,2.448750000E2
1.847730879E1,2.448750000E2
1.847993379E1,2.448750000E2
1.848255779E1,2.448750000E2
1.848518279E1,2.448750000E2
1.848780679E1,2.448750000E2
1.849043179E1,2.448750000E2
1.849305579E1,2.448750000E2
1.849568079E1,2.448750000E2
1.849830479E1,2.448750000E2
1.850092979E1,2.448750000E2
1.850355379E1,2.448750000E2
1.850617879E1,2.448750000E2
1.850880279E1,2.448750000E2
1.851142779E1,2.448750000E2
1.851405179E1,2.448750000E2
1.851667679E1,2.448750000E2
1.851930079E1,2.448750000E2
1.852192579E1,2.448750000E2
1.852454979E1,2.448750000E2
1.852717479E1,2.448750000E2
1.852979879E1,2.448750000E2
1.853242379E1,2.448750000E2
1.853504779E1,2.448750000E2
1.853767279E1,2.448750000E2
1.854029679E1,2.448750000E2
1.854292179E1,2.448750000E2
1.854554579E1,2.448750000E2
1.854817079E1,2.448750000E2
1.855079479E1,2.448750000E2
1.855341979E1,2.448750000E2
1.855604479E1,2.448750000E2
1.855866879E1,2.448750000E2
1.856129379E1,2.448750000E2
1.856391779E1,2.448750000E2
1.856654279E1,2.448750000E2
1.856916679E1,2.448750000E2
1.857179179E1,2.448750000E2
1.857441579E1,2.448750000E2
1.857704079E1,2.448750000E2
1.857966479E1,2.448750000E2
1.858228979E1,2.448750000E2
1.858491379E1,2.448750000E2
1.858753879E1,2.448750000E2
1.859016279E1,2.448750000E2
1.859278779E1,2.448750000E2
1.859541179E1,2.448750000E2
1.859803679E1,2.448750000E2
1.860066079E1,2.448750000E2
1.860328579E1,2.448750000E2
1.860590979E1,2.448750000E2
1.860853479E1,2.448750000E2
1.861115879E1,2.448750000E2
1.861378379E1,2.448750000E2
1.861640779E1,2.448750000E2
1.861903279E1,2.448750000E2
1.862165679E1,2.448750000E2
1.862428179E1,2.448750000E2
1.862690579E1,2.448750000E2
1.862953079E1,2.448750000E2
1.863215479E1,2.448750000E2
1.863477979E1,2.448750000E2
1.863740379E1,2.448750000E2
1.864002879E1,2.448750000E2
1.864265279E1,2.448750000E2
1.864527779E1,2.448750000E2
1.864790179E1,2.448750000E2
1.865052679E1,2.448750000E2
1.865315079E1,2.448750000E2
1.865577579E1,2.448750000E2
1.865839979E1,2.448750000E2
1.866102479E1,2.448750000E2
1.866364879E1,2.448750000E2
1.866627379E1,2.448750000E2
1.866889879E1,2.448750000E2
1.867152279E1,2.448750000E2
1.867414779E1,2.448750000E2
1.867677179E1,2.448750000E2
1.867939679E1,2.448750000E2
1.868202079E1,2.448750000E2
1.868464579E1,2.448750000E2
1.868726979E1,2.448750000E2
1.868989479E1,2.448750000E2
1.869251879E1,2.448750000E2
1.869514379E1,2.448750000E2
1.869776779E1,2.448750000E2
1.870039279E1,2.448750000E2
1.870301679E1,2.448750000E2
1.870564179E1,2.448750000E2
1.870826579E1,2.448750000E2
1.871089079E1,2.448750000E2
1.871351479E1,2.448750000E2
1.871613979E1,2.448750000E2
1.871876379E1,2.448750000E2
1.872138879E1,2.448750000E2
1.872401279E1,2.448750000E2
1.872663779E1,2.448750000E2
1.872926179E1,2.448750000E2
1.873188679E1,2.448750000E2
1.873451079E1,2.448750000E2
1.873713579E1,2.448750000E2
1.873975979E1,2.448750000E2
1.874238479E1,2.448750000E2
1.874500879E1,2.448750000E2
1.874763379E1,2.448750000E2
1.875025779E1,2.448750000E2
1.875288279E1,2.448750000E2
1.875550679E1,2.448750000E2
1.875813179E1,2.448750000E2
1.876075579E1,2.448750000E2
1.876338079E1,2.448750000E2
1.876600479E1,2.448750000E2
1.876862979E1,2.448750000E2
1.877125379E1,2.448750000E2
1.877387879E1,2.448750000E2
1.877650279E1,2.448750000E2
1.877912779E1,2.448750000E2
1.878175279E1,2.448750000E2
1.878437679E1,2.448750000E2
1.878700179E1,2.448750000E2
1.878962579E1,2.448750000E2
1.879225079E1,2.448750000E2
1.879487479E1,2.448750000E2
1.879749979E1,2.448750000E2
1.880012379E1,2.448750000E2
1.880274879E1,2.448750000E2
1.880537279E1,2.448750000E2
1.880799779E1,2.448750000E2
1.881062179E1,2.448750000E2
1.881324679E1,2.448750000E2
1.881587079E1,2.448750000E2
1.881849579E1,2.448750000E2
1.882111979E1,2.448750000E2
1.882374479E1,2.448750000E2
1.882636879E1,2.448750000E2
1.882899379E1,2.448750000E2
1.883161779E1,2.448750000E2
1.883424279E1,2.448750000E2
1.883686679E1,2.448750000E2
1.883949179E1,2.448750000E2
1.884211579E1,2.448750000E2
1.884474079E1,2.448750000E2
1.884736479E1,2.448750000E2
1.884998979E1,2.448750000E2
1.885261379E1,2.448750000E2
1.885523879E1,2.448750000E2
1.885786279E1,2.448750000E2
1.886048779E1,2.448750000E2
1.886311179E1,2.448750000E2
1.886573679E1,2.448750000E2
1.886836079E1,2.448750000E2
1.887098579E1,2.448750000E2
1.887360979E1,2.448750000E2
1.887623479E1,2.448750000E2
1.887885879E1,2.448750000E2
1.888148379E1,2.448750000E2
1.888410779E1,2.448750000E2
1.888673279E1,2.448750000E2
1.888935679E1,2.448750000E2
1.889198179E1,2.448750000E2
1.889460679E1,2.448750000E2
1.889723079E1,2.448750000E2
1.889985579E1,2.448750000E2
1.890247979E1,2.448750000E2
1.890510479E1,2.448750000E2
1.890772879E1,2.448750000E2
1.891035379E1,2.448750000E2
1.891297779E1,2.448750000E2
1.891560279E1,2.448750000E2
1.891822679E1,2.448750000E2
1.892085179E1,2.448750000E2
1.892347579E1,2.448750000E2
1.892610079E1,2.448750000E2
1.892872479E1,2.448750000E2
1.893134979E1,2.448750000E2
1.893397379E1,2.448750000E2
1.893659879E1,2.448750000E2
1.893922279E1,2.448750000E2
1.894184779E1,2.448750000E2
1.894447179E1,2.448750000E2
1.894709679E1,2.448750000E2
1.894972079E1,2.448750000E2
1.895234579E1,2.448750000E2
1.895496979E1,2.448750000E2
1.895759479E1,2.448750000E2
1.896021879E1,2.448750000E2
1.896284379E1,2.448750000E2
1.896546779E1,2.448750000E2
1.896809279E1,2.448750000E2
1.897071679E1,2.448750000E2
1.897334179E1,2.448750000E2
1.897596579E1,2.448750000E2
1.897859079E1,2.448750000E2
1.898121479E1,2.448750000E2
1.898383979E1,2.448750000E2
1.898646379E1,2.448750000E2
1.898908879E1,2.448750000E2
1.899171279E1,2.448750000E2
1.899433779E1,2.448750000E2
1.899696179E1,2.448750000E2
1.899958679E1,2.448750000E2
1.900221079E1,2.448750000E2
1.900483579E1,2.448750000E2
1.900746079E1,2.448750000E2
1.901008479E1,2.448750000E2
1.901270979E1,2.448750000E2
1.901533379E1,2.448750000E2
1.901795879E1,2.448750000E2
1.902058279E1,2.448750000E2
1.902320779E1,2.448750000E2
1.902583179E1,2.448750000E2
1.902845679E1,2.448750000E2
1.903108079E1,2.448750000E2
1.903370579E1,2.448750000E2
1.903632979E1,2.448750000E2
1.903895479E1,2.448750000E2
1.904157879E1,2.448750000E2
1.904420379E1,2.448750000E2
1.904682779E1,2.448750000E2
1.904945279E1,2.448750000E2
1.905207679E1,2.448750000E2
1.905470179E1,2.448750000E2
1.905732579E1,2.448750000E2
1.905995079E1,2.448750000E2
1.906257479E1,2.448750000E2
1.906519979E1,2.448750000E2
1.906782379E1,2.448750000E2
1.907044879E1,2.448750000E2
1.907307279E1,2.448750000E2
1.907569779E1,2.448750000E2
1.907832179E1,2.448750000E2
1.908094679E1,2.448750000E2
1.908357079E1,2.448750000E2
1.908619579E1,2.448750000E2
1.908881979E1,2.448750000E2
1.909144479E1,2.448750000E2
1.909406879E1,2.448750000E2
1.909669379E1,2.448750000E2
1.909931779E1,2.448750000E2
1.910194279E1,2.448750000E2
1.910456679E1,2.448750000E2
1.910719179E1,2.448750000E2
1.910981579E1,2.448750000E2
1.911244079E1,2.448750000E2
1.911506579E1,2.448750000E2
1.911768979E1,2.448750000E2
1.912031479E1,2.448750000E2
1.912293879E1,2.448750000E2
1.912556379E1,2.448750000E2
1.912818779E1,2.448750000E2
1.913081279E1,2.448750000E2
1.913343679E1,2.448750000E2
1.913606179E1,2.448750000E2
1.913868579E1,2.448750000E2
1.914131079E1,2.448750000E2
1.914393479E1,2.448750000E2
1.914655979E1,2.448750000E2
1.914918379E1,2.448750000E2
1.915180879E1,2.448750000E2
1.915443279E1,2.448750000E2
1.915705779E1,2.448750000E2
1.915968179E1,2.448750000E2
1.916230679E1,2.448750000E2
1.916493079E1,2.448750000E2
1.916755579E1,2.448750000E2
1.917017979E1,2.448750000E2
1.917280479E1,2.448750000E2
1.917542879E1,2.448750000E2
1.917805379E1,2.448750000E2
1.918067779E1,2.448750000E2
1.918330279E1,2.448750000E2
1.918592679E1,2.448750000E2
1.918855179E1,2.448750000E2
1.919117579E1,2.448750000E2
1.919380079E1,2.448750000E2
1.919642479E1,2.448750000E2
1.919904979E1,2.448750000E2
1.920167379E1,2.448750000E2
1.920429879E1,2.448750000E2
1.920692279E1,2.448750000E2
1.920954779E1,2.448750000E2
1.921217179E1,2.448750000E2
1.921479679E1,2.448750000E2
1.921742079E1,2.448750000E2
1.922004579E1,2.448750000E2
1.922266979E1,2.448750000E2
1.922529479E1,2.448750000E2
1.922791979E1,2.448750000E2
1.923054379E1,2.448750000E2
1.923316879E1,2.448750000E2
1.923579279E1,2.448750000E2
1.923841779E1,2.448750000E2
1.924104179E1,2.448750000E2
1.924366679E1,2.448750000E2
1.924629079E1,2.448750000E2
1.924891579E1,2.448750000E2
1.925153979E1,2.448750000E2
1.925416479E1,2.448750000E2
1.925678879E1,2.448750000E2
1.925941379E1,2.448750000E2
1.926203779E1,2.448750000E2
1.926466279E1,2.448750000E2
1.926728679E1,2.448750000E2
1.926991179E1,2.448750000E2
1.927253579E1,2.448750000E2
1.927516079E1,2.448750000E2
1.927778479E1,2.448750000E2
1.928040979E1,2.448750000E2
1.928303379E1,2.448750000E2
1.928565879E1,2.448750000E2
1.928828279E1,2.448750000E2
1.929090779E1,2.448750000E2
1.929353179E1,2.448750000E2
1.929615679E1,2.448750000E2
1.929878079E1,2.448750000E2
1.930140579E1,2.448750000E2
1.930402979E1,2.448750000E2
1.930665479E1,2.448750000E2
1.930927879E1,2.448750000E2
1.931190379E1,2.448750000E2
1.931452779E1,2.448750000E2
1.931715279E1,2.448750000E2
1.931977679E1,2.448750000E2
1.932240179E1,2.448750000E2
1.932502579E1,2.448750000E2
1.932765079E1,2.448750000E2
1.933027479E1,2.448750000E2
1.933289979E1,2.448750000E2
1.933552379E1,2.448750000E2
1.933814879E1,2.448750000E2
1.934077379E1,2.448750000E2
1.934339779E1,2.448750000E2
1.934602279E1,2.448750000E2
1.934864679E1,2.448750000E2
1.935127179E1,2.448750000E2
1.935389579E1,2.448750000E2
1.935652079E1,2.448750000E2
1.935914479E1,2.448750000E2
1.936176979E1,2.448750000E2
1.936439379E1,2.448750000E2
1.936701879E1,2.448750000E2
1.936964279E1,2.448750000E2
1.937226779E1,2.448750000E2
1.937489179E1,2.448750000E2
1.937751679E1,2.448750000E2
1.938014079E1,2.448750000E2
1.938276579E1,2.448750000E2
1.938538979E1,2.448750000E2
1.938801479E1,2.448750000E2
1.939063879E1,2.448750000E2
1.939326379E1,2.448750000E2
1.939588779E1,2.448750000E2
1.939851279E1,2.448750000E2
1.940113679E1,2.448750000E2
1.940376179E1,2.448750000E2
1.940638579E1,2.448750000E2
1.940901079E1,2.448750000E2
1.941163479E1,2.448750000E2
1.941425979E1,2.448750000E2
1.941688379E1,2.448750000E2
1.941950879E1,2.448750000E2
1.942213279E1,2.448750000E2
1.942475779E1,2.448750000E2
1.942738179E1,2.448750000E2
1.943000679E1,2.448750000E2
1.943263079E1,2.448750000E2
1.943525579E1,2.448750000E2
1.943787979E1,2.448750000E2
1.944050479E1,2.448750000E2
1.944312879E1,2.448750000E2
1.944575379E1,2.448750000E2
1.944837779E1,2.448750000E2
1.945100279E1,2.448750000E2
1.945362779E1,2.448750000E2
1.945625179E1,2.448750000E2
1.945887679E1,2.448750000E2
1.946150079E1,2.448750000E2
1.946412579E1,2.448750000E2
1.946674979E1,2.448750000E2
1.946937479E1,2.448750000E2
1.947199879E1,2.448750000E2
1.947462379E1,2.448750000E2
1.947724779E1,2.448750000E2
1.947987279E1,2.448750000E2
1.948249679E1,2.448750000E2
1.948512179E1,2.448750000E2
1.948774579E1,2.448750000E2
1.949037079E1,2.448750000E2
1.949299479E1,2.448750000E2
1.949561979E1,2.448750000E2
1.949824379E1,2.448750000E2
1.950086879E1,2.448750000E2
1.950349279E1,2.448750000E2
1.950611779E1,2.448750000E2
1.950874179E1,2.448750000E2
1.951136679E1,2.448750000E2
1.951399079E1,2.448750000E2
1.951661579E1,2.448750000E2
1.951923979E1,2.448750000E2
1.952186479E1,2.448750000E2
1.952448879E1,2.448750000E2
1.952711379E1,2.448750000E2
1.952973779E1,2.448750000E2
1.953236279E1,2.448750000E2
1.953498679E1,2.448750000E2
1.953761179E1,2.448750000E2
1.954023579E1,2.448750000E2
1.954286079E1,2.448750000E2
1.954548479E1,2.448750000E2
1.954810979E1,2.448750000E2
1.955073379E1,2.448750000E2
1.955335879E1,2.448750000E2
1.955598279E1,2.448750000E2
1.955860779E1,2.448750000E2
1.956123179E1,2.448750000E2
1.956385679E1,2.448750000E2
1.956648179E1,2.448750000E2
1.956910579E1,2.448750000E2
1.957173079E1,2.448750000E2
1.957435479E1,2.448750000E2
1.957697979E1,2.448750000E2
1.957960379E1,2.448750000E2
1.958222879E1,2.448750000E2
1.958485279E1,2.448750000E2
1.958747779E1,2.448750000E2
1.959010179E1,2.448750000E2
1.959272679E1,2.448750000E2
1.959535079E1,2.448750000E2
1.959797579E1,2.448750000E2
1.960059979E1,2.448750000E2
1.960322479E1,2.448750000E2
1.960584879E1,2.448750000E2
1.960847379E1,2.448750000E2
1.961109779E1,2.448750000E2
1.961372279E1,2.448750000E2
1.961634679E1,2.448750000E2
1.961897179E1,2.448750000E2
1.962159579E1,2.448750000E2
1.962422079E1,2.448750000E2
1.962684479E1,2.448750000E2
1.962946979E1,2.448750000E2
1.963209379E1,2.448750000E2
1.963471879E1,2.448750000E2
1.963734279E1,2.448750000E2
1.963996779E1,2.448750000E2
1.964259179E1,2.448750000E2
1.964521679E1,2.448750000E2
1.964784079E1,2.448750000E2
1.965046579E1,2.448750000E2
1.965308979E1,2.448750000E2
1.965571479E1,2.448750000E2
1.965833879E1,2.448750000E2
1.966096379E1,2.448750000E2
1.966358779E1,2.448750000E2
1.966621279E1,2.448750000E2
1.966883679E1,2.448750000E2
1.967146179E1,2.448750000E2
1.967408579E1,2.448750000E2
1.967671079E1,2.448750000E2
1.967933579E1,2.448750000E2
1.968195979E1,2.448750000E2
1.968458479E1,2.448750000E2
1.968720879E1,2.448750000E2
1.968983379E1,2.448750000E2
1.969245779E1,2.448750000E2
1.969508279E1,2.448750000E2
1.969770679E1,2.448750000E2
1.970033179E1,2.448750000E2
1.970295579E1,2.448750000E2
1.970558079E1,2.448750000E2
1.970820479E1,2.448750000E2
1.971082979E1,2.448750000E2
1.971345379E1,2.448750000E2
1.971607879E1,2.448750000E2
1.971870279E1,2.448750000E2
1.972132779E1,2.448750000E2
1.972395179E1,2.448750000E2
1.972657679E1,2.448750000E2
1.972920079E1,2.448750000E2
1.973182579E1,2.448750000E2
1.973444979E1,2.448750000E2
1.973707479E1,2.448750000E2
1.973969879E1,2.448750000E2
1.974232379E1,2.448750000E2
1.974494779E1,2.448750000E2
1.974757279E1,2.448750000E2
1.975019679E1,2.448750000E2
1.975282179E1,2.448750000E2
1.975544579E1,2.448750000E2
1.975807079E1,2.448750000E2
1.976069479E1,2.448750000E2
1.976331979E1,2.448750000E2
1.976594379E1,2.448750000E2
1.976856879E1,2.448750000E2
1.977119279E1,2.448750000E2
1.977381779E1,2.448750000E2
1.977644179E1,2.448750000E2
1.977906679E1,2.448750000E2
1.978169079E1,2.448750000E2
1.978431579E1,2.448750000E2
1.978694079E1,2.512500000E2
1.978956479E1,2.512500000E2
1.979218979E1,2.512500000E2
1.979481379E1,2.512500000E2
1.979743879E1,2.512500000E2
1.980006279E1,2.512500000E2
1.980268779E1,2.512500000E2
1.980531179E1,2.512500000E2
1.980793679E1,2.512500000E2
1.981056079E1,2.512500000E2
1.981318579E1,2.448750000E2
1.981580979E1,2.448750000E2
1.981843479E1,2.448750000E2
1.982105879E1,2.448750000E2
1.982368379E1,2.448750000E2
1.982630779E1,2.448750000E2
1.982893279E1,2.448750000E2
1.983155679E1,2.448750000E2
1.983418179E1,2.448750000E2
1.983680579E1,2.448750000E2
1.983943079E1,2.448750000E2
1.984205479E1,2.448750000E2
1.984467979E1,2.448750000E2
1.984730379E1,2.448750000E2
1.984992879E1,2.448750000E2
1.985255279E1,2.448750000E2
1.985517779E1,2.448750000E2
1.985780179E1,2.448750000E2
1.986042679E1,2.448750000E2
1.986305079E1,2.448750000E2
1.986567579E1,2.448750000E2
1.986829979E1,2.448750000E2
1.987092479E1,2.448750000E2
1.987354879E1,2.448750000E2
1.987617379E1,2.448750000E2
