Time (s),Illuminance (lx)
0.0,25314.5
0.008997238000000001,25546.5
0.019129238,25546.5
0.021784238,25546.5
0.024409238000000003,25546.5
0.027033238,25546.5
0.029658238000000003,25546.5
0.032282238000000005,25546.5
0.034907238,25636.75
0.037531238,25636.75
0.040156238000000004,25636.75
0.042780238000000005,25636.75
0.045405238,25636.75
0.048029238,25636.75
0.050654238000000004,25636.75
0.053278238000000006,25636.75
0.055903238,25636.75
0.058527238,25636.75
0.061152238000000005,25301.625
0.063776238,25301.625
0.066401238,25301.625
0.069025238,25301.625
0.071650238,25301.625
0.074274238,25301.625
0.07689923800000001,25301.625
0.07952323800000001,25301.625
0.082148238,25301.625
0.084772238,25404.75
0.087397238,25404.75
0.090022238,25404.75
0.092646238,25404.75
0.09527123800000001,25404.75
0.09789523800000001,25404.75
0.10052023800000001,25404.75
0.10314423800000001,25404.75
0.105769238,25404.75
0.108393238,25404.75
0.111018238,25720.5
0.113642238,25720.5
0.11626723800000001,25720.5
0.11889123800000001,25720.5
0.12151623800000001,25720.5
0.12414023800000001,25720.5
0.126765238,25720.5
0.12938923800000002,25720.5
0.132014238,25720.5
0.13463823800000002,25559.375
0.137263238,25559.375
0.139887238,25559.375
0.142512238,25559.375
0.145136238,25559.375
0.14776123800000002,25559.375
0.150385238,25559.375
0.15301023800000002,25559.375
0.155634238,25559.375
0.158259238,25559.375
0.160883238,25269.5
0.163508238,25269.5
0.16613223800000002,25269.5
0.168757238,25269.5
0.17138123800000002,25269.5
0.174006238,25269.5
0.17663023800000002,25269.5
0.179255238,25269.5
0.181879238,25269.5
0.18450423800000001,25269.5
0.187128238,25456.25
0.18975323800000002,25456.25
0.192377238,25456.25
0.19500223800000002,25456.25
0.197626238,25456.25
0.20025123800000003,25456.25
0.20287623800000001,25456.25
0.205500238,25456.25
0.20812523800000002,25456.25
0.210749238,25456.25
0.21337423800000002,25501.375
0.215998238,25501.375
0.21862323800000003,25501.375
0.221247238,25501.375
0.223872238,25501.375
0.22649623800000002,25501.375
0.229121238,25501.375
0.23174523800000002,25501.375
0.234370238,25501.375
0.23699423800000002,25385.375
0.239619238,25385.375
0.24224323800000003,25385.375
0.24486823800000002,25385.375
0.247492238,25385.375
0.250117238,25385.375
0.25274123800000003,25385.375
0.255366238,25385.375
0.25799023800000004,25385.375
0.260615238,25385.375
0.26323923800000004,25475.625
0.26586423800000003,25475.625
0.268488238,25475.625
0.27111323800000003,25475.625
0.273737238,25475.625
0.27636223800000004,25475.625
0.278986238,25475.625
0.28161123800000004,25475.625
0.284235238,25475.625
0.28686023800000005,25475.625
0.289484238,25565.875
0.292109238,25565.875
0.294733238,25565.875
0.297358238,25565.875
0.299982238,25565.875
0.302607238,25565.875
0.305231238,25565.875
0.307856238,25565.875
0.310480238,25565.875
0.313105238,25591.625
0.315730238,25591.625
0.318354238,25591.625
0.320979238,25591.625
0.323603238,25591.625
0.326228238,25591.625
0.328852238,25591.625
0.331477238,25591.625
0.334101238,25591.625
0.336726238,25591.625
0.339350238,25501.375
0.341975238,25501.375
0.34459923800000003,25501.375
0.347224238,25501.375
0.34984823800000003,25501.375
0.352473238,25501.375
0.35509723800000004,25501.375
0.357722238,25501.375
0.36034623800000004,25501.375
0.36297123800000003,25501.375
0.36559523800000004,25443.375
0.36822023800000003,25443.375
0.37084423800000005,25443.375
0.37346923800000004,25443.375
0.376093238,25443.375
0.37871823800000004,25443.375
0.381342238,25443.375
0.38396723800000004,25443.375
0.386591238,25443.375
0.38921623800000005,25443.375
0.391840238,25469.125
0.39446523800000005,25469.125
0.397089238,25469.125
0.399714238,25469.125
0.402338238,25469.125
0.404963238,25469.125
0.407587238,25469.125
0.410212238,25469.125
0.412836238,25469.125
0.415461238,25469.125
0.418085238,25469.125
0.420710238,25469.125
0.42333423800000003,25469.125
0.425959238,25469.125
0.428584238,25469.125
0.431208238,25469.125
0.433833238,25469.125
0.436457238,25469.125
0.439082238,25469.125
0.44170623800000003,25495.0
0.444331238,25495.0
0.44695523800000003,25495.0
0.449580238,25495.0
0.45220423800000004,25495.0
0.454829238,25495.0
0.45745323800000004,25495.0
0.46007823800000003,25495.0
0.46270223800000004,25495.0
0.46532723800000003,25495.0
0.46795123800000005,25520.75
0.47057623800000004,25520.75
0.47320023800000005,25520.75
0.47582523800000004,25520.75
0.47844923800000005,25520.75
0.48107423800000004,25520.75
0.483698238,25520.75
0.48632323800000005,25520.75
0.488947238,25520.75
0.49157223800000005,25482.125
0.494196238,25482.125
0.49682123800000005,25482.125
0.499445238,25482.125
0.5020702380000001,25482.125
0.504694238,25482.125
0.507319238,25482.125
0.5099432380000001,25482.125
0.5125682380000001,25482.125
0.515192238,25482.125
0.517817238,25501.375
0.5204412380000001,25501.375
0.5230662380000001,25501.375
0.525690238,25501.375
0.528315238,25501.375
0.530939238,25501.375
0.5335642380000001,25501.375
0.536188238,25501.375
0.538813238,25501.375
0.541438238,25501.375
0.5440622380000001,25578.75
0.5466872380000001,25578.75
0.549311238,25578.75
0.551936238,25578.75
0.554560238,25578.75
0.5571852380000001,25578.75
0.559809238,25578.75
0.562434238,25578.75
0.565058238,25578.75
0.5676832380000001,25578.75
0.570307238,25540.0
0.572932238,25540.0
0.575556238,25540.0
0.578181238,25540.0
0.5808052380000001,25540.0
0.583430238,25540.0
0.586054238,25540.0
0.588679238,25540.0
0.5913032380000001,25540.0
0.593928238,25495.0
0.596552238,25495.0
0.599177238,25495.0
0.6018012380000001,25495.0
0.6044262380000001,25495.0
0.607050238,25495.0
0.609675238,25495.0
0.6122992380000001,25495.0
0.6149242380000001,25495.0
0.617548238,25495.0
0.620173238,25469.125
0.6227972380000001,25469.125
0.6254222380000001,25469.125
0.628046238,25469.125
0.630671238,25469.125
0.6332952380000001,25469.125
0.6359202380000001,25469.125
0.638544238,25469.125
0.641169238,25469.125
0.643793238,25469.125
0.6464182380000001,25488.5
0.6490432380000001,25488.5
0.651667238,25488.5
0.654292238,25488.5
0.656916238,25488.5
0.6595412380000001,25488.5
0.662165238,25488.5
0.664790238,25488.5
0.667414238,25488.5
0.6700392380000001,25649.625
0.672663238,25649.625
0.675288238,25649.625
0.677912238,25649.625
0.680537238,25649.625
0.6831612380000001,25649.625
0.685786238,25649.625
0.688410238,25649.625
0.691035238,25649.625
0.6936592380000001,25649.625
0.696284238,25604.5
0.698908238,25604.5
0.701533238,25604.5
0.7041572380000001,25604.5
0.7067822380000001,25604.5
0.709406238,25604.5
0.712031238,25604.5
0.7146552380000001,25604.5
0.7172802380000001,25604.5
0.719904238,25604.5
0.722529238,25379.0
0.7251532380000001,25379.0
0.7277782380000001,25379.0
0.730402238,25379.0
0.733027238,25379.0
0.7356512380000001,25379.0
0.7382762380000001,25379.0
0.740900238,25379.0
0.743525238,25379.0
0.746149238,25578.75
0.7487742380000001,25578.75
0.751398238,25578.75
0.754023238,25578.75
0.756647238,25578.75
0.7592722380000001,25578.75
0.7618972380000001,25578.75
0.764521238,25578.75
0.767146238,25578.75
0.769770238,25578.75
0.7723952380000001,25681.75
0.775019238,25681.75
0.777644238,25681.75
0.780268238,25681.75
0.7828932380000001,25681.75
0.7855172380000001,25681.75
0.788142238,25681.75
0.790766238,25681.75
0.793391238,25681.75
0.7960152380000001,25449.875
0.7986402380000001,25449.875
0.801264238,25449.875
0.803889238,25449.875
0.8065132380000001,25449.875
0.8091382380000001,25449.875
0.811762238,25449.875
0.814387238,25449.875
0.8170112380000001,25449.875
0.8196362380000001,25449.875
0.822260238,25449.875
0.824885238,25424.125
0.8275092380000001,25424.125
0.8301342380000001,25424.125
0.832758238,25424.125
0.835383238,25424.125
0.8380072380000001,25424.125
0.8406322380000001,25424.125
0.843256238,25424.125
0.845881238,25424.125
0.8485052380000001,25662.5
0.8511302380000001,25662.5
0.853754238,25662.5
0.856379238,25662.5
0.859003238,25662.5
0.8616282380000001,25662.5
0.8642522380000001,25662.5
0.866877238,25662.5
0.869501238,25662.5
0.8721262380000001,25662.5
0.8747512380000001,25643.125
0.8773752380000001,25643.125
0.880000238,25643.125
0.882624238,25643.125
0.8852492380000001,25643.125
0.8878732380000001,25643.125
0.890498238,25643.125
0.893122238,25643.125
0.895747238,25643.125
0.8983712380000001,25643.125
0.9009962380000001,25404.75
0.903620238,25404.75
0.906245238,25404.75
0.9088692380000001,25404.75
0.9114942380000001,25404.75
0.914118238,25404.75
0.916743238,25404.75
0.9193672380000001,25404.75
0.9219922380000001,25404.75
0.924616238,25598.0
0.927241238,25598.0
0.9298652380000001,25598.0
0.9324902380000001,25598.0
0.935114238,25598.0
0.937739238,25598.0
0.9403632380000001,25598.0
0.9429882380000001,25598.0
0.945612238,25598.0
0.948237238,25598.0
0.9508612380000001,25797.75
0.9534862380000001,25797.75
0.9561102380000001,25797.75
0.958735238,25797.75
0.961359238,25797.75
0.9639842380000001,25797.75
0.9666082380000001,25797.75
0.969233238,25797.75
0.971857238,25797.75
0.9744822380000001,25649.625
0.9771062380000001,25649.625
0.9797312380000001,25649.625
0.982355238,25649.625
0.984980238,25649.625
0.9876052380000001,25649.625
0.9902292380000001,25649.625
0.9928542380000001,25649.625
0.995478238,25649.625
0.9981032380000001,25649.625
1.000727238,25333.875
1.003352238,25333.875
1.0059762380000001,25333.875
1.008601238,25333.875
1.011225238,25333.875
1.013850238,25333.875
1.016474238,25333.875
1.0190992380000001,25333.875
1.021723238,25333.875
1.024348238,25333.875
1.0269722380000001,25501.375
1.029597238,25501.375
1.032221238,25501.375
1.034846238,25501.375
1.037470238,25501.375
1.0400952380000001,25501.375
1.042719238,25501.375
1.045344238,25501.375
1.0479682380000002,25501.375
1.050593238,25501.375
1.053217238,25617.375
1.055842238,25617.375
1.058466238,25617.375
1.0610912380000002,25617.375
1.0637152380000001,25617.375
1.066340238,25617.375
1.0689642380000002,25617.375
1.071589238,25617.375
1.074213238,25617.375
1.0768382380000001,25553.0
1.079462238,25553.0
1.0820872380000002,25553.0
1.0847112380000001,25553.0
1.087336238,25553.0
1.089960238,25553.0
1.092585238,25553.0
1.095209238,25553.0
1.0978342380000001,25553.0
1.100459238,25553.0
1.103083238,25546.5
1.105708238,25546.5
1.108332238,25546.5
1.1109572380000001,25546.5
1.113581238,25546.5
1.116206238,25546.5
1.1188302380000001,25546.5
1.121455238,25546.5
1.124079238,25546.5
1.126704238,25546.5
1.129328238,25482.125
1.1319532380000001,25482.125
1.134577238,25482.125
1.137202238,25482.125
1.1398262380000002,25482.125
1.142451238,25482.125
1.145075238,25482.125
1.147700238,25482.125
1.150324238,25482.125
1.1529492380000002,25469.125
1.1555732380000001,25469.125
1.158198238,25469.125
1.1608222380000002,25469.125
1.163447238,25469.125
1.166071238,25469.125
1.168696238,25469.125
1.171320238,25469.125
1.1739452380000002,25469.125
1.1765692380000001,25469.125
1.179194238,25546.5
1.181818238,25546.5
1.184443238,25546.5
1.187067238,25546.5
1.1896922380000001,25546.5
1.192316238,25546.5
1.1949412380000002,25546.5
1.1975652380000001,25546.5
1.200190238,25546.5
1.202814238,25546.5
1.205439238,25507.875
1.208063238,25507.875
1.2106882380000001,25507.875
1.213313238,25507.875
1.215937238,25507.875
1.218562238,25507.875
1.221186238,25507.875
1.2238112380000001,25507.875
1.226435238,25507.875
1.229060238,25507.875
1.2316842380000002,25507.875
1.234309238,25507.875
1.236933238,25507.875
1.239558238,25507.875
1.242182238,25507.875
1.2448072380000001,25507.875
1.247431238,25507.875
1.250056238,25507.875
1.2526802380000002,25507.875
1.255305238,25578.75
1.257929238,25578.75
1.260554238,25578.75
1.263178238,25578.75
1.2658032380000002,25578.75
1.2684272380000001,25578.75
1.271052238,25578.75
1.2736762380000002,25578.75
1.276301238,25578.75
1.278925238,25578.75
1.2815502380000001,25643.125
1.284174238,25643.125
1.2867992380000002,25643.125
1.2894232380000001,25643.125
1.292048238,25643.125
1.294672238,25643.125
1.297297238,25643.125
1.299921238,25643.125
1.3025462380000001,25643.125
1.305170238,25643.125
1.307795238,25520.75
1.3104192380000002,25520.75
1.313044238,25520.75
1.315668238,25520.75
1.318293238,25520.75
1.3209182380000002,25520.75
1.3235422380000001,25520.75
1.326167238,25520.75
1.328791238,25520.75
1.331416238,25372.5
1.334040238,25372.5
1.3366652380000001,25372.5
1.339289238,25372.5
1.341914238,25372.5
1.3445382380000002,25372.5
1.347163238,25372.5
1.349787238,25372.5
1.352412238,25372.5
1.355036238,25372.5
1.3576612380000002,25495.0
1.3602852380000001,25495.0
1.362910238,25495.0
1.3655342380000002,25495.0
1.368159238,25495.0
1.370783238,25495.0
1.3734082380000001,25495.0
1.376032238,25495.0
1.3786572380000002,25495.0
1.3812812380000001,25495.0
1.383906238,25469.125
1.3865302380000002,25469.125
1.389155238,25469.125
1.391779238,25469.125
1.3944042380000001,25469.125
1.397028238,25469.125
1.3996532380000002,25469.125
1.4022772380000001,25469.125
1.404902238,25469.125
1.407526238,25469.125
1.410151238,25366.125
1.412775238,25366.125
1.4154002380000001,25366.125
1.418024238,25366.125
1.420649238,25366.125
1.4232732380000002,25366.125
1.425898238,25366.125
1.428522238,25366.125
1.431147238,25366.125
1.4337722380000002,25443.375
1.4363962380000002,25443.375
1.439021238,25443.375
1.441645238,25443.375
1.444270238,25443.375
1.446894238,25443.375
1.4495192380000002,25443.375
1.4521432380000001,25443.375
1.454768238,25443.375
1.4573922380000002,25443.375
1.460017238,25269.5
1.462641238,25269.5
1.465266238,25269.5
1.467890238,25269.5
1.4705152380000002,25269.5
1.4731392380000001,25269.5
1.475764238,25269.5
1.4783882380000002,25269.5
1.481013238,25269.5
1.483637238,25269.5
1.4862622380000001,25275.875
1.488886238,25275.875
1.4915112380000002,25275.875
1.4941352380000001,25275.875
1.496760238,25275.875
1.4993842380000002,25275.875
1.502009238,25275.875
1.504633238,25275.875
1.5072582380000001,25275.875
1.509882238,25424.125
1.5125072380000002,25424.125
1.5151312380000002,25424.125
1.517756238,25424.125
1.520380238,25424.125
1.523005238,25424.125
1.525629238,25424.125
1.5282542380000002,25424.125
1.5308782380000001,25424.125
1.533503238,25424.125
1.5361272380000002,25044.0
1.538752238,25044.0
1.541376238,25044.0
1.544001238,25044.0
1.546626238,25044.0
1.5492502380000002,25044.0
1.551875238,25044.0
1.554499238,25044.0
1.557124238,25044.0
1.559748238,25044.0
1.5623732380000002,25101.875
1.5649972380000001,25101.875
1.567622238,25101.875
1.5702462380000002,25101.875
1.572871238,25101.875
1.575495238,25101.875
1.5781202380000001,25101.875
1.580744238,25101.875
1.5833692380000002,25101.875
1.5859932380000001,25507.875
1.588618238,25507.875
1.5912422380000002,25507.875
1.593867238,25507.875
1.596491238,25507.875
1.5991162380000001,25507.875
1.601740238,25507.875
1.6043652380000002,25507.875
1.6069892380000002,25507.875
1.609614238,25507.875
1.612238238,25507.875
1.614863238,25507.875
1.617487238,25507.875
1.6201122380000001,25507.875
1.622736238,25507.875
1.6253612380000002,25507.875
1.6279852380000002,25507.875
1.630610238,25507.875
1.633234238,25507.875
1.635859238,25366.125
1.638483238,25366.125
1.6411082380000002,25366.125
1.6437322380000001,25366.125
1.646357238,25366.125
1.6489812380000002,25366.125
1.651606238,25366.125
1.654230238,25366.125
1.6568552380000001,25366.125
1.659480238,25366.125
1.6621042380000002,25366.125
1.664729238,25411.25
1.667353238,25411.25
1.6699782380000001,25411.25
1.672602238,25411.25
1.6752272380000002,25411.25
1.6778512380000001,25411.25
1.680476238,25411.25
1.6831002380000002,25411.25
1.685725238,25411.25
1.688349238,25514.25
1.6909742380000001,25514.25
1.693598238,25514.25
1.6962232380000002,25514.25
1.6988472380000001,25514.25
1.701472238,25514.25
1.7040962380000002,25514.25
1.706721238,25514.25
1.709345238,25514.25
1.7119702380000001,25514.25
1.714594238,25449.875
1.7172192380000002,25449.875
1.7198432380000002,25449.875
1.722468238,25449.875
1.725092238,25449.875
1.727717238,25449.875
1.730341238,25449.875
1.7329662380000002,25449.875
1.7355902380000001,25449.875
1.7382152380000002,25449.875
1.7408392380000002,25424.125
1.743464238,25424.125
1.746088238,25424.125
1.7487132380000001,25424.125
1.751337238,25424.125
1.7539622380000002,25424.125
1.7565862380000001,25424.125
1.759211238,25424.125
1.7618352380000002,25424.125
1.764460238,25553.0
1.767084238,25553.0
1.7697092380000001,25553.0
1.772334238,25553.0
1.7749582380000002,25553.0
1.777583238,25553.0
1.780207238,25553.0
1.7828322380000001,25553.0
1.785456238,25553.0
1.7880812380000002,25553.0
1.7907052380000001,25462.75
1.793330238,25462.75
1.7959542380000002,25462.75
1.798579238,25462.75
1.801203238,25462.75
1.8038282380000001,25462.75
1.806452238,25462.75
1.8090772380000002,25462.75
1.8117012380000002,25462.75
1.814326238,25314.5
1.8169502380000002,25314.5
1.819575238,25314.5
1.822199238,25314.5
1.8248242380000002,25314.5
1.8274482380000001,25314.5
1.8300732380000002,25314.5
1.8326972380000002,25314.5
1.835322238,25314.5
1.837946238,25314.5
1.840571238,25359.625
1.843195238,25359.625
1.8458202380000002,25359.625
1.8484442380000001,25359.625
1.851069238,25359.625
1.8536932380000002,25359.625
1.856318238,25359.625
1.858942238,25359.625
1.8615672380000001,25359.625
1.864191238,25359.625
1.8668162380000002,25340.375
1.8694402380000001,25340.375
1.872065238,25340.375
1.8746892380000002,25340.375
1.877314238,25340.375
1.879938238,25340.375
1.8825632380000001,25340.375
1.885188238,25340.375
1.8878122380000002,25340.375
1.890437238,25340.375
1.893061238,25308.125
1.8956862380000001,25308.125
1.898310238,25308.125
1.9009352380000002,25308.125
1.9035592380000002,25308.125
1.906184238,25308.125
1.9088082380000002,25308.125
1.911433238,25308.125
1.914057238,25308.125
1.9166822380000001,25308.125
1.919306238,25295.25
1.9219312380000002,25295.25
1.9245552380000002,25295.25
1.927180238,25295.25
1.9298042380000002,25295.25
1.932429238,25295.25
1.935053238,25295.25
1.9376782380000002,25295.25
1.9403022380000001,25295.25
1.9429272380000002,25263.0
1.9455512380000002,25263.0
1.948176238,25263.0
1.950800238,25263.0
1.9534252380000001,25263.0
1.956049238,25263.0
1.9586742380000002,25263.0
1.9612982380000001,25263.0
1.963923238,25263.0
1.9665472380000002,25263.0
1.969172238,25243.625
1.971796238,25243.625
1.9744212380000001,25243.625
1.977045238,25243.625
1.9796702380000002,25243.625
1.9822942380000002,25243.625
1.984919238,25243.625
1.9875432380000002,25243.625
1.990168238,25243.625
1.9927932380000002,25224.375
1.9954172380000001,25224.375
1.998042238,25224.375
2.000666238,25224.375
2.003291238,25224.375
2.005915238,25224.375
2.008540238,25224.375
2.011164238,25224.375
2.013789238,25224.375
2.016413238,25224.375
2.0190382380000003,25237.25
2.0216622380000002,25237.25
2.0242872380000003,25237.25
2.0269112380000003,25237.25
2.029536238,25237.25
2.0321602380000003,25237.25
2.034785238,25237.25
2.037409238,25237.25
2.040034238,25237.25
2.042658238,25237.25
2.045283238,25217.875
2.047907238,25217.875
2.050532238,25217.875
2.053156238,25217.875
2.0557812380000002,25217.875
2.058405238,25217.875
2.0610302380000003,25217.875
2.0636542380000003,25217.875
2.066279238,25217.875
2.0689032380000003,25217.875
2.071528238,25121.25
2.074152238,25121.25
2.076777238,25121.25
2.079401238,25121.25
2.082026238,25121.25
2.084650238,25121.25
2.087275238,25121.25
2.089899238,25121.25
2.092524238,25121.25
2.095148238,25056.875
2.0977732380000003,25056.875
2.100397238,25056.875
2.1030222380000003,25056.875
2.105647238,25056.875
2.108271238,25056.875
2.110896238,25056.875
2.113520238,25056.875
2.116145238,25056.875
2.118769238,25056.875
2.121394238,25101.875
2.124018238,25101.875
2.126643238,25101.875
2.129267238,25101.875
2.1318922380000003,25101.875
2.1345162380000002,25101.875
2.1371412380000003,25101.875
2.1397652380000003,25101.875
2.142390238,25101.875
2.1450142380000004,25101.875
2.147639238,25134.125
2.150263238,25134.125
2.152888238,25134.125
2.155512238,25134.125
2.158137238,25134.125
2.160761238,25134.125
2.163386238,25134.125
2.166010238,25134.125
2.1686352380000002,25134.125
2.171259238,25095.5
2.1738842380000003,25095.5
2.1765082380000003,25095.5
2.179133238,25095.5
2.1817572380000003,25095.5
2.184382238,25095.5
2.187006238,25095.5
2.189631238,25095.5
2.192255238,25095.5
2.194880238,25095.5
2.197504238,25127.75
2.200129238,25127.75
2.202753238,25127.75
2.205378238,25127.75
2.208002238,25127.75
2.2106272380000003,25127.75
2.2132512380000002,25127.75
2.2158762380000003,25127.75
2.218501238,25127.75
2.221125238,25127.75
2.223750238,25211.5
2.226374238,25211.5
2.228999238,25211.5
2.231623238,25211.5
2.234248238,25211.5
2.236872238,25211.5
2.2394972380000002,25211.5
2.242121238,25211.5
2.2447462380000003,25211.5
2.2473702380000002,25211.5
2.2499952380000003,25224.375
2.2526192380000003,25224.375
2.255244238,25224.375
2.2578682380000004,25224.375
2.260493238,25224.375
2.263117238,25224.375
2.265742238,25224.375
2.268366238,25224.375
2.270991238,25224.375
2.273615238,25211.5
2.276240238,25211.5
2.278864238,25211.5
2.2814892380000003,25211.5
2.284113238,25211.5
2.2867382380000003,25211.5
2.2893622380000003,25211.5
2.291987238,25211.5
2.2946112380000003,25211.5
2.297236238,25211.5
2.299860238,25192.125
2.302485238,25192.125
2.305109238,25192.125
2.307734238,25192.125
2.310358238,25192.125
2.312983238,25192.125
2.315607238,25192.125
2.3182322380000002,25192.125
2.320856238,25192.125
2.3234812380000003,25192.125
2.3261052380000002,25275.875
2.3287302380000003,25275.875
2.331355238,25275.875
2.333979238,25275.875
2.336604238,25275.875
2.339228238,25275.875
2.341853238,25275.875
2.344477238,25275.875
2.347102238,25275.875
2.349726238,25321.0
2.3523512380000002,25321.0
2.354975238,25321.0
2.3576002380000003,25321.0
2.3602242380000003,25321.0
2.3628492380000004,25321.0
2.3654732380000003,25321.0
2.368098238,25321.0
2.370722238,25321.0
2.373347238,25321.0
2.375971238,25140.625
2.378596238,25140.625
2.381220238,25140.625
2.383845238,25140.625
2.386469238,25140.625
2.389094238,25140.625
2.391718238,25140.625
2.3943432380000003,25140.625
2.3969672380000002,25140.625
2.3995922380000003,25140.625
2.4022162380000003,25198.625
2.404841238,25198.625
2.4074652380000003,25198.625
2.410090238,25198.625
2.412714238,25198.625
2.415339238,25198.625
2.417963238,25198.625
2.420588238,25198.625
2.423212238,25198.625
2.425837238,25198.625
2.428461238,25385.375
2.4310862380000002,25385.375
2.433710238,25385.375
2.4363352380000003,25385.375
2.4389592380000003,25385.375
2.4415842380000004,25385.375
2.444209238,25385.375
2.446833238,25385.375
2.449458238,25385.375
2.452082238,25243.625
2.454707238,25243.625
2.457331238,25243.625
2.459956238,25243.625
2.462580238,25243.625
2.4652052380000002,25243.625
2.467829238,25243.625
2.4704542380000003,25243.625
2.4730782380000003,25243.625
2.4757032380000004,25243.625
2.4783272380000003,25192.125
2.480952238,25192.125
2.483576238,25192.125
2.486201238,25192.125
2.488825238,25192.125
2.491450238,25192.125
2.494074238,25192.125
2.496699238,25192.125
2.499323238,25192.125
2.501948238,25192.125
2.504572238,25256.5
2.5071972380000003,25256.5
2.5098212380000002,25256.5
2.5124462380000003,25256.5
2.5150702380000003,25256.5
2.517695238,25256.5
2.5203192380000004,25256.5
2.522944238,25256.5
2.525568238,25256.5
2.528193238,25321.0
2.530817238,25321.0
2.533442238,25321.0
2.536066238,25321.0
2.538691238,25321.0
2.541315238,25321.0
2.5439402380000002,25321.0
2.546564238,25321.0
2.5491892380000003,25321.0
2.5518132380000003,25321.0
2.5544382380000004,25288.75
2.557063238,25288.75
2.559687238,25288.75
2.562312238,25288.75
2.564936238,25288.75
2.567561238,25288.75
2.570185238,25288.75
2.572810238,25288.75
2.575434238,25288.75
2.5780592380000003,25288.75
2.580683238,25192.125
2.5833082380000003,25192.125
2.5859322380000003,25192.125
2.5885572380000004,25192.125
2.5911812380000003,25192.125
2.593806238,25192.125
2.596430238,25192.125
2.599055238,25192.125
2.601679238,25192.125
2.604304238,25385.375
2.606928238,25385.375
2.609553238,25385.375
2.612177238,25385.375
2.6148022380000002,25385.375
2.617426238,25385.375
2.6200512380000003,25385.375
2.6226752380000002,25385.375
2.6253002380000003,25385.375
2.6279242380000003,25385.375
2.630549238,25456.25
2.6331732380000004,25456.25
2.635798238,25456.25
2.638422238,25456.25
2.641047238,25456.25
2.643671238,25456.25
2.646296238,25456.25
2.648920238,25456.25
2.651545238,25456.25
2.654169238,25295.25
2.6567942380000003,25295.25
2.659418238,25295.25
2.6620432380000003,25295.25
2.664668238,25295.25
2.6672922380000004,25295.25
2.669917238,25295.25
2.672541238,25295.25
2.675166238,25295.25
2.677790238,25295.25
2.680415238,25295.25
2.683039238,25224.375
2.685664238,25224.375
2.688288238,25224.375
2.6909132380000003,25224.375
2.6935372380000002,25224.375
2.6961622380000003,25224.375
2.6987862380000003,25224.375
2.7014112380000004,25224.375
2.7040352380000003,25224.375
2.706660238,25237.25
2.709284238,25237.25
2.711909238,25237.25
2.714533238,25237.25
2.717158238,25237.25
2.719782238,25237.25
2.722407238,25237.25
2.725031238,25237.25
2.7276562380000002,25237.25
2.730280238,25237.25
2.7329052380000003,25185.625
2.7355292380000003,25185.625
2.7381542380000004,25185.625
2.7407782380000003,25185.625
2.743403238,25185.625
2.7460272380000004,25185.625
2.748652238,25185.625
2.751276238,25185.625
2.753901238,25185.625
2.756525238,25185.625
2.759150238,25153.5
2.761774238,25153.5
2.764399238,25153.5
2.767023238,25153.5
2.7696482380000003,25153.5
2.772272238,25153.5
2.7748972380000003,25153.5
2.777522238,25153.5
2.7801462380000004,25153.5
2.782771238,25114.875
2.785395238,25114.875
2.788020238,25114.875
2.790644238,25114.875
2.793269238,25114.875
2.795893238,25114.875
2.798518238,25114.875
2.801142238,25114.875
2.8037672380000003,25114.875
2.8063912380000002,25114.875
2.8090162380000003,25166.375
2.8116402380000003,25166.375
2.8142652380000004,25166.375
2.8168892380000004,25166.375
2.819514238,25166.375
2.822138238,25166.375
2.824763238,25166.375
2.827387238,25166.375
2.830012238,25166.375
2.832636238,25205.0
2.835261238,25205.0
2.837885238,25205.0
2.8405102380000002,25205.0
2.843134238,25205.0
2.8457592380000003,25205.0
2.8483832380000003,25205.0
2.8510082380000004,25205.0
2.8536322380000003,25205.0
2.856257238,25205.0
2.8588812380000004,25250.125
2.861506238,25250.125
2.864130238,25250.125
2.866755238,25250.125
2.869379238,25250.125
2.872004238,25250.125
2.874628238,25250.125
2.877253238,25250.125
2.879877238,25250.125
2.8825022380000003,25250.125
2.8851262380000002,25275.875
2.8877512380000003,25275.875
2.890376238,25275.875
2.8930002380000004,25275.875
2.895625238,25275.875
2.898249238,25275.875
2.900874238,25275.875
2.903498238,25275.875
2.906123238,25275.875
2.908747238,25275.875
2.9113722380000002,25282.375
2.913996238,25282.375
2.9166212380000003,25282.375
2.9192452380000002,25282.375
2.9218702380000003,25282.375
2.9244942380000003,25282.375
2.9271192380000004,25282.375
2.9297432380000004,25282.375
2.932368238,25282.375
2.934992238,25282.375
2.937617238,25288.75
2.940241238,25288.75
2.942866238,25288.75
2.945490238,25288.75
2.948115238,25288.75
2.950739238,25288.75
2.9533642380000003,25288.75
2.955988238,25288.75
2.9586132380000003,25288.75
2.9612372380000003,25417.625
2.9638622380000004,25417.625
2.9664862380000003,25417.625
2.969111238,25417.625
2.9717352380000004,25417.625
2.974360238,25417.625
2.976984238,25417.625
2.979609238,25417.625
2.982233238,25417.625
2.984858238,25417.625
2.987482238,25404.75
2.9901072380000002,25404.75
2.992731238,25404.75
2.9953562380000003,25404.75
2.9979802380000002,25404.75
3.0006052380000003,25404.75
3.003230238,25404.75
3.0058542380000004,25404.75
3.008479238,25404.75
3.011103238,25327.375
3.013728238,25327.375
3.016352238,25327.375
3.018977238,25327.375
3.021601238,25327.375
3.0242262380000002,25327.375
3.026850238,25327.375
3.0294752380000003,25327.375
3.0320992380000003,25327.375
3.0347242380000004,25327.375
3.0373482380000003,25449.875
3.0399732380000004,25449.875
3.0425972380000004,25449.875
3.045222238,25449.875
3.047846238,25449.875
3.050471238,25449.875
3.053095238,25449.875
3.055720238,25449.875
3.058344238,25449.875
3.060969238,25449.875
3.063593238,25507.875
3.0662182380000003,25507.875
3.0688422380000002,25507.875
3.0714672380000003,25507.875
3.0740912380000003,25507.875
3.0767162380000004,25507.875
3.0793402380000003,25507.875
3.081965238,25507.875
3.0845892380000004,25507.875
3.087214238,25507.875
3.089838238,25353.25
3.092463238,25353.25
3.095087238,25353.25
3.097712238,25353.25
3.100336238,25353.25
3.1029612380000002,25353.25
3.105585238,25353.25
3.1082102380000003,25353.25
3.1108342380000003,25353.25
3.1134592380000004,25379.0
3.116084238,25379.0
3.1187082380000004,25379.0
3.121333238,25379.0
3.123957238,25379.0
3.126582238,25379.0
3.129206238,25379.0
3.131831238,25379.0
3.134455238,25379.0
3.1370802380000002,25379.0
3.139704238,25443.375
3.1423292380000003,25443.375
3.1449532380000003,25443.375
3.1475782380000004,25443.375
3.1502022380000003,25443.375
3.152827238,25443.375
3.1554512380000004,25443.375
3.158076238,25443.375
3.160700238,25443.375
3.163325238,25443.375
3.165949238,25507.875
3.168574238,25507.875
3.171198238,25507.875
3.173823238,25507.875
3.176447238,25507.875
3.1790722380000003,25507.875
3.1816962380000002,25507.875
3.1843212380000003,25507.875
3.1869452380000003,25507.875
3.1895702380000004,25591.625
3.1921942380000004,25591.625
3.194819238,25591.625
3.1974432380000004,25591.625
3.200068238,25591.625
3.202692238,25591.625
3.205317238,25591.625
3.207941238,25591.625
3.210566238,25591.625
3.213190238,25591.625
3.2158152380000002,25398.25
3.218439238,25398.25
3.2210642380000003,25398.25
3.2236882380000003,25398.25
3.2263132380000004,25398.25
3.228938238,25398.25
3.2315622380000004,25398.25
3.234187238,25398.25
3.236811238,25398.25
3.239436238,25398.25
3.242060238,25372.5
3.244685238,25372.5
3.247309238,25372.5
3.2499342380000003,25372.5
3.252558238,25372.5
3.2551832380000003,25372.5
3.2578072380000003,25372.5
3.2604322380000004,25372.5
3.2630562380000003,25372.5
3.265681238,25372.5
3.2683052380000004,25643.125
3.270930238,25643.125
3.273554238,25643.125
3.276179238,25643.125
3.278803238,25643.125
3.281428238,25643.125
3.284052238,25643.125
3.2866772380000002,25643.125
3.289301238,25643.125
3.2919262380000003,25630.25
3.2945502380000002,25630.25
3.2971752380000003,25630.25
3.2997992380000003,25630.25
3.3024242380000004,25630.25
3.3050482380000004,25630.25
3.307673238,25630.25
3.3102972380000004,25630.25
3.312922238,25630.25
3.315546238,25630.25
3.318171238,25391.875
3.320795238,25391.875
3.323420238,25391.875
3.326044238,25391.875
3.3286692380000003,25391.875
3.331293238,25391.875
3.3339182380000003,25391.875
3.3365432380000004,25391.875
3.3391672380000004,25391.875
3.341792238,25391.875
3.3444162380000004,25333.875
3.347041238,25333.875
3.349665238,25333.875
3.352290238,25333.875
3.354914238,25333.875
3.357539238,25333.875
3.360163238,25333.875
3.3627882380000003,25333.875
3.3654122380000002,25333.875
3.3680372380000003,25527.125
3.3706612380000003,25527.125
3.3732862380000004,25527.125
3.3759102380000003,25527.125
3.378535238,25527.125
3.3811592380000004,25527.125
3.383784238,25527.125
3.386408238,25527.125
3.389033238,25527.125
3.391657238,25527.125
3.394282238,25449.875
3.396906238,25449.875
3.3995312380000002,25449.875
3.402155238,25449.875
3.4047802380000003,25449.875
3.4074042380000003,25449.875
3.4100292380000004,25449.875
3.4126532380000003,25449.875
3.4152782380000004,25449.875
3.4179022380000004,25449.875
3.420527238,25179.25
3.4231512380000004,25179.25
3.425776238,25179.25
3.428400238,25179.25
3.431025238,25179.25
3.433649238,25179.25
3.436274238,25179.25
3.438898238,25179.25
3.4415232380000003,25179.25
3.444147238,25179.25
3.4467722380000003,25398.25
3.4493972380000004,25398.25
3.4520212380000004,25398.25
3.454646238,25398.25
3.457270238,25398.25
3.459895238,25398.25
3.462519238,25398.25
3.465144238,25398.25
3.467768238,25398.25
3.470393238,25449.875
3.473017238,25449.875
3.4756422380000003,25449.875
3.4782662380000002,25449.875
3.4808912380000003,25449.875
3.4835152380000003,25449.875
3.4861402380000004,25449.875
3.4887642380000004,25449.875
3.491389238,25449.875
3.4940132380000004,25449.875
3.496638238,25114.875
3.499262238,25114.875
3.501887238,25114.875
3.504511238,25114.875
3.507136238,25114.875
3.509760238,25114.875
3.5123852380000002,25114.875
3.515009238,25114.875
3.5176342380000003,25114.875
3.5202582380000003,25114.875
3.5228832380000004,25211.5
3.5255072380000003,25211.5
3.5281322380000004,25211.5
3.5307562380000004,25211.5
3.533381238,25211.5
3.5360052380000004,25211.5
3.538630238,25211.5
3.541254238,25211.5
3.543879238,25211.5
3.546503238,25346.75
3.549128238,25346.75
3.551752238,25346.75
3.5543772380000003,25346.75
3.5570012380000002,25346.75
3.5596262380000003,25346.75
3.5622512380000004,25346.75
3.5648752380000004,25346.75
3.567500238,25346.75
3.570124238,25346.75
3.572749238,25166.375
3.575373238,25166.375
3.577998238,25166.375
3.580622238,25166.375
3.5832472380000002,25166.375
3.585871238,25166.375
3.5884962380000003,25166.375
3.5911202380000002,25166.375
3.5937452380000003,25166.375
3.5963692380000003,25166.375
3.5989942380000004,25256.5
3.6016182380000004,25256.5
3.604243238,25256.5
3.6068672380000004,25256.5
3.609492238,25256.5
3.612116238,25256.5
3.614741238,25256.5
3.617365238,25256.5
3.619990238,25256.5
3.622614238,25224.375
3.6252392380000003,25224.375
3.627863238,25224.375
3.6304882380000003,25224.375
3.6331122380000003,25224.375
3.6357372380000004,25224.375
3.6383612380000003,25224.375
3.6409862380000004,25224.375
3.6436102380000004,25224.375
3.646235238,25224.375
3.6488592380000004,25082.625
3.651484238,25082.625
3.654108238,25082.625
3.656733238,25082.625
3.659357238,25082.625
3.6619822380000002,25082.625
3.664606238,25082.625
3.6672312380000003,25082.625
3.6698552380000002,25082.625
3.6724802380000003,25275.875
3.6751052380000004,25275.875
3.6777292380000004,25275.875
3.680354238,25275.875
3.682978238,25275.875
3.685603238,25275.875
3.688227238,25275.875
3.690852238,25275.875
3.693476238,25275.875
3.6961012380000002,25275.875
3.698725238,25333.875
3.7013502380000003,25333.875
3.7039742380000003,25333.875
3.7065992380000004,25333.875
3.7092232380000003,25333.875
3.7118482380000004,25333.875
3.7144722380000004,25333.875
3.717097238,25333.875
3.7197212380000004,25333.875
3.722346238,25333.875
3.724970238,25217.875
3.727595238,25217.875
3.730219238,25217.875
3.732844238,25217.875
3.735468238,25217.875
3.7380932380000003,25217.875
3.7407172380000002,25217.875
3.7433422380000003,25217.875
3.7459662380000003,25217.875
3.7485912380000004,25217.875
3.7512152380000003,25314.5
3.7538402380000004,25314.5
3.7564642380000004,25314.5
3.759089238,25314.5
3.761713238,25314.5
3.764338238,25314.5
3.766962238,25314.5
3.769587238,25314.5
3.772211238,25314.5
3.7748362380000002,25314.5
3.777460238,25391.875
3.7800852380000003,25391.875
3.7827092380000003,25391.875
3.7853342380000004,25391.875
3.7879592380000005,25391.875
3.7905832380000004,25391.875
3.793208238,25391.875
3.795832238,25391.875
3.798457238,25391.875
3.801081238,25488.5
3.803706238,25488.5
3.806330238,25488.5
3.8089552380000002,25488.5
3.811579238,25488.5
3.8142042380000003,25488.5
3.8168282380000003,25488.5
3.8194532380000004,25488.5
3.8220772380000003,25488.5
3.8247022380000004,25488.5
3.8273262380000004,25520.75
3.829951238,25520.75
3.8325752380000004,25520.75
3.835200238,25520.75
3.837824238,25520.75
3.840449238,25520.75
3.843073238,25520.75
3.845698238,25520.75
3.848322238,25520.75
3.8509472380000003,25379.0
3.8535712380000002,25379.0
3.8561962380000003,25379.0
3.8588202380000003,25379.0
3.8614452380000004,25379.0
3.8640692380000004,25379.0
3.8666942380000004,25379.0
3.8693182380000004,25379.0
3.871943238,25379.0
3.874567238,25379.0
3.877192238,25507.875
3.879816238,25507.875
3.882441238,25507.875
3.885065238,25507.875
3.8876902380000002,25507.875
3.890314238,25507.875
3.8929392380000003,25507.875
3.8955632380000003,25507.875
3.8981882380000004,25507.875
3.9008132380000005,25507.875
3.9034372380000004,25675.375
3.906062238,25675.375
3.908686238,25675.375
3.911311238,25675.375
3.913935238,25675.375
3.916560238,25675.375
3.919184238,25675.375
3.9218092380000003,25675.375
3.924433238,25675.375
3.9270582380000003,25675.375
3.9296822380000003,25585.125
3.9323072380000004,25585.125
3.9349312380000003,25585.125
3.9375562380000004,25585.125
3.9401802380000004,25585.125
3.942805238,25585.125
3.9454292380000004,25585.125
3.948054238,25585.125
3.950678238,25585.125
3.953303238,25404.75
3.955927238,25404.75
3.9585522380000002,25404.75
3.961176238,25404.75
3.9638012380000003,25404.75
3.9664252380000002,25404.75
3.9690502380000003,25404.75
3.9716742380000003,25404.75
3.9742992380000004,25404.75
3.9769232380000004,25404.75
3.9795482380000005,25456.25
3.9821722380000004,25456.25
3.984797238,25456.25
3.987421238,25456.25
3.990046238,25456.25
3.992670238,25456.25
3.995295238,25456.25
3.997919238,25456.25
4.000544238,25456.25
4.003168238000001,25456.25
4.005793238,25649.625
4.008418238,25649.625
4.011042238,25649.625
4.013667238,25649.625
4.016291238,25649.625
4.018916238,25649.625
4.021540238,25649.625
4.024165238,25649.625
4.026789238,25649.625
4.029414238,25610.875
4.032038238,25610.875
4.034663238,25610.875
4.037287238,25610.875
4.039912238,25610.875
4.042536238,25610.875
4.045161238,25610.875
4.047785238,25610.875
4.050410238,25610.875
4.053034238,25610.875
4.0556592380000005,25250.125
4.0582832380000005,25250.125
4.060908238000001,25250.125
4.0635322380000005,25250.125
4.066157238000001,25250.125
4.068781238000001,25250.125
4.071406238000001,25250.125
4.074030238000001,25250.125
4.076655238,25250.125
4.079279238000001,25250.125
4.081904238,25385.375
4.084528238,25385.375
4.087153238,25385.375
4.089777238,25385.375
4.092402238,25385.375
4.095026238,25385.375
4.097651238,25385.375
4.100275238,25385.375
4.102900238,25385.375
4.105524238,25385.375
4.108149238,25617.375
4.110773238,25617.375
4.113398238,25617.375
4.116022238,25617.375
4.118647238,25617.375
4.121272238,25617.375
4.123896238,25617.375
4.1265212380000005,25617.375
4.129145238,25617.375
4.1317702380000005,25443.375
4.1343942380000005,25443.375
4.137019238000001,25443.375
4.139643238000001,25443.375
4.142268238000001,25443.375
4.144892238000001,25443.375
4.147517238,25443.375
4.150141238000001,25443.375
4.152766238,25443.375
4.155390238,25443.375
4.158015238,25333.875
4.160639238,25333.875
4.163264238,25333.875
4.165888238,25333.875
4.168513238,25333.875
4.171137238,25333.875
4.173762238,25333.875
4.176386238,25333.875
4.179011238,25333.875
4.181635238,25333.875
4.184260238,25372.5
4.186884238,25372.5
4.189509238,25372.5
4.192133238,25372.5
4.194758238,25372.5
4.197382238,25372.5
4.200007238,25372.5
4.202631238,25372.5
4.2052562380000005,25372.5
4.207880238,25301.625
4.2105052380000005,25301.625
4.2131292380000005,25301.625
4.215754238000001,25301.625
4.218378238000001,25301.625
4.221003238000001,25301.625
4.223627238000001,25301.625
4.226252238,25301.625
4.228876238000001,25301.625
4.231501238,25301.625
4.234126238,25288.75
4.236750238,25288.75
4.239375238,25288.75
4.241999238,25288.75
4.244624238,25288.75
4.247248238,25288.75
4.249873238,25288.75
4.252497238,25288.75
4.255122238,25288.75
4.257746238,25288.75
4.260371238,25333.875
4.262995238,25333.875
4.265620238,25333.875
4.268244238,25333.875
4.270869238,25333.875
4.273493238,25333.875
4.2761182380000005,25333.875
4.278742238,25333.875
4.2813672380000005,25333.875
4.2839912380000005,25333.875
4.286616238000001,25391.875
4.2892402380000005,25391.875
4.291865238000001,25391.875
4.294489238000001,25391.875
4.297114238000001,25391.875
4.299738238000001,25391.875
4.302363238,25391.875
4.304987238,25391.875
4.307612238,25391.875
4.310236238,25321.0
4.312861238,25321.0
4.315485238,25321.0
4.318110238,25321.0
4.320734238,25321.0
4.323359238,25321.0
4.325983238,25321.0
4.328608238,25321.0
4.331232238,25321.0
4.333857238,25321.0
4.336481238,25179.25
4.339106238,25179.25
4.341730238,25179.25
4.344355238,25179.25
4.346980238,25179.25
4.349604238,25179.25
4.3522292380000005,25179.25
4.3548532380000005,25179.25
4.357478238000001,25179.25
4.3601022380000005,25179.25
4.362727238000001,25288.75
4.365351238000001,25288.75
4.367976238000001,25288.75
4.370600238000001,25288.75
4.373225238,25288.75
4.375849238000001,25288.75
4.378474238,25288.75
4.381098238,25288.75
4.383723238,25288.75
4.386347238,25308.125
4.388972238,25308.125
4.391596238,25308.125
4.394221238,25308.125
4.396845238,25308.125
4.399470238,25308.125
4.402094238,25308.125
4.404719238,25308.125
4.407343238,25308.125
4.409968238,25308.125
4.412592238,25205.0
4.415217238,25205.0
4.417841238,25205.0
4.420466238,25205.0
4.423090238,25205.0
4.425715238,25205.0
4.428339238,25205.0
4.4309642380000005,25205.0
4.4335882380000005,25205.0
4.436213238000001,25205.0
4.4388372380000005,25301.625
4.441462238000001,25301.625
4.444086238000001,25301.625
4.446711238000001,25301.625
4.449335238000001,25301.625
4.451960238,25301.625
4.454584238000001,25301.625
4.457209238,25301.625
4.459834238,25301.625
4.462458238,25379.0
4.465083238,25379.0
4.467707238,25379.0
4.470332238,25379.0
4.472956238,25379.0
4.475581238,25379.0
4.478205238,25379.0
4.480830238,25379.0
4.483454238,25379.0
4.486079238,25379.0
4.488703238,25404.75
4.491328238,25404.75
4.493952238,25404.75
4.496577238,25404.75
4.499201238,25404.75
4.5018262380000005,25404.75
4.504450238,25404.75
4.5070752380000005,25404.75
4.5096992380000005,25404.75
4.512324238000001,25507.875
4.514948238000001,25507.875
4.517573238000001,25507.875
4.520197238000001,25507.875
4.522822238000001,25507.875
4.525446238000001,25507.875
4.528071238,25507.875
4.530695238,25507.875
4.533320238,25507.875
4.535944238,25507.875
4.538569238,25507.875
4.541193238,25475.625
4.543818238,25475.625
4.546442238,25475.625
4.549067238,25475.625
4.551691238,25475.625
4.554316238,25475.625
4.556940238,25475.625
4.559565238,25475.625
4.562189238,25475.625
4.564814238,25379.0
4.567438238,25379.0
4.570063238,25379.0
4.5726882380000005,25379.0
4.575312238,25379.0
4.5779372380000005,25379.0
4.5805612380000005,25379.0
4.583186238000001,25379.0
4.5858102380000005,25379.0
4.588435238000001,25379.0
4.591059238000001,25462.75
4.593684238000001,25462.75
4.596308238000001,25462.75
4.598933238,25462.75
4.601557238000001,25462.75
4.604182238,25462.75
4.606806238,25462.75
4.609431238,25462.75
4.612055238,25462.75
4.614680238,25462.75
4.617304238,25527.125
4.619929238,25527.125
4.622553238,25527.125
4.625178238,25527.125
4.627802238,25527.125
4.630427238,25527.125
4.633051238,25527.125
4.635676238,25527.125
4.638300238,25527.125
4.640925238,25482.125
4.643549238,25482.125
4.646174238,25482.125
4.648798238,25482.125
4.6514232380000005,25482.125
4.654047238,25482.125
4.6566722380000005,25482.125
4.6592962380000005,25482.125
4.661921238000001,25482.125
4.6645452380000005,25482.125
4.667170238000001,25520.75
4.669794238000001,25520.75
4.672419238000001,25520.75
4.675043238000001,25520.75
4.677668238,25520.75
4.680293238,25520.75
4.682917238,25520.75
4.685542238,25520.75
4.688166238,25520.75
4.690791238,25514.25
4.693415238,25514.25
4.696040238,25514.25
4.698664238,25514.25
4.701289238,25514.25
4.703913238,25514.25
4.706538238,25514.25
4.709162238,25514.25
4.711787238,25514.25
4.714411238,25514.25
4.717036238,25437.0
4.719660238,25437.0
4.722285238,25437.0
4.724909238,25437.0
4.7275342380000005,25437.0
4.7301582380000005,25437.0
4.732783238000001,25437.0
4.7354072380000005,25437.0
4.738032238000001,25437.0
4.740656238000001,25437.0
4.743281238000001,25456.25
4.745905238000001,25456.25
4.748530238000001,25456.25
4.751154238000001,25456.25
4.753779238,25456.25
4.756403238,25456.25
4.759028238,25456.25
4.761652238,25456.25
4.764277238,25456.25
4.766901238,25456.25
4.769526238,25501.375
4.772150238,25501.375
4.774775238,25501.375
4.777399238,25501.375
4.780024238,25501.375
4.782648238,25501.375
4.785273238,25501.375
4.787897238,25501.375
4.790522238,25501.375
4.793147238,25501.375
4.795771238,25379.0
4.7983962380000005,25379.0
4.801020238,25379.0
4.8036452380000005,25379.0
4.8062692380000005,25379.0
4.808894238000001,25379.0
4.811518238000001,25379.0
4.814143238000001,25379.0
4.816767238000001,25379.0
4.819392238000001,25269.5
4.822016238000001,25269.5
4.824641238,25269.5
4.827265238000001,25269.5
4.829890238,25269.5
4.832514238,25269.5
4.835139238,25269.5
4.837763238,25269.5
4.840388238,25269.5
4.843012238,25269.5
4.845637238,25424.125
4.848261238,25424.125
4.850886238,25424.125
4.853510238,25424.125
4.856135238,25424.125
4.858759238,25424.125
4.861384238,25424.125
4.864008238,25424.125
4.866633238,25424.125
4.869257238,25411.25
4.871882238,25411.25
4.874506238,25411.25
4.8771312380000005,25411.25
4.879755238,25411.25
4.8823802380000005,25411.25
4.8850042380000005,25411.25
4.887629238000001,25411.25
4.890253238000001,25411.25
4.892878238000001,25411.25
4.895502238000001,25321.0
4.898127238000001,25321.0
4.900751238000001,25321.0
4.903376238,25321.0
4.906001238,25321.0
4.908625238,25321.0
4.911250238,25321.0
4.913874238,25321.0
4.916499238,25321.0
4.919123238,25321.0
4.921748238,25385.375
4.924372238,25385.375
4.926997238,25385.375
4.929621238,25385.375
4.932246238,25385.375
4.934870238,25385.375
4.937495238,25385.375
4.940119238,25385.375
4.942744238,25385.375
4.945368238,25385.375
4.9479932380000005,25417.625
4.950617238,25417.625
4.9532422380000005,25417.625
4.9558662380000005,25417.625
4.958491238000001,25417.625
4.9611152380000005,25417.625
4.963740238000001,25417.625
4.966364238000001,25417.625
4.968989238000001,25417.625
4.971613238000001,25379.0
4.974238238,25379.0
4.976862238000001,25379.0
4.979487238,25379.0
4.982111238,25379.0
4.984736238,25379.0
4.987360238,25379.0
4.989985238,25379.0
4.992609238,25379.0
4.995234238,25379.0
4.997858238,25372.5
5.000483238,25372.5
5.003107238,25372.5
5.005732238,25372.5
5.008356238,25372.5
5.010981238,25372.5
5.013605238,25372.5
5.016230238,25372.5
5.018855238,25372.5
5.021479238,25372.5
5.0241042380000005,25346.75
5.0267282380000005,25346.75
5.029353238000001,25346.75
5.0319772380000005,25346.75
5.034602238000001,25346.75
5.037226238000001,25346.75
5.039851238000001,25346.75
5.042475238000001,25346.75
5.045100238000001,25346.75
5.047724238000001,25372.5
5.050349238,25372.5
5.052973238000001,25372.5
5.055598238,25372.5
5.058222238,25372.5
5.060847238,25372.5
5.063471238,25372.5
5.066096238,25372.5
5.068720238,25372.5
5.071345238,25372.5
5.073969238,25430.5
5.076594238,25430.5
5.079218238,25430.5
5.081843238,25430.5
5.084467238,25430.5
5.087092238,25430.5
5.089716238,25430.5
5.092341238,25430.5
5.094965238,25430.5
5.097590238,25430.5
5.100214238,25443.375
5.1028392380000005,25443.375
5.1054632380000005,25443.375
5.108088238000001,25443.375
5.1107122380000005,25443.375
5.113337238000001,25443.375
5.115961238000001,25443.375
5.118586238000001,25443.375
5.121210238000001,25443.375
5.123835238000001,25443.375
5.126459238000001,25437.0
5.129084238,25437.0
5.131709238,25437.0
5.134333238,25437.0
5.136958238,25437.0
5.139582238,25437.0
5.142207238,25437.0
5.144831238,25437.0
5.147456238,25437.0
5.150080238,25417.625
5.152705238,25417.625
5.155329238,25417.625
5.157954238,25417.625
5.160578238,25417.625
5.163203238,25417.625
5.165827238,25417.625
5.168452238,25417.625
5.171076238,25417.625
5.1737012380000005,25417.625
5.176325238,25430.5
5.1789502380000005,25430.5
5.1815742380000005,25430.5
5.184199238000001,25430.5
5.186823238000001,25430.5
5.189448238000001,25430.5
5.192072238000001,25430.5
5.194697238000001,25430.5
5.197321238000001,25430.5
5.199946238,25430.5
5.202570238000001,25456.25
5.205195238,25456.25
5.207819238,25456.25
5.210444238,25456.25
5.213068238,25456.25
5.215693238,25456.25
5.218317238,25456.25
5.220942238,25456.25
5.223566238,25456.25
5.226191238,25456.25
5.228815238,25456.25
5.231440238,25456.25
5.234064238,25456.25
5.236689238,25456.25
5.239313238,25456.25
5.241938238,25456.25
5.2445632380000005,25456.25
5.247187238,25456.25
5.2498122380000005,25456.25
5.2524362380000005,25507.875
5.255061238000001,25507.875
5.2576852380000005,25507.875
5.260310238000001,25507.875
5.262934238000001,25507.875
5.265559238000001,25507.875
5.268183238000001,25507.875
5.270808238000001,25507.875
5.273432238000001,25507.875
5.276057238,25507.875
5.278681238,25610.875
5.281306238,25610.875
5.283930238,25610.875
5.286555238,25610.875
5.289179238,25610.875
5.291804238,25610.875
5.294428238,25610.875
5.297053238,25610.875
5.299677238,25610.875
5.302302238,25636.75
5.304926238,25636.75
5.307551238,25636.75
5.310175238,25636.75
5.312800238,25636.75
5.315424238,25636.75
5.318049238,25636.75
5.320673238,25636.75
5.3232982380000005,25636.75
5.325922238,25636.75
5.3285472380000005,25656.0
5.3311712380000005,25656.0
5.333796238000001,25656.0
5.3364202380000005,25656.0
5.339045238000001,25656.0
5.341669238000001,25656.0
5.344294238000001,25656.0
5.346918238000001,25656.0
5.349543238000001,25656.0
5.352168238,25656.0
5.354792238,25707.625
5.357417238,25707.625
5.360041238,25707.625
5.362666238,25707.625
5.365290238,25707.625
5.367915238,25707.625
5.370539238,25707.625
5.373164238,25707.625
5.375788238,25707.625
5.378413238,25707.625
5.381037238,25746.25
5.383662238,25746.25
5.386286238,25746.25
5.388911238,25746.25
5.391535238,25746.25
5.394160238,25746.25
5.396784238,25746.25
5.3994092380000005,25746.25
5.4020332380000005,25746.25
5.404658238000001,25610.875
5.4072822380000005,25610.875
5.409907238000001,25610.875
5.412531238000001,25610.875
5.415156238000001,25610.875
5.417780238000001,25610.875
5.420405238000001,25610.875
5.423029238000001,25610.875
5.425654238,25610.875
5.428278238000001,25610.875
5.430903238,25327.375
5.433527238,25327.375
5.436152238,25327.375
5.438776238,25327.375
5.441401238,25327.375
5.444025238,25327.375
5.446650238,25327.375
5.449274238,25327.375
5.451899238,25327.375
5.454523238,25327.375
5.457148238,25359.625
5.459772238,25359.625
5.462397238,25359.625
5.465022238,25359.625
5.467646238,25359.625
5.4702712380000005,25359.625
5.472895238,25359.625
5.4755202380000005,25359.625
5.4781442380000005,25359.625
5.480769238000001,25430.5
5.483393238000001,25430.5
5.486018238000001,25430.5
5.488642238000001,25430.5
5.491267238000001,25430.5
5.493891238000001,25430.5
5.496516238000001,25430.5
5.499140238000001,25430.5
5.501765238,25430.5
5.504389238,25430.5
5.507014238,25321.0
5.509638238,25321.0
5.512263238,25321.0
5.514887238,25321.0
5.517512238,25321.0
5.520136238,25321.0
5.522761238,25321.0
5.525385238,25321.0
5.528010238,25321.0
5.530634238,25295.25
5.533259238,25295.25
5.535883238,25295.25
5.538508238,25295.25
5.541132238,25295.25
5.543757238,25295.25
5.546381238,25295.25
5.5490062380000005,25295.25
5.551630238,25295.25
5.5542552380000005,25295.25
5.5568792380000005,25340.375
5.559504238000001,25340.375
5.562128238000001,25340.375
5.564753238000001,25340.375
5.567377238000001,25340.375
5.570002238000001,25340.375
5.572626238000001,25340.375
5.575251238000001,25340.375
5.577876238,25340.375
5.580500238,25340.375
5.583125238,25430.5
5.585749238,25430.5
5.588374238,25430.5
5.590998238,25430.5
5.593623238,25430.5
5.596247238,25430.5
5.598872238,25430.5
5.601496238,25430.5
5.604121238,25430.5
5.606745238,25430.5
5.609370238,25501.375
5.611994238,25501.375
5.614619238,25501.375
5.617243238,25501.375
5.6198682380000005,25501.375
5.622492238,25501.375
5.6251172380000005,25501.375
5.6277412380000005,25501.375
5.630366238000001,25501.375
5.6329902380000005,25501.375
5.635615238000001,25359.625
5.638239238000001,25359.625
5.640864238000001,25359.625
5.643488238000001,25359.625
5.646113238000001,25359.625
5.648737238000001,25359.625
5.651362238,25359.625
5.653986238000001,25359.625
5.656611238,25359.625
5.659235238,25333.875
5.661860238,25333.875
5.664484238,25333.875
5.667109238,25333.875
5.669733238,25333.875
5.672358238,25333.875
5.674982238,25333.875
5.677607238,25333.875
5.680231238,25333.875
5.682856238,25333.875
5.685480238,25462.75
5.688105238,25462.75
5.690730238,25462.75
5.693354238,25462.75
5.6959792380000005,25462.75
5.6986032380000005,25462.75
5.701228238000001,25462.75
5.7038522380000005,25462.75
5.706477238000001,25462.75
5.709101238000001,25391.875
5.711726238000001,25391.875
5.714350238000001,25391.875
5.716975238000001,25391.875
5.719599238000001,25391.875
5.722224238000001,25391.875
5.724848238000001,25391.875
5.727473238,25391.875
5.730097238,25391.875
5.732722238,25391.875
5.735346238,25359.625
5.737971238,25359.625
5.740595238,25359.625
5.743220238,25359.625
5.745844238,25359.625
5.748469238,25359.625
5.751093238,25359.625
5.753718238,25359.625
5.756342238,25359.625
5.758967238,25359.625
5.761591238,25514.25
5.764216238,25514.25
5.766840238,25514.25
5.769465238,25514.25
5.772089238,25514.25
5.7747142380000005,25514.25
5.7773382380000005,25514.25
5.779963238000001,25514.25
5.7825872380000005,25514.25
5.785212238000001,25514.25
5.787836238000001,25546.5
5.790461238000001,25546.5
5.793085238000001,25546.5
5.795710238000001,25546.5
5.798334238000001,25546.5
5.800959238000001,25546.5
5.803584238,25546.5
5.806208238,25546.5
5.808833238,25546.5
5.811457238,25488.5
5.814082238,25488.5
5.816706238,25488.5
5.819331238,25488.5
5.821955238,25488.5
5.824580238,25488.5
5.827204238,25488.5
5.829829238,25488.5
5.832453238,25488.5
5.835078238,25488.5
5.837702238,25610.875
5.840327238,25610.875
5.842951238,25610.875
5.8455762380000005,25610.875
5.848200238,25610.875
5.8508252380000005,25610.875
5.8534492380000005,25610.875
5.856074238000001,25610.875
5.858698238000001,25610.875
5.861323238000001,25610.875
5.863947238000001,25765.5
5.866572238000001,25765.5
5.869196238000001,25765.5
5.871821238000001,25765.5
5.874445238000001,25765.5
5.877070238,25765.5
5.879694238000001,25765.5
5.882319238,25765.5
5.884943238,25765.5
5.887568238,25726.875
5.890192238,25726.875
5.892817238,25726.875
5.895441238,25726.875
5.898066238,25726.875
5.900690238,25726.875
5.903315238,25726.875
5.905939238,25726.875
5.908564238,25726.875
5.911188238,25726.875
5.913813238,25546.5
5.9164382380000005,25546.5
5.919062238,25546.5
5.9216872380000005,25546.5
5.9243112380000005,25546.5
5.926936238000001,25546.5
5.9295602380000005,25546.5
5.932185238000001,25546.5
5.934809238000001,25546.5
5.937434238000001,25546.5
5.940058238000001,25610.875
5.942668238,25610.875
5.945292238,25610.875
5.9479172380000005,25610.875
5.9505412380000005,25610.875
5.9531662380000006,25610.875
5.955791238000001,25610.875
5.958415238000001,25610.875
5.961040238000001,25610.875
5.963664238000001,25610.875
5.966289238000001,25662.5
5.968913238000001,25662.5
5.971538238,25662.5
5.974162238000001,25662.5
5.976787238,25662.5
5.979411238,25662.5
5.982036238,25662.5
5.984660238,25662.5
5.987285238,25662.5
5.989909238,25578.75
5.992534238,25578.75
5.995158238,25578.75
5.997783238,25578.75
6.000407238,25578.75
6.003032238,25578.75
6.005656238,25578.75
6.008281238,25578.75
6.010905238,25578.75
6.013530238,25578.75
6.016154238,25598.0
6.0187792380000005,25598.0
6.021403238,25598.0
6.0240282380000005,25598.0
6.0266522380000005,25598.0
6.029277238000001,25598.0
6.0319012380000006,25598.0
6.034526238000001,25598.0
6.037150238000001,25598.0
6.039775238000001,25598.0
6.042399238000001,25630.25
6.045024238000001,25630.25
6.047648238000001,25630.25
6.050273238,25630.25
6.052897238000001,25630.25
6.055522238,25630.25
6.058146238,25630.25
6.060771238,25630.25
6.063395238,25630.25
6.066020238,25553.0
6.068645238,25553.0
6.071269238,25553.0
6.073894238,25553.0
6.076518238,25553.0
6.079143238,25553.0
6.081767238,25553.0
6.084392238,25553.0
6.087016238,25553.0
6.0896412380000005,25553.0
6.092265238,25520.75
6.0948902380000005,25520.75
6.0975142380000005,25520.75
6.100139238000001,25520.75
6.1027632380000005,25520.75
6.105388238000001,25520.75
6.108012238000001,25520.75
6.110637238000001,25520.75
6.113261238000001,25520.75
6.115886238000001,25520.75
6.118510238000001,25533.625
6.121135238000001,25533.625
6.123759238000001,25533.625
6.126384238,25533.625
6.129008238,25533.625
6.131633238,25533.625
6.134257238,25533.625
6.136882238,25533.625
6.139506238,25533.625
6.142131238,25533.625
6.144755238,25469.125
6.147380238,25469.125
6.150004238,25469.125
6.152629238,25469.125
6.155253238,25469.125
6.157878238,25469.125
6.160502238,25469.125
6.163127238,25469.125
6.165751238,25469.125
6.1683762380000005,25385.375
6.171000238,25385.375
6.1736252380000005,25385.375
6.1762492380000005,25385.375
6.178874238000001,25385.375
6.181499238000001,25385.375
6.184123238000001,25385.375
6.186748238000001,25385.375
6.189372238000001,25385.375
6.191997238000001,25385.375
6.194621238000001,25333.875
6.197246238,25333.875
6.199870238000001,25333.875
6.202495238,25333.875
6.205119238,25333.875
6.207744238,25333.875
6.210368238,25333.875
6.212993238,25333.875
6.215617238,25333.875
6.218242238,25333.875
6.220866238,25275.875
6.223491238,25275.875
6.226115238,25275.875
6.228740238,25275.875
6.231364238,25275.875
6.233989238,25275.875
6.236613238,25275.875
6.239238238,25275.875
6.241862238,25275.875
6.2444872380000005,25282.375
6.2471112380000005,25282.375
6.2497362380000006,25282.375
6.2523602380000005,25282.375
6.254985238000001,25282.375
6.257609238000001,25282.375
6.260234238000001,25282.375
6.262858238000001,25282.375
6.265483238000001,25282.375
6.268107238000001,25282.375
6.270732238000001,25205.0
6.273356238000001,25205.0
6.275981238,25205.0
6.278605238000001,25205.0
6.281230238,25205.0
6.283854238,25205.0
6.286479238,25205.0
6.289104238,25205.0
6.291728238,25205.0
6.294353238,25205.0
6.296977238,25056.875
6.299602238,25056.875
6.302226238,25056.875
6.304851238,25056.875
6.307475238,25056.875
6.310100238,25056.875
6.312724238,25056.875
6.3153492380000005,25056.875
6.317973238,25056.875
6.3205982380000005,25256.5
6.3232222380000005,25256.5
6.325847238000001,25256.5
6.3284712380000006,25256.5
6.331096238000001,25256.5
6.333720238000001,25256.5
6.336345238000001,25256.5
6.338969238000001,25256.5
6.341594238000001,25256.5
6.344218238000001,25256.5
6.346843238000001,25469.125
6.349467238000001,25469.125
6.352092238,25469.125
6.354716238,25469.125
6.357341238,25469.125
6.359965238,25469.125
6.362590238,25469.125
6.365214238,25469.125
6.367839238,25469.125
6.370463238,25340.375
6.373088238,25340.375
6.375712238,25340.375
6.378337238,25340.375
6.380961238,25340.375
6.383586238,25340.375
6.386210238,25340.375
6.388835238,25340.375
6.391459238,25340.375
6.3940842380000005,25340.375
6.396708238,25224.375
6.3993332380000005,25224.375
6.401958238000001,25224.375
6.404582238000001,25224.375
6.407207238000001,25224.375
6.409831238000001,25224.375
6.412456238000001,25224.375
6.415080238000001,25224.375
6.417705238000001,25224.375
6.420329238000001,25224.375
6.422954238,25411.25
6.425578238000001,25411.25
6.428203238,25411.25
6.430827238,25411.25
6.433452238,25411.25
6.436076238,25411.25
6.438701238,25411.25
6.441325238,25411.25
6.443950238,25411.25
6.446574238,25411.25
6.449199238,25430.5
6.451823238,25430.5
6.454448238,25430.5
6.457072238,25430.5
6.459697238,25430.5
6.462321238,25430.5
6.4649462380000005,25430.5
6.467570238,25430.5
6.4701952380000005,25430.5
6.4728192380000005,25430.5
6.475444238000001,25301.625
6.4780682380000005,25301.625
6.480693238000001,25301.625
6.483317238000001,25301.625
6.485942238000001,25301.625
6.488566238000001,25301.625
6.491191238000001,25301.625
6.493815238000001,25301.625
6.496440238000001,25301.625
6.499064238000001,25301.625
6.501689238,25301.625
6.504313238000001,25301.625
6.506938238,25301.625
6.509562238,25301.625
6.512187238,25301.625
6.514812238,25301.625
6.517436238,25301.625
6.520061238,25301.625
6.522685238,25301.625
6.525310238,25411.25
6.527934238,25411.25
6.530559238,25411.25
6.533183238,25411.25
6.535808238,25411.25
6.538432238,25411.25
6.5410572380000005,25411.25
6.5436812380000005,25411.25
6.5463062380000006,25411.25
6.5489302380000005,25488.5
6.551555238000001,25488.5
6.554179238000001,25488.5
6.556804238000001,25488.5
6.559428238000001,25488.5
6.562053238000001,25488.5
6.564677238000001,25488.5
6.567302238000001,25488.5
6.569926238000001,25488.5
6.572551238000001,25488.5
6.575175238000001,25353.25
6.577800238,25353.25
6.580424238,25353.25
6.583049238,25353.25
6.585673238,25353.25
6.588298238,25353.25
6.590922238,25353.25
6.593547238,25353.25
6.596171238,25353.25
6.598796238,25353.25
6.601420238,25346.75
6.604045238,25346.75
6.606669238,25346.75
6.609294238,25346.75
6.611918238,25346.75
6.614543238,25346.75
6.617167238,25346.75
6.6197922380000005,25346.75
6.6224162380000005,25346.75
6.6250412380000006,25346.75
6.627666238000001,25578.75
6.630290238000001,25578.75
6.632915238000001,25578.75
6.635539238000001,25578.75
6.638164238000001,25578.75
6.640788238000001,25578.75
6.643413238000001,25578.75
6.646037238000001,25578.75
6.648662238,25578.75
6.651286238000001,25559.375
6.653911238,25559.375
6.656535238,25559.375
6.659160238,25559.375
6.661784238,25559.375
6.664409238,25559.375
6.667033238,25559.375
6.669658238,25559.375
6.672282238,25559.375
6.674907238,25559.375
6.677531238,25353.25
6.680156238,25353.25
6.682780238,25353.25
6.685405238,25353.25
6.688029238,25353.25
6.6906542380000005,25353.25
6.693278238,25353.25
6.6959032380000005,25353.25
6.6985272380000005,25353.25
6.701152238000001,25353.25
6.7037762380000006,25482.125
6.706401238000001,25482.125
6.709025238000001,25482.125
6.711650238000001,25482.125
6.714274238000001,25482.125
6.716899238000001,25482.125
6.719523238000001,25482.125
6.722148238000001,25482.125
6.724772238000001,25482.125
6.727397238,25591.625
6.730021238000001,25591.625
6.732646238,25591.625
6.735270238,25591.625
6.737895238,25591.625
6.740520238,25591.625
6.743144238,25591.625
6.745769238,25591.625
6.748393238,25591.625
6.751018238,25591.625
6.753642238,25488.5
6.756267238,25488.5
6.758891238,25488.5
6.7615162380000005,25488.5
6.764140238,25488.5
6.7667652380000005,25488.5
6.7693892380000005,25488.5
6.772014238000001,25488.5
6.7746382380000005,25488.5
6.777263238000001,25488.5
6.779887238000001,25495.0
6.782512238000001,25495.0
6.785136238000001,25495.0
6.787761238000001,25495.0
6.790385238000001,25495.0
6.793010238000001,25495.0
6.795634238000001,25495.0
6.798259238,25495.0
6.800883238000001,25495.0
6.803508238,25495.0
6.806132238,25591.625
6.808757238,25591.625
6.811381238,25591.625
6.814006238,25591.625
6.816630238,25591.625
6.819255238,25591.625
6.821879238,25591.625
6.824504238,25591.625
6.827128238,25591.625
6.829753238,25572.25
6.832377238,25572.25
6.835002238,25572.25
6.837626238,25572.25
6.8402512380000005,25572.25
6.842875238,25572.25
6.8455002380000005,25572.25
6.8481242380000005,25572.25
6.850749238000001,25572.25
6.853374238000001,25572.25
6.855998238000001,25585.125
6.858623238000001,25585.125
6.861247238000001,25585.125
6.863872238000001,25585.125
6.866496238000001,25585.125
6.869121238000001,25585.125
6.871745238000001,25585.125
6.874370238,25585.125
6.876994238000001,25585.125
6.879619238,25585.125
6.882243238,25623.75
6.884868238,25623.75
6.887492238,25623.75
6.890117238,25623.75
6.892741238,25623.75
6.895366238,25623.75
6.897990238,25623.75
6.900615238,25623.75
6.903239238,25623.75
6.905864238,25559.375
6.908488238,25559.375
6.911113238,25559.375
6.913737238,25559.375
6.9163622380000005,25559.375
6.9189862380000005,25559.375
6.9216112380000006,25559.375
6.9242352380000005,25559.375
6.926860238000001,25559.375
6.929484238000001,25559.375
6.932109238000001,25495.0
6.934733238000001,25495.0
6.937358238000001,25495.0
6.939982238000001,25495.0
6.942607238000001,25495.0
6.945231238000001,25495.0
6.947856238000001,25495.0
6.950480238000001,25495.0
6.953105238,25495.0
6.955729238000001,25495.0
6.958354238,25482.125
6.960979238,25482.125
6.963603238,25482.125
6.966228238,25482.125
6.968852238,25482.125
6.971477238,25482.125
6.974101238,25482.125
6.976726238,25482.125
6.979350238,25482.125
6.981975238,25482.125
6.984599238,25514.25
6.9872242380000005,25514.25
6.989848238,25514.25
6.9924732380000005,25514.25
6.9950972380000005,25514.25
6.997722238000001,25514.25
7.0003462380000006,25514.25
7.002971238000001,25514.25
7.005595238000001,25514.25
7.008220238000001,25495.0
7.010844238000001,25495.0
7.013469238000001,25495.0
7.016093238000001,25495.0
7.018718238000001,25495.0
7.021342238000001,25495.0
7.023967238,25495.0
7.026591238000001,25495.0
7.029216238,25495.0
7.031840238,25495.0
7.034465238,25437.0
7.037089238,25437.0
7.039714238,25437.0
7.042338238,25437.0
7.044963238,25437.0
7.047587238,25437.0
7.050212238,25437.0
7.052836238,25437.0
7.055461238,25437.0
7.058085238,25437.0
7.060710238,25372.5
7.063334238,25372.5
7.0659592380000005,25372.5
7.068583238,25372.5
7.0712082380000005,25372.5
7.073833238000001,25372.5
7.076457238000001,25372.5
7.079082238000001,25372.5
7.081706238000001,25372.5
7.084331238000001,25295.25
7.086955238000001,25295.25
7.089580238000001,25295.25
7.092204238000001,25295.25
7.094829238000001,25295.25
7.097453238000001,25295.25
7.100078238,25295.25
7.102702238,25295.25
7.105327238,25295.25
7.107951238,25295.25
7.110576238,25372.5
7.113200238,25372.5
7.115825238,25372.5
7.118449238,25372.5
7.121074238,25372.5
7.123698238,25372.5
7.126323238,25372.5
7.128947238,25372.5
7.131572238,25372.5
7.134196238,25372.5
7.1368212380000005,25398.25
7.139445238,25398.25
7.1420702380000005,25398.25
7.1446942380000005,25398.25
7.147319238000001,25398.25
7.1499432380000005,25398.25
7.152568238000001,25398.25
7.155192238000001,25398.25
7.157817238000001,25398.25
7.160441238000001,25295.25
7.163066238000001,25295.25
7.165690238000001,25295.25
7.168315238000001,25295.25
7.170939238000001,25295.25
7.173564238000001,25295.25
7.176188238000001,25295.25
7.178813238,25295.25
7.181437238000001,25295.25
7.184062238,25295.25
7.186687238,25282.375
7.189311238,25282.375
7.191936238,25282.375
7.194560238,25282.375
7.197185238,25282.375
7.199809238,25282.375
7.202434238,25282.375
7.205058238,25282.375
7.207683238,25282.375
7.210307238,25295.25
7.2129322380000005,25295.25
7.2155562380000005,25295.25
7.2181812380000006,25295.25
7.2208052380000005,25295.25
7.223430238000001,25295.25
7.226054238000001,25295.25
7.228679238000001,25295.25
7.231303238000001,25295.25
7.233928238000001,25295.25
7.236552238000001,25295.25
7.239177238000001,25250.125
7.241801238000001,25250.125
7.244426238000001,25250.125
7.247050238000001,25250.125
7.249675238,25250.125
7.252299238000001,25250.125
7.254924238,25250.125
7.257548238,25250.125
7.260173238,25250.125
7.262797238,25237.25
7.265422238,25237.25
7.268046238,25237.25
7.270671238,25237.25
7.273295238,25237.25
7.275920238,25237.25
7.278544238,25237.25
7.281169238,25237.25
7.283793238,25237.25
7.286418238,25237.25
7.289042238,25333.875
7.2916672380000005,25333.875
7.2942912380000005,25333.875
7.2969162380000006,25333.875
7.299541238000001,25333.875
7.302165238000001,25333.875
7.304790238000001,25333.875
7.307414238000001,25333.875
7.310039238000001,25333.875
7.312663238000001,25333.875
7.315288238000001,25366.125
7.317912238000001,25366.125
7.320537238000001,25366.125
7.323161238000001,25366.125
7.325786238,25366.125
7.328410238,25366.125
7.331035238,25366.125
7.333659238,25366.125
7.336284238,25366.125
7.338908238,25327.375
7.341533238,25327.375
7.344157238,25327.375
7.346782238,25327.375
7.349406238,25327.375
7.352031238,25327.375
7.354655238,25327.375
7.357280238,25327.375
7.359904238,25327.375
7.3625292380000005,25327.375
7.365153238,25353.25
7.3677782380000005,25353.25
7.3704022380000005,25353.25
7.373027238000001,25353.25
7.3756512380000006,25353.25
7.378276238000001,25353.25
7.380900238000001,25353.25
7.383525238000001,25353.25
7.386149238000001,25353.25
7.388774238000001,25391.875
7.391398238000001,25391.875
7.394023238000001,25391.875
7.396647238000001,25391.875
7.399272238000001,25391.875
7.401896238000001,25391.875
7.404521238,25391.875
7.407145238,25391.875
7.409770238,25391.875
7.412395238,25391.875
7.415019238,25385.375
7.417644238,25385.375
7.420268238,25385.375
7.422893238,25385.375
7.425517238,25385.375
7.428142238,25385.375
7.430766238,25385.375
7.4333912380000005,25385.375
7.436015238,25385.375
7.4386402380000005,25385.375
7.4412642380000005,25456.25
7.443889238000001,25456.25
7.4465132380000005,25456.25
7.449138238000001,25456.25
7.451762238000001,25456.25
7.454387238000001,25456.25
7.457011238000001,25456.25
7.459636238000001,25456.25
7.462260238000001,25456.25
7.464885238000001,25456.25
7.467509238000001,25507.875
7.470134238000001,25507.875
7.472758238000001,25507.875
7.475383238,25507.875
7.478007238000001,25507.875
7.480632238,25507.875
7.483256238,25507.875
7.485881238,25507.875
7.488505238,25507.875
7.491130238,25488.5
7.493754238,25488.5
7.496379238,25488.5
7.499003238,25488.5
7.501628238,25488.5
7.504252238,25488.5
7.506877238,25488.5
7.509501238,25488.5
7.5121262380000005,25488.5
7.514750238,25488.5
7.5173752380000005,25533.625
7.5199992380000005,25533.625
7.522624238000001,25533.625
7.525249238000001,25533.625
7.527873238000001,25533.625
7.530498238000001,25533.625
7.533122238000001,25533.625
7.535747238000001,25533.625
7.538371238000001,25533.625
7.540996238000001,25533.625
7.543620238000001,25578.75
7.546245238000001,25578.75
7.548869238000001,25578.75
7.551494238,25578.75
7.554118238,25578.75
7.556743238,25578.75
7.559367238,25578.75
7.561992238,25578.75
7.564616238,25578.75
7.567241238,25533.625
7.569865238,25533.625
7.572490238,25533.625
7.575114238,25533.625
7.577739238,25533.625
7.580363238,25533.625
7.582988238,25533.625
7.585612238,25533.625
7.5882372380000005,25533.625
7.5908612380000005,25533.625
7.5934862380000006,25565.875
7.5961102380000005,25565.875
7.598735238000001,25565.875
7.601359238000001,25565.875
7.603984238000001,25565.875
7.606608238000001,25565.875
7.609233238000001,25565.875
7.611857238000001,25565.875
7.614482238000001,25565.875
7.617106238000001,25565.875
7.619731238000001,25572.25
7.622355238000001,25572.25
7.624980238000001,25572.25
7.627604238000001,25572.25
7.630229238,25572.25
7.632854238,25572.25
7.635478238,25572.25
7.638103238,25572.25
7.640727238,25572.25
7.643352238,25572.25
7.645976238,25482.125
7.648601238,25482.125
7.651225238,25482.125
7.653850238,25482.125
7.656474238,25482.125
7.6590992380000005,25482.125
7.661723238,25482.125
7.6643482380000005,25482.125
7.6669722380000005,25482.125
7.669597238000001,25540.0
7.6722212380000006,25540.0
7.674846238000001,25540.0
7.677470238000001,25540.0
7.680095238000001,25540.0
7.682719238000001,25540.0
7.685344238000001,25540.0
7.687968238000001,25540.0
7.690593238000001,25540.0
7.693217238000001,25540.0
7.695842238000001,25617.375
7.698466238000001,25617.375
7.701091238,25617.375
7.703715238000001,25617.375
7.706340238,25617.375
7.708964238,25617.375
7.711589238,25617.375
7.714213238,25617.375
7.716838238,25617.375
7.719462238,25617.375
7.722087238,25520.75
7.724711238,25520.75
7.727336238,25520.75
7.729960238,25520.75
7.732585238,25520.75
7.735209238,25520.75
7.7378342380000005,25520.75
7.740458238,25520.75
7.7430832380000005,25520.75
7.745708238000001,25417.625
7.748332238000001,25417.625
7.750957238000001,25417.625
7.753581238000001,25417.625
7.756206238000001,25417.625
7.758830238000001,25417.625
7.761455238000001,25417.625
7.764079238000001,25417.625
7.766704238000001,25417.625
7.769328238000001,25417.625
7.771953238,25488.5
7.774577238000001,25488.5
7.777202238,25488.5
7.779826238,25488.5
7.782451238,25488.5
7.785075238,25488.5
7.787700238,25488.5
7.790324238,25488.5
7.792949238,25488.5
7.795573238,25488.5
7.798198238,25475.625
7.800822238,25475.625
7.803447238,25475.625
7.806071238,25475.625
7.8086962380000005,25475.625
7.811320238,25475.625
7.8139452380000005,25475.625
7.8165692380000005,25475.625
7.819194238000001,25475.625
7.8218182380000005,25475.625
7.824443238000001,25430.5
7.827067238000001,25430.5
7.829692238000001,25430.5
7.832316238000001,25430.5
7.834941238000001,25430.5
7.837565238000001,25430.5
7.840190238000001,25430.5
7.842814238000001,25430.5
7.845439238000001,25430.5
7.848063238000001,25385.375
7.850688238000001,25385.375
7.853312238000001,25385.375
7.855937238,25385.375
7.858562238,25385.375
7.861186238,25385.375
7.863811238,25385.375
7.866435238,25385.375
7.869060238,25385.375
7.871684238,25385.375
7.874309238,25333.875
7.876933238,25333.875
7.879558238,25333.875
7.882182238,25333.875
7.8848072380000005,25333.875
7.8874312380000005,25333.875
7.8900562380000006,25333.875
7.8926802380000005,25333.875
7.895305238000001,25333.875
7.897929238000001,25333.875
7.900554238000001,25437.0
7.903178238000001,25437.0
7.905803238000001,25437.0
7.908427238000001,25437.0
7.911052238000001,25437.0
7.913676238000001,25437.0
7.916301238000001,25437.0
7.918925238000001,25437.0
7.921550238000001,25437.0
7.924174238000001,25385.375
7.926799238,25385.375
7.929423238000001,25385.375
7.932048238,25385.375
7.934672238,25385.375
7.937297238,25385.375
7.939921238,25385.375
7.942546238,25385.375
7.945170238,25385.375
7.947795238,25385.375
7.950419238,25230.75
7.953044238,25230.75
7.955668238,25230.75
7.958293238,25230.75
7.960917238,25230.75
7.9635422380000005,25230.75
7.9661662380000005,25230.75
7.9687912380000006,25230.75
7.971416238000001,25230.75
7.974040238000001,25230.75
7.976665238000001,25469.125
7.979289238000001,25469.125
7.981914238000001,25469.125
7.984538238000001,25469.125
7.987163238000001,25469.125
7.989787238000001,25469.125
7.992412238000001,25469.125
7.995036238000001,25469.125
7.997661238,25469.125
8.000285238,25559.375
8.002910238,25559.375
8.005534238000001,25559.375
8.008159238000001,25559.375
8.010783238,25559.375
8.013408238,25559.375
8.016032238000001,25559.375
8.018657238000001,25559.375
8.021281238,25559.375
8.023906238,25559.375
8.026530238000001,25359.625
8.029155238000001,25359.625
8.031779238,25359.625
8.034404238,25359.625
8.037028238000001,25359.625
8.039653238,25359.625
8.042277238,25359.625
8.044902238,25359.625
8.047526238,25359.625
8.050151238,25333.875
8.052775238,25333.875
8.055400238,25333.875
8.058024238,25333.875
8.060649238,25333.875
8.063273238,25333.875
8.065898238,25333.875
8.068522238,25333.875
8.071147238,25333.875
8.073771238,25333.875
8.076396238000001,25333.875
8.079020238,25488.5
8.081645238,25488.5
8.084270238,25488.5
8.086894238000001,25488.5
8.089519238000001,25488.5
8.092143238,25488.5
8.094768238,25488.5
8.097392238000001,25488.5
8.100017238000001,25488.5
8.102641238,25475.625
8.105266238,25475.625
8.107890238000001,25475.625
8.110515238,25475.625
8.113139238,25475.625
8.115764238,25475.625
8.118388238,25475.625
8.121013238,25475.625
8.123637238,25475.625
8.126262238,25475.625
8.128886238,25385.375
8.131511238,25385.375
8.134135238,25385.375
8.136760238,25385.375
8.139384238,25385.375
8.142009238,25385.375
8.144633238,25385.375
8.147258238000001,25385.375
8.149882238,25385.375
8.152507238,25385.375
8.155131238000001,25462.75
8.157756238000001,25462.75
8.160380238,25462.75
8.163005238,25462.75
8.165629238000001,25462.75
8.168254238000001,25462.75
8.170878238,25462.75
8.173503238,25462.75
8.176127238000001,25462.75
8.178752238000001,25540.0
8.181376238,25540.0
8.184001238,25540.0
8.186625238000001,25540.0
8.189250238,25540.0
8.191874238,25540.0
8.194499238,25540.0
8.197124238,25540.0
8.199748238,25540.0
8.202373238,25540.0
8.204997238,25482.125
8.207622238,25482.125
8.210246238,25482.125
8.212871238,25482.125
8.215495238,25482.125
8.218120238000001,25482.125
8.220744238,25482.125
8.223369238,25482.125
8.225993238000001,25482.125
8.228618238000001,25475.625
8.231242238,25475.625
8.233867238,25475.625
8.236491238000001,25475.625
8.239116238000001,25475.625
8.241740238,25475.625
8.244365238,25475.625
8.246989238000001,25475.625
8.249614238000001,25475.625
8.252238238,25475.625
8.254863238,25507.875
8.257487238000001,25507.875
8.260112238000001,25507.875
8.262736238,25507.875
8.265361238,25507.875
8.267985238000001,25507.875
8.270610238,25507.875
8.273234238,25507.875
8.275859238,25507.875
8.278483238,25507.875
8.281108238,25520.75
8.283732238,25520.75
8.286357238,25520.75
8.288981238,25520.75
8.291606238,25520.75
8.294230238,25520.75
8.296855238000001,25520.75
8.299479238,25520.75
8.302104238,25520.75
8.304729238,25520.75
8.307353238000001,25559.375
8.309978238000001,25559.375
8.312602238,25559.375
8.315227238,25559.375
8.317851238000001,25559.375
8.320476238000001,25559.375
8.323100238,25559.375
8.325725238,25559.375
8.328349238000001,25559.375
8.330974238000001,25559.375
8.333598238,25546.5
8.336223238,25546.5
8.338847238000001,25546.5
8.341472238,25546.5
8.344096238,25546.5
8.346721238,25546.5
8.349345238,25546.5
8.351970238,25546.5
8.354594238,25546.5
8.357219238,25514.25
8.359843238,25514.25
8.362468238,25514.25
8.365092238,25514.25
8.367717238000001,25514.25
8.370341238,25514.25
8.372966238,25514.25
8.375590238000001,25514.25
8.378215238000001,25514.25
8.380839238,25514.25
8.383464238,25681.75
8.386088238000001,25681.75
8.388713238000001,25681.75
8.391337238,25681.75
8.393962238,25681.75
8.396586238000001,25681.75
8.399211238000001,25681.75
8.401835238,25681.75
8.404460238,25681.75
8.407084238000001,25797.75
8.409709238000001,25797.75
8.412333238,25797.75
8.414958238,25797.75
8.417583238,25797.75
8.420207238,25797.75
8.422832238,25797.75
8.425456238,25797.75
8.428081238,25797.75
8.430705238,25797.75
8.433330238,25733.375
8.435954238,25733.375
8.438579238,25733.375
8.441203238,25733.375
8.443828238,25733.375
8.446452238000001,25733.375
8.449077238000001,25733.375
8.451701238,25733.375
8.454326238,25733.375
8.456950238000001,25733.375
8.459575238000001,25578.75
8.462199238,25578.75
8.464824238,25578.75
8.467448238000001,25578.75
8.470073238000001,25578.75
8.472697238,25578.75
8.475322238,25578.75
8.477946238000001,25578.75
8.480571238000001,25578.75
8.483195238,25578.75
8.485820238,25675.375
8.488444238000001,25675.375
8.491069238,25675.375
8.493693238,25675.375
8.496318238,25675.375
8.498942238,25675.375
8.501567238,25675.375
8.504191238,25675.375
8.506816238,25675.375
8.509440238,25739.75
8.512065238,25739.75
8.514689238,25739.75
8.517314238,25739.75
8.519938238,25739.75
8.522563238,25739.75
8.525187238000001,25739.75
8.527812238000001,25739.75
8.530437238000001,25739.75
8.533061238,25739.75
8.535686238,25662.5
8.538310238000001,25662.5
8.540935238000001,25662.5
8.543559238,25662.5
8.546184238,25662.5
8.548808238000001,25662.5
8.551433238000001,25662.5
8.554057238,25662.5
8.556682238,25662.5
8.559306238000001,25662.5
8.561931238,25623.75
8.564555238,25623.75
8.567180238,25623.75
8.569804238,25623.75
8.572429238,25623.75
8.575053238,25623.75
8.577678238,25623.75
8.580302238,25623.75
8.582927238,25623.75
8.585551238,25623.75
8.588176238,25623.75
8.590800238,25623.75
8.593425238,25623.75
8.596049238,25623.75
8.598674238000001,25623.75
8.601298238,25623.75
8.603923238,25623.75
8.606547238000001,25623.75
8.609172238000001,25623.75
8.611796238,25501.375
8.614421238,25501.375
8.617045238000001,25501.375
8.619670238000001,25501.375
8.622294238,25501.375
8.624919238,25501.375
8.627543238000001,25501.375
8.630168238000001,25501.375
8.632792238,25501.375
8.635417238,25501.375
8.638041238000001,25456.25
8.640666238,25456.25
8.643291238,25456.25
8.645915238,25456.25
8.648540238,25456.25
8.651164238,25456.25
8.653789238,25456.25
8.656413238,25456.25
8.659038238,25456.25
8.661662238,25456.25
8.664287238,25533.625
8.666911238,25533.625
8.669536238000001,25533.625
8.672160238,25533.625
8.674785238,25533.625
8.677409238000001,25533.625
8.680034238000001,25533.625
8.682658238,25533.625
8.685283238,25533.625
8.687907238000001,25482.125
8.690532238000001,25482.125
8.693156238,25482.125
8.695781238,25482.125
8.698405238000001,25482.125
8.701030238000001,25482.125
8.703654238,25482.125
8.706279238,25482.125
8.708903238000001,25482.125
8.711528238000001,25482.125
8.714152238,25411.25
8.716777238,25411.25
8.719401238,25411.25
8.722026238,25411.25
8.724650238,25411.25
8.727275238,25411.25
8.729899238,25411.25
8.732524238,25411.25
8.735148238,25411.25
8.737773238,25411.25
8.740397238,25520.75
8.743022238,25520.75
8.745646238,25520.75
8.748271238000001,25520.75
8.750895238,25520.75
8.753520238,25520.75
8.756145238,25520.75
8.758769238000001,25520.75
8.761394238000001,25520.75
8.764018238,25585.125
8.766643238,25585.125
8.769267238000001,25585.125
8.771892238000001,25585.125
8.774516238,25585.125
8.777141238,25585.125
8.779765238000001,25585.125
8.782390238000001,25585.125
8.785014238,25585.125
8.787639238,25585.125
8.790263238000001,25482.125
8.792888238,25482.125
8.795512238,25482.125
8.798137238,25482.125
8.800761238,25482.125
8.803386238,25482.125
8.806010238,25482.125
8.808635238,25482.125
8.811259238,25482.125
8.813884238,25482.125
8.816508238,25437.0
8.819133238000001,25437.0
8.821757238,25437.0
8.824382238,25437.0
8.827006238000001,25437.0
8.829631238000001,25437.0
8.832255238,25437.0
8.834880238,25437.0
8.837504238000001,25437.0
8.840129238000001,25553.0
8.842753238,25553.0
8.845378238,25553.0
8.848002238000001,25553.0
8.850627238000001,25553.0
8.853251238,25553.0
8.855876238,25553.0
8.858500238000001,25553.0
8.861125238000001,25553.0
8.863749238,25553.0
8.866374238,25546.5
8.868999238,25546.5
8.871623238,25546.5
8.874248238,25546.5
8.876872238,25546.5
8.879497238,25546.5
8.882121238,25546.5
8.884746238,25546.5
8.887370238,25546.5
8.889995238000001,25546.5
8.892619238,25437.0
8.895244238,25437.0
8.897868238000001,25437.0
8.900493238000001,25437.0
8.903117238,25437.0
8.905742238,25437.0
8.908366238000001,25437.0
8.910991238000001,25437.0
8.913615238,25437.0
8.916240238,25437.0
8.918864238000001,25482.125
8.921489238000001,25482.125
8.924113238,25482.125
8.926738238,25482.125
8.929362238000001,25482.125
8.931987238000001,25482.125
8.934611238,25482.125
8.937236238,25482.125
8.939860238000001,25482.125
8.942485238,25559.375
8.945109238,25559.375
8.947734238,25559.375
8.950358238,25559.375
8.952983238,25559.375
8.955607238,25559.375
8.958232238,25559.375
8.960856238,25559.375
8.963481238,25559.375
8.966105238,25559.375
8.968730238000001,25456.25
8.971354238,25456.25
8.973979238,25456.25
8.976604238,25456.25
8.979228238000001,25456.25
8.981853238000001,25456.25
8.984477238,25456.25
8.987102238,25456.25
8.989726238000001,25456.25
8.992351238000001,25456.25
8.994975238,25321.0
8.997600238,25321.0
9.000224238000001,25321.0
9.002849238000001,25321.0
9.005473238,25321.0
9.008098238,25321.0
9.010722238000001,25321.0
9.013347238,25321.0
9.015971238,25321.0
9.018596238,25449.875
9.021220238,25449.875
9.023845238,25449.875
9.026469238,25449.875
9.029094238,25449.875
9.031718238,25449.875
9.034343238,25449.875
9.036967238,25449.875
9.039592238000001,25449.875
9.042216238,25449.875
9.044841238,25443.375
9.047465238000001,25443.375
9.050090238000001,25443.375
9.052714238,25443.375
9.055339238,25443.375
9.057963238000001,25443.375
9.060588238000001,25443.375
9.063212238,25443.375
9.065837238,25443.375
9.068461238000001,25385.375
9.071086238000001,25385.375
9.073710238,25385.375
9.076335238,25385.375
9.078959238000001,25385.375
9.081584238000001,25385.375
9.084208238,25385.375
9.086833238,25385.375
9.089458238,25385.375
9.092082238,25385.375
9.094707238,25449.875
9.097331238,25449.875
9.099956238,25449.875
9.102580238,25449.875
9.105205238,25449.875
9.107829238,25449.875
9.110454238,25449.875
9.113078238,25449.875
9.115703238,25449.875
9.118327238000001,25449.875
9.120952238000001,25366.125
9.123576238,25366.125
9.126201238,25366.125
9.128825238000001,25366.125
9.131450238000001,25366.125
9.134074238,25366.125
9.136699238,25366.125
9.139323238000001,25366.125
9.141948238000001,25366.125
9.144572238,25366.125
9.147197238,25346.75
9.149821238000001,25346.75
9.152446238000001,25346.75
9.155070238,25346.75
9.157695238,25346.75
9.160319238000001,25346.75
9.162944238,25346.75
9.165568238,25346.75
9.168193238,25346.75
9.170817238,25346.75
9.173442238,25514.25
9.176066238,25514.25
9.178691238,25514.25
9.181315238,25514.25
9.183940238,25514.25
9.186564238,25514.25
9.189189238,25514.25
9.191813238,25514.25
9.194438238,25514.25
9.197062238000001,25514.25
9.199687238000001,25514.25
9.202312238000001,25514.25
9.204936238,25514.25
9.207561238,25514.25
9.210185238000001,25514.25
9.212810238000001,25514.25
9.215434238,25514.25
9.218059238,25514.25
9.220683238000001,25514.25
9.223308238000001,25411.25
9.225932238,25411.25
9.228557238,25411.25
9.231181238000001,25411.25
9.233806238000001,25411.25
9.236430238,25411.25
9.239055238,25411.25
9.241679238000001,25411.25
9.244304238,25411.25
9.246928238,25501.375
9.249553238,25501.375
9.252177238,25501.375
9.254802238,25501.375
9.257426238,25501.375
9.260051238,25501.375
9.262675238,25501.375
9.265300238,25501.375
9.267924238,25501.375
9.270549238000001,25501.375
9.273173238,25585.125
9.275798238,25585.125
9.278422238000001,25585.125
9.281047238000001,25585.125
9.283671238,25585.125
9.286296238,25585.125
9.288920238000001,25585.125
9.291545238000001,25585.125
9.294169238,25585.125
9.296794238,25585.125
9.299418238000001,25553.0
9.302043238000001,25553.0
9.304667238,25553.0
9.307292238,25553.0
9.309916238000001,25553.0
9.312541238000001,25553.0
9.315166238,25553.0
9.317790238,25553.0
9.320415238,25553.0
9.323039238,25553.0
9.325664238,25527.125
9.328288238,25527.125
9.330913238,25527.125
9.333537238,25527.125
9.336162238,25527.125
9.338786238,25527.125
9.341411238000001,25527.125
9.344035238,25527.125
9.346660238,25527.125
9.349284238000001,25456.25
9.351909238000001,25456.25
9.354533238,25456.25
9.357158238,25456.25
9.359782238000001,25456.25
9.362407238000001,25456.25
9.365031238,25456.25
9.367656238,25456.25
9.370280238000001,25456.25
9.372905238000001,25456.25
9.375529238,25462.75
9.378154238,25462.75
9.380778238000001,25462.75
9.383403238000001,25462.75
9.386027238,25462.75
9.388652238,25462.75
9.391276238000001,25462.75
9.393901238,25462.75
9.396525238,25462.75
9.399150238,25462.75
9.401774238,25604.5
9.404399238,25604.5
9.407023238,25604.5
9.409648238,25604.5
9.412272238,25604.5
9.414897238,25604.5
9.417521238,25604.5
9.420146238000001,25604.5
9.422770238,25604.5
9.425395238,25443.375
9.428020238,25443.375
9.430644238000001,25443.375
9.433269238000001,25443.375
9.435893238,25443.375
9.438518238,25443.375
9.441142238000001,25443.375
9.443767238000001,25443.375
9.446391238,25443.375
9.449016238,25443.375
9.451640238000001,25269.5
9.454265238000001,25269.5
9.456889238,25269.5
9.459514238,25269.5
9.462138238000001,25269.5
9.464763238,25269.5
9.467387238,25269.5
9.470012238,25269.5
9.472636238,25269.5
9.475261238,25269.5
9.477885238,25585.125
9.480510238,25585.125
9.483134238,25585.125
9.485759238,25585.125
9.488383238,25585.125
9.491008238000001,25585.125
9.493632238,25585.125
9.496257238,25585.125
9.498881238000001,25585.125
9.501506238000001,25585.125
9.504130238,25578.75
9.506755238,25578.75
9.509379238000001,25578.75
9.512004238000001,25578.75
9.514628238,25578.75
9.517253238,25578.75
9.519877238000001,25578.75
9.522502238000001,25578.75
9.525126238,25578.75
9.527751238,25282.375
9.530375238000001,25282.375
9.533000238000001,25282.375
9.535624238,25282.375
9.538249238,25282.375
9.540874238,25282.375
9.543498238,25282.375
9.546123238,25282.375
9.548747238,25282.375
9.551372238,25282.375
9.553996238,25398.25
9.556621238,25398.25
9.559245238,25398.25
9.561870238000001,25398.25
9.564494238,25398.25
9.567119238,25398.25
9.569743238000001,25398.25
9.572368238000001,25398.25
9.574992238,25398.25
9.577617238,25398.25
9.580241238000001,25469.125
9.582866238000001,25469.125
9.585490238,25469.125
9.588115238,25469.125
9.590739238000001,25469.125
9.593364238000001,25469.125
9.595988238,25469.125
9.598613238,25469.125
9.601237238000001,25469.125
9.603862238000001,25359.625
9.606486238,25359.625
9.609111238,25359.625
9.611735238000001,25359.625
9.614360238,25359.625
9.616984238,25359.625
9.619609238,25359.625
9.622233238,25359.625
9.624858238,25359.625
9.627482238,25359.625
9.630107238,25391.875
9.632731238,25391.875
9.635356238,25391.875
9.637980238,25391.875
9.640605238000001,25391.875
9.643229238,25391.875
9.645854238,25391.875
9.648479238,25391.875
9.651103238000001,25391.875
9.653728238000001,25391.875
9.656352238,25430.5
9.658977238,25430.5
9.661601238000001,25430.5
9.664226238000001,25430.5
9.666850238,25430.5
9.669475238,25430.5
9.672099238000001,25430.5
9.674724238000001,25430.5
9.677348238,25430.5
9.679973238,25430.5
9.682597238000001,25430.5
9.685222238000001,25430.5
9.687846238,25430.5
9.690471238,25430.5
9.693095238,25430.5
9.695720238,25430.5
9.698344238,25430.5
9.700969238,25430.5
9.703593238,25430.5
9.706218238,25417.625
9.708842238,25417.625
9.711467238000001,25417.625
9.714091238,25417.625
9.716716238,25417.625
9.719340238000001,25417.625
9.721965238000001,25417.625
9.724589238,25417.625
9.727214238,25417.625
9.729838238000001,25417.625
9.732463238000001,25417.625
9.735087238,25417.625
9.737712238,25417.625
9.740336238000001,25417.625
9.742961238000001,25417.625
9.745585238,25417.625
9.748210238,25417.625
9.750834238000001,25417.625
9.753459238000001,25417.625
9.756083238,25417.625
9.758708238,25533.625
9.761333238,25533.625
9.763957238000001,25533.625
9.766582238,25533.625
9.769206238,25533.625
9.771831238,25533.625
9.774455238,25533.625
9.777080238,25533.625
9.779704238,25533.625
9.782329238,25668.875
9.784953238,25668.875
9.787578238,25668.875
9.790202238000001,25668.875
9.792827238000001,25668.875
9.795451238,25668.875
9.798076238,25668.875
9.800700238000001,25668.875
9.803325238000001,25668.875
9.805949238,25668.875
9.808574238,25617.375
9.811198238000001,25617.375
9.813823238000001,25617.375
9.816447238,25617.375
9.819072238,25617.375
9.821696238000001,25617.375
9.824321238000001,25617.375
9.826945238,25617.375
9.829570238,25617.375
9.832194238000001,25617.375
9.834819238000001,25514.25
9.837443238,25514.25
9.840068238,25514.25
9.842692238000001,25514.25
9.845317238,25514.25
9.847941238,25514.25
9.850566238,25514.25
9.853190238,25514.25
9.855815238,25514.25
9.858439238,25610.875
9.861064238,25610.875
9.863688238,25610.875
9.866313238,25610.875
9.868937238000001,25610.875
9.871562238000001,25610.875
9.874187238000001,25610.875
9.876811238,25610.875
9.879436238,25610.875
9.882060238000001,25610.875
9.884685238000001,25649.625
9.887309238,25649.625
9.889934238,25649.625
9.892558238000001,25649.625
9.895183238000001,25649.625
9.897807238,25649.625
9.900432238,25649.625
9.903056238000001,25649.625
9.905681238000001,25649.625
9.908305238,25578.75
9.910930238,25578.75
9.913554238000001,25578.75
9.916179238,25578.75
9.918803238,25578.75
9.921428238,25578.75
9.924052238,25578.75
9.926677238,25578.75
9.929301238,25578.75
9.931926238,25578.75
9.934550238,25501.375
9.937175238,25501.375
9.939799238,25501.375
9.942424238000001,25501.375
9.945048238,25501.375
9.947673238,25501.375
9.950297238000001,25501.375
9.952922238000001,25501.375
9.955546238,25501.375
9.958171238,25501.375
9.960795238000001,25559.375
9.963420238000001,25559.375
9.966044238,25559.375
9.968669238,25559.375
9.971293238000001,25559.375
9.973918238000001,25559.375
9.976542238,25559.375
9.979167238,25559.375
9.981791238000001,25559.375
9.984416238000001,25559.375
9.987041238,25578.75
9.989665238,25578.75
9.992290238,25578.75
9.994914238,25578.75
9.997539238,25578.75
10.000163238,25578.75
10.002788238,25578.75
10.005412238,25578.75
10.008037238,25578.75
10.010661238,25578.75
10.013286238000001,25533.625
10.015910238,25533.625
10.018535238,25533.625
10.021159238000001,25533.625
10.023784238000001,25533.625
10.026408238,25533.625
10.029033238,25533.625
10.031657238000001,25533.625
10.034282238000001,25533.625
10.036906238,25546.5
10.039531238,25546.5
10.042155238000001,25546.5
10.044780238000001,25546.5
10.047404238,25546.5
10.050029238,25546.5
10.052653238000001,25546.5
10.055278238000001,25546.5
10.057902238,25546.5
10.060527238,25546.5
10.063151238000001,25482.125
10.065776238,25482.125
10.068400238,25482.125
10.071025238,25482.125
10.073649238,25482.125
10.076274238,25482.125
10.078898238,25482.125
10.081523238,25482.125
10.084147238,25482.125
10.086772238,25475.625
10.089396238,25475.625
10.092021238000001,25475.625
10.094645238,25475.625
10.097270238,25475.625
10.099895238,25475.625
10.102519238000001,25475.625
10.105144238000001,25475.625
10.107768238,25475.625
10.110393238,25475.625
10.113017238000001,25495.0
10.115642238000001,25495.0
10.118266238,25495.0
10.120891238,25495.0
10.123515238000001,25495.0
10.126140238000001,25495.0
10.128764238,25495.0
10.131389238,25495.0
10.134013238000001,25495.0
10.136638238,25495.0
10.139262238,25411.25
10.141887238,25411.25
10.144511238,25411.25
10.147136238,25411.25
10.149760238,25411.25
10.152385238,25411.25
10.155009238,25411.25
10.157634238,25411.25
10.160258238,25411.25
10.162883238000001,25411.25
10.165507238,25385.375
10.168132238,25385.375
10.170756238000001,25385.375
10.173381238000001,25385.375
10.176005238,25385.375
10.178630238,25385.375
10.181254238000001,25385.375
10.183879238000001,25385.375
10.186503238,25385.375
10.189128238,25533.625
10.191752238000001,25533.625
10.194377238000001,25533.625
10.197001238,25533.625
10.199626238,25533.625
10.202250238000001,25533.625
10.204875238000001,25533.625
10.207499238,25533.625
10.210124238,25533.625
10.212749238,25533.625
10.215373238000002,25591.625
10.217998238,25591.625
10.220622238,25591.625
10.223247238,25591.625
10.225871238,25591.625
10.228496238,25591.625
10.231120238,25591.625
10.233745238000001,25591.625
10.236369238,25591.625
10.238994238,25591.625
10.241618238000001,25475.625
10.244243238000001,25475.625
10.246867238,25475.625
10.249492238,25475.625
10.252116238000001,25475.625
10.254741238000001,25475.625
10.257365238,25475.625
10.259990238,25475.625
10.262614238000001,25475.625
10.265239238000001,25469.125
10.267863238,25469.125
10.270488238,25469.125
10.273112238000001,25469.125
10.275737238000001,25469.125
10.278361238,25469.125
10.280986238,25469.125
10.283610238000001,25469.125
10.286235238000002,25469.125
10.288859238,25469.125
10.291484238,25617.375
10.294108238000002,25617.375
10.296733238,25617.375
10.299357238,25617.375
10.301982238,25617.375
10.304606238,25617.375
10.307231238,25617.375
10.309855238,25617.375
10.312480238000001,25617.375
10.315104238,25617.375
10.317729238,25578.75
10.320354238,25578.75
10.322978238000001,25578.75
10.325603238000001,25578.75
10.328227238,25578.75
10.330852238,25578.75
10.333476238000001,25578.75
10.336101238000001,25578.75
10.338725238,25578.75
10.341350238,25578.75
10.343974238000001,25527.125
10.346599238000001,25527.125
10.349223238,25527.125
10.351848238,25527.125
10.354472238000001,25527.125
10.357097238000001,25527.125
10.359721238,25527.125
10.362346238,25527.125
10.364970238000002,25527.125
10.367595238,25617.375
10.370219238,25617.375
10.372844238,25617.375
10.375468238,25617.375
10.378093238,25617.375
10.380717238,25617.375
10.383342238000001,25617.375
10.385966238,25617.375
10.388591238,25617.375
10.391215238000001,25617.375
10.393840238000001,25617.375
10.396464238,25617.375
10.399089238,25617.375
10.401713238000001,25617.375
10.404338238000001,25617.375
10.406962238,25617.375
10.409587238,25617.375
10.412211238000001,25617.375
10.414836238000001,25617.375
10.417460238,25617.375
10.420085238,25469.125
10.422709238000001,25469.125
10.425334238000001,25469.125
10.427958238,25469.125
10.430583238,25469.125
10.433208238,25469.125
10.435832238000001,25469.125
10.438457238,25469.125
10.441081238,25469.125
10.443706238,25475.625
10.446330238,25475.625
10.448955238,25475.625
10.451579238,25475.625
10.454204238,25475.625
10.456828238,25475.625
10.459453238,25475.625
10.462077238000001,25475.625
10.464702238000001,25475.625
10.467326238,25475.625
10.469951238,25598.0
10.472575238000001,25598.0
10.475200238000001,25598.0
10.477824238,25598.0
10.480449238,25598.0
10.483073238000001,25598.0
10.485698238000001,25598.0
10.488322238,25598.0
10.490947238,25598.0
10.493571238000001,25598.0
10.496196238000001,25475.625
10.498820238,25475.625
10.501445238,25475.625
10.504069238000001,25475.625
10.506694238000001,25475.625
10.509318238,25475.625
10.511943238,25475.625
10.514567238000001,25475.625
10.517192238,25475.625
10.519816238,25353.25
10.522441238,25353.25
10.525065238,25353.25
10.527690238,25353.25
10.530314238,25353.25
10.532939238,25353.25
10.535563238,25353.25
10.538188238,25353.25
10.540812238000001,25353.25
10.543437238000001,25353.25
10.546062238000001,25527.125
10.548686238,25527.125
10.551311238,25527.125
10.553935238000001,25527.125
10.556560238000001,25527.125
10.559184238,25527.125
10.561809238,25527.125
10.564433238000001,25527.125
10.567058238000001,25527.125
10.569682238,25527.125
10.572307238,25507.875
10.574931238000001,25507.875
10.577556238000001,25507.875
10.580180238,25507.875
10.582805238,25507.875
10.585429238000001,25507.875
10.588054238,25507.875
10.590678238,25507.875
10.593303238,25507.875
10.595927238,25507.875
10.598552238,25417.625
10.601176238,25417.625
10.603801238,25417.625
10.606425238,25417.625
10.609050238,25417.625
10.611674238,25417.625
10.614299238000001,25417.625
10.616923238,25417.625
10.619548238,25417.625
10.622172238000001,25501.375
10.624797238000001,25501.375
10.627421238,25501.375
10.630046238,25501.375
10.632670238000001,25501.375
10.635295238000001,25501.375
10.637919238,25501.375
10.640544238,25501.375
10.643168238000001,25501.375
10.645793238000001,25501.375
10.648417238,25495.0
10.651042238,25495.0
10.653666238000001,25495.0
10.656291238000001,25495.0
10.658916238000002,25495.0
10.661540238,25495.0
10.664165238,25495.0
10.666789238,25495.0
10.669414238,25495.0
10.672038238,25495.0
10.674663238,25456.25
10.677287238,25456.25
10.679912238,25456.25
10.682536238,25456.25
10.685161238000001,25456.25
10.687785238,25456.25
10.690410238,25456.25
10.693034238000001,25456.25
10.695659238000001,25456.25
10.698283238,25514.25
10.700908238,25514.25
10.703532238000001,25514.25
10.706157238000001,25514.25
10.708781238,25514.25
10.711406238,25514.25
10.714030238000001,25514.25
10.716655238000001,25514.25
10.719279238,25514.25
10.721904238,25514.25
10.724528238000001,25488.5
10.727153238000001,25488.5
10.729777238,25488.5
10.732402238,25488.5
10.735026238000001,25488.5
10.737651238000002,25488.5
10.740275238,25488.5
10.742900238,25488.5
10.745524238,25488.5
10.748149238,25391.875
10.750773238,25391.875
10.753398238,25391.875
10.756022238,25391.875
10.758647238,25391.875
10.761271238,25391.875
10.763896238000001,25391.875
10.766520238,25391.875
10.769145238,25391.875
10.771770238,25391.875
10.774394238000001,25469.125
10.777019238000001,25469.125
10.779643238,25469.125
10.782268238,25469.125
10.784892238000001,25469.125
10.787517238000001,25469.125
10.790141238,25469.125
10.792766238,25469.125
10.795390238000001,25469.125
10.798015238000001,25469.125
10.800639238,25559.375
10.803264238,25559.375
10.805888238000001,25559.375
10.808513238000002,25559.375
10.811137238,25559.375
10.813762238,25559.375
10.816386238000002,25559.375
10.819011238,25559.375
10.821635238,25559.375
10.824260238,25559.375
10.826884238,25495.0
10.829509238,25495.0
10.832133238,25495.0
10.834758238000001,25495.0
10.837382238,25495.0
10.840007238,25495.0
10.842631238000001,25495.0
10.845256238000001,25495.0
10.847880238,25495.0
10.850505238,25495.0
10.853129238000001,25411.25
10.855754238000001,25411.25
10.858378238,25411.25
10.861003238,25411.25
10.863627238000001,25411.25
10.866252238000001,25411.25
10.868876238,25411.25
10.871501238,25411.25
10.874125238000001,25411.25
10.876750238000001,25443.375
10.879374238,25443.375
10.881999238,25443.375
10.884624238,25443.375
10.887248238000002,25443.375
10.889873238,25443.375
10.892497238,25443.375
10.895122238,25443.375
10.897746238,25443.375
10.900371238,25443.375
10.902995238,25443.375
10.905620238000001,25443.375
10.908244238,25443.375
10.910869238,25443.375
10.913493238000001,25443.375
10.916118238000001,25443.375
10.918742238,25443.375
10.921367238,25443.375
10.923991238000001,25443.375
10.926616238000001,25443.375
10.929240238,25443.375
10.931865238,25443.375
10.934489238000001,25443.375
10.937114238000001,25443.375
10.939738238,25443.375
10.942363238,25443.375
10.944987238000001,25443.375
10.947612238000001,25443.375
10.950236238,25443.375
10.952861238,25437.0
10.955485238000001,25437.0
10.958110238000002,25437.0
10.960734238,25437.0
10.963359238,25437.0
10.965983238000002,25437.0
10.968608238,25437.0
10.971232238,25437.0
10.973857238,25437.0
10.976481238,25437.0
10.979106238,25391.875
10.981730238,25391.875
10.984355238000001,25391.875
10.986979238,25391.875
10.989604238,25391.875
10.992229238,25391.875
10.994853238000001,25391.875
10.997478238000001,25391.875
11.000102238,25391.875
11.002727238,25391.875
11.005351238000001,25430.5
11.007976238000001,25430.5
11.010600238,25430.5
11.013225238,25430.5
11.015849238000001,25430.5
11.018474238000001,25430.5
11.021098238,25430.5
11.023723238,25430.5
11.026347238000001,25430.5
11.028972238000001,25398.25
11.031596238,25398.25
11.034221238,25398.25
11.036845238000002,25398.25
11.039470238,25398.25
11.042094238,25398.25
11.044719238,25398.25
11.047343238,25398.25
11.049968238,25398.25
11.052592238,25398.25
11.055217238000001,25327.375
11.057841238,25327.375
11.060466238,25327.375
11.063090238000001,25327.375
11.065715238000001,25327.375
11.068339238,25327.375
11.070964238,25327.375
11.073588238000001,25327.375
11.076213238000001,25327.375
11.078837238,25327.375
11.081462238,25507.875
11.084086238000001,25507.875
11.086711238000001,25507.875
11.089335238,25507.875
11.091960238,25507.875
11.094584238000001,25507.875
11.097209238000001,25507.875
11.099833238,25507.875
11.102458238,25507.875
11.105083238,25469.125
11.107707238000001,25469.125
11.110332238,25469.125
11.112956238,25469.125
11.115581238,25469.125
11.118205238,25469.125
11.120830238,25469.125
11.123454238,25469.125
11.126079238,25469.125
11.128703238,25469.125
11.131328238,25495.0
11.133952238000001,25495.0
11.136577238000001,25495.0
11.139201238,25495.0
11.141826238,25495.0
11.144450238000001,25495.0
11.147075238000001,25495.0
11.149699238,25495.0
11.152324238,25495.0
11.154948238000001,25495.0
11.157573238000001,25617.375
11.160197238,25617.375
11.162822238,25617.375
11.165446238000001,25617.375
11.168071238000001,25617.375
11.170695238,25617.375
11.173320238,25617.375
11.175944238000001,25617.375
11.178569238000001,25617.375
11.181193238,25617.375
11.183818238,25636.75
11.186442238000001,25636.75
11.189067238000002,25636.75
11.191691238,25636.75
11.194316238,25636.75
11.196940238,25636.75
11.199565238,25636.75
11.202189238,25636.75
11.204814238,25636.75
11.207438238,25617.375
11.210063238,25617.375
11.212687238000001,25617.375
11.215312238000001,25617.375
11.217937238000001,25617.375
11.220561238,25617.375
11.223186238,25617.375
11.225810238000001,25617.375
11.228435238000001,25617.375
11.231059238,25617.375
11.233684238,25591.625
11.236308238000001,25591.625
11.238933238000001,25591.625
11.241557238,25591.625
11.244182238,25591.625
11.246806238000001,25591.625
11.249431238000001,25591.625
11.252055238,25591.625
11.254680238,25591.625
11.257304238000001,25591.625
11.259929238000002,25540.0
11.262553238,25540.0
11.265178238,25540.0
11.267802238000002,25540.0
11.270427238,25540.0
11.273051238,25540.0
11.275676238,25540.0
11.278300238,25540.0
11.280925238,25540.0
11.283549238,25553.0
11.286174238000001,25553.0
11.288798238,25553.0
11.291423238,25553.0
11.294047238000001,25553.0
11.296672238000001,25553.0
11.299296238,25553.0
11.301921238,25553.0
11.304545238000001,25553.0
11.307170238000001,25553.0
11.309794238,25514.25
11.312419238,25514.25
11.315043238000001,25514.25
11.317668238000001,25514.25
11.320292238,25514.25
11.322917238,25514.25
11.325541238000001,25514.25
11.328166238000001,25514.25
11.330791238000002,25514.25
11.333415238,25514.25
11.336040238,25391.875
11.338664238000002,25391.875
11.341289238,25391.875
11.343913238,25391.875
11.346538238,25391.875
11.349162238,25391.875
11.351787238,25391.875
11.354411238,25391.875
11.357036238000001,25391.875
11.359660238,25391.875
11.362285238,25353.25
11.364909238000001,25353.25
11.367534238000001,25353.25
11.370158238,25353.25
11.372783238,25353.25
11.375407238000001,25353.25
11.378032238000001,25353.25
11.380656238,25353.25
11.383281238,25353.25
11.385905238000001,25449.875
11.388530238000001,25449.875
11.391154238,25449.875
11.393779238,25449.875
11.396403238000001,25449.875
11.399028238000001,25449.875
11.401652238,25449.875
11.404277238,25449.875
11.406901238000001,25449.875
11.409526238000002,25449.875
11.412150238,25469.125
11.414775238,25469.125
11.417399238000002,25469.125
11.420024238,25469.125
11.422648238,25469.125
11.425273238,25469.125
11.427897238,25469.125
11.430522238,25469.125
11.433146238,25469.125
11.435771238000001,25469.125
11.438395238,25411.25
11.441020238,25411.25
11.443645238,25411.25
11.446269238000001,25411.25
11.448894238000001,25411.25
11.451518238,25411.25
11.454143238,25411.25
11.456767238000001,25411.25
11.459392238000001,25411.25
11.462016238,25456.25
11.464641238,25456.25
11.467265238000001,25456.25
11.469890238000001,25456.25
11.472514238,25456.25
11.475139238,25456.25
11.477763238000001,25456.25
11.480388238000002,25456.25
11.483012238,25456.25
11.485637238,25456.25
11.488261238000002,25507.875
11.490886238,25507.875
11.493510238,25507.875
11.496135238,25507.875
11.498759238,25507.875
11.501384238,25507.875
11.504008238,25507.875
11.506633238000001,25507.875
11.509257238,25507.875
11.511882238,25507.875
11.514506238000001,25495.0
11.517131238000001,25495.0
11.519755238,25495.0
11.522380238,25495.0
11.525004238000001,25495.0
11.527629238000001,25495.0
11.530253238,25495.0
11.532878238,25495.0
11.535502238000001,25495.0
11.538127238000001,25540.0
11.540751238,25540.0
11.543376238,25540.0
11.546000238000001,25540.0
11.548625238000001,25540.0
11.551249238,25540.0
11.553874238,25540.0
11.556499238,25540.0
11.559123238000002,25540.0
11.561748238,25540.0
11.564372238,25623.75
11.566997238,25623.75
11.569621238,25623.75
11.572246238,25623.75
11.574870238,25623.75
11.577495238000001,25623.75
11.580119238,25623.75
11.582744238,25623.75
11.585368238000001,25623.75
11.587993238000001,25623.75
11.590617238,25623.75
11.593242238,25623.75
11.595866238000001,25623.75
11.598491238000001,25623.75
11.601115238,25623.75
11.603740238,25623.75
11.606364238000001,25623.75
11.608989238000001,25623.75
11.611613238,25623.75
11.614238238,25623.75
11.616862238000001,25604.5
11.619487238000001,25604.5
11.622111238,25604.5
11.624736238,25604.5
11.627360238000001,25604.5
11.629985238000002,25604.5
11.632609238,25604.5
11.635234238,25604.5
11.637858238000002,25604.5
11.640483238,25636.75
11.643107238,25636.75
11.645732238,25636.75
11.648356238,25636.75
11.650981238,25636.75
11.653605238,25636.75
11.656230238000001,25636.75
11.658854238,25636.75
11.661479238,25636.75
11.664104238,25636.75
11.666728238000001,25643.125
11.669353238000001,25643.125
11.671977238,25643.125
11.674602238,25643.125
11.677226238000001,25643.125
11.679851238000001,25643.125
11.682475238,25643.125
11.685100238,25643.125
11.687724238000001,25643.125
11.690349238000001,25643.125
11.692973238,25623.75
11.695598238,25623.75
11.698222238000001,25623.75
11.700847238000001,25623.75
11.703471238,25623.75
11.706096238,25623.75
11.708720238000002,25623.75
11.711345238000002,25623.75
11.713969238,25623.75
11.716594238,25649.625
11.719218238,25649.625
11.721843238,25649.625
11.724467238,25649.625
11.727092238000001,25649.625
11.729716238,25649.625
11.732341238,25649.625
11.734965238000001,25649.625
11.737590238000001,25649.625
11.740214238,25649.625
11.742839238,25688.25
11.745463238000001,25688.25
11.748088238000001,25688.25
11.750712238,25688.25
11.753337238,25688.25
11.755961238000001,25688.25
11.758586238000001,25688.25
11.761210238,25688.25
11.763835238,25688.25
11.766459238000001,25675.375
11.769084238000001,25675.375
11.771708238,25675.375
11.774333238,25675.375
11.776958238,25675.375
11.779582238000001,25675.375
11.782207238000002,25675.375
11.784831238,25675.375
11.787456238,25675.375
11.790080238000002,25675.375
11.792705238,25694.625
11.795329238,25694.625
11.797954238,25694.625
11.800578238,25694.625
11.803203238,25694.625
11.805827238000001,25694.625
11.808452238000001,25694.625
11.811076238,25694.625
11.813701238,25694.625
11.816325238000001,25694.625
11.818950238000001,25759.125
11.821574238,25759.125
11.824199238,25759.125
11.826823238000001,25759.125
11.829448238000001,25759.125
11.832072238,25759.125
11.834697238,25759.125
11.837321238000001,25759.125
11.839946238000001,25759.125
11.842570238,25759.125
11.845195238,25778.5
11.847819238000001,25778.5
11.850444238000001,25778.5
11.853068238,25778.5
11.855693238,25778.5
11.858317238000001,25778.5
11.860942238000002,25778.5
11.863566238,25778.5
11.866191238,25778.5
11.868815238000002,25778.5
11.871440238,25720.5
11.874064238,25720.5
11.876689238,25720.5
11.879313238,25720.5
11.881938238,25720.5
11.884562238000001,25720.5
11.887187238000001,25720.5
11.889812238000001,25720.5
11.892436238,25720.5
11.895061238,25733.375
11.897685238000001,25733.375
11.900310238000001,25733.375
11.902934238,25733.375
11.905559238,25733.375
11.908183238000001,25733.375
11.910808238000001,25733.375
11.913432238,25733.375
11.916057238,25733.375
11.918681238000001,25733.375
11.921306238000001,25797.75
11.923930238,25797.75
11.926555238,25797.75
11.929179238000001,25797.75
11.931804238000002,25797.75
11.934428238,25797.75
11.937053238,25797.75
11.939677238000002,25797.75
11.942302238,25797.75
11.944926238,25784.875
11.947551238,25784.875
11.950175238,25784.875
11.952800238,25784.875
11.955424238,25784.875
11.958049238000001,25784.875
11.960673238,25784.875
11.963298238,25784.875
11.965922238000001,25784.875
11.968547238000001,25784.875
11.971171238,25739.75
11.973796238,25739.75
11.976420238000001,25739.75
11.979045238000001,25739.75
11.981669238,25739.75
11.984294238,25739.75
11.986918238000001,25739.75
11.989543238000001,25739.75
11.992167238,25739.75
11.994792238,25739.75
11.997416238000001,25765.5
12.000041238000001,25765.5
12.002666238000002,25765.5
12.005290238,25765.5
12.007915238,25765.5
12.010539238000002,25765.5
12.013164238,25765.5
12.015788238,25765.5
12.018413238,25765.5
12.021037238,25765.5
12.023662238,25791.375
12.026286238,25791.375
12.028911238000001,25791.375
12.031535238,25791.375
12.034160238,25791.375
12.036784238000001,25791.375
12.039409238000001,25791.375
12.042033238,25791.375
12.044658238,25791.375
12.047282238000001,25726.875
12.049907238000001,25726.875
12.052531238,25726.875
12.055156238,25726.875
12.057780238000001,25726.875
12.060405238000001,25726.875
12.063029238,25726.875
12.065654238,25726.875
12.068278238000001,25726.875
12.070903238000001,25726.875
12.073527238,25681.75
12.076152238,25681.75
12.078776238000001,25681.75
12.081401238000002,25681.75
12.084025238,25681.75
12.086650238,25681.75
12.089274238000002,25681.75
12.091899238,25681.75
12.094523238,25681.75
12.097148238,25681.75
12.099772238,25746.25
12.102397238,25746.25
12.105021238,25746.25
12.107646238000001,25746.25
12.110270238,25746.25
12.112895238,25746.25
12.115520238,25746.25
12.118144238000001,25746.25
12.120769238000001,25746.25
12.123393238,25752.625
12.126018238,25752.625
12.128642238000001,25752.625
12.131267238000001,25752.625
12.133891238,25752.625
12.136516238,25752.625
12.139140238000001,25752.625
12.141765238000001,25752.625
12.144389238,25752.625
12.147014238,25752.625
12.149638238000001,25662.5
12.152263238000002,25662.5
12.154887238,25662.5
12.157512238,25662.5
12.160136238000002,25662.5
12.162761238000002,25662.5
12.165385238,25662.5
12.168010238,25662.5
12.170634238,25662.5
12.173259238,25662.5
12.175883238,25578.75
12.178508238000001,25578.75
12.181132238,25578.75
12.183757238,25578.75
12.186381238000001,25578.75
12.189006238000001,25578.75
12.191630238,25578.75
12.194255238,25578.75
12.196879238000001,25578.75
12.199504238000001,25578.75
12.202128238,25598.0
12.204753238,25598.0
12.207377238000001,25598.0
12.210002238000001,25598.0
12.212626238,25598.0
12.215251238,25598.0
12.217875238000001,25598.0
12.220500238000001,25598.0
12.223124238,25598.0
12.225749238,25630.25
12.228374238,25630.25
12.230998238000002,25630.25
12.233623238000002,25630.25
12.236247238,25630.25
12.238872238,25630.25
12.241496238000002,25630.25
12.244121238,25630.25
12.246745238,25630.25
12.249370238000001,25630.25
12.251994238,25604.5
12.254619238,25604.5
12.257243238000001,25604.5
12.259868238000001,25604.5
12.262492238,25604.5
12.265117238,25604.5
12.267741238000001,25604.5
12.270366238000001,25604.5
12.272990238,25604.5
12.275615238,25604.5
12.278239238000001,25565.875
12.280864238000001,25565.875
12.283488238,25565.875
12.286113238,25565.875
12.288737238000001,25565.875
12.291362238000001,25565.875
12.293986238,25565.875
12.296611238,25565.875
12.299235238000001,25565.875
12.301860238000002,25617.375
12.304484238,25617.375
12.307109238,25617.375
12.309733238000002,25617.375
12.312358238000002,25617.375
12.314982238,25617.375
12.317607238,25617.375
12.320231238000002,25617.375
12.322856238,25617.375
12.325480238,25617.375
12.328105238000001,25675.375
12.330729238,25675.375
12.333354238,25675.375
12.335979238,25675.375
12.338603238000001,25675.375
12.341228238000001,25675.375
12.343852238,25675.375
12.346477238,25675.375
12.349101238000001,25675.375
12.351726238000001,25675.375
12.354350238,25701.125
12.356975238,25701.125
12.359599238000001,25701.125
12.362224238000001,25701.125
12.364848238,25701.125
12.367473238,25701.125
12.370097238000001,25701.125
12.372722238000001,25701.125
12.375346238,25701.125
12.377971238,25701.125
12.380595238000002,25778.5
12.383220238000002,25778.5
12.385844238,25778.5
12.388469238,25778.5
12.391093238000002,25778.5
12.393718238,25778.5
12.396342238,25778.5
12.398967238000001,25778.5
12.401591238,25778.5
12.404216238,25772.0
12.406840238000001,25772.0
12.409465238000001,25772.0
12.412089238,25772.0
12.414714238,25772.0
12.417338238000001,25772.0
12.419963238000001,25772.0
12.422587238,25772.0
12.425212238,25772.0
12.427836238000001,25772.0
12.430461238000001,25649.625
12.433085238,25649.625
12.435710238,25649.625
12.438334238000001,25649.625
12.440959238000001,25649.625
12.443583238,25649.625
12.446208238,25649.625
12.448833238,25649.625
12.451457238000001,25649.625
12.454082238000002,25649.625
12.456706238,25585.125
12.459331238,25585.125
12.461955238000002,25585.125
12.464580238,25585.125
12.467204238,25585.125
12.469829238,25585.125
12.472453238,25585.125
12.475078238,25585.125
12.477702238000001,25585.125
12.480327238000001,25701.125
12.482951238,25701.125
12.485576238,25701.125
12.488200238000001,25701.125
12.490825238000001,25701.125
12.493449238,25701.125
12.496074238,25701.125
12.498698238000001,25701.125
12.501323238000001,25701.125
12.503947238,25701.125
12.506572238,25772.0
12.509196238000001,25772.0
12.511821238000001,25772.0
12.514445238,25772.0
12.517070238,25772.0
12.519694238000001,25772.0
12.522319238000001,25772.0
12.524943238,25772.0
12.527568238,25772.0
12.530192238000001,25772.0
12.532817238000002,25784.875
12.535441238,25784.875
12.538066238,25784.875
12.540690238000002,25784.875
12.543315238,25784.875
12.545939238,25784.875
12.548564238,25784.875
12.551188238,25784.875
12.553813238,25784.875
12.556437238000001,25733.375
12.559062238000001,25733.375
12.561687238000001,25733.375
12.564311238,25733.375
12.566936238,25733.375
12.569560238000001,25733.375
12.572185238000001,25733.375
12.574809238,25733.375
12.577434238,25733.375
12.580058238000001,25733.375
12.582683238000001,25707.625
12.585307238,25707.625
12.587932238,25707.625
12.590556238000001,25707.625
12.593181238000001,25707.625
12.595805238,25707.625
12.598430238,25707.625
12.601054238000001,25707.625
12.603679238000002,25707.625
12.606303238,25707.625
12.608928238,25726.875
12.611552238000002,25726.875
12.614177238,25726.875
12.616801238,25726.875
12.619426238,25726.875
12.622050238,25726.875
12.624675238,25726.875
12.627299238,25726.875
12.629924238000001,25726.875
12.632548238,25726.875
12.635173238,25726.875
12.637797238000001,25726.875
12.640422238000001,25726.875
12.643046238,25726.875
12.645671238,25726.875
12.648295238000001,25726.875
12.650920238000001,25726.875
12.653544238,25726.875
12.656169238,25726.875
12.658793238000001,25759.125
12.661418238000001,25759.125
12.664042238,25759.125
12.666667238,25759.125
12.669291238000001,25759.125
12.671916238000001,25759.125
12.674541238000002,25759.125
12.677165238,25759.125
12.679790238,25759.125
12.682414238000002,25759.125
12.685039238000002,25778.5
12.687663238,25778.5
12.690288238,25778.5
12.692912238,25778.5
12.695537238,25778.5
12.698161238,25778.5
12.700786238000001,25778.5
12.703410238,25778.5
12.706035238,25778.5
12.708659238000001,25778.5
12.711284238000001,25759.125
12.713908238,25759.125
12.716533238,25759.125
12.719157238000001,25759.125
12.721782238000001,25759.125
12.724406238,25759.125
12.727031238,25759.125
12.729655238000001,25759.125
12.732280238000001,25759.125
12.734904238,25726.875
12.737529238,25726.875
12.740153238000001,25726.875
12.742778238000001,25726.875
12.745402238,25726.875
12.748027238,25726.875
12.750651238000001,25726.875
12.753276238000002,25726.875
12.755900238,25726.875
12.758525238,25726.875
12.761149238000002,25759.125
12.763774238000002,25759.125
12.766398238,25759.125
12.769023238,25759.125
12.771647238000002,25759.125
12.774272238,25759.125
12.776896238,25759.125
12.779521238000001,25759.125
12.782145238,25759.125
12.784770238,25726.875
12.787395238,25726.875
12.790019238000001,25726.875
12.792644238000001,25726.875
12.795268238,25726.875
12.797893238,25726.875
12.800517238000001,25726.875
12.803142238000001,25726.875
12.805766238,25726.875
12.808391238,25726.875
12.811015238000001,25462.75
12.813640238000001,25462.75
12.816264238,25462.75
12.818889238,25462.75
12.821513238000001,25462.75
12.824138238000002,25462.75
12.826762238,25462.75
12.829387238,25462.75
12.832011238000002,25462.75
12.834636238000002,25462.75
12.837260238,25495.0
12.839885238,25495.0
12.842509238000002,25495.0
12.845134238,25495.0
12.847758238,25495.0
12.850383238000001,25495.0
12.853007238,25495.0
12.855632238,25495.0
12.858256238000001,25495.0
12.860881238000001,25495.0
12.863505238,25668.875
12.866130238,25668.875
12.868754238000001,25668.875
12.871379238000001,25668.875
12.874003238,25668.875
12.876628238,25668.875
12.879252238000001,25668.875
12.881877238000001,25668.875
12.884501238,25668.875
12.887126238,25668.875
12.889750238000001,25546.5
12.892375238000001,25546.5
12.894999238,25546.5
12.897624238,25546.5
12.900249238,25546.5
12.902873238000002,25546.5
12.905498238000002,25546.5
12.908122238,25546.5
12.910747238,25546.5
12.913371238000002,25288.75
12.915996238,25288.75
12.918620238,25288.75
12.921245238000001,25288.75
12.923869238,25288.75
12.926494238,25288.75
12.929118238000001,25288.75
12.931743238000001,25288.75
12.934367238,25288.75
12.936992238,25288.75
12.939616238000001,25359.625
12.942241238000001,25359.625
12.944865238,25359.625
12.947490238,25359.625
12.950114238000001,25359.625
12.952739238000001,25359.625
12.955363238,25359.625
12.957988238,25359.625
12.960612238000001,25359.625
12.963237238000001,25308.125
12.965861238,25308.125
12.968486238,25308.125
12.971110238000001,25308.125
12.973735238000002,25308.125
12.976359238,25308.125
12.978984238,25308.125
12.981608238000002,25308.125
12.984233238000002,25308.125
12.986857238,25308.125
12.989482238,25250.125
12.992106238000002,25250.125
12.994731238,25250.125
12.997355238,25250.125
12.999980238000001,25250.125
13.002604238,25250.125
13.005229238,25250.125
13.007854238,25250.125
13.010478238000001,25250.125
13.013103238000001,25250.125
13.015727238,25263.0
13.018352238,25263.0
13.020976238000001,25263.0
13.023601238000001,25263.0
13.026225238,25263.0
13.028850238,25263.0
13.031474238000001,25263.0
13.034099238000001,25263.0
13.036723238,25263.0
13.039348238,25263.0
13.041972238000001,25205.0
13.044597238000001,25205.0
13.047221238,25205.0
13.049846238,25205.0
13.052470238000002,25205.0
13.055095238000002,25205.0
13.057719238,25205.0
13.060344238,25205.0
13.062968238000002,25205.0
13.065593238,25205.0
13.068217238,25282.375
13.070842238000001,25282.375
13.073466238,25282.375
13.076091238,25282.375
13.078715238000001,25282.375
13.081340238000001,25282.375
13.083964238,25282.375
13.086589238,25282.375
13.089213238000001,25282.375
13.091838238000001,25288.75
13.094462238,25288.75
13.097087238,25288.75
13.099711238000001,25288.75
13.102336238000001,25288.75
13.104960238,25288.75
13.107585238,25288.75
13.110209238000001,25288.75
13.112834238000001,25288.75
13.115458238,25288.75
13.118083238,25205.0
13.120708238,25205.0
13.123332238000001,25205.0
13.125957238000002,25205.0
13.128581238,25205.0
13.131206238,25205.0
13.133830238000002,25205.0
13.136455238000002,25205.0
13.139079238,25205.0
13.141704238,25295.25
13.144328238,25295.25
13.146953238,25295.25
13.149577238000001,25295.25
13.152202238000001,25295.25
13.154826238,25295.25
13.157451238,25295.25
13.160075238000001,25295.25
13.162700238000001,25295.25
13.165324238,25295.25
13.167949238,25288.75
13.170573238000001,25288.75
13.173198238000001,25288.75
13.175822238,25288.75
13.178447238,25288.75
13.181071238000001,25288.75
13.183696238000001,25288.75
13.186320238,25288.75
13.188945238,25288.75
13.191569238000001,25288.75
13.194194238000001,25263.0
13.196818238,25263.0
13.199443238,25263.0
13.202067238000001,25263.0
13.204692238000002,25263.0
13.207316238,25263.0
13.209941238,25263.0
13.212565238000002,25263.0
13.215190238000002,25263.0
13.217814238,25263.0
13.220439238,25398.25
13.223063238,25398.25
13.225688238,25398.25
13.228312238000001,25398.25
13.230937238000001,25398.25
13.233562238000001,25398.25
13.236186238,25398.25
13.238811238,25398.25
13.241435238000001,25398.25
13.244060238000001,25424.125
13.246684238,25424.125
13.249309238,25424.125
13.251933238000001,25424.125
13.254558238000001,25424.125
13.257182238,25424.125
13.259807238,25424.125
13.262431238000001,25424.125
13.265056238000001,25424.125
13.267680238,25424.125
13.270305238,25340.375
13.272929238000001,25340.375
13.275554238000002,25340.375
13.278178238,25340.375
13.280803238,25340.375
13.283427238000002,25340.375
13.286052238000002,25340.375
13.288676238,25340.375
13.291301238,25340.375
13.293925238000002,25340.375
13.296550238,25366.125
13.299174238,25366.125
13.301799238000001,25366.125
13.304423238,25366.125
13.307048238,25366.125
13.309672238000001,25366.125
13.312297238000001,25366.125
13.314921238,25366.125
13.317546238,25366.125
13.320170238000001,25430.5
13.322795238000001,25430.5
13.325419238,25430.5
13.328044238,25430.5
13.330668238000001,25430.5
13.333293238000001,25430.5
13.335917238,25430.5
13.338542238,25430.5
13.341166238000001,25430.5
13.343791238000001,25430.5
13.346416238000002,25417.625
13.349040238,25417.625
13.351665238,25417.625
13.354289238000002,25417.625
13.356914238000002,25417.625
13.359538238,25417.625
13.362163238,25417.625
13.364787238000002,25417.625
13.367412238,25417.625
13.370036238,25417.625
13.372661238000001,25327.375
13.375285238,25327.375
13.377910238,25327.375
13.380534238000001,25327.375
13.383159238000001,25327.375
13.385783238,25327.375
13.388408238,25327.375
13.391032238000001,25327.375
13.393657238000001,25327.375
13.396281238,25327.375
13.398906238,25353.25
13.401530238000001,25353.25
13.404155238000001,25353.25
13.406779238,25353.25
13.409404238,25353.25
13.412028238000001,25353.25
13.414653238000001,25353.25
13.417277238,25353.25
13.419902238,25353.25
13.422526238000001,25366.125
13.425151238000002,25366.125
13.427775238,25366.125
13.430400238,25366.125
13.433024238000002,25366.125
13.435649238000002,25366.125
13.438273238,25366.125
13.440898238,25366.125
13.443522238000002,25366.125
13.446147238,25366.125
13.448771238,25288.75
13.451396238000001,25288.75
13.454020238,25288.75
13.456645238,25288.75
13.459270238,25288.75
13.461894238000001,25288.75
13.464519238000001,25288.75
13.467143238,25288.75
13.469768238,25288.75
13.472392238000001,25288.75
13.475017238000001,25404.75
13.477641238,25404.75
13.480266238,25404.75
13.482890238000001,25404.75
13.485515238000001,25404.75
13.488139238,25404.75
13.490764238,25404.75
13.493388238000001,25404.75
13.496013238000002,25404.75
13.498637238,25398.25
13.501262238,25398.25
13.503886238000002,25398.25
13.506511238000002,25398.25
13.509135238,25398.25
13.511760238,25398.25
13.514384238000002,25398.25
13.517009238,25398.25
13.519633238,25398.25
13.522258238000001,25398.25
13.524882238,25224.375
13.527507238,25224.375
13.530131238000001,25224.375
13.532756238000001,25224.375
13.535380238,25224.375
13.538005238,25224.375
13.540629238000001,25224.375
13.543254238000001,25224.375
13.545878238,25224.375
13.548503238,25224.375
13.551127238000001,25295.25
13.553752238000001,25295.25
13.556376238,25295.25
13.559001238,25295.25
13.561625238000001,25295.25
13.564250238000001,25295.25
13.566874238,25295.25
13.569499238,25295.25
13.572124238,25295.25
13.574748238000002,25295.25
13.577373238000002,25417.625
13.579997238,25417.625
13.582622238,25417.625
13.585246238000002,25417.625
13.587871238,25417.625
13.590495238,25417.625
13.593120238000001,25417.625
13.595744238,25417.625
13.598369238,25417.625
13.600993238000001,25243.625
13.603618238000001,25243.625
13.606242238,25243.625
13.608867238,25243.625
13.611491238000001,25243.625
13.614116238000001,25243.625
13.616740238,25243.625
13.619365238,25243.625
13.621989238000001,25243.625
13.624614238000001,25243.625
13.627238238,25263.0
13.629863238,25263.0
13.632487238000001,25263.0
13.635112238000001,25263.0
13.637736238,25263.0
13.640361238,25263.0
13.642985238000001,25263.0
13.645610238000002,25263.0
13.648234238,25263.0
13.650859238,25263.0
13.653483238000002,25424.125
13.656108238000002,25424.125
13.658732238,25424.125
13.661357238,25424.125
13.663981238000002,25424.125
13.666606238000002,25424.125
13.669230238,25424.125
13.671855238000001,25424.125
13.674479238,25424.125
13.677104238,25282.375
13.679729238,25282.375
13.682353238000001,25282.375
13.684978238000001,25282.375
13.687602238,25282.375
13.690227238,25282.375
13.692851238000001,25282.375
13.695476238000001,25282.375
13.698100238,25282.375
13.700725238,25282.375
13.703349238000001,25282.375
13.705974238000001,25282.375
13.708598238,25282.375
13.711223238,25282.375
13.713847238000001,25282.375
13.716472238000001,25282.375
13.719096238,25282.375
13.721721238,25282.375
13.724345238000002,25282.375
13.726970238000002,25282.375
13.729594238,25482.125
13.732219238,25482.125
13.734843238000002,25482.125
13.737468238000002,25482.125
13.740092238,25482.125
13.742717238000001,25482.125
13.745341238000002,25482.125
13.747966238,25482.125
13.750590238000001,25482.125
13.753215238000001,25449.875
13.755839238,25449.875
13.758464238,25449.875
13.761088238000001,25449.875
13.763713238000001,25449.875
13.766337238,25449.875
13.768962238,25449.875
13.771586238000001,25449.875
13.774211238000001,25449.875
13.776835238,25449.875
13.779460238,25507.875
13.782084238000001,25507.875
13.784709238000001,25507.875
13.787333238,25507.875
13.789958238,25507.875
13.792583238,25507.875
13.795207238000001,25507.875
13.797832238000002,25507.875
13.800456238,25507.875
13.803081238,25701.125
13.805705238000002,25701.125
13.808330238000002,25701.125
13.810954238,25701.125
13.813579238,25701.125
13.816203238000002,25701.125
13.818828238,25701.125
13.821452238000001,25701.125
13.824077238000001,25701.125
13.826701238,25701.125
13.829326238,25701.125
13.831950238000001,25726.875
13.834575238000001,25726.875
13.837199238,25726.875
13.839824238,25726.875
13.842448238000001,25726.875
13.845073238000001,25726.875
13.847697238,25726.875
13.850322238,25726.875
13.852946238000001,25726.875
13.855571238000001,25668.875
13.858195238,25668.875
13.860820238,25668.875
13.863444238000001,25668.875
13.866069238000001,25668.875
13.868693238,25668.875
13.871318238,25668.875
13.873942238000001,25668.875
13.876567238000002,25668.875
13.879191238,25668.875
13.881816238,25707.625
13.884440238000002,25707.625
13.887065238000002,25707.625
13.889689238,25707.625
13.892314238,25707.625
13.894938238000002,25707.625
13.897563238,25707.625
13.900187238000001,25707.625
13.902812238000001,25707.625
13.905437238000001,25707.625
13.908061238,25746.25
13.910686238,25746.25
13.913310238000001,25746.25
13.915935238000001,25746.25
13.918559238,25746.25
13.921184238,25746.25
13.923808238000001,25746.25
13.926433238000001,25746.25
13.929057238,25746.25
13.931682238,25746.25
13.934306238000001,25746.25
13.936931238000001,25746.25
13.939555238,25746.25
13.942180238,25746.25
13.944804238000001,25746.25
13.947429238000002,25746.25
13.950053238,25746.25
13.952678238,25746.25
13.955302238000002,25746.25
13.957927238000002,25720.5
13.960551238,25720.5
13.963176238,25720.5
13.965800238000002,25720.5
13.968425238,25720.5
13.971049238,25720.5
13.973674238000001,25720.5
13.976298238,25720.5
13.978923238,25720.5
13.981547238000001,25733.375
13.984172238000001,25733.375
13.986796238,25733.375
13.989421238,25733.375
13.992045238000001,25733.375
13.994670238000001,25733.375
13.997294238,25733.375
13.999919238,25733.375
14.002543238000001,25733.375
14.005168238000001,25733.375
14.007792238,25733.375
14.010417238,25733.375
14.013041238000001,25733.375
14.015666238000001,25733.375
14.018291238000002,25733.375
14.020915238,25733.375
14.023540238,25733.375
14.026164238000002,25733.375
14.028789238000002,25733.375
14.031413238,25733.375
14.034038238,25707.625
14.036662238000002,25707.625
14.039287238,25707.625
14.041911238,25707.625
14.044536238000001,25707.625
14.047160238,25707.625
14.049785238,25707.625
14.052409238000001,25707.625
14.055034238000001,25707.625
14.057658238,25707.625
14.060283238,25707.625
14.062907238000001,25707.625
14.065532238000001,25707.625
14.068156238,25707.625
14.070781238,25707.625
14.073405238000001,25707.625
14.076030238000001,25707.625
14.078654238,25707.625
14.081279238,25707.625
14.083903238000001,25707.625
14.086528238000001,25707.625
14.089152238,25707.625
14.091777238,25707.625
14.094401238000001,25707.625
14.097026238000002,25707.625
14.099650238,25707.625
14.102275238,25707.625
14.104899238000002,25707.625
14.107524238000002,25707.625
14.110148238,25591.625
14.112773238,25591.625
14.115397238000002,25591.625
14.118022238,25591.625
14.120646238,25591.625
14.123271238000001,25591.625
14.125895238,25591.625
14.128520238,25591.625
14.131145238,25591.625
14.133769238000001,25591.625
14.136394238000001,25553.0
14.139018238,25553.0
14.141643238,25553.0
14.144267238000001,25553.0
14.146892238000001,25553.0
14.149516238,25553.0
14.152141238,25553.0
14.154765238000001,25553.0
14.157390238000001,25553.0
14.160014238,25681.75
14.162639238,25681.75
14.165263238000001,25681.75
14.167888238000002,25681.75
14.170512238,25681.75
14.173137238,25681.75
14.175761238000002,25681.75
14.178386238000002,25681.75
14.181010238,25681.75
14.183635238,25681.75
14.186259238000002,25714.0
14.188884238000002,25714.0
14.191508238,25714.0
14.194133238000001,25714.0
14.196757238,25714.0
14.199382238,25714.0
14.202006238000001,25714.0
14.204631238000001,25714.0
14.207255238,25714.0
14.209880238,25714.0
14.212504238000001,25694.625
14.215129238000001,25694.625
14.217753238,25694.625
14.220378238,25694.625
14.223002238000001,25694.625
14.225627238000001,25694.625
14.228251238,25694.625
14.230876238,25694.625
14.233500238000001,25694.625
14.236125238000001,25694.625
14.238749238,25720.5
14.241374238,25720.5
14.243999238,25720.5
14.246623238000002,25720.5
14.249248238000002,25720.5
14.251872238,25720.5
14.254497238,25720.5
14.257121238000002,25720.5
14.259746238000002,25720.5
14.262370238,25752.625
14.264995238000001,25752.625
14.267619238000002,25752.625
14.270244238,25752.625
14.272868238000001,25752.625
14.275493238000001,25752.625
14.278117238,25752.625
14.280742238,25752.625
14.283366238000001,25752.625
14.285991238000001,25752.625
14.288615238,25714.0
14.291240238,25714.0
14.293864238000001,25714.0
14.296489238000001,25714.0
14.299113238,25714.0
14.301738238,25714.0
14.304362238000001,25714.0
14.306987238000001,25714.0
14.309611238,25714.0
14.312236238,25714.0
14.314860238000001,25681.75
14.317485238000002,25681.75
14.320109238,25681.75
14.322734238,25681.75
14.325358238000002,25681.75
14.327983238000002,25681.75
14.330607238,25681.75
14.333232238,25681.75
14.335856238000002,25681.75
14.338481238000002,25746.25
14.341105238,25746.25
14.343730238000001,25746.25
14.346354238000002,25746.25
14.348979238,25746.25
14.351604238,25746.25
14.354228238000001,25746.25
14.356853238000001,25746.25
14.359477238,25746.25
14.362102238,25746.25
14.364726238000001,25759.125
14.367351238000001,25759.125
14.369975238,25759.125
14.372600238,25759.125
14.375224238000001,25759.125
14.377849238000001,25759.125
14.380473238,25759.125
14.383098238,25759.125
14.385722238000001,25759.125
14.388347238000001,25759.125
14.390971238,25739.75
14.393596238,25739.75
14.396220238000002,25739.75
14.398845238000002,25739.75
14.401469238,25739.75
14.404094238,25739.75
14.406718238000002,25739.75
14.409343238000002,25739.75
14.411967238,25739.75
14.414592238000001,25739.75
14.417216238000002,25701.125
14.419841238,25701.125
14.422465238000001,25701.125
14.425090238000001,25701.125
14.427714238,25701.125
14.430339238,25701.125
14.432963238000001,25701.125
14.435588238000001,25701.125
14.438212238,25701.125
14.440837238,25746.25
14.443461238000001,25746.25
14.446086238000001,25746.25
14.448710238,25746.25
14.451335238,25746.25
14.453959238000001,25746.25
14.456584238000001,25746.25
14.459208238,25746.25
14.461833238,25746.25
14.464458238,25746.25
14.467082238000001,25772.0
14.469707238000002,25772.0
14.472331238,25772.0
14.474956238,25772.0
14.477580238000002,25772.0
14.480205238000002,25772.0
14.482829238,25772.0
14.485454238,25772.0
14.488078238000002,25772.0
14.490703238,25772.0
14.493327238000001,25688.25
14.495952238000001,25688.25
14.498576238,25688.25
14.501201238,25688.25
14.503825238000001,25688.25
14.506450238000001,25688.25
14.509074238,25688.25
14.511699238,25688.25
14.514323238000001,25688.25
14.516948238000001,25643.125
14.519572238,25643.125
14.522197238,25643.125
14.524821238000001,25643.125
14.527446238000001,25643.125
14.530070238,25643.125
14.532695238,25643.125
14.535319238000001,25643.125
14.537944238000001,25643.125
14.540568238,25643.125
14.543193238,25746.25
14.545817238000001,25746.25
14.548442238000002,25746.25
14.551066238,25746.25
14.553691238,25746.25
14.556315238000002,25746.25
14.558940238000002,25746.25
14.561564238,25746.25
14.564189238,25746.25
14.566813238000002,25746.25
14.569438238,25746.25
14.572062238000001,25746.25
14.574687238000001,25746.25
14.577312238000001,25746.25
14.579936238,25746.25
14.582561238,25746.25
14.585185238000001,25746.25
14.587810238000001,25746.25
14.590434238,25746.25
14.593059238,25746.25
14.595683238000001,25636.75
14.598308238000001,25636.75
14.600932238,25636.75
14.603557238,25636.75
14.606181238000001,25636.75
14.608806238000001,25636.75
14.611430238,25636.75
14.614055238,25636.75
14.616679238000001,25636.75
14.619304238000002,25643.125
14.621928238,25643.125
14.624553238,25643.125
14.627177238000002,25643.125
14.629802238000002,25643.125
14.632426238,25643.125
14.635051238,25643.125
14.637675238000002,25643.125
14.640300238000002,25643.125
14.642924238,25643.125
14.645549238000001,25714.0
14.648173238,25714.0
14.650798238,25714.0
14.653422238000001,25714.0
14.656047238000001,25714.0
14.658671238,25714.0
14.661296238,25714.0
14.663920238000001,25714.0
14.666545238000001,25714.0
14.669169238,25714.0
14.671794238,25688.25
14.674418238000001,25688.25
14.677043238000001,25688.25
14.679667238,25688.25
14.682292238,25688.25
14.684916238000001,25688.25
14.687541238000001,25688.25
14.690166238000002,25688.25
14.692790238,25688.25
14.695415238,25636.75
14.698039238000002,25636.75
14.700664238000002,25636.75
14.703288238,25636.75
14.705913238,25636.75
14.708537238000002,25636.75
14.711162238000002,25636.75
14.713786238,25636.75
14.716411238000001,25636.75
14.719035238000002,25636.75
14.721660238,25656.0
14.724284238000001,25656.0
14.726909238000001,25656.0
14.729533238,25656.0
14.732158238,25656.0
14.734782238000001,25656.0
14.737407238000001,25656.0
14.740031238,25656.0
14.742656238,25656.0
14.745280238000001,25656.0
14.747905238000001,25636.75
14.750529238,25636.75
14.753154238,25636.75
14.755778238000001,25636.75
14.758403238000001,25636.75
14.761027238,25636.75
14.763652238,25636.75
14.766276238000001,25636.75
14.768901238000002,25636.75
14.771525238,25649.625
14.774150238,25649.625
14.776774238000002,25649.625
14.779399238000002,25649.625
14.782023238,25649.625
14.784648238,25649.625
14.787272238000002,25649.625
14.789897238000002,25649.625
14.792521238,25649.625
14.795146238000001,25649.625
14.797770238000002,25701.125
14.800395238,25701.125
14.803020238,25701.125
14.805644238000001,25701.125
14.808269238000001,25701.125
14.810893238,25701.125
14.813518238,25701.125
14.816142238000001,25701.125
14.818767238000001,25701.125
14.821391238,25701.125
14.824016238,25701.125
14.826640238000001,25701.125
14.829265238000001,25701.125
14.831889238,25701.125
14.834514238,25701.125
14.837138238000001,25701.125
14.839763238000002,25701.125
14.842387238,25701.125
14.845012238,25701.125
14.847636238000002,25701.125
14.850261238000002,25617.375
14.852885238,25617.375
14.855510238,25617.375
14.858134238000002,25617.375
14.860759238000002,25617.375
14.863383238,25617.375
14.866008238000001,25617.375
14.868632238000002,25617.375
14.871257238,25617.375
14.873881238000001,25662.5
14.876506238000001,25662.5
14.879130238,25662.5
14.881755238,25662.5
14.884379238000001,25662.5
14.887004238000001,25662.5
14.889628238,25662.5
14.892253238,25662.5
14.894877238000001,25662.5
14.897502238000001,25662.5
14.900126238,25733.375
14.902751238,25733.375
14.905375238000001,25733.375
14.908000238000001,25733.375
14.910624238,25733.375
14.913249238,25733.375
14.915874238,25733.375
14.918498238000002,25733.375
14.921123238000002,25733.375
14.923747238,25733.375
14.926372238,25720.5
14.928996238000002,25720.5
14.931621238000002,25720.5
14.934245238,25720.5
14.936870238000001,25720.5
14.939494238000002,25720.5
14.942119238,25720.5
14.944743238000001,25720.5
14.947368238000001,25720.5
14.949992238,25662.5
14.952617238,25662.5
14.955241238000001,25662.5
14.957866238000001,25662.5
14.960490238,25662.5
14.963115238,25662.5
14.965739238000001,25662.5
14.968364238000001,25662.5
14.970988238,25662.5
14.973613238,25662.5
14.976237238000001,25707.625
14.978862238000001,25707.625
14.981486238,25707.625
14.984111238,25707.625
14.986735238000001,25707.625
14.989360238000002,25707.625
14.991984238,25707.625
14.994609238,25707.625
14.997233238000002,25707.625
14.999858238000002,25733.375
15.002482238,25733.375
15.005107238,25733.375
15.007731238000002,25733.375
15.010356238000002,25733.375
15.012980238,25733.375
15.015605238000001,25733.375
15.018229238000002,25733.375
15.020854238,25733.375
15.023479238,25733.375
15.026103238000001,25714.0
15.028728238000001,25714.0
15.031352238,25714.0
15.033977238,25714.0
15.036601238000001,25714.0
15.039226238000001,25714.0
15.041850238,25714.0
15.044475238,25714.0
15.047099238000001,25714.0
15.049724238000001,25714.0
15.052348238,25694.625
15.054973238,25694.625
15.057597238000001,25694.625
15.060222238000001,25694.625
15.062846238,25694.625
15.065471238,25694.625
15.068095238000002,25694.625
15.070720238000002,25694.625
15.073344238,25694.625
15.075969238,25694.625
15.078593238000002,25726.875
15.081218238000002,25726.875
15.083842238,25726.875
15.086467238000001,25726.875
15.089091238000002,25726.875
15.091716238,25726.875
15.094340238000001,25726.875
15.096965238000001,25726.875
15.099589238,25726.875
15.102214238,25726.875
15.104838238000001,25668.875
15.107463238000001,25668.875
15.110087238,25668.875
15.112712238,25668.875
15.115336238000001,25668.875
15.117961238000001,25668.875
15.120585238,25668.875
15.123210238,25668.875
15.125834238000001,25668.875
15.128459238000001,25533.625
15.131083238,25533.625
15.133708238,25533.625
15.136333238,25533.625
15.138957238000001,25533.625
15.141582238000002,25533.625
15.144206238,25533.625
15.146831238,25533.625
15.149455238000002,25533.625
15.152080238000002,25533.625
15.154704238,25649.625
15.157329238,25649.625
15.159953238000002,25649.625
15.162578238000002,25649.625
15.165202238000001,25649.625
15.167827238000001,25649.625
15.170451238,25649.625
15.173076238,25649.625
15.175700238000001,25649.625
15.178325238000001,25714.0
15.180949238,25714.0
15.183574238,25714.0
15.186198238000001,25714.0
15.188823238000001,25714.0
15.191447238,25714.0
15.194072238,25714.0
15.196696238000001,25714.0
15.199321238000001,25714.0
15.201945238,25714.0
15.204570238,25662.5
15.207194238000001,25662.5
15.209819238000001,25662.5
15.212443238,25662.5
15.215068238,25662.5
15.217692238000001,25662.5
15.220317238000002,25662.5
15.222941238,25662.5
15.225566238,25662.5
15.228190238000002,25662.5
15.230815238000002,25604.5
15.233439238,25604.5
15.236064238,25604.5
15.238688238000002,25604.5
15.241313238000002,25604.5
15.243937238000001,25604.5
15.246562238000001,25604.5
15.249187238000001,25604.5
15.251811238,25604.5
15.254436238,25604.5
15.257060238000001,25694.625
15.259685238000001,25694.625
15.262309238,25694.625
15.264934238,25694.625
15.267558238000001,25694.625
15.270183238000001,25694.625
15.272807238,25694.625
15.275432238,25694.625
15.278056238000001,25694.625
15.280681238000001,25720.5
15.283305238,25720.5
15.285930238,25720.5
15.288554238000001,25720.5
15.291179238000002,25720.5
15.293803238,25720.5
15.296428238,25720.5
15.299052238000002,25720.5
15.301677238000002,25720.5
15.304301238,25720.5
15.306926238,25649.625
15.309550238000002,25649.625
15.312175238000002,25649.625
15.314799238,25649.625
15.317424238000001,25649.625
15.320048238000002,25649.625
15.322673238,25649.625
15.325297238000001,25649.625
15.327922238000001,25649.625
15.330546238,25649.625
15.333171238,25688.25
15.335795238000001,25688.25
15.338420238000001,25688.25
15.341044238,25688.25
15.343669238,25688.25
15.346293238000001,25688.25
15.348918238000001,25688.25
15.351542238,25688.25
15.354167238,25688.25
15.356791238000001,25720.5
15.359416238000001,25720.5
15.362041238000002,25720.5
15.364665238,25720.5
15.367290238,25720.5
15.369914238000002,25720.5
15.372539238000002,25720.5
15.375163238,25720.5
15.377788238,25720.5
15.380412238000002,25720.5
15.383037238000002,25668.875
15.385661238,25668.875
15.388286238000001,25668.875
15.390910238000002,25668.875
15.393535238,25668.875
15.396159238000001,25668.875
15.398784238000001,25668.875
15.401408238,25668.875
15.404033238,25668.875
15.406657238000001,25668.875
15.409282238000001,25649.625
15.411906238,25649.625
15.414531238,25649.625
15.417155238000001,25649.625
15.419780238000001,25649.625
15.422404238,25649.625
15.425029238,25649.625
15.427653238000001,25649.625
15.430278238000001,25649.625
15.432902238,25649.625
15.435527238,25707.625
15.438151238000001,25707.625
15.440776238000002,25707.625
15.443400238,25707.625
15.446025238,25707.625
15.448649238000002,25707.625
15.451274238000002,25707.625
15.453898238,25707.625
15.456523238,25707.625
15.459147238000002,25591.625
15.461772238000002,25591.625
15.464396238,25591.625
15.467021238000001,25591.625
15.469645238000002,25591.625
15.472270238,25591.625
15.474895238,25591.625
15.477519238000001,25591.625
15.480144238000001,25591.625
15.482768238,25591.625
15.485393238,25527.125
15.488017238000001,25527.125
15.490642238000001,25527.125
15.493266238,25527.125
15.495891238,25527.125
15.498515238000001,25527.125
15.501140238000001,25527.125
15.503764238,25527.125
15.506389238,25527.125
15.509013238000001,25527.125
15.511638238000002,25668.875
15.514262238,25668.875
15.516887238,25668.875
15.519511238000002,25668.875
15.522136238000002,25668.875
15.524760238,25668.875
15.527385238,25668.875
15.530009238000002,25668.875
15.532634238000002,25668.875
15.535258238,25694.625
15.537883238000001,25694.625
15.540507238000002,25694.625
15.543132238,25694.625
15.545756238000001,25694.625
15.548381238000001,25694.625
15.551005238,25694.625
15.553630238,25694.625
15.556254238000001,25694.625
15.558879238000001,25694.625
15.561503238,25598.0
15.564128238,25598.0
15.566752238000001,25598.0
15.569377238000001,25598.0
15.572001238,25598.0
15.574626238,25598.0
15.577250238000001,25598.0
15.579875238000001,25598.0
15.582499238,25598.0
15.585124238,25598.0
15.587749238,25617.375
15.590373238000002,25617.375
15.592998238000002,25617.375
15.595622238,25617.375
15.598247238,25617.375
15.600871238000002,25617.375
15.603496238000002,25617.375
15.606120238,25617.375
15.608745238000001,25617.375
15.611369238000002,25617.375
15.613994238000002,25739.75
15.616618238000001,25739.75
15.619243238000001,25739.75
15.621867238,25739.75
15.624492238,25739.75
15.627116238000001,25739.75
15.629741238000001,25739.75
15.632365238,25739.75
15.634990238,25739.75
15.637614238000001,25752.625
15.640239238000001,25752.625
15.642863238,25752.625
15.645488238,25752.625
15.648112238000001,25752.625
15.650737238000001,25752.625
15.653361238,25752.625
15.655986238,25752.625
15.658610238000001,25752.625
15.661235238000002,25752.625
15.663859238,25720.5
15.666484238,25720.5
15.669108238000002,25720.5
15.671733238000002,25720.5
15.674357238,25720.5
15.676982238,25720.5
15.679606238000002,25720.5
15.682231238000002,25720.5
15.684855238,25720.5
15.687480238000001,25720.5
15.690104238000002,25733.375
15.692729238000002,25733.375
15.695354238,25733.375
15.697978238000001,25733.375
15.700603238000001,25733.375
15.703227238,25733.375
15.705852238,25733.375
15.708476238000001,25733.375
15.711101238000001,25733.375
15.713725238,25746.25
15.716350238,25746.25
15.718974238000001,25746.25
15.721599238000001,25746.25
15.724223238,25746.25
15.726848238,25746.25
15.729472238000001,25746.25
15.732097238000001,25746.25
15.734721238,25746.25
15.737346238,25746.25
15.739970238000002,25752.625
15.742595238000002,25752.625
15.745219238,25752.625
15.747844238,25752.625
15.750468238000002,25752.625
15.753093238000002,25752.625
15.755717238,25752.625
15.758342238000001,25752.625
15.760966238000002,25752.625
15.763591238000002,25752.625
15.766215238000001,25630.25
15.768840238000001,25630.25
15.771464238000002,25630.25
15.774089238,25630.25
15.776713238000001,25630.25
15.779338238000001,25630.25
15.781962238,25630.25
15.784587238,25630.25
15.787211238000001,25630.25
15.789836238000001,25636.75
15.792460238,25636.75
15.795085238,25636.75
15.797709238000001,25636.75
15.800334238000001,25636.75
15.802958238,25636.75
15.805583238,25636.75
15.808208238,25636.75
15.810832238000001,25636.75
15.813457238000002,25636.75
15.816081238,25701.125
15.818706238,25701.125
15.821330238000002,25701.125
15.823955238000002,25701.125
15.826579238,25701.125
15.829204238,25701.125
15.831828238000002,25701.125
15.834453238000002,25701.125
15.837077238000001,25701.125
15.839702238000001,25617.375
15.842326238000002,25617.375
15.844951238,25617.375
15.847575238000001,25617.375
15.850200238000001,25617.375
15.852824238,25617.375
15.855449238,25617.375
15.858073238000001,25617.375
15.860698238000001,25617.375
15.863322238,25617.375
15.865947238,25617.375
15.868571238000001,25553.0
15.871196238000001,25553.0
15.873820238,25553.0
15.876445238,25553.0
15.879069238000001,25553.0
15.881694238000001,25553.0
15.884318238,25553.0
15.886943238,25553.0
15.889567238000001,25553.0
15.892192238000002,25720.5
15.894816238,25720.5
15.897441238,25720.5
15.900065238000002,25720.5
15.902690238000002,25720.5
15.905314238,25720.5
15.907939238,25720.5
15.910563238000002,25720.5
15.913188238000002,25720.5
15.915812238000001,25720.5
15.918437238000001,25694.625
15.921062238000001,25694.625
15.923686238,25694.625
15.926311238,25694.625
15.928935238000001,25694.625
15.931560238000001,25694.625
15.934184238,25694.625
15.936809238,25694.625
15.939433238000001,25694.625
15.942058238000001,25694.625
15.944682238,25527.125
15.947307238,25527.125
15.949931238000001,25527.125
15.952556238000001,25527.125
15.955180238,25527.125
15.957805238,25527.125
15.960429238000001,25527.125
15.963054238000002,25527.125
15.965678238,25527.125
15.968303238,25617.375
15.970927238000002,25617.375
15.973552238000002,25617.375
15.976176238,25617.375
15.978801238,25617.375
15.981425238000002,25617.375
15.984050238000002,25617.375
15.986674238,25617.375
15.989299238000001,25617.375
15.991923238000002,25617.375
15.994548238,25707.625
15.997172238000001,25707.625
15.999797238000001,25707.625
16.002421238,25707.625
16.005046238000002,25707.625
16.007670238,25707.625
16.010295238,25707.625
16.012919238000002,25707.625
16.015544238,25707.625
16.018168238,25656.0
16.020793238,25656.0
16.023417238,25656.0
16.026042238000002,25656.0
16.028666238,25656.0
16.031291238,25656.0
16.033916238,25656.0
16.036540238,25656.0
16.039165238000002,25656.0
16.041789238,25656.0
16.044414238,25630.25
16.047038238000003,25630.25
16.049663238,25630.25
16.052287238,25630.25
16.054912238,25630.25
16.057536238,25630.25
16.060161238000003,25630.25
16.062785238,25630.25
16.065410238000002,25630.25
16.068034238000003,25630.25
16.070659238,25720.5
16.073283238000002,25720.5
16.075908238,25720.5
16.078532238,25720.5
16.081157238,25720.5
16.083781238,25720.5
16.086406238000002,25720.5
16.089030238,25720.5
16.091655238,25720.5
16.094279238000002,25720.5
16.096904238,25733.375
16.099528238,25733.375
16.102153238,25733.375
16.104777238,25733.375
16.107402238000002,25733.375
16.110026238,25733.375
16.112651238,25733.375
16.115275238000002,25733.375
16.117900238,25733.375
16.120524238,25733.375
16.123149238,25733.375
16.125773238,25733.375
16.128398238000003,25733.375
16.131022238,25733.375
16.133647238000002,25733.375
16.136271238000003,25733.375
16.138896238,25733.375
16.141520238000002,25733.375
16.144145238,25733.375
16.146770238000002,25720.5
16.149394238,25720.5
16.152019238,25720.5
16.154643238000002,25720.5
16.157268238,25720.5
16.159892238,25720.5
16.162517238,25720.5
16.165141238,25720.5
16.167766238000002,25720.5
16.170390238,25720.5
16.173015238,25681.75
16.175639238000002,25681.75
16.178264238,25681.75
16.180888238,25681.75
16.183513238,25681.75
16.186132238000003,25681.75
16.188757238,25681.75
16.191381238,25681.75
16.194006238,25681.75
16.196630238,25546.5
16.199255238000003,25546.5
16.201880238,25546.5
16.204504238000002,25546.5
16.207129238,25546.5
16.209753238,25546.5
16.212378238,25546.5
16.215002238,25546.5
16.217627238000002,25546.5
16.220251238,25546.5
16.222876238,25288.75
16.225500238000002,25288.75
16.228125238,25288.75
16.230749238,25288.75
16.233374238,25288.75
16.235998238,25288.75
16.238623238000002,25288.75
16.241247238,25288.75
16.243872238,25288.75
16.246496238000002,25288.75
16.249121238,25353.25
16.251745238,25353.25
16.254370238,25353.25
16.256994238,25353.25
16.259619238000003,25353.25
16.262243238,25353.25
16.264868238000002,25353.25
16.267492238000003,25353.25
16.270117238,25353.25
16.272741238000002,25353.25
16.275366238,25630.25
16.277990238,25630.25
16.280615238,25630.25
16.283239238,25630.25
16.285864238000002,25630.25
16.288488238,25630.25
16.291113238,25630.25
16.293737238000002,25630.25
16.296362238,25630.25
16.298986238,25701.125
16.301611238,25701.125
16.304235238,25701.125
16.306860238000002,25701.125
16.309485238,25701.125
16.312109238,25701.125
16.314734238,25701.125
16.317358238,25701.125
16.319983238000003,25701.125
16.322607238,25701.125
16.325232238,25578.75
16.327856238000003,25578.75
16.330481238,25578.75
16.333105238,25578.75
16.335730238,25578.75
16.338354238,25578.75
16.340979238000003,25578.75
16.343603238,25578.75
16.346228238000002,25578.75
16.348852238000003,25578.75
16.351477238,25250.125
16.354101238000002,25250.125
16.356726238,25250.125
16.359350238,25250.125
16.361975238,25250.125
16.364599238,25250.125
16.367224238000002,25250.125
16.369848238,25250.125
16.372473238,25250.125
16.375097238000002,25269.5
16.377722238,25269.5
16.380346238,25269.5
16.382971238,25269.5
16.385595238,25269.5
16.388220238000002,25269.5
16.390844238,25269.5
16.393469238,25269.5
16.396093238000002,25269.5
16.398718238,25269.5
16.401342238,25656.0
16.403967238,25656.0
16.406591238,25656.0
16.409216238000003,25656.0
16.411840238,25656.0
16.414465238000002,25656.0
16.417089238000003,25656.0
16.419714238,25656.0
16.422339238,25656.0
16.424963238,25656.0
16.427588238000002,25726.875
16.430212238,25726.875
16.432837238,25726.875
16.435461238000002,25726.875
16.438086238,25726.875
16.440710238,25726.875
16.443335238,25726.875
16.445959238,25726.875
16.448584238000002,25726.875
16.451208238,25726.875
16.453833238,25688.25
16.456457238000002,25688.25
16.459082238,25688.25
16.461706238,25688.25
16.464331238,25688.25
16.466955238,25688.25
16.469580238000002,25688.25
16.472204238,25688.25
16.474829238,25688.25
16.477453238000003,25572.25
16.480078238,25572.25
16.482702238,25572.25
16.485327238,25572.25
16.487951238,25572.25
16.490576238000003,25572.25
16.493200238,25572.25
16.495825238000002,25572.25
16.498449238000003,25572.25
16.501074238,25572.25
16.503698238000002,25720.5
16.506323238,25720.5
16.508947238,25720.5
16.511572238,25720.5
16.514196238,25720.5
16.516821238000002,25720.5
16.519445238,25720.5
16.522070238,25720.5
16.524694238000002,25720.5
16.527319238,25720.5
16.529943238,25617.375
16.532568238,25617.375
16.535193238,25617.375
16.537817238000002,25617.375
16.540442238,25617.375
16.543066238,25617.375
16.545691238,25617.375
16.548315238,25617.375
16.550940238000003,25617.375
16.553564238,25668.875
16.556189238,25668.875
16.558813238000003,25668.875
16.561438238,25668.875
16.564062238,25668.875
16.566687238,25668.875
16.569311238,25668.875
16.571936238,25668.875
16.574560238,25668.875
16.577185238000002,25668.875
16.579809238,25726.875
16.582434238,25726.875
16.585058238000002,25726.875
16.587683238,25726.875
16.590307238,25726.875
16.592932238,25726.875
16.595556238,25726.875
16.598181238000002,25726.875
16.600805238,25726.875
16.603430238,25726.875
16.606054238000002,25630.25
16.608679238,25630.25
16.611303238,25630.25
16.613928238,25630.25
16.616552238,25630.25
16.619177238000002,25630.25
16.621801238,25630.25
16.624426238,25630.25
16.627050238000002,25630.25
16.629675238,25656.0
16.632299238,25656.0
16.634924238,25656.0
16.637548238,25656.0
16.640173238000003,25656.0
16.642797238,25656.0
16.645422238000002,25656.0
16.648047238,25656.0
16.650671238,25656.0
16.653296238,25656.0
16.655920238,25752.625
16.658545238000002,25752.625
16.661169238,25752.625
16.663794238,25752.625
16.666418238000002,25752.625
16.669043238,25752.625
16.671667238,25752.625
16.674292238,25752.625
16.676916238,25752.625
16.679541238000002,25752.625
16.682165238,25733.375
16.684790238,25733.375
16.687414238000002,25733.375
16.690039238,25733.375
16.692663238,25733.375
16.695288238,25733.375
16.697912238,25733.375
16.700537238000003,25733.375
16.703161238,25733.375
16.705786238,25733.375
16.708410238000003,25656.0
16.711035238,25656.0
16.713659238,25656.0
16.716284238,25656.0
16.718908238,25656.0
16.721533238000003,25656.0
16.724157238,25656.0
16.726782238000002,25656.0
16.729406238000003,25656.0
16.732031238,25701.125
16.734655238000002,25701.125
16.737280238,25701.125
16.739904238,25701.125
16.742529238,25701.125
16.745153238,25701.125
16.747778238000002,25701.125
16.750402238,25701.125
16.753027238,25701.125
16.755651238000002,25701.125
16.758276238,25726.875
16.760901238000002,25726.875
16.763525238,25726.875
16.766150238,25726.875
16.768774238000002,25726.875
16.771399238,25726.875
16.774023238,25726.875
16.776648238,25726.875
16.779272238,25726.875
16.781897238000003,25726.875
16.784521238,25714.0
16.787146238000002,25714.0
16.789770238000003,25714.0
16.792395238,25714.0
16.795019238000002,25714.0
16.797644238,25714.0
16.800268238,25714.0
16.802893238,25714.0
16.805517238,25714.0
16.808142238000002,25733.375
16.810766238,25733.375
16.813391238,25733.375
16.816015238000002,25733.375
16.818640238,25733.375
16.821264238,25733.375
16.823889238,25733.375
16.826513238,25733.375
16.829138238000002,25733.375
16.831762238,25733.375
16.834387238,25746.25
16.837011238000002,25746.25
16.839636238,25746.25
16.842260238,25746.25
16.844885238,25746.25
16.847509238,25746.25
16.850134238000003,25746.25
16.852758238,25746.25
16.855383238,25746.25
16.858007238000003,25739.75
16.860632238,25739.75
16.863256238,25739.75
16.865881238,25739.75
16.868505238,25739.75
16.871130238000003,25739.75
16.873755238,25739.75
16.876379238000002,25739.75
16.879004238,25739.75
16.881628238,25739.75
16.884253238,25733.375
16.886877238,25733.375
16.889502238000002,25733.375
16.892126238,25733.375
16.894751238,25733.375
16.897375238000002,25733.375
16.900000238,25733.375
16.902624238,25733.375
16.905249238,25733.375
16.907873238,25733.375
16.910498238000002,25733.375
16.913122238,25733.375
16.915747238,25733.375
16.918371238000002,25733.375
16.920996238,25733.375
16.923620238,25733.375
16.926245238,25733.375
16.928869238,25733.375
16.931494238000003,25733.375
16.934118238,25733.375
16.936743238000002,25726.875
16.939367238000003,25726.875
16.941992238,25726.875
16.944616238000002,25726.875
16.947241238,25726.875
16.949865238,25726.875
16.952490238,25726.875
16.955114238,25726.875
16.957739238000002,25726.875
16.960363238,25726.875
16.962988238,25701.125
16.965612238000002,25701.125
16.968237238,25701.125
16.970861238,25701.125
16.973486238,25701.125
16.976110238,25701.125
16.978735238000002,25701.125
16.981360238,25701.125
16.983984238,25701.125
16.986609238,25643.125
16.989233238,25643.125
16.991858238000003,25643.125
16.994482238,25643.125
16.997107238,25643.125
16.999731238000003,25643.125
17.002356238,25643.125
17.004980238,25643.125
17.007605238,25643.125
17.010229238,25643.125
17.012854238000003,25610.875
17.015478238,25610.875
17.018103238000002,25610.875
17.020727238000003,25610.875
17.023352238,25610.875
17.025976238000002,25610.875
17.028601238,25610.875
17.031225238,25610.875
17.033850238,25610.875
17.036474238,25681.75
17.039099238000002,25681.75
17.041723238,25681.75
17.044348238,25681.75
17.046972238000002,25681.75
17.049597238,25681.75
17.052221238,25681.75
17.054846238,25681.75
17.057470238,25681.75
17.060095238000002,25681.75
17.062719238,25701.125
17.065344238,25701.125
17.067968238000002,25701.125
17.070593238,25701.125
17.073217238,25701.125
17.075842238,25701.125
17.078466238,25701.125
17.081091238000003,25701.125
17.083715238,25701.125
17.086340238000002,25701.125
17.088964238000003,25585.125
17.091589238,25585.125
17.094214238000003,25585.125
17.096838238,25585.125
17.099463238000002,25585.125
17.102087238,25585.125
17.104712238,25585.125
17.107336238000002,25585.125
17.109961238,25585.125
17.112585238,25585.125
17.115210238,25469.125
17.117834238,25469.125
17.120459238000002,25469.125
17.123083238,25469.125
17.125708238,25469.125
17.128332238000002,25469.125
17.130957238,25469.125
17.133581238,25469.125
17.136206238,25469.125
17.138830238,25604.5
17.141455238000002,25604.5
17.144079238,25604.5
17.146704238,25604.5
17.149328238000003,25604.5
17.151953238,25604.5
17.154577238,25604.5
17.157202238,25604.5
17.159826238,25604.5
17.162451238000003,25604.5
17.165075238,25694.625
17.167700238000002,25694.625
17.170324238000003,25694.625
17.172949238,25694.625
17.175573238000002,25694.625
17.178198238,25694.625
17.180822238,25694.625
17.183447238,25694.625
17.186071238,25694.625
17.188696238000002,25694.625
17.191320238,25636.75
17.193945238,25636.75
17.196569238000002,25636.75
17.199194238,25636.75
17.201818238,25636.75
17.204443238,25636.75
17.207068238,25636.75
17.209692238000002,25636.75
17.212317238,25636.75
17.214941238,25572.25
17.217566238,25572.25
17.220190238,25572.25
17.222815238000003,25572.25
17.225439238,25572.25
17.228064238,25572.25
17.230688238000003,25572.25
17.233313238,25572.25
17.235937238,25572.25
17.238562238,25572.25
17.241186238,25656.0
17.243811238000003,25656.0
17.246435238,25656.0
17.249060238000002,25656.0
17.251684238000003,25656.0
17.254309238,25656.0
17.256933238000002,25656.0
17.259558238,25656.0
17.262182238,25656.0
17.264807238,25656.0
17.267431238,25675.375
17.270056238000002,25675.375
17.272680238,25675.375
17.275305238,25675.375
17.277929238000002,25675.375
17.280554238,25675.375
17.283178238,25675.375
17.285803238,25675.375
17.288427238,25675.375
17.291052238000002,25675.375
17.293676238,25662.5
17.296301238,25662.5
17.298925238000002,25662.5
17.301550238,25662.5
17.304174238,25662.5
17.306799238,25662.5
17.309423238,25662.5
17.312048238000003,25662.5
17.314672238,25662.5
17.317297238000002,25707.625
17.319922238,25707.625
17.322546238,25707.625
17.325171238,25707.625
17.327795238,25707.625
17.330420238000002,25707.625
17.333044238,25707.625
17.335669238,25707.625
17.338293238000002,25707.625
17.340918238,25707.625
17.343542238,25720.5
17.346167238,25720.5
17.348791238,25720.5
17.351416238000002,25720.5
17.354040238,25720.5
17.356665238,25720.5
17.359289238000002,25720.5
17.361914238,25720.5
17.364538238,25720.5
17.367163238,25720.5
17.369787238,25720.5
17.372412238000003,25720.5
17.375036238,25720.5
17.377661238,25720.5
17.380285238000003,25720.5
17.382910238,25720.5
17.385534238,25720.5
17.388159238,25720.5
17.390783238,25720.5
17.393408238000003,25714.0
17.396032238,25714.0
17.398657238000002,25714.0
17.401281238000003,25714.0
17.403906238,25714.0
17.406530238000002,25714.0
17.409155238,25714.0
17.411779238,25714.0
17.414404238,25714.0
17.417028238,25714.0
17.419653238000002,25726.875
17.422277238,25726.875
17.424902238,25726.875
17.427526238000002,25726.875
17.430151238,25726.875
17.432776238000002,25726.875
17.435400238,25726.875
17.438025238,25726.875
17.440649238000002,25726.875
17.443274238,25726.875
17.445898238,25714.0
17.448523238,25714.0
17.451147238,25714.0
17.453772238000003,25714.0
17.456396238,25714.0
17.459021238000002,25714.0
17.461645238000003,25714.0
17.464270238,25714.0
17.466894238000002,25714.0
17.469519238,25714.0
17.472143238,25707.625
17.474768238,25707.625
17.477392238,25707.625
17.480017238000002,25707.625
17.482641238,25707.625
17.485266238,25707.625
17.487890238000002,25707.625
17.490515238,25707.625
17.493139238,25707.625
17.495764238,25720.5
17.498388238,25720.5
17.501013238000002,25720.5
17.503637238,25720.5
17.506262238,25720.5
17.508886238000002,25720.5
17.511511238,25720.5
17.514135238,25720.5
17.516760238,25720.5
17.519384238,25720.5
17.522009238000003,25694.625
17.524633238,25694.625
17.527258238,25694.625
17.529882238000003,25694.625
17.532507238,25694.625
17.535131238,25694.625
17.537756238,25694.625
17.540380238,25694.625
17.543005238000003,25694.625
17.545630238,25694.625
17.548254238000002,25668.875
17.550879238,25668.875
17.553503238,25668.875
17.556128238,25668.875
17.558752238,25668.875
17.561377238000002,25668.875
17.564001238,25668.875
17.566626238,25668.875
17.569250238000002,25668.875
17.571875238,25681.75
17.574499238,25681.75
17.577124238,25681.75
17.579748238,25681.75
17.582373238000002,25681.75
17.584997238,25681.75
17.587622238,25681.75
17.590246238000002,25681.75
17.592871238,25681.75
17.595495238,25681.75
17.598120238,25694.625
17.600744238,25694.625
17.603369238000003,25694.625
17.605993238,25694.625
17.608618238000002,25694.625
17.611242238000003,25694.625
17.613867238,25694.625
17.616491238000002,25694.625
17.619116238,25694.625
17.621740238,25694.625
17.624365238,25694.625
17.626989238,25694.625
17.629614238000002,25694.625
17.632238238,25694.625
17.634863238,25694.625
17.637487238000002,25694.625
17.640112238,25694.625
17.642736238,25694.625
17.645361238,25694.625
17.647985238,25681.75
17.650610238000002,25681.75
17.653235238,25681.75
17.655859238,25681.75
17.658484238,25681.75
17.661108238,25681.75
17.663733238000003,25681.75
17.666357238,25681.75
17.668982238,25681.75
17.671606238000003,25681.75
17.674231238,25656.0
17.676855238,25656.0
17.679480238,25656.0
17.682104238,25656.0
17.684729238000003,25656.0
17.687353238,25656.0
17.689978238000002,25656.0
17.692602238000003,25656.0
17.695227238,25656.0
17.697851238000002,25604.5
17.700476238,25604.5
17.703100238,25604.5
17.705725238,25604.5
17.708349238,25604.5
17.710974238000002,25604.5
17.713598238,25604.5
17.716223238,25604.5
17.718847238000002,25604.5
17.721472238,25604.5
17.724096238,25656.0
17.726721238,25656.0
17.729345238,25656.0
17.731970238000002,25656.0
17.734594238,25656.0
17.737219238,25656.0
17.739843238000002,25656.0
17.742468238,25656.0
17.745092238,25656.0
17.747717238,25656.0
17.750341238,25681.75
17.752966238000003,25681.75
17.755590238,25681.75
17.758215238000002,25681.75
17.760839238000003,25681.75
17.763464238,25681.75
17.766089238000003,25681.75
17.768713238,25681.75
17.771338238000002,25681.75
17.773962238000003,25681.75
17.776587238,25656.0
17.779211238000002,25656.0
17.781836238,25656.0
17.784460238,25656.0
17.787085238,25656.0
17.789709238,25656.0
17.792334238000002,25656.0
17.794958238,25656.0
17.797583238,25656.0
17.800207238000002,25656.0
17.802832238,25643.125
17.805456238,25643.125
17.808081238,25643.125
17.810705238,25643.125
17.813330238000002,25643.125
17.815954238,25643.125
17.818579238,25643.125
17.821203238000003,25643.125
17.823828238,25643.125
17.826452238,25675.375
17.829077238,25675.375
17.831701238,25675.375
17.834326238000003,25675.375
17.836950238,25675.375
17.839575238000002,25675.375
17.842199238000003,25675.375
17.844824238,25675.375
17.847448238000002,25675.375
17.850073238,25675.375
17.852697238,25688.25
17.855322238,25688.25
17.857946238,25688.25
17.860571238000002,25688.25
17.863195238,25688.25
17.865820238,25688.25
17.868444238000002,25688.25
17.871069238,25688.25
17.873693238,25688.25
17.876318238,25675.375
17.878943238,25675.375
17.881567238000002,25675.375
17.884192238,25675.375
17.886816238,25675.375
17.889441238,25675.375
17.892065238,25675.375
17.894690238000003,25675.375
17.897314238,25675.375
17.899939238,25675.375
17.902563238000003,25681.75
17.905188238,25681.75
17.907812238,25681.75
17.910437238,25681.75
17.913061238,25681.75
17.915686238000003,25681.75
17.918310238,25681.75
17.920935238000002,25681.75
17.923559238000003,25681.75
17.926184238,25681.75
17.928808238000002,25688.25
17.931433238,25688.25
17.934057238,25688.25
17.936682238,25688.25
17.939306238,25688.25
17.941931238000002,25688.25
17.944555238,25688.25
17.947180238,25688.25
17.949804238000002,25688.25
17.952429238,25688.25
17.955053238,25688.25
17.957678238,25688.25
17.960302238,25688.25
17.962927238000002,25688.25
17.965551238,25688.25
17.968176238,25688.25
17.970800238000002,25688.25
17.973425238,25688.25
17.976049238,25688.25
17.978674238,25688.25
17.981298238,25688.25
17.983923238000003,25688.25
17.986547238,25688.25
17.989172238000002,25688.25
17.991797238,25688.25
17.994421238,25688.25
17.997046238,25688.25
17.999670238,25688.25
18.002295238000002,25688.25
18.004919238,25675.375
18.007544238,25675.375
18.010168238000002,25675.375
18.012793238,25675.375
18.015417238,25675.375
18.018042238,25675.375
18.020666238,25675.375
18.023291238000002,25675.375
18.025915238,25675.375
18.028540238,25675.375
18.031164238000002,25636.75
18.033789238,25636.75
18.036413238,25636.75
18.039038238,25636.75
18.041662238,25636.75
18.044287238000003,25636.75
18.046911238,25636.75
18.049536238,25636.75
18.052160238000003,25636.75
18.054785238,25636.75
18.057409238,25636.75
18.060034238,25636.75
18.062658238,25636.75
18.065283238000003,25636.75
18.067907238,25636.75
18.070532238000002,25636.75
18.073156238000003,25636.75
18.075781238,25636.75
18.078405238000002,25636.75
18.081030238,25675.375
18.083654238,25675.375
18.086279238,25675.375
18.088903238,25675.375
18.091528238000002,25675.375
18.094152238,25675.375
18.096777238,25675.375
18.099401238000002,25675.375
18.102026238,25675.375
18.104651238000002,25675.375
18.107275238,25662.5
18.109900238,25662.5
18.112524238000002,25662.5
18.115149238,25662.5
18.117773238,25662.5
18.120398238,25662.5
18.123022238,25662.5
18.125647238000003,25662.5
18.128271238,25662.5
18.130896238000002,25662.5
18.133520238000003,25565.875
18.136145238,25565.875
18.138769238000002,25565.875
18.141394238,25565.875
18.144018238,25565.875
18.146643238000003,25565.875
18.149267238,25565.875
18.151892238000002,25565.875
18.154516238,25565.875
18.157141238,25533.625
18.159765238000002,25533.625
18.162390238,25533.625
18.165014238,25533.625
18.167639238,25533.625
18.170263238,25533.625
18.172888238000002,25533.625
18.175512238,25533.625
18.178137238,25533.625
18.180761238000002,25533.625
18.183386238,25610.875
18.186010238,25610.875
18.188635238,25610.875
18.191259238,25610.875
18.193884238000003,25610.875
18.196508238,25610.875
18.199133238,25610.875
18.201757238000003,25610.875
18.204382238,25610.875
18.207006238,25610.875
18.209631238,25649.625
18.212255238,25649.625
18.214880238000003,25649.625
18.217505238,25649.625
18.220129238000002,25649.625
18.222754238,25649.625
18.225378238,25649.625
18.228003238,25649.625
18.230627238,25649.625
18.233252238000002,25630.25
18.235876238,25630.25
18.238501238,25630.25
18.241125238000002,25630.25
18.243750238,25630.25
18.246374238,25630.25
18.248999238,25630.25
18.251623238,25630.25
18.254248238000002,25630.25
18.256872238,25630.25
18.259497238,25578.75
18.262121238000002,25578.75
18.264746238,25578.75
18.267370238,25578.75
18.269995238,25578.75
18.272619238,25578.75
18.275244238000003,25578.75
18.277868238,25578.75
18.280493238000002,25578.75
18.283117238000003,25578.75
18.285742238,25604.5
18.288366238000002,25604.5
18.290991238,25604.5
18.293615238,25604.5
18.296240238000003,25604.5
18.298864238,25604.5
18.301489238000002,25604.5
18.304113238000003,25604.5
18.306738238,25604.5
18.309362238000002,25604.5
18.311987238,25643.125
18.314611238,25643.125
18.317236238,25643.125
18.319860238,25643.125
18.322485238000002,25643.125
18.325110238,25643.125
18.327734238,25643.125
18.330359238,25643.125
18.332983238,25643.125
18.335608238000003,25649.625
18.338232238,25649.625
18.340857238,25649.625
18.343481238000003,25649.625
18.346106238,25649.625
18.348730238,25649.625
18.351355238,25649.625
18.353979238,25649.625
18.356604238000003,25649.625
18.359228238,25649.625
18.361853238000002,25643.125
18.364477238000003,25643.125
18.367102238,25643.125
18.369726238000002,25643.125
18.372351238,25643.125
18.374975238,25643.125
18.377600238,25643.125
18.380224238,25643.125
18.382849238000002,25643.125
18.385473238,25643.125
18.388098238,25630.25
18.390722238000002,25630.25
18.393347238,25630.25
18.395971238,25630.25
18.398596238,25630.25
18.401220238,25630.25
18.403845238000002,25630.25
18.406469238,25630.25
18.409094238,25630.25
18.411718238000002,25649.625
18.414343238,25649.625
18.416967238,25649.625
18.419592238,25649.625
18.422216238,25649.625
18.424841238000003,25649.625
18.427465238,25649.625
18.430090238000002,25649.625
18.432714238000003,25649.625
18.435339238,25649.625
18.437964238000003,25623.75
18.440588238,25623.75
18.443213238000002,25623.75
18.445837238000003,25623.75
18.448462238,25623.75
18.451086238000002,25623.75
18.453711238,25623.75
18.456335238,25623.75
18.458960238,25623.75
18.461584238,25623.75
18.464209238000002,25623.75
18.466833238,25623.75
18.469458238,25623.75
18.472082238000002,25623.75
18.474707238,25623.75
18.477331238,25623.75
18.479956238,25623.75
18.482580238,25623.75
18.485205238000002,25623.75
18.487829238,25649.625
18.490454238,25649.625
18.493078238000003,25649.625
18.495703238,25649.625
18.498327238,25649.625
18.500952238,25649.625
18.503576238,25649.625
18.506201238000003,25649.625
18.508825238,25649.625
18.511450238000002,25649.625
18.514074238000003,25623.75
18.516699238,25623.75
18.519323238000002,25623.75
18.521948238,25623.75
18.524572238,25623.75
18.527197238,25623.75
18.529821238,25623.75
18.532446238000002,25623.75
18.535070238,25623.75
18.537695238,25559.375
18.540319238000002,25559.375
18.542944238,25559.375
18.545568238,25559.375
18.548193238,25559.375
18.550818238,25559.375
18.553442238000002,25559.375
18.556067238,25559.375
18.558691238,25559.375
18.561316238,25559.375
18.563940238,25604.5
18.566565238000003,25604.5
18.569189238,25604.5
18.571814238,25604.5
18.574438238000003,25604.5
18.577063238,25604.5
18.579687238,25604.5
18.582312238,25604.5
18.584936238,25604.5
18.587561238000003,25604.5
18.590185238,25675.375
18.592810238000002,25675.375
18.595434238000003,25675.375
18.598059238,25675.375
18.600683238000002,25675.375
18.603308238,25675.375
18.605932238,25675.375
18.608557238,25675.375
18.611181238,25675.375
18.613806238000002,25675.375
18.616430238,25662.5
18.619055238,25662.5
18.621679238000002,25662.5
18.624304238,25662.5
18.626928238,25662.5
18.629553238,25662.5
18.632177238,25662.5
18.634802238000002,25662.5
18.637426238,25662.5
18.640051238,25662.5
18.642675238000002,25630.25
18.645300238,25630.25
18.647924238,25630.25
18.650549238,25630.25
18.653173238,25630.25
18.655798238000003,25630.25
18.658422238,25630.25
18.661047238000002,25630.25
18.663672238,25630.25
18.666296238,25681.75
18.668921238000003,25681.75
18.671545238,25681.75
18.674170238000002,25681.75
18.676794238000003,25681.75
18.679419238,25681.75
18.682043238000002,25681.75
18.684668238,25681.75
18.687292238,25681.75
18.689917238,25681.75
18.692541238,25681.75
18.695166238000002,25681.75
18.697790238,25681.75
18.700415238,25681.75
18.703039238000002,25681.75
18.705664238,25681.75
18.708288238,25681.75
18.710913238,25681.75
18.713537238,25681.75
18.716162238000003,25649.625
18.718786238,25649.625
18.721411238,25649.625
18.724035238000003,25649.625
18.726660238,25649.625
18.729284238,25649.625
18.731909238,25649.625
18.734533238,25649.625
18.737158238000003,25649.625
18.739782238,25649.625
18.742407238000002,25668.875
18.745031238000003,25668.875
18.747656238,25668.875
18.750280238000002,25668.875
18.752905238,25668.875
18.755529238,25668.875
18.758154238,25668.875
18.760778238,25668.875
18.763403238000002,25668.875
18.766027238,25668.875
18.768652238,25668.875
18.771276238000002,25668.875
18.773901238,25668.875
18.776526238000002,25668.875
18.779150238,25668.875
18.781775238,25668.875
18.784399238000002,25668.875
18.787024238,25668.875
18.789648238,25668.875
18.792273238,25668.875
18.794897238,25662.5
18.797522238000003,25662.5
18.800146238,25662.5
18.802771238000002,25662.5
18.805395238000003,25662.5
18.808020238,25662.5
18.810644238000002,25662.5
18.813269238,25662.5
18.815893238,25662.5
18.818518238000003,25675.375
18.821142238,25675.375
18.823767238000002,25675.375
18.826391238000003,25675.375
18.829016238,25675.375
18.831640238000002,25675.375
18.834265238,25675.375
18.836889238,25675.375
18.839514238,25675.375
18.842138238,25675.375
18.844763238000002,25675.375
18.847387238,25675.375
18.850012238,25675.375
18.852636238000002,25675.375
18.855261238,25675.375
18.857885238,25675.375
18.860510238,25675.375
18.863134238,25675.375
18.865759238000003,25675.375
18.868383238,25675.375
18.871008238,25681.75
18.873632238000003,25681.75
18.876257238,25681.75
18.878881238,25681.75
18.881506238,25681.75
18.884130238,25681.75
18.886755238000003,25681.75
18.889380238,25681.75
18.892004238000002,25681.75
18.894629238,25688.25
18.897253238,25688.25
18.899878238,25688.25
18.902502238,25688.25
18.905127238000002,25688.25
18.907751238,25688.25
18.910376238,25688.25
18.913000238000002,25688.25
18.915625238,25688.25
18.918249238,25688.25
18.920874238,25668.875
18.923498238,25668.875
18.926123238000002,25668.875
18.928747238,25668.875
18.931372238,25668.875
18.933996238000002,25668.875
18.936621238,25668.875
18.939245238,25668.875
18.941870238,25668.875
18.944494238,25668.875
18.947119238000003,25675.375
18.949743238,25675.375
18.952368238000002,25675.375
18.954992238000003,25675.375
18.957617238,25675.375
18.960241238000002,25675.375
18.962866238,25675.375
18.965490238,25675.375
18.968115238000003,25675.375
18.970739238,25675.375
18.973364238000002,25688.25
18.975988238000003,25688.25
18.978613238,25688.25
18.981237238000002,25688.25
18.983862238,25688.25
18.986486238,25688.25
18.989111238,25688.25
18.991735238,25688.25
18.994360238000002,25688.25
18.996985238,25681.75
18.999609238,25681.75
19.002234238,25681.75
19.004858238,25681.75
19.007483238000003,25681.75
19.010107238,25681.75
19.012732238,25681.75
19.015356238000003,25681.75
19.017981238,25681.75
19.020605238,25681.75
19.023230238,25662.5
19.025854238,25662.5
19.028479238000003,25662.5
19.031103238,25662.5
19.033728238000002,25662.5
19.036352238000003,25662.5
19.038977238,25662.5
19.041601238000002,25662.5
19.044226238,25662.5
19.046850238,25662.5
19.049475238,25656.0
19.052099238,25656.0
19.054724238000002,25656.0
19.057348238,25656.0
19.059973238,25656.0
19.062597238000002,25656.0
19.065222238,25656.0
19.067846238,25656.0
19.070471238,25656.0
19.073095238,25662.5
19.075720238000002,25662.5
19.078344238,25662.5
19.080969238,25662.5
19.083593238000002,25662.5
19.086218238,25662.5
19.088842238,25662.5
19.091467238,25662.5
19.094091238,25662.5
19.096716238000003,25662.5
19.099340238,25688.25
19.101965238000002,25688.25
19.104589238000003,25688.25
19.107214238,25688.25
19.109839238000003,25688.25
19.112463238,25688.25
19.115088238000002,25688.25
19.117712238000003,25688.25
19.120337238,25688.25
19.122961238000002,25688.25
19.125586238,25662.5
19.128210238,25662.5
19.130835238,25662.5
19.133459238,25662.5
19.136084238000002,25662.5
19.138708238,25662.5
19.141333238,25662.5
19.143957238000002,25662.5
19.146582238,25662.5
19.149206238,25662.5
19.151831238,25572.25
19.154455238,25572.25
19.157080238000002,25572.25
19.159704238,25572.25
19.162329238,25572.25
19.164953238000003,25572.25
19.167578238,25572.25
19.170202238,25572.25
19.172827238,25572.25
19.175451238,25565.875
19.178076238000003,25565.875
19.180700238,25565.875
19.183325238000002,25565.875
19.185949238000003,25565.875
19.188574238,25565.875
19.191198238000002,25565.875
19.193823238,25565.875
19.196447238,25565.875
19.199072238000003,25565.875
19.201696238,25649.625
19.204321238000002,25649.625
19.206945238,25649.625
19.209570238,25649.625
19.212194238000002,25649.625
19.214819238,25649.625
19.217443238,25649.625
19.220068238,25649.625
19.222693238,25649.625
19.225317238000002,25649.625
19.227942238,25630.25
19.230566238,25630.25
19.233191238,25630.25
19.235815238,25630.25
19.238440238000003,25630.25
19.241064238,25630.25
19.243689238,25630.25
19.246313238000003,25630.25
19.248938238,25630.25
19.251562238,25488.5
19.254187238,25488.5
19.256811238,25488.5
19.259436238000003,25488.5
19.262060238,25488.5
19.264685238000002,25488.5
19.267309238000003,25488.5
19.269934238,25488.5
19.272558238000002,25488.5
19.275183238,25488.5
19.277807238,25514.25
19.280432238,25514.25
19.283056238,25514.25
19.285681238000002,25514.25
19.288305238,25514.25
19.290930238,25514.25
19.293554238000002,25514.25
19.296179238,25514.25
19.298803238,25514.25
19.301428238,25514.25
19.304052238,25623.75
19.306677238000002,25623.75
19.309301238,25623.75
19.311926238,25623.75
19.314550238000002,25623.75
19.317175238,25623.75
19.319799238,25623.75
19.322424238,25623.75
19.325048238,25623.75
19.327673238000003,25604.5
19.330297238,25604.5
19.332922238000002,25604.5
19.335547238,25604.5
19.338171238,25604.5
19.340796238000003,25604.5
19.343420238,25604.5
19.346045238000002,25604.5
19.348669238000003,25604.5
19.351294238,25604.5
19.353918238000002,25540.0
19.356543238,25540.0
19.359167238,25540.0
19.361792238,25540.0
19.364416238,25540.0
19.367041238000002,25540.0
19.369665238,25540.0
19.372290238,25540.0
19.374914238000002,25540.0
19.377539238,25540.0
19.380163238,25578.75
19.382788238,25578.75
19.385412238,25578.75
19.388037238000003,25578.75
19.390661238,25578.75
19.393286238,25578.75
19.395910238000003,25578.75
19.398535238,25578.75
19.401159238,25578.75
19.403784238,25578.75
19.406408238,25578.75
19.409033238000003,25578.75
19.411657238,25578.75
19.414282238000002,25578.75
19.416906238000003,25578.75
19.419531238,25578.75
19.422155238000002,25578.75
19.424780238,25578.75
19.427404238,25578.75
19.430029238,25488.5
19.432653238,25488.5
19.435278238000002,25488.5
19.437902238,25488.5
19.440527238,25488.5
19.443151238000002,25488.5
19.445776238,25488.5
19.448401238000002,25488.5
19.451025238,25488.5
19.453650238,25488.5
19.456274238000002,25501.375
19.458899238,25501.375
19.461523238,25501.375
19.464148238,25501.375
19.466772238,25501.375
19.469397238000003,25501.375
19.472021238,25501.375
19.474646238000002,25501.375
19.477270238000003,25501.375
19.479895238,25501.375
19.482519238000002,25623.75
19.485144238,25623.75
19.487768238,25623.75
19.490393238000003,25623.75
19.493017238,25623.75
19.495642238000002,25623.75
19.498266238000003,25623.75
19.500891238,25623.75
19.503515238000002,25623.75
19.506140238,25617.375
19.508764238,25617.375
19.511389238,25617.375
19.514013238,25617.375
19.516638238000002,25617.375
19.519262238,25617.375
19.521887238,25617.375
19.524511238000002,25617.375
19.527136238,25617.375
19.529760238,25617.375
19.532385238,25398.25
19.535009238,25398.25
19.537634238000003,25398.25
19.540258238,25398.25
19.542883238,25398.25
19.545507238000003,25398.25
19.548132238,25398.25
19.550756238,25398.25
19.553381238,25398.25
19.556005238,25366.125
19.558630238000003,25366.125
19.561255238,25366.125
19.563879238000002,25366.125
19.566504238,25366.125
19.569128238,25366.125
19.571753238000003,25366.125
19.574377238,25366.125
19.577002238000002,25366.125
19.579626238,25366.125
19.582251238,25572.25
19.584875238000002,25572.25
19.587500238,25572.25
19.590124238,25572.25
19.592749238,25572.25
19.595373238,25572.25
19.597998238000002,25572.25
19.600622238,25572.25
19.603247238,25572.25
19.605871238000002,25572.25
19.608496238,25578.75
19.611120238,25578.75
19.613745238,25578.75
19.616369238,25578.75
19.618994238000003,25578.75
19.621618238,25578.75
19.624243238000002,25578.75
19.626867238000003,25578.75
19.629492238,25578.75
19.632116238000002,25578.75
19.634741238,25372.5
19.637365238,25372.5
19.639990238000003,25372.5
19.642614238,25372.5
19.645239238000002,25372.5
19.647863238000003,25372.5
19.650488238,25372.5
19.653112238000002,25372.5
19.655737238,25372.5
19.658361238,25372.5
19.660986238,25198.625
19.663610238,25198.625
19.666235238000002,25198.625
19.668860238,25198.625
19.671484238,25198.625
19.674109238,25198.625
19.676733238,25198.625
19.679358238000003,25198.625
19.681982238,25198.625
19.684607238,25379.0
19.687231238000003,25379.0
19.689856238,25379.0
19.692480238,25379.0
19.695105238,25379.0
19.697729238,25379.0
19.700354238000003,25379.0
19.702978238,25379.0
19.705603238000002,25379.0
19.708227238000003,25379.0
19.710852238,25507.875
19.713476238000002,25507.875
19.716101238,25507.875
19.718725238,25507.875
19.721350238000003,25507.875
19.723974238,25507.875
19.726599238000002,25507.875
19.729223238000003,25507.875
19.731848238,25507.875
19.734472238000002,25462.75
19.737097238,25462.75
19.739721238,25462.75
19.742346238,25462.75
19.744970238,25462.75
19.747595238000002,25462.75
19.750219238,25462.75
19.752844238,25462.75
19.755468238000002,25462.75
19.758093238,25462.75
19.760717238,25391.875
19.763342238,25391.875
19.765966238,25391.875
19.768591238000003,25391.875
19.771215238,25391.875
19.773840238000002,25391.875
19.776464238000003,25391.875
19.779089238,25391.875
19.781714238000003,25391.875
19.784338238,25391.875
19.786963238000002,25475.625
19.789587238000003,25475.625
19.792212238,25475.625
19.794836238000002,25475.625
19.797461238,25475.625
19.800085238,25475.625
19.802710238,25475.625
19.805334238,25475.625
19.807959238000002,25475.625
19.810583238,25475.625
19.813208238,25591.625
19.815832238000002,25591.625
19.818457238,25591.625
19.821081238,25591.625
19.823706238,25591.625
19.826330238,25591.625
19.828955238000002,25591.625
19.831579238,25591.625
19.834204238,25591.625
19.836828238000003,25591.625
19.839453238,25591.625
19.842077238,25591.625
19.844702238,25591.625
19.847326238,25591.625
19.849951238000003,25591.625
19.852575238,25591.625
19.855200238000002,25591.625
19.857824238000003,25591.625
19.860449238,25591.625
19.863073238000002,25488.5
19.865698238,25488.5
19.868322238,25488.5
19.870947238000003,25488.5
19.873571238,25488.5
19.876196238000002,25488.5
19.878820238000003,25488.5
19.881445238,25488.5
19.884069238000002,25488.5
19.886694238,25488.5
19.889318238,25469.125
19.891943238,25469.125
19.894568238,25469.125
19.897192238000002,25469.125
19.899817238,25469.125
19.902441238,25469.125
19.905066238,25469.125
19.907690238,25469.125
19.910315238000003,25469.125
19.912939238,25630.25
19.915564238,25630.25
19.918188238000003,25630.25
19.920813238,25630.25
19.923437238,25630.25
19.926062238,25630.25
19.928686238,25630.25
19.931311238000003,25630.25
19.933935238,25630.25
19.936560238000002,25630.25
19.939184238000003,25668.875
19.941809238,25668.875
19.944433238000002,25668.875
19.947058238,25668.875
19.949682238,25668.875
19.952307238,25668.875
19.954931238,25668.875
19.957556238000002,25668.875
19.960180238,25668.875
19.962805238,25668.875
19.965429238000002,25546.5
19.968054238,25546.5
19.970678238,25546.5
19.973303238,25546.5
19.975927238,25546.5
19.978552238000002,25546.5
19.981176238,25546.5
19.983801238,25546.5
19.986425238000002,25546.5
19.989050238,25546.5
19.991674238,25469.125
19.994299238,25469.125
19.996923238,25469.125
19.999548238000003,25469.125
20.002172238,25469.125
20.004797238000002,25469.125
20.007422238,25469.125
20.010046238,25469.125
20.012671238000003,25469.125
20.015295238,25610.875
20.017920238000002,25610.875
20.020544238000003,25610.875
20.023169238,25610.875
20.025793238000002,25610.875
20.028418238,25610.875
20.031042238,25610.875
20.033667238,25610.875
20.036291238,25610.875
20.038916238000002,25610.875
20.041540238,25617.375
20.044165238,25617.375
20.046789238000002,25617.375
20.049414238,25617.375
20.052038238,25617.375
20.054663238,25617.375
20.057287238,25617.375
20.059912238000003,25617.375
20.062536238,25617.375
20.065161238,25617.375
20.067785238000003,25417.625
20.070410238,25417.625
20.073034238,25417.625
20.075659238,25417.625
20.078283238,25417.625
20.080908238000003,25417.625
20.083532238,25417.625
20.086157238000002,25417.625
20.088781238000003,25417.625
20.091406238,25269.5
20.094030238000002,25269.5
20.096655238,25269.5
20.099279238,25269.5
20.101904238,25269.5
20.104528238,25269.5
20.107153238000002,25269.5
20.109777238,25269.5
20.112402238,25269.5
20.115026238000002,25269.5
20.117651238,25327.375
20.120276238000002,25327.375
20.122900238,25327.375
20.125525238,25327.375
20.128149238000002,25327.375
20.130774238,25327.375
20.133398238,25327.375
20.136023238,25327.375
20.138647238,25327.375
20.141272238000003,25327.375
20.143896238,25134.125
20.146521238000002,25134.125
20.149145238000003,25134.125
20.151770238,25134.125
20.154394238000002,25134.125
20.157019238,25134.125
20.159643238,25134.125
20.162268238000003,25134.125
20.164892238,25134.125
20.167517238000002,25134.125
20.170141238000003,24670.25
20.172766238,24670.25
20.175390238000002,24670.25
20.178015238,24670.25
20.180639238,24670.25
20.183264238,24670.25
20.185888238,24670.25
20.188513238000002,24670.25
20.191137238,24670.25
20.193762238,24477.0
20.196386238000002,24477.0
20.199011238,24477.0
20.201635238,24477.0
20.204260238,24477.0
20.206884238,24477.0
20.209509238000003,24477.0
20.212133238,24477.0
20.214758238,24477.0
20.217382238000003,24477.0
20.220007238,24760.5
20.222631238,24760.5
20.225256238,24760.5
20.227880238,24760.5
20.230505238000003,24760.5
20.233130238,24760.5
20.235754238000002,24760.5
20.238379238,24760.5
20.241003238,24760.5
20.243628238000003,24760.5
20.246252238,25056.875
20.248877238000002,25056.875
20.251501238000003,25056.875
20.254126238,25056.875
20.256750238000002,25056.875
20.259375238,25056.875
20.261999238,25056.875
20.264624238,25056.875
20.267248238,25056.875
20.269873238000002,25172.75
20.272497238,25172.75
20.275122238,25172.75
20.277746238000002,25172.75
20.280371238,25172.75
20.282995238,25172.75
20.285620238,25172.75
20.288244238,25172.75
20.290869238000003,25172.75
20.293493238,25172.75
20.296118238000002,25243.625
20.298742238000003,25243.625
20.301367238,25243.625
20.303991238000002,25243.625
20.306616238,25243.625
20.309240238,25243.625
20.311865238000003,25243.625
20.314489238,25243.625
20.317114238000002,25243.625
20.319738238000003,25243.625
20.322363238,25359.625
20.324987238000002,25359.625
20.327612238,25359.625
20.330236238,25359.625
20.332861238,25359.625
20.335485238,25359.625
20.338110238000002,25359.625
20.340735238,25359.625
20.343359238,25359.625
20.345984238,25359.625
20.348608238,25495.0
20.351233238000003,25495.0
20.353857238,25495.0
20.356482238,25495.0
20.359106238000003,25495.0
20.361731238,25495.0
20.364355238,25495.0
20.366980238,25495.0
20.369604238,25495.0
20.372229238000003,25604.5
20.374853238,25604.5
20.377478238000002,25604.5
20.380102238000003,25604.5
20.382727238,25604.5
20.385351238000002,25604.5
20.387976238,25604.5
20.390600238,25604.5
20.393225238000003,25604.5
20.395849238,25604.5
20.398474238000002,25643.125
20.401098238000003,25643.125
20.403723238,25643.125
20.406347238000002,25643.125
20.408972238,25643.125
20.411596238,25643.125
20.414221238,25643.125
20.416845238,25643.125
20.419470238000002,25643.125
20.422094238,25643.125
20.424719238,25565.875
20.427343238000002,25565.875
20.429968238,25565.875
20.432592238,25565.875
20.435217238,25565.875
20.437841238,25565.875
20.440466238000003,25565.875
20.443090238,25565.875
20.445715238000002,25565.875
20.448339238000003,25482.125
20.450964238,25482.125
20.453589238000003,25482.125
20.456213238,25482.125
20.458838238000002,25482.125
20.461462238000003,25482.125
20.464087238,25482.125
20.466711238000002,25482.125
20.469336238,25482.125
20.471960238,25482.125
20.474585238,25578.75
20.477209238,25578.75
20.479834238000002,25578.75
20.482458238,25578.75
20.485083238,25578.75
20.487707238000002,25578.75
20.490332238,25578.75
20.492956238,25578.75
20.495581238,25578.75
20.498205238,25578.75
20.500830238000002,25662.5
20.503454238,25662.5
20.506079238,25662.5
20.508703238000003,25662.5
20.511328238,25662.5
20.513952238,25662.5
20.516577238,25662.5
20.519201238,25662.5
20.521826238000003,25662.5
20.524450238,25636.75
20.527075238000002,25636.75
20.529699238000003,25636.75
20.532324238,25636.75
20.534948238000002,25636.75
20.537573238,25636.75
20.540197238,25636.75
20.542822238000003,25636.75
20.545446238,25636.75
20.548071238000002,25636.75
20.550695238000003,25643.125
20.553320238,25643.125
20.555944238000002,25643.125
20.558569238,25643.125
20.561193238,25643.125
20.563818238,25643.125
20.566443238,25643.125
20.569067238000002,25643.125
20.571692238,25643.125
20.574316238,25688.25
20.576941238,25688.25
20.579565238,25688.25
20.582190238000003,25688.25
20.584814238,25688.25
20.587439238,25688.25
20.590063238000003,25688.25
20.592688238,25688.25
20.595312238,25688.25
20.597937238,25688.25
20.600561238,25688.25
20.603186238000003,25694.625
20.605810238,25694.625
20.608435238000002,25694.625
20.611059238000003,25694.625
20.613684238,25694.625
20.616308238000002,25694.625
20.618933238,25694.625
20.621557238,25694.625
20.624182238000003,25694.625
20.626806238,25643.125
20.629431238000002,25643.125
20.632055238,25643.125
20.634680238,25643.125
20.637304238000002,25643.125
20.639929238,25643.125
20.642553238,25643.125
20.645178238,25643.125
20.647802238,25643.125
20.650427238000002,25643.125
20.653051238,25643.125
20.655676238,25643.125
20.658300238000002,25643.125
20.660925238,25643.125
20.663549238,25643.125
20.666174238,25643.125
20.668798238,25643.125
20.671423238000003,25643.125
20.674047238,25643.125
20.676672238000002,25643.125
20.679297238,25694.625
20.681921238,25694.625
20.684546238000003,25694.625
20.687170238,25694.625
20.689795238000002,25694.625
20.692419238000003,25694.625
20.695044238,25694.625
20.697668238000002,25694.625
20.700293238,25694.625
20.702917238,25701.125
20.705542238,25701.125
20.708166238,25701.125
20.710791238000002,25701.125
20.713415238,25701.125
20.716040238,25701.125
20.718664238000002,25701.125
20.721289238,25701.125
20.723913238,25701.125
20.726538238,25701.125
20.729162238,25662.5
20.731787238000003,25662.5
20.734411238,25662.5
20.737036238,25662.5
20.739660238000003,25662.5
20.742285238,25662.5
20.744909238,25662.5
20.747534238,25662.5
20.750158238,25662.5
20.752783238000003,25675.375
20.755407238,25675.375
20.758032238000002,25675.375
20.760656238000003,25675.375
20.763281238,25675.375
20.765905238000002,25675.375
20.768530238,25675.375
20.771154238,25675.375
20.773779238000003,25675.375
20.776403238,25675.375
20.779028238000002,25688.25
20.781652238000003,25688.25
20.784277238,25688.25
20.786901238000002,25688.25
20.789526238,25688.25
20.792151238000002,25688.25
20.794775238,25688.25
20.797400238,25688.25
20.800024238000002,25688.25
20.802649238,25688.25
20.805273238,25688.25
20.807898238,25688.25
20.810522238,25688.25
20.813147238000003,25688.25
20.815771238,25688.25
20.818396238000002,25688.25
20.821020238000003,25688.25
20.823645238,25688.25
20.826269238000002,25688.25
20.828894238,25688.25
20.831518238,25649.625
20.834143238000003,25649.625
20.836767238,25649.625
20.839392238000002,25649.625
20.842016238000003,25649.625
20.844641238,25649.625
20.847265238000002,25649.625
20.849890238,25649.625
20.852514238,25649.625
20.855139238,25668.875
20.857763238,25668.875
20.860388238000002,25668.875
20.863012238,25668.875
20.865637238,25668.875
20.868261238000002,25668.875
20.870886238,25668.875
20.873510238,25668.875
20.876135238,25668.875
20.878759238,25668.875
20.881384238000003,25656.0
20.884008238,25656.0
20.886633238,25656.0
20.889257238000003,25656.0
20.891882238,25656.0
20.894506238,25656.0
20.897131238,25656.0
20.899755238,25656.0
20.902380238000003,25656.0
20.905005238,25656.0
20.907629238000002,25520.75
20.910254238,25520.75
20.912878238,25520.75
20.915503238000003,25520.75
20.918127238,25520.75
20.920752238000002,25520.75
20.923376238000003,25520.75
20.926001238,25520.75
20.928625238000002,25520.75
20.931250238,25527.125
20.933874238,25527.125
20.936499238,25527.125
20.939123238,25527.125
20.941748238000002,25527.125
20.944372238,25527.125
20.946997238,25527.125
20.949621238000002,25527.125
20.952246238,25527.125
20.954870238,25527.125
20.957495238,25617.375
20.960119238,25617.375
20.962744238000003,25617.375
20.965368238,25617.375
20.967993238000002,25617.375
20.970617238000003,25617.375
20.973242238,25617.375
20.975866238000002,25617.375
20.978491238,25617.375
20.981115238,25617.375
20.983740238000003,25565.875
20.986364238,25565.875
20.988989238000002,25565.875
20.991613238000003,25565.875
20.994238238,25565.875
20.996862238000002,25565.875
20.999487238,25565.875
21.002111238,25565.875
21.004736238,25565.875
21.007360238,25565.875
21.009985238000002,25411.25
21.012610238,25411.25
21.015234238,25411.25
21.017859238,25411.25
21.020483238,25411.25
21.023108238000003,25411.25
21.025732238,25411.25
21.028357238,25411.25
21.030981238000003,25411.25
21.033606238,25417.625
21.036230238,25417.625
21.038855238,25417.625
21.041479238,25417.625
21.044104238000003,25417.625
21.046728238,25417.625
21.049353238000002,25417.625
21.051977238000003,25417.625
21.054602238,25417.625
21.057226238000002,25417.625
21.059851238,25514.25
21.062475238,25514.25
21.065100238000003,25514.25
21.067724238,25514.25
21.070349238000002,25514.25
21.072973238000003,25514.25
21.075598238,25514.25
21.078222238000002,25514.25
21.080847238,25514.25
21.083471238,25514.25
21.086096238,25475.625
21.088720238,25475.625
21.091345238000002,25475.625
21.093969238,25475.625
21.096594238,25475.625
21.099218238000002,25475.625
21.101843238,25475.625
21.104467238,25475.625
21.107092238,25475.625
21.109716238,25366.125
21.112341238000003,25366.125
21.114965238,25366.125
21.117590238000002,25366.125
21.120214238000003,25366.125
21.122839238,25366.125
21.125464238000003,25366.125
21.128088238,25366.125
21.130713238000002,25366.125
21.133337238000003,25366.125
21.135962238,25366.125
21.138586238000002,25366.125
21.141211238,25366.125
21.143835238,25366.125
21.146460238000003,25366.125
21.149084238,25366.125
21.151709238000002,25366.125
21.154333238000003,25366.125
21.156958238,25366.125
21.159582238000002,25366.125
21.162207238,25520.75
21.164831238,25520.75
21.167456238,25520.75
21.170080238,25520.75
21.172705238000002,25520.75
21.175329238,25520.75
21.177954238,25520.75
21.180578238000003,25520.75
21.183203238,25520.75
21.185827238,25520.75
21.188452238,25610.875
21.191076238,25610.875
21.193701238000003,25610.875
21.196325238,25610.875
21.198950238000002,25610.875
21.201574238000003,25610.875
21.204199238,25610.875
21.206823238000002,25610.875
21.209448238,25610.875
21.212072238,25540.0
21.214697238000003,25540.0
21.217321238,25540.0
21.219946238000002,25540.0
21.222570238000003,25540.0
21.225195238,25540.0
21.227819238000002,25540.0
21.230444238,25540.0
21.233068238,25540.0
21.235693238,25540.0
21.238318238,25424.125
21.240942238000002,25424.125
21.243567238,25424.125
21.246191238,25424.125
21.248816238,25424.125
21.251440238,25424.125
21.254065238000003,25424.125
21.256689238,25424.125
21.259314238,25424.125
21.261938238000003,25424.125
21.264563238,25540.0
21.267187238,25540.0
21.269812238,25540.0
21.272436238,25540.0
21.275061238000003,25540.0
21.277685238,25540.0
21.280310238000002,25540.0
21.282934238000003,25540.0
21.285559238,25540.0
21.288183238000002,25675.375
21.290808238,25675.375
21.293432238,25675.375
21.296057238000003,25675.375
21.298681238,25675.375
21.301306238000002,25675.375
21.303930238000003,25675.375
21.306555238,25675.375
21.309179238000002,25675.375
21.311804238,25675.375
21.314428238,25668.875
21.317053238,25668.875
21.319677238,25668.875
21.322302238000002,25668.875
21.324926238,25668.875
21.327551238,25668.875
21.330175238000002,25668.875
21.332800238,25668.875
21.335424238,25668.875
21.338049238,25668.875
21.340673238,25372.5
21.343298238000003,25372.5
21.345922238,25372.5
21.348547238000002,25372.5
21.351172238,25372.5
21.353796238,25372.5
21.356421238000003,25372.5
21.359045238,25372.5
21.361670238000002,25372.5
21.364294238000003,25372.5
21.366919238,24831.375
21.369543238000002,24831.375
21.372168238,24831.375
21.374792238,24831.375
21.377417238,24831.375
21.380041238,24831.375
21.382666238000002,24831.375
21.385290238,24831.375
21.387915238,24831.375
21.390539238000002,25101.875
21.393164238,25101.875
21.395788238,25101.875
21.398413238,25101.875
21.401037238,25101.875
21.403662238000003,25101.875
21.406286238,25101.875
21.408911238,25101.875
21.411535238000003,25101.875
21.414160238,25101.875
21.416784238,25501.375
21.419409238,25501.375
21.422033238,25501.375
21.424658238000003,25501.375
21.427282238,25501.375
21.429907238000002,25501.375
21.432531238000003,25501.375
21.435156238,25501.375
21.437780238000002,25501.375
21.440405238,25501.375
21.443029238,25437.0
21.445654238000003,25437.0
21.448278238,25437.0
21.450903238000002,25437.0
21.453527238000003,25437.0
21.456152238,25437.0
21.458776238000002,25437.0
21.461401238,25437.0
21.464026238000002,25437.0
21.466650238,25095.5
21.469275238,25095.5
21.471899238000002,25095.5
21.474524238,25095.5
21.477148238,25095.5
21.479773238,25095.5
21.482397238,25095.5
21.485022238000003,25095.5
21.487646238,25095.5
21.490271238000002,25095.5
21.492895238000003,25147.0
21.495520238,25147.0
21.498144238000002,25147.0
21.500769238,25147.0
21.503393238,25147.0
21.506018238000003,25147.0
21.508642238,25147.0
21.511267238000002,25147.0
21.513891238000003,25147.0
21.516516238,25147.0
21.519140238000002,25533.625
21.521765238,25533.625
21.524389238,25533.625
21.527014238,25533.625
21.529638238,25533.625
21.532263238000002,25533.625
21.534887238,25533.625
21.537512238,25533.625
21.540136238000002,25533.625
21.542761238,25630.25
21.545385238,25630.25
21.548010238,25630.25
21.550634238,25630.25
21.553259238000003,25630.25
21.555883238,25630.25
21.558508238,25630.25
21.561132238000003,25630.25
21.563757238,25630.25
21.566381238,25630.25
21.569006238,25578.75
21.571630238,25578.75
21.574255238000003,25578.75
21.576880238,25578.75
21.579504238000002,25578.75
21.582129238,25578.75
21.584753238,25578.75
21.587378238000003,25578.75
21.590002238,25578.75
21.592627238000002,25469.125
21.595251238000003,25469.125
21.597876238,25469.125
21.600500238000002,25469.125
21.603125238,25469.125
21.605749238,25469.125
21.608374238,25469.125
21.610998238,25469.125
21.613623238000002,25469.125
21.616247238,25469.125
21.618872238,25469.125
21.621496238000002,25424.125
21.624121238,25424.125
21.626745238,25424.125
21.629370238,25424.125
21.631994238,25424.125
21.634619238000003,25424.125
21.637243238,25424.125
21.639868238000002,25424.125
21.642492238000003,25424.125
21.645117238,25514.25
21.647741238000002,25514.25
21.650366238,25514.25
21.652990238,25514.25
21.655615238000003,25514.25
21.658239238,25514.25
21.660864238000002,25514.25
21.663488238000003,25514.25
21.666113238,25514.25
21.668737238000002,25514.25
21.671362238,25598.0
21.673986238,25598.0
21.676611238000003,25598.0
21.679235238,25598.0
21.681860238000002,25598.0
21.684485238,25598.0
21.687109238,25598.0
21.689734238,25598.0
21.692358238,25598.0
21.694983238000003,25598.0
21.697607238,25533.625
21.700232238,25533.625
21.702856238000003,25533.625
21.705481238,25533.625
21.708105238,25533.625
21.710730238,25533.625
21.713354238,25533.625
21.715979238000003,25533.625
21.718603238,25533.625
21.721228238000002,25379.0
21.723852238000003,25379.0
21.726477238,25379.0
21.729101238000002,25379.0
21.731726238,25379.0
21.734350238,25379.0
21.736975238000003,25379.0
21.739599238,25379.0
21.742224238000002,25379.0
21.744848238000003,25379.0
21.747473238,25385.375
21.750097238000002,25385.375
21.752722238,25385.375
21.755346238,25385.375
21.757971238,25385.375
21.760595238,25385.375
21.763220238000002,25385.375
21.765844238,25385.375
21.768469238,25385.375
21.771093238000002,25527.125
21.773718238,25527.125
21.776342238,25527.125
21.778967238,25527.125
21.781591238,25527.125
21.784216238000003,25527.125
21.786840238,25527.125
21.789465238000002,25527.125
21.792089238000003,25527.125
21.794714238,25527.125
21.797339238000003,25553.0
21.799963238,25553.0
21.802588238000002,25553.0
21.805212238000003,25553.0
21.807837238,25553.0
21.810461238000002,25553.0
21.813086238,25553.0
21.815710238,25553.0
21.818335238000003,25553.0
21.820959238,25553.0
21.823584238000002,25372.5
21.826208238000003,25372.5
21.828833238,25372.5
21.831457238000002,25372.5
21.834082238,25372.5
21.836706238,25372.5
21.839331238,25372.5
21.841955238,25372.5
21.844580238000002,25372.5
21.847204238,25372.5
21.849829238,25230.75
21.852453238000003,25230.75
21.855078238,25230.75
21.857702238,25230.75
21.860327238,25230.75
21.862951238,25230.75
21.865576238000003,25230.75
21.868200238,25230.75
21.870825238000002,25230.75
21.873449238000003,25340.375
21.876074238,25340.375
21.878698238000002,25340.375
21.881323238,25340.375
21.883947238,25340.375
21.886572238000003,25340.375
21.889196238,25340.375
21.891821238000002,25340.375
21.894445238000003,25340.375
21.897070238,25340.375
21.899694238000002,25443.375
21.902319238,25443.375
21.904943238,25443.375
21.907568238,25443.375
21.910193238,25443.375
21.912817238000002,25443.375
21.915442238,25443.375
21.918066238,25443.375
21.920691238,25443.375
21.923315238,25443.375
21.925940238000003,25366.125
21.928564238,25366.125
21.931189238,25366.125
21.933813238000003,25366.125
21.936438238,25366.125
21.939062238,25366.125
21.941687238,25366.125
21.944311238,25366.125
21.946936238000003,25366.125
21.949560238,25263.0
21.952185238000002,25263.0
21.954809238000003,25263.0
21.957434238,25263.0
21.960058238000002,25263.0
21.962683238,25263.0
21.965307238,25263.0
21.967932238000003,25263.0
21.970556238,25263.0
21.973181238000002,25263.0
21.975805238000003,25379.0
21.978430238,25379.0
21.981054238000002,25379.0
21.983679238,25379.0
21.986303238,25379.0
21.988928238,25379.0
21.991552238,25379.0
21.994177238000002,25379.0
21.996801238,25379.0
21.999426238,25379.0
22.002050238000002,25495.0
22.004675238,25495.0
22.007299238,25495.0
22.009924238,25495.0
22.012548238,25495.0
22.015173238000003,25495.0
22.017797238,25495.0
22.020422238000002,25495.0
22.023047238,25495.0
22.025671238,25495.0
22.028296238000003,25501.375
22.030920238,25501.375
22.033545238000002,25501.375
22.036169238000003,25501.375
22.038794238,25501.375
22.041418238000002,25501.375
22.044043238,25501.375
22.046667238,25501.375
22.049292238,25501.375
22.051916238,25527.125
22.054541238000002,25527.125
22.057165238,25527.125
22.059790238,25527.125
22.062414238000002,25527.125
22.065039238,25527.125
22.067663238,25527.125
22.070288238,25527.125
22.072912238,25527.125
22.075537238000003,25527.125
22.078161238,25630.25
22.080786238,25630.25
22.083410238000003,25630.25
22.086035238,25630.25
22.088659238,25630.25
22.091284238,25630.25
22.093908238,25630.25
22.096533238000003,25630.25
22.099157238,25630.25
22.101782238000002,25630.25
22.104406238000003,25604.5
22.107031238,25604.5
22.109655238000002,25604.5
22.112280238,25604.5
22.114904238,25604.5
22.117529238000003,25604.5
22.120153238,25604.5
22.122778238000002,25604.5
22.125402238000003,25604.5
22.128027238,25469.125
22.130651238000002,25469.125
22.133276238,25469.125
22.135901238000002,25469.125
22.138525238,25469.125
22.141150238,25469.125
22.143774238000002,25469.125
22.146399238,25469.125
22.149023238,25469.125
22.151648238,25469.125
22.154272238,25591.625
22.156897238000003,25591.625
22.159521238,25591.625
22.162146238000002,25591.625
22.164770238000003,25591.625
22.167395238,25591.625
22.170019238000002,25591.625
22.172644238,25591.625
22.175268238,25591.625
22.177893238000003,25591.625
22.180517238,25707.625
22.183142238000002,25707.625
22.185766238000003,25707.625
22.188391238,25707.625
22.191015238000002,25707.625
22.193640238,25707.625
22.196264238,25707.625
22.198889238000003,25707.625
22.201513238,25707.625
22.204138238000002,25707.625
22.206762238000003,25662.5
22.209387238,25662.5
22.212011238000002,25662.5
22.214636238,25662.5
22.217260238,25662.5
22.219885238,25662.5
22.222509238,25662.5
22.225134238000003,25662.5
22.227758238,25662.5
22.230383238,25591.625
22.233007238000003,25591.625
22.235632238,25591.625
22.238256238,25591.625
22.240881238,25591.625
22.243505238,25591.625
22.246130238000003,25591.625
22.248755238,25591.625
22.251379238000002,25591.625
22.254004238,25591.625
22.256628238,25688.25
22.259253238000003,25688.25
22.261877238,25688.25
22.264502238000002,25688.25
22.267126238000003,25688.25
22.269751238,25688.25
22.272375238000002,25688.25
22.275000238,25688.25
22.277624238,25688.25
22.280249238,25688.25
22.282873238,25739.75
22.285498238000002,25739.75
22.288122238,25739.75
22.290747238,25739.75
22.293371238000002,25739.75
22.295996238,25739.75
22.298620238,25739.75
22.301245238,25739.75
22.303869238,25739.75
22.306494238000003,25720.5
22.309118238,25720.5
22.311743238000002,25720.5
22.314367238000003,25720.5
22.316992238,25720.5
22.319616238000002,25720.5
22.322241238,25720.5
22.324865238,25720.5
22.327490238000003,25720.5
22.330114238,25720.5
22.332739238000002,25681.75
22.335363238000003,25681.75
22.337988238,25681.75
22.340612238000002,25681.75
22.343237238,25681.75
22.345861238,25681.75
22.348486238000003,25681.75
22.351110238,25681.75
22.353735238000002,25681.75
22.356360238,25681.75
22.358984238,25726.875
22.361609238,25726.875
22.364233238,25726.875
22.366858238000003,25726.875
22.369482238,25726.875
22.372107238,25726.875
22.374731238000003,25726.875
22.377356238,25726.875
22.379980238,25726.875
22.382605238,25726.875
22.385229238,25726.875
22.387854238000003,25726.875
22.390478238,25726.875
22.393103238000002,25726.875
22.395727238000003,25726.875
22.398352238,25726.875
22.400976238000002,25726.875
22.403601238,25726.875
22.406225238,25726.875
22.408850238000003,25688.25
22.411474238,25688.25
22.414099238000002,25688.25
22.416723238000003,25688.25
22.419348238,25688.25
22.421972238000002,25688.25
22.424597238,25688.25
22.427221238,25688.25
22.429846238,25688.25
22.432470238,25688.25
22.435095238000002,25701.125
22.437719238,25701.125
22.440344238,25701.125
22.442968238000002,25701.125
22.445593238,25701.125
22.448217238,25701.125
22.450842238,25701.125
22.453466238,25701.125
22.456091238000003,25701.125
22.458715238,25701.125
22.461340238000002,25694.625
22.463964238000003,25694.625
22.466589238,25694.625
22.469214238000003,25694.625
22.471838238,25694.625
22.474463238000002,25694.625
22.477087238000003,25694.625
22.479712238,25694.625
22.482336238000002,25694.625
22.484961238,25720.5
22.487585238,25720.5
22.490210238000003,25720.5
22.492834238,25720.5
22.495459238000002,25720.5
22.498083238000003,25720.5
22.500708238,25720.5
22.503332238000002,25720.5
22.505957238,25720.5
22.508581238,25720.5
22.511206238,25726.875
22.513830238,25726.875
22.516455238000002,25726.875
22.519079238,25726.875
22.521704238,25726.875
22.524328238000003,25726.875
22.526953238,25726.875
22.529577238,25726.875
22.532202238,25726.875
22.534826238,25726.875
22.537451238000003,25688.25
22.540075238,25688.25
22.542700238000002,25688.25
22.545324238000003,25688.25
22.547949238,25688.25
22.550573238000002,25688.25
22.553198238,25688.25
22.555822238,25688.25
22.558447238000003,25688.25
22.561071238,25656.0
22.563696238000002,25656.0
22.566320238000003,25656.0
22.568945238,25656.0
22.571569238000002,25656.0
22.574194238,25656.0
22.576818238,25656.0
22.579443238,25656.0
22.582068238,25656.0
22.584692238000002,25656.0
22.587317238,25668.875
22.589941238,25668.875
22.592566238,25668.875
22.595190238,25668.875
22.597815238000003,25668.875
22.600439238,25668.875
22.603064238,25668.875
22.605688238000003,25668.875
22.608313238,25668.875
22.610937238,25656.0
22.613562238,25656.0
22.616186238,25656.0
22.618811238000003,25656.0
22.621435238,25656.0
22.624060238000002,25656.0
22.626684238000003,25656.0
22.629309238,25656.0
22.631933238000002,25656.0
22.634558238,25656.0
22.637182238,25649.625
22.639807238000003,25649.625
22.642431238,25649.625
22.645056238000002,25649.625
22.647680238000003,25649.625
22.650305238,25649.625
22.652929238000002,25649.625
22.655554238,25649.625
22.658178238,25649.625
22.660803238,25649.625
22.663427238,25668.875
22.666052238000002,25668.875
22.668676238,25668.875
22.671301238,25668.875
22.673925238000002,25668.875
22.676550238,25668.875
22.679174238,25668.875
22.681799238,25668.875
22.684423238,25668.875
22.687048238000003,25668.875
22.689672238,25688.25
22.692297238000002,25688.25
22.694922238,25688.25
22.697546238,25688.25
22.700171238000003,25688.25
22.702795238,25688.25
22.705420238000002,25688.25
22.708044238000003,25688.25
22.710669238,25688.25
22.713293238000002,25688.25
22.715918238,25675.375
22.718542238,25675.375
22.721167238000003,25675.375
22.723791238,25675.375
22.726416238000002,25675.375
22.729040238000003,25675.375
22.731665238,25675.375
22.734289238000002,25675.375
22.736914238,25675.375
22.739538238,25662.5
22.742163238,25662.5
22.744787238,25662.5
22.747412238000003,25662.5
22.750036238,25662.5
22.752661238,25662.5
22.755285238000003,25662.5
22.757910238,25662.5
22.760534238,25662.5
22.763159238,25662.5
22.765783238,25656.0
22.768408238000003,25656.0
22.771032238,25656.0
22.773657238000002,25656.0
22.776281238000003,25656.0
22.778906238,25656.0
22.781530238000002,25656.0
22.784155238,25656.0
22.786779238,25656.0
22.789404238000003,25675.375
22.792028238,25675.375
22.794653238000002,25675.375
22.797277238000003,25675.375
22.799902238,25675.375
22.802526238000002,25675.375
22.805151238,25675.375
22.807776238000002,25675.375
22.810400238,25675.375
22.813025238,25675.375
22.815649238000002,25598.0
22.818274238,25598.0
22.820898238,25598.0
22.823523238,25598.0
22.826147238,25598.0
22.828772238000003,25598.0
22.831396238,25598.0
22.834021238000002,25598.0
22.836645238000003,25598.0
22.839270238,25598.0
22.841894238000002,25430.5
22.844519238,25430.5
22.847143238,25430.5
22.849768238000003,25430.5
22.852392238,25430.5
22.855017238000002,25430.5
22.857641238000003,25430.5
22.860266238,25430.5
22.862890238000002,25430.5
22.865515238,25430.5
22.868139238,25449.875
22.870764238000003,25449.875
22.873388238,25449.875
22.876013238000002,25449.875
22.878637238000003,25449.875
22.881262238,25449.875
22.883886238000002,25449.875
22.886511238,25449.875
22.889135238,25449.875
22.891760238,25578.75
22.894384238,25578.75
22.897009238000003,25578.75
22.899633238,25578.75
22.902258238,25578.75
22.904882238000003,25578.75
22.907507238,25578.75
22.910131238,25578.75
22.912756238,25578.75
22.915380238,25578.75
22.918005238000003,25630.25
22.920630238,25630.25
22.923254238000002,25630.25
22.925879238,25630.25
22.928503238,25630.25
22.931128238000003,25630.25
22.933752238,25630.25
22.936377238000002,25630.25
22.939001238000003,25630.25
22.941626238,25630.25
22.944250238000002,25578.75
22.946875238,25578.75
22.949499238,25578.75
22.952124238,25578.75
22.954748238,25578.75
22.957373238000002,25578.75
22.959997238,25578.75
22.962622238,25578.75
22.965246238000002,25578.75
22.967871238,25572.25
22.970495238,25572.25
22.973120238,25572.25
22.975744238,25572.25
22.978369238000003,25572.25
22.980993238,25572.25
22.983618238000002,25572.25
22.986242238000003,25572.25
22.988867238,25572.25
22.991491238000002,25572.25
22.994116238,25643.125
22.996740238,25643.125
22.999365238000003,25643.125
23.001989238,25643.125
23.004614238000002,25643.125
23.007238238000003,25643.125
23.009863238,25643.125
23.012487238000002,25643.125
23.015112238,25643.125
23.017736238,25643.125
23.020361238000003,25636.75
23.022985238,25636.75
23.025610238000002,25636.75
23.028235238,25636.75
23.030859238,25636.75
23.033484238,25636.75
23.036108238,25636.75
23.038733238000003,25636.75
23.041357238,25636.75
23.043982238,25636.75
23.046606238000003,25437.0
23.049231238,25437.0
23.051855238,25437.0
23.054480238,25437.0
23.057104238,25437.0
23.059729238000003,25437.0
23.062353238,25437.0
23.064978238000002,25437.0
23.067602238000003,25437.0
23.070227238,25282.375
23.072851238000002,25282.375
23.075476238,25282.375
23.078100238,25282.375
23.080725238000003,25282.375
23.083349238,25282.375
23.085974238000002,25282.375
23.088598238000003,25282.375
23.091223238,25282.375
23.093847238000002,25282.375
23.096472238,25346.75
23.099096238,25346.75
23.101721238000003,25346.75
23.104345238,25346.75
23.106970238000002,25346.75
23.109594238,25346.75
23.112219238,25346.75
23.114843238000002,25346.75
23.117468238,25346.75
23.120092238,25346.75
23.122717238,25372.5
23.125341238,25372.5
23.127966238000003,25372.5
23.130590238,25372.5
23.133215238000002,25372.5
23.135839238000003,25372.5
23.138464238,25372.5
23.141089238000003,25372.5
23.143713238,25372.5
23.146338238000002,25243.625
23.148962238000003,25243.625
23.151587238,25243.625
23.154211238000002,25243.625
23.156836238,25243.625
23.159460238,25243.625
23.162085238000003,25243.625
23.164709238,25243.625
23.167334238000002,25243.625
23.169958238000003,25243.625
23.172583238,25108.375
23.175207238000002,25108.375
23.177832238,25108.375
23.180456238,25108.375
23.183081238,25108.375
23.185705238,25108.375
23.188330238000002,25108.375
23.190954238,25108.375
23.193579238,25108.375
23.196203238000003,25108.375
23.198828238,25295.25
23.201452238,25295.25
23.204077238,25295.25
23.206701238,25295.25
23.209326238000003,25295.25
23.211950238,25295.25
23.214575238000002,25295.25
23.217199238000003,25295.25
23.219824238,25295.25
23.222448238000002,25295.25
23.225073238,25520.75
23.227697238,25520.75
23.230322238000003,25520.75
23.232946238,25520.75
23.235571238000002,25520.75
23.238195238000003,25520.75
23.240820238,25520.75
23.243444238000002,25520.75
23.246069238,25520.75
23.248693238,25694.625
23.251318238000003,25694.625
23.253943238,25694.625
23.256567238000002,25694.625
23.259192238,25694.625
23.261816238,25694.625
23.264441238,25694.625
23.267065238,25694.625
23.269690238000003,25694.625
23.272314238,25694.625
23.274939238,25520.75
23.277563238000003,25520.75
23.280188238,25520.75
23.282812238,25520.75
23.285437238,25520.75
23.288061238,25520.75
23.290686238000003,25520.75
23.293310238,25520.75
23.295935238000002,25520.75
23.298559238000003,25520.75
23.301184238,25217.875
23.303808238000002,25217.875
23.306433238,25217.875
23.309057238,25217.875
23.311682238000003,25217.875
23.314306238,25217.875
23.316931238000002,25217.875
23.319555238000003,25217.875
23.322180238,25217.875
23.324804238000002,25147.0
23.327429238,25147.0
23.330053238,25147.0
23.332678238,25147.0
23.335302238,25147.0
23.337927238000002,25147.0
23.340551238,25147.0
23.343176238,25147.0
23.345800238000002,25147.0
23.348425238,25147.0
23.351049238,25147.0
23.353674238,25147.0
23.356298238,25147.0
23.358923238000003,25147.0
23.361547238,25147.0
23.364172238000002,25147.0
23.366797238,25147.0
23.369421238,25147.0
23.372046238000003,25147.0
23.374670238,25147.0
23.377295238000002,25089.0
23.379919238000003,25089.0
23.382544238,25089.0
23.385168238000002,25089.0
23.387793238,25089.0
23.390417238,25089.0
23.393042238000003,25089.0
23.395666238,25089.0
23.398291238000002,25089.0
23.400915238000003,24882.875
23.403540238,24882.875
23.406164238000002,24882.875
23.408789238,24882.875
23.411413238,24882.875
23.414038238,24882.875
23.416662238,24882.875
23.419287238000003,24882.875
23.421911238,24882.875
23.424536238,24882.875
23.427160238000003,25108.375
