Time (s),Illuminance (lx)
0.0,73256.875
0.005855463,73218.25
0.008510463000000001,73218.25
0.011135463,73218.25
0.013759463000000001,73218.25
0.016384463000000002,73218.25
0.019008463,73218.25
0.021633463000000002,73218.25
0.024257463,73218.25
0.026882463000000002,73231.125
0.029506463,73231.125
0.032131463,73231.125
0.034755463,73231.125
0.037380463,73231.125
0.040005463000000005,73231.125
0.042629463,73231.125
0.045254463,73231.125
0.047878463,73231.125
0.050503463000000005,73231.125
0.05312746300000001,73250.5
0.055752463,73250.5
0.058376463,73250.5
0.061001463000000006,73250.5
0.06362546300000001,73250.5
0.06625046300000001,73250.5
0.06887446300000001,73250.5
0.071499463,73250.5
0.074123463,73250.5
0.076748463,73250.5
0.079372463,73250.5
0.081997463,73250.5
0.08462146300000001,73250.5
0.08724646300000001,73250.5
0.08987046300000001,73250.5
0.092495463,73250.5
0.095119463,73250.5
0.097744463,73250.5
0.100368463,73250.5
0.10299346300000001,73282.625
0.10561746300000001,73282.625
0.10824246300000001,73282.625
0.11086646300000001,73282.625
0.113491463,73282.625
0.116115463,73282.625
0.118740463,73282.625
0.121364463,73282.625
0.12398946300000001,73282.625
0.126613463,73282.625
0.129238463,73276.25
0.131862463,73276.25
0.134487463,73276.25
0.13711146300000002,73276.25
0.139736463,73276.25
0.14236046300000002,73276.25
0.144985463,73276.25
0.147609463,73276.25
0.150234463,73276.25
0.152859463,73269.75
0.15548346300000002,73269.75
0.158108463,73269.75
0.16073246300000002,73269.75
0.163357463,73269.75
0.16598146300000002,73269.75
0.168606463,73269.75
0.171230463,73269.75
0.17385546300000002,73269.75
0.176479463,73269.75
0.17910446300000002,73218.25
0.181728463,73218.25
0.18435346300000002,73218.25
0.186977463,73218.25
0.189602463,73218.25
0.19222646300000001,73218.25
0.194851463,73218.25
0.19747546300000002,73218.25
0.200100463,73218.25
0.20272446300000002,73218.25
0.205349463,73237.625
0.20797346300000003,73237.625
0.210598463,73237.625
0.213222463,73237.625
0.21584746300000002,73237.625
0.218471463,73237.625
0.22109646300000002,73237.625
0.223720463,73237.625
0.22634546300000002,73237.625
0.228969463,73256.875
0.23159446300000003,73256.875
0.23421846300000002,73256.875
0.236843463,73256.875
0.23946746300000002,73256.875
0.242092463,73256.875
0.24471646300000002,73256.875
0.247341463,73256.875
0.24996546300000003,73256.875
0.25259046300000004,73256.875
0.255214463,73237.625
0.257839463,73237.625
0.260463463,73237.625
0.263088463,73237.625
0.26571346300000004,73237.625
0.268337463,73237.625
0.27096246300000004,73237.625
0.273586463,73237.625
0.276211463,73237.625
0.278835463,73237.625
0.281460463,73250.5
0.284084463,73250.5
0.286709463,73250.5
0.289333463,73250.5
0.291958463,73250.5
0.294582463,73250.5
0.297207463,73250.5
0.299831463,73250.5
0.302456463,73250.5
0.305080463,73250.5
0.307705463,73244.0
0.310329463,73244.0
0.312954463,73244.0
0.31557846300000003,73244.0
0.318203463,73244.0
0.32082746300000003,73244.0
0.323452463,73244.0
0.32607646300000004,73244.0
0.328701463,73244.0
0.33132546300000004,73276.25
0.33395046300000003,73276.25
0.33657446300000005,73276.25
0.33919946300000003,73276.25
0.341823463,73276.25
0.34444846300000004,73276.25
0.347072463,73276.25
0.34969746300000004,73276.25
0.352321463,73276.25
0.35494646300000005,73276.25
0.357570463,73295.625
0.36019546300000005,73295.625
0.362819463,73295.625
0.365444463,73295.625
0.368068463,73295.625
0.370693463,73295.625
0.373317463,73295.625
0.375942463,73295.625
0.37856746300000005,73295.625
0.381191463,73295.625
0.383816463,73256.875
0.386440463,73256.875
0.389065463,73256.875
0.391689463,73256.875
0.394314463,73256.875
0.396938463,73256.875
0.399563463,73256.875
0.402187463,73256.875
0.404812463,73256.875
0.407436463,73256.875
0.410061463,73256.875
0.41268546300000003,73256.875
0.415310463,73256.875
0.41793446300000003,73256.875
0.420559463,73256.875
0.42318346300000004,73256.875
0.425808463,73256.875
0.42843246300000004,73256.875
0.43105746300000003,73256.875
0.43368146300000004,73256.875
0.43630646300000003,73256.875
0.43893046300000005,73256.875
0.44155546300000004,73256.875
0.44417946300000005,73256.875
0.44680446300000004,73256.875
0.449428463,73256.875
0.45205346300000004,73256.875
0.454677463,73256.875
0.45730246300000005,73269.75
0.459926463,73269.75
0.46255146300000005,73269.75
0.465175463,73269.75
0.46780046300000006,73269.75
0.470424463,73269.75
0.473049463,73269.75
0.475673463,73269.75
0.478298463,73269.75
0.480922463,73269.75
0.483547463,73256.875
0.486171463,73256.875
0.488796463,73256.875
0.49142146300000006,73256.875
0.494045463,73256.875
0.496670463,73256.875
0.499294463,73256.875
0.501919463,73256.875
0.5045434630000001,73256.875
0.5071684630000001,73256.875
0.509792463,73256.875
0.512417463,73256.875
0.515041463,73256.875
0.5176664630000001,73256.875
0.520290463,73256.875
0.522915463,73256.875
0.525539463,73256.875
0.5281644630000001,73256.875
0.530788463,73256.875
0.533413463,73256.875
0.536037463,73276.25
0.538662463,73276.25
0.541286463,73276.25
0.543911463,73276.25
0.546535463,73276.25
0.549160463,73276.25
0.5517844630000001,73276.25
0.554409463,73276.25
0.557033463,73276.25
0.559658463,73276.25
0.5622824630000001,73289.125
0.564907463,73289.125
0.567531463,73289.125
0.570156463,73289.125
0.5727804630000001,73289.125
0.5754054630000001,73289.125
0.578029463,73289.125
0.580654463,73289.125
0.5832784630000001,73289.125
0.5859034630000001,73295.625
0.588527463,73295.625
0.591152463,73295.625
0.5937764630000001,73295.625
0.5964014630000001,73295.625
0.599025463,73295.625
0.601650463,73295.625
0.604275463,73295.625
0.6068994630000001,73295.625
0.6095244630000001,73295.625
0.612148463,73302.0
0.614773463,73302.0
0.6173974630000001,73302.0
0.6200224630000001,73302.0
0.622646463,73302.0
0.625271463,73302.0
0.627895463,73302.0
0.6305204630000001,73302.0
0.633144463,73302.0
0.635769463,73269.75
0.638393463,73269.75
0.6410184630000001,73269.75
0.643642463,73269.75
0.646267463,73269.75
0.648891463,73269.75
0.651516463,73269.75
0.6541404630000001,73269.75
0.656765463,73269.75
0.659389463,73269.75
0.662014463,73256.875
0.6646384630000001,73256.875
0.6672634630000001,73256.875
0.669887463,73256.875
0.672512463,73256.875
0.6751364630000001,73256.875
0.6777614630000001,73256.875
0.680385463,73256.875
0.683010463,73256.875
0.6856344630000001,73256.875
0.6882594630000001,73276.25
0.690883463,73276.25
0.693508463,73276.25
0.6961324630000001,73276.25
0.6987574630000001,73276.25
0.701381463,73276.25
0.704006463,73276.25
0.7066304630000001,73276.25
0.7092554630000001,73276.25
0.7118804630000001,73276.25
0.714504463,73282.625
0.717129463,73282.625
0.7197534630000001,73282.625
0.7223784630000001,73282.625
0.725002463,73282.625
0.727627463,73282.625
0.7302514630000001,73282.625
0.7328764630000001,73282.625
0.735500463,73282.625
0.738125463,73289.125
0.740749463,73289.125
0.7433744630000001,73289.125
0.7459984630000001,73289.125
0.748623463,73289.125
0.751247463,73289.125
0.753872463,73289.125
0.7564964630000001,73289.125
0.759121463,73289.125
0.761745463,73289.125
0.764370463,73276.25
0.7669944630000001,73276.25
0.7696194630000001,73276.25
0.772243463,73276.25
0.774868463,73276.25
0.7774924630000001,73276.25
0.7801174630000001,73276.25
0.782741463,73276.25
0.785366463,73276.25
0.7879904630000001,73276.25
0.7906154630000001,73276.25
0.793239463,73276.25
0.795864463,73276.25
0.7984884630000001,73276.25
0.8011134630000001,73276.25
0.803737463,73276.25
0.806362463,73276.25
0.8089864630000001,73276.25
0.8116114630000001,73276.25
0.814235463,73295.625
0.816860463,73295.625
0.819484463,73295.625
0.8221094630000001,73295.625
0.8247344630000001,73295.625
0.827358463,73295.625
0.829983463,73295.625
0.8326074630000001,73295.625
0.8352324630000001,73295.625
0.837856463,73295.625
0.840481463,73302.0
0.843105463,73302.0
0.8457304630000001,73302.0
0.8483544630000001,73302.0
0.850979463,73302.0
0.853603463,73302.0
0.8562284630000001,73302.0
0.8588524630000001,73302.0
0.861477463,73302.0
0.864101463,73302.0
0.866726463,73282.625
0.8693504630000001,73282.625
0.8719754630000001,73282.625
0.874599463,73282.625
0.877224463,73282.625
0.8798484630000001,73282.625
0.8824734630000001,73282.625
0.885097463,73282.625
0.887722463,73282.625
0.8903464630000001,73282.625
0.8929714630000001,73289.125
0.895595463,73289.125
0.898220463,73289.125
0.9008444630000001,73289.125
0.9034694630000001,73289.125
0.906093463,73289.125
0.908718463,73289.125
0.9113424630000001,73289.125
0.9139674630000001,73289.125
0.916591463,73295.625
0.919216463,73295.625
0.9218404630000001,73295.625
0.9244654630000001,73295.625
0.9270894630000001,73295.625
0.929714463,73295.625
0.932338463,73295.625
0.9349634630000001,73295.625
0.9375884630000001,73295.625
0.940212463,73295.625
0.942837463,73256.875
0.9454614630000001,73256.875
0.9480864630000001,73256.875
0.9507104630000001,73256.875
0.953335463,73256.875
0.955959463,73256.875
0.9585844630000001,73256.875
0.9612084630000001,73256.875
0.9638334630000001,73256.875
0.966457463,73256.875
0.969082463,73269.75
0.9717064630000001,73269.75
0.9743314630000001,73269.75
0.976955463,73269.75
0.979580463,73269.75
0.9822044630000001,73269.75
0.9848294630000001,73269.75
0.987453463,73269.75
0.990078463,73269.75
0.9927024630000001,73269.75
0.9953274630000001,73269.75
0.997951463,73269.75
1.000576463,73269.75
1.003200463,73269.75
1.005825463,73269.75
1.008449463,73269.75
1.0110744630000001,73269.75
1.013698463,73269.75
1.016323463,73269.75
1.0189474630000002,73263.375
1.021572463,73263.375
1.024196463,73263.375
1.026821463,73263.375
1.029445463,73263.375
1.0320704630000002,73263.375
1.0346944630000001,73263.375
1.037319463,73263.375
1.039943463,73263.375
1.042568463,73263.375
1.045192463,73250.5
1.0478174630000001,73250.5
1.050442463,73250.5
1.0530664630000002,73250.5
1.055691463,73250.5
1.058315463,73250.5
1.0609404630000001,73250.5
1.063564463,73250.5
1.0661894630000002,73250.5
1.0688134630000001,73250.5
1.071438463,73231.125
1.074062463,73231.125
1.076687463,73231.125
1.079311463,73231.125
1.0819364630000001,73231.125
1.084560463,73231.125
1.087185463,73231.125
1.0898094630000001,73231.125
1.092434463,73231.125
1.095058463,73263.375
1.097683463,73263.375
1.100307463,73263.375
1.1029324630000001,73263.375
1.105556463,73263.375
1.108181463,73263.375
1.1108054630000002,73263.375
1.113430463,73263.375
1.116054463,73263.375
1.118679463,73263.375
1.121303463,73276.25
1.1239284630000002,73276.25
1.1265524630000001,73276.25
1.129177463,73276.25
1.1318014630000002,73276.25
1.134426463,73276.25
1.137050463,73276.25
1.139675463,73276.25
1.142299463,73276.25
1.1449244630000002,73276.25
1.1475484630000001,73276.25
1.150173463,73276.25
1.152797463,73276.25
1.155422463,73276.25
1.158046463,73276.25
1.1606714630000001,73276.25
1.163296463,73276.25
1.165920463,73276.25
1.168545463,73276.25
1.171169463,73289.125
1.1737944630000001,73289.125
1.176418463,73289.125
1.1790434630000002,73289.125
1.1816674630000001,73289.125
1.184292463,73289.125
1.186916463,73289.125
1.189541463,73289.125
1.192165463,73289.125
1.1947904630000001,73289.125
1.197414463,73289.125
1.200039463,73289.125
1.2026634630000002,73289.125
1.205288463,73289.125
1.207912463,73289.125
1.210537463,73289.125
1.213161463,73289.125
1.2157864630000002,73289.125
1.218410463,73289.125
1.221035463,73289.125
1.2236594630000002,73282.625
1.226284463,73282.625
1.228908463,73282.625
1.231533463,73282.625
1.234157463,73282.625
1.2367824630000002,73282.625
1.2394064630000001,73282.625
1.242031463,73282.625
1.2446554630000002,73282.625
1.247280463,73250.5
1.249904463,73250.5
1.2525294630000001,73250.5
1.255153463,73250.5
1.2577784630000002,73250.5
1.2604024630000001,73250.5
1.263027463,73250.5
1.265651463,73250.5
1.268276463,73250.5
1.270900463,73250.5
1.2735254630000001,73256.875
1.276150463,73256.875
1.278774463,73256.875
1.281399463,73256.875
1.284023463,73256.875
1.2866484630000001,73256.875
1.289272463,73256.875
1.2918974630000002,73256.875
1.2945214630000001,73256.875
1.297146463,73244.0
1.299770463,73244.0
1.302395463,73244.0
1.305019463,73244.0
1.3076444630000001,73244.0
1.310268463,73244.0
1.312893463,73244.0
1.3155174630000002,73244.0
1.318142463,73244.0
1.320766463,73244.0
1.323391463,73244.0
1.326015463,73269.75
1.3286404630000002,73269.75
1.3312644630000001,73269.75
1.333889463,73269.75
1.3365134630000002,73269.75
1.339138463,73269.75
1.341762463,73269.75
1.3443874630000001,73269.75
1.347011463,73269.75
1.3496364630000002,73218.25
1.3522604630000001,73218.25
1.354885463,73218.25
1.3575094630000002,73218.25
1.360134463,73218.25
1.362758463,73218.25
1.3653834630000001,73218.25
1.368007463,73218.25
1.3706324630000002,73218.25
1.3732564630000001,73218.25
1.375881463,73282.625
1.378505463,73282.625
1.381130463,73282.625
1.3837554630000002,73282.625
1.3863794630000001,73282.625
1.389004463,73282.625
1.391628463,73282.625
1.394253463,73282.625
1.396877463,73282.625
1.3995024630000001,73282.625
1.402126463,73295.625
1.404751463,73295.625
1.4073754630000002,73295.625
1.410000463,73295.625
1.412624463,73295.625
1.415249463,73295.625
1.417873463,73295.625
1.4204984630000002,73295.625
1.4231224630000001,73295.625
1.425747463,73289.125
1.4283714630000002,73289.125
1.430996463,73289.125
1.433620463,73289.125
1.436245463,73289.125
1.438869463,73289.125
1.4414944630000002,73289.125
1.4441184630000001,73289.125
1.446743463,73289.125
1.4493674630000002,73289.125
1.451992463,73308.5
1.454616463,73308.5
1.4572414630000001,73308.5
1.459865463,73308.5
1.4624904630000002,73308.5
1.4651144630000001,73308.5
1.467739463,73308.5
1.470363463,73308.5
1.472988463,73308.5
1.475612463,73308.5
1.4782374630000001,73308.5
1.480861463,73308.5
1.4834864630000002,73308.5
1.4861104630000002,73308.5
1.488735463,73308.5
1.491359463,73308.5
1.493984463,73308.5
1.4966094630000002,73308.5
1.4992334630000002,73308.5
1.501858463,73295.625
1.504482463,73295.625
1.507107463,73295.625
1.509731463,73295.625
1.5123564630000002,73295.625
1.514980463,73295.625
1.517605463,73295.625
1.5202294630000002,73295.625
1.522854463,73295.625
1.525478463,73295.625
1.528103463,73314.875
1.530727463,73314.875
1.5333524630000002,73314.875
1.5359764630000001,73314.875
1.538601463,73314.875
1.5412254630000002,73314.875
1.543850463,73314.875
1.546474463,73314.875
1.5490994630000001,73314.875
1.551723463,73314.875
1.5543484630000002,73321.375
1.5569724630000001,73321.375
1.559597463,73321.375
1.5622214630000002,73321.375
1.564846463,73321.375
1.567470463,73321.375
1.5700954630000001,73321.375
1.572719463,73321.375
1.5753444630000002,73321.375
1.5779684630000002,73321.375
1.580593463,73295.625
1.583217463,73295.625
1.585842463,73295.625
1.588466463,73295.625
1.5910914630000002,73295.625
1.593715463,73295.625
1.5963404630000002,73295.625
1.5989644630000002,73295.625
1.601589463,73295.625
1.604213463,73289.125
1.606838463,73289.125
1.6094634630000002,73289.125
1.6120874630000002,73289.125
1.614712463,73289.125
1.617336463,73289.125
1.619961463,73289.125
1.622585463,73289.125
1.6252104630000002,73289.125
1.6278344630000001,73289.125
1.630459463,73276.25
1.6330834630000002,73276.25
1.635708463,73276.25
1.638332463,73276.25
1.6409574630000001,73276.25
1.643581463,73276.25
1.6462064630000002,73276.25
1.6488304630000001,73276.25
1.651455463,73276.25
1.6540794630000002,73269.75
1.656704463,73269.75
1.659328463,73269.75
1.6619534630000001,73269.75
1.664577463,73269.75
1.6672024630000002,73269.75
1.6698264630000001,73269.75
1.672451463,73269.75
1.6750754630000002,73269.75
1.677700463,73269.75
1.680324463,73282.625
1.6829494630000001,73282.625
1.685573463,73282.625
1.6881984630000002,73282.625
1.6908224630000002,73282.625
1.693447463,73282.625
1.696071463,73282.625
1.698696463,73282.625
1.701320463,73282.625
1.7039454630000002,73282.625
1.7065694630000001,73263.375
1.709194463,73263.375
1.7118184630000002,73263.375
1.714443463,73263.375
1.717067463,73263.375
1.7196924630000001,73263.375
1.7223174630000002,73263.375
1.7249414630000002,73263.375
1.727566463,73263.375
1.730190463,73263.375
1.7328154630000001,73250.5
1.735439463,73250.5
1.7380644630000002,73250.5
1.7406884630000001,73250.5
1.743313463,73250.5
1.7459374630000002,73250.5
1.748562463,73250.5
1.751186463,73250.5
1.7538114630000001,73250.5
1.756435463,73231.125
1.7590604630000002,73231.125
1.7616844630000001,73231.125
1.764309463,73231.125
1.7669334630000002,73231.125
1.769558463,73231.125
1.772182463,73231.125
1.7748074630000001,73231.125
1.777431463,73231.125
1.7800564630000002,73231.125
1.7826804630000002,73269.75
1.785305463,73269.75
1.7879294630000002,73269.75
1.790554463,73269.75
1.793178463,73269.75
1.7958034630000002,73269.75
1.7984274630000001,73269.75
1.8010524630000002,73269.75
1.8036764630000002,73269.75
1.806301463,73269.75
1.808925463,73282.625
1.811550463,73282.625
1.814174463,73282.625
1.8167994630000002,73282.625
1.8194234630000001,73282.625
1.822048463,73282.625
1.8246724630000002,73282.625
1.827297463,73282.625
1.829921463,73282.625
1.8325464630000001,73302.0
1.8351714630000002,73302.0
1.8377954630000002,73302.0
1.840420463,73302.0
1.843044463,73302.0
1.8456694630000001,73302.0
1.848293463,73302.0
1.8509184630000002,73302.0
1.8535424630000001,73302.0
1.856167463,73302.0
1.8587914630000002,73276.25
1.861416463,73276.25
1.864040463,73276.25
1.8666654630000001,73276.25
1.869289463,73276.25
1.8719144630000002,73276.25
1.8745384630000002,73276.25
1.877163463,73276.25
1.8797874630000002,73276.25
1.882412463,73276.25
1.885036463,73263.375
1.8876614630000002,73263.375
1.890285463,73263.375
1.8929104630000002,73263.375
1.8955344630000002,73263.375
1.898159463,73263.375
1.9007834630000002,73263.375
1.903408463,73263.375
1.906032463,73263.375
1.9086574630000002,73263.375
1.9112814630000001,73282.625
1.9139064630000002,73282.625
1.9165304630000002,73282.625
1.919155463,73282.625
1.921779463,73282.625
1.9244044630000001,73282.625
1.927028463,73282.625
1.9296534630000002,73282.625
1.9322774630000001,73282.625
1.934902463,73276.25
1.9375264630000002,73276.25
1.940151463,73276.25
1.942775463,73276.25
1.9454004630000001,73276.25
1.948025463,73276.25
1.9506494630000002,73276.25
1.953274463,73276.25
1.955898463,73276.25
1.9585234630000001,73276.25
1.961147463,73256.875
1.9637724630000002,73256.875
1.9663964630000001,73256.875
1.969021463,73256.875
1.9716454630000002,73256.875
1.974270463,73256.875
1.976894463,73256.875
1.9795194630000001,73256.875
1.982143463,73256.875
1.9847684630000002,73256.875
1.9873924630000002,73263.375
1.990017463,73263.375
1.9926414630000002,73263.375
1.995266463,73263.375
1.997890463,73263.375
2.000515463,73263.375
2.003139463,73263.375
2.005764463,73263.375
2.008388463,73263.375
2.0110134630000003,73276.25
2.0136374630000002,73276.25
2.0162624630000003,73276.25
2.0188864630000003,73276.25
2.021511463,73276.25
2.024135463,73276.25
2.026760463,73276.25
2.029384463,73276.25
2.032009463,73276.25
2.034633463,73276.25
2.037258463,73282.625
2.039882463,73282.625
2.042507463,73282.625
2.045131463,73282.625
2.0477564630000002,73282.625
2.050380463,73282.625
2.0530054630000003,73282.625
2.055630463,73282.625
2.058254463,73282.625
2.060879463,73282.625
2.063503463,73263.375
2.066128463,73263.375
2.068752463,73263.375
2.071377463,73263.375
2.074001463,73263.375
2.076626463,73263.375
2.079250463,73263.375
2.0818754630000003,73263.375
2.084499463,73263.375
2.0871244630000003,73263.375
2.0897484630000003,73276.25
2.092373463,73276.25
2.0949974630000003,73276.25
2.097622463,73276.25
2.100246463,73276.25
2.102871463,73276.25
2.105495463,73276.25
2.108120463,73276.25
2.110744463,73276.25
2.113369463,73289.125
2.115993463,73289.125
2.1186184630000002,73289.125
2.121242463,73289.125
2.1238674630000003,73289.125
2.1264914630000002,73289.125
2.1291164630000003,73289.125
2.1317404630000003,73289.125
2.134365463,73289.125
2.136989463,73289.125
2.139614463,73308.5
2.142238463,73308.5
2.144863463,73308.5
2.147487463,73308.5
2.150112463,73308.5
2.152736463,73308.5
2.155361463,73308.5
2.157985463,73308.5
2.1606104630000003,73308.5
2.163234463,73308.5
2.1658594630000003,73321.375
2.168484463,73321.375
2.171108463,73321.375
2.173733463,73321.375
2.176357463,73321.375
2.178982463,73321.375
2.181606463,73321.375
2.184231463,73321.375
2.186855463,73321.375
2.189480463,73308.5
2.192104463,73308.5
2.1947294630000003,73308.5
2.1973534630000002,73308.5
2.1999784630000003,73308.5
2.2026024630000003,73308.5
2.205227463,73308.5
2.2078514630000003,73308.5
2.210476463,73308.5
2.213100463,73308.5
2.215725463,73340.625
2.218349463,73340.625
2.220974463,73340.625
2.223598463,73340.625
2.226223463,73340.625
2.228847463,73340.625
2.2314724630000002,73340.625
2.234096463,73340.625
2.2367214630000003,73340.625
2.2393454630000003,73340.625
2.2419704630000004,73302.0
2.2445944630000003,73302.0
2.247219463,73302.0
2.249843463,73302.0
2.252468463,73302.0
2.255092463,73302.0
2.257717463,73302.0
2.260341463,73302.0
2.262966463,73302.0
2.265590463,73314.875
2.268215463,73314.875
2.270839463,73314.875
2.2734644630000003,73314.875
2.2760884630000002,73314.875
2.2787134630000003,73314.875
2.281338463,73314.875
2.283962463,73314.875
2.286587463,73314.875
2.289211463,73314.875
2.291836463,73295.625
2.294460463,73295.625
2.297085463,73295.625
2.299709463,73295.625
2.302334463,73295.625
2.304958463,73295.625
2.3075834630000003,73295.625
2.3102074630000002,73295.625
2.3128324630000003,73295.625
2.3154564630000003,73289.125
2.318081463,73289.125
2.3207054630000004,73289.125
2.323330463,73289.125
2.325954463,73289.125
2.328579463,73289.125
2.331203463,73289.125
2.333828463,73289.125
2.336452463,73289.125
2.339077463,73289.125
2.341701463,73289.125
2.3443264630000002,73263.375
2.346950463,73263.375
2.3495754630000003,73263.375
2.3521994630000003,73263.375
2.3548244630000004,73263.375
2.3574484630000003,73263.375
2.360073463,73263.375
2.362697463,73263.375
2.365322463,73263.375
2.367946463,73256.875
2.370571463,73256.875
2.373195463,73256.875
2.375820463,73256.875
2.378444463,73256.875
2.381069463,73256.875
2.383693463,73256.875
2.3863184630000003,73256.875
2.3889424630000002,73256.875
2.3915674630000003,73256.875
2.394192463,73263.375
2.396816463,73263.375
2.399441463,73263.375
2.402065463,73263.375
2.404690463,73263.375
2.407314463,73263.375
2.409939463,73263.375
2.412563463,73263.375
2.4151884630000002,73263.375
2.417812463,73263.375
2.4204374630000003,73224.75
2.4230614630000002,73224.75
2.4256864630000003,73224.75
2.4283104630000003,73224.75
2.430935463,73224.75
2.4335594630000004,73224.75
2.436184463,73224.75
2.438808463,73224.75
2.441433463,73224.75
2.444057463,73250.5
2.446682463,73250.5
2.449306463,73250.5
2.451931463,73250.5
2.454555463,73250.5
2.4571804630000003,73250.5
2.459804463,73250.5
2.4624294630000003,73250.5
2.4650534630000003,73250.5
2.467678463,73250.5
2.4703024630000003,73237.625
2.472927463,73237.625
2.475551463,73237.625
2.478176463,73237.625
2.480800463,73237.625
2.483425463,73237.625
2.486049463,73237.625
2.488674463,73237.625
2.491298463,73237.625
2.4939234630000002,73211.75
2.496547463,73211.75
2.4991724630000003,73211.75
2.5017964630000002,73211.75
2.5044214630000003,73211.75
2.507046463,73211.75
2.509670463,73211.75
2.512295463,73211.75
2.514919463,73211.75
2.517544463,73211.75
2.520168463,73256.875
2.522793463,73256.875
2.525417463,73256.875
2.5280424630000002,73256.875
2.530666463,73256.875
2.5332914630000003,73256.875
2.5359154630000003,73256.875
2.5385404630000004,73256.875
2.5411644630000003,73256.875
2.543789463,73256.875
2.5464134630000004,73211.75
2.549038463,73211.75
2.551662463,73211.75
2.554287463,73211.75
2.556911463,73211.75
2.559536463,73211.75
2.562160463,73211.75
2.564785463,73211.75
2.567409463,73211.75
2.5700344630000003,73211.75
2.5726584630000002,73211.75
2.5752834630000003,73211.75
2.5779074630000003,73211.75
2.580532463,73211.75
2.5831564630000003,73211.75
2.585781463,73211.75
2.588405463,73211.75
2.591030463,73211.75
2.593654463,73211.75
2.596279463,73211.75
2.598903463,73231.125
2.601528463,73231.125
2.604152463,73231.125
2.6067774630000002,73231.125
2.609401463,73231.125
2.6120264630000003,73231.125
2.6146504630000003,73231.125
2.6172754630000004,73231.125
2.619900463,73231.125
2.622524463,73211.75
2.625149463,73211.75
2.627773463,73211.75
2.630398463,73211.75
2.633022463,73211.75
2.635647463,73211.75
2.638271463,73211.75
2.6408964630000002,73211.75
2.643520463,73211.75
2.6461454630000003,73211.75
2.6487694630000003,73211.75
2.6513944630000004,73211.75
2.6540184630000003,73211.75
2.656643463,73211.75
2.6592674630000004,73211.75
2.661892463,73211.75
2.664516463,73211.75
2.667141463,73211.75
2.669765463,73211.75
2.672390463,73231.125
2.675014463,73231.125
2.677639463,73231.125
2.680263463,73231.125
2.6828884630000003,73231.125
2.6855124630000002,73231.125
2.6881374630000003,73231.125
2.6907614630000003,73231.125
2.693386463,73231.125
2.6960104630000004,73231.125
2.698635463,73218.25
2.701259463,73218.25
2.703884463,73218.25
2.706508463,73218.25
2.709133463,73218.25
2.711757463,73218.25
2.714382463,73218.25
2.717006463,73218.25
2.7196314630000002,73218.25
2.722255463,73218.25
2.7248804630000003,73231.125
2.727505463,73231.125
2.7301294630000004,73231.125
2.732754463,73231.125
2.735378463,73231.125
2.738003463,73231.125
2.740627463,73231.125
2.743252463,73231.125
2.745876463,73231.125
2.748501463,73231.125
2.751125463,73198.875
2.7537504630000003,73198.875
2.756374463,73198.875
2.7589994630000003,73198.875
2.7616234630000003,73198.875
2.7642484630000004,73198.875
2.7668724630000003,73198.875
2.769497463,73198.875
2.772121463,73198.875
2.774746463,73205.375
2.777370463,73205.375
2.779995463,73205.375
2.782619463,73205.375
2.785244463,73205.375
2.787868463,73205.375
2.7904934630000002,73205.375
2.793117463,73205.375
2.7957424630000003,73205.375
2.7983664630000002,73205.375
2.8009914630000003,73244.0
2.8036154630000003,73244.0
2.806240463,73244.0
2.8088644630000004,73244.0
2.811489463,73244.0
2.814113463,73244.0
2.816738463,73244.0
2.819362463,73244.0
2.821987463,73244.0
2.824611463,73244.0
2.827236463,73244.0
2.829860463,73244.0
2.8324854630000003,73244.0
2.835109463,73244.0
2.8377344630000003,73244.0
2.840359463,73244.0
2.8429834630000004,73244.0
2.845608463,73244.0
2.848232463,73244.0
2.850857463,73244.0
2.853481463,73244.0
2.856106463,73244.0
2.858730463,73244.0
2.861355463,73244.0
2.863979463,73244.0
2.8666044630000003,73244.0
2.8692284630000002,73244.0
2.8718534630000003,73244.0
2.8744774630000003,73244.0
2.8771024630000004,73224.75
2.8797264630000003,73224.75
2.882351463,73224.75
2.884975463,73224.75
2.887600463,73224.75
2.890224463,73224.75
2.892849463,73224.75
2.895473463,73224.75
2.898098463,73224.75
2.900722463,73224.75
2.9033474630000002,73205.375
2.905971463,73205.375
2.9085964630000003,73205.375
2.9112204630000003,73205.375
2.9138454630000004,73205.375
2.9164694630000003,73205.375
2.919094463,73205.375
2.9217184630000004,73205.375
2.924343463,73205.375
2.926967463,73205.375
2.929592463,73218.25
2.932216463,73218.25
2.934841463,73218.25
2.937465463,73218.25
2.940090463,73218.25
2.942714463,73218.25
2.9453394630000003,73218.25
2.9479634630000002,73218.25
2.9505884630000003,73218.25
2.953213463,73211.75
2.9558374630000004,73211.75
2.958462463,73211.75
2.961086463,73211.75
2.963711463,73211.75
2.966335463,73211.75
2.968960463,73211.75
2.971584463,73211.75
2.974209463,73211.75
2.976833463,73211.75
2.9794584630000003,73153.875
2.9820824630000002,73153.875
2.9847074630000003,73153.875
2.9873314630000003,73153.875
2.9899564630000004,73153.875
2.9925804630000004,73153.875
2.995205463,73153.875
2.997829463,73153.875
3.000454463,73153.875
3.003078463,73153.875
3.005703463,73186.0
3.008327463,73186.0
3.010952463,73186.0
3.013576463,73186.0
3.0162014630000002,73186.0
3.018825463,73186.0
3.0214504630000003,73186.0
3.0240744630000003,73186.0
3.0266994630000004,73186.0
3.0293234630000003,73153.875
3.031948463,73153.875
3.0345724630000004,73153.875
3.037197463,73153.875
3.039821463,73153.875
3.042446463,73153.875
3.045070463,73153.875
3.047695463,73153.875
3.050319463,73153.875
3.052944463,73153.875
3.055568463,73153.875
3.0581934630000003,73153.875
3.0608174630000002,73153.875
3.0634424630000003,73153.875
3.066067463,73153.875
3.0686914630000004,73153.875
3.071316463,73153.875
3.073940463,73153.875
3.076565463,73153.875
3.079189463,73153.875
3.081814463,73179.625
3.084438463,73179.625
3.0870634630000002,73179.625
3.089687463,73179.625
3.0923124630000003,73179.625
3.0949364630000002,73179.625
3.0975614630000003,73179.625
3.1001854630000003,73179.625
3.1028104630000004,73179.625
3.1054344630000004,73179.625
3.108059463,73160.25
3.110683463,73160.25
3.113308463,73160.25
3.115932463,73160.25
3.118557463,73160.25
3.121181463,73160.25
3.123806463,73160.25
3.126430463,73160.25
3.1290554630000003,73160.25
3.131679463,73198.875
3.1343044630000003,73198.875
3.1369284630000003,73198.875
3.1395534630000004,73198.875
3.1421774630000003,73198.875
3.144802463,73198.875
3.1474264630000004,73198.875
3.150051463,73198.875
3.152675463,73198.875
3.155300463,73198.875
3.157924463,73173.125
3.160549463,73173.125
3.163173463,73173.125
3.1657984630000002,73173.125
3.168422463,73173.125
3.1710474630000003,73173.125
3.1736714630000002,73173.125
3.1762964630000003,73173.125
3.178921463,73173.125
3.1815454630000004,73173.125
3.184170463,73166.75
3.186794463,73166.75
3.189419463,73166.75
3.192043463,73166.75
3.194668463,73166.75
3.197292463,73166.75
3.1999174630000002,73166.75
3.202541463,73166.75
3.2051664630000003,73166.75
3.2077904630000003,73186.0
3.2104154630000004,73186.0
3.2130394630000003,73186.0
3.2156644630000004,73186.0
3.2182884630000004,73186.0
3.220913463,73186.0
3.223537463,73186.0
3.226162463,73186.0
3.228786463,73186.0
3.231411463,73186.0
3.234035463,73173.125
3.236660463,73173.125
3.239284463,73173.125
3.2419094630000003,73173.125
3.2445334630000002,73173.125
3.2471584630000003,73173.125
3.2497824630000003,73173.125
3.2524074630000004,73173.125
3.2550314630000003,73173.125
3.257656463,73173.125
3.2602804630000004,73153.875
3.262905463,73153.875
3.265529463,73153.875
3.268154463,73153.875
3.270778463,73153.875
3.273403463,73153.875
3.276027463,73153.875
3.2786524630000002,73153.875
3.281276463,73153.875
3.2839014630000003,73186.0
3.2865254630000003,73186.0
3.2891504630000004,73186.0
3.291775463,73186.0
3.2943994630000004,73186.0
3.297024463,73186.0
3.299648463,73186.0
3.302273463,73186.0
3.304897463,73186.0
3.307522463,73186.0
3.310146463,73153.875
3.3127714630000002,73153.875
3.315395463,73153.875
3.3180204630000003,73153.875
3.3206444630000003,73153.875
3.3232694630000004,73153.875
3.3258934630000003,73153.875
3.3285184630000004,73153.875
3.3311424630000004,73153.875
3.333767463,73153.875
3.336391463,73166.75
3.339016463,73166.75
3.341640463,73166.75
3.344265463,73166.75
3.346889463,73166.75
3.349514463,73166.75
3.352138463,73166.75
3.3547634630000003,73166.75
3.3573874630000002,73166.75
3.3600124630000003,73166.75
3.3626364630000003,73166.75
3.3652614630000004,73166.75
3.3678854630000004,73166.75
3.370510463,73166.75
3.3731344630000004,73166.75
3.375759463,73166.75
3.378383463,73166.75
3.381008463,73166.75
3.383632463,73166.75
3.386257463,73147.375
3.388881463,73147.375
3.3915064630000002,73147.375
3.394130463,73147.375
3.3967554630000003,73147.375
3.3993804630000004,73147.375
3.4020044630000004,73147.375
3.404629463,73147.375
3.4072534630000004,73147.375
3.409878463,73147.375
3.412502463,73153.875
3.415127463,73153.875
3.417751463,73153.875
3.420376463,73153.875
3.423000463,73153.875
3.4256254630000003,73153.875
3.428249463,73153.875
3.4308744630000003,73153.875
3.4334984630000003,73153.875
3.4361234630000004,73153.875
3.4387474630000003,73141.0
3.441372463,73141.0
3.4439964630000004,73141.0
3.446621463,73141.0
3.449245463,73141.0
3.451870463,73141.0
3.454494463,73141.0
3.457119463,73141.0
3.459743463,73141.0
3.4623684630000002,73153.875
3.464992463,73153.875
3.4676174630000003,73153.875
3.4702414630000002,73153.875
3.4728664630000003,73153.875
3.4754904630000003,73153.875
3.4781154630000004,73153.875
3.4807394630000004,73153.875
3.483364463,73153.875
3.4859884630000004,73153.875
3.488613463,73153.875
3.491237463,73153.875
3.493862463,73153.875
3.496486463,73153.875
3.499111463,73153.875
3.501735463,73153.875
3.5043604630000003,73153.875
3.506984463,73153.875
3.5096094630000003,73153.875
3.5122344630000004,73141.0
3.5148584630000004,73141.0
3.517483463,73141.0
3.5201074630000004,73141.0
3.522732463,73141.0
3.525356463,73141.0
3.527981463,73141.0
3.530605463,73141.0
3.533230463,73141.0
3.535854463,73141.0
3.5384794630000003,73063.625
3.5411034630000002,73063.625
3.5437284630000003,73063.625
3.5463524630000003,73063.625
3.5489774630000004,73063.625
3.5516014630000003,73063.625
3.554226463,73063.625
3.5568504630000004,73063.625
3.559475463,73063.625
3.562099463,73063.625
3.564724463,73141.0
3.567348463,73141.0
3.569973463,73141.0
3.572597463,73141.0
3.5752224630000002,73141.0
3.577846463,73141.0
3.5804714630000003,73141.0
3.5830954630000003,73141.0
3.5857204630000004,73141.0
3.5883444630000003,73141.0
3.5909694630000004,73166.75
3.5935934630000004,73166.75
3.596218463,73166.75
3.5988424630000004,73166.75
3.601467463,73166.75
3.604091463,73166.75
3.606716463,73166.75
3.609340463,73166.75
3.611965463,73166.75
3.614589463,73166.75
3.6172144630000003,73141.0
3.6198384630000002,73141.0
3.6224634630000003,73141.0
3.6250884630000004,73141.0
3.6277124630000004,73141.0
3.630337463,73141.0
3.6329614630000004,73141.0
3.635586463,73141.0
3.638210463,73141.0
3.640835463,73141.0
3.643459463,73141.0
3.646084463,73141.0
3.648708463,73141.0
3.6513334630000003,73141.0
3.6539574630000002,73141.0
3.6565824630000003,73141.0
3.6592064630000003,73141.0
3.6618314630000004,73141.0
3.6644554630000004,73141.0
3.667080463,73153.875
3.6697044630000004,73153.875
3.672329463,73153.875
3.674953463,73153.875
3.677578463,73153.875
3.680202463,73153.875
3.682827463,73153.875
3.685451463,73153.875
3.6880764630000002,73153.875
3.690700463,73160.25
3.6933254630000003,73160.25
3.6959494630000003,73160.25
3.6985744630000004,73160.25
3.7011984630000003,73160.25
3.7038234630000004,73160.25
3.7064474630000004,73160.25
3.709072463,73160.25
3.7116964630000004,73160.25
3.714321463,73160.25
3.716945463,73179.625
3.719570463,73179.625
3.722194463,73179.625
3.724819463,73179.625
3.727443463,73179.625
3.7300684630000003,73179.625
3.7326924630000002,73179.625
3.7353174630000003,73179.625
3.7379424630000004,73179.625
3.7405664630000004,73179.625
3.743191463,73179.625
3.745815463,73179.625
3.748440463,73179.625
3.751064463,73179.625
3.753689463,73179.625
3.756313463,73179.625
3.7589384630000002,73179.625
3.761562463,73179.625
3.7641874630000003,73179.625
3.7668114630000002,73179.625
3.7694364630000003,73198.875
3.7720604630000003,73198.875
3.7746854630000004,73198.875
3.7773094630000004,73198.875
3.779934463,73198.875
3.7825584630000004,73198.875
3.785183463,73198.875
3.787807463,73198.875
3.790432463,73198.875
3.793056463,73186.0
3.795681463,73186.0
3.798305463,73186.0
3.8009304630000003,73186.0
3.803554463,73186.0
3.8061794630000003,73186.0
3.8088034630000003,73186.0
3.8114284630000004,73186.0
3.8140524630000003,73186.0
3.8166774630000004,73186.0
3.8193014630000004,73160.25
3.821926463,73160.25
3.8245504630000005,73160.25
3.827175463,73160.25
3.829799463,73160.25
3.832424463,73160.25
3.835048463,73160.25
3.8376734630000002,73160.25
3.840297463,73160.25
3.8429224630000003,73160.25
3.8455464630000002,73166.75
3.8481714630000003,73166.75
3.8507964630000004,73166.75
3.8534204630000004,73166.75
3.856045463,73166.75
3.858669463,73166.75
3.861294463,73166.75
3.863918463,73166.75
3.866543463,73166.75
3.869167463,73166.75
3.8717924630000002,73166.75
3.874416463,73166.75
3.8770414630000003,73166.75
3.8796654630000003,73166.75
3.8822904630000004,73166.75
3.8849144630000003,73166.75
3.8875394630000004,73166.75
3.8901634630000004,73166.75
3.892788463,73166.75
3.8954124630000004,73192.5
3.898037463,73192.5
3.900661463,73192.5
3.903286463,73192.5
3.905910463,73192.5
3.908535463,73192.5
3.911159463,73192.5
3.9137844630000003,73192.5
3.9164084630000002,73192.5
3.9190334630000003,73192.5
3.9216574630000003,73237.625
3.9242824630000004,73237.625
3.9269064630000003,73237.625
3.9295314630000004,73237.625
3.9321554630000004,73237.625
3.934780463,73237.625
3.9374044630000005,73237.625
3.940029463,73237.625
3.942653463,73237.625
3.945278463,73237.625
3.947902463,73198.875
3.9505274630000002,73198.875
3.953151463,73198.875
3.9557764630000003,73198.875
3.9584004630000003,73198.875
3.9610254630000004,73198.875
3.9636504630000005,73198.875
3.9662744630000004,73198.875
3.968899463,73198.875
3.971523463,73198.875
3.974148463,73198.875
3.976772463,73198.875
3.979397463,73198.875
3.982021463,73198.875
3.9846464630000002,73198.875
3.987270463,73198.875
3.9898954630000003,73198.875
3.9925194630000003,73198.875
3.9951444630000004,73198.875
3.9977684630000003,73186.0
4.000393463,73186.0
4.003017463,73186.0
4.005642463,73186.0
4.008266463,73186.0
4.010891463,73186.0
4.013515463,73186.0
4.016140463,73186.0
4.018764463,73186.0
4.021389463,73186.0
4.024013463,73186.0
4.026638463,73186.0
4.029262463,73186.0
4.031887463,73186.0
4.034511463,73186.0
4.037136463,73186.0
4.039760463,73186.0
4.0423854630000005,73186.0
4.045009463,73186.0
4.0476344630000005,73198.875
4.0502584630000005,73198.875
4.052883463000001,73198.875
4.0555074630000005,73198.875
4.058132463000001,73198.875
4.060756463000001,73198.875
4.063381463000001,73198.875
4.066005463000001,73198.875
4.068630463,73198.875
4.071255463,73198.875
4.073879463,73218.25
4.076504463,73218.25
4.079128463,73218.25
4.081753463,73218.25
4.084377463,73218.25
4.087002463,73218.25
4.089626463,73218.25
4.092251463,73218.25
4.094875463,73218.25
4.097500463,73218.25
4.100124463,73160.25
4.102749463,73160.25
4.105373463,73160.25
4.107998463,73160.25
4.110622463,73160.25
4.113247463,73160.25
4.115871463,73160.25
4.1184964630000005,73160.25
4.1211204630000005,73160.25
4.1237454630000006,73160.25
4.1263694630000005,73160.25
4.128994463000001,73160.25
4.131618463000001,73160.25
4.134243463000001,73160.25
4.136867463000001,73160.25
4.139492463,73160.25
4.142116463000001,73160.25
4.144741463,73160.25
4.147365463,73160.25
4.149990463,73179.625
4.152614463,73179.625
4.155239463,73179.625
4.157863463,73179.625
4.160488463,73179.625
4.163112463,73179.625
4.165737463,73179.625
4.168361463,73179.625
4.170986463,73179.625
4.173610463,73179.625
4.176235463,73134.5
4.178859463,73134.5
4.181484463,73134.5
4.184109463,73134.5
4.186733463,73134.5
4.1893584630000005,73134.5
4.191982463,73134.5
4.1946074630000005,73134.5
4.1972314630000005,73134.5
4.199856463000001,73134.5
4.2024804630000006,73218.25
4.205105463000001,73218.25
4.207729463000001,73218.25
4.210354463,73218.25
4.212978463000001,73218.25
4.215603463,73218.25
4.218227463,73218.25
4.220852463,73218.25
4.223476463,73218.25
4.226101463,73179.625
4.228725463,73179.625
4.231350463,73179.625
4.233974463,73179.625
4.236599463,73179.625
4.239223463,73179.625
4.241848463,73179.625
4.244472463,73179.625
4.247097463,73179.625
4.249721463,73179.625
4.252346463,73166.75
4.254970463,73166.75
4.257595463,73166.75
4.260219463,73166.75
4.262844463,73166.75
4.265468463,73166.75
4.2680934630000005,73166.75
4.270717463,73166.75
4.2733424630000005,73166.75
4.2759664630000005,73166.75
4.278591463000001,73231.125
4.2812154630000006,73231.125
4.283840463000001,73231.125
4.286464463000001,73231.125
4.289089463,73231.125
4.291713463000001,73231.125
4.294338463,73231.125
4.296963463,73231.125
4.299587463,73231.125
4.302212463,73231.125
4.304836463,73192.5
4.307461463,73192.5
4.310085463,73192.5
4.312710463,73192.5
4.315334463,73192.5
4.317959463,73192.5
4.320583463,73192.5
4.323208463,73192.5
4.325832463,73192.5
4.328457463,73179.625
4.331081463,73179.625
4.333706463,73179.625
4.336330463,73179.625
4.3389554630000005,73179.625
4.341579463,73179.625
4.3442044630000005,73179.625
4.3468284630000005,73179.625
4.349453463000001,73179.625
4.3520774630000005,73179.625
4.354702463000001,73237.625
4.357326463000001,73237.625
4.359951463000001,73237.625
4.362575463000001,73237.625
4.365200463,73237.625
4.367824463000001,73237.625
4.370449463,73237.625
4.373073463,73237.625
4.375698463,73237.625
4.378322463,73237.625
4.380947463,73218.25
4.383571463,73218.25
4.386196463,73218.25
4.388820463,73218.25
4.391445463,73218.25
4.394069463,73218.25
4.396694463,73218.25
4.399318463,73218.25
4.401943463,73218.25
4.404567463,73198.875
4.407192463,73198.875
4.409817463,73198.875
4.412441463,73198.875
4.4150664630000005,73198.875
4.4176904630000005,73198.875
4.4203154630000006,73198.875
4.4229394630000005,73198.875
4.425564463000001,73198.875
4.428188463000001,73198.875
4.430813463000001,73237.625
4.433437463000001,73237.625
4.436062463,73237.625
4.438686463000001,73237.625
4.441311463,73237.625
4.443935463,73237.625
4.446560463,73237.625
4.449184463,73237.625
4.451809463,73237.625
4.454433463,73237.625
4.457058463,73218.25
4.459682463,73218.25
4.462307463,73218.25
4.464931463,73218.25
4.467556463,73218.25
4.470180463,73218.25
4.472805463,73218.25
4.475429463,73218.25
4.478054463,73218.25
4.480678463,73211.75
4.483303463,73211.75
4.485927463,73211.75
4.488552463,73211.75
4.491176463,73211.75
4.4938014630000005,73211.75
4.4964254630000005,73211.75
4.4990504630000006,73211.75
4.5016744630000005,73211.75
4.504299463000001,73211.75
4.506923463000001,73237.625
4.509548463000001,73237.625
4.512172463000001,73237.625
4.514797463,73237.625
4.517421463000001,73237.625
4.520046463,73237.625
4.522671463,73237.625
4.525295463,73237.625
4.527920463,73237.625
4.530544463,73237.625
4.533169463,73218.25
4.535793463,73218.25
4.538418463,73218.25
4.541042463,73218.25
4.543667463,73218.25
4.546291463,73218.25
4.548916463,73218.25
4.551540463,73218.25
4.554165463,73218.25
4.556789463,73218.25
4.559414463,73224.75
4.562038463,73224.75
4.5646634630000005,73224.75
4.567287463,73224.75
4.5699124630000005,73224.75
4.5725364630000005,73224.75
4.575161463000001,73224.75
4.5777854630000006,73224.75
4.580410463000001,73224.75
4.583034463000001,73224.75
4.585659463000001,73224.75
4.588283463000001,73224.75
4.590908463,73224.75
4.593532463,73224.75
4.596157463,73224.75
4.598781463,73224.75
4.601406463,73224.75
4.604030463,73224.75
4.606655463,73224.75
4.609279463,73224.75
4.611904463,73224.75
4.614528463,73224.75
4.617153463,73224.75
4.619777463,73224.75
4.622402463,73224.75
4.625026463,73224.75
4.627651463,73224.75
4.630275463,73224.75
4.632900463,73224.75
4.6355254630000005,73224.75
4.638149463,73224.75
4.6407744630000005,73224.75
4.6433984630000005,73224.75
4.646023463000001,73224.75
4.6486474630000005,73224.75
4.651272463000001,73224.75
4.653896463000001,73224.75
4.656521463000001,73224.75
4.659145463000001,73218.25
4.661770463,73218.25
4.664394463000001,73218.25
4.667019463,73218.25
4.669643463,73218.25
4.672268463,73218.25
4.674892463,73218.25
4.677517463,73218.25
4.680141463,73218.25
4.682766463,73218.25
4.685390463,73179.625
4.688015463,73179.625
4.690639463,73179.625
4.693264463,73179.625
4.695888463,73179.625
4.698513463,73179.625
4.701137463,73179.625
4.703762463,73179.625
4.706386463,73179.625
4.709011463,73186.0
4.711635463,73186.0
4.7142604630000005,73186.0
4.716884463,73186.0
4.7195094630000005,73186.0
4.7221334630000005,73186.0
4.724758463000001,73186.0
4.7273824630000005,73186.0
4.730007463000001,73186.0
4.732631463000001,73186.0
4.735256463000001,73173.125
4.737880463000001,73173.125
4.740505463,73173.125
4.743130463,73173.125
4.745754463,73173.125
4.748379463,73173.125
4.751003463,73173.125
4.753628463,73173.125
4.756252463,73173.125
4.758877463,73173.125
4.761501463,73186.0
4.764126463,73186.0
4.766750463,73186.0
4.769375463,73186.0
4.771999463,73186.0
4.774624463,73186.0
4.777248463,73186.0
4.779873463,73186.0
4.782497463,73186.0
4.785122463,73186.0
4.787746463,73160.25
4.7903714630000005,73160.25
4.7929954630000005,73160.25
4.7956204630000006,73160.25
4.7982444630000005,73160.25
4.800869463000001,73160.25
4.803493463000001,73160.25
4.806118463000001,73160.25
4.808742463000001,73160.25
4.811367463000001,73160.25
4.813991463000001,73192.5
4.816616463,73192.5
4.819240463,73192.5
4.821865463,73192.5
4.824489463,73192.5
4.827114463,73192.5
4.829738463,73192.5
4.832363463,73192.5
4.834987463,73192.5
4.837612463,73205.375
4.840236463,73205.375
4.842861463,73205.375
4.845485463,73205.375
4.848110463,73205.375
4.850734463,73205.375
4.853359463,73205.375
4.855984463,73205.375
4.858608463,73205.375
4.8612334630000005,73205.375
4.863857463,73192.5
4.8664824630000005,73192.5
4.8691064630000005,73192.5
4.871731463000001,73192.5
4.8743554630000006,73192.5
4.876980463000001,73192.5
4.879604463000001,73192.5
4.882229463000001,73192.5
4.884853463000001,73192.5
4.887478463,73186.0
4.890102463000001,73186.0
4.892727463,73186.0
4.895351463,73186.0
4.897976463,73186.0
4.900600463,73186.0
4.903225463,73186.0
4.905849463,73186.0
4.908474463,73186.0
4.911098463,73186.0
4.913723463,73192.5
4.916347463,73192.5
4.918972463,73192.5
4.921596463,73192.5
4.924221463,73192.5
4.926845463,73192.5
4.929470463,73192.5
4.932094463,73192.5
4.934719463,73192.5
4.937343463,73192.5
4.9399684630000005,73198.875
4.942592463,73198.875
4.9452174630000005,73198.875
4.9478414630000005,73198.875
4.950466463000001,73198.875
4.9530904630000006,73198.875
4.955715463000001,73198.875
4.958339463000001,73198.875
4.960964463000001,73198.875
4.963588463000001,73198.875
4.966213463,73205.375
4.968838463,73205.375
4.971462463,73205.375
4.974087463,73205.375
4.976711463,73205.375
4.979336463,73205.375
4.981960463,73205.375
4.984585463,73205.375
4.987209463,73205.375
4.989834463,73192.5
4.992458463,73192.5
4.995083463,73192.5
4.997707463,73192.5
5.000332463,73192.5
5.002956463,73192.5
5.005581463,73192.5
5.008205463,73192.5
5.0108304630000005,73192.5
5.013454463,73192.5
5.0160794630000005,73179.625
5.0187034630000005,73179.625
5.021328463000001,73179.625
5.0239524630000005,73179.625
5.026577463000001,73179.625
5.029201463000001,73179.625
5.031826463000001,73179.625
5.034450463000001,73179.625
5.037075463000001,73179.625
5.039699463000001,73179.625
5.042324463,73186.0
5.044948463,73186.0
5.047573463,73186.0
5.050197463,73186.0
5.052822463,73186.0
5.055446463,73186.0
5.058071463,73186.0
5.060695463,73186.0
5.063320463,73186.0
5.065944463,73205.375
5.068569463,73205.375
5.071193463,73205.375
5.073818463,73205.375
5.076442463,73205.375
5.079067463,73205.375
5.081692463,73205.375
5.084316463,73205.375
5.0869414630000005,73205.375
5.0895654630000005,73205.375
5.0921904630000006,73192.5
5.0948144630000005,73192.5
5.097439463000001,73192.5
5.100063463000001,73192.5
5.102688463000001,73192.5
5.105312463000001,73192.5
5.107937463000001,73192.5
5.110561463000001,73192.5
5.113186463,73192.5
5.115810463000001,73192.5
5.118435463,73179.625
5.121059463,73179.625
5.123684463,73179.625
5.126308463,73179.625
5.128933463,73179.625
5.131557463,73179.625
5.134182463,73179.625
5.136806463,73179.625
5.139431463,73179.625
5.142055463,73179.625
5.144680463,73231.125
5.147304463,73231.125
5.149929463,73231.125
5.152553463,73231.125
5.155178463,73231.125
5.157802463,73231.125
5.160427463,73231.125
5.163051463,73231.125
5.1656764630000005,73231.125
5.1683004630000005,73237.625
5.1709254630000006,73237.625
5.1735494630000005,73237.625
5.176174463000001,73237.625
5.178798463000001,73237.625
5.181423463000001,73237.625
5.184047463000001,73237.625
5.186672463000001,73237.625
5.189296463000001,73237.625
5.191921463,73237.625
5.194546463,73231.125
5.197170463,73231.125
5.199795463,73231.125
5.202419463,73231.125
5.205044463,73231.125
5.207668463,73231.125
5.210293463,73231.125
5.212917463,73231.125
5.215542463,73231.125
5.218166463,73231.125
5.220791463,73211.75
5.223415463,73211.75
5.226040463,73211.75
5.228664463,73211.75
5.231289463,73211.75
5.233913463,73211.75
5.2365384630000005,73211.75
5.239162463,73211.75
5.2417874630000005,73211.75
5.2444114630000005,73186.0
5.247036463000001,73186.0
5.2496604630000006,73186.0
5.252285463000001,73186.0
5.254909463000001,73186.0
5.257534463000001,73186.0
5.260158463000001,73186.0
5.262783463,73186.0
5.265407463000001,73186.0
5.268032463,73186.0
5.270656463,73205.375
5.273281463,73205.375
5.275905463,73205.375
5.278530463,73205.375
5.281154463,73205.375
5.283779463,73205.375
5.286403463,73205.375
5.289028463,73205.375
5.291652463,73205.375
5.294277463,73205.375
5.296901463,73218.25
5.299526463,73218.25
5.302150463,73218.25
5.304775463,73218.25
5.3074004630000005,73218.25
5.310024463,73218.25
5.3126494630000005,73218.25
5.3152734630000005,73218.25
5.317898463000001,73218.25
5.3205224630000005,73218.25
5.323147463000001,73063.625
5.325771463000001,73063.625
5.328396463000001,73063.625
5.331020463000001,73063.625
5.333645463000001,73063.625
5.336269463000001,73063.625
5.338894463,73063.625
5.341518463000001,73063.625
5.344143463,73063.625
5.346767463,73102.25
5.349392463,73102.25
5.352016463,73102.25
5.354641463,73102.25
5.357265463,73102.25
5.359890463,73102.25
5.362514463,73102.25
5.365139463,73102.25
5.367763463,73102.25
5.370388463,73102.25
5.373012463,73205.375
5.375637463,73205.375
5.378261463,73205.375
5.380886463,73205.375
5.383510463,73205.375
5.3861354630000005,73205.375
5.388759463,73205.375
5.3913844630000005,73205.375
5.394017463,73205.375
5.396642463,73205.375
5.399266463,73186.0
5.401891463,73186.0
5.404515463,73186.0
5.407140463,73186.0
5.409764463,73186.0
5.412389463,73186.0
5.415013463,73186.0
5.417638463,73186.0
5.420262463,73186.0
5.422887463,73160.25
5.425511463,73160.25
5.428136463,73160.25
5.430760463,73160.25
5.4333854630000005,73160.25
5.436009463,73160.25
5.4386344630000005,73160.25
5.441259463000001,73160.25
5.443883463000001,73160.25
5.446508463000001,73160.25
5.449132463000001,73173.125
5.451757463000001,73173.125
5.454381463000001,73173.125
5.457006463,73173.125
5.459630463000001,73173.125
5.462255463,73173.125
5.464879463,73173.125
5.467504463,73173.125
5.470128463,73173.125
5.472753463,73173.125
5.475377463,73173.125
5.478002463,73173.125
5.480626463,73173.125
5.483251463,73173.125
5.485875463,73173.125
5.488500463,73173.125
5.491124463,73173.125
5.493749463,73173.125
5.496373463,73173.125
5.498998463,73173.125
5.501622463,73166.75
5.5042474630000005,73166.75
5.506871463,73166.75
5.5094964630000005,73166.75
5.5121204630000005,73166.75
5.514745463000001,73166.75
5.5173694630000005,73166.75
5.519994463000001,73166.75
5.522618463000001,73166.75
5.525243463000001,73179.625
5.527867463000001,73179.625
5.530492463000001,73179.625
5.533116463000001,73179.625
5.535741463,73179.625
5.538365463000001,73179.625
5.540990463,73179.625
5.543614463,73179.625
5.546239463,73179.625
5.548863463,73179.625
5.551488463,73192.5
5.554113463,73192.5
5.556737463,73192.5
5.559362463,73192.5
5.561986463,73192.5
5.564611463,73192.5
5.567235463,73192.5
5.569860463,73192.5
5.572484463,73192.5
5.575109463,73192.5
5.577733463,73179.625
5.5803584630000005,73179.625
5.5829824630000005,73179.625
5.5856074630000005,73179.625
5.5882314630000005,73179.625
5.590856463000001,73179.625
5.593480463000001,73179.625
5.596105463000001,73179.625
5.598729463000001,73179.625
5.601354463000001,73205.375
5.603978463000001,73205.375
5.606603463000001,73205.375
5.609227463000001,73205.375
5.611852463,73205.375
5.614476463,73205.375
5.617101463,73205.375
5.619725463,73205.375
5.622350463,73205.375
5.624974463,73205.375
5.627599463,73160.25
5.630223463,73160.25
5.632848463,73160.25
5.635472463,73160.25
5.638097463,73160.25
5.640721463,73160.25
5.643346463,73160.25
5.645970463,73160.25
5.648595463,73160.25
5.651219463,73160.25
5.653844463,73147.375
5.656468463,73147.375
5.6590934630000005,73147.375
5.6617174630000004,73147.375
5.6643424630000005,73147.375
5.666967463000001,73147.375
5.669591463000001,73147.375
5.672216463000001,73147.375
5.674840463000001,73147.375
5.677465463000001,73166.75
5.680089463000001,73166.75
5.682714463,73166.75
5.685338463000001,73166.75
5.687963463,73166.75
5.690587463,73166.75
5.693212463,73166.75
5.695836463,73166.75
5.698461463,73166.75
5.701085463,73166.75
5.703710463,73141.0
5.706334463,73141.0
5.708959463,73141.0
5.711583463,73141.0
5.714208463,73141.0
5.716832463,73141.0
5.719457463,73141.0
5.722081463,73141.0
5.724706463,73141.0
5.727330463,73192.5
5.7299554630000005,73192.5
5.732579463,73192.5
5.7352044630000005,73192.5
5.7378284630000005,73192.5
5.740453463000001,73192.5
5.7430774630000005,73192.5
5.745702463000001,73192.5
5.748326463000001,73192.5
5.750951463000001,73192.5
5.753575463000001,73192.5
5.756200463000001,73121.625
5.758824463000001,73121.625
5.761449463,73121.625
5.764073463000001,73121.625
5.766698463,73121.625
5.769322463,73121.625
5.771947463,73121.625
5.774572463,73121.625
5.777196463,73121.625
5.779821463,73050.75
5.782445463,73050.75
5.785070463,73050.75
5.787694463,73050.75
5.790319463,73050.75
5.792943463,73050.75
5.795568463,73050.75
5.798192463,73050.75
5.8008174630000005,73050.75
5.803441463,73050.75
5.8060664630000005,73128.0
5.8086904630000005,73128.0
5.811315463000001,73128.0
5.8139394630000005,73128.0
5.816564463000001,73128.0
5.819188463000001,73128.0
5.821813463000001,73128.0
5.824437463000001,73128.0
5.827062463000001,73128.0
5.829686463000001,73128.0
5.832311463000001,73147.375
5.834935463000001,73147.375
5.837560463,73147.375
5.840184463,73147.375
5.842809463,73147.375
5.845433463,73147.375
5.848058463,73147.375
5.850682463,73147.375
5.853307463,73147.375
5.855931463,73108.75
5.858556463,73108.75
5.861180463,73108.75
5.863805463,73108.75
5.866429463,73108.75
5.869054463,73108.75
5.871678463,73108.75
5.874303463,73108.75
5.876927463,73108.75
5.8795524630000005,73108.75
5.882176463,73121.625
5.8848014630000005,73121.625
5.887426463000001,73121.625
5.890050463000001,73121.625
5.892675463000001,73121.625
5.895299463000001,73121.625
5.897924463000001,73121.625
5.900548463000001,73121.625
5.903173463000001,73121.625
5.905797463000001,73102.25
5.908422463,73102.25
5.911046463000001,73102.25
5.913671463,73102.25
5.916295463,73102.25
5.918920463,73102.25
5.921544463,73102.25
5.924169463,73102.25
5.926793463,73102.25
5.929418463,73102.25
5.932042463,73141.0
5.934667463,73141.0
5.937291463,73141.0
5.939916463,73141.0
5.942540463,73141.0
5.945165463,73141.0
5.947789463,73141.0
5.950414463,73141.0
5.953038463,73141.0
5.9556634630000005,73141.0
5.9582874630000005,73179.625
5.9609124630000005,73179.625
5.9635364630000005,73179.625
5.966161463000001,73179.625
5.968785463000001,73179.625
5.971410463000001,73179.625
5.974034463000001,73179.625
5.976659463000001,73179.625
5.979283463000001,73179.625
5.981908463000001,73179.625
5.984532463000001,73153.875
5.987157463,73153.875
5.989781463000001,73153.875
5.992406463,73153.875
5.995030463,73153.875
5.997655463,73153.875
6.000280463,73153.875
6.002904463,73153.875
6.005529463,73153.875
6.008153463,73147.375
6.010778463,73147.375
6.013402463,73147.375
6.016027463,73147.375
6.018651463,73147.375
6.021276463,73147.375
6.023900463,73147.375
6.0265254630000005,73147.375
6.029149463,73147.375
6.0317744630000005,73147.375
6.0343984630000005,73147.375
6.037023463000001,73147.375
6.0396474630000005,73147.375
6.042272463000001,73147.375
6.044896463000001,73147.375
6.047521463000001,73147.375
6.050145463000001,73147.375
6.052770463000001,73147.375
6.055394463000001,73147.375
6.058019463,73147.375
6.060643463000001,73102.25
6.063268463,73102.25
6.065892463,73102.25
6.068517463,73102.25
6.071141463,73102.25
6.073766463,73102.25
6.076390463,73102.25
6.079015463,73102.25
6.081639463,73102.25
6.084264463,73141.0
6.086888463,73141.0
6.089513463,73141.0
6.092137463,73141.0
6.094762463,73141.0
6.097386463,73141.0
6.100011463,73141.0
6.102635463,73141.0
6.1052604630000005,73141.0
6.107884463,73141.0
6.1105094630000005,73128.0
6.113134463000001,73128.0
6.115758463000001,73128.0
6.118383463000001,73128.0
6.121007463000001,73128.0
6.123632463000001,73128.0
6.126256463000001,73128.0
6.128881463000001,73128.0
6.131505463000001,73128.0
6.134130463,73128.0
6.136754463000001,73166.75
6.139379463,73166.75
6.142003463,73166.75
6.144628463,73166.75
6.147252463,73166.75
6.149877463,73166.75
6.152501463,73166.75
6.155126463,73166.75
6.157750463,73166.75
6.160375463,73166.75
6.162999463,73147.375
6.165624463,73147.375
6.168248463,73147.375
6.170873463,73147.375
6.173497463,73147.375
6.1761224630000005,73147.375
6.178746463,73147.375
6.1813714630000005,73147.375
6.1839954630000005,73147.375
6.186620463000001,73160.25
6.1892444630000005,73160.25
6.191869463000001,73160.25
6.194493463000001,73160.25
6.197118463000001,73160.25
6.199742463000001,73160.25
6.202367463000001,73160.25
6.204991463000001,73160.25
6.207616463000001,73160.25
6.210240463000001,73160.25
6.212865463,73179.625
6.215489463000001,73179.625
6.218114463,73179.625
6.220738463,73179.625
6.223363463,73179.625
6.225988463,73179.625
6.228612463,73179.625
6.231237463,73179.625
6.233861463,73179.625
6.236486463,73179.625
6.239110463,73153.875
6.241735463,73153.875
6.244359463,73153.875
6.246984463,73153.875
6.249608463,73153.875
6.2522334630000005,73153.875
6.2548574630000005,73153.875
6.2574824630000005,73153.875
6.2601064630000005,73153.875
6.262731463000001,73115.125
6.265355463000001,73115.125
6.267980463000001,73115.125
6.270604463000001,73115.125
6.273229463000001,73115.125
6.275853463000001,73115.125
6.278478463000001,73115.125
6.281102463000001,73115.125
6.283727463,73115.125
6.286351463000001,73115.125
6.288976463,73134.5
6.291600463,73134.5
6.294225463,73134.5
6.296849463,73134.5
6.299474463,73134.5
6.302098463,73134.5
6.304723463,73134.5
6.307347463,73134.5
6.309972463,73134.5
6.312596463,73134.5
6.315221463,73147.375
6.317845463,73147.375
6.320470463,73147.375
6.323094463,73147.375
6.325719463,73147.375
6.328343463,73147.375
6.3309684630000005,73147.375
6.3335924630000004,73147.375
6.3362174630000005,73147.375
6.338842463000001,73147.375
6.341466463000001,73108.75
6.344091463000001,73108.75
6.346715463000001,73108.75
6.349340463000001,73108.75
6.351964463000001,73108.75
6.354589463000001,73108.75
6.357213463000001,73108.75
6.359838463,73108.75
6.362462463,73108.75
6.365087463,73147.375
6.367711463,73147.375
6.370336463,73147.375
6.372960463,73147.375
6.375585463,73147.375
6.378209463,73147.375
6.380834463,73147.375
6.383458463,73147.375
6.386083463,73147.375
6.388707463,73147.375
6.391332463,73147.375
6.393956463,73147.375
6.396581463,73147.375
6.399205463,73147.375
6.4018304630000005,73147.375
6.404454463,73147.375
6.4070794630000005,73147.375
6.4097034630000005,73147.375
6.412328463000001,73147.375
6.4149524630000005,73147.375
6.417577463000001,73153.875
6.420201463000001,73153.875
6.422826463000001,73153.875
6.425450463000001,73153.875
6.428075463000001,73153.875
6.430699463000001,73153.875
6.433324463000001,73153.875
6.435948463000001,73153.875
6.438573463,73153.875
6.441197463000001,73121.625
6.443822463,73121.625
6.446447463,73121.625
6.449071463,73121.625
6.451696463,73121.625
6.454320463,73121.625
6.456945463,73121.625
6.459569463,73121.625
6.462194463,73121.625
6.464818463,73121.625
6.467443463,73160.25
6.470067463,73160.25
6.4726924630000005,73160.25
6.475316463,73160.25
6.4779414630000005,73160.25
6.4805654630000005,73160.25
6.483190463000001,73160.25
6.4858144630000005,73160.25
6.488439463000001,73160.25
6.491063463000001,73160.25
6.493688463000001,73179.625
6.496312463000001,73179.625
6.498937463000001,73179.625
6.501561463000001,73179.625
6.504186463000001,73179.625
6.506810463000001,73179.625
6.509435463,73179.625
6.512059463000001,73179.625
6.514684463,73179.625
6.517308463,73128.0
6.519933463,73128.0
6.522557463,73128.0
6.525182463,73128.0
6.527806463,73128.0
6.530431463,73128.0
6.533055463,73128.0
6.535680463,73128.0
6.538304463,73128.0
6.540929463,73128.0
6.543553463,73121.625
6.546178463,73121.625
6.548802463,73121.625
6.5514274630000005,73121.625
6.554051463,73121.625
6.5566764630000005,73121.625
6.559301463000001,73121.625
6.561925463000001,73121.625
6.564550463000001,73121.625
6.567174463000001,73095.875
6.569799463000001,73095.875
6.572423463000001,73095.875
6.575048463000001,73095.875
6.577672463000001,73095.875
6.580297463000001,73095.875
6.582921463000001,73095.875
6.585546463,73095.875
6.588170463,73095.875
6.590795463,73095.875
6.593419463,73095.875
6.596044463,73102.25
6.598668463,73102.25
6.601293463,73102.25
6.603917463,73102.25
6.606542463,73102.25
6.609166463,73102.25
6.611791463,73102.25
6.614415463,73102.25
6.617040463,73102.25
6.619664463,73115.125
6.622289463,73115.125
6.624913463,73115.125
6.6275384630000005,73115.125
6.6301624630000005,73115.125
6.6327874630000005,73115.125
6.6354114630000005,73115.125
6.638036463000001,73115.125
6.640660463000001,73115.125
6.643285463000001,73115.125
6.645909463000001,73115.125
6.648534463000001,73115.125
6.651158463000001,73115.125
6.653783463000001,73115.125
6.656407463000001,73115.125
6.659032463000001,73115.125
6.661656463000001,73115.125
6.664281463,73115.125
6.666905463,73115.125
6.669530463,73115.125
6.672155463,73115.125
6.674779463,73115.125
6.677404463,73115.125
6.680028463,73115.125
6.682653463,73115.125
6.685277463,73115.125
6.687902463,73115.125
6.690526463,73115.125
6.693151463,73115.125
6.695775463,73166.75
6.6984004630000005,73166.75
6.701024463,73166.75
6.7036494630000005,73166.75
6.7062734630000005,73166.75
6.708898463000001,73166.75
6.7115224630000005,73166.75
6.714147463000001,73166.75
6.716771463000001,73166.75
6.719396463000001,73166.75
6.722020463000001,73192.5
6.724645463000001,73192.5
6.727269463000001,73192.5
6.729894463000001,73192.5
6.732518463000001,73192.5
6.735143463,73192.5
6.737767463000001,73192.5
6.740392463,73192.5
6.743016463,73192.5
6.745641463,73173.125
6.748265463,73173.125
6.750890463,73173.125
6.753514463,73173.125
6.756139463,73173.125
6.758763463,73173.125
6.761388463,73173.125
6.764012463,73173.125
6.766637463,73173.125
6.769261463,73173.125
6.771886463,73166.75
6.774510463,73166.75
6.7771354630000005,73166.75
6.779759463,73166.75
6.7823844630000005,73166.75
6.785009463000001,73166.75
6.787633463000001,73166.75
6.790258463000001,73166.75
6.792882463000001,73166.75
6.795507463000001,73166.75
6.798131463000001,73218.25
6.800756463000001,73218.25
6.803380463000001,73218.25
6.806005463000001,73218.25
6.808629463000001,73218.25
6.811254463,73218.25
6.813878463,73218.25
6.816503463,73218.25
6.819127463,73218.25
6.821752463,73218.25
6.824376463,73173.125
6.827001463,73173.125
6.829625463,73173.125
6.832250463,73173.125
6.834874463,73173.125
6.837499463,73173.125
6.840123463,73173.125
6.842748463,73173.125
6.845372463,73173.125
6.8479974630000005,73173.125
6.850621463,73211.75
6.8532464630000005,73211.75
6.8558704630000005,73211.75
6.858495463000001,73211.75
6.8611194630000005,73211.75
6.863744463000001,73211.75
6.866368463000001,73211.75
6.868993463000001,73211.75
6.871617463000001,73211.75
6.874242463000001,73192.5
6.876866463000001,73192.5
6.879491463000001,73192.5
6.882115463000001,73192.5
6.884740463000001,73192.5
6.887364463000001,73192.5
6.889989463,73192.5
6.892613463,73192.5
6.895238463,73192.5
6.897863463,73192.5
6.900487463,73198.875
6.903112463,73198.875
6.905736463,73198.875
6.908361463,73198.875
6.910985463,73198.875
6.913610463,73198.875
6.916234463,73198.875
6.918859463,73198.875
6.921483463,73198.875
6.9241084630000005,73231.125
6.9267324630000005,73231.125
6.9293574630000005,73231.125
6.9319814630000005,73231.125
6.934606463000001,73231.125
6.937230463000001,73231.125
6.939855463000001,73231.125
6.942479463000001,73231.125
6.945104463000001,73231.125
6.947728463000001,73231.125
6.950353463000001,73244.0
6.952977463000001,73244.0
6.955602463000001,73244.0
6.958226463000001,73244.0
6.960851463,73244.0
6.963475463000001,73244.0
6.966100463,73244.0
6.968724463,73244.0
6.971349463,73244.0
6.973973463,73244.0
6.976598463,73198.875
6.979222463,73198.875
6.981847463,73198.875
6.984471463,73198.875
6.987096463,73198.875
6.989720463,73198.875
6.992345463,73198.875
6.994969463,73198.875
6.997594463,73198.875
7.000218463,73198.875
7.0028434630000005,73160.25
7.0054674630000004,73160.25
7.0080924630000005,73160.25
7.010717463000001,73160.25
7.013341463000001,73160.25
7.015966463000001,73160.25
7.018590463000001,73160.25
7.021215463000001,73160.25
7.023839463000001,73160.25
7.026464463000001,73166.75
7.029088463000001,73166.75
7.031713463,73166.75
7.034337463000001,73166.75
7.036962463,73166.75
7.039586463,73166.75
7.042211463,73166.75
7.044835463,73166.75
7.047460463,73166.75
7.050084463,73166.75
7.052709463,73160.25
7.055333463,73160.25
7.057958463,73160.25
7.060582463,73160.25
7.063207463,73160.25
7.065831463,73160.25
7.068456463,73160.25
7.071080463,73160.25
7.0737054630000005,73160.25
7.076329463,73160.25
7.0789544630000005,73179.625
7.0815784630000005,73179.625
7.084203463000001,73179.625
7.0868274630000005,73179.625
7.089452463000001,73179.625
7.092076463000001,73179.625
7.094701463000001,73179.625
7.097325463000001,73179.625
7.099950463000001,73179.625
7.102574463000001,73153.875
7.105199463000001,73153.875
7.107823463000001,73153.875
7.110448463000001,73153.875
7.113072463000001,73153.875
7.115697463,73153.875
7.118322463,73153.875
7.120946463,73153.875
7.123571463,73153.875
7.126195463,73153.875
7.128820463,73166.75
7.131444463,73166.75
7.134069463,73166.75
7.136693463,73166.75
7.139318463,73166.75
7.141942463,73166.75
7.1445674630000005,73166.75
7.147191463,73166.75
7.1498164630000005,73166.75
7.1524404630000005,73166.75
7.155065463000001,73186.0
7.1576894630000005,73186.0
7.160314463000001,73186.0
7.162938463000001,73186.0
7.165563463000001,73186.0
7.168187463000001,73186.0
7.170812463000001,73186.0
7.173436463000001,73186.0
7.176061463000001,73186.0
7.178685463000001,73186.0
7.181310463000001,73192.5
7.183934463000001,73192.5
7.186559463,73192.5
7.189183463000001,73192.5
7.191808463,73192.5
7.194432463,73192.5
7.197057463,73192.5
7.199681463,73192.5
7.202306463,73192.5
7.204930463,73205.375
7.207555463,73205.375
7.210179463,73205.375
7.212804463,73205.375
7.215428463,73205.375
7.218053463,73205.375
7.220677463,73205.375
7.2233024630000005,73205.375
7.225926463,73205.375
7.2285514630000005,73205.375
7.231176463000001,73211.75
7.233800463000001,73211.75
7.236425463000001,73211.75
7.239049463000001,73211.75
7.241674463000001,73211.75
7.244298463000001,73211.75
7.246923463000001,73211.75
7.249547463000001,73211.75
7.252172463000001,73211.75
7.254796463000001,73211.75
7.257421463,73211.75
7.260045463000001,73211.75
7.262670463,73211.75
7.265294463,73211.75
7.267919463,73211.75
7.270543463,73211.75
7.273168463,73211.75
7.275792463,73211.75
7.278417463,73211.75
7.281041463,73211.75
7.283666463,73211.75
7.286290463,73211.75
7.288915463,73211.75
7.291539463,73211.75
7.294164463,73211.75
7.296788463,73211.75
7.2994134630000005,73211.75
7.3020374630000005,73211.75
7.3046624630000005,73211.75
7.3072864630000005,73218.25
7.309911463000001,73218.25
7.312535463000001,73218.25
7.315160463000001,73218.25
7.317784463000001,73218.25
7.320409463000001,73218.25
7.323033463000001,73218.25
7.325658463000001,73218.25
7.328282463000001,73218.25
7.330907463000001,73218.25
7.333531463000001,73205.375
7.336156463,73205.375
7.338780463000001,73205.375
7.341405463,73205.375
7.344030463,73205.375
7.346654463,73205.375
7.349279463,73205.375
7.351903463,73205.375
7.354528463,73205.375
7.357152463,73198.875
7.359777463,73198.875
7.362401463,73198.875
7.365026463,73198.875
7.367650463,73198.875
7.3702754630000005,73198.875
7.372899463,73198.875
7.3755244630000005,73198.875
7.3781484630000005,73198.875
7.380773463000001,73198.875
7.3833974630000005,73198.875
7.386022463000001,73198.875
7.388646463000001,73198.875
7.391271463000001,73198.875
7.393895463000001,73198.875
7.396520463000001,73198.875
7.399144463000001,73198.875
7.401769463000001,73198.875
7.404393463000001,73198.875
7.407018463000001,73198.875
7.409642463000001,73198.875
7.412267463,73198.875
7.414891463000001,73198.875
7.417516463,73198.875
7.420140463,73198.875
7.422765463,73198.875
7.425389463,73198.875
7.428014463,73198.875
7.430638463,73198.875
7.433263463,73198.875
7.435887463,73192.5
7.438512463,73192.5
7.441136463,73192.5
7.443761463,73192.5
7.446385463,73192.5
7.4490104630000005,73192.5
7.451634463,73192.5
7.4542594630000005,73192.5
7.456884463000001,73192.5
7.459508463000001,73192.5
7.462133463000001,73192.5
7.464757463000001,73192.5
7.467382463000001,73192.5
7.470006463000001,73192.5
7.472631463000001,73192.5
7.475255463000001,73192.5
7.477880463000001,73192.5
7.480504463000001,73192.5
7.483129463,73192.5
7.485753463000001,73192.5
7.488378463,73192.5
7.491002463,73192.5
7.493627463,73192.5
7.496251463,73192.5
7.498876463,73192.5
7.501500463,73192.5
7.504125463,73192.5
7.506749463,73192.5
7.509374463,73192.5
7.511998463,73198.875
7.514623463,73198.875
7.517247463,73198.875
7.5198724630000005,73198.875
7.522496463,73198.875
7.5251214630000005,73198.875
7.5277454630000005,73198.875
7.530370463000001,73198.875
7.5329944630000005,73198.875
7.535619463000001,73192.5
7.538243463000001,73192.5
7.540868463000001,73192.5
7.543492463000001,73192.5
7.546117463000001,73192.5
7.548741463000001,73192.5
7.551366463000001,73192.5
7.553990463000001,73192.5
7.556615463000001,73192.5
7.559239463000001,73192.5
7.561864463,73186.0
7.564488463000001,73186.0
7.567113463,73186.0
7.569738463,73186.0
7.572362463,73186.0
7.574987463,73186.0
7.577611463,73186.0
7.580236463,73186.0
7.582860463,73186.0
7.585485463,73218.25
7.588109463,73218.25
7.590734463,73218.25
7.593358463,73218.25
7.5959834630000005,73218.25
7.5986074630000005,73218.25
7.6012324630000005,73218.25
7.6038564630000005,73218.25
7.606481463000001,73218.25
7.609105463000001,73218.25
7.611730463000001,73205.375
7.614354463000001,73205.375
7.616979463000001,73205.375
7.619603463000001,73205.375
7.622228463000001,73205.375
7.624852463000001,73205.375
7.627477463000001,73205.375
7.630101463000001,73205.375
7.632726463000001,73205.375
7.635350463000001,73205.375
7.637975463,73166.75
7.640599463,73166.75
7.643224463,73166.75
7.645848463,73166.75
7.648473463,73166.75
7.651097463,73166.75
7.653722463,73166.75
7.656346463,73166.75
7.658971463,73166.75
7.661595463,73166.75
7.664220463,73173.125
7.666844463,73173.125
7.669469463,73173.125
7.672093463,73173.125
7.6747184630000005,73173.125
7.6773424630000004,73173.125
7.6799674630000005,73173.125
7.682592463000001,73173.125
7.685216463000001,73173.125
7.687841463000001,73173.125
7.690465463000001,73153.875
7.693090463000001,73153.875
7.695714463000001,73153.875
7.698339463000001,73153.875
7.700963463000001,73153.875
7.703588463000001,73153.875
7.706212463000001,73153.875
7.708837463,73153.875
7.711461463000001,73153.875
7.714086463,73166.75
7.716710463,73166.75
7.719335463,73166.75
7.721959463,73166.75
7.724584463,73166.75
7.727208463,73166.75
7.729833463,73166.75
7.732457463,73166.75
7.735082463,73166.75
7.737706463,73166.75
7.740331463,73160.25
7.742955463,73160.25
7.7455804630000005,73160.25
7.748204463,73160.25
7.7508294630000005,73160.25
7.7534534630000005,73160.25
7.756078463000001,73160.25
7.7587024630000005,73160.25
7.761327463000001,73160.25
7.763951463000001,73198.875
7.766576463000001,73198.875
7.769200463000001,73198.875
7.771825463000001,73198.875
7.774449463000001,73198.875
7.777074463000001,73198.875
7.779698463000001,73198.875
7.782323463000001,73198.875
7.784947463000001,73198.875
7.787572463,73198.875
7.790197463,73198.875
7.792821463,73198.875
7.795446463,73198.875
7.798070463,73198.875
7.800695463,73198.875
7.803319463,73198.875
7.805944463,73198.875
7.808568463,73198.875
7.811193463,73198.875
7.813817463,73198.875
7.8164424630000005,73173.125
7.819066463,73173.125
7.8216914630000005,73173.125
7.8243154630000005,73173.125
7.826940463000001,73173.125
7.8295644630000005,73173.125
7.832189463000001,73173.125
7.834813463000001,73173.125
7.837438463000001,73173.125
7.840062463000001,73173.125
7.842687463000001,73198.875
7.845311463000001,73198.875
7.847936463000001,73198.875
7.850560463000001,73198.875
7.853185463000001,73198.875
7.855809463000001,73198.875
7.858434463000001,73198.875
7.861058463000001,73198.875
7.863683463,73198.875
7.866307463,73192.5
7.868932463,73192.5
7.871556463,73192.5
7.874181463,73192.5
7.876805463,73192.5
7.879430463,73192.5
7.882054463,73192.5
7.884679463,73192.5
7.887303463,73192.5
7.889928463,73192.5
7.892552463,73198.875
7.8951774630000005,73198.875
7.897801463,73198.875
7.9004264630000005,73198.875
7.903051463000001,73198.875
7.905675463000001,73198.875
7.908300463000001,73198.875
7.910924463000001,73198.875
7.913549463000001,73198.875
7.916173463000001,73198.875
7.918798463000001,73192.5
7.921422463000001,73192.5
7.924047463000001,73192.5
7.926671463000001,73192.5
7.929296463000001,73192.5
7.931920463000001,73192.5
7.934545463,73192.5
7.937169463000001,73192.5
7.939794463,73192.5
7.942418463,73198.875
7.945043463,73198.875
7.947667463,73198.875
7.950292463,73198.875
7.952916463,73198.875
7.955541463,73198.875
7.958165463,73198.875
7.960790463,73198.875
7.963414463,73198.875
7.966039463,73198.875
7.968663463,73160.25
7.9712884630000005,73160.25
7.9739124630000005,73160.25
7.9765374630000005,73160.25
7.9791614630000005,73160.25
7.981786463000001,73160.25
7.984410463000001,73160.25
7.987035463000001,73160.25
7.989659463000001,73160.25
7.992284463000001,73160.25
7.994908463000001,73179.625
7.997533463000001,73179.625
8.000157463,73179.625
8.002782463,73179.625
8.005406463,73179.625
8.008031463,73179.625
8.010655463,73179.625
8.013280463000001,73179.625
8.015905463000001,73179.625
8.018529463,73179.625
8.021154463,73198.875
8.023778463000001,73198.875
8.026403463000001,73198.875
8.029027463,73198.875
8.031652463,73198.875
8.034276463000001,73198.875
8.036901463000001,73198.875
8.039525463,73198.875
8.042150463,73198.875
8.044774463000001,73198.875
8.047399463,73198.875
8.050023463,73198.875
8.052648463,73198.875
8.055272463,73198.875
8.057897463,73198.875
8.060521463,73198.875
8.063146463,73198.875
8.065770463,73198.875
8.068395463,73198.875
8.071019463,73192.5
8.073644463,73192.5
8.076268463,73192.5
8.078893463,73192.5
8.081517463,73192.5
8.084142463000001,73192.5
8.086766463,73192.5
8.089391463,73192.5
8.092015463000001,73192.5
8.094640463000001,73192.5
8.097264463,73173.125
8.099889463,73173.125
8.102513463000001,73173.125
8.105138463000001,73173.125
8.107762463,73173.125
8.110387463,73173.125
8.113011463000001,73173.125
8.115636463000001,73173.125
8.118260463,73173.125
8.120885463,73186.0
8.123509463000001,73186.0
8.126134463,73186.0
8.128759463,73186.0
8.131383463,73186.0
8.134008463,73186.0
8.136632463,73186.0
8.139257463,73186.0
8.141881463,73186.0
8.144506463,73186.0
8.147130463,73179.625
8.149755463,73179.625
8.152379463,73179.625
8.155004463000001,73179.625
8.157628463,73179.625
8.160253463,73179.625
8.162877463000001,73179.625
8.165502463000001,73179.625
8.168126463,73179.625
8.170751463,73179.625
8.173375463000001,73205.375
8.176000463000001,73205.375
8.178624463,73205.375
8.181249463,73205.375
8.183873463000001,73205.375
8.186498463000001,73205.375
8.189122463,73205.375
8.191747463,73205.375
8.194371463000001,73205.375
8.196996463000001,73205.375
8.199620463,73205.375
8.202245463,73205.375
8.204869463,73205.375
8.207494463,73205.375
8.210118463,73205.375
8.212743463,73205.375
8.215367463,73205.375
8.217992463,73205.375
8.220616463,73205.375
8.223241463,73186.0
8.225865463,73186.0
8.228490463,73186.0
8.231114463,73186.0
8.233739463000001,73186.0
8.236363463,73186.0
8.238988463,73186.0
8.241613463,73186.0
8.244237463000001,73186.0
8.246862463000001,73186.0
8.249486463,73205.375
8.252111463,73205.375
8.254735463000001,73205.375
8.257360463000001,73205.375
8.259984463,73205.375
8.262609463,73205.375
8.265233463000001,73205.375
8.267858463000001,73205.375
8.270482463,73205.375
8.273107463,73205.375
8.275731463000001,73186.0
8.278356463,73186.0
8.280980463,73186.0
8.283605463,73186.0
8.286229463,73186.0
8.288854463,73186.0
8.291478463,73186.0
8.294103463,73186.0
8.296727463,73186.0
8.299352463,73192.5
8.301976463,73192.5
8.304601463000001,73192.5
8.307225463,73192.5
8.309850463,73192.5
8.312474463000001,73192.5
8.315099463000001,73192.5
8.317723463,73192.5
8.320348463,73192.5
8.322972463000001,73192.5
8.325597463000001,73192.5
8.328221463,73192.5
8.330846463,73192.5
8.333470463000001,73192.5
8.336095463000001,73192.5
8.338719463,73192.5
8.341344463,73192.5
8.343968463000001,73192.5
8.346593463000001,73192.5
8.349217463,73192.5
8.351842463,73192.5
8.354467463,73192.5
8.357091463,73192.5
8.359716463,73192.5
8.362340463,73192.5
8.364965463,73192.5
8.367589463,73192.5
8.370214463,73192.5
8.372838463,73192.5
8.375463463,73205.375
8.378087463,73205.375
8.380712463,73205.375
8.383336463000001,73205.375
8.385961463000001,73205.375
8.388585463,73205.375
8.391210463,73205.375
8.393834463000001,73205.375
8.396459463000001,73205.375
8.399083463,73205.375
8.401708463,73211.75
8.404332463000001,73211.75
8.406957463000001,73211.75
8.409581463,73211.75
8.412206463,73211.75
8.414830463000001,73211.75
8.417455463000001,73211.75
8.420079463,73211.75
8.422704463,73211.75
8.425328463000001,73186.0
8.427953463,73186.0
8.430577463,73186.0
8.433202463,73186.0
8.435826463,73186.0
8.438451463,73186.0
8.441075463,73186.0
8.443700463,73186.0
8.446324463,73186.0
8.448949463,73186.0
8.451573463,73192.5
8.454198463,73192.5
8.456822463,73192.5
8.459447463,73192.5
8.462072463,73192.5
8.464696463000001,73192.5
8.467321463000001,73192.5
8.469945463,73192.5
8.472570463,73192.5
8.475194463000001,73192.5
8.477819463000001,73192.5
8.480443463,73192.5
8.483068463,73192.5
8.485692463000001,73192.5
8.488317463000001,73192.5
8.490941463,73192.5
8.493566463,73192.5
8.496190463000001,73192.5
8.498815463,73192.5
8.501439463,73192.5
8.504064463,73205.375
8.506688463,73205.375
8.509313463,73205.375
8.511937463,73205.375
8.514562463,73205.375
8.517186463,73205.375
8.519811463,73205.375
8.522435463,73205.375
8.525060463,73205.375
8.527684463,73205.375
8.530309463,73179.625
8.532933463,73179.625
8.535558463000001,73179.625
8.538182463,73179.625
8.540807463,73179.625
8.543431463000001,73179.625
8.546056463000001,73179.625
8.548680463,73179.625
8.551305463,73179.625
8.553929463000001,73147.375
8.556554463000001,73147.375
8.559178463,73147.375
8.561803463,73147.375
8.564427463000001,73147.375
8.567052463000001,73147.375
8.569676463,73147.375
8.572301463,73147.375
8.574926463,73147.375
8.577550463,73147.375
8.580175463,73198.875
8.582799463,73198.875
8.585424463,73198.875
8.588048463,73198.875
8.590673463,73198.875
8.593297463,73198.875
8.595922463,73198.875
8.598546463,73198.875
8.601171463,73198.875
8.603795463,73179.625
8.606420463000001,73179.625
8.609044463,73179.625
8.611669463,73179.625
8.614293463000001,73179.625
8.616918463000001,73179.625
8.619542463,73179.625
8.622167463,73179.625
8.624791463000001,73179.625
8.627416463000001,73179.625
8.630040463,73173.125
8.632665463,73173.125
8.635289463000001,73173.125
8.637914463000001,73173.125
8.640538463,73173.125
8.643163463,73173.125
8.645787463000001,73173.125
8.648412463,73173.125
8.651036463,73173.125
8.653661463,73173.125
8.656285463,73186.0
8.658910463,73186.0
8.661534463,73186.0
8.664159463,73186.0
8.666783463,73186.0
8.669408463,73186.0
8.672032463,73186.0
8.674657463,73186.0
8.677281463,73186.0
8.679906463,73186.0
8.682530463,73153.875
8.685155463000001,73153.875
8.687780463000001,73153.875
8.690404463,73153.875
8.693029463,73153.875
8.695653463000001,73153.875
8.698278463000001,73153.875
8.700902463,73153.875
8.703527463,73153.875
8.706151463000001,73147.375
8.708776463000001,73147.375
8.711400463,73147.375
8.714025463,73147.375
8.716649463000001,73147.375
8.719274463000001,73147.375
8.721898463,73147.375
8.724523463,73147.375
8.727147463,73147.375
8.729772463,73147.375
8.732396463,73211.75
8.735021463,73211.75
8.737645463,73211.75
8.740270463,73211.75
8.742894463,73211.75
8.745519463,73211.75
8.748143463,73211.75
8.750768463,73211.75
8.753392463,73211.75
8.756017463000001,73211.75
8.758641463,73179.625
8.761266463,73179.625
8.763890463000001,73179.625
8.766515463000001,73179.625
8.769139463,73179.625
8.771764463,73179.625
8.774388463000001,73179.625
8.777013463000001,73179.625
8.779637463,73179.625
8.782262463,73147.375
8.784886463000001,73147.375
8.787511463000001,73147.375
8.790135463,73147.375
8.792760463,73147.375
8.795384463000001,73147.375
8.798009463000001,73147.375
8.800634463,73147.375
8.803258463,73147.375
8.805883463,73147.375
8.808507463,73147.375
8.811132463,73147.375
8.813756463,73147.375
8.816381463,73147.375
8.819005463,73147.375
8.821630463,73147.375
8.824254463,73147.375
8.826879463000001,73147.375
8.829503463,73147.375
8.832128463,73147.375
8.834752463000001,73134.5
8.837377463000001,73134.5
8.840001463,73134.5
8.842626463,73134.5
8.845250463000001,73134.5
8.847875463000001,73134.5
8.850499463,73134.5
8.853124463,73134.5
8.855748463000001,73134.5
8.858373463000001,73134.5
8.860997463,73141.0
8.863622463,73141.0
8.866246463000001,73141.0
8.868871463000001,73141.0
8.871495463,73141.0
8.874120463,73141.0
8.876744463000001,73141.0
8.879369463,73141.0
8.881993463,73141.0
8.884618463,73186.0
8.887242463,73186.0
8.889867463,73186.0
8.892491463,73186.0
8.895116463,73186.0
8.897740463,73186.0
8.900365463,73186.0
8.902989463,73186.0
8.905614463000001,73186.0
8.908238463,73186.0
8.910863463,73173.125
8.913488463,73173.125
8.916112463000001,73173.125
8.918737463000001,73173.125
8.921361463,73173.125
8.923986463,73173.125
8.926610463000001,73173.125
8.929235463000001,73173.125
8.931859463,73173.125
8.934484463,73173.125
8.937108463000001,73179.625
8.939733463000001,73179.625
8.942357463,73179.625
8.944982463,73179.625
8.947606463000001,73179.625
8.950231463,73179.625
8.952855463,73179.625
8.955480463,73179.625
8.958104463,73179.625
8.960729463,73160.25
8.963353463,73160.25
8.965978463,73160.25
8.968602463,73160.25
8.971227463,73160.25
8.973851463,73160.25
8.976476463000001,73160.25
8.979100463,73160.25
8.981725463,73160.25
8.984349463000001,73160.25
8.986974463000001,73153.875
8.989598463,73153.875
8.992223463,73153.875
8.994847463000001,73153.875
8.997472463000001,73153.875
9.000096463,73153.875
9.002721463,73153.875
9.005345463000001,73153.875
9.007970463000001,73153.875
9.010594463,73153.875
9.013219463,73205.375
9.015843463000001,73205.375
9.018468463000001,73205.375
9.021092463,73205.375
9.023717463,73205.375
9.026342463,73205.375
9.028966463,73205.375
9.031591463,73205.375
9.034215463,73205.375
9.036840463,73205.375
9.039464463,73179.625
9.042089463,73179.625
9.044713463,73179.625
9.047338463,73179.625
9.049962463,73179.625
9.052587463,73179.625
9.055211463000001,73179.625
9.057836463000001,73179.625
9.060460463,73179.625
9.063085463,73186.0
9.065709463000001,73186.0
9.068334463000001,73186.0
9.070958463,73186.0
9.073583463,73186.0
9.076207463000001,73186.0
9.078832463000001,73186.0
9.081456463,73186.0
9.084081463,73186.0
9.086705463000001,73186.0
9.089330463000001,73173.125
9.091954463,73173.125
9.094579463,73173.125
9.097203463000001,73173.125
9.099828463,73173.125
9.102452463,73173.125
9.105077463,73173.125
9.107701463,73173.125
9.110326463,73173.125
9.112950463,73173.125
9.115575463,73160.25
9.118199463,73160.25
9.120824463,73160.25
9.123448463,73160.25
9.126073463,73160.25
9.128697463,73160.25
9.131322463,73160.25
9.133947463,73160.25
9.136571463000001,73160.25
9.139196463000001,73192.5
9.141820463,73192.5
9.144445463,73192.5
9.147069463000001,73192.5
9.149694463000001,73192.5
9.152318463,73192.5
9.154943463,73192.5
9.157567463000001,73192.5
9.160192463000001,73192.5
9.162816463,73192.5
9.165441463,73218.25
9.168065463000001,73218.25
9.170690463000001,73218.25
9.173314463,73218.25
9.175939463,73218.25
9.178563463,73218.25
9.181188463,73218.25
9.183812463,73218.25
9.186437463,73218.25
9.189061463,73218.25
9.191686463,73173.125
9.194310463,73173.125
9.196935463,73173.125
9.199559463,73173.125
9.202184463,73173.125
9.204808463,73173.125
9.207433463000001,73173.125
9.210057463,73173.125
9.212682463,73173.125
9.215306463000001,73173.125
9.217931463000001,73173.125
9.220555463,73173.125
9.223180463,73173.125
9.225804463000001,73173.125
9.228429463000001,73173.125
9.231053463,73173.125
9.233678463,73173.125
9.236302463000001,73173.125
9.238927463000001,73173.125
9.241551463,73153.875
9.244176463,73153.875
9.246801463,73153.875
9.249425463000001,73153.875
9.252050463,73153.875
9.254674463,73153.875
9.257299463,73153.875
9.259923463,73153.875
9.262548463,73153.875
9.265172463,73147.375
9.267797463,73147.375
9.270421463,73147.375
9.273046463,73147.375
9.275670463,73147.375
9.278295463000001,73147.375
9.280919463,73147.375
9.283544463,73147.375
9.286168463000001,73147.375
9.288793463000001,73147.375
9.291417463,73147.375
9.294042463,73179.625
9.296666463000001,73179.625
9.299291463000001,73179.625
9.301915463,73179.625
9.304540463,73179.625
9.307164463000001,73179.625
9.309789463000001,73179.625
9.312413463,73179.625
9.315038463,73179.625
9.317662463000001,73153.875
9.320287463000001,73153.875
9.322911463,73153.875
9.325536463,73153.875
9.328160463000001,73153.875
9.330785463,73153.875
9.333409463,73153.875
9.336034463,73153.875
9.338658463,73153.875
9.341283463,73153.875
9.343907463,73166.75
9.346532463,73166.75
9.349156463,73166.75
9.351781463,73166.75
9.354405463,73166.75
9.357030463000001,73166.75
9.359655463000001,73166.75
9.362279463,73166.75
9.364904463,73166.75
9.367528463000001,73166.75
9.370153463000001,73153.875
9.372777463,73153.875
9.375402463,73153.875
9.378026463000001,73153.875
9.380651463000001,73153.875
9.383275463,73153.875
9.385900463,73153.875
9.388524463000001,73153.875
9.391149463000001,73153.875
9.393773463,73173.125
9.396398463,73173.125
9.399022463000001,73173.125
9.401647463,73173.125
9.404271463,73173.125
9.406896463,73173.125
9.409520463,73173.125
9.412145463,73173.125
9.414769463,73173.125
9.417394463,73173.125
9.420018463,73179.625
9.422643463,73179.625
9.425267463,73179.625
9.427892463000001,73179.625
9.430516463,73179.625
9.433141463,73179.625
9.435765463000001,73179.625
9.438390463000001,73179.625
9.441014463,73179.625
9.443639463,73192.5
9.446263463000001,73192.5
9.448888463000001,73192.5
9.451512463,73192.5
9.454137463,73192.5
9.456761463000001,73192.5
9.459386463000001,73192.5
9.462010463,73192.5
9.464635463,73192.5
9.467259463000001,73192.5
9.469884463000001,73173.125
9.472509463,73173.125
9.475133463,73173.125
9.477758463,73173.125
9.480382463,73173.125
9.483007463,73173.125
9.485631463,73173.125
9.488256463,73173.125
9.490880463,73173.125
9.493505463,73173.125
9.496129463,73205.375
9.498754463000001,73205.375
9.501378463,73205.375
9.504003463,73205.375
9.506627463000001,73205.375
9.509252463000001,73205.375
9.511876463,73205.375
9.514501463,73205.375
9.517125463000001,73205.375
9.519750463000001,73205.375
9.522374463,73198.875
9.524999463,73198.875
9.527623463000001,73198.875
9.530248463000001,73198.875
9.532872463,73198.875
9.535497463,73198.875
9.538121463000001,73198.875
9.540746463000001,73198.875
9.543370463,73198.875
9.545995463,73198.875
9.548619463000001,73192.5
9.551244463,73192.5
9.553868463,73192.5
9.556493463,73192.5
9.559117463,73192.5
9.561742463,73192.5
9.564366463,73192.5
9.566991463,73192.5
9.569615463,73192.5
9.572240463,73166.75
9.574864463,73166.75
9.577489463000001,73166.75
9.580113463,73166.75
9.582738463,73166.75
9.585363463,73166.75
9.587987463000001,73166.75
9.590612463000001,73166.75
9.593236463,73166.75
9.595861463,73166.75
9.598485463000001,73173.125
9.601110463000001,73173.125
9.603734463,73173.125
9.606359463,73173.125
9.608983463000001,73173.125
9.611608463000001,73173.125
9.614232463,73173.125
9.616857463,73173.125
9.619481463000001,73173.125
9.622106463,73153.875
9.624730463,73153.875
9.627355463,73153.875
9.629979463,73153.875
9.632604463,73153.875
9.635228463,73153.875
9.637853463,73153.875
9.640477463,73153.875
9.643102463,73153.875
9.645726463,73153.875
9.648351463000001,73166.75
9.650975463,73166.75
9.653600463,73166.75
9.656224463000001,73166.75
9.658849463000001,73166.75
9.661473463,73166.75
9.664098463,73166.75
9.666722463000001,73166.75
9.669347463000001,73166.75
9.671971463,73166.75
9.674596463,73141.0
9.677220463000001,73141.0
9.679845463000001,73141.0
9.682469463,73141.0
9.685094463,73141.0
9.687718463000001,73141.0
9.690343463000001,73141.0
9.692967463,73141.0
9.695592463,73141.0
9.698217463,73141.0
9.700841463,73128.0
9.703466463,73128.0
9.706090463,73128.0
9.708715463,73128.0
9.711339463,73128.0
9.713964463,73128.0
9.716588463,73128.0
9.719213463,73128.0
9.721837463,73128.0
9.724462463,73141.0
9.727086463000001,73141.0
9.729711463000001,73141.0
9.732335463,73141.0
9.734960463,73141.0
9.737584463000001,73141.0
9.740209463000001,73141.0
9.742833463,73141.0
9.745458463,73141.0
9.748082463000001,73141.0
9.750707463000001,73089.375
9.753331463,73089.375
9.755956463,73089.375
9.758580463000001,73089.375
9.761205463000001,73089.375
9.763829463,73089.375
9.766454463,73089.375
9.769078463000001,73089.375
9.771703463000001,73089.375
9.774327463,73089.375
9.776952463,73115.125
9.779576463000001,73115.125
9.782201463,73115.125
9.784825463,73115.125
9.787450463,73115.125
9.790074463,73115.125
9.792699463,73115.125
9.795323463,73115.125
9.797948463,73115.125
9.800572463,73128.0
9.803197463,73128.0
9.805822463,73128.0
9.808446463000001,73128.0
9.811071463000001,73128.0
9.813695463,73128.0
9.816320463,73128.0
9.818944463000001,73128.0
9.821569463000001,73128.0
9.824193463,73128.0
9.826818463,73128.0
9.829442463000001,73128.0
9.832067463000001,73128.0
9.834691463,73128.0
9.837316463,73128.0
9.839940463000001,73128.0
9.842565463000001,73128.0
9.845189463,73128.0
9.847814463,73128.0
9.850438463000001,73128.0
9.853063463,73102.25
9.855687463,73102.25
9.858312463,73102.25
9.860936463,73102.25
9.863561463,73102.25
9.866185463,73102.25
9.868810463,73102.25
9.871434463,73102.25
9.874059463,73102.25
9.876683463,73102.25
9.879308463000001,73102.25
9.881932463,73102.25
9.884557463,73102.25
9.887181463000001,73102.25
9.889806463000001,73102.25
9.892430463,73102.25
9.895055463,73102.25
9.897679463000001,73102.25
9.900304463000001,73102.25
9.902928463,73089.375
9.905553463,73089.375
9.908177463000001,73089.375
9.910802463000001,73089.375
9.913426463,73089.375
9.916051463,73089.375
9.918676463,73089.375
9.921300463000001,73089.375
9.923925463,73089.375
9.926549463,73089.375
9.929174463,73108.75
9.931798463,73108.75
9.934423463,73108.75
9.937047463,73108.75
9.939672463,73108.75
9.942296463,73108.75
9.944921463,73108.75
9.947545463,73108.75
9.950170463000001,73108.75
9.952794463,73108.75
9.955419463,73128.0
9.958043463000001,73128.0
9.960668463000001,73128.0
9.963292463,73128.0
9.965917463,73128.0
9.968541463000001,73128.0
9.971166463000001,73128.0
9.973790463,73128.0
9.976415463,73128.0
9.979039463000001,73147.375
9.981664463000001,73147.375
9.984288463,73147.375
9.986913463,73147.375
9.989537463000001,73147.375
9.992162463000001,73147.375
9.994786463,73147.375
9.997411463,73147.375
10.000035463000001,73147.375
10.002660463,73147.375
10.005284463,73166.75
10.007909463,73166.75
10.010533463,73166.75
10.013158463,73166.75
10.015782463,73166.75
10.018407463,73166.75
10.021031463,73166.75
10.023656463,73166.75
10.026280463,73166.75
10.028905463000001,73166.75
10.031530463000001,73141.0
10.034154463,73141.0
10.036779463,73141.0
10.039403463000001,73141.0
10.042028463000001,73141.0
10.044652463,73141.0
10.047277463,73141.0
10.049901463000001,73141.0
10.052526463000001,73141.0
10.055150463,73173.125
10.057775463,73173.125
10.060399463000001,73173.125
10.063024463000001,73173.125
10.065648463,73173.125
10.068273463,73173.125
10.070897463000001,73173.125
10.073522463,73173.125
10.076146463,73173.125
10.078771463,73173.125
10.081395463,73166.75
10.084020463,73166.75
10.086644463,73166.75
10.089269463,73166.75
10.091893463,73166.75
10.094518463,73166.75
10.097142463,73166.75
10.099767463000001,73166.75
10.102391463,73166.75
10.105016463,73192.5
10.107640463000001,73192.5
10.110265463000001,73192.5
10.112889463,73192.5
10.115514463,73192.5
10.118138463000001,73192.5
10.120763463000001,73192.5
10.123387463,73192.5
10.126012463,73192.5
10.128636463000001,73192.5
10.131261463000001,73192.5
10.133885463,73173.125
10.136510463,73173.125
10.139134463000001,73173.125
10.141759463000001,73173.125
10.144384463000002,73173.125
10.147008463,73173.125
10.149633463,73173.125
10.152257463,73173.125
10.154882463,73173.125
10.157506463,73147.375
10.160131463,73147.375
10.162755463,73147.375
10.165380463,73147.375
10.168004463,73147.375
10.170629463000001,73147.375
10.173253463,73147.375
10.175878463,73147.375
10.178502463000001,73147.375
10.181127463000001,73147.375
10.183751463,73147.375
10.186376463,73147.375
10.189000463000001,73147.375
10.191625463000001,73147.375
10.194249463,73147.375
10.196874463,73147.375
10.199498463000001,73147.375
10.202123463000001,73147.375
10.204747463,73147.375
10.207372463,73147.375
10.209996463000001,73153.875
10.212621463000001,73153.875
10.215245463,73153.875
10.217870463,73153.875
10.220494463000001,73153.875
10.223119463000002,73153.875
10.225743463,73153.875
10.228368463,73153.875
10.230992463,73153.875
10.233617463,73128.0
10.236241463,73128.0
10.238866463,73128.0
10.241490463,73128.0
10.244115463,73128.0
10.246739463,73128.0
10.249364463000001,73128.0
10.251988463,73128.0
10.254613463,73128.0
10.257238463,73128.0
10.259862463000001,73147.375
10.262487463000001,73147.375
10.265111463,73147.375
10.267736463,73147.375
10.270360463000001,73147.375
10.272985463000001,73147.375
10.275609463,73147.375
10.278234463,73147.375
10.280858463000001,73147.375
10.283483463000001,73128.0
10.286107463,73128.0
10.288732463,73128.0
10.291356463000001,73128.0
10.293981463000001,73128.0
10.296605463,73128.0
10.299230463,73128.0
10.301854463000002,73128.0
10.304479463,73128.0
10.307103463,73128.0
10.309728463,73153.875
10.312352463,73153.875
10.314977463,73153.875
10.317601463,73153.875
10.320226463000001,73153.875
10.322850463,73153.875
10.325475463,73153.875
10.328099463000001,73153.875
10.330724463000001,73153.875
10.333348463,73153.875
10.335973463,73153.875
10.338597463000001,73153.875
10.341222463000001,73153.875
10.343846463,73153.875
10.346471463,73153.875
10.349095463000001,73153.875
10.351720463000001,73153.875
10.354344463,73153.875
10.356969463,73153.875
10.359593463000001,73153.875
10.362218463000001,73141.0
10.364842463,73141.0
10.367467463,73141.0
10.370092463,73141.0
10.372716463000001,73141.0
10.375341463,73141.0
10.377965463,73141.0
10.380590463,73141.0
10.383214463,73141.0
10.385839463,73141.0
10.388463463,73173.125
10.391088463,73173.125
10.393712463,73173.125
10.396337463,73173.125
10.398961463000001,73173.125
10.401586463000001,73173.125
10.404210463,73173.125
10.406835463,73173.125
10.409459463000001,73173.125
10.412084463000001,73192.5
10.414708463,73192.5
10.417333463,73192.5
10.419957463000001,73192.5
10.422582463000001,73192.5
10.425206463,73192.5
10.427831463,73192.5
10.430455463000001,73192.5
10.433080463000001,73192.5
10.435704463,73192.5
10.438329463,73115.125
10.440953463000001,73115.125
10.443578463000001,73115.125
10.446202463,73115.125
10.448827463,73115.125
10.451451463000001,73115.125
10.454076463,73115.125
10.456700463,73115.125
10.459325463,73115.125
10.461949463,73141.0
10.464574463,73141.0
10.467198463,73141.0
10.469823463,73141.0
10.472447463,73141.0
10.475072463,73141.0
10.477697463,73141.0
10.480321463000001,73141.0
10.482946463000001,73141.0
10.485570463,73141.0
10.488195463,73134.5
10.490819463000001,73134.5
10.493444463000001,73134.5
10.496068463,73134.5
10.498693463,73134.5
10.501317463000001,73134.5
10.503942463000001,73134.5
10.506566463,73134.5
10.509191463,73134.5
10.511815463000001,73134.5
10.514440463000001,73147.375
10.517064463,73147.375
10.519689463,73147.375
10.522313463000001,73147.375
10.524938463,73147.375
10.527562463,73147.375
10.530187463,73147.375
10.532811463,73147.375
10.535436463,73147.375
10.538060463,73147.375
10.540685463,73160.25
10.543309463,73160.25
10.545934463,73160.25
10.548558463,73160.25
10.551183463000001,73160.25
10.553807463,73160.25
10.556432463,73160.25
10.559056463000001,73160.25
10.561681463000001,73160.25
10.564305463,73134.5
10.566930463,73134.5
10.569554463000001,73134.5
10.572179463000001,73134.5
10.574803463,73134.5
10.577428463,73134.5
10.580052463000001,73134.5
10.582677463000001,73134.5
10.585301463,73134.5
10.587926463,73134.5
10.590551463,73186.0
10.593175463000001,73186.0
10.595800463,73186.0
10.598424463,73186.0
10.601049463,73186.0
10.603673463,73186.0
10.606298463,73186.0
10.608922463,73186.0
10.611547463,73186.0
10.614171463,73186.0
10.616796463,73153.875
10.619420463,73153.875
10.622045463000001,73153.875
10.624669463,73153.875
10.627294463,73153.875
10.629918463000001,73153.875
10.632543463000001,73153.875
10.635167463,73153.875
10.637792463,73153.875
10.640416463000001,73153.875
10.643041463000001,73153.875
10.645665463,73153.875
10.648290463,73153.875
10.650914463000001,73153.875
10.653539463000001,73153.875
10.656163463,73153.875
10.658788463,73153.875
10.661412463000001,73153.875
10.664037463000001,73153.875
10.666661463,73166.75
10.669286463,73166.75
10.671910463000001,73166.75
10.674535463,73166.75
10.677159463,73166.75
10.679784463,73166.75
10.682408463,73166.75
10.685033463,73166.75
10.687657463,73166.75
10.690282463,73166.75
10.692906463,73179.625
10.695531463,73179.625
10.698155463,73179.625
10.700780463000001,73179.625
10.703405463000001,73179.625
10.706029463,73179.625
10.708654463,73179.625
10.711278463000001,73179.625
10.713903463000001,73179.625
10.716527463,73179.625
10.719152463,73128.0
10.721776463000001,73128.0
10.724401463000001,73128.0
10.727025463,73128.0
10.729650463,73128.0
10.732274463000001,73128.0
10.734899463000001,73128.0
10.737523463,73128.0
10.740148463,73128.0
10.742772463000001,73141.0
10.745397463000002,73141.0
10.748021463,73141.0
10.750646463,73141.0
10.753270463000002,73141.0
10.755895463,73141.0
10.758519463,73141.0
10.761144463,73141.0
10.763768463,73141.0
10.766393463,73141.0
10.769017463,73153.875
10.771642463000001,73153.875
10.774266463,73153.875
10.776891463,73153.875
10.779515463000001,73153.875
10.782140463000001,73153.875
10.784764463,73153.875
10.787389463,73153.875
10.790013463000001,73153.875
10.792638463000001,73153.875
10.795262463,73134.5
10.797887463,73134.5
10.800511463000001,73134.5
10.803136463000001,73134.5
10.805760463,73134.5
10.808385463,73134.5
10.811009463000001,73134.5
10.813634463000001,73134.5
10.816259463000002,73134.5
10.818883463,73173.125
10.821508463,73173.125
10.824132463000002,73173.125
10.826757463,73173.125
10.829381463,73173.125
10.832006463,73173.125
10.834630463,73173.125
10.837255463,73173.125
10.839879463,73173.125
10.842504463000001,73173.125
10.845128463,73166.75
10.847753463,73166.75
10.850377463000001,73166.75
10.853002463000001,73166.75
10.855626463,73166.75
10.858251463,73166.75
10.860875463000001,73166.75
10.863500463000001,73166.75
10.866124463,73166.75
10.868749463,73166.75
10.871373463000001,73173.125
10.873998463000001,73173.125
10.876622463,73173.125
10.879247463,73173.125
10.881871463000001,73173.125
10.884496463000001,73173.125
10.887120463,73173.125
10.889745463,73173.125
10.892369463000001,73173.125
10.894994463000002,73192.5
10.897618463,73192.5
10.900243463,73192.5
10.902867463000002,73192.5
10.905492463,73192.5
10.908116463,73192.5
10.910741463,73192.5
10.913365463,73192.5
10.915990463,73192.5
10.918614463,73192.5
10.921239463000001,73166.75
10.923863463,73166.75
10.926488463,73166.75
10.929113463,73166.75
10.931737463000001,73166.75
10.934362463000001,73166.75
10.936986463,73166.75
10.939611463,73166.75
10.942235463000001,73166.75
10.944860463000001,73166.75
10.947484463,73147.375
10.950109463,73147.375
10.952733463000001,73147.375
10.955358463000001,73147.375
10.957982463,73147.375
10.960607463,73147.375
10.963231463000001,73147.375
10.965856463000001,73147.375
10.968480463,73147.375
10.971105463,73147.375
10.973729463000002,73173.125
10.976354463,73173.125
10.978978463,73173.125
10.981603463,73173.125
10.984227463,73173.125
10.986852463,73173.125
10.989476463,73173.125
10.992101463000001,73173.125
10.994725463,73173.125
10.997350463,73173.125
10.999974463000001,73173.125
11.002599463000001,73173.125
11.005223463,73173.125
11.007848463,73173.125
11.010472463000001,73173.125
11.013097463000001,73173.125
11.015721463,73173.125
11.018346463,73173.125
11.020970463000001,73173.125
11.023595463000001,73166.75
11.026219463,73166.75
11.028844463,73166.75
11.031468463000001,73166.75
11.034093463000001,73166.75
11.036717463,73166.75
11.039342463,73166.75
11.041967463,73166.75
11.044591463000001,73166.75
11.047216463,73166.75
11.049840463,73218.25
11.052465463,73218.25
11.055089463,73218.25
11.057714463,73218.25
11.060338463,73218.25
11.062963463,73218.25
11.065587463,73218.25
11.068212463,73218.25
11.070836463000001,73218.25
11.073461463000001,73211.75
11.076085463,73211.75
11.078710463,73211.75
11.081334463000001,73211.75
11.083959463000001,73211.75
11.086583463,73211.75
11.089208463,73211.75
11.091832463000001,73211.75
11.094457463000001,73211.75
11.097081463,73211.75
11.099706463,73218.25
11.102330463000001,73218.25
11.104955463000001,73218.25
11.107579463,73218.25
11.110204463,73218.25
11.112828463000001,73218.25
11.115453463000001,73218.25
11.118077463,73218.25
11.120702463,73218.25
11.123326463000001,73186.0
11.125951463,73186.0
11.128575463,73186.0
11.131200463,73186.0
11.133824463,73186.0
11.136449463,73186.0
11.139073463,73186.0
11.141698463,73186.0
11.144322463,73186.0
11.146947463,73186.0
11.149572463,73166.75
11.152196463000001,73166.75
11.154821463000001,73166.75
11.157445463,73166.75
11.160070463,73166.75
11.162694463000001,73166.75
11.165319463000001,73166.75
11.167943463,73166.75
11.170568463,73166.75
11.173192463000001,73166.75
11.175817463000001,73173.125
11.178441463,73173.125
11.181066463,73173.125
11.183690463000001,73173.125
11.186315463000001,73173.125
11.188939463,73173.125
11.191564463,73173.125
11.194188463000001,73173.125
11.196813463000002,73173.125
11.199437463,73173.125
11.202062463,73192.5
11.204686463,73192.5
11.207311463,73192.5
11.209935463,73192.5
11.212560463,73192.5
11.215184463,73192.5
11.217809463,73192.5
11.220433463,73192.5
11.223058463000001,73192.5
11.225682463,73192.5
11.228307463,73211.75
11.230931463000001,73211.75
11.233556463000001,73211.75
11.236180463,73211.75
11.238805463,73211.75
11.241429463000001,73211.75
11.244054463000001,73211.75
11.246678463,73211.75
11.249303463,73211.75
11.251927463000001,73211.75
11.254552463000001,73211.75
11.257176463,73211.75
11.259801463,73211.75
11.262426463,73211.75
11.265050463000001,73211.75
11.267675463000002,73211.75
11.270299463,73211.75
11.272924463,73211.75
11.275548463000002,73211.75
11.278173463,73224.75
11.280797463,73224.75
11.283422463,73224.75
11.286046463,73224.75
11.288671463,73224.75
11.291295463,73224.75
11.293920463000001,73224.75
11.296544463,73224.75
11.299169463,73224.75
11.301793463000001,73205.375
11.304418463000001,73205.375
11.307042463,73205.375
11.309667463,73205.375
11.312291463000001,73205.375
11.314916463000001,73205.375
11.317540463,73205.375
11.320165463,73205.375
11.322789463000001,73205.375
11.325414463000001,73205.375
11.328038463,73179.625
11.330663463,73179.625
11.333287463000001,73179.625
11.335912463000001,73179.625
11.338536463,73179.625
11.341161463,73179.625
11.343785463000001,73179.625
11.346410463000002,73179.625
11.349034463,73179.625
11.351659463,73179.625
11.354283463000002,73192.5
11.356908463,73192.5
11.359532463,73192.5
11.362157463,73192.5
11.364781463,73192.5
11.367406463,73192.5
11.370030463,73192.5
11.372655463000001,73192.5
11.375280463000001,73192.5
11.377904463,73192.5
11.380529463,73192.5
11.383153463000001,73192.5
11.385778463000001,73192.5
11.388402463,73192.5
11.391027463,73192.5
11.393651463000001,73192.5
11.396276463000001,73192.5
11.398900463,73192.5
11.401525463,73192.5
11.404149463000001,73192.5
11.406774463000001,73198.875
11.409398463,73198.875
11.412023463,73198.875
11.414647463000001,73198.875
11.417272463000002,73198.875
11.419896463,73198.875
11.422521463,73198.875
11.425145463000002,73198.875
11.427770463,73198.875
11.430394463,73192.5
11.433019463,73192.5
11.435643463,73192.5
11.438268463,73192.5
11.440892463,73192.5
11.443517463000001,73192.5
11.446141463,73192.5
11.448766463,73192.5
11.451390463000001,73192.5
11.454015463000001,73192.5
11.456639463,73192.5
11.459264463,73192.5
11.461888463000001,73192.5
11.464513463000001,73192.5
11.467137463,73192.5
11.469762463,73192.5
11.472386463000001,73192.5
11.475011463000001,73192.5
11.477635463,73192.5
11.480260463,73198.875
11.482884463000001,73198.875
11.485509463000001,73198.875
11.488134463000002,73198.875
11.490758463,73198.875
11.493383463,73198.875
11.496007463000002,73198.875
11.498632463,73198.875
11.501256463,73198.875
11.503881463,73198.875
11.506505463,73192.5
11.509130463,73192.5
11.511754463,73192.5
11.514379463000001,73192.5
11.517003463,73192.5
11.519628463,73192.5
11.522252463000001,73192.5
11.524877463000001,73192.5
11.527501463,73192.5
11.530126463,73192.5
11.532750463000001,73205.375
11.535375463000001,73205.375
11.537999463,73205.375
11.540624463,73205.375
11.543248463000001,73205.375
11.545873463000001,73205.375
11.548497463,73205.375
11.551122463,73205.375
11.553746463000001,73205.375
11.556371463000001,73205.375
11.558995463,73173.125
11.561620463,73173.125
11.564244463000001,73173.125
11.566869463000002,73173.125
11.569493463,73173.125
11.572118463,73173.125
11.574742463000002,73173.125
11.577367463,73173.125
11.579991463,73173.125
11.582616463,73173.125
11.585240463,73173.125
11.587865463,73173.125
11.590489463,73173.125
11.593114463000001,73173.125
11.595738463,73173.125
11.598363463,73173.125
11.600988463,73173.125
11.603612463000001,73173.125
11.606237463000001,73173.125
11.608861463,73179.625
11.611486463,73179.625
11.614110463000001,73179.625
11.616735463000001,73179.625
11.619359463,73179.625
11.621984463,73179.625
11.624608463000001,73179.625
11.627233463000001,73179.625
11.629857463,73179.625
11.632482463,73179.625
11.635106463000001,73173.125
11.637731463000001,73173.125
11.640355463,73173.125
11.642980463,73173.125
11.645604463000002,73173.125
11.648229463,73173.125
11.650853463,73173.125
11.653478463,73173.125
11.656102463,73173.125
11.658727463,73192.5
11.661351463,73192.5
11.663976463000001,73192.5
11.666600463,73192.5
11.669225463,73192.5
11.671849463000001,73192.5
11.674474463000001,73192.5
11.677098463,73192.5
11.679723463,73192.5
11.682347463000001,73192.5
11.684972463000001,73173.125
11.687596463,73173.125
11.690221463,73173.125
11.692845463000001,73173.125
11.695470463000001,73173.125
11.698094463,73173.125
11.700719463,73173.125
11.703343463000001,73173.125
11.705968463000001,73173.125
11.708592463,73173.125
11.711217463,73186.0
11.713842463,73186.0
11.716466463000001,73186.0
11.719091463000002,73186.0
11.721715463,73186.0
11.724340463,73186.0
11.726964463000002,73186.0
11.729589463,73186.0
11.732213463,73186.0
11.734838463,73186.0
11.737462463,73147.375
11.740087463,73147.375
11.742711463000001,73147.375
11.745336463000001,73147.375
11.747960463,73147.375
11.750585463,73147.375
11.753209463000001,73147.375
11.755834463000001,73147.375
11.758458463,73147.375
11.761083463,73166.75
11.763707463000001,73166.75
11.766332463000001,73166.75
11.768956463,73166.75
11.771581463,73166.75
11.774205463000001,73166.75
11.776830463000001,73166.75
11.779454463,73166.75
11.782079463,73166.75
11.784703463000001,73166.75
11.787328463000001,73173.125
11.789952463,73173.125
11.792577463,73173.125
11.795201463000001,73173.125
11.797826463000002,73173.125
11.800450463,73173.125
11.803075463,73173.125
11.805699463000002,73173.125
11.808324463,73173.125
11.810948463,73173.125
11.813573463,73179.625
11.816197463,73179.625
11.818822463,73179.625
11.821447463,73179.625
11.824071463000001,73179.625
11.826696463000001,73179.625
11.829320463,73179.625
11.831945463,73179.625
11.834569463000001,73179.625
11.837194463000001,73186.0
11.839818463,73186.0
11.842443463,73186.0
11.845067463000001,73186.0
11.847692463000001,73186.0
11.850316463,73186.0
11.852941463,73186.0
11.855565463000001,73186.0
11.858190463000001,73186.0
11.860814463,73186.0
11.863439463,73198.875
11.866063463000001,73198.875
11.868688463000002,73198.875
11.871312463,73198.875
11.873937463,73198.875
11.876561463000002,73198.875
11.879186463,73198.875
11.881810463,73198.875
11.884435463,73198.875
11.887059463,73198.875
11.889684463,73192.5
11.892308463,73192.5
11.894933463000001,73192.5
11.897557463,73192.5
11.900182463,73192.5
11.902806463000001,73192.5
11.905431463000001,73192.5
11.908055463,73192.5
11.910680463,73192.5
11.913304463000001,73192.5
11.915929463000001,73192.5
11.918553463,73192.5
11.921178463,73192.5
11.923802463000001,73192.5
11.926427463000001,73192.5
11.929051463,73192.5
11.931676463,73192.5
11.934301463,73192.5
11.936925463000001,73192.5
11.939550463000002,73198.875
11.942174463,73198.875
11.944799463,73198.875
11.947423463000002,73198.875
11.950048463,73198.875
11.952672463,73198.875
11.955297463,73198.875
11.957921463,73198.875
11.960546463,73198.875
11.963170463,73198.875
11.965795463000001,73192.5
11.968419463,73192.5
11.971044463,73192.5
11.973668463000001,73192.5
11.976293463000001,73192.5
11.978917463,73192.5
11.981542463,73192.5
11.984166463000001,73192.5
11.986791463000001,73192.5
11.989415463,73192.5
11.992040463,73211.75
11.994664463000001,73211.75
11.997289463000001,73211.75
11.999913463,73211.75
12.002538463,73211.75
12.005162463000001,73211.75
12.007787463000001,73211.75
12.010411463,73211.75
12.013036463,73211.75
12.015660463000001,73231.125
12.018285463000002,73231.125
12.020909463,73231.125
12.023534463,73231.125
12.026158463000002,73231.125
12.028783463,73231.125
12.031407463,73231.125
12.034032463,73231.125
12.036656463,73231.125
12.039281463,73231.125
12.041905463,73153.875
12.044530463000001,73153.875
12.047155463000001,73153.875
12.049779463,73153.875
12.052404463,73153.875
12.055028463000001,73153.875
12.057653463000001,73153.875
12.060277463,73153.875
12.062902463,73153.875
12.065526463000001,73153.875
12.068151463000001,73192.5
12.070775463,73192.5
12.073400463,73192.5
12.076024463000001,73192.5
12.078649463000001,73192.5
12.081273463,73192.5
12.083898463,73192.5
12.086522463000001,73192.5
12.089147463000002,73192.5
12.091771463,73160.25
12.094396463,73160.25
12.097020463000002,73160.25
12.099645463,73160.25
12.102269463,73160.25
12.104894463,73160.25
12.107518463,73160.25
12.110143463,73160.25
12.112767463,73160.25
12.115392463000001,73160.25
12.118016463,73173.125
12.120641463,73173.125
12.123265463000001,73173.125
12.125890463000001,73173.125
12.128514463,73173.125
12.131139463,73173.125
12.133763463000001,73173.125
12.136388463000001,73173.125
12.139012463,73173.125
12.141637463,73179.625
12.144261463000001,73179.625
12.146886463000001,73179.625
12.149510463,73179.625
12.152135463,73179.625
12.154759463000001,73179.625
12.157384463000001,73179.625
12.160009463000002,73179.625
12.162633463,73179.625
12.165258463,73179.625
12.167882463000002,73179.625
12.170507463000002,73179.625
12.173131463,73179.625
12.175756463,73179.625
12.178380463,73179.625
12.181005463,73179.625
12.183629463,73179.625
12.186254463000001,73179.625
12.188878463,73179.625
12.191503463,73179.625
12.194127463000001,73153.875
12.196752463000001,73153.875
12.199376463,73153.875
12.202001463,73153.875
12.204625463000001,73153.875
12.207250463000001,73153.875
12.209874463,73153.875
12.212499463,73153.875
12.215123463000001,73153.875
12.217748463000001,73153.875
12.220372463,73166.75
12.222997463,73166.75
12.225621463000001,73166.75
12.228246463000001,73166.75
12.230870463,73166.75
12.233495463,73166.75
12.236119463000001,73166.75
12.238744463000002,73166.75
12.241368463,73166.75
12.243993463,73166.75
12.246617463000002,73211.75
12.249242463000002,73211.75
12.251866463,73211.75
12.254491463,73211.75
12.257115463,73211.75
12.259740463,73211.75
12.262364463,73211.75
12.264989463000001,73211.75
12.267613463,73211.75
12.270238463,73218.25
12.272863463,73218.25
12.275487463000001,73218.25
12.278112463000001,73218.25
12.280736463,73218.25
12.283361463,73218.25
12.285985463000001,73218.25
12.288610463000001,73218.25
12.291234463,73218.25
12.293859463,73218.25
12.296483463000001,73179.625
12.299108463000001,73179.625
12.301732463,73179.625
12.304357463,73179.625
12.306981463000001,73179.625
12.309606463000001,73179.625
12.312230463,73179.625
12.314855463,73179.625
12.317479463000002,73179.625
12.320104463000002,73173.125
12.322728463,73173.125
12.325353463,73173.125
12.327977463000002,73173.125
12.330602463,73173.125
12.333226463,73173.125
12.335851463000001,73173.125
12.338475463,73173.125
12.341100463,73173.125
12.343724463000001,73173.125
12.346349463000001,73192.5
12.348973463,73192.5
12.351598463,73192.5
12.354222463000001,73192.5
12.356847463000001,73192.5
12.359471463,73192.5
12.362096463,73192.5
12.364720463000001,73192.5
12.367345463000001,73192.5
12.369969463,73192.5
12.372594463,73218.25
12.375218463000001,73218.25
12.377843463000001,73218.25
12.380467463,73218.25
12.383092463,73218.25
12.385717463,73218.25
12.388341463000001,73218.25
12.390966463000002,73218.25
12.393590463,73218.25
12.396215463,73218.25
12.398839463000002,73205.375
12.401464463,73205.375
12.404088463,73205.375
12.406713463,73205.375
12.409337463,73205.375
12.411962463,73205.375
12.414586463000001,73205.375
12.417211463000001,73205.375
12.419835463,73205.375
12.422460463,73205.375
12.425084463000001,73205.375
12.427709463000001,73205.375
12.430333463,73205.375
12.432958463,73205.375
12.435582463000001,73205.375
12.438207463000001,73205.375
12.440831463,73205.375
12.443456463,73205.375
12.446080463000001,73205.375
12.448705463000001,73231.125
12.451329463,73231.125
12.453954463,73231.125
12.456578463000001,73231.125
12.459203463000001,73231.125
12.461827463,73231.125
12.464452463,73231.125
12.467076463000001,73231.125
12.469701463000002,73231.125
12.472325463,73231.125
12.474950463,73205.375
12.477574463000002,73205.375
12.480199463,73205.375
12.482823463,73205.375
12.485448463,73205.375
12.488072463,73205.375
12.490697463,73205.375
12.493322463,73205.375
12.495946463000001,73205.375
12.498571463000001,73198.875
12.501195463,73198.875
12.503820463,73198.875
12.506444463000001,73198.875
12.509069463000001,73198.875
12.511693463,73198.875
12.514318463,73198.875
12.516942463000001,73198.875
12.519567463000001,73198.875
12.522191463,73198.875
12.524816463,73205.375
12.527440463000001,73205.375
12.530065463000001,73205.375
12.532689463,73205.375
12.535314463,73205.375
12.537938463000001,73205.375
12.540563463000002,73205.375
12.543187463,73205.375
12.545812463,73205.375
12.548436463000002,73205.375
12.551061463,73205.375
12.553685463,73205.375
12.556310463,73205.375
12.558934463,73205.375
12.561559463,73205.375
12.564183463,73205.375
12.566808463000001,73205.375
12.569432463,73205.375
12.572057463,73205.375
12.574681463000001,73205.375
12.577306463000001,73160.25
12.579930463,73160.25
12.582555463,73160.25
12.585179463000001,73160.25
12.587804463000001,73160.25
12.590428463,73160.25
12.593053463,73160.25
12.595677463000001,73160.25
12.598302463000001,73160.25
12.600926463,73186.0
12.603551463,73186.0
12.606176463,73186.0
12.608800463000001,73186.0
12.611425463000002,73186.0
12.614049463,73186.0
12.616674463,73186.0
12.619298463000002,73186.0
12.621923463,73186.0
12.624547463,73186.0
12.627172463,73211.75
12.629796463,73211.75
12.632421463,73211.75
12.635045463,73211.75
12.637670463000001,73211.75
12.640294463,73211.75
12.642919463,73211.75
12.645543463000001,73211.75
12.648168463000001,73211.75
12.650792463,73211.75
12.653417463,73192.5
12.656041463000001,73192.5
12.658666463000001,73192.5
12.661290463,73192.5
12.663915463,73192.5
12.666539463000001,73192.5
12.669164463000001,73192.5
12.671788463,73192.5
12.674413463,73192.5
12.677037463000001,73205.375
12.679662463000001,73205.375
12.682286463,73205.375
12.684911463,73205.375
12.687535463000001,73205.375
12.690160463000002,73205.375
12.692784463,73205.375
12.695409463,73205.375
12.698033463000002,73205.375
12.700658463000002,73205.375
12.703282463,73211.75
12.705907463,73211.75
12.708531463,73211.75
12.711156463,73211.75
12.713780463,73211.75
12.716405463000001,73211.75
12.719030463000001,73211.75
12.721654463,73211.75
12.724279463,73211.75
12.726903463000001,73211.75
12.729528463000001,73211.75
12.732152463,73211.75
12.734777463,73211.75
12.737401463000001,73211.75
12.740026463000001,73211.75
12.742650463,73211.75
12.745275463,73211.75
12.747899463000001,73211.75
12.750524463000001,73211.75
12.753148463,73211.75
12.755773463,73192.5
12.758397463000001,73192.5
12.761022463000002,73192.5
12.763646463,73192.5
12.766271463,73192.5
12.768895463000002,73192.5
12.771520463000002,73192.5
12.774144463,73192.5
12.776769463,73192.5
12.779393463000002,73205.375
12.782018463,73205.375
12.784642463,73205.375
12.787267463000001,73205.375
12.789891463,73205.375
12.792516463,73205.375
12.795140463000001,73205.375
12.797765463000001,73205.375
12.800389463,73205.375
12.803014463,73205.375
12.805638463000001,73198.875
12.808263463000001,73198.875
12.810887463,73198.875
12.813512463,73198.875
12.816136463000001,73198.875
12.818761463000001,73198.875
12.821385463,73198.875
12.824010463,73198.875
12.826634463000001,73198.875
12.829259463000001,73198.875
12.831884463000002,73198.875
12.834508463,73198.875
12.837133463,73198.875
12.839757463000002,73198.875
12.842382463000002,73198.875
12.845006463,73198.875
12.847631463,73198.875
12.850255463000002,73198.875
12.852880463,73198.875
12.855504463,73218.25
12.858129463000001,73218.25
12.860753463,73218.25
12.863378463,73218.25
12.866002463000001,73218.25
12.868627463000001,73218.25
12.871251463,73218.25
12.873876463,73218.25
12.876500463000001,73218.25
12.879125463000001,73218.25
12.881749463,73179.625
12.884374463,73179.625
12.886998463000001,73179.625
12.889623463000001,73179.625
12.892247463,73179.625
12.894872463,73179.625
12.897496463000001,73179.625
12.900121463000001,73179.625
12.902745463,73179.625
12.905370463,73179.625
12.907994463000001,73192.5
12.910619463000002,73192.5
12.913243463,73192.5
12.915868463,73192.5
12.918492463000002,73192.5
12.921117463000002,73192.5
12.923741463,73192.5
12.926366463,73192.5
12.928990463000002,73192.5
12.931615463,73192.5
12.934239463,73179.625
12.936864463000001,73179.625
12.939488463,73179.625
12.942113463,73179.625
12.944738463,73179.625
12.947362463000001,73179.625
12.949987463000001,73179.625
12.952611463,73179.625
12.955236463,73179.625
12.957860463000001,73173.125
12.960485463000001,73173.125
12.963109463,73173.125
12.965734463,73173.125
12.968358463000001,73173.125
12.970983463000001,73173.125
12.973607463,73173.125
12.976232463,73173.125
12.978856463000001,73173.125
12.981481463000001,73173.125
12.984105463,73186.0
12.986730463,73186.0
12.989354463000002,73186.0
12.991979463000002,73186.0
12.994603463,73186.0
12.997228463,73186.0
12.999852463000002,73186.0
13.002477463,73186.0
13.005101463,73186.0
13.007726463000001,73186.0
13.010350463,73192.5
13.012975463,73192.5
13.015599463000001,73192.5
13.018224463000001,73192.5
13.020848463,73192.5
13.023473463,73192.5
13.026097463000001,73192.5
13.028722463000001,73192.5
13.031346463,73192.5
13.033971463,73192.5
13.036595463000001,73192.5
13.039220463000001,73192.5
13.041844463,73192.5
13.044469463,73192.5
13.047093463000001,73192.5
13.049718463000001,73192.5
13.052342463,73192.5
13.054967463,73192.5
13.057592463,73192.5
13.060216463000001,73166.75
13.062841463000002,73166.75
13.065465463,73166.75
13.068090463,73166.75
13.070714463000002,73166.75
13.073339463,73166.75
13.075963463,73166.75
13.078588463,73166.75
13.081212463,73166.75
13.083837463,73166.75
13.086461463000001,73179.625
13.089086463000001,73179.625
13.091710463,73179.625
13.094335463,73179.625
13.096959463000001,73179.625
13.099584463000001,73179.625
13.102208463,73179.625
13.104833463,73179.625
13.107457463000001,73179.625
13.110082463000001,73173.125
13.112706463,73173.125
13.115331463,73173.125
13.117955463000001,73173.125
13.120580463000001,73173.125
13.123204463,73173.125
13.125829463,73173.125
13.128453463000001,73173.125
13.131078463000001,73173.125
13.133702463,73173.125
13.136327463,73166.75
13.138951463000001,73166.75
13.141576463000002,73166.75
13.144200463,73166.75
13.146825463,73166.75
13.149449463000002,73166.75
13.152074463,73166.75
13.154698463,73166.75
13.157323463,73166.75
13.159947463,73192.5
13.162572463,73192.5
13.165197463,73192.5
13.167821463000001,73192.5
13.170446463000001,73192.5
13.173070463,73192.5
13.175695463,73192.5
13.178319463000001,73192.5
13.180944463000001,73192.5
13.183568463,73192.5
13.186193463,73192.5
13.188817463000001,73186.0
13.191442463000001,73186.0
13.194066463,73186.0
13.196691463,73186.0
13.199315463000001,73186.0
13.201940463000001,73186.0
13.204564463,73186.0
13.207189463,73186.0
13.209813463000001,73186.0
13.212438463000002,73179.625
13.215062463,73179.625
13.217687463,73179.625
13.220311463000002,73179.625
13.222936463000002,73179.625
13.225560463,73179.625
13.228185463,73179.625
13.230809463,73179.625
13.233434463,73179.625
13.236058463,73179.625
13.238683463000001,73224.75
13.241307463,73224.75
13.243932463,73224.75
13.246556463000001,73224.75
13.249181463000001,73224.75
13.251805463,73224.75
13.254430463,73224.75
13.257054463000001,73224.75
13.259679463000001,73224.75
13.262303463,73224.75
13.264928463,73192.5
13.267552463000001,73192.5
13.270177463000001,73192.5
13.272801463,73192.5
13.275426463,73192.5
13.278051463,73192.5
13.280675463000001,73192.5
13.283300463000002,73192.5
13.285924463,73192.5
13.288549463,73198.875
13.291173463000002,73198.875
13.293798463000002,73198.875
13.296422463,73198.875
13.299047463,73198.875
13.301671463000002,73198.875
13.304296463,73198.875
13.306920463,73198.875
13.309545463000001,73198.875
13.312169463,73198.875
13.314794463,73205.375
13.317418463000001,73205.375
13.320043463000001,73205.375
13.322667463,73205.375
13.325292463,73205.375
13.327916463000001,73205.375
13.330541463000001,73205.375
13.333165463,73205.375
13.335790463,73205.375
13.338414463000001,73211.75
13.341039463000001,73211.75
13.343663463,73211.75
13.346288463,73211.75
13.348912463000001,73211.75
13.351537463000001,73211.75
13.354161463,73211.75
13.356786463,73211.75
13.359410463000001,73211.75
13.362035463000002,73211.75
13.364659463,73224.75
13.367284463,73224.75
13.369908463000002,73224.75
13.372533463000002,73224.75
13.375157463,73224.75
13.377782463,73224.75
13.380406463000002,73224.75
13.383031463,73224.75
13.385655463,73224.75
13.388280463000001,73224.75
13.390905463000001,73224.75
13.393529463,73224.75
13.396154463,73224.75
13.398778463000001,73224.75
13.401403463000001,73224.75
13.404027463,73224.75
13.406652463,73224.75
13.409276463000001,73224.75
13.411901463000001,73224.75
13.414525463,73224.75
13.417150463,73186.0
13.419774463000001,73186.0
13.422399463000001,73186.0
13.425023463,73186.0
13.427648463,73186.0
13.430272463000001,73186.0
13.432897463000002,73186.0
13.435521463,73186.0
13.438146463,73186.0
13.440770463000002,73186.0
13.443395463000002,73205.375
13.446019463,73205.375
13.448644463,73205.375
13.451268463000002,73205.375
13.453893463,73205.375
13.456517463,73205.375
13.459142463000001,73205.375
13.461766463,73205.375
13.464391463,73205.375
13.467015463000001,73224.75
13.469640463000001,73224.75
13.472264463,73224.75
13.474889463,73224.75
13.477513463000001,73224.75
13.480138463000001,73224.75
13.482762463,73224.75
13.485387463,73224.75
13.488011463000001,73224.75
13.490636463000001,73224.75
13.493260463,73231.125
13.495885463,73231.125
13.498509463000001,73231.125
13.501134463000001,73231.125
13.503759463000002,73231.125
13.506383463,73231.125
13.509008463,73231.125
13.511632463000002,73231.125
13.514257463000002,73231.125
13.516881463,73224.75
13.519506463,73224.75
13.522130463000002,73224.75
13.524755463,73224.75
13.527379463,73224.75
13.530004463000001,73224.75
13.532628463,73224.75
13.535253463,73224.75
13.537877463000001,73224.75
13.540502463000001,73224.75
13.543126463,73231.125
13.545751463,73231.125
13.548375463000001,73231.125
13.551000463000001,73231.125
13.553624463,73231.125
13.556249463,73231.125
13.558873463000001,73231.125
13.561498463000001,73231.125
13.564122463,73231.125
13.566747463,73231.125
13.569371463000001,73231.125
13.571996463000001,73231.125
13.574620463,73231.125
13.577245463,73231.125
13.579869463000001,73231.125
13.582494463000002,73231.125
13.585118463,73231.125
13.587743463,73231.125
13.590367463000002,73231.125
13.592992463000002,73231.125
13.595616463,73231.125
13.598241463,73231.125
13.600865463000002,73231.125
13.603490463,73231.125
13.606114463,73231.125
13.608739463000001,73231.125
13.611363463,73231.125
13.613988463,73231.125
13.616613463,73231.125
13.619237463000001,73198.875
13.621862463000001,73198.875
13.624486463,73198.875
13.627111463,73198.875
13.629735463000001,73198.875
13.632360463000001,73198.875
13.634984463,73198.875
13.637609463,73198.875
13.640233463000001,73198.875
13.642858463000001,73198.875
13.645482463,73192.5
13.648107463,73192.5
13.650731463000001,73192.5
13.653356463000001,73192.5
13.655980463,73192.5
13.658605463,73192.5
13.661229463000002,73192.5
13.663854463000002,73192.5
13.666478463,73192.5
13.669103463,73192.5
13.671727463000002,73211.75
13.674352463000002,73211.75
13.676976463,73211.75
13.679601463000001,73211.75
13.682225463,73211.75
13.684850463,73211.75
13.687474463000001,73211.75
13.690099463000001,73211.75
13.692723463,73211.75
13.695348463,73218.25
13.697972463000001,73218.25
13.700597463000001,73218.25
13.703221463,73218.25
13.705846463,73218.25
13.708470463000001,73218.25
13.711095463000001,73218.25
13.713719463,73218.25
13.716344463,73218.25
13.718968463000001,73218.25
13.721593463000001,73211.75
13.724217463,73211.75
13.726842463,73211.75
13.729467463,73211.75
13.732091463000001,73211.75
13.734716463000002,73211.75
13.737340463,73211.75
13.739965463,73211.75
13.742589463000002,73211.75
13.745214463000002,73211.75
13.747838463,73192.5
13.750463463,73192.5
13.753087463000002,73192.5
13.755712463,73192.5
13.758336463000001,73192.5
13.760961463000001,73192.5
13.763585463,73192.5
13.766210463,73192.5
13.768834463000001,73192.5
13.771459463000001,73192.5
13.774083463,73211.75
13.776708463,73211.75
13.779332463000001,73211.75
13.781957463000001,73211.75
13.784581463,73211.75
13.787206463,73211.75
13.789830463000001,73211.75
13.792455463000001,73211.75
13.795079463,73211.75
13.797704463,73231.125
13.800328463000001,73231.125
13.802953463000001,73231.125
13.805577463,73231.125
13.808202463,73231.125
13.810826463000001,73231.125
13.813451463000002,73231.125
13.816075463,73231.125
13.818700463,73231.125
13.821324463000002,73231.125
13.823949463000002,73211.75
13.826573463,73211.75
13.829198463,73211.75
13.831822463000002,73211.75
13.834447463,73211.75
13.837072463,73211.75
13.839696463000001,73211.75
13.842321463000001,73211.75
13.844945463,73211.75
13.847570463,73211.75
13.850194463000001,73224.75
13.852819463000001,73224.75
13.855443463,73224.75
13.858068463,73224.75
13.860692463000001,73224.75
13.863317463000001,73224.75
13.865941463,73224.75
13.868566463,73224.75
13.871190463000001,73224.75
13.873815463000001,73269.75
13.876439463,73269.75
13.879064463,73269.75
13.881688463000001,73269.75
13.884313463000002,73269.75
13.886937463,73269.75
13.889562463,73269.75
13.892186463000002,73269.75
13.894811463000002,73269.75
13.897435463,73269.75
13.900060463,73244.0
13.902684463000002,73244.0
13.905309463,73244.0
13.907933463,73244.0
13.910558463000001,73244.0
13.913182463,73244.0
13.915807463,73244.0
13.918431463000001,73244.0
13.921056463000001,73244.0
13.923680463,73244.0
13.926305463,73224.75
13.928929463000001,73224.75
13.931554463000001,73224.75
13.934178463,73224.75
13.936803463,73224.75
13.939427463000001,73224.75
13.942052463000001,73224.75
13.944676463,73224.75
13.947301463,73224.75
13.949926463,73224.75
13.952550463000001,73205.375
13.955175463000002,73205.375
13.957799463,73205.375
13.960424463,73205.375
13.963048463000002,73205.375
13.965673463000002,73205.375
13.968297463,73205.375
13.970922463,73205.375
13.973546463000002,73205.375
13.976171463,73218.25
13.978795463,73218.25
13.981420463000001,73218.25
13.984044463,73218.25
13.986669463,73218.25
13.989293463000001,73218.25
13.991918463000001,73218.25
13.994542463,73218.25
13.997167463,73218.25
13.999791463000001,73218.25
14.002416463000001,73224.75
14.005040463,73224.75
14.007665463,73224.75
14.010289463000001,73224.75
14.012914463000001,73224.75
14.015538463,73224.75
14.018163463,73224.75
14.020787463000001,73224.75
14.023412463000001,73224.75
14.026036463,73224.75
14.028661463,73218.25
14.031285463000001,73218.25
14.033910463000002,73218.25
14.036534463,73218.25
14.039159463,73218.25
14.041783463000002,73218.25
14.044408463000002,73218.25
14.047032463,73218.25
14.049657463,73218.25
14.052281463000002,73211.75
14.054906463,73211.75
14.057530463,73211.75
14.060155463000001,73211.75
14.062780463000001,73211.75
14.065404463,73211.75
14.068029463,73211.75
14.070653463000001,73211.75
14.073278463000001,73211.75
14.075902463,73211.75
14.078527463,73231.125
14.081151463000001,73231.125
14.083776463000001,73231.125
14.086400463,73231.125
14.089025463,73231.125
14.091649463000001,73231.125
14.094274463000001,73231.125
14.096898463,73231.125
14.099523463,73231.125
14.102147463000001,73231.125
14.104772463000002,73224.75
14.107396463,73224.75
14.110021463,73224.75
14.112645463000002,73224.75
14.115270463000002,73224.75
14.117894463,73224.75
14.120519463,73224.75
14.123143463000002,73224.75
14.125768463,73224.75
14.128392463,73256.875
14.131017463000001,73256.875
14.133641463,73256.875
14.136266463,73256.875
14.138890463000001,73256.875
14.141515463000001,73256.875
14.144139463,73256.875
14.146764463,73256.875
14.149388463000001,73256.875
14.152013463000001,73256.875
14.154637463,73237.625
14.157262463,73237.625
14.159886463000001,73237.625
14.162511463000001,73237.625
14.165135463,73237.625
14.167760463,73237.625
14.170384463000001,73237.625
14.173009463000001,73237.625
14.175634463000002,73237.625
14.178258463,73224.75
14.180883463,73224.75
14.183507463000002,73224.75
14.186132463000002,73224.75
14.188756463,73224.75
14.191381463,73224.75
14.194005463000002,73224.75
14.196630463000002,73224.75
14.199254463,73224.75
14.201879463000001,73224.75
14.204503463000002,73224.75
14.207128463,73256.875
14.209752463000001,73256.875
14.212377463000001,73256.875
14.215001463,73256.875
14.217626463,73256.875
14.220250463000001,73256.875
14.222875463000001,73256.875
14.225499463,73256.875
14.228124463,73256.875
14.230748463000001,73237.625
14.233373463000001,73237.625
14.235997463,73237.625
14.238622463,73237.625
14.241246463000001,73237.625
14.243871463000001,73237.625
14.246495463,73237.625
14.249120463,73237.625
14.251744463000001,73237.625
14.254369463000002,73237.625
14.256993463,73211.75
14.259618463,73211.75
14.262242463000002,73211.75
14.264867463000002,73211.75
14.267491463,73211.75
14.270116463,73211.75
14.272740463000002,73211.75
14.275365463000002,73211.75
14.277989463,73211.75
14.280614463000001,73211.75
14.283238463000002,73231.125
14.285863463,73231.125
14.288488463,73231.125
14.291112463000001,73231.125
14.293737463000001,73231.125
14.296361463,73231.125
14.298986463,73231.125
14.301610463000001,73231.125
14.304235463000001,73231.125
14.306859463,73218.25
14.309484463,73218.25
14.312108463000001,73218.25
14.314733463000001,73218.25
14.317357463,73218.25
14.319982463,73218.25
14.322606463000001,73218.25
14.325231463000001,73218.25
14.327855463,73218.25
14.330480463,73218.25
14.333104463000002,73224.75
14.335729463000002,73224.75
14.338353463,73224.75
14.340978463,73224.75
14.343602463000002,73224.75
14.346227463000002,73224.75
14.348851463,73224.75
14.351476463000001,73224.75
14.354100463000002,73224.75
14.356725463,73237.625
14.359349463000001,73237.625
14.361974463000001,73237.625
14.364598463,73237.625
14.367223463,73237.625
14.369847463000001,73237.625
14.372472463000001,73237.625
14.375096463,73237.625
14.377721463,73237.625
14.380345463000001,73237.625
14.382970463000001,73237.625
14.385594463,73237.625
14.388219463,73237.625
14.390843463000001,73237.625
14.393468463000001,73237.625
14.396092463,73237.625
14.398717463,73237.625
14.401342463,73237.625
14.403966463000001,73237.625
14.406591463000002,73237.625
14.409215463,73256.875
14.411840463,73256.875
14.414464463000002,73256.875
14.417089463000002,73256.875
14.419713463,73256.875
14.422338463,73256.875
14.424962463000002,73256.875
14.427587463,73256.875
14.430211463000001,73256.875
14.432836463000001,73256.875
14.435460463,73244.0
14.438085463,73244.0
14.440709463000001,73244.0
14.443334463000001,73244.0
14.445958463,73244.0
14.448583463,73244.0
14.451207463000001,73244.0
14.453832463000001,73244.0
14.456456463,73244.0
14.459081463,73244.0
14.461705463000001,73231.125
14.464330463000001,73231.125
14.466954463,73231.125
14.469579463,73231.125
14.472203463000001,73231.125
14.474828463000001,73231.125
14.477452463,73231.125
14.480077463,73231.125
14.482701463000001,73231.125
14.485326463000002,73244.0
14.487950463,73244.0
14.490575463,73244.0
14.493199463000002,73244.0
14.495824463000002,73244.0
14.498448463,73244.0
14.501073463,73244.0
14.503697463000002,73244.0
14.506322463,73244.0
14.508947463,73244.0
14.511571463000001,73250.5
14.514196463000001,73250.5
14.516820463,73250.5
14.519445463,73250.5
14.522069463000001,73250.5
14.524694463000001,73250.5
14.527318463,73250.5
14.529943463,73250.5
14.532567463000001,73250.5
14.535192463000001,73263.375
14.537816463,73263.375
14.540441463,73263.375
14.543065463000001,73263.375
14.545690463000001,73263.375
14.548314463,73263.375
14.550939463,73263.375
14.553563463000001,73263.375
14.556188463000002,73263.375
14.558812463,73263.375
14.561437463,73263.375
14.564061463000002,73263.375
14.566686463000002,73263.375
14.569310463,73263.375
14.571935463,73263.375
14.574559463000002,73263.375
14.577184463,73263.375
14.579808463,73263.375
14.582433463000001,73263.375
14.585057463,73263.375
14.587682463,73256.875
14.590306463000001,73256.875
14.592931463000001,73256.875
14.595555463,73256.875
14.598180463,73256.875
14.600804463000001,73256.875
14.603429463000001,73256.875
14.606053463,73256.875
14.608678463,73256.875
14.611302463000001,73256.875
14.613927463000001,73250.5
14.616551463,73250.5
14.619176463,73250.5
14.621801463,73250.5
14.624425463000001,73250.5
14.627050463000002,73250.5
14.629674463,73250.5
14.632299463,73250.5
14.634923463000002,73250.5
14.637548463000002,73237.625
14.640172463,73237.625
14.642797463,73237.625
14.645421463000002,73237.625
14.648046463000002,73237.625
14.650670463,73237.625
14.653295463000001,73237.625
14.655919463,73237.625
14.658544463,73237.625
14.661168463000001,73237.625
14.663793463000001,73231.125
14.666417463,73231.125
14.669042463,73231.125
14.671666463000001,73231.125
14.674291463000001,73231.125
14.676915463,73231.125
14.679540463,73231.125
14.682164463000001,73231.125
14.684789463000001,73231.125
14.687413463,73231.125
14.690038463,73231.125
14.692662463000001,73231.125
14.695287463000001,73231.125
14.697911463,73231.125
14.700536463,73231.125
14.703160463000001,73231.125
14.705785463000002,73231.125
14.708409463,73231.125
14.711034463,73231.125
14.713658463000002,73231.125
14.716283463000002,73231.125
14.718907463,73231.125
14.721532463,73231.125
14.724156463000002,73231.125
14.726781463000002,73231.125
14.729405463,73231.125
14.732030463000001,73231.125
14.734655463000001,73231.125
14.737279463,73231.125
14.739904463,73244.0
14.742528463000001,73244.0
14.745153463000001,73244.0
14.747777463,73244.0
14.750402463,73244.0
14.753026463000001,73244.0
14.755651463000001,73244.0
14.758275463,73244.0
14.760900463,73244.0
14.763524463000001,73244.0
14.766149463000001,73237.625
14.768773463,73237.625
14.771398463,73237.625
14.774022463000001,73237.625
14.776647463000002,73237.625
14.779271463,73237.625
14.781896463,73237.625
14.784520463000002,73237.625
14.787145463000002,73237.625
14.789769463,73237.625
14.792394463,73250.5
14.795018463000002,73250.5
14.797643463000002,73250.5
14.800267463,73250.5
14.802892463000001,73250.5
14.805516463000002,73250.5
14.808141463,73250.5
14.810765463000001,73250.5
14.813390463000001,73250.5
14.816014463,73250.5
14.818639463,73250.5
14.821263463000001,73250.5
14.823888463000001,73250.5
14.826512463,73250.5
14.829137463,73250.5
14.831761463000001,73250.5
14.834386463000001,73250.5
14.837010463,73250.5
14.839635463,73250.5
14.842259463000001,73256.875
14.844884463000001,73256.875
14.847509463000002,73256.875
14.850133463,73256.875
14.852758463,73256.875
14.855382463000002,73256.875
14.858007463000002,73256.875
14.860631463,73256.875
14.863256463,73256.875
14.865880463000002,73256.875
14.868505463000002,73269.75
14.871129463,73269.75
14.873754463000001,73269.75
14.876378463000002,73269.75
14.879003463,73269.75
14.881627463000001,73269.75
14.884252463000001,73269.75
14.886876463,73269.75
14.889501463,73269.75
14.892125463000001,73250.5
14.894750463000001,73250.5
14.897374463,73250.5
14.899999463,73250.5
14.902623463000001,73250.5
14.905248463000001,73250.5
14.907872463,73250.5
14.910497463,73250.5
14.913121463000001,73250.5
14.915746463000001,73250.5
14.918370463,73224.75
14.920995463,73224.75
14.923619463000001,73224.75
14.926244463000002,73224.75
14.928868463,73224.75
14.931493463,73224.75
14.934117463000002,73224.75
14.936742463000002,73224.75
14.939366463,73224.75
14.941991463,73224.75
14.944615463000002,73218.25
14.947240463000002,73218.25
14.949864463,73218.25
14.952489463000001,73218.25
14.955113463000002,73218.25
14.957738463,73218.25
14.960363463,73218.25
14.962987463000001,73218.25
14.965612463000001,73218.25
14.968236463,73218.25
14.970861463,73205.375
14.973485463000001,73205.375
14.976110463000001,73205.375
14.978734463,73205.375
14.981359463,73205.375
14.983983463000001,73205.375
14.986608463000001,73205.375
14.989232463,73205.375
14.991857463,73205.375
14.994481463000001,73244.0
14.997106463000001,73244.0
14.999730463,73244.0
15.002355463,73244.0
15.004979463000002,73244.0
15.007604463000002,73244.0
15.010228463,73244.0
15.012853463,73244.0
15.015477463000002,73244.0
15.018102463000002,73244.0
15.020726463,73231.125
15.023351463000001,73231.125
15.025975463000002,73231.125
15.028600463,73231.125
15.031224463000001,73231.125
15.033849463000001,73231.125
15.036473463,73231.125
15.039098463,73231.125
15.041722463000001,73231.125
15.044347463000001,73231.125
15.046971463,73218.25
15.049596463,73218.25
15.052220463000001,73218.25
15.054845463000001,73218.25
15.057469463,73218.25
15.060094463,73218.25
15.062718463000001,73218.25
15.065343463000001,73218.25
15.067967463,73218.25
15.070592463,73231.125
15.073217463,73231.125
15.075841463000001,73231.125
15.078466463000002,73231.125
15.081090463,73231.125
15.083715463,73231.125
15.086339463000002,73231.125
15.088964463000002,73231.125
15.091588463,73231.125
15.094213463,73231.125
15.096837463000002,73186.0
15.099462463,73186.0
15.102086463000001,73186.0
15.104711463000001,73186.0
15.107335463,73186.0
15.109960463,73186.0
15.112584463000001,73186.0
15.115209463000001,73186.0
15.117833463,73186.0
15.120458463,73186.0
15.123082463000001,73205.375
15.125707463000001,73205.375
15.128331463,73205.375
15.130956463,73205.375
15.133580463000001,73205.375
15.136205463000001,73205.375
15.138829463,73205.375
15.141454463,73205.375
15.144078463000001,73205.375
15.146703463000001,73186.0
15.149327463,73186.0
15.151952463,73186.0
15.154576463000001,73186.0
15.157201463000002,73186.0
15.159825463,73186.0
15.162450463,73186.0
15.165074463000002,73186.0
15.167699463000002,73186.0
15.170323463,73186.0
15.172948463,73198.875
15.175572463000002,73198.875
15.178197463000002,73198.875
15.180822463,73198.875
15.183446463000001,73198.875
15.186071463000001,73198.875
15.188695463,73198.875
15.191320463,73198.875
15.193944463000001,73198.875
15.196569463000001,73166.75
15.199193463,73166.75
15.201818463,73166.75
15.204442463000001,73166.75
15.207067463000001,73166.75
15.209691463,73166.75
15.212316463,73166.75
15.214940463000001,73166.75
15.217565463000001,73166.75
15.220189463,73166.75
15.222814463,73166.75
15.225438463000001,73173.125
15.228063463000002,73173.125
15.230687463,73173.125
15.233312463,73173.125
15.235936463000002,73173.125
15.238561463000002,73173.125
15.241185463,73173.125
15.243810463,73173.125
15.246434463000002,73173.125
15.249059463000002,73141.0
15.251683463,73141.0
15.254308463000001,73141.0
15.256932463000002,73141.0
15.259557463,73141.0
15.262181463000001,73141.0
15.264806463000001,73141.0
15.267430463,73141.0
15.270055463,73141.0
15.272679463000001,73141.0
15.275304463000001,73134.5
15.277928463,73134.5
15.280553463,73134.5
15.283177463000001,73134.5
15.285802463000001,73134.5
15.288426463,73134.5
15.291051463,73134.5
15.293676463,73134.5
15.296300463000001,73134.5
15.298925463000002,73134.5
15.301549463,73166.75
15.304174463,73166.75
15.306798463000002,73166.75
15.309423463000002,73166.75
15.312047463,73166.75
15.314672463,73166.75
15.317296463000002,73166.75
15.319921463000002,73166.75
15.322545463,73166.75
15.325170463000001,73128.0
15.327794463000002,73128.0
15.330419463,73128.0
15.333043463000001,73128.0
15.335668463000001,73128.0
15.338292463,73128.0
15.340917463,73128.0
15.343541463000001,73128.0
15.346166463000001,73128.0
15.348790463,73128.0
15.351415463,73134.5
15.354039463000001,73134.5
15.356664463000001,73134.5
15.359288463,73134.5
15.361913463,73134.5
15.364537463000001,73134.5
15.367162463000001,73134.5
15.369786463,73134.5
15.372411463,73134.5
15.375035463000001,73141.0
15.377660463000002,73141.0
15.380284463,73141.0
15.382909463,73141.0
15.385533463000002,73141.0
15.388158463000002,73141.0
15.390782463,73141.0
15.393407463,73141.0
15.396031463000002,73141.0
15.398656463000002,73141.0
15.401280463,73141.0
15.403905463000001,73141.0
15.406530463000001,73141.0
15.409154463,73141.0
15.411779463,73141.0
15.414403463000001,73141.0
15.417028463000001,73141.0
15.419652463,73141.0
15.422277463,73141.0
15.424901463000001,73141.0
15.427526463000001,73153.875
15.430150463,73153.875
15.432775463,73153.875
15.435399463000001,73153.875
15.438024463000001,73153.875
15.440648463,73153.875
15.443273463,73153.875
15.445897463000001,73153.875
15.448522463000002,73153.875
15.451146463,73153.875
15.453771463,73153.875
15.456395463000002,73153.875
15.459020463000002,73153.875
15.461644463,73153.875
15.464269463,73153.875
15.466893463000002,73153.875
15.469518463000002,73153.875
15.472142463,73153.875
15.474767463000001,73153.875
15.477391463000002,73153.875
15.480016463,73134.5
15.482640463000001,73134.5
15.485265463000001,73134.5
15.487889463,73134.5
15.490514463,73134.5
15.493138463000001,73134.5
15.495763463000001,73134.5
15.498387463,73134.5
15.501012463,73134.5
15.503636463000001,73128.0
15.506261463000001,73128.0
15.508885463,73128.0
15.511510463,73128.0
15.514134463000001,73128.0
15.516759463000001,73128.0
15.519384463000002,73128.0
15.522008463,73128.0
15.524633463,73128.0
15.527257463000002,73128.0
15.529882463000002,73121.625
15.532506463,73121.625
15.535131463,73121.625
15.537755463000002,73121.625
15.540380463000002,73121.625
15.543004463,73121.625
15.545629463000001,73121.625
15.548253463000002,73121.625
15.550878463,73121.625
15.553502463000001,73134.5
15.556127463000001,73134.5
15.558751463,73134.5
15.561376463,73134.5
15.564000463000001,73134.5
15.566625463000001,73134.5
15.569249463,73134.5
15.571874463,73134.5
15.574498463000001,73134.5
15.577123463000001,73134.5
15.579747463,73121.625
15.582372463,73121.625
15.584996463000001,73121.625
15.587621463000001,73121.625
15.590245463,73121.625
15.592870463,73121.625
15.595494463000001,73121.625
15.598119463000002,73121.625
15.600743463,73121.625
15.603368463,73121.625
15.605992463000002,73121.625
15.608617463000002,73121.625
15.611241463,73121.625
15.613866463,73121.625
15.616490463000002,73121.625
15.619115463000002,73121.625
15.621739463,73121.625
15.624364463000001,73121.625
15.626988463000002,73121.625
15.629613463,73121.625
15.632238463,73108.75
15.634851463,73108.75
15.637476463,73108.75
15.640100463000001,73108.75
15.642725463000001,73108.75
15.645349463,73108.75
15.647974463,73108.75
15.650598463000001,73108.75
15.653223463000002,73108.75
15.655847463,73102.25
15.658472463,73102.25
15.661096463000002,73102.25
15.663721463000002,73102.25
15.666345463,73102.25
15.668970463,73102.25
15.671594463000002,73102.25
15.674219463000002,73102.25
15.676843463,73102.25
15.679468463000001,73102.25
15.682092463000002,73108.75
15.684717463,73108.75
15.687341463000001,73108.75
15.689966463000001,73108.75
15.692590463,73108.75
15.695215463,73108.75
15.697839463000001,73108.75
15.700464463000001,73108.75
15.703088463,73108.75
15.705713463,73108.75
15.708338463,73102.25
15.710962463000001,73102.25
15.713587463000001,73102.25
15.716211463,73102.25
15.718836463,73102.25
15.721460463000001,73102.25
15.724085463000002,73102.25
15.726709463,73102.25
15.729334463,73102.25
15.731958463000002,73134.5
15.734583463000002,73134.5
15.737207463,73134.5
15.739832463,73134.5
15.742456463000002,73134.5
15.745081463000002,73134.5
15.747705463,73134.5
15.750330463000001,73134.5
15.752954463000002,73134.5
15.755579463,73134.5
15.758203463000001,73128.0
15.760828463000001,73128.0
15.763452463,73128.0
15.766077463,73128.0
15.768701463000001,73128.0
15.771326463000001,73128.0
15.773950463,73128.0
15.776575463,73128.0
15.779199463000001,73128.0
15.781824463000001,73128.0
15.784448463,73128.0
15.787073463,73128.0
15.789697463000001,73128.0
15.792322463000001,73128.0
15.794946463,73128.0
15.797571463,73128.0
15.800195463000001,73128.0
15.802820463000002,73128.0
15.805444463,73128.0
15.808069463,73128.0
15.810693463000002,73134.5
15.813318463000002,73134.5
15.815942463,73134.5
15.818567463,73134.5
15.821192463000001,73134.5
15.823816463000002,73134.5
15.826441463,73134.5
15.829065463000001,73134.5
15.831690463000001,73134.5
15.834314463,73160.25
15.836939463,73160.25
15.839563463000001,73160.25
15.842188463000001,73160.25
15.844812463,73160.25
15.847437463,73160.25
15.850061463000001,73160.25
15.852686463000001,73160.25
15.855310463,73160.25
15.857935463,73160.25
15.860559463000001,73141.0
15.863184463000001,73141.0
15.865808463,73141.0
15.868433463,73141.0
15.871057463000001,73141.0
15.873682463000002,73141.0
15.876306463,73141.0
15.878931463,73141.0
15.881555463000002,73141.0
15.884180463000002,73141.0
15.886804463,73134.5
15.889429463,73134.5
15.892053463000002,73134.5
15.894678463000002,73134.5
15.897302463,73134.5
15.899927463000001,73134.5
15.902551463000002,73134.5
15.905176463000002,73134.5
15.907800463000001,73134.5
15.910425463000001,73121.625
15.913049463,73121.625
15.915674463,73121.625
15.918298463000001,73121.625
15.920923463000001,73121.625
15.923547463,73121.625
15.926172463,73121.625
15.928797463,73121.625
15.931421463000001,73121.625
15.934046463000001,73121.625
15.936670463,73115.125
15.939295463,73115.125
15.941919463000001,73115.125
15.944544463000001,73115.125
15.947168463,73115.125
15.949793463,73115.125
15.952417463000002,73115.125
15.955042463000002,73115.125
15.957666463,73115.125
15.960291463,73115.125
15.962915463000002,73095.875
15.965540463000002,73095.875
15.968164463,73095.875
15.970789463000001,73095.875
15.973413463000002,73095.875
15.976038463000002,73095.875
15.978662463000001,73095.875
15.981287463000001,73095.875
15.983911463000002,73095.875
15.986536463,73095.875
15.989160463000001,73121.625
15.991785463000001,73121.625
15.994409463,73121.625
15.997034463,73121.625
15.999658463000001,73121.625
16.002283463,73121.625
16.004907463000002,73121.625
16.007532463,73121.625
16.010156463,73121.625
16.012781463,73160.25
16.015405463,73160.25
16.018030463000002,73160.25
16.020654463,73160.25
16.023279463,73160.25
16.025903463000002,73160.25
16.028528463,73160.25
16.031152463,73160.25
16.033777463,73160.25
16.036401463,73160.25
16.039026463000003,73153.875
16.041651463,73153.875
16.044275463,73153.875
16.046900463,73153.875
16.049524463,73153.875
16.052149463,73153.875
16.054773463,73153.875
16.057398463000002,73153.875
16.060022463,73153.875
16.062647463,73153.875
16.065271463000002,73121.625
16.067896463,73121.625
16.070520463,73121.625
16.073145463,73121.625
16.075769463,73121.625
16.078394463000002,73121.625
16.081018463,73121.625
16.083643463,73121.625
16.086267463000002,73121.625
16.088892463,73115.125
16.091516463,73115.125
16.094141463,73115.125
16.096765463,73115.125
16.099390463000002,73115.125
16.102014463,73115.125
16.104639463,73115.125
16.107263463000002,73115.125
16.109888463,73115.125
16.112512463,73115.125
16.115137463,73108.75
16.117761463,73108.75
16.120386463000003,73108.75
16.123010463,73108.75
16.125635463000002,73108.75
16.128259463000003,73108.75
16.130884463,73108.75
16.133508463000002,73108.75
16.136133463,73108.75
16.138757463,73108.75
16.141382463,73102.25
16.144006463,73102.25
16.146631463000002,73102.25
16.149255463,73102.25
16.151880463,73102.25
16.154505463,73102.25
16.157129463,73102.25
16.159754463000002,73102.25
16.162378463,73102.25
16.165003463,73128.0
16.167627463000002,73128.0
16.170252463,73128.0
16.172876463,73128.0
16.175501463,73128.0
16.178125463,73128.0
16.180750463000003,73128.0
16.183374463,73128.0
16.185999463,73128.0
16.188623463000003,73128.0
16.191248463,73134.5
16.193872463,73134.5
16.196497463,73134.5
16.199121463,73134.5
16.201746463000003,73134.5
16.204370463,73134.5
16.206995463000002,73134.5
16.209619463000003,73134.5
16.212244463,73134.5
16.214868463000002,73134.5
16.217493463,73121.625
16.220117463,73121.625
16.222742463,73121.625
16.225366463,73121.625
16.227991463000002,73121.625
16.230615463,73121.625
16.233240463,73121.625
16.235864463000002,73121.625
16.238489463,73121.625
16.241113463,73121.625
16.243738463,73121.625
16.246362463,73121.625
16.248987463000002,73121.625
16.251611463,73121.625
16.254236463,73121.625
16.256860463000002,73121.625
16.259485463,73121.625
16.262109463,73121.625
16.264734463,73121.625
16.267359463000002,73115.125
16.269983463000003,73115.125
16.272608463,73115.125
16.275232463000002,73115.125
16.277857463,73115.125
16.280481463,73115.125
16.283106463,73115.125
16.285730463,73115.125
16.288355463000002,73115.125
16.290979463,73115.125
16.293604463,73141.0
16.296228463000002,73141.0
16.298853463,73141.0
16.301477463,73141.0
16.304102463,73141.0
16.306726463,73141.0
16.309351463000002,73141.0
16.311975463,73141.0
16.314600463,73141.0
16.317224463000002,73141.0
16.319849463,73115.125
16.322473463,73115.125
16.325098463,73115.125
16.327722463,73115.125
16.330347463000003,73115.125
16.332971463,73115.125
16.335596463,73115.125
16.338220463000003,73115.125
16.340845463,73115.125
16.343469463,73095.875
16.346094463,73095.875
16.348718463,73095.875
16.351343463000003,73095.875
16.353967463,73095.875
16.356592463000002,73095.875
16.359216463000003,73095.875
16.361841463,73095.875
16.364465463000002,73095.875
16.367090463,73095.875
16.369714463,73102.25
16.372339463,73102.25
16.374963463,73102.25
16.377588463000002,73102.25
16.380213463,73102.25
16.382837463,73102.25
16.385462463,73102.25
16.388086463,73102.25
16.390711463000002,73102.25
16.393335463,73089.375
16.395960463,73089.375
16.398584463000002,73089.375
16.401209463,73089.375
16.403833463,73089.375
16.406458463,73089.375
16.409082463,73089.375
16.411707463000003,73089.375
16.414331463,73089.375
16.416956463,73089.375
16.419580463000003,73095.875
16.422205463,73095.875
16.424829463000002,73095.875
16.427454463,73095.875
16.430078463,73095.875
16.432703463,73095.875
16.435327463,73095.875
16.437952463000002,73095.875
16.440576463,73095.875
16.443201463,73095.875
16.445825463000002,73095.875
16.448450463,73095.875
16.451074463,73095.875
16.453699463,73095.875
16.456323463,73095.875
16.458948463000002,73095.875
16.461572463,73095.875
16.464197463,73095.875
16.466821463000002,73095.875
16.469446463,73095.875
16.472070463,73095.875
16.474695463,73095.875
16.477319463,73095.875
16.479944463000002,73095.875
16.482568463,73095.875
16.485193463,73095.875
16.487817463000003,73095.875
16.490442463,73095.875
16.493067463000003,73095.875
16.495691463,73095.875
16.498316463000002,73083.0
16.500940463000003,73083.0
16.503565463,73083.0
16.506189463000002,73083.0
16.508814463,73083.0
16.511438463,73083.0
16.514063463,73083.0
16.516687463,73083.0
16.519312463000002,73083.0
16.521936463,73115.125
16.524561463,73115.125
16.527185463000002,73115.125
16.529810463,73115.125
16.532434463,73115.125
16.535059463,73115.125
16.537683463,73115.125
16.540308463000002,73115.125
16.542932463,73115.125
16.545557463,73115.125
16.548181463000002,73076.5
16.550806463,73076.5
16.553430463,73076.5
16.556055463,73076.5
16.558679463,73076.5
16.561304463000003,73076.5
16.563928463,73076.5
16.566553463,73076.5
16.569177463000003,73076.5
16.571802463,73070.125
16.574426463,73070.125
16.577051463,73070.125
16.579675463,73070.125
16.582300463,73070.125
16.584924463,73070.125
16.587549463000002,73070.125
16.590173463,73070.125
16.592798463,73070.125
16.595422463000002,73070.125
16.598047463,73102.25
16.600672463000002,73102.25
16.603296463,73102.25
16.605921463,73102.25
16.608545463000002,73102.25
16.611170463,73102.25
16.613794463,73102.25
16.616419463,73102.25
16.619043463,73102.25
16.621668463000002,73102.25
16.624292463,73095.875
16.626917463,73095.875
16.629541463000002,73095.875
16.632166463,73095.875
16.634790463,73095.875
16.637415463,73095.875
16.640039463,73095.875
16.642664463000003,73095.875
16.645288463,73095.875
16.647913463000002,73095.875
16.650537463000003,73089.375
16.653162463,73089.375
16.655786463000002,73089.375
16.658411463,73089.375
16.661035463,73089.375
16.663660463,73089.375
16.666284463,73089.375
16.668909463000002,73089.375
16.671533463,73089.375
16.674158463,73076.5
16.676782463000002,73076.5
16.679407463,73076.5
16.682031463,73076.5
16.684656463,73076.5
16.687280463,73076.5
16.689905463000002,73076.5
16.692529463,73076.5
16.695154463,73076.5
16.697778463000002,73076.5
16.700403463,73070.125
16.703027463,73070.125
16.705652463,73070.125
16.708276463,73070.125
16.710901463000003,73070.125
16.713526463,73070.125
16.716150463,73070.125
16.718775463,73070.125
16.721399463,73070.125
16.724024463000003,73070.125
16.726648463,73083.0
16.729273463000002,73083.0
16.731897463000003,73083.0
16.734522463,73083.0
16.737146463000002,73083.0
16.739771463,73083.0
16.742395463,73083.0
16.745020463,73083.0
16.747644463,73083.0
16.750269463000002,73089.375
16.752893463,73089.375
16.755518463,73089.375
16.758142463000002,73089.375
16.760767463,73089.375
16.763391463,73089.375
16.766016463,73089.375
16.768640463,73089.375
16.771265463000002,73089.375
16.773889463,73089.375
16.776514463,73089.375
16.779138463000002,73089.375
16.781763463,73089.375
16.784387463,73089.375
16.787012463,73089.375
16.789636463,73089.375
16.792261463000003,73089.375
16.794885463,73089.375
16.797510463000002,73089.375
16.800134463000003,73089.375
16.802759463,73089.375
16.805383463000002,73089.375
16.808008463,73089.375
16.810632463,73089.375
16.813257463,73089.375
16.815881463,73089.375
16.818506463000002,73089.375
16.821130463,73089.375
16.823755463,73089.375
16.826380463,73089.375
16.829004463,73089.375
16.831629463000002,73089.375
16.834253463,73089.375
16.836878463,73089.375
16.839502463000002,73089.375
16.842127463,73089.375
16.844751463,73089.375
16.847376463,73089.375
16.850000463,73089.375
16.852625463000003,73089.375
16.855249463,73089.375
16.857874463,73089.375
16.860498463000003,73089.375
16.863123463,73089.375
16.865747463,73089.375
16.868372463,73089.375
16.870996463,73089.375
16.873621463000003,73089.375
16.876245463,73089.375
16.878870463000002,73102.25
16.881494463000003,73102.25
16.884119463,73102.25
16.886743463000002,73102.25
16.889368463,73102.25
16.891992463,73102.25
16.894617463,73102.25
16.897241463,73102.25
16.899866463000002,73102.25
16.902490463,73102.25
16.905115463,73102.25
16.907739463000002,73102.25
16.910364463,73102.25
16.912988463,73102.25
16.915613463,73102.25
16.918237463,73102.25
16.920862463000002,73102.25
16.923486463,73102.25
16.926111463,73102.25
16.928735463000002,73134.5
16.931360463,73134.5
16.933984463,73134.5
16.936609463,73134.5
16.939234463000002,73134.5
16.941858463000003,73134.5
16.944483463,73134.5
16.947107463000002,73134.5
16.949732463,73134.5
16.952356463,73134.5
16.954981463,73128.0
16.957605463,73128.0
16.960230463000002,73128.0
16.962854463,73128.0
16.965479463,73128.0
16.968103463000002,73128.0
16.970728463,73128.0
16.973352463,73128.0
16.975977463,73128.0
16.978601463,73128.0
16.981226463000002,73128.0
16.983850463,73128.0
16.986475463,73128.0
16.989099463000002,73128.0
16.991724463,73128.0
16.994348463,73128.0
16.996973463,73128.0
16.999597463,73128.0
17.002222463000003,73128.0
17.004846463,73128.0
17.007471463,73128.0
17.010095463000003,73128.0
17.012720463,73128.0
17.015344463,73128.0
17.017969463,73128.0
17.020593463,73128.0
17.023218463000003,73128.0
17.025842463,73128.0
17.028467463000002,73128.0
17.031091463000003,73134.5
17.033716463,73134.5
17.036340463000002,73134.5
17.038965463,73134.5
17.041589463,73134.5
17.044214463,73134.5
17.046838463,73134.5
17.049463463000002,73134.5
17.052088463,73134.5
17.054712463,73134.5
17.057337463,73128.0
17.059961463,73128.0
17.062586463000002,73128.0
17.065210463,73128.0
17.067835463,73128.0
17.070459463000002,73128.0
17.073084463,73128.0
17.075708463,73128.0
17.078333463,73128.0
17.080957463,73128.0
17.083582463000003,73128.0
17.086206463,73128.0
17.088831463,73128.0
17.091455463000003,73128.0
17.094080463,73128.0
17.096704463000002,73128.0
17.099329463,73128.0
17.101953463,73128.0
17.104578463000003,73128.0
17.107202463,73108.75
17.109827463000002,73108.75
17.112451463,73108.75
17.115076463,73108.75
17.117700463000002,73108.75
17.120325463,73108.75
17.122949463,73108.75
17.125574463,73108.75
17.128198463,73108.75
17.130823463000002,73108.75
17.133447463,73128.0
17.136072463,73128.0
17.138696463000002,73128.0
17.141321463,73128.0
17.143945463,73128.0
17.146570463,73128.0
17.149194463,73128.0
17.151819463000002,73128.0
17.154443463,73128.0
17.157068463,73128.0
17.159692463000003,73121.625
17.162317463,73121.625
17.164942463000003,73121.625
17.167566463,73121.625
17.170191463000002,73121.625
17.172815463000003,73121.625
17.175440463,73121.625
17.178064463000002,73121.625
17.180689463,73121.625
17.183313463,73095.875
17.185938463,73095.875
17.188562463,73095.875
17.191187463000002,73095.875
17.193811463,73095.875
17.196436463,73095.875
17.199060463000002,73095.875
17.201685463,73095.875
17.204309463,73095.875
17.206934463,73095.875
17.209558463,73134.5
17.212183463000002,73134.5
17.214807463,73134.5
17.217432463,73134.5
17.220056463000002,73134.5
17.222681463,73134.5
17.225305463,73134.5
17.227930463,73134.5
17.230554463,73134.5
17.233179463000003,73134.5
17.235803463,73147.375
17.238428463,73147.375
17.241052463000003,73147.375
17.243677463,73147.375
17.246301463,73147.375
17.248926463,73147.375
17.251550463,73147.375
17.254175463000003,73147.375
17.256799463,73147.375
17.259424463000002,73147.375
17.262048463000003,73121.625
17.264673463,73121.625
17.267297463000002,73121.625
17.269922463,73121.625
17.272547463000002,73121.625
17.275171463,73121.625
17.277796463,73121.625
17.280420463000002,73121.625
17.283045463,73121.625
17.285669463,73108.75
17.288294463,73108.75
17.290918463,73108.75
17.293543463000002,73108.75
17.296167463,73108.75
17.298792463,73108.75
17.301416463000002,73108.75
17.304041463,73108.75
17.306665463,73108.75
17.309290463,73108.75
17.311914463,73121.625
17.314539463000003,73121.625
17.317163463,73121.625
17.319788463000002,73121.625
17.322412463000003,73121.625
17.325037463,73121.625
17.327661463000002,73121.625
17.330286463,73121.625
17.332910463,73121.625
17.335535463,73121.625
17.338159463,73134.5
17.340784463000002,73134.5
17.343408463,73134.5
17.346033463,73134.5
17.348657463000002,73134.5
17.351282463,73134.5
17.353906463,73134.5
17.356531463,73134.5
17.359155463,73134.5
17.361780463000002,73121.625
17.364404463,73121.625
17.367029463,73121.625
17.369653463000002,73121.625
17.372278463,73121.625
17.374902463,73121.625
17.377527463,73121.625
17.380151463,73121.625
17.382776463000003,73121.625
17.385401463,73121.625
17.388025463,73141.0
17.390650463,73141.0
17.393274463,73141.0
17.395899463000003,73141.0
17.398523463,73141.0
17.401148463000002,73141.0
17.403772463000003,73141.0
17.406397463,73141.0
17.409021463000002,73141.0
17.411646463,73141.0
17.414270463,73141.0
17.416895463,73141.0
17.419519463,73141.0
17.422144463000002,73141.0
17.424768463,73141.0
17.427393463,73141.0
17.430017463000002,73141.0
17.432642463,73141.0
17.435266463,73141.0
17.437891463,73153.875
17.440515463,73153.875
17.443140463000002,73153.875
17.445764463,73153.875
17.448389463,73153.875
17.451013463000002,73153.875
17.453638463,73153.875
17.456262463,73153.875
17.458887463,73153.875
17.461511463,73153.875
17.464136463000003,73128.0
17.466760463,73128.0
17.469385463000002,73128.0
17.472009463000003,73128.0
17.474634463,73128.0
17.477258463000002,73128.0
17.479883463,73128.0
17.482507463,73128.0
17.485132463,73128.0
17.487756463,73128.0
17.490381463000002,73153.875
17.493005463,73153.875
17.495630463,73153.875
17.498255463,73153.875
17.500879463,73153.875
17.503504463000002,73153.875
17.506128463,73153.875
17.508753463,73153.875
17.511377463000002,73153.875
17.514002463,73153.875
17.516626463,73141.0
17.519251463,73141.0
17.521875463,73141.0
17.524500463000003,73141.0
17.527124463,73141.0
17.529749463,73141.0
17.532373463000003,73141.0
17.534998463,73141.0
17.537622463,73141.0
17.540247463,73108.75
17.542871463,73108.75
17.545496463000003,73108.75
17.548120463,73108.75
17.550745463000002,73108.75
17.553369463000003,73108.75
17.555994463,73108.75
17.558618463000002,73108.75
17.561243463,73108.75
17.563867463,73108.75
17.566492463,73121.625
17.569116463,73121.625
17.571741463000002,73121.625
17.574365463,73121.625
17.576990463,73121.625
17.579614463000002,73121.625
17.582239463,73121.625
17.584863463,73121.625
17.587488463,73121.625
17.590112463,73115.125
17.592737463000002,73115.125
17.595361463,73115.125
17.597986463,73115.125
17.600610463000002,73115.125
17.603235463,73115.125
17.605859463,73115.125
17.608484463,73115.125
17.611109463000002,73115.125
17.613733463000003,73115.125
17.616358463,73128.0
17.618982463000002,73128.0
17.621607463,73128.0
17.624231463,73128.0
17.626856463000003,73128.0
17.629480463,73128.0
17.632105463000002,73128.0
17.634729463,73128.0
17.637354463,73128.0
17.639978463000002,73128.0
17.642603463,73121.625
17.645227463,73121.625
17.647852463,73121.625
17.650476463,73121.625
17.653101463000002,73121.625
17.655725463,73121.625
17.658350463,73121.625
17.660974463000002,73121.625
17.663599463,73121.625
17.666223463,73121.625
17.668848463,73121.625
17.671472463,73121.625
17.674097463000003,73121.625
17.676721463,73121.625
17.679346463,73121.625
17.681970463000003,73121.625
17.684595463,73121.625
17.687219463,73121.625
17.689844463,73121.625
17.692468463,73128.0
17.695093463000003,73128.0
17.697717463,73128.0
17.700342463000002,73128.0
17.702966463000003,73128.0
17.705591463,73128.0
17.708215463000002,73128.0
17.710840463,73128.0
17.713464463,73128.0
17.716089463,73128.0
17.718713463,73128.0
17.721338463000002,73128.0
17.723963463,73128.0
17.726587463,73128.0
17.729212463,73128.0
17.731836463,73128.0
17.734461463000002,73128.0
17.737085463,73128.0
17.739710463,73128.0
17.742334463000002,73128.0
17.744959463,73134.5
17.747583463,73134.5
17.750208463,73134.5
17.752832463,73134.5
17.755457463000003,73134.5
17.758081463,73134.5
17.760706463,73134.5
17.763330463000003,73134.5
17.765955463,73134.5
17.768579463000002,73108.75
17.771204463,73108.75
17.773828463,73108.75
17.776453463000003,73108.75
17.779077463,73108.75
17.781702463000002,73108.75
17.784326463000003,73108.75
17.786951463,73108.75
17.789575463000002,73108.75
17.792200463,73108.75
17.794824463,73102.25
17.797449463,73102.25
17.800073463,73102.25
17.802698463000002,73102.25
17.805322463,73102.25
17.807947463,73102.25
17.810571463000002,73102.25
17.813196463,73102.25
17.815820463,73102.25
17.818445463,73102.25
17.821069463,73095.875
17.823694463000002,73095.875
17.826318463,73095.875
17.828943463,73095.875
17.831567463000003,73095.875
17.834192463,73095.875
17.836817463000003,73095.875
17.839441463,73095.875
17.842066463000002,73095.875
17.844690463000003,73095.875
17.847315463,73102.25
17.849939463000002,73102.25
17.852564463,73102.25
17.855188463,73102.25
17.857813463,73102.25
17.860437463,73102.25
17.863062463000002,73102.25
17.865686463,73102.25
17.868311463,73102.25
17.870935463000002,73089.375
17.873560463,73089.375
17.876184463,73089.375
17.878809463,73089.375
