Time (s),Illuminance (lx)
0.0,58051.375
0.009915035,58296.25
0.020047035,58148.125
0.030178035000000002,58148.125
0.040310035,57838.75
0.042965035000000006,57838.75
0.045590035,57838.75
0.048214035,57838.75
0.050839035000000005,57838.75
0.053463035000000006,57838.75
0.056088035,57838.75
0.058712035,57838.75
0.061337035000000005,57838.75
0.063961035,58206.125
0.066586035,58206.125
0.069210035,58206.125
0.071835035,58206.125
0.074459035,58206.125
0.07708403500000001,58206.125
0.07970803500000001,58206.125
0.082333035,58206.125
0.084957035,58206.125
0.087582035,58206.125
0.090206035,58405.75
0.092831035,58405.75
0.09545503500000001,58405.75
0.09808003500000001,58405.75
0.10070403500000001,58405.75
0.103329035,58405.75
0.105954035,58405.75
0.108578035,58405.75
0.111203035,58405.75
0.11382703500000001,58051.375
0.11645203500000001,58051.375
0.11907603500000001,58051.375
0.12170103500000001,58051.375
0.12432503500000001,58051.375
0.12695003500000002,58051.375
0.129574035,58051.375
0.13219903500000002,58051.375
0.134823035,58051.375
0.137448035,58051.375
0.140072035,57916.125
0.142697035,57916.125
0.14532103500000002,57916.125
0.147946035,57916.125
0.15057003500000002,57916.125
0.153195035,57916.125
0.15581903500000002,57916.125
0.158444035,57916.125
0.161068035,57916.125
0.16369303500000001,57916.125
0.166317035,58238.25
0.16894203500000002,58238.25
0.171566035,58238.25
0.17419103500000002,58238.25
0.176815035,58238.25
0.179440035,58238.25
0.182064035,58238.25
0.184689035,58238.25
0.18731303500000002,58238.25
0.189938035,58238.25
0.19256203500000002,58386.5
0.195187035,58386.5
0.19781103500000002,58386.5
0.200436035,58386.5
0.203060035,58386.5
0.20568503500000002,58386.5
0.208309035,58386.5
0.21093403500000002,58386.5
0.213558035,58386.5
0.21618303500000002,58128.75
0.218808035,58128.75
0.22143203500000003,58128.75
0.22405703500000002,58128.75
0.226681035,58128.75
0.22930603500000002,58128.75
0.231930035,58128.75
0.23455503500000002,58128.75
0.237179035,58128.75
0.23980403500000003,58128.75
0.24242803500000001,58070.75
0.245053035,58070.75
0.24767703500000002,58070.75
0.25030203500000003,58070.75
0.252926035,58070.75
0.25555103500000004,58070.75
0.258175035,58070.75
0.26080003500000004,58070.75
0.263424035,58070.75
0.266049035,58070.75
0.268673035,58315.625
0.271298035,58315.625
0.273922035,58315.625
0.276547035,58315.625
0.279171035,58315.625
0.281796035,58315.625
0.284420035,58315.625
0.287045035,58315.625
0.289669035,58315.625
0.292294035,58296.25
0.294918035,58296.25
0.297543035,58296.25
0.300167035,58296.25
0.302792035,58296.25
0.30541603500000003,58296.25
0.308041035,58296.25
0.31066503500000003,58296.25
0.313290035,58296.25
0.31591403500000004,58296.25
0.318539035,58025.625
0.32116303500000004,58025.625
0.32378803500000003,58025.625
0.32641203500000004,58025.625
0.32903703500000003,58025.625
0.331662035,58025.625
0.33428603500000004,58025.625
0.336911035,58025.625
0.33953503500000004,58025.625
0.34216003500000003,58025.625
0.34478403500000004,58038.5
0.34740903500000003,58038.5
0.35003303500000005,58038.5
0.35265803500000004,58038.5
0.355282035,58038.5
0.35790703500000004,58038.5
0.360531035,58038.5
0.36315603500000004,58038.5
0.365780035,58038.5
0.36840503500000005,58038.5
0.371029035,58302.75
0.37365403500000005,58302.75
0.376278035,58302.75
0.378903035,58302.75
0.381527035,58302.75
0.384152035,58302.75
0.386776035,58302.75
0.389401035,58302.75
0.392025035,58302.75
0.394650035,58315.625
0.397274035,58315.625
0.399899035,58315.625
0.40252303500000003,58315.625
0.405148035,58315.625
0.40777203500000003,58315.625
0.410397035,58315.625
0.41302103500000004,58315.625
0.415646035,58315.625
0.41827003500000004,58315.625
0.42089503500000003,58096.5
0.42351903500000004,58096.5
0.42614403500000003,58096.5
0.42876803500000005,58096.5
0.43139303500000004,58096.5
0.43401703500000005,58096.5
0.43664203500000004,58096.5
0.43926703500000003,58096.5
0.44189103500000004,58096.5
0.44451603500000003,58096.5
0.44714003500000005,58096.5
0.44976503500000004,58096.5
0.45238903500000005,58096.5
0.45501403500000004,58096.5
0.45763803500000005,58096.5
0.46026303500000004,58096.5
0.462887035,58096.5
0.46551203500000005,58096.5
0.468136035,58096.5
0.47076103500000005,58251.125
0.473385035,58251.125
0.47601003500000005,58251.125
0.478634035,58251.125
0.48125903500000006,58251.125
0.483883035,58251.125
0.486508035,58251.125
0.489132035,58251.125
0.491757035,58251.125
0.494381035,58251.125
0.497006035,58122.25
0.49963003500000003,58122.25
0.502255035,58122.25
0.504879035,58122.25
0.5075040350000001,58122.25
0.510128035,58122.25
0.512753035,58122.25
0.515377035,58122.25
0.5180020350000001,58122.25
0.520626035,58122.25
0.523251035,57941.875
0.525875035,57941.875
0.528500035,57941.875
0.531124035,57941.875
0.533749035,57941.875
0.536373035,57941.875
0.538998035,57941.875
0.5416220350000001,57941.875
0.544247035,57941.875
0.546871035,58096.5
0.549496035,58096.5
0.552121035,58096.5
0.554745035,58096.5
0.557370035,58096.5
0.559994035,58096.5
0.562619035,58096.5
0.5652430350000001,58096.5
0.567868035,58096.5
0.570492035,58096.5
0.573117035,58341.375
0.5757410350000001,58341.375
0.5783660350000001,58341.375
0.580990035,58341.375
0.583615035,58341.375
0.5862390350000001,58341.375
0.5888640350000001,58341.375
0.591488035,58341.375
0.594113035,58341.375
0.5967370350000001,58244.75
0.5993620350000001,58244.75
0.601986035,58244.75
0.604611035,58244.75
0.6072350350000001,58244.75
0.6098600350000001,58244.75
0.612484035,58244.75
0.615109035,58244.75
0.617733035,58244.75
0.6203580350000001,58244.75
0.622982035,58244.75
0.625607035,58096.5
0.628231035,58096.5
0.6308560350000001,58096.5
0.633480035,58096.5
0.636105035,58096.5
0.638729035,58096.5
0.641354035,58096.5
0.6439780350000001,58096.5
0.646603035,58096.5
0.649227035,58193.125
0.651852035,58193.125
0.6544760350000001,58193.125
0.657101035,58193.125
0.659725035,58193.125
0.662350035,58193.125
0.664975035,58193.125
0.6675990350000001,58193.125
0.670224035,58193.125
0.672848035,58193.125
0.675473035,58264.0
0.6780970350000001,58264.0
0.6807220350000001,58264.0
0.683346035,58264.0
0.685971035,58264.0
0.6885950350000001,58264.0
0.6912200350000001,58264.0
0.693844035,58264.0
0.696469035,58264.0
0.6990930350000001,58264.0
0.7017180350000001,58122.25
0.7043400350000001,58122.25
0.7069650350000001,58122.25
0.709589035,58122.25
0.712214035,58122.25
0.7148380350000001,58122.25
0.7174630350000001,58122.25
0.720087035,58122.25
0.722712035,58122.25
0.725336035,58045.0
0.7279610350000001,58045.0
0.730585035,58045.0
0.733210035,58045.0
0.735834035,58045.0
0.7384590350000001,58045.0
0.7410830350000001,58045.0
0.743708035,58045.0
0.746332035,58045.0
0.748957035,58045.0
0.7515810350000001,58161.0
0.754206035,58161.0
0.756830035,58161.0
0.759455035,58161.0
0.7620790350000001,58161.0
0.7647040350000001,58161.0
0.767328035,58161.0
0.769953035,58161.0
0.772578035,58161.0
0.7752020350000001,58264.0
0.777827035,58264.0
0.780451035,58264.0
0.783076035,58264.0
0.7857000350000001,58264.0
0.7883250350000001,58264.0
0.790949035,58264.0
0.793574035,58264.0
0.7961980350000001,58264.0
0.7988230350000001,58264.0
0.801447035,58173.875
0.804072035,58173.875
0.8066960350000001,58173.875
0.8093210350000001,58173.875
0.811945035,58173.875
0.814570035,58173.875
0.8171940350000001,58173.875
0.8198190350000001,58173.875
0.822443035,58173.875
0.825068035,58173.875
0.8276920350000001,58115.875
0.8303170350000001,58115.875
0.832941035,58115.875
0.835566035,58115.875
0.838190035,58115.875
0.8408150350000001,58115.875
0.8434390350000001,58115.875
0.846064035,58115.875
0.848688035,58115.875
0.8513130350000001,58115.875
0.8539370350000001,58231.875
0.856562035,58231.875
0.859186035,58231.875
0.861811035,58231.875
0.8644350350000001,58231.875
0.8670600350000001,58231.875
0.869684035,58231.875
0.872309035,58231.875
0.8749330350000001,58231.875
0.8775580350000001,58231.875
0.880182035,58238.25
0.882807035,58238.25
0.885432035,58238.25
0.8880560350000001,58238.25
0.8906810350000001,58238.25
0.893305035,58238.25
0.895930035,58238.25
0.8985540350000001,58238.25
0.9011790350000001,58238.25
0.903803035,58141.625
0.906428035,58141.625
0.9090520350000001,58141.625
0.9116770350000001,58141.625
0.914301035,58141.625
0.916926035,58141.625
0.9195500350000001,58141.625
0.9221750350000001,58141.625
0.924799035,58141.625
0.927424035,58141.625
0.9300480350000001,58154.5
0.9326730350000001,58154.5
0.935297035,58154.5
0.937922035,58154.5
0.9405460350000001,58154.5
0.9431710350000001,58154.5
0.9457950350000001,58154.5
0.948420035,58154.5
0.951044035,58154.5
0.9536690350000001,58283.375
0.9562930350000001,58283.375
0.9589180350000001,58283.375
0.961542035,58283.375
0.964167035,58283.375
0.9667910350000001,58283.375
0.9694160350000001,58283.375
0.972040035,58283.375
0.974665035,58283.375
0.9772890350000001,58283.375
0.9799140350000001,58328.5
0.982538035,58328.5
0.985163035,58328.5
0.9877870350000001,58328.5
0.9904120350000001,58328.5
0.993036035,58328.5
0.995661035,58328.5
0.998286035,58328.5
1.000910035,58328.5
1.003535035,58328.5
1.006159035,58161.0
1.0087840350000001,58161.0
1.011408035,58161.0
1.014033035,58161.0
1.0166570350000002,58161.0
1.019282035,58161.0
1.021906035,58161.0
1.024531035,58161.0
1.027155035,58161.0
1.0297800350000001,58161.0
1.032404035,58115.875
1.035029035,58115.875
1.0376530350000002,58115.875
1.040278035,58115.875
1.042902035,58115.875
1.045527035,58115.875
1.048151035,58115.875
1.0507760350000002,58115.875
1.0534000350000001,58115.875
1.056025035,58231.875
1.058649035,58231.875
1.061274035,58231.875
1.063898035,58231.875
1.0665230350000001,58231.875
1.069147035,58231.875
1.071772035,58231.875
1.0743960350000001,58231.875
1.077021035,58231.875
1.079645035,58231.875
1.082270035,58225.375
1.084894035,58225.375
1.0875190350000001,58225.375
1.090143035,58225.375
1.092768035,58225.375
1.0953920350000002,58225.375
1.098017035,58225.375
1.100641035,58225.375
1.103266035,58225.375
1.105891035,58225.375
1.1085150350000001,58135.25
1.111140035,58135.25
1.113764035,58135.25
1.116389035,58135.25
1.119013035,58135.25
1.1216380350000001,58135.25
1.124262035,58135.25
1.126887035,58135.25
1.1295110350000002,58135.25
1.132136035,58180.25
1.134760035,58180.25
1.137385035,58180.25
1.140009035,58180.25
1.1426340350000002,58180.25
1.1452580350000001,58180.25
1.147883035,58180.25
1.1505070350000002,58180.25
1.153132035,58180.25
1.155756035,58180.25
1.1583810350000001,58244.75
1.161005035,58244.75
1.1636300350000002,58244.75
1.1662540350000001,58244.75
1.168879035,58244.75
1.171503035,58244.75
1.174128035,58244.75
1.176752035,58244.75
1.1793770350000001,58244.75
1.182001035,58244.75
1.184626035,58212.5
1.1872500350000001,58212.5
1.189875035,58212.5
1.192499035,58212.5
1.195124035,58212.5
1.197748035,58212.5
1.2003730350000001,58212.5
1.202997035,58212.5
1.205622035,58212.5
1.2082460350000002,58212.5
1.210871035,58103.0
1.213495035,58103.0
1.216120035,58103.0
1.218745035,58103.0
1.2213690350000002,58103.0
1.223994035,58103.0
1.226618035,58103.0
1.229243035,58103.0
1.231867035,58103.0
1.2344920350000002,58154.5
1.2371160350000001,58154.5
1.239741035,58154.5
1.2423650350000002,58154.5
1.244990035,58154.5
1.247614035,58154.5
1.250239035,58154.5
1.252863035,58154.5
1.2554880350000002,58154.5
1.2581120350000001,58154.5
1.260737035,58231.875
1.2633610350000002,58231.875
1.265986035,58231.875
1.268610035,58231.875
1.2712350350000001,58231.875
1.273859035,58231.875
1.2764840350000002,58231.875
1.2791080350000001,58231.875
1.281733035,58231.875
1.284357035,58231.875
1.286982035,58180.25
1.289606035,58180.25
1.2922310350000001,58180.25
1.294855035,58180.25
1.297480035,58180.25
1.3001040350000002,58180.25
1.302729035,58180.25
1.305353035,58180.25
1.307978035,58180.25
1.310602035,58154.5
1.3132270350000002,58154.5
1.3158510350000001,58154.5
1.318476035,58154.5
1.3211000350000002,58154.5
1.323725035,58154.5
1.326349035,58154.5
1.328974035,58154.5
1.331599035,58154.5
1.3342230350000002,58154.5
1.336848035,58244.75
1.339472035,58244.75
1.342097035,58244.75
1.344721035,58244.75
1.3473460350000002,58244.75
1.3499700350000001,58244.75
1.352595035,58244.75
1.3552190350000002,58244.75
1.357844035,58244.75
1.360468035,58244.75
1.3630930350000001,58270.5
1.365717035,58270.5
1.3683420350000002,58270.5
1.3709660350000001,58270.5
1.373591035,58270.5
1.376215035,58270.5
1.378840035,58270.5
1.381464035,58270.5
1.3840890350000001,58270.5
1.386713035,58199.625
1.3893380350000002,58199.625
1.3919620350000002,58199.625
1.394587035,58199.625
1.397211035,58199.625
1.399836035,58199.625
1.402460035,58199.625
1.4050850350000001,58199.625
1.407709035,58199.625
1.410334035,58199.625
1.4129580350000002,58128.75
1.415583035,58128.75
1.418207035,58128.75
1.420832035,58128.75
1.423456035,58128.75
1.4260810350000002,58128.75
1.4287050350000001,58128.75
1.431330035,58128.75
1.4339540350000002,58128.75
1.436579035,58167.375
1.439203035,58167.375
1.4418280350000001,58167.375
1.444453035,58167.375
1.4470770350000002,58167.375
1.449702035,58167.375
1.452326035,58167.375
1.4549510350000001,58167.375
1.457575035,58167.375
1.4602000350000002,58167.375
1.4628240350000001,58167.375
1.465449035,58199.625
1.4680730350000002,58199.625
1.470698035,58199.625
1.473322035,58199.625
1.4759470350000001,58199.625
1.478571035,58199.625
1.4811960350000002,58199.625
1.4838200350000001,58199.625
1.486445035,58199.625
1.489069035,58141.625
1.491694035,58141.625
1.494318035,58141.625
1.4969430350000001,58141.625
1.499567035,58141.625
1.5021920350000002,58141.625
1.5048160350000002,58141.625
1.507441035,58141.625
1.510065035,58141.625
1.512690035,58141.625
1.515314035,58167.375
1.5179390350000002,58167.375
1.5205630350000001,58167.375
1.523188035,58167.375
1.5258120350000002,58167.375
1.528437035,58167.375
1.531061035,58167.375
1.5336860350000001,58167.375
1.536310035,58167.375
1.5389350350000002,58167.375
1.5415590350000001,58219.0
1.544184035,58219.0
1.5468080350000002,58219.0
1.549433035,58219.0
1.552057035,58219.0
1.5546820350000001,58219.0
1.557307035,58219.0
1.5599310350000002,58219.0
1.562556035,58219.0
1.565180035,58206.125
1.5678050350000001,58206.125
1.570429035,58206.125
1.5730540350000002,58206.125
1.5756780350000001,58206.125
1.578303035,58206.125
1.5809270350000002,58206.125
1.583552035,58206.125
1.586176035,58206.125
1.5888010350000001,58206.125
1.591425035,58128.75
1.5940500350000002,58128.75
1.5966740350000002,58128.75
1.599299035,58128.75
1.601923035,58128.75
1.604548035,58128.75
1.607172035,58128.75
1.6097970350000002,58128.75
1.6124210350000001,58128.75
1.615046035,58135.25
1.6176700350000002,58135.25
1.620295035,58135.25
1.622919035,58135.25
1.625544035,58135.25
1.628168035,58135.25
1.6307930350000002,58135.25
1.6334170350000001,58135.25
1.636042035,58135.25
1.6386660350000002,58135.25
1.641291035,58173.875
1.643915035,58173.875
1.6465400350000001,58173.875
1.649164035,58173.875
1.6517890350000002,58173.875
1.6544130350000001,58173.875
1.657038035,58173.875
1.6596620350000002,58173.875
1.662287035,58173.875
1.664911035,58173.875
1.6675360350000001,58186.75
1.670161035,58186.75
1.6727850350000002,58186.75
1.675410035,58186.75
1.678034035,58186.75
1.6806590350000001,58186.75
1.683283035,58186.75
1.6859080350000002,58186.75
1.6885320350000002,58186.75
1.691157035,58186.75
1.6937810350000002,58135.25
1.696406035,58135.25
1.699030035,58135.25
1.7016550350000001,58135.25
1.704279035,58135.25
1.7069040350000002,58135.25
1.7095280350000002,58135.25
1.712153035,58135.25
1.714777035,58135.25
1.717402035,58135.25
1.720026035,58173.875
1.7226510350000002,58173.875
1.7252750350000001,58173.875
1.727900035,58173.875
1.7305240350000002,58173.875
1.733149035,58173.875
1.735773035,58173.875
1.7383980350000001,58173.875
1.741022035,58173.875
1.7436470350000002,58173.875
1.7462710350000001,58173.875
1.748896035,58173.875
1.7515200350000002,58173.875
1.754145035,58173.875
1.756769035,58173.875
1.7593940350000001,58173.875
1.762018035,58173.875
1.7646430350000002,58173.875
1.7672670350000002,58173.875
1.769892035,58193.125
1.7725160350000002,58193.125
1.775141035,58193.125
1.7777660350000002,58193.125
1.7803900350000001,58193.125
1.783015035,58193.125
1.7856390350000002,58193.125
1.788264035,58193.125
1.790888035,58193.125
1.7935130350000001,58135.25
1.796137035,58135.25
1.7987620350000002,58135.25
1.8013860350000002,58135.25
1.804011035,58135.25
1.8066350350000002,58135.25
1.809260035,58135.25
1.811884035,58135.25
1.8145090350000002,58135.25
1.8171330350000001,58135.25
1.8197580350000002,58154.5
1.8223820350000002,58154.5
1.825007035,58154.5
1.827631035,58154.5
1.8302560350000001,58154.5
1.832880035,58154.5
1.8355050350000002,58154.5
1.8381290350000001,58154.5
1.840754035,58154.5
1.8433780350000002,58154.5
1.846003035,58199.625
1.848627035,58199.625
1.8512520350000001,58199.625
1.853876035,58199.625
1.8565010350000002,58199.625
1.8591250350000001,58199.625
1.861750035,58199.625
1.8643740350000002,58199.625
1.866999035,58199.625
1.869623035,58199.625
1.8722480350000001,58173.875
1.874872035,58173.875
1.8774970350000002,58173.875
1.8801210350000002,58173.875
1.882746035,58173.875
1.8853700350000002,58173.875
1.887995035,58173.875
1.8906200350000002,58173.875
1.8932440350000002,58173.875
1.895869035,58154.5
1.8984930350000002,58154.5
1.901118035,58154.5
1.903742035,58154.5
1.9063670350000002,58154.5
1.9089910350000001,58154.5
1.9116160350000002,58154.5
1.9142400350000002,58154.5
1.916865035,58154.5
1.919489035,58154.5
1.922114035,58219.0
1.924738035,58219.0
1.9273630350000002,58219.0
1.9299870350000001,58219.0
1.9326120350000002,58219.0
1.9352360350000002,58219.0
1.937861035,58219.0
1.940485035,58219.0
1.9431100350000001,58219.0
1.945734035,58219.0
1.9483590350000002,58225.375
1.9509830350000001,58225.375
1.953608035,58225.375
1.9562320350000002,58225.375
1.958857035,58225.375
1.961481035,58225.375
1.9641060350000001,58225.375
1.966730035,58225.375
1.9693550350000002,58225.375
1.9719790350000002,58148.125
1.974604035,58148.125
1.9772280350000002,58148.125
1.979853035,58148.125
1.982477035,58148.125
1.9851020350000002,58148.125
1.9877260350000001,58148.125
1.9903510350000002,58148.125
1.9929750350000002,58148.125
1.995600035,58148.125
1.9982240350000002,58167.375
2.0008490350000003,58167.375
2.003474035,58167.375
2.006098035,58167.375
2.008723035,58167.375
2.011347035,58167.375
2.013972035,58167.375
2.016596035,58167.375
2.019221035,58167.375
2.021845035,58167.375
2.0244700350000002,58193.125
2.027094035,58193.125
2.0297190350000003,58193.125
2.0323430350000002,58193.125
2.0349680350000003,58193.125
2.0375920350000003,58193.125
2.040217035,58193.125
2.042841035,58193.125
2.045466035,58193.125
2.048090035,58193.125
2.050715035,58173.875
2.053339035,58173.875
2.055964035,58173.875
2.058588035,58173.875
2.061213035,58173.875
2.063837035,58173.875
2.0664620350000003,58173.875
2.069086035,58173.875
2.0717110350000003,58173.875
2.0743350350000003,58161.0
2.076960035,58161.0
2.0795840350000003,58161.0
2.082209035,58161.0
2.084833035,58161.0
2.087458035,58161.0
2.090082035,58161.0
2.092707035,58161.0
2.095331035,58161.0
2.097956035,58161.0
2.100580035,58180.25
2.1032050350000002,58180.25
2.105829035,58180.25
2.1084540350000003,58180.25
2.1110780350000002,58180.25
2.1137030350000003,58180.25
2.116328035,58180.25
2.118952035,58180.25
2.121577035,58180.25
2.124201035,58180.25
2.126826035,58193.125
2.129450035,58193.125
2.132075035,58193.125
2.134699035,58193.125
2.1373240350000002,58193.125
2.139948035,58193.125
2.1425730350000003,58193.125
2.1451970350000003,58193.125
2.1478220350000004,58193.125
2.1504460350000003,58154.5
2.153071035,58154.5
2.155695035,58154.5
2.158320035,58154.5
2.160944035,58154.5
2.163569035,58154.5
2.166193035,58154.5
2.168818035,58154.5
2.171442035,58154.5
2.174067035,58154.5
2.176691035,58141.625
2.1793160350000003,58141.625
2.181940035,58141.625
2.1845650350000003,58141.625
2.1871890350000003,58141.625
2.189814035,58141.625
2.1924380350000003,58141.625
2.195063035,58141.625
2.197687035,58141.625
2.200312035,58141.625
2.202936035,58141.625
2.205561035,58141.625
2.208185035,58141.625
2.210810035,58141.625
2.213434035,58141.625
2.2160590350000002,58141.625
2.218683035,58141.625
2.2213080350000003,58141.625
2.2239320350000003,58141.625
2.2265570350000004,58186.75
2.229182035,58186.75
2.231806035,58186.75
2.234431035,58186.75
2.237055035,58186.75
2.239680035,58186.75
2.242304035,58186.75
2.244929035,58186.75
2.247553035,58186.75
2.2501780350000002,58186.75
2.252802035,58161.0
2.2554270350000003,58161.0
2.2580510350000003,58161.0
2.2606760350000004,58161.0
2.2633000350000003,58161.0
2.265925035,58161.0
2.268549035,58161.0
2.271174035,58161.0
2.273798035,58161.0
2.276423035,58148.125
2.279047035,58148.125
2.281672035,58148.125
2.284296035,58148.125
2.286921035,58148.125
2.289545035,58148.125
2.2921700350000003,58148.125
2.2947940350000002,58148.125
2.2974190350000003,58148.125
2.3000430350000003,58148.125
2.302668035,58173.875
2.3052920350000004,58173.875
2.307917035,58173.875
2.310541035,58173.875
2.313166035,58173.875
2.315790035,58173.875
2.318415035,58173.875
2.321039035,58173.875
2.323664035,58173.875
2.326288035,58173.875
2.3289130350000002,58173.875
2.331537035,58173.875
2.3341620350000003,58173.875
2.3367860350000003,58173.875
2.3394110350000004,58173.875
2.342036035,58173.875
2.344660035,58173.875
2.347285035,58173.875
2.349909035,58173.875
2.352534035,58173.875
2.355158035,58161.0
2.357783035,58161.0
2.360407035,58161.0
2.3630320350000003,58161.0
2.365656035,58161.0
2.3682810350000003,58161.0
2.3709050350000003,58161.0
2.373530035,58161.0
2.3761540350000003,58161.0
2.378779035,58161.0
2.381403035,58167.375
2.384028035,58167.375
2.386652035,58167.375
2.389277035,58167.375
2.391901035,58167.375
2.394526035,58167.375
2.397150035,58167.375
2.3997750350000002,58167.375
2.402399035,58167.375
2.4050240350000003,58173.875
2.4076480350000002,58173.875
2.4102730350000003,58173.875
2.4128970350000003,58173.875
2.415522035,58173.875
2.4181460350000004,58173.875
2.420771035,58173.875
2.423395035,58173.875
2.426020035,58173.875
2.428644035,58173.875
2.431269035,58173.875
2.433893035,58173.875
2.436518035,58173.875
2.439142035,58173.875
2.4417670350000003,58173.875
2.444391035,58173.875
2.4470160350000003,58173.875
2.449641035,58173.875
2.4522650350000004,58173.875
2.454890035,58141.625
2.457514035,58141.625
2.460139035,58141.625
2.462763035,58141.625
2.465388035,58141.625
2.468012035,58141.625
2.470637035,58141.625
2.473261035,58141.625
2.4758860350000003,58141.625
2.4785100350000002,58141.625
2.4811350350000003,58173.875
2.4837590350000003,58173.875
2.486384035,58173.875
2.4890080350000003,58173.875
2.491633035,58173.875
2.494257035,58173.875
2.496882035,58173.875
2.499506035,58173.875
2.502131035,58173.875
2.504755035,58173.875
2.507380035,58148.125
2.510004035,58148.125
2.5126290350000002,58148.125
2.515253035,58148.125
2.5178780350000003,58148.125
2.5205020350000003,58148.125
2.5231270350000004,58148.125
2.5257510350000003,58148.125
2.528376035,58148.125
2.5310000350000004,58148.125
2.533625035,58186.75
2.536249035,58186.75
2.538874035,58186.75
2.541498035,58186.75
2.544123035,58186.75
2.546747035,58186.75
2.549372035,58186.75
2.551996035,58186.75
2.5546210350000003,58186.75
2.557245035,58173.875
2.5598700350000003,58173.875
2.562495035,58173.875
2.5651190350000004,58173.875
2.567744035,58173.875
2.570368035,58173.875
2.572993035,58173.875
2.575617035,58173.875
2.578242035,58173.875
2.580866035,58173.875
2.583491035,58167.375
2.586115035,58167.375
2.5887400350000003,58167.375
2.5913640350000002,58167.375
2.5939890350000003,58167.375
2.5966130350000003,58167.375
2.599238035,58167.375
2.6018620350000004,58167.375
2.604487035,58167.375
2.607111035,58167.375
2.609736035,58173.875
2.612360035,58173.875
2.614985035,58173.875
2.617609035,58173.875
2.620234035,58173.875
2.622858035,58173.875
2.6254830350000002,58173.875
2.628107035,58173.875
2.6307320350000003,58173.875
2.6333560350000003,58161.0
2.6359810350000004,58161.0
2.6386050350000003,58161.0
2.641230035,58161.0
2.6438540350000004,58161.0
2.646479035,58161.0
2.649103035,58161.0
2.651728035,58161.0
2.654352035,58161.0
2.656977035,58161.0
2.659601035,58154.5
2.662226035,58154.5
2.664850035,58154.5
2.6674750350000003,58154.5
2.6700990350000002,58154.5
2.6727240350000003,58154.5
2.675349035,58154.5
2.677973035,58154.5
2.680598035,58154.5
2.683222035,58154.5
2.685847035,58154.5
2.688471035,58154.5
2.691096035,58154.5
2.693720035,58154.5
2.6963450350000002,58154.5
2.698969035,58154.5
2.7015940350000003,58154.5
2.7042180350000002,58154.5
2.7068430350000003,58154.5
2.7094670350000003,58154.5
2.712092035,58180.25
2.7147160350000004,58180.25
2.717341035,58180.25
2.719965035,58180.25
2.722590035,58180.25
2.725214035,58180.25
2.727839035,58180.25
2.730463035,58180.25
2.733088035,58180.25
2.735712035,58180.25
2.7383370350000003,58180.25
2.740961035,58180.25
2.7435860350000003,58180.25
2.7462100350000003,58180.25
2.7488350350000004,58180.25
2.7514590350000003,58180.25
2.754084035,58180.25
2.7567080350000004,58180.25
2.759333035,58180.25
2.761957035,58206.125
2.764582035,58206.125
2.767206035,58206.125
2.769831035,58206.125
2.772455035,58206.125
2.7750800350000002,58206.125
2.777704035,58206.125
2.7803290350000003,58206.125
2.7829530350000002,58206.125
2.7855780350000003,58206.125
2.788203035,58186.75
2.790827035,58186.75
2.793452035,58186.75
2.796076035,58186.75
2.798701035,58186.75
2.801325035,58186.75
2.803950035,58186.75
2.806574035,58186.75
2.8091990350000002,58186.75
2.811823035,58206.125
2.8144480350000003,58206.125
2.8170720350000003,58206.125
2.8196970350000004,58206.125
2.8223210350000003,58206.125
2.824946035,58206.125
2.8275700350000004,58206.125
2.830195035,58206.125
2.832819035,58206.125
2.835444035,58206.125
2.838068035,58180.25
2.840693035,58180.25
2.843317035,58180.25
2.845942035,58180.25
2.848566035,58180.25
2.8511910350000003,58180.25
2.853815035,58180.25
2.8564400350000003,58180.25
2.8590640350000003,58180.25
2.8616890350000004,58180.25
2.8643130350000003,58173.875
2.866938035,58173.875
2.8695620350000004,58173.875
2.872187035,58173.875
2.874811035,58173.875
2.877436035,58173.875
2.880060035,58173.875
2.882685035,58173.875
2.885309035,58173.875
2.8879340350000002,58161.0
2.890558035,58161.0
2.8931830350000003,58161.0
2.8958070350000003,58161.0
2.8984320350000004,58161.0
2.901057035,58161.0
2.903681035,58161.0
2.906306035,58161.0
2.908930035,58161.0
2.911555035,58161.0
2.914179035,58180.25
2.916804035,58180.25
2.919428035,58180.25
2.9220530350000002,58180.25
2.924677035,58180.25
2.9273020350000003,58180.25
2.9299260350000003,58180.25
2.9325510350000004,58180.25
2.9351750350000003,58180.25
2.937800035,58180.25
2.9404240350000004,58199.625
2.943049035,58199.625
2.945673035,58199.625
2.948298035,58199.625
2.950922035,58199.625
2.953547035,58199.625
2.956171035,58199.625
2.958796035,58199.625
2.961420035,58199.625
2.9640450350000003,58199.625
2.9666690350000002,58199.625
2.9692940350000003,58199.625
2.9719180350000003,58199.625
2.9745430350000004,58199.625
2.9771670350000004,58199.625
2.979792035,58199.625
2.982416035,58199.625
2.985041035,58199.625
2.987665035,58199.625
2.990290035,58238.25
2.992914035,58238.25
2.995539035,58238.25
2.998163035,58238.25
3.0007880350000002,58238.25
3.003412035,58238.25
3.0060370350000003,58238.25
3.0086610350000003,58238.25
3.0112860350000004,58238.25
3.013911035,58238.25
3.016535035,58244.75
3.019160035,58244.75
3.021784035,58244.75
3.024409035,58244.75
3.027033035,58244.75
3.029658035,58244.75
3.032282035,58244.75
3.0349070350000003,58244.75
3.037531035,58244.75
3.0401560350000003,58244.75
3.0427800350000003,58225.375
3.0454050350000004,58225.375
3.0480290350000003,58225.375
3.050654035,58225.375
3.0532780350000004,58225.375
3.055903035,58225.375
3.058527035,58225.375
3.061152035,58225.375
3.063776035,58225.375
3.066401035,58115.875
3.069025035,58115.875
3.0716500350000002,58115.875
3.074274035,58115.875
3.0768990350000003,58115.875
3.0795230350000002,58115.875
3.0821480350000003,58115.875
3.0847720350000003,58115.875
3.0873970350000004,58115.875
3.0900210350000004,58115.875
3.092646035,58019.25
3.095270035,58019.25
3.097895035,58019.25
3.100519035,58019.25
3.103144035,58019.25
3.105768035,58019.25
3.108393035,58019.25
3.111017035,58019.25
3.1136420350000003,58019.25
3.116266035,58077.25
3.1188910350000003,58077.25
3.1215160350000004,58077.25
3.1241400350000004,58077.25
3.126765035,58077.25
3.129389035,58077.25
3.132014035,58077.25
3.134638035,58077.25
3.137263035,58077.25
3.139887035,58077.25
3.142512035,58141.625
3.145136035,58141.625
3.1477610350000003,58141.625
3.1503850350000002,58141.625
3.1530100350000003,58141.625
3.1556340350000003,58141.625
3.1582590350000004,58141.625
3.1608830350000003,58141.625
3.163508035,58141.625
3.1661320350000004,58141.625
3.168757035,58135.25
3.171381035,58135.25
3.174006035,58135.25
3.176630035,58135.25
3.179255035,58135.25
3.181879035,58135.25
3.1845040350000002,58135.25
3.187128035,58135.25
3.1897530350000003,58135.25
3.1923770350000003,58135.25
3.1950020350000004,58206.125
3.1976260350000003,58206.125
3.2002510350000004,58206.125
3.2028750350000004,58206.125
3.205500035,58206.125
3.208124035,58206.125
3.210749035,58206.125
3.213373035,58206.125
3.215998035,58206.125
3.218622035,58206.125
3.221247035,58186.75
3.223871035,58186.75
3.2264960350000003,58186.75
3.229120035,58186.75
3.2317450350000003,58186.75
3.2343700350000004,58186.75
3.2369940350000004,58186.75
3.239619035,58186.75
3.242243035,58186.75
3.244868035,58199.625
3.247492035,58199.625
3.250117035,58199.625
3.252741035,58199.625
3.255366035,58199.625
3.257990035,58199.625
3.2606150350000003,58199.625
3.2632390350000002,58199.625
3.2658640350000003,58199.625
3.2684880350000003,58199.625
3.2711130350000004,58199.625
3.2737370350000004,58199.625
3.276362035,58199.625
3.2789860350000004,58199.625
3.281611035,58199.625
3.284235035,58199.625
3.286860035,58199.625
3.289484035,58199.625
3.292109035,58199.625
3.294733035,58219.0
3.2973580350000002,58219.0
3.299982035,58219.0
3.3026070350000003,58219.0
3.3052310350000003,58219.0
3.3078560350000004,58219.0
3.3104800350000003,58219.0
3.3131050350000004,58219.0
3.3157290350000004,58219.0
3.318354035,58219.0
3.320978035,58219.0
3.323603035,58219.0
3.326227035,58219.0
3.328852035,58219.0
3.331476035,58219.0
3.334101035,58219.0
3.336725035,58219.0
3.3393500350000003,58219.0
3.3419740350000002,58219.0
3.3445990350000003,58219.0
3.347224035,58212.5
3.3498480350000004,58212.5
3.352473035,58212.5
3.355097035,58212.5
3.357722035,58212.5
3.360346035,58212.5
3.362971035,58212.5
3.365595035,58212.5
3.3682200350000002,58212.5
3.370844035,58212.5
3.3734690350000003,58225.375
3.3760930350000002,58225.375
3.3787180350000003,58225.375
3.3813420350000003,58225.375
3.3839670350000004,58225.375
3.3865910350000004,58225.375
3.389216035,58225.375
3.3918400350000004,58225.375
3.394465035,58225.375
3.397089035,58206.125
3.399714035,58206.125
3.402338035,58206.125
3.404963035,58206.125
3.407587035,58206.125
3.4102120350000003,58206.125
3.412836035,58206.125
3.4154610350000003,58206.125
3.4180850350000003,58206.125
3.4207100350000004,58206.125
3.4233340350000003,58231.875
3.4259590350000004,58231.875
3.4285830350000004,58231.875
3.431208035,58231.875
3.433832035,58231.875
3.436457035,58231.875
3.439081035,58231.875
3.441706035,58231.875
3.444330035,58231.875
3.4469550350000002,58231.875
3.449579035,58231.875
3.4522040350000003,58231.875
3.4548280350000002,58231.875
3.4574530350000003,58231.875
3.460078035,58231.875
3.4627020350000004,58231.875
3.465327035,58231.875
3.467951035,58231.875
3.470576035,58231.875
3.473200035,58225.375
3.475825035,58225.375
3.478449035,58225.375
3.4810740350000002,58225.375
3.483698035,58225.375
3.4863230350000003,58225.375
3.4889470350000003,58225.375
3.4915720350000004,58225.375
3.4941960350000003,58225.375
3.4968210350000004,58225.375
3.4994450350000004,58225.375
3.502070035,58225.375
3.5046940350000004,58225.375
3.507319035,58225.375
3.509943035,58225.375
3.512568035,58225.375
3.515192035,58225.375
3.517817035,58225.375
3.520441035,58225.375
3.5230660350000003,58225.375
3.525690035,58238.25
3.5283150350000003,58238.25
3.5309390350000003,58238.25
3.5335640350000004,58238.25
3.5361880350000003,58238.25
3.5388130350000004,58238.25
3.5414370350000004,58238.25
3.544062035,58238.25
3.546686035,58238.25
3.549311035,58238.25
3.551935035,58206.125
3.554560035,58206.125
3.557184035,58206.125
3.5598090350000002,58206.125
3.562433035,58206.125
3.5650580350000003,58206.125
3.5676820350000003,58206.125
3.5703070350000004,58206.125
3.572932035,58206.125
3.5755560350000004,58212.5
3.578181035,58212.5
3.580805035,58212.5
3.583430035,58212.5
3.586054035,58212.5
3.588679035,58212.5
3.591303035,58212.5
3.5939280350000002,58212.5
3.596552035,58212.5
3.5991770350000003,58212.5
3.6018010350000003,58161.0
3.6044260350000004,58161.0
3.6070500350000003,58161.0
3.6096750350000004,58161.0
3.6122990350000004,58161.0
3.614924035,58161.0
3.6175480350000004,58161.0
3.620173035,58161.0
3.622797035,58161.0
3.625422035,58161.0
3.628046035,58148.125
3.630671035,58148.125
3.633295035,58148.125
3.6359200350000003,58148.125
3.6385440350000002,58148.125
3.6411690350000003,58148.125
3.6437930350000003,58148.125
3.6464180350000004,58148.125
3.6490420350000004,58148.125
3.651667035,58199.625
3.6542910350000004,58199.625
3.656916035,58199.625
3.659540035,58199.625
3.662165035,58199.625
3.664789035,58199.625
3.667414035,58199.625
3.670038035,58199.625
3.6726630350000002,58199.625
3.675287035,58199.625
3.6779120350000003,58148.125
3.6805360350000003,58148.125
3.6831610350000004,58148.125
3.685786035,58148.125
3.6884100350000004,58148.125
3.691035035,58148.125
3.693659035,58148.125
3.696284035,58148.125
3.698908035,58148.125
3.701533035,58148.125
3.704157035,58128.75
3.7067820350000003,58128.75
3.709406035,58128.75
3.7120310350000003,58128.75
3.7146550350000003,58128.75
3.7172800350000004,58128.75
3.7199040350000003,58128.75
3.7225290350000004,58128.75
3.7251530350000004,58128.75
3.727778035,58193.125
3.7304020350000004,58193.125
3.733027035,58193.125
3.735651035,58193.125
3.738276035,58193.125
3.740900035,58193.125
3.7435250350000002,58193.125
3.746149035,58193.125
3.7487740350000003,58193.125
3.7513980350000002,58193.125
3.7540230350000003,58212.5
3.7566470350000003,58212.5
3.7592720350000004,58212.5
3.7618960350000004,58212.5
3.764521035,58212.5
3.7671450350000004,58212.5
3.769770035,58212.5
3.772394035,58212.5
3.775019035,58212.5
3.777643035,58148.125
3.780268035,58148.125
3.782892035,58148.125
3.7855170350000003,58148.125
3.788141035,58148.125
3.7907660350000003,58148.125
3.7933910350000004,58148.125
3.7960150350000004,58148.125
3.798640035,58148.125
3.8012640350000004,58148.125
3.803889035,58148.125
3.806513035,58122.25
3.809138035,58122.25
3.811762035,58122.25
3.814387035,58122.25
3.817011035,58122.25
3.8196360350000003,58122.25
3.8222600350000002,58122.25
3.8248850350000003,58122.25
3.8275090350000003,58122.25
3.8301340350000004,58173.875
3.8327580350000003,58173.875
3.8353830350000004,58173.875
3.8380070350000004,58173.875
3.840632035,58173.875
3.8432560350000005,58173.875
3.845881035,58173.875
3.848505035,58173.875
3.851130035,58173.875
3.853754035,58173.875
3.8563790350000002,58173.875
3.859003035,58173.875
3.8616280350000003,58173.875
3.8642520350000003,58173.875
3.8668770350000004,58173.875
3.8695010350000003,58173.875
3.8721260350000004,58173.875
3.8747500350000004,58173.875
3.877375035,58173.875
3.8799990350000004,58173.875
3.882624035,58173.875
3.885248035,58173.875
3.887873035,58173.875
3.890497035,58173.875
3.893122035,58173.875
3.895746035,58173.875
3.8983710350000003,58173.875
3.900995035,58173.875
3.9036200350000003,58173.875
3.9062450350000004,58193.125
3.9088690350000004,58193.125
3.911494035,58193.125
3.9141180350000004,58193.125
3.916743035,58193.125
3.919367035,58193.125
3.921992035,58193.125
3.924616035,58193.125
3.927241035,58193.125
3.929865035,58193.125
3.9324900350000003,58219.0
3.9351140350000002,58219.0
3.9377390350000003,58219.0
3.9403630350000003,58219.0
3.9429880350000004,58219.0
3.9456120350000004,58219.0
3.9482370350000004,58219.0
3.9508610350000004,58219.0
3.953486035,58219.0
3.956110035,58225.375
3.958735035,58225.375
3.961359035,58225.375
3.963984035,58225.375
3.966608035,58225.375
3.9692330350000002,58225.375
3.971857035,58225.375
3.9744820350000003,58225.375
3.9771060350000003,58225.375
3.9797310350000004,58225.375
3.9823550350000003,58173.875
3.9849800350000004,58173.875
3.9876040350000004,58173.875
3.990229035,58173.875
3.9928530350000004,58173.875
3.995478035,58173.875
3.998102035,58173.875
4.000727035000001,58173.875
4.003351035000001,58173.875
4.005976035000001,58173.875
4.008600035000001,58199.625
4.011225035,58199.625
4.013849035000001,58199.625
4.016474035,58199.625
4.019099035,58199.625
4.021723035,58199.625
4.024348035,58199.625
4.026972035,58199.625
4.029597035,58199.625
4.032221035,58199.625
4.034846035,58219.0
4.037470035,58219.0
4.040095035,58219.0
4.042719035,58219.0
4.045344035,58219.0
4.047968035,58219.0
4.050593035,58219.0
4.053217035,58219.0
4.055842035,58219.0
4.058466035,58219.0
4.0610910350000005,58186.75
4.063715035,58186.75
4.0663400350000005,58186.75
4.0689640350000005,58186.75
4.071589035000001,58186.75
4.0742130350000005,58186.75
4.076838035000001,58186.75
4.079462035000001,58186.75
4.082087035000001,58186.75
4.084711035000001,58180.25
4.087336035,58180.25
4.089960035,58180.25
4.092585035,58180.25
4.095209035,58180.25
4.097834035,58180.25
4.100458035,58180.25
4.103083035,58180.25
4.105707035,58180.25
4.108332035,58180.25
4.110956035,58206.125
4.113581035,58206.125
4.116205035,58206.125
4.118830035,58206.125
4.121454035,58206.125
4.124079035,58206.125
4.126703035,58206.125
4.129328035,58206.125
4.131953035,58206.125
4.134577035,58244.75
4.1372020350000005,58244.75
4.1398260350000005,58244.75
4.142451035000001,58244.75
4.1450750350000005,58244.75
4.147700035000001,58244.75
4.150324035000001,58244.75
4.152949035000001,58244.75
4.155573035000001,58244.75
4.158198035,58244.75
4.160822035000001,58231.875
4.163447035,58231.875
4.166071035,58231.875
4.168696035,58231.875
4.171320035,58231.875
4.173945035,58231.875
4.176569035,58231.875
4.179194035,58231.875
4.181818035,58231.875
4.184443035,58231.875
4.187067035,58231.875
4.189692035,58231.875
4.192316035,58231.875
4.194941035,58231.875
4.197565035,58231.875
4.200190035,58231.875
4.202814035,58231.875
4.205439035,58231.875
4.208063035,58231.875
4.210688035,58231.875
4.213312035,58264.0
4.2159370350000005,58264.0
4.2185610350000005,58264.0
4.221186035000001,58264.0
4.2238100350000005,58264.0
4.226435035000001,58264.0
4.229059035000001,58264.0
4.231684035000001,58264.0
4.234308035000001,58264.0
4.236933035,58264.0
4.239557035000001,58264.0
4.242182035,58264.0
4.244807035,58264.0
4.247431035,58264.0
4.250056035,58264.0
4.252680035,58264.0
4.255305035,58264.0
4.257929035,58264.0
4.260554035,58264.0
4.263178035,58264.0
4.265803035,58264.0
4.268427035,58264.0
4.271052035,58264.0
4.273676035,58264.0
4.276301035,58264.0
4.278925035,58264.0
4.281550035,58264.0
4.284174035,58264.0
4.2867990350000005,58264.0
4.289423035,58219.0
4.2920480350000005,58219.0
4.2946720350000005,58219.0
4.297297035000001,58219.0
4.299921035000001,58219.0
4.302546035000001,58219.0
4.305170035000001,58219.0
4.307795035,58219.0
4.310419035000001,58219.0
4.313044035,58212.5
4.315668035,58212.5
4.318293035,58212.5
4.320917035,58212.5
4.323542035,58212.5
4.326166035,58212.5
4.328791035,58212.5
4.331415035,58212.5
4.334040035,58212.5
4.336664035,58212.5
4.339289035,58212.5
4.341913035,58212.5
4.344538035,58212.5
4.347162035,58212.5
4.349787035,58212.5
4.352411035,58212.5
4.355036035,58212.5
4.3576610350000005,58212.5
4.360285035,58212.5
4.3629100350000005,58212.5
4.3655340350000005,58161.0
4.368159035000001,58161.0
4.3707830350000005,58161.0
4.373408035000001,58161.0
4.376032035000001,58161.0
4.378657035000001,58161.0
4.381281035000001,58161.0
4.383906035,58161.0
4.386530035000001,58161.0
4.389155035,58161.0
4.391779035,58173.875
4.394404035,58173.875
4.397028035,58173.875
4.399653035,58173.875
4.402277035,58173.875
4.404902035,58173.875
4.407526035,58173.875
4.410151035,58173.875
4.412775035,58173.875
4.415400035,58199.625
4.418024035,58199.625
4.420649035,58199.625
4.423273035,58199.625
4.425898035,58199.625
4.428522035,58199.625
4.431147035,58199.625
4.433771035,58199.625
4.4363960350000005,58199.625
4.439020035,58199.625
4.4416450350000005,58219.0
4.4442690350000005,58219.0
4.446894035000001,58219.0
4.4495180350000005,58219.0
4.452143035000001,58219.0
4.454767035000001,58219.0
4.457392035000001,58219.0
4.460016035000001,58219.0
4.462641035,58219.0
4.465266035,58219.0
4.467890035,58206.125
4.470515035,58206.125
4.473139035,58206.125
4.475764035,58206.125
4.478388035,58206.125
4.481013035,58206.125
4.483637035,58206.125
4.486262035,58206.125
4.488886035,58206.125
4.491511035,58212.5
4.494135035,58212.5
4.496760035,58212.5
4.499384035,58212.5
4.502009035,58212.5
4.504633035,58212.5
4.507258035,58212.5
4.509882035,58212.5
4.5125070350000005,58212.5
4.5151310350000005,58212.5
4.517756035000001,58225.375
4.5203800350000005,58225.375
4.523005035000001,58225.375
4.525629035000001,58225.375
4.528254035000001,58225.375
4.530878035000001,58225.375
4.533503035,58225.375
4.536127035000001,58225.375
4.538752035,58225.375
4.541376035,58225.375
4.544001035,58231.875
4.546625035,58231.875
4.549250035,58231.875
4.551874035,58231.875
4.554499035,58231.875
4.557123035,58231.875
4.559748035,58231.875
4.562372035,58231.875
4.564997035,58231.875
4.567621035,58212.5
4.570246035,58212.5
4.572870035,58212.5
4.575495035,58212.5
4.578120035,58212.5
4.580744035,58212.5
4.5833690350000005,58212.5
4.585993035,58212.5
4.5886180350000005,58212.5
4.5912420350000005,58212.5
4.593867035000001,58180.25
4.596491035000001,58180.25
4.599116035000001,58180.25
4.601740035000001,58180.25
4.604365035000001,58180.25
4.606989035000001,58180.25
4.609614035,58180.25
4.612238035,58180.25
4.614863035,58180.25
4.617487035,58225.375
4.620112035,58225.375
4.622736035,58225.375
4.625361035,58225.375
4.627985035,58225.375
4.630610035,58225.375
4.633234035,58225.375
4.635859035,58225.375
4.638483035,58225.375
4.641108035,58225.375
4.643732035,58225.375
4.646357035,58244.75
4.648981035,58244.75
4.651606035,58244.75
4.654230035,58244.75
4.656855035,58244.75
4.659479035,58244.75
4.6621040350000005,58244.75
4.664728035,58244.75
4.6673530350000005,58244.75
4.6699770350000005,58231.875
4.672602035000001,58231.875
4.675226035000001,58231.875
4.677851035000001,58231.875
4.680475035000001,58231.875
4.683100035000001,58231.875
4.685724035000001,58231.875
4.688349035,58231.875
4.690974035,58231.875
4.693598035,58231.875
4.696223035,58219.0
4.698847035,58219.0
4.701472035,58219.0
4.704096035,58219.0
4.706721035,58219.0
4.709345035,58219.0
4.711970035,58219.0
4.714594035,58219.0
4.717219035,58219.0
4.719843035,58219.0
4.722468035,58238.25
4.725092035,58238.25
4.727717035,58238.25
4.730341035,58238.25
4.7329660350000005,58238.25
4.735590035,58238.25
4.7382150350000005,58238.25
4.7408390350000005,58238.25
4.743464035000001,58238.25
4.7460880350000005,58212.5
4.748713035000001,58212.5
4.751337035000001,58212.5
4.753962035000001,58212.5
4.756586035000001,58212.5
4.759211035,58212.5
4.761835035000001,58212.5
4.764460035,58212.5
4.767084035,58212.5
4.769709035,58212.5
4.772333035,58225.375
4.774958035,58225.375
4.777582035,58225.375
4.780207035,58225.375
4.782831035,58225.375
4.785456035,58225.375
4.788080035,58225.375
4.790705035,58225.375
4.793329035,58225.375
4.795954035,58219.0
4.798578035,58219.0
4.801203035,58219.0
4.803828035,58219.0
4.806452035,58219.0
4.8090770350000005,58219.0
4.8117010350000005,58219.0
4.814326035000001,58219.0
4.8169500350000005,58219.0
4.819575035000001,58219.0
4.822199035000001,58225.375
4.824824035000001,58225.375
4.827448035000001,58225.375
4.830073035000001,58225.375
4.832697035000001,58225.375
4.835322035,58225.375
4.837946035,58225.375
4.840571035,58225.375
4.843195035,58225.375
4.845820035,58225.375
4.848444035,58225.375
4.851069035,58225.375
4.853693035,58225.375
4.856318035,58225.375
4.858942035,58225.375
4.861567035,58225.375
4.864191035,58225.375
4.866816035,58225.375
4.869440035,58225.375
4.872065035,58225.375
4.874689035,58173.875
4.877314035,58173.875
4.879938035,58173.875
4.882563035,58173.875
4.885187035,58173.875
4.8878120350000005,58173.875
4.8904360350000005,58173.875
4.893061035000001,58173.875
4.8956850350000005,58173.875
4.898310035000001,58180.25
4.900934035000001,58180.25
4.903559035000001,58180.25
4.906183035000001,58180.25
4.908808035000001,58180.25
4.911432035000001,58180.25
4.914057035,58180.25
4.916682035,58180.25
4.919306035,58180.25
4.921931035,58180.25
4.924555035,58193.125
4.927180035,58193.125
4.929804035,58193.125
4.932429035,58193.125
4.935053035,58193.125
4.937678035,58193.125
4.940302035,58193.125
4.942927035,58193.125
4.945551035,58193.125
4.948176035,58193.125
4.950800035,58199.625
4.953425035,58199.625
4.956049035,58199.625
4.9586740350000005,58199.625
4.961298035,58199.625
4.9639230350000005,58199.625
4.9665470350000005,58199.625
4.969172035000001,58199.625
4.971796035000001,58199.625
4.974421035000001,58219.0
4.977045035000001,58219.0
4.979670035000001,58219.0
4.982294035000001,58219.0
4.984919035,58219.0
4.987543035000001,58219.0
4.990168035,58219.0
4.992792035,58219.0
4.995417035,58219.0
4.998041035,58219.0
5.000666035,58206.125
5.003290035,58206.125
5.005915035,58206.125
5.008539035,58206.125
5.011164035,58206.125
5.013788035,58206.125
5.016413035,58206.125
5.019037035,58206.125
5.021662035,58206.125
5.024286035,58206.125
5.026911035,58199.625
5.0295360350000005,58199.625
5.032160035,58199.625
5.0347850350000005,58199.625
5.0374090350000005,58199.625
5.040034035000001,58199.625
5.0426580350000005,58199.625
5.045283035000001,58199.625
5.047907035000001,58199.625
5.050532035000001,58199.625
5.053156035000001,58154.5
5.055781035000001,58154.5
5.058405035000001,58154.5
5.061030035,58154.5
5.063654035,58154.5
5.066279035,58154.5
5.068903035,58154.5
5.071528035,58154.5
5.074152035,58154.5
5.076777035,58167.375
5.079401035,58167.375
5.082026035,58167.375
5.084650035,58167.375
5.087275035,58167.375
5.089899035,58167.375
5.092524035,58167.375
5.095148035,58167.375
5.097773035,58167.375
5.100397035,58167.375
5.103022035,58167.375
5.105646035,58167.375
5.1082710350000005,58167.375
5.110895035,58167.375
5.1135200350000005,58167.375
5.1161440350000005,58167.375
5.118769035000001,58167.375
5.1213930350000005,58167.375
5.124018035000001,58167.375
5.126642035000001,58167.375
5.129267035000001,58199.625
5.131891035000001,58199.625
5.134516035000001,58199.625
5.137141035,58199.625
5.139765035,58199.625
5.142390035,58199.625
5.145014035,58199.625
5.147639035,58199.625
5.150263035,58199.625
5.152888035,58167.375
5.155512035,58167.375
5.158137035,58167.375
5.160761035,58167.375
5.163386035,58167.375
5.166010035,58167.375
5.168635035,58167.375
5.171259035,58167.375
5.173884035,58167.375
5.176508035,58167.375
5.179133035,58154.5
5.181757035,58154.5
5.1843820350000005,58154.5
5.1870060350000005,58154.5
5.189631035000001,58154.5
5.1922550350000005,58154.5
5.194880035000001,58154.5
5.197504035000001,58154.5
5.200129035000001,58154.5
5.202753035000001,58154.5
5.205378035000001,58173.875
5.208002035000001,58173.875
5.210627035,58173.875
5.213251035000001,58173.875
5.215876035,58173.875
5.218500035,58173.875
5.221125035,58173.875
5.223749035,58173.875
5.226374035,58173.875
5.228998035,58173.875
5.231623035,58148.125
5.234247035,58148.125
5.236872035,58148.125
5.239496035,58148.125
5.242121035,58148.125
5.244745035,58148.125
5.247370035,58148.125
5.249995035,58148.125
5.252619035,58148.125
5.2552440350000005,58186.75
5.257868035,58186.75
5.2604930350000005,58186.75
5.2631170350000005,58186.75
5.265742035000001,58186.75
5.268366035000001,58186.75
5.270991035000001,58186.75
5.273615035000001,58186.75
5.276240035000001,58186.75
5.278864035000001,58186.75
5.281489035,58225.375
5.284113035000001,58225.375
5.286738035,58225.375
5.289362035,58225.375
5.291987035,58225.375
5.294611035,58225.375
5.297236035,58225.375
5.299860035,58225.375
5.302485035,58225.375
5.305109035,58225.375
5.307734035,58219.0
5.310358035,58219.0
5.312983035,58219.0
5.315607035,58219.0
5.318232035,58219.0
5.320856035,58219.0
5.323481035,58219.0
5.326105035,58219.0
5.328730035,58219.0
5.331354035,58219.0
5.3339790350000005,58219.0
5.336603035,58219.0
5.3392280350000005,58219.0
5.3418520350000005,58219.0
5.344477035000001,58219.0
5.347101035000001,58219.0
5.349726035000001,58219.0
5.352350035000001,58219.0
5.354975035000001,58219.0
5.357599035000001,58173.875
5.360224035000001,58173.875
5.362849035,58173.875
5.365473035,58173.875
5.368098035,58173.875
5.370722035,58173.875
5.373347035,58173.875
5.375971035,58173.875
5.378596035,58173.875
5.381220035,58173.875
5.383845035,58167.375
5.386469035,58167.375
5.389094035,58167.375
5.391718035,58167.375
5.394343035,58167.375
5.396967035,58167.375
5.399592035,58167.375
5.402216035,58167.375
5.4048410350000005,58167.375
5.407465035,58212.5
5.4100900350000005,58212.5
5.4127140350000005,58212.5
5.415339035000001,58212.5
5.4179630350000005,58212.5
5.420588035000001,58212.5
5.423212035000001,58212.5
5.425837035000001,58212.5
5.428461035000001,58212.5
5.431086035000001,58212.5
5.433710035000001,58180.25
5.436335035,58180.25
5.438959035000001,58180.25
5.441584035,58180.25
5.444208035,58180.25
5.446833035,58180.25
5.449457035,58180.25
5.452082035,58180.25
5.454706035,58180.25
5.457331035,58193.125
5.459955035,58193.125
5.462580035,58193.125
5.465204035,58193.125
5.467829035,58193.125
5.470453035,58193.125
5.473078035,58193.125
5.475703035,58193.125
5.478327035,58193.125
5.4809520350000005,58193.125
5.4835760350000005,58193.125
5.486201035000001,58173.875
5.4888250350000005,58173.875
5.491450035000001,58173.875
5.494074035000001,58173.875
5.496699035000001,58173.875
5.499323035000001,58173.875
5.501948035000001,58173.875
5.504572035000001,58173.875
5.507197035,58173.875
5.509821035000001,58148.125
5.512446035,58148.125
5.515070035,58148.125
5.517695035,58148.125
5.520319035,58148.125
5.522944035,58148.125
5.525568035,58148.125
5.528193035,58148.125
5.530817035,58148.125
5.533442035,58148.125
5.536066035,58173.875
5.538691035,58173.875
5.541315035,58173.875
5.543940035,58173.875
5.546564035,58173.875
5.549189035,58173.875
5.551813035,58173.875
5.554438035,58173.875
5.557062035,58173.875
5.5596870350000005,58173.875
5.5623110350000005,58199.625
5.564936035000001,58199.625
5.5675600350000005,58199.625
5.570185035000001,58199.625
5.572809035000001,58199.625
5.575434035000001,58199.625
5.578058035000001,58199.625
5.580683035000001,58199.625
5.583307035000001,58199.625
5.585932035,58199.625
5.588557035,58199.625
5.591181035,58199.625
5.593806035,58199.625
5.596430035,58199.625
5.599055035,58199.625
5.601679035,58199.625
5.604304035,58199.625
5.606928035,58199.625
5.609553035,58199.625
5.612177035,58167.375
5.614802035,58167.375
5.617426035,58167.375
5.620051035,58167.375
5.622675035,58167.375
5.625300035,58167.375
5.627924035,58167.375
5.6305490350000005,58167.375
5.633173035,58167.375
5.6357980350000005,58186.75
5.6384220350000005,58186.75
5.641047035000001,58186.75
5.643671035000001,58186.75
5.646296035000001,58186.75
5.648920035000001,58186.75
5.651545035000001,58186.75
5.654169035000001,58186.75
5.656794035000001,58186.75
5.659418035000001,58186.75
5.662043035,58212.5
5.664667035000001,58212.5
5.667292035,58212.5
5.669916035,58212.5
5.672541035,58212.5
5.675165035,58212.5
5.677790035,58212.5
5.680414035,58212.5
5.683039035,58212.5
5.685663035,58212.5
5.688288035,58206.125
5.690912035,58206.125
5.693537035,58206.125
5.696161035,58206.125
5.698786035,58206.125
5.7014110350000005,58206.125
5.704035035,58206.125
5.7066600350000005,58206.125
5.7092840350000005,58206.125
5.711909035000001,58206.125
5.7145330350000005,58186.75
5.717158035000001,58186.75
5.719782035000001,58186.75
5.722407035000001,58186.75
5.725031035000001,58186.75
5.727656035000001,58186.75
5.730280035000001,58186.75
5.732905035,58186.75
5.735529035000001,58186.75
5.738154035,58199.625
5.740778035,58199.625
5.743403035,58199.625
5.746027035,58199.625
5.748652035,58199.625
5.751276035,58199.625
5.753901035,58199.625
5.756525035,58199.625
5.759150035,58199.625
5.761774035,58199.625
5.764399035,58193.125
5.767023035,58193.125
5.769648035,58193.125
5.772272035,58193.125
5.774897035,58193.125
5.777521035,58193.125
5.7801460350000005,58193.125
5.782770035,58193.125
5.7853950350000005,58193.125
5.7880190350000005,58193.125
5.790644035000001,58180.25
5.7932680350000005,58180.25
5.795893035000001,58180.25
5.798517035000001,58180.25
5.801142035000001,58180.25
5.803766035000001,58180.25
5.806391035000001,58180.25
5.809016035,58180.25
5.811640035,58180.25
5.814265035,58173.875
5.816889035,58173.875
5.819514035,58173.875
5.822138035,58173.875
5.824763035,58173.875
5.827387035,58173.875
5.830012035,58173.875
5.832636035,58173.875
5.835261035,58173.875
5.837885035,58173.875
5.840510035,58161.0
5.843134035,58161.0
5.845759035,58161.0
5.848383035,58161.0
5.851008035,58161.0
5.853632035,58161.0
5.8562570350000005,58161.0
5.8588810350000005,58161.0
5.861506035000001,58161.0
5.8641300350000005,58161.0
5.866755035000001,58186.75
5.869379035000001,58186.75
5.872004035000001,58186.75
5.874628035000001,58186.75
5.877253035000001,58186.75
5.879877035000001,58186.75
5.882502035000001,58186.75
5.885126035000001,58186.75
5.887751035,58186.75
5.890375035,58186.75
5.893000035,58212.5
5.895624035,58212.5
5.898249035,58212.5
5.900873035,58212.5
5.903498035,58212.5
5.906122035,58212.5
5.908747035,58212.5
5.911371035,58212.5
5.913996035,58212.5
5.916620035,58219.0
5.919245035,58219.0
5.921870035,58219.0
5.924494035,58219.0
5.9271190350000005,58219.0
5.929743035,58219.0
5.9323680350000005,58219.0
5.9349920350000005,58219.0
5.937617035000001,58219.0
5.940241035000001,58219.0
5.942866035000001,58219.0
5.945490035000001,58219.0
5.948115035000001,58219.0
5.950739035000001,58219.0
5.953364035000001,58219.0
5.955988035000001,58219.0
5.958613035,58219.0
5.961237035000001,58219.0
5.963862035,58219.0
5.966486035,58219.0
5.969111035,58212.5
5.971735035,58212.5
5.974360035,58212.5
5.976984035,58212.5
5.979609035,58212.5
5.982233035,58212.5
5.984858035,58212.5
5.987482035,58212.5
5.990107035,58212.5
5.992731035,58199.625
5.995356035,58199.625
5.997980035,58199.625
6.000605035,58199.625
6.003229035,58199.625
6.0058540350000005,58199.625
6.008478035,58199.625
6.0111030350000005,58199.625
6.0137270350000005,58199.625
6.016352035000001,58199.625
6.018976035000001,58186.75
6.021601035000001,58186.75
6.024225035000001,58186.75
6.026850035000001,58186.75
6.029474035000001,58186.75
6.032099035000001,58186.75
6.034724035,58186.75
6.037348035,58186.75
6.039973035,58186.75
6.042597035,58186.75
6.045222035,58193.125
6.047846035,58193.125
6.050471035,58193.125
6.053095035,58193.125
6.055720035,58193.125
6.058344035,58193.125
6.060969035,58193.125
6.063593035,58193.125
6.066218035,58193.125
6.068842035,58193.125
6.071467035,58219.0
6.074091035,58219.0
6.0767160350000005,58219.0
6.079340035,58219.0
6.0819650350000005,58219.0
6.0845890350000005,58219.0
6.087214035000001,58219.0
6.0898380350000005,58219.0
6.092463035000001,58219.0
6.095087035000001,58225.375
6.097712035000001,58225.375
6.100336035000001,58225.375
6.102961035000001,58225.375
6.105585035000001,58225.375
6.108210035000001,58225.375
6.110834035000001,58225.375
6.113459035,58225.375
6.116083035,58225.375
6.118708035,58225.375
6.121332035,58199.625
6.123957035,58199.625
6.126581035,58199.625
6.129206035,58199.625
6.131830035,58199.625
6.134455035,58199.625
6.137079035,58199.625
6.139704035,58199.625
6.142328035,58199.625
6.144953035,58199.625
6.147578035,58154.5
6.150202035,58154.5
6.1528270350000005,58154.5
6.1554510350000005,58154.5
6.158076035000001,58154.5
6.1607000350000005,58154.5
6.163325035000001,58154.5
6.165949035000001,58154.5
6.168574035000001,58154.5
6.171198035000001,58173.875
6.173823035000001,58173.875
6.176447035000001,58173.875
6.179072035000001,58173.875
6.181696035000001,58173.875
6.184321035,58173.875
6.186945035000001,58173.875
6.189570035,58173.875
6.192194035,58173.875
6.194819035,58173.875
6.197443035,58206.125
6.200068035,58206.125
6.202692035,58206.125
6.205317035,58206.125
6.207941035,58206.125
6.210566035,58206.125
6.213190035,58206.125
6.215815035,58206.125
6.218439035,58206.125
6.221064035,58206.125
6.223688035,58148.125
6.226313035,58148.125
6.228937035,58148.125
6.2315620350000005,58148.125
6.2341860350000005,58148.125
6.236811035000001,58148.125
6.2394350350000005,58148.125
6.242060035000001,58148.125
6.244684035000001,58148.125
6.247309035000001,58173.875
6.249933035000001,58173.875
6.252558035000001,58173.875
6.255182035000001,58173.875
6.257807035000001,58173.875
6.260432035,58173.875
6.263056035,58173.875
6.265681035,58173.875
6.268305035,58173.875
6.270930035,58173.875
6.273554035,58173.875
6.276179035,58173.875
6.278803035,58173.875
6.281428035,58173.875
6.284052035,58173.875
6.286677035,58173.875
6.289301035,58173.875
6.291926035,58173.875
6.294550035,58173.875
6.297175035,58141.625
6.299799035,58141.625
6.3024240350000005,58141.625
6.305048035,58141.625
6.3076730350000005,58141.625
6.3102970350000005,58141.625
6.312922035000001,58141.625
6.315546035000001,58141.625
6.318171035000001,58141.625
6.320795035000001,58141.625
6.323420035000001,58141.625
6.326044035000001,58103.0
6.328669035000001,58103.0
6.331293035000001,58103.0
6.333918035000001,58103.0
6.336542035000001,58103.0
6.339167035,58103.0
6.341791035,58103.0
6.344416035,58103.0
6.347040035,58103.0
6.349665035,58090.125
6.352289035,58090.125
6.354914035,58090.125
6.357538035,58090.125
6.360163035,58090.125
6.362787035,58090.125
6.365412035,58090.125
6.368036035,58090.125
6.370661035,58090.125
6.3732860350000005,58090.125
6.375910035,58109.375
6.3785350350000005,58109.375
6.3811590350000005,58109.375
6.383784035000001,58109.375
6.3864080350000005,58109.375
6.389033035000001,58109.375
6.391657035000001,58109.375
6.394282035000001,58109.375
6.396906035000001,58109.375
6.399531035000001,58109.375
6.402155035000001,58083.625
6.404780035000001,58083.625
6.407404035000001,58083.625
6.410029035,58083.625
6.412653035000001,58083.625
6.415278035,58083.625
6.417902035,58083.625
6.420527035,58083.625
6.423151035,58083.625
6.425776035,58148.125
6.428400035,58148.125
6.431025035,58148.125
6.433649035,58148.125
6.436274035,58148.125
6.438898035,58148.125
6.441523035,58148.125
6.444147035,58148.125
6.446772035,58148.125
6.449396035,58148.125
6.4520210350000005,58173.875
6.454645035,58173.875
6.4572700350000005,58173.875
6.4598940350000005,58173.875
6.462519035000001,58173.875
6.4651430350000005,58173.875
6.467768035000001,58173.875
6.470392035000001,58173.875
6.473017035000001,58173.875
6.475641035000001,58199.625
6.478266035000001,58199.625
6.480891035,58199.625
6.483515035000001,58199.625
6.486140035,58199.625
6.488764035,58199.625
6.491389035,58199.625
6.494013035,58199.625
6.496638035,58199.625
6.499262035,58199.625
6.501887035,58148.125
6.504511035,58148.125
6.507136035,58148.125
6.509760035,58148.125
6.512385035,58148.125
6.515009035,58148.125
6.517634035,58148.125
6.520258035,58148.125
6.522883035,58148.125
6.525507035,58148.125
6.5281320350000005,58161.0
6.5307560350000005,58161.0
6.533381035000001,58161.0
6.5360050350000005,58161.0
6.538630035000001,58161.0
6.541254035000001,58161.0
6.543879035000001,58161.0
6.546503035000001,58161.0
6.549128035000001,58161.0
6.551752035000001,58161.0
6.554377035000001,58173.875
6.557001035000001,58173.875
6.559626035,58173.875
6.562250035000001,58173.875
6.564875035,58173.875
6.567499035,58173.875
6.570124035,58173.875
6.572748035,58173.875
6.575373035,58173.875
6.577997035,58173.875
6.580622035,58193.125
6.583246035,58193.125
6.585871035,58193.125
6.588495035,58193.125
6.591120035,58193.125
6.593745035,58193.125
6.596369035,58193.125
6.5989940350000005,58193.125
6.601618035,58193.125
6.6042430350000005,58154.5
6.6068670350000005,58154.5
6.609492035000001,58154.5
6.612116035000001,58154.5
6.614741035000001,58154.5
6.617365035000001,58154.5
6.619990035000001,58154.5
6.622614035000001,58154.5
6.625239035000001,58154.5
6.627863035000001,58154.5
6.630488035000001,58161.0
6.633112035000001,58161.0
6.635737035,58161.0
6.638361035000001,58161.0
6.640986035,58161.0
6.643610035,58161.0
6.646235035,58161.0
6.648859035,58161.0
6.651484035,58161.0
6.654108035,58154.5
6.656733035,58154.5
6.659357035,58154.5
6.661982035,58154.5
6.664606035,58154.5
6.667231035,58154.5
6.669855035,58154.5
6.672480035,58154.5
6.675104035,58154.5
6.6777290350000005,58154.5
6.680353035,58154.5
6.6829780350000005,58154.5
6.6856020350000005,58154.5
6.688227035000001,58154.5
6.690851035000001,58154.5
6.693476035000001,58154.5
6.696100035000001,58154.5
6.698725035000001,58154.5
6.701349035000001,58154.5
6.703974035000001,58154.5
6.706599035,58148.125
6.709223035000001,58148.125
6.711848035,58148.125
6.714472035,58148.125
6.717097035,58148.125
6.719721035,58148.125
6.722346035,58148.125
6.724970035,58148.125
6.727595035,58148.125
6.730219035,58148.125
6.732844035,58154.5
6.735468035,58154.5
6.738093035,58154.5
6.740717035,58154.5
6.743342035,58154.5
6.745966035,58154.5
6.7485910350000005,58154.5
6.751215035,58154.5
6.7538400350000005,58154.5
6.7564640350000005,58173.875
6.759089035000001,58173.875
6.7617130350000005,58173.875
6.764338035000001,58173.875
6.766962035000001,58173.875
6.769587035000001,58173.875
6.772211035000001,58173.875
6.774836035000001,58173.875
6.777460035000001,58173.875
6.780085035000001,58173.875
6.782709035000001,58186.75
6.785334035,58186.75
6.787958035000001,58186.75
6.790583035,58186.75
6.793207035,58186.75
6.795832035,58186.75
6.798456035,58186.75
6.801081035,58186.75
6.803705035,58186.75
6.806330035,58186.75
6.808954035,58180.25
6.811579035,58180.25
6.814203035,58180.25
6.816828035,58180.25
6.819453035,58180.25
6.822077035,58180.25
6.8247020350000005,58180.25
6.8273260350000005,58180.25
6.829951035000001,58180.25
6.8325750350000005,58173.875
6.835200035000001,58173.875
6.837824035000001,58173.875
6.840449035000001,58173.875
6.843073035000001,58173.875
6.845698035000001,58173.875
6.848322035000001,58173.875
6.850947035000001,58173.875
6.853571035000001,58173.875
6.856196035000001,58173.875
6.858820035000001,58167.375
6.861445035,58167.375
6.864069035,58167.375
6.866694035,58167.375
6.869318035,58167.375
6.871943035,58167.375
6.874567035,58167.375
6.877192035,58167.375
6.879816035,58167.375
6.882441035,58167.375
6.885065035,58173.875
6.887690035,58173.875
6.890314035,58173.875
6.892939035,58173.875
6.895563035,58173.875
6.898188035,58173.875
6.900812035,58173.875
6.9034370350000005,58173.875
6.9060610350000005,58173.875
6.908686035000001,58173.875
6.9113100350000005,58180.25
6.913935035000001,58180.25
6.916559035000001,58180.25
6.919184035000001,58180.25
6.921808035000001,58180.25
6.924433035000001,58180.25
6.927057035000001,58180.25
6.929682035000001,58180.25
6.932307035,58180.25
6.934931035000001,58161.0
6.937556035,58161.0
6.940180035,58161.0
6.942805035,58161.0
6.945429035,58161.0
6.948054035,58161.0
6.950678035,58161.0
6.953303035,58161.0
6.955927035,58161.0
6.958552035,58161.0
6.961176035,58173.875
6.963801035,58173.875
6.966425035,58173.875
6.969050035,58173.875
6.971674035,58173.875
6.9742990350000005,58173.875
6.976923035,58173.875
6.9795480350000005,58173.875
6.9821720350000005,58173.875
6.984797035000001,58173.875
6.987421035000001,58186.75
6.990046035000001,58186.75
6.992670035000001,58186.75
6.995295035000001,58186.75
6.997919035000001,58186.75
7.000544035000001,58186.75
7.003168035000001,58186.75
7.005793035000001,58186.75
7.008417035000001,58186.75
7.011042035,58206.125
7.013666035000001,58206.125
7.016291035,58206.125
7.018915035,58206.125
7.021540035,58206.125
7.024164035,58206.125
7.026789035,58206.125
7.029413035,58206.125
7.032038035,58206.125
7.034662035,58206.125
7.037287035,58199.625
7.039911035,58199.625
7.042536035,58199.625
7.0451610350000005,58199.625
7.047785035,58199.625
7.0504100350000005,58199.625
7.0530340350000005,58199.625
7.055659035000001,58199.625
7.0582830350000005,58199.625
7.060908035000001,58199.625
7.063532035000001,58212.5
7.066157035000001,58212.5
7.068781035000001,58212.5
7.071406035000001,58212.5
7.074030035000001,58212.5
7.076655035000001,58212.5
7.079279035000001,58212.5
7.081904035000001,58212.5
7.084528035000001,58212.5
7.087153035,58193.125
7.089777035,58193.125
7.092402035,58193.125
7.095026035,58193.125
7.097651035,58193.125
7.100275035,58193.125
7.102900035,58193.125
7.105524035,58193.125
7.108149035,58193.125
7.110773035,58193.125
7.113398035,58180.25
7.116022035,58180.25
7.118647035,58180.25
7.121271035,58180.25
7.1238960350000005,58180.25
7.126520035,58180.25
7.1291450350000005,58180.25
7.1317690350000005,58180.25
7.134394035000001,58180.25
7.1370180350000005,58212.5
7.139643035000001,58212.5
7.142267035000001,58212.5
7.144892035000001,58212.5
7.147516035000001,58212.5
7.150141035000001,58212.5
7.152766035000001,58212.5
7.155390035000001,58212.5
7.158015035,58212.5
7.160639035000001,58212.5
7.163264035,58212.5
7.165888035,58225.375
7.168513035,58225.375
7.171137035,58225.375
7.173762035,58225.375
7.176386035,58225.375
7.179011035,58225.375
7.181635035,58225.375
7.184260035,58225.375
7.186884035,58225.375
7.189509035,58212.5
7.192133035,58212.5
7.194758035,58212.5
7.197382035,58212.5
7.2000070350000005,58212.5
7.2026310350000005,58212.5
7.205256035000001,58212.5
7.2078800350000005,58212.5
7.210505035000001,58212.5
7.213129035000001,58212.5
7.215754035000001,58193.125
7.218378035000001,58193.125
7.221003035000001,58193.125
7.223627035000001,58193.125
7.226252035000001,58193.125
7.228876035000001,58193.125
7.231501035000001,58193.125
7.234125035000001,58193.125
7.236750035,58193.125
7.239374035000001,58193.125
7.241999035,58180.25
7.244623035,58180.25
7.247248035,58180.25
7.249872035,58180.25
7.252497035,58180.25
7.255121035,58180.25
7.257746035,58180.25
7.260370035,58180.25
7.262995035,58180.25
7.265620035,58115.875
7.268244035,58115.875
7.2708690350000005,58115.875
7.273493035,58115.875
7.2761180350000005,58115.875
7.2787420350000005,58115.875
7.281367035000001,58115.875
7.283991035000001,58115.875
7.286616035000001,58115.875
7.289240035000001,58115.875
7.291865035000001,58141.625
7.294489035000001,58141.625
7.297114035000001,58141.625
7.299738035000001,58141.625
7.302363035000001,58141.625
7.304987035000001,58141.625
7.307612035000001,58141.625
7.310236035000001,58141.625
7.312861035,58141.625
7.315485035,58109.375
7.318110035,58109.375
7.320734035,58109.375
7.323359035,58109.375
7.325983035,58109.375
7.328608035,58109.375
7.331232035,58109.375
7.333857035,58109.375
7.336481035,58109.375
7.339106035,58109.375
7.341730035,58122.25
7.344355035,58122.25
7.346979035,58122.25
7.3496040350000005,58122.25
7.352228035,58122.25
7.3548530350000005,58122.25
7.3574770350000005,58122.25
7.360102035000001,58122.25
7.362726035000001,58122.25
7.365351035000001,58122.25
7.367975035000001,58115.875
7.370600035000001,58115.875
7.373224035000001,58115.875
7.375849035000001,58115.875
7.378474035000001,58115.875
7.381098035000001,58115.875
7.383723035,58115.875
7.386347035000001,58115.875
7.388972035,58115.875
7.391596035,58115.875
7.394221035,58103.0
7.396845035,58103.0
7.399470035,58103.0
7.402094035,58103.0
7.404719035,58103.0
7.407343035,58103.0
7.409968035,58103.0
7.412592035,58103.0
7.415217035,58103.0
7.417841035,58135.25
7.4204660350000005,58135.25
7.423090035,58135.25
7.4257150350000005,58135.25
7.4283390350000005,58135.25
7.430964035000001,58135.25
7.4335880350000005,58135.25
7.436213035000001,58135.25
7.438837035000001,58135.25
7.441462035000001,58135.25
7.444086035000001,58141.625
7.446711035000001,58141.625
7.449335035000001,58141.625
7.451960035000001,58141.625
7.454584035000001,58141.625
7.457209035000001,58141.625
7.459833035000001,58141.625
7.462458035,58141.625
7.465082035000001,58141.625
7.467707035,58141.625
7.470331035,58154.5
7.472956035,58154.5
7.475580035,58154.5
7.478205035,58154.5
7.480829035,58154.5
7.483454035,58154.5
7.486078035,58154.5
7.488703035,58154.5
7.491328035,58154.5
7.493952035,58141.625
7.4965770350000005,58141.625
7.4992010350000005,58141.625
7.501826035000001,58141.625
7.5044500350000005,58141.625
7.507075035000001,58141.625
7.509699035000001,58141.625
7.512324035000001,58141.625
7.514948035000001,58141.625
7.517573035000001,58141.625
7.520197035000001,58096.5
7.522822035000001,58096.5
7.525446035000001,58096.5
7.528071035000001,58096.5
7.530695035000001,58096.5
7.533320035,58096.5
7.535944035000001,58096.5
7.538569035,58096.5
7.541193035,58096.5
7.543818035,58096.5
7.546442035,58057.875
7.549067035,58057.875
7.551691035,58057.875
7.554316035,58057.875
7.556940035,58057.875
7.559565035,58057.875
7.562189035,58057.875
7.564814035,58057.875
7.567438035,58057.875
7.570063035,58057.875
7.572687035,57980.5
7.5753120350000005,57980.5
7.5779360350000005,57980.5
7.580561035000001,57980.5
7.5831850350000005,57980.5
7.585810035000001,57980.5
7.588434035000001,57980.5
7.591059035000001,57980.5
7.593683035000001,57980.5
7.596308035000001,57825.875
7.598932035000001,57825.875
7.601557035000001,57825.875
7.604182035000001,57825.875
7.606806035000001,57825.875
7.609431035,57825.875
7.612055035000001,57825.875
7.614680035,57825.875
7.617304035,57825.875
7.619929035,57825.875
7.622553035,57987.0
7.625178035,57987.0
7.627802035,57987.0
7.630427035,57987.0
7.633051035,57987.0
7.635676035,57987.0
7.638300035,57987.0
7.640925035,57987.0
7.643549035,57987.0
7.6461740350000005,57987.0
7.648798035,58148.125
7.6514230350000005,58148.125
7.6540470350000005,58148.125
7.656672035000001,58148.125
7.659296035000001,58148.125
7.661921035000001,58148.125
7.664545035000001,58148.125
7.667170035000001,58148.125
7.669794035000001,58148.125
7.672419035000001,58083.625
7.675043035000001,58083.625
7.677668035000001,58083.625
7.680292035000001,58083.625
7.682917035000001,58083.625
7.685541035000001,58083.625
7.688166035,58083.625
7.690790035000001,58083.625
7.693415035,58083.625
7.696039035,58083.625
7.698664035,58032.125
7.701288035,58032.125
7.703913035,58032.125
7.706537035,58032.125
7.709162035,58032.125
7.711786035,58032.125
7.714411035,58032.125
7.7170360350000005,58032.125
7.719660035,58032.125
7.7222850350000005,58032.125
7.7249090350000005,58019.25
7.727534035000001,58019.25
7.7301580350000005,58019.25
7.732783035000001,58019.25
7.735407035000001,58019.25
7.738032035000001,58019.25
7.740656035000001,58019.25
7.743281035000001,58019.25
7.745905035000001,58019.25
7.748530035000001,58019.25
7.751154035000001,58109.375
7.753779035000001,58109.375
7.756403035000001,58109.375
7.759028035,58109.375
7.761652035000001,58109.375
7.764277035,58109.375
7.766901035,58109.375
7.769526035,58109.375
7.772150035,58109.375
7.774775035,58148.125
7.777399035,58148.125
7.780024035,58148.125
7.782648035,58148.125
7.785273035,58148.125
7.787897035,58148.125
7.790522035,58148.125
7.793146035,58148.125
7.7957710350000005,58148.125
7.798395035,58148.125
7.8010200350000005,58186.75
7.8036440350000005,58186.75
7.806269035000001,58186.75
7.8088930350000005,58186.75
7.811518035000001,58186.75
7.814142035000001,58186.75
7.816767035000001,58186.75
7.819391035000001,58186.75
7.822016035000001,58186.75
7.824641035000001,58186.75
7.827265035000001,58180.25
7.829890035000001,58180.25
7.832514035000001,58180.25
7.835139035,58180.25
7.837763035,58180.25
7.840388035,58180.25
7.843012035,58180.25
7.845637035,58180.25
7.848261035,58180.25
7.850886035,58141.625
7.853510035,58141.625
7.856135035,58141.625
7.858759035,58141.625
7.861384035,58141.625
7.864008035,58141.625
7.866633035,58141.625
7.869257035,58141.625
7.8718820350000005,58141.625
7.8745060350000005,58141.625
7.877131035000001,58167.375
7.8797550350000005,58167.375
7.882380035000001,58167.375
7.885004035000001,58167.375
7.887629035000001,58167.375
7.890253035000001,58167.375
7.892878035000001,58167.375
7.895502035000001,58167.375
7.898127035000001,58167.375
7.900751035000001,58167.375
7.903376035000001,58186.75
7.906000035000001,58186.75
7.908625035000001,58186.75
7.911249035000001,58186.75
7.913874035,58186.75
7.916498035000001,58186.75
7.919123035,58186.75
7.921747035,58186.75
7.924372035,58186.75
7.926996035,58206.125
7.929621035,58206.125
7.932245035,58206.125
7.934870035,58206.125
7.937495035,58206.125
7.940119035,58206.125
7.9427440350000005,58206.125
7.945368035,58206.125
7.9479930350000005,58206.125
7.9506170350000005,58206.125
7.953242035000001,58199.625
7.955866035000001,58199.625
7.958491035000001,58199.625
7.961115035000001,58199.625
7.963740035000001,58199.625
7.966364035000001,58199.625
7.968989035000001,58199.625
7.971613035000001,58199.625
7.974238035000001,58199.625
7.976862035000001,58180.25
7.979487035000001,58180.25
7.982111035000001,58180.25
7.984736035,58180.25
7.987360035000001,58180.25
7.989985035,58180.25
7.992609035,58180.25
7.995234035,58180.25
7.997858035,58180.25
8.000483035,58180.25
8.003107035000001,58180.25
8.005732035000001,58167.375
8.008356035,58167.375
8.010981035,58167.375
8.013605035000001,58167.375
8.016230035000001,58167.375
8.018854035,58167.375
8.021479035,58167.375
8.024103035000001,58167.375
8.026728035,58167.375
8.029352035,58161.0
8.031977035,58161.0
8.034601035,58161.0
8.037226035,58161.0
8.039850035,58161.0
8.042475035,58161.0
8.045099035,58161.0
8.047724035,58161.0
8.050349035,58161.0
8.052973035,58161.0
8.055598035000001,58193.125
8.058222035,58193.125
8.060847035,58193.125
8.063471035000001,58193.125
8.066096035000001,58193.125
8.068720035,58193.125
8.071345035,58193.125
8.073969035000001,58193.125
8.076594035000001,58193.125
8.079218035,58193.125
8.081843035,58219.0
8.084467035000001,58219.0
8.087092035000001,58219.0
8.089716035,58219.0
8.092341035,58219.0
8.094965035000001,58219.0
8.097590035,58219.0
8.100214035,58219.0
8.102839035,58219.0
8.105463035,58186.75
8.108088035,58186.75
8.110712035,58186.75
8.113337035,58186.75
8.115961035,58186.75
8.118586035,58186.75
8.121210035,58186.75
8.123835035,58186.75
8.126459035,58186.75
8.129084035,58186.75
8.131708035,58206.125
8.134333035000001,58206.125
8.136957035,58206.125
8.139582035,58206.125
8.142206035000001,58206.125
8.144831035000001,58206.125
8.147455035,58206.125
8.150080035,58206.125
8.152704035000001,58206.125
8.155329035000001,58219.0
8.157953035,58219.0
8.160578035,58219.0
8.163203035,58219.0
8.165827035000001,58219.0
8.168452035000001,58219.0
8.171076035,58219.0
8.173701035,58219.0
8.176325035,58219.0
8.178950035,58219.0
8.181574035,58212.5
8.184199035,58212.5
8.186823035,58212.5
8.189448035,58212.5
8.192072035,58212.5
8.194697035,58212.5
8.197321035,58212.5
8.199946035,58212.5
8.202570035,58212.5
8.205195035000001,58212.5
8.207819035,58206.125
8.210444035,58206.125
8.213068035000001,58206.125
8.215693035000001,58206.125
8.218317035,58206.125
8.220942035,58206.125
8.223566035000001,58206.125
8.226191035000001,58206.125
8.228815035,58206.125
8.231440035,58206.125
8.234064035000001,58199.625
8.236689035000001,58199.625
8.239313035,58199.625
8.241938035,58199.625
8.244562035000001,58199.625
8.247187035000001,58199.625
8.249811035,58199.625
8.252436035,58199.625
8.255060035,58199.625
8.257685035,58173.875
8.260309035,58173.875
8.262934035,58173.875
8.265558035,58173.875
8.268183035,58173.875
8.270807035,58173.875
8.273432035,58173.875
8.276057035000001,58173.875
8.278681035,58173.875
8.281306035,58173.875
8.283930035000001,58186.75
8.286555035000001,58186.75
8.289179035,58186.75
8.291804035,58186.75
8.294428035000001,58186.75
8.297053035000001,58186.75
8.299677035,58186.75
8.302302035,58186.75
8.304926035000001,58186.75
8.307551035000001,58186.75
8.310175035,58231.875
8.312800035,58231.875
8.315424035000001,58231.875
8.318049035000001,58231.875
8.320673035,58231.875
8.323298035,58231.875
8.325922035000001,58231.875
8.328547035,58231.875
8.331171035,58231.875
8.333796035,58206.125
8.336420035,58206.125
8.339045035,58206.125
8.341669035,58206.125
8.344294035,58206.125
8.346918035,58206.125
8.349543035,58206.125
8.352167035,58206.125
8.354792035000001,58206.125
8.357416035,58206.125
8.360041035,58193.125
8.362665035000001,58193.125
8.365290035000001,58193.125
8.367914035,58193.125
8.370539035,58193.125
8.373163035000001,58193.125
8.375788035000001,58193.125
8.378412035,58193.125
8.381037035,58193.125
8.383661035000001,58193.125
8.386286035000001,58154.5
8.388911035000001,58154.5
8.391535035,58154.5
8.394160035,58154.5
8.396784035000001,58154.5
8.399409035,58154.5
8.402033035,58154.5
8.404658035,58154.5
8.407282035,58154.5
8.409907035,58154.5
8.412531035,58206.125
8.415156035,58206.125
8.417780035,58206.125
8.420405035,58206.125
8.423029035,58206.125
8.425654035,58206.125
8.428278035,58206.125
8.430903035,58206.125
8.433527035000001,58206.125
8.436152035000001,58199.625
8.438776035,58199.625
8.441401035,58199.625
8.444025035000001,58199.625
8.446650035000001,58199.625
8.449274035,58199.625
8.451899035,58199.625
8.454523035000001,58199.625
8.457148035000001,58199.625
8.459772035,58199.625
8.462397035,58186.75
8.465021035000001,58186.75
8.467646035000001,58186.75
8.470270035,58186.75
8.472895035,58186.75
8.475519035000001,58186.75
8.478144035,58186.75
8.480768035,58186.75
8.483393035,58186.75
8.486017035,58186.75
8.488642035,58148.125
8.491266035,58148.125
8.493891035,58148.125
8.496516035,58148.125
8.499140035,58148.125
8.501765035,58148.125
8.504389035,58148.125
8.507014035000001,58148.125
8.509638035,58148.125
8.512263035,58135.25
8.514887035000001,58135.25
8.517512035000001,58135.25
8.520136035,58135.25
8.522761035,58135.25
8.525385035000001,58135.25
8.528010035000001,58135.25
8.530634035,58135.25
8.533259035,58135.25
8.535883035000001,58135.25
8.538508035000001,58135.25
8.541132035,58135.25
8.543757035,58135.25
8.546381035000001,58135.25
8.549006035,58135.25
8.551630035,58135.25
8.554255035,58135.25
8.556879035,58135.25
8.559504035,58135.25
8.562128035,58135.25
8.564753035,58141.625
8.567377035,58141.625
8.570002035,58141.625
8.572626035,58141.625
8.575251035,58141.625
8.577875035,58141.625
8.580500035,58141.625
8.583124035,58141.625
8.585749035000001,58141.625
8.588373035,58141.625
8.590998035,58115.875
8.593622035000001,58115.875
8.596247035000001,58115.875
8.598871035,58115.875
8.601496035,58115.875
8.604120035000001,58115.875
8.606745035000001,58115.875
8.609370035000001,58115.875
8.611994035,58115.875
8.614619035,58122.25
8.617243035000001,58122.25
8.619868035,58122.25
8.622492035,58122.25
8.625117035,58122.25
8.627741035,58122.25
8.630366035,58122.25
8.632990035,58122.25
8.635615035,58122.25
8.638239035,58122.25
8.640864035,58083.625
8.643488035,58083.625
8.646113035,58083.625
8.648737035,58083.625
8.651362035,58083.625
8.653986035,58083.625
8.656611035000001,58083.625
8.659235035,58083.625
8.661860035,58083.625
8.664484035000001,58083.625
8.667109035000001,58122.25
8.669733035,58122.25
8.672358035,58122.25
8.674982035000001,58122.25
8.677607035000001,58122.25
8.680231035,58122.25
8.682856035,58122.25
8.685480035000001,58122.25
8.688105035000001,58122.25
8.690729035,58141.625
8.693354035,58141.625
8.695978035000001,58141.625
8.698603035000001,58141.625
8.701227035,58141.625
8.703852035,58141.625
8.706476035,58141.625
8.709101035,58141.625
8.711725035,58141.625
8.714350035,58141.625
8.716974035,58161.0
8.719599035,58161.0
8.722224035,58161.0
8.724848035,58161.0
8.727473035000001,58161.0
8.730097035,58161.0
8.732722035,58161.0
8.735346035000001,58161.0
8.737971035000001,58161.0
8.740595035,58161.0
8.743220035,58173.875
8.745844035000001,58173.875
8.748469035000001,58173.875
8.751093035,58173.875
8.753718035,58173.875
8.756342035000001,58173.875
8.758967035000001,58173.875
8.761591035,58173.875
8.764216035,58173.875
8.766840035000001,58167.375
8.769465035000001,58167.375
8.772089035,58167.375
8.774714035,58167.375
8.777338035000001,58167.375
8.779963035,58167.375
8.782587035,58167.375
8.785212035,58167.375
8.787836035,58167.375
8.790461035,58167.375
8.793085035,58167.375
8.795710035,58167.375
8.798334035,58167.375
8.800959035,58167.375
8.803583035,58167.375
8.806208035000001,58167.375
8.808832035,58167.375
8.811457035,58167.375
8.814081035000001,58167.375
8.816706035000001,58148.125
8.819330035,58148.125
8.821955035,58148.125
8.824579035000001,58148.125
8.827204035000001,58148.125
8.829828035,58148.125
8.832453035,58148.125
8.835078035,58148.125
8.837702035000001,58148.125
8.840327035000001,58148.125
8.842951035,58154.5
8.845576035,58154.5
8.848200035000001,58154.5
8.850825035,58154.5
8.853449035,58154.5
8.856074035,58154.5
8.858698035,58154.5
8.861323035,58154.5
8.863947035,58154.5
8.866572035,58154.5
8.869196035,58186.75
8.871821035,58186.75
8.874445035,58186.75
8.877070035000001,58186.75
8.879694035,58186.75
8.882319035,58186.75
8.884943035000001,58186.75
8.887568035000001,58186.75
8.890192035,58186.75
8.892817035,58186.75
8.895441035000001,58167.375
8.898066035000001,58167.375
8.900690035,58167.375
8.903315035,58167.375
8.905939035000001,58167.375
8.908564035000001,58167.375
8.911188035,58167.375
8.913813035,58167.375
8.916437035000001,58167.375
8.919062035000001,58167.375
8.921686035,58167.375
8.924311035,58167.375
8.926935035000001,58167.375
8.929560035,58167.375
8.932184035,58167.375
8.934809035,58167.375
8.937433035,58167.375
8.940058035,58167.375
8.942682035,58167.375
8.945307035,58154.5
8.947932035000001,58154.5
8.950556035,58154.5
8.953181035,58154.5
8.955805035000001,58154.5
8.958430035000001,58154.5
8.961054035,58154.5
8.963679035,58154.5
8.966303035000001,58154.5
8.968928035000001,58154.5
8.971552035,58128.75
8.974177035,58128.75
8.976801035000001,58128.75
8.979426035000001,58128.75
8.982050035,58128.75
8.984675035,58128.75
8.987299035000001,58128.75
8.989924035000001,58128.75
8.992548035,58128.75
8.995173035,58161.0
8.997797035000001,58161.0
9.000422035,58161.0
9.003046035,58161.0
9.005671035,58161.0
9.008295035,58161.0
9.010920035,58161.0
9.013544035,58161.0
9.016169035,58161.0
9.018793035,58161.0
9.021418035,58161.0
9.024042035,58161.0
9.026667035000001,58161.0
9.029291035,58161.0
9.031916035,58161.0
9.034540035000001,58161.0
9.037165035000001,58161.0
9.039789035,58161.0
9.042414035,58161.0
9.045038035000001,58161.0
9.047663035000001,58148.125
9.050287035,58148.125
9.052912035,58148.125
9.055536035000001,58148.125
9.058161035000001,58148.125
9.060786035000001,58148.125
9.063410035,58148.125
9.066035035,58148.125
9.068659035000001,58148.125
9.071284035,58148.125
9.073908035,58070.75
9.076533035,58070.75
9.079157035,58070.75
9.081782035,58070.75
9.084406035,58070.75
9.087031035,58070.75
9.089655035,58070.75
9.092280035,58070.75
9.094904035,58070.75
9.097529035,58057.875
9.100153035,58057.875
9.102778035,58057.875
9.105402035000001,58057.875
9.108027035000001,58057.875
9.110651035,58057.875
9.113276035,58057.875
9.115900035000001,58057.875
9.118525035000001,58057.875
9.121149035,58057.875
9.123774035,58096.5
9.126398035000001,58096.5
9.129023035000001,58096.5
9.131647035,58096.5
9.134272035,58096.5
9.136896035000001,58096.5
9.139521035000001,58096.5
9.142145035,58096.5
9.144770035,58096.5
9.147394035000001,58096.5
9.150019035,58128.75
9.152643035,58128.75
9.155268035,58128.75
9.157892035,58128.75
9.160517035,58128.75
9.163141035,58128.75
9.165766035,58128.75
9.168391035,58128.75
9.171015035,58128.75
9.173640035,58115.875
9.176264035,58115.875
9.178889035000001,58115.875
9.181513035,58115.875
9.184138035,58115.875
9.186762035000001,58115.875
9.189387035000001,58115.875
9.192011035,58115.875
9.194636035,58115.875
9.197260035000001,58115.875
9.199885035000001,58083.625
9.202509035,58083.625
9.205134035,58083.625
9.207758035000001,58083.625
9.210383035000001,58083.625
9.213007035,58083.625
9.215632035,58083.625
9.218256035000001,58083.625
9.220881035000001,58083.625
9.223505035,58083.625
9.226130035,58025.625
9.228754035,58025.625
9.231379035,58025.625
9.234003035,58025.625
9.236628035,58025.625
9.239252035,58025.625
9.241877035,58025.625
9.244501035,58025.625
9.247126035,58025.625
9.249750035,58025.625
9.252375035,58012.75
9.254999035,58012.75
9.257624035000001,58012.75
9.260248035,58012.75
9.262873035,58012.75
9.265497035000001,58012.75
9.268122035000001,58012.75
9.270746035,58012.75
9.273371035,58012.75
9.275995035000001,58025.625
9.278620035000001,58025.625
9.281245035000001,58025.625
9.283869035,58025.625
9.286494035,58025.625
9.289118035000001,58025.625
9.291743035000001,58025.625
9.294367035,58025.625
9.296992035,58025.625
9.299616035000001,58025.625
9.302241035,58070.75
9.304865035,58070.75
9.307490035,58070.75
9.310114035,58070.75
9.312739035,58070.75
9.315363035,58070.75
9.317988035,58070.75
9.320612035,58070.75
9.323237035,58070.75
9.325861035,58070.75
9.328486035000001,58051.375
9.331110035,58051.375
9.333735035,58051.375
9.336359035000001,58051.375
9.338984035000001,58051.375
9.341608035,58051.375
9.344233035,58051.375
9.346857035000001,58051.375
9.349482035000001,58051.375
9.352106035,58045.0
9.354731035,58045.0
9.357355035000001,58045.0
9.359980035000001,58045.0
9.362604035,58045.0
9.365229035,58045.0
9.367853035000001,58045.0
9.370478035000001,58045.0
9.373102035,58045.0
9.375727035,58045.0
9.378351035000001,58128.75
9.380976035,58128.75
9.383600035,58128.75
9.386225035,58128.75
9.388849035,58128.75
9.391474035,58128.75
9.394099035,58128.75
9.396723035,58128.75
9.399348035000001,58128.75
9.401972035,58128.75
9.404597035,58148.125
9.407221035000001,58148.125
9.409846035000001,58148.125
9.412470035,58148.125
9.415095035,58148.125
9.417719035000001,58148.125
9.420344035000001,58148.125
9.422968035,58148.125
9.425593035,58148.125
9.428217035000001,58173.875
9.430842035000001,58173.875
9.433466035,58173.875
9.436091035,58173.875
9.438715035000001,58173.875
9.441340035000001,58173.875
9.443964035,58173.875
9.446589035,58173.875
9.449213035000001,58173.875
9.451838035,58173.875
9.454462035,58148.125
9.457087035,58148.125
9.459711035,58148.125
9.462336035,58148.125
9.464960035,58148.125
9.467585035,58148.125
9.470209035,58148.125
9.472834035,58148.125
9.475458035,58148.125
9.478083035000001,58148.125
9.480707035,58148.125
9.483332035,58148.125
9.485956035000001,58148.125
9.488581035000001,58148.125
9.491205035,58148.125
9.493830035,58148.125
9.496454035000001,58148.125
9.499079035000001,58148.125
9.501703035,58148.125
9.504328035,58148.125
9.506953035,58128.75
9.509577035000001,58128.75
9.512202035000001,58128.75
9.514826035,58128.75
9.517451035,58128.75
9.520075035000001,58128.75
9.522700035,58128.75
9.525324035,58128.75
9.527949035,58128.75
9.530573035,58115.875
9.533198035,58115.875
9.535822035,58115.875
9.538447035,58115.875
9.541071035,58115.875
9.543696035,58115.875
9.546320035,58115.875
9.548945035000001,58115.875
9.551569035,58115.875
9.554194035,58115.875
9.556818035000001,58083.625
9.559443035000001,58083.625
9.562067035,58083.625
9.564692035,58083.625
9.567316035000001,58083.625
9.569941035000001,58083.625
9.572565035,58083.625
9.575190035,58083.625
9.577814035000001,58083.625
9.580439035000001,58083.625
9.583063035,58038.5
9.585688035,58038.5
9.588312035000001,58038.5
9.590937035000001,58038.5
9.593561035,58038.5
9.596186035,58038.5
9.598810035000001,58038.5
9.601435035,58038.5
9.604059035,58038.5
9.606684035,57999.875
9.609308035,57999.875
9.611933035,57999.875
9.614557035,57999.875
9.617182035,57999.875
9.619807035000001,57999.875
9.622431035,57999.875
9.625056035,57999.875
9.627680035000001,57999.875
9.630305035000001,57999.875
9.632929035,58045.0
9.635554035,58045.0
9.638178035000001,58045.0
9.640803035000001,58045.0
9.643427035,58045.0
9.646052035,58045.0
9.648676035000001,58045.0
9.651301035000001,58045.0
9.653925035,58045.0
9.656550035,58045.0
9.659174035000001,58045.0
9.661799035000001,58045.0
9.664423035,58045.0
9.667048035,58045.0
9.669672035000001,58045.0
9.672297035000001,58045.0
9.674921035,58045.0
9.677546035,58045.0
9.680170035,58045.0
9.682795035,58012.75
9.685419035,58012.75
9.688044035,58012.75
9.690668035,58012.75
9.693293035,58012.75
9.695917035,58012.75
9.698542035000001,58012.75
9.701166035,58012.75
9.703791035,58012.75
9.706415035000001,58012.75
9.709040035000001,58025.625
9.711664035,58025.625
9.714289035,58025.625
9.716913035000001,58025.625
9.719538035000001,58025.625
9.722162035,58025.625
9.724787035,58025.625
9.727411035000001,58025.625
9.730036035000001,58025.625
9.732661035000001,58025.625
9.735285035,58083.625
9.737910035,58083.625
9.740534035000001,58083.625
9.743159035000001,58083.625
9.745783035,58083.625
9.748408035,58083.625
9.751032035000001,58083.625
9.753657035,58083.625
9.756281035,58083.625
9.758906035,58083.625
9.761530035,58064.375
9.764155035,58064.375
9.766779035,58064.375
9.769404035,58064.375
9.772028035,58064.375
9.774653035,58064.375
9.777277035000001,58064.375
9.779902035000001,58064.375
9.782526035,58064.375
9.785151035,57987.0
9.787775035000001,57987.0
9.790400035000001,57987.0
9.793024035,57987.0
9.795649035,57987.0
9.798273035000001,57987.0
9.800898035000001,57987.0
9.803522035,57987.0
9.806147035,57987.0
9.808771035000001,57987.0
9.811396035000001,57948.375
9.814020035,57948.375
9.816645035,57948.375
9.819269035000001,57948.375
9.821894035000001,57948.375
9.824518035,57948.375
9.827143035,57948.375
9.829767035000001,57948.375
9.832392035,57948.375
9.835016035,57922.625
9.837641035,57922.625
9.840266035,57922.625
9.842890035,57922.625
9.845515035,57922.625
9.848139035,57922.625
9.850764035000001,57922.625
9.853388035,57922.625
9.856013035,57922.625
9.858637035000001,57922.625
9.861262035000001,57806.625
9.863886035,57806.625
9.866511035,57806.625
9.869135035000001,57806.625
9.871760035000001,57806.625
9.874384035,57806.625
9.877009035,57806.625
9.879633035000001,57806.625
9.882258035000001,57806.625
9.884882035,57806.625
9.887507035,57677.75
9.890131035000001,57677.75
9.892756035000001,57677.75
9.895380035,57677.75
9.898005035,57677.75
9.900629035000001,57677.75
9.903254035,57677.75
9.905878035,57677.75
9.908503035,57677.75
9.911127035,57677.75
9.913752035,57613.25
9.916376035,57613.25
9.919001035,57613.25
9.921625035,57613.25
9.924250035,57613.25
9.926874035,57613.25
9.929499035000001,57613.25
9.932123035,57613.25
9.934748035,57613.25
9.937372035000001,57639.125
9.939997035000001,57639.125
9.942621035,57639.125
9.945246035,57639.125
9.947870035000001,57639.125
9.950495035000001,57639.125
9.953120035000001,57639.125
9.955744035,57639.125
9.958369035,57639.125
9.960993035000001,57639.125
9.963618035000001,57684.125
9.966242035,57684.125
9.968867035,57684.125
9.971491035000001,57684.125
9.974116035,57684.125
9.976740035,57684.125
9.979365035,57684.125
9.981989035,57684.125
9.984614035,57684.125
9.987238035,57684.125
9.989863035,57761.5
9.992487035,57761.5
9.995112035,57761.5
9.997736035,57761.5
10.000361035000001,57761.5
10.002985035,57761.5
10.005610035,57761.5
10.008234035000001,57761.5
10.010859035000001,57761.5
10.013483035,57845.25
10.016108035,57845.25
10.018732035000001,57845.25
10.021357035000001,57845.25
10.023981035,57845.25
10.026606035,57845.25
10.029230035000001,57845.25
10.031855035000001,57845.25
10.034479035,57845.25
10.037104035,57845.25
10.039728035000001,57903.25
10.042353035000001,57903.25
10.044977035,57903.25
10.047602035,57903.25
10.050226035000001,57903.25
10.052851035,57903.25
10.055475035,57903.25
10.058100035,57903.25
10.060724035,57903.25
10.063349035,57903.25
10.065974035,57941.875
10.068598035,57941.875
10.071223035000001,57941.875
10.073847035,57941.875
10.076472035,57941.875
10.079096035000001,57941.875
10.081721035000001,57941.875
10.084345035,57941.875
10.086970035,57941.875
10.089594035000001,57941.875
10.092219035000001,57929.0
10.094843035,57929.0
10.097468035,57929.0
10.100092035000001,57929.0
10.102717035000001,57929.0
10.105341035,57929.0
10.107966035,57929.0
10.110590035000001,57929.0
10.113215035000001,57929.0
10.115839035,57999.875
10.118464035,57999.875
10.121088035000001,57999.875
10.123713035,57999.875
10.126337035,57999.875
10.128962035,57999.875
10.131586035,57999.875
10.134211035,57999.875
10.136835035,57999.875
10.139460035,57999.875
10.142084035,58083.625
10.144709035,58083.625
10.147333035,58083.625
10.149958035000001,58083.625
10.152582035,58083.625
10.155207035,58083.625
10.157831035000001,58083.625
10.160456035000001,58083.625
10.163080035,58083.625
10.165705035,58083.625
10.168329035000001,58064.375
10.170954035000001,58064.375
10.173578035,58064.375
10.176203035,58064.375
10.178828035,58064.375
10.181452035000001,58064.375
10.184077035000001,58064.375
10.186701035,58064.375
10.189326035,58064.375
10.191950035000001,58096.5
10.194575035000002,58096.5
10.197199035,58096.5
10.199824035,58096.5
10.202448035,58096.5
10.205073035,58096.5
10.207697035,58096.5
10.210322035,58096.5
10.212946035,58096.5
10.215571035,58096.5
10.218195035,58083.625
10.220820035000001,58083.625
10.223444035,58083.625
10.226069035,58083.625
10.228693035000001,58083.625
10.231318035000001,58083.625
10.233942035,58083.625
10.236567035,58083.625
10.239191035000001,58083.625
10.241816035000001,58083.625
10.244440035,58090.125
10.247065035,58090.125
10.249689035000001,58090.125
10.252314035000001,58090.125
10.254938035,58090.125
10.257563035,58090.125
10.260187035000001,58090.125
10.262812035000001,58090.125
10.265436035,58090.125
10.268061035,58064.375
10.270685035000001,58064.375
10.273310035000002,58064.375
10.275934035,58064.375
10.278559035,58064.375
10.281183035000002,58064.375
10.283808035,58064.375
10.286432035,58064.375
10.289057035,58064.375
10.291682035000001,58064.375
10.294306035,58083.625
10.296931035,58083.625
10.299555035000001,58083.625
10.302180035000001,58083.625
10.304804035,58083.625
10.307429035,58083.625
10.310053035000001,58083.625
10.312678035000001,58083.625
10.315302035,58083.625
10.317927035,58128.75
10.320551035000001,58128.75
10.323176035000001,58128.75
10.325800035,58128.75
10.328425035,58128.75
10.331049035000001,58128.75
10.333674035000001,58128.75
10.336298035,58128.75
10.338923035,58128.75
10.341547035000001,58128.75
10.344172035000001,58128.75
10.346796035,58128.75
10.349421035,58128.75
10.352045035000002,58128.75
10.354670035,58128.75
10.357294035,58128.75
10.359919035,58128.75
10.362543035,58128.75
10.365168035,58128.75
10.367792035,58128.75
10.370417035000001,58070.75
10.373041035,58070.75
10.375666035,58070.75
10.378290035000001,58070.75
10.380915035000001,58070.75
10.383539035,58070.75
10.386164035,58070.75
10.388788035000001,58070.75
10.391413035000001,58070.75
10.394037035,58070.75
10.396662035,58090.125
10.399286035000001,58090.125
10.401911035000001,58090.125
10.404536035000001,58090.125
10.407160035,58090.125
10.409785035,58090.125
10.412409035000001,58090.125
10.415034035000001,58090.125
10.417658035,58090.125
10.420283035,58090.125
10.422907035000001,58115.875
10.425532035,58115.875
10.428156035,58115.875
10.430781035,58115.875
10.433405035,58115.875
10.436030035,58115.875
10.438654035,58115.875
10.441279035,58115.875
10.443903035,58115.875
10.446528035,58199.625
10.449152035000001,58199.625
10.451777035000001,58199.625
10.454401035,58199.625
10.457026035,58199.625
10.459650035000001,58199.625
10.462275035000001,58199.625
10.464899035,58199.625
10.467524035,58199.625
10.470148035000001,58199.625
10.472773035000001,58244.75
10.475397035,58244.75
10.478022035,58244.75
10.480646035000001,58244.75
10.483271035000001,58244.75
10.485895035,58244.75
10.488520035,58244.75
10.491144035000001,58244.75
10.493769035000001,58244.75
10.496393035,58199.625
10.499018035,58199.625
10.501642035000001,58199.625
10.504267035,58199.625
10.506891035,58199.625
10.509516035,58199.625
10.512141035,58199.625
10.514765035,58199.625
10.517390035,58199.625
10.520014035,58199.625
10.522639035000001,58206.125
10.525263035,58206.125
10.527888035,58206.125
10.530512035000001,58206.125
10.533137035000001,58206.125
10.535761035,58206.125
10.538386035,58206.125
10.541010035000001,58206.125
10.543635035000001,58206.125
10.546259035,58206.125
10.548884035,58244.75
10.551508035000001,58244.75
10.554133035000001,58244.75
10.556757035,58244.75
10.559382035,58244.75
10.562006035000001,58244.75
10.564631035000001,58244.75
10.567255035,58244.75
10.569880035,58244.75
10.572504035000001,58244.75
10.575129035,58193.125
10.577753035,58193.125
10.580378035,58193.125
10.583002035,58193.125
10.585627035,58193.125
10.588251035,58193.125
10.590876035,58193.125
10.593500035,58193.125
10.596125035,58193.125
10.598749035,58025.625
10.601374035000001,58025.625
10.603998035,58025.625
10.606623035,58025.625
10.609247035000001,58025.625
10.611872035000001,58025.625
10.614496035,58025.625
10.617121035,58025.625
10.619745035000001,58025.625
10.622370035000001,58025.625
10.624995035000001,58090.125
10.627619035,58090.125
10.630244035,58090.125
10.632868035000001,58090.125
10.635493035000001,58090.125
10.638117035,58090.125
10.640742035,58090.125
10.643366035000001,58090.125
10.645991035000002,58090.125
10.648615035,58090.125
10.651240035,58212.5
10.653864035,58212.5
10.656489035,58212.5
10.659113035,58212.5
10.661738035,58212.5
10.664362035,58212.5
10.666987035,58212.5
10.669611035,58212.5
10.672236035000001,58212.5
10.674860035,58244.75
10.677485035,58244.75
10.680109035000001,58244.75
10.682734035000001,58244.75
10.685358035,58244.75
10.687983035,58244.75
10.690607035000001,58244.75
10.693232035000001,58244.75
10.695856035,58244.75
10.698481035,58244.75
10.701105035000001,58186.75
10.703730035000001,58186.75
10.706354035,58186.75
10.708979035,58186.75
10.711603035000001,58186.75
10.714228035000001,58186.75
10.716852035,58186.75
10.719477035,58186.75
10.722101035000001,58186.75
10.724726035000002,58186.75
10.727350035,58167.375
10.729975035,58167.375
10.732599035,58167.375
10.735224035,58167.375
10.737849035,58167.375
10.740473035,58167.375
10.743098035000001,58167.375
10.745722035,58167.375
10.748347035,58167.375
10.750971035000001,58167.375
10.753596035000001,58161.0
10.756220035,58161.0
10.758845035,58161.0
10.761469035000001,58161.0
10.764094035000001,58161.0
10.766718035,58161.0
10.769343035,58161.0
10.771967035000001,58161.0
10.774592035000001,58161.0
10.777216035,58148.125
10.779841035,58148.125
10.782465035000001,58148.125
10.785090035000001,58148.125
10.787714035,58148.125
10.790339035,58148.125
10.792963035000001,58148.125
10.795588035000002,58148.125
10.798212035,58148.125
10.800837035,58148.125
10.803461035000002,58173.875
10.806086035,58173.875
10.808710035,58173.875
10.811335035,58173.875
10.813959035,58173.875
10.816584035,58173.875
10.819208035,58173.875
10.821833035000001,58173.875
10.824457035,58173.875
10.827082035,58173.875
10.829706035000001,58154.5
10.832331035000001,58154.5
10.834955035,58154.5
10.837580035,58154.5
10.840204035000001,58154.5
10.842829035000001,58154.5
10.845453035,58154.5
10.848078035,58154.5
10.850703035,58154.5
10.853327035000001,58173.875
10.855952035000001,58173.875
10.858576035,58173.875
10.861201035,58173.875
10.863825035000001,58173.875
10.866450035000002,58173.875
10.869074035,58173.875
10.871699035,58173.875
10.874323035000002,58173.875
10.876948035,58173.875
10.879572035,58161.0
10.882197035,58161.0
10.884821035,58161.0
10.887446035,58161.0
10.890070035,58161.0
10.892695035000001,58161.0
10.895319035,58161.0
10.897944035,58161.0
10.900568035000001,58161.0
10.903193035000001,58161.0
10.905817035,58186.75
10.908442035,58186.75
10.911066035000001,58186.75
10.913691035000001,58186.75
10.916315035,58186.75
10.918940035,58186.75
10.921564035000001,58186.75
10.924189035000001,58186.75
10.926813035,58186.75
10.929438035,58206.125
10.932062035000001,58206.125
10.934687035000001,58206.125
10.937311035,58206.125
10.939936035,58206.125
10.942560035000001,58206.125
10.945185035000002,58206.125
10.947784035000002,58206.125
10.950408035,58206.125
10.953033035,58206.125
10.955657035000002,58257.625
10.958282035,58257.625
10.960906035,58257.625
10.963531035,58257.625
10.966155035,58257.625
10.968780035,58257.625
10.971404035,58257.625
10.974029035000001,58257.625
10.976653035,58257.625
10.979278035,58257.625
10.981902035000001,58238.25
10.984527035000001,58238.25
10.987151035,58238.25
10.989776035,58238.25
10.992400035000001,58238.25
10.995025035000001,58238.25
10.997649035,58238.25
11.000274035,58238.25
11.002898035000001,58238.25
11.005523035000001,58238.25
11.008147035,58264.0
11.010772035,58264.0
11.013396035000001,58264.0
11.016021035000001,58264.0
11.018645035,58264.0
11.021270035,58264.0
11.023894035000001,58264.0
11.026519035000002,58264.0
11.029143035,58264.0
11.031768035,58270.5
11.034392035000002,58270.5
11.037017035,58270.5
11.039641035,58270.5
11.042266035,58270.5
11.044890035,58270.5
11.047515035,58270.5
11.050139035,58270.5
11.052764035000001,58270.5
11.055388035,58270.5
11.058013035,58251.125
11.060638035,58251.125
11.063262035000001,58251.125
11.065887035000001,58251.125
11.068511035,58251.125
11.071136035,58251.125
11.073760035000001,58251.125
11.076385035000001,58251.125
11.079009035,58251.125
11.081634035,58251.125
11.084258035000001,58244.75
11.086883035000001,58244.75
11.089507035,58244.75
11.092132035,58244.75
11.094756035000001,58244.75
11.097381035000002,58244.75
11.100005035,58244.75
11.102630035,58244.75
11.105254035000002,58244.75
11.107879035,58251.125
11.110503035,58251.125
11.113128035,58251.125
11.115752035,58251.125
11.118377035,58251.125
11.121001035,58251.125
11.123626035000001,58251.125
11.126250035,58251.125
11.128875035,58251.125
11.131499035000001,58251.125
11.134124035000001,58244.75
11.136748035,58244.75
11.139373035,58244.75
11.141997035000001,58244.75
11.144622035000001,58244.75
11.147246035,58244.75
11.149871035,58244.75
11.152495035000001,58244.75
11.155120035000001,58244.75
11.157744035,58231.875
11.160369035,58231.875
11.162993035000001,58231.875
11.165618035000001,58231.875
11.168242035,58231.875
11.170867035,58231.875
11.173492035,58231.875
11.176116035000002,58231.875
11.178741035,58231.875
11.181365035,58231.875
11.183990035,58225.375
11.186614035,58225.375
11.189239035,58225.375
11.191863035,58225.375
11.194488035000001,58225.375
11.197112035,58225.375
11.199737035,58225.375
11.202361035000001,58225.375
11.204986035000001,58225.375
11.207610035,58225.375
11.210235035,58244.75
11.212859035000001,58244.75
11.215484035000001,58244.75
11.218108035,58244.75
11.220733035,58244.75
11.223357035000001,58244.75
11.225982035000001,58244.75
11.228606035,58244.75
11.231231035,58244.75
11.233855035000001,58244.75
11.236480035000001,58212.5
11.239104035,58212.5
11.241729035,58212.5
11.244353035000001,58212.5
11.246978035000001,58212.5
11.249602035,58212.5
11.252227035,58212.5
11.254851035000002,58212.5
11.257476035,58212.5
11.260100035,58212.5
11.262725035,58231.875
11.265349035,58231.875
11.267974035,58231.875
11.270598035,58231.875
11.273223035000001,58231.875
11.275847035,58231.875
11.278472035,58231.875
11.281096035000001,58231.875
11.283721035000001,58231.875
11.286346035000001,58212.5
11.288970035,58212.5
11.291595035,58212.5
11.294219035000001,58212.5
11.296844035000001,58212.5
11.299468035,58212.5
11.302093035,58212.5
11.304717035000001,58212.5
11.307342035000001,58212.5
11.309966035,58212.5
11.312591035,58238.25
11.315215035000001,58238.25
11.317840035000001,58238.25
11.320464035,58238.25
11.323089035,58238.25
11.325713035000001,58238.25
11.328338035000002,58238.25
11.330962035,58238.25
11.333587035,58238.25
11.336211035,58251.125
11.338836035,58251.125
11.341460035,58251.125
11.344085035,58251.125
11.346709035,58251.125
11.349334035,58251.125
11.351958035000001,58251.125
11.354583035000001,58251.125
11.357207035,58251.125
11.359832035,58251.125
11.362456035000001,58231.875
11.365081035000001,58231.875
11.367705035,58231.875
11.370330035,58231.875
11.372954035000001,58231.875
11.375579035000001,58231.875
11.378203035,58231.875
11.380828035,58231.875
11.383452035000001,58231.875
11.386077035000001,58231.875
11.388701035,58238.25
11.391326035,58238.25
11.393950035000001,58238.25
11.396575035000001,58238.25
11.399200035000002,58238.25
11.401824035,58238.25
11.404449035,58238.25
11.407073035000002,58238.25
11.409698035,58238.25
11.412322035,58238.25
11.414947035,58219.0
11.417571035,58219.0
11.420196035,58219.0
11.422820035,58219.0
11.425445035000001,58219.0
11.428069035,58219.0
11.430694035,58219.0
11.433318035000001,58219.0
11.435943035000001,58219.0
11.438567035,58219.0
11.441192035,58219.0
11.443816035000001,58219.0
11.446441035000001,58219.0
11.449065035,58219.0
11.451690035,58219.0
11.454314035000001,58219.0
11.456939035000001,58219.0
11.459563035,58219.0
11.462188035,58219.0
11.464812035000001,58238.25
11.467437035000001,58238.25
11.470061035,58238.25
11.472686035,58238.25
11.475310035000001,58238.25
11.477935035000002,58238.25
11.480559035,58238.25
11.483184035,58238.25
11.485808035000002,58238.25
11.488433035,58238.25
11.491057035,58238.25
11.493682035,58238.25
11.496306035,58238.25
11.498931035,58238.25
11.501555035,58238.25
11.504180035000001,58238.25
11.506804035,58238.25
11.509429035,58238.25
11.512054035,58238.25
11.514678035000001,58231.875
11.517303035000001,58231.875
11.519927035,58231.875
11.522552035,58231.875
11.525176035000001,58231.875
11.527801035000001,58231.875
11.530425035,58231.875
11.533050035,58231.875
11.535674035000001,58231.875
11.538299035000001,58231.875
11.540923035,58225.375
11.543548035,58225.375
11.546172035000001,58225.375
11.548797035000002,58225.375
11.551421035,58225.375
11.554046035,58225.375
11.556670035000002,58225.375
11.559295035,58225.375
11.561919035,58225.375
11.564544035,58225.375
11.567168035,58238.25
11.569793035,58238.25
11.572417035,58238.25
11.575042035000001,58238.25
11.577666035,58238.25
11.580291035,58238.25
11.582915035000001,58238.25
11.585540035000001,58238.25
11.588164035,58238.25
11.590789035,58238.25
11.593413035000001,58238.25
11.596038035000001,58238.25
11.598662035,58238.25
11.601287035,58238.25
11.603911035000001,58238.25
11.606536035000001,58238.25
11.609160035,58238.25
11.611785035,58238.25
11.614409035000001,58238.25
11.617034035000001,58257.625
11.619659035000002,58257.625
11.622283035,58257.625
11.624908035,58257.625
11.627532035000002,58257.625
11.630157035,58257.625
11.632781035,58257.625
11.635406035,58257.625
11.638030035,58257.625
11.640655035,58257.625
11.643279035,58264.0
11.645904035000001,58264.0
11.648528035,58264.0
11.651153035,58264.0
11.653777035000001,58264.0
11.656402035000001,58264.0
11.659026035,58264.0
11.661651035,58264.0
11.664275035000001,58264.0
11.666900035000001,58264.0
11.669524035,58270.5
11.672149035,58270.5
11.674773035000001,58270.5
11.677398035000001,58270.5
11.680022035,58270.5
11.682647035,58270.5
11.685271035000001,58270.5
11.687896035000001,58270.5
11.690520035,58270.5
11.693145035,58238.25
11.695769035000001,58238.25
11.698394035000002,58238.25
11.701018035,58238.25
11.703643035,58238.25
11.706267035000002,58238.25
11.708892035,58238.25
11.711516035,58238.25
11.714141035,58238.25
11.716765035,58238.25
11.719390035,58251.125
11.722014035,58251.125
11.724639035000001,58251.125
11.727263035,58251.125
11.729888035,58251.125
11.732513035,58251.125
11.735137035000001,58251.125
11.737762035000001,58251.125
11.740386035,58251.125
11.743011035,58251.125
11.745635035000001,58244.75
11.748260035000001,58244.75
11.750884035,58244.75
11.753509035,58244.75
11.756133035000001,58244.75
11.758758035000001,58244.75
11.761382035,58244.75
11.764007035,58244.75
11.766631035000001,58244.75
11.769256035000002,58251.125
11.771880035,58251.125
11.774505035,58251.125
11.777129035000002,58251.125
11.779754035000002,58251.125
11.782378035,58251.125
11.785003035,58251.125
11.787627035,58251.125
11.790252035,58251.125
11.792876035,58251.125
11.795501035000001,58225.375
11.798125035,58225.375
11.800750035,58225.375
11.803374035000001,58225.375
11.805999035000001,58225.375
11.808623035,58225.375
11.811248035,58225.375
11.813872035000001,58225.375
11.816497035000001,58225.375
11.819121035,58225.375
11.821746035,58206.125
11.824370035000001,58206.125
11.826995035000001,58206.125
11.829619035,58206.125
11.832244035,58206.125
11.834868035000001,58206.125
11.837493035000001,58206.125
11.840117035,58206.125
11.842742035,58206.125
11.845367035,58206.125
11.847991035000002,58154.5
11.850616035000002,58154.5
11.853240035,58154.5
11.855865035,58154.5
11.858489035000002,58154.5
11.861114035,58154.5
11.863738035,58154.5
11.866363035000001,58154.5
11.868987035,58154.5
11.871612035,58115.875
11.874236035000001,58115.875
11.876861035000001,58115.875
11.879485035,58115.875
11.882110035,58115.875
11.884734035000001,58115.875
11.887359035000001,58115.875
11.889983035,58115.875
11.892608035,58115.875
11.895232035000001,58115.875
11.897857035000001,58180.25
11.900481035,58180.25
11.903106035,58180.25
11.905730035000001,58180.25
11.908355035000001,58180.25
11.910979035,58180.25
11.913604035,58180.25
11.916228035000001,58180.25
11.918853035000001,58180.25
11.921477035,58180.25
11.924102035,58199.625
11.926726035000002,58199.625
11.929351035000002,58199.625
11.931975035,58199.625
11.934600035,58199.625
11.937224035000002,58199.625
11.939849035,58199.625
11.942473035,58199.625
11.945098035000001,58199.625
11.947722035,58193.125
11.950347035,58193.125
11.952971035000001,58193.125
11.955596035000001,58193.125
11.958221035000001,58193.125
11.960845035,58193.125
11.963470035,58193.125
11.966094035000001,58193.125
11.968719035000001,58193.125
11.971343035,58193.125
11.973968035,58141.625
11.976592035000001,58141.625
11.979217035000001,58141.625
11.981841035,58141.625
11.984466035,58141.625
11.987090035000001,58141.625
11.989715035000001,58141.625
11.992339035,58141.625
11.994964035,58141.625
11.997588035000001,58115.875
12.000213035000002,58115.875
12.002837035,58115.875
12.005462035,58115.875
12.008086035000002,58115.875
12.010711035,58115.875
12.013335035,58115.875
12.015960035,58115.875
12.018584035,58115.875
12.021209035,58115.875
12.023833035000001,58199.625
12.026458035000001,58199.625
12.029082035,58199.625
12.031707035,58199.625
12.034331035000001,58199.625
12.036956035000001,58199.625
12.039580035,58199.625
12.042205035,58199.625
12.044829035000001,58199.625
12.047454035000001,58199.625
12.050078035,58219.0
12.052703035,58219.0
12.055327035000001,58219.0
12.057952035000001,58219.0
12.060576035,58219.0
12.063201035,58219.0
12.065825035000001,58219.0
12.068450035000001,58219.0
12.071075035000002,58219.0
12.073699035,58219.0
12.076324035,58251.125
12.078948035000002,58251.125
12.081573035,58251.125
12.084197035,58251.125
12.086822035,58251.125
12.089446035,58251.125
12.092071035,58251.125
12.094695035,58251.125
12.097320035000001,58251.125
12.099944035,58251.125
12.102569035,58270.5
12.105193035000001,58270.5
12.107818035000001,58270.5
12.110442035,58270.5
12.113067035,58270.5
12.115691035000001,58270.5
12.118316035000001,58270.5
12.120940035,58270.5
12.123565035,58270.5
12.126189035000001,58264.0
12.128814035000001,58264.0
12.131438035,58264.0
12.134063035,58264.0
12.136687035000001,58264.0
12.139312035000001,58264.0
12.141936035,58264.0
12.144561035,58264.0
12.147185035000001,58264.0
12.149810035000002,58264.0
12.152434035,58257.625
12.155059035,58257.625
12.157683035000002,58257.625
12.160308035,58257.625
12.162932035,58257.625
12.165557035,58257.625
12.168181035,58257.625
12.170806035,58257.625
12.173430035,58257.625
12.176055035000001,58276.875
12.178679035,58276.875
12.181304035,58276.875
12.183929035,58276.875
12.186553035000001,58276.875
12.189178035000001,58276.875
12.191802035,58276.875
12.194427035,58276.875
12.197051035000001,58276.875
12.199676035000001,58276.875
12.202300035,58244.75
12.204925035,58244.75
12.207549035000001,58244.75
12.210174035000001,58244.75
12.212798035,58244.75
12.215423035,58244.75
12.218047035000001,58244.75
12.220672035000002,58244.75
12.223296035,58244.75
12.225921035,58244.75
12.228545035000002,58276.875
12.231170035,58276.875
12.233794035,58276.875
12.236419035,58276.875
12.239043035,58276.875
12.241668035,58276.875
12.244292035,58276.875
12.246917035000001,58276.875
12.249541035,58276.875
12.252166035,58276.875
12.254790035000001,58257.625
12.257415035000001,58257.625
12.260039035,58257.625
12.262664035,58257.625
12.265288035000001,58257.625
12.267913035000001,58257.625
12.270537035,58257.625
12.273162035,58257.625
12.275786035000001,58257.625
12.278411035000001,58225.375
12.281035035,58225.375
12.283660035,58225.375
12.286284035000001,58225.375
12.288909035000001,58225.375
12.291534035000002,58225.375
12.294158035,58225.375
12.296783035,58225.375
12.299407035000002,58225.375
12.302032035000002,58225.375
12.304656035,58231.875
12.307281035,58231.875
12.309905035,58231.875
12.312530035,58231.875
12.315154035,58231.875
12.317779035000001,58231.875
12.320403035,58231.875
12.323028035,58231.875
12.325652035000001,58231.875
12.328277035000001,58231.875
12.330901035,58219.0
12.333526035,58219.0
12.336150035000001,58219.0
12.338775035000001,58219.0
12.341399035,58219.0
12.344024035,58219.0
12.346648035000001,58219.0
12.349273035000001,58219.0
12.351897035,58219.0
12.354522035,58212.5
12.357146035000001,58212.5
12.359771035000001,58212.5
12.362395035,58212.5
12.365020035,58212.5
12.367644035000001,58212.5
12.370269035000002,58212.5
12.372893035,58212.5
12.375518035,58212.5
12.378142035000002,58212.5
12.380767035000002,58206.125
12.383391035,58206.125
12.386016035,58206.125
12.388640035,58206.125
12.391265035,58206.125
12.393889035,58206.125
12.396514035000001,58206.125
12.399138035,58206.125
12.401763035,58206.125
12.404388035,58206.125
12.407012035000001,58231.875
12.409637035000001,58231.875
12.412261035,58231.875
12.414886035,58231.875
12.417510035000001,58231.875
12.420135035000001,58231.875
12.422759035,58231.875
12.425384035,58231.875
12.428008035000001,58231.875
12.430633035000001,58231.875
12.433257035,58206.125
12.435882035,58206.125
12.438506035000001,58206.125
12.441131035000002,58206.125
12.443755035,58206.125
12.446380035,58206.125
12.449004035000002,58206.125
12.451629035000002,58206.125
12.454253035,58206.125
12.456878035,58193.125
12.459502035000002,58193.125
12.462127035,58193.125
12.464751035,58193.125
12.467376035000001,58193.125
12.470000035,58193.125
12.472625035,58193.125
12.475249035000001,58193.125
12.477874035000001,58193.125
12.480498035,58193.125
12.483123035,58199.625
12.485747035000001,58199.625
12.488372035000001,58199.625
12.490996035,58199.625
12.493621035,58199.625
12.496245035000001,58199.625
12.498870035000001,58199.625
12.501494035,58199.625
12.504119035,58199.625
12.506743035000001,58199.625
12.509368035000001,58231.875
12.511992035,58231.875
12.514617035,58231.875
12.517242035,58231.875
12.519866035000002,58231.875
12.522491035000002,58231.875
12.525115035,58231.875
12.527740035,58231.875
12.530364035000002,58231.875
12.532989035,58199.625
12.535613035,58199.625
12.538238035000001,58199.625
12.540862035,58199.625
12.543487035,58199.625
12.546111035000001,58199.625
12.548736035000001,58199.625
12.551360035,58199.625
12.553985035,58199.625
12.556609035000001,58199.625
12.559234035000001,58173.875
12.561858035,58173.875
12.564483035,58173.875
12.567107035000001,58173.875
12.569732035000001,58173.875
12.572356035,58173.875
12.574981035,58173.875
12.577605035000001,58173.875
12.580230035000001,58173.875
12.582854035,58173.875
12.585479035,58180.25
12.588103035000001,58180.25
12.590728035000001,58180.25
12.593352035,58180.25
12.595977035,58180.25
12.598601035000002,58180.25
12.601226035000002,58180.25
12.603850035,58180.25
12.606475035,58180.25
12.609099035000002,58173.875
12.611724035,58173.875
12.614348035,58173.875
12.616973035000001,58173.875
12.619597035,58173.875
12.622222035,58173.875
12.624846035000001,58173.875
12.627471035000001,58173.875
12.630096035000001,58173.875
12.632720035,58173.875
12.635345035,58167.375
12.637969035000001,58167.375
12.640594035000001,58167.375
12.643218035,58167.375
12.645843035,58167.375
12.648467035000001,58167.375
12.651092035000001,58167.375
12.653716035,58167.375
12.656341035,58167.375
12.658965035000001,58167.375
12.661590035000001,58199.625
12.664214035,58199.625
12.666839035,58199.625
12.669463035000001,58199.625
12.672088035000002,58199.625
12.674712035,58199.625
12.677337035,58199.625
12.679961035000002,58199.625
12.682586035,58199.625
12.685210035,58199.625
12.687835035,58212.5
12.690459035,58212.5
12.693084035,58212.5
12.695708035000001,58212.5
12.698333035000001,58212.5
12.700957035,58212.5
12.703582035,58212.5
12.706206035000001,58212.5
12.708831035000001,58212.5
12.711455035,58212.5
12.714080035,58212.5
12.716704035000001,58212.5
12.719329035000001,58212.5
12.721953035,58212.5
12.724578035,58212.5
12.727202035000001,58212.5
12.729827035000001,58212.5
12.732451035,58212.5
12.735076035,58212.5
12.737700035000001,58206.125
12.740325035000001,58206.125
12.742950035000002,58206.125
12.745574035,58206.125
12.748199035,58206.125
12.750823035000002,58206.125
12.753448035000002,58206.125
12.756072035,58206.125
12.758697035,58206.125
12.761321035,58206.125
12.763946035,58225.375
12.766570035,58225.375
12.769195035000001,58225.375
12.771819035,58225.375
12.774444035,58225.375
12.777068035000001,58225.375
12.779693035000001,58225.375
12.782317035,58225.375
12.784942035,58225.375
12.787566035000001,58212.5
12.790191035000001,58212.5
12.792815035,58212.5
12.795440035,58212.5
12.798064035000001,58212.5
12.800689035000001,58212.5
12.803313035,58212.5
12.805938035,58212.5
12.808562035000001,58212.5
12.811187035000001,58212.5
12.813811035,58199.625
12.816436035,58199.625
12.819060035000001,58199.625
12.821685035000002,58199.625
12.824309035,58199.625
12.826934035,58199.625
12.829558035000002,58199.625
12.832183035000002,58199.625
12.834807035,58199.625
12.837432035,58193.125
12.840056035,58193.125
12.842681035,58193.125
12.845305035,58193.125
12.847930035000001,58193.125
12.850554035,58193.125
12.853179035,58193.125
12.855804035,58193.125
12.858428035000001,58193.125
12.861053035000001,58193.125
12.863677035,58244.75
12.866302035,58244.75
12.868926035000001,58244.75
12.871551035000001,58244.75
12.874175035,58244.75
12.876800035,58244.75
12.879424035000001,58244.75
12.882049035000001,58244.75
12.884673035,58244.75
12.887298035,58244.75
12.889922035000001,58231.875
12.892547035000002,58231.875
12.895171035,58231.875
12.897796035,58231.875
12.900420035000002,58231.875
12.903045035000002,58231.875
12.905669035,58231.875
12.908294035,58231.875
12.910918035000002,58231.875
12.913543035,58231.875
12.916167035,58212.5
12.918792035000001,58212.5
12.921416035,58212.5
12.924041035,58212.5
12.926665035000001,58212.5
12.929290035000001,58212.5
12.931914035,58212.5
12.934539035,58212.5
12.937163035000001,58212.5
12.939788035000001,58212.5
12.942412035,58219.0
12.945037035,58219.0
12.947661035000001,58219.0
12.950286035000001,58219.0
12.952910035,58219.0
12.955535035,58219.0
12.958159035000001,58219.0
12.960784035000001,58219.0
12.963409035000002,58219.0
12.966033035,58238.25
12.968658035,58238.25
12.971282035000002,58238.25
12.973907035000002,58238.25
12.976531035,58238.25
12.979156035,58238.25
12.981780035000002,58238.25
12.984405035,58238.25
12.987029035,58238.25
12.989654035000001,58238.25
12.992278035,58199.625
12.994903035,58199.625
12.997527035000001,58199.625
13.000152035000001,58199.625
13.002776035,58199.625
13.005401035,58199.625
13.008025035000001,58199.625
13.010650035000001,58199.625
13.013274035,58199.625
13.015899035,58206.125
13.018523035000001,58206.125
13.021148035000001,58206.125
13.023772035,58206.125
13.026397035,58206.125
13.029021035000001,58206.125
13.031646035000001,58206.125
13.034270035,58206.125
13.036895035,58206.125
13.039519035000001,58206.125
13.042144035000002,58206.125
13.044768035,58206.125
13.047393035,58206.125
13.050017035000002,58206.125
13.052642035000002,58206.125
13.055266035,58206.125
13.057891035,58206.125
13.060515035000002,58206.125
13.063140035,58206.125
13.065764035,58206.125
13.068389035000001,58212.5
13.071013035,58212.5
13.073638035,58212.5
13.076263035,58212.5
13.078887035000001,58212.5
13.081512035000001,58212.5
13.084136035,58212.5
13.086761035,58212.5
13.089385035000001,58212.5
13.092010035000001,58212.5
13.094634035,58154.5
13.097259035,58154.5
13.099883035000001,58154.5
13.102508035000001,58154.5
13.105132035,58154.5
13.107757035,58154.5
13.110381035000001,58154.5
13.113006035000002,58154.5
13.115630035,58154.5
13.118255035,58167.375
13.120879035000002,58167.375
13.123504035000002,58167.375
13.126128035,58167.375
13.128753035,58167.375
13.131377035000002,58167.375
13.134002035,58167.375
13.136626035,58167.375
13.139251035000001,58167.375
13.141875035,58167.375
13.144500035,58154.5
13.147124035000001,58154.5
13.149749035000001,58154.5
13.152373035,58154.5
13.154998035,58154.5
13.157622035000001,58154.5
13.160247035000001,58154.5
13.162871035,58154.5
13.165496035,58154.5
13.168120035000001,58154.5
13.170745035000001,58161.0
13.173369035,58161.0
13.175994035,58161.0
13.178618035000001,58161.0
13.181243035000001,58161.0
13.183867035,58161.0
13.186492035,58161.0
13.189117035,58161.0
13.191741035000002,58161.0
13.194366035000002,58180.25
13.196990035,58180.25
13.199615035,58180.25
13.202239035000002,58180.25
13.204864035,58180.25
13.207488035,58180.25
13.210113035000001,58180.25
13.212737035,58180.25
13.215362035,58180.25
13.217986035000001,58180.25
13.220611035000001,58180.25
13.223235035,58180.25
13.225860035,58180.25
13.228484035000001,58180.25
13.231109035000001,58180.25
13.233733035,58180.25
13.236358035,58180.25
13.238982035000001,58180.25
13.241607035000001,58180.25
13.244231035,58180.25
13.246856035,58199.625
13.249480035000001,58199.625
13.252105035000001,58199.625
13.254729035,58199.625
13.257354035,58199.625
13.259978035000001,58199.625
13.262603035000001,58199.625
13.265227035,58199.625
13.267852035,58199.625
13.270476035000002,58199.625
13.273101035000002,58225.375
13.275725035,58225.375
13.278350035,58225.375
13.280974035000002,58225.375
13.283599035,58225.375
13.286223035,58225.375
13.288848035000001,58225.375
13.291472035,58225.375
13.294097035,58225.375
13.296721035000001,58186.75
13.299346035000001,58186.75
13.301971035000001,58186.75
13.304595035,58186.75
13.307220035,58186.75
13.309844035000001,58186.75
13.312469035000001,58186.75
13.315093035,58186.75
13.317718035,58186.75
13.320342035000001,58186.75
13.322967035000001,58193.125
13.325591035,58193.125
13.328216035,58193.125
13.330840035000001,58193.125
13.333465035000001,58193.125
13.336089035,58193.125
13.338714035,58193.125
13.341338035000001,58193.125
13.343963035000002,58193.125
13.346587035,58193.125
13.349212035,58161.0
13.351836035000002,58161.0
13.354461035000002,58161.0
13.357085035,58161.0
13.359710035,58161.0
13.362334035000002,58161.0
13.364959035,58161.0
13.367583035000001,58161.0
13.370208035000001,58161.0
13.372832035,58090.125
13.375457035,58090.125
13.378081035000001,58090.125
13.380706035000001,58090.125
13.383330035,58090.125
13.385955035,58090.125
13.388579035000001,58090.125
13.391204035000001,58090.125
13.393828035,58090.125
13.396453035,58090.125
13.399077035000001,58064.375
13.401702035000001,58064.375
13.404326035,58064.375
13.406951035,58064.375
13.409575035000001,58064.375
13.412200035000001,58064.375
13.414825035000002,58064.375
13.417449035,58064.375
13.420074035,58064.375
13.422698035000002,58064.375
13.425323035000002,58012.75
13.427947035,58012.75
13.430572035,58012.75
13.433196035000002,58012.75
13.435821035,58012.75
13.438445035,58012.75
13.441070035000001,58012.75
13.443694035,58012.75
13.446319035,58012.75
13.448943035000001,57954.75
13.451568035000001,57954.75
13.454192035,57954.75
13.456817035,57954.75
13.459441035000001,57954.75
13.462066035000001,57954.75
13.464690035,57954.75
13.467315035,57954.75
13.469939035000001,57954.75
13.472564035000001,57954.75
13.475188035,57922.625
13.477813035,57922.625
13.480437035000001,57922.625
13.483062035000001,57922.625
13.485686035,57922.625
13.488311035,57922.625
13.490935035000001,57922.625
13.493560035000002,57922.625
13.496184035,57922.625
13.498809035,57935.5
13.501433035000002,57935.5
13.504058035000002,57935.5
13.506682035,57935.5
13.509307035,57935.5
13.511931035000002,57935.5
13.514556035,57935.5
13.517180035,57935.5
13.519805035000001,57935.5
13.522429035,57935.5
13.525054035,57935.5
13.527679035,58025.625
13.530303035000001,58025.625
13.532928035000001,58025.625
13.535552035,58025.625
13.538177035,58025.625
13.540801035000001,58025.625
13.543426035000001,58025.625
13.546050035,58025.625
13.548675035,58025.625
13.551299035000001,58064.375
13.553924035000001,58064.375
13.556548035,58064.375
13.559173035,58064.375
13.561797035000001,58064.375
13.564422035000002,58064.375
13.567046035,58064.375
13.569671035,58064.375
13.572295035000002,58064.375
13.574920035000002,58064.375
13.577544035,58090.125
13.580169035,58090.125
13.582793035000002,58090.125
13.585418035,58090.125
13.588042035,58090.125
13.590667035000001,58090.125
13.593291035,58090.125
13.595916035,58090.125
13.598540035000001,58090.125
13.601165035000001,58090.125
13.603789035,58077.25
13.606414035,58077.25
13.609038035000001,58077.25
13.611663035000001,58077.25
13.614287035,58077.25
13.616912035,58077.25
13.619536035000001,58077.25
13.622161035000001,58077.25
13.624785035,58077.25
13.627410035,58032.125
13.630034035000001,58032.125
13.632659035000001,58032.125
13.635284035000002,58032.125
13.637908035,58032.125
13.640533035,58032.125
13.643157035000002,58032.125
13.645782035000002,58032.125
13.648406035,58032.125
13.651031035,58032.125
13.653655035000002,58045.0
13.656280035,58045.0
13.658904035,58045.0
13.661529035000001,58045.0
13.664153035,58045.0
13.666778035,58045.0
13.669402035000001,58045.0
13.672027035000001,58045.0
13.674651035,58045.0
13.677276035,58045.0
13.679900035000001,58045.0
13.682525035000001,58045.0
13.685149035,58045.0
13.687774035,58045.0
13.690398035000001,58045.0
13.693023035000001,58045.0
13.695647035,58045.0
13.698272035,58045.0
13.700896035000001,58045.0
13.703521035000001,58051.375
13.706145035,58051.375
13.708770035,58051.375
13.711394035000001,58051.375
13.714019035000002,58051.375
13.716643035,58051.375
13.719268035,58051.375
13.721892035000002,58051.375
13.724517035000002,58051.375
13.727141035,58051.375
13.729766035,58064.375
13.732390035000002,58064.375
13.735015035,58064.375
13.737639035,58064.375
13.740264035000001,58064.375
13.742888035,58064.375
13.745513035,58064.375
13.748138035,58064.375
13.750762035000001,58064.375
13.753387035000001,58064.375
13.756011035,58077.25
13.758636035,58077.25
13.761260035000001,58077.25
13.763885035000001,58077.25
13.766509035,58077.25
13.769134035,58077.25
13.771758035000001,58077.25
13.774383035000001,58077.25
13.777007035,58077.25
13.779632035,58038.5
13.782256035000001,58038.5
13.784881035000002,58038.5
13.787505035,58038.5
13.790130035,58038.5
13.792754035000002,58038.5
13.795379035000002,58038.5
13.798003035,58038.5
13.800628035,58038.5
13.803252035000002,58038.5
13.805877035000002,58070.75
13.808501035,58070.75
13.811126035000001,58070.75
13.813750035,58070.75
13.816375035,58070.75
13.818999035000001,58070.75
13.821624035000001,58070.75
13.824248035,58070.75
13.826873035,58070.75
13.829497035000001,58070.75
13.832122035000001,58115.875
13.834746035,58115.875
13.837371035,58115.875
13.839995035000001,58115.875
13.842620035000001,58115.875
13.845244035,58115.875
13.847869035,58115.875
13.850493035000001,58115.875
13.853118035000001,58115.875
13.855742035,58141.625
13.858367035,58141.625
13.860992035,58141.625
13.863616035000002,58141.625
13.866241035000002,58141.625
13.868865035,58141.625
13.871490035,58141.625
13.874114035000002,58141.625
13.876739035000002,58141.625
13.879363035,58141.625
13.881988035000001,58161.0
13.884612035000002,58161.0
13.887237035,58161.0
13.889861035000001,58161.0
13.892486035000001,58161.0
13.895110035,58161.0
13.897735035,58161.0
13.900359035000001,58161.0
13.902984035000001,58161.0
13.905608035,58161.0
13.908233035,58148.125
13.910857035000001,58148.125
13.913482035000001,58148.125
13.916106035,58148.125
13.918731035,58148.125
13.921355035000001,58148.125
13.923980035000001,58148.125
13.926604035,58148.125
13.929229035,58148.125
13.931853035000001,58148.125
13.934478035000001,58180.25
13.937102035,58180.25
13.939727035,58180.25
13.942351035000002,58180.25
13.944976035000002,58180.25
13.947600035,58180.25
13.950225035,58180.25
13.952849035000002,58180.25
13.955474035000002,58180.25
13.958098035,58173.875
13.960723035000001,58173.875
13.963347035000002,58173.875
13.965972035,58173.875
13.968596035000001,58173.875
13.971221035000001,58173.875
13.973846035000001,58173.875
13.976470035,58173.875
13.979095035,58173.875
13.981719035000001,58173.875
13.984344035000001,58148.125
13.986968035,58148.125
13.989593035,58148.125
13.992217035000001,58148.125
13.994842035000001,58148.125
13.997466035,58148.125
14.000091035,58148.125
14.002715035000001,58148.125
14.005340035000001,58148.125
14.007964035,58148.125
14.010589035,58225.375
14.013213035000001,58225.375
14.015838035000002,58225.375
14.018462035,58225.375
14.021087035,58225.375
14.023711035000002,58225.375
14.026336035000002,58225.375
14.028960035,58225.375
14.031585035,58225.375
14.034209035000002,58180.25
14.036834035,58180.25
14.039458035000001,58180.25
14.042083035000001,58180.25
14.044707035,58180.25
14.047332035,58180.25
14.049956035000001,58180.25
14.052581035000001,58180.25
14.055205035,58180.25
14.057830035,58180.25
14.060454035000001,58161.0
14.063079035000001,58161.0
14.065703035,58161.0
14.068328035,58161.0
14.070952035000001,58161.0
14.073577035000001,58161.0
14.076201035,58161.0
14.078826035,58161.0
14.081450035000001,58161.0
14.084075035000001,58161.0
14.086700035000002,58173.875
14.089324035,58173.875
14.091949035,58173.875
14.094573035000002,58173.875
14.097198035000002,58173.875
14.099822035,58173.875
14.102447035,58173.875
14.105071035000002,58173.875
14.107696035,58173.875
14.110320035,58173.875
14.112945035000001,58225.375
14.115569035,58225.375
14.118194035,58225.375
14.120818035000001,58225.375
14.123443035000001,58225.375
14.126067035,58225.375
14.128692035,58225.375
14.131316035000001,58225.375
14.133941035000001,58225.375
14.136565035,58180.25
14.139190035,58180.25
14.141814035000001,58180.25
14.144439035000001,58180.25
14.147063035,58180.25
14.149688035,58180.25
14.152312035000001,58180.25
14.154937035000001,58180.25
14.157561035,58180.25
14.160186035,58180.25
14.162810035000001,58180.25
14.165435035000002,58180.25
14.168059035,58180.25
14.170684035,58180.25
14.173308035000002,58180.25
14.175933035000002,58180.25
14.178557035,58180.25
14.181182035,58180.25
14.183806035000002,58180.25
14.186431035,58180.25
14.189055035,58193.125
14.191680035000001,58193.125
14.194304035,58193.125
14.196929035,58193.125
14.199554035,58193.125
14.202178035000001,58193.125
14.204803035000001,58193.125
14.207427035,58193.125
14.210052035,58193.125
14.212676035000001,58154.5
14.215301035000001,58154.5
14.217925035,58154.5
14.220550035,58154.5
14.223174035000001,58154.5
14.225799035000001,58154.5
14.228423035,58154.5
14.231048035,58154.5
14.233672035000001,58154.5
14.236297035000002,58154.5
14.238921035,58167.375
14.241546035,58167.375
14.244170035000002,58167.375
14.246795035000002,58167.375
14.249419035,58167.375
14.252044035,58167.375
14.254668035000002,58167.375
14.257293035,58167.375
14.259917035,58167.375
14.262542035000001,58167.375
14.265166035,58206.125
14.267791035,58206.125
14.270415035000001,58206.125
14.273040035000001,58206.125
14.275664035,58206.125
14.278289035,58206.125
14.280913035000001,58206.125
14.283538035000001,58206.125
14.286162035,58206.125
14.288787035,58173.875
14.291411035000001,58173.875
14.294036035000001,58173.875
14.296660035,58173.875
14.299285035,58173.875
14.301909035000001,58173.875
14.304534035000001,58173.875
14.307159035000002,58173.875
14.309783035,58173.875
14.312408035,58173.875
14.315032035000002,58148.125
14.317657035000002,58148.125
14.320281035,58148.125
14.322906035,58148.125
14.325530035000002,58148.125
14.328155035000002,58148.125
14.330779035,58148.125
14.333404035000001,58148.125
14.336028035000002,58148.125
14.338653035,58161.0
14.341277035000001,58161.0
14.343902035000001,58161.0
14.346526035,58161.0
14.349151035,58161.0
14.351775035000001,58161.0
14.354400035000001,58161.0
14.357024035,58161.0
14.359649035,58161.0
14.362273035000001,58161.0
14.364898035000001,58180.25
14.367522035,58180.25
14.370147035,58180.25
14.372771035000001,58180.25
14.375396035000001,58180.25
14.378020035,58180.25
14.380645035,58180.25
14.383269035000001,58180.25
14.385894035000002,58180.25
14.388518035,58180.25
14.391143035,58206.125
14.393767035000002,58206.125
14.396392035000002,58206.125
14.399016035,58206.125
14.401641035,58206.125
14.404265035000002,58206.125
14.406890035000002,58206.125
14.409514035,58206.125
14.412139035000001,58206.125
14.414763035000002,58206.125
14.417388035,58231.875
14.420013035,58231.875
14.422637035000001,58231.875
14.425262035000001,58231.875
14.427886035,58231.875
14.430511035,58231.875
14.433135035000001,58231.875
14.435760035000001,58231.875
14.438384035,58231.875
14.441009035,58231.875
14.443633035000001,58219.0
14.446258035000001,58219.0
14.448882035,58219.0
14.451507035,58219.0
14.454131035000001,58219.0
14.456756035000002,58219.0
14.459380035,58219.0
14.462005035,58219.0
14.464629035000002,58219.0
14.467254035000002,58186.75
14.469878035,58186.75
14.472503035,58186.75
14.475127035000002,58186.75
14.477752035000002,58186.75
14.480376035,58186.75
14.483001035000001,58186.75
14.485625035000002,58186.75
14.488250035,58186.75
14.490874035000001,58186.75
14.493499035000001,58186.75
14.496123035,58186.75
14.498748035,58186.75
14.501372035000001,58186.75
14.503997035000001,58186.75
14.506621035,58186.75
14.509246035,58186.75
14.511870035000001,58186.75
14.514495035000001,58186.75
14.517119035,58161.0
14.519744035,58161.0
14.522368035000001,58161.0
14.524993035000001,58161.0
14.527617035,58161.0
14.530242035,58161.0
14.532867035,58161.0
14.535491035000002,58161.0
14.538116035000002,58161.0
14.540740035,58161.0
14.543365035,58186.75
14.545989035000002,58186.75
14.548614035000002,58186.75
14.551238035,58186.75
14.553863035000001,58186.75
14.556487035000002,58186.75
14.559112035,58186.75
14.561736035000001,58186.75
14.564361035000001,58186.75
14.566985035,58186.75
14.569610035,58186.75
14.572234035000001,58186.75
14.574859035000001,58186.75
14.577483035,58186.75
14.580108035,58186.75
14.582732035000001,58186.75
14.585357035000001,58186.75
14.587981035,58186.75
14.590606035,58186.75
14.593230035000001,58186.75
14.595855035000001,58199.625
14.598479035,58199.625
14.601104035,58199.625
14.603728035000001,58199.625
14.606353035000001,58199.625
14.608977035,58199.625
14.611602035,58199.625
14.614226035000002,58199.625
14.616851035000002,58199.625
14.619475035,58219.0
14.622100035,58219.0
14.624724035000002,58219.0
14.627349035000002,58219.0
14.629973035,58219.0
14.632598035000001,58219.0
14.635222035000002,58219.0
14.637847035,58219.0
14.640471035000001,58219.0
14.643096035000001,58219.0
14.645721035000001,58148.125
14.648345035,58148.125
14.650970035,58148.125
14.653594035000001,58148.125
14.656219035000001,58148.125
14.658843035,58148.125
14.661468035,58148.125
14.664092035000001,58148.125
14.666717035000001,58148.125
14.669341035,58148.125
14.671966035,58186.75
14.674590035000001,58186.75
14.677215035000001,58186.75
14.679839035,58186.75
14.682464035,58186.75
14.685088035000001,58186.75
14.687713035000002,58186.75
14.690337035,58186.75
14.692962035,58186.75
14.695586035000002,58206.125
14.698211035000002,58206.125
14.700835035,58206.125
14.703460035,58206.125
14.706084035000002,58206.125
14.708709035,58206.125
14.711333035000001,58206.125
14.713958035000001,58206.125
14.716582035,58206.125
14.719207035,58206.125
14.721831035000001,58167.375
14.724456035000001,58167.375
14.727080035,58167.375
14.729705035,58167.375
14.732329035000001,58167.375
14.734954035000001,58167.375
14.737578035,58167.375
14.740203035,58167.375
14.742827035000001,58167.375
14.745452035000001,58167.375
14.748076035,58186.75
14.750701035,58186.75
14.753325035000001,58186.75
14.755950035000001,58186.75
14.758575035000002,58186.75
14.761199035,58186.75
14.763824035,58186.75
14.766448035000002,58186.75
14.769073035000002,58186.75
14.771697035,58186.75
14.774322035,58154.5
14.776946035000002,58154.5
14.779571035000002,58154.5
14.782195035,58154.5
14.784820035000001,58154.5
14.787444035,58154.5
14.790069035,58154.5
14.792693035000001,58154.5
14.795318035000001,58154.5
14.797942035,58135.25
14.800567035,58135.25
14.803191035000001,58135.25
14.805816035000001,58135.25
14.808440035,58135.25
14.811065035,58135.25
14.813689035000001,58135.25
14.816314035000001,58135.25
14.818938035,58135.25
14.821563035,58135.25
14.824187035000001,58180.25
14.826812035000001,58180.25
14.829436035,58180.25
14.832061035,58180.25
14.834685035000001,58180.25
14.837310035000002,58180.25
14.839934035,58180.25
14.842559035,58180.25
14.845183035000002,58180.25
14.847808035000002,58180.25
14.850432035,58180.25
14.853057035,58180.25
14.855681035000002,58180.25
14.858306035000002,58180.25
14.860930035,58180.25
14.863555035000001,58180.25
14.866179035,58180.25
14.868804035,58180.25
14.871429035,58180.25
14.874053035000001,58186.75
14.876678035000001,58186.75
14.879302035,58186.75
14.881927035,58186.75
14.884551035000001,58186.75
14.887176035000001,58186.75
14.889800035,58186.75
14.892425035,58186.75
14.895049035000001,58186.75
14.897674035000001,58186.75
14.900298035,58186.75
14.902923035,58186.75
14.905547035000001,58186.75
14.908172035000002,58186.75
14.910796035,58186.75
14.913421035,58186.75
14.916045035000002,58186.75
14.918670035000002,58186.75
14.921294035,58186.75
14.923919035,58186.75
14.926543035000002,58154.5
14.929168035000002,58154.5
14.931792035,58154.5
14.934417035000001,58154.5
14.937041035000002,58154.5
14.939666035,58154.5
14.942290035000001,58154.5
14.944915035000001,58154.5
14.947539035,58154.5
14.950164035,58180.25
14.952788035000001,58180.25
14.955413035000001,58180.25
14.958037035,58180.25
14.960662035,58180.25
14.963286035000001,58180.25
14.965911035000001,58180.25
14.968535035,58180.25
14.971160035,58180.25
14.973784035000001,58180.25
14.976409035000001,58161.0
14.979034035000002,58161.0
14.981658035,58161.0
14.984283035,58161.0
14.986907035000002,58161.0
14.989532035000002,58161.0
14.992156035,58161.0
14.994781035,58161.0
14.997405035000002,58161.0
15.000030035000002,58161.0
15.002654035,58186.75
15.005279035000001,58186.75
15.007903035000002,58186.75
15.010528035,58186.75
15.013152035000001,58186.75
15.015777035000001,58186.75
15.018401035,58186.75
15.021026035,58186.75
15.023650035000001,58186.75
15.026275035000001,58186.75
15.028899035,58154.5
15.031524035,58154.5
15.034148035000001,58154.5
15.036773035000001,58154.5
15.039397035,58154.5
15.042022035,58154.5
15.044646035000001,58154.5
15.047271035000001,58154.5
15.049895035,58154.5
15.052520035,58180.25
15.055144035000001,58180.25
15.057769035000002,58180.25
15.060393035,58180.25
15.063018035,58180.25
15.065642035000002,58180.25
15.068267035000002,58180.25
15.070891035,58180.25
15.073516035,58180.25
15.076140035000002,58180.25
15.078765035000002,58199.625
15.081389035,58199.625
15.084014035000001,58199.625
15.086638035000002,58199.625
15.089263035,58199.625
15.091888035,58199.625
15.094512035000001,58199.625
15.097137035000001,58199.625
15.099761035,58199.625
15.102386035,58199.625
15.105010035000001,58186.75
15.107635035000001,58186.75
15.110259035,58186.75
15.112884035,58186.75
15.115508035000001,58186.75
15.118133035000001,58186.75
15.120757035,58186.75
15.123382035,58186.75
15.126006035000001,58186.75
15.128631035000002,58206.125
15.131255035,58206.125
15.133880035,58206.125
15.136504035000002,58206.125
15.139129035000002,58206.125
15.141753035,58206.125
15.144378035,58206.125
15.147002035000002,58206.125
15.149627035000002,58206.125
15.152251035,58206.125
15.154876035000001,58206.125
15.157500035000002,58206.125
15.160125035,58206.125
15.162749035000001,58206.125
15.165374035000001,58206.125
15.167998035,58206.125
15.170623035,58206.125
15.173247035000001,58206.125
15.175872035000001,58206.125
15.178496035,58135.25
15.181121035,58135.25
15.183745035000001,58135.25
15.186370035000001,58135.25
15.188994035,58135.25
15.191619035,58135.25
15.194243035000001,58135.25
15.196868035000001,58135.25
15.199492035,58135.25
15.202117035,58135.25
15.204742035,58154.5
15.207366035000002,58154.5
15.209991035000002,58154.5
15.212615035,58154.5
15.215240035,58154.5
15.217864035000002,58154.5
15.220489035000002,58154.5
15.223113035,58154.5
15.225738035000001,58154.5
15.228362035000002,58154.5
15.230987035,58186.75
15.233611035000001,58186.75
15.236236035000001,58186.75
15.238860035,58186.75
15.241485035,58186.75
15.244109035000001,58186.75
15.246734035000001,58186.75
15.249358035,58186.75
15.251983035,58186.75
15.254607035000001,58186.75
15.257232035000001,58173.875
15.259856035,58173.875
15.262481035,58173.875
15.265105035000001,58173.875
15.267730035000001,58173.875
15.270354035,58173.875
15.272979035,58173.875
15.275603035000001,58173.875
15.278228035000001,58173.875
15.280852035,58173.875
15.283477035,58122.25
15.286101035000002,58122.25
15.288726035000002,58122.25
15.291350035,58122.25
15.293975035,58122.25
15.296599035000002,58122.25
15.299224035000002,58122.25
15.301848035,58122.25
15.304473035000001,58122.25
15.307097035000002,58109.375
15.309722035000002,58109.375
15.312346035000001,58109.375
15.314971035000001,58109.375
15.317596035000001,58109.375
15.320220035,58109.375
15.322845035,58109.375
15.325469035000001,58109.375
15.328094035000001,58109.375
15.330718035,58109.375
15.333343035,58128.75
15.335967035000001,58128.75
15.338592035000001,58128.75
15.341216035,58128.75
15.343841035,58128.75
15.346465035000001,58128.75
15.349090035000001,58128.75
15.351714035,58128.75
15.354339035,58128.75
15.356963035000001,58141.625
15.359588035000002,58141.625
15.362212035,58141.625
15.364837035,58141.625
15.367461035000002,58141.625
15.370086035000002,58141.625
15.372710035,58141.625
15.375335035,58141.625
15.377959035000002,58141.625
15.380584035000002,58141.625
15.383208035000001,58167.375
15.385833035000001,58167.375
15.388457035000002,58167.375
15.391082035,58167.375
15.393706035000001,58167.375
15.396331035000001,58167.375
15.398955035,58167.375
15.401580035,58167.375
15.404204035000001,58167.375
15.406829035000001,58167.375
15.409453035,58161.0
15.412078035,58161.0
15.414702035000001,58161.0
15.417327035000001,58161.0
15.419951035,58161.0
15.422576035,58161.0
15.425200035000001,58161.0
15.427825035000001,58161.0
15.430450035000002,58161.0
15.433074035,58161.0
15.435699035,58173.875
15.438323035000002,58173.875
15.440948035000002,58173.875
15.443572035,58173.875
15.446197035,58173.875
15.448821035000002,58173.875
15.451446035000002,58173.875
15.454070035,58173.875
15.456695035000001,58173.875
15.459319035000002,58167.375
15.461944035,58167.375
15.464568035000001,58167.375
15.467193035000001,58167.375
15.469817035,58167.375
15.472442035,58167.375
15.475066035000001,58167.375
15.477691035000001,58167.375
15.480315035,58167.375
15.482940035,58167.375
15.485564035000001,58173.875
15.488189035000001,58173.875
15.490813035,58173.875
15.493438035,58173.875
15.496062035000001,58173.875
15.498687035000001,58173.875
15.501311035,58173.875
15.503936035,58173.875
15.506560035000001,58173.875
15.509185035000002,58173.875
15.511809035,58186.75
15.514434035,58186.75
15.517058035000002,58186.75
15.519683035000002,58186.75
15.522307035,58186.75
15.524932035,58186.75
15.527556035000002,58186.75
15.530181035000002,58186.75
15.532805035,58186.75
15.535430035000001,58154.5
15.538054035000002,58154.5
15.540679035,58154.5
15.543304035,58154.5
15.545928035000001,58154.5
15.548553035000001,58154.5
15.551177035,58154.5
15.553802035,58154.5
15.556426035000001,58154.5
15.559051035000001,58154.5
15.561675035,58122.25
15.564300035,58122.25
15.566924035000001,58122.25
15.569549035000001,58122.25
15.572173035,58122.25
15.574798035,58122.25
15.577422035000001,58122.25
15.580047035000002,58122.25
15.582671035,58122.25
15.585296035,58122.25
15.587920035000002,58161.0
15.590545035000002,58161.0
15.593169035,58161.0
15.595794035,58161.0
15.598418035000002,58161.0
15.601043035000002,58161.0
15.603667035,58161.0
15.606292035000001,58161.0
15.608916035000002,58161.0
15.611541035,58161.0
15.614165035000001,58122.25
15.616790035000001,58122.25
15.619414035,58122.25
15.622039035,58122.25
15.624663035000001,58122.25
15.627288035000001,58122.25
15.629912035,58122.25
15.632537035,58122.25
15.635161035000001,58122.25
15.637786035000001,58141.625
15.640410035,58141.625
15.643035035,58141.625
15.645659035000001,58141.625
15.648284035000001,58141.625
15.650909035000002,58141.625
15.653533035,58141.625
15.656158035,58141.625
15.658782035000002,58141.625
15.661407035000002,58141.625
15.664031035,58173.875
15.666656035,58173.875
15.669280035000002,58173.875
15.671905035000002,58173.875
15.674529035,58173.875
15.677154035000001,58173.875
15.679778035000002,58173.875
15.682403035,58173.875
15.685027035000001,58173.875
15.687652035000001,58173.875
15.690276035,58161.0
15.692901035,58161.0
15.695525035000001,58161.0
15.698150035000001,58161.0
15.700774035,58161.0
15.703399035,58161.0
15.706023035000001,58161.0
15.708648035000001,58161.0
15.711272035,58161.0
15.713897035,58141.625
15.716521035000001,58141.625
15.719146035000001,58141.625
15.721770035,58141.625
15.724395035,58141.625
15.727019035000001,58141.625
15.729644035000002,58141.625
15.732268035,58141.625
15.734893035,58141.625
15.737517035000002,58141.625
15.740142035000002,58154.5
15.742766035,58154.5
15.745391035,58154.5
15.748015035000002,58154.5
15.750640035000002,58154.5
15.753264035,58154.5
15.755889035000001,58154.5
15.758513035000002,58154.5
15.761138035,58154.5
15.763763035,58154.5
15.766387035000001,58173.875
15.769012035000001,58173.875
15.771636035,58173.875
15.774261035,58173.875
15.776885035000001,58173.875
15.779510035000001,58173.875
15.782134035,58173.875
15.784759035,58173.875
15.787383035000001,58173.875
15.790008035000001,58173.875
15.792632035,58173.875
15.795257035,58173.875
15.797881035000001,58173.875
15.800506035000002,58173.875
15.803130035,58173.875
15.805755035,58173.875
15.808379035000002,58173.875
15.811004035000002,58173.875
15.813628035,58173.875
15.816253035,58141.625
15.818877035000002,58141.625
15.821502035000002,58141.625
15.824126035,58141.625
15.826751035000001,58141.625
15.829375035000002,58141.625
15.832000035000002,58141.625
15.834624035000001,58141.625
15.837249035000001,58141.625
15.839873035,58161.0
15.842498035,58161.0
15.845122035000001,58161.0
15.847747035000001,58161.0
15.850371035,58161.0
15.852996035,58161.0
15.855620035000001,58161.0
15.858245035000001,58161.0
15.860869035,58161.0
15.863494035,58161.0
15.866118035000001,58161.0
15.868743035000001,58180.25
15.871367035,58180.25
15.873992035,58180.25
15.876617035,58180.25
15.879241035000002,58180.25
15.881866035000002,58180.25
15.884490035,58180.25
15.887115035,58180.25
15.889739035000002,58180.25
15.892364035000002,58173.875
15.894988035,58173.875
15.897613035000001,58173.875
15.900237035000002,58173.875
15.902862035000002,58173.875
15.905486035000001,58173.875
15.908111035000001,58173.875
15.910735035000002,58173.875
15.913360035,58173.875
15.915984035000001,58173.875
15.918609035000001,58186.75
15.921233035,58186.75
15.923858035,58186.75
15.926482035000001,58186.75
15.929107035000001,58186.75
15.931731035,58186.75
15.934356035,58186.75
15.936980035000001,58186.75
15.939605035000001,58186.75
15.942229035,58186.75
15.944854035,58180.25
15.947478035000001,58180.25
15.950103035000001,58180.25
15.952727035,58180.25
15.955352035,58180.25
15.957976035000002,58180.25
15.960601035000002,58180.25
15.963225035,58180.25
15.965850035,58180.25
15.968474035000002,58154.5
15.971099035000002,58154.5
15.973723035,58154.5
15.976348035000001,58154.5
15.978972035000002,58154.5
15.981597035000002,58154.5
15.984221035000001,58154.5
15.986846035000001,58154.5
15.989471035000001,58154.5
15.992095035,58154.5
15.994720035,58154.5
15.997344035000001,58154.5
15.999969035000001,58154.5
16.002593035,58154.5
16.005218035000002,58154.5
16.007842035,58154.5
16.010467035,58154.5
16.013091035000002,58154.5
16.015716035,58154.5
16.018340035,58180.25
16.020965035,58180.25
16.023589035,58180.25
16.026214035000002,58180.25
16.028838035,58180.25
16.031463035,58180.25
16.034087035000002,58180.25
16.036712035,58180.25
16.039336035,58180.25
16.041961035,58180.25
16.044585035,58161.0
16.047210035000003,58161.0
16.049834035,58161.0
16.052459035000002,58161.0
16.055083035000003,58161.0
16.057708035,58161.0
16.060332035000002,58161.0
16.062957035,58161.0
16.065581035,58161.0
16.068206035,58161.0
16.070830035,58167.375
16.073455035000002,58167.375
16.076079035,58167.375
16.078704035,58167.375
16.081328035000002,58167.375
16.083953035,58167.375
16.086577035,58167.375
16.089202035,58167.375
16.091826035,58167.375
16.094451035000002,58167.375
16.097075035,58186.75
16.099700035,58186.75
16.102325035,58186.75
16.104949035,58186.75
16.107574035000003,58186.75
16.110198035,58186.75
16.112823035,58186.75
16.115447035000003,58186.75
16.118072035,58186.75
16.120696035,58167.375
16.123321035,58167.375
16.125945035,58167.375
16.128570035000003,58167.375
16.131194035,58167.375
16.133819035000002,58167.375
16.136443035000003,58167.375
16.139068035,58167.375
16.141692035000002,58167.375
16.144317035,58167.375
16.146941035,58135.25
16.149566035,58135.25
16.152190035,58135.25
16.154815035000002,58135.25
16.157439035,58135.25
16.160064035,58135.25
16.162688035000002,58135.25
16.165313035,58135.25
16.167937035,58135.25
16.170562035,58135.25
16.173186035,58141.625
16.175811035000002,58141.625
16.178435035,58141.625
16.181060035,58141.625
16.183684035000002,58141.625
16.186309035,58141.625
16.188933035,58141.625
16.191558035,58141.625
16.194182035,58141.625
16.196807035000003,58173.875
16.199431035,58173.875
16.202056035000002,58173.875
16.204680035000003,58173.875
16.207305035,58173.875
16.209929035000002,58173.875
16.212554035,58173.875
16.215179035000002,58173.875
16.217803035,58173.875
16.220428035,58173.875
16.223052035000002,58161.0
16.225677035,58161.0
16.228301035,58161.0
16.230926035,58161.0
16.233550035,58161.0
16.236175035000002,58161.0
16.238799035,58161.0
16.241424035,58161.0
16.244048035000002,58161.0
16.246673035,58161.0
16.249297035,58173.875
16.251922035,58173.875
16.254546035,58173.875
16.257171035000002,58173.875
16.259795035,58173.875
16.262420035,58173.875
16.265044035000003,58173.875
16.267669035,58173.875
16.270293035,58173.875
16.272918035,58173.875
16.275542035,58148.125
16.278167035000003,58148.125
16.280791035,58148.125
16.283416035000002,58148.125
16.286040035000003,58148.125
16.288665035,58148.125
16.291289035000002,58148.125
16.293914035,58148.125
16.296538035,58148.125
16.299163035,58141.625
16.301787035,58141.625
16.304412035000002,58141.625
16.307036035,58141.625
16.309661035,58141.625
16.312285035000002,58141.625
16.314910035,58141.625
16.317534035,58141.625
16.320159035,58141.625
16.322784035,58141.625
16.325408035000002,58103.0
16.328033035,58103.0
16.330657035,58103.0
16.333282035,58103.0
16.335906035,58103.0
16.338531035000003,58103.0
16.341155035,58103.0
16.343780035,58103.0
16.346404035000003,58103.0
16.349029035,58103.0
16.351653035000002,58045.0
16.354278035,58045.0
16.356902035,58045.0
16.359527035,58045.0
16.362151035,58045.0
16.364776035000002,58045.0
16.367400035,58045.0
16.370025035,58045.0
16.372649035000002,58045.0
16.375274035,58070.75
16.377898035,58070.75
16.380523035,58070.75
16.383147035,58070.75
16.385772035000002,58070.75
16.388396035,58070.75
16.391021035,58070.75
16.393645035000002,58070.75
16.396270035,58070.75
16.398894035,58070.75
16.401519035,58070.75
16.404143035,58070.75
16.406768035000002,58070.75
16.409392035,58070.75
16.412017035,58070.75
16.414641035000002,58070.75
16.417266035,58070.75
16.419890035,58070.75
16.422515035,58070.75
16.425139035,58070.75
16.427764035000003,58057.875
16.430388035,58057.875
16.433013035000002,58057.875
16.435638035,58057.875
16.438262035,58057.875
16.440887035,58057.875
16.443511035,58057.875
16.446136035000002,58057.875
16.448760035,58057.875
16.451385035,58057.875
16.454009035000002,58070.75
16.456634035,58070.75
16.459258035,58070.75
16.461883035,58070.75
16.464507035,58070.75
16.467132035000002,58070.75
16.469756035,58070.75
16.472381035,58070.75
16.475005035000002,58070.75
16.477630035,58109.375
16.480254035,58109.375
16.482879035,58109.375
16.485503035,58109.375
16.488128035000003,58109.375
16.490752035,58109.375
16.493377035,58109.375
16.496001035000003,58109.375
16.498626035,58109.375
16.501250035,58109.375
16.503875035,58103.0
16.506499035,58103.0
16.509124035,58103.0
16.511748035,58103.0
16.514373035000002,58103.0
16.516997035,58103.0
16.519622035,58103.0
16.522246035000002,58103.0
16.524871035,58103.0
16.527495035,58103.0
16.530120035,58103.0
16.532744035,58103.0
16.535369035000002,58103.0
16.537993035,58103.0
16.540618035,58103.0
16.543242035000002,58103.0
16.545867035,58103.0
16.548492035000002,58103.0
16.551116035,58103.0
16.553741035,58128.75
16.556365035000002,58128.75
16.558990035,58128.75
16.561614035,58128.75
16.564239035,58128.75
16.566863035,58128.75
16.569488035000003,58128.75
16.572112035,58128.75
16.574737035000002,58128.75
16.577361035000003,58128.75
16.579986035,58135.25
16.582610035000002,58135.25
16.585235035,58135.25
16.587859035,58135.25
16.590484035,58135.25
16.593108035,58135.25
16.595733035000002,58135.25
16.598357035,58135.25
16.600982035,58135.25
16.603606035000002,58135.25
16.606231035,58109.375
16.608855035,58109.375
16.611480035,58109.375
16.614104035,58109.375
16.616729035000002,58109.375
16.619353035,58109.375
16.621978035,58109.375
16.624602035000002,58109.375
16.627227035,58109.375
16.629851035,58090.125
16.632476035,58090.125
16.635100035,58090.125
16.637725035000003,58090.125
16.640349035,58090.125
16.642974035,58090.125
16.645598035000003,58090.125
16.648223035,58090.125
16.650847035,58090.125
16.653472035,58090.125
16.656096035,58115.875
16.658721035000003,58115.875
16.661346035,58115.875
16.663970035000002,58115.875
16.666595035,58115.875
16.669219035,58115.875
16.671844035,58115.875
16.674468035,58115.875
16.677093035000002,58115.875
16.679717035,58077.25
16.682342035,58077.25
16.684966035000002,58077.25
16.687591035,58077.25
16.690215035,58077.25
16.692840035,58077.25
16.695464035,58077.25
16.698089035000002,58077.25
16.700713035,58077.25
16.703338035,58077.25
16.705962035000002,58077.25
16.708587035,58070.75
16.711211035,58070.75
16.713836035,58070.75
16.716460035,58070.75
16.719085035000003,58070.75
16.721709035,58070.75
16.724334035000002,58070.75
16.726958035000003,58070.75
16.729583035,58070.75
16.732207035000002,58012.75
16.734832035,58012.75
16.737456035,58012.75
16.740081035,58012.75
16.742705035,58012.75
16.745330035000002,58012.75
16.747954035,58012.75
16.750579035,58012.75
16.753203035000002,58012.75
16.755828035,58012.75
16.758452035,57961.25
16.761077035,57961.25
16.763701035,57961.25
16.766326035000002,57961.25
16.768950035,57961.25
16.771575035,57961.25
16.774200035,57961.25
16.776824035,57961.25
16.779449035000003,57961.25
16.782073035,57961.25
16.784698035,57993.5
16.787322035000003,57993.5
16.789947035,57993.5
16.792571035,57993.5
16.795196035,57993.5
16.797820035,57993.5
16.800445035000003,57993.5
16.803069035,57993.5
16.805694035000002,57993.5
16.808318035000003,58012.75
16.810943035,58012.75
16.813567035000002,58012.75
16.816192035,58012.75
16.818816035,58012.75
16.821441035,58012.75
16.824065035,58012.75
16.826690035000002,58012.75
16.829314035,58012.75
16.831939035,58012.75
16.834563035000002,57993.5
16.837188035,57993.5
16.839812035,57993.5
16.842437035,57993.5
16.845061035,57993.5
16.847686035000002,57993.5
16.850310035,57993.5
16.852935035,57993.5
16.855559035000002,57993.5
16.858184035,57941.875
16.860808035,57941.875
16.863433035,57941.875
16.866057035,57941.875
16.868682035000003,57941.875
16.871306035,57941.875
16.873931035000002,57941.875
16.876555035000003,57941.875
16.879180035,57941.875
16.881804035000002,57941.875
16.884429035,57980.5
16.887054035000002,57980.5
16.889678035,57980.5
16.892303035,57980.5
16.894927035000002,57980.5
16.897552035,57980.5
16.900176035,57980.5
16.902801035,57980.5
16.905425035,57980.5
16.908050035000002,57980.5
16.910674035,57993.5
16.913299035,57993.5
16.915923035000002,57993.5
16.918548035,57993.5
16.921172035,57993.5
16.923797035,57993.5
16.926421035,57993.5
16.929046035000002,57993.5
16.931670035,57993.5
16.934295035,57993.5
16.936919035000003,57987.0
16.939544035,57987.0
16.942168035,57987.0
16.944793035,57987.0
16.947417035,57987.0
16.950042035000003,57987.0
16.952666035,57987.0
16.955291035000002,57987.0
16.957915035000003,57987.0
16.960540035,57948.375
16.963164035000002,57948.375
16.965789035,57948.375
16.968413035,57948.375
16.971038035,57948.375
16.973662035,57948.375
16.976287035000002,57948.375
16.978911035,57948.375
16.981536035,57948.375
16.984160035000002,57948.375
16.986785035,57838.75
16.989409035,57838.75
16.992034035,57838.75
16.994659035,57838.75
16.997283035000002,57838.75
16.999908035,57838.75
17.002532035,57838.75
17.005157035,57838.75
17.007781035,57838.75
17.010406035000003,57838.75
17.013030035,57703.5
17.015655035,57703.5
17.018279035000003,57703.5
17.020904035,57703.5
17.023528035000002,57703.5
17.026153035,57703.5
17.028777035,57703.5
17.031402035000003,57703.5
17.034026035,57703.5
17.036651035000002,57677.75
17.039275035,57677.75
17.041900035,57677.75
17.044524035000002,57677.75
17.047149035,57677.75
17.049773035,57677.75
17.052398035,57677.75
17.055022035,57677.75
17.057647035000002,57677.75
17.060271035,57677.75
17.062896035,57555.375
17.065520035000002,57555.375
17.068145035,57555.375
17.070769035,57555.375
17.073394035,57555.375
17.076018035,57555.375
17.078643035000002,57555.375
17.081267035,57555.375
17.083892035,57555.375
17.086516035000002,57555.375
17.089141035,57548.875
17.091765035,57548.875
17.094390035,57548.875
17.097014035,57548.875
17.099639035000003,57548.875
17.102263035,57548.875
17.104888035000002,57548.875
17.107513035,57548.875
17.110137035,57548.875
17.112762035,57548.875
17.115386035,57613.25
17.118011035000002,57613.25
17.120635035,57613.25
17.123260035,57613.25
17.125884035000002,57613.25
17.128509035,57613.25
17.131133035,57613.25
17.133758035,57613.25
17.136382035,57613.25
17.139007035000002,57729.25
17.141631035,57729.25
17.144256035,57729.25
17.146880035000002,57729.25
17.149505035,57729.25
17.152129035,57729.25
17.154754035,57729.25
17.157378035,57729.25
17.160003035000003,57729.25
17.162627035,57729.25
17.165252035,57845.25
17.167876035000003,57845.25
17.170501035,57845.25
17.173125035,57845.25
17.175750035,57845.25
17.178374035,57845.25
17.180999035000003,57845.25
17.183623035,57845.25
17.186248035000002,57845.25
17.188872035000003,57845.25
17.191497035,57896.75
17.194121035000002,57896.75
17.196746035,57896.75
17.199370035,57896.75
17.201995035,57896.75
17.204619035,57896.75
17.207244035000002,57896.75
17.209868035,57896.75
17.212493035,57896.75
17.215117035000002,57851.75
17.217742035,57851.75
17.220367035000002,57851.75
17.222991035,57851.75
17.225616035,57851.75
17.228240035000002,57851.75
17.230865035,57851.75
17.233489035,57851.75
17.236114035,57851.75
17.238738035,57851.75
17.241363035000003,57838.75
17.243987035,57838.75
17.246612035000002,57838.75
17.249236035000003,57838.75
17.251861035,57838.75
17.254485035000002,57838.75
17.257110035,57838.75
17.259734035,57838.75
17.262359035,57838.75
17.264983035,57838.75
17.267608035000002,57832.375
17.270232035,57832.375
17.272857035,57832.375
17.275481035000002,57832.375
17.278106035,57832.375
17.280730035,57832.375
17.283355035,57832.375
17.285979035,57832.375
17.288604035000002,57832.375
17.291228035,57832.375
17.293853035,57793.75
17.296477035000002,57793.75
17.299102035,57793.75
17.301726035,57793.75
17.304351035,57793.75
17.306975035,57793.75
17.309600035000003,57793.75
17.312224035,57793.75
17.314849035,57793.75
17.317473035000003,57800.125
17.320098035,57800.125
17.322722035,57800.125
17.325347035,57800.125
17.327971035,57800.125
17.330596035000003,57800.125
17.333221035,57800.125
17.335845035000002,57800.125
17.338470035,57800.125
17.341094035,57800.125
17.343719035,57864.625
17.346343035,57864.625
17.348968035000002,57864.625
17.351592035,57864.625
17.354217035,57864.625
17.356841035000002,57864.625
17.359466035,57864.625
17.362090035,57864.625
17.364715035,57864.625
17.367339035,57864.625
17.369964035000002,57961.25
17.372588035,57961.25
17.375213035,57961.25
17.377837035000002,57961.25
17.380462035,57961.25
17.383086035,57961.25
17.385711035,57961.25
17.388335035,57961.25
17.390960035000003,57961.25
17.393584035,57980.5
17.396209035000002,57980.5
17.398833035000003,57980.5
17.401458035,57980.5
17.404082035000002,57980.5
17.406707035,57980.5
17.409331035,57980.5
17.411956035,57980.5
17.414580035,57980.5
17.417205035000002,57980.5
17.419829035,58051.375
17.422454035,58051.375
17.425078035000002,58051.375
17.427703035,58051.375
17.430327035,58051.375
17.432952035,58051.375
17.435576035,58051.375
17.438201035000002,58051.375
17.440825035,58051.375
17.443450035,58051.375
17.446075035,58109.375
17.448699035,58109.375
17.451324035000003,58109.375
17.453948035,58109.375
17.456573035,58109.375
17.459197035000003,58109.375
17.461822035,58109.375
17.464446035,58109.375
17.467071035,58109.375
17.469695035,58122.25
17.472320035000003,58122.25
17.474944035,58122.25
17.477569035000002,58122.25
17.480193035000003,58122.25
17.482818035,58122.25
17.485442035000002,58122.25
17.488067035,58122.25
17.490691035,58122.25
17.493316035,58122.25
17.495940035,58154.5
17.498565035000002,58154.5
17.501189035,58154.5
17.503814035,58154.5
17.506438035000002,58154.5
17.509063035,58154.5
17.511687035,58154.5
17.514312035,58154.5
17.516936035,58154.5
17.519561035000002,58161.0
17.522185035,58161.0
17.524810035,58161.0
17.527434035000002,58161.0
17.530059035,58161.0
17.532683035,58161.0
17.535308035,58161.0
17.537932035,58161.0
17.540557035000003,58161.0
17.543181035,58161.0
17.545806035000002,58122.25
17.548430035000003,58122.25
17.551055035,58122.25
17.553679035000002,58122.25
17.556304035,58122.25
17.558929035000002,58122.25
17.561553035000003,58122.25
17.564178035,58122.25
17.566802035000002,58122.25
17.569427035,58122.25
17.572051035,58083.625
17.574676035,58083.625
17.577300035,58083.625
17.579925035000002,58083.625
17.582549035,58083.625
17.585174035,58083.625
17.587798035000002,58083.625
17.590423035,58083.625
17.593047035,58083.625
17.595672035,58083.625
17.598296035,58103.0
17.600921035000002,58103.0
17.603545035,58103.0
17.606170035,58103.0
17.608794035000003,58103.0
17.611419035,58103.0
17.614043035,58103.0
17.616668035,58103.0
17.619292035,58103.0
17.621917035000003,58103.0
17.624541035,58128.75
17.627166035000002,58128.75
17.629790035000003,58128.75
17.632415035,58128.75
17.635039035000002,58128.75
17.637664035,58128.75
17.640288035,58128.75
17.642913035,58128.75
17.645537035,58128.75
17.648162035000002,58128.75
17.650786035,58128.75
17.653411035,58128.75
17.656035035000002,58128.75
17.658660035,58128.75
17.661284035,58128.75
17.663909035,58128.75
17.666534035,58128.75
17.669158035000002,58128.75
17.671783035,58128.75
17.674407035,58103.0
17.677032035,58103.0
17.679656035,58103.0
17.682281035000003,58103.0
17.684905035,58103.0
17.687530035,58103.0
17.690154035000003,58103.0
17.692779035,58103.0
17.695403035000002,58103.0
17.698028035,58128.75
17.700652035,58128.75
17.703277035000003,58128.75
17.705901035,58128.75
17.708526035000002,58128.75
17.711150035000003,58128.75
17.713775035,58128.75
17.716399035000002,58128.75
17.719024035,58128.75
17.721648035,58128.75
17.724273035,58148.125
17.726897035,58148.125
17.729522035000002,58148.125
17.732146035,58148.125
17.734771035,58148.125
17.737395035000002,58148.125
17.740020035,58148.125
17.742644035,58148.125
17.745269035,58148.125
17.747893035,58148.125
17.750518035000002,58161.0
17.753142035,58161.0
17.755767035,58161.0
17.758391035000002,58161.0
17.761016035,58161.0
17.763640035,58161.0
17.766265035,58161.0
17.768889035,58161.0
17.771514035000003,58161.0
17.774138035,58161.0
17.776763035000002,58199.625
17.779388035,58199.625
17.782012035,58199.625
17.784637035,58199.625
17.787261035,58199.625
17.789886035000002,58199.625
17.792510035,58199.625
17.795135035,58199.625
17.797759035000002,58199.625
17.800384035,58180.25
17.803008035,58180.25
17.805633035,58180.25
17.808257035,58180.25
17.810882035000002,58180.25
17.813506035,58180.25
17.816131035,58180.25
17.818755035000002,58180.25
17.821380035,58180.25
17.824004035,58180.25
17.826629035,58180.25
17.829253035,58180.25
17.831878035000003,58180.25
17.834502035,58180.25
17.837127035,58180.25
17.839751035000003,58180.25
17.842376035,58180.25
17.845000035,58180.25
17.847625035,58180.25
17.850249035,58180.25
17.852874035000003,58154.5
17.855498035,58154.5
17.858123035000002,58154.5
17.860747035000003,58154.5
17.863372035,58154.5
17.865996035000002,58154.5
17.868621035,58154.5
17.871245035,58154.5
17.873870035,58154.5
17.876494035,58154.5
17.879119035000002,58154.5
17.881743035,58154.5
17.884368035,58154.5
17.886992035000002,58154.5
17.889617035,58154.5
17.892242035000002,58154.5
17.894866035,58154.5
17.897491035,58154.5
17.900115035000002,58154.5
17.902740035,58141.625
17.905364035,58141.625
17.907989035,58141.625
17.910613035,58141.625
17.913238035000003,58141.625
17.915862035,58141.625
17.918487035000002,58141.625
17.921111035000003,58141.625
17.923736035,58141.625
17.926360035000002,58141.625
17.928985035,58167.375
17.931609035,58167.375
17.934234035,58167.375
17.936858035,58167.375
17.939483035000002,58167.375
17.942107035,58167.375
17.944732035,58167.375
17.947356035000002,58167.375
17.949981035,58167.375
17.952605035,58167.375
17.955230035,58180.25
17.957854035,58180.25
17.960479035000002,58180.25
17.963103035,58180.25
17.965728035,58180.25
17.968352035000002,58180.25
17.970977035,58180.25
17.973601035,58180.25
17.976226035,58180.25
17.978850035,58148.125
17.981475035000003,58148.125
17.984099035,58148.125
17.986724035,58148.125
17.989348035000003,58148.125
17.991973035,58148.125
17.994597035,58148.125
17.997222035,58148.125
17.999846035,58148.125
18.002471035000003,58148.125
18.005096035,58148.125
18.007720035000002,58148.125
18.010345035,58148.125
18.012969035,58148.125
18.015594035,58148.125
18.018218035,58148.125
18.020843035000002,58148.125
18.023467035,58148.125
18.026092035,58148.125
18.028716035000002,58148.125
18.031341035,58148.125
18.033965035,58148.125
18.036590035,58148.125
18.039214035,58148.125
18.041839035000002,58148.125
18.044463035,58148.125
18.047088035,58148.125
18.049712035000002,58148.125
18.052337035,58148.125
18.054961035,58148.125
18.057586035,58148.125
18.060210035,58148.125
18.062835035000003,58148.125
18.065459035,58148.125
18.068084035000002,58148.125
18.070708035000003,58148.125
18.073333035,58148.125
18.075957035000002,58148.125
18.078582035,58148.125
18.081206035,58154.5
18.083831035000003,58154.5
18.086455035,58154.5
18.089080035000002,58154.5
18.091704035,58154.5
18.094329035,58154.5
18.096953035000002,58154.5
18.099578035,58154.5
18.102202035,58154.5
18.104827035,58154.5
18.107451035,58173.875
18.110076035000002,58173.875
18.112700035,58173.875
18.115325035,58173.875
18.117950035,58173.875
18.120574035,58173.875
18.123199035000003,58173.875
18.125823035,58173.875
18.128448035,58173.875
18.131072035000003,58173.875
18.133697035,58161.0
18.136321035,58161.0
18.138946035,58161.0
18.141570035,58161.0
18.144195035000003,58161.0
18.146819035,58161.0
18.149444035000002,58161.0
18.152068035000003,58161.0
18.154693035,58161.0
18.157317035000002,58154.5
18.159942035,58154.5
18.162566035,58154.5
18.165191035,58154.5
18.167815035,58154.5
18.170440035000002,58154.5
18.173064035,58154.5
18.175689035,58154.5
18.178313035000002,58154.5
18.180938035,58154.5
18.183562035,58154.5
18.186187035,58154.5
18.188811035,58154.5
18.191436035000002,58154.5
18.194060035,58154.5
18.196685035,58154.5
18.199309035000002,58154.5
18.201934035,58154.5
18.204558035,58154.5
18.207183035,58154.5
18.209807035,58167.375
18.212432035000003,58167.375
18.215056035,58167.375
18.217681035000002,58167.375
18.220305035000003,58167.375
18.222930035,58167.375
18.225554035000002,58167.375
18.228179035,58167.375
18.230804035000002,58167.375
18.233428035000003,58122.25
18.236053035,58122.25
18.238677035000002,58122.25
18.241302035,58122.25
18.243926035,58122.25
18.246551035,58122.25
18.249175035,58122.25
18.251800035000002,58122.25
18.254424035,58122.25
18.257049035,58122.25
18.259673035000002,58141.625
18.262298035,58141.625
18.264922035,58141.625
18.267547035,58141.625
18.270171035,58141.625
18.272796035000002,58141.625
18.275420035,58141.625
18.278045035,58141.625
18.280669035000003,58141.625
18.283294035,58141.625
18.285918035,58161.0
18.288543035,58161.0
18.291167035,58161.0
18.293792035000003,58161.0
18.296416035,58161.0
18.299041035000002,58161.0
18.301665035000003,58161.0
18.304290035,58161.0
18.306914035000002,58161.0
18.309539035,58128.75
18.312163035,58128.75
18.314788035,58128.75
18.317412035,58128.75
18.320037035000002,58128.75
18.322661035,58128.75
18.325286035,58128.75
18.327910035000002,58128.75
18.330535035,58128.75
18.333159035,58128.75
18.335784035,58083.625
18.338409035,58083.625
18.341033035000002,58083.625
18.343658035,58083.625
18.346282035,58083.625
18.348907035,58083.625
18.351531035,58083.625
18.354156035000003,58083.625
18.356780035,58083.625
18.359405035,58045.0
18.362029035000003,58045.0
18.364654035,58045.0
18.367278035000002,58045.0
18.369903035,58045.0
18.372527035,58045.0
18.375152035000003,58045.0
18.377776035,58045.0
18.380401035000002,58045.0
18.383025035000003,58045.0
18.385650035,57980.5
18.388274035000002,57980.5
18.390899035,57980.5
18.393523035,57980.5
18.396148035,57980.5
18.398772035,57980.5
18.401397035000002,57980.5
18.404021035,57980.5
18.406646035,57980.5
18.409270035000002,57980.5
18.411895035,57929.0
18.414519035,57929.0
18.417144035,57929.0
18.419768035,57929.0
18.422393035000002,57929.0
18.425017035,57929.0
18.427642035,57929.0
18.430266035000002,57929.0
18.432891035,57929.0
18.435515035,57929.0
18.438140035,57935.5
18.440764035,57935.5
18.443389035000003,57935.5
18.446013035,57935.5
18.448638035000002,57935.5
18.451263035,57935.5
18.453887035,57935.5
18.456512035000003,57935.5
18.459136035,57935.5
18.461761035000002,57935.5
18.464385035,57929.0
18.467010035,57929.0
18.469634035000002,57929.0
18.472259035,57929.0
18.474883035,57929.0
18.477508035,57929.0
18.480132035,57929.0
18.482757035000002,57929.0
18.485381035,57929.0
18.488006035,57845.25
18.490630035000002,57845.25
18.493255035,57845.25
18.495879035,57845.25
18.498504035,57845.25
18.501128035,57845.25
18.503753035000003,57845.25
18.506377035,57845.25
18.509002035,57845.25
18.511626035000003,57845.25
18.514251035,57864.625
18.516875035,57864.625
18.519500035,57864.625
18.522124035,57864.625
18.524749035000003,57864.625
18.527373035,57864.625
18.529998035000002,57864.625
18.532622035000003,57864.625
18.535247035,57864.625
18.537871035000002,57941.875
18.540496035,57941.875
18.543120035,57941.875
18.545745035,57941.875
18.548369035,57941.875
18.550994035000002,57941.875
18.553618035,57941.875
18.556243035,57941.875
18.558867035000002,57941.875
18.561492035,57941.875
18.564117035000002,58025.625
18.566741035,58025.625
18.569366035,58025.625
18.571990035000002,58025.625
18.574615035,58025.625
18.577239035,58025.625
18.579864035,58025.625
18.582488035,58025.625
18.585113035000003,58025.625
18.587737035,58025.625
18.590362035000002,57967.625
18.592986035000003,57967.625
18.595611035,57967.625
18.598235035000002,57967.625
18.600860035,57967.625
18.603484035,57967.625
18.606109035000003,57967.625
18.608733035,57967.625
18.611358035000002,57967.625
18.613982035000003,57967.625
18.616607035,57954.75
18.619231035000002,57954.75
18.621856035,57954.75
18.624480035,57954.75
18.627105035,57954.75
18.629729035,57954.75
18.632354035000002,57954.75
18.634978035,57954.75
18.637603035,57954.75
18.640227035000002,57916.125
18.642852035,57916.125
18.645476035,57916.125
18.648101035,57916.125
18.650725035,57916.125
18.653350035000003,57916.125
18.655974035,57916.125
18.658599035,57916.125
18.661223035000003,57916.125
18.663848035,57916.125
18.666472035,57922.625
18.669097035,57922.625
18.671721035,57922.625
18.674346035000003,57922.625
18.676971035,57922.625
18.679595035000002,57922.625
18.682220035,57922.625
18.684844035,57922.625
18.687469035,57922.625
18.690093035,57922.625
18.692718035000002,57890.375
18.695342035,57890.375
18.697967035,57890.375
18.700591035000002,57890.375
18.703216035,57890.375
18.705840035,57890.375
18.708465035,57890.375
18.711089035,57890.375
18.713714035000002,57890.375
18.716338035,57948.375
18.718963035,57948.375
18.721587035000002,57948.375
18.724212035,57948.375
18.726836035,57948.375
18.729461035,57948.375
18.732085035,57948.375
18.734710035000003,57948.375
18.737334035,57948.375
18.739959035000002,57948.375
18.742583035000003,57948.375
18.745208035,57948.375
18.747832035000002,57948.375
18.750457035,57948.375
18.753081035,57948.375
18.755706035000003,57948.375
18.758330035,57948.375
18.760955035000002,57948.375
18.763579035000003,57948.375
18.766204035,57948.375
18.768828035000002,57987.0
18.771453035,57987.0
18.774077035,57987.0
18.776702035,57987.0
18.779326035,57987.0
18.781951035000002,57987.0
18.784575035,57987.0
18.787200035,57987.0
18.789825035,57987.0
18.792449035,57987.0
18.795074035000003,57987.0
18.797698035,57987.0
18.800323035,57987.0
18.802947035000003,57987.0
18.805572035,57987.0
18.808196035,57987.0
18.810821035,57987.0
18.813445035,57987.0
18.816070035000003,57987.0
18.818694035,58045.0
18.821319035000002,58045.0
18.823943035000003,58045.0
18.826568035,58045.0
18.829192035000002,58045.0
18.831817035,58045.0
18.834441035,58045.0
18.837066035,58045.0
18.839690035,58045.0
18.842315035000002,58045.0
18.844939035,58025.625
18.847564035,58025.625
18.850188035000002,58025.625
18.852813035,58025.625
18.855437035,58025.625
18.858062035,58025.625
18.860686035,58025.625
18.863311035000002,58025.625
18.865935035,58025.625
18.868560035,58025.625
18.871184035000002,58064.375
18.873809035,58064.375
18.876433035,58064.375
18.879058035,58064.375
18.881682035,58064.375
18.884307035000003,58064.375
18.886931035,58064.375
18.889556035000002,58064.375
18.892180035000003,58064.375
18.894805035,58006.375
18.897429035000002,58006.375
18.900054035,58006.375
18.902679035000002,58006.375
18.905303035000003,58006.375
18.907928035,58006.375
18.910552035000002,58006.375
18.913177035,58006.375
18.915801035,58006.375
18.918426035,58006.375
18.921050035,57967.625
18.923675035000002,57967.625
18.926299035,57967.625
18.928924035,57967.625
18.931548035000002,57967.625
18.934173035,57967.625
18.936797035,57967.625
18.939422035,57967.625
18.942046035,57967.625
18.944671035000002,57967.625
18.947295035,57877.5
18.949920035,57877.5
18.952544035000003,57877.5
18.955169035,57877.5
18.957793035,57877.5
18.960418035,57877.5
18.963042035,57877.5
18.965667035000003,57877.5
18.968291035,57877.5
18.970916035000002,57935.5
18.973540035000003,57935.5
18.976165035,57935.5
18.978789035000002,57935.5
18.981414035,57935.5
18.984038035,57935.5
18.986663035,57935.5
18.989287035,57935.5
18.991912035000002,57935.5
18.994536035,57935.5
18.997161035,57954.75
18.999785035000002,57954.75
19.002410035,57954.75
19.005034035,57954.75
19.007659035,57954.75
19.010284035,57954.75
19.012908035000002,57954.75
19.015533035,57954.75
19.018157035,57954.75
19.020782035,57954.75
19.023406035,57967.625
19.026031035000003,57967.625
19.028655035,57967.625
19.031280035,57967.625
19.033904035000003,57967.625
19.036529035,57967.625
19.039153035000002,57967.625
19.041778035,57967.625
19.044402035,57967.625
19.047027035000003,57967.625
19.049651035,57929.0
19.052276035000002,57929.0
19.054900035000003,57929.0
19.057525035,57929.0
19.060149035000002,57929.0
19.062774035,57929.0
19.065398035,57929.0
19.068023035,57929.0
19.070647035,57929.0
19.073272035000002,57838.75
19.075896035,57838.75
19.078521035,57838.75
19.081145035000002,57838.75
19.083770035,57838.75
19.086394035,57838.75
19.089019035,57838.75
19.091643035,57838.75
19.094268035000002,57838.75
19.096892035,57838.75
19.099517035,57748.625
19.102141035000002,57748.625
19.104766035,57748.625
19.107390035,57748.625
19.110015035,57748.625
19.112639035,57748.625
19.115264035000003,57748.625
19.117888035,57748.625
19.120513035000002,57748.625
19.123138035,57748.625
19.125762035,57787.25
19.128387035000003,57787.25
19.131011035,57787.25
19.133636035000002,57787.25
19.136260035000003,57787.25
19.138885035,57787.25
19.141509035000002,57787.25
19.144134035,57787.25
19.146758035,57787.25
19.149383035,57755.0
19.152007035,57755.0
19.154632035000002,57755.0
19.157256035,57755.0
19.159881035,57755.0
19.162505035000002,57755.0
19.165130035,57755.0
19.167754035,57755.0
19.170379035,57755.0
19.173003035,57755.0
19.175628035000003,57774.375
19.178252035,57774.375
19.180877035,57774.375
19.183501035000003,57774.375
19.186126035,57774.375
19.188750035,57774.375
19.191375035,57774.375
19.193999035,57774.375
19.196624035000003,57774.375
19.199248035,57774.375
19.201873035000002,57774.375
19.204497035000003,57774.375
19.207122035,57774.375
19.209746035000002,57774.375
19.212371035,57774.375
19.214995035,57774.375
19.217620035,57774.375
19.220244035,57774.375
19.222869035000002,57774.375
19.225493035,57819.5
19.228118035,57819.5
19.230742035000002,57819.5
19.233367035,57819.5
19.235992035000002,57819.5
19.238616035,57819.5
19.241241035,57819.5
19.243865035000002,57819.5
19.246490035,57819.5
19.249114035,57819.5
19.251739035,57864.625
19.254363035,57864.625
19.256988035000003,57864.625
19.259612035,57864.625
19.262237035000002,57864.625
19.264861035000003,57864.625
19.267486035,57864.625
19.270110035000002,57864.625
19.272735035,57864.625
19.275359035,57864.625
19.277984035000003,57929.0
19.280608035,57929.0
19.283233035000002,57929.0
19.285857035000003,57929.0
19.288482035,57929.0
19.291106035000002,57929.0
19.293731035,57929.0
19.296355035,57929.0
19.298980035,57929.0
19.301604035,57929.0
19.304229035000002,57954.75
19.306853035,57954.75
19.309478035,57954.75
19.312102035000002,57954.75
19.314727035,57954.75
19.317351035,57954.75
19.319976035,57954.75
19.322600035,57954.75
19.325225035000003,57954.75
19.327849035,57948.375
19.330474035,57948.375
19.333098035000003,57948.375
19.335723035,57948.375
19.338347035,57948.375
19.340972035,57948.375
19.343596035,57948.375
19.346221035000003,57948.375
19.348846035,57948.375
19.351470035000002,57948.375
19.354095035,57929.0
19.356719035,57929.0
19.359344035,57929.0
19.361968035,57929.0
19.364593035000002,57929.0
19.367217035,57929.0
19.369842035,57929.0
19.372466035000002,57929.0
19.375091035,57929.0
19.377715035,57967.625
19.380340035,57967.625
19.382964035,57967.625
19.385589035000002,57967.625
19.388213035,57967.625
19.390838035,57967.625
19.393462035000002,57967.625
19.396087035,57967.625
19.398711035,57967.625
19.401336035,57967.625
19.403960035,57980.5
19.406585035000003,57980.5
19.409209035,57980.5
19.411834035000002,57980.5
19.414458035000003,57980.5
19.417083035,57980.5
19.419707035000002,57980.5
19.422332035,57980.5
19.424956035,57980.5
19.427581035000003,57980.5
19.430205035,57974.125
19.432830035000002,57974.125
19.435454035000003,57974.125
19.438079035,57974.125
19.440703035000002,57974.125
19.443328035,57974.125
19.445952035,57974.125
19.448577035,57974.125
19.451201035,57974.125
19.453826035000002,57974.125
19.456450035,57980.5
19.459075035,57980.5
19.461700035,57980.5
19.464324035,57980.5
19.466949035000003,57980.5
19.469573035,57980.5
19.472198035,57980.5
19.474822035000003,57980.5
19.477447035,57980.5
19.480071035,58006.375
19.482696035,58006.375
19.485320035,58006.375
19.487945035000003,58006.375
19.490569035,58006.375
19.493194035000002,58006.375
19.495818035000003,58006.375
19.498443035,58006.375
19.501067035000002,58006.375
19.503692035,58006.375
19.506316035,58051.375
19.508941035000003,58051.375
19.511565035,58051.375
19.514190035000002,58051.375
19.516814035,58051.375
19.519439035,58051.375
19.522063035000002,58051.375
19.524688035,58051.375
19.527312035,58051.375
19.529937035,58051.375
19.532561035,58096.5
19.535186035000002,58096.5
19.537810035,58096.5
19.540435035,58096.5
19.543059035000002,58096.5
19.545684035,58096.5
19.548308035,58096.5
19.550933035,58096.5
19.553557035,58096.5
19.556182035000003,58103.0
19.558806035,58103.0
19.561431035000002,58103.0
19.564055035000003,58103.0
19.566680035,58103.0
19.569304035000002,58103.0
19.571929035,58103.0
19.574554035000002,58103.0
19.577178035000003,58103.0
19.579803035,58103.0
19.582427035000002,58141.625
19.585052035,58141.625
19.587676035,58141.625
19.590301035,58141.625
19.592925035,58141.625
19.595550035000002,58141.625
19.598174035,58141.625
19.600799035,58141.625
19.603423035000002,58141.625
19.606048035,58141.625
19.608672035,58135.25
19.611297035,58135.25
19.613921035,58135.25
19.616546035000002,58135.25
19.619170035,58135.25
19.621795035,58135.25
19.624419035000003,58135.25
19.627044035,58135.25
19.629668035,58135.25
19.632293035,58135.25
19.634917035,58051.375
19.637542035000003,58051.375
19.640166035,58051.375
19.642791035000002,58051.375
19.645415035000003,58051.375
19.648040035,58051.375
19.650664035000002,58051.375
19.653289035,58051.375
19.655913035,58051.375
19.658538035000003,57980.5
19.661162035,57980.5
19.663787035000002,57980.5
19.666411035000003,57980.5
19.669036035,57980.5
19.671660035000002,57980.5
19.674285035,57980.5
19.676909035,57980.5
19.679534035,57980.5
19.682159035,57980.5
19.684783035000002,57999.875
19.687408035,57999.875
19.690032035,57999.875
19.692657035,57999.875
19.695281035,57999.875
19.697906035000003,57999.875
19.700530035,57999.875
19.703155035,57999.875
19.705779035000003,57999.875
19.708404035,57999.875
19.711028035000002,57929.0
19.713653035,57929.0
19.716277035,57929.0
19.718902035000003,57929.0
19.721526035,57929.0
19.724151035000002,57929.0
19.726775035000003,57929.0
19.729400035,57929.0
19.732024035000002,57929.0
19.734649035,57883.875
19.737273035,57883.875
19.739898035,57883.875
19.742522035,57883.875
19.745147035000002,57883.875
19.747771035,57883.875
19.750396035,57883.875
19.753020035000002,57883.875
19.755645035,57883.875
19.758269035,57883.875
19.760894035,57761.5
19.763518035,57761.5
19.766143035000002,57761.5
19.768767035,57761.5
19.771392035,57761.5
19.774016035000002,57761.5
19.776641035,57761.5
19.779265035,57761.5
19.781890035,57761.5
19.784514035,57761.5
19.787139035000003,57632.625
19.789763035,57632.625
19.792388035000002,57632.625
19.795013035,57632.625
19.797637035,57632.625
19.800262035000003,57632.625
19.802886035,57632.625
19.805511035000002,57632.625
19.808135035000003,57632.625
19.810760035,57510.25
19.813384035000002,57510.25
19.816009035,57510.25
19.818633035,57510.25
19.821258035,57510.25
19.823882035,57510.25
19.826507035000002,57510.25
19.829131035,57510.25
19.831756035,57510.25
19.834380035000002,57510.25
19.837005035,57542.375
19.839629035,57542.375
19.842254035,57542.375
19.844878035,57542.375
19.847503035000003,57542.375
19.850127035,57542.375
19.852752035,57542.375
19.855376035000003,57542.375
19.858001035,57542.375
19.860625035,57581.125
19.863250035,57581.125
19.865874035,57581.125
19.868499035000003,57581.125
19.871123035,57581.125
19.873748035000002,57581.125
19.876372035000003,57581.125
19.878997035,57581.125
19.881621035000002,57581.125
19.884246035,57581.125
19.886870035,57581.125
19.889495035,57613.25
19.892119035,57613.25
19.894744035000002,57613.25
19.897368035,57613.25
19.899993035,57613.25
19.902617035000002,57613.25
19.905242035,57613.25
19.907867035000002,57613.25
19.910491035,57613.25
19.913116035,57652.0
19.915740035000002,57652.0
19.918365035,57652.0
19.920989035,57652.0
19.923614035,57652.0
19.926238035,57652.0
19.928863035000003,57652.0
19.931487035,57652.0
19.934112035000002,57652.0
19.936736035000003,57652.0
19.939361035,57619.75
19.941985035000002,57619.75
19.944610035,57619.75
19.947234035,57619.75
19.949859035000003,57619.75
19.952483035,57619.75
19.955108035000002,57619.75
19.957732035000003,57619.75
19.960357035,57619.75
19.962981035000002,57619.75
19.965606035,57613.25
19.968230035,57613.25
19.970855035,57613.25
19.973479035,57613.25
19.976104035000002,57613.25
19.978728035,57613.25
19.981353035,57613.25
19.983977035000002,57613.25
19.986602035,57613.25
19.989226035,57542.375
19.991851035,57542.375
19.994475035,57542.375
19.997100035000003,57542.375
19.999724035,57542.375
20.002349035,57542.375
20.004973035000003,57542.375
20.007598035,57542.375
20.010222035,57542.375
20.012847035,57542.375
20.015471035,57510.25
20.018096035000003,57510.25
20.020721035,57510.25
20.023345035000002,57510.25
20.025970035,57510.25
20.028594035,57510.25
20.031219035000003,57510.25
20.033843035,57510.25
20.036468035000002,57510.25
20.039092035000003,57432.875
20.041717035,57432.875
20.044341035000002,57432.875
20.046966035,57432.875
20.049590035,57432.875
20.052215035,57432.875
20.054839035,57432.875
20.057464035000002,57432.875
20.060088035,57432.875
20.062713035,57432.875
20.065337035000002,57465.125
20.067962035,57465.125
20.070586035,57465.125
20.073211035,57465.125
20.075835035,57465.125
20.078460035000003,57465.125
20.081084035,57465.125
20.083709035000002,57465.125
20.086333035000003,57465.125
20.088958035,57465.125
20.091582035000002,57381.375
20.094207035,57381.375
20.096831035,57381.375
20.099456035000003,57381.375
20.102080035,57381.375
20.104705035000002,57381.375
20.107329035000003,57381.375
20.109954035,57381.375
20.112578035000002,57381.375
20.115203035,57381.375
20.117827035,57329.875
20.120452035,57329.875
20.123076035,57329.875
20.125701035000002,57329.875
20.128325035,57329.875
20.130950035,57329.875
20.133575035,57329.875
20.136199035,57329.875
20.138824035000003,57329.875
20.141448035,57349.125
20.144073035,57349.125
20.146697035000003,57349.125
20.149322035,57349.125
20.151946035,57349.125
20.154571035,57349.125
20.157195035,57349.125
20.159820035000003,57349.125
20.162444035,57349.125
20.165069035000002,57349.125
20.167693035000003,57407.125
20.170318035,57407.125
20.172942035000002,57407.125
20.175567035,57407.125
20.178191035,57407.125
20.180816035000003,57407.125
20.183440035,57407.125
20.186065035000002,57407.125
20.188689035000003,57407.125
20.191314035,57407.125
20.193938035000002,57342.75
20.196563035,57342.75
20.199187035,57342.75
20.201812035,57342.75
20.204436035,57342.75
20.207061035000002,57342.75
20.209685035,57342.75
20.212310035,57342.75
20.214934035000002,57342.75
20.217559035,57394.25
20.220183035,57394.25
20.222808035,57394.25
20.225432035,57394.25
20.228057035000003,57394.25
20.230681035,57394.25
20.233306035000002,57394.25
20.235930035000003,57394.25
20.238555035,57394.25
20.241179035000002,57394.25
20.243804035,57536.0
20.246429035000002,57536.0
20.249053035000003,57536.0
20.251678035,57536.0
20.254302035000002,57536.0
20.256927035,57536.0
20.259551035,57536.0
20.262176035,57536.0
20.264800035,57536.0
20.267425035000002,57536.0
20.270049035,57555.375
20.272674035,57555.375
20.275298035000002,57555.375
20.277923035,57555.375
20.280547035,57555.375
20.283172035,57555.375
20.285796035,57555.375
20.288421035000002,57555.375
20.291045035,57555.375
20.293670035,57555.375
20.296294035000003,57619.75
20.298919035,57619.75
20.301543035,57619.75
20.304168035,57619.75
20.306792035,57619.75
20.309417035000003,57619.75
20.312041035,57619.75
20.314666035000002,57619.75
20.317290035000003,57619.75
20.319915035,57587.5
20.322539035000002,57587.5
20.325164035,57587.5
20.327788035,57587.5
20.330413035000003,57587.5
20.333037035,57587.5
20.335662035000002,57587.5
20.338286035000003,57587.5
20.340911035,57587.5
20.343535035000002,57587.5
20.346160035,57606.875
20.348784035,57606.875
20.351409035,57606.875
20.354034035,57606.875
20.356658035000002,57606.875
20.359283035,57606.875
20.361907035,57606.875
20.364532035,57606.875
20.367156035,57606.875
20.369781035000003,57606.875
20.372405035,57632.625
20.375030035,57632.625
20.377654035000003,57632.625
20.380279035,57632.625
20.382903035000002,57632.625
20.385528035,57632.625
20.388152035,57632.625
20.390777035000003,57632.625
20.393401035,57632.625
20.396026035000002,57819.5
20.398650035000003,57819.5
20.401275035,57819.5
20.403899035000002,57819.5
20.406524035,57819.5
20.409148035,57819.5
20.411773035,57819.5
20.414397035,57819.5
20.417022035000002,57819.5
20.419646035,57819.5
20.422271035,57883.875
20.424895035000002,57883.875
20.427520035,57883.875
20.430144035,57883.875
20.432769035,57883.875
20.435393035,57883.875
20.438018035000002,57883.875
20.440642035,57883.875
20.443267035,57883.875
20.445891035000002,57883.875
20.448516035,57922.625
20.451140035,57922.625
20.453765035,57922.625
20.456389035,57922.625
20.459014035000003,57922.625
20.461638035,57922.625
20.464263035000002,57922.625
20.466888035,57922.625
20.469512035,57922.625
20.472137035000003,57922.625
20.474761035,57883.875
20.477386035000002,57883.875
20.480010035000003,57883.875
20.482635035,57883.875
20.485259035000002,57883.875
20.487884035,57883.875
20.490508035,57883.875
20.493133035,57883.875
20.495757035,57883.875
20.498382035000002,57871.0
20.501006035,57871.0
20.503631035,57871.0
20.506255035000002,57871.0
20.508880035,57871.0
20.511504035,57871.0
20.514129035,57871.0
20.516753035,57871.0
20.519378035000003,57871.0
20.522002035,57871.0
20.524627035,57883.875
20.527251035000003,57883.875
20.529876035,57883.875
20.532500035,57883.875
20.535125035,57883.875
20.537749035,57883.875
20.540374035000003,57883.875
20.542998035,57883.875
20.545623035000002,57883.875
20.548247035000003,57883.875
20.550872035,57851.75
20.553496035000002,57851.75
20.556121035,57851.75
20.558745035,57851.75
20.561370035000003,57851.75
20.563994035,57851.75
20.566619035000002,57851.75
20.569243035,57851.75
20.571868035,57851.75
20.574492035000002,57819.5
20.577117035,57819.5
20.579742035000002,57819.5
20.582366035,57819.5
20.584991035,57819.5
20.587615035000002,57819.5
20.590240035,57819.5
20.592864035,57819.5
20.595489035,57819.5
20.598113035,57819.5
20.600738035000003,57774.375
20.603362035,57774.375
20.605987035000002,57774.375
20.608611035000003,57774.375
20.611236035,57774.375
20.613860035000002,57774.375
20.616485035,57774.375
20.619109035,57774.375
20.621734035000003,57774.375
20.624358035,57774.375
20.626983035000002,57903.25
20.629607035000003,57903.25
20.632232035,57903.25
20.634856035000002,57903.25
20.637481035,57903.25
20.640105035,57903.25
20.642730035,57903.25
20.645354035,57903.25
20.647979035000002,57903.25
20.650603035,58019.25
20.653228035,58019.25
20.655852035000002,58019.25
20.658477035,58019.25
20.661101035,58019.25
20.663726035,58019.25
20.666350035,58019.25
20.668975035000003,58019.25
20.671599035,58019.25
20.674224035,58019.25
20.676848035000003,58122.25
20.679473035,58122.25
20.682097035,58122.25
20.684722035,58122.25
20.687346035,58122.25
20.689971035000003,58122.25
20.692596035,58122.25
20.695220035000002,58122.25
20.697845035,58122.25
20.700469035,58167.375
20.703094035000003,58167.375
20.705718035,58167.375
20.708343035000002,58167.375
20.710967035000003,58167.375
20.713592035,58167.375
20.716216035000002,58167.375
20.718841035,58167.375
20.721465035,58167.375
20.724090035,58167.375
20.726714035,58167.375
20.729339035000002,58206.125
20.731963035,58206.125
20.734588035,58206.125
20.737212035000002,58206.125
20.739837035,58206.125
20.742461035,58206.125
20.745086035,58206.125
20.747710035,58206.125
20.750335035000003,58206.125
20.752959035,58186.75
20.755584035000002,58186.75
20.758208035000003,58186.75
20.760833035,58186.75
20.763457035000002,58186.75
20.766082035,58186.75
20.768706035,58186.75
20.771331035000003,58186.75
20.773955035,58186.75
20.776580035000002,58186.75
20.779204035000003,58173.875
20.781829035,58173.875
20.784453035000002,58173.875
20.787078035,58173.875
20.789702035,58173.875
20.792327035,58173.875
20.794951035,58173.875
20.797576035000002,58173.875
20.800200035,58173.875
20.802825035,58173.875
20.805450035,58180.25
20.808074035,58180.25
20.810699035000003,58180.25
20.813323035,58180.25
20.815948035,58180.25
20.818572035000003,58180.25
20.821197035,58180.25
20.823821035,58180.25
20.826446035,58180.25
20.829070035,58180.25
20.831695035000003,58180.25
20.834319035,58180.25
20.836944035000002,58180.25
20.839568035000003,58180.25
20.842193035,58180.25
20.844817035000002,58180.25
20.847442035,58180.25
20.850066035,58180.25
20.852691035000003,58180.25
20.855315035,58186.75
20.857940035000002,58186.75
20.860564035000003,58186.75
20.863189035,58186.75
20.865813035000002,58186.75
20.868438035,58186.75
20.871062035,58186.75
20.873687035,58186.75
20.876311035,58186.75
20.878936035000002,58199.625
20.881560035,58199.625
20.884185035,58199.625
20.886809035000002,58199.625
20.889434035,58199.625
20.892058035,58199.625
20.894683035,58199.625
20.897307035,58199.625
20.899932035000003,58199.625
20.902556035,58199.625
20.905181035000002,58238.25
20.907805035000003,58238.25
20.910430035,58238.25
20.913054035000002,58238.25
20.915679035,58238.25
20.918304035000002,58238.25
20.920928035000003,58238.25
20.923553035,58238.25
20.926177035000002,58238.25
20.928802035,58238.25
20.931426035,58225.375
20.934051035,58225.375
20.936675035,58225.375
20.939300035000002,58225.375
20.941924035,58225.375
20.944549035,58225.375
20.947173035000002,58225.375
20.949798035,58225.375
20.952422035,58225.375
20.955047035,58225.375
20.957671035,58206.125
20.960296035000002,58206.125
20.962920035,58206.125
20.965545035,58206.125
20.968169035000003,58206.125
20.970794035,58206.125
20.973418035,58206.125
20.976043035,58206.125
20.978667035,58206.125
20.981292035000003,58206.125
20.983916035,58103.0
20.986541035000002,58103.0
20.989165035000003,58103.0
20.991790035,58103.0
20.994414035000002,58103.0
20.997039035,58103.0
20.999663035,58103.0
21.002288035000003,58103.0
21.004912035,58103.0
21.007537035000002,57999.875
21.010161035000003,57999.875
21.012786035,57999.875
21.015410035000002,57999.875
21.018035035,57999.875
21.020659035,57999.875
21.023284035,57999.875
21.025909035,57999.875
21.028533035000002,57999.875
21.031158035,57999.875
21.033782035,58051.375
21.036407035,58051.375
21.039031035,58051.375
21.041656035000003,58051.375
21.044280035,58051.375
21.046905035,58051.375
21.049529035000003,58051.375
21.052154035,58051.375
21.054778035000002,58051.375
21.057403035,58006.375
21.060027035,58006.375
21.062652035000003,58006.375
21.065276035,58006.375
21.067901035000002,58006.375
21.070525035000003,58006.375
21.073150035,58006.375
21.075774035000002,58006.375
21.078399035,58006.375
21.081023035,58006.375
21.083648035000003,58128.75
21.086272035,58128.75
21.088897035000002,58128.75
21.091521035000003,58128.75
21.094146035,58128.75
21.096770035000002,58128.75
21.099395035,58128.75
21.102019035,58128.75
21.104644035,58128.75
21.107268035,58128.75
21.109893035000002,58167.375
21.112517035,58167.375
21.115142035,58167.375
21.117766035000002,58167.375
21.120391035,58167.375
21.123015035,58167.375
21.125640035,58167.375
21.128264035,58167.375
21.130889035000003,58167.375
21.133513035,58167.375
21.136138035000002,58128.75
21.138763035,58128.75
21.141387035,58128.75
21.144012035000003,58128.75
21.146636035,58128.75
21.149261035000002,58128.75
21.151885035000003,58128.75
21.154510035,58128.75
21.157134035000002,58128.75
21.159759035,58122.25
21.162383035,58122.25
21.165008035,58122.25
21.167632035,58122.25
21.170257035000002,58122.25
21.172881035,58122.25
21.175506035,58122.25
21.178130035000002,58122.25
21.180755035,58122.25
21.183404035000002,58122.25
21.186028035,58167.375
21.188653035,58167.375
21.191277035000002,58167.375
21.193902035,58167.375
21.196526035,58167.375
21.199151035,58167.375
21.201775035,58167.375
21.204400035000003,58167.375
21.207024035,58167.375
21.209649035,58167.375
21.212273035000003,58212.5
21.214898035,58212.5
21.217522035000002,58212.5
21.220147035,58212.5
21.222771035,58212.5
21.225396035000003,58212.5
21.228020035,58212.5
21.230645035000002,58212.5
21.233269035000003,58212.5
21.235894035,58231.875
21.238518035000002,58231.875
21.241143035,58231.875
21.243767035,58231.875
21.246392035000003,58231.875
21.249016035,58231.875
21.251641035000002,58231.875
21.254265035000003,58231.875
21.256890035,58231.875
21.259515035,58231.875
21.262139035,58238.25
21.264764035000002,58238.25
21.267388035,58238.25
21.270013035,58238.25
21.272637035000002,58238.25
21.275262035,58238.25
21.277886035,58238.25
21.280511035,58238.25
21.283135035,58238.25
21.285760035000003,58238.25
21.288384035,58225.375
21.291009035000002,58225.375
21.293633035000003,58225.375
21.296258035,58225.375
21.298882035000002,58225.375
21.301507035,58225.375
21.304131035,58225.375
21.306756035000003,58225.375
21.309380035,58225.375
21.312005035000002,58225.375
21.314629035000003,58154.5
21.317254035,58154.5
21.319878035000002,58154.5
21.322503035,58154.5
21.325127035,58154.5
21.327752035,58154.5
21.330376035,58154.5
21.333001035000002,58154.5
21.335625035,58154.5
21.338250035,58083.625
21.340874035000002,58083.625
21.343499035,58083.625
21.346123035,58083.625
21.348748035,58083.625
21.351372035,58083.625
21.353997035000003,58083.625
21.356621035,58083.625
21.359246035,58083.625
21.361870035000003,58083.625
21.364495035,58051.375
21.367119035,58051.375
21.369744035,58051.375
21.372369035000002,58051.375
21.374993035000003,58051.375
21.377618035,58051.375
21.380242035000002,58051.375
21.382867035,58051.375
21.385491035,58051.375
21.388116035000003,58051.375
21.390740035,58051.375
21.393365035000002,58051.375
21.395989035000003,58051.375
21.398614035,58051.375
21.401238035000002,58051.375
21.403863035,58051.375
21.406487035,58051.375
21.409112035,58051.375
21.411736035,58051.375
21.414361035000002,58070.75
21.416985035,58070.75
21.419610035,58070.75
21.422234035000002,58070.75
21.424859035,58070.75
21.427483035,58070.75
21.430108035,58070.75
21.432732035,58070.75
21.435357035000003,58070.75
21.437981035,58070.75
21.440606035000002,58096.5
21.443230035000003,58096.5
21.445855035,58096.5
21.448479035000002,58096.5
21.451104035,58096.5
21.453728035,58096.5
21.456353035000003,58096.5
21.458977035,58096.5
21.461602035000002,58096.5
21.464226035000003,58096.5
21.466851035,58096.5
21.469475035000002,58096.5
21.472100035,58096.5
21.474724035,58096.5
21.477349035,58096.5
21.479973035,58096.5
21.482598035000002,58096.5
21.485223035,58096.5
21.487847035,58096.5
21.490472035,58115.875
21.493096035,58115.875
21.495721035000003,58115.875
21.498345035,58115.875
21.500970035,58115.875
21.503594035000003,58115.875
21.506219035,58115.875
21.508843035,58115.875
21.511468035,58115.875
21.514092035,58115.875
21.516717035000003,58090.125
21.519341035,58090.125
21.521966035000002,58090.125
21.524590035000003,58090.125
21.527215035,58090.125
21.529839035000002,58090.125
21.532464035,58090.125
21.535088035,58090.125
21.537713035000003,58090.125
21.540337035,58096.5
21.542962035000002,58096.5
21.545586035000003,58096.5
21.548211035,58096.5
21.550835035000002,58096.5
21.553460035,58096.5
21.556084035,58096.5
21.558709035,58096.5
21.561333035,58096.5
21.563958035000002,58096.5
21.566582035,58096.5
21.569207035,58083.625
21.571831035000002,58083.625
21.574456035,58083.625
21.577080035,58083.625
21.579705035,58083.625
21.582329035,58083.625
21.584954035000003,58083.625
21.587578035,58083.625
21.590203035000002,58083.625
21.592827035000003,58070.75
21.595452035,58070.75
21.598077035000003,58070.75
21.600701035,58070.75
21.603326035000002,58070.75
21.605950035000003,58070.75
21.608575035,58070.75
21.611199035000002,58070.75
21.613824035,58070.75
21.616448035,58070.75
21.619073035000003,58070.75
21.621697035,58070.75
21.624322035000002,58070.75
21.626946035000003,58070.75
21.629571035,58070.75
21.632195035000002,58070.75
21.634820035,58070.75
21.637444035,58070.75
21.640069035,58070.75
21.642693035,58070.75
21.645318035000003,58103.0
21.647942035,58103.0
21.650567035,58103.0
21.653191035000003,58103.0
21.655816035,58103.0
21.658440035,58103.0
21.661065035,58103.0
21.663689035,58103.0
21.666314035000003,58103.0
21.668938035,58115.875
21.671563035000002,58115.875
21.674187035000003,58115.875
21.676812035,58115.875
21.679436035000002,58115.875
21.682061035,58115.875
21.684685035,58115.875
21.687310035000003,58115.875
21.689934035,58115.875
21.692559035000002,58115.875
21.695183035000003,58103.0
21.697808035,58103.0
21.700432035000002,58103.0
21.703057035,58103.0
21.705682035000002,58103.0
21.708306035,58103.0
21.710931035,58103.0
21.713555035000002,58103.0
21.716180035,58103.0
21.718804035,58109.375
21.721429035,58109.375
21.724053035,58109.375
21.726678035000003,58109.375
21.729302035,58109.375
21.731927035000002,58109.375
21.734551035000003,58109.375
21.737176035,58109.375
21.739800035000002,58109.375
21.742425035,58109.375
21.745049035,58103.0
21.747674035000003,58103.0
21.750298035,58103.0
21.752923035000002,58103.0
21.755547035000003,58103.0
21.758172035,58103.0
21.760796035000002,58103.0
21.763421035,58103.0
21.766045035,58103.0
21.768670035000003,58103.0
21.771294035,58141.625
21.773919035000002,58141.625
21.776543035000003,58141.625
21.779168035,58141.625
21.781792035000002,58141.625
21.784417035,58141.625
21.787041035,58141.625
21.789666035,58141.625
21.792290035,58141.625
21.794915035000002,58141.625
21.797539035,58161.0
21.800164035,58161.0
21.802788035000003,58161.0
21.805413035,58161.0
21.808037035,58161.0
21.810662035,58161.0
21.813286035,58161.0
21.815911035000003,58161.0
21.818536035,58161.0
21.821160035000002,58161.0
21.823785035,58180.25
21.826409035,58180.25
21.829034035000003,58180.25
21.831658035,58180.25
21.834283035000002,58180.25
21.836907035000003,58180.25
21.839532035,58180.25
21.842156035000002,58180.25
21.844781035,58180.25
21.847405035,58193.125
21.850030035,58193.125
21.852654035,58193.125
21.855279035000002,58193.125
21.857903035,58193.125
21.860528035,58193.125
21.863152035000002,58193.125
21.865777035,58193.125
21.868401035,58193.125
21.871026035,58193.125
21.873650035,58186.75
21.876275035000003,58186.75
21.878899035,58186.75
21.881524035,58186.75
21.884148035000003,58186.75
21.886773035,58186.75
21.889397035000002,58186.75
21.892022035,58186.75
21.894646035,58186.75
21.897271035000003,58180.25
21.899895035,58180.25
21.902520035000002,58180.25
21.905144035000003,58180.25
21.907769035,58180.25
21.910393035000002,58180.25
21.913018035,58180.25
21.915642035,58180.25
21.918267035000003,58180.25
21.920891035,58180.25
21.923516035000002,58135.25
21.926140035000003,58135.25
21.928765035,58135.25
21.931390035,58135.25
21.934014035,58135.25
21.936639035000002,58135.25
21.939263035,58135.25
21.941888035,58135.25
21.944512035000002,58135.25
21.947137035,58135.25
21.949761035,58070.75
21.952386035,58070.75
21.955010035,58070.75
21.957635035000003,58070.75
21.960259035,58070.75
21.962884035000002,58070.75
21.965508035000003,58070.75
21.968133035,58070.75
21.970757035000002,58070.75
21.973382035,58070.75
21.976006035,57999.875
21.978631035000003,57999.875
21.981255035,57999.875
21.983880035000002,57999.875
21.986504035000003,57999.875
21.989129035,57999.875
21.991753035000002,57999.875
21.994378035,57999.875
21.997002035,57999.875
21.999627035,58032.125
22.002251035,58032.125
22.004876035000002,58032.125
22.007500035,58032.125
22.010125035,58032.125
22.012749035000002,58032.125
22.015374035,58032.125
22.017998035,58032.125
22.020623035,58032.125
22.023247035,58032.125
22.025872035000003,58032.125
22.028496035,58032.125
22.031121035,58032.125
22.033745035000003,58032.125
22.036370035,58032.125
22.038994035,58032.125
22.041619035,58032.125
22.044244035000002,58032.125
22.046868035000003,58032.125
22.049493035,58032.125
22.052117035000002,58064.375
22.054742035,58064.375
22.057366035,58064.375
22.059991035000003,58064.375
22.062615035,58064.375
22.065240035000002,58064.375
22.067864035000003,58064.375
22.070489035,58064.375
22.073113035000002,58064.375
22.075738035,58103.0
22.078362035,58103.0
22.080987035,58103.0
22.083611035,58103.0
22.086236035000002,58103.0
22.088860035,58103.0
22.091485035,58103.0
22.094109035000002,58103.0
22.096734035,58103.0
22.099358035,58103.0
22.101983035,58148.125
22.104607035,58148.125
22.107232035000003,58148.125
22.109856035,58148.125
22.112481035000002,58148.125
22.115105035000003,58148.125
22.117730035,58148.125
22.120354035000002,58148.125
22.122979035,58148.125
22.125603035,58148.125
22.128228035000003,58167.375
22.130852035,58167.375
22.133477035000002,58167.375
22.136101035000003,58167.375
22.138726035,58167.375
22.141350035000002,58167.375
22.143975035,58167.375
22.146599035,58167.375
22.149224035000003,58167.375
22.151848035,58167.375
22.154473035000002,58206.125
22.157098035,58206.125
22.159722035,58206.125
22.162347035,58206.125
22.164971035,58206.125
22.167596035000003,58206.125
22.170220035,58206.125
22.172845035,58206.125
22.175469035000003,58206.125
22.178094035,58212.5
22.180718035,58212.5
22.183343035,58212.5
22.185967035,58212.5
22.188592035000003,58212.5
22.191216035,58212.5
22.193841035000002,58212.5
22.196465035000003,58212.5
22.199090035,58212.5
22.201714035000002,58212.5
22.204339035,58199.625
22.206963035,58199.625
22.209588035000003,58199.625
22.212212035,58199.625
22.214837035000002,58199.625
22.217461035000003,58199.625
22.220086035,58199.625
22.222710035000002,58199.625
22.225335035,58199.625
22.227959035,58199.625
22.230584035,58186.75
22.233208035,58186.75
22.235833035000002,58186.75
22.238457035,58186.75
22.241082035,58186.75
22.243706035000002,58186.75
22.246331035,58186.75
22.248955035,58186.75
22.251580035,58186.75
22.254204035,58154.5
22.256829035000003,58154.5
22.259453035,58154.5
22.262078035000002,58154.5
22.264702035000003,58154.5
22.267327035,58154.5
22.269952035000003,58154.5
22.272576035,58154.5
22.275201035000002,58154.5
22.277825035000003,58154.5
22.280450035,58161.0
22.283074035000002,58161.0
22.285699035,58161.0
22.288323035,58161.0
22.290948035000003,58161.0
22.293572035,58161.0
22.296197035000002,58161.0
22.298821035000003,58161.0
22.301446035,58161.0
22.304070035000002,58161.0
22.306695035,58128.75
22.309319035,58128.75
22.311944035,58128.75
22.314568035,58128.75
22.317193035000003,58128.75
22.319817035,58128.75
22.322442035,58128.75
22.325066035000003,58128.75
22.327691035,58128.75
22.330315035,58161.0
22.332940035,58161.0
22.335564035,58161.0
22.338189035000003,58161.0
22.340813035,58161.0
22.343438035000002,58161.0
22.346062035000003,58161.0
22.348687035,58161.0
22.351311035000002,58161.0
22.353936035,58161.0
22.356560035,58186.75
22.359185035000003,58186.75
22.361809035,58186.75
22.364434035000002,58186.75
22.367058035000003,58186.75
22.369683035,58186.75
22.372307035000002,58186.75
22.374932035,58186.75
22.377557035000002,58186.75
22.380181035,58186.75
22.382806035,58212.5
22.385430035000002,58212.5
22.388055035,58212.5
22.390679035,58212.5
22.393304035,58212.5
22.395928035,58212.5
22.398553035000003,58212.5
22.401177035,58212.5
22.403802035000002,58212.5
22.406426035000003,58212.5
22.409051035,58193.125
22.411675035000002,58193.125
22.414300035,58193.125
22.416924035,58193.125
22.419549035000003,58193.125
22.422173035,58193.125
22.424798035000002,58193.125
22.427422035000003,58193.125
22.430047035,58193.125
22.432671035000002,58180.25
22.435296035,58180.25
22.437920035,58180.25
22.440545035000003,58180.25
22.443169035,58180.25
22.445794035000002,58180.25
22.448418035000003,58180.25
22.451043035,58180.25
22.453667035000002,58180.25
22.456292035,58180.25
22.458916035,58180.25
22.461541035,58180.25
22.464165035,58180.25
22.466790035000002,58180.25
22.469414035,58180.25
22.472039035,58180.25
22.474663035000003,58180.25
22.477288035,58180.25
22.479912035,58180.25
22.482537035,58180.25
22.485161035,58193.125
22.487786035000003,58193.125
22.490411035,58193.125
22.493035035000002,58193.125
22.495660035,58193.125
22.498284035,58193.125
22.500909035000003,58193.125
22.503533035,58193.125
22.506158035000002,58193.125
22.508782035000003,58180.25
22.511407035,58180.25
22.514031035000002,58180.25
22.516656035,58180.25
22.519280035,58180.25
22.521905035,58180.25
22.524529035,58180.25
22.527154035000002,58180.25
22.529778035,58180.25
22.532403035,58180.25
22.535027035000002,58167.375
22.537652035,58167.375
22.540276035,58167.375
22.542901035,58167.375
22.545525035,58167.375
22.548150035000003,58167.375
22.550774035,58167.375
22.553399035,58167.375
22.556023035000003,58167.375
22.558648035,58212.5
22.561272035000002,58212.5
22.563897035,58212.5
22.566521035,58212.5
22.569146035000003,58212.5
22.571770035,58212.5
22.574395035000002,58212.5
22.577019035000003,58212.5
22.579644035,58212.5
22.582268035000002,58212.5
22.584893035,58199.625
22.587517035,58199.625
22.590142035000003,58199.625
22.592766035,58199.625
22.595391035000002,58199.625
22.598015035000003,58199.625
22.600640035,58199.625
22.603265035,58199.625
22.605889035,58199.625
22.608514035000002,58199.625
22.611138035,58206.125
22.613763035,58206.125
22.616387035000002,58206.125
22.619012035,58206.125
22.621636035,58206.125
22.624261035,58206.125
22.626885035,58206.125
22.629510035000003,58206.125
22.632134035,58206.125
22.634759035000002,58206.125
22.637383035000003,58199.625
22.640008035,58199.625
22.642632035000002,58199.625
22.645257035,58199.625
22.647881035,58199.625
22.650506035000003,58199.625
22.653130035,58199.625
22.655755035000002,58199.625
22.658379035000003,58199.625
22.661004035,58199.625
22.663628035000002,58180.25
22.666253035,58180.25
22.668877035,58180.25
22.671502035000003,58180.25
22.674126035,58180.25
22.676751035000002,58180.25
22.679375035000003,58180.25
22.682000035,58180.25
22.684624035000002,58180.25
22.687249035,58148.125
22.689873035,58148.125
22.692498035,58148.125
22.695122035,58148.125
22.697747035000003,58148.125
22.700371035,58148.125
22.702996035,58148.125
22.705620035000003,58148.125
22.708245035,58148.125
22.710869035,58148.125
22.713494035,58103.0
22.716119035000002,58103.0
22.718743035000003,58103.0
22.721368035,58103.0
22.723992035000002,58103.0
22.726617035,58103.0
22.729241035,58103.0
22.731866035000003,58103.0
22.734490035,58103.0
22.737115035000002,58115.875
22.739739035000003,58115.875
22.742364035,58115.875
22.744988035000002,58115.875
22.747613035,58115.875
22.750237035,58115.875
22.752862035,58115.875
22.755486035,58115.875
22.758111035000002,58115.875
22.760735035,58115.875
22.763360035,58167.375
22.765984035000002,58167.375
22.768609035,58167.375
22.771233035,58167.375
22.773858035,58167.375
22.776482035,58167.375
22.779107035000003,58167.375
22.781731035,58167.375
22.784356035000002,58167.375
22.786980035000003,58167.375
22.789605035,58180.25
22.792229035000002,58180.25
22.794854035,58180.25
22.797478035,58180.25
22.800103035000003,58180.25
22.802727035,58180.25
22.805352035000002,58180.25
22.807976035000003,58180.25
22.810601035,58180.25
22.813225035000002,58180.25
22.815850035,58154.5
22.818474035,58154.5
22.821099035000003,58154.5
22.823723035,58154.5
22.826348035000002,58154.5
22.828973035,58154.5
22.831597035,58154.5
22.834222035,58154.5
22.836846035,58154.5
22.839471035000003,58161.0
22.842095035,58161.0
22.844720035,58161.0
22.847344035000003,58161.0
22.849969035,58161.0
22.852593035,58161.0
22.855218035,58161.0
22.857842035,58161.0
22.860467035000003,58161.0
22.863091035,58161.0
22.865716035000002,58173.875
22.868340035000003,58173.875
22.870965035,58173.875
22.873589035000002,58173.875
22.876214035,58173.875
22.878838035,58173.875
22.881463035000003,58173.875
22.884087035,58173.875
22.886712035000002,58173.875
22.889336035000003,58173.875
22.891961035,58090.125
22.894585035000002,58090.125
22.897210035,58090.125
22.899834035,58090.125
22.902459035,58090.125
22.905083035,58090.125
22.907708035000002,58090.125
22.910332035,58090.125
22.912957035,58090.125
22.915581035000002,58032.125
22.918206035,58032.125
22.920830035,58032.125
22.923455035,58032.125
22.926079035,58032.125
22.928704035000003,58032.125
22.931328035,58032.125
22.933953035000002,58032.125
22.936577035000003,58032.125
22.939202035,58032.125
22.941827035000003,58115.875
22.944451035,58115.875
22.947076035000002,58115.875
22.949700035000003,58115.875
22.952325035,58115.875
22.954949035000002,58115.875
22.957574035,58115.875
22.960198035,58115.875
22.962823035000003,58115.875
22.965447035,58115.875
22.968072035000002,58161.0
22.970696035000003,58161.0
22.973321035,58161.0
22.975945035000002,58161.0
22.978570035,58161.0
22.981194035,58161.0
22.983819035,58161.0
22.986443035,58161.0
22.989068035000003,58161.0
22.991692035,58161.0
22.994317035,58167.375
22.996941035000003,58167.375
22.999566035,58167.375
23.002190035,58167.375
23.004815035,58167.375
23.007439035,58167.375
23.010064035000003,58167.375
23.012688035,58167.375
23.015313035000002,58167.375
23.017937035000003,58161.0
23.020562035,58161.0
23.023186035000002,58161.0
23.025811035,58161.0
23.028435035,58161.0
23.031060035000003,58161.0
23.033684035,58161.0
23.036309035000002,58161.0
23.038933035000003,58161.0
23.041558035,58161.0
23.044182035000002,58186.75
23.046807035,58186.75
23.049432035000002,58186.75
23.052056035,58186.75
23.054681035,58186.75
23.057305035000002,58186.75
23.059930035,58186.75
23.062554035,58186.75
23.065179035,58186.75
23.067803035,58186.75
23.070428035000003,58135.25
23.073052035,58135.25
23.075677035000002,58135.25
23.078301035000003,58135.25
23.080926035,58135.25
23.083550035000002,58135.25
23.086175035,58135.25
23.088799035,58135.25
23.091424035000003,58135.25
23.094048035,58161.0
23.096673035000002,58161.0
23.099297035000003,58161.0
23.101922035,58161.0
23.104546035000002,58161.0
23.107171035,58161.0
23.109795035,58161.0
23.112420035000003,58161.0
23.115044035,58161.0
23.117669035000002,58161.0
23.120293035000003,58154.5
23.122918035,58154.5
23.125542035000002,58154.5
23.128167035,58154.5
23.130791035,58154.5
23.133416035,58154.5
23.136040035,58154.5
23.138665035000002,58154.5
23.141289035,58154.5
23.143914035,58154.5
23.146538035000003,58167.375
23.149163035,58167.375
23.151787035,58167.375
23.154412035,58167.375
23.157036035,58167.375
23.159661035000003,58167.375
23.162286035,58167.375
23.164910035000002,58167.375
23.167535035,58167.375
23.170159035,58167.375
23.172784035000003,58186.75
23.175408035,58186.75
23.178033035000002,58186.75
23.180657035000003,58186.75
23.183282035,58186.75
23.185906035000002,58186.75
23.188531035,58186.75
23.191155035,58186.75
23.193780035000003,58186.75
23.196404035,58173.875
23.199029035000002,58173.875
23.201653035000003,58173.875
23.204278035,58173.875
23.206902035000002,58173.875
23.209527035,58173.875
23.212151035,58173.875
23.214776035,58173.875
23.217400035,58173.875
23.220025035000003,58173.875
23.222649035,58186.75
23.225274035,58186.75
23.227898035000003,58186.75
23.230523035,58186.75
23.233147035000002,58186.75
23.235772035,58186.75
23.238396035,58186.75
23.241021035000003,58186.75
23.243645035,58186.75
23.246270035000002,58186.75
23.248894035000003,58206.125
23.251519035,58206.125
23.254143035000002,58206.125
23.256768035,58206.125
23.259392035,58206.125
23.262017035000003,58206.125
23.264641035,58206.125
23.267266035000002,58206.125
23.269890035000003,58206.125
23.272515035,58173.875
23.275140035,58173.875
23.277764035,58173.875
23.280389035000002,58173.875
23.283013035,58173.875
23.285638035,58173.875
23.288262035000002,58173.875
23.290887035,58173.875
23.293511035,58173.875
23.296136035,58173.875
23.298760035,58161.0
23.301385035000003,58161.0
23.304009035,58161.0
23.306634035000002,58161.0
23.309258035000003,58161.0
23.311883035,58161.0
23.314507035000002,58161.0
23.317132035,58161.0
23.319756035,58161.0
23.322381035000003,58161.0
23.325005035,58193.125
23.327630035000002,58193.125
23.330254035000003,58193.125
23.332879035,58193.125
23.335503035000002,58193.125
23.338128035,58193.125
23.340752035,58193.125
23.343377035000003,58193.125
23.346001035,58193.125
23.348626035000002,58173.875
23.351250035000003,58173.875
23.353875035,58173.875
23.356499035000002,58173.875
23.359124035,58173.875
23.361748035,58173.875
23.364373035,58173.875
23.366997035,58173.875
23.369622035000003,58173.875
23.372246035,58173.875
23.374871035,58154.5
23.377495035000003,58154.5
23.380120035,58154.5
23.382744035,58154.5
23.385369035,58154.5
23.387994035000002,58154.5
23.390618035000003,58154.5
23.393243035,58154.5
23.395867035000002,58154.5
23.398492035,58186.75
23.401116035,58186.75
23.403741035000003,58186.75
23.406365035,58186.75
23.408990035000002,58186.75
23.411614035000003,58186.75
23.414239035,58186.75
23.416863035000002,58186.75
23.419488035,58186.75
23.422112035,58186.75
23.424737035,58186.75
23.427361035,58148.125
23.429986035000002,58148.125
23.432610035,58148.125
23.435235035,58148.125
23.437859035000002,58148.125
23.440484035,58148.125
23.443108035,58148.125
23.445733035,58148.125
23.448357035,58148.125
23.450982035000003,58173.875
23.453606035,58173.875
23.456231035000002,58173.875
23.458855035000003,58173.875
23.461480035,58173.875
23.464104035000002,58173.875
23.466729035,58173.875
23.469353035,58173.875
23.471978035000003,58173.875
23.474602035,58173.875
23.477227035000002,58167.375
23.479851035000003,58167.375
23.482476035,58167.375
23.485100035000002,58167.375
23.487725035,58167.375
23.490349035,58167.375
23.492974035000003,58167.375
23.495598035,58167.375
23.498223035000002,58167.375
23.500848035,58167.375
23.503472035,58167.375
23.506097035,58167.375
23.508721035,58167.375
23.511346035000003,58167.375
23.513970035,58167.375
23.516595035,58167.375
23.519219035000003,58167.375
23.521844035,58167.375
23.524468035,58167.375
23.527093035,58109.375
23.529717035,58109.375
23.532342035000003,58109.375
23.534966035,58109.375
23.537591035000002,58109.375
23.540215035000003,58109.375
23.542840035,58109.375
23.545464035000002,58109.375
23.548089035,58109.375
23.550713035,58109.375
23.553338035000003,58128.75
23.555962035,58128.75
23.558587035000002,58128.75
23.561211035000003,58128.75
23.563836035,58128.75
23.566460035000002,58128.75
23.569085035,58128.75
23.571709035,58128.75
23.574334035000003,58128.75
23.576958035,58180.25
23.579583035000002,58180.25
23.582207035,58180.25
23.584832035,58180.25
23.587456035000002,58180.25
23.590081035,58180.25
23.592705035,58180.25
23.595330035,58180.25
23.597954035,58180.25
23.600579035000003,58180.25
23.603203035,58199.625
23.605828035000002,58199.625
23.608452035000003,58199.625
23.611077035,58199.625
23.613702035000003,58199.625
23.616326035,58199.625
23.618951035000002,58199.625
23.621575035000003,58199.625
23.624200035,58199.625
23.626824035000002,58199.625
23.629449035,58206.125
23.632073035,58206.125
23.634698035000003,58206.125
23.637322035,58206.125
23.639947035000002,58206.125
23.642571035000003,58206.125
23.645196035,58206.125
23.647820035000002,58206.125
23.650445035,58206.125
23.653069035,58206.125
23.655694035,58206.125
23.658318035,58206.125
23.660943035000003,58206.125
23.663567035,58206.125
23.666192035,58206.125
23.668816035000003,58206.125
23.671441035,58206.125
23.674065035,58206.125
23.676690035,58206.125
23.679314035,58225.375
23.681939035000003,58225.375
23.684563035,58225.375
23.687188035000002,58225.375
23.689812035000003,58225.375
23.692437035,58225.375
23.695061035000002,58225.375
23.697686035,58225.375
23.700310035,58225.375
23.702935035000003,58225.375
23.705559035,58186.75
23.708184035000002,58186.75
23.710808035000003,58186.75
23.713433035,58186.75
23.716057035000002,58186.75
23.718682035,58186.75
23.721307035000002,58186.75
23.723931035000003,58186.75
23.726556035,58186.75
23.729180035000002,58186.75
23.731805035,58154.5
23.734429035,58154.5
23.737054035,58154.5
23.739678035,58154.5
23.742303035000003,58154.5
23.744927035,58154.5
23.747552035000002,58154.5
23.750176035000003,58154.5
23.752801035,58154.5
23.755425035000002,58103.0
23.758050035,58103.0
23.760674035,58103.0
23.763299035000003,58103.0
23.765923035,58103.0
23.768548035000002,58103.0
23.771172035000003,58103.0
23.773797035,58103.0
23.776421035000002,58103.0
23.779046035,58103.0
23.781670035,58154.5
23.784295035000003,58154.5
23.786919035,58154.5
23.789544035000002,58154.5
23.792168035000003,58154.5
23.794793035,58154.5
23.797417035000002,58154.5
23.800042035,58154.5
23.802666035,58154.5
23.805291035,58154.5
23.807915035,58115.875
23.810540035000002,58115.875
23.813164035,58115.875
23.815789035,58115.875
23.818413035000003,58115.875
23.821038035,58115.875
23.823662035,58115.875
23.826287035,58115.875
23.828911035,58115.875
23.831536035000003,58115.875
23.834161035,58103.0
23.836785035000002,58103.0
23.839410035,58103.0
23.842034035,58103.0
23.844659035000003,58103.0
23.847283035,58103.0
23.849908035000002,58103.0
23.852532035000003,58103.0
23.855157035,58103.0
23.857781035000002,58096.5
23.860406035,58096.5
23.863030035,58096.5
23.865655035000003,58096.5
23.868279035,58096.5
23.870904035000002,58096.5
23.873528035000003,58096.5
23.876153035,58096.5
23.878777035000002,58096.5
23.881402035,58096.5
23.884026035,58038.5
23.886651035,58038.5
23.889275035,58038.5
23.891900035000003,58038.5
23.894524035,58038.5
23.897149035,58038.5
23.899773035000003,58038.5
23.902398035,58038.5
23.905022035000002,58038.5
23.907647035,58038.5
23.910271035,58051.375
23.912896035000003,58051.375
23.915520035,58051.375
23.918145035000002,58051.375
23.920769035000003,58051.375
23.923394035,58051.375
23.926018035000002,58051.375
23.928643035,58051.375
23.931267035,58051.375
23.933892035000003,57999.875
23.936516035,57999.875
23.939141035000002,57999.875
23.941765035000003,57999.875
23.944390035,57999.875
23.947015035,57999.875
23.949639035,57999.875
23.952264035000002,57999.875
23.954888035,57999.875
23.957513035,57999.875
23.960137035000002,58019.25
23.962762035,58019.25
23.965386035,58019.25
23.968011035,58019.25
23.970635035,58019.25
23.973260035000003,58019.25
23.975884035,58019.25
23.978509035000002,58019.25
23.981133035000003,58019.25
23.983758035,58019.25
23.986382035000002,58038.5
23.989007035,58038.5
23.991631035,58038.5
23.994256035000003,58038.5
23.996880035,58038.5
23.999505035000002,58038.5
24.002129035000003,58038.5
24.004754035,58038.5
24.007378035000002,58038.5
24.010003035,58038.5
24.012627035,58057.875
24.015252035000003,58057.875
24.017876035,58057.875
24.020501035000002,58057.875
24.023125035000003,58057.875
24.025750035,58057.875
24.028374035000002,58057.875
24.030999035,58057.875
24.033623035,58057.875
24.036248035,57941.875
24.038872035,57941.875
24.041497035000003,57941.875
24.044121035,57941.875
24.046746035,57941.875
24.049370035000003,57941.875
24.051995035,57941.875
24.054619035,57941.875
24.057244035,57941.875
24.059869035000002,57941.875
24.062493035000003,57858.125
24.065118035,57858.125
24.067742035000002,57858.125
24.070367035,57858.125
24.072991035,57858.125
24.075616035000003,57858.125
24.078240035,57858.125
24.080865035000002,57858.125
24.083489035000003,57858.125
24.086114035,57858.125
24.088738035000002,57999.875
24.091363035,57999.875
24.093987035,57999.875
24.096612035000003,57999.875
24.099236035,57999.875
24.101861035000002,57999.875
24.104485035,57999.875
24.107110035,57999.875
24.109734035000002,57999.875
24.112359035,58122.25
24.114983035,58122.25
24.117608035,58122.25
24.120232035,58122.25
24.122857035000003,58122.25
24.125481035,58122.25
24.128106035000002,58122.25
24.130730035000003,58122.25
24.133355035,58122.25
24.135979035000002,58122.25
24.138604035,58167.375
24.141228035,58167.375
24.143853035000003,58167.375
24.146477035,58167.375
24.149102035000002,58167.375
24.151726035000003,58167.375
24.154351035,58167.375
24.156975035000002,58167.375
24.159600035,58167.375
24.162224035,58167.375
24.164849035000003,58141.625
24.167473035,58141.625
24.170098035000002,58141.625
24.172723035,58141.625
24.175347035,58141.625
24.177972035,58141.625
24.180596035,58141.625
24.183221035000003,58141.625
24.185845035,58141.625
24.188470035,58167.375
24.191094035000003,58167.375
24.193719035,58167.375
24.196343035,58167.375
24.198968035,58167.375
24.201592035,58167.375
24.204217035000003,58167.375
24.206841035,58167.375
24.209466035000002,58167.375
24.212090035000003,58167.375
24.214715035,58199.625
24.217339035000002,58199.625
24.219964035,58199.625
24.222588035,58199.625
24.225213035000003,58199.625
24.227837035,58199.625
24.230462035000002,58199.625
24.233086035000003,58199.625
24.235711035,58199.625
24.238335035000002,58231.875
24.240960035,58231.875
24.243584035,58231.875
24.246209035000003,58231.875
24.248833035,58231.875
24.251458035000002,58231.875
24.254082035000003,58231.875
24.256707035,58231.875
24.259331035000002,58231.875
24.261956035,58231.875
24.264580035,58231.875
24.267205035,58219.0
24.269829035,58219.0
24.272454035000003,58219.0
24.275078035,58219.0
24.277703035000002,58219.0
24.280327035000003,58219.0
24.282952035,58219.0
24.285577035000003,58219.0
24.288201035,58219.0
24.290826035000002,58180.25
24.293450035000003,58180.25
24.296075035,58180.25
24.298699035000002,58180.25
24.301324035,58180.25
24.303948035,58180.25
24.306573035000003,58180.25
24.309197035,58180.25
24.311822035000002,58180.25
24.314446035000003,58180.25
24.317071035,58167.375
24.319695035000002,58167.375
24.322320035,58167.375
24.324944035,58167.375
24.327569035,58167.375
24.330193035,58167.375
24.332818035000003,58167.375
24.335442035,58167.375
24.338067035,58167.375
24.340691035000003,58167.375
24.343316035,58199.625
24.345940035,58199.625
24.348565035,58199.625
24.351189035,58199.625
24.353814035000003,58199.625
24.356438035,58199.625
24.359063035000002,58199.625
24.361687035000003,58199.625
24.364312035,58199.625
24.366936035000002,58180.25
24.369561035,58180.25
24.372185035,58180.25
24.374810035000003,58180.25
24.377434035,58180.25
24.380059035000002,58180.25
24.382683035000003,58180.25
24.385308035,58180.25
24.387932035000002,58180.25
24.390557035,58180.25
24.393182035000002,58173.875
24.395806035000003,58173.875
24.398431035,58173.875
24.401055035000002,58173.875
24.403680035,58173.875
24.406304035,58173.875
24.408929035,58173.875
24.411553035,58173.875
24.414178035000003,58173.875
24.416802035,58167.375
24.419427035000002,58167.375
24.422051035000003,58167.375
24.424676035,58167.375
24.427300035000002,58167.375
24.429925035,58167.375
24.432549035,58167.375
24.435174035000003,58167.375
24.437798035,58167.375
24.440423035000002,58167.375
24.443047035000003,58219.0
24.445672035,58219.0
24.448296035000002,58219.0
24.450921035,58219.0
24.453545035,58219.0
24.456170035000003,58219.0
24.458794035,58219.0
24.461419035000002,58219.0
24.464043035000003,58219.0
24.466668035,58219.0
24.469292035000002,58238.25
24.471917035,58238.25
24.474541035,58238.25
24.477166035,58238.25
24.479790035,58238.25
24.482415035000002,58238.25
24.485039035,58238.25
24.487664035,58238.25
24.490288035000003,58238.25
24.492913035,58238.25
24.495537035,58231.875
24.498162035,58231.875
24.500786035,58231.875
24.503411035000003,58231.875
24.506036035,58231.875
24.508660035000002,58231.875
24.511285035,58231.875
24.513909035,58231.875
24.516534035000003,58231.875
24.519158035,58231.875
24.521783035000002,58251.125
24.524407035000003,58251.125
24.527032035,58251.125
24.529656035000002,58251.125
24.532281035,58251.125
24.534905035,58251.125
24.537530035000003,58251.125
24.540154035,58251.125
24.542779035000002,58251.125
24.545403035000003,58231.875
24.548028035,58231.875
24.550652035000002,58231.875
24.553277035,58231.875
24.555901035,58231.875
24.558526035,58231.875
24.561150035,58231.875
24.563775035000003,58231.875
24.566399035,58231.875
24.569024035,58231.875
24.571648035000003,58231.875
24.574273035,58231.875
24.576897035000002,58231.875
24.579522035,58231.875
24.582146035,58231.875
24.584771035000003,58231.875
24.587395035,58231.875
24.590020035000002,58231.875
24.592644035000003,58231.875
24.595269035,58180.25
24.597893035000002,58180.25
24.600518035,58180.25
24.603142035,58180.25
24.605767035000003,58180.25
24.608391035,58180.25
24.611016035000002,58180.25
24.613640035000003,58180.25
24.616265035,58180.25
24.618890035000003,58180.25
24.621514035,58186.75
24.624139035000002,58186.75
24.626763035000003,58186.75
24.629388035,58186.75
24.632012035000002,58186.75
24.634637035,58186.75
24.637261035,58186.75
24.639886035,58186.75
24.642510035,58186.75
24.645135035000003,58186.75
24.647759035,58199.625
24.650384035000002,58199.625
24.653008035000003,58199.625
24.655633035,58199.625
24.658257035000002,58199.625
24.660882035,58199.625
24.663506035,58199.625
24.666131035000003,58199.625
24.668755035,58199.625
24.671380035000002,58199.625
24.674004035000003,58251.125
24.676629035,58251.125
24.679253035000002,58251.125
24.681878035,58251.125
24.684502035,58251.125
24.687127035000003,58251.125
24.689751035,58251.125
