Time (s),Illuminance (lx)
0.0,24322.375
0.005625796000000001,24303.0
0.015756796,24303.0
0.025888796000000002,24296.5
0.028543796000000003,24296.5
0.031168796000000002,24296.5
0.033792796,24296.5
0.036417796,24296.5
0.039041796000000004,24296.5
0.041666796000000006,24296.5
0.044290796,24296.5
0.046915796,24296.5
0.049539796000000004,24296.5
0.052164796000000006,24296.5
0.054788796,24296.5
0.057413796,24296.5
0.060037796000000004,24296.5
0.062662796,24296.5
0.06528679600000001,24296.5
0.06791179600000001,24296.5
0.070535796,24315.875
0.073160796,24315.875
0.075784796,24315.875
0.078409796,24315.875
0.081033796,24315.875
0.08365879600000001,24315.875
0.08628379600000001,24315.875
0.08890779600000001,24315.875
0.091532796,24315.875
0.094156796,24315.875
0.096781796,24309.5
0.099405796,24309.5
0.102030796,24309.5
0.10465479600000001,24309.5
0.10727979600000001,24309.5
0.10990379600000001,24309.5
0.112528796,24309.5
0.115152796,24309.5
0.117777796,24309.5
0.120401796,24296.5
0.12302679600000001,24296.5
0.125650796,24296.5
0.128275796,24296.5
0.130899796,24296.5
0.133524796,24296.5
0.13614879600000002,24296.5
0.138773796,24296.5
0.14139779600000002,24296.5
0.144022796,24296.5
0.146646796,24315.875
0.149271796,24315.875
0.151895796,24315.875
0.15452079600000002,24315.875
0.157144796,24315.875
0.15976979600000002,24315.875
0.162393796,24315.875
0.16501879600000002,24315.875
0.167642796,24315.875
0.170267796,24315.875
0.17289179600000001,24322.375
0.175516796,24322.375
0.17814079600000002,24322.375
0.180765796,24322.375
0.18338979600000002,24322.375
0.186014796,24322.375
0.18863879600000003,24322.375
0.191263796,24322.375
0.193887796,24322.375
0.19651279600000002,24322.375
0.199137796,24328.75
0.20176179600000002,24328.75
0.204386796,24328.75
0.20701079600000002,24328.75
0.209635796,24328.75
0.212259796,24328.75
0.21488479600000002,24328.75
0.217508796,24328.75
0.22013379600000002,24328.75
0.222757796,24309.5
0.22538279600000002,24309.5
0.228006796,24309.5
0.23063179600000003,24309.5
0.23326179600000002,24309.5
0.235885796,24309.5
0.23851079600000002,24309.5
0.241134796,24309.5
0.24375979600000003,24309.5
0.24638379600000002,24309.5
0.249008796,24309.5
0.251632796,24309.5
0.25425779600000004,24309.5
0.256881796,24309.5
0.25950679600000004,24309.5
0.262130796,24309.5
0.26475579600000004,24309.5
0.267379796,24309.5
0.270004796,24309.5
0.272628796,24309.5
0.275253796,24315.875
0.277877796,24315.875
0.280502796,24315.875
0.283126796,24315.875
0.285751796,24315.875
0.288375796,24315.875
0.291000796,24315.875
0.293624796,24315.875
0.296249796,24315.875
0.298873796,24328.75
0.301498796,24328.75
0.30412279600000003,24328.75
0.306747796,24328.75
0.30937179600000003,24328.75
0.311996796,24328.75
0.31462079600000004,24328.75
0.317245796,24328.75
0.31986979600000004,24328.75
0.32249479600000003,24328.75
0.32511879600000004,24328.75
0.32774379600000003,24328.75
0.33036779600000005,24328.75
0.33299279600000004,24328.75
0.335616796,24328.75
0.33824179600000004,24328.75
0.340866796,24328.75
0.34349079600000004,24328.75
0.34611579600000003,24328.75
0.34873979600000005,24328.75
0.35136479600000003,24322.375
0.353988796,24322.375
0.35661379600000004,24322.375
0.359237796,24322.375
0.36186279600000004,24322.375
0.364486796,24322.375
0.36711179600000005,24322.375
0.369735796,24322.375
0.37236079600000005,24322.375
0.374984796,24322.375
0.377609796,24315.875
0.380233796,24315.875
0.382858796,24315.875
0.385482796,24315.875
0.388107796,24315.875
0.390731796,24315.875
0.393356796,24315.875
0.395980796,24315.875
0.398605796,24315.875
0.401229796,24335.25
0.403854796,24335.25
0.40647879600000003,24335.25
0.409103796,24335.25
0.41172779600000003,24335.25
0.414352796,24335.25
0.41697679600000004,24335.25
0.419601796,24335.25
0.42222579600000004,24335.25
0.42485079600000003,24335.25
0.42747479600000005,24335.25
0.43009979600000003,24335.25
0.43272379600000005,24335.25
0.43534879600000004,24335.25
0.43797279600000005,24335.25
0.44059779600000004,24335.25
0.443221796,24335.25
0.44584679600000005,24335.25
0.448470796,24335.25
0.45109579600000005,24335.25
0.45372079600000004,24328.75
0.45634479600000005,24328.75
0.45896979600000004,24328.75
0.46159379600000006,24328.75
0.46421879600000004,24328.75
0.466842796,24328.75
0.46946779600000005,24328.75
0.472091796,24328.75
0.47471679600000005,24328.75
0.477340796,24322.375
0.47996579600000006,24322.375
0.482589796,24322.375
0.485214796,24322.375
0.487838796,24322.375
0.490463796,24322.375
0.493087796,24322.375
0.495712796,24322.375
0.498336796,24322.375
0.500961796,24322.375
0.5035857960000001,24328.75
0.5062107960000001,24328.75
0.508834796,24328.75
0.511459796,24328.75
0.514083796,24328.75
0.5167087960000001,24328.75
0.519332796,24328.75
0.521957796,24328.75
0.524581796,24328.75
0.527206796,24328.75
0.529830796,24341.625
0.532455796,24341.625
0.535079796,24341.625
0.537704796,24341.625
0.5403287960000001,24341.625
0.542953796,24341.625
0.545577796,24341.625
0.548202796,24341.625
0.5508267960000001,24341.625
0.553451796,24341.625
0.556075796,24348.125
0.558700796,24348.125
0.561325796,24348.125
0.5639497960000001,24348.125
0.566574796,24348.125
0.569198796,24348.125
0.571823796,24348.125
0.5744477960000001,24348.125
0.577072796,24348.125
0.579696796,24328.75
0.582321796,24328.75
0.5849457960000001,24328.75
0.5875707960000001,24328.75
0.590194796,24328.75
0.592819796,24328.75
0.5954437960000001,24328.75
0.5980687960000001,24328.75
0.600692796,24328.75
0.603317796,24328.75
0.6059417960000001,24322.375
0.6085667960000001,24322.375
0.611190796,24322.375
0.613815796,24322.375
0.616439796,24322.375
0.6190647960000001,24322.375
0.621688796,24322.375
0.624313796,24322.375
0.626937796,24322.375
0.6295627960000001,24322.375
0.632186796,24309.5
0.634811796,24309.5
0.637435796,24309.5
0.640060796,24309.5
0.6426847960000001,24309.5
0.645309796,24309.5
0.647933796,24309.5
0.650558796,24309.5
0.6531827960000001,24309.5
0.655807796,24328.75
0.658431796,24328.75
0.661056796,24328.75
0.6636807960000001,24328.75
0.6663057960000001,24328.75
0.668929796,24328.75
0.671554796,24328.75
0.674179796,24328.75
0.6768037960000001,24328.75
0.6794287960000001,24328.75
0.682052796,24322.375
0.684677796,24322.375
0.6873017960000001,24322.375
0.6899267960000001,24322.375
0.692550796,24322.375
0.695175796,24322.375
0.6977997960000001,24322.375
0.7004247960000001,24322.375
0.703048796,24322.375
0.705673796,24322.375
0.7082977960000001,24309.5
0.7109227960000001,24309.5
0.713546796,24309.5
0.716171796,24309.5
0.7187957960000001,24309.5
0.7214207960000001,24309.5
0.724044796,24309.5
0.726669796,24309.5
0.729293796,24309.5
0.7319187960000001,24309.5
0.734542796,24309.5
0.737167796,24309.5
0.739791796,24309.5
0.7424167960000001,24309.5
0.7450407960000001,24309.5
0.747665796,24309.5
0.750289796,24309.5
0.752914796,24309.5
0.7555387960000001,24309.5
0.7581637960000001,24322.375
0.760787796,24322.375
0.763412796,24322.375
0.7660367960000001,24322.375
0.7686617960000001,24322.375
0.771285796,24322.375
0.773910796,24322.375
0.7765347960000001,24322.375
0.7791597960000001,24322.375
0.781783796,24322.375
0.784408796,24328.75
0.787033796,24328.75
0.7896577960000001,24328.75
0.7922827960000001,24328.75
0.794906796,24328.75
0.797531796,24328.75
0.8001557960000001,24328.75
0.8027807960000001,24328.75
0.805404796,24328.75
0.808029796,24328.75
0.8106537960000001,24328.75
0.8132787960000001,24328.75
0.815902796,24328.75
0.818527796,24328.75
0.8211517960000001,24328.75
0.8237767960000001,24328.75
0.826400796,24328.75
0.829025796,24328.75
0.831649796,24328.75
0.8342747960000001,24315.875
0.8368987960000001,24315.875
0.839523796,24315.875
0.842147796,24315.875
0.8447727960000001,24315.875
0.8473967960000001,24315.875
0.850021796,24315.875
0.852645796,24315.875
0.855270796,24315.875
0.8578947960000001,24315.875
0.8605197960000001,24315.875
0.863143796,24315.875
0.865768796,24315.875
0.8683927960000001,24315.875
0.8710177960000001,24315.875
0.873641796,24315.875
0.876266796,24315.875
0.8788907960000001,24315.875
0.8815157960000001,24315.875
0.884139796,24315.875
0.886764796,24335.25
0.8893887960000001,24335.25
0.8920137960000001,24335.25
0.894637796,24335.25
0.897262796,24335.25
0.899887796,24335.25
0.9025117960000001,24335.25
0.9051367960000001,24335.25
0.907760796,24335.25
0.910385796,24335.25
0.9130097960000001,24335.25
0.9156347960000001,24335.25
0.918258796,24335.25
0.920883796,24335.25
0.9235077960000001,24335.25
0.9261327960000001,24335.25
0.928756796,24335.25
0.931381796,24335.25
0.9340057960000001,24335.25
0.9366307960000001,24328.75
0.9392547960000001,24328.75
0.941879796,24328.75
0.944503796,24328.75
0.9471287960000001,24328.75
0.9497527960000001,24328.75
0.952377796,24328.75
0.955001796,24328.75
0.9576267960000001,24328.75
0.9602507960000001,24322.375
0.9628757960000001,24322.375
0.965499796,24322.375
0.968124796,24322.375
0.9707487960000001,24322.375
0.9733737960000001,24322.375
0.975997796,24322.375
0.978622796,24322.375
0.9812467960000001,24322.375
0.9838717960000001,24322.375
0.986495796,24322.375
0.989120796,24322.375
0.9917447960000001,24322.375
0.9943697960000001,24322.375
0.996993796,24322.375
0.999618796,24322.375
1.002242796,24322.375
1.004867796,24322.375
1.007491796,24322.375
1.0101167960000002,24322.375
1.012741796,24328.75
1.015365796,24328.75
1.017990796,24328.75
1.020614796,24328.75
1.0232397960000001,24328.75
1.025863796,24328.75
1.028488796,24328.75
1.0311127960000002,24328.75
1.033737796,24328.75
1.036361796,24328.75
1.038986796,24328.75
1.041610796,24328.75
1.0442357960000002,24328.75
1.0468597960000001,24328.75
1.049484796,24328.75
1.052108796,24328.75
1.054733796,24328.75
1.057357796,24328.75
1.0599827960000001,24328.75
1.062606796,24328.75
1.0652317960000002,24322.375
1.0678557960000001,24322.375
1.070480796,24322.375
1.073104796,24322.375
1.075729796,24322.375
1.078353796,24322.375
1.0809787960000001,24322.375
1.083602796,24322.375
1.086227796,24322.375
1.0888517960000001,24322.375
1.091476796,24322.375
1.094100796,24322.375
1.096725796,24322.375
1.099349796,24322.375
1.1019747960000001,24322.375
1.104598796,24322.375
1.107223796,24322.375
1.1098477960000002,24322.375
1.112472796,24322.375
1.115096796,24335.25
1.117721796,24335.25
1.120345796,24335.25
1.1229707960000002,24335.25
1.125595796,24335.25
1.128219796,24335.25
1.130844796,24335.25
1.133468796,24335.25
1.1360937960000002,24335.25
1.1387177960000001,24335.25
1.141342796,24335.25
1.1439667960000002,24335.25
1.146591796,24335.25
1.149215796,24335.25
1.1518407960000001,24335.25
1.154464796,24335.25
1.1570897960000002,24335.25
1.1597137960000001,24335.25
1.162338796,24335.25
1.164962796,24348.125
1.167587796,24348.125
1.170211796,24348.125
1.1728367960000001,24348.125
1.175460796,24348.125
1.178085796,24348.125
1.1807097960000001,24348.125
1.183334796,24348.125
1.185958796,24348.125
1.188583796,24348.125
1.191207796,24335.25
1.1938327960000001,24335.25
1.196456796,24335.25
1.199081796,24335.25
1.2017057960000002,24335.25
1.204330796,24335.25
1.206954796,24335.25
1.209579796,24335.25
1.212203796,24335.25
1.2148287960000002,24335.25
1.2174527960000001,24335.25
1.220077796,24335.25
1.2227017960000002,24335.25
1.225326796,24335.25
1.227950796,24335.25
1.230575796,24335.25
1.233200796,24335.25
1.2358247960000002,24335.25
1.238449796,24335.25
1.241073796,24341.625
1.243698796,24341.625
1.246322796,24341.625
1.2489477960000002,24341.625
1.2515717960000001,24341.625
1.254196796,24341.625
1.2568207960000002,24341.625
1.259445796,24341.625
1.262069796,24341.625
1.2646947960000001,24341.625
1.267318796,24335.25
1.2699437960000002,24335.25
1.2725677960000001,24335.25
1.275192796,24335.25
1.277816796,24335.25
1.280441796,24335.25
1.283065796,24335.25
1.2856907960000001,24335.25
1.288314796,24335.25
1.290939796,24335.25
1.2935637960000002,24328.75
1.296188796,24328.75
1.298812796,24328.75
1.301437796,24328.75
1.304061796,24328.75
1.3066867960000002,24328.75
1.309310796,24328.75
1.311935796,24328.75
1.3145597960000002,24328.75
1.317184796,24335.25
1.319808796,24335.25
1.322433796,24335.25
1.325057796,24335.25
1.3276827960000002,24335.25
1.3303067960000001,24335.25
1.332931796,24335.25
1.3355557960000002,24335.25
1.338180796,24335.25
1.340804796,24335.25
1.3434297960000001,24335.25
1.346054796,24335.25
1.3486787960000002,24335.25
1.351303796,24335.25
1.353927796,24335.25
1.3565527960000001,24335.25
1.359176796,24335.25
1.3618017960000002,24335.25
1.3644257960000001,24335.25
1.367050796,24335.25
1.3696747960000002,24341.625
1.372299796,24341.625
1.374923796,24341.625
1.3775487960000001,24341.625
1.380172796,24341.625
1.3827977960000002,24341.625
1.3854217960000001,24341.625
1.388046796,24341.625
1.390670796,24341.625
1.393295796,24341.625
1.395919796,24335.25
1.3985447960000001,24335.25
1.401168796,24335.25
1.403793796,24335.25
1.4064177960000002,24335.25
1.409042796,24335.25
1.411666796,24335.25
1.414291796,24335.25
1.416915796,24335.25
1.4195407960000002,24328.75
1.4221647960000001,24328.75
1.424789796,24328.75
1.4274137960000002,24328.75
1.430038796,24328.75
1.432662796,24328.75
1.4352877960000001,24328.75
1.437911796,24328.75
1.4405367960000002,24328.75
1.4431607960000001,24328.75
1.445785796,24335.25
1.4484097960000002,24335.25
1.451034796,24335.25
1.453658796,24335.25
1.4562837960000001,24335.25
1.458908796,24335.25
1.4615327960000002,24335.25
1.464157796,24335.25
1.466781796,24335.25
1.4694067960000001,24335.25
1.472030796,24348.125
1.4746557960000002,24348.125
1.4772797960000001,24348.125
1.479904796,24348.125
1.482528796,24348.125
1.485153796,24348.125
1.487777796,24348.125
1.4904027960000001,24348.125
1.493026796,24348.125
1.4956517960000002,24341.625
1.4982757960000002,24341.625
1.500900796,24341.625
1.503524796,24341.625
1.506149796,24341.625
1.508773796,24341.625
1.5113987960000002,24341.625
1.5140227960000001,24341.625
1.516647796,24341.625
1.5192717960000002,24341.625
1.521896796,24341.625
1.524520796,24341.625
1.527145796,24341.625
1.529769796,24341.625
1.5323947960000002,24341.625
1.5350187960000001,24341.625
1.537643796,24341.625
1.5402677960000002,24341.625
1.542892796,24341.625
1.545516796,24341.625
1.5481417960000001,24322.375
1.550765796,24322.375
1.5533907960000002,24322.375
1.5560147960000001,24322.375
1.558639796,24322.375
1.5612637960000002,24322.375
1.563888796,24322.375
1.566512796,24322.375
1.5691377960000001,24322.375
1.571762796,24322.375
1.5743867960000002,24322.375
1.577011796,24322.375
1.579635796,24322.375
1.5822607960000001,24322.375
1.584884796,24322.375
1.5875097960000002,24322.375
1.5901337960000002,24322.375
1.592758796,24322.375
1.595382796,24322.375
1.598007796,24335.25
1.600631796,24335.25
1.6032567960000002,24335.25
1.605880796,24335.25
1.6085057960000002,24335.25
1.6111297960000002,24335.25
1.613754796,24335.25
1.616378796,24335.25
1.619003796,24335.25
1.621627796,24335.25
1.6242527960000002,24328.75
1.6268767960000001,24328.75
1.629501796,24328.75
1.6321257960000002,24328.75
1.634750796,24328.75
1.637374796,24328.75
1.6399997960000001,24328.75
1.642623796,24328.75
1.6452487960000002,24328.75
1.6478727960000001,24328.75
1.650497796,24335.25
1.6531217960000002,24335.25
1.655746796,24335.25
1.658370796,24335.25
1.6609957960000001,24335.25
1.663619796,24335.25
1.6662447960000002,24335.25
1.6688687960000002,24335.25
1.671493796,24335.25
1.6741177960000002,24322.375
1.676742796,24322.375
1.679366796,24322.375
1.6819917960000002,24322.375
1.684616796,24322.375
1.6872407960000002,24322.375
1.689865796,24322.375
1.692489796,24322.375
1.6951147960000001,24322.375
1.697738796,24322.375
1.7003637960000002,24341.625
1.7029877960000002,24341.625
1.705612796,24341.625
1.708236796,24341.625
1.710861796,24341.625
1.713485796,24341.625
1.7161107960000002,24341.625
1.7187347960000001,24341.625
1.721359796,24341.625
1.7239837960000002,24341.625
1.726608796,24335.25
1.729232796,24335.25
1.7318577960000001,24335.25
1.734481796,24335.25
1.7371067960000002,24335.25
1.7397307960000001,24335.25
1.742355796,24335.25
1.7449797960000002,24335.25
1.747604796,24335.25
1.750228796,24335.25
1.7528537960000001,24335.25
1.755477796,24335.25
1.7581027960000002,24335.25
1.7607267960000001,24335.25
1.763351796,24335.25
1.7659757960000002,24335.25
1.768600796,24335.25
1.771224796,24335.25
1.7738497960000001,24335.25
1.776473796,24328.75
1.7790987960000002,24328.75
1.7817227960000002,24328.75
1.784347796,24328.75
1.786971796,24328.75
1.789596796,24328.75
1.792220796,24328.75
1.7948457960000002,24328.75
1.797470796,24328.75
1.8000947960000002,24328.75
1.802719796,24328.75
1.805343796,24328.75
1.8079687960000002,24328.75
1.8105927960000001,24328.75
1.8132177960000002,24328.75
1.8158417960000002,24328.75
1.818466796,24328.75
1.821090796,24328.75
1.8237157960000001,24328.75
1.826339796,24328.75
1.8289647960000002,24335.25
1.8315887960000001,24335.25
1.834213796,24335.25
1.8368377960000002,24335.25
1.839462796,24335.25
1.842086796,24335.25
1.8447117960000001,24335.25
1.847335796,24335.25
1.8499607960000002,24335.25
1.8525847960000001,24348.125
1.855209796,24348.125
1.8578337960000002,24348.125
1.860458796,24348.125
1.863082796,24348.125
1.8657077960000001,24348.125
1.868331796,24348.125
1.8709567960000002,24348.125
1.8735807960000002,24348.125
1.876205796,24348.125
1.8788297960000002,24335.25
1.881454796,24335.25
1.884078796,24335.25
1.8867037960000002,24335.25
1.8893277960000001,24335.25
1.8919527960000002,24335.25
1.8945767960000002,24335.25
1.897201796,24335.25
1.899825796,24335.25
1.902450796,24335.25
1.9050757960000002,24328.75
1.9076997960000002,24328.75
1.910324796,24328.75
1.9129487960000002,24328.75
1.915573796,24328.75
1.918197796,24328.75
1.9208227960000002,24328.75
1.9234467960000001,24328.75
1.9260717960000002,24328.75
1.9286957960000002,24322.375
1.931320796,24322.375
1.933944796,24322.375
1.9365697960000001,24322.375
1.939193796,24322.375
1.9418187960000002,24322.375
1.9444427960000001,24322.375
1.947067796,24322.375
1.9496917960000002,24322.375
1.952316796,24322.375
1.954940796,24328.75
1.9575657960000001,24328.75
1.960189796,24328.75
1.9628147960000002,24328.75
1.9654387960000002,24328.75
1.968063796,24328.75
1.9706877960000002,24328.75
1.973312796,24328.75
1.975936796,24328.75
1.9785617960000002,24322.375
1.981185796,24322.375
1.9838107960000002,24322.375
1.9864347960000002,24322.375
1.989059796,24322.375
1.9916837960000002,24322.375
1.994308796,24322.375
1.996932796,24322.375
1.9995577960000002,24322.375
2.0021817960000003,24322.375
2.004806796,24322.375
2.007430796,24322.375
2.010055796,24322.375
2.012679796,24322.375
2.015304796,24322.375
2.017929796,24322.375
2.020553796,24322.375
2.0231787960000003,24322.375
2.0258027960000002,24322.375
2.0284277960000003,24322.375
2.0310517960000003,24322.375
2.033676796,24322.375
2.036300796,24322.375
2.038925796,24322.375
2.041549796,24322.375
2.044174796,24322.375
2.046798796,24322.375
2.049423796,24322.375
2.052047796,24322.375
2.054672796,24322.375
2.057296796,24315.875
2.0599217960000002,24315.875
2.062545796,24315.875
2.0651707960000003,24315.875
2.0677947960000003,24315.875
2.070419796,24315.875
2.0730437960000003,24315.875
2.075668796,24315.875
2.078292796,24315.875
2.080917796,24315.875
2.083541796,24309.5
2.086166796,24309.5
2.088790796,24309.5
2.091415796,24309.5
2.094039796,24309.5
2.096664796,24309.5
2.099288796,24309.5
2.1019137960000003,24309.5
2.1045377960000002,24309.5
2.1071627960000003,24303.0
2.1097867960000003,24303.0
2.112411796,24303.0
2.115035796,24303.0
2.117660796,24303.0
2.120284796,24303.0
2.122909796,24303.0
2.125533796,24303.0
2.128158796,24303.0
2.1307837960000002,24303.0
2.133407796,24309.5
2.1360327960000003,24309.5
2.1386567960000002,24309.5
2.1412817960000003,24309.5
2.1439057960000003,24309.5
2.146530796,24309.5
2.149154796,24309.5
2.151779796,24309.5
2.154403796,24309.5
2.157028796,24296.5
2.159652796,24296.5
2.162277796,24296.5
2.164901796,24296.5
2.167526796,24296.5
2.170150796,24296.5
2.1727757960000003,24296.5
2.175399796,24296.5
2.1780247960000003,24296.5
2.1806487960000003,24296.5
2.183273796,24296.5
2.1858977960000003,24296.5
2.188522796,24296.5
2.191146796,24296.5
2.193771796,24296.5
2.196395796,24296.5
2.199020796,24296.5
2.201644796,24296.5
2.204269796,24296.5
2.206893796,24296.5
2.2095187960000002,24296.5
2.212142796,24296.5
2.2147677960000003,24296.5
2.2173917960000002,24296.5
2.2200167960000003,24296.5
2.2226407960000003,24296.5
2.225265796,24296.5
2.227889796,24296.5
2.230514796,24296.5
2.233138796,24296.5
2.235763796,24290.125
2.238387796,24290.125
2.241012796,24290.125
2.2436377960000002,24290.125
2.246261796,24290.125
2.2488867960000003,24290.125
2.2515107960000003,24290.125
2.2541357960000004,24290.125
2.2567597960000003,24290.125
2.259384796,24296.5
2.262008796,24296.5
2.264633796,24296.5
2.267257796,24296.5
2.269882796,24296.5
2.272506796,24296.5
2.275131796,24296.5
2.277755796,24296.5
2.280380796,24296.5
2.283004796,24296.5
2.2856297960000003,24283.625
2.2882537960000002,24283.625
2.2908787960000003,24283.625
2.2935027960000003,24283.625
2.296127796,24283.625
2.2987517960000003,24283.625
2.301376796,24283.625
2.304000796,24283.625
2.306625796,24283.625
2.309249796,24283.625
2.311874796,24270.75
2.314498796,24270.75
2.317123796,24270.75
2.319747796,24270.75
2.3223727960000002,24270.75
2.324996796,24270.75
2.3276217960000003,24270.75
2.3302457960000003,24270.75
2.3328707960000004,24270.75
2.3354947960000003,24290.125
2.338119796,24290.125
2.340743796,24290.125
2.343368796,24290.125
2.345992796,24290.125
2.348617796,24290.125
2.351241796,24290.125
2.353866796,24290.125
2.3564917960000002,24290.125
2.359115796,24290.125
2.3617407960000003,24283.625
2.3643647960000003,24283.625
2.3669897960000004,24283.625
2.3696137960000003,24283.625
2.372238796,24283.625
2.374862796,24283.625
2.377487796,24283.625
2.380111796,24283.625
2.382736796,24283.625
2.385360796,24283.625
2.387985796,24264.375
2.390609796,24264.375
2.393234796,24264.375
2.395858796,24264.375
2.3984837960000003,24264.375
2.4011077960000002,24264.375
2.4037327960000003,24264.375
2.4063567960000003,24264.375
2.408981796,24264.375
2.4116057960000004,24264.375
2.414230796,24277.25
2.416854796,24277.25
2.419479796,24277.25
2.422103796,24277.25
2.424728796,24277.25
2.427352796,24277.25
2.429977796,24277.25
2.432601796,24277.25
2.4352267960000002,24277.25
2.437850796,24270.75
2.4404757960000003,24270.75
2.4430997960000003,24270.75
2.4457247960000004,24270.75
2.4483487960000003,24270.75
2.450973796,24270.75
2.453597796,24270.75
2.456222796,24270.75
2.458846796,24270.75
2.461471796,24270.75
2.464095796,24270.75
2.466720796,24270.75
2.4693457960000003,24270.75
2.471969796,24270.75
2.4745947960000003,24270.75
2.4772187960000003,24270.75
2.479843796,24270.75
2.4824677960000003,24270.75
2.485092796,24270.75
2.487716796,24270.75
2.490341796,24270.75
2.492965796,24270.75
2.495590796,24270.75
2.498214796,24270.75
2.500839796,24270.75
2.503463796,24270.75
2.5060887960000002,24270.75
2.508712796,24270.75
2.5113377960000003,24270.75
2.5139617960000002,24264.375
2.5165867960000003,24264.375
2.5192107960000003,24264.375
2.521835796,24264.375
2.5244597960000004,24264.375
2.527084796,24264.375
2.529708796,24264.375
2.532333796,24264.375
2.534957796,24264.375
2.537582796,24264.375
2.540206796,24257.875
2.542831796,24257.875
2.545455796,24257.875
2.5480807960000003,24257.875
2.550704796,24257.875
2.5533297960000003,24257.875
2.5559537960000003,24257.875
2.5585787960000004,24257.875
2.5612027960000003,24257.875
2.563827796,24257.875
2.566451796,24270.75
2.569076796,24270.75
2.571700796,24270.75
2.574325796,24270.75
2.576950796,24270.75
2.579574796,24270.75
2.5821997960000003,24270.75
2.5848237960000002,24270.75
2.5874487960000003,24270.75
2.5900727960000003,24270.75
2.592697796,24264.375
2.5953217960000003,24264.375
2.597946796,24264.375
2.600570796,24264.375
2.603195796,24264.375
2.605819796,24264.375
2.608444796,24264.375
2.611068796,24264.375
2.613693796,24264.375
2.616317796,24257.875
2.6189427960000002,24257.875
2.621566796,24257.875
2.6241917960000003,24257.875
2.6268157960000003,24257.875
2.6294407960000004,24257.875
2.6320647960000003,24257.875
2.634689796,24257.875
2.6373137960000004,24257.875
2.639938796,24257.875
2.642562796,24257.875
2.645187796,24257.875
2.647811796,24257.875
2.650436796,24257.875
2.653060796,24257.875
2.655685796,24257.875
2.658309796,24257.875
2.6609347960000003,24257.875
2.6635587960000002,24257.875
2.6661837960000003,24257.875
2.6688077960000003,24257.875
2.6714327960000004,24257.875
2.6740567960000003,24257.875
2.676681796,24257.875
2.679305796,24257.875
2.681930796,24257.875
2.684554796,24257.875
2.687179796,24257.875
2.689804796,24257.875
2.692428796,24264.375
2.6950537960000003,24264.375
2.6976777960000002,24264.375
2.7003027960000003,24264.375
2.7029267960000003,24264.375
2.705551796,24264.375
2.7081757960000004,24264.375
2.710800796,24264.375
2.713424796,24264.375
2.716049796,24264.375
2.718673796,24257.875
2.721298796,24257.875
2.723922796,24257.875
2.726547796,24257.875
2.729171796,24257.875
2.7317967960000002,24257.875
2.734420796,24257.875
2.7370457960000003,24257.875
2.7396697960000003,24257.875
2.7422947960000004,24257.875
2.7449187960000003,24264.375
2.747543796,24264.375
2.7501677960000004,24264.375
2.752792796,24264.375
2.755416796,24264.375
2.758041796,24264.375
2.760665796,24264.375
2.763290796,24264.375
2.765914796,24264.375
2.768539796,24264.375
2.771163796,24264.375
2.7737887960000003,24264.375
2.7764127960000002,24264.375
2.7790377960000003,24264.375
2.7816617960000003,24264.375
2.784286796,24264.375
2.7869107960000004,24264.375
2.789535796,24264.375
2.792159796,24264.375
2.794784796,24264.375
2.797408796,24264.375
2.800033796,24264.375
2.8026587960000002,24264.375
2.805282796,24264.375
2.8079077960000003,24264.375
2.8105317960000002,24264.375
2.8131567960000003,24264.375
2.8157807960000003,24264.375
2.818405796,24264.375
2.8210297960000004,24264.375
2.823654796,24264.375
2.826278796,24264.375
2.828903796,24264.375
2.831527796,24264.375
2.834152796,24264.375
2.836776796,24264.375
2.839401796,24264.375
2.842025796,24264.375
2.8446507960000003,24264.375
2.847274796,24264.375
2.8498997960000003,24264.375
2.8525237960000003,24264.375
2.8551487960000004,24264.375
2.8577727960000003,24264.375
2.860397796,24264.375
2.8630217960000004,24264.375
2.865646796,24264.375
2.868270796,24264.375
2.870895796,24264.375
2.873519796,24264.375
2.876144796,24264.375
2.878768796,24264.375
2.8813937960000002,24264.375
2.884017796,24264.375
2.8866427960000003,24264.375
2.8892667960000002,24264.375
2.8918917960000003,24264.375
2.8945157960000003,24264.375
2.897140796,24257.875
2.8997647960000004,24257.875
2.902389796,24257.875
2.905013796,24257.875
2.907638796,24257.875
2.910262796,24257.875
2.912887796,24257.875
2.9155127960000002,24257.875
2.918136796,24257.875
2.9207617960000003,24257.875
2.9233857960000003,24257.875
2.9260107960000004,24257.875
2.9286347960000003,24257.875
2.931259796,24257.875
2.9338837960000004,24257.875
2.936508796,24257.875
2.939132796,24257.875
2.941757796,24257.875
2.944381796,24257.875
2.947006796,24257.875
2.949630796,24257.875
2.952255796,24257.875
2.954879796,24257.875
2.9575047960000003,24257.875
2.9601287960000002,24257.875
2.9627537960000003,24257.875
2.9653777960000003,24257.875
2.9680027960000004,24257.875
2.9706267960000003,24257.875
2.973251796,24257.875
2.9758757960000004,24257.875
2.978500796,24257.875
2.981124796,24257.875
2.983749796,24257.875
2.986373796,24257.875
2.988998796,24257.875
2.991622796,24257.875
2.9942477960000002,24257.875
2.996871796,24251.5
2.9994967960000003,24251.5
3.0021207960000003,24251.5
3.0047457960000004,24251.5
3.0073697960000003,24251.5
3.009994796,24251.5
3.0126187960000004,24251.5
3.015243796,24251.5
3.017867796,24251.5
3.020492796,24251.5
3.023116796,24257.875
3.025741796,24257.875
3.0283667960000002,24257.875
3.030990796,24257.875
3.0336157960000003,24257.875
3.0362397960000003,24257.875
3.0388647960000004,24257.875
3.0414887960000003,24257.875
3.044113796,24257.875
3.0467377960000004,24257.875
3.049362796,24257.875
3.051986796,24257.875
3.054611796,24257.875
3.057235796,24257.875
3.059860796,24257.875
3.062484796,24257.875
3.065109796,24257.875
3.067733796,24257.875
3.0703587960000003,24257.875
3.0729827960000002,24257.875
3.0756077960000003,24257.875
3.0782317960000003,24257.875
3.0808567960000004,24257.875
3.0834807960000004,24257.875
3.086105796,24257.875
3.088729796,24257.875
3.091354796,24257.875
3.093978796,24257.875
3.096603796,24257.875
3.099227796,24257.875
3.101852796,24270.75
3.104476796,24270.75
3.1071017960000002,24270.75
3.109725796,24270.75
3.1123507960000003,24270.75
3.1149747960000003,24270.75
3.1175997960000004,24270.75
3.1202237960000003,24270.75
3.122848796,24270.75
3.1254727960000004,24283.625
3.128097796,24283.625
3.130721796,24283.625
3.133346796,24283.625
3.135970796,24283.625
3.138595796,24283.625
3.1412207960000003,24283.625
3.143844796,24283.625
3.1464697960000003,24283.625
3.1490937960000003,24283.625
3.1517187960000004,24270.75
3.1543427960000003,24270.75
3.156967796,24270.75
3.1595917960000004,24270.75
3.162216796,24270.75
3.164840796,24270.75
3.167465796,24270.75
3.170089796,24270.75
3.172714796,24270.75
3.175338796,24277.25
3.1779637960000002,24277.25
3.180587796,24277.25
3.1832127960000003,24277.25
3.1858367960000002,24277.25
3.1884617960000003,24277.25
3.1910857960000003,24277.25
3.1937107960000004,24277.25
3.1963347960000004,24277.25
3.198959796,24277.25
3.201583796,24277.25
3.204208796,24277.25
3.206832796,24277.25
3.209457796,24277.25
3.212081796,24277.25
3.214706796,24277.25
3.217330796,24277.25
3.2199557960000003,24277.25
3.222579796,24277.25
3.2252047960000003,24277.25
3.2278287960000003,24277.25
3.2304537960000004,24277.25
3.2330777960000003,24277.25
3.235702796,24277.25
3.2383267960000004,24277.25
3.240951796,24277.25
3.243575796,24277.25
3.246200796,24277.25
3.248825796,24277.25
3.251449796,24277.25
3.2540747960000003,24290.125
3.2566987960000002,24290.125
3.2593237960000003,24290.125
3.2619477960000003,24290.125
3.2645727960000004,24290.125
3.2671967960000003,24290.125
3.269821796,24290.125
3.2724457960000004,24290.125
3.275070796,24290.125
3.277694796,24296.5
3.280319796,24296.5
3.282943796,24296.5
3.285568796,24296.5
3.288192796,24296.5
3.2908177960000002,24296.5
3.293441796,24296.5
3.2960667960000003,24296.5
3.2986907960000003,24296.5
3.3013157960000004,24296.5
3.3039397960000003,24303.0
3.3065647960000004,24303.0
3.3091887960000004,24303.0
3.311813796,24303.0
3.314437796,24303.0
3.317062796,24303.0
3.319686796,24303.0
3.322311796,24303.0
3.324935796,24303.0
3.327560796,24303.0
3.330184796,24296.5
3.3328097960000003,24296.5
3.3354337960000002,24296.5
3.3380587960000003,24296.5
3.3406827960000003,24296.5
3.3433077960000004,24296.5
3.3459317960000003,24296.5
3.348556796,24296.5
3.3511807960000004,24296.5
3.353805796,24303.0
3.356429796,24303.0
3.359054796,24303.0
3.361679796,24303.0
3.364303796,24303.0
3.3669287960000003,24303.0
3.3695527960000002,24303.0
3.3721777960000003,24303.0
3.3748017960000003,24303.0
3.3774267960000004,24303.0
3.3800507960000004,24296.5
3.382675796,24296.5
3.3852997960000004,24296.5
3.387924796,24296.5
3.390548796,24296.5
3.393173796,24296.5
3.395797796,24296.5
3.398422796,24296.5
3.401046796,24296.5
3.4036717960000002,24296.5
3.406295796,24290.125
3.4089207960000003,24290.125
3.4115447960000003,24290.125
3.4141697960000004,24290.125
3.4167937960000003,24290.125
3.4194187960000004,24290.125
3.4220427960000004,24290.125
3.424667796,24290.125
3.427291796,24290.125
3.429916796,24290.125
3.432540796,24296.5
3.435165796,24296.5
3.437789796,24296.5
3.440414796,24296.5
3.443038796,24296.5
3.4456637960000003,24296.5
3.4482877960000002,24296.5
3.4509127960000003,24296.5
3.4535367960000003,24296.5
3.4561617960000004,24303.0
3.4587857960000004,24303.0
3.461410796,24303.0
3.4640347960000004,24303.0
3.466659796,24303.0
3.469283796,24303.0
3.471908796,24303.0
3.4745337960000002,24303.0
3.477157796,24303.0
3.4797827960000003,24303.0
3.4824067960000002,24309.5
3.4850317960000003,24309.5
3.4876557960000003,24309.5
3.4902807960000004,24309.5
3.4929047960000004,24309.5
3.495529796,24309.5
3.4981537960000004,24309.5
3.500778796,24309.5
3.503402796,24309.5
3.506027796,24309.5
3.508651796,24290.125
3.511276796,24290.125
3.513900796,24290.125
3.5165257960000003,24290.125
3.519149796,24290.125
3.5217747960000003,24290.125
3.5243987960000003,24290.125
3.5270237960000004,24290.125
3.5296477960000003,24290.125
3.5322727960000004,24283.625
3.5348967960000004,24283.625
3.537521796,24283.625
3.540145796,24283.625
3.542770796,24283.625
3.545394796,24283.625
3.548019796,24283.625
3.550643796,24283.625
3.5532687960000002,24283.625
3.555892796,24283.625
3.5585177960000003,24283.625
3.5611417960000002,24283.625
3.5637667960000003,24283.625
3.5663907960000003,24283.625
3.5690157960000004,24283.625
3.5716397960000004,24283.625
3.574264796,24283.625
3.5768887960000004,24283.625
3.579513796,24283.625
3.582137796,24283.625
3.584762796,24290.125
3.5873877960000002,24290.125
3.590011796,24290.125
3.5926367960000003,24290.125
3.5952607960000003,24290.125
3.5978857960000004,24290.125
3.6005097960000003,24290.125
3.6031347960000004,24290.125
3.6057587960000004,24290.125
3.608383796,24290.125
3.6110077960000004,24270.75
3.613632796,24270.75
3.616256796,24270.75
3.618881796,24270.75
3.621505796,24270.75
3.624130796,24270.75
3.626754796,24270.75
3.6293797960000003,24270.75
3.6320037960000002,24270.75
3.6346287960000003,24270.75
3.6372527960000003,24270.75
3.6398777960000004,24270.75
3.6425017960000003,24270.75
3.6451267960000004,24270.75
3.6477507960000004,24270.75
3.650375796,24270.75
3.652999796,24270.75
3.655624796,24270.75
3.658248796,24270.75
3.660873796,24257.875
3.663497796,24257.875
3.6661227960000002,24257.875
3.668746796,24257.875
3.6713717960000003,24257.875
3.6739957960000003,24257.875
3.6766207960000004,24257.875
3.6792447960000003,24257.875
3.6818697960000004,24257.875
3.6844937960000004,24257.875
3.687118796,24257.875
3.6897427960000004,24257.875
3.692367796,24257.875
3.694991796,24257.875
3.697616796,24257.875
3.7002417960000002,24257.875
3.702865796,24257.875
3.7054907960000003,24257.875
3.7081147960000003,24257.875
3.7107397960000004,24257.875
3.7133637960000003,24257.875
3.7159887960000004,24257.875
3.7186127960000004,24257.875
3.721237796,24257.875
3.7238617960000004,24257.875
3.726486796,24257.875
3.729110796,24257.875
3.731735796,24257.875
3.734359796,24257.875
3.736984796,24251.5
3.739608796,24251.5
3.7422337960000003,24251.5
3.7448577960000002,24251.5
3.7474827960000003,24251.5
3.7501067960000003,24251.5
3.7527317960000004,24251.5
3.7553557960000004,24251.5
3.757980796,24251.5
3.7606047960000004,24251.5
3.763229796,24251.5
3.765853796,24251.5
3.768478796,24251.5
3.771102796,24251.5
3.773727796,24251.5
3.776351796,24251.5
3.7789767960000002,24251.5
3.781600796,24251.5
3.7842257960000003,24251.5
3.7868497960000003,24257.875
3.7894747960000004,24257.875
3.7920987960000003,24257.875
3.7947237960000004,24257.875
3.7973477960000004,24257.875
3.799972796,24257.875
3.8025967960000004,24257.875
3.805221796,24257.875
3.807845796,24257.875
3.810470796,24257.875
3.8130957960000003,24251.5
3.815719796,24251.5
3.8183447960000003,24251.5
3.8209687960000003,24251.5
3.8235937960000004,24251.5
3.8262177960000003,24251.5
3.8288427960000004,24251.5
3.8314667960000004,24251.5
3.834091796,24251.5
3.8367157960000005,24251.5
3.839340796,24251.5
3.841964796,24251.5
3.844589796,24251.5
3.847213796,24251.5
3.8498387960000002,24251.5
3.852462796,24251.5
3.8550877960000003,24251.5
3.8577117960000002,24251.5
3.8603367960000003,24251.5
3.8629607960000003,24251.5
3.8655857960000004,24257.875
3.8682097960000004,24257.875
3.870834796,24257.875
3.8734587960000004,24257.875
3.876083796,24257.875
3.878707796,24257.875
3.881332796,24257.875
3.883956796,24257.875
3.886581796,24257.875
3.889205796,24264.375
3.8918307960000003,24264.375
3.894454796,24264.375
3.8970797960000003,24264.375
3.8997037960000003,24264.375
3.9023287960000004,24264.375
3.9049527960000003,24264.375
3.9075777960000004,24264.375
3.9102017960000004,24264.375
3.912826796,24264.375
3.9154507960000005,24257.875
3.918075796,24257.875
3.920700796,24257.875
3.923324796,24257.875
3.9259497960000003,24257.875
3.9285737960000002,24257.875
3.9311987960000003,24257.875
3.9338227960000003,24257.875
3.9364477960000004,24257.875
3.9390717960000003,24257.875
3.9416967960000004,24251.5
3.9443207960000004,24251.5
3.946945796,24251.5
3.9495697960000005,24251.5
3.952194796,24251.5
3.954818796,24251.5
3.957443796,24251.5
3.960067796,24251.5
3.9626927960000002,24251.5
3.965316796,24251.5
3.9679417960000003,24251.5
3.9705657960000003,24251.5
3.9731907960000004,24251.5
3.9758147960000003,24251.5
3.9784397960000004,24251.5
3.9810637960000004,24251.5
3.983688796,24251.5
3.9863127960000004,24251.5
3.988937796,24251.5
3.991561796,24245.0
3.994186796,24245.0
3.996810796,24245.0
3.999435796,24245.0
4.002059796,24245.0
4.004684796,24245.0
4.007308796,24245.0
4.009933796,24245.0
4.012557796,24245.0
4.015182796,24245.0
4.017806796,24245.0
4.0204317960000004,24245.0
4.023055796,24245.0
4.0256807960000005,24245.0
4.0283047960000005,24245.0
4.030929796000001,24245.0
4.033554796000001,24245.0
4.036178796000001,24245.0
4.038803796,24245.0
4.041427796000001,24225.625
4.044052796,24225.625
4.046676796,24225.625
4.049301796,24225.625
4.051925796,24225.625
4.054550796,24225.625
4.057174796,24225.625
4.059799796,24225.625
4.062423796,24225.625
4.065048796,24225.625
4.067672796,24232.125
4.070297796,24232.125
4.072921796,24232.125
4.075546796,24232.125
4.078170796,24232.125
4.080795796,24232.125
4.083419796,24232.125
4.086044796,24232.125
4.088668796,24232.125
4.091293796,24232.125
4.093917796,24225.625
4.0965427960000005,24225.625
4.0991667960000004,24225.625
4.1017917960000005,24225.625
4.1044157960000005,24225.625
4.107040796000001,24225.625
4.109664796000001,24225.625
4.112289796000001,24225.625
4.114913796000001,24225.625
4.117538796,24225.625
4.120162796000001,24238.625
4.122787796,24238.625
4.125411796,24238.625
4.128036796,24238.625
4.130660796,24238.625
4.133285796,24238.625
4.135909796,24238.625
4.138534796,24238.625
4.141158796,24238.625
4.143783796,24238.625
4.146408796,24238.625
4.149032796,24238.625
4.151657796,24238.625
4.154281796,24238.625
4.156906796,24238.625
4.159530796,24238.625
4.162155796,24238.625
4.164779796,24238.625
4.1674047960000005,24238.625
4.170028796,24232.125
4.1726537960000005,24232.125
4.1752777960000005,24232.125
4.177902796000001,24232.125
4.1805267960000005,24232.125
4.183151796000001,24232.125
4.185775796000001,24232.125
4.188400796000001,24232.125
4.191024796000001,24232.125
4.193649796,24219.25
4.196273796,24219.25
4.198898796,24219.25
4.201522796,24219.25
4.204147796,24219.25
4.206771796,24219.25
4.209396796,24219.25
4.212020796,24219.25
4.214645796,24219.25
4.217269796,24219.25
4.219894796,24238.625
4.222518796,24238.625
4.225143796,24238.625
4.227767796,24238.625
4.230392796,24238.625
4.233016796,24238.625
4.235641796,24238.625
4.238265796,24238.625
4.240890796,24238.625
4.243514796,24238.625
4.2461397960000005,24232.125
4.248763796,24232.125
4.2513887960000005,24232.125
4.2540127960000005,24232.125
4.256637796000001,24232.125
4.259262796000001,24232.125
4.261886796000001,24232.125
4.264511796,24232.125
4.267135796000001,24232.125
4.269760796,24232.125
4.272384796,24245.0
4.275009796,24245.0
4.277633796,24245.0
4.280258796,24245.0
4.282882796,24245.0
4.285507796,24245.0
4.288131796,24245.0
4.290756796,24245.0
4.293380796,24245.0
4.296005796,24245.0
4.298629796,24245.0
4.301254796,24245.0
4.303878796,24245.0
4.306503796,24245.0
4.309127796,24245.0
4.311752796,24245.0
4.314376796,24245.0
4.3170017960000004,24245.0
4.319625796,24245.0
4.3222507960000005,24238.625
4.3248747960000005,24238.625
4.327499796000001,24238.625
4.3301237960000005,24238.625
4.332748796000001,24238.625
4.335372796000001,24238.625
4.337997796000001,24238.625
4.340621796000001,24238.625
4.343246796,24238.625
4.345870796000001,24238.625
4.348495796,24225.625
4.351119796,24225.625
4.353744796,24225.625
4.356368796,24225.625
4.358993796,24225.625
4.361617796,24225.625
4.364242796,24225.625
4.366866796,24225.625
4.369491796,24225.625
4.372116796,24219.25
4.374740796,24219.25
4.377365796,24219.25
4.379989796,24219.25
4.382614796,24219.25
4.385238796,24219.25
4.387863796,24219.25
4.390487796,24219.25
4.3931127960000005,24219.25
4.3957367960000004,24219.25
4.3983617960000005,24212.75
4.4009857960000005,24212.75
4.403610796000001,24212.75
4.406234796000001,24212.75
4.408859796000001,24212.75
4.411483796000001,24212.75
4.414108796,24212.75
4.416732796000001,24212.75
4.419357796,24212.75
4.421981796,24212.75
4.424606796,24212.75
4.427230796,24212.75
4.429855796,24212.75
4.432479796,24212.75
4.435104796,24212.75
4.437728796,24212.75
4.440353796,24212.75
4.442977796,24212.75
4.445602796,24212.75
4.448226796,24212.75
4.450851796,24219.25
4.453475796,24219.25
4.456100796,24219.25
4.458724796,24219.25
4.461349796,24219.25
4.463973796,24219.25
4.466598796,24219.25
4.469222796,24219.25
4.4718477960000005,24219.25
4.4744717960000004,24212.75
4.4770967960000005,24212.75
4.4797207960000005,24212.75
4.482345796000001,24212.75
4.484970796000001,24212.75
4.487594796000001,24212.75
4.490219796,24212.75
4.492843796000001,24212.75
4.495468796,24212.75
4.498092796,24212.75
4.500717796,24219.25
4.503341796,24219.25
4.505966796,24219.25
4.508590796,24219.25
4.511215796,24219.25
4.513839796,24219.25
4.516464796,24219.25
4.519088796,24219.25
4.521713796,24219.25
4.524337796,24219.25
4.526962796,24225.625
4.529586796,24225.625
4.532211796,24225.625
4.534835796,24225.625
4.537460796,24225.625
4.540084796,24225.625
4.5427097960000005,24225.625
4.545333796,24225.625
4.5479587960000005,24225.625
4.5505827960000005,24232.125
4.553207796000001,24232.125
4.5558317960000005,24232.125
4.558456796000001,24232.125
4.561080796000001,24232.125
4.563705796000001,24232.125
4.566329796000001,24232.125
4.568954796,24232.125
4.571578796000001,24232.125
4.574203796,24232.125
4.576827796,24219.25
4.579452796,24219.25
4.582076796,24219.25
4.584701796,24219.25
4.587325796,24219.25
4.589950796,24219.25
4.592575796,24219.25
4.595199796,24219.25
4.597824796,24219.25
4.600448796,24219.25
4.603073796,24232.125
4.605697796,24232.125
4.608322796,24232.125
4.610946796,24232.125
4.6135717960000004,24232.125
4.616195796,24232.125
4.6188207960000005,24232.125
4.6214447960000005,24232.125
4.624069796000001,24232.125
4.6266937960000005,24232.125
4.629318796000001,24238.625
4.631942796000001,24238.625
4.634567796000001,24238.625
4.637191796000001,24238.625
4.639816796,24238.625
4.642440796000001,24238.625
4.645065796,24238.625
4.647689796,24238.625
4.650314796,24238.625
4.652938796,24245.0
4.655563796,24245.0
4.658187796,24245.0
4.660812796,24245.0
4.663436796,24245.0
4.666061796,24245.0
4.668685796,24245.0
4.671310796,24245.0
4.673934796,24245.0
4.676559796,24245.0
4.679183796,24245.0
4.681808796,24245.0
4.684432796,24245.0
4.687057796,24245.0
4.689681796,24245.0
4.6923067960000004,24245.0
4.694930796,24245.0
4.6975557960000005,24245.0
4.7001797960000005,24245.0
4.702804796000001,24245.0
4.705429796000001,24251.5
4.708053796000001,24251.5
4.710678796000001,24251.5
4.713302796000001,24251.5
4.715927796,24251.5
4.718551796,24251.5
4.721176796,24251.5
4.723800796,24251.5
4.726425796,24251.5
4.729049796,24238.625
4.731674796,24238.625
4.734298796,24238.625
4.736923796,24238.625
4.739547796,24238.625
4.742172796,24238.625
4.744796796,24238.625
4.747421796,24238.625
4.750045796,24238.625
4.752670796,24238.625
4.755294796,24245.0
4.757919796,24245.0
4.760543796,24245.0
4.763168796,24245.0
4.765792796,24245.0
4.7684177960000005,24245.0
4.7710417960000004,24245.0
4.7736667960000005,24245.0
4.7762907960000005,24245.0
4.778915796000001,24245.0
4.781539796000001,24251.5
4.784164796000001,24251.5
4.786788796000001,24251.5
4.789413796000001,24251.5
4.792037796000001,24251.5
4.794662796,24251.5
4.797286796000001,24251.5
4.799911796,24251.5
4.802535796,24251.5
4.805160796,24238.625
4.807784796,24238.625
4.810409796,24238.625
4.813033796,24238.625
4.815658796,24238.625
4.818283796,24238.625
4.820907796,24238.625
4.823532796,24238.625
4.826156796,24238.625
4.828781796,24238.625
4.831405796,24245.0
4.834030796,24245.0
4.836654796,24245.0
4.8392797960000005,24245.0
4.841903796,24245.0
4.8445287960000005,24245.0
4.8471527960000005,24245.0
4.849777796000001,24245.0
4.8524017960000005,24245.0
4.855026796000001,24251.5
4.857650796000001,24251.5
4.860275796000001,24251.5
4.862899796000001,24251.5
4.865524796,24251.5
4.868148796000001,24251.5
4.870773796,24251.5
4.873397796,24251.5
4.876022796,24251.5
4.878646796,24251.5
4.881271796,24251.5
4.883895796,24251.5
4.886520796,24251.5
4.889144796,24251.5
4.891769796,24251.5
4.894393796,24251.5
4.897018796,24251.5
4.899642796,24251.5
4.902267796,24251.5
4.904891796,24251.5
4.907516796,24245.0
4.910140796,24245.0
4.912765796,24245.0
4.915389796,24245.0
4.9180147960000005,24245.0
4.920638796,24245.0
4.9232637960000005,24245.0
4.9258877960000005,24245.0
4.928512796000001,24245.0
4.931137796000001,24245.0
4.933761796000001,24257.875
4.936386796000001,24257.875
4.939010796000001,24257.875
4.941635796,24257.875
4.944259796,24257.875
4.946884796,24257.875
4.949508796,24257.875
4.952133796,24257.875
4.954757796,24257.875
4.957382796,24257.875
4.960006796,24257.875
4.962631796,24257.875
4.965255796,24257.875
4.967880796,24257.875
4.970504796,24257.875
4.973129796,24257.875
4.975753796,24257.875
4.978378796,24257.875
4.981002796,24257.875
4.983627796,24257.875
4.986251796,24257.875
4.9888767960000004,24257.875
4.991500796,24257.875
4.9941257960000005,24257.875
4.9967497960000005,24257.875
4.999374796000001,24257.875
5.0019987960000005,24257.875
5.004623796000001,24257.875
5.007247796000001,24257.875
5.009872796000001,24257.875
5.012496796000001,24257.875
5.015121796000001,24257.875
5.017745796000001,24257.875
5.020370796,24257.875
5.022994796,24257.875
5.025619796,24257.875
5.028243796,24257.875
5.030868796,24257.875
5.033492796,24238.625
5.036117796,24238.625
5.038741796,24238.625
5.041366796,24238.625
5.043991796,24238.625
5.046615796,24238.625
5.049240796,24238.625
5.051864796,24238.625
5.054489796,24238.625
5.057113796,24238.625
5.059738796,24245.0
5.062362796,24245.0
5.0649877960000005,24245.0
5.0676117960000004,24245.0
5.0702367960000005,24245.0
5.0728607960000005,24245.0
5.075485796000001,24245.0
5.078109796000001,24245.0
5.080734796000001,24245.0
5.083358796000001,24245.0
5.085983796000001,24238.625
5.088607796000001,24238.625
5.091232796,24238.625
5.093856796000001,24238.625
5.096481796,24238.625
5.099105796,24238.625
5.101730796,24238.625
5.104354796,24238.625
5.106979796,24238.625
5.109603796,24238.625
5.112228796,24238.625
5.114852796,24238.625
5.117477796,24238.625
5.120101796,24238.625
5.122726796,24238.625
5.125350796,24238.625
5.127975796,24238.625
5.130599796,24238.625
5.133224796,24238.625
5.135848796,24238.625
5.138473796,24251.5
5.141097796,24251.5
5.1437227960000005,24251.5
5.1463467960000004,24251.5
5.1489717960000005,24251.5
5.1515957960000005,24251.5
5.154220796000001,24251.5
5.156845796000001,24251.5
5.159469796000001,24251.5
5.162094796000001,24257.875
5.164718796000001,24257.875
5.167343796,24257.875
5.169967796,24257.875
5.172592796,24257.875
5.175216796,24257.875
5.177841796,24257.875
5.180465796,24257.875
5.183090796,24257.875
5.185714796,24257.875
5.188339796,24245.0
5.190963796,24245.0
5.193588796,24245.0
5.196212796,24245.0
5.198837796,24245.0
5.201461796,24245.0
5.204086796,24245.0
5.206710796,24245.0
5.209335796,24245.0
5.211959796,24257.875
5.2145847960000005,24257.875
5.217208796,24257.875
5.2198337960000005,24257.875
5.2224577960000005,24257.875
5.225082796000001,24257.875
5.2277067960000005,24257.875
5.230331796000001,24257.875
5.232955796000001,24257.875
5.235580796000001,24257.875
5.238204796000001,24245.0
5.240829796000001,24245.0
5.243453796000001,24245.0
5.246078796,24245.0
5.248702796,24245.0
5.251327796,24245.0
5.253951796,24245.0
5.256576796,24245.0
5.259200796,24245.0
5.261825796,24245.0
5.264450796,24238.625
5.267074796,24238.625
5.269699796,24238.625
5.272323796,24238.625
5.274948796,24238.625
5.277572796,24238.625
5.280197796,24238.625
5.282821796,24238.625
5.2854467960000004,24238.625
5.288070796,24238.625
5.2906957960000005,24238.625
5.2933197960000005,24238.625
5.295944796000001,24238.625
5.2985687960000005,24238.625
5.301193796000001,24238.625
5.303817796000001,24238.625
5.306442796000001,24238.625
5.309066796000001,24238.625
5.311691796000001,24238.625
5.314315796000001,24232.125
5.316940796,24232.125
5.319564796000001,24232.125
5.322189796,24232.125
5.324813796,24232.125
5.327438796,24232.125
5.330062796,24232.125
5.332687796,24232.125
5.335311796,24232.125
5.337936796,24232.125
5.340560796,24225.625
5.343185796,24225.625
5.345809796,24225.625
5.348434796,24225.625
5.351058796,24225.625
5.353683796,24225.625
5.356307796,24225.625
5.358932796,24225.625
5.361556796,24225.625
5.3641817960000004,24225.625
5.366805796,24232.125
5.3694307960000005,24232.125
5.3720547960000005,24232.125
5.374679796000001,24232.125
5.377304796000001,24232.125
5.379928796000001,24232.125
5.382553796000001,24232.125
5.385177796000001,24232.125
5.387802796,24232.125
5.390426796000001,24225.625
5.393051796,24225.625
5.395675796,24225.625
5.398300796,24225.625
5.400924796,24225.625
5.403549796,24225.625
5.406173796,24225.625
5.408798796,24225.625
5.411422796,24225.625
5.414047796,24225.625
5.416671796,24225.625
5.419296796,24225.625
5.421920796,24225.625
5.424545796,24225.625
5.427169796,24225.625
5.429794796,24225.625
5.432418796,24225.625
5.435043796,24225.625
5.437667796,24225.625
5.4402927960000005,24225.625
5.4429167960000004,24238.625
5.4455417960000005,24238.625
5.4481657960000005,24238.625
5.450790796000001,24238.625
5.453414796000001,24238.625
5.456039796000001,24238.625
5.458663796000001,24238.625
5.461288796000001,24238.625
5.463912796000001,24238.625
5.466537796000001,24238.625
5.469161796000001,24245.0
5.471786796,24245.0
5.474410796,24245.0
5.477035796,24245.0
5.479659796,24245.0
5.482284796,24245.0
5.484908796,24245.0
5.487533796,24245.0
5.490158796,24245.0
5.492782796,24251.5
5.495407796,24251.5
5.498031796,24251.5
5.500656796,24251.5
5.503280796,24251.5
5.505905796,24251.5
5.508529796,24251.5
5.5111547960000005,24251.5
5.513778796,24251.5
5.5164037960000005,24251.5
5.5190277960000005,24257.875
5.521652796000001,24257.875
5.5242767960000005,24257.875
5.526901796000001,24257.875
5.529525796000001,24257.875
5.532150796000001,24257.875
5.534774796000001,24257.875
5.537399796000001,24257.875
5.540023796000001,24257.875
5.542648796,24257.875
5.545272796000001,24257.875
5.547897796,24257.875
5.550521796,24257.875
5.553146796,24257.875
5.555770796,24257.875
5.558395796,24257.875
5.561019796,24257.875
5.563644796,24257.875
5.566268796,24257.875
5.568893796,24264.375
5.571517796,24264.375
5.574142796,24264.375
5.576766796,24264.375
5.579391796,24264.375
5.582015796,24264.375
5.584640796,24264.375
5.587264796,24264.375
5.5898897960000005,24264.375
5.592513796,24264.375
5.5951387960000005,24251.5
5.5977627960000005,24251.5
5.600387796000001,24251.5
5.603012796000001,24251.5
5.605636796000001,24251.5
5.608261796000001,24251.5
5.610885796000001,24251.5
5.613510796,24251.5
5.616134796000001,24251.5
5.618759796,24251.5
5.621383796,24251.5
5.624008796,24251.5
5.626632796,24251.5
5.629257796,24251.5
5.631881796,24251.5
5.634506796,24251.5
5.637130796,24251.5
5.639755796,24251.5
5.642379796,24251.5
5.645004796,24245.0
5.647628796,24245.0
5.650253796,24245.0
5.652877796,24245.0
5.655502796,24245.0
5.658126796,24245.0
5.6607517960000004,24245.0
5.663375796,24245.0
5.6660007960000005,24245.0
5.6686247960000005,24245.0
5.671249796000001,24245.0
5.6738737960000005,24245.0
5.676498796000001,24245.0
5.679122796000001,24245.0
5.681747796000001,24245.0
5.684371796000001,24245.0
5.686996796000001,24245.0
5.689620796000001,24245.0
5.692245796,24245.0
5.694869796000001,24245.0
5.697494796,24251.5
5.700118796,24251.5
5.702743796,24251.5
5.705367796,24251.5
5.707992796,24251.5
5.710616796,24251.5
5.713241796,24251.5
5.715866796,24251.5
5.718490796,24251.5
5.721115796,24251.5
5.723739796,24238.625
5.726364796,24238.625
5.728988796,24238.625
5.731613796,24238.625
5.734237796,24238.625
5.7368627960000005,24238.625
5.7394867960000004,24238.625
5.7421117960000005,24238.625
5.7447357960000005,24238.625
5.747360796000001,24225.625
5.749984796000001,24225.625
5.752609796000001,24225.625
5.755233796000001,24225.625
5.757858796000001,24225.625
5.760482796000001,24225.625
5.763107796000001,24225.625
5.765731796000001,24225.625
5.768356796,24225.625
5.770980796000001,24225.625
5.773605796,24245.0
5.776229796,24245.0
5.778854796,24245.0
5.781478796,24245.0
5.784103796,24245.0
5.786727796,24245.0
5.789352796,24245.0
5.791976796,24245.0
5.794601796,24245.0
5.797225796,24245.0
5.799850796,24238.625
5.802474796,24238.625
5.805099796,24238.625
5.807723796,24238.625
5.810348796,24238.625
5.812972796,24238.625
5.8155977960000005,24238.625
5.8182217960000004,24238.625
5.8208467960000005,24238.625
5.8234707960000005,24232.125
5.826095796000001,24232.125
5.828720796000001,24232.125
5.831344796000001,24232.125
5.833969796000001,24232.125
5.836593796000001,24232.125
5.839218796,24232.125
5.841842796000001,24232.125
5.844467796,24232.125
5.847091796,24232.125
5.849716796,24238.625
5.852340796,24238.625
5.854965796,24238.625
5.857589796,24238.625
5.860214796,24238.625
5.862838796,24238.625
5.865463796,24238.625
5.868087796,24238.625
5.870712796,24238.625
5.873336796,24232.125
5.875961796,24232.125
5.878585796,24232.125
5.881210796,24232.125
5.883834796,24232.125
5.8864597960000005,24232.125
5.889083796,24232.125
5.8917087960000005,24232.125
5.8943327960000005,24232.125
5.896957796000001,24232.125
5.8995817960000005,24232.125
5.902206796000001,24232.125
5.904830796000001,24232.125
5.907455796000001,24232.125
5.910079796000001,24232.125
5.912704796000001,24232.125
5.915328796000001,24232.125
5.917953796,24232.125
5.920577796000001,24232.125
5.923202796,24232.125
5.925826796,24225.625
5.928451796,24225.625
5.931075796,24225.625
5.933700796,24225.625
5.936325796,24225.625
5.938949796,24225.625
5.941574796,24225.625
5.944198796,24225.625
5.946823796,24225.625
5.949447796,24225.625
5.952072796,24238.625
5.954696796,24238.625
5.9573217960000004,24238.625
5.959945796,24238.625
5.9625707960000005,24238.625
5.9651947960000005,24238.625
5.967819796000001,24238.625
5.9704437960000005,24238.625
5.973068796000001,24238.625
5.975692796000001,24238.625
5.978317796000001,24238.625
5.980941796000001,24238.625
5.983566796000001,24238.625
5.986190796000001,24238.625
5.988815796000001,24238.625
5.991439796000001,24238.625
5.994064796,24238.625
5.996688796,24238.625
5.999313796,24238.625
6.001937796,24232.125
6.004562796,24232.125
6.007186796,24232.125
6.009811796,24232.125
6.012435796,24232.125
6.015060796,24232.125
6.017684796,24232.125
6.020309796,24232.125
6.022933796,24232.125
6.025558796,24232.125
6.028182796,24245.0
6.030807796,24245.0
6.033431796,24245.0
6.0360567960000004,24245.0
6.038680796,24245.0
6.0413057960000005,24245.0
6.0439297960000005,24245.0
6.046554796000001,24245.0
6.049179796000001,24245.0
6.051803796000001,24245.0
6.054428796000001,24245.0
6.057052796000001,24245.0
6.059677796000001,24245.0
6.062301796000001,24245.0
6.064926796,24245.0
6.067550796000001,24245.0
6.070175796,24245.0
6.072799796,24245.0
6.075424796,24245.0
6.078048796,24245.0
6.080673796,24245.0
6.083297796,24245.0
6.085922796,24245.0
6.088546796,24245.0
6.091171796,24245.0
6.093795796,24245.0
6.096420796,24245.0
6.099044796,24245.0
6.101669796,24245.0
6.104293796,24238.625
6.106918796,24238.625
6.109542796,24238.625
6.1121677960000005,24238.625
6.1147917960000004,24238.625
6.1174167960000005,24238.625
6.1200407960000005,24238.625
6.122665796000001,24238.625
6.125289796000001,24238.625
6.127914796000001,24238.625
6.130538796000001,24238.625
6.133163796000001,24238.625
6.135787796000001,24238.625
6.138412796000001,24238.625
6.141036796000001,24238.625
6.143661796,24238.625
6.146285796000001,24238.625
6.148910796,24238.625
6.151534796,24238.625
6.154159796,24245.0
6.156783796,24245.0
6.159408796,24245.0
6.162033796,24245.0
6.164657796,24245.0
6.167282796,24245.0
6.169906796,24245.0
6.172531796,24245.0
6.175155796,24245.0
6.177780796,24245.0
6.180404796,24245.0
6.1830297960000005,24245.0
6.185653796,24245.0
6.1882787960000005,24245.0
6.1909027960000005,24245.0
6.193527796000001,24245.0
6.1961517960000005,24245.0
6.198776796000001,24245.0
6.201400796000001,24245.0
6.204025796000001,24245.0
6.206649796000001,24238.625
6.209274796000001,24238.625
6.211898796000001,24238.625
6.214523796000001,24238.625
6.217147796000001,24238.625
6.219772796,24238.625
6.222396796,24238.625
6.225021796,24238.625
6.227645796,24238.625
6.230270796,24238.625
6.232894796,24238.625
6.235519796,24238.625
6.238143796,24238.625
6.240768796,24238.625
6.243392796,24238.625
6.246017796,24238.625
6.248641796,24238.625
6.251266796,24238.625
6.253890796,24238.625
6.256515796,24238.625
6.259139796,24238.625
6.2617647960000005,24238.625
6.264388796,24238.625
6.2670137960000005,24238.625
6.2696377960000005,24238.625
6.272262796000001,24238.625
6.274887796000001,24238.625
6.277511796000001,24238.625
6.280136796000001,24238.625
6.282760796000001,24245.0
6.285385796000001,24245.0
6.288009796000001,24245.0
6.290634796,24245.0
6.293258796000001,24245.0
6.295883796,24245.0
6.298507796,24245.0
6.301132796,24245.0
6.303756796,24245.0
6.306381796,24245.0
6.309005796,24251.5
6.311630796,24251.5
6.314254796,24251.5
6.316879796,24251.5
6.319503796,24251.5
6.322128796,24251.5
6.324752796,24251.5
6.327377796,24251.5
6.330001796,24251.5
6.3326267960000004,24257.875
6.335250796,24257.875
6.3378757960000005,24257.875
6.3404997960000005,24257.875
6.343124796000001,24257.875
6.3457487960000005,24257.875
6.348373796000001,24257.875
6.350997796000001,24257.875
6.353622796000001,24257.875
6.356246796000001,24257.875
6.358871796000001,24245.0
6.361495796000001,24245.0
6.364120796000001,24245.0
6.366744796000001,24245.0
6.369369796,24245.0
6.371993796000001,24245.0
6.374618796,24245.0
6.377242796,24245.0
6.379867796,24245.0
6.382491796,24245.0
6.385116796,24251.5
6.387741796,24251.5
6.390365796,24251.5
6.392990796,24251.5
6.395614796,24251.5
6.398239796,24251.5
6.400863796,24251.5
6.403488796,24251.5
6.406112796,24251.5
6.4087377960000005,24251.5
6.4113617960000004,24251.5
6.4139867960000005,24251.5
6.4166107960000005,24251.5
6.419235796000001,24251.5
6.421859796000001,24251.5
6.424484796000001,24251.5
6.427108796000001,24251.5
6.429733796000001,24251.5
6.432357796000001,24251.5
6.434982796000001,24238.625
6.437606796000001,24238.625
6.440231796000001,24238.625
6.442855796000001,24238.625
6.445480796,24238.625
6.448104796,24238.625
6.450729796,24238.625
6.453353796,24238.625
6.455978796,24238.625
6.458602796,24238.625
6.461227796,24245.0
6.463851796,24245.0
6.466476796,24245.0
6.469100796,24245.0
6.471725796,24245.0
6.474349796,24245.0
6.476974796,24245.0
6.479598796,24245.0
6.482223796,24245.0
6.484847796,24245.0
6.4874727960000005,24238.625
6.4900967960000004,24238.625
6.4927217960000005,24238.625
6.4953457960000005,24238.625
6.497970796000001,24238.625
6.500595796000001,24238.625
6.503219796000001,24238.625
6.505844796000001,24238.625
6.508468796000001,24238.625
6.511093796000001,24257.875
6.513717796000001,24257.875
6.516342796,24257.875
6.518966796000001,24257.875
6.521591796,24257.875
6.524215796,24257.875
6.526840796,24257.875
6.529464796,24257.875
6.532089796,24257.875
6.534713796,24257.875
6.537338796,24251.5
6.539962796,24251.5
6.542587796,24251.5
6.545211796,24251.5
6.547836796,24251.5
6.550460796,24251.5
6.553085796,24251.5
6.555709796,24251.5
6.5583347960000005,24251.5
6.560958796,24251.5
6.5635837960000005,24251.5
6.5662077960000005,24251.5
6.568832796000001,24251.5
6.5714567960000005,24251.5
6.574081796000001,24251.5
6.576705796000001,24251.5
6.579330796000001,24251.5
6.581954796000001,24251.5
6.584579796000001,24251.5
6.587203796000001,24232.125
6.589828796000001,24232.125
6.592452796000001,24232.125
6.595077796,24232.125
6.597701796000001,24232.125
6.600326796,24232.125
6.602950796,24232.125
6.605575796,24232.125
6.608200796,24232.125
6.610824796,24232.125
6.613449796,24245.0
6.616073796,24245.0
6.618698796,24245.0
6.621322796,24245.0
6.623947796,24245.0
6.626571796,24245.0
6.6291967960000004,24245.0
6.631820796,24245.0
6.6344457960000005,24245.0
6.6370697960000005,24245.0
6.639694796000001,24238.625
6.6423187960000005,24238.625
6.644943796000001,24238.625
6.647567796000001,24238.625
6.650192796000001,24238.625
6.652816796000001,24238.625
6.655441796000001,24238.625
6.658065796000001,24238.625
6.660690796000001,24238.625
6.663314796000001,24245.0
6.665939796,24245.0
6.668563796000001,24245.0
6.671188796,24245.0
6.673812796,24245.0
6.676437796,24245.0
6.679061796,24245.0
6.681686796,24245.0
6.684310796,24245.0
6.686935796,24245.0
6.689559796,24245.0
6.692184796,24245.0
6.694808796,24245.0
6.697433796,24245.0
6.700057796,24245.0
6.702682796,24245.0
6.705306796,24245.0
6.7079317960000004,24245.0
6.710555796,24245.0
6.7131807960000005,24245.0
6.7158047960000005,24245.0
6.718429796000001,24245.0
6.721054796000001,24245.0
6.723678796000001,24245.0
6.726303796000001,24245.0
6.728927796000001,24245.0
6.731552796000001,24245.0
6.734176796000001,24245.0
6.736801796000001,24245.0
6.739425796000001,24238.625
6.742050796,24238.625
6.744674796000001,24238.625
6.747299796,24238.625
6.749923796,24238.625
6.752548796,24238.625
6.755172796,24238.625
6.757797796,24238.625
6.760421796,24238.625
6.763046796,24238.625
6.765670796,24232.125
6.768295796,24232.125
6.770919796,24232.125
6.773544796,24232.125
6.776168796,24232.125
6.778793796,24232.125
6.781417796,24232.125
6.7840427960000005,24232.125
6.7866667960000004,24232.125
6.7892917960000005,24232.125
6.7919157960000005,24251.5
6.794540796000001,24251.5
6.797164796000001,24251.5
6.799789796000001,24251.5
6.802413796000001,24251.5
6.805038796000001,24251.5
6.807662796000001,24251.5
6.810287796000001,24251.5
6.812911796000001,24251.5
6.815536796000001,24251.5
6.818160796000001,24245.0
6.820785796,24245.0
6.823409796000001,24245.0
6.826034796,24245.0
6.828658796,24245.0
6.831283796,24245.0
6.833908796,24245.0
6.836532796,24245.0
6.839157796,24245.0
6.841781796,24245.0
6.844406796,24245.0
6.847030796,24245.0
6.849655796,24245.0
6.852279796,24245.0
6.8549047960000005,24245.0
6.857528796,24245.0
6.8601537960000005,24245.0
6.8627777960000005,24245.0
6.865402796000001,24245.0
6.8680267960000005,24238.625
6.870651796000001,24238.625
6.873275796000001,24238.625
6.875900796000001,24238.625
6.878524796000001,24238.625
6.881149796000001,24238.625
6.883773796000001,24238.625
6.886398796000001,24238.625
6.889022796000001,24238.625
6.891647796,24245.0
6.894271796000001,24245.0
6.896896796,24245.0
6.899520796,24245.0
6.902145796,24245.0
6.904769796,24245.0
6.907394796,24245.0
6.910018796,24245.0
6.912643796,24245.0
6.915267796,24245.0
6.917892796,24238.625
6.920516796,24238.625
6.923141796,24238.625
6.925765796,24238.625
6.928390796,24238.625
6.931014796,24238.625
6.9336397960000005,24238.625
6.936263796,24238.625
6.9388887960000005,24238.625
6.9415127960000005,24238.625
6.944137796000001,24232.125
6.946762796000001,24232.125
6.949386796000001,24232.125
6.952011796000001,24232.125
6.954635796000001,24232.125
6.957260796000001,24232.125
6.959884796000001,24232.125
6.962509796000001,24232.125
6.965133796000001,24232.125
6.967758796,24232.125
6.970382796,24245.0
6.973007796,24245.0
6.975631796,24245.0
6.978256796,24245.0
6.980880796,24245.0
6.983505796,24245.0
6.986129796,24245.0
6.988754796,24245.0
6.991378796,24245.0
6.994003796,24219.25
6.996627796,24219.25
6.999252796,24219.25
7.001876796,24219.25
7.0045017960000004,24219.25
7.007125796,24219.25
7.0097507960000005,24219.25
7.0123747960000005,24219.25
7.014999796000001,24219.25
7.0176237960000005,24219.25
7.020248796000001,24225.625
7.022872796000001,24225.625
7.025497796000001,24225.625
7.028121796000001,24225.625
7.030746796000001,24225.625
7.033370796000001,24225.625
7.035995796000001,24225.625
7.038619796000001,24225.625
7.041244796000001,24225.625
7.043868796000001,24225.625
7.046493796,24225.625
7.049117796000001,24225.625
7.051742796,24225.625
7.054366796,24225.625
7.056991796,24225.625
7.059616796,24225.625
7.062240796,24225.625
7.064865796,24225.625
7.067489796,24225.625
7.070114796,24232.125
7.072738796,24232.125
7.075363796,24232.125
7.077987796,24232.125
7.0806127960000005,24232.125
7.0832367960000004,24232.125
7.0858617960000005,24232.125
7.0884857960000005,24232.125
7.091110796000001,24232.125
7.093734796000001,24232.125
7.096359796000001,24238.625
7.098983796000001,24238.625
7.101608796000001,24238.625
7.104232796000001,24238.625
7.106857796000001,24238.625
7.109481796000001,24238.625
7.112106796000001,24238.625
7.114730796000001,24238.625
7.117355796,24238.625
7.119979796000001,24238.625
7.122604796,24232.125
7.125228796,24232.125
7.127853796,24232.125
7.130477796,24232.125
7.133102796,24232.125
7.135726796,24232.125
7.138351796,24232.125
7.140975796,24232.125
7.143600796,24232.125
7.146224796,24232.125
7.148849796,24232.125
7.151473796,24232.125
7.154098796,24232.125
7.156722796,24232.125
7.1593477960000005,24232.125
7.1619717960000004,24232.125
7.1645967960000005,24232.125
7.1672207960000005,24232.125
7.169845796000001,24232.125
7.172470796000001,24238.625
7.175094796000001,24238.625
7.177719796000001,24238.625
7.180343796000001,24238.625
7.182968796000001,24238.625
7.185592796000001,24238.625
7.188217796000001,24238.625
7.190841796000001,24238.625
7.193466796,24238.625
7.196090796,24238.625
7.198715796,24232.125
7.201339796,24232.125
7.203964796,24232.125
7.206588796,24232.125
7.209213796,24232.125
7.211837796,24232.125
7.214462796,24232.125
7.217086796,24232.125
7.219711796,24232.125
7.222335796,24232.125
7.224960796,24232.125
7.227584796,24232.125
7.2302097960000005,24232.125
7.232833796,24232.125
7.2354587960000005,24232.125
7.2380827960000005,24232.125
7.240707796000001,24232.125
7.2433317960000005,24232.125
7.245956796000001,24232.125
7.248580796000001,24225.625
7.251205796000001,24225.625
7.253829796000001,24225.625
7.256454796000001,24225.625
7.259078796000001,24225.625
7.261703796000001,24225.625
7.264327796000001,24225.625
7.266952796000001,24225.625
7.269576796000001,24225.625
7.272201796,24225.625
7.274825796,24232.125
7.277450796,24232.125
7.280075796,24232.125
7.282699796,24232.125
7.285324796,24232.125
7.287948796,24232.125
7.290573796,24232.125
7.293197796,24232.125
7.295822796,24232.125
7.298446796,24232.125
7.3010717960000004,24232.125
7.303695796,24232.125
7.3063207960000005,24232.125
7.3089447960000005,24232.125
7.311569796000001,24232.125
7.3141937960000005,24232.125
7.316818796000001,24232.125
7.319442796000001,24232.125
7.322067796000001,24232.125
7.324691796000001,24232.125
7.327316796000001,24245.0
7.329940796000001,24245.0
7.332565796000001,24245.0
7.335189796000001,24245.0
7.337814796000001,24245.0
7.340438796000001,24245.0
7.343063796,24245.0
7.345687796000001,24245.0
7.348312796,24245.0
7.350936796,24225.625
7.353561796,24225.625
7.356185796,24225.625
7.358810796,24225.625
7.361434796,24225.625
7.364059796,24225.625
7.366683796,24225.625
7.369308796,24225.625
7.371932796,24225.625
7.374557796,24225.625
7.377181796,24225.625
7.3798067960000004,24225.625
7.382430796,24225.625
7.3850557960000005,24225.625
7.3876797960000005,24225.625
7.390304796000001,24225.625
7.392929796000001,24225.625
7.395553796000001,24225.625
7.398178796000001,24225.625
7.400802796000001,24225.625
7.403427796000001,24232.125
7.406051796000001,24232.125
7.408676796000001,24232.125
7.411300796000001,24232.125
7.413925796000001,24232.125
7.416549796000001,24232.125
7.419174796,24232.125
7.421798796,24232.125
7.424423796,24232.125
7.427047796,24225.625
7.429672796,24225.625
7.432296796,24225.625
7.434921796,24225.625
7.437545796,24225.625
7.440170796,24225.625
7.442794796,24225.625
7.445419796,24225.625
7.448043796,24225.625
7.450668796,24225.625
7.453292796,24225.625
7.4559177960000005,24225.625
7.4585417960000004,24225.625
7.4611667960000005,24225.625
7.4637907960000005,24225.625
7.466415796000001,24225.625
7.469039796000001,24225.625
7.471664796000001,24225.625
7.474288796000001,24225.625
7.476913796000001,24225.625
7.479537796000001,24232.125
7.482162796000001,24232.125
7.484786796000001,24232.125
7.487411796000001,24232.125
7.490035796000001,24232.125
7.492660796000001,24232.125
7.495284796000001,24232.125
7.497909796,24232.125
7.500533796,24232.125
7.503158796,24225.625
7.505783796,24225.625
7.508407796,24225.625
7.511032796,24225.625
7.513656796,24225.625
7.516281796,24225.625
7.518905796,24225.625
7.521530796,24225.625
7.524154796,24225.625
7.5267797960000005,24225.625
7.529403796,24232.125
7.5320287960000005,24232.125
7.5346527960000005,24232.125
7.537277796000001,24232.125
7.5399017960000005,24232.125
7.542526796000001,24232.125
7.545150796000001,24232.125
7.547775796000001,24232.125
7.550399796000001,24232.125
7.553024796000001,24232.125
7.555648796000001,24219.25
7.558273796000001,24219.25
7.560897796000001,24219.25
7.563522796000001,24219.25
7.566146796000001,24219.25
7.568771796,24219.25
7.571395796000001,24219.25
7.574020796,24219.25
7.576644796,24219.25
7.579269796,24219.25
7.581893796,24219.25
7.584518796,24219.25
7.587142796,24219.25
7.589767796,24219.25
7.592391796,24219.25
7.595016796,24219.25
7.597640796,24219.25
7.600265796,24219.25
7.602889796,24219.25
7.6055147960000005,24225.625
7.608138796,24225.625
7.6107637960000005,24225.625
7.6133877960000005,24225.625
7.616012796000001,24225.625
7.618637796000001,24225.625
7.621261796000001,24225.625
7.623886796000001,24225.625
7.626510796000001,24225.625
7.629135796000001,24225.625
7.631759796000001,24225.625
7.634384796000001,24225.625
7.637008796000001,24225.625
7.639633796,24225.625
7.642257796000001,24225.625
7.644882796,24225.625
7.647506796,24225.625
7.650131796,24225.625
7.652755796,24225.625
7.655380796,24225.625
7.658004796,24219.25
7.660629796,24219.25
7.663253796,24219.25
7.665878796,24219.25
7.668502796,24219.25
7.671127796,24219.25
7.673751796,24219.25
7.6763767960000004,24219.25
7.679000796,24219.25
7.6816257960000005,24219.25
7.6842497960000005,24219.25
7.686874796000001,24219.25
7.6894987960000005,24219.25
7.692123796000001,24219.25
7.694747796000001,24219.25
7.697372796000001,24219.25
7.699996796000001,24219.25
7.702621796000001,24219.25
7.705245796000001,24219.25
7.707870796000001,24212.75
7.710494796000001,24212.75
7.713119796000001,24212.75
7.715743796000001,24212.75
7.718368796000001,24212.75
7.720992796000001,24212.75
7.723617796,24212.75
7.726241796,24212.75
7.728866796,24212.75
7.731491796,24212.75
7.734115796,24212.75
7.736740796,24212.75
7.739364796,24212.75
7.741989796,24212.75
7.744613796,24212.75
7.747238796,24212.75
7.749862796,24212.75
7.7524877960000005,24212.75
7.7551117960000004,24212.75
7.7577367960000005,24212.75
7.7603607960000005,24212.75
7.762985796000001,24212.75
7.765609796000001,24212.75
7.768234796000001,24212.75
7.770858796000001,24212.75
7.773483796000001,24212.75
7.776107796000001,24212.75
7.778732796000001,24212.75
7.781356796000001,24212.75
7.783981796000001,24232.125
7.786605796000001,24232.125
7.789230796000001,24232.125
7.791854796000001,24232.125
7.794479796,24232.125
7.797103796000001,24232.125
7.799728796,24232.125
7.802352796,24232.125
7.804977796,24232.125
7.807601796,24232.125
7.810226796,24232.125
7.812850796,24232.125
7.815475796,24232.125
7.818099796,24232.125
7.820724796,24232.125
7.823348796,24232.125
7.825973796,24232.125
7.828597796,24232.125
7.8312227960000005,24232.125
7.8338467960000004,24232.125
7.8364717960000005,24238.625
7.8390957960000005,24238.625
7.841720796000001,24238.625
7.844345796000001,24238.625
7.846969796000001,24238.625
7.849594796000001,24238.625
7.852218796000001,24238.625
7.854843796000001,24238.625
7.857467796000001,24238.625
7.860092796000001,24225.625
7.862716796000001,24225.625
7.865341796,24225.625
7.867965796000001,24225.625
7.870590796,24225.625
7.873214796,24225.625
7.875839796,24225.625
7.878463796,24225.625
7.881088796,24225.625
7.883712796,24225.625
7.886337796,24219.25
7.888961796,24219.25
7.891586796,24219.25
7.894210796,24219.25
7.896835796,24219.25
7.899459796,24219.25
7.9020847960000005,24219.25
7.904708796,24219.25
7.9073337960000005,24219.25
7.9099577960000005,24219.25
7.912582796000001,24219.25
7.9152067960000005,24219.25
7.917831796000001,24219.25
7.920455796000001,24219.25
7.923080796000001,24219.25
7.925704796000001,24219.25
7.928329796000001,24219.25
7.930953796000001,24219.25
7.933578796000001,24219.25
7.936202796000001,24232.125
7.938827796000001,24232.125
7.941451796000001,24232.125
7.944076796,24232.125
7.946700796000001,24232.125
7.949325796,24232.125
7.951950796,24232.125
7.954574796,24232.125
7.957199796,24232.125
7.959823796,24232.125
7.962448796,24225.625
7.965072796,24225.625
7.967697796,24225.625
7.970321796,24225.625
7.9729467960000004,24225.625
7.975570796,24225.625
7.9781957960000005,24225.625
7.9808197960000005,24225.625
7.983444796000001,24225.625
7.9860687960000005,24225.625
7.988693796000001,24225.625
7.991317796000001,24225.625
7.993942796000001,24225.625
7.996566796000001,24225.625
7.999191796000001,24225.625
8.001815796,24225.625
8.004440796,24225.625
8.007064796,24225.625
8.009689796,24225.625
8.012313796,24225.625
8.014938796000001,24225.625
8.017562796,24225.625
8.020187796,24225.625
8.022811796000001,24225.625
8.025436796000001,24225.625
8.028060796,24225.625
8.030685796,24225.625
8.033309796000001,24225.625
8.035934796000001,24225.625
8.038558796,24225.625
8.041183796,24225.625
8.043807796000001,24225.625
8.046432796000001,24225.625
8.049056796,24225.625
8.051681796,24225.625
8.054305796000001,24225.625
8.056930796,24225.625
8.059554796,24225.625
8.062179796,24225.625
8.064804796,24232.125
8.067428796,24232.125
8.070053796,24232.125
8.072677796,24232.125
8.075302796,24232.125
8.077926796,24232.125
8.080551796,24232.125
8.083175796,24232.125
8.085800796000001,24232.125
8.088424796,24232.125
8.091049796,24232.125
8.093673796000001,24232.125
8.096298796000001,24232.125
8.098922796,24232.125
8.101547796,24232.125
8.104171796000001,24232.125
8.106796796000001,24232.125
8.109420796,24232.125
8.112045796,24232.125
8.114669796000001,24245.0
8.117294796000001,24245.0
8.119918796,24245.0
8.122543796,24245.0
8.125167796000001,24245.0
8.127792796000001,24245.0
8.130416796,24245.0
8.133041796,24245.0
8.135665796000001,24245.0
8.138290796,24245.0
8.140914796,24225.625
8.143539796,24225.625
8.146163796,24225.625
8.148788796,24225.625
8.151412796,24225.625
8.154037796,24225.625
8.156661796,24225.625
8.159286796,24225.625
8.161910796,24225.625
8.164535796000001,24225.625
8.167159796,24225.625
8.169784796,24225.625
8.172408796000001,24225.625
8.175033796000001,24225.625
8.177658796000001,24225.625
8.180282796,24225.625
8.182907796,24225.625
8.185531796000001,24225.625
8.188156796000001,24225.625
8.190780796,24232.125
8.193405796,24232.125
8.196029796000001,24232.125
8.198654796000001,24232.125
8.201278796,24232.125
8.203903796,24232.125
8.206527796000001,24232.125
8.209152796,24232.125
8.211776796,24232.125
8.214401796,24232.125
8.217025796,24238.625
8.219650796,24238.625
8.222274796,24238.625
8.224899796,24238.625
8.227523796,24238.625
8.230148796,24238.625
8.232772796,24238.625
8.235397796,24238.625
8.238021796,24238.625
8.240646796,24238.625
8.243270796000001,24232.125
8.245895796000001,24232.125
8.248519796,24232.125
8.251144796,24232.125
8.253768796000001,24232.125
8.256393796000001,24232.125
8.259017796,24232.125
8.261642796,24232.125
8.264266796000001,24232.125
8.266891796000001,24238.625
8.269515796,24238.625
8.272140796,24238.625
8.274764796000001,24238.625
8.277389796000001,24238.625
8.280013796,24238.625
8.282638796,24238.625
8.285262796000001,24238.625
8.287887796,24238.625
8.290512796,24238.625
8.293136796,24219.25
8.295761796,24219.25
8.298385796,24219.25
8.301010796,24219.25
8.303634796,24219.25
8.306259796,24219.25
8.308883796,24219.25
8.311508796,24219.25
8.314132796,24219.25
8.316757796000001,24219.25
8.319381796,24225.625
8.322006796,24225.625
8.324630796000001,24225.625
8.327255796000001,24225.625
8.329879796,24225.625
8.332504796,24225.625
8.335128796000001,24225.625
8.337753796000001,24225.625
8.340377796,24225.625
8.343002796,24225.625
8.345626796000001,24225.625
8.348251796000001,24225.625
8.350875796,24225.625
8.353500796,24225.625
8.356124796000001,24225.625
8.358749796,24225.625
8.361373796,24225.625
8.363998796,24225.625
8.366622796,24225.625
8.369247796,24219.25
8.371871796,24219.25
8.374496796,24219.25
8.377120796,24219.25
8.379745796,24219.25
8.382369796,24219.25
8.384994796,24219.25
8.387618796,24219.25
8.390243796,24219.25
8.392867796,24219.25
8.395492796000001,24225.625
8.398116796,24225.625
8.400741796,24225.625
8.403366796,24225.625
8.405990796000001,24225.625
8.408615796000001,24225.625
8.411239796,24225.625
8.413864796,24225.625
8.416488796000001,24225.625
8.419113796000001,24225.625
8.421737796,24225.625
8.424362796,24225.625
8.426986796000001,24225.625
8.429611796,24225.625
8.432235796,24225.625
8.434860796,24225.625
8.437484796,24225.625
8.440109796,24225.625
8.442733796,24225.625
8.445358796,24219.25
8.447982796,24219.25
8.450607796,24219.25
8.453231796,24219.25
8.455856796,24219.25
8.458480796,24219.25
8.461105796,24219.25
8.463729796,24219.25
8.466354796000001,24219.25
8.468978796,24219.25
8.471603796,24212.75
8.474227796000001,24212.75
8.476852796000001,24212.75
8.479476796,24212.75
8.482101796,24212.75
8.484725796000001,24212.75
8.487350796000001,24212.75
8.489974796,24212.75
8.492599796,24212.75
8.495223796000001,24212.75
8.497848796000001,24219.25
8.500472796,24219.25
8.503097796,24219.25
8.505721796000001,24219.25
8.508346796,24219.25
8.510970796,24219.25
8.513595796,24219.25
8.516220796,24219.25
8.518844796,24219.25
8.521469796,24212.75
8.524093796,24212.75
8.526718796,24212.75
8.529342796,24212.75
8.531967796,24212.75
8.534591796,24212.75
8.537216796000001,24212.75
8.539840796,24212.75
8.542465796,24212.75
8.545089796000001,24212.75
8.547714796000001,24225.625
8.550338796,24225.625
8.552963796,24225.625
8.555587796000001,24225.625
8.558212796000001,24225.625
8.560836796,24225.625
8.563461796,24225.625
8.566085796000001,24225.625
8.568710796000001,24225.625
8.571334796,24225.625
8.573959796,24212.75
8.576583796000001,24212.75
8.579208796000001,24212.75
8.581832796,24212.75
8.584457796,24212.75
8.587081796,24212.75
8.589706796,24212.75
8.592330796,24212.75
8.594955796,24212.75
8.597579796,24212.75
8.600204796,24212.75
8.602828796,24212.75
8.605453796,24212.75
8.608077796,24212.75
8.610702796,24212.75
8.613326796,24212.75
8.615951796000001,24212.75
8.618575796,24212.75
8.621200796,24212.75
8.623825796,24225.625
8.626449796000001,24225.625
8.629074796000001,24225.625
8.631698796,24225.625
8.634323796,24225.625
8.636947796000001,24225.625
8.639572796000001,24225.625
8.642196796,24225.625
8.644821796,24225.625
8.647445796000001,24225.625
8.650070796000001,24219.25
8.652694796,24219.25
8.655319796,24219.25
8.657943796000001,24219.25
8.660568796,24219.25
8.663192796,24219.25
8.665817796,24219.25
8.668441796,24219.25
8.671066796,24219.25
8.673690796,24219.25
8.676315796,24232.125
8.678939796,24232.125
8.681564796,24232.125
8.684188796,24232.125
8.686813796000001,24232.125
8.689437796,24232.125
8.692062796,24232.125
8.694686796000001,24232.125
8.697311796000001,24232.125
8.699935796,24219.25
8.702560796,24219.25
8.705184796000001,24219.25
8.707809796000001,24219.25
8.710433796,24219.25
8.713058796,24219.25
8.715682796000001,24219.25
8.718307796000001,24219.25
8.720931796,24219.25
8.723556796,24219.25
8.726180796000001,24212.75
8.728805796000001,24212.75
8.731429796,24212.75
8.734054796,24212.75
8.736679796,24212.75
8.739303796,24212.75
8.741928796,24212.75
8.744552796,24212.75
8.747177796,24212.75
8.749801796,24219.25
8.752426796,24219.25
8.755050796,24219.25
8.757675796000001,24219.25
8.760299796,24219.25
8.762924796,24219.25
8.765548796000001,24219.25
8.768173796000001,24219.25
8.770797796,24219.25
8.773422796,24219.25
8.776046796000001,24212.75
8.778671796000001,24212.75
8.781295796,24212.75
8.783920796,24212.75
8.786544796000001,24212.75
8.789169796000001,24212.75
8.791793796,24212.75
8.794418796,24212.75
8.797042796000001,24212.75
8.799667796000001,24212.75
8.802291796,24219.25
8.804916796,24219.25
8.807540796000001,24219.25
8.810165796,24219.25
8.812789796,24219.25
8.815414796,24219.25
8.818038796,24219.25
8.820663796,24219.25
8.823287796,24219.25
8.825912796,24219.25
8.828536796,24199.875
8.831161796,24199.875
8.833785796,24199.875
8.836410796000001,24199.875
8.839034796,24199.875
8.841659796,24199.875
8.844283796000001,24199.875
8.846908796000001,24199.875
8.849533796000001,24199.875
8.852157796,24199.875
8.854782796,24193.5
8.857406796000001,24193.5
8.860031796000001,24193.5
8.862655796,24193.5
8.865280796,24193.5
8.867904796000001,24193.5
8.870529796000001,24193.5
8.873153796,24193.5
8.875778796,24193.5
8.878402796000001,24193.5
8.881027796,24193.5
8.883651796,24193.5
8.886276796,24193.5
8.888900796,24193.5
8.891525796,24193.5
8.894149796,24193.5
8.896774796,24193.5
8.899398796,24193.5
8.902023796,24193.5
8.904647796,24193.5
8.907272796,24193.5
8.909896796,24193.5
8.912521796,24193.5
8.915145796000001,24193.5
8.917770796000001,24193.5
8.920394796,24193.5
8.923019796,24193.5
8.925643796000001,24193.5
8.928268796000001,24212.75
8.930892796,24212.75
8.933517796,24212.75
8.936141796000001,24212.75
8.938766796000001,24212.75
8.941390796,24212.75
8.944015796,24212.75
8.946639796000001,24212.75
8.949264796000001,24212.75
8.951888796,24212.75
8.954513796,24193.5
8.957137796000001,24193.5
8.959762796,24193.5
8.962387796,24193.5
8.965011796,24193.5
8.967636796,24193.5
8.970260796,24193.5
8.972885796,24193.5
8.975509796,24193.5
8.978134796,24193.5
8.980758796,24199.875
8.983383796,24199.875
8.986007796,24199.875
8.988632796000001,24199.875
8.991256796,24199.875
8.993881796,24199.875
8.996505796000001,24199.875
8.999130796000001,24199.875
9.001754796,24199.875
9.004379796,24199.875
9.007003796000001,24199.875
9.009628796000001,24199.875
9.012252796,24199.875
9.014877796,24199.875
9.017501796000001,24199.875
9.020126796000001,24199.875
9.022750796,24199.875
9.025375796,24199.875
9.027999796000001,24199.875
9.030624796,24187.0
9.033248796,24187.0
9.035873796,24187.0
9.038497796,24187.0
9.041122796,24187.0
9.043746796,24187.0
9.046371796,24187.0
9.048995796,24187.0
9.051620796,24187.0
9.054244796,24187.0
9.056869796,24199.875
9.059493796,24199.875
9.062118796,24199.875
9.064742796,24199.875
9.067367796000001,24199.875
9.069991796,24199.875
9.072616796,24199.875
9.075241796,24199.875
9.077865796000001,24199.875
9.080490796000001,24199.875
9.083114796,24219.25
9.085739796,24219.25
9.088363796000001,24219.25
9.090988796000001,24219.25
9.093612796,24219.25
9.096237796,24219.25
9.098861796000001,24219.25
9.101486796000001,24219.25
9.104110796,24219.25
9.106735796,24206.375
9.109359796000001,24206.375
9.111984796,24206.375
9.114608796,24206.375
9.117233796,24206.375
9.119857796,24206.375
9.122482796,24206.375
9.125106796,24206.375
9.127731796,24206.375
9.130355796,24206.375
9.132980796,24206.375
9.135604796,24206.375
9.138229796000001,24206.375
9.140853796,24206.375
9.143478796,24206.375
9.146102796000001,24206.375
9.148727796000001,24206.375
9.151351796,24206.375
9.153976796,24206.375
9.156600796000001,24206.375
9.159225796000001,24206.375
9.161849796,24206.375
9.164474796,24206.375
9.167098796000001,24206.375
9.169723796000001,24206.375
9.172347796,24206.375
9.174972796,24206.375
9.177596796000001,24206.375
9.180221796000001,24206.375
9.182845796,24206.375
9.185470796,24199.875
9.188095796,24199.875
9.190719796,24199.875
9.193344796,24199.875
9.195968796,24199.875
9.198593796,24199.875
9.201217796,24199.875
9.203842796,24199.875
9.206466796,24199.875
9.209091796000001,24199.875
9.211715796,24199.875
9.214340796,24199.875
9.216964796000001,24199.875
9.219589796000001,24199.875
9.222213796,24199.875
9.224838796,24199.875
9.227462796000001,24199.875
9.230087796000001,24199.875
9.232711796,24199.875
9.235336796,24187.0
9.237960796000001,24187.0
9.240585796000001,24187.0
9.243209796,24187.0
9.245834796,24187.0
9.248458796000001,24187.0
9.251083796000001,24187.0
9.253707796,24187.0
9.256332796,24187.0
9.258956796000001,24187.0
9.261581796,24187.0
9.264205796,24187.0
9.266830796,24187.0
9.269454796,24187.0
9.272079796,24187.0
9.274703796,24187.0
9.277328796,24187.0
9.279952796,24187.0
9.282577796,24187.0
9.285201796,24187.0
9.287826796000001,24187.0
9.290450796,24187.0
9.293075796,24187.0
9.295700796,24187.0
9.298324796000001,24187.0
9.300949796000001,24187.0
9.303573796,24187.0
9.306198796,24187.0
9.308822796000001,24187.0
9.311447796000001,24187.0
9.314071796,24187.0
9.316696796,24187.0
9.319320796000001,24187.0
9.321945796000001,24187.0
9.324569796,24187.0
9.327194796,24187.0
9.329818796000001,24187.0
9.332443796,24187.0
9.335067796,24187.0
9.337692796,24193.5
9.340316796,24193.5
9.342941796,24193.5
9.345565796,24193.5
9.348190796,24193.5
9.350814796,24193.5
9.353439796,24193.5
9.356063796,24193.5
9.358688796000001,24193.5
9.361312796,24193.5
9.363937796,24193.5
9.366561796000001,24193.5
9.369186796000001,24193.5
9.371810796,24193.5
9.374435796,24193.5
9.377059796000001,24193.5
9.379684796000001,24193.5
9.382308796,24193.5
9.384933796,24193.5
9.387557796000001,24187.0
9.390182796000001,24187.0
9.392806796,24187.0
9.395431796,24187.0
9.398055796000001,24187.0
9.400680796000001,24187.0
9.403304796,24187.0
9.405929796,24187.0
9.408554796,24187.0
9.411178796,24187.0
9.413803796,24180.625
9.416427796,24180.625
9.419052796,24180.625
9.421676796,24180.625
9.424301796,24180.625
9.426925796,24180.625
9.429550796000001,24180.625
9.432174796,24180.625
9.434799796,24180.625
9.437423796000001,24180.625
9.440048796000001,24174.125
9.442672796,24174.125
9.445297796,24174.125
9.447921796000001,24174.125
9.450546796000001,24174.125
9.453170796,24174.125
9.455795796,24174.125
9.458419796000001,24174.125
9.461044796000001,24174.125
9.463668796,24193.5
9.466293796,24193.5
9.468917796000001,24193.5
9.471542796000001,24193.5
9.474166796,24193.5
9.476791796,24193.5
9.479415796000001,24193.5
9.482040796,24193.5
9.484664796,24193.5
9.487289796,24193.5
9.489913796,24180.625
9.492538796,24180.625
9.495162796,24180.625
9.497787796,24180.625
9.500411796,24180.625
9.503036796,24180.625
9.505660796,24180.625
9.508285796000001,24180.625
9.510909796,24180.625
9.513534796,24180.625
9.516158796000001,24193.5
9.518783796000001,24193.5
9.521408796000001,24193.5
9.524032796,24193.5
9.526657796,24193.5
9.529281796000001,24193.5
9.531906796000001,24193.5
9.534530796,24193.5
9.537155796,24193.5
9.539779796000001,24174.125
9.542404796000001,24174.125
9.545028796,24174.125
9.547653796,24174.125
9.550277796000001,24174.125
9.552902796000001,24174.125
9.555526796,24174.125
9.558151796,24174.125
9.560775796,24174.125
9.563400796,24174.125
9.566024796,24180.625
9.568649796,24180.625
9.571273796,24180.625
9.573898796,24180.625
9.576522796,24180.625
9.579147796,24180.625
9.581771796,24180.625
9.584396796,24180.625
9.587020796000001,24180.625
9.589645796000001,24180.625
9.592269796,24180.625
9.594894796,24180.625
9.597518796000001,24180.625
9.600143796000001,24180.625
9.602767796,24180.625
9.605392796,24180.625
9.608016796000001,24180.625
9.610641796000001,24180.625
9.613265796,24180.625
9.615890796,24180.625
9.618514796000001,24187.0
9.621139796000001,24187.0
9.623763796,24187.0
9.626388796,24187.0
9.629012796000001,24187.0
9.631637796000001,24187.0
9.634262796,24187.0
9.636886796,24187.0
9.639511796,24187.0
9.642135796,24187.0
9.644760796,24187.0
9.647384796,24187.0
9.650009796,24187.0
9.652633796,24187.0
9.655258796,24187.0
9.657882796,24187.0
9.660507796000001,24187.0
9.663131796,24187.0
9.665756796,24187.0
9.668380796000001,24180.625
9.671005796000001,24180.625
9.673629796,24180.625
9.676254796,24180.625
9.678878796000001,24180.625
9.681503796000001,24180.625
9.684127796,24180.625
9.686752796,24180.625
9.689376796000001,24180.625
9.692001796000001,24180.625
9.694625796,24206.375
9.697250796,24206.375
9.699874796000001,24206.375
9.702499796000001,24206.375
9.705123796,24206.375
9.707748796,24206.375
9.710372796000001,24206.375
9.712997796,24206.375
9.715621796,24206.375
9.718246796,24212.75
9.720870796,24212.75
9.723495796,24212.75
9.726119796,24212.75
9.728744796,24212.75
9.731368796,24212.75
9.733993796,24212.75
9.736617796,24212.75
9.739242796000001,24212.75
9.741866796,24212.75
9.744491796,24206.375
9.747116796,24206.375
9.749740796000001,24206.375
9.752365796000001,24206.375
9.754989796,24206.375
9.757614796,24206.375
9.760238796000001,24206.375
9.762863796000001,24206.375
9.765487796,24206.375
9.768112796,24206.375
9.770736796000001,24206.375
9.773361796000001,24206.375
9.775985796,24206.375
9.778610796,24206.375
9.781234796000001,24206.375
9.783859796,24206.375
9.786483796,24206.375
9.789108796,24206.375
9.791732796,24206.375
9.794357796,24193.5
9.796981796,24193.5
9.799606796,24193.5
9.802230796,24193.5
9.804855796,24193.5
9.807479796,24193.5
9.810104796000001,24193.5
9.812728796,24193.5
9.815353796,24193.5
9.817977796000001,24193.5
9.820602796000001,24193.5
9.823226796,24193.5
9.825851796,24193.5
9.828475796000001,24193.5
9.831100796000001,24193.5
9.833724796,24193.5
9.836349796,24193.5
9.838973796000001,24193.5
9.841598796000001,24193.5
9.844222796,24193.5
9.846847796,24187.0
9.849471796000001,24187.0
9.852096796000001,24187.0
9.854720796,24187.0
9.857345796,24187.0
9.859970796,24187.0
9.862594796,24187.0
9.865219796,24187.0
9.867843796,24187.0
9.870468796,24187.0
9.873092796,24187.0
9.875717796,24187.0
9.878341796,24187.0
9.880966796000001,24187.0
9.883590796,24187.0
9.886215796,24187.0
9.888839796000001,24187.0
9.891464796000001,24187.0
9.894088796,24187.0
9.896713796,24187.0
9.899337796000001,24187.0
9.901962796000001,24187.0
9.904586796,24187.0
9.907211796,24187.0
9.909835796000001,24187.0
9.912460796000001,24187.0
9.915084796,24187.0
9.917709796,24187.0
9.920333796000001,24187.0
9.922958796000001,24193.5
9.925582796,24193.5
9.928207796,24193.5
9.930831796000001,24193.5
9.933456796,24193.5
9.936080796,24193.5
9.938705796,24193.5
9.941329796,24193.5
9.943954796,24193.5
9.946578796,24187.0
9.949203796,24187.0
9.951827796,24187.0
9.954452796,24187.0
9.957076796,24187.0
9.959701796000001,24187.0
9.962325796,24187.0
9.964950796,24187.0
9.967575796,24187.0
9.970199796000001,24187.0
9.972824796000001,24187.0
9.975448796,24187.0
9.978073796,24187.0
9.980697796000001,24187.0
9.983322796000001,24187.0
9.985946796,24187.0
9.988571796,24187.0
9.991195796000001,24187.0
9.993820796000001,24187.0
9.996444796,24187.0
9.999069796,24187.0
10.001693796000001,24187.0
10.004318796,24187.0
10.006942796,24187.0
10.009567796,24187.0
10.012191796,24187.0
10.014816796,24187.0
10.017440796,24187.0
10.020065796,24187.0
10.022689796,24187.0
10.025314796,24199.875
10.027938796,24199.875
10.030563796000001,24199.875
10.033187796,24199.875
10.035812796,24199.875
10.038436796000001,24199.875
10.041061796000001,24199.875
10.043685796,24199.875
10.046310796,24199.875
10.048934796000001,24193.5
10.051559796000001,24193.5
10.054183796,24193.5
10.056808796,24193.5
10.059432796000001,24193.5
10.062057796000001,24193.5
10.064681796,24193.5
10.067306796,24193.5
10.069930796000001,24193.5
10.072555796000001,24193.5
10.075179796,24199.875
10.077804796,24199.875
10.080429796,24199.875
10.083053796000002,24199.875
10.085678796,24199.875
10.088302796,24199.875
10.090927796,24199.875
10.093551796,24199.875
10.096176796,24199.875
10.098800796,24199.875
10.101425796000001,24212.75
10.104049796,24212.75
10.106674796,24212.75
10.109298796000001,24212.75
10.111923796000001,24212.75
10.114547796,24212.75
10.117172796,24212.75
10.119796796000001,24212.75
10.122421796000001,24212.75
10.125045796,24199.875
10.127670796,24199.875
10.130294796000001,24199.875
10.132919796000001,24199.875
10.135543796,24199.875
10.138168796,24199.875
10.140792796000001,24199.875
10.143417796000001,24199.875
10.146041796,24199.875
10.148666796,24199.875
10.151290796000001,24206.375
10.153915796000001,24206.375
10.156539796,24206.375
10.159164796,24206.375
10.161788796000002,24206.375
10.164413796,24206.375
10.167037796,24206.375
10.169662796,24206.375
10.172286796,24206.375
10.174911796,24206.375
10.177535796,24206.375
10.180160796000001,24206.375
10.182784796,24206.375
10.185409796,24206.375
10.188033796000001,24206.375
10.190658796000001,24206.375
10.193283796000001,24206.375
10.195907796,24206.375
10.198532796,24206.375
10.201156796000001,24206.375
10.203781796000001,24219.25
10.206405796,24219.25
10.209030796,24219.25
10.211654796000001,24219.25
10.214279796000001,24219.25
10.216903796,24219.25
10.219528796,24219.25
10.222152796000001,24219.25
10.224777796000001,24219.25
10.227401796,24212.75
10.230026796,24212.75
10.232650796000001,24212.75
10.235275796,24212.75
10.237899796,24212.75
10.240524796,24212.75
10.243148796,24212.75
10.245773796,24212.75
10.248397796,24212.75
10.251022796,24212.75
10.253646796,24225.625
10.256271796,24225.625
10.258895796000001,24225.625
10.261520796000001,24225.625
10.264144796,24225.625
10.266769796,24225.625
10.269393796000001,24225.625
10.272018796000001,24225.625
10.274642796,24225.625
10.277267796,24225.625
10.279891796000001,24212.75
10.282516796000001,24212.75
10.285140796,24212.75
10.287765796,24212.75
10.290389796000001,24212.75
10.293014796000001,24212.75
10.295638796,24212.75
10.298263796,24212.75
10.300887796000001,24212.75
10.303512796000001,24212.75
10.306137796,24212.75
10.308761796,24212.75
10.311386796,24212.75
10.314010796,24212.75
10.316635796,24212.75
10.319259796,24212.75
10.321884796,24212.75
10.324508796,24212.75
10.327133796,24212.75
10.329757796,24232.125
10.332382796000001,24232.125
10.335006796,24232.125
10.337631796,24232.125
10.340255796000001,24232.125
10.342880796000001,24232.125
10.345504796,24232.125
10.348129796,24232.125
10.350753796000001,24232.125
10.353378796000001,24232.125
10.356002796,24225.625
10.358627796,24225.625
10.361251796000001,24225.625
10.363876796000001,24225.625
10.366500796,24225.625
10.369125796,24225.625
10.371749796000001,24225.625
10.374374796000001,24225.625
10.376998796,24225.625
10.379623796,24225.625
10.382247796000001,24219.25
10.384872796,24219.25
10.387496796,24219.25
10.390121796,24219.25
10.392745796,24219.25
10.395370796,24219.25
10.397994796,24219.25
10.400619796,24219.25
10.403243796,24219.25
10.405868796,24219.25
10.408492796,24219.25
10.411117796000001,24219.25
10.413741796,24219.25
10.416366796,24219.25
10.418991796,24219.25
10.421615796000001,24219.25
10.424240796000001,24219.25
10.426864796,24219.25
10.429489796,24219.25
10.432113796000001,24212.75
10.434738796000001,24212.75
10.437362796,24212.75
10.439987796,24212.75
10.442611796000001,24212.75
10.445236796000001,24212.75
10.447860796,24212.75
10.450485796,24212.75
10.453109796000001,24212.75
10.455734796,24212.75
10.458358796,24206.375
10.460983796,24206.375
10.463607796,24206.375
10.466232796,24206.375
10.468856796,24206.375
10.471481796,24206.375
10.474105796,24206.375
10.476746796,24206.375
10.479370796000001,24206.375
10.481995796000001,24212.75
10.484620796000002,24212.75
10.487244796,24212.75
10.489869796,24212.75
10.492493796000002,24212.75
10.495118796,24212.75
10.497742796,24212.75
10.500367796,24212.75
10.502991796,24212.75
10.505616796,24212.75
10.508240796,24212.75
10.510865796000001,24212.75
10.513489796,24212.75
10.516114796,24212.75
10.518738796000001,24212.75
10.521363796000001,24212.75
10.523987796,24212.75
10.526612796,24212.75
10.529236796000001,24212.75
10.531861796000001,24212.75
10.534485796,24219.25
10.537110796,24219.25
10.539734796000001,24219.25
10.542359796000001,24219.25
10.544983796,24219.25
10.547608796,24219.25
10.550232796000001,24219.25
10.552857796000001,24219.25
10.555481796,24219.25
10.558106796,24212.75
10.560730796000001,24212.75
10.563355796000002,24212.75
10.565979796,24212.75
10.568604796,24212.75
10.571228796000002,24212.75
10.573853796,24212.75
10.576477796,24212.75
10.579102796,24212.75
10.581726796,24212.75
10.584351796,24206.375
10.586975796,24206.375
10.589600796000001,24206.375
10.592224796,24206.375
10.594849796,24206.375
10.597474796,24206.375
10.600098796000001,24206.375
10.602723796000001,24206.375
10.605347796,24206.375
10.607972796,24206.375
10.610596796000001,24206.375
10.613221796000001,24206.375
10.615845796,24206.375
10.618470796,24206.375
10.621094796000001,24206.375
10.623719796000001,24206.375
10.626343796,24206.375
10.628968796,24206.375
10.631592796000001,24206.375
10.634217796000001,24206.375
10.636841796,24206.375
10.639466796,24206.375
10.642090796000002,24206.375
10.644715796,24206.375
10.647339796,24206.375
10.649964796,24206.375
10.652588796,24206.375
10.655213796,24206.375
10.657837796,24206.375
10.660462796000001,24225.625
10.663086796,24225.625
10.665711796,24225.625
10.668335796000001,24225.625
10.670960796000001,24225.625
10.673584796,24225.625
10.676209796,24225.625
10.678833796000001,24225.625
10.681458796000001,24225.625
10.684082796,24225.625
10.686707796,24219.25
10.689331796000001,24219.25
10.691956796000001,24219.25
10.694580796,24219.25
10.697205796,24219.25
10.699829796000001,24219.25
10.702454796000001,24219.25
10.705078796,24219.25
10.707703796,24219.25
10.710328796,24219.25
10.712952796000001,24212.75
10.715577796,24212.75
10.718201796,24212.75
10.720826796,24212.75
10.723450796,24212.75
10.726075796,24212.75
10.728699796,24212.75
10.731324796,24212.75
10.733948796,24212.75
10.736573796,24193.5
10.739197796000001,24193.5
10.741822796000001,24193.5
10.744446796,24193.5
10.747071796,24193.5
10.749695796000001,24193.5
10.752320796000001,24193.5
10.754944796,24193.5
10.757569796,24193.5
10.760193796000001,24193.5
10.762818796000001,24199.875
10.765442796,24199.875
10.768067796,24199.875
10.770691796000001,24199.875
10.773316796000001,24199.875
10.775940796,24199.875
10.778565796,24199.875
10.781189796000001,24199.875
10.783814796000001,24199.875
10.786438796,24232.125
10.789063796,24232.125
10.791687796000001,24232.125
10.794312796,24232.125
10.796936796,24232.125
10.799561796,24232.125
10.802185796,24232.125
10.804810796,24232.125
10.807434796,24232.125
10.810059796,24232.125
10.812683796,24219.25
10.815308796,24219.25
10.817932796000001,24219.25
10.820557796000001,24219.25
10.823182796000001,24219.25
10.825806796,24219.25
10.828431796,24219.25
10.831055796000001,24219.25
10.833680796000001,24219.25
10.836304796,24219.25
10.838929796,24193.5
10.841553796000001,24193.5
10.844178796000001,24193.5
10.846802796,24193.5
10.849427796,24193.5
10.852051796000001,24193.5
10.854676796000001,24193.5
10.857300796,24193.5
10.859925796,24193.5
10.862549796000001,24193.5
10.865174796,24180.625
10.867798796,24180.625
10.870423796,24180.625
10.873047796,24180.625
10.875672796,24180.625
10.878296796,24180.625
10.880921796,24180.625
10.883545796,24180.625
10.886170796,24180.625
10.888794796,24180.625
10.891419796000001,24193.5
10.894043796,24193.5
10.896668796,24193.5
10.899292796000001,24193.5
10.901917796000001,24193.5
10.904541796,24193.5
10.907166796,24193.5
10.909790796000001,24193.5
10.912415796000001,24193.5
10.915039796,24212.75
10.917664796,24212.75
10.920288796000001,24212.75
10.922913796000001,24212.75
10.925537796,24212.75
10.928162796,24212.75
10.930786796000001,24212.75
10.933411796000001,24212.75
10.936036796000002,24212.75
10.938660796,24212.75
10.941285796,24206.375
10.943909796,24206.375
10.946534796,24206.375
10.949158796,24206.375
10.951783796,24206.375
10.954407796,24206.375
10.957032796,24206.375
10.959656796,24206.375
10.962281796000001,24206.375
10.964905796,24180.625
10.967530796,24180.625
10.970154796000001,24180.625
10.972779796000001,24180.625
10.975403796,24180.625
10.978028796,24180.625
10.980652796000001,24180.625
10.983277796000001,24180.625
10.985901796,24180.625
10.988526796,24180.625
10.991150796000001,24167.75
10.993775796000001,24167.75
10.996399796,24167.75
10.999024796,24167.75
11.001648796000001,24167.75
11.004273796000001,24167.75
11.006897796,24167.75
11.009522796,24167.75
11.012146796000001,24167.75
11.014771796000002,24167.75
11.017395796,24193.5
11.020020796,24193.5
11.022644796,24193.5
11.025269796,24193.5
11.027893796,24193.5
11.030518796,24193.5
11.033142796,24193.5
11.035767796,24193.5
11.038391796,24193.5
11.041016796000001,24193.5
11.043641796000001,24187.0
11.046265796,24187.0
11.048890796,24187.0
11.051514796000001,24187.0
11.054139796000001,24187.0
11.056763796,24187.0
11.059388796,24187.0
11.062012796000001,24187.0
11.064637796000001,24187.0
11.067261796,24180.625
11.069886796,24180.625
11.072510796000001,24180.625
11.075135796000001,24180.625
11.077759796,24180.625
11.080384796,24180.625
11.083008796000001,24180.625
11.085633796000002,24180.625
11.088257796,24180.625
11.090882796,24180.625
11.093506796000002,24161.25
11.096131796,24161.25
11.098755796,24161.25
11.101380796,24161.25
11.104004796,24161.25
11.106629796,24161.25
11.109253796,24161.25
11.111878796000001,24161.25
11.114502796,24161.25
11.117127796,24161.25
11.119751796000001,24174.125
11.122376796000001,24174.125
11.125000796,24174.125
11.127625796,24174.125
11.130249796000001,24174.125
11.132874796000001,24174.125
11.135498796,24174.125
11.138123796,24174.125
11.140747796000001,24174.125
11.143372796000001,24187.0
11.145996796,24187.0
11.148621796,24187.0
11.151245796000001,24187.0
11.153870796000001,24187.0
11.156495796000002,24187.0
11.159119796,24187.0
11.161744796,24187.0
11.164368796000002,24187.0
11.166993796,24187.0
11.169617796,24193.5
11.172242796,24193.5
11.174866796,24193.5
11.177491796,24193.5
11.180115796,24193.5
11.182740796000001,24193.5
11.185364796,24193.5
11.187989796,24193.5
11.190613796000001,24193.5
11.193238796000001,24193.5
11.195862796,24180.625
11.198487796,24180.625
11.201111796000001,24180.625
11.203736796000001,24180.625
11.206360796,24180.625
11.208985796,24180.625
11.211609796000001,24180.625
11.214234796000001,24180.625
11.216858796,24180.625
11.219483796,24180.625
11.222107796000001,24174.125
11.224732796000001,24174.125
11.227356796,24174.125
11.229981796,24174.125
11.232605796000001,24174.125
11.235230796000002,24174.125
11.237854796,24174.125
11.240479796,24174.125
11.243103796000002,24174.125
11.245728796,24174.125
11.248352796,24174.125
11.250977796,24174.125
11.253601796,24174.125
11.256226796,24174.125
11.258850796,24174.125
11.261475796000001,24174.125
11.264099796,24174.125
11.266724796,24174.125
11.269349796,24174.125
11.271973796000001,24187.0
11.274598796000001,24187.0
11.277222796,24187.0
11.279847796,24187.0
11.282471796000001,24187.0
11.285096796000001,24187.0
11.287720796,24187.0
11.290345796,24187.0
11.292969796000001,24187.0
11.295594796000001,24187.0
11.298218796,24167.75
11.300843796,24167.75
11.303467796000001,24167.75
11.306092796000001,24167.75
11.308716796,24167.75
11.311341796,24167.75
11.313965796000002,24167.75
11.316590796,24167.75
11.319214796,24167.75
11.321839796,24141.875
11.324463796,24141.875
11.327088796,24141.875
11.329712796,24141.875
11.332337796000001,24141.875
11.334961796,24141.875
11.337586796,24141.875
11.340210796000001,24141.875
11.342835796000001,24141.875
11.345459796,24141.875
11.348084796,24141.875
11.350708796000001,24141.875
11.353333796000001,24141.875
11.355957796,24141.875
11.358582796,24141.875
11.361206796000001,24141.875
11.363831796000001,24141.875
11.366455796,24141.875
11.369080796,24141.875
11.371704796000001,24141.875
11.374329796000001,24161.25
11.376953796,24161.25
11.379578796,24161.25
11.382203796,24161.25
11.384827796000001,24161.25
11.387452796,24161.25
11.390076796,24161.25
11.392701796,24161.25
11.395325796,24161.25
11.397950796,24180.625
11.400574796,24180.625
11.403199796,24180.625
11.405823796,24180.625
11.408448796,24180.625
11.411072796000001,24180.625
11.413697796000001,24180.625
11.416321796,24180.625
11.418946796,24180.625
11.421570796000001,24180.625
11.424195796000001,24148.375
11.426819796,24148.375
11.429444796,24148.375
11.432068796000001,24148.375
11.434693796000001,24148.375
11.437317796,24148.375
11.439942796,24148.375
11.442566796000001,24148.375
11.445191796000001,24148.375
11.447815796,24148.375
11.450440796,24148.375
11.453064796000001,24148.375
11.455689796000001,24148.375
11.458313796,24148.375
11.460938796,24148.375
11.463562796000001,24148.375
11.466187796000002,24148.375
11.468811796,24148.375
11.471436796,24148.375
11.474060796,24148.375
11.476685796,24161.25
11.479309796,24161.25
11.481934796,24161.25
11.484558796,24161.25
11.487183796,24161.25
11.489807796000001,24161.25
11.492432796000001,24161.25
11.495057796000001,24161.25
11.497681796,24161.25
11.500306796,24180.625
11.502930796000001,24180.625
11.505555796000001,24180.625
11.508179796,24180.625
11.510804796,24180.625
11.513428796000001,24180.625
11.516053796000001,24180.625
11.518677796,24180.625
11.521302796,24180.625
11.523926796000001,24180.625
11.526551796000001,24154.75
11.529175796,24154.75
11.531800796,24154.75
11.534424796000001,24154.75
11.537049796000002,24154.75
11.539673796,24154.75
11.542298796,24154.75
11.544922796000002,24154.75
11.547547796,24154.75
11.550171796,24154.75
11.552796796,24135.5
11.555420796,24135.5
11.558045796,24135.5
11.560669796,24135.5
11.563294796000001,24135.5
11.565918796,24135.5
11.568543796,24135.5
11.571167796000001,24135.5
11.573792796000001,24135.5
11.576416796,24141.875
11.579041796,24141.875
11.581665796000001,24141.875
11.584290796000001,24141.875
11.586914796,24141.875
11.589539796,24141.875
11.592163796000001,24141.875
11.594788796000001,24141.875
11.597412796,24141.875
11.600037796,24141.875
11.602661796000001,24174.125
11.605286796000001,24174.125
11.607911796000002,24174.125
11.610535796,24174.125
11.613160796,24174.125
11.615784796000002,24174.125
11.618409796,24174.125
11.621033796,24174.125
11.623658796,24174.125
11.626282796,24180.625
11.628907796,24180.625
11.631531796,24180.625
11.634156796000001,24180.625
11.636780796,24180.625
11.639405796,24180.625
11.642029796000001,24180.625
11.644654796000001,24180.625
11.647278796,24180.625
11.649903796,24180.625
11.652527796000001,24167.75
11.655152796000001,24167.75
11.657776796,24167.75
11.660401796,24167.75
11.663025796000001,24167.75
11.665650796000001,24167.75
11.668274796,24167.75
11.670899796,24167.75
11.673523796000001,24167.75
11.676148796000001,24167.75
11.678772796,24154.75
11.681397796,24154.75
11.684021796000001,24154.75
11.686646796000002,24154.75
11.689270796,24154.75
11.691895796,24154.75
11.694519796000002,24154.75
11.697144796,24154.75
11.699768796,24154.75
11.702393796,24154.75
11.705017796,24161.25
11.707642796,24161.25
11.710266796,24161.25
11.712891796000001,24161.25
11.715516796000001,24161.25
11.718140796,24161.25
11.720765796,24161.25
11.723389796000001,24161.25
11.726014796000001,24161.25
11.728638796,24161.25
11.731263796,24167.75
11.733887796000001,24167.75
11.736512796000001,24167.75
11.739136796,24167.75
11.741761796,24167.75
11.744385796000001,24167.75
11.747010796000001,24167.75
11.749634796,24167.75
11.752259796,24167.75
11.754883796000001,24167.75
11.757508796000002,24167.75
11.760132796,24167.75
11.762757796,24167.75
11.765381796000002,24167.75
11.768006796,24167.75
11.770630796,24167.75
11.773255796,24167.75
11.775879796,24167.75
11.778504796,24167.75
11.781128796,24141.875
11.783753796000001,24141.875
11.786377796,24141.875
11.789002796,24141.875
11.791626796000001,24141.875
11.794251796000001,24141.875
11.796875796,24141.875
11.799500796,24141.875
11.802124796000001,24141.875
11.804749796000001,24135.5
11.807373796,24135.5
11.809998796,24135.5
11.812622796000001,24135.5
11.815247796000001,24135.5
11.817871796,24135.5
11.820496796,24135.5
11.823120796000001,24135.5
11.825745796000001,24135.5
11.828370796000002,24135.5
11.830994796,24148.375
11.833619796,24148.375
11.836243796000002,24148.375
11.838868796,24148.375
11.841492796,24148.375
11.844117796,24148.375
11.846741796,24148.375
11.849366796,24148.375
11.851990796,24148.375
11.854615796000001,24148.375
11.857239796,24167.75
11.859864796,24167.75
11.862488796000001,24167.75
11.865113796000001,24167.75
11.867737796,24167.75
11.870362796,24167.75
11.872986796000001,24167.75
11.875611796000001,24167.75
11.878235796,24167.75
11.880860796,24167.75
11.883484796000001,24148.375
11.886109796000001,24148.375
11.888733796,24148.375
11.891358796,24148.375
11.893982796000001,24148.375
11.896607796000001,24148.375
11.899231796,24148.375
11.901856796,24148.375
11.904480796000001,24148.375
11.907105796000002,24135.5
11.909729796,24135.5
11.912354796,24135.5
11.914978796000002,24135.5
11.917603796,24135.5
11.920227796,24135.5
11.922852796,24135.5
11.925476796,24135.5
11.928101796,24135.5
11.930725796,24135.5
11.933350796000001,24122.625
11.935974796,24122.625
11.938599796,24122.625
11.941224796,24122.625
11.943848796000001,24122.625
11.946473796000001,24122.625
11.949097796,24122.625
11.951722796,24122.625
11.954346796000001,24122.625
11.956971796000001,24122.625
11.959595796,24148.375
11.962220796,24148.375
11.964844796000001,24148.375
11.967469796000001,24148.375
11.970093796,24148.375
11.972718796,24148.375
11.975342796000001,24148.375
11.977967796000001,24148.375
11.980591796,24148.375
11.983216796,24161.25
11.985840796000002,24161.25
11.988465796000002,24161.25
11.991089796,24161.25
11.993714796,24161.25
11.996338796,24161.25
11.998963796,24161.25
12.001587796,24161.25
12.004212796000001,24161.25
12.006836796,24161.25
12.009461796,24161.25
12.012085796000001,24161.25
12.014710796000001,24161.25
12.017334796,24161.25
12.019959796,24161.25
12.022583796000001,24161.25
12.025208796000001,24161.25
12.027832796,24161.25
12.030457796,24161.25
12.033081796000001,24161.25
12.035706796000001,24135.5
12.038330796,24135.5
12.040955796,24135.5
12.043579796000001,24135.5
12.046204796000001,24135.5
12.048828796,24135.5
12.051453796,24135.5
12.054078796,24135.5
12.056702796000001,24135.5
12.059327796000002,24135.5
12.061951796,24141.875
12.064576796,24141.875
12.067200796000002,24141.875
12.069825796,24141.875
12.072449796,24141.875
12.075074796,24141.875
12.077698796,24141.875
12.080323796,24141.875
12.082947796000001,24141.875
12.085572796000001,24161.25
12.088196796,24161.25
12.090821796,24161.25
12.093445796000001,24161.25
12.096070796000001,24161.25
12.098694796,24161.25
12.101319796,24161.25
12.103943796000001,24161.25
12.106568796000001,24161.25
12.109192796,24161.25
12.111817796,24161.25
12.114441796000001,24161.25
12.117066796000001,24161.25
12.119690796,24161.25
12.122315796,24161.25
12.124939796000001,24161.25
12.127564796000001,24161.25
12.130188796,24161.25
12.132813796,24161.25
12.135437796000001,24161.25
12.138062796000002,24148.375
12.140686796,24148.375
12.143311796,24148.375
12.145935796000002,24148.375
12.148560796,24148.375
12.151184796,24148.375
12.153809796,24148.375
12.156433796,24148.375
12.159058796,24148.375
12.161682796000001,24122.625
12.164307796000001,24122.625
12.166932796000001,24122.625
12.169556796,24122.625
12.172181796,24122.625
12.174805796000001,24122.625
12.177430796000001,24122.625
12.180054796,24122.625
12.182679796,24122.625
12.185303796000001,24122.625
12.187928796000001,24141.875
12.190552796,24141.875
12.193177796,24141.875
12.195801796000001,24141.875
12.198426796000001,24141.875
12.201050796,24141.875
12.203675796,24141.875
12.206299796000001,24141.875
12.208924796000002,24141.875
12.211548796,24141.875
12.214173796,24148.375
12.216797796000002,24148.375
12.219422796,24148.375
12.222046796,24148.375
12.224671796,24148.375
12.227295796,24148.375
12.229920796,24148.375
12.232544796,24148.375
12.235169796000001,24148.375
12.237793796,24148.375
12.240418796,24167.75
12.243042796000001,24167.75
12.245667796000001,24167.75
12.248291796,24167.75
12.250916796,24167.75
12.253540796000001,24167.75
12.256165796000001,24167.75
12.258789796,24167.75
12.261414796,24167.75
12.264038796000001,24154.75
12.266663796000001,24154.75
12.269287796,24154.75
12.271912796,24154.75
12.274536796000001,24154.75
12.277161796000001,24154.75
12.279786796000002,24154.75
12.282410796,24154.75
12.285035796,24154.75
12.287659796000002,24154.75
12.290284796,24154.75
12.292908796,24154.75
12.295533796,24154.75
12.298157796,24154.75
12.300782796,24154.75
12.303406796,24154.75
12.306031796000001,24154.75
12.308655796,24154.75
12.311280796,24154.75
12.313904796000001,24154.75
12.316529796000001,24154.75
12.319153796,24154.75
12.321778796,24154.75
12.324402796000001,24154.75
12.327027796000001,24154.75
12.329651796,24154.75
12.332276796,24154.75
12.334900796000001,24154.75
12.337525796000001,24154.75
12.340149796,24154.75
12.342774796,24154.75
12.345398796000001,24154.75
12.348023796000001,24154.75
12.350647796,24154.75
12.353272796,24154.75
12.355896796000001,24154.75
12.358521796000002,24154.75
12.361145796,24154.75
12.363770796,24154.75
12.366394796000002,24148.375
12.369019796,24148.375
12.371643796,24148.375
12.374268796,24148.375
12.376892796,24148.375
12.379517796,24148.375
12.382141796,24148.375
12.384766796000001,24148.375
12.387391796000001,24148.375
12.390015796,24148.375
12.392640796,24141.875
12.395264796000001,24141.875
12.397889796000001,24141.875
12.400513796,24141.875
12.403138796,24141.875
12.405762796000001,24141.875
12.408387796000001,24141.875
12.411011796,24141.875
12.413636796,24141.875
12.416260796000001,24148.375
12.418885796000001,24148.375
12.421509796,24148.375
12.424134796,24148.375
12.426758796000001,24148.375
12.429383796000002,24148.375
12.432007796,24148.375
12.434632796,24148.375
12.437256796000002,24148.375
12.439881796000002,24148.375
12.442505796,24174.125
12.445130796,24174.125
12.447754796,24174.125
12.450379796,24174.125
12.453003796,24174.125
12.455628796000001,24174.125
12.458252796,24174.125
12.460877796,24174.125
12.463501796000001,24174.125
12.466126796000001,24174.125
12.468750796,24167.75
12.471375796,24167.75
12.473999796000001,24167.75
12.476624796000001,24167.75
12.479248796,24167.75
12.481873796,24167.75
12.484497796000001,24167.75
12.487122796000001,24167.75
12.489746796,24167.75
12.492371796,24167.75
12.494995796000001,24161.25
12.497620796000001,24161.25
12.500245796000002,24161.25
12.502869796,24161.25
12.505494796,24161.25
12.508118796000002,24161.25
12.510743796000002,24161.25
12.513367796,24161.25
12.515992796,24161.25
12.518616796000002,24148.375
12.521241796,24148.375
12.523865796,24148.375
12.526490796000001,24148.375
12.529114796,24148.375
12.531739796,24148.375
12.534363796000001,24148.375
12.536988796000001,24148.375
12.539612796,24148.375
12.542237796,24148.375
12.544861796000001,24161.25
12.547486796000001,24161.25
12.550110796,24161.25
12.552735796,24161.25
12.555359796000001,24161.25
12.557984796000001,24161.25
12.560608796,24161.25
12.563233796,24161.25
12.565857796000001,24161.25
12.568482796000001,24161.25
12.571106796,24161.25
12.573731796,24161.25
12.576355796000001,24161.25
12.578980796000002,24161.25
12.581604796,24161.25
12.584229796,24161.25
12.586853796000002,24161.25
12.589478796000002,24161.25
12.592102796,24161.25
12.594727796,24174.125
12.597351796000002,24174.125
12.599976796,24174.125
12.602600796,24174.125
12.605225796000001,24174.125
12.607849796,24174.125
12.610474796,24174.125
12.613099796,24174.125
12.615723796000001,24174.125
12.618348796000001,24174.125
12.620972796,24167.75
12.623597796,24167.75
12.626221796000001,24167.75
12.628846796000001,24167.75
12.631470796,24167.75
12.634095796,24167.75
12.636719796000001,24167.75
12.639344796000001,24167.75
12.641968796,24167.75
12.644593796,24154.75
12.647217796000001,24154.75
12.649842796000001,24154.75
12.652466796,24154.75
12.655091796,24154.75
12.657715796000002,24154.75
12.660340796000002,24154.75
12.662964796,24154.75
12.665589796,24154.75
12.668213796000002,24154.75
12.670838796,24161.25
12.673462796,24161.25
12.676087796000001,24161.25
12.678711796,24161.25
12.681336796,24161.25
12.683960796000001,24161.25
12.686585796000001,24161.25
12.689209796,24161.25
12.691834796,24161.25
12.694458796000001,24161.25
12.697083796000001,24148.375
12.699707796,24148.375
12.702332796,24148.375
12.704956796000001,24148.375
12.707581796000001,24148.375
12.710205796,24148.375
12.712830796,24148.375
12.715454796000001,24148.375
12.718079796000001,24148.375
12.720703796,24148.375
12.723328796,24148.375
12.725953796,24148.375
12.728577796000001,24148.375
12.731202796000002,24148.375
12.733826796,24148.375
12.736451796,24148.375
12.739075796000002,24148.375
12.741700796,24148.375
12.744324796,24148.375
12.746949796,24148.375
12.749573796,24141.875
12.752198796,24141.875
12.754822796000001,24141.875
12.757447796000001,24141.875
12.760071796,24141.875
12.762696796,24141.875
12.765320796000001,24141.875
12.767945796000001,24141.875
12.770569796,24141.875
12.773194796,24135.5
12.775818796000001,24135.5
12.778443796000001,24135.5
12.781067796,24135.5
12.783692796,24135.5
12.786316796000001,24135.5
12.788941796000001,24135.5
12.791565796,24135.5
12.794190796,24135.5
12.796814796000001,24135.5
12.799439796000001,24141.875
12.802063796,24141.875
12.804688796,24141.875
12.807312796000001,24141.875
12.809937796000002,24141.875
12.812561796,24141.875
12.815186796,24141.875
12.817810796000002,24141.875
12.820435796,24141.875
12.823059796,24148.375
12.825684796,24148.375
12.828308796,24148.375
12.830933796,24148.375
12.833557796000001,24148.375
12.836182796000001,24148.375
12.838807796000001,24148.375
12.841431796,24148.375
12.844056796,24148.375
12.846680796000001,24148.375
12.849305796000001,24154.75
12.851929796,24154.75
12.854554796,24154.75
12.857178796000001,24154.75
12.859803796000001,24154.75
12.862427796,24154.75
12.865052796,24154.75
12.867676796000001,24154.75
12.870301796000001,24154.75
12.872925796,24154.75
12.875550796,24148.375
12.878174796000001,24148.375
12.880799796000002,24148.375
12.883423796,24148.375
12.886048796,24148.375
12.888672796000002,24148.375
12.891297796,24148.375
12.893921796,24148.375
12.896546796,24148.375
12.899170796,24148.375
12.901795796,24148.375
12.904419796,24148.375
12.907044796000001,24148.375
12.909668796,24148.375
12.912293796,24148.375
12.914917796000001,24148.375
12.917542796000001,24148.375
12.920166796,24148.375
12.922791796,24148.375
12.925415796000001,24148.375
12.928040796000001,24148.375
12.930664796,24148.375
12.933289796,24148.375
12.935913796000001,24148.375
12.938538796000001,24148.375
12.941162796,24148.375
12.943787796,24148.375
12.946411796000001,24148.375
12.949036796000001,24148.375
12.951661796000002,24148.375
12.954285796,24148.375
12.956910796,24148.375
12.959534796000002,24148.375
12.962159796000002,24148.375
12.964783796,24148.375
12.967408796,24148.375
12.970032796000002,24148.375
12.972657796,24148.375
12.975281796,24148.375
12.977906796000001,24148.375
12.980530796,24148.375
12.983155796,24148.375
12.985779796000001,24148.375
12.988404796000001,24148.375
12.991028796,24148.375
12.993653796,24148.375
12.996277796000001,24148.375
12.998902796000001,24148.375
13.001526796,24129.0
13.004151796,24129.0
13.006775796000001,24129.0
13.009400796000001,24129.0
13.012024796,24129.0
13.014649796,24129.0
13.017273796000001,24129.0
13.019898796000001,24129.0
13.022522796,24129.0
13.025147796,24129.0
13.027771796000001,24148.375
13.030396796000002,24148.375
13.033020796,24148.375
13.035645796,24148.375
13.038269796000002,24148.375
13.040894796000002,24148.375
13.043518796,24148.375
13.046143796,24148.375
13.048767796000002,24148.375
13.051392796,24148.375
13.054016796,24148.375
13.056641796000001,24148.375
13.059266796000001,24148.375
13.061890796,24148.375
13.064515796,24148.375
13.067139796000001,24148.375
13.069764796000001,24148.375
13.072388796,24148.375
13.075013796,24148.375
13.077637796000001,24148.375
13.080262796000001,24141.875
13.082886796,24141.875
13.085511796,24141.875
13.088135796000001,24141.875
13.090760796000001,24141.875
13.093384796,24141.875
13.096009796,24141.875
13.098633796000001,24141.875
13.101258796000002,24141.875
13.103882796,24129.0
13.106507796,24129.0
13.109131796000002,24129.0
13.111756796000002,24129.0
13.114380796,24129.0
13.117005796,24129.0
13.119629796000002,24129.0
13.122254796,24129.0
13.124878796,24129.0
13.127503796000001,24129.0
13.130127796,24141.875
13.132752796,24141.875
13.135376796000001,24141.875
13.138001796000001,24141.875
13.140625796,24141.875
13.143250796,24141.875
13.145874796000001,24141.875
13.148499796000001,24141.875
13.151123796,24141.875
13.153748796,24141.875
13.156372796000001,24148.375
13.158997796000001,24148.375
13.161621796,24148.375
13.164246796,24148.375
13.166870796000001,24148.375
13.169495796000001,24148.375
13.172120796000002,24148.375
13.174744796,24148.375
13.177369796,24148.375
13.179993796000002,24161.25
13.182618796000002,24161.25
13.185242796,24161.25
13.187867796,24161.25
13.190491796000002,24161.25
13.193116796,24161.25
13.195740796,24161.25
13.198365796000001,24161.25
13.200989796,24161.25
13.203614796,24161.25
13.206238796000001,24161.25
13.208863796000001,24161.25
13.211487796,24161.25
13.214112796,24161.25
13.216736796000001,24161.25
13.219361796000001,24161.25
13.221985796,24161.25
13.224610796,24161.25
13.227234796000001,24161.25
13.229859796000001,24161.25
13.232483796,24148.375
13.235108796,24148.375
13.237732796000001,24148.375
13.240357796000001,24148.375
13.242981796,24148.375
13.245606796,24148.375
13.248230796000001,24148.375
13.250855796000002,24148.375
13.253479796,24148.375
13.256104796,24148.375
13.258728796000002,24148.375
13.261353796000002,24148.375
13.263977796,24148.375
13.266602796,24148.375
13.269226796000002,24148.375
13.271851796,24148.375
13.274475796,24148.375
13.277100796000001,24148.375
13.279724796,24148.375
13.282349796,24161.25
13.284974796,24161.25
13.287598796000001,24161.25
13.290223796000001,24161.25
13.292847796,24161.25
13.295472796,24161.25
13.298096796000001,24161.25
13.300721796000001,24161.25
13.303345796,24161.25
13.305970796,24161.25
13.308594796000001,24148.375
13.311219796000001,24148.375
13.313843796,24148.375
13.316468796,24148.375
13.319092796000001,24148.375
13.321717796000001,24148.375
13.324341796,24148.375
13.326966796,24148.375
13.329590796000002,24148.375
13.332215796000002,24148.375
13.334839796,24135.5
13.337464796,24135.5
13.340088796000002,24135.5
13.342713796,24135.5
13.345337796,24135.5
13.347962796000001,24135.5
13.350586796,24135.5
13.353211796,24135.5
13.355835796000001,24135.5
13.358460796000001,24122.625
13.361084796,24122.625
13.363709796,24122.625
13.366333796000001,24122.625
13.368958796000001,24122.625
13.371582796,24122.625
13.374207796,24122.625
13.376831796000001,24122.625
13.379456796000001,24122.625
13.382080796,24122.625
13.384705796,24129.0
13.387329796000001,24129.0
13.389954796000001,24129.0
13.392578796,24129.0
13.395203796,24129.0
13.397828796,24129.0
13.400452796000001,24129.0
13.403077796000002,24129.0
13.405701796,24129.0
13.408326796,24129.0
13.410950796000002,24193.5
13.413575796000002,24193.5
13.416199796,24193.5
13.418824796,24193.5
13.421448796,24193.5
13.424073796,24193.5
13.426697796000001,24193.5
13.429322796000001,24193.5
13.431946796,24193.5
13.434571796,24206.375
13.437195796000001,24206.375
13.439820796000001,24206.375
13.442444796,24206.375
13.445069796,24206.375
13.447693796000001,24206.375
13.450318796000001,24206.375
13.452942796,24206.375
13.455567796,24206.375
13.458191796000001,24206.375
13.460816796000001,24174.125
13.463440796,24174.125
13.466065796,24174.125
13.468689796000001,24174.125
13.471314796000001,24174.125
13.473938796,24174.125
13.476563796,24174.125
13.479187796000001,24174.125
13.481812796000002,24174.125
13.484436796,24174.125
13.487061796,24187.0
13.489685796000002,24187.0
13.492310796000002,24187.0
13.494934796,24187.0
13.497559796,24187.0
13.500183796,24187.0
13.502808796,24187.0
13.505432796000001,24187.0
13.508057796000001,24187.0
13.510682796000001,24187.0
13.513306796,24193.5
13.515931796,24193.5
13.518555796000001,24193.5
13.521180796000001,24193.5
13.523804796,24193.5
13.526429796,24193.5
13.529053796000001,24193.5
13.531678796000001,24193.5
13.534302796,24193.5
13.536927796,24206.375
13.539551796000001,24206.375
13.542176796000001,24206.375
13.544800796,24206.375
13.547425796,24206.375
13.550049796000001,24206.375
13.552674796000002,24206.375
13.555298796,24206.375
13.557923796,24206.375
13.560547796000002,24206.375
13.563172796000002,24193.5
13.565796796,24193.5
13.568421796,24193.5
13.571045796000002,24193.5
13.573670796,24193.5
13.576294796,24193.5
13.578919796000001,24193.5
13.581543796,24193.5
13.584168796,24193.5
13.586792796000001,24193.5
13.589417796000001,24174.125
13.592041796,24174.125
13.594666796,24174.125
13.597290796000001,24174.125
13.599915796000001,24174.125
13.602539796,24174.125
13.605164796,24174.125
13.607788796000001,24174.125
13.610413796000001,24174.125
13.613037796,24174.125
13.615662796,24174.125
13.618286796000001,24174.125
13.620911796000001,24174.125
13.623536796000002,24174.125
13.626160796,24174.125
13.628785796,24174.125
13.631409796000002,24174.125
13.634034796000002,24174.125
13.636658796,24174.125
13.639283796,24206.375
13.641907796000002,24206.375
13.644532796,24206.375
13.647156796,24206.375
13.649781796000001,24206.375
13.652405796,24206.375
13.655030796,24206.375
13.657654796000001,24206.375
13.660279796000001,24206.375
13.662903796,24193.5
13.665528796,24193.5
13.668152796000001,24193.5
13.670777796000001,24193.5
13.673401796,24193.5
13.676026796,24193.5
13.678650796000001,24193.5
13.681275796000001,24193.5
13.683899796,24193.5
13.686524796,24193.5
13.689148796000001,24174.125
13.691773796000001,24174.125
13.694397796,24174.125
13.697022796,24174.125
13.699646796000001,24174.125
13.702271796000002,24174.125
13.704895796,24174.125
13.707520796,24174.125
13.710144796000002,24174.125
13.712769796000002,24174.125
13.715393796,24148.375
13.718018796,24148.375
13.720642796000002,24148.375
13.723267796,24148.375
13.725891796,24148.375
13.728516796000001,24148.375
13.731141796000001,24148.375
13.733765796,24148.375
13.736390796,24148.375
13.739014796000001,24148.375
13.741639796000001,24148.375
13.744263796,24148.375
13.746888796,24148.375
13.749512796000001,24148.375
13.752137796000001,24148.375
13.754761796,24148.375
13.757386796,24148.375
13.760010796000001,24148.375
13.762635796000001,24148.375
13.765259796,24148.375
13.767884796,24193.5
13.770508796000001,24193.5
13.773133796000002,24193.5
13.775757796,24193.5
13.778382796,24193.5
13.781006796000002,24193.5
13.783631796000002,24193.5
13.786255796,24193.5
13.788880796,24193.5
13.791504796000002,24154.75
13.794129796,24154.75
13.796753796,24154.75
13.799378796000001,24154.75
13.802002796,24154.75
13.804627796,24154.75
13.807251796000001,24154.75
13.809876796000001,24154.75
13.812500796,24154.75
13.815125796,24154.75
13.817749796000001,24193.5
13.820374796000001,24193.5
13.822998796,24193.5
13.825623796,24193.5
13.828247796000001,24193.5
13.830872796000001,24193.5
13.833496796,24193.5
13.836121796,24193.5
13.838745796000001,24193.5
13.841370796000001,24187.0
13.843995796000002,24187.0
13.846619796,24187.0
13.849244796,24187.0
13.851868796000002,24187.0
13.854493796000002,24187.0
13.857117796,24187.0
13.859742796,24187.0
13.862366796000002,24187.0
13.864991796,24187.0
13.867615796,24148.375
13.870240796000001,24148.375
13.872864796,24148.375
13.875489796,24148.375
13.878113796000001,24148.375
13.880738796000001,24148.375
13.883362796,24148.375
13.885987796,24148.375
13.888611796000001,24148.375
13.891236796000001,24148.375
13.893860796,24141.875
13.896485796,24141.875
13.899109796000001,24141.875
13.901734796000001,24141.875
13.904358796,24141.875
13.906983796,24141.875
13.909607796000001,24141.875
13.912232796000001,24141.875
13.914856796,24141.875
13.917481796,24141.875
13.920105796000001,24129.0
13.922730796000002,24129.0
13.925354796,24129.0
13.927979796,24129.0
13.930603796000002,24129.0
13.933228796000002,24129.0
13.935852796,24129.0
13.938477796,24129.0
13.941101796000002,24129.0
13.943726796000002,24174.125
13.946350796,24174.125
13.948975796000001,24174.125
13.951599796,24174.125
13.954224796,24174.125
13.956849796,24174.125
13.959473796000001,24174.125
13.962098796000001,24174.125
13.964722796,24174.125
13.967347796,24174.125
13.969971796000001,24232.125
13.972596796000001,24232.125
13.975220796,24232.125
13.977845796,24232.125
13.980469796000001,24232.125
13.983094796000001,24232.125
13.985718796,24232.125
13.988343796,24232.125
13.990967796000001,24232.125
13.993592796000001,24232.125
13.996216796,24206.375
13.998841796,24206.375
14.001465796000002,24206.375
14.004090796000002,24206.375
14.006714796,24206.375
14.009339796,24206.375
14.011963796000002,24206.375
14.014588796000002,24206.375
14.017212796,24206.375
14.019837796000001,24167.75
14.022461796000002,24167.75
14.025086796,24167.75
14.027710796000001,24167.75
14.030335796000001,24167.75
14.032959796,24167.75
14.035584796,24167.75
14.038208796000001,24167.75
14.040833796000001,24167.75
14.043457796,24167.75
14.046082796,24135.5
14.048706796000001,24135.5
14.051331796000001,24135.5
14.053955796,24135.5
14.056580796,24135.5
14.059204796000001,24135.5
14.061829796000001,24135.5
14.064453796,24135.5
14.067078796,24135.5
14.069703796,24135.5
14.072327796000001,24129.0
14.074952796000002,24129.0
14.077576796,24129.0
14.080201796,24129.0
14.082825796000002,24129.0
14.085450796000002,24129.0
14.088074796,24129.0
14.090699796,24129.0
14.093323796000002,24129.0
14.095948796,24129.0
14.098572796000001,24116.125
14.101197796000001,24116.125
14.103821796,24116.125
14.106446796,24116.125
14.109070796000001,24116.125
14.111695796000001,24116.125
14.114319796,24116.125
14.116944796,24116.125
14.119568796000001,24116.125
14.122193796000001,24116.125
14.124817796,24116.125
14.127442796,24116.125
14.130066796000001,24116.125
14.132691796000001,24116.125
14.135315796,24116.125
14.137940796,24116.125
14.140564796000001,24116.125
14.143189796000001,24116.125
14.145813796,24116.125
14.148438796,24154.75
14.151062796000001,24154.75
14.153687796000002,24154.75
14.156311796,24154.75
14.158936796,24154.75
14.161560796000002,24154.75
14.164185796000002,24154.75
14.166809796,24154.75
14.169434796,24154.75
14.172058796000002,24154.75
14.174683796,24103.25
14.177307796000001,24103.25
14.179932796000001,24103.25
14.182557796000001,24103.25
14.185181796,24103.25
14.187806796,24103.25
14.190430796000001,24103.25
14.193055796000001,24103.25
14.195679796,24103.25
14.198304796,24109.75
14.200928796000001,24109.75
14.203553796000001,24109.75
14.206177796,24109.75
14.208802796,24109.75
14.211426796000001,24109.75
14.214051796000001,24109.75
14.216675796,24109.75
14.219300796,24109.75
14.221924796000001,24109.75
14.224549796000002,24122.625
14.227173796,24122.625
14.229798796,24122.625
14.232422796000002,24122.625
14.235047796000002,24122.625
14.237671796,24122.625
14.240296796,24122.625
14.242920796000002,24122.625
14.245545796,24122.625
14.248169796,24122.625
14.250794796000001,24122.625
14.253418796,24122.625
14.256043796,24122.625
14.258667796000001,24122.625
14.261292796000001,24122.625
14.263916796,24122.625
14.266541796,24122.625
14.269165796000001,24122.625
14.271790796000001,24122.625
14.274414796,24122.625
14.277039796,24122.625
14.279663796000001,24122.625
14.282288796000001,24122.625
14.284912796,24122.625
14.287537796,24122.625
14.290161796000001,24122.625
14.292786796000001,24122.625
14.295411796000002,24122.625
14.298035796,24122.625
14.300660796,24122.625
14.303284796000002,24122.625
14.305909796000002,24122.625
14.308533796,24122.625
14.311158796,24122.625
14.313782796000002,24122.625
14.316407796,24122.625
14.319031796,24122.625
14.321656796000001,24122.625
14.324280796,24122.625
14.326905796,24122.625
14.329529796000001,24122.625
14.332154796000001,24122.625
14.334778796,24122.625
14.337403796,24122.625
14.340027796000001,24122.625
14.342652796000001,24122.625
14.345276796,24122.625
14.347901796,24122.625
14.350525796000001,24122.625
14.353150796000001,24122.625
14.355774796,24122.625
14.358399796,24122.625
14.361023796000001,24122.625
14.363648796000001,24122.625
14.366272796,24122.625
14.368897796,24122.625
14.371521796000001,24122.625
14.374146796000002,24122.625
14.376770796,24122.625
14.379395796,24122.625
14.382019796000002,24122.625
14.384644796000002,24122.625
14.387268796,24122.625
14.389893796,24122.625
14.392517796000002,24122.625
14.395142796,24122.625
14.397766796,24122.625
14.400391796000001,24122.625
14.403016796000001,24122.625
14.405640796,24122.625
14.408265796,24122.625
14.410889796000001,24122.625
14.413514796000001,24122.625
14.416138796,24122.625
14.418763796,24122.625
14.421387796000001,24122.625
14.424012796000001,24122.625
14.426636796,24122.625
14.429261796,24116.125
14.431885796000001,24116.125
14.434510796000001,24116.125
14.437134796,24116.125
14.439759796,24116.125
14.442383796000001,24116.125
14.445008796000002,24116.125
14.447632796,24116.125
14.450257796,24116.125
14.452881796000002,24129.0
14.455506796000002,24129.0
14.458130796,24129.0
14.460755796,24129.0
14.463379796000002,24129.0
14.466004796000002,24129.0
14.468628796,24129.0
14.471253796000001,24129.0
14.473877796,24129.0
14.476502796,24129.0
14.479126796000001,24116.125
14.481751796000001,24116.125
14.484375796,24116.125
14.487000796,24116.125
14.489624796000001,24116.125
14.492249796000001,24116.125
14.494873796,24116.125
14.497498796,24116.125
14.500122796000001,24116.125
14.502747796000001,24154.75
14.505371796,24154.75
14.507996796,24154.75
14.510620796000001,24154.75
14.513245796000001,24154.75
14.515870796000002,24154.75
14.518494796,24154.75
14.521119796,24154.75
14.523743796000002,24154.75
14.526368796000002,24154.75
14.528992796,24187.0
14.531617796,24187.0
14.534241796000002,24187.0
14.536866796000002,24187.0
14.539490796,24187.0
14.542115796000001,24187.0
14.544739796000002,24187.0
14.547364796,24187.0
14.549988796000001,24187.0
14.552613796000001,24187.0
14.555237796,24238.625
14.557862796,24238.625
14.560486796000001,24238.625
14.563111796000001,24238.625
14.565735796,24238.625
14.568360796,24238.625
14.570984796000001,24238.625
14.573609796000001,24238.625
14.576233796,24238.625
14.578858796,24238.625
14.581482796000001,24232.125
14.584107796000001,24232.125
14.586731796,24232.125
14.589356796,24232.125
14.591980796000001,24232.125
14.594605796000002,24232.125
14.597229796,24232.125
14.599854796,24232.125
14.602478796000002,24232.125
14.605103796000002,24232.125
14.607727796,24238.625
14.610352796,24238.625
14.612976796000002,24238.625
14.615601796000002,24238.625
14.618225796,24238.625
14.620850796000001,24238.625
14.623474796000002,24238.625
14.626099796,24238.625
14.628724796,24238.625
14.631348796000001,24225.625
14.633973796000001,24225.625
14.636597796,24225.625
14.639222796,24225.625
14.641846796000001,24225.625
14.644471796000001,24225.625
14.647095796,24225.625
14.649720796,24225.625
14.652344796000001,24225.625
14.654969796000001,24225.625
14.657593796,24219.25
14.660218796,24219.25
14.662842796000001,24219.25
14.665467796000001,24219.25
14.668091796,24219.25
14.670716796,24219.25
14.673340796000002,24219.25
14.675965796000002,24219.25
14.678589796,24219.25
14.681214796,24232.125
14.683838796000002,24232.125
14.686463796000002,24232.125
14.689087796,24232.125
14.691712796000001,24232.125
14.694336796000002,24232.125
14.696961796,24232.125
14.699585796000001,24232.125
14.702210796000001,24232.125
14.704834796,24232.125
14.707459796,24232.125
14.710083796000001,24232.125
14.712708796000001,24232.125
14.715332796,24232.125
14.717957796,24232.125
14.720581796000001,24232.125
14.723206796000001,24232.125
14.725830796,24232.125
14.728455796,24232.125
14.731079796000001,24232.125
14.733704796000001,24154.75
14.736328796,24154.75
14.738953796,24154.75
14.741578796,24154.75
14.744202796000001,24154.75
14.746827796000002,24154.75
14.749451796,24154.75
14.752076796,24154.75
14.754700796000002,24154.75
14.757325796000002,24154.75
14.759949796,24122.625
14.762574796,24122.625
14.765198796000002,24122.625
14.767823796,24122.625
14.770447796000001,24122.625
14.773072796000001,24122.625
14.775696796,24122.625
14.778321796,24122.625
14.780945796000001,24122.625
14.783570796000001,24193.5
14.786194796,24193.5
14.788819796,24193.5
14.791443796000001,24193.5
14.794068796000001,24193.5
14.796692796,24193.5
14.799317796,24193.5
14.801941796000001,24193.5
14.804566796000001,24193.5
14.807190796,24193.5
14.809815796,24257.875
14.812439796000001,24257.875
14.815064796000001,24257.875
14.817688796,24257.875
14.820313796,24257.875
14.822937796000001,24257.875
14.825562796000002,24257.875
14.828186796,24257.875
14.830811796,24257.875
14.833435796000002,24257.875
14.836060796000002,24212.75
14.838684796,24212.75
14.841309796,24212.75
14.843933796000002,24212.75
14.846558796,24212.75
14.849182796000001,24212.75
14.851807796000001,24212.75
14.854432796000001,24212.75
14.857056796,24212.75
14.859681796,24199.875
14.862305796000001,24199.875
14.864930796000001,24199.875
14.867554796,24199.875
14.870179796,24199.875
14.872803796000001,24199.875
14.875428796000001,24199.875
14.878052796,24199.875
14.880677796,24199.875
14.883301796000001,24199.875
14.885926796000001,24245.0
14.888550796,24245.0
14.891175796,24245.0
14.893799796000001,24245.0
14.896424796000002,24245.0
14.899048796,24245.0
14.901673796,24245.0
14.904297796000002,24245.0
14.906922796000002,24245.0
14.909546796,24245.0
14.912171796,24174.125
14.914795796000002,24174.125
14.917420796000002,24174.125
14.920044796,24174.125
14.922669796000001,24174.125
14.925293796,24174.125
14.927918796,24174.125
14.930542796000001,24174.125
14.933167796000001,24174.125
14.935791796,24174.125
14.938416796,24135.5
14.941040796000001,24135.5
14.943665796000001,24135.5
14.946289796,24135.5
14.948914796,24135.5
14.951538796000001,24135.5
14.954163796000001,24135.5
14.956787796,24135.5
14.959412796,24135.5
14.962036796000001,24154.75
14.964661796000001,24154.75
14.967286796000002,24154.75
14.969910796,24154.75
14.972535796,24154.75
14.975159796000002,24154.75
14.977784796000002,24154.75
14.980408796,24154.75
14.983033796,24154.75
14.985657796000002,24154.75
14.988282796000002,24148.375
14.990906796,24148.375
14.993531796000001,24148.375
14.996155796000002,24148.375
14.998780796,24148.375
15.001404796000001,24148.375
15.004029796000001,24148.375
15.006653796,24148.375
15.009278796,24148.375
15.011902796000001,24148.375
15.014527796000001,24212.75
15.017151796,24212.75
15.019776796,24212.75
15.022400796000001,24212.75
15.025025796000001,24212.75
15.027649796,24212.75
15.030274796,24212.75
15.032898796000001,24212.75
15.035523796000001,24212.75
15.038147796,24245.0
15.040772796,24245.0
15.043396796000001,24245.0
15.046021796000002,24245.0
15.048645796,24245.0
15.051270796,24245.0
15.053894796000002,24245.0
15.056519796000002,24245.0
15.059143796,24245.0
15.061768796,24245.0
15.064392796000002,24212.75
15.067017796000002,24212.75
15.069641796,24212.75
15.072266796000001,24212.75
15.074891796000001,24212.75
15.077515796,24212.75
15.080140796,24212.75
15.082764796000001,24212.75
15.085389796000001,24212.75
15.088013796,24212.75
15.090638796,24225.625
15.093262796000001,24225.625
15.095887796000001,24225.625
15.098511796,24225.625
15.101136796,24225.625
15.103760796000001,24225.625
15.106385796000001,24225.625
15.109009796,24225.625
15.111634796,24225.625
15.114258796000001,24225.625
15.116883796000002,24103.25
15.119507796,24103.25
15.122132796,24103.25
15.124756796000002,24103.25
15.127381796000002,24103.25
15.130005796,24103.25
15.132630796,24103.25
15.135254796000002,24103.25
15.137879796000002,24103.25
15.140503796,24090.375
15.143128796000001,24090.375
15.145752796000002,24090.375
15.148377796,24090.375
15.151001796000001,24090.375
15.153626796000001,24090.375
15.156250796,24090.375
15.158875796,24090.375
15.161499796000001,24090.375
15.164124796000001,24090.375
15.166748796,24058.125
15.169373796,24058.125
15.171997796000001,24058.125
15.174622796000001,24058.125
15.177246796,24058.125
15.179871796,24058.125
15.182495796000001,24058.125
15.185120796000001,24058.125
15.187745796000002,24058.125
15.190369796,24058.125
15.192994796,24051.75
15.195618796000002,24051.75
15.198243796000002,24051.75
15.200867796,24051.75
15.203492796,24051.75
15.206116796000002,24051.75
15.208741796000002,24051.75
15.211365796,24051.75
15.213990796000001,24051.75
15.216614796000002,24071.0
15.219239796,24071.0
15.221863796000001,24071.0
15.224488796000001,24071.0
15.227112796,24071.0
15.229737796,24071.0
15.232361796000001,24071.0
15.234986796000001,24071.0
15.237610796,24071.0
15.240235796,24071.0
15.242859796000001,24064.625
15.245484796000001,24064.625
15.248108796,24064.625
15.250733796,24064.625
15.253357796000001,24064.625
15.255982796000001,24064.625
15.258606796,24064.625
15.261231796,24064.625
15.263855796000001,24064.625
15.266480796000002,24064.625
15.269104796,24051.75
15.271729796,24051.75
15.274353796000002,24051.75
15.276978796000002,24051.75
15.279602796,24051.75
15.282227796,24051.75
15.284851796000002,24051.75
15.287476796000002,24051.75
15.290100796,24051.75
15.292725796000001,24051.75
15.295349796000002,24051.75
15.297974796,24051.75
15.300599796,24051.75
15.303223796000001,24051.75
15.305848796000001,24051.75
15.308472796,24051.75
15.311097796,24051.75
15.313721796000001,24051.75
15.316346796000001,24051.75
15.318970796,24045.25
15.321595796,24045.25
15.324219796000001,24045.25
15.326844796000001,24045.25
15.329468796,24045.25
15.332093796,24045.25
15.334717796000001,24045.25
15.337342796000001,24045.25
15.339966796,24045.25
15.342591796,24045.25
15.345215796000002,24045.25
15.347840796000002,24045.25
15.350464796,24045.25
15.353089796,24045.25
15.355713796000002,24045.25
15.358338796000002,24045.25
15.360962796,24045.25
15.363587796000001,24045.25
15.366211796000002,24045.25
15.368836796,24045.25
15.371460796000001,24032.375
15.374085796000001,24032.375
15.376709796,24032.375
15.379334796,24032.375
15.381958796000001,24032.375
15.384583796000001,24032.375
15.387207796,24032.375
15.389832796,24032.375
15.392456796000001,24032.375
15.395081796000001,24026.0
15.397705796,24026.0
15.400330796,24026.0
15.402954796000001,24026.0
15.405579796000001,24026.0
15.408203796,24026.0
15.410828796,24026.0
15.413453796,24026.0
15.416077796000001,24026.0
15.418702796000002,24026.0
15.421326796,24032.375
15.423951796,24032.375
15.426575796000002,24032.375
15.429200796000002,24032.375
15.431824796,24032.375
15.434449796,24032.375
15.437073796000002,24032.375
15.439698796000002,24032.375
15.442322796000001,24032.375
15.444947796000001,24032.375
15.447571796,24038.875
15.450196796,24038.875
15.452820796000001,24038.875
15.455445796000001,24038.875
15.458069796,24038.875
15.460694796,24038.875
15.463318796000001,24038.875
15.465943796000001,24038.875
15.468567796,24038.875
15.471192796,24038.875
15.473816796000001,24038.875
15.476441796000001,24038.875
15.479065796,24038.875
15.481690796,24038.875
15.484314796000001,24038.875
15.486939796000001,24038.875
15.489563796,24038.875
15.492188796,24038.875
15.494812796000001,24038.875
15.497437796000002,24032.375
15.500061796,24032.375
15.502686796,24032.375
15.505310796000002,24032.375
15.507935796000002,24032.375
15.510559796,24032.375
15.513184796,24032.375
15.515808796000002,24032.375
15.518433796000002,24032.375
15.521057796000001,24038.875
15.523682796000001,24038.875
15.526307796000001,24038.875
15.528931796,24038.875
15.531556796,24038.875
15.534180796000001,24038.875
15.536805796000001,24038.875
15.539429796,24038.875
15.542054796,24038.875
15.544678796000001,24038.875
15.547303796000001,24026.0
15.549927796,24026.0
15.552552796,24026.0
15.555176796000001,24026.0
15.557801796000001,24026.0
15.560425796,24026.0
15.563050796,24026.0
15.565674796000001,24026.0
15.568299796000002,24026.0
15.570923796,24026.0
15.573548796,24032.375
15.576172796000002,24032.375
15.578797796000002,24032.375
15.581421796,24032.375
15.584046796,24032.375
15.586670796000002,24032.375
15.589295796000002,24032.375
15.591919796,24032.375
15.594544796000001,24032.375
15.597168796000002,24032.375
15.599793796,24038.875
15.602417796000001,24038.875
15.605042796000001,24038.875
15.607666796,24038.875
15.610291796,24038.875
15.612915796000001,24038.875
15.615540796000001,24038.875
15.618164796,24038.875
15.620789796,24038.875
15.623413796000001,24045.25
15.626038796000001,24045.25
15.628662796,24045.25
15.631287796,24045.25
15.633911796000001,24045.25
15.636536796000001,24045.25
15.639161796000002,24045.25
15.641785796,24045.25
15.644410796,24045.25
15.647034796000002,24045.25
15.649659796000002,24026.0
15.652283796,24026.0
15.654908796,24026.0
15.657532796000002,24026.0
15.660157796000002,24026.0
15.662781796,24026.0
15.665406796000001,24026.0
15.668030796000002,24026.0
15.670655796,24026.0
15.673279796000001,24026.0
15.675904796000001,24038.875
15.678528796,24038.875
15.681153796,24038.875
15.683777796000001,24038.875
15.686402796000001,24038.875
15.689026796,24038.875
15.691651796,24038.875
15.694275796000001,24038.875
15.696900796000001,24038.875
15.699524796,24038.875
15.702149796,24038.875
15.704773796000001,24038.875
15.707398796000001,24038.875
15.710022796,24038.875
15.712647796,24038.875
15.715271796000001,24038.875
15.717896796000002,24038.875
15.720520796,24038.875
15.723145796,24038.875
15.725769796000002,24103.25
15.728394796000002,24103.25
15.731018796,24103.25
15.733643796,24103.25
15.736267796000002,24103.25
15.738892796000002,24103.25
15.741516796,24103.25
15.744141796000001,24103.25
15.746766796000001,24103.25
15.749390796,24103.25
15.752015796,24096.875
15.754639796000001,24096.875
15.757264796000001,24096.875
15.759888796,24096.875
15.762513796,24096.875
15.765137796000001,24096.875
15.767762796000001,24096.875
15.770386796,24096.875
15.773011796,24096.875
15.775635796000001,24096.875
15.778260796000001,24122.625
15.780884796,24122.625
15.783509796,24122.625
15.786133796000001,24122.625
15.788758796000002,24122.625
15.791382796,24122.625
15.794007796,24122.625
15.796631796000002,24122.625
15.799256796000002,24122.625
15.801880796,24116.125
15.804505796,24116.125
15.807129796000002,24116.125
15.809754796000002,24116.125
15.812378796,24116.125
15.815003796000001,24116.125
15.817627796000002,24116.125
15.820252796,24116.125
15.822876796000001,24116.125
15.825501796000001,24116.125
15.828125796,24122.625
15.830750796,24122.625
15.833374796000001,24122.625
15.835999796000001,24122.625
15.838623796,24122.625
15.841248796,24122.625
15.843872796000001,24122.625
15.846497796000001,24122.625
15.849121796,24122.625
15.851746796,24122.625
15.854370796000001,24116.125
15.856995796000001,24116.125
15.859620796000002,24116.125
15.862244796,24116.125
15.864869796,24116.125
15.867493796000002,24116.125
15.870118796000002,24116.125
15.872742796,24116.125
15.875367796,24116.125
15.877991796000002,24109.75
15.880616796000002,24109.75
15.883240796,24109.75
15.885865796000001,24109.75
15.888489796000002,24109.75
15.891114796000002,24109.75
15.893738796000001,24109.75
15.896363796000001,24109.75
15.898987796,24109.75
15.901612796,24109.75
15.904236796000001,24116.125
15.906861796000001,24116.125
15.909485796,24116.125
15.912110796,24116.125
15.914734796000001,24116.125
15.917359796000001,24116.125
15.919983796,24116.125
15.922608796,24116.125
15.925232796000001,24116.125
15.927857796000001,24116.125
15.930481796,24109.75
15.933106796,24109.75
15.935730796000001,24109.75
15.938355796000002,24109.75
15.940979796,24109.75
15.943604796,24109.75
15.946228796000002,24109.75
15.948853796000002,24109.75
15.951477796,24109.75
15.954102796,24109.75
15.956726796000002,24116.125
15.959351796000002,24116.125
15.961975796,24116.125
15.964600796000001,24116.125
15.967224796000002,24116.125
15.969849796000002,24116.125
15.972474796,24116.125
15.975098796000001,24116.125
15.977723796000001,24116.125
15.980347796,24109.75
15.982972796,24109.75
15.985596796000001,24109.75
15.988221796000001,24109.75
15.990845796,24109.75
15.993470796,24109.75
15.996094796000001,24109.75
15.998719796000001,24109.75
16.001343796,24109.75
16.003968796000002,24109.75
16.006592796,24116.125
16.009217796,24116.125
16.011841796000002,24116.125
16.014466796,24116.125
16.017090796,24116.125
16.019715796,24116.125
16.022339796,24116.125
16.024964796000003,24116.125
16.027588796,24116.125
16.030213796,24116.125
16.032837796000003,24103.25
16.035462796,24103.25
16.038086796,24103.25
16.040711796,24103.25
16.043335796,24103.25
16.045960796,24103.25
16.048584796,24103.25
16.051209796000002,24103.25
16.053833796,24103.25
16.056458796,24109.75
16.059082796000002,24109.75
16.061707796,24109.75
16.064331796,24109.75
16.066956796,24109.75
16.069580796,24109.75
16.072205796000002,24109.75
16.074829796,24109.75
16.077454796,24109.75
16.080078796000002,24109.75
16.082703796,24103.25
16.085328796000002,24103.25
16.087952796,24103.25
16.090577796,24103.25
16.093201796000002,24103.25
16.095826796,24103.25
16.098450796,24103.25
16.101075796,24103.25
16.103699796,24103.25
16.106324796000003,24103.25
16.108948796,24096.875
16.111573796000002,24096.875
16.114197796000003,24096.875
16.116822796,24096.875
16.119446796000002,24096.875
16.122071796,24096.875
16.124695796,24096.875
16.127320796,24096.875
16.129944796,24096.875
16.132569796000002,24090.375
16.135193796,24090.375
16.137818796,24090.375
16.140442796000002,24090.375
16.143067796,24090.375
16.145691796,24090.375
16.148316796,24090.375
16.150940796,24090.375
16.153565796000002,24090.375
16.156189796,24090.375
16.158814796,24096.875
16.161438796000002,24096.875
16.164063796,24096.875
16.166687796,24096.875
16.169312796,24096.875
16.171936796,24096.875
16.174561796000003,24096.875
16.177185796,24096.875
16.179810796,24096.875
16.182434796000003,24109.75
16.185059796,24109.75
16.187683796,24109.75
16.190308796,24109.75
16.192932796,24109.75
16.195557796000003,24109.75
16.198182796,24109.75
16.200806796000002,24109.75
16.203431796,24109.75
16.206055796,24109.75
16.208680796,24109.75
16.211304796,24096.875
16.213929796000002,24096.875
16.216553796,24096.875
16.219178796,24096.875
16.221802796000002,24096.875
16.224427796,24096.875
16.227051796,24096.875
16.229676796,24096.875
16.232300796,24096.875
16.234925796000002,24096.875
16.237549796,24096.875
16.240174796,24096.875
16.242798796000002,24096.875
16.245423796,24096.875
16.248047796,24096.875
16.250672796,24096.875
16.253296796,24096.875
16.255921796000003,24096.875
16.258545796,24096.875
16.261170796000002,24096.875
16.263794796000003,24096.875
16.266419796,24096.875
16.269043796000002,24096.875
16.271668796,24096.875
16.274292796,24096.875
16.276917796,24096.875
16.279541796,24096.875
16.282166796000002,24096.875
16.284790796,24096.875
16.287415796,24090.375
16.290039796000002,24090.375
16.292664796,24090.375
16.295288796,24090.375
16.297913796,24090.375
16.300537796,24090.375
16.303162796000002,24090.375
16.305786796,24090.375
16.308411796,24090.375
16.311036796,24096.875
16.313660796,24096.875
16.316285796000003,24096.875
16.318909796,24096.875
16.321534796,24096.875
16.324158796000003,24096.875
16.326783796,24096.875
16.329407796,24096.875
16.332032796,24096.875
16.334656796,24096.875
16.337281796000003,24077.5
16.339905796,24077.5
16.342530796000002,24077.5
16.345154796000003,24077.5
16.347779796,24077.5
16.350403796000002,24077.5
16.353028796,24077.5
16.355652796,24077.5
16.358277796,24077.5
16.360901796,24083.875
16.363526796000002,24083.875
16.366150796,24083.875
16.368775796,24083.875
16.371399796000002,24083.875
16.374024796,24083.875
16.376648796,24083.875
16.379273796,24083.875
16.381897796,24083.875
16.384522796000002,24083.875
16.387146796,24083.875
16.389771796,24083.875
16.392395796000002,24083.875
16.395020796,24083.875
16.397644796,24083.875
16.400269796,24083.875
16.402893796,24083.875
16.405518796000003,24083.875
16.408142796,24083.875
16.410767796000002,24083.875
16.413391796000003,24090.375
16.416016796,24090.375
16.418641796,24090.375
16.421265796,24090.375
16.423890796000002,24090.375
16.426514796,24090.375
16.429139796,24090.375
16.431763796000002,24090.375
16.434388796,24090.375
16.437012796,24090.375
16.439637796,24071.0
16.442261796,24071.0
16.444886796000002,24071.0
16.447510796,24071.0
16.450135796,24071.0
16.452759796000002,24071.0
16.455384796,24071.0
16.458008796,24071.0
16.460633796,24071.0
16.463257796,24071.0
16.465882796000002,24083.875
16.468506796,24083.875
16.471131796,24083.875
16.473755796000003,24083.875
16.476380796,24083.875
16.479004796,24083.875
16.481629796,24083.875
16.484253796,24083.875
16.486878796000003,24083.875
16.489502796,24090.375
16.492127796000002,24090.375
16.494751796000003,24090.375
16.497376796,24090.375
16.500000796000002,24090.375
16.502625796,24090.375
16.505249796,24090.375
16.507874796,24090.375
16.510498796,24090.375
16.513123796000002,24090.375
16.515747796,24083.875
16.518372796,24083.875
16.520996796000002,24083.875
16.523621796,24083.875
16.526245796,24083.875
16.528870796,24083.875
16.531495796,24083.875
16.534119796000002,24083.875
16.536744796,24083.875
16.539368796,24051.75
16.541993796,24051.75
16.544617796,24051.75
16.547242796000003,24051.75
16.549866796,24051.75
16.552491796,24051.75
16.555115796000003,24051.75
16.557740796,24051.75
16.560364796,24051.75
16.562989796,24051.75
16.565613796,24077.5
16.568238796,24077.5
16.570862796,24077.5
16.573487796000002,24077.5
16.576111796,24077.5
16.578736796,24077.5
16.581360796000002,24077.5
16.583985796,24077.5
16.586609796,24077.5
16.589234796,24077.5
16.591858796,24071.0
16.594483796000002,24071.0
16.597107796,24071.0
16.599732796,24071.0
16.602356796000002,24071.0
16.604981796,24071.0
16.607605796,24071.0
16.610230796,24071.0
16.612854796,24071.0
16.615479796000002,24071.0
16.618103796,24064.625
16.620728796,24064.625
16.623352796000002,24064.625
16.625977796,24064.625
16.628601796,24064.625
16.631226796,24064.625
16.633850796,24064.625
16.636475796000003,24064.625
16.639099796,24064.625
16.641724796000002,24071.0
16.644349796,24071.0
16.646973796,24071.0
16.649598796,24071.0
16.652222796,24071.0
16.654847796000002,24071.0
16.657471796,24071.0
16.660096796,24071.0
16.662720796000002,24071.0
16.665345796,24071.0
16.667969796,24064.625
16.670594796,24064.625
16.673218796,24064.625
16.675843796000002,24064.625
16.678467796,24064.625
16.681092796,24064.625
16.683716796000002,24064.625
16.686341796,24064.625
16.688965796,24064.625
16.691590796,24064.625
16.694214796,24071.0
16.696839796000003,24071.0
16.699463796,24071.0
16.702088796,24071.0
16.704712796000003,24071.0
16.707337796,24071.0
16.709961796,24071.0
16.712586796,24071.0
16.715210796,24071.0
16.717835796000003,24071.0
16.720459796,24071.0
16.723084796000002,24071.0
16.725708796,24071.0
16.728333796,24071.0
16.730957796000002,24071.0
16.733582796,24071.0
16.736206796,24071.0
16.738831796,24071.0
16.741455796,24071.0
16.744080796000002,24083.875
16.746704796,24083.875
16.749329796,24083.875
16.751953796000002,24083.875
16.754578796,24083.875
16.757203796000002,24083.875
16.759827796,24083.875
16.762452796,24083.875
16.765076796000002,24083.875
16.767701796,24083.875
16.770325796,24077.5
16.772950796,24077.5
16.775574796,24077.5
16.778199796000003,24077.5
16.780823796,24077.5
16.783448796000002,24077.5
16.786072796000003,24077.5
16.788697796,24077.5
16.791321796000002,24077.5
16.793946796,24077.5
16.796570796,24096.875
16.799195796,24096.875
16.801819796,24096.875
16.804444796000002,24096.875
16.807068796,24096.875
16.809693796,24096.875
16.812317796000002,24096.875
16.814942796,24096.875
16.817566796,24096.875
16.820191796,24096.875
16.822815796,24096.875
16.825440796000002,24096.875
16.828064796,24096.875
16.830689796,24096.875
16.833313796000002,24096.875
16.835938796,24096.875
16.838562796,24096.875
16.841187796,24096.875
16.843811796,24096.875
16.846436796000003,24096.875
16.849060796,24096.875
16.851685796,24096.875
16.854309796000003,24096.875
16.856934796,24096.875
16.859558796,24096.875
16.862183796,24096.875
16.864807796,24096.875
16.867432796000003,24096.875
16.870057796,24096.875
16.872681796000002,24090.375
16.875306796,24090.375
16.877930796,24090.375
16.880555796,24090.375
16.883179796,24090.375
16.885804796000002,24090.375
16.888428796,24090.375
16.891053796,24090.375
16.893677796000002,24090.375
16.896302796,24090.375
16.898926796,24090.375
16.901551796,24090.375
16.904175796,24090.375
16.906800796000002,24090.375
16.909424796,24090.375
16.912049796,24090.375
16.914673796000002,24090.375
16.917298796,24090.375
16.919922796,24090.375
16.922547796,24096.875
16.925171796,24096.875
16.927796796000003,24096.875
16.930420796,24096.875
16.933045796000002,24096.875
16.935669796000003,24096.875
16.938294796,24096.875
16.940918796000002,24096.875
16.943543796,24096.875
16.946167796,24096.875
16.948792796,24090.375
16.951416796,24090.375
16.954041796000002,24090.375
16.956665796,24090.375
16.959290796,24090.375
16.961914796000002,24090.375
16.964539796,24090.375
16.967163796,24090.375
16.969788796,24090.375
16.972412796,24090.375
16.975037796000002,24090.375
16.977661796,24090.375
16.980286796,24090.375
16.982911796,24090.375
16.985535796,24090.375
16.988160796000003,24090.375
16.990784796,24090.375
16.993409796,24090.375
16.996033796000003,24090.375
16.998658796,24096.875
17.001282796,24096.875
17.003907796,24096.875
17.006531796,24096.875
17.009156796000003,24096.875
17.011780796,24096.875
17.014405796000002,24096.875
17.017029796000003,24096.875
17.019654796,24096.875
17.022278796000002,24096.875
17.024903796,24090.375
17.027527796,24090.375
17.030152796,24090.375
17.032776796,24090.375
17.035401796000002,24090.375
17.038025796,24090.375
17.040650796,24090.375
17.043274796000002,24090.375
17.045899796,24090.375
17.048523796,24090.375
17.051148796,24096.875
17.053772796,24096.875
17.056397796000002,24096.875
17.059021796,24096.875
17.061646796,24096.875
17.064270796000002,24096.875
17.066895796,24096.875
17.069519796,24096.875
17.072144796,24096.875
17.074768796,24096.875
17.077393796000003,24096.875
17.080017796,24096.875
17.082642796000002,24096.875
17.085266796000003,24096.875
17.087891796,24096.875
17.090516796,24096.875
17.093140796,24096.875
17.095765796000002,24096.875
17.098389796,24096.875
17.101014796,24096.875
17.103638796000002,24096.875
17.106263796,24096.875
17.108887796,24096.875
17.111512796,24096.875
17.114136796,24096.875
17.116761796000002,24096.875
17.119385796,24096.875
17.122010796,24096.875
17.124634796000002,24096.875
17.127259796,24083.875
17.129883796,24083.875
17.132508796,24083.875
17.135132796,24083.875
17.137757796000002,24083.875
17.140381796,24083.875
17.143006796,24083.875
17.145630796000003,24083.875
17.148255796,24083.875
17.150879796,24096.875
17.153504796,24096.875
17.156128796,24096.875
17.158753796000003,24096.875
17.161377796,24096.875
17.164002796000002,24096.875
17.166626796000003,24096.875
17.169251796,24096.875
17.171875796000002,24096.875
17.174500796,24096.875
17.177124796,24096.875
17.179749796,24096.875
17.182373796,24096.875
17.184998796000002,24096.875
17.187622796,24096.875
17.190247796,24096.875
17.192871796000002,24096.875
17.195496796,24096.875
17.198120796,24096.875
17.200745796,24096.875
17.203370796,24096.875
17.205994796000002,24096.875
17.208619796,24096.875
17.211243796,24096.875
17.213868796,24096.875
17.216492796,24096.875
17.219117796000003,24096.875
17.221741796,24096.875
17.224366796,24096.875
17.226990796000003,24096.875
17.229615796,24096.875
17.232239796,24096.875
17.234864796,24096.875
17.237488796,24096.875
17.240113796000003,24096.875
17.242737796,24096.875
17.245362796000002,24096.875
17.247986796000003,24096.875
17.250611796,24096.875
17.253235796000002,24083.875
17.255860796,24083.875
17.258484796,24083.875
17.261109796,24083.875
17.263733796,24083.875
17.266358796000002,24083.875
17.268982796,24083.875
17.271607796,24083.875
17.274231796000002,24083.875
17.276856796,24083.875
17.279480796,24083.875
17.282105796,24083.875
17.284729796,24083.875
17.287354796000002,24083.875
17.289978796,24083.875
17.292603796,24083.875
17.295227796000002,24083.875
17.297852796,24083.875
17.300476796,24083.875
17.303101796,24083.875
17.305725796,24071.0
17.308350796000003,24071.0
17.310974796,24071.0
17.313599796000002,24071.0
17.316224796,24071.0
17.318848796,24071.0
17.321473796,24071.0
17.324097796,24071.0
17.326722796000002,24071.0
17.329346796,24064.625
17.331971796,24064.625
17.334595796000002,24064.625
17.337220796,24064.625
17.339844796,24064.625
17.342469796,24064.625
17.345093796,24064.625
17.347718796000002,24064.625
17.350342796,24064.625
17.352967796,24064.625
17.355591796000002,24077.5
17.358216796,24077.5
17.360840796,24077.5
17.363465796,24077.5
17.366089796,24077.5
17.368714796000003,24077.5
17.371338796,24077.5
17.373963796,24077.5
17.376587796000003,24077.5
17.379212796,24077.5
17.381836796,24077.5
17.384461796,24077.5
17.387085796,24077.5
17.389710796000003,24077.5
17.392334796,24077.5
17.394959796000002,24077.5
17.397583796000003,24077.5
17.400208796,24077.5
17.402832796000002,24077.5
17.405457796,24077.5
17.408081796,24077.5
17.410706796,24077.5
17.413330796,24077.5
17.415955796000002,24077.5
17.418579796,24077.5
17.421204796,24077.5
17.423828796000002,24077.5
17.426453796,24077.5
17.429078796000002,24077.5
17.431702796,24083.875
17.434327796,24083.875
17.436951796000002,24083.875
17.439576796,24083.875
17.442200796,24083.875
17.444825796,24083.875
17.447449796,24083.875
17.450074796000003,24083.875
17.452698796,24083.875
17.455323796000002,24083.875
17.457947796000003,24096.875
17.460572796,24096.875
17.463196796000002,24096.875
17.465821796,24096.875
17.468445796,24096.875
17.471070796,24096.875
17.473694796,24096.875
17.476319796000002,24096.875
17.478943796,24096.875
17.481568796,24096.875
17.484192796000002,24096.875
17.486817796,24096.875
17.489441796,24096.875
17.492066796,24096.875
17.494690796,24096.875
17.497315796000002,24096.875
17.499939796,24096.875
17.502564796,24096.875
17.505188796000002,24096.875
17.507813796,24090.375
17.510437796,24090.375
17.513062796,24090.375
17.515686796,24090.375
17.518311796000003,24090.375
17.520935796,24090.375
17.523560796,24090.375
17.526184796000003,24090.375
17.528809796,24090.375
17.531433796,24090.375
17.534058796,24090.375
17.536682796,24090.375
17.539307796000003,24090.375
17.541932796,24090.375
17.544556796000002,24090.375
17.547181796,24090.375
17.549805796,24090.375
17.552430796,24090.375
17.555054796,24090.375
17.557679796000002,24090.375
17.560303796,24090.375
17.562928796,24090.375
17.565552796000002,24090.375
17.568177796,24090.375
17.570801796,24090.375
17.573426796,24090.375
17.576050796,24090.375
17.578675796000002,24090.375
17.581299796,24090.375
17.583924796,24096.875
17.586548796000002,24096.875
17.589173796,24096.875
17.591797796,24096.875
17.594422796,24096.875
17.597046796,24096.875
17.599671796000003,24096.875
17.602295796,24096.875
17.604920796000002,24096.875
17.607544796000003,24096.875
17.610169796,24096.875
17.612793796000002,24096.875
17.615418796,24096.875
17.618042796,24096.875
17.620667796,24096.875
17.623291796,24096.875
17.625916796000002,24096.875
17.628540796,24096.875
17.631165796,24096.875
17.633789796000002,24096.875
17.636414796,24109.75
17.639038796,24109.75
17.641663796,24109.75
17.644287796,24109.75
17.646912796000002,24109.75
17.649536796,24109.75
17.652161796,24109.75
17.654786796,24109.75
17.657410796,24109.75
17.660035796000003,24109.75
17.662659796,24109.75
17.665284796,24109.75
17.667908796000003,24109.75
17.670533796,24109.75
17.673157796,24109.75
17.675782796,24109.75
17.678406796,24109.75
17.681031796000003,24109.75
17.683655796,24109.75
17.686280796000002,24116.125
17.688904796000003,24116.125
17.691529796,24116.125
17.694153796000002,24116.125
17.696778796,24116.125
17.699402796,24116.125
17.702027796,24116.125
17.704651796,24116.125
17.707276796000002,24116.125
17.709900796,24116.125
17.712525796,24116.125
17.715149796000002,24116.125
17.717774796,24116.125
17.720398796,24116.125
17.723023796,24116.125
17.725647796,24116.125
17.728272796000002,24116.125
17.730896796,24116.125
17.733521796,24116.125
17.736145796000002,24109.75
17.738770796,24109.75
17.741394796,24109.75
17.744019796,24109.75
17.746643796,24109.75
17.749268796000003,24109.75
17.751892796,24109.75
17.754517796000002,24109.75
17.757141796000003,24109.75
17.759766796,24109.75
17.762391796000003,24122.625
17.765015796,24122.625
17.767640796000002,24122.625
17.770264796000003,24122.625
17.772889796,24122.625
17.775513796000002,24122.625
17.778138796,24122.625
17.780762796,24122.625
17.783387796,24122.625
17.786011796,24122.625
17.788636796000002,24122.625
17.791260796,24122.625
17.793885796,24122.625
17.796509796000002,24122.625
17.799134796,24122.625
17.801758796,24122.625
17.804383796,24122.625
17.807007796,24122.625
17.809632796000002,24122.625
17.812256796,24122.625
17.814881796,24122.625
17.817505796000003,24122.625
17.820130796,24122.625
17.822754796,24122.625
17.825379796,24122.625
17.828003796,24122.625
17.830628796000003,24122.625
17.833252796,24122.625
17.835877796000002,24122.625
17.838501796000003,24122.625
17.841126796,24122.625
17.843750796000002,24122.625
17.846375796,24122.625
17.848999796,24122.625
17.851624796,24122.625
17.854248796,24122.625
17.856873796000002,24122.625
17.859497796,24122.625
17.862122796,24122.625
17.864746796000002,24122.625
17.867371796,24122.625
17.869995796,24122.625
17.872620796,24122.625
17.875245796,24122.625
17.877869796000002,24122.625
17.880494796,24122.625
17.883118796,24122.625
17.885743796,24122.625
17.888367796,24122.625
17.890992796000003,24135.5
17.893616796,24135.5
17.896241796,24135.5
17.898865796000003,24135.5
17.901490796,24135.5
17.904114796,24135.5
17.906739796,24135.5
17.909363796,24135.5
17.911988796000003,24135.5
17.914612796,24148.375
17.917237796000002,24148.375
17.919861796000003,24148.375
17.922486796,24148.375
17.925110796000002,24148.375
17.927735796,24148.375
17.930359796,24148.375
17.932984796,24148.375
17.935608796,24148.375
17.938233796000002,24148.375
17.940857796,24141.875
17.943482796,24141.875
17.946106796000002,24141.875
17.948731796,24141.875
17.951355796,24141.875
17.953980796,24141.875
17.956604796,24141.875
17.959229796000002,24141.875
17.961853796,24141.875
17.964478796,24141.875
17.967102796000002,24141.875
17.969727796,24141.875
17.972351796,24141.875
17.974976796,24141.875
17.977600796,24141.875
17.980225796000003,24141.875
17.982849796,24141.875
17.985474796000002,24141.875
17.988099796,24141.875
17.990723796,24135.5
17.993348796,24135.5
17.995972796,24135.5
17.998597796000002,24135.5
18.001221796,24135.5
18.003846796,24135.5
18.006470796000002,24135.5
18.009095796,24135.5
18.011719796,24135.5
18.014344796,24135.5
18.016968796,24141.875
18.019593796000002,24141.875
18.022217796,24141.875
18.024842796,24141.875
18.027466796000002,24141.875
18.030091796,24141.875
18.032715796,24141.875
18.035340796,24141.875
18.037964796,24141.875
18.040589796000003,24148.375
18.043213796,24148.375
18.045838796,24148.375
18.048462796000003,24148.375
18.051087796,24148.375
18.053711796,24148.375
18.056336796,24148.375
18.058960796,24148.375
18.061585796000003,24148.375
18.064209796,24148.375
18.066834796000002,24148.375
18.069458796000003,24141.875
18.072083796,24141.875
18.074707796000002,24141.875
18.077332796,24141.875
18.079956796,24141.875
18.082581796,24141.875
18.085205796,24141.875
18.087830796000002,24141.875
18.090454796,24141.875
18.093079796,24135.5
18.095703796000002,24135.5
18.098328796,24135.5
18.100953796000002,24135.5
18.103577796,24135.5
18.106202796,24135.5
18.108826796000002,24135.5
18.111451796,24135.5
18.114075796,24135.5
18.116700796,24135.5
18.119324796,24135.5
18.121949796000003,24135.5
18.124573796,24135.5
18.127198796000002,24135.5
18.129822796000003,24135.5
18.132447796,24135.5
18.135071796000002,24135.5
18.137696796,24135.5
18.140320796,24135.5
18.142945796000003,24135.5
18.145569796,24135.5
18.148194796000002,24135.5
18.150818796,24135.5
18.153443796,24135.5
18.156067796000002,24135.5
18.158692796,24135.5
18.161316796,24135.5
18.163941796,24135.5
18.166565796,24135.5
18.169190796000002,24135.5
18.171814796,24135.5
18.174439796,24135.5
18.177063796000002,24135.5
18.179688796,24135.5
18.182312796,24135.5
18.184937796,24135.5
18.187561796,24135.5
18.190186796000003,24135.5
18.192810796,24135.5
18.195435796,24141.875
18.198059796000003,24141.875
18.200684796,24141.875
18.203308796,24141.875
18.205933796,24141.875
18.208557796,24141.875
18.211182796000003,24141.875
18.213807796,24141.875
18.216431796000002,24141.875
18.219056796,24135.5
18.221680796,24135.5
18.224305796,24135.5
18.226929796,24135.5
18.229554796000002,24135.5
18.232178796,24135.5
18.234803796,24135.5
18.237427796000002,24135.5
18.240052796,24135.5
18.242676796,24135.5
18.245301796,24129.0
18.247925796,24129.0
18.250550796000002,24129.0
18.253174796,24129.0
18.255799796,24129.0
18.258423796000002,24129.0
18.261048796,24129.0
18.263672796,24129.0
18.266297796,24129.0
18.268921796,24129.0
18.271546796000003,24129.0
18.274170796,24129.0
18.276795796000002,24129.0
18.279419796000003,24129.0
18.282044796,24129.0
18.284668796000002,24129.0
18.287293796,24129.0
18.289917796,24129.0
18.292542796000003,24129.0
18.295166796,24129.0
18.297791796000002,24109.75
18.300415796000003,24109.75
18.303040796,24109.75
18.305664796000002,24109.75
18.308289796,24109.75
18.310913796,24109.75
18.313538796,24109.75
18.316162796,24109.75
18.318787796000002,24109.75
18.321411796,24109.75
18.324036796,24116.125
18.326661796,24116.125
18.329285796,24116.125
18.331910796000003,24116.125
18.334534796,24116.125
18.337159796,24116.125
18.339783796000003,24116.125
18.342408796,24116.125
18.345032796,24116.125
18.347657796,24122.625
18.350281796,24122.625
18.352906796000003,24122.625
18.355530796,24122.625
18.358155796000002,24122.625
18.360779796000003,24122.625
18.363404796,24122.625
18.366028796000002,24122.625
18.368653796,24122.625
18.371277796,24122.625
18.373902796,24122.625
18.376526796,24122.625
18.379151796000002,24122.625
18.381775796,24122.625
18.384400796,24122.625
18.387024796000002,24122.625
18.389649796,24122.625
18.392273796,24122.625
18.394898796,24122.625
18.397522796,24116.125
18.400147796000002,24116.125
18.402771796,24116.125
18.405396796,24116.125
18.408020796000002,24116.125
18.410645796,24116.125
18.413269796,24116.125
18.415894796,24116.125
18.418518796,24116.125
18.421143796000003,24116.125
18.423767796,24096.875
18.426392796000002,24096.875
18.429016796000003,24096.875
18.431641796,24096.875
18.434266796000003,24096.875
18.436890796,24096.875
18.439515796000002,24096.875
18.442139796000003,24096.875
18.444764796,24096.875
18.447388796000002,24096.875
18.450013796,24103.25
18.452637796,24103.25
18.455262796,24103.25
18.457886796,24103.25
18.460511796000002,24103.25
18.463135796,24103.25
18.465760796,24103.25
18.468384796000002,24103.25
18.471009796,24103.25
18.473633796,24103.25
18.476258796,24090.375
18.478882796,24090.375
18.481507796000002,24090.375
18.484131796,24090.375
18.486756796,24090.375
18.489380796000003,24090.375
18.492005796,24090.375
18.494629796,24090.375
18.497254796,24090.375
18.499878796,24096.875
18.502503796000003,24096.875
18.505127796,24096.875
18.507752796000002,24096.875
18.510376796000003,24096.875
18.513001796,24096.875
18.515625796000002,24096.875
18.518250796,24096.875
18.520874796,24096.875
18.523499796,24096.875
18.526123796,24103.25
18.528748796000002,24103.25
18.531372796,24103.25
18.533997796,24103.25
18.536621796000002,24103.25
18.539246796,24103.25
18.541870796,24103.25
18.544495796,24103.25
18.547120796,24103.25
18.549744796000002,24103.25
18.552369796,24096.875
18.554993796,24096.875
18.557618796,24096.875
18.560242796,24096.875
18.562867796000003,24096.875
18.565491796,24096.875
18.568116796,24096.875
18.570740796000003,24096.875
18.573365796,24096.875
18.575989796,24116.125
18.578614796,24116.125
18.581238796,24116.125
18.583863796000003,24116.125
18.586487796,24116.125
18.589112796000002,24116.125
18.591736796000003,24116.125
18.594361796,24116.125
18.596985796000002,24116.125
18.599610796,24116.125
18.602234796,24116.125
18.604859796,24116.125
18.607483796,24116.125
18.610108796000002,24116.125
18.612732796,24116.125
18.615357796,24116.125
18.617981796000002,24116.125
18.620606796,24116.125
18.623230796,24116.125
18.625855796,24116.125
18.628479796,24122.625
18.631104796000002,24122.625
18.633728796,24122.625
18.636353796,24122.625
18.638977796000002,24122.625
18.641602796,24122.625
18.644226796,24122.625
18.646851796,24122.625
18.649475796,24122.625
18.652100796000003,24122.625
18.654724796,24109.75
18.657349796000002,24109.75
18.659974796,24109.75
18.662598796,24109.75
18.665223796000003,24109.75
18.667847796,24109.75
18.670472796000002,24109.75
18.673096796000003,24109.75
18.675721796,24109.75
18.678345796000002,24109.75
18.680970796,24109.75
18.683594796,24109.75
18.686219796,24109.75
18.688843796,24109.75
18.691468796000002,24109.75
18.694092796,24109.75
18.696717796,24109.75
18.699341796000002,24109.75
18.701966796,24109.75
18.704590796,24103.25
18.707215796,24103.25
18.709839796,24103.25
18.712464796000003,24103.25
18.715088796,24103.25
18.717713796,24103.25
18.720337796000003,24103.25
18.722962796,24103.25
18.725586796,24103.25
18.728211796,24103.25
18.730835796,24116.125
18.733460796000003,24116.125
18.736084796,24116.125
18.738709796000002,24116.125
18.741333796000003,24116.125
18.743958796,24116.125
18.746582796000002,24116.125
18.749207796,24116.125
18.751831796,24116.125
18.754456796,24116.125
18.757080796,24116.125
18.759705796000002,24116.125
18.762329796,24116.125
18.764954796,24116.125
18.767578796000002,24116.125
18.770203796,24116.125
18.772828796000002,24116.125
18.775452796,24116.125
18.778077796,24116.125
18.780701796000002,24109.75
18.783326796,24109.75
18.785950796,24109.75
18.788575796,24109.75
18.791199796,24109.75
18.793824796000003,24109.75
18.796448796,24109.75
18.799073796000002,24109.75
18.801697796000003,24109.75
18.804322796,24109.75
18.806946796000002,24103.25
18.809571796,24103.25
18.812195796,24103.25
18.814820796000003,24103.25
18.817444796,24103.25
18.820069796000002,24103.25
18.822693796000003,24103.25
18.825318796,24103.25
18.827942796000002,24103.25
18.830567796,24103.25
18.833191796,24103.25
18.835816796,24103.25
18.838440796,24103.25
18.841065796000002,24103.25
18.843689796,24103.25
18.846314796,24103.25
18.848938796000002,24103.25
18.851563796,24103.25
18.854187796,24103.25
18.856812796,24096.875
18.859436796,24096.875
18.862061796000003,24096.875
18.864685796,24096.875
18.867310796,24096.875
18.869934796000003,24096.875
18.872559796,24096.875
18.875183796,24096.875
18.877808796,24096.875
18.880432796,24096.875
18.883057796000003,24090.375
18.885682796,24090.375
18.888306796000002,24090.375
18.890931796,24090.375
18.893555796,24090.375
18.896180796,24090.375
18.898804796,24090.375
18.901429796000002,24090.375
18.904053796,24090.375
18.906678796,24090.375
18.909302796000002,24103.25
18.911927796,24103.25
18.914551796,24103.25
18.917176796,24103.25
18.919800796,24103.25
18.922425796000002,24103.25
18.925049796,24103.25
18.927674796,24103.25
18.930298796000002,24103.25
18.932923796,24103.25
18.935547796,24103.25
18.938172796,24103.25
18.940796796,24103.25
18.943421796000003,24103.25
18.946045796,24103.25
18.948670796000002,24103.25
18.951294796000003,24103.25
18.953919796,24103.25
18.956543796000002,24103.25
18.959168796,24103.25
18.961792796,24103.25
18.964417796000003,24103.25
18.967041796,24103.25
18.969666796000002,24103.25
18.972290796000003,24103.25
18.974915796,24103.25
18.977539796000002,24103.25
18.980164796,24103.25
18.982788796,24103.25
18.985413796,24103.25
18.988037796,24103.25
18.990662796000002,24103.25
18.993286796,24103.25
18.995911796,24103.25
18.998536796,24103.25
19.001160796,24103.25
19.003785796000003,24103.25
19.006409796,24103.25
19.009034796,24103.25
19.011658796000003,24103.25
19.014283796,24103.25
19.016907796,24103.25
19.019532796,24103.25
19.022156796,24103.25
19.024781796000003,24103.25
19.027405796,24103.25
19.030030796000002,24103.25
19.032654796000003,24103.25
19.035279796,24109.75
19.037903796000002,24109.75
19.040528796,24109.75
19.043152796,24109.75
19.045777796,24109.75
19.048401796,24109.75
19.051026796000002,24109.75
19.053650796,24109.75
19.056275796,24109.75
19.058899796000002,24109.75
19.061524796,24122.625
19.064148796,24122.625
19.066773796,24122.625
19.069397796,24122.625
19.072022796000002,24122.625
19.074646796,24122.625
19.077271796,24122.625
19.079895796000002,24122.625
19.082520796,24122.625
19.085144796,24122.625
19.087769796,24135.5
19.090393796,24135.5
19.093018796000003,24135.5
19.095642796,24135.5
19.098267796000002,24135.5
19.100891796000003,24135.5
19.103516796,24135.5
19.106141796000003,24135.5
19.108765796,24135.5
19.111390796000002,24141.875
19.114014796000003,24141.875
19.116639796,24141.875
19.119263796000002,24141.875
19.121888796,24141.875
19.124512796,24141.875
19.127137796,24141.875
19.129761796,24141.875
19.132386796000002,24141.875
19.135010796,24141.875
19.137635796,24135.5
19.140259796000002,24135.5
19.142884796,24135.5
19.145508796,24135.5
19.148133796,24135.5
19.150757796,24135.5
19.153382796000002,24135.5
19.156006796,24135.5
19.158631796,24135.5
19.161255796000003,24135.5
19.163880796,24148.375
19.166504796,24148.375
19.169129796,24148.375
19.171753796,24148.375
19.174378796000003,24148.375
19.177002796,24148.375
19.179627796000002,24148.375
19.182251796000003,24148.375
19.184876796,24148.375
19.187500796000002,24141.875
19.190125796,24141.875
19.192749796,24141.875
19.195374796000003,24141.875
19.197998796,24141.875
19.200623796000002,24141.875
19.203247796,24141.875
19.205872796,24141.875
19.208496796000002,24141.875
19.211121796,24141.875
19.213745796,24141.875
19.216370796,24141.875
19.218995796,24141.875
19.221619796000002,24141.875
19.224244796,24141.875
19.226868796,24141.875
19.229493796,24141.875
19.232117796,24141.875
19.234742796000003,24141.875
19.237366796,24148.375
19.239991796,24148.375
19.242615796000003,24148.375
19.245240796,24148.375
19.247864796,24148.375
19.250489796,24148.375
19.253113796,24148.375
19.255738796000003,24148.375
19.258362796,24148.375
19.260987796000002,24148.375
19.263611796000003,24141.875
19.266236796,24141.875
19.268860796000002,24141.875
19.271485796,24141.875
19.274109796,24141.875
19.276734796,24141.875
19.279358796,24141.875
19.281983796000002,24141.875
19.284607796,24141.875
19.287232796,24141.875
19.289856796000002,24129.0
19.292481796,24129.0
19.295105796,24129.0
19.297730796,24129.0
19.300354796,24129.0
19.302979796000002,24129.0
19.305603796,24129.0
19.308228796,24129.0
19.310852796000002,24129.0
19.313477796,24129.0
19.316101796,24141.875
19.318726796,24141.875
19.321350796,24141.875
19.323975796000003,24141.875
19.326599796,24141.875
19.329224796000002,24141.875
19.331849796,24141.875
19.334473796,24141.875
19.337098796000003,24141.875
19.339722796,24141.875
19.342347796000002,24141.875
19.344971796000003,24141.875
19.347596796,24141.875
19.350220796000002,24141.875
19.352845796,24141.875
19.355469796,24141.875
19.358094796,24141.875
19.360718796,24141.875
19.363343796000002,24141.875
19.365967796,24135.5
19.368592796,24135.5
19.371216796000002,24135.5
19.373841796,24135.5
19.376465796,24135.5
19.379090796,24135.5
19.381714796,24135.5
19.384339796000003,24135.5
19.386963796,24135.5
19.389588796,24135.5
19.392212796000003,24129.0
19.394837796,24129.0
19.397461796,24129.0
19.400086796,24129.0
19.402710796,24129.0
19.405335796000003,24129.0
19.407959796,24129.0
19.410584796000002,24129.0
19.413208796000003,24129.0
19.415833796,24135.5
19.418457796000002,24135.5
19.421082796,24135.5
19.423706796,24135.5
19.426331796,24135.5
19.428955796,24135.5
19.431580796000002,24135.5
19.434204796,24135.5
19.436829796,24135.5
19.439453796000002,24135.5
19.442078796,24135.5
19.444703796000002,24135.5
19.447327796,24135.5
19.449952796,24135.5
19.452576796000002,24135.5
19.455201796,24135.5
19.457825796,24135.5
19.460450796,24135.5
19.463074796,24135.5
19.465699796000003,24135.5
19.468323796,24129.0
19.470948796000002,24129.0
19.473572796000003,24129.0
19.476197796,24129.0
19.478821796000002,24129.0
19.481446796,24129.0
19.484070796,24129.0
19.486695796000003,24129.0
19.489319796,24129.0
19.491944796000002,24129.0
19.494568796000003,24116.125
19.497193796,24116.125
19.499817796000002,24116.125
19.502442796,24116.125
19.505066796,24116.125
19.507691796,24116.125
19.510315796,24116.125
19.512940796000002,24116.125
19.515564796,24116.125
19.518189796,24116.125
19.520813796000002,24116.125
19.523438796,24116.125
19.526062796,24116.125
19.528687796,24116.125
19.531311796,24116.125
19.533936796000003,24116.125
19.536560796,24116.125
19.539185796,24116.125
19.541809796000003,24116.125
19.544434796,24129.0
19.547058796,24129.0
19.549683796,24129.0
19.552307796,24129.0
19.554932796000003,24129.0
19.557557796,24129.0
19.560181796000002,24129.0
19.562806796,24129.0
19.565430796,24129.0
19.568055796,24129.0
19.570679796,24129.0
19.573304796000002,24129.0
19.575928796,24129.0
19.578553796,24129.0
19.581177796000002,24129.0
19.583802796,24129.0
19.586426796,24129.0
19.589051796,24129.0
19.591675796,24129.0
19.594300796000002,24122.625
19.596924796,24122.625
19.599549796,24122.625
19.602173796000002,24122.625
19.604798796,24122.625
19.607422796,24122.625
19.610047796,24122.625
19.612671796,24122.625
19.615296796000003,24122.625
19.617920796,24122.625
19.620545796000002,24122.625
19.623169796000003,24122.625
19.625794796,24122.625
19.628418796000002,24122.625
19.631043796,24122.625
19.633667796,24122.625
19.636292796000003,24122.625
19.638916796,24122.625
19.641541796000002,24122.625
19.644165796000003,24122.625
19.646790796,24122.625
19.649414796000002,24122.625
19.652039796,24122.625
19.654663796,24122.625
19.657288796,24122.625
19.659912796,24122.625
19.662537796000002,24122.625
19.665161796,24122.625
19.667786796,24122.625
19.670411796,24122.625
19.673035796,24122.625
19.675660796000003,24122.625
19.678284796,24122.625
19.680909796,24122.625
19.683533796000003,24122.625
19.686158796,24122.625
19.688782796,24122.625
19.691407796,24122.625
19.694031796,24122.625
19.696656796000003,24122.625
19.699280796,24122.625
19.701905796000002,24122.625
19.704529796000003,24122.625
19.707154796,24122.625
19.709778796000002,24122.625
19.712403796,24122.625
19.715027796,24122.625
19.717652796000003,24122.625
19.720276796,24122.625
19.722901796000002,24116.125
19.725525796000003,24116.125
19.728150796,24116.125
19.730774796000002,24116.125
19.733399796,24116.125
19.736023796,24116.125
19.738648796,24116.125
19.741272796,24116.125
19.743897796000002,24116.125
19.746521796,24116.125
19.749146796,24116.125
19.751770796000002,24116.125
19.754395796,24116.125
19.757019796,24116.125
19.759644796,24116.125
19.762268796,24116.125
19.764893796000003,24116.125
19.767517796,24116.125
19.770142796000002,24116.125
19.772766796000003,24116.125
19.775391796,24116.125
19.778016796000003,24116.125
19.780640796,24116.125
19.783265796000002,24116.125
19.785889796000003,24116.125
19.788514796,24116.125
19.791138796000002,24116.125
19.793763796,24116.125
19.796387796,24116.125
19.799012796,24122.625
19.801636796,24122.625
19.804261796000002,24122.625
19.806885796,24122.625
19.809510796,24122.625
19.812134796000002,24122.625
19.814759796,24122.625
19.817383796,24122.625
19.820008796,24122.625
19.822632796,24122.625
19.825257796000002,24129.0
19.827881796,24129.0
19.830506796,24129.0
19.833130796000003,24129.0
19.835755796,24129.0
19.838379796,24129.0
19.841004796,24129.0
19.843628796,24129.0
19.846253796000003,24129.0
19.848877796,24129.0
19.851502796000002,24148.375
19.854126796000003,24148.375
19.856751796,24148.375
19.859375796000002,24148.375
19.862000796,24148.375
19.864624796,24148.375
19.867249796000003,24148.375
19.869873796,24148.375
19.872498796000002,24148.375
19.875122796000003,24148.375
19.877747796,24148.375
19.880371796000002,24148.375
19.882996796,24148.375
19.885620796,24148.375
19.888245796,24148.375
19.890870796,24148.375
19.893494796000002,24148.375
19.896119796,24148.375
19.898743796,24148.375
19.901368796,24129.0
19.903992796,24129.0
19.906617796000003,24129.0
19.909241796,24129.0
19.911866796,24129.0
