"Time (s)","Illuminance (lx)"
0.000000000E0,0.000000000E0
9.414119000E-3,6.500000000E0
1.206911900E-2,6.500000000E0
1.469311900E-2,6.500000000E0
1.731811900E-2,6.500000000E0
1.994211900E-2,6.500000000E0
2.256711900E-2,6.500000000E0
2.519111900E-2,6.500000000E0
2.781611900E-2,6.500000000E0
3.044011900E-2,6.500000000E0
3.306511900E-2,6.500000000E0
3.568911900E-2,6.500000000E0
3.831411900E-2,6.500000000E0
4.093811900E-2,6.500000000E0
4.356311900E-2,6.500000000E0
4.618711900E-2,0.000000000E0
7.243311900E-2,6.500000000E0
7.505711900E-2,6.500000000E0
7.768211900E-2,6.500000000E0
8.030611900E-2,6.500000000E0
8.293111900E-2,6.500000000E0
8.555511900E-2,6.500000000E0
8.818011900E-2,6.500000000E0
9.080411900E-2,6.500000000E0
9.342911900E-2,6.500000000E0
9.605311900E-2,6.500000000E0
9.867811900E-2,0.000000000E0
1.249231190E-1,6.500000000E0
1.275471190E-1,6.500000000E0
1.301721190E-1,6.500000000E0
1.327961190E-1,6.500000000E0
1.354211190E-1,6.500000000E0
1.380451190E-1,6.500000000E0
1.406701190E-1,6.500000000E0
1.432941190E-1,6.500000000E0
1.459191190E-1,6.500000000E0
1.485431190E-1,0.000000000E0
1.747881190E-1,6.500000000E0
1.774131190E-1,6.500000000E0
1.800381190E-1,6.500000000E0
1.826621190E-1,6.500000000E0
1.852871190E-1,6.500000000E0
1.879111190E-1,6.500000000E0
1.905361190E-1,6.500000000E0
1.931601190E-1,6.500000000E0
1.957851190E-1,6.500000000E0
1.984091190E-1,0.000000000E0
3.007651190E-1,6.500000000E0
3.033901190E-1,6.500000000E0
3.060141190E-1,6.500000000E0
3.086391190E-1,6.500000000E0
3.112631190E-1,6.500000000E0
3.138881190E-1,6.500000000E0
3.165121190E-1,6.500000000E0
3.191371190E-1,6.500000000E0
3.217611190E-1,6.500000000E0
3.243861190E-1,6.500000000E0
3.270101190E-1,0.000000000E0
3.532551190E-1,6.500000000E0
3.558801190E-1,6.500000000E0
3.585041190E-1,6.500000000E0
3.611291190E-1,6.500000000E0
3.637531190E-1,6.500000000E0
3.663781190E-1,6.500000000E0
3.690021190E-1,6.500000000E0
3.716271190E-1,6.500000000E0
3.742511190E-1,6.500000000E0
3.768761190E-1,0.000000000E0
4.031211190E-1,6.500000000E0
4.057461190E-1,6.500000000E0
4.083701190E-1,6.500000000E0
4.109951190E-1,6.500000000E0
4.136191190E-1,6.500000000E0
4.162441190E-1,6.500000000E0
4.188681190E-1,6.500000000E0
4.214931190E-1,6.500000000E0
4.241171190E-1,6.500000000E0
4.267421190E-1,6.500000000E0
4.293661190E-1,6.500000000E0
4.319911190E-1,6.500000000E0
4.346151190E-1,6.500000000E0
4.372401190E-1,6.500000000E0
4.398641190E-1,6.500000000E0
4.424891190E-1,6.500000000E0
4.451131190E-1,6.500000000E0
4.477381190E-1,6.500000000E0
4.503621190E-1,6.500000000E0
4.529871190E-1,6.500000000E0
4.556111190E-1,0.000000000E0
4.792321190E-1,6.500000000E0
4.818561190E-1,6.500000000E0
4.844811190E-1,6.500000000E0
4.871051190E-1,6.500000000E0
4.897301190E-1,6.500000000E0
4.923541190E-1,6.500000000E0
4.949791190E-1,6.500000000E0
4.976031190E-1,6.500000000E0
5.002281190E-1,6.500000000E0
5.028521190E-1,6.500000000E0
5.054771190E-1,6.500000000E0
5.081011190E-1,6.500000000E0
5.107261190E-1,6.500000000E0
5.133511190E-1,6.500000000E0
5.159751190E-1,6.500000000E0
5.186001190E-1,6.500000000E0
5.212241190E-1,6.500000000E0
5.238491190E-1,6.500000000E0
5.264731190E-1,6.500000000E0
5.290981190E-1,6.500000000E0
5.317221190E-1,6.500000000E0
5.343471190E-1,6.500000000E0
5.369711190E-1,6.500000000E0
5.395961190E-1,6.500000000E0
5.422201190E-1,6.500000000E0
5.448451190E-1,6.500000000E0
5.474691190E-1,6.500000000E0
5.500941190E-1,6.500000000E0
5.527181190E-1,6.500000000E0
5.553431190E-1,6.500000000E0
5.579671190E-1,6.500000000E0
5.605921190E-1,6.500000000E0
5.632161190E-1,6.500000000E0
5.658411190E-1,6.500000000E0
5.684651190E-1,6.500000000E0
5.710901190E-1,6.500000000E0
5.737141190E-1,6.500000000E0
5.763391190E-1,6.500000000E0
5.789631190E-1,6.500000000E0
5.815881190E-1,0.000000000E0
6.839441190E-1,6.500000000E0
6.865681190E-1,6.500000000E0
6.891931190E-1,6.500000000E0
6.918171190E-1,6.500000000E0
6.944421190E-1,6.500000000E0
6.970661190E-1,6.500000000E0
6.996911190E-1,6.500000000E0
7.023151190E-1,6.500000000E0
7.049401190E-1,6.500000000E0
7.075641190E-1,6.500000000E0
7.101891190E-1,6.500000000E0
7.128131190E-1,6.500000000E0
7.154381190E-1,6.500000000E0
7.180621190E-1,6.500000000E0
7.206871190E-1,6.500000000E0
7.233111190E-1,6.500000000E0
7.259361190E-1,6.500000000E0
7.285601190E-1,6.500000000E0
7.311851190E-1,6.500000000E0
7.338091190E-1,6.500000000E0
7.364341190E-1,6.500000000E0
7.390591190E-1,6.500000000E0
7.416831190E-1,6.500000000E0
7.443081190E-1,6.500000000E0
7.469321190E-1,6.500000000E0
7.495571190E-1,6.500000000E0
7.521811190E-1,6.500000000E0
7.548061190E-1,6.500000000E0
7.574301190E-1,6.500000000E0
7.600551190E-1,6.500000000E0
7.626791190E-1,6.500000000E0
7.653041190E-1,6.500000000E0
7.679281190E-1,6.500000000E0
7.705531190E-1,6.500000000E0
7.731771190E-1,6.500000000E0
7.758021190E-1,6.500000000E0
7.784261190E-1,6.500000000E0
7.810511190E-1,6.500000000E0
7.836751190E-1,6.500000000E0
7.863001190E-1,6.500000000E0
7.889241190E-1,6.500000000E0
7.915491190E-1,6.500000000E0
7.941731190E-1,6.500000000E0
7.967981190E-1,6.500000000E0
7.994221190E-1,6.500000000E0
8.020471190E-1,6.500000000E0
8.046711190E-1,6.500000000E0
8.072961190E-1,6.500000000E0
8.099201190E-1,6.500000000E0
8.125451190E-1,6.500000000E0
8.151691190E-1,6.500000000E0
8.177941190E-1,6.500000000E0
8.204181190E-1,6.500000000E0
8.230431190E-1,6.500000000E0
8.256671190E-1,6.500000000E0
8.282921190E-1,6.500000000E0
8.309161190E-1,6.500000000E0
8.335411190E-1,6.500000000E0
8.361651190E-1,0.000000000E0
8.886561190E-1,6.500000000E0
8.912801190E-1,6.500000000E0
8.939051190E-1,6.500000000E0
8.965291190E-1,6.500000000E0
8.991541190E-1,6.500000000E0
9.017781190E-1,6.500000000E0
9.044031190E-1,6.500000000E0
9.070271190E-1,6.500000000E0
9.096521190E-1,6.500000000E0
9.122761190E-1,6.500000000E0
9.149011190E-1,6.500000000E0
9.175251190E-1,6.500000000E0
9.201501190E-1,6.500000000E0
9.227741190E-1,6.500000000E0
9.253991190E-1,6.500000000E0
9.280231190E-1,6.500000000E0
9.306481190E-1,6.500000000E0
9.332721190E-1,6.500000000E0
9.358971190E-1,6.500000000E0
9.385211190E-1,0.000000000E0
9.883871190E-1,6.500000000E0
9.910121190E-1,6.500000000E0
9.936361190E-1,6.500000000E0
9.962611190E-1,6.500000000E0
9.988851190E-1,6.500000000E0
1.001510119E0,6.500000000E0
1.004134119E0,6.500000000E0
1.006759119E0,6.500000000E0
1.009383119E0,6.500000000E0
1.012008119E0,6.500000000E0
1.014632119E0,6.500000000E0
1.017257119E0,6.500000000E0
1.019881119E0,6.500000000E0
1.022506119E0,6.500000000E0
1.025130119E0,6.500000000E0
1.027755119E0,6.500000000E0
1.030379119E0,6.500000000E0
1.033004119E0,6.500000000E0
1.035628119E0,6.500000000E0
1.038253119E0,6.500000000E0
1.040877119E0,6.500000000E0
1.043502119E0,6.500000000E0
1.046126119E0,6.500000000E0
1.048751119E0,6.500000000E0
1.051375119E0,6.500000000E0
1.054000119E0,6.500000000E0
1.056624119E0,6.500000000E0
1.059249119E0,6.500000000E0
1.061873119E0,6.500000000E0
1.064498119E0,6.500000000E0
1.067122119E0,0.000000000E0
1.090743119E0,6.500000000E0
1.093368119E0,6.500000000E0
1.095992119E0,6.500000000E0
1.098617119E0,6.500000000E0
1.101241119E0,6.500000000E0
1.103866119E0,6.500000000E0
1.106490119E0,6.500000000E0
1.109115119E0,6.500000000E0
1.111739119E0,6.500000000E0
1.114364119E0,6.500000000E0
1.116988119E0,0.000000000E0
1.143233119E0,6.500000000E0
1.145858119E0,6.500000000E0
1.148482119E0,6.500000000E0
1.151107119E0,6.500000000E0
1.153731119E0,6.500000000E0
1.156356119E0,6.500000000E0
1.158980119E0,6.500000000E0
1.161605119E0,6.500000000E0
1.164229119E0,6.500000000E0
1.166854119E0,6.500000000E0
1.169478119E0,6.500000000E0
1.172103119E0,6.500000000E0
1.174727119E0,6.500000000E0
1.177352119E0,6.500000000E0
1.179976119E0,6.500000000E0
1.182601119E0,6.500000000E0
1.185226119E0,6.500000000E0
1.187850119E0,6.500000000E0
1.190475119E0,6.500000000E0
1.193099119E0,6.500000000E0
1.195724119E0,6.500000000E0
1.198348119E0,6.500000000E0
1.200973119E0,6.500000000E0
1.203597119E0,6.500000000E0
1.206222119E0,6.500000000E0
1.208846119E0,6.500000000E0
1.211471119E0,6.500000000E0
1.214095119E0,6.500000000E0
1.216720119E0,0.000000000E0
1.345321119E0,6.500000000E0
1.347945119E0,6.500000000E0
1.350570119E0,6.500000000E0
1.353194119E0,6.500000000E0
1.355819119E0,6.500000000E0
1.358443119E0,6.500000000E0
1.361068119E0,6.500000000E0
1.363692119E0,6.500000000E0
1.366317119E0,6.500000000E0
1.368941119E0,6.500000000E0
1.371566119E0,6.500000000E0
1.374190119E0,6.500000000E0
1.376815119E0,6.500000000E0
1.379439119E0,6.500000000E0
1.382064119E0,6.500000000E0
1.384688119E0,6.500000000E0
1.387313119E0,6.500000000E0
1.389937119E0,6.500000000E0
1.392562119E0,6.500000000E0
1.395186119E0,0.000000000E0
1.421432119E0,6.500000000E0
1.424056119E0,6.500000000E0
1.426681119E0,6.500000000E0
1.429305119E0,6.500000000E0
1.431930119E0,6.500000000E0
1.434554119E0,6.500000000E0
1.437179119E0,6.500000000E0
1.439803119E0,6.500000000E0
1.442428119E0,6.500000000E0
1.445052119E0,6.500000000E0
1.447677119E0,0.000000000E0
1.523788119E0,6.500000000E0
1.526412119E0,6.500000000E0
1.529037119E0,6.500000000E0
1.531661119E0,6.500000000E0
1.534286119E0,6.500000000E0
1.536910119E0,6.500000000E0
1.539535119E0,6.500000000E0
1.542159119E0,6.500000000E0
1.544784119E0,6.500000000E0
1.547408119E0,6.500000000E0
1.550033119E0,0.000000000E0
1.676009119E0,6.500000000E0
1.678634119E0,6.500000000E0
1.681258119E0,6.500000000E0
1.683883119E0,6.500000000E0
1.686507119E0,6.500000000E0
1.689132119E0,6.500000000E0
1.691756119E0,6.500000000E0
1.694381119E0,6.500000000E0
1.697005119E0,6.500000000E0
1.699630119E0,6.500000000E0
1.702254119E0,6.500000000E0
1.704879119E0,6.500000000E0
1.707503119E0,6.500000000E0
1.710128119E0,6.500000000E0
1.712752119E0,6.500000000E0
1.715377119E0,6.500000000E0
1.718001119E0,6.500000000E0
1.720626119E0,6.500000000E0
1.723250119E0,6.500000000E0
1.725875119E0,6.500000000E0
1.728499119E0,6.500000000E0
1.731124119E0,6.500000000E0
1.733748119E0,6.500000000E0
1.736373119E0,6.500000000E0
1.738997119E0,6.500000000E0
1.741622119E0,6.500000000E0
1.744247119E0,6.500000000E0
1.746871119E0,6.500000000E0
1.749496119E0,6.500000000E0
1.752120119E0,0.000000000E0
1.778365119E0,6.500000000E0
1.780990119E0,6.500000000E0
1.783614119E0,6.500000000E0
1.786239119E0,6.500000000E0
1.788863119E0,6.500000000E0
1.791488119E0,6.500000000E0
1.794112119E0,6.500000000E0
1.796737119E0,6.500000000E0
1.799361119E0,6.500000000E0
1.801986119E0,6.500000000E0
1.804610119E0,6.500000000E0
1.807235119E0,6.500000000E0
1.809859119E0,6.500000000E0
1.812484119E0,6.500000000E0
1.815108119E0,6.500000000E0
1.817733119E0,6.500000000E0
1.820357119E0,6.500000000E0
1.822982119E0,6.500000000E0
1.825606119E0,6.500000000E0
1.828231119E0,6.500000000E0
1.830855119E0,0.000000000E0
1.854476119E0,6.500000000E0
1.857101119E0,6.500000000E0
1.859725119E0,6.500000000E0
1.862350119E0,6.500000000E0
1.864974119E0,6.500000000E0
1.867599119E0,6.500000000E0
1.870223119E0,6.500000000E0
1.872848119E0,6.500000000E0
1.875472119E0,6.500000000E0
1.878097119E0,6.500000000E0
1.880721119E0,6.500000000E0
1.883346119E0,6.500000000E0
1.885970119E0,6.500000000E0
1.888595119E0,6.500000000E0
1.891219119E0,6.500000000E0
1.893844119E0,6.500000000E0
1.896468119E0,6.500000000E0
1.899093119E0,6.500000000E0
1.901717119E0,6.500000000E0
1.904342119E0,6.500000000E0
1.906966119E0,6.500000000E0
1.909591119E0,6.500000000E0
1.912215119E0,6.500000000E0
1.914840119E0,6.500000000E0
1.917464119E0,6.500000000E0
1.920089119E0,6.500000000E0
1.922713119E0,6.500000000E0
1.925338119E0,6.500000000E0
1.927962119E0,6.500000000E0
1.930587119E0,6.500000000E0
1.933211119E0,6.500000000E0
1.935836119E0,6.500000000E0
1.938460119E0,6.500000000E0
1.941085119E0,6.500000000E0
1.943709119E0,6.500000000E0
1.946334119E0,6.500000000E0
1.948958119E0,6.500000000E0
1.951583119E0,6.500000000E0
1.954207119E0,6.500000000E0
1.956832119E0,6.500000000E0
1.959456119E0,6.500000000E0
1.962081119E0,6.500000000E0
1.964705119E0,6.500000000E0
1.967330119E0,6.500000000E0
1.969955119E0,6.500000000E0
1.972579119E0,6.500000000E0
1.975204119E0,6.500000000E0
1.977828119E0,6.500000000E0
1.980453119E0,6.500000000E0
1.983077119E0,6.500000000E0
1.985702119E0,6.500000000E0
1.988326119E0,6.500000000E0
1.990951119E0,6.500000000E0
1.993575119E0,6.500000000E0
1.996211119E0,6.500000000E0
1.998835119E0,6.500000000E0
2.001460119E0,6.500000000E0
2.004084119E0,6.500000000E0
2.006709119E0,6.500000000E0
2.009333119E0,6.500000000E0
2.011958119E0,6.500000000E0
2.014582119E0,6.500000000E0
2.017207119E0,6.500000000E0
2.019831119E0,6.500000000E0
2.022456119E0,6.500000000E0
2.025080119E0,6.500000000E0
2.027705119E0,6.500000000E0
2.030329119E0,6.500000000E0
2.032954119E0,6.500000000E0
2.035578119E0,6.500000000E0
2.038203119E0,6.500000000E0
2.040827119E0,6.500000000E0
2.043452119E0,6.500000000E0
2.046076119E0,6.500000000E0
2.048701119E0,6.500000000E0
2.051325119E0,6.500000000E0
2.053950119E0,6.500000000E0
2.056574119E0,6.500000000E0
2.059199119E0,0.000000000E0
2.085444119E0,6.500000000E0
2.088069119E0,6.500000000E0
2.090693119E0,6.500000000E0
2.093318119E0,6.500000000E0
2.095942119E0,6.500000000E0
2.098567119E0,6.500000000E0
2.101191119E0,6.500000000E0
2.103816119E0,6.500000000E0
2.106440119E0,6.500000000E0
2.109065119E0,0.000000000E0
2.135310119E0,6.500000000E0
2.137934119E0,6.500000000E0
2.140559119E0,6.500000000E0
2.143183119E0,6.500000000E0
2.145808119E0,6.500000000E0
2.148432119E0,6.500000000E0
2.151057119E0,6.500000000E0
2.153681119E0,6.500000000E0
2.156306119E0,6.500000000E0
2.158930119E0,6.500000000E0
2.161555119E0,6.500000000E0
2.164179119E0,6.500000000E0
2.166804119E0,6.500000000E0
2.169428119E0,6.500000000E0
2.172053119E0,6.500000000E0
2.174678119E0,6.500000000E0
2.177302119E0,6.500000000E0
2.179927119E0,6.500000000E0
2.182551119E0,6.500000000E0
2.185176119E0,6.500000000E0
2.187800119E0,0.000000000E0
2.211421119E0,6.500000000E0
2.214045119E0,6.500000000E0
2.216670119E0,6.500000000E0
2.219294119E0,6.500000000E0
2.221919119E0,6.500000000E0
2.224543119E0,6.500000000E0
2.227168119E0,6.500000000E0
2.229792119E0,6.500000000E0
2.232417119E0,6.500000000E0
2.235041119E0,6.500000000E0
2.237666119E0,6.500000000E0
2.240290119E0,6.500000000E0
2.242915119E0,6.500000000E0
2.245539119E0,6.500000000E0
2.248164119E0,6.500000000E0
2.250788119E0,6.500000000E0
2.253413119E0,6.500000000E0
2.256037119E0,6.500000000E0
2.258662119E0,6.500000000E0
2.261286119E0,6.500000000E0
2.263911119E0,6.500000000E0
2.266535119E0,6.500000000E0
2.269160119E0,6.500000000E0
2.271784119E0,6.500000000E0
2.274409119E0,6.500000000E0
2.277033119E0,6.500000000E0
2.279658119E0,6.500000000E0
2.282282119E0,6.500000000E0
2.284907119E0,6.500000000E0
2.287532119E0,6.500000000E0
2.290156119E0,6.500000000E0
2.292781119E0,6.500000000E0
2.295405119E0,6.500000000E0
2.298030119E0,6.500000000E0
2.300654119E0,6.500000000E0
2.303279119E0,6.500000000E0
2.305903119E0,6.500000000E0
2.308528119E0,6.500000000E0
2.311152119E0,6.500000000E0
2.313777119E0,0.000000000E0
2.340022119E0,6.500000000E0
2.342646119E0,6.500000000E0
2.345271119E0,6.500000000E0
2.347895119E0,6.500000000E0
2.350520119E0,6.500000000E0
2.353144119E0,6.500000000E0
2.355769119E0,6.500000000E0
2.358393119E0,6.500000000E0
2.361018119E0,6.500000000E0
2.363642119E0,6.500000000E0
2.366267119E0,6.500000000E0
2.368891119E0,6.500000000E0
2.371516119E0,6.500000000E0
2.374140119E0,6.500000000E0
2.376765119E0,6.500000000E0
2.379389119E0,6.500000000E0
2.382014119E0,6.500000000E0
2.384638119E0,6.500000000E0
2.387263119E0,6.500000000E0
2.389887119E0,6.500000000E0
2.392512119E0,6.500000000E0
2.395136119E0,6.500000000E0
2.397761119E0,6.500000000E0
2.400386119E0,6.500000000E0
2.403010119E0,6.500000000E0
2.405635119E0,6.500000000E0
2.408259119E0,6.500000000E0
2.410884119E0,6.500000000E0
2.413508119E0,6.500000000E0
2.416133119E0,6.500000000E0
2.418757119E0,6.500000000E0
2.421382119E0,6.500000000E0
2.424006119E0,6.500000000E0
2.426631119E0,6.500000000E0
2.429255119E0,6.500000000E0
2.431880119E0,6.500000000E0
2.434504119E0,6.500000000E0
2.437129119E0,6.500000000E0
2.439753119E0,6.500000000E0
2.442378119E0,6.500000000E0
2.445002119E0,6.500000000E0
2.447627119E0,6.500000000E0
2.450251119E0,6.500000000E0
2.452876119E0,6.500000000E0
2.455500119E0,6.500000000E0
2.458125119E0,6.500000000E0
2.460749119E0,6.500000000E0
2.463374119E0,6.500000000E0
2.465998119E0,0.000000000E0
2.492243119E0,6.500000000E0
2.494868119E0,6.500000000E0
2.497492119E0,6.500000000E0
2.500117119E0,6.500000000E0
2.502741119E0,6.500000000E0
2.505366119E0,6.500000000E0
2.507990119E0,6.500000000E0
2.510615119E0,6.500000000E0
2.513240119E0,6.500000000E0
2.515864119E0,6.500000000E0
2.518489119E0,0.000000000E0
2.591975119E0,6.500000000E0
2.594599119E0,6.500000000E0
2.597224119E0,6.500000000E0
2.599848119E0,6.500000000E0
2.602473119E0,6.500000000E0
2.605097119E0,6.500000000E0
2.607722119E0,6.500000000E0
2.610346119E0,6.500000000E0
2.612971119E0,6.500000000E0
2.615595119E0,6.500000000E0
2.618220119E0,6.500000000E0
2.620844119E0,6.500000000E0
2.623469119E0,6.500000000E0
2.626094119E0,6.500000000E0
2.628718119E0,6.500000000E0
2.631343119E0,6.500000000E0
2.633967119E0,6.500000000E0
2.636592119E0,6.500000000E0
2.639216119E0,6.500000000E0
2.641841119E0,6.500000000E0
2.644465119E0,0.000000000E0
2.720576119E0,6.500000000E0
2.723200119E0,6.500000000E0
2.725825119E0,6.500000000E0
2.728449119E0,6.500000000E0
2.731074119E0,6.500000000E0
2.733698119E0,6.500000000E0
2.736323119E0,6.500000000E0
2.738948119E0,6.500000000E0
2.741572119E0,6.500000000E0
2.744197119E0,6.500000000E0
2.746821119E0,6.500000000E0
2.749446119E0,6.500000000E0
2.752070119E0,6.500000000E0
2.754695119E0,6.500000000E0
2.757319119E0,6.500000000E0
2.759944119E0,6.500000000E0
2.762568119E0,6.500000000E0
2.765193119E0,6.500000000E0
2.767817119E0,6.500000000E0
2.770442119E0,0.000000000E0
2.796687119E0,6.500000000E0
2.799311119E0,6.500000000E0
2.801936119E0,6.500000000E0
2.804560119E0,6.500000000E0
2.807185119E0,6.500000000E0
2.809809119E0,6.500000000E0
2.812434119E0,6.500000000E0
2.815058119E0,6.500000000E0
2.817683119E0,6.500000000E0
2.820307119E0,6.500000000E0
2.822932119E0,6.500000000E0
2.825556119E0,6.500000000E0
2.828181119E0,6.500000000E0
2.830805119E0,6.500000000E0
2.833430119E0,6.500000000E0
2.836054119E0,6.500000000E0
2.838679119E0,6.500000000E0
2.841303119E0,6.500000000E0
2.843928119E0,6.500000000E0
2.846553119E0,6.500000000E0
2.849177119E0,0.000000000E0
2.872798119E0,6.500000000E0
2.875422119E0,6.500000000E0
2.878047119E0,6.500000000E0
2.880671119E0,6.500000000E0
2.883296119E0,6.500000000E0
2.885920119E0,6.500000000E0
2.888545119E0,6.500000000E0
2.891169119E0,6.500000000E0
2.893794119E0,6.500000000E0
2.896418119E0,6.500000000E0
2.899043119E0,6.500000000E0
2.901667119E0,6.500000000E0
2.904292119E0,6.500000000E0
2.906916119E0,6.500000000E0
2.909541119E0,6.500000000E0
2.912165119E0,6.500000000E0
2.914790119E0,6.500000000E0
2.917414119E0,6.500000000E0
2.920039119E0,6.500000000E0
2.922663119E0,6.500000000E0
2.925288119E0,6.500000000E0
2.927912119E0,6.500000000E0
2.930537119E0,6.500000000E0
2.933161119E0,6.500000000E0
2.935786119E0,6.500000000E0
2.938410119E0,6.500000000E0
2.941035119E0,6.500000000E0
2.943659119E0,6.500000000E0
2.946284119E0,6.500000000E0
2.948908119E0,6.500000000E0
2.951533119E0,6.500000000E0
2.954157119E0,6.500000000E0
2.956782119E0,6.500000000E0
2.959407119E0,6.500000000E0
2.962031119E0,6.500000000E0
2.964656119E0,6.500000000E0
2.967280119E0,6.500000000E0
2.969905119E0,6.500000000E0
2.972529119E0,6.500000000E0
2.975154119E0,0.000000000E0
3.027644119E0,6.500000000E0
3.030268119E0,6.500000000E0
3.032893119E0,6.500000000E0
3.035517119E0,6.500000000E0
3.038142119E0,6.500000000E0
3.040766119E0,6.500000000E0
3.043391119E0,6.500000000E0
3.046015119E0,6.500000000E0
3.048640119E0,6.500000000E0
3.051264119E0,0.000000000E0
3.077510119E0,6.500000000E0
3.080134119E0,6.500000000E0
3.082759119E0,6.500000000E0
3.085383119E0,6.500000000E0
3.088008119E0,6.500000000E0
3.090632119E0,6.500000000E0
3.093257119E0,6.500000000E0
3.095881119E0,6.500000000E0
3.098506119E0,6.500000000E0
3.101130119E0,6.500000000E0
3.103755119E0,0.000000000E0
3.255976119E0,6.500000000E0
3.258601119E0,6.500000000E0
3.261225119E0,6.500000000E0
3.263850119E0,6.500000000E0
3.266474119E0,6.500000000E0
3.269099119E0,6.500000000E0
3.271723119E0,6.500000000E0
3.274348119E0,6.500000000E0
3.276972119E0,6.500000000E0
3.279597119E0,6.500000000E0
3.282221119E0,0.000000000E0
3.332087119E0,6.500000000E0
3.334712119E0,6.500000000E0
3.337336119E0,6.500000000E0
3.339961119E0,6.500000000E0
3.342585119E0,6.500000000E0
3.345210119E0,6.500000000E0
3.347834119E0,6.500000000E0
3.350459119E0,6.500000000E0
3.353083119E0,6.500000000E0
3.355708119E0,6.500000000E0
3.358332119E0,0.000000000E0
3.434443119E0,6.500000000E0
3.437068119E0,6.500000000E0
3.439692119E0,6.500000000E0
3.442317119E0,6.500000000E0
3.444941119E0,6.500000000E0
3.447566119E0,6.500000000E0
3.450190119E0,6.500000000E0
3.452815119E0,6.500000000E0
3.455439119E0,6.500000000E0
3.458064119E0,6.500000000E0
3.460688119E0,6.500000000E0
3.463313119E0,6.500000000E0
3.465937119E0,6.500000000E0
3.468562119E0,6.500000000E0
3.471186119E0,6.500000000E0
3.473811119E0,6.500000000E0
3.476435119E0,6.500000000E0
3.479060119E0,6.500000000E0
3.481684119E0,6.500000000E0
3.484309119E0,0.000000000E0
3.510554119E0,6.500000000E0
3.513178119E0,6.500000000E0
3.515803119E0,6.500000000E0
3.518428119E0,6.500000000E0
3.521052119E0,6.500000000E0
3.523677119E0,6.500000000E0
3.526301119E0,6.500000000E0
3.528926119E0,6.500000000E0
3.531550119E0,6.500000000E0
3.534175119E0,6.500000000E0
3.536799119E0,6.500000000E0
3.539424119E0,6.500000000E0
3.542048119E0,6.500000000E0
3.544673119E0,6.500000000E0
3.547297119E0,6.500000000E0
3.549922119E0,6.500000000E0
3.552546119E0,6.500000000E0
3.555171119E0,6.500000000E0
3.557795119E0,6.500000000E0
3.560420119E0,6.500000000E0
3.563044119E0,6.500000000E0
3.565669119E0,6.500000000E0
3.568293119E0,6.500000000E0
3.570918119E0,6.500000000E0
3.573542119E0,6.500000000E0
3.576167119E0,6.500000000E0
3.578791119E0,6.500000000E0
3.581416119E0,6.500000000E0
3.584040119E0,6.500000000E0
3.586665119E0,6.500000000E0
3.589289119E0,6.500000000E0
3.591914119E0,6.500000000E0
3.594538119E0,6.500000000E0
3.597163119E0,6.500000000E0
3.599787119E0,6.500000000E0
3.602412119E0,6.500000000E0
3.605036119E0,6.500000000E0
3.607661119E0,6.500000000E0
3.610285119E0,0.000000000E0
3.662776119E0,6.500000000E0
3.665400119E0,6.500000000E0
3.668025119E0,6.500000000E0
3.670649119E0,6.500000000E0
3.673274119E0,6.500000000E0
3.675898119E0,6.500000000E0
3.678523119E0,6.500000000E0
3.681147119E0,6.500000000E0
3.683772119E0,6.500000000E0
3.686396119E0,6.500000000E0
3.689021119E0,6.500000000E0
3.691645119E0,6.500000000E0
3.694270119E0,6.500000000E0
3.696894119E0,6.500000000E0
3.699519119E0,6.500000000E0
3.702143119E0,6.500000000E0
3.704768119E0,6.500000000E0
3.707392119E0,6.500000000E0
3.710017119E0,6.500000000E0
3.712641119E0,6.500000000E0
3.715266119E0,0.000000000E0
3.738886119E0,6.500000000E0
3.741511119E0,6.500000000E0
3.744136119E0,6.500000000E0
3.746760119E0,6.500000000E0
3.749385119E0,6.500000000E0
3.752009119E0,6.500000000E0
3.754634119E0,6.500000000E0
3.757258119E0,6.500000000E0
3.759883119E0,6.500000000E0
3.762507119E0,6.500000000E0
3.765132119E0,0.000000000E0
3.814997119E0,6.500000000E0
3.817622119E0,6.500000000E0
3.820246119E0,6.500000000E0
3.822871119E0,6.500000000E0
3.825495119E0,6.500000000E0
3.828120119E0,6.500000000E0
3.830744119E0,6.500000000E0
3.833369119E0,6.500000000E0
3.835993119E0,6.500000000E0
3.838618119E0,6.500000000E0
3.841242119E0,6.500000000E0
3.843867119E0,6.500000000E0
3.846491119E0,6.500000000E0
3.849116119E0,6.500000000E0
3.851740119E0,6.500000000E0
3.854365119E0,6.500000000E0
3.856990119E0,6.500000000E0
3.859614119E0,6.500000000E0
3.862239119E0,6.500000000E0
3.864863119E0,6.500000000E0
3.867488119E0,0.000000000E0
3.893733119E0,6.500000000E0
3.896357119E0,6.500000000E0
3.898982119E0,6.500000000E0
3.901606119E0,6.500000000E0
3.904231119E0,6.500000000E0
3.906855119E0,6.500000000E0
3.909480119E0,6.500000000E0
3.912104119E0,6.500000000E0
3.914729119E0,6.500000000E0
3.917353119E0,0.000000000E0
3.943598119E0,6.500000000E0
3.946223119E0,6.500000000E0
3.948847119E0,6.500000000E0
3.951472119E0,6.500000000E0
3.954096119E0,6.500000000E0
3.956721119E0,6.500000000E0
3.959345119E0,6.500000000E0
3.961970119E0,6.500000000E0
3.964594119E0,6.500000000E0
3.967219119E0,6.500000000E0
3.969844119E0,6.500000000E0
3.972468119E0,6.500000000E0
3.975093119E0,6.500000000E0
3.977717119E0,6.500000000E0
3.980342119E0,6.500000000E0
3.982966119E0,6.500000000E0
3.985591119E0,6.500000000E0
3.988215119E0,6.500000000E0
3.990840119E0,6.500000000E0
3.993464119E0,0.000000000E0
4.019709119E0,6.500000000E0
4.022334119E0,6.500000000E0
4.024958119E0,6.500000000E0
4.027583119E0,6.500000000E0
4.030207119E0,6.500000000E0
4.032832119E0,6.500000000E0
4.035456119E0,6.500000000E0
4.038081119E0,6.500000000E0
4.040705119E0,6.500000000E0
4.043330119E0,6.500000000E0
4.045954119E0,0.000000000E0
4.224421119E0,6.500000000E0
4.227046119E0,6.500000000E0
4.229670119E0,6.500000000E0
4.232295119E0,6.500000000E0
4.234919119E0,6.500000000E0
4.237544119E0,6.500000000E0
4.240168119E0,6.500000000E0
4.242793119E0,6.500000000E0
4.245417119E0,6.500000000E0
4.248042119E0,0.000000000E0
4.274287119E0,6.500000000E0
4.276911119E0,6.500000000E0
4.279536119E0,6.500000000E0
4.282160119E0,6.500000000E0
4.284785119E0,6.500000000E0
4.287409119E0,6.500000000E0
4.290034119E0,6.500000000E0
4.292658119E0,6.500000000E0
4.295283119E0,6.500000000E0
4.297907119E0,6.500000000E0
4.300532119E0,6.500000000E0
4.303157119E0,6.500000000E0
4.305781119E0,6.500000000E0
4.308406119E0,6.500000000E0
4.311030119E0,6.500000000E0
4.313655119E0,6.500000000E0
4.316279119E0,6.500000000E0
4.318904119E0,6.500000000E0
4.321528119E0,6.500000000E0
4.324153119E0,0.000000000E0
4.376643119E0,6.500000000E0
4.379267119E0,6.500000000E0
4.381892119E0,6.500000000E0
4.384516119E0,6.500000000E0
4.387141119E0,6.500000000E0
4.389765119E0,6.500000000E0
4.392390119E0,6.500000000E0
4.395014119E0,6.500000000E0
4.397639119E0,6.500000000E0
4.400263119E0,6.500000000E0
4.402888119E0,6.500000000E0
4.405512119E0,6.500000000E0
4.408137119E0,6.500000000E0
4.410761119E0,6.500000000E0
4.413386119E0,6.500000000E0
4.416011119E0,6.500000000E0
4.418635119E0,6.500000000E0
4.421260119E0,6.500000000E0
4.423884119E0,6.500000000E0
4.426509119E0,0.000000000E0
4.604975119E0,6.500000000E0
4.607600119E0,6.500000000E0
4.610224119E0,6.500000000E0
4.612849119E0,6.500000000E0
4.615473119E0,6.500000000E0
4.618098119E0,6.500000000E0
4.620722119E0,6.500000000E0
4.623347119E0,6.500000000E0
4.625971119E0,6.500000000E0
4.628596119E0,6.500000000E0
4.631220119E0,0.000000000E0
4.859553119E0,6.500000000E0
4.862178119E0,6.500000000E0
4.864802119E0,6.500000000E0
4.867427119E0,6.500000000E0
4.870051119E0,6.500000000E0
4.872676119E0,6.500000000E0
4.875300119E0,6.500000000E0
4.877925119E0,6.500000000E0
4.880549119E0,6.500000000E0
4.883174119E0,6.500000000E0
4.885798119E0,0.000000000E0
5.114131119E0,6.500000000E0
5.116755119E0,6.500000000E0
5.119380119E0,6.500000000E0
5.122004119E0,6.500000000E0
5.124629119E0,6.500000000E0
5.127253119E0,6.500000000E0
5.129878119E0,6.500000000E0
5.132502119E0,6.500000000E0
5.135127119E0,6.500000000E0
5.137751119E0,6.500000000E0
5.140376119E0,0.000000000E0
5.149362650E0,0.000000000E0
7.279299091E0,6.500000000E0
7.281924091E0,6.500000000E0
7.284549091E0,6.500000000E0
7.287173091E0,6.500000000E0
7.289798091E0,6.500000000E0
7.292422091E0,6.500000000E0
7.295047091E0,6.500000000E0
7.297671091E0,6.500000000E0
7.300296091E0,6.500000000E0
7.302920091E0,6.500000000E0
7.305545091E0,0.000000000E0
1.101223226E1,0.000000000E0
1.511204368E1,0.000000000E0
2.001378741E1,0.000000000E0
2.460633575E1,0.000000000E0
2.872491590E1,0.000000000E0
3.277439682E1,0.000000000E0
3.747501559E1,0.000000000E0
4.277601651E1,0.000000000E0
4.682377177E1,0.000000000E0
4.772549998E1,6.500000000E0
4.772812498E1,6.500000000E0
4.773074898E1,6.500000000E0
4.773337398E1,6.500000000E0
4.773599798E1,6.500000000E0
4.773862298E1,6.500000000E0
4.774124698E1,6.500000000E0
4.774387198E1,6.500000000E0
4.774649598E1,6.500000000E0
4.774912098E1,6.500000000E0
4.775174498E1,0.000000000E0
4.790396698E1,6.500000000E0
4.790659098E1,6.500000000E0
4.790921598E1,6.500000000E0
4.791184098E1,6.500000000E0
4.791446498E1,6.500000000E0
4.791708998E1,6.500000000E0
4.791971398E1,6.500000000E0
4.792233898E1,6.500000000E0
4.792496298E1,6.500000000E0
4.792758798E1,0.000000000E0
4.798007798E1,6.500000000E0
4.798270198E1,6.500000000E0
4.798532698E1,6.500000000E0
4.798795098E1,6.500000000E0
4.799057598E1,6.500000000E0
4.799319998E1,6.500000000E0
4.799582498E1,6.500000000E0
4.799844898E1,6.500000000E0
4.800107398E1,6.500000000E0
4.800369798E1,6.500000000E0
4.800632298E1,0.000000000E0
5.019516598E1,6.500000000E0
5.019778998E1,6.500000000E0
5.020041498E1,6.500000000E0
5.020303898E1,6.500000000E0
5.020566398E1,6.500000000E0
5.020828798E1,6.500000000E0
5.021091298E1,6.500000000E0
5.021353698E1,6.500000000E0
5.021616198E1,6.500000000E0
5.021878598E1,6.500000000E0
5.022141098E1,0.000000000E0
5.070432098E1,6.500000000E0
5.070694598E1,6.500000000E0
5.070956998E1,6.500000000E0
5.071219498E1,6.500000000E0
5.071481898E1,6.500000000E0
5.071744398E1,6.500000000E0
5.072006798E1,6.500000000E0
5.072269298E1,6.500000000E0
5.072531698E1,6.500000000E0
5.072794198E1,6.500000000E0
5.073056598E1,0.000000000E0
5.123972098E1,6.500000000E0
5.124234598E1,6.500000000E0
5.124496998E1,6.500000000E0
5.124759498E1,6.500000000E0
5.125021898E1,6.500000000E0
5.125284398E1,6.500000000E0
5.125546798E1,6.500000000E0
5.125809298E1,6.500000000E0
5.126071698E1,6.500000000E0
5.126334198E1,6.500000000E0
5.126596598E1,0.000000000E0
5.131583198E1,6.500000000E0
5.131845698E1,6.500000000E0
5.132108098E1,6.500000000E0
5.132370598E1,6.500000000E0
5.132632998E1,6.500000000E0
5.132895498E1,6.500000000E0
5.133157898E1,6.500000000E0
5.133420398E1,6.500000000E0
5.133682798E1,6.500000000E0
5.133945298E1,6.500000000E0
5.134207698E1,0.000000000E0
5.169967481E1,6.500000000E0
5.170898883E1,6.500000000E0
5.171164383E1,6.500000000E0
5.171426783E1,6.500000000E0
5.171689283E1,6.500000000E0
5.171951683E1,6.500000000E0
5.172214183E1,6.500000000E0
5.172476683E1,6.500000000E0
5.172739083E1,6.500000000E0
5.173001583E1,6.500000000E0
5.173263983E1,6.500000000E0
5.173526483E1,6.500000000E0
5.173788883E1,6.500000000E0
5.174051383E1,6.500000000E0
5.174313783E1,6.500000000E0
5.174576283E1,0.000000000E0
5.177200783E1,6.500000000E0
5.177463183E1,6.500000000E0
5.177725683E1,6.500000000E0
5.177988083E1,6.500000000E0
5.178250583E1,6.500000000E0
5.178512983E1,6.500000000E0
5.178775483E1,6.500000000E0
5.179037883E1,6.500000000E0
5.179300383E1,6.500000000E0
5.179562783E1,0.000000000E0
5.182187283E1,6.500000000E0
5.182449783E1,6.500000000E0
5.182712183E1,6.500000000E0
5.182974683E1,6.500000000E0
5.183237083E1,6.500000000E0
5.183499583E1,6.500000000E0
5.183762083E1,6.500000000E0
5.184024483E1,6.500000000E0
5.184286983E1,6.500000000E0
5.184549383E1,6.500000000E0
5.184811883E1,6.500000000E0
5.185074283E1,6.500000000E0
5.185336783E1,6.500000000E0
5.185599183E1,6.500000000E0
5.185861683E1,6.500000000E0
5.186124083E1,6.500000000E0
5.186386583E1,6.500000000E0
5.186648983E1,6.500000000E0
5.186911483E1,6.500000000E0
5.187173883E1,6.500000000E0
5.187436383E1,6.500000000E0
5.187698783E1,6.500000000E0
5.187961283E1,6.500000000E0
5.188223683E1,6.500000000E0
5.188486183E1,6.500000000E0
5.188748583E1,6.500000000E0
5.189011083E1,6.500000000E0
5.189273483E1,6.500000000E0
5.189535983E1,6.500000000E0
5.189798383E1,6.500000000E0
5.190060883E1,6.500000000E0
5.190323283E1,6.500000000E0
5.190585783E1,6.500000000E0
5.190848183E1,6.500000000E0
5.191110683E1,6.500000000E0
5.191373083E1,6.500000000E0
5.191635583E1,6.500000000E0
5.191897983E1,6.500000000E0
5.192160483E1,6.500000000E0
5.192422883E1,0.000000000E0
5.195047483E1,6.500000000E0
5.195309883E1,6.500000000E0
5.195572383E1,6.500000000E0
5.195834783E1,6.500000000E0
5.196097283E1,6.500000000E0
5.196359683E1,6.500000000E0
5.196622183E1,6.500000000E0
5.196884583E1,6.500000000E0
5.197147083E1,6.500000000E0
5.197409483E1,6.500000000E0
5.197671983E1,6.500000000E0
5.197934383E1,6.500000000E0
5.198196883E1,6.500000000E0
5.198459283E1,6.500000000E0
5.198721783E1,6.500000000E0
5.198984183E1,6.500000000E0
5.199246683E1,6.500000000E0
5.199509083E1,6.500000000E0
5.199771583E1,6.500000000E0
5.200033983E1,0.000000000E0
5.202396083E1,6.500000000E0
5.202658483E1,6.500000000E0
5.202920983E1,6.500000000E0
5.203183383E1,6.500000000E0
5.203445883E1,6.500000000E0
5.203708283E1,6.500000000E0
5.203970783E1,6.500000000E0
5.204233183E1,6.500000000E0
5.204495683E1,6.500000000E0
5.204758083E1,6.500000000E0
5.205020583E1,6.500000000E0
5.205282983E1,6.500000000E0
5.205545483E1,6.500000000E0
5.205807883E1,6.500000000E0
5.206070383E1,6.500000000E0
5.206332883E1,6.500000000E0
5.206595283E1,6.500000000E0
5.206857783E1,6.500000000E0
5.207120183E1,6.500000000E0
5.207382683E1,6.500000000E0
5.207645083E1,6.500000000E0
5.207907583E1,6.500000000E0
5.208169983E1,6.500000000E0
5.208432483E1,6.500000000E0
5.208694883E1,6.500000000E0
5.208957383E1,6.500000000E0
5.209219783E1,6.500000000E0
5.209482283E1,6.500000000E0
5.209744683E1,6.500000000E0
5.210007183E1,6.500000000E0
5.210269583E1,0.000000000E0
5.212894083E1,6.500000000E0
5.213156583E1,6.500000000E0
5.213418983E1,6.500000000E0
5.213681483E1,6.500000000E0
5.213943883E1,6.500000000E0
5.214206383E1,6.500000000E0
5.214468783E1,6.500000000E0
5.214731283E1,6.500000000E0
5.214993683E1,6.500000000E0
5.215256183E1,6.500000000E0
5.215518583E1,6.500000000E0
5.215781083E1,6.500000000E0
5.216043483E1,6.500000000E0
5.216305983E1,6.500000000E0
5.216568383E1,6.500000000E0
5.216830883E1,6.500000000E0
5.217093283E1,6.500000000E0
5.217355783E1,6.500000000E0
5.217618283E1,6.500000000E0
5.217880683E1,6.500000000E0
5.218143183E1,6.500000000E0
5.218405583E1,6.500000000E0
5.218668083E1,6.500000000E0
5.218930483E1,6.500000000E0
5.219192983E1,6.500000000E0
5.219455383E1,6.500000000E0
5.219717883E1,6.500000000E0
5.219980283E1,6.500000000E0
5.220242783E1,6.500000000E0
5.220505183E1,6.500000000E0
5.220767683E1,6.500000000E0
5.221030083E1,6.500000000E0
5.221292583E1,6.500000000E0
5.221554983E1,6.500000000E0
5.221817483E1,6.500000000E0
5.222079883E1,6.500000000E0
5.222342383E1,6.500000000E0
5.222604783E1,6.500000000E0
5.222867283E1,6.500000000E0
5.223129683E1,6.500000000E0
5.223392183E1,6.500000000E0
5.223654583E1,6.500000000E0
5.223917083E1,6.500000000E0
5.224179483E1,6.500000000E0
5.224441983E1,6.500000000E0
5.224704383E1,6.500000000E0
5.224966883E1,6.500000000E0
5.225229283E1,6.500000000E0
5.225491783E1,0.000000000E0
5.230478383E1,6.500000000E0
5.230740783E1,6.500000000E0
5.231003283E1,6.500000000E0
5.231265683E1,6.500000000E0
5.231528183E1,6.500000000E0
5.231790583E1,6.500000000E0
5.232053083E1,6.500000000E0
5.232315483E1,6.500000000E0
5.232577983E1,6.500000000E0
5.232840383E1,6.500000000E0
5.233102883E1,6.500000000E0
5.233365283E1,6.500000000E0
5.233627783E1,6.500000000E0
5.233890183E1,6.500000000E0
5.234152683E1,6.500000000E0
5.234415083E1,6.500000000E0
5.234677583E1,6.500000000E0
5.234939983E1,6.500000000E0
5.235202483E1,6.500000000E0
5.235464883E1,6.500000000E0
5.235727383E1,6.500000000E0
5.235989783E1,6.500000000E0
5.236252283E1,6.500000000E0
5.236514683E1,6.500000000E0
5.236777183E1,6.500000000E0
5.237039583E1,6.500000000E0
5.237302083E1,6.500000000E0
5.237564483E1,6.500000000E0
5.237826983E1,6.500000000E0
5.238089383E1,6.500000000E0
5.238351883E1,6.500000000E0
5.238614283E1,6.500000000E0
5.238876783E1,6.500000000E0
5.239139183E1,6.500000000E0
5.239401683E1,6.500000000E0
5.239664183E1,6.500000000E0
5.239926583E1,6.500000000E0
5.240189083E1,6.500000000E0
5.240451483E1,6.500000000E0
5.240713983E1,0.000000000E0
5.245962983E1,6.500000000E0
5.246225383E1,6.500000000E0
5.246487883E1,6.500000000E0
5.246750283E1,6.500000000E0
5.247012783E1,6.500000000E0
5.247275183E1,6.500000000E0
5.247537683E1,6.500000000E0
5.247800083E1,6.500000000E0
5.248062583E1,6.500000000E0
5.248324983E1,0.000000000E0
5.250949583E1,6.500000000E0
5.251211983E1,6.500000000E0
5.251474483E1,6.500000000E0
5.251736883E1,6.500000000E0
5.251999383E1,6.500000000E0
5.252261783E1,6.500000000E0
5.252524283E1,6.500000000E0
5.252786683E1,6.500000000E0
5.253049183E1,6.500000000E0
5.253311583E1,6.500000000E0
5.253574083E1,6.500000000E0
5.253836483E1,6.500000000E0
5.254098983E1,6.500000000E0
5.254361383E1,6.500000000E0
5.254623883E1,6.500000000E0
5.254886283E1,6.500000000E0
5.255148783E1,6.500000000E0
5.255411183E1,6.500000000E0
5.255673683E1,6.500000000E0
5.255936083E1,0.000000000E0
5.258560583E1,6.500000000E0
5.258823083E1,6.500000000E0
5.259085483E1,6.500000000E0
5.259347983E1,6.500000000E0
5.259610383E1,6.500000000E0
5.259872883E1,6.500000000E0
5.260135283E1,6.500000000E0
5.260397783E1,6.500000000E0
5.260660183E1,6.500000000E0
5.260922683E1,6.500000000E0
5.261185083E1,6.500000000E0
5.261447583E1,6.500000000E0
5.261709983E1,6.500000000E0
5.261972483E1,6.500000000E0
5.262234983E1,6.500000000E0
5.262497383E1,6.500000000E0
5.262759883E1,6.500000000E0
5.263022283E1,6.500000000E0
5.263284783E1,6.500000000E0
5.263547183E1,0.000000000E0
5.266171683E1,6.500000000E0
5.266434183E1,6.500000000E0
5.266696583E1,6.500000000E0
5.266959083E1,6.500000000E0
5.267221483E1,6.500000000E0
5.267483983E1,6.500000000E0
5.267746383E1,6.500000000E0
5.268008883E1,6.500000000E0
5.268271283E1,6.500000000E0
5.268533783E1,6.500000000E0
5.268796183E1,6.500000000E0
5.269058683E1,6.500000000E0
5.269321083E1,6.500000000E0
5.269583583E1,6.500000000E0
5.269845983E1,6.500000000E0
5.270108483E1,6.500000000E0
5.270370883E1,6.500000000E0
5.270633383E1,6.500000000E0
5.270895783E1,6.500000000E0
5.271158283E1,6.500000000E0
5.271420683E1,0.000000000E0
5.279031783E1,6.500000000E0
5.279294283E1,6.500000000E0
5.279556683E1,6.500000000E0
5.279819183E1,6.500000000E0
5.280081583E1,6.500000000E0
5.280344083E1,6.500000000E0
5.280606483E1,6.500000000E0
5.280868983E1,6.500000000E0
5.281131383E1,6.500000000E0
5.281393883E1,0.000000000E0
5.284018383E1,6.500000000E0
5.284280783E1,6.500000000E0
5.284543283E1,6.500000000E0
5.284805783E1,6.500000000E0
5.285068183E1,6.500000000E0
5.285330683E1,6.500000000E0
5.285593083E1,6.500000000E0
5.285855583E1,6.500000000E0
5.286117983E1,6.500000000E0
5.286380483E1,0.000000000E0
5.289004983E1,6.500000000E0
5.289267383E1,6.500000000E0
5.289529883E1,6.500000000E0
5.289792283E1,6.500000000E0
5.290054783E1,6.500000000E0
5.290317183E1,6.500000000E0
5.290579683E1,6.500000000E0
5.290842083E1,6.500000000E0
5.291104583E1,6.500000000E0
5.291366983E1,6.500000000E0
5.291629483E1,6.500000000E0
5.291891883E1,6.500000000E0
5.292154383E1,6.500000000E0
5.292416783E1,6.500000000E0
5.292679283E1,6.500000000E0
5.292941683E1,6.500000000E0
5.293204183E1,6.500000000E0
5.293466583E1,6.500000000E0
5.293729083E1,6.500000000E0
5.293991483E1,6.500000000E0
5.294253983E1,6.500000000E0
5.294516383E1,6.500000000E0
5.294778883E1,6.500000000E0
5.295041283E1,6.500000000E0
5.295303783E1,6.500000000E0
5.295566183E1,6.500000000E0
5.295828683E1,6.500000000E0
5.296091183E1,6.500000000E0
5.296353583E1,6.500000000E0
5.296616083E1,6.500000000E0
5.296878483E1,6.500000000E0
5.297140983E1,6.500000000E0
5.297403383E1,6.500000000E0
5.297665883E1,6.500000000E0
5.297928283E1,6.500000000E0
5.298190783E1,6.500000000E0
5.298453183E1,6.500000000E0
5.298715683E1,6.500000000E0
5.298978083E1,6.500000000E0
5.299240583E1,6.500000000E0
5.299502983E1,6.500000000E0
5.299765483E1,6.500000000E0
5.300027883E1,6.500000000E0
5.300290383E1,6.500000000E0
5.300552783E1,6.500000000E0
5.300815283E1,6.500000000E0
5.301077683E1,6.500000000E0
5.301340183E1,6.500000000E0
5.301602583E1,6.500000000E0
5.301865083E1,6.500000000E0
5.302127483E1,6.500000000E0
5.302389983E1,6.500000000E0
5.302652383E1,6.500000000E0
5.302914883E1,6.500000000E0
5.303177283E1,6.500000000E0
5.303439783E1,6.500000000E0
5.303702183E1,6.500000000E0
5.303964683E1,6.500000000E0
5.304227083E1,6.500000000E0
5.304489583E1,6.500000000E0
5.304751983E1,6.500000000E0
5.305014483E1,6.500000000E0
5.305276883E1,6.500000000E0
5.305539383E1,6.500000000E0
5.305801783E1,6.500000000E0
5.306064283E1,6.500000000E0
5.306326683E1,6.500000000E0
5.306589183E1,6.500000000E0
5.306851683E1,0.000000000E0
5.309476183E1,6.500000000E0
5.309738583E1,6.500000000E0
5.310001083E1,6.500000000E0
5.310263483E1,6.500000000E0
5.310525983E1,6.500000000E0
5.310788383E1,6.500000000E0
5.311050883E1,6.500000000E0
5.311313283E1,6.500000000E0
5.311575783E1,6.500000000E0
5.311838183E1,6.500000000E0
5.312100683E1,0.000000000E0
5.314462683E1,6.500000000E0
5.314725183E1,6.500000000E0
5.314987583E1,6.500000000E0
5.315250083E1,6.500000000E0
5.315512483E1,6.500000000E0
5.315774983E1,6.500000000E0
5.316037383E1,6.500000000E0
5.316299883E1,6.500000000E0
5.316562283E1,6.500000000E0
5.316824783E1,6.500000000E0
5.317087183E1,6.500000000E0
5.317349683E1,6.500000000E0
5.317612083E1,6.500000000E0
5.317874583E1,6.500000000E0
5.318137083E1,6.500000000E0
5.318399483E1,6.500000000E0
5.318661983E1,6.500000000E0
5.318924383E1,6.500000000E0
5.319186883E1,6.500000000E0
5.319449283E1,6.500000000E0
5.319711783E1,6.500000000E0
5.319974183E1,6.500000000E0
5.320236683E1,6.500000000E0
5.320499083E1,6.500000000E0
5.320761583E1,6.500000000E0
5.321023983E1,6.500000000E0
5.321286483E1,6.500000000E0
5.321548883E1,6.500000000E0
5.321811383E1,6.500000000E0
5.322073783E1,6.500000000E0
5.322336283E1,6.500000000E0
5.322598683E1,6.500000000E0
5.322861183E1,6.500000000E0
5.323123583E1,6.500000000E0
5.323386083E1,6.500000000E0
5.323648483E1,6.500000000E0
5.323910983E1,6.500000000E0
5.324173383E1,6.500000000E0
5.324435883E1,6.500000000E0
5.324698283E1,6.500000000E0
5.324960783E1,6.500000000E0
5.325223183E1,6.500000000E0
5.325485683E1,6.500000000E0
5.325748083E1,6.500000000E0
5.326010583E1,6.500000000E0
5.326272983E1,6.500000000E0
5.326535483E1,6.500000000E0
5.326797883E1,6.500000000E0
5.327060383E1,6.500000000E0
5.327322783E1,0.000000000E0
5.332309383E1,6.500000000E0
5.332571883E1,6.500000000E0
5.332834283E1,6.500000000E0
5.333096783E1,6.500000000E0
5.333359183E1,6.500000000E0
5.333621683E1,6.500000000E0
5.333884083E1,6.500000000E0
5.334146583E1,6.500000000E0
5.334408983E1,6.500000000E0
5.334671483E1,6.500000000E0
5.334933883E1,6.500000000E0
5.335196383E1,6.500000000E0
5.335458783E1,6.500000000E0
5.335721283E1,6.500000000E0
5.335983683E1,6.500000000E0
5.336246183E1,6.500000000E0
5.336508583E1,6.500000000E0
5.336771083E1,6.500000000E0
5.337033483E1,6.500000000E0
5.337295983E1,6.500000000E0
5.337558383E1,6.500000000E0
5.337820883E1,6.500000000E0
5.338083283E1,6.500000000E0
5.338345783E1,6.500000000E0
5.338608183E1,6.500000000E0
5.338870683E1,6.500000000E0
5.339133083E1,6.500000000E0
5.339395583E1,6.500000000E0
5.339657983E1,6.500000000E0
5.339920483E1,0.000000000E0
5.342544983E1,6.500000000E0
5.342807483E1,6.500000000E0
5.343069883E1,6.500000000E0
5.343332383E1,6.500000000E0
5.343594783E1,6.500000000E0
5.343857283E1,6.500000000E0
5.344119683E1,6.500000000E0
5.344382183E1,6.500000000E0
5.344644583E1,6.500000000E0
5.344907083E1,6.500000000E0
5.345169483E1,6.500000000E0
5.345431983E1,6.500000000E0
5.345694383E1,6.500000000E0
5.345956883E1,6.500000000E0
5.346219283E1,6.500000000E0
5.346481783E1,6.500000000E0
5.346744183E1,6.500000000E0
5.347006683E1,6.500000000E0
5.347269083E1,6.500000000E0
5.347531583E1,6.500000000E0
5.347793983E1,6.500000000E0
5.348056483E1,6.500000000E0
5.348318883E1,6.500000000E0
5.348581383E1,6.500000000E0
5.348843783E1,6.500000000E0
5.349106283E1,6.500000000E0
5.349368683E1,6.500000000E0
5.349631183E1,6.500000000E0
5.349893583E1,6.500000000E0
5.350156083E1,6.500000000E0
5.350418483E1,6.500000000E0
5.350680983E1,6.500000000E0
5.350943383E1,6.500000000E0
5.351205883E1,6.500000000E0
5.351468283E1,6.500000000E0
5.351730783E1,6.500000000E0
5.351993283E1,6.500000000E0
5.352255683E1,6.500000000E0
5.352518183E1,6.500000000E0
5.352780583E1,0.000000000E0
5.355405083E1,6.500000000E0
5.355667583E1,6.500000000E0
5.355929983E1,6.500000000E0
5.356192483E1,6.500000000E0
5.356454883E1,6.500000000E0
5.356717383E1,6.500000000E0
5.356979783E1,6.500000000E0
5.357242283E1,6.500000000E0
5.357504683E1,6.500000000E0
5.357767183E1,6.500000000E0
5.358029583E1,6.500000000E0
5.358292083E1,6.500000000E0
5.358554483E1,6.500000000E0
5.358816983E1,6.500000000E0
5.359079383E1,6.500000000E0
5.359341883E1,6.500000000E0
5.359604283E1,6.500000000E0
5.359866783E1,6.500000000E0
5.360129183E1,6.500000000E0
5.360391683E1,6.500000000E0
5.360654083E1,6.500000000E0
5.360916583E1,6.500000000E0
5.361178983E1,6.500000000E0
5.361441483E1,6.500000000E0
5.361703883E1,6.500000000E0
5.361966383E1,6.500000000E0
5.362228783E1,6.500000000E0
5.362491283E1,6.500000000E0
5.362753683E1,6.500000000E0
5.363016183E1,0.000000000E0
5.365378283E1,6.500000000E0
5.365640683E1,6.500000000E0
5.365903183E1,6.500000000E0
5.366165583E1,6.500000000E0
5.366428083E1,6.500000000E0
5.366690483E1,6.500000000E0
5.366952983E1,6.500000000E0
5.367215383E1,6.500000000E0
5.367477883E1,6.500000000E0
5.367740283E1,6.500000000E0
5.368002783E1,6.500000000E0
5.368265183E1,6.500000000E0
5.368527683E1,6.500000000E0
5.368790083E1,6.500000000E0
5.369052583E1,6.500000000E0
5.369314983E1,6.500000000E0
5.369577483E1,6.500000000E0
5.369839883E1,6.500000000E0
5.370102383E1,6.500000000E0
5.370364783E1,6.500000000E0
5.370627283E1,6.500000000E0
5.370889683E1,6.500000000E0
5.371152183E1,6.500000000E0
5.371414583E1,6.500000000E0
5.371677083E1,6.500000000E0
5.371939483E1,6.500000000E0
5.372201983E1,6.500000000E0
5.372464383E1,6.500000000E0
5.372726883E1,6.500000000E0
5.372989283E1,6.500000000E0
5.373251783E1,6.500000000E0
5.373514183E1,6.500000000E0
5.373776683E1,6.500000000E0
5.374039183E1,6.500000000E0
5.374301583E1,6.500000000E0
5.374564083E1,6.500000000E0
5.374826483E1,6.500000000E0
5.375088983E1,6.500000000E0
5.375351383E1,6.500000000E0
5.375613883E1,6.500000000E0
5.375876283E1,6.500000000E0
5.376138783E1,6.500000000E0
5.376401183E1,6.500000000E0
5.376663683E1,6.500000000E0
5.376926083E1,6.500000000E0
5.377188583E1,6.500000000E0
5.377450983E1,6.500000000E0
5.377713483E1,6.500000000E0
5.377975883E1,6.500000000E0
5.378238383E1,6.500000000E0
5.378500783E1,6.500000000E0
5.378763283E1,6.500000000E0
5.379025683E1,6.500000000E0
5.379288183E1,6.500000000E0
5.379550583E1,6.500000000E0
5.379813083E1,6.500000000E0
5.380075483E1,6.500000000E0
5.380337983E1,6.500000000E0
5.380600383E1,6.500000000E0
5.380862883E1,6.500000000E0
5.381125283E1,6.500000000E0
5.381387783E1,6.500000000E0
5.381650183E1,6.500000000E0
5.381912683E1,6.500000000E0
5.382175083E1,6.500000000E0
5.382437583E1,6.500000000E0
5.382699983E1,6.500000000E0
5.382962483E1,6.500000000E0
5.383224883E1,0.000000000E0
5.385849483E1,6.500000000E0
5.386111883E1,6.500000000E0
5.386374383E1,6.500000000E0
5.386636783E1,6.500000000E0
5.386899283E1,6.500000000E0
5.387161683E1,6.500000000E0
5.387424183E1,6.500000000E0
5.387686583E1,6.500000000E0
5.387949083E1,6.500000000E0
5.388211483E1,0.000000000E0
5.390835983E1,6.500000000E0
5.391098483E1,6.500000000E0
5.391360883E1,6.500000000E0
5.391623383E1,6.500000000E0
5.391885783E1,6.500000000E0
5.392148283E1,6.500000000E0
5.392410683E1,6.500000000E0
5.392673183E1,6.500000000E0
5.392935583E1,6.500000000E0
5.393198083E1,6.500000000E0
5.393460483E1,0.000000000E0
5.396084983E1,6.500000000E0
5.396347483E1,6.500000000E0
5.396609983E1,6.500000000E0
5.396872383E1,6.500000000E0
5.397134883E1,6.500000000E0
5.397397283E1,6.500000000E0
5.397659783E1,6.500000000E0
5.397922183E1,6.500000000E0
5.398184683E1,6.500000000E0
5.398447083E1,6.500000000E0
5.398709583E1,0.000000000E0
5.403696083E1,6.500000000E0
5.403958583E1,6.500000000E0
5.404220983E1,6.500000000E0
5.404483483E1,6.500000000E0
5.404745883E1,6.500000000E0
5.405008383E1,6.500000000E0
5.405270783E1,6.500000000E0
5.405533283E1,6.500000000E0
5.405795683E1,6.500000000E0
5.406058183E1,0.000000000E0
5.411307183E1,6.500000000E0
5.411569683E1,6.500000000E0
5.411832083E1,6.500000000E0
5.412094583E1,6.500000000E0
5.412356983E1,6.500000000E0
5.412619483E1,6.500000000E0
5.412881883E1,6.500000000E0
5.413144383E1,6.500000000E0
5.413406783E1,6.500000000E0
5.413669283E1,6.500000000E0
5.413931683E1,6.500000000E0
5.414194183E1,6.500000000E0
5.414456583E1,6.500000000E0
5.414719083E1,6.500000000E0
5.414981483E1,6.500000000E0
5.415243983E1,6.500000000E0
5.415506383E1,6.500000000E0
5.415768883E1,6.500000000E0
5.416031283E1,6.500000000E0
5.416293783E1,6.500000000E0
5.416556183E1,6.500000000E0
5.416818683E1,6.500000000E0
5.417081083E1,6.500000000E0
5.417343583E1,6.500000000E0
5.417605983E1,6.500000000E0
5.417868483E1,6.500000000E0
5.418130883E1,6.500000000E0
5.418393383E1,6.500000000E0
5.418655783E1,6.500000000E0
5.418918283E1,6.500000000E0
5.419180783E1,6.500000000E0
5.419443183E1,6.500000000E0
5.419705683E1,6.500000000E0
5.419968083E1,6.500000000E0
5.420230583E1,6.500000000E0
5.420492983E1,6.500000000E0
5.420755483E1,6.500000000E0
5.421017883E1,6.500000000E0
5.421280383E1,6.500000000E0
5.421542783E1,0.000000000E0
5.429153883E1,6.500000000E0
5.429416283E1,6.500000000E0
5.429678783E1,6.500000000E0
5.429941183E1,6.500000000E0
5.430203683E1,6.500000000E0
5.430466183E1,6.500000000E0
5.430728583E1,6.500000000E0
5.430991083E1,6.500000000E0
5.431253483E1,6.500000000E0
5.431515983E1,6.500000000E0
5.431778383E1,0.000000000E0
5.434140483E1,6.500000000E0
5.434402883E1,6.500000000E0
5.434665383E1,6.500000000E0
5.434927783E1,6.500000000E0
5.435190283E1,6.500000000E0
5.435452683E1,6.500000000E0
5.435715183E1,6.500000000E0
5.435977583E1,6.500000000E0
5.436240083E1,6.500000000E0
5.436502483E1,6.500000000E0
5.436764983E1,6.500000000E0
5.437027383E1,6.500000000E0
5.437289883E1,6.500000000E0
5.437552283E1,6.500000000E0
5.437814783E1,6.500000000E0
5.438077183E1,6.500000000E0
5.438339683E1,6.500000000E0
5.438602083E1,6.500000000E0
5.438864583E1,6.500000000E0
5.439126983E1,6.500000000E0
5.439389483E1,0.000000000E0
5.441751583E1,6.500000000E0
5.442013983E1,6.500000000E0
5.442276483E1,6.500000000E0
5.442538883E1,6.500000000E0
5.442801383E1,6.500000000E0
5.443063783E1,6.500000000E0
5.443326283E1,6.500000000E0
5.443588683E1,6.500000000E0
5.443851183E1,6.500000000E0
5.444113583E1,6.500000000E0
5.444376083E1,6.500000000E0
5.444638483E1,6.500000000E0
5.444900983E1,6.500000000E0
5.445163383E1,6.500000000E0
5.445425883E1,6.500000000E0
5.445688283E1,6.500000000E0
5.445950783E1,6.500000000E0
5.446213183E1,6.500000000E0
5.446475683E1,6.500000000E0
5.446738083E1,6.500000000E0
5.447000583E1,0.000000000E0
5.449362583E1,6.500000000E0
5.449625083E1,6.500000000E0
5.449887483E1,6.500000000E0
5.450149983E1,6.500000000E0
5.450412383E1,6.500000000E0
5.450674883E1,6.500000000E0
5.450937283E1,6.500000000E0
5.451199783E1,6.500000000E0
5.451462183E1,6.500000000E0
5.451724683E1,6.500000000E0
5.451987083E1,6.500000000E0
5.452249583E1,6.500000000E0
5.452512083E1,6.500000000E0
5.452774483E1,6.500000000E0
5.453036983E1,6.500000000E0
5.453299383E1,6.500000000E0
5.453561883E1,6.500000000E0
5.453824283E1,6.500000000E0
5.454086783E1,6.500000000E0
5.454349183E1,6.500000000E0
5.454611683E1,6.500000000E0
5.454874083E1,6.500000000E0
5.455136583E1,6.500000000E0
5.455398983E1,6.500000000E0
5.455661483E1,6.500000000E0
5.455923883E1,6.500000000E0
5.456186383E1,6.500000000E0
5.456448783E1,6.500000000E0
5.456711283E1,6.500000000E0
5.456973683E1,6.500000000E0
5.457236183E1,6.500000000E0
5.457498583E1,6.500000000E0
5.457761083E1,6.500000000E0
5.458023483E1,6.500000000E0
5.458285983E1,6.500000000E0
5.458548383E1,6.500000000E0
5.458810883E1,6.500000000E0
5.459073283E1,6.500000000E0
5.459335783E1,6.500000000E0
5.459598183E1,0.000000000E0
5.462222683E1,6.500000000E0
5.462485183E1,6.500000000E0
5.462747583E1,6.500000000E0
5.463010083E1,6.500000000E0
5.463272483E1,6.500000000E0
5.463534983E1,6.500000000E0
5.463797483E1,6.500000000E0
5.464059883E1,6.500000000E0
5.464322383E1,6.500000000E0
5.464584783E1,6.500000000E0
5.464847283E1,0.000000000E0
5.467209283E1,6.500000000E0
5.467471783E1,6.500000000E0
5.467734183E1,6.500000000E0
5.467996683E1,6.500000000E0
5.468259083E1,6.500000000E0
5.468521583E1,6.500000000E0
5.468783983E1,6.500000000E0
5.469046483E1,6.500000000E0
5.469308883E1,6.500000000E0
5.469571383E1,6.500000000E0
5.469833783E1,0.000000000E0
5.472195883E1,6.500000000E0
5.472458283E1,6.500000000E0
5.472720783E1,6.500000000E0
5.472983183E1,6.500000000E0
5.473245683E1,6.500000000E0
5.473508083E1,6.500000000E0
5.473770583E1,6.500000000E0
5.474032983E1,6.500000000E0
5.474295483E1,6.500000000E0
5.474557883E1,6.500000000E0
5.474820383E1,6.500000000E0
5.475082883E1,6.500000000E0
5.475345283E1,6.500000000E0
5.475607783E1,6.500000000E0
5.475870183E1,6.500000000E0
5.476132683E1,6.500000000E0
5.476395083E1,6.500000000E0
5.476657583E1,6.500000000E0
5.476919983E1,6.500000000E0
5.477182483E1,6.500000000E0
5.477444883E1,6.500000000E0
5.477707383E1,6.500000000E0
5.477969783E1,6.500000000E0
5.478232283E1,6.500000000E0
5.478494683E1,6.500000000E0
5.478757183E1,6.500000000E0
5.479019583E1,6.500000000E0
5.479282083E1,6.500000000E0
5.479544483E1,6.500000000E0
5.479806983E1,6.500000000E0
5.480069383E1,6.500000000E0
5.480331883E1,6.500000000E0
5.480594283E1,6.500000000E0
5.480856783E1,6.500000000E0
5.481119183E1,6.500000000E0
5.481381683E1,6.500000000E0
5.481644083E1,6.500000000E0
5.481906583E1,6.500000000E0
5.482168983E1,6.500000000E0
5.482431483E1,6.500000000E0
5.482693883E1,6.500000000E0
5.482956383E1,6.500000000E0
5.483218783E1,6.500000000E0
5.483481283E1,6.500000000E0
5.483743683E1,6.500000000E0
5.484006183E1,6.500000000E0
5.484268583E1,6.500000000E0
5.484531083E1,6.500000000E0
5.484793483E1,6.500000000E0
5.485055983E1,6.500000000E0
5.485318383E1,6.500000000E0
5.485580883E1,6.500000000E0
5.485843283E1,6.500000000E0
5.486105783E1,6.500000000E0
5.486368283E1,6.500000000E0
5.486630683E1,6.500000000E0
5.486893183E1,6.500000000E0
5.487155583E1,6.500000000E0
5.487418083E1,6.500000000E0
5.487680483E1,0.000000000E0
5.490042583E1,6.500000000E0
5.490304983E1,6.500000000E0
5.490567483E1,6.500000000E0
5.490829883E1,6.500000000E0
5.491092383E1,6.500000000E0
5.491354783E1,6.500000000E0
5.491617283E1,6.500000000E0
5.491879683E1,6.500000000E0
5.492142183E1,6.500000000E0
5.492404583E1,6.500000000E0
5.492667083E1,6.500000000E0
5.492929483E1,6.500000000E0
5.493191983E1,6.500000000E0
5.493454383E1,6.500000000E0
5.493716883E1,6.500000000E0
5.493979283E1,6.500000000E0
5.494241783E1,6.500000000E0
5.494504183E1,6.500000000E0
5.494766683E1,6.500000000E0
5.495029083E1,6.500000000E0
5.495291583E1,6.500000000E0
5.495553983E1,6.500000000E0
5.495816483E1,6.500000000E0
5.496078883E1,6.500000000E0
5.496341383E1,6.500000000E0
5.496603783E1,6.500000000E0
5.496866283E1,6.500000000E0
5.497128683E1,6.500000000E0
5.497391183E1,6.500000000E0
5.497653683E1,6.500000000E0
5.497916083E1,6.500000000E0
5.498178583E1,6.500000000E0
5.498440983E1,6.500000000E0
5.498703483E1,6.500000000E0
5.498965883E1,6.500000000E0
5.499228383E1,6.500000000E0
5.499490783E1,6.500000000E0
5.499753283E1,6.500000000E0
5.500015683E1,6.500000000E0
5.500278183E1,6.500000000E0
5.500540583E1,6.500000000E0
5.500803083E1,6.500000000E0
5.501065483E1,6.500000000E0
5.501327983E1,6.500000000E0
5.501590383E1,6.500000000E0
5.501852883E1,6.500000000E0
5.502115283E1,6.500000000E0
5.502377783E1,6.500000000E0
5.502640183E1,6.500000000E0
5.502902683E1,6.500000000E0
5.503165083E1,6.500000000E0
5.503427583E1,6.500000000E0
5.503689983E1,6.500000000E0
5.503952483E1,6.500000000E0
5.504214883E1,6.500000000E0
5.504477383E1,6.500000000E0
5.504739783E1,6.500000000E0
5.505002283E1,6.500000000E0
5.505264683E1,6.500000000E0
5.505527183E1,6.500000000E0
5.505789583E1,6.500000000E0
5.506052083E1,6.500000000E0
5.506314483E1,6.500000000E0
5.506576983E1,6.500000000E0
5.506839383E1,6.500000000E0
5.507101883E1,6.500000000E0
5.507364283E1,6.500000000E0
5.507626783E1,6.500000000E0
5.507889183E1,0.000000000E0
5.510513783E1,6.500000000E0
5.510776183E1,6.500000000E0
5.511038683E1,6.500000000E0
5.511301083E1,6.500000000E0
5.511563583E1,6.500000000E0
5.511825983E1,6.500000000E0
5.512088483E1,6.500000000E0
5.512350883E1,6.500000000E0
5.512613383E1,6.500000000E0
5.512875783E1,6.500000000E0
5.513138283E1,6.500000000E0
5.513400683E1,6.500000000E0
5.513663183E1,6.500000000E0
5.513925583E1,6.500000000E0
5.514188083E1,6.500000000E0
5.514450483E1,6.500000000E0
5.514712983E1,6.500000000E0
5.514975383E1,6.500000000E0
5.515237883E1,6.500000000E0
5.515500283E1,6.500000000E0
5.515762783E1,6.500000000E0
5.516025183E1,6.500000000E0
5.516287683E1,6.500000000E0
5.516550083E1,6.500000000E0
5.516812583E1,6.500000000E0
5.517074983E1,6.500000000E0
5.517337483E1,6.500000000E0
5.517599883E1,6.500000000E0
5.517862383E1,6.500000000E0
5.518124783E1,0.000000000E0
5.520749383E1,6.500000000E0
5.521011783E1,6.500000000E0
5.521274283E1,6.500000000E0
5.521536683E1,6.500000000E0
5.521799183E1,6.500000000E0
5.522061583E1,6.500000000E0
5.522324083E1,6.500000000E0
5.522586483E1,6.500000000E0
5.522848983E1,6.500000000E0
5.523111383E1,6.500000000E0
5.523373883E1,6.500000000E0
5.523636283E1,6.500000000E0
5.523898783E1,6.500000000E0
5.524161183E1,6.500000000E0
5.524423683E1,6.500000000E0
5.524686083E1,6.500000000E0
5.524948583E1,6.500000000E0
5.525210983E1,6.500000000E0
5.525473483E1,6.500000000E0
5.525735883E1,6.500000000E0
5.525998383E1,6.500000000E0
5.526260783E1,6.500000000E0
5.526523283E1,6.500000000E0
5.526785683E1,6.500000000E0
5.527048183E1,6.500000000E0
5.527310583E1,6.500000000E0
5.527573083E1,6.500000000E0
5.527835483E1,6.500000000E0
5.528097983E1,6.500000000E0
5.528360383E1,6.500000000E0
5.528622883E1,6.500000000E0
5.528885283E1,6.500000000E0
5.529147783E1,6.500000000E0
5.529410183E1,6.500000000E0
5.529672683E1,6.500000000E0
5.529935083E1,6.500000000E0
5.530197583E1,6.500000000E0
5.530459983E1,6.500000000E0
5.530722483E1,6.500000000E0
5.530984983E1,6.500000000E0
5.531247383E1,6.500000000E0
5.531509883E1,6.500000000E0
5.531772283E1,6.500000000E0
5.532034783E1,6.500000000E0
5.532297183E1,6.500000000E0
5.532559683E1,6.500000000E0
5.532822083E1,6.500000000E0
5.533084583E1,6.500000000E0
5.533346983E1,6.500000000E0
5.533609483E1,0.000000000E0
5.535971483E1,6.500000000E0
5.536233983E1,6.500000000E0
5.536496383E1,6.500000000E0
5.536758883E1,6.500000000E0
5.537021283E1,6.500000000E0
5.537283783E1,6.500000000E0
5.537546183E1,6.500000000E0
5.537808683E1,6.500000000E0
5.538071083E1,6.500000000E0
5.538333583E1,6.500000000E0
5.538595983E1,6.500000000E0
5.538858483E1,6.500000000E0
5.539120883E1,6.500000000E0
5.539383383E1,6.500000000E0
5.539645783E1,6.500000000E0
5.539908283E1,6.500000000E0
5.540170683E1,6.500000000E0
5.540433183E1,6.500000000E0
5.540695583E1,6.500000000E0
5.540958083E1,6.500000000E0
5.541220483E1,6.500000000E0
5.541482983E1,6.500000000E0
5.541745383E1,6.500000000E0
5.542007883E1,6.500000000E0
5.542270383E1,6.500000000E0
5.542532783E1,6.500000000E0
5.542795283E1,6.500000000E0
5.543057683E1,6.500000000E0
5.543320183E1,6.500000000E0
5.543582583E1,6.500000000E0
5.543845083E1,6.500000000E0
5.544107483E1,6.500000000E0
5.544369983E1,6.500000000E0
5.544632383E1,6.500000000E0
5.544894883E1,6.500000000E0
5.545157283E1,6.500000000E0
5.545419783E1,6.500000000E0
5.545682183E1,6.500000000E0
5.545944683E1,6.500000000E0
5.546207083E1,0.000000000E0
5.548831583E1,6.500000000E0
5.549094083E1,6.500000000E0
5.549356483E1,6.500000000E0
5.549618983E1,6.500000000E0
5.549881383E1,6.500000000E0
5.550143883E1,6.500000000E0
5.550406283E1,6.500000000E0
5.550668783E1,6.500000000E0
5.550931183E1,6.500000000E0
5.551193683E1,0.000000000E0
5.553818183E1,6.500000000E0
5.554080683E1,6.500000000E0
5.554343083E1,6.500000000E0
5.554605583E1,6.500000000E0
5.554867983E1,6.500000000E0
5.555130483E1,6.500000000E0
5.555392883E1,6.500000000E0
5.555655383E1,6.500000000E0
5.555917783E1,6.500000000E0
5.556180283E1,6.500000000E0
5.556442683E1,6.500000000E0
5.556705183E1,6.500000000E0
5.556967583E1,6.500000000E0
5.557230083E1,6.500000000E0
5.557492483E1,6.500000000E0
5.557754983E1,6.500000000E0
5.558017383E1,6.500000000E0
5.558279883E1,6.500000000E0
5.558542283E1,6.500000000E0
5.558804783E1,6.500000000E0
5.559067183E1,6.500000000E0
5.559329683E1,6.500000000E0
5.559592083E1,6.500000000E0
5.559854583E1,6.500000000E0
5.560116983E1,6.500000000E0
5.560379483E1,6.500000000E0
5.560641883E1,6.500000000E0
5.560904383E1,6.500000000E0
5.561166783E1,6.500000000E0
5.561429283E1,6.500000000E0
5.561691683E1,6.500000000E0
5.561954183E1,6.500000000E0
5.562216583E1,6.500000000E0
5.562479083E1,6.500000000E0
5.562741483E1,6.500000000E0
5.563003983E1,6.500000000E0
5.563266383E1,6.500000000E0
5.563528883E1,6.500000000E0
5.563791283E1,6.500000000E0
5.564053783E1,6.500000000E0
5.564316183E1,6.500000000E0
5.564578683E1,6.500000000E0
5.564841183E1,6.500000000E0
5.565103583E1,6.500000000E0
5.565366083E1,6.500000000E0
5.565628483E1,6.500000000E0
5.565890983E1,6.500000000E0
5.566153383E1,6.500000000E0
5.566415883E1,6.500000000E0
5.566678283E1,6.500000000E0
5.566940783E1,6.500000000E0
5.567203183E1,6.500000000E0
5.567465683E1,6.500000000E0
5.567728083E1,6.500000000E0
5.567990583E1,6.500000000E0
5.568252983E1,6.500000000E0
5.568515483E1,6.500000000E0
5.568777883E1,6.500000000E0
5.569040383E1,6.500000000E0
5.569302783E1,6.500000000E0
5.569565283E1,6.500000000E0
5.569827683E1,6.500000000E0
5.570090183E1,6.500000000E0
5.570352583E1,6.500000000E0
5.570615083E1,6.500000000E0
5.570877483E1,6.500000000E0
5.571139983E1,6.500000000E0
5.571402383E1,6.500000000E0
5.571664883E1,6.500000000E0
5.571927283E1,6.500000000E0
5.572189783E1,6.500000000E0
5.572452183E1,6.500000000E0
5.572714683E1,6.500000000E0
5.572977083E1,6.500000000E0
5.573239583E1,6.500000000E0
5.573501983E1,6.500000000E0
5.573764483E1,6.500000000E0
5.574026883E1,6.500000000E0
5.574289383E1,6.500000000E0
5.574551783E1,6.500000000E0
5.574814283E1,6.500000000E0
5.575076683E1,6.500000000E0
5.575339183E1,6.500000000E0
5.575601683E1,6.500000000E0
5.575864083E1,6.500000000E0
5.576126583E1,6.500000000E0
5.576388983E1,6.500000000E0
5.576651483E1,6.500000000E0
5.576913883E1,6.500000000E0
5.577176383E1,6.500000000E0
5.577438783E1,6.500000000E0
5.577701283E1,6.500000000E0
5.577963683E1,6.500000000E0
5.578226183E1,6.500000000E0
5.578488583E1,6.500000000E0
5.578751083E1,6.500000000E0
5.579013483E1,6.500000000E0
5.579275983E1,0.000000000E0
5.584524983E1,6.500000000E0
5.584787383E1,6.500000000E0
5.585049883E1,6.500000000E0
5.585312283E1,6.500000000E0
5.585574783E1,6.500000000E0
5.585837183E1,6.500000000E0
5.586099683E1,6.500000000E0
5.586362083E1,6.500000000E0
5.586624583E1,6.500000000E0
5.586887083E1,0.000000000E0
5.589511583E1,6.500000000E0
5.589773983E1,6.500000000E0
5.590036483E1,6.500000000E0
5.590298883E1,6.500000000E0
5.590561383E1,6.500000000E0
5.590823783E1,6.500000000E0
5.591086283E1,6.500000000E0
5.591348683E1,6.500000000E0
5.591611183E1,6.500000000E0
5.591873583E1,6.500000000E0
5.592136083E1,6.500000000E0
5.592398483E1,6.500000000E0
5.592660983E1,6.500000000E0
5.592923383E1,6.500000000E0
5.593185883E1,6.500000000E0
5.593448283E1,6.500000000E0
5.593710783E1,6.500000000E0
5.593973183E1,6.500000000E0
5.594235683E1,6.500000000E0
5.594498083E1,0.000000000E0
5.597122583E1,6.500000000E0
5.597385083E1,6.500000000E0
5.597647483E1,6.500000000E0
5.597909983E1,6.500000000E0
5.598172483E1,6.500000000E0
5.598434883E1,6.500000000E0
5.598697383E1,6.500000000E0
5.598959783E1,6.500000000E0
5.599222283E1,6.500000000E0
5.599484683E1,6.500000000E0
5.599747183E1,6.500000000E0
5.600009583E1,6.500000000E0
5.600272083E1,6.500000000E0
5.600534483E1,6.500000000E0
5.600796983E1,6.500000000E0
5.601059383E1,6.500000000E0
5.601321883E1,6.500000000E0
5.601584283E1,6.500000000E0
5.601846783E1,6.500000000E0
5.602109183E1,6.500000000E0
5.602371683E1,6.500000000E0
5.602634083E1,6.500000000E0
5.602896583E1,6.500000000E0
5.603158983E1,6.500000000E0
5.603421483E1,6.500000000E0
5.603683883E1,6.500000000E0
5.603946383E1,6.500000000E0
5.604208783E1,6.500000000E0
5.604471283E1,6.500000000E0
5.604733683E1,0.000000000E0
5.607358183E1,6.500000000E0
5.607620683E1,6.500000000E0
5.607883083E1,6.500000000E0
5.608145583E1,6.500000000E0
5.608407983E1,6.500000000E0
5.608670483E1,6.500000000E0
5.608932883E1,6.500000000E0
5.609195383E1,6.500000000E0
5.609457883E1,6.500000000E0
5.609720283E1,6.500000000E0
5.609982783E1,6.500000000E0
5.610245183E1,6.500000000E0
5.610507683E1,6.500000000E0
5.610770083E1,6.500000000E0
5.611032583E1,6.500000000E0
5.611294983E1,6.500000000E0
5.611557483E1,6.500000000E0
5.611819883E1,6.500000000E0
5.612082383E1,6.500000000E0
5.612344783E1,6.500000000E0
5.612607283E1,6.500000000E0
5.612869683E1,6.500000000E0
5.613132183E1,6.500000000E0
5.613394583E1,6.500000000E0
5.613657083E1,6.500000000E0
5.613919483E1,6.500000000E0
5.614181983E1,6.500000000E0
5.614444383E1,6.500000000E0
5.614706883E1,6.500000000E0
5.614969283E1,0.000000000E0
5.619955883E1,6.500000000E0
5.620218283E1,6.500000000E0
5.620480783E1,6.500000000E0
5.620658546E1,6.500000000E0
5.621336461E1,6.500000000E0
5.622349661E1,6.500000000E0
5.623362861E1,6.500000000E0
5.623628361E1,6.500000000E0
5.623890861E1,6.500000000E0
5.624153261E1,6.500000000E0
5.624415761E1,6.500000000E0
5.624678161E1,6.500000000E0
5.624940661E1,6.500000000E0
5.625203061E1,6.500000000E0
5.625465561E1,6.500000000E0
5.625727961E1,6.500000000E0
5.625990461E1,6.500000000E0
5.626252861E1,6.500000000E0
5.626515361E1,6.500000000E0
5.626777761E1,6.500000000E0
5.627040261E1,6.500000000E0
5.627302661E1,6.500000000E0
5.627565161E1,6.500000000E0
5.627827561E1,6.500000000E0
5.628090061E1,6.500000000E0
5.628352461E1,6.500000000E0
5.628614961E1,6.500000000E0
5.628877361E1,6.500000000E0
5.629139861E1,6.500000000E0
5.629402261E1,6.500000000E0
5.629664761E1,6.500000000E0
5.629927161E1,6.500000000E0
5.630189661E1,6.500000000E0
5.630452061E1,6.500000000E0
5.630714561E1,6.500000000E0
5.630976961E1,6.500000000E0
5.631239461E1,6.500000000E0
5.631501861E1,6.500000000E0
5.631764361E1,6.500000000E0
5.632026761E1,6.500000000E0
5.632289261E1,6.500000000E0
5.632551661E1,6.500000000E0
5.632814161E1,6.500000000E0
5.633076561E1,6.500000000E0
5.633339061E1,6.500000000E0
5.633601461E1,6.500000000E0
5.633863961E1,6.500000000E0
5.634126461E1,6.500000000E0
5.634388861E1,6.500000000E0
5.634651361E1,6.500000000E0
5.634913761E1,6.500000000E0
5.635176261E1,6.500000000E0
5.635438661E1,6.500000000E0
5.635701161E1,6.500000000E0
5.635963561E1,6.500000000E0
5.636226061E1,6.500000000E0
5.636488461E1,6.500000000E0
5.636750961E1,6.500000000E0
5.637013361E1,6.500000000E0
5.637275861E1,6.500000000E0
5.637538261E1,6.500000000E0
5.637800761E1,6.500000000E0
5.638063161E1,6.500000000E0
5.638325661E1,6.500000000E0
5.638588061E1,6.500000000E0
5.638850561E1,6.500000000E0
5.639112961E1,6.500000000E0
5.639375461E1,6.500000000E0
5.639637861E1,6.500000000E0
5.639900361E1,6.500000000E0
5.640162761E1,6.500000000E0
5.640425261E1,6.500000000E0
5.640687661E1,6.500000000E0
5.640950161E1,6.500000000E0
5.641212561E1,6.500000000E0
5.641475061E1,6.500000000E0
5.641737461E1,6.500000000E0
5.641999961E1,6.500000000E0
5.642262361E1,6.500000000E0
5.642524861E1,6.500000000E0
5.642787261E1,6.500000000E0
5.643049761E1,6.500000000E0
5.643312161E1,6.500000000E0
5.643574661E1,6.500000000E0
5.643837061E1,6.500000000E0
5.644099561E1,6.500000000E0
5.644361961E1,6.500000000E0
5.644624461E1,6.500000000E0
5.644886861E1,6.500000000E0
5.645149361E1,6.500000000E0
5.645411861E1,6.500000000E0
5.645674261E1,6.500000000E0
5.645936761E1,6.500000000E0
5.646199161E1,6.500000000E0
5.646461661E1,6.500000000E0
5.646724061E1,6.500000000E0
5.646986561E1,6.500000000E0
5.647248961E1,6.500000000E0
5.647511461E1,6.500000000E0
5.647773861E1,6.500000000E0
5.648036361E1,6.500000000E0
5.648298761E1,6.500000000E0
5.648561261E1,6.500000000E0
5.648823661E1,6.500000000E0
5.649086161E1,6.500000000E0
5.649348561E1,6.500000000E0
5.649611061E1,6.500000000E0
5.649873461E1,6.500000000E0
5.650135961E1,6.500000000E0
5.650398361E1,6.500000000E0
5.650660861E1,6.500000000E0
5.650923261E1,6.500000000E0
5.651185761E1,6.500000000E0
5.651448161E1,6.500000000E0
5.651710661E1,6.500000000E0
5.651973061E1,6.500000000E0
5.652235561E1,6.500000000E0
5.652497961E1,6.500000000E0
5.652760461E1,6.500000000E0
5.653022861E1,6.500000000E0
5.653285361E1,6.500000000E0
5.653547761E1,6.500000000E0
5.653810261E1,6.500000000E0
5.654072661E1,6.500000000E0
5.654335161E1,6.500000000E0
5.654597561E1,6.500000000E0
5.654860061E1,6.500000000E0
5.655122461E1,6.500000000E0
5.655384961E1,6.500000000E0
5.655647361E1,6.500000000E0
5.655909861E1,6.500000000E0
5.656172261E1,6.500000000E0
5.656434761E1,6.500000000E0
5.656697261E1,6.500000000E0
5.656959661E1,6.500000000E0
5.657222161E1,6.500000000E0
5.657484561E1,6.500000000E0
5.657747061E1,6.500000000E0
5.658009461E1,6.500000000E0
5.658271961E1,6.500000000E0
5.658534361E1,6.500000000E0
5.658796861E1,6.500000000E0
5.659059261E1,6.500000000E0
5.659321761E1,6.500000000E0
5.659584161E1,6.500000000E0
5.659846661E1,6.500000000E0
5.660109061E1,6.500000000E0
5.660371561E1,6.500000000E0
5.660633961E1,6.500000000E0
5.660896461E1,6.500000000E0
5.661158861E1,6.500000000E0
5.661421361E1,6.500000000E0
5.661683761E1,6.500000000E0
5.661946261E1,6.500000000E0
5.662208661E1,6.500000000E0
5.662471161E1,6.500000000E0
5.662733561E1,6.500000000E0
5.662996061E1,6.500000000E0
5.663258461E1,6.500000000E0
5.663520961E1,6.500000000E0
5.663783361E1,6.500000000E0
5.664045861E1,6.500000000E0
5.664308261E1,6.500000000E0
5.664570761E1,6.500000000E0
5.664833161E1,6.500000000E0
5.665095661E1,6.500000000E0
5.665358061E1,6.500000000E0
5.665620561E1,6.500000000E0
5.665882961E1,6.500000000E0
5.666145461E1,6.500000000E0
5.666407861E1,6.500000000E0
5.666670361E1,6.500000000E0
5.666932761E1,6.500000000E0
5.667195261E1,6.500000000E0
5.667457761E1,6.500000000E0
5.667720161E1,6.500000000E0
5.667982661E1,6.500000000E0
5.668245061E1,6.500000000E0
5.668507561E1,6.500000000E0
5.668769961E1,6.500000000E0
5.669032461E1,6.500000000E0
5.669294861E1,6.500000000E0
5.669557361E1,6.500000000E0
5.669819761E1,6.500000000E0
5.670082261E1,6.500000000E0
5.670344661E1,6.500000000E0
5.670607161E1,6.500000000E0
5.670869561E1,6.500000000E0
5.671132061E1,6.500000000E0
5.671394461E1,6.500000000E0
5.671656961E1,6.500000000E0
5.671919361E1,6.500000000E0
5.672181861E1,6.500000000E0
5.672444261E1,6.500000000E0
5.672706761E1,6.500000000E0
5.672969161E1,6.500000000E0
5.673231661E1,6.500000000E0
5.673494061E1,6.500000000E0
5.673756561E1,6.500000000E0
5.674018961E1,6.500000000E0
5.674281461E1,6.500000000E0
5.674543861E1,6.500000000E0
5.674806361E1,6.500000000E0
5.675068761E1,6.500000000E0
5.675331261E1,6.500000000E0
5.675593661E1,6.500000000E0
5.675856161E1,6.500000000E0
5.676118561E1,6.500000000E0
5.676381061E1,6.500000000E0
5.676643461E1,6.500000000E0
5.676905961E1,6.500000000E0
5.677168361E1,6.500000000E0
5.677430861E1,6.500000000E0
5.677693261E1,6.500000000E0
5.677955761E1,6.500000000E0
5.678218161E1,6.500000000E0
5.678480661E1,6.500000000E0
5.678743161E1,6.500000000E0
5.679005561E1,6.500000000E0
5.679268061E1,6.500000000E0
5.679530461E1,6.500000000E0
5.679792961E1,6.500000000E0
5.680055361E1,6.500000000E0
5.680317861E1,6.500000000E0
5.680580261E1,6.500000000E0
5.680842761E1,6.500000000E0
5.681105161E1,6.500000000E0
5.681367661E1,6.500000000E0
5.681630061E1,6.500000000E0
5.681892561E1,6.500000000E0
5.682154961E1,6.500000000E0
5.682417461E1,6.500000000E0
5.682679861E1,6.500000000E0
5.682942361E1,6.500000000E0
5.683204761E1,6.500000000E0
5.683467261E1,6.500000000E0
5.683729661E1,6.500000000E0
5.683992161E1,6.500000000E0
5.684254561E1,6.500000000E0
5.684517061E1,6.500000000E0
5.684779461E1,6.500000000E0
5.685041961E1,6.500000000E0
5.685304361E1,6.500000000E0
5.685566861E1,6.500000000E0
5.685829261E1,6.500000000E0
5.686091761E1,6.500000000E0
5.686354161E1,6.500000000E0
5.686616661E1,6.500000000E0
5.686879061E1,6.500000000E0
5.687141561E1,6.500000000E0
5.687403961E1,6.500000000E0
5.687666461E1,6.500000000E0
5.687928861E1,6.500000000E0
5.688191361E1,6.500000000E0
5.688453761E1,6.500000000E0
5.688716261E1,6.500000000E0
5.688978661E1,6.500000000E0
5.689241161E1,6.500000000E0
5.689503561E1,6.500000000E0
5.689766061E1,6.500000000E0
5.690028561E1,6.500000000E0
5.690290961E1,6.500000000E0
5.690553461E1,6.500000000E0
5.690815861E1,6.500000000E0
5.691078361E1,6.500000000E0
5.691340761E1,6.500000000E0
5.691603261E1,6.500000000E0
5.691865661E1,6.500000000E0
5.692128161E1,6.500000000E0
5.692390561E1,6.500000000E0
5.692653061E1,6.500000000E0
5.692915461E1,6.500000000E0
5.693177961E1,6.500000000E0
5.693440361E1,6.500000000E0
5.693702861E1,6.500000000E0
5.693965261E1,6.500000000E0
5.694227761E1,6.500000000E0
5.694490161E1,6.500000000E0
5.694752661E1,6.500000000E0
5.695015061E1,6.500000000E0
5.695277561E1,6.500000000E0
5.695539961E1,6.500000000E0
5.695802461E1,6.500000000E0
5.696064861E1,6.500000000E0
5.696327361E1,6.500000000E0
5.696589761E1,6.500000000E0
5.696852261E1,6.500000000E0
5.697114661E1,6.500000000E0
5.697377161E1,6.500000000E0
5.697639561E1,6.500000000E0
5.697902061E1,6.500000000E0
5.698164461E1,6.500000000E0
5.698426961E1,6.500000000E0
5.698689361E1,6.500000000E0
5.698951861E1,6.500000000E0
5.699214261E1,6.500000000E0
5.699476761E1,6.500000000E0
5.699739161E1,6.500000000E0
5.700001661E1,6.500000000E0
5.700264061E1,6.500000000E0
5.700526561E1,6.500000000E0
5.700788961E1,6.500000000E0
5.701051461E1,6.500000000E0
5.701313961E1,6.500000000E0
5.701576361E1,6.500000000E0
5.701838861E1,6.500000000E0
5.702101261E1,6.500000000E0
5.702363761E1,6.500000000E0
5.702626161E1,6.500000000E0
5.702888661E1,6.500000000E0
5.703151061E1,6.500000000E0
5.703413561E1,6.500000000E0
5.703675961E1,6.500000000E0
5.703938461E1,6.500000000E0
5.704200861E1,6.500000000E0
5.704463361E1,6.500000000E0
5.704725761E1,6.500000000E0
5.704988261E1,6.500000000E0
5.705250661E1,6.500000000E0
5.705513161E1,6.500000000E0
5.705775561E1,6.500000000E0
5.706038061E1,6.500000000E0
5.706300461E1,6.500000000E0
5.706562961E1,6.500000000E0
5.706825361E1,6.500000000E0
5.707087861E1,6.500000000E0
5.707350261E1,6.500000000E0
5.707612761E1,6.500000000E0
5.707875161E1,6.500000000E0
5.708137661E1,6.500000000E0
5.708400061E1,6.500000000E0
5.708662561E1,6.500000000E0
5.708924961E1,6.500000000E0
5.709187461E1,6.500000000E0
5.709449861E1,6.500000000E0
5.709712361E1,6.500000000E0
5.709974761E1,6.500000000E0
5.710237261E1,6.500000000E0
5.710499661E1,6.500000000E0
5.710762161E1,6.500000000E0
5.711024561E1,6.500000000E0
5.711287061E1,6.500000000E0
5.711549461E1,6.500000000E0
5.711811961E1,6.500000000E0
5.712074361E1,6.500000000E0
5.712336861E1,6.500000000E0
5.712599361E1,6.500000000E0
5.712861761E1,6.500000000E0
5.713124261E1,6.500000000E0
5.713386661E1,6.500000000E0
5.713649161E1,6.500000000E0
5.713911561E1,6.500000000E0
5.714174061E1,6.500000000E0
5.714436461E1,6.500000000E0
5.714698961E1,6.500000000E0
5.714961361E1,6.500000000E0
5.715223861E1,6.500000000E0
5.715486261E1,6.500000000E0
5.715748761E1,6.500000000E0
5.716011161E1,6.500000000E0
5.716273661E1,6.500000000E0
5.716536061E1,6.500000000E0
5.716798561E1,6.500000000E0
5.717060961E1,6.500000000E0
5.717323461E1,6.500000000E0
5.717585861E1,6.500000000E0
5.717848361E1,6.500000000E0
5.718110761E1,6.500000000E0
5.718373261E1,6.500000000E0
5.718635661E1,6.500000000E0
5.718898161E1,6.500000000E0
5.719160561E1,6.500000000E0
5.719423061E1,6.500000000E0
5.719685461E1,6.500000000E0
5.719947961E1,6.500000000E0
5.720210361E1,6.500000000E0
5.720472861E1,6.500000000E0
5.720735261E1,6.500000000E0
5.720997761E1,6.500000000E0
5.721260161E1,6.500000000E0
5.721522661E1,6.500000000E0
5.721785061E1,6.500000000E0
5.722047561E1,6.500000000E0
5.722309961E1,6.500000000E0
5.722572461E1,6.500000000E0
5.722834861E1,6.500000000E0
5.723097361E1,6.500000000E0
5.723359761E1,6.500000000E0
5.723622261E1,6.500000000E0
5.723884761E1,6.500000000E0
5.724147161E1,6.500000000E0
5.724409661E1,6.500000000E0
5.724672061E1,6.500000000E0
5.724934561E1,6.500000000E0
5.725196961E1,6.500000000E0
5.725459461E1,6.500000000E0
5.725721861E1,6.500000000E0
5.725984361E1,6.500000000E0
5.726246761E1,6.500000000E0
5.726509261E1,6.500000000E0
5.726771661E1,6.500000000E0
5.727034161E1,6.500000000E0
5.727296561E1,6.500000000E0
5.727559061E1,6.500000000E0
5.727821461E1,6.500000000E0
5.728083961E1,6.500000000E0
5.728346361E1,6.500000000E0
5.728608861E1,6.500000000E0
5.728871261E1,6.500000000E0
5.729133761E1,6.500000000E0
5.729396161E1,6.500000000E0
5.729658661E1,6.500000000E0
5.729921061E1,6.500000000E0
5.730183561E1,6.500000000E0
5.730445961E1,6.500000000E0
5.730708461E1,6.500000000E0
5.730970861E1,6.500000000E0
5.731233361E1,6.500000000E0
5.731495761E1,6.500000000E0
5.731758261E1,6.500000000E0
5.732020661E1,6.500000000E0
5.732283161E1,6.500000000E0
5.732545561E1,6.500000000E0
5.732808061E1,6.500000000E0
5.733070461E1,6.500000000E0
5.733332961E1,6.500000000E0
5.733595361E1,6.500000000E0
5.733857861E1,6.500000000E0
5.734120261E1,6.500000000E0
5.734382761E1,6.500000000E0
5.734645261E1,6.500000000E0
5.734907661E1,6.500000000E0
5.735170161E1,6.500000000E0
5.735432561E1,6.500000000E0
5.735695061E1,6.500000000E0
5.735957461E1,6.500000000E0
5.736219961E1,6.500000000E0
5.736482361E1,6.500000000E0
5.736744861E1,6.500000000E0
5.737007261E1,6.500000000E0
5.737269761E1,6.500000000E0
5.737532161E1,6.500000000E0
5.737794661E1,6.500000000E0
5.738057061E1,6.500000000E0
5.738319561E1,6.500000000E0
5.738581961E1,6.500000000E0
5.738844461E1,6.500000000E0
5.739106861E1,6.500000000E0
5.739369361E1,6.500000000E0
5.739631761E1,6.500000000E0
5.739894261E1,6.500000000E0
5.740156661E1,6.500000000E0
5.740419161E1,6.500000000E0
5.740681561E1,6.500000000E0
5.740944061E1,6.500000000E0
5.741206461E1,6.500000000E0
5.741468961E1,6.500000000E0
5.741731361E1,6.500000000E0
5.741993861E1,6.500000000E0
5.742256261E1,6.500000000E0
5.742518761E1,6.500000000E0
5.742781161E1,6.500000000E0
5.743043661E1,6.500000000E0
5.743306061E1,6.500000000E0
5.743568561E1,6.500000000E0
5.743830961E1,6.500000000E0
5.744093461E1,6.500000000E0
5.744355861E1,6.500000000E0
5.744618361E1,6.500000000E0
5.744880761E1,6.500000000E0
5.745143261E1,6.500000000E0
5.745405661E1,6.500000000E0
5.745668161E1,6.500000000E0
5.745930661E1,6.500000000E0
5.746193061E1,6.500000000E0
5.746455561E1,6.500000000E0
5.746717961E1,6.500000000E0
5.746980461E1,6.500000000E0
5.747242861E1,6.500000000E0
5.747505361E1,6.500000000E0
5.747767761E1,6.500000000E0
5.748030261E1,6.500000000E0
5.748292661E1,6.500000000E0
5.748555161E1,6.500000000E0
5.748817561E1,6.500000000E0
5.749080061E1,6.500000000E0
5.749342461E1,6.500000000E0
5.749604961E1,6.500000000E0
5.749867361E1,6.500000000E0
5.750129861E1,6.500000000E0
5.750392261E1,6.500000000E0
5.750654761E1,6.500000000E0
5.750917161E1,6.500000000E0
5.751179661E1,6.500000000E0
5.751442061E1,6.500000000E0
5.751704561E1,6.500000000E0
5.751966961E1,6.500000000E0
5.752229461E1,6.500000000E0
5.752491861E1,6.500000000E0
5.752754361E1,6.500000000E0
5.753016761E1,6.500000000E0
5.753279261E1,6.500000000E0
5.753541661E1,6.500000000E0
5.753804161E1,6.500000000E0
5.754066561E1,6.500000000E0
5.754329061E1,6.500000000E0
5.754591461E1,6.500000000E0
5.754853961E1,6.500000000E0
5.755116361E1,6.500000000E0
5.755378861E1,6.500000000E0
5.755641261E1,6.500000000E0
5.755903761E1,6.500000000E0
5.756166161E1,6.500000000E0
5.756428661E1,6.500000000E0
5.756691061E1,6.500000000E0
5.756953561E1,6.500000000E0
5.757216061E1,6.500000000E0
5.757478461E1,6.500000000E0
5.757740961E1,6.500000000E0
5.758003361E1,6.500000000E0
5.758265861E1,6.500000000E0
5.758528261E1,6.500000000E0
5.758790761E1,6.500000000E0
5.759053161E1,6.500000000E0
5.759315661E1,6.500000000E0
5.759578061E1,6.500000000E0
5.759840561E1,6.500000000E0
5.760102961E1,6.500000000E0
5.760365461E1,6.500000000E0
5.760627861E1,6.500000000E0
5.760890361E1,6.500000000E0
5.761152761E1,6.500000000E0
5.761415261E1,6.500000000E0
5.761677661E1,6.500000000E0
5.761940161E1,6.500000000E0
5.762202561E1,6.500000000E0
5.762465061E1,6.500000000E0
5.762727461E1,6.500000000E0
5.762989961E1,6.500000000E0
5.763252361E1,6.500000000E0
5.763514861E1,6.500000000E0
5.763777261E1,6.500000000E0
5.764039761E1,6.500000000E0
5.764302161E1,6.500000000E0
5.764564661E1,6.500000000E0
5.764827061E1,6.500000000E0
5.765089561E1,6.500000000E0
5.765351961E1,6.500000000E0
5.765614461E1,6.500000000E0
5.765876861E1,6.500000000E0
5.766139361E1,6.500000000E0
5.766401761E1,6.500000000E0
5.766664261E1,6.500000000E0
5.766926661E1,6.500000000E0
5.767189161E1,6.500000000E0
5.767451561E1,6.500000000E0
5.767714061E1,6.500000000E0
5.767976461E1,6.500000000E0
5.768238961E1,6.500000000E0
5.768501461E1,6.500000000E0
5.768763861E1,6.500000000E0
5.769026361E1,6.500000000E0
5.769288761E1,6.500000000E0
5.769551261E1,6.500000000E0
5.769813661E1,6.500000000E0
5.770076161E1,6.500000000E0
5.770338561E1,6.500000000E0
5.770601061E1,6.500000000E0
5.770863461E1,6.500000000E0
5.771125961E1,6.500000000E0
5.771388361E1,6.500000000E0
5.771650861E1,6.500000000E0
5.771913261E1,6.500000000E0
5.772175761E1,6.500000000E0
5.772438161E1,6.500000000E0
5.772700661E1,6.500000000E0
5.772963061E1,6.500000000E0
5.773225561E1,6.500000000E0
5.773487961E1,6.500000000E0
5.773750461E1,6.500000000E0
5.774012861E1,6.500000000E0
5.774275361E1,6.500000000E0
5.774537761E1,6.500000000E0
5.774800261E1,6.500000000E0
5.775062661E1,6.500000000E0
5.775325161E1,6.500000000E0
5.775587561E1,6.500000000E0
5.775850061E1,6.500000000E0
5.776112461E1,6.500000000E0
5.776374961E1,6.500000000E0
5.776637361E1,6.500000000E0
5.776899861E1,6.500000000E0
5.777162261E1,6.500000000E0
5.777424761E1,6.500000000E0
5.777687161E1,6.500000000E0
5.777949661E1,6.500000000E0
5.778212061E1,6.500000000E0
5.778474561E1,6.500000000E0
5.778736961E1,6.500000000E0
5.778999461E1,6.500000000E0
5.779261861E1,6.500000000E0
5.779524361E1,6.500000000E0
5.779786861E1,6.500000000E0
5.780049261E1,6.500000000E0
5.780311761E1,6.500000000E0
5.780574161E1,6.500000000E0
5.780836661E1,6.500000000E0
5.781099061E1,6.500000000E0
5.781361561E1,6.500000000E0
5.781623961E1,6.500000000E0
5.781886461E1,6.500000000E0
5.782148861E1,6.500000000E0
5.782411361E1,6.500000000E0
5.782673761E1,6.500000000E0
5.782936261E1,6.500000000E0
5.783198661E1,6.500000000E0
5.783461161E1,6.500000000E0
5.783723561E1,6.500000000E0
5.783986061E1,6.500000000E0
5.784248461E1,6.500000000E0
5.784510961E1,6.500000000E0
5.784773361E1,6.500000000E0
5.785035861E1,6.500000000E0
5.785298261E1,6.500000000E0
5.785560761E1,6.500000000E0
5.785823161E1,6.500000000E0
5.786085661E1,6.500000000E0
5.786348061E1,6.500000000E0
5.786610561E1,6.500000000E0
5.786872961E1,6.500000000E0
5.787135461E1,6.500000000E0
5.787397861E1,6.500000000E0
5.787660361E1,6.500000000E0
5.787922761E1,6.500000000E0
5.788185261E1,6.500000000E0
5.788447661E1,6.500000000E0
5.788710161E1,6.500000000E0
5.788972561E1,6.500000000E0
5.789235061E1,6.500000000E0
5.789497461E1,6.500000000E0
5.789759961E1,6.500000000E0
5.790022361E1,6.500000000E0
5.790284861E1,6.500000000E0
5.790547261E1,6.500000000E0
5.790809761E1,6.500000000E0
5.791072261E1,6.500000000E0
5.791334661E1,6.500000000E0
5.791597161E1,6.500000000E0
5.791859561E1,6.500000000E0
5.792122061E1,6.500000000E0
5.792384461E1,6.500000000E0
5.792646961E1,6.500000000E0
5.792909361E1,6.500000000E0
5.793171861E1,6.500000000E0
5.793434261E1,6.500000000E0
5.793696761E1,6.500000000E0
5.793959161E1,6.500000000E0
5.794221661E1,6.500000000E0
5.794484061E1,6.500000000E0
5.794746561E1,6.500000000E0
5.795008961E1,6.500000000E0
5.795271461E1,6.500000000E0
5.795533861E1,6.500000000E0
5.795796361E1,6.500000000E0
5.796058761E1,6.500000000E0
5.796321261E1,6.500000000E0
5.796583661E1,6.500000000E0
5.796846161E1,6.500000000E0
5.797108561E1,6.500000000E0
5.797371061E1,6.500000000E0
5.797633461E1,6.500000000E0
5.797895961E1,6.500000000E0
5.798158361E1,6.500000000E0
5.798420861E1,6.500000000E0
5.798683261E1,6.500000000E0
5.798945761E1,6.500000000E0
5.799208161E1,6.500000000E0
5.799470661E1,6.500000000E0
5.799733061E1,6.500000000E0
5.799995561E1,6.500000000E0
5.800257961E1,6.500000000E0
5.800520461E1,6.500000000E0
5.800782861E1,6.500000000E0
5.801045361E1,6.500000000E0
5.801307761E1,6.500000000E0
5.801570261E1,6.500000000E0
5.801832761E1,6.500000000E0
5.802095161E1,6.500000000E0
5.802357661E1,6.500000000E0
5.802620061E1,6.500000000E0
5.802882561E1,6.500000000E0
5.803144961E1,6.500000000E0
5.803407461E1,6.500000000E0
5.803669861E1,6.500000000E0
5.803932361E1,6.500000000E0
5.804194761E1,6.500000000E0
5.804457261E1,6.500000000E0
5.804719661E1,6.500000000E0
5.804982161E1,6.500000000E0
5.805244561E1,6.500000000E0
5.805507061E1,6.500000000E0
5.805769461E1,6.500000000E0
5.806031961E1,6.500000000E0
5.806294361E1,6.500000000E0
5.806556861E1,6.500000000E0
5.806819261E1,6.500000000E0
5.807081761E1,6.500000000E0
5.807344161E1,6.500000000E0
5.807606661E1,6.500000000E0
5.807869061E1,6.500000000E0
5.808131561E1,6.500000000E0
5.808393961E1,6.500000000E0
5.808656461E1,6.500000000E0
5.808918861E1,6.500000000E0
5.809181361E1,6.500000000E0
5.809443761E1,6.500000000E0
5.809706261E1,6.500000000E0
5.809968661E1,6.500000000E0
5.810231161E1,6.500000000E0
5.810493561E1,6.500000000E0
5.810756061E1,6.500000000E0
5.811018461E1,6.500000000E0
5.811280961E1,6.500000000E0
5.811543361E1,6.500000000E0
5.811805861E1,6.500000000E0
5.812068261E1,6.500000000E0
5.812330761E1,6.500000000E0
5.812593161E1,6.500000000E0
5.812855661E1,6.500000000E0
5.813118161E1,6.500000000E0
5.813380561E1,6.500000000E0
5.813643061E1,6.500000000E0
5.813905461E1,6.500000000E0
5.814167961E1,6.500000000E0
5.814430361E1,6.500000000E0
5.814692861E1,6.500000000E0
5.814955261E1,6.500000000E0
5.815217761E1,6.500000000E0
5.815480161E1,6.500000000E0
5.815742661E1,6.500000000E0
5.816005061E1,6.500000000E0
5.816267561E1,6.500000000E0
5.816529961E1,6.500000000E0
5.816792461E1,6.500000000E0
5.817054861E1,6.500000000E0
5.817317361E1,6.500000000E0
5.817579761E1,6.500000000E0
5.817842261E1,6.500000000E0
5.818104661E1,6.500000000E0
5.818367161E1,6.500000000E0
5.818629561E1,6.500000000E0
5.818892061E1,6.500000000E0
5.819154461E1,6.500000000E0
5.819416961E1,6.500000000E0
5.819679361E1,6.500000000E0
5.819941861E1,6.500000000E0
5.820204261E1,6.500000000E0
5.820466761E1,6.500000000E0
5.820729161E1,6.500000000E0
5.820991661E1,6.500000000E0
5.821254061E1,6.500000000E0
5.821516561E1,6.500000000E0
5.821778961E1,6.500000000E0
5.822041461E1,6.500000000E0
5.822303861E1,6.500000000E0
5.822566361E1,6.500000000E0
5.822828761E1,6.500000000E0
5.823091261E1,6.500000000E0
5.823353661E1,6.500000000E0
5.823616161E1,6.500000000E0
5.823878561E1,6.500000000E0
5.824141061E1,6.500000000E0
5.824403561E1,6.500000000E0
5.824665961E1,6.500000000E0
5.824928461E1,6.500000000E0
5.825190861E1,6.500000000E0
5.825453361E1,6.500000000E0
5.825715761E1,6.500000000E0
5.825978261E1,6.500000000E0
5.826240661E1,6.500000000E0
5.826503161E1,6.500000000E0
5.826765561E1,6.500000000E0
5.827028061E1,6.500000000E0
5.827290461E1,6.500000000E0
5.827552961E1,6.500000000E0
5.827815361E1,6.500000000E0
5.828077861E1,6.500000000E0
5.828340261E1,6.500000000E0
5.828602761E1,6.500000000E0
5.828865161E1,6.500000000E0
5.829127661E1,6.500000000E0
5.829390061E1,6.500000000E0
5.829652561E1,6.500000000E0
5.829914961E1,6.500000000E0
5.830177461E1,6.500000000E0
5.830439861E1,6.500000000E0
5.830702361E1,6.500000000E0
5.830964761E1,6.500000000E0
5.831227261E1,6.500000000E0
5.831489661E1,6.500000000E0
5.831752161E1,6.500000000E0
5.832014561E1,6.500000000E0
5.832277061E1,6.500000000E0
5.832539461E1,6.500000000E0
5.832801961E1,6.500000000E0
5.833064361E1,6.500000000E0
5.833326861E1,6.500000000E0
5.833589261E1,6.500000000E0
5.833851761E1,6.500000000E0
5.834114161E1,6.500000000E0
5.834376661E1,6.500000000E0
5.834639061E1,6.500000000E0
5.834901561E1,6.500000000E0
5.835163961E1,6.500000000E0
5.835426461E1,6.500000000E0
5.835688961E1,6.500000000E0
5.835951361E1,6.500000000E0
5.836213861E1,6.500000000E0
5.836476261E1,6.500000000E0
5.836738761E1,6.500000000E0
5.837001161E1,6.500000000E0
5.837263661E1,6.500000000E0
5.837526061E1,6.500000000E0
5.837788561E1,6.500000000E0
5.838050961E1,6.500000000E0
5.838313461E1,6.500000000E0
5.838575861E1,6.500000000E0
5.838838361E1,6.500000000E0
5.839100761E1,6.500000000E0
5.839363261E1,6.500000000E0
5.839625661E1,6.500000000E0
5.839888161E1,6.500000000E0
5.840150561E1,6.500000000E0
5.840413061E1,6.500000000E0
5.840675461E1,6.500000000E0
5.840937961E1,6.500000000E0
5.841200361E1,6.500000000E0
5.841462861E1,6.500000000E0
5.841725261E1,6.500000000E0
5.841987761E1,6.500000000E0
5.842250161E1,6.500000000E0
5.842512661E1,6.500000000E0
5.842775061E1,6.500000000E0
5.843037561E1,6.500000000E0
5.843299961E1,6.500000000E0
5.843562461E1,6.500000000E0
5.843824861E1,6.500000000E0
5.844087361E1,6.500000000E0
5.844349761E1,6.500000000E0
5.844612261E1,6.500000000E0
5.844874661E1,6.500000000E0
5.845137161E1,6.500000000E0
5.845399561E1,6.500000000E0
5.845662061E1,6.500000000E0
5.845924461E1,6.500000000E0
5.846186961E1,6.500000000E0
5.846449361E1,6.500000000E0
5.846711861E1,6.500000000E0
5.846974361E1,6.500000000E0
5.847236761E1,6.500000000E0
5.847499261E1,6.500000000E0
5.847761661E1,6.500000000E0
5.848024161E1,6.500000000E0
5.848286561E1,6.500000000E0
5.848549061E1,6.500000000E0
5.848811461E1,6.500000000E0
5.849073961E1,6.500000000E0
5.849336361E1,6.500000000E0
5.849598861E1,6.500000000E0
5.849861261E1,6.500000000E0
5.850123761E1,6.500000000E0
5.850386161E1,6.500000000E0
5.850648661E1,6.500000000E0
5.850911061E1,6.500000000E0
5.851173561E1,6.500000000E0
5.851435961E1,6.500000000E0
5.851698461E1,6.500000000E0
5.851960861E1,6.500000000E0
5.852223361E1,6.500000000E0
5.852485761E1,6.500000000E0
5.852748261E1,6.500000000E0
5.853010661E1,6.500000000E0
5.853273161E1,6.500000000E0
5.853535561E1,6.500000000E0
5.853798061E1,6.500000000E0
5.854060461E1,6.500000000E0
5.854322961E1,6.500000000E0
5.854585361E1,6.500000000E0
5.854847861E1,6.500000000E0
5.855110261E1,6.500000000E0
5.855372761E1,6.500000000E0
5.855635161E1,6.500000000E0
5.855897661E1,6.500000000E0
5.856160061E1,6.500000000E0
5.856422561E1,6.500000000E0
5.856684961E1,6.500000000E0
5.856947461E1,6.500000000E0
5.857209861E1,6.500000000E0
5.857472361E1,6.500000000E0
5.857734761E1,6.500000000E0
5.857997261E1,6.500000000E0
5.858259761E1,6.500000000E0
5.858522161E1,6.500000000E0
5.858784661E1,6.500000000E0
5.859047061E1,6.500000000E0
5.859309561E1,6.500000000E0
5.859571961E1,6.500000000E0
5.859834461E1,6.500000000E0
5.860096861E1,6.500000000E0
5.860359361E1,6.500000000E0
5.860621761E1,6.500000000E0
5.860884261E1,6.500000000E0
5.861146661E1,6.500000000E0
5.861409161E1,6.500000000E0
5.861671561E1,6.500000000E0
5.861934061E1,6.500000000E0
5.862196461E1,6.500000000E0
5.862458961E1,6.500000000E0
5.862721361E1,6.500000000E0
5.862983861E1,6.500000000E0
5.863246261E1,6.500000000E0
5.863508761E1,6.500000000E0
5.863771161E1,6.500000000E0
5.864033661E1,6.500000000E0
5.864296061E1,6.500000000E0
5.864558561E1,6.500000000E0
5.864820961E1,6.500000000E0
5.865083461E1,6.500000000E0
5.865345861E1,6.500000000E0
5.865608361E1,6.500000000E0
5.865870761E1,6.500000000E0
5.866133261E1,6.500000000E0
5.866395661E1,6.500000000E0
5.866658161E1,6.500000000E0
5.866920561E1,6.500000000E0
5.867183061E1,6.500000000E0
5.867445461E1,6.500000000E0
5.867707961E1,6.500000000E0
5.867970361E1,6.500000000E0
5.868232861E1,6.500000000E0
5.868495261E1,6.500000000E0
5.868757761E1,6.500000000E0
5.869020261E1,6.500000000E0
5.869282661E1,6.500000000E0
5.869545161E1,6.500000000E0
5.869807561E1,6.500000000E0
5.870070061E1,6.500000000E0
5.870332461E1,6.500000000E0
5.870594961E1,6.500000000E0
5.870857361E1,6.500000000E0
5.871119861E1,6.500000000E0
5.871382261E1,6.500000000E0
5.871644761E1,6.500000000E0
5.871907161E1,6.500000000E0
5.872169661E1,6.500000000E0
5.872432061E1,6.500000000E0
5.872694561E1,6.500000000E0
5.872956961E1,6.500000000E0
5.873219461E1,6.500000000E0
5.873481861E1,6.500000000E0
5.873744361E1,6.500000000E0
5.874006761E1,6.500000000E0
5.874269261E1,6.500000000E0
5.874531661E1,6.500000000E0
5.874794161E1,6.500000000E0
5.875056561E1,6.500000000E0
5.875319061E1,6.500000000E0
5.875581461E1,6.500000000E0
5.875843961E1,6.500000000E0
5.876106361E1,6.500000000E0
5.876368861E1,6.500000000E0
5.876631261E1,6.500000000E0
5.876893761E1,6.500000000E0
5.877156161E1,6.500000000E0
5.877418661E1,6.500000000E0
5.877681061E1,6.500000000E0
5.877943561E1,6.500000000E0
5.878205961E1,6.500000000E0
5.878468461E1,6.500000000E0
5.878730861E1,6.500000000E0
5.878993361E1,6.500000000E0
5.879255761E1,6.500000000E0
5.879518261E1,6.500000000E0
5.879780661E1,6.500000000E0
5.880043161E1,6.500000000E0
5.880305661E1,6.500000000E0
5.880568061E1,6.500000000E0
5.880830561E1,6.500000000E0
5.881092961E1,6.500000000E0
5.881355461E1,6.500000000E0
5.881617861E1,6.500000000E0
5.881880361E1,6.500000000E0
5.882142761E1,6.500000000E0
5.882405261E1,6.500000000E0
5.882667661E1,6.500000000E0
5.882930161E1,6.500000000E0
5.883192561E1,6.500000000E0
5.883455061E1,6.500000000E0
5.883717461E1,6.500000000E0
5.883979961E1,6.500000000E0
5.884242361E1,6.500000000E0
5.884504861E1,6.500000000E0
5.884767261E1,6.500000000E0
5.885029761E1,6.500000000E0
5.885292161E1,6.500000000E0
5.885554661E1,6.500000000E0
5.885817061E1,6.500000000E0
5.886079561E1,6.500000000E0
5.886341961E1,6.500000000E0
5.886604461E1,6.500000000E0
5.886866861E1,6.500000000E0
5.887129361E1,6.500000000E0
5.887391761E1,6.500000000E0
5.887654261E1,6.500000000E0
5.887916661E1,6.500000000E0
5.888179161E1,6.500000000E0
5.888441561E1,6.500000000E0
5.888704061E1,6.500000000E0
5.888966461E1,6.500000000E0
5.889228961E1,6.500000000E0
5.889491361E1,6.500000000E0
5.889753861E1,6.500000000E0
5.890016261E1,6.500000000E0
5.890278761E1,6.500000000E0
5.890541161E1,6.500000000E0
5.890803661E1,6.500000000E0
5.891066061E1,6.500000000E0
5.891328561E1,6.500000000E0
5.891591061E1,6.500000000E0
5.891853461E1,6.500000000E0
5.892115961E1,6.500000000E0
5.892378361E1,6.500000000E0
5.892640861E1,6.500000000E0
5.892903261E1,6.500000000E0
5.893165761E1,6.500000000E0
5.893428161E1,6.500000000E0
5.893690661E1,6.500000000E0
5.893953061E1,6.500000000E0
5.894215561E1,6.500000000E0
5.894477961E1,6.500000000E0
5.894740461E1,6.500000000E0
5.895002861E1,6.500000000E0
5.895265361E1,6.500000000E0
5.895527761E1,6.500000000E0
5.895790261E1,6.500000000E0
5.896052661E1,6.500000000E0
5.896315161E1,6.500000000E0
5.896577561E1,6.500000000E0
5.896840061E1,6.500000000E0
5.897102461E1,6.500000000E0
5.897364961E1,6.500000000E0
5.897627361E1,6.500000000E0
5.897889861E1,6.500000000E0
5.898152261E1,6.500000000E0
5.898414761E1,6.500000000E0
5.898677161E1,6.500000000E0
5.898939661E1,6.500000000E0
5.899202061E1,6.500000000E0
5.899464561E1,6.500000000E0
5.899726961E1,6.500000000E0
5.899989461E1,6.500000000E0
5.900251861E1,6.500000000E0
5.900514361E1,6.500000000E0
5.900776761E1,6.500000000E0
5.901039261E1,6.500000000E0
5.901301661E1,6.500000000E0
5.901564161E1,6.500000000E0
5.901826561E1,6.500000000E0
5.902089061E1,6.500000000E0
5.902351461E1,6.500000000E0
5.902613961E1,6.500000000E0
5.902876461E1,6.500000000E0
5.903138861E1,6.500000000E0
5.903401361E1,6.500000000E0
5.903663761E1,6.500000000E0
5.903926261E1,6.500000000E0
5.904188661E1,6.500000000E0
5.904451161E1,6.500000000E0
5.904713561E1,6.500000000E0
5.904976061E1,6.500000000E0
5.905238461E1,6.500000000E0
5.905500961E1,6.500000000E0
5.905763361E1,6.500000000E0
5.906025861E1,6.500000000E0
5.906288261E1,6.500000000E0
5.906550761E1,6.500000000E0
5.906813161E1,6.500000000E0
5.907075661E1,6.500000000E0
5.907338061E1,6.500000000E0
5.907600561E1,6.500000000E0
5.907862961E1,6.500000000E0
5.908125461E1,6.500000000E0
5.908387861E1,6.500000000E0
5.908650361E1,6.500000000E0
5.908912761E1,6.500000000E0
5.909175261E1,6.500000000E0
5.909437661E1,6.500000000E0
5.909700161E1,6.500000000E0
5.909962561E1,6.500000000E0
5.910225061E1,6.500000000E0
5.910487461E1,6.500000000E0
5.910749961E1,6.500000000E0
5.911012361E1,6.500000000E0
5.911274861E1,6.500000000E0
5.911537261E1,6.500000000E0
5.911799761E1,6.500000000E0
5.912062161E1,6.500000000E0
5.912324661E1,6.500000000E0
5.912587061E1,6.500000000E0
5.912849561E1,6.500000000E0
5.913111961E1,6.500000000E0
5.913374461E1,6.500000000E0
5.913636861E1,6.500000000E0
5.913899361E1,6.500000000E0
5.914161861E1,6.500000000E0
5.914424261E1,6.500000000E0
5.914686761E1,6.500000000E0
5.914949161E1,6.500000000E0
5.915211661E1,6.500000000E0
5.915474061E1,6.500000000E0
5.915736561E1,6.500000000E0
5.915998961E1,6.500000000E0
5.916261461E1,6.500000000E0
5.916523861E1,6.500000000E0
5.916786361E1,6.500000000E0
5.917048761E1,6.500000000E0
5.917311261E1,6.500000000E0
5.917573661E1,6.500000000E0
5.917836161E1,6.500000000E0
5.918098561E1,6.500000000E0
5.918361061E1,6.500000000E0
5.918623461E1,6.500000000E0
5.918885961E1,6.500000000E0
5.919148361E1,6.500000000E0
5.919410861E1,6.500000000E0
5.919673261E1,6.500000000E0
5.919935761E1,6.500000000E0
5.920198161E1,6.500000000E0
5.920460661E1,6.500000000E0
5.920723061E1,6.500000000E0
5.920985561E1,6.500000000E0
5.921247961E1,6.500000000E0
5.921510461E1,6.500000000E0
5.921772861E1,6.500000000E0
5.922035361E1,6.500000000E0
5.922297761E1,6.500000000E0
5.922560261E1,6.500000000E0
5.922822661E1,6.500000000E0
5.923085161E1,6.500000000E0
5.923347561E1,6.500000000E0
5.923610061E1,6.500000000E0
5.923872461E1,6.500000000E0
5.924134961E1,6.500000000E0
5.924397361E1,6.500000000E0
5.924659861E1,6.500000000E0
5.924922261E1,6.500000000E0
5.925184761E1,6.500000000E0
5.925447261E1,6.500000000E0
5.925709661E1,6.500000000E0
5.925972161E1,6.500000000E0
5.926234561E1,6.500000000E0
5.926497061E1,6.500000000E0
5.926759461E1,6.500000000E0
5.927021961E1,6.500000000E0
5.927284361E1,6.500000000E0
5.927546861E1,6.500000000E0
5.927809261E1,6.500000000E0
5.928071761E1,6.500000000E0
5.928334161E1,6.500000000E0
5.928596661E1,6.500000000E0
5.928859061E1,6.500000000E0
5.929121561E1,6.500000000E0
5.929383961E1,6.500000000E0
5.929646461E1,6.500000000E0
5.929908861E1,6.500000000E0
5.930171361E1,6.500000000E0
5.930433761E1,6.500000000E0
5.930696261E1,6.500000000E0
5.930958661E1,6.500000000E0
5.931221161E1,6.500000000E0
5.931483561E1,6.500000000E0
5.931746061E1,6.500000000E0
5.932008461E1,6.500000000E0
5.932270961E1,6.500000000E0
5.932533361E1,6.500000000E0
5.932795861E1,6.500000000E0
5.933058261E1,6.500000000E0
5.933320761E1,6.500000000E0
5.933583161E1,6.500000000E0
5.933845661E1,6.500000000E0
5.934108061E1,6.500000000E0
5.934370561E1,6.500000000E0
5.934632961E1,6.500000000E0
5.934895461E1,6.500000000E0
5.935157861E1,6.500000000E0
5.935420361E1,6.500000000E0
5.935682761E1,6.500000000E0
5.935945261E1,6.500000000E0
5.936207761E1,6.500000000E0
5.936470161E1,6.500000000E0
5.936732661E1,6.500000000E0
5.936995061E1,6.500000000E0
5.937257561E1,6.500000000E0
5.937519961E1,6.500000000E0
5.937782461E1,6.500000000E0
5.938044861E1,6.500000000E0
5.938307361E1,6.500000000E0
5.938569761E1,6.500000000E0
5.938832261E1,6.500000000E0
5.939094661E1,6.500000000E0
5.939357161E1,6.500000000E0
5.939619561E1,6.500000000E0
5.939882061E1,6.500000000E0
5.940144461E1,6.500000000E0
5.940406961E1,6.500000000E0
5.940669361E1,6.500000000E0
5.940931861E1,6.500000000E0
5.941194261E1,6.500000000E0
5.941456761E1,6.500000000E0
5.941719161E1,6.500000000E0
5.941981661E1,6.500000000E0
5.942244061E1,6.500000000E0
5.942506561E1,6.500000000E0
5.942768961E1,6.500000000E0
5.943031461E1,6.500000000E0
5.943293861E1,6.500000000E0
5.943556361E1,6.500000000E0
5.943818761E1,6.500000000E0
5.944081261E1,6.500000000E0
5.944343661E1,6.500000000E0
5.944606161E1,6.500000000E0
5.944868561E1,6.500000000E0
5.945131061E1,6.500000000E0
5.945393461E1,6.500000000E0
5.945655961E1,6.500000000E0
5.945918361E1,6.500000000E0
5.946180861E1,6.500000000E0
5.946443261E1,6.500000000E0
5.946705761E1,6.500000000E0
5.946968161E1,6.500000000E0
5.947230661E1,6.500000000E0
5.947493161E1,6.500000000E0
5.947755561E1,6.500000000E0
5.948018061E1,6.500000000E0
5.948280461E1,6.500000000E0
5.948542961E1,6.500000000E0
5.948805361E1,6.500000000E0
5.949067861E1,6.500000000E0
5.949330261E1,6.500000000E0
5.949592761E1,6.500000000E0
5.949855161E1,6.500000000E0
5.950117661E1,6.500000000E0
5.950380061E1,6.500000000E0
5.950642561E1,6.500000000E0
5.950904961E1,6.500000000E0
5.951167461E1,6.500000000E0
5.951429861E1,6.500000000E0
5.951692361E1,6.500000000E0
5.951954761E1,6.500000000E0
5.952217261E1,6.500000000E0
5.952479661E1,6.500000000E0
5.952742161E1,6.500000000E0
5.953004561E1,6.500000000E0
5.953267061E1,6.500000000E0
5.953529461E1,6.500000000E0
5.953791961E1,6.500000000E0
5.954054361E1,6.500000000E0
5.954316861E1,6.500000000E0
5.954579261E1,6.500000000E0
5.954841761E1,6.500000000E0
5.955104161E1,6.500000000E0
5.955366661E1,6.500000000E0
5.955629061E1,6.500000000E0
5.955891561E1,6.500000000E0
5.956153961E1,6.500000000E0
5.956416461E1,6.500000000E0
5.956678861E1,6.500000000E0
5.956941361E1,6.500000000E0
5.957203761E1,6.500000000E0
5.957466261E1,6.500000000E0
5.957728661E1,6.500000000E0
5.957991161E1,6.500000000E0
5.958253561E1,6.500000000E0
5.958516061E1,6.500000000E0
5.958778561E1,6.500000000E0
5.959040961E1,6.500000000E0
5.959303461E1,6.500000000E0
5.959565861E1,6.500000000E0
5.959828361E1,6.500000000E0
5.960090761E1,6.500000000E0
5.960353261E1,6.500000000E0
5.960615661E1,6.500000000E0
5.960878161E1,6.500000000E0
5.961140561E1,6.500000000E0
5.961403061E1,6.500000000E0
5.961665461E1,6.500000000E0
5.961927961E1,6.500000000E0
5.962190361E1,6.500000000E0
5.962452861E1,6.500000000E0
5.962715261E1,6.500000000E0
5.962977761E1,6.500000000E0
5.963240161E1,6.500000000E0
5.963502661E1,6.500000000E0
5.963765061E1,6.500000000E0
5.964027561E1,6.500000000E0
5.964289961E1,6.500000000E0
5.964552461E1,6.500000000E0
5.964814861E1,6.500000000E0
5.965077361E1,6.500000000E0
5.965339761E1,6.500000000E0
5.965602261E1,6.500000000E0
5.965864661E1,6.500000000E0
5.966127161E1,6.500000000E0
5.966389561E1,6.500000000E0
5.966652061E1,6.500000000E0
5.966914461E1,6.500000000E0
5.967176961E1,6.500000000E0
5.967439361E1,6.500000000E0
5.967701861E1,6.500000000E0
5.967964261E1,6.500000000E0
5.968226761E1,6.500000000E0
5.968489161E1,6.500000000E0
5.968751661E1,6.500000000E0
5.969014061E1,6.500000000E0
5.969276561E1,6.500000000E0
5.969538961E1,6.500000000E0
5.969801461E1,6.500000000E0
5.970063961E1,6.500000000E0
5.970326361E1,6.500000000E0
5.970588861E1,6.500000000E0
5.970851261E1,6.500000000E0
5.971113761E1,6.500000000E0
5.971376161E1,6.500000000E0
5.971638661E1,6.500000000E0
5.971901061E1,6.500000000E0
5.972163561E1,6.500000000E0
5.972425961E1,6.500000000E0
5.972688461E1,6.500000000E0
5.972950861E1,6.500000000E0
5.973213361E1,6.500000000E0
5.973475761E1,6.500000000E0
5.973738261E1,6.500000000E0
5.974000661E1,6.500000000E0
5.974263161E1,6.500000000E0
5.974525561E1,6.500000000E0
5.974788061E1,6.500000000E0
5.975050461E1,6.500000000E0
5.975312961E1,6.500000000E0
5.975575361E1,6.500000000E0
5.975837861E1,6.500000000E0
5.976100261E1,6.500000000E0
5.976362761E1,6.500000000E0
5.976625161E1,6.500000000E0
5.976887661E1,6.500000000E0
5.977150061E1,6.500000000E0
5.977412561E1,6.500000000E0
5.977674961E1,6.500000000E0
5.977937461E1,6.500000000E0
5.978199861E1,6.500000000E0
5.978462361E1,6.500000000E0
5.978724761E1,6.500000000E0
5.978987261E1,6.500000000E0
5.979249661E1,6.500000000E0
5.979512161E1,6.500000000E0
5.979774561E1,6.500000000E0
5.980037061E1,6.500000000E0
5.980299461E1,6.500000000E0
5.980561961E1,6.500000000E0
5.980824361E1,6.500000000E0
5.981086861E1,6.500000000E0
5.981349361E1,6.500000000E0
5.981611761E1,6.500000000E0
5.981874261E1,6.500000000E0
5.982136661E1,6.500000000E0
5.982399161E1,6.500000000E0
5.982661561E1,6.500000000E0
5.982924061E1,6.500000000E0
5.983186461E1,6.500000000E0
5.983448961E1,6.500000000E0
5.983711361E1,6.500000000E0
5.983973861E1,6.500000000E0
5.984236261E1,6.500000000E0
5.984498761E1,6.500000000E0
5.984761161E1,6.500000000E0
5.985023661E1,6.500000000E0
5.985286061E1,6.500000000E0
5.985548561E1,6.500000000E0
5.985810961E1,6.500000000E0
5.986073461E1,6.500000000E0
5.986335861E1,6.500000000E0
5.986598361E1,6.500000000E0
5.986860761E1,6.500000000E0
5.987123261E1,6.500000000E0
5.987385661E1,6.500000000E0
5.987648161E1,6.500000000E0
5.987910561E1,6.500000000E0
5.988173061E1,6.500000000E0
5.988435461E1,6.500000000E0
5.988697961E1,6.500000000E0
5.988960361E1,6.500000000E0
5.989222861E1,6.500000000E0
5.989485261E1,6.500000000E0
5.989747761E1,6.500000000E0
5.990010161E1,6.500000000E0
5.990272661E1,6.500000000E0
5.990535061E1,6.500000000E0
5.990797561E1,6.500000000E0
5.991059961E1,6.500000000E0
5.991322461E1,6.500000000E0
5.991584861E1,6.500000000E0
5.991847361E1,6.500000000E0
5.992109761E1,6.500000000E0
5.992372261E1,6.500000000E0
5.992634761E1,6.500000000E0
5.992897161E1,6.500000000E0
5.993159661E1,6.500000000E0
5.993422061E1,6.500000000E0
5.993684561E1,6.500000000E0
5.993946961E1,6.500000000E0
5.994209461E1,6.500000000E0
5.994471861E1,6.500000000E0
5.994734361E1,6.500000000E0
5.994996761E1,6.500000000E0
5.995259261E1,6.500000000E0
5.995539107E1,6.500000000E0
5.996485004E1,6.500000000E0
5.996750504E1,6.500000000E0
5.997012904E1,6.500000000E0
5.997275404E1,6.500000000E0
5.997537804E1,6.500000000E0
5.997800304E1,6.500000000E0
5.998062704E1,6.500000000E0
5.998325204E1,6.500000000E0
5.998587604E1,6.500000000E0
5.998850104E1,6.500000000E0
5.999112504E1,6.500000000E0
5.999375004E1,6.500000000E0
5.999637404E1,6.500000000E0
5.999899904E1,6.500000000E0
6.000162404E1,6.500000000E0
6.000424804E1,6.500000000E0
6.000687304E1,6.500000000E0
6.000949704E1,6.500000000E0
6.001212204E1,6.500000000E0
6.001474604E1,6.500000000E0
6.001737104E1,6.500000000E0
6.001999504E1,6.500000000E0
6.002262004E1,6.500000000E0
6.002524404E1,6.500000000E0
6.002786904E1,6.500000000E0
6.003049304E1,6.500000000E0
6.003311804E1,6.500000000E0
6.003574204E1,6.500000000E0
6.003836704E1,6.500000000E0
6.004099104E1,6.500000000E0
6.004361604E1,6.500000000E0
6.004624004E1,6.500000000E0
6.004886504E1,6.500000000E0
6.005148904E1,6.500000000E0
6.005411404E1,6.500000000E0
6.005673804E1,6.500000000E0
6.005936304E1,6.500000000E0
6.006198704E1,6.500000000E0
6.006461204E1,6.500000000E0
6.006723604E1,6.500000000E0
6.006986104E1,6.500000000E0
6.007248504E1,6.500000000E0
6.007511004E1,6.500000000E0
6.007773404E1,6.500000000E0
6.008035904E1,6.500000000E0
6.008298304E1,6.500000000E0
6.008560804E1,6.500000000E0
6.008823204E1,6.500000000E0
6.009085704E1,6.500000000E0
6.009348104E1,6.500000000E0
6.009610604E1,6.500000000E0
6.009873004E1,6.500000000E0
6.010135504E1,6.500000000E0
6.010397904E1,6.500000000E0
6.010660404E1,6.500000000E0
6.010922804E1,6.500000000E0
6.011185304E1,6.500000000E0
6.011447804E1,6.500000000E0
6.011710204E1,6.500000000E0
6.011972704E1,6.500000000E0
6.012235104E1,6.500000000E0
6.012497604E1,6.500000000E0
6.012760004E1,6.500000000E0
6.013022504E1,6.500000000E0
6.013284904E1,6.500000000E0
6.013547404E1,6.500000000E0
6.013809804E1,6.500000000E0
6.014072304E1,6.500000000E0
6.014334704E1,6.500000000E0
6.014597204E1,6.500000000E0
6.014859604E1,6.500000000E0
6.015122104E1,6.500000000E0
6.015384504E1,6.500000000E0
6.015647004E1,6.500000000E0
6.015909404E1,6.500000000E0
6.016171904E1,6.500000000E0
6.016434304E1,6.500000000E0
6.016696804E1,6.500000000E0
6.016959204E1,6.500000000E0
6.017221704E1,6.500000000E0
6.017484104E1,6.500000000E0
6.017746604E1,6.500000000E0
6.018009004E1,6.500000000E0
6.018271504E1,6.500000000E0
6.018533904E1,6.500000000E0
6.018796404E1,6.500000000E0
6.019058804E1,6.500000000E0
6.019321304E1,6.500000000E0
6.019583704E1,6.500000000E0
6.019846204E1,6.500000000E0
6.020108604E1,6.500000000E0
6.020371104E1,6.500000000E0
6.020633504E1,6.500000000E0
6.020896004E1,1.937500000E1
6.021158404E1,1.937500000E1
6.021420904E1,1.937500000E1
6.021683304E1,1.937500000E1
6.021945804E1,1.937500000E1
6.022208204E1,1.937500000E1
6.022470704E1,1.937500000E1
6.022733204E1,1.937500000E1
6.022995604E1,1.937500000E1
6.023258104E1,1.937500000E1
6.023520504E1,6.500000000E0
6.023783004E1,6.500000000E0
6.024045404E1,6.500000000E0
6.024307904E1,6.500000000E0
6.024570304E1,6.500000000E0
6.024832804E1,6.500000000E0
6.025095204E1,6.500000000E0
6.025357704E1,6.500000000E0
6.025620104E1,6.500000000E0
6.025882604E1,6.500000000E0
6.026145004E1,6.500000000E0
6.026407504E1,6.500000000E0
6.026669904E1,6.500000000E0
6.026932404E1,6.500000000E0
6.027194804E1,6.500000000E0
6.027457304E1,6.500000000E0
6.027719704E1,6.500000000E0
6.027982204E1,6.500000000E0
6.028244604E1,6.500000000E0
6.028507104E1,6.500000000E0
6.028769504E1,6.500000000E0
6.029032004E1,6.500000000E0
6.029294404E1,6.500000000E0
6.029556904E1,6.500000000E0
6.029819304E1,6.500000000E0
6.030081804E1,6.500000000E0
6.030344204E1,6.500000000E0
6.030606704E1,6.500000000E0
6.030869104E1,6.500000000E0
6.031131604E1,6.500000000E0
6.031394004E1,6.500000000E0
6.031656504E1,6.500000000E0
6.031918904E1,6.500000000E0
6.032181404E1,6.500000000E0
6.032443804E1,6.500000000E0
6.032706304E1,6.500000000E0
6.032968704E1,6.500000000E0
6.033231204E1,6.500000000E0
6.033493604E1,6.500000000E0
6.033756104E1,6.500000000E0
6.034018604E1,6.500000000E0
6.034281004E1,6.500000000E0
6.034543504E1,6.500000000E0
6.034805904E1,6.500000000E0
6.035068404E1,6.500000000E0
6.035330804E1,6.500000000E0
6.035593304E1,6.500000000E0
6.035855704E1,6.500000000E0
6.036118204E1,6.500000000E0
6.036380604E1,6.500000000E0
6.036643104E1,6.500000000E0
6.036905504E1,6.500000000E0
6.037168004E1,6.500000000E0
6.037430404E1,6.500000000E0
6.037692904E1,6.500000000E0
6.037955304E1,6.500000000E0
6.038217804E1,6.500000000E0
6.038480204E1,1.937500000E1
6.038742704E1,1.937500000E1
6.039005104E1,1.937500000E1
6.039267604E1,1.937500000E1
6.039530004E1,1.937500000E1
6.039792504E1,1.937500000E1
6.040054904E1,1.937500000E1
6.040317404E1,1.937500000E1
6.040579804E1,1.937500000E1
6.040842304E1,1.937500000E1
6.041104704E1,1.937500000E1
6.041367204E1,6.500000000E0
6.041629604E1,6.500000000E0
6.041892104E1,6.500000000E0
6.042154504E1,6.500000000E0
6.042417004E1,6.500000000E0
6.042679404E1,6.500000000E0
6.042941904E1,6.500000000E0
6.043204304E1,6.500000000E0
6.043466804E1,6.500000000E0
6.043729204E1,1.937500000E1
6.043991704E1,1.937500000E1
6.044254104E1,1.937500000E1
6.044516604E1,1.937500000E1
6.044779004E1,1.937500000E1
6.045041504E1,1.937500000E1
6.045304004E1,1.937500000E1
6.045566404E1,1.937500000E1
6.045828904E1,1.937500000E1
6.046091304E1,1.937500000E1
6.046353804E1,6.500000000E0
6.046616204E1,6.500000000E0
6.046878704E1,6.500000000E0
6.047141104E1,6.500000000E0
6.047403604E1,6.500000000E0
6.047666004E1,6.500000000E0
6.047928504E1,6.500000000E0
6.048190904E1,6.500000000E0
6.048453404E1,6.500000000E0
6.048715804E1,6.500000000E0
6.048978304E1,1.937500000E1
6.049240704E1,1.937500000E1
6.049503204E1,1.937500000E1
6.049765604E1,1.937500000E1
6.050028104E1,1.937500000E1
6.050290504E1,1.937500000E1
6.050553004E1,1.937500000E1
6.050815404E1,1.937500000E1
6.051077904E1,1.937500000E1
6.051340304E1,6.500000000E0
6.051602804E1,6.500000000E0
6.051865204E1,6.500000000E0
6.052127704E1,6.500000000E0
6.052390104E1,6.500000000E0
6.052652604E1,6.500000000E0
6.052915004E1,6.500000000E0
6.053177504E1,6.500000000E0
6.053439904E1,6.500000000E0
6.053702404E1,6.500000000E0
6.053964804E1,6.500000000E0
6.054227304E1,6.500000000E0
6.054489704E1,6.500000000E0
6.054752204E1,6.500000000E0
6.055014604E1,6.500000000E0
6.055277104E1,6.500000000E0
6.055539504E1,6.500000000E0
6.055802004E1,6.500000000E0
6.056064404E1,6.500000000E0
6.056326904E1,6.500000000E0
6.056589404E1,6.500000000E0
6.056851804E1,6.500000000E0
6.057114304E1,6.500000000E0
6.057376704E1,6.500000000E0
6.057639204E1,6.500000000E0
6.057901604E1,6.500000000E0
6.058164104E1,6.500000000E0
6.058426504E1,6.500000000E0
6.058689004E1,6.500000000E0
6.058951404E1,6.500000000E0
6.059213904E1,6.500000000E0
6.059476304E1,6.500000000E0
6.059738804E1,6.500000000E0
6.060001204E1,6.500000000E0
6.060263704E1,6.500000000E0
6.060526104E1,6.500000000E0
6.060788604E1,6.500000000E0
6.061051004E1,6.500000000E0
6.061313504E1,6.500000000E0
6.061575904E1,6.500000000E0
6.061838404E1,6.500000000E0
6.062100804E1,6.500000000E0
6.062363304E1,6.500000000E0
6.062625704E1,6.500000000E0
6.062888204E1,6.500000000E0
6.063150604E1,6.500000000E0
6.063413104E1,6.500000000E0
6.063675504E1,6.500000000E0
6.063938004E1,6.500000000E0
6.064200404E1,6.500000000E0
6.064462904E1,6.500000000E0
6.064725304E1,6.500000000E0
6.064987804E1,6.500000000E0
6.065250204E1,6.500000000E0
6.065512704E1,6.500000000E0
6.065775104E1,6.500000000E0
6.066037604E1,6.500000000E0
6.066300004E1,6.500000000E0
6.066562504E1,6.500000000E0
6.066824904E1,6.500000000E0
6.067087404E1,6.500000000E0
6.067349904E1,6.500000000E0
6.067612304E1,6.500000000E0
6.067874804E1,6.500000000E0
6.068137204E1,6.500000000E0
6.068399704E1,6.500000000E0
6.068662104E1,6.500000000E0
6.068924604E1,6.500000000E0
6.069187004E1,6.500000000E0
6.069449504E1,6.500000000E0
6.069711904E1,6.500000000E0
6.069974404E1,6.500000000E0
6.070236804E1,6.500000000E0
6.070499304E1,6.500000000E0
6.070761704E1,6.500000000E0
6.071024204E1,6.500000000E0
6.071286604E1,6.500000000E0
6.071549104E1,6.500000000E0
6.071811504E1,6.500000000E0
6.072074004E1,6.500000000E0
6.072336404E1,6.500000000E0
6.072598904E1,6.500000000E0
6.072861304E1,6.500000000E0
6.073123804E1,6.500000000E0
6.073386204E1,6.500000000E0
6.073648704E1,6.500000000E0
6.073911104E1,6.500000000E0
6.074173604E1,6.500000000E0
6.074436004E1,6.500000000E0
6.074698504E1,6.500000000E0
6.074960904E1,6.500000000E0
6.075223404E1,6.500000000E0
6.075485804E1,6.500000000E0
6.075748304E1,6.500000000E0
6.076010704E1,6.500000000E0
6.076273204E1,6.500000000E0
6.076535604E1,6.500000000E0
6.076798104E1,1.937500000E1
6.077060504E1,1.937500000E1
6.077323004E1,1.937500000E1
6.077585404E1,1.937500000E1
6.077847904E1,1.937500000E1
6.078110304E1,1.937500000E1
6.078372804E1,1.937500000E1
6.078635304E1,1.937500000E1
6.078897704E1,1.937500000E1
6.079160204E1,1.937500000E1
6.079422604E1,6.500000000E0
6.079685104E1,6.500000000E0
6.079947504E1,6.500000000E0
6.080210004E1,6.500000000E0
6.080472404E1,6.500000000E0
6.080734904E1,6.500000000E0
6.080997304E1,6.500000000E0
6.081259804E1,6.500000000E0
6.081522204E1,6.500000000E0
6.081784704E1,6.500000000E0
6.082047104E1,6.500000000E0
6.082309604E1,6.500000000E0
6.082572004E1,6.500000000E0
6.082834504E1,6.500000000E0
6.083096904E1,6.500000000E0
6.083359404E1,6.500000000E0
6.083621804E1,6.500000000E0
6.083884304E1,6.500000000E0
6.084146704E1,6.500000000E0
6.084409204E1,6.500000000E0
6.084671604E1,6.500000000E0
6.084934104E1,6.500000000E0
6.085196504E1,6.500000000E0
6.085459004E1,6.500000000E0
6.085721404E1,6.500000000E0
6.085983904E1,6.500000000E0
6.086246304E1,6.500000000E0
6.086508804E1,6.500000000E0
6.086771204E1,6.500000000E0
6.087033704E1,6.500000000E0
6.087296104E1,6.500000000E0
6.087558604E1,6.500000000E0
6.087821004E1,6.500000000E0
6.088083504E1,6.500000000E0
6.088345904E1,6.500000000E0
6.088608404E1,6.500000000E0
6.088870804E1,6.500000000E0
6.089133304E1,6.500000000E0
6.089395704E1,6.500000000E0
6.089658204E1,6.500000000E0
6.089920704E1,6.500000000E0
6.090183104E1,6.500000000E0
6.090445604E1,6.500000000E0
6.090708004E1,6.500000000E0
6.090970504E1,6.500000000E0
6.091232904E1,6.500000000E0
6.091495404E1,6.500000000E0
6.091757804E1,6.500000000E0
6.092020304E1,6.500000000E0
6.092282704E1,6.500000000E0
6.092545204E1,6.500000000E0
6.092807604E1,6.500000000E0
6.093070104E1,6.500000000E0
6.093332504E1,6.500000000E0
6.093595004E1,6.500000000E0
6.093857404E1,6.500000000E0
6.094119904E1,6.500000000E0
6.094382304E1,6.500000000E0
6.094644804E1,6.500000000E0
6.094907204E1,6.500000000E0
6.095169704E1,6.500000000E0
6.095432104E1,6.500000000E0
6.095694604E1,6.500000000E0
6.095957004E1,6.500000000E0
6.096219504E1,6.500000000E0
6.096481904E1,6.500000000E0
6.096744404E1,6.500000000E0
6.097006804E1,6.500000000E0
6.097269304E1,6.500000000E0
6.097531704E1,6.500000000E0
6.097794204E1,6.500000000E0
6.098056604E1,6.500000000E0
6.098319104E1,6.500000000E0
6.098581504E1,6.500000000E0
6.098844004E1,6.500000000E0
6.099106404E1,6.500000000E0
6.099368904E1,6.500000000E0
6.099631304E1,6.500000000E0
6.099893804E1,6.500000000E0
6.100156204E1,6.500000000E0
6.100418704E1,6.500000000E0
6.100681104E1,6.500000000E0
6.100943604E1,6.500000000E0
6.101206104E1,6.500000000E0
6.101468504E1,6.500000000E0
6.101731004E1,6.500000000E0
6.101993404E1,6.500000000E0
6.102255904E1,6.500000000E0
6.102518304E1,6.500000000E0
6.102780804E1,6.500000000E0
6.103043204E1,6.500000000E0
6.103305704E1,6.500000000E0
6.103568104E1,6.500000000E0
6.103830604E1,6.500000000E0
6.104093004E1,6.500000000E0
6.104355504E1,6.500000000E0
6.104617904E1,6.500000000E0
6.104880404E1,6.500000000E0
6.105142804E1,6.500000000E0
6.105405304E1,6.500000000E0
6.105667704E1,6.500000000E0
6.105930204E1,6.500000000E0
6.106192604E1,6.500000000E0
6.106455104E1,6.500000000E0
6.106717504E1,6.500000000E0
6.106980004E1,6.500000000E0
6.107242404E1,6.500000000E0
6.107504904E1,6.500000000E0
6.107767304E1,6.500000000E0
6.108029804E1,6.500000000E0
6.108292204E1,6.500000000E0
6.108554704E1,6.500000000E0
6.108817104E1,6.500000000E0
6.109079604E1,6.500000000E0
6.109342004E1,6.500000000E0
6.109604504E1,6.500000000E0
6.109866904E1,6.500000000E0
6.110129404E1,6.500000000E0
6.110391804E1,6.500000000E0
6.110654304E1,6.500000000E0
6.110916704E1,6.500000000E0
6.111179204E1,6.500000000E0
6.111441604E1,6.500000000E0
6.111704104E1,6.500000000E0
6.111966504E1,6.500000000E0
6.112229004E1,6.500000000E0
6.112491504E1,6.500000000E0
6.112753904E1,6.500000000E0
6.113016404E1,6.500000000E0
6.113278804E1,6.500000000E0
6.113541304E1,6.500000000E0
6.113803704E1,6.500000000E0
6.114066204E1,6.500000000E0
6.114328604E1,6.500000000E0
6.114591104E1,6.500000000E0
6.114853504E1,6.500000000E0
6.115116004E1,6.500000000E0
6.115378404E1,6.500000000E0
6.115640904E1,6.500000000E0
6.115903304E1,6.500000000E0
6.116165804E1,6.500000000E0
6.116428204E1,6.500000000E0
6.116690704E1,6.500000000E0
6.116953104E1,6.500000000E0
6.117215604E1,6.500000000E0
6.117478004E1,6.500000000E0
6.117740504E1,6.500000000E0
6.118002904E1,6.500000000E0
6.118265404E1,6.500000000E0
6.118527804E1,6.500000000E0
6.118790304E1,6.500000000E0
6.119052704E1,6.500000000E0
6.119315204E1,6.500000000E0
6.119577604E1,6.500000000E0
6.119840104E1,6.500000000E0
6.120102504E1,6.500000000E0
6.120365004E1,6.500000000E0
6.120627404E1,6.500000000E0
6.120889904E1,6.500000000E0
6.121152304E1,6.500000000E0
6.121414804E1,6.500000000E0
6.121677204E1,6.500000000E0
6.121939704E1,6.500000000E0
6.122202104E1,6.500000000E0
6.122464604E1,6.500000000E0
6.122727004E1,6.500000000E0
6.122989504E1,6.500000000E0
6.123251904E1,6.500000000E0
6.123514404E1,6.500000000E0
6.123776904E1,6.500000000E0
6.124039304E1,6.500000000E0
6.124301804E1,6.500000000E0
6.124564204E1,6.500000000E0
6.124826704E1,6.500000000E0
6.125089104E1,6.500000000E0
6.125351604E1,6.500000000E0
6.125614004E1,6.500000000E0
6.125876504E1,6.500000000E0
6.126138904E1,6.500000000E0
6.126401404E1,6.500000000E0
6.126663804E1,6.500000000E0
6.126926304E1,6.500000000E0
6.127188704E1,6.500000000E0
6.127451204E1,6.500000000E0
6.127713604E1,6.500000000E0
6.127976104E1,6.500000000E0
6.128238504E1,6.500000000E0
6.128501004E1,6.500000000E0
6.128763404E1,6.500000000E0
6.129025904E1,6.500000000E0
6.129288304E1,6.500000000E0
6.129550804E1,6.500000000E0
6.129813204E1,6.500000000E0
6.130075704E1,6.500000000E0
6.130338104E1,6.500000000E0
6.130600604E1,6.500000000E0
6.130863004E1,6.500000000E0
6.131125504E1,6.500000000E0
6.131387904E1,6.500000000E0
6.131650404E1,6.500000000E0
6.131912804E1,6.500000000E0
6.132175304E1,6.500000000E0
6.132437704E1,6.500000000E0
6.132700204E1,6.500000000E0
6.132962604E1,6.500000000E0
6.133225104E1,6.500000000E0
6.133487504E1,6.500000000E0
6.133750004E1,6.500000000E0
6.134012404E1,6.500000000E0
6.134274904E1,6.500000000E0
6.134537404E1,6.500000000E0
6.134799804E1,6.500000000E0
6.135062304E1,6.500000000E0
6.135324704E1,6.500000000E0
6.135587204E1,6.500000000E0
6.135849604E1,6.500000000E0
6.136112104E1,6.500000000E0
6.136374504E1,6.500000000E0
6.136637004E1,6.500000000E0
6.136899404E1,6.500000000E0
6.137161904E1,6.500000000E0
6.137424304E1,6.500000000E0
6.137686804E1,6.500000000E0
6.137949204E1,6.500000000E0
6.138211704E1,6.500000000E0
6.138474104E1,6.500000000E0
6.138736604E1,6.500000000E0
6.138999004E1,6.500000000E0
6.139261504E1,6.500000000E0
6.139523904E1,6.500000000E0
6.139786404E1,6.500000000E0
6.140048804E1,6.500000000E0
6.140311304E1,6.500000000E0
6.140573704E1,6.500000000E0
6.140836204E1,6.500000000E0
6.141098604E1,6.500000000E0
6.141361104E1,6.500000000E0
6.141623504E1,6.500000000E0
6.141886004E1,6.500000000E0
6.142148404E1,6.500000000E0
6.142410904E1,6.500000000E0
6.142673304E1,6.500000000E0
6.142935804E1,6.500000000E0
6.143198204E1,6.500000000E0
6.143460704E1,6.500000000E0
6.143723104E1,6.500000000E0
6.143985604E1,6.500000000E0
6.144248004E1,6.500000000E0
6.144510504E1,6.500000000E0
6.144772904E1,6.500000000E0
6.145035404E1,6.500000000E0
6.145297804E1,6.500000000E0
6.145560304E1,1.937500000E1
6.145822804E1,1.937500000E1
6.146085204E1,1.937500000E1
6.146347704E1,1.937500000E1
6.146610104E1,1.937500000E1
6.146872604E1,1.937500000E1
6.147135004E1,1.937500000E1
6.147397504E1,1.937500000E1
6.147659904E1,1.937500000E1
6.147922404E1,1.937500000E1
6.148184804E1,6.500000000E0
6.148447304E1,6.500000000E0
6.148709704E1,6.500000000E0
6.148972204E1,6.500000000E0
6.149234604E1,6.500000000E0
6.149497104E1,6.500000000E0
6.149759504E1,6.500000000E0
6.150022004E1,6.500000000E0
6.150284404E1,6.500000000E0
6.150546904E1,6.500000000E0
6.150809304E1,6.500000000E0
6.151071804E1,6.500000000E0
6.151334204E1,6.500000000E0
6.151596704E1,6.500000000E0
6.151859104E1,6.500000000E0
6.152121604E1,6.500000000E0
6.152384004E1,6.500000000E0
6.152646504E1,6.500000000E0
6.152908904E1,6.500000000E0
6.153171404E1,6.500000000E0
6.153433804E1,6.500000000E0
6.153696304E1,6.500000000E0
6.153958704E1,6.500000000E0
6.154221204E1,6.500000000E0
6.154483604E1,6.500000000E0
6.154746104E1,6.500000000E0
6.155008504E1,6.500000000E0
6.155271004E1,6.500000000E0
6.155533404E1,6.500000000E0
6.155795904E1,6.500000000E0
6.156058304E1,6.500000000E0
6.156320804E1,6.500000000E0
6.156583204E1,6.500000000E0
6.156845704E1,6.500000000E0
6.157108204E1,6.500000000E0
6.157370604E1,6.500000000E0
6.157633104E1,6.500000000E0
6.157895504E1,6.500000000E0
6.158158004E1,6.500000000E0
6.158420404E1,6.500000000E0
6.158682904E1,6.500000000E0
6.158945304E1,6.500000000E0
6.159207804E1,6.500000000E0
6.159470204E1,6.500000000E0
6.159732704E1,6.500000000E0
6.159995104E1,6.500000000E0
6.160257604E1,6.500000000E0
6.160520004E1,6.500000000E0
6.160782504E1,6.500000000E0
6.161044904E1,6.500000000E0
6.161307404E1,6.500000000E0
6.161569804E1,6.500000000E0
6.161832304E1,6.500000000E0
6.162094704E1,6.500000000E0
6.162357204E1,6.500000000E0
6.162619604E1,6.500000000E0
6.162882104E1,6.500000000E0
6.163144504E1,6.500000000E0
6.163407004E1,6.500000000E0
6.163669404E1,6.500000000E0
6.163931904E1,6.500000000E0
6.164194304E1,6.500000000E0
6.164456804E1,6.500000000E0
6.164719204E1,6.500000000E0
6.164981704E1,6.500000000E0
6.165244104E1,6.500000000E0
6.165506604E1,6.500000000E0
6.165769004E1,6.500000000E0
6.166031504E1,6.500000000E0
6.166293904E1,6.500000000E0
6.166556404E1,6.500000000E0
6.166818804E1,6.500000000E0
6.167081304E1,6.500000000E0
6.167343704E1,6.500000000E0
6.167606204E1,6.500000000E0
6.167868604E1,6.500000000E0
6.168131104E1,6.500000000E0
6.168393604E1,6.500000000E0
6.168656004E1,6.500000000E0
6.168918504E1,6.500000000E0
6.169180904E1,6.500000000E0
6.169443404E1,6.500000000E0
6.169705804E1,6.500000000E0
6.169968304E1,6.500000000E0
6.170230704E1,6.500000000E0
6.170493204E1,6.500000000E0
6.170755604E1,6.500000000E0
6.171018104E1,6.500000000E0
6.171280504E1,6.500000000E0
6.171543004E1,6.500000000E0
6.171805404E1,6.500000000E0
6.172067904E1,6.500000000E0
6.172330304E1,6.500000000E0
6.172592804E1,6.500000000E0
6.172855204E1,6.500000000E0
6.173117704E1,6.500000000E0
6.173380104E1,6.500000000E0
6.173642604E1,6.500000000E0
6.173905004E1,6.500000000E0
6.174167504E1,6.500000000E0
6.174429904E1,6.500000000E0
6.174692404E1,6.500000000E0
6.174954804E1,6.500000000E0
6.175217304E1,6.500000000E0
6.175479704E1,6.500000000E0
6.175742204E1,6.500000000E0
6.176004604E1,6.500000000E0
6.176267104E1,6.500000000E0
6.176529504E1,6.500000000E0
6.176792004E1,6.500000000E0
6.177054404E1,6.500000000E0
6.177316904E1,6.500000000E0
6.177579304E1,6.500000000E0
6.177841804E1,6.500000000E0
6.178104204E1,6.500000000E0
6.178366704E1,6.500000000E0
6.178629104E1,6.500000000E0
6.178891604E1,6.500000000E0
6.179154004E1,6.500000000E0
6.179416504E1,6.500000000E0
6.179679004E1,6.500000000E0
6.179941404E1,6.500000000E0
6.180203904E1,6.500000000E0
6.180466304E1,6.500000000E0
6.180728804E1,6.500000000E0
6.180991204E1,6.500000000E0
6.181253704E1,6.500000000E0
6.181516104E1,6.500000000E0
6.181778604E1,6.500000000E0
6.182041004E1,6.500000000E0
6.182303504E1,6.500000000E0
6.182565904E1,6.500000000E0
6.182828404E1,6.500000000E0
6.183090804E1,6.500000000E0
6.183353304E1,6.500000000E0
6.183615704E1,6.500000000E0
6.183878204E1,6.500000000E0
6.184140604E1,6.500000000E0
6.184403104E1,6.500000000E0
6.184665504E1,6.500000000E0
6.184928004E1,6.500000000E0
6.185190404E1,6.500000000E0
6.185452904E1,6.500000000E0
6.185715304E1,6.500000000E0
6.185977804E1,6.500000000E0
6.186240204E1,6.500000000E0
6.186502704E1,6.500000000E0
6.186765104E1,6.500000000E0
6.187027604E1,6.500000000E0
6.187290004E1,6.500000000E0
6.187552504E1,6.500000000E0
6.187814904E1,6.500000000E0
6.188077404E1,6.500000000E0
6.188339804E1,6.500000000E0
6.188602304E1,6.500000000E0
6.188864704E1,6.500000000E0
6.189127204E1,6.500000000E0
6.189389604E1,6.500000000E0
6.189652104E1,6.500000000E0
6.189914504E1,6.500000000E0
6.190177004E1,6.500000000E0
6.190439404E1,6.500000000E0
6.190701904E1,6.500000000E0
6.190964404E1,6.500000000E0
6.191226804E1,6.500000000E0
6.191489304E1,6.500000000E0
6.191751704E1,6.500000000E0
6.192014204E1,6.500000000E0
6.192276604E1,6.500000000E0
6.192539104E1,6.500000000E0
6.192801504E1,6.500000000E0
6.193064004E1,6.500000000E0
6.193326404E1,6.500000000E0
6.193588904E1,6.500000000E0
6.193851304E1,6.500000000E0
6.194113804E1,6.500000000E0
6.194376204E1,6.500000000E0
6.194638704E1,6.500000000E0
6.194901104E1,6.500000000E0
6.195163604E1,6.500000000E0
6.195426004E1,6.500000000E0
6.195688504E1,6.500000000E0
6.195950904E1,6.500000000E0
6.196213404E1,6.500000000E0
6.196475804E1,6.500000000E0
6.196738304E1,6.500000000E0
6.197000704E1,6.500000000E0
6.197263204E1,6.500000000E0
6.197525604E1,6.500000000E0
6.197788104E1,6.500000000E0
6.198050504E1,6.500000000E0
6.198313004E1,6.500000000E0
6.198575404E1,6.500000000E0
6.198837904E1,6.500000000E0
6.199100304E1,6.500000000E0
6.199362804E1,6.500000000E0
6.199625204E1,6.500000000E0
6.199887704E1,6.500000000E0
6.200150104E1,6.500000000E0
6.200412604E1,6.500000000E0
6.200675004E1,6.500000000E0
6.200937504E1,6.500000000E0
6.201199904E1,6.500000000E0
6.201462404E1,6.500000000E0
6.201724904E1,6.500000000E0
6.201987304E1,6.500000000E0
6.202249804E1,6.500000000E0
6.202512204E1,6.500000000E0
6.202774704E1,6.500000000E0
6.203037104E1,6.500000000E0
6.203299604E1,6.500000000E0
6.203562004E1,6.500000000E0
6.203824504E1,6.500000000E0
6.204086904E1,6.500000000E0
6.204349404E1,6.500000000E0
6.204611804E1,6.500000000E0
6.204874304E1,6.500000000E0
6.205136704E1,6.500000000E0
6.205399204E1,6.500000000E0
6.205661604E1,6.500000000E0
6.205924104E1,6.500000000E0
6.206186504E1,6.500000000E0
6.206449004E1,6.500000000E0
6.206711404E1,6.500000000E0
6.206973904E1,6.500000000E0
6.207236304E1,6.500000000E0
6.207498804E1,6.500000000E0
6.207761204E1,6.500000000E0
6.208023704E1,6.500000000E0
6.208286104E1,6.500000000E0
6.208548604E1,6.500000000E0
6.208811004E1,6.500000000E0
6.209073504E1,6.500000000E0
6.209335904E1,6.500000000E0
6.209598404E1,6.500000000E0
6.209860804E1,6.500000000E0
6.210123304E1,6.500000000E0
6.210385704E1,6.500000000E0
6.210648204E1,6.500000000E0
6.210910604E1,6.500000000E0
6.211173104E1,6.500000000E0
6.211435504E1,6.500000000E0
6.211698004E1,6.500000000E0
6.211960404E1,6.500000000E0
6.212222904E1,6.500000000E0
6.212485304E1,6.500000000E0
6.212747804E1,6.500000000E0
6.213010304E1,6.500000000E0
6.213272704E1,6.500000000E0
6.213535204E1,6.500000000E0
6.213797604E1,6.500000000E0
6.214060104E1,6.500000000E0
6.214322504E1,6.500000000E0
6.214585004E1,6.500000000E0
6.214847404E1,6.500000000E0
6.215109904E1,6.500000000E0
6.215372304E1,6.500000000E0
6.215634804E1,6.500000000E0
6.215897204E1,6.500000000E0
6.216159704E1,6.500000000E0
6.216422104E1,6.500000000E0
6.216684604E1,6.500000000E0
6.216947004E1,6.500000000E0
6.217209504E1,6.500000000E0
6.217471904E1,6.500000000E0
6.217734404E1,6.500000000E0
6.217996804E1,6.500000000E0
6.218259304E1,6.500000000E0
6.218521704E1,6.500000000E0
6.218784204E1,6.500000000E0
6.219046604E1,6.500000000E0
6.219309104E1,6.500000000E0
6.219571504E1,6.500000000E0
6.219834004E1,6.500000000E0
6.220096404E1,6.500000000E0
6.220358904E1,6.500000000E0
6.220621304E1,6.500000000E0
6.220883804E1,6.500000000E0
6.221146204E1,6.500000000E0
6.221408704E1,6.500000000E0
6.221671104E1,6.500000000E0
6.221933604E1,1.937500000E1
6.222196004E1,1.937500000E1
6.222458504E1,1.937500000E1
6.222720904E1,1.937500000E1
6.222983404E1,1.937500000E1
6.223245804E1,1.937500000E1
6.223508304E1,1.937500000E1
6.223770704E1,1.937500000E1
6.224033204E1,1.937500000E1
6.224295704E1,1.937500000E1
6.224558104E1,6.500000000E0
6.224820604E1,6.500000000E0
6.225083004E1,6.500000000E0
6.225345504E1,6.500000000E0
6.225607904E1,6.500000000E0
6.225870404E1,6.500000000E0
6.226132804E1,6.500000000E0
6.226395304E1,6.500000000E0
6.226657704E1,6.500000000E0
6.226920204E1,6.500000000E0
6.227182604E1,1.937500000E1
6.227445104E1,1.937500000E1
6.227707504E1,1.937500000E1
6.227970004E1,1.937500000E1
6.228232404E1,1.937500000E1
6.228494904E1,1.937500000E1
6.228757304E1,1.937500000E1
6.229019804E1,1.937500000E1
6.229282204E1,1.937500000E1
6.229544704E1,6.500000000E0
6.229807104E1,6.500000000E0
6.230069604E1,6.500000000E0
6.230332004E1,6.500000000E0
6.230594504E1,6.500000000E0
6.230856904E1,6.500000000E0
6.231119404E1,6.500000000E0
6.231381804E1,6.500000000E0
6.231644304E1,6.500000000E0
6.231906704E1,6.500000000E0
6.232169204E1,6.500000000E0
6.232431604E1,6.500000000E0
6.232694104E1,6.500000000E0
6.232956504E1,6.500000000E0
6.233219004E1,6.500000000E0
6.233481404E1,6.500000000E0
6.233743904E1,6.500000000E0
6.234006304E1,6.500000000E0
6.234268804E1,6.500000000E0
6.234531204E1,6.500000000E0
6.234793704E1,6.500000000E0
6.235056104E1,6.500000000E0
6.235318604E1,6.500000000E0
6.235581104E1,6.500000000E0
6.235843504E1,6.500000000E0
6.236106004E1,6.500000000E0
6.236368404E1,6.500000000E0
6.236630904E1,6.500000000E0
6.236893304E1,6.500000000E0
6.237155804E1,6.500000000E0
6.237418204E1,6.500000000E0
6.237680704E1,6.500000000E0
6.237943104E1,6.500000000E0
6.238205604E1,6.500000000E0
6.238468004E1,6.500000000E0
6.238730504E1,6.500000000E0
6.238992904E1,6.500000000E0
6.239255404E1,6.500000000E0
6.239517804E1,6.500000000E0
6.239780304E1,6.500000000E0
6.240042704E1,6.500000000E0
6.240305204E1,6.500000000E0
6.240567604E1,6.500000000E0
6.240830104E1,6.500000000E0
6.241092504E1,6.500000000E0
6.241355004E1,6.500000000E0
6.241617404E1,6.500000000E0
6.241879904E1,6.500000000E0
6.242142304E1,1.937500000E1
6.242404804E1,1.937500000E1
6.242667204E1,1.937500000E1
6.242929704E1,1.937500000E1
6.243192104E1,1.937500000E1
6.243454604E1,1.937500000E1
6.243717004E1,1.937500000E1
6.243979504E1,1.937500000E1
6.244241904E1,1.937500000E1
6.244504404E1,1.937500000E1
6.244766804E1,1.937500000E1
6.245029304E1,6.500000000E0
6.245291704E1,6.500000000E0
6.245554204E1,6.500000000E0
6.245816604E1,6.500000000E0
6.246079104E1,6.500000000E0
6.246341504E1,6.500000000E0
6.246604004E1,6.500000000E0
6.246866504E1,6.500000000E0
6.247128904E1,6.500000000E0
6.247391404E1,6.500000000E0
6.247653804E1,6.500000000E0
6.247916304E1,6.500000000E0
6.248178704E1,6.500000000E0
6.248441204E1,6.500000000E0
6.248703604E1,6.500000000E0
6.248966104E1,6.500000000E0
6.249228504E1,6.500000000E0
6.249491004E1,6.500000000E0
6.249753404E1,6.500000000E0
6.250015904E1,6.500000000E0
6.250278304E1,6.500000000E0
6.250540804E1,6.500000000E0
6.250803204E1,6.500000000E0
6.251065704E1,6.500000000E0
6.251328104E1,6.500000000E0
6.251590604E1,6.500000000E0
6.251853004E1,6.500000000E0
6.252115504E1,6.500000000E0
6.252377904E1,6.500000000E0
6.252640404E1,1.937500000E1
6.252902804E1,1.937500000E1
6.253165304E1,1.937500000E1
6.253427704E1,1.937500000E1
6.253690204E1,1.937500000E1
6.253952604E1,1.937500000E1
6.254215104E1,1.937500000E1
6.254477504E1,1.937500000E1
6.254740004E1,1.937500000E1
6.255002404E1,1.937500000E1
6.255264904E1,1.937500000E1
6.255527304E1,1.937500000E1
6.255789804E1,1.937500000E1
6.256052204E1,1.937500000E1
6.256314704E1,1.937500000E1
6.256577104E1,1.937500000E1
6.256839604E1,1.937500000E1
6.257102004E1,1.937500000E1
6.257364504E1,1.937500000E1
6.257626904E1,6.500000000E0
6.257889404E1,6.500000000E0
6.258151904E1,6.500000000E0
6.258414304E1,6.500000000E0
6.258676804E1,6.500000000E0
6.258939204E1,6.500000000E0
6.259201704E1,6.500000000E0
6.259464104E1,6.500000000E0
6.259726604E1,6.500000000E0
6.259989004E1,6.500000000E0
6.260251504E1,6.500000000E0
6.260513904E1,6.500000000E0
6.260776404E1,6.500000000E0
6.261038804E1,6.500000000E0
6.261301304E1,6.500000000E0
6.261563704E1,6.500000000E0
6.261826204E1,6.500000000E0
6.262088604E1,6.500000000E0
6.262351104E1,6.500000000E0
6.262613504E1,6.500000000E0
6.262876004E1,6.500000000E0
6.263138404E1,6.500000000E0
6.263400904E1,6.500000000E0
6.263663304E1,6.500000000E0
6.263925804E1,6.500000000E0
6.264188204E1,6.500000000E0
6.264450704E1,6.500000000E0
6.264713104E1,6.500000000E0
6.264975604E1,6.500000000E0
6.265238004E1,6.500000000E0
6.265500504E1,6.500000000E0
6.265762904E1,6.500000000E0
6.266025404E1,6.500000000E0
6.266287804E1,6.500000000E0
6.266550304E1,6.500000000E0
6.266812704E1,6.500000000E0
6.267075204E1,6.500000000E0
6.267337604E1,6.500000000E0
6.267600104E1,6.500000000E0
6.267862504E1,6.500000000E0
6.268125004E1,6.500000000E0
6.268387404E1,6.500000000E0
6.268649904E1,6.500000000E0
6.268912404E1,6.500000000E0
6.269174804E1,6.500000000E0
6.269437304E1,6.500000000E0
6.269699704E1,6.500000000E0
6.269962204E1,6.500000000E0
6.270224604E1,6.500000000E0
6.270487104E1,6.500000000E0
6.270749504E1,6.500000000E0
6.271012004E1,6.500000000E0
6.271274404E1,6.500000000E0
6.271536904E1,6.500000000E0
6.271799304E1,6.500000000E0
6.272061804E1,6.500000000E0
6.272324204E1,6.500000000E0
6.272586704E1,6.500000000E0
6.272849104E1,6.500000000E0
6.273111604E1,6.500000000E0
6.273374004E1,6.500000000E0
6.273636504E1,6.500000000E0
6.273898904E1,6.500000000E0
6.274161404E1,6.500000000E0
6.274423804E1,6.500000000E0
6.274686304E1,6.500000000E0
6.274948704E1,6.500000000E0
6.275211204E1,6.500000000E0
6.275473604E1,6.500000000E0
6.275736104E1,6.500000000E0
6.275998504E1,6.500000000E0
6.276261004E1,6.500000000E0
6.276523404E1,6.500000000E0
6.276785904E1,6.500000000E0
6.277048304E1,6.500000000E0
6.277310804E1,6.500000000E0
6.277573204E1,6.500000000E0
6.277835704E1,6.500000000E0
6.278098104E1,6.500000000E0
6.278360604E1,6.500000000E0
6.278623004E1,6.500000000E0
6.278885504E1,6.500000000E0
6.279147904E1,6.500000000E0
6.279410404E1,6.500000000E0
6.279672804E1,6.500000000E0
6.279935304E1,6.500000000E0
6.280197804E1,6.500000000E0
6.280460204E1,1.937500000E1
6.280722704E1,1.937500000E1
6.280985104E1,1.937500000E1
6.281247604E1,1.937500000E1
6.281510004E1,1.937500000E1
6.281772504E1,1.937500000E1
6.282034904E1,1.937500000E1
6.282297404E1,1.937500000E1
6.282559804E1,1.937500000E1
6.282822304E1,1.937500000E1
6.283084704E1,6.500000000E0
6.283347204E1,6.500000000E0
6.283609604E1,6.500000000E0
6.283872104E1,6.500000000E0
6.284134504E1,6.500000000E0
6.284397004E1,6.500000000E0
6.284659404E1,6.500000000E0
6.284921904E1,6.500000000E0
6.285184304E1,6.500000000E0
6.285446804E1,6.500000000E0
6.285709204E1,6.500000000E0
6.285971704E1,6.500000000E0
6.286234104E1,6.500000000E0
6.286496604E1,6.500000000E0
6.286759004E1,6.500000000E0
6.287021504E1,6.500000000E0
6.287283904E1,6.500000000E0
6.287546404E1,6.500000000E0
6.287808804E1,6.500000000E0
6.288071304E1,6.500000000E0
6.288333704E1,6.500000000E0
6.288596204E1,6.500000000E0
6.288858604E1,6.500000000E0
6.289121104E1,6.500000000E0
6.289383504E1,6.500000000E0
6.289646004E1,6.500000000E0
6.289908404E1,6.500000000E0
6.290170904E1,6.500000000E0
6.290433304E1,6.500000000E0
6.290695804E1,6.500000000E0
6.290958204E1,6.500000000E0
6.291220704E1,6.500000000E0
6.291483204E1,6.500000000E0
6.291745604E1,6.500000000E0
6.292008104E1,6.500000000E0
6.292270504E1,6.500000000E0
6.292533004E1,6.500000000E0
6.292795404E1,6.500000000E0
6.293057904E1,6.500000000E0
6.293320304E1,6.500000000E0
6.293582804E1,6.500000000E0
6.293845204E1,6.500000000E0
6.294107704E1,6.500000000E0
6.294370104E1,6.500000000E0
6.294632604E1,6.500000000E0
6.294895004E1,6.500000000E0
6.295157504E1,6.500000000E0
6.295419904E1,6.500000000E0
6.295682404E1,6.500000000E0
6.295944804E1,6.500000000E0
6.296207304E1,6.500000000E0
6.296469704E1,6.500000000E0
6.296732204E1,6.500000000E0
6.296994604E1,6.500000000E0
6.297257104E1,6.500000000E0
6.297519504E1,6.500000000E0
6.297782004E1,6.500000000E0
6.298044404E1,6.500000000E0
6.298306904E1,6.500000000E0
6.298569304E1,6.500000000E0
6.298831804E1,6.500000000E0
6.299094204E1,6.500000000E0
6.299356704E1,6.500000000E0
6.299619104E1,6.500000000E0
6.299881604E1,6.500000000E0
6.300144004E1,6.500000000E0
6.300406504E1,6.500000000E0
6.300668904E1,6.500000000E0
6.300931404E1,6.500000000E0
6.301193804E1,6.500000000E0
6.301456304E1,6.500000000E0
6.301718704E1,6.500000000E0
6.301981204E1,6.500000000E0
6.302243604E1,6.500000000E0
6.302506104E1,6.500000000E0
6.302768604E1,6.500000000E0
6.303031004E1,6.500000000E0
6.303293504E1,6.500000000E0
6.303555904E1,6.500000000E0
6.303818404E1,6.500000000E0
6.304080804E1,6.500000000E0
6.304343304E1,6.500000000E0
6.304605704E1,6.500000000E0
6.304868204E1,6.500000000E0
6.305130604E1,6.500000000E0
6.305393104E1,6.500000000E0
6.305655504E1,6.500000000E0
6.305918004E1,6.500000000E0
6.306180404E1,6.500000000E0
6.306442904E1,6.500000000E0
6.306705304E1,6.500000000E0
6.306967804E1,6.500000000E0
6.307230204E1,6.500000000E0
6.307492704E1,6.500000000E0
6.307755104E1,6.500000000E0
6.308017604E1,6.500000000E0
6.308280004E1,6.500000000E0
6.308542504E1,6.500000000E0
6.308804904E1,6.500000000E0
6.309067404E1,6.500000000E0
6.309329804E1,6.500000000E0
6.309592304E1,6.500000000E0
6.309854704E1,6.500000000E0
6.310117204E1,6.500000000E0
6.310379604E1,6.500000000E0
6.310642104E1,6.500000000E0
6.310904504E1,6.500000000E0
6.311167004E1,6.500000000E0
6.311429404E1,6.500000000E0
6.311691904E1,6.500000000E0
6.311954304E1,6.500000000E0
6.312216804E1,6.500000000E0
6.312479204E1,6.500000000E0
6.312741704E1,6.500000000E0
6.313004104E1,6.500000000E0
6.313266604E1,6.500000000E0
6.313529004E1,6.500000000E0
6.313791504E1,6.500000000E0
6.314054004E1,6.500000000E0
6.314316404E1,6.500000000E0
6.314578904E1,6.500000000E0
6.314841304E1,6.500000000E0
6.315103804E1,6.500000000E0
6.315366204E1,6.500000000E0
6.315628704E1,6.500000000E0
6.315891104E1,6.500000000E0
6.316153604E1,6.500000000E0
6.316416004E1,6.500000000E0
6.316678504E1,6.500000000E0
6.316940904E1,6.500000000E0
6.317203404E1,6.500000000E0
6.317465804E1,6.500000000E0
6.317728304E1,6.500000000E0
6.317990704E1,6.500000000E0
6.318253204E1,6.500000000E0
6.318515604E1,6.500000000E0
6.318778104E1,6.500000000E0
6.319040504E1,6.500000000E0
6.319303004E1,6.500000000E0
6.319565404E1,6.500000000E0
6.319827904E1,6.500000000E0
6.320090304E1,6.500000000E0
6.320352804E1,6.500000000E0
6.320615204E1,6.500000000E0
6.320877704E1,6.500000000E0
6.321140104E1,6.500000000E0
6.321402604E1,6.500000000E0
6.321665004E1,6.500000000E0
6.321927504E1,6.500000000E0
6.322189904E1,6.500000000E0
6.322452404E1,6.500000000E0
6.322714804E1,6.500000000E0
6.322977304E1,6.500000000E0
6.323239704E1,6.500000000E0
6.323502204E1,6.500000000E0
6.323764604E1,6.500000000E0
6.324027104E1,6.500000000E0
6.324289504E1,6.500000000E0
6.324552004E1,6.500000000E0
6.324814404E1,6.500000000E0
6.325076904E1,6.500000000E0
6.325339404E1,6.500000000E0
6.325601804E1,6.500000000E0
6.325864304E1,6.500000000E0
6.326126704E1,6.500000000E0
6.326389204E1,6.500000000E0
6.326651604E1,6.500000000E0
6.326914104E1,6.500000000E0
6.327176504E1,6.500000000E0
6.327439004E1,6.500000000E0
6.327701404E1,6.500000000E0
6.327963904E1,6.500000000E0
6.328226304E1,6.500000000E0
6.328488804E1,6.500000000E0
6.328751204E1,6.500000000E0
6.329013704E1,6.500000000E0
6.329276104E1,6.500000000E0
6.329538604E1,6.500000000E0
6.329801004E1,6.500000000E0
6.330063504E1,6.500000000E0
6.330325904E1,6.500000000E0
6.330588404E1,6.500000000E0
6.330850804E1,6.500000000E0
6.331113304E1,6.500000000E0
6.331375704E1,6.500000000E0
6.331638204E1,6.500000000E0
6.331900604E1,6.500000000E0
6.332163104E1,6.500000000E0
6.332425504E1,6.500000000E0
6.332688004E1,6.500000000E0
6.332950404E1,6.500000000E0
6.333212904E1,6.500000000E0
6.333475304E1,6.500000000E0
6.333737804E1,6.500000000E0
6.334000204E1,6.500000000E0
6.334262704E1,6.500000000E0
6.334525104E1,6.500000000E0
6.334787604E1,6.500000000E0
6.335050004E1,6.500000000E0
6.335312504E1,6.500000000E0
6.335574904E1,6.500000000E0
6.335837404E1,6.500000000E0
6.336099904E1,6.500000000E0
6.336362304E1,6.500000000E0
6.336624804E1,6.500000000E0
6.336887204E1,6.500000000E0
6.337149704E1,6.500000000E0
6.337412104E1,6.500000000E0
6.337674604E1,6.500000000E0
6.337937004E1,6.500000000E0
6.338199504E1,6.500000000E0
6.338461904E1,6.500000000E0
6.338724404E1,6.500000000E0
6.338986804E1,6.500000000E0
6.339249304E1,6.500000000E0
6.339511704E1,6.500000000E0
6.339774204E1,6.500000000E0
6.340036604E1,6.500000000E0
6.340299104E1,6.500000000E0
6.340561504E1,6.500000000E0
6.340824004E1,6.500000000E0
6.341086404E1,6.500000000E0
6.341348904E1,6.500000000E0
6.341611304E1,6.500000000E0
6.341873804E1,6.500000000E0
6.342136204E1,6.500000000E0
6.342398704E1,6.500000000E0
6.342661104E1,6.500000000E0
6.342923604E1,6.500000000E0
6.343186004E1,6.500000000E0
6.343448504E1,6.500000000E0
6.343710904E1,6.500000000E0
6.343973404E1,6.500000000E0
6.344235804E1,6.500000000E0
6.344498304E1,6.500000000E0
6.344760704E1,6.500000000E0
6.345023204E1,6.500000000E0
6.345285604E1,6.500000000E0
6.345548104E1,6.500000000E0
6.345810504E1,6.500000000E0
6.346073004E1,6.500000000E0
6.346335404E1,6.500000000E0
6.346597904E1,6.500000000E0
6.346860304E1,6.500000000E0
6.347122804E1,6.500000000E0
6.347385304E1,6.500000000E0
6.347647704E1,6.500000000E0
6.347910204E1,6.500000000E0
6.348172604E1,6.500000000E0
6.348435104E1,6.500000000E0
6.348697504E1,6.500000000E0
6.348960004E1,6.500000000E0
6.349222404E1,1.937500000E1
6.349484904E1,1.937500000E1
6.349747304E1,1.937500000E1
6.350009804E1,1.937500000E1
6.350272204E1,1.937500000E1
6.350534704E1,1.937500000E1
6.350797104E1,1.937500000E1
6.351059604E1,1.937500000E1
6.351322004E1,1.937500000E1
6.351584504E1,1.937500000E1
6.351846904E1,1.937500000E1
6.352109404E1,1.937500000E1
6.352371804E1,1.937500000E1
6.352634304E1,1.937500000E1
6.352896704E1,1.937500000E1
6.353159204E1,1.937500000E1
6.353421604E1,1.937500000E1
6.353684104E1,1.937500000E1
6.353946504E1,1.937500000E1
6.354209004E1,1.937500000E1
6.354471404E1,6.500000000E0
6.354733904E1,6.500000000E0
6.354996304E1,6.500000000E0
6.355258804E1,6.500000000E0
6.355521204E1,6.500000000E0
6.355783704E1,6.500000000E0
6.356046104E1,6.500000000E0
6.356308604E1,6.500000000E0
6.356571004E1,6.500000000E0
6.356833504E1,6.500000000E0
6.357095904E1,6.500000000E0
6.357358404E1,6.500000000E0
6.357620804E1,6.500000000E0
6.357883304E1,6.500000000E0
6.358145704E1,6.500000000E0
6.358408204E1,6.500000000E0
6.358670704E1,6.500000000E0
6.358933104E1,6.500000000E0
6.359195604E1,6.500000000E0
6.359458004E1,6.500000000E0
6.359720504E1,6.500000000E0
6.359982904E1,6.500000000E0
6.360245404E1,6.500000000E0
6.360507804E1,6.500000000E0
6.360770304E1,6.500000000E0
6.361032704E1,6.500000000E0
6.361295204E1,6.500000000E0
6.361557604E1,6.500000000E0
6.361820104E1,1.937500000E1
6.362082504E1,1.937500000E1
6.362345004E1,1.937500000E1
6.362607404E1,1.937500000E1
6.362869904E1,1.937500000E1
6.363132304E1,1.937500000E1
6.363394804E1,1.937500000E1
6.363657204E1,1.937500000E1
6.363919704E1,1.937500000E1
6.364182104E1,1.937500000E1
6.364444604E1,6.500000000E0
6.364707004E1,6.500000000E0
6.364969504E1,6.500000000E0
6.365231904E1,6.500000000E0
6.365494404E1,6.500000000E0
6.365756804E1,6.500000000E0
6.366019304E1,6.500000000E0
6.366281704E1,6.500000000E0
6.366544204E1,6.500000000E0
6.366806604E1,6.500000000E0
6.367069104E1,6.500000000E0
6.367331504E1,6.500000000E0
6.367594004E1,6.500000000E0
6.367856404E1,6.500000000E0
6.368118904E1,6.500000000E0
6.368381304E1,6.500000000E0
6.368643804E1,6.500000000E0
6.368906204E1,6.500000000E0
6.369168704E1,6.500000000E0
6.369431104E1,6.500000000E0
6.369693604E1,6.500000000E0
6.369956104E1,6.500000000E0
6.370218504E1,6.500000000E0
6.370481004E1,6.500000000E0
6.370743404E1,6.500000000E0
6.371005904E1,6.500000000E0
6.371268304E1,6.500000000E0
6.371530804E1,6.500000000E0
6.371793204E1,6.500000000E0
6.372055704E1,6.500000000E0
6.372318104E1,6.500000000E0
6.372580604E1,6.500000000E0
6.372843004E1,6.500000000E0
6.373105504E1,6.500000000E0
6.373367904E1,6.500000000E0
6.373630404E1,6.500000000E0
6.373892804E1,6.500000000E0
6.374155304E1,6.500000000E0
6.374417704E1,6.500000000E0
6.374680204E1,6.500000000E0
6.374942604E1,6.500000000E0
6.375205104E1,6.500000000E0
6.375467504E1,6.500000000E0
6.375730004E1,6.500000000E0
6.375992404E1,6.500000000E0
6.376254904E1,6.500000000E0
6.376517304E1,6.500000000E0
6.376779804E1,6.500000000E0
6.377042204E1,6.500000000E0
6.377304704E1,6.500000000E0
6.377567104E1,6.500000000E0
6.377829604E1,6.500000000E0
6.378092004E1,6.500000000E0
6.378354504E1,6.500000000E0
6.378616904E1,6.500000000E0
6.378879404E1,6.500000000E0
6.379141804E1,6.500000000E0
6.379404304E1,6.500000000E0
6.379666704E1,6.500000000E0
6.379929204E1,6.500000000E0
6.380191604E1,6.500000000E0
6.380454104E1,6.500000000E0
6.380716504E1,6.500000000E0
6.380979004E1,6.500000000E0
6.381241504E1,6.500000000E0
6.381503904E1,6.500000000E0
6.381766404E1,6.500000000E0
6.382028804E1,6.500000000E0
6.382291304E1,6.500000000E0
6.382553704E1,6.500000000E0
6.382816204E1,6.500000000E0
6.383078604E1,6.500000000E0
6.383341104E1,6.500000000E0
6.383603504E1,6.500000000E0
6.383866004E1,6.500000000E0
6.384128404E1,6.500000000E0
6.384390904E1,6.500000000E0
6.384653304E1,6.500000000E0
6.384915804E1,1.937500000E1
6.385178204E1,1.937500000E1
6.385440704E1,1.937500000E1
6.385703104E1,1.937500000E1
6.385965604E1,1.937500000E1
6.386228004E1,1.937500000E1
6.386490504E1,1.937500000E1
6.386752904E1,1.937500000E1
6.387015404E1,1.937500000E1
6.387277804E1,1.937500000E1
6.387540304E1,6.500000000E0
6.387802704E1,6.500000000E0
6.388065204E1,6.500000000E0
6.388327604E1,6.500000000E0
6.388590104E1,6.500000000E0
6.388852504E1,6.500000000E0
6.389115004E1,6.500000000E0
6.389377404E1,6.500000000E0
6.389639904E1,6.500000000E0
6.389902304E1,6.500000000E0
6.390164804E1,6.500000000E0
6.390427204E1,6.500000000E0
6.390689704E1,6.500000000E0
6.390952104E1,6.500000000E0
6.391214604E1,6.500000000E0
6.391477004E1,6.500000000E0
6.391739504E1,6.500000000E0
6.392001904E1,6.500000000E0
6.392264404E1,6.500000000E0
6.392526904E1,6.500000000E0
6.392789304E1,6.500000000E0
6.393051804E1,6.500000000E0
6.393314204E1,6.500000000E0
6.393576704E1,6.500000000E0
6.393839104E1,6.500000000E0
6.394101604E1,6.500000000E0
6.394364004E1,6.500000000E0
6.394626504E1,6.500000000E0
6.394888904E1,6.500000000E0
6.395151404E1,6.500000000E0
6.395413804E1,6.500000000E0
6.395676304E1,6.500000000E0
6.395938704E1,6.500000000E0
6.396201204E1,6.500000000E0
6.396463604E1,6.500000000E0
6.396726104E1,6.500000000E0
6.396988504E1,6.500000000E0
6.397251004E1,6.500000000E0
6.397513404E1,6.500000000E0
6.397775904E1,6.500000000E0
6.398038304E1,6.500000000E0
6.398300804E1,6.500000000E0
6.398563204E1,6.500000000E0
6.398825704E1,6.500000000E0
6.399088104E1,6.500000000E0
6.399350604E1,6.500000000E0
6.399613004E1,6.500000000E0
6.399875504E1,6.500000000E0
6.400137904E1,6.500000000E0
6.400400404E1,6.500000000E0
6.400662804E1,6.500000000E0
6.400925304E1,6.500000000E0
6.401187704E1,6.500000000E0
6.401450204E1,6.500000000E0
6.401712604E1,6.500000000E0
6.401975104E1,6.500000000E0
6.402237504E1,6.500000000E0
6.402500004E1,6.500000000E0
6.402762404E1,6.500000000E0
6.403024904E1,6.500000000E0
6.403287404E1,6.500000000E0
6.403549804E1,6.500000000E0
6.403812304E1,6.500000000E0
6.404074704E1,6.500000000E0
6.404337204E1,6.500000000E0
6.404599604E1,6.500000000E0
6.404862104E1,6.500000000E0
6.405124504E1,6.500000000E0
6.405387004E1,1.937500000E1
6.405649404E1,1.937500000E1
6.405911904E1,1.937500000E1
6.406174304E1,1.937500000E1
6.406436804E1,1.937500000E1
6.406699204E1,1.937500000E1
6.406961704E1,1.937500000E1
6.407224104E1,1.937500000E1
6.407486604E1,1.937500000E1
6.407749004E1,6.500000000E0
6.408011504E1,6.500000000E0
6.408273904E1,6.500000000E0
6.408536404E1,6.500000000E0
6.408798804E1,6.500000000E0
6.409061304E1,6.500000000E0
6.409323704E1,6.500000000E0
6.409586204E1,6.500000000E0
6.409848604E1,6.500000000E0
6.410111104E1,6.500000000E0
6.410373504E1,1.937500000E1
6.410636004E1,1.937500000E1
6.410898404E1,1.937500000E1
6.411160904E1,1.937500000E1
6.411423304E1,1.937500000E1
6.411685804E1,1.937500000E1
6.411948204E1,1.937500000E1
6.412210704E1,1.937500000E1
6.412473104E1,1.937500000E1
6.412735604E1,1.937500000E1
6.412998004E1,6.500000000E0
6.413260504E1,6.500000000E0
6.413522904E1,6.500000000E0
6.413785404E1,6.500000000E0
6.414047804E1,6.500000000E0
6.414310304E1,6.500000000E0
6.414572804E1,6.500000000E0
6.414835204E1,6.500000000E0
6.415097704E1,6.500000000E0
6.415360104E1,6.500000000E0
6.415622604E1,6.500000000E0
6.415885004E1,6.500000000E0
6.416147504E1,6.500000000E0
6.416409904E1,6.500000000E0
6.416672404E1,6.500000000E0
6.416934804E1,6.500000000E0
6.417197304E1,6.500000000E0
6.417459704E1,6.500000000E0
6.417722204E1,6.500000000E0
6.417984604E1,6.500000000E0
6.418247104E1,6.500000000E0
6.418509504E1,6.500000000E0
6.418772004E1,6.500000000E0
6.419034404E1,6.500000000E0
6.419296904E1,6.500000000E0
6.419559304E1,6.500000000E0
6.419821804E1,6.500000000E0
6.420084204E1,6.500000000E0
6.420346704E1,6.500000000E0
6.420609104E1,6.500000000E0
6.420871604E1,6.500000000E0
6.421134004E1,6.500000000E0
6.421396504E1,6.500000000E0
6.421658904E1,6.500000000E0
6.421921404E1,6.500000000E0
6.422183804E1,6.500000000E0
6.422446304E1,6.500000000E0
6.422708704E1,6.500000000E0
6.422971204E1,6.500000000E0
6.423233604E1,6.500000000E0
6.423496104E1,6.500000000E0
6.423758504E1,6.500000000E0
6.424021004E1,6.500000000E0
6.424283404E1,6.500000000E0
6.424545904E1,6.500000000E0
6.424808304E1,6.500000000E0
6.425070804E1,6.500000000E0
6.425333204E1,6.500000000E0
6.425595704E1,6.500000000E0
6.425858204E1,6.500000000E0
6.426120604E1,6.500000000E0
6.426383104E1,6.500000000E0
6.426645504E1,6.500000000E0
6.426908004E1,6.500000000E0
6.427170404E1,6.500000000E0
6.427432904E1,6.500000000E0
6.427695304E1,6.500000000E0
6.427957804E1,6.500000000E0
6.428220204E1,6.500000000E0
6.428482704E1,6.500000000E0
6.428745104E1,6.500000000E0
6.429007604E1,6.500000000E0
6.429270004E1,6.500000000E0
6.429532504E1,6.500000000E0
6.429794904E1,6.500000000E0
6.430057404E1,6.500000000E0
6.430319804E1,6.500000000E0
6.430582304E1,6.500000000E0
6.430844704E1,6.500000000E0
6.431107204E1,6.500000000E0
6.431369604E1,6.500000000E0
6.431632104E1,6.500000000E0
6.431894504E1,6.500000000E0
6.432157004E1,6.500000000E0
6.432419404E1,6.500000000E0
6.432681904E1,6.500000000E0
6.432944304E1,6.500000000E0
6.433206804E1,6.500000000E0
6.433469204E1,6.500000000E0
6.433731704E1,6.500000000E0
6.433994104E1,6.500000000E0
6.434256604E1,6.500000000E0
6.434519004E1,6.500000000E0
6.434781504E1,6.500000000E0
6.435043904E1,6.500000000E0
6.435306404E1,6.500000000E0
6.435568804E1,6.500000000E0
6.435831304E1,6.500000000E0
6.436093704E1,6.500000000E0
6.436356204E1,6.500000000E0
6.436618604E1,6.500000000E0
6.436881104E1,6.500000000E0
6.437143604E1,6.500000000E0
6.437406004E1,6.500000000E0
6.437668504E1,6.500000000E0
6.437930904E1,6.500000000E0
6.438193404E1,6.500000000E0
6.438455804E1,6.500000000E0
6.438718304E1,6.500000000E0
6.438980704E1,6.500000000E0
6.439243204E1,6.500000000E0
6.439505604E1,6.500000000E0
6.439768104E1,6.500000000E0
6.440030504E1,6.500000000E0
6.440293004E1,6.500000000E0
6.440555404E1,6.500000000E0
6.441000322E1,1.937500000E1
6.441791681E1,6.500000000E0
6.442804781E1,6.500000000E0
6.443817981E1,6.500000000E0
6.444831181E1,1.937500000E1
6.445096681E1,1.937500000E1
6.445359181E1,1.937500000E1
6.445621581E1,1.937500000E1
6.445884081E1,1.937500000E1
6.446146481E1,1.937500000E1
6.446408981E1,1.937500000E1
6.446671381E1,6.500000000E0
6.446933881E1,6.500000000E0
6.447196281E1,6.500000000E0
6.447458781E1,6.500000000E0
6.447721181E1,6.500000000E0
6.447983681E1,6.500000000E0
6.448246081E1,6.500000000E0
6.448508581E1,6.500000000E0
6.448770981E1,6.500000000E0
6.449033481E1,6.500000000E0
6.449295881E1,6.500000000E0
6.449558381E1,6.500000000E0
6.449820781E1,6.500000000E0
6.450083281E1,6.500000000E0
6.450345681E1,6.500000000E0
6.450608181E1,6.500000000E0
6.450870581E1,6.500000000E0
6.451133081E1,6.500000000E0
6.451395481E1,6.500000000E0
6.451657981E1,6.500000000E0
6.451920381E1,6.500000000E0
6.452182881E1,6.500000000E0
6.452445281E1,6.500000000E0
6.452707781E1,6.500000000E0
6.452970181E1,6.500000000E0
6.453232681E1,6.500000000E0
6.453495181E1,6.500000000E0
6.453757581E1,6.500000000E0
6.454020081E1,6.500000000E0
6.454282481E1,6.500000000E0
6.454544981E1,6.500000000E0
6.454807381E1,6.500000000E0
6.455069881E1,6.500000000E0
6.455332281E1,6.500000000E0
6.455594781E1,6.500000000E0
6.455857181E1,6.500000000E0
6.456119681E1,6.500000000E0
6.456382081E1,6.500000000E0
6.456644581E1,6.500000000E0
6.456906981E1,6.500000000E0
6.457169481E1,6.500000000E0
6.457431881E1,6.500000000E0
6.457694381E1,6.500000000E0
6.457956781E1,6.500000000E0
6.458219281E1,6.500000000E0
6.458481681E1,6.500000000E0
6.458744181E1,6.500000000E0
6.459006581E1,6.500000000E0
6.459269081E1,6.500000000E0
6.459531481E1,1.937500000E1
6.459793981E1,1.937500000E1
6.460056381E1,1.937500000E1
6.460318881E1,1.937500000E1
6.460581281E1,1.937500000E1
6.460843781E1,1.937500000E1
6.461106181E1,1.937500000E1
6.461368681E1,1.937500000E1
6.461631081E1,1.937500000E1
6.461893581E1,6.500000000E0
6.462155981E1,6.500000000E0
6.462418481E1,6.500000000E0
6.462680881E1,6.500000000E0
6.462943381E1,6.500000000E0
6.463205781E1,6.500000000E0
6.463468281E1,6.500000000E0
6.463730681E1,6.500000000E0
6.463993181E1,6.500000000E0
6.464255581E1,6.500000000E0
6.464518081E1,6.500000000E0
6.464780581E1,6.500000000E0
6.465042981E1,6.500000000E0
6.465305481E1,6.500000000E0
6.465567881E1,6.500000000E0
6.465830381E1,6.500000000E0
6.466092781E1,6.500000000E0
6.466355281E1,6.500000000E0
6.466617681E1,6.500000000E0
6.466880181E1,6.500000000E0
6.467142581E1,6.500000000E0
6.467405081E1,6.500000000E0
6.467667481E1,6.500000000E0
6.467929981E1,6.500000000E0
6.468192381E1,6.500000000E0
6.468454881E1,6.500000000E0
6.468717281E1,6.500000000E0
6.468979781E1,6.500000000E0
6.469242181E1,6.500000000E0
6.469504681E1,6.500000000E0
6.469767081E1,6.500000000E0
6.470029581E1,6.500000000E0
6.470291981E1,6.500000000E0
6.470554481E1,6.500000000E0
6.470816881E1,6.500000000E0
6.471079381E1,6.500000000E0
6.471341781E1,6.500000000E0
6.471604281E1,6.500000000E0
6.471866681E1,6.500000000E0
6.472129181E1,6.500000000E0
6.472391581E1,6.500000000E0
6.472654081E1,6.500000000E0
6.472916481E1,6.500000000E0
6.473178981E1,6.500000000E0
6.473441381E1,6.500000000E0
6.473703881E1,6.500000000E0
6.473966281E1,6.500000000E0
6.474228781E1,6.500000000E0
6.474491181E1,6.500000000E0
6.474753681E1,1.937500000E1
6.475016081E1,1.937500000E1
6.475278581E1,1.937500000E1
6.475540981E1,1.937500000E1
6.475803481E1,1.937500000E1
6.476065981E1,1.937500000E1
6.476328381E1,1.937500000E1
6.476590881E1,1.937500000E1
6.476853281E1,1.937500000E1
6.477115781E1,1.937500000E1
6.477378181E1,6.500000000E0
6.477640681E1,6.500000000E0
6.477903081E1,6.500000000E0
6.478165581E1,6.500000000E0
6.478427981E1,6.500000000E0
6.478690481E1,6.500000000E0
6.478952881E1,6.500000000E0
6.479215381E1,6.500000000E0
6.479477781E1,6.500000000E0
6.479740281E1,6.500000000E0
6.480002681E1,6.500000000E0
6.480265181E1,6.500000000E0
6.480527581E1,6.500000000E0
6.480790081E1,6.500000000E0
6.481052481E1,6.500000000E0
6.481314981E1,6.500000000E0
6.481577381E1,6.500000000E0
6.481839881E1,6.500000000E0
6.482102281E1,6.500000000E0
6.482364781E1,6.500000000E0
6.482627181E1,6.500000000E0
6.482889681E1,6.500000000E0
6.483152081E1,6.500000000E0
6.483414581E1,6.500000000E0
6.483676981E1,6.500000000E0
6.483939481E1,6.500000000E0
6.484201881E1,6.500000000E0
6.484464381E1,6.500000000E0
6.484726781E1,6.500000000E0
6.484989281E1,6.500000000E0
6.485251681E1,6.500000000E0
6.485514181E1,6.500000000E0
6.485776581E1,6.500000000E0
6.486039081E1,6.500000000E0
6.486301481E1,6.500000000E0
6.486563981E1,6.500000000E0
6.486826381E1,6.500000000E0
6.487088881E1,6.500000000E0
6.487351381E1,6.500000000E0
6.487613781E1,6.500000000E0
6.487876281E1,6.500000000E0
6.488138681E1,6.500000000E0
6.488401181E1,6.500000000E0
6.488663581E1,6.500000000E0
6.488926081E1,6.500000000E0
6.489188481E1,6.500000000E0
6.489450981E1,6.500000000E0
6.489713381E1,6.500000000E0
6.489975881E1,6.500000000E0
6.490238281E1,6.500000000E0
6.490500781E1,6.500000000E0
6.490763181E1,6.500000000E0
6.491025681E1,6.500000000E0
6.491288081E1,6.500000000E0
6.491550581E1,6.500000000E0
6.491812981E1,6.500000000E0
6.492075481E1,6.500000000E0
6.492337881E1,6.500000000E0
6.492600381E1,1.937500000E1
6.492862781E1,1.937500000E1
6.493125281E1,1.937500000E1
6.493387681E1,1.937500000E1
6.493650181E1,1.937500000E1
6.493912581E1,1.937500000E1
6.494175081E1,1.937500000E1
6.494437481E1,1.937500000E1
6.494699981E1,1.937500000E1
6.494962381E1,1.937500000E1
6.495224881E1,1.937500000E1
6.495487281E1,1.937500000E1
6.495749781E1,1.937500000E1
6.496012181E1,1.937500000E1
6.496274681E1,1.937500000E1
6.496537081E1,1.937500000E1
6.496799581E1,1.937500000E1
6.497061981E1,1.937500000E1
6.497324481E1,1.937500000E1
6.497586881E1,1.937500000E1
6.497849381E1,1.937500000E1
6.498111781E1,1.937500000E1
6.498374281E1,1.937500000E1
6.498636781E1,1.937500000E1
6.498899181E1,1.937500000E1
6.499161681E1,1.937500000E1
6.499424081E1,1.937500000E1
6.499686581E1,1.937500000E1
6.499948981E1,1.937500000E1
6.500211481E1,1.937500000E1
6.500473881E1,1.937500000E1
6.500736381E1,1.937500000E1
6.500998781E1,1.937500000E1
6.501261281E1,1.937500000E1
6.501523681E1,1.937500000E1
6.501786181E1,1.937500000E1
6.502048581E1,1.937500000E1
6.502311081E1,1.937500000E1
6.502573481E1,6.500000000E0
6.502835981E1,6.500000000E0
6.503098381E1,6.500000000E0
6.503360881E1,6.500000000E0
6.503623281E1,6.500000000E0
6.503885781E1,6.500000000E0
6.504148181E1,6.500000000E0
6.504410681E1,6.500000000E0
6.504673081E1,6.500000000E0
6.504935581E1,6.500000000E0
6.505197981E1,1.937500000E1
6.505460481E1,1.937500000E1
6.505722881E1,1.937500000E1
6.505985381E1,1.937500000E1
6.506247781E1,1.937500000E1
6.506510281E1,1.937500000E1
6.506772681E1,1.937500000E1
6.507035181E1,1.937500000E1
6.507297581E1,1.937500000E1
6.507560081E1,1.937500000E1
6.507822481E1,6.500000000E0
6.508084981E1,6.500000000E0
6.508347381E1,6.500000000E0
6.508609881E1,6.500000000E0
6.508872281E1,6.500000000E0
6.509134781E1,6.500000000E0
6.509397281E1,6.500000000E0
6.509659681E1,6.500000000E0
6.509922181E1,6.500000000E0
6.510184581E1,6.500000000E0
6.510447081E1,6.500000000E0
6.510709481E1,6.500000000E0
6.510971981E1,6.500000000E0
6.511234381E1,6.500000000E0
6.511496881E1,6.500000000E0
6.511759281E1,6.500000000E0
6.512021781E1,6.500000000E0
6.512284181E1,6.500000000E0
6.512546681E1,6.500000000E0
6.512809081E1,6.500000000E0
6.513071581E1,6.500000000E0
6.513333981E1,6.500000000E0
6.513596481E1,6.500000000E0
6.513858881E1,6.500000000E0
6.514121381E1,6.500000000E0
6.514383781E1,6.500000000E0
6.514646281E1,6.500000000E0
6.514908681E1,6.500000000E0
6.515171181E1,6.500000000E0
6.515433581E1,6.500000000E0
6.515696081E1,6.500000000E0
6.515958481E1,6.500000000E0
6.516220981E1,6.500000000E0
6.516483381E1,6.500000000E0
6.516745881E1,6.500000000E0
6.517008281E1,6.500000000E0
6.517270781E1,6.500000000E0
6.517533181E1,6.500000000E0
6.517795681E1,6.500000000E0
6.518058081E1,6.500000000E0
6.518320581E1,6.500000000E0
6.518582981E1,6.500000000E0
6.518845481E1,6.500000000E0
6.519107881E1,6.500000000E0
6.519370381E1,6.500000000E0
6.519632781E1,6.500000000E0
6.519895281E1,6.500000000E0
6.520157681E1,6.500000000E0
6.520420181E1,1.937500000E1
6.520682681E1,1.937500000E1
6.520945081E1,1.937500000E1
6.521207581E1,1.937500000E1
6.521469981E1,1.937500000E1
6.521732481E1,1.937500000E1
6.521994881E1,1.937500000E1
6.522257381E1,1.937500000E1
6.522519781E1,1.937500000E1
6.522782281E1,1.937500000E1
6.523044681E1,1.937500000E1
6.523307181E1,1.937500000E1
6.523569581E1,1.937500000E1
6.523832081E1,1.937500000E1
6.524094481E1,1.937500000E1
6.524356981E1,1.937500000E1
6.524619381E1,1.937500000E1
6.524881881E1,1.937500000E1
6.525144281E1,1.937500000E1
6.525406781E1,1.937500000E1
6.525669181E1,6.500000000E0
6.525931681E1,6.500000000E0
6.526194081E1,6.500000000E0
6.526456581E1,6.500000000E0
6.526718981E1,6.500000000E0
6.526981481E1,6.500000000E0
6.527243881E1,6.500000000E0
6.527506381E1,6.500000000E0
6.527768781E1,6.500000000E0
6.528031281E1,6.500000000E0
6.528293681E1,6.500000000E0
6.528556181E1,6.500000000E0
6.528818581E1,6.500000000E0
6.529081081E1,6.500000000E0
6.529343481E1,6.500000000E0
6.529605981E1,6.500000000E0
6.529868381E1,6.500000000E0
6.530130881E1,6.500000000E0
6.530393281E1,6.500000000E0
6.530655781E1,6.500000000E0
6.530918181E1,6.500000000E0
6.531180681E1,6.500000000E0
6.531443081E1,6.500000000E0
6.531705581E1,6.500000000E0
6.531968081E1,6.500000000E0
6.532230481E1,6.500000000E0
6.532492981E1,6.500000000E0
6.532755381E1,6.500000000E0
6.533017881E1,6.500000000E0
6.533280281E1,6.500000000E0
6.533542781E1,6.500000000E0
6.533805181E1,6.500000000E0
6.534067681E1,6.500000000E0
6.534330081E1,6.500000000E0
6.534592581E1,6.500000000E0
6.534854981E1,6.500000000E0
6.535117481E1,6.500000000E0
6.535379881E1,6.500000000E0
6.535642381E1,6.500000000E0
6.535904781E1,6.500000000E0
6.536167281E1,6.500000000E0
6.536429681E1,6.500000000E0
6.536692181E1,6.500000000E0
6.536954581E1,6.500000000E0
6.537217081E1,6.500000000E0
6.537479481E1,6.500000000E0
6.537741981E1,6.500000000E0
6.538004381E1,6.500000000E0
6.538266881E1,6.500000000E0
6.538529281E1,6.500000000E0
6.538791781E1,6.500000000E0
6.539054181E1,6.500000000E0
6.539316681E1,6.500000000E0
6.539579081E1,6.500000000E0
6.539841581E1,6.500000000E0
6.540103981E1,6.500000000E0
6.540366481E1,6.500000000E0
6.540628881E1,6.500000000E0
6.540891381E1,1.937500000E1
6.541153781E1,1.937500000E1
6.541416281E1,1.937500000E1
6.541678681E1,1.937500000E1
6.541941181E1,1.937500000E1
6.542203581E1,1.937500000E1
6.542466081E1,1.937500000E1
6.542728481E1,1.937500000E1
6.542990981E1,1.937500000E1
6.543253481E1,1.937500000E1
6.543515881E1,6.500000000E0
6.543778381E1,6.500000000E0
6.544040781E1,6.500000000E0
6.544303281E1,6.500000000E0
6.544565681E1,6.500000000E0
6.544828181E1,6.500000000E0
6.545090581E1,6.500000000E0
6.545353081E1,6.500000000E0
6.545615481E1,6.500000000E0
6.545877981E1,6.500000000E0
6.546140381E1,6.500000000E0
6.546402881E1,6.500000000E0
6.546665281E1,6.500000000E0
6.546927781E1,6.500000000E0
6.547190181E1,6.500000000E0
6.547452681E1,6.500000000E0
6.547715081E1,6.500000000E0
6.547977581E1,6.500000000E0
6.548239981E1,6.500000000E0
6.548502481E1,1.937500000E1
6.548764881E1,1.937500000E1
6.549027381E1,1.937500000E1
6.549289781E1,1.937500000E1
6.549552281E1,1.937500000E1
6.549814681E1,1.937500000E1
6.550077181E1,1.937500000E1
6.550339581E1,1.937500000E1
6.550602081E1,1.937500000E1
6.550864481E1,1.937500000E1
6.551126981E1,6.500000000E0
6.551389381E1,6.500000000E0
6.551651881E1,6.500000000E0
6.551914281E1,6.500000000E0
6.552176781E1,6.500000000E0
6.552439181E1,6.500000000E0
6.552701681E1,6.500000000E0
6.552964081E1,6.500000000E0
6.553226581E1,6.500000000E0
6.553488981E1,6.500000000E0
6.553751481E1,1.937500000E1
6.554013881E1,1.937500000E1
6.554276381E1,1.937500000E1
6.554538881E1,1.937500000E1
6.554801281E1,1.937500000E1
6.555063781E1,1.937500000E1
6.555326181E1,1.937500000E1
6.555588681E1,1.937500000E1
6.555851081E1,1.937500000E1
6.556113581E1,6.500000000E0
6.556375981E1,6.500000000E0
6.556638481E1,6.500000000E0
6.556900881E1,6.500000000E0
6.557163381E1,6.500000000E0
6.557425781E1,6.500000000E0
6.557688281E1,6.500000000E0
6.557950681E1,6.500000000E0
6.558213181E1,6.500000000E0
6.558475581E1,6.500000000E0
6.558738081E1,6.500000000E0
6.559000481E1,6.500000000E0
6.559262981E1,6.500000000E0
6.559525381E1,6.500000000E0
6.559787881E1,6.500000000E0
6.560050281E1,6.500000000E0
6.560312781E1,6.500000000E0
6.560575181E1,6.500000000E0
6.560837681E1,6.500000000E0
6.561100081E1,6.500000000E0
6.561362581E1,6.500000000E0
6.561624981E1,6.500000000E0
6.561887481E1,6.500000000E0
6.562149881E1,6.500000000E0
6.562412381E1,6.500000000E0
6.562674781E1,6.500000000E0
6.562937281E1,6.500000000E0
6.563199681E1,6.500000000E0
6.563462181E1,6.500000000E0
6.563724581E1,6.500000000E0
6.563987081E1,6.500000000E0
6.564249481E1,6.500000000E0
6.564511981E1,6.500000000E0
6.564774381E1,6.500000000E0
6.565036881E1,6.500000000E0
6.565299281E1,6.500000000E0
6.565561781E1,6.500000000E0
6.565824281E1,6.500000000E0
6.566086681E1,6.500000000E0
6.566349181E1,1.937500000E1
6.566611581E1,1.937500000E1
6.566874081E1,1.937500000E1
6.567136481E1,1.937500000E1
6.567398981E1,1.937500000E1
6.567661381E1,1.937500000E1
6.567923881E1,1.937500000E1
6.568186281E1,1.937500000E1
6.568448781E1,1.937500000E1
6.568711181E1,6.500000000E0
6.568973681E1,6.500000000E0
6.569236081E1,6.500000000E0
6.569498581E1,6.500000000E0
6.569760981E1,6.500000000E0
6.570023481E1,6.500000000E0
6.570285881E1,6.500000000E0
6.570548381E1,6.500000000E0
6.570810781E1,6.500000000E0
6.571073281E1,6.500000000E0
6.571335681E1,6.500000000E0
6.571598181E1,6.500000000E0
6.571860581E1,6.500000000E0
6.572123081E1,6.500000000E0
6.572385481E1,6.500000000E0
6.572647981E1,6.500000000E0
6.572910381E1,6.500000000E0
6.573172881E1,6.500000000E0
6.573435281E1,6.500000000E0
6.573697781E1,6.500000000E0
6.573960181E1,6.500000000E0
6.574222681E1,6.500000000E0
6.574485081E1,6.500000000E0
6.574747581E1,6.500000000E0
6.575009981E1,6.500000000E0
6.575272481E1,6.500000000E0
6.575534881E1,6.500000000E0
6.575797381E1,6.500000000E0
6.576059781E1,6.500000000E0
6.576322281E1,6.500000000E0
6.576584781E1,1.937500000E1
6.576847181E1,1.937500000E1
6.577109681E1,1.937500000E1
6.577372081E1,1.937500000E1
6.577634581E1,1.937500000E1
6.577896981E1,1.937500000E1
6.578159481E1,1.937500000E1
6.578421881E1,1.937500000E1
6.578684381E1,1.937500000E1
6.578946781E1,1.937500000E1
6.579209281E1,6.500000000E0
6.579471681E1,6.500000000E0
6.579734181E1,6.500000000E0
6.579996581E1,6.500000000E0
6.580259081E1,6.500000000E0
6.580521481E1,6.500000000E0
6.580783981E1,6.500000000E0
6.581046381E1,6.500000000E0
6.581308881E1,6.500000000E0
6.581571281E1,1.937500000E1
6.581833781E1,1.937500000E1
6.582096181E1,1.937500000E1
6.582358681E1,1.937500000E1
6.582621081E1,1.937500000E1
6.582883581E1,1.937500000E1
6.583145981E1,1.937500000E1
6.583408481E1,1.937500000E1
6.583670881E1,1.937500000E1
6.583933381E1,1.937500000E1
6.584195781E1,6.500000000E0
6.584458281E1,6.500000000E0
6.584720681E1,6.500000000E0
6.584983181E1,6.500000000E0
6.585245581E1,6.500000000E0
6.585508081E1,6.500000000E0
6.585770481E1,6.500000000E0
6.586032981E1,6.500000000E0
6.586295381E1,6.500000000E0
6.586557881E1,6.500000000E0
6.586820281E1,6.500000000E0
6.587082781E1,6.500000000E0
6.587345181E1,6.500000000E0
6.587607681E1,6.500000000E0
6.587870181E1,6.500000000E0
6.588132581E1,6.500000000E0
6.588395081E1,6.500000000E0
6.588657481E1,6.500000000E0
6.588919981E1,6.500000000E0
6.589182381E1,6.500000000E0
6.589444881E1,6.500000000E0
6.589707281E1,6.500000000E0
6.589969781E1,6.500000000E0
6.590232181E1,6.500000000E0
6.590494681E1,6.500000000E0
6.590757081E1,6.500000000E0
6.591019581E1,6.500000000E0
6.591281981E1,6.500000000E0
6.591544481E1,6.500000000E0
6.591806881E1,6.500000000E0
6.592069381E1,6.500000000E0
6.592331781E1,6.500000000E0
6.592594281E1,6.500000000E0
6.592856681E1,6.500000000E0
6.593119181E1,6.500000000E0
6.593381581E1,6.500000000E0
6.593644081E1,6.500000000E0
6.593906481E1,6.500000000E0
6.594168981E1,6.500000000E0
6.594431381E1,6.500000000E0
6.594693881E1,6.500000000E0
6.594956281E1,6.500000000E0
6.595218781E1,6.500000000E0
6.595481181E1,6.500000000E0
6.595743681E1,6.500000000E0
6.596006081E1,6.500000000E0
6.596268581E1,6.500000000E0
6.596530981E1,6.500000000E0
6.596793481E1,6.500000000E0
6.597055881E1,6.500000000E0
6.597318381E1,6.500000000E0
6.597580781E1,6.500000000E0
6.597843281E1,6.500000000E0
6.598105681E1,6.500000000E0
6.598368181E1,6.500000000E0
6.598630581E1,6.500000000E0
6.598893081E1,6.500000000E0
6.599155581E1,6.500000000E0
6.599417981E1,1.937500000E1
6.599680481E1,1.937500000E1
6.599942881E1,1.937500000E1
6.600205381E1,1.937500000E1
6.600467781E1,1.937500000E1
6.600730281E1,1.937500000E1
6.600992681E1,1.937500000E1
6.601255181E1,1.937500000E1
6.601517581E1,1.937500000E1
6.601780081E1,1.937500000E1
6.602042481E1,6.500000000E0
6.602304981E1,6.500000000E0
6.602567381E1,6.500000000E0
6.602829881E1,6.500000000E0
6.603092281E1,6.500000000E0
6.603354781E1,6.500000000E0
6.603617181E1,6.500000000E0
6.603879681E1,6.500000000E0
6.604142081E1,6.500000000E0
6.604404581E1,6.500000000E0
6.604666981E1,6.500000000E0
6.604929481E1,6.500000000E0
6.605191881E1,6.500000000E0
6.605454381E1,6.500000000E0
6.605716781E1,6.500000000E0
6.605979281E1,6.500000000E0
6.606241681E1,6.500000000E0
6.606504181E1,6.500000000E0
6.606766581E1,6.500000000E0
6.607029081E1,6.500000000E0
6.607291481E1,6.500000000E0
6.607553981E1,6.500000000E0
6.607816381E1,6.500000000E0
6.608078881E1,6.500000000E0
6.608341281E1,6.500000000E0
6.608603781E1,6.500000000E0
6.608866181E1,6.500000000E0
6.609128681E1,6.500000000E0
6.609391081E1,6.500000000E0
6.609653581E1,1.937500000E1
6.609915981E1,1.937500000E1
6.610178481E1,1.937500000E1
6.610440981E1,1.937500000E1
6.610703381E1,1.937500000E1
6.610965881E1,1.937500000E1
6.611228281E1,1.937500000E1
6.611490781E1,1.937500000E1
6.611753181E1,1.937500000E1
6.612015681E1,1.937500000E1
6.612278081E1,6.500000000E0
6.612540581E1,6.500000000E0
6.612802981E1,6.500000000E0
6.613065481E1,6.500000000E0
6.613327881E1,6.500000000E0
6.613590381E1,6.500000000E0
6.613852781E1,6.500000000E0
6.614115281E1,6.500000000E0
6.614377681E1,6.500000000E0
6.614640181E1,6.500000000E0
6.614902581E1,6.500000000E0
6.615165081E1,6.500000000E0
6.615427481E1,6.500000000E0
6.615689981E1,6.500000000E0
6.615952381E1,6.500000000E0
6.616214881E1,6.500000000E0
6.616477281E1,6.500000000E0
6.616739781E1,6.500000000E0
6.617002181E1,6.500000000E0
6.617264681E1,6.500000000E0
6.617527081E1,6.500000000E0
6.617789581E1,6.500000000E0
6.618051981E1,6.500000000E0
6.618314481E1,6.500000000E0
6.618576881E1,6.500000000E0
6.618839381E1,6.500000000E0
6.619101781E1,6.500000000E0
6.619364281E1,6.500000000E0
6.619626681E1,6.500000000E0
6.619889181E1,1.937500000E1
6.620151581E1,1.937500000E1
6.620414081E1,1.937500000E1
6.620676481E1,1.937500000E1
6.620938981E1,1.937500000E1
6.621201381E1,1.937500000E1
6.621463881E1,1.937500000E1
6.621726381E1,1.937500000E1
6.621988781E1,1.937500000E1
6.622251281E1,1.937500000E1
6.622513681E1,1.937500000E1
6.622776181E1,1.937500000E1
6.623038581E1,1.937500000E1
6.623301081E1,1.937500000E1
6.623563481E1,1.937500000E1
6.623825981E1,1.937500000E1
6.624088381E1,1.937500000E1
6.624350881E1,1.937500000E1
6.624613281E1,1.937500000E1
6.624875781E1,6.500000000E0
6.625138181E1,6.500000000E0
6.625400681E1,6.500000000E0
6.625663081E1,6.500000000E0
6.625925581E1,6.500000000E0
6.626187981E1,6.500000000E0
6.626450481E1,6.500000000E0
6.626712881E1,6.500000000E0
6.626975381E1,6.500000000E0
6.627237781E1,6.500000000E0
6.627500281E1,6.500000000E0
6.627762681E1,6.500000000E0
6.628025181E1,6.500000000E0
6.628287581E1,6.500000000E0
6.628550081E1,6.500000000E0
6.628812481E1,6.500000000E0
6.629074981E1,6.500000000E0
6.629337381E1,6.500000000E0
6.629599881E1,6.500000000E0
6.629862281E1,6.500000000E0
6.630124781E1,6.500000000E0
6.630387181E1,6.500000000E0
6.630649681E1,6.500000000E0
6.630912081E1,6.500000000E0
6.631174581E1,6.500000000E0
6.631436981E1,6.500000000E0
6.631699481E1,6.500000000E0
6.631961881E1,6.500000000E0
6.632224381E1,6.500000000E0
6.632486781E1,1.937500000E1
6.632749281E1,1.937500000E1
6.633011781E1,1.937500000E1
6.633274181E1,1.937500000E1
6.633536681E1,1.937500000E1
6.633799081E1,1.937500000E1
6.634061581E1,1.937500000E1
6.634323981E1,1.937500000E1
6.634586481E1,1.937500000E1
6.634848881E1,1.937500000E1
6.635111381E1,6.500000000E0
6.635373781E1,6.500000000E0
6.635636281E1,6.500000000E0
6.635898681E1,6.500000000E0
6.636161181E1,6.500000000E0
6.636423581E1,6.500000000E0
6.636686081E1,6.500000000E0
6.636948481E1,6.500000000E0
6.637210981E1,6.500000000E0
6.637473381E1,6.500000000E0
6.637735881E1,6.500000000E0
6.637998281E1,6.500000000E0
6.638260781E1,6.500000000E0
6.638523181E1,6.500000000E0
6.638785681E1,6.500000000E0
6.639048081E1,6.500000000E0
6.639310581E1,6.500000000E0
6.639572981E1,6.500000000E0
6.639835481E1,6.500000000E0
6.640097881E1,6.500000000E0
6.640360381E1,6.500000000E0
6.640622781E1,6.500000000E0
6.640885281E1,6.500000000E0
6.641147681E1,6.500000000E0
6.641410181E1,6.500000000E0
6.641672581E1,6.500000000E0
6.641935081E1,6.500000000E0
6.642197481E1,6.500000000E0
6.642459981E1,6.500000000E0
6.642722381E1,1.937500000E1
6.642984881E1,1.937500000E1
6.643247281E1,1.937500000E1
6.643509781E1,1.937500000E1
6.643772281E1,1.937500000E1
6.644034681E1,1.937500000E1
6.644297181E1,1.937500000E1
6.644559581E1,1.937500000E1
6.644822081E1,1.937500000E1
6.645084481E1,1.937500000E1
6.645346981E1,6.500000000E0
6.645609381E1,6.500000000E0
6.645871881E1,6.500000000E0
6.646134281E1,6.500000000E0
6.646396781E1,6.500000000E0
6.646659181E1,6.500000000E0
6.646921681E1,6.500000000E0
6.647184081E1,6.500000000E0
6.647446581E1,6.500000000E0
6.647708981E1,6.500000000E0
6.647971481E1,6.500000000E0
6.648233881E1,6.500000000E0
6.648496381E1,6.500000000E0
6.648758781E1,6.500000000E0
6.649021281E1,6.500000000E0
6.649283681E1,6.500000000E0
6.649546181E1,6.500000000E0
6.649808581E1,6.500000000E0
6.650071081E1,6.500000000E0
6.650333481E1,6.500000000E0
6.650595981E1,6.500000000E0
6.650858381E1,6.500000000E0
6.651120881E1,6.500000000E0
6.651383281E1,6.500000000E0
6.651645781E1,6.500000000E0
6.651908181E1,6.500000000E0
6.652170681E1,6.500000000E0
6.652433081E1,6.500000000E0
6.652695581E1,6.500000000E0
6.652957981E1,6.500000000E0
6.653220481E1,6.500000000E0
6.653482881E1,6.500000000E0
6.653745381E1,6.500000000E0
6.654007781E1,6.500000000E0
6.654270281E1,6.500000000E0
6.654532681E1,6.500000000E0
6.654795181E1,6.500000000E0
6.655057681E1,6.500000000E0
6.655320081E1,6.500000000E0
6.655582581E1,6.500000000E0
6.655844981E1,6.500000000E0
6.656107481E1,6.500000000E0
6.656369881E1,6.500000000E0
6.656632381E1,6.500000000E0
6.656894781E1,6.500000000E0
6.657157281E1,6.500000000E0
6.657419681E1,6.500000000E0
6.657682181E1,6.500000000E0
6.657944581E1,1.937500000E1
6.658207081E1,1.937500000E1
6.658469481E1,1.937500000E1
6.658731981E1,1.937500000E1
6.658994381E1,1.937500000E1
6.659256881E1,1.937500000E1
6.659519281E1,1.937500000E1
6.659781781E1,1.937500000E1
6.660044181E1,1.937500000E1
6.660306681E1,1.937500000E1
6.660569081E1,6.500000000E0
6.660831581E1,6.500000000E0
6.661093981E1,6.500000000E0
6.661356481E1,6.500000000E0
6.661618881E1,6.500000000E0
6.661881381E1,6.500000000E0
6.662143781E1,6.500000000E0
6.662406281E1,6.500000000E0
6.662668681E1,6.500000000E0
6.662931181E1,6.500000000E0
6.663193581E1,1.937500000E1
6.663456081E1,1.937500000E1
6.663718481E1,1.937500000E1
6.663980981E1,1.937500000E1
6.664243381E1,1.937500000E1
6.664505881E1,1.937500000E1
6.664768281E1,1.937500000E1
6.665030781E1,1.937500000E1
6.665293181E1,1.937500000E1
6.665555681E1,6.500000000E0
6.665818081E1,6.500000000E0
6.666080581E1,6.500000000E0
6.666343081E1,6.500000000E0
6.666605481E1,6.500000000E0
6.666867981E1,6.500000000E0
6.667130381E1,6.500000000E0
6.667392881E1,6.500000000E0
6.667655281E1,6.500000000E0
6.667917781E1,6.500000000E0
6.668180181E1,6.500000000E0
6.668442681E1,6.500000000E0
6.668705081E1,6.500000000E0
6.668967581E1,6.500000000E0
6.669229981E1,6.500000000E0
6.669492481E1,6.500000000E0
6.669754881E1,6.500000000E0
6.670017381E1,6.500000000E0
6.670279781E1,6.500000000E0
6.670542281E1,6.500000000E0
6.670804681E1,1.937500000E1
6.671067181E1,1.937500000E1
6.671329581E1,1.937500000E1
6.671592081E1,1.937500000E1
6.671854481E1,1.937500000E1
6.672116981E1,1.937500000E1
6.672379381E1,1.937500000E1
6.672641881E1,1.937500000E1
6.672904281E1,1.937500000E1
6.673166781E1,1.937500000E1
6.673429181E1,1.937500000E1
6.673691681E1,1.937500000E1
6.673954081E1,1.937500000E1
6.674216581E1,1.937500000E1
6.674478981E1,1.937500000E1
6.674741481E1,1.937500000E1
6.675003881E1,1.937500000E1
6.675266381E1,1.937500000E1
6.675528781E1,1.937500000E1
6.675791281E1,1.937500000E1
6.676053681E1,1.937500000E1
6.676316181E1,1.937500000E1
6.676578581E1,1.937500000E1
6.676841081E1,1.937500000E1
6.677103481E1,1.937500000E1
6.677365981E1,1.937500000E1
6.677628481E1,1.937500000E1
6.677890881E1,1.937500000E1
6.678153381E1,1.937500000E1
6.678415781E1,1.937500000E1
6.678678281E1,1.937500000E1
6.678940681E1,1.937500000E1
6.679203181E1,1.937500000E1
6.679465581E1,1.937500000E1
6.679728081E1,1.937500000E1
6.679990481E1,1.937500000E1
6.680252981E1,1.937500000E1
6.680515381E1,1.937500000E1
6.680777881E1,1.937500000E1
6.681040281E1,1.937500000E1
6.681302781E1,1.937500000E1
6.681565181E1,1.937500000E1
6.681827681E1,1.937500000E1
6.682090081E1,1.937500000E1
6.682352581E1,1.937500000E1
6.682614981E1,1.937500000E1
6.682877481E1,1.937500000E1
6.683139881E1,1.937500000E1
6.683402381E1,6.500000000E0
6.683664781E1,6.500000000E0
6.683927281E1,6.500000000E0
6.684189681E1,6.500000000E0
6.684452181E1,6.500000000E0
6.684714581E1,6.500000000E0
6.684977081E1,6.500000000E0
6.685239481E1,6.500000000E0
6.685501981E1,6.500000000E0
6.685764381E1,6.500000000E0
6.686026881E1,6.500000000E0
6.686289281E1,6.500000000E0
6.686551781E1,6.500000000E0
6.686814181E1,6.500000000E0
6.687076681E1,6.500000000E0
6.687339081E1,6.500000000E0
6.687601581E1,6.500000000E0
6.687863981E1,6.500000000E0
6.688126481E1,6.500000000E0
6.688388881E1,6.500000000E0
6.688651381E1,6.500000000E0
6.688913881E1,6.500000000E0
6.689176281E1,6.500000000E0
6.689438781E1,6.500000000E0
6.689701181E1,6.500000000E0
6.689963681E1,6.500000000E0
6.690226081E1,6.500000000E0
6.690488581E1,6.500000000E0
6.690750981E1,6.500000000E0
6.691013481E1,1.937500000E1
6.691275881E1,1.937500000E1
6.691538381E1,1.937500000E1
6.691800781E1,1.937500000E1
6.692063281E1,1.937500000E1
6.692325681E1,1.937500000E1
6.692588181E1,1.937500000E1
6.692850581E1,1.937500000E1
6.693113081E1,1.937500000E1
6.693375481E1,1.937500000E1
6.693637981E1,6.500000000E0
6.693900381E1,6.500000000E0
6.694162881E1,6.500000000E0
6.694425281E1,6.500000000E0
6.694687781E1,6.500000000E0
6.694950181E1,6.500000000E0
6.695212681E1,6.500000000E0
6.695475081E1,6.500000000E0
6.695737581E1,6.500000000E0
6.695999981E1,6.500000000E0
6.696262481E1,6.500000000E0
6.696524881E1,6.500000000E0
6.696787381E1,6.500000000E0
6.697049781E1,6.500000000E0
6.697312281E1,6.500000000E0
6.697574681E1,6.500000000E0
6.697837181E1,6.500000000E0
6.698099581E1,6.500000000E0
6.698362081E1,6.500000000E0
6.698624481E1,6.500000000E0
6.698886981E1,6.500000000E0
6.699149381E1,6.500000000E0
6.699411881E1,6.500000000E0
6.699674281E1,6.500000000E0
6.699936781E1,6.500000000E0
6.700199281E1,6.500000000E0
6.700461681E1,6.500000000E0
6.700724181E1,6.500000000E0
6.700986581E1,6.500000000E0
6.701249081E1,6.500000000E0
6.701511481E1,6.500000000E0
6.701773981E1,6.500000000E0
6.702036381E1,6.500000000E0
6.702298881E1,6.500000000E0
6.702561281E1,6.500000000E0
6.702823781E1,6.500000000E0
6.703086181E1,6.500000000E0
6.703348681E1,6.500000000E0
6.703611081E1,6.500000000E0
6.703873581E1,6.500000000E0
6.704135981E1,6.500000000E0
6.704398481E1,6.500000000E0
6.704660881E1,6.500000000E0
6.704923381E1,6.500000000E0
6.705185781E1,6.500000000E0
6.705448281E1,6.500000000E0
6.705710681E1,6.500000000E0
6.705973181E1,6.500000000E0
6.706235581E1,6.500000000E0
6.706498081E1,6.500000000E0
6.706760481E1,6.500000000E0
6.707022981E1,6.500000000E0
6.707285381E1,6.500000000E0
6.707547881E1,6.500000000E0
6.707810281E1,6.500000000E0
6.708072781E1,6.500000000E0
6.708335181E1,6.500000000E0
6.708597681E1,6.500000000E0
6.708860081E1,1.937500000E1
6.709122581E1,1.937500000E1
6.709384981E1,1.937500000E1
6.709647481E1,1.937500000E1
6.709909881E1,1.937500000E1
6.710172381E1,1.937500000E1
6.710434781E1,1.937500000E1
6.710697281E1,1.937500000E1
6.710959781E1,1.937500000E1
6.711222181E1,1.937500000E1
6.711484681E1,1.937500000E1
6.711747081E1,1.937500000E1
6.712009581E1,1.937500000E1
6.712271981E1,1.937500000E1
6.712534481E1,1.937500000E1
6.712796881E1,1.937500000E1
6.713059381E1,1.937500000E1
6.713321781E1,1.937500000E1
6.713584281E1,1.937500000E1
6.713846681E1,1.937500000E1
6.714109181E1,1.937500000E1
6.714371581E1,1.937500000E1
6.714634081E1,1.937500000E1
6.714896481E1,1.937500000E1
6.715158981E1,1.937500000E1
6.715421381E1,1.937500000E1
6.715683881E1,1.937500000E1
6.715946281E1,1.937500000E1
6.716208781E1,1.937500000E1
6.716471181E1,1.937500000E1
6.716733681E1,1.937500000E1
6.716996081E1,1.937500000E1
6.717258581E1,1.937500000E1
6.717520981E1,1.937500000E1
6.717783481E1,1.937500000E1
6.718045881E1,1.937500000E1
6.718308381E1,1.937500000E1
6.718570781E1,1.937500000E1
6.718833281E1,1.937500000E1
6.719095681E1,6.500000000E0
6.719358181E1,6.500000000E0
6.719620581E1,6.500000000E0
6.719883081E1,6.500000000E0
6.720145481E1,6.500000000E0
6.720407981E1,6.500000000E0
6.720670381E1,6.500000000E0
6.720932881E1,6.500000000E0
6.721195281E1,6.500000000E0
6.721457781E1,6.500000000E0
6.721720181E1,1.937500000E1
6.721982681E1,1.937500000E1
6.722245181E1,1.937500000E1
6.722507581E1,1.937500000E1
6.722770081E1,1.937500000E1
6.723032481E1,1.937500000E1
6.723294981E1,1.937500000E1
6.723557381E1,1.937500000E1
6.723819881E1,1.937500000E1
6.724082281E1,6.500000000E0
6.724344781E1,6.500000000E0
6.724607181E1,6.500000000E0
6.724869681E1,6.500000000E0
6.725132081E1,6.500000000E0
6.725394581E1,6.500000000E0
6.725656981E1,6.500000000E0
6.725919481E1,6.500000000E0
6.726181881E1,6.500000000E0
6.726444381E1,6.500000000E0
6.726706781E1,6.500000000E0
6.726969281E1,6.500000000E0
6.727231681E1,6.500000000E0
6.727494181E1,6.500000000E0
6.727756581E1,6.500000000E0
6.728019081E1,6.500000000E0
6.728281481E1,6.500000000E0
6.728543981E1,6.500000000E0
6.728806381E1,6.500000000E0
6.729068881E1,6.500000000E0
6.729331281E1,1.937500000E1
6.729593781E1,1.937500000E1
6.729856181E1,1.937500000E1
6.730118681E1,1.937500000E1
6.730381081E1,1.937500000E1
6.730643581E1,1.937500000E1
6.730905981E1,1.937500000E1
6.731168481E1,1.937500000E1
6.731430881E1,1.937500000E1
6.731693381E1,1.937500000E1
6.731955781E1,6.500000000E0
6.732218281E1,6.500000000E0
6.732480681E1,6.500000000E0
6.732743181E1,6.500000000E0
6.733005581E1,6.500000000E0
6.733268081E1,6.500000000E0
6.733530581E1,6.500000000E0
6.733792981E1,6.500000000E0
6.734055481E1,6.500000000E0
6.734317881E1,6.500000000E0
6.734580381E1,6.500000000E0
6.734842781E1,6.500000000E0
6.735105281E1,6.500000000E0
6.735367681E1,6.500000000E0
6.735630181E1,6.500000000E0
6.735892581E1,6.500000000E0
6.736155081E1,6.500000000E0
6.736417481E1,6.500000000E0
6.736679981E1,6.500000000E0
6.736942381E1,6.500000000E0
6.737204881E1,6.500000000E0
6.737467281E1,6.500000000E0
6.737729781E1,6.500000000E0
6.737992181E1,6.500000000E0
6.738254681E1,6.500000000E0
6.738517081E1,6.500000000E0
6.738779581E1,6.500000000E0
6.739041981E1,6.500000000E0
6.739304481E1,6.500000000E0
6.739566881E1,1.937500000E1
6.739829381E1,1.937500000E1
6.740091781E1,1.937500000E1
6.740354281E1,1.937500000E1
6.740616681E1,1.937500000E1
6.740879181E1,1.937500000E1
6.741141581E1,1.937500000E1
6.741404081E1,1.937500000E1
6.741666481E1,1.937500000E1
6.741928981E1,6.500000000E0
6.742191381E1,6.500000000E0
6.742453881E1,6.500000000E0
6.742716281E1,6.500000000E0
6.742978781E1,6.500000000E0
6.743241181E1,6.500000000E0
6.743503681E1,6.500000000E0
6.743766081E1,6.500000000E0
6.744028581E1,6.500000000E0
6.744290981E1,6.500000000E0
6.744553481E1,1.937500000E1
6.744815981E1,1.937500000E1
6.745078381E1,1.937500000E1
6.745340881E1,1.937500000E1
6.745603281E1,1.937500000E1
6.745865781E1,1.937500000E1
6.746128181E1,1.937500000E1
6.746390681E1,1.937500000E1
6.746653081E1,1.937500000E1
6.746915581E1,1.937500000E1
6.747177981E1,1.937500000E1
6.747440481E1,1.937500000E1
6.747702881E1,1.937500000E1
6.747965381E1,1.937500000E1
6.748227781E1,1.937500000E1
6.748490281E1,1.937500000E1
6.748752681E1,1.937500000E1
6.749015181E1,1.937500000E1
6.749277581E1,1.937500000E1
6.749540081E1,1.937500000E1
6.749802481E1,6.500000000E0
6.750064981E1,6.500000000E0
6.750327381E1,6.500000000E0
6.750589881E1,6.500000000E0
6.750852281E1,6.500000000E0
6.751114781E1,6.500000000E0
6.751377181E1,6.500000000E0
6.751639681E1,6.500000000E0
6.751902081E1,6.500000000E0
6.752164581E1,6.500000000E0
6.752426981E1,6.500000000E0
6.752689481E1,6.500000000E0
6.752951881E1,6.500000000E0
6.753214381E1,6.500000000E0
6.753476781E1,6.500000000E0
6.753739281E1,6.500000000E0
6.754001681E1,6.500000000E0
6.754264181E1,6.500000000E0
6.754526581E1,6.500000000E0
6.754789081E1,6.500000000E0
6.755051481E1,6.500000000E0
6.755313981E1,6.500000000E0
6.755576381E1,6.500000000E0
6.755838881E1,6.500000000E0
6.756101381E1,6.500000000E0
6.756363781E1,6.500000000E0
6.756626281E1,6.500000000E0
6.756888681E1,6.500000000E0
6.757151181E1,6.500000000E0
6.757413581E1,1.937500000E1
6.757676081E1,1.937500000E1
6.757938481E1,1.937500000E1
6.758200981E1,1.937500000E1
6.758463381E1,1.937500000E1
6.758725881E1,1.937500000E1
6.758988281E1,1.937500000E1
6.759250781E1,1.937500000E1
6.759513181E1,1.937500000E1
6.759775681E1,6.500000000E0
6.760038081E1,6.500000000E0
6.760300581E1,6.500000000E0
6.760562981E1,6.500000000E0
6.760825481E1,6.500000000E0
6.761087881E1,6.500000000E0
6.761350381E1,6.500000000E0
6.761612781E1,6.500000000E0
6.761875281E1,6.500000000E0
6.762137681E1,6.500000000E0
6.762400181E1,1.937500000E1
6.762662581E1,1.937500000E1
6.762925081E1,1.937500000E1
6.763187481E1,1.937500000E1
6.763449981E1,1.937500000E1
6.763712381E1,1.937500000E1
6.763974881E1,1.937500000E1
6.764237281E1,1.937500000E1
6.764499781E1,1.937500000E1
6.764762181E1,1.937500000E1
6.765024681E1,6.500000000E0
6.765287081E1,6.500000000E0
6.765549581E1,6.500000000E0
6.765811981E1,6.500000000E0
6.766074481E1,6.500000000E0
6.766336881E1,6.500000000E0
6.766599381E1,6.500000000E0
6.766861781E1,6.500000000E0
6.767124281E1,6.500000000E0
6.767386781E1,6.500000000E0
6.767649181E1,6.500000000E0
6.767911681E1,6.500000000E0
6.768174081E1,6.500000000E0
6.768436581E1,6.500000000E0
6.768698981E1,6.500000000E0
6.768961481E1,6.500000000E0
6.769223881E1,6.500000000E0
6.769486381E1,6.500000000E0
6.769748781E1,6.500000000E0
6.770011281E1,6.500000000E0
6.770273681E1,6.500000000E0
6.770536181E1,6.500000000E0
6.770798581E1,6.500000000E0
6.771061081E1,6.500000000E0
6.771323481E1,6.500000000E0
6.771585981E1,6.500000000E0
6.771848381E1,6.500000000E0
6.772110881E1,6.500000000E0
6.772373281E1,6.500000000E0
6.772635781E1,6.500000000E0
6.772898181E1,6.500000000E0
6.773160681E1,6.500000000E0
6.773423081E1,6.500000000E0
6.773685581E1,6.500000000E0
6.773947981E1,6.500000000E0
6.774210481E1,6.500000000E0
6.774472881E1,6.500000000E0
6.774735381E1,6.500000000E0
6.774997781E1,6.500000000E0
6.775260281E1,6.500000000E0
6.775522681E1,6.500000000E0
6.775785181E1,6.500000000E0
6.776047581E1,6.500000000E0
6.776310081E1,6.500000000E0
6.776572481E1,6.500000000E0
6.776834981E1,6.500000000E0
6.777097381E1,6.500000000E0
6.777359881E1,6.500000000E0
6.777622281E1,6.500000000E0
6.777884781E1,6.500000000E0
6.778147281E1,6.500000000E0
6.778409681E1,6.500000000E0
6.778672181E1,6.500000000E0
6.778934581E1,6.500000000E0
6.779197081E1,6.500000000E0
6.779459481E1,6.500000000E0
6.779721981E1,6.500000000E0
6.779984381E1,6.500000000E0
6.780246881E1,1.937500000E1
6.780509281E1,1.937500000E1
6.780771781E1,1.937500000E1
6.781034181E1,1.937500000E1
6.781296681E1,1.937500000E1
6.781559081E1,1.937500000E1
6.781821581E1,1.937500000E1
6.782083981E1,1.937500000E1
6.782346481E1,1.937500000E1
6.782608881E1,1.937500000E1
6.782871381E1,1.937500000E1
6.783133781E1,1.937500000E1
6.783396281E1,1.937500000E1
6.783658681E1,1.937500000E1
6.783921181E1,1.937500000E1
6.784183581E1,1.937500000E1
6.784446081E1,1.937500000E1
6.784708481E1,1.937500000E1
6.784970981E1,1.937500000E1
6.785233381E1,6.500000000E0
6.785495881E1,6.500000000E0
6.785758281E1,6.500000000E0
6.786020781E1,6.500000000E0
6.786283181E1,6.500000000E0
6.786545681E1,6.500000000E0
6.786808081E1,6.500000000E0
6.787070581E1,6.500000000E0
6.787332981E1,6.500000000E0
6.787595481E1,6.500000000E0
6.787857881E1,1.937500000E1
6.788120381E1,1.937500000E1
6.788382781E1,1.937500000E1
6.788645281E1,1.937500000E1
6.788907681E1,1.937500000E1
6.789170181E1,1.937500000E1
6.789432681E1,1.937500000E1
6.789695081E1,1.937500000E1
6.789957581E1,1.937500000E1
6.790219981E1,6.500000000E0
6.790482481E1,6.500000000E0
6.790744881E1,6.500000000E0
6.791007381E1,6.500000000E0
6.791269781E1,6.500000000E0
6.791532281E1,6.500000000E0
6.791794681E1,6.500000000E0
6.792057181E1,6.500000000E0
6.792319581E1,6.500000000E0
6.792582081E1,6.500000000E0
6.792844481E1,6.500000000E0
6.793106981E1,1.937500000E1
6.793369381E1,1.937500000E1
6.793631881E1,1.937500000E1
6.793894281E1,1.937500000E1
6.794156781E1,1.937500000E1
6.794419181E1,1.937500000E1
6.794681681E1,1.937500000E1
6.794944081E1,1.937500000E1
6.795206581E1,1.937500000E1
6.795468981E1,6.500000000E0
6.795731481E1,6.500000000E0
6.795993881E1,6.500000000E0
6.796256381E1,6.500000000E0
6.796518781E1,6.500000000E0
6.796781281E1,6.500000000E0
6.797043681E1,6.500000000E0
6.797306181E1,6.500000000E0
6.797568581E1,6.500000000E0
6.797831081E1,6.500000000E0
6.798093481E1,1.937500000E1
6.798355981E1,1.937500000E1
6.798618381E1,1.937500000E1
6.798880881E1,1.937500000E1
6.799143281E1,1.937500000E1
6.799405781E1,1.937500000E1
6.799668181E1,1.937500000E1
6.799930681E1,1.937500000E1
6.800193081E1,1.937500000E1
6.800455581E1,1.937500000E1
6.800718081E1,6.500000000E0
6.800980481E1,6.500000000E0
6.801242981E1,6.500000000E0
6.801505381E1,6.500000000E0
6.801767881E1,6.500000000E0
6.802030281E1,6.500000000E0
6.802292781E1,6.500000000E0
6.802555181E1,6.500000000E0
6.802817681E1,6.500000000E0
6.803080081E1,1.937500000E1
6.803342581E1,1.937500000E1
6.803604981E1,1.937500000E1
6.803867481E1,1.937500000E1
6.804129881E1,1.937500000E1
6.804392381E1,1.937500000E1
6.804654781E1,1.937500000E1
6.804917281E1,1.937500000E1
6.805179681E1,1.937500000E1
6.805442181E1,1.937500000E1
6.805704581E1,6.500000000E0
6.805967081E1,6.500000000E0
6.806229481E1,6.500000000E0
6.806491981E1,6.500000000E0
6.806754381E1,6.500000000E0
6.807016881E1,6.500000000E0
6.807279281E1,6.500000000E0
6.807541781E1,6.500000000E0
6.807804181E1,6.500000000E0
6.808066681E1,6.500000000E0
6.808329081E1,6.500000000E0
6.808591581E1,6.500000000E0
6.808853981E1,6.500000000E0
6.809116481E1,6.500000000E0
6.809378881E1,6.500000000E0
6.809641381E1,6.500000000E0
6.809903781E1,6.500000000E0
6.810166281E1,6.500000000E0
6.810428681E1,6.500000000E0
6.810691181E1,1.937500000E1
6.810953581E1,1.937500000E1
6.811216081E1,1.937500000E1
6.811478481E1,1.937500000E1
6.811740981E1,1.937500000E1
6.812003481E1,1.937500000E1
6.812265881E1,1.937500000E1
6.812528381E1,1.937500000E1
6.812790781E1,1.937500000E1
6.813053281E1,1.937500000E1
6.813315681E1,1.937500000E1
6.813578181E1,1.937500000E1
6.813840581E1,1.937500000E1
6.814103081E1,1.937500000E1
6.814365481E1,1.937500000E1
6.814627981E1,1.937500000E1
6.814890381E1,1.937500000E1
6.815152881E1,1.937500000E1
6.815415281E1,1.937500000E1
6.815677781E1,1.937500000E1
6.815940181E1,6.500000000E0
6.816202681E1,6.500000000E0
6.816465081E1,6.500000000E0
6.816727581E1,6.500000000E0
6.816989981E1,6.500000000E0
6.817252481E1,6.500000000E0
6.817514881E1,6.500000000E0
6.817777381E1,6.500000000E0
6.818039781E1,6.500000000E0
6.818302281E1,6.500000000E0
6.818564681E1,6.500000000E0
6.818827181E1,6.500000000E0
6.819089581E1,6.500000000E0
6.819352081E1,6.500000000E0
6.819614481E1,6.500000000E0
6.819876981E1,6.500000000E0
6.820139381E1,6.500000000E0
6.820401881E1,6.500000000E0
6.820664281E1,6.500000000E0
6.820926781E1,1.937500000E1
6.821189181E1,1.937500000E1
6.821451681E1,1.937500000E1
6.821714081E1,1.937500000E1
6.821976581E1,1.937500000E1
6.822238981E1,1.937500000E1
6.822501481E1,1.937500000E1
6.822763881E1,1.937500000E1
6.823026381E1,1.937500000E1
6.823288881E1,1.937500000E1
6.823551281E1,6.500000000E0
6.823813781E1,6.500000000E0
6.824076181E1,6.500000000E0
6.824338681E1,6.500000000E0
6.824601081E1,6.500000000E0
6.824863581E1,6.500000000E0
6.825125981E1,6.500000000E0
6.825388481E1,6.500000000E0
6.825650881E1,6.500000000E0
6.825913381E1,6.500000000E0
6.826175781E1,6.500000000E0
6.826438281E1,6.500000000E0
6.826700681E1,6.500000000E0
6.826963181E1,6.500000000E0
6.827225581E1,6.500000000E0
6.827488081E1,6.500000000E0
6.827750481E1,6.500000000E0
6.828012981E1,6.500000000E0
6.828275381E1,6.500000000E0
6.828537881E1,1.937500000E1
6.828800281E1,1.937500000E1
6.829062781E1,1.937500000E1
6.829325181E1,1.937500000E1
6.829587681E1,1.937500000E1
6.829850081E1,1.937500000E1
6.830112581E1,1.937500000E1
6.830374981E1,1.937500000E1
6.830637481E1,1.937500000E1
6.830899881E1,1.937500000E1
6.831162381E1,1.937500000E1
6.831424781E1,1.937500000E1
6.831687281E1,1.937500000E1
6.831949681E1,1.937500000E1
6.832212181E1,1.937500000E1
6.832474581E1,1.937500000E1
6.832737081E1,1.937500000E1
6.832999481E1,1.937500000E1
6.833261981E1,1.937500000E1
6.833524381E1,1.937500000E1
6.833786881E1,1.937500000E1
6.834049281E1,1.937500000E1
6.834311781E1,1.937500000E1
6.834574281E1,1.937500000E1
6.834836681E1,1.937500000E1
6.835099181E1,1.937500000E1
6.835361581E1,1.937500000E1
6.835624081E1,1.937500000E1
6.835886481E1,1.937500000E1
6.836148981E1,1.937500000E1
6.836411381E1,1.937500000E1
6.836673881E1,1.937500000E1
6.836936281E1,1.937500000E1
6.837198781E1,1.937500000E1
6.837461181E1,1.937500000E1
6.837723681E1,1.937500000E1
6.837986081E1,1.937500000E1
6.838248581E1,1.937500000E1
6.838510981E1,1.937500000E1
6.838773481E1,6.500000000E0
6.839035881E1,6.500000000E0
6.839298381E1,6.500000000E0
6.839560781E1,6.500000000E0
6.839823281E1,6.500000000E0
6.840085681E1,6.500000000E0
6.840348181E1,6.500000000E0
6.840610581E1,6.500000000E0
6.840873081E1,6.500000000E0
6.841135481E1,6.500000000E0
6.841397981E1,1.937500000E1
6.841660381E1,1.937500000E1
6.841922881E1,1.937500000E1
6.842185281E1,1.937500000E1
6.842447781E1,1.937500000E1
6.842710181E1,1.937500000E1
6.842972681E1,1.937500000E1
6.843235081E1,1.937500000E1
6.843497581E1,1.937500000E1
6.843759981E1,6.500000000E0
6.844022481E1,6.500000000E0
6.844284881E1,6.500000000E0
6.844547381E1,6.500000000E0
6.844809781E1,6.500000000E0
6.845072281E1,6.500000000E0
6.845334781E1,6.500000000E0
6.845597181E1,6.500000000E0
6.845859681E1,6.500000000E0
6.846122081E1,6.500000000E0
6.846384581E1,6.500000000E0
6.846646981E1,6.500000000E0
6.846909481E1,6.500000000E0
6.847171881E1,6.500000000E0
6.847434381E1,6.500000000E0
6.847696781E1,6.500000000E0
6.847959281E1,6.500000000E0
6.848221681E1,6.500000000E0
6.848484181E1,6.500000000E0
6.848746581E1,6.500000000E0
6.849009081E1,6.500000000E0
6.849271481E1,6.500000000E0
6.849533981E1,6.500000000E0
6.849796381E1,6.500000000E0
6.850058881E1,6.500000000E0
6.850321281E1,6.500000000E0
6.850583781E1,6.500000000E0
6.850846181E1,6.500000000E0
6.851108681E1,6.500000000E0
6.851371081E1,6.500000000E0
6.851633581E1,6.500000000E0
6.851895981E1,6.500000000E0
6.852158481E1,6.500000000E0
6.852420881E1,6.500000000E0
6.852683381E1,6.500000000E0
6.852945781E1,6.500000000E0
6.853208281E1,6.500000000E0
6.853470681E1,6.500000000E0
6.853733181E1,6.500000000E0
6.853995581E1,6.500000000E0
6.854258081E1,6.500000000E0
6.854520481E1,6.500000000E0
6.854782981E1,6.500000000E0
6.855045381E1,6.500000000E0
6.855307881E1,6.500000000E0
6.855570281E1,6.500000000E0
6.855832781E1,6.500000000E0
6.856095181E1,6.500000000E0
6.856357681E1,6.500000000E0
6.856620181E1,6.500000000E0
6.856882581E1,6.500000000E0
6.857145081E1,6.500000000E0
6.857407481E1,6.500000000E0
6.857669981E1,6.500000000E0
6.857932381E1,6.500000000E0
6.858194881E1,6.500000000E0
6.858457281E1,6.500000000E0
6.858719781E1,6.500000000E0
6.858982181E1,6.500000000E0
6.859244681E1,6.500000000E0
6.859507081E1,6.500000000E0
6.859769581E1,6.500000000E0
6.860031981E1,6.500000000E0
6.860294481E1,6.500000000E0
6.860556881E1,6.500000000E0
6.860819381E1,6.500000000E0
6.861081781E1,6.500000000E0
6.861344281E1,6.500000000E0
6.861606681E1,1.937500000E1
6.861869181E1,1.937500000E1
6.862131581E1,1.937500000E1
6.862394081E1,1.937500000E1
6.862656481E1,1.937500000E1
6.862918981E1,1.937500000E1
6.863181381E1,1.937500000E1
6.863443881E1,1.937500000E1
6.863706281E1,1.937500000E1
6.863968781E1,1.937500000E1
6.864231181E1,1.937500000E1
6.864493681E1,1.937500000E1
6.864756081E1,1.937500000E1
6.865018581E1,1.937500000E1
6.865280981E1,1.937500000E1
6.865543481E1,1.937500000E1
6.865805881E1,1.937500000E1
6.866068381E1,1.937500000E1
6.866330781E1,1.937500000E1
6.866593281E1,1.937500000E1
6.866855681E1,6.500000000E0
6.867118181E1,6.500000000E0
6.867380581E1,6.500000000E0
6.867643081E1,6.500000000E0
6.867905581E1,6.500000000E0
6.868167981E1,6.500000000E0
6.868430481E1,6.500000000E0
6.868692881E1,6.500000000E0
6.868955381E1,6.500000000E0
6.869217781E1,6.500000000E0
6.869480281E1,6.500000000E0
6.869742681E1,6.500000000E0
6.870005181E1,6.500000000E0
6.870267581E1,6.500000000E0
6.870530081E1,6.500000000E0
6.870792481E1,6.500000000E0
6.871054981E1,6.500000000E0
6.871317381E1,6.500000000E0
6.871579881E1,6.500000000E0
6.871842281E1,1.937500000E1
6.872104781E1,1.937500000E1
6.872367181E1,1.937500000E1
6.872629681E1,1.937500000E1
6.872892081E1,1.937500000E1
6.873154581E1,1.937500000E1
6.873416981E1,1.937500000E1
6.873679481E1,1.937500000E1
6.873941881E1,1.937500000E1
6.874204381E1,1.937500000E1
6.874466781E1,1.937500000E1
6.874729281E1,1.937500000E1
6.874991681E1,1.937500000E1
6.875254181E1,1.937500000E1
6.875516581E1,1.937500000E1
6.875779081E1,1.937500000E1
6.876041481E1,1.937500000E1
6.876303981E1,1.937500000E1
6.876566381E1,1.937500000E1
6.876828881E1,1.937500000E1
6.877091281E1,1.937500000E1
6.877353781E1,1.937500000E1
6.877616181E1,1.937500000E1
6.877878681E1,1.937500000E1
6.878141081E1,1.937500000E1
6.878403581E1,1.937500000E1
6.878665981E1,1.937500000E1
6.878928481E1,1.937500000E1
6.879190981E1,1.937500000E1
6.879453381E1,6.500000000E0
6.879715881E1,6.500000000E0
6.879978281E1,6.500000000E0
6.880240781E1,6.500000000E0
6.880503181E1,6.500000000E0
6.880765681E1,6.500000000E0
6.881028081E1,6.500000000E0
6.881290581E1,6.500000000E0
6.881552981E1,6.500000000E0
6.881815481E1,6.500000000E0
6.882077881E1,1.937500000E1
6.882340381E1,1.937500000E1
6.882602781E1,1.937500000E1
6.882865281E1,1.937500000E1
6.883127681E1,1.937500000E1
6.883390181E1,1.937500000E1
6.883652581E1,1.937500000E1
6.883915081E1,1.937500000E1
6.884177481E1,1.937500000E1
6.884439981E1,1.937500000E1
6.884702381E1,1.937500000E1
6.884964881E1,1.937500000E1
6.885227281E1,1.937500000E1
6.885489781E1,1.937500000E1
6.885752181E1,1.937500000E1
6.886014681E1,1.937500000E1
6.886277081E1,1.937500000E1
6.886539581E1,1.937500000E1
6.886801981E1,1.937500000E1
6.887064481E1,1.937500000E1
6.887326881E1,6.500000000E0
6.887589381E1,6.500000000E0
6.887851781E1,6.500000000E0
6.888114281E1,6.500000000E0
6.888376681E1,6.500000000E0
6.888639181E1,6.500000000E0
6.888901581E1,6.500000000E0
6.889164081E1,6.500000000E0
6.889426481E1,6.500000000E0
6.889688981E1,1.937500000E1
6.889951381E1,1.937500000E1
6.890213881E1,1.937500000E1
6.890476381E1,1.937500000E1
6.890738781E1,1.937500000E1
6.891001281E1,1.937500000E1
6.891263681E1,1.937500000E1
6.891526181E1,1.937500000E1
6.891788581E1,1.937500000E1
6.892051081E1,1.937500000E1
6.892313481E1,6.500000000E0
6.892575981E1,6.500000000E0
6.892838381E1,6.500000000E0
6.893100881E1,6.500000000E0
6.893363281E1,6.500000000E0
6.893625781E1,6.500000000E0
6.893888181E1,6.500000000E0
6.894150681E1,6.500000000E0
6.894413081E1,6.500000000E0
6.894675581E1,6.500000000E0
6.894937981E1,6.500000000E0
6.895200481E1,6.500000000E0
6.895462881E1,6.500000000E0
6.895725381E1,6.500000000E0
6.895987781E1,6.500000000E0
6.896250281E1,6.500000000E0
6.896512681E1,6.500000000E0
6.896775181E1,6.500000000E0
6.897037581E1,6.500000000E0
6.897300081E1,6.500000000E0
6.897562481E1,6.500000000E0
6.897824981E1,6.500000000E0
6.898087381E1,6.500000000E0
6.898349881E1,6.500000000E0
6.898612281E1,6.500000000E0
6.898874781E1,6.500000000E0
6.899137181E1,6.500000000E0
6.899399681E1,6.500000000E0
6.899662081E1,6.500000000E0
6.899924581E1,1.937500000E1
6.900186981E1,1.937500000E1
6.900449481E1,1.937500000E1
6.900711881E1,1.937500000E1
6.900974381E1,1.937500000E1
6.901236781E1,1.937500000E1
6.901499281E1,1.937500000E1
6.901761781E1,1.937500000E1
6.902024181E1,1.937500000E1
6.902286681E1,1.937500000E1
6.902549081E1,6.500000000E0
6.902811581E1,6.500000000E0
6.903073981E1,6.500000000E0
6.903336481E1,6.500000000E0
6.903598881E1,6.500000000E0
6.903861381E1,6.500000000E0
6.904123781E1,6.500000000E0
6.904386281E1,6.500000000E0
6.904648681E1,6.500000000E0
6.904911181E1,6.500000000E0
6.905173581E1,6.500000000E0
6.905436081E1,6.500000000E0
6.905698481E1,6.500000000E0
6.905960981E1,6.500000000E0
6.906223381E1,6.500000000E0
6.906485881E1,6.500000000E0
6.906748281E1,6.500000000E0
6.907010781E1,6.500000000E0
6.907273181E1,6.500000000E0
6.907535681E1,1.937500000E1
6.907798081E1,1.937500000E1
6.908060581E1,1.937500000E1
6.908322981E1,1.937500000E1
6.908585481E1,1.937500000E1
6.908847881E1,1.937500000E1
6.909110381E1,1.937500000E1
6.909372781E1,1.937500000E1
6.909635281E1,1.937500000E1
6.909897681E1,1.937500000E1
6.910160181E1,6.500000000E0
6.910422581E1,6.500000000E0
6.910685081E1,6.500000000E0
6.910947481E1,6.500000000E0
6.911209981E1,6.500000000E0
6.911472381E1,6.500000000E0
6.911734881E1,6.500000000E0
6.911997281E1,6.500000000E0
6.912259781E1,6.500000000E0
6.912522281E1,6.500000000E0
6.912784681E1,6.500000000E0
6.913047181E1,6.500000000E0
6.913309581E1,6.500000000E0
6.913572081E1,6.500000000E0
6.913834481E1,6.500000000E0
6.914096981E1,6.500000000E0
6.914359381E1,6.500000000E0
6.914621881E1,6.500000000E0
6.914884281E1,6.500000000E0
6.915146781E1,6.500000000E0
6.915409181E1,6.500000000E0
6.915671681E1,6.500000000E0
6.915934081E1,6.500000000E0
6.916196581E1,6.500000000E0
6.916458981E1,6.500000000E0
6.916721481E1,6.500000000E0
6.916983881E1,6.500000000E0
6.917246381E1,6.500000000E0
6.917508781E1,6.500000000E0
6.917846391E1,6.500000000E0
6.918617939E1,6.500000000E0
6.919631139E1,6.500000000E0
6.920644339E1,6.500000000E0
6.921657539E1,6.500000000E0
6.921923039E1,6.500000000E0
6.922185439E1,6.500000000E0
6.922447939E1,6.500000000E0
6.922710339E1,6.500000000E0
6.922972839E1,6.500000000E0
6.923235339E1,6.500000000E0
6.923497739E1,6.500000000E0
6.923760239E1,6.500000000E0
6.924022639E1,6.500000000E0
6.924285139E1,6.500000000E0
6.924547539E1,6.500000000E0
6.924810039E1,6.500000000E0
6.925072439E1,6.500000000E0
6.925334939E1,6.500000000E0
6.925597339E1,6.500000000E0
6.925859839E1,6.500000000E0
6.926122239E1,6.500000000E0
6.926384739E1,6.500000000E0
6.926647139E1,6.500000000E0
6.926909639E1,6.500000000E0
6.927172039E1,6.500000000E0
6.927434539E1,6.500000000E0
6.927696939E1,6.500000000E0
6.927959439E1,6.500000000E0
6.928221839E1,6.500000000E0
6.928484339E1,6.500000000E0
6.928746739E1,6.500000000E0
6.929009239E1,6.500000000E0
6.929271639E1,6.500000000E0
6.929534139E1,6.500000000E0
6.929796539E1,6.500000000E0
6.930059039E1,6.500000000E0
6.930321439E1,6.500000000E0
6.930583939E1,6.500000000E0
6.930846339E1,6.500000000E0
6.931108839E1,6.500000000E0
6.931371239E1,6.500000000E0
6.931633739E1,6.500000000E0
6.931896139E1,6.500000000E0
6.932158639E1,6.500000000E0
6.932421039E1,6.500000000E0
6.932683539E1,6.500000000E0
6.932945939E1,6.500000000E0
6.933208439E1,6.500000000E0
6.933470839E1,6.500000000E0
6.933733339E1,6.500000000E0
6.933995739E1,6.500000000E0
6.934258239E1,6.500000000E0
6.934520739E1,6.500000000E0
6.934783139E1,6.500000000E0
6.935045639E1,6.500000000E0
6.935308039E1,6.500000000E0
6.935570539E1,6.500000000E0
6.935832939E1,6.500000000E0
6.936095439E1,6.500000000E0
6.936357839E1,6.500000000E0
6.936620339E1,6.500000000E0
6.936882739E1,6.500000000E0
6.937145239E1,6.500000000E0
6.937407639E1,6.500000000E0
6.937670139E1,6.500000000E0
6.937932539E1,6.500000000E0
6.938195039E1,6.500000000E0
6.938457439E1,6.500000000E0
6.938719939E1,6.500000000E0
6.938982339E1,6.500000000E0
6.939244839E1,6.500000000E0
6.939507239E1,6.500000000E0
6.939769739E1,6.500000000E0
6.940032139E1,6.500000000E0
6.940294639E1,6.500000000E0
6.940557039E1,6.500000000E0
6.940819539E1,6.500000000E0
6.941081939E1,6.500000000E0
6.941344439E1,6.500000000E0
6.941606839E1,6.500000000E0
6.941869339E1,6.500000000E0
6.942131739E1,6.500000000E0
6.942394239E1,6.500000000E0
6.942656639E1,6.500000000E0
6.942919139E1,6.500000000E0
6.943181539E1,6.500000000E0
6.943444039E1,6.500000000E0
6.943706439E1,1.937500000E1
6.943968939E1,1.937500000E1
6.944231339E1,1.937500000E1
6.944493839E1,1.937500000E1
6.944756239E1,1.937500000E1
6.945018739E1,1.937500000E1
6.945281139E1,1.937500000E1
6.945543639E1,1.937500000E1
6.945806139E1,1.937500000E1
6.946068539E1,1.937500000E1
6.946331039E1,1.937500000E1
6.946593439E1,1.937500000E1
6.946855939E1,1.937500000E1
6.947118339E1,1.937500000E1
6.947380839E1,1.937500000E1
6.947643239E1,1.937500000E1
6.947905739E1,1.937500000E1
6.948168139E1,1.937500000E1
6.948430639E1,1.937500000E1
6.948693039E1,6.500000000E0
6.948955539E1,6.500000000E0
6.949217939E1,6.500000000E0
6.949480439E1,6.500000000E0
6.949742839E1,6.500000000E0
6.950005339E1,6.500000000E0
6.950267739E1,6.500000000E0
6.950530239E1,6.500000000E0
6.950792639E1,6.500000000E0
6.951055139E1,6.500000000E0
6.951317539E1,6.500000000E0
6.951580039E1,6.500000000E0
6.951842439E1,6.500000000E0
6.952104939E1,6.500000000E0
6.952367339E1,6.500000000E0
6.952629839E1,6.500000000E0
6.952892239E1,6.500000000E0
6.953154739E1,6.500000000E0
6.953417139E1,6.500000000E0
6.953679639E1,6.500000000E0
6.953942039E1,6.500000000E0
6.954204539E1,6.500000000E0
6.954466939E1,6.500000000E0
6.954729439E1,6.500000000E0
6.954991839E1,6.500000000E0
6.955254339E1,6.500000000E0
6.955516739E1,6.500000000E0
6.955779239E1,6.500000000E0
6.956041639E1,6.500000000E0
6.956304139E1,6.500000000E0
6.956566639E1,6.500000000E0
6.956829039E1,6.500000000E0
6.957091539E1,6.500000000E0
6.957353939E1,6.500000000E0
6.957616439E1,6.500000000E0
6.957878839E1,6.500000000E0
6.958141339E1,6.500000000E0
6.958403739E1,6.500000000E0
6.958666239E1,6.500000000E0
6.958928639E1,1.937500000E1
6.959191139E1,1.937500000E1
6.959453539E1,1.937500000E1
6.959716039E1,1.937500000E1
6.959978439E1,1.937500000E1
6.960240939E1,1.937500000E1
6.960503339E1,1.937500000E1
6.960765839E1,1.937500000E1
6.961028239E1,1.937500000E1
6.961290739E1,6.500000000E0
6.961553139E1,6.500000000E0
6.961815639E1,6.500000000E0
6.962078039E1,6.500000000E0
6.962340539E1,6.500000000E0
6.962602939E1,6.500000000E0
6.962865439E1,6.500000000E0
6.963127839E1,6.500000000E0
6.963390339E1,6.500000000E0
6.963652739E1,6.500000000E0
6.963915239E1,1.937500000E1
6.964177639E1,1.937500000E1
6.964440139E1,1.937500000E1
6.964702539E1,1.937500000E1
6.964965039E1,1.937500000E1
6.965227439E1,1.937500000E1
6.965489939E1,1.937500000E1
6.965752339E1,1.937500000E1
6.966014839E1,1.937500000E1
6.966277239E1,1.937500000E1
6.966539739E1,6.500000000E0
6.966802139E1,6.500000000E0
6.967064639E1,6.500000000E0
6.967327039E1,6.500000000E0
6.967589539E1,6.500000000E0
6.967852039E1,6.500000000E0
6.968114439E1,6.500000000E0
6.968376939E1,6.500000000E0
6.968639339E1,6.500000000E0
6.968901839E1,6.500000000E0
6.969164239E1,6.500000000E0
6.969426739E1,6.500000000E0
6.969689139E1,6.500000000E0
6.969951639E1,6.500000000E0
6.970214039E1,6.500000000E0
6.970476539E1,6.500000000E0
6.970738939E1,6.500000000E0
6.971001439E1,6.500000000E0
6.971263839E1,6.500000000E0
6.971526339E1,1.937500000E1
6.971788739E1,1.937500000E1
6.972051239E1,1.937500000E1
6.972313639E1,1.937500000E1
6.972576139E1,1.937500000E1
6.972838539E1,1.937500000E1
6.973101039E1,1.937500000E1
6.973363439E1,1.937500000E1
6.973625939E1,1.937500000E1
6.973888339E1,1.937500000E1
6.974150839E1,1.937500000E1
6.974413239E1,1.937500000E1
6.974675739E1,1.937500000E1
6.974938139E1,1.937500000E1
6.975200639E1,1.937500000E1
6.975463039E1,1.937500000E1
6.975725539E1,1.937500000E1
6.975987939E1,1.937500000E1
6.976250439E1,1.937500000E1
6.976512839E1,1.937500000E1
6.976775339E1,1.937500000E1
6.977037739E1,1.937500000E1
6.977300239E1,1.937500000E1
6.977562639E1,1.937500000E1
6.977825139E1,1.937500000E1
6.978087539E1,1.937500000E1
6.978350039E1,1.937500000E1
6.978612439E1,1.937500000E1
6.978874939E1,1.937500000E1
6.979137439E1,6.500000000E0
6.979399839E1,6.500000000E0
6.979662339E1,6.500000000E0
6.979924739E1,6.500000000E0
6.980187239E1,6.500000000E0
6.980449639E1,6.500000000E0
6.980712139E1,6.500000000E0
6.980974539E1,6.500000000E0
6.981237039E1,6.500000000E0
6.981499439E1,6.500000000E0
6.981761939E1,1.937500000E1
6.982024339E1,1.937500000E1
6.982286839E1,1.937500000E1
6.982549239E1,1.937500000E1
6.982811739E1,1.937500000E1
6.983074139E1,1.937500000E1
6.983336639E1,1.937500000E1
6.983599039E1,1.937500000E1
6.983861539E1,1.937500000E1
6.984123939E1,1.937500000E1
6.984386439E1,6.500000000E0
6.984648839E1,6.500000000E0
6.984911339E1,6.500000000E0
6.985173739E1,6.500000000E0
6.985436239E1,6.500000000E0
6.985698639E1,6.500000000E0
6.985961139E1,6.500000000E0
6.986223539E1,6.500000000E0
6.986486039E1,6.500000000E0
6.986748439E1,1.937500000E1
6.987010939E1,1.937500000E1
6.987273339E1,1.937500000E1
6.987535839E1,1.937500000E1
6.987798239E1,1.937500000E1
6.988060739E1,1.937500000E1
6.988323139E1,1.937500000E1
6.988585639E1,1.937500000E1
6.988848039E1,1.937500000E1
6.989110539E1,1.937500000E1
6.989372939E1,1.937500000E1
6.989635439E1,1.937500000E1
6.989897839E1,1.937500000E1
6.990160339E1,1.937500000E1
6.990422839E1,1.937500000E1
6.990685239E1,1.937500000E1
6.990947739E1,1.937500000E1
6.991210139E1,1.937500000E1
6.991472639E1,1.937500000E1
6.991735039E1,1.937500000E1
6.991997539E1,1.937500000E1
6.992259939E1,1.937500000E1
6.992522439E1,1.937500000E1
6.992784839E1,1.937500000E1
6.993047339E1,1.937500000E1
6.993309739E1,1.937500000E1
6.993572239E1,1.937500000E1
6.993834639E1,1.937500000E1
6.994097139E1,1.937500000E1
6.994359539E1,1.937500000E1
6.994622039E1,6.500000000E0
6.994884439E1,6.500000000E0
6.995146939E1,6.500000000E0
6.995409339E1,6.500000000E0
6.995671839E1,6.500000000E0
6.995934239E1,6.500000000E0
6.996196739E1,6.500000000E0
6.996459139E1,6.500000000E0
6.996721639E1,6.500000000E0
6.996984039E1,1.937500000E1
6.997246539E1,1.937500000E1
6.997508939E1,1.937500000E1
6.997771439E1,1.937500000E1
6.998033839E1,1.937500000E1
6.998296339E1,1.937500000E1
6.998558739E1,1.937500000E1
6.998821239E1,1.937500000E1
6.999083639E1,1.937500000E1
6.999346139E1,1.937500000E1
6.999608539E1,6.500000000E0
6.999871039E1,6.500000000E0
7.000133439E1,6.500000000E0
7.000395939E1,6.500000000E0
7.000658339E1,6.500000000E0
7.000920839E1,6.500000000E0
7.001183239E1,6.500000000E0
7.001445739E1,6.500000000E0
7.001708239E1,6.500000000E0
7.001970639E1,6.500000000E0
7.002233139E1,1.937500000E1
7.002495539E1,1.937500000E1
7.002758039E1,1.937500000E1
7.003020439E1,1.937500000E1
7.003282939E1,1.937500000E1
7.003545339E1,1.937500000E1
7.003807839E1,1.937500000E1
7.004070239E1,1.937500000E1
7.004332739E1,1.937500000E1
7.004595139E1,6.500000000E0
7.004857639E1,6.500000000E0
7.005120039E1,6.500000000E0
7.005382539E1,6.500000000E0
7.005644939E1,6.500000000E0
7.005907439E1,6.500000000E0
7.006169839E1,6.500000000E0
7.006432339E1,6.500000000E0
7.006694739E1,6.500000000E0
7.006957239E1,6.500000000E0
7.007219639E1,1.937500000E1
7.007482139E1,1.937500000E1
7.007744539E1,1.937500000E1
7.008007039E1,1.937500000E1
7.008269439E1,1.937500000E1
7.008531939E1,1.937500000E1
7.008794339E1,1.937500000E1
7.009056839E1,1.937500000E1
7.009319239E1,1.937500000E1
7.009581739E1,1.937500000E1
7.009844139E1,6.500000000E0
7.010106639E1,6.500000000E0
7.010369039E1,6.500000000E0
7.010631539E1,6.500000000E0
7.010893939E1,6.500000000E0
7.011156439E1,6.500000000E0
7.011418839E1,6.500000000E0
7.011681339E1,6.500000000E0
7.011943739E1,6.500000000E0
7.012206239E1,6.500000000E0
7.012468639E1,6.500000000E0
7.012731139E1,6.500000000E0
7.012993639E1,6.500000000E0
7.013256039E1,6.500000000E0
7.013518539E1,6.500000000E0
7.013780939E1,6.500000000E0
7.014043439E1,6.500000000E0
7.014305839E1,6.500000000E0
7.014568339E1,6.500000000E0
7.014830739E1,1.937500000E1
7.015093239E1,1.937500000E1
7.015355639E1,1.937500000E1
7.015618139E1,1.937500000E1
7.015880539E1,1.937500000E1
7.016143039E1,1.937500000E1
7.016405439E1,1.937500000E1
7.016667939E1,1.937500000E1
7.016930339E1,1.937500000E1
7.017192839E1,1.937500000E1
7.017455239E1,6.500000000E0
7.017717739E1,6.500000000E0
7.017980139E1,6.500000000E0
7.018242639E1,6.500000000E0
7.018505039E1,6.500000000E0
7.018767539E1,6.500000000E0
7.019029939E1,6.500000000E0
7.019292439E1,6.500000000E0
7.019554839E1,6.500000000E0
7.019817339E1,6.500000000E0
7.020079739E1,1.937500000E1
7.020342239E1,1.937500000E1
7.020604639E1,1.937500000E1
7.020867139E1,1.937500000E1
7.021129539E1,1.937500000E1
7.021392039E1,1.937500000E1
7.021654439E1,1.937500000E1
7.021916939E1,1.937500000E1
7.022179339E1,1.937500000E1
7.022441839E1,6.500000000E0
7.022704239E1,6.500000000E0
7.022966739E1,6.500000000E0
7.023229139E1,6.500000000E0
7.023491639E1,6.500000000E0
7.023754139E1,6.500000000E0
7.024016539E1,6.500000000E0
7.024279039E1,6.500000000E0
7.024541439E1,6.500000000E0
7.024803939E1,6.500000000E0
7.025066339E1,6.500000000E0
7.025328839E1,6.500000000E0
7.025591239E1,6.500000000E0
7.025853739E1,6.500000000E0
7.026116139E1,6.500000000E0
7.026378639E1,6.500000000E0
7.026641039E1,6.500000000E0
7.026903539E1,6.500000000E0
7.027165939E1,6.500000000E0
7.027428439E1,6.500000000E0
7.027690839E1,6.500000000E0
7.027953339E1,6.500000000E0
7.028215739E1,6.500000000E0
7.028478239E1,6.500000000E0
7.028740639E1,6.500000000E0
7.029003139E1,6.500000000E0
7.029265539E1,6.500000000E0
7.029528039E1,6.500000000E0
7.029790439E1,6.500000000E0
7.030052939E1,6.500000000E0
7.030315339E1,6.500000000E0
7.030577839E1,6.500000000E0
7.030840239E1,6.500000000E0
7.031102739E1,6.500000000E0
7.031365139E1,6.500000000E0
7.031627639E1,6.500000000E0
7.031890039E1,6.500000000E0
7.032152539E1,6.500000000E0
7.032414939E1,6.500000000E0
7.032677439E1,6.500000000E0
7.032939839E1,6.500000000E0
7.033202339E1,6.500000000E0
7.033464739E1,6.500000000E0
7.033727239E1,6.500000000E0
7.033989639E1,6.500000000E0
7.034252139E1,6.500000000E0
7.034514539E1,6.500000000E0
7.034777039E1,6.500000000E0
7.035039539E1,6.500000000E0
7.035301939E1,6.500000000E0
7.035564439E1,6.500000000E0
7.035826839E1,6.500000000E0
7.036089339E1,6.500000000E0
7.036351739E1,6.500000000E0
7.036614239E1,6.500000000E0
7.036876639E1,6.500000000E0
7.037139139E1,6.500000000E0
7.037401539E1,6.500000000E0
7.037664039E1,6.500000000E0
7.037926439E1,6.500000000E0
7.038188939E1,6.500000000E0
7.038451339E1,6.500000000E0
7.038713839E1,6.500000000E0
7.038976239E1,6.500000000E0
7.039238739E1,6.500000000E0
7.039501139E1,6.500000000E0
7.039763639E1,6.500000000E0
7.040026039E1,6.500000000E0
7.040288539E1,1.937500000E1
7.040550939E1,1.937500000E1
7.040813439E1,1.937500000E1
7.041075839E1,1.937500000E1
7.041338339E1,1.937500000E1
7.041600739E1,1.937500000E1
7.041863239E1,1.937500000E1
7.042125639E1,1.937500000E1
7.042388139E1,1.937500000E1
7.042650539E1,1.937500000E1
7.042913039E1,6.500000000E0
7.043175439E1,6.500000000E0
7.043437939E1,6.500000000E0
7.043700339E1,6.500000000E0
7.043962839E1,6.500000000E0
7.044225239E1,6.500000000E0
7.044487739E1,6.500000000E0
7.044750139E1,6.500000000E0
7.045012639E1,6.500000000E0
7.045275039E1,6.500000000E0
7.045537539E1,6.500000000E0
7.045799939E1,6.500000000E0
7.046062439E1,6.500000000E0
7.046324939E1,6.500000000E0
7.046587339E1,6.500000000E0
7.046849839E1,6.500000000E0
7.047112239E1,6.500000000E0
7.047374739E1,6.500000000E0
7.047637139E1,6.500000000E0
7.047899639E1,6.500000000E0
7.048162039E1,6.500000000E0
7.048424539E1,6.500000000E0
7.048686939E1,6.500000000E0
7.048949439E1,6.500000000E0
7.049211839E1,6.500000000E0
7.049474339E1,6.500000000E0
7.049736739E1,6.500000000E0
7.049999239E1,6.500000000E0
7.050261639E1,6.500000000E0
7.050524139E1,6.500000000E0
7.050786539E1,6.500000000E0
7.051049039E1,6.500000000E0
7.051311439E1,6.500000000E0
7.051573939E1,6.500000000E0
7.051836339E1,6.500000000E0
7.052098839E1,6.500000000E0
7.052361239E1,6.500000000E0
7.052623739E1,6.500000000E0
7.052886139E1,6.500000000E0
7.053148639E1,6.500000000E0
7.053411039E1,6.500000000E0
7.053673539E1,6.500000000E0
7.053935939E1,6.500000000E0
7.054198439E1,6.500000000E0
7.054460839E1,6.500000000E0
7.054723339E1,6.500000000E0
7.054985739E1,6.500000000E0
7.055248239E1,6.500000000E0
7.055510639E1,1.937500000E1
7.055773139E1,1.937500000E1
7.056035539E1,1.937500000E1
7.056298039E1,1.937500000E1
7.056560439E1,1.937500000E1
7.056822939E1,1.937500000E1
7.057085339E1,1.937500000E1
7.057347839E1,1.937500000E1
7.057610339E1,1.937500000E1
7.057872739E1,1.937500000E1
7.058135239E1,6.500000000E0
7.058397639E1,6.500000000E0
7.058660139E1,6.500000000E0
7.058922539E1,6.500000000E0
7.059185039E1,6.500000000E0
7.059447439E1,6.500000000E0
7.059709939E1,6.500000000E0
7.059972339E1,6.500000000E0
7.060234839E1,6.500000000E0
7.060497239E1,6.500000000E0
7.060759739E1,6.500000000E0
7.061022139E1,6.500000000E0
7.061284639E1,6.500000000E0
7.061547039E1,6.500000000E0
7.061809539E1,6.500000000E0
7.062071939E1,6.500000000E0
7.062334439E1,6.500000000E0
7.062596839E1,6.500000000E0
7.062859339E1,6.500000000E0
7.063121739E1,6.500000000E0
7.063384239E1,6.500000000E0
7.063646639E1,6.500000000E0
7.063909139E1,6.500000000E0
7.064171539E1,6.500000000E0
7.064434039E1,6.500000000E0
7.064696439E1,6.500000000E0
7.064958939E1,6.500000000E0
7.065221339E1,6.500000000E0
7.065483839E1,6.500000000E0
7.065746239E1,6.500000000E0
7.066008739E1,6.500000000E0
7.066271139E1,6.500000000E0
7.066533639E1,6.500000000E0
7.066796039E1,6.500000000E0
7.067058539E1,6.500000000E0
7.067320939E1,6.500000000E0
7.067583439E1,6.500000000E0
7.067845839E1,6.500000000E0
7.068108339E1,6.500000000E0
7.068370739E1,6.500000000E0
7.068633239E1,6.500000000E0
7.068895739E1,6.500000000E0
7.069158139E1,6.500000000E0
7.069420639E1,6.500000000E0
7.069683039E1,6.500000000E0
7.069945539E1,6.500000000E0
7.070207939E1,6.500000000E0
7.070470439E1,6.500000000E0
7.070732839E1,6.500000000E0
7.070995339E1,6.500000000E0
7.071257739E1,6.500000000E0
7.071520239E1,6.500000000E0
7.071782639E1,6.500000000E0
7.072045139E1,6.500000000E0
7.072307539E1,6.500000000E0
7.072570039E1,6.500000000E0
7.072832439E1,6.500000000E0
7.073094939E1,6.500000000E0
7.073357339E1,1.937500000E1
7.073619839E1,1.937500000E1
7.073882239E1,1.937500000E1
7.074144739E1,1.937500000E1
7.074407139E1,1.937500000E1
7.074669639E1,1.937500000E1
7.074932039E1,1.937500000E1
7.075194539E1,1.937500000E1
7.075456939E1,1.937500000E1
7.075719439E1,1.937500000E1
7.075981839E1,6.500000000E0
7.076244339E1,6.500000000E0
7.076506739E1,6.500000000E0
7.076769239E1,6.500000000E0
7.077031639E1,6.500000000E0
7.077294139E1,6.500000000E0
7.077556539E1,6.500000000E0
7.077819039E1,6.500000000E0
7.078081439E1,6.500000000E0
7.078343939E1,6.500000000E0
7.078606339E1,1.937500000E1
7.078868839E1,1.937500000E1
7.079131239E1,1.937500000E1
7.079393739E1,1.937500000E1
7.079656139E1,1.937500000E1
7.079918639E1,1.937500000E1
7.080181139E1,1.937500000E1
7.080443539E1,1.937500000E1
7.080706039E1,1.937500000E1
7.080968439E1,6.500000000E0
7.081230939E1,6.500000000E0
7.081493339E1,6.500000000E0
7.081755839E1,6.500000000E0
7.082018239E1,6.500000000E0
7.082280739E1,6.500000000E0
7.082543139E1,6.500000000E0
7.082805639E1,6.500000000E0
7.083068039E1,6.500000000E0
7.083330539E1,6.500000000E0
7.083592939E1,1.937500000E1
7.083855439E1,1.937500000E1
7.084117839E1,1.937500000E1
7.084380339E1,1.937500000E1
7.084642739E1,1.937500000E1
7.084905239E1,1.937500000E1
7.085167639E1,1.937500000E1
7.085430139E1,1.937500000E1
7.085692539E1,1.937500000E1
7.085955039E1,1.937500000E1
7.086217439E1,6.500000000E0
7.086479939E1,6.500000000E0
7.086742339E1,6.500000000E0
7.087004839E1,6.500000000E0
7.087267239E1,6.500000000E0
7.087529739E1,6.500000000E0
7.087792139E1,6.500000000E0
7.088054639E1,6.500000000E0
7.088317039E1,6.500000000E0
7.088579539E1,1.937500000E1
7.088841939E1,1.937500000E1
7.089104439E1,1.937500000E1
7.089366839E1,1.937500000E1
7.089629339E1,1.937500000E1
7.089891739E1,1.937500000E1
7.090154239E1,1.937500000E1
7.090416639E1,1.937500000E1
7.090679139E1,1.937500000E1
7.090941639E1,1.937500000E1
7.091204039E1,1.937500000E1
7.091466539E1,1.937500000E1
7.091728939E1,1.937500000E1
7.091991439E1,1.937500000E1
7.092253839E1,1.937500000E1
7.092516339E1,1.937500000E1
7.092778739E1,1.937500000E1
7.093041239E1,1.937500000E1
7.093303639E1,1.937500000E1
7.093566139E1,1.937500000E1
7.093828539E1,6.500000000E0
7.094091039E1,6.500000000E0
7.094353439E1,6.500000000E0
7.094615939E1,6.500000000E0
7.094878339E1,6.500000000E0
7.095140839E1,6.500000000E0
7.095403239E1,6.500000000E0
7.095665739E1,6.500000000E0
7.095928139E1,6.500000000E0
7.096190639E1,6.500000000E0
7.096453039E1,6.500000000E0
7.096715539E1,6.500000000E0
7.096977939E1,6.500000000E0
7.097240439E1,6.500000000E0
7.097502839E1,6.500000000E0
7.097765339E1,6.500000000E0
7.098027739E1,6.500000000E0
7.098290239E1,6.500000000E0
7.098552639E1,6.500000000E0
7.098815139E1,6.500000000E0
7.099077539E1,6.500000000E0
7.099340039E1,6.500000000E0
7.099602439E1,6.500000000E0
7.099864939E1,6.500000000E0
7.100127339E1,6.500000000E0
7.100389839E1,6.500000000E0
7.100652239E1,6.500000000E0
7.100914739E1,6.500000000E0
7.101177139E1,6.500000000E0
7.101439639E1,6.500000000E0
7.101702039E1,6.500000000E0
7.101964539E1,6.500000000E0
7.102227039E1,6.500000000E0
7.102489439E1,6.500000000E0
7.102751939E1,6.500000000E0
7.103014339E1,6.500000000E0
7.103276839E1,6.500000000E0
7.103539239E1,6.500000000E0
7.103801739E1,6.500000000E0
7.104064139E1,1.937500000E1
7.104326639E1,1.937500000E1
7.104589039E1,1.937500000E1
7.104851539E1,1.937500000E1
7.105113939E1,1.937500000E1
7.105376439E1,1.937500000E1
7.105638839E1,1.937500000E1
7.105901339E1,1.937500000E1
7.106163739E1,1.937500000E1
7.106426239E1,6.500000000E0
7.106688639E1,6.500000000E0
7.106951139E1,6.500000000E0
7.107213539E1,6.500000000E0
7.107476039E1,6.500000000E0
7.107738439E1,6.500000000E0
7.108000939E1,6.500000000E0
7.108263339E1,6.500000000E0
7.108525839E1,6.500000000E0
7.108788239E1,6.500000000E0
7.109050739E1,6.500000000E0
7.109313139E1,6.500000000E0
7.109575639E1,6.500000000E0
7.109838039E1,6.500000000E0
7.110100539E1,6.500000000E0
7.110362939E1,6.500000000E0
7.110625439E1,6.500000000E0
7.110887839E1,6.500000000E0
7.111150339E1,6.500000000E0
7.111412739E1,6.500000000E0
7.111675239E1,6.500000000E0
7.111937639E1,6.500000000E0
7.112200139E1,6.500000000E0
7.112462539E1,6.500000000E0
7.112725039E1,6.500000000E0
7.112987439E1,6.500000000E0
7.113249939E1,6.500000000E0
7.113512439E1,6.500000000E0
7.113774839E1,6.500000000E0
7.114037339E1,6.500000000E0
7.114299739E1,6.500000000E0
7.114562239E1,6.500000000E0
7.114824639E1,6.500000000E0
7.115087139E1,6.500000000E0
7.115349539E1,6.500000000E0
7.115612039E1,6.500000000E0
7.115874439E1,6.500000000E0
7.116136939E1,6.500000000E0
7.116399339E1,6.500000000E0
7.116661839E1,1.937500000E1
7.116924239E1,1.937500000E1
7.117186739E1,1.937500000E1
7.117449139E1,1.937500000E1
7.117711639E1,1.937500000E1
7.117974039E1,1.937500000E1
7.118236539E1,1.937500000E1
7.118498939E1,1.937500000E1
7.118761439E1,1.937500000E1
7.119023839E1,1.937500000E1
7.119286339E1,6.500000000E0
7.119548739E1,6.500000000E0
7.119811239E1,6.500000000E0
7.120073639E1,6.500000000E0
7.120336139E1,6.500000000E0
7.120598539E1,6.500000000E0
7.120861039E1,6.500000000E0
7.121123439E1,6.500000000E0
7.121385939E1,6.500000000E0
7.121648339E1,6.500000000E0
7.121910839E1,1.937500000E1
7.122173239E1,1.937500000E1
7.122435739E1,1.937500000E1
7.122698139E1,1.937500000E1
7.122960639E1,1.937500000E1
7.123223039E1,1.937500000E1
7.123485539E1,1.937500000E1
7.123747939E1,1.937500000E1
7.124010439E1,1.937500000E1
7.124272839E1,6.500000000E0
7.124535339E1,6.500000000E0
7.124797839E1,6.500000000E0
7.125060239E1,6.500000000E0
7.125322739E1,6.500000000E0
7.125585139E1,6.500000000E0
7.125847639E1,6.500000000E0
7.126110039E1,6.500000000E0
7.126372539E1,6.500000000E0
7.126634939E1,6.500000000E0
7.126897439E1,6.500000000E0
7.127159839E1,6.500000000E0
7.127422339E1,6.500000000E0
7.127684739E1,6.500000000E0
7.127947239E1,6.500000000E0
7.128209639E1,6.500000000E0
7.128472139E1,6.500000000E0
7.128734539E1,6.500000000E0
7.128997039E1,6.500000000E0
7.129259439E1,6.500000000E0
7.129521939E1,6.500000000E0
7.129784339E1,6.500000000E0
7.130046839E1,6.500000000E0
7.130309239E1,6.500000000E0
7.130571739E1,6.500000000E0
7.130834139E1,6.500000000E0
7.131096639E1,6.500000000E0
7.131359039E1,6.500000000E0
7.131621539E1,6.500000000E0
7.131883939E1,1.937500000E1
7.132146439E1,1.937500000E1
7.132408839E1,1.937500000E1
7.132671339E1,1.937500000E1
7.132933739E1,1.937500000E1
7.133196239E1,1.937500000E1
7.133458639E1,1.937500000E1
7.133721139E1,1.937500000E1
7.133983539E1,1.937500000E1
7.134246039E1,1.937500000E1
7.134508439E1,6.500000000E0
7.134770939E1,6.500000000E0
7.135033339E1,6.500000000E0
7.135295839E1,6.500000000E0
7.135558239E1,6.500000000E0
7.135820739E1,6.500000000E0
7.136083239E1,6.500000000E0
7.136345639E1,6.500000000E0
7.136608139E1,6.500000000E0
7.136870539E1,6.500000000E0
7.137133039E1,6.500000000E0
7.137395439E1,6.500000000E0
7.137657939E1,6.500000000E0
7.137920339E1,6.500000000E0
7.138182839E1,6.500000000E0
7.138445239E1,6.500000000E0
7.138707739E1,6.500000000E0
7.138970139E1,6.500000000E0
7.139232639E1,6.500000000E0
7.139495039E1,6.500000000E0
7.139757539E1,1.937500000E1
7.140019939E1,1.937500000E1
7.140282439E1,1.937500000E1
7.140544839E1,1.937500000E1
7.140807339E1,1.937500000E1
7.141069739E1,1.937500000E1
7.141332239E1,1.937500000E1
7.141594639E1,1.937500000E1
7.141857139E1,1.937500000E1
7.142119539E1,6.500000000E0
7.142382039E1,6.500000000E0
7.142644439E1,6.500000000E0
7.142906939E1,6.500000000E0
7.143169339E1,6.500000000E0
7.143431839E1,6.500000000E0
7.143694239E1,6.500000000E0
7.143956739E1,6.500000000E0
7.144219139E1,6.500000000E0
7.144481639E1,6.500000000E0
7.144744039E1,6.500000000E0
7.145006539E1,6.500000000E0
7.145268939E1,6.500000000E0
7.145531439E1,6.500000000E0
7.145793839E1,6.500000000E0
7.146056339E1,6.500000000E0
7.146318739E1,6.500000000E0
7.146581239E1,6.500000000E0
7.146843639E1,6.500000000E0
7.147106139E1,6.500000000E0
7.147368639E1,1.937500000E1
7.147631039E1,1.937500000E1
7.147893539E1,1.937500000E1
7.148155939E1,1.937500000E1
7.148418439E1,1.937500000E1
7.148680839E1,1.937500000E1
7.148943339E1,1.937500000E1
7.149205739E1,1.937500000E1
7.149468239E1,1.937500000E1
7.149730639E1,1.937500000E1
7.149993139E1,1.937500000E1
7.150255539E1,1.937500000E1
7.150518039E1,1.937500000E1
7.150780439E1,1.937500000E1
7.151042939E1,1.937500000E1
7.151305339E1,1.937500000E1
7.151567839E1,1.937500000E1
7.151830239E1,1.937500000E1
7.152092739E1,1.937500000E1
7.152355139E1,6.500000000E0
7.152617639E1,6.500000000E0
7.152880039E1,6.500000000E0
7.153142539E1,6.500000000E0
7.153404939E1,6.500000000E0
7.153667439E1,6.500000000E0
7.153929839E1,6.500000000E0
7.154192339E1,6.500000000E0
7.154454739E1,6.500000000E0
7.154717239E1,6.500000000E0
7.154979639E1,6.500000000E0
7.155242139E1,6.500000000E0
7.155504539E1,6.500000000E0
7.155767039E1,6.500000000E0
7.156029439E1,6.500000000E0
7.156291939E1,6.500000000E0
7.156554339E1,6.500000000E0
7.156816839E1,6.500000000E0
7.157079239E1,6.500000000E0
7.157341739E1,6.500000000E0
7.157604139E1,6.500000000E0
7.157866639E1,6.500000000E0
7.158129139E1,6.500000000E0
7.158391539E1,6.500000000E0
7.158654039E1,6.500000000E0
7.158916439E1,6.500000000E0
7.159178939E1,6.500000000E0
7.159441339E1,6.500000000E0
7.159703839E1,6.500000000E0
7.159966239E1,1.937500000E1
7.160228739E1,1.937500000E1
7.160491139E1,1.937500000E1
7.160753639E1,1.937500000E1
7.161016039E1,1.937500000E1
7.161278539E1,1.937500000E1
7.161540939E1,1.937500000E1
7.161803439E1,1.937500000E1
7.162065839E1,1.937500000E1
7.162328339E1,1.937500000E1
7.162590739E1,6.500000000E0
7.162853239E1,6.500000000E0
7.163115639E1,6.500000000E0
7.163378139E1,6.500000000E0
7.163640539E1,6.500000000E0
7.163903039E1,6.500000000E0
7.164165439E1,6.500000000E0
7.164427939E1,6.500000000E0
7.164690339E1,6.500000000E0
7.164952839E1,6.500000000E0
7.165215239E1,1.937500000E1
7.165477739E1,1.937500000E1
7.165740139E1,1.937500000E1
7.166002639E1,1.937500000E1
7.166265039E1,1.937500000E1
7.166527539E1,1.937500000E1
7.166789939E1,1.937500000E1
7.167052439E1,1.937500000E1
7.167314839E1,1.937500000E1
7.167577339E1,6.500000000E0
7.167839739E1,6.500000000E0
7.168102239E1,6.500000000E0
7.168364639E1,6.500000000E0
7.168627139E1,6.500000000E0
7.168889539E1,6.500000000E0
7.169152039E1,6.500000000E0
7.169414539E1,6.500000000E0
7.169676939E1,6.500000000E0
7.169939439E1,6.500000000E0
7.170201839E1,1.937500000E1
7.170464339E1,1.937500000E1
7.170726739E1,1.937500000E1
7.170989239E1,1.937500000E1
7.171251639E1,1.937500000E1
7.171514139E1,1.937500000E1
7.171776539E1,1.937500000E1
7.172039039E1,1.937500000E1
7.172301439E1,1.937500000E1
7.172563939E1,6.500000000E0
7.172826339E1,6.500000000E0
7.173088839E1,6.500000000E0
7.173351239E1,6.500000000E0
7.173613739E1,6.500000000E0
7.173876139E1,6.500000000E0
7.174138639E1,6.500000000E0
7.174401039E1,6.500000000E0
7.174663539E1,6.500000000E0
7.174925939E1,6.500000000E0
7.175188439E1,6.500000000E0
7.175450839E1,6.500000000E0
7.175713339E1,6.500000000E0
7.175975739E1,6.500000000E0
7.176238239E1,6.500000000E0
7.176500639E1,6.500000000E0
7.176763139E1,6.500000000E0
7.177025539E1,6.500000000E0
7.177288039E1,6.500000000E0
7.177550439E1,6.500000000E0
7.177812939E1,1.937500000E1
7.178075339E1,1.937500000E1
7.178337839E1,1.937500000E1
7.178600239E1,1.937500000E1
7.178862739E1,1.937500000E1
7.179125139E1,1.937500000E1
7.179387639E1,1.937500000E1
7.179650039E1,1.937500000E1
7.179912539E1,1.937500000E1
7.180174939E1,1.937500000E1
7.180437439E1,6.500000000E0
7.180699939E1,6.500000000E0
7.180962339E1,6.500000000E0
7.181224839E1,6.500000000E0
7.181487239E1,6.500000000E0
7.181749739E1,6.500000000E0
7.182012139E1,6.500000000E0
7.182274639E1,6.500000000E0
7.182537039E1,6.500000000E0
7.182799539E1,6.500000000E0
7.183061939E1,6.500000000E0
7.183324439E1,6.500000000E0
7.183586839E1,6.500000000E0
7.183849339E1,6.500000000E0
7.184111739E1,6.500000000E0
7.184374239E1,6.500000000E0
7.184636639E1,6.500000000E0
7.184899139E1,6.500000000E0
7.185161539E1,6.500000000E0
7.185424039E1,6.500000000E0
7.185686439E1,6.500000000E0
7.185948939E1,6.500000000E0
7.186211339E1,6.500000000E0
7.186473839E1,6.500000000E0
7.186736239E1,6.500000000E0
7.186998739E1,6.500000000E0
7.187261139E1,6.500000000E0
7.187523639E1,6.500000000E0
7.187786039E1,6.500000000E0
7.188048539E1,6.500000000E0
7.188310939E1,6.500000000E0
7.188573439E1,6.500000000E0
7.188835839E1,6.500000000E0
7.189098339E1,6.500000000E0
7.189360739E1,6.500000000E0
7.189623239E1,6.500000000E0
7.189885639E1,6.500000000E0
7.190148139E1,6.500000000E0
7.190410539E1,6.500000000E0
7.190673039E1,6.500000000E0
7.190935439E1,6.500000000E0
7.191197939E1,6.500000000E0
7.191460339E1,6.500000000E0
7.191722839E1,6.500000000E0
7.191985339E1,6.500000000E0
7.192247739E1,6.500000000E0
7.192510239E1,6.500000000E0
7.192772639E1,6.500000000E0
7.193035139E1,6.500000000E0
7.193297539E1,6.500000000E0
7.193560039E1,6.500000000E0
7.193822439E1,6.500000000E0
7.194084939E1,6.500000000E0
7.194347339E1,6.500000000E0
7.194609839E1,6.500000000E0
7.194872239E1,6.500000000E0
7.195134739E1,6.500000000E0
7.195397139E1,6.500000000E0
7.195659639E1,6.500000000E0
7.195922039E1,6.500000000E0
7.196184539E1,6.500000000E0
7.196446939E1,6.500000000E0
7.196709439E1,6.500000000E0
7.196971839E1,6.500000000E0
7.197234339E1,6.500000000E0
7.197496739E1,6.500000000E0
7.197759239E1,6.500000000E0
7.198021639E1,6.500000000E0
7.198284139E1,6.500000000E0
7.198546539E1,6.500000000E0
7.198809039E1,6.500000000E0
7.199071439E1,6.500000000E0
7.199333939E1,6.500000000E0
7.199596339E1,6.500000000E0
7.199858839E1,6.500000000E0
7.200121239E1,6.500000000E0
7.200383739E1,6.500000000E0
7.200646139E1,1.937500000E1
7.200908639E1,1.937500000E1
7.201171039E1,1.937500000E1
7.201433539E1,1.937500000E1
7.201695939E1,1.937500000E1
7.201958439E1,1.937500000E1
7.202220839E1,1.937500000E1
7.202483339E1,1.937500000E1
7.202745739E1,1.937500000E1
7.203008239E1,1.937500000E1
7.203270739E1,1.937500000E1
7.203533139E1,1.937500000E1
7.203795639E1,1.937500000E1
7.204058039E1,1.937500000E1
7.204320539E1,1.937500000E1
7.204582939E1,1.937500000E1
7.204845439E1,1.937500000E1
7.205107839E1,1.937500000E1
7.205370339E1,1.937500000E1
7.205632739E1,1.937500000E1
7.205895239E1,1.937500000E1
7.206157639E1,1.937500000E1
7.206420139E1,1.937500000E1
7.206682539E1,1.937500000E1
7.206945039E1,1.937500000E1
7.207207439E1,1.937500000E1
7.207469939E1,1.937500000E1
7.207732339E1,1.937500000E1
7.207994839E1,1.937500000E1
7.208257239E1,6.500000000E0
7.208519739E1,6.500000000E0
7.208782139E1,6.500000000E0
7.209044639E1,6.500000000E0
7.209307039E1,6.500000000E0
7.209569539E1,6.500000000E0
7.209831939E1,6.500000000E0
7.210094439E1,6.500000000E0
7.210356839E1,6.500000000E0
7.210619339E1,6.500000000E0
7.210881739E1,6.500000000E0
7.211144239E1,6.500000000E0
7.211406639E1,6.500000000E0
7.211669139E1,6.500000000E0
7.211931539E1,6.500000000E0
7.212194039E1,6.500000000E0
7.212456439E1,6.500000000E0
7.212718939E1,6.500000000E0
7.212981339E1,6.500000000E0
7.213243839E1,6.500000000E0
7.213506239E1,6.500000000E0
7.213768739E1,6.500000000E0
7.214031139E1,6.500000000E0
7.214293639E1,6.500000000E0
7.214556139E1,6.500000000E0
7.214818539E1,6.500000000E0
7.215081039E1,6.500000000E0
7.215343439E1,6.500000000E0
7.215605939E1,6.500000000E0
7.215868339E1,6.500000000E0
7.216130839E1,1.937500000E1
7.216393239E1,1.937500000E1
7.216655739E1,1.937500000E1
7.216918139E1,1.937500000E1
7.217180639E1,1.937500000E1
7.217443039E1,1.937500000E1
7.217705539E1,1.937500000E1
7.217967939E1,1.937500000E1
7.218230439E1,1.937500000E1
7.218492839E1,6.500000000E0
7.218755339E1,6.500000000E0
7.219017739E1,6.500000000E0
7.219280239E1,6.500000000E0
7.219542639E1,6.500000000E0
7.219805139E1,6.500000000E0
7.220067539E1,6.500000000E0
7.220330039E1,6.500000000E0
7.220592439E1,6.500000000E0
7.220854939E1,6.500000000E0
7.221117339E1,6.500000000E0
7.221379839E1,6.500000000E0
7.221642239E1,6.500000000E0
7.221904739E1,6.500000000E0
7.222167139E1,6.500000000E0
7.222429639E1,6.500000000E0
7.222692039E1,6.500000000E0
7.222954539E1,6.500000000E0
7.223216939E1,6.500000000E0
7.223479439E1,6.500000000E0
7.223741839E1,6.500000000E0
7.224004339E1,6.500000000E0
7.224266739E1,6.500000000E0
7.224529239E1,6.500000000E0
7.224791639E1,6.500000000E0
7.225054139E1,6.500000000E0
7.225316639E1,6.500000000E0
7.225579039E1,6.500000000E0
7.225841539E1,6.500000000E0
7.226103939E1,6.500000000E0
7.226366439E1,6.500000000E0
7.226628839E1,6.500000000E0
7.226891339E1,6.500000000E0
7.227153739E1,6.500000000E0
7.227416239E1,6.500000000E0
7.227678639E1,6.500000000E0
7.227941139E1,6.500000000E0
7.228203539E1,6.500000000E0
7.228466039E1,6.500000000E0
7.228728439E1,6.500000000E0
7.228990939E1,6.500000000E0
7.229253339E1,6.500000000E0
7.229515839E1,6.500000000E0
7.229778239E1,6.500000000E0
7.230040739E1,6.500000000E0
7.230303139E1,6.500000000E0
7.230565639E1,6.500000000E0
7.230828039E1,6.500000000E0
7.231090539E1,6.500000000E0
7.231352939E1,6.500000000E0
7.231615439E1,6.500000000E0
7.231877839E1,6.500000000E0
7.232140339E1,6.500000000E0
7.232402739E1,6.500000000E0
7.232665239E1,6.500000000E0
7.232927639E1,6.500000000E0
7.233190139E1,6.500000000E0
7.233452539E1,6.500000000E0
7.233715039E1,6.500000000E0
7.233977439E1,1.937500000E1
7.234239939E1,1.937500000E1
7.234502339E1,1.937500000E1
7.234764839E1,1.937500000E1
7.235027239E1,1.937500000E1
7.235289739E1,1.937500000E1
7.235552139E1,1.937500000E1
7.235814639E1,1.937500000E1
7.236077039E1,1.937500000E1
7.236339539E1,1.937500000E1
7.236602039E1,1.937500000E1
7.236864439E1,1.937500000E1
7.237126939E1,1.937500000E1
7.237389339E1,1.937500000E1
7.237651839E1,1.937500000E1
7.237914239E1,1.937500000E1
7.238176739E1,1.937500000E1
7.238439139E1,1.937500000E1
7.238701639E1,1.937500000E1
7.238964039E1,6.500000000E0
7.239226539E1,6.500000000E0
7.239488939E1,6.500000000E0
7.239751439E1,6.500000000E0
7.240013839E1,6.500000000E0
7.240276339E1,6.500000000E0
7.240538739E1,6.500000000E0
7.240801239E1,6.500000000E0
7.241063639E1,6.500000000E0
7.241326139E1,6.500000000E0
7.241588539E1,6.500000000E0
7.241851039E1,6.500000000E0
7.242113439E1,6.500000000E0
7.242375939E1,6.500000000E0
7.242638339E1,6.500000000E0
7.242900839E1,6.500000000E0
7.243163239E1,6.500000000E0
7.243425739E1,6.500000000E0
7.243688139E1,6.500000000E0
7.243950639E1,6.500000000E0
7.244213039E1,6.500000000E0
7.244475539E1,6.500000000E0
7.244737939E1,6.500000000E0
7.245000439E1,6.500000000E0
7.245262839E1,6.500000000E0
7.245525339E1,6.500000000E0
7.245787739E1,6.500000000E0
7.246050239E1,6.500000000E0
7.246312639E1,6.500000000E0
7.246575139E1,6.500000000E0
7.246837539E1,6.500000000E0
7.247100039E1,6.500000000E0
7.247362439E1,6.500000000E0
7.247624939E1,6.500000000E0
7.247887439E1,6.500000000E0
7.248149839E1,6.500000000E0
7.248412339E1,6.500000000E0
7.248674739E1,6.500000000E0
7.248937239E1,6.500000000E0
7.249199639E1,6.500000000E0
7.249462139E1,6.500000000E0
7.249724539E1,6.500000000E0
7.249987039E1,6.500000000E0
7.250249439E1,6.500000000E0
7.250511939E1,6.500000000E0
7.250774339E1,6.500000000E0
7.251036839E1,6.500000000E0
7.251299239E1,6.500000000E0
7.251561739E1,1.937500000E1
7.251824139E1,1.937500000E1
7.252086639E1,1.937500000E1
7.252349039E1,1.937500000E1
7.252611539E1,1.937500000E1
7.252873939E1,1.937500000E1
7.253136439E1,1.937500000E1
7.253398839E1,1.937500000E1
7.253661339E1,1.937500000E1
7.253923739E1,1.937500000E1
7.254186239E1,6.500000000E0
7.254448639E1,6.500000000E0
7.254711139E1,6.500000000E0
7.254973539E1,6.500000000E0
7.255236039E1,6.500000000E0
7.255498439E1,6.500000000E0
7.255760939E1,6.500000000E0
7.256023339E1,6.500000000E0
7.256285839E1,6.500000000E0
7.256548239E1,6.500000000E0
7.256810739E1,6.500000000E0
7.257073139E1,6.500000000E0
7.257335639E1,6.500000000E0
7.257598039E1,6.500000000E0
7.257860539E1,6.500000000E0
7.258122939E1,6.500000000E0
7.258385439E1,6.500000000E0
7.258647839E1,6.500000000E0
7.258910339E1,6.500000000E0
7.259172839E1,6.500000000E0
7.259435239E1,6.500000000E0
7.259697739E1,6.500000000E0
7.259960139E1,6.500000000E0
7.260222639E1,6.500000000E0
7.260485039E1,6.500000000E0
7.260747539E1,6.500000000E0
7.261009939E1,6.500000000E0
7.261272439E1,6.500000000E0
7.261534839E1,6.500000000E0
7.261797339E1,1.937500000E1
7.262059739E1,1.937500000E1
7.262322239E1,1.937500000E1
7.262584639E1,1.937500000E1
7.262847139E1,1.937500000E1
7.263109539E1,1.937500000E1
7.263372039E1,1.937500000E1
7.263634439E1,1.937500000E1
7.263896939E1,1.937500000E1
7.264159339E1,1.937500000E1
7.264421839E1,6.500000000E0
7.264684239E1,6.500000000E0
7.264946739E1,6.500000000E0
7.265209139E1,6.500000000E0
7.265471639E1,6.500000000E0
7.265734039E1,6.500000000E0
7.265996539E1,6.500000000E0
7.266258939E1,6.500000000E0
7.266521439E1,6.500000000E0
7.266783839E1,6.500000000E0
7.267046339E1,6.500000000E0
7.267308739E1,6.500000000E0
7.267571239E1,6.500000000E0
7.267833639E1,6.500000000E0
7.268096139E1,6.500000000E0
7.268358539E1,6.500000000E0
7.268621039E1,6.500000000E0
7.268883439E1,6.500000000E0
7.269145939E1,6.500000000E0
7.269408339E1,6.500000000E0
7.269670839E1,6.500000000E0
7.269933239E1,6.500000000E0
7.270195739E1,6.500000000E0
7.270458239E1,6.500000000E0
7.270720639E1,6.500000000E0
7.270983139E1,6.500000000E0
7.271245539E1,6.500000000E0
7.271508039E1,6.500000000E0
7.271770439E1,6.500000000E0
7.272032939E1,6.500000000E0
7.272295339E1,6.500000000E0
7.272557839E1,6.500000000E0
7.272820239E1,6.500000000E0
7.273082739E1,6.500000000E0
7.273345139E1,6.500000000E0
7.273607639E1,6.500000000E0
7.273870039E1,6.500000000E0
7.274132539E1,6.500000000E0
7.274394939E1,6.500000000E0
7.274657439E1,6.500000000E0
7.274919839E1,6.500000000E0
7.275182339E1,6.500000000E0
7.275444739E1,6.500000000E0
7.275707239E1,6.500000000E0
7.275969639E1,6.500000000E0
7.276232139E1,6.500000000E0
7.276494539E1,6.500000000E0
7.276757039E1,6.500000000E0
7.277019439E1,1.937500000E1
7.277281939E1,1.937500000E1
7.277544339E1,1.937500000E1
7.277806839E1,1.937500000E1
7.278069239E1,1.937500000E1
7.278331739E1,1.937500000E1
7.278594139E1,1.937500000E1
7.278856639E1,1.937500000E1
7.279119039E1,1.937500000E1
7.279381539E1,1.937500000E1
7.279643939E1,6.500000000E0
7.279906439E1,6.500000000E0
7.280168839E1,6.500000000E0
7.280431339E1,6.500000000E0
7.280693739E1,6.500000000E0
7.280956239E1,6.500000000E0
7.281218639E1,6.500000000E0
7.281481139E1,6.500000000E0
7.281743639E1,6.500000000E0
7.282006039E1,6.500000000E0
7.282268539E1,1.937500000E1
7.282530939E1,1.937500000E1
7.282793439E1,1.937500000E1
7.283055839E1,1.937500000E1
7.283318339E1,1.937500000E1
7.283580739E1,1.937500000E1
7.283843239E1,1.937500000E1
7.284105639E1,1.937500000E1
7.284368139E1,1.937500000E1
7.284630539E1,1.937500000E1
7.284893039E1,6.500000000E0
7.285155439E1,6.500000000E0
7.285417939E1,6.500000000E0
7.285680339E1,6.500000000E0
7.285942839E1,6.500000000E0
7.286205239E1,6.500000000E0
7.286467739E1,6.500000000E0
7.286730139E1,6.500000000E0
7.286992639E1,6.500000000E0
7.287255039E1,6.500000000E0
7.287517539E1,6.500000000E0
7.287779939E1,6.500000000E0
7.288042439E1,6.500000000E0
7.288304839E1,6.500000000E0
7.288567339E1,6.500000000E0
7.288829739E1,6.500000000E0
7.289092239E1,6.500000000E0
7.289354639E1,6.500000000E0
7.289617139E1,6.500000000E0
7.289879539E1,6.500000000E0
7.290142039E1,6.500000000E0
7.290404439E1,6.500000000E0
7.290666939E1,6.500000000E0
7.290929339E1,6.500000000E0
7.291191839E1,6.500000000E0
7.291454239E1,6.500000000E0
7.291716739E1,6.500000000E0
7.291979139E1,6.500000000E0
7.292241639E1,6.500000000E0
7.292504139E1,6.500000000E0
7.292766539E1,6.500000000E0
7.293029039E1,6.500000000E0
7.293291439E1,6.500000000E0
7.293553939E1,6.500000000E0
7.293816339E1,6.500000000E0
7.294078839E1,6.500000000E0
7.294341239E1,6.500000000E0
7.294603739E1,6.500000000E0
7.294866139E1,6.500000000E0
7.295128639E1,6.500000000E0
7.295391039E1,6.500000000E0
7.295653539E1,6.500000000E0
7.295915939E1,6.500000000E0
7.296178439E1,6.500000000E0
7.296440839E1,6.500000000E0
7.296703339E1,6.500000000E0
7.296965739E1,6.500000000E0
7.297228239E1,6.500000000E0
7.297490639E1,6.500000000E0
7.297753139E1,6.500000000E0
7.298015539E1,6.500000000E0
7.298278039E1,6.500000000E0
7.298540439E1,6.500000000E0
7.298802939E1,6.500000000E0
7.299065339E1,6.500000000E0
7.299327839E1,6.500000000E0
7.299590239E1,6.500000000E0
7.299852739E1,6.500000000E0
7.300115139E1,1.937500000E1
7.300377639E1,1.937500000E1
7.300640039E1,1.937500000E1
7.300902539E1,1.937500000E1
7.301164939E1,1.937500000E1
7.301427439E1,1.937500000E1
7.301689839E1,1.937500000E1
7.301952339E1,1.937500000E1
7.302214739E1,1.937500000E1
7.302477239E1,1.937500000E1
7.302739639E1,1.937500000E1
7.303002139E1,1.937500000E1
7.303264539E1,1.937500000E1
7.303527039E1,1.937500000E1
7.303789539E1,1.937500000E1
7.304051939E1,1.937500000E1
7.304314439E1,1.937500000E1
7.304576839E1,1.937500000E1
7.304839339E1,1.937500000E1
7.305101739E1,6.500000000E0
7.305364239E1,6.500000000E0
7.305626639E1,6.500000000E0
7.305889139E1,6.500000000E0
7.306151539E1,6.500000000E0
7.306414039E1,6.500000000E0
7.306676439E1,6.500000000E0
7.306938939E1,6.500000000E0
7.307201339E1,6.500000000E0
7.307463839E1,6.500000000E0
7.307726239E1,6.500000000E0
7.307988739E1,6.500000000E0
7.308251139E1,6.500000000E0
7.308513639E1,6.500000000E0
7.308776039E1,6.500000000E0
7.309038539E1,6.500000000E0
7.309300939E1,6.500000000E0
7.309563439E1,6.500000000E0
7.309825839E1,6.500000000E0
7.310088339E1,6.500000000E0
7.310350739E1,6.500000000E0
7.310613239E1,6.500000000E0
7.310875639E1,6.500000000E0
7.311138139E1,6.500000000E0
7.311400539E1,6.500000000E0
7.311663039E1,6.500000000E0
7.311925439E1,6.500000000E0
7.312187939E1,6.500000000E0
7.312450339E1,6.500000000E0
7.312712839E1,1.937500000E1
7.312975239E1,1.937500000E1
7.313237739E1,1.937500000E1
7.313500139E1,1.937500000E1
7.313762639E1,1.937500000E1
7.314025039E1,1.937500000E1
7.314287539E1,1.937500000E1
7.314549939E1,1.937500000E1
7.314812439E1,1.937500000E1
7.315074939E1,1.937500000E1
7.315337339E1,6.500000000E0
7.315599839E1,6.500000000E0
7.315862239E1,6.500000000E0
7.316124739E1,6.500000000E0
7.316387139E1,6.500000000E0
7.316649639E1,6.500000000E0
7.316912039E1,6.500000000E0
7.317174539E1,6.500000000E0
7.317436939E1,6.500000000E0
7.317699439E1,6.500000000E0
7.317961839E1,6.500000000E0
7.318224339E1,6.500000000E0
7.318486739E1,6.500000000E0
7.318749239E1,6.500000000E0
7.319011639E1,6.500000000E0
7.319274139E1,6.500000000E0
7.319536539E1,6.500000000E0
7.319799039E1,6.500000000E0
7.320061439E1,6.500000000E0
7.320323939E1,1.937500000E1
7.320586339E1,1.937500000E1
7.320848839E1,1.937500000E1
7.321111239E1,1.937500000E1
7.321373739E1,1.937500000E1
7.321636139E1,1.937500000E1
7.321898639E1,1.937500000E1
7.322161039E1,1.937500000E1
7.322423539E1,1.937500000E1
7.322685939E1,1.937500000E1
7.322948439E1,6.500000000E0
7.323210839E1,6.500000000E0
7.323473339E1,6.500000000E0
7.323735739E1,6.500000000E0
7.323998239E1,6.500000000E0
7.324260639E1,6.500000000E0
7.324523139E1,6.500000000E0
7.324785539E1,6.500000000E0
7.325048039E1,6.500000000E0
7.325310439E1,6.500000000E0
7.325572939E1,6.500000000E0
7.325835339E1,6.500000000E0
7.326097839E1,6.500000000E0
7.326360339E1,6.500000000E0
7.326622739E1,6.500000000E0
7.326885239E1,6.500000000E0
7.327147639E1,6.500000000E0
7.327410139E1,6.500000000E0
7.327672539E1,6.500000000E0
7.327935039E1,6.500000000E0
7.328197439E1,6.500000000E0
7.328459939E1,6.500000000E0
7.328722339E1,6.500000000E0
7.328984839E1,6.500000000E0
7.329247239E1,6.500000000E0
7.329509739E1,6.500000000E0
7.329772139E1,6.500000000E0
7.330034639E1,6.500000000E0
7.330297039E1,6.500000000E0
7.330559539E1,1.937500000E1
7.330821939E1,1.937500000E1
7.331084439E1,1.937500000E1
7.331346839E1,1.937500000E1
7.331609339E1,1.937500000E1
7.331871739E1,1.937500000E1
7.332134239E1,1.937500000E1
7.332396639E1,1.937500000E1
7.332659139E1,1.937500000E1
7.332921539E1,1.937500000E1
7.333184039E1,1.937500000E1
7.333446439E1,1.937500000E1
7.333708939E1,1.937500000E1
7.333971339E1,1.937500000E1
7.334233839E1,1.937500000E1
7.334496239E1,1.937500000E1
7.334758739E1,1.937500000E1
7.335021139E1,1.937500000E1
7.335283639E1,1.937500000E1
7.335546039E1,1.937500000E1
7.335808539E1,1.937500000E1
7.336070939E1,1.937500000E1
7.336333439E1,1.937500000E1
7.336595839E1,1.937500000E1
7.336858339E1,1.937500000E1
7.337120739E1,1.937500000E1
7.337383239E1,1.937500000E1
7.337645739E1,1.937500000E1
7.337908139E1,1.937500000E1
7.338170639E1,1.937500000E1
7.338433039E1,1.937500000E1
7.338695539E1,1.937500000E1
7.338957939E1,1.937500000E1
7.339220439E1,1.937500000E1
7.339482839E1,1.937500000E1
7.339745339E1,1.937500000E1
7.340007739E1,1.937500000E1
7.340270239E1,1.937500000E1
7.340532639E1,1.937500000E1
7.340795139E1,6.500000000E0
7.341057539E1,6.500000000E0
7.341320039E1,6.500000000E0
7.341582439E1,6.500000000E0
7.341844939E1,6.500000000E0
7.342107339E1,6.500000000E0
7.342369839E1,6.500000000E0
7.342632239E1,6.500000000E0
7.342894739E1,6.500000000E0
7.343157139E1,6.500000000E0
7.343419639E1,6.500000000E0
7.343682039E1,6.500000000E0
7.343944539E1,6.500000000E0
7.344206939E1,6.500000000E0
7.344469439E1,6.500000000E0
7.344731839E1,6.500000000E0
7.344994339E1,6.500000000E0
7.345256739E1,6.500000000E0
7.345519239E1,6.500000000E0
7.345781639E1,6.500000000E0
7.346044139E1,6.500000000E0
7.346306539E1,6.500000000E0
7.346569039E1,6.500000000E0
7.346831439E1,6.500000000E0
7.347093939E1,6.500000000E0
7.347356339E1,6.500000000E0
7.347618839E1,6.500000000E0
7.347881239E1,6.500000000E0
7.348143739E1,6.500000000E0
7.348406139E1,6.500000000E0
7.348668639E1,6.500000000E0
7.348931139E1,6.500000000E0
7.349193539E1,6.500000000E0
7.349456039E1,6.500000000E0
7.349718439E1,6.500000000E0
7.349980939E1,6.500000000E0
7.350243339E1,6.500000000E0
7.350505839E1,6.500000000E0
7.350768239E1,6.500000000E0
7.351030739E1,6.500000000E0
7.351293139E1,6.500000000E0
7.351555639E1,6.500000000E0
7.351818039E1,6.500000000E0
7.352080539E1,6.500000000E0
7.352342939E1,6.500000000E0
7.352605439E1,6.500000000E0
7.352867839E1,6.500000000E0
7.353130339E1,6.500000000E0
7.353392739E1,1.937500000E1
7.353655239E1,1.937500000E1
7.353917639E1,1.937500000E1
7.354180139E1,1.937500000E1
7.354442539E1,1.937500000E1
7.354705039E1,1.937500000E1
7.354967439E1,1.937500000E1
7.355229939E1,1.937500000E1
7.355492339E1,1.937500000E1
7.355754839E1,1.937500000E1
7.356017239E1,6.500000000E0
7.356279739E1,6.500000000E0
7.356542139E1,6.500000000E0
7.356804639E1,6.500000000E0
7.357067039E1,6.500000000E0
7.357329539E1,6.500000000E0
7.357591939E1,6.500000000E0
7.357854439E1,6.500000000E0
7.358116839E1,6.500000000E0
7.358379339E1,1.937500000E1
7.358641739E1,1.937500000E1
7.358904239E1,1.937500000E1
7.359166639E1,1.937500000E1
7.359429139E1,1.937500000E1
7.359691639E1,1.937500000E1
7.359954039E1,1.937500000E1
7.360216539E1,1.937500000E1
7.360478939E1,1.937500000E1
7.360741439E1,1.937500000E1
7.361003839E1,1.937500000E1
7.361266339E1,6.500000000E0
7.361528739E1,6.500000000E0
7.361791239E1,6.500000000E0
7.362053639E1,6.500000000E0
7.362316139E1,6.500000000E0
7.362578539E1,6.500000000E0
7.362841039E1,6.500000000E0
7.363103439E1,6.500000000E0
7.363365939E1,6.500000000E0
7.363628339E1,6.500000000E0
7.363890839E1,6.500000000E0
7.364153239E1,6.500000000E0
7.364415739E1,6.500000000E0
7.364678139E1,6.500000000E0
7.364940639E1,6.500000000E0
7.365203039E1,6.500000000E0
7.365465539E1,6.500000000E0
7.365727939E1,6.500000000E0
7.365990439E1,6.500000000E0
7.366252839E1,6.500000000E0
7.366515339E1,6.500000000E0
7.366777739E1,6.500000000E0
7.367040239E1,6.500000000E0
7.367302639E1,6.500000000E0
7.367565139E1,6.500000000E0
7.367827539E1,6.500000000E0
7.368090039E1,6.500000000E0
7.368352439E1,6.500000000E0
7.368614939E1,6.500000000E0
7.368877339E1,6.500000000E0
7.369139839E1,6.500000000E0
7.369402239E1,6.500000000E0
7.369664739E1,6.500000000E0
7.369927139E1,6.500000000E0
7.370189639E1,6.500000000E0
7.370452039E1,6.500000000E0
7.370714539E1,6.500000000E0
7.370977039E1,6.500000000E0
7.371239439E1,1.937500000E1
7.371501939E1,1.937500000E1
7.371764339E1,1.937500000E1
7.372026839E1,1.937500000E1
7.372405995E1,1.937500000E1
7.373122882E1,1.937500000E1
7.373388382E1,1.937500000E1
7.373650882E1,6.500000000E0
7.373913282E1,6.500000000E0
7.374175782E1,6.500000000E0
7.374438182E1,6.500000000E0
7.374700682E1,6.500000000E0
7.374963082E1,6.500000000E0
7.375225582E1,6.500000000E0
7.375487982E1,6.500000000E0
7.375750482E1,6.500000000E0
7.376012882E1,6.500000000E0
7.376275382E1,6.500000000E0
7.376537782E1,6.500000000E0
7.376800282E1,6.500000000E0
7.377062682E1,6.500000000E0
7.377325182E1,6.500000000E0
7.377587582E1,6.500000000E0
7.377850082E1,6.500000000E0
7.378112482E1,6.500000000E0
7.378374982E1,6.500000000E0
7.378637382E1,6.500000000E0
7.378899882E1,6.500000000E0
7.379162282E1,6.500000000E0
7.379424782E1,6.500000000E0
7.379687182E1,6.500000000E0
7.379949682E1,6.500000000E0
7.380212082E1,6.500000000E0
7.380474582E1,6.500000000E0
7.380736982E1,6.500000000E0
7.380999482E1,6.500000000E0
7.381261882E1,6.500000000E0
7.381524382E1,6.500000000E0
7.381786782E1,6.500000000E0
7.382049282E1,6.500000000E0
7.382311682E1,6.500000000E0
7.382574182E1,6.500000000E0
7.382836582E1,6.500000000E0
7.383099082E1,6.500000000E0
7.383361482E1,6.500000000E0
7.383623982E1,6.500000000E0
7.383886482E1,6.500000000E0
7.384148882E1,6.500000000E0
7.384411382E1,6.500000000E0
7.384673782E1,6.500000000E0
7.384936282E1,6.500000000E0
7.385198682E1,6.500000000E0
7.385461182E1,6.500000000E0
7.385723582E1,6.500000000E0
7.385986082E1,6.500000000E0
7.386248482E1,6.500000000E0
7.386510982E1,6.500000000E0
7.386773382E1,6.500000000E0
7.387035882E1,6.500000000E0
7.387298282E1,6.500000000E0
7.387560782E1,6.500000000E0
7.387823182E1,6.500000000E0
7.388085682E1,6.500000000E0
7.388348082E1,6.500000000E0
7.388610582E1,6.500000000E0
7.388872982E1,6.500000000E0
7.389135482E1,6.500000000E0
7.389397882E1,6.500000000E0
7.389660382E1,6.500000000E0
7.389922782E1,6.500000000E0
7.390185282E1,6.500000000E0
7.390447682E1,6.500000000E0
7.390710182E1,6.500000000E0
7.390972582E1,6.500000000E0
7.391235082E1,6.500000000E0
7.391497482E1,1.937500000E1
7.391759982E1,1.937500000E1
7.392022382E1,1.937500000E1
7.392284882E1,1.937500000E1
7.392547282E1,1.937500000E1
7.392809782E1,1.937500000E1
7.393072182E1,1.937500000E1
7.393334682E1,1.937500000E1
7.393597082E1,1.937500000E1
7.393859582E1,1.937500000E1
7.394121982E1,6.500000000E0
7.394384482E1,6.500000000E0
7.394646882E1,6.500000000E0
7.394909382E1,6.500000000E0
7.395171882E1,6.500000000E0
7.395434282E1,6.500000000E0
7.395696782E1,6.500000000E0
7.395959182E1,6.500000000E0
7.396221682E1,6.500000000E0
7.396484082E1,6.500000000E0
7.396746582E1,6.500000000E0
7.397008982E1,6.500000000E0
7.397271482E1,6.500000000E0
7.397533882E1,6.500000000E0
7.397796382E1,6.500000000E0
7.398058782E1,6.500000000E0
7.398321282E1,6.500000000E0
7.398583682E1,6.500000000E0
7.398846182E1,6.500000000E0
7.399108582E1,1.937500000E1
7.399371082E1,1.937500000E1
7.399633482E1,1.937500000E1
7.399895982E1,1.937500000E1
7.400158382E1,1.937500000E1
7.400420882E1,1.937500000E1
7.400683282E1,1.937500000E1
7.400945782E1,1.937500000E1
7.401208182E1,1.937500000E1
7.401470682E1,6.500000000E0
7.401733082E1,6.500000000E0
7.401995582E1,6.500000000E0
7.402257982E1,6.500000000E0
7.402520482E1,6.500000000E0
7.402782882E1,6.500000000E0
7.403045382E1,6.500000000E0
7.403307782E1,6.500000000E0
7.403570282E1,6.500000000E0
7.403832682E1,6.500000000E0
7.404095182E1,6.500000000E0
7.404357582E1,6.500000000E0
7.404620082E1,6.500000000E0
7.404882482E1,6.500000000E0
7.405144982E1,6.500000000E0
7.405407382E1,6.500000000E0
7.405669882E1,6.500000000E0
7.405932282E1,6.500000000E0
7.406194782E1,6.500000000E0
7.406457282E1,6.500000000E0
7.406719682E1,6.500000000E0
7.406982182E1,6.500000000E0
7.407244582E1,6.500000000E0
7.407507082E1,6.500000000E0
7.407769482E1,6.500000000E0
7.408031982E1,6.500000000E0
7.408294382E1,6.500000000E0
7.408556882E1,6.500000000E0
7.408819282E1,6.500000000E0
7.409081782E1,6.500000000E0
7.409344182E1,6.500000000E0
7.409606682E1,6.500000000E0
7.409869082E1,6.500000000E0
7.410131582E1,6.500000000E0
7.410393982E1,6.500000000E0
7.410656482E1,6.500000000E0
7.410918882E1,6.500000000E0
7.411181382E1,6.500000000E0
7.411443782E1,6.500000000E0
7.411706282E1,6.500000000E0
7.411968682E1,6.500000000E0
7.412231182E1,6.500000000E0
7.412493582E1,6.500000000E0
7.412756082E1,6.500000000E0
7.413018482E1,6.500000000E0
7.413280982E1,6.500000000E0
7.413543382E1,6.500000000E0
7.413805882E1,6.500000000E0
7.414068282E1,6.500000000E0
7.414330782E1,6.500000000E0
7.414593182E1,6.500000000E0
7.414855682E1,6.500000000E0
7.415118082E1,6.500000000E0
7.415380582E1,6.500000000E0
7.415642982E1,6.500000000E0
7.415905482E1,6.500000000E0
7.416167882E1,6.500000000E0
7.416430382E1,6.500000000E0
7.416692782E1,6.500000000E0
7.416955282E1,6.500000000E0
7.417217682E1,6.500000000E0
7.417480182E1,6.500000000E0
7.417742682E1,6.500000000E0
7.418005082E1,6.500000000E0
7.418267582E1,6.500000000E0
7.418529982E1,6.500000000E0
7.418792482E1,6.500000000E0
7.419054882E1,6.500000000E0
7.419317382E1,6.500000000E0
7.419579782E1,6.500000000E0
7.419842282E1,6.500000000E0
7.420104682E1,6.500000000E0
7.420367182E1,6.500000000E0
7.420629582E1,6.500000000E0
7.420892082E1,6.500000000E0
7.421154482E1,6.500000000E0
7.421416982E1,6.500000000E0
7.421679382E1,6.500000000E0
7.421941882E1,6.500000000E0
7.422204282E1,6.500000000E0
7.422466782E1,6.500000000E0
7.422729182E1,6.500000000E0
7.422991682E1,6.500000000E0
7.423254082E1,6.500000000E0
7.423516582E1,6.500000000E0
7.423778982E1,6.500000000E0
7.424041482E1,6.500000000E0
7.424303882E1,6.500000000E0
7.424566382E1,6.500000000E0
7.424828782E1,6.500000000E0
7.425091282E1,6.500000000E0
7.425353682E1,6.500000000E0
7.425616182E1,6.500000000E0
7.425878582E1,6.500000000E0
7.426141082E1,6.500000000E0
7.426403482E1,6.500000000E0
7.426665982E1,6.500000000E0
7.426928382E1,6.500000000E0
7.427190882E1,6.500000000E0
7.427453282E1,6.500000000E0
7.427715782E1,6.500000000E0
7.427978182E1,6.500000000E0
7.428240682E1,6.500000000E0
7.428503082E1,6.500000000E0
7.428765582E1,6.500000000E0
7.429028082E1,6.500000000E0
7.429290482E1,6.500000000E0
7.429552982E1,6.500000000E0
7.429815382E1,6.500000000E0
7.430077882E1,6.500000000E0
7.430340282E1,6.500000000E0
7.430602782E1,6.500000000E0
7.430865182E1,6.500000000E0
7.431127682E1,6.500000000E0
7.431390082E1,6.500000000E0
7.431652582E1,6.500000000E0
7.431914982E1,6.500000000E0
7.432177482E1,6.500000000E0
7.432439882E1,6.500000000E0
7.432702382E1,6.500000000E0
7.432964782E1,6.500000000E0
7.433227282E1,6.500000000E0
7.433489682E1,6.500000000E0
7.433752182E1,6.500000000E0
7.434014582E1,6.500000000E0
7.434277082E1,6.500000000E0
7.434539482E1,6.500000000E0
7.434801982E1,6.500000000E0
7.435064382E1,6.500000000E0
7.435326882E1,6.500000000E0
7.435589282E1,6.500000000E0
7.435851782E1,6.500000000E0
7.436114182E1,6.500000000E0
7.436376682E1,6.500000000E0
7.436639082E1,6.500000000E0
7.436901582E1,6.500000000E0
7.437163982E1,6.500000000E0
7.437426482E1,6.500000000E0
7.437688882E1,6.500000000E0
7.437951382E1,6.500000000E0
7.438213782E1,6.500000000E0
7.438476282E1,6.500000000E0
7.438738682E1,6.500000000E0
7.439001182E1,6.500000000E0
7.439263582E1,6.500000000E0
7.439526082E1,6.500000000E0
7.439788482E1,6.500000000E0
7.440050982E1,6.500000000E0
7.440313482E1,6.500000000E0
7.440575882E1,6.500000000E0
7.440838382E1,6.500000000E0
7.441100782E1,6.500000000E0
7.441363282E1,6.500000000E0
7.441625682E1,6.500000000E0
7.441888182E1,6.500000000E0
7.442150582E1,6.500000000E0
7.442413082E1,6.500000000E0
7.442675482E1,6.500000000E0
7.442937982E1,6.500000000E0
7.443200382E1,6.500000000E0
7.443462882E1,6.500000000E0
7.443725282E1,6.500000000E0
7.443987782E1,6.500000000E0
7.444250182E1,6.500000000E0
7.444512682E1,6.500000000E0
7.444775082E1,6.500000000E0
7.445037582E1,6.500000000E0
7.445299982E1,6.500000000E0
7.445562482E1,6.500000000E0
7.445824882E1,6.500000000E0
7.446087382E1,6.500000000E0
7.446349782E1,6.500000000E0
7.446612282E1,6.500000000E0
7.446874682E1,6.500000000E0
7.447137182E1,6.500000000E0
7.447399582E1,6.500000000E0
7.447662082E1,6.500000000E0
7.447924482E1,6.500000000E0
7.448186982E1,6.500000000E0
7.448449382E1,6.500000000E0
7.448711882E1,6.500000000E0
7.448974282E1,6.500000000E0
7.449236782E1,6.500000000E0
7.449499182E1,6.500000000E0
7.449761682E1,6.500000000E0
7.450024082E1,6.500000000E0
7.450286582E1,6.500000000E0
7.450548982E1,6.500000000E0
7.450811482E1,6.500000000E0
7.451073982E1,6.500000000E0
7.451336382E1,6.500000000E0
7.451598882E1,6.500000000E0
7.451861282E1,6.500000000E0
7.452123782E1,6.500000000E0
7.452386182E1,6.500000000E0
7.452648682E1,6.500000000E0
7.452911082E1,6.500000000E0
7.453173582E1,6.500000000E0
7.453435982E1,6.500000000E0
7.453698482E1,6.500000000E0
7.453960882E1,6.500000000E0
7.454223382E1,6.500000000E0
7.454485782E1,6.500000000E0
7.454748282E1,6.500000000E0
7.455010682E1,6.500000000E0
7.455273182E1,6.500000000E0
7.455535582E1,6.500000000E0
7.455798082E1,6.500000000E0
7.456060482E1,6.500000000E0
7.456322982E1,6.500000000E0
7.456585382E1,6.500000000E0
7.456847882E1,6.500000000E0
7.457110282E1,6.500000000E0
7.457372782E1,6.500000000E0
7.457635182E1,6.500000000E0
7.457897682E1,6.500000000E0
7.458160082E1,6.500000000E0
7.458422582E1,6.500000000E0
7.458684982E1,6.500000000E0
7.458947482E1,6.500000000E0
7.459209882E1,6.500000000E0
7.459472382E1,6.500000000E0
7.459734782E1,6.500000000E0
7.459997282E1,6.500000000E0
7.460259682E1,6.500000000E0
7.460522182E1,6.500000000E0
7.460784582E1,6.500000000E0
7.461047082E1,6.500000000E0
7.461309482E1,6.500000000E0
7.461571982E1,6.500000000E0
7.461834382E1,6.500000000E0
7.462096882E1,6.500000000E0
7.462359382E1,6.500000000E0
7.462621782E1,6.500000000E0
7.462884282E1,6.500000000E0
7.463146682E1,6.500000000E0
7.463409182E1,6.500000000E0
7.463671582E1,6.500000000E0
7.463934082E1,6.500000000E0
7.464196482E1,6.500000000E0
7.464458982E1,6.500000000E0
7.464721382E1,6.500000000E0
7.464983882E1,6.500000000E0
7.465246282E1,6.500000000E0
7.465508782E1,6.500000000E0
7.465771182E1,6.500000000E0
7.466033682E1,6.500000000E0
7.466296082E1,6.500000000E0
7.466558582E1,6.500000000E0
7.466820982E1,6.500000000E0
7.467083482E1,6.500000000E0
7.467345882E1,6.500000000E0
7.467608382E1,6.500000000E0
7.467870782E1,6.500000000E0
7.468133282E1,6.500000000E0
7.468395682E1,6.500000000E0
7.468658182E1,6.500000000E0
7.468920582E1,6.500000000E0
7.469183082E1,6.500000000E0
7.469445482E1,6.500000000E0
7.469707982E1,6.500000000E0
7.469970382E1,6.500000000E0
7.470232882E1,6.500000000E0
7.470495282E1,6.500000000E0
7.470757782E1,6.500000000E0
7.471020182E1,6.500000000E0
7.471282682E1,6.500000000E0
7.471545082E1,6.500000000E0
7.471807582E1,6.500000000E0
7.472069982E1,6.500000000E0
7.472332482E1,6.500000000E0
7.472594882E1,6.500000000E0
7.472857382E1,6.500000000E0
7.473119782E1,6.500000000E0
7.473382282E1,6.500000000E0
7.473644782E1,6.500000000E0
7.473907182E1,6.500000000E0
7.474169682E1,6.500000000E0
7.474432082E1,6.500000000E0
7.474694582E1,6.500000000E0
7.474956982E1,6.500000000E0
7.475219482E1,6.500000000E0
7.475481882E1,6.500000000E0
7.475744382E1,6.500000000E0
7.476006782E1,6.500000000E0
7.476269282E1,6.500000000E0
7.476531682E1,6.500000000E0
7.476794182E1,6.500000000E0
7.477056582E1,6.500000000E0
7.477319082E1,6.500000000E0
7.477581482E1,6.500000000E0
7.477843982E1,6.500000000E0
7.478106382E1,1.937500000E1
7.478368882E1,1.937500000E1
7.478631282E1,1.937500000E1
7.478893782E1,1.937500000E1
7.479156182E1,1.937500000E1
7.479418682E1,1.937500000E1
7.479681082E1,1.937500000E1
7.479943582E1,1.937500000E1
7.480205982E1,1.937500000E1
7.480468482E1,6.500000000E0
7.480730882E1,6.500000000E0
7.480993382E1,6.500000000E0
7.481255782E1,6.500000000E0
7.481518282E1,6.500000000E0
7.481780682E1,6.500000000E0
7.482043182E1,6.500000000E0
7.482305582E1,6.500000000E0
7.482568082E1,6.500000000E0
7.482830482E1,6.500000000E0
7.483092982E1,6.500000000E0
7.483355382E1,6.500000000E0
7.483617882E1,6.500000000E0
7.483880282E1,6.500000000E0
7.484142782E1,6.500000000E0
7.484405182E1,6.500000000E0
7.484667682E1,6.500000000E0
7.484930182E1,6.500000000E0
7.485192582E1,6.500000000E0
7.485455082E1,6.500000000E0
7.485717482E1,6.500000000E0
7.485979982E1,6.500000000E0
7.486242382E1,6.500000000E0
7.486504882E1,6.500000000E0
7.486767282E1,6.500000000E0
7.487029782E1,6.500000000E0
7.487292182E1,6.500000000E0
7.487554682E1,6.500000000E0
7.487817082E1,6.500000000E0
7.488079582E1,6.500000000E0
7.488341982E1,6.500000000E0
7.488604482E1,6.500000000E0
7.488866882E1,6.500000000E0
7.489129382E1,6.500000000E0
7.489391782E1,6.500000000E0
7.489654282E1,6.500000000E0
7.489916682E1,6.500000000E0
7.490179182E1,6.500000000E0
7.490441582E1,6.500000000E0
7.490704082E1,6.500000000E0
7.490966482E1,6.500000000E0
7.491228982E1,6.500000000E0
7.491491382E1,6.500000000E0
7.491753882E1,6.500000000E0
7.492016282E1,6.500000000E0
7.492278782E1,6.500000000E0
7.492541182E1,6.500000000E0
7.492803682E1,6.500000000E0
7.493066082E1,6.500000000E0
7.493328582E1,6.500000000E0
7.493590982E1,6.500000000E0
7.493853482E1,6.500000000E0
7.494115882E1,6.500000000E0
7.494378382E1,6.500000000E0
7.494640782E1,6.500000000E0
7.494903282E1,6.500000000E0
7.495165682E1,6.500000000E0
7.495428182E1,6.500000000E0
7.495690582E1,6.500000000E0
7.495953082E1,6.500000000E0
7.496215582E1,6.500000000E0
7.496477982E1,6.500000000E0
7.496740482E1,6.500000000E0
7.497002882E1,6.500000000E0
7.497265382E1,6.500000000E0
7.497527782E1,6.500000000E0
7.497790282E1,6.500000000E0
7.498052682E1,6.500000000E0
7.498315182E1,6.500000000E0
7.498577582E1,6.500000000E0
7.498840082E1,6.500000000E0
7.499102482E1,6.500000000E0
7.499364982E1,6.500000000E0
7.499627382E1,6.500000000E0
7.499889882E1,6.500000000E0
7.500152282E1,6.500000000E0
7.500414782E1,6.500000000E0
7.500677182E1,6.500000000E0
7.500939682E1,6.500000000E0
7.501202082E1,6.500000000E0
7.501464582E1,6.500000000E0
7.501726982E1,6.500000000E0
7.501989482E1,6.500000000E0
7.502251882E1,6.500000000E0
7.502514382E1,6.500000000E0
7.502776782E1,6.500000000E0
7.503039282E1,6.500000000E0
7.503301682E1,6.500000000E0
7.503564182E1,6.500000000E0
7.503826582E1,6.500000000E0
7.504089082E1,6.500000000E0
7.504351482E1,6.500000000E0
7.504613982E1,6.500000000E0
7.504876382E1,6.500000000E0
7.505138882E1,6.500000000E0
7.505401282E1,6.500000000E0
7.505663782E1,6.500000000E0
7.505926182E1,6.500000000E0
7.506188682E1,6.500000000E0
7.506451082E1,6.500000000E0
7.506713582E1,6.500000000E0
7.506975982E1,6.500000000E0
7.507238482E1,6.500000000E0
7.507500982E1,6.500000000E0
7.507763382E1,6.500000000E0
7.508025882E1,6.500000000E0
7.508288282E1,6.500000000E0
7.508550782E1,6.500000000E0
7.508813182E1,6.500000000E0
7.509075682E1,6.500000000E0
7.509338082E1,6.500000000E0
7.509600582E1,6.500000000E0
7.509862982E1,6.500000000E0
7.510125482E1,6.500000000E0
7.510387882E1,6.500000000E0
7.510650382E1,6.500000000E0
7.510912782E1,6.500000000E0
7.511175282E1,6.500000000E0
7.511437682E1,6.500000000E0
7.511700182E1,6.500000000E0
7.511962582E1,6.500000000E0
7.512225082E1,6.500000000E0
7.512487482E1,6.500000000E0
7.512749982E1,6.500000000E0
7.513012382E1,6.500000000E0
7.513274882E1,6.500000000E0
7.513537282E1,6.500000000E0
7.513799782E1,6.500000000E0
7.514062182E1,6.500000000E0
7.514324682E1,6.500000000E0
7.514587082E1,6.500000000E0
7.514849582E1,6.500000000E0
7.515111982E1,6.500000000E0
7.515374482E1,6.500000000E0
7.515636882E1,6.500000000E0
7.515899382E1,6.500000000E0
7.516161782E1,1.937500000E1
7.516424282E1,1.937500000E1
7.516686682E1,1.937500000E1
7.516949182E1,1.937500000E1
7.517211582E1,1.937500000E1
7.517474082E1,1.937500000E1
7.517736482E1,1.937500000E1
7.517998982E1,1.937500000E1
7.518261482E1,1.937500000E1
7.518523882E1,1.937500000E1
7.518786382E1,6.500000000E0
7.519048782E1,6.500000000E0
7.519311282E1,6.500000000E0
7.519573682E1,6.500000000E0
7.519836182E1,6.500000000E0
7.520098582E1,6.500000000E0
7.520361082E1,6.500000000E0
7.520623482E1,6.500000000E0
7.520885982E1,6.500000000E0
7.521148382E1,6.500000000E0
7.521410882E1,6.500000000E0
7.521673282E1,6.500000000E0
7.521935782E1,6.500000000E0
7.522198182E1,6.500000000E0
7.522460682E1,6.500000000E0
7.522723082E1,6.500000000E0
7.522985582E1,6.500000000E0
7.523247982E1,6.500000000E0
7.523510482E1,6.500000000E0
7.523772882E1,1.937500000E1
7.524035382E1,1.937500000E1
7.524297782E1,1.937500000E1
7.524560282E1,1.937500000E1
7.524822682E1,1.937500000E1
7.525085182E1,1.937500000E1
7.525347582E1,1.937500000E1
7.525610082E1,1.937500000E1
7.525872482E1,1.937500000E1
7.526134982E1,1.937500000E1
7.526397382E1,6.500000000E0
7.526659882E1,6.500000000E0
7.526922282E1,6.500000000E0
7.527184782E1,6.500000000E0
7.527447182E1,6.500000000E0
7.527709682E1,6.500000000E0
7.527972082E1,6.500000000E0
7.528234582E1,6.500000000E0
7.528496982E1,6.500000000E0
7.528759482E1,6.500000000E0
7.529021882E1,6.500000000E0
7.529284382E1,6.500000000E0
7.529546882E1,6.500000000E0
7.529809282E1,6.500000000E0
7.530071782E1,6.500000000E0
7.530334182E1,6.500000000E0
7.530596682E1,6.500000000E0
7.530859082E1,6.500000000E0
7.531121582E1,6.500000000E0
7.531383982E1,6.500000000E0
7.531646482E1,6.500000000E0
7.531908882E1,6.500000000E0
7.532171382E1,6.500000000E0
7.532433782E1,6.500000000E0
7.532696282E1,6.500000000E0
7.532958682E1,6.500000000E0
7.533221182E1,6.500000000E0
7.533483582E1,6.500000000E0
7.533746082E1,6.500000000E0
7.534008482E1,6.500000000E0
7.534270982E1,6.500000000E0
7.534533382E1,6.500000000E0
7.534795882E1,6.500000000E0
7.535058282E1,6.500000000E0
7.535320782E1,6.500000000E0
7.535583182E1,6.500000000E0
7.535845682E1,6.500000000E0
7.536108082E1,6.500000000E0
7.536370582E1,6.500000000E0
7.536632982E1,6.500000000E0
7.536895482E1,6.500000000E0
7.537157882E1,6.500000000E0
7.537420382E1,6.500000000E0
7.537682782E1,6.500000000E0
7.537945282E1,6.500000000E0
7.538207682E1,6.500000000E0
7.538470182E1,6.500000000E0
7.538732582E1,6.500000000E0
7.538995082E1,6.500000000E0
7.539257482E1,6.500000000E0
7.539519982E1,6.500000000E0
7.539782382E1,6.500000000E0
7.540044882E1,6.500000000E0
7.540307282E1,6.500000000E0
7.540569782E1,6.500000000E0
7.540832282E1,6.500000000E0
7.541094682E1,6.500000000E0
7.541357182E1,6.500000000E0
7.541619582E1,6.500000000E0
7.541882082E1,6.500000000E0
7.542144482E1,6.500000000E0
7.542406982E1,6.500000000E0
7.542669382E1,6.500000000E0
7.542931882E1,6.500000000E0
7.543194282E1,6.500000000E0
7.543456782E1,6.500000000E0
7.543719182E1,6.500000000E0
7.543981682E1,6.500000000E0
7.544244082E1,6.500000000E0
7.544506582E1,6.500000000E0
7.544768982E1,6.500000000E0
7.545031482E1,6.500000000E0
7.545293882E1,6.500000000E0
7.545556382E1,6.500000000E0
7.545818782E1,6.500000000E0
7.546081282E1,6.500000000E0
7.546343682E1,6.500000000E0
7.546606182E1,6.500000000E0
7.546868582E1,6.500000000E0
7.547131082E1,6.500000000E0
7.547393482E1,6.500000000E0
7.547655982E1,6.500000000E0
7.547918382E1,6.500000000E0
7.548180882E1,6.500000000E0
7.548443282E1,6.500000000E0
7.548705782E1,6.500000000E0
7.548968182E1,6.500000000E0
7.549230682E1,1.937500000E1
7.549493082E1,1.937500000E1
7.549755582E1,1.937500000E1
7.550017982E1,1.937500000E1
7.550280482E1,1.937500000E1
7.550542882E1,1.937500000E1
7.550805382E1,1.937500000E1
7.551067782E1,1.937500000E1
7.551330282E1,1.937500000E1
7.551592682E1,1.937500000E1
7.551855182E1,6.500000000E0
7.552117682E1,6.500000000E0
7.552380082E1,6.500000000E0
7.552642582E1,6.500000000E0
7.552904982E1,6.500000000E0
7.553167482E1,6.500000000E0
7.553429882E1,6.500000000E0
7.553692382E1,6.500000000E0
7.553954782E1,6.500000000E0
7.554217282E1,6.500000000E0
7.554479682E1,6.500000000E0
7.554742182E1,6.500000000E0
7.555004582E1,6.500000000E0
7.555267082E1,6.500000000E0
7.555529482E1,6.500000000E0
7.555791982E1,6.500000000E0
7.556054382E1,6.500000000E0
7.556316882E1,6.500000000E0
7.556579282E1,6.500000000E0
7.556841782E1,6.500000000E0
7.557104182E1,6.500000000E0
7.557366682E1,6.500000000E0
7.557629082E1,6.500000000E0
7.557891582E1,6.500000000E0
7.558153982E1,6.500000000E0
7.558416482E1,6.500000000E0
7.558678882E1,6.500000000E0
7.558941382E1,6.500000000E0
7.559203782E1,6.500000000E0
7.559466282E1,6.500000000E0
7.559728682E1,6.500000000E0
7.559991182E1,6.500000000E0
7.560253582E1,6.500000000E0
7.560516082E1,6.500000000E0
7.560778482E1,6.500000000E0
7.561040982E1,6.500000000E0
7.561303382E1,6.500000000E0
7.561565882E1,6.500000000E0
7.561828282E1,6.500000000E0
7.562090782E1,6.500000000E0
7.562353182E1,6.500000000E0
7.562615682E1,6.500000000E0
7.562878082E1,6.500000000E0
7.563140582E1,6.500000000E0
7.563403082E1,6.500000000E0
7.563665482E1,6.500000000E0
7.563927982E1,6.500000000E0
7.564190382E1,6.500000000E0
7.564452882E1,6.500000000E0
7.564715282E1,6.500000000E0
7.564977782E1,6.500000000E0
7.565240182E1,6.500000000E0
7.565502682E1,6.500000000E0
7.565765082E1,6.500000000E0
7.566027582E1,6.500000000E0
7.566289982E1,6.500000000E0
7.566552482E1,6.500000000E0
7.566814882E1,6.500000000E0
7.567077382E1,6.500000000E0
7.567339782E1,6.500000000E0
7.567602282E1,6.500000000E0
7.567864682E1,6.500000000E0
7.568127182E1,6.500000000E0
7.568389582E1,6.500000000E0
7.568652082E1,6.500000000E0
7.568914482E1,6.500000000E0
7.569176982E1,6.500000000E0
7.569439382E1,6.500000000E0
7.569701882E1,6.500000000E0
7.569964282E1,6.500000000E0
7.570226782E1,6.500000000E0
7.570489182E1,6.500000000E0
7.570751682E1,6.500000000E0
7.571014082E1,6.500000000E0
7.571276582E1,6.500000000E0
7.571538982E1,6.500000000E0
7.571801482E1,6.500000000E0
7.572063882E1,6.500000000E0
7.572326382E1,6.500000000E0
7.572588782E1,6.500000000E0
7.572851282E1,6.500000000E0
7.573113682E1,6.500000000E0
7.573376182E1,6.500000000E0
7.573638582E1,6.500000000E0
7.573901082E1,6.500000000E0
7.574163482E1,6.500000000E0
7.574425982E1,6.500000000E0
7.574688482E1,6.500000000E0
7.574950882E1,6.500000000E0
7.575213382E1,6.500000000E0
7.575475782E1,6.500000000E0
7.575738282E1,6.500000000E0
7.576000682E1,6.500000000E0
7.576263182E1,6.500000000E0
7.576525582E1,6.500000000E0
7.576788082E1,6.500000000E0
7.577050482E1,6.500000000E0
7.577312982E1,1.937500000E1
7.577575382E1,1.937500000E1
7.577837882E1,1.937500000E1
7.578100282E1,1.937500000E1
7.578362782E1,1.937500000E1
7.578625182E1,1.937500000E1
7.578887682E1,1.937500000E1
7.579150082E1,1.937500000E1
7.579412582E1,1.937500000E1
7.579674982E1,1.937500000E1
7.579937482E1,6.500000000E0
7.580199882E1,6.500000000E0
7.580462382E1,6.500000000E0
7.580724782E1,6.500000000E0
7.580987282E1,6.500000000E0
7.581249682E1,6.500000000E0
7.581512182E1,6.500000000E0
7.581774582E1,6.500000000E0
7.582037082E1,6.500000000E0
7.582299482E1,6.500000000E0
7.582561982E1,6.500000000E0
7.582824382E1,6.500000000E0
7.583086882E1,6.500000000E0
7.583349282E1,6.500000000E0
7.583611782E1,6.500000000E0
7.583874182E1,6.500000000E0
7.584136682E1,6.500000000E0
7.584399082E1,6.500000000E0
7.584661582E1,6.500000000E0
7.584923982E1,6.500000000E0
7.585186482E1,6.500000000E0
7.585448982E1,6.500000000E0
7.585711382E1,6.500000000E0
7.585973882E1,6.500000000E0
7.586236282E1,6.500000000E0
7.586498782E1,6.500000000E0
7.586761182E1,6.500000000E0
7.587023682E1,6.500000000E0
7.587286082E1,6.500000000E0
7.587548582E1,6.500000000E0
7.587810982E1,6.500000000E0
7.588073482E1,6.500000000E0
7.588335882E1,6.500000000E0
7.588598382E1,6.500000000E0
7.588860782E1,6.500000000E0
7.589123282E1,6.500000000E0
7.589385682E1,6.500000000E0
7.589648182E1,6.500000000E0
7.589910582E1,6.500000000E0
7.590173082E1,6.500000000E0
7.590435482E1,6.500000000E0
7.590697982E1,6.500000000E0
7.590960382E1,6.500000000E0
7.591222882E1,6.500000000E0
7.591485282E1,6.500000000E0
7.591747782E1,6.500000000E0
7.592010182E1,6.500000000E0
7.592272682E1,6.500000000E0
7.592535082E1,6.500000000E0
7.592797582E1,6.500000000E0
7.593059982E1,6.500000000E0
7.593322482E1,6.500000000E0
7.593584882E1,6.500000000E0
7.593847382E1,6.500000000E0
7.594109782E1,6.500000000E0
7.594372282E1,6.500000000E0
7.594634682E1,6.500000000E0
7.594897182E1,6.500000000E0
7.595159582E1,6.500000000E0
7.595422082E1,6.500000000E0
7.595684482E1,6.500000000E0
7.595946982E1,6.500000000E0
7.596209382E1,6.500000000E0
7.596471882E1,6.500000000E0
7.596734382E1,6.500000000E0
7.596996782E1,6.500000000E0
7.597259282E1,6.500000000E0
7.597521682E1,6.500000000E0
7.597784182E1,6.500000000E0
7.598046582E1,6.500000000E0
7.598309082E1,6.500000000E0
7.598571482E1,6.500000000E0
7.598833982E1,6.500000000E0
7.599096382E1,6.500000000E0
7.599358882E1,6.500000000E0
7.599621282E1,6.500000000E0
7.599883782E1,6.500000000E0
7.600146182E1,6.500000000E0
7.600408682E1,6.500000000E0
7.600671082E1,6.500000000E0
7.600933582E1,6.500000000E0
7.601195982E1,6.500000000E0
7.601458482E1,6.500000000E0
7.601720882E1,6.500000000E0
7.601983382E1,6.500000000E0
7.602245782E1,6.500000000E0
7.602508282E1,6.500000000E0
7.602770682E1,1.937500000E1
7.603033182E1,1.937500000E1
7.603295582E1,1.937500000E1
7.603558082E1,1.937500000E1
7.603820482E1,1.937500000E1
7.604082982E1,1.937500000E1
7.604345382E1,1.937500000E1
7.604607882E1,1.937500000E1
7.604870282E1,1.937500000E1
7.605132782E1,6.500000000E0
7.605395182E1,6.500000000E0
7.605657682E1,6.500000000E0
7.605920082E1,6.500000000E0
7.606182582E1,6.500000000E0
7.606444982E1,6.500000000E0
7.606707482E1,6.500000000E0
7.606969882E1,6.500000000E0
7.607232382E1,6.500000000E0
7.607494782E1,6.500000000E0
7.607757282E1,6.500000000E0
7.608019782E1,6.500000000E0
7.608282182E1,6.500000000E0
7.608544682E1,6.500000000E0
7.608807082E1,6.500000000E0
7.609069582E1,6.500000000E0
7.609331982E1,6.500000000E0
7.609594482E1,6.500000000E0
7.609856882E1,6.500000000E0
7.610119382E1,6.500000000E0
7.610381782E1,6.500000000E0
7.610644282E1,6.500000000E0
7.610906682E1,6.500000000E0
7.611169182E1,6.500000000E0
7.611431582E1,6.500000000E0
7.611694082E1,6.500000000E0
7.611956482E1,6.500000000E0
7.612218982E1,6.500000000E0
7.612481382E1,6.500000000E0
7.612743882E1,6.500000000E0
7.613006282E1,6.500000000E0
7.613268782E1,6.500000000E0
7.613531182E1,6.500000000E0
7.613793682E1,6.500000000E0
7.614056082E1,6.500000000E0
7.614318582E1,6.500000000E0
7.614580982E1,6.500000000E0
7.614843482E1,6.500000000E0
7.615105882E1,6.500000000E0
7.615368382E1,6.500000000E0
7.615630782E1,6.500000000E0
7.615893282E1,6.500000000E0
7.616155682E1,6.500000000E0
7.616418182E1,6.500000000E0
7.616680582E1,6.500000000E0
7.616943082E1,6.500000000E0
7.617205482E1,6.500000000E0
7.617467982E1,6.500000000E0
7.617730382E1,6.500000000E0
7.617992882E1,6.500000000E0
7.618255282E1,6.500000000E0
7.618517782E1,6.500000000E0
7.618780182E1,6.500000000E0
7.619042682E1,6.500000000E0
7.619305182E1,6.500000000E0
7.619567582E1,6.500000000E0
7.619830082E1,6.500000000E0
7.620092482E1,6.500000000E0
7.620354982E1,6.500000000E0
7.620617382E1,6.500000000E0
7.620879882E1,6.500000000E0
7.621142282E1,6.500000000E0
7.621404782E1,6.500000000E0
7.621667182E1,6.500000000E0
7.621929682E1,6.500000000E0
7.622192082E1,6.500000000E0
7.622454582E1,6.500000000E0
7.622716982E1,6.500000000E0
7.622979482E1,6.500000000E0
7.623241882E1,6.500000000E0
7.623504382E1,6.500000000E0
7.623766782E1,6.500000000E0
7.624029282E1,6.500000000E0
7.624291682E1,6.500000000E0
7.624554182E1,6.500000000E0
7.624816582E1,6.500000000E0
7.625079082E1,6.500000000E0
7.625341482E1,6.500000000E0
7.625603982E1,6.500000000E0
7.625866382E1,6.500000000E0
7.626128882E1,6.500000000E0
7.626391282E1,6.500000000E0
7.626653782E1,6.500000000E0
7.626916182E1,6.500000000E0
7.627178682E1,6.500000000E0
7.627441082E1,6.500000000E0
7.627703582E1,6.500000000E0
7.627965982E1,6.500000000E0
7.628228482E1,6.500000000E0
7.628490882E1,6.500000000E0
7.628753382E1,6.500000000E0
7.629015782E1,6.500000000E0
7.629278282E1,6.500000000E0
7.629540682E1,6.500000000E0
7.629803182E1,6.500000000E0
7.630065582E1,6.500000000E0
7.630328082E1,6.500000000E0
7.630590582E1,6.500000000E0
7.630852982E1,6.500000000E0
7.631115482E1,6.500000000E0
7.631377882E1,6.500000000E0
7.631640382E1,6.500000000E0
7.631902782E1,6.500000000E0
7.632165282E1,6.500000000E0
7.632427682E1,6.500000000E0
7.632690182E1,6.500000000E0
7.632952582E1,6.500000000E0
7.633215082E1,6.500000000E0
7.633477482E1,6.500000000E0
7.633739982E1,6.500000000E0
7.634002382E1,6.500000000E0
7.634264882E1,6.500000000E0
7.634527282E1,6.500000000E0
7.634789782E1,6.500000000E0
7.635052182E1,6.500000000E0
7.635314682E1,6.500000000E0
7.635577082E1,6.500000000E0
7.635839582E1,6.500000000E0
7.636101982E1,6.500000000E0
7.636364482E1,6.500000000E0
7.636626882E1,6.500000000E0
7.636889382E1,6.500000000E0
7.637151782E1,6.500000000E0
7.637414282E1,6.500000000E0
7.637676682E1,6.500000000E0
7.637939182E1,6.500000000E0
7.638201582E1,6.500000000E0
7.638464082E1,6.500000000E0
7.638726482E1,6.500000000E0
7.638988982E1,6.500000000E0
7.639251382E1,6.500000000E0
7.639513882E1,6.500000000E0
7.639776282E1,6.500000000E0
7.640038782E1,6.500000000E0
7.640301182E1,6.500000000E0
7.640563682E1,6.500000000E0
7.640826082E1,6.500000000E0
7.641088582E1,6.500000000E0
7.641350982E1,6.500000000E0
7.641613482E1,6.500000000E0
7.641875982E1,6.500000000E0
7.642138382E1,6.500000000E0
7.642400882E1,6.500000000E0
7.642663282E1,6.500000000E0
7.642925782E1,6.500000000E0
7.643188182E1,6.500000000E0
7.643450682E1,6.500000000E0
7.643713082E1,6.500000000E0
7.643975582E1,6.500000000E0
7.644237982E1,6.500000000E0
7.644500482E1,6.500000000E0
7.644762882E1,6.500000000E0
7.645025382E1,6.500000000E0
7.645287782E1,6.500000000E0
7.645550282E1,6.500000000E0
7.645812682E1,6.500000000E0
7.646075182E1,1.937500000E1
7.646337582E1,1.937500000E1
7.646600082E1,1.937500000E1
7.646862482E1,1.937500000E1
7.647124982E1,1.937500000E1
7.647387382E1,1.937500000E1
7.647649882E1,1.937500000E1
7.647912282E1,1.937500000E1
7.648174782E1,1.937500000E1
7.648437182E1,1.937500000E1
7.648699682E1,6.500000000E0
7.648962082E1,6.500000000E0
7.649224582E1,6.500000000E0
7.649486982E1,6.500000000E0
7.649749482E1,6.500000000E0
7.650011882E1,6.500000000E0
7.650274382E1,6.500000000E0
7.650536782E1,6.500000000E0
7.650799282E1,6.500000000E0
7.651061682E1,6.500000000E0
7.651324182E1,6.500000000E0
7.651586582E1,6.500000000E0
7.651849082E1,6.500000000E0
7.652111482E1,6.500000000E0
7.652373982E1,6.500000000E0
7.652636482E1,6.500000000E0
7.652898882E1,6.500000000E0
7.653161382E1,6.500000000E0
7.653423782E1,6.500000000E0
7.653686282E1,6.500000000E0
7.653948682E1,6.500000000E0
7.654211182E1,6.500000000E0
7.654473582E1,6.500000000E0
7.654736082E1,6.500000000E0
7.654998482E1,6.500000000E0
7.655260982E1,6.500000000E0
7.655523382E1,6.500000000E0
7.655785882E1,6.500000000E0
7.656048282E1,6.500000000E0
7.656310782E1,6.500000000E0
7.656573182E1,6.500000000E0
7.656835682E1,6.500000000E0
7.657098082E1,6.500000000E0
7.657360582E1,6.500000000E0
7.657622982E1,6.500000000E0
7.657885482E1,6.500000000E0
7.658147882E1,6.500000000E0
7.658410382E1,6.500000000E0
7.658672782E1,6.500000000E0
7.658935282E1,6.500000000E0
7.659197682E1,6.500000000E0
7.659460182E1,6.500000000E0
7.659722582E1,6.500000000E0
7.659985082E1,6.500000000E0
7.660247482E1,6.500000000E0
7.660509982E1,6.500000000E0
7.660772382E1,6.500000000E0
7.661034882E1,6.500000000E0
7.661297282E1,1.937500000E1
7.661559782E1,1.937500000E1
7.661822182E1,1.937500000E1
7.662084682E1,1.937500000E1
7.662347082E1,1.937500000E1
7.662609582E1,1.937500000E1
7.662871982E1,1.937500000E1
7.663134482E1,1.937500000E1
7.663396882E1,1.937500000E1
7.663659382E1,1.937500000E1
7.663921882E1,6.500000000E0
7.664184282E1,6.500000000E0
7.664446782E1,6.500000000E0
7.664709182E1,6.500000000E0
7.664971682E1,6.500000000E0
7.665234082E1,6.500000000E0
7.665496582E1,6.500000000E0
7.665758982E1,6.500000000E0
7.666021482E1,6.500000000E0
7.666283882E1,6.500000000E0
7.666546382E1,6.500000000E0
7.666808782E1,6.500000000E0
7.667071282E1,6.500000000E0
7.667333682E1,6.500000000E0
7.667596182E1,6.500000000E0
7.667858582E1,6.500000000E0
7.668121082E1,6.500000000E0
7.668383482E1,6.500000000E0
7.668645982E1,6.500000000E0
7.668908382E1,6.500000000E0
7.669170882E1,6.500000000E0
7.669433282E1,6.500000000E0
7.669695782E1,6.500000000E0
7.669958182E1,6.500000000E0
7.670220682E1,6.500000000E0
7.670483082E1,6.500000000E0
7.670745582E1,6.500000000E0
7.671007982E1,6.500000000E0
7.671270482E1,6.500000000E0
7.671532882E1,6.500000000E0
7.671795382E1,6.500000000E0
7.672057782E1,6.500000000E0
7.672320282E1,6.500000000E0
7.672582682E1,6.500000000E0
7.672845182E1,6.500000000E0
7.673107582E1,6.500000000E0
7.673370082E1,6.500000000E0
7.673632482E1,6.500000000E0
7.673894982E1,6.500000000E0
7.674157382E1,6.500000000E0
7.674419882E1,6.500000000E0
7.674682282E1,6.500000000E0
7.674944782E1,6.500000000E0
7.675207282E1,6.500000000E0
7.675469682E1,6.500000000E0
7.675732182E1,6.500000000E0
7.675994582E1,6.500000000E0
7.676257082E1,6.500000000E0
7.676519482E1,6.500000000E0
7.676781982E1,6.500000000E0
7.677044382E1,6.500000000E0
7.677306882E1,6.500000000E0
7.677569282E1,6.500000000E0
7.677831782E1,6.500000000E0
7.678094182E1,6.500000000E0
7.678356682E1,6.500000000E0
7.678619082E1,6.500000000E0
7.678881582E1,6.500000000E0
7.679143982E1,6.500000000E0
7.679406482E1,6.500000000E0
7.679668882E1,6.500000000E0
7.679931382E1,6.500000000E0
7.680193782E1,6.500000000E0
7.680456282E1,6.500000000E0
7.680718682E1,6.500000000E0
7.680981182E1,6.500000000E0
7.681243582E1,6.500000000E0
7.681506082E1,6.500000000E0
7.681768482E1,6.500000000E0
7.682030982E1,6.500000000E0
7.682293382E1,6.500000000E0
7.682555882E1,6.500000000E0
7.682818282E1,6.500000000E0
7.683080782E1,6.500000000E0
7.683343182E1,6.500000000E0
7.683605682E1,6.500000000E0
7.683868082E1,6.500000000E0
7.684130582E1,6.500000000E0
7.684392982E1,6.500000000E0
7.684655482E1,6.500000000E0
7.684917882E1,6.500000000E0
7.685180382E1,6.500000000E0
7.685442782E1,6.500000000E0
7.685705282E1,6.500000000E0
7.685967682E1,6.500000000E0
7.686230182E1,6.500000000E0
7.686492682E1,6.500000000E0
7.686755082E1,6.500000000E0
7.687017582E1,6.500000000E0
7.687279982E1,6.500000000E0
7.687542482E1,6.500000000E0
7.687804882E1,6.500000000E0
7.688067382E1,6.500000000E0
7.688329782E1,6.500000000E0
7.688592282E1,6.500000000E0
7.688854682E1,6.500000000E0
7.689117182E1,6.500000000E0
7.689379582E1,6.500000000E0
7.689642082E1,6.500000000E0
7.689904482E1,6.500000000E0
7.690166982E1,6.500000000E0
7.690429382E1,6.500000000E0
7.690691882E1,6.500000000E0
7.690954282E1,6.500000000E0
7.691216782E1,6.500000000E0
7.691479182E1,6.500000000E0
7.691741682E1,6.500000000E0
7.692004082E1,6.500000000E0
7.692266582E1,6.500000000E0
7.692528982E1,6.500000000E0
7.692791482E1,6.500000000E0
7.693053882E1,6.500000000E0
7.693316382E1,6.500000000E0
7.693578782E1,6.500000000E0
7.693841282E1,6.500000000E0
7.694103682E1,6.500000000E0
7.694366182E1,6.500000000E0
7.694628582E1,6.500000000E0
7.694891082E1,6.500000000E0
7.695153482E1,6.500000000E0
7.695415982E1,6.500000000E0
7.695678382E1,6.500000000E0
7.695940882E1,6.500000000E0
7.696203282E1,6.500000000E0
7.696465782E1,6.500000000E0
7.696728182E1,6.500000000E0
7.696990682E1,6.500000000E0
7.697253082E1,6.500000000E0
7.697515582E1,6.500000000E0
7.697778082E1,6.500000000E0
7.698040482E1,6.500000000E0
7.698302982E1,6.500000000E0
7.698565382E1,6.500000000E0
7.698827882E1,6.500000000E0
7.699090282E1,6.500000000E0
7.699352782E1,6.500000000E0
7.699615182E1,6.500000000E0
7.699877682E1,6.500000000E0
7.700140082E1,6.500000000E0
7.700402582E1,6.500000000E0
7.700664982E1,6.500000000E0
7.700927482E1,6.500000000E0
7.701189882E1,6.500000000E0
7.701452382E1,6.500000000E0
7.701714782E1,6.500000000E0
7.701977282E1,6.500000000E0
7.702239682E1,6.500000000E0
7.702502182E1,6.500000000E0
7.702764582E1,6.500000000E0
7.703027082E1,6.500000000E0
7.703289482E1,6.500000000E0
7.703551982E1,6.500000000E0
7.703814382E1,6.500000000E0
7.704076882E1,6.500000000E0
7.704339282E1,6.500000000E0
7.704601782E1,6.500000000E0
7.704864182E1,6.500000000E0
7.705126682E1,6.500000000E0
7.705389082E1,6.500000000E0
7.705651582E1,6.500000000E0
7.705913982E1,6.500000000E0
7.706176482E1,6.500000000E0
7.706438882E1,6.500000000E0
7.706701382E1,6.500000000E0
7.706963782E1,6.500000000E0
7.707226282E1,6.500000000E0
7.707488682E1,6.500000000E0
7.707751182E1,6.500000000E0
7.708013582E1,6.500000000E0
7.708276082E1,6.500000000E0
7.708538482E1,6.500000000E0
7.708800982E1,6.500000000E0
7.709063482E1,6.500000000E0
7.709325882E1,6.500000000E0
7.709588382E1,6.500000000E0
7.709850782E1,6.500000000E0
7.710113282E1,6.500000000E0
7.710375682E1,6.500000000E0
7.710638182E1,6.500000000E0
7.710900582E1,6.500000000E0
7.711163082E1,6.500000000E0
7.711425482E1,6.500000000E0
7.711687982E1,6.500000000E0
7.711950382E1,6.500000000E0
7.712212882E1,6.500000000E0
7.712475282E1,6.500000000E0
7.712737782E1,6.500000000E0
7.713000182E1,6.500000000E0
7.713262682E1,6.500000000E0
7.713525082E1,6.500000000E0
7.713787582E1,6.500000000E0
7.714049982E1,6.500000000E0
7.714312482E1,6.500000000E0
7.714574882E1,6.500000000E0
7.714837382E1,6.500000000E0
7.715099782E1,6.500000000E0
7.715362282E1,6.500000000E0
7.715624682E1,6.500000000E0
7.715887182E1,6.500000000E0
7.716149582E1,6.500000000E0
7.716412082E1,6.500000000E0
7.716674482E1,6.500000000E0
7.716936982E1,6.500000000E0
7.717199382E1,6.500000000E0
7.717461882E1,6.500000000E0
7.717724282E1,6.500000000E0
7.717986782E1,6.500000000E0
7.718249182E1,6.500000000E0
7.718511682E1,6.500000000E0
7.718774082E1,6.500000000E0
7.719036582E1,6.500000000E0
7.719298982E1,6.500000000E0
7.719561482E1,6.500000000E0
7.719823982E1,6.500000000E0
7.720086382E1,6.500000000E0
7.720348882E1,6.500000000E0
7.720611282E1,6.500000000E0
7.720873782E1,6.500000000E0
7.721136182E1,6.500000000E0
7.721398682E1,6.500000000E0
7.721661082E1,6.500000000E0
7.721923582E1,6.500000000E0
7.722185982E1,6.500000000E0
7.722448482E1,6.500000000E0
7.722710882E1,6.500000000E0
7.722973382E1,6.500000000E0
7.723235782E1,6.500000000E0
7.723498282E1,6.500000000E0
7.723760682E1,6.500000000E0
7.724023182E1,6.500000000E0
7.724285582E1,6.500000000E0
7.724548082E1,6.500000000E0
7.724810482E1,6.500000000E0
7.725072982E1,6.500000000E0
7.725335382E1,6.500000000E0
7.725597882E1,6.500000000E0
7.725860282E1,6.500000000E0
7.726122782E1,6.500000000E0
7.726385182E1,6.500000000E0
7.726647682E1,6.500000000E0
7.726910082E1,6.500000000E0
7.727172582E1,6.500000000E0
7.727434982E1,6.500000000E0
7.727697482E1,6.500000000E0
7.727959882E1,6.500000000E0
7.728222382E1,6.500000000E0
7.728484782E1,6.500000000E0
7.728747282E1,6.500000000E0
7.729009682E1,6.500000000E0
7.729272182E1,6.500000000E0
7.729534582E1,6.500000000E0
7.729797082E1,6.500000000E0
7.730059482E1,6.500000000E0
7.730321982E1,6.500000000E0
7.730584382E1,6.500000000E0
7.730846882E1,6.500000000E0
7.731109382E1,6.500000000E0
7.731371782E1,6.500000000E0
7.731634282E1,6.500000000E0
7.731896682E1,6.500000000E0
7.732159182E1,6.500000000E0
7.732421582E1,6.500000000E0
7.732684082E1,6.500000000E0
7.732946482E1,6.500000000E0
7.733208982E1,6.500000000E0
7.733471382E1,6.500000000E0
7.733733882E1,6.500000000E0
7.733996282E1,6.500000000E0
7.734258782E1,6.500000000E0
7.734521182E1,6.500000000E0
7.734783682E1,6.500000000E0
7.735046082E1,6.500000000E0
7.735308582E1,6.500000000E0
7.735570982E1,6.500000000E0
7.735833482E1,6.500000000E0
7.736095882E1,6.500000000E0
7.736358382E1,6.500000000E0
7.736620782E1,6.500000000E0
7.736883282E1,6.500000000E0
7.737145682E1,6.500000000E0
7.737408182E1,6.500000000E0
7.737670582E1,1.937500000E1
7.737933082E1,1.937500000E1
7.738195482E1,1.937500000E1
7.738457982E1,1.937500000E1
7.738720382E1,1.937500000E1
7.738982882E1,1.937500000E1
7.739245282E1,1.937500000E1
7.739507782E1,1.937500000E1
7.739770182E1,1.937500000E1
7.740032682E1,1.937500000E1
7.740295082E1,6.500000000E0
7.740557582E1,6.500000000E0
7.740819982E1,6.500000000E0
7.741082482E1,6.500000000E0
7.741344882E1,6.500000000E0
7.741607382E1,6.500000000E0
7.741869782E1,6.500000000E0
7.742132282E1,6.500000000E0
7.742394782E1,6.500000000E0
7.742657182E1,6.500000000E0
7.742919682E1,6.500000000E0
7.743182082E1,6.500000000E0
7.743444582E1,6.500000000E0
7.743706982E1,6.500000000E0
7.743969482E1,6.500000000E0
7.744231882E1,6.500000000E0
7.744494382E1,6.500000000E0
7.744756782E1,6.500000000E0
7.745019282E1,6.500000000E0
7.745281682E1,6.500000000E0
7.745544182E1,6.500000000E0
7.745806582E1,6.500000000E0
7.746069082E1,6.500000000E0
7.746331482E1,6.500000000E0
7.746593982E1,6.500000000E0
7.746856382E1,6.500000000E0
7.747118882E1,6.500000000E0
7.747381282E1,6.500000000E0
7.747643782E1,6.500000000E0
7.747906182E1,1.937500000E1
7.748168682E1,1.937500000E1
7.748431082E1,1.937500000E1
7.748693582E1,1.937500000E1
7.748955982E1,1.937500000E1
7.749218482E1,1.937500000E1
7.749480882E1,1.937500000E1
7.749743382E1,1.937500000E1
7.750005782E1,1.937500000E1
7.750268282E1,1.937500000E1
7.750530682E1,6.500000000E0
7.750793182E1,6.500000000E0
7.751055582E1,6.500000000E0
7.751318082E1,6.500000000E0
7.751580482E1,6.500000000E0
7.751842982E1,6.500000000E0
7.752105382E1,6.500000000E0
7.752367882E1,6.500000000E0
7.752630282E1,6.500000000E0
7.752892782E1,6.500000000E0
7.753155182E1,6.500000000E0
7.753417682E1,6.500000000E0
7.753680182E1,6.500000000E0
7.753942582E1,6.500000000E0
7.754205082E1,6.500000000E0
7.754467482E1,6.500000000E0
7.754729982E1,6.500000000E0
7.754992382E1,6.500000000E0
7.755254882E1,6.500000000E0
7.755517282E1,6.500000000E0
7.755779782E1,6.500000000E0
7.756042182E1,6.500000000E0
7.756304682E1,6.500000000E0
7.756567082E1,6.500000000E0
7.756829582E1,6.500000000E0
7.757091982E1,6.500000000E0
7.757354482E1,6.500000000E0
7.757616882E1,6.500000000E0
7.757879382E1,6.500000000E0
7.758141782E1,6.500000000E0
7.758404282E1,6.500000000E0
7.758666682E1,6.500000000E0
7.758929182E1,6.500000000E0
7.759191582E1,6.500000000E0
7.759454082E1,6.500000000E0
7.759716482E1,6.500000000E0
7.759978982E1,6.500000000E0
7.760241382E1,6.500000000E0
7.760503882E1,6.500000000E0
7.760766282E1,6.500000000E0
7.761028782E1,6.500000000E0
7.761291182E1,6.500000000E0
7.761553682E1,6.500000000E0
7.761816082E1,6.500000000E0
7.762078582E1,6.500000000E0
7.762340982E1,6.500000000E0
7.762603482E1,6.500000000E0
7.762865882E1,6.500000000E0
7.763128382E1,6.500000000E0
7.763390782E1,6.500000000E0
7.763653282E1,6.500000000E0
7.763915682E1,6.500000000E0
7.764178182E1,6.500000000E0
7.764440582E1,6.500000000E0
7.764703082E1,6.500000000E0
7.764965582E1,6.500000000E0
7.765227982E1,6.500000000E0
7.765490482E1,6.500000000E0
7.765752882E1,6.500000000E0
7.766015382E1,6.500000000E0
7.766277782E1,6.500000000E0
7.766540282E1,6.500000000E0
7.766802682E1,6.500000000E0
7.767065182E1,6.500000000E0
7.767327582E1,6.500000000E0
7.767590082E1,6.500000000E0
7.767852482E1,6.500000000E0
7.768114982E1,6.500000000E0
7.768377382E1,6.500000000E0
7.768639882E1,6.500000000E0
7.768902282E1,6.500000000E0
7.769164782E1,6.500000000E0
7.769427182E1,6.500000000E0
7.769689682E1,6.500000000E0
7.769952082E1,6.500000000E0
7.770214582E1,6.500000000E0
7.770476982E1,6.500000000E0
7.770739482E1,6.500000000E0
7.771001882E1,6.500000000E0
7.771264382E1,6.500000000E0
7.771526782E1,6.500000000E0
7.771789282E1,6.500000000E0
7.772051682E1,6.500000000E0
7.772314182E1,6.500000000E0
7.772576582E1,6.500000000E0
7.772839082E1,6.500000000E0
7.773101482E1,6.500000000E0
7.773363982E1,6.500000000E0
7.773626382E1,6.500000000E0
7.773888882E1,6.500000000E0
7.774151282E1,6.500000000E0
7.774413782E1,6.500000000E0
7.774676182E1,6.500000000E0
7.774938682E1,6.500000000E0
7.775201082E1,6.500000000E0
7.775463582E1,6.500000000E0
7.775725982E1,6.500000000E0
7.775988482E1,6.500000000E0
7.776250982E1,6.500000000E0
7.776513382E1,6.500000000E0
7.776775882E1,6.500000000E0
7.777038282E1,6.500000000E0
7.777300782E1,6.500000000E0
7.777563182E1,6.500000000E0
7.777825682E1,6.500000000E0
7.778088082E1,6.500000000E0
7.778350582E1,6.500000000E0
7.778612982E1,6.500000000E0
7.778875482E1,6.500000000E0
7.779137882E1,6.500000000E0
7.779400382E1,6.500000000E0
7.779662782E1,6.500000000E0
7.779925282E1,6.500000000E0
7.780187682E1,6.500000000E0
7.780450182E1,6.500000000E0
7.780712582E1,6.500000000E0
7.780975082E1,6.500000000E0
7.781237482E1,6.500000000E0
7.781499982E1,6.500000000E0
7.781762382E1,6.500000000E0
7.782024882E1,6.500000000E0
7.782287282E1,6.500000000E0
7.782549782E1,6.500000000E0
7.782812182E1,6.500000000E0
7.783074682E1,6.500000000E0
7.783337082E1,6.500000000E0
7.783599582E1,6.500000000E0
7.783861982E1,6.500000000E0
7.784124482E1,6.500000000E0
7.784386882E1,6.500000000E0
7.784649382E1,6.500000000E0
7.784911782E1,6.500000000E0
7.785174282E1,6.500000000E0
7.785436682E1,6.500000000E0
7.785699182E1,6.500000000E0
7.785961582E1,6.500000000E0
7.786224082E1,6.500000000E0
7.786486482E1,6.500000000E0
7.786748982E1,6.500000000E0
7.787011482E1,6.500000000E0
7.787273882E1,6.500000000E0
7.787536382E1,6.500000000E0
7.787798782E1,6.500000000E0
7.788061282E1,6.500000000E0
7.788323682E1,6.500000000E0
7.788586182E1,6.500000000E0
7.788848582E1,6.500000000E0
7.789111082E1,6.500000000E0
7.789373482E1,6.500000000E0
7.789635982E1,6.500000000E0
7.789898382E1,6.500000000E0
7.790160882E1,6.500000000E0
7.790423282E1,6.500000000E0
7.790685782E1,6.500000000E0
7.790948182E1,6.500000000E0
7.791210682E1,1.937500000E1
7.791473082E1,1.937500000E1
7.791735582E1,1.937500000E1
7.791997982E1,1.937500000E1
7.792260482E1,1.937500000E1
7.792522882E1,1.937500000E1
7.792785382E1,1.937500000E1
7.793047782E1,1.937500000E1
7.793310282E1,1.937500000E1
7.793572682E1,1.937500000E1
7.793835182E1,6.500000000E0
7.794097582E1,6.500000000E0
7.794360082E1,6.500000000E0
7.794622482E1,6.500000000E0
7.794884982E1,6.500000000E0
7.795147382E1,6.500000000E0
7.795409882E1,6.500000000E0
7.795672282E1,6.500000000E0
7.795934782E1,6.500000000E0
7.796197182E1,6.500000000E0
7.796459682E1,6.500000000E0
7.796722082E1,6.500000000E0
7.796984582E1,6.500000000E0
7.797411267E1,6.500000000E0
7.797952343E1,6.500000000E0
7.798965543E1,6.500000000E0
7.799978643E1,6.500000000E0
7.800244143E1,6.500000000E0
7.800506643E1,6.500000000E0
7.800769043E1,6.500000000E0
7.801031543E1,6.500000000E0
7.801293943E1,6.500000000E0
7.801556443E1,6.500000000E0
7.801818843E1,6.500000000E0
7.802081343E1,6.500000000E0
7.802343843E1,6.500000000E0
7.802606243E1,6.500000000E0
7.802868743E1,6.500000000E0
7.803131143E1,6.500000000E0
7.803393643E1,6.500000000E0
7.803656043E1,6.500000000E0
7.803918543E1,6.500000000E0
7.804180943E1,6.500000000E0
7.804443443E1,6.500000000E0
7.804705843E1,6.500000000E0
7.804968343E1,6.500000000E0
7.805230743E1,6.500000000E0
7.805493243E1,6.500000000E0
7.805755643E1,6.500000000E0
7.806018143E1,6.500000000E0
7.806280543E1,6.500000000E0
7.806543043E1,6.500000000E0
7.806805443E1,6.500000000E0
7.807067943E1,6.500000000E0
7.807330343E1,6.500000000E0
7.807592843E1,6.500000000E0
7.807855243E1,6.500000000E0
7.808117743E1,6.500000000E0
7.808380143E1,6.500000000E0
7.808642643E1,6.500000000E0
7.808905043E1,6.500000000E0
7.809167543E1,6.500000000E0
7.809429943E1,6.500000000E0
7.809692443E1,6.500000000E0
7.809954843E1,6.500000000E0
7.810217343E1,6.500000000E0
7.810479743E1,6.500000000E0
7.810742243E1,6.500000000E0
7.811004643E1,6.500000000E0
7.811267143E1,6.500000000E0
7.811529543E1,6.500000000E0
7.811792043E1,6.500000000E0
7.812054443E1,6.500000000E0
7.812316943E1,6.500000000E0
7.812579343E1,6.500000000E0
7.812841843E1,6.500000000E0
7.813104243E1,6.500000000E0
7.813366743E1,6.500000000E0
7.813629243E1,6.500000000E0
7.813891643E1,6.500000000E0
7.814154143E1,6.500000000E0
7.814416543E1,6.500000000E0
7.814679043E1,6.500000000E0
7.814941443E1,6.500000000E0
7.815203943E1,6.500000000E0
7.815466343E1,6.500000000E0
7.815728843E1,6.500000000E0
7.815991243E1,6.500000000E0
7.816253743E1,6.500000000E0
7.816516143E1,6.500000000E0
7.816778643E1,6.500000000E0
7.817041043E1,6.500000000E0
7.817303543E1,6.500000000E0
7.817565943E1,6.500000000E0
7.817828443E1,6.500000000E0
7.818090843E1,6.500000000E0
7.818353343E1,6.500000000E0
7.818615743E1,6.500000000E0
7.818878243E1,6.500000000E0
7.819140643E1,6.500000000E0
7.819403143E1,6.500000000E0
7.819665543E1,6.500000000E0
7.819928043E1,6.500000000E0
7.820190443E1,6.500000000E0
7.820452943E1,6.500000000E0
7.820715343E1,6.500000000E0
7.820977843E1,6.500000000E0
7.821240243E1,6.500000000E0
7.821502743E1,6.500000000E0
7.821765143E1,6.500000000E0
7.822027643E1,6.500000000E0
7.822290043E1,6.500000000E0
7.822552543E1,6.500000000E0
7.822814943E1,6.500000000E0
7.823077443E1,6.500000000E0
7.823339843E1,6.500000000E0
7.823602343E1,6.500000000E0
7.823864743E1,6.500000000E0
7.824127243E1,6.500000000E0
7.824389643E1,6.500000000E0
7.824652143E1,6.500000000E0
7.824914643E1,6.500000000E0
7.825177043E1,6.500000000E0
7.825439543E1,6.500000000E0
7.825701943E1,6.500000000E0
7.825964443E1,6.500000000E0
7.826226843E1,6.500000000E0
7.826489343E1,6.500000000E0
7.826751743E1,6.500000000E0
7.827014243E1,6.500000000E0
7.827276643E1,6.500000000E0
7.827539143E1,6.500000000E0
7.827801543E1,6.500000000E0
7.828064043E1,6.500000000E0
7.828326443E1,6.500000000E0
7.828588943E1,6.500000000E0
7.828851343E1,6.500000000E0
7.829113843E1,6.500000000E0
7.829376243E1,6.500000000E0
7.829638743E1,6.500000000E0
7.829901143E1,6.500000000E0
7.830163643E1,6.500000000E0
7.830426043E1,6.500000000E0
7.830688543E1,6.500000000E0
7.830950943E1,6.500000000E0
7.831213443E1,6.500000000E0
7.831475843E1,6.500000000E0
7.831738343E1,6.500000000E0
7.832000743E1,6.500000000E0
7.832263243E1,6.500000000E0
7.832525643E1,6.500000000E0
7.832788143E1,6.500000000E0
7.833050543E1,6.500000000E0
7.833313043E1,6.500000000E0
7.833575443E1,6.500000000E0
7.833837943E1,6.500000000E0
7.834100343E1,6.500000000E0
7.834362843E1,6.500000000E0
7.834625243E1,6.500000000E0
7.834887743E1,6.500000000E0
7.835150143E1,6.500000000E0
7.835412643E1,6.500000000E0
7.835675043E1,6.500000000E0
7.835937543E1,6.500000000E0
7.836200043E1,6.500000000E0
7.836462443E1,6.500000000E0
7.836724943E1,6.500000000E0
7.836987343E1,6.500000000E0
7.837249843E1,6.500000000E0
7.837512243E1,6.500000000E0
7.837774743E1,6.500000000E0
7.838037143E1,6.500000000E0
7.838299643E1,6.500000000E0
7.838562043E1,6.500000000E0
7.838824543E1,6.500000000E0
7.839086943E1,6.500000000E0
7.839349443E1,6.500000000E0
7.839611843E1,6.500000000E0
7.839874343E1,6.500000000E0
7.840136743E1,6.500000000E0
7.840399243E1,6.500000000E0
7.840661643E1,6.500000000E0
7.840924143E1,6.500000000E0
7.841186543E1,6.500000000E0
7.841449043E1,6.500000000E0
7.841711443E1,6.500000000E0
7.841973943E1,6.500000000E0
7.842236343E1,6.500000000E0
7.842498843E1,6.500000000E0
7.842761243E1,6.500000000E0
7.843023743E1,6.500000000E0
7.843286143E1,6.500000000E0
7.843548643E1,6.500000000E0
7.843811043E1,6.500000000E0
7.844073543E1,6.500000000E0
7.844335943E1,6.500000000E0
7.844598443E1,6.500000000E0
7.844860843E1,6.500000000E0
7.845123343E1,6.500000000E0
7.845385743E1,6.500000000E0
7.845648243E1,6.500000000E0
7.845910643E1,6.500000000E0
7.846173143E1,6.500000000E0
7.846435543E1,6.500000000E0
7.846698043E1,6.500000000E0
7.846960443E1,6.500000000E0
7.847222943E1,6.500000000E0
7.847485443E1,6.500000000E0
7.847747843E1,6.500000000E0
7.848010343E1,6.500000000E0
7.848272743E1,6.500000000E0
7.848535243E1,6.500000000E0
7.848797643E1,6.500000000E0
7.849060143E1,6.500000000E0
7.849322543E1,6.500000000E0
7.849585043E1,6.500000000E0
7.849847443E1,6.500000000E0
7.850109943E1,6.500000000E0
7.850372343E1,6.500000000E0
7.850634843E1,6.500000000E0
7.850897243E1,6.500000000E0
7.851159743E1,6.500000000E0
7.851422143E1,6.500000000E0
7.851684643E1,6.500000000E0
7.851947043E1,6.500000000E0
7.852209543E1,6.500000000E0
7.852471943E1,6.500000000E0
7.852734443E1,6.500000000E0
7.852996843E1,6.500000000E0
7.853259343E1,6.500000000E0
7.853521743E1,6.500000000E0
7.853784243E1,6.500000000E0
7.854046643E1,6.500000000E0
7.854309143E1,6.500000000E0
7.854571543E1,6.500000000E0
7.854834043E1,6.500000000E0
7.855096443E1,6.500000000E0
7.855358943E1,6.500000000E0
7.855621343E1,6.500000000E0
7.855883843E1,6.500000000E0
7.856146243E1,6.500000000E0
7.856408743E1,6.500000000E0
7.856671143E1,6.500000000E0
7.856933643E1,6.500000000E0
7.857196043E1,6.500000000E0
7.857458543E1,6.500000000E0
7.857720943E1,6.500000000E0
7.857983443E1,6.500000000E0
7.858245943E1,6.500000000E0
7.858508343E1,6.500000000E0
7.858770843E1,6.500000000E0
7.859033243E1,6.500000000E0
7.859295743E1,6.500000000E0
7.859558143E1,6.500000000E0
7.859820643E1,6.500000000E0
7.860083043E1,6.500000000E0
7.860345543E1,6.500000000E0
7.860607943E1,6.500000000E0
7.860870443E1,6.500000000E0
7.861132843E1,6.500000000E0
7.861395343E1,6.500000000E0
7.861657743E1,6.500000000E0
7.861920243E1,6.500000000E0
7.862182643E1,6.500000000E0
7.862445143E1,6.500000000E0
7.862707543E1,6.500000000E0
7.862970043E1,6.500000000E0
7.863232443E1,6.500000000E0
7.863494943E1,6.500000000E0
7.863757343E1,6.500000000E0
7.864019843E1,6.500000000E0
7.864282243E1,6.500000000E0
7.864544743E1,6.500000000E0
7.864807143E1,6.500000000E0
7.865069643E1,6.500000000E0
7.865332043E1,6.500000000E0
7.865594543E1,6.500000000E0
7.865856943E1,6.500000000E0
7.866119443E1,6.500000000E0
7.866381843E1,6.500000000E0
7.866644343E1,6.500000000E0
7.866906743E1,6.500000000E0
7.867169243E1,6.500000000E0
7.867431643E1,6.500000000E0
7.867694143E1,6.500000000E0
7.867956543E1,6.500000000E0
7.868219043E1,6.500000000E0
7.868481443E1,6.500000000E0
7.868743943E1,6.500000000E0
7.869006343E1,6.500000000E0
7.869268843E1,6.500000000E0
7.869531343E1,6.500000000E0
7.869793743E1,6.500000000E0
7.870056243E1,6.500000000E0
7.870318643E1,6.500000000E0
7.870581143E1,6.500000000E0
7.870843543E1,6.500000000E0
7.871106043E1,6.500000000E0
7.871368443E1,6.500000000E0
7.871630943E1,6.500000000E0
7.871893343E1,6.500000000E0
7.872155843E1,6.500000000E0
7.872418243E1,6.500000000E0
7.872680743E1,6.500000000E0
7.872943143E1,6.500000000E0
7.873205643E1,6.500000000E0
7.873468043E1,6.500000000E0
7.873730543E1,6.500000000E0
7.873992943E1,6.500000000E0
7.874255443E1,6.500000000E0
7.874517843E1,6.500000000E0
7.874780343E1,6.500000000E0
7.875042743E1,6.500000000E0
7.875305243E1,6.500000000E0
7.875567643E1,6.500000000E0
7.875830143E1,6.500000000E0
7.876092543E1,6.500000000E0
7.876355043E1,6.500000000E0
7.876617443E1,6.500000000E0
7.876879943E1,6.500000000E0
7.877142343E1,6.500000000E0
7.877404843E1,6.500000000E0
7.877667243E1,6.500000000E0
7.877929743E1,6.500000000E0
7.878192143E1,6.500000000E0
7.878454643E1,6.500000000E0
7.878717043E1,6.500000000E0
7.878979543E1,6.500000000E0
7.879241943E1,6.500000000E0
7.879504443E1,6.500000000E0
7.879766843E1,6.500000000E0
7.880029343E1,6.500000000E0
7.880291743E1,6.500000000E0
7.880554243E1,6.500000000E0
7.880816743E1,6.500000000E0
7.881079143E1,6.500000000E0
7.881341643E1,6.500000000E0
7.881604043E1,6.500000000E0
7.881866543E1,6.500000000E0
7.882128943E1,6.500000000E0
7.882391443E1,6.500000000E0
7.882653843E1,6.500000000E0
7.882916343E1,6.500000000E0
7.883178743E1,6.500000000E0
7.883441243E1,6.500000000E0
7.883703643E1,6.500000000E0
7.883966143E1,6.500000000E0
7.884228543E1,6.500000000E0
7.884491043E1,6.500000000E0
7.884753443E1,6.500000000E0
7.885015943E1,6.500000000E0
7.885278343E1,6.500000000E0
7.885540843E1,6.500000000E0
7.885803243E1,6.500000000E0
7.886065743E1,6.500000000E0
7.886328143E1,6.500000000E0
7.886590643E1,6.500000000E0
7.886853043E1,6.500000000E0
7.887115543E1,6.500000000E0
7.887377943E1,6.500000000E0
7.887640443E1,6.500000000E0
7.887902843E1,6.500000000E0
7.888165343E1,6.500000000E0
7.888427743E1,6.500000000E0
7.888690243E1,6.500000000E0
7.888952643E1,6.500000000E0
7.889215143E1,6.500000000E0
7.889477543E1,6.500000000E0
7.889740043E1,6.500000000E0
7.890002443E1,6.500000000E0
7.890264943E1,6.500000000E0
7.890527343E1,6.500000000E0
7.890789843E1,6.500000000E0
7.891052243E1,6.500000000E0
7.891314743E1,6.500000000E0
7.891577143E1,6.500000000E0
7.891839643E1,6.500000000E0
7.892102143E1,6.500000000E0
7.892364543E1,6.500000000E0
7.892627043E1,6.500000000E0
7.892889443E1,6.500000000E0
7.893151943E1,6.500000000E0
7.893414343E1,6.500000000E0
7.893676843E1,6.500000000E0
7.893939243E1,6.500000000E0
7.894201743E1,6.500000000E0
7.894464143E1,6.500000000E0
7.894726643E1,6.500000000E0
7.894989043E1,6.500000000E0
7.895251543E1,6.500000000E0
7.895513943E1,6.500000000E0
7.895776443E1,6.500000000E0
7.896038843E1,6.500000000E0
7.896301343E1,6.500000000E0
7.896563743E1,6.500000000E0
7.896826243E1,6.500000000E0
7.897088643E1,6.500000000E0
7.897351143E1,6.500000000E0
7.897613543E1,6.500000000E0
7.897876043E1,6.500000000E0
7.898138443E1,6.500000000E0
7.898400943E1,6.500000000E0
7.898663343E1,6.500000000E0
7.898925843E1,6.500000000E0
7.899188243E1,6.500000000E0
7.899450743E1,6.500000000E0
7.899713143E1,6.500000000E0
7.899975643E1,6.500000000E0
7.900238043E1,6.500000000E0
7.900500543E1,6.500000000E0
7.900762943E1,6.500000000E0
7.901025443E1,6.500000000E0
7.901287843E1,6.500000000E0
7.901550343E1,6.500000000E0
7.901812743E1,6.500000000E0
7.902075243E1,6.500000000E0
7.902337643E1,6.500000000E0
7.902600143E1,6.500000000E0
7.902862543E1,6.500000000E0
7.903125043E1,6.500000000E0
7.903387543E1,6.500000000E0
7.903649943E1,6.500000000E0
7.903912443E1,6.500000000E0
7.904174843E1,6.500000000E0
7.904437343E1,6.500000000E0
7.904699743E1,6.500000000E0
7.904962243E1,6.500000000E0
7.905224643E1,6.500000000E0
7.905487143E1,6.500000000E0
7.905749543E1,6.500000000E0
7.906012043E1,6.500000000E0
7.906274443E1,6.500000000E0
7.906536943E1,6.500000000E0
7.906799343E1,6.500000000E0
7.907061843E1,6.500000000E0
7.907324243E1,6.500000000E0
7.907586743E1,6.500000000E0
7.907849143E1,6.500000000E0
7.908111643E1,6.500000000E0
7.908374043E1,6.500000000E0
7.908636543E1,6.500000000E0
7.908898943E1,6.500000000E0
7.909161443E1,6.500000000E0
7.909423843E1,6.500000000E0
7.909686343E1,6.500000000E0
7.909948743E1,6.500000000E0
7.910211243E1,6.500000000E0
7.910473643E1,6.500000000E0
7.910736143E1,6.500000000E0
7.910998543E1,6.500000000E0
7.911261043E1,6.500000000E0
7.911523443E1,6.500000000E0
7.911785943E1,6.500000000E0
7.912048343E1,6.500000000E0
7.912310843E1,6.500000000E0
7.912573243E1,6.500000000E0
7.912835743E1,6.500000000E0
7.913098143E1,6.500000000E0
7.913360643E1,6.500000000E0
7.913623043E1,6.500000000E0
7.913885543E1,6.500000000E0
7.914147943E1,6.500000000E0
7.914410443E1,6.500000000E0
7.914672943E1,6.500000000E0
7.914935343E1,6.500000000E0
7.915197843E1,6.500000000E0
7.915460243E1,6.500000000E0
7.915722743E1,6.500000000E0
7.915985143E1,6.500000000E0
7.916247643E1,6.500000000E0
7.916510043E1,6.500000000E0
7.916772543E1,6.500000000E0
7.917034943E1,6.500000000E0
7.917297443E1,6.500000000E0
7.917559843E1,6.500000000E0
7.917822343E1,6.500000000E0
7.918084743E1,6.500000000E0
7.918347243E1,6.500000000E0
7.918609643E1,6.500000000E0
7.918872143E1,6.500000000E0
7.919134543E1,6.500000000E0
7.919397043E1,6.500000000E0
7.919659443E1,6.500000000E0
7.919921943E1,6.500000000E0
7.920184343E1,6.500000000E0
7.920446843E1,6.500000000E0
7.920709243E1,6.500000000E0
7.920971743E1,6.500000000E0
7.921234143E1,6.500000000E0
7.921496643E1,6.500000000E0
7.921759043E1,6.500000000E0
7.922021543E1,6.500000000E0
7.922283943E1,6.500000000E0
7.922546443E1,6.500000000E0
7.922808843E1,6.500000000E0
7.923071343E1,6.500000000E0
7.923333743E1,6.500000000E0
7.923596243E1,6.500000000E0
7.923858643E1,6.500000000E0
7.924121143E1,6.500000000E0
7.924383543E1,6.500000000E0
7.924646043E1,6.500000000E0
7.924908443E1,6.500000000E0
7.925170943E1,6.500000000E0
7.925433443E1,6.500000000E0
7.925695843E1,6.500000000E0
7.925958343E1,6.500000000E0
7.926220743E1,6.500000000E0
7.926483243E1,6.500000000E0
7.926745643E1,6.500000000E0
7.927008143E1,6.500000000E0
7.927270543E1,6.500000000E0
7.927533043E1,6.500000000E0
7.927795443E1,6.500000000E0
7.928057943E1,6.500000000E0
7.928320343E1,6.500000000E0
7.928582843E1,6.500000000E0
7.928845243E1,6.500000000E0
7.929107743E1,6.500000000E0
7.929370143E1,6.500000000E0
7.929632643E1,6.500000000E0
7.929895043E1,6.500000000E0
7.930157543E1,6.500000000E0
7.930419943E1,6.500000000E0
7.930682443E1,6.500000000E0
7.930944843E1,6.500000000E0
7.931207343E1,6.500000000E0
7.931469743E1,6.500000000E0
7.931732243E1,6.500000000E0
7.931994643E1,6.500000000E0
7.932257143E1,6.500000000E0
7.932519543E1,6.500000000E0
7.932782043E1,6.500000000E0
7.933044443E1,6.500000000E0
7.933306943E1,6.500000000E0
7.933569343E1,6.500000000E0
7.933831843E1,6.500000000E0
7.934094243E1,6.500000000E0
7.934356743E1,6.500000000E0
7.934619143E1,6.500000000E0
7.934881643E1,6.500000000E0
7.935144043E1,6.500000000E0
7.935406543E1,6.500000000E0
7.935668943E1,6.500000000E0
7.935931443E1,6.500000000E0
7.936193843E1,6.500000000E0
7.936456343E1,6.500000000E0
7.936718843E1,6.500000000E0
7.936981243E1,6.500000000E0
7.937243743E1,6.500000000E0
7.937506143E1,6.500000000E0
7.937768643E1,6.500000000E0
7.938031043E1,6.500000000E0
7.938293543E1,6.500000000E0
7.938555943E1,6.500000000E0
7.938818443E1,6.500000000E0
7.939080843E1,6.500000000E0
7.939343343E1,6.500000000E0
7.939605743E1,6.500000000E0
7.939868243E1,6.500000000E0
7.940130643E1,6.500000000E0
7.940393143E1,6.500000000E0
7.940655543E1,6.500000000E0
7.940918043E1,6.500000000E0
7.941180443E1,6.500000000E0
7.941442943E1,6.500000000E0
7.941705343E1,6.500000000E0
7.941967843E1,6.500000000E0
7.942230243E1,6.500000000E0
7.942492743E1,6.500000000E0
7.942755143E1,6.500000000E0
7.943017643E1,6.500000000E0
7.943280043E1,6.500000000E0
7.943542543E1,6.500000000E0
7.943804943E1,6.500000000E0
7.944067443E1,6.500000000E0
7.944329843E1,6.500000000E0
7.944592343E1,6.500000000E0
7.944854743E1,6.500000000E0
7.945117243E1,6.500000000E0
7.945379643E1,6.500000000E0
7.945642143E1,6.500000000E0
7.945904543E1,6.500000000E0
7.946167043E1,6.500000000E0
7.946429443E1,6.500000000E0
7.946691943E1,6.500000000E0
7.946954343E1,6.500000000E0
7.947216843E1,6.500000000E0
7.947479243E1,6.500000000E0
7.947741743E1,6.500000000E0
7.948004243E1,6.500000000E0
7.948266643E1,6.500000000E0
7.948529143E1,6.500000000E0
7.948791543E1,6.500000000E0
7.949054043E1,6.500000000E0
7.949316443E1,6.500000000E0
7.949578943E1,6.500000000E0
7.949841343E1,6.500000000E0
7.950103843E1,6.500000000E0
7.950366243E1,6.500000000E0
7.950628743E1,6.500000000E0
7.950891143E1,6.500000000E0
7.951153643E1,6.500000000E0
7.951416043E1,6.500000000E0
7.951678543E1,6.500000000E0
7.951940943E1,6.500000000E0
7.952203443E1,6.500000000E0
7.952465843E1,6.500000000E0
7.952728343E1,6.500000000E0
7.952990743E1,6.500000000E0
7.953253243E1,6.500000000E0
7.953515643E1,6.500000000E0
7.953778143E1,6.500000000E0
7.954040543E1,6.500000000E0
7.954303043E1,6.500000000E0
7.954565443E1,6.500000000E0
7.954827943E1,6.500000000E0
7.955090343E1,6.500000000E0
7.955352843E1,6.500000000E0
7.955615243E1,6.500000000E0
7.955877743E1,6.500000000E0
7.956140143E1,6.500000000E0
7.956402643E1,6.500000000E0
7.956665043E1,6.500000000E0
7.956927543E1,6.500000000E0
7.957189943E1,6.500000000E0
7.957452443E1,6.500000000E0
7.957714843E1,6.500000000E0
7.957977343E1,6.500000000E0
7.958239743E1,6.500000000E0
7.958502243E1,6.500000000E0
7.958764643E1,6.500000000E0
7.959027143E1,6.500000000E0
7.959289643E1,6.500000000E0
7.959552043E1,6.500000000E0
7.959814543E1,6.500000000E0
7.960076943E1,6.500000000E0
7.960339443E1,6.500000000E0
7.960601843E1,6.500000000E0
7.960864343E1,6.500000000E0
7.961126743E1,6.500000000E0
7.961389243E1,6.500000000E0
7.961651643E1,6.500000000E0
7.961914143E1,6.500000000E0
7.962176543E1,6.500000000E0
7.962439043E1,6.500000000E0
7.962701443E1,6.500000000E0
7.962963943E1,6.500000000E0
7.963226343E1,6.500000000E0
7.963488843E1,6.500000000E0
7.963751243E1,6.500000000E0
7.964013743E1,6.500000000E0
7.964276143E1,6.500000000E0
7.964538643E1,6.500000000E0
7.964801043E1,6.500000000E0
7.965063543E1,6.500000000E0
7.965325943E1,6.500000000E0
7.965588443E1,6.500000000E0
7.965850843E1,6.500000000E0
7.966113343E1,6.500000000E0
7.966375743E1,6.500000000E0
7.966638243E1,6.500000000E0
7.966900643E1,6.500000000E0
7.967163143E1,6.500000000E0
7.967425543E1,6.500000000E0
7.967688043E1,6.500000000E0
7.967950443E1,6.500000000E0
7.968212943E1,6.500000000E0
7.968475343E1,6.500000000E0
7.968737843E1,6.500000000E0
7.969000243E1,6.500000000E0
7.969262743E1,6.500000000E0
7.969525143E1,6.500000000E0
7.969787643E1,6.500000000E0
7.970050043E1,6.500000000E0
7.970312543E1,6.500000000E0
7.970575043E1,6.500000000E0
7.970837443E1,6.500000000E0
7.971099943E1,6.500000000E0
7.971362343E1,6.500000000E0
7.971624843E1,6.500000000E0
7.971887243E1,6.500000000E0
7.972149743E1,6.500000000E0
7.972412143E1,6.500000000E0
7.972674643E1,6.500000000E0
7.972937043E1,6.500000000E0
7.973199543E1,6.500000000E0
7.973461943E1,6.500000000E0
7.973724443E1,6.500000000E0
7.973986843E1,6.500000000E0
7.974249343E1,6.500000000E0
7.974511743E1,6.500000000E0
7.974774243E1,6.500000000E0
7.975036643E1,6.500000000E0
7.975299143E1,6.500000000E0
7.975561543E1,6.500000000E0
7.975824043E1,6.500000000E0
7.976086443E1,6.500000000E0
7.976348943E1,6.500000000E0
7.976611343E1,6.500000000E0
7.976873843E1,6.500000000E0
7.977136243E1,6.500000000E0
7.977398743E1,6.500000000E0
7.977661143E1,6.500000000E0
7.977923643E1,6.500000000E0
7.978186043E1,6.500000000E0
7.978448543E1,6.500000000E0
7.978710943E1,6.500000000E0
7.978973443E1,6.500000000E0
7.979235843E1,6.500000000E0
7.979498343E1,6.500000000E0
7.979760743E1,6.500000000E0
7.980023243E1,6.500000000E0
7.980285643E1,6.500000000E0
7.980548143E1,6.500000000E0
7.980810543E1,6.500000000E0
7.981073043E1,6.500000000E0
7.981335443E1,6.500000000E0
7.981597943E1,6.500000000E0
7.981860443E1,6.500000000E0
7.982122843E1,6.500000000E0
7.982385343E1,6.500000000E0
7.982647743E1,6.500000000E0
7.982910243E1,6.500000000E0
7.983172643E1,6.500000000E0
7.983435143E1,6.500000000E0
7.983697543E1,6.500000000E0
7.983960043E1,6.500000000E0
7.984222443E1,6.500000000E0
7.984484943E1,6.500000000E0
7.984747343E1,6.500000000E0
7.985009843E1,6.500000000E0
7.985272243E1,6.500000000E0
7.985534743E1,6.500000000E0
7.985797143E1,6.500000000E0
7.986059643E1,6.500000000E0
7.986322043E1,6.500000000E0
7.986584543E1,6.500000000E0
7.986846943E1,6.500000000E0
7.987109443E1,6.500000000E0
7.987371843E1,6.500000000E0
7.987634343E1,6.500000000E0
7.987896743E1,6.500000000E0
7.988159243E1,6.500000000E0
7.988421643E1,6.500000000E0
7.988684143E1,6.500000000E0
7.988946543E1,6.500000000E0
7.989209043E1,6.500000000E0
7.989471443E1,6.500000000E0
7.989733943E1,6.500000000E0
7.989996343E1,6.500000000E0
7.990258843E1,6.500000000E0
7.990521243E1,6.500000000E0
7.990783743E1,6.500000000E0
7.991046143E1,6.500000000E0
7.991308643E1,6.500000000E0
7.991571043E1,6.500000000E0
7.991833543E1,6.500000000E0
7.992095943E1,6.500000000E0
7.992358443E1,6.500000000E0
7.992620943E1,6.500000000E0
7.992883343E1,6.500000000E0
7.993145843E1,6.500000000E0
7.993408243E1,6.500000000E0
7.993670743E1,6.500000000E0
7.993933143E1,6.500000000E0
7.994195643E1,6.500000000E0
7.994458043E1,6.500000000E0
7.994720543E1,6.500000000E0
7.994982943E1,6.500000000E0
7.995245443E1,6.500000000E0
7.995507843E1,6.500000000E0
7.995770343E1,6.500000000E0
7.996032743E1,6.500000000E0
7.996295243E1,6.500000000E0
7.996557643E1,6.500000000E0
7.996820143E1,6.500000000E0
7.997082543E1,6.500000000E0
7.997345043E1,6.500000000E0
7.997607443E1,6.500000000E0
7.997869943E1,6.500000000E0
7.998132343E1,6.500000000E0
7.998394843E1,6.500000000E0
7.998657243E1,6.500000000E0
7.998919743E1,6.500000000E0
7.999182143E1,6.500000000E0
7.999444643E1,6.500000000E0
7.999707043E1,6.500000000E0
7.999969543E1,6.500000000E0
8.000231943E1,6.500000000E0
8.000494443E1,6.500000000E0
8.000756843E1,6.500000000E0
8.001019343E1,6.500000000E0
8.001281743E1,6.500000000E0
8.001544243E1,6.500000000E0
8.001806643E1,6.500000000E0
8.002069143E1,6.500000000E0
8.002331543E1,6.500000000E0
8.002594043E1,6.500000000E0
8.002856443E1,6.500000000E0
8.003118943E1,6.500000000E0
8.003381343E1,6.500000000E0
8.003643843E1,6.500000000E0
8.003906343E1,6.500000000E0
8.004168743E1,6.500000000E0
8.004431243E1,6.500000000E0
8.004693643E1,6.500000000E0
8.004956143E1,6.500000000E0
8.005218543E1,6.500000000E0
8.005481043E1,6.500000000E0
8.005743443E1,6.500000000E0
8.006005943E1,6.500000000E0
8.006268343E1,6.500000000E0
8.006530843E1,6.500000000E0
8.006793243E1,6.500000000E0
8.007055743E1,6.500000000E0
8.007318143E1,6.500000000E0
8.007580643E1,6.500000000E0
8.007843043E1,6.500000000E0
8.008105543E1,6.500000000E0
8.008367943E1,6.500000000E0
8.008630443E1,6.500000000E0
8.008892843E1,6.500000000E0
8.009155343E1,6.500000000E0
8.009417743E1,6.500000000E0
8.009680243E1,6.500000000E0
8.009942643E1,6.500000000E0
8.010205143E1,6.500000000E0
8.010467543E1,6.500000000E0
8.010730043E1,6.500000000E0
8.010992443E1,6.500000000E0
8.011254943E1,6.500000000E0
8.011517343E1,6.500000000E0
8.011779843E1,6.500000000E0
8.012042243E1,6.500000000E0
8.012304743E1,6.500000000E0
8.012567143E1,6.500000000E0
8.012829643E1,6.500000000E0
8.013092043E1,6.500000000E0
8.013354543E1,6.500000000E0
8.013616943E1,6.500000000E0
8.013879443E1,6.500000000E0
8.014141843E1,6.500000000E0
8.014404343E1,6.500000000E0
8.014666743E1,6.500000000E0
8.014929243E1,6.500000000E0
8.015191743E1,6.500000000E0
8.015457243E1,6.500000000E0
8.015719643E1,6.500000000E0
8.015982143E1,6.500000000E0
8.016244543E1,6.500000000E0
8.016507043E1,6.500000000E0
8.016769443E1,6.500000000E0
8.017031943E1,6.500000000E0
8.017294343E1,6.500000000E0
8.017556843E1,6.500000000E0
8.017819243E1,6.500000000E0
8.018081743E1,6.500000000E0
8.018344143E1,6.500000000E0
8.018606643E1,6.500000000E0
8.018869043E1,6.500000000E0
8.019131543E1,6.500000000E0
8.019393943E1,6.500000000E0
8.019656443E1,6.500000000E0
8.019918843E1,6.500000000E0
8.020181343E1,6.500000000E0
8.020443743E1,6.500000000E0
8.020706243E1,6.500000000E0
8.020968643E1,6.500000000E0
8.021231143E1,6.500000000E0
8.021493543E1,6.500000000E0
8.021756043E1,6.500000000E0
8.022018443E1,6.500000000E0
8.022280943E1,6.500000000E0
8.022543343E1,6.500000000E0
8.022805843E1,6.500000000E0
8.023068243E1,6.500000000E0
8.023330743E1,6.500000000E0
8.023593143E1,6.500000000E0
8.023855643E1,6.500000000E0
8.024118043E1,6.500000000E0
8.024380543E1,6.500000000E0
8.024642943E1,6.500000000E0
8.024905443E1,6.500000000E0
8.025167843E1,6.500000000E0
8.025430343E1,6.500000000E0
8.025692743E1,6.500000000E0
8.025955243E1,6.500000000E0
8.026217743E1,6.500000000E0
8.026480143E1,6.500000000E0
8.026742643E1,6.500000000E0
8.027005043E1,6.500000000E0
8.027267543E1,6.500000000E0
8.027529943E1,6.500000000E0
8.027792443E1,6.500000000E0
8.028054843E1,6.500000000E0
8.028317343E1,6.500000000E0
8.028579743E1,6.500000000E0
8.028842243E1,6.500000000E0
8.029104643E1,6.500000000E0
8.029367143E1,6.500000000E0
8.029629543E1,6.500000000E0
8.029892043E1,6.500000000E0
8.030154443E1,6.500000000E0
8.030416943E1,6.500000000E0
8.030679343E1,6.500000000E0
8.030941843E1,6.500000000E0
8.031204243E1,6.500000000E0
8.031466743E1,6.500000000E0
8.031729143E1,6.500000000E0
8.031991643E1,6.500000000E0
8.032254043E1,6.500000000E0
8.032516543E1,6.500000000E0
8.032778943E1,6.500000000E0
8.033041443E1,6.500000000E0
8.033303843E1,6.500000000E0
8.033566343E1,6.500000000E0
8.033828743E1,6.500000000E0
8.034091243E1,6.500000000E0
8.034353643E1,6.500000000E0
8.034616143E1,6.500000000E0
8.034878543E1,6.500000000E0
8.035141043E1,6.500000000E0
8.035403443E1,6.500000000E0
8.035665943E1,6.500000000E0
8.035928343E1,6.500000000E0
8.036190843E1,6.500000000E0
8.036453243E1,6.500000000E0
8.036715743E1,6.500000000E0
8.036978243E1,6.500000000E0
8.037240643E1,6.500000000E0
8.037503143E1,6.500000000E0
8.037765543E1,6.500000000E0
8.038028043E1,6.500000000E0
8.038290443E1,6.500000000E0
8.038552943E1,6.500000000E0
8.038815343E1,6.500000000E0
8.039077843E1,6.500000000E0
8.039340243E1,6.500000000E0
8.039602743E1,6.500000000E0
8.039865143E1,6.500000000E0
8.040127643E1,6.500000000E0
8.040390043E1,6.500000000E0
8.040652543E1,6.500000000E0
8.040914943E1,6.500000000E0
8.041177443E1,6.500000000E0
8.041439843E1,6.500000000E0
8.041702343E1,6.500000000E0
8.041964743E1,6.500000000E0
8.042227243E1,6.500000000E0
8.042489643E1,6.500000000E0
8.042752143E1,6.500000000E0
8.043014543E1,6.500000000E0
8.043277043E1,6.500000000E0
8.043539443E1,6.500000000E0
8.043801943E1,6.500000000E0
8.044064343E1,6.500000000E0
8.044326843E1,6.500000000E0
8.044589243E1,6.500000000E0
8.044851743E1,6.500000000E0
8.045114143E1,6.500000000E0
8.045376643E1,6.500000000E0
8.045639043E1,6.500000000E0
8.045901543E1,6.500000000E0
8.046163943E1,6.500000000E0
8.046426443E1,6.500000000E0
8.046688843E1,6.500000000E0
8.046951343E1,6.500000000E0
8.047213743E1,6.500000000E0
8.047476243E1,6.500000000E0
8.047738643E1,6.500000000E0
8.048001143E1,6.500000000E0
8.048263643E1,6.500000000E0
8.048526043E1,6.500000000E0
8.048788543E1,6.500000000E0
8.049050943E1,6.500000000E0
8.049313443E1,6.500000000E0
8.049575843E1,6.500000000E0
8.049838343E1,6.500000000E0
8.050100743E1,6.500000000E0
8.050363243E1,6.500000000E0
8.050625643E1,6.500000000E0
8.050888143E1,6.500000000E0
8.051150543E1,6.500000000E0
8.051413043E1,6.500000000E0
8.051675443E1,6.500000000E0
8.051937943E1,6.500000000E0
8.052200343E1,6.500000000E0
8.052462843E1,6.500000000E0
8.052725243E1,6.500000000E0
8.052987743E1,6.500000000E0
8.053250143E1,6.500000000E0
8.053512643E1,6.500000000E0
8.053775043E1,6.500000000E0
8.054037543E1,6.500000000E0
8.054299943E1,6.500000000E0
8.054562443E1,6.500000000E0
8.054824843E1,6.500000000E0
8.055087343E1,6.500000000E0
8.055349743E1,6.500000000E0
8.055612243E1,6.500000000E0
8.055874643E1,6.500000000E0
8.056137143E1,6.500000000E0
8.056399543E1,6.500000000E0
8.056662043E1,6.500000000E0
8.056924443E1,6.500000000E0
8.057186943E1,6.500000000E0
8.057449343E1,6.500000000E0
8.057711843E1,6.500000000E0
8.057974243E1,6.500000000E0
8.058236743E1,6.500000000E0
8.058499143E1,6.500000000E0
8.058761643E1,6.500000000E0
8.059024043E1,6.500000000E0
8.059286543E1,6.500000000E0
8.059549043E1,6.500000000E0
8.059811443E1,6.500000000E0
8.060073943E1,6.500000000E0
8.060336343E1,6.500000000E0
8.060598843E1,6.500000000E0
8.060861243E1,6.500000000E0
8.061123743E1,6.500000000E0
8.061386143E1,6.500000000E0
8.061648643E1,6.500000000E0
8.061911043E1,6.500000000E0
8.062173543E1,6.500000000E0
8.062435943E1,6.500000000E0
8.062698443E1,6.500000000E0
8.062960843E1,6.500000000E0
8.063223343E1,6.500000000E0
8.063485743E1,6.500000000E0
8.063748243E1,6.500000000E0
8.064010643E1,6.500000000E0
8.064273143E1,6.500000000E0
8.064535543E1,6.500000000E0
8.064798043E1,6.500000000E0
8.065060443E1,6.500000000E0
8.065322943E1,6.500000000E0
8.065585343E1,6.500000000E0
8.065847843E1,6.500000000E0
8.066110243E1,6.500000000E0
8.066372743E1,6.500000000E0
8.066635143E1,6.500000000E0
8.066897643E1,6.500000000E0
8.067160043E1,6.500000000E0
8.067422543E1,6.500000000E0
8.067684943E1,6.500000000E0
8.067947443E1,6.500000000E0
8.068209843E1,6.500000000E0
8.068472343E1,6.500000000E0
8.068734743E1,6.500000000E0
8.068997243E1,6.500000000E0
8.069259643E1,6.500000000E0
8.069522143E1,6.500000000E0
8.069784543E1,6.500000000E0
8.070047043E1,6.500000000E0
8.070309443E1,6.500000000E0
8.070571943E1,6.500000000E0
8.070834443E1,6.500000000E0
8.071096843E1,6.500000000E0
8.071359343E1,6.500000000E0
8.071621743E1,6.500000000E0
8.071884243E1,6.500000000E0
8.072146643E1,6.500000000E0
8.072409143E1,6.500000000E0
8.072671543E1,6.500000000E0
8.072934043E1,6.500000000E0
8.073196443E1,6.500000000E0
8.073458943E1,6.500000000E0
8.073721343E1,6.500000000E0
8.073983843E1,6.500000000E0
8.074246243E1,6.500000000E0
8.074508743E1,6.500000000E0
8.074771143E1,6.500000000E0
8.075033643E1,6.500000000E0
8.075296043E1,6.500000000E0
8.075558543E1,6.500000000E0
8.075820943E1,6.500000000E0
8.076083443E1,6.500000000E0
8.076345843E1,6.500000000E0
8.076608343E1,6.500000000E0
8.076870743E1,6.500000000E0
8.077133243E1,6.500000000E0
8.077395643E1,6.500000000E0
8.077658143E1,6.500000000E0
8.077920543E1,6.500000000E0
8.078183043E1,6.500000000E0
8.078445443E1,6.500000000E0
8.078707943E1,6.500000000E0
8.078970343E1,6.500000000E0
8.079232843E1,6.500000000E0
8.079495243E1,6.500000000E0
8.079757743E1,6.500000000E0
8.080020143E1,6.500000000E0
8.080282643E1,6.500000000E0
8.080545043E1,6.500000000E0
8.080807543E1,6.500000000E0
8.081069943E1,6.500000000E0
8.081332443E1,6.500000000E0
8.081594843E1,6.500000000E0
8.081857343E1,6.500000000E0
8.082119843E1,6.500000000E0
8.082382243E1,6.500000000E0
8.082644743E1,6.500000000E0
8.082907143E1,6.500000000E0
8.083169643E1,6.500000000E0
8.083432043E1,6.500000000E0
8.083694543E1,6.500000000E0
8.083956943E1,6.500000000E0
8.084219443E1,6.500000000E0
8.084481843E1,6.500000000E0
8.084744343E1,6.500000000E0
8.085006743E1,6.500000000E0
8.085269243E1,6.500000000E0
8.085531643E1,6.500000000E0
8.085794143E1,6.500000000E0
8.086056543E1,6.500000000E0
8.086319043E1,6.500000000E0
8.086581443E1,6.500000000E0
8.086843943E1,6.500000000E0
8.087106343E1,6.500000000E0
8.087368843E1,6.500000000E0
8.087631243E1,6.500000000E0
8.087893743E1,6.500000000E0
8.088156143E1,6.500000000E0
8.088418643E1,6.500000000E0
8.088681043E1,6.500000000E0
8.088943543E1,6.500000000E0
8.089205943E1,6.500000000E0
8.089468443E1,6.500000000E0
8.089730843E1,6.500000000E0
8.089993343E1,6.500000000E0
8.090255743E1,6.500000000E0
8.090518243E1,6.500000000E0
8.090780643E1,6.500000000E0
8.091043143E1,6.500000000E0
8.091305543E1,6.500000000E0
8.091568043E1,6.500000000E0
8.091830443E1,6.500000000E0
8.092092943E1,6.500000000E0
8.092355343E1,6.500000000E0
8.092617843E1,6.500000000E0
8.092880243E1,6.500000000E0
8.093142743E1,6.500000000E0
8.093405243E1,6.500000000E0
8.093667643E1,6.500000000E0
8.093930143E1,6.500000000E0
8.094192543E1,6.500000000E0
8.094455043E1,6.500000000E0
8.094717443E1,6.500000000E0
8.094979943E1,6.500000000E0
8.095242343E1,6.500000000E0
8.095504843E1,6.500000000E0
8.095767243E1,6.500000000E0
8.096029743E1,6.500000000E0
8.096292143E1,6.500000000E0
8.096554643E1,6.500000000E0
8.096817043E1,6.500000000E0
8.097079543E1,6.500000000E0
8.097341943E1,6.500000000E0
8.097604443E1,6.500000000E0
8.097866843E1,6.500000000E0
8.098129343E1,6.500000000E0
8.098391743E1,6.500000000E0
8.098654243E1,6.500000000E0
8.098916643E1,6.500000000E0
8.099179143E1,6.500000000E0
8.099441543E1,6.500000000E0
8.099704043E1,6.500000000E0
8.099966443E1,6.500000000E0
8.100228943E1,6.500000000E0
8.100491343E1,6.500000000E0
8.100753843E1,6.500000000E0
8.101016243E1,6.500000000E0
8.101278743E1,6.500000000E0
8.101541143E1,6.500000000E0
8.101803643E1,6.500000000E0
8.102066043E1,6.500000000E0
8.102328543E1,6.500000000E0
8.102590943E1,6.500000000E0
8.102853443E1,6.500000000E0
8.103115843E1,6.500000000E0
8.103378343E1,6.500000000E0
8.103640743E1,6.500000000E0
8.103903243E1,6.500000000E0
8.104165743E1,6.500000000E0
8.104428143E1,6.500000000E0
8.104690643E1,6.500000000E0
8.104953043E1,6.500000000E0
8.105215543E1,6.500000000E0
8.105477943E1,6.500000000E0
8.105740443E1,6.500000000E0
8.106002843E1,6.500000000E0
8.106265343E1,6.500000000E0
8.106527743E1,6.500000000E0
8.106790243E1,6.500000000E0
8.107052643E1,6.500000000E0
8.107315143E1,6.500000000E0
8.107577543E1,6.500000000E0
8.107840043E1,6.500000000E0
8.108102443E1,6.500000000E0
8.108364943E1,6.500000000E0
8.108627343E1,6.500000000E0
8.108889843E1,6.500000000E0
8.109152243E1,6.500000000E0
8.109414743E1,6.500000000E0
8.109677143E1,6.500000000E0
8.109939643E1,6.500000000E0
8.110202043E1,6.500000000E0
8.110464543E1,6.500000000E0
8.110726943E1,6.500000000E0
8.110989443E1,6.500000000E0
8.111251843E1,6.500000000E0
8.111514343E1,6.500000000E0
8.111776743E1,6.500000000E0
8.112039243E1,6.500000000E0
8.112301643E1,6.500000000E0
8.112564143E1,6.500000000E0
8.112826543E1,6.500000000E0
8.113089043E1,6.500000000E0
8.113351443E1,6.500000000E0
8.113613943E1,6.500000000E0
8.113876343E1,6.500000000E0
8.114138843E1,6.500000000E0
8.114401243E1,6.500000000E0
8.114663743E1,6.500000000E0
8.114926143E1,6.500000000E0
8.115188643E1,6.500000000E0
8.115451143E1,6.500000000E0
8.115713543E1,6.500000000E0
8.115976043E1,6.500000000E0
8.116238443E1,6.500000000E0
8.116500943E1,6.500000000E0
8.116763343E1,6.500000000E0
8.117025843E1,6.500000000E0
8.117288243E1,6.500000000E0
8.117550743E1,6.500000000E0
8.117813143E1,6.500000000E0
8.118075643E1,6.500000000E0
8.118338043E1,6.500000000E0
8.118600543E1,6.500000000E0
8.118862943E1,6.500000000E0
8.119125443E1,6.500000000E0
8.119387843E1,6.500000000E0
8.119650343E1,6.500000000E0
8.119912743E1,6.500000000E0
8.120175243E1,6.500000000E0
8.120437643E1,6.500000000E0
8.120700143E1,6.500000000E0
8.120962543E1,6.500000000E0
8.121225043E1,6.500000000E0
8.121487443E1,6.500000000E0
8.121749943E1,6.500000000E0
8.122012343E1,6.500000000E0
8.122274843E1,6.500000000E0
8.122537243E1,6.500000000E0
8.122799743E1,6.500000000E0
8.123062143E1,6.500000000E0
8.123324643E1,6.500000000E0
8.123587043E1,6.500000000E0
8.123849543E1,6.500000000E0
8.124111943E1,6.500000000E0
8.124374443E1,6.500000000E0
8.124636843E1,6.500000000E0
8.124899343E1,6.500000000E0
8.125161743E1,6.500000000E0
8.125424243E1,6.500000000E0
8.125686643E1,6.500000000E0
8.125949143E1,6.500000000E0
8.126211543E1,6.500000000E0
8.126474043E1,6.500000000E0
8.126736543E1,6.500000000E0
8.126998943E1,6.500000000E0
8.127261443E1,6.500000000E0
8.127523843E1,6.500000000E0
8.127786343E1,6.500000000E0
8.128048743E1,6.500000000E0
8.128311243E1,6.500000000E0
8.128573643E1,6.500000000E0
8.128836143E1,6.500000000E0
8.129098543E1,6.500000000E0
8.129361043E1,6.500000000E0
8.129623443E1,6.500000000E0
8.129885943E1,6.500000000E0
8.130148343E1,6.500000000E0
8.130410843E1,6.500000000E0
8.130673243E1,6.500000000E0
8.130935743E1,6.500000000E0
8.131198143E1,6.500000000E0
8.131460643E1,6.500000000E0
8.131723043E1,6.500000000E0
8.131985543E1,6.500000000E0
8.132247943E1,6.500000000E0
8.132510443E1,6.500000000E0
8.132772843E1,6.500000000E0
8.133035343E1,6.500000000E0
8.133297743E1,6.500000000E0
8.133560243E1,6.500000000E0
8.133822643E1,6.500000000E0
8.134085143E1,6.500000000E0
8.134347543E1,6.500000000E0
8.134610043E1,6.500000000E0
8.134872443E1,6.500000000E0
8.135134943E1,6.500000000E0
8.135397343E1,6.500000000E0
8.135659843E1,6.500000000E0
8.135922243E1,6.500000000E0
8.136184743E1,6.500000000E0
8.136447143E1,6.500000000E0
8.136709643E1,6.500000000E0
8.136972043E1,6.500000000E0
8.137234543E1,6.500000000E0
8.137496943E1,6.500000000E0
8.137759443E1,6.500000000E0
8.138021943E1,6.500000000E0
8.138284343E1,6.500000000E0
8.138546843E1,6.500000000E0
8.138809243E1,6.500000000E0
8.139071743E1,6.500000000E0
8.139334143E1,6.500000000E0
8.139596643E1,6.500000000E0
8.139859043E1,6.500000000E0
8.140121543E1,6.500000000E0
8.140383943E1,6.500000000E0
8.140646443E1,6.500000000E0
8.140908843E1,6.500000000E0
8.141171343E1,6.500000000E0
8.141433743E1,6.500000000E0
8.141696243E1,6.500000000E0
8.141958643E1,6.500000000E0
8.142221143E1,6.500000000E0
8.142483543E1,6.500000000E0
8.142746043E1,6.500000000E0
8.143008443E1,6.500000000E0
8.143270943E1,6.500000000E0
8.143533343E1,6.500000000E0
8.143795843E1,6.500000000E0
8.144058243E1,6.500000000E0
8.144320743E1,6.500000000E0
8.144583143E1,6.500000000E0
8.144845643E1,6.500000000E0
8.145108043E1,6.500000000E0
8.145370543E1,6.500000000E0
8.145632943E1,6.500000000E0
8.145895443E1,6.500000000E0
8.146157843E1,6.500000000E0
8.146420343E1,6.500000000E0
8.146682743E1,6.500000000E0
8.146945243E1,6.500000000E0
8.147207643E1,6.500000000E0
8.147470143E1,6.500000000E0
8.147732543E1,6.500000000E0
8.147995043E1,6.500000000E0
8.148257443E1,6.500000000E0
8.148519943E1,6.500000000E0
8.148782343E1,6.500000000E0
8.149044843E1,6.500000000E0
8.149307343E1,6.500000000E0
8.149569743E1,6.500000000E0
8.149832243E1,6.500000000E0
8.150094643E1,6.500000000E0
8.150357143E1,6.500000000E0
8.150619543E1,6.500000000E0
8.150882043E1,6.500000000E0
8.151144443E1,6.500000000E0
8.151406943E1,6.500000000E0
8.151669343E1,6.500000000E0
8.151931843E1,6.500000000E0
8.152194243E1,6.500000000E0
8.152456743E1,6.500000000E0
8.152719143E1,6.500000000E0
8.152981643E1,6.500000000E0
8.153244043E1,6.500000000E0
8.153506543E1,6.500000000E0
8.153768943E1,6.500000000E0
8.154031443E1,6.500000000E0
8.154293843E1,6.500000000E0
8.154556343E1,6.500000000E0
8.154818743E1,6.500000000E0
8.155081243E1,6.500000000E0
8.155343643E1,6.500000000E0
8.155606143E1,6.500000000E0
8.155868543E1,6.500000000E0
8.156131043E1,6.500000000E0
8.156393443E1,6.500000000E0
8.156655943E1,6.500000000E0
8.156918343E1,6.500000000E0
8.157180843E1,6.500000000E0
8.157443243E1,6.500000000E0
8.157705743E1,6.500000000E0
8.157968143E1,6.500000000E0
8.158230643E1,6.500000000E0
8.158493043E1,6.500000000E0
8.158755543E1,6.500000000E0
8.159017943E1,6.500000000E0
8.159280443E1,6.500000000E0
8.159542843E1,6.500000000E0
8.159805343E1,6.500000000E0
8.160067743E1,6.500000000E0
8.160330243E1,6.500000000E0
8.160592743E1,6.500000000E0
8.160855143E1,6.500000000E0
8.161117643E1,6.500000000E0
8.161380043E1,6.500000000E0
8.161642543E1,6.500000000E0
8.161904943E1,6.500000000E0
8.162167443E1,6.500000000E0
8.162429843E1,6.500000000E0
8.162692343E1,6.500000000E0
8.162954743E1,6.500000000E0
8.163217243E1,6.500000000E0
8.163479643E1,6.500000000E0
8.163742143E1,6.500000000E0
8.164004543E1,6.500000000E0
8.164267043E1,6.500000000E0
8.164529443E1,6.500000000E0
8.164791943E1,6.500000000E0
8.165054343E1,6.500000000E0
8.165316843E1,6.500000000E0
8.165579243E1,6.500000000E0
8.165841743E1,6.500000000E0
8.166104143E1,6.500000000E0
8.166366643E1,6.500000000E0
8.166629043E1,6.500000000E0
8.166891543E1,6.500000000E0
8.167153943E1,6.500000000E0
8.167416443E1,6.500000000E0
8.167678843E1,6.500000000E0
8.167941343E1,6.500000000E0
8.168203743E1,6.500000000E0
8.168466243E1,6.500000000E0
8.168728643E1,6.500000000E0
8.168991143E1,6.500000000E0
8.169253543E1,6.500000000E0
8.169516043E1,6.500000000E0
8.169778443E1,6.500000000E0
8.170040943E1,6.500000000E0
8.170303343E1,6.500000000E0
8.170565843E1,6.500000000E0
8.170828243E1,6.500000000E0
8.171090743E1,6.500000000E0
8.171353243E1,6.500000000E0
8.171615643E1,6.500000000E0
8.171878143E1,6.500000000E0
8.172140543E1,6.500000000E0
8.172403043E1,6.500000000E0
8.172665443E1,6.500000000E0
8.172927943E1,6.500000000E0
8.173190343E1,6.500000000E0
8.173452843E1,6.500000000E0
8.173715243E1,6.500000000E0
8.173977743E1,6.500000000E0
8.174240143E1,6.500000000E0
8.174502643E1,6.500000000E0
8.174765043E1,6.500000000E0
8.175027543E1,6.500000000E0
8.175289943E1,6.500000000E0
8.175552443E1,6.500000000E0
8.175814843E1,6.500000000E0
8.176077343E1,6.500000000E0
8.176339743E1,6.500000000E0
8.176602243E1,6.500000000E0
8.176864643E1,6.500000000E0
8.177127143E1,6.500000000E0
8.177389543E1,6.500000000E0
8.177652043E1,6.500000000E0
8.177914443E1,6.500000000E0
8.178176943E1,6.500000000E0
8.178439343E1,6.500000000E0
8.178701843E1,6.500000000E0
8.178964243E1,6.500000000E0
8.179226743E1,6.500000000E0
8.179489143E1,6.500000000E0
8.179751643E1,6.500000000E0
8.180014043E1,6.500000000E0
8.180276543E1,6.500000000E0
8.180538943E1,6.500000000E0
8.180801443E1,6.500000000E0
8.181063843E1,6.500000000E0
8.181326343E1,6.500000000E0
8.181588743E1,6.500000000E0
8.181851243E1,6.500000000E0
8.182113643E1,6.500000000E0
8.182376143E1,6.500000000E0
8.182638643E1,6.500000000E0
8.182901043E1,6.500000000E0
8.183163543E1,6.500000000E0
8.183425943E1,6.500000000E0
8.183688443E1,6.500000000E0
8.183950843E1,6.500000000E0
8.184213343E1,6.500000000E0
8.184475743E1,6.500000000E0
8.184738243E1,6.500000000E0
8.185000643E1,6.500000000E0
8.185263143E1,6.500000000E0
8.185525543E1,6.500000000E0
8.185788043E1,6.500000000E0
8.186050443E1,6.500000000E0
8.186312943E1,6.500000000E0
8.186575343E1,6.500000000E0
8.186837843E1,6.500000000E0
8.187100243E1,6.500000000E0
8.187362743E1,6.500000000E0
8.187625143E1,6.500000000E0
8.187887643E1,6.500000000E0
8.188150043E1,6.500000000E0
8.188412543E1,6.500000000E0
8.188674943E1,6.500000000E0
8.188937443E1,6.500000000E0
8.189199843E1,6.500000000E0
8.189462343E1,6.500000000E0
8.189724743E1,6.500000000E0
8.189987243E1,6.500000000E0
8.190249643E1,6.500000000E0
8.190512143E1,6.500000000E0
8.190774543E1,6.500000000E0
8.191037043E1,6.500000000E0
8.191299443E1,6.500000000E0
8.191561943E1,6.500000000E0
8.191824343E1,6.500000000E0
8.192086843E1,6.500000000E0
8.192349243E1,6.500000000E0
8.192611743E1,6.500000000E0
8.192874143E1,6.500000000E0
8.193136643E1,6.500000000E0
8.193399043E1,6.500000000E0
8.193661543E1,6.500000000E0
8.193924043E1,6.500000000E0
8.194186443E1,6.500000000E0
8.194448943E1,6.500000000E0
8.194711343E1,6.500000000E0
8.194973843E1,6.500000000E0
8.195236243E1,6.500000000E0
8.195498743E1,6.500000000E0
8.195761143E1,6.500000000E0
8.196023643E1,6.500000000E0
8.196286043E1,6.500000000E0
8.196548543E1,6.500000000E0
8.196810943E1,6.500000000E0
8.197073443E1,6.500000000E0
8.197335843E1,6.500000000E0
8.197598343E1,6.500000000E0
8.197860743E1,6.500000000E0
8.198123243E1,6.500000000E0
8.198385643E1,6.500000000E0
8.198648143E1,6.500000000E0
8.198910543E1,6.500000000E0
8.199173043E1,6.500000000E0
8.199435443E1,6.500000000E0
8.199697943E1,6.500000000E0
8.199960343E1,6.500000000E0
8.200222843E1,6.500000000E0
8.200485243E1,6.500000000E0
8.200747743E1,6.500000000E0
8.201010143E1,6.500000000E0
8.201272643E1,6.500000000E0
8.201535043E1,6.500000000E0
8.201797543E1,6.500000000E0
8.202059943E1,6.500000000E0
8.202322443E1,6.500000000E0
8.202584843E1,6.500000000E0
8.202847343E1,6.500000000E0
8.203109743E1,6.500000000E0
8.203372243E1,6.500000000E0
8.203634643E1,6.500000000E0
8.203897143E1,6.500000000E0
8.204159543E1,6.500000000E0
8.204422043E1,6.500000000E0
8.204684443E1,6.500000000E0
8.204946943E1,6.500000000E0
8.205209443E1,6.500000000E0
8.205471843E1,6.500000000E0
8.205734343E1,6.500000000E0
8.205996743E1,6.500000000E0
8.206259243E1,6.500000000E0
8.206521643E1,6.500000000E0
8.206784143E1,6.500000000E0
8.207046543E1,6.500000000E0
8.207309043E1,6.500000000E0
8.207571443E1,6.500000000E0
8.207833943E1,6.500000000E0
8.208096343E1,6.500000000E0
8.208358843E1,6.500000000E0
8.208621243E1,6.500000000E0
8.208883743E1,6.500000000E0
8.209146143E1,6.500000000E0
8.209408643E1,6.500000000E0
8.209671043E1,6.500000000E0
8.209933543E1,6.500000000E0
8.210195943E1,6.500000000E0
8.210458443E1,6.500000000E0
8.210720843E1,6.500000000E0
8.210983343E1,6.500000000E0
8.211245743E1,6.500000000E0
8.211508243E1,6.500000000E0
8.211770643E1,6.500000000E0
8.212033143E1,6.500000000E0
8.212295543E1,6.500000000E0
8.212558043E1,6.500000000E0
8.212820443E1,6.500000000E0
8.213082943E1,6.500000000E0
8.213345343E1,6.500000000E0
8.213607843E1,6.500000000E0
8.213870243E1,6.500000000E0
8.214132743E1,6.500000000E0
8.214395143E1,6.500000000E0
8.214657643E1,6.500000000E0
8.214920043E1,6.500000000E0
8.215182543E1,6.500000000E0
8.215444943E1,6.500000000E0
8.215707443E1,6.500000000E0
8.215969843E1,6.500000000E0
8.216232343E1,6.500000000E0
8.216494843E1,6.500000000E0
8.216757243E1,6.500000000E0
8.217019743E1,6.500000000E0
8.217282143E1,6.500000000E0
8.217544643E1,6.500000000E0
8.217807043E1,6.500000000E0
8.218069543E1,6.500000000E0
8.218331943E1,6.500000000E0
8.218594443E1,6.500000000E0
8.218856843E1,6.500000000E0
8.219119343E1,6.500000000E0
8.219381743E1,6.500000000E0
8.219644243E1,6.500000000E0
8.219906643E1,6.500000000E0
8.220169143E1,6.500000000E0
8.220431543E1,6.500000000E0
8.220694043E1,6.500000000E0
8.220956443E1,6.500000000E0
8.221218943E1,6.500000000E0
8.221481343E1,6.500000000E0
8.221743843E1,6.500000000E0
8.222006243E1,6.500000000E0
8.222268743E1,6.500000000E0
8.222531143E1,6.500000000E0
8.222793643E1,6.500000000E0
8.223056043E1,6.500000000E0
8.223318543E1,6.500000000E0
8.223580943E1,6.500000000E0
8.223843443E1,6.500000000E0
8.224105843E1,6.500000000E0
8.224368343E1,6.500000000E0
8.224630743E1,6.500000000E0
8.224893243E1,6.500000000E0
8.225155643E1,6.500000000E0
8.225418143E1,6.500000000E0
8.225680543E1,6.500000000E0
8.225943043E1,6.500000000E0
8.226205443E1,6.500000000E0
8.226467943E1,6.500000000E0
8.226730343E1,6.500000000E0
8.226992843E1,6.500000000E0
8.227255243E1,6.500000000E0
8.227517743E1,6.500000000E0
8.227780243E1,6.500000000E0
8.228042643E1,6.500000000E0
8.228305143E1,6.500000000E0
8.228567543E1,6.500000000E0
8.228830043E1,6.500000000E0
8.229092443E1,6.500000000E0
8.229354943E1,6.500000000E0
8.229617343E1,6.500000000E0
8.229879843E1,6.500000000E0
8.230142243E1,6.500000000E0
8.230404743E1,6.500000000E0
8.230667143E1,6.500000000E0
8.230929643E1,6.500000000E0
8.231192043E1,6.500000000E0
8.231454543E1,6.500000000E0
8.231716943E1,6.500000000E0
8.231979443E1,6.500000000E0
8.232241843E1,6.500000000E0
8.232504343E1,6.500000000E0
8.232766743E1,6.500000000E0
8.233029243E1,6.500000000E0
8.233291643E1,6.500000000E0
8.233554143E1,6.500000000E0
8.233816543E1,6.500000000E0
8.234079043E1,6.500000000E0
8.234341443E1,6.500000000E0
8.234603943E1,6.500000000E0
8.234866343E1,6.500000000E0
8.235128843E1,6.500000000E0
8.235391243E1,6.500000000E0
8.235653743E1,6.500000000E0
8.235916143E1,6.500000000E0
8.236178643E1,6.500000000E0
8.236441043E1,6.500000000E0
8.236703543E1,6.500000000E0
8.236965943E1,6.500000000E0
8.237228443E1,6.500000000E0
8.237490843E1,6.500000000E0
8.237753343E1,6.500000000E0
8.238015743E1,6.500000000E0
8.238278243E1,6.500000000E0
8.238540743E1,6.500000000E0
8.238803143E1,6.500000000E0
8.239065643E1,6.500000000E0
8.239328043E1,6.500000000E0
8.239590543E1,6.500000000E0
8.239852943E1,6.500000000E0
8.240115443E1,6.500000000E0
8.240377843E1,6.500000000E0
8.240640343E1,6.500000000E0
8.240902743E1,6.500000000E0
8.241165243E1,6.500000000E0
8.241427643E1,6.500000000E0
8.241690143E1,6.500000000E0
8.241952543E1,6.500000000E0
8.242215043E1,6.500000000E0
8.242477443E1,6.500000000E0
8.242739943E1,6.500000000E0
8.243002343E1,6.500000000E0
8.243264843E1,6.500000000E0
8.243527243E1,6.500000000E0
8.243789743E1,6.500000000E0
8.244052143E1,6.500000000E0
8.244314643E1,6.500000000E0
8.244577043E1,6.500000000E0
8.244839543E1,6.500000000E0
8.245101943E1,6.500000000E0
8.245364443E1,6.500000000E0
8.245626843E1,6.500000000E0
8.245889343E1,6.500000000E0
8.246151743E1,6.500000000E0
8.246414243E1,6.500000000E0
8.246676643E1,6.500000000E0
8.246939143E1,6.500000000E0
8.247201543E1,6.500000000E0
8.247464043E1,6.500000000E0
8.247726443E1,6.500000000E0
8.247988943E1,6.500000000E0
8.248251343E1,6.500000000E0
8.248513843E1,6.500000000E0
8.248776243E1,6.500000000E0
8.249038743E1,6.500000000E0
8.249301143E1,6.500000000E0
8.249563643E1,6.500000000E0
8.249826143E1,6.500000000E0
8.250088543E1,6.500000000E0
8.250351043E1,6.500000000E0
8.250613443E1,6.500000000E0
8.250875943E1,6.500000000E0
8.251138343E1,6.500000000E0
8.251400843E1,6.500000000E0
8.251663243E1,6.500000000E0
8.251925743E1,6.500000000E0
8.252188143E1,6.500000000E0
8.252450643E1,6.500000000E0
8.252713043E1,6.500000000E0
8.252975543E1,6.500000000E0
8.253237943E1,6.500000000E0
8.253500443E1,6.500000000E0
8.253762843E1,6.500000000E0
8.254025343E1,6.500000000E0
8.254287743E1,6.500000000E0
8.254550243E1,6.500000000E0
8.254812643E1,6.500000000E0
8.255075143E1,6.500000000E0
8.255337543E1,6.500000000E0
8.255600043E1,6.500000000E0
8.255862443E1,6.500000000E0
8.256124943E1,6.500000000E0
8.256387343E1,6.500000000E0
8.256682109E1,6.500000000E0
8.257395302E1,6.500000000E0
8.258408502E1,6.500000000E0
8.259421702E1,6.500000000E0
8.260434902E1,6.500000000E0
8.260700402E1,6.500000000E0
8.260962902E1,6.500000000E0
8.261225302E1,6.500000000E0
8.261487802E1,6.500000000E0
8.261750202E1,6.500000000E0
8.262012702E1,6.500000000E0
8.262275102E1,6.500000000E0
8.262537602E1,6.500000000E0
8.262800002E1,6.500000000E0
8.263062502E1,6.500000000E0
8.263324902E1,6.500000000E0
8.263587402E1,6.500000000E0
8.263849802E1,6.500000000E0
8.264112302E1,6.500000000E0
8.264374702E1,6.500000000E0
8.264637202E1,6.500000000E0
8.264899602E1,6.500000000E0
8.265162102E1,6.500000000E0
8.265424502E1,6.500000000E0
8.265687002E1,6.500000000E0
8.265949402E1,6.500000000E0
8.266211902E1,6.500000000E0
8.266474302E1,6.500000000E0
8.266736802E1,6.500000000E0
8.266999202E1,6.500000000E0
8.267261702E1,6.500000000E0
8.267524102E1,6.500000000E0
8.267786602E1,6.500000000E0
8.268049002E1,6.500000000E0
8.268311502E1,6.500000000E0
8.268573902E1,6.500000000E0
8.268836402E1,6.500000000E0
8.269098802E1,6.500000000E0
8.269361302E1,6.500000000E0
8.269623702E1,6.500000000E0
8.269886202E1,6.500000000E0
8.270148602E1,6.500000000E0
8.270411102E1,6.500000000E0
8.270673502E1,6.500000000E0
8.270936002E1,6.500000000E0
8.271198502E1,6.500000000E0
8.271460902E1,0.000000000E0
8.273823002E1,6.500000000E0
8.274085402E1,6.500000000E0
8.274347902E1,6.500000000E0
8.274610302E1,6.500000000E0
8.274872802E1,6.500000000E0
8.275135202E1,6.500000000E0
8.275397702E1,6.500000000E0
8.275660102E1,6.500000000E0
8.275922602E1,6.500000000E0
8.276185002E1,6.500000000E0
8.276447502E1,0.000000000E0
8.279072002E1,6.500000000E0
8.279334402E1,6.500000000E0
8.279596902E1,6.500000000E0
8.279859302E1,6.500000000E0
8.280121802E1,6.500000000E0
8.280384202E1,6.500000000E0
8.280646702E1,6.500000000E0
8.280909102E1,6.500000000E0
8.281171602E1,6.500000000E0
8.281434002E1,6.500000000E0
8.281696502E1,6.500000000E0
8.281958902E1,6.500000000E0
8.282221402E1,6.500000000E0
8.282483902E1,6.500000000E0
8.282746302E1,6.500000000E0
8.283008802E1,6.500000000E0
8.283271202E1,6.500000000E0
8.283533702E1,6.500000000E0
8.283796102E1,6.500000000E0
8.284058602E1,0.000000000E0
8.286683102E1,6.500000000E0
8.286945502E1,6.500000000E0
8.287208002E1,6.500000000E0
8.287470402E1,6.500000000E0
8.287732902E1,6.500000000E0
8.287995302E1,6.500000000E0
8.288257802E1,6.500000000E0
8.288520202E1,6.500000000E0
8.288782702E1,6.500000000E0
8.289045102E1,6.500000000E0
8.289307602E1,6.500000000E0
8.289570002E1,6.500000000E0
8.289832502E1,6.500000000E0
8.290094902E1,6.500000000E0
8.290357402E1,6.500000000E0
8.290619802E1,6.500000000E0
8.290882302E1,6.500000000E0
8.291144702E1,6.500000000E0
8.291407202E1,6.500000000E0
8.291669602E1,6.500000000E0
8.291932102E1,6.500000000E0
8.292194502E1,6.500000000E0
8.292457002E1,6.500000000E0
8.292719402E1,6.500000000E0
8.292981902E1,6.500000000E0
8.293244302E1,6.500000000E0
8.293506802E1,6.500000000E0
8.293769302E1,6.500000000E0
8.294031702E1,6.500000000E0
8.294294202E1,6.500000000E0
8.294556602E1,6.500000000E0
8.294819102E1,6.500000000E0
8.295081502E1,6.500000000E0
8.295344002E1,6.500000000E0
8.295606402E1,6.500000000E0
8.295868902E1,6.500000000E0
8.296131302E1,6.500000000E0
8.296393802E1,6.500000000E0
8.296656202E1,6.500000000E0
8.296918702E1,6.500000000E0
8.297181102E1,6.500000000E0
8.297443602E1,6.500000000E0
8.297706002E1,6.500000000E0
8.297968502E1,6.500000000E0
8.298230902E1,6.500000000E0
8.298493402E1,6.500000000E0
8.298755802E1,6.500000000E0
8.299018302E1,6.500000000E0
8.299280702E1,6.500000000E0
8.299543202E1,6.500000000E0
8.299805602E1,6.500000000E0
8.300068102E1,6.500000000E0
8.300330502E1,6.500000000E0
8.300593002E1,6.500000000E0
8.300855402E1,6.500000000E0
8.301117902E1,6.500000000E0
8.301380302E1,6.500000000E0
8.301642802E1,6.500000000E0
8.301905202E1,6.500000000E0
8.302167702E1,6.500000000E0
8.302430102E1,6.500000000E0
8.302692602E1,6.500000000E0
8.302955002E1,6.500000000E0
8.303217502E1,6.500000000E0
8.303479902E1,6.500000000E0
8.303742402E1,6.500000000E0
8.304004802E1,6.500000000E0
8.304267302E1,6.500000000E0
8.304529702E1,6.500000000E0
8.304792202E1,6.500000000E0
8.305054702E1,6.500000000E0
8.305317102E1,6.500000000E0
8.305579602E1,6.500000000E0
8.305842002E1,6.500000000E0
8.306104502E1,6.500000000E0
8.306366902E1,6.500000000E0
8.306629402E1,6.500000000E0
8.306891802E1,6.500000000E0
8.307154302E1,6.500000000E0
8.307416702E1,6.500000000E0
8.307679202E1,6.500000000E0
8.307941602E1,6.500000000E0
8.308204102E1,6.500000000E0
8.308466502E1,6.500000000E0
8.308729002E1,6.500000000E0
8.308991402E1,6.500000000E0
8.309253902E1,6.500000000E0
8.309516302E1,6.500000000E0
8.309778802E1,6.500000000E0
8.310041202E1,6.500000000E0
8.310303702E1,6.500000000E0
8.310566102E1,6.500000000E0
8.310828602E1,6.500000000E0
8.311091002E1,6.500000000E0
8.311353502E1,6.500000000E0
8.311615902E1,6.500000000E0
8.311878402E1,6.500000000E0
8.312140802E1,6.500000000E0
8.312403302E1,6.500000000E0
8.312665702E1,6.500000000E0
8.312928202E1,6.500000000E0
8.313190602E1,6.500000000E0
8.313453102E1,6.500000000E0
8.313715502E1,6.500000000E0
8.313978002E1,6.500000000E0
8.314240402E1,6.500000000E0
8.314502902E1,6.500000000E0
8.314765302E1,6.500000000E0
8.315027802E1,6.500000000E0
8.315290202E1,6.500000000E0
8.315552702E1,6.500000000E0
8.315815102E1,6.500000000E0
8.316077602E1,6.500000000E0
8.316340102E1,6.500000000E0
8.316602502E1,6.500000000E0
8.316865002E1,6.500000000E0
8.317127402E1,6.500000000E0
8.317389902E1,6.500000000E0
8.317652302E1,6.500000000E0
8.317914802E1,6.500000000E0
8.318177202E1,6.500000000E0
8.318439702E1,6.500000000E0
8.318702102E1,6.500000000E0
8.318964602E1,6.500000000E0
8.319227002E1,6.500000000E0
8.319489502E1,6.500000000E0
8.319751902E1,0.000000000E0
8.324738502E1,6.500000000E0
8.325000902E1,6.500000000E0
8.325263402E1,6.500000000E0
8.325525802E1,6.500000000E0
8.325788302E1,6.500000000E0
8.326050702E1,6.500000000E0
8.326313202E1,6.500000000E0
8.326575602E1,6.500000000E0
8.326838102E1,6.500000000E0
8.327100502E1,6.500000000E0
8.327363002E1,6.500000000E0
8.327625502E1,6.500000000E0
8.327887902E1,6.500000000E0
8.328150402E1,6.500000000E0
8.328412802E1,6.500000000E0
8.328675302E1,6.500000000E0
8.328937702E1,6.500000000E0
8.329200202E1,6.500000000E0
8.329462602E1,6.500000000E0
8.329725102E1,6.500000000E0
8.329987502E1,6.500000000E0
8.330250002E1,6.500000000E0
8.330512402E1,6.500000000E0
8.330774902E1,6.500000000E0
8.331037302E1,6.500000000E0
8.331299802E1,6.500000000E0
8.331562202E1,6.500000000E0
8.331824702E1,6.500000000E0
8.332087102E1,6.500000000E0
8.332349602E1,6.500000000E0
8.332612002E1,6.500000000E0
8.332874502E1,6.500000000E0
8.333136902E1,6.500000000E0
8.333399402E1,6.500000000E0
8.333661802E1,6.500000000E0
8.333924302E1,6.500000000E0
8.334186702E1,6.500000000E0
8.334449202E1,6.500000000E0
8.334711602E1,6.500000000E0
8.334974102E1,6.500000000E0
8.335236502E1,6.500000000E0
8.335499002E1,6.500000000E0
8.335761402E1,6.500000000E0
8.336023902E1,6.500000000E0
8.336286302E1,6.500000000E0
8.336548802E1,6.500000000E0
8.336811202E1,6.500000000E0
8.337073702E1,6.500000000E0
8.337336102E1,6.500000000E0
8.337598602E1,6.500000000E0
8.337861002E1,6.500000000E0
8.338123502E1,6.500000000E0
8.338386002E1,6.500000000E0
8.338648402E1,6.500000000E0
8.338910902E1,6.500000000E0
8.339173302E1,6.500000000E0
8.339435802E1,6.500000000E0
8.339698202E1,6.500000000E0
8.339960702E1,6.500000000E0
8.340223102E1,6.500000000E0
8.340485602E1,6.500000000E0
8.340748002E1,6.500000000E0
8.341010502E1,6.500000000E0
8.341272902E1,6.500000000E0
8.341535402E1,6.500000000E0
8.341797802E1,6.500000000E0
8.342060302E1,6.500000000E0
8.342322702E1,6.500000000E0
8.342585202E1,6.500000000E0
8.342847602E1,6.500000000E0
8.343110102E1,6.500000000E0
8.343372502E1,6.500000000E0
8.343635002E1,6.500000000E0
8.343897402E1,6.500000000E0
8.344159902E1,6.500000000E0
8.344422302E1,6.500000000E0
8.344684802E1,6.500000000E0
8.344947202E1,6.500000000E0
8.345209702E1,6.500000000E0
8.345472102E1,6.500000000E0
8.345734602E1,6.500000000E0
8.345997002E1,6.500000000E0
8.346259502E1,6.500000000E0
8.346521902E1,6.500000000E0
8.346784402E1,6.500000000E0
8.347046802E1,6.500000000E0
8.347309302E1,6.500000000E0
8.347571702E1,6.500000000E0
8.347834202E1,6.500000000E0
8.348096602E1,6.500000000E0
8.348359102E1,6.500000000E0
8.348621502E1,6.500000000E0
8.348884002E1,6.500000000E0
8.349146402E1,6.500000000E0
8.349408902E1,6.500000000E0
8.349671402E1,6.500000000E0
8.349933802E1,6.500000000E0
8.350196302E1,6.500000000E0
8.350458702E1,6.500000000E0
8.350721202E1,6.500000000E0
8.350983602E1,6.500000000E0
8.351246102E1,6.500000000E0
8.351508502E1,6.500000000E0
8.351771002E1,6.500000000E0
8.352033402E1,6.500000000E0
8.352295902E1,6.500000000E0
8.352558302E1,6.500000000E0
8.352820802E1,0.000000000E0
8.355445302E1,6.500000000E0
8.355707702E1,6.500000000E0
8.355970202E1,6.500000000E0
8.356232602E1,6.500000000E0
8.356495102E1,6.500000000E0
8.356757502E1,6.500000000E0
8.357020002E1,6.500000000E0
8.357282402E1,6.500000000E0
8.357544902E1,6.500000000E0
8.357807302E1,6.500000000E0
8.358069802E1,6.500000000E0
8.358332202E1,6.500000000E0
8.358594702E1,6.500000000E0
8.358857102E1,6.500000000E0
8.359119602E1,6.500000000E0
8.359382002E1,6.500000000E0
8.359644502E1,6.500000000E0
8.359906902E1,6.500000000E0
8.360169402E1,6.500000000E0
8.360431802E1,6.500000000E0
8.360694302E1,6.500000000E0
8.360956802E1,6.500000000E0
8.361219202E1,6.500000000E0
8.361481702E1,6.500000000E0
8.361744102E1,6.500000000E0
8.362006602E1,6.500000000E0
8.362269002E1,6.500000000E0
8.362531502E1,6.500000000E0
8.362793902E1,6.500000000E0
8.363056402E1,0.000000000E0
8.365418402E1,6.500000000E0
8.365680902E1,6.500000000E0
8.365943302E1,6.500000000E0
8.366205802E1,6.500000000E0
8.366468202E1,6.500000000E0
8.366730702E1,6.500000000E0
8.366993102E1,6.500000000E0
8.367255602E1,6.500000000E0
8.367518002E1,6.500000000E0
8.367780502E1,6.500000000E0
8.368042902E1,6.500000000E0
8.368305402E1,6.500000000E0
8.368567802E1,6.500000000E0
8.368830302E1,6.500000000E0
8.369092702E1,6.500000000E0
8.369355202E1,6.500000000E0
8.369617602E1,6.500000000E0
8.369880102E1,6.500000000E0
8.370142502E1,6.500000000E0
8.370405002E1,6.500000000E0
8.370667402E1,6.500000000E0
8.370929902E1,6.500000000E0
8.371192302E1,6.500000000E0
8.371454802E1,6.500000000E0
8.371717202E1,6.500000000E0
8.371979702E1,6.500000000E0
8.372242202E1,6.500000000E0
8.372504602E1,6.500000000E0
8.372767102E1,6.500000000E0
8.373029502E1,6.500000000E0
8.373292002E1,0.000000000E0
8.375654002E1,6.500000000E0
8.375916502E1,6.500000000E0
8.376178902E1,6.500000000E0
8.376441402E1,6.500000000E0
8.376703802E1,6.500000000E0
8.376966302E1,6.500000000E0
8.377228702E1,6.500000000E0
8.377491202E1,6.500000000E0
8.377753602E1,6.500000000E0
8.378016102E1,6.500000000E0
8.378278502E1,6.500000000E0
8.378541002E1,6.500000000E0
8.378803402E1,6.500000000E0
8.379065902E1,6.500000000E0
8.379328302E1,6.500000000E0
8.379590802E1,6.500000000E0
8.379853202E1,6.500000000E0
8.380115702E1,6.500000000E0
8.380378102E1,6.500000000E0
8.380640602E1,6.500000000E0
8.380903002E1,6.500000000E0
8.381165502E1,6.500000000E0
8.381427902E1,6.500000000E0
8.381690402E1,6.500000000E0
8.381952802E1,6.500000000E0
8.382215302E1,6.500000000E0
8.382477702E1,6.500000000E0
8.382740202E1,6.500000000E0
8.383002602E1,6.500000000E0
8.383265102E1,0.000000000E0
8.385889602E1,6.500000000E0
8.386152102E1,6.500000000E0
8.386414502E1,6.500000000E0
8.386677002E1,6.500000000E0
8.386939402E1,6.500000000E0
8.387201902E1,6.500000000E0
8.387464302E1,6.500000000E0
8.387726802E1,6.500000000E0
8.387989202E1,6.500000000E0
8.388251702E1,6.500000000E0
8.388514102E1,0.000000000E0
8.390876202E1,6.500000000E0
8.391138602E1,6.500000000E0
8.391401102E1,6.500000000E0
8.391663502E1,6.500000000E0
8.391926002E1,6.500000000E0
8.392188402E1,6.500000000E0
8.392450902E1,6.500000000E0
8.392713302E1,6.500000000E0
8.392975802E1,6.500000000E0
8.393238202E1,6.500000000E0
8.393500702E1,6.500000000E0
8.393763102E1,6.500000000E0
8.394025602E1,6.500000000E0
8.394288002E1,6.500000000E0
8.394550502E1,6.500000000E0
8.394813002E1,6.500000000E0
8.395075402E1,6.500000000E0
8.395337902E1,6.500000000E0
8.395600302E1,6.500000000E0
8.395862802E1,6.500000000E0
8.396125202E1,6.500000000E0
8.396387702E1,6.500000000E0
8.396650102E1,6.500000000E0
8.396912602E1,6.500000000E0
8.397175002E1,6.500000000E0
8.397437502E1,6.500000000E0
8.397699902E1,6.500000000E0
8.397962402E1,6.500000000E0
8.398224802E1,6.500000000E0
8.398487302E1,6.500000000E0
8.398749702E1,0.000000000E0
8.401111802E1,6.500000000E0
8.401374202E1,6.500000000E0
8.401636702E1,6.500000000E0
8.401899102E1,6.500000000E0
8.402161602E1,6.500000000E0
8.402424002E1,6.500000000E0
8.402686502E1,6.500000000E0
8.402948902E1,6.500000000E0
8.403211402E1,6.500000000E0
8.403473802E1,6.500000000E0
8.403736302E1,6.500000000E0
8.403998702E1,6.500000000E0
8.404261202E1,6.500000000E0
8.404523602E1,6.500000000E0
8.404786102E1,6.500000000E0
8.405048502E1,6.500000000E0
8.405311002E1,6.500000000E0
8.405573502E1,6.500000000E0
8.405835902E1,6.500000000E0
8.406098402E1,6.500000000E0
8.406360802E1,0.000000000E0
8.408722902E1,6.500000000E0
8.408985302E1,6.500000000E0
8.409247802E1,6.500000000E0
8.409510202E1,6.500000000E0
8.409772702E1,6.500000000E0
8.410035102E1,6.500000000E0
8.410297602E1,6.500000000E0
8.410560002E1,6.500000000E0
8.410822502E1,6.500000000E0
8.411084902E1,6.500000000E0
8.411347402E1,0.000000000E0
8.413709402E1,6.500000000E0
8.413971902E1,6.500000000E0
8.414234302E1,6.500000000E0
8.414496802E1,6.500000000E0
8.414759202E1,6.500000000E0
8.415021702E1,6.500000000E0
8.415284102E1,6.500000000E0
8.415546602E1,6.500000000E0
8.415809002E1,6.500000000E0
8.416071502E1,6.500000000E0
8.416333902E1,6.500000000E0
8.416596402E1,6.500000000E0
8.416858902E1,6.500000000E0
8.417121302E1,6.500000000E0
8.417383802E1,6.500000000E0
8.417646202E1,6.500000000E0
8.417908702E1,6.500000000E0
8.418171102E1,6.500000000E0
8.418433602E1,6.500000000E0
8.418696002E1,6.500000000E0
8.418958502E1,6.500000000E0
8.419220902E1,6.500000000E0
8.419483402E1,6.500000000E0
8.419745802E1,6.500000000E0
8.420008302E1,6.500000000E0
8.420270702E1,6.500000000E0
8.420533202E1,6.500000000E0
8.420795602E1,6.500000000E0
8.421058102E1,6.500000000E0
8.421320502E1,6.500000000E0
8.421583002E1,0.000000000E0
8.424207502E1,6.500000000E0
8.424469902E1,6.500000000E0
8.424732402E1,6.500000000E0
8.424994802E1,6.500000000E0
8.425257302E1,6.500000000E0
8.425519702E1,6.500000000E0
8.425782202E1,6.500000000E0
8.426044602E1,6.500000000E0
8.426307102E1,6.500000000E0
8.426569502E1,6.500000000E0
8.426832002E1,6.500000000E0
8.427094402E1,6.500000000E0
8.427356902E1,6.500000000E0
8.427619302E1,6.500000000E0
8.427881802E1,6.500000000E0
8.428144302E1,6.500000000E0
8.428406702E1,6.500000000E0
8.428669202E1,6.500000000E0
8.428931602E1,6.500000000E0
8.429194102E1,0.000000000E0
8.434180602E1,6.500000000E0
8.434443102E1,6.500000000E0
8.434705502E1,6.500000000E0
8.434968002E1,6.500000000E0
8.435230402E1,6.500000000E0
8.435492902E1,6.500000000E0
8.435755302E1,6.500000000E0
8.436017802E1,6.500000000E0
8.436280202E1,6.500000000E0
8.436542702E1,6.500000000E0
8.436805102E1,6.500000000E0
8.437067602E1,6.500000000E0
8.437330002E1,6.500000000E0
8.437592502E1,6.500000000E0
8.437854902E1,6.500000000E0
8.438117402E1,6.500000000E0
8.438379802E1,6.500000000E0
8.438642302E1,6.500000000E0
8.438904702E1,6.500000000E0
8.439167202E1,6.500000000E0
8.439429702E1,0.000000000E0
8.441791702E1,6.500000000E0
8.442054202E1,6.500000000E0
8.442316602E1,6.500000000E0
8.442579102E1,6.500000000E0
8.442841502E1,6.500000000E0
8.443104002E1,6.500000000E0
8.443366402E1,6.500000000E0
8.443628902E1,6.500000000E0
8.443891302E1,6.500000000E0
8.444153802E1,6.500000000E0
8.444416202E1,0.000000000E0
8.447040702E1,6.500000000E0
8.447303202E1,6.500000000E0
8.447565602E1,6.500000000E0
8.447828102E1,6.500000000E0
8.448090502E1,6.500000000E0
8.448353002E1,6.500000000E0
8.448615402E1,6.500000000E0
8.448877902E1,6.500000000E0
8.449140302E1,6.500000000E0
8.449402802E1,0.000000000E0
8.452027302E1,6.500000000E0
8.452289802E1,6.500000000E0
8.452552202E1,6.500000000E0
8.452814702E1,6.500000000E0
8.453077102E1,6.500000000E0
8.453339602E1,6.500000000E0
8.453602002E1,6.500000000E0
8.453864502E1,6.500000000E0
8.454126902E1,6.500000000E0
8.454389402E1,6.500000000E0
8.454651802E1,6.500000000E0
8.454914302E1,6.500000000E0
8.455176702E1,6.500000000E0
8.455439202E1,6.500000000E0
8.455701602E1,6.500000000E0
8.455964102E1,6.500000000E0
8.456226502E1,6.500000000E0
8.456489002E1,6.500000000E0
8.456751402E1,6.500000000E0
8.457013902E1,6.500000000E0
8.457276302E1,6.500000000E0
8.457538802E1,6.500000000E0
8.457801202E1,6.500000000E0
8.458063702E1,6.500000000E0
8.458326102E1,6.500000000E0
8.458588602E1,6.500000000E0
8.458851002E1,6.500000000E0
8.459113502E1,6.500000000E0
8.459375902E1,6.500000000E0
8.459638402E1,0.000000000E0
8.464887402E1,6.500000000E0
8.465149902E1,6.500000000E0
8.465412302E1,6.500000000E0
8.465674802E1,6.500000000E0
8.465937202E1,6.500000000E0
8.466199702E1,6.500000000E0
8.466462102E1,6.500000000E0
8.466724602E1,6.500000000E0
8.466987002E1,6.500000000E0
8.467249502E1,6.500000000E0
8.467511902E1,6.500000000E0
8.467774402E1,6.500000000E0
8.468036802E1,6.500000000E0
8.468299302E1,6.500000000E0
8.468561702E1,6.500000000E0
8.468824202E1,6.500000000E0
8.469086602E1,6.500000000E0
8.469349102E1,6.500000000E0
8.469611502E1,6.500000000E0
8.469874002E1,6.500000000E0
8.470136402E1,6.500000000E0
8.470398902E1,6.500000000E0
8.470661302E1,6.500000000E0
8.470923802E1,6.500000000E0
8.471186202E1,6.500000000E0
8.471448702E1,6.500000000E0
8.471711102E1,6.500000000E0
8.471973602E1,6.500000000E0
8.472236002E1,6.500000000E0
8.472498502E1,6.500000000E0
8.472761002E1,6.500000000E0
8.473023402E1,6.500000000E0
8.473285902E1,6.500000000E0
8.473548302E1,6.500000000E0
8.473810802E1,6.500000000E0
8.474073202E1,6.500000000E0
8.474335702E1,6.500000000E0
8.474598102E1,6.500000000E0
8.474860602E1,6.500000000E0
8.475123002E1,0.000000000E0
8.477485102E1,6.500000000E0
8.477747502E1,6.500000000E0
8.478010002E1,6.500000000E0
8.478272402E1,6.500000000E0
8.478534902E1,6.500000000E0
8.478797302E1,6.500000000E0
8.479059802E1,6.500000000E0
8.479322202E1,6.500000000E0
8.479584702E1,6.500000000E0
8.479847102E1,6.500000000E0
8.480109602E1,0.000000000E0
8.482734102E1,6.500000000E0
8.482996502E1,6.500000000E0
8.483259002E1,6.500000000E0
8.483521402E1,6.500000000E0
8.483783902E1,6.500000000E0
8.484046402E1,6.500000000E0
8.484308802E1,6.500000000E0
8.484571302E1,6.500000000E0
8.484833702E1,6.500000000E0
8.485096202E1,0.000000000E0
8.487720702E1,6.500000000E0
8.487983102E1,6.500000000E0
8.488245602E1,6.500000000E0
8.488508002E1,6.500000000E0
8.488770502E1,6.500000000E0
8.489032902E1,6.500000000E0
8.489295402E1,6.500000000E0
8.489557802E1,6.500000000E0
8.489820302E1,6.500000000E0
8.490082702E1,6.500000000E0
8.490345202E1,6.500000000E0
8.490607602E1,6.500000000E0
8.490870102E1,6.500000000E0
8.491132502E1,6.500000000E0
8.491395002E1,6.500000000E0
8.491657402E1,6.500000000E0
8.491919902E1,6.500000000E0
8.492182302E1,6.500000000E0
8.492444802E1,6.500000000E0
8.492707202E1,6.500000000E0
8.492969702E1,6.500000000E0
8.493232102E1,6.500000000E0
8.493494602E1,6.500000000E0
8.493757002E1,6.500000000E0
8.494019502E1,6.500000000E0
8.494281902E1,6.500000000E0
8.494544402E1,6.500000000E0
8.494806802E1,6.500000000E0
8.495069302E1,6.500000000E0
8.495331802E1,6.500000000E0
8.495594202E1,6.500000000E0
8.495856702E1,6.500000000E0
8.496119102E1,6.500000000E0
8.496381602E1,6.500000000E0
8.496644002E1,6.500000000E0
8.496906502E1,6.500000000E0
8.497168902E1,6.500000000E0
8.497431402E1,6.500000000E0
8.497693802E1,6.500000000E0
8.497956302E1,6.500000000E0
8.498218702E1,6.500000000E0
8.498481202E1,6.500000000E0
8.498743602E1,6.500000000E0
8.499006102E1,6.500000000E0
8.499268502E1,6.500000000E0
8.499531002E1,6.500000000E0
8.499793402E1,6.500000000E0
8.500055902E1,6.500000000E0
8.500318302E1,6.500000000E0
8.500580802E1,0.000000000E0
8.502942802E1,6.500000000E0
8.503205302E1,6.500000000E0
8.503467702E1,6.500000000E0
8.503730202E1,6.500000000E0
8.503992602E1,6.500000000E0
8.504255102E1,6.500000000E0
8.504517502E1,6.500000000E0
8.504780002E1,6.500000000E0
8.505042402E1,6.500000000E0
8.505304902E1,6.500000000E0
8.505567302E1,6.500000000E0
8.505829802E1,6.500000000E0
8.506092202E1,6.500000000E0
8.506354702E1,6.500000000E0
8.506617202E1,6.500000000E0
8.506879602E1,6.500000000E0
8.507142102E1,6.500000000E0
8.507404502E1,6.500000000E0
8.507667002E1,6.500000000E0
8.507929402E1,6.500000000E0
8.508191902E1,6.500000000E0
8.508454302E1,6.500000000E0
8.508716802E1,6.500000000E0
8.508979202E1,6.500000000E0
8.509241702E1,6.500000000E0
8.509504102E1,6.500000000E0
8.509766602E1,6.500000000E0
8.510029002E1,6.500000000E0
8.510291502E1,6.500000000E0
8.510553902E1,0.000000000E0
8.515540502E1,6.500000000E0
8.515802902E1,6.500000000E0
8.516065402E1,6.500000000E0
8.516327802E1,6.500000000E0
8.516590302E1,6.500000000E0
8.516852702E1,6.500000000E0
8.517115202E1,6.500000000E0
8.517377602E1,6.500000000E0
8.517640102E1,6.500000000E0
8.517902602E1,6.500000000E0
8.518165002E1,0.000000000E0
8.520789502E1,6.500000000E0
8.521052002E1,6.500000000E0
8.521314402E1,6.500000000E0
8.521576902E1,6.500000000E0
8.521839302E1,6.500000000E0
8.522101802E1,6.500000000E0
8.522364202E1,6.500000000E0
8.522626702E1,6.500000000E0
8.522889102E1,6.500000000E0
8.523151602E1,6.500000000E0
8.523414002E1,6.500000000E0
8.523676502E1,6.500000000E0
8.523938902E1,6.500000000E0
8.524201402E1,6.500000000E0
8.524463802E1,6.500000000E0
8.524726302E1,6.500000000E0
8.524988702E1,6.500000000E0
8.525251202E1,6.500000000E0
8.525513602E1,6.500000000E0
8.525776102E1,6.500000000E0
8.526038502E1,6.500000000E0
8.526301002E1,6.500000000E0
8.526563402E1,6.500000000E0
8.526825902E1,6.500000000E0
8.527088302E1,6.500000000E0
8.527350802E1,6.500000000E0
8.527613202E1,6.500000000E0
8.527875702E1,6.500000000E0
8.528138102E1,6.500000000E0
8.528400602E1,6.500000000E0
8.528663002E1,6.500000000E0
8.528925502E1,6.500000000E0
8.529188002E1,6.500000000E0
8.529450402E1,6.500000000E0
8.529712902E1,6.500000000E0
8.529975302E1,6.500000000E0
8.530237802E1,6.500000000E0
8.530500202E1,6.500000000E0
8.530762702E1,6.500000000E0
8.531025102E1,6.500000000E0
8.531287602E1,6.500000000E0
8.531550002E1,6.500000000E0
8.531812502E1,6.500000000E0
8.532074902E1,6.500000000E0
8.532337402E1,6.500000000E0
8.532599802E1,6.500000000E0
8.532862302E1,6.500000000E0
8.533124702E1,6.500000000E0
8.533387202E1,6.500000000E0
8.533649602E1,6.500000000E0
8.533912102E1,6.500000000E0
8.534174502E1,6.500000000E0
8.534437002E1,6.500000000E0
8.534699402E1,6.500000000E0
8.534961902E1,6.500000000E0
8.535224302E1,6.500000000E0
8.535486802E1,6.500000000E0
8.535749202E1,6.500000000E0
8.536011702E1,6.500000000E0
8.536274102E1,6.500000000E0
8.536536602E1,6.500000000E0
8.536799002E1,6.500000000E0
8.537061502E1,6.500000000E0
8.537323902E1,6.500000000E0
8.537586402E1,6.500000000E0
8.537848802E1,6.500000000E0
8.538111302E1,6.500000000E0
8.538373702E1,6.500000000E0
8.538636202E1,6.500000000E0
8.538898602E1,6.500000000E0
8.539161102E1,6.500000000E0
8.539423502E1,6.500000000E0
8.539686002E1,6.500000000E0
8.539948502E1,6.500000000E0
8.540210902E1,6.500000000E0
8.540473402E1,6.500000000E0
8.540735802E1,6.500000000E0
8.540998302E1,6.500000000E0
8.541260702E1,6.500000000E0
8.541523202E1,6.500000000E0
8.541785602E1,6.500000000E0
8.542048102E1,6.500000000E0
8.542310502E1,6.500000000E0
8.542573002E1,6.500000000E0
8.542835402E1,6.500000000E0
8.543097902E1,6.500000000E0
8.543360302E1,6.500000000E0
8.543622802E1,6.500000000E0
8.543885202E1,6.500000000E0
8.544147702E1,6.500000000E0
8.544410102E1,6.500000000E0
8.544672602E1,6.500000000E0
8.544935002E1,6.500000000E0
8.545197502E1,6.500000000E0
8.545459902E1,6.500000000E0
8.545722402E1,6.500000000E0
8.545984802E1,6.500000000E0
8.546247302E1,6.500000000E0
8.546509702E1,6.500000000E0
8.546772202E1,6.500000000E0
8.547034602E1,6.500000000E0
8.547297102E1,6.500000000E0
8.547559502E1,6.500000000E0
8.547822002E1,6.500000000E0
8.548084402E1,6.500000000E0
8.548346902E1,6.500000000E0
8.548609302E1,6.500000000E0
8.548871802E1,6.500000000E0
8.549134202E1,6.500000000E0
8.549396702E1,6.500000000E0
8.549659102E1,6.500000000E0
8.549921602E1,6.500000000E0
8.550184002E1,6.500000000E0
8.550446502E1,6.500000000E0
8.550708902E1,6.500000000E0
8.550971402E1,6.500000000E0
8.551233902E1,0.000000000E0
8.559107402E1,6.500000000E0
8.559369802E1,6.500000000E0
8.559632302E1,6.500000000E0
8.559894702E1,6.500000000E0
8.560157202E1,6.500000000E0
8.560419602E1,6.500000000E0
8.560682102E1,6.500000000E0
8.560944502E1,6.500000000E0
8.561207002E1,6.500000000E0
8.561469402E1,0.000000000E0
8.564094002E1,6.500000000E0
8.564356402E1,6.500000000E0
8.564618902E1,6.500000000E0
8.564881302E1,6.500000000E0
8.565143802E1,6.500000000E0
8.565406202E1,6.500000000E0
8.565668702E1,6.500000000E0
8.565931102E1,6.500000000E0
8.566193602E1,6.500000000E0
8.566456002E1,6.500000000E0
8.566718502E1,6.500000000E0
8.566980902E1,6.500000000E0
8.567243402E1,6.500000000E0
8.567505802E1,6.500000000E0
8.567768302E1,6.500000000E0
8.568030702E1,6.500000000E0
8.568293202E1,6.500000000E0
8.568555602E1,6.500000000E0
8.568818102E1,6.500000000E0
8.569080502E1,6.500000000E0
8.569343002E1,6.500000000E0
8.569605402E1,6.500000000E0
8.569867902E1,6.500000000E0
8.570130302E1,6.500000000E0
8.570392802E1,6.500000000E0
8.570655202E1,6.500000000E0
8.570917702E1,6.500000000E0
8.571180102E1,6.500000000E0
8.571442602E1,6.500000000E0
8.571705002E1,6.500000000E0
8.571967502E1,6.500000000E0
8.572229902E1,6.500000000E0
8.572492402E1,6.500000000E0
8.572754802E1,6.500000000E0
8.573017302E1,6.500000000E0
8.573279702E1,6.500000000E0
8.573542202E1,6.500000000E0
8.573804702E1,6.500000000E0
8.574067102E1,6.500000000E0
8.574329602E1,6.500000000E0
8.574592002E1,6.500000000E0
8.574854502E1,6.500000000E0
8.575116902E1,6.500000000E0
8.575379402E1,6.500000000E0
8.575641802E1,6.500000000E0
8.575904302E1,6.500000000E0
8.576166702E1,6.500000000E0
8.576429202E1,6.500000000E0
8.576691602E1,6.500000000E0
8.576954102E1,6.500000000E0
8.577216502E1,6.500000000E0
8.577479002E1,6.500000000E0
8.577741402E1,6.500000000E0
8.578003902E1,6.500000000E0
8.578266302E1,6.500000000E0
8.578528802E1,6.500000000E0
8.578791202E1,6.500000000E0
8.579053702E1,6.500000000E0
8.579316102E1,6.500000000E0
8.579578602E1,6.500000000E0
8.579841002E1,6.500000000E0
8.580103502E1,6.500000000E0
8.580365902E1,6.500000000E0
8.580628402E1,6.500000000E0
8.580890802E1,6.500000000E0
8.581153302E1,6.500000000E0
8.581415702E1,6.500000000E0
8.581678202E1,6.500000000E0
8.581940602E1,6.500000000E0
8.582203102E1,6.500000000E0
8.582465502E1,6.500000000E0
8.582728002E1,6.500000000E0
8.582990402E1,6.500000000E0
8.583252902E1,6.500000000E0
8.583515302E1,6.500000000E0
8.583777802E1,6.500000000E0
8.584040202E1,6.500000000E0
8.584302702E1,6.500000000E0
8.584565102E1,0.000000000E0
8.586927202E1,6.500000000E0
8.587189702E1,6.500000000E0
8.587452102E1,6.500000000E0
8.587714602E1,6.500000000E0
8.587977002E1,6.500000000E0
8.588239502E1,6.500000000E0
8.588501902E1,6.500000000E0
8.588764402E1,6.500000000E0
8.589026802E1,6.500000000E0
8.589289302E1,6.500000000E0
8.589551702E1,0.000000000E0
8.592176202E1,6.500000000E0
8.592438702E1,6.500000000E0
8.592701102E1,6.500000000E0
8.592963602E1,6.500000000E0
8.593226002E1,6.500000000E0
8.593488502E1,6.500000000E0
8.593750902E1,6.500000000E0
8.594013402E1,6.500000000E0
8.594275802E1,6.500000000E0
8.594538302E1,6.500000000E0
8.594800702E1,6.500000000E0
8.595063202E1,6.500000000E0
8.595325602E1,6.500000000E0
8.595588102E1,6.500000000E0
8.595850502E1,6.500000000E0
8.596113002E1,6.500000000E0
8.596375502E1,6.500000000E0
8.596637902E1,6.500000000E0
8.596900402E1,6.500000000E0
8.597162802E1,6.500000000E0
8.597425302E1,6.500000000E0
8.597687702E1,6.500000000E0
8.597950202E1,6.500000000E0
8.598212602E1,6.500000000E0
8.598475102E1,6.500000000E0
8.598737502E1,6.500000000E0
8.599000002E1,6.500000000E0
8.599262402E1,6.500000000E0
8.599524902E1,0.000000000E0
8.602411802E1,6.500000000E0
8.602674302E1,6.500000000E0
8.602936702E1,6.500000000E0
8.603199202E1,6.500000000E0
8.603461602E1,6.500000000E0
8.603724102E1,6.500000000E0
8.603986502E1,6.500000000E0
8.604249002E1,6.500000000E0
8.604511402E1,6.500000000E0
8.604773902E1,6.500000000E0
8.605036302E1,6.500000000E0
8.605298802E1,6.500000000E0
8.605561202E1,6.500000000E0
8.605823702E1,6.500000000E0
8.606086102E1,6.500000000E0
8.606348602E1,6.500000000E0
8.606611002E1,6.500000000E0
8.606873502E1,6.500000000E0
8.607136002E1,6.500000000E0
8.607398402E1,6.500000000E0
8.607660902E1,6.500000000E0
8.607923302E1,6.500000000E0
8.608185802E1,6.500000000E0
8.608448202E1,6.500000000E0
8.608710702E1,6.500000000E0
8.608973102E1,6.500000000E0
8.609235602E1,6.500000000E0
8.609498002E1,6.500000000E0
8.609760502E1,6.500000000E0
8.610022902E1,6.500000000E0
8.610285402E1,6.500000000E0
8.610547802E1,6.500000000E0
8.610810302E1,6.500000000E0
8.611072702E1,6.500000000E0
8.611335202E1,6.500000000E0
8.611597602E1,6.500000000E0
8.611860102E1,6.500000000E0
8.612122502E1,6.500000000E0
8.612385002E1,6.500000000E0
8.612647402E1,6.500000000E0
8.612909902E1,6.500000000E0
8.613172302E1,6.500000000E0
8.613434802E1,6.500000000E0
8.613697202E1,6.500000000E0
8.613959702E1,6.500000000E0
8.614222102E1,6.500000000E0
8.614484602E1,6.500000000E0
8.614747002E1,6.500000000E0
8.615009502E1,6.500000000E0
8.615271902E1,6.500000000E0
8.615534402E1,6.500000000E0
8.615796802E1,6.500000000E0
8.616059302E1,6.500000000E0
8.616321702E1,6.500000000E0
8.616584202E1,6.500000000E0
8.616846602E1,6.500000000E0
8.617109102E1,6.500000000E0
8.617371502E1,6.500000000E0
8.617634002E1,6.500000000E0
8.617896402E1,6.500000000E0
8.618158902E1,6.500000000E0
8.618421402E1,6.500000000E0
8.618683802E1,6.500000000E0
8.618946302E1,6.500000000E0
8.619208702E1,6.500000000E0
8.619471202E1,6.500000000E0
8.619733602E1,6.500000000E0
8.619996102E1,6.500000000E0
8.620258502E1,6.500000000E0
8.620521002E1,6.500000000E0
8.620783402E1,6.500000000E0
8.621045902E1,6.500000000E0
8.621308302E1,6.500000000E0
8.621570802E1,6.500000000E0
8.621833202E1,6.500000000E0
8.622095702E1,6.500000000E0
8.622358102E1,6.500000000E0
8.622620602E1,6.500000000E0
8.622883002E1,6.500000000E0
8.623145502E1,6.500000000E0
8.623407902E1,6.500000000E0
8.623670402E1,6.500000000E0
8.623932802E1,6.500000000E0
8.624195302E1,6.500000000E0
8.624457702E1,6.500000000E0
8.624720202E1,6.500000000E0
8.624982602E1,6.500000000E0
8.625245102E1,6.500000000E0
8.625507502E1,6.500000000E0
8.625770002E1,6.500000000E0
8.626032402E1,6.500000000E0
8.626294902E1,6.500000000E0
8.626557302E1,6.500000000E0
8.626819802E1,6.500000000E0
8.627082202E1,6.500000000E0
8.627344702E1,6.500000000E0
8.627607102E1,6.500000000E0
8.627869602E1,6.500000000E0
8.628132002E1,6.500000000E0
8.628394502E1,6.500000000E0
8.628656902E1,6.500000000E0
8.628919402E1,6.500000000E0
8.629181802E1,6.500000000E0
8.629444302E1,6.500000000E0
8.629706802E1,6.500000000E0
8.629969202E1,6.500000000E0
8.630231702E1,6.500000000E0
8.630494102E1,6.500000000E0
8.630756602E1,6.500000000E0
8.631019002E1,6.500000000E0
8.631281502E1,6.500000000E0
8.631543902E1,6.500000000E0
8.631806402E1,6.500000000E0
8.632068802E1,6.500000000E0
8.632331302E1,6.500000000E0
8.632593702E1,6.500000000E0
8.632856202E1,6.500000000E0
8.633118602E1,6.500000000E0
8.633381102E1,6.500000000E0
8.633643502E1,6.500000000E0
8.633906002E1,6.500000000E0
8.634168402E1,6.500000000E0
8.634430902E1,6.500000000E0
8.634693302E1,6.500000000E0
8.634955802E1,6.500000000E0
8.635218202E1,6.500000000E0
8.635480702E1,6.500000000E0
8.635743102E1,6.500000000E0
8.636005602E1,6.500000000E0
8.636268002E1,6.500000000E0
8.636530502E1,6.500000000E0
8.636792902E1,6.500000000E0
8.637055402E1,6.500000000E0
8.637317802E1,6.500000000E0
8.637580302E1,6.500000000E0
8.637842702E1,0.000000000E0
8.640467202E1,6.500000000E0
8.640729702E1,6.500000000E0
8.640992202E1,6.500000000E0
8.641254602E1,6.500000000E0
8.641517102E1,6.500000000E0
8.641779502E1,6.500000000E0
8.642042002E1,6.500000000E0
8.642304402E1,6.500000000E0
8.642566902E1,6.500000000E0
8.642829302E1,6.500000000E0
8.643091802E1,6.500000000E0
8.643354202E1,6.500000000E0
8.643616702E1,6.500000000E0
8.643879102E1,6.500000000E0
8.644141602E1,6.500000000E0
8.644404002E1,6.500000000E0
8.644666502E1,6.500000000E0
8.644928902E1,6.500000000E0
8.645191402E1,6.500000000E0
8.645453802E1,6.500000000E0
8.645716302E1,6.500000000E0
8.645978702E1,6.500000000E0
8.646241202E1,6.500000000E0
8.646503602E1,6.500000000E0
8.646766102E1,6.500000000E0
8.647028502E1,6.500000000E0
8.647291002E1,6.500000000E0
8.647553402E1,6.500000000E0
8.647815902E1,6.500000000E0
8.648078302E1,6.500000000E0
8.648340802E1,6.500000000E0
8.648603202E1,6.500000000E0
8.648865702E1,6.500000000E0
8.649128102E1,6.500000000E0
8.649390602E1,6.500000000E0
8.649653002E1,6.500000000E0
8.649915502E1,6.500000000E0
8.650177902E1,6.500000000E0
8.650440402E1,6.500000000E0
8.650702802E1,6.500000000E0
8.650965302E1,6.500000000E0
8.651227702E1,6.500000000E0
8.651490202E1,6.500000000E0
8.651752602E1,6.500000000E0
8.652015102E1,6.500000000E0
8.652277602E1,6.500000000E0
8.652540002E1,6.500000000E0
8.652802502E1,6.500000000E0
8.653064902E1,6.500000000E0
8.653327402E1,6.500000000E0
8.653589802E1,6.500000000E0
8.653852302E1,6.500000000E0
8.654114702E1,6.500000000E0
8.654377202E1,6.500000000E0
8.654639602E1,6.500000000E0
8.654902102E1,6.500000000E0
8.655164502E1,6.500000000E0
8.655427002E1,6.500000000E0
8.655689402E1,6.500000000E0
8.655951902E1,6.500000000E0
8.656214302E1,6.500000000E0
8.656476802E1,6.500000000E0
8.656739202E1,6.500000000E0
8.657001702E1,6.500000000E0
8.657264102E1,6.500000000E0
8.657526602E1,6.500000000E0
8.657789002E1,6.500000000E0
8.658051502E1,6.500000000E0
8.658313902E1,6.500000000E0
8.658576402E1,6.500000000E0
8.658838802E1,6.500000000E0
8.659101302E1,6.500000000E0
8.659363702E1,6.500000000E0
8.659626202E1,6.500000000E0
8.659888602E1,6.500000000E0
8.660151102E1,6.500000000E0
8.660413502E1,6.500000000E0
8.660676002E1,6.500000000E0
8.660938402E1,6.500000000E0
8.661200902E1,6.500000000E0
8.661463302E1,6.500000000E0
8.661725802E1,6.500000000E0
8.661988202E1,6.500000000E0
8.662250702E1,6.500000000E0
8.662513102E1,6.500000000E0
8.662775602E1,6.500000000E0
8.663038002E1,6.500000000E0
8.663300502E1,6.500000000E0
8.663563002E1,6.500000000E0
8.663825402E1,6.500000000E0
8.664087902E1,6.500000000E0
8.664350302E1,6.500000000E0
8.664612802E1,6.500000000E0
