"Time (s)","Illuminance (lx)"
0.000000000E0,1.546250000E2
4.177006000E-3,1.546250000E2
1.430900600E-2,1.546250000E2
2.444000600E-2,1.546250000E2
2.709600600E-2,1.546250000E2
2.972000600E-2,1.546250000E2
3.234500600E-2,1.546250000E2
3.496900600E-2,1.546250000E2
3.759400600E-2,1.546250000E2
4.021800600E-2,1.546250000E2
4.284300600E-2,1.546250000E2
4.546700600E-2,1.546250000E2
4.809200600E-2,1.546250000E2
5.071600600E-2,1.546250000E2
5.334100600E-2,1.546250000E2
5.596500600E-2,1.546250000E2
5.859000600E-2,1.546250000E2
6.121400600E-2,1.546250000E2
6.383900600E-2,1.546250000E2
6.646300600E-2,1.546250000E2
6.908800600E-2,1.546250000E2
7.171200600E-2,1.546250000E2
7.433700600E-2,1.546250000E2
7.696100600E-2,1.546250000E2
7.958600600E-2,1.546250000E2
8.221000600E-2,1.546250000E2
8.483500600E-2,1.546250000E2
8.745900600E-2,1.546250000E2
9.008400600E-2,1.546250000E2
9.270800600E-2,1.546250000E2
9.533300600E-2,1.546250000E2
9.795700600E-2,1.546250000E2
1.005820060E-1,1.546250000E2
1.032060060E-1,1.546250000E2
1.058310060E-1,1.546250000E2
1.084550060E-1,1.546250000E2
1.110800060E-1,1.546250000E2
1.137040060E-1,1.546250000E2
1.163290060E-1,1.546250000E2
1.189530060E-1,1.546250000E2
1.215780060E-1,1.546250000E2
1.242020060E-1,1.546250000E2
1.268270060E-1,1.546250000E2
1.294510060E-1,1.546250000E2
1.320760060E-1,1.546250000E2
1.347000060E-1,1.546250000E2
1.373250060E-1,1.546250000E2
1.399500060E-1,1.546250000E2
1.425740060E-1,1.546250000E2
1.451990060E-1,1.546250000E2
1.478230060E-1,1.546250000E2
1.504480060E-1,1.546250000E2
1.530720060E-1,1.546250000E2
1.556970060E-1,1.546250000E2
1.583210060E-1,1.546250000E2
1.609460060E-1,1.546250000E2
1.635700060E-1,1.546250000E2
1.661950060E-1,1.546250000E2
1.688190060E-1,1.546250000E2
1.714440060E-1,1.546250000E2
1.740680060E-1,1.546250000E2
1.766930060E-1,1.546250000E2
1.793170060E-1,1.546250000E2
1.819420060E-1,1.546250000E2
1.845660060E-1,1.546250000E2
1.871910060E-1,1.546250000E2
1.898150060E-1,1.546250000E2
1.924400060E-1,1.546250000E2
1.950640060E-1,1.546250000E2
1.976890060E-1,1.546250000E2
2.003130060E-1,1.546250000E2
2.029380060E-1,1.546250000E2
2.055620060E-1,1.546250000E2
2.081870060E-1,1.546250000E2
2.108110060E-1,1.546250000E2
2.134360060E-1,1.546250000E2
2.160600060E-1,1.546250000E2
2.186850060E-1,1.546250000E2
2.213090060E-1,1.546250000E2
2.239340060E-1,1.546250000E2
2.265580060E-1,1.546250000E2
2.291830060E-1,1.546250000E2
2.318070060E-1,1.546250000E2
2.344320060E-1,1.546250000E2
2.370560060E-1,1.546250000E2
2.396810060E-1,1.546250000E2
2.423050060E-1,1.546250000E2
2.449300060E-1,1.546250000E2
2.475540060E-1,1.546250000E2
2.501790060E-1,1.546250000E2
2.528040060E-1,1.546250000E2
2.554280060E-1,1.546250000E2
2.580530060E-1,1.546250000E2
2.606770060E-1,1.546250000E2
2.633020060E-1,1.546250000E2
2.659260060E-1,1.546250000E2
2.685510060E-1,1.546250000E2
2.711750060E-1,1.546250000E2
2.738000060E-1,1.546250000E2
2.764240060E-1,1.546250000E2
2.790490060E-1,1.546250000E2
2.816730060E-1,1.546250000E2
2.842980060E-1,1.546250000E2
2.869220060E-1,1.546250000E2
2.895470060E-1,1.546250000E2
2.921710060E-1,1.546250000E2
2.947960060E-1,1.546250000E2
2.974200060E-1,1.546250000E2
3.000450060E-1,1.546250000E2
3.026690060E-1,1.546250000E2
3.052940060E-1,1.546250000E2
3.079180060E-1,1.546250000E2
3.105430060E-1,1.546250000E2
3.131670060E-1,1.546250000E2
3.157920060E-1,1.546250000E2
3.184160060E-1,1.546250000E2
3.210410060E-1,1.546250000E2
3.236650060E-1,1.546250000E2
3.262900060E-1,1.546250000E2
3.289140060E-1,1.546250000E2
3.315390060E-1,1.546250000E2
3.341630060E-1,1.546250000E2
3.367880060E-1,1.546250000E2
3.394120060E-1,1.546250000E2
3.420370060E-1,1.546250000E2
3.446610060E-1,1.546250000E2
3.472860060E-1,1.546250000E2
3.499100060E-1,1.546250000E2
3.525350060E-1,1.546250000E2
3.551590060E-1,1.546250000E2
3.577840060E-1,1.546250000E2
3.604090060E-1,1.546250000E2
3.630330060E-1,1.546250000E2
3.656580060E-1,1.546250000E2
3.682820060E-1,1.546250000E2
3.709070060E-1,1.546250000E2
3.735310060E-1,1.546250000E2
3.761560060E-1,1.546250000E2
3.787800060E-1,1.546250000E2
3.814050060E-1,1.546250000E2
3.840290060E-1,1.546250000E2
3.866540060E-1,1.546250000E2
3.892780060E-1,1.546250000E2
3.919030060E-1,1.546250000E2
3.945270060E-1,1.546250000E2
3.971520060E-1,1.546250000E2
3.997760060E-1,1.546250000E2
4.024010060E-1,1.546250000E2
4.050250060E-1,1.546250000E2
4.076500060E-1,1.546250000E2
4.102740060E-1,1.546250000E2
4.128990060E-1,1.546250000E2
4.155230060E-1,1.546250000E2
4.181480060E-1,1.546250000E2
4.207720060E-1,1.546250000E2
4.233970060E-1,1.546250000E2
4.260210060E-1,1.546250000E2
4.286460060E-1,1.546250000E2
4.312700060E-1,1.546250000E2
4.338950060E-1,1.546250000E2
4.365190060E-1,1.546250000E2
4.391440060E-1,1.546250000E2
4.417680060E-1,1.546250000E2
4.443930060E-1,1.546250000E2
4.470170060E-1,1.546250000E2
4.496420060E-1,1.546250000E2
4.522660060E-1,1.546250000E2
4.548910060E-1,1.546250000E2
4.575150060E-1,1.546250000E2
4.601400060E-1,1.546250000E2
4.627640060E-1,1.546250000E2
4.653890060E-1,1.546250000E2
4.680130060E-1,1.546250000E2
4.706380060E-1,1.546250000E2
4.732630060E-1,1.546250000E2
4.758870060E-1,1.546250000E2
4.785120060E-1,1.546250000E2
4.811360060E-1,1.546250000E2
4.837610060E-1,1.546250000E2
4.863850060E-1,1.546250000E2
4.890100060E-1,1.546250000E2
4.916340060E-1,1.546250000E2
4.942590060E-1,1.546250000E2
4.968830060E-1,1.546250000E2
4.995080060E-1,1.546250000E2
5.021320060E-1,1.546250000E2
5.047570060E-1,1.546250000E2
5.073810060E-1,1.546250000E2
5.100060060E-1,1.546250000E2
5.126300060E-1,1.546250000E2
5.152550060E-1,1.546250000E2
5.178790060E-1,1.546250000E2
5.205040060E-1,1.546250000E2
5.231280060E-1,1.546250000E2
5.257530060E-1,1.546250000E2
5.283770060E-1,1.546250000E2
5.310020060E-1,1.546250000E2
5.336260060E-1,1.546250000E2
5.362510060E-1,1.546250000E2
5.388750060E-1,1.546250000E2
5.415000060E-1,1.546250000E2
5.441240060E-1,1.546250000E2
5.467490060E-1,1.546250000E2
5.493730060E-1,1.546250000E2
5.519980060E-1,1.546250000E2
5.546220060E-1,1.546250000E2
5.572470060E-1,1.546250000E2
5.598710060E-1,1.546250000E2
5.624960060E-1,1.546250000E2
5.651200060E-1,1.546250000E2
5.677450060E-1,1.546250000E2
5.703690060E-1,1.546250000E2
5.729940060E-1,1.546250000E2
5.756180060E-1,1.546250000E2
5.782430060E-1,1.546250000E2
5.808670060E-1,1.546250000E2
5.834920060E-1,1.546250000E2
5.861170060E-1,1.546250000E2
5.887410060E-1,1.546250000E2
5.913660060E-1,1.546250000E2
5.939900060E-1,1.546250000E2
5.966150060E-1,1.546250000E2
5.992390060E-1,1.546250000E2
6.018640060E-1,1.546250000E2
6.044880060E-1,1.546250000E2
6.071130060E-1,1.546250000E2
6.097370060E-1,1.546250000E2
6.123620060E-1,1.546250000E2
6.149860060E-1,1.546250000E2
6.176110060E-1,1.546250000E2
6.202350060E-1,1.546250000E2
6.228600060E-1,1.546250000E2
6.254840060E-1,1.546250000E2
6.281090060E-1,1.546250000E2
6.307330060E-1,1.546250000E2
6.333580060E-1,1.546250000E2
6.359820060E-1,1.546250000E2
6.386070060E-1,1.546250000E2
6.412310060E-1,1.546250000E2
6.438560060E-1,1.546250000E2
6.464800060E-1,1.546250000E2
6.491050060E-1,1.546250000E2
6.517290060E-1,1.546250000E2
6.543540060E-1,1.546250000E2
6.569780060E-1,1.546250000E2
6.596030060E-1,1.546250000E2
6.622270060E-1,1.546250000E2
6.648520060E-1,1.546250000E2
6.674760060E-1,1.546250000E2
6.701010060E-1,1.546250000E2
6.727250060E-1,1.546250000E2
6.753500060E-1,1.546250000E2
6.779740060E-1,1.546250000E2
6.805990060E-1,1.546250000E2
6.832230060E-1,1.546250000E2
6.858480060E-1,1.546250000E2
6.884720060E-1,1.546250000E2
6.910970060E-1,1.546250000E2
6.937210060E-1,1.546250000E2
6.963460060E-1,1.546250000E2
6.989710060E-1,1.546250000E2
7.015950060E-1,1.546250000E2
7.042200060E-1,1.546250000E2
7.068440060E-1,1.546250000E2
7.094690060E-1,1.546250000E2
7.120930060E-1,1.546250000E2
7.147180060E-1,1.546250000E2
7.173420060E-1,1.546250000E2
7.199670060E-1,1.546250000E2
7.225910060E-1,1.546250000E2
7.252160060E-1,1.546250000E2
7.278400060E-1,1.546250000E2
7.304650060E-1,1.546250000E2
7.330890060E-1,1.546250000E2
7.357140060E-1,1.546250000E2
7.383380060E-1,1.546250000E2
7.409630060E-1,1.546250000E2
7.435870060E-1,1.546250000E2
7.462120060E-1,1.546250000E2
7.488360060E-1,1.546250000E2
7.514610060E-1,1.546250000E2
7.540850060E-1,1.546250000E2
7.567100060E-1,1.546250000E2
7.593340060E-1,1.546250000E2
7.619590060E-1,1.546250000E2
7.645830060E-1,1.546250000E2
7.672080060E-1,1.546250000E2
7.698320060E-1,1.546250000E2
7.724570060E-1,1.546250000E2
7.750810060E-1,1.546250000E2
7.777060060E-1,1.546250000E2
7.803300060E-1,1.546250000E2
7.829550060E-1,1.546250000E2
7.855790060E-1,1.546250000E2
7.882040060E-1,1.546250000E2
7.908280060E-1,1.546250000E2
7.934530060E-1,1.546250000E2
7.960770060E-1,1.546250000E2
7.987020060E-1,1.546250000E2
8.013260060E-1,1.546250000E2
8.039510060E-1,1.546250000E2
8.065750060E-1,1.546250000E2
8.092000060E-1,1.546250000E2
8.118250060E-1,1.546250000E2
8.144490060E-1,1.546250000E2
8.170740060E-1,1.546250000E2
8.196980060E-1,1.546250000E2
8.223230060E-1,1.546250000E2
8.249470060E-1,1.546250000E2
8.275720060E-1,1.546250000E2
8.301960060E-1,1.546250000E2
8.328210060E-1,1.546250000E2
8.354450060E-1,1.546250000E2
8.380700060E-1,1.546250000E2
8.406940060E-1,1.546250000E2
8.433190060E-1,1.546250000E2
8.459430060E-1,1.546250000E2
8.485680060E-1,1.546250000E2
8.511920060E-1,1.546250000E2
8.538170060E-1,1.546250000E2
8.564410060E-1,1.546250000E2
8.590660060E-1,1.546250000E2
8.616900060E-1,1.546250000E2
8.643150060E-1,1.546250000E2
8.669390060E-1,1.546250000E2
8.695640060E-1,1.546250000E2
8.721880060E-1,1.546250000E2
8.748130060E-1,1.546250000E2
8.774370060E-1,1.546250000E2
8.800620060E-1,1.546250000E2
8.826860060E-1,1.546250000E2
8.853110060E-1,1.546250000E2
8.879350060E-1,1.546250000E2
8.905600060E-1,1.546250000E2
8.931840060E-1,1.546250000E2
8.958090060E-1,1.546250000E2
8.984330060E-1,1.546250000E2
9.010580060E-1,1.546250000E2
9.036820060E-1,1.546250000E2
9.063070060E-1,1.546250000E2
9.089310060E-1,1.546250000E2
9.115560060E-1,1.546250000E2
9.141800060E-1,1.546250000E2
9.168050060E-1,1.546250000E2
9.194290060E-1,1.546250000E2
9.220540060E-1,1.546250000E2
9.246790060E-1,1.546250000E2
9.273030060E-1,1.546250000E2
9.299280060E-1,1.546250000E2
9.325520060E-1,1.546250000E2
9.351770060E-1,1.546250000E2
9.378010060E-1,1.546250000E2
9.404260060E-1,1.546250000E2
9.430500060E-1,1.546250000E2
9.456750060E-1,1.546250000E2
9.482990060E-1,1.546250000E2
9.509240060E-1,1.546250000E2
9.535480060E-1,1.546250000E2
9.561730060E-1,1.546250000E2
9.587970060E-1,1.546250000E2
9.614220060E-1,1.546250000E2
9.640460060E-1,1.546250000E2
9.666710060E-1,1.546250000E2
9.692950060E-1,1.546250000E2
9.719200060E-1,1.546250000E2
9.745440060E-1,1.546250000E2
9.771690060E-1,1.546250000E2
9.797930060E-1,1.546250000E2
9.824180060E-1,1.546250000E2
9.850420060E-1,1.546250000E2
9.876670060E-1,1.546250000E2
9.902910060E-1,1.546250000E2
9.929160060E-1,1.546250000E2
9.955400060E-1,1.546250000E2
9.981650060E-1,1.546250000E2
1.000789006E0,1.546250000E2
1.003414006E0,1.546250000E2
1.006038006E0,1.546250000E2
1.008663006E0,1.546250000E2
1.011287006E0,1.546250000E2
1.013912006E0,1.546250000E2
1.016536006E0,1.546250000E2
1.019161006E0,1.546250000E2
1.021785006E0,1.546250000E2
1.024410006E0,1.546250000E2
1.027034006E0,1.546250000E2
1.029659006E0,1.546250000E2
1.032284006E0,1.546250000E2
1.034908006E0,1.546250000E2
1.037533006E0,1.546250000E2
1.040157006E0,1.546250000E2
1.042782006E0,1.546250000E2
1.045406006E0,1.546250000E2
1.048031006E0,1.546250000E2
1.050655006E0,1.546250000E2
1.053280006E0,1.546250000E2
1.055904006E0,1.546250000E2
1.058529006E0,1.546250000E2
1.061153006E0,1.546250000E2
1.063778006E0,1.546250000E2
1.066402006E0,1.546250000E2
1.069027006E0,1.546250000E2
1.071651006E0,1.546250000E2
1.074276006E0,1.546250000E2
1.076900006E0,1.546250000E2
1.079525006E0,1.546250000E2
1.082149006E0,1.546250000E2
1.084774006E0,1.546250000E2
1.087398006E0,1.546250000E2
1.090023006E0,1.546250000E2
1.092647006E0,1.546250000E2
1.095272006E0,1.546250000E2
1.097896006E0,1.546250000E2
1.100521006E0,1.546250000E2
1.103145006E0,1.546250000E2
1.105770006E0,1.546250000E2
1.108394006E0,1.546250000E2
1.111019006E0,1.546250000E2
1.113643006E0,1.546250000E2
1.116268006E0,1.546250000E2
1.118892006E0,1.546250000E2
1.121517006E0,1.546250000E2
1.124141006E0,1.546250000E2
1.126766006E0,1.546250000E2
1.129390006E0,1.546250000E2
1.132015006E0,1.546250000E2
1.134639006E0,1.546250000E2
1.137264006E0,1.546250000E2
1.139888006E0,1.546250000E2
1.142513006E0,1.546250000E2
1.145138006E0,1.546250000E2
1.147762006E0,1.546250000E2
1.150387006E0,1.546250000E2
1.153011006E0,1.546250000E2
1.155636006E0,1.546250000E2
1.158260006E0,1.546250000E2
1.160885006E0,1.546250000E2
1.163509006E0,1.546250000E2
1.166134006E0,1.546250000E2
1.168758006E0,1.546250000E2
1.171383006E0,1.546250000E2
1.174007006E0,1.546250000E2
1.176632006E0,1.546250000E2
1.179256006E0,1.546250000E2
1.181881006E0,1.546250000E2
1.184505006E0,1.546250000E2
1.187130006E0,1.546250000E2
1.189754006E0,1.546250000E2
1.192379006E0,1.546250000E2
1.195003006E0,1.546250000E2
1.197628006E0,1.546250000E2
1.200252006E0,1.546250000E2
1.202877006E0,1.546250000E2
1.205501006E0,1.546250000E2
1.208126006E0,1.546250000E2
1.210750006E0,1.546250000E2
1.213375006E0,1.546250000E2
1.215999006E0,1.546250000E2
1.218624006E0,1.546250000E2
1.221248006E0,1.546250000E2
1.223873006E0,1.546250000E2
1.226497006E0,1.546250000E2
1.229122006E0,1.546250000E2
1.231746006E0,1.546250000E2
1.234371006E0,1.546250000E2
1.236995006E0,1.546250000E2
1.239620006E0,1.546250000E2
1.242244006E0,1.546250000E2
1.244869006E0,1.546250000E2
1.247493006E0,1.546250000E2
1.250118006E0,1.546250000E2
1.252742006E0,1.546250000E2
1.255367006E0,1.546250000E2
1.257992006E0,1.546250000E2
1.260616006E0,1.546250000E2
1.263241006E0,1.546250000E2
1.265865006E0,1.546250000E2
1.268490006E0,1.546250000E2
1.271114006E0,1.546250000E2
1.273739006E0,1.546250000E2
1.276363006E0,1.546250000E2
1.278988006E0,1.546250000E2
1.281612006E0,1.546250000E2
1.284237006E0,1.546250000E2
1.286861006E0,1.546250000E2
1.289486006E0,1.546250000E2
1.292110006E0,1.546250000E2
1.294735006E0,1.546250000E2
1.297359006E0,1.546250000E2
1.299984006E0,1.546250000E2
1.302608006E0,1.546250000E2
1.305233006E0,1.546250000E2
1.307857006E0,1.546250000E2
1.310482006E0,1.546250000E2
1.313106006E0,1.546250000E2
1.315731006E0,1.546250000E2
1.318355006E0,1.546250000E2
1.320980006E0,1.546250000E2
1.323604006E0,1.546250000E2
1.326229006E0,1.546250000E2
1.328853006E0,1.546250000E2
1.331478006E0,1.546250000E2
1.334102006E0,1.546250000E2
1.336727006E0,1.546250000E2
1.339351006E0,1.546250000E2
1.341976006E0,1.546250000E2
1.344600006E0,1.546250000E2
1.347225006E0,1.546250000E2
1.349849006E0,1.546250000E2
1.352474006E0,1.546250000E2
1.355098006E0,1.546250000E2
1.357723006E0,1.546250000E2
1.360347006E0,1.546250000E2
1.362972006E0,1.546250000E2
1.365596006E0,1.546250000E2
1.368221006E0,1.546250000E2
1.370846006E0,1.546250000E2
1.373470006E0,1.546250000E2
1.376095006E0,1.546250000E2
1.378719006E0,1.546250000E2
1.381344006E0,1.546250000E2
1.383968006E0,1.546250000E2
1.386593006E0,1.546250000E2
1.389217006E0,1.546250000E2
1.391842006E0,1.546250000E2
1.394466006E0,1.546250000E2
1.397091006E0,1.546250000E2
1.399715006E0,1.546250000E2
1.402340006E0,1.546250000E2
1.404964006E0,1.546250000E2
1.407589006E0,1.546250000E2
1.410213006E0,1.546250000E2
1.412838006E0,1.546250000E2
1.415462006E0,1.546250000E2
1.418087006E0,1.546250000E2
1.420711006E0,1.546250000E2
1.423336006E0,1.546250000E2
1.425960006E0,1.546250000E2
1.428585006E0,1.546250000E2
1.431209006E0,1.546250000E2
1.433834006E0,1.546250000E2
1.436458006E0,1.546250000E2
1.439083006E0,1.546250000E2
1.441707006E0,1.546250000E2
1.444332006E0,1.546250000E2
1.446956006E0,1.546250000E2
1.449581006E0,1.546250000E2
1.452205006E0,1.546250000E2
1.454830006E0,1.546250000E2
1.457454006E0,1.546250000E2
1.460079006E0,1.546250000E2
1.462703006E0,1.546250000E2
1.465328006E0,1.546250000E2
1.467952006E0,1.546250000E2
1.470577006E0,1.546250000E2
1.473201006E0,1.546250000E2
1.475826006E0,1.546250000E2
1.478450006E0,1.546250000E2
1.481075006E0,1.546250000E2
1.483700006E0,1.546250000E2
1.486324006E0,1.546250000E2
1.488949006E0,1.546250000E2
1.491573006E0,1.546250000E2
1.494198006E0,1.546250000E2
1.496822006E0,1.546250000E2
1.499447006E0,1.546250000E2
1.502071006E0,1.546250000E2
1.504696006E0,1.546250000E2
1.507320006E0,1.546250000E2
1.509945006E0,1.546250000E2
1.512569006E0,1.546250000E2
1.515194006E0,1.546250000E2
1.517818006E0,1.546250000E2
1.520443006E0,1.546250000E2
1.523067006E0,1.546250000E2
1.525692006E0,1.546250000E2
1.528316006E0,1.546250000E2
1.530941006E0,1.546250000E2
1.533565006E0,1.546250000E2
1.536190006E0,1.546250000E2
1.538814006E0,1.546250000E2
1.541439006E0,1.546250000E2
1.544063006E0,1.546250000E2
1.546688006E0,1.546250000E2
1.549312006E0,1.546250000E2
1.551937006E0,1.546250000E2
1.554561006E0,1.546250000E2
1.557186006E0,1.546250000E2
1.559810006E0,1.546250000E2
1.562435006E0,1.546250000E2
1.565059006E0,1.546250000E2
1.567684006E0,1.546250000E2
1.570308006E0,1.546250000E2
1.572933006E0,1.546250000E2
1.575557006E0,1.546250000E2
1.578182006E0,1.546250000E2
1.580806006E0,1.546250000E2
1.583431006E0,1.546250000E2
1.586055006E0,1.546250000E2
1.588680006E0,1.546250000E2
1.591304006E0,1.546250000E2
1.593929006E0,1.546250000E2
1.596554006E0,1.546250000E2
1.599178006E0,1.546250000E2
1.601803006E0,1.546250000E2
1.604427006E0,1.546250000E2
1.607052006E0,1.546250000E2
1.609676006E0,1.546250000E2
1.612301006E0,1.546250000E2
1.614925006E0,1.546250000E2
1.617550006E0,1.546250000E2
1.620174006E0,1.546250000E2
1.622799006E0,1.546250000E2
1.625423006E0,1.546250000E2
1.628048006E0,1.546250000E2
1.630672006E0,1.546250000E2
1.633297006E0,1.546250000E2
1.635921006E0,1.546250000E2
1.638546006E0,1.546250000E2
1.641170006E0,1.546250000E2
1.643795006E0,1.546250000E2
1.646419006E0,1.546250000E2
1.649044006E0,1.546250000E2
1.651668006E0,1.546250000E2
1.654293006E0,1.546250000E2
1.656917006E0,1.546250000E2
1.659542006E0,1.546250000E2
1.662166006E0,1.546250000E2
1.664791006E0,1.546250000E2
1.667415006E0,1.546250000E2
1.670040006E0,1.546250000E2
1.672664006E0,1.546250000E2
1.675289006E0,1.546250000E2
1.677913006E0,1.546250000E2
1.680538006E0,1.546250000E2
1.683162006E0,1.546250000E2
1.685787006E0,1.546250000E2
1.688411006E0,1.546250000E2
1.691036006E0,1.546250000E2
1.693660006E0,1.546250000E2
1.696285006E0,1.546250000E2
1.698909006E0,1.546250000E2
1.701534006E0,1.546250000E2
1.704159006E0,1.546250000E2
1.706783006E0,1.546250000E2
1.709408006E0,1.546250000E2
1.712032006E0,1.546250000E2
1.714657006E0,1.546250000E2
1.717281006E0,1.546250000E2
1.719906006E0,1.546250000E2
1.722530006E0,1.546250000E2
1.725155006E0,1.546250000E2
1.727779006E0,1.546250000E2
1.730404006E0,1.546250000E2
1.733028006E0,1.546250000E2
1.735653006E0,1.546250000E2
1.738277006E0,1.546250000E2
1.740902006E0,1.546250000E2
1.743526006E0,1.546250000E2
1.746151006E0,1.546250000E2
1.748775006E0,1.546250000E2
1.751400006E0,1.546250000E2
1.754024006E0,1.546250000E2
1.756649006E0,1.546250000E2
1.759273006E0,1.546250000E2
1.761898006E0,1.546250000E2
1.764522006E0,1.546250000E2
1.767147006E0,1.546250000E2
1.769771006E0,1.546250000E2
1.772396006E0,1.546250000E2
1.775020006E0,1.546250000E2
1.777645006E0,1.546250000E2
1.780269006E0,1.546250000E2
1.782894006E0,1.546250000E2
1.785518006E0,1.546250000E2
1.788143006E0,1.546250000E2
1.790767006E0,1.546250000E2
1.793392006E0,1.546250000E2
1.796016006E0,1.546250000E2
1.798641006E0,1.546250000E2
1.801265006E0,1.546250000E2
1.803890006E0,1.546250000E2
1.806514006E0,1.546250000E2
1.809139006E0,1.546250000E2
1.811763006E0,1.546250000E2
1.814388006E0,1.546250000E2
1.817013006E0,1.546250000E2
1.819637006E0,1.546250000E2
1.822262006E0,1.546250000E2
1.824886006E0,1.546250000E2
1.827511006E0,1.546250000E2
1.830135006E0,1.546250000E2
1.832760006E0,1.546250000E2
1.835384006E0,1.546250000E2
1.838009006E0,1.546250000E2
1.840633006E0,1.546250000E2
1.843258006E0,1.546250000E2
1.845882006E0,1.546250000E2
1.848507006E0,1.546250000E2
1.851131006E0,1.546250000E2
1.853756006E0,1.546250000E2
1.856380006E0,1.546250000E2
1.859005006E0,1.546250000E2
1.861629006E0,1.546250000E2
1.864254006E0,1.546250000E2
1.866878006E0,1.546250000E2
1.869503006E0,1.546250000E2
1.872127006E0,1.546250000E2
1.874752006E0,1.546250000E2
1.877376006E0,1.546250000E2
1.880001006E0,1.546250000E2
1.882625006E0,1.546250000E2
1.885250006E0,1.546250000E2
1.887874006E0,1.546250000E2
1.890499006E0,1.546250000E2
1.893123006E0,1.546250000E2
1.895748006E0,1.546250000E2
1.898372006E0,1.546250000E2
1.900997006E0,1.546250000E2
1.903621006E0,1.546250000E2
1.906246006E0,1.546250000E2
1.908870006E0,1.546250000E2
1.911495006E0,1.546250000E2
1.914119006E0,1.546250000E2
1.916744006E0,1.546250000E2
1.919368006E0,1.546250000E2
1.921993006E0,1.546250000E2
1.924617006E0,1.546250000E2
1.927242006E0,1.546250000E2
1.929867006E0,1.546250000E2
1.932491006E0,1.546250000E2
1.935116006E0,1.546250000E2
1.937740006E0,1.546250000E2
1.940365006E0,1.546250000E2
1.942989006E0,1.546250000E2
1.945614006E0,1.546250000E2
1.948238006E0,1.546250000E2
1.950863006E0,1.546250000E2
1.953487006E0,1.546250000E2
1.956112006E0,1.546250000E2
1.958736006E0,1.546250000E2
1.961361006E0,1.546250000E2
1.963985006E0,1.546250000E2
1.966610006E0,1.546250000E2
1.969234006E0,1.546250000E2
1.971859006E0,1.546250000E2
1.974483006E0,1.546250000E2
1.977108006E0,1.546250000E2
1.979732006E0,1.546250000E2
1.982357006E0,1.546250000E2
1.984981006E0,1.546250000E2
1.987606006E0,1.546250000E2
1.990230006E0,1.546250000E2
1.992855006E0,1.546250000E2
1.995479006E0,1.546250000E2
1.998104006E0,1.546250000E2
2.000728006E0,1.546250000E2
2.003353006E0,1.546250000E2
2.005977006E0,1.546250000E2
2.008602006E0,1.546250000E2
2.011226006E0,1.546250000E2
2.013851006E0,1.546250000E2
2.016475006E0,1.546250000E2
2.019100006E0,1.546250000E2
2.021724006E0,1.546250000E2
2.024349006E0,1.546250000E2
2.026973006E0,1.546250000E2
2.029598006E0,1.546250000E2
2.032222006E0,1.546250000E2
2.034847006E0,1.546250000E2
2.037471006E0,1.546250000E2
2.040096006E0,1.546250000E2
2.042721006E0,1.546250000E2
2.045345006E0,1.546250000E2
2.047970006E0,1.546250000E2
2.050594006E0,1.546250000E2
2.053219006E0,1.546250000E2
2.055843006E0,1.546250000E2
2.058468006E0,1.546250000E2
2.061092006E0,1.546250000E2
2.063717006E0,1.546250000E2
2.066341006E0,1.546250000E2
2.068966006E0,1.546250000E2
2.071590006E0,1.546250000E2
2.074215006E0,1.546250000E2
2.076839006E0,1.546250000E2
2.079464006E0,1.546250000E2
2.082088006E0,1.546250000E2
2.084713006E0,1.546250000E2
2.087337006E0,1.546250000E2
2.089962006E0,1.546250000E2
2.092586006E0,1.546250000E2
2.095211006E0,1.546250000E2
2.097835006E0,1.546250000E2
2.100460006E0,1.546250000E2
2.103084006E0,1.546250000E2
2.105709006E0,1.546250000E2
2.108333006E0,1.546250000E2
2.110958006E0,1.546250000E2
2.113582006E0,1.546250000E2
2.116207006E0,1.546250000E2
2.118831006E0,1.546250000E2
2.121456006E0,1.546250000E2
2.124080006E0,1.546250000E2
2.126705006E0,1.546250000E2
2.129329006E0,1.546250000E2
2.131954006E0,1.546250000E2
2.134578006E0,1.546250000E2
2.137203006E0,1.546250000E2
2.139827006E0,1.546250000E2
2.142452006E0,1.546250000E2
2.145076006E0,1.546250000E2
2.147701006E0,1.546250000E2
2.150325006E0,1.546250000E2
2.152950006E0,1.546250000E2
2.155575006E0,1.546250000E2
2.158199006E0,1.546250000E2
2.160824006E0,1.546250000E2
2.163448006E0,1.546250000E2
2.166073006E0,1.546250000E2
2.168697006E0,1.546250000E2
2.171322006E0,1.546250000E2
2.173946006E0,1.546250000E2
2.176571006E0,1.546250000E2
2.179195006E0,1.546250000E2
2.181820006E0,1.546250000E2
2.184444006E0,1.546250000E2
2.187069006E0,1.546250000E2
2.189693006E0,1.546250000E2
2.192318006E0,1.546250000E2
2.194942006E0,1.546250000E2
2.197567006E0,1.546250000E2
2.200191006E0,1.546250000E2
2.202816006E0,1.546250000E2
2.205440006E0,1.546250000E2
2.208065006E0,1.546250000E2
2.210689006E0,1.546250000E2
2.213314006E0,1.546250000E2
2.215938006E0,1.546250000E2
2.218563006E0,1.546250000E2
2.221187006E0,1.546250000E2
2.223812006E0,1.546250000E2
2.226436006E0,1.546250000E2
2.229061006E0,1.546250000E2
2.231685006E0,1.546250000E2
2.234310006E0,1.546250000E2
2.236934006E0,1.546250000E2
2.239559006E0,1.546250000E2
2.242183006E0,1.546250000E2
2.244808006E0,1.546250000E2
2.247432006E0,1.546250000E2
2.250057006E0,1.546250000E2
2.252681006E0,1.546250000E2
2.255306006E0,1.546250000E2
2.257930006E0,1.546250000E2
2.260555006E0,1.546250000E2
2.263179006E0,1.546250000E2
2.265804006E0,1.546250000E2
2.268429006E0,1.546250000E2
2.271053006E0,1.546250000E2
2.273678006E0,1.546250000E2
2.276302006E0,1.546250000E2
2.278927006E0,1.546250000E2
2.281551006E0,1.546250000E2
2.284176006E0,1.546250000E2
2.286800006E0,1.546250000E2
2.289425006E0,1.546250000E2
2.292049006E0,1.546250000E2
2.294674006E0,1.546250000E2
2.297298006E0,1.546250000E2
2.299923006E0,1.546250000E2
2.302547006E0,1.546250000E2
2.305172006E0,1.546250000E2
2.307796006E0,1.546250000E2
2.310421006E0,1.546250000E2
2.313045006E0,1.546250000E2
2.315670006E0,1.546250000E2
2.318294006E0,1.546250000E2
2.320919006E0,1.546250000E2
2.323543006E0,1.546250000E2
2.326168006E0,1.546250000E2
2.328792006E0,1.546250000E2
2.331417006E0,1.546250000E2
2.334041006E0,1.546250000E2
2.336666006E0,1.546250000E2
2.339290006E0,1.546250000E2
2.341915006E0,1.546250000E2
2.344539006E0,1.546250000E2
2.347164006E0,1.546250000E2
2.349788006E0,1.546250000E2
2.352413006E0,1.546250000E2
2.355037006E0,1.546250000E2
2.357662006E0,1.546250000E2
2.360286006E0,1.546250000E2
2.362911006E0,1.546250000E2
2.365535006E0,1.546250000E2
2.368160006E0,1.546250000E2
2.370784006E0,1.546250000E2
2.373409006E0,1.546250000E2
2.376034006E0,1.546250000E2
2.378658006E0,1.546250000E2
2.381283006E0,1.546250000E2
2.383907006E0,1.546250000E2
2.386532006E0,1.546250000E2
2.389156006E0,1.546250000E2
2.391781006E0,1.546250000E2
2.394405006E0,1.546250000E2
2.397030006E0,1.546250000E2
2.399654006E0,1.546250000E2
2.402279006E0,1.546250000E2
2.404903006E0,1.546250000E2
2.407528006E0,1.546250000E2
2.410152006E0,1.546250000E2
2.412777006E0,1.546250000E2
2.415401006E0,1.546250000E2
2.418026006E0,1.546250000E2
2.420650006E0,1.546250000E2
2.423275006E0,1.546250000E2
2.425899006E0,1.546250000E2
2.428524006E0,1.546250000E2
2.431148006E0,1.546250000E2
2.433773006E0,1.546250000E2
2.436397006E0,1.546250000E2
2.439022006E0,1.546250000E2
2.441646006E0,1.546250000E2
2.444271006E0,1.546250000E2
2.446895006E0,1.546250000E2
2.449520006E0,1.546250000E2
2.452144006E0,1.546250000E2
2.454769006E0,1.546250000E2
2.457393006E0,1.546250000E2
2.460018006E0,1.546250000E2
2.462642006E0,1.546250000E2
2.465267006E0,1.546250000E2
2.467891006E0,1.546250000E2
2.470516006E0,1.546250000E2
2.473140006E0,1.546250000E2
2.475765006E0,1.546250000E2
2.478389006E0,1.546250000E2
2.481014006E0,1.546250000E2
2.483638006E0,1.546250000E2
2.486263006E0,1.546250000E2
2.488888006E0,1.546250000E2
2.491512006E0,1.546250000E2
2.494137006E0,1.546250000E2
2.496761006E0,1.546250000E2
2.499386006E0,1.546250000E2
2.502010006E0,1.546250000E2
2.504635006E0,1.546250000E2
2.507259006E0,1.546250000E2
2.509884006E0,1.546250000E2
2.512508006E0,1.546250000E2
2.515133006E0,1.546250000E2
2.517757006E0,1.546250000E2
2.520382006E0,1.546250000E2
2.523006006E0,1.546250000E2
2.525631006E0,1.546250000E2
2.528255006E0,1.546250000E2
2.530880006E0,1.546250000E2
2.533504006E0,1.546250000E2
2.536129006E0,1.546250000E2
2.538753006E0,1.546250000E2
2.541378006E0,1.546250000E2
2.544002006E0,1.546250000E2
2.546627006E0,1.546250000E2
2.549251006E0,1.546250000E2
2.551876006E0,1.546250000E2
2.554500006E0,1.546250000E2
2.557125006E0,1.546250000E2
2.559749006E0,1.546250000E2
2.562374006E0,1.546250000E2
2.564998006E0,1.546250000E2
2.567623006E0,1.546250000E2
2.570247006E0,1.546250000E2
2.572872006E0,1.546250000E2
2.575496006E0,1.546250000E2
2.578121006E0,1.546250000E2
2.580745006E0,1.546250000E2
2.583370006E0,1.546250000E2
2.585994006E0,1.546250000E2
2.588619006E0,1.546250000E2
2.591243006E0,1.546250000E2
2.593868006E0,1.546250000E2
2.596492006E0,1.546250000E2
2.599117006E0,1.546250000E2
2.601742006E0,1.546250000E2
2.604366006E0,1.546250000E2
2.606991006E0,1.546250000E2
2.609615006E0,1.546250000E2
2.612240006E0,1.546250000E2
2.614864006E0,1.546250000E2
2.617489006E0,1.546250000E2
2.620113006E0,1.546250000E2
2.622738006E0,1.546250000E2
2.625362006E0,1.546250000E2
2.627987006E0,1.546250000E2
2.630611006E0,1.546250000E2
2.633236006E0,1.546250000E2
2.635860006E0,1.546250000E2
2.638485006E0,1.546250000E2
2.641109006E0,1.546250000E2
2.643734006E0,1.546250000E2
2.646358006E0,1.546250000E2
2.648983006E0,1.546250000E2
2.651607006E0,1.546250000E2
2.654232006E0,1.546250000E2
2.656856006E0,1.546250000E2
2.659481006E0,1.546250000E2
2.662105006E0,1.546250000E2
2.664730006E0,1.546250000E2
2.667354006E0,1.546250000E2
2.669979006E0,1.546250000E2
2.672603006E0,1.546250000E2
2.675228006E0,1.546250000E2
2.677852006E0,1.546250000E2
2.680477006E0,1.546250000E2
2.683101006E0,1.546250000E2
2.685726006E0,1.546250000E2
2.688350006E0,1.546250000E2
2.690975006E0,1.546250000E2
2.693599006E0,1.546250000E2
2.696224006E0,1.546250000E2
2.698848006E0,1.546250000E2
2.701473006E0,1.546250000E2
2.704097006E0,1.546250000E2
2.706722006E0,1.546250000E2
2.709346006E0,1.546250000E2
2.711971006E0,1.546250000E2
2.714596006E0,1.546250000E2
2.717220006E0,1.546250000E2
2.719845006E0,1.546250000E2
2.722469006E0,1.546250000E2
2.725094006E0,1.546250000E2
2.727718006E0,1.546250000E2
2.730343006E0,1.546250000E2
2.732967006E0,1.546250000E2
2.735592006E0,1.546250000E2
2.738216006E0,1.546250000E2
2.740841006E0,1.546250000E2
2.743465006E0,1.546250000E2
2.746090006E0,1.546250000E2
2.748714006E0,1.546250000E2
2.751339006E0,1.546250000E2
2.753963006E0,1.546250000E2
2.756588006E0,1.546250000E2
2.759212006E0,1.546250000E2
2.761837006E0,1.546250000E2
2.764461006E0,1.546250000E2
2.767086006E0,1.546250000E2
2.769710006E0,1.546250000E2
2.772335006E0,1.546250000E2
2.774959006E0,1.546250000E2
2.777584006E0,1.546250000E2
2.780208006E0,1.546250000E2
2.782833006E0,1.546250000E2
2.785457006E0,1.546250000E2
2.788082006E0,1.546250000E2
2.790706006E0,1.546250000E2
2.793331006E0,1.546250000E2
2.795955006E0,1.546250000E2
2.798580006E0,1.546250000E2
2.801204006E0,1.546250000E2
2.803829006E0,1.546250000E2
2.806453006E0,1.546250000E2
2.809078006E0,1.546250000E2
2.811702006E0,1.546250000E2
2.814327006E0,1.546250000E2
2.816951006E0,1.546250000E2
2.819576006E0,1.546250000E2
2.822200006E0,1.546250000E2
2.824825006E0,1.546250000E2
2.827450006E0,1.546250000E2
2.830074006E0,1.546250000E2
2.832699006E0,1.546250000E2
2.835323006E0,1.546250000E2
2.837948006E0,1.546250000E2
2.840572006E0,1.546250000E2
2.843197006E0,1.546250000E2
2.845821006E0,1.546250000E2
2.848446006E0,1.546250000E2
2.851070006E0,1.546250000E2
2.853695006E0,1.546250000E2
2.856319006E0,1.546250000E2
2.858944006E0,1.546250000E2
2.861568006E0,1.546250000E2
2.864193006E0,1.546250000E2
2.866817006E0,1.546250000E2
2.869442006E0,1.546250000E2
2.872066006E0,1.546250000E2
2.874691006E0,1.546250000E2
2.877315006E0,1.546250000E2
2.879940006E0,1.546250000E2
2.882564006E0,1.546250000E2
2.885189006E0,1.546250000E2
2.887813006E0,1.546250000E2
2.890438006E0,1.546250000E2
2.893062006E0,1.546250000E2
2.895687006E0,1.546250000E2
2.898311006E0,1.546250000E2
2.900936006E0,1.546250000E2
2.903560006E0,1.546250000E2
2.906185006E0,1.546250000E2
2.908809006E0,1.546250000E2
2.911434006E0,1.546250000E2
2.914058006E0,1.546250000E2
2.916683006E0,1.546250000E2
2.919307006E0,1.546250000E2
2.921932006E0,1.546250000E2
2.924556006E0,1.546250000E2
2.927181006E0,1.546250000E2
2.929805006E0,1.546250000E2
2.932430006E0,1.546250000E2
2.935054006E0,1.546250000E2
2.937679006E0,1.546250000E2
2.940304006E0,1.546250000E2
2.942928006E0,1.546250000E2
2.945553006E0,1.546250000E2
2.948177006E0,1.546250000E2
2.950802006E0,1.546250000E2
2.953426006E0,1.546250000E2
2.956051006E0,1.546250000E2
2.958675006E0,1.546250000E2
2.961300006E0,1.546250000E2
2.963924006E0,1.546250000E2
2.966549006E0,1.546250000E2
2.969173006E0,1.546250000E2
2.971798006E0,1.546250000E2
2.974422006E0,1.546250000E2
2.977047006E0,1.546250000E2
2.979671006E0,1.546250000E2
2.982296006E0,1.546250000E2
2.984920006E0,1.546250000E2
2.987545006E0,1.546250000E2
2.990169006E0,1.546250000E2
2.992794006E0,1.546250000E2
2.995418006E0,1.546250000E2
2.998043006E0,1.546250000E2
3.000667006E0,1.546250000E2
3.003292006E0,1.546250000E2
3.005916006E0,1.546250000E2
3.008541006E0,1.546250000E2
3.011165006E0,1.546250000E2
3.013790006E0,1.546250000E2
3.016414006E0,1.546250000E2
3.019039006E0,1.546250000E2
3.021663006E0,1.546250000E2
3.024288006E0,1.546250000E2
3.026912006E0,1.546250000E2
3.029537006E0,1.546250000E2
3.032161006E0,1.546250000E2
3.034786006E0,1.546250000E2
3.037410006E0,1.546250000E2
3.040035006E0,1.546250000E2
3.042659006E0,1.546250000E2
3.045284006E0,1.546250000E2
3.047909006E0,1.546250000E2
3.050533006E0,1.546250000E2
3.053158006E0,1.546250000E2
3.055782006E0,1.546250000E2
3.058407006E0,1.546250000E2
3.061031006E0,1.546250000E2
3.063656006E0,1.546250000E2
3.066280006E0,1.546250000E2
3.068905006E0,1.546250000E2
3.071529006E0,1.546250000E2
3.074154006E0,1.546250000E2
3.076778006E0,1.546250000E2
3.079403006E0,1.546250000E2
3.082027006E0,1.546250000E2
3.084652006E0,1.546250000E2
3.087276006E0,1.546250000E2
3.089901006E0,1.546250000E2
3.092525006E0,1.546250000E2
3.095150006E0,1.546250000E2
3.097774006E0,1.546250000E2
3.100399006E0,1.546250000E2
3.103023006E0,1.546250000E2
3.105648006E0,1.546250000E2
3.108272006E0,1.546250000E2
3.110897006E0,1.546250000E2
3.113521006E0,1.546250000E2
3.116146006E0,1.546250000E2
3.118770006E0,1.546250000E2
3.121395006E0,1.546250000E2
3.124019006E0,1.546250000E2
3.126644006E0,1.546250000E2
3.129268006E0,1.546250000E2
3.131893006E0,1.546250000E2
3.134517006E0,1.546250000E2
3.137142006E0,1.546250000E2
3.139766006E0,1.546250000E2
3.142391006E0,1.546250000E2
3.145015006E0,1.546250000E2
3.147640006E0,1.546250000E2
3.150264006E0,1.546250000E2
3.152889006E0,1.546250000E2
3.155513006E0,1.546250000E2
3.158138006E0,1.546250000E2
3.160763006E0,1.546250000E2
3.163387006E0,1.546250000E2
3.166012006E0,1.546250000E2
3.168636006E0,1.546250000E2
3.171261006E0,1.546250000E2
3.173885006E0,1.546250000E2
3.176510006E0,1.546250000E2
3.179134006E0,1.546250000E2
3.181759006E0,1.546250000E2
3.184383006E0,1.546250000E2
3.187008006E0,1.546250000E2
3.189632006E0,1.546250000E2
3.192257006E0,1.546250000E2
3.194881006E0,1.546250000E2
3.197506006E0,1.546250000E2
3.200130006E0,1.546250000E2
3.202755006E0,1.546250000E2
3.205379006E0,1.546250000E2
3.208004006E0,1.546250000E2
3.210628006E0,1.546250000E2
3.213253006E0,1.546250000E2
3.215877006E0,1.546250000E2
3.218502006E0,1.546250000E2
3.221126006E0,1.546250000E2
3.223751006E0,1.546250000E2
3.226375006E0,1.546250000E2
3.229000006E0,1.546250000E2
3.231624006E0,1.546250000E2
3.234249006E0,1.546250000E2
3.236873006E0,1.546250000E2
3.239498006E0,1.546250000E2
3.242122006E0,1.546250000E2
3.244747006E0,1.546250000E2
3.247371006E0,1.546250000E2
3.249996006E0,1.546250000E2
3.252620006E0,1.546250000E2
3.255245006E0,1.546250000E2
3.257869006E0,1.546250000E2
3.260494006E0,1.546250000E2
3.263118006E0,1.546250000E2
3.265743006E0,1.546250000E2
3.268367006E0,1.546250000E2
3.270992006E0,1.546250000E2
3.273617006E0,1.546250000E2
3.276241006E0,1.546250000E2
3.278866006E0,1.546250000E2
3.281490006E0,1.546250000E2
3.284115006E0,1.546250000E2
3.286739006E0,1.546250000E2
3.289364006E0,1.546250000E2
3.291988006E0,1.546250000E2
3.294613006E0,1.546250000E2
3.297237006E0,1.546250000E2
3.299862006E0,1.546250000E2
3.302486006E0,1.546250000E2
3.305111006E0,1.546250000E2
3.307735006E0,1.546250000E2
3.310360006E0,1.546250000E2
3.312984006E0,1.546250000E2
3.315609006E0,1.546250000E2
3.318233006E0,1.546250000E2
3.320858006E0,1.546250000E2
3.323482006E0,1.546250000E2
3.326107006E0,1.546250000E2
3.328731006E0,1.546250000E2
3.331356006E0,1.546250000E2
3.333980006E0,1.546250000E2
3.336605006E0,1.546250000E2
3.339229006E0,1.546250000E2
3.341854006E0,1.546250000E2
3.344478006E0,1.546250000E2
3.347103006E0,1.546250000E2
3.349727006E0,1.546250000E2
3.352352006E0,1.546250000E2
3.354976006E0,1.546250000E2
3.357601006E0,1.546250000E2
3.360225006E0,1.546250000E2
3.362850006E0,1.546250000E2
3.365474006E0,1.546250000E2
3.368099006E0,1.546250000E2
3.370723006E0,1.546250000E2
3.373348006E0,1.546250000E2
3.375972006E0,1.546250000E2
3.378597006E0,1.546250000E2
3.381221006E0,1.546250000E2
3.383846006E0,1.546250000E2
3.386471006E0,1.546250000E2
3.389095006E0,1.546250000E2
3.391720006E0,1.546250000E2
3.394344006E0,1.546250000E2
3.396969006E0,1.546250000E2
3.399593006E0,1.546250000E2
3.402218006E0,1.546250000E2
3.404842006E0,1.546250000E2
3.407467006E0,1.546250000E2
3.410091006E0,1.546250000E2
3.412716006E0,1.546250000E2
3.415340006E0,1.546250000E2
3.417965006E0,1.611250000E2
3.420589006E0,1.611250000E2
3.423214006E0,1.611250000E2
3.425838006E0,1.611250000E2
3.428463006E0,1.611250000E2
3.431087006E0,1.611250000E2
3.433712006E0,1.611250000E2
3.436336006E0,1.611250000E2
3.438961006E0,1.611250000E2
3.441585006E0,1.611250000E2
3.444210006E0,1.546250000E2
3.446834006E0,1.546250000E2
3.449459006E0,1.546250000E2
3.452083006E0,1.546250000E2
3.454708006E0,1.546250000E2
3.457332006E0,1.546250000E2
3.459957006E0,1.546250000E2
3.462581006E0,1.546250000E2
3.465206006E0,1.546250000E2
3.467830006E0,1.546250000E2
3.470455006E0,1.546250000E2
3.473079006E0,1.546250000E2
3.475704006E0,1.546250000E2
3.478328006E0,1.546250000E2
3.480953006E0,1.546250000E2
3.483577006E0,1.546250000E2
3.486202006E0,1.546250000E2
3.488826006E0,1.546250000E2
3.491451006E0,1.546250000E2
3.494075006E0,1.546250000E2
3.496700006E0,1.546250000E2
3.499325006E0,1.546250000E2
3.501949006E0,1.546250000E2
3.504574006E0,1.546250000E2
3.507198006E0,1.546250000E2
3.509823006E0,1.546250000E2
3.512447006E0,1.546250000E2
3.515072006E0,1.546250000E2
3.517696006E0,1.546250000E2
3.520321006E0,1.546250000E2
3.522945006E0,1.546250000E2
3.525570006E0,1.546250000E2
3.528194006E0,1.546250000E2
3.530819006E0,1.546250000E2
3.533443006E0,1.546250000E2
3.536068006E0,1.546250000E2
3.538692006E0,1.546250000E2
3.541317006E0,1.546250000E2
3.543941006E0,1.546250000E2
3.546566006E0,1.546250000E2
3.549190006E0,1.546250000E2
3.551815006E0,1.546250000E2
3.554439006E0,1.546250000E2
3.557064006E0,1.546250000E2
3.559688006E0,1.546250000E2
3.562313006E0,1.546250000E2
3.564937006E0,1.546250000E2
3.567562006E0,1.546250000E2
3.570186006E0,1.546250000E2
3.572811006E0,1.546250000E2
3.575435006E0,1.546250000E2
3.578060006E0,1.546250000E2
3.580684006E0,1.546250000E2
3.583309006E0,1.546250000E2
3.585933006E0,1.546250000E2
3.588558006E0,1.546250000E2
3.591182006E0,1.546250000E2
3.593807006E0,1.546250000E2
3.596431006E0,1.546250000E2
3.599056006E0,1.546250000E2
3.601680006E0,1.546250000E2
3.604305006E0,1.546250000E2
3.606929006E0,1.546250000E2
3.609554006E0,1.546250000E2
3.612179006E0,1.546250000E2
3.614803006E0,1.546250000E2
3.617428006E0,1.546250000E2
3.620052006E0,1.546250000E2
3.622677006E0,1.546250000E2
3.625301006E0,1.546250000E2
3.627926006E0,1.546250000E2
3.630550006E0,1.546250000E2
3.633175006E0,1.546250000E2
3.635799006E0,1.546250000E2
3.638424006E0,1.546250000E2
3.641048006E0,1.546250000E2
3.643673006E0,1.546250000E2
3.646297006E0,1.546250000E2
3.648922006E0,1.546250000E2
3.651546006E0,1.546250000E2
3.654171006E0,1.546250000E2
3.656795006E0,1.546250000E2
3.659420006E0,1.546250000E2
3.662044006E0,1.546250000E2
3.664669006E0,1.546250000E2
3.667293006E0,1.546250000E2
3.669918006E0,1.546250000E2
3.672542006E0,1.546250000E2
3.675167006E0,1.546250000E2
3.677791006E0,1.546250000E2
3.680416006E0,1.546250000E2
3.683040006E0,1.546250000E2
3.685665006E0,1.546250000E2
3.688289006E0,1.546250000E2
3.690914006E0,1.546250000E2
3.693538006E0,1.546250000E2
3.696163006E0,1.546250000E2
3.698787006E0,1.546250000E2
3.701412006E0,1.546250000E2
3.704036006E0,1.546250000E2
3.706661006E0,1.546250000E2
3.709285006E0,1.546250000E2
3.711910006E0,1.546250000E2
3.714534006E0,1.546250000E2
3.717159006E0,1.546250000E2
3.719784006E0,1.546250000E2
3.722408006E0,1.546250000E2
3.725033006E0,1.546250000E2
3.727657006E0,1.546250000E2
3.730282006E0,1.546250000E2
3.732906006E0,1.546250000E2
3.735531006E0,1.546250000E2
3.738155006E0,1.546250000E2
3.740780006E0,1.546250000E2
3.743404006E0,1.546250000E2
3.746029006E0,1.546250000E2
3.748653006E0,1.546250000E2
3.751278006E0,1.546250000E2
3.753902006E0,1.546250000E2
3.756527006E0,1.546250000E2
3.759151006E0,1.546250000E2
3.761776006E0,1.546250000E2
3.764400006E0,1.546250000E2
3.767025006E0,1.546250000E2
3.769649006E0,1.546250000E2
3.772274006E0,1.546250000E2
3.774898006E0,1.546250000E2
3.777523006E0,1.546250000E2
3.780147006E0,1.546250000E2
3.782772006E0,1.546250000E2
3.785396006E0,1.546250000E2
3.788021006E0,1.546250000E2
3.790645006E0,1.546250000E2
3.793270006E0,1.546250000E2
3.795894006E0,1.546250000E2
3.798519006E0,1.546250000E2
3.801143006E0,1.546250000E2
3.803768006E0,1.546250000E2
3.806392006E0,1.546250000E2
3.809017006E0,1.546250000E2
3.811641006E0,1.546250000E2
3.814266006E0,1.546250000E2
3.816890006E0,1.546250000E2
3.819515006E0,1.546250000E2
3.822139006E0,1.546250000E2
3.824764006E0,1.546250000E2
3.827388006E0,1.546250000E2
3.830013006E0,1.546250000E2
3.832638006E0,1.546250000E2
3.835262006E0,1.546250000E2
3.837887006E0,1.546250000E2
3.840511006E0,1.546250000E2
3.843136006E0,1.546250000E2
3.845760006E0,1.546250000E2
3.848385006E0,1.546250000E2
3.851009006E0,1.546250000E2
3.853634006E0,1.546250000E2
3.856258006E0,1.546250000E2
3.858883006E0,1.546250000E2
3.861507006E0,1.546250000E2
3.864132006E0,1.546250000E2
3.866756006E0,1.546250000E2
3.869381006E0,1.546250000E2
3.872005006E0,1.546250000E2
3.874630006E0,1.546250000E2
3.877254006E0,1.546250000E2
3.879879006E0,1.546250000E2
3.882503006E0,1.546250000E2
3.885128006E0,1.546250000E2
3.887752006E0,1.546250000E2
3.890377006E0,1.546250000E2
3.893001006E0,1.546250000E2
3.895626006E0,1.546250000E2
3.898250006E0,1.546250000E2
3.900875006E0,1.546250000E2
3.903499006E0,1.546250000E2
3.906124006E0,1.546250000E2
3.908748006E0,1.546250000E2
3.911373006E0,1.546250000E2
3.913997006E0,1.546250000E2
3.916622006E0,1.546250000E2
3.919246006E0,1.546250000E2
3.921871006E0,1.546250000E2
3.924495006E0,1.546250000E2
3.927120006E0,1.546250000E2
3.929744006E0,1.546250000E2
3.932369006E0,1.546250000E2
3.934993006E0,1.546250000E2
3.937618006E0,1.546250000E2
3.940242006E0,1.546250000E2
3.942867006E0,1.546250000E2
3.945492006E0,1.546250000E2
3.948116006E0,1.546250000E2
3.950741006E0,1.546250000E2
3.953365006E0,1.546250000E2
3.955990006E0,1.546250000E2
3.958614006E0,1.546250000E2
3.961239006E0,1.546250000E2
3.963863006E0,1.546250000E2
3.966488006E0,1.546250000E2
3.969112006E0,1.546250000E2
3.971737006E0,1.546250000E2
3.974361006E0,1.546250000E2
3.976986006E0,1.546250000E2
3.979610006E0,1.546250000E2
3.982235006E0,1.546250000E2
3.984859006E0,1.546250000E2
3.987484006E0,1.546250000E2
3.990108006E0,1.546250000E2
3.992733006E0,1.546250000E2
3.995357006E0,1.546250000E2
3.997982006E0,1.546250000E2
4.000606006E0,1.546250000E2
4.003231006E0,1.546250000E2
4.005855006E0,1.546250000E2
4.008480006E0,1.546250000E2
4.011104006E0,1.546250000E2
4.013729006E0,1.546250000E2
4.016353006E0,1.546250000E2
4.018978006E0,1.546250000E2
4.021602006E0,1.546250000E2
4.024227006E0,1.546250000E2
4.026851006E0,1.546250000E2
4.029476006E0,1.546250000E2
4.032100006E0,1.546250000E2
4.034725006E0,1.546250000E2
4.037349006E0,1.546250000E2
4.039974006E0,1.546250000E2
4.042598006E0,1.546250000E2
4.045223006E0,1.546250000E2
4.047847006E0,1.546250000E2
4.050472006E0,1.546250000E2
4.053096006E0,1.546250000E2
4.055721006E0,1.546250000E2
4.058346006E0,1.546250000E2
4.060970006E0,1.546250000E2
4.063595006E0,1.546250000E2
4.066219006E0,1.546250000E2
4.068844006E0,1.546250000E2
4.071468006E0,1.546250000E2
4.074093006E0,1.546250000E2
4.076717006E0,1.546250000E2
4.079342006E0,1.546250000E2
4.081966006E0,1.546250000E2
4.084591006E0,1.546250000E2
4.087215006E0,1.546250000E2
4.089840006E0,1.546250000E2
4.092464006E0,1.546250000E2
4.095089006E0,1.546250000E2
4.097713006E0,1.546250000E2
4.100338006E0,1.546250000E2
4.102962006E0,1.546250000E2
4.105587006E0,1.546250000E2
4.108211006E0,1.546250000E2
4.110836006E0,1.546250000E2
4.113460006E0,1.546250000E2
4.116085006E0,1.546250000E2
4.118709006E0,1.546250000E2
4.121334006E0,1.546250000E2
4.123958006E0,1.546250000E2
4.126583006E0,1.546250000E2
4.129207006E0,1.546250000E2
4.131832006E0,1.546250000E2
4.134456006E0,1.546250000E2
4.137081006E0,1.546250000E2
4.139705006E0,1.546250000E2
4.142330006E0,1.546250000E2
4.144954006E0,1.546250000E2
4.147579006E0,1.546250000E2
4.150203006E0,1.546250000E2
4.152828006E0,1.546250000E2
4.155452006E0,1.546250000E2
4.158077006E0,1.546250000E2
4.160701006E0,1.546250000E2
4.163326006E0,1.546250000E2
4.165950006E0,1.546250000E2
4.168575006E0,1.546250000E2
4.171200006E0,1.546250000E2
4.173824006E0,1.546250000E2
4.176449006E0,1.546250000E2
4.179073006E0,1.546250000E2
4.181698006E0,1.546250000E2
4.184322006E0,1.546250000E2
4.186947006E0,1.546250000E2
4.189571006E0,1.546250000E2
4.192196006E0,1.546250000E2
4.194820006E0,1.546250000E2
4.197445006E0,1.546250000E2
4.200069006E0,1.546250000E2
4.202694006E0,1.546250000E2
4.205318006E0,1.546250000E2
4.207943006E0,1.546250000E2
4.210567006E0,1.546250000E2
4.213192006E0,1.546250000E2
4.215816006E0,1.546250000E2
4.218441006E0,1.546250000E2
4.221065006E0,1.546250000E2
4.223690006E0,1.546250000E2
4.226314006E0,1.546250000E2
4.228939006E0,1.546250000E2
4.231563006E0,1.546250000E2
4.234188006E0,1.546250000E2
4.236812006E0,1.546250000E2
4.239437006E0,1.546250000E2
4.242061006E0,1.546250000E2
4.244686006E0,1.546250000E2
4.247310006E0,1.546250000E2
4.249935006E0,1.546250000E2
4.252559006E0,1.546250000E2
4.255184006E0,1.546250000E2
4.257808006E0,1.546250000E2
4.260433006E0,1.546250000E2
4.263057006E0,1.546250000E2
4.265682006E0,1.546250000E2
4.268306006E0,1.546250000E2
4.270931006E0,1.546250000E2
4.273555006E0,1.546250000E2
4.276180006E0,1.546250000E2
4.278804006E0,1.546250000E2
4.281429006E0,1.546250000E2
4.284054006E0,1.546250000E2
4.286678006E0,1.546250000E2
4.289303006E0,1.546250000E2
4.291927006E0,1.546250000E2
4.294552006E0,1.546250000E2
4.297176006E0,1.546250000E2
4.299801006E0,1.546250000E2
4.302425006E0,1.546250000E2
4.305050006E0,1.546250000E2
4.307674006E0,1.546250000E2
4.310299006E0,1.546250000E2
4.312923006E0,1.546250000E2
4.315548006E0,1.546250000E2
4.318172006E0,1.546250000E2
4.320797006E0,1.546250000E2
4.323421006E0,1.546250000E2
4.326046006E0,1.546250000E2
4.328670006E0,1.546250000E2
4.331295006E0,1.546250000E2
4.333919006E0,1.546250000E2
4.336544006E0,1.546250000E2
4.339168006E0,1.546250000E2
4.341793006E0,1.546250000E2
4.344417006E0,1.546250000E2
4.347042006E0,1.546250000E2
4.349666006E0,1.546250000E2
4.352291006E0,1.546250000E2
4.354915006E0,1.546250000E2
4.357540006E0,1.546250000E2
4.360164006E0,1.546250000E2
4.362789006E0,1.546250000E2
4.365413006E0,1.546250000E2
4.368038006E0,1.546250000E2
4.370662006E0,1.546250000E2
4.373287006E0,1.546250000E2
4.375911006E0,1.546250000E2
4.378536006E0,1.546250000E2
4.381160006E0,1.546250000E2
4.383785006E0,1.546250000E2
4.386409006E0,1.546250000E2
4.389034006E0,1.546250000E2
4.391659006E0,1.546250000E2
4.394283006E0,1.546250000E2
4.396908006E0,1.546250000E2
4.399532006E0,1.546250000E2
4.402157006E0,1.546250000E2
4.404781006E0,1.546250000E2
4.407406006E0,1.546250000E2
4.410030006E0,1.546250000E2
4.412655006E0,1.546250000E2
4.415279006E0,1.546250000E2
4.417904006E0,1.546250000E2
4.420528006E0,1.546250000E2
4.423153006E0,1.546250000E2
4.425777006E0,1.546250000E2
4.428402006E0,1.546250000E2
4.431026006E0,1.546250000E2
4.433651006E0,1.546250000E2
4.436275006E0,1.546250000E2
4.438900006E0,1.546250000E2
4.441524006E0,1.546250000E2
4.444149006E0,1.546250000E2
4.446773006E0,1.546250000E2
4.449398006E0,1.546250000E2
4.452022006E0,1.546250000E2
4.454647006E0,1.546250000E2
4.457271006E0,1.546250000E2
4.459896006E0,1.546250000E2
4.462520006E0,1.546250000E2
4.465145006E0,1.546250000E2
4.467769006E0,1.546250000E2
4.470394006E0,1.546250000E2
4.473018006E0,1.546250000E2
4.475643006E0,1.546250000E2
4.478267006E0,1.546250000E2
4.480892006E0,1.546250000E2
4.483516006E0,1.546250000E2
4.486141006E0,1.546250000E2
4.488765006E0,1.546250000E2
4.491390006E0,1.546250000E2
4.494014006E0,1.546250000E2
4.496639006E0,1.546250000E2
4.499263006E0,1.546250000E2
4.501888006E0,1.546250000E2
4.504513006E0,1.546250000E2
4.507137006E0,1.546250000E2
4.509762006E0,1.546250000E2
4.512386006E0,1.546250000E2
4.515011006E0,1.546250000E2
4.517635006E0,1.546250000E2
4.520260006E0,1.546250000E2
4.522884006E0,1.546250000E2
4.525509006E0,1.546250000E2
4.528133006E0,1.546250000E2
4.530758006E0,1.546250000E2
4.533382006E0,1.546250000E2
4.536007006E0,1.546250000E2
4.538631006E0,1.546250000E2
4.541256006E0,1.546250000E2
4.543880006E0,1.546250000E2
4.546505006E0,1.546250000E2
4.549129006E0,1.546250000E2
4.551754006E0,1.546250000E2
4.554378006E0,1.546250000E2
4.557003006E0,1.546250000E2
4.559627006E0,1.546250000E2
4.562252006E0,1.546250000E2
4.564876006E0,1.546250000E2
4.567501006E0,1.546250000E2
4.570125006E0,1.546250000E2
4.572750006E0,1.546250000E2
4.575374006E0,1.546250000E2
4.577999006E0,1.546250000E2
4.580623006E0,1.546250000E2
4.583248006E0,1.546250000E2
4.585872006E0,1.546250000E2
4.588497006E0,1.546250000E2
4.591121006E0,1.546250000E2
4.593746006E0,1.546250000E2
4.596370006E0,1.546250000E2
4.598995006E0,1.546250000E2
4.601619006E0,1.546250000E2
4.604244006E0,1.546250000E2
4.606868006E0,1.546250000E2
4.609493006E0,1.546250000E2
4.612117006E0,1.546250000E2
4.614742006E0,1.546250000E2
4.617367006E0,1.546250000E2
4.619991006E0,1.546250000E2
4.622616006E0,1.546250000E2
4.625240006E0,1.546250000E2
4.627865006E0,1.546250000E2
4.630489006E0,1.546250000E2
4.633114006E0,1.546250000E2
4.635738006E0,1.546250000E2
4.638363006E0,1.546250000E2
4.640987006E0,1.546250000E2
4.643612006E0,1.546250000E2
4.646236006E0,1.546250000E2
4.648861006E0,1.546250000E2
4.651485006E0,1.546250000E2
4.654110006E0,1.546250000E2
4.656734006E0,1.546250000E2
4.659359006E0,1.546250000E2
4.661983006E0,1.546250000E2
4.664608006E0,1.546250000E2
4.667232006E0,1.546250000E2
4.669857006E0,1.546250000E2
4.672481006E0,1.546250000E2
4.675106006E0,1.546250000E2
4.677730006E0,1.546250000E2
4.680355006E0,1.546250000E2
4.682979006E0,1.546250000E2
4.685604006E0,1.546250000E2
4.688228006E0,1.546250000E2
4.690853006E0,1.546250000E2
4.693477006E0,1.546250000E2
4.696102006E0,1.546250000E2
4.698726006E0,1.546250000E2
4.701351006E0,1.546250000E2
4.703975006E0,1.546250000E2
4.706600006E0,1.546250000E2
4.709224006E0,1.546250000E2
4.711849006E0,1.546250000E2
4.714473006E0,1.546250000E2
4.717098006E0,1.546250000E2
4.719722006E0,1.546250000E2
4.722347006E0,1.546250000E2
4.724971006E0,1.546250000E2
4.727596006E0,1.546250000E2
4.730221006E0,1.546250000E2
4.732845006E0,1.546250000E2
4.735470006E0,1.546250000E2
4.738094006E0,1.546250000E2
4.740719006E0,1.546250000E2
4.743343006E0,1.546250000E2
4.745968006E0,1.546250000E2
4.748592006E0,1.546250000E2
4.751217006E0,1.546250000E2
4.753841006E0,1.546250000E2
4.756466006E0,1.546250000E2
4.759090006E0,1.546250000E2
4.761715006E0,1.546250000E2
4.764339006E0,1.546250000E2
4.766964006E0,1.546250000E2
4.769588006E0,1.546250000E2
4.772213006E0,1.546250000E2
4.774837006E0,1.546250000E2
4.777462006E0,1.546250000E2
4.780086006E0,1.546250000E2
4.782711006E0,1.546250000E2
4.785335006E0,1.546250000E2
4.787960006E0,1.546250000E2
4.790584006E0,1.546250000E2
4.793209006E0,1.546250000E2
4.795833006E0,1.546250000E2
4.798458006E0,1.546250000E2
4.801082006E0,1.546250000E2
4.803707006E0,1.546250000E2
4.806331006E0,1.546250000E2
4.808956006E0,1.546250000E2
4.811580006E0,1.546250000E2
4.814205006E0,1.546250000E2
4.816829006E0,1.546250000E2
4.819454006E0,1.546250000E2
4.822078006E0,1.546250000E2
4.824703006E0,1.546250000E2
4.827327006E0,1.546250000E2
4.829952006E0,1.546250000E2
4.832576006E0,1.546250000E2
4.835201006E0,1.546250000E2
4.837825006E0,1.546250000E2
4.840450006E0,1.546250000E2
4.843075006E0,1.546250000E2
4.845699006E0,1.546250000E2
4.848324006E0,1.546250000E2
4.850948006E0,1.546250000E2
4.853573006E0,1.546250000E2
4.856197006E0,1.546250000E2
4.858822006E0,1.546250000E2
4.861446006E0,1.546250000E2
4.864071006E0,1.546250000E2
4.866695006E0,1.546250000E2
4.869320006E0,1.546250000E2
4.871944006E0,1.546250000E2
4.874569006E0,1.546250000E2
4.877193006E0,1.546250000E2
4.879818006E0,1.546250000E2
4.882442006E0,1.546250000E2
4.885067006E0,1.546250000E2
4.887691006E0,1.546250000E2
4.890316006E0,1.546250000E2
4.892940006E0,1.546250000E2
4.895565006E0,1.546250000E2
4.898189006E0,1.546250000E2
4.900814006E0,1.546250000E2
4.903438006E0,1.546250000E2
4.906063006E0,1.546250000E2
4.908687006E0,1.546250000E2
4.911312006E0,1.546250000E2
4.913936006E0,1.546250000E2
4.916561006E0,1.546250000E2
4.919185006E0,1.546250000E2
4.921810006E0,1.546250000E2
4.924434006E0,1.546250000E2
4.927059006E0,1.546250000E2
4.929683006E0,1.546250000E2
4.932308006E0,1.546250000E2
4.934932006E0,1.546250000E2
4.937557006E0,1.546250000E2
4.940181006E0,1.546250000E2
4.942806006E0,1.546250000E2
4.945430006E0,1.546250000E2
4.948055006E0,1.546250000E2
4.950679006E0,1.546250000E2
4.953304006E0,1.546250000E2
4.955929006E0,1.546250000E2
4.958553006E0,1.546250000E2
4.961178006E0,1.546250000E2
4.963802006E0,1.546250000E2
4.966427006E0,1.546250000E2
4.969051006E0,1.546250000E2
4.971676006E0,1.546250000E2
4.974300006E0,1.546250000E2
4.976925006E0,1.546250000E2
4.979549006E0,1.546250000E2
4.982174006E0,1.546250000E2
4.984798006E0,1.546250000E2
4.987423006E0,1.546250000E2
4.990047006E0,1.546250000E2
4.992672006E0,1.546250000E2
4.995296006E0,1.546250000E2
4.997921006E0,1.546250000E2
5.000545006E0,1.546250000E2
5.003170006E0,1.546250000E2
5.005794006E0,1.546250000E2
5.008419006E0,1.546250000E2
5.011043006E0,1.546250000E2
5.013668006E0,1.546250000E2
5.016292006E0,1.546250000E2
5.018917006E0,1.546250000E2
5.021541006E0,1.546250000E2
5.024166006E0,1.546250000E2
5.026790006E0,1.546250000E2
5.029415006E0,1.546250000E2
5.032039006E0,1.546250000E2
5.034664006E0,1.546250000E2
5.037288006E0,1.546250000E2
5.039913006E0,1.546250000E2
5.042537006E0,1.546250000E2
5.045162006E0,1.546250000E2
5.047786006E0,1.546250000E2
5.050411006E0,1.546250000E2
5.053035006E0,1.546250000E2
5.055660006E0,1.546250000E2
5.058284006E0,1.546250000E2
5.060909006E0,1.546250000E2
5.063534006E0,1.546250000E2
5.066158006E0,1.546250000E2
5.068783006E0,1.546250000E2
5.071407006E0,1.546250000E2
5.074032006E0,1.546250000E2
5.076656006E0,1.546250000E2
5.079281006E0,1.546250000E2
5.081905006E0,1.546250000E2
5.084530006E0,1.546250000E2
5.087154006E0,1.546250000E2
5.089779006E0,1.546250000E2
5.092403006E0,1.546250000E2
5.095028006E0,1.546250000E2
5.097652006E0,1.546250000E2
5.100277006E0,1.546250000E2
5.102901006E0,1.546250000E2
5.105526006E0,1.546250000E2
5.108150006E0,1.546250000E2
5.110775006E0,1.546250000E2
5.113399006E0,1.546250000E2
5.116024006E0,1.546250000E2
5.118648006E0,1.546250000E2
5.121273006E0,1.546250000E2
5.123897006E0,1.546250000E2
5.126522006E0,1.546250000E2
5.129146006E0,1.546250000E2
5.131771006E0,1.546250000E2
5.134395006E0,1.546250000E2
5.137020006E0,1.546250000E2
5.139644006E0,1.546250000E2
5.142269006E0,1.546250000E2
5.144893006E0,1.546250000E2
5.147518006E0,1.546250000E2
5.150142006E0,1.546250000E2
5.152767006E0,1.546250000E2
5.155391006E0,1.546250000E2
5.158016006E0,1.546250000E2
5.160640006E0,1.546250000E2
5.163265006E0,1.546250000E2
5.165889006E0,1.546250000E2
5.168514006E0,1.546250000E2
5.171138006E0,1.546250000E2
5.173763006E0,1.546250000E2
5.176388006E0,1.546250000E2
5.179012006E0,1.546250000E2
5.181637006E0,1.546250000E2
5.184261006E0,1.546250000E2
5.186886006E0,1.546250000E2
5.189510006E0,1.546250000E2
5.192135006E0,1.546250000E2
5.194759006E0,1.546250000E2
5.197384006E0,1.546250000E2
5.200008006E0,1.546250000E2
5.202633006E0,1.546250000E2
5.205257006E0,1.546250000E2
5.207882006E0,1.546250000E2
5.210506006E0,1.546250000E2
5.213131006E0,1.546250000E2
5.215755006E0,1.546250000E2
5.218380006E0,1.546250000E2
5.221004006E0,1.546250000E2
5.223629006E0,1.546250000E2
5.226253006E0,1.546250000E2
5.228878006E0,1.546250000E2
5.231502006E0,1.546250000E2
5.234127006E0,1.546250000E2
5.236751006E0,1.546250000E2
5.239376006E0,1.546250000E2
5.242000006E0,1.546250000E2
5.244625006E0,1.546250000E2
5.247249006E0,1.546250000E2
5.249874006E0,1.546250000E2
5.252498006E0,1.546250000E2
5.255123006E0,1.546250000E2
5.257747006E0,1.546250000E2
5.260372006E0,1.546250000E2
5.262996006E0,1.546250000E2
5.265621006E0,1.546250000E2
5.268245006E0,1.546250000E2
5.270870006E0,1.546250000E2
5.273494006E0,1.546250000E2
5.276119006E0,1.546250000E2
5.278743006E0,1.546250000E2
5.281368006E0,1.546250000E2
5.283992006E0,1.546250000E2
5.286617006E0,1.546250000E2
5.289242006E0,1.546250000E2
5.291866006E0,1.546250000E2
5.294491006E0,1.546250000E2
5.297115006E0,1.546250000E2
5.299740006E0,1.546250000E2
5.302364006E0,1.546250000E2
5.304989006E0,1.546250000E2
5.307613006E0,1.546250000E2
5.310238006E0,1.546250000E2
5.312862006E0,1.546250000E2
5.315487006E0,1.546250000E2
5.318111006E0,1.546250000E2
5.320736006E0,1.546250000E2
5.323360006E0,1.546250000E2
5.325985006E0,1.546250000E2
5.328609006E0,1.546250000E2
5.331234006E0,1.546250000E2
5.333858006E0,1.546250000E2
5.336483006E0,1.546250000E2
5.339107006E0,1.546250000E2
5.341732006E0,1.546250000E2
5.344356006E0,1.546250000E2
5.346981006E0,1.546250000E2
5.349605006E0,1.546250000E2
5.352230006E0,1.546250000E2
5.354854006E0,1.546250000E2
5.357479006E0,1.546250000E2
5.360103006E0,1.546250000E2
5.362728006E0,1.546250000E2
5.365352006E0,1.546250000E2
5.367977006E0,1.546250000E2
5.370601006E0,1.546250000E2
5.373226006E0,1.546250000E2
5.375850006E0,1.546250000E2
5.378475006E0,1.546250000E2
5.381099006E0,1.546250000E2
5.383724006E0,1.546250000E2
5.386348006E0,1.546250000E2
5.388973006E0,1.546250000E2
5.391597006E0,1.546250000E2
5.394222006E0,1.546250000E2
5.396846006E0,1.546250000E2
5.399471006E0,1.546250000E2
5.402096006E0,1.546250000E2
5.404720006E0,1.546250000E2
5.407345006E0,1.546250000E2
5.409969006E0,1.546250000E2
5.412594006E0,1.546250000E2
5.415218006E0,1.546250000E2
5.417843006E0,1.546250000E2
5.420467006E0,1.546250000E2
5.423092006E0,1.546250000E2
5.425716006E0,1.546250000E2
5.428341006E0,1.546250000E2
5.430965006E0,1.546250000E2
5.433590006E0,1.546250000E2
5.436214006E0,1.546250000E2
5.438839006E0,1.546250000E2
5.441463006E0,1.546250000E2
5.444088006E0,1.546250000E2
5.446712006E0,1.546250000E2
5.449337006E0,1.546250000E2
5.451961006E0,1.546250000E2
5.454586006E0,1.546250000E2
5.457210006E0,1.546250000E2
5.459835006E0,1.546250000E2
5.462459006E0,1.546250000E2
5.465084006E0,1.546250000E2
5.467708006E0,1.546250000E2
5.470333006E0,1.546250000E2
5.472957006E0,1.546250000E2
5.475582006E0,1.546250000E2
5.478206006E0,1.546250000E2
5.480831006E0,1.546250000E2
5.483455006E0,1.546250000E2
5.486080006E0,1.546250000E2
5.488704006E0,1.546250000E2
5.491329006E0,1.546250000E2
5.493953006E0,1.546250000E2
5.496578006E0,1.546250000E2
5.499202006E0,1.546250000E2
5.501827006E0,1.546250000E2
5.504451006E0,1.546250000E2
5.507076006E0,1.546250000E2
5.509700006E0,1.546250000E2
5.512325006E0,1.546250000E2
5.514950006E0,1.546250000E2
5.517574006E0,1.546250000E2
5.520199006E0,1.546250000E2
5.522823006E0,1.546250000E2
5.525448006E0,1.546250000E2
5.528072006E0,1.546250000E2
5.530697006E0,1.546250000E2
5.533321006E0,1.546250000E2
5.535946006E0,1.546250000E2
5.538570006E0,1.546250000E2
5.541195006E0,1.546250000E2
5.543819006E0,1.546250000E2
5.546444006E0,1.546250000E2
5.549068006E0,1.546250000E2
5.551693006E0,1.546250000E2
5.554317006E0,1.546250000E2
5.556942006E0,1.546250000E2
5.559566006E0,1.546250000E2
5.562191006E0,1.546250000E2
5.564815006E0,1.546250000E2
5.567440006E0,1.546250000E2
5.570064006E0,1.546250000E2
5.572689006E0,1.546250000E2
5.575313006E0,1.546250000E2
5.577938006E0,1.546250000E2
5.580562006E0,1.546250000E2
5.583187006E0,1.546250000E2
5.585811006E0,1.546250000E2
5.588436006E0,1.546250000E2
5.591060006E0,1.546250000E2
5.593685006E0,1.546250000E2
5.596309006E0,1.546250000E2
5.598934006E0,1.546250000E2
5.601558006E0,1.546250000E2
5.604183006E0,1.546250000E2
5.606807006E0,1.546250000E2
5.609432006E0,1.546250000E2
5.612056006E0,1.546250000E2
5.614681006E0,1.546250000E2
5.617305006E0,1.546250000E2
5.619930006E0,1.546250000E2
5.622554006E0,1.546250000E2
5.625179006E0,1.546250000E2
5.627804006E0,1.546250000E2
5.630428006E0,1.546250000E2
5.633053006E0,1.546250000E2
5.635677006E0,1.546250000E2
5.638302006E0,1.546250000E2
5.640926006E0,1.546250000E2
5.643551006E0,1.546250000E2
5.646175006E0,1.546250000E2
5.648800006E0,1.546250000E2
5.651424006E0,1.546250000E2
5.654049006E0,1.546250000E2
5.656673006E0,1.546250000E2
5.659298006E0,1.546250000E2
5.661922006E0,1.546250000E2
5.664547006E0,1.546250000E2
5.667171006E0,1.546250000E2
5.669796006E0,1.546250000E2
5.672420006E0,1.546250000E2
5.675045006E0,1.546250000E2
5.677669006E0,1.546250000E2
5.680294006E0,1.546250000E2
5.682918006E0,1.546250000E2
5.685543006E0,1.546250000E2
5.688167006E0,1.546250000E2
5.690792006E0,1.546250000E2
5.693416006E0,1.546250000E2
5.696041006E0,1.546250000E2
5.698665006E0,1.546250000E2
5.701290006E0,1.546250000E2
5.703914006E0,1.546250000E2
5.706539006E0,1.546250000E2
5.709163006E0,1.546250000E2
5.711788006E0,1.546250000E2
5.714412006E0,1.546250000E2
5.717037006E0,1.546250000E2
5.719661006E0,1.546250000E2
5.722286006E0,1.546250000E2
5.724910006E0,1.546250000E2
5.727535006E0,1.546250000E2
5.730159006E0,1.546250000E2
5.732784006E0,1.546250000E2
5.735409006E0,1.546250000E2
5.738033006E0,1.546250000E2
5.740658006E0,1.546250000E2
5.743282006E0,1.546250000E2
5.745907006E0,1.546250000E2
5.748531006E0,1.546250000E2
5.751156006E0,1.546250000E2
5.753780006E0,1.546250000E2
5.756405006E0,1.546250000E2
5.759029006E0,1.546250000E2
5.761654006E0,1.546250000E2
5.764278006E0,1.546250000E2
5.766903006E0,1.546250000E2
5.769527006E0,1.546250000E2
5.772152006E0,1.546250000E2
5.774776006E0,1.546250000E2
5.777401006E0,1.546250000E2
5.780025006E0,1.546250000E2
5.782650006E0,1.546250000E2
5.785274006E0,1.546250000E2
5.787899006E0,1.546250000E2
5.790523006E0,1.546250000E2
5.793148006E0,1.546250000E2
5.795772006E0,1.546250000E2
5.798397006E0,1.546250000E2
5.801021006E0,1.546250000E2
5.803646006E0,1.546250000E2
5.806270006E0,1.546250000E2
5.808895006E0,1.546250000E2
5.811519006E0,1.546250000E2
5.814144006E0,1.546250000E2
5.816768006E0,1.546250000E2
5.819393006E0,1.546250000E2
5.822017006E0,1.546250000E2
5.824642006E0,1.546250000E2
5.827266006E0,1.546250000E2
5.829891006E0,1.546250000E2
5.832515006E0,1.546250000E2
5.835140006E0,1.546250000E2
5.837764006E0,1.546250000E2
5.840389006E0,1.546250000E2
5.843013006E0,1.546250000E2
5.845638006E0,1.546250000E2
5.848263006E0,1.546250000E2
5.850887006E0,1.546250000E2
5.853512006E0,1.546250000E2
5.856136006E0,1.546250000E2
5.858761006E0,1.546250000E2
5.861385006E0,1.546250000E2
5.864010006E0,1.546250000E2
5.866634006E0,1.546250000E2
5.869259006E0,1.546250000E2
5.871883006E0,1.546250000E2
5.874508006E0,1.546250000E2
5.877132006E0,1.546250000E2
5.879757006E0,1.546250000E2
5.882381006E0,1.546250000E2
5.885006006E0,1.546250000E2
5.887630006E0,1.546250000E2
5.890255006E0,1.546250000E2
5.892879006E0,1.546250000E2
5.895504006E0,1.546250000E2
5.898128006E0,1.546250000E2
5.900753006E0,1.546250000E2
5.903377006E0,1.546250000E2
5.906002006E0,1.546250000E2
5.908626006E0,1.546250000E2
5.911251006E0,1.546250000E2
5.913875006E0,1.546250000E2
5.916500006E0,1.546250000E2
5.919124006E0,1.546250000E2
5.921749006E0,1.546250000E2
5.924373006E0,1.546250000E2
5.926998006E0,1.546250000E2
5.929622006E0,1.546250000E2
5.932247006E0,1.546250000E2
5.934871006E0,1.546250000E2
5.937496006E0,1.546250000E2
5.940120006E0,1.546250000E2
5.942745006E0,1.546250000E2
5.945369006E0,1.546250000E2
5.947994006E0,1.546250000E2
5.950618006E0,1.546250000E2
5.953243006E0,1.546250000E2
5.955867006E0,1.546250000E2
5.958492006E0,1.546250000E2
5.961117006E0,1.546250000E2
5.963741006E0,1.546250000E2
5.966366006E0,1.546250000E2
5.968990006E0,1.546250000E2
5.971615006E0,1.546250000E2
5.974239006E0,1.546250000E2
5.976864006E0,1.546250000E2
5.979488006E0,1.546250000E2
5.982113006E0,1.546250000E2
5.984737006E0,1.546250000E2
5.987362006E0,1.546250000E2
5.989986006E0,1.546250000E2
5.992611006E0,1.546250000E2
5.995235006E0,1.546250000E2
5.997860006E0,1.546250000E2
6.000484006E0,1.546250000E2
6.003109006E0,1.546250000E2
6.005733006E0,1.546250000E2
6.008358006E0,1.546250000E2
6.010982006E0,1.546250000E2
6.013607006E0,1.546250000E2
6.016231006E0,1.546250000E2
6.018856006E0,1.546250000E2
6.021480006E0,1.546250000E2
6.024105006E0,1.546250000E2
6.026729006E0,1.546250000E2
6.029354006E0,1.546250000E2
6.031978006E0,1.546250000E2
6.034603006E0,1.546250000E2
6.037227006E0,1.546250000E2
6.039852006E0,1.546250000E2
6.042476006E0,1.546250000E2
6.045101006E0,1.546250000E2
6.047725006E0,1.546250000E2
6.050350006E0,1.546250000E2
6.052974006E0,1.546250000E2
6.055599006E0,1.546250000E2
6.058223006E0,1.546250000E2
6.060848006E0,1.546250000E2
6.063472006E0,1.546250000E2
6.066097006E0,1.546250000E2
6.068721006E0,1.546250000E2
6.071346006E0,1.546250000E2
6.073971006E0,1.546250000E2
6.076595006E0,1.546250000E2
6.079220006E0,1.546250000E2
6.081844006E0,1.546250000E2
6.084469006E0,1.546250000E2
6.087093006E0,1.546250000E2
6.089718006E0,1.546250000E2
6.092342006E0,1.546250000E2
6.094967006E0,1.546250000E2
6.097591006E0,1.546250000E2
6.100216006E0,1.546250000E2
6.102840006E0,1.546250000E2
6.105465006E0,1.546250000E2
6.108089006E0,1.546250000E2
6.110714006E0,1.546250000E2
6.113338006E0,1.546250000E2
6.115963006E0,1.546250000E2
6.118587006E0,1.546250000E2
6.121212006E0,1.546250000E2
6.123836006E0,1.546250000E2
6.126461006E0,1.546250000E2
6.129085006E0,1.546250000E2
6.131710006E0,1.546250000E2
6.134334006E0,1.546250000E2
6.136959006E0,1.546250000E2
6.139583006E0,1.546250000E2
6.142208006E0,1.546250000E2
6.144832006E0,1.546250000E2
6.147457006E0,1.546250000E2
6.150081006E0,1.546250000E2
6.152706006E0,1.546250000E2
6.155330006E0,1.546250000E2
6.157955006E0,1.546250000E2
6.160579006E0,1.546250000E2
6.163204006E0,1.546250000E2
6.165828006E0,1.546250000E2
6.168453006E0,1.546250000E2
6.171077006E0,1.546250000E2
6.173702006E0,1.546250000E2
6.176326006E0,1.546250000E2
6.178951006E0,1.546250000E2
6.181575006E0,1.546250000E2
6.184200006E0,1.546250000E2
6.186825006E0,1.546250000E2
6.189449006E0,1.546250000E2
6.192074006E0,1.546250000E2
6.194698006E0,1.546250000E2
6.197323006E0,1.546250000E2
6.199947006E0,1.546250000E2
6.202572006E0,1.546250000E2
6.205196006E0,1.546250000E2
6.207821006E0,1.546250000E2
6.210445006E0,1.546250000E2
6.213070006E0,1.546250000E2
6.215694006E0,1.546250000E2
6.218319006E0,1.546250000E2
6.220943006E0,1.546250000E2
6.223568006E0,1.546250000E2
6.226192006E0,1.546250000E2
6.228817006E0,1.546250000E2
6.231441006E0,1.546250000E2
6.234066006E0,1.546250000E2
6.236690006E0,1.546250000E2
6.239315006E0,1.546250000E2
6.241939006E0,1.546250000E2
6.244564006E0,1.546250000E2
6.247188006E0,1.546250000E2
6.249813006E0,1.546250000E2
6.252437006E0,1.546250000E2
6.255062006E0,1.546250000E2
6.257686006E0,1.546250000E2
6.260311006E0,1.546250000E2
6.262935006E0,1.546250000E2
6.265560006E0,1.546250000E2
6.268184006E0,1.546250000E2
6.270809006E0,1.546250000E2
6.273433006E0,1.546250000E2
6.276058006E0,1.546250000E2
6.278682006E0,1.546250000E2
6.281307006E0,1.546250000E2
6.283931006E0,1.546250000E2
6.286556006E0,1.546250000E2
6.289180006E0,1.546250000E2
6.291805006E0,1.546250000E2
6.294429006E0,1.546250000E2
6.297054006E0,1.546250000E2
6.299679006E0,1.546250000E2
6.302303006E0,1.546250000E2
6.304928006E0,1.546250000E2
6.307552006E0,1.546250000E2
6.310177006E0,1.546250000E2
6.312801006E0,1.546250000E2
6.315426006E0,1.546250000E2
6.318050006E0,1.546250000E2
6.320675006E0,1.546250000E2
6.323299006E0,1.546250000E2
6.325924006E0,1.546250000E2
6.328548006E0,1.546250000E2
6.331173006E0,1.546250000E2
6.333797006E0,1.546250000E2
6.336422006E0,1.546250000E2
6.339046006E0,1.546250000E2
6.341671006E0,1.546250000E2
6.344295006E0,1.546250000E2
6.346920006E0,1.546250000E2
6.349544006E0,1.546250000E2
6.352169006E0,1.546250000E2
6.354793006E0,1.546250000E2
6.357418006E0,1.546250000E2
6.360042006E0,1.546250000E2
6.362667006E0,1.546250000E2
6.365291006E0,1.546250000E2
6.367916006E0,1.546250000E2
6.370540006E0,1.546250000E2
6.373165006E0,1.546250000E2
6.375789006E0,1.546250000E2
6.378414006E0,1.546250000E2
6.381038006E0,1.546250000E2
6.383663006E0,1.546250000E2
6.386287006E0,1.546250000E2
6.388912006E0,1.546250000E2
6.391536006E0,1.546250000E2
6.394161006E0,1.546250000E2
6.396785006E0,1.546250000E2
6.399410006E0,1.546250000E2
6.402034006E0,1.546250000E2
6.404659006E0,1.546250000E2
6.407284006E0,1.546250000E2
6.409908006E0,1.546250000E2
6.412533006E0,1.546250000E2
6.415157006E0,1.546250000E2
6.417782006E0,1.546250000E2
6.420406006E0,1.546250000E2
6.423031006E0,1.546250000E2
6.425655006E0,1.546250000E2
6.428280006E0,1.546250000E2
6.430904006E0,1.546250000E2
6.433529006E0,1.546250000E2
6.436153006E0,1.546250000E2
6.438778006E0,1.546250000E2
6.441402006E0,1.546250000E2
6.444027006E0,1.546250000E2
6.446651006E0,1.546250000E2
6.449276006E0,1.546250000E2
6.451900006E0,1.546250000E2
6.454525006E0,1.546250000E2
6.457149006E0,1.546250000E2
6.459774006E0,1.546250000E2
6.462398006E0,1.546250000E2
6.465023006E0,1.546250000E2
6.467647006E0,1.546250000E2
6.470272006E0,1.546250000E2
6.472896006E0,1.546250000E2
6.475521006E0,1.546250000E2
6.478145006E0,1.546250000E2
6.480770006E0,1.546250000E2
6.483394006E0,1.546250000E2
6.486019006E0,1.546250000E2
6.488643006E0,1.546250000E2
6.491268006E0,1.546250000E2
6.493892006E0,1.546250000E2
6.496517006E0,1.546250000E2
6.499141006E0,1.546250000E2
6.501766006E0,1.546250000E2
6.504390006E0,1.546250000E2
6.507015006E0,1.546250000E2
6.509639006E0,1.546250000E2
6.512264006E0,1.546250000E2
6.514888006E0,1.546250000E2
6.517513006E0,1.546250000E2
6.520138006E0,1.546250000E2
6.522762006E0,1.546250000E2
6.525387006E0,1.546250000E2
6.528011006E0,1.546250000E2
6.530636006E0,1.546250000E2
6.533260006E0,1.546250000E2
6.535885006E0,1.546250000E2
6.538509006E0,1.546250000E2
6.541134006E0,1.546250000E2
6.543758006E0,1.546250000E2
6.546383006E0,1.546250000E2
6.549007006E0,1.546250000E2
6.551632006E0,1.546250000E2
6.554256006E0,1.546250000E2
6.556881006E0,1.546250000E2
6.559505006E0,1.546250000E2
6.562130006E0,1.546250000E2
6.564754006E0,1.546250000E2
6.567379006E0,1.546250000E2
6.570003006E0,1.546250000E2
6.572628006E0,1.546250000E2
6.575252006E0,1.546250000E2
6.577877006E0,1.546250000E2
6.580501006E0,1.546250000E2
6.583126006E0,1.546250000E2
6.585750006E0,1.546250000E2
6.588375006E0,1.546250000E2
6.590999006E0,1.546250000E2
6.593624006E0,1.546250000E2
6.596248006E0,1.546250000E2
6.598873006E0,1.546250000E2
6.601497006E0,1.546250000E2
6.604122006E0,1.546250000E2
6.606746006E0,1.546250000E2
6.609371006E0,1.546250000E2
6.611995006E0,1.546250000E2
6.614620006E0,1.546250000E2
6.617244006E0,1.546250000E2
6.619869006E0,1.546250000E2
6.622493006E0,1.546250000E2
6.625118006E0,1.546250000E2
6.627742006E0,1.546250000E2
6.630367006E0,1.546250000E2
6.632992006E0,1.546250000E2
6.635616006E0,1.546250000E2
6.638241006E0,1.546250000E2
6.640865006E0,1.546250000E2
6.643490006E0,1.546250000E2
6.646114006E0,1.546250000E2
6.648739006E0,1.546250000E2
6.651363006E0,1.546250000E2
6.653988006E0,1.546250000E2
6.656612006E0,1.546250000E2
6.659237006E0,1.546250000E2
6.661861006E0,1.546250000E2
6.664486006E0,1.546250000E2
6.667110006E0,1.546250000E2
6.669735006E0,1.546250000E2
6.672359006E0,1.546250000E2
6.674984006E0,1.546250000E2
6.677608006E0,1.546250000E2
6.680233006E0,1.546250000E2
6.682857006E0,1.546250000E2
6.685482006E0,1.546250000E2
6.688106006E0,1.546250000E2
6.690731006E0,1.546250000E2
6.693355006E0,1.546250000E2
6.695980006E0,1.546250000E2
6.698604006E0,1.546250000E2
6.701229006E0,1.546250000E2
6.703853006E0,1.546250000E2
6.706478006E0,1.546250000E2
6.709102006E0,1.546250000E2
6.711727006E0,1.546250000E2
6.714351006E0,1.546250000E2
6.716976006E0,1.546250000E2
6.719600006E0,1.546250000E2
6.722225006E0,1.546250000E2
6.724849006E0,1.546250000E2
6.727474006E0,1.546250000E2
6.730098006E0,1.546250000E2
6.732723006E0,1.546250000E2
6.735347006E0,1.546250000E2
6.737972006E0,1.546250000E2
6.740596006E0,1.546250000E2
6.743221006E0,1.546250000E2
6.745846006E0,1.546250000E2
6.748470006E0,1.546250000E2
6.751095006E0,1.546250000E2
6.753719006E0,1.546250000E2
6.756344006E0,1.546250000E2
6.758968006E0,1.546250000E2
6.761593006E0,1.546250000E2
6.764217006E0,1.546250000E2
6.766842006E0,1.546250000E2
6.769466006E0,1.546250000E2
6.772091006E0,1.546250000E2
6.774715006E0,1.546250000E2
6.777340006E0,1.546250000E2
6.779964006E0,1.546250000E2
6.782589006E0,1.546250000E2
6.785213006E0,1.546250000E2
6.787838006E0,1.546250000E2
6.790462006E0,1.546250000E2
6.793087006E0,1.546250000E2
6.795711006E0,1.546250000E2
6.798336006E0,1.546250000E2
6.800960006E0,1.546250000E2
6.803585006E0,1.546250000E2
6.806209006E0,1.546250000E2
6.808834006E0,1.546250000E2
6.811458006E0,1.546250000E2
6.814083006E0,1.546250000E2
6.816707006E0,1.546250000E2
6.819332006E0,1.546250000E2
6.821956006E0,1.546250000E2
6.824581006E0,1.546250000E2
6.827205006E0,1.546250000E2
6.829830006E0,1.546250000E2
6.832454006E0,1.546250000E2
6.835079006E0,1.546250000E2
6.837703006E0,1.546250000E2
6.840328006E0,1.546250000E2
6.842952006E0,1.546250000E2
6.845577006E0,1.546250000E2
6.848201006E0,1.546250000E2
6.850826006E0,1.546250000E2
6.853450006E0,1.546250000E2
6.856075006E0,1.546250000E2
6.858700006E0,1.546250000E2
6.861324006E0,1.546250000E2
6.863949006E0,1.546250000E2
6.866573006E0,1.546250000E2
6.869198006E0,1.546250000E2
6.871822006E0,1.546250000E2
6.874447006E0,1.546250000E2
6.877071006E0,1.546250000E2
6.879696006E0,1.546250000E2
6.882320006E0,1.546250000E2
6.884945006E0,1.546250000E2
6.887569006E0,1.546250000E2
6.890194006E0,1.546250000E2
6.892818006E0,1.546250000E2
6.895443006E0,1.546250000E2
6.898067006E0,1.546250000E2
6.900692006E0,1.546250000E2
6.903316006E0,1.546250000E2
6.905941006E0,1.546250000E2
6.908565006E0,1.546250000E2
6.911190006E0,1.546250000E2
6.913814006E0,1.546250000E2
6.916439006E0,1.546250000E2
6.919063006E0,1.546250000E2
6.921688006E0,1.546250000E2
6.924312006E0,1.546250000E2
6.926937006E0,1.546250000E2
6.929561006E0,1.546250000E2
6.932186006E0,1.546250000E2
6.934810006E0,1.546250000E2
6.937435006E0,1.546250000E2
6.940059006E0,1.546250000E2
6.942684006E0,1.546250000E2
6.945308006E0,1.546250000E2
6.947933006E0,1.546250000E2
6.950557006E0,1.546250000E2
6.953182006E0,1.546250000E2
6.955806006E0,1.546250000E2
6.958431006E0,1.546250000E2
6.961055006E0,1.546250000E2
6.963680006E0,1.546250000E2
6.966304006E0,1.546250000E2
6.968929006E0,1.546250000E2
6.971554006E0,1.546250000E2
6.974178006E0,1.546250000E2
6.976803006E0,1.546250000E2
6.979427006E0,1.546250000E2
6.982052006E0,1.546250000E2
6.984676006E0,1.546250000E2
6.987301006E0,1.546250000E2
6.989925006E0,1.546250000E2
6.992550006E0,1.546250000E2
6.995174006E0,1.546250000E2
6.997799006E0,1.546250000E2
7.000423006E0,1.546250000E2
7.003048006E0,1.546250000E2
7.005672006E0,1.546250000E2
7.008297006E0,1.546250000E2
7.010921006E0,1.546250000E2
7.013546006E0,1.546250000E2
7.016170006E0,1.546250000E2
7.018795006E0,1.546250000E2
7.021419006E0,1.546250000E2
7.024044006E0,1.546250000E2
7.026668006E0,1.546250000E2
7.029293006E0,1.546250000E2
7.031917006E0,1.546250000E2
7.034542006E0,1.546250000E2
7.037166006E0,1.546250000E2
7.039791006E0,1.546250000E2
7.042415006E0,1.546250000E2
7.045040006E0,1.546250000E2
7.047664006E0,1.546250000E2
7.050289006E0,1.546250000E2
7.052913006E0,1.546250000E2
7.055538006E0,1.546250000E2
7.058162006E0,1.546250000E2
7.060787006E0,1.546250000E2
7.063411006E0,1.546250000E2
7.066036006E0,1.546250000E2
7.068660006E0,1.546250000E2
7.071285006E0,1.546250000E2
7.073909006E0,1.546250000E2
7.076534006E0,1.546250000E2
7.079159006E0,1.546250000E2
7.081783006E0,1.546250000E2
7.084408006E0,1.546250000E2
7.087032006E0,1.546250000E2
7.089657006E0,1.546250000E2
7.092281006E0,1.546250000E2
7.094906006E0,1.546250000E2
7.097530006E0,1.546250000E2
7.100155006E0,1.546250000E2
7.102779006E0,1.546250000E2
7.105404006E0,1.546250000E2
7.108028006E0,1.546250000E2
7.110653006E0,1.546250000E2
7.113277006E0,1.546250000E2
7.115902006E0,1.546250000E2
7.118526006E0,1.546250000E2
7.121151006E0,1.546250000E2
7.123775006E0,1.546250000E2
7.126400006E0,1.546250000E2
7.129024006E0,1.546250000E2
7.131649006E0,1.546250000E2
7.134273006E0,1.546250000E2
7.136898006E0,1.546250000E2
7.139522006E0,1.546250000E2
7.142147006E0,1.546250000E2
7.144771006E0,1.546250000E2
7.147396006E0,1.546250000E2
7.150020006E0,1.546250000E2
7.152645006E0,1.546250000E2
7.155269006E0,1.546250000E2
7.157894006E0,1.546250000E2
7.160518006E0,1.546250000E2
7.163143006E0,1.546250000E2
7.165767006E0,1.546250000E2
7.168392006E0,1.546250000E2
7.171016006E0,1.546250000E2
7.173641006E0,1.546250000E2
7.176265006E0,1.546250000E2
7.178890006E0,1.546250000E2
7.181514006E0,1.546250000E2
7.184139006E0,1.546250000E2
7.186763006E0,1.546250000E2
7.189388006E0,1.546250000E2
7.192013006E0,1.546250000E2
7.194637006E0,1.546250000E2
7.197262006E0,1.546250000E2
7.199886006E0,1.546250000E2
7.202511006E0,1.546250000E2
7.205135006E0,1.546250000E2
7.207760006E0,1.546250000E2
7.210384006E0,1.546250000E2
7.213009006E0,1.546250000E2
7.215633006E0,1.546250000E2
7.218258006E0,1.546250000E2
7.220882006E0,1.546250000E2
7.223507006E0,1.546250000E2
7.226131006E0,1.546250000E2
7.228756006E0,1.546250000E2
7.231380006E0,1.546250000E2
7.234005006E0,1.546250000E2
7.236629006E0,1.546250000E2
7.239254006E0,1.546250000E2
7.241878006E0,1.546250000E2
7.244503006E0,1.546250000E2
7.247127006E0,1.546250000E2
7.249752006E0,1.546250000E2
7.252376006E0,1.546250000E2
7.255001006E0,1.546250000E2
7.257625006E0,1.546250000E2
7.260250006E0,1.546250000E2
7.262874006E0,1.546250000E2
7.265499006E0,1.546250000E2
7.268123006E0,1.546250000E2
7.270748006E0,1.546250000E2
7.273372006E0,1.546250000E2
7.275997006E0,1.546250000E2
7.278621006E0,1.546250000E2
7.281246006E0,1.546250000E2
7.283870006E0,1.546250000E2
7.286495006E0,1.546250000E2
7.289119006E0,1.546250000E2
7.291744006E0,1.546250000E2
7.294368006E0,1.546250000E2
7.296993006E0,1.546250000E2
7.299617006E0,1.546250000E2
7.302242006E0,1.546250000E2
7.304867006E0,1.546250000E2
7.307491006E0,1.546250000E2
7.310116006E0,1.546250000E2
7.312740006E0,1.546250000E2
7.315365006E0,1.546250000E2
7.317989006E0,1.546250000E2
7.320614006E0,1.546250000E2
7.323238006E0,1.546250000E2
7.325863006E0,1.546250000E2
7.328487006E0,1.546250000E2
7.331112006E0,1.546250000E2
7.333736006E0,1.546250000E2
7.336361006E0,1.546250000E2
7.338985006E0,1.546250000E2
7.341610006E0,1.546250000E2
7.344234006E0,1.546250000E2
7.346859006E0,1.546250000E2
7.349483006E0,1.546250000E2
7.352108006E0,1.546250000E2
7.354732006E0,1.546250000E2
7.357357006E0,1.546250000E2
7.359981006E0,1.546250000E2
7.362606006E0,1.546250000E2
7.365230006E0,1.546250000E2
7.367855006E0,1.546250000E2
7.370479006E0,1.546250000E2
7.373104006E0,1.546250000E2
7.375728006E0,1.546250000E2
7.378353006E0,1.546250000E2
7.380977006E0,1.546250000E2
7.383602006E0,1.546250000E2
7.386226006E0,1.546250000E2
7.388851006E0,1.546250000E2
7.391475006E0,1.546250000E2
7.394100006E0,1.546250000E2
7.396724006E0,1.546250000E2
7.399349006E0,1.546250000E2
7.401973006E0,1.546250000E2
7.404598006E0,1.546250000E2
7.407222006E0,1.546250000E2
7.409847006E0,1.546250000E2
7.412471006E0,1.546250000E2
7.415096006E0,1.546250000E2
7.417721006E0,1.546250000E2
7.420345006E0,1.546250000E2
7.422970006E0,1.546250000E2
7.425594006E0,1.546250000E2
7.428219006E0,1.546250000E2
7.430843006E0,1.546250000E2
7.433468006E0,1.546250000E2
7.436092006E0,1.546250000E2
7.438717006E0,1.546250000E2
7.441341006E0,1.546250000E2
7.443966006E0,1.546250000E2
7.446590006E0,1.546250000E2
7.449215006E0,1.546250000E2
7.451839006E0,1.546250000E2
7.454464006E0,1.546250000E2
7.457088006E0,1.546250000E2
7.459713006E0,1.546250000E2
7.462337006E0,1.546250000E2
7.464962006E0,1.546250000E2
7.467586006E0,1.546250000E2
7.470211006E0,1.546250000E2
7.472835006E0,1.546250000E2
7.475460006E0,1.546250000E2
7.478084006E0,1.546250000E2
7.480709006E0,1.546250000E2
7.483333006E0,1.546250000E2
7.485958006E0,1.546250000E2
7.488582006E0,1.546250000E2
7.491207006E0,1.546250000E2
7.493831006E0,1.546250000E2
7.496456006E0,1.546250000E2
7.499080006E0,1.546250000E2
7.501705006E0,1.546250000E2
7.504329006E0,1.546250000E2
7.506954006E0,1.546250000E2
7.509578006E0,1.546250000E2
7.512203006E0,1.546250000E2
7.514827006E0,1.546250000E2
7.517452006E0,1.546250000E2
7.520076006E0,1.546250000E2
7.522701006E0,1.546250000E2
7.525325006E0,1.546250000E2
7.527950006E0,1.546250000E2
7.530575006E0,1.546250000E2
7.533199006E0,1.546250000E2
7.535824006E0,1.546250000E2
7.538448006E0,1.546250000E2
7.541073006E0,1.546250000E2
7.543697006E0,1.546250000E2
7.546322006E0,1.546250000E2
7.548946006E0,1.546250000E2
7.551571006E0,1.546250000E2
7.554195006E0,1.546250000E2
7.556820006E0,1.546250000E2
7.559444006E0,1.546250000E2
7.562069006E0,1.546250000E2
7.564693006E0,1.546250000E2
7.567318006E0,1.546250000E2
7.569942006E0,1.546250000E2
7.572567006E0,1.546250000E2
7.575191006E0,1.546250000E2
7.577816006E0,1.546250000E2
7.580440006E0,1.546250000E2
7.583065006E0,1.546250000E2
7.585689006E0,1.546250000E2
7.588314006E0,1.546250000E2
7.590938006E0,1.546250000E2
7.593563006E0,1.546250000E2
7.596187006E0,1.546250000E2
7.598812006E0,1.546250000E2
7.601436006E0,1.546250000E2
7.604061006E0,1.546250000E2
7.606685006E0,1.546250000E2
7.609310006E0,1.546250000E2
7.611934006E0,1.546250000E2
7.614559006E0,1.546250000E2
7.617183006E0,1.546250000E2
7.619808006E0,1.546250000E2
7.622432006E0,1.546250000E2
7.625057006E0,1.546250000E2
7.627681006E0,1.546250000E2
7.630306006E0,1.546250000E2
7.632930006E0,1.546250000E2
7.635555006E0,1.546250000E2
7.638179006E0,1.546250000E2
7.640804006E0,1.546250000E2
7.643429006E0,1.546250000E2
7.646053006E0,1.546250000E2
7.648678006E0,1.546250000E2
7.651302006E0,1.546250000E2
7.653927006E0,1.546250000E2
7.656551006E0,1.546250000E2
7.659176006E0,1.546250000E2
7.661800006E0,1.546250000E2
7.664425006E0,1.546250000E2
7.667049006E0,1.546250000E2
7.669674006E0,1.546250000E2
7.672298006E0,1.546250000E2
7.674923006E0,1.546250000E2
7.677547006E0,1.546250000E2
7.680172006E0,1.546250000E2
7.682796006E0,1.546250000E2
7.685421006E0,1.546250000E2
7.688045006E0,1.546250000E2
7.690670006E0,1.546250000E2
7.693294006E0,1.546250000E2
7.695919006E0,1.546250000E2
7.698543006E0,1.546250000E2
7.701168006E0,1.546250000E2
7.703792006E0,1.546250000E2
7.706417006E0,1.546250000E2
7.709041006E0,1.546250000E2
7.711666006E0,1.546250000E2
7.714290006E0,1.546250000E2
7.716915006E0,1.546250000E2
7.719539006E0,1.546250000E2
7.722164006E0,1.546250000E2
7.724788006E0,1.546250000E2
7.727413006E0,1.546250000E2
7.730037006E0,1.546250000E2
7.732662006E0,1.546250000E2
7.735286006E0,1.546250000E2
7.737911006E0,1.546250000E2
7.740535006E0,1.546250000E2
7.743160006E0,1.546250000E2
7.745784006E0,1.546250000E2
7.748409006E0,1.546250000E2
7.751034006E0,1.546250000E2
7.753658006E0,1.546250000E2
7.756283006E0,1.546250000E2
7.758907006E0,1.546250000E2
7.761532006E0,1.546250000E2
7.764156006E0,1.546250000E2
7.766781006E0,1.546250000E2
7.769405006E0,1.546250000E2
7.772030006E0,1.546250000E2
7.774654006E0,1.546250000E2
7.777279006E0,1.546250000E2
7.779903006E0,1.546250000E2
7.782528006E0,1.546250000E2
7.785152006E0,1.546250000E2
7.787777006E0,1.546250000E2
7.790401006E0,1.546250000E2
7.793026006E0,1.546250000E2
7.795650006E0,1.546250000E2
7.798275006E0,1.546250000E2
7.800899006E0,1.546250000E2
7.803524006E0,1.546250000E2
7.806148006E0,1.546250000E2
7.808773006E0,1.546250000E2
7.811397006E0,1.546250000E2
7.814022006E0,1.546250000E2
7.816646006E0,1.546250000E2
7.819271006E0,1.546250000E2
7.821895006E0,1.546250000E2
7.824520006E0,1.546250000E2
7.827144006E0,1.546250000E2
7.829769006E0,1.546250000E2
7.832393006E0,1.546250000E2
7.835018006E0,1.546250000E2
7.837642006E0,1.546250000E2
7.840267006E0,1.546250000E2
7.842891006E0,1.546250000E2
7.845516006E0,1.546250000E2
7.848140006E0,1.546250000E2
7.850765006E0,1.546250000E2
7.853389006E0,1.546250000E2
7.856014006E0,1.546250000E2
7.858638006E0,1.546250000E2
7.861263006E0,1.546250000E2
7.863888006E0,1.546250000E2
7.866512006E0,1.546250000E2
7.869137006E0,1.546250000E2
7.871761006E0,1.546250000E2
7.874386006E0,1.546250000E2
7.877010006E0,1.546250000E2
7.879635006E0,1.546250000E2
7.882259006E0,1.546250000E2
7.884884006E0,1.546250000E2
7.887508006E0,1.546250000E2
7.890133006E0,1.546250000E2
7.892757006E0,1.546250000E2
7.895382006E0,1.546250000E2
7.898006006E0,1.546250000E2
7.900631006E0,1.546250000E2
7.903255006E0,1.546250000E2
7.905880006E0,1.546250000E2
7.908504006E0,1.546250000E2
7.911129006E0,1.546250000E2
7.913753006E0,1.546250000E2
7.916378006E0,1.546250000E2
7.919002006E0,1.546250000E2
7.921627006E0,1.546250000E2
7.924251006E0,1.546250000E2
7.926876006E0,1.546250000E2
7.929500006E0,1.546250000E2
7.932125006E0,1.546250000E2
7.934749006E0,1.546250000E2
7.937374006E0,1.546250000E2
7.939998006E0,1.546250000E2
7.942623006E0,1.546250000E2
7.945247006E0,1.546250000E2
7.947872006E0,1.546250000E2
7.950496006E0,1.546250000E2
7.953121006E0,1.546250000E2
7.955745006E0,1.546250000E2
7.958370006E0,1.546250000E2
7.960994006E0,1.546250000E2
7.963619006E0,1.546250000E2
7.966243006E0,1.546250000E2
7.968868006E0,1.546250000E2
7.971492006E0,1.546250000E2
7.974117006E0,1.546250000E2
7.976742006E0,1.546250000E2
7.979366006E0,1.546250000E2
7.981991006E0,1.546250000E2
7.984615006E0,1.546250000E2
7.987240006E0,1.546250000E2
7.989864006E0,1.546250000E2
7.992489006E0,1.546250000E2
7.995113006E0,1.546250000E2
7.997738006E0,1.546250000E2
8.000362006E0,1.546250000E2
8.002987006E0,1.546250000E2
8.005611006E0,1.546250000E2
8.008236006E0,1.546250000E2
8.010860006E0,1.546250000E2
8.013485006E0,1.546250000E2
8.016109006E0,1.546250000E2
8.018734006E0,1.546250000E2
8.021358006E0,1.546250000E2
8.023983006E0,1.546250000E2
8.026607006E0,1.546250000E2
8.029232006E0,1.546250000E2
8.031856006E0,1.546250000E2
8.034481006E0,1.546250000E2
8.037105006E0,1.546250000E2
8.039730006E0,1.546250000E2
8.042354006E0,1.546250000E2
8.044979006E0,1.546250000E2
8.047603006E0,1.546250000E2
8.050228006E0,1.546250000E2
8.052852006E0,1.546250000E2
8.055477006E0,1.546250000E2
8.058101006E0,1.546250000E2
8.060726006E0,1.546250000E2
8.063350006E0,1.546250000E2
8.065975006E0,1.546250000E2
8.068599006E0,1.546250000E2
8.071224006E0,1.546250000E2
8.073848006E0,1.546250000E2
8.076473006E0,1.546250000E2
8.079097006E0,1.546250000E2
8.081722006E0,1.546250000E2
8.084346006E0,1.546250000E2
8.086971006E0,1.546250000E2
8.089596006E0,1.546250000E2
8.092220006E0,1.546250000E2
8.094845006E0,1.546250000E2
8.097469006E0,1.546250000E2
8.100094006E0,1.546250000E2
8.102718006E0,1.546250000E2
8.105343006E0,1.546250000E2
8.107967006E0,1.546250000E2
8.110592006E0,1.546250000E2
8.113216006E0,1.546250000E2
8.115841006E0,1.546250000E2
8.118465006E0,1.546250000E2
8.121090006E0,1.546250000E2
8.123714006E0,1.546250000E2
8.126339006E0,1.546250000E2
8.128963006E0,1.546250000E2
8.131588006E0,1.546250000E2
8.134212006E0,1.546250000E2
8.136837006E0,1.546250000E2
8.139461006E0,1.546250000E2
8.142086006E0,1.546250000E2
8.144710006E0,1.546250000E2
8.147335006E0,1.546250000E2
8.149959006E0,1.546250000E2
8.152584006E0,1.546250000E2
8.155208006E0,1.546250000E2
8.157833006E0,1.546250000E2
8.160457006E0,1.546250000E2
8.163082006E0,1.546250000E2
8.165706006E0,1.546250000E2
8.168331006E0,1.546250000E2
8.170955006E0,1.546250000E2
8.173580006E0,1.546250000E2
8.176204006E0,1.546250000E2
8.178829006E0,1.546250000E2
8.181453006E0,1.546250000E2
8.184078006E0,1.546250000E2
8.186702006E0,1.546250000E2
8.189327006E0,1.546250000E2
8.191951006E0,1.546250000E2
8.194576006E0,1.546250000E2
8.197200006E0,1.546250000E2
8.199825006E0,1.546250000E2
8.202450006E0,1.546250000E2
8.205074006E0,1.546250000E2
8.207699006E0,1.546250000E2
8.210323006E0,1.546250000E2
8.212948006E0,1.546250000E2
8.215572006E0,1.546250000E2
8.218197006E0,1.546250000E2
8.220821006E0,1.546250000E2
8.223446006E0,1.546250000E2
8.226070006E0,1.546250000E2
8.228695006E0,1.546250000E2
8.231319006E0,1.546250000E2
8.233944006E0,1.546250000E2
8.236568006E0,1.546250000E2
8.239193006E0,1.546250000E2
8.241817006E0,1.546250000E2
8.244442006E0,1.546250000E2
8.247066006E0,1.546250000E2
8.249691006E0,1.546250000E2
8.252315006E0,1.546250000E2
8.254940006E0,1.546250000E2
8.257564006E0,1.546250000E2
8.260189006E0,1.546250000E2
8.262813006E0,1.546250000E2
8.265438006E0,1.546250000E2
8.268062006E0,1.546250000E2
8.270687006E0,1.546250000E2
8.273311006E0,1.546250000E2
8.275936006E0,1.546250000E2
8.278560006E0,1.546250000E2
8.281185006E0,1.546250000E2
8.283809006E0,1.546250000E2
8.286434006E0,1.546250000E2
8.289058006E0,1.546250000E2
8.291683006E0,1.546250000E2
8.294307006E0,1.546250000E2
8.296932006E0,1.546250000E2
8.299556006E0,1.546250000E2
8.302181006E0,1.546250000E2
8.304805006E0,1.546250000E2
8.307430006E0,1.546250000E2
8.310054006E0,1.546250000E2
8.312661006E0,1.546250000E2
8.315285006E0,1.546250000E2
8.317910006E0,1.546250000E2
8.320534006E0,1.546250000E2
8.323159006E0,1.546250000E2
8.325783006E0,1.546250000E2
8.328408006E0,1.546250000E2
8.331032006E0,1.546250000E2
8.333657006E0,1.546250000E2
8.336281006E0,1.546250000E2
8.338906006E0,1.546250000E2
8.341530006E0,1.546250000E2
8.344155006E0,1.546250000E2
8.346779006E0,1.546250000E2
8.349404006E0,1.546250000E2
8.352028006E0,1.546250000E2
8.354653006E0,1.546250000E2
8.357277006E0,1.546250000E2
8.359902006E0,1.546250000E2
8.362526006E0,1.546250000E2
8.365151006E0,1.546250000E2
8.367776006E0,1.546250000E2
8.370400006E0,1.546250000E2
8.373025006E0,1.546250000E2
8.375649006E0,1.546250000E2
8.378274006E0,1.546250000E2
8.380898006E0,1.546250000E2
8.383523006E0,1.546250000E2
8.386147006E0,1.546250000E2
8.388772006E0,1.546250000E2
8.391396006E0,1.546250000E2
8.394021006E0,1.546250000E2
8.396645006E0,1.546250000E2
8.399270006E0,1.546250000E2
8.401894006E0,1.546250000E2
8.404519006E0,1.546250000E2
8.407143006E0,1.546250000E2
8.409768006E0,1.546250000E2
8.412392006E0,1.546250000E2
8.415017006E0,1.546250000E2
8.417641006E0,1.546250000E2
8.420266006E0,1.546250000E2
8.422890006E0,1.546250000E2
8.425515006E0,1.546250000E2
8.428139006E0,1.546250000E2
8.430764006E0,1.546250000E2
8.433388006E0,1.546250000E2
8.436013006E0,1.546250000E2
8.438637006E0,1.546250000E2
8.441262006E0,1.546250000E2
8.443886006E0,1.546250000E2
8.446511006E0,1.546250000E2
8.449135006E0,1.546250000E2
8.451760006E0,1.546250000E2
8.454384006E0,1.546250000E2
8.457009006E0,1.546250000E2
8.459633006E0,1.546250000E2
8.462258006E0,1.546250000E2
8.464882006E0,1.546250000E2
8.467507006E0,1.546250000E2
8.470131006E0,1.546250000E2
8.472756006E0,1.546250000E2
8.475380006E0,1.546250000E2
8.478005006E0,1.546250000E2
8.480630006E0,1.546250000E2
8.483254006E0,1.546250000E2
8.485879006E0,1.546250000E2
8.488503006E0,1.546250000E2
8.491128006E0,1.546250000E2
8.493752006E0,1.546250000E2
8.496377006E0,1.546250000E2
8.499001006E0,1.546250000E2
8.501626006E0,1.546250000E2
8.504250006E0,1.546250000E2
8.506875006E0,1.546250000E2
8.509499006E0,1.546250000E2
8.512124006E0,1.546250000E2
8.514748006E0,1.546250000E2
8.517373006E0,1.546250000E2
8.519997006E0,1.546250000E2
8.522622006E0,1.546250000E2
8.525246006E0,1.546250000E2
8.527871006E0,1.546250000E2
8.530495006E0,1.546250000E2
8.533120006E0,1.546250000E2
8.535744006E0,1.546250000E2
8.538369006E0,1.546250000E2
8.540993006E0,1.546250000E2
8.543618006E0,1.546250000E2
8.546242006E0,1.546250000E2
8.548867006E0,1.546250000E2
8.551491006E0,1.546250000E2
8.554116006E0,1.546250000E2
8.556740006E0,1.546250000E2
8.559365006E0,1.546250000E2
8.561989006E0,1.546250000E2
8.564614006E0,1.546250000E2
8.567238006E0,1.546250000E2
8.569863006E0,1.546250000E2
8.572487006E0,1.546250000E2
8.575112006E0,1.546250000E2
8.577736006E0,1.546250000E2
8.580361006E0,1.546250000E2
8.582985006E0,1.546250000E2
8.585610006E0,1.546250000E2
8.588234006E0,1.546250000E2
8.590859006E0,1.546250000E2
8.593484006E0,1.546250000E2
8.596108006E0,1.546250000E2
8.598733006E0,1.546250000E2
8.601357006E0,1.546250000E2
8.603982006E0,1.546250000E2
8.606606006E0,1.546250000E2
8.609231006E0,1.546250000E2
8.611855006E0,1.546250000E2
8.614480006E0,1.546250000E2
8.617104006E0,1.546250000E2
8.619729006E0,1.546250000E2
8.622353006E0,1.546250000E2
8.624978006E0,1.546250000E2
8.627602006E0,1.546250000E2
8.630227006E0,1.546250000E2
8.632851006E0,1.546250000E2
8.635476006E0,1.546250000E2
8.638100006E0,1.546250000E2
8.640725006E0,1.546250000E2
8.643349006E0,1.546250000E2
8.645974006E0,1.546250000E2
8.648598006E0,1.546250000E2
8.651223006E0,1.546250000E2
8.653847006E0,1.546250000E2
8.656472006E0,1.546250000E2
8.659096006E0,1.546250000E2
8.661721006E0,1.546250000E2
8.664345006E0,1.546250000E2
8.666970006E0,1.546250000E2
8.669594006E0,1.546250000E2
8.672219006E0,1.546250000E2
8.674843006E0,1.546250000E2
8.677468006E0,1.546250000E2
8.680092006E0,1.546250000E2
8.682717006E0,1.546250000E2
8.685341006E0,1.546250000E2
8.687966006E0,1.546250000E2
8.690590006E0,1.546250000E2
8.693215006E0,1.546250000E2
8.695839006E0,1.546250000E2
8.698464006E0,1.546250000E2
8.701088006E0,1.546250000E2
8.703713006E0,1.546250000E2
8.706338006E0,1.546250000E2
8.708962006E0,1.546250000E2
8.711587006E0,1.546250000E2
8.714211006E0,1.546250000E2
8.716836006E0,1.546250000E2
8.719460006E0,1.546250000E2
8.722085006E0,1.546250000E2
8.724709006E0,1.546250000E2
8.727334006E0,1.546250000E2
8.729958006E0,1.546250000E2
8.732583006E0,1.546250000E2
8.735207006E0,1.546250000E2
8.737832006E0,1.546250000E2
8.740456006E0,1.546250000E2
8.743081006E0,1.546250000E2
8.745705006E0,1.546250000E2
8.748330006E0,1.546250000E2
8.750954006E0,1.546250000E2
8.753579006E0,1.546250000E2
8.756203006E0,1.546250000E2
8.758828006E0,1.546250000E2
8.761452006E0,1.546250000E2
8.764077006E0,1.546250000E2
8.766701006E0,1.546250000E2
8.769326006E0,1.546250000E2
8.771950006E0,1.546250000E2
8.774575006E0,1.546250000E2
8.777199006E0,1.546250000E2
8.779824006E0,1.546250000E2
8.782448006E0,1.546250000E2
8.785073006E0,1.546250000E2
8.787697006E0,1.546250000E2
8.790322006E0,1.546250000E2
8.792946006E0,1.546250000E2
8.795571006E0,1.546250000E2
8.798195006E0,1.546250000E2
8.800820006E0,1.546250000E2
8.803444006E0,1.546250000E2
8.806069006E0,1.546250000E2
8.808693006E0,1.546250000E2
8.811318006E0,1.546250000E2
8.813942006E0,1.546250000E2
8.816567006E0,1.546250000E2
8.819192006E0,1.546250000E2
8.821816006E0,1.546250000E2
8.824441006E0,1.546250000E2
8.827065006E0,1.546250000E2
8.829690006E0,1.546250000E2
8.832314006E0,1.546250000E2
8.834939006E0,1.546250000E2
8.837563006E0,1.546250000E2
8.840188006E0,1.546250000E2
8.842812006E0,1.546250000E2
8.845437006E0,1.546250000E2
8.848061006E0,1.546250000E2
8.850686006E0,1.546250000E2
8.853310006E0,1.546250000E2
8.855935006E0,1.546250000E2
8.858559006E0,1.546250000E2
8.861184006E0,1.546250000E2
8.863808006E0,1.546250000E2
8.866433006E0,1.546250000E2
8.869057006E0,1.546250000E2
8.871682006E0,1.546250000E2
8.874306006E0,1.546250000E2
8.876931006E0,1.546250000E2
8.879555006E0,1.546250000E2
8.882180006E0,1.546250000E2
8.884804006E0,1.546250000E2
8.887429006E0,1.546250000E2
8.890053006E0,1.546250000E2
8.892678006E0,1.546250000E2
8.895302006E0,1.546250000E2
8.897927006E0,1.546250000E2
8.900551006E0,1.546250000E2
8.903176006E0,1.546250000E2
8.905800006E0,1.546250000E2
8.908425006E0,1.546250000E2
8.911049006E0,1.546250000E2
8.913674006E0,1.546250000E2
8.916298006E0,1.546250000E2
8.918923006E0,1.546250000E2
8.921547006E0,1.546250000E2
8.924172006E0,1.546250000E2
8.926796006E0,1.546250000E2
8.929421006E0,1.546250000E2
8.932046006E0,1.546250000E2
8.934670006E0,1.546250000E2
8.937295006E0,1.546250000E2
8.939919006E0,1.546250000E2
8.942544006E0,1.546250000E2
8.945168006E0,1.546250000E2
8.947793006E0,1.546250000E2
8.950417006E0,1.546250000E2
8.953042006E0,1.546250000E2
8.955666006E0,1.546250000E2
8.958291006E0,1.546250000E2
8.960915006E0,1.546250000E2
8.963540006E0,1.546250000E2
8.966164006E0,1.546250000E2
8.968789006E0,1.546250000E2
8.971413006E0,1.546250000E2
8.974038006E0,1.546250000E2
8.976662006E0,1.546250000E2
8.979287006E0,1.546250000E2
8.981911006E0,1.546250000E2
8.984536006E0,1.546250000E2
8.987160006E0,1.546250000E2
8.989785006E0,1.546250000E2
8.992409006E0,1.546250000E2
8.995034006E0,1.546250000E2
8.997658006E0,1.546250000E2
9.000283006E0,1.546250000E2
9.002907006E0,1.546250000E2
9.005532006E0,1.546250000E2
9.008156006E0,1.546250000E2
9.010781006E0,1.546250000E2
9.013405006E0,1.546250000E2
9.016030006E0,1.546250000E2
9.018654006E0,1.546250000E2
9.021279006E0,1.546250000E2
9.023903006E0,1.546250000E2
9.026528006E0,1.546250000E2
9.029152006E0,1.546250000E2
9.031777006E0,1.546250000E2
9.034401006E0,1.546250000E2
9.037026006E0,1.546250000E2
9.039651006E0,1.546250000E2
9.042275006E0,1.546250000E2
9.044900006E0,1.546250000E2
9.047524006E0,1.546250000E2
9.050149006E0,1.546250000E2
9.052773006E0,1.546250000E2
9.055398006E0,1.546250000E2
9.058022006E0,1.546250000E2
9.060647006E0,1.546250000E2
9.063271006E0,1.546250000E2
9.065896006E0,1.546250000E2
9.068520006E0,1.546250000E2
9.071145006E0,1.546250000E2
9.073769006E0,1.546250000E2
9.076394006E0,1.546250000E2
9.079018006E0,1.546250000E2
9.081643006E0,1.546250000E2
9.084267006E0,1.546250000E2
9.086892006E0,1.546250000E2
9.089516006E0,1.546250000E2
9.092141006E0,1.546250000E2
9.094765006E0,1.546250000E2
9.097390006E0,1.546250000E2
9.100014006E0,1.546250000E2
9.102639006E0,1.546250000E2
9.105263006E0,1.546250000E2
9.107888006E0,1.546250000E2
9.110512006E0,1.546250000E2
9.113137006E0,1.546250000E2
9.115761006E0,1.546250000E2
9.118386006E0,1.546250000E2
9.121010006E0,1.546250000E2
9.123635006E0,1.546250000E2
9.126259006E0,1.546250000E2
9.128884006E0,1.546250000E2
9.131508006E0,1.546250000E2
9.134133006E0,1.546250000E2
9.136757006E0,1.546250000E2
9.139382006E0,1.546250000E2
9.142006006E0,1.546250000E2
9.144631006E0,1.546250000E2
9.147255006E0,1.546250000E2
9.149880006E0,1.546250000E2
9.152505006E0,1.546250000E2
9.155129006E0,1.546250000E2
9.157754006E0,1.546250000E2
9.160378006E0,1.546250000E2
9.163003006E0,1.546250000E2
9.165627006E0,1.546250000E2
9.168252006E0,1.546250000E2
9.170876006E0,1.546250000E2
9.173501006E0,1.546250000E2
9.176125006E0,1.546250000E2
9.178750006E0,1.546250000E2
9.181374006E0,1.546250000E2
9.183999006E0,1.546250000E2
9.186623006E0,1.546250000E2
9.189248006E0,1.546250000E2
9.191872006E0,1.546250000E2
9.194497006E0,1.546250000E2
9.197121006E0,1.546250000E2
9.199746006E0,1.546250000E2
9.202370006E0,1.546250000E2
9.204995006E0,1.546250000E2
9.207619006E0,1.546250000E2
9.210244006E0,1.546250000E2
9.212868006E0,1.546250000E2
9.215493006E0,1.546250000E2
9.218117006E0,1.546250000E2
9.220742006E0,1.546250000E2
9.223366006E0,1.546250000E2
9.225991006E0,1.546250000E2
9.228615006E0,1.546250000E2
9.231240006E0,1.546250000E2
9.233864006E0,1.546250000E2
9.236489006E0,1.546250000E2
9.239113006E0,1.546250000E2
9.241738006E0,1.546250000E2
9.244362006E0,1.546250000E2
9.246987006E0,1.546250000E2
9.249611006E0,1.546250000E2
9.252236006E0,1.546250000E2
9.254860006E0,1.546250000E2
9.257485006E0,1.546250000E2
9.260109006E0,1.546250000E2
9.262734006E0,1.546250000E2
9.265359006E0,1.546250000E2
9.267983006E0,1.546250000E2
9.270608006E0,1.546250000E2
9.273232006E0,1.546250000E2
9.275857006E0,1.546250000E2
9.278481006E0,1.546250000E2
9.281106006E0,1.546250000E2
9.283730006E0,1.546250000E2
9.286355006E0,1.546250000E2
9.288979006E0,1.546250000E2
9.291604006E0,1.546250000E2
9.294228006E0,1.546250000E2
9.296853006E0,1.546250000E2
9.299477006E0,1.546250000E2
9.302102006E0,1.546250000E2
9.304726006E0,1.546250000E2
9.307351006E0,1.546250000E2
9.309975006E0,1.546250000E2
9.312600006E0,1.546250000E2
9.315224006E0,1.546250000E2
9.317849006E0,1.546250000E2
9.320473006E0,1.546250000E2
9.323098006E0,1.546250000E2
9.325722006E0,1.546250000E2
9.328347006E0,1.546250000E2
9.330971006E0,1.546250000E2
9.333596006E0,1.546250000E2
9.336220006E0,1.546250000E2
9.338845006E0,1.546250000E2
9.341469006E0,1.546250000E2
9.344094006E0,1.546250000E2
9.346718006E0,1.546250000E2
9.349343006E0,1.546250000E2
9.351967006E0,1.546250000E2
9.354592006E0,1.546250000E2
9.357216006E0,1.546250000E2
9.359841006E0,1.546250000E2
9.362465006E0,1.546250000E2
9.365090006E0,1.546250000E2
9.367714006E0,1.546250000E2
9.370339006E0,1.546250000E2
9.372963006E0,1.546250000E2
9.375588006E0,1.546250000E2
9.378213006E0,1.546250000E2
9.380837006E0,1.546250000E2
9.383462006E0,1.546250000E2
9.386086006E0,1.546250000E2
9.388711006E0,1.546250000E2
9.391335006E0,1.546250000E2
9.393960006E0,1.546250000E2
9.396584006E0,1.546250000E2
9.399209006E0,1.546250000E2
9.401833006E0,1.546250000E2
9.404458006E0,1.546250000E2
9.407082006E0,1.546250000E2
9.409707006E0,1.546250000E2
9.412331006E0,1.546250000E2
9.414956006E0,1.546250000E2
9.417580006E0,1.546250000E2
9.420205006E0,1.546250000E2
9.422829006E0,1.546250000E2
9.425454006E0,1.546250000E2
9.428078006E0,1.546250000E2
9.430703006E0,1.546250000E2
9.433327006E0,1.546250000E2
9.435952006E0,1.546250000E2
9.438576006E0,1.546250000E2
9.441201006E0,1.546250000E2
9.443825006E0,1.546250000E2
9.446450006E0,1.546250000E2
9.449074006E0,1.546250000E2
9.451699006E0,1.546250000E2
9.454323006E0,1.546250000E2
9.456948006E0,1.546250000E2
9.459572006E0,1.546250000E2
9.462197006E0,1.546250000E2
9.464821006E0,1.546250000E2
9.467446006E0,1.546250000E2
9.470070006E0,1.546250000E2
9.472695006E0,1.546250000E2
9.475319006E0,1.546250000E2
9.477944006E0,1.546250000E2
9.480568006E0,1.546250000E2
9.483193006E0,1.546250000E2
9.485817006E0,1.546250000E2
9.488442006E0,1.546250000E2
9.491067006E0,1.546250000E2
9.493691006E0,1.546250000E2
9.496316006E0,1.546250000E2
9.498940006E0,1.546250000E2
9.501565006E0,1.546250000E2
9.504189006E0,1.546250000E2
9.506814006E0,1.546250000E2
9.509438006E0,1.546250000E2
9.512063006E0,1.546250000E2
9.514687006E0,1.546250000E2
9.517312006E0,1.546250000E2
9.519936006E0,1.546250000E2
9.522561006E0,1.546250000E2
9.525185006E0,1.546250000E2
9.527810006E0,1.546250000E2
9.530434006E0,1.546250000E2
9.533059006E0,1.546250000E2
9.535683006E0,1.546250000E2
9.538308006E0,1.546250000E2
9.540932006E0,1.546250000E2
9.543557006E0,1.546250000E2
9.546181006E0,1.546250000E2
9.548806006E0,1.546250000E2
9.551430006E0,1.546250000E2
9.554055006E0,1.546250000E2
9.556679006E0,1.546250000E2
9.559304006E0,1.546250000E2
9.561928006E0,1.546250000E2
9.564553006E0,1.546250000E2
9.567177006E0,1.546250000E2
9.569802006E0,1.546250000E2
9.572426006E0,1.546250000E2
9.575051006E0,1.546250000E2
9.577675006E0,1.546250000E2
9.580300006E0,1.546250000E2
9.582924006E0,1.546250000E2
9.585549006E0,1.546250000E2
9.588173006E0,1.546250000E2
9.590798006E0,1.546250000E2
9.593422006E0,1.546250000E2
9.596047006E0,1.546250000E2
9.598671006E0,1.546250000E2
9.601296006E0,1.546250000E2
9.603921006E0,1.546250000E2
9.606545006E0,1.546250000E2
9.609170006E0,1.546250000E2
9.611794006E0,1.546250000E2
9.614419006E0,1.546250000E2
9.617043006E0,1.546250000E2
9.619668006E0,1.546250000E2
9.622292006E0,1.546250000E2
9.624917006E0,1.546250000E2
9.627541006E0,1.546250000E2
9.630166006E0,1.546250000E2
9.632790006E0,1.546250000E2
9.635415006E0,1.546250000E2
9.638039006E0,1.546250000E2
9.640664006E0,1.546250000E2
9.643288006E0,1.546250000E2
9.645913006E0,1.546250000E2
9.648537006E0,1.546250000E2
9.651162006E0,1.546250000E2
9.653786006E0,1.546250000E2
9.656411006E0,1.546250000E2
9.659035006E0,1.546250000E2
9.661660006E0,1.546250000E2
9.664284006E0,1.546250000E2
9.666909006E0,1.546250000E2
9.669533006E0,1.546250000E2
9.672158006E0,1.546250000E2
9.674782006E0,1.546250000E2
9.677407006E0,1.546250000E2
9.680031006E0,1.546250000E2
9.682656006E0,1.546250000E2
9.685280006E0,1.546250000E2
9.687905006E0,1.546250000E2
9.690529006E0,1.546250000E2
9.693154006E0,1.546250000E2
9.695778006E0,1.546250000E2
9.698403006E0,1.546250000E2
9.701027006E0,1.546250000E2
9.703652006E0,1.546250000E2
9.706276006E0,1.546250000E2
9.708901006E0,1.546250000E2
9.711526006E0,1.546250000E2
9.714150006E0,1.546250000E2
9.716775006E0,1.546250000E2
9.719399006E0,1.546250000E2
9.722024006E0,1.546250000E2
9.724648006E0,1.546250000E2
9.727273006E0,1.546250000E2
9.729897006E0,1.546250000E2
9.732522006E0,1.546250000E2
9.735146006E0,1.546250000E2
9.737771006E0,1.546250000E2
9.740395006E0,1.546250000E2
9.743020006E0,1.546250000E2
9.745644006E0,1.546250000E2
9.748269006E0,1.546250000E2
9.750893006E0,1.546250000E2
9.753518006E0,1.546250000E2
9.756142006E0,1.546250000E2
9.758767006E0,1.546250000E2
9.761391006E0,1.546250000E2
9.764016006E0,1.546250000E2
9.766640006E0,1.546250000E2
9.769265006E0,1.546250000E2
9.771889006E0,1.546250000E2
9.774514006E0,1.546250000E2
9.777138006E0,1.546250000E2
9.779763006E0,1.546250000E2
9.782387006E0,1.546250000E2
9.785012006E0,1.546250000E2
9.787636006E0,1.546250000E2
9.790261006E0,1.546250000E2
9.792885006E0,1.546250000E2
9.795510006E0,1.546250000E2
9.798134006E0,1.546250000E2
9.800759006E0,1.546250000E2
9.803383006E0,1.546250000E2
9.806008006E0,1.546250000E2
9.808632006E0,1.546250000E2
9.811257006E0,1.546250000E2
9.813881006E0,1.546250000E2
9.816506006E0,1.546250000E2
9.819130006E0,1.546250000E2
9.821755006E0,1.546250000E2
9.824380006E0,1.546250000E2
9.827004006E0,1.546250000E2
9.829629006E0,1.546250000E2
9.832253006E0,1.546250000E2
9.834878006E0,1.546250000E2
9.837502006E0,1.546250000E2
9.840127006E0,1.546250000E2
9.842751006E0,1.546250000E2
9.845376006E0,1.546250000E2
9.848000006E0,1.546250000E2
9.850625006E0,1.546250000E2
9.853249006E0,1.546250000E2
9.855874006E0,1.546250000E2
9.858498006E0,1.546250000E2
9.861123006E0,1.546250000E2
9.863747006E0,1.546250000E2
9.866372006E0,1.546250000E2
9.868996006E0,1.546250000E2
9.871621006E0,1.546250000E2
9.874245006E0,1.546250000E2
9.876870006E0,1.546250000E2
9.879494006E0,1.546250000E2
9.882119006E0,1.546250000E2
9.884743006E0,1.546250000E2
9.887368006E0,1.546250000E2
9.889992006E0,1.546250000E2
9.892617006E0,1.546250000E2
9.895241006E0,1.546250000E2
9.897866006E0,1.546250000E2
9.900490006E0,1.546250000E2
9.903115006E0,1.546250000E2
9.905739006E0,1.546250000E2
9.908364006E0,1.546250000E2
9.910988006E0,1.546250000E2
9.913613006E0,1.546250000E2
9.916237006E0,1.546250000E2
9.918862006E0,1.546250000E2
9.921486006E0,1.546250000E2
9.924111006E0,1.546250000E2
9.926735006E0,1.546250000E2
9.929360006E0,1.546250000E2
9.931984006E0,1.546250000E2
9.934609006E0,1.546250000E2
9.937234006E0,1.546250000E2
9.939858006E0,1.546250000E2
9.942483006E0,1.546250000E2
9.945107006E0,1.546250000E2
9.947732006E0,1.546250000E2
9.950356006E0,1.546250000E2
9.952981006E0,1.546250000E2
9.955605006E0,1.546250000E2
9.958230006E0,1.546250000E2
9.960854006E0,1.546250000E2
9.963479006E0,1.546250000E2
9.966103006E0,1.546250000E2
9.968728006E0,1.546250000E2
9.971352006E0,1.546250000E2
9.973977006E0,1.546250000E2
9.976601006E0,1.546250000E2
9.979226006E0,1.546250000E2
9.981850006E0,1.546250000E2
9.984475006E0,1.546250000E2
9.987099006E0,1.546250000E2
9.989724006E0,1.546250000E2
9.992348006E0,1.546250000E2
9.994973006E0,1.546250000E2
9.997597006E0,1.546250000E2
1.000022201E1,1.546250000E2
1.000284601E1,1.546250000E2
1.000547101E1,1.546250000E2
1.000809501E1,1.546250000E2
1.001072001E1,1.546250000E2
1.001334401E1,1.546250000E2
1.001596901E1,1.546250000E2
1.001859301E1,1.546250000E2
1.002121801E1,1.546250000E2
1.002384201E1,1.546250000E2
1.002646701E1,1.546250000E2
1.002909101E1,1.546250000E2
1.003171601E1,1.546250000E2
1.003434001E1,1.546250000E2
1.003696501E1,1.546250000E2
1.003958901E1,1.546250000E2
1.004221401E1,1.546250000E2
1.004483801E1,1.546250000E2
1.004746301E1,1.546250000E2
1.005008801E1,1.546250000E2
1.005271201E1,1.546250000E2
1.005533701E1,1.546250000E2
1.005796101E1,1.546250000E2
1.006058601E1,1.546250000E2
1.006321001E1,1.546250000E2
1.006583501E1,1.546250000E2
1.006845901E1,1.546250000E2
1.007108401E1,1.546250000E2
1.007370801E1,1.546250000E2
1.007633301E1,1.546250000E2
1.007895701E1,1.546250000E2
1.008158201E1,1.546250000E2
1.008420601E1,1.546250000E2
1.008683101E1,1.546250000E2
1.008945501E1,1.546250000E2
1.009208001E1,1.546250000E2
1.009470401E1,1.546250000E2
1.009732901E1,1.546250000E2
1.009995301E1,1.546250000E2
1.010257801E1,1.546250000E2
1.010520201E1,1.546250000E2
1.010782701E1,1.546250000E2
1.011045101E1,1.546250000E2
1.011307601E1,1.546250000E2
1.011570001E1,1.546250000E2
1.011832501E1,1.546250000E2
1.012094901E1,1.546250000E2
1.012357401E1,1.546250000E2
1.012619801E1,1.546250000E2
1.012882301E1,1.546250000E2
1.013144701E1,1.546250000E2
1.013407201E1,1.546250000E2
1.013669601E1,1.546250000E2
1.013932101E1,1.546250000E2
1.014194501E1,1.546250000E2
1.014457001E1,1.546250000E2
1.014719401E1,1.546250000E2
1.014981901E1,1.546250000E2
1.015244301E1,1.546250000E2
1.015506801E1,1.546250000E2
1.015769201E1,1.546250000E2
1.016031701E1,1.546250000E2
1.016294201E1,1.546250000E2
1.016556601E1,1.546250000E2
1.016819101E1,1.546250000E2
1.017081501E1,1.546250000E2
1.017344001E1,1.546250000E2
1.017606401E1,1.546250000E2
1.017868901E1,1.546250000E2
1.018131301E1,1.546250000E2
1.018393801E1,1.546250000E2
1.018656201E1,1.546250000E2
1.018918701E1,1.546250000E2
1.019181101E1,1.546250000E2
1.019443601E1,1.546250000E2
1.019706001E1,1.546250000E2
1.019968501E1,1.546250000E2
1.020230901E1,1.546250000E2
1.020493401E1,1.546250000E2
1.020755801E1,1.546250000E2
1.021018301E1,1.546250000E2
1.021280701E1,1.546250000E2
1.021543201E1,1.546250000E2
1.021805601E1,1.546250000E2
1.022068101E1,1.546250000E2
1.022330501E1,1.546250000E2
1.022593001E1,1.546250000E2
1.022855401E1,1.546250000E2
1.023117901E1,1.546250000E2
1.023380301E1,1.546250000E2
1.023642801E1,1.546250000E2
1.023905201E1,1.546250000E2
1.024167701E1,1.546250000E2
1.024430101E1,1.546250000E2
1.024692601E1,1.546250000E2
1.024955001E1,1.546250000E2
1.025217501E1,1.546250000E2
1.025479901E1,1.546250000E2
1.025742401E1,1.546250000E2
1.026004801E1,1.546250000E2
1.026267301E1,1.546250000E2
1.026529701E1,1.546250000E2
1.026792201E1,1.546250000E2
1.027054601E1,1.546250000E2
1.027317101E1,1.546250000E2
1.027579601E1,1.546250000E2
1.027842001E1,1.546250000E2
1.028104501E1,1.546250000E2
1.028366901E1,1.546250000E2
1.028629401E1,1.546250000E2
1.028891801E1,1.546250000E2
1.029154301E1,1.546250000E2
1.029416701E1,1.546250000E2
1.029679201E1,1.546250000E2
1.029941601E1,1.546250000E2
1.030204101E1,1.546250000E2
1.030466501E1,1.546250000E2
1.030729001E1,1.546250000E2
1.030991401E1,1.546250000E2
1.031253901E1,1.546250000E2
1.031516301E1,1.546250000E2
1.031778801E1,1.546250000E2
1.032041201E1,1.546250000E2
1.032303701E1,1.546250000E2
1.032566101E1,1.546250000E2
1.032828601E1,1.546250000E2
1.033091001E1,1.546250000E2
1.033353501E1,1.546250000E2
1.033615901E1,1.546250000E2
1.033878401E1,1.546250000E2
1.034140801E1,1.546250000E2
1.034403301E1,1.546250000E2
1.034665701E1,1.546250000E2
1.034928201E1,1.546250000E2
1.035190601E1,1.546250000E2
1.035453101E1,1.546250000E2
1.035715501E1,1.546250000E2
1.035978001E1,1.546250000E2
1.036240401E1,1.546250000E2
1.036502901E1,1.546250000E2
1.036765301E1,1.546250000E2
1.037027801E1,1.546250000E2
1.037290201E1,1.546250000E2
1.037552701E1,1.546250000E2
1.037815101E1,1.546250000E2
1.038077601E1,1.546250000E2
1.038340101E1,1.546250000E2
1.038602501E1,1.546250000E2
1.038865001E1,1.546250000E2
1.039127401E1,1.546250000E2
1.039389901E1,1.546250000E2
1.039652301E1,1.546250000E2
1.039914801E1,1.546250000E2
1.040177201E1,1.546250000E2
1.040439701E1,1.546250000E2
1.040702101E1,1.546250000E2
1.040964601E1,1.546250000E2
1.041227001E1,1.546250000E2
1.041489501E1,1.546250000E2
1.041751901E1,1.546250000E2
1.042014401E1,1.546250000E2
1.042276801E1,1.546250000E2
1.042539301E1,1.546250000E2
1.042801701E1,1.546250000E2
1.043064201E1,1.546250000E2
1.043326601E1,1.546250000E2
1.043589101E1,1.546250000E2
1.043851501E1,1.546250000E2
1.044114001E1,1.546250000E2
1.044376401E1,1.546250000E2
1.044638901E1,1.546250000E2
1.044901301E1,1.546250000E2
1.045163801E1,1.546250000E2
1.045426201E1,1.546250000E2
1.045688701E1,1.546250000E2
1.045951101E1,1.546250000E2
1.046213601E1,1.546250000E2
1.046476001E1,1.546250000E2
1.046738501E1,1.546250000E2
1.047000901E1,1.546250000E2
1.047263401E1,1.546250000E2
1.047525801E1,1.546250000E2
1.047788301E1,1.546250000E2
1.048050701E1,1.546250000E2
1.048313201E1,1.546250000E2
1.048575601E1,1.546250000E2
1.048838101E1,1.546250000E2
1.049100501E1,1.546250000E2
1.049363001E1,1.546250000E2
1.049625501E1,1.546250000E2
1.049887901E1,1.546250000E2
1.050150401E1,1.546250000E2
1.050412801E1,1.546250000E2
1.050675301E1,1.546250000E2
1.050937701E1,1.546250000E2
1.051200201E1,1.546250000E2
1.051462601E1,1.546250000E2
1.051725101E1,1.546250000E2
1.051987501E1,1.546250000E2
1.052250001E1,1.546250000E2
1.052512401E1,1.546250000E2
1.052774901E1,1.546250000E2
1.053037301E1,1.546250000E2
1.053299801E1,1.546250000E2
1.053562201E1,1.546250000E2
1.053824701E1,1.546250000E2
1.054087101E1,1.546250000E2
1.054349601E1,1.546250000E2
1.054612001E1,1.546250000E2
1.054874501E1,1.546250000E2
1.055136901E1,1.546250000E2
1.055399401E1,1.546250000E2
1.055661801E1,1.546250000E2
1.055924301E1,1.546250000E2
1.056186701E1,1.546250000E2
1.056449201E1,1.546250000E2
1.056711601E1,1.546250000E2
1.056974101E1,1.546250000E2
1.057236501E1,1.546250000E2
1.057499001E1,1.546250000E2
1.057761401E1,1.546250000E2
1.058023901E1,1.546250000E2
1.058286301E1,1.546250000E2
1.058548801E1,1.546250000E2
1.058811201E1,1.546250000E2
1.059073701E1,1.546250000E2
1.059336101E1,1.546250000E2
1.059598601E1,1.546250000E2
1.059861001E1,1.546250000E2
1.060123501E1,1.546250000E2
1.060385901E1,1.546250000E2
1.060648401E1,1.546250000E2
1.060910901E1,1.546250000E2
1.061173301E1,1.546250000E2
1.061435801E1,1.546250000E2
1.061698201E1,1.546250000E2
1.061960701E1,1.546250000E2
1.062223101E1,1.546250000E2
1.062485601E1,1.546250000E2
1.062748001E1,1.546250000E2
1.063010501E1,1.546250000E2
1.063272901E1,1.546250000E2
1.063535401E1,1.546250000E2
1.063797801E1,1.546250000E2
1.064060301E1,1.546250000E2
1.064322701E1,1.546250000E2
1.064585201E1,1.546250000E2
1.064847601E1,1.546250000E2
1.065110101E1,1.546250000E2
1.065372501E1,1.546250000E2
1.065635001E1,1.546250000E2
1.065897401E1,1.546250000E2
1.066159901E1,1.546250000E2
1.066422301E1,1.546250000E2
1.066684801E1,1.546250000E2
1.066947201E1,1.546250000E2
1.067209701E1,1.546250000E2
1.067472101E1,1.546250000E2
1.067734601E1,1.546250000E2
1.067997001E1,1.546250000E2
1.068259501E1,1.546250000E2
1.068521901E1,1.546250000E2
1.068784401E1,1.546250000E2
1.069046801E1,1.546250000E2
1.069309301E1,1.546250000E2
1.069571701E1,1.546250000E2
1.069834201E1,1.546250000E2
1.070096601E1,1.546250000E2
1.070359101E1,1.546250000E2
1.070621501E1,1.546250000E2
1.070884001E1,1.546250000E2
1.071146401E1,1.546250000E2
1.071408901E1,1.546250000E2
1.071671301E1,1.546250000E2
1.071933801E1,1.546250000E2
1.072196301E1,1.546250000E2
1.072458701E1,1.546250000E2
1.072721201E1,1.546250000E2
1.072983601E1,1.546250000E2
1.073246101E1,1.546250000E2
1.073508501E1,1.546250000E2
1.073771001E1,1.546250000E2
1.074033401E1,1.546250000E2
1.074295901E1,1.546250000E2
1.074558301E1,1.546250000E2
1.074820801E1,1.546250000E2
1.075083201E1,1.546250000E2
1.075345701E1,1.546250000E2
1.075608101E1,1.546250000E2
1.075870601E1,1.546250000E2
1.076133001E1,1.546250000E2
1.076395501E1,1.546250000E2
1.076657901E1,1.546250000E2
1.076920401E1,1.546250000E2
1.077182801E1,1.546250000E2
1.077445301E1,1.546250000E2
1.077707701E1,1.546250000E2
1.077970201E1,1.546250000E2
1.078232601E1,1.546250000E2
1.078495101E1,1.546250000E2
1.078757501E1,1.546250000E2
1.079020001E1,1.546250000E2
1.079282401E1,1.546250000E2
1.079544901E1,1.546250000E2
1.079807301E1,1.546250000E2
1.080069801E1,1.546250000E2
1.080332201E1,1.546250000E2
1.080594701E1,1.546250000E2
1.080857101E1,1.546250000E2
1.081119601E1,1.546250000E2
1.081382001E1,1.546250000E2
1.081644501E1,1.546250000E2
1.081906901E1,1.546250000E2
1.082169401E1,1.546250000E2
1.082431801E1,1.546250000E2
1.082694301E1,1.546250000E2
1.082956701E1,1.546250000E2
1.083219201E1,1.546250000E2
1.083481701E1,1.546250000E2
1.083744101E1,1.546250000E2
1.084006601E1,1.546250000E2
1.084269001E1,1.546250000E2
1.084531501E1,1.546250000E2
1.084793901E1,1.546250000E2
1.085056401E1,1.546250000E2
1.085318801E1,1.546250000E2
1.085581301E1,1.546250000E2
1.085843701E1,1.546250000E2
1.086106201E1,1.546250000E2
1.086368601E1,1.546250000E2
1.086631101E1,1.546250000E2
1.086893501E1,1.546250000E2
1.087156001E1,1.546250000E2
1.087418401E1,1.546250000E2
1.087680901E1,1.546250000E2
1.087943301E1,1.546250000E2
1.088205801E1,1.546250000E2
1.088468201E1,1.546250000E2
1.088730701E1,1.546250000E2
1.088993101E1,1.546250000E2
1.089255601E1,1.546250000E2
1.089518001E1,1.546250000E2
1.089780501E1,1.546250000E2
1.090042901E1,1.546250000E2
1.090305401E1,1.546250000E2
1.090567801E1,1.546250000E2
1.090830301E1,1.546250000E2
1.091092701E1,1.546250000E2
1.091355201E1,1.546250000E2
1.091617601E1,1.546250000E2
1.091880101E1,1.546250000E2
1.092142501E1,1.546250000E2
1.092405001E1,1.546250000E2
1.092667401E1,1.546250000E2
1.092929901E1,1.546250000E2
1.093192301E1,1.546250000E2
1.093454801E1,1.546250000E2
1.093717201E1,1.546250000E2
1.093979701E1,1.546250000E2
1.094242101E1,1.546250000E2
1.094504601E1,1.546250000E2
1.094767101E1,1.546250000E2
1.095029501E1,1.546250000E2
1.095292001E1,1.546250000E2
1.095554401E1,1.546250000E2
1.095816901E1,1.546250000E2
1.096079301E1,1.546250000E2
1.096341801E1,1.546250000E2
1.096604201E1,1.546250000E2
1.096866701E1,1.546250000E2
1.097129101E1,1.546250000E2
1.097391601E1,1.546250000E2
1.097654001E1,1.546250000E2
1.097916501E1,1.546250000E2
1.098178901E1,1.546250000E2
1.098441401E1,1.546250000E2
1.098703801E1,1.546250000E2
1.098966301E1,1.546250000E2
1.099228701E1,1.546250000E2
1.099491201E1,1.546250000E2
1.099753601E1,1.546250000E2
1.100016101E1,1.546250000E2
1.100278501E1,1.546250000E2
1.100541001E1,1.546250000E2
1.100803401E1,1.546250000E2
1.101065901E1,1.546250000E2
1.101328301E1,1.546250000E2
1.101590801E1,1.546250000E2
1.101853201E1,1.546250000E2
1.102115701E1,1.546250000E2
1.102378101E1,1.546250000E2
1.102640601E1,1.546250000E2
1.102903001E1,1.546250000E2
1.103165501E1,1.546250000E2
1.103427901E1,1.546250000E2
1.103690401E1,1.546250000E2
1.103952801E1,1.546250000E2
1.104215301E1,1.546250000E2
1.104477701E1,1.546250000E2
1.104740201E1,1.546250000E2
1.105002601E1,1.546250000E2
1.105265101E1,1.546250000E2
1.105527601E1,1.546250000E2
1.105790001E1,1.546250000E2
1.106052501E1,1.546250000E2
1.106314901E1,1.546250000E2
1.106577401E1,1.546250000E2
1.106839801E1,1.546250000E2
1.107102301E1,1.546250000E2
1.107364701E1,1.546250000E2
1.107627201E1,1.546250000E2
1.107889601E1,1.546250000E2
1.108152101E1,1.546250000E2
1.108414501E1,1.546250000E2
1.108677001E1,1.546250000E2
1.108939401E1,1.546250000E2
1.109201901E1,1.546250000E2
1.109464301E1,1.546250000E2
1.109726801E1,1.546250000E2
1.109989201E1,1.546250000E2
1.110251701E1,1.546250000E2
1.110514101E1,1.546250000E2
1.110776601E1,1.546250000E2
1.111039001E1,1.546250000E2
1.111301501E1,1.546250000E2
1.111563901E1,1.546250000E2
1.111826401E1,1.546250000E2
1.112088801E1,1.546250000E2
1.112351301E1,1.546250000E2
1.112613701E1,1.546250000E2
1.112876201E1,1.546250000E2
1.113138601E1,1.546250000E2
1.113401101E1,1.546250000E2
1.113663501E1,1.546250000E2
1.113926001E1,1.546250000E2
1.114188401E1,1.546250000E2
1.114450901E1,1.546250000E2
1.114713301E1,1.546250000E2
1.114975801E1,1.546250000E2
1.115238201E1,1.546250000E2
1.115500701E1,1.546250000E2
1.115763101E1,1.546250000E2
1.116025601E1,1.546250000E2
1.116288001E1,1.546250000E2
1.116550501E1,1.546250000E2
1.116813001E1,1.546250000E2
1.117075401E1,1.546250000E2
1.117337901E1,1.546250000E2
1.117600301E1,1.546250000E2
1.117862801E1,1.546250000E2
1.118125201E1,1.546250000E2
1.118387701E1,1.546250000E2
1.118650101E1,1.546250000E2
1.118912601E1,1.546250000E2
1.119175001E1,1.546250000E2
1.119437501E1,1.546250000E2
1.119699901E1,1.546250000E2
1.119962401E1,1.546250000E2
1.120224801E1,1.546250000E2
1.120487301E1,1.546250000E2
1.120749701E1,1.546250000E2
1.121012201E1,1.546250000E2
1.121274601E1,1.546250000E2
1.121537101E1,1.546250000E2
1.121799501E1,1.546250000E2
1.122062001E1,1.546250000E2
1.122324401E1,1.546250000E2
1.122586901E1,1.546250000E2
1.122849301E1,1.546250000E2
1.123111801E1,1.546250000E2
1.123374201E1,1.546250000E2
1.123636701E1,1.546250000E2
1.123899101E1,1.546250000E2
1.124161601E1,1.546250000E2
1.124424001E1,1.546250000E2
1.124686501E1,1.546250000E2
1.124948901E1,1.546250000E2
1.125211401E1,1.546250000E2
1.125473801E1,1.546250000E2
1.125736301E1,1.546250000E2
1.125998701E1,1.546250000E2
1.126261201E1,1.546250000E2
1.126523601E1,1.546250000E2
1.126786101E1,1.546250000E2
1.127048501E1,1.546250000E2
1.127311001E1,1.546250000E2
1.127573401E1,1.546250000E2
1.127835901E1,1.546250000E2
1.128098401E1,1.546250000E2
1.128360801E1,1.546250000E2
1.128623301E1,1.546250000E2
1.128885701E1,1.546250000E2
1.129148201E1,1.546250000E2
1.129410601E1,1.546250000E2
1.129673101E1,1.546250000E2
1.129935501E1,1.546250000E2
1.130198001E1,1.546250000E2
1.130460401E1,1.546250000E2
1.130722901E1,1.546250000E2
1.130985301E1,1.546250000E2
1.131247801E1,1.546250000E2
1.131510201E1,1.546250000E2
1.131772701E1,1.546250000E2
1.132035101E1,1.546250000E2
1.132297601E1,1.546250000E2
1.132560001E1,1.546250000E2
1.132822501E1,1.546250000E2
1.133084901E1,1.546250000E2
1.133347401E1,1.546250000E2
1.133609801E1,1.546250000E2
1.133872301E1,1.546250000E2
1.134134701E1,1.546250000E2
1.134397201E1,1.546250000E2
1.134659601E1,1.546250000E2
1.134922101E1,1.546250000E2
1.135184501E1,1.546250000E2
1.135447001E1,1.546250000E2
1.135709401E1,1.546250000E2
1.135971901E1,1.546250000E2
1.136234301E1,1.546250000E2
1.136496801E1,1.546250000E2
1.136759201E1,1.546250000E2
1.137021701E1,1.546250000E2
1.137284101E1,1.546250000E2
1.137546601E1,1.546250000E2
1.137809001E1,1.546250000E2
1.138071501E1,1.546250000E2
1.138333901E1,1.546250000E2
1.138596401E1,1.546250000E2
1.138858801E1,1.546250000E2
1.139121301E1,1.546250000E2
1.139383801E1,1.546250000E2
1.139646201E1,1.546250000E2
1.139908701E1,1.546250000E2
1.140171101E1,1.546250000E2
1.140433601E1,1.546250000E2
1.140696001E1,1.546250000E2
1.140958501E1,1.546250000E2
1.141220901E1,1.546250000E2
1.141483401E1,1.546250000E2
1.141745801E1,1.546250000E2
1.142008301E1,1.546250000E2
1.142270701E1,1.546250000E2
1.142533201E1,1.546250000E2
1.142795601E1,1.546250000E2
1.143058101E1,1.546250000E2
1.143320501E1,1.546250000E2
1.143583001E1,1.546250000E2
1.143845401E1,1.546250000E2
1.144107901E1,1.546250000E2
1.144370301E1,1.546250000E2
1.144632801E1,1.546250000E2
1.144895201E1,1.546250000E2
1.145157701E1,1.546250000E2
1.145420101E1,1.546250000E2
1.145682601E1,1.546250000E2
1.145945001E1,1.546250000E2
1.146207501E1,1.546250000E2
1.146469901E1,1.546250000E2
1.146732401E1,1.546250000E2
1.146994801E1,1.546250000E2
1.147257301E1,1.546250000E2
1.147519701E1,1.546250000E2
1.147782201E1,1.546250000E2
1.148044601E1,1.546250000E2
1.148307101E1,1.546250000E2
1.148569501E1,1.546250000E2
1.148832001E1,1.546250000E2
1.149094401E1,1.546250000E2
1.149356901E1,1.546250000E2
1.149619301E1,1.546250000E2
1.149881801E1,1.546250000E2
1.150144201E1,1.546250000E2
1.150406701E1,1.546250000E2
1.150669201E1,1.546250000E2
1.150931601E1,1.546250000E2
1.151194101E1,1.546250000E2
1.151456501E1,1.546250000E2
1.151719001E1,1.546250000E2
1.151981401E1,1.546250000E2
1.152243901E1,1.546250000E2
1.152506301E1,1.546250000E2
1.152768801E1,1.546250000E2
1.153031201E1,1.546250000E2
1.153293701E1,1.546250000E2
1.153556101E1,1.546250000E2
1.153818601E1,1.546250000E2
1.154081001E1,1.546250000E2
1.154343501E1,1.546250000E2
1.154605901E1,1.546250000E2
1.154868401E1,1.546250000E2
1.155130801E1,1.546250000E2
1.155393301E1,1.546250000E2
1.155655701E1,1.546250000E2
1.155918201E1,1.546250000E2
1.156180601E1,1.546250000E2
1.156443101E1,1.546250000E2
1.156705501E1,1.546250000E2
1.156968001E1,1.546250000E2
1.157230401E1,1.546250000E2
1.157492901E1,1.546250000E2
