"Time (s)","Illuminance (lx)"
0.000000000E0,1.937500000E1
1.159917800E-2,1.937500000E1
2.173117800E-2,1.937500000E1
2.438617800E-2,1.937500000E1
2.701117800E-2,1.937500000E1
2.963517800E-2,1.937500000E1
3.226017800E-2,1.937500000E1
3.488417800E-2,1.937500000E1
3.750917800E-2,1.937500000E1
4.013317800E-2,1.937500000E1
4.275817800E-2,1.937500000E1
4.538217800E-2,1.937500000E1
4.800717800E-2,1.937500000E1
5.063117800E-2,1.937500000E1
5.325617800E-2,1.937500000E1
5.588017800E-2,1.937500000E1
5.850517800E-2,1.937500000E1
6.112917800E-2,1.937500000E1
6.375417800E-2,1.937500000E1
6.637817800E-2,1.937500000E1
6.900317800E-2,1.937500000E1
7.162717800E-2,1.937500000E1
7.425217800E-2,1.937500000E1
7.687617800E-2,1.937500000E1
7.950117800E-2,1.937500000E1
8.212517800E-2,1.937500000E1
8.475017800E-2,1.937500000E1
8.737417800E-2,1.937500000E1
8.999917800E-2,1.937500000E1
9.262317800E-2,1.937500000E1
9.524817800E-2,1.937500000E1
9.787217800E-2,1.937500000E1
1.004971780E-1,1.937500000E1
1.031211780E-1,1.937500000E1
1.057461780E-1,1.937500000E1
1.083701780E-1,1.937500000E1
1.109951780E-1,1.937500000E1
1.136191780E-1,1.937500000E1
1.162441780E-1,1.937500000E1
1.188691780E-1,1.937500000E1
1.214931780E-1,1.937500000E1
1.241181780E-1,1.937500000E1
1.267421780E-1,1.937500000E1
1.293671780E-1,1.937500000E1
1.319911780E-1,1.937500000E1
1.346161780E-1,1.937500000E1
1.372401780E-1,1.937500000E1
1.398651780E-1,1.937500000E1
1.424891780E-1,1.937500000E1
1.451141780E-1,1.937500000E1
1.477381780E-1,1.937500000E1
1.503631780E-1,1.937500000E1
1.529871780E-1,1.937500000E1
1.556121780E-1,1.937500000E1
1.582361780E-1,1.937500000E1
1.608611780E-1,1.937500000E1
1.634851780E-1,1.937500000E1
1.661101780E-1,1.937500000E1
1.687341780E-1,1.937500000E1
1.713591780E-1,1.937500000E1
1.739831780E-1,1.937500000E1
1.766081780E-1,1.937500000E1
1.792321780E-1,1.937500000E1
1.818571780E-1,1.937500000E1
1.844811780E-1,1.937500000E1
1.871061780E-1,1.937500000E1
1.897301780E-1,1.937500000E1
1.923551780E-1,1.937500000E1
1.949791780E-1,1.937500000E1
1.976041780E-1,1.937500000E1
2.002281780E-1,1.937500000E1
2.028531780E-1,1.937500000E1
2.054771780E-1,1.937500000E1
2.081021780E-1,1.937500000E1
2.107261780E-1,1.937500000E1
2.133511780E-1,1.937500000E1
2.159751780E-1,1.937500000E1
2.186001780E-1,1.937500000E1
2.212241780E-1,1.937500000E1
2.238491780E-1,1.937500000E1
2.264731780E-1,1.937500000E1
2.290981780E-1,1.937500000E1
2.317231780E-1,1.937500000E1
2.343471780E-1,1.937500000E1
2.369721780E-1,1.937500000E1
2.395961780E-1,1.937500000E1
2.422211780E-1,1.937500000E1
2.448451780E-1,1.937500000E1
2.474701780E-1,1.937500000E1
2.500941780E-1,1.937500000E1
2.527191780E-1,1.937500000E1
2.553431780E-1,1.937500000E1
2.579681780E-1,1.937500000E1
2.605921780E-1,1.937500000E1
2.632171780E-1,1.937500000E1
2.658411780E-1,1.937500000E1
2.684661780E-1,1.937500000E1
2.710901780E-1,1.937500000E1
2.737151780E-1,1.937500000E1
2.763391780E-1,1.937500000E1
2.789641780E-1,1.937500000E1
2.815881780E-1,1.937500000E1
2.842131780E-1,1.937500000E1
2.868371780E-1,1.937500000E1
2.894621780E-1,1.937500000E1
2.920861780E-1,1.937500000E1
2.947111780E-1,1.937500000E1
2.973351780E-1,1.937500000E1
2.999601780E-1,1.937500000E1
3.025841780E-1,1.937500000E1
3.052091780E-1,1.937500000E1
3.078331780E-1,1.937500000E1
3.104581780E-1,1.937500000E1
3.130821780E-1,1.937500000E1
3.157071780E-1,1.937500000E1
3.183311780E-1,1.937500000E1
3.209561780E-1,1.937500000E1
3.235801780E-1,1.937500000E1
3.262051780E-1,1.937500000E1
3.288291780E-1,1.937500000E1
3.314541780E-1,1.937500000E1
3.340781780E-1,1.937500000E1
3.367031780E-1,1.937500000E1
3.393271780E-1,1.937500000E1
3.419521780E-1,1.937500000E1
3.445771780E-1,1.937500000E1
3.472011780E-1,1.937500000E1
3.498261780E-1,1.937500000E1
3.524501780E-1,1.937500000E1
3.550751780E-1,1.937500000E1
3.576991780E-1,1.937500000E1
3.603241780E-1,1.937500000E1
3.629481780E-1,1.937500000E1
3.655731780E-1,1.937500000E1
3.681971780E-1,1.937500000E1
3.708221780E-1,1.937500000E1
3.734461780E-1,1.937500000E1
3.760711780E-1,1.937500000E1
3.786951780E-1,1.937500000E1
3.813201780E-1,1.937500000E1
3.839441780E-1,1.937500000E1
3.865691780E-1,1.937500000E1
3.891931780E-1,1.937500000E1
3.918181780E-1,1.937500000E1
3.944421780E-1,1.937500000E1
3.970671780E-1,1.937500000E1
3.996911780E-1,1.937500000E1
4.023161780E-1,1.937500000E1
4.049401780E-1,1.937500000E1
4.075651780E-1,1.937500000E1
4.101891780E-1,1.937500000E1
4.128141780E-1,1.937500000E1
4.154381780E-1,1.937500000E1
4.180631780E-1,1.937500000E1
4.206871780E-1,1.937500000E1
4.233121780E-1,1.937500000E1
4.259361780E-1,1.937500000E1
4.285611780E-1,1.937500000E1
4.311851780E-1,1.937500000E1
4.338101780E-1,1.937500000E1
4.364341780E-1,1.937500000E1
4.390591780E-1,1.937500000E1
4.416831780E-1,1.937500000E1
4.443081780E-1,1.937500000E1
4.469321780E-1,1.937500000E1
4.495571780E-1,1.937500000E1
4.521821780E-1,1.937500000E1
4.548061780E-1,1.937500000E1
4.574311780E-1,1.937500000E1
4.600551780E-1,1.937500000E1
4.626801780E-1,1.937500000E1
4.653041780E-1,1.937500000E1
4.679291780E-1,1.937500000E1
4.705531780E-1,1.937500000E1
4.731781780E-1,1.937500000E1
4.758021780E-1,1.937500000E1
4.784271780E-1,1.937500000E1
4.810511780E-1,1.937500000E1
4.836761780E-1,1.937500000E1
4.863001780E-1,1.937500000E1
4.889251780E-1,1.937500000E1
4.915491780E-1,1.937500000E1
4.941741780E-1,1.937500000E1
4.967981780E-1,1.937500000E1
4.994231780E-1,1.937500000E1
5.020471780E-1,1.937500000E1
5.046721780E-1,1.937500000E1
5.072961780E-1,1.937500000E1
5.099211780E-1,1.937500000E1
5.125451780E-1,1.937500000E1
5.151701780E-1,1.937500000E1
5.177941780E-1,1.937500000E1
5.204191780E-1,1.937500000E1
5.230431780E-1,1.937500000E1
5.256681780E-1,1.937500000E1
5.282921780E-1,1.937500000E1
5.309171780E-1,1.937500000E1
5.335411780E-1,1.937500000E1
5.361661780E-1,1.937500000E1
5.387901780E-1,1.937500000E1
5.414151780E-1,1.937500000E1
5.440391780E-1,1.937500000E1
5.466641780E-1,1.937500000E1
5.492881780E-1,1.937500000E1
5.519131780E-1,1.937500000E1
5.545371780E-1,1.937500000E1
5.571621780E-1,1.937500000E1
5.597861780E-1,1.937500000E1
5.624111780E-1,1.937500000E1
5.650361780E-1,1.937500000E1
5.676601780E-1,1.937500000E1
5.702851780E-1,1.937500000E1
5.729091780E-1,1.937500000E1
5.755341780E-1,1.937500000E1
5.781581780E-1,1.937500000E1
5.807831780E-1,1.937500000E1
5.834071780E-1,1.937500000E1
5.860321780E-1,1.937500000E1
5.886561780E-1,1.937500000E1
5.912811780E-1,1.937500000E1
5.939051780E-1,1.937500000E1
5.965301780E-1,1.937500000E1
5.991541780E-1,1.937500000E1
6.017791780E-1,1.937500000E1
6.044031780E-1,1.937500000E1
6.070281780E-1,1.937500000E1
6.096521780E-1,1.937500000E1
6.122771780E-1,1.937500000E1
6.149011780E-1,1.937500000E1
6.175261780E-1,1.937500000E1
6.201501780E-1,1.937500000E1
6.227751780E-1,1.937500000E1
6.253991780E-1,1.937500000E1
6.280241780E-1,1.937500000E1
6.306481780E-1,1.937500000E1
6.332731780E-1,1.937500000E1
6.358971780E-1,1.937500000E1
6.385221780E-1,1.937500000E1
6.411461780E-1,1.937500000E1
6.437711780E-1,1.937500000E1
6.463951780E-1,1.937500000E1
6.490201780E-1,1.937500000E1
6.516441780E-1,1.937500000E1
6.542691780E-1,1.937500000E1
6.568931780E-1,1.937500000E1
6.595181780E-1,1.937500000E1
6.621421780E-1,1.937500000E1
6.647671780E-1,1.937500000E1
6.673911780E-1,1.937500000E1
6.700161780E-1,1.937500000E1
6.726401780E-1,1.937500000E1
6.752651780E-1,1.937500000E1
6.778901780E-1,1.937500000E1
6.805141780E-1,1.937500000E1
6.831391780E-1,1.937500000E1
6.857631780E-1,1.937500000E1
6.883881780E-1,1.937500000E1
6.910121780E-1,1.937500000E1
6.936371780E-1,1.937500000E1
6.962611780E-1,1.937500000E1
6.988861780E-1,1.937500000E1
7.015101780E-1,1.937500000E1
7.041351780E-1,1.937500000E1
7.067591780E-1,1.937500000E1
7.093841780E-1,1.937500000E1
7.120081780E-1,1.937500000E1
7.146331780E-1,1.937500000E1
7.172571780E-1,1.937500000E1
7.198821780E-1,1.937500000E1
7.225061780E-1,1.937500000E1
7.251311780E-1,1.937500000E1
7.277551780E-1,1.937500000E1
7.303801780E-1,1.937500000E1
7.330041780E-1,1.937500000E1
7.356291780E-1,1.937500000E1
7.382531780E-1,1.937500000E1
7.408781780E-1,1.937500000E1
7.435021780E-1,1.937500000E1
7.461271780E-1,1.937500000E1
7.487511780E-1,1.937500000E1
7.513761780E-1,1.937500000E1
7.540001780E-1,1.937500000E1
7.566251780E-1,1.937500000E1
7.592491780E-1,1.937500000E1
7.618741780E-1,1.937500000E1
7.644981780E-1,1.937500000E1
7.671231780E-1,1.937500000E1
7.697471780E-1,1.937500000E1
7.723721780E-1,1.937500000E1
7.749961780E-1,1.937500000E1
7.776211780E-1,1.937500000E1
7.802451780E-1,1.937500000E1
7.828701780E-1,1.937500000E1
7.854941780E-1,1.937500000E1
7.881191780E-1,1.937500000E1
7.907441780E-1,1.937500000E1
7.933681780E-1,1.937500000E1
7.959931780E-1,1.937500000E1
7.986171780E-1,1.937500000E1
8.012421780E-1,1.937500000E1
8.038661780E-1,1.937500000E1
8.064911780E-1,1.937500000E1
8.091151780E-1,1.937500000E1
8.117401780E-1,1.937500000E1
8.143641780E-1,1.937500000E1
8.169891780E-1,1.937500000E1
8.196131780E-1,1.937500000E1
8.222381780E-1,1.937500000E1
8.248621780E-1,1.937500000E1
8.274871780E-1,1.937500000E1
8.301111780E-1,1.937500000E1
8.327361780E-1,1.937500000E1
8.353601780E-1,1.937500000E1
8.379851780E-1,1.937500000E1
8.406091780E-1,1.937500000E1
8.432341780E-1,1.937500000E1
8.458581780E-1,1.937500000E1
8.484831780E-1,1.937500000E1
8.511071780E-1,1.937500000E1
8.537321780E-1,1.937500000E1
8.563561780E-1,1.937500000E1
8.589811780E-1,1.937500000E1
8.616051780E-1,1.937500000E1
8.642301780E-1,1.937500000E1
8.668541780E-1,1.937500000E1
8.694791780E-1,1.937500000E1
8.721031780E-1,1.937500000E1
8.747281780E-1,1.937500000E1
8.773521780E-1,1.937500000E1
8.799771780E-1,1.937500000E1
8.826011780E-1,1.937500000E1
8.852261780E-1,1.937500000E1
8.878501780E-1,1.937500000E1
8.904751780E-1,1.937500000E1
8.930991780E-1,1.937500000E1
8.957241780E-1,1.937500000E1
8.983481780E-1,1.937500000E1
9.009731780E-1,1.937500000E1
9.035981780E-1,1.937500000E1
9.062221780E-1,1.937500000E1
9.088471780E-1,1.937500000E1
9.114711780E-1,1.937500000E1
9.140961780E-1,1.937500000E1
9.167201780E-1,1.937500000E1
9.193451780E-1,1.937500000E1
9.219691780E-1,1.937500000E1
9.245941780E-1,1.937500000E1
9.272181780E-1,1.937500000E1
9.298431780E-1,1.937500000E1
9.324671780E-1,1.937500000E1
9.350921780E-1,1.937500000E1
9.377161780E-1,1.937500000E1
9.403411780E-1,1.937500000E1
9.429651780E-1,1.937500000E1
9.455901780E-1,1.937500000E1
9.482141780E-1,1.937500000E1
9.508391780E-1,1.937500000E1
9.534631780E-1,1.937500000E1
9.560881780E-1,1.937500000E1
9.587121780E-1,1.937500000E1
9.613371780E-1,1.937500000E1
9.639611780E-1,1.937500000E1
9.665861780E-1,1.937500000E1
9.692101780E-1,1.937500000E1
9.718351780E-1,1.937500000E1
9.744591780E-1,1.937500000E1
9.770841780E-1,1.937500000E1
9.797081780E-1,1.937500000E1
9.823331780E-1,1.937500000E1
9.849571780E-1,1.937500000E1
9.875821780E-1,1.937500000E1
9.902061780E-1,1.937500000E1
9.928311780E-1,1.937500000E1
9.954551780E-1,1.937500000E1
9.980801780E-1,1.937500000E1
1.000704178E0,1.937500000E1
1.003329178E0,1.937500000E1
1.005953178E0,1.937500000E1
1.008578178E0,1.937500000E1
1.011202178E0,1.937500000E1
1.013827178E0,1.937500000E1
1.016452178E0,1.937500000E1
1.019076178E0,1.937500000E1
1.021701178E0,1.937500000E1
1.024325178E0,1.937500000E1
1.026950178E0,1.937500000E1
1.029574178E0,1.937500000E1
1.032199178E0,1.937500000E1
1.034823178E0,1.937500000E1
1.037448178E0,1.937500000E1
1.040072178E0,1.937500000E1
1.042697178E0,1.937500000E1
1.045321178E0,1.937500000E1
1.047946178E0,1.937500000E1
1.050570178E0,1.937500000E1
1.053195178E0,1.937500000E1
1.055819178E0,1.937500000E1
1.058444178E0,1.937500000E1
1.061068178E0,1.937500000E1
1.063693178E0,1.937500000E1
1.066317178E0,1.937500000E1
1.068942178E0,1.937500000E1
1.071566178E0,1.937500000E1
1.074191178E0,1.937500000E1
1.076815178E0,1.937500000E1
1.079440178E0,1.937500000E1
1.082064178E0,1.937500000E1
1.084689178E0,1.937500000E1
1.087313178E0,1.937500000E1
1.089938178E0,1.937500000E1
1.092562178E0,1.937500000E1
1.095187178E0,1.937500000E1
1.097811178E0,1.937500000E1
1.100436178E0,1.937500000E1
1.103060178E0,1.937500000E1
1.105685178E0,1.937500000E1
1.108309178E0,1.937500000E1
1.110934178E0,1.937500000E1
1.113558178E0,1.937500000E1
1.116183178E0,1.937500000E1
1.118807178E0,1.937500000E1
1.121432178E0,1.937500000E1
1.124057178E0,1.937500000E1
1.126681178E0,1.937500000E1
1.129306178E0,1.937500000E1
1.131930178E0,1.937500000E1
1.134555178E0,1.937500000E1
1.137179178E0,1.937500000E1
1.139804178E0,1.937500000E1
1.142428178E0,1.937500000E1
1.145053178E0,1.937500000E1
1.147677178E0,1.937500000E1
1.150302178E0,1.937500000E1
1.152926178E0,1.937500000E1
1.155551178E0,1.937500000E1
1.158175178E0,1.937500000E1
1.160800178E0,1.937500000E1
1.163424178E0,1.937500000E1
1.166049178E0,1.937500000E1
1.168673178E0,1.937500000E1
1.171298178E0,1.937500000E1
1.173922178E0,1.937500000E1
1.176547178E0,1.937500000E1
1.179171178E0,1.937500000E1
1.181796178E0,1.937500000E1
1.184420178E0,1.937500000E1
1.187045178E0,1.937500000E1
1.189669178E0,1.937500000E1
1.192294178E0,1.937500000E1
1.194918178E0,1.937500000E1
1.197543178E0,1.937500000E1
1.200167178E0,1.937500000E1
1.202792178E0,1.937500000E1
1.205416178E0,1.937500000E1
1.208041178E0,1.937500000E1
1.210665178E0,1.937500000E1
1.213290178E0,1.937500000E1
1.215914178E0,1.937500000E1
1.218539178E0,1.937500000E1
1.221163178E0,1.937500000E1
1.223788178E0,1.937500000E1
1.226412178E0,1.937500000E1
1.229037178E0,1.937500000E1
1.231661178E0,1.937500000E1
1.234286178E0,1.937500000E1
1.236911178E0,1.937500000E1
1.239535178E0,1.937500000E1
1.242160178E0,1.937500000E1
1.244784178E0,1.937500000E1
1.247409178E0,1.937500000E1
1.250033178E0,1.937500000E1
1.252658178E0,1.937500000E1
1.255282178E0,1.937500000E1
1.257907178E0,1.937500000E1
1.260531178E0,1.937500000E1
1.263156178E0,1.937500000E1
1.265780178E0,1.937500000E1
1.268405178E0,1.937500000E1
1.271029178E0,1.937500000E1
1.273654178E0,1.937500000E1
1.276278178E0,1.937500000E1
1.278903178E0,1.937500000E1
1.281527178E0,1.937500000E1
1.284152178E0,1.937500000E1
1.286776178E0,1.937500000E1
1.289401178E0,1.937500000E1
1.292025178E0,1.937500000E1
1.294650178E0,1.937500000E1
1.297274178E0,1.937500000E1
1.299899178E0,1.937500000E1
1.302523178E0,1.937500000E1
1.305148178E0,1.937500000E1
1.307772178E0,1.937500000E1
1.310397178E0,1.937500000E1
1.313021178E0,1.937500000E1
1.315646178E0,1.937500000E1
1.318270178E0,1.937500000E1
1.320895178E0,1.937500000E1
1.323519178E0,1.937500000E1
1.326144178E0,1.937500000E1
1.328768178E0,1.937500000E1
1.331393178E0,1.937500000E1
1.334017178E0,1.937500000E1
1.336642178E0,1.937500000E1
1.339266178E0,1.937500000E1
1.341891178E0,1.937500000E1
1.344515178E0,1.937500000E1
1.347140178E0,1.937500000E1
1.349765178E0,1.937500000E1
1.352389178E0,1.937500000E1
1.355014178E0,1.937500000E1
1.357638178E0,1.937500000E1
1.360263178E0,1.937500000E1
1.362887178E0,1.937500000E1
1.365512178E0,1.937500000E1
1.368136178E0,1.937500000E1
1.370761178E0,1.937500000E1
1.373385178E0,1.937500000E1
1.376010178E0,1.937500000E1
1.378634178E0,1.937500000E1
1.381259178E0,1.937500000E1
1.383883178E0,1.937500000E1
1.386508178E0,1.937500000E1
1.389132178E0,1.937500000E1
1.391757178E0,1.937500000E1
1.394381178E0,1.937500000E1
1.397006178E0,1.937500000E1
1.399630178E0,1.937500000E1
1.402255178E0,1.937500000E1
1.404879178E0,1.937500000E1
1.407504178E0,1.937500000E1
1.410128178E0,1.937500000E1
1.412753178E0,1.937500000E1
1.415377178E0,1.937500000E1
1.418002178E0,1.937500000E1
1.420626178E0,1.937500000E1
1.423251178E0,1.937500000E1
1.425875178E0,1.937500000E1
1.428500178E0,1.937500000E1
1.431124178E0,1.937500000E1
1.433749178E0,1.937500000E1
1.436373178E0,1.937500000E1
1.438998178E0,1.937500000E1
1.441622178E0,1.937500000E1
1.444247178E0,1.937500000E1
1.446871178E0,1.937500000E1
1.449496178E0,1.937500000E1
1.452120178E0,1.937500000E1
1.454745178E0,1.937500000E1
1.457369178E0,1.937500000E1
1.459994178E0,1.937500000E1
1.462619178E0,1.937500000E1
1.465243178E0,1.937500000E1
1.467868178E0,1.937500000E1
1.470492178E0,1.937500000E1
1.473117178E0,1.937500000E1
1.475741178E0,1.937500000E1
1.478366178E0,1.937500000E1
1.480990178E0,1.937500000E1
1.483615178E0,1.937500000E1
1.486239178E0,1.937500000E1
1.488864178E0,1.937500000E1
1.491488178E0,1.937500000E1
1.494113178E0,1.937500000E1
1.496737178E0,1.937500000E1
1.499362178E0,1.937500000E1
1.501986178E0,1.937500000E1
1.504611178E0,1.937500000E1
1.507235178E0,1.937500000E1
1.509860178E0,1.937500000E1
1.512484178E0,1.937500000E1
1.515109178E0,1.937500000E1
1.517733178E0,1.937500000E1
1.520358178E0,1.937500000E1
1.522982178E0,1.937500000E1
1.525607178E0,1.937500000E1
1.528231178E0,1.937500000E1
1.530856178E0,1.937500000E1
1.533480178E0,1.937500000E1
1.536105178E0,1.937500000E1
1.538729178E0,1.937500000E1
1.541354178E0,1.937500000E1
1.543978178E0,1.937500000E1
1.546603178E0,1.937500000E1
1.549227178E0,1.937500000E1
1.551852178E0,1.937500000E1
1.554476178E0,1.937500000E1
1.557101178E0,1.937500000E1
1.559725178E0,1.937500000E1
1.562350178E0,1.937500000E1
1.564974178E0,1.937500000E1
1.567599178E0,1.937500000E1
1.570223178E0,1.937500000E1
1.572848178E0,1.937500000E1
1.575473178E0,1.937500000E1
1.578097178E0,1.937500000E1
1.580722178E0,1.937500000E1
1.583346178E0,1.937500000E1
1.585971178E0,1.937500000E1
1.588595178E0,1.937500000E1
1.591220178E0,1.937500000E1
1.593844178E0,1.937500000E1
1.596469178E0,1.937500000E1
1.599093178E0,1.937500000E1
1.601718178E0,1.937500000E1
1.604342178E0,1.937500000E1
1.606967178E0,1.937500000E1
1.609591178E0,1.937500000E1
1.612216178E0,1.937500000E1
1.614840178E0,1.937500000E1
1.617465178E0,1.937500000E1
1.620089178E0,1.937500000E1
1.622714178E0,1.937500000E1
1.625338178E0,1.937500000E1
1.627963178E0,1.937500000E1
1.630587178E0,1.937500000E1
1.633212178E0,1.937500000E1
1.635836178E0,1.937500000E1
1.638461178E0,1.937500000E1
1.641085178E0,1.937500000E1
1.643710178E0,1.937500000E1
1.646334178E0,1.937500000E1
1.648959178E0,1.937500000E1
1.651583178E0,1.937500000E1
1.654208178E0,1.937500000E1
1.656832178E0,1.937500000E1
1.659457178E0,1.937500000E1
1.662081178E0,1.937500000E1
1.664706178E0,1.937500000E1
1.667330178E0,1.937500000E1
1.669955178E0,1.937500000E1
1.672579178E0,1.937500000E1
1.675204178E0,1.937500000E1
1.677828178E0,1.937500000E1
1.680453178E0,1.937500000E1
1.683077178E0,1.937500000E1
1.685702178E0,1.937500000E1
1.688327178E0,1.937500000E1
1.690951178E0,1.937500000E1
1.693576178E0,1.937500000E1
1.696200178E0,1.937500000E1
1.698825178E0,1.937500000E1
1.701449178E0,1.937500000E1
1.704074178E0,1.937500000E1
1.706698178E0,1.937500000E1
1.709323178E0,1.937500000E1
1.711947178E0,1.937500000E1
1.714572178E0,1.937500000E1
1.717196178E0,1.937500000E1
1.719821178E0,1.937500000E1
1.722445178E0,1.937500000E1
1.725070178E0,1.937500000E1
1.727694178E0,1.937500000E1
1.730319178E0,1.937500000E1
1.732943178E0,1.937500000E1
1.735568178E0,1.937500000E1
1.738192178E0,1.937500000E1
1.740817178E0,1.937500000E1
1.743441178E0,1.937500000E1
1.746066178E0,1.937500000E1
1.748690178E0,1.937500000E1
1.751315178E0,1.937500000E1
1.753939178E0,1.937500000E1
1.756564178E0,1.937500000E1
1.759188178E0,1.937500000E1
1.761813178E0,1.937500000E1
1.764437178E0,1.937500000E1
1.767062178E0,1.937500000E1
1.769686178E0,1.937500000E1
1.772311178E0,1.937500000E1
1.774935178E0,1.937500000E1
1.777560178E0,1.937500000E1
1.780184178E0,1.937500000E1
1.782809178E0,1.937500000E1
1.785433178E0,1.937500000E1
1.788058178E0,1.937500000E1
1.790682178E0,1.937500000E1
1.793307178E0,1.937500000E1
1.795932178E0,1.937500000E1
1.798556178E0,1.937500000E1
1.801181178E0,1.937500000E1
1.803805178E0,1.937500000E1
1.806430178E0,1.937500000E1
1.809054178E0,1.937500000E1
1.811679178E0,1.937500000E1
1.814303178E0,1.937500000E1
1.816928178E0,1.937500000E1
1.819552178E0,1.937500000E1
1.822177178E0,1.937500000E1
1.824801178E0,1.937500000E1
1.827426178E0,1.937500000E1
1.830050178E0,1.937500000E1
1.832675178E0,1.937500000E1
1.835299178E0,1.937500000E1
1.837924178E0,1.937500000E1
1.840548178E0,1.937500000E1
1.843173178E0,1.937500000E1
1.845797178E0,1.937500000E1
1.848422178E0,1.937500000E1
1.851046178E0,1.937500000E1
1.853671178E0,1.937500000E1
1.856295178E0,1.937500000E1
1.858920178E0,1.937500000E1
1.861544178E0,1.937500000E1
1.864169178E0,1.937500000E1
1.866793178E0,1.937500000E1
1.869418178E0,1.937500000E1
1.872042178E0,1.937500000E1
1.874667178E0,1.937500000E1
1.877291178E0,1.937500000E1
1.879916178E0,1.937500000E1
1.882540178E0,1.937500000E1
1.885165178E0,1.937500000E1
1.887789178E0,1.937500000E1
1.890414178E0,1.937500000E1
1.893038178E0,1.937500000E1
1.895663178E0,1.937500000E1
1.898287178E0,1.937500000E1
1.900912178E0,1.937500000E1
1.903536178E0,1.937500000E1
1.906161178E0,1.937500000E1
1.908786178E0,1.937500000E1
1.911410178E0,1.937500000E1
1.914035178E0,1.937500000E1
1.916659178E0,1.937500000E1
1.919284178E0,1.937500000E1
1.921908178E0,1.937500000E1
1.924533178E0,1.937500000E1
1.927157178E0,1.937500000E1
1.929782178E0,1.937500000E1
1.932406178E0,1.937500000E1
1.935031178E0,1.937500000E1
1.937655178E0,1.937500000E1
1.940280178E0,1.937500000E1
1.942904178E0,1.937500000E1
1.945529178E0,1.937500000E1
1.948153178E0,1.937500000E1
1.950778178E0,1.937500000E1
1.953402178E0,1.937500000E1
1.956027178E0,1.937500000E1
1.958651178E0,1.937500000E1
1.961276178E0,1.937500000E1
1.963900178E0,1.937500000E1
1.966525178E0,1.937500000E1
1.969149178E0,1.937500000E1
1.971774178E0,1.937500000E1
1.974398178E0,1.937500000E1
1.977023178E0,1.937500000E1
1.979647178E0,1.937500000E1
1.982272178E0,1.937500000E1
1.984896178E0,1.937500000E1
1.987521178E0,1.937500000E1
1.990145178E0,1.937500000E1
1.992770178E0,1.937500000E1
1.995394178E0,1.937500000E1
1.998019178E0,1.937500000E1
2.000643178E0,1.937500000E1
2.003268178E0,1.937500000E1
2.005892178E0,1.937500000E1
2.008517178E0,1.937500000E1
2.011141178E0,1.937500000E1
2.013766178E0,1.937500000E1
2.016390178E0,1.937500000E1
2.019015178E0,1.937500000E1
2.021640178E0,1.937500000E1
2.024264178E0,1.937500000E1
2.026889178E0,1.937500000E1
2.029513178E0,1.937500000E1
2.032138178E0,1.937500000E1
2.034762178E0,1.937500000E1
2.037387178E0,1.937500000E1
2.040011178E0,1.937500000E1
2.042636178E0,1.937500000E1
2.045260178E0,1.937500000E1
2.047885178E0,1.937500000E1
2.050509178E0,1.937500000E1
2.053134178E0,1.937500000E1
2.055758178E0,1.937500000E1
2.058383178E0,1.937500000E1
2.061007178E0,1.937500000E1
2.063632178E0,1.937500000E1
2.066256178E0,1.937500000E1
2.068881178E0,1.937500000E1
2.071505178E0,1.937500000E1
2.074130178E0,1.937500000E1
2.076754178E0,1.937500000E1
2.079379178E0,1.937500000E1
2.082003178E0,1.937500000E1
2.084628178E0,1.937500000E1
2.087252178E0,1.937500000E1
2.089877178E0,1.937500000E1
2.092501178E0,1.937500000E1
2.095126178E0,1.937500000E1
2.097750178E0,1.937500000E1
2.100375178E0,1.937500000E1
2.102999178E0,1.937500000E1
2.105624178E0,1.937500000E1
2.108248178E0,1.937500000E1
2.110873178E0,1.937500000E1
2.113497178E0,1.937500000E1
2.116122178E0,1.937500000E1
2.118746178E0,1.937500000E1
2.121371178E0,1.937500000E1
2.123995178E0,1.937500000E1
2.126620178E0,1.937500000E1
2.129244178E0,1.937500000E1
2.131869178E0,1.937500000E1
2.134494178E0,1.937500000E1
2.137118178E0,1.937500000E1
2.139743178E0,1.937500000E1
2.142367178E0,1.937500000E1
2.144992178E0,1.937500000E1
2.147616178E0,1.937500000E1
2.150241178E0,1.937500000E1
2.152865178E0,1.937500000E1
2.155490178E0,1.937500000E1
2.158114178E0,1.937500000E1
2.160739178E0,1.937500000E1
2.163363178E0,1.937500000E1
2.165988178E0,1.937500000E1
2.168612178E0,1.937500000E1
2.171237178E0,1.937500000E1
2.173861178E0,1.937500000E1
2.176486178E0,1.937500000E1
2.179110178E0,1.937500000E1
2.181735178E0,1.937500000E1
2.184359178E0,1.937500000E1
2.186984178E0,1.937500000E1
2.189608178E0,1.937500000E1
2.192233178E0,1.937500000E1
2.194857178E0,1.937500000E1
2.197482178E0,1.937500000E1
2.200106178E0,1.937500000E1
2.202731178E0,1.937500000E1
2.205355178E0,1.937500000E1
2.207980178E0,1.937500000E1
2.210604178E0,1.937500000E1
2.213229178E0,1.937500000E1
2.215853178E0,1.937500000E1
2.218478178E0,1.937500000E1
2.221102178E0,1.937500000E1
2.223727178E0,1.937500000E1
2.226351178E0,1.937500000E1
2.228976178E0,1.937500000E1
2.231600178E0,1.937500000E1
2.234225178E0,1.937500000E1
2.236849178E0,1.937500000E1
2.239474178E0,1.937500000E1
2.242098178E0,1.937500000E1
2.244723178E0,1.937500000E1
2.247348178E0,1.937500000E1
2.249972178E0,1.937500000E1
2.252597178E0,1.937500000E1
2.255221178E0,1.937500000E1
2.257846178E0,1.937500000E1
2.260470178E0,1.937500000E1
2.263095178E0,1.937500000E1
2.265719178E0,1.937500000E1
2.268344178E0,1.937500000E1
2.270968178E0,1.937500000E1
2.273593178E0,1.937500000E1
2.276217178E0,1.937500000E1
2.278842178E0,1.937500000E1
2.281466178E0,1.937500000E1
2.284091178E0,1.937500000E1
2.286715178E0,1.937500000E1
2.289340178E0,1.937500000E1
2.291964178E0,1.937500000E1
2.294589178E0,1.937500000E1
2.297213178E0,1.937500000E1
2.299838178E0,1.937500000E1
2.302462178E0,1.937500000E1
2.305087178E0,1.937500000E1
2.307711178E0,1.937500000E1
2.310336178E0,1.937500000E1
2.312960178E0,1.937500000E1
2.315585178E0,1.937500000E1
2.318209178E0,1.937500000E1
2.320834178E0,1.937500000E1
2.323458178E0,1.937500000E1
2.326083178E0,1.937500000E1
2.328707178E0,1.937500000E1
2.331332178E0,1.937500000E1
2.333956178E0,1.937500000E1
2.336581178E0,1.937500000E1
2.339205178E0,1.937500000E1
2.341830178E0,1.937500000E1
2.344454178E0,1.937500000E1
2.347079178E0,1.937500000E1
2.349703178E0,1.937500000E1
2.352328178E0,1.937500000E1
2.354952178E0,1.937500000E1
2.357577178E0,1.937500000E1
2.360202178E0,1.937500000E1
2.362826178E0,1.937500000E1
2.365451178E0,1.937500000E1
2.368075178E0,1.937500000E1
2.370700178E0,1.937500000E1
2.373324178E0,1.937500000E1
2.375949178E0,1.937500000E1
2.378573178E0,1.937500000E1
2.381198178E0,1.937500000E1
2.383822178E0,1.937500000E1
2.386447178E0,1.937500000E1
2.389071178E0,1.937500000E1
2.391696178E0,1.937500000E1
2.394320178E0,1.937500000E1
2.396945178E0,1.937500000E1
2.399569178E0,1.937500000E1
2.402194178E0,1.937500000E1
2.404818178E0,1.937500000E1
2.407443178E0,1.937500000E1
2.410067178E0,1.937500000E1
2.412692178E0,1.937500000E1
2.415316178E0,1.937500000E1
2.417941178E0,1.937500000E1
2.420565178E0,1.937500000E1
2.423190178E0,1.937500000E1
2.425814178E0,1.937500000E1
2.428439178E0,1.937500000E1
2.431063178E0,1.937500000E1
2.433688178E0,1.937500000E1
2.436312178E0,1.937500000E1
2.438937178E0,1.937500000E1
2.441561178E0,1.937500000E1
2.444186178E0,1.937500000E1
2.446810178E0,1.937500000E1
2.449435178E0,1.937500000E1
2.452059178E0,1.937500000E1
2.454684178E0,1.937500000E1
2.457308178E0,1.937500000E1
2.459933178E0,1.937500000E1
2.462557178E0,1.937500000E1
2.465182178E0,1.937500000E1
2.467807178E0,1.937500000E1
2.470431178E0,1.937500000E1
2.473056178E0,1.937500000E1
2.475680178E0,1.937500000E1
2.478305178E0,1.937500000E1
2.480929178E0,1.937500000E1
2.483554178E0,1.937500000E1
2.486178178E0,1.937500000E1
2.488803178E0,1.937500000E1
2.491427178E0,1.937500000E1
2.494052178E0,1.937500000E1
2.496676178E0,1.937500000E1
2.499301178E0,1.937500000E1
2.501925178E0,1.937500000E1
2.504550178E0,1.937500000E1
2.507174178E0,1.937500000E1
2.509799178E0,1.937500000E1
2.512423178E0,1.937500000E1
2.515048178E0,1.937500000E1
2.517672178E0,1.937500000E1
2.520297178E0,1.937500000E1
2.522921178E0,1.937500000E1
2.525546178E0,1.937500000E1
2.528170178E0,1.937500000E1
2.530795178E0,1.937500000E1
2.533419178E0,1.937500000E1
2.536044178E0,1.937500000E1
2.538668178E0,1.937500000E1
2.541293178E0,1.937500000E1
2.543917178E0,1.937500000E1
2.546542178E0,1.937500000E1
2.549166178E0,1.937500000E1
2.551791178E0,1.937500000E1
2.554415178E0,1.937500000E1
2.557040178E0,1.937500000E1
2.559664178E0,1.937500000E1
2.562289178E0,1.937500000E1
2.564913178E0,1.937500000E1
2.567538178E0,1.937500000E1
2.570162178E0,1.937500000E1
2.572787178E0,1.937500000E1
2.575411178E0,1.937500000E1
2.578036178E0,1.937500000E1
2.580661178E0,1.937500000E1
2.583285178E0,1.937500000E1
2.585910178E0,1.937500000E1
2.588534178E0,1.937500000E1
2.591159178E0,1.937500000E1
2.593783178E0,1.937500000E1
2.596408178E0,1.937500000E1
2.599032178E0,1.937500000E1
2.601657178E0,1.937500000E1
2.604281178E0,1.937500000E1
2.606906178E0,1.937500000E1
2.609530178E0,1.937500000E1
2.612155178E0,1.937500000E1
2.614779178E0,1.937500000E1
2.617404178E0,1.937500000E1
2.620028178E0,1.937500000E1
2.622653178E0,1.937500000E1
2.625277178E0,1.937500000E1
2.627902178E0,1.937500000E1
2.630526178E0,1.937500000E1
2.633151178E0,1.937500000E1
2.635775178E0,1.937500000E1
2.638400178E0,1.937500000E1
2.641024178E0,1.937500000E1
2.643649178E0,1.937500000E1
2.646273178E0,1.937500000E1
2.648898178E0,1.937500000E1
2.651522178E0,1.937500000E1
2.654147178E0,1.937500000E1
2.656771178E0,1.937500000E1
2.659396178E0,1.937500000E1
2.662020178E0,1.937500000E1
2.664645178E0,1.937500000E1
2.667269178E0,1.937500000E1
2.669894178E0,1.937500000E1
2.672518178E0,1.937500000E1
2.675143178E0,1.937500000E1
2.677767178E0,1.937500000E1
2.680392178E0,1.937500000E1
2.683016178E0,1.937500000E1
2.685641178E0,1.937500000E1
2.688265178E0,1.937500000E1
2.690890178E0,1.937500000E1
2.693515178E0,1.937500000E1
2.696139178E0,1.937500000E1
2.698764178E0,1.937500000E1
2.701388178E0,1.937500000E1
2.704013178E0,1.937500000E1
2.706637178E0,1.937500000E1
2.709262178E0,1.937500000E1
2.711886178E0,1.937500000E1
2.714511178E0,1.937500000E1
2.717135178E0,1.937500000E1
2.719760178E0,1.937500000E1
2.722384178E0,1.937500000E1
2.725009178E0,1.937500000E1
2.727633178E0,1.937500000E1
2.730258178E0,1.937500000E1
2.732882178E0,1.937500000E1
2.735507178E0,1.937500000E1
2.738131178E0,1.937500000E1
2.740756178E0,1.937500000E1
2.743380178E0,1.937500000E1
2.746005178E0,1.937500000E1
2.748629178E0,1.937500000E1
2.751254178E0,1.937500000E1
2.753878178E0,1.937500000E1
2.756503178E0,1.937500000E1
2.759127178E0,1.937500000E1
2.761752178E0,1.937500000E1
2.764376178E0,1.937500000E1
2.767001178E0,1.937500000E1
2.769625178E0,1.937500000E1
2.772250178E0,1.937500000E1
2.774874178E0,1.937500000E1
2.777499178E0,1.937500000E1
2.780123178E0,1.937500000E1
2.782748178E0,1.937500000E1
2.785372178E0,1.937500000E1
2.787997178E0,1.937500000E1
2.790621178E0,1.937500000E1
2.793246178E0,1.937500000E1
2.795870178E0,1.937500000E1
2.798495178E0,1.937500000E1
2.801119178E0,1.937500000E1
2.803744178E0,1.937500000E1
2.806369178E0,1.937500000E1
2.808993178E0,1.937500000E1
2.811618178E0,1.937500000E1
2.814242178E0,1.937500000E1
2.816867178E0,1.937500000E1
2.819491178E0,1.937500000E1
2.822116178E0,1.937500000E1
2.824740178E0,1.937500000E1
2.827365178E0,1.937500000E1
2.829989178E0,1.937500000E1
2.832614178E0,1.937500000E1
2.835238178E0,1.937500000E1
2.837863178E0,1.937500000E1
2.840487178E0,1.937500000E1
2.843112178E0,1.937500000E1
2.845736178E0,1.937500000E1
2.848361178E0,1.937500000E1
2.850985178E0,1.937500000E1
2.853610178E0,1.937500000E1
2.856234178E0,1.937500000E1
2.858859178E0,1.937500000E1
2.861483178E0,1.937500000E1
2.864108178E0,1.937500000E1
2.866732178E0,1.937500000E1
2.869357178E0,1.937500000E1
2.871981178E0,1.937500000E1
2.874606178E0,1.937500000E1
2.877230178E0,1.937500000E1
2.879855178E0,1.937500000E1
2.882479178E0,1.937500000E1
2.885104178E0,1.937500000E1
2.887728178E0,1.937500000E1
2.890353178E0,1.937500000E1
2.892977178E0,1.937500000E1
2.895602178E0,1.937500000E1
2.898226178E0,1.937500000E1
2.900851178E0,1.937500000E1
2.903475178E0,1.937500000E1
2.906100178E0,1.937500000E1
2.908724178E0,1.937500000E1
2.911349178E0,1.937500000E1
2.913973178E0,1.937500000E1
2.916598178E0,1.937500000E1
2.919223178E0,1.937500000E1
2.921847178E0,1.937500000E1
2.924472178E0,1.937500000E1
2.927096178E0,1.937500000E1
2.929721178E0,1.937500000E1
2.932345178E0,1.937500000E1
2.934970178E0,1.937500000E1
2.937594178E0,1.937500000E1
2.940219178E0,1.937500000E1
2.942843178E0,1.937500000E1
2.945468178E0,1.937500000E1
2.948092178E0,1.937500000E1
2.950717178E0,1.937500000E1
2.953341178E0,1.937500000E1
2.955966178E0,1.937500000E1
2.958590178E0,1.937500000E1
2.961215178E0,1.937500000E1
2.963839178E0,1.937500000E1
2.966464178E0,1.937500000E1
2.969088178E0,1.937500000E1
2.971713178E0,1.937500000E1
2.974337178E0,1.937500000E1
2.976962178E0,1.937500000E1
2.979586178E0,1.937500000E1
2.982211178E0,1.937500000E1
2.984835178E0,1.937500000E1
2.987460178E0,1.937500000E1
2.990084178E0,1.937500000E1
2.992709178E0,1.937500000E1
2.995333178E0,1.937500000E1
2.997958178E0,1.937500000E1
3.000582178E0,1.937500000E1
3.003207178E0,1.937500000E1
3.005831178E0,1.937500000E1
3.008456178E0,1.937500000E1
3.011080178E0,1.937500000E1
3.013705178E0,1.937500000E1
3.016329178E0,1.937500000E1
3.018954178E0,1.937500000E1
3.021578178E0,1.937500000E1
3.024203178E0,1.937500000E1
3.026827178E0,1.937500000E1
3.029452178E0,1.937500000E1
3.032077178E0,1.937500000E1
3.034701178E0,1.937500000E1
3.037326178E0,1.937500000E1
3.039950178E0,1.937500000E1
3.042575178E0,1.937500000E1
3.045199178E0,1.937500000E1
3.047824178E0,1.937500000E1
3.050448178E0,1.937500000E1
3.053073178E0,1.937500000E1
3.055697178E0,1.937500000E1
3.058322178E0,1.937500000E1
3.060946178E0,1.937500000E1
3.063571178E0,1.937500000E1
3.066195178E0,1.937500000E1
3.068820178E0,1.937500000E1
3.071444178E0,1.937500000E1
3.074069178E0,1.937500000E1
3.076693178E0,1.937500000E1
3.079318178E0,1.937500000E1
3.081942178E0,1.937500000E1
3.084567178E0,1.937500000E1
3.087191178E0,1.937500000E1
3.089816178E0,1.937500000E1
3.092440178E0,1.937500000E1
3.095065178E0,1.937500000E1
3.097689178E0,1.937500000E1
3.100314178E0,1.937500000E1
3.102938178E0,1.937500000E1
3.105563178E0,1.937500000E1
3.108187178E0,1.937500000E1
3.110812178E0,1.937500000E1
3.113436178E0,1.937500000E1
3.116061178E0,1.937500000E1
3.118685178E0,1.937500000E1
3.121310178E0,1.937500000E1
3.123934178E0,1.937500000E1
3.126559178E0,1.937500000E1
3.129183178E0,1.937500000E1
3.131808178E0,1.937500000E1
3.134432178E0,1.937500000E1
3.137057178E0,1.937500000E1
3.139682178E0,1.937500000E1
3.142306178E0,1.937500000E1
3.144931178E0,1.937500000E1
3.147555178E0,1.937500000E1
3.150180178E0,1.937500000E1
3.152804178E0,1.937500000E1
3.155429178E0,1.937500000E1
3.158053178E0,1.937500000E1
3.160678178E0,1.937500000E1
3.163302178E0,1.937500000E1
3.165927178E0,1.937500000E1
3.168551178E0,1.937500000E1
3.171176178E0,1.937500000E1
3.173800178E0,1.937500000E1
3.176425178E0,1.937500000E1
3.179049178E0,1.937500000E1
3.181674178E0,1.937500000E1
3.184298178E0,1.937500000E1
3.186923178E0,1.937500000E1
3.189547178E0,1.937500000E1
3.192172178E0,1.937500000E1
3.194796178E0,1.937500000E1
3.197421178E0,1.937500000E1
3.200045178E0,1.937500000E1
3.202670178E0,1.937500000E1
3.205294178E0,1.937500000E1
3.207919178E0,1.937500000E1
3.210543178E0,1.937500000E1
3.213168178E0,1.937500000E1
3.215792178E0,1.937500000E1
3.218417178E0,1.937500000E1
3.221041178E0,1.937500000E1
3.223666178E0,1.937500000E1
3.226290178E0,1.937500000E1
3.228915178E0,1.937500000E1
3.231539178E0,1.937500000E1
3.234164178E0,1.937500000E1
3.236788178E0,1.937500000E1
3.239413178E0,1.937500000E1
3.242037178E0,1.937500000E1
3.244662178E0,1.937500000E1
3.247286178E0,1.937500000E1
3.249911178E0,1.937500000E1
3.252536178E0,1.937500000E1
3.255160178E0,1.937500000E1
3.257785178E0,1.937500000E1
3.260409178E0,1.937500000E1
3.263034178E0,1.937500000E1
3.265658178E0,1.937500000E1
3.268283178E0,1.937500000E1
3.270907178E0,1.937500000E1
3.273532178E0,1.937500000E1
3.276156178E0,1.937500000E1
3.278781178E0,1.937500000E1
3.281405178E0,1.937500000E1
3.284030178E0,1.937500000E1
3.286654178E0,1.937500000E1
3.289279178E0,1.937500000E1
3.291903178E0,1.937500000E1
3.294528178E0,1.937500000E1
3.297152178E0,1.937500000E1
3.299777178E0,1.937500000E1
3.302401178E0,1.937500000E1
3.305026178E0,1.937500000E1
3.307650178E0,1.937500000E1
3.310275178E0,1.937500000E1
3.312899178E0,1.937500000E1
3.315524178E0,1.937500000E1
3.318148178E0,1.937500000E1
3.320773178E0,1.937500000E1
3.323397178E0,1.937500000E1
3.326022178E0,1.937500000E1
3.328646178E0,1.937500000E1
3.331271178E0,1.937500000E1
3.333895178E0,1.937500000E1
3.336520178E0,1.937500000E1
3.339144178E0,1.937500000E1
3.341769178E0,1.937500000E1
3.344393178E0,1.937500000E1
3.347018178E0,1.937500000E1
3.349642178E0,1.937500000E1
3.352267178E0,1.937500000E1
3.354891178E0,1.937500000E1
3.357516178E0,1.937500000E1
3.360140178E0,1.937500000E1
3.362765178E0,1.937500000E1
3.365390178E0,1.937500000E1
3.368014178E0,1.937500000E1
3.370639178E0,1.937500000E1
3.373263178E0,1.937500000E1
3.375888178E0,1.937500000E1
3.378512178E0,1.937500000E1
3.381137178E0,1.937500000E1
3.383761178E0,1.937500000E1
3.386386178E0,1.937500000E1
3.389010178E0,1.937500000E1
3.391635178E0,1.937500000E1
3.394259178E0,1.937500000E1
3.396884178E0,1.937500000E1
3.399508178E0,1.937500000E1
3.402133178E0,1.937500000E1
3.404757178E0,1.937500000E1
3.407382178E0,1.937500000E1
3.410006178E0,1.937500000E1
3.412631178E0,1.937500000E1
3.415255178E0,1.937500000E1
3.417880178E0,1.937500000E1
3.420504178E0,1.937500000E1
3.423129178E0,1.937500000E1
3.425753178E0,1.937500000E1
3.428378178E0,1.937500000E1
3.431002178E0,1.937500000E1
3.433627178E0,1.937500000E1
3.436251178E0,1.937500000E1
3.438876178E0,1.937500000E1
3.441500178E0,1.937500000E1
3.444125178E0,1.937500000E1
3.446749178E0,1.937500000E1
3.449374178E0,1.937500000E1
3.451998178E0,1.937500000E1
3.454623178E0,1.937500000E1
3.457247178E0,1.937500000E1
3.459872178E0,1.937500000E1
3.462496178E0,1.937500000E1
3.465121178E0,1.937500000E1
3.467745178E0,1.937500000E1
3.470370178E0,1.937500000E1
3.472994178E0,1.937500000E1
3.475619178E0,1.937500000E1
3.478244178E0,1.937500000E1
3.480868178E0,1.937500000E1
3.483493178E0,1.937500000E1
3.486117178E0,1.937500000E1
3.488742178E0,1.937500000E1
3.491366178E0,1.937500000E1
3.493991178E0,1.937500000E1
3.496615178E0,1.937500000E1
3.499240178E0,1.937500000E1
3.501864178E0,1.937500000E1
3.504489178E0,1.937500000E1
3.507113178E0,1.937500000E1
3.509738178E0,1.937500000E1
3.512362178E0,1.937500000E1
3.514987178E0,1.937500000E1
3.517611178E0,1.937500000E1
3.520236178E0,1.937500000E1
3.522860178E0,1.937500000E1
3.525485178E0,1.937500000E1
3.528109178E0,1.937500000E1
3.530734178E0,1.937500000E1
3.533358178E0,1.937500000E1
3.535983178E0,1.937500000E1
3.538607178E0,1.937500000E1
3.541232178E0,1.937500000E1
3.543856178E0,1.937500000E1
3.546481178E0,1.937500000E1
3.549105178E0,1.937500000E1
3.551730178E0,1.937500000E1
3.554354178E0,1.937500000E1
3.556979178E0,1.937500000E1
3.559603178E0,1.937500000E1
3.562228178E0,1.937500000E1
3.564852178E0,1.937500000E1
3.567477178E0,1.937500000E1
3.570101178E0,1.937500000E1
3.572726178E0,1.937500000E1
3.575350178E0,1.937500000E1
3.577975178E0,1.937500000E1
3.580599178E0,1.937500000E1
3.583224178E0,1.937500000E1
3.585848178E0,1.937500000E1
3.588473178E0,1.937500000E1
3.591098178E0,1.937500000E1
3.593722178E0,1.937500000E1
3.596347178E0,1.937500000E1
3.598971178E0,1.937500000E1
3.601596178E0,1.937500000E1
3.604220178E0,1.937500000E1
3.606845178E0,1.937500000E1
3.609469178E0,1.937500000E1
3.612094178E0,1.937500000E1
3.614718178E0,1.937500000E1
3.617343178E0,1.937500000E1
3.619967178E0,1.937500000E1
3.622592178E0,1.937500000E1
3.625216178E0,1.937500000E1
3.627841178E0,1.937500000E1
3.630465178E0,1.937500000E1
3.633090178E0,1.937500000E1
3.635714178E0,1.937500000E1
3.638339178E0,1.937500000E1
3.640963178E0,1.937500000E1
3.643588178E0,1.937500000E1
3.646212178E0,1.937500000E1
3.648837178E0,1.937500000E1
3.651461178E0,1.937500000E1
3.654086178E0,1.937500000E1
3.656710178E0,1.937500000E1
3.659335178E0,1.937500000E1
3.661959178E0,1.937500000E1
3.664584178E0,1.937500000E1
3.667208178E0,1.937500000E1
3.669833178E0,1.937500000E1
3.672457178E0,1.937500000E1
3.675082178E0,1.937500000E1
3.677706178E0,1.937500000E1
3.680331178E0,1.937500000E1
3.682955178E0,1.937500000E1
3.685580178E0,1.937500000E1
3.688204178E0,1.937500000E1
3.690829178E0,1.937500000E1
3.693453178E0,1.937500000E1
3.696078178E0,1.937500000E1
3.698702178E0,1.937500000E1
3.701327178E0,1.937500000E1
3.703952178E0,1.937500000E1
3.706576178E0,1.937500000E1
3.709201178E0,1.937500000E1
3.711825178E0,1.937500000E1
3.714450178E0,1.937500000E1
3.717074178E0,1.937500000E1
3.719699178E0,1.937500000E1
3.722323178E0,1.937500000E1
3.724948178E0,1.937500000E1
3.727572178E0,1.937500000E1
3.730197178E0,1.937500000E1
3.732821178E0,1.937500000E1
3.735446178E0,1.937500000E1
3.738070178E0,1.937500000E1
3.740695178E0,1.937500000E1
3.743319178E0,1.937500000E1
3.745944178E0,1.937500000E1
3.748568178E0,1.937500000E1
3.751193178E0,1.937500000E1
3.753817178E0,1.937500000E1
3.756442178E0,1.937500000E1
3.759066178E0,1.937500000E1
3.761691178E0,1.937500000E1
3.764315178E0,1.937500000E1
3.766940178E0,1.937500000E1
3.769564178E0,1.937500000E1
3.772189178E0,1.937500000E1
3.774813178E0,1.937500000E1
3.777438178E0,1.937500000E1
3.780062178E0,1.937500000E1
3.782687178E0,1.937500000E1
3.785311178E0,1.937500000E1
3.787936178E0,1.937500000E1
3.790560178E0,1.937500000E1
3.793185178E0,1.937500000E1
3.795809178E0,1.937500000E1
3.798434178E0,1.937500000E1
3.801058178E0,1.937500000E1
3.803683178E0,1.937500000E1
3.806307178E0,1.937500000E1
3.808932178E0,1.937500000E1
3.811557178E0,1.937500000E1
3.814181178E0,1.937500000E1
3.816806178E0,1.937500000E1
3.819430178E0,1.937500000E1
3.822055178E0,1.937500000E1
3.824679178E0,1.937500000E1
3.827304178E0,1.937500000E1
3.829928178E0,1.937500000E1
3.832553178E0,1.937500000E1
3.835177178E0,1.937500000E1
3.837802178E0,1.937500000E1
3.840426178E0,1.937500000E1
3.843051178E0,1.937500000E1
3.845675178E0,1.937500000E1
3.848300178E0,1.937500000E1
3.850924178E0,1.937500000E1
3.853549178E0,1.937500000E1
3.856173178E0,1.937500000E1
3.858798178E0,1.937500000E1
3.861422178E0,1.937500000E1
3.864047178E0,1.937500000E1
3.866671178E0,1.937500000E1
3.869296178E0,1.937500000E1
3.871920178E0,1.937500000E1
3.874545178E0,1.937500000E1
3.877169178E0,1.937500000E1
3.879794178E0,1.937500000E1
3.882418178E0,1.937500000E1
3.885043178E0,1.937500000E1
3.887667178E0,1.937500000E1
3.890292178E0,1.937500000E1
3.892916178E0,1.937500000E1
3.895541178E0,1.937500000E1
3.898165178E0,1.937500000E1
3.900790178E0,1.937500000E1
3.903414178E0,1.937500000E1
3.906039178E0,1.937500000E1
3.908663178E0,1.937500000E1
3.911288178E0,1.937500000E1
3.913912178E0,1.937500000E1
3.916537178E0,1.937500000E1
3.919161178E0,1.937500000E1
3.921786178E0,1.937500000E1
3.924411178E0,1.937500000E1
3.927035178E0,1.937500000E1
3.929660178E0,1.937500000E1
3.932284178E0,1.937500000E1
3.934909178E0,1.937500000E1
3.937533178E0,1.937500000E1
3.940158178E0,1.937500000E1
3.942782178E0,1.937500000E1
3.945407178E0,1.937500000E1
3.948031178E0,1.937500000E1
3.950656178E0,1.937500000E1
3.953280178E0,1.937500000E1
3.955905178E0,1.937500000E1
3.958529178E0,1.937500000E1
3.961154178E0,1.937500000E1
3.963778178E0,1.937500000E1
3.966403178E0,1.937500000E1
3.969027178E0,1.937500000E1
3.971652178E0,1.937500000E1
3.974276178E0,1.937500000E1
3.976901178E0,1.937500000E1
3.979525178E0,1.937500000E1
3.982150178E0,1.937500000E1
3.984774178E0,1.937500000E1
3.987399178E0,1.937500000E1
3.990023178E0,1.937500000E1
3.992648178E0,1.937500000E1
3.995272178E0,1.937500000E1
3.997897178E0,1.937500000E1
4.000521178E0,1.937500000E1
4.003146178E0,1.937500000E1
4.005770178E0,1.937500000E1
4.008395178E0,1.937500000E1
4.011019178E0,1.937500000E1
4.013644178E0,1.937500000E1
4.016268178E0,1.937500000E1
4.018893178E0,1.937500000E1
4.021517178E0,1.937500000E1
4.024142178E0,1.937500000E1
4.026766178E0,1.937500000E1
4.029391178E0,1.937500000E1
4.032015178E0,1.937500000E1
4.034640178E0,1.937500000E1
4.037265178E0,1.937500000E1
4.039889178E0,1.937500000E1
4.042514178E0,1.937500000E1
4.045138178E0,1.937500000E1
4.047763178E0,1.937500000E1
4.050387178E0,1.937500000E1
4.053012178E0,1.937500000E1
4.055636178E0,1.937500000E1
4.058261178E0,1.937500000E1
4.060885178E0,1.937500000E1
4.063510178E0,1.937500000E1
4.066134178E0,1.937500000E1
4.068759178E0,1.937500000E1
4.071383178E0,1.937500000E1
4.074008178E0,1.937500000E1
4.076632178E0,1.937500000E1
4.079257178E0,1.937500000E1
4.081881178E0,1.937500000E1
4.084506178E0,1.937500000E1
4.087130178E0,1.937500000E1
4.089755178E0,1.937500000E1
4.092379178E0,1.937500000E1
4.095004178E0,1.937500000E1
4.097628178E0,1.937500000E1
4.100253178E0,1.937500000E1
4.102877178E0,1.937500000E1
4.105502178E0,1.937500000E1
4.108126178E0,1.937500000E1
4.110751178E0,1.937500000E1
4.113375178E0,1.937500000E1
4.116000178E0,1.937500000E1
4.118624178E0,1.937500000E1
4.121249178E0,1.937500000E1
4.123873178E0,1.937500000E1
4.126498178E0,1.937500000E1
4.129122178E0,1.937500000E1
4.131747178E0,1.937500000E1
4.134371178E0,1.937500000E1
4.136996178E0,1.937500000E1
4.139620178E0,1.937500000E1
4.142245178E0,1.937500000E1
4.144869178E0,1.937500000E1
4.147494178E0,1.937500000E1
4.150119178E0,1.937500000E1
4.152743178E0,1.937500000E1
4.155368178E0,1.937500000E1
4.157992178E0,1.937500000E1
4.160617178E0,1.937500000E1
4.163241178E0,1.937500000E1
4.165866178E0,1.937500000E1
4.168490178E0,1.937500000E1
4.171115178E0,1.937500000E1
4.173739178E0,1.937500000E1
4.176364178E0,1.937500000E1
4.178988178E0,1.937500000E1
4.181613178E0,1.937500000E1
4.184237178E0,1.937500000E1
4.186862178E0,1.937500000E1
4.189486178E0,1.937500000E1
4.192111178E0,1.937500000E1
4.194735178E0,1.937500000E1
4.197360178E0,1.937500000E1
4.199984178E0,1.937500000E1
4.202609178E0,1.937500000E1
4.205233178E0,1.937500000E1
4.207858178E0,1.937500000E1
4.210482178E0,1.937500000E1
4.213107178E0,1.937500000E1
4.215731178E0,1.937500000E1
4.218356178E0,1.937500000E1
4.220980178E0,1.937500000E1
4.223605178E0,1.937500000E1
4.226229178E0,1.937500000E1
4.228854178E0,1.937500000E1
4.231478178E0,1.937500000E1
4.234103178E0,1.937500000E1
4.236727178E0,1.937500000E1
4.239352178E0,1.937500000E1
4.241976178E0,1.937500000E1
4.244601178E0,1.937500000E1
4.247225178E0,1.937500000E1
4.249850178E0,1.937500000E1
4.252474178E0,1.937500000E1
4.255099178E0,1.937500000E1
4.257723178E0,1.937500000E1
4.260348178E0,1.937500000E1
4.262973178E0,1.937500000E1
4.265597178E0,1.937500000E1
4.268222178E0,1.937500000E1
4.270846178E0,1.937500000E1
4.273471178E0,1.937500000E1
4.276095178E0,1.937500000E1
4.278720178E0,1.937500000E1
4.281344178E0,1.937500000E1
4.283969178E0,1.937500000E1
4.286593178E0,1.937500000E1
4.289218178E0,1.937500000E1
4.291842178E0,1.937500000E1
4.294467178E0,1.937500000E1
4.297091178E0,1.937500000E1
4.299716178E0,1.937500000E1
4.302340178E0,1.937500000E1
4.304965178E0,1.937500000E1
4.307589178E0,1.937500000E1
4.310214178E0,1.937500000E1
4.312838178E0,1.937500000E1
4.315463178E0,1.937500000E1
4.318087178E0,1.937500000E1
4.320712178E0,1.937500000E1
4.323336178E0,1.937500000E1
4.325961178E0,1.937500000E1
4.328585178E0,1.937500000E1
4.331210178E0,1.937500000E1
4.333834178E0,1.937500000E1
4.336459178E0,1.937500000E1
4.339083178E0,1.937500000E1
4.341708178E0,1.937500000E1
4.344332178E0,1.937500000E1
4.346957178E0,1.937500000E1
4.349581178E0,1.937500000E1
4.352206178E0,1.937500000E1
4.354830178E0,1.937500000E1
4.357455178E0,1.937500000E1
4.360079178E0,1.937500000E1
4.362704178E0,1.937500000E1
4.365328178E0,1.937500000E1
4.367953178E0,1.937500000E1
4.370577178E0,1.937500000E1
4.373202178E0,1.937500000E1
4.375827178E0,1.937500000E1
4.378451178E0,1.937500000E1
4.381076178E0,1.937500000E1
4.383700178E0,1.937500000E1
4.386325178E0,1.937500000E1
4.388949178E0,1.937500000E1
4.391574178E0,1.937500000E1
4.394198178E0,1.937500000E1
4.396823178E0,1.937500000E1
4.399447178E0,1.937500000E1
4.402072178E0,1.937500000E1
4.404696178E0,1.937500000E1
4.407321178E0,1.937500000E1
4.409945178E0,1.937500000E1
4.412570178E0,1.937500000E1
4.415194178E0,1.937500000E1
4.417819178E0,1.937500000E1
4.420443178E0,1.937500000E1
4.423068178E0,1.937500000E1
4.425692178E0,1.937500000E1
4.428317178E0,1.937500000E1
4.430941178E0,1.937500000E1
4.433566178E0,1.937500000E1
4.436190178E0,1.937500000E1
4.438815178E0,1.937500000E1
4.441439178E0,1.937500000E1
4.444064178E0,1.937500000E1
4.446688178E0,1.937500000E1
4.449313178E0,1.937500000E1
4.451937178E0,1.937500000E1
4.454562178E0,1.937500000E1
4.457186178E0,1.937500000E1
4.459811178E0,1.937500000E1
4.462435178E0,1.937500000E1
4.465060178E0,1.937500000E1
4.467684178E0,1.937500000E1
4.470309178E0,1.937500000E1
4.472933178E0,1.937500000E1
4.475558178E0,1.937500000E1
4.478182178E0,1.937500000E1
4.480807178E0,1.937500000E1
4.483432178E0,1.937500000E1
4.486056178E0,1.937500000E1
4.488681178E0,1.937500000E1
4.491305178E0,1.937500000E1
4.493930178E0,1.937500000E1
4.496554178E0,1.937500000E1
4.499179178E0,1.937500000E1
4.501803178E0,1.937500000E1
4.504428178E0,1.937500000E1
4.507052178E0,1.937500000E1
4.509677178E0,1.937500000E1
4.512301178E0,1.937500000E1
4.514926178E0,1.937500000E1
4.517550178E0,1.937500000E1
4.520175178E0,1.937500000E1
4.522799178E0,1.937500000E1
4.525424178E0,1.937500000E1
4.528048178E0,1.937500000E1
4.530673178E0,1.937500000E1
4.533297178E0,1.937500000E1
4.535922178E0,1.937500000E1
4.538546178E0,1.937500000E1
4.541171178E0,1.937500000E1
4.543795178E0,1.937500000E1
4.546420178E0,1.937500000E1
4.549044178E0,1.937500000E1
4.551669178E0,1.937500000E1
4.554293178E0,1.937500000E1
4.556918178E0,1.937500000E1
4.559542178E0,1.937500000E1
4.562167178E0,1.937500000E1
4.564791178E0,1.937500000E1
4.567416178E0,1.937500000E1
4.570040178E0,1.937500000E1
4.572665178E0,1.937500000E1
4.575289178E0,1.937500000E1
4.577914178E0,1.937500000E1
4.580538178E0,1.937500000E1
4.583163178E0,1.937500000E1
4.585787178E0,1.937500000E1
4.588412178E0,1.937500000E1
4.591036178E0,1.937500000E1
4.593661178E0,1.937500000E1
4.596286178E0,1.937500000E1
4.598910178E0,1.937500000E1
4.601535178E0,1.937500000E1
4.604159178E0,1.937500000E1
4.606784178E0,1.937500000E1
4.609408178E0,1.937500000E1
4.612033178E0,1.937500000E1
4.614657178E0,1.937500000E1
4.617282178E0,1.937500000E1
4.619906178E0,1.937500000E1
4.622531178E0,1.937500000E1
4.625155178E0,1.937500000E1
4.627780178E0,1.937500000E1
4.630404178E0,1.937500000E1
4.633029178E0,1.937500000E1
4.635653178E0,1.937500000E1
4.638278178E0,1.937500000E1
4.640902178E0,1.937500000E1
4.643527178E0,1.937500000E1
4.646151178E0,1.937500000E1
4.648776178E0,1.937500000E1
4.651400178E0,1.937500000E1
4.654025178E0,1.937500000E1
4.656649178E0,1.937500000E1
4.659274178E0,1.937500000E1
4.661898178E0,1.937500000E1
4.664523178E0,1.937500000E1
4.667147178E0,1.937500000E1
4.669772178E0,1.937500000E1
4.672396178E0,1.937500000E1
4.675021178E0,1.937500000E1
4.677645178E0,1.937500000E1
4.680270178E0,1.937500000E1
4.682894178E0,1.937500000E1
4.685519178E0,1.937500000E1
4.688143178E0,1.937500000E1
4.690768178E0,1.937500000E1
4.693392178E0,1.937500000E1
4.696017178E0,1.937500000E1
4.698641178E0,1.937500000E1
4.701266178E0,1.937500000E1
4.703890178E0,1.937500000E1
4.706515178E0,1.937500000E1
4.709140178E0,1.937500000E1
4.711764178E0,1.937500000E1
4.714389178E0,1.937500000E1
4.717013178E0,1.937500000E1
4.719638178E0,1.937500000E1
4.722262178E0,1.937500000E1
4.724887178E0,1.937500000E1
4.727511178E0,1.937500000E1
4.730136178E0,1.937500000E1
4.732760178E0,1.937500000E1
4.735385178E0,1.937500000E1
4.738009178E0,1.937500000E1
4.740634178E0,1.937500000E1
4.743258178E0,1.937500000E1
4.745883178E0,1.937500000E1
4.748507178E0,1.937500000E1
4.751132178E0,1.937500000E1
4.753756178E0,1.937500000E1
4.756381178E0,1.937500000E1
4.759005178E0,1.937500000E1
4.761630178E0,1.937500000E1
4.764254178E0,1.937500000E1
4.766879178E0,1.937500000E1
4.769503178E0,1.937500000E1
4.772128178E0,1.937500000E1
4.774752178E0,1.937500000E1
4.777377178E0,1.937500000E1
4.780001178E0,1.937500000E1
4.782626178E0,1.937500000E1
4.785250178E0,1.937500000E1
4.787875178E0,1.937500000E1
4.790499178E0,1.937500000E1
4.793124178E0,1.937500000E1
4.795748178E0,1.937500000E1
4.798373178E0,1.937500000E1
4.800997178E0,1.937500000E1
4.803622178E0,1.937500000E1
4.806246178E0,1.937500000E1
4.808871178E0,1.937500000E1
4.811495178E0,1.937500000E1
4.814120178E0,1.937500000E1
4.816744178E0,1.937500000E1
4.819369178E0,1.937500000E1
4.821994178E0,1.937500000E1
4.824618178E0,1.937500000E1
4.827243178E0,1.937500000E1
4.829867178E0,1.937500000E1
4.832492178E0,1.937500000E1
4.835116178E0,1.937500000E1
4.837741178E0,1.937500000E1
4.840365178E0,1.937500000E1
4.842990178E0,1.937500000E1
4.845614178E0,1.937500000E1
4.848239178E0,1.937500000E1
4.850863178E0,1.937500000E1
4.853488178E0,1.937500000E1
4.856112178E0,1.937500000E1
4.858737178E0,1.937500000E1
4.861361178E0,1.937500000E1
4.863986178E0,1.937500000E1
4.866610178E0,1.937500000E1
4.869235178E0,1.937500000E1
4.871859178E0,1.937500000E1
4.874484178E0,1.937500000E1
4.877108178E0,1.937500000E1
4.879733178E0,1.937500000E1
4.882357178E0,1.937500000E1
4.884982178E0,1.937500000E1
4.887606178E0,1.937500000E1
4.890231178E0,1.937500000E1
4.892855178E0,1.937500000E1
4.895480178E0,1.937500000E1
4.898104178E0,1.937500000E1
4.900729178E0,1.937500000E1
4.903353178E0,1.937500000E1
4.905978178E0,1.937500000E1
4.908602178E0,1.937500000E1
4.911227178E0,1.937500000E1
4.913851178E0,1.937500000E1
4.916476178E0,1.937500000E1
4.919100178E0,1.937500000E1
4.921725178E0,1.937500000E1
4.924349178E0,1.937500000E1
4.926974178E0,1.937500000E1
4.929598178E0,1.937500000E1
4.932223178E0,1.937500000E1
4.934848178E0,1.937500000E1
4.937472178E0,1.937500000E1
4.940097178E0,1.937500000E1
4.942721178E0,1.937500000E1
4.945346178E0,1.937500000E1
4.947970178E0,1.937500000E1
4.950595178E0,1.937500000E1
4.953219178E0,1.937500000E1
4.955844178E0,1.937500000E1
4.958468178E0,1.937500000E1
4.961093178E0,1.937500000E1
4.963717178E0,1.937500000E1
4.966342178E0,1.937500000E1
4.968966178E0,1.937500000E1
4.971591178E0,1.937500000E1
4.974215178E0,1.937500000E1
4.976840178E0,1.937500000E1
4.979464178E0,1.937500000E1
4.982089178E0,1.937500000E1
4.984713178E0,1.937500000E1
4.987338178E0,1.937500000E1
4.989962178E0,1.937500000E1
4.992587178E0,1.937500000E1
4.995211178E0,1.937500000E1
4.997836178E0,1.937500000E1
5.000460178E0,1.937500000E1
5.003085178E0,1.937500000E1
5.005709178E0,1.937500000E1
5.008334178E0,1.937500000E1
5.010958178E0,1.937500000E1
5.013583178E0,1.937500000E1
5.016207178E0,1.937500000E1
5.018832178E0,1.937500000E1
5.021456178E0,1.937500000E1
5.024081178E0,1.937500000E1
5.026705178E0,1.937500000E1
5.029330178E0,1.937500000E1
5.031954178E0,1.937500000E1
5.034579178E0,1.937500000E1
5.037203178E0,1.937500000E1
5.039828178E0,1.937500000E1
5.042452178E0,1.937500000E1
5.045077178E0,1.937500000E1
5.047702178E0,1.937500000E1
5.050326178E0,1.937500000E1
5.052951178E0,1.937500000E1
5.055575178E0,1.937500000E1
5.058200178E0,1.937500000E1
5.060824178E0,1.937500000E1
5.063449178E0,1.937500000E1
5.066073178E0,1.937500000E1
5.068698178E0,1.937500000E1
5.071322178E0,1.937500000E1
5.073947178E0,1.937500000E1
5.076571178E0,1.937500000E1
5.079196178E0,1.937500000E1
5.081820178E0,1.937500000E1
5.084445178E0,1.937500000E1
5.087069178E0,1.937500000E1
5.089694178E0,1.937500000E1
5.092318178E0,1.937500000E1
5.094943178E0,1.937500000E1
5.097567178E0,1.937500000E1
5.100192178E0,1.937500000E1
5.102816178E0,1.937500000E1
5.105441178E0,1.937500000E1
5.108065178E0,1.937500000E1
5.110690178E0,1.937500000E1
5.113314178E0,1.937500000E1
5.115939178E0,1.937500000E1
5.118563178E0,1.937500000E1
5.121188178E0,1.937500000E1
5.123812178E0,1.937500000E1
5.126437178E0,1.937500000E1
5.129061178E0,1.937500000E1
5.131686178E0,1.937500000E1
5.134310178E0,1.937500000E1
5.136935178E0,1.937500000E1
5.139559178E0,1.937500000E1
5.142184178E0,1.937500000E1
5.144808178E0,1.937500000E1
5.147433178E0,1.937500000E1
5.150057178E0,1.937500000E1
5.152682178E0,1.937500000E1
5.155307178E0,1.937500000E1
5.157931178E0,1.937500000E1
5.160556178E0,1.937500000E1
5.163180178E0,1.937500000E1
5.165805178E0,1.937500000E1
5.168429178E0,1.937500000E1
5.171054178E0,1.937500000E1
5.173678178E0,1.937500000E1
5.176303178E0,1.937500000E1
5.178927178E0,1.937500000E1
5.181552178E0,1.937500000E1
5.184176178E0,1.937500000E1
5.186801178E0,1.937500000E1
5.189425178E0,1.937500000E1
5.192050178E0,1.937500000E1
5.194674178E0,1.937500000E1
5.197299178E0,1.937500000E1
5.199923178E0,1.937500000E1
5.202548178E0,1.937500000E1
5.205172178E0,1.937500000E1
5.207797178E0,1.937500000E1
5.210421178E0,1.937500000E1
5.213046178E0,1.937500000E1
5.215670178E0,1.937500000E1
5.218295178E0,1.937500000E1
5.220919178E0,1.937500000E1
5.223544178E0,1.937500000E1
5.226168178E0,1.937500000E1
5.228793178E0,1.937500000E1
5.231417178E0,1.937500000E1
5.234042178E0,1.937500000E1
5.236666178E0,1.937500000E1
5.239291178E0,1.937500000E1
5.241915178E0,1.937500000E1
5.244540178E0,1.937500000E1
5.247164178E0,1.937500000E1
5.249789178E0,1.937500000E1
5.252413178E0,1.937500000E1
5.255038178E0,1.937500000E1
5.257662178E0,1.937500000E1
5.260287178E0,1.937500000E1
5.262911178E0,1.937500000E1
5.265536178E0,1.937500000E1
5.268161178E0,1.937500000E1
5.270785178E0,1.937500000E1
5.273410178E0,1.937500000E1
5.276034178E0,1.937500000E1
5.278659178E0,1.937500000E1
5.281283178E0,1.937500000E1
5.283908178E0,1.937500000E1
5.286532178E0,1.937500000E1
5.289157178E0,1.937500000E1
5.291781178E0,1.937500000E1
5.294406178E0,1.937500000E1
5.297030178E0,1.937500000E1
5.299655178E0,1.937500000E1
5.302279178E0,1.937500000E1
5.304904178E0,1.937500000E1
5.307528178E0,1.937500000E1
5.310153178E0,1.937500000E1
5.312777178E0,1.937500000E1
5.315402178E0,1.937500000E1
5.318026178E0,1.937500000E1
5.320651178E0,1.937500000E1
5.323275178E0,1.937500000E1
5.325900178E0,1.937500000E1
5.328524178E0,1.937500000E1
5.331149178E0,1.937500000E1
5.333773178E0,1.937500000E1
5.336398178E0,1.937500000E1
5.339022178E0,1.937500000E1
5.341647178E0,1.937500000E1
5.344271178E0,1.937500000E1
5.346896178E0,1.937500000E1
5.349520178E0,1.937500000E1
5.352145178E0,1.937500000E1
5.354769178E0,1.937500000E1
5.357394178E0,1.937500000E1
5.360018178E0,1.937500000E1
5.362643178E0,1.937500000E1
5.365267178E0,1.937500000E1
5.367892178E0,1.937500000E1
5.370516178E0,1.937500000E1
5.373141178E0,1.937500000E1
5.375765178E0,1.937500000E1
5.378390178E0,1.937500000E1
5.381015178E0,1.937500000E1
5.383639178E0,1.937500000E1
5.386264178E0,1.937500000E1
5.388888178E0,1.937500000E1
5.391513178E0,1.937500000E1
5.394137178E0,1.937500000E1
5.396762178E0,1.937500000E1
5.399386178E0,1.937500000E1
5.402011178E0,1.937500000E1
5.404635178E0,1.937500000E1
5.407260178E0,1.937500000E1
5.409884178E0,1.937500000E1
5.412509178E0,1.937500000E1
5.415133178E0,1.937500000E1
5.417758178E0,1.937500000E1
5.420382178E0,1.937500000E1
5.423007178E0,1.937500000E1
5.425631178E0,1.937500000E1
5.428256178E0,1.937500000E1
5.430880178E0,1.937500000E1
5.433505178E0,1.937500000E1
5.436129178E0,1.937500000E1
5.438754178E0,1.937500000E1
5.441378178E0,1.937500000E1
5.444003178E0,1.937500000E1
5.446627178E0,1.937500000E1
5.449252178E0,1.937500000E1
5.451876178E0,1.937500000E1
5.454501178E0,1.937500000E1
5.457125178E0,1.937500000E1
5.459750178E0,1.937500000E1
5.462374178E0,1.937500000E1
5.464999178E0,1.937500000E1
5.467623178E0,1.937500000E1
5.470248178E0,1.937500000E1
5.472872178E0,1.937500000E1
5.475497178E0,1.937500000E1
5.478121178E0,1.937500000E1
5.480746178E0,1.937500000E1
5.483370178E0,1.937500000E1
5.485995178E0,1.937500000E1
5.488619178E0,1.937500000E1
5.491244178E0,1.937500000E1
5.493869178E0,1.937500000E1
5.496493178E0,1.937500000E1
5.499118178E0,1.937500000E1
5.501742178E0,1.937500000E1
5.504367178E0,1.937500000E1
5.506991178E0,1.937500000E1
5.509616178E0,1.937500000E1
5.512240178E0,1.937500000E1
5.514865178E0,1.937500000E1
5.517489178E0,1.937500000E1
5.520114178E0,1.937500000E1
5.522738178E0,1.937500000E1
5.525363178E0,1.937500000E1
5.527987178E0,1.937500000E1
5.530612178E0,1.937500000E1
5.533236178E0,1.937500000E1
5.535861178E0,1.937500000E1
5.538485178E0,1.937500000E1
5.541110178E0,1.937500000E1
5.543734178E0,1.937500000E1
5.546359178E0,1.937500000E1
5.548983178E0,1.937500000E1
5.551608178E0,1.937500000E1
5.554232178E0,1.937500000E1
5.556857178E0,1.937500000E1
5.559481178E0,1.937500000E1
5.562106178E0,1.937500000E1
5.564730178E0,1.937500000E1
5.567355178E0,1.937500000E1
5.569979178E0,1.937500000E1
5.572604178E0,1.937500000E1
5.575228178E0,1.937500000E1
5.577853178E0,1.937500000E1
5.580477178E0,1.937500000E1
5.583102178E0,1.937500000E1
5.585726178E0,1.937500000E1
5.588351178E0,1.937500000E1
5.590975178E0,1.937500000E1
5.593600178E0,1.937500000E1
5.596224178E0,1.937500000E1
5.598849178E0,1.937500000E1
5.601473178E0,1.937500000E1
5.604098178E0,1.937500000E1
5.606723178E0,1.937500000E1
5.609347178E0,1.937500000E1
5.611972178E0,1.937500000E1
5.614596178E0,1.937500000E1
5.617221178E0,1.937500000E1
5.619845178E0,1.937500000E1
5.622470178E0,1.937500000E1
5.625094178E0,1.937500000E1
5.627719178E0,1.937500000E1
5.630343178E0,1.937500000E1
5.632968178E0,1.937500000E1
5.635592178E0,1.937500000E1
5.638217178E0,1.937500000E1
5.640841178E0,1.937500000E1
5.643466178E0,1.937500000E1
5.646090178E0,1.937500000E1
5.648715178E0,1.937500000E1
5.651339178E0,1.937500000E1
5.653964178E0,1.937500000E1
5.656588178E0,1.937500000E1
5.659213178E0,1.937500000E1
5.661837178E0,1.937500000E1
5.664462178E0,1.937500000E1
5.667086178E0,1.937500000E1
5.669711178E0,1.937500000E1
5.672335178E0,1.937500000E1
5.674960178E0,1.937500000E1
5.677584178E0,1.937500000E1
5.680209178E0,1.937500000E1
5.682833178E0,1.937500000E1
5.685458178E0,1.937500000E1
5.688082178E0,1.937500000E1
5.690707178E0,1.937500000E1
5.693331178E0,1.937500000E1
5.695956178E0,1.937500000E1
5.698580178E0,1.937500000E1
5.701205178E0,1.937500000E1
5.703829178E0,1.937500000E1
5.706454178E0,1.937500000E1
5.709078178E0,1.937500000E1
5.711703178E0,1.937500000E1
5.714327178E0,1.937500000E1
5.716952178E0,1.937500000E1
5.719577178E0,1.937500000E1
5.722201178E0,1.937500000E1
5.724826178E0,1.937500000E1
5.727450178E0,1.937500000E1
5.730075178E0,1.937500000E1
5.732699178E0,1.937500000E1
5.735324178E0,1.937500000E1
5.737948178E0,1.937500000E1
5.740573178E0,1.937500000E1
5.743197178E0,1.937500000E1
5.745822178E0,1.937500000E1
5.748446178E0,1.937500000E1
5.751071178E0,1.937500000E1
5.753695178E0,1.937500000E1
5.756320178E0,1.937500000E1
5.758944178E0,1.937500000E1
5.761569178E0,1.937500000E1
5.764193178E0,1.937500000E1
5.766818178E0,1.937500000E1
5.769442178E0,1.937500000E1
5.772067178E0,1.937500000E1
5.774691178E0,1.937500000E1
5.777316178E0,1.937500000E1
5.779940178E0,1.937500000E1
5.782565178E0,1.937500000E1
5.785189178E0,1.937500000E1
5.787814178E0,1.937500000E1
5.790438178E0,1.937500000E1
5.793063178E0,1.937500000E1
5.795687178E0,1.937500000E1
5.798312178E0,1.937500000E1
5.800936178E0,1.937500000E1
5.803561178E0,1.937500000E1
5.806185178E0,1.937500000E1
5.808810178E0,1.937500000E1
5.811434178E0,1.937500000E1
5.814059178E0,1.937500000E1
5.816683178E0,1.937500000E1
5.819308178E0,1.937500000E1
5.821932178E0,1.937500000E1
5.824557178E0,1.937500000E1
5.827182178E0,1.937500000E1
5.829806178E0,1.937500000E1
5.832431178E0,1.937500000E1
5.835055178E0,1.937500000E1
5.837680178E0,1.937500000E1
5.840304178E0,1.937500000E1
5.842929178E0,1.937500000E1
5.845553178E0,1.937500000E1
5.848178178E0,1.937500000E1
5.850802178E0,1.937500000E1
5.853427178E0,1.937500000E1
5.856051178E0,1.937500000E1
5.858676178E0,1.937500000E1
5.861300178E0,1.937500000E1
5.863925178E0,1.937500000E1
5.866549178E0,1.937500000E1
5.869174178E0,1.937500000E1
5.871798178E0,1.937500000E1
5.874423178E0,1.937500000E1
5.877047178E0,1.937500000E1
5.879672178E0,1.937500000E1
5.882296178E0,1.937500000E1
5.884921178E0,1.937500000E1
5.887545178E0,1.937500000E1
5.890170178E0,1.937500000E1
5.892794178E0,1.937500000E1
5.895419178E0,1.937500000E1
5.898043178E0,1.937500000E1
5.900668178E0,1.937500000E1
5.903292178E0,1.937500000E1
5.905917178E0,1.937500000E1
5.908541178E0,1.937500000E1
5.911166178E0,1.937500000E1
5.913790178E0,1.937500000E1
5.916415178E0,1.937500000E1
5.919039178E0,1.937500000E1
5.921664178E0,1.937500000E1
5.924288178E0,1.937500000E1
5.926913178E0,1.937500000E1
5.929537178E0,1.937500000E1
5.932162178E0,1.937500000E1
5.934786178E0,1.937500000E1
5.937411178E0,1.937500000E1
5.940036178E0,1.937500000E1
5.942660178E0,1.937500000E1
5.945285178E0,1.937500000E1
5.947909178E0,1.937500000E1
5.950534178E0,1.937500000E1
5.953158178E0,1.937500000E1
5.955783178E0,1.937500000E1
5.958407178E0,1.937500000E1
5.961032178E0,1.937500000E1
5.963656178E0,1.937500000E1
5.966281178E0,1.937500000E1
5.968905178E0,1.937500000E1
5.971530178E0,1.937500000E1
5.974154178E0,1.937500000E1
5.976779178E0,1.937500000E1
5.979403178E0,1.937500000E1
5.982028178E0,1.937500000E1
5.984652178E0,1.937500000E1
5.987277178E0,1.937500000E1
5.989901178E0,1.937500000E1
5.992526178E0,1.937500000E1
5.995150178E0,1.937500000E1
5.997775178E0,1.937500000E1
6.000399178E0,1.937500000E1
6.003024178E0,1.937500000E1
6.005648178E0,1.937500000E1
6.008273178E0,1.937500000E1
6.010897178E0,1.937500000E1
6.013522178E0,1.937500000E1
6.016146178E0,1.937500000E1
6.018771178E0,1.937500000E1
6.021395178E0,1.937500000E1
6.024020178E0,1.937500000E1
6.026644178E0,1.937500000E1
6.029269178E0,1.937500000E1
6.031893178E0,1.937500000E1
6.034518178E0,1.937500000E1
6.037142178E0,1.937500000E1
6.039767178E0,1.937500000E1
6.042391178E0,1.937500000E1
6.045016178E0,1.937500000E1
6.047640178E0,1.937500000E1
6.050265178E0,1.937500000E1
6.052890178E0,1.937500000E1
6.055514178E0,1.937500000E1
6.058139178E0,1.937500000E1
6.060763178E0,1.937500000E1
6.063388178E0,1.937500000E1
6.066012178E0,1.937500000E1
6.068637178E0,1.937500000E1
6.071261178E0,1.937500000E1
6.073886178E0,1.937500000E1
6.076510178E0,1.937500000E1
6.079135178E0,1.937500000E1
6.081759178E0,1.937500000E1
6.084384178E0,1.937500000E1
6.087008178E0,1.937500000E1
6.089633178E0,1.937500000E1
6.092257178E0,1.937500000E1
6.094882178E0,1.937500000E1
6.097506178E0,1.937500000E1
6.100131178E0,1.937500000E1
6.102755178E0,1.937500000E1
6.105380178E0,1.937500000E1
6.108004178E0,1.937500000E1
6.110629178E0,1.937500000E1
6.113253178E0,1.937500000E1
6.115878178E0,1.937500000E1
6.118502178E0,1.937500000E1
6.121127178E0,1.937500000E1
6.123751178E0,1.937500000E1
6.126376178E0,1.937500000E1
6.129000178E0,1.937500000E1
6.131625178E0,1.937500000E1
6.134249178E0,1.937500000E1
6.136874178E0,1.937500000E1
6.139498178E0,1.937500000E1
6.142123178E0,1.937500000E1
6.144747178E0,1.937500000E1
6.147372178E0,1.937500000E1
6.149996178E0,1.937500000E1
6.152621178E0,1.937500000E1
6.155245178E0,1.937500000E1
6.157870178E0,1.937500000E1
6.160494178E0,1.937500000E1
6.163119178E0,1.937500000E1
6.165744178E0,1.937500000E1
6.168368178E0,1.937500000E1
6.170993178E0,1.937500000E1
6.173617178E0,1.937500000E1
6.176242178E0,1.937500000E1
6.178866178E0,1.937500000E1
6.181491178E0,1.937500000E1
6.184115178E0,1.937500000E1
6.186740178E0,1.937500000E1
6.189364178E0,1.937500000E1
6.191989178E0,1.937500000E1
6.194613178E0,1.937500000E1
6.197238178E0,1.937500000E1
6.199862178E0,1.937500000E1
6.202487178E0,1.937500000E1
6.205111178E0,1.937500000E1
6.207736178E0,1.937500000E1
6.210360178E0,1.937500000E1
6.212985178E0,1.937500000E1
6.215609178E0,1.937500000E1
6.218234178E0,1.937500000E1
6.220858178E0,1.937500000E1
6.223483178E0,1.937500000E1
6.226107178E0,1.937500000E1
6.228732178E0,1.937500000E1
6.231356178E0,1.937500000E1
6.233981178E0,1.937500000E1
6.236605178E0,1.937500000E1
6.239230178E0,1.937500000E1
6.241854178E0,1.937500000E1
6.244479178E0,1.937500000E1
6.247103178E0,1.937500000E1
6.249728178E0,1.937500000E1
6.252352178E0,1.937500000E1
6.254977178E0,1.937500000E1
6.257601178E0,1.937500000E1
6.260226178E0,1.937500000E1
6.262850178E0,1.937500000E1
6.265475178E0,1.937500000E1
6.268099178E0,1.937500000E1
6.270724178E0,1.937500000E1
6.273348178E0,1.937500000E1
6.275973178E0,1.937500000E1
6.278598178E0,1.937500000E1
6.281222178E0,1.937500000E1
6.283847178E0,1.937500000E1
6.286471178E0,1.937500000E1
6.289096178E0,1.937500000E1
6.291720178E0,1.937500000E1
6.294345178E0,1.937500000E1
6.296969178E0,1.937500000E1
6.299594178E0,1.937500000E1
6.302218178E0,1.937500000E1
6.304843178E0,1.937500000E1
6.307467178E0,1.937500000E1
6.310092178E0,1.937500000E1
6.312716178E0,1.937500000E1
6.315341178E0,1.937500000E1
6.317965178E0,1.937500000E1
6.320590178E0,1.937500000E1
6.323214178E0,1.937500000E1
6.325839178E0,1.937500000E1
6.328463178E0,1.937500000E1
6.331088178E0,1.937500000E1
6.333712178E0,1.937500000E1
6.336337178E0,1.937500000E1
6.338961178E0,1.937500000E1
6.341586178E0,1.937500000E1
6.344210178E0,1.937500000E1
6.346835178E0,1.937500000E1
6.349459178E0,1.937500000E1
6.352084178E0,1.937500000E1
6.354708178E0,1.937500000E1
6.357333178E0,1.937500000E1
6.359957178E0,1.937500000E1
6.362582178E0,1.937500000E1
6.365206178E0,1.937500000E1
6.367831178E0,1.937500000E1
6.370455178E0,1.937500000E1
6.373080178E0,1.937500000E1
6.375704178E0,1.937500000E1
6.378329178E0,1.937500000E1
6.380953178E0,1.937500000E1
6.383578178E0,1.937500000E1
6.386202178E0,1.937500000E1
6.388827178E0,1.937500000E1
6.391452178E0,1.937500000E1
6.394076178E0,1.937500000E1
6.396701178E0,1.937500000E1
6.399325178E0,1.937500000E1
6.401950178E0,1.937500000E1
6.404574178E0,1.937500000E1
6.407199178E0,1.937500000E1
6.409823178E0,1.937500000E1
6.412448178E0,1.937500000E1
6.415072178E0,1.937500000E1
6.417697178E0,1.937500000E1
6.420321178E0,1.937500000E1
6.422946178E0,1.937500000E1
6.425570178E0,1.937500000E1
6.428195178E0,1.937500000E1
6.430819178E0,1.937500000E1
6.433444178E0,1.937500000E1
6.436068178E0,1.937500000E1
6.438693178E0,1.937500000E1
6.441317178E0,1.937500000E1
6.443942178E0,1.937500000E1
6.446566178E0,1.937500000E1
6.449191178E0,1.937500000E1
6.451815178E0,1.937500000E1
6.454440178E0,1.937500000E1
6.457064178E0,1.937500000E1
6.459689178E0,1.937500000E1
6.462313178E0,1.937500000E1
6.464938178E0,1.937500000E1
6.467562178E0,1.937500000E1
6.470187178E0,1.937500000E1
6.472811178E0,1.937500000E1
6.475436178E0,1.937500000E1
6.478060178E0,1.937500000E1
6.480685178E0,1.937500000E1
6.483309178E0,1.937500000E1
6.485934178E0,1.937500000E1
6.488558178E0,1.937500000E1
6.491183178E0,1.937500000E1
6.493807178E0,1.937500000E1
6.496432178E0,1.937500000E1
6.499057178E0,1.937500000E1
6.501681178E0,1.937500000E1
6.504306178E0,1.937500000E1
6.506930178E0,1.937500000E1
6.509555178E0,1.937500000E1
6.512179178E0,1.937500000E1
6.514804178E0,1.937500000E1
6.517428178E0,1.937500000E1
6.520053178E0,1.937500000E1
6.522677178E0,1.937500000E1
6.525302178E0,1.937500000E1
6.527926178E0,1.937500000E1
6.530551178E0,1.937500000E1
6.533175178E0,1.937500000E1
6.535800178E0,1.937500000E1
6.538424178E0,1.937500000E1
6.541049178E0,1.937500000E1
6.543673178E0,1.937500000E1
6.546298178E0,1.937500000E1
6.548922178E0,1.937500000E1
6.551547178E0,1.937500000E1
6.554171178E0,1.937500000E1
6.556796178E0,1.937500000E1
6.559420178E0,1.937500000E1
6.562045178E0,1.937500000E1
6.564669178E0,1.937500000E1
6.567294178E0,1.937500000E1
6.569918178E0,1.937500000E1
6.572543178E0,1.937500000E1
6.575167178E0,1.937500000E1
6.577792178E0,1.937500000E1
6.580416178E0,1.937500000E1
6.583041178E0,1.937500000E1
6.585665178E0,1.937500000E1
6.588290178E0,1.937500000E1
6.590914178E0,1.937500000E1
6.593539178E0,1.937500000E1
6.596163178E0,1.937500000E1
6.598788178E0,1.937500000E1
6.601412178E0,1.937500000E1
6.604037178E0,1.937500000E1
6.606661178E0,1.937500000E1
6.609286178E0,1.937500000E1
6.611911178E0,1.937500000E1
6.614535178E0,1.937500000E1
6.617160178E0,1.937500000E1
6.619784178E0,1.937500000E1
6.622409178E0,1.937500000E1
6.625033178E0,1.937500000E1
6.627658178E0,1.937500000E1
6.630282178E0,1.937500000E1
6.632907178E0,1.937500000E1
6.635531178E0,1.937500000E1
6.638156178E0,1.937500000E1
6.640780178E0,1.937500000E1
6.643405178E0,1.937500000E1
6.646029178E0,1.937500000E1
6.648654178E0,1.937500000E1
6.651278178E0,1.937500000E1
6.653903178E0,1.937500000E1
6.656527178E0,1.937500000E1
6.659152178E0,1.937500000E1
6.661776178E0,1.937500000E1
6.664401178E0,1.937500000E1
6.667025178E0,1.937500000E1
6.669650178E0,1.937500000E1
6.672274178E0,1.937500000E1
6.674899178E0,1.937500000E1
6.677523178E0,1.937500000E1
6.680148178E0,1.937500000E1
6.682772178E0,1.937500000E1
6.685397178E0,1.937500000E1
6.688021178E0,1.937500000E1
6.690646178E0,1.937500000E1
6.693270178E0,1.937500000E1
6.695895178E0,1.937500000E1
6.698519178E0,1.937500000E1
6.701144178E0,1.937500000E1
6.703768178E0,1.937500000E1
6.706393178E0,1.937500000E1
6.709017178E0,1.937500000E1
6.711642178E0,1.937500000E1
6.714266178E0,1.937500000E1
6.716891178E0,1.937500000E1
6.719515178E0,1.937500000E1
6.722140178E0,1.937500000E1
6.724765178E0,1.937500000E1
6.727389178E0,1.937500000E1
6.730014178E0,1.937500000E1
6.732638178E0,1.937500000E1
6.735263178E0,1.937500000E1
6.737887178E0,1.937500000E1
6.740512178E0,1.937500000E1
6.743136178E0,1.937500000E1
6.745761178E0,1.937500000E1
6.748385178E0,1.937500000E1
6.751010178E0,1.937500000E1
6.753634178E0,1.937500000E1
6.756259178E0,1.937500000E1
6.758883178E0,1.937500000E1
6.761508178E0,1.937500000E1
6.764132178E0,1.937500000E1
6.766757178E0,1.937500000E1
6.769381178E0,1.937500000E1
6.772006178E0,1.937500000E1
6.774630178E0,1.937500000E1
6.777255178E0,1.937500000E1
6.779879178E0,1.937500000E1
6.782504178E0,1.937500000E1
6.785128178E0,1.937500000E1
6.787753178E0,1.937500000E1
6.790377178E0,1.937500000E1
6.793002178E0,1.937500000E1
6.795626178E0,1.937500000E1
6.798251178E0,1.937500000E1
6.800875178E0,1.937500000E1
6.803500178E0,1.937500000E1
6.806124178E0,1.937500000E1
6.808749178E0,1.937500000E1
6.811373178E0,1.937500000E1
6.813998178E0,1.937500000E1
6.816622178E0,1.937500000E1
6.819247178E0,1.937500000E1
6.821871178E0,1.937500000E1
6.824496178E0,1.937500000E1
6.827120178E0,1.937500000E1
6.829745178E0,1.937500000E1
6.832369178E0,1.937500000E1
6.834994178E0,1.937500000E1
6.837619178E0,1.937500000E1
6.840243178E0,1.937500000E1
6.842868178E0,1.937500000E1
6.845492178E0,1.937500000E1
6.848117178E0,1.937500000E1
6.850741178E0,1.937500000E1
6.853366178E0,1.937500000E1
6.855990178E0,1.937500000E1
6.858615178E0,1.937500000E1
6.861239178E0,1.937500000E1
6.863864178E0,1.937500000E1
6.866488178E0,1.937500000E1
6.869113178E0,1.937500000E1
6.871737178E0,1.937500000E1
6.874362178E0,1.937500000E1
6.876986178E0,1.937500000E1
6.879611178E0,1.937500000E1
6.882235178E0,1.937500000E1
6.884860178E0,1.937500000E1
6.887484178E0,1.937500000E1
6.890109178E0,1.937500000E1
6.892733178E0,1.937500000E1
6.895358178E0,1.937500000E1
6.897982178E0,1.937500000E1
6.900607178E0,1.937500000E1
6.903231178E0,1.937500000E1
6.905856178E0,1.937500000E1
6.908480178E0,1.937500000E1
6.911105178E0,1.937500000E1
6.913729178E0,1.937500000E1
6.916354178E0,1.937500000E1
6.918978178E0,1.937500000E1
6.921603178E0,1.937500000E1
6.924227178E0,1.937500000E1
6.926852178E0,1.937500000E1
6.929476178E0,1.937500000E1
6.932101178E0,1.937500000E1
6.934725178E0,1.937500000E1
6.937350178E0,1.937500000E1
6.939974178E0,1.937500000E1
6.942599178E0,1.937500000E1
6.945223178E0,1.937500000E1
6.947848178E0,1.937500000E1
6.950473178E0,1.937500000E1
6.953097178E0,1.937500000E1
6.955722178E0,1.937500000E1
6.958346178E0,1.937500000E1
6.960971178E0,1.937500000E1
6.963595178E0,1.937500000E1
6.966220178E0,1.937500000E1
6.968844178E0,1.937500000E1
6.971469178E0,1.937500000E1
6.974093178E0,1.937500000E1
6.976718178E0,1.937500000E1
6.979342178E0,1.937500000E1
6.981967178E0,1.937500000E1
6.984591178E0,1.937500000E1
6.987216178E0,1.937500000E1
6.989840178E0,1.937500000E1
6.992465178E0,1.937500000E1
6.995089178E0,1.937500000E1
6.997714178E0,1.937500000E1
7.000338178E0,1.937500000E1
7.002963178E0,1.937500000E1
7.005587178E0,1.937500000E1
7.008212178E0,1.937500000E1
7.010836178E0,1.937500000E1
7.013461178E0,1.937500000E1
7.016085178E0,1.937500000E1
7.018710178E0,1.937500000E1
7.021334178E0,1.937500000E1
7.023959178E0,1.937500000E1
7.026583178E0,1.937500000E1
7.029208178E0,1.937500000E1
7.031832178E0,1.937500000E1
7.034457178E0,1.937500000E1
7.037081178E0,1.937500000E1
7.039706178E0,1.937500000E1
7.042330178E0,1.937500000E1
7.044955178E0,1.937500000E1
7.047579178E0,1.937500000E1
7.050204178E0,1.937500000E1
7.052828178E0,1.937500000E1
7.055453178E0,1.937500000E1
7.058077178E0,1.937500000E1
7.060702178E0,1.937500000E1
7.063327178E0,1.937500000E1
7.065951178E0,1.937500000E1
7.068576178E0,1.937500000E1
7.071200178E0,1.937500000E1
7.073825178E0,1.937500000E1
7.076449178E0,1.937500000E1
7.079074178E0,1.937500000E1
7.081698178E0,1.937500000E1
7.084323178E0,1.937500000E1
7.086947178E0,1.937500000E1
7.089572178E0,1.937500000E1
7.092196178E0,1.937500000E1
7.094821178E0,1.937500000E1
7.097445178E0,1.937500000E1
7.100070178E0,1.937500000E1
7.102694178E0,1.937500000E1
7.105319178E0,1.937500000E1
7.107943178E0,1.937500000E1
7.110568178E0,1.937500000E1
7.113192178E0,1.937500000E1
7.115817178E0,1.937500000E1
7.118441178E0,1.937500000E1
7.121066178E0,1.937500000E1
7.123690178E0,1.937500000E1
7.126315178E0,1.937500000E1
7.128939178E0,1.937500000E1
7.131564178E0,1.937500000E1
7.134188178E0,1.937500000E1
7.136813178E0,1.937500000E1
7.139437178E0,1.937500000E1
7.142062178E0,1.937500000E1
7.144686178E0,1.937500000E1
7.147311178E0,1.937500000E1
7.149935178E0,1.937500000E1
7.152560178E0,1.937500000E1
7.155184178E0,1.937500000E1
7.157809178E0,1.937500000E1
7.160433178E0,1.937500000E1
7.163058178E0,1.937500000E1
7.165682178E0,1.937500000E1
7.168307178E0,1.937500000E1
7.170932178E0,1.937500000E1
7.173556178E0,1.937500000E1
7.176181178E0,1.937500000E1
7.178805178E0,1.937500000E1
7.181430178E0,1.937500000E1
7.184054178E0,1.937500000E1
7.186679178E0,1.937500000E1
7.189303178E0,1.937500000E1
7.191928178E0,1.937500000E1
7.194552178E0,1.937500000E1
7.197177178E0,1.937500000E1
7.199801178E0,1.937500000E1
7.202426178E0,1.937500000E1
7.205050178E0,1.937500000E1
7.207675178E0,1.937500000E1
7.210299178E0,1.937500000E1
7.212924178E0,1.937500000E1
7.215548178E0,1.937500000E1
7.218173178E0,1.937500000E1
7.220797178E0,1.937500000E1
7.223422178E0,1.937500000E1
7.226046178E0,1.937500000E1
7.228671178E0,1.937500000E1
7.231295178E0,1.937500000E1
7.233920178E0,1.937500000E1
7.236544178E0,1.937500000E1
7.239169178E0,1.937500000E1
7.241793178E0,1.937500000E1
7.244418178E0,1.937500000E1
7.247042178E0,1.937500000E1
7.249667178E0,1.937500000E1
7.252291178E0,1.937500000E1
7.254916178E0,1.937500000E1
7.257540178E0,1.937500000E1
7.260165178E0,1.937500000E1
7.262789178E0,1.937500000E1
7.265414178E0,1.937500000E1
7.268038178E0,1.937500000E1
7.270663178E0,1.937500000E1
7.273287178E0,1.937500000E1
7.275912178E0,1.937500000E1
7.278536178E0,1.937500000E1
7.281161178E0,1.937500000E1
7.283786178E0,1.937500000E1
7.286410178E0,1.937500000E1
7.289035178E0,1.937500000E1
7.291659178E0,1.937500000E1
7.294284178E0,1.937500000E1
7.296908178E0,1.937500000E1
7.299533178E0,1.937500000E1
7.302157178E0,1.937500000E1
7.304782178E0,1.937500000E1
7.307406178E0,1.937500000E1
7.310031178E0,1.937500000E1
7.312655178E0,1.937500000E1
7.315280178E0,1.937500000E1
7.317904178E0,1.937500000E1
7.320529178E0,1.937500000E1
7.323153178E0,1.937500000E1
7.325778178E0,1.937500000E1
7.328402178E0,1.937500000E1
7.331027178E0,1.937500000E1
7.333651178E0,1.937500000E1
7.336276178E0,1.937500000E1
7.338900178E0,1.937500000E1
7.341525178E0,1.937500000E1
7.344149178E0,1.937500000E1
7.346774178E0,1.937500000E1
7.349398178E0,1.937500000E1
7.352023178E0,1.937500000E1
7.354647178E0,1.937500000E1
7.357272178E0,1.937500000E1
7.359896178E0,1.937500000E1
7.362521178E0,1.937500000E1
7.365145178E0,1.937500000E1
7.367770178E0,1.937500000E1
7.370394178E0,1.937500000E1
7.373019178E0,1.937500000E1
7.375643178E0,1.937500000E1
7.378268178E0,1.937500000E1
7.380892178E0,1.937500000E1
7.383517178E0,1.937500000E1
7.386141178E0,1.937500000E1
7.388766178E0,1.937500000E1
7.391390178E0,1.937500000E1
7.394015178E0,1.937500000E1
7.396640178E0,1.937500000E1
7.399264178E0,1.937500000E1
7.401889178E0,1.937500000E1
7.404513178E0,1.937500000E1
7.407138178E0,1.937500000E1
7.409762178E0,1.937500000E1
7.412387178E0,1.937500000E1
7.415011178E0,1.937500000E1
7.417636178E0,1.937500000E1
7.420260178E0,1.937500000E1
7.422885178E0,1.937500000E1
7.425509178E0,1.937500000E1
7.428134178E0,1.937500000E1
7.430758178E0,1.937500000E1
7.433383178E0,1.937500000E1
7.436007178E0,1.937500000E1
7.438632178E0,1.937500000E1
7.441256178E0,1.937500000E1
7.443881178E0,1.937500000E1
7.446505178E0,1.937500000E1
7.449130178E0,1.937500000E1
7.451754178E0,1.937500000E1
7.454379178E0,1.937500000E1
7.457003178E0,1.937500000E1
7.459628178E0,1.937500000E1
7.462252178E0,1.937500000E1
7.464877178E0,1.937500000E1
7.467501178E0,1.937500000E1
7.470126178E0,1.937500000E1
7.472750178E0,1.937500000E1
7.475375178E0,1.937500000E1
7.477999178E0,1.937500000E1
7.480624178E0,1.937500000E1
7.483248178E0,1.937500000E1
7.485873178E0,1.937500000E1
7.488497178E0,1.937500000E1
7.491122178E0,1.937500000E1
7.493746178E0,1.937500000E1
7.496371178E0,1.937500000E1
7.498995178E0,1.937500000E1
7.501620178E0,1.937500000E1
7.504244178E0,1.937500000E1
7.506869178E0,1.937500000E1
7.509494178E0,1.937500000E1
7.512118178E0,1.937500000E1
7.514743178E0,1.937500000E1
7.517367178E0,1.937500000E1
7.519992178E0,1.937500000E1
7.522616178E0,1.937500000E1
7.525241178E0,1.937500000E1
7.527865178E0,1.937500000E1
7.530490178E0,1.937500000E1
7.533114178E0,1.937500000E1
7.535739178E0,1.937500000E1
7.538363178E0,1.937500000E1
7.540988178E0,1.937500000E1
7.543612178E0,1.937500000E1
7.546237178E0,1.937500000E1
7.548861178E0,1.937500000E1
7.551486178E0,1.937500000E1
7.554110178E0,1.937500000E1
7.556735178E0,1.937500000E1
7.559359178E0,1.937500000E1
7.561984178E0,1.937500000E1
7.564608178E0,1.937500000E1
7.567233178E0,1.937500000E1
7.569857178E0,1.937500000E1
7.572482178E0,1.937500000E1
7.575106178E0,1.937500000E1
7.577731178E0,1.937500000E1
7.580355178E0,1.937500000E1
7.582980178E0,1.937500000E1
7.585604178E0,1.937500000E1
7.588229178E0,1.937500000E1
7.590853178E0,1.937500000E1
7.593478178E0,1.937500000E1
7.596102178E0,1.937500000E1
7.598727178E0,1.937500000E1
7.601351178E0,1.937500000E1
7.603976178E0,1.937500000E1
7.606600178E0,1.937500000E1
7.609225178E0,1.937500000E1
7.611849178E0,1.937500000E1
7.614474178E0,1.937500000E1
7.617098178E0,1.937500000E1
7.619723178E0,1.937500000E1
7.622348178E0,1.937500000E1
7.624972178E0,1.937500000E1
7.627597178E0,1.937500000E1
7.630221178E0,1.937500000E1
7.632846178E0,1.937500000E1
7.635470178E0,1.937500000E1
7.638095178E0,1.937500000E1
7.640719178E0,1.937500000E1
7.643344178E0,1.937500000E1
7.645968178E0,1.937500000E1
7.648593178E0,1.937500000E1
7.651217178E0,1.937500000E1
7.653842178E0,1.937500000E1
7.656466178E0,1.937500000E1
7.659091178E0,1.937500000E1
7.661715178E0,1.937500000E1
7.664340178E0,1.937500000E1
7.666964178E0,1.937500000E1
7.669589178E0,1.937500000E1
7.672213178E0,1.937500000E1
7.674838178E0,1.937500000E1
7.677462178E0,1.937500000E1
7.680087178E0,1.937500000E1
7.682711178E0,1.937500000E1
7.685336178E0,1.937500000E1
7.687960178E0,1.937500000E1
7.690585178E0,1.937500000E1
7.693209178E0,1.937500000E1
7.695834178E0,1.937500000E1
7.698458178E0,1.937500000E1
7.701083178E0,1.937500000E1
7.703707178E0,1.937500000E1
7.706332178E0,1.937500000E1
7.708956178E0,1.937500000E1
7.711581178E0,1.937500000E1
7.714205178E0,1.937500000E1
7.716830178E0,1.937500000E1
7.719454178E0,1.937500000E1
7.722079178E0,1.937500000E1
7.724703178E0,1.937500000E1
7.727328178E0,1.937500000E1
7.729952178E0,1.937500000E1
7.732577178E0,1.937500000E1
7.735202178E0,1.937500000E1
7.737826178E0,1.937500000E1
7.740451178E0,1.937500000E1
7.743075178E0,1.937500000E1
7.745700178E0,1.937500000E1
7.748324178E0,1.937500000E1
7.750949178E0,1.937500000E1
7.753573178E0,1.937500000E1
7.756198178E0,1.937500000E1
7.758822178E0,1.937500000E1
7.761447178E0,1.937500000E1
7.764071178E0,1.937500000E1
7.766696178E0,1.937500000E1
7.769320178E0,1.937500000E1
7.771945178E0,1.937500000E1
7.774569178E0,1.937500000E1
7.777194178E0,1.937500000E1
7.779818178E0,1.937500000E1
7.782443178E0,1.937500000E1
7.785067178E0,1.937500000E1
7.787692178E0,1.937500000E1
7.790316178E0,1.937500000E1
7.792941178E0,1.937500000E1
7.795565178E0,1.937500000E1
7.798190178E0,1.937500000E1
7.800814178E0,1.937500000E1
7.803439178E0,1.937500000E1
7.806063178E0,1.937500000E1
7.808688178E0,1.937500000E1
7.811312178E0,1.937500000E1
7.813937178E0,1.937500000E1
7.816561178E0,1.937500000E1
7.819186178E0,1.937500000E1
7.821810178E0,1.937500000E1
7.824435178E0,1.937500000E1
7.827059178E0,1.937500000E1
7.829684178E0,1.937500000E1
7.832308178E0,1.937500000E1
7.834933178E0,1.937500000E1
7.837557178E0,1.937500000E1
7.840182178E0,1.937500000E1
7.842807178E0,1.937500000E1
7.845431178E0,1.937500000E1
7.848056178E0,1.937500000E1
7.850680178E0,1.937500000E1
7.853305178E0,1.937500000E1
7.855929178E0,1.937500000E1
7.858554178E0,1.937500000E1
7.861178178E0,1.937500000E1
7.863803178E0,1.937500000E1
7.866427178E0,1.937500000E1
7.869052178E0,1.937500000E1
7.871676178E0,1.937500000E1
7.874301178E0,1.937500000E1
7.876925178E0,1.937500000E1
7.879550178E0,1.937500000E1
7.882174178E0,1.937500000E1
7.884799178E0,1.937500000E1
7.887423178E0,1.937500000E1
7.890048178E0,1.937500000E1
7.892672178E0,1.937500000E1
7.895297178E0,1.937500000E1
7.897921178E0,1.937500000E1
7.900546178E0,1.937500000E1
7.903170178E0,1.937500000E1
7.905795178E0,1.937500000E1
7.908419178E0,1.937500000E1
7.911044178E0,1.937500000E1
7.913668178E0,1.937500000E1
7.916293178E0,1.937500000E1
7.918917178E0,1.937500000E1
7.921542178E0,1.937500000E1
7.924166178E0,1.937500000E1
7.926791178E0,1.937500000E1
7.929415178E0,1.937500000E1
7.932040178E0,1.937500000E1
7.934664178E0,1.937500000E1
7.937289178E0,1.937500000E1
7.939913178E0,1.937500000E1
7.942538178E0,1.937500000E1
7.945162178E0,1.937500000E1
7.947787178E0,1.937500000E1
7.950411178E0,1.937500000E1
7.953036178E0,1.937500000E1
7.955661178E0,1.937500000E1
7.958285178E0,1.937500000E1
7.960910178E0,1.937500000E1
7.963534178E0,1.937500000E1
7.966159178E0,1.937500000E1
7.968783178E0,1.937500000E1
7.971408178E0,1.937500000E1
7.974032178E0,1.937500000E1
7.976657178E0,1.937500000E1
7.979281178E0,1.937500000E1
7.981906178E0,1.937500000E1
7.984530178E0,1.937500000E1
7.987155178E0,1.937500000E1
7.989779178E0,1.937500000E1
7.992404178E0,1.937500000E1
7.995028178E0,1.937500000E1
7.997653178E0,1.937500000E1
8.000277178E0,1.937500000E1
8.002902178E0,1.937500000E1
8.005526178E0,1.937500000E1
8.008151178E0,1.937500000E1
8.010775178E0,1.937500000E1
8.013400178E0,1.937500000E1
8.016024178E0,1.937500000E1
8.018649178E0,1.937500000E1
8.021273178E0,1.937500000E1
8.023898178E0,1.937500000E1
8.026522178E0,1.937500000E1
8.029147178E0,1.937500000E1
8.031771178E0,1.937500000E1
8.034396178E0,1.937500000E1
8.037020178E0,1.937500000E1
8.039645178E0,1.937500000E1
8.042269178E0,1.937500000E1
8.044894178E0,1.937500000E1
8.047518178E0,1.937500000E1
8.050143178E0,1.937500000E1
8.052767178E0,1.937500000E1
8.055392178E0,1.937500000E1
8.058016178E0,1.937500000E1
8.060641178E0,1.937500000E1
8.063265178E0,1.937500000E1
8.065890178E0,1.937500000E1
8.068515178E0,1.937500000E1
8.071139178E0,1.937500000E1
8.073764178E0,1.937500000E1
8.076388178E0,1.937500000E1
8.079013178E0,1.937500000E1
8.081637178E0,1.937500000E1
8.084262178E0,1.937500000E1
8.086886178E0,1.937500000E1
8.089511178E0,1.937500000E1
8.092135178E0,1.937500000E1
8.094760178E0,1.937500000E1
8.097384178E0,1.937500000E1
8.100009178E0,1.937500000E1
8.102633178E0,1.937500000E1
8.105258178E0,1.937500000E1
8.107882178E0,1.937500000E1
8.110507178E0,1.937500000E1
8.113131178E0,1.937500000E1
8.115756178E0,1.937500000E1
8.118380178E0,1.937500000E1
8.121005178E0,1.937500000E1
8.123629178E0,1.937500000E1
8.126254178E0,1.937500000E1
8.128878178E0,1.937500000E1
8.131503178E0,1.937500000E1
8.134127178E0,1.937500000E1
8.136752178E0,1.937500000E1
8.139376178E0,1.937500000E1
8.142001178E0,1.937500000E1
8.144625178E0,1.937500000E1
8.147250178E0,1.937500000E1
8.149874178E0,1.937500000E1
8.152499178E0,1.937500000E1
8.155123178E0,1.937500000E1
8.157748178E0,1.937500000E1
8.160372178E0,1.937500000E1
8.162997178E0,1.937500000E1
8.165621178E0,1.937500000E1
8.168246178E0,1.937500000E1
8.170870178E0,1.937500000E1
8.173495178E0,1.937500000E1
8.176119178E0,1.937500000E1
8.178744178E0,1.937500000E1
8.181369178E0,1.937500000E1
8.183993178E0,1.937500000E1
8.186618178E0,1.937500000E1
8.189242178E0,1.937500000E1
8.191867178E0,1.937500000E1
8.194491178E0,1.937500000E1
8.197116178E0,1.937500000E1
8.199740178E0,1.937500000E1
8.202365178E0,1.937500000E1
8.204989178E0,1.937500000E1
8.207614178E0,1.937500000E1
8.210238178E0,1.937500000E1
8.212863178E0,1.937500000E1
8.215487178E0,1.937500000E1
8.218112178E0,1.937500000E1
8.220736178E0,1.937500000E1
8.223361178E0,1.937500000E1
8.225985178E0,1.937500000E1
8.228610178E0,1.937500000E1
8.231234178E0,1.937500000E1
8.233859178E0,1.937500000E1
8.236483178E0,1.937500000E1
8.239108178E0,1.937500000E1
8.241732178E0,1.937500000E1
8.244357178E0,1.937500000E1
8.246981178E0,1.937500000E1
8.249606178E0,1.937500000E1
8.252230178E0,1.937500000E1
8.254855178E0,1.937500000E1
8.257479178E0,1.937500000E1
8.260104178E0,1.937500000E1
8.262728178E0,1.937500000E1
8.265353178E0,1.937500000E1
8.267977178E0,1.937500000E1
8.270602178E0,1.937500000E1
8.273226178E0,1.937500000E1
8.275851178E0,1.937500000E1
8.278475178E0,1.937500000E1
8.281100178E0,1.937500000E1
8.283724178E0,1.937500000E1
8.286349178E0,1.937500000E1
8.288973178E0,1.937500000E1
8.291598178E0,1.937500000E1
8.294223178E0,1.937500000E1
8.296847178E0,1.937500000E1
8.299472178E0,1.937500000E1
8.302096178E0,1.937500000E1
8.304721178E0,1.937500000E1
8.307345178E0,1.937500000E1
8.309970178E0,1.937500000E1
8.312594178E0,1.937500000E1
8.315219178E0,1.937500000E1
8.317843178E0,1.937500000E1
8.320468178E0,1.937500000E1
8.323092178E0,1.937500000E1
8.325717178E0,1.937500000E1
8.328341178E0,1.937500000E1
8.330966178E0,1.937500000E1
8.333590178E0,1.937500000E1
8.336215178E0,1.937500000E1
8.338839178E0,1.937500000E1
8.341464178E0,1.937500000E1
8.344088178E0,1.937500000E1
8.346713178E0,1.937500000E1
8.349337178E0,1.937500000E1
8.351962178E0,1.937500000E1
8.354586178E0,1.937500000E1
8.357211178E0,1.937500000E1
8.359835178E0,1.937500000E1
8.362460178E0,1.937500000E1
8.365084178E0,1.937500000E1
8.367709178E0,1.937500000E1
8.370333178E0,1.937500000E1
8.372958178E0,1.937500000E1
8.375582178E0,1.937500000E1
8.378207178E0,1.937500000E1
8.380831178E0,1.937500000E1
8.383456178E0,1.937500000E1
8.386080178E0,1.937500000E1
8.388705178E0,1.937500000E1
8.391329178E0,1.937500000E1
8.393954178E0,1.937500000E1
8.396578178E0,1.937500000E1
8.399203178E0,1.937500000E1
8.401827178E0,1.937500000E1
8.404452178E0,1.937500000E1
8.407077178E0,1.937500000E1
8.409701178E0,1.937500000E1
8.412326178E0,1.937500000E1
8.414950178E0,1.937500000E1
8.417575178E0,1.937500000E1
8.420199178E0,1.937500000E1
8.422824178E0,1.937500000E1
8.425448178E0,1.937500000E1
8.428073178E0,1.937500000E1
8.430697178E0,1.937500000E1
8.433322178E0,1.937500000E1
8.435946178E0,1.937500000E1
8.438571178E0,1.937500000E1
8.441195178E0,1.937500000E1
8.443820178E0,1.937500000E1
8.446444178E0,1.937500000E1
8.449069178E0,1.937500000E1
8.451693178E0,1.937500000E1
8.454318178E0,1.937500000E1
8.456942178E0,1.937500000E1
8.459567178E0,1.937500000E1
8.462191178E0,1.937500000E1
8.464816178E0,1.937500000E1
8.467440178E0,1.937500000E1
8.470065178E0,1.937500000E1
8.472689178E0,1.937500000E1
8.475335178E0,1.937500000E1
8.477959178E0,1.937500000E1
8.480584178E0,1.937500000E1
8.483209178E0,1.937500000E1
8.485833178E0,1.937500000E1
8.488458178E0,1.937500000E1
8.491082178E0,1.937500000E1
8.493707178E0,1.937500000E1
8.496331178E0,1.937500000E1
8.498956178E0,1.937500000E1
8.501580178E0,1.937500000E1
8.504205178E0,1.937500000E1
8.506829178E0,1.937500000E1
8.509454178E0,1.937500000E1
8.512078178E0,1.937500000E1
8.514703178E0,1.937500000E1
8.517327178E0,1.937500000E1
8.519952178E0,1.937500000E1
8.522576178E0,1.937500000E1
8.525201178E0,1.937500000E1
8.527825178E0,1.937500000E1
8.530450178E0,1.937500000E1
8.533074178E0,1.937500000E1
8.535699178E0,1.937500000E1
8.538323178E0,1.937500000E1
8.540948178E0,1.937500000E1
8.543572178E0,1.937500000E1
8.546197178E0,1.937500000E1
8.548821178E0,1.937500000E1
8.551446178E0,1.937500000E1
8.554070178E0,1.937500000E1
8.556695178E0,1.937500000E1
8.559319178E0,1.937500000E1
8.561944178E0,1.937500000E1
8.564568178E0,1.937500000E1
8.567193178E0,1.937500000E1
8.569817178E0,1.937500000E1
8.572442178E0,1.937500000E1
8.575066178E0,1.937500000E1
8.577691178E0,1.937500000E1
8.580315178E0,1.937500000E1
8.582940178E0,1.937500000E1
8.585564178E0,1.937500000E1
8.588189178E0,1.937500000E1
8.590813178E0,1.937500000E1
8.593438178E0,1.937500000E1
8.596063178E0,1.937500000E1
8.598687178E0,1.937500000E1
8.601312178E0,1.937500000E1
8.603936178E0,1.937500000E1
8.606561178E0,1.937500000E1
8.609185178E0,1.937500000E1
8.611810178E0,1.937500000E1
8.614434178E0,1.937500000E1
8.617059178E0,1.937500000E1
8.619683178E0,1.937500000E1
8.622308178E0,1.937500000E1
8.624932178E0,1.937500000E1
8.627557178E0,1.937500000E1
8.630181178E0,1.937500000E1
8.632806178E0,1.937500000E1
8.635430178E0,1.937500000E1
8.638055178E0,1.937500000E1
8.640679178E0,1.937500000E1
8.643304178E0,1.937500000E1
8.645928178E0,1.937500000E1
8.648553178E0,1.937500000E1
8.651177178E0,1.937500000E1
8.653802178E0,1.937500000E1
8.656426178E0,1.937500000E1
8.659051178E0,1.937500000E1
8.661675178E0,1.937500000E1
8.664300178E0,1.937500000E1
8.666924178E0,1.937500000E1
8.669549178E0,1.937500000E1
8.672173178E0,1.937500000E1
8.674798178E0,1.937500000E1
8.677422178E0,1.937500000E1
8.680047178E0,1.937500000E1
8.682671178E0,1.937500000E1
8.685296178E0,1.937500000E1
8.687920178E0,1.937500000E1
8.690545178E0,1.937500000E1
8.693169178E0,1.937500000E1
8.695794178E0,1.937500000E1
8.698418178E0,1.937500000E1
8.701043178E0,1.937500000E1
8.703668178E0,1.937500000E1
8.706292178E0,1.937500000E1
8.708917178E0,1.937500000E1
8.711541178E0,1.937500000E1
8.714166178E0,1.937500000E1
8.716790178E0,1.937500000E1
8.719415178E0,1.937500000E1
8.722039178E0,1.937500000E1
8.724664178E0,1.937500000E1
8.727288178E0,1.937500000E1
8.729913178E0,1.937500000E1
8.732537178E0,1.937500000E1
8.735162178E0,1.937500000E1
8.737786178E0,1.937500000E1
8.740411178E0,1.937500000E1
8.743035178E0,1.937500000E1
8.745660178E0,1.937500000E1
8.748284178E0,1.937500000E1
8.750909178E0,1.937500000E1
8.753533178E0,1.937500000E1
8.756158178E0,1.937500000E1
8.758782178E0,1.937500000E1
8.761407178E0,1.937500000E1
8.764031178E0,1.937500000E1
8.766656178E0,1.937500000E1
8.769280178E0,1.937500000E1
8.771905178E0,1.937500000E1
8.774529178E0,1.937500000E1
8.777154178E0,1.937500000E1
8.779778178E0,1.937500000E1
8.782403178E0,1.937500000E1
8.785027178E0,1.937500000E1
8.787652178E0,1.937500000E1
8.790276178E0,1.937500000E1
8.792901178E0,1.937500000E1
8.795525178E0,1.937500000E1
8.798150178E0,1.937500000E1
8.800774178E0,1.937500000E1
8.803399178E0,1.937500000E1
8.806023178E0,1.937500000E1
8.808648178E0,1.937500000E1
8.811272178E0,1.937500000E1
8.813897178E0,1.937500000E1
8.816522178E0,1.937500000E1
8.819146178E0,1.937500000E1
8.821771178E0,1.937500000E1
8.824395178E0,1.937500000E1
8.827020178E0,1.937500000E1
8.829644178E0,1.937500000E1
8.832269178E0,1.937500000E1
8.834893178E0,1.937500000E1
8.837518178E0,1.937500000E1
8.840142178E0,1.937500000E1
8.842767178E0,1.937500000E1
8.845391178E0,1.937500000E1
8.848016178E0,1.937500000E1
8.850640178E0,1.937500000E1
8.853265178E0,1.937500000E1
8.855889178E0,1.937500000E1
8.858514178E0,1.937500000E1
8.861138178E0,1.937500000E1
8.863763178E0,1.937500000E1
8.866387178E0,1.937500000E1
8.869012178E0,1.937500000E1
8.871636178E0,1.937500000E1
8.874261178E0,1.937500000E1
8.876885178E0,1.937500000E1
8.879510178E0,1.937500000E1
8.882134178E0,1.937500000E1
8.884759178E0,1.937500000E1
8.887383178E0,1.937500000E1
8.890008178E0,1.937500000E1
8.892632178E0,1.937500000E1
8.895257178E0,1.937500000E1
8.897881178E0,1.937500000E1
8.900506178E0,1.937500000E1
8.903130178E0,1.937500000E1
8.905755178E0,1.937500000E1
8.908379178E0,1.937500000E1
8.911004178E0,1.937500000E1
8.913628178E0,1.937500000E1
8.916253178E0,1.937500000E1
8.918877178E0,1.937500000E1
8.921502178E0,1.937500000E1
8.924126178E0,1.937500000E1
8.926751178E0,1.937500000E1
8.929376178E0,1.937500000E1
8.932000178E0,1.937500000E1
8.934625178E0,1.937500000E1
8.937249178E0,1.937500000E1
8.939874178E0,1.937500000E1
8.942498178E0,1.937500000E1
8.945123178E0,1.937500000E1
8.947747178E0,1.937500000E1
8.950372178E0,1.937500000E1
8.952996178E0,1.937500000E1
8.955621178E0,1.937500000E1
8.958245178E0,1.937500000E1
8.960870178E0,1.937500000E1
8.963494178E0,1.937500000E1
8.966119178E0,1.937500000E1
8.968743178E0,1.937500000E1
8.971368178E0,1.937500000E1
8.973992178E0,1.937500000E1
8.976617178E0,1.937500000E1
8.979241178E0,1.937500000E1
8.981866178E0,1.937500000E1
8.984490178E0,1.937500000E1
8.987115178E0,1.937500000E1
8.989739178E0,1.937500000E1
8.992364178E0,1.937500000E1
8.994988178E0,1.937500000E1
8.997613178E0,1.937500000E1
9.000237178E0,1.937500000E1
9.002862178E0,1.937500000E1
9.005486178E0,1.937500000E1
9.008111178E0,1.937500000E1
9.010735178E0,1.937500000E1
9.013360178E0,1.937500000E1
9.015984178E0,1.937500000E1
9.018609178E0,1.937500000E1
9.021233178E0,1.937500000E1
9.023858178E0,1.937500000E1
9.026482178E0,1.937500000E1
9.029107178E0,1.937500000E1
9.031731178E0,1.937500000E1
9.034356178E0,1.937500000E1
9.036980178E0,1.937500000E1
9.039605178E0,1.937500000E1
9.042230178E0,1.937500000E1
9.044854178E0,1.937500000E1
9.047479178E0,1.937500000E1
9.050103178E0,1.937500000E1
9.052728178E0,1.937500000E1
9.055352178E0,1.937500000E1
9.057977178E0,1.937500000E1
9.060601178E0,1.937500000E1
9.063226178E0,1.937500000E1
9.065850178E0,1.937500000E1
9.068475178E0,1.937500000E1
9.071099178E0,1.937500000E1
9.073724178E0,1.937500000E1
9.076348178E0,1.937500000E1
9.078973178E0,1.937500000E1
9.081597178E0,1.937500000E1
9.084222178E0,1.937500000E1
9.086846178E0,1.937500000E1
9.089471178E0,1.937500000E1
9.092095178E0,1.937500000E1
9.094720178E0,1.937500000E1
9.097344178E0,1.937500000E1
9.099969178E0,1.937500000E1
9.102593178E0,1.937500000E1
9.105218178E0,1.937500000E1
9.107842178E0,1.937500000E1
9.110467178E0,1.937500000E1
9.113091178E0,1.937500000E1
9.115716178E0,1.937500000E1
9.118340178E0,1.937500000E1
9.120965178E0,1.937500000E1
9.123589178E0,1.937500000E1
9.126214178E0,1.937500000E1
9.128838178E0,1.937500000E1
9.131463178E0,1.937500000E1
9.134087178E0,1.937500000E1
9.136712178E0,1.937500000E1
9.139336178E0,1.937500000E1
9.141961178E0,1.937500000E1
9.144585178E0,1.937500000E1
9.147210178E0,1.937500000E1
9.149834178E0,1.937500000E1
9.152459178E0,1.937500000E1
9.155084178E0,1.937500000E1
9.157708178E0,1.937500000E1
9.160333178E0,1.937500000E1
9.162957178E0,1.937500000E1
9.165582178E0,1.937500000E1
9.168206178E0,1.937500000E1
9.170831178E0,1.937500000E1
9.173455178E0,1.937500000E1
9.176080178E0,1.937500000E1
9.178704178E0,1.937500000E1
9.181329178E0,1.937500000E1
9.183953178E0,1.937500000E1
9.186578178E0,1.937500000E1
9.189202178E0,1.937500000E1
9.191827178E0,1.937500000E1
9.194451178E0,1.937500000E1
9.197076178E0,1.937500000E1
9.199700178E0,1.937500000E1
9.202325178E0,1.937500000E1
9.204949178E0,1.937500000E1
9.207574178E0,1.937500000E1
9.210198178E0,1.937500000E1
9.212823178E0,1.937500000E1
9.215447178E0,1.937500000E1
9.218072178E0,1.937500000E1
9.220696178E0,1.937500000E1
9.223321178E0,1.937500000E1
9.225945178E0,1.937500000E1
9.228570178E0,1.937500000E1
9.231194178E0,1.937500000E1
9.233819178E0,1.937500000E1
9.236443178E0,1.937500000E1
9.239068178E0,1.937500000E1
9.241692178E0,1.937500000E1
9.244317178E0,1.937500000E1
9.246941178E0,1.937500000E1
9.249566178E0,1.937500000E1
9.252190178E0,1.937500000E1
9.254815178E0,1.937500000E1
9.257439178E0,1.937500000E1
9.260064178E0,1.937500000E1
9.262688178E0,1.937500000E1
9.265313178E0,1.937500000E1
9.267938178E0,1.937500000E1
9.270562178E0,1.937500000E1
9.273187178E0,1.937500000E1
9.275811178E0,1.937500000E1
9.278436178E0,1.937500000E1
9.281060178E0,1.937500000E1
9.283685178E0,1.937500000E1
9.286309178E0,1.937500000E1
9.288934178E0,1.937500000E1
9.291558178E0,1.937500000E1
9.294183178E0,1.937500000E1
9.296807178E0,1.937500000E1
9.299432178E0,1.937500000E1
9.302056178E0,1.937500000E1
9.304681178E0,1.937500000E1
9.307305178E0,1.937500000E1
9.309930178E0,1.937500000E1
9.312554178E0,1.937500000E1
9.315179178E0,1.937500000E1
9.317803178E0,1.937500000E1
9.320428178E0,1.937500000E1
9.323052178E0,1.937500000E1
9.325677178E0,1.937500000E1
9.328301178E0,1.937500000E1
9.330926178E0,1.937500000E1
9.333550178E0,1.937500000E1
9.336175178E0,1.937500000E1
9.338799178E0,1.937500000E1
9.341424178E0,1.937500000E1
9.344048178E0,1.937500000E1
9.346673178E0,1.937500000E1
9.349297178E0,1.937500000E1
9.351922178E0,1.937500000E1
9.354546178E0,1.937500000E1
9.357171178E0,1.937500000E1
9.359795178E0,1.937500000E1
9.362420178E0,1.937500000E1
9.365044178E0,1.937500000E1
9.367669178E0,1.937500000E1
9.370293178E0,1.937500000E1
9.372918178E0,1.937500000E1
9.375543178E0,1.937500000E1
9.378167178E0,1.937500000E1
9.380792178E0,1.937500000E1
9.383416178E0,1.937500000E1
9.386041178E0,1.937500000E1
9.388665178E0,1.937500000E1
9.391290178E0,1.937500000E1
9.393914178E0,1.937500000E1
9.396539178E0,1.937500000E1
9.399163178E0,1.937500000E1
9.401788178E0,1.937500000E1
9.404412178E0,1.937500000E1
9.407037178E0,1.937500000E1
9.409661178E0,1.937500000E1
9.412286178E0,1.937500000E1
9.414910178E0,1.937500000E1
9.417535178E0,1.937500000E1
9.420159178E0,1.937500000E1
9.422784178E0,1.937500000E1
9.425408178E0,1.937500000E1
9.428033178E0,1.937500000E1
9.430657178E0,1.937500000E1
9.433282178E0,1.937500000E1
9.435906178E0,1.937500000E1
9.438531178E0,1.937500000E1
9.441155178E0,1.937500000E1
9.443780178E0,1.937500000E1
9.446404178E0,1.937500000E1
9.449029178E0,1.937500000E1
9.451653178E0,1.937500000E1
9.454278178E0,1.937500000E1
9.456902178E0,1.937500000E1
9.459527178E0,1.937500000E1
9.462151178E0,1.937500000E1
9.464776178E0,1.937500000E1
9.467400178E0,1.937500000E1
9.470025178E0,1.937500000E1
9.472649178E0,1.937500000E1
9.475274178E0,1.937500000E1
9.477898178E0,1.937500000E1
9.480523178E0,1.937500000E1
9.483147178E0,1.937500000E1
9.485772178E0,1.937500000E1
9.488397178E0,1.937500000E1
9.491021178E0,1.937500000E1
9.493646178E0,1.937500000E1
9.496270178E0,1.937500000E1
9.498895178E0,1.937500000E1
9.501519178E0,1.937500000E1
9.504144178E0,1.937500000E1
9.506768178E0,1.937500000E1
9.509393178E0,1.937500000E1
9.512017178E0,1.937500000E1
9.514642178E0,1.937500000E1
9.517266178E0,1.937500000E1
9.519891178E0,1.937500000E1
9.522515178E0,1.937500000E1
9.525140178E0,1.937500000E1
9.527764178E0,1.937500000E1
9.530389178E0,1.937500000E1
9.533013178E0,1.937500000E1
9.535638178E0,1.937500000E1
9.538262178E0,1.937500000E1
9.540887178E0,1.937500000E1
9.543511178E0,1.937500000E1
9.546136178E0,1.937500000E1
9.548760178E0,1.937500000E1
9.551385178E0,1.937500000E1
9.554009178E0,1.937500000E1
9.556634178E0,1.937500000E1
9.559258178E0,1.937500000E1
9.561883178E0,1.937500000E1
9.564507178E0,1.937500000E1
9.567132178E0,1.937500000E1
9.569756178E0,1.937500000E1
9.572381178E0,1.937500000E1
9.575005178E0,1.937500000E1
9.577630178E0,1.937500000E1
9.580254178E0,1.937500000E1
9.582879178E0,1.937500000E1
9.585503178E0,1.937500000E1
9.588128178E0,1.937500000E1
9.590752178E0,1.937500000E1
9.593377178E0,1.937500000E1
9.596001178E0,1.937500000E1
9.598626178E0,1.937500000E1
9.601251178E0,1.937500000E1
9.603875178E0,1.937500000E1
9.606500178E0,1.937500000E1
9.609124178E0,1.937500000E1
9.611749178E0,1.937500000E1
9.614373178E0,1.937500000E1
9.616998178E0,1.937500000E1
9.619622178E0,1.937500000E1
9.622247178E0,1.937500000E1
9.624871178E0,1.937500000E1
9.627496178E0,1.937500000E1
9.630120178E0,1.937500000E1
9.632745178E0,1.937500000E1
9.635369178E0,1.937500000E1
9.637994178E0,1.937500000E1
9.640618178E0,1.937500000E1
9.643243178E0,1.937500000E1
9.645867178E0,1.937500000E1
9.648492178E0,1.937500000E1
9.651116178E0,1.937500000E1
9.653741178E0,1.937500000E1
9.656365178E0,1.937500000E1
9.658990178E0,1.937500000E1
9.661614178E0,1.937500000E1
9.664239178E0,1.937500000E1
9.666863178E0,1.937500000E1
9.669488178E0,1.937500000E1
9.672112178E0,1.937500000E1
9.674737178E0,1.937500000E1
9.677361178E0,1.937500000E1
9.679986178E0,1.937500000E1
9.682610178E0,1.937500000E1
9.685235178E0,1.937500000E1
9.687859178E0,1.937500000E1
9.690484178E0,1.937500000E1
9.693108178E0,1.937500000E1
9.695733178E0,1.937500000E1
9.698357178E0,1.937500000E1
9.700982178E0,1.937500000E1
9.703606178E0,1.937500000E1
9.706231178E0,1.937500000E1
9.708855178E0,1.937500000E1
9.711480178E0,1.937500000E1
9.714105178E0,1.937500000E1
9.716729178E0,1.937500000E1
9.719354178E0,1.937500000E1
9.721978178E0,1.937500000E1
9.724603178E0,1.937500000E1
9.727227178E0,1.937500000E1
9.729852178E0,1.937500000E1
9.732476178E0,1.937500000E1
9.735101178E0,1.937500000E1
9.737725178E0,1.937500000E1
9.740350178E0,1.937500000E1
9.742974178E0,1.937500000E1
9.745599178E0,1.937500000E1
9.748223178E0,1.937500000E1
9.750848178E0,1.937500000E1
9.753472178E0,1.937500000E1
9.756097178E0,1.937500000E1
9.758721178E0,1.937500000E1
9.761346178E0,1.937500000E1
9.763970178E0,1.937500000E1
9.766595178E0,1.937500000E1
9.769219178E0,1.937500000E1
9.771844178E0,1.937500000E1
9.774468178E0,1.937500000E1
9.777093178E0,1.937500000E1
9.779717178E0,1.937500000E1
9.782342178E0,1.937500000E1
9.784966178E0,1.937500000E1
9.787591178E0,1.937500000E1
9.790215178E0,1.937500000E1
9.792840178E0,1.937500000E1
9.795464178E0,1.937500000E1
9.798089178E0,1.937500000E1
9.800713178E0,1.937500000E1
9.803338178E0,1.937500000E1
9.805962178E0,1.937500000E1
9.808587178E0,1.937500000E1
9.811211178E0,1.937500000E1
9.813836178E0,1.937500000E1
9.816460178E0,1.937500000E1
9.819085178E0,1.937500000E1
9.821709178E0,1.937500000E1
9.824334178E0,1.937500000E1
9.826959178E0,1.937500000E1
9.829583178E0,1.937500000E1
9.832208178E0,1.937500000E1
9.834832178E0,1.937500000E1
9.837457178E0,1.937500000E1
9.840081178E0,1.937500000E1
9.842706178E0,1.937500000E1
9.845330178E0,1.937500000E1
9.847955178E0,1.937500000E1
9.850579178E0,1.937500000E1
9.853204178E0,1.937500000E1
9.855828178E0,1.937500000E1
9.858453178E0,1.937500000E1
9.861077178E0,1.937500000E1
9.863702178E0,1.937500000E1
9.866326178E0,1.937500000E1
9.868951178E0,1.937500000E1
9.871575178E0,1.937500000E1
9.874200178E0,1.937500000E1
9.876824178E0,1.937500000E1
9.879449178E0,1.937500000E1
9.882073178E0,1.937500000E1
9.884698178E0,1.937500000E1
9.887322178E0,1.937500000E1
9.889947178E0,1.937500000E1
9.892571178E0,1.937500000E1
9.895196178E0,1.937500000E1
9.897820178E0,1.937500000E1
9.900445178E0,1.937500000E1
9.903069178E0,1.937500000E1
9.905694178E0,1.937500000E1
9.908318178E0,1.937500000E1
9.910943178E0,1.937500000E1
9.913567178E0,1.937500000E1
9.916192178E0,1.937500000E1
9.918816178E0,1.937500000E1
9.921441178E0,1.937500000E1
9.924065178E0,1.937500000E1
9.926690178E0,1.937500000E1
9.929314178E0,1.937500000E1
9.931939178E0,1.937500000E1
9.934563178E0,1.937500000E1
9.937188178E0,1.937500000E1
9.939813178E0,1.937500000E1
9.942437178E0,1.937500000E1
9.945062178E0,1.937500000E1
9.947686178E0,1.937500000E1
9.950311178E0,1.937500000E1
9.952935178E0,1.937500000E1
9.955560178E0,1.937500000E1
9.958184178E0,1.937500000E1
9.960809178E0,1.937500000E1
9.963433178E0,1.937500000E1
9.966058178E0,1.937500000E1
9.968682178E0,1.937500000E1
9.971307178E0,1.937500000E1
9.973931178E0,1.937500000E1
9.976556178E0,1.937500000E1
9.979180178E0,1.937500000E1
9.981805178E0,1.937500000E1
9.984429178E0,1.937500000E1
9.987054178E0,1.937500000E1
9.989678178E0,1.937500000E1
9.992303178E0,1.937500000E1
9.994927178E0,1.937500000E1
9.997552178E0,1.937500000E1
1.000017618E1,1.937500000E1
1.000280118E1,1.937500000E1
1.000542518E1,1.937500000E1
1.000805018E1,1.937500000E1
1.001067418E1,1.937500000E1
1.001329918E1,1.937500000E1
1.001592318E1,1.937500000E1
1.001854818E1,1.937500000E1
1.002117218E1,1.937500000E1
1.002379718E1,1.937500000E1
1.002642118E1,1.937500000E1
1.002904618E1,1.937500000E1
1.003167018E1,1.937500000E1
1.003429518E1,1.937500000E1
1.003691918E1,1.937500000E1
1.003954418E1,1.937500000E1
1.004216818E1,1.937500000E1
1.004479318E1,1.937500000E1
1.004741818E1,1.937500000E1
1.005004218E1,1.937500000E1
1.005266718E1,1.937500000E1
1.005529118E1,1.937500000E1
1.005791618E1,1.937500000E1
1.006054018E1,1.937500000E1
1.006316518E1,1.937500000E1
1.006578918E1,1.937500000E1
1.006841418E1,1.937500000E1
1.007103818E1,1.937500000E1
1.007366318E1,1.937500000E1
1.007628718E1,1.937500000E1
1.007891218E1,1.937500000E1
1.008153618E1,1.937500000E1
1.008416118E1,1.937500000E1
1.008678518E1,1.937500000E1
1.008941018E1,1.937500000E1
1.009203418E1,1.937500000E1
1.009465918E1,1.937500000E1
1.009728318E1,1.937500000E1
1.009990818E1,1.937500000E1
1.010253218E1,1.937500000E1
1.010515718E1,1.937500000E1
1.010778118E1,1.937500000E1
1.011040618E1,1.937500000E1
1.011303018E1,1.937500000E1
1.011565518E1,1.937500000E1
1.011827918E1,1.937500000E1
1.012090418E1,1.937500000E1
1.012352818E1,1.937500000E1
1.012615318E1,1.937500000E1
1.012877718E1,1.937500000E1
1.013140218E1,1.937500000E1
1.013402618E1,1.937500000E1
1.013665118E1,1.937500000E1
1.013927518E1,1.937500000E1
1.014190018E1,1.937500000E1
1.014452418E1,1.937500000E1
1.014714918E1,1.937500000E1
1.014977318E1,1.937500000E1
1.015239818E1,1.937500000E1
1.015502218E1,1.937500000E1
1.015764718E1,1.937500000E1
1.016027218E1,1.937500000E1
1.016289618E1,1.937500000E1
1.016552118E1,1.937500000E1
1.016814518E1,1.937500000E1
1.017077018E1,1.937500000E1
1.017339418E1,1.937500000E1
1.017601918E1,1.937500000E1
1.017864318E1,1.937500000E1
1.018126818E1,1.937500000E1
1.018389218E1,1.937500000E1
1.018651718E1,1.937500000E1
1.018914118E1,1.937500000E1
1.019176618E1,1.937500000E1
1.019439018E1,1.937500000E1
1.019701518E1,1.937500000E1
1.019963918E1,1.937500000E1
1.020226418E1,1.937500000E1
1.020488818E1,1.937500000E1
1.020751318E1,1.937500000E1
1.021013718E1,1.937500000E1
1.021276218E1,1.937500000E1
1.021538618E1,1.937500000E1
1.021801118E1,1.937500000E1
1.022063518E1,1.937500000E1
1.022326018E1,1.937500000E1
1.022588418E1,1.937500000E1
1.022850918E1,1.937500000E1
1.023113318E1,1.937500000E1
1.023375818E1,1.937500000E1
1.023638218E1,1.937500000E1
1.023900718E1,1.937500000E1
1.024163118E1,1.937500000E1
1.024425618E1,1.937500000E1
1.024688018E1,1.937500000E1
1.024950518E1,1.937500000E1
1.025212918E1,1.937500000E1
1.025475418E1,1.937500000E1
1.025737818E1,1.937500000E1
1.026000318E1,1.937500000E1
1.026262718E1,1.937500000E1
1.026525218E1,1.937500000E1
1.026787618E1,1.937500000E1
1.027050118E1,1.937500000E1
1.027312618E1,1.937500000E1
1.027575018E1,1.937500000E1
1.027837518E1,1.937500000E1
1.028099918E1,1.937500000E1
1.028362418E1,1.937500000E1
1.028624818E1,1.937500000E1
1.028887318E1,1.937500000E1
1.029149718E1,1.937500000E1
1.029412218E1,1.937500000E1
1.029674618E1,1.937500000E1
1.029937118E1,1.937500000E1
1.030199518E1,1.937500000E1
1.030462018E1,1.937500000E1
1.030724418E1,1.937500000E1
1.030986918E1,1.937500000E1
1.031249318E1,1.937500000E1
1.031511818E1,1.937500000E1
1.031774218E1,1.937500000E1
1.032036718E1,1.937500000E1
1.032299118E1,1.937500000E1
1.032561618E1,1.937500000E1
1.032824018E1,1.937500000E1
1.033086518E1,1.937500000E1
1.033348918E1,1.937500000E1
1.033611418E1,1.937500000E1
1.033873818E1,1.937500000E1
1.034136318E1,1.937500000E1
1.034398718E1,1.937500000E1
1.034661218E1,1.937500000E1
1.034923618E1,1.937500000E1
1.035186118E1,1.937500000E1
1.035448518E1,1.937500000E1
1.035711018E1,1.937500000E1
1.035973418E1,1.937500000E1
1.036235918E1,1.937500000E1
1.036498318E1,1.937500000E1
1.036760818E1,1.937500000E1
1.037023218E1,1.937500000E1
1.037285718E1,1.937500000E1
1.037548118E1,1.937500000E1
1.037810618E1,1.937500000E1
1.038073018E1,1.937500000E1
1.038335518E1,1.937500000E1
1.038598018E1,1.937500000E1
1.038860418E1,1.937500000E1
1.039122918E1,1.937500000E1
1.039385318E1,1.937500000E1
1.039647818E1,1.937500000E1
1.039910218E1,1.937500000E1
1.040172718E1,1.937500000E1
1.040435118E1,1.937500000E1
1.040697618E1,1.937500000E1
1.040960018E1,1.937500000E1
1.041222518E1,1.937500000E1
1.041484918E1,1.937500000E1
1.041747418E1,1.937500000E1
1.042009818E1,1.937500000E1
1.042272318E1,1.937500000E1
1.042534718E1,1.937500000E1
1.042797218E1,1.937500000E1
1.043059618E1,1.937500000E1
1.043322118E1,1.937500000E1
1.043584518E1,1.937500000E1
1.043847018E1,1.937500000E1
1.044109418E1,1.937500000E1
1.044371918E1,1.937500000E1
1.044634318E1,1.937500000E1
1.044896818E1,1.937500000E1
1.045159218E1,1.937500000E1
1.045421718E1,1.937500000E1
1.045684118E1,1.937500000E1
1.045946618E1,1.937500000E1
1.046209018E1,1.937500000E1
1.046471518E1,1.937500000E1
1.046733918E1,1.937500000E1
1.046996418E1,1.937500000E1
1.047258818E1,1.937500000E1
1.047521318E1,1.937500000E1
1.047783718E1,1.937500000E1
1.048046218E1,1.937500000E1
1.048308618E1,1.937500000E1
1.048571118E1,1.937500000E1
1.048833518E1,1.937500000E1
1.049096018E1,1.937500000E1
1.049358418E1,1.937500000E1
1.049620918E1,1.937500000E1
1.049883418E1,1.937500000E1
1.050145818E1,1.937500000E1
1.050408318E1,1.937500000E1
1.050670718E1,1.937500000E1
1.050933218E1,1.937500000E1
1.051195618E1,1.937500000E1
1.051458118E1,1.937500000E1
1.051720518E1,1.937500000E1
1.051983018E1,1.937500000E1
1.052245418E1,1.937500000E1
1.052507918E1,1.937500000E1
1.052770318E1,1.937500000E1
1.053032818E1,1.937500000E1
1.053295218E1,1.937500000E1
1.053557718E1,1.937500000E1
1.053820118E1,1.937500000E1
1.054082618E1,1.937500000E1
1.054345018E1,1.937500000E1
1.054607518E1,1.937500000E1
1.054869918E1,1.937500000E1
1.055132418E1,1.937500000E1
1.055394818E1,1.937500000E1
1.055657318E1,1.937500000E1
1.055919718E1,1.937500000E1
1.056182218E1,1.937500000E1
1.056444618E1,1.937500000E1
1.056707118E1,1.937500000E1
1.056969518E1,1.937500000E1
1.057232018E1,1.937500000E1
1.057494418E1,1.937500000E1
1.057756918E1,1.937500000E1
1.058019318E1,1.937500000E1
1.058281818E1,1.937500000E1
1.058544218E1,1.937500000E1
1.058806718E1,1.937500000E1
1.059069118E1,1.937500000E1
1.059331618E1,1.937500000E1
1.059594018E1,1.937500000E1
1.059856518E1,1.937500000E1
1.060118918E1,1.937500000E1
1.060381418E1,1.937500000E1
1.060643818E1,1.937500000E1
1.060906318E1,1.937500000E1
1.061168818E1,1.937500000E1
1.061431218E1,1.937500000E1
1.061693718E1,1.937500000E1
1.061956118E1,1.937500000E1
1.062218618E1,1.937500000E1
1.062481018E1,1.937500000E1
1.062743518E1,1.937500000E1
1.063005918E1,1.937500000E1
1.063268418E1,1.937500000E1
1.063530818E1,1.937500000E1
1.063793318E1,1.937500000E1
1.064055718E1,1.937500000E1
1.064318218E1,1.937500000E1
1.064580618E1,1.937500000E1
1.064843118E1,1.937500000E1
1.065105518E1,1.937500000E1
1.065368018E1,1.937500000E1
1.065630418E1,1.937500000E1
1.065892918E1,1.937500000E1
1.066155318E1,1.937500000E1
1.066417818E1,1.937500000E1
1.066680218E1,1.937500000E1
1.066942718E1,1.937500000E1
1.067205118E1,1.937500000E1
1.067467618E1,1.937500000E1
1.067730018E1,1.937500000E1
1.067992518E1,1.937500000E1
1.068254918E1,1.937500000E1
1.068517418E1,1.937500000E1
1.068779818E1,1.937500000E1
1.069042318E1,1.937500000E1
1.069304718E1,1.937500000E1
1.069567218E1,1.937500000E1
1.069829618E1,1.937500000E1
1.070092118E1,1.937500000E1
1.070354518E1,1.937500000E1
1.070617018E1,1.937500000E1
1.070879418E1,1.937500000E1
1.071141918E1,1.937500000E1
1.071404318E1,1.937500000E1
1.071666818E1,1.937500000E1
1.071929318E1,1.937500000E1
1.072191718E1,1.937500000E1
1.072454218E1,1.937500000E1
1.072716618E1,1.937500000E1
1.072979118E1,1.937500000E1
1.073241518E1,1.937500000E1
1.073504018E1,1.937500000E1
1.073766418E1,1.937500000E1
1.074028918E1,1.937500000E1
1.074291318E1,1.937500000E1
1.074553818E1,1.937500000E1
1.074816218E1,1.937500000E1
1.075078718E1,1.937500000E1
1.075341118E1,1.937500000E1
1.075603618E1,1.937500000E1
1.075866018E1,1.937500000E1
1.076128518E1,1.937500000E1
1.076390918E1,1.937500000E1
1.076653418E1,1.937500000E1
1.076915818E1,1.937500000E1
1.077178318E1,1.937500000E1
1.077440718E1,1.937500000E1
1.077703218E1,1.937500000E1
1.077965618E1,1.937500000E1
1.078228118E1,1.937500000E1
1.078490518E1,1.937500000E1
1.078753018E1,1.937500000E1
1.079015418E1,1.937500000E1
1.079277918E1,1.937500000E1
1.079540318E1,1.937500000E1
1.079802818E1,1.937500000E1
1.080065218E1,1.937500000E1
1.080327718E1,1.937500000E1
1.080590118E1,1.937500000E1
1.080852618E1,1.937500000E1
1.081115018E1,1.937500000E1
1.081377518E1,1.937500000E1
1.081639918E1,1.937500000E1
1.081902418E1,1.937500000E1
1.082164818E1,1.937500000E1
1.082427318E1,1.937500000E1
1.082689718E1,1.937500000E1
1.082952218E1,1.937500000E1
1.083214718E1,1.937500000E1
1.083477118E1,1.937500000E1
1.083739618E1,1.937500000E1
1.084002018E1,1.937500000E1
1.084264518E1,1.937500000E1
1.084526918E1,1.937500000E1
1.084789418E1,1.937500000E1
1.085051818E1,1.937500000E1
1.085314318E1,1.937500000E1
1.085576718E1,1.937500000E1
1.085839218E1,1.937500000E1
1.086101618E1,1.937500000E1
1.086364118E1,1.937500000E1
1.086626518E1,1.937500000E1
1.086889018E1,1.937500000E1
1.087151418E1,1.937500000E1
1.087413918E1,1.937500000E1
1.087676318E1,1.937500000E1
1.087938818E1,1.937500000E1
1.088201218E1,1.937500000E1
1.088463718E1,1.937500000E1
1.088726118E1,1.937500000E1
1.088988618E1,1.937500000E1
1.089251018E1,1.937500000E1
1.089513518E1,1.937500000E1
1.089775918E1,1.937500000E1
1.090038418E1,1.937500000E1
1.090300818E1,1.937500000E1
1.090563318E1,1.937500000E1
1.090825718E1,1.937500000E1
1.091088218E1,1.937500000E1
1.091350618E1,1.937500000E1
1.091613118E1,1.937500000E1
1.091875518E1,1.937500000E1
1.092138018E1,1.937500000E1
1.092400418E1,1.937500000E1
1.092662918E1,1.937500000E1
1.092925318E1,1.937500000E1
1.093187818E1,1.937500000E1
1.093450218E1,1.937500000E1
1.093712718E1,1.937500000E1
1.093975118E1,1.937500000E1
1.094237618E1,1.937500000E1
1.094500118E1,1.937500000E1
1.094762518E1,1.937500000E1
1.095025018E1,1.937500000E1
1.095287418E1,1.937500000E1
1.095549918E1,1.937500000E1
1.095812318E1,1.937500000E1
1.096074818E1,1.937500000E1
1.096337218E1,1.937500000E1
1.096599718E1,1.937500000E1
1.096862118E1,1.937500000E1
1.097124618E1,1.937500000E1
1.097387018E1,1.937500000E1
1.097649518E1,1.937500000E1
1.097911918E1,1.937500000E1
1.098174418E1,1.937500000E1
1.098436818E1,1.937500000E1
1.098699318E1,1.937500000E1
1.098961718E1,1.937500000E1
1.099224218E1,1.937500000E1
1.099486618E1,1.937500000E1
1.099749118E1,1.937500000E1
1.100011518E1,1.937500000E1
1.100274018E1,1.937500000E1
1.100536418E1,1.937500000E1
1.100798918E1,1.937500000E1
1.101061318E1,1.937500000E1
1.101323818E1,1.937500000E1
1.101586218E1,1.937500000E1
1.101848718E1,1.937500000E1
1.102111118E1,1.937500000E1
1.102373618E1,1.937500000E1
1.102636018E1,1.937500000E1
1.102898518E1,1.937500000E1
1.103160918E1,1.937500000E1
1.103423418E1,1.937500000E1
1.103685818E1,1.937500000E1
1.103948318E1,1.937500000E1
1.104210718E1,1.937500000E1
1.104473218E1,1.937500000E1
1.104735618E1,1.937500000E1
1.104998118E1,1.937500000E1
1.105260518E1,1.937500000E1
1.105523018E1,1.937500000E1
1.105785518E1,1.937500000E1
1.106047918E1,1.937500000E1
1.106310418E1,1.937500000E1
1.106572818E1,1.937500000E1
1.106835318E1,1.937500000E1
1.107097718E1,1.937500000E1
1.107360218E1,1.937500000E1
1.107622618E1,1.937500000E1
1.107885118E1,1.937500000E1
1.108147518E1,1.937500000E1
1.108410018E1,1.937500000E1
1.108672418E1,1.937500000E1
1.108934918E1,1.937500000E1
1.109197318E1,1.937500000E1
1.109459818E1,1.937500000E1
1.109722218E1,1.937500000E1
1.109984718E1,1.937500000E1
1.110247118E1,1.937500000E1
1.110509618E1,1.937500000E1
1.110772018E1,1.937500000E1
1.111034518E1,1.937500000E1
1.111296918E1,1.937500000E1
1.111559418E1,1.937500000E1
1.111821818E1,1.937500000E1
1.112084318E1,1.937500000E1
1.112346718E1,1.937500000E1
1.112609218E1,1.937500000E1
1.112871618E1,1.937500000E1
1.113134118E1,1.937500000E1
1.113396518E1,1.937500000E1
1.113659018E1,1.937500000E1
1.113921418E1,1.937500000E1
1.114183918E1,1.937500000E1
1.114446318E1,1.937500000E1
1.114708818E1,1.937500000E1
1.114971218E1,1.937500000E1
1.115233718E1,1.937500000E1
1.115496118E1,1.937500000E1
1.115758618E1,1.937500000E1
1.116021018E1,1.937500000E1
1.116283518E1,1.937500000E1
1.116545918E1,1.937500000E1
1.116808418E1,1.937500000E1
1.117070918E1,1.937500000E1
1.117333318E1,1.937500000E1
1.117595818E1,1.937500000E1
1.117858218E1,1.937500000E1
1.118120718E1,1.937500000E1
1.118383118E1,1.937500000E1
1.118645618E1,1.937500000E1
1.118908018E1,1.937500000E1
1.119170518E1,1.937500000E1
1.119432918E1,1.937500000E1
1.119695418E1,1.937500000E1
1.119957818E1,1.937500000E1
1.120220318E1,1.937500000E1
1.120482718E1,1.937500000E1
1.120745218E1,1.937500000E1
1.121007618E1,1.937500000E1
1.121270118E1,1.937500000E1
1.121532518E1,1.937500000E1
1.121795018E1,1.937500000E1
1.122057418E1,1.937500000E1
1.122319918E1,1.937500000E1
1.122582318E1,1.937500000E1
1.122844818E1,1.937500000E1
1.123107218E1,1.937500000E1
1.123369718E1,1.937500000E1
1.123632118E1,1.937500000E1
1.123894618E1,1.937500000E1
1.124157018E1,1.937500000E1
1.124419518E1,1.937500000E1
1.124681918E1,1.937500000E1
1.124944418E1,1.937500000E1
1.125206818E1,1.937500000E1
1.125469318E1,1.937500000E1
1.125731718E1,1.937500000E1
1.125994218E1,1.937500000E1
1.126256618E1,1.937500000E1
1.126519118E1,1.937500000E1
1.126781518E1,1.937500000E1
1.127044018E1,1.937500000E1
1.127306418E1,1.937500000E1
1.127568918E1,1.937500000E1
1.127831318E1,1.937500000E1
1.128093818E1,1.937500000E1
1.128356318E1,1.937500000E1
1.128618718E1,1.937500000E1
1.128881218E1,1.937500000E1
1.129143618E1,1.937500000E1
1.129406118E1,1.937500000E1
1.129668518E1,1.937500000E1
1.129931018E1,1.937500000E1
1.130193418E1,1.937500000E1
1.130455918E1,1.937500000E1
1.130718318E1,1.937500000E1
1.130980818E1,1.937500000E1
1.131243218E1,1.937500000E1
1.131505718E1,1.937500000E1
1.131768118E1,1.937500000E1
1.132030618E1,1.937500000E1
1.132293018E1,1.937500000E1
1.132555518E1,1.937500000E1
1.132817918E1,1.937500000E1
1.133080418E1,1.937500000E1
1.133342818E1,1.937500000E1
1.133605318E1,1.937500000E1
1.133867718E1,1.937500000E1
1.134130218E1,1.937500000E1
1.134392618E1,1.937500000E1
1.134655118E1,1.937500000E1
1.134917518E1,1.937500000E1
1.135180018E1,1.937500000E1
1.135442418E1,1.937500000E1
1.135704918E1,1.937500000E1
1.135967318E1,1.937500000E1
1.136229818E1,1.937500000E1
1.136492218E1,1.937500000E1
1.136754718E1,1.937500000E1
1.137017118E1,1.937500000E1
1.137279618E1,1.937500000E1
1.137542018E1,1.937500000E1
1.137804518E1,1.937500000E1
1.138066918E1,1.937500000E1
1.138329418E1,1.937500000E1
1.138591818E1,1.937500000E1
1.138854318E1,1.937500000E1
1.139116818E1,1.937500000E1
1.139379218E1,1.937500000E1
1.139641718E1,1.937500000E1
1.139904118E1,1.937500000E1
1.140166618E1,1.937500000E1
1.140429018E1,1.937500000E1
1.140691518E1,1.937500000E1
1.140953918E1,1.937500000E1
1.141216418E1,1.937500000E1
1.141478818E1,1.937500000E1
1.141741318E1,1.937500000E1
1.142003718E1,1.937500000E1
1.142266218E1,1.937500000E1
1.142528618E1,1.937500000E1
1.142791118E1,1.937500000E1
1.143053518E1,1.937500000E1
1.143316018E1,1.937500000E1
1.143578418E1,1.937500000E1
1.143840918E1,1.937500000E1
1.144103318E1,1.937500000E1
1.144365818E1,1.937500000E1
1.144628218E1,1.937500000E1
1.144890718E1,1.937500000E1
1.145153118E1,1.937500000E1
1.145415618E1,1.937500000E1
1.145678018E1,1.937500000E1
1.145940518E1,1.937500000E1
1.146202918E1,1.937500000E1
1.146465418E1,1.937500000E1
1.146727818E1,1.937500000E1
1.146990318E1,1.937500000E1
1.147252718E1,1.937500000E1
1.147515218E1,1.937500000E1
1.147777618E1,1.937500000E1
1.148040118E1,1.937500000E1
1.148302518E1,1.937500000E1
1.148565018E1,1.937500000E1
1.148827418E1,1.937500000E1
1.149089918E1,1.937500000E1
1.149352318E1,1.937500000E1
1.149614818E1,1.937500000E1
1.149877218E1,1.937500000E1
1.150139718E1,1.937500000E1
1.150402218E1,1.937500000E1
1.150664618E1,1.937500000E1
1.150927118E1,1.937500000E1
1.151189518E1,1.937500000E1
1.151452018E1,1.937500000E1
1.151714418E1,1.937500000E1
1.151976918E1,1.937500000E1
1.152239318E1,1.937500000E1
1.152501818E1,1.937500000E1
1.152764218E1,1.937500000E1
1.153026718E1,1.937500000E1
1.153289118E1,1.937500000E1
1.153551618E1,1.937500000E1
1.153814018E1,1.937500000E1
1.154076518E1,1.937500000E1
1.154338918E1,1.937500000E1
1.154601418E1,1.937500000E1
1.154863818E1,1.937500000E1
1.155126318E1,1.937500000E1
1.155388718E1,1.937500000E1
1.155651218E1,1.937500000E1
1.155913618E1,1.937500000E1
1.156176118E1,1.937500000E1
1.156438518E1,1.937500000E1
1.156701018E1,1.937500000E1
1.156963418E1,1.937500000E1
1.157225918E1,1.937500000E1
1.157488318E1,1.937500000E1
1.157750818E1,1.937500000E1
1.158013218E1,1.937500000E1
1.158275718E1,1.937500000E1
1.158538118E1,1.937500000E1
1.158800618E1,1.937500000E1
1.159063018E1,1.937500000E1
1.159325518E1,1.937500000E1
1.159587918E1,1.937500000E1
1.159850418E1,1.937500000E1
1.160112818E1,1.937500000E1
1.160375318E1,1.937500000E1
1.160637718E1,1.937500000E1
1.160900218E1,1.937500000E1
1.161162618E1,1.937500000E1
1.161425118E1,1.937500000E1
1.161687618E1,1.937500000E1
1.161950018E1,1.937500000E1
1.162212518E1,1.937500000E1
1.162474918E1,1.937500000E1
1.162737418E1,1.937500000E1
1.162999818E1,1.937500000E1
1.163262318E1,1.937500000E1
1.163524718E1,1.937500000E1
1.163787218E1,1.937500000E1
1.164049618E1,1.937500000E1
1.164312118E1,1.937500000E1
1.164574518E1,1.937500000E1
1.164837018E1,1.937500000E1
1.165099418E1,1.937500000E1
1.165361918E1,1.937500000E1
1.165624318E1,1.937500000E1
1.165886818E1,1.937500000E1
1.166149218E1,1.937500000E1
1.166411718E1,1.937500000E1
1.166674118E1,1.937500000E1
1.166936618E1,1.937500000E1
1.167199018E1,1.937500000E1
1.167461518E1,1.937500000E1
1.167723918E1,1.937500000E1
1.167986418E1,1.937500000E1
1.168248818E1,1.937500000E1
1.168511318E1,1.937500000E1
1.168773718E1,1.937500000E1
1.169036218E1,1.937500000E1
1.169298618E1,1.937500000E1
1.169561118E1,1.937500000E1
1.169823518E1,1.937500000E1
1.170086018E1,1.937500000E1
1.170348418E1,1.937500000E1
1.170610918E1,1.937500000E1
1.170873318E1,1.937500000E1
1.171135818E1,1.937500000E1
1.171398218E1,1.937500000E1
1.171660718E1,1.937500000E1
1.171923118E1,1.937500000E1
1.172185618E1,1.937500000E1
1.172448018E1,1.937500000E1
1.172710518E1,1.937500000E1
1.172973018E1,1.937500000E1
1.173235418E1,1.937500000E1
1.173497918E1,1.937500000E1
1.173760318E1,1.937500000E1
1.174022818E1,1.937500000E1
1.174285218E1,1.937500000E1
1.174547718E1,1.937500000E1
1.174810118E1,1.937500000E1
1.175072618E1,1.937500000E1
1.175335018E1,1.937500000E1
1.175597518E1,1.937500000E1
1.175859918E1,1.937500000E1
1.176122418E1,1.937500000E1
1.176384818E1,1.937500000E1
1.176647318E1,1.937500000E1
1.176909718E1,1.937500000E1
1.177172218E1,1.937500000E1
1.177434618E1,1.937500000E1
1.177697118E1,1.937500000E1
1.177959518E1,1.937500000E1
1.178222018E1,1.937500000E1
1.178484418E1,1.937500000E1
1.178746918E1,1.937500000E1
1.179009318E1,1.937500000E1
1.179271818E1,1.937500000E1
1.179534218E1,1.937500000E1
1.179796718E1,1.937500000E1
1.180059118E1,1.937500000E1
1.180321618E1,1.937500000E1
1.180584018E1,1.937500000E1
1.180846518E1,1.937500000E1
1.181108918E1,1.937500000E1
1.181371418E1,1.937500000E1
1.181633818E1,1.937500000E1
1.181896318E1,1.937500000E1
1.182158718E1,1.937500000E1
1.182421218E1,1.937500000E1
1.182683618E1,1.937500000E1
1.182946118E1,1.937500000E1
1.183208518E1,1.937500000E1
1.183471018E1,1.937500000E1
1.183733418E1,1.937500000E1
1.183995918E1,1.937500000E1
1.184258418E1,1.937500000E1
1.184520818E1,1.937500000E1
1.184783318E1,1.937500000E1
1.185045718E1,1.937500000E1
1.185308218E1,1.937500000E1
1.185570618E1,1.937500000E1
1.185833118E1,1.937500000E1
1.186095518E1,1.937500000E1
1.186358018E1,1.937500000E1
1.186620418E1,1.937500000E1
1.186882918E1,1.937500000E1
1.187145318E1,1.937500000E1
1.187407818E1,1.937500000E1
1.187670218E1,1.937500000E1
1.187932718E1,1.937500000E1
1.188195118E1,1.937500000E1
1.188457618E1,1.937500000E1
1.188720018E1,1.937500000E1
1.188982518E1,1.937500000E1
1.189244918E1,1.937500000E1
1.189507418E1,1.937500000E1
1.189769818E1,1.937500000E1
1.190032318E1,1.937500000E1
1.190294718E1,1.937500000E1
1.190557218E1,1.937500000E1
1.190819618E1,1.937500000E1
1.191082118E1,1.937500000E1
1.191344518E1,1.937500000E1
1.191607018E1,1.937500000E1
1.191869418E1,1.937500000E1
1.192131918E1,1.937500000E1
1.192394318E1,1.937500000E1
1.192656818E1,1.937500000E1
1.192919218E1,1.937500000E1
1.193181718E1,1.937500000E1
1.193444118E1,1.937500000E1
1.193706618E1,1.937500000E1
1.193969018E1,1.937500000E1
1.194231518E1,1.937500000E1
1.194493918E1,1.937500000E1
1.194756418E1,1.937500000E1
1.195018818E1,1.937500000E1
1.195281318E1,1.937500000E1
1.195543818E1,1.937500000E1
1.195806218E1,1.937500000E1
1.196068718E1,1.937500000E1
1.196331118E1,1.937500000E1
1.196593618E1,1.937500000E1
1.196856018E1,1.937500000E1
1.197118518E1,1.937500000E1
1.197380918E1,1.937500000E1
1.197643418E1,1.937500000E1
1.197905818E1,1.937500000E1
1.198168318E1,1.937500000E1
1.198430718E1,1.937500000E1
1.198693218E1,1.937500000E1
1.198955618E1,1.937500000E1
1.199218118E1,1.937500000E1
1.199480518E1,1.937500000E1
1.199743018E1,1.937500000E1
1.200005418E1,1.937500000E1
1.200267918E1,1.937500000E1
1.200530318E1,1.937500000E1
1.200792818E1,1.937500000E1
1.201055218E1,1.937500000E1
1.201317718E1,1.937500000E1
1.201580118E1,1.937500000E1
1.201842618E1,1.937500000E1
1.202105018E1,1.937500000E1
1.202367518E1,1.937500000E1
1.202629918E1,1.937500000E1
1.202892418E1,1.937500000E1
1.203154818E1,1.937500000E1
1.203417318E1,1.937500000E1
1.203679718E1,1.937500000E1
1.203942218E1,1.937500000E1
1.204204618E1,1.937500000E1
1.204467118E1,1.937500000E1
1.204729518E1,1.937500000E1
1.204992018E1,1.937500000E1
1.205254418E1,1.937500000E1
1.205516918E1,1.937500000E1
1.205779318E1,1.937500000E1
1.206041818E1,1.937500000E1
1.206304318E1,1.937500000E1
1.206566718E1,1.937500000E1
1.206829218E1,1.937500000E1
1.207091618E1,1.937500000E1
1.207354118E1,1.937500000E1
1.207616518E1,1.937500000E1
1.207879018E1,1.937500000E1
1.208141418E1,1.937500000E1
1.208403918E1,1.937500000E1
1.208666318E1,1.937500000E1
1.208928818E1,1.937500000E1
1.209191218E1,1.937500000E1
1.209453718E1,1.937500000E1
1.209716118E1,1.937500000E1
1.209978618E1,1.937500000E1
1.210241018E1,1.937500000E1
1.210503518E1,1.937500000E1
1.210765918E1,1.937500000E1
1.211028418E1,1.937500000E1
1.211290818E1,1.937500000E1
1.211553318E1,1.937500000E1
1.211815718E1,1.937500000E1
1.212078218E1,1.937500000E1
1.212340618E1,1.937500000E1
1.212603118E1,1.937500000E1
1.212865518E1,1.937500000E1
1.213128018E1,1.937500000E1
1.213390418E1,1.937500000E1
1.213652918E1,1.937500000E1
1.213915318E1,1.937500000E1
1.214177818E1,1.937500000E1
1.214440218E1,1.937500000E1
1.214702718E1,1.937500000E1
1.214965118E1,1.937500000E1
1.215227618E1,1.937500000E1
1.215490018E1,1.937500000E1
1.215752518E1,1.937500000E1
1.216014918E1,1.937500000E1
1.216277418E1,1.937500000E1
1.216539818E1,1.937500000E1
1.216802318E1,1.937500000E1
1.217064718E1,1.937500000E1
1.217327218E1,1.937500000E1
1.217589718E1,1.937500000E1
1.217852118E1,1.937500000E1
1.218114618E1,1.937500000E1
1.218377018E1,1.937500000E1
1.218639518E1,1.937500000E1
1.218901918E1,1.937500000E1
1.219164418E1,1.937500000E1
1.219426818E1,1.937500000E1
1.219689318E1,1.937500000E1
1.219951718E1,1.937500000E1
1.220214218E1,1.937500000E1
1.220476618E1,1.937500000E1
1.220739118E1,1.937500000E1
1.221001518E1,1.937500000E1
1.221264018E1,1.937500000E1
1.221526418E1,1.937500000E1
1.221788918E1,1.937500000E1
1.222051318E1,1.937500000E1
1.222313818E1,1.937500000E1
1.222576218E1,1.937500000E1
1.222838718E1,1.937500000E1
1.223101118E1,1.937500000E1
1.223363618E1,1.937500000E1
1.223626018E1,1.937500000E1
1.223888518E1,1.937500000E1
1.224150918E1,1.937500000E1
1.224413418E1,1.937500000E1
1.224675818E1,1.937500000E1
1.224938318E1,1.937500000E1
1.225200718E1,1.937500000E1
1.225463218E1,1.937500000E1
1.225725618E1,1.937500000E1
1.225988118E1,1.937500000E1
1.226250518E1,1.937500000E1
1.226513018E1,1.937500000E1
1.226775418E1,1.937500000E1
1.227037918E1,1.937500000E1
1.227300318E1,1.937500000E1
1.227562818E1,1.937500000E1
1.227825218E1,1.937500000E1
1.228087718E1,1.937500000E1
1.228350118E1,1.937500000E1
1.228612618E1,1.937500000E1
1.228875118E1,1.937500000E1
1.229137518E1,1.937500000E1
1.229400018E1,1.937500000E1
1.229662418E1,1.937500000E1
1.229924918E1,1.937500000E1
1.230187318E1,1.937500000E1
1.230449818E1,1.937500000E1
1.230712218E1,1.937500000E1
1.230974718E1,1.937500000E1
1.231237118E1,1.937500000E1
1.231499618E1,1.937500000E1
1.231762018E1,1.937500000E1
1.232024518E1,1.937500000E1
1.232286918E1,1.937500000E1
1.232549418E1,1.937500000E1
1.232811818E1,1.937500000E1
1.233074318E1,1.937500000E1
1.233336718E1,1.937500000E1
1.233599218E1,1.937500000E1
1.233861618E1,1.937500000E1
1.234124118E1,1.937500000E1
1.234386518E1,1.937500000E1
1.234649018E1,1.937500000E1
1.234911418E1,1.937500000E1
1.235173918E1,1.937500000E1
1.235436318E1,1.937500000E1
1.235698818E1,1.937500000E1
1.235961218E1,1.937500000E1
1.236223718E1,1.937500000E1
1.236486118E1,1.937500000E1
1.236748618E1,1.937500000E1
1.237011018E1,1.937500000E1
1.237273518E1,1.937500000E1
1.237535918E1,1.937500000E1
1.237798418E1,1.937500000E1
1.238060818E1,1.937500000E1
1.238323318E1,1.937500000E1
1.238585718E1,1.937500000E1
1.238848218E1,1.937500000E1
1.239110618E1,1.937500000E1
1.239373118E1,1.937500000E1
1.239635518E1,1.937500000E1
1.239898018E1,1.937500000E1
1.240160518E1,1.937500000E1
1.240422918E1,1.937500000E1
1.240685418E1,1.937500000E1
1.240947818E1,1.937500000E1
1.241210318E1,1.937500000E1
1.241472718E1,1.937500000E1
1.241735218E1,1.937500000E1
1.241997618E1,1.937500000E1
1.242260118E1,1.937500000E1
1.242522518E1,1.937500000E1
1.242785018E1,1.937500000E1
1.243047418E1,1.937500000E1
1.243309918E1,1.937500000E1
1.243572318E1,1.937500000E1
1.243834818E1,1.937500000E1
1.244097218E1,1.937500000E1
1.244359718E1,1.937500000E1
1.244622118E1,1.937500000E1
1.244884618E1,1.937500000E1
1.245147018E1,1.937500000E1
1.245409518E1,1.937500000E1
1.245671918E1,1.937500000E1
1.245934418E1,1.937500000E1
1.246196818E1,1.937500000E1
1.246459318E1,1.937500000E1
1.246721718E1,1.937500000E1
1.246984218E1,1.937500000E1
1.247246618E1,1.937500000E1
1.247509118E1,1.937500000E1
1.247771518E1,1.937500000E1
1.248034018E1,1.937500000E1
1.248296418E1,1.937500000E1
1.248558918E1,1.937500000E1
1.248821318E1,1.937500000E1
1.249083818E1,1.937500000E1
1.249346218E1,1.937500000E1
1.249608718E1,1.937500000E1
1.249871118E1,1.937500000E1
1.250133618E1,1.937500000E1
1.250396018E1,1.937500000E1
1.250658518E1,1.937500000E1
1.250920918E1,1.937500000E1
1.251183418E1,1.937500000E1
1.251445918E1,1.937500000E1
1.251708318E1,1.937500000E1
1.251970818E1,1.937500000E1
1.252233218E1,1.937500000E1
1.252495718E1,1.937500000E1
1.252758118E1,1.937500000E1
1.253020618E1,1.937500000E1
1.253283018E1,1.937500000E1
1.253545518E1,1.937500000E1
1.253807918E1,1.937500000E1
1.254070418E1,1.937500000E1
1.254332818E1,1.937500000E1
1.254595318E1,1.937500000E1
1.254857718E1,1.937500000E1
1.255120218E1,1.937500000E1
1.255382618E1,1.937500000E1
1.255645118E1,1.937500000E1
1.255907518E1,1.937500000E1
1.256170018E1,1.937500000E1
1.256432418E1,1.937500000E1
1.256694918E1,1.937500000E1
1.256957318E1,1.937500000E1
1.257219818E1,1.937500000E1
1.257482218E1,1.937500000E1
1.257744718E1,1.937500000E1
1.258007118E1,1.937500000E1
1.258269618E1,1.937500000E1
1.258532018E1,1.937500000E1
1.258794518E1,1.937500000E1
1.259056918E1,1.937500000E1
1.259319418E1,1.937500000E1
1.259581818E1,1.937500000E1
1.259844318E1,1.937500000E1
1.260106718E1,1.937500000E1
1.260369218E1,1.937500000E1
1.260631618E1,1.937500000E1
1.260894118E1,1.937500000E1
1.261156518E1,1.937500000E1
1.261419018E1,1.937500000E1
1.261681418E1,1.937500000E1
1.261943918E1,1.937500000E1
1.262206318E1,1.937500000E1
1.262468818E1,1.937500000E1
1.262731318E1,1.937500000E1
1.262993718E1,1.937500000E1
1.263256218E1,1.937500000E1
1.263518618E1,1.937500000E1
1.263781118E1,1.937500000E1
1.264043518E1,1.937500000E1
1.264306018E1,1.937500000E1
1.264568418E1,1.937500000E1
1.264830918E1,1.937500000E1
1.265093318E1,1.937500000E1
1.265355818E1,1.937500000E1
1.265618218E1,1.937500000E1
1.265880718E1,1.937500000E1
1.266143118E1,1.937500000E1
1.266405618E1,1.937500000E1
1.266668018E1,1.937500000E1
1.266930518E1,1.937500000E1
1.267192918E1,1.937500000E1
1.267455418E1,1.937500000E1
1.267717818E1,1.937500000E1
1.267980318E1,1.937500000E1
1.268242718E1,1.937500000E1
1.268505218E1,1.937500000E1
1.268767618E1,1.937500000E1
1.269030118E1,1.937500000E1
1.269292518E1,1.937500000E1
1.269555018E1,1.937500000E1
1.269817418E1,1.937500000E1
1.270079918E1,1.937500000E1
1.270342318E1,1.937500000E1
1.270604818E1,1.937500000E1
1.270867218E1,1.937500000E1
1.271129718E1,1.937500000E1
1.271392118E1,1.937500000E1
1.271654618E1,1.937500000E1
1.271917018E1,1.937500000E1
1.272179518E1,1.937500000E1
1.272441918E1,1.937500000E1
1.272704418E1,1.937500000E1
1.272966818E1,1.937500000E1
1.273229318E1,1.937500000E1
1.273491818E1,1.937500000E1
1.273754218E1,1.937500000E1
1.274016718E1,1.937500000E1
1.274279118E1,1.937500000E1
1.274541618E1,1.937500000E1
1.274804018E1,1.937500000E1
1.275066518E1,1.937500000E1
1.275328918E1,1.937500000E1
1.275591418E1,1.937500000E1
1.275853818E1,1.937500000E1
1.276116318E1,1.937500000E1
1.276378718E1,1.937500000E1
1.276641218E1,1.937500000E1
1.276903618E1,1.937500000E1
1.277166118E1,1.937500000E1
1.277428518E1,1.937500000E1
1.277691018E1,1.937500000E1
1.277953418E1,1.937500000E1
1.278215918E1,1.937500000E1
1.278478318E1,1.937500000E1
1.278740818E1,1.937500000E1
1.279003218E1,1.937500000E1
1.279265718E1,1.937500000E1
1.279528118E1,1.937500000E1
1.279790618E1,1.937500000E1
1.280053018E1,1.937500000E1
1.280315518E1,1.937500000E1
1.280577918E1,1.937500000E1
1.280840418E1,1.937500000E1
1.281102818E1,1.937500000E1
1.281365318E1,1.937500000E1
1.281627718E1,1.937500000E1
1.281890218E1,1.937500000E1
1.282152618E1,1.937500000E1
1.282415118E1,1.937500000E1
1.282677518E1,1.937500000E1
1.282940018E1,1.937500000E1
1.283202418E1,1.937500000E1
1.283464918E1,1.937500000E1
1.283727318E1,1.937500000E1
1.283989818E1,1.937500000E1
1.284252218E1,1.937500000E1
1.284514718E1,1.937500000E1
1.284777218E1,1.937500000E1
1.285039618E1,1.937500000E1
1.285302118E1,1.937500000E1
1.285564518E1,1.937500000E1
1.285827018E1,1.937500000E1
1.286089418E1,1.937500000E1
1.286351918E1,1.937500000E1
1.286614318E1,1.937500000E1
1.286876818E1,1.937500000E1
1.287139218E1,1.937500000E1
1.287401718E1,1.937500000E1
1.287664118E1,1.937500000E1
1.287926618E1,1.937500000E1
1.288189018E1,1.937500000E1
1.288451518E1,1.937500000E1
1.288713918E1,1.937500000E1
1.288976418E1,1.937500000E1
1.289238818E1,1.937500000E1
1.289501318E1,1.937500000E1
1.289763718E1,1.937500000E1
1.290026218E1,1.937500000E1
1.290288618E1,1.937500000E1
1.290551118E1,1.937500000E1
1.290813518E1,1.937500000E1
1.291076018E1,1.937500000E1
1.291338418E1,1.937500000E1
1.291600918E1,1.937500000E1
1.291863318E1,1.937500000E1
1.292125818E1,1.937500000E1
1.292388218E1,1.937500000E1
1.292650718E1,1.937500000E1
1.292913118E1,1.937500000E1
1.293175618E1,1.937500000E1
1.293438018E1,1.937500000E1
1.293700518E1,1.937500000E1
1.293962918E1,1.937500000E1
1.294225418E1,1.937500000E1
1.294487818E1,1.937500000E1
1.294750318E1,1.937500000E1
1.295012718E1,1.937500000E1
1.295275218E1,1.937500000E1
1.295537618E1,1.937500000E1
1.295800118E1,1.937500000E1
1.296062618E1,1.937500000E1
1.296325018E1,1.937500000E1
1.296587518E1,1.937500000E1
1.296849918E1,1.937500000E1
1.297112418E1,1.937500000E1
1.297374818E1,1.937500000E1
1.297637318E1,1.937500000E1
1.297899718E1,1.937500000E1
1.298162218E1,1.937500000E1
1.298424618E1,1.937500000E1
1.298687118E1,1.937500000E1
1.298949518E1,1.937500000E1
1.299212018E1,1.937500000E1
1.299474418E1,1.937500000E1
1.299736918E1,1.937500000E1
1.299999318E1,1.937500000E1
1.300261818E1,1.937500000E1
1.300524218E1,1.937500000E1
1.300786718E1,1.937500000E1
1.301049118E1,1.937500000E1
1.301311618E1,1.937500000E1
1.301574018E1,1.937500000E1
1.301836518E1,1.937500000E1
1.302098918E1,1.937500000E1
1.302361418E1,1.937500000E1
1.302623818E1,1.937500000E1
1.302886318E1,1.937500000E1
1.303148718E1,1.937500000E1
1.303411218E1,1.937500000E1
1.303673618E1,1.937500000E1
1.303936118E1,1.937500000E1
1.304198518E1,1.937500000E1
1.304461018E1,1.937500000E1
1.304723418E1,1.937500000E1
1.304985918E1,1.937500000E1
1.305248318E1,1.937500000E1
1.305510818E1,1.937500000E1
1.305773218E1,1.937500000E1
1.306035718E1,1.937500000E1
1.306298118E1,1.937500000E1
1.306560618E1,1.937500000E1
1.306823018E1,1.937500000E1
1.307085518E1,1.937500000E1
1.307348018E1,1.937500000E1
1.307610418E1,1.937500000E1
1.307872918E1,1.937500000E1
1.308135318E1,1.937500000E1
1.308397818E1,1.937500000E1
1.308660218E1,1.937500000E1
1.308922718E1,1.937500000E1
1.309185118E1,1.937500000E1
1.309447618E1,1.937500000E1
1.309710018E1,1.937500000E1
1.309972518E1,1.937500000E1
1.310234918E1,1.937500000E1
1.310497418E1,1.937500000E1
1.310759818E1,1.937500000E1
1.311022318E1,1.937500000E1
1.311284718E1,1.937500000E1
1.311547218E1,1.937500000E1
1.311809618E1,1.937500000E1
1.312072118E1,1.937500000E1
1.312334518E1,1.937500000E1
1.312597018E1,1.937500000E1
1.312859418E1,1.937500000E1
1.313121918E1,1.937500000E1
1.313384318E1,1.937500000E1
1.313646818E1,1.937500000E1
1.313909218E1,1.937500000E1
1.314171718E1,1.937500000E1
1.314434118E1,1.937500000E1
1.314696618E1,1.937500000E1
1.314959018E1,1.937500000E1
1.315221518E1,1.937500000E1
1.315483918E1,1.937500000E1
1.315746418E1,1.937500000E1
1.316008818E1,1.937500000E1
1.316271318E1,1.937500000E1
1.316533718E1,1.937500000E1
1.316796218E1,1.937500000E1
1.317058618E1,1.937500000E1
1.317321118E1,1.937500000E1
1.317583518E1,1.937500000E1
1.317846018E1,1.937500000E1
1.318108418E1,1.937500000E1
1.318370918E1,1.937500000E1
1.318633418E1,1.937500000E1
1.318895818E1,1.937500000E1
1.319158318E1,1.937500000E1
1.319420718E1,1.937500000E1
1.319683218E1,1.937500000E1
1.319945618E1,1.937500000E1
1.320208118E1,1.937500000E1
1.320470518E1,1.937500000E1
1.320733018E1,1.937500000E1
1.320995418E1,1.937500000E1
1.321257918E1,1.937500000E1
1.321520318E1,1.937500000E1
1.321782818E1,1.937500000E1
1.322045218E1,1.937500000E1
1.322307718E1,1.937500000E1
1.322570118E1,1.937500000E1
1.322832618E1,1.937500000E1
1.323095018E1,1.937500000E1
1.323357518E1,1.937500000E1
1.323619918E1,1.937500000E1
1.323882418E1,1.937500000E1
1.324144818E1,1.937500000E1
1.324407318E1,1.937500000E1
1.324669718E1,1.937500000E1
1.324932218E1,1.937500000E1
1.325194618E1,1.937500000E1
1.325457118E1,1.937500000E1
1.325719518E1,1.937500000E1
1.325982018E1,1.937500000E1
1.326244418E1,1.937500000E1
1.326506918E1,1.937500000E1
1.326769318E1,1.937500000E1
1.327031818E1,1.937500000E1
1.327294218E1,1.937500000E1
1.327556718E1,1.937500000E1
1.327819118E1,1.937500000E1
1.328081618E1,1.937500000E1
1.328344018E1,1.937500000E1
1.328606518E1,1.937500000E1
1.328868918E1,1.937500000E1
1.329131418E1,1.937500000E1
1.329393818E1,1.937500000E1
1.329656318E1,1.937500000E1
1.329918818E1,1.937500000E1
1.330181218E1,1.937500000E1
1.330443718E1,1.937500000E1
1.330706118E1,1.937500000E1
1.330968618E1,1.937500000E1
1.331231018E1,1.937500000E1
1.331493518E1,1.937500000E1
1.331755918E1,1.937500000E1
1.332018418E1,1.937500000E1
1.332280818E1,1.937500000E1
1.332543318E1,1.937500000E1
1.332805718E1,1.937500000E1
1.333068218E1,1.937500000E1
1.333330618E1,1.937500000E1
1.333593118E1,1.937500000E1
1.333855518E1,1.937500000E1
1.334118018E1,1.937500000E1
1.334380418E1,1.937500000E1
1.334642918E1,1.937500000E1
1.334905318E1,1.937500000E1
1.335167818E1,1.937500000E1
1.335430218E1,1.937500000E1
1.335692718E1,1.937500000E1
1.335955118E1,1.937500000E1
1.336217618E1,1.937500000E1
1.336480018E1,1.937500000E1
1.336742518E1,1.937500000E1
1.337004918E1,1.937500000E1
1.337267418E1,1.937500000E1
1.337529818E1,1.937500000E1
1.337792318E1,1.937500000E1
1.338054718E1,1.937500000E1
1.338317218E1,1.937500000E1
1.338579618E1,1.937500000E1
1.338842118E1,1.937500000E1
1.339104518E1,1.937500000E1
1.339367018E1,1.937500000E1
1.339629418E1,1.937500000E1
1.339891918E1,1.937500000E1
1.340154318E1,1.937500000E1
1.340416818E1,1.937500000E1
1.340679318E1,1.937500000E1
1.340941718E1,1.937500000E1
1.341204218E1,1.937500000E1
1.341466618E1,1.937500000E1
1.341729118E1,1.937500000E1
1.341991518E1,1.937500000E1
1.342254018E1,1.937500000E1
1.342516418E1,1.937500000E1
1.342778918E1,1.937500000E1
1.343041318E1,1.937500000E1
1.343303818E1,1.937500000E1
1.343566218E1,1.937500000E1
1.343828718E1,1.937500000E1
1.344091118E1,1.937500000E1
1.344353618E1,1.937500000E1
1.344616018E1,1.937500000E1
1.344878518E1,1.937500000E1
1.345140918E1,1.937500000E1
1.345403418E1,1.937500000E1
1.345665818E1,1.937500000E1
1.345928318E1,1.937500000E1
1.346190718E1,1.937500000E1
1.346453218E1,1.937500000E1
1.346715618E1,1.937500000E1
1.346978118E1,1.937500000E1
1.347240518E1,1.937500000E1
1.347503018E1,1.937500000E1
1.347765418E1,1.937500000E1
1.348027918E1,1.937500000E1
1.348290318E1,1.937500000E1
1.348552818E1,1.937500000E1
1.348815218E1,1.937500000E1
1.349077718E1,1.937500000E1
1.349340118E1,1.937500000E1
1.349602618E1,1.937500000E1
1.349865018E1,1.937500000E1
1.350127518E1,1.937500000E1
1.350389918E1,1.937500000E1
1.350652418E1,1.937500000E1
1.350914818E1,1.937500000E1
1.351177318E1,1.937500000E1
1.351439718E1,1.937500000E1
1.351702218E1,1.937500000E1
1.351964718E1,1.937500000E1
1.352227118E1,1.937500000E1
1.352489618E1,1.937500000E1
1.352752018E1,1.937500000E1
1.353014518E1,1.937500000E1
1.353276918E1,1.937500000E1
1.353539418E1,1.937500000E1
1.353801818E1,1.937500000E1
1.354064318E1,1.937500000E1
1.354326718E1,1.937500000E1
1.354589218E1,1.937500000E1
1.354851618E1,1.937500000E1
1.355114118E1,1.937500000E1
1.355376518E1,1.937500000E1
1.355639018E1,1.937500000E1
1.355901418E1,1.937500000E1
1.356163918E1,1.937500000E1
1.356426318E1,1.937500000E1
1.356688818E1,1.937500000E1
1.356951218E1,1.937500000E1
1.357213718E1,1.937500000E1
1.357476118E1,1.937500000E1
1.357738618E1,1.937500000E1
1.358001018E1,1.937500000E1
1.358263518E1,1.937500000E1
1.358525918E1,1.937500000E1
1.358788418E1,1.937500000E1
1.359050818E1,1.937500000E1
1.359313318E1,1.937500000E1
1.359575718E1,1.937500000E1
1.359838218E1,1.937500000E1
1.360100618E1,1.937500000E1
1.360363118E1,1.937500000E1
1.360625518E1,1.937500000E1
1.360888018E1,1.937500000E1
1.361150418E1,1.937500000E1
1.361412918E1,1.937500000E1
1.361675318E1,1.937500000E1
1.361937818E1,1.937500000E1
1.362200218E1,1.937500000E1
1.362462718E1,1.937500000E1
1.362725118E1,1.937500000E1
1.362987618E1,1.937500000E1
1.363250118E1,1.937500000E1
1.363512518E1,1.937500000E1
1.363775018E1,1.937500000E1
1.364037418E1,1.937500000E1
1.364299918E1,1.937500000E1
1.364562318E1,1.937500000E1
1.364824818E1,1.937500000E1
1.365087218E1,1.937500000E1
1.365349718E1,1.937500000E1
1.365612118E1,1.937500000E1
1.365874618E1,1.937500000E1
1.366137018E1,1.937500000E1
1.366399518E1,1.937500000E1
1.366661918E1,1.937500000E1
1.366924418E1,1.937500000E1
1.367186818E1,1.937500000E1
1.367449318E1,1.937500000E1
1.367711718E1,1.937500000E1
1.367974218E1,1.937500000E1
1.368236618E1,1.937500000E1
1.368499118E1,1.937500000E1
1.368761518E1,1.937500000E1
1.369024018E1,1.937500000E1
1.369286418E1,1.937500000E1
1.369548918E1,1.937500000E1
1.369811318E1,1.937500000E1
1.370073818E1,1.937500000E1
1.370336218E1,1.937500000E1
1.370598718E1,1.937500000E1
1.370861118E1,1.937500000E1
1.371123618E1,1.937500000E1
1.371386018E1,1.937500000E1
1.371648518E1,1.937500000E1
1.371910918E1,1.937500000E1
1.372173418E1,1.937500000E1
1.372435818E1,1.937500000E1
1.372698318E1,1.937500000E1
1.372960718E1,1.937500000E1
1.373223218E1,1.937500000E1
1.373485618E1,1.937500000E1
1.373748118E1,1.937500000E1
1.374010518E1,1.937500000E1
1.374273018E1,1.937500000E1
1.374535518E1,1.937500000E1
1.374797918E1,1.937500000E1
1.375060418E1,1.937500000E1
1.375322818E1,1.937500000E1
1.375585318E1,1.937500000E1
1.375847718E1,1.937500000E1
1.376110218E1,1.937500000E1
1.376372618E1,1.937500000E1
1.376635118E1,1.937500000E1
1.376897518E1,1.937500000E1
1.377160018E1,1.937500000E1
1.377422418E1,1.937500000E1
1.377684918E1,1.937500000E1
1.377947318E1,1.937500000E1
1.378209818E1,1.937500000E1
1.378472218E1,1.937500000E1
1.378734718E1,1.937500000E1
1.378997118E1,1.937500000E1
1.379259618E1,1.937500000E1
1.379522018E1,1.937500000E1
1.379784518E1,1.937500000E1
1.380046918E1,1.937500000E1
1.380309418E1,1.937500000E1
1.380571818E1,1.937500000E1
1.380834318E1,1.937500000E1
1.381096718E1,1.937500000E1
1.381359218E1,1.937500000E1
1.381621618E1,1.937500000E1
1.381884118E1,1.937500000E1
1.382146518E1,1.937500000E1
1.382409018E1,1.937500000E1
1.382671418E1,1.937500000E1
1.382933918E1,1.937500000E1
1.383196318E1,1.937500000E1
1.383458818E1,1.937500000E1
1.383721218E1,1.937500000E1
1.383983718E1,1.937500000E1
1.384246118E1,1.937500000E1
1.384508618E1,1.937500000E1
1.384771018E1,1.937500000E1
1.385033518E1,1.937500000E1
1.385295918E1,1.937500000E1
1.385558418E1,1.937500000E1
1.385820918E1,1.937500000E1
1.386083318E1,1.937500000E1
1.386345818E1,1.937500000E1
1.386608218E1,1.937500000E1
1.386870718E1,1.937500000E1
1.387133118E1,1.937500000E1
1.387395618E1,1.937500000E1
1.387658018E1,1.937500000E1
1.387920518E1,1.937500000E1
1.388182918E1,1.937500000E1
1.388445418E1,1.937500000E1
1.388707818E1,1.937500000E1
1.388970318E1,1.937500000E1
1.389232718E1,1.937500000E1
1.389495218E1,1.937500000E1
1.389757618E1,1.937500000E1
1.390020118E1,1.937500000E1
1.390282518E1,1.937500000E1
1.390545018E1,1.937500000E1
1.390807418E1,1.937500000E1
1.391069918E1,1.937500000E1
1.391332318E1,1.937500000E1
1.391594818E1,1.937500000E1
1.391857218E1,1.937500000E1
1.392119718E1,1.937500000E1
1.392382118E1,1.937500000E1
1.392644618E1,1.937500000E1
1.392907018E1,1.937500000E1
1.393169518E1,1.937500000E1
1.393431918E1,1.937500000E1
1.393694418E1,1.937500000E1
1.393956818E1,1.937500000E1
1.394219318E1,1.937500000E1
1.394481718E1,1.937500000E1
1.394744218E1,1.937500000E1
1.395006618E1,1.937500000E1
1.395269118E1,1.937500000E1
1.395531518E1,1.937500000E1
1.395794018E1,1.937500000E1
1.396056418E1,1.937500000E1
1.396318918E1,1.937500000E1
1.396581318E1,1.937500000E1
1.396843818E1,1.937500000E1
1.397106318E1,1.937500000E1
1.397368718E1,1.937500000E1
1.397631218E1,1.937500000E1
1.397893618E1,1.937500000E1
1.398156118E1,1.937500000E1
1.398418518E1,1.937500000E1
1.398681018E1,1.937500000E1
1.398943418E1,1.937500000E1
1.399205918E1,1.937500000E1
1.399468318E1,1.937500000E1
1.399730818E1,1.937500000E1
1.399993218E1,1.937500000E1
1.400255718E1,1.937500000E1
1.400518118E1,1.937500000E1
1.400780618E1,1.937500000E1
1.401043018E1,1.937500000E1
1.401305518E1,1.937500000E1
1.401567918E1,1.937500000E1
1.401830418E1,1.937500000E1
1.402092818E1,1.937500000E1
1.402355318E1,1.937500000E1
1.402617718E1,1.937500000E1
1.402880218E1,1.937500000E1
1.403142618E1,1.937500000E1
1.403405118E1,1.937500000E1
1.403667518E1,1.937500000E1
1.403930018E1,1.937500000E1
1.404192418E1,1.937500000E1
1.404454918E1,1.937500000E1
1.404717318E1,1.937500000E1
1.404979818E1,1.937500000E1
1.405242218E1,1.937500000E1
1.405504718E1,1.937500000E1
1.405767118E1,1.937500000E1
1.406029618E1,1.937500000E1
1.406292018E1,1.937500000E1
1.406554518E1,1.937500000E1
1.406816918E1,1.937500000E1
1.407079418E1,1.937500000E1
1.407341818E1,1.937500000E1
1.407604318E1,1.937500000E1
1.407866818E1,1.937500000E1
1.408129218E1,1.937500000E1
1.408391718E1,1.937500000E1
1.408654118E1,1.937500000E1
1.408916618E1,1.937500000E1
1.409179018E1,1.937500000E1
1.409441518E1,1.937500000E1
1.409703918E1,1.937500000E1
1.409966418E1,1.937500000E1
1.410228818E1,1.937500000E1
1.410491318E1,1.937500000E1
1.410753718E1,1.937500000E1
1.411016218E1,1.937500000E1
1.411278618E1,1.937500000E1
1.411541118E1,1.937500000E1
1.411803518E1,1.937500000E1
1.412066018E1,1.937500000E1
1.412328418E1,1.937500000E1
1.412590918E1,1.937500000E1
1.412853318E1,1.937500000E1
1.413115818E1,1.937500000E1
1.413378218E1,1.937500000E1
1.413640718E1,1.937500000E1
1.413903118E1,1.937500000E1
1.414165618E1,1.937500000E1
1.414428018E1,1.937500000E1
1.414690518E1,1.937500000E1
1.414952918E1,1.937500000E1
1.415215418E1,1.937500000E1
1.415477818E1,1.937500000E1
1.415740318E1,1.937500000E1
1.416002718E1,1.937500000E1
1.416265218E1,1.937500000E1
1.416527618E1,1.937500000E1
1.416790118E1,1.937500000E1
1.417052518E1,1.937500000E1
1.417315018E1,1.937500000E1
1.417577418E1,1.937500000E1
1.417839918E1,1.937500000E1
1.418102318E1,1.937500000E1
1.418364818E1,1.937500000E1
1.418627218E1,1.937500000E1
1.418889718E1,1.937500000E1
1.419152218E1,1.937500000E1
1.419414618E1,1.937500000E1
1.419677118E1,1.937500000E1
1.419939518E1,1.937500000E1
1.420202018E1,1.937500000E1
1.420464418E1,1.937500000E1
1.420726918E1,1.937500000E1
1.420989318E1,1.937500000E1
1.421251818E1,1.937500000E1
1.421514218E1,1.937500000E1
1.421776718E1,1.937500000E1
1.422039118E1,1.937500000E1
1.422301618E1,1.937500000E1
1.422564018E1,1.937500000E1
1.422826518E1,1.937500000E1
1.423088918E1,1.937500000E1
1.423351418E1,1.937500000E1
1.423613818E1,1.937500000E1
1.423876318E1,1.937500000E1
1.424138718E1,1.937500000E1
1.424401218E1,1.937500000E1
1.424663618E1,1.937500000E1
1.424926118E1,1.937500000E1
1.425188518E1,1.937500000E1
1.425451018E1,1.937500000E1
1.425713418E1,1.937500000E1
1.425975918E1,1.937500000E1
1.426238318E1,1.937500000E1
1.426500818E1,1.937500000E1
1.426763218E1,1.937500000E1
1.427025718E1,1.937500000E1
1.427288118E1,1.937500000E1
1.427550618E1,1.937500000E1
1.427813018E1,1.937500000E1
1.428075518E1,1.937500000E1
1.428337918E1,1.937500000E1
1.428600418E1,1.937500000E1
1.428862818E1,1.937500000E1
1.429125318E1,1.937500000E1
1.429387718E1,1.937500000E1
1.429650218E1,1.937500000E1
1.429912618E1,1.937500000E1
1.430175118E1,1.937500000E1
1.430437618E1,1.937500000E1
1.430700018E1,1.937500000E1
1.430962518E1,1.937500000E1
1.431224918E1,1.937500000E1
1.431487418E1,1.937500000E1
1.431749818E1,1.937500000E1
1.432012318E1,1.937500000E1
1.432274718E1,1.937500000E1
1.432537218E1,1.937500000E1
1.432799618E1,1.937500000E1
1.433062118E1,1.937500000E1
1.433324518E1,1.937500000E1
1.433587018E1,1.937500000E1
1.433849418E1,1.937500000E1
1.434111918E1,1.937500000E1
1.434374318E1,1.937500000E1
1.434636818E1,1.937500000E1
1.434899218E1,1.937500000E1
1.435161718E1,1.937500000E1
1.435424118E1,1.937500000E1
1.435686618E1,1.937500000E1
1.435949018E1,1.937500000E1
1.436211518E1,1.937500000E1
1.436473918E1,1.937500000E1
1.436736418E1,1.937500000E1
