profile_A
n	x	luma
0.0	9.515306184030285	3.749165205508848
1.0	9.510719749443949	5.512814258408159
2.0	9.506133314857609	5.35695778452631
3.0	9.501546880271272	11.809685249433324
4.0	9.496960445684932	6.077411010125217
5.0	9.492374011098596	2.0322297187419465
6.0	9.48778757651226	1.7104885526570928
7.0	9.48320114192592	1.7563496433705859
8.0	9.478614707339583	3.146564303610674
9.0	9.474028272753243	6.906614341642787
10.0	9.469441838166906	4.513843733600637
11.0	9.46485540358057	11.025799999818268
12.0	9.46026896899423	7.517221916293201
13.0	9.455682534407893	4.11764906342673
14.0	9.451096099821553	11.442457594207962
15.0	9.446509665235217	5.781334064101021
16.0	9.44192323064888	7.062792949468544
17.0	9.437336796062537	9.867714174116339
18.0	9.4327503614762	3.9350065665903657
19.0	9.42816392688986	5.81053949417827
20.0	9.423577492303524	4.43256024959197
21.0	9.418991057717184	4.354134999944724
22.0	9.414404623130848	6.7272900916602385
23.0	9.409818188544511	10.768212981139563
24.0	9.405231753958171	9.01515443822138
25.0	9.400645319371835	6.186269707961973
26.0	9.396058884785495	4.452346135179127
27.0	9.391472450199158	4.856061066078256
28.0	9.386886015612822	1.099982236978889
29.0	9.382299581026482	1.2590727398858352
30.0	9.377713146440145	5.388134249767946
31.0	9.373126711853805	9.12174192471687
32.0	9.368540277267469	9.332918125264726
33.0	9.363953842681132	9.14703878272784
34.0	9.359367408094792	7.780482807260257
35.0	9.354780973508456	7.399863666544825
36.0	9.350194538922116	8.88675178781547
37.0	9.34560810433578	11.659814574695048
38.0	9.341021669749443	10.72157399991724
39.0	9.336435235163103	6.208809825226625
40.0	9.331848800576767	12.185133532838805
41.0	9.327262365990427	9.955972660954224
42.0	9.32267593140409	8.44912672782668
43.0	9.31808949681775	2.3943357974798207
44.0	9.31350306223141	5.0420065101175116
45.0	9.308916627645074	8.242300101409606
46.0	9.304330193058734	4.347482398260442
47.0	9.299743758472397	2.8724311299602965
48.0	9.29515732388606	9.033670892407292
49.0	9.29057088929972	9.135374686401953
50.0	9.285984454713384	9.236750421918716
51.0	9.281398020127044	6.410986213170504
52.0	9.276811585540708	5.432395080414415
53.0	9.272225150954371	9.166065408902544
54.0	9.267638716368031	8.307489614492551
55.0	9.263052281781695	10.216441227713414
56.0	9.258465847195355	6.715972644724243
57.0	9.253879412609018	8.081148947578896
58.0	9.249292978022682	4.854596906160278
59.0	9.244706543436342	8.083515659668528
60.0	9.240120108850006	8.325207912683043
61.0	9.235533674263666	0.8176760908107281
62.0	9.230947239677329	2.188358283902231
63.0	9.226360805090993	4.901405175754656
64.0	9.221774370504653	8.632838972450934
65.0	9.217187935918316	10.14611467364885
66.0	9.212601501331976	8.542859092644255
67.0	9.20801506674564	11.85849668992843
68.0	9.2034286321593	6.746912543782959
69.0	9.19884219757296	7.751357737705878
70.0	9.194255762986623	7.421748523078096
71.0	9.189669328400283	3.0724872978785718
72.0	9.185082893813947	5.800758388225111
73.0	9.180496459227607	5.136340416754917
74.0	9.17591002464127	5.5830677286846555
75.0	9.171323590054934	9.327050245303576
76.0	9.166737155468594	4.7397973498802894
77.0	9.162150720882257	5.171203220464041
78.0	9.157564286295917	8.09502216898184
79.0	9.152977851709581	11.087520964482373
80.0	9.148391417123245	9.727345486025564
81.0	9.143804982536905	6.394357219807253
82.0	9.139218547950568	0.8892164617386419
83.0	9.134632113364228	1.8124582705581445
84.0	9.130045678777892	1.737878532825154
85.0	9.125459244191555	3.966150916471966
86.0	9.120872809605215	4.569179497693426
87.0	9.116286375018879	5.451144885017135
88.0	9.111699940432539	5.276774052798477
89.0	9.107113505846202	4.494289075075866
90.0	9.102527071259866	5.93819428688296
91.0	9.097940636673526	7.899850984019361
92.0	9.09335420208719	7.756266618529754
93.0	9.08876776750085	7.404197689087418
94.0	9.08418133291451	8.354143341322724
95.0	9.079594898328173	7.620267462370625
96.0	9.075008463741833	3.9960244690759534
97.0	9.070422029155496	4.4269340844398455
98.0	9.065835594569156	3.8745879551102527
99.0	9.06124915998282	3.512137765174268
100.0	9.056662725396484	5.021303978594679
101.0	9.052076290810144	6.168507006485068
102.0	9.047489856223807	4.46452536859542
103.0	9.042903421637467	3.855325213300729
104.0	9.03831698705113	14.94254466976893
105.0	9.033730552464794	9.17509067802745
106.0	9.029144117878454	4.691166266950676
107.0	9.024557683292118	8.013466040274212
108.0	9.019971248705778	6.070807679894251
109.0	9.015384814119441	1.2026403598452093
110.0	9.010798379533105	3.5068273769670357
111.0	9.006211944946765	12.021883344896468
112.0	9.001625510360428	6.268221873047295
113.0	8.997039075774088	13.158935904540245
114.0	8.992452641187752	10.71898673580682
115.0	8.987866206601415	11.994833927562809
116.0	8.983279772015075	10.931841803344009
117.0	8.978693337428739	5.576107993869187
118.0	8.974106902842399	5.743711942581609
119.0	8.969520468256063	4.879223419745736
120.0	8.964934033669723	1.673175431627473
121.0	8.960347599083383	7.2253320222616
122.0	8.955761164497046	7.995406280564317
123.0	8.951174729910706	1.5446031640728521
124.0	8.94658829532437	3.6666003489280863
125.0	8.94200186073803	5.1416920887302195
126.0	8.937415426151693	4.630007560236577
127.0	8.932828991565357	10.844945425009454
128.0	8.928242556979017	11.746974678974967
129.0	8.92365612239268	9.654096958024146
130.0	8.91906968780634	6.586104069243912
131.0	8.914483253220004	3.47422694154497
132.0	8.909896818633667	7.861563032833847
133.0	8.905310384047327	11.196555090183818
134.0	8.90072394946099	7.352465456293717
135.0	8.89613751487465	5.694372320234312
136.0	8.891551080288314	8.200597191257486
137.0	8.886964645701978	9.135096046051064
138.0	8.882378211115638	7.0370007303259445
139.0	8.877791776529302	8.579215776020332
140.0	8.873205341942962	6.377268508509618
141.0	8.868618907356625	6.938563546041181
142.0	8.864032472770289	10.216955633145306
143.0	8.859446038183949	8.692061214999178
144.0	8.854859603597612	6.788079166498274
145.0	8.850273169011272	3.970519290992331
146.0	8.845686734424932	3.670138086062697
147.0	8.841100299838596	3.4837479833999145
148.0	8.836513865252256	7.836896980190825
149.0	8.83192743066592	6.375357687947219
150.0	8.82734099607958	9.570519303531059
151.0	8.822754561493243	8.968450249266379
152.0	8.818168126906906	6.6549585592689215
153.0	8.813581692320566	7.923610471141499
154.0	8.80899525773423	4.870327735818284
155.0	8.80440882314789	3.7900590603103312
156.0	8.799822388561553	10.31097143147378
157.0	8.795235953975217	12.462285923117577
158.0	8.790649519388877	5.999189410562108
159.0	8.78606308480254	5.301237914019293
160.0	8.7814766502162	4.762531720197733
161.0	8.776890215629864	4.7023696837385485
162.0	8.772303781043528	6.056778607430732
163.0	8.767717346457188	14.154692857417944
164.0	8.763130911870851	8.714304606547348
165.0	8.758544477284511	6.319646787785102
166.0	8.753958042698175	12.456303341244201
167.0	8.749371608111838	11.3408466332058
168.0	8.744785173525498	9.114633758710745
169.0	8.740198738939162	8.766313542508692
170.0	8.735612304352822	6.631245483884733
171.0	8.731025869766485	6.623410473181301
172.0	8.726439435180145	6.312667508987738
173.0	8.721853000593805	5.312358231129544
174.0	8.717266566007469	10.217318759512768
175.0	8.712680131421129	2.3852492404445105
176.0	8.708093696834792	9.152544086169573
177.0	8.703507262248452	10.255054113515731
178.0	8.698920827662116	10.038710420823792
179.0	8.69433439307578	11.394912473308748
180.0	8.68974795848944	8.928378368167817
181.0	8.685161523903103	6.745005612675484
182.0	8.680575089316763	8.665784153904317
183.0	8.675988654730427	6.142449032173662
184.0	8.67140222014409	6.002792302842868
185.0	8.66681578555775	7.802873906814993
186.0	8.662229350971414	3.5824869854938877
187.0	8.657642916385074	1.3788957449512962
188.0	8.653056481798737	2.454874976803392
189.0	8.6484700472124	5.7782775653674125
190.0	8.64388361262606	12.081819564980963
191.0	8.639297178039724	10.283443991458642
192.0	8.634710743453384	4.423188123066121
193.0	8.630124308867048	7.446638033559705
194.0	8.625537874280711	9.799101248009173
195.0	8.620951439694371	9.490750271030938
196.0	8.616365005108035	11.869780917913888
197.0	8.611778570521691	9.363785896142504
198.0	8.607192135935355	6.791494797338494
199.0	8.602605701349018	7.335018188300581
200.0	8.598019266762678	7.039818915578407
201.0	8.593432832176342	5.941919485846474
202.0	8.588846397590002	6.013239978216538
203.0	8.584259963003666	2.4012818475685647
204.0	8.579673528417329	4.246697289685155
205.0	8.575087093830989	9.18394930975753
206.0	8.570500659244653	6.778103612173959
207.0	8.565914224658313	3.51033495544271
208.0	8.561327790071976	5.256653142680882
209.0	8.55674135548564	10.258969520691695
210.0	8.5521549208993	9.2472740960519
211.0	8.547568486312963	8.21937683198999
212.0	8.542982051726623	7.301941475144352
213.0	8.538395617140287	4.273605247558157
214.0	8.53380918255395	2.0344191527999467
215.0	8.52922274796761	5.728345860737849
216.0	8.524636313381274	8.76141625719524
217.0	8.520049878794934	4.8151204298927635
218.0	8.515463444208597	4.026639370719429
219.0	8.510877009622261	6.226077320581954
220.0	8.506290575035921	10.696982259732732
221.0	8.501704140449585	6.063155131572356
222.0	8.497117705863245	8.658385737861153
223.0	8.492531271276905	9.25380139963727
224.0	8.487944836690568	12.645752442042387
225.0	8.483358402104228	7.0090435972015355
226.0	8.478771967517892	1.9906135099897035
227.0	8.474185532931552	8.858702091994083
228.0	8.469599098345215	0.7056337136632804
229.0	8.465012663758875	2.3696066774310482
230.0	8.460426229172539	4.838754593039565
231.0	8.455839794586202	9.545399137287461
232.0	8.451253359999862	10.633299251918372
233.0	8.446666925413526	8.61609648124991
234.0	8.442080490827186	5.31933118564327
235.0	8.43749405624085	10.323921870242684
236.0	8.432907621654513	7.221881651743437
237.0	8.428321187068173	9.241682929742081
238.0	8.423734752481836	10.902239817133433
239.0	8.419148317895496	7.198997239876325
240.0	8.41456188330916	5.443687961248248
241.0	8.409975448722824	5.370699008297562
242.0	8.405389014136484	9.173502065115526
243.0	8.400802579550147	8.494052247753224
244.0	8.396216144963807	5.085483143426153
245.0	8.39162971037747	7.150361088944247
246.0	8.387043275791134	9.378093784579535
247.0	8.382456841204794	7.211826514894549
248.0	8.377870406618458	1.4816694987917765
249.0	8.373283972032114	1.3804978728354467
250.0	8.368697537445778	3.563282488517718
251.0	8.364111102859441	4.623225904760521
252.0	8.359524668273101	4.162585763949251
253.0	8.354938233686765	3.3578201046492873
254.0	8.350351799100425	5.605707693487373
255.0	8.345765364514088	10.513792872775467
256.0	8.341178929927752	10.378863259993848
257.0	8.336592495341412	6.720155967748717
258.0	8.332006060755075	4.977834257587491
259.0	8.327419626168735	5.8002188826050265
260.0	8.322833191582399	4.879752484413173
261.0	8.318246756996063	9.428120201260336
262.0	8.313660322409723	9.615563391056815
263.0	8.309073887823386	10.048179229690446
264.0	8.304487453237046	8.56679329778798
265.0	8.29990101865071	5.9242234240558656
266.0	8.295314584064373	6.027659984529421
267.0	8.290728149478033	3.142052786341049
268.0	8.286141714891697	3.4351522579771534
269.0	8.281555280305357	5.149210582873204
270.0	8.27696884571902	6.39616214986074
271.0	8.272382411132684	9.180817832635297
272.0	8.267795976546344	9.073892872856414
273.0	8.263209541960007	7.249516218637051
274.0	8.258623107373667	3.4006095356424653
275.0	8.254036672787327	2.440708867487861
276.0	8.24945023820099	3.3079551563616776
277.0	8.24486380361465	6.888581337861804
278.0	8.240277369028314	9.763733921777582
279.0	8.235690934441974	8.712137513211456
280.0	8.231104499855638	14.36757202401631
281.0	8.226518065269298	14.51584610911043
282.0	8.221931630682962	4.379930920628996
283.0	8.217345196096625	10.76197208389401
284.0	8.212758761510285	11.985736826834952
285.0	8.208172326923949	3.494877939924735
286.0	8.203585892337609	3.0779388001519603
287.0	8.198999457751272	3.70609095502214
288.0	8.194413023164936	5.120520890949927
289.0	8.189826588578596	8.580381173737866
290.0	8.18524015399226	12.461510623603612
291.0	8.18065371940592	7.554663401375663
292.0	8.176067284819583	10.369504319457954
293.0	8.171480850233246	11.920158346392643
294.0	8.166894415646906	7.332337995427427
295.0	8.16230798106057	12.029106180578715
296.0	8.15772154647423	10.91525895172155
297.0	8.153135111887893	1.6818479056602156
298.0	8.148548677301557	6.132023369509592
299.0	8.143962242715217	6.912049652600208
300.0	8.13937580812888	5.352643372766507
301.0	8.134789373542537	6.568943709043084
302.0	8.1302029389562	4.896159136499664
303.0	8.125616504369864	4.795737381740914
304.0	8.121030069783524	4.0510997815993095
305.0	8.116443635197188	4.82155482184552
306.0	8.111857200610848	8.432809904991384
307.0	8.107270766024511	12.12227617659362
308.0	8.102684331438175	10.583554101675233
309.0	8.098097896851835	7.774588594969478
310.0	8.093511462265498	6.5861715581256135
311.0	8.088925027679158	5.417848149502149
312.0	8.084338593092822	3.3827582434220407
313.0	8.079752158506485	3.6749088511496284
314.0	8.075165723920145	7.6556369945147456
315.0	8.070579289333809	5.813337627884202
316.0	8.065992854747469	6.633955745263152
317.0	8.061406420161132	7.124040342339986
318.0	8.056819985574796	8.725783005982958
319.0	8.052233550988456	9.264729635392666
320.0	8.04764711640212	5.930361890328462
321.0	8.04306068181578	4.693312486355378
322.0	8.038474247229443	4.7642239039654966
323.0	8.033887812643107	4.454621904792728
324.0	8.029301378056767	6.837614309800386
325.0	8.02471494347043	8.82990722625962
326.0	8.020128508884087	5.358975471758735
327.0	8.01554207429775	5.734502560400644
328.0	8.010955639711414	6.93192804713145
329.0	8.006369205125074	15.573706202574321
330.0	8.001782770538737	20.504110339505313
331.0	7.997196335952397	14.75019863057102
332.0	7.992609901366061	9.610430531497375
333.0	7.988023466779721	4.4866937661698385
334.0	7.983437032193384	4.482094345290352
335.0	7.978850597607048	7.207510384928548
336.0	7.974264163020708	6.067505001854991
337.0	7.969677728434371	8.345393981246334
338.0	7.965091293848031	17.12952157110812
339.0	7.960504859261695	6.757861544272767
340.0	7.9559184246753585	12.561987491516685
341.0	7.9513319900890185	11.074947653857485
342.0	7.946745555502682	9.061390166513032
343.0	7.942159120916342	10.677163697296473
344.0	7.937572686330006	4.914563137820075
345.0	7.932986251743669	11.3385346189648
346.0	7.928399817157329	11.738590836613689
347.0	7.923813382570993	13.532002336909905
348.0	7.919226947984653	6.256216515934328
349.0	7.914640513398316	4.628721509305836
350.0	7.91005407881198	4.758867812853802
351.0	7.90546764422564	5.268993616833763
352.0	7.9008812096393	5.773672141424024
353.0	7.89629477505296	7.711602829329928
354.0	7.891708340466623	8.479367036300014
355.0	7.887121905880287	6.836979001066186
356.0	7.882535471293947	10.408442604360705
357.0	7.87794903670761	14.353927638538737
358.0	7.87336260212127	15.0311338061564
359.0	7.868776167534934	13.52272657626407
360.0	7.8641897329485975	10.486798541315824
361.0	7.8596032983622575	13.809178052603114
362.0	7.855016863775921	7.641185946670205
363.0	7.850430429189581	8.624891516410242
364.0	7.8458439946032446	13.980268087429902
365.0	7.841257560016908	13.76923651589874
366.0	7.836671125430568	6.648142538036095
367.0	7.832084690844232	7.008841752936516
368.0	7.827498256257892	13.356516477225394
369.0	7.822911821671555	16.919367417788415
370.0	7.818325387085219	11.62504706213429
371.0	7.813738952498879	11.280231700038446
372.0	7.809152517912542	20.424944349950245
373.0	7.804566083326202	11.622279294276497
374.0	7.799979648739866	7.560047635881745
375.0	7.795393214153529	6.408275988251799
376.0	7.790806779567189	15.634186435867418
377.0	7.786220344980853	4.601576595902572
378.0	7.781633910394509	4.77456233754782
379.0	7.777047475808173	5.977138049279018
380.0	7.7724610412218365	5.876930993564558
381.0	7.7678746066354964	5.7533640835579645
382.0	7.76328817204916	5.143631377175232
383.0	7.75870173746282	6.24292929475535
384.0	7.7541153028764835	8.411604374018893
385.0	7.749528868290147	6.580834740801453
386.0	7.744942433703807	5.424154344874375
387.0	7.740355999117471	7.318462862984681
388.0	7.735769564531131	10.719752172561453
389.0	7.731183129944794	10.184319803687023
390.0	7.726596695358454	3.43862006939661
391.0	7.722010260772118	7.6940440840420115
392.0	7.717423826185781	6.265108580980915
393.0	7.712837391599441	6.15293771175206
394.0	7.708250957013105	10.833404529813574
395.0	7.703664522426765	6.756482445986437
396.0	7.699078087840428	8.735420240393438
397.0	7.694491653254092	15.63517587188018
398.0	7.689905218667752	13.667868750008688
399.0	7.6853187840814154	3.695389758751951
400.0	7.680732349495075	8.403296263900545
401.0	7.676145914908739	8.99434827776968
402.0	7.6715594803224025	7.2878524156731475
403.0	7.6669730457360625	7.972426711098121
404.0	7.6623866111497225	5.388569826763743
405.0	7.6578001765633825	3.6094044805971266
406.0	7.653213741977046	4.070940005767505
407.0	7.64862730739071	4.364801454943288
408.0	7.64404087280437	7.79551072916097
409.0	7.639454438218033	5.636705733652209
410.0	7.634868003631693	9.169298363687695
411.0	7.630281569045357	15.341072575857806
412.0	7.62569513445902	8.461891604559312
413.0	7.62110869987268	7.631212260619023
414.0	7.616522265286344	7.409588935421181
415.0	7.611935830700004	10.48779205278851
416.0	7.607349396113667	9.798883124183222
417.0	7.602762961527331	5.0922560820428036
418.0	7.598176526940991	7.651657126323421
419.0	7.593590092354654	9.234745737571549
420.0	7.589003657768314	6.939352351630992
421.0	7.584417223181978	9.338032601298554
422.0	7.5798307885956415	11.263398913959549
423.0	7.5752443540093015	3.613931697871884
424.0	7.570657919422965	14.164565543082459
425.0	7.566071484836625	11.494762673406594
426.0	7.561485050250289	10.533433251908582
427.0	7.556898615663952	6.260866153523344
428.0	7.552312181077612	8.072943256472838
429.0	7.547725746491272	10.227336471281713
430.0	7.543139311904932	10.227691689668433
431.0	7.538552877318596	10.636092266345335
432.0	7.533966442732259	11.146797154470038
433.0	7.529380008145919	11.64854269863548
434.0	7.524793573559583	16.57083085097779
435.0	7.520207138973243	17.81173883381887
436.0	7.515620704386906	10.832034342749953
437.0	7.51103426980057	8.526026523600365
438.0	7.50644783521423	5.170156001211269
439.0	7.501861400627893	6.464934308775215
440.0	7.497274966041553	10.188241490157791
441.0	7.492688531455217	14.28528694772714
442.0	7.488102096868877	15.651468576679907
443.0	7.4835156622825405	17.91307264130997
444.0	7.478929227696204	16.754718351108146
445.0	7.474342793109864	13.622595177850409
446.0	7.469756358523528	12.680446987781359
447.0	7.465169923937188	10.90114484840862
448.0	7.460583489350851	8.46061570308279
449.0	7.455997054764515	7.327503746942869
450.0	7.451410620178175	10.555904602296673
451.0	7.446824185591838	3.3456406082733166
452.0	7.442237751005498	4.2212988893627355
453.0	7.437651316419162	8.421035113646333
454.0	7.433064881832825	10.731640890321014
455.0	7.428478447246482	11.152107006288945
456.0	7.423892012660145	4.61149180211434
457.0	7.419305578073805	4.492811611359754
458.0	7.414719143487469	10.331017378663207
459.0	7.410132708901132	9.37229041241235
460.0	7.405546274314792	3.0775963456751034
461.0	7.400959839728456	4.768726492841887
462.0	7.396373405142116	10.681917554312337
463.0	7.3917869705557795	8.085295880384162
464.0	7.387200535969443	12.414417081048015
465.0	7.382614101383103	6.887484308201986
466.0	7.378027666796767	7.3284355684608045
467.0	7.373441232210427	12.058365529926595
468.0	7.36885479762409	2.6047632124027182
469.0	7.364268363037754	5.728631304758716
470.0	7.359681928451414	7.903171976604462
471.0	7.355095493865077	6.782282417126898
472.0	7.350509059278737	5.558944627761275
473.0	7.345922624692401	7.457915160557725
474.0	7.341336190106064	5.22628739702282
475.0	7.336749755519724	8.944472548112886
476.0	7.332163320933388	7.473119644561464
477.0	7.327576886347048	6.225343142493621
478.0	7.322990451760711	3.3448809673818407
479.0	7.318404017174375	2.3431629059967736
480.0	7.313817582588035	7.556464419649266
481.0	7.309231148001695	10.708626458131713
482.0	7.304644713415355	6.164936561352194
483.0	7.3000582788290185	6.525095742607016
484.0	7.295471844242682	5.413793135089657
485.0	7.290885409656342	5.106721450969019
486.0	7.286298975070006	4.711211530265277
487.0	7.281712540483666	5.082082293147846
488.0	7.277126105897329	4.777144064631379
489.0	7.272539671310993	5.418123301207775
490.0	7.267953236724653	5.5986540635125195
491.0	7.263366802138316	6.236429604252924
492.0	7.258780367551976	8.403441524988402
493.0	7.25419393296564	10.833041954701383
494.0	7.2496074983793	8.884280011694653
495.0	7.245021063792963	6.8098996491600445
496.0	7.240434629206627	11.486983954502257
497.0	7.235848194620287	9.779006937006661
498.0	7.23126176003395	7.884045178249623
499.0	7.22667532544761	7.749806726568932
500.0	7.222088890861274	12.300729363719942
501.0	7.2175024562749375	14.696019856050038
502.0	7.2129160216885975	10.35312478540046
503.0	7.208329587102261	7.57472775501921
504.0	7.203743152515921	9.038595132645302
505.0	7.199156717929585	7.759043487896398
506.0	7.194570283343248	10.187964559017129
507.0	7.1899838487569045	11.040311106717791
508.0	7.185397414170568	10.621943107035744
509.0	7.180810979584228	10.477096533682353
510.0	7.176224544997892	12.192641141667773
511.0	7.171638110411555	10.209286933881655
512.0	7.167051675825215	9.425141488922113
513.0	7.162465241238879	6.6514622060009145
514.0	7.157878806652539	7.987705880404961
515.0	7.153292372066202	9.368178388631078
516.0	7.148705937479866	8.423708680382003
517.0	7.144119502893526	7.9770630676450835
518.0	7.139533068307189	8.89190533724186
519.0	7.134946633720849	10.391460629875311
520.0	7.130360199134513	9.03571058477351
521.0	7.1257737645481765	9.049969735221929
522.0	7.1211873299618365	15.192075414672766
523.0	7.1166008953755	15.172465266915111
524.0	7.112014460789162	12.501168299032281
525.0	7.1074280262028235	8.482033796549652
526.0	7.1028415916164835	8.72674393265586
527.0	7.098255157030145	7.765442812934503
528.0	7.093668722443809	5.498549653831274
529.0	7.089082287857471	8.672095384758078
530.0	7.084495853271132	16.778611321536175
531.0	7.079909418684794	14.8790665066497
532.0	7.075322984098456	9.653646352453993
533.0	7.070736549512118	12.79544374092238
534.0	7.066150114925781	16.709053063312673
535.0	7.061563680339443	17.65112027646349
536.0	7.056977245753105	15.343486551807414
537.0	7.052390811166767	13.074188695838897
538.0	7.047804376580428	6.416449343656845
539.0	7.04321794199409	6.986453950539806
540.0	7.038631507407752	7.1926444743448466
541.0	7.034045072821414	9.241365148047244
542.0	7.029458638235075	14.876284545640475
543.0	7.024872203648737	14.95743828973716
544.0	7.020285769062401	16.894738603840718
545.0	7.0156993344760625	18.02395238444823
546.0	7.011112899889724	12.123870489033841
547.0	7.006526465303386	17.487374272505292
548.0	7.001940030717048	14.227546430294067
549.0	6.997353596130711	9.773416725922969
550.0	6.992767161544373	12.65417882251514
551.0	6.988180726958035	12.671861095889062
552.0	6.983594292371695	10.188768429536749
553.0	6.979007857785357	12.447629249408456
554.0	6.97442142319902	13.311728455199088
555.0	6.969834988612682	12.80955743567371
556.0	6.965248554026344	14.48272932820486
557.0	6.960662119440006	12.549709135611378
558.0	6.956075684853667	9.296144264015972
559.0	6.951489250267329	5.9504226472823705
560.0	6.946902815680993	6.046075254717347
561.0	6.942316381094654	8.117119697324043
562.0	6.937729946508316	19.287013580633882
563.0	6.933143511921978	19.131300380512332
564.0	6.92855707733564	12.165052863480367
565.0	6.9239706427493015	13.250242899720513
566.0	6.919384208162963	7.318695725783508
567.0	6.914797773576625	3.604853542460802
568.0	6.910211338990287	7.311663165706751
569.0	6.905624904403949	12.219781089135958
570.0	6.901038469817612	7.992001269412331
571.0	6.896452035231274	19.40286094571717
572.0	6.891865600644936	11.922916195410481
573.0	6.8872791660585975	9.146567960944973
574.0	6.882692731472259	11.227623171892777
575.0	6.878106296885923	11.13549382261414
576.0	6.873519862299585	11.379916257090377
577.0	6.868933427713246	14.12547827676154
578.0	6.864346993126906	13.510134508578087
579.0	6.859760558540568	14.634521115293666
580.0	6.855174123954232	9.545665586687324
581.0	6.850587689367893	7.809017027349386
582.0	6.846001254781555	10.553051528012105
583.0	6.841414820195217	13.207711138505255
584.0	6.836828385608879	8.906656211265714
585.0	6.8322419510225405	13.272635437730985
586.0	6.827655516436204	17.21875121232716
587.0	6.823069081849866	13.70442655615148
588.0	6.818482647263528	14.277329736108229
589.0	6.813896212677189	14.125237095975338
590.0	6.809309778090851	16.03433976499381
591.0	6.804723343504513	6.792667261173336
592.0	6.800136908918175	11.46933650683055
593.0	6.7955504743318365	12.845439742985185
594.0	6.790964039745498	11.256517052934027
595.0	6.78637760515916	6.966137066550647
596.0	6.7817911705728235	5.369487995053983
597.0	6.777204735986485	4.635132723601345
598.0	6.772618301400147	10.027552880181775
599.0	6.768031866813809	11.16277634648206
600.0	6.763445432227471	12.030382527483532
601.0	6.758858997641134	17.504745514397015
602.0	6.754272563054796	14.435768612271973
603.0	6.749686128468456	9.705991163276664
604.0	6.745099693882118	13.708372808148724
605.0	6.7405132592957795	16.462447149901564
606.0	6.735926824709443	15.74924049130765
607.0	6.731340390123105	13.733309690443186
608.0	6.726753955536767	11.805002912796825
609.0	6.722167520950428	17.37275022997635
610.0	6.71758108636409	8.550627565354258
611.0	6.712994651777752	12.48785188056213
612.0	6.7084082171914154	14.248836039212396
613.0	6.703821782605077	14.98707008474764
614.0	6.699235348018739	12.926813511108689
615.0	6.694648913432401	14.8749083297661
616.0	6.690062478846061	10.274353868882182
617.0	6.685476044259724	15.554098428683615
618.0	6.680889609673386	15.898460622633044
619.0	6.676303175087048	15.344161464189641
620.0	6.67171674050071	15.101503381880404
621.0	6.667130305914371	14.263826391268454
622.0	6.662543871328035	11.942639493981394
623.0	6.657957436741697	11.238996078262083
624.0	6.6533710021553585	11.965244389046633
625.0	6.64878456756902	12.481993147409215
626.0	6.644198132982682	10.260604461211063
627.0	6.639611698396346	8.665081915801114
628.0	6.635025263810007	8.09888296470215
629.0	6.630438829223667	7.845880264087062
630.0	6.625852394637329	7.30113607727113
631.0	6.621265960050991	8.888284131725861
632.0	6.616679525464654	13.17702642481844
633.0	6.612093090878316	14.310375297026361
634.0	6.607506656291978	15.678783206026868
635.0	6.60292022170564	9.923799361357204
636.0	6.5983337871193015	10.39535283382091
637.0	6.593747352532963	14.205837084703976
638.0	6.589160917946627	12.883178782112848
639.0	6.584574483360289	5.609556109831756
640.0	6.57998804877395	9.780685523277796
641.0	6.575401614187612	12.503256968581661
642.0	6.570815179601272	11.122315697893344
643.0	6.566228745014936	11.50030823619926
644.0	6.5616423104285975	14.96535600982028
645.0	6.557055875842259	12.830783257015447
646.0	6.552469441255921	9.330788582909234
647.0	6.547883006669583	8.013345686139415
648.0	6.543296572083246	12.79315394981718
649.0	6.538710137496908	12.428066155895982
650.0	6.53412370291057	11.702446059994807
651.0	6.529537268324232	14.18016928763954
652.0	6.524950833737893	14.33856020002875
653.0	6.520364399151557	16.979755671843208
654.0	6.515777964565219	12.501218990138975
655.0	6.511191529978879	13.169295121210713
656.0	6.5066050953925405	15.804729656369332
657.0	6.502018660806202	14.922648735050974
658.0	6.497432226219866	15.037922529553041
659.0	6.492845791633528	13.365913221320334
660.0	6.488259357047189	14.401482826352481
661.0	6.483672922460851	15.198055879471033
662.0	6.479086487874513	13.913260813461598
663.0	6.474500053288175	16.95589040362078
664.0	6.469913618701838	17.131644014509444
665.0	6.4653271841155	12.7762001269632
666.0	6.460740749529162	11.953704370245136
667.0	6.4561543149428235	11.499690274442933
668.0	6.4515678803564835	12.36741217625715
669.0	6.446981445770147	11.121018800402313
670.0	6.442395011183809	11.599092545953113
671.0	6.437808576597471	16.44098581190641
672.0	6.433222142011132	17.102686257285143
673.0	6.428635707424794	14.560267266080668
674.0	6.424049272838458	10.1876082164325
675.0	6.4194628382521195	9.97862400151166
676.0	6.414876403665781	15.632726109601155
677.0	6.410289969079443	10.205404704853601
678.0	6.405703534493105	11.282318360427261
679.0	6.401117099906768	13.467360327986684
680.0	6.39653066532043	13.016249428788713
681.0	6.39194423073409	11.756136787451364
682.0	6.387357796147752	10.708072982028884
683.0	6.382771361561414	11.046669504765593
684.0	6.378184926975077	15.580973017267565
685.0	6.373598492388739	13.322504645235728
686.0	6.369012057802401	8.661669202199844
687.0	6.3644256232160625	7.038919576351823
688.0	6.359839188629724	9.490860915766318
689.0	6.355252754043386	7.213430141135426
690.0	6.35066631945705	5.733093646794996
691.0	6.346079884870711	9.298977503797266
692.0	6.341493450284373	14.968012704094672
693.0	6.336907015698035	14.576596247430972
694.0	6.332320581111695	13.84498076644532
695.0	6.3277341465253585	18.383436932821294
696.0	6.32314771193902	16.428647535132594
697.0	6.318561277352682	10.154295922588378
698.0	6.313974842766344	11.218875538946959
699.0	6.309388408180006	16.695533161221796
700.0	6.304801973593669	22.69646418314184
701.0	6.300215539007331	22.280804267773505
702.0	6.295629104420993	20.757004281251575
703.0	6.291042669834654	10.887605187042055
704.0	6.286456235248316	22.08560715603994
705.0	6.28186980066198	22.702503973707035
706.0	6.2772833660756415	16.945849927978045
707.0	6.2726969314893015	20.715316429192193
708.0	6.268110496902963	19.288147887415096
709.0	6.263524062316625	18.282049659141403
710.0	6.258937627730289	19.979304847352477
711.0	6.25435119314395	20.32794618986363
712.0	6.249764758557612	14.896413640153627
713.0	6.245178323971274	16.053880029722603
714.0	6.240591889384936	25.57872932028591
715.0	6.2360054547985975	24.706760693496925
716.0	6.231419020212261	17.844575470456675
717.0	6.226832585625923	17.685860314391956
718.0	6.222246151039585	22.018617809420352
719.0	6.217659716453246	21.03725495611258
720.0	6.213073281866906	14.239107986006958
721.0	6.20848684728057	19.60375633289543
722.0	6.203900412694232	25.267495337108656
723.0	6.199313978107893	28.508297097488125
724.0	6.194727543521555	12.099584232697518
725.0	6.190141108935217	10.173529075420035
726.0	6.1855546743488805	14.4345275531599
727.0	6.180968239762542	20.03800882680699
728.0	6.176381805176204	19.669501609685316
729.0	6.171795370589866	13.984331846072209
730.0	6.167208936003528	12.20645303373426
731.0	6.162622501417191	12.568202452829667
732.0	6.158036066830851	16.567081071815146
733.0	6.153449632244513	21.131825935013268
734.0	6.148863197658175	13.817912725796793
735.0	6.1442767630718365	4.251525566047687
736.0	6.1396903284855	7.778875021672766
737.0	6.135103893899162	12.070290200117082
738.0	6.1305174593128235	21.06620781446083
739.0	6.125931024726485	19.7778445530321
740.0	6.121344590140147	18.476725290688623
741.0	6.116758155553809	17.346916843627902
742.0	6.112171720967472	16.9198063649304
743.0	6.107585286381134	12.58631313641204
744.0	6.102998851794796	14.799994962309848
745.0	6.098412417208456	18.525436987872755
746.0	6.093825982622118	17.380129442129704
747.0	6.089239548035781	15.179351018130896
748.0	6.084653113449443	18.135147851578996
749.0	6.080066678863105	18.34749298489339
750.0	6.075480244276767	18.657301362371644
751.0	6.070893809690428	23.610791322641436
752.0	6.066307375104092	25.079777287647524
753.0	6.061720940517754	16.080977590288924
754.0	6.0571345059314154	11.680334449325626
755.0	6.052548071345077	16.66956570129315
756.0	6.047961636758739	17.245802864633667
757.0	6.0433752021724025	8.969638171808532
758.0	6.0387887675860625	6.7121863278295875
759.0	6.034202332999724	19.383233457403097
760.0	6.029615898413386	15.926511674703814
761.0	6.025029463827048	23.206585210435872
762.0	6.020443029240711	21.468933987626958
763.0	6.015856594654373	19.20707123590186
764.0	6.011270160068035	20.44732043161861
765.0	6.006683725481697	12.503440362777154
766.0	6.0020972908953585	15.051499693178515
767.0	5.99751085630902	19.036191376080936
768.0	5.992924421722684	17.880749347091243
769.0	5.988337987136346	13.596873986679022
770.0	5.983751552550007	17.66016952360134
771.0	5.979165117963667	19.96724623421114
772.0	5.974578683377329	19.914202391992777
773.0	5.969992248790993	19.324712270846742
774.0	5.965405814204654	15.829517866093207
775.0	5.960819379618316	17.02004975044288
776.0	5.956232945031978	15.65860845234488
777.0	5.95164651044564	18.980598233450884
778.0	5.947060075859303	18.48408654012644
779.0	5.942473641272965	15.12463450748038
780.0	5.937887206686627	13.536551901436544
781.0	5.933300772100289	12.58889283079082
782.0	5.92871433751395	11.598002381532902
783.0	5.924127902927614	14.898074177416767
784.0	5.919541468341274	17.088806484879154
785.0	5.914955033754936	15.574655209307176
786.0	5.9103685991685975	16.415484666468984
787.0	5.905782164582259	17.641960517233166
788.0	5.901195729995923	15.882381153908565
789.0	5.896609295409585	12.91415339186743
790.0	5.892022860823246	12.81452742341743
791.0	5.887436426236908	11.392589559815674
792.0	5.88284999165057	7.613430319004604
793.0	5.878263557064232	6.781347174060529
794.0	5.873677122477895	9.616506921887495
795.0	5.869090687891557	12.248435413290576
796.0	5.864504253305219	15.541303086127622
797.0	5.859917818718879	12.350729280527636
798.0	5.8553313841325405	14.039967194244198
799.0	5.850744949546204	17.652528595435484
800.0	5.846158514959866	14.59709852945828
801.0	5.841572080373528	11.88213629314765
802.0	5.836985645787189	18.409302945395545
803.0	5.832399211200851	25.04944481869487
804.0	5.827812776614515	25.457276399419435
805.0	5.8232263420281765	18.997770146512067
806.0	5.818639907441838	11.085926702268166
807.0	5.8140534728555	11.411654690125372
808.0	5.809467038269162	14.308527682320204
809.0	5.804880603682825	11.86204401124027
810.0	5.800294169096485	10.912107832262095
811.0	5.795707734510147	15.334109722460909
812.0	5.791121299923809	24.0995423140746
813.0	5.786534865337471	19.552804980571775
814.0	5.781948430751134	15.915923230954151
815.0	5.777361996164796	17.668422406578138
816.0	5.772775561578458	17.231888142046266
817.0	5.7681891269921195	14.93396726743569
818.0	5.763602692405781	13.68837712947415
819.0	5.759016257819443	14.890335770022578
820.0	5.754429823233107	9.381363072558978
821.0	5.749843388646768	14.847182014460333
822.0	5.74525695406043	18.38761537471928
823.0	5.74067051947409	18.644565621001178
824.0	5.736084084887752	22.393030539958556
825.0	5.7314976503014154	26.9548454707521
826.0	5.726911215715077	26.22950254310568
827.0	5.722324781128739	26.262748784155242
828.0	5.717738346542401	27.86576596303706
829.0	5.7131519119560625	18.6387472318577
830.0	5.708565477369726	13.709742759353855
831.0	5.703979042783388	20.462906823939747
832.0	5.69939260819705	22.043458116753545
833.0	5.694806173610711	15.122761650349496
834.0	5.690219739024373	15.387435383266466
835.0	5.685633304438037	17.267808524148716
836.0	5.681046869851697	17.924422613899374
837.0	5.6764604352653585	18.24905212273581
838.0	5.67187400067902	17.694425569483915
839.0	5.667287566092682	16.70584607791964
840.0	5.662701131506346	16.435951357328836
841.0	5.658114696920007	17.74479699216558
842.0	5.653528262333669	20.77832527993188
843.0	5.648941827747331	24.998475077359952
844.0	5.644355393160993	20.106514555546642
845.0	5.639768958574654	15.801449519314772
846.0	5.635182523988318	19.403661142290243
847.0	5.63059608940198	21.113767058778958
848.0	5.62600965481564	21.12967476458561
849.0	5.6214232202293015	19.468009409319368
850.0	5.616836785642963	21.527955882229726
851.0	5.612250351056627	22.21539328980418
852.0	5.607663916470289	22.427099357532768
853.0	5.60307748188395	22.509097633907373
854.0	5.598491047297612	26.485113818245427
855.0	5.593904612711274	25.657025321353238
856.0	5.5893181781249375	23.181933695174674
857.0	5.584731743538599	22.191693514377242
858.0	5.580145308952261	14.622701146949645
859.0	5.575558874365923	14.2645896185682
860.0	5.570972439779585	20.155481630389165
861.0	5.566386005193246	20.550328179094908
862.0	5.561799570606908	18.45751294684727
863.0	5.55721313602057	23.720852085191513
864.0	5.552626701434232	24.15083279001436
865.0	5.548040266847893	19.138176789469096
866.0	5.543453832261557	21.254167368921152
867.0	5.538867397675219	24.318734798530908
868.0	5.5342809630888805	14.662524487985856
869.0	5.529694528502542	25.88940865232434
870.0	5.525108093916204	18.880838240011574
871.0	5.520521659329866	14.670213952915793
872.0	5.515935224743529	16.6498048325964
873.0	5.511348790157191	14.736787127524606
874.0	5.506762355570851	14.34639559311659
875.0	5.502175920984513	15.863389529561562
876.0	5.497589486398175	17.341356506627246
877.0	5.493003051811838	15.605109814365536
878.0	5.4884166172255	13.430709643909339
879.0	5.483830182639162	15.280838775760584
880.0	5.4792437480528235	15.249305924319412
881.0	5.474657313466485	15.255471048361295
882.0	5.470070878880149	19.201529503731138
883.0	5.465484444293811	18.741816341592738
884.0	5.460898009707472	17.220516090209554
885.0	5.456311575121134	13.04319612712176
886.0	5.451725140534796	15.420264529023726
887.0	5.447138705948458	21.50359080127543
888.0	5.4425522713621195	17.14709453547602
889.0	5.437965836775781	17.243223901264507
890.0	5.433379402189443	20.119126608806447
891.0	5.428792967603105	21.973744352990693
892.0	5.424206533016768	20.136198533806038
893.0	5.41962009843043	19.50879333031283
894.0	5.415033663844092	17.295856897537288
895.0	5.410447229257754	15.073411802763486
896.0	5.4058607946714154	16.131659967111325
897.0	5.401274360085079	19.53862737868721
898.0	5.396687925498741	18.135899547173924
899.0	5.3921014909124025	13.206617268980763
900.0	5.3875150563260625	18.79106442082513
901.0	5.382928621739724	25.600949562961805
902.0	5.378342187153386	24.89996597512466
903.0	5.37375575256705	25.50610775354417
904.0	5.369169317980711	28.112880948839916
905.0	5.364582883394373	26.784957588298273
906.0	5.359996448808035	26.77677874199475
907.0	5.355410014221697	24.728310702229894
908.0	5.35082357963536	16.13510649745966
909.0	5.346237145049022	16.061461274071238
910.0	5.341650710462684	17.708732464631247
911.0	5.337064275876346	19.301526819858008
912.0	5.332477841290007	16.75826365037493
913.0	5.327891406703669	26.263590905639905
914.0	5.323304972117331	21.38699674822567
915.0	5.318718537530993	22.11376521015099
916.0	5.314132102944654	25.75706678828462
917.0	5.309545668358316	25.068080077805305
918.0	5.30495923377198	17.255330009466594
919.0	5.3003727991856415	17.40996793101694
920.0	5.295786364599303	18.696010448924692
921.0	5.291199930012965	15.641348605056198
922.0	5.286613495426627	11.77128109775619
923.0	5.28202706084029	13.208978773785116
924.0	5.277440626253952	16.873534148073134
925.0	5.272854191667614	16.150999164805462
926.0	5.268267757081274	16.86380943251906
927.0	5.263681322494936	9.965062856399483
928.0	5.2590948879085975	12.871267018068142
929.0	5.254508453322261	21.64266780494774
930.0	5.249922018735923	27.362851296278606
931.0	5.245335584149585	27.065564385883274
932.0	5.240749149563246	21.544588393450884
933.0	5.236162714976908	17.36399452158352
934.0	5.231576280390572	17.266659751143276
935.0	5.226989845804233	18.07691085839558
936.0	5.222403411217895	18.58451111559745
937.0	5.217816976631557	20.19277693100974
938.0	5.213230542045219	21.32113744760818
939.0	5.2086441074588805	20.176860250246456
940.0	5.204057672872542	22.378594271498294
941.0	5.199471238286204	22.081686161536396
942.0	5.194884803699866	21.35692552451388
943.0	5.190298369113528	22.864557203217643
944.0	5.185711934527191	15.777607067021098
945.0	5.181125499940853	16.403168354069287
946.0	5.176539065354515	21.592733174338697
947.0	5.1719526307681765	27.07405823744879
948.0	5.167366196181838	22.776813009478502
949.0	5.162779761595502	24.699717862250193
950.0	5.1581933270091636	29.162639989150467
951.0	5.153606892422825	20.239915331535197
952.0	5.149020457836485	18.882040890545046
953.0	5.144434023250147	23.09724747255015
954.0	5.139847588663809	17.227932691571322
955.0	5.135261154077472	14.959315774080288
956.0	5.130674719491134	14.902743521603668
957.0	5.126088284904796	20.908033393744937
958.0	5.121501850318458	21.799693275845843
959.0	5.1169154157321195	22.611149228263052
960.0	5.112328981145783	19.208095306843138
961.0	5.107742546559445	21.86106989406372
962.0	5.103156111973107	25.10211807078713
963.0	5.098569677386768	30.63963680675361
964.0	5.093983242800428	22.176022264516583
965.0	5.089396808214092	18.140052906705538
966.0	5.084810373627754	27.134775906622153
967.0	5.0802239390414154	31.77454003935904
968.0	5.075637504455077	32.37359005190203
969.0	5.071051069868739	26.40575492940298
970.0	5.0664646352824025	20.324365086588337
971.0	5.061878200696064	21.77482551133156
972.0	5.057291766109726	25.80123871218349
973.0	5.052705331523388	22.445627657274606
974.0	5.04811889693705	21.221161032839333
975.0	5.043532462350713	18.520737990324758
976.0	5.038946027764375	21.04950719577613
977.0	5.034359593178035	20.113015655790903
978.0	5.029773158591697	23.314300546273348
979.0	5.0251867240053585	17.625988030170035
980.0	5.02060028941902	17.294251599332846
981.0	5.016013854832684	13.264095758056726
982.0	5.011427420246346	14.50443904686835
983.0	5.006840985660007	16.884373199730014
984.0	5.002254551073669	17.285753746917848
985.0	4.997668116487331	15.890806303956934
986.0	4.993081681900994	17.37360903609461
987.0	4.988495247314656	24.9100675568234
988.0	4.983908812728318	30.07298711211458
989.0	4.97932237814198	30.452657279893828
990.0	4.97473594355564	27.588351951983164
991.0	4.970149508969303	29.443403130960828
992.0	4.965563074382965	28.76090192070718
993.0	4.960976639796627	25.192515350668053
994.0	4.956390205210289	22.107748497267075
995.0	4.95180377062395	21.08097172804819
996.0	4.947217336037614	26.193864210387176
997.0	4.942630901451276	19.359357958549076
998.0	4.9380444668649375	21.219433562892462
999.0	4.933458032278599	25.385696142113268
1000.0	4.928871597692261	24.379657193899206
1001.0	4.924285163105925	22.657941878835892
1002.0	4.919698728519586	30.652583519874597
1003.0	4.915112293933246	28.96069654468967
1004.0	4.910525859346908	26.70934335217667
1005.0	4.90593942476057	22.740378836009285
1006.0	4.901352990174232	22.033150061506575
1007.0	4.896766555587895	23.40024478383134
1008.0	4.892180121001557	22.47145772825325
1009.0	4.887593686415219	22.425940090143424
1010.0	4.8830072518288805	25.518820891371693
1011.0	4.878420817242542	26.755618277917254
1012.0	4.873834382656206	29.52207896469501
1013.0	4.869247948069868	31.35634283745328
1014.0	4.864661513483529	26.173361860066546
1015.0	4.860075078897191	25.105065460649627
1016.0	4.855488644310851	24.64787358284521
1017.0	4.850902209724515	23.948146705247726
1018.0	4.8463157751381765	22.610310972619587
1019.0	4.841729340551838	20.272267737133358
1020.0	4.8371429059655	21.258745476813072
1021.0	4.832556471379162	21.836415397789022
1022.0	4.827970036792825	24.425243130024203
1023.0	4.823383602206487	28.635814967063126
1024.0	4.818797167620149	29.76727901665151
1025.0	4.814210733033811	22.332057719849836
1026.0	4.809624298447472	25.046776517746476
1027.0	4.805037863861136	24.32319178782945
1028.0	4.800451429274798	18.356609184328263
1029.0	4.795864994688458	22.155388639833337
1030.0	4.7912785601021195	29.853642628551587
1031.0	4.786692125515781	40.30123788996755
1032.0	4.782105690929443	30.36499169229753
1033.0	4.777519256343107	31.33634321341722
1034.0	4.772932821756768	21.044401592248676
1035.0	4.76834638717043	18.344340656571866
1036.0	4.763759952584092	19.128634942118683
1037.0	4.759173517997754	18.8551902006504
1038.0	4.754587083411417	24.891116742908462
1039.0	4.750000648825079	25.12320008324487
1040.0	4.745414214238741	19.725412204942508
1041.0	4.7408277796524025	11.93610698538066
1042.0	4.7362413450660625	16.825042668069784
1043.0	4.731654910479726	25.751870053569483
1044.0	4.727068475893388	28.828535998458094
1045.0	4.72248204130705	27.432068082575643
1046.0	4.717895606720711	27.036422768932447
1047.0	4.713309172134373	22.082099281406
1048.0	4.708722737548037	17.592434283142023
1049.0	4.7041363029616985	18.268762684367402
1050.0	4.69954986837536	22.719608553503058
1051.0	4.694963433789022	16.18794124739177
1052.0	4.690376999202684	22.99152012854234
1053.0	4.685790564616347	17.628054679498547
1054.0	4.681204130030009	19.351452925884054
1055.0	4.676617695443669	24.35334620832593
1056.0	4.672031260857331	22.798972530978187
1057.0	4.667444826270993	22.134645807841572
1058.0	4.662858391684654	26.906608907690693
1059.0	4.658271957098318	25.52500835258132
1060.0	4.65368552251198	19.166439697899193
1061.0	4.6490990879256415	19.265459049935345
1062.0	4.644512653339303	23.721793833752155
1063.0	4.639926218752965	21.261674665221538
1064.0	4.635339784166629	21.436932011020126
1065.0	4.63075334958029	25.994453647404583
1066.0	4.626166914993952	19.23168412009437
1067.0	4.621580480407614	18.410154816739112
1068.0	4.616994045821274	25.575743270704614
1069.0	4.6124076112349375	19.649812765027956
1070.0	4.607821176648599	21.401051705602068
1071.0	4.603234742062261	21.45982494809241
1072.0	4.598648307475923	20.44827376290129
1073.0	4.594061872889585	17.396236778781603
1074.0	4.589475438303248	15.716610316179374
1075.0	4.58488900371691	17.040512525754295
1076.0	4.580302569130572	16.503336389905822
1077.0	4.575716134544233	10.96572093929769
1078.0	4.571129699957895	15.598061057726156
1079.0	4.566543265371559	14.673526507014735
1080.0	4.561956830785219	17.9996051346778
1081.0	4.5573703961988805	20.84448633015809
1082.0	4.552783961612542	17.888357363190252
1083.0	4.548197527026204	14.154912461775766
1084.0	4.543611092439866	24.044003259127148
1085.0	4.539024657853529	24.61475366310341
1086.0	4.534438223267191	21.47044123381029
1087.0	4.529851788680853	21.703031668781612
1088.0	4.525265354094515	23.209221390191928
1089.0	4.5206789195081765	16.11395834643288
1090.0	4.51609248492184	15.563933628474594
1091.0	4.511506050335502	18.123629979332403
1092.0	4.5069196157491636	18.121732951882123
1093.0	4.5023331811628235	20.288760124969283
1094.0	4.497746746576485	24.272189351759824
1095.0	4.493160311990149	23.862629784916315
1096.0	4.488573877403811	18.02335807054717
1097.0	4.483987442817472	18.217224719663008
1098.0	4.479401008231134	24.00161021010586
1099.0	4.474814573644796	23.58532355427227
1100.0	4.4702281390584595	19.127780186044188
1101.0	4.465641704472121	18.835468080005384
1102.0	4.461055269885783	16.56882319842855
1103.0	4.456468835299445	16.494113378659577
1104.0	4.451882400713107	25.991367665028182
1105.0	4.44729596612677	19.3486766584612
1106.0	4.44270953154043	28.421289129504515
1107.0	4.438123096954092	28.7439693243177
1108.0	4.433536662367754	37.076932344128195
1109.0	4.4289502277814154	28.41892858636436
1110.0	4.424363793195077	28.124854863354216
1111.0	4.419777358608741	23.517916085251503
1112.0	4.4151909240224025	19.454673608850335
1113.0	4.410604489436064	17.31285172276195
1114.0	4.406018054849726	21.81993343840156
1115.0	4.401431620263388	22.38943813027324
1116.0	4.396845185677051	19.400127700194826
1117.0	4.392258751090713	20.849984874017775
1118.0	4.387672316504375	21.41797479659227
1119.0	4.383085881918035	23.148186839393897
1120.0	4.378499447331697	28.723408088437115
1121.0	4.37391301274536	29.2303168301641
1122.0	4.369326578159022	25.839622936754154
1123.0	4.364740143572684	25.507779473523613
1124.0	4.360153708986346	26.241917399318435
1125.0	4.355567274400007	22.148207587506207
1126.0	4.350980839813671	23.232027000860462
1127.0	4.346394405227333	23.537053542548943
1128.0	4.341807970640994	22.827352380939406
1129.0	4.337221536054656	22.081847905538943
1130.0	4.332635101468318	24.758269940691378
1131.0	4.3280486668819815	24.89446919107065
1132.0	4.3234622322956415	25.314011462725553
1133.0	4.318875797709303	26.52067373504824
1134.0	4.314289363122965	22.492872822750474
1135.0	4.309702928536627	25.712579579450544
1136.0	4.305116493950289	32.52196509067569
1137.0	4.300530059363952	31.820315974433203
1138.0	4.295943624777614	20.888468131154642
1139.0	4.291357190191276	24.88646341365355
1140.0	4.2867707556049375	27.551826510621854
1141.0	4.282184321018599	19.89827855288151
1142.0	4.277597886432263	21.44903716543009
1143.0	4.273011451845925	22.67775135472748
1144.0	4.268425017259586	26.307341890241435
1145.0	4.263838582673246	32.06829765968402
1146.0	4.259252148086908	25.071911362882098
1147.0	4.254665713500572	21.902766915264962
1148.0	4.250079278914233	26.8744574874361
1149.0	4.245492844327895	32.308781588958475
1150.0	4.240906409741557	36.290510752022755
1151.0	4.236319975155219	20.780371791111502
1152.0	4.231733540568882	24.913779101385447
1153.0	4.227147105982544	27.652894743434324
1154.0	4.222560671396206	27.02620628880584
1155.0	4.217974236809868	22.49413868732344
1156.0	4.213387802223529	22.61367315560475
1157.0	4.208801367637193	24.01240216481242
1158.0	4.204214933050853	31.366239928198993
1159.0	4.199628498464515	21.193228174178376
1160.0	4.1950420638781765	22.477138326090895
1161.0	4.190455629291838	27.765287478975864
1162.0	4.1858691947055	27.320523080852205
1163.0	4.1812827601191636	21.75536162919283
1164.0	4.176696325532825	22.67403429720364
1165.0	4.172109890946487	23.680040682955667
1166.0	4.167523456360149	21.154948541300737
1167.0	4.162937021773811	21.304444260286893
1168.0	4.158350587187474	25.233473865405166
1169.0	4.153764152601136	28.701208002429702
1170.0	4.149177718014798	26.316876872038925
1171.0	4.144591283428458	25.58315102168918
1172.0	4.1400048488421195	35.88254081074063
1173.0	4.135418414255783	32.03603014756092
1174.0	4.130831979669445	30.753686223793622
1175.0	4.126245545083107	32.753853728003776
1176.0	4.121659110496768	31.432709500315646
1177.0	4.11707267591043	27.90456407637
1178.0	4.112486241324094	28.058378488666264
1179.0	4.1078998067377555	26.385236666961536
1180.0	4.103313372151417	25.966157078615193
1181.0	4.098726937565079	37.64884792658723
1182.0	4.094140502978741	36.19048278959187
1183.0	4.089554068392404	30.545137276834552
1184.0	4.084967633806064	40.19412421274198
1185.0	4.080381199219726	38.35126323317982
1186.0	4.075794764633388	40.14425514671353
1187.0	4.07120833004705	22.562574460751513
1188.0	4.066621895460711	29.55173309955341
1189.0	4.062035460874375	20.66350599531845
1190.0	4.057449026288037	24.323794195646688
1191.0	4.0528625917016985	29.383017090538917
1192.0	4.04827615711536	28.754581155174403
1193.0	4.043689722529022	23.084228048433342
1194.0	4.039103287942686	25.722870275879643
1195.0	4.034516853356347	27.06826845978322
1196.0	4.029930418770009	27.12853496649106
1197.0	4.025343984183669	21.48836443340968
1198.0	4.020757549597331	24.481875201159458
1199.0	4.016171115010994	23.453410464945343
1200.0	4.011584680424656	22.99209579223267
1201.0	4.006998245838318	26.263385906076625
1202.0	4.00241181125198	31.406829770999288
1203.0	3.9978253766656415	19.39742876716297
1204.0	3.993238942079305	26.208067557893955
1205.0	3.988652507492967	25.035781294229082
1206.0	3.9840660729066286	23.013859561933504
1207.0	3.9794796383202904	22.034080598983575
1208.0	3.974893203733952	26.899591990194466
1209.0	3.970306769147614	23.64342267751012
1210.0	3.9657203345612757	20.488241509903986
1211.0	3.9611338999749375	25.442280853810253
1212.0	3.9565474653885992	29.819441793189938
1213.0	3.951961030802261	31.106029650892506
1214.0	3.947374596215923	34.07464345138437
1215.0	3.9427881616295863	33.117679318228966
1216.0	3.938201727043248	29.891478268493255
1217.0	3.93361529245691	23.972193036557336
1218.0	3.9290288578705717	20.353589698038228
1219.0	3.9244424232842334	19.880768153720943
1220.0	3.919855988697897	30.181302847175136
1221.0	3.9152695541115587	29.87791850940154
1222.0	3.9106831195252187	24.155449618191007
1223.0	3.9060966849388805	31.30152703259941
1224.0	3.9015102503525423	32.959025421618314
1225.0	3.896923815766206	28.20102573916764
1226.0	3.8923373811798676	39.325738407143554
1227.0	3.8877509465935294	34.593497862364536
1228.0	3.883164512007191	32.91082638631234
1229.0	3.878578077420853	38.56953342173042
1230.0	3.8739916428345165	39.221208807924455
1231.0	3.8694052082481782	24.665182810736784
1232.0	3.86481877366184	26.276268666678526
1233.0	3.860232339075502	33.693586874287355
1234.0	3.8556459044891636	36.125889294220954
1235.0	3.8510594699028253	35.135679092709964
1236.0	3.846473035316487	30.563664002117424
1237.0	3.841886600730149	31.419119920572705
1238.0	3.8373001661438106	26.21598503016847
1239.0	3.8327137315574724	27.152921000291297
1240.0	3.828127296971134	28.76464446566848
1241.0	3.8235408623847977	27.723120984175623
1242.0	3.8189544277984595	24.563537055254702
1243.0	3.8143679932121213	21.864539948942134
1244.0	3.809781558625783	28.072475999140423
1245.0	3.805195124039445	27.71329465288694
1246.0	3.8006086894531084	26.497223094308236
1247.0	3.79602225486677	26.791505283297013
1248.0	3.79143582028043	27.928627724153785
1249.0	3.786849385694092	28.13922276157967
1250.0	3.7822629511077537	27.288625041923318
1251.0	3.7776765165214172	23.64696629527155
1252.0	3.773090081935079	23.668861042858502
1253.0	3.7685036473487408	26.821404568411186
1254.0	3.7639172127624025	28.781243163276766
1255.0	3.7593307781760643	26.72641347477309
1256.0	3.754744343589728	41.12734588248502
1257.0	3.7501579090033896	32.6693415166305
1258.0	3.7455714744170514	26.77190253986076
1259.0	3.740985039830713	35.30046838862011
1260.0	3.736398605244375	25.91491952522781
1261.0	3.7318121706580367	30.51665035933467
1262.0	3.7272257360716985	39.04476502949304
1263.0	3.7226393014853603	29.424913147294195
1264.0	3.718052866899022	35.842170611788305
1265.0	3.713466432312684	35.75231685189313
1266.0	3.7088799977263456	33.04991773374483
1267.0	3.704293563140009	30.57830245081802
1268.0	3.699707128553671	34.07596456775785
1269.0	3.6951206939673327	34.045434648037045
1270.0	3.6905342593809944	35.17140649289002
1271.0	3.685947824794656	35.23163507507493
1272.0	3.6813613902083198	27.620850911954296
1273.0	3.6767749556219815	24.485110806808997
1274.0	3.6721885210356415	29.954134061984465
1275.0	3.6676020864493033	29.134702206610715
1276.0	3.663015651862965	22.947920642432205
1277.0	3.6584292172766286	26.093074063310095
1278.0	3.6538427826902904	18.75602360679158
1279.0	3.649256348103952	20.88644113931262
1280.0	3.644669913517614	22.042628380661647
1281.0	3.6400834789312757	24.59196226693431
1282.0	3.6354970443449393	31.716537630817662
1283.0	3.630910609758601	37.706392769829414
1284.0	3.626324175172263	39.182166087263575
1285.0	3.6217377405859246	38.73679135970858
1286.0	3.6171513059995863	33.49927274649218
1287.0	3.612564871413248	29.636499406285115
1288.0	3.60797843682691	30.891162388705144
1289.0	3.6033920022405717	33.191206993068015
1290.0	3.5988055676542334	34.15733523571091
1291.0	3.594219133067895	39.27575194162315
1292.0	3.589632698481557	37.228447028343545
1293.0	3.5850462638952205	21.189572190246206
1294.0	3.5804598293088823	24.723480130341407
1295.0	3.575873394722544	27.26227441169611
1296.0	3.571286960136206	28.445938920267945
1297.0	3.5667005255498676	30.507176084403085
1298.0	3.562114090963531	34.555485805551925
1299.0	3.557527656377193	32.97851094145956
1300.0	3.552941221790853	35.46738397961686
1301.0	3.5483547872045147	42.0792884686037
1302.0	3.5437683526181765	43.78397331776813
1303.0	3.53918191803184	39.570357268014845
1304.0	3.534595483445502	33.84374830905661
1305.0	3.5300090488591636	34.5360685631089
1306.0	3.5254226142728253	49.01886555539011
1307.0	3.520836179686487	50.708641847439594
1308.0	3.5162497451001506	42.25067024651234
1309.0	3.5116633105138124	35.89820480138915
1310.0	3.507076875927474	34.46210782634048
1311.0	3.502490441341136	32.54157274494422
1312.0	3.4979040067547977	34.27361295260001
1313.0	3.4933175721684595	35.784648325082046
1314.0	3.4887311375821213	41.90378432612332
1315.0	3.484144702995783	38.89868257917382
1316.0	3.479558268409445	34.47516036195966
1317.0	3.4749718338231066	32.73530720755785
1318.0	3.4703853992367684	32.26149999086968
1319.0	3.465798964650432	40.94917602831997
1320.0	3.4612125300640937	37.35888313317018
1321.0	3.4566260954777555	28.19896289333549
1322.0	3.4520396608914172	31.425698411242376
1323.0	3.447453226305079	35.303320040790446
1324.0	3.4428667917187425	45.146678248842534
1325.0	3.4382803571324025	38.30364825306489
1326.0	3.4336939225460643	35.789155330528544
1327.0	3.429107487959726	40.427923590947685
1328.0	3.424521053373388	37.07703275156628
1329.0	3.4199346187870514	33.57670933321702
1330.0	3.415348184200713	34.96073319923527
1331.0	3.410761749614375	37.92375438796276
1332.0	3.4061753150280367	38.44866854343165
1333.0	3.4015888804416985	46.311169512244845
1334.0	3.397002445855362	34.62392748743549
1335.0	3.392416011269024	36.25689742268121
1336.0	3.3878295766826856	39.31995304819876
1337.0	3.3832431420963474	34.80231296449195
1338.0	3.3786567075100074	34.87138590837559
1339.0	3.374070272923671	42.22834130078007
1340.0	3.3694838383373327	40.737815385961476
1341.0	3.3648974037509944	37.957063655371186
1342.0	3.360310969164656	38.209026008434414
1343.0	3.355724534578318	40.692599400902
1344.0	3.3511380999919798	34.23341645348657
1345.0	3.3465516654056433	39.23646442610683
1346.0	3.341965230819305	29.971496916606245
1347.0	3.337378796232967	30.015840830877288
1348.0	3.3327923616466286	33.067906380023196
1349.0	3.3282059270602904	28.950100836464998
1350.0	3.323619492473954	33.95489155045166
1351.0	3.319033057887614	36.41649745962501
1352.0	3.3144466233012757	36.23510466656788
1353.0	3.3098601887149375	38.90505061732892
1354.0	3.3052737541285993	39.26666438170597
1355.0	3.300687319542263	31.7022653906713
1356.0	3.2961008849559246	32.530022872024254
1357.0	3.2915144503695863	31.239752928451903
1358.0	3.286928015783248	27.882279198730938
1359.0	3.28234158119691	28.98407012979751
1360.0	3.2777551466105734	30.194666126300937
1361.0	3.273168712024235	27.019581814184313
1362.0	3.268582277437897	31.746749163287195
1363.0	3.2639958428515587	31.582573023903777
1364.0	3.2594094082652187	36.32422761618139
1365.0	3.2548229736788823	37.89492849020808
1366.0	3.250236539092544	40.717611962218996
1367.0	3.245650104506206	38.849069055685526
1368.0	3.2410636699198676	28.296614026497462
1369.0	3.2364772353335294	26.64439715319292
1370.0	3.231890800747191	27.369239398700053
1371.0	3.2273043661608547	31.270546105417772
1372.0	3.2227179315745165	28.310107817219944
1373.0	3.2181314969881782	26.19963046784393
1374.0	3.21354506240184	31.130772664627223
1375.0	3.208958627815502	39.35116741270539
1376.0	3.2043721932291653	27.276879838333333
1377.0	3.1997857586428253	26.819149160316986
1378.0	3.195199324056487	27.83668228321703
1379.0	3.190612889470149	25.678745767238844
1380.0	3.1860264548838106	26.116087542279175
1381.0	3.181440020297474	24.089705820420072
1382.0	3.176853585711136	27.101053229562307
1383.0	3.1722671511247977	39.617503906973
1384.0	3.1676807165384595	30.66937019354876
1385.0	3.1630942819521213	32.65308649025742
1386.0	3.158507847365785	38.12178985697246
1387.0	3.1539214127794466	38.79893747198411
1388.0	3.1493349781931084	33.86156489101982
1389.0	3.14474854360677	26.6907708721005
1390.0	3.14016210902043	28.67342590156432
1391.0	3.1355756744340937	28.351194505197952
1392.0	3.1309892398477555	30.312349325145053
1393.0	3.1264028052614172	38.23851728924868
1394.0	3.121816370675079	35.57768255946625
1395.0	3.1172299360887408	38.89455252185198
1396.0	3.1126435015024043	28.142920074308954
1397.0	3.108057066916066	31.980153359991753
1398.0	3.103470632329728	35.53573477743441
1399.0	3.0988841977433896	30.524742888093666
1400.0	3.0942977631570514	32.328538034944955
1401.0	3.089711328570713	25.436142828114015
1402.0	3.0851248939843767	27.55790035865969
1403.0	3.0805384593980367	45.38614391376132
1404.0	3.0759520248116985	30.33072872916043
1405.0	3.0713655902253603	32.93476798195412
1406.0	3.066779155639022	37.70217470500675
1407.0	3.0621927210526856	38.06720681482649
1408.0	3.0576062864663474	36.06704115501972
1409.0	3.053019851880009	36.42202888789623
1410.0	3.048433417293671	39.791938739082866
1411.0	3.0438469827073327	55.60260413456713
1412.0	3.039260548120996	48.64146944748275
1413.0	3.034674113534658	43.97400099126048
1414.0	3.0300876789483198	45.55589158175964
1415.0	3.0255012443619815	42.37770499253484
1416.0	3.0209148097756415	38.543410425969
1417.0	3.016328375189305	31.2914860636618
1418.0	3.011741940602967	33.47060807848905
1419.0	3.0071555060166286	50.60908377205173
1420.0	3.0025690714302904	36.031517343460756
1421.0	2.997982636843952	39.736206260161936
1422.0	2.9933962022576157	42.185335271546236
1423.0	2.9888097676712775	47.59623865962882
1424.0	2.9842233330849393	44.30059567928769
1425.0	2.979636898498601	43.951685502336694
1426.0	2.975050463912263	48.645768020248326
1427.0	2.9704640293259246	44.89596449835319
1428.0	2.965877594739588	33.02124243369213
1429.0	2.961291160153248	36.962975904948784
1430.0	2.95670472556691	40.191638787280006
1431.0	2.9521182909805717	44.282088562485235
1432.0	2.9475318563942334	52.77768619495582
1433.0	2.942945421807897	49.005787489329116
1434.0	2.9383589872215587	38.85998269653961
1435.0	2.9337725526352205	36.51401713356891
1436.0	2.9291861180488823	47.82526567690248
1437.0	2.924599683462544	42.998783733164366
1438.0	2.9200132488762076	38.543686774512054
1439.0	2.9154268142898694	35.69470895171972
1440.0	2.910840379703531	34.06654040693187
1441.0	2.906253945117191	32.110241486496186
1442.0	2.901667510530853	36.94532420053143
1443.0	2.8970810759445165	43.07979780284959
1444.0	2.8924946413581782	42.4649236831505
1445.0	2.88790820677184	41.98722855926881
1446.0	2.883321772185502	37.13305773310624
1447.0	2.8787353375991636	38.30287796702718
1448.0	2.874148903012827	42.527909366405986
1449.0	2.869562468426489	43.835886658940254
1450.0	2.8649760338401506	42.76220782783217
1451.0	2.8603895992538124	39.28041129568376
1452.0	2.855803164667474	39.742964209937604
1453.0	2.851216730081136	39.40648542034894
1454.0	2.8466302954947977	37.89949493157745
1455.0	2.8420438609084595	36.47743338452258
1456.0	2.8374574263221213	33.70384636023143
1457.0	2.832870991735783	31.189209470377477
1458.0	2.828284557149445	40.57511598921855
1459.0	2.8236981225631084	40.948499318075655
1460.0	2.81911168797677	37.90994638712621
1461.0	2.814525253390432	39.12635296164656
1462.0	2.8099388188040937	47.950719115809065
1463.0	2.8053523842177555	48.4664000905065
1464.0	2.800765949631419	41.372261789855685
1465.0	2.7961795150450808	32.29552542826383
1466.0	2.7915930804587425	36.159205936670276
1467.0	2.7870066458724025	43.30653833919892
1468.0	2.7824202112860643	46.659651039345626
1469.0	2.777833776699728	46.0349372615581
1470.0	2.7732473421133896	45.22901001444181
1471.0	2.7686609075270514	46.38784729780954
1472.0	2.764074472940713	47.65305545126761
1473.0	2.759488038354375	44.749281689123734
1474.0	2.7549016037680385	48.895253504860435
1475.0	2.7503151691817003	42.55606841202889
1476.0	2.745728734595362	43.462051854392854
1477.0	2.741142300009024	48.91872091327081
1478.0	2.7365558654226856	43.71657171285263
1479.0	2.7319694308363474	41.80772942112844
1480.0	2.727382996250009	42.14400600574913
1481.0	2.722796561663671	35.40307604047571
1482.0	2.7182101270773327	33.459851857504695
1483.0	2.7136236924909944	36.55260677524911
1484.0	2.709037257904656	40.810675044626976
1485.0	2.7044508233183198	41.64459928490249
1486.0	2.6998643887319815	36.894293520906075
1487.0	2.6952779541456433	38.162188519689224
1488.0	2.690691519559305	44.23227558020653
1489.0	2.686105084972967	48.44686974644658
1490.0	2.6815186503866304	52.92696352627052
1491.0	2.676932215800292	57.94352890605744
1492.0	2.672345781213954	54.443003231505315
1493.0	2.667759346627614	58.116544019994976
1494.0	2.6631729120412757	55.782560459431174
1495.0	2.6585864774549393	55.791836701219125
1496.0	2.654000042868601	58.77399889639697
1497.0	2.649413608282263	57.616218919811715
1498.0	2.6448271736959246	57.64312355442179
1499.0	2.6402407391095863	55.173016889849244
1500.0	2.63565430452325	45.8914711658623
1501.0	2.6310678699369117	38.76074084720097
1502.0	2.6264814353505734	36.636717417169834
1503.0	2.621895000764235	36.675892502491
1504.0	2.617308566177897	50.5541006140036
1505.0	2.6127221315915587	50.723900188850614
1506.0	2.6081356970052205	39.08324078356888
1507.0	2.6035492624188823	39.786975359611965
1508.0	2.598962827832544	48.36427420988694
1509.0	2.594376393246206	45.270010740196255
1510.0	2.5897899586598676	39.97846344234566
1511.0	2.585203524073531	43.725290706342314
1512.0	2.580617089487193	54.76572958668927
1513.0	2.5760306549008547	57.03906531167891
1514.0	2.5714442203145165	46.9161694319926
1515.0	2.5668577857281782	43.112789290062956
1516.0	2.562271351141842	44.68358995883946
1517.0	2.5576849165555036	47.986155739483436
1518.0	2.5530984819691653	45.43867748483598
1519.0	2.5485120473828253	39.41960137999933
1520.0	2.543925612796487	38.672490746270306
1521.0	2.5393391782101506	37.238058186698424
1522.0	2.5347527436238124	34.616064130903005
1523.0	2.530166309037474	31.48870472240349
1524.0	2.525579874451136	40.54329258951257
1525.0	2.5209934398647977	40.73099047628256
1526.0	2.5164070052784613	40.29753497502848
1527.0	2.511820570692123	42.272275842675256
1528.0	2.507234136105785	45.69350488116711
1529.0	2.5026477015194466	43.51264934086619
1530.0	2.4980612669331084	38.65582878350221
1531.0	2.49347483234677	37.42698044273991
1532.0	2.488888397760432	49.16436808634638
1533.0	2.4843019631740937	45.20553394824436
1534.0	2.4797155285877555	45.18914528055954
1535.0	2.4751290940014172	34.774754292091224
1536.0	2.470542659415079	36.371577159927455
1537.0	2.4659562248287425	39.28297365498436
1538.0	2.4613697902424043	38.71191697051241
1539.0	2.456783355656066	37.64278027853353
1540.0	2.452196921069728	40.40057261411481
1541.0	2.4476104864833896	46.627870171198175
1542.0	2.443024051897053	42.71600406447302
1543.0	2.438437617310715	39.43265608826099
1544.0	2.4338511827243767	40.85570739509833
1545.0	2.4292647481380367	41.74227143399238
1546.0	2.4246783135516985	44.1382174224097
1547.0	2.420091878965362	42.85998919326224
1548.0	2.415505444379024	41.37941057448849
1549.0	2.4109190097926856	43.00173285442657
1550.0	2.4063325752063474	44.71081283722201
1551.0	2.401746140620009	44.723689757995096
1552.0	2.3971597060336727	45.08510102873935
1553.0	2.3925732714473344	41.787348148424925
1554.0	2.387986836860996	57.84147299235142
1555.0	2.383400402274658	57.041371651295975
1556.0	2.3788139676883198	41.987098353521475
1557.0	2.3742275331019798	39.47909068635948
1558.0	2.3696410985156433	35.4037789795765
1559.0	2.365054663929305	36.42007575435409
1560.0	2.360468229342967	39.35726384478627
1561.0	2.3558817947566286	42.39425095240507
1562.0	2.3512953601702904	41.51000248275693
1563.0	2.346708925583954	38.96299284332343
1564.0	2.3421224909976157	45.35757268932442
1565.0	2.3375360564112775	44.18952673463427
1566.0	2.3329496218249393	45.94466532135267
1567.0	2.328363187238601	46.43023139504476
1568.0	2.3237767526522646	45.136497510921714
1569.0	2.3191903180659263	48.45250087724161
1570.0	2.3146038834795863	50.89590086198043
1571.0	2.310017448893248	47.58563743702292
1572.0	2.30543101430691	39.32958190965452
1573.0	2.3008445797205734	32.59030476199811
1574.0	2.296258145134235	35.31669648410068
1575.0	2.291671710547897	45.03597789407488
1576.0	2.2870852759615588	46.380848373595896
1577.0	2.2824988413752205	43.5483279518538
1578.0	2.277912406788884	46.03723364573427
1579.0	2.273325972202546	57.36516550208401
1580.0	2.2687395376162076	56.398005137819595
1581.0	2.2641531030298694	51.33068241114448
1582.0	2.259566668443531	54.01608258372439
1583.0	2.254980233857191	47.38128506876012
1584.0	2.2503937992708547	38.19167627456645
1585.0	2.2458073646845165	40.785503294701485
1586.0	2.2412209300981782	48.41626411040302
1587.0	2.23663449551184	53.59785902554104
1588.0	2.232048060925502	57.715601791255025
1589.0	2.2274616263391653	55.26937419128994
1590.0	2.222875191752827	73.97951907580564
1591.0	2.218288757166489	76.487996710583
1592.0	2.2137023225801506	77.17526335258651
1593.0	2.2091158879938124	77.4667855238967
1594.0	2.204529453407476	67.79597810690551
1595.0	2.1999430188211377	54.76750024668575
1596.0	2.1953565842347977	57.62660881477286
1597.0	2.1907701496484595	68.58959676246006
1598.0	2.1861837150621213	65.20303243986781
1599.0	2.181597280475785	55.42080076125089
1600.0	2.1770108458894466	54.513966552479125
1601.0	2.1724244113031084	65.51495233198325
1602.0	2.16783797671677	64.61165383251591
1603.0	2.163251542130432	61.07297535087511
1604.0	2.1586651075440955	62.578113206449956
1605.0	2.1540786729577572	44.03441141880084
1606.0	2.149492238371419	44.24812037988674
1607.0	2.1449058037850808	46.84634162930733
1608.0	2.1403193691987425	53.2057066733349
1609.0	2.1357329346124025	54.23432299216053
1610.0	2.131146500026066	53.33962713054864
1611.0	2.126560065439728	60.382634826577736
1612.0	2.1219736308533896	68.8429856718284
1613.0	2.1173871962670514	72.98715921682657
1614.0	2.112800761680713	73.37057116168434
1615.0	2.1082143270943767	65.06035415821476
1616.0	2.1036278925080385	62.87976572239873
1617.0	2.0990414579217003	64.38635143399081
1618.0	2.094455023335362	66.92353750492329
1619.0	2.089868588749024	73.41950199068488
1620.0	2.0852821541626874	78.24776986676389
1621.0	2.080695719576349	71.41945233691169
1622.0	2.076109284990009	69.64450249060566
1623.0	2.071522850403671	61.7162540040003
1624.0	2.0669364158173327	58.5422600751794
1625.0	2.062349981230996	61.25009689258955
1626.0	2.057763546644658	75.53206870739628
1627.0	2.0531771120583198	81.01320459711926
1628.0	2.0485906774719815	92.69960448954225
1629.0	2.0440042428856433	82.42686414012248
1630.0	2.039417808299307	80.10222661777298
1631.0	2.0348313737129686	80.96154164305159
1632.0	2.0302449391266304	79.59322055040624
1633.0	2.025658504540292	76.80691014313489
1634.0	2.021072069953954	95.3498708659464
1635.0	2.016485635367614	110.08408641120545
1636.0	2.0118992007812775	81.92370491170936
1637.0	2.0073127661949393	77.55004969125802
1638.0	2.002726331608601	76.13774860209617
1639.0	1.9981398970222628	77.2929372590374
1640.0	1.9935534624359246	72.81462391438968
1641.0	1.9889670278495881	72.41090772131935
1642.0	1.98438059326325	77.01848036602867
1643.0	1.9797941586769117	77.68059603186335
1644.0	1.9752077240905734	73.14603148902567
1645.0	1.9706212895042352	74.66357863705369
1646.0	1.9660348549178988	78.03047806998873
1647.0	1.9614484203315605	78.27473239774766
1648.0	1.9568619857452205	83.51029060254457
1649.0	1.9522755511588823	96.20562516409936
1650.0	1.947689116572544	88.043206001019
1651.0	1.9431026819862076	79.45491657187534
1652.0	1.9385162473998694	78.44839849432394
1653.0	1.9339298128135312	77.45625050701324
1654.0	1.929343378227193	72.43429375493925
1655.0	1.9247569436408547	72.72515571107027
1656.0	1.9201705090545182	71.96371810854265
1657.0	1.91558407446818	73.9972021814164
1658.0	1.9109976398818418	110.28264905257161
1659.0	1.9064112052955036	119.30958003138637
1660.0	1.9018247707091653	112.50882311987141
1661.0	1.8972383361228253	101.106828128206
1662.0	1.8926519015364889	82.39937159670771
1663.0	1.8880654669501507	82.54236060432206
1664.0	1.8834790323638124	85.14100806765354
1665.0	1.8788925977774742	86.87364394601757
1666.0	1.874306163191136	84.66797247420467
1667.0	1.8697197286047995	85.81396217413834
1668.0	1.8651332940184613	69.46542974413588
1669.0	1.860546859432123	67.85901417421181
1670.0	1.8559604248457848	66.5121645952993
1671.0	1.8513739902594466	67.6921722838669
1672.0	1.8467875556731101	72.14772669678746
1673.0	1.8422011210867701	74.21244178047809
1674.0	1.837614686500432	90.50050156612322
1675.0	1.8330282519140937	96.62776882567712
1676.0	1.8284418173277555	81.3343192640204
1677.0	1.823855382741419	76.76629685133531
1678.0	1.8192689481550808	74.35516369526249
1679.0	1.8146825135687426	69.1228191570283
1680.0	1.8100960789824043	67.46583370841567
1681.0	1.805509644396066	66.05981830756255
1682.0	1.8009232098097296	63.508800945860635
1683.0	1.7963367752233914	66.99598063239998
1684.0	1.7917503406370532	67.20691834874228
1685.0	1.787163906050715	66.49132170069593
1686.0	1.782577471464375	55.04112043748752
1687.0	1.7779910368780367	50.27676616698402
1688.0	1.7734046022917003	50.957931706386674
1689.0	1.768818167705362	51.39511802716944
1690.0	1.7642317331190238	50.72229745093746
1691.0	1.7596452985326856	52.653467520309746
1692.0	1.7550588639463474	58.17614309351045
1693.0	1.750472429360011	60.94134064826785
1694.0	1.7458859947736727	72.91266325357773
1695.0	1.7412995601873344	67.36884992851166
1696.0	1.7367131256009962	60.98258222528555
1697.0	1.732126691014658	64.54639317352735
1698.0	1.7275402564283215	60.06362158305748
1699.0	1.7229538218419815	55.98769366471328
1700.0	1.7183673872556433	58.57791709042875
1701.0	1.713780952669305	61.33082902327418
1702.0	1.7091945180829669	59.60507596945672
1703.0	1.7046080834966304	56.949654546586444
1704.0	1.7000216489102922	53.783803924551734
1705.0	1.695435214323954	66.11581566843847
1706.0	1.6908487797376157	64.47678307805684
1707.0	1.6862623451512775	59.042700088344716
1708.0	1.681675910564941	58.28892501088725
1709.0	1.6770894759786028	58.67198045643096
1710.0	1.6725030413922646	60.14804127208993
1711.0	1.6679166068059263	56.74003301965601
1712.0	1.6633301722195863	57.13946953415885
1713.0	1.6587437376332481	61.05002343759914
1714.0	1.6541573030469117	58.1235784710484
1715.0	1.6495708684605734	50.49267138709369
1716.0	1.6449844338742352	52.88699227949783
1717.0	1.640397999287897	50.46022349838269
1718.0	1.6358115647015588	48.02390366923114
1719.0	1.6312251301152223	43.07890518551594
1720.0	1.626638695528884	43.42876981511486
1721.0	1.6220522609425458	45.206467993544074
1722.0	1.6174658263562076	42.84778690849955
1723.0	1.6128793917698694	47.124821571028654
1724.0	1.608292957183533	45.27174603709651
1725.0	1.603706522597193	48.97146208025981
1726.0	1.5991200880108547	47.57056983831023
1727.0	1.5945336534245165	40.29238387737443
1728.0	1.5899472188381782	45.68856062101696
1729.0	1.5853607842518418	48.147705626753286
1730.0	1.5807743496655036	41.189557346601575
1731.0	1.5761879150791653	38.89352469480191
1732.0	1.571601480492827	40.784133232743365
1733.0	1.5670150459064889	46.66229831994886
1734.0	1.5624286113201524	56.271805816294254
1735.0	1.5578421767338142	56.780757985423485
1736.0	1.553255742147476	54.32064361459135
1737.0	1.5486693075611377	49.432532099688544
1738.0	1.5440828729747977	52.183441136313654
1739.0	1.5394964383884595	64.60545270216903
1740.0	1.534910003802123	58.72883692124989
1741.0	1.5303235692157848	49.76292952852152
1742.0	1.5257371346294466	50.77489201122169
1743.0	1.5211507000431084	54.95233895630645
1744.0	1.5165642654567701	57.0402226646943
1745.0	1.5119778308704337	59.34326370260112
1746.0	1.5073913962840955	65.46314014780116
1747.0	1.5028049616977572	69.89024870572803
1748.0	1.498218527111419	65.17301362068892
1749.0	1.4936320925250808	52.690787209916266
1750.0	1.4890456579387443	54.875112730489874
1751.0	1.4844592233524043	54.74651936612371
1752.0	1.479872788766066	51.30656370364111
1753.0	1.4752863541797279	52.290003218812814
1754.0	1.4706999195933896	62.715782750085125
1755.0	1.4661134850070532	70.5097655424475
1756.0	1.461527050420715	56.910233886126996
1757.0	1.4569406158343767	56.78320444889223
1758.0	1.4523541812480385	62.00089605957725
1759.0	1.4477677466617003	62.419038341905086
1760.0	1.4431813120753638	58.96461205296139
1761.0	1.4385948774890256	61.16757866084803
1762.0	1.4340084429026874	78.18486272280023
1763.0	1.4294220083163491	85.80383969097885
1764.0	1.4248355737300091	78.37438176373423
1765.0	1.420249139143671	73.90042111130597
1766.0	1.4156627045573345	73.42341850669978
1767.0	1.4110762699709962	72.42694456437344
1768.0	1.406489835384658	75.28909385565514
1769.0	1.4019034007983198	83.86572429309561
1770.0	1.3973169662119815	104.92978991028917
1771.0	1.392730531625645	106.71396518583781
1772.0	1.3881440970393069	118.20036757242683
1773.0	1.3835576624529686	106.58050304078199
1774.0	1.3789712278666304	116.23052334880089
1775.0	1.3743847932802922	97.16422332701856
1776.0	1.3697983586939557	96.42546425325334
1777.0	1.3652119241076157	106.65223828703216
1778.0	1.3606254895212775	96.44175323186866
1779.0	1.3560390549349393	100.84219198634811
1780.0	1.351452620348601	95.2800125740063
1781.0	1.3468661857622646	86.35092642976548
1782.0	1.3422797511759264	88.12993572665444
1783.0	1.3376933165895881	97.55979606623552
1784.0	1.33310688200325	116.3772296033178
1785.0	1.3285204474169117	110.71161133909834
1786.0	1.3239340128305752	98.63178984405631
1787.0	1.319347578244237	104.76858331356962
1788.0	1.3147611436578988	108.58647627905009
1789.0	1.3101747090715605	122.27642979152314
1790.0	1.3055882744852205	135.37939813553533
1791.0	1.3010018398988823	138.90749415583818
1792.0	1.2964154053125458	134.0026466954952
1793.0	1.2918289707262076	103.96650537526504
1794.0	1.2872425361398694	100.52949756252609
1795.0	1.2826561015535312	107.39269718513653
1796.0	1.278069666967193	107.31762381638815
1797.0	1.2734832323808565	106.37158907449906
1798.0	1.2688967977945182	101.9106014171446
1799.0	1.26431036320818	116.81231703438382
1800.0	1.2597239286218418	131.66832387121752
1801.0	1.2551374940355036	132.64372288559508
1802.0	1.2505510594491653	125.03456161673473
1803.0	1.245964624862827	121.51940530812803
1804.0	1.2413781902764889	117.62867961520692
1805.0	1.2367917556901507	126.54132719666245
1806.0	1.2322053211038124	136.33248940133097
1807.0	1.227618886517476	140.26465141872347
1808.0	1.2230324519311377	139.34581636754064
1809.0	1.2184460173447995	129.561777054776
1810.0	1.2138595827584613	125.69848617050367
1811.0	1.209273148172123	137.22459195556215
1812.0	1.2046867135857866	149.5367945903388
1813.0	1.2001002789994484	149.16655796600355
1814.0	1.1955138444131101	132.54263781670005
1815.0	1.1909274098267701	108.31537336465459
1816.0	1.186340975240432	110.40964195837766
1817.0	1.1817545406540937	115.9042860918435
1818.0	1.1771681060677572	118.84394821733
1819.0	1.172581671481419	129.88524093626512
1820.0	1.1679952368950808	129.20815789379128
1821.0	1.1634088023087426	148.54066162859988
1822.0	1.1588223677224043	148.15327921860128
1823.0	1.1542359331360679	154.6127362268741
1824.0	1.1496494985497296	157.73765536264779
1825.0	1.1450630639633914	146.83632951743073
1826.0	1.1404766293770532	148.12866254987267
1827.0	1.135890194790715	146.86978963337145
1828.0	1.1313037602043767	152.70469341945414
1829.0	1.1267173256180385	157.0074050358471
1830.0	1.1221308910317003	154.82631281060335
1831.0	1.117544456445362	147.2632647438947
1832.0	1.1129580218590238	143.9629431291102
1833.0	1.1083715872726874	142.11415766985067
1834.0	1.1037851526863491	141.8949177308767
1835.0	1.099198718100011	144.895547742106
1836.0	1.0946122835136727	145.5999215982359
1837.0	1.0900258489273345	140.07149261507448
1838.0	1.085439414340998	142.1967139581161
1839.0	1.0808529797546598	144.32876654164653
1840.0	1.0762665451683215	144.10808027641937
1841.0	1.0716801105819815	150.7964693238025
1842.0	1.0670936759956433	158.0502574043335
1843.0	1.062507241409305	157.40998296203733
1844.0	1.0579208068229686	152.36899158441707
1845.0	1.0533343722366304	147.23232435808043
1846.0	1.0487479376502922	166.33144842796347
1847.0	1.044161503063954	173.9248393252811
1848.0	1.0395750684776157	176.44031219146768
1849.0	1.0349886338912793	182.4463271127794
1850.0	1.030402199304941	185.10922247596284
1851.0	1.0258157647186028	173.11447549198007
1852.0	1.0212293301322646	152.49922657733129
1853.0	1.0166428955459264	142.45929490055346
1854.0	1.0120564609595881	141.181622486035
1855.0	1.00747002637325	142.15977677931429
1856.0	1.0028835917869117	129.93842002338408
1857.0	0.9982971572005734	145.6151094448803
1858.0	0.9937107226142352	159.58931807951723
1859.0	0.9891242880278988	152.46473732678595
1860.0	0.9845378534415605	144.12409862621405
1861.0	0.9799514188552223	145.55655253116564
1862.0	0.9753649842688841	148.97118932038524
1863.0	0.9707785496825458	142.5802673788591
1864.0	0.9661921150962094	131.85599314939677
1865.0	0.9616056805098712	140.32205620408067
1866.0	0.9570192459235329	158.87058735514717
1867.0	0.9524328113371929	167.62047080102082
1868.0	0.9478463767508547	141.536645959218
1869.0	0.9432599421645165	121.62048464079788
1870.0	0.93867350757818	91.21002569769638
1871.0	0.9340870729918418	97.70693126466203
1872.0	0.9295006384055036	98.74998565784396
1873.0	0.9249142038191653	108.22451502161172
1874.0	0.9203277692328271	109.00680301655274
1875.0	0.9157413346464907	93.60827674446465
1876.0	0.9111549000601524	94.64655472264829
1877.0	0.9065684654738142	105.36691431773423
1878.0	0.901982030887476	115.57093001612749
1879.0	0.8973955963011377	121.95608196287787
1880.0	0.8928091617147995	102.65954530016812
1881.0	0.8882227271284613	106.28534953259438
1882.0	0.8836362925421231	144.01030768828664
1883.0	0.8790498579557848	134.0879865016468
1884.0	0.8744634233694466	128.06542625743694
1885.0	0.8698769887831101	136.87876413639495
1886.0	0.8652905541967719	140.85247431465712
1887.0	0.8607041196104337	133.26975492995834
1888.0	0.8561176850240955	125.65757172940931
1889.0	0.8515312504377572	117.37283771449043
1890.0	0.8469448158514208	110.07671704976687
1891.0	0.8423583812650826	113.39899546898732
1892.0	0.8377719466787443	97.61334124587067
1893.0	0.8331855120924043	83.83581091772625
1894.0	0.8285990775060661	77.38335439170152
1895.0	0.8240126429197279	69.36743716159494
1896.0	0.8194262083333914	68.56689881388144
1897.0	0.8148397737470532	70.30016196665494
1898.0	0.810253339160715	82.53908059079937
1899.0	0.8056669045743767	89.8773554144394
1900.0	0.8010804699880385	90.82428511706729
1901.0	0.796494035401702	90.20848093258815
1902.0	0.7919076008153638	87.29835445084368
1903.0	0.7873211662290256	86.35529061784717
1904.0	0.7827347316426874	93.03289390323006
1905.0	0.7781482970563491	100.41395929791781
1906.0	0.7735618624700109	118.22798715706007
1907.0	0.7689754278836727	133.7885891594122
1908.0	0.7643889932973345	108.59911199859604
1909.0	0.7598025587109962	110.82313172698969
1910.0	0.755216124124658	115.6923814257849
1911.0	0.7506296895383215	115.26564429625498
1912.0	0.7460432549519833	99.54647723393143
1913.0	0.7414568203656451	92.68983612696002
1914.0	0.7368703857793069	95.06580715174033
1915.0	0.7322839511929686	95.67563122240819
1916.0	0.7276975166066322	87.88019337227881
1917.0	0.723111082020294	91.5644214868713
1918.0	0.718524647433954	102.41463302837785
1919.0	0.7139382128476157	95.27322315903663
1920.0	0.7093517782612775	101.31021309879212
1921.0	0.704765343674941	110.94417212879861
1922.0	0.7001789090886028	108.50100989531018
1923.0	0.6955924745022646	103.25598424257218
1924.0	0.6910060399159264	107.7118737145858
1925.0	0.6864196053295881	110.98210932752721
1926.0	0.6818331707432499	126.24382905534407
1927.0	0.6772467361569134	138.17738939125246
1928.0	0.6726603015705752	150.77755103408725
1929.0	0.668073866984237	171.94711699429928
1930.0	0.6634874323978988	175.799076873384
1931.0	0.6589009978115588	182.83143393728443
1932.0	0.6543145632252223	188.94469673626188
1933.0	0.6497281286388841	191.9978070880103
1934.0	0.6451416940525458	195.70107481541123
1935.0	0.6405552594662076	204.5570876614353
1936.0	0.6359688248798694	214.64425136626897
1937.0	0.6313823902935329	219.99549606955418
1938.0	0.6267959557071947	224.54203329922507
1939.0	0.6222095211208565	223.98543495576934
1940.0	0.6176230865345183	216.95172829536122
1941.0	0.61303665194818	214.19190087741066
1942.0	0.6084502173618436	220.1728597794906
1943.0	0.6038637827755053	239.95466223602165
1944.0	0.5992773481891653	252.43570595536332
1945.0	0.5946909136028271	253.27524415865946
1946.0	0.5901044790164889	252.81007793086397
1947.0	0.5855180444301524	246.94499332409444
1948.0	0.5809316098438142	234.34516718028226
1949.0	0.576345175257476	230.9654367267245
1950.0	0.5717587406711377	230.87791076678542
1951.0	0.5671723060847995	231.51910878634598
1952.0	0.5625858714984613	236.38573989947085
1953.0	0.5579994369121248	253.6083083657207
1954.0	0.5534130023257866	255.0
1955.0	0.5488265677394484	255.0
1956.0	0.5442401331531102	255.0
1957.0	0.5396536985667701	255.0
1958.0	0.5350672639804337	255.0
1959.0	0.5304808293940955	255.0
1960.0	0.5258943948077572	255.0
1961.0	0.521307960221419	255.0
1962.0	0.5167215256350808	255.0
1963.0	0.5121350910487443	255.0
1964.0	0.5075486564624061	255.0
1965.0	0.5029622218760661	255.0
1966.0	0.49837578728972787	255.0
1967.0	0.4937893527033861	255.0
1968.0	0.48920291811704963	255.0
1969.0	0.48461648353070963	255.0
1970.0	0.4800300489443714	255.0
1971.0	0.4754436143580314	255.0
1972.0	0.47085717977169317	255.0
1973.0	0.46627074518535316	255.0
1974.0	0.46168431059901494	255.0
1975.0	0.45709787601267493	255.0
1976.0	0.4525114414263367	255.0
1977.0	0.4479250068399967	254.49256239279345
1978.0	0.44333857225365847	248.82872799592678
1979.0	0.43875213766731846	237.68997693545697
1980.0	0.43416570308098024	231.91871552826865
1981.0	0.42957926849464023	220.28608792290916
1982.0	0.424992833908302	211.3471108085778
1983.0	0.420406399321962	217.3150140567705
1984.0	0.41581996473562555	225.81829280890247
1985.0	0.41123353014928377	241.84468433421836
1986.0	0.40664709556294554	249.2660970556168
1987.0	0.40206066097660553	249.7960254250558
1988.0	0.3974742263902673	252.02673795907134
1989.0	0.3928877918039291	254.45764447030814
1990.0	0.38830135721759085	254.64366705689122
1991.0	0.38371492263124907	254.8297511744857
1992.0	0.37912848804491084	255.0
1993.0	0.37454205345857083	255.0
1994.0	0.3699556188722344	255.0
1995.0	0.3653691842858944	255.0
1996.0	0.36078274969955615	255.0
1997.0	0.35619631511321437	255.0
1998.0	0.35160988052687614	255.0
1999.0	0.3470234459405379	255.0
2000.0	0.3424370113541997	255.0
2001.0	0.3378505767678597	255.0
2002.0	0.33326414218152145	255.0
2003.0	0.32867770759517967	255.0
2004.0	0.32409127300884144	255.0
2005.0	0.3195048384225032	255.0
2006.0	0.314918403836165	255.0
2007.0	0.310331969249825	255.0
2008.0	0.30574553466348675	255.0
2009.0	0.30115910007714497	255.0
2010.0	0.2965726654908085	255.0
2011.0	0.2919862309044685	255.0
2012.0	0.2873997963181303	255.0
2013.0	0.2828133617317903	255.0
2014.0	0.27822692714545205	255.0
2015.0	0.27364049255911205	255.0
2016.0	0.2690540579727738	255.0
2017.0	0.2644676233864338	255.0
2018.0	0.2598811888000956	255.0
2019.0	0.2552947542137556	255.0
2020.0	0.25070831962741913	255.0
2021.0	0.24612188504107735	255.0
2022.0	0.24153545045473912	255.0
2023.0	0.23694901586839912	255.0
2024.0	0.2323625812820609	255.0
2025.0	0.22777614669572266	255.0
2026.0	0.22318971210938443	255.0
2027.0	0.21860327752304265	255.0
2028.0	0.21401684293670442	255.0
2029.0	0.20943040835036442	255.0
2030.0	0.2048439737640262	255.0
2031.0	0.20025753917768796	255.0
2032.0	0.19567110459134973	255.0
2033.0	0.19108467000500795	255.0
2034.0	0.18649823541866972	255.0
2035.0	0.18191180083232972	255.0
2036.0	0.17732536624599327	255.0
2037.0	0.17273893165965326	255.0
2038.0	0.16815249707331503	255.0
2039.0	0.16356606248697325	255.0
2040.0	0.15897962790063502	255.0
2041.0	0.1543931933142968	255.0
2042.0	0.14980675872795857	255.0
2043.0	0.14522032414161856	255.0
2044.0	0.14063388955528033	255.0
2045.0	0.13604745496894033	255.0
2046.0	0.1314610203826021	255.0
2047.0	0.1268745857962621	255.0
2048.0	0.12228815120992387	255.0
2049.0	0.11770171662358386	255.0
2050.0	0.11311528203724563	255.0
2051.0	0.1085288474509074	255.0
2052.0	0.1039424128645674	255.0
2053.0	0.0993559782782274	255.0
2054.0	0.09476954369188917	255.0
2055.0	0.09018310910554916	255.0
2056.0	0.08559667451921094	255.0
2057.0	0.08101023993287271	255.0
2058.0	0.0764238053465327	255.0
2059.0	0.0718373707601927	255.0
2060.0	0.06725093617385447	255.0
2061.0	0.06266450158751447	255.0
2062.0	0.05807806700117801	255.0
2063.0	0.05349163241483801	255.0
2064.0	0.048905197828498004	255.0
2065.0	0.044318763242158	255.0
2066.0	0.03973232865581977	255.0
2067.0	0.03514589406948154	255.0
2068.0	0.030559459483143314	255.0
2069.0	0.02597302489680331	255.0
2070.0	0.021386590310463305	255.0
2071.0	0.0168001557241233	255.0
2072.0	0.012213721137786848	255.0
2073.0	0.0076272865514468435	255.0
2074.0	0.0030408519651086152	255.0
2075.0	-0.0015455826212313895	255.0
2076.0	-0.006132017207571394	255.0
2077.0	-0.010718451793909622	255.0
2078.0	-0.01530488638024785	255.0
2079.0	-0.019891320966587855	255.0
2080.0	-0.024477755552926084	255.0
2081.0	-0.02906419013926609	255.0
2082.0	-0.03365062472560609	255.0
2083.0	-0.03823705931194432	255.0
2084.0	-0.04282349389828255	255.0
2085.0	-0.047409928484622554	255.0
2086.0	-0.05199636307096078	255.0
2087.0	-0.05658279765730079	255.0
2088.0	-0.06116923224363724	255.0
2089.0	-0.06575566682997902	255.0
2090.0	-0.07034210141631725	255.0
2091.0	-0.07492853600265725	255.0
2092.0	-0.07951497058899548	255.0
2093.0	-0.08410140517533371	255.0
2094.0	-0.08868783976167194	255.0
2095.0	-0.09327427434801372	255.0
2096.0	-0.09786070893435195	255.0
2097.0	-0.10244714352069195	255.0
2098.0	-0.1070335781070284	255.0
2099.0	-0.11162001269336841	255.0
2100.0	-0.11620644727970664	255.0
2101.0	-0.12079288186604842	255.0
2102.0	-0.12537931645238665	255.0
2103.0	-0.12996575103872487	255.0
2104.0	-0.1345521856250631	255.0
2105.0	-0.1391386202114031	255.0
2106.0	-0.14372505479774134	255.0
2107.0	-0.14831148938408312	255.0
2108.0	-0.15289792397042135	255.0
2109.0	-0.15748435855675957	255.0
2110.0	-0.1620707931430978	255.0
2111.0	-0.1666572277294378	255.0
2112.0	-0.17124366231577604	255.0
2113.0	-0.17583009690211782	255.0
2114.0	-0.18041653148845427	255.0
2115.0	-0.18500296607479427	255.0
2116.0	-0.1895894006611325	255.0
2117.0	-0.1941758352474725	255.0
2118.0	-0.19876226983381073	255.0
2119.0	-0.20334870442015074	255.0
2120.0	-0.20793513900648897	255.0
2121.0	-0.21252157359282897	255.0
2122.0	-0.2171080081791672	255.0
2123.0	-0.2216944427655072	255.0
2124.0	-0.22628087735184366	255.0
2125.0	-0.23086731193818544	255.0
2126.0	-0.23545374652452367	255.0
2127.0	-0.24004018111086367	255.0
2128.0	-0.2446266156972019	255.0
2129.0	-0.24921305028354013	255.0
2130.0	-0.25379948486987836	255.0
2131.0	-0.25838591945622014	255.0
2132.0	-0.26297235404255836	255.0
2133.0	-0.26755878862889837	255.0
2134.0	-0.2721452232152366	255.0
2135.0	-0.2767316578015748	255.0
2136.0	-0.28131809238791305	255.0
2137.0	-0.28590452697425484	255.0
2138.0	-0.29049096156059306	255.0
2139.0	-0.29507739614693307	255.0
2140.0	-0.2996638307332695	255.0
2141.0	-0.3042502653196095	255.0
2142.0	-0.30883669990594775	255.0
2143.0	-0.31342313449228953	255.0
2144.0	-0.31800956907862776	255.0
2145.0	-0.322596003664966	255.0
2146.0	-0.3271824382513042	255.0
2147.0	-0.3317688728376442	255.0
2148.0	-0.33635530742398245	255.0
2149.0	-0.34094174201032423	255.0
2150.0	-0.3455281765966607	255.0
2151.0	-0.3501146111830007	255.0
2152.0	-0.3547010457693389	255.0
2153.0	-0.3592874803556789	255.0
2154.0	-0.36387391494201715	255.0
2155.0	-0.36846034952835716	255.0
2156.0	-0.3730467841146954	255.0
2157.0	-0.3776332187010354	255.0
2158.0	-0.3822196532873736	255.0
2159.0	-0.3868060878737136	255.0
2160.0	-0.39139252246005185	255.0
2161.0	-0.39597895704639186	255.0
2162.0	-0.4005653916327301	255.0
2163.0	-0.4051518262190701	255.0
2164.0	-0.4097382608054083	255.0
2165.0	-0.4143246953917483	255.0
2166.0	-0.4189111299780848	255.0
2167.0	-0.42349756456442655	255.0
2168.0	-0.4280839991507648	255.0
2169.0	-0.4326704337371048	255.0
2170.0	-0.437256868323443	255.0
2171.0	-0.44184330290978124	255.0
2172.0	-0.44642973749611947	255.0
2173.0	-0.45101617208246125	255.0
2174.0	-0.4556026066687995	255.0
2175.0	-0.4601890412551395	255.0
2176.0	-0.46477547584147594	255.0
2177.0	-0.46936191042781594	255.0
2178.0	-0.47394834501415417	255.0
2179.0	-0.47853477960049595	255.0
2180.0	-0.4831212141868342	255.0
2181.0	-0.4877076487731724	255.0
2182.0	-0.49229408335951064	255.0
2183.0	-0.49688051794585064	255.0
2184.0	-0.5014669525321889	255.0
2185.0	-0.5060533871185307	255.0
2186.0	-0.5106398217048689	255.0
2187.0	-0.5152262562912071	255.0
2188.0	-0.5198126908775453	255.0
2189.0	-0.5243991254638853	255.0
2190.0	-0.5289855600502236	255.0
2191.0	-0.5335719946365653	255.0
2192.0	-0.5381584292229018	255.0
2193.0	-0.5427448638092418	255.0
2194.0	-0.54733129839558	255.0
2195.0	-0.55191773298192	255.0
2196.0	-0.5565041675682583	255.0
2197.0	-0.5610906021545983	255.0
2198.0	-0.5656770367409365	255.0
2199.0	-0.5702634713272765	255.0
2200.0	-0.5748499059136147	255.0
2201.0	-0.5794363404999547	255.0
2202.0	-0.5840227750862912	255.0
2203.0	-0.588609209672633	255.0
2204.0	-0.5931956442589712	255.0
2205.0	-0.5977820788453112	255.0
2206.0	-0.6023685134316494	255.0
2207.0	-0.6069549480179877	255.0
2208.0	-0.6115413826043259	255.0
2209.0	-0.6161278171906659	255.0
2210.0	-0.6207142517770059	255.0
2211.0	-0.6253006863633459	255.0
2212.0	-0.6298871209496841	255.0
2213.0	-0.6344735555360224	254.1846314810661
2214.0	-0.6390599901223606	244.01537971178385
2215.0	-0.6436464247087006	224.96869288258074
2216.0	-0.6482328592950406	212.20914007145697
2217.0	-0.6528192938813806	215.05843074408287
2218.0	-0.657405728467717	222.65283137199847
2219.0	-0.6619921630540571	228.54576488651273
2220.0	-0.6665785976403953	229.22246148346463
2221.0	-0.6711650322267353	229.33192736364833
2222.0	-0.6757514668130753	230.21963448083355
2223.0	-0.6803379013994135	234.4843742996313
2224.0	-0.6849243359857518	238.54850042305395
2225.0	-0.6895107705720918	240.31759971463111
2226.0	-0.69409720515843	236.7696813915734
2227.0	-0.69868363974477	236.8631705622714
2228.0	-0.7032700743311082	234.56743258314654
2229.0	-0.7078565089174482	219.46495401491842
2230.0	-0.7124429435037865	212.7428347842587
2231.0	-0.7170293780901265	208.64968504095015
2232.0	-0.7216158126764647	205.25250279913593
2233.0	-0.7262022472628029	208.62885219635933
2234.0	-0.7307886818491429	208.36891889608972
2235.0	-0.7353751164354829	211.03473136291768
2236.0	-0.7399615510218212	176.77383713856818
2237.0	-0.7445479856081612	149.2210790380056
2238.0	-0.7491344201944994	141.6575184314825
2239.0	-0.7537208547808376	140.47828954396735
2240.0	-0.7583072893671776	143.84062219656647
2241.0	-0.7628937239535176	164.42037673890076
2242.0	-0.7674801585398559	168.19831619816864
2243.0	-0.7720665931261959	168.28352293480367
2244.0	-0.7766530277125323	174.46431857641159
2245.0	-0.7812394622988723	178.76479653160777
2246.0	-0.7858258968852123	176.47344382330076
2247.0	-0.7904123314715523	167.5172109265311
2248.0	-0.7949987660578905	160.02736383245067
2249.0	-0.7995852006442288	138.46301663699654
2250.0	-0.804171635230567	126.39272658515618
2251.0	-0.808758069816907	118.07007529583878
2252.0	-0.8133445044032452	102.92430640328428
2253.0	-0.817930938989587	110.57813642432963
2254.0	-0.8225173735759235	127.82984865706737
2255.0	-0.8271038081622635	137.9962569374411
2256.0	-0.8316902427486017	140.98044471058174
2257.0	-0.8362766773349417	139.93385862525903
2258.0	-0.8408631119212799	149.73273837607744
2259.0	-0.8454495465076199	160.31702916531975
2260.0	-0.8500359810939582	159.68057993972033
2261.0	-0.8546224156802982	151.83700649994137
2262.0	-0.8592088502666364	146.3398951772694
2263.0	-0.8637952848529764	143.63714357591076
2264.0	-0.8683817194393146	123.64667697282341
2265.0	-0.8729681540256546	120.16815749662359
2266.0	-0.8775545886119929	111.44720975696819
2267.0	-0.8821410231983329	96.13327047386824
2268.0	-0.8867274577846702	102.39871120904738
2269.0	-0.8913138923710111	102.59801711137963
2270.0	-0.8959003269573493	102.77541475130023
2271.0	-0.9004867615436885	89.91152010988438
2272.0	-0.9050731961300276	98.09577768436006
2273.0	-0.9096596307163676	107.41507753236752
2274.0	-0.9142460653027049	112.41913313662886
2275.0	-0.9188324998890458	117.81775392239724
2276.0	-0.9234189344753831	118.42075654580552
2277.0	-0.9280053690617232	124.3893286271948
2278.0	-0.9325918036480623	133.76288102352063
2279.0	-0.9371782382344014	137.42268804430353
2280.0	-0.9417646728207396	135.20997918305727
2281.0	-0.9463511074070796	133.31633913041313
2282.0	-0.9509375419934178	133.0947166527975
2283.0	-0.9555239765797578	134.90661288629724
2284.0	-0.9601104111660961	135.15189878267924
2285.0	-0.9646968457524361	134.93365432063123
2286.0	-0.9692832803387743	139.34392161842936
2287.0	-0.9738697149251143	140.9856171370683
2288.0	-0.9784561495114525	142.8845062759632
2289.0	-0.9830425840977917	139.0601089712354
2290.0	-0.9876290186841299	130.58189246837983
2291.0	-0.9922154532704708	128.2840450723569
2292.0	-0.9968018878568081	130.7678855597805
2293.0	-1.001388322443149	133.29748291144185
2294.0	-1.0059747570294864	134.65079165712325
2295.0	-1.0105611916158264	136.08589808819505
2296.0	-1.0151476262021646	135.9982703528463
2297.0	-1.0197340607885046	135.2923622237406
2298.0	-1.0243204953748428	121.48298484627163
2299.0	-1.0289069299611837	125.37464641505838
2300.0	-1.033493364547521	130.12811810122116
2301.0	-1.038079799133861	135.59888282772621
2302.0	-1.0426662337201984	145.2761659435143
2303.0	-1.0472526683065393	156.13134469552443
2304.0	-1.0518391028928775	158.64647083966497
2305.0	-1.0564255374792175	144.33418373981075
2306.0	-1.0610119720655558	163.89630952596605
2307.0	-1.0655984066518949	181.23809823909852
2308.0	-1.070184841238233	190.49724229363053
2309.0	-1.074771275824574	191.94604502086028
2310.0	-1.0793577104109113	186.65695286586808
2311.0	-1.0839441449972522	161.76065214281505
2312.0	-1.0885305795835905	159.24208381538088
2313.0	-1.0931170141699296	162.49752449794974
2314.0	-1.0977034487562678	193.05227658241068
2315.0	-1.1022898833426078	201.84468480705374
2316.0	-1.106876317928946	200.62917644338594
2317.0	-1.111462752515287	196.2353154010355
2318.0	-1.1160491871016243	196.5312116931383
2319.0	-1.1206356216879643	196.3677254260529
2320.0	-1.1252220562743016	197.69256482781418
2321.0	-1.1298084908606425	199.67007488805146
2322.0	-1.1343949254469807	196.5300158697285
2323.0	-1.1389813600333207	158.77240097650542
2324.0	-1.143567794619659	133.06208650139754
2325.0	-1.148154229205999	131.24481033052348
2326.0	-1.1527406637923363	132.8436197223268
2327.0	-1.1573270983786772	147.57297158572203
2328.0	-1.1619135329650145	189.83163345169856
2329.0	-1.1664999675513554	198.12893900114796
2330.0	-1.1710864021376937	202.0185633642396
2331.0	-1.1756728367240328	193.12394218769367
2332.0	-1.180259271310371	177.14550685331656
2333.0	-1.184845705896711	182.49753070449546
2334.0	-1.1894321404830492	202.20992027575585
2335.0	-1.1940185750693892	204.85597648286787
2336.0	-1.1986050096557275	209.07647574527584
2337.0	-1.2031914442420675	186.52375480279096
2338.0	-1.2077778788284057	182.06423176244925
2339.0	-1.2123643134147457	178.77735868090798
2340.0	-1.216950748001084	181.39521421309055
2341.0	-1.221537182587423	189.6230999642238
2342.0	-1.2261236171737622	195.00816384609593
2343.0	-1.2307100517601022	186.53781590459016
2344.0	-1.2352964863464395	178.8736720137614
2345.0	-1.2398829209327804	175.33452322752402
2346.0	-1.2444693555191177	193.06900787395207
2347.0	-1.2490557901054578	189.6498828846837
2348.0	-1.2536422246917969	179.15338498961654
2349.0	-1.258228659278136	168.46341487167604
2350.0	-1.2628150938644742	203.75282736008592
2351.0	-1.267401528450815	210.58404398203174
2352.0	-1.2719879630371524	201.5961643052509
2353.0	-1.2765743976234925	171.98164510724916
2354.0	-1.2811608322098307	178.9140779162758
2355.0	-1.2857472667961707	190.9985828961515
2356.0	-1.290333701382509	195.1020513025328
2357.0	-1.294920135968849	194.1318897546268
2358.0	-1.2995065705551871	198.70662725151666
2359.0	-1.3040930051415263	219.110333580645
2360.0	-1.3086794397278654	225.2594446219435
2361.0	-1.3132658743142054	223.95017653914115
2362.0	-1.3178523089005427	219.33114560395384
2363.0	-1.3224387434868836	219.20366718954278
2364.0	-1.3270251780732218	223.2465529932038
2365.0	-1.331611612659561	220.73692998851377
2366.0	-1.3361980472459	212.7280467580577
2367.0	-1.3407844818322392	207.59542612712386
2368.0	-1.3453709164185774	204.37497777981267
2369.0	-1.3499573510049183	201.87462657873408
2370.0	-1.3545437855912557	205.34554415484908
2371.0	-1.3591302201775957	206.46827576268615
2372.0	-1.363716654763933	191.10122080264136
2373.0	-1.368303089350274	153.46617733420047
2374.0	-1.3728895239366121	184.92434302912096
2375.0	-1.3774759585229521	196.03363285698396
2376.0	-1.3820623931092904	192.59628222236657
2377.0	-1.3866488276956304	186.9477916443434
2378.0	-1.3912352622819677	186.00437347329182
2379.0	-1.3958216968683086	181.9287143649306
2380.0	-1.400408131454646	173.07980908696433
2381.0	-1.4049945660409868	160.41158177761812
2382.0	-1.409581000627325	162.19035157511811
2383.0	-1.4141674352136642	181.28889339323578
2384.0	-1.4187538698000024	191.80717184551136
2385.0	-1.4233403043863424	191.04143535929245
2386.0	-1.4279267389726806	187.9182780733268
2387.0	-1.4325131735590215	156.93861145575866
2388.0	-1.4370996081453589	135.90830227644474
2389.0	-1.4416860427316989	123.91577258418833
2390.0	-1.446272477318037	149.35501697585147
2391.0	-1.450858911904377	158.31014735457742
2392.0	-1.4554453464907153	159.49985191829927
2393.0	-1.4600317810770553	130.72193794360527
2394.0	-1.4646182156633936	134.05096579350163
2395.0	-1.4692046502497336	140.26015895885945
2396.0	-1.473791084836071	137.7329095723425
2397.0	-1.4783775194224118	139.70752950050834
2398.0	-1.4829639540087491	145.08975939239258
2399.0	-1.48755038859509	152.29644640111582
2400.0	-1.4921368231814283	150.18263651352652
2401.0	-1.4967232577677674	145.58917594416235
2402.0	-1.5013096923541056	142.63684572939616
2403.0	-1.5058961269404465	142.01660770736362
2404.0	-1.5104825615267838	140.86307962738354
2405.0	-1.5150689961131247	140.2677936019495
2406.0	-1.519655430699462	134.3372266642359
2407.0	-1.524241865285802	129.18991484449
2408.0	-1.5288282998721403	130.0007459495303
2409.0	-1.5334147344584803	130.0686362822365
2410.0	-1.5380011690448185	125.42419473024519
2411.0	-1.5425876036311585	114.23450521839513
2412.0	-1.5471740382174968	109.24479729495097
2413.0	-1.5517604728038368	83.9802759506805
2414.0	-1.5563469073901741	102.22025962253154
2415.0	-1.560933341976515	115.52662880488153
2416.0	-1.5655197765628532	132.66650910560705
2417.0	-1.5701062111491924	124.5121726616183
2418.0	-1.5746926457355315	103.87736628153202
2419.0	-1.5792790803218706	97.8746627853204
2420.0	-1.5838655149082088	98.07411768177163
2421.0	-1.5884519494945497	100.34213205436897
2422.0	-1.593038384080887	103.87046754824152
2423.0	-1.597624818667227	94.64936235032057
2424.0	-1.6022112532535653	86.4361167900747
2425.0	-1.6067976878399053	77.44761420267933
2426.0	-1.6113841224262435	76.34841899216188
2427.0	-1.6159705570125835	92.45588041905371
2428.0	-1.6205569915989217	100.22271367510261
2429.0	-1.6251434261852618	96.59900131111196
2430.0	-1.6297298607716	84.21398421290255
2431.0	-1.63431629535794	80.96037286193476
2432.0	-1.6389027299442773	85.59481491371349
2433.0	-1.6434891645306182	81.43946363595619
2434.0	-1.6480755991169564	73.71008013938932
2435.0	-1.6526620337032956	73.17297845759754
2436.0	-1.6572484682896347	78.96255646039978
2437.0	-1.6618349028759738	82.67471471955601
2438.0	-1.666421337462312	82.223513026296
2439.0	-1.671007772048653	80.25051240380498
2440.0	-1.6755942066349903	76.02142889042692
2441.0	-1.6801806412213303	61.26212155740624
2442.0	-1.6847670758076694	63.81235087975247
2443.0	-1.6893535103940085	77.66508406317215
2444.0	-1.6939399449803467	69.89546153610728
2445.0	-1.6985263795666867	52.83322279198011
2446.0	-1.703112814153025	53.009428189278324
2447.0	-1.707699248739365	54.20035695950091
2448.0	-1.7122856833257032	48.55897569007573
2449.0	-1.7168721179120432	41.33571554313162
2450.0	-1.7214585524983805	47.6767740385497
2451.0	-1.7260449870847214	47.276687524459355
2452.0	-1.7306314216710597	40.761821583687784
2453.0	-1.7352178562573988	38.680065172286724
2454.0	-1.739804290843737	47.77357782451889
2455.0	-1.744390725430078	56.67022963336801
2456.0	-1.7489771600164152	56.49902364258257
2457.0	-1.7535635946027561	56.34772100970947
2458.0	-1.7581500291890935	64.98914172139551
2459.0	-1.7627364637754335	81.09296674538119
2460.0	-1.7673228983617717	59.818338387988206
2461.0	-1.7719093329481117	67.07672547926441
2462.0	-1.77649576753445	65.81461548213046
2463.0	-1.78108220212079	67.68201686981568
2464.0	-1.7856686367071282	68.40726382246028
2465.0	-1.7902550712934682	72.10652508104313
2466.0	-1.7948415058798055	79.5803367329875
2467.0	-1.7994279404661464	78.17556719348063
2468.0	-1.8040143750524846	73.75236569578979
2469.0	-1.8086008096388246	73.48557812641792
2470.0	-1.8131872442251629	68.81564073267957
2471.0	-1.817773678811502	63.588521010482374
2472.0	-1.8223601133978402	70.57291980205771
2473.0	-1.826946547984181	91.82197501340674
2474.0	-1.8315329825705184	100.51527088357986
2475.0	-1.8361194171568593	97.4562024289769
2476.0	-1.8407058517431967	90.90823573950978
2477.0	-1.8452922863295367	81.4385131213451
2478.0	-1.849878720915875	74.50449305643068
2479.0	-1.854465155502215	68.9509953650102
2480.0	-1.8590515900885531	67.6301989754965
2481.0	-1.863638024674894	72.31334636160219
2482.0	-1.8682244592612314	89.46260260818835
2483.0	-1.8728108938475714	100.64797657494977
2484.0	-1.8773973284339087	102.87742671156087
2485.0	-1.8819837630202496	104.47062008310357
2486.0	-1.8865701976065878	108.67829746476195
2487.0	-1.8911566321929278	120.6543171284609
2488.0	-1.895743066779266	121.16123987561701
2489.0	-1.9003295013656052	106.53873223520819
2490.0	-1.9049159359519434	96.8340808662312
2491.0	-1.9095023705382843	82.29152342245656
2492.0	-1.9140888051246217	83.43178198969036
2493.0	-1.9186752397109625	89.26495078558513
2494.0	-1.9232616742973008	103.81489182579901
2495.0	-1.9278481088836399	101.64178866877133
2496.0	-1.9324345434699781	110.801911669916
2497.0	-1.9370209780563181	108.49261312014927
2498.0	-1.9416074126426563	94.80354455740769
2499.0	-1.9461938472289964	95.77209160480052
2500.0	-1.9507802818153346	112.39156202579728
2501.0	-1.9553667164016746	122.41787244641479
2502.0	-1.959953150988012	109.16081350776275
2503.0	-1.9645395855743528	100.80155621027191
2504.0	-1.969126020160691	97.68946448640175
2505.0	-1.9737124547470302	116.54025607877146
2506.0	-1.9782988893333693	115.45143024868894
2507.0	-1.9828853239197093	112.75917053042822
2508.0	-1.9874717585060466	103.90704032778888
2509.0	-1.9920581930923875	105.98677770775501
2510.0	-1.9966446276787249	109.19287992161422
2511.0	-2.001231062265065	131.33832644017033
2512.0	-2.005817496851404	157.71048248182368
2513.0	-2.010403931437743	151.88501833791506
2514.0	-2.0149903660240813	140.8930988979345
2515.0	-2.0195768006104213	101.58909104558877
2516.0	-2.0241632351967596	90.06782841434905
2517.0	-2.0287496697830996	96.29086590505023
2518.0	-2.033336104369438	119.23599001264172
2519.0	-2.037922538955778	124.25163267351371
2520.0	-2.042508973542116	129.35345149309512
2521.0	-2.047095408128456	128.99198220982163
2522.0	-2.0516818427147943	126.34537741924925
2523.0	-2.0562682773011334	125.04238585782562
2524.0	-2.0608547118874725	124.21577683750083
2525.0	-2.0654411464738125	118.87732341626902
2526.0	-2.07002758106015	118.07249097212544
2527.0	-2.0746140156464907	119.74436191103828
2528.0	-2.079200450232828	116.09262710381155
2529.0	-2.083786884819168	124.26075660482627
2530.0	-2.088373319405507	131.68217011214676
2531.0	-2.0929597539918463	133.7849020828313
2532.0	-2.0975461885781845	133.70695584251382
2533.0	-2.1021326231645254	124.74300644051438
2534.0	-2.1067190577508628	124.51604914728682
2535.0	-2.1113054923372028	129.05656861293113
2536.0	-2.11589192692354	122.46461402429337
2537.0	-2.120478361509881	117.00089698850442
2538.0	-2.1250647960962192	120.51859278365531
2539.0	-2.1296512306825592	129.29884637206328
2540.0	-2.1342376652688975	113.61899025585387
2541.0	-2.1388240998552366	92.89811870917517
2542.0	-2.143410534441575	91.0166862113038
2543.0	-2.1479969690279157	91.41742136318574
2544.0	-2.152583403614253	88.8475746414738
2545.0	-2.157169838200594	112.67599008909343
2546.0	-2.161756272786932	98.89588011357927
2547.0	-2.1663427073732713	99.37517569307857
2548.0	-2.1709291419596095	114.45053445377754
2549.0	-2.1755155765459495	111.2045983148617
2550.0	-2.1801020111322877	112.63671239340735
2551.0	-2.1846884457186286	116.84163075468837
2552.0	-2.189274880304966	126.17420863572022
2553.0	-2.193861314891306	122.45506963013283
2554.0	-2.1984477494776433	103.0519780135458
2555.0	-2.203034184063984	110.93760587399608
2556.0	-2.2076206186503224	119.30168256802963
2557.0	-2.2122070532366624	118.00917053177155
2558.0	-2.2167934878230007	105.47183891384903
2559.0	-2.2213799224093407	106.95630084553203
2560.0	-2.225966356995678	105.54576608128228
2561.0	-2.230552791582019	106.58286381434885
2562.0	-2.2351392261683563	132.84015630460092
2563.0	-2.239725660754697	143.2650202874851
2564.0	-2.2443120953410354	142.39033561168839
2565.0	-2.2488985299273745	125.13513175609069
2566.0	-2.2534849645137127	110.87776265326114
2567.0	-2.2580713991000527	109.73797361687585
2568.0	-2.262657833686391	112.9299829561056
2569.0	-2.267244268272732	118.82373826191466
2570.0	-2.271830702859069	121.76067986339822
2571.0	-2.276417137445409	114.1350660208523
2572.0	-2.2810035720317474	108.65192026845438
2573.0	-2.2855900066180874	104.29268128348022
2574.0	-2.2901764412044257	107.9681933308968
2575.0	-2.2947628757907657	112.59210761942383
2576.0	-2.299349310377104	111.26910552276931
2577.0	-2.303935744963444	87.34742100047566
2578.0	-2.3085221795497812	90.77937661650435
2579.0	-2.313108614136122	90.73047980926772
2580.0	-2.3176950487224595	85.20749687114167
2581.0	-2.3222814833087995	86.50374367817396
2582.0	-2.3268679178951386	85.17435074767604
2583.0	-2.3314543524814777	89.70949226536162
2584.0	-2.336040787067816	117.29854178150453
2585.0	-2.340627221654157	112.51033343193164
2586.0	-2.345213656240494	93.50136795551539
2587.0	-2.349800090826834	77.78917533608752
2588.0	-2.3543865254131724	78.83918188617957
2589.0	-2.3589729599995124	85.60644412359086
2590.0	-2.3635593945858506	83.71356630691353
2591.0	-2.3681458291721906	103.78224051271829
2592.0	-2.372732263758529	81.87227331513014
2593.0	-2.377318698344868	70.7212302910493
2594.0	-2.381905132931207	67.24343183837337
2595.0	-2.386491567517547	61.70999797847857
2596.0	-2.3910780021038844	61.86483384471699
2597.0	-2.3956644366902253	63.34431201595941
2598.0	-2.4002508712765636	64.07152666047386
2599.0	-2.4048373058629027	66.04422039705666
2600.0	-2.409423740449242	80.32730736328753
2601.0	-2.414010175035581	81.42569797090421
2602.0	-2.418596609621919	68.90958135447717
2603.0	-2.42318304420826	54.62448213323897
2604.0	-2.4277694787945974	54.52010802263483
2605.0	-2.4323559133809374	58.56851143757852
2606.0	-2.4369423479672756	58.07598766446965
2607.0	-2.4415287825536156	55.54696644565431
2608.0	-2.446115217139954	54.02497758035395
2609.0	-2.450701651726294	51.32741623653917
2610.0	-2.455288086312632	48.761385300105125
2611.0	-2.459874520898972	43.66293028871899
2612.0	-2.4644609554853103	50.588670292181845
2613.0	-2.4690473900716503	53.89296690604393
2614.0	-2.4736338246579876	52.83503890191086
2615.0	-2.4782202592443285	38.18197098026872
2616.0	-2.4828066938306668	45.669798095979324
2617.0	-2.487393128417006	43.58660061243303
2618.0	-2.491979563003344	40.872313855924624
2619.0	-2.496565997589684	50.68813487785746
2620.0	-2.5011524321760223	48.691325321843635
2621.0	-2.5057388667623632	50.20422373675532
2622.0	-2.5103253013487006	48.52190347713265
2623.0	-2.5149117359350406	47.53888340460382
2624.0	-2.519498170521379	42.59495150201867
2625.0	-2.524084605107719	35.123601433601415
2626.0	-2.528671039694057	57.121607551484445
2627.0	-2.533257474280397	46.06385361764565
2628.0	-2.5378439088667353	46.27195040239787
2629.0	-2.5424303434530753	34.14390460119861
2630.0	-2.5470167780394126	32.96020187927669
2631.0	-2.5516032126257535	31.362144496860445
2632.0	-2.556189647212091	26.598137605059414
2633.0	-2.5607760817984317	35.91692523294293
2634.0	-2.56536251638477	48.353118094178846
2635.0	-2.569948950971109	55.47515429091136
2636.0	-2.5745353855574473	48.30859137341859
2637.0	-2.579121820143788	43.25773228715314
2638.0	-2.5837082547301256	47.17261756718566
2639.0	-2.5882946893164664	38.87725411000032
2640.0	-2.592881123902804	42.198515440873905
2641.0	-2.597467558489144	37.08801674774756
2642.0	-2.602053993075482	41.91307976758482
2643.0	-2.606640427661822	46.797972484445964
2644.0	-2.6112268622481603	45.99502612091864
2645.0	-2.6158132968345003	45.892275782050014
2646.0	-2.6203997314208385	47.98513416455027
2647.0	-2.6249861660071785	51.83045142117462
2648.0	-2.629572600593516	49.72881475171008
2649.0	-2.6341590351798567	44.014296717552455
2650.0	-2.638745469766195	43.31407523229983
2651.0	-2.643331904352535	43.372201850198884
2652.0	-2.647918338938873	42.55386336940729
2653.0	-2.6525047735252123	44.25071118917146
2654.0	-2.6570912081115505	51.0487101985803
2655.0	-2.6616776426978914	49.00813208230581
2656.0	-2.6662640772842288	45.3973342379306
2657.0	-2.6708505118705697	47.31661581660757
2658.0	-2.675436946456907	53.735262162259104
2659.0	-2.680023381043247	61.181078230033215
2660.0	-2.6846098156295852	71.01138738108648
2661.0	-2.6891962502159252	61.59284263851174
2662.0	-2.6937826848022635	61.57743344303355
2663.0	-2.6983691193886035	64.08585420811866
2664.0	-2.7029555539749417	78.61172780999793
2665.0	-2.7075419885612817	81.00122545734037
2666.0	-2.712128423147619	82.27424362069453
2667.0	-2.71671485773396	77.41998946510131
2668.0	-2.721301292320298	75.50863033780436
2669.0	-2.7258877269066373	78.1473789758953
2670.0	-2.7304741614929764	83.46944665126674
2671.0	-2.7350605960793155	72.95422391717342
2672.0	-2.7396470306656537	75.38795712076171
2673.0	-2.7442334652519946	72.84052524153434
2674.0	-2.748819899838332	69.4422145120535
2675.0	-2.753406334424672	69.1624255787637
2676.0	-2.757992769011011	59.8485548895936
2677.0	-2.76257920359735	69.74537167375911
2678.0	-2.7671656381836884	76.97810617394403
2679.0	-2.7717520727700284	71.85464779618036
2680.0	-2.7763385073563667	64.43727087426743
2681.0	-2.7809249419427067	70.82054846412395
2682.0	-2.785511376529045	81.33209967957701
2683.0	-2.790097811115385	89.49227745644156
2684.0	-2.7946842457017222	85.83856155125642
2685.0	-2.799270680288063	71.93057463995396
2686.0	-2.8038571148744014	71.53226456528435
2687.0	-2.8084435494607405	81.8364584213529
2688.0	-2.8130299840470796	73.4282140667624
2689.0	-2.8176164186334196	81.10377566267007
2690.0	-2.822202853219757	82.26674268689622
2691.0	-2.826789287806098	74.6996085688738
2692.0	-2.831375722392435	54.272509194340344
2693.0	-2.835962156978775	48.57763213879752
2694.0	-2.8405485915651143	45.94770629250279
2695.0	-2.8451350261514534	44.70478414885297
2696.0	-2.8497214607377916	61.01735030113519
2697.0	-2.8543078953241316	65.2345315812643
2698.0	-2.85889432991047	70.70110704779239
2699.0	-2.86348076449681	68.55903298951988
2700.0	-2.8680671990831472	63.591309755590956
2701.0	-2.872653633669488	62.37617265744841
2702.0	-2.8772400682558255	58.17874137251529
2703.0	-2.8818265028421663	62.374012229906114
2704.0	-2.8864129374285046	73.47978138196399
2705.0	-2.8909993720148437	68.2718425598057
2706.0	-2.895585806601182	88.4192708720511
2707.0	-2.900172241187523	83.64410258470122
2708.0	-2.90475867577386	78.6029739617663
2709.0	-2.909345110360201	80.40767705115118
2710.0	-2.9139315449465384	75.08033843663416
2711.0	-2.9185179795328784	67.15724300033722
2712.0	-2.9231044141192166	78.28091226958938
2713.0	-2.9276908487055566	94.05501903801213
2714.0	-2.932277283291895	61.88465893635799
2715.0	-2.936863717878235	59.57810564947167
2716.0	-2.941450152464573	64.65136288611264
2717.0	-2.946036587050913	77.32514749096973
2718.0	-2.9506230216372504	78.34826847961494
2719.0	-2.9552094562235913	76.8189157261579
2720.0	-2.9597958908099296	77.01289513682053
2721.0	-2.9643823253962696	75.9454106274577
2722.0	-2.968968759982608	77.10604256318827
2723.0	-2.973555194568947	83.93627344238728
2724.0	-2.978141629155285	94.31583111466763
2725.0	-2.982728063741626	96.6153220023612
2726.0	-2.9873144983279634	88.85590289182231
2727.0	-2.9919009329143043	71.85814258740808
2728.0	-2.9964873675006416	76.35338017906332
2729.0	-3.0010738020869816	95.01670621083609
2730.0	-3.00566023667332	92.36309721192023
2731.0	-3.01024667125966	77.89306557799556
2732.0	-3.014833105845998	81.2727811008404
2733.0	-3.019419540432339	92.8756881302974
2734.0	-3.0240059750186763	93.15174984492997
2735.0	-3.0285924096050163	84.86536493971576
2736.0	-3.0331788441913536	75.56324923485381
2737.0	-3.0377652787776945	71.20093595755594
2738.0	-3.0423517133640328	84.43071038130044
2739.0	-3.0469381479503728	92.63885734933656
2740.0	-3.051524582536711	77.28127149929148
2741.0	-3.05611101712305	76.68822812546148
2742.0	-3.0606974517093883	78.9816728776695
2743.0	-3.0652838862957292	76.2844416246986
2744.0	-3.0698703208820666	63.74322617338681
2745.0	-3.0744567554684066	62.72571714324483
2746.0	-3.0790431900547457	70.81747479935572
2747.0	-3.083629624641085	72.15496684823256
2748.0	-3.088216059227423	64.95599798336319
2749.0	-3.092802493813763	51.29589554535228
2750.0	-3.0973889284001013	49.22893307885202
2751.0	-3.1019753629864413	52.07515339431495
2752.0	-3.1065617975727795	56.53383380244584
2753.0	-3.1111482321591195	55.061537750002884
2754.0	-3.115734666745457	47.03145725214961
2755.0	-3.1203211013317977	50.41116553129606
2756.0	-3.124907535918136	56.865415249690344
2757.0	-3.129493970504475	55.101107972669695
2758.0	-3.134080405090814	65.6489954776448
2759.0	-3.138666839677154	69.50411587222726
2760.0	-3.1432532742634915	58.642955815890936
2761.0	-3.1478397088498324	49.80037322680913
2762.0	-3.15242614343617	45.79420718455013
2763.0	-3.15701257802251	32.033286401613715
2764.0	-3.161599012608849	31.088317839220277
2765.0	-3.166185447195188	29.172444865709473
2766.0	-3.1707718817815262	43.8074876425424
2767.0	-3.1753583163678663	43.13029528332625
2768.0	-3.1799447509542045	47.81898678718648
2769.0	-3.1845311855405445	67.43216835097667
2770.0	-3.1891176201268827	67.25100735821894
2771.0	-3.1937040547132227	64.98592239337013
2772.0	-3.198290489299561	58.874790616442496
2773.0	-3.202876923885901	53.24577766804994
2774.0	-3.207463358472239	43.89065143972172
2775.0	-3.2120497930585783	44.18274717571444
2776.0	-3.2166362276449174	50.45725826793822
2777.0	-3.2212226622312574	57.36659637092695
2778.0	-3.2258090968175948	55.738780650106
2779.0	-3.2303955314039356	47.46966005213753
2780.0	-3.234981965990273	47.764869454467686
2781.0	-3.239568400576613	52.13748902666106
2782.0	-3.2441548351629512	52.70307499551735
2783.0	-3.2487412697492912	46.56340099563116
2784.0	-3.2533277043356295	42.76661603214177
2785.0	-3.2579141389219703	45.13480082559337
2786.0	-3.2625005735083077	44.65869311315842
2787.0	-3.2670870080946477	44.02777077569921
2788.0	-3.271673442680985	47.936839305401506
2789.0	-3.276259877267326	46.026012828651204
2790.0	-3.280846311853664	40.42300125915003
2791.0	-3.285432746440004	35.26868366125558
2792.0	-3.2900191810263424	34.70274601397637
2793.0	-3.2946056156126815	35.89174077965142
2794.0	-3.2991920501990197	50.458198552415624
2795.0	-3.3037784847853606	48.47089210319976
2796.0	-3.308364919371698	48.373673102441984
2797.0	-3.312951353958039	49.845340047337714
2798.0	-3.317537788544377	45.58697737091542
2799.0	-3.322124223130716	38.18697920219586
2800.0	-3.3267106577170544	36.796030115016485
2801.0	-3.3312970923033944	40.582813721051046
2802.0	-3.3358835268897327	38.57520178296342
2803.0	-3.3404699614760736	40.08005784713776
2804.0	-3.345056396062411	37.82128208352206
2805.0	-3.349642830648751	34.51915396180033
2806.0	-3.3542292652350882	33.21182765808189
2807.0	-3.358815699821429	33.16227455445956
2808.0	-3.3634021344077674	31.422181743123243
2809.0	-3.3679885689941074	27.829645030249374
2810.0	-3.3725750035804456	29.309422061975614
2811.0	-3.3771614381667856	30.7435504756606
2812.0	-3.381747872753123	30.095147925675512
2813.0	-3.386334307339464	29.33486649369996
2814.0	-3.390920741925801	33.6858620119834
2815.0	-3.395507176512142	37.883842254324364
2816.0	-3.4000936110984803	37.060767422914225
2817.0	-3.4046800456848194	36.44617751864173
2818.0	-3.4092664802711576	36.74906439361979
2819.0	-3.4138529148574976	35.56505887758064
2820.0	-3.418439349443836	36.364562005588624
2821.0	-3.4230257840301768	34.98950250680001
2822.0	-3.427612218616514	35.313340133768726
2823.0	-3.432198653202854	39.975310846191945
2824.0	-3.4367850877891923	36.714073536031314
2825.0	-3.4413715223755323	33.32054476328963
2826.0	-3.4459579569618706	38.96704042437483
2827.0	-3.4505443915482097	34.962156959932464
2828.0	-3.455130826134549	30.310878251614664
2829.0	-3.459717260720889	25.9378463823652
2830.0	-3.464303695307226	27.546528017365727
2831.0	-3.468890129893567	30.27693022631123
2832.0	-3.4734765644799044	32.790642425121355
2833.0	-3.4780629990662444	33.988605875549425
2834.0	-3.4826494336525835	29.063772673598354
2835.0	-3.4872358682389226	41.067455213729474
2836.0	-3.491822302825261	29.421213809617036
2837.0	-3.4964087374116017	28.36144126375829
2838.0	-3.500995171997939	32.268629807793914
2839.0	-3.505581606584279	38.338535391917446
2840.0	-3.5101680411706173	37.39812201698465
2841.0	-3.5147544757569573	35.546714142841026
2842.0	-3.5193409103432955	36.39079701357044
2843.0	-3.5239273449296356	36.79209380071271
2844.0	-3.528513779515974	41.212470540039156
2845.0	-3.533100214102313	44.088570199117875
2846.0	-3.537686648688652	42.01537154836129
2847.0	-3.542273083274992	42.91228236701082
2848.0	-3.5468595178613294	53.21625326779473
2849.0	-3.5514459524476703	47.60054890200743
2850.0	-3.5560323870340085	39.26870488559062
2851.0	-3.5606188216203476	29.530627867626997
2852.0	-3.5652052562066867	36.86957035394166
2853.0	-3.569791690793026	53.510364350626176
2854.0	-3.574378125379364	56.28282332680736
2855.0	-3.578964559965705	39.14108983906065
2856.0	-3.5835509945520423	33.38991076108462
2857.0	-3.5881374291383823	30.15362397940658
2858.0	-3.5927238637247205	30.561023409265573
2859.0	-3.5973102983110605	36.03485921574192
2860.0	-3.6018967328973988	34.81098143914496
2861.0	-3.6064831674837388	33.04394317339069
2862.0	-3.611069602070077	37.02369448853536
2863.0	-3.615656036656417	41.02412595178286
2864.0	-3.6202424712427543	39.59932790208373
2865.0	-3.6248289058290952	36.49161838613286
2866.0	-3.6294153404154326	42.73317513824836
2867.0	-3.6340017750017735	48.51225992014074
2868.0	-3.6385882095881117	36.83953332817549
2869.0	-3.643174644174451	36.03100242544539
2870.0	-3.647761078760789	45.41091599461881
2871.0	-3.652347513347129	44.964056242511404
2872.0	-3.6569339479334673	44.550950141245494
2873.0	-3.661520382519808	43.650712979419716
2874.0	-3.6661068171061455	38.73073591924187
2875.0	-3.6706932516924855	34.61713968658771
2876.0	-3.6752796862788237	36.57444869677785
2877.0	-3.6798661208651637	41.666444972002175
2878.0	-3.684452555451502	42.482875904109264
2879.0	-3.689038990037842	46.88181633442981
2880.0	-3.69362542462418	34.886087725205094
2881.0	-3.69821185921052	33.392439978250394
2882.0	-3.7027982937968575	36.56579984634035
2883.0	-3.7073847283831984	36.227261190779245
2884.0	-3.7119711629695358	34.82331385438895
2885.0	-3.7165575975558767	36.01934653968871
2886.0	-3.721144032142215	39.29713362043054
2887.0	-3.725730466728554	40.24297905033322
2888.0	-3.7303169013148922	38.98687239827915
2889.0	-3.734903335901233	34.025985613576935
2890.0	-3.7394897704875705	34.18902098821115
2891.0	-3.7440762050739114	42.424203886477194
2892.0	-3.7486626396602487	40.86264133661596
2893.0	-3.7532490742465887	34.85484776029166
2894.0	-3.757835508832927	34.261600642472004
2895.0	-3.762421943419267	43.88896933424615
2896.0	-3.767008378005605	38.76306341048044
2897.0	-3.771594812591945	35.22510509841522
2898.0	-3.7761812471782834	39.1471955092254
2899.0	-3.7807676817646234	49.63336278557322
2900.0	-3.7853541163509608	47.76635420830117
2901.0	-3.7899405509373016	41.72775095346205
2902.0	-3.79452698552364	40.18683977989157
2903.0	-3.79911342010998	46.82561523628667
2904.0	-3.803699854696318	43.81723583599877
2905.0	-3.8082862892826572	41.35963369735017
2906.0	-3.8128727238689955	35.606962994987704
2907.0	-3.8174591584553363	39.718178123090965
2908.0	-3.8220455930416737	36.874710495194655
2909.0	-3.8266320276280137	36.0837531370635
2910.0	-3.831218462214352	39.42334688009083
2911.0	-3.835804896800692	36.79491359298559
2912.0	-3.84039133138703	32.49053126357074
2913.0	-3.84497776597337	30.898878700424003
2914.0	-3.8495642005597084	32.50005462745036
2915.0	-3.8541506351460484	41.661792326590756
2916.0	-3.8587370697323866	34.671632791225235
2917.0	-3.8633235043187266	29.710099190965213
2918.0	-3.867909938905064	33.405161017281706
2919.0	-3.872496373491405	35.17553496786271
2920.0	-3.877082808077743	33.27710268902167
2921.0	-3.881669242664082	35.187009172967315
2922.0	-3.8862556772504213	37.08867653257208
2923.0	-3.8908421118367604	41.64910971581078
2924.0	-3.8954285464230987	37.21581263087197
2925.0	-3.9000149810094396	33.68162375224905
2926.0	-3.904601415595777	38.84023171455077
2927.0	-3.909187850182117	36.75101945762767
2928.0	-3.913774284768456	35.58109270222585
2929.0	-3.918360719354795	37.91237139162037
2930.0	-3.9229471539411334	46.284678135842434
2931.0	-3.9275335885274734	46.26267653066512
2932.0	-3.9321200231138116	47.42653066974746
2933.0	-3.9367064577001516	45.916307491318406
2934.0	-3.94129289228649	38.272038144045425
2935.0	-3.94587932687283	36.86352942112191
2936.0	-3.950465761459167	31.62032835911723
2937.0	-3.955052196045508	27.4109878941274
2938.0	-3.9596386306318463	30.802190208250202
2939.0	-3.9642250652181854	25.896943087672973
2940.0	-3.9688114998045245	28.46477960435807
2941.0	-3.9733979343908645	31.483209961685013
2942.0	-3.977984368977202	33.948686600116346
2943.0	-3.9825708035635428	39.912469499769166
2944.0	-3.98715723814988	35.93286930740891
2945.0	-3.99174367273622	32.89882634492326
2946.0	-3.9963301073225583	40.30515388434208
2947.0	-4.000916541908898	40.555570812321335
2948.0	-4.005502976495237	27.48216513689584
2949.0	-4.010089411081577	34.16596379211144
2950.0	-4.014675845667915	36.83311914261968
2951.0	-4.019262280254255	44.48485942242496
2952.0	-4.023848714840592	40.51490409752405
2953.0	-4.028435149426933	29.35418301950665
2954.0	-4.033021584013271	29.07162555663234
2955.0	-4.037608018599611	25.170774850389993
2956.0	-4.0421944531859495	27.670230556316703
2957.0	-4.046780887772289	30.507415226895567
2958.0	-4.051367322358627	37.12048523754332
2959.0	-4.055953756944968	38.7975219634695
2960.0	-4.060540191531305	35.511882021344306
2961.0	-4.065126626117646	29.490172955492437
2962.0	-4.069713060703983	27.393303955125667
2963.0	-4.074299495290323	21.086851331107326
2964.0	-4.0788859298766615	22.711558483108142
2965.0	-4.0834723644630015	28.363479222941127
2966.0	-4.08805879904934	28.200020686136973
2967.0	-4.092645233635681	26.787404995720937
2968.0	-4.097231668222018	21.34875079664153
2969.0	-4.101818102808358	20.52729612541328
2970.0	-4.106404537394695	19.437074366770613
2971.0	-4.110990971981036	18.90946920597724
2972.0	-4.1155774065673745	25.42715286443284
2973.0	-4.1201638411537145	25.133589522272278
2974.0	-4.124750275740053	22.866936585077156
2975.0	-4.129336710326392	25.824946695666277
2976.0	-4.13392314491273	35.72343408933555
2977.0	-4.138509579499071	39.423306667586054
2978.0	-4.143096014085408	37.77834300543869
2979.0	-4.147682448671749	33.35602340776547
2980.0	-4.152268883258087	26.134872716503725
2981.0	-4.1568553178444265	27.32787735301182
2982.0	-4.161441752430765	25.876025574035637
2983.0	-4.166028187017105	14.151428050409542
2984.0	-4.170614621603443	20.702119764214014
2985.0	-4.175201056189784	26.21571048699599
2986.0	-4.179787490776121	18.97247200248771
2987.0	-4.184373925362461	19.528136225361912
2988.0	-4.188960359948799	21.71936978558658
2989.0	-4.193546794535139	25.060997878738895
2990.0	-4.198133229121479	28.427560248420352
2991.0	-4.202719663707817	27.433622197376987
2992.0	-4.207306098294156	29.209416043236878
2993.0	-4.211892532880496	30.760231866330727
2994.0	-4.216478967466834	25.576870815002206
2995.0	-4.221065402053173	22.54010260406371
2996.0	-4.225651836639512	22.34447839389582
2997.0	-4.2302382712258515	27.327115424947472
2998.0	-4.234824705812191	25.6565741701703
2999.0	-4.23941114039853	24.27923317953237
3000.0	-4.243997574984869	28.573739510180634
3001.0	-4.248584009571207	26.330097510328542
3002.0	-4.253170444157547	35.430809929902296
3003.0	-4.257756878743886	27.93977675536309
3004.0	-4.262343313330224	28.149006912867204
3005.0	-4.266929747916564	27.902517617272736
3006.0	-4.2715161825029035	25.678454048624545
3007.0	-4.276102617089242	24.55458403816786
3008.0	-4.280689051675581	22.464101838177815
3009.0	-4.28527548626192	22.275837655967567
3010.0	-4.289861920848259	21.3362830781211
3011.0	-4.294448355434598	17.55297215246416
3012.0	-4.299034790020937	24.556244477647393
3013.0	-4.3036212246072765	26.340901915769084
3014.0	-4.308207659193615	20.647550327684563
3015.0	-4.312794093779955	14.101802292646871
3016.0	-4.317380528366294	22.63573674003721
3017.0	-4.321966962952632	37.327355450572746
3018.0	-4.326553397538972	25.50808281868035
3019.0	-4.331139832125311	18.01013014708667
3020.0	-4.335726266711649	25.408684484362727
3021.0	-4.340312701297989	22.40849064500829
3022.0	-4.344899135884328	27.27043950718723
3023.0	-4.349485570470667	26.74401067708764
3024.0	-4.354072005057007	31.02804292679828
3025.0	-4.358658439643345	30.618646525503706
3026.0	-4.363244874229684	24.312103637516802
3027.0	-4.367831308816023	20.273541099765332
3028.0	-4.372417743402362	17.714768032766553
3029.0	-4.3770041779887014	23.464825782117998
3030.0	-4.381590612575041	26.302456215266478
3031.0	-4.38617704716138	31.976534767500606
3032.0	-4.390763481747719	30.520867367015686
3033.0	-4.395349916334058	23.956598199620494
3034.0	-4.399936350920397	22.990314307133186
3035.0	-4.404522785506735	26.796632740291436
3036.0	-4.409109220093075	32.04444591885187
3037.0	-4.413695654679414	34.09929036000715
3038.0	-4.418282089265753	29.33071847233629
3039.0	-4.422868523852093	23.691895920928722
3040.0	-4.427454958438431	25.279841056625187
3041.0	-4.43204139302477	24.110129266625272
3042.0	-4.43662782761111	23.729974395326195
3043.0	-4.441214262197448	20.586899726421095
3044.0	-4.445800696783787	20.852122538129368
3045.0	-4.450387131370127	25.468490298240507
3046.0	-4.4549735659564655	28.6290957242242
3047.0	-4.459560000542805	28.46980621062002
3048.0	-4.464146435129144	25.386408389966583
3049.0	-4.468732869715483	21.559527468351085
3050.0	-4.473319304301822	18.578279914620428
3051.0	-4.477905738888161	22.451476036990485
3052.0	-4.4824921734745	22.24267780934331
3053.0	-4.4870786080608385	21.199887456816583
3054.0	-4.4916650426471785	17.195416149005002
3055.0	-4.496251477233518	14.80475434276864
3056.0	-4.500837911819856	16.447110276159055
3057.0	-4.505424346406196	14.111022464537598
3058.0	-4.510010780992535	15.739179543024358
3059.0	-4.514597215578873	18.322202929913384
3060.0	-4.519183650165213	20.417357236221793
3061.0	-4.523770084751551	24.630702063479635
3062.0	-4.5283565193378905	31.914862832728776
3063.0	-4.5329429539242305	36.77914437831323
3064.0	-4.537529388510569	36.20247965392953
3065.0	-4.542115823096908	36.711493514405774
3066.0	-4.546702257683247	25.25266029901102
3067.0	-4.551288692269586	18.860136723953115
3068.0	-4.555875126855925	25.90994495438388
3069.0	-4.560461561442264	27.91311040314897
3070.0	-4.5650479960286034	34.36547216921134
3071.0	-4.569634430614943	39.14389405461534
3072.0	-4.574220865201282	36.39097617508465
3073.0	-4.578807299787621	28.612053099653334
3074.0	-4.583393734373959	26.672684692154935
3075.0	-4.587980168960299	13.371246327614475
3076.0	-4.592566603546638	19.085383586855915
3077.0	-4.597153038132976	21.331043004825563
3078.0	-4.601739472719316	19.301682684806206
3079.0	-4.606325907305655	21.55969038559611
3080.0	-4.610912341891994	19.73330707071074
3081.0	-4.615498776478334	23.413970789485653
3082.0	-4.620085211064672	26.519489373106893
3083.0	-4.624671645651011	28.337162035676865
3084.0	-4.629258080237351	31.735364840671924
3085.0	-4.633844514823689	32.33333043320951
3086.0	-4.638430949410028	31.772538646616443
3087.0	-4.6430173839963675	34.77078164020745
3088.0	-4.647603818582707	32.646635003956625
3089.0	-4.652190253169046	37.74368166955538
3090.0	-4.656776687755384	36.96785726646406
3091.0	-4.661363122341724	36.432027153063196
3092.0	-4.665949556928062	32.01705236267919
3093.0	-4.670535991514401	31.269718577259333
3094.0	-4.675122426100741	32.166652048211596
3095.0	-4.67970886068708	34.41387528285984
3096.0	-4.684295295273419	32.503828552572244
3097.0	-4.688881729859759	24.91537983655143
3098.0	-4.693468164446097	19.980902250946947
3099.0	-4.698054599032436	22.957843019500544
3100.0	-4.702641033618775	26.84721208477999
3101.0	-4.707227468205114	29.867498704264776
3102.0	-4.711813902791453	31.286066034378624
3103.0	-4.7164003373777925	31.96159711853874
3104.0	-4.720986771964132	32.27081317145894
3105.0	-4.72557320655047	33.78728045506383
3106.0	-4.73015964113681	33.783700252795455
3107.0	-4.734746075723149	31.821972373752264
3108.0	-4.739332510309487	26.40511227141878
3109.0	-4.743918944895827	22.054508878282384
3110.0	-4.748505379482166	25.624267867862656
3111.0	-4.753091814068505	35.275636602810195
3112.0	-4.757678248654845	32.53383274524715
3113.0	-4.762264683241183	26.164775156858056
3114.0	-4.766851117827522	30.251931718290244
3115.0	-4.771437552413862	29.376327537241767
3116.0	-4.7760239870002	26.56274405083547
3117.0	-4.780610421586539	26.5766470249958
3118.0	-4.785196856172878	24.306169718592244
3119.0	-4.7897832907592175	19.14277474061513
3120.0	-4.794369725345557	26.47934222701487
3121.0	-4.798956159931896	25.02632980987208
3122.0	-4.803542594518235	21.154104110970536
3123.0	-4.808129029104574	24.64244939674054
3124.0	-4.812715463690913	27.264226912468306
3125.0	-4.817301898277252	22.761773289534368
3126.0	-4.82188833286359	23.982646449549236
3127.0	-4.82647476744993	28.53567078380132
3128.0	-4.8310612020362695	25.82495639949472
3129.0	-4.835647636622608	25.740408849348004
3130.0	-4.840234071208948	30.80203005124548
3131.0	-4.844820505795286	27.27113405134834
3132.0	-4.849406940381625	24.12540821428796
3133.0	-4.853993374967965	18.772143420168764
3134.0	-4.858579809554303	25.930609162250864
3135.0	-4.8631662441406425	29.063282560744604
3136.0	-4.8677526787269825	20.216979623928903
3137.0	-4.872339113313321	20.42903243133245
3138.0	-4.87692554789966	18.29362567317062
3139.0	-4.881511982485999	17.35198865302011
3140.0	-4.886098417072338	17.161704659557643
3141.0	-4.890684851658677	21.07123026167371
3142.0	-4.895271286245016	21.92700142226772
3143.0	-4.899857720831355	16.72925627086367
3144.0	-4.9044441554176945	21.4652972656272
3145.0	-4.909030590004033	24.51640742553754
3146.0	-4.913617024590373	28.000806271901894
3147.0	-4.918203459176712	19.913804434448185
3148.0	-4.922789893763051	21.07112551249173
3149.0	-4.927376328349389	21.88378531256345
3150.0	-4.931962762935728	17.751786799729373
3151.0	-4.9365491975220674	9.678077808692622
3152.0	-4.9411356321084074	23.920399386373134
3153.0	-4.945722066694746	21.34793550778701
3154.0	-4.950308501281085	15.694619674203121
3155.0	-4.954894935867424	15.612127046258829
3156.0	-4.959481370453763	22.422254613180066
3157.0	-4.964067805040102	27.265266285984808
3158.0	-4.968654239626441	29.408004263544175
3159.0	-4.97324067421278	30.866881551514318
3160.0	-4.9778271087991195	24.66144632179319
3161.0	-4.982413543385459	21.928683270729564
3162.0	-4.986999977971797	20.54562987566872
3163.0	-4.991586412558137	18.850258004940386
3164.0	-4.996172847144475	18.88058328524515
3165.0	-5.000759281730815	21.18900199411813
3166.0	-5.005345716317153	21.67017911768368
3167.0	-5.009932150903493	24.019732699640336
3168.0	-5.0145185854898315	19.545636415596306
3169.0	-5.0191050200761715	17.608005706417103
3170.0	-5.02369145466251	21.574549155266478
3171.0	-5.028277889248849	29.401424786050516
3172.0	-5.032864323835188	23.658881673560167
3173.0	-5.037450758421528	21.26022644186078
3174.0	-5.042037193007866	19.423417665650422
3175.0	-5.046623627594205	22.96617731867604
3176.0	-5.0512100621805445	23.28973691237082
3177.0	-5.055796496766883	24.80293412014566
3178.0	-5.060382931353223	22.454266244101227
3179.0	-5.064969365939562	22.745307578848895
3180.0	-5.069555800525901	19.608475284554107
3181.0	-5.074142235112239	22.77047380592236
3182.0	-5.078728669698579	23.19764048492803
3183.0	-5.083315104284917	22.908656003366758
3184.0	-5.087901538871257	21.416618848615116
3185.0	-5.092487973457596	18.787558535543347
3186.0	-5.097074408043936	15.045191255788426
3187.0	-5.101660842630274	13.08323381494662
3188.0	-5.106247277216614	12.834160875087056
3189.0	-5.110833711802952	14.54117496425092
3190.0	-5.115420146389291	14.564629761140143
3191.0	-5.12000658097563	14.644657790014817
3192.0	-5.1245930155619694	12.267999553007735
3193.0	-5.129179450148309	18.14042076294334
3194.0	-5.133765884734647	16.41757786353338
3195.0	-5.138352319320987	20.31014881471909
3196.0	-5.142938753907326	20.889135184502766
3197.0	-5.147525188493665	12.317101728900061
3198.0	-5.152111623080003	15.456083886823741
3199.0	-5.156698057666343	14.686643468561643
3200.0	-5.1612844922526815	18.949859432095717
3201.0	-5.1658709268390215	19.092111005434393
3202.0	-5.17045736142536	18.81938223963552
3203.0	-5.175043796011699	21.710024559401713
3204.0	-5.179630230598038	21.922764700538316
3205.0	-5.184216665184378	20.6978455402095
3206.0	-5.188803099770716	17.528164634650118
3207.0	-5.193389534357055	12.314440322351707
3208.0	-5.197975968943394	15.14359961448876
3209.0	-5.2025624035297335	19.22701775058934
3210.0	-5.207148838116073	16.396200956639575
3211.0	-5.211735272702412	11.452531297728079
3212.0	-5.216321707288751	13.29755637386375
3213.0	-5.22090814187509	14.49747185105737
3214.0	-5.225494576461429	14.65943534311661
3215.0	-5.230081011047767	16.455510668423116
3216.0	-5.234667445634107	15.35031276821947
3217.0	-5.2392538802204465	15.036885494419435
3218.0	-5.243840314806786	16.413261021591698
3219.0	-5.248426749393124	17.17520259612304
3220.0	-5.253013183979464	16.935905756712398
3221.0	-5.257599618565802	17.964181942550045
3222.0	-5.262186053152142	17.349890905242848
3223.0	-5.26677248773848	16.951568483827476
3224.0	-5.271358922324819	15.612442689859465
3225.0	-5.2759453569111585	15.627437245640794
3226.0	-5.2805317914974985	10.270341427187564
3227.0	-5.285118226083837	10.764720456188765
3228.0	-5.289704660670176	19.428793881380734
3229.0	-5.294291095256515	18.15980536202384
3230.0	-5.298877529842854	10.133561579733612
3231.0	-5.303463964429193	11.442617274867027
3232.0	-5.308050399015531	15.135621084141878
3233.0	-5.3126368336018714	14.911436273043364
3234.0	-5.317223268188211	12.279949696325001
3235.0	-5.32180970277455	11.351019170881555
3236.0	-5.326396137360888	16.226466059578332
3237.0	-5.330982571947228	18.64386873815093
3238.0	-5.335569006533566	19.527920813637373
3239.0	-5.340155441119906	19.56676955291766
3240.0	-5.344741875706244	21.200133685740465
3241.0	-5.3493283102925835	12.586324939485676
3242.0	-5.353914744878923	11.792161714303644
3243.0	-5.358501179465263	14.375382278745354
3244.0	-5.363087614051601	15.553658792899357
3245.0	-5.36767404863794	16.438136438870085
3246.0	-5.372260483224279	16.3131095905775
3247.0	-5.376846917810618	25.467591589025947
3248.0	-5.381433352396957	19.778009019541898
3249.0	-5.386019786983296	18.689383272169156
3250.0	-5.3906062215696355	19.451787454569175
3251.0	-5.395192656155975	16.432567521438127
3252.0	-5.399779090742314	13.405961510720237
3253.0	-5.404365525328652	12.675666500437362
3254.0	-5.408951959914992	17.596734200874188
3255.0	-5.41353839450133	19.039121432519778
3256.0	-5.41812482908767	15.30889456157412
3257.0	-5.4227112636740085	16.62179557216396
3258.0	-5.4272976982603485	14.929743934000642
3259.0	-5.431884132846687	11.858555096734625
3260.0	-5.436470567433027	10.849176193455788
3261.0	-5.441057002019365	11.457362069110662
3262.0	-5.445643436605704	19.637966850625244
3263.0	-5.450229871192043	22.842237136293143
3264.0	-5.454816305778383	21.56348920631286
3265.0	-5.459402740364721	17.454055515292747
3266.0	-5.4639891749510605	15.987957681882888
3267.0	-5.4685756095374	13.942385616946005
3268.0	-5.473162044123738	15.115991019398079
3269.0	-5.477748478710078	12.262923492676379
3270.0	-5.482334913296417	15.741032537698059
3271.0	-5.486921347882756	16.23853230300376
3272.0	-5.491507782469094	19.597640574915935
3273.0	-5.496094217055434	10.98501929709432
3274.0	-5.500680651641773	12.253938087200012
3275.0	-5.505267086228113	10.610267480147984
3276.0	-5.509853520814451	8.451398036986678
3277.0	-5.514439955400791	10.96310856806671
3278.0	-5.519026389987129	8.564503336258595
3279.0	-5.523612824573468	6.068019666163827
3280.0	-5.528199259159807	19.369720101512307
3281.0	-5.532785693746146	15.87557665441863
3282.0	-5.5373721283324855	10.27424569140478
3283.0	-5.541958562918825	16.05041724314434
3284.0	-5.546544997505164	11.389642172486138
3285.0	-5.551131432091502	15.647654739293914
3286.0	-5.555717866677842	16.848692652553613
3287.0	-5.560304301264181	16.026557334993008
3288.0	-5.56489073585052	8.656493127095414
3289.0	-5.569477170436858	15.396987180969825
3290.0	-5.574063605023198	21.34070705117567
3291.0	-5.578650039609537	17.810601617128583
3292.0	-5.583236474195877	10.838858828470094
3293.0	-5.587822908782215	10.147363562546445
3294.0	-5.592409343368554	10.812457896305917
3295.0	-5.596995777954893	11.304195881840156
3296.0	-5.601582212541233	7.933159032231541
3297.0	-5.606168647127571	7.034511526544485
3298.0	-5.6107550817139105	9.856733520123912
3299.0	-5.61534151630025	16.75410394489406
3300.0	-5.619927950886589	10.525866422657797
3301.0	-5.624514385472928	17.28121317510305
3302.0	-5.629100820059267	20.67649165299733
3303.0	-5.633687254645606	17.783543439307337
3304.0	-5.638273689231945	9.572285494865145
3305.0	-5.642860123818284	14.415321050142735
3306.0	-5.6474465584046225	13.635955038744028
3307.0	-5.6520329929909625	13.38476574072249
3308.0	-5.656619427577302	13.369444952179139
3309.0	-5.661205862163641	14.178218977613982
3310.0	-5.665792296749979	15.64425052798191
3311.0	-5.670378731336319	12.83821922257441
3312.0	-5.674965165922657	15.209782740393356
3313.0	-5.679551600508997	10.592980560626094
3314.0	-5.684138035095335	8.731224234676361
3315.0	-5.688724469681675	15.976417545839615
3316.0	-5.693310904268014	8.964092063130282
3317.0	-5.697897338854353	12.428370514750641
3318.0	-5.702483773440692	9.3312395402443
3319.0	-5.707070208027031	7.738502151717002
3320.0	-5.71165664261337	15.674307326304202
3321.0	-5.716243077199709	10.436124436553811
3322.0	-5.720829511786048	14.158934548130299
3323.0	-5.725415946372387	9.566381234808013
3324.0	-5.730002380958727	9.541204043849856
3325.0	-5.734588815545066	14.199111470012417
3326.0	-5.739175250131405	16.291416327227488
3327.0	-5.743761684717743	13.095882508350119
3328.0	-5.748348119304083	3.830734517104518
3329.0	-5.752934553890421	5.453679473997802
3330.0	-5.757520988476761	11.247435475329802
3331.0	-5.7621074230630995	9.619022738840728
3332.0	-5.766693857649439	9.135275358921639
3333.0	-5.771280292235778	14.322894250778406
3334.0	-5.775866726822118	16.569001477414364
3335.0	-5.780453161408456	15.18155481195399
3336.0	-5.785039595994795	13.084938657014327
3337.0	-5.789626030581134	8.170258954538127
3338.0	-5.794212465167473	8.356445577271607
3339.0	-5.7987988997538125	8.980520465153536
3340.0	-5.803385334340152	11.927982708658972
3341.0	-5.807971768926491	15.860102181698743
3342.0	-5.812558203512829	14.261639854244358
3343.0	-5.817144638099169	10.267218360514297
3344.0	-5.821731072685507	8.676253883951338
3345.0	-5.826317507271847	7.600738714325039
3346.0	-5.830903941858185	12.767261340625755
3347.0	-5.835490376444525	14.368055535713747
3348.0	-5.840076811030864	21.44331691892345
3349.0	-5.844663245617204	12.492174553530138
3350.0	-5.849249680203542	14.011693638812229
3351.0	-5.853836114789882	17.30122387604017
3352.0	-5.85842254937622	15.562097967275134
3353.0	-5.863008983962559	12.73437067211319
3354.0	-5.867595418548898	12.593795850588961
3355.0	-5.8721818531352366	11.764858723167537
3356.0	-5.8767682877215766	7.044806686436294
3357.0	-5.881354722307916	7.4975762139374185
3358.0	-5.885941156894255	15.26676882820636
3359.0	-5.890527591480593	17.862156100272465
3360.0	-5.895114026066933	15.996570841766221
3361.0	-5.899700460653271	12.904096150159821
3362.0	-5.904286895239611	14.118656271956965
3363.0	-5.9088733298259495	14.99853632701441
3364.0	-5.9134597644122895	13.908156662571713
3365.0	-5.918046198998628	12.92858553279727
3366.0	-5.922632633584968	13.275718140800674
3367.0	-5.927219068171306	12.554097296830014
3368.0	-5.931805502757645	12.225859306931058
3369.0	-5.936391937343984	18.29591011877825
3370.0	-5.940978371930323	17.95340093785551
3371.0	-5.945564806516662	17.894189858627488
3372.0	-5.9501512411030015	19.91656569280782
3373.0	-5.954737675689341	19.193391625404164
3374.0	-5.95932411027568	14.631075396439112
3375.0	-5.963910544862019	8.076984751017344
3376.0	-5.968496979448357	8.97152617115197
3377.0	-5.973083414034697	17.727269703371345
3378.0	-5.977669848621036	16.415923076939578
3379.0	-5.982256283207375	15.649411302467191
3380.0	-5.986842717793714	15.102707043829973
3381.0	-5.991429152380054	9.964555054835156
3382.0	-5.996015586966392	10.179484807626382
3383.0	-6.000602021552732	9.197810321910925
3384.0	-6.00518845613907	11.796004535793799
3385.0	-6.009774890725409	12.562647361860133
3386.0	-6.014361325311748	14.47307763895176
3387.0	-6.018947759898088	14.063595711991692
3388.0	-6.0235341944844265	12.98340623766314
3389.0	-6.028120629070766	14.459768127286354
3390.0	-6.032707063657105	16.28101870709341
3391.0	-6.037293498243444	16.70065226612675
3392.0	-6.041879932829783	20.465403682593013
3393.0	-6.046466367416122	19.80751303807421
3394.0	-6.051052802002461	14.668224048667685
3395.0	-6.0556392365888	14.27717052462818
3396.0	-6.060225671175139	15.344860043814727
3397.0	-6.064812105761478	17.18142075506989
3398.0	-6.069398540347818	13.608943339250017
3399.0	-6.073984974934156	8.868647117258018
3400.0	-6.078571409520496	12.38268238711737
3401.0	-6.083157844106834	11.989794838135147
3402.0	-6.087744278693173	10.545933107212296
3403.0	-6.092330713279512	15.830632355710684
3404.0	-6.096917147865852	18.63431021175514
3405.0	-6.101503582452191	11.595750514534421
3406.0	-6.10609001703853	9.736601940197385
3407.0	-6.110676451624869	17.045057745669382
3408.0	-6.115262886211208	19.793165770778923
3409.0	-6.119849320797547	14.945110688703586
3410.0	-6.124435755383886	18.25704415313449
3411.0	-6.129022189970225	19.962393686839263
3412.0	-6.133608624556564	16.040178554934784
3413.0	-6.1381950591429035	12.935005188821684
3414.0	-6.142781493729242	16.187749248012945
3415.0	-6.147367928315582	16.526514057925887
3416.0	-6.151954362901921	11.120828580428608
3417.0	-6.15654079748826	15.552173207413457
3418.0	-6.161127232074598	18.815844514303528
3419.0	-6.165713666660938	16.677418255644643
3420.0	-6.1703001012472765	13.678012042621901
3421.0	-6.1748865358336165	15.357332360749343
3422.0	-6.179472970419955	14.764190673635834
3423.0	-6.184059405006294	14.49610299075651
3424.0	-6.188645839592633	12.410996180386597
3425.0	-6.193232274178973	12.43039189044239
3426.0	-6.197818708765311	16.18059477513709
3427.0	-6.20240514335165	6.9325277103712235
3428.0	-6.206991577937989	10.258468555811131
3429.0	-6.2115780125243285	12.626435103299372
3430.0	-6.216164447110668	12.04980437426652
3431.0	-6.220750881697007	5.363406046393068
3432.0	-6.225337316283346	4.069868020954566
3433.0	-6.229923750869684	6.523929465542319
3434.0	-6.234510185456024	9.022235287444852
3435.0	-6.239096620042362	12.184547510190482
3436.0	-6.243683054628702	6.2385308087460585
3437.0	-6.2482694892150406	6.982237759026775
3438.0	-6.2528559238013806	8.38870898699998
3439.0	-6.257442358387719	11.703757654742317
3440.0	-6.262028792974058	10.858142064542703
3441.0	-6.266615227560397	12.321906306666058
3442.0	-6.271201662146737	11.692371821135305
3443.0	-6.275788096733075	11.844485299831693
3444.0	-6.280374531319414	11.68031728196106
3445.0	-6.2849609659057535	13.339847073721238
3446.0	-6.289547400492092	12.91542241537798
3447.0	-6.294133835078432	13.63304865356749
3448.0	-6.298720269664771	13.248238784607882
3449.0	-6.30330670425111	14.985821306826224
3450.0	-6.307893138837448	7.289005771834293
3451.0	-6.312479573423788	6.02078275905597
3452.0	-6.317066008010126	7.949071025019705
3453.0	-6.321652442596466	8.88878303464868
3454.0	-6.326238877182805	7.359652715866416
3455.0	-6.330825311769145	6.723776510726739
3456.0	-6.335411746355483	9.872639447323873
3457.0	-6.339998180941823	17.469940413284473
3458.0	-6.344584615528161	16.821389936800692
3459.0	-6.3491710501145	19.89975970911289
3460.0	-6.353757484700839	10.851263422387355
3461.0	-6.3583439192871785	6.605124988176974
3462.0	-6.362930353873518	9.031733674387558
3463.0	-6.367516788459857	11.059560239285627
3464.0	-6.372103223046196	12.10501008237182
3465.0	-6.376689657632535	12.117714480736744
3466.0	-6.381276092218874	13.133131630977106
3467.0	-6.385862526805212	19.62965196059784
3468.0	-6.390448961391552	9.748509306992425
3469.0	-6.395035395977891	9.503994825242952
3470.0	-6.3996218305642305	13.071857044152527
3471.0	-6.404208265150569	11.216277424806753
3472.0	-6.408794699736909	12.176224866066416
3473.0	-6.413381134323247	2.5089931312882827
3474.0	-6.417967568909587	9.627807466248942
3475.0	-6.422554003495925	13.16964894716632
3476.0	-6.427140438082264	11.872264277378585
3477.0	-6.431726872668603	12.73912647559627
3478.0	-6.4363133072549426	9.315980218627406
3479.0	-6.440899741841282	3.313487367761815
3480.0	-6.445486176427621	6.177789214863489
3481.0	-6.45007261101396	12.937158801289945
3482.0	-6.454659045600299	8.912355359947519
3483.0	-6.459245480186638	7.917823886407663
3484.0	-6.463831914772976	9.983786715902149
3485.0	-6.468418349359316	9.388571514401
3486.0	-6.4730047839456555	7.469035353770022
3487.0	-6.477591218531995	7.479321901743262
3488.0	-6.482177653118333	10.68506497935096
3489.0	-6.486764087704673	11.86770136030592
3490.0	-6.491350522291011	9.733180376527121
3491.0	-6.495936956877351	7.595309220016721
3492.0	-6.500523391463689	8.622477290415189
3493.0	-6.505109826050028	11.922983508838698
3494.0	-6.5096962606363675	13.799985992220225
3495.0	-6.5142826952227075	10.844696079016696
3496.0	-6.518869129809046	11.100129752805314
3497.0	-6.523455564395385	18.040270481799833
3498.0	-6.528041998981724	15.879509444293442
3499.0	-6.532628433568063	17.5265818683206
3500.0	-6.537214868154402	20.348069545412578
3501.0	-6.5418013027407405	17.76910125331453
3502.0	-6.54638773732708	16.677609675286135
3503.0	-6.550974171913419	9.59594633843027
3504.0	-6.555560606499757	9.911741469247007
3505.0	-6.560147041086096	12.034486175012535
3506.0	-6.564733475672435	16.377566858428164
3507.0	-6.569319910258773	16.750614442702975
3508.0	-6.573906344845113	12.327773672377372
3509.0	-6.578492779431452	9.831232640178834
3510.0	-6.58307921401779	8.079572327666042
3511.0	-6.587665648604128	6.9282523315585625
3512.0	-6.592252083190468	5.442733333800183
3513.0	-6.596838517776806	4.983373327604061
3514.0	-6.601424952363145	5.80639158423362
3515.0	-6.606011386949484	15.070952040612093
3516.0	-6.610597821535823	12.040978778676761
3517.0	-6.615184256122162	9.428706741102253
3518.0	-6.619770690708501	8.660006108113858
3519.0	-6.624357125294839	11.593899652528272
3520.0	-6.628943559881178	16.509762620456904
3521.0	-6.6335299944675175	8.420617154074302
3522.0	-6.638116429053856	11.10920111548307
3523.0	-6.642702863640194	13.195351543526716
3524.0	-6.647289298226534	9.191314428383096
3525.0	-6.651875732812872	7.310536082020244
3526.0	-6.656462167399211	7.526520913801951
3527.0	-6.6610486019855495	3.9476846790587343
3528.0	-6.665635036571889	8.870468152080681
3529.0	-6.670221471158227	13.72086200546782
3530.0	-6.674807905744567	14.298254709174568
3531.0	-6.679394340330905	12.01090674609135
3532.0	-6.683980774917243	9.30449517053699
3533.0	-6.688567209503583	8.997123542534323
3534.0	-6.6931536440899215	11.185013741555847
3535.0	-6.69774007867626	7.487905571894923
3536.0	-6.7023265132626	9.79283962332102
3537.0	-6.706912947848938	4.986337961990607
3538.0	-6.711499382435277	8.434891689196267
3539.0	-6.716085817021615	15.844610716940569
3540.0	-6.7206722516079545	14.645550460964419
3541.0	-6.725258686194293	12.913800131580908
3542.0	-6.729845120780633	13.644803871545234
3543.0	-6.734431555366971	11.96437036380379
3544.0	-6.739017989953309	13.920363029668497
3545.0	-6.743604424539648	8.664212362997297
3546.0	-6.748190859125987	10.319465850503178
3547.0	-6.752777293712326	11.965508088359028
3548.0	-6.757363728298665	12.850407321599894
3549.0	-6.761950162885004	11.015283506707307
3550.0	-6.766536597471342	10.568463965363762
3551.0	-6.771123032057681	9.723056488999925
3552.0	-6.77570946664402	11.369809961751827
3553.0	-6.7802959012303585	9.749944819293772
3554.0	-6.784882335816698	12.982973814232212
3555.0	-6.789468770403037	14.937411183344418
3556.0	-6.794055204989375	15.147221463165826
3557.0	-6.798641639575713	8.716230556919555
3558.0	-6.803228074162053	6.189367775874619
3559.0	-6.8078145087483914	11.648934368448014
3560.0	-6.812400943334731	18.48765879125716
3561.0	-6.81698737792107	16.824511090145773
3562.0	-6.821573812507408	11.80719439827
3563.0	-6.826160247093746	7.8882417712537745
3564.0	-6.830746681680086	9.98209332765899
3565.0	-6.835333116266424	5.710879801366092
3566.0	-6.8399195508527635	13.541929893797603
3567.0	-6.844505985439102	10.647510269086238
3568.0	-6.849092420025441	11.340637229062422
3569.0	-6.853678854611779	10.785753229504706
3570.0	-6.858265289198119	7.750204121512482
3571.0	-6.862851723784457	10.389858587781974
3572.0	-6.867438158370796	12.449685289008274
3573.0	-6.8720245929571355	11.696587514465607
3574.0	-6.876611027543474	10.868649452381709
3575.0	-6.881197462129812	10.902423241361946
3576.0	-6.885783896716151	9.964977846494982
3577.0	-6.89037033130249	7.835523103930581
3578.0	-6.894956765888829	7.460845348743479
3579.0	-6.899543200475168	4.392086668506633
3580.0	-6.904129635061507	9.685835833707754
3581.0	-6.908716069647845	12.103941977359442
3582.0	-6.913302504234185	13.340877656906102
3583.0	-6.917888938820523	15.729315586575735
3584.0	-6.922475373406862	17.68096902641568
3585.0	-6.9270618079932005	15.552009046407806
3586.0	-6.93164824257954	8.759285111865228
3587.0	-6.936234677165878	10.219483191774865
3588.0	-6.940821111752217	8.061273807195292
3589.0	-6.945407546338556	10.581178303204414
3590.0	-6.949993980924894	13.651821505415702
3591.0	-6.954580415511233	12.025411638925142
3592.0	-6.9591668500975725	9.882293003558829
3593.0	-6.963753284683911	15.100872465888774
3594.0	-6.96833971927025	8.308409505096996
3595.0	-6.972926153856589	9.750876573329865
3596.0	-6.977512588442927	8.993756467577626
3597.0	-6.982099023029266	9.788094472137775
3598.0	-6.986685457615605	15.27771228974105
3599.0	-6.991271892201944	9.945373209351791
3600.0	-6.995858326788283	6.8054422813958375
3601.0	-7.000444761374621	14.630182934109929
3602.0	-7.00503119596096	16.02563446397475
3603.0	-7.009617630547299	11.593064133667987
3604.0	-7.014204065133638	15.229930181408552
3605.0	-7.018790499719977	14.919811016185665
3606.0	-7.023376934306316	10.633199578412805
3607.0	-7.027963368892654	10.335824521067616
3608.0	-7.032549803478993	12.291993802755245
3609.0	-7.037136238065331	16.059637203199674
3610.0	-7.041722672651671	8.499630354773421
3611.0	-7.0463091072380095	14.871083463239703
3612.0	-7.050895541824349	14.061521573725345
3613.0	-7.055481976410687	11.022176815277017
3614.0	-7.060068410997026	14.073151418015627
3615.0	-7.064654845583364	12.104228566366876
3616.0	-7.069241280169704	15.202040019429075
3617.0	-7.073827714756042	16.958544814756586
3618.0	-7.078414149342382	11.033030227262726
3619.0	-7.08300058392872	6.929882814002682
3620.0	-7.087587018515059	7.885756289738032
3621.0	-7.092173453101397	10.993342232505649
3622.0	-7.096759887687736	10.65627927379694
3623.0	-7.101346322274075	11.0745548889607
3624.0	-7.1059327568604145	13.509289003308377
3625.0	-7.110519191446753	11.47184802348
3626.0	-7.115105626033092	10.497082110819496
3627.0	-7.11969206061943	11.318209341437836
3628.0	-7.124278495205769	11.670222336637432
3629.0	-7.128864929792108	9.900882937521942
3630.0	-7.133451364378447	9.376023161564847
3631.0	-7.138037798964786	13.363853940284422
3632.0	-7.142624233551125	13.256285489266851
3633.0	-7.147210668137463	11.156380608212954
3634.0	-7.151797102723802	14.433535148264072
3635.0	-7.156383537310141	12.207765612704286
3636.0	-7.160969971896479	11.69173822837579
3637.0	-7.1655564064828186	12.794893323405606
3638.0	-7.170142841069158	13.839056208383466
3639.0	-7.174729275655496	5.931285218547284
3640.0	-7.179315710241835	7.72998994618186
3641.0	-7.183902144828174	11.631628734843797
3642.0	-7.188488579414512	14.457133272225809
3643.0	-7.1930750140008515	9.20722596658706
3644.0	-7.197661448587191	26.133871364065996
3645.0	-7.202247883173529	20.91892361141414
3646.0	-7.206834317759868	17.64296598934194
3647.0	-7.211420752346207	11.882038462231401
3648.0	-7.216007186932545	11.093304539451184
3649.0	-7.220593621518884	12.082152112257054
3650.0	-7.2251800561052235	14.963677697047663
3651.0	-7.229766490691562	16.124545892475208
3652.0	-7.234352925277901	9.647709411992563
3653.0	-7.238939359864239	9.952510450486942
3654.0	-7.243525794450578	9.698054049586508
3655.0	-7.248112229036916	6.86698227557656
3656.0	-7.252698663623256	8.09607900883908
3657.0	-7.257285098209595	9.733455830572558
3658.0	-7.261871532795934	13.553018450066975
3659.0	-7.266457967382272	14.416072418149582
3660.0	-7.271044401968611	11.12036096280401
3661.0	-7.275630836554949	5.5468529173645855
3662.0	-7.280217271141289	2.633137975070552
3663.0	-7.284803705727628	2.884810805500854
3664.0	-7.289390140313966	3.902763443789199
3665.0	-7.293976574900305	3.9880451307137177
3666.0	-7.298563009486644	6.948349121394966
3667.0	-7.303149444072982	6.543753447374202
3668.0	-7.307735878659321	9.789213882777181
3669.0	-7.3123223132456605	9.984677528575332
3670.0	-7.316908747831999	10.549070258812645
3671.0	-7.321495182418338	9.32459616991004
3672.0	-7.326081617004677	9.532679899499552
3673.0	-7.330668051591015	6.478703272467868
3674.0	-7.335254486177354	9.806151475370017
3675.0	-7.339840920763693	13.054066439893992
3676.0	-7.344427355350032	11.164773647657805
3677.0	-7.349013789936371	7.120339799412454
3678.0	-7.35360022452271	8.850328052952932
3679.0	-7.358186659109048	15.106122027273162
3680.0	-7.362773093695387	14.843107366158435
3681.0	-7.367359528281726	6.78013766934589
3682.0	-7.371945962868065	11.222267258620743
3683.0	-7.376532397454404	14.363463847497728
3684.0	-7.381118832040743	14.886308328518119
3685.0	-7.385705266627081	7.108212537406544
3686.0	-7.39029170121342	6.842352244658049
3687.0	-7.394878135799759	7.630405986157468
3688.0	-7.3994645703860975	7.021047319899031
3689.0	-7.404051004972437	1.9778061847525699
3690.0	-7.408637439558776	5.4755840843844
3691.0	-7.413223874145114	6.362665409097068
3692.0	-7.417810308731453	6.368800421303092
3693.0	-7.422396743317791	9.265103517171617
3694.0	-7.42698317790413	9.113732088649607
3695.0	-7.4315696124904695	10.579784135335306
3696.0	-7.436156047076809	9.45876409304274
3697.0	-7.440742481663147	11.171158416349098
3698.0	-7.445328916249486	11.878888735767843
3699.0	-7.449915350835824	6.468743540404453
3700.0	-7.454501785422163	12.77494708083605
3701.0	-7.459088220008502	8.917364662850085
3702.0	-7.463674654594842	9.08224776520726
3703.0	-7.46826108918118	7.20389052896928
3704.0	-7.472847523767519	5.32127280927516
3705.0	-7.477433958353857	6.064568572859353
3706.0	-7.482020392940196	8.276921283890223
3707.0	-7.4866068275265345	8.377221440985382
3708.0	-7.4911932621128745	8.775390236408388
3709.0	-7.495779696699213	11.726983782344135
3710.0	-7.500366131285552	10.347177529073626
3711.0	-7.50495256587189	9.67376764168509
3712.0	-7.509539000458229	12.709832226868972
3713.0	-7.514125435044567	13.642764638820415
3714.0	-7.5187118696309065	8.95854339325205
3715.0	-7.523298304217246	7.128639727892655
3716.0	-7.527884738803584	2.59609650804443
3717.0	-7.532471173389923	4.179542158919129
3718.0	-7.537057607976262	12.362604141327736
3719.0	-7.5416440425626	14.444895011675307
3720.0	-7.5462304771489395	15.62509539092628
3721.0	-7.550816911735279	16.666849847623105
3722.0	-7.555403346321617	17.478984555279705
3723.0	-7.559989780907956	19.233819855254115
3724.0	-7.564576215494295	18.536073893751844
3725.0	-7.569162650080633	10.860827402928132
3726.0	-7.573749084666972	7.210826734088509
3727.0	-7.578335519253311	6.904268549231285
3728.0	-7.58292195383965	1.7932403137159387
3729.0	-7.587508388425989	11.188240573933601
3730.0	-7.592094823012328	13.82883574305572
3731.0	-7.596681257598666	18.63288141100842
3732.0	-7.601267692185005	7.20946341991343
3733.0	-7.6058541267713435	5.279615861694777
3734.0	-7.610440561357683	1.4651631274274748
3735.0	-7.615026995944021	4.651578476707661
3736.0	-7.619613430530361	7.009093335560664
3737.0	-7.624199865116699	11.047397270907485
3738.0	-7.628786299703038	4.556823513173575
3739.0	-7.6333727342893765	5.015885065680342
3740.0	-7.637959168875716	14.050645478382314
3741.0	-7.642545603462054	15.005235402201642
3742.0	-7.647132038048394	12.805370211784643
3743.0	-7.651718472634732	10.820294529596561
3744.0	-7.656304907221071	9.212846958583537
3745.0	-7.660891341807409	9.15305523610929
3746.0	-7.6654777763937485	6.941103723012295
3747.0	-7.670064210980087	2.9353338418599915
3748.0	-7.674650645566426	8.984920460323677
3749.0	-7.679237080152765	8.60660165491818
3750.0	-7.683823514739104	8.773351475029374
3751.0	-7.688409949325442	9.702883849290185
3752.0	-7.692996383911781	9.688962953870634
3753.0	-7.69758281849812	6.691277696063795
3754.0	-7.702169253084459	12.678279438559581
3755.0	-7.706755687670798	9.836141428164517
3756.0	-7.711342122257137	2.2594277834787255
3757.0	-7.715928556843475	3.3518732790310484
3758.0	-7.720514991429814	6.530005370496366
3759.0	-7.725101426016153	9.87349786337996
3760.0	-7.729687860602492	5.490661334632575
3761.0	-7.734274295188831	6.168032037613187
3762.0	-7.738860729775169	4.200004428092211
3763.0	-7.743447164361508	10.215339008676274
3764.0	-7.748033598947847	6.798006735528311
3765.0	-7.7526200335341855	7.443183625068493
3766.0	-7.757206468120525	7.913996247230885
3767.0	-7.761792902706864	2.783014765044967
3768.0	-7.766379337293202	5.752368871867186
3769.0	-7.770965771879541	8.59763216630014
3770.0	-7.77555220646588	8.11568370043785
3771.0	-7.780138641052218	8.620797125449155
3772.0	-7.7847250756385575	14.510109863720205
3773.0	-7.789311510224897	11.270993133403525
3774.0	-7.793897944811235	5.174215747620653
3775.0	-7.798484379397574	10.374804428612196
3776.0	-7.803070813983913	8.087681277481025
3777.0	-7.807657248570251	9.658302820266556
3778.0	-7.8122436831565905	9.330380101160033
3779.0	-7.816830117742929	9.82266510616055
3780.0	-7.821416552329268	4.366812490464202
3781.0	-7.826002986915607	5.5882318052475775
3782.0	-7.830589421501946	11.604252579142424
3783.0	-7.835175856088284	9.552905751069243
3784.0	-7.839762290674623	5.897115956043198
3785.0	-7.844348725260962	5.662709906759479
3786.0	-7.848935159847301	7.7795955406029496
3787.0	-7.853521594433639	5.519571483115303
3788.0	-7.858108029019979	7.747766245137854
3789.0	-7.862694463606317	8.308225992893346
3790.0	-7.867280898192656	6.279023652346647
3791.0	-7.8718673327789945	8.687638789458399
3792.0	-7.876453767365334	9.037373520977223
3793.0	-7.881040201951672	4.6312083329714255
3794.0	-7.885626636538011	11.335413803546182
3795.0	-7.89021307112435	11.749762737902495
3796.0	-7.894799505710688	10.680852497414396
3797.0	-7.8993859402970275	6.490271614208192
3798.0	-7.903972374883367	7.61878191583358
3799.0	-7.908558809469705	9.354260816081524
3800.0	-7.913145244056044	7.965923163048486
3801.0	-7.917731678642383	9.582572873415556
3802.0	-7.922318113228721	22.804194589723128
3803.0	-7.92690454781506	12.832089275935768
3804.0	-7.9314909824013995	7.5549548950737595
3805.0	-7.936077416987738	7.3831839247524504
3806.0	-7.940663851574077	11.509980500405147
3807.0	-7.945250286160416	11.36555897344307
3808.0	-7.949836720746754	8.867037582561093
3809.0	-7.954423155333093	9.634562123075233
3810.0	-7.959009589919432	13.72245716789712
3811.0	-7.963596024505771	7.405453011704221
3812.0	-7.96818245909211	8.913921880243922
3813.0	-7.972768893678449	9.49953283733534
3814.0	-7.977355328264787	5.13401104972526
3815.0	-7.981941762851126	9.320829858360916
3816.0	-7.986528197437465	6.963767305532324
3817.0	-7.991114632023804	8.466097507990728
3818.0	-7.995701066610143	13.651296002792131
3819.0	-8.000287501196482	7.268333262462009
3820.0	-8.00487393578282	13.506181267722685
3821.0	-8.009460370369158	11.974256136518106
3822.0	-8.014046804955498	11.261548287510141
3823.0	-8.018633239541836	5.746491604182737
3824.0	-8.023219674128175	8.753863623699239
3825.0	-8.027806108714515	4.991610654092779
3826.0	-8.032392543300853	5.7706178306316565
3827.0	-8.036978977887191	10.589042172729183
3828.0	-8.041565412473531	9.406682266338645
3829.0	-8.04615184705987	7.162524668295027
3830.0	-8.050738281646208	7.659597251243227
3831.0	-8.055324716232548	6.486400782667812
3832.0	-8.059911150818886	9.632671801685879
3833.0	-8.064497585405224	15.777555222984914
3834.0	-8.069084019991564	14.85997685376773
3835.0	-8.073670454577902	6.57667365543017
3836.0	-8.07825688916424	4.585376901321287
3837.0	-8.08284332375058	5.339508440368558
3838.0	-8.087429758336919	5.796259673564729
3839.0	-8.092016192923257	6.715345907775875
3840.0	-8.096602627509597	11.985540101392399
3841.0	-8.101189062095935	14.961367739154229
3842.0	-8.105775496682273	6.462138827488126
3843.0	-8.110361931268613	9.050032131707278
3844.0	-8.114948365854952	12.898828615259958
3845.0	-8.11953480044129	12.844028758799617
3846.0	-8.12412123502763	8.284276897800703
3847.0	-8.128707669613968	8.571404684804499
3848.0	-8.133294104200306	11.676538402830202
3849.0	-8.137880538786646	15.025128271606496
3850.0	-8.142466973372985	3.540280023185611
3851.0	-8.147053407959323	6.387333401365435
3852.0	-8.151639842545661	2.8700025768004456
3853.0	-8.156226277132001	10.81671803663762
3854.0	-8.16081271171834	10.411454990577747
3855.0	-8.165399146304678	11.314324680874673
3856.0	-8.169985580891018	10.239278243495487
3857.0	-8.174572015477356	7.11377857195449
3858.0	-8.179158450063694	10.224799675093085
3859.0	-8.183744884650034	13.125599943497603
3860.0	-8.188331319236372	3.477246990763761
3861.0	-8.19291775382271	8.027333642705619
3862.0	-8.19750418840905	4.810724606564779
3863.0	-8.202090622995389	4.846660533896583
3864.0	-8.206677057581727	8.086231768532627
3865.0	-8.211263492168067	6.79175718080518
3866.0	-8.215849926754405	9.234130270502527
3867.0	-8.220436361340743	15.572179148191085
3868.0	-8.225022795927083	14.57566379111846
3869.0	-8.229609230513422	4.002336548179231
3870.0	-8.23419566509976	4.000309698017922
3871.0	-8.2387820996861	8.261252750115126
3872.0	-8.243368534272438	7.332920591270516
3873.0	-8.247954968858776	3.495441952403593
3874.0	-8.252541403445116	3.8577194654154843
3875.0	-8.257127838031455	5.674646358991933
3876.0	-8.261714272617793	6.183721601103157
3877.0	-8.266300707204133	11.615780572516995
3878.0	-8.270887141790471	11.789278968341135
3879.0	-8.27547357637681	4.636281301685876
3880.0	-8.28006001096315	4.435461183215565
3881.0	-8.284646445549487	3.44141742029829
3882.0	-8.289232880135826	5.110587454118569
3883.0	-8.293819314722166	6.084082480575275
3884.0	-8.298405749308504	8.94600004946887
3885.0	-8.302992183894842	8.954930312192792
3886.0	-8.307578618481182	9.23244058372382
3887.0	-8.31216505306752	5.53208278386687
3888.0	-8.316751487653859	3.8814432683020894
3889.0	-8.321337922240197	5.768564515922872
3890.0	-8.325924356826537	7.045623246148244
3891.0	-8.330510791412875	4.3951205399057605
3892.0	-8.335097225999213	2.752842627383099
3893.0	-8.339683660585553	3.189441468140338
3894.0	-8.344270095171892	1.84905943274623
3895.0	-8.34885652975823	1.5999798853135994
3896.0	-8.35344296434457	6.843138178290546
3897.0	-8.358029398930908	9.143011053443676
3898.0	-8.362615833517246	0.9717853430234074
3899.0	-8.367202268103586	2.1271255608128175
3900.0	-8.371788702689924	3.456250911818759
3901.0	-8.376375137276263	4.406601225689561
3902.0	-8.380961571862603	8.821232540267617
3903.0	-8.385548006448941	6.574523592785847
3904.0	-8.39013444103528	9.087184688161758
3905.0	-8.39472087562162	13.03475169471786
3906.0	-8.399307310207957	10.486242831513703
3907.0	-8.403893744794296	6.297429831738348
3908.0	-8.408480179380636	5.959376189536053
3909.0	-8.413066613966974	4.709461981252927
3910.0	-8.417653048553312	6.75543673153497
3911.0	-8.422239483139652	12.935242636066892
3912.0	-8.42682591772599	7.446364671939833
3913.0	-8.431412352312329	6.422048572600181
3914.0	-8.435998786898669	6.847055883723218
3915.0	-8.440585221485007	3.237671677964278
3916.0	-8.445171656071345	11.724808662366787
3917.0	-8.449758090657685	7.886007116934384
3918.0	-8.454344525244023	5.690335098147421
3919.0	-8.458930959830361	7.252408041835192
3920.0	-8.463517394416701	2.5564383157983106
3921.0	-8.46810382900304	6.895338418539289
3922.0	-8.472690263589378	7.7156344523604945
3923.0	-8.477276698175718	12.977971587005563
3924.0	-8.481863132762056	10.664602002661614
3925.0	-8.486449567348394	8.979536095143748
3926.0	-8.491036001934734	8.387087961451703
3927.0	-8.495622436521073	8.037482959931248
3928.0	-8.50020887110741	3.051299929427443
3929.0	-8.50479530569375	3.5101969835372007
3930.0	-8.509381740280089	5.961842534835952
3931.0	-8.513968174866427	8.044045584293368
3932.0	-8.518554609452767	8.748597551105604
3933.0	-8.523141044039106	9.388581140009334
3934.0	-8.527727478625444	9.93797203555936
3935.0	-8.532313913211782	10.340187161587245
3936.0	-8.536900347798122	10.661506737862553
3937.0	-8.54148678238446	10.098809190542125
3938.0	-8.546073216970798	7.603930928274081
3939.0	-8.550659651557138	7.633922202986094
3940.0	-8.555246086143477	3.17706760669249
3941.0	-8.559832520729815	6.748562991969717
3942.0	-8.564418955316155	12.121248766844246
3943.0	-8.569005389902493	11.207654213448079
3944.0	-8.573591824488831	6.922432892564134
3945.0	-8.578178259075171	7.389327875930473
3946.0	-8.58276469366151	7.717700167378758
3947.0	-8.587351128247848	7.882272384528622
3948.0	-8.591937562834188	5.5868941197779485
3949.0	-8.596523997420526	6.3690465257621405
3950.0	-8.601110432006864	9.066480523643806
3951.0	-8.605696866593204	3.2332837903076608
3952.0	-8.610283301179543	3.632143768463707
3953.0	-8.61486973576588	5.934399490701249
3954.0	-8.61945617035222	6.2297992514898635
3955.0	-8.624042604938559	1.7190202970715376
3956.0	-8.628629039524897	5.362329844082931
3957.0	-8.633215474111237	11.659255763754892
3958.0	-8.637801908697575	3.011627245840981
3959.0	-8.642388343283915	4.616554172798517
3960.0	-8.646974777870254	0.9730091302548411
3961.0	-8.651561212456592	6.550021618608118
3962.0	-8.656147647042932	7.2587588488345105
3963.0	-8.66073408162927	6.0867163617433215
3964.0	-8.665320516215608	6.839932217367546
3965.0	-8.669906950801948	8.780072399242322
3966.0	-8.674493385388287	7.748518314574794
3967.0	-8.679079819974625	5.690973601466561
3968.0	-8.683666254560965	5.838794076089639
3969.0	-8.688252689147303	8.073100967045052
3970.0	-8.692839123733641	13.41982282694599
3971.0	-8.697425558319981	17.25502019574834
3972.0	-8.70201199290632	10.99926094236857
3973.0	-8.706598427492658	10.445765505299358
3974.0	-8.711184862078998	10.29169992269393
3975.0	-8.715771296665336	3.9048505951433157
3976.0	-8.720357731251674	6.9631807148800995
3977.0	-8.724944165838014	6.88204727957883
3978.0	-8.729530600424352	4.696881210449597
3979.0	-8.73411703501069	6.937113800545056
3980.0	-8.73870346959703	5.563466355879128
3981.0	-8.743289904183369	1.856330486883686
3982.0	-8.747876338769707	3.305242012791624
3983.0	-8.752462773356047	4.435338101841982
3984.0	-8.757049207942385	6.218726281089792
3985.0	-8.761635642528724	6.496407027966007
3986.0	-8.766222077115064	5.519847657448742
3987.0	-8.770808511701402	5.793200372774093
3988.0	-8.77539494628774	5.33888607463634
3989.0	-8.77998138087408	6.073624044035739
3990.0	-8.784567815460418	4.886035153736945
3991.0	-8.789154250046758	4.013515204985932
3992.0	-8.793740684633097	3.71308382256311
3993.0	-8.798327119219435	5.256430145953637
3994.0	-8.802913553805775	3.868728567642263
3995.0	-8.807499988392113	2.369897000161155
3996.0	-8.812086422978451	3.241330099314207
3997.0	-8.816672857564791	7.388115589095959
3998.0	-8.82125929215113	8.983427235074455
3999.0	-8.825845726737468	2.794006242730375
4000.0	-8.830432161323808	1.435073406190718
4001.0	-8.835018595910146	2.7073165695878263
4002.0	-8.839605030496484	3.331109243543919
4003.0	-8.844191465082824	6.217505768341607
4004.0	-8.848777899669162	6.1867564567605955
4005.0	-8.8533643342555	7.771367485544102
4006.0	-8.85795076884184	7.044332570272326
4007.0	-8.862537203428179	7.984890394533692
4008.0	-8.867123638014517	10.806846408272744
4009.0	-8.871710072600857	9.065481963404231
4010.0	-8.876296507187195	7.550890045406623
4011.0	-8.880882941773534	3.014263007126373
