	profile_A
n,x,luma
0.000000E0,1.134483E1,4.277522E0
1.000000E0,1.133957E1,5.250444E0
2.000000E0,1.133430E1,4.387108E0
3.000000E0,1.132904E1,4.505364E0
4.000000E0,1.132378E1,4.333341E0
5.000000E0,1.131852E1,4.772208E0
6.000000E0,1.131326E1,4.962218E0
7.000000E0,1.130800E1,5.391591E0
8.000000E0,1.130273E1,4.800538E0
9.000000E0,1.129747E1,4.593303E0
1.000000E1,1.129221E1,3.450833E0
1.100000E1,1.128695E1,5.221648E0
1.200000E1,1.128169E1,5.463677E0
1.300000E1,1.127643E1,2.857885E0
1.400000E1,1.127116E1,4.776685E0
1.500000E1,1.126590E1,6.753060E0
1.600000E1,1.126064E1,6.695207E0
1.700000E1,1.125538E1,6.597989E0
1.800000E1,1.125012E1,6.442345E0
1.900000E1,1.124486E1,5.285546E0
2.000000E1,1.123959E1,5.017544E0
2.100000E1,1.123433E1,6.456929E0
2.200000E1,1.122907E1,6.054069E0
2.300000E1,1.122381E1,4.738955E0
2.400000E1,1.121855E1,5.364267E0
2.500000E1,1.121329E1,4.225940E0
2.600000E1,1.120802E1,3.741182E0
2.700000E1,1.120276E1,5.904930E0
2.800000E1,1.119750E1,6.251043E0
2.900000E1,1.119224E1,6.140582E0
3.000000E1,1.118698E1,5.456090E0
3.100000E1,1.118172E1,5.186450E0
3.200000E1,1.117645E1,5.293501E0
3.300000E1,1.117119E1,4.751910E0
3.400000E1,1.116593E1,5.379049E0
3.500000E1,1.116067E1,6.382753E0
3.600000E1,1.115541E1,5.921653E0
3.700000E1,1.115015E1,6.783562E0
3.800000E1,1.114489E1,6.614681E0
3.900000E1,1.113962E1,3.857482E0
4.000000E1,1.113436E1,5.473500E0
4.100000E1,1.112910E1,7.480429E0
4.200000E1,1.112384E1,6.623130E0
4.300000E1,1.111858E1,7.410951E0
4.400000E1,1.111332E1,6.111615E0
4.500000E1,1.110805E1,4.677387E0
4.600000E1,1.110279E1,5.512439E0
4.700000E1,1.109753E1,4.681252E0
4.800000E1,1.109227E1,4.212809E0
4.900000E1,1.108701E1,6.382551E0
5.000000E1,1.108175E1,5.035509E0
5.100000E1,1.107648E1,4.922284E0
5.200000E1,1.107122E1,4.830130E0
5.300000E1,1.106596E1,5.772037E0
5.400000E1,1.106070E1,6.259516E0
5.500000E1,1.105544E1,4.688221E0
5.600000E1,1.105018E1,5.395889E0
5.700000E1,1.104491E1,5.296371E0
5.800000E1,1.103965E1,9.350009E0
5.900000E1,1.103439E1,7.193887E0
6.000000E1,1.102913E1,5.933151E0
6.100000E1,1.102387E1,5.007032E0
6.200000E1,1.101861E1,6.156014E0
6.300000E1,1.101334E1,6.683066E0
6.400000E1,1.100808E1,6.236705E0
6.500000E1,1.100282E1,5.317121E0
6.600000E1,1.099756E1,6.997484E0
6.700000E1,1.099230E1,6.602878E0
6.800000E1,1.098704E1,6.912005E0
6.900000E1,1.098177E1,5.061389E0
7.000000E1,1.097651E1,5.430447E0
7.100000E1,1.097125E1,5.819843E0
7.200000E1,1.096599E1,4.829938E0
7.300000E1,1.096073E1,4.134328E0
7.400000E1,1.095547E1,3.674491E0
7.500000E1,1.095020E1,5.463548E0
7.600000E1,1.094494E1,6.517363E0
7.700000E1,1.093968E1,5.938610E0
7.800000E1,1.093442E1,4.925970E0
7.900000E1,1.092916E1,5.732575E0
8.000000E1,1.092390E1,6.665437E0
8.100000E1,1.091864E1,4.564579E0
8.200000E1,1.091337E1,5.496384E0
8.300000E1,1.090811E1,4.440136E0
8.400000E1,1.090285E1,6.513721E0
8.500000E1,1.089759E1,7.087079E0
8.600000E1,1.089233E1,4.567713E0
8.700000E1,1.088707E1,4.536660E0
8.800000E1,1.088180E1,4.711037E0
8.900000E1,1.087654E1,8.039262E0
9.000000E1,1.087128E1,4.155184E0
9.100000E1,1.086602E1,4.660561E0
9.200000E1,1.086076E1,6.408923E0
9.300000E1,1.085550E1,7.715773E0
9.400000E1,1.085023E1,7.340507E0
9.500000E1,1.084497E1,5.433365E0
9.600000E1,1.083971E1,6.460336E0
9.700000E1,1.083445E1,6.029291E0
9.800000E1,1.082919E1,5.529288E0
9.900000E1,1.082393E1,6.486399E0
1.000000E2,1.081866E1,6.934077E0
1.010000E2,1.081340E1,6.106350E0
1.020000E2,1.080814E1,6.474240E0
1.030000E2,1.080288E1,6.560133E0
1.040000E2,1.079762E1,5.532929E0
1.050000E2,1.079236E1,6.576031E0
1.060000E2,1.078709E1,8.602327E0
1.070000E2,1.078183E1,7.779995E0
1.080000E2,1.077657E1,6.695400E0
1.090000E2,1.077131E1,5.854671E0
1.100000E2,1.076605E1,4.712666E0
1.110000E2,1.076079E1,5.329596E0
1.120000E2,1.075552E1,6.152726E0
1.130000E2,1.075026E1,7.789202E0
1.140000E2,1.074500E1,5.767412E0
1.150000E2,1.073974E1,6.811533E0
1.160000E2,1.073448E1,6.620133E0
1.170000E2,1.072922E1,7.279119E0
1.180000E2,1.072396E1,6.337655E0
1.190000E2,1.071869E1,6.688562E0
1.200000E2,1.071343E1,7.012132E0
1.210000E2,1.070817E1,5.020717E0
1.220000E2,1.070291E1,6.916303E0
1.230000E2,1.069765E1,5.737767E0
1.240000E2,1.069239E1,3.814660E0
1.250000E2,1.068712E1,5.215698E0
1.260000E2,1.068186E1,7.742949E0
1.270000E2,1.067660E1,6.749767E0
1.280000E2,1.067134E1,6.788828E0
1.290000E2,1.066608E1,6.064977E0
1.300000E2,1.066082E1,5.595455E0
1.310000E2,1.065555E1,6.270381E0
1.320000E2,1.065029E1,4.778164E0
1.330000E2,1.064503E1,5.177873E0
1.340000E2,1.063977E1,6.083881E0
1.350000E2,1.063451E1,5.911720E0
1.360000E2,1.062925E1,4.254198E0
1.370000E2,1.062398E1,6.088230E0
1.380000E2,1.061872E1,7.817690E0
1.390000E2,1.061346E1,7.062558E0
1.400000E2,1.060820E1,5.826171E0
1.410000E2,1.060294E1,4.720035E0
1.420000E2,1.059768E1,6.747040E0
1.430000E2,1.059241E1,6.456036E0
1.440000E2,1.058715E1,5.318637E0
1.450000E2,1.058189E1,4.990360E0
1.460000E2,1.057663E1,5.524863E0
1.470000E2,1.057137E1,5.847396E0
1.480000E2,1.056611E1,5.133709E0
1.490000E2,1.056084E1,5.841835E0
1.500000E2,1.055558E1,6.593217E0
1.510000E2,1.055032E1,6.676859E0
1.520000E2,1.054506E1,5.756174E0
1.530000E2,1.053980E1,6.641822E0
1.540000E2,1.053454E1,7.534456E0
1.550000E2,1.052927E1,6.435264E0
1.560000E2,1.052401E1,6.558998E0
1.570000E2,1.051875E1,6.661577E0
1.580000E2,1.051349E1,6.329061E0
1.590000E2,1.050823E1,7.756942E0
1.600000E2,1.050297E1,6.375366E0
1.610000E2,1.049771E1,5.009214E0
1.620000E2,1.049244E1,4.720606E0
1.630000E2,1.048718E1,4.941103E0
1.640000E2,1.048192E1,6.396430E0
1.650000E2,1.047666E1,4.958733E0
1.660000E2,1.047140E1,4.493301E0
1.670000E2,1.046614E1,3.895269E0
1.680000E2,1.046087E1,5.452039E0
1.690000E2,1.045561E1,5.029218E0
1.700000E2,1.045035E1,3.707546E0
1.710000E2,1.044509E1,4.818705E0
1.720000E2,1.043983E1,4.409189E0
1.730000E2,1.043457E1,5.851550E0
1.740000E2,1.042930E1,6.260384E0
1.750000E2,1.042404E1,6.045403E0
1.760000E2,1.041878E1,5.231308E0
1.770000E2,1.041352E1,4.944155E0
1.780000E2,1.040826E1,5.057764E0
1.790000E2,1.040300E1,6.167838E0
1.800000E2,1.039773E1,4.401423E0
1.810000E2,1.039247E1,3.949787E0
1.820000E2,1.038721E1,6.658373E0
1.830000E2,1.038195E1,7.417519E0
1.840000E2,1.037669E1,5.826691E0
1.850000E2,1.037143E1,5.509460E0
1.860000E2,1.036616E1,5.085349E0
1.870000E2,1.036090E1,6.060192E0
1.880000E2,1.035564E1,5.530446E0
1.890000E2,1.035038E1,8.395169E0
1.900000E2,1.034512E1,4.837085E0
1.910000E2,1.033986E1,5.883913E0
1.920000E2,1.033459E1,6.789300E0
1.930000E2,1.032933E1,5.422547E0
1.940000E2,1.032407E1,5.616815E0
1.950000E2,1.031881E1,6.492389E0
1.960000E2,1.031355E1,5.238745E0
1.970000E2,1.030829E1,5.544612E0
1.980000E2,1.030302E1,6.580158E0
1.990000E2,1.029776E1,5.887521E0
2.000000E2,1.029250E1,6.434202E0
2.010000E2,1.028724E1,7.417779E0
2.020000E2,1.028198E1,7.730717E0
2.030000E2,1.027672E1,7.564339E0
2.040000E2,1.027146E1,7.374224E0
2.050000E2,1.026619E1,6.594704E0
2.060000E2,1.026093E1,7.582027E0
2.070000E2,1.025567E1,7.535196E0
2.080000E2,1.025041E1,7.304302E0
2.090000E2,1.024515E1,6.309914E0
2.100000E2,1.023989E1,6.708411E0
2.110000E2,1.023462E1,4.293504E0
2.120000E2,1.022936E1,3.791974E0
2.130000E2,1.022410E1,5.659282E0
2.140000E2,1.021884E1,5.918659E0
2.150000E2,1.021358E1,6.196221E0
2.160000E2,1.020832E1,5.953128E0
2.170000E2,1.020305E1,6.478348E0
2.180000E2,1.019779E1,5.925368E0
2.190000E2,1.019253E1,5.759187E0
2.200000E2,1.018727E1,5.360001E0
2.210000E2,1.018201E1,6.546386E0
2.220000E2,1.017675E1,4.681732E0
2.230000E2,1.017148E1,7.601131E0
2.240000E2,1.016622E1,7.476301E0
2.250000E2,1.016096E1,8.234247E0
2.260000E2,1.015570E1,7.844094E0
2.270000E2,1.015044E1,7.154243E0
2.280000E2,1.014518E1,7.075880E0
2.290000E2,1.013991E1,6.673834E0
2.300000E2,1.013465E1,7.087555E0
2.310000E2,1.012939E1,5.878468E0
2.320000E2,1.012413E1,7.168319E0
2.330000E2,1.011887E1,6.724897E0
2.340000E2,1.011361E1,7.751640E0
2.350000E2,1.010834E1,5.506982E0
2.360000E2,1.010308E1,6.917768E0
2.370000E2,1.009782E1,7.411262E0
2.380000E2,1.009256E1,5.079236E0
2.390000E2,1.008730E1,5.706305E0
2.400000E2,1.008204E1,6.755129E0
2.410000E2,1.007677E1,6.226531E0
2.420000E2,1.007151E1,5.601871E0
2.430000E2,1.006625E1,4.721636E0
2.440000E2,1.006099E1,5.398684E0
2.450000E2,1.005573E1,6.091374E0
2.460000E2,1.005047E1,6.283925E0
2.470000E2,1.004521E1,5.701167E0
2.480000E2,1.003994E1,6.922116E0
2.490000E2,1.003468E1,7.719011E0
2.500000E2,1.002942E1,7.230948E0
2.510000E2,1.002416E1,7.181926E0
2.520000E2,1.001890E1,6.835405E0
2.530000E2,1.001364E1,6.139514E0
2.540000E2,1.000837E1,5.086096E0
2.550000E2,1.000311E1,6.357942E0
2.560000E2,9.997850E0,5.960088E0
2.570000E2,9.992589E0,5.439538E0
2.580000E2,9.987327E0,6.702524E0
2.590000E2,9.982065E0,7.221878E0
2.600000E2,9.976804E0,7.740247E0
2.610000E2,9.971542E0,7.069228E0
2.620000E2,9.966281E0,6.860144E0
2.630000E2,9.961019E0,6.282473E0
2.640000E2,9.955757E0,7.011632E0
2.650000E2,9.950496E0,7.891355E0
2.660000E2,9.945234E0,3.576824E0
2.670000E2,9.939972E0,6.847466E0
2.680000E2,9.934711E0,7.547054E0
2.690000E2,9.929449E0,7.138856E0
2.700000E2,9.924188E0,7.544412E0
2.710000E2,9.918926E0,9.661437E0
2.720000E2,9.913664E0,7.736279E0
2.730000E2,9.908403E0,7.733615E0
2.740000E2,9.903141E0,5.510341E0
2.750000E2,9.897879E0,4.632447E0
2.760000E2,9.892618E0,6.617792E0
2.770000E2,9.887356E0,5.921540E0
2.780000E2,9.882095E0,5.910905E0
2.790000E2,9.876833E0,5.881485E0
2.800000E2,9.871571E0,5.931581E0
2.810000E2,9.866310E0,7.119317E0
2.820000E2,9.861048E0,7.275969E0
2.830000E2,9.855786E0,6.880905E0
2.840000E2,9.850525E0,5.294763E0
2.850000E2,9.845263E0,6.997308E0
2.860000E2,9.840002E0,6.103208E0
2.870000E2,9.834740E0,5.126971E0
2.880000E2,9.829478E0,6.869354E0
2.890000E2,9.824217E0,7.081754E0
2.900000E2,9.818955E0,5.802444E0
2.910000E2,9.813693E0,6.335879E0
2.920000E2,9.808432E0,5.911922E0
2.930000E2,9.803170E0,7.110024E0
2.940000E2,9.797909E0,7.246509E0
2.950000E2,9.792647E0,5.575968E0
2.960000E2,9.787385E0,5.062324E0
2.970000E2,9.782124E0,7.377727E0
2.980000E2,9.776862E0,6.280728E0
2.990000E2,9.771600E0,7.753283E0
3.000000E2,9.766339E0,7.188621E0
3.010000E2,9.761077E0,7.045730E0
3.020000E2,9.755815E0,7.076413E0
3.030000E2,9.750554E0,6.394573E0
3.040000E2,9.745292E0,6.192567E0
3.050000E2,9.740031E0,5.392743E0
3.060000E2,9.734769E0,6.571676E0
3.070000E2,9.729507E0,6.442246E0
3.080000E2,9.724246E0,8.296848E0
3.090000E2,9.718984E0,7.848636E0
3.100000E2,9.713722E0,7.033361E0
3.110000E2,9.708461E0,6.106241E0
3.120000E2,9.703199E0,5.010952E0
3.130000E2,9.697938E0,4.616689E0
3.140000E2,9.692676E0,4.918782E0
3.150000E2,9.687414E0,5.951663E0
3.160000E2,9.682153E0,5.801285E0
3.170000E2,9.676891E0,7.361705E0
3.180000E2,9.671629E0,7.098038E0
3.190000E2,9.666368E0,7.310015E0
3.200000E2,9.661106E0,7.420864E0
3.210000E2,9.655845E0,8.882128E0
3.220000E2,9.650583E0,4.503385E0
3.230000E2,9.645321E0,5.895417E0
3.240000E2,9.640060E0,5.807891E0
3.250000E2,9.634798E0,6.499790E0
3.260000E2,9.629536E0,6.423064E0
3.270000E2,9.624275E0,5.901512E0
3.280000E2,9.619013E0,8.272453E0
3.290000E2,9.613752E0,7.775065E0
3.300000E2,9.608490E0,6.619989E0
3.310000E2,9.603228E0,8.075586E0
3.320000E2,9.597967E0,6.669912E0
3.330000E2,9.592705E0,5.268696E0
3.340000E2,9.587443E0,5.776422E0
3.350000E2,9.582182E0,7.196303E0
3.360000E2,9.576920E0,6.996850E0
3.370000E2,9.571659E0,5.329915E0
3.380000E2,9.566397E0,6.978636E0
3.390000E2,9.561135E0,7.807203E0
3.400000E2,9.555874E0,6.908935E0
3.410000E2,9.550612E0,5.374192E0
3.420000E2,9.545350E0,8.092341E0
3.430000E2,9.540089E0,7.899488E0
3.440000E2,9.534827E0,7.143822E0
3.450000E2,9.529566E0,6.680936E0
3.460000E2,9.524304E0,7.729626E0
3.470000E2,9.519042E0,8.772913E0
3.480000E2,9.513781E0,8.730070E0
3.490000E2,9.508519E0,5.432210E0
3.500000E2,9.503257E0,4.958728E0
3.510000E2,9.497996E0,6.400770E0
3.520000E2,9.492734E0,7.793890E0
3.530000E2,9.487472E0,7.381610E0
3.540000E2,9.482211E0,6.319672E0
3.550000E2,9.476949E0,6.896503E0
3.560000E2,9.471688E0,7.717700E0
3.570000E2,9.466426E0,8.123986E0
3.580000E2,9.461164E0,6.015426E0
3.590000E2,9.455903E0,6.583713E0
3.600000E2,9.450641E0,7.504269E0
3.610000E2,9.445379E0,7.857976E0
3.620000E2,9.440118E0,7.939822E0
3.630000E2,9.434856E0,9.229411E0
3.640000E2,9.429595E0,7.902861E0
3.650000E2,9.424333E0,7.511001E0
3.660000E2,9.419071E0,9.103442E0
3.670000E2,9.413810E0,8.370958E0
3.680000E2,9.408548E0,8.660316E0
3.690000E2,9.403286E0,8.184706E0
3.700000E2,9.398025E0,7.369288E0
3.710000E2,9.392763E0,7.959072E0
3.720000E2,9.387502E0,7.645218E0
3.730000E2,9.382240E0,8.452855E0
3.740000E2,9.376978E0,8.347438E0
3.750000E2,9.371717E0,1.045736E1
3.760000E2,9.366455E0,1.120354E1
3.770000E2,9.361193E0,8.267699E0
3.780000E2,9.355932E0,8.135972E0
3.790000E2,9.350670E0,1.076588E1
3.800000E2,9.345409E0,8.454263E0
3.810000E2,9.340147E0,8.577790E0
3.820000E2,9.334885E0,7.576971E0
3.830000E2,9.329624E0,7.318015E0
3.840000E2,9.324362E0,8.504737E0
3.850000E2,9.319100E0,1.015122E1
3.860000E2,9.313839E0,7.748871E0
3.870000E2,9.308577E0,7.563745E0
3.880000E2,9.303316E0,1.233225E1
3.890000E2,9.298054E0,1.038835E1
3.900000E2,9.292792E0,9.455992E0
3.910000E2,9.287531E0,9.930655E0
3.920000E2,9.282269E0,8.889956E0
3.930000E2,9.277007E0,9.506473E0
3.940000E2,9.271746E0,6.859523E0
3.950000E2,9.266484E0,8.506116E0
3.960000E2,9.261222E0,8.399267E0
3.970000E2,9.255961E0,9.766413E0
3.980000E2,9.250699E0,1.222514E1
3.990000E2,9.245438E0,1.133260E1
4.000000E2,9.240176E0,7.748877E0
4.010000E2,9.234914E0,8.418405E0
4.020000E2,9.229653E0,7.766649E0
4.030000E2,9.224391E0,8.272636E0
4.040000E2,9.219129E0,8.080574E0
4.050000E2,9.213868E0,8.164247E0
4.060000E2,9.208606E0,1.040785E1
4.070000E2,9.203345E0,5.509086E0
4.080000E2,9.198083E0,8.809709E0
4.090000E2,9.192821E0,8.184178E0
4.100000E2,9.187560E0,1.056958E1
4.110000E2,9.182298E0,1.082343E1
4.120000E2,9.177036E0,1.103463E1
4.130000E2,9.171775E0,9.766572E0
4.140000E2,9.166513E0,7.487092E0
4.150000E2,9.161252E0,9.576819E0
4.160000E2,9.155990E0,1.065815E1
4.170000E2,9.150728E0,9.128777E0
4.180000E2,9.145467E0,1.009048E1
4.190000E2,9.140205E0,9.967947E0
4.200000E2,9.134943E0,9.751728E0
4.210000E2,9.129682E0,9.917654E0
4.220000E2,9.124420E0,1.053076E1
4.230000E2,9.119159E0,8.482639E0
4.240000E2,9.113897E0,6.738381E0
4.250000E2,9.108635E0,8.142927E0
4.260000E2,9.103374E0,7.450287E0
4.270000E2,9.098112E0,9.655509E0
4.280000E2,9.092850E0,8.886206E0
4.290000E2,9.087589E0,7.615337E0
4.300000E2,9.082327E0,7.097663E0
4.310000E2,9.077066E0,8.435603E0
4.320000E2,9.071804E0,8.428937E0
4.330000E2,9.066542E0,1.197603E1
4.340000E2,9.061281E0,1.118922E1
4.350000E2,9.056019E0,1.054972E1
4.360000E2,9.050757E0,7.162449E0
4.370000E2,9.045496E0,1.113141E1
4.380000E2,9.040234E0,7.743778E0
4.390000E2,9.034973E0,8.190194E0
4.400000E2,9.029711E0,7.308325E0
4.410000E2,9.024449E0,8.212157E0
4.420000E2,9.019188E0,9.323413E0
4.430000E2,9.013926E0,8.619241E0
4.440000E2,9.008664E0,7.913116E0
4.450000E2,9.003403E0,8.355281E0
4.460000E2,8.998141E0,8.269761E0
4.470000E2,8.992879E0,8.771648E0
4.480000E2,8.987618E0,9.290926E0
4.490000E2,8.982356E0,1.088914E1
4.500000E2,8.977095E0,7.824178E0
4.510000E2,8.971833E0,7.592196E0
4.520000E2,8.966571E0,9.221861E0
4.530000E2,8.961310E0,8.811770E0
4.540000E2,8.956048E0,1.062350E1
4.550000E2,8.950786E0,8.178918E0
4.560000E2,8.945525E0,9.333504E0
4.570000E2,8.940263E0,9.715942E0
4.580000E2,8.935002E0,9.486582E0
4.590000E2,8.929740E0,8.661172E0
4.600000E2,8.924478E0,8.543574E0
4.610000E2,8.919217E0,1.103516E1
4.620000E2,8.913955E0,9.633949E0
4.630000E2,8.908693E0,9.690406E0
4.640000E2,8.903432E0,8.068506E0
4.650000E2,8.898170E0,1.111084E1
4.660000E2,8.892909E0,1.030849E1
4.670000E2,8.887647E0,1.128092E1
4.680000E2,8.882385E0,1.076008E1
4.690000E2,8.877124E0,1.106248E1
4.700000E2,8.871862E0,9.880451E0
4.710000E2,8.866600E0,9.736154E0
4.720000E2,8.861339E0,1.002358E1
4.730000E2,8.856077E0,9.418555E0
4.740000E2,8.850816E0,9.557911E0
4.750000E2,8.845554E0,9.860378E0
4.760000E2,8.840292E0,1.148197E1
4.770000E2,8.835031E0,1.014161E1
4.780000E2,8.829769E0,1.126508E1
4.790000E2,8.824507E0,1.091235E1
4.800000E2,8.819246E0,8.938374E0
4.810000E2,8.813984E0,8.553951E0
4.820000E2,8.808723E0,8.291664E0
4.830000E2,8.803461E0,8.459446E0
4.840000E2,8.798199E0,9.696753E0
4.850000E2,8.792938E0,1.151002E1
4.860000E2,8.787676E0,1.404004E1
4.870000E2,8.782414E0,1.106067E1
4.880000E2,8.777153E0,1.288043E1
4.890000E2,8.771891E0,1.076817E1
4.900000E2,8.766629E0,1.162175E1
4.910000E2,8.761368E0,1.117228E1
4.920000E2,8.756106E0,1.157608E1
4.930000E2,8.750845E0,1.185315E1
4.940000E2,8.745583E0,1.174305E1
4.950000E2,8.740321E0,9.975359E0
4.960000E2,8.735060E0,8.001051E0
4.970000E2,8.729798E0,1.148060E1
4.980000E2,8.724536E0,1.152050E1
4.990000E2,8.719275E0,8.038477E0
5.000000E2,8.714013E0,8.069463E0
5.010000E2,8.708752E0,8.156643E0
5.020000E2,8.703490E0,1.055422E1
5.030000E2,8.698228E0,9.505189E0
5.040000E2,8.692967E0,1.212740E1
5.050000E2,8.687705E0,1.042416E1
5.060000E2,8.682443E0,9.841146E0
5.070000E2,8.677182E0,1.127926E1
5.080000E2,8.671920E0,9.345841E0
5.090000E2,8.666659E0,1.018020E1
5.100000E2,8.661397E0,1.047230E1
5.110000E2,8.656135E0,1.101805E1
5.120000E2,8.650874E0,1.118731E1
5.130000E2,8.645612E0,1.144673E1
5.140000E2,8.640350E0,1.275329E1
5.150000E2,8.635089E0,1.228647E1
5.160000E2,8.629827E0,1.263961E1
5.170000E2,8.624566E0,1.272929E1
5.180000E2,8.619304E0,1.303485E1
5.190000E2,8.614042E0,1.106140E1
5.200000E2,8.608781E0,1.122877E1
5.210000E2,8.603519E0,1.211222E1
5.220000E2,8.598257E0,1.310304E1
5.230000E2,8.592996E0,1.180784E1
5.240000E2,8.587734E0,1.145880E1
5.250000E2,8.582473E0,1.346619E1
5.260000E2,8.577211E0,1.239650E1
5.270000E2,8.571949E0,1.047330E1
5.280000E2,8.566688E0,1.177085E1
5.290000E2,8.561426E0,1.175557E1
5.300000E2,8.556164E0,1.099125E1
5.310000E2,8.550903E0,9.770667E0
5.320000E2,8.545641E0,9.650923E0
5.330000E2,8.540379E0,1.138062E1
5.340000E2,8.535118E0,1.382493E1
5.350000E2,8.529856E0,1.033488E1
5.360000E2,8.524595E0,1.038050E1
5.370000E2,8.519333E0,1.067997E1
5.380000E2,8.514071E0,1.256667E1
5.390000E2,8.508810E0,1.328230E1
5.400000E2,8.503548E0,1.256029E1
5.410000E2,8.498286E0,1.288792E1
5.420000E2,8.493025E0,1.536191E1
5.430000E2,8.487763E0,1.584008E1
5.440000E2,8.482502E0,1.485815E1
5.450000E2,8.477240E0,1.228550E1
5.460000E2,8.471978E0,1.223856E1
5.470000E2,8.466717E0,1.166708E1
5.480000E2,8.461455E0,1.234596E1
5.490000E2,8.456193E0,1.212184E1
5.500000E2,8.450932E0,1.079493E1
5.510000E2,8.445670E0,1.184894E1
5.520000E2,8.440409E0,1.114628E1
5.530000E2,8.435147E0,1.132043E1
5.540000E2,8.429885E0,1.228887E1
5.550000E2,8.424624E0,1.196025E1
5.560000E2,8.419362E0,1.148866E1
5.570000E2,8.414100E0,1.017928E1
5.580000E2,8.408839E0,1.110310E1
5.590000E2,8.403577E0,9.720483E0
5.600000E2,8.398316E0,1.136715E1
5.610000E2,8.393054E0,1.289717E1
5.620000E2,8.387792E0,1.052467E1
5.630000E2,8.382531E0,9.539945E0
5.640000E2,8.377269E0,1.063430E1
5.650000E2,8.372007E0,1.240446E1
5.660000E2,8.366746E0,9.459368E0
5.670000E2,8.361484E0,1.105756E1
5.680000E2,8.356223E0,1.191464E1
5.690000E2,8.350961E0,1.174268E1
5.700000E2,8.345699E0,1.093283E1
5.710000E2,8.340438E0,9.061818E0
5.720000E2,8.335176E0,9.768938E0
5.730000E2,8.329914E0,1.023033E1
5.740000E2,8.324653E0,1.106703E1
5.750000E2,8.319391E0,8.660276E0
5.760000E2,8.314130E0,9.797058E0
5.770000E2,8.308868E0,8.693169E0
5.780000E2,8.303606E0,8.885037E0
5.790000E2,8.298345E0,7.893813E0
5.800000E2,8.293083E0,9.581045E0
5.810000E2,8.287821E0,1.160000E1
5.820000E2,8.282560E0,1.084933E1
5.830000E2,8.277298E0,1.030666E1
5.840000E2,8.272036E0,9.219939E0
5.850000E2,8.266775E0,1.184963E1
5.860000E2,8.261513E0,1.148176E1
5.870000E2,8.256252E0,1.070667E1
5.880000E2,8.250990E0,9.791583E0
5.890000E2,8.245728E0,1.064847E1
5.900000E2,8.240467E0,9.222956E0
5.910000E2,8.235205E0,1.108869E1
5.920000E2,8.229943E0,1.313990E1
5.930000E2,8.224682E0,1.194342E1
5.940000E2,8.219420E0,1.249557E1
5.950000E2,8.214159E0,1.157207E1
5.960000E2,8.208897E0,1.167862E1
5.970000E2,8.203635E0,1.084200E1
5.980000E2,8.198374E0,1.136671E1
5.990000E2,8.193112E0,1.091097E1
6.000000E2,8.187850E0,1.194291E1
6.010000E2,8.182589E0,1.272790E1
6.020000E2,8.177327E0,1.270521E1
6.030000E2,8.172066E0,1.155857E1
6.040000E2,8.166804E0,1.138097E1
6.050000E2,8.161542E0,1.053523E1
6.060000E2,8.156281E0,9.492439E0
6.070000E2,8.151019E0,1.039003E1
6.080000E2,8.145757E0,1.060677E1
6.090000E2,8.140496E0,1.336058E1
6.100000E2,8.135234E0,1.373229E1
6.110000E2,8.129973E0,1.298939E1
6.120000E2,8.124711E0,1.056717E1
6.130000E2,8.119449E0,1.047093E1
6.140000E2,8.114188E0,1.134131E1
6.150000E2,8.108926E0,1.132202E1
6.160000E2,8.103664E0,1.296022E1
6.170000E2,8.098403E0,1.214951E1
6.180000E2,8.093141E0,1.273242E1
6.190000E2,8.087880E0,1.114267E1
6.200000E2,8.082618E0,1.126784E1
6.210000E2,8.077356E0,1.298573E1
6.220000E2,8.072095E0,1.319807E1
6.230000E2,8.066833E0,1.307092E1
6.240000E2,8.061571E0,1.222110E1
6.250000E2,8.056310E0,1.035690E1
6.260000E2,8.051048E0,1.140645E1
6.270000E2,8.045786E0,1.110980E1
6.280000E2,8.040525E0,1.221331E1
6.290000E2,8.035263E0,1.332653E1
6.300000E2,8.030002E0,1.160520E1
6.310000E2,8.024740E0,1.138902E1
6.320000E2,8.019478E0,1.309756E1
6.330000E2,8.014217E0,1.315507E1
6.340000E2,8.008955E0,1.463050E1
6.350000E2,8.003693E0,1.075973E1
6.360000E2,7.998432E0,1.037190E1
6.370000E2,7.993170E0,1.025949E1
6.380000E2,7.987909E0,1.161177E1
6.390000E2,7.982647E0,1.226418E1
6.400000E2,7.977385E0,1.398472E1
6.410000E2,7.972124E0,1.507935E1
6.420000E2,7.966862E0,1.609046E1
6.430000E2,7.961600E0,1.548626E1
6.440000E2,7.956339E0,1.457019E1
6.450000E2,7.951077E0,1.465053E1
6.460000E2,7.945816E0,1.486332E1
6.470000E2,7.940554E0,1.503278E1
6.480000E2,7.935292E0,1.383732E1
6.490000E2,7.930031E0,1.412497E1
6.500000E2,7.924769E0,1.267473E1
6.510000E2,7.919507E0,1.272520E1
6.520000E2,7.914246E0,1.393957E1
6.530000E2,7.908984E0,1.466423E1
6.540000E2,7.903723E0,1.168759E1
6.550000E2,7.898461E0,1.208318E1
6.560000E2,7.893199E0,1.300279E1
6.570000E2,7.887938E0,1.203322E1
6.580000E2,7.882676E0,1.256378E1
6.590000E2,7.877414E0,1.353570E1
6.600000E2,7.872153E0,1.291016E1
6.610000E2,7.866891E0,1.421307E1
6.620000E2,7.861630E0,1.649818E1
6.630000E2,7.856368E0,1.511161E1
6.640000E2,7.851106E0,1.523049E1
6.650000E2,7.845845E0,1.565889E1
6.660000E2,7.840583E0,1.613768E1
6.670000E2,7.835321E0,1.543310E1
6.680000E2,7.830060E0,1.058778E1
6.690000E2,7.824798E0,1.231003E1
6.700000E2,7.819536E0,1.283061E1
6.710000E2,7.814275E0,1.585063E1
6.720000E2,7.809013E0,1.604964E1
6.730000E2,7.803752E0,1.606702E1
6.740000E2,7.798490E0,1.547081E1
6.750000E2,7.793228E0,1.408696E1
6.760000E2,7.787967E0,1.603088E1
6.770000E2,7.782705E0,1.271196E1
6.780000E2,7.777443E0,1.317487E1
6.790000E2,7.772182E0,1.385071E1
6.800000E2,7.766920E0,1.548549E1
6.810000E2,7.761659E0,1.519730E1
6.820000E2,7.756397E0,1.371756E1
6.830000E2,7.751135E0,1.446896E1
6.840000E2,7.745874E0,1.314375E1
6.850000E2,7.740612E0,1.296108E1
6.860000E2,7.735350E0,1.241212E1
6.870000E2,7.730089E0,1.256977E1
6.880000E2,7.724827E0,1.429504E1
6.890000E2,7.719566E0,1.569391E1
6.900000E2,7.714304E0,1.494027E1
6.910000E2,7.709042E0,1.706068E1
6.920000E2,7.703781E0,1.615825E1
6.930000E2,7.698519E0,1.650969E1
6.940000E2,7.693257E0,1.605770E1
6.950000E2,7.687996E0,1.567531E1
6.960000E2,7.682734E0,1.716675E1
6.970000E2,7.677473E0,1.676665E1
6.980000E2,7.672211E0,1.531201E1
6.990000E2,7.666949E0,1.539823E1
7.000000E2,7.661688E0,1.574022E1
7.010000E2,7.656426E0,1.602326E1
7.020000E2,7.651164E0,1.690235E1
7.030000E2,7.645903E0,1.529322E1
7.040000E2,7.640641E0,1.587683E1
7.050000E2,7.635380E0,1.815732E1
7.060000E2,7.630118E0,1.577223E1
7.070000E2,7.624856E0,1.535105E1
7.080000E2,7.619595E0,1.641089E1
7.090000E2,7.614333E0,1.660801E1
7.100000E2,7.609071E0,1.638967E1
7.110000E2,7.603810E0,1.756128E1
7.120000E2,7.598548E0,1.620283E1
7.130000E2,7.593287E0,1.465739E1
7.140000E2,7.588025E0,1.572964E1
7.150000E2,7.582763E0,1.473214E1
7.160000E2,7.577502E0,1.715607E1
7.170000E2,7.572240E0,1.756342E1
7.180000E2,7.566978E0,1.639820E1
7.190000E2,7.561717E0,1.616893E1
7.200000E2,7.556455E0,1.693599E1
7.210000E2,7.551193E0,1.868688E1
7.220000E2,7.545932E0,1.821327E1
7.230000E2,7.540670E0,1.705247E1
7.240000E2,7.535409E0,1.697738E1
7.250000E2,7.530147E0,1.697258E1
7.260000E2,7.524885E0,1.496406E1
7.270000E2,7.519624E0,1.448351E1
7.280000E2,7.514362E0,1.443616E1
7.290000E2,7.509100E0,1.424734E1
7.300000E2,7.503839E0,1.935185E1
7.310000E2,7.498577E0,1.444126E1
7.320000E2,7.493316E0,1.473200E1
7.330000E2,7.488054E0,1.430496E1
7.340000E2,7.482792E0,1.461100E1
7.350000E2,7.477531E0,1.603254E1
7.360000E2,7.472269E0,1.562136E1
7.370000E2,7.467007E0,1.832861E1
7.380000E2,7.461746E0,1.607928E1
7.390000E2,7.456484E0,1.586156E1
7.400000E2,7.451223E0,1.478048E1
7.410000E2,7.445961E0,1.436882E1
7.420000E2,7.440699E0,1.569074E1
7.430000E2,7.435438E0,1.526138E1
7.440000E2,7.430176E0,1.460678E1
7.450000E2,7.424914E0,1.411093E1
7.460000E2,7.419653E0,1.384821E1
7.470000E2,7.414391E0,1.368693E1
7.480000E2,7.409130E0,1.296807E1
7.490000E2,7.403868E0,1.488551E1
7.500000E2,7.398606E0,1.675807E1
7.510000E2,7.393345E0,1.599065E1
7.520000E2,7.388083E0,1.412705E1
7.530000E2,7.382821E0,1.234935E1
7.540000E2,7.377560E0,1.336097E1
7.550000E2,7.372298E0,1.346259E1
7.560000E2,7.367037E0,1.320348E1
7.570000E2,7.361775E0,1.572309E1
7.580000E2,7.356513E0,1.449930E1
7.590000E2,7.351252E0,1.220406E1
7.600000E2,7.345990E0,1.395421E1
7.610000E2,7.340728E0,1.187782E1
7.620000E2,7.335467E0,1.296678E1
7.630000E2,7.330205E0,1.383999E1
7.640000E2,7.324943E0,1.584380E1
7.650000E2,7.319682E0,1.264473E1
7.660000E2,7.314420E0,1.291710E1
7.670000E2,7.309159E0,1.160226E1
7.680000E2,7.303897E0,1.435441E1
7.690000E2,7.298635E0,1.480208E1
7.700000E2,7.293374E0,1.469059E1
7.710000E2,7.288112E0,1.453241E1
7.720000E2,7.282850E0,1.443439E1
7.730000E2,7.277589E0,1.197357E1
7.740000E2,7.272327E0,1.308747E1
7.750000E2,7.267066E0,1.234209E1
7.760000E2,7.261804E0,1.183798E1
7.770000E2,7.256542E0,1.225439E1
7.780000E2,7.251281E0,1.449795E1
7.790000E2,7.246019E0,1.337852E1
7.800000E2,7.240757E0,1.358043E1
7.810000E2,7.235496E0,1.257265E1
7.820000E2,7.230234E0,1.301163E1
7.830000E2,7.224973E0,1.301056E1
7.840000E2,7.219711E0,1.236088E1
7.850000E2,7.214449E0,1.219393E1
7.860000E2,7.209188E0,1.271925E1
7.870000E2,7.203926E0,1.453162E1
7.880000E2,7.198664E0,1.362298E1
7.890000E2,7.193403E0,1.360705E1
7.900000E2,7.188141E0,1.644474E1
7.910000E2,7.182880E0,1.359004E1
7.920000E2,7.177618E0,1.578692E1
7.930000E2,7.172356E0,1.281503E1
7.940000E2,7.167095E0,1.363589E1
7.950000E2,7.161833E0,1.456052E1
7.960000E2,7.156571E0,1.301176E1
7.970000E2,7.151310E0,1.405089E1
7.980000E2,7.146048E0,1.445156E1
7.990000E2,7.140787E0,1.434760E1
8.000000E2,7.135525E0,1.427374E1
8.010000E2,7.130263E0,1.681490E1
8.020000E2,7.125002E0,1.711319E1
8.030000E2,7.119740E0,1.384240E1
8.040000E2,7.114478E0,1.703165E1
8.050000E2,7.109217E0,1.721080E1
8.060000E2,7.103955E0,1.552479E1
8.070000E2,7.098693E0,1.767849E1
8.080000E2,7.093432E0,1.644327E1
8.090000E2,7.088170E0,1.493837E1
8.100000E2,7.082909E0,1.617307E1
8.110000E2,7.077647E0,1.416158E1
8.120000E2,7.072385E0,1.641683E1
8.130000E2,7.067124E0,1.691515E1
8.140000E2,7.061862E0,1.644446E1
8.150000E2,7.056600E0,1.720973E1
8.160000E2,7.051339E0,1.771434E1
8.170000E2,7.046077E0,2.084581E1
8.180000E2,7.040816E0,1.978014E1
8.190000E2,7.035554E0,1.946367E1
8.200000E2,7.030292E0,1.961445E1
8.210000E2,7.025031E0,1.901093E1
8.220000E2,7.019769E0,2.166844E1
8.230000E2,7.014507E0,2.008242E1
8.240000E2,7.009246E0,2.034182E1
8.250000E2,7.003984E0,1.938748E1
8.260000E2,6.998723E0,2.223433E1
8.270000E2,6.993461E0,1.855765E1
8.280000E2,6.988199E0,1.703937E1
8.290000E2,6.982938E0,2.111952E1
8.300000E2,6.977676E0,1.918523E1
8.310000E2,6.972414E0,2.072773E1
8.320000E2,6.967153E0,2.090975E1
8.330000E2,6.961891E0,2.240377E1
8.340000E2,6.956630E0,2.081164E1
8.350000E2,6.951368E0,1.817684E1
8.360000E2,6.946106E0,1.870437E1
8.370000E2,6.940845E0,2.012595E1
8.380000E2,6.935583E0,2.028157E1
8.390000E2,6.930321E0,2.063824E1
8.400000E2,6.925060E0,2.019573E1
8.410000E2,6.919798E0,2.048131E1
8.420000E2,6.914537E0,2.205515E1
8.430000E2,6.909275E0,2.044516E1
8.440000E2,6.904013E0,2.082945E1
8.450000E2,6.898752E0,2.135732E1
8.460000E2,6.893490E0,1.800416E1
8.470000E2,6.888228E0,1.676856E1
8.480000E2,6.882967E0,1.835898E1
8.490000E2,6.877705E0,1.976057E1
8.500000E2,6.872444E0,2.351144E1
8.510000E2,6.867182E0,2.434910E1
8.520000E2,6.861920E0,2.208049E1
8.530000E2,6.856659E0,2.037593E1
8.540000E2,6.851397E0,2.111459E1
8.550000E2,6.846135E0,2.183225E1
8.560000E2,6.840874E0,2.008862E1
8.570000E2,6.835612E0,1.987236E1
8.580000E2,6.830350E0,2.203166E1
8.590000E2,6.825089E0,2.104786E1
8.600000E2,6.819827E0,2.029337E1
8.610000E2,6.814566E0,2.075364E1
8.620000E2,6.809304E0,2.159721E1
8.630000E2,6.804042E0,2.211070E1
8.640000E2,6.798781E0,2.039279E1
8.650000E2,6.793519E0,2.443667E1
8.660000E2,6.788257E0,2.190948E1
8.670000E2,6.782996E0,2.249050E1
8.680000E2,6.777734E0,2.348721E1
8.690000E2,6.772473E0,2.348938E1
8.700000E2,6.767211E0,2.169851E1
8.710000E2,6.761949E0,2.068660E1
8.720000E2,6.756688E0,2.242188E1
8.730000E2,6.751426E0,1.968714E1
8.740000E2,6.746164E0,2.040354E1
8.750000E2,6.740903E0,2.369248E1
8.760000E2,6.735641E0,2.145130E1
8.770000E2,6.730380E0,1.934234E1
8.780000E2,6.725118E0,1.824938E1
8.790000E2,6.719856E0,1.842921E1
8.800000E2,6.714595E0,2.045149E1
8.810000E2,6.709333E0,1.881920E1
8.820000E2,6.704071E0,1.903718E1
8.830000E2,6.698810E0,2.019231E1
8.840000E2,6.693548E0,1.958549E1
8.850000E2,6.688287E0,1.979863E1
8.860000E2,6.683025E0,1.999483E1
8.870000E2,6.677763E0,1.771169E1
8.880000E2,6.672502E0,2.088861E1
8.890000E2,6.667240E0,1.843421E1
8.900000E2,6.661978E0,1.669065E1
8.910000E2,6.656717E0,1.854786E1
8.920000E2,6.651455E0,2.020844E1
8.930000E2,6.646194E0,1.803012E1
8.940000E2,6.640932E0,1.835212E1
8.950000E2,6.635670E0,1.755036E1
8.960000E2,6.630409E0,1.887443E1
8.970000E2,6.625147E0,1.721724E1
8.980000E2,6.619885E0,1.922848E1
8.990000E2,6.614624E0,2.191494E1
9.000000E2,6.609362E0,2.164429E1
9.010000E2,6.604100E0,2.185007E1
9.020000E2,6.598839E0,2.014853E1
9.030000E2,6.593577E0,1.752417E1
9.040000E2,6.588316E0,1.849343E1
9.050000E2,6.583054E0,2.066842E1
9.060000E2,6.577792E0,2.052853E1
9.070000E2,6.572531E0,2.021911E1
9.080000E2,6.567269E0,1.762245E1
9.090000E2,6.562007E0,1.774441E1
9.100000E2,6.556746E0,1.950964E1
9.110000E2,6.551484E0,1.940939E1
9.120000E2,6.546223E0,2.066485E1
9.130000E2,6.540961E0,1.881590E1
9.140000E2,6.535699E0,1.667856E1
9.150000E2,6.530438E0,1.956225E1
9.160000E2,6.525176E0,2.032600E1
9.170000E2,6.519914E0,1.452232E1
9.180000E2,6.514653E0,1.871777E1
9.190000E2,6.509391E0,1.922615E1
9.200000E2,6.504130E0,1.728122E1
9.210000E2,6.498868E0,1.918182E1
9.220000E2,6.493606E0,1.854978E1
9.230000E2,6.488345E0,1.783524E1
9.240000E2,6.483083E0,1.862231E1
9.250000E2,6.477821E0,1.690806E1
9.260000E2,6.472560E0,1.593525E1
9.270000E2,6.467298E0,1.728852E1
9.280000E2,6.462037E0,1.719019E1
9.290000E2,6.456775E0,1.756828E1
9.300000E2,6.451513E0,1.899633E1
9.310000E2,6.446252E0,1.669450E1
9.320000E2,6.440990E0,1.781092E1
9.330000E2,6.435728E0,1.928318E1
9.340000E2,6.430467E0,1.766513E1
9.350000E2,6.425205E0,2.043724E1
9.360000E2,6.419944E0,1.995222E1
9.370000E2,6.414682E0,1.690362E1
9.380000E2,6.409420E0,1.692203E1
9.390000E2,6.404159E0,1.562320E1
9.400000E2,6.398897E0,1.502710E1
9.410000E2,6.393635E0,1.757217E1
9.420000E2,6.388374E0,2.009553E1
9.430000E2,6.383112E0,1.941877E1
9.440000E2,6.377850E0,2.224152E1
9.450000E2,6.372589E0,2.151861E1
9.460000E2,6.367327E0,2.189112E1
9.470000E2,6.362066E0,1.898927E1
9.480000E2,6.356804E0,1.934497E1
9.490000E2,6.351542E0,1.909030E1
9.500000E2,6.346281E0,1.813556E1
9.510000E2,6.341019E0,2.004804E1
9.520000E2,6.335757E0,1.953795E1
9.530000E2,6.330496E0,1.663999E1
9.540000E2,6.325234E0,1.716405E1
9.550000E2,6.319973E0,1.786987E1
9.560000E2,6.314711E0,1.902372E1
9.570000E2,6.309449E0,2.041372E1
9.580000E2,6.304188E0,2.116051E1
9.590000E2,6.298926E0,2.044649E1
9.600000E2,6.293664E0,1.857723E1
9.610000E2,6.288403E0,1.965776E1
9.620000E2,6.283141E0,2.014902E1
9.630000E2,6.277880E0,2.076780E1
9.640000E2,6.272618E0,1.998909E1
9.650000E2,6.267356E0,1.930925E1
9.660000E2,6.262095E0,2.272579E1
9.670000E2,6.256833E0,2.109312E1
9.680000E2,6.251571E0,2.204688E1
9.690000E2,6.246310E0,2.254554E1
9.700000E2,6.241048E0,2.273628E1
9.710000E2,6.235787E0,2.364437E1
9.720000E2,6.230525E0,2.132363E1
9.730000E2,6.225263E0,2.199258E1
9.740000E2,6.220002E0,2.262745E1
9.750000E2,6.214740E0,2.135841E1
9.760000E2,6.209478E0,2.271250E1
9.770000E2,6.204217E0,2.406778E1
9.780000E2,6.198955E0,2.175498E1
9.790000E2,6.193694E0,2.610126E1
9.800000E2,6.188432E0,2.630482E1
9.810000E2,6.183170E0,2.605593E1
9.820000E2,6.177909E0,2.485103E1
9.830000E2,6.172647E0,2.458765E1
9.840000E2,6.167385E0,2.546199E1
9.850000E2,6.162124E0,2.728044E1
9.860000E2,6.156862E0,2.817839E1
9.870000E2,6.151601E0,2.587963E1
9.880000E2,6.146339E0,2.898240E1
9.890000E2,6.141077E0,2.910881E1
9.900000E2,6.135816E0,2.799098E1
9.910000E2,6.130554E0,2.868655E1
9.920000E2,6.125292E0,2.811773E1
9.930000E2,6.120031E0,2.674734E1
9.940000E2,6.114769E0,2.894197E1
9.950000E2,6.109507E0,2.672483E1
9.960000E2,6.104246E0,2.803003E1
9.970000E2,6.098984E0,3.052727E1
9.980000E2,6.093723E0,2.750135E1
9.990000E2,6.088461E0,3.001611E1
1.000000E3,6.083199E0,3.242015E1
1.001000E3,6.077938E0,2.985146E1
1.002000E3,6.072676E0,2.817860E1
1.003000E3,6.067414E0,2.869349E1
1.004000E3,6.062153E0,2.829830E1
1.005000E3,6.056891E0,2.880508E1
1.006000E3,6.051630E0,2.826687E1
1.007000E3,6.046368E0,2.933102E1
1.008000E3,6.041106E0,2.709921E1
1.009000E3,6.035845E0,2.613664E1
1.010000E3,6.030583E0,2.843158E1
1.011000E3,6.025321E0,2.701551E1
1.012000E3,6.020060E0,2.848545E1
1.013000E3,6.014798E0,3.188694E1
1.014000E3,6.009537E0,3.105775E1
1.015000E3,6.004275E0,3.045663E1
1.016000E3,5.999013E0,3.361508E1
1.017000E3,5.993752E0,3.560664E1
1.018000E3,5.988490E0,3.484556E1
1.019000E3,5.983228E0,2.958202E1
1.020000E3,5.977967E0,3.233817E1
1.021000E3,5.972705E0,3.516120E1
1.022000E3,5.967444E0,3.119809E1
1.023000E3,5.962182E0,2.778857E1
1.024000E3,5.956920E0,3.040519E1
1.025000E3,5.951659E0,3.168869E1
1.026000E3,5.946397E0,3.311908E1
1.027000E3,5.941135E0,3.380121E1
1.028000E3,5.935874E0,3.311423E1
1.029000E3,5.930612E0,3.251418E1
1.030000E3,5.925351E0,3.075512E1
1.031000E3,5.920089E0,2.696485E1
1.032000E3,5.914827E0,3.132290E1
1.033000E3,5.909566E0,3.079634E1
1.034000E3,5.904304E0,3.053307E1
1.035000E3,5.899042E0,2.808051E1
1.036000E3,5.893781E0,2.885419E1
1.037000E3,5.888519E0,2.830392E1
1.038000E3,5.883257E0,2.828407E1
1.039000E3,5.877996E0,2.650885E1
1.040000E3,5.872734E0,2.825280E1
1.041000E3,5.867473E0,2.754859E1
1.042000E3,5.862211E0,2.829952E1
1.043000E3,5.856949E0,2.556178E1
1.044000E3,5.851688E0,2.817636E1
1.045000E3,5.846426E0,3.111965E1
1.046000E3,5.841164E0,3.013401E1
1.047000E3,5.835903E0,3.132505E1
1.048000E3,5.830641E0,3.259786E1
1.049000E3,5.825380E0,2.955805E1
1.050000E3,5.820118E0,2.537466E1
1.051000E3,5.814856E0,2.789098E1
1.052000E3,5.809595E0,2.603292E1
1.053000E3,5.804333E0,2.398965E1
1.054000E3,5.799071E0,2.642399E1
1.055000E3,5.793810E0,2.442189E1
1.056000E3,5.788548E0,2.127330E1
1.057000E3,5.783287E0,2.384359E1
1.058000E3,5.778025E0,2.421593E1
1.059000E3,5.772763E0,2.286959E1
1.060000E3,5.767502E0,2.124994E1
1.061000E3,5.762240E0,2.366530E1
1.062000E3,5.756978E0,2.454863E1
1.063000E3,5.751717E0,2.531218E1
1.064000E3,5.746455E0,2.516406E1
1.065000E3,5.741194E0,2.700850E1
1.066000E3,5.735932E0,2.787385E1
1.067000E3,5.730670E0,2.492081E1
1.068000E3,5.725409E0,2.507989E1
1.069000E3,5.720147E0,2.810524E1
1.070000E3,5.714885E0,2.592817E1
1.071000E3,5.709624E0,2.318925E1
1.072000E3,5.704362E0,2.203315E1
1.073000E3,5.699101E0,2.415577E1
1.074000E3,5.693839E0,2.301736E1
1.075000E3,5.688577E0,2.167512E1
1.076000E3,5.683316E0,2.266842E1
1.077000E3,5.678054E0,2.462321E1
1.078000E3,5.672792E0,2.475193E1
1.079000E3,5.667531E0,2.419321E1
1.080000E3,5.662269E0,2.166095E1
1.081000E3,5.657008E0,2.080103E1
1.082000E3,5.651746E0,2.156692E1
1.083000E3,5.646484E0,1.997748E1
1.084000E3,5.641223E0,1.973225E1
1.085000E3,5.635961E0,1.775899E1
1.086000E3,5.630699E0,1.893452E1
1.087000E3,5.625438E0,2.141624E1
1.088000E3,5.620176E0,2.138312E1
1.089000E3,5.614914E0,2.099203E1
1.090000E3,5.609653E0,1.999531E1
1.091000E3,5.604391E0,2.121752E1
1.092000E3,5.599130E0,2.086323E1
1.093000E3,5.593868E0,2.360826E1
1.094000E3,5.588606E0,2.468725E1
1.095000E3,5.583345E0,2.179268E1
1.096000E3,5.578083E0,2.202187E1
1.097000E3,5.572821E0,2.247813E1
1.098000E3,5.567560E0,2.125142E1
1.099000E3,5.562298E0,2.273145E1
1.100000E3,5.557037E0,2.258960E1
1.101000E3,5.551775E0,2.423720E1
1.102000E3,5.546513E0,2.267287E1
1.103000E3,5.541252E0,2.386515E1
1.104000E3,5.535990E0,2.210984E1
1.105000E3,5.530728E0,2.064659E1
1.106000E3,5.525467E0,2.217394E1
1.107000E3,5.520205E0,2.217765E1
1.108000E3,5.514944E0,2.331696E1
1.109000E3,5.509682E0,2.202991E1
1.110000E3,5.504420E0,2.167210E1
1.111000E3,5.499159E0,2.222385E1
1.112000E3,5.493897E0,2.092289E1
1.113000E3,5.488635E0,2.355830E1
1.114000E3,5.483374E0,2.634214E1
1.115000E3,5.478112E0,2.170811E1
1.116000E3,5.472851E0,2.063842E1
1.117000E3,5.467589E0,2.232027E1
1.118000E3,5.462327E0,2.516985E1
1.119000E3,5.457066E0,2.206943E1
1.120000E3,5.451804E0,2.255104E1
1.121000E3,5.446542E0,2.137618E1
1.122000E3,5.441281E0,2.207299E1
1.123000E3,5.436019E0,2.316500E1
1.124000E3,5.430758E0,2.494546E1
1.125000E3,5.425496E0,2.828050E1
1.126000E3,5.420234E0,2.717805E1
1.127000E3,5.414973E0,2.725959E1
1.128000E3,5.409711E0,2.789003E1
1.129000E3,5.404449E0,2.453644E1
1.130000E3,5.399188E0,2.733371E1
1.131000E3,5.393926E0,2.726426E1
1.132000E3,5.388664E0,2.679299E1
1.133000E3,5.383403E0,2.595329E1
1.134000E3,5.378141E0,2.677711E1
1.135000E3,5.372880E0,2.694669E1
1.136000E3,5.367618E0,2.631756E1
1.137000E3,5.362356E0,2.407332E1
1.138000E3,5.357095E0,2.644947E1
1.139000E3,5.351833E0,2.552893E1
1.140000E3,5.346571E0,2.434850E1
1.141000E3,5.341310E0,2.455009E1
1.142000E3,5.336048E0,2.548675E1
1.143000E3,5.330787E0,2.877694E1
1.144000E3,5.325525E0,3.357863E1
1.145000E3,5.320263E0,3.073641E1
1.146000E3,5.315002E0,3.249632E1
1.147000E3,5.309740E0,3.394896E1
1.148000E3,5.304478E0,3.473023E1
1.149000E3,5.299217E0,3.420118E1
1.150000E3,5.293955E0,3.368065E1
1.151000E3,5.288694E0,2.912388E1
1.152000E3,5.283432E0,3.115815E1
1.153000E3,5.278170E0,3.259056E1
1.154000E3,5.272909E0,3.023453E1
1.155000E3,5.267647E0,3.072868E1
1.156000E3,5.262385E0,3.452166E1
1.157000E3,5.257124E0,3.222652E1
1.158000E3,5.251862E0,3.478322E1
1.159000E3,5.246601E0,3.521101E1
1.160000E3,5.241339E0,3.719149E1
1.161000E3,5.236077E0,3.858238E1
1.162000E3,5.230816E0,3.829417E1
1.163000E3,5.225554E0,3.771812E1
1.164000E3,5.220292E0,3.455992E1
1.165000E3,5.215031E0,3.270695E1
1.166000E3,5.209769E0,3.610575E1
1.167000E3,5.204508E0,4.184806E1
1.168000E3,5.199246E0,4.137862E1
1.169000E3,5.193984E0,4.193871E1
1.170000E3,5.188723E0,3.987981E1
1.171000E3,5.183461E0,4.150463E1
1.172000E3,5.178199E0,4.356012E1
1.173000E3,5.172938E0,4.010821E1
1.174000E3,5.167676E0,3.935046E1
1.175000E3,5.162414E0,3.578091E1
1.176000E3,5.157153E0,3.893704E1
1.177000E3,5.151891E0,4.251855E1
1.178000E3,5.146630E0,4.103282E1
1.179000E3,5.141368E0,4.134446E1
1.180000E3,5.136106E0,4.269483E1
1.181000E3,5.130845E0,4.225564E1
1.182000E3,5.125583E0,4.406838E1
1.183000E3,5.120321E0,4.027605E1
1.184000E3,5.115060E0,4.077133E1
1.185000E3,5.109798E0,4.226631E1
1.186000E3,5.104537E0,4.261420E1
1.187000E3,5.099275E0,3.891846E1
1.188000E3,5.094013E0,3.588570E1
1.189000E3,5.088752E0,3.548822E1
1.190000E3,5.083490E0,3.737866E1
1.191000E3,5.078228E0,3.904622E1
1.192000E3,5.072967E0,3.921471E1
1.193000E3,5.067705E0,4.243370E1
1.194000E3,5.062444E0,4.194423E1
1.195000E3,5.057182E0,4.424112E1
1.196000E3,5.051920E0,4.384590E1
1.197000E3,5.046659E0,4.712964E1
1.198000E3,5.041397E0,4.506603E1
1.199000E3,5.036135E0,3.875608E1
1.200000E3,5.030874E0,3.834195E1
1.201000E3,5.025612E0,3.911221E1
1.202000E3,5.020351E0,4.188407E1
1.203000E3,5.015089E0,4.281458E1
1.204000E3,5.009827E0,4.028794E1
1.205000E3,5.004566E0,3.753456E1
1.206000E3,4.999304E0,4.064550E1
1.207000E3,4.994042E0,3.825156E1
1.208000E3,4.988781E0,3.917290E1
1.209000E3,4.983519E0,4.095954E1
1.210000E3,4.978258E0,4.175617E1
1.211000E3,4.972996E0,4.006373E1
1.212000E3,4.967734E0,3.966713E1
1.213000E3,4.962473E0,3.870590E1
1.214000E3,4.957211E0,3.784260E1
1.215000E3,4.951949E0,4.043887E1
1.216000E3,4.946688E0,4.005488E1
1.217000E3,4.941426E0,3.833059E1
1.218000E3,4.936165E0,3.504169E1
1.219000E3,4.930903E0,3.560039E1
1.220000E3,4.925641E0,3.491414E1
1.221000E3,4.920380E0,3.729337E1
1.222000E3,4.915118E0,3.487869E1
1.223000E3,4.909856E0,2.907665E1
1.224000E3,4.904595E0,3.210176E1
1.225000E3,4.899333E0,3.411091E1
1.226000E3,4.894071E0,3.658398E1
1.227000E3,4.888810E0,3.506660E1
1.228000E3,4.883548E0,3.508353E1
1.229000E3,4.878287E0,3.379488E1
1.230000E3,4.873025E0,3.476801E1
1.231000E3,4.867763E0,3.346652E1
1.232000E3,4.862502E0,3.326600E1
1.233000E3,4.857240E0,3.487330E1
1.234000E3,4.851978E0,3.259050E1
1.235000E3,4.846717E0,3.420083E1
1.236000E3,4.841455E0,3.311838E1
1.237000E3,4.836194E0,3.346913E1
1.238000E3,4.830932E0,3.153853E1
1.239000E3,4.825670E0,2.918449E1
1.240000E3,4.820409E0,3.216534E1
1.241000E3,4.815147E0,2.910723E1
1.242000E3,4.809885E0,2.552402E1
1.243000E3,4.804624E0,2.681700E1
1.244000E3,4.799362E0,3.135211E1
1.245000E3,4.794101E0,2.807780E1
1.246000E3,4.788839E0,2.926652E1
1.247000E3,4.783577E0,2.621159E1
1.248000E3,4.778316E0,2.898610E1
1.249000E3,4.773054E0,3.181966E1
1.250000E3,4.767792E0,2.920000E1
1.251000E3,4.762531E0,2.655698E1
1.252000E3,4.757269E0,2.527270E1
1.253000E3,4.752008E0,2.860907E1
1.254000E3,4.746746E0,2.595380E1
1.255000E3,4.741484E0,2.757737E1
1.256000E3,4.736223E0,2.702908E1
1.257000E3,4.730961E0,2.478736E1
1.258000E3,4.725699E0,2.366304E1
1.259000E3,4.720438E0,2.425917E1
1.260000E3,4.715176E0,2.427765E1
1.261000E3,4.709915E0,2.546204E1
1.262000E3,4.704653E0,2.344591E1
1.263000E3,4.699391E0,2.469636E1
1.264000E3,4.694130E0,2.386056E1
1.265000E3,4.688868E0,2.349699E1
1.266000E3,4.683606E0,2.786392E1
1.267000E3,4.678345E0,2.583294E1
1.268000E3,4.673083E0,2.358747E1
1.269000E3,4.667821E0,2.466196E1
1.270000E3,4.662560E0,2.568001E1
1.271000E3,4.657298E0,2.506784E1
1.272000E3,4.652037E0,2.442507E1
1.273000E3,4.646775E0,2.317074E1
1.274000E3,4.641513E0,2.395260E1
1.275000E3,4.636252E0,2.248630E1
1.276000E3,4.630990E0,2.253356E1
1.277000E3,4.625728E0,2.448645E1
1.278000E3,4.620467E0,2.532552E1
1.279000E3,4.615205E0,2.143300E1
1.280000E3,4.609944E0,2.293198E1
1.281000E3,4.604682E0,2.499280E1
1.282000E3,4.599420E0,2.377818E1
1.283000E3,4.594159E0,2.560781E1
1.284000E3,4.588897E0,2.375774E1
1.285000E3,4.583635E0,2.744723E1
1.286000E3,4.578374E0,2.506068E1
1.287000E3,4.573112E0,2.210273E1
1.288000E3,4.567851E0,2.263379E1
1.289000E3,4.562589E0,2.537300E1
1.290000E3,4.557327E0,2.506892E1
1.291000E3,4.552066E0,2.514717E1
1.292000E3,4.546804E0,2.544597E1
1.293000E3,4.541542E0,2.533961E1
1.294000E3,4.536281E0,2.572641E1
1.295000E3,4.531019E0,2.683477E1
1.296000E3,4.525758E0,2.756612E1
1.297000E3,4.520496E0,2.782496E1
1.298000E3,4.515234E0,2.875379E1
1.299000E3,4.509973E0,3.122545E1
1.300000E3,4.504711E0,3.127294E1
1.301000E3,4.499449E0,3.015289E1
1.302000E3,4.494188E0,3.050076E1
1.303000E3,4.488926E0,3.292163E1
1.304000E3,4.483665E0,2.895976E1
1.305000E3,4.478403E0,2.646342E1
1.306000E3,4.473141E0,3.086313E1
1.307000E3,4.467880E0,2.971956E1
1.308000E3,4.462618E0,2.876452E1
1.309000E3,4.457356E0,2.885424E1
1.310000E3,4.452095E0,3.316397E1
1.311000E3,4.446833E0,3.622399E1
1.312000E3,4.441571E0,3.527956E1
1.313000E3,4.436310E0,3.801152E1
1.314000E3,4.431048E0,4.107781E1
1.315000E3,4.425787E0,4.051462E1
1.316000E3,4.420525E0,4.421199E1
1.317000E3,4.415263E0,4.140278E1
1.318000E3,4.410002E0,4.078967E1
1.319000E3,4.404740E0,4.110925E1
1.320000E3,4.399478E0,4.184035E1
1.321000E3,4.394217E0,4.429005E1
1.322000E3,4.388955E0,4.290920E1
1.323000E3,4.383694E0,4.066490E1
1.324000E3,4.378432E0,3.895618E1
1.325000E3,4.373170E0,3.891068E1
1.326000E3,4.367909E0,3.944613E1
1.327000E3,4.362647E0,4.212298E1
1.328000E3,4.357385E0,4.587729E1
1.329000E3,4.352124E0,4.383196E1
1.330000E3,4.346862E0,4.930693E1
1.331000E3,4.341601E0,5.290527E1
1.332000E3,4.336339E0,5.169300E1
1.333000E3,4.331077E0,5.197328E1
1.334000E3,4.325816E0,4.736109E1
1.335000E3,4.320554E0,4.800992E1
1.336000E3,4.315292E0,5.065323E1
1.337000E3,4.310031E0,5.071372E1
1.338000E3,4.304769E0,5.190212E1
1.339000E3,4.299508E0,5.570202E1
1.340000E3,4.294246E0,5.755035E1
1.341000E3,4.288984E0,5.451551E1
1.342000E3,4.283723E0,5.279751E1
1.343000E3,4.278461E0,5.303975E1
1.344000E3,4.273199E0,4.992933E1
1.345000E3,4.267938E0,4.968397E1
1.346000E3,4.262676E0,4.975037E1
1.347000E3,4.257415E0,4.913328E1
1.348000E3,4.252153E0,4.888656E1
1.349000E3,4.246891E0,5.137486E1
1.350000E3,4.241630E0,5.476796E1
1.351000E3,4.236368E0,5.750579E1
1.352000E3,4.231106E0,5.394943E1
1.353000E3,4.225845E0,5.036619E1
1.354000E3,4.220583E0,4.779489E1
1.355000E3,4.215322E0,4.664766E1
1.356000E3,4.210060E0,4.910160E1
1.357000E3,4.204798E0,4.883292E1
1.358000E3,4.199537E0,4.725454E1
1.359000E3,4.194275E0,5.114099E1
1.360000E3,4.189013E0,5.192251E1
1.361000E3,4.183752E0,4.982294E1
1.362000E3,4.178490E0,5.250889E1
1.363000E3,4.173228E0,5.604378E1
1.364000E3,4.167967E0,5.428316E1
1.365000E3,4.162705E0,5.179760E1
1.366000E3,4.157444E0,5.308299E1
1.367000E3,4.152182E0,5.246045E1
1.368000E3,4.146920E0,5.188917E1
1.369000E3,4.141659E0,5.565374E1
1.370000E3,4.136397E0,5.365993E1
1.371000E3,4.131135E0,5.138105E1
1.372000E3,4.125874E0,5.160805E1
1.373000E3,4.120612E0,5.055671E1
1.374000E3,4.115351E0,4.988189E1
1.375000E3,4.110089E0,5.383543E1
1.376000E3,4.104827E0,5.329930E1
1.377000E3,4.099566E0,5.013959E1
1.378000E3,4.094304E0,5.222694E1
1.379000E3,4.089042E0,5.808673E1
1.380000E3,4.083781E0,5.342815E1
1.381000E3,4.078519E0,5.162577E1
1.382000E3,4.073258E0,4.702281E1
1.383000E3,4.067996E0,4.619570E1
1.384000E3,4.062734E0,4.854197E1
1.385000E3,4.057473E0,5.085552E1
1.386000E3,4.052211E0,5.057376E1
1.387000E3,4.046949E0,5.123781E1
1.388000E3,4.041688E0,4.728929E1
1.389000E3,4.036426E0,4.174149E1
1.390000E3,4.031165E0,4.212904E1
1.391000E3,4.025903E0,4.408497E1
1.392000E3,4.020641E0,4.329209E1
1.393000E3,4.015380E0,3.999818E1
1.394000E3,4.010118E0,4.159366E1
1.395000E3,4.004856E0,3.785812E1
1.396000E3,3.999595E0,4.309947E1
1.397000E3,3.994333E0,4.286068E1
1.398000E3,3.989072E0,4.326302E1
1.399000E3,3.983810E0,4.196186E1
1.400000E3,3.978548E0,4.454162E1
1.401000E3,3.973287E0,4.302584E1
1.402000E3,3.968025E0,4.561756E1
1.403000E3,3.962763E0,4.302312E1
1.404000E3,3.957502E0,4.313603E1
1.405000E3,3.952240E0,4.295218E1
1.406000E3,3.946978E0,4.178641E1
1.407000E3,3.941717E0,4.258045E1
1.408000E3,3.936455E0,4.419390E1
1.409000E3,3.931194E0,4.253940E1
1.410000E3,3.925932E0,3.892713E1
1.411000E3,3.920670E0,3.780310E1
1.412000E3,3.915409E0,3.603482E1
1.413000E3,3.910147E0,3.650854E1
1.414000E3,3.904885E0,4.010528E1
1.415000E3,3.899624E0,4.038046E1
1.416000E3,3.894362E0,3.781203E1
1.417000E3,3.889101E0,3.517300E1
1.418000E3,3.883839E0,3.564912E1
1.419000E3,3.878577E0,3.643188E1
1.420000E3,3.873316E0,3.513761E1
1.421000E3,3.868054E0,3.197469E1
1.422000E3,3.862792E0,3.148792E1
1.423000E3,3.857531E0,3.149891E1
1.424000E3,3.852269E0,3.122357E1
1.425000E3,3.847008E0,3.380756E1
1.426000E3,3.841746E0,3.560095E1
1.427000E3,3.836484E0,3.493186E1
1.428000E3,3.831223E0,3.358390E1
1.429000E3,3.825961E0,3.330288E1
1.430000E3,3.820699E0,3.491193E1
1.431000E3,3.815438E0,3.301152E1
1.432000E3,3.810176E0,3.437582E1
1.433000E3,3.804915E0,3.511130E1
1.434000E3,3.799653E0,3.278066E1
1.435000E3,3.794391E0,3.324930E1
1.436000E3,3.789130E0,3.069818E1
1.437000E3,3.783868E0,3.021379E1
1.438000E3,3.778606E0,2.875716E1
1.439000E3,3.773345E0,3.090229E1
1.440000E3,3.768083E0,2.889019E1
1.441000E3,3.762822E0,2.893295E1
1.442000E3,3.757560E0,3.074765E1
1.443000E3,3.752298E0,3.140921E1
1.444000E3,3.747037E0,3.156782E1
1.445000E3,3.741775E0,3.308599E1
1.446000E3,3.736513E0,3.235297E1
1.447000E3,3.731252E0,3.116011E1
1.448000E3,3.725990E0,3.194400E1
1.449000E3,3.720728E0,3.628407E1
1.450000E3,3.715467E0,3.373437E1
1.451000E3,3.710205E0,3.533844E1
1.452000E3,3.704944E0,3.356876E1
1.453000E3,3.699682E0,3.153679E1
1.454000E3,3.694420E0,3.367400E1
1.455000E3,3.689159E0,3.370555E1
1.456000E3,3.683897E0,3.123454E1
1.457000E3,3.678635E0,3.163252E1
1.458000E3,3.673374E0,3.543898E1
1.459000E3,3.668112E0,3.583376E1
1.460000E3,3.662851E0,3.681379E1
1.461000E3,3.657589E0,3.826311E1
1.462000E3,3.652327E0,3.872602E1
1.463000E3,3.647066E0,3.946745E1
1.464000E3,3.641804E0,3.845949E1
1.465000E3,3.636542E0,3.772639E1
1.466000E3,3.631281E0,4.174257E1
1.467000E3,3.626019E0,4.447120E1
1.468000E3,3.620758E0,4.456083E1
1.469000E3,3.615496E0,4.271731E1
1.470000E3,3.610234E0,4.441299E1
1.471000E3,3.604973E0,4.223696E1
1.472000E3,3.599711E0,4.172099E1
1.473000E3,3.594449E0,4.520922E1
1.474000E3,3.589188E0,4.539434E1
1.475000E3,3.583926E0,4.510250E1
1.476000E3,3.578665E0,4.294301E1
1.477000E3,3.573403E0,4.301142E1
1.478000E3,3.568141E0,4.387904E1
1.479000E3,3.562880E0,4.295184E1
1.480000E3,3.557618E0,4.579661E1
1.481000E3,3.552356E0,4.754114E1
1.482000E3,3.547095E0,4.779404E1
1.483000E3,3.541833E0,4.871093E1
1.484000E3,3.536572E0,5.347118E1
1.485000E3,3.531310E0,5.757723E1
1.486000E3,3.526048E0,5.503537E1
1.487000E3,3.520787E0,5.525723E1
1.488000E3,3.515525E0,5.616098E1
1.489000E3,3.510263E0,5.316407E1
1.490000E3,3.505002E0,5.707463E1
1.491000E3,3.499740E0,5.796844E1
1.492000E3,3.494479E0,5.806195E1
1.493000E3,3.489217E0,5.849230E1
1.494000E3,3.483955E0,5.783790E1
1.495000E3,3.478694E0,5.733275E1
1.496000E3,3.473432E0,6.029214E1
1.497000E3,3.468170E0,5.854666E1
1.498000E3,3.462909E0,6.032356E1
1.499000E3,3.457647E0,6.064767E1
1.500000E3,3.452385E0,6.318154E1
1.501000E3,3.447124E0,6.555828E1
1.502000E3,3.441862E0,6.638122E1
1.503000E3,3.436601E0,6.565033E1
1.504000E3,3.431339E0,6.550360E1
1.505000E3,3.426077E0,6.990366E1
1.506000E3,3.420816E0,6.977529E1
1.507000E3,3.415554E0,7.491976E1
1.508000E3,3.410292E0,7.457878E1
1.509000E3,3.405031E0,7.700596E1
1.510000E3,3.399769E0,7.597994E1
1.511000E3,3.394508E0,7.033433E1
1.512000E3,3.389246E0,6.574456E1
1.513000E3,3.383984E0,6.660765E1
1.514000E3,3.378723E0,7.146593E1
1.515000E3,3.373461E0,6.927625E1
1.516000E3,3.368199E0,6.791951E1
1.517000E3,3.362938E0,6.964283E1
1.518000E3,3.357676E0,7.325150E1
1.519000E3,3.352415E0,7.281497E1
1.520000E3,3.347153E0,6.936697E1
1.521000E3,3.341891E0,6.366824E1
1.522000E3,3.336630E0,6.377183E1
1.523000E3,3.331368E0,6.924728E1
1.524000E3,3.326106E0,6.757710E1
1.525000E3,3.320845E0,7.170406E1
1.526000E3,3.315583E0,7.682703E1
1.527000E3,3.310322E0,7.837606E1
1.528000E3,3.305060E0,7.519208E1
1.529000E3,3.299798E0,7.195982E1
1.530000E3,3.294537E0,7.051493E1
1.531000E3,3.289275E0,7.235392E1
1.532000E3,3.284013E0,7.130625E1
1.533000E3,3.278752E0,6.934529E1
1.534000E3,3.273490E0,7.614460E1
1.535000E3,3.268229E0,7.715888E1
1.536000E3,3.262967E0,7.864354E1
1.537000E3,3.257705E0,8.180412E1
1.538000E3,3.252444E0,8.055400E1
1.539000E3,3.247182E0,8.053552E1
1.540000E3,3.241920E0,7.678242E1
1.541000E3,3.236659E0,7.402099E1
1.542000E3,3.231397E0,7.436565E1
1.543000E3,3.226135E0,7.757675E1
1.544000E3,3.220874E0,7.689389E1
1.545000E3,3.215612E0,8.567323E1
1.546000E3,3.210351E0,8.381816E1
1.547000E3,3.205089E0,8.392536E1
1.548000E3,3.199827E0,8.133874E1
1.549000E3,3.194566E0,7.561135E1
1.550000E3,3.189304E0,7.257087E1
1.551000E3,3.184042E0,7.170720E1
1.552000E3,3.178781E0,7.566126E1
1.553000E3,3.173519E0,7.259921E1
1.554000E3,3.168258E0,7.003276E1
1.555000E3,3.162996E0,6.811213E1
1.556000E3,3.157734E0,6.785608E1
1.557000E3,3.152473E0,7.260617E1
1.558000E3,3.147211E0,7.950589E1
1.559000E3,3.141949E0,8.243823E1
1.560000E3,3.136688E0,8.461987E1
1.561000E3,3.131426E0,8.019753E1
1.562000E3,3.126165E0,7.135460E1
1.563000E3,3.120903E0,6.334899E1
1.564000E3,3.115641E0,6.761217E1
1.565000E3,3.110380E0,6.653506E1
1.566000E3,3.105118E0,6.858173E1
1.567000E3,3.099856E0,6.904588E1
1.568000E3,3.094595E0,7.045500E1
1.569000E3,3.089333E0,7.075839E1
1.570000E3,3.084072E0,6.871876E1
1.571000E3,3.078810E0,6.424623E1
1.572000E3,3.073548E0,6.701080E1
1.573000E3,3.068287E0,7.018155E1
1.574000E3,3.063025E0,7.172563E1
1.575000E3,3.057763E0,7.057198E1
1.576000E3,3.052502E0,6.746369E1
1.577000E3,3.047240E0,6.377942E1
1.578000E3,3.041979E0,6.156743E1
1.579000E3,3.036717E0,6.276713E1
1.580000E3,3.031455E0,5.915547E1
1.581000E3,3.026194E0,5.340292E1
1.582000E3,3.020932E0,5.311947E1
1.583000E3,3.015670E0,5.667945E1
1.584000E3,3.010409E0,5.433819E1
1.585000E3,3.005147E0,5.522965E1
1.586000E3,2.999885E0,5.603315E1
1.587000E3,2.994624E0,5.726813E1
1.588000E3,2.989362E0,5.622394E1
1.589000E3,2.984101E0,5.341291E1
1.590000E3,2.978839E0,5.947292E1
1.591000E3,2.973577E0,5.937176E1
1.592000E3,2.968316E0,5.673854E1
1.593000E3,2.963054E0,5.607711E1
1.594000E3,2.957792E0,5.566500E1
1.595000E3,2.952531E0,4.921580E1
1.596000E3,2.947269E0,4.842507E1
1.597000E3,2.942008E0,5.087180E1
1.598000E3,2.936746E0,4.635227E1
1.599000E3,2.931484E0,4.267244E1
1.600000E3,2.926223E0,4.197139E1
1.601000E3,2.920961E0,4.505247E1
1.602000E3,2.915699E0,4.642723E1
1.603000E3,2.910438E0,4.535342E1
1.604000E3,2.905176E0,4.443116E1
1.605000E3,2.899915E0,4.496910E1
1.606000E3,2.894653E0,4.323251E1
1.607000E3,2.889391E0,4.042687E1
1.608000E3,2.884130E0,3.642273E1
1.609000E3,2.878868E0,3.468681E1
1.610000E3,2.873606E0,3.739326E1
1.611000E3,2.868345E0,3.847092E1
1.612000E3,2.863083E0,3.725037E1
1.613000E3,2.857822E0,3.739492E1
1.614000E3,2.852560E0,3.743101E1
1.615000E3,2.847298E0,3.871680E1
1.616000E3,2.842037E0,3.508983E1
1.617000E3,2.836775E0,3.327640E1
1.618000E3,2.831513E0,3.559877E1
1.619000E3,2.826252E0,3.553674E1
1.620000E3,2.820990E0,3.823528E1
1.621000E3,2.815729E0,3.777286E1
1.622000E3,2.810467E0,3.626357E1
1.623000E3,2.805205E0,3.717962E1
1.624000E3,2.799944E0,3.830385E1
1.625000E3,2.794682E0,4.316853E1
1.626000E3,2.789420E0,3.998304E1
1.627000E3,2.784159E0,4.077629E1
1.628000E3,2.778897E0,4.130162E1
1.629000E3,2.773636E0,3.955835E1
1.630000E3,2.768374E0,3.726838E1
1.631000E3,2.763112E0,3.905413E1
1.632000E3,2.757851E0,3.863077E1
1.633000E3,2.752589E0,4.182440E1
1.634000E3,2.747327E0,4.242959E1
1.635000E3,2.742066E0,4.654553E1
1.636000E3,2.736804E0,4.597938E1
1.637000E3,2.731542E0,4.704588E1
1.638000E3,2.726281E0,4.729117E1
1.639000E3,2.721019E0,4.664411E1
1.640000E3,2.715758E0,4.524413E1
1.641000E3,2.710496E0,4.477767E1
1.642000E3,2.705234E0,4.832033E1
1.643000E3,2.699973E0,4.877789E1
1.644000E3,2.694711E0,5.237802E1
1.645000E3,2.689449E0,4.917697E1
1.646000E3,2.684188E0,4.770126E1
1.647000E3,2.678926E0,4.520552E1
1.648000E3,2.673665E0,4.811034E1
1.649000E3,2.668403E0,5.084336E1
1.650000E3,2.663141E0,5.297842E1
1.651000E3,2.657880E0,5.062726E1
1.652000E3,2.652618E0,5.074260E1
1.653000E3,2.647356E0,5.530827E1
1.654000E3,2.642095E0,6.042520E1
1.655000E3,2.636833E0,6.010772E1
1.656000E3,2.631572E0,6.509679E1
1.657000E3,2.626310E0,7.024695E1
1.658000E3,2.621048E0,6.927022E1
1.659000E3,2.615787E0,7.031954E1
1.660000E3,2.610525E0,7.328599E1
1.661000E3,2.605263E0,7.473217E1
1.662000E3,2.600002E0,7.508712E1
1.663000E3,2.594740E0,7.637374E1
1.664000E3,2.589479E0,7.792446E1
1.665000E3,2.584217E0,7.845819E1
1.666000E3,2.578955E0,7.855187E1
1.667000E3,2.573694E0,7.704165E1
1.668000E3,2.568432E0,7.661641E1
1.669000E3,2.563170E0,7.938329E1
1.670000E3,2.557909E0,7.941370E1
1.671000E3,2.552647E0,7.764763E1
1.672000E3,2.547386E0,8.081597E1
1.673000E3,2.542124E0,8.529989E1
1.674000E3,2.536862E0,8.562117E1
1.675000E3,2.531601E0,8.781868E1
1.676000E3,2.526339E0,8.739154E1
1.677000E3,2.521077E0,8.672685E1
1.678000E3,2.515816E0,9.060973E1
1.679000E3,2.510554E0,9.446697E1
1.680000E3,2.505292E0,9.509236E1
1.681000E3,2.500031E0,9.114651E1
1.682000E3,2.494769E0,8.980458E1
1.683000E3,2.489508E0,9.204229E1
1.684000E3,2.484246E0,9.352250E1
1.685000E3,2.478984E0,9.311147E1
1.686000E3,2.473723E0,9.011085E1
1.687000E3,2.468461E0,8.353373E1
1.688000E3,2.463199E0,8.698101E1
1.689000E3,2.457938E0,8.800980E1
1.690000E3,2.452676E0,9.395155E1
1.691000E3,2.447415E0,9.996256E1
1.692000E3,2.442153E0,9.858488E1
1.693000E3,2.436891E0,9.920497E1
1.694000E3,2.431630E0,1.007406E2
1.695000E3,2.426368E0,9.647426E1
1.696000E3,2.421106E0,9.963320E1
1.697000E3,2.415845E0,1.001743E2
1.698000E3,2.410583E0,1.019841E2
1.699000E3,2.405322E0,9.578482E1
1.700000E3,2.400060E0,9.382618E1
1.701000E3,2.394798E0,9.331272E1
1.702000E3,2.389537E0,9.351777E1
1.703000E3,2.384275E0,9.575607E1
1.704000E3,2.379013E0,9.497460E1
1.705000E3,2.373752E0,9.836120E1
1.706000E3,2.368490E0,9.898963E1
1.707000E3,2.363229E0,9.908680E1
1.708000E3,2.357967E0,9.974077E1
1.709000E3,2.352705E0,1.019997E2
1.710000E3,2.347444E0,1.013759E2
1.711000E3,2.342182E0,9.814431E1
1.712000E3,2.336920E0,9.435955E1
1.713000E3,2.331659E0,9.178790E1
1.714000E3,2.326397E0,9.466658E1
1.715000E3,2.321136E0,9.566617E1
1.716000E3,2.315874E0,9.219869E1
1.717000E3,2.310612E0,9.638156E1
1.718000E3,2.305351E0,9.632658E1
1.719000E3,2.300089E0,9.841268E1
1.720000E3,2.294827E0,1.047781E2
1.721000E3,2.289566E0,1.081498E2
1.722000E3,2.284304E0,1.115754E2
1.723000E3,2.279042E0,1.115213E2
1.724000E3,2.273781E0,1.087194E2
1.725000E3,2.268519E0,1.020053E2
1.726000E3,2.263258E0,1.065024E2
1.727000E3,2.257996E0,1.053082E2
1.728000E3,2.252734E0,1.034085E2
1.729000E3,2.247473E0,9.905305E1
1.730000E3,2.242211E0,1.000498E2
1.731000E3,2.236949E0,9.980361E1
1.732000E3,2.231688E0,9.731658E1
1.733000E3,2.226426E0,9.588703E1
1.734000E3,2.221165E0,1.003743E2
1.735000E3,2.215903E0,9.989028E1
1.736000E3,2.210641E0,9.498205E1
1.737000E3,2.205380E0,9.088684E1
1.738000E3,2.200118E0,9.381660E1
1.739000E3,2.194856E0,9.333804E1
1.740000E3,2.189595E0,8.886222E1
1.741000E3,2.184333E0,8.880438E1
1.742000E3,2.179072E0,8.967545E1
1.743000E3,2.173810E0,8.909702E1
1.744000E3,2.168548E0,8.988457E1
1.745000E3,2.163287E0,8.908320E1
1.746000E3,2.158025E0,9.515784E1
1.747000E3,2.152763E0,9.640973E1
1.748000E3,2.147502E0,9.647127E1
1.749000E3,2.142240E0,9.296195E1
1.750000E3,2.136979E0,9.182278E1
1.751000E3,2.131717E0,9.261850E1
1.752000E3,2.126455E0,8.898760E1
1.753000E3,2.121194E0,8.796646E1
1.754000E3,2.115932E0,8.313944E1
1.755000E3,2.110670E0,8.136349E1
1.756000E3,2.105409E0,8.735649E1
1.757000E3,2.100147E0,8.951466E1
1.758000E3,2.094886E0,9.388500E1
1.759000E3,2.089624E0,8.696188E1
1.760000E3,2.084362E0,8.502021E1
1.761000E3,2.079101E0,7.973285E1
1.762000E3,2.073839E0,7.932165E1
1.763000E3,2.068577E0,7.718827E1
1.764000E3,2.063316E0,7.895564E1
1.765000E3,2.058054E0,7.943636E1
1.766000E3,2.052793E0,8.034487E1
1.767000E3,2.047531E0,8.185486E1
1.768000E3,2.042269E0,7.449072E1
1.769000E3,2.037008E0,7.894075E1
1.770000E3,2.031746E0,7.240859E1
1.771000E3,2.026484E0,7.001325E1
1.772000E3,2.021223E0,6.826836E1
1.773000E3,2.015961E0,6.324624E1
1.774000E3,2.010699E0,6.017694E1
1.775000E3,2.005438E0,5.818888E1
1.776000E3,2.000176E0,5.674005E1
1.777000E3,1.994915E0,5.402494E1
1.778000E3,1.989653E0,5.692219E1
1.779000E3,1.984391E0,5.861685E1
1.780000E3,1.979130E0,5.631791E1
1.781000E3,1.973868E0,5.722859E1
1.782000E3,1.968606E0,5.665588E1
1.783000E3,1.963345E0,5.372077E1
1.784000E3,1.958083E0,5.606659E1
1.785000E3,1.952822E0,5.598013E1
1.786000E3,1.947560E0,5.586543E1
1.787000E3,1.942298E0,5.630146E1
1.788000E3,1.937037E0,5.392734E1
1.789000E3,1.931775E0,5.433949E1
1.790000E3,1.926513E0,5.679873E1
1.791000E3,1.921252E0,5.381810E1
1.792000E3,1.915990E0,5.305471E1
1.793000E3,1.910729E0,5.335047E1
1.794000E3,1.905467E0,5.293248E1
1.795000E3,1.900205E0,5.571852E1
1.796000E3,1.894944E0,5.861315E1
1.797000E3,1.889682E0,5.486017E1
1.798000E3,1.884420E0,5.555266E1
1.799000E3,1.879159E0,5.678866E1
1.800000E3,1.873897E0,5.590451E1
1.801000E3,1.868636E0,5.957425E1
1.802000E3,1.863374E0,5.688571E1
1.803000E3,1.858112E0,5.483860E1
1.804000E3,1.852851E0,5.901891E1
1.805000E3,1.847589E0,5.913169E1
1.806000E3,1.842327E0,6.152063E1
1.807000E3,1.837066E0,6.499149E1
1.808000E3,1.831804E0,6.310693E1
1.809000E3,1.826543E0,5.985757E1
1.810000E3,1.821281E0,6.201930E1
1.811000E3,1.816019E0,7.065236E1
1.812000E3,1.810758E0,6.816649E1
1.813000E3,1.805496E0,7.200351E1
1.814000E3,1.800234E0,6.996785E1
1.815000E3,1.794973E0,6.780253E1
1.816000E3,1.789711E0,6.904660E1
1.817000E3,1.784449E0,6.937973E1
1.818000E3,1.779188E0,6.838014E1
1.819000E3,1.773926E0,6.919426E1
1.820000E3,1.768665E0,7.138016E1
1.821000E3,1.763403E0,7.740816E1
1.822000E3,1.758141E0,8.253198E1
1.823000E3,1.752880E0,8.049813E1
1.824000E3,1.747618E0,7.684151E1
1.825000E3,1.742356E0,8.113995E1
1.826000E3,1.737095E0,9.222065E1
1.827000E3,1.731833E0,9.052276E1
1.828000E3,1.726572E0,9.686917E1
1.829000E3,1.721310E0,9.855939E1
1.830000E3,1.716048E0,9.729828E1
1.831000E3,1.710787E0,9.694991E1
1.832000E3,1.705525E0,9.865117E1
1.833000E3,1.700263E0,9.896963E1
1.834000E3,1.695002E0,1.072810E2
1.835000E3,1.689740E0,1.084887E2
1.836000E3,1.684479E0,1.121801E2
1.837000E3,1.679217E0,1.146140E2
1.838000E3,1.673955E0,1.169735E2
1.839000E3,1.668694E0,1.151593E2
1.840000E3,1.663432E0,1.096644E2
1.841000E3,1.658170E0,1.053036E2
1.842000E3,1.652909E0,1.045278E2
1.843000E3,1.647647E0,1.060398E2
1.844000E3,1.642386E0,1.080595E2
1.845000E3,1.637124E0,1.145156E2
1.846000E3,1.631862E0,1.107832E2
1.847000E3,1.626601E0,1.072656E2
1.848000E3,1.621339E0,1.191626E2
1.849000E3,1.616077E0,1.293571E2
1.850000E3,1.610816E0,1.316822E2
1.851000E3,1.605554E0,1.261697E2
1.852000E3,1.600293E0,1.333741E2
1.853000E3,1.595031E0,1.266471E2
1.854000E3,1.589769E0,1.263226E2
1.855000E3,1.584508E0,1.333820E2
1.856000E3,1.579246E0,1.388754E2
1.857000E3,1.573984E0,1.396781E2
1.858000E3,1.568723E0,1.393306E2
1.859000E3,1.563461E0,1.411012E2
1.860000E3,1.558200E0,1.489509E2
1.861000E3,1.552938E0,1.534718E2
1.862000E3,1.547676E0,1.519693E2
1.863000E3,1.542415E0,1.513490E2
1.864000E3,1.537153E0,1.497062E2
1.865000E3,1.531891E0,1.444088E2
1.866000E3,1.526630E0,1.452711E2
1.867000E3,1.521368E0,1.414689E2
1.868000E3,1.516106E0,1.394634E2
1.869000E3,1.510845E0,1.408397E2
1.870000E3,1.505583E0,1.477263E2
1.871000E3,1.500322E0,1.503079E2
1.872000E3,1.495060E0,1.490697E2
1.873000E3,1.489798E0,1.474288E2
1.874000E3,1.484537E0,1.461475E2
1.875000E3,1.479275E0,1.393516E2
1.876000E3,1.474013E0,1.517728E2
1.877000E3,1.468752E0,1.584859E2
1.878000E3,1.463490E0,1.601144E2
1.879000E3,1.458229E0,1.579417E2
1.880000E3,1.452967E0,1.555335E2
1.881000E3,1.447705E0,1.572191E2
1.882000E3,1.442444E0,1.597510E2
1.883000E3,1.437182E0,1.542855E2
1.884000E3,1.431920E0,1.513877E2
1.885000E3,1.426659E0,1.554220E2
1.886000E3,1.421397E0,1.565790E2
1.887000E3,1.416136E0,1.559739E2
1.888000E3,1.410874E0,1.539780E2
1.889000E3,1.405612E0,1.534543E2
1.890000E3,1.400351E0,1.547698E2
1.891000E3,1.395089E0,1.580313E2
1.892000E3,1.389827E0,1.575515E2
1.893000E3,1.384566E0,1.579324E2
1.894000E3,1.379304E0,1.681897E2
1.895000E3,1.374043E0,1.706991E2
1.896000E3,1.368781E0,1.688572E2
1.897000E3,1.363519E0,1.650020E2
1.898000E3,1.358258E0,1.681915E2
1.899000E3,1.352996E0,1.679200E2
1.900000E3,1.347734E0,1.646955E2
1.901000E3,1.342473E0,1.607861E2
1.902000E3,1.337211E0,1.580087E2
1.903000E3,1.331950E0,1.527486E2
1.904000E3,1.326688E0,1.460448E2
1.905000E3,1.321426E0,1.486363E2
1.906000E3,1.316165E0,1.520680E2
1.907000E3,1.310903E0,1.577212E2
1.908000E3,1.305641E0,1.556423E2
1.909000E3,1.300380E0,1.512473E2
1.910000E3,1.295118E0,1.482517E2
1.911000E3,1.289856E0,1.442328E2
1.912000E3,1.284595E0,1.427081E2
1.913000E3,1.279333E0,1.421117E2
1.914000E3,1.274072E0,1.501698E2
1.915000E3,1.268810E0,1.501192E2
1.916000E3,1.263548E0,1.562857E2
1.917000E3,1.258287E0,1.606094E2
1.918000E3,1.253025E0,1.569756E2
1.919000E3,1.247763E0,1.515821E2
1.920000E3,1.242502E0,1.519862E2
1.921000E3,1.237240E0,1.469587E2
1.922000E3,1.231979E0,1.454026E2
1.923000E3,1.226717E0,1.418074E2
1.924000E3,1.221455E0,1.365295E2
1.925000E3,1.216194E0,1.405127E2
1.926000E3,1.210932E0,1.419506E2
1.927000E3,1.205670E0,1.387977E2
1.928000E3,1.200409E0,1.412010E2
1.929000E3,1.195147E0,1.437410E2
1.930000E3,1.189886E0,1.441792E2
1.931000E3,1.184624E0,1.413490E2
1.932000E3,1.179362E0,1.317374E2
1.933000E3,1.174101E0,1.303645E2
1.934000E3,1.168839E0,1.359134E2
1.935000E3,1.163577E0,1.358780E2
1.936000E3,1.158316E0,1.288702E2
1.937000E3,1.153054E0,1.278627E2
1.938000E3,1.147793E0,1.292469E2
1.939000E3,1.142531E0,1.299076E2
1.940000E3,1.137269E0,1.257109E2
1.941000E3,1.132008E0,1.278042E2
1.942000E3,1.126746E0,1.286028E2
1.943000E3,1.121484E0,1.227784E2
1.944000E3,1.116223E0,1.266085E2
1.945000E3,1.110961E0,1.288070E2
1.946000E3,1.105700E0,1.315252E2
1.947000E3,1.100438E0,1.318345E2
1.948000E3,1.095176E0,1.255875E2
1.949000E3,1.089915E0,1.278579E2
1.950000E3,1.084653E0,1.197446E2
1.951000E3,1.079391E0,1.183988E2
1.952000E3,1.074130E0,1.166906E2
1.953000E3,1.068868E0,1.158644E2
1.954000E3,1.063606E0,1.109212E2
1.955000E3,1.058345E0,1.044346E2
1.956000E3,1.053083E0,1.045229E2
1.957000E3,1.047822E0,1.041748E2
1.958000E3,1.042560E0,1.038441E2
1.959000E3,1.037298E0,1.071541E2
1.960000E3,1.032037E0,1.075746E2
1.961000E3,1.026775E0,1.081499E2
1.962000E3,1.021513E0,1.019865E2
1.963000E3,1.016252E0,1.032804E2
1.964000E3,1.010990E0,1.027317E2
1.965000E3,1.005729E0,1.027260E2
1.966000E3,1.000467E0,1.072035E2
1.967000E3,9.952053E-1,1.091713E2
1.968000E3,9.899437E-1,1.058923E2
1.969000E3,9.846821E-1,1.000363E2
1.970000E3,9.794205E-1,1.045000E2
1.971000E3,9.741588E-1,1.042224E2
1.972000E3,9.688972E-1,1.069194E2
1.973000E3,9.636356E-1,1.030342E2
1.974000E3,9.583739E-1,1.015096E2
1.975000E3,9.531123E-1,1.013553E2
1.976000E3,9.478507E-1,1.040682E2
1.977000E3,9.425891E-1,1.055568E2
1.978000E3,9.373274E-1,1.075704E2
1.979000E3,9.320658E-1,1.074327E2
1.980000E3,9.268042E-1,1.016330E2
1.981000E3,9.215425E-1,1.002617E2
1.982000E3,9.162809E-1,1.014070E2
1.983000E3,9.110193E-1,1.011715E2
1.984000E3,9.057577E-1,1.036755E2
1.985000E3,9.004960E-1,1.031320E2
1.986000E3,8.952344E-1,1.045732E2
1.987000E3,8.899728E-1,1.071890E2
1.988000E3,8.847112E-1,1.054787E2
1.989000E3,8.794495E-1,1.091890E2
1.990000E3,8.741879E-1,1.063515E2
1.991000E3,8.689263E-1,1.069842E2
1.992000E3,8.636646E-1,1.145466E2
1.993000E3,8.584030E-1,1.227851E2
1.994000E3,8.531414E-1,1.250356E2
1.995000E3,8.478798E-1,1.226035E2
1.996000E3,8.426181E-1,1.197462E2
1.997000E3,8.373565E-1,1.226332E2
1.998000E3,8.320949E-1,1.274304E2
1.999000E3,8.268332E-1,1.330112E2
2.000000E3,8.215716E-1,1.430976E2
2.001000E3,8.163100E-1,1.469396E2
2.002000E3,8.110484E-1,1.512256E2
2.003000E3,8.057867E-1,1.568830E2
2.004000E3,8.005251E-1,1.617439E2
2.005000E3,7.952635E-1,1.664091E2
2.006000E3,7.900019E-1,1.708937E2
2.007000E3,7.847402E-1,1.781725E2
2.008000E3,7.794786E-1,1.883844E2
2.009000E3,7.742170E-1,1.923896E2
2.010000E3,7.689553E-1,1.906031E2
2.011000E3,7.636937E-1,1.930231E2
2.012000E3,7.584321E-1,1.928787E2
2.013000E3,7.531705E-1,1.974629E2
2.014000E3,7.479088E-1,2.009805E2
2.015000E3,7.426472E-1,2.017519E2
2.016000E3,7.373856E-1,1.978378E2
2.017000E3,7.321239E-1,1.955452E2
2.018000E3,7.268623E-1,2.068535E2
2.019000E3,7.216007E-1,2.198648E2
2.020000E3,7.163391E-1,2.280660E2
2.021000E3,7.110774E-1,2.304877E2
2.022000E3,7.058158E-1,2.381834E2
2.023000E3,7.005542E-1,2.410015E2
2.024000E3,6.952926E-1,2.447264E2
2.025000E3,6.900309E-1,2.493438E2
2.026000E3,6.847693E-1,2.502233E2
2.027000E3,6.795077E-1,2.494568E2
2.028000E3,6.742460E-1,2.516771E2
2.029000E3,6.689844E-1,2.539821E2
2.030000E3,6.637228E-1,2.541276E2
2.031000E3,6.584612E-1,2.537108E2
2.032000E3,6.531995E-1,2.536518E2
2.033000E3,6.479379E-1,2.538637E2
2.034000E3,6.426763E-1,2.537543E2
2.035000E3,6.374146E-1,2.541118E2
2.036000E3,6.321530E-1,2.545255E2
2.037000E3,6.268914E-1,2.540845E2
2.038000E3,6.216298E-1,2.536341E2
2.039000E3,6.163681E-1,2.540120E2
2.040000E3,6.111065E-1,2.543048E2
2.041000E3,6.058449E-1,2.542133E2
2.042000E3,6.005833E-1,2.546737E2
2.043000E3,5.953216E-1,2.548970E2
2.044000E3,5.900600E-1,2.547512E2
2.045000E3,5.847984E-1,2.528418E2
2.046000E3,5.795367E-1,2.517243E2
2.047000E3,5.742751E-1,2.519059E2
2.048000E3,5.690135E-1,2.517390E2
2.049000E3,5.637519E-1,2.546411E2
2.050000E3,5.584902E-1,2.549883E2
2.051000E3,5.532286E-1,2.549987E2
2.052000E3,5.479670E-1,2.548957E2
2.053000E3,5.427054E-1,2.540124E2
2.054000E3,5.374437E-1,2.544396E2
2.055000E3,5.321821E-1,2.549305E2
2.056000E3,5.269205E-1,2.550000E2
2.057000E3,5.216588E-1,2.550000E2
2.058000E3,5.163972E-1,2.550000E2
2.059000E3,5.111356E-1,2.550000E2
2.060000E3,5.058740E-1,2.550000E2
2.061000E3,5.006123E-1,2.550000E2
2.062000E3,4.953507E-1,2.549507E2
2.063000E3,4.900891E-1,2.545855E2
2.064000E3,4.848274E-1,2.548064E2
2.065000E3,4.795658E-1,2.549772E2
2.066000E3,4.743042E-1,2.550000E2
2.067000E3,4.690426E-1,2.550000E2
2.068000E3,4.637809E-1,2.550000E2
2.069000E3,4.585193E-1,2.550000E2
2.070000E3,4.532577E-1,2.550000E2
2.071000E3,4.479961E-1,2.550000E2
2.072000E3,4.427344E-1,2.550000E2
2.073000E3,4.374728E-1,2.550000E2
2.074000E3,4.322112E-1,2.550000E2
2.075000E3,4.269495E-1,2.550000E2
2.076000E3,4.216879E-1,2.550000E2
2.077000E3,4.164263E-1,2.550000E2
2.078000E3,4.111647E-1,2.550000E2
2.079000E3,4.059030E-1,2.550000E2
2.080000E3,4.006414E-1,2.550000E2
2.081000E3,3.953798E-1,2.550000E2
2.082000E3,3.901181E-1,2.550000E2
2.083000E3,3.848565E-1,2.550000E2
2.084000E3,3.795949E-1,2.550000E2
2.085000E3,3.743333E-1,2.550000E2
2.086000E3,3.690716E-1,2.550000E2
2.087000E3,3.638100E-1,2.550000E2
2.088000E3,3.585484E-1,2.550000E2
2.089000E3,3.532868E-1,2.550000E2
2.090000E3,3.480251E-1,2.550000E2
2.091000E3,3.427635E-1,2.550000E2
2.092000E3,3.375019E-1,2.550000E2
2.093000E3,3.322402E-1,2.550000E2
2.094000E3,3.269786E-1,2.550000E2
2.095000E3,3.217170E-1,2.550000E2
2.096000E3,3.164554E-1,2.550000E2
2.097000E3,3.111937E-1,2.550000E2
2.098000E3,3.059321E-1,2.550000E2
2.099000E3,3.006705E-1,2.550000E2
2.100000E3,2.954088E-1,2.550000E2
2.101000E3,2.901472E-1,2.550000E2
2.102000E3,2.848856E-1,2.550000E2
2.103000E3,2.796240E-1,2.550000E2
2.104000E3,2.743623E-1,2.550000E2
2.105000E3,2.691007E-1,2.550000E2
2.106000E3,2.638391E-1,2.550000E2
2.107000E3,2.585775E-1,2.550000E2
2.108000E3,2.533158E-1,2.550000E2
2.109000E3,2.480542E-1,2.550000E2
2.110000E3,2.427926E-1,2.550000E2
2.111000E3,2.375309E-1,2.550000E2
2.112000E3,2.322693E-1,2.550000E2
2.113000E3,2.270077E-1,2.550000E2
2.114000E3,2.217461E-1,2.550000E2
2.115000E3,2.164844E-1,2.550000E2
2.116000E3,2.112228E-1,2.550000E2
2.117000E3,2.059612E-1,2.550000E2
2.118000E3,2.006995E-1,2.550000E2
2.119000E3,1.954379E-1,2.550000E2
2.120000E3,1.901763E-1,2.550000E2
2.121000E3,1.849147E-1,2.550000E2
2.122000E3,1.796530E-1,2.550000E2
2.123000E3,1.743914E-1,2.550000E2
2.124000E3,1.691298E-1,2.550000E2
2.125000E3,1.638682E-1,2.550000E2
2.126000E3,1.586065E-1,2.550000E2
2.127000E3,1.533449E-1,2.550000E2
2.128000E3,1.480833E-1,2.550000E2
2.129000E3,1.428216E-1,2.550000E2
2.130000E3,1.375600E-1,2.550000E2
2.131000E3,1.322984E-1,2.550000E2
2.132000E3,1.270368E-1,2.550000E2
2.133000E3,1.217751E-1,2.550000E2
2.134000E3,1.165135E-1,2.550000E2
2.135000E3,1.112519E-1,2.550000E2
2.136000E3,1.059902E-1,2.550000E2
2.137000E3,1.007286E-1,2.550000E2
2.138000E3,9.546699E-2,2.550000E2
2.139000E3,9.020537E-2,2.550000E2
2.140000E3,8.494374E-2,2.550000E2
2.141000E3,7.968211E-2,2.550000E2
2.142000E3,7.442048E-2,2.550000E2
2.143000E3,6.915885E-2,2.550000E2
2.144000E3,6.389723E-2,2.550000E2
2.145000E3,5.863560E-2,2.550000E2
2.146000E3,5.337397E-2,2.550000E2
2.147000E3,4.811234E-2,2.550000E2
2.148000E3,4.285072E-2,2.550000E2
2.149000E3,3.758909E-2,2.550000E2
2.150000E3,3.232746E-2,2.550000E2
2.151000E3,2.706583E-2,2.550000E2
2.152000E3,2.180421E-2,2.550000E2
2.153000E3,1.654258E-2,2.550000E2
2.154000E3,1.128095E-2,2.550000E2
2.155000E3,6.019322E-3,2.550000E2
2.156000E3,7.576942E-4,2.550000E2
2.157000E3,-4.503934E-3,2.550000E2
2.158000E3,-9.765561E-3,2.550000E2
2.159000E3,-1.502719E-2,2.550000E2
2.160000E3,-2.028882E-2,2.550000E2
2.161000E3,-2.555044E-2,2.550000E2
2.162000E3,-3.081207E-2,2.550000E2
2.163000E3,-3.607370E-2,2.550000E2
2.164000E3,-4.133533E-2,2.550000E2
2.165000E3,-4.659696E-2,2.550000E2
2.166000E3,-5.185858E-2,2.550000E2
2.167000E3,-5.712021E-2,2.550000E2
2.168000E3,-6.238184E-2,2.550000E2
2.169000E3,-6.764347E-2,2.550000E2
2.170000E3,-7.290509E-2,2.550000E2
2.171000E3,-7.816672E-2,2.550000E2
2.172000E3,-8.342835E-2,2.550000E2
2.173000E3,-8.868998E-2,2.550000E2
2.174000E3,-9.395160E-2,2.550000E2
2.175000E3,-9.921323E-2,2.550000E2
2.176000E3,-1.044749E-1,2.550000E2
2.177000E3,-1.097365E-1,2.550000E2
2.178000E3,-1.149981E-1,2.550000E2
2.179000E3,-1.202597E-1,2.550000E2
2.180000E3,-1.255214E-1,2.550000E2
2.181000E3,-1.307830E-1,2.550000E2
2.182000E3,-1.360446E-1,2.550000E2
2.183000E3,-1.413063E-1,2.550000E2
2.184000E3,-1.465679E-1,2.550000E2
2.185000E3,-1.518295E-1,2.550000E2
2.186000E3,-1.570911E-1,2.550000E2
2.187000E3,-1.623528E-1,2.550000E2
2.188000E3,-1.676144E-1,2.550000E2
2.189000E3,-1.728760E-1,2.550000E2
2.190000E3,-1.781376E-1,2.550000E2
2.191000E3,-1.833993E-1,2.550000E2
2.192000E3,-1.886609E-1,2.550000E2
2.193000E3,-1.939225E-1,2.550000E2
2.194000E3,-1.991842E-1,2.550000E2
2.195000E3,-2.044458E-1,2.550000E2
2.196000E3,-2.097074E-1,2.550000E2
2.197000E3,-2.149690E-1,2.550000E2
2.198000E3,-2.202307E-1,2.550000E2
2.199000E3,-2.254923E-1,2.550000E2
2.200000E3,-2.307539E-1,2.550000E2
2.201000E3,-2.360156E-1,2.550000E2
2.202000E3,-2.412772E-1,2.550000E2
2.203000E3,-2.465388E-1,2.550000E2
2.204000E3,-2.518004E-1,2.550000E2
2.205000E3,-2.570621E-1,2.550000E2
2.206000E3,-2.623237E-1,2.550000E2
2.207000E3,-2.675853E-1,2.550000E2
2.208000E3,-2.728469E-1,2.550000E2
2.209000E3,-2.781086E-1,2.550000E2
2.210000E3,-2.833702E-1,2.550000E2
2.211000E3,-2.886318E-1,2.550000E2
2.212000E3,-2.938935E-1,2.550000E2
2.213000E3,-2.991551E-1,2.550000E2
2.214000E3,-3.044167E-1,2.550000E2
2.215000E3,-3.096783E-1,2.550000E2
2.216000E3,-3.149400E-1,2.550000E2
2.217000E3,-3.202016E-1,2.550000E2
2.218000E3,-3.254632E-1,2.550000E2
2.219000E3,-3.307249E-1,2.550000E2
2.220000E3,-3.359865E-1,2.550000E2
2.221000E3,-3.412481E-1,2.550000E2
2.222000E3,-3.465097E-1,2.550000E2
2.223000E3,-3.517714E-1,2.550000E2
2.224000E3,-3.570330E-1,2.550000E2
2.225000E3,-3.622946E-1,2.550000E2
2.226000E3,-3.675562E-1,2.550000E2
2.227000E3,-3.728179E-1,2.550000E2
2.228000E3,-3.780795E-1,2.550000E2
2.229000E3,-3.833411E-1,2.550000E2
2.230000E3,-3.886028E-1,2.550000E2
2.231000E3,-3.938644E-1,2.550000E2
2.232000E3,-3.991260E-1,2.550000E2
2.233000E3,-4.043876E-1,2.550000E2
2.234000E3,-4.096493E-1,2.550000E2
2.235000E3,-4.149109E-1,2.550000E2
2.236000E3,-4.201725E-1,2.550000E2
2.237000E3,-4.254342E-1,2.550000E2
2.238000E3,-4.306958E-1,2.550000E2
2.239000E3,-4.359574E-1,2.550000E2
2.240000E3,-4.412190E-1,2.550000E2
2.241000E3,-4.464807E-1,2.550000E2
2.242000E3,-4.517423E-1,2.550000E2
2.243000E3,-4.570039E-1,2.550000E2
2.244000E3,-4.622655E-1,2.550000E2
2.245000E3,-4.675272E-1,2.550000E2
2.246000E3,-4.727888E-1,2.550000E2
2.247000E3,-4.780504E-1,2.550000E2
2.248000E3,-4.833121E-1,2.550000E2
2.249000E3,-4.885737E-1,2.550000E2
2.250000E3,-4.938353E-1,2.550000E2
2.251000E3,-4.990969E-1,2.547783E2
2.252000E3,-5.043586E-1,2.545674E2
2.253000E3,-5.096202E-1,2.549186E2
2.254000E3,-5.148818E-1,2.549993E2
2.255000E3,-5.201435E-1,2.550000E2
2.256000E3,-5.254051E-1,2.550000E2
2.257000E3,-5.306667E-1,2.550000E2
2.258000E3,-5.359283E-1,2.545945E2
2.259000E3,-5.411900E-1,2.543678E2
2.260000E3,-5.464516E-1,2.545317E2
2.261000E3,-5.517132E-1,2.527658E2
2.262000E3,-5.569748E-1,2.507675E2
2.263000E3,-5.622365E-1,2.478345E2
2.264000E3,-5.674981E-1,2.459390E2
2.265000E3,-5.727597E-1,2.465355E2
2.266000E3,-5.780214E-1,2.475510E2
2.267000E3,-5.832830E-1,2.493836E2
2.268000E3,-5.885446E-1,2.482860E2
2.269000E3,-5.938062E-1,2.443553E2
2.270000E3,-5.990679E-1,2.444113E2
2.271000E3,-6.043295E-1,2.470190E2
2.272000E3,-6.095911E-1,2.471171E2
2.273000E3,-6.148527E-1,2.463189E2
2.274000E3,-6.201144E-1,2.515120E2
2.275000E3,-6.253760E-1,2.516984E2
2.276000E3,-6.306376E-1,2.510034E2
2.277000E3,-6.358993E-1,2.465469E2
2.278000E3,-6.411609E-1,2.443382E2
2.279000E3,-6.464225E-1,2.488435E2
2.280000E3,-6.516841E-1,2.529467E2
2.281000E3,-6.569458E-1,2.529848E2
2.282000E3,-6.622074E-1,2.499373E2
2.283000E3,-6.674690E-1,2.425161E2
2.284000E3,-6.727307E-1,2.406587E2
2.285000E3,-6.779923E-1,2.385858E2
2.286000E3,-6.832539E-1,2.406403E2
2.287000E3,-6.885155E-1,2.406085E2
2.288000E3,-6.937772E-1,2.396604E2
2.289000E3,-6.990388E-1,2.359489E2
2.290000E3,-7.043004E-1,2.324350E2
2.291000E3,-7.095620E-1,2.229564E2
2.292000E3,-7.148237E-1,2.158826E2
2.293000E3,-7.200853E-1,2.147512E2
2.294000E3,-7.253469E-1,2.147588E2
2.295000E3,-7.306086E-1,2.086874E2
2.296000E3,-7.358702E-1,2.061364E2
2.297000E3,-7.411318E-1,1.974285E2
2.298000E3,-7.463934E-1,1.860910E2
2.299000E3,-7.516551E-1,1.772735E2
2.300000E3,-7.569167E-1,1.794202E2
2.301000E3,-7.621783E-1,1.864420E2
2.302000E3,-7.674400E-1,1.866809E2
2.303000E3,-7.727016E-1,1.827798E2
2.304000E3,-7.779632E-1,1.850793E2
2.305000E3,-7.832248E-1,1.884819E2
2.306000E3,-7.884865E-1,1.842839E2
2.307000E3,-7.937481E-1,1.792901E2
2.308000E3,-7.990097E-1,1.766327E2
2.309000E3,-8.042713E-1,1.695099E2
2.310000E3,-8.095330E-1,1.615055E2
2.311000E3,-8.147946E-1,1.564819E2
2.312000E3,-8.200562E-1,1.541015E2
2.313000E3,-8.253179E-1,1.502451E2
2.314000E3,-8.305795E-1,1.548802E2
2.315000E3,-8.358411E-1,1.568464E2
2.316000E3,-8.411027E-1,1.526921E2
2.317000E3,-8.463644E-1,1.422861E2
2.318000E3,-8.516260E-1,1.377075E2
2.319000E3,-8.568876E-1,1.361132E2
2.320000E3,-8.621493E-1,1.356041E2
2.321000E3,-8.674109E-1,1.355790E2
2.322000E3,-8.726725E-1,1.323587E2
2.323000E3,-8.779341E-1,1.304571E2
2.324000E3,-8.831958E-1,1.262005E2
2.325000E3,-8.884574E-1,1.249317E2
2.326000E3,-8.937190E-1,1.223985E2
2.327000E3,-8.989806E-1,1.179066E2
2.328000E3,-9.042423E-1,1.155652E2
2.329000E3,-9.095039E-1,1.233184E2
2.330000E3,-9.147655E-1,1.239444E2
2.331000E3,-9.200272E-1,1.194577E2
2.332000E3,-9.252888E-1,1.125718E2
2.333000E3,-9.305504E-1,1.065658E2
2.334000E3,-9.358120E-1,1.042736E2
2.335000E3,-9.410737E-1,1.063702E2
2.336000E3,-9.463353E-1,1.017424E2
2.337000E3,-9.515969E-1,1.004913E2
2.338000E3,-9.568586E-1,9.774485E1
2.339000E3,-9.621202E-1,9.286891E1
2.340000E3,-9.673818E-1,9.629521E1
2.341000E3,-9.726434E-1,9.705755E1
2.342000E3,-9.779051E-1,9.997171E1
2.343000E3,-9.831667E-1,1.005504E2
2.344000E3,-9.884283E-1,1.005595E2
2.345000E3,-9.936899E-1,1.041281E2
2.346000E3,-9.989516E-1,1.015710E2
2.347000E3,-1.004213E0,9.926375E1
2.348000E3,-1.009475E0,9.441128E1
2.349000E3,-1.014736E0,9.271798E1
2.350000E3,-1.019998E0,9.904708E1
2.351000E3,-1.025260E0,1.012687E2
2.352000E3,-1.030521E0,1.012871E2
2.353000E3,-1.035783E0,9.298105E1
2.354000E3,-1.041045E0,9.584303E1
2.355000E3,-1.046306E0,9.299221E1
2.356000E3,-1.051568E0,9.177819E1
2.357000E3,-1.056829E0,9.313175E1
2.358000E3,-1.062091E0,9.439339E1
2.359000E3,-1.067353E0,1.020965E2
2.360000E3,-1.072614E0,1.066610E2
2.361000E3,-1.077876E0,1.110949E2
2.362000E3,-1.083138E0,1.160952E2
2.363000E3,-1.088399E0,1.185551E2
2.364000E3,-1.093661E0,1.196576E2
2.365000E3,-1.098923E0,1.130421E2
2.366000E3,-1.104184E0,1.181732E2
2.367000E3,-1.109446E0,1.203619E2
2.368000E3,-1.114707E0,1.236706E2
2.369000E3,-1.119969E0,1.235662E2
2.370000E3,-1.125231E0,1.251864E2
2.371000E3,-1.130492E0,1.266718E2
2.372000E3,-1.135754E0,1.287424E2
2.373000E3,-1.141016E0,1.318536E2
2.374000E3,-1.146277E0,1.297010E2
2.375000E3,-1.151539E0,1.326189E2
2.376000E3,-1.156800E0,1.328844E2
2.377000E3,-1.162062E0,1.330509E2
2.378000E3,-1.167324E0,1.387067E2
2.379000E3,-1.172585E0,1.305883E2
2.380000E3,-1.177847E0,1.330832E2
2.381000E3,-1.183109E0,1.406034E2
2.382000E3,-1.188370E0,1.400590E2
2.383000E3,-1.193632E0,1.324014E2
2.384000E3,-1.198893E0,1.320514E2
2.385000E3,-1.204155E0,1.300273E2
2.386000E3,-1.209417E0,1.330630E2
2.387000E3,-1.214678E0,1.362155E2
2.388000E3,-1.219940E0,1.293216E2
2.389000E3,-1.225202E0,1.289223E2
2.390000E3,-1.230463E0,1.346408E2
2.391000E3,-1.235725E0,1.395557E2
2.392000E3,-1.240986E0,1.437722E2
2.393000E3,-1.246248E0,1.433795E2
2.394000E3,-1.251510E0,1.456590E2
2.395000E3,-1.256771E0,1.447778E2
2.396000E3,-1.262033E0,1.444212E2
2.397000E3,-1.267295E0,1.438264E2
2.398000E3,-1.272556E0,1.436602E2
2.399000E3,-1.277818E0,1.352417E2
2.400000E3,-1.283079E0,1.309956E2
2.401000E3,-1.288341E0,1.270982E2
2.402000E3,-1.293603E0,1.359527E2
2.403000E3,-1.298864E0,1.387859E2
2.404000E3,-1.304126E0,1.409718E2
2.405000E3,-1.309388E0,1.457506E2
2.406000E3,-1.314649E0,1.480471E2
2.407000E3,-1.319911E0,1.385743E2
2.408000E3,-1.325172E0,1.421766E2
2.409000E3,-1.330434E0,1.552990E2
2.410000E3,-1.335696E0,1.575458E2
2.411000E3,-1.340957E0,1.610547E2
2.412000E3,-1.346219E0,1.647893E2
2.413000E3,-1.351481E0,1.674700E2
2.414000E3,-1.356742E0,1.620737E2
2.415000E3,-1.362004E0,1.600695E2
2.416000E3,-1.367266E0,1.610180E2
2.417000E3,-1.372527E0,1.675255E2
2.418000E3,-1.377789E0,1.639173E2
2.419000E3,-1.383050E0,1.677763E2
2.420000E3,-1.388312E0,1.683988E2
2.421000E3,-1.393574E0,1.696096E2
2.422000E3,-1.398835E0,1.699473E2
2.423000E3,-1.404097E0,1.724453E2
2.424000E3,-1.409359E0,1.758278E2
2.425000E3,-1.414620E0,1.708538E2
2.426000E3,-1.419882E0,1.669762E2
2.427000E3,-1.425143E0,1.608103E2
2.428000E3,-1.430405E0,1.563715E2
2.429000E3,-1.435667E0,1.540209E2
2.430000E3,-1.440928E0,1.551125E2
2.431000E3,-1.446190E0,1.553792E2
2.432000E3,-1.451452E0,1.552443E2
2.433000E3,-1.456713E0,1.507549E2
2.434000E3,-1.461975E0,1.513072E2
2.435000E3,-1.467236E0,1.532768E2
2.436000E3,-1.472498E0,1.431353E2
2.437000E3,-1.477760E0,1.401189E2
2.438000E3,-1.483021E0,1.367400E2
2.439000E3,-1.488283E0,1.353234E2
2.440000E3,-1.493545E0,1.396543E2
2.441000E3,-1.498806E0,1.407909E2
2.442000E3,-1.504068E0,1.465783E2
2.443000E3,-1.509329E0,1.447890E2
2.444000E3,-1.514591E0,1.329433E2
2.445000E3,-1.519853E0,1.308495E2
2.446000E3,-1.525114E0,1.302745E2
2.447000E3,-1.530376E0,1.288842E2
2.448000E3,-1.535638E0,1.262442E2
2.449000E3,-1.540899E0,1.183435E2
2.450000E3,-1.546161E0,1.234958E2
2.451000E3,-1.551422E0,1.321632E2
2.452000E3,-1.556684E0,1.314676E2
2.453000E3,-1.561946E0,1.233984E2
2.454000E3,-1.567207E0,1.178332E2
2.455000E3,-1.572469E0,1.189837E2
2.456000E3,-1.577731E0,1.279651E2
2.457000E3,-1.582992E0,1.274066E2
2.458000E3,-1.588254E0,1.310071E2
2.459000E3,-1.593516E0,1.353361E2
2.460000E3,-1.598777E0,1.349391E2
2.461000E3,-1.604039E0,1.319112E2
2.462000E3,-1.609300E0,1.340010E2
2.463000E3,-1.614562E0,1.289409E2
2.464000E3,-1.619824E0,1.282862E2
2.465000E3,-1.625085E0,1.231814E2
2.466000E3,-1.630347E0,1.268846E2
2.467000E3,-1.635609E0,1.225053E2
2.468000E3,-1.640870E0,1.211760E2
2.469000E3,-1.646132E0,1.135116E2
2.470000E3,-1.651393E0,1.175597E2
2.471000E3,-1.656655E0,1.186650E2
2.472000E3,-1.661917E0,1.179381E2
2.473000E3,-1.667178E0,1.196617E2
2.474000E3,-1.672440E0,1.143991E2
2.475000E3,-1.677702E0,1.099848E2
2.476000E3,-1.682963E0,1.107268E2
2.477000E3,-1.688225E0,1.151111E2
2.478000E3,-1.693486E0,1.181860E2
2.479000E3,-1.698748E0,1.088246E2
2.480000E3,-1.704010E0,1.073603E2
2.481000E3,-1.709271E0,1.014260E2
2.482000E3,-1.714533E0,1.029555E2
2.483000E3,-1.719795E0,1.077021E2
2.484000E3,-1.725056E0,1.092598E2
2.485000E3,-1.730318E0,1.047626E2
2.486000E3,-1.735579E0,9.777209E1
2.487000E3,-1.740841E0,9.144943E1
2.488000E3,-1.746103E0,9.309485E1
2.489000E3,-1.751364E0,9.321767E1
2.490000E3,-1.756626E0,9.783251E1
2.491000E3,-1.761888E0,9.650907E1
2.492000E3,-1.767149E0,9.244330E1
2.493000E3,-1.772411E0,8.921251E1
2.494000E3,-1.777672E0,9.218480E1
2.495000E3,-1.782934E0,9.323366E1
2.496000E3,-1.788196E0,9.291088E1
2.497000E3,-1.793457E0,8.533495E1
2.498000E3,-1.798719E0,8.078616E1
2.499000E3,-1.803981E0,8.392720E1
2.500000E3,-1.809242E0,8.370524E1
2.501000E3,-1.814504E0,8.511997E1
2.502000E3,-1.819765E0,7.925486E1
2.503000E3,-1.825027E0,7.408984E1
2.504000E3,-1.830289E0,7.340508E1
2.505000E3,-1.835550E0,7.339899E1
2.506000E3,-1.840812E0,6.877334E1
2.507000E3,-1.846074E0,6.914218E1
2.508000E3,-1.851335E0,6.893744E1
2.509000E3,-1.856597E0,7.283903E1
2.510000E3,-1.861859E0,7.224051E1
2.511000E3,-1.867120E0,6.432570E1
2.512000E3,-1.872382E0,6.227151E1
2.513000E3,-1.877643E0,5.587694E1
2.514000E3,-1.882905E0,5.522128E1
2.515000E3,-1.888167E0,4.972273E1
2.516000E3,-1.893428E0,5.066619E1
2.517000E3,-1.898690E0,4.984112E1
2.518000E3,-1.903952E0,5.276293E1
2.519000E3,-1.909213E0,4.797016E1
2.520000E3,-1.914475E0,4.749569E1
2.521000E3,-1.919736E0,5.282704E1
2.522000E3,-1.924998E0,5.081453E1
2.523000E3,-1.930260E0,5.016113E1
2.524000E3,-1.935521E0,4.701444E1
2.525000E3,-1.940783E0,4.572131E1
2.526000E3,-1.946045E0,4.711305E1
2.527000E3,-1.951306E0,4.497194E1
2.528000E3,-1.956568E0,4.562712E1
2.529000E3,-1.961829E0,5.081601E1
2.530000E3,-1.967091E0,5.294825E1
2.531000E3,-1.972353E0,4.770286E1
2.532000E3,-1.977614E0,4.537633E1
2.533000E3,-1.982876E0,4.686596E1
2.534000E3,-1.988138E0,5.134817E1
2.535000E3,-1.993399E0,4.953434E1
2.536000E3,-1.998661E0,4.776204E1
2.537000E3,-2.003922E0,4.513184E1
2.538000E3,-2.009184E0,4.533269E1
2.539000E3,-2.014446E0,4.714766E1
2.540000E3,-2.019707E0,4.846538E1
2.541000E3,-2.024969E0,5.202247E1
2.542000E3,-2.030231E0,5.396012E1
2.543000E3,-2.035492E0,5.503709E1
2.544000E3,-2.040754E0,5.361406E1
2.545000E3,-2.046015E0,5.301612E1
2.546000E3,-2.051277E0,5.618746E1
2.547000E3,-2.056539E0,6.153122E1
2.548000E3,-2.061800E0,5.872661E1
2.549000E3,-2.067062E0,6.176747E1
2.550000E3,-2.072324E0,6.727289E1
2.551000E3,-2.077585E0,7.090231E1
2.552000E3,-2.082847E0,7.278922E1
2.553000E3,-2.088109E0,6.917702E1
2.554000E3,-2.093370E0,7.376946E1
2.555000E3,-2.098632E0,7.446315E1
2.556000E3,-2.103893E0,7.104689E1
2.557000E3,-2.109155E0,6.860425E1
2.558000E3,-2.114417E0,7.191893E1
2.559000E3,-2.119678E0,7.447284E1
2.560000E3,-2.124940E0,7.611772E1
2.561000E3,-2.130202E0,7.625029E1
2.562000E3,-2.135463E0,7.994699E1
2.563000E3,-2.140725E0,8.439001E1
2.564000E3,-2.145986E0,8.946362E1
2.565000E3,-2.151248E0,8.939584E1
2.566000E3,-2.156510E0,9.251066E1
2.567000E3,-2.161771E0,8.187538E1
2.568000E3,-2.167033E0,7.992660E1
2.569000E3,-2.172295E0,7.521146E1
2.570000E3,-2.177556E0,7.772588E1
2.571000E3,-2.182818E0,7.305749E1
2.572000E3,-2.188079E0,7.363671E1
2.573000E3,-2.193341E0,7.341307E1
2.574000E3,-2.198603E0,7.931201E1
2.575000E3,-2.203864E0,8.585850E1
2.576000E3,-2.209126E0,8.818263E1
2.577000E3,-2.214388E0,8.980481E1
2.578000E3,-2.219649E0,9.726098E1
2.579000E3,-2.224911E0,9.650053E1
2.580000E3,-2.230172E0,9.386368E1
2.581000E3,-2.235434E0,9.100942E1
2.582000E3,-2.240696E0,9.309096E1
2.583000E3,-2.245957E0,9.035880E1
2.584000E3,-2.251219E0,8.894047E1
2.585000E3,-2.256481E0,8.825418E1
2.586000E3,-2.261742E0,9.122329E1
2.587000E3,-2.267004E0,9.583175E1
2.588000E3,-2.272265E0,9.540349E1
2.589000E3,-2.277527E0,9.325087E1
2.590000E3,-2.282789E0,9.824148E1
2.591000E3,-2.288050E0,9.577977E1
2.592000E3,-2.293312E0,9.596998E1
2.593000E3,-2.298574E0,9.283812E1
2.594000E3,-2.303835E0,9.092149E1
2.595000E3,-2.309097E0,9.319162E1
2.596000E3,-2.314359E0,9.203378E1
2.597000E3,-2.319620E0,8.917015E1
2.598000E3,-2.324882E0,9.068356E1
2.599000E3,-2.330143E0,9.240839E1
2.600000E3,-2.335405E0,9.383123E1
2.601000E3,-2.340667E0,9.504927E1
2.602000E3,-2.345928E0,1.016182E2
2.603000E3,-2.351190E0,9.985546E1
2.604000E3,-2.356452E0,1.005333E2
2.605000E3,-2.361713E0,1.034010E2
2.606000E3,-2.366975E0,1.028382E2
2.607000E3,-2.372236E0,1.059508E2
2.608000E3,-2.377498E0,1.040457E2
2.609000E3,-2.382760E0,9.868983E1
2.610000E3,-2.388021E0,9.949786E1
2.611000E3,-2.393283E0,9.732905E1
2.612000E3,-2.398545E0,9.767527E1
2.613000E3,-2.403806E0,9.178483E1
2.614000E3,-2.409068E0,9.780027E1
2.615000E3,-2.414329E0,1.004007E2
2.616000E3,-2.419591E0,1.032206E2
2.617000E3,-2.424853E0,9.802735E1
2.618000E3,-2.430114E0,9.786253E1
2.619000E3,-2.435376E0,8.917409E1
2.620000E3,-2.440638E0,8.925145E1
2.621000E3,-2.445899E0,9.286135E1
2.622000E3,-2.451161E0,9.779733E1
2.623000E3,-2.456422E0,9.849530E1
2.624000E3,-2.461684E0,9.460931E1
2.625000E3,-2.466946E0,8.880563E1
2.626000E3,-2.472207E0,9.450951E1
2.627000E3,-2.477469E0,9.006039E1
2.628000E3,-2.482731E0,9.106819E1
2.629000E3,-2.487992E0,8.757572E1
2.630000E3,-2.493254E0,8.441871E1
2.631000E3,-2.498515E0,8.311232E1
2.632000E3,-2.503777E0,7.975453E1
2.633000E3,-2.509039E0,8.031405E1
2.634000E3,-2.514300E0,8.411757E1
2.635000E3,-2.519562E0,8.709410E1
2.636000E3,-2.524824E0,9.286398E1
2.637000E3,-2.530085E0,9.670322E1
2.638000E3,-2.535347E0,9.743530E1
2.639000E3,-2.540608E0,9.257716E1
2.640000E3,-2.545870E0,9.142579E1
2.641000E3,-2.551132E0,9.225791E1
2.642000E3,-2.556393E0,8.814680E1
2.643000E3,-2.561655E0,8.021837E1
2.644000E3,-2.566917E0,8.433776E1
2.645000E3,-2.572178E0,8.604608E1
2.646000E3,-2.577440E0,8.338240E1
2.647000E3,-2.582702E0,7.838298E1
2.648000E3,-2.587963E0,7.887130E1
2.649000E3,-2.593225E0,8.303524E1
2.650000E3,-2.598486E0,8.524097E1
2.651000E3,-2.603748E0,8.544147E1
2.652000E3,-2.609010E0,8.929478E1
2.653000E3,-2.614271E0,9.329496E1
2.654000E3,-2.619533E0,8.974675E1
2.655000E3,-2.624795E0,8.858698E1
2.656000E3,-2.630056E0,8.513383E1
2.657000E3,-2.635318E0,7.852316E1
2.658000E3,-2.640579E0,8.249521E1
2.659000E3,-2.645841E0,8.269431E1
2.660000E3,-2.651103E0,7.928048E1
2.661000E3,-2.656364E0,7.500537E1
2.662000E3,-2.661626E0,7.440981E1
2.663000E3,-2.666888E0,7.110258E1
2.664000E3,-2.672149E0,6.588025E1
2.665000E3,-2.677411E0,6.451195E1
2.666000E3,-2.682672E0,6.186754E1
2.667000E3,-2.687934E0,5.719921E1
2.668000E3,-2.693196E0,5.558836E1
2.669000E3,-2.698457E0,5.336494E1
2.670000E3,-2.703719E0,5.698837E1
2.671000E3,-2.708981E0,6.088741E1
2.672000E3,-2.714242E0,6.167688E1
2.673000E3,-2.719504E0,5.963606E1
2.674000E3,-2.724765E0,5.859314E1
2.675000E3,-2.730027E0,5.360894E1
2.676000E3,-2.735289E0,5.621489E1
2.677000E3,-2.740550E0,5.542626E1
2.678000E3,-2.745812E0,5.115321E1
2.679000E3,-2.751074E0,5.236393E1
2.680000E3,-2.756335E0,5.265518E1
2.681000E3,-2.761597E0,5.305587E1
2.682000E3,-2.766858E0,5.086672E1
2.683000E3,-2.772120E0,4.978014E1
2.684000E3,-2.777382E0,4.826101E1
2.685000E3,-2.782643E0,4.625392E1
2.686000E3,-2.787905E0,4.555777E1
2.687000E3,-2.793167E0,4.932769E1
2.688000E3,-2.798428E0,4.658886E1
2.689000E3,-2.803690E0,4.553417E1
2.690000E3,-2.808952E0,4.507681E1
2.691000E3,-2.814213E0,4.484529E1
2.692000E3,-2.819475E0,4.367944E1
2.693000E3,-2.824736E0,4.382066E1
2.694000E3,-2.829998E0,4.303300E1
2.695000E3,-2.835260E0,4.165542E1
2.696000E3,-2.840521E0,4.360120E1
2.697000E3,-2.845783E0,4.517549E1
2.698000E3,-2.851045E0,4.328594E1
2.699000E3,-2.856306E0,4.245385E1
2.700000E3,-2.861568E0,4.151614E1
2.701000E3,-2.866829E0,4.191825E1
2.702000E3,-2.872091E0,4.076567E1
2.703000E3,-2.877353E0,4.057391E1
2.704000E3,-2.882614E0,3.830652E1
2.705000E3,-2.887876E0,3.717116E1
2.706000E3,-2.893138E0,3.639902E1
2.707000E3,-2.898399E0,3.827788E1
2.708000E3,-2.903661E0,3.721684E1
2.709000E3,-2.908922E0,3.621030E1
2.710000E3,-2.914184E0,3.672993E1
2.711000E3,-2.919446E0,3.793572E1
2.712000E3,-2.924707E0,4.029727E1
2.713000E3,-2.929969E0,4.360085E1
2.714000E3,-2.935231E0,4.102793E1
2.715000E3,-2.940492E0,4.038454E1
2.716000E3,-2.945754E0,3.934280E1
2.717000E3,-2.951015E0,3.842016E1
2.718000E3,-2.956277E0,3.663895E1
2.719000E3,-2.961539E0,3.438342E1
2.720000E3,-2.966800E0,3.234466E1
2.721000E3,-2.972062E0,3.377621E1
2.722000E3,-2.977324E0,3.393338E1
2.723000E3,-2.982585E0,3.216470E1
2.724000E3,-2.987847E0,3.354316E1
2.725000E3,-2.993108E0,3.458871E1
2.726000E3,-2.998370E0,3.843557E1
2.727000E3,-3.003632E0,3.892877E1
2.728000E3,-3.008893E0,3.894507E1
2.729000E3,-3.014155E0,3.960649E1
2.730000E3,-3.019417E0,4.212536E1
2.731000E3,-3.024678E0,4.321267E1
2.732000E3,-3.029940E0,4.474084E1
2.733000E3,-3.035202E0,4.441082E1
2.734000E3,-3.040463E0,4.731979E1
2.735000E3,-3.045725E0,4.934246E1
2.736000E3,-3.050986E0,4.515804E1
2.737000E3,-3.056248E0,4.313635E1
2.738000E3,-3.061510E0,4.246823E1
2.739000E3,-3.066771E0,3.903227E1
2.740000E3,-3.072033E0,4.169511E1
2.741000E3,-3.077295E0,4.450502E1
2.742000E3,-3.082556E0,4.480840E1
2.743000E3,-3.087818E0,4.403857E1
2.744000E3,-3.093079E0,4.619409E1
2.745000E3,-3.098341E0,4.864346E1
2.746000E3,-3.103603E0,5.046129E1
2.747000E3,-3.108864E0,4.966775E1
2.748000E3,-3.114126E0,5.207713E1
2.749000E3,-3.119388E0,4.512364E1
2.750000E3,-3.124649E0,4.933214E1
2.751000E3,-3.129911E0,5.622872E1
2.752000E3,-3.135172E0,5.656517E1
2.753000E3,-3.140434E0,5.452219E1
2.754000E3,-3.145696E0,5.374142E1
2.755000E3,-3.150957E0,5.047275E1
2.756000E3,-3.156219E0,5.158060E1
2.757000E3,-3.161481E0,5.314971E1
2.758000E3,-3.166742E0,5.090700E1
2.759000E3,-3.172004E0,4.914023E1
2.760000E3,-3.177265E0,5.094594E1
2.761000E3,-3.182527E0,5.353304E1
2.762000E3,-3.187789E0,5.241066E1
2.763000E3,-3.193050E0,5.242195E1
2.764000E3,-3.198312E0,5.452623E1
2.765000E3,-3.203574E0,5.441795E1
2.766000E3,-3.208835E0,5.596167E1
2.767000E3,-3.214097E0,5.882844E1
2.768000E3,-3.219358E0,5.849472E1
2.769000E3,-3.224620E0,5.837907E1
2.770000E3,-3.229882E0,5.799890E1
2.771000E3,-3.235143E0,5.656581E1
2.772000E3,-3.240405E0,5.949177E1
2.773000E3,-3.245667E0,6.306747E1
2.774000E3,-3.250928E0,6.103086E1
2.775000E3,-3.256190E0,6.143044E1
2.776000E3,-3.261451E0,6.155789E1
2.777000E3,-3.266713E0,6.566814E1
2.778000E3,-3.271975E0,6.159726E1
2.779000E3,-3.277236E0,5.633866E1
2.780000E3,-3.282498E0,5.987689E1
2.781000E3,-3.287760E0,6.222739E1
2.782000E3,-3.293021E0,5.967498E1
2.783000E3,-3.298283E0,5.918292E1
2.784000E3,-3.303545E0,5.988293E1
2.785000E3,-3.308806E0,6.338033E1
2.786000E3,-3.314068E0,6.184680E1
2.787000E3,-3.319329E0,6.085079E1
2.788000E3,-3.324591E0,6.418915E1
2.789000E3,-3.329853E0,6.695932E1
2.790000E3,-3.335114E0,6.849053E1
2.791000E3,-3.340376E0,6.718324E1
2.792000E3,-3.345638E0,6.577039E1
2.793000E3,-3.350899E0,6.003791E1
2.794000E3,-3.356161E0,6.466057E1
2.795000E3,-3.361422E0,6.622741E1
2.796000E3,-3.366684E0,6.549053E1
2.797000E3,-3.371946E0,6.018801E1
2.798000E3,-3.377207E0,6.547340E1
2.799000E3,-3.382469E0,6.700505E1
2.800000E3,-3.387731E0,6.987230E1
2.801000E3,-3.392992E0,7.513115E1
2.802000E3,-3.398254E0,7.705772E1
2.803000E3,-3.403515E0,7.113786E1
2.804000E3,-3.408777E0,6.916676E1
2.805000E3,-3.414039E0,6.830717E1
2.806000E3,-3.419300E0,6.607112E1
2.807000E3,-3.424562E0,6.357322E1
2.808000E3,-3.429824E0,6.204796E1
2.809000E3,-3.435085E0,6.241360E1
2.810000E3,-3.440347E0,6.236573E1
2.811000E3,-3.445608E0,6.037727E1
2.812000E3,-3.450870E0,6.138293E1
2.813000E3,-3.456132E0,6.178146E1
2.814000E3,-3.461393E0,5.818480E1
2.815000E3,-3.466655E0,5.331665E1
2.816000E3,-3.471917E0,5.635853E1
2.817000E3,-3.477178E0,6.108375E1
2.818000E3,-3.482440E0,6.237934E1
2.819000E3,-3.487701E0,6.035204E1
2.820000E3,-3.492963E0,5.870623E1
2.821000E3,-3.498225E0,5.659338E1
2.822000E3,-3.503486E0,5.656211E1
2.823000E3,-3.508748E0,5.505148E1
2.824000E3,-3.514010E0,5.416545E1
2.825000E3,-3.519271E0,5.769345E1
2.826000E3,-3.524533E0,5.490542E1
2.827000E3,-3.529795E0,4.804108E1
2.828000E3,-3.535056E0,4.885912E1
2.829000E3,-3.540318E0,5.419102E1
2.830000E3,-3.545579E0,5.695217E1
2.831000E3,-3.550841E0,5.458273E1
2.832000E3,-3.556103E0,5.392434E1
2.833000E3,-3.561364E0,5.292623E1
2.834000E3,-3.566626E0,5.141460E1
2.835000E3,-3.571888E0,5.259964E1
2.836000E3,-3.577149E0,5.465076E1
2.837000E3,-3.582411E0,5.031392E1
2.838000E3,-3.587672E0,4.563850E1
2.839000E3,-3.592934E0,4.532462E1
2.840000E3,-3.598196E0,4.495754E1
2.841000E3,-3.603457E0,4.811258E1
2.842000E3,-3.608719E0,5.085484E1
2.843000E3,-3.613981E0,5.096373E1
2.844000E3,-3.619242E0,5.479913E1
2.845000E3,-3.624504E0,5.060298E1
2.846000E3,-3.629765E0,4.775461E1
2.847000E3,-3.635027E0,4.334377E1
2.848000E3,-3.640289E0,4.473009E1
2.849000E3,-3.645550E0,4.599446E1
2.850000E3,-3.650812E0,4.577581E1
2.851000E3,-3.656074E0,4.603864E1
2.852000E3,-3.661335E0,4.486792E1
2.853000E3,-3.666597E0,4.043386E1
2.854000E3,-3.671858E0,4.052789E1
2.855000E3,-3.677120E0,4.068632E1
2.856000E3,-3.682382E0,4.312736E1
2.857000E3,-3.687643E0,4.464373E1
2.858000E3,-3.692905E0,3.947497E1
2.859000E3,-3.698167E0,3.596789E1
2.860000E3,-3.703428E0,3.578597E1
2.861000E3,-3.708690E0,3.846247E1
2.862000E3,-3.713951E0,3.816185E1
2.863000E3,-3.719213E0,3.805139E1
2.864000E3,-3.724475E0,3.856024E1
2.865000E3,-3.729736E0,4.221498E1
2.866000E3,-3.734998E0,3.829731E1
2.867000E3,-3.740260E0,3.978231E1
2.868000E3,-3.745521E0,4.065879E1
2.869000E3,-3.750783E0,3.991251E1
2.870000E3,-3.756045E0,3.562272E1
2.871000E3,-3.761306E0,3.322907E1
2.872000E3,-3.766568E0,3.385237E1
2.873000E3,-3.771829E0,3.450463E1
2.874000E3,-3.777091E0,3.169882E1
2.875000E3,-3.782353E0,3.188013E1
2.876000E3,-3.787614E0,2.928703E1
2.877000E3,-3.792876E0,3.062906E1
2.878000E3,-3.798138E0,3.127179E1
2.879000E3,-3.803399E0,3.254076E1
2.880000E3,-3.808661E0,3.238686E1
2.881000E3,-3.813922E0,3.153515E1
2.882000E3,-3.819184E0,3.222418E1
2.883000E3,-3.824446E0,3.193650E1
2.884000E3,-3.829707E0,2.984035E1
2.885000E3,-3.834969E0,3.028311E1
2.886000E3,-3.840231E0,3.333359E1
2.887000E3,-3.845492E0,3.029509E1
2.888000E3,-3.850754E0,2.826800E1
2.889000E3,-3.856015E0,2.815154E1
2.890000E3,-3.861277E0,2.824819E1
2.891000E3,-3.866539E0,2.639649E1
2.892000E3,-3.871800E0,2.776225E1
2.893000E3,-3.877062E0,2.854555E1
2.894000E3,-3.882324E0,2.942268E1
2.895000E3,-3.887585E0,2.674064E1
2.896000E3,-3.892847E0,2.638208E1
2.897000E3,-3.898108E0,2.789547E1
2.898000E3,-3.903370E0,2.743215E1
2.899000E3,-3.908632E0,2.826601E1
2.900000E3,-3.913893E0,2.710894E1
2.901000E3,-3.919155E0,2.529609E1
2.902000E3,-3.924417E0,2.490171E1
2.903000E3,-3.929678E0,2.429010E1
2.904000E3,-3.934940E0,2.493365E1
2.905000E3,-3.940201E0,2.375863E1
2.906000E3,-3.945463E0,2.481863E1
2.907000E3,-3.950725E0,2.547151E1
2.908000E3,-3.955986E0,2.509255E1
2.909000E3,-3.961248E0,2.453402E1
2.910000E3,-3.966510E0,2.350396E1
2.911000E3,-3.971771E0,2.471894E1
2.912000E3,-3.977033E0,2.570972E1
2.913000E3,-3.982294E0,2.691744E1
2.914000E3,-3.987556E0,2.805770E1
2.915000E3,-3.992818E0,2.743333E1
2.916000E3,-3.998079E0,2.811681E1
2.917000E3,-4.003341E0,2.999888E1
2.918000E3,-4.008603E0,2.943183E1
2.919000E3,-4.013864E0,2.975451E1
2.920000E3,-4.019126E0,2.886842E1
2.921000E3,-4.024388E0,3.026609E1
2.922000E3,-4.029649E0,3.060118E1
2.923000E3,-4.034911E0,3.030388E1
2.924000E3,-4.040172E0,2.779591E1
2.925000E3,-4.045434E0,2.600085E1
2.926000E3,-4.050696E0,2.729814E1
2.927000E3,-4.055957E0,3.014017E1
2.928000E3,-4.061219E0,2.867696E1
2.929000E3,-4.066481E0,2.860446E1
2.930000E3,-4.071742E0,3.103607E1
2.931000E3,-4.077004E0,2.974366E1
2.932000E3,-4.082265E0,3.357670E1
2.933000E3,-4.087527E0,3.330257E1
2.934000E3,-4.092789E0,3.348494E1
2.935000E3,-4.098050E0,3.756822E1
2.936000E3,-4.103312E0,3.659906E1
2.937000E3,-4.108574E0,3.049687E1
2.938000E3,-4.113835E0,3.328683E1
2.939000E3,-4.119097E0,3.867830E1
2.940000E3,-4.124358E0,3.698150E1
2.941000E3,-4.129620E0,3.234345E1
2.942000E3,-4.134882E0,3.429149E1
2.943000E3,-4.140143E0,3.248195E1
2.944000E3,-4.145405E0,3.303597E1
2.945000E3,-4.150667E0,3.390948E1
2.946000E3,-4.155928E0,3.472964E1
2.947000E3,-4.161190E0,3.908004E1
2.948000E3,-4.166451E0,3.797823E1
2.949000E3,-4.171713E0,3.996646E1
2.950000E3,-4.176975E0,3.954494E1
2.951000E3,-4.182236E0,3.817793E1
2.952000E3,-4.187498E0,3.873639E1
2.953000E3,-4.192760E0,4.257422E1
2.954000E3,-4.198021E0,4.285622E1
2.955000E3,-4.203283E0,4.245958E1
2.956000E3,-4.208544E0,4.104674E1
2.957000E3,-4.213806E0,4.148335E1
2.958000E3,-4.219068E0,4.303141E1
2.959000E3,-4.224329E0,3.996377E1
2.960000E3,-4.229591E0,3.925746E1
2.961000E3,-4.234853E0,3.676902E1
2.962000E3,-4.240114E0,3.828247E1
2.963000E3,-4.245376E0,4.058992E1
2.964000E3,-4.250638E0,3.946632E1
2.965000E3,-4.255899E0,3.804757E1
2.966000E3,-4.261161E0,3.715294E1
2.967000E3,-4.266422E0,3.782678E1
2.968000E3,-4.271684E0,4.005925E1
2.969000E3,-4.276946E0,4.253568E1
2.970000E3,-4.282207E0,4.406434E1
2.971000E3,-4.287469E0,4.967830E1
2.972000E3,-4.292731E0,4.910643E1
2.973000E3,-4.297992E0,4.880864E1
2.974000E3,-4.303254E0,4.681255E1
2.975000E3,-4.308515E0,4.741295E1
2.976000E3,-4.313777E0,4.716959E1
2.977000E3,-4.319039E0,4.613854E1
2.978000E3,-4.324300E0,4.814127E1
2.979000E3,-4.329562E0,4.680111E1
2.980000E3,-4.334824E0,4.975496E1
2.981000E3,-4.340085E0,5.049147E1
2.982000E3,-4.345347E0,4.951899E1
2.983000E3,-4.350608E0,4.370199E1
2.984000E3,-4.355870E0,4.321258E1
2.985000E3,-4.361132E0,4.422344E1
2.986000E3,-4.366393E0,4.438707E1
2.987000E3,-4.371655E0,4.343686E1
2.988000E3,-4.376917E0,4.657596E1
2.989000E3,-4.382178E0,4.754035E1
2.990000E3,-4.387440E0,4.453222E1
2.991000E3,-4.392701E0,4.415810E1
2.992000E3,-4.397963E0,4.442408E1
2.993000E3,-4.403225E0,4.587187E1
2.994000E3,-4.408486E0,4.530012E1
2.995000E3,-4.413748E0,4.367550E1
2.996000E3,-4.419010E0,4.309605E1
2.997000E3,-4.424271E0,4.164333E1
2.998000E3,-4.429533E0,4.259401E1
2.999000E3,-4.434794E0,4.459392E1
3.000000E3,-4.440056E0,4.331474E1
3.001000E3,-4.445318E0,4.016685E1
3.002000E3,-4.450579E0,3.920213E1
3.003000E3,-4.455841E0,3.822055E1
3.004000E3,-4.461103E0,4.064355E1
3.005000E3,-4.466364E0,4.047863E1
3.006000E3,-4.471626E0,4.030502E1
3.007000E3,-4.476888E0,3.979861E1
3.008000E3,-4.482149E0,4.066349E1
3.009000E3,-4.487411E0,4.164993E1
3.010000E3,-4.492672E0,4.515040E1
3.011000E3,-4.497934E0,5.119329E1
3.012000E3,-4.503196E0,5.091577E1
3.013000E3,-4.508457E0,5.039911E1
3.014000E3,-4.513719E0,4.348165E1
3.015000E3,-4.518981E0,3.849283E1
3.016000E3,-4.524242E0,4.045933E1
3.017000E3,-4.529504E0,4.133419E1
3.018000E3,-4.534765E0,4.085232E1
3.019000E3,-4.540027E0,3.998728E1
3.020000E3,-4.545289E0,4.012980E1
3.021000E3,-4.550550E0,3.922881E1
3.022000E3,-4.555812E0,4.011743E1
3.023000E3,-4.561074E0,3.997843E1
3.024000E3,-4.566335E0,3.831401E1
3.025000E3,-4.571597E0,3.794619E1
3.026000E3,-4.576858E0,4.026862E1
3.027000E3,-4.582120E0,4.159435E1
3.028000E3,-4.587382E0,4.197837E1
3.029000E3,-4.592643E0,4.442973E1
3.030000E3,-4.597905E0,4.404487E1
3.031000E3,-4.603167E0,4.234485E1
3.032000E3,-4.608428E0,3.740780E1
3.033000E3,-4.613690E0,3.528813E1
3.034000E3,-4.618951E0,3.583315E1
3.035000E3,-4.624213E0,3.734577E1
3.036000E3,-4.629475E0,3.555663E1
3.037000E3,-4.634736E0,3.268866E1
3.038000E3,-4.639998E0,3.336688E1
3.039000E3,-4.645260E0,3.541941E1
3.040000E3,-4.650521E0,3.441969E1
3.041000E3,-4.655783E0,3.613777E1
3.042000E3,-4.661044E0,3.679640E1
3.043000E3,-4.666306E0,3.763791E1
3.044000E3,-4.671568E0,3.542319E1
3.045000E3,-4.676829E0,3.334991E1
3.046000E3,-4.682091E0,3.591198E1
3.047000E3,-4.687353E0,3.659222E1
3.048000E3,-4.692614E0,3.460788E1
3.049000E3,-4.697876E0,3.351090E1
3.050000E3,-4.703137E0,3.247166E1
3.051000E3,-4.708399E0,3.401747E1
3.052000E3,-4.713661E0,3.112364E1
3.053000E3,-4.718922E0,3.073954E1
3.054000E3,-4.724184E0,3.097470E1
3.055000E3,-4.729446E0,3.171561E1
3.056000E3,-4.734707E0,3.291583E1
3.057000E3,-4.739969E0,3.313255E1
3.058000E3,-4.745231E0,3.360147E1
3.059000E3,-4.750492E0,3.148216E1
3.060000E3,-4.755754E0,2.911159E1
3.061000E3,-4.761015E0,2.956525E1
3.062000E3,-4.766277E0,3.050646E1
3.063000E3,-4.771539E0,2.842999E1
3.064000E3,-4.776800E0,2.901106E1
3.065000E3,-4.782062E0,2.754000E1
3.066000E3,-4.787324E0,2.723100E1
3.067000E3,-4.792585E0,2.770853E1
3.068000E3,-4.797847E0,2.560913E1
3.069000E3,-4.803108E0,2.429346E1
3.070000E3,-4.808370E0,2.415725E1
3.071000E3,-4.813632E0,2.581313E1
3.072000E3,-4.818893E0,2.728498E1
3.073000E3,-4.824155E0,2.462920E1
3.074000E3,-4.829417E0,2.455040E1
3.075000E3,-4.834678E0,2.572770E1
3.076000E3,-4.839940E0,2.427821E1
3.077000E3,-4.845201E0,2.305599E1
3.078000E3,-4.850463E0,2.398390E1
3.079000E3,-4.855725E0,2.207647E1
3.080000E3,-4.860986E0,2.247379E1
3.081000E3,-4.866248E0,1.986938E1
3.082000E3,-4.871510E0,2.113537E1
3.083000E3,-4.876771E0,2.322283E1
3.084000E3,-4.882033E0,2.586515E1
3.085000E3,-4.887294E0,2.475874E1
3.086000E3,-4.892556E0,2.122540E1
3.087000E3,-4.897818E0,2.146478E1
3.088000E3,-4.903079E0,2.007026E1
3.089000E3,-4.908341E0,1.677366E1
3.090000E3,-4.913603E0,1.871095E1
3.091000E3,-4.918864E0,1.795168E1
3.092000E3,-4.924126E0,1.712640E1
3.093000E3,-4.929387E0,1.652509E1
3.094000E3,-4.934649E0,1.791004E1
3.095000E3,-4.939911E0,1.731169E1
3.096000E3,-4.945172E0,1.864250E1
3.097000E3,-4.950434E0,1.955209E1
3.098000E3,-4.955696E0,1.910673E1
3.099000E3,-4.960957E0,2.054708E1
3.100000E3,-4.966219E0,2.045154E1
3.101000E3,-4.971481E0,2.106632E1
3.102000E3,-4.976742E0,2.135423E1
3.103000E3,-4.982004E0,2.112932E1
3.104000E3,-4.987265E0,1.987478E1
3.105000E3,-4.992527E0,2.033491E1
3.106000E3,-4.997789E0,2.388343E1
3.107000E3,-5.003050E0,2.258431E1
3.108000E3,-5.008312E0,2.352205E1
3.109000E3,-5.013574E0,2.246384E1
3.110000E3,-5.018835E0,2.257836E1
3.111000E3,-5.024097E0,2.041554E1
3.112000E3,-5.029358E0,1.991768E1
3.113000E3,-5.034620E0,1.935891E1
3.114000E3,-5.039882E0,2.047833E1
3.115000E3,-5.045143E0,1.993434E1
3.116000E3,-5.050405E0,1.828191E1
3.117000E3,-5.055667E0,2.111605E1
3.118000E3,-5.060928E0,2.084929E1
3.119000E3,-5.066190E0,2.189216E1
3.120000E3,-5.071451E0,2.306259E1
3.121000E3,-5.076713E0,2.363049E1
3.122000E3,-5.081975E0,2.343470E1
3.123000E3,-5.087236E0,2.388420E1
3.124000E3,-5.092498E0,2.237802E1
3.125000E3,-5.097760E0,2.433098E1
3.126000E3,-5.103021E0,2.563621E1
3.127000E3,-5.108283E0,2.580109E1
3.128000E3,-5.113544E0,2.501967E1
3.129000E3,-5.118806E0,2.221048E1
3.130000E3,-5.124068E0,2.334865E1
3.131000E3,-5.129329E0,2.567897E1
3.132000E3,-5.134591E0,2.539548E1
3.133000E3,-5.139853E0,2.464786E1
3.134000E3,-5.145114E0,2.498640E1
3.135000E3,-5.150376E0,2.772655E1
3.136000E3,-5.155637E0,2.671092E1
3.137000E3,-5.160899E0,2.944967E1
3.138000E3,-5.166161E0,2.824071E1
3.139000E3,-5.171422E0,2.746002E1
3.140000E3,-5.176684E0,2.687810E1
3.141000E3,-5.181946E0,2.787162E1
3.142000E3,-5.187207E0,2.792877E1
3.143000E3,-5.192469E0,2.812266E1
3.144000E3,-5.197730E0,3.000936E1
3.145000E3,-5.202992E0,3.312478E1
3.146000E3,-5.208254E0,3.263437E1
3.147000E3,-5.213515E0,3.060183E1
3.148000E3,-5.218777E0,2.985513E1
3.149000E3,-5.224039E0,2.877417E1
3.150000E3,-5.229300E0,2.879041E1
3.151000E3,-5.234562E0,3.189784E1
3.152000E3,-5.239824E0,3.344430E1
3.153000E3,-5.245085E0,3.306575E1
3.154000E3,-5.250347E0,3.256801E1
3.155000E3,-5.255608E0,3.096253E1
3.156000E3,-5.260870E0,3.068358E1
3.157000E3,-5.266132E0,3.060624E1
3.158000E3,-5.271393E0,3.309611E1
3.159000E3,-5.276655E0,3.443878E1
3.160000E3,-5.281917E0,3.304226E1
3.161000E3,-5.287178E0,3.367626E1
3.162000E3,-5.292440E0,3.357731E1
3.163000E3,-5.297701E0,3.487689E1
3.164000E3,-5.302963E0,3.580296E1
3.165000E3,-5.308225E0,3.211530E1
3.166000E3,-5.313486E0,2.916612E1
3.167000E3,-5.318748E0,2.932472E1
3.168000E3,-5.324010E0,3.106644E1
3.169000E3,-5.329271E0,3.048625E1
3.170000E3,-5.334533E0,3.239491E1
3.171000E3,-5.339794E0,3.676992E1
3.172000E3,-5.345056E0,3.337796E1
3.173000E3,-5.350318E0,3.057923E1
3.174000E3,-5.355579E0,3.057646E1
3.175000E3,-5.360841E0,3.388837E1
3.176000E3,-5.366103E0,3.286697E1
3.177000E3,-5.371364E0,3.562871E1
3.178000E3,-5.376626E0,3.568801E1
3.179000E3,-5.381887E0,3.369715E1
3.180000E3,-5.387149E0,3.054772E1
3.181000E3,-5.392411E0,3.261844E1
3.182000E3,-5.397672E0,3.372607E1
3.183000E3,-5.402934E0,3.289506E1
3.184000E3,-5.408196E0,3.115470E1
3.185000E3,-5.413457E0,2.987500E1
3.186000E3,-5.418719E0,3.343590E1
3.187000E3,-5.423980E0,3.465839E1
3.188000E3,-5.429242E0,3.238764E1
3.189000E3,-5.434504E0,3.396662E1
3.190000E3,-5.439765E0,3.316313E1
3.191000E3,-5.445027E0,3.224452E1
3.192000E3,-5.450289E0,3.303093E1
3.193000E3,-5.455550E0,3.703556E1
3.194000E3,-5.460812E0,3.700613E1
3.195000E3,-5.466074E0,3.835477E1
3.196000E3,-5.471335E0,3.419292E1
3.197000E3,-5.476597E0,3.216704E1
3.198000E3,-5.481858E0,3.418536E1
3.199000E3,-5.487120E0,3.518499E1
3.200000E3,-5.492382E0,3.688050E1
3.201000E3,-5.497643E0,3.664433E1
3.202000E3,-5.502905E0,3.466134E1
3.203000E3,-5.508167E0,3.497949E1
3.204000E3,-5.513428E0,3.664457E1
3.205000E3,-5.518690E0,3.401615E1
3.206000E3,-5.523951E0,3.528716E1
3.207000E3,-5.529213E0,3.336055E1
3.208000E3,-5.534475E0,3.281666E1
3.209000E3,-5.539736E0,3.380721E1
3.210000E3,-5.544998E0,3.268485E1
3.211000E3,-5.550260E0,3.338599E1
3.212000E3,-5.555521E0,3.272840E1
3.213000E3,-5.560783E0,3.454922E1
3.214000E3,-5.566044E0,3.346053E1
3.215000E3,-5.571306E0,3.584539E1
3.216000E3,-5.576568E0,3.541038E1
3.217000E3,-5.581829E0,3.458849E1
3.218000E3,-5.587091E0,3.580324E1
3.219000E3,-5.592353E0,3.603841E1
3.220000E3,-5.597614E0,3.435252E1
3.221000E3,-5.602876E0,3.176623E1
3.222000E3,-5.608137E0,3.091991E1
3.223000E3,-5.613399E0,2.987861E1
3.224000E3,-5.618661E0,3.018075E1
3.225000E3,-5.623922E0,3.043821E1
3.226000E3,-5.629184E0,2.927989E1
3.227000E3,-5.634446E0,3.169128E1
3.228000E3,-5.639707E0,3.364514E1
3.229000E3,-5.644969E0,3.155725E1
3.230000E3,-5.650230E0,2.819624E1
3.231000E3,-5.655492E0,2.843664E1
3.232000E3,-5.660754E0,2.908037E1
3.233000E3,-5.666015E0,3.057552E1
3.234000E3,-5.671277E0,3.063993E1
3.235000E3,-5.676539E0,3.012227E1
3.236000E3,-5.681800E0,2.680319E1
3.237000E3,-5.687062E0,2.905968E1
3.238000E3,-5.692324E0,2.944167E1
3.239000E3,-5.697585E0,3.320696E1
3.240000E3,-5.702847E0,2.825928E1
3.241000E3,-5.708108E0,2.678248E1
3.242000E3,-5.713370E0,2.684915E1
3.243000E3,-5.718632E0,2.597336E1
3.244000E3,-5.723893E0,2.414848E1
3.245000E3,-5.729155E0,2.560003E1
3.246000E3,-5.734417E0,2.781686E1
3.247000E3,-5.739678E0,2.747000E1
3.248000E3,-5.744940E0,2.758018E1
3.249000E3,-5.750201E0,2.794583E1
3.250000E3,-5.755463E0,2.865770E1
3.251000E3,-5.760725E0,2.649455E1
3.252000E3,-5.765986E0,2.380141E1
3.253000E3,-5.771248E0,2.449518E1
3.254000E3,-5.776510E0,2.378680E1
3.255000E3,-5.781771E0,2.357436E1
3.256000E3,-5.787033E0,2.388970E1
3.257000E3,-5.792294E0,2.399590E1
3.258000E3,-5.797556E0,2.266207E1
3.259000E3,-5.802818E0,2.336636E1
3.260000E3,-5.808079E0,2.472670E1
3.261000E3,-5.813341E0,2.323345E1
3.262000E3,-5.818603E0,2.066115E1
3.263000E3,-5.823864E0,2.242289E1
3.264000E3,-5.829126E0,2.116247E1
3.265000E3,-5.834387E0,1.948781E1
3.266000E3,-5.839649E0,2.147491E1
3.267000E3,-5.844911E0,2.320277E1
3.268000E3,-5.850172E0,2.423232E1
3.269000E3,-5.855434E0,2.346619E1
3.270000E3,-5.860696E0,2.310586E1
3.271000E3,-5.865957E0,1.995797E1
3.272000E3,-5.871219E0,2.002723E1
3.273000E3,-5.876480E0,1.932425E1
3.274000E3,-5.881742E0,1.926962E1
3.275000E3,-5.887004E0,1.993211E1
3.276000E3,-5.892265E0,1.874635E1
3.277000E3,-5.897527E0,1.943668E1
3.278000E3,-5.902789E0,1.743541E1
3.279000E3,-5.908050E0,1.687218E1
3.280000E3,-5.913312E0,1.528253E1
3.281000E3,-5.918573E0,1.488612E1
3.282000E3,-5.923835E0,1.635548E1
3.283000E3,-5.929097E0,1.567301E1
3.284000E3,-5.934358E0,1.880487E1
3.285000E3,-5.939620E0,1.646266E1
3.286000E3,-5.944882E0,1.698364E1
3.287000E3,-5.950143E0,1.633458E1
3.288000E3,-5.955405E0,1.660741E1
3.289000E3,-5.960667E0,1.861712E1
3.290000E3,-5.965928E0,1.830182E1
3.291000E3,-5.971190E0,1.789061E1
3.292000E3,-5.976451E0,1.883540E1
3.293000E3,-5.981713E0,1.972527E1
3.294000E3,-5.986975E0,1.824767E1
3.295000E3,-5.992236E0,1.647615E1
3.296000E3,-5.997498E0,1.608317E1
3.297000E3,-6.002760E0,1.713993E1
3.298000E3,-6.008021E0,1.737332E1
3.299000E3,-6.013283E0,1.575218E1
3.300000E3,-6.018544E0,1.521358E1
3.301000E3,-6.023806E0,1.496751E1
3.302000E3,-6.029068E0,1.707974E1
3.303000E3,-6.034329E0,1.850753E1
3.304000E3,-6.039591E0,1.713173E1
3.305000E3,-6.044853E0,1.812153E1
3.306000E3,-6.050114E0,1.736192E1
3.307000E3,-6.055376E0,1.562682E1
3.308000E3,-6.060637E0,1.694799E1
3.309000E3,-6.065899E0,1.806212E1
3.310000E3,-6.071161E0,1.818701E1
3.311000E3,-6.076422E0,1.910729E1
3.312000E3,-6.081684E0,2.026643E1
3.313000E3,-6.086946E0,1.928060E1
3.314000E3,-6.092207E0,1.835068E1
3.315000E3,-6.097469E0,1.719793E1
3.316000E3,-6.102730E0,1.758394E1
3.317000E3,-6.107992E0,1.748419E1
3.318000E3,-6.113254E0,1.748635E1
3.319000E3,-6.118515E0,1.631685E1
3.320000E3,-6.123777E0,1.606980E1
3.321000E3,-6.129039E0,1.730365E1
3.322000E3,-6.134300E0,1.722678E1
3.323000E3,-6.139562E0,1.882777E1
3.324000E3,-6.144823E0,1.933947E1
3.325000E3,-6.150085E0,1.978175E1
3.326000E3,-6.155347E0,2.117499E1
3.327000E3,-6.160608E0,2.125511E1
3.328000E3,-6.165870E0,2.116284E1
3.329000E3,-6.171132E0,2.251318E1
3.330000E3,-6.176393E0,2.105857E1
3.331000E3,-6.181655E0,1.860349E1
3.332000E3,-6.186917E0,1.630724E1
3.333000E3,-6.192178E0,1.643111E1
3.334000E3,-6.197440E0,1.642161E1
3.335000E3,-6.202701E0,1.900064E1
3.336000E3,-6.207963E0,2.066241E1
3.337000E3,-6.213225E0,1.982163E1
3.338000E3,-6.218486E0,1.922147E1
3.339000E3,-6.223748E0,1.865197E1
3.340000E3,-6.229010E0,1.810527E1
3.341000E3,-6.234271E0,2.082216E1
3.342000E3,-6.239533E0,2.083351E1
3.343000E3,-6.244794E0,2.215001E1
3.344000E3,-6.250056E0,2.192278E1
3.345000E3,-6.255318E0,2.157265E1
3.346000E3,-6.260579E0,2.165541E1
3.347000E3,-6.265841E0,2.249323E1
3.348000E3,-6.271103E0,2.047177E1
3.349000E3,-6.276364E0,2.116079E1
3.350000E3,-6.281626E0,2.282573E1
3.351000E3,-6.286887E0,2.017188E1
3.352000E3,-6.292149E0,2.187745E1
3.353000E3,-6.297411E0,2.356665E1
3.354000E3,-6.302672E0,2.222358E1
3.355000E3,-6.307934E0,2.006687E1
3.356000E3,-6.313196E0,2.051231E1
3.357000E3,-6.318457E0,2.178847E1
3.358000E3,-6.323719E0,2.087747E1
3.359000E3,-6.328980E0,2.434280E1
3.360000E3,-6.334242E0,2.137964E1
3.361000E3,-6.339504E0,1.979359E1
3.362000E3,-6.344765E0,1.934320E1
3.363000E3,-6.350027E0,1.961415E1
3.364000E3,-6.355289E0,2.126053E1
3.365000E3,-6.360550E0,2.099995E1
3.366000E3,-6.365812E0,2.346717E1
3.367000E3,-6.371073E0,2.196287E1
3.368000E3,-6.376335E0,2.280982E1
3.369000E3,-6.381597E0,1.975716E1
3.370000E3,-6.386858E0,1.924220E1
3.371000E3,-6.392120E0,1.858326E1
3.372000E3,-6.397382E0,1.793130E1
3.373000E3,-6.402643E0,2.050460E1
3.374000E3,-6.407905E0,1.971321E1
3.375000E3,-6.413167E0,1.961558E1
3.376000E3,-6.418428E0,1.915819E1
3.377000E3,-6.423690E0,2.107259E1
3.378000E3,-6.428951E0,2.217624E1
3.379000E3,-6.434213E0,1.924773E1
3.380000E3,-6.439475E0,2.010142E1
3.381000E3,-6.444736E0,2.072132E1
3.382000E3,-6.449998E0,2.138672E1
3.383000E3,-6.455260E0,2.241789E1
3.384000E3,-6.460521E0,2.401712E1
3.385000E3,-6.465783E0,2.597501E1
3.386000E3,-6.471044E0,2.291610E1
3.387000E3,-6.476306E0,2.326117E1
3.388000E3,-6.481568E0,2.196414E1
3.389000E3,-6.486829E0,2.322733E1
3.390000E3,-6.492091E0,2.388405E1
3.391000E3,-6.497353E0,2.263417E1
3.392000E3,-6.502614E0,2.315955E1
3.393000E3,-6.507876E0,2.124059E1
3.394000E3,-6.513137E0,2.087101E1
3.395000E3,-6.518399E0,2.165662E1
3.396000E3,-6.523661E0,2.127070E1
3.397000E3,-6.528922E0,1.936529E1
3.398000E3,-6.534184E0,2.114292E1
3.399000E3,-6.539446E0,2.050409E1
3.400000E3,-6.544707E0,2.237786E1
3.401000E3,-6.549969E0,2.477723E1
3.402000E3,-6.555230E0,2.040413E1
3.403000E3,-6.560492E0,1.989257E1
3.404000E3,-6.565754E0,2.217408E1
3.405000E3,-6.571015E0,2.528519E1
3.406000E3,-6.576277E0,2.208445E1
3.407000E3,-6.581539E0,2.256536E1
3.408000E3,-6.586800E0,2.308177E1
3.409000E3,-6.592062E0,2.250809E1
3.410000E3,-6.597323E0,2.186031E1
3.411000E3,-6.602585E0,2.183755E1
3.412000E3,-6.607847E0,2.168842E1
3.413000E3,-6.613108E0,2.152484E1
3.414000E3,-6.618370E0,2.160348E1
3.415000E3,-6.623632E0,2.114361E1
3.416000E3,-6.628893E0,1.947883E1
3.417000E3,-6.634155E0,1.960208E1
3.418000E3,-6.639416E0,2.030868E1
3.419000E3,-6.644678E0,2.012303E1
3.420000E3,-6.649940E0,2.051439E1
3.421000E3,-6.655201E0,2.109827E1
3.422000E3,-6.660463E0,2.260771E1
3.423000E3,-6.665725E0,2.046537E1
3.424000E3,-6.670986E0,2.266328E1
3.425000E3,-6.676248E0,2.285527E1
3.426000E3,-6.681510E0,2.209675E1
3.427000E3,-6.686771E0,1.914145E1
3.428000E3,-6.692033E0,1.873205E1
3.429000E3,-6.697294E0,2.047191E1
3.430000E3,-6.702556E0,1.974626E1
3.431000E3,-6.707818E0,1.948640E1
3.432000E3,-6.713079E0,2.045250E1
3.433000E3,-6.718341E0,2.160668E1
3.434000E3,-6.723603E0,2.115872E1
3.435000E3,-6.728864E0,1.843835E1
3.436000E3,-6.734126E0,2.067686E1
3.437000E3,-6.739387E0,2.431144E1
3.438000E3,-6.744649E0,2.495259E1
3.439000E3,-6.749911E0,2.388153E1
3.440000E3,-6.755172E0,1.992254E1
3.441000E3,-6.760434E0,1.844644E1
3.442000E3,-6.765696E0,1.888836E1
3.443000E3,-6.770957E0,2.001296E1
3.444000E3,-6.776219E0,1.908187E1
3.445000E3,-6.781480E0,1.931866E1
3.446000E3,-6.786742E0,1.827472E1
3.447000E3,-6.792004E0,1.771260E1
3.448000E3,-6.797265E0,1.853362E1
3.449000E3,-6.802527E0,1.900317E1
3.450000E3,-6.807789E0,1.880657E1
3.451000E3,-6.813050E0,1.621340E1
3.452000E3,-6.818312E0,1.831910E1
3.453000E3,-6.823573E0,2.044423E1
3.454000E3,-6.828835E0,1.900226E1
3.455000E3,-6.834097E0,1.701629E1
3.456000E3,-6.839358E0,1.907742E1
3.457000E3,-6.844620E0,1.949942E1
3.458000E3,-6.849882E0,1.807914E1
3.459000E3,-6.855143E0,1.861040E1
3.460000E3,-6.860405E0,1.847798E1
3.461000E3,-6.865666E0,1.911287E1
3.462000E3,-6.870928E0,1.618606E1
3.463000E3,-6.876190E0,1.432525E1
3.464000E3,-6.881451E0,1.412465E1
3.465000E3,-6.886713E0,1.491022E1
3.466000E3,-6.891975E0,1.330068E1
3.467000E3,-6.897236E0,1.332308E1
3.468000E3,-6.902498E0,1.376862E1
3.469000E3,-6.907760E0,1.500122E1
3.470000E3,-6.913021E0,1.418760E1
3.471000E3,-6.918283E0,1.274780E1
3.472000E3,-6.923544E0,1.227551E1
3.473000E3,-6.928806E0,1.259364E1
3.474000E3,-6.934068E0,1.469506E1
3.475000E3,-6.939329E0,1.436157E1
3.476000E3,-6.944591E0,1.309839E1
3.477000E3,-6.949853E0,1.454967E1
3.478000E3,-6.955114E0,1.431057E1
3.479000E3,-6.960376E0,1.337237E1
3.480000E3,-6.965637E0,1.320586E1
3.481000E3,-6.970899E0,1.267488E1
3.482000E3,-6.976161E0,1.251349E1
3.483000E3,-6.981422E0,1.204996E1
3.484000E3,-6.986684E0,1.513616E1
3.485000E3,-6.991946E0,1.535979E1
3.486000E3,-6.997207E0,1.389361E1
3.487000E3,-7.002469E0,1.516857E1
3.488000E3,-7.007730E0,1.546931E1
3.489000E3,-7.012992E0,1.638690E1
3.490000E3,-7.018254E0,1.673221E1
3.491000E3,-7.023515E0,1.586099E1
3.492000E3,-7.028777E0,1.547677E1
3.493000E3,-7.034039E0,1.239563E1
3.494000E3,-7.039300E0,1.423000E1
3.495000E3,-7.044562E0,1.463410E1
3.496000E3,-7.049823E0,1.333893E1
3.497000E3,-7.055085E0,1.191690E1
3.498000E3,-7.060347E0,1.392438E1
3.499000E3,-7.065608E0,1.438021E1
3.500000E3,-7.070870E0,1.274149E1
3.501000E3,-7.076132E0,1.392166E1
3.502000E3,-7.081393E0,1.519602E1
3.503000E3,-7.086655E0,1.310030E1
3.504000E3,-7.091916E0,1.409760E1
3.505000E3,-7.097178E0,1.522272E1
3.506000E3,-7.102440E0,1.570050E1
3.507000E3,-7.107701E0,1.438637E1
3.508000E3,-7.112963E0,1.196388E1
3.509000E3,-7.118225E0,1.310459E1
3.510000E3,-7.123486E0,1.434671E1
3.511000E3,-7.128748E0,1.393754E1
3.512000E3,-7.134010E0,1.455724E1
3.513000E3,-7.139271E0,1.466720E1
3.514000E3,-7.144533E0,1.438356E1
3.515000E3,-7.149794E0,1.365951E1
3.516000E3,-7.155056E0,1.400225E1
3.517000E3,-7.160318E0,1.452705E1
3.518000E3,-7.165579E0,1.473041E1
3.519000E3,-7.170841E0,1.661475E1
3.520000E3,-7.176103E0,1.486581E1
3.521000E3,-7.181364E0,1.469269E1
3.522000E3,-7.186626E0,1.285205E1
3.523000E3,-7.191887E0,1.340981E1
3.524000E3,-7.197149E0,1.583823E1
3.525000E3,-7.202411E0,1.292584E1
3.526000E3,-7.207672E0,1.113180E1
3.527000E3,-7.212934E0,1.283926E1
3.528000E3,-7.218196E0,1.308565E1
3.529000E3,-7.223457E0,1.412290E1
3.530000E3,-7.228719E0,1.544575E1
3.531000E3,-7.233980E0,1.829123E1
3.532000E3,-7.239242E0,1.873613E1
3.533000E3,-7.244504E0,1.916756E1
3.534000E3,-7.249765E0,1.748413E1
3.535000E3,-7.255027E0,1.484771E1
3.536000E3,-7.260289E0,1.368501E1
3.537000E3,-7.265550E0,1.286933E1
3.538000E3,-7.270812E0,1.641873E1
3.539000E3,-7.276073E0,1.643077E1
3.540000E3,-7.281335E0,1.655130E1
3.541000E3,-7.286597E0,1.815227E1
3.542000E3,-7.291858E0,1.647554E1
3.543000E3,-7.297120E0,1.402839E1
3.544000E3,-7.302382E0,1.443278E1
3.545000E3,-7.307643E0,1.695930E1
3.546000E3,-7.312905E0,1.783764E1
3.547000E3,-7.318166E0,1.961542E1
3.548000E3,-7.323428E0,1.611161E1
3.549000E3,-7.328690E0,1.431859E1
3.550000E3,-7.333951E0,1.475928E1
3.551000E3,-7.339213E0,1.612366E1
3.552000E3,-7.344475E0,1.721062E1
3.553000E3,-7.349736E0,1.772043E1
3.554000E3,-7.354998E0,1.723161E1
3.555000E3,-7.360259E0,1.569217E1
3.556000E3,-7.365521E0,1.309880E1
3.557000E3,-7.370783E0,1.370869E1
3.558000E3,-7.376044E0,1.623369E1
3.559000E3,-7.381306E0,1.541311E1
3.560000E3,-7.386568E0,1.381482E1
3.561000E3,-7.391829E0,1.419041E1
3.562000E3,-7.397091E0,1.599940E1
3.563000E3,-7.402353E0,1.673513E1
3.564000E3,-7.407614E0,1.718501E1
3.565000E3,-7.412876E0,1.579074E1
3.566000E3,-7.418137E0,1.511533E1
3.567000E3,-7.423399E0,1.681819E1
3.568000E3,-7.428661E0,1.764191E1
3.569000E3,-7.433922E0,1.702450E1
3.570000E3,-7.439184E0,1.581495E1
3.571000E3,-7.444446E0,1.545219E1
3.572000E3,-7.449707E0,1.529181E1
3.573000E3,-7.454969E0,1.672481E1
3.574000E3,-7.460230E0,1.602070E1
3.575000E3,-7.465492E0,1.679606E1
3.576000E3,-7.470754E0,1.732986E1
3.577000E3,-7.476015E0,1.441958E1
3.578000E3,-7.481277E0,1.593948E1
3.579000E3,-7.486539E0,1.714071E1
3.580000E3,-7.491800E0,1.452343E1
3.581000E3,-7.497062E0,1.407786E1
3.582000E3,-7.502323E0,1.779377E1
3.583000E3,-7.507585E0,1.687717E1
3.584000E3,-7.512847E0,1.770720E1
3.585000E3,-7.518108E0,1.878587E1
3.586000E3,-7.523370E0,1.888405E1
3.587000E3,-7.528632E0,1.604540E1
3.588000E3,-7.533893E0,1.473964E1
3.589000E3,-7.539155E0,1.562592E1
3.590000E3,-7.544416E0,1.511722E1
3.591000E3,-7.549678E0,1.624496E1
3.592000E3,-7.554940E0,1.694553E1
3.593000E3,-7.560201E0,1.643959E1
3.594000E3,-7.565463E0,1.795585E1
3.595000E3,-7.570725E0,1.590860E1
3.596000E3,-7.575986E0,1.509794E1
3.597000E3,-7.581248E0,1.779209E1
3.598000E3,-7.586509E0,1.854643E1
3.599000E3,-7.591771E0,1.677532E1
3.600000E3,-7.597033E0,1.685282E1
3.601000E3,-7.602294E0,1.712893E1
3.602000E3,-7.607556E0,1.785785E1
3.603000E3,-7.612818E0,1.823708E1
3.604000E3,-7.618079E0,1.596679E1
3.605000E3,-7.623341E0,1.666371E1
3.606000E3,-7.628603E0,1.777238E1
3.607000E3,-7.633864E0,1.620179E1
3.608000E3,-7.639126E0,1.447537E1
3.609000E3,-7.644387E0,1.537081E1
3.610000E3,-7.649649E0,1.377848E1
3.611000E3,-7.654911E0,1.204868E1
3.612000E3,-7.660172E0,1.264200E1
3.613000E3,-7.665434E0,1.526981E1
3.614000E3,-7.670696E0,1.399163E1
3.615000E3,-7.675957E0,1.439433E1
3.616000E3,-7.681219E0,1.593418E1
3.617000E3,-7.686480E0,1.538969E1
3.618000E3,-7.691742E0,1.388106E1
3.619000E3,-7.697004E0,1.517859E1
3.620000E3,-7.702265E0,1.382035E1
3.621000E3,-7.707527E0,1.339453E1
3.622000E3,-7.712789E0,1.587902E1
3.623000E3,-7.718050E0,1.516054E1
3.624000E3,-7.723312E0,1.501104E1
3.625000E3,-7.728573E0,1.628452E1
3.626000E3,-7.733835E0,1.374143E1
3.627000E3,-7.739097E0,1.194083E1
3.628000E3,-7.744358E0,1.208886E1
3.629000E3,-7.749620E0,1.239481E1
3.630000E3,-7.754882E0,1.200773E1
3.631000E3,-7.760143E0,1.275436E1
3.632000E3,-7.765405E0,1.595084E1
3.633000E3,-7.770666E0,1.504410E1
3.634000E3,-7.775928E0,1.301281E1
3.635000E3,-7.781190E0,1.200414E1
3.636000E3,-7.786451E0,1.401662E1
3.637000E3,-7.791713E0,1.392914E1
3.638000E3,-7.796975E0,1.171278E1
3.639000E3,-7.802236E0,1.127384E1
3.640000E3,-7.807498E0,1.289781E1
3.641000E3,-7.812759E0,1.385249E1
3.642000E3,-7.818021E0,1.304465E1
3.643000E3,-7.823283E0,1.185221E1
3.644000E3,-7.828544E0,1.473216E1
3.645000E3,-7.833806E0,1.402927E1
3.646000E3,-7.839068E0,1.408231E1
3.647000E3,-7.844329E0,1.146346E1
3.648000E3,-7.849591E0,1.095350E1
3.649000E3,-7.854853E0,1.004023E1
3.650000E3,-7.860114E0,9.924163E0
3.651000E3,-7.865376E0,8.684099E0
3.652000E3,-7.870637E0,8.804043E0
3.653000E3,-7.875899E0,9.644531E0
3.654000E3,-7.881161E0,9.525791E0
3.655000E3,-7.886422E0,8.926763E0
3.656000E3,-7.891684E0,9.863224E0
3.657000E3,-7.896946E0,9.331923E0
3.658000E3,-7.902207E0,1.090412E1
3.659000E3,-7.907469E0,9.136594E0
3.660000E3,-7.912730E0,1.161581E1
3.661000E3,-7.917992E0,8.998432E0
3.662000E3,-7.923254E0,8.909200E0
3.663000E3,-7.928515E0,1.247577E1
3.664000E3,-7.933777E0,1.179307E1
3.665000E3,-7.939039E0,1.185860E1
3.666000E3,-7.944300E0,1.008759E1
3.667000E3,-7.949562E0,9.008618E0
3.668000E3,-7.954823E0,9.826595E0
3.669000E3,-7.960085E0,9.672313E0
3.670000E3,-7.965347E0,8.850389E0
3.671000E3,-7.970608E0,7.811879E0
3.672000E3,-7.975870E0,7.138688E0
3.673000E3,-7.981132E0,8.416385E0
3.674000E3,-7.986393E0,9.655159E0
3.675000E3,-7.991655E0,1.017673E1
3.676000E3,-7.996916E0,9.378166E0
3.677000E3,-8.002178E0,8.978656E0
3.678000E3,-8.007440E0,9.141758E0
3.679000E3,-8.012701E0,8.672270E0
3.680000E3,-8.017963E0,6.719317E0
3.681000E3,-8.023225E0,1.019600E1
3.682000E3,-8.028486E0,1.002033E1
3.683000E3,-8.033748E0,9.423289E0
3.684000E3,-8.039009E0,9.880052E0
3.685000E3,-8.044271E0,1.060935E1
3.686000E3,-8.049533E0,1.066626E1
3.687000E3,-8.054794E0,9.326824E0
3.688000E3,-8.060056E0,1.043748E1
3.689000E3,-8.065318E0,9.564637E0
3.690000E3,-8.070579E0,8.168148E0
3.691000E3,-8.075841E0,9.143034E0
3.692000E3,-8.081102E0,1.041664E1
3.693000E3,-8.086364E0,1.025080E1
3.694000E3,-8.091626E0,1.186486E1
3.695000E3,-8.096887E0,1.204423E1
3.696000E3,-8.102149E0,1.112224E1
3.697000E3,-8.107411E0,1.211074E1
3.698000E3,-8.112672E0,1.080237E1
3.699000E3,-8.117934E0,1.199712E1
3.700000E3,-8.123196E0,8.881089E0
3.701000E3,-8.128457E0,1.054993E1
3.702000E3,-8.133719E0,9.202786E0
3.703000E3,-8.138980E0,1.025687E1
3.704000E3,-8.144242E0,1.025121E1
3.705000E3,-8.149504E0,8.785999E0
3.706000E3,-8.154765E0,9.964639E0
3.707000E3,-8.160027E0,9.655086E0
3.708000E3,-8.165289E0,1.032596E1
3.709000E3,-8.170550E0,8.992989E0
3.710000E3,-8.175812E0,9.770663E0
3.711000E3,-8.181073E0,9.052923E0
3.712000E3,-8.186335E0,1.313341E1
3.713000E3,-8.191597E0,9.137627E0
3.714000E3,-8.196858E0,7.942025E0
3.715000E3,-8.202120E0,1.075380E1
3.716000E3,-8.207382E0,9.923299E0
3.717000E3,-8.212643E0,9.816238E0
3.718000E3,-8.217905E0,8.618433E0
3.719000E3,-8.223166E0,1.012397E1
3.720000E3,-8.228428E0,1.060557E1
3.721000E3,-8.233690E0,9.579215E0
3.722000E3,-8.238951E0,9.950917E0
3.723000E3,-8.244213E0,1.135460E1
3.724000E3,-8.249475E0,1.174956E1
3.725000E3,-8.254736E0,1.296084E1
3.726000E3,-8.259998E0,1.109690E1
3.727000E3,-8.265259E0,9.984087E0
3.728000E3,-8.270521E0,1.108816E1
3.729000E3,-8.275783E0,1.196050E1
3.730000E3,-8.281044E0,1.280140E1
3.731000E3,-8.286306E0,1.095673E1
3.732000E3,-8.291568E0,1.172489E1
3.733000E3,-8.296829E0,1.023593E1
3.734000E3,-8.302091E0,9.514564E0
3.735000E3,-8.307352E0,1.027498E1
3.736000E3,-8.312614E0,9.777189E0
3.737000E3,-8.317876E0,1.018037E1
3.738000E3,-8.323137E0,8.786694E0
3.739000E3,-8.328399E0,1.100492E1
3.740000E3,-8.333661E0,1.136617E1
3.741000E3,-8.338922E0,1.027358E1
3.742000E3,-8.344184E0,9.229183E0
3.743000E3,-8.349446E0,9.345549E0
3.744000E3,-8.354707E0,1.201923E1
3.745000E3,-8.359969E0,1.056795E1
3.746000E3,-8.365230E0,1.040218E1
3.747000E3,-8.370492E0,1.180028E1
3.748000E3,-8.375754E0,1.041696E1
3.749000E3,-8.381015E0,1.099462E1
3.750000E3,-8.386277E0,9.457435E0
3.751000E3,-8.391539E0,9.731227E0
3.752000E3,-8.396800E0,1.057342E1
3.753000E3,-8.402062E0,1.124434E1
3.754000E3,-8.407323E0,1.070657E1
3.755000E3,-8.412585E0,1.215744E1
3.756000E3,-8.417847E0,1.286691E1
3.757000E3,-8.423108E0,1.307427E1
3.758000E3,-8.428370E0,1.330099E1
3.759000E3,-8.433632E0,1.250086E1
3.760000E3,-8.438893E0,1.255675E1
3.761000E3,-8.444155E0,1.247464E1
3.762000E3,-8.449416E0,1.376980E1
3.763000E3,-8.454678E0,1.206900E1
3.764000E3,-8.459940E0,8.991478E0
3.765000E3,-8.465201E0,1.091704E1
3.766000E3,-8.470463E0,1.237680E1
3.767000E3,-8.475725E0,1.172777E1
3.768000E3,-8.480986E0,1.173243E1
3.769000E3,-8.486248E0,1.391465E1
3.770000E3,-8.491509E0,1.274608E1
3.771000E3,-8.496771E0,9.863480E0
3.772000E3,-8.502033E0,1.138312E1
3.773000E3,-8.507294E0,1.291442E1
3.774000E3,-8.512556E0,1.074778E1
3.775000E3,-8.517818E0,1.298715E1
3.776000E3,-8.523079E0,1.410004E1
3.777000E3,-8.528341E0,1.106902E1
3.778000E3,-8.533602E0,1.203304E1
3.779000E3,-8.538864E0,1.251698E1
3.780000E3,-8.544126E0,1.306704E1
3.781000E3,-8.549387E0,1.373180E1
3.782000E3,-8.554649E0,1.277483E1
3.783000E3,-8.559911E0,1.131352E1
3.784000E3,-8.565172E0,1.199151E1
3.785000E3,-8.570434E0,1.200240E1
3.786000E3,-8.575696E0,1.021829E1
3.787000E3,-8.580957E0,1.166461E1
3.788000E3,-8.586219E0,1.192281E1
3.789000E3,-8.591480E0,1.296575E1
3.790000E3,-8.596742E0,1.249701E1
3.791000E3,-8.602004E0,1.170345E1
3.792000E3,-8.607265E0,1.291192E1
3.793000E3,-8.612527E0,1.226195E1
3.794000E3,-8.617789E0,1.068404E1
3.795000E3,-8.623050E0,1.244160E1
3.796000E3,-8.628312E0,1.389368E1
3.797000E3,-8.633573E0,1.199762E1
3.798000E3,-8.638835E0,1.018233E1
3.799000E3,-8.644097E0,1.118967E1
3.800000E3,-8.649358E0,1.201078E1
3.801000E3,-8.654620E0,1.212931E1
3.802000E3,-8.659882E0,1.091112E1
3.803000E3,-8.665143E0,1.130235E1
3.804000E3,-8.670405E0,1.068415E1
3.805000E3,-8.675666E0,1.244275E1
3.806000E3,-8.680928E0,1.297556E1
3.807000E3,-8.686190E0,1.281271E1
3.808000E3,-8.691451E0,1.204830E1
3.809000E3,-8.696713E0,1.333146E1
3.810000E3,-8.701975E0,1.493716E1
3.811000E3,-8.707236E0,1.313727E1
3.812000E3,-8.712498E0,1.379777E1
3.813000E3,-8.717759E0,1.287264E1
3.814000E3,-8.723021E0,1.304137E1
3.815000E3,-8.728283E0,1.402020E1
3.816000E3,-8.733544E0,1.133511E1
3.817000E3,-8.738806E0,1.226946E1
3.818000E3,-8.744068E0,1.232049E1
3.819000E3,-8.749329E0,1.100703E1
3.820000E3,-8.754591E0,9.765314E0
3.821000E3,-8.759852E0,1.232552E1
3.822000E3,-8.765114E0,8.086986E0
3.823000E3,-8.770376E0,1.025921E1
3.824000E3,-8.775637E0,1.128732E1
3.825000E3,-8.780899E0,9.427988E0
3.826000E3,-8.786161E0,8.845639E0
3.827000E3,-8.791422E0,9.451292E0
3.828000E3,-8.796684E0,1.057778E1
3.829000E3,-8.801945E0,1.068505E1
3.830000E3,-8.807207E0,1.219925E1
3.831000E3,-8.812469E0,1.176919E1
3.832000E3,-8.817730E0,1.132995E1
3.833000E3,-8.822992E0,1.155304E1
3.834000E3,-8.828254E0,1.152223E1
3.835000E3,-8.833515E0,1.207138E1
3.836000E3,-8.838777E0,1.233784E1
3.837000E3,-8.844039E0,1.047956E1
3.838000E3,-8.849300E0,1.063088E1
3.839000E3,-8.854562E0,1.007275E1
3.840000E3,-8.859823E0,8.236835E0
3.841000E3,-8.865085E0,7.927968E0
3.842000E3,-8.870347E0,6.887620E0
3.843000E3,-8.875608E0,5.904783E0
3.844000E3,-8.880870E0,7.546558E0
3.845000E3,-8.886132E0,9.516001E0
3.846000E3,-8.891393E0,8.248070E0
3.847000E3,-8.896655E0,6.823294E0
3.848000E3,-8.901916E0,7.668648E0
3.849000E3,-8.907178E0,9.277975E0
3.850000E3,-8.912440E0,7.808698E0
3.851000E3,-8.917701E0,6.733141E0
3.852000E3,-8.922963E0,9.524204E0
3.853000E3,-8.928225E0,7.721949E0
3.854000E3,-8.933486E0,8.158613E0
3.855000E3,-8.938748E0,6.966282E0
3.856000E3,-8.944009E0,7.879287E0
3.857000E3,-8.949271E0,9.992287E0
3.858000E3,-8.954533E0,1.000882E1
3.859000E3,-8.959794E0,9.369686E0
3.860000E3,-8.965056E0,1.049073E1
3.861000E3,-8.970318E0,1.020868E1
3.862000E3,-8.975579E0,1.066131E1
3.863000E3,-8.980841E0,9.543941E0
3.864000E3,-8.986102E0,7.461802E0
3.865000E3,-8.991364E0,7.681609E0
3.866000E3,-8.996626E0,8.538453E0
3.867000E3,-9.001887E0,7.720155E0
3.868000E3,-9.007149E0,6.323194E0
3.869000E3,-9.012411E0,7.453601E0
3.870000E3,-9.017672E0,8.659961E0
3.871000E3,-9.022934E0,9.014296E0
3.872000E3,-9.028195E0,9.142838E0
3.873000E3,-9.033457E0,9.361568E0
3.874000E3,-9.038719E0,8.047095E0
3.875000E3,-9.043980E0,8.243395E0
3.876000E3,-9.049242E0,8.033857E0
3.877000E3,-9.054504E0,7.849849E0
3.878000E3,-9.059765E0,8.420227E0
3.879000E3,-9.065027E0,8.899402E0
3.880000E3,-9.070289E0,9.908486E0
3.881000E3,-9.075550E0,7.791186E0
3.882000E3,-9.080812E0,9.189677E0
3.883000E3,-9.086073E0,9.455524E0
3.884000E3,-9.091335E0,8.964535E0
3.885000E3,-9.096597E0,1.001328E1
3.886000E3,-9.101858E0,1.037005E1
3.887000E3,-9.107120E0,8.578697E0
3.888000E3,-9.112382E0,1.055296E1
3.889000E3,-9.117643E0,7.487167E0
3.890000E3,-9.122905E0,8.698608E0
3.891000E3,-9.128166E0,9.573701E0
3.892000E3,-9.133428E0,6.731410E0
3.893000E3,-9.138690E0,6.668045E0
3.894000E3,-9.143951E0,6.730722E0
3.895000E3,-9.149213E0,7.648194E0
3.896000E3,-9.154475E0,9.573504E0
3.897000E3,-9.159736E0,9.126335E0
3.898000E3,-9.164998E0,8.538136E0
3.899000E3,-9.170259E0,9.741151E0
3.900000E3,-9.175521E0,9.704857E0
3.901000E3,-9.180783E0,8.183010E0
3.902000E3,-9.186044E0,8.101039E0
3.903000E3,-9.191306E0,7.482297E0
3.904000E3,-9.196568E0,7.296385E0
3.905000E3,-9.201829E0,1.003035E1
3.906000E3,-9.207091E0,8.968960E0
3.907000E3,-9.212352E0,8.038958E0
3.908000E3,-9.217614E0,6.783404E0
3.909000E3,-9.222876E0,7.768830E0
3.910000E3,-9.228137E0,9.116267E0
3.911000E3,-9.233399E0,8.487143E0
3.912000E3,-9.238661E0,6.140055E0
3.913000E3,-9.243922E0,6.098108E0
3.914000E3,-9.249184E0,8.015542E0
3.915000E3,-9.254445E0,8.914924E0
3.916000E3,-9.259707E0,7.408948E0
3.917000E3,-9.264969E0,7.352598E0
3.918000E3,-9.270230E0,7.776371E0
3.919000E3,-9.275492E0,6.375738E0
3.920000E3,-9.280754E0,6.978806E0
3.921000E3,-9.286015E0,7.246488E0
3.922000E3,-9.291277E0,8.102147E0
3.923000E3,-9.296538E0,8.164181E0
3.924000E3,-9.301800E0,8.182889E0
3.925000E3,-9.307062E0,7.862300E0
3.926000E3,-9.312323E0,8.269631E0
3.927000E3,-9.317585E0,8.563713E0
3.928000E3,-9.322847E0,7.398036E0
3.929000E3,-9.328108E0,6.038288E0
3.930000E3,-9.333370E0,6.986093E0
3.931000E3,-9.338632E0,8.257250E0
3.932000E3,-9.343893E0,7.489531E0
3.933000E3,-9.349155E0,6.576471E0
3.934000E3,-9.354416E0,6.863458E0
3.935000E3,-9.359678E0,7.345609E0
3.936000E3,-9.364940E0,6.188397E0
3.937000E3,-9.370201E0,8.457001E0
3.938000E3,-9.375463E0,7.324051E0
3.939000E3,-9.380725E0,1.029602E1
3.940000E3,-9.385986E0,8.376851E0
3.941000E3,-9.391248E0,8.310647E0
3.942000E3,-9.396509E0,9.327467E0
3.943000E3,-9.401771E0,7.500093E0
3.944000E3,-9.407033E0,7.735306E0
3.945000E3,-9.412294E0,9.016599E0
3.946000E3,-9.417556E0,8.821863E0
3.947000E3,-9.422818E0,7.299125E0
3.948000E3,-9.428079E0,6.924069E0
3.949000E3,-9.433341E0,7.888550E0
3.950000E3,-9.438602E0,7.835769E0
3.951000E3,-9.443864E0,7.787034E0
3.952000E3,-9.449126E0,6.514731E0
3.953000E3,-9.454387E0,6.408512E0
3.954000E3,-9.459649E0,6.898863E0
3.955000E3,-9.464911E0,7.540080E0
3.956000E3,-9.470172E0,7.630232E0
3.957000E3,-9.475434E0,7.982734E0
3.958000E3,-9.480695E0,8.291852E0
3.959000E3,-9.485957E0,8.343385E0
3.960000E3,-9.491219E0,8.866483E0
3.961000E3,-9.496480E0,8.402506E0
3.962000E3,-9.501742E0,9.468426E0
3.963000E3,-9.507004E0,1.011876E1
3.964000E3,-9.512265E0,9.972010E0
3.965000E3,-9.517527E0,7.173850E0
3.966000E3,-9.522788E0,8.076819E0
3.967000E3,-9.528050E0,8.399520E0
3.968000E3,-9.533312E0,9.281765E0
3.969000E3,-9.538573E0,9.982802E0
3.970000E3,-9.543835E0,9.767521E0
3.971000E3,-9.549097E0,7.986564E0
3.972000E3,-9.554358E0,7.441847E0
3.973000E3,-9.559620E0,7.891093E0
3.974000E3,-9.564882E0,6.742813E0
3.975000E3,-9.570143E0,6.926564E0
3.976000E3,-9.575405E0,7.423309E0
3.977000E3,-9.580666E0,6.369400E0
3.978000E3,-9.585928E0,7.312311E0
3.979000E3,-9.591190E0,8.388352E0
3.980000E3,-9.596451E0,7.954556E0
3.981000E3,-9.601713E0,6.813326E0
3.982000E3,-9.606975E0,7.972713E0
3.983000E3,-9.612236E0,8.464013E0
3.984000E3,-9.617498E0,7.484292E0
3.985000E3,-9.622759E0,7.372679E0
3.986000E3,-9.628021E0,5.994829E0
3.987000E3,-9.633283E0,7.041822E0
3.988000E3,-9.638544E0,9.151929E0
3.989000E3,-9.643806E0,1.062522E1
3.990000E3,-9.649068E0,7.604483E0
3.991000E3,-9.654329E0,1.020685E1
3.992000E3,-9.659591E0,1.035789E1
3.993000E3,-9.664852E0,7.027470E0
3.994000E3,-9.670114E0,9.664706E0
3.995000E3,-9.675376E0,9.404262E0
3.996000E3,-9.680637E0,7.473734E0
3.997000E3,-9.685899E0,7.579445E0
3.998000E3,-9.691161E0,8.814306E0
3.999000E3,-9.696422E0,7.650423E0
4.000000E3,-9.701684E0,5.150138E0
4.001000E3,-9.706945E0,7.606684E0
4.002000E3,-9.712207E0,7.968328E0
4.003000E3,-9.717469E0,7.918886E0
4.004000E3,-9.722730E0,8.896579E0
4.005000E3,-9.727992E0,7.191220E0
4.006000E3,-9.733254E0,8.427847E0
4.007000E3,-9.738515E0,8.708615E0
4.008000E3,-9.743777E0,7.004999E0
4.009000E3,-9.749038E0,6.763671E0
4.010000E3,-9.754300E0,7.356475E0
4.011000E3,-9.759562E0,6.770314E0
4.012000E3,-9.764823E0,6.701390E0
4.013000E3,-9.770085E0,7.031223E0
4.014000E3,-9.775347E0,8.437940E0
4.015000E3,-9.780608E0,7.175400E0
4.016000E3,-9.785870E0,8.294900E0
4.017000E3,-9.791132E0,8.257967E0
4.018000E3,-9.796393E0,8.133685E0
4.019000E3,-9.801655E0,9.170293E0
4.020000E3,-9.806916E0,9.054440E0
4.021000E3,-9.812178E0,9.929175E0
4.022000E3,-9.817440E0,1.048576E1
4.023000E3,-9.822701E0,9.084181E0
4.024000E3,-9.827963E0,9.830846E0
4.025000E3,-9.833225E0,7.408699E0
4.026000E3,-9.838486E0,5.814001E0
4.027000E3,-9.843748E0,8.002816E0
4.028000E3,-9.849009E0,8.345932E0
4.029000E3,-9.854271E0,7.782125E0
4.030000E3,-9.859533E0,6.828906E0
4.031000E3,-9.864794E0,6.400060E0
4.032000E3,-9.870056E0,6.240499E0
4.033000E3,-9.875318E0,6.156675E0
4.034000E3,-9.880579E0,6.339104E0
4.035000E3,-9.885841E0,7.913728E0
4.036000E3,-9.891102E0,4.945962E0
4.037000E3,-9.896364E0,6.035274E0
4.038000E3,-9.901626E0,6.592332E0
4.039000E3,-9.906887E0,7.105718E0
4.040000E3,-9.912149E0,7.673866E0
4.041000E3,-9.917411E0,8.369065E0
4.042000E3,-9.922672E0,6.466322E0
4.043000E3,-9.927934E0,6.192737E0
4.044000E3,-9.933195E0,6.387874E0
4.045000E3,-9.938457E0,7.247075E0
4.046000E3,-9.943719E0,6.059642E0
4.047000E3,-9.948980E0,7.610010E0
4.048000E3,-9.954242E0,7.924495E0
4.049000E3,-9.959504E0,6.801976E0
4.050000E3,-9.964765E0,7.307942E0
4.051000E3,-9.970027E0,6.687407E0
4.052000E3,-9.975288E0,6.968373E0
4.053000E3,-9.980550E0,7.135964E0
4.054000E3,-9.985812E0,7.610402E0
4.055000E3,-9.991073E0,6.721216E0
4.056000E3,-9.996335E0,7.433490E0
4.057000E3,-1.000160E1,6.268416E0
4.058000E3,-1.000686E1,9.288645E0
4.059000E3,-1.001212E1,8.446450E0
4.060000E3,-1.001738E1,8.418376E0
4.061000E3,-1.002264E1,9.394089E0
4.062000E3,-1.002790E1,7.790512E0
4.063000E3,-1.003317E1,7.976531E0
4.064000E3,-1.003843E1,8.008518E0
4.065000E3,-1.004369E1,6.836055E0
4.066000E3,-1.004895E1,6.819835E0
4.067000E3,-1.005421E1,6.840231E0
4.068000E3,-1.005947E1,6.909057E0
4.069000E3,-1.006474E1,7.515337E0
4.070000E3,-1.007000E1,6.537582E0
4.071000E3,-1.007526E1,7.303234E0
4.072000E3,-1.008052E1,8.727961E0
4.073000E3,-1.008578E1,8.203325E0
4.074000E3,-1.009104E1,8.209697E0
4.075000E3,-1.009631E1,8.037254E0
4.076000E3,-1.010157E1,6.385348E0
4.077000E3,-1.010683E1,5.506259E0
4.078000E3,-1.011209E1,8.262632E0
4.079000E3,-1.011735E1,7.517460E0
4.080000E3,-1.012261E1,6.406525E0
4.081000E3,-1.012788E1,5.643782E0
4.082000E3,-1.013314E1,6.525262E0
4.083000E3,-1.013840E1,6.960386E0
4.084000E3,-1.014366E1,5.683947E0
4.085000E3,-1.014892E1,4.591532E0
4.086000E3,-1.015418E1,6.333500E0
4.087000E3,-1.015945E1,7.038495E0
4.088000E3,-1.016471E1,6.747597E0
4.089000E3,-1.016997E1,7.431897E0
4.090000E3,-1.017523E1,7.102202E0
4.091000E3,-1.018049E1,6.550400E0
4.092000E3,-1.018575E1,5.947195E0
4.093000E3,-1.019102E1,6.299572E0