	profile_A
n,x,luma
0.000000E0,1.142510E1,4.736785E0
1.000000E0,1.141965E1,4.711418E0
2.000000E0,1.141420E1,5.704660E0
3.000000E0,1.140875E1,5.833164E0
4.000000E0,1.140330E1,6.437495E0
5.000000E0,1.139785E1,5.737651E0
6.000000E0,1.139240E1,5.732756E0
7.000000E0,1.138695E1,6.271510E0
8.000000E0,1.138150E1,5.693574E0
9.000000E0,1.137606E1,6.688245E0
1.000000E1,1.137061E1,5.582431E0
1.100000E1,1.136516E1,5.253774E0
1.200000E1,1.135971E1,5.495462E0
1.300000E1,1.135426E1,6.146181E0
1.400000E1,1.134881E1,5.094227E0
1.500000E1,1.134336E1,4.747814E0
1.600000E1,1.133791E1,5.056837E0
1.700000E1,1.133246E1,6.589292E0
1.800000E1,1.132701E1,6.311889E0
1.900000E1,1.132156E1,4.790937E0
2.000000E1,1.131611E1,5.756325E0
2.100000E1,1.131066E1,6.402949E0
2.200000E1,1.130521E1,6.192808E0
2.300000E1,1.129976E1,4.939614E0
2.400000E1,1.129431E1,4.836330E0
2.500000E1,1.128886E1,5.496580E0
2.600000E1,1.128341E1,4.178930E0
2.700000E1,1.127796E1,4.588549E0
2.800000E1,1.127251E1,5.837645E0
2.900000E1,1.126707E1,6.329338E0
3.000000E1,1.126162E1,6.743087E0
3.100000E1,1.125617E1,6.687815E0
3.200000E1,1.125072E1,6.062506E0
3.300000E1,1.124527E1,5.892986E0
3.400000E1,1.123982E1,5.366573E0
3.500000E1,1.123437E1,4.294155E0
3.600000E1,1.122892E1,3.249941E0
3.700000E1,1.122347E1,5.503586E0
3.800000E1,1.121802E1,5.863535E0
3.900000E1,1.121257E1,5.819507E0
4.000000E1,1.120712E1,4.852148E0
4.100000E1,1.120167E1,4.137212E0
4.200000E1,1.119622E1,5.258897E0
4.300000E1,1.119077E1,5.415737E0
4.400000E1,1.118532E1,6.204007E0
4.500000E1,1.117987E1,5.179329E0
4.600000E1,1.117442E1,5.328447E0
4.700000E1,1.116897E1,5.849152E0
4.800000E1,1.116353E1,6.141999E0
4.900000E1,1.115808E1,6.248139E0
5.000000E1,1.115263E1,7.203834E0
5.100000E1,1.114718E1,5.840926E0
5.200000E1,1.114173E1,4.827570E0
5.300000E1,1.113628E1,5.793275E0
5.400000E1,1.113083E1,5.942165E0
5.500000E1,1.112538E1,6.292163E0
5.600000E1,1.111993E1,7.059272E0
5.700000E1,1.111448E1,5.957299E0
5.800000E1,1.110903E1,5.899051E0
5.900000E1,1.110358E1,5.780405E0
6.000000E1,1.109813E1,5.042836E0
6.100000E1,1.109268E1,5.591157E0
6.200000E1,1.108723E1,5.367464E0
6.300000E1,1.108178E1,5.483616E0
6.400000E1,1.107633E1,7.145643E0
6.500000E1,1.107088E1,8.070391E0
6.600000E1,1.106543E1,6.361072E0
6.700000E1,1.105999E1,5.286922E0
6.800000E1,1.105454E1,5.064040E0
6.900000E1,1.104909E1,5.496722E0
7.000000E1,1.104364E1,6.030621E0
7.100000E1,1.103819E1,5.361850E0
7.200000E1,1.103274E1,5.263399E0
7.300000E1,1.102729E1,6.335823E0
7.400000E1,1.102184E1,5.130894E0
7.500000E1,1.101639E1,6.561210E0
7.600000E1,1.101094E1,6.366441E0
7.700000E1,1.100549E1,5.036966E0
7.800000E1,1.100004E1,6.639694E0
7.900000E1,1.099459E1,6.845556E0
8.000000E1,1.098914E1,5.684763E0
8.100000E1,1.098369E1,5.320115E0
8.200000E1,1.097824E1,5.192789E0
8.300000E1,1.097279E1,5.732540E0
8.400000E1,1.096734E1,5.957536E0
8.500000E1,1.096189E1,5.359920E0
8.600000E1,1.095644E1,5.653898E0
8.700000E1,1.095100E1,6.120934E0
8.800000E1,1.094555E1,5.452467E0
8.900000E1,1.094010E1,5.570061E0
9.000000E1,1.093465E1,4.445221E0
9.100000E1,1.092920E1,6.049371E0
9.200000E1,1.092375E1,6.290648E0
9.300000E1,1.091830E1,6.046787E0
9.400000E1,1.091285E1,6.859007E0
9.500000E1,1.090740E1,6.836548E0
9.600000E1,1.090195E1,5.433473E0
9.700000E1,1.089650E1,4.638939E0
9.800000E1,1.089105E1,6.161273E0
9.900000E1,1.088560E1,7.550497E0
1.000000E2,1.088015E1,7.254031E0
1.010000E2,1.087470E1,6.342919E0
1.020000E2,1.086925E1,5.822541E0
1.030000E2,1.086380E1,5.236674E0
1.040000E2,1.085835E1,5.153049E0
1.050000E2,1.085290E1,6.822100E0
1.060000E2,1.084746E1,7.535012E0
1.070000E2,1.084201E1,6.244892E0
1.080000E2,1.083656E1,5.433139E0
1.090000E2,1.083111E1,5.748676E0
1.100000E2,1.082566E1,5.239701E0
1.110000E2,1.082021E1,5.837600E0
1.120000E2,1.081476E1,6.667937E0
1.130000E2,1.080931E1,6.709924E0
1.140000E2,1.080386E1,6.731632E0
1.150000E2,1.079841E1,6.962247E0
1.160000E2,1.079296E1,6.446105E0
1.170000E2,1.078751E1,5.341338E0
1.180000E2,1.078206E1,4.511965E0
1.190000E2,1.077661E1,4.719407E0
1.200000E2,1.077116E1,5.037774E0
1.210000E2,1.076571E1,5.315102E0
1.220000E2,1.076026E1,6.393848E0
1.230000E2,1.075481E1,6.188791E0
1.240000E2,1.074936E1,4.884300E0
1.250000E2,1.074391E1,5.071573E0
1.260000E2,1.073847E1,6.297181E0
1.270000E2,1.073302E1,6.482183E0
1.280000E2,1.072757E1,6.068931E0
1.290000E2,1.072212E1,4.822700E0
1.300000E2,1.071667E1,4.201376E0
1.310000E2,1.071122E1,5.056476E0
1.320000E2,1.070577E1,5.250631E0
1.330000E2,1.070032E1,5.492879E0
1.340000E2,1.069487E1,5.370419E0
1.350000E2,1.068942E1,5.360152E0
1.360000E2,1.068397E1,3.900121E0
1.370000E2,1.067852E1,4.281717E0
1.380000E2,1.067307E1,4.693249E0
1.390000E2,1.066762E1,4.344192E0
1.400000E2,1.066217E1,4.098138E0
1.410000E2,1.065672E1,4.107478E0
1.420000E2,1.065127E1,4.160186E0
1.430000E2,1.064582E1,4.496907E0
1.440000E2,1.064037E1,5.356826E0
1.450000E2,1.063493E1,5.727282E0
1.460000E2,1.062948E1,6.307689E0
1.470000E2,1.062403E1,6.031836E0
1.480000E2,1.061858E1,4.255780E0
1.490000E2,1.061313E1,5.556697E0
1.500000E2,1.060768E1,5.456369E0
1.510000E2,1.060223E1,5.048181E0
1.520000E2,1.059678E1,5.439878E0
1.530000E2,1.059133E1,5.634323E0
1.540000E2,1.058588E1,6.552389E0
1.550000E2,1.058043E1,6.098865E0
1.560000E2,1.057498E1,6.510155E0
1.570000E2,1.056953E1,6.466999E0
1.580000E2,1.056408E1,6.809244E0
1.590000E2,1.055863E1,6.168226E0
1.600000E2,1.055318E1,5.478899E0
1.610000E2,1.054773E1,5.986147E0
1.620000E2,1.054228E1,5.400458E0
1.630000E2,1.053683E1,4.910947E0
1.640000E2,1.053138E1,5.317785E0
1.650000E2,1.052594E1,5.580309E0
1.660000E2,1.052049E1,6.901688E0
1.670000E2,1.051504E1,7.785784E0
1.680000E2,1.050959E1,6.666698E0
1.690000E2,1.050414E1,7.374282E0
1.700000E2,1.049869E1,7.637630E0
1.710000E2,1.049324E1,5.145873E0
1.720000E2,1.048779E1,4.298141E0
1.730000E2,1.048234E1,5.742892E0
1.740000E2,1.047689E1,6.730204E0
1.750000E2,1.047144E1,7.327740E0
1.760000E2,1.046599E1,6.415158E0
1.770000E2,1.046054E1,4.372807E0
1.780000E2,1.045509E1,5.740878E0
1.790000E2,1.044964E1,6.789881E0
1.800000E2,1.044419E1,5.349843E0
1.810000E2,1.043874E1,5.252835E0
1.820000E2,1.043329E1,6.918441E0
1.830000E2,1.042784E1,7.443040E0
1.840000E2,1.042240E1,8.049726E0
1.850000E2,1.041695E1,8.747442E0
1.860000E2,1.041150E1,8.084810E0
1.870000E2,1.040605E1,7.489823E0
1.880000E2,1.040060E1,5.747339E0
1.890000E2,1.039515E1,6.396809E0
1.900000E2,1.038970E1,7.671514E0
1.910000E2,1.038425E1,7.170600E0
1.920000E2,1.037880E1,6.732608E0
1.930000E2,1.037335E1,6.947500E0
1.940000E2,1.036790E1,7.664356E0
1.950000E2,1.036245E1,7.852705E0
1.960000E2,1.035700E1,6.806740E0
1.970000E2,1.035155E1,7.625927E0
1.980000E2,1.034610E1,7.418546E0
1.990000E2,1.034065E1,8.984998E0
2.000000E2,1.033520E1,8.168150E0
2.010000E2,1.032975E1,7.495807E0
2.020000E2,1.032430E1,8.531729E0
2.030000E2,1.031886E1,8.035542E0
2.040000E2,1.031341E1,7.125558E0
2.050000E2,1.030796E1,7.440943E0
2.060000E2,1.030251E1,9.637471E0
2.070000E2,1.029706E1,8.202451E0
2.080000E2,1.029161E1,8.894676E0
2.090000E2,1.028616E1,8.633088E0
2.100000E2,1.028071E1,8.929304E0
2.110000E2,1.027526E1,8.070968E0
2.120000E2,1.026981E1,7.916628E0
2.130000E2,1.026436E1,8.995277E0
2.140000E2,1.025891E1,8.144646E0
2.150000E2,1.025346E1,7.781251E0
2.160000E2,1.024801E1,8.960350E0
2.170000E2,1.024256E1,7.511283E0
2.180000E2,1.023711E1,7.051246E0
2.190000E2,1.023166E1,8.065847E0
2.200000E2,1.022621E1,7.794507E0
2.210000E2,1.022076E1,7.935635E0
2.220000E2,1.021531E1,8.517903E0
2.230000E2,1.020987E1,9.213698E0
2.240000E2,1.020442E1,9.402597E0
2.250000E2,1.019897E1,8.400042E0
2.260000E2,1.019352E1,7.949144E0
2.270000E2,1.018807E1,8.839734E0
2.280000E2,1.018262E1,8.178797E0
2.290000E2,1.017717E1,6.727491E0
2.300000E2,1.017172E1,6.411738E0
2.310000E2,1.016627E1,8.134759E0
2.320000E2,1.016082E1,8.273591E0
2.330000E2,1.015537E1,6.897191E0
2.340000E2,1.014992E1,7.413077E0
2.350000E2,1.014447E1,7.747878E0
2.360000E2,1.013902E1,7.581836E0
2.370000E2,1.013357E1,8.696138E0
2.380000E2,1.012812E1,9.496771E0
2.390000E2,1.012267E1,9.942637E0
2.400000E2,1.011722E1,8.875731E0
2.410000E2,1.011177E1,7.120176E0
2.420000E2,1.010633E1,7.670431E0
2.430000E2,1.010088E1,8.367411E0
2.440000E2,1.009543E1,8.423675E0
2.450000E2,1.008998E1,8.435061E0
2.460000E2,1.008453E1,8.846277E0
2.470000E2,1.007908E1,8.451988E0
2.480000E2,1.007363E1,7.416057E0
2.490000E2,1.006818E1,7.393356E0
2.500000E2,1.006273E1,8.135921E0
2.510000E2,1.005728E1,8.060348E0
2.520000E2,1.005183E1,8.138228E0
2.530000E2,1.004638E1,8.511370E0
2.540000E2,1.004093E1,7.532523E0
2.550000E2,1.003548E1,7.568945E0
2.560000E2,1.003003E1,8.061635E0
2.570000E2,1.002458E1,8.362429E0
2.580000E2,1.001913E1,8.020605E0
2.590000E2,1.001368E1,7.494167E0
2.600000E2,1.000823E1,7.470926E0
2.610000E2,1.000278E1,7.319371E0
2.620000E2,9.997335E0,7.267556E0
2.630000E2,9.991886E0,7.055893E0
2.640000E2,9.986436E0,7.128958E0
2.650000E2,9.980987E0,7.856994E0
2.660000E2,9.975538E0,7.863093E0
2.670000E2,9.970088E0,7.541289E0
2.680000E2,9.964639E0,7.388472E0
2.690000E2,9.959189E0,7.800855E0
2.700000E2,9.953740E0,8.262433E0
2.710000E2,9.948290E0,8.440796E0
2.720000E2,9.942841E0,9.357140E0
2.730000E2,9.937391E0,8.267181E0
2.740000E2,9.931942E0,6.460026E0
2.750000E2,9.926492E0,8.244023E0
2.760000E2,9.921043E0,7.955731E0
2.770000E2,9.915593E0,7.667542E0
2.780000E2,9.910144E0,7.373097E0
2.790000E2,9.904694E0,7.770476E0
2.800000E2,9.899245E0,8.943428E0
2.810000E2,9.893795E0,1.022930E1
2.820000E2,9.888346E0,9.450532E0
2.830000E2,9.882896E0,7.945219E0
2.840000E2,9.877447E0,9.042216E0
2.850000E2,9.871997E0,1.071494E1
2.860000E2,9.866548E0,1.003622E1
2.870000E2,9.861098E0,1.008380E1
2.880000E2,9.855649E0,1.005605E1
2.890000E2,9.850199E0,8.315798E0
2.900000E2,9.844750E0,8.430452E0
2.910000E2,9.839300E0,9.574173E0
2.920000E2,9.833851E0,8.706797E0
2.930000E2,9.828401E0,8.364031E0
2.940000E2,9.822952E0,8.493709E0
2.950000E2,9.817502E0,7.968672E0
2.960000E2,9.812053E0,7.704650E0
2.970000E2,9.806603E0,7.328132E0
2.980000E2,9.801154E0,7.823360E0
2.990000E2,9.795704E0,9.479920E0
3.000000E2,9.790255E0,1.100053E1
3.010000E2,9.784806E0,9.297363E0
3.020000E2,9.779356E0,8.855703E0
3.030000E2,9.773907E0,1.069866E1
3.040000E2,9.768457E0,1.058373E1
3.050000E2,9.763008E0,8.682584E0
3.060000E2,9.757558E0,8.482726E0
3.070000E2,9.752109E0,8.800223E0
3.080000E2,9.746659E0,1.008736E1
3.090000E2,9.741210E0,1.200699E1
3.100000E2,9.735760E0,1.055729E1
3.110000E2,9.730311E0,8.966448E0
3.120000E2,9.724861E0,9.147252E0
3.130000E2,9.719412E0,9.881250E0
3.140000E2,9.713962E0,1.119230E1
3.150000E2,9.708513E0,9.858853E0
3.160000E2,9.703063E0,8.586574E0
3.170000E2,9.697614E0,8.853146E0
3.180000E2,9.692164E0,8.603110E0
3.190000E2,9.686715E0,7.810257E0
3.200000E2,9.681265E0,7.642356E0
3.210000E2,9.675816E0,8.669151E0
3.220000E2,9.670366E0,8.352801E0
3.230000E2,9.664917E0,7.196207E0
3.240000E2,9.659467E0,7.370841E0
3.250000E2,9.654018E0,7.529791E0
3.260000E2,9.648568E0,8.812070E0
3.270000E2,9.643119E0,9.330868E0
3.280000E2,9.637669E0,9.456478E0
3.290000E2,9.632220E0,9.573517E0
3.300000E2,9.626770E0,9.604729E0
3.310000E2,9.621321E0,8.497982E0
3.320000E2,9.615871E0,7.166869E0
3.330000E2,9.610422E0,6.820944E0
3.340000E2,9.604973E0,7.764677E0
3.350000E2,9.599523E0,7.336106E0
3.360000E2,9.594074E0,8.422505E0
3.370000E2,9.588624E0,9.673727E0
3.380000E2,9.583175E0,9.687991E0
3.390000E2,9.577725E0,9.390496E0
3.400000E2,9.572276E0,8.490062E0
3.410000E2,9.566826E0,8.929555E0
3.420000E2,9.561377E0,8.842584E0
3.430000E2,9.555927E0,9.507352E0
3.440000E2,9.550478E0,8.638050E0
3.450000E2,9.545028E0,6.163581E0
3.460000E2,9.539579E0,6.105795E0
3.470000E2,9.534129E0,6.937350E0
3.480000E2,9.528680E0,8.002276E0
3.490000E2,9.523230E0,7.516191E0
3.500000E2,9.517781E0,6.143724E0
3.510000E2,9.512331E0,8.283848E0
3.520000E2,9.506882E0,9.617987E0
3.530000E2,9.501432E0,1.002658E1
3.540000E2,9.495983E0,9.758034E0
3.550000E2,9.490533E0,7.550375E0
3.560000E2,9.485084E0,8.144308E0
3.570000E2,9.479634E0,9.190159E0
3.580000E2,9.474185E0,1.045754E1
3.590000E2,9.468735E0,1.217749E1
3.600000E2,9.463286E0,1.158514E1
3.610000E2,9.457836E0,9.567721E0
3.620000E2,9.452387E0,1.054719E1
3.630000E2,9.446937E0,1.224715E1
3.640000E2,9.441488E0,1.143622E1
3.650000E2,9.436038E0,9.721200E0
3.660000E2,9.430589E0,9.790892E0
3.670000E2,9.425140E0,9.478588E0
3.680000E2,9.419690E0,8.139878E0
3.690000E2,9.414241E0,9.842971E0
3.700000E2,9.408791E0,9.404940E0
3.710000E2,9.403342E0,1.010656E1
3.720000E2,9.397892E0,1.063025E1
3.730000E2,9.392443E0,9.241955E0
3.740000E2,9.386993E0,9.198053E0
3.750000E2,9.381544E0,1.006009E1
3.760000E2,9.376094E0,1.009975E1
3.770000E2,9.370645E0,8.721333E0
3.780000E2,9.365195E0,1.000436E1
3.790000E2,9.359746E0,1.036885E1
3.800000E2,9.354296E0,9.109325E0
3.810000E2,9.348847E0,9.596460E0
3.820000E2,9.343397E0,9.837552E0
3.830000E2,9.337948E0,9.928386E0
3.840000E2,9.332498E0,1.001481E1
3.850000E2,9.327049E0,1.031707E1
3.860000E2,9.321599E0,1.109549E1
3.870000E2,9.316150E0,1.091718E1
3.880000E2,9.310700E0,9.898052E0
3.890000E2,9.305251E0,1.097769E1
3.900000E2,9.299801E0,1.153402E1
3.910000E2,9.294352E0,1.217612E1
3.920000E2,9.288902E0,1.262246E1
3.930000E2,9.283453E0,1.201762E1
3.940000E2,9.278003E0,1.044501E1
3.950000E2,9.272554E0,8.718814E0
3.960000E2,9.267104E0,9.849806E0
3.970000E2,9.261655E0,1.054428E1
3.980000E2,9.256205E0,1.157754E1
3.990000E2,9.250756E0,1.065095E1
4.000000E2,9.245306E0,9.240625E0
4.010000E2,9.239857E0,1.025892E1
4.020000E2,9.234408E0,1.028546E1
4.030000E2,9.228958E0,9.998315E0
4.040000E2,9.223509E0,8.616732E0
4.050000E2,9.218059E0,8.898003E0
4.060000E2,9.212610E0,9.909009E0
4.070000E2,9.207160E0,1.051745E1
4.080000E2,9.201711E0,1.063130E1
4.090000E2,9.196261E0,1.114040E1
4.100000E2,9.190812E0,1.253565E1
4.110000E2,9.185362E0,1.176502E1
4.120000E2,9.179913E0,1.072875E1
4.130000E2,9.174463E0,1.127098E1
4.140000E2,9.169014E0,1.213383E1
4.150000E2,9.163564E0,1.041627E1
4.160000E2,9.158115E0,1.003956E1
4.170000E2,9.152665E0,1.174055E1
4.180000E2,9.147216E0,1.172072E1
4.190000E2,9.141766E0,1.074456E1
4.200000E2,9.136317E0,1.073105E1
4.210000E2,9.130867E0,9.723845E0
4.220000E2,9.125418E0,1.039009E1
4.230000E2,9.119968E0,1.216329E1
4.240000E2,9.114519E0,1.213443E1
4.250000E2,9.109069E0,1.090129E1
4.260000E2,9.103620E0,1.064646E1
4.270000E2,9.098170E0,9.979243E0
4.280000E2,9.092721E0,9.439026E0
4.290000E2,9.087271E0,9.971405E0
4.300000E2,9.081822E0,1.010217E1
4.310000E2,9.076372E0,9.502274E0
4.320000E2,9.070923E0,8.298149E0
4.330000E2,9.065473E0,9.577484E0
4.340000E2,9.060024E0,1.110350E1
4.350000E2,9.054575E0,1.163779E1
4.360000E2,9.049125E0,1.143276E1
4.370000E2,9.043676E0,1.168255E1
4.380000E2,9.038226E0,1.160772E1
4.390000E2,9.032777E0,1.251363E1
4.400000E2,9.027327E0,1.320115E1
4.410000E2,9.021878E0,1.248321E1
4.420000E2,9.016428E0,1.009923E1
4.430000E2,9.010979E0,1.129187E1
4.440000E2,9.005529E0,1.069972E1
4.450000E2,9.000080E0,1.106633E1
4.460000E2,8.994630E0,1.159869E1
4.470000E2,8.989181E0,1.249181E1
4.480000E2,8.983731E0,1.251187E1
4.490000E2,8.978282E0,1.359465E1
4.500000E2,8.972832E0,1.283350E1
4.510000E2,8.967383E0,1.241797E1
4.520000E2,8.961933E0,1.240927E1
4.530000E2,8.956484E0,1.229425E1
4.540000E2,8.951034E0,1.342349E1
4.550000E2,8.945585E0,1.286673E1
4.560000E2,8.940135E0,1.095332E1
4.570000E2,8.934686E0,1.106280E1
4.580000E2,8.929236E0,1.191619E1
4.590000E2,8.923787E0,1.255439E1
4.600000E2,8.918337E0,1.122400E1
4.610000E2,8.912888E0,9.275286E0
4.620000E2,8.907438E0,9.948549E0
4.630000E2,8.901989E0,1.172615E1
4.640000E2,8.896539E0,1.210153E1
4.650000E2,8.891090E0,1.055347E1
4.660000E2,8.885640E0,1.132240E1
4.670000E2,8.880191E0,1.246263E1
4.680000E2,8.874742E0,1.271019E1
4.690000E2,8.869292E0,1.233629E1
4.700000E2,8.863843E0,1.124796E1
4.710000E2,8.858393E0,1.092002E1
4.720000E2,8.852944E0,1.128672E1
4.730000E2,8.847494E0,1.189258E1
4.740000E2,8.842045E0,9.727736E0
4.750000E2,8.836595E0,9.258704E0
4.760000E2,8.831146E0,1.042305E1
4.770000E2,8.825696E0,1.267731E1
4.780000E2,8.820247E0,1.275007E1
4.790000E2,8.814797E0,1.127403E1
4.800000E2,8.809348E0,1.011427E1
4.810000E2,8.803898E0,1.017473E1
4.820000E2,8.798449E0,1.036507E1
4.830000E2,8.792999E0,1.038475E1
4.840000E2,8.787550E0,1.085829E1
4.850000E2,8.782100E0,1.198483E1
4.860000E2,8.776651E0,1.175338E1
4.870000E2,8.771201E0,1.053882E1
4.880000E2,8.765752E0,9.986989E0
4.890000E2,8.760302E0,1.025695E1
4.900000E2,8.754853E0,9.427591E0
4.910000E2,8.749403E0,8.504644E0
4.920000E2,8.743954E0,9.298992E0
4.930000E2,8.738504E0,9.328794E0
4.940000E2,8.733055E0,8.066514E0
4.950000E2,8.727605E0,8.108229E0
4.960000E2,8.722156E0,9.570598E0
4.970000E2,8.716706E0,1.158677E1
4.980000E2,8.711257E0,1.055579E1
4.990000E2,8.705807E0,1.066774E1
5.000000E2,8.700358E0,1.141450E1
5.010000E2,8.694908E0,1.082967E1
5.020000E2,8.689459E0,1.057358E1
5.030000E2,8.684010E0,1.104978E1
5.040000E2,8.678560E0,1.107998E1
5.050000E2,8.673111E0,1.055718E1
5.060000E2,8.667661E0,9.645177E0
5.070000E2,8.662212E0,1.061784E1
5.080000E2,8.656762E0,1.019290E1
5.090000E2,8.651313E0,1.006364E1
5.100000E2,8.645863E0,9.878741E0
5.110000E2,8.640414E0,9.606529E0
5.120000E2,8.634964E0,1.135388E1
5.130000E2,8.629515E0,1.361077E1
5.140000E2,8.624065E0,1.258468E1
5.150000E2,8.618616E0,1.129091E1
5.160000E2,8.613166E0,1.104084E1
5.170000E2,8.607717E0,1.145804E1
5.180000E2,8.602267E0,1.150277E1
5.190000E2,8.596818E0,9.782804E0
5.200000E2,8.591368E0,1.107986E1
5.210000E2,8.585919E0,1.325509E1
5.220000E2,8.580469E0,1.302957E1
5.230000E2,8.575020E0,1.185100E1
5.240000E2,8.569570E0,1.134729E1
5.250000E2,8.564121E0,1.043022E1
5.260000E2,8.558671E0,9.764533E0
5.270000E2,8.553222E0,1.020120E1
5.280000E2,8.547772E0,1.026380E1
5.290000E2,8.542323E0,1.011951E1
5.300000E2,8.536873E0,1.134318E1
5.310000E2,8.531424E0,1.038967E1
5.320000E2,8.525974E0,9.991890E0
5.330000E2,8.520525E0,1.217025E1
5.340000E2,8.515075E0,1.251398E1
5.350000E2,8.509626E0,1.096392E1
5.360000E2,8.504177E0,1.056848E1
5.370000E2,8.498727E0,9.670178E0
5.380000E2,8.493278E0,1.010419E1
5.390000E2,8.487828E0,9.798370E0
5.400000E2,8.482379E0,1.096471E1
5.410000E2,8.476929E0,1.036399E1
5.420000E2,8.471480E0,8.427292E0
5.430000E2,8.466030E0,9.066353E0
5.440000E2,8.460581E0,1.062802E1
5.450000E2,8.455131E0,1.153186E1
5.460000E2,8.449682E0,1.189360E1
5.470000E2,8.444232E0,1.094529E1
5.480000E2,8.438783E0,9.499637E0
5.490000E2,8.433333E0,1.089112E1
5.500000E2,8.427884E0,1.195394E1
5.510000E2,8.422434E0,1.370449E1
5.520000E2,8.416985E0,1.326018E1
5.530000E2,8.411535E0,1.154404E1
5.540000E2,8.406086E0,1.292088E1
5.550000E2,8.400636E0,1.214703E1
5.560000E2,8.395187E0,1.097722E1
5.570000E2,8.389737E0,1.076968E1
5.580000E2,8.384288E0,1.096336E1
5.590000E2,8.378838E0,1.092340E1
5.600000E2,8.373389E0,9.825833E0
5.610000E2,8.367939E0,9.964637E0
5.620000E2,8.362490E0,1.018060E1
5.630000E2,8.357040E0,9.113727E0
5.640000E2,8.351591E0,8.448791E0
5.650000E2,8.346141E0,1.007211E1
5.660000E2,8.340692E0,1.079076E1
5.670000E2,8.335242E0,1.273153E1
5.680000E2,8.329793E0,1.254346E1
5.690000E2,8.324344E0,1.131026E1
5.700000E2,8.318894E0,1.073201E1
5.710000E2,8.313445E0,1.128107E1
5.720000E2,8.307995E0,1.301019E1
5.730000E2,8.302546E0,1.350433E1
5.740000E2,8.297096E0,1.348535E1
5.750000E2,8.291647E0,1.212997E1
5.760000E2,8.286197E0,1.182171E1
5.770000E2,8.280748E0,1.200269E1
5.780000E2,8.275298E0,1.200678E1
5.790000E2,8.269849E0,1.261608E1
5.800000E2,8.264399E0,1.330825E1
5.810000E2,8.258950E0,1.218998E1
5.820000E2,8.253500E0,1.172857E1
5.830000E2,8.248051E0,1.243452E1
5.840000E2,8.242601E0,1.329857E1
5.850000E2,8.237152E0,1.349726E1
5.860000E2,8.231702E0,1.172131E1
5.870000E2,8.226253E0,1.298449E1
5.880000E2,8.220803E0,1.365699E1
5.890000E2,8.215354E0,1.175427E1
5.900000E2,8.209904E0,1.149519E1
5.910000E2,8.204455E0,1.247450E1
5.920000E2,8.199005E0,1.332570E1
5.930000E2,8.193556E0,1.269855E1
5.940000E2,8.188106E0,1.303559E1
5.950000E2,8.182657E0,1.304213E1
5.960000E2,8.177207E0,1.397749E1
5.970000E2,8.171758E0,1.556546E1
5.980000E2,8.166308E0,1.378672E1
5.990000E2,8.160859E0,1.327650E1
6.000000E2,8.155409E0,1.335975E1
6.010000E2,8.149960E0,1.346017E1
6.020000E2,8.144510E0,1.273378E1
6.030000E2,8.139061E0,1.281236E1
6.040000E2,8.133612E0,1.329845E1
6.050000E2,8.128162E0,1.351816E1
6.060000E2,8.122713E0,1.411922E1
6.070000E2,8.117263E0,1.404272E1
6.080000E2,8.111814E0,1.421096E1
6.090000E2,8.106364E0,1.530371E1
6.100000E2,8.100915E0,1.462198E1
6.110000E2,8.095465E0,1.371653E1
6.120000E2,8.090016E0,1.311453E1
6.130000E2,8.084566E0,1.295220E1
6.140000E2,8.079117E0,1.313112E1
6.150000E2,8.073667E0,1.475059E1
6.160000E2,8.068218E0,1.547766E1
6.170000E2,8.062768E0,1.477284E1
6.180000E2,8.057319E0,1.516787E1
6.190000E2,8.051869E0,1.572098E1
6.200000E2,8.046420E0,1.428627E1
6.210000E2,8.040970E0,1.426859E1
6.220000E2,8.035521E0,1.655637E1
6.230000E2,8.030071E0,1.753421E1
6.240000E2,8.024622E0,1.652998E1
6.250000E2,8.019172E0,1.622183E1
6.260000E2,8.013723E0,1.384683E1
6.270000E2,8.008273E0,1.380719E1
6.280000E2,8.002824E0,1.514103E1
6.290000E2,7.997374E0,1.360099E1
6.300000E2,7.991925E0,1.351834E1
6.310000E2,7.986475E0,1.555545E1
6.320000E2,7.981026E0,1.631378E1
6.330000E2,7.975576E0,1.645271E1
6.340000E2,7.970127E0,1.463819E1
6.350000E2,7.964677E0,1.181529E1
6.360000E2,7.959228E0,1.253760E1
6.370000E2,7.953779E0,1.412878E1
6.380000E2,7.948329E0,1.391019E1
6.390000E2,7.942880E0,1.412768E1
6.400000E2,7.937430E0,1.479847E1
6.410000E2,7.931981E0,1.634169E1
6.420000E2,7.926531E0,1.648361E1
6.430000E2,7.921082E0,1.531829E1
6.440000E2,7.915632E0,1.524984E1
6.450000E2,7.910183E0,1.470371E1
6.460000E2,7.904733E0,1.357141E1
6.470000E2,7.899284E0,1.623432E1
6.480000E2,7.893834E0,1.698616E1
6.490000E2,7.888385E0,1.576622E1
6.500000E2,7.882935E0,1.476997E1
6.510000E2,7.877486E0,1.481892E1
6.520000E2,7.872036E0,1.425720E1
6.530000E2,7.866587E0,1.422217E1
6.540000E2,7.861137E0,1.432947E1
6.550000E2,7.855688E0,1.484945E1
6.560000E2,7.850238E0,1.580634E1
6.570000E2,7.844789E0,1.590171E1
6.580000E2,7.839339E0,1.450006E1
6.590000E2,7.833890E0,1.178489E1
6.600000E2,7.828440E0,1.241143E1
6.610000E2,7.822991E0,1.488718E1
6.620000E2,7.817541E0,1.529848E1
6.630000E2,7.812092E0,1.574149E1
6.640000E2,7.806642E0,1.670315E1
6.650000E2,7.801193E0,1.636189E1
6.660000E2,7.795743E0,1.606940E1
6.670000E2,7.790294E0,1.633290E1
6.680000E2,7.784844E0,1.564310E1
6.690000E2,7.779395E0,1.538095E1
6.700000E2,7.773946E0,1.535029E1
6.710000E2,7.768496E0,1.545991E1
6.720000E2,7.763047E0,1.605682E1
6.730000E2,7.757597E0,1.563285E1
6.740000E2,7.752148E0,1.522049E1
6.750000E2,7.746698E0,1.478852E1
6.760000E2,7.741249E0,1.516600E1
6.770000E2,7.735799E0,1.579583E1
6.780000E2,7.730350E0,1.588044E1
6.790000E2,7.724900E0,1.477970E1
6.800000E2,7.719451E0,1.437327E1
6.810000E2,7.714001E0,1.553390E1
6.820000E2,7.708552E0,1.627304E1
6.830000E2,7.703102E0,1.822266E1
6.840000E2,7.697653E0,1.957088E1
6.850000E2,7.692203E0,1.858843E1
6.860000E2,7.686754E0,1.700931E1
6.870000E2,7.681304E0,1.747964E1
6.880000E2,7.675855E0,1.705266E1
6.890000E2,7.670405E0,1.511248E1
6.900000E2,7.664956E0,1.400041E1
6.910000E2,7.659506E0,1.423886E1
6.920000E2,7.654057E0,1.581698E1
6.930000E2,7.648607E0,1.836251E1
6.940000E2,7.643158E0,1.668286E1
6.950000E2,7.637708E0,1.631170E1
6.960000E2,7.632259E0,1.702298E1
6.970000E2,7.626809E0,1.667006E1
6.980000E2,7.621360E0,1.698299E1
6.990000E2,7.615910E0,1.578658E1
7.000000E2,7.610461E0,1.549768E1
7.010000E2,7.605011E0,1.786108E1
7.020000E2,7.599562E0,1.909051E1
7.030000E2,7.594113E0,1.702002E1
7.040000E2,7.588663E0,1.631222E1
7.050000E2,7.583214E0,1.465926E1
7.060000E2,7.577764E0,1.441136E1
7.070000E2,7.572315E0,1.536263E1
7.080000E2,7.566865E0,1.677174E1
7.090000E2,7.561416E0,1.853218E1
7.100000E2,7.555966E0,1.716777E1
7.110000E2,7.550517E0,1.640741E1
7.120000E2,7.545067E0,1.761045E1
7.130000E2,7.539618E0,1.768832E1
7.140000E2,7.534168E0,1.704842E1
7.150000E2,7.528719E0,1.700738E1
7.160000E2,7.523269E0,1.556214E1
7.170000E2,7.517820E0,1.727574E1
7.180000E2,7.512370E0,1.746210E1
7.190000E2,7.506921E0,1.444978E1
7.200000E2,7.501471E0,1.480836E1
7.210000E2,7.496022E0,1.570309E1
7.220000E2,7.490572E0,1.494802E1
7.230000E2,7.485123E0,1.449504E1
7.240000E2,7.479673E0,1.494505E1
7.250000E2,7.474224E0,1.477408E1
7.260000E2,7.468774E0,1.505218E1
7.270000E2,7.463325E0,1.574721E1
7.280000E2,7.457875E0,1.532130E1
7.290000E2,7.452426E0,1.558140E1
7.300000E2,7.446976E0,1.554821E1
7.310000E2,7.441527E0,1.584595E1
7.320000E2,7.436077E0,1.578721E1
7.330000E2,7.430628E0,1.592368E1
7.340000E2,7.425178E0,1.627567E1
7.350000E2,7.419729E0,1.439665E1
7.360000E2,7.414279E0,1.307688E1
7.370000E2,7.408830E0,1.362986E1
7.380000E2,7.403381E0,1.379904E1
7.390000E2,7.397931E0,1.434223E1
7.400000E2,7.392482E0,1.373129E1
7.410000E2,7.387032E0,1.321197E1
7.420000E2,7.381583E0,1.212061E1
7.430000E2,7.376133E0,1.116885E1
7.440000E2,7.370684E0,1.340180E1
7.450000E2,7.365234E0,1.628573E1
7.460000E2,7.359785E0,1.639429E1
7.470000E2,7.354335E0,1.440651E1
7.480000E2,7.348886E0,1.408500E1
7.490000E2,7.343436E0,1.535928E1
7.500000E2,7.337987E0,1.586268E1
7.510000E2,7.332537E0,1.419133E1
7.520000E2,7.327088E0,1.395712E1
7.530000E2,7.321638E0,1.433188E1
7.540000E2,7.316189E0,1.529766E1
7.550000E2,7.310739E0,1.645443E1
7.560000E2,7.305290E0,1.490423E1
7.570000E2,7.299840E0,1.367739E1
7.580000E2,7.294391E0,1.486817E1
7.590000E2,7.288941E0,1.496451E1
7.600000E2,7.283492E0,1.517770E1
7.610000E2,7.278042E0,1.665923E1
7.620000E2,7.272593E0,1.640218E1
7.630000E2,7.267143E0,1.619170E1
7.640000E2,7.261694E0,1.627932E1
7.650000E2,7.256244E0,1.648477E1
7.660000E2,7.250795E0,1.713765E1
7.670000E2,7.245345E0,1.828573E1
7.680000E2,7.239896E0,1.772123E1
7.690000E2,7.234446E0,1.513539E1
7.700000E2,7.228997E0,1.532785E1
7.710000E2,7.223548E0,1.662587E1
7.720000E2,7.218098E0,1.674932E1
7.730000E2,7.212649E0,1.627189E1
7.740000E2,7.207199E0,1.629738E1
7.750000E2,7.201750E0,1.646834E1
7.760000E2,7.196300E0,1.602677E1
7.770000E2,7.190851E0,1.511574E1
7.780000E2,7.185401E0,1.577319E1
7.790000E2,7.179952E0,1.828507E1
7.800000E2,7.174502E0,1.866960E1
7.810000E2,7.169053E0,1.832493E1
7.820000E2,7.163603E0,1.819686E1
7.830000E2,7.158154E0,1.827266E1
7.840000E2,7.152704E0,1.807369E1
7.850000E2,7.147255E0,1.802037E1
7.860000E2,7.141805E0,1.876748E1
7.870000E2,7.136356E0,1.800555E1
7.880000E2,7.130906E0,1.697155E1
7.890000E2,7.125457E0,1.679394E1
7.900000E2,7.120007E0,1.617528E1
7.910000E2,7.114558E0,1.609936E1
7.920000E2,7.109108E0,1.663999E1
7.930000E2,7.103659E0,1.776824E1
7.940000E2,7.098209E0,1.784300E1
7.950000E2,7.092760E0,1.823359E1
7.960000E2,7.087310E0,1.831689E1
7.970000E2,7.081861E0,1.870252E1
7.980000E2,7.076411E0,1.743019E1
7.990000E2,7.070962E0,1.672145E1
8.000000E2,7.065512E0,1.699850E1
8.010000E2,7.060063E0,1.894302E1
8.020000E2,7.054613E0,1.980631E1
8.030000E2,7.049164E0,1.898129E1
8.040000E2,7.043715E0,1.888557E1
8.050000E2,7.038265E0,1.853169E1
8.060000E2,7.032816E0,1.816077E1
8.070000E2,7.027366E0,1.828553E1
8.080000E2,7.021917E0,1.914034E1
8.090000E2,7.016467E0,2.018437E1
8.100000E2,7.011018E0,1.904449E1
8.110000E2,7.005568E0,1.728497E1
8.120000E2,7.000119E0,1.711125E1
8.130000E2,6.994669E0,1.946089E1
8.140000E2,6.989220E0,1.980526E1
8.150000E2,6.983770E0,1.886991E1
8.160000E2,6.978321E0,1.893576E1
8.170000E2,6.972871E0,1.904023E1
8.180000E2,6.967422E0,1.924977E1
8.190000E2,6.961972E0,2.010553E1
8.200000E2,6.956523E0,2.050932E1
8.210000E2,6.951073E0,1.869031E1
8.220000E2,6.945624E0,1.752781E1
8.230000E2,6.940174E0,1.753888E1
8.240000E2,6.934725E0,1.789295E1
8.250000E2,6.929275E0,1.664076E1
8.260000E2,6.923826E0,1.741191E1
8.270000E2,6.918376E0,1.672008E1
8.280000E2,6.912927E0,1.689594E1
8.290000E2,6.907477E0,1.684772E1
8.300000E2,6.902028E0,1.728188E1
8.310000E2,6.896578E0,1.948971E1
8.320000E2,6.891129E0,2.175975E1
8.330000E2,6.885679E0,2.427158E1
8.340000E2,6.880230E0,2.492385E1
8.350000E2,6.874780E0,2.424089E1
8.360000E2,6.869331E0,2.408176E1
8.370000E2,6.863881E0,2.380633E1
8.380000E2,6.858432E0,2.331410E1
8.390000E2,6.852983E0,2.063363E1
8.400000E2,6.847533E0,2.044942E1
8.410000E2,6.842084E0,2.060613E1
8.420000E2,6.836634E0,2.191207E1
8.430000E2,6.831185E0,2.313013E1
8.440000E2,6.825735E0,2.216124E1
8.450000E2,6.820286E0,2.171822E1
8.460000E2,6.814836E0,2.226946E1
8.470000E2,6.809387E0,2.158157E1
8.480000E2,6.803937E0,2.210929E1
8.490000E2,6.798488E0,2.269448E1
8.500000E2,6.793038E0,2.235854E1
8.510000E2,6.787589E0,2.122937E1
8.520000E2,6.782139E0,2.214052E1
8.530000E2,6.776690E0,2.307832E1
8.540000E2,6.771240E0,2.504364E1
8.550000E2,6.765791E0,2.545813E1
8.560000E2,6.760341E0,2.680017E1
8.570000E2,6.754892E0,2.421000E1
8.580000E2,6.749442E0,2.226198E1
8.590000E2,6.743993E0,2.192728E1
8.600000E2,6.738543E0,2.288386E1
8.610000E2,6.733094E0,2.239036E1
8.620000E2,6.727644E0,2.162572E1
8.630000E2,6.722195E0,2.113734E1
8.640000E2,6.716745E0,2.118742E1
8.650000E2,6.711296E0,2.146348E1
8.660000E2,6.705846E0,2.034915E1
8.670000E2,6.700397E0,2.082981E1
8.680000E2,6.694947E0,2.227538E1
8.690000E2,6.689498E0,2.219067E1
8.700000E2,6.684048E0,2.074659E1
8.710000E2,6.678599E0,1.956694E1
8.720000E2,6.673150E0,2.030964E1
8.730000E2,6.667700E0,2.266421E1
8.740000E2,6.662251E0,2.454394E1
8.750000E2,6.656801E0,2.185851E1
8.760000E2,6.651352E0,2.068931E1
8.770000E2,6.645902E0,2.227977E1
8.780000E2,6.640453E0,2.260751E1
8.790000E2,6.635003E0,2.221726E1
8.800000E2,6.629554E0,2.141137E1
8.810000E2,6.624104E0,2.177157E1
8.820000E2,6.618655E0,2.160492E1
8.830000E2,6.613205E0,2.248986E1
8.840000E2,6.607756E0,2.475484E1
8.850000E2,6.602306E0,2.324283E1
8.860000E2,6.596857E0,2.181089E1
8.870000E2,6.591407E0,2.172820E1
8.880000E2,6.585958E0,2.103882E1
8.890000E2,6.580508E0,2.241354E1
8.900000E2,6.575059E0,2.260174E1
8.910000E2,6.569609E0,2.217642E1
8.920000E2,6.564160E0,2.284568E1
8.930000E2,6.558710E0,2.193221E1
8.940000E2,6.553261E0,2.261500E1
8.950000E2,6.547811E0,2.291497E1
8.960000E2,6.542362E0,2.283964E1
8.970000E2,6.536912E0,2.300580E1
8.980000E2,6.531463E0,2.291981E1
8.990000E2,6.526013E0,2.409300E1
9.000000E2,6.520564E0,2.375146E1
9.010000E2,6.515114E0,2.341183E1
9.020000E2,6.509665E0,2.473628E1
9.030000E2,6.504215E0,2.349157E1
9.040000E2,6.498766E0,2.310328E1
9.050000E2,6.493317E0,2.264697E1
9.060000E2,6.487867E0,2.180093E1
9.070000E2,6.482418E0,2.214999E1
9.080000E2,6.476968E0,2.278619E1
9.090000E2,6.471519E0,2.193622E1
9.100000E2,6.466069E0,2.114947E1
9.110000E2,6.460620E0,2.027677E1
9.120000E2,6.455170E0,2.143237E1
9.130000E2,6.449721E0,2.194013E1
9.140000E2,6.444271E0,2.238112E1
9.150000E2,6.438822E0,2.104632E1
9.160000E2,6.433372E0,2.116119E1
9.170000E2,6.427923E0,2.217799E1
9.180000E2,6.422473E0,2.154938E1
9.190000E2,6.417024E0,2.161216E1
9.200000E2,6.411574E0,2.326665E1
9.210000E2,6.406125E0,2.361268E1
9.220000E2,6.400675E0,2.189281E1
9.230000E2,6.395226E0,2.138491E1
9.240000E2,6.389776E0,2.044149E1
9.250000E2,6.384327E0,1.899844E1
9.260000E2,6.378877E0,1.983205E1
9.270000E2,6.373428E0,2.069539E1
9.280000E2,6.367978E0,2.033511E1
9.290000E2,6.362529E0,1.995365E1
9.300000E2,6.357079E0,2.013495E1
9.310000E2,6.351630E0,2.033342E1
9.320000E2,6.346180E0,2.087905E1
9.330000E2,6.340731E0,2.093729E1
9.340000E2,6.335281E0,1.955352E1
9.350000E2,6.329832E0,1.803133E1
9.360000E2,6.324382E0,1.813562E1
9.370000E2,6.318933E0,1.975355E1
9.380000E2,6.313483E0,1.913970E1
9.390000E2,6.308034E0,1.835732E1
9.400000E2,6.302585E0,1.958817E1
9.410000E2,6.297135E0,2.072902E1
9.420000E2,6.291686E0,1.854452E1
9.430000E2,6.286236E0,1.704624E1
9.440000E2,6.280787E0,1.808216E1
9.450000E2,6.275337E0,1.933210E1
9.460000E2,6.269888E0,1.951224E1
9.470000E2,6.264438E0,1.968268E1
9.480000E2,6.258989E0,1.816172E1
9.490000E2,6.253539E0,1.787264E1
9.500000E2,6.248090E0,2.122552E1
9.510000E2,6.242640E0,2.371319E1
9.520000E2,6.237191E0,2.253514E1
9.530000E2,6.231741E0,2.017833E1
9.540000E2,6.226292E0,1.864558E1
9.550000E2,6.220842E0,1.754500E1
9.560000E2,6.215393E0,1.805340E1
9.570000E2,6.209943E0,1.984482E1
9.580000E2,6.204494E0,1.993846E1
9.590000E2,6.199044E0,2.045444E1
9.600000E2,6.193595E0,2.142893E1
9.610000E2,6.188145E0,2.191874E1
9.620000E2,6.182696E0,2.135377E1
9.630000E2,6.177246E0,2.019591E1
9.640000E2,6.171797E0,1.936341E1
9.650000E2,6.166347E0,1.997994E1
9.660000E2,6.160898E0,2.122001E1
9.670000E2,6.155448E0,2.030711E1
9.680000E2,6.149999E0,1.804519E1
9.690000E2,6.144549E0,1.788507E1
9.700000E2,6.139100E0,1.845465E1
9.710000E2,6.133650E0,1.708030E1
9.720000E2,6.128201E0,1.778602E1
9.730000E2,6.122752E0,1.967014E1
9.740000E2,6.117302E0,1.983631E1
9.750000E2,6.111853E0,1.993326E1
9.760000E2,6.106403E0,1.901238E1
9.770000E2,6.100954E0,1.885893E1
9.780000E2,6.095504E0,1.783392E1
9.790000E2,6.090055E0,1.881810E1
9.800000E2,6.084605E0,1.797582E1
9.810000E2,6.079156E0,1.712279E1
9.820000E2,6.073706E0,1.794130E1
9.830000E2,6.068257E0,1.762786E1
9.840000E2,6.062807E0,1.823836E1
9.850000E2,6.057358E0,1.871427E1
9.860000E2,6.051908E0,1.823830E1
9.870000E2,6.046459E0,1.678379E1
9.880000E2,6.041009E0,1.589719E1
9.890000E2,6.035560E0,1.651353E1
9.900000E2,6.030110E0,1.793733E1
9.910000E2,6.024661E0,1.797041E1
9.920000E2,6.019211E0,1.688945E1
9.930000E2,6.013762E0,1.976463E1
9.940000E2,6.008312E0,1.863957E1
9.950000E2,6.002863E0,1.721112E1
9.960000E2,5.997413E0,1.709316E1
9.970000E2,5.991964E0,1.738965E1
9.980000E2,5.986514E0,1.605332E1
9.990000E2,5.981065E0,1.809882E1
1.000000E3,5.975615E0,1.828230E1
1.001000E3,5.970166E0,1.990599E1
1.002000E3,5.964716E0,1.909678E1
1.003000E3,5.959267E0,1.951231E1
1.004000E3,5.953817E0,2.044445E1
1.005000E3,5.948368E0,2.031757E1
1.006000E3,5.942919E0,1.947314E1
1.007000E3,5.937469E0,1.851607E1
1.008000E3,5.932020E0,1.912451E1
1.009000E3,5.926570E0,2.006892E1
1.010000E3,5.921121E0,1.942609E1
1.011000E3,5.915671E0,1.912355E1
1.012000E3,5.910222E0,1.979064E1
1.013000E3,5.904772E0,2.064064E1
1.014000E3,5.899323E0,2.079540E1
1.015000E3,5.893873E0,2.158040E1
1.016000E3,5.888424E0,2.217232E1
1.017000E3,5.882974E0,2.307778E1
1.018000E3,5.877525E0,2.318334E1
1.019000E3,5.872075E0,2.415108E1
1.020000E3,5.866626E0,2.301024E1
1.021000E3,5.861176E0,2.239035E1
1.022000E3,5.855727E0,2.122571E1
1.023000E3,5.850277E0,2.164489E1
1.024000E3,5.844828E0,2.249012E1
1.025000E3,5.839378E0,2.215446E1
1.026000E3,5.833929E0,2.260424E1
1.027000E3,5.828479E0,2.239471E1
1.028000E3,5.823030E0,2.130252E1
1.029000E3,5.817580E0,2.137642E1
1.030000E3,5.812131E0,2.177688E1
1.031000E3,5.806681E0,2.302397E1
1.032000E3,5.801232E0,2.170723E1
1.033000E3,5.795782E0,2.097660E1
1.034000E3,5.790333E0,2.052120E1
1.035000E3,5.784883E0,2.023329E1
1.036000E3,5.779434E0,2.255827E1
1.037000E3,5.773984E0,2.400722E1
1.038000E3,5.768535E0,2.381505E1
1.039000E3,5.763085E0,2.213974E1
1.040000E3,5.757636E0,2.352311E1
1.041000E3,5.752187E0,2.513706E1
1.042000E3,5.746737E0,2.623985E1
1.043000E3,5.741288E0,2.852450E1
1.044000E3,5.735838E0,2.806714E1
1.045000E3,5.730389E0,2.608480E1
1.046000E3,5.724939E0,2.435146E1
1.047000E3,5.719490E0,2.452031E1
1.048000E3,5.714040E0,2.486829E1
1.049000E3,5.708591E0,2.377963E1
1.050000E3,5.703141E0,2.522897E1
1.051000E3,5.697692E0,2.597092E1
1.052000E3,5.692242E0,2.422938E1
1.053000E3,5.686793E0,2.569476E1
1.054000E3,5.681343E0,2.830750E1
1.055000E3,5.675894E0,2.780422E1
1.056000E3,5.670444E0,2.728306E1
1.057000E3,5.664995E0,2.664257E1
1.058000E3,5.659545E0,2.527801E1
1.059000E3,5.654096E0,2.413284E1
1.060000E3,5.648646E0,2.515635E1
1.061000E3,5.643197E0,2.798220E1
1.062000E3,5.637747E0,2.926824E1
1.063000E3,5.632298E0,2.965573E1
1.064000E3,5.626848E0,2.923543E1
1.065000E3,5.621399E0,2.848093E1
1.066000E3,5.615949E0,2.781528E1
1.067000E3,5.610500E0,2.756190E1
1.068000E3,5.605050E0,2.785117E1
1.069000E3,5.599601E0,2.982128E1
1.070000E3,5.594151E0,3.072352E1
1.071000E3,5.588702E0,2.936804E1
1.072000E3,5.583252E0,2.932016E1
1.073000E3,5.577803E0,3.015372E1
1.074000E3,5.572354E0,3.083996E1
1.075000E3,5.566904E0,3.081167E1
1.076000E3,5.561455E0,3.134969E1
1.077000E3,5.556005E0,3.136349E1
1.078000E3,5.550556E0,2.948859E1
1.079000E3,5.545106E0,2.982039E1
1.080000E3,5.539657E0,3.076698E1
1.081000E3,5.534207E0,3.047577E1
1.082000E3,5.528758E0,3.062295E1
1.083000E3,5.523308E0,3.097220E1
1.084000E3,5.517859E0,3.170153E1
1.085000E3,5.512409E0,2.997129E1
1.086000E3,5.506960E0,2.933709E1
1.087000E3,5.501510E0,2.864479E1
1.088000E3,5.496061E0,2.930961E1
1.089000E3,5.490611E0,2.810979E1
1.090000E3,5.485162E0,2.908427E1
1.091000E3,5.479712E0,3.215437E1
1.092000E3,5.474263E0,3.464270E1
1.093000E3,5.468813E0,3.396002E1
1.094000E3,5.463364E0,3.411489E1
1.095000E3,5.457914E0,3.392842E1
1.096000E3,5.452465E0,3.139369E1
1.097000E3,5.447015E0,3.105375E1
1.098000E3,5.441566E0,3.140320E1
1.099000E3,5.436116E0,3.300752E1
1.100000E3,5.430667E0,3.500259E1
1.101000E3,5.425217E0,3.456030E1
1.102000E3,5.419768E0,3.289109E1
1.103000E3,5.414318E0,3.235316E1
1.104000E3,5.408869E0,3.167035E1
1.105000E3,5.403419E0,3.383933E1
1.106000E3,5.397970E0,3.502257E1
1.107000E3,5.392521E0,3.755874E1
1.108000E3,5.387071E0,3.762528E1
1.109000E3,5.381622E0,3.725587E1
1.110000E3,5.376172E0,3.659859E1
1.111000E3,5.370723E0,3.495900E1
1.112000E3,5.365273E0,3.416384E1
1.113000E3,5.359824E0,3.019807E1
1.114000E3,5.354374E0,3.157121E1
1.115000E3,5.348925E0,3.257586E1
1.116000E3,5.343475E0,3.119764E1
1.117000E3,5.338026E0,3.264204E1
1.118000E3,5.332576E0,3.449262E1
1.119000E3,5.327127E0,3.337244E1
1.120000E3,5.321677E0,3.223237E1
1.121000E3,5.316228E0,3.210488E1
1.122000E3,5.310778E0,3.021783E1
1.123000E3,5.305329E0,3.076394E1
1.124000E3,5.299879E0,3.232998E1
1.125000E3,5.294430E0,3.224845E1
1.126000E3,5.288980E0,3.193519E1
1.127000E3,5.283531E0,3.072418E1
1.128000E3,5.278081E0,3.020562E1
1.129000E3,5.272632E0,3.150677E1
1.130000E3,5.267182E0,3.221007E1
1.131000E3,5.261733E0,2.937105E1
1.132000E3,5.256283E0,2.936156E1
1.133000E3,5.250834E0,2.973271E1
1.134000E3,5.245384E0,3.056898E1
1.135000E3,5.239935E0,3.264493E1
1.136000E3,5.234485E0,3.325158E1
1.137000E3,5.229036E0,3.270871E1
1.138000E3,5.223586E0,3.218186E1
1.139000E3,5.218137E0,3.271327E1
1.140000E3,5.212687E0,3.221433E1
1.141000E3,5.207238E0,3.204715E1
1.142000E3,5.201789E0,3.344982E1
1.143000E3,5.196339E0,3.375840E1
1.144000E3,5.190890E0,3.322094E1
1.145000E3,5.185440E0,3.212430E1
1.146000E3,5.179991E0,3.294474E1
1.147000E3,5.174541E0,3.049933E1
1.148000E3,5.169092E0,2.970526E1
1.149000E3,5.163642E0,2.877028E1
1.150000E3,5.158193E0,2.761570E1
1.151000E3,5.152743E0,2.919564E1
1.152000E3,5.147294E0,2.949914E1
1.153000E3,5.141844E0,2.959794E1
1.154000E3,5.136395E0,3.033211E1
1.155000E3,5.130945E0,3.137567E1
1.156000E3,5.125496E0,3.191560E1
1.157000E3,5.120046E0,2.771133E1
1.158000E3,5.114597E0,2.703981E1
1.159000E3,5.109147E0,2.627820E1
1.160000E3,5.103698E0,2.541333E1
1.161000E3,5.098248E0,2.624199E1
1.162000E3,5.092799E0,2.617697E1
1.163000E3,5.087349E0,2.457635E1
1.164000E3,5.081900E0,2.328405E1
1.165000E3,5.076450E0,2.347976E1
1.166000E3,5.071001E0,2.400974E1
1.167000E3,5.065551E0,2.298709E1
1.168000E3,5.060102E0,2.343627E1
1.169000E3,5.054652E0,2.453290E1
1.170000E3,5.049203E0,2.553038E1
1.171000E3,5.043753E0,2.320011E1
1.172000E3,5.038304E0,2.586460E1
1.173000E3,5.032854E0,2.537931E1
1.174000E3,5.027405E0,2.326700E1
1.175000E3,5.021956E0,2.289287E1
1.176000E3,5.016506E0,2.308232E1
1.177000E3,5.011057E0,2.576221E1
1.178000E3,5.005607E0,2.722291E1
1.179000E3,5.000158E0,2.630132E1
1.180000E3,4.994708E0,2.581268E1
1.181000E3,4.989259E0,2.412274E1
1.182000E3,4.983809E0,2.245659E1
1.183000E3,4.978360E0,2.306881E1
1.184000E3,4.972910E0,2.262623E1
1.185000E3,4.967461E0,2.268313E1
1.186000E3,4.962011E0,2.518583E1
1.187000E3,4.956562E0,2.524836E1
1.188000E3,4.951112E0,2.468613E1
1.189000E3,4.945663E0,2.492747E1
1.190000E3,4.940213E0,2.638619E1
1.191000E3,4.934764E0,2.692084E1
1.192000E3,4.929314E0,2.605821E1
1.193000E3,4.923865E0,2.692627E1
1.194000E3,4.918415E0,2.543251E1
1.195000E3,4.912966E0,2.556633E1
1.196000E3,4.907516E0,2.737762E1
1.197000E3,4.902067E0,2.572642E1
1.198000E3,4.896617E0,2.537979E1
1.199000E3,4.891168E0,2.561865E1
1.200000E3,4.885718E0,2.663429E1
1.201000E3,4.880269E0,2.602656E1
1.202000E3,4.874819E0,2.510091E1
1.203000E3,4.869370E0,2.594250E1
1.204000E3,4.863920E0,2.588163E1
1.205000E3,4.858471E0,2.598262E1
1.206000E3,4.853021E0,2.660939E1
1.207000E3,4.847572E0,2.412077E1
1.208000E3,4.842123E0,2.327561E1
1.209000E3,4.836673E0,2.382786E1
1.210000E3,4.831224E0,2.417638E1
1.211000E3,4.825774E0,2.484005E1
1.212000E3,4.820325E0,2.441207E1
1.213000E3,4.814875E0,2.489693E1
1.214000E3,4.809426E0,2.420554E1
1.215000E3,4.803976E0,2.205218E1
1.216000E3,4.798527E0,2.354819E1
1.217000E3,4.793077E0,2.537394E1
1.218000E3,4.787628E0,2.645268E1
1.219000E3,4.782178E0,2.597504E1
1.220000E3,4.776729E0,2.662998E1
1.221000E3,4.771279E0,2.554310E1
1.222000E3,4.765830E0,2.561020E1
1.223000E3,4.760380E0,2.441658E1
1.224000E3,4.754931E0,2.439626E1
1.225000E3,4.749481E0,2.528592E1
1.226000E3,4.744032E0,2.447975E1
1.227000E3,4.738582E0,2.539442E1
1.228000E3,4.733133E0,2.512923E1
1.229000E3,4.727683E0,2.497668E1
1.230000E3,4.722234E0,2.509727E1
1.231000E3,4.716784E0,2.602530E1
1.232000E3,4.711335E0,2.573096E1
1.233000E3,4.705885E0,2.496650E1
1.234000E3,4.700436E0,2.405078E1
1.235000E3,4.694986E0,2.473893E1
1.236000E3,4.689537E0,2.631080E1
1.237000E3,4.684087E0,2.918574E1
1.238000E3,4.678638E0,3.027795E1
1.239000E3,4.673188E0,3.101938E1
1.240000E3,4.667739E0,3.126187E1
1.241000E3,4.662289E0,3.119181E1
1.242000E3,4.656840E0,3.073468E1
1.243000E3,4.651391E0,2.833956E1
1.244000E3,4.645941E0,2.864837E1
1.245000E3,4.640492E0,2.972036E1
1.246000E3,4.635042E0,2.976732E1
1.247000E3,4.629593E0,3.125880E1
1.248000E3,4.624143E0,3.119477E1
1.249000E3,4.618694E0,3.135686E1
1.250000E3,4.613244E0,3.026402E1
1.251000E3,4.607795E0,2.961979E1
1.252000E3,4.602345E0,2.948302E1
1.253000E3,4.596896E0,3.314056E1
1.254000E3,4.591446E0,3.482281E1
1.255000E3,4.585997E0,3.494794E1
1.256000E3,4.580547E0,3.466574E1
1.257000E3,4.575098E0,3.403996E1
1.258000E3,4.569648E0,3.315596E1
1.259000E3,4.564199E0,3.451214E1
1.260000E3,4.558749E0,3.663715E1
1.261000E3,4.553300E0,3.474308E1
1.262000E3,4.547850E0,3.412314E1
1.263000E3,4.542401E0,3.485385E1
1.264000E3,4.536951E0,3.782543E1
1.265000E3,4.531502E0,3.911451E1
1.266000E3,4.526052E0,3.980626E1
1.267000E3,4.520603E0,4.005924E1
1.268000E3,4.515153E0,3.693118E1
1.269000E3,4.509704E0,3.477312E1
1.270000E3,4.504254E0,3.664181E1
1.271000E3,4.498805E0,3.573710E1
1.272000E3,4.493355E0,3.539898E1
1.273000E3,4.487906E0,3.625615E1
1.274000E3,4.482456E0,3.708347E1
1.275000E3,4.477007E0,3.765149E1
1.276000E3,4.471558E0,4.053328E1
1.277000E3,4.466108E0,4.530243E1
1.278000E3,4.460659E0,4.406432E1
1.279000E3,4.455209E0,4.072731E1
1.280000E3,4.449760E0,4.508471E1
1.281000E3,4.444310E0,4.294776E1
1.282000E3,4.438861E0,3.894813E1
1.283000E3,4.433411E0,3.853600E1
1.284000E3,4.427962E0,3.833242E1
1.285000E3,4.422512E0,4.048923E1
1.286000E3,4.417063E0,3.956824E1
1.287000E3,4.411613E0,4.008217E1
1.288000E3,4.406164E0,3.933302E1
1.289000E3,4.400714E0,4.214359E1
1.290000E3,4.395265E0,4.420873E1
1.291000E3,4.389815E0,4.159550E1
1.292000E3,4.384366E0,3.940533E1
1.293000E3,4.378916E0,4.075617E1
1.294000E3,4.373467E0,4.328390E1
1.295000E3,4.368017E0,4.388019E1
1.296000E3,4.362568E0,4.371275E1
1.297000E3,4.357118E0,4.410637E1
1.298000E3,4.351669E0,4.442653E1
1.299000E3,4.346219E0,4.192146E1
1.300000E3,4.340770E0,4.393854E1
1.301000E3,4.335320E0,4.370809E1
1.302000E3,4.329871E0,4.438955E1
1.303000E3,4.324421E0,4.861375E1
1.304000E3,4.318972E0,5.171042E1
1.305000E3,4.313522E0,4.859063E1
1.306000E3,4.308073E0,4.858650E1
1.307000E3,4.302623E0,5.069918E1
1.308000E3,4.297174E0,5.186354E1
1.309000E3,4.291725E0,5.097722E1
1.310000E3,4.286275E0,4.857278E1
1.311000E3,4.280826E0,4.950341E1
1.312000E3,4.275376E0,5.042019E1
1.313000E3,4.269927E0,5.045993E1
1.314000E3,4.264477E0,4.981396E1
1.315000E3,4.259028E0,5.202535E1
1.316000E3,4.253578E0,5.143600E1
1.317000E3,4.248129E0,4.840167E1
1.318000E3,4.242679E0,4.773363E1
1.319000E3,4.237230E0,4.892854E1
1.320000E3,4.231780E0,4.797494E1
1.321000E3,4.226331E0,4.659397E1
1.322000E3,4.220881E0,4.591216E1
1.323000E3,4.215432E0,4.556956E1
1.324000E3,4.209982E0,4.514740E1
1.325000E3,4.204533E0,4.492806E1
1.326000E3,4.199083E0,4.618622E1
1.327000E3,4.193634E0,4.620353E1
1.328000E3,4.188184E0,4.388119E1
1.329000E3,4.182735E0,4.239759E1
1.330000E3,4.177285E0,4.462188E1
1.331000E3,4.171836E0,4.570754E1
1.332000E3,4.166386E0,4.517995E1
1.333000E3,4.160937E0,4.610726E1
1.334000E3,4.155487E0,4.777742E1
1.335000E3,4.150038E0,4.734442E1
1.336000E3,4.144588E0,4.434793E1
1.337000E3,4.139139E0,4.180867E1
1.338000E3,4.133689E0,4.155852E1
1.339000E3,4.128240E0,4.156152E1
1.340000E3,4.122790E0,3.941360E1
1.341000E3,4.117341E0,4.044620E1
1.342000E3,4.111892E0,4.090506E1
1.343000E3,4.106442E0,4.110115E1
1.344000E3,4.100993E0,4.400915E1
1.345000E3,4.095543E0,4.373965E1
1.346000E3,4.090094E0,4.344861E1
1.347000E3,4.084644E0,4.521104E1
1.348000E3,4.079195E0,4.668961E1
1.349000E3,4.073745E0,4.960046E1
1.350000E3,4.068296E0,4.873338E1
1.351000E3,4.062846E0,4.838651E1
1.352000E3,4.057397E0,5.001341E1
1.353000E3,4.051947E0,4.719839E1
1.354000E3,4.046498E0,4.164988E1
1.355000E3,4.041048E0,4.098390E1
1.356000E3,4.035599E0,4.250579E1
1.357000E3,4.030149E0,4.266968E1
1.358000E3,4.024700E0,4.287333E1
1.359000E3,4.019250E0,4.233618E1
1.360000E3,4.013801E0,4.123127E1
1.361000E3,4.008351E0,4.183552E1
1.362000E3,4.002902E0,4.234981E1
1.363000E3,3.997452E0,4.068760E1
1.364000E3,3.992003E0,3.906394E1
1.365000E3,3.986553E0,4.083378E1
1.366000E3,3.981104E0,4.246301E1
1.367000E3,3.975654E0,4.514871E1
1.368000E3,3.970205E0,4.275172E1
1.369000E3,3.964755E0,4.491698E1
1.370000E3,3.959306E0,4.543703E1
1.371000E3,3.953856E0,4.449340E1
1.372000E3,3.948407E0,4.205984E1
1.373000E3,3.942957E0,3.976914E1
1.374000E3,3.937508E0,3.857553E1
1.375000E3,3.932058E0,3.944953E1
1.376000E3,3.926609E0,3.976164E1
1.377000E3,3.921160E0,3.941454E1
1.378000E3,3.915710E0,4.083559E1
1.379000E3,3.910261E0,4.201955E1
1.380000E3,3.904811E0,4.397871E1
1.381000E3,3.899362E0,4.281488E1
1.382000E3,3.893912E0,4.204941E1
1.383000E3,3.888463E0,4.305349E1
1.384000E3,3.883013E0,4.216467E1
1.385000E3,3.877564E0,3.869286E1
1.386000E3,3.872114E0,3.889447E1
1.387000E3,3.866665E0,4.034376E1
1.388000E3,3.861215E0,3.937193E1
1.389000E3,3.855766E0,3.806486E1
1.390000E3,3.850316E0,3.812825E1
1.391000E3,3.844867E0,3.852765E1
1.392000E3,3.839417E0,3.888522E1
1.393000E3,3.833968E0,3.789143E1
1.394000E3,3.828518E0,4.113718E1
1.395000E3,3.823069E0,4.187957E1
1.396000E3,3.817619E0,4.021392E1
1.397000E3,3.812170E0,3.789186E1
1.398000E3,3.806720E0,3.613210E1
1.399000E3,3.801271E0,3.483064E1
1.400000E3,3.795821E0,3.456534E1
1.401000E3,3.790372E0,3.534029E1
1.402000E3,3.784922E0,3.542992E1
1.403000E3,3.779473E0,3.365895E1
1.404000E3,3.774023E0,3.224650E1
1.405000E3,3.768574E0,3.266648E1
1.406000E3,3.763124E0,3.098394E1
1.407000E3,3.757675E0,2.841009E1
1.408000E3,3.752225E0,2.683549E1
1.409000E3,3.746776E0,3.020784E1
1.410000E3,3.741327E0,3.206365E1
1.411000E3,3.735877E0,3.038925E1
1.412000E3,3.730428E0,2.776316E1
1.413000E3,3.724978E0,2.909976E1
1.414000E3,3.719529E0,3.034523E1
1.415000E3,3.714079E0,3.135262E1
1.416000E3,3.708630E0,3.348424E1
1.417000E3,3.703180E0,3.166925E1
1.418000E3,3.697731E0,3.161327E1
1.419000E3,3.692281E0,3.226647E1
1.420000E3,3.686832E0,3.214548E1
1.421000E3,3.681382E0,3.197347E1
1.422000E3,3.675933E0,3.247817E1
1.423000E3,3.670483E0,3.166139E1
1.424000E3,3.665034E0,3.037077E1
1.425000E3,3.659584E0,2.820363E1
1.426000E3,3.654135E0,2.581628E1
1.427000E3,3.648685E0,2.720218E1
1.428000E3,3.643236E0,2.942305E1
1.429000E3,3.637786E0,2.818758E1
1.430000E3,3.632337E0,2.688870E1
1.431000E3,3.626887E0,2.963335E1
1.432000E3,3.621438E0,2.904669E1
1.433000E3,3.615988E0,2.991065E1
1.434000E3,3.610539E0,2.869837E1
1.435000E3,3.605089E0,2.974727E1
1.436000E3,3.599640E0,3.107322E1
1.437000E3,3.594190E0,3.205796E1
1.438000E3,3.588741E0,3.187142E1
1.439000E3,3.583291E0,3.095171E1
1.440000E3,3.577842E0,3.053165E1
1.441000E3,3.572392E0,3.251282E1
1.442000E3,3.566943E0,3.511996E1
1.443000E3,3.561494E0,3.437854E1
1.444000E3,3.556044E0,3.453292E1
1.445000E3,3.550595E0,3.408314E1
1.446000E3,3.545145E0,3.577511E1
1.447000E3,3.539696E0,3.619076E1
1.448000E3,3.534246E0,3.523858E1
1.449000E3,3.528797E0,3.601967E1
1.450000E3,3.523347E0,3.934949E1
1.451000E3,3.517898E0,4.024038E1
1.452000E3,3.512448E0,3.954967E1
1.453000E3,3.506999E0,3.972436E1
1.454000E3,3.501549E0,4.046644E1
1.455000E3,3.496100E0,3.877260E1
1.456000E3,3.490650E0,3.902371E1
1.457000E3,3.485201E0,3.798341E1
1.458000E3,3.479751E0,3.747706E1
1.459000E3,3.474302E0,3.816295E1
1.460000E3,3.468852E0,4.015168E1
1.461000E3,3.463403E0,4.126583E1
1.462000E3,3.457953E0,4.089035E1
1.463000E3,3.452504E0,4.310445E1
1.464000E3,3.447054E0,4.527622E1
1.465000E3,3.441605E0,4.538883E1
1.466000E3,3.436155E0,4.774951E1
1.467000E3,3.430706E0,4.630809E1
1.468000E3,3.425256E0,4.599320E1
1.469000E3,3.419807E0,4.793906E1
1.470000E3,3.414357E0,4.579799E1
1.471000E3,3.408908E0,4.239742E1
1.472000E3,3.403458E0,4.363826E1
1.473000E3,3.398009E0,4.444386E1
1.474000E3,3.392559E0,4.530136E1
1.475000E3,3.387110E0,4.744619E1
1.476000E3,3.381660E0,4.723800E1
1.477000E3,3.376211E0,5.041950E1
1.478000E3,3.370762E0,5.311486E1
1.479000E3,3.365312E0,5.352448E1
1.480000E3,3.359863E0,5.256723E1
1.481000E3,3.354413E0,5.047436E1
1.482000E3,3.348964E0,4.895428E1
1.483000E3,3.343514E0,5.083125E1
1.484000E3,3.338065E0,5.372895E1
1.485000E3,3.332615E0,5.636424E1
1.486000E3,3.327166E0,5.847312E1
1.487000E3,3.321716E0,5.499313E1
1.488000E3,3.316267E0,5.441284E1
1.489000E3,3.310817E0,5.595326E1
1.490000E3,3.305368E0,5.819132E1
1.491000E3,3.299918E0,6.232065E1
1.492000E3,3.294469E0,6.239203E1
1.493000E3,3.289019E0,6.047673E1
1.494000E3,3.283570E0,5.832629E1
1.495000E3,3.278120E0,5.783010E1
1.496000E3,3.272671E0,5.872242E1
1.497000E3,3.267221E0,6.077486E1
1.498000E3,3.261772E0,6.141383E1
1.499000E3,3.256322E0,6.247780E1
1.500000E3,3.250873E0,6.188818E1
1.501000E3,3.245423E0,6.009889E1
1.502000E3,3.239974E0,6.223913E1
1.503000E3,3.234524E0,6.258792E1
1.504000E3,3.229075E0,6.284893E1
1.505000E3,3.223625E0,6.431489E1
1.506000E3,3.218176E0,6.519990E1
1.507000E3,3.212726E0,6.335682E1
1.508000E3,3.207277E0,6.515789E1
1.509000E3,3.201827E0,6.317451E1
1.510000E3,3.196378E0,6.276436E1
1.511000E3,3.190929E0,5.868822E1
1.512000E3,3.185479E0,5.779063E1
1.513000E3,3.180030E0,5.852442E1
1.514000E3,3.174580E0,6.198772E1
1.515000E3,3.169131E0,6.285951E1
1.516000E3,3.163681E0,6.744491E1
1.517000E3,3.158232E0,7.071307E1
1.518000E3,3.152782E0,7.259157E1
1.519000E3,3.147333E0,7.217152E1
1.520000E3,3.141883E0,6.835794E1
1.521000E3,3.136434E0,6.973149E1
1.522000E3,3.130984E0,6.984913E1
1.523000E3,3.125535E0,7.385299E1
1.524000E3,3.120085E0,7.592988E1
1.525000E3,3.114636E0,7.696723E1
1.526000E3,3.109186E0,7.687128E1
1.527000E3,3.103737E0,7.386403E1
1.528000E3,3.098287E0,7.567865E1
1.529000E3,3.092838E0,7.795176E1
1.530000E3,3.087388E0,7.753585E1
1.531000E3,3.081939E0,7.789878E1
1.532000E3,3.076489E0,7.676095E1
1.533000E3,3.071040E0,7.504535E1
1.534000E3,3.065590E0,7.462910E1
1.535000E3,3.060141E0,7.707661E1
1.536000E3,3.054691E0,7.727293E1
1.537000E3,3.049242E0,7.349721E1
1.538000E3,3.043792E0,7.048775E1
1.539000E3,3.038343E0,7.085828E1
1.540000E3,3.032893E0,7.516430E1
1.541000E3,3.027444E0,7.479295E1
1.542000E3,3.021994E0,7.418421E1
1.543000E3,3.016545E0,7.324038E1
1.544000E3,3.011096E0,7.452357E1
1.545000E3,3.005646E0,7.522010E1
1.546000E3,3.000197E0,7.730996E1
1.547000E3,2.994747E0,8.025333E1
1.548000E3,2.989298E0,7.941665E1
1.549000E3,2.983848E0,7.835734E1
1.550000E3,2.978399E0,7.771090E1
1.551000E3,2.972949E0,8.080177E1
1.552000E3,2.967500E0,8.280050E1
1.553000E3,2.962050E0,7.701792E1
1.554000E3,2.956601E0,7.300363E1
1.555000E3,2.951151E0,6.839725E1
1.556000E3,2.945702E0,6.618388E1
1.557000E3,2.940252E0,7.384643E1
1.558000E3,2.934803E0,7.480668E1
1.559000E3,2.929353E0,7.475261E1
1.560000E3,2.923904E0,7.435844E1
1.561000E3,2.918454E0,7.102881E1
1.562000E3,2.913005E0,7.032058E1
1.563000E3,2.907555E0,6.948540E1
1.564000E3,2.902106E0,7.090369E1
1.565000E3,2.896656E0,7.098119E1
1.566000E3,2.891207E0,6.941439E1
1.567000E3,2.885757E0,7.172380E1
1.568000E3,2.880308E0,7.407205E1
1.569000E3,2.874858E0,7.282954E1
1.570000E3,2.869409E0,7.170362E1
1.571000E3,2.863959E0,7.342097E1
1.572000E3,2.858510E0,7.602121E1
1.573000E3,2.853060E0,7.594493E1
1.574000E3,2.847611E0,7.512207E1
1.575000E3,2.842161E0,7.900999E1
1.576000E3,2.836712E0,7.600404E1
1.577000E3,2.831262E0,7.480265E1
1.578000E3,2.825813E0,7.072132E1
1.579000E3,2.820364E0,6.948829E1
1.580000E3,2.814914E0,7.216430E1
1.581000E3,2.809465E0,6.775291E1
1.582000E3,2.804015E0,6.604413E1
1.583000E3,2.798566E0,6.305571E1
1.584000E3,2.793116E0,6.128502E1
1.585000E3,2.787667E0,6.426884E1
1.586000E3,2.782217E0,6.691431E1
1.587000E3,2.776768E0,6.664989E1
1.588000E3,2.771318E0,6.565625E1
1.589000E3,2.765869E0,6.342541E1
1.590000E3,2.760419E0,6.349792E1
1.591000E3,2.754970E0,6.598867E1
1.592000E3,2.749520E0,6.709569E1
1.593000E3,2.744071E0,6.278977E1
1.594000E3,2.738621E0,5.914044E1
1.595000E3,2.733172E0,5.835881E1
1.596000E3,2.727722E0,5.800034E1
1.597000E3,2.722273E0,6.221614E1
1.598000E3,2.716823E0,6.122474E1
1.599000E3,2.711374E0,6.072547E1
1.600000E3,2.705924E0,6.141788E1
1.601000E3,2.700475E0,6.086594E1
1.602000E3,2.695025E0,6.002782E1
1.603000E3,2.689576E0,6.162892E1
1.604000E3,2.684126E0,5.817667E1
1.605000E3,2.678677E0,5.608467E1
1.606000E3,2.673227E0,5.414329E1
1.607000E3,2.667778E0,5.534497E1
1.608000E3,2.662328E0,5.807960E1
1.609000E3,2.656879E0,5.687171E1
1.610000E3,2.651429E0,5.441571E1
1.611000E3,2.645980E0,5.171447E1
1.612000E3,2.640531E0,4.833160E1
1.613000E3,2.635081E0,5.057835E1
1.614000E3,2.629632E0,4.982301E1
1.615000E3,2.624182E0,4.721818E1
1.616000E3,2.618733E0,4.551350E1
1.617000E3,2.613283E0,4.558016E1
1.618000E3,2.607834E0,4.552366E1
1.619000E3,2.602384E0,4.611134E1
1.620000E3,2.596935E0,5.058347E1
1.621000E3,2.591485E0,5.159596E1
1.622000E3,2.586036E0,4.900808E1
1.623000E3,2.580586E0,4.732989E1
1.624000E3,2.575137E0,4.790388E1
1.625000E3,2.569687E0,4.780387E1
1.626000E3,2.564238E0,4.639297E1
1.627000E3,2.558788E0,4.363145E1
1.628000E3,2.553339E0,4.447901E1
1.629000E3,2.547889E0,4.487918E1
1.630000E3,2.542440E0,4.395841E1
1.631000E3,2.536990E0,4.262712E1
1.632000E3,2.531541E0,4.095408E1
1.633000E3,2.526091E0,4.007502E1
1.634000E3,2.520642E0,3.700417E1
1.635000E3,2.515192E0,3.893956E1
1.636000E3,2.509743E0,3.955811E1
1.637000E3,2.504293E0,3.950775E1
1.638000E3,2.498844E0,4.080089E1
1.639000E3,2.493394E0,3.971648E1
1.640000E3,2.487945E0,3.778854E1
1.641000E3,2.482495E0,3.913420E1
1.642000E3,2.477046E0,4.192861E1
1.643000E3,2.471596E0,3.926100E1
1.644000E3,2.466147E0,3.674000E1
1.645000E3,2.460698E0,3.790136E1
1.646000E3,2.455248E0,3.719704E1
1.647000E3,2.449799E0,3.830381E1
1.648000E3,2.444349E0,4.205479E1
1.649000E3,2.438900E0,4.006051E1
1.650000E3,2.433450E0,4.007602E1
1.651000E3,2.428001E0,4.130760E1
1.652000E3,2.422551E0,3.970928E1
1.653000E3,2.417102E0,3.892365E1
1.654000E3,2.411652E0,4.082154E1
1.655000E3,2.406203E0,4.191083E1
1.656000E3,2.400753E0,4.024589E1
1.657000E3,2.395304E0,3.868786E1
1.658000E3,2.389854E0,4.083131E1
1.659000E3,2.384405E0,4.270330E1
1.660000E3,2.378955E0,4.440424E1
1.661000E3,2.373506E0,4.514917E1
1.662000E3,2.368056E0,4.492712E1
1.663000E3,2.362607E0,4.902560E1
1.664000E3,2.357157E0,4.962900E1
1.665000E3,2.351708E0,4.821261E1
1.666000E3,2.346258E0,5.049841E1
1.667000E3,2.340809E0,5.307331E1
1.668000E3,2.335359E0,5.311516E1
1.669000E3,2.329910E0,5.456085E1
1.670000E3,2.324460E0,5.634101E1
1.671000E3,2.319011E0,5.680626E1
1.672000E3,2.313561E0,5.636857E1
1.673000E3,2.308112E0,5.254673E1
1.674000E3,2.302662E0,5.093882E1
1.675000E3,2.297213E0,4.882473E1
1.676000E3,2.291763E0,4.658453E1
1.677000E3,2.286314E0,5.159461E1
1.678000E3,2.280864E0,5.778672E1
1.679000E3,2.275415E0,5.892906E1
1.680000E3,2.269966E0,5.713494E1
1.681000E3,2.264516E0,5.529676E1
1.682000E3,2.259067E0,5.589986E1
1.683000E3,2.253617E0,5.717114E1
1.684000E3,2.248168E0,5.446891E1
1.685000E3,2.242718E0,5.387567E1
1.686000E3,2.237269E0,5.630219E1
1.687000E3,2.231819E0,5.630647E1
1.688000E3,2.226370E0,5.716275E1
1.689000E3,2.220920E0,5.897261E1
1.690000E3,2.215471E0,6.154108E1
1.691000E3,2.210021E0,6.545658E1
1.692000E3,2.204572E0,6.614983E1
1.693000E3,2.199122E0,7.150837E1
1.694000E3,2.193673E0,7.725107E1
1.695000E3,2.188223E0,7.829202E1
1.696000E3,2.182774E0,7.817276E1
1.697000E3,2.177324E0,7.612022E1
1.698000E3,2.171875E0,7.234548E1
1.699000E3,2.166425E0,7.197534E1
1.700000E3,2.160976E0,7.332369E1
1.701000E3,2.155526E0,7.762272E1
1.702000E3,2.150077E0,8.042730E1
1.703000E3,2.144627E0,8.260097E1
1.704000E3,2.139178E0,8.523155E1
1.705000E3,2.133728E0,8.839870E1
1.706000E3,2.128279E0,8.725825E1
1.707000E3,2.122829E0,8.983810E1
1.708000E3,2.117380E0,8.687615E1
1.709000E3,2.111930E0,9.099935E1
1.710000E3,2.106481E0,9.502069E1
1.711000E3,2.101031E0,9.311670E1
1.712000E3,2.095582E0,9.473184E1
1.713000E3,2.090133E0,9.549257E1
1.714000E3,2.084683E0,1.026578E2
1.715000E3,2.079234E0,1.068832E2
1.716000E3,2.073784E0,1.044973E2
1.717000E3,2.068335E0,1.040966E2
1.718000E3,2.062885E0,1.006182E2
1.719000E3,2.057436E0,9.329951E1
1.720000E3,2.051986E0,9.350907E1
1.721000E3,2.046537E0,9.775798E1
1.722000E3,2.041087E0,1.010003E2
1.723000E3,2.035638E0,1.032783E2
1.724000E3,2.030188E0,1.053491E2
1.725000E3,2.024739E0,1.032202E2
1.726000E3,2.019289E0,1.025292E2
1.727000E3,2.013840E0,1.066334E2
1.728000E3,2.008390E0,1.043083E2
1.729000E3,2.002941E0,1.019284E2
1.730000E3,1.997491E0,9.658087E1
1.731000E3,1.992042E0,1.003266E2
1.732000E3,1.986592E0,1.066908E2
1.733000E3,1.981143E0,1.055603E2
1.734000E3,1.975693E0,1.097111E2
1.735000E3,1.970244E0,1.154699E2
1.736000E3,1.964794E0,1.134848E2
1.737000E3,1.959345E0,1.095630E2
1.738000E3,1.953895E0,1.099237E2
1.739000E3,1.948446E0,1.050377E2
1.740000E3,1.942996E0,1.047427E2
1.741000E3,1.937547E0,1.068717E2
1.742000E3,1.932097E0,1.102588E2
1.743000E3,1.926648E0,1.142417E2
1.744000E3,1.921198E0,1.195478E2
1.745000E3,1.915749E0,1.228759E2
1.746000E3,1.910300E0,1.226696E2
1.747000E3,1.904850E0,1.246489E2
1.748000E3,1.899401E0,1.253866E2
1.749000E3,1.893951E0,1.201535E2
1.750000E3,1.888502E0,1.136745E2
1.751000E3,1.883052E0,1.071342E2
1.752000E3,1.877603E0,1.084108E2
1.753000E3,1.872153E0,1.060161E2
1.754000E3,1.866704E0,1.057407E2
1.755000E3,1.861254E0,1.074853E2
1.756000E3,1.855805E0,1.058700E2
1.757000E3,1.850355E0,1.059271E2
1.758000E3,1.844906E0,1.083066E2
1.759000E3,1.839456E0,1.180526E2
1.760000E3,1.834007E0,1.194877E2
1.761000E3,1.828557E0,1.143047E2
1.762000E3,1.823108E0,1.087121E2
1.763000E3,1.817658E0,1.130295E2
1.764000E3,1.812209E0,1.174763E2
1.765000E3,1.806759E0,1.191018E2
1.766000E3,1.801310E0,1.163682E2
1.767000E3,1.795860E0,1.131985E2
1.768000E3,1.790411E0,1.121762E2
1.769000E3,1.784961E0,1.188136E2
1.770000E3,1.779512E0,1.225416E2
1.771000E3,1.774062E0,1.194360E2
1.772000E3,1.768613E0,1.127400E2
1.773000E3,1.763163E0,1.103191E2
1.774000E3,1.757714E0,1.152448E2
1.775000E3,1.752264E0,1.075536E2
1.776000E3,1.746815E0,1.079623E2
1.777000E3,1.741365E0,1.102173E2
1.778000E3,1.735916E0,1.105141E2
1.779000E3,1.730466E0,1.142194E2
1.780000E3,1.725017E0,1.127575E2
1.781000E3,1.719568E0,1.098349E2
1.782000E3,1.714118E0,1.082954E2
1.783000E3,1.708669E0,1.164570E2
1.784000E3,1.703219E0,1.218090E2
1.785000E3,1.697770E0,1.214284E2
1.786000E3,1.692320E0,1.178609E2
1.787000E3,1.686871E0,1.112798E2
1.788000E3,1.681421E0,1.122706E2
1.789000E3,1.675972E0,1.150908E2
1.790000E3,1.670522E0,1.145803E2
1.791000E3,1.665073E0,1.183332E2
1.792000E3,1.659623E0,1.182115E2
1.793000E3,1.654174E0,1.171913E2
1.794000E3,1.648724E0,1.163926E2
1.795000E3,1.643275E0,1.191035E2
1.796000E3,1.637825E0,1.185429E2
1.797000E3,1.632376E0,1.195796E2
1.798000E3,1.626926E0,1.176355E2
1.799000E3,1.621477E0,1.123051E2
1.800000E3,1.616027E0,1.067063E2
1.801000E3,1.610578E0,1.092726E2
1.802000E3,1.605128E0,1.053390E2
1.803000E3,1.599679E0,1.084351E2
1.804000E3,1.594229E0,1.095165E2
1.805000E3,1.588780E0,1.120575E2
1.806000E3,1.583330E0,1.105249E2
1.807000E3,1.577881E0,1.090428E2
1.808000E3,1.572431E0,1.106254E2
1.809000E3,1.566982E0,1.088119E2
1.810000E3,1.561532E0,1.139525E2
1.811000E3,1.556083E0,1.129773E2
1.812000E3,1.550633E0,1.112781E2
1.813000E3,1.545184E0,1.093548E2
1.814000E3,1.539735E0,1.080147E2
1.815000E3,1.534285E0,1.025052E2
1.816000E3,1.528836E0,1.030915E2
1.817000E3,1.523386E0,1.070026E2
1.818000E3,1.517937E0,1.065065E2
1.819000E3,1.512487E0,1.064436E2
1.820000E3,1.507038E0,1.037351E2
1.821000E3,1.501588E0,1.052220E2
1.822000E3,1.496139E0,1.060831E2
1.823000E3,1.490689E0,1.049950E2
1.824000E3,1.485240E0,1.001455E2
1.825000E3,1.479790E0,1.005922E2
1.826000E3,1.474341E0,1.018367E2
1.827000E3,1.468891E0,9.371872E1
1.828000E3,1.463442E0,9.665927E1
1.829000E3,1.457992E0,1.011961E2
1.830000E3,1.452543E0,1.046645E2
1.831000E3,1.447093E0,1.017849E2
1.832000E3,1.441644E0,1.012896E2
1.833000E3,1.436194E0,1.019162E2
1.834000E3,1.430745E0,1.000838E2
1.835000E3,1.425295E0,9.977276E1
1.836000E3,1.419846E0,9.940777E1
1.837000E3,1.414396E0,9.771798E1
1.838000E3,1.408947E0,1.004413E2
1.839000E3,1.403497E0,1.007759E2
1.840000E3,1.398048E0,1.002528E2
1.841000E3,1.392598E0,1.019175E2
1.842000E3,1.387149E0,9.957353E1
1.843000E3,1.381699E0,9.271404E1
1.844000E3,1.376250E0,9.253314E1
1.845000E3,1.370800E0,9.488508E1
1.846000E3,1.365351E0,9.356819E1
1.847000E3,1.359902E0,8.867114E1
1.848000E3,1.354452E0,8.523603E1
1.849000E3,1.349003E0,8.340969E1
1.850000E3,1.343553E0,8.380456E1
1.851000E3,1.338104E0,8.356883E1
1.852000E3,1.332654E0,8.409646E1
1.853000E3,1.327205E0,8.304055E1
1.854000E3,1.321755E0,7.871443E1
1.855000E3,1.316306E0,7.922368E1
1.856000E3,1.310856E0,7.719057E1
1.857000E3,1.305407E0,7.668022E1
1.858000E3,1.299957E0,7.542356E1
1.859000E3,1.294508E0,7.939999E1
1.860000E3,1.289058E0,7.689254E1
1.861000E3,1.283609E0,7.441939E1
1.862000E3,1.278159E0,7.637502E1
1.863000E3,1.272710E0,7.186780E1
1.864000E3,1.267260E0,6.773066E1
1.865000E3,1.261811E0,7.330305E1
1.866000E3,1.256361E0,7.128911E1
1.867000E3,1.250912E0,6.868723E1
1.868000E3,1.245462E0,7.357020E1
1.869000E3,1.240013E0,7.638443E1
1.870000E3,1.234563E0,7.856265E1
1.871000E3,1.229114E0,7.947431E1
1.872000E3,1.223664E0,7.654309E1
1.873000E3,1.218215E0,7.643393E1
1.874000E3,1.212765E0,7.557896E1
1.875000E3,1.207316E0,7.872121E1
1.876000E3,1.201866E0,8.169558E1
1.877000E3,1.196417E0,8.213612E1
1.878000E3,1.190967E0,8.371340E1
1.879000E3,1.185518E0,8.065489E1
1.880000E3,1.180068E0,8.007152E1
1.881000E3,1.174619E0,8.464339E1
1.882000E3,1.169170E0,8.986707E1
1.883000E3,1.163720E0,9.210861E1
1.884000E3,1.158271E0,9.149071E1
1.885000E3,1.152821E0,8.444926E1
1.886000E3,1.147372E0,8.101948E1
1.887000E3,1.141922E0,7.908313E1
1.888000E3,1.136473E0,8.171221E1
1.889000E3,1.131023E0,8.886780E1
1.890000E3,1.125574E0,9.033556E1
1.891000E3,1.120124E0,9.112550E1
1.892000E3,1.114675E0,9.090657E1
1.893000E3,1.109225E0,9.011464E1
1.894000E3,1.103776E0,8.921499E1
1.895000E3,1.098326E0,9.283648E1
1.896000E3,1.092877E0,9.422683E1
1.897000E3,1.087427E0,9.497450E1
1.898000E3,1.081978E0,9.624922E1
1.899000E3,1.076528E0,9.691010E1
1.900000E3,1.071079E0,9.870706E1
1.901000E3,1.065629E0,1.011315E2
1.902000E3,1.060180E0,1.048031E2
1.903000E3,1.054730E0,1.073375E2
1.904000E3,1.049281E0,1.053093E2
1.905000E3,1.043831E0,1.065009E2
1.906000E3,1.038382E0,1.097976E2
1.907000E3,1.032932E0,1.153356E2
1.908000E3,1.027483E0,1.174056E2
1.909000E3,1.022033E0,1.231399E2
1.910000E3,1.016584E0,1.306039E2
1.911000E3,1.011134E0,1.312251E2
1.912000E3,1.005685E0,1.362052E2
1.913000E3,1.000235E0,1.417958E2
1.914000E3,9.947860E-1,1.418037E2
1.915000E3,9.893365E-1,1.365006E2
1.916000E3,9.838870E-1,1.344271E2
1.917000E3,9.784375E-1,1.362542E2
1.918000E3,9.729881E-1,1.403720E2
1.919000E3,9.675386E-1,1.376803E2
1.920000E3,9.620891E-1,1.372754E2
1.921000E3,9.566396E-1,1.447479E2
1.922000E3,9.511901E-1,1.508644E2
1.923000E3,9.457406E-1,1.562114E2
1.924000E3,9.402912E-1,1.554310E2
1.925000E3,9.348417E-1,1.538852E2
1.926000E3,9.293922E-1,1.490391E2
1.927000E3,9.239427E-1,1.499804E2
1.928000E3,9.184932E-1,1.606009E2
1.929000E3,9.130437E-1,1.691173E2
1.930000E3,9.075942E-1,1.721047E2
1.931000E3,9.021448E-1,1.691622E2
1.932000E3,8.966953E-1,1.706618E2
1.933000E3,8.912458E-1,1.783314E2
1.934000E3,8.857963E-1,1.867251E2
1.935000E3,8.803468E-1,1.915738E2
1.936000E3,8.748973E-1,1.954962E2
1.937000E3,8.694478E-1,2.069957E2
1.938000E3,8.639984E-1,2.141459E2
1.939000E3,8.585489E-1,2.128978E2
1.940000E3,8.530994E-1,2.124171E2
1.941000E3,8.476499E-1,2.132840E2
1.942000E3,8.422004E-1,2.096858E2
1.943000E3,8.367509E-1,2.039361E2
1.944000E3,8.313015E-1,2.025554E2
1.945000E3,8.258520E-1,1.983815E2
1.946000E3,8.204025E-1,1.979291E2
1.947000E3,8.149530E-1,1.961579E2
1.948000E3,8.095035E-1,1.993896E2
1.949000E3,8.040540E-1,2.065775E2
1.950000E3,7.986045E-1,2.087721E2
1.951000E3,7.931551E-1,2.088217E2
1.952000E3,7.877056E-1,2.151787E2
1.953000E3,7.822561E-1,2.188303E2
1.954000E3,7.768066E-1,2.247919E2
1.955000E3,7.713571E-1,2.312155E2
1.956000E3,7.659076E-1,2.383265E2
1.957000E3,7.604581E-1,2.444247E2
1.958000E3,7.550087E-1,2.451726E2
1.959000E3,7.495592E-1,2.399942E2
1.960000E3,7.441097E-1,2.333347E2
1.961000E3,7.386602E-1,2.349765E2
1.962000E3,7.332107E-1,2.350164E2
1.963000E3,7.277612E-1,2.338705E2
1.964000E3,7.223117E-1,2.325548E2
1.965000E3,7.168623E-1,2.409663E2
1.966000E3,7.114128E-1,2.464827E2
1.967000E3,7.059633E-1,2.442887E2
1.968000E3,7.005138E-1,2.407829E2
1.969000E3,6.950643E-1,2.417901E2
1.970000E3,6.896148E-1,2.442016E2
1.971000E3,6.841654E-1,2.480392E2
1.972000E3,6.787159E-1,2.487312E2
1.973000E3,6.732664E-1,2.490632E2
1.974000E3,6.678169E-1,2.513512E2
1.975000E3,6.623674E-1,2.540121E2
1.976000E3,6.569179E-1,2.548164E2
1.977000E3,6.514684E-1,2.548453E2
1.978000E3,6.460190E-1,2.540990E2
1.979000E3,6.405695E-1,2.515818E2
1.980000E3,6.351200E-1,2.502274E2
1.981000E3,6.296705E-1,2.494262E2
1.982000E3,6.242210E-1,2.487576E2
1.983000E3,6.187715E-1,2.497483E2
1.984000E3,6.133220E-1,2.534764E2
1.985000E3,6.078726E-1,2.547429E2
1.986000E3,6.024231E-1,2.538296E2
1.987000E3,5.969736E-1,2.534520E2
1.988000E3,5.915241E-1,2.540562E2
1.989000E3,5.860746E-1,2.550000E2
1.990000E3,5.806251E-1,2.550000E2
1.991000E3,5.751756E-1,2.550000E2
1.992000E3,5.697262E-1,2.550000E2
1.993000E3,5.642767E-1,2.549774E2
1.994000E3,5.588272E-1,2.548668E2
1.995000E3,5.533777E-1,2.546678E2
1.996000E3,5.479282E-1,2.538451E2
1.997000E3,5.424787E-1,2.538551E2
1.998000E3,5.370293E-1,2.543602E2
1.999000E3,5.315798E-1,2.550000E2
2.000000E3,5.261303E-1,2.549541E2
2.001000E3,5.206808E-1,2.547324E2
2.002000E3,5.152313E-1,2.544771E2
2.003000E3,5.097818E-1,2.548326E2
2.004000E3,5.043323E-1,2.550000E2
2.005000E3,4.988829E-1,2.550000E2
2.006000E3,4.934334E-1,2.550000E2
2.007000E3,4.879839E-1,2.550000E2
2.008000E3,4.825344E-1,2.550000E2
2.009000E3,4.770849E-1,2.550000E2
2.010000E3,4.716354E-1,2.550000E2
2.011000E3,4.661859E-1,2.550000E2
2.012000E3,4.607365E-1,2.550000E2
2.013000E3,4.552870E-1,2.550000E2
2.014000E3,4.498375E-1,2.550000E2
2.015000E3,4.443880E-1,2.550000E2
2.016000E3,4.389385E-1,2.550000E2
2.017000E3,4.334890E-1,2.550000E2
2.018000E3,4.280396E-1,2.550000E2
2.019000E3,4.225901E-1,2.550000E2
2.020000E3,4.171406E-1,2.550000E2
2.021000E3,4.116911E-1,2.550000E2
2.022000E3,4.062416E-1,2.550000E2
2.023000E3,4.007921E-1,2.550000E2
2.024000E3,3.953426E-1,2.550000E2
2.025000E3,3.898932E-1,2.550000E2
2.026000E3,3.844437E-1,2.550000E2
2.027000E3,3.789942E-1,2.550000E2
2.028000E3,3.735447E-1,2.550000E2
2.029000E3,3.680952E-1,2.550000E2
2.030000E3,3.626457E-1,2.550000E2
2.031000E3,3.571962E-1,2.550000E2
2.032000E3,3.517468E-1,2.550000E2
2.033000E3,3.462973E-1,2.550000E2
2.034000E3,3.408478E-1,2.550000E2
2.035000E3,3.353983E-1,2.550000E2
2.036000E3,3.299488E-1,2.550000E2
2.037000E3,3.244993E-1,2.550000E2
2.038000E3,3.190498E-1,2.550000E2
2.039000E3,3.136004E-1,2.550000E2
2.040000E3,3.081509E-1,2.550000E2
2.041000E3,3.027014E-1,2.550000E2
2.042000E3,2.972519E-1,2.550000E2
2.043000E3,2.918024E-1,2.550000E2
2.044000E3,2.863529E-1,2.550000E2
2.045000E3,2.809035E-1,2.550000E2
2.046000E3,2.754540E-1,2.550000E2
2.047000E3,2.700045E-1,2.550000E2
2.048000E3,2.645550E-1,2.550000E2
2.049000E3,2.591055E-1,2.550000E2
2.050000E3,2.536560E-1,2.550000E2
2.051000E3,2.482065E-1,2.550000E2
2.052000E3,2.427571E-1,2.550000E2
2.053000E3,2.373076E-1,2.550000E2
2.054000E3,2.318581E-1,2.550000E2
2.055000E3,2.264086E-1,2.550000E2
2.056000E3,2.209591E-1,2.550000E2
2.057000E3,2.155096E-1,2.550000E2
2.058000E3,2.100601E-1,2.550000E2
2.059000E3,2.046107E-1,2.550000E2
2.060000E3,1.991612E-1,2.550000E2
2.061000E3,1.937117E-1,2.550000E2
2.062000E3,1.882622E-1,2.550000E2
2.063000E3,1.828127E-1,2.550000E2
2.064000E3,1.773632E-1,2.550000E2
2.065000E3,1.719137E-1,2.550000E2
2.066000E3,1.664643E-1,2.550000E2
2.067000E3,1.610148E-1,2.550000E2
2.068000E3,1.555653E-1,2.550000E2
2.069000E3,1.501158E-1,2.550000E2
2.070000E3,1.446663E-1,2.550000E2
2.071000E3,1.392168E-1,2.550000E2
2.072000E3,1.337674E-1,2.550000E2
2.073000E3,1.283179E-1,2.550000E2
2.074000E3,1.228684E-1,2.550000E2
2.075000E3,1.174189E-1,2.550000E2
2.076000E3,1.119694E-1,2.550000E2
2.077000E3,1.065199E-1,2.550000E2
2.078000E3,1.010704E-1,2.550000E2
2.079000E3,9.562096E-2,2.550000E2
2.080000E3,9.017147E-2,2.550000E2
2.081000E3,8.472199E-2,2.550000E2
2.082000E3,7.927250E-2,2.550000E2
2.083000E3,7.382302E-2,2.550000E2
2.084000E3,6.837353E-2,2.550000E2
2.085000E3,6.292405E-2,2.550000E2
2.086000E3,5.747456E-2,2.550000E2
2.087000E3,5.202508E-2,2.550000E2
2.088000E3,4.657559E-2,2.550000E2
2.089000E3,4.112611E-2,2.550000E2
2.090000E3,3.567662E-2,2.550000E2
2.091000E3,3.022714E-2,2.550000E2
2.092000E3,2.477765E-2,2.550000E2
2.093000E3,1.932817E-2,2.550000E2
2.094000E3,1.387868E-2,2.550000E2
2.095000E3,8.429195E-3,2.550000E2
2.096000E3,2.979710E-3,2.550000E2
2.097000E3,-2.469775E-3,2.550000E2
2.098000E3,-7.919260E-3,2.550000E2
2.099000E3,-1.336875E-2,2.550000E2
2.100000E3,-1.881823E-2,2.550000E2
2.101000E3,-2.426772E-2,2.550000E2
2.102000E3,-2.971720E-2,2.550000E2
2.103000E3,-3.516669E-2,2.550000E2
2.104000E3,-4.061617E-2,2.550000E2
2.105000E3,-4.606566E-2,2.550000E2
2.106000E3,-5.151514E-2,2.550000E2
2.107000E3,-5.696463E-2,2.550000E2
2.108000E3,-6.241411E-2,2.550000E2
2.109000E3,-6.786360E-2,2.550000E2
2.110000E3,-7.331308E-2,2.550000E2
2.111000E3,-7.876257E-2,2.550000E2
2.112000E3,-8.421205E-2,2.550000E2
2.113000E3,-8.966154E-2,2.550000E2
2.114000E3,-9.511102E-2,2.550000E2
2.115000E3,-1.005605E-1,2.550000E2
2.116000E3,-1.060100E-1,2.550000E2
2.117000E3,-1.114595E-1,2.550000E2
2.118000E3,-1.169090E-1,2.550000E2
2.119000E3,-1.223584E-1,2.550000E2
2.120000E3,-1.278079E-1,2.550000E2
2.121000E3,-1.332574E-1,2.550000E2
2.122000E3,-1.387069E-1,2.550000E2
2.123000E3,-1.441564E-1,2.550000E2
2.124000E3,-1.496059E-1,2.550000E2
2.125000E3,-1.550554E-1,2.550000E2
2.126000E3,-1.605048E-1,2.550000E2
2.127000E3,-1.659543E-1,2.550000E2
2.128000E3,-1.714038E-1,2.550000E2
2.129000E3,-1.768533E-1,2.550000E2
2.130000E3,-1.823028E-1,2.550000E2
2.131000E3,-1.877523E-1,2.550000E2
2.132000E3,-1.932018E-1,2.550000E2
2.133000E3,-1.986512E-1,2.550000E2
2.134000E3,-2.041007E-1,2.550000E2
2.135000E3,-2.095502E-1,2.550000E2
2.136000E3,-2.149997E-1,2.550000E2
2.137000E3,-2.204492E-1,2.550000E2
2.138000E3,-2.258987E-1,2.550000E2
2.139000E3,-2.313482E-1,2.550000E2
2.140000E3,-2.367976E-1,2.550000E2
2.141000E3,-2.422471E-1,2.550000E2
2.142000E3,-2.476966E-1,2.550000E2
2.143000E3,-2.531461E-1,2.550000E2
2.144000E3,-2.585956E-1,2.550000E2
2.145000E3,-2.640451E-1,2.550000E2
2.146000E3,-2.694945E-1,2.550000E2
2.147000E3,-2.749440E-1,2.550000E2
2.148000E3,-2.803935E-1,2.550000E2
2.149000E3,-2.858430E-1,2.550000E2
2.150000E3,-2.912925E-1,2.550000E2
2.151000E3,-2.967420E-1,2.550000E2
2.152000E3,-3.021915E-1,2.550000E2
2.153000E3,-3.076409E-1,2.550000E2
2.154000E3,-3.130904E-1,2.550000E2
2.155000E3,-3.185399E-1,2.550000E2
2.156000E3,-3.239894E-1,2.550000E2
2.157000E3,-3.294389E-1,2.550000E2
2.158000E3,-3.348884E-1,2.550000E2
2.159000E3,-3.403379E-1,2.550000E2
2.160000E3,-3.457873E-1,2.550000E2
2.161000E3,-3.512368E-1,2.550000E2
2.162000E3,-3.566863E-1,2.550000E2
2.163000E3,-3.621358E-1,2.550000E2
2.164000E3,-3.675853E-1,2.550000E2
2.165000E3,-3.730348E-1,2.550000E2
2.166000E3,-3.784842E-1,2.550000E2
2.167000E3,-3.839337E-1,2.550000E2
2.168000E3,-3.893832E-1,2.550000E2
2.169000E3,-3.948327E-1,2.550000E2
2.170000E3,-4.002822E-1,2.550000E2
2.171000E3,-4.057317E-1,2.550000E2
2.172000E3,-4.111812E-1,2.550000E2
2.173000E3,-4.166306E-1,2.550000E2
2.174000E3,-4.220801E-1,2.550000E2
2.175000E3,-4.275296E-1,2.550000E2
2.176000E3,-4.329791E-1,2.550000E2
2.177000E3,-4.384286E-1,2.550000E2
2.178000E3,-4.438781E-1,2.550000E2
2.179000E3,-4.493276E-1,2.550000E2
2.180000E3,-4.547770E-1,2.550000E2
2.181000E3,-4.602265E-1,2.550000E2
2.182000E3,-4.656760E-1,2.550000E2
2.183000E3,-4.711255E-1,2.550000E2
2.184000E3,-4.765750E-1,2.550000E2
2.185000E3,-4.820245E-1,2.550000E2
2.186000E3,-4.874740E-1,2.550000E2
2.187000E3,-4.929234E-1,2.550000E2
2.188000E3,-4.983729E-1,2.550000E2
2.189000E3,-5.038224E-1,2.550000E2
2.190000E3,-5.092719E-1,2.550000E2
2.191000E3,-5.147214E-1,2.550000E2
2.192000E3,-5.201709E-1,2.550000E2
2.193000E3,-5.256203E-1,2.549966E2
2.194000E3,-5.310698E-1,2.549626E2
2.195000E3,-5.365193E-1,2.549304E2
2.196000E3,-5.419688E-1,2.530140E2
2.197000E3,-5.474183E-1,2.512448E2
2.198000E3,-5.528678E-1,2.510462E2
2.199000E3,-5.583173E-1,2.543805E2
2.200000E3,-5.637667E-1,2.523949E2
2.201000E3,-5.692162E-1,2.532161E2
2.202000E3,-5.746657E-1,2.536016E2
2.203000E3,-5.801152E-1,2.507296E2
2.204000E3,-5.855647E-1,2.444103E2
2.205000E3,-5.910142E-1,2.398271E2
2.206000E3,-5.964637E-1,2.372955E2
2.207000E3,-6.019131E-1,2.389863E2
2.208000E3,-6.073626E-1,2.418656E2
2.209000E3,-6.128121E-1,2.401956E2
2.210000E3,-6.182616E-1,2.426836E2
2.211000E3,-6.237111E-1,2.434225E2
2.212000E3,-6.291606E-1,2.434761E2
2.213000E3,-6.346101E-1,2.430460E2
2.214000E3,-6.400595E-1,2.397272E2
2.215000E3,-6.455090E-1,2.339346E2
2.216000E3,-6.509585E-1,2.325993E2
2.217000E3,-6.564080E-1,2.271716E2
2.218000E3,-6.618575E-1,2.242805E2
2.219000E3,-6.673070E-1,2.241923E2
2.220000E3,-6.727564E-1,2.169799E2
2.221000E3,-6.782059E-1,2.225028E2
2.222000E3,-6.836554E-1,2.340755E2
2.223000E3,-6.891049E-1,2.372612E2
2.224000E3,-6.945544E-1,2.360973E2
2.225000E3,-7.000039E-1,2.369743E2
2.226000E3,-7.054534E-1,2.384649E2
2.227000E3,-7.109028E-1,2.480548E2
2.228000E3,-7.163523E-1,2.525222E2
2.229000E3,-7.218018E-1,2.508741E2
2.230000E3,-7.272513E-1,2.446621E2
2.231000E3,-7.327008E-1,2.457741E2
2.232000E3,-7.381503E-1,2.409337E2
2.233000E3,-7.435998E-1,2.417746E2
2.234000E3,-7.490492E-1,2.476447E2
2.235000E3,-7.544987E-1,2.491970E2
2.236000E3,-7.599482E-1,2.468024E2
2.237000E3,-7.653977E-1,2.423563E2
2.238000E3,-7.708472E-1,2.336787E2
2.239000E3,-7.762967E-1,2.422820E2
2.240000E3,-7.817461E-1,2.454054E2
2.241000E3,-7.871956E-1,2.441459E2
2.242000E3,-7.926451E-1,2.424129E2
2.243000E3,-7.980946E-1,2.416476E2
2.244000E3,-8.035441E-1,2.397021E2
2.245000E3,-8.089936E-1,2.378353E2
2.246000E3,-8.144431E-1,2.303629E2
2.247000E3,-8.198925E-1,2.364632E2
2.248000E3,-8.253420E-1,2.414558E2
2.249000E3,-8.307915E-1,2.392964E2
2.250000E3,-8.362410E-1,2.302536E2
2.251000E3,-8.416905E-1,2.235854E2
2.252000E3,-8.471400E-1,2.093630E2
2.253000E3,-8.525895E-1,2.012291E2
2.254000E3,-8.580389E-1,1.903505E2
2.255000E3,-8.634884E-1,1.818845E2
2.256000E3,-8.689379E-1,1.748877E2
2.257000E3,-8.743874E-1,1.721354E2
2.258000E3,-8.798369E-1,1.701738E2
2.259000E3,-8.852864E-1,1.626276E2
2.260000E3,-8.907359E-1,1.606415E2
2.261000E3,-8.961853E-1,1.624895E2
2.262000E3,-9.016348E-1,1.647864E2
2.263000E3,-9.070843E-1,1.697305E2
2.264000E3,-9.125338E-1,1.683369E2
2.265000E3,-9.179833E-1,1.709323E2
2.266000E3,-9.234328E-1,1.768475E2
2.267000E3,-9.288822E-1,1.785428E2
2.268000E3,-9.343317E-1,1.754627E2
2.269000E3,-9.397812E-1,1.735124E2
2.270000E3,-9.452307E-1,1.664579E2
2.271000E3,-9.506802E-1,1.651669E2
2.272000E3,-9.561297E-1,1.626782E2
2.273000E3,-9.615792E-1,1.582759E2
2.274000E3,-9.670286E-1,1.520343E2
2.275000E3,-9.724781E-1,1.498620E2
2.276000E3,-9.779276E-1,1.498009E2
2.277000E3,-9.833771E-1,1.465936E2
2.278000E3,-9.888266E-1,1.433817E2
2.279000E3,-9.942761E-1,1.381929E2
2.280000E3,-9.997256E-1,1.336878E2
2.281000E3,-1.005175E0,1.307703E2
2.282000E3,-1.010625E0,1.326410E2
2.283000E3,-1.016074E0,1.211419E2
2.284000E3,-1.021523E0,1.245875E2
2.285000E3,-1.026973E0,1.258470E2
2.286000E3,-1.032422E0,1.188539E2
2.287000E3,-1.037872E0,1.168843E2
2.288000E3,-1.043321E0,1.184495E2
2.289000E3,-1.048771E0,1.119128E2
2.290000E3,-1.054220E0,1.116704E2
2.291000E3,-1.059670E0,1.077427E2
2.292000E3,-1.065119E0,1.016842E2
2.293000E3,-1.070569E0,1.001901E2
2.294000E3,-1.076018E0,1.015545E2
2.295000E3,-1.081468E0,1.014805E2
2.296000E3,-1.086917E0,1.061663E2
2.297000E3,-1.092367E0,1.024279E2
2.298000E3,-1.097816E0,1.022537E2
2.299000E3,-1.103266E0,9.919554E1
2.300000E3,-1.108715E0,1.003519E2
2.301000E3,-1.114165E0,9.850985E1
2.302000E3,-1.119614E0,9.213564E1
2.303000E3,-1.125064E0,8.942773E1
2.304000E3,-1.130513E0,9.141973E1
2.305000E3,-1.135963E0,9.706370E1
2.306000E3,-1.141412E0,9.781542E1
2.307000E3,-1.146862E0,9.942717E1
2.308000E3,-1.152311E0,9.895804E1
2.309000E3,-1.157761E0,9.925122E1
2.310000E3,-1.163210E0,1.007992E2
2.311000E3,-1.168660E0,1.031083E2
2.312000E3,-1.174109E0,9.831898E1
2.313000E3,-1.179559E0,1.004206E2
2.314000E3,-1.185008E0,9.926170E1
2.315000E3,-1.190458E0,1.004801E2
2.316000E3,-1.195907E0,1.001765E2
2.317000E3,-1.201357E0,9.641179E1
2.318000E3,-1.206806E0,9.182453E1
2.319000E3,-1.212255E0,9.092990E1
2.320000E3,-1.217705E0,8.351237E1
2.321000E3,-1.223154E0,7.988866E1
2.322000E3,-1.228604E0,8.071928E1
2.323000E3,-1.234053E0,7.964142E1
2.324000E3,-1.239503E0,7.681201E1
2.325000E3,-1.244952E0,7.412745E1
2.326000E3,-1.250402E0,6.753345E1
2.327000E3,-1.255851E0,6.996655E1
2.328000E3,-1.261301E0,7.168153E1
2.329000E3,-1.266750E0,7.389507E1
2.330000E3,-1.272200E0,7.926200E1
2.331000E3,-1.277649E0,8.006588E1
2.332000E3,-1.283099E0,8.635844E1
2.333000E3,-1.288548E0,8.678443E1
2.334000E3,-1.293998E0,8.780555E1
2.335000E3,-1.299447E0,9.678266E1
2.336000E3,-1.304897E0,1.007934E2
2.337000E3,-1.310346E0,9.510959E1
2.338000E3,-1.315796E0,9.118425E1
2.339000E3,-1.321245E0,9.315648E1
2.340000E3,-1.326695E0,9.266106E1
2.341000E3,-1.332144E0,9.237456E1
2.342000E3,-1.337594E0,9.098295E1
2.343000E3,-1.343043E0,8.916483E1
2.344000E3,-1.348493E0,8.697837E1
2.345000E3,-1.353942E0,8.708690E1
2.346000E3,-1.359392E0,7.758987E1
2.347000E3,-1.364841E0,7.500974E1
2.348000E3,-1.370291E0,7.278453E1
2.349000E3,-1.375740E0,7.259915E1
2.350000E3,-1.381190E0,6.854517E1
2.351000E3,-1.386639E0,6.892867E1
2.352000E3,-1.392088E0,6.634393E1
2.353000E3,-1.397538E0,6.714565E1
2.354000E3,-1.402987E0,7.068176E1
2.355000E3,-1.408437E0,7.676479E1
2.356000E3,-1.413886E0,8.478841E1
2.357000E3,-1.419336E0,8.345678E1
2.358000E3,-1.424785E0,7.863915E1
2.359000E3,-1.430235E0,8.267812E1
2.360000E3,-1.435684E0,8.907559E1
2.361000E3,-1.441134E0,9.271074E1
2.362000E3,-1.446583E0,9.276440E1
2.363000E3,-1.452033E0,9.635154E1
2.364000E3,-1.457482E0,1.027949E2
2.365000E3,-1.462932E0,1.006837E2
2.366000E3,-1.468381E0,9.895123E1
2.367000E3,-1.473831E0,9.817542E1
2.368000E3,-1.479280E0,9.505931E1
2.369000E3,-1.484730E0,9.725298E1
2.370000E3,-1.490179E0,1.051189E2
2.371000E3,-1.495629E0,1.058116E2
2.372000E3,-1.501078E0,1.013646E2
2.373000E3,-1.506528E0,1.024856E2
2.374000E3,-1.511977E0,9.850597E1
2.375000E3,-1.517427E0,1.031293E2
2.376000E3,-1.522876E0,9.989627E1
2.377000E3,-1.528326E0,9.612062E1
2.378000E3,-1.533775E0,9.149499E1
2.379000E3,-1.539225E0,9.494972E1
2.380000E3,-1.544674E0,1.019873E2
2.381000E3,-1.550124E0,1.063350E2
2.382000E3,-1.555573E0,1.044665E2
2.383000E3,-1.561023E0,1.021115E2
2.384000E3,-1.566472E0,1.025410E2
2.385000E3,-1.571921E0,1.035259E2
2.386000E3,-1.577371E0,1.040202E2
2.387000E3,-1.582820E0,1.048440E2
2.388000E3,-1.588270E0,1.085938E2
2.389000E3,-1.593719E0,1.112419E2
2.390000E3,-1.599169E0,1.110939E2
2.391000E3,-1.604618E0,1.051407E2
2.392000E3,-1.610068E0,1.012181E2
2.393000E3,-1.615517E0,9.975462E1
2.394000E3,-1.620967E0,9.913543E1
2.395000E3,-1.626416E0,1.039248E2
2.396000E3,-1.631866E0,1.042954E2
2.397000E3,-1.637315E0,1.062017E2
2.398000E3,-1.642765E0,9.858943E1
2.399000E3,-1.648214E0,1.016603E2
2.400000E3,-1.653664E0,1.034977E2
2.401000E3,-1.659113E0,1.037529E2
2.402000E3,-1.664563E0,1.006630E2
2.403000E3,-1.670012E0,1.032244E2
2.404000E3,-1.675462E0,1.089560E2
2.405000E3,-1.680911E0,1.144110E2
2.406000E3,-1.686361E0,1.120069E2
2.407000E3,-1.691810E0,1.116271E2
2.408000E3,-1.697260E0,1.089855E2
2.409000E3,-1.702709E0,1.131030E2
2.410000E3,-1.708159E0,1.201373E2
2.411000E3,-1.713608E0,1.197242E2
2.412000E3,-1.719058E0,1.170683E2
2.413000E3,-1.724507E0,1.231651E2
2.414000E3,-1.729957E0,1.227836E2
2.415000E3,-1.735406E0,1.209627E2
2.416000E3,-1.740856E0,1.202820E2
2.417000E3,-1.746305E0,1.232254E2
2.418000E3,-1.751755E0,1.154530E2
2.419000E3,-1.757204E0,1.142629E2
2.420000E3,-1.762653E0,1.115086E2
2.421000E3,-1.768103E0,1.104723E2
2.422000E3,-1.773552E0,1.139817E2
2.423000E3,-1.779002E0,1.166276E2
2.424000E3,-1.784451E0,1.181816E2
2.425000E3,-1.789901E0,1.226552E2
2.426000E3,-1.795350E0,1.297539E2
2.427000E3,-1.800800E0,1.352987E2
2.428000E3,-1.806249E0,1.328200E2
2.429000E3,-1.811699E0,1.310363E2
2.430000E3,-1.817148E0,1.268566E2
2.431000E3,-1.822598E0,1.238226E2
2.432000E3,-1.828047E0,1.258520E2
2.433000E3,-1.833497E0,1.329091E2
2.434000E3,-1.838946E0,1.377483E2
2.435000E3,-1.844396E0,1.274810E2
2.436000E3,-1.849845E0,1.106379E2
2.437000E3,-1.855295E0,1.083594E2
2.438000E3,-1.860744E0,1.091674E2
2.439000E3,-1.866194E0,1.115775E2
2.440000E3,-1.871643E0,1.188668E2
2.441000E3,-1.877093E0,1.262849E2
2.442000E3,-1.882542E0,1.249164E2
2.443000E3,-1.887992E0,1.281756E2
2.444000E3,-1.893441E0,1.286042E2
2.445000E3,-1.898891E0,1.195679E2
2.446000E3,-1.904340E0,1.209162E2
2.447000E3,-1.909790E0,1.222309E2
2.448000E3,-1.915239E0,1.172664E2
2.449000E3,-1.920689E0,1.125030E2
2.450000E3,-1.926138E0,1.125107E2
2.451000E3,-1.931588E0,1.188410E2
2.452000E3,-1.937037E0,1.210458E2
2.453000E3,-1.942486E0,1.176498E2
2.454000E3,-1.947936E0,1.082591E2
2.455000E3,-1.953385E0,1.064327E2
2.456000E3,-1.958835E0,1.054190E2
2.457000E3,-1.964284E0,1.058136E2
2.458000E3,-1.969734E0,1.092666E2
2.459000E3,-1.975183E0,1.157298E2
2.460000E3,-1.980633E0,1.144956E2
2.461000E3,-1.986082E0,1.095919E2
2.462000E3,-1.991532E0,1.052024E2
2.463000E3,-1.996981E0,1.067106E2
2.464000E3,-2.002431E0,1.073499E2
2.465000E3,-2.007880E0,1.082173E2
2.466000E3,-2.013330E0,1.005314E2
2.467000E3,-2.018779E0,1.024922E2
2.468000E3,-2.024229E0,1.048638E2
2.469000E3,-2.029678E0,1.069900E2
2.470000E3,-2.035128E0,1.018395E2
2.471000E3,-2.040577E0,9.804944E1
2.472000E3,-2.046027E0,9.552853E1
2.473000E3,-2.051476E0,9.747131E1
2.474000E3,-2.056926E0,1.005253E2
2.475000E3,-2.062375E0,1.025697E2
2.476000E3,-2.067825E0,1.043507E2
2.477000E3,-2.073274E0,1.025182E2
2.478000E3,-2.078724E0,9.962771E1
2.479000E3,-2.084173E0,1.022300E2
2.480000E3,-2.089623E0,9.899872E1
2.481000E3,-2.095072E0,9.921592E1
2.482000E3,-2.100522E0,9.773290E1
2.483000E3,-2.105971E0,9.750936E1
2.484000E3,-2.111421E0,9.354972E1
2.485000E3,-2.116870E0,9.152087E1
2.486000E3,-2.122319E0,9.061029E1
2.487000E3,-2.127769E0,9.182652E1
2.488000E3,-2.133218E0,8.903893E1
2.489000E3,-2.138668E0,8.858692E1
2.490000E3,-2.144117E0,8.502926E1
2.491000E3,-2.149567E0,8.651220E1
2.492000E3,-2.155016E0,8.447715E1
2.493000E3,-2.160466E0,8.493946E1
2.494000E3,-2.165915E0,8.568543E1
2.495000E3,-2.171365E0,8.388960E1
2.496000E3,-2.176814E0,8.217016E1
2.497000E3,-2.182264E0,8.258789E1
2.498000E3,-2.187713E0,8.133765E1
2.499000E3,-2.193163E0,8.381908E1
2.500000E3,-2.198612E0,8.211843E1
2.501000E3,-2.204062E0,7.940955E1
2.502000E3,-2.209511E0,8.254727E1
2.503000E3,-2.214961E0,8.331985E1
2.504000E3,-2.220410E0,8.143469E1
2.505000E3,-2.225860E0,7.875809E1
2.506000E3,-2.231309E0,8.158933E1
2.507000E3,-2.236759E0,7.630953E1
2.508000E3,-2.242208E0,7.589682E1
2.509000E3,-2.247658E0,7.189236E1
2.510000E3,-2.253107E0,7.135589E1
2.511000E3,-2.258557E0,7.169178E1
2.512000E3,-2.264006E0,6.936014E1
2.513000E3,-2.269456E0,7.036892E1
2.514000E3,-2.274905E0,7.165736E1
2.515000E3,-2.280355E0,6.997071E1
2.516000E3,-2.285804E0,6.652603E1
2.517000E3,-2.291254E0,6.264854E1
2.518000E3,-2.296703E0,6.236979E1
2.519000E3,-2.302153E0,6.734764E1
2.520000E3,-2.307602E0,6.502963E1
2.521000E3,-2.313051E0,6.110288E1
2.522000E3,-2.318501E0,6.379114E1
2.523000E3,-2.323950E0,6.318218E1
2.524000E3,-2.329400E0,6.057839E1
2.525000E3,-2.334849E0,6.335954E1
2.526000E3,-2.340299E0,6.306722E1
2.527000E3,-2.345748E0,6.639373E1
2.528000E3,-2.351198E0,6.272465E1
2.529000E3,-2.356647E0,6.374230E1
2.530000E3,-2.362097E0,6.027419E1
2.531000E3,-2.367546E0,5.928724E1
2.532000E3,-2.372996E0,5.778488E1
2.533000E3,-2.378445E0,5.598761E1
2.534000E3,-2.383895E0,5.329886E1
2.535000E3,-2.389344E0,5.017654E1
2.536000E3,-2.394794E0,5.100422E1
2.537000E3,-2.400243E0,5.123894E1
2.538000E3,-2.405693E0,5.076503E1
2.539000E3,-2.411142E0,5.181144E1
2.540000E3,-2.416592E0,5.082824E1
2.541000E3,-2.422041E0,5.135001E1
2.542000E3,-2.427491E0,5.059607E1
2.543000E3,-2.432940E0,5.062126E1
2.544000E3,-2.438390E0,4.795543E1
2.545000E3,-2.443839E0,4.379141E1
2.546000E3,-2.449289E0,4.370254E1
2.547000E3,-2.454738E0,4.637298E1
2.548000E3,-2.460188E0,4.208155E1
2.549000E3,-2.465637E0,4.304506E1
2.550000E3,-2.471087E0,4.617776E1
2.551000E3,-2.476536E0,4.478715E1
2.552000E3,-2.481986E0,4.367816E1
2.553000E3,-2.487435E0,4.383596E1
2.554000E3,-2.492884E0,4.319590E1
2.555000E3,-2.498334E0,4.449333E1
2.556000E3,-2.503783E0,4.455096E1
2.557000E3,-2.509233E0,4.542603E1
2.558000E3,-2.514682E0,4.393703E1
2.559000E3,-2.520132E0,4.342997E1
2.560000E3,-2.525581E0,4.510207E1
2.561000E3,-2.531031E0,4.313287E1
2.562000E3,-2.536480E0,4.188319E1
2.563000E3,-2.541930E0,4.287336E1
2.564000E3,-2.547379E0,4.044084E1
2.565000E3,-2.552829E0,4.309156E1
2.566000E3,-2.558278E0,4.339180E1
2.567000E3,-2.563728E0,4.241843E1
2.568000E3,-2.569177E0,3.835753E1
2.569000E3,-2.574627E0,4.059997E1
2.570000E3,-2.580076E0,4.143439E1
2.571000E3,-2.585526E0,3.781947E1
2.572000E3,-2.590975E0,3.767259E1
2.573000E3,-2.596425E0,3.978758E1
2.574000E3,-2.601874E0,3.697335E1
2.575000E3,-2.607324E0,3.939092E1
2.576000E3,-2.612773E0,4.252102E1
2.577000E3,-2.618223E0,4.088642E1
2.578000E3,-2.623672E0,4.009106E1
2.579000E3,-2.629122E0,3.679389E1
2.580000E3,-2.634571E0,3.762901E1
2.581000E3,-2.640021E0,3.743328E1
2.582000E3,-2.645470E0,3.825933E1
2.583000E3,-2.650920E0,3.608758E1
2.584000E3,-2.656369E0,3.623491E1
2.585000E3,-2.661819E0,3.754185E1
2.586000E3,-2.667268E0,4.147948E1
2.587000E3,-2.672717E0,4.395448E1
2.588000E3,-2.678167E0,4.208957E1
2.589000E3,-2.683616E0,4.297372E1
2.590000E3,-2.689066E0,4.288139E1
2.591000E3,-2.694515E0,4.483448E1
2.592000E3,-2.699965E0,4.507306E1
2.593000E3,-2.705414E0,4.645664E1
2.594000E3,-2.710864E0,4.754218E1
2.595000E3,-2.716313E0,5.220682E1
2.596000E3,-2.721763E0,5.279987E1
2.597000E3,-2.727212E0,5.610904E1
2.598000E3,-2.732662E0,5.773905E1
2.599000E3,-2.738111E0,5.701660E1
2.600000E3,-2.743561E0,5.479604E1
2.601000E3,-2.749010E0,5.385636E1
2.602000E3,-2.754460E0,5.130666E1
2.603000E3,-2.759909E0,4.888118E1
2.604000E3,-2.765359E0,5.494203E1
2.605000E3,-2.770808E0,5.440470E1
2.606000E3,-2.776258E0,5.481688E1
2.607000E3,-2.781707E0,5.737961E1
2.608000E3,-2.787157E0,5.826381E1
2.609000E3,-2.792606E0,5.697856E1
2.610000E3,-2.798056E0,5.462112E1
2.611000E3,-2.803505E0,5.891114E1
2.612000E3,-2.808955E0,5.867708E1
2.613000E3,-2.814404E0,5.901980E1
2.614000E3,-2.819854E0,6.037631E1
2.615000E3,-2.825303E0,6.267477E1
2.616000E3,-2.830753E0,6.110024E1
2.617000E3,-2.836202E0,6.177463E1
2.618000E3,-2.841652E0,6.188725E1
2.619000E3,-2.847101E0,6.501866E1
2.620000E3,-2.852550E0,6.062067E1
2.621000E3,-2.858000E0,6.048725E1
2.622000E3,-2.863449E0,6.121969E1
2.623000E3,-2.868899E0,6.257735E1
2.624000E3,-2.874348E0,6.270225E1
2.625000E3,-2.879798E0,6.413656E1
2.626000E3,-2.885247E0,6.463049E1
2.627000E3,-2.890697E0,6.209671E1
2.628000E3,-2.896146E0,6.069726E1
2.629000E3,-2.901596E0,6.080376E1
2.630000E3,-2.907045E0,6.347277E1
2.631000E3,-2.912495E0,6.789020E1
2.632000E3,-2.917944E0,7.032419E1
2.633000E3,-2.923394E0,6.863524E1
2.634000E3,-2.928843E0,6.780635E1
2.635000E3,-2.934293E0,6.973716E1
2.636000E3,-2.939742E0,7.051927E1
2.637000E3,-2.945192E0,6.793174E1
2.638000E3,-2.950641E0,6.076697E1
2.639000E3,-2.956091E0,6.475932E1
2.640000E3,-2.961540E0,6.985542E1
2.641000E3,-2.966990E0,7.081459E1
2.642000E3,-2.972439E0,6.884695E1
2.643000E3,-2.977889E0,6.828744E1
2.644000E3,-2.983338E0,7.134586E1
2.645000E3,-2.988788E0,6.791677E1
2.646000E3,-2.994237E0,7.096188E1
2.647000E3,-2.999687E0,7.170551E1
2.648000E3,-3.005136E0,7.123674E1
2.649000E3,-3.010586E0,7.005106E1
2.650000E3,-3.016035E0,7.210926E1
2.651000E3,-3.021485E0,6.869026E1
2.652000E3,-3.026934E0,6.827132E1
2.653000E3,-3.032384E0,7.117104E1
2.654000E3,-3.037833E0,6.565636E1
2.655000E3,-3.043282E0,6.632659E1
2.656000E3,-3.048732E0,6.743077E1
2.657000E3,-3.054181E0,7.102578E1
2.658000E3,-3.059631E0,7.789716E1
2.659000E3,-3.065080E0,7.852250E1
2.660000E3,-3.070530E0,7.381995E1
2.661000E3,-3.075979E0,7.300119E1
2.662000E3,-3.081429E0,7.880326E1
2.663000E3,-3.086878E0,7.785981E1
2.664000E3,-3.092328E0,7.565812E1
2.665000E3,-3.097777E0,7.778047E1
2.666000E3,-3.103227E0,7.683380E1
2.667000E3,-3.108676E0,7.593236E1
2.668000E3,-3.114126E0,7.891116E1
2.669000E3,-3.119575E0,7.604815E1
2.670000E3,-3.125025E0,7.428450E1
2.671000E3,-3.130474E0,7.106811E1
2.672000E3,-3.135924E0,6.641411E1
2.673000E3,-3.141373E0,6.945230E1
2.674000E3,-3.146823E0,7.261226E1
2.675000E3,-3.152272E0,7.305902E1
2.676000E3,-3.157722E0,6.949402E1
2.677000E3,-3.163171E0,7.057885E1
2.678000E3,-3.168621E0,6.970477E1
2.679000E3,-3.174070E0,6.851250E1
2.680000E3,-3.179520E0,7.264657E1
2.681000E3,-3.184969E0,7.293247E1
2.682000E3,-3.190419E0,6.893866E1
2.683000E3,-3.195868E0,6.917898E1
2.684000E3,-3.201318E0,6.659389E1
2.685000E3,-3.206767E0,5.983371E1
2.686000E3,-3.212217E0,6.284677E1
2.687000E3,-3.217666E0,6.630096E1
2.688000E3,-3.223115E0,7.323711E1
2.689000E3,-3.228565E0,7.130329E1
2.690000E3,-3.234014E0,7.125837E1
2.691000E3,-3.239464E0,7.223044E1
2.692000E3,-3.244913E0,6.820116E1
2.693000E3,-3.250363E0,6.280362E1
2.694000E3,-3.255812E0,5.948749E1
2.695000E3,-3.261262E0,6.664019E1
2.696000E3,-3.266711E0,7.006434E1
2.697000E3,-3.272161E0,6.955964E1
2.698000E3,-3.277610E0,6.797590E1
2.699000E3,-3.283060E0,6.617962E1
2.700000E3,-3.288509E0,6.774629E1
2.701000E3,-3.293959E0,6.842316E1
2.702000E3,-3.299408E0,7.113943E1
2.703000E3,-3.304858E0,6.942301E1
2.704000E3,-3.310307E0,6.150073E1
2.705000E3,-3.315757E0,5.983943E1
2.706000E3,-3.321206E0,6.315647E1
2.707000E3,-3.326656E0,6.541345E1
2.708000E3,-3.332105E0,6.547431E1
2.709000E3,-3.337555E0,6.369654E1
2.710000E3,-3.343004E0,6.190805E1
2.711000E3,-3.348454E0,6.411391E1
2.712000E3,-3.353903E0,6.238585E1
2.713000E3,-3.359353E0,5.882095E1
2.714000E3,-3.364802E0,5.996396E1
2.715000E3,-3.370252E0,5.763207E1
2.716000E3,-3.375701E0,5.709805E1
2.717000E3,-3.381151E0,5.234092E1
2.718000E3,-3.386600E0,5.440076E1
2.719000E3,-3.392050E0,5.426824E1
2.720000E3,-3.397499E0,5.192688E1
2.721000E3,-3.402948E0,5.264106E1
2.722000E3,-3.408398E0,5.377203E1
2.723000E3,-3.413847E0,5.188690E1
2.724000E3,-3.419297E0,4.908287E1
2.725000E3,-3.424746E0,4.948213E1
2.726000E3,-3.430196E0,4.682449E1
2.727000E3,-3.435645E0,4.894789E1
2.728000E3,-3.441095E0,4.994173E1
2.729000E3,-3.446544E0,4.919098E1
2.730000E3,-3.451994E0,4.525064E1
2.731000E3,-3.457443E0,5.070068E1
2.732000E3,-3.462893E0,5.090320E1
2.733000E3,-3.468342E0,5.523092E1
2.734000E3,-3.473792E0,4.874354E1
2.735000E3,-3.479241E0,5.009717E1
2.736000E3,-3.484691E0,5.082158E1
2.737000E3,-3.490140E0,4.726372E1
2.738000E3,-3.495590E0,4.291020E1
2.739000E3,-3.501039E0,4.299432E1
2.740000E3,-3.506489E0,4.735066E1
2.741000E3,-3.511938E0,4.474434E1
2.742000E3,-3.517388E0,4.312515E1
2.743000E3,-3.522837E0,4.896579E1
2.744000E3,-3.528287E0,5.001500E1
2.745000E3,-3.533736E0,4.783207E1
2.746000E3,-3.539186E0,4.261021E1
2.747000E3,-3.544635E0,4.123911E1
2.748000E3,-3.550085E0,3.826348E1
2.749000E3,-3.555534E0,3.863498E1
2.750000E3,-3.560984E0,3.649800E1
2.751000E3,-3.566433E0,3.685076E1
2.752000E3,-3.571883E0,3.794672E1
2.753000E3,-3.577332E0,3.758302E1
2.754000E3,-3.582782E0,3.852833E1
2.755000E3,-3.588231E0,3.799480E1
2.756000E3,-3.593680E0,3.766254E1
2.757000E3,-3.599130E0,3.968439E1
2.758000E3,-3.604579E0,4.313743E1
2.759000E3,-3.610029E0,3.873319E1
2.760000E3,-3.615478E0,3.381548E1
2.761000E3,-3.620928E0,3.134450E1
2.762000E3,-3.626377E0,2.968209E1
2.763000E3,-3.631827E0,3.015760E1
2.764000E3,-3.637276E0,3.064411E1
2.765000E3,-3.642726E0,3.169292E1
2.766000E3,-3.648175E0,3.020393E1
2.767000E3,-3.653625E0,3.002374E1
2.768000E3,-3.659074E0,2.997644E1
2.769000E3,-3.664524E0,2.949944E1
2.770000E3,-3.669973E0,2.948654E1
2.771000E3,-3.675423E0,3.021545E1
2.772000E3,-3.680872E0,3.157945E1
2.773000E3,-3.686322E0,3.281839E1
2.774000E3,-3.691771E0,3.121207E1
2.775000E3,-3.697221E0,2.836959E1
2.776000E3,-3.702670E0,2.880986E1
2.777000E3,-3.708120E0,2.765663E1
2.778000E3,-3.713569E0,2.636369E1
2.779000E3,-3.719019E0,2.665799E1
2.780000E3,-3.724468E0,2.821901E1
2.781000E3,-3.729918E0,2.775763E1
2.782000E3,-3.735367E0,2.769162E1
2.783000E3,-3.740817E0,2.660696E1
2.784000E3,-3.746266E0,2.602228E1
2.785000E3,-3.751716E0,2.787998E1
2.786000E3,-3.757165E0,2.604387E1
2.787000E3,-3.762615E0,2.649595E1
2.788000E3,-3.768064E0,2.700003E1
2.789000E3,-3.773513E0,2.768363E1
2.790000E3,-3.778963E0,2.704711E1
2.791000E3,-3.784412E0,2.573039E1
2.792000E3,-3.789862E0,2.328438E1
2.793000E3,-3.795311E0,2.537207E1
2.794000E3,-3.800761E0,2.597425E1
2.795000E3,-3.806210E0,2.645451E1
2.796000E3,-3.811660E0,2.591253E1
2.797000E3,-3.817109E0,2.819722E1
2.798000E3,-3.822559E0,2.706736E1
2.799000E3,-3.828008E0,2.751497E1
2.800000E3,-3.833458E0,2.732918E1
2.801000E3,-3.838907E0,2.740659E1
2.802000E3,-3.844357E0,2.652991E1
2.803000E3,-3.849806E0,2.650595E1
2.804000E3,-3.855256E0,2.661428E1
2.805000E3,-3.860705E0,2.543249E1
2.806000E3,-3.866155E0,2.988899E1
2.807000E3,-3.871604E0,2.936086E1
2.808000E3,-3.877054E0,2.869307E1
2.809000E3,-3.882503E0,2.881024E1
2.810000E3,-3.887953E0,3.358313E1
2.811000E3,-3.893402E0,3.160360E1
2.812000E3,-3.898852E0,3.102845E1
2.813000E3,-3.904301E0,3.064929E1
2.814000E3,-3.909751E0,3.289578E1
2.815000E3,-3.915200E0,3.224610E1
2.816000E3,-3.920650E0,3.149778E1
2.817000E3,-3.926099E0,3.039796E1
2.818000E3,-3.931549E0,2.871955E1
2.819000E3,-3.936998E0,2.937677E1
2.820000E3,-3.942448E0,2.767513E1
2.821000E3,-3.947897E0,2.904081E1
2.822000E3,-3.953346E0,3.031836E1
2.823000E3,-3.958796E0,2.887385E1
2.824000E3,-3.964245E0,2.944210E1
2.825000E3,-3.969695E0,2.637318E1
2.826000E3,-3.975144E0,3.129300E1
2.827000E3,-3.980594E0,3.132607E1
2.828000E3,-3.986043E0,3.154819E1
2.829000E3,-3.991493E0,3.008508E1
2.830000E3,-3.996942E0,2.875665E1
2.831000E3,-4.002392E0,3.049451E1
2.832000E3,-4.007841E0,3.204990E1
2.833000E3,-4.013291E0,3.218019E1
2.834000E3,-4.018740E0,3.185926E1
2.835000E3,-4.024190E0,3.200443E1
2.836000E3,-4.029639E0,2.899645E1
2.837000E3,-4.035089E0,2.820787E1
2.838000E3,-4.040538E0,3.345561E1
2.839000E3,-4.045988E0,2.950848E1
2.840000E3,-4.051437E0,2.917246E1
2.841000E3,-4.056887E0,3.205928E1
2.842000E3,-4.062336E0,3.369258E1
2.843000E3,-4.067786E0,3.631625E1
2.844000E3,-4.073235E0,3.603939E1
2.845000E3,-4.078685E0,3.726987E1
2.846000E3,-4.084134E0,3.955463E1
2.847000E3,-4.089584E0,3.587737E1
2.848000E3,-4.095033E0,3.551775E1
2.849000E3,-4.100483E0,3.512123E1
2.850000E3,-4.105932E0,3.747054E1
2.851000E3,-4.111382E0,3.703749E1
2.852000E3,-4.116831E0,3.515021E1
2.853000E3,-4.122281E0,3.493668E1
2.854000E3,-4.127730E0,3.788073E1
2.855000E3,-4.133180E0,3.694627E1
2.856000E3,-4.138629E0,3.630902E1
2.857000E3,-4.144078E0,3.595260E1
2.858000E3,-4.149528E0,3.663653E1
2.859000E3,-4.154977E0,3.787974E1
2.860000E3,-4.160427E0,3.831820E1
2.861000E3,-4.165876E0,3.479274E1
2.862000E3,-4.171326E0,3.485049E1
2.863000E3,-4.176775E0,3.614420E1
2.864000E3,-4.182225E0,3.698840E1
2.865000E3,-4.187674E0,3.902346E1
2.866000E3,-4.193124E0,3.985136E1
2.867000E3,-4.198573E0,4.027002E1
2.868000E3,-4.204023E0,3.959106E1
2.869000E3,-4.209472E0,4.234009E1
2.870000E3,-4.214922E0,4.336188E1
2.871000E3,-4.220371E0,4.191072E1
2.872000E3,-4.225821E0,4.094744E1
2.873000E3,-4.231270E0,4.201445E1
2.874000E3,-4.236720E0,4.453068E1
2.875000E3,-4.242169E0,4.380371E1
2.876000E3,-4.247619E0,4.312098E1
2.877000E3,-4.253068E0,4.254625E1
2.878000E3,-4.258518E0,4.492028E1
2.879000E3,-4.263967E0,4.563834E1
2.880000E3,-4.269417E0,4.427240E1
2.881000E3,-4.274866E0,4.539991E1
2.882000E3,-4.280316E0,4.537451E1
2.883000E3,-4.285765E0,4.404788E1
2.884000E3,-4.291215E0,4.502699E1
2.885000E3,-4.296664E0,4.679167E1
2.886000E3,-4.302114E0,4.520268E1
2.887000E3,-4.307563E0,4.615950E1
2.888000E3,-4.313013E0,4.402991E1
2.889000E3,-4.318462E0,4.462942E1
2.890000E3,-4.323911E0,4.385734E1
2.891000E3,-4.329361E0,4.439815E1
2.892000E3,-4.334810E0,4.698341E1
2.893000E3,-4.340260E0,4.718561E1
2.894000E3,-4.345709E0,4.726105E1
2.895000E3,-4.351159E0,4.680822E1
2.896000E3,-4.356608E0,4.901980E1
2.897000E3,-4.362058E0,4.551024E1
2.898000E3,-4.367507E0,4.485842E1
2.899000E3,-4.372957E0,4.390105E1
2.900000E3,-4.378406E0,4.643257E1
2.901000E3,-4.383856E0,4.551947E1
2.902000E3,-4.389305E0,4.550118E1
2.903000E3,-4.394755E0,4.450408E1
2.904000E3,-4.400204E0,4.525980E1
2.905000E3,-4.405654E0,4.411114E1
2.906000E3,-4.411103E0,4.874934E1
2.907000E3,-4.416553E0,4.725611E1
2.908000E3,-4.422002E0,4.540272E1
2.909000E3,-4.427452E0,4.284396E1
2.910000E3,-4.432901E0,4.078005E1
2.911000E3,-4.438351E0,4.028127E1
2.912000E3,-4.443800E0,4.092333E1
2.913000E3,-4.449250E0,4.212206E1
2.914000E3,-4.454699E0,4.259817E1
2.915000E3,-4.460149E0,4.397957E1
2.916000E3,-4.465598E0,4.621418E1
2.917000E3,-4.471048E0,4.542319E1
2.918000E3,-4.476497E0,4.052343E1
2.919000E3,-4.481947E0,4.270236E1
2.920000E3,-4.487396E0,4.406490E1
2.921000E3,-4.492846E0,4.282826E1
2.922000E3,-4.498295E0,4.269019E1
2.923000E3,-4.503744E0,4.172143E1
2.924000E3,-4.509194E0,3.991043E1
2.925000E3,-4.514643E0,4.077404E1
2.926000E3,-4.520093E0,4.160374E1
2.927000E3,-4.525542E0,3.887956E1
2.928000E3,-4.530992E0,4.127392E1
2.929000E3,-4.536441E0,4.296151E1
2.930000E3,-4.541891E0,4.234777E1
2.931000E3,-4.547340E0,3.845527E1
2.932000E3,-4.552790E0,3.712749E1
2.933000E3,-4.558239E0,4.048537E1
2.934000E3,-4.563689E0,3.942560E1
2.935000E3,-4.569138E0,3.844460E1
2.936000E3,-4.574588E0,4.157045E1
2.937000E3,-4.580037E0,4.506567E1
2.938000E3,-4.585487E0,4.383426E1
2.939000E3,-4.590936E0,4.418559E1
2.940000E3,-4.596386E0,4.194412E1
2.941000E3,-4.601835E0,4.252954E1
2.942000E3,-4.607285E0,4.022034E1
2.943000E3,-4.612734E0,3.790647E1
2.944000E3,-4.618184E0,3.609704E1
2.945000E3,-4.623633E0,3.575448E1
2.946000E3,-4.629083E0,3.154798E1
2.947000E3,-4.634532E0,3.031914E1
2.948000E3,-4.639982E0,3.107289E1
2.949000E3,-4.645431E0,2.916562E1
2.950000E3,-4.650881E0,2.985363E1
2.951000E3,-4.656330E0,3.013658E1
2.952000E3,-4.661780E0,2.859590E1
2.953000E3,-4.667229E0,3.149940E1
2.954000E3,-4.672679E0,3.704511E1
2.955000E3,-4.678128E0,3.697333E1
2.956000E3,-4.683578E0,3.804693E1
2.957000E3,-4.689027E0,3.488904E1
2.958000E3,-4.694476E0,3.261879E1
2.959000E3,-4.699926E0,3.198770E1
2.960000E3,-4.705375E0,3.539135E1
2.961000E3,-4.710825E0,3.445012E1
2.962000E3,-4.716274E0,3.325300E1
2.963000E3,-4.721724E0,3.320057E1
2.964000E3,-4.727173E0,3.287603E1
2.965000E3,-4.732623E0,3.098271E1
2.966000E3,-4.738072E0,3.247034E1
2.967000E3,-4.743522E0,3.497818E1
2.968000E3,-4.748971E0,2.962103E1
2.969000E3,-4.754421E0,2.974068E1
2.970000E3,-4.759870E0,3.294179E1
2.971000E3,-4.765320E0,3.077513E1
2.972000E3,-4.770769E0,3.111839E1
2.973000E3,-4.776219E0,3.191987E1
2.974000E3,-4.781668E0,3.259684E1
2.975000E3,-4.787118E0,3.360509E1
2.976000E3,-4.792567E0,2.918450E1
2.977000E3,-4.798017E0,2.730289E1
2.978000E3,-4.803466E0,2.978246E1
2.979000E3,-4.808916E0,3.221555E1
2.980000E3,-4.814365E0,2.947736E1
2.981000E3,-4.819815E0,2.888602E1
2.982000E3,-4.825264E0,2.780290E1
2.983000E3,-4.830714E0,2.680972E1
2.984000E3,-4.836163E0,2.638655E1
2.985000E3,-4.841613E0,2.904507E1
2.986000E3,-4.847062E0,2.689510E1
2.987000E3,-4.852512E0,2.550225E1
2.988000E3,-4.857961E0,2.845928E1
2.989000E3,-4.863411E0,2.473300E1
2.990000E3,-4.868860E0,2.663863E1
2.991000E3,-4.874309E0,2.618352E1
2.992000E3,-4.879759E0,2.508120E1
2.993000E3,-4.885208E0,2.693348E1
2.994000E3,-4.890658E0,2.793516E1
2.995000E3,-4.896107E0,3.069013E1
2.996000E3,-4.901557E0,3.105776E1
2.997000E3,-4.907006E0,2.695057E1
2.998000E3,-4.912456E0,2.517962E1
2.999000E3,-4.917905E0,2.505438E1
3.000000E3,-4.923355E0,2.706706E1
3.001000E3,-4.928804E0,2.575709E1
3.002000E3,-4.934254E0,2.478135E1
3.003000E3,-4.939703E0,2.516983E1
3.004000E3,-4.945153E0,2.594753E1
3.005000E3,-4.950602E0,2.505590E1
3.006000E3,-4.956052E0,2.272617E1
3.007000E3,-4.961501E0,2.226085E1
3.008000E3,-4.966951E0,2.379551E1
3.009000E3,-4.972400E0,2.594230E1
3.010000E3,-4.977850E0,2.299729E1
3.011000E3,-4.983299E0,2.328206E1
3.012000E3,-4.988749E0,2.308083E1
3.013000E3,-4.994198E0,2.111811E1
3.014000E3,-4.999648E0,2.073697E1
3.015000E3,-5.005097E0,2.266207E1
3.016000E3,-5.010547E0,2.269163E1
3.017000E3,-5.015996E0,2.218363E1
3.018000E3,-5.021446E0,2.177859E1
3.019000E3,-5.026895E0,2.200129E1
3.020000E3,-5.032345E0,2.127021E1
3.021000E3,-5.037794E0,2.155138E1
3.022000E3,-5.043244E0,2.214688E1
3.023000E3,-5.048693E0,1.999519E1
3.024000E3,-5.054142E0,2.081217E1
3.025000E3,-5.059592E0,2.164567E1
3.026000E3,-5.065041E0,2.358553E1
3.027000E3,-5.070491E0,2.287150E1
3.028000E3,-5.075940E0,2.377108E1
3.029000E3,-5.081390E0,2.339088E1
3.030000E3,-5.086839E0,2.076942E1
3.031000E3,-5.092289E0,2.026937E1
3.032000E3,-5.097738E0,1.949389E1
3.033000E3,-5.103188E0,2.052588E1
3.034000E3,-5.108637E0,1.811086E1
3.035000E3,-5.114087E0,2.065786E1
3.036000E3,-5.119536E0,2.341490E1
3.037000E3,-5.124986E0,2.239786E1
3.038000E3,-5.130435E0,1.954362E1
3.039000E3,-5.135885E0,1.891037E1
3.040000E3,-5.141334E0,1.955963E1
3.041000E3,-5.146784E0,2.040539E1
3.042000E3,-5.152233E0,1.962119E1
3.043000E3,-5.157683E0,1.834687E1
3.044000E3,-5.163132E0,1.738557E1
3.045000E3,-5.168582E0,1.648847E1
3.046000E3,-5.174031E0,1.912210E1
3.047000E3,-5.179481E0,2.033288E1
3.048000E3,-5.184930E0,1.912224E1
3.049000E3,-5.190380E0,1.965840E1
3.050000E3,-5.195829E0,2.140122E1
3.051000E3,-5.201279E0,2.060919E1
3.052000E3,-5.206728E0,2.258626E1
3.053000E3,-5.212178E0,2.458536E1
3.054000E3,-5.217627E0,2.249421E1
3.055000E3,-5.223077E0,1.879045E1
3.056000E3,-5.228526E0,1.914024E1
3.057000E3,-5.233976E0,2.196212E1
3.058000E3,-5.239425E0,2.184422E1
3.059000E3,-5.244874E0,2.193148E1
3.060000E3,-5.250324E0,2.345845E1
3.061000E3,-5.255773E0,2.306653E1
3.062000E3,-5.261223E0,2.381522E1
3.063000E3,-5.266672E0,2.276451E1
3.064000E3,-5.272122E0,2.143194E1
3.065000E3,-5.277571E0,2.280758E1
3.066000E3,-5.283021E0,2.397034E1
3.067000E3,-5.288470E0,2.763688E1
3.068000E3,-5.293920E0,2.779122E1
3.069000E3,-5.299369E0,2.668519E1
3.070000E3,-5.304819E0,2.385267E1
3.071000E3,-5.310268E0,2.451385E1
3.072000E3,-5.315718E0,2.631778E1
3.073000E3,-5.321167E0,2.584670E1
3.074000E3,-5.326617E0,2.543676E1
3.075000E3,-5.332066E0,2.477210E1
3.076000E3,-5.337516E0,2.494036E1
3.077000E3,-5.342965E0,2.460737E1
3.078000E3,-5.348415E0,2.487504E1
3.079000E3,-5.353864E0,2.597857E1
3.080000E3,-5.359314E0,2.483340E1
3.081000E3,-5.364763E0,2.251587E1
3.082000E3,-5.370213E0,2.365742E1
3.083000E3,-5.375662E0,2.624155E1
3.084000E3,-5.381112E0,2.705350E1
3.085000E3,-5.386561E0,2.809932E1
3.086000E3,-5.392011E0,2.816953E1
3.087000E3,-5.397460E0,2.853749E1
3.088000E3,-5.402910E0,2.721054E1
3.089000E3,-5.408359E0,2.786035E1
3.090000E3,-5.413809E0,2.946926E1
3.091000E3,-5.419258E0,3.295322E1
3.092000E3,-5.424707E0,2.971488E1
3.093000E3,-5.430157E0,2.938749E1
3.094000E3,-5.435606E0,2.759885E1
3.095000E3,-5.441056E0,2.821418E1
3.096000E3,-5.446505E0,2.724967E1
3.097000E3,-5.451955E0,2.969002E1
3.098000E3,-5.457404E0,2.928629E1
3.099000E3,-5.462854E0,2.792595E1
3.100000E3,-5.468303E0,2.663988E1
3.101000E3,-5.473753E0,2.762641E1
3.102000E3,-5.479202E0,2.942810E1
3.103000E3,-5.484652E0,2.559172E1
3.104000E3,-5.490101E0,2.370740E1
3.105000E3,-5.495551E0,2.867698E1
3.106000E3,-5.501000E0,3.021610E1
3.107000E3,-5.506450E0,2.897302E1
3.108000E3,-5.511899E0,3.076825E1
3.109000E3,-5.517349E0,2.939843E1
3.110000E3,-5.522798E0,2.853083E1
3.111000E3,-5.528248E0,3.151798E1
3.112000E3,-5.533697E0,2.963284E1
3.113000E3,-5.539147E0,3.165197E1
3.114000E3,-5.544596E0,3.440822E1
3.115000E3,-5.550046E0,3.392130E1
3.116000E3,-5.555495E0,3.265504E1
3.117000E3,-5.560945E0,3.037056E1
3.118000E3,-5.566394E0,3.217159E1
3.119000E3,-5.571844E0,3.253883E1
3.120000E3,-5.577293E0,3.194867E1
3.121000E3,-5.582743E0,3.435241E1
3.122000E3,-5.588192E0,3.489240E1
3.123000E3,-5.593642E0,2.997254E1
3.124000E3,-5.599091E0,2.760495E1
3.125000E3,-5.604540E0,2.813579E1
3.126000E3,-5.609990E0,2.960578E1
3.127000E3,-5.615439E0,3.070866E1
3.128000E3,-5.620889E0,3.015552E1
3.129000E3,-5.626338E0,2.976190E1
3.130000E3,-5.631788E0,2.924754E1
3.131000E3,-5.637237E0,2.841217E1
3.132000E3,-5.642687E0,2.870394E1
3.133000E3,-5.648136E0,2.927511E1
3.134000E3,-5.653586E0,2.810358E1
3.135000E3,-5.659035E0,2.893828E1
3.136000E3,-5.664485E0,2.940211E1
3.137000E3,-5.669934E0,2.977250E1
3.138000E3,-5.675384E0,2.933867E1
3.139000E3,-5.680833E0,3.002370E1
3.140000E3,-5.686283E0,2.929125E1
3.141000E3,-5.691732E0,3.194071E1
3.142000E3,-5.697182E0,3.301965E1
3.143000E3,-5.702631E0,3.220878E1
3.144000E3,-5.708081E0,3.163030E1
3.145000E3,-5.713530E0,3.078858E1
3.146000E3,-5.718980E0,2.980825E1
3.147000E3,-5.724429E0,2.943564E1
3.148000E3,-5.729879E0,3.081071E1
3.149000E3,-5.735328E0,3.029558E1
3.150000E3,-5.740778E0,3.276158E1
3.151000E3,-5.746227E0,3.703496E1
3.152000E3,-5.751677E0,3.223500E1
3.153000E3,-5.757126E0,3.209506E1
3.154000E3,-5.762576E0,3.099856E1
3.155000E3,-5.768025E0,2.780743E1
3.156000E3,-5.773475E0,2.867232E1
3.157000E3,-5.778924E0,3.095263E1
3.158000E3,-5.784374E0,3.345289E1
3.159000E3,-5.789823E0,2.903737E1
3.160000E3,-5.795272E0,2.961723E1
3.161000E3,-5.800722E0,2.931159E1
3.162000E3,-5.806171E0,3.173886E1
3.163000E3,-5.811621E0,3.144981E1
3.164000E3,-5.817070E0,3.011322E1
3.165000E3,-5.822520E0,3.011599E1
3.166000E3,-5.827969E0,3.084322E1
3.167000E3,-5.833419E0,3.101888E1
3.168000E3,-5.838868E0,2.988863E1
3.169000E3,-5.844318E0,2.912634E1
3.170000E3,-5.849767E0,2.900912E1
3.171000E3,-5.855217E0,3.011461E1
3.172000E3,-5.860666E0,3.101095E1
3.173000E3,-5.866116E0,2.893113E1
3.174000E3,-5.871565E0,2.814004E1
3.175000E3,-5.877015E0,2.864732E1
3.176000E3,-5.882464E0,2.920977E1
3.177000E3,-5.887914E0,3.247732E1
3.178000E3,-5.893363E0,3.357472E1
3.179000E3,-5.898813E0,3.295184E1
3.180000E3,-5.904262E0,3.204209E1
3.181000E3,-5.909712E0,3.277516E1
3.182000E3,-5.915161E0,3.076526E1
3.183000E3,-5.920611E0,2.936212E1
3.184000E3,-5.926060E0,3.084721E1
3.185000E3,-5.931510E0,3.319399E1
3.186000E3,-5.936959E0,3.239609E1
3.187000E3,-5.942409E0,3.012951E1
3.188000E3,-5.947858E0,2.858795E1
3.189000E3,-5.953308E0,2.960280E1
3.190000E3,-5.958757E0,2.877853E1
3.191000E3,-5.964207E0,3.282874E1
3.192000E3,-5.969656E0,3.128899E1
3.193000E3,-5.975105E0,2.937836E1
3.194000E3,-5.980555E0,2.990755E1
3.195000E3,-5.986004E0,3.162346E1
3.196000E3,-5.991454E0,3.111981E1
3.197000E3,-5.996903E0,2.970772E1
3.198000E3,-6.002353E0,3.304111E1
3.199000E3,-6.007802E0,3.235229E1
3.200000E3,-6.013252E0,3.235153E1
3.201000E3,-6.018701E0,3.189617E1
3.202000E3,-6.024151E0,3.088069E1
3.203000E3,-6.029600E0,3.082329E1
3.204000E3,-6.035050E0,3.081771E1
3.205000E3,-6.040499E0,2.979739E1
3.206000E3,-6.045949E0,2.934372E1
3.207000E3,-6.051398E0,2.868019E1
3.208000E3,-6.056848E0,2.834523E1
3.209000E3,-6.062297E0,2.916444E1
3.210000E3,-6.067747E0,2.968945E1
3.211000E3,-6.073196E0,2.869686E1
3.212000E3,-6.078646E0,3.030045E1
3.213000E3,-6.084095E0,2.882008E1
3.214000E3,-6.089545E0,2.735364E1
3.215000E3,-6.094994E0,2.696412E1
3.216000E3,-6.100444E0,2.439251E1
3.217000E3,-6.105893E0,2.456523E1
3.218000E3,-6.111343E0,2.490326E1
3.219000E3,-6.116792E0,2.588392E1
3.220000E3,-6.122242E0,2.535869E1
3.221000E3,-6.127691E0,2.517334E1
3.222000E3,-6.133141E0,2.561784E1
3.223000E3,-6.138590E0,2.650487E1
3.224000E3,-6.144040E0,2.502878E1
3.225000E3,-6.149489E0,2.301928E1
3.226000E3,-6.154938E0,2.450391E1
3.227000E3,-6.160388E0,2.424082E1
3.228000E3,-6.165837E0,2.279356E1
3.229000E3,-6.171287E0,2.111369E1
3.230000E3,-6.176736E0,2.127483E1
3.231000E3,-6.182186E0,2.359812E1
3.232000E3,-6.187635E0,2.301466E1
3.233000E3,-6.193085E0,2.327316E1
3.234000E3,-6.198534E0,2.290730E1
3.235000E3,-6.203984E0,2.294512E1
3.236000E3,-6.209433E0,2.364774E1
3.237000E3,-6.214883E0,2.374731E1
3.238000E3,-6.220332E0,2.313230E1
3.239000E3,-6.225782E0,2.093686E1
3.240000E3,-6.231231E0,2.098973E1
3.241000E3,-6.236681E0,2.235590E1
3.242000E3,-6.242130E0,2.305381E1
3.243000E3,-6.247580E0,2.097186E1
3.244000E3,-6.253029E0,2.046392E1
3.245000E3,-6.258479E0,2.171884E1
3.246000E3,-6.263928E0,2.242435E1
3.247000E3,-6.269378E0,2.080140E1
3.248000E3,-6.274827E0,1.837879E1
3.249000E3,-6.280277E0,1.917537E1
3.250000E3,-6.285726E0,2.122135E1
3.251000E3,-6.291176E0,2.015250E1
3.252000E3,-6.296625E0,1.975148E1
3.253000E3,-6.302075E0,2.094025E1
3.254000E3,-6.307524E0,2.303816E1
3.255000E3,-6.312974E0,2.305336E1
3.256000E3,-6.318423E0,2.103591E1
3.257000E3,-6.323873E0,1.998832E1
3.258000E3,-6.329322E0,1.872400E1
3.259000E3,-6.334771E0,1.849041E1
3.260000E3,-6.340221E0,1.756108E1
3.261000E3,-6.345670E0,1.852674E1
3.262000E3,-6.351120E0,1.676391E1
3.263000E3,-6.356569E0,1.690492E1
3.264000E3,-6.362019E0,1.666991E1
3.265000E3,-6.367468E0,1.800738E1
3.266000E3,-6.372918E0,1.797397E1
3.267000E3,-6.378367E0,1.998733E1
3.268000E3,-6.383817E0,1.747278E1
3.269000E3,-6.389266E0,1.909309E1
3.270000E3,-6.394716E0,1.774145E1
3.271000E3,-6.400165E0,1.625294E1
3.272000E3,-6.405615E0,1.607268E1
3.273000E3,-6.411064E0,1.691164E1
3.274000E3,-6.416514E0,1.542926E1
3.275000E3,-6.421963E0,1.730081E1
3.276000E3,-6.427413E0,1.710241E1
3.277000E3,-6.432862E0,1.845802E1
3.278000E3,-6.438312E0,1.822875E1
3.279000E3,-6.443761E0,2.018162E1
3.280000E3,-6.449211E0,1.849351E1
3.281000E3,-6.454660E0,1.711327E1
3.282000E3,-6.460110E0,1.629281E1
3.283000E3,-6.465559E0,1.746411E1
3.284000E3,-6.471009E0,1.966839E1
3.285000E3,-6.476458E0,1.865943E1
3.286000E3,-6.481908E0,1.931283E1
3.287000E3,-6.487357E0,1.828038E1
3.288000E3,-6.492807E0,1.952086E1
3.289000E3,-6.498256E0,1.836251E1
3.290000E3,-6.503706E0,1.990279E1
3.291000E3,-6.509155E0,2.054281E1
3.292000E3,-6.514605E0,2.015315E1
3.293000E3,-6.520054E0,1.978772E1
3.294000E3,-6.525503E0,2.070264E1
3.295000E3,-6.530953E0,1.959866E1
3.296000E3,-6.536402E0,1.861777E1
3.297000E3,-6.541852E0,1.680357E1
3.298000E3,-6.547301E0,2.074424E1
3.299000E3,-6.552751E0,2.151042E1
3.300000E3,-6.558200E0,1.941815E1
3.301000E3,-6.563650E0,1.951798E1
3.302000E3,-6.569099E0,1.800101E1
3.303000E3,-6.574549E0,1.986749E1
3.304000E3,-6.579998E0,1.954408E1
3.305000E3,-6.585448E0,2.059741E1
3.306000E3,-6.590897E0,1.843778E1
3.307000E3,-6.596347E0,1.794133E1
3.308000E3,-6.601796E0,1.592523E1
3.309000E3,-6.607246E0,1.568813E1
3.310000E3,-6.612695E0,1.700809E1
3.311000E3,-6.618145E0,1.722862E1
3.312000E3,-6.623594E0,1.597625E1
3.313000E3,-6.629044E0,1.597989E1
3.314000E3,-6.634493E0,1.696327E1
3.315000E3,-6.639943E0,1.856368E1
3.316000E3,-6.645392E0,1.859020E1
3.317000E3,-6.650842E0,1.868866E1
3.318000E3,-6.656291E0,1.836088E1
3.319000E3,-6.661741E0,1.939017E1
3.320000E3,-6.667190E0,1.911568E1
3.321000E3,-6.672640E0,2.122373E1
3.322000E3,-6.678089E0,1.873086E1
3.323000E3,-6.683539E0,1.872211E1
3.324000E3,-6.688988E0,1.993075E1
3.325000E3,-6.694438E0,2.276834E1
3.326000E3,-6.699887E0,2.178021E1
3.327000E3,-6.705336E0,2.007525E1
3.328000E3,-6.710786E0,2.023699E1
3.329000E3,-6.716235E0,2.215797E1
3.330000E3,-6.721685E0,2.259791E1
3.331000E3,-6.727134E0,1.960163E1
3.332000E3,-6.732584E0,1.838871E1
3.333000E3,-6.738033E0,1.899261E1
3.334000E3,-6.743483E0,1.776297E1
3.335000E3,-6.748932E0,1.589082E1
3.336000E3,-6.754382E0,1.736807E1
3.337000E3,-6.759831E0,2.005446E1
3.338000E3,-6.765281E0,2.125099E1
3.339000E3,-6.770730E0,1.997209E1
3.340000E3,-6.776180E0,2.122752E1
3.341000E3,-6.781629E0,2.030850E1
3.342000E3,-6.787079E0,1.950374E1
3.343000E3,-6.792528E0,1.973677E1
3.344000E3,-6.797978E0,1.932004E1
3.345000E3,-6.803427E0,1.776505E1
3.346000E3,-6.808877E0,1.906872E1
3.347000E3,-6.814326E0,1.986002E1
3.348000E3,-6.819776E0,1.930315E1
3.349000E3,-6.825225E0,1.862835E1
3.350000E3,-6.830675E0,2.012947E1
3.351000E3,-6.836124E0,2.245493E1
3.352000E3,-6.841574E0,2.488141E1
3.353000E3,-6.847023E0,2.287592E1
3.354000E3,-6.852473E0,2.169727E1
3.355000E3,-6.857922E0,2.251625E1
3.356000E3,-6.863372E0,2.442592E1
3.357000E3,-6.868821E0,2.393528E1
3.358000E3,-6.874271E0,2.309720E1
3.359000E3,-6.879720E0,2.258172E1
3.360000E3,-6.885169E0,2.126698E1
3.361000E3,-6.890619E0,2.175474E1
3.362000E3,-6.896068E0,2.494091E1
3.363000E3,-6.901518E0,2.633809E1
3.364000E3,-6.906967E0,2.422721E1
3.365000E3,-6.912417E0,2.453325E1
3.366000E3,-6.917866E0,2.379758E1
3.367000E3,-6.923316E0,2.251887E1
3.368000E3,-6.928765E0,2.201367E1
3.369000E3,-6.934215E0,2.325175E1
3.370000E3,-6.939664E0,2.329184E1
3.371000E3,-6.945114E0,2.454238E1
3.372000E3,-6.950563E0,2.545482E1
3.373000E3,-6.956013E0,2.308114E1
3.374000E3,-6.961462E0,2.119274E1
3.375000E3,-6.966912E0,2.349081E1
3.376000E3,-6.972361E0,2.569183E1
3.377000E3,-6.977811E0,2.480677E1
3.378000E3,-6.983260E0,2.371675E1
3.379000E3,-6.988710E0,2.508242E1
3.380000E3,-6.994159E0,2.587529E1
3.381000E3,-6.999609E0,2.352287E1
3.382000E3,-7.005058E0,2.418950E1
3.383000E3,-7.010508E0,2.455487E1
3.384000E3,-7.015957E0,2.407262E1
3.385000E3,-7.021407E0,2.492084E1
3.386000E3,-7.026856E0,2.775810E1
3.387000E3,-7.032306E0,2.611304E1
3.388000E3,-7.037755E0,2.268617E1
3.389000E3,-7.043205E0,2.403486E1
3.390000E3,-7.048654E0,2.406483E1
3.391000E3,-7.054104E0,2.418469E1
3.392000E3,-7.059553E0,2.626255E1
3.393000E3,-7.065003E0,2.472390E1
3.394000E3,-7.070452E0,2.205743E1
3.395000E3,-7.075901E0,2.405716E1
3.396000E3,-7.081351E0,2.423500E1
3.397000E3,-7.086800E0,2.322019E1
3.398000E3,-7.092250E0,2.172054E1
3.399000E3,-7.097699E0,2.216747E1
3.400000E3,-7.103149E0,2.468473E1
3.401000E3,-7.108598E0,2.117386E1
3.402000E3,-7.114048E0,2.026711E1
3.403000E3,-7.119497E0,2.228952E1
3.404000E3,-7.124947E0,2.275393E1
3.405000E3,-7.130396E0,2.263549E1
3.406000E3,-7.135846E0,2.186312E1
3.407000E3,-7.141295E0,2.315145E1
3.408000E3,-7.146745E0,2.528986E1
3.409000E3,-7.152194E0,2.385076E1
3.410000E3,-7.157644E0,2.098227E1
3.411000E3,-7.163093E0,2.318709E1
3.412000E3,-7.168543E0,2.367116E1
3.413000E3,-7.173992E0,2.287918E1
3.414000E3,-7.179442E0,2.561982E1
3.415000E3,-7.184891E0,2.487566E1
3.416000E3,-7.190341E0,1.977233E1
3.417000E3,-7.195790E0,2.316247E1
3.418000E3,-7.201240E0,2.555371E1
3.419000E3,-7.206689E0,2.538693E1
3.420000E3,-7.212139E0,2.584086E1
3.421000E3,-7.217588E0,2.558544E1
3.422000E3,-7.223038E0,2.220614E1
3.423000E3,-7.228487E0,2.261554E1
3.424000E3,-7.233937E0,2.235856E1
3.425000E3,-7.239386E0,2.224030E1
3.426000E3,-7.244836E0,2.517269E1
3.427000E3,-7.250285E0,2.406316E1
3.428000E3,-7.255734E0,2.242744E1
3.429000E3,-7.261184E0,2.434568E1
3.430000E3,-7.266633E0,2.338924E1
3.431000E3,-7.272083E0,2.391345E1
3.432000E3,-7.277532E0,2.482176E1
3.433000E3,-7.282982E0,2.491195E1
3.434000E3,-7.288431E0,2.332006E1
3.435000E3,-7.293881E0,2.184172E1
3.436000E3,-7.299330E0,2.222462E1
3.437000E3,-7.304780E0,2.197969E1
3.438000E3,-7.310229E0,1.935939E1
3.439000E3,-7.315679E0,2.376402E1
3.440000E3,-7.321128E0,2.399619E1
3.441000E3,-7.326578E0,2.355351E1
3.442000E3,-7.332027E0,2.124138E1
3.443000E3,-7.337477E0,2.042817E1
3.444000E3,-7.342926E0,2.248418E1
3.445000E3,-7.348376E0,2.121739E1
3.446000E3,-7.353825E0,2.199444E1
3.447000E3,-7.359275E0,2.020666E1
3.448000E3,-7.364724E0,1.814485E1
3.449000E3,-7.370174E0,2.055721E1
3.450000E3,-7.375623E0,2.249107E1
3.451000E3,-7.381073E0,2.231851E1
3.452000E3,-7.386522E0,2.135510E1
3.453000E3,-7.391972E0,2.041659E1
3.454000E3,-7.397421E0,1.886843E1
3.455000E3,-7.402871E0,2.252337E1
3.456000E3,-7.408320E0,2.208289E1
3.457000E3,-7.413770E0,2.018988E1
3.458000E3,-7.419219E0,2.036407E1
3.459000E3,-7.424669E0,2.031645E1
3.460000E3,-7.430118E0,2.156920E1
3.461000E3,-7.435567E0,2.085102E1
3.462000E3,-7.441017E0,1.858769E1
3.463000E3,-7.446466E0,1.854793E1
3.464000E3,-7.451916E0,1.961598E1
3.465000E3,-7.457365E0,1.905129E1
3.466000E3,-7.462815E0,1.976354E1
3.467000E3,-7.468264E0,2.013025E1
3.468000E3,-7.473714E0,1.951305E1
3.469000E3,-7.479163E0,2.068174E1
3.470000E3,-7.484613E0,2.082491E1
3.471000E3,-7.490062E0,1.856474E1
3.472000E3,-7.495512E0,1.884590E1
3.473000E3,-7.500961E0,1.947801E1
3.474000E3,-7.506411E0,1.779921E1
3.475000E3,-7.511860E0,1.844839E1
3.476000E3,-7.517310E0,1.812889E1
3.477000E3,-7.522759E0,1.511940E1
3.478000E3,-7.528209E0,1.762482E1
3.479000E3,-7.533658E0,1.695008E1
3.480000E3,-7.539108E0,1.775885E1
3.481000E3,-7.544557E0,1.610786E1
3.482000E3,-7.550007E0,1.456916E1
3.483000E3,-7.555456E0,1.724765E1
3.484000E3,-7.560906E0,1.592865E1
3.485000E3,-7.566355E0,1.670153E1
3.486000E3,-7.571805E0,1.713276E1
3.487000E3,-7.577254E0,1.635643E1
3.488000E3,-7.582704E0,1.400047E1
3.489000E3,-7.588153E0,1.396172E1
3.490000E3,-7.593603E0,1.530870E1
3.491000E3,-7.599052E0,1.294004E1
3.492000E3,-7.604502E0,1.290891E1
3.493000E3,-7.609951E0,1.464638E1
3.494000E3,-7.615401E0,1.580349E1
3.495000E3,-7.620850E0,1.267794E1
3.496000E3,-7.626299E0,1.177225E1
3.497000E3,-7.631749E0,1.130016E1
3.498000E3,-7.637198E0,1.289799E1
3.499000E3,-7.642648E0,1.299989E1
3.500000E3,-7.648097E0,1.333621E1
3.501000E3,-7.653547E0,1.534513E1
3.502000E3,-7.658996E0,1.362863E1
3.503000E3,-7.664446E0,1.302018E1
3.504000E3,-7.669895E0,1.205001E1
3.505000E3,-7.675345E0,1.238489E1
3.506000E3,-7.680794E0,1.328608E1
3.507000E3,-7.686244E0,1.290018E1
3.508000E3,-7.691693E0,1.291017E1
3.509000E3,-7.697143E0,1.158373E1
3.510000E3,-7.702592E0,1.400934E1
3.511000E3,-7.708042E0,1.568437E1
3.512000E3,-7.713491E0,1.423714E1
3.513000E3,-7.718941E0,1.282192E1
3.514000E3,-7.724390E0,1.156124E1
3.515000E3,-7.729840E0,1.177241E1
3.516000E3,-7.735289E0,1.294410E1
3.517000E3,-7.740739E0,1.297718E1
3.518000E3,-7.746188E0,1.320216E1
3.519000E3,-7.751638E0,1.550614E1
3.520000E3,-7.757087E0,1.260673E1
3.521000E3,-7.762537E0,1.265299E1
3.522000E3,-7.767986E0,1.394807E1
3.523000E3,-7.773436E0,1.341662E1
3.524000E3,-7.778885E0,1.260753E1
3.525000E3,-7.784335E0,1.085089E1
3.526000E3,-7.789784E0,1.045582E1
3.527000E3,-7.795234E0,1.183121E1
3.528000E3,-7.800683E0,1.359914E1
3.529000E3,-7.806132E0,1.285562E1
3.530000E3,-7.811582E0,1.236558E1
3.531000E3,-7.817031E0,1.320536E1
3.532000E3,-7.822481E0,1.330354E1
3.533000E3,-7.827930E0,1.304130E1
3.534000E3,-7.833380E0,1.324858E1
3.535000E3,-7.838829E0,1.450808E1
3.536000E3,-7.844279E0,1.479180E1
3.537000E3,-7.849728E0,1.403297E1
3.538000E3,-7.855178E0,1.389302E1
3.539000E3,-7.860627E0,1.385652E1
3.540000E3,-7.866077E0,1.277637E1
3.541000E3,-7.871526E0,1.240216E1
3.542000E3,-7.876976E0,1.401811E1
3.543000E3,-7.882425E0,1.413293E1
3.544000E3,-7.887875E0,1.268423E1
3.545000E3,-7.893324E0,1.299376E1
3.546000E3,-7.898774E0,1.280261E1
3.547000E3,-7.904223E0,1.209764E1
3.548000E3,-7.909673E0,1.272020E1
3.549000E3,-7.915122E0,1.281568E1
3.550000E3,-7.920572E0,1.507199E1
3.551000E3,-7.926021E0,1.453629E1
3.552000E3,-7.931471E0,1.332343E1
3.553000E3,-7.936920E0,1.203643E1
3.554000E3,-7.942370E0,1.232267E1
3.555000E3,-7.947819E0,1.181790E1
3.556000E3,-7.953269E0,1.055861E1
3.557000E3,-7.958718E0,1.087608E1
3.558000E3,-7.964168E0,1.311467E1
3.559000E3,-7.969617E0,1.181241E1
3.560000E3,-7.975067E0,1.208258E1
3.561000E3,-7.980516E0,1.325905E1
3.562000E3,-7.985965E0,1.076782E1
3.563000E3,-7.991415E0,1.048658E1
3.564000E3,-7.996864E0,1.087699E1
3.565000E3,-8.002314E0,9.159681E0
3.566000E3,-8.007763E0,9.075301E0
3.567000E3,-8.013213E0,1.069008E1
3.568000E3,-8.018662E0,1.200010E1
3.569000E3,-8.024112E0,1.203358E1
3.570000E3,-8.029561E0,1.336376E1
3.571000E3,-8.035011E0,1.443836E1
3.572000E3,-8.040460E0,1.308562E1
3.573000E3,-8.045910E0,1.325327E1
3.574000E3,-8.051359E0,1.239300E1
3.575000E3,-8.056809E0,1.313373E1
3.576000E3,-8.062258E0,1.343179E1
3.577000E3,-8.067708E0,1.446777E1
3.578000E3,-8.073157E0,1.313750E1
3.579000E3,-8.078607E0,1.404704E1
3.580000E3,-8.084056E0,1.324091E1
3.581000E3,-8.089506E0,1.390900E1
3.582000E3,-8.094955E0,1.602854E1
3.583000E3,-8.100405E0,1.666916E1
3.584000E3,-8.105854E0,1.593226E1
3.585000E3,-8.111304E0,1.447596E1
3.586000E3,-8.116753E0,1.395285E1
3.587000E3,-8.122203E0,1.435076E1
3.588000E3,-8.127652E0,1.626527E1
3.589000E3,-8.133102E0,1.395216E1
3.590000E3,-8.138551E0,1.065135E1
3.591000E3,-8.144001E0,1.282362E1
3.592000E3,-8.149450E0,1.393984E1
3.593000E3,-8.154900E0,1.353059E1
3.594000E3,-8.160349E0,1.403212E1
3.595000E3,-8.165799E0,1.467411E1
3.596000E3,-8.171248E0,1.334413E1
3.597000E3,-8.176697E0,1.462294E1
3.598000E3,-8.182147E0,1.555363E1
3.599000E3,-8.187596E0,1.745834E1
3.600000E3,-8.193046E0,1.722409E1
3.601000E3,-8.198495E0,1.752319E1
3.602000E3,-8.203945E0,1.608819E1
3.603000E3,-8.209394E0,1.453017E1
3.604000E3,-8.214844E0,1.419329E1
3.605000E3,-8.220293E0,1.518224E1
3.606000E3,-8.225743E0,1.579159E1
3.607000E3,-8.231192E0,1.728835E1
3.608000E3,-8.236642E0,1.700612E1
3.609000E3,-8.242091E0,1.618021E1
3.610000E3,-8.247541E0,1.413416E1
3.611000E3,-8.252990E0,1.340537E1
3.612000E3,-8.258440E0,1.502293E1
3.613000E3,-8.263889E0,1.716113E1
3.614000E3,-8.269339E0,1.866819E1
3.615000E3,-8.274788E0,1.631787E1
3.616000E3,-8.280238E0,1.503537E1
3.617000E3,-8.285687E0,1.609330E1
3.618000E3,-8.291137E0,1.619970E1
3.619000E3,-8.296586E0,1.379620E1
3.620000E3,-8.302036E0,1.501367E1
3.621000E3,-8.307485E0,1.618434E1
3.622000E3,-8.312935E0,1.672858E1
3.623000E3,-8.318384E0,1.643978E1
3.624000E3,-8.323834E0,1.497968E1
3.625000E3,-8.329283E0,1.504456E1
3.626000E3,-8.334733E0,1.560904E1
3.627000E3,-8.340182E0,1.642956E1
3.628000E3,-8.345632E0,1.515312E1
3.629000E3,-8.351081E0,1.635254E1
3.630000E3,-8.356530E0,1.695955E1
3.631000E3,-8.361980E0,1.650030E1
3.632000E3,-8.367429E0,1.442179E1
3.633000E3,-8.372879E0,1.558652E1
3.634000E3,-8.378328E0,1.686622E1
3.635000E3,-8.383778E0,1.866166E1
3.636000E3,-8.389227E0,1.818599E1
3.637000E3,-8.394677E0,1.769731E1
3.638000E3,-8.400126E0,1.456965E1
3.639000E3,-8.405576E0,1.615402E1
3.640000E3,-8.411025E0,1.789241E1
3.641000E3,-8.416475E0,1.545902E1
3.642000E3,-8.421924E0,1.413034E1
3.643000E3,-8.427374E0,1.455147E1
3.644000E3,-8.432823E0,1.555938E1
3.645000E3,-8.438273E0,1.646598E1
3.646000E3,-8.443722E0,1.717402E1
3.647000E3,-8.449172E0,1.671289E1
3.648000E3,-8.454621E0,1.512595E1
3.649000E3,-8.460071E0,1.470762E1
3.650000E3,-8.465520E0,1.568340E1
3.651000E3,-8.470970E0,1.726664E1
3.652000E3,-8.476419E0,1.825855E1
3.653000E3,-8.481869E0,1.903412E1
3.654000E3,-8.487318E0,1.955562E1
3.655000E3,-8.492768E0,1.709378E1
3.656000E3,-8.498217E0,1.559686E1
3.657000E3,-8.503667E0,1.683934E1
3.658000E3,-8.509116E0,1.812776E1
3.659000E3,-8.514566E0,1.839279E1
3.660000E3,-8.520015E0,1.473512E1
3.661000E3,-8.525465E0,1.553615E1
3.662000E3,-8.530914E0,1.718464E1
3.663000E3,-8.536363E0,1.500539E1
3.664000E3,-8.541813E0,1.254278E1
3.665000E3,-8.547262E0,1.549089E1
3.666000E3,-8.552712E0,1.519963E1
3.667000E3,-8.558161E0,1.582129E1
3.668000E3,-8.563611E0,1.709016E1
3.669000E3,-8.569060E0,1.689981E1
3.670000E3,-8.574510E0,1.691021E1
3.671000E3,-8.579959E0,1.665027E1
3.672000E3,-8.585409E0,1.685035E1
3.673000E3,-8.590858E0,1.558442E1
3.674000E3,-8.596308E0,1.403439E1
3.675000E3,-8.601757E0,1.442788E1
3.676000E3,-8.607207E0,1.301855E1
3.677000E3,-8.612656E0,1.394805E1
3.678000E3,-8.618106E0,1.431748E1
3.679000E3,-8.623555E0,1.332979E1
3.680000E3,-8.629005E0,1.334726E1
3.681000E3,-8.634454E0,1.471315E1
3.682000E3,-8.639904E0,1.376247E1
3.683000E3,-8.645353E0,1.177606E1
3.684000E3,-8.650803E0,1.365935E1
3.685000E3,-8.656252E0,1.521486E1
3.686000E3,-8.661702E0,1.569333E1
3.687000E3,-8.667151E0,1.774763E1
3.688000E3,-8.672601E0,1.568733E1
3.689000E3,-8.678050E0,1.598017E1
3.690000E3,-8.683500E0,1.534837E1
3.691000E3,-8.688949E0,1.494861E1
3.692000E3,-8.694399E0,1.418138E1
3.693000E3,-8.699848E0,1.362068E1
3.694000E3,-8.705298E0,1.384918E1
3.695000E3,-8.710747E0,1.336245E1
3.696000E3,-8.716197E0,1.232197E1
3.697000E3,-8.721646E0,1.288238E1
3.698000E3,-8.727095E0,1.368299E1
3.699000E3,-8.732545E0,1.385590E1
3.700000E3,-8.737994E0,1.125600E1
3.701000E3,-8.743444E0,1.229434E1
3.702000E3,-8.748893E0,1.351112E1
3.703000E3,-8.754343E0,1.414325E1
3.704000E3,-8.759792E0,1.600708E1
3.705000E3,-8.765242E0,1.561595E1
3.706000E3,-8.770691E0,1.567972E1
3.707000E3,-8.776141E0,1.556544E1
3.708000E3,-8.781590E0,1.334749E1
3.709000E3,-8.787040E0,1.353697E1
3.710000E3,-8.792489E0,1.272761E1
3.711000E3,-8.797939E0,1.379213E1
3.712000E3,-8.803388E0,1.355985E1
3.713000E3,-8.808838E0,1.393402E1
3.714000E3,-8.814287E0,1.296786E1
3.715000E3,-8.819737E0,1.363611E1
3.716000E3,-8.825186E0,1.305654E1
3.717000E3,-8.830636E0,1.265377E1
3.718000E3,-8.836085E0,1.195627E1
3.719000E3,-8.841535E0,1.147068E1
3.720000E3,-8.846984E0,1.184905E1
3.721000E3,-8.852434E0,1.378143E1
3.722000E3,-8.857883E0,1.335310E1
3.723000E3,-8.863333E0,1.309787E1
3.724000E3,-8.868782E0,1.221009E1
3.725000E3,-8.874232E0,1.008598E1
3.726000E3,-8.879681E0,1.067090E1
3.727000E3,-8.885131E0,1.163193E1
3.728000E3,-8.890580E0,9.777743E0
3.729000E3,-8.896030E0,9.997191E0
3.730000E3,-8.901479E0,1.046158E1
3.731000E3,-8.906928E0,1.199556E1
3.732000E3,-8.912378E0,1.094738E1
3.733000E3,-8.917827E0,1.185271E1
3.734000E3,-8.923277E0,1.341558E1
3.735000E3,-8.928726E0,1.289476E1
3.736000E3,-8.934176E0,1.266560E1
3.737000E3,-8.939625E0,1.318251E1
3.738000E3,-8.945075E0,1.544618E1
3.739000E3,-8.950524E0,1.423470E1
3.740000E3,-8.955974E0,1.354735E1
3.741000E3,-8.961423E0,1.283187E1
3.742000E3,-8.966873E0,1.121252E1
3.743000E3,-8.972322E0,1.169976E1
3.744000E3,-8.977772E0,1.187089E1
3.745000E3,-8.983221E0,1.085494E1
3.746000E3,-8.988671E0,9.228413E0
3.747000E3,-8.994120E0,9.891693E0
3.748000E3,-8.999570E0,1.272529E1
3.749000E3,-9.005019E0,1.307103E1
3.750000E3,-9.010469E0,1.140213E1
3.751000E3,-9.015918E0,1.150746E1
3.752000E3,-9.021368E0,1.111031E1
3.753000E3,-9.026817E0,1.213386E1
3.754000E3,-9.032267E0,1.091547E1
3.755000E3,-9.037716E0,9.815508E0
3.756000E3,-9.043166E0,9.798626E0
3.757000E3,-9.048615E0,9.607938E0
3.758000E3,-9.054065E0,9.933242E0
3.759000E3,-9.059514E0,1.027162E1
3.760000E3,-9.064964E0,1.004549E1
3.761000E3,-9.070413E0,1.261264E1
3.762000E3,-9.075863E0,1.216326E1
3.763000E3,-9.081312E0,1.219953E1
3.764000E3,-9.086761E0,1.004867E1
3.765000E3,-9.092211E0,7.013609E0
3.766000E3,-9.097660E0,7.743102E0
3.767000E3,-9.103110E0,1.004897E1
3.768000E3,-9.108559E0,1.061972E1
3.769000E3,-9.114009E0,1.171502E1
3.770000E3,-9.119458E0,1.081389E1
3.771000E3,-9.124908E0,7.300456E0
3.772000E3,-9.130357E0,8.559439E0
3.773000E3,-9.135807E0,7.964872E0
3.774000E3,-9.141256E0,9.166464E0
3.775000E3,-9.146706E0,1.066189E1
3.776000E3,-9.152155E0,8.108061E0
3.777000E3,-9.157605E0,7.918814E0
3.778000E3,-9.163054E0,9.204506E0
3.779000E3,-9.168504E0,9.201893E0
3.780000E3,-9.173953E0,8.487802E0
3.781000E3,-9.179403E0,9.681994E0
3.782000E3,-9.184852E0,1.019652E1
3.783000E3,-9.190302E0,9.953084E0
3.784000E3,-9.195751E0,1.087174E1
3.785000E3,-9.201201E0,1.226875E1
3.786000E3,-9.206650E0,9.137061E0
3.787000E3,-9.212100E0,9.328304E0
3.788000E3,-9.217549E0,8.977820E0
3.789000E3,-9.222999E0,8.728484E0
3.790000E3,-9.228448E0,1.021668E1
3.791000E3,-9.233898E0,8.651917E0
3.792000E3,-9.239347E0,9.084544E0
3.793000E3,-9.244797E0,1.006701E1
3.794000E3,-9.250246E0,1.112362E1
3.795000E3,-9.255696E0,1.063409E1
3.796000E3,-9.261145E0,1.077450E1
3.797000E3,-9.266595E0,9.765135E0
3.798000E3,-9.272044E0,8.799101E0
3.799000E3,-9.277493E0,9.925368E0
3.800000E3,-9.282943E0,1.023005E1
3.801000E3,-9.288392E0,8.009366E0
3.802000E3,-9.293842E0,6.573078E0
3.803000E3,-9.299291E0,7.983768E0
3.804000E3,-9.304741E0,9.256017E0
3.805000E3,-9.310190E0,9.295496E0
3.806000E3,-9.315640E0,1.005134E1
3.807000E3,-9.321089E0,1.155697E1
3.808000E3,-9.326539E0,1.106185E1
3.809000E3,-9.331988E0,9.542746E0
3.810000E3,-9.337438E0,9.812798E0
3.811000E3,-9.342887E0,9.952530E0
3.812000E3,-9.348337E0,9.755230E0
3.813000E3,-9.353786E0,1.154777E1
3.814000E3,-9.359236E0,1.082694E1
3.815000E3,-9.364685E0,1.142704E1
3.816000E3,-9.370135E0,9.490857E0
3.817000E3,-9.375584E0,8.867488E0
3.818000E3,-9.381034E0,8.207592E0
3.819000E3,-9.386483E0,8.021119E0
3.820000E3,-9.391933E0,9.153881E0
3.821000E3,-9.397382E0,1.177436E1
3.822000E3,-9.402832E0,1.168067E1
3.823000E3,-9.408281E0,1.020886E1
3.824000E3,-9.413731E0,1.119856E1
3.825000E3,-9.419180E0,1.047362E1
3.826000E3,-9.424630E0,1.042600E1
3.827000E3,-9.430079E0,1.082293E1
3.828000E3,-9.435529E0,1.175860E1
3.829000E3,-9.440978E0,1.223355E1
3.830000E3,-9.446428E0,1.267090E1
3.831000E3,-9.451877E0,1.086033E1
3.832000E3,-9.457326E0,8.530485E0
3.833000E3,-9.462776E0,8.694002E0
3.834000E3,-9.468225E0,9.464031E0
3.835000E3,-9.473675E0,9.613856E0
3.836000E3,-9.479124E0,1.118655E1
3.837000E3,-9.484574E0,9.752188E0
3.838000E3,-9.490023E0,9.564696E0
3.839000E3,-9.495473E0,1.000320E1
3.840000E3,-9.500922E0,1.064837E1
3.841000E3,-9.506372E0,1.073787E1
3.842000E3,-9.511821E0,1.123754E1
3.843000E3,-9.517271E0,1.015987E1
3.844000E3,-9.522720E0,1.151045E1
3.845000E3,-9.528170E0,1.180270E1
3.846000E3,-9.533619E0,1.252258E1
3.847000E3,-9.539069E0,9.979269E0
3.848000E3,-9.544518E0,1.072967E1
3.849000E3,-9.549968E0,1.024449E1
3.850000E3,-9.555417E0,1.024020E1
3.851000E3,-9.560867E0,1.087155E1
3.852000E3,-9.566316E0,1.054805E1
3.853000E3,-9.571766E0,1.061455E1
3.854000E3,-9.577215E0,9.078221E0
3.855000E3,-9.582665E0,1.062161E1
3.856000E3,-9.588114E0,1.239979E1
3.857000E3,-9.593564E0,1.272907E1
3.858000E3,-9.599013E0,1.239704E1
3.859000E3,-9.604463E0,1.089087E1
3.860000E3,-9.609912E0,9.991965E0
3.861000E3,-9.615362E0,9.882409E0
3.862000E3,-9.620811E0,9.872820E0
3.863000E3,-9.626261E0,1.010423E1
3.864000E3,-9.631710E0,9.849156E0
3.865000E3,-9.637159E0,7.997053E0
3.866000E3,-9.642609E0,8.305906E0
3.867000E3,-9.648058E0,9.763948E0
3.868000E3,-9.653508E0,1.037957E1
3.869000E3,-9.658957E0,9.502665E0
3.870000E3,-9.664407E0,8.797343E0
3.871000E3,-9.669856E0,1.038491E1
3.872000E3,-9.675306E0,1.092262E1
3.873000E3,-9.680755E0,9.125073E0
3.874000E3,-9.686205E0,7.799936E0
3.875000E3,-9.691654E0,8.910500E0
3.876000E3,-9.697104E0,9.654703E0
3.877000E3,-9.702553E0,1.050366E1
3.878000E3,-9.708003E0,9.982751E0
3.879000E3,-9.713452E0,9.237138E0
3.880000E3,-9.718902E0,9.907150E0
3.881000E3,-9.724351E0,9.649489E0
3.882000E3,-9.729801E0,1.070947E1
3.883000E3,-9.735250E0,1.211443E1
3.884000E3,-9.740700E0,1.140577E1
3.885000E3,-9.746149E0,1.174042E1
3.886000E3,-9.751599E0,1.253970E1
3.887000E3,-9.757048E0,1.090696E1
3.888000E3,-9.762498E0,9.475546E0
3.889000E3,-9.767947E0,1.057851E1
3.890000E3,-9.773397E0,1.073135E1
3.891000E3,-9.778846E0,1.097706E1
3.892000E3,-9.784296E0,1.011075E1
3.893000E3,-9.789745E0,1.150644E1
3.894000E3,-9.795195E0,1.072935E1
3.895000E3,-9.800644E0,9.292138E0
3.896000E3,-9.806094E0,8.158768E0
3.897000E3,-9.811543E0,9.270777E0
3.898000E3,-9.816992E0,8.742105E0
3.899000E3,-9.822442E0,1.055264E1
3.900000E3,-9.827891E0,9.769014E0
3.901000E3,-9.833341E0,1.141858E1
3.902000E3,-9.838790E0,1.233124E1
3.903000E3,-9.844240E0,1.061000E1
3.904000E3,-9.849689E0,9.104506E0
3.905000E3,-9.855139E0,9.524953E0
3.906000E3,-9.860588E0,1.035264E1
3.907000E3,-9.866038E0,1.027366E1
3.908000E3,-9.871487E0,1.152834E1
3.909000E3,-9.876937E0,1.228892E1
3.910000E3,-9.882386E0,1.107885E1
3.911000E3,-9.887836E0,1.118827E1
3.912000E3,-9.893285E0,1.134657E1
3.913000E3,-9.898735E0,1.147093E1
3.914000E3,-9.904184E0,1.217243E1
3.915000E3,-9.909634E0,1.179647E1
3.916000E3,-9.915083E0,9.881288E0
3.917000E3,-9.920533E0,1.225721E1
3.918000E3,-9.925982E0,1.038377E1
3.919000E3,-9.931432E0,9.746648E0
3.920000E3,-9.936881E0,1.064088E1
3.921000E3,-9.942331E0,9.000675E0
3.922000E3,-9.947780E0,7.607575E0
3.923000E3,-9.953230E0,1.002932E1
3.924000E3,-9.958679E0,9.765391E0
3.925000E3,-9.964129E0,8.279974E0
3.926000E3,-9.969578E0,1.050182E1
3.927000E3,-9.975028E0,1.102168E1
3.928000E3,-9.980477E0,1.072798E1
3.929000E3,-9.985927E0,1.232700E1
3.930000E3,-9.991376E0,1.075280E1
3.931000E3,-9.996826E0,8.993319E0
3.932000E3,-1.000227E1,1.073078E1
3.933000E3,-1.000772E1,1.056418E1
3.934000E3,-1.001317E1,1.047358E1
3.935000E3,-1.001862E1,9.558490E0
3.936000E3,-1.002407E1,8.464482E0
3.937000E3,-1.002952E1,8.312245E0
3.938000E3,-1.003497E1,1.027331E1
3.939000E3,-1.004042E1,1.041133E1
3.940000E3,-1.004587E1,1.067074E1
3.941000E3,-1.005132E1,8.356482E0
3.942000E3,-1.005677E1,8.970771E0
3.943000E3,-1.006222E1,9.602941E0
3.944000E3,-1.006767E1,1.029758E1
3.945000E3,-1.007312E1,1.096880E1
3.946000E3,-1.007857E1,1.126850E1
3.947000E3,-1.008402E1,1.165019E1
3.948000E3,-1.008947E1,1.160494E1
3.949000E3,-1.009492E1,9.599130E0
3.950000E3,-1.010037E1,9.713949E0
3.951000E3,-1.010582E1,9.744408E0
3.952000E3,-1.011126E1,8.975941E0
3.953000E3,-1.011671E1,7.734473E0
3.954000E3,-1.012216E1,7.780835E0
3.955000E3,-1.012761E1,8.868186E0
3.956000E3,-1.013306E1,9.798635E0
3.957000E3,-1.013851E1,7.262849E0
3.958000E3,-1.014396E1,7.306519E0
3.959000E3,-1.014941E1,7.931244E0
3.960000E3,-1.015486E1,8.500979E0
3.961000E3,-1.016031E1,7.853521E0
3.962000E3,-1.016576E1,7.677135E0
3.963000E3,-1.017121E1,8.028771E0
3.964000E3,-1.017666E1,8.949362E0
3.965000E3,-1.018211E1,9.781568E0
3.966000E3,-1.018756E1,9.246612E0
3.967000E3,-1.019301E1,9.320645E0
3.968000E3,-1.019846E1,9.404098E0
3.969000E3,-1.020391E1,8.568005E0
3.970000E3,-1.020936E1,8.463906E0
3.971000E3,-1.021480E1,8.004763E0
3.972000E3,-1.022025E1,7.333183E0
3.973000E3,-1.022570E1,7.733159E0
3.974000E3,-1.023115E1,9.708087E0
3.975000E3,-1.023660E1,9.942558E0
3.976000E3,-1.024205E1,9.823142E0
3.977000E3,-1.024750E1,1.042943E1
3.978000E3,-1.025295E1,9.580923E0
3.979000E3,-1.025840E1,8.882530E0
3.980000E3,-1.026385E1,7.485159E0
3.981000E3,-1.026930E1,6.948625E0
3.982000E3,-1.027475E1,6.475728E0
3.983000E3,-1.028020E1,7.288735E0
3.984000E3,-1.028565E1,8.605057E0
3.985000E3,-1.029110E1,7.504993E0
3.986000E3,-1.029655E1,9.221702E0
3.987000E3,-1.030200E1,9.008054E0
3.988000E3,-1.030745E1,7.960521E0
3.989000E3,-1.031290E1,7.117059E0
3.990000E3,-1.031835E1,6.727797E0
3.991000E3,-1.032379E1,6.272550E0
3.992000E3,-1.032924E1,4.891372E0
3.993000E3,-1.033469E1,5.943375E0
3.994000E3,-1.034014E1,7.979879E0
3.995000E3,-1.034559E1,8.072062E0
3.996000E3,-1.035104E1,8.383592E0
3.997000E3,-1.035649E1,7.816253E0
3.998000E3,-1.036194E1,7.572579E0
3.999000E3,-1.036739E1,7.567839E0
4.000000E3,-1.037284E1,7.163235E0
4.001000E3,-1.037829E1,7.123222E0
4.002000E3,-1.038374E1,6.566360E0
4.003000E3,-1.038919E1,6.537907E0
4.004000E3,-1.039464E1,7.858429E0
4.005000E3,-1.040009E1,6.973362E0
4.006000E3,-1.040554E1,6.458305E0
4.007000E3,-1.041099E1,7.564877E0
4.008000E3,-1.041644E1,6.795867E0
4.009000E3,-1.042189E1,7.007302E0
4.010000E3,-1.042733E1,8.932052E0
4.011000E3,-1.043278E1,7.714113E0
4.012000E3,-1.043823E1,6.862526E0
4.013000E3,-1.044368E1,6.607127E0
4.014000E3,-1.044913E1,7.511173E0
4.015000E3,-1.045458E1,7.929846E0
4.016000E3,-1.046003E1,8.593540E0
4.017000E3,-1.046548E1,6.994423E0
4.018000E3,-1.047093E1,4.304773E0
4.019000E3,-1.047638E1,5.493914E0
4.020000E3,-1.048183E1,7.019272E0
4.021000E3,-1.048728E1,7.184092E0
4.022000E3,-1.049273E1,8.597982E0
4.023000E3,-1.049818E1,8.452973E0
4.024000E3,-1.050363E1,7.592024E0
4.025000E3,-1.050908E1,7.343891E0
4.026000E3,-1.051453E1,7.967138E0
4.027000E3,-1.051998E1,8.313633E0
4.028000E3,-1.052543E1,7.231786E0
4.029000E3,-1.053088E1,6.801418E0
4.030000E3,-1.053632E1,7.672272E0
4.031000E3,-1.054177E1,7.633013E0
4.032000E3,-1.054722E1,7.470729E0
4.033000E3,-1.055267E1,8.503168E0
4.034000E3,-1.055812E1,8.077160E0
4.035000E3,-1.056357E1,7.930687E0
4.036000E3,-1.056902E1,7.283232E0
4.037000E3,-1.057447E1,7.800644E0
4.038000E3,-1.057992E1,7.140877E0
4.039000E3,-1.058537E1,6.640384E0
4.040000E3,-1.059082E1,6.194651E0
4.041000E3,-1.059627E1,5.939194E0
4.042000E3,-1.060172E1,7.694659E0
4.043000E3,-1.060717E1,7.569590E0
4.044000E3,-1.061262E1,6.433206E0
4.045000E3,-1.061807E1,6.623164E0
4.046000E3,-1.062352E1,7.019728E0
4.047000E3,-1.062897E1,6.281391E0
4.048000E3,-1.063442E1,7.149162E0
4.049000E3,-1.063986E1,7.073436E0
4.050000E3,-1.064531E1,6.924622E0
4.051000E3,-1.065076E1,7.617030E0
4.052000E3,-1.065621E1,7.799831E0
4.053000E3,-1.066166E1,7.386821E0
4.054000E3,-1.066711E1,6.913822E0
4.055000E3,-1.067256E1,6.602252E0
4.056000E3,-1.067801E1,7.956147E0
4.057000E3,-1.068346E1,6.627383E0
4.058000E3,-1.068891E1,6.321482E0
4.059000E3,-1.069436E1,6.538165E0
4.060000E3,-1.069981E1,6.252765E0
4.061000E3,-1.070526E1,7.431357E0
4.062000E3,-1.071071E1,7.109485E0
4.063000E3,-1.071616E1,8.968274E0
4.064000E3,-1.072161E1,8.758002E0
4.065000E3,-1.072706E1,8.039343E0
4.066000E3,-1.073251E1,9.039716E0
4.067000E3,-1.073796E1,8.018749E0
4.068000E3,-1.074340E1,6.561555E0
4.069000E3,-1.074885E1,6.154423E0
4.070000E3,-1.075430E1,6.120784E0
4.071000E3,-1.075975E1,7.270135E0
4.072000E3,-1.076520E1,8.927257E0
4.073000E3,-1.077065E1,8.738881E0
4.074000E3,-1.077610E1,6.253436E0
4.075000E3,-1.078155E1,6.332943E0
4.076000E3,-1.078700E1,7.815584E0
4.077000E3,-1.079245E1,7.361906E0
4.078000E3,-1.079790E1,8.520225E0
4.079000E3,-1.080335E1,1.010873E1
4.080000E3,-1.080880E1,1.001921E1
4.081000E3,-1.081425E1,1.008711E1
4.082000E3,-1.081970E1,9.509720E0
4.083000E3,-1.082515E1,9.073926E0
4.084000E3,-1.083060E1,9.974023E0
4.085000E3,-1.083605E1,9.578303E0
4.086000E3,-1.084150E1,8.370895E0
4.087000E3,-1.084695E1,7.324336E0
4.088000E3,-1.085239E1,7.921810E0
4.089000E3,-1.085784E1,9.601917E0
4.090000E3,-1.086329E1,8.995600E0
4.091000E3,-1.086874E1,7.714671E0
4.092000E3,-1.087419E1,7.445993E0
4.093000E3,-1.087964E1,8.390049E0
4.094000E3,-1.088509E1,9.527315E0