	profile_A
n,x,luma
0.000000E0,2.221260E1,5.352539E0
1.000000E0,2.220192E1,5.664984E0
2.000000E0,2.219125E1,5.944884E0
3.000000E0,2.218057E1,5.510213E0
4.000000E0,2.216989E1,5.219885E0
5.000000E0,2.215922E1,4.940286E0
6.000000E0,2.214854E1,3.376802E0
7.000000E0,2.213786E1,4.477142E0
8.000000E0,2.212719E1,6.044517E0
9.000000E0,2.211651E1,6.560962E0
1.000000E1,2.210583E1,5.637804E0
1.100000E1,2.209516E1,5.516690E0
1.200000E1,2.208448E1,5.065640E0
1.300000E1,2.207380E1,4.824777E0
1.400000E1,2.206313E1,5.646113E0
1.500000E1,2.205245E1,6.362973E0
1.600000E1,2.204178E1,6.119290E0
1.700000E1,2.203110E1,5.279789E0
1.800000E1,2.202042E1,5.756937E0
1.900000E1,2.200975E1,5.007537E0
2.000000E1,2.199907E1,4.985333E0
2.100000E1,2.198839E1,4.038355E0
2.200000E1,2.197772E1,5.279508E0
2.300000E1,2.196704E1,6.038368E0
2.400000E1,2.195636E1,5.170309E0
2.500000E1,2.194569E1,5.959502E0
2.600000E1,2.193501E1,5.785541E0
2.700000E1,2.192433E1,5.577967E0
2.800000E1,2.191366E1,4.471525E0
2.900000E1,2.190298E1,3.509462E0
3.000000E1,2.189230E1,3.884094E0
3.100000E1,2.188163E1,3.568178E0
3.200000E1,2.187095E1,3.797509E0
3.300000E1,2.186027E1,4.535506E0
3.400000E1,2.184960E1,4.386866E0
3.500000E1,2.183892E1,4.901621E0
3.600000E1,2.182824E1,4.745381E0
3.700000E1,2.181757E1,4.777435E0
3.800000E1,2.180689E1,5.201026E0
3.900000E1,2.179621E1,6.262076E0
4.000000E1,2.178554E1,5.429777E0
4.100000E1,2.177486E1,4.365573E0
4.200000E1,2.176418E1,4.003269E0
4.300000E1,2.175351E1,3.511491E0
4.400000E1,2.174283E1,4.370233E0
4.500000E1,2.173215E1,5.925096E0
4.600000E1,2.172148E1,5.341454E0
4.700000E1,2.171080E1,5.417087E0
4.800000E1,2.170012E1,6.548466E0
4.900000E1,2.168945E1,6.557126E0
5.000000E1,2.167877E1,4.462690E0
5.100000E1,2.166809E1,4.245199E0
5.200000E1,2.165742E1,5.096405E0
5.300000E1,2.164674E1,5.513874E0
5.400000E1,2.163606E1,4.400999E0
5.500000E1,2.162539E1,4.348673E0
5.600000E1,2.161471E1,5.225705E0
5.700000E1,2.160403E1,4.374140E0
5.800000E1,2.159336E1,3.858914E0
5.900000E1,2.158268E1,4.170118E0
6.000000E1,2.157200E1,4.181893E0
6.100000E1,2.156133E1,5.186161E0
6.200000E1,2.155065E1,6.168689E0
6.300000E1,2.153997E1,4.809596E0
6.400000E1,2.152930E1,4.167061E0
6.500000E1,2.151862E1,5.398127E0
6.600000E1,2.150794E1,5.895425E0
6.700000E1,2.149727E1,5.574809E0
6.800000E1,2.148659E1,4.915940E0
6.900000E1,2.147591E1,5.566196E0
7.000000E1,2.146524E1,5.788229E0
7.100000E1,2.145456E1,6.392459E0
7.200000E1,2.144388E1,7.754308E0
7.300000E1,2.143321E1,7.471820E0
7.400000E1,2.142253E1,4.959018E0
7.500000E1,2.141186E1,5.760372E0
7.600000E1,2.140118E1,5.546827E0
7.700000E1,2.139050E1,5.763312E0
7.800000E1,2.137983E1,5.190294E0
7.900000E1,2.136915E1,5.432700E0
8.000000E1,2.135847E1,5.436696E0
8.100000E1,2.134780E1,6.277776E0
8.200000E1,2.133712E1,5.636048E0
8.300000E1,2.132644E1,7.132618E0
8.400000E1,2.131577E1,6.933153E0
8.500000E1,2.130509E1,5.963032E0
8.600000E1,2.129441E1,6.407874E0
8.700000E1,2.128374E1,6.002451E0
8.800000E1,2.127306E1,5.584049E0
8.900000E1,2.126238E1,6.229308E0
9.000000E1,2.125171E1,6.116633E0
9.100000E1,2.124103E1,5.871527E0
9.200000E1,2.123035E1,5.135008E0
9.300000E1,2.121968E1,6.012219E0
9.400000E1,2.120900E1,7.155138E0
9.500000E1,2.119832E1,6.909321E0
9.600000E1,2.118765E1,5.516280E0
9.700000E1,2.117697E1,5.474427E0
9.800000E1,2.116629E1,5.798026E0
9.900000E1,2.115562E1,5.691452E0
1.000000E2,2.114494E1,6.237765E0
1.010000E2,2.113426E1,5.397798E0
1.020000E2,2.112359E1,6.443412E0
1.030000E2,2.111291E1,7.208020E0
1.040000E2,2.110223E1,6.267204E0
1.050000E2,2.109156E1,5.589209E0
1.060000E2,2.108088E1,6.661516E0
1.070000E2,2.107020E1,7.966446E0
1.080000E2,2.105953E1,5.264022E0
1.090000E2,2.104885E1,3.743380E0
1.100000E2,2.103817E1,5.199208E0
1.110000E2,2.102750E1,5.816134E0
1.120000E2,2.101682E1,5.674812E0
1.130000E2,2.100614E1,5.188907E0
1.140000E2,2.099547E1,6.675239E0
1.150000E2,2.098479E1,7.314902E0
1.160000E2,2.097411E1,8.097989E0
1.170000E2,2.096344E1,6.545781E0
1.180000E2,2.095276E1,6.229134E0
1.190000E2,2.094208E1,7.393664E0
1.200000E2,2.093141E1,6.333286E0
1.210000E2,2.092073E1,4.593633E0
1.220000E2,2.091005E1,5.144258E0
1.230000E2,2.089938E1,6.793445E0
1.240000E2,2.088870E1,5.678685E0
1.250000E2,2.087802E1,5.872510E0
1.260000E2,2.086735E1,7.536490E0
1.270000E2,2.085667E1,6.768676E0
1.280000E2,2.084599E1,7.393640E0
1.290000E2,2.083532E1,6.066947E0
1.300000E2,2.082464E1,5.706435E0
1.310000E2,2.081396E1,6.807284E0
1.320000E2,2.080329E1,7.297705E0
1.330000E2,2.079261E1,7.518544E0
1.340000E2,2.078193E1,7.931905E0
1.350000E2,2.077126E1,8.516044E0
1.360000E2,2.076058E1,6.565668E0
1.370000E2,2.074991E1,5.244659E0
1.380000E2,2.073923E1,6.471285E0
1.390000E2,2.072855E1,6.474169E0
1.400000E2,2.071788E1,6.927127E0
1.410000E2,2.070720E1,7.554825E0
1.420000E2,2.069652E1,6.720290E0
1.430000E2,2.068585E1,5.662383E0
1.440000E2,2.067517E1,7.457132E0
1.450000E2,2.066449E1,7.429341E0
1.460000E2,2.065382E1,6.604637E0
1.470000E2,2.064314E1,7.162084E0
1.480000E2,2.063246E1,7.666473E0
1.490000E2,2.062179E1,7.449877E0
1.500000E2,2.061111E1,1.003802E1
1.510000E2,2.060043E1,1.040455E1
1.520000E2,2.058976E1,8.566024E0
1.530000E2,2.057908E1,8.859542E0
1.540000E2,2.056840E1,8.180266E0
1.550000E2,2.055773E1,8.284751E0
1.560000E2,2.054705E1,7.998508E0
1.570000E2,2.053637E1,7.581455E0
1.580000E2,2.052570E1,7.749653E0
1.590000E2,2.051502E1,8.538245E0
1.600000E2,2.050434E1,8.636208E0
1.610000E2,2.049367E1,9.013295E0
1.620000E2,2.048299E1,7.329793E0
1.630000E2,2.047231E1,6.725216E0
1.640000E2,2.046164E1,7.496284E0
1.650000E2,2.045096E1,8.231548E0
1.660000E2,2.044028E1,7.175312E0
1.670000E2,2.042961E1,6.024887E0
1.680000E2,2.041893E1,8.434898E0
1.690000E2,2.040825E1,6.678411E0
1.700000E2,2.039758E1,5.246622E0
1.710000E2,2.038690E1,4.731164E0
1.720000E2,2.037622E1,5.319500E0
1.730000E2,2.036555E1,6.091680E0
1.740000E2,2.035487E1,6.989447E0
1.750000E2,2.034419E1,5.612216E0
1.760000E2,2.033352E1,5.835202E0
1.770000E2,2.032284E1,5.894325E0
1.780000E2,2.031216E1,7.780948E0
1.790000E2,2.030149E1,8.212955E0
1.800000E2,2.029081E1,7.374915E0
1.810000E2,2.028013E1,5.316796E0
1.820000E2,2.026946E1,5.161652E0
1.830000E2,2.025878E1,4.898261E0
1.840000E2,2.024810E1,4.758339E0
1.850000E2,2.023743E1,6.543137E0
1.860000E2,2.022675E1,7.022688E0
1.870000E2,2.021607E1,6.064162E0
1.880000E2,2.020540E1,4.510092E0
1.890000E2,2.019472E1,4.922761E0
1.900000E2,2.018404E1,6.564952E0
1.910000E2,2.017337E1,5.511844E0
1.920000E2,2.016269E1,5.131763E0
1.930000E2,2.015201E1,6.736455E0
1.940000E2,2.014134E1,4.795119E0
1.950000E2,2.013066E1,4.759900E0
1.960000E2,2.011999E1,6.841708E0
1.970000E2,2.010931E1,6.569854E0
1.980000E2,2.009863E1,6.414303E0
1.990000E2,2.008796E1,5.954845E0
2.000000E2,2.007728E1,6.239491E0
2.010000E2,2.006660E1,6.855506E0
2.020000E2,2.005593E1,6.109957E0
2.030000E2,2.004525E1,6.613790E0
2.040000E2,2.003457E1,6.337820E0
2.050000E2,2.002390E1,6.423213E0
2.060000E2,2.001322E1,6.509146E0
2.070000E2,2.000254E1,6.809436E0
2.080000E2,1.999187E1,6.468049E0
2.090000E2,1.998119E1,5.101790E0
2.100000E2,1.997051E1,5.702638E0
2.110000E2,1.995984E1,4.933941E0
2.120000E2,1.994916E1,6.023904E0
2.130000E2,1.993848E1,5.349340E0
2.140000E2,1.992781E1,4.891772E0
2.150000E2,1.991713E1,5.948250E0
2.160000E2,1.990645E1,6.883992E0
2.170000E2,1.989578E1,6.877207E0
2.180000E2,1.988510E1,6.849408E0
2.190000E2,1.987442E1,7.621964E0
2.200000E2,1.986375E1,7.038708E0
2.210000E2,1.985307E1,6.784556E0
2.220000E2,1.984239E1,5.683991E0
2.230000E2,1.983172E1,5.121382E0
2.240000E2,1.982104E1,6.005493E0
2.250000E2,1.981036E1,8.147828E0
2.260000E2,1.979969E1,7.415584E0
2.270000E2,1.978901E1,6.641342E0
2.280000E2,1.977833E1,7.782307E0
2.290000E2,1.976766E1,7.981905E0
2.300000E2,1.975698E1,7.607483E0
2.310000E2,1.974630E1,7.706657E0
2.320000E2,1.973563E1,6.415545E0
2.330000E2,1.972495E1,6.218518E0
2.340000E2,1.971427E1,7.521044E0
2.350000E2,1.970360E1,7.675950E0
2.360000E2,1.969292E1,6.610227E0
2.370000E2,1.968224E1,6.648153E0
2.380000E2,1.967157E1,7.704429E0
2.390000E2,1.966089E1,9.174571E0
2.400000E2,1.965021E1,8.983917E0
2.410000E2,1.963954E1,9.468418E0
2.420000E2,1.962886E1,9.307863E0
2.430000E2,1.961818E1,8.088327E0
2.440000E2,1.960751E1,8.007533E0
2.450000E2,1.959683E1,7.920783E0
2.460000E2,1.958615E1,7.495406E0
2.470000E2,1.957548E1,7.436085E0
2.480000E2,1.956480E1,6.789435E0
2.490000E2,1.955412E1,7.176275E0
2.500000E2,1.954345E1,8.392194E0
2.510000E2,1.953277E1,8.960405E0
2.520000E2,1.952209E1,9.089493E0
2.530000E2,1.951142E1,8.083158E0
2.540000E2,1.950074E1,6.986474E0
2.550000E2,1.949007E1,7.551275E0
2.560000E2,1.947939E1,8.557771E0
2.570000E2,1.946871E1,7.656284E0
2.580000E2,1.945804E1,7.841143E0
2.590000E2,1.944736E1,8.245840E0
2.600000E2,1.943668E1,8.913150E0
2.610000E2,1.942601E1,8.005075E0
2.620000E2,1.941533E1,5.126146E0
2.630000E2,1.940465E1,7.088297E0
2.640000E2,1.939398E1,7.480216E0
2.650000E2,1.938330E1,7.747659E0
2.660000E2,1.937262E1,7.820136E0
2.670000E2,1.936195E1,7.455927E0
2.680000E2,1.935127E1,8.807121E0
2.690000E2,1.934059E1,8.734656E0
2.700000E2,1.932992E1,7.513125E0
2.710000E2,1.931924E1,7.267568E0
2.720000E2,1.930856E1,6.832969E0
2.730000E2,1.929789E1,6.309372E0
2.740000E2,1.928721E1,8.356840E0
2.750000E2,1.927653E1,8.418161E0
2.760000E2,1.926586E1,7.759448E0
2.770000E2,1.925518E1,8.000401E0
2.780000E2,1.924450E1,8.031592E0
2.790000E2,1.923383E1,8.929997E0
2.800000E2,1.922315E1,1.025084E1
2.810000E2,1.921247E1,9.825877E0
2.820000E2,1.920180E1,9.601581E0
2.830000E2,1.919112E1,8.253930E0
2.840000E2,1.918044E1,8.717425E0
2.850000E2,1.916977E1,9.243470E0
2.860000E2,1.915909E1,7.939675E0
2.870000E2,1.914841E1,7.429276E0
2.880000E2,1.913774E1,7.725936E0
2.890000E2,1.912706E1,8.163269E0
2.900000E2,1.911638E1,9.220446E0
2.910000E2,1.910571E1,8.253259E0
2.920000E2,1.909503E1,9.591864E0
2.930000E2,1.908435E1,9.794206E0
2.940000E2,1.907368E1,1.034261E1
2.950000E2,1.906300E1,1.006135E1
2.960000E2,1.905232E1,8.915368E0
2.970000E2,1.904165E1,9.215482E0
2.980000E2,1.903097E1,9.261463E0
2.990000E2,1.902029E1,1.004915E1
3.000000E2,1.900962E1,9.575773E0
3.010000E2,1.899894E1,8.432801E0
3.020000E2,1.898826E1,7.348349E0
3.030000E2,1.897759E1,8.778048E0
3.040000E2,1.896691E1,9.059775E0
3.050000E2,1.895623E1,9.198223E0
3.060000E2,1.894556E1,9.201735E0
3.070000E2,1.893488E1,8.125717E0
3.080000E2,1.892420E1,8.657342E0
3.090000E2,1.891353E1,8.994916E0
3.100000E2,1.890285E1,8.300399E0
3.110000E2,1.889217E1,8.675873E0
3.120000E2,1.888150E1,9.380242E0
3.130000E2,1.887082E1,9.251643E0
3.140000E2,1.886015E1,8.792172E0
3.150000E2,1.884947E1,8.646825E0
3.160000E2,1.883879E1,9.865195E0
3.170000E2,1.882812E1,8.858311E0
3.180000E2,1.881744E1,8.360445E0
3.190000E2,1.880676E1,8.701084E0
3.200000E2,1.879609E1,1.009171E1
3.210000E2,1.878541E1,9.941904E0
3.220000E2,1.877473E1,9.744319E0
3.230000E2,1.876406E1,1.140018E1
3.240000E2,1.875338E1,1.197020E1
3.250000E2,1.874270E1,1.128305E1
3.260000E2,1.873203E1,8.946324E0
3.270000E2,1.872135E1,9.219557E0
3.280000E2,1.871067E1,9.051634E0
3.290000E2,1.870000E1,8.786227E0
3.300000E2,1.868932E1,9.791280E0
3.310000E2,1.867864E1,1.170160E1
3.320000E2,1.866797E1,1.141267E1
3.330000E2,1.865729E1,8.843605E0
3.340000E2,1.864661E1,1.055004E1
3.350000E2,1.863594E1,9.405233E0
3.360000E2,1.862526E1,9.395451E0
3.370000E2,1.861458E1,1.051052E1
3.380000E2,1.860391E1,9.853384E0
3.390000E2,1.859323E1,9.918736E0
3.400000E2,1.858255E1,9.169788E0
3.410000E2,1.857188E1,9.654480E0
3.420000E2,1.856120E1,9.736074E0
3.430000E2,1.855052E1,8.477452E0
3.440000E2,1.853985E1,8.763864E0
3.450000E2,1.852917E1,8.840474E0
3.460000E2,1.851849E1,8.043522E0
3.470000E2,1.850782E1,8.039572E0
3.480000E2,1.849714E1,8.667002E0
3.490000E2,1.848646E1,8.208725E0
3.500000E2,1.847579E1,7.858436E0
3.510000E2,1.846511E1,9.798666E0
3.520000E2,1.845443E1,8.827030E0
3.530000E2,1.844376E1,7.879616E0
3.540000E2,1.843308E1,8.748619E0
3.550000E2,1.842240E1,7.730931E0
3.560000E2,1.841173E1,7.055111E0
3.570000E2,1.840105E1,6.798542E0
3.580000E2,1.839037E1,7.779099E0
3.590000E2,1.837970E1,8.792222E0
3.600000E2,1.836902E1,9.864917E0
3.610000E2,1.835834E1,7.900225E0
3.620000E2,1.834767E1,7.204213E0
3.630000E2,1.833699E1,6.033250E0
3.640000E2,1.832631E1,5.748582E0
3.650000E2,1.831564E1,6.303620E0
3.660000E2,1.830496E1,8.107831E0
3.670000E2,1.829428E1,8.777601E0
3.680000E2,1.828361E1,8.318114E0
3.690000E2,1.827293E1,8.921211E0
3.700000E2,1.826225E1,8.016310E0
3.710000E2,1.825158E1,8.590798E0
3.720000E2,1.824090E1,8.593862E0
3.730000E2,1.823022E1,8.695632E0
3.740000E2,1.821955E1,6.925054E0
3.750000E2,1.820887E1,6.833898E0
3.760000E2,1.819820E1,7.819634E0
3.770000E2,1.818752E1,7.581085E0
3.780000E2,1.817684E1,8.226359E0
3.790000E2,1.816617E1,6.809301E0
3.800000E2,1.815549E1,6.806075E0
3.810000E2,1.814481E1,6.677768E0
3.820000E2,1.813414E1,8.602388E0
3.830000E2,1.812346E1,9.271597E0
3.840000E2,1.811278E1,7.788336E0
3.850000E2,1.810211E1,8.442676E0
3.860000E2,1.809143E1,8.989487E0
3.870000E2,1.808075E1,9.417705E0
3.880000E2,1.807008E1,7.366288E0
3.890000E2,1.805940E1,8.842045E0
3.900000E2,1.804872E1,8.111553E0
3.910000E2,1.803805E1,7.575140E0
3.920000E2,1.802737E1,8.108366E0
3.930000E2,1.801669E1,7.101606E0
3.940000E2,1.800602E1,7.954953E0
3.950000E2,1.799534E1,9.002490E0
3.960000E2,1.798466E1,1.030521E1
3.970000E2,1.797399E1,8.912263E0
3.980000E2,1.796331E1,8.676776E0
3.990000E2,1.795263E1,8.032615E0
4.000000E2,1.794196E1,7.972617E0
4.010000E2,1.793128E1,9.171718E0
4.020000E2,1.792060E1,9.910917E0
4.030000E2,1.790993E1,1.029575E1
4.040000E2,1.789925E1,8.971392E0
4.050000E2,1.788857E1,8.103855E0
4.060000E2,1.787790E1,7.913880E0
4.070000E2,1.786722E1,9.118390E0
4.080000E2,1.785654E1,7.195099E0
4.090000E2,1.784587E1,7.002947E0
4.100000E2,1.783519E1,8.306261E0
4.110000E2,1.782451E1,9.726023E0
4.120000E2,1.781384E1,8.097606E0
4.130000E2,1.780316E1,7.806443E0
4.140000E2,1.779248E1,9.937948E0
4.150000E2,1.778181E1,9.891359E0
4.160000E2,1.777113E1,8.914051E0
4.170000E2,1.776045E1,8.007646E0
4.180000E2,1.774978E1,8.747801E0
4.190000E2,1.773910E1,7.783210E0
4.200000E2,1.772842E1,7.178099E0
4.210000E2,1.771775E1,9.210363E0
4.220000E2,1.770707E1,1.063179E1
4.230000E2,1.769639E1,9.061892E0
4.240000E2,1.768572E1,8.342570E0
4.250000E2,1.767504E1,9.787130E0
4.260000E2,1.766436E1,8.272696E0
4.270000E2,1.765369E1,8.776846E0
4.280000E2,1.764301E1,9.270003E0
4.290000E2,1.763233E1,8.690308E0
4.300000E2,1.762166E1,8.166639E0
4.310000E2,1.761098E1,8.580253E0
4.320000E2,1.760030E1,7.808696E0
4.330000E2,1.758963E1,8.166713E0
4.340000E2,1.757895E1,9.500046E0
4.350000E2,1.756828E1,9.883721E0
4.360000E2,1.755760E1,1.030059E1
4.370000E2,1.754692E1,8.861424E0
4.380000E2,1.753625E1,8.502339E0
4.390000E2,1.752557E1,8.661350E0
4.400000E2,1.751489E1,8.787973E0
4.410000E2,1.750422E1,1.003449E1
4.420000E2,1.749354E1,1.119630E1
4.430000E2,1.748286E1,1.063553E1
4.440000E2,1.747219E1,1.040579E1
4.450000E2,1.746151E1,1.070883E1
4.460000E2,1.745083E1,1.133808E1
4.470000E2,1.744016E1,1.088864E1
4.480000E2,1.742948E1,1.070426E1
4.490000E2,1.741880E1,1.110190E1
4.500000E2,1.740813E1,1.127141E1
4.510000E2,1.739745E1,1.138951E1
4.520000E2,1.738677E1,1.028691E1
4.530000E2,1.737610E1,1.080119E1
4.540000E2,1.736542E1,1.198901E1
4.550000E2,1.735474E1,8.612421E0
4.560000E2,1.734407E1,9.851676E0
4.570000E2,1.733339E1,1.054729E1
4.580000E2,1.732271E1,9.784469E0
4.590000E2,1.731204E1,1.008158E1
4.600000E2,1.730136E1,1.129791E1
4.610000E2,1.729068E1,1.355305E1
4.620000E2,1.728001E1,1.374447E1
4.630000E2,1.726933E1,1.121296E1
4.640000E2,1.725865E1,1.200596E1
4.650000E2,1.724798E1,1.217883E1
4.660000E2,1.723730E1,1.068186E1
4.670000E2,1.722662E1,9.687547E0
4.680000E2,1.721595E1,1.074972E1
4.690000E2,1.720527E1,1.111107E1
4.700000E2,1.719459E1,1.270898E1
4.710000E2,1.718392E1,1.328257E1
4.720000E2,1.717324E1,1.122415E1
4.730000E2,1.716256E1,9.881245E0
4.740000E2,1.715189E1,1.038417E1
4.750000E2,1.714121E1,9.594132E0
4.760000E2,1.713053E1,9.933313E0
4.770000E2,1.711986E1,1.121654E1
4.780000E2,1.710918E1,1.361841E1
4.790000E2,1.709850E1,1.360685E1
4.800000E2,1.708783E1,1.207193E1
4.810000E2,1.707715E1,1.176031E1
4.820000E2,1.706647E1,1.092778E1
4.830000E2,1.705580E1,1.102109E1
4.840000E2,1.704512E1,1.173732E1
4.850000E2,1.703444E1,1.153402E1
4.860000E2,1.702377E1,1.458472E1
4.870000E2,1.701309E1,1.476911E1
4.880000E2,1.700241E1,1.318752E1
4.890000E2,1.699174E1,1.460568E1
4.900000E2,1.698106E1,1.429391E1
4.910000E2,1.697038E1,1.364513E1
4.920000E2,1.695971E1,1.124273E1
4.930000E2,1.694903E1,1.103350E1
4.940000E2,1.693836E1,1.119784E1
4.950000E2,1.692768E1,1.065981E1
4.960000E2,1.691700E1,1.147939E1
4.970000E2,1.690633E1,1.286817E1
4.980000E2,1.689565E1,1.226035E1
4.990000E2,1.688497E1,1.055322E1
5.000000E2,1.687430E1,1.055422E1
5.010000E2,1.686362E1,1.070597E1
5.020000E2,1.685294E1,1.092352E1
5.030000E2,1.684227E1,1.111450E1
5.040000E2,1.683159E1,1.055116E1
5.050000E2,1.682091E1,1.076920E1
5.060000E2,1.681024E1,1.029105E1
5.070000E2,1.679956E1,1.282473E1
5.080000E2,1.678888E1,1.467537E1
5.090000E2,1.677821E1,1.536481E1
5.100000E2,1.676753E1,1.293443E1
5.110000E2,1.675685E1,1.353143E1
5.120000E2,1.674618E1,1.546413E1
5.130000E2,1.673550E1,1.487710E1
5.140000E2,1.672482E1,1.392900E1
5.150000E2,1.671415E1,1.425238E1
5.160000E2,1.670347E1,1.412838E1
5.170000E2,1.669279E1,1.279899E1
5.180000E2,1.668212E1,1.394109E1
5.190000E2,1.667144E1,1.577519E1
5.200000E2,1.666076E1,1.524215E1
5.210000E2,1.665009E1,1.502216E1
5.220000E2,1.663941E1,1.419922E1
5.230000E2,1.662873E1,1.514533E1
5.240000E2,1.661806E1,1.665349E1
5.250000E2,1.660738E1,1.609499E1
5.260000E2,1.659670E1,1.579023E1
5.270000E2,1.658603E1,1.676304E1
5.280000E2,1.657535E1,1.560004E1
5.290000E2,1.656467E1,1.518253E1
5.300000E2,1.655400E1,1.531440E1
5.310000E2,1.654332E1,1.564492E1
5.320000E2,1.653264E1,1.538910E1
5.330000E2,1.652197E1,1.495835E1
5.340000E2,1.651129E1,1.498633E1
5.350000E2,1.650061E1,1.455768E1
5.360000E2,1.648994E1,1.247102E1
5.370000E2,1.647926E1,1.354470E1
5.380000E2,1.646858E1,1.544341E1
5.390000E2,1.645791E1,1.333812E1
5.400000E2,1.644723E1,1.140434E1
5.410000E2,1.643655E1,1.251197E1
5.420000E2,1.642588E1,1.454800E1
5.430000E2,1.641520E1,1.566130E1
5.440000E2,1.640452E1,1.463022E1
5.450000E2,1.639385E1,1.430127E1
5.460000E2,1.638317E1,1.455479E1
5.470000E2,1.637249E1,1.407365E1
5.480000E2,1.636182E1,1.434918E1
5.490000E2,1.635114E1,1.439276E1
5.500000E2,1.634046E1,1.470171E1
5.510000E2,1.632979E1,1.391717E1
5.520000E2,1.631911E1,1.182672E1
5.530000E2,1.630844E1,1.342451E1
5.540000E2,1.629776E1,1.376965E1
5.550000E2,1.628708E1,1.314961E1
5.560000E2,1.627641E1,1.372684E1
5.570000E2,1.626573E1,1.480864E1
5.580000E2,1.625505E1,1.408191E1
5.590000E2,1.624438E1,1.534421E1
5.600000E2,1.623370E1,1.419842E1
5.610000E2,1.622302E1,1.426200E1
5.620000E2,1.621235E1,1.386328E1
5.630000E2,1.620167E1,1.424843E1
5.640000E2,1.619099E1,1.279529E1
5.650000E2,1.618032E1,1.319215E1
5.660000E2,1.616964E1,1.202746E1
5.670000E2,1.615896E1,1.345069E1
5.680000E2,1.614829E1,1.479091E1
5.690000E2,1.613761E1,1.421946E1
5.700000E2,1.612693E1,1.338802E1
5.710000E2,1.611626E1,1.392620E1
5.720000E2,1.610558E1,1.257910E1
5.730000E2,1.609490E1,1.289136E1
5.740000E2,1.608423E1,1.207440E1
5.750000E2,1.607355E1,1.275463E1
5.760000E2,1.606287E1,1.235223E1
5.770000E2,1.605220E1,1.062062E1
5.780000E2,1.604152E1,1.052696E1
5.790000E2,1.603084E1,1.105487E1
5.800000E2,1.602017E1,1.267681E1
5.810000E2,1.600949E1,1.098186E1
5.820000E2,1.599881E1,1.253078E1
5.830000E2,1.598814E1,1.049411E1
5.840000E2,1.597746E1,9.928577E0
5.850000E2,1.596678E1,1.025007E1
5.860000E2,1.595611E1,1.261572E1
5.870000E2,1.594543E1,1.499244E1
5.880000E2,1.593475E1,1.320782E1
5.890000E2,1.592408E1,1.223172E1
5.900000E2,1.591340E1,1.398909E1
5.910000E2,1.590272E1,1.207198E1
5.920000E2,1.589205E1,1.117876E1
5.930000E2,1.588137E1,1.207050E1
5.940000E2,1.587069E1,1.422350E1
5.950000E2,1.586002E1,1.322753E1
5.960000E2,1.584934E1,1.274146E1
5.970000E2,1.583866E1,1.002839E1
5.980000E2,1.582799E1,1.077180E1
5.990000E2,1.581731E1,1.223972E1
6.000000E2,1.580663E1,1.451738E1
6.010000E2,1.579596E1,1.240062E1
6.020000E2,1.578528E1,1.137380E1
6.030000E2,1.577460E1,9.613343E0
6.040000E2,1.576393E1,1.114574E1
6.050000E2,1.575325E1,1.262687E1
6.060000E2,1.574257E1,1.202307E1
6.070000E2,1.573190E1,1.172606E1
6.080000E2,1.572122E1,1.120406E1
6.090000E2,1.571054E1,1.241211E1
6.100000E2,1.569987E1,1.205549E1
6.110000E2,1.568919E1,1.348189E1
6.120000E2,1.567851E1,1.415692E1
6.130000E2,1.566784E1,1.216743E1
6.140000E2,1.565716E1,1.296414E1
6.150000E2,1.564649E1,1.087382E1
6.160000E2,1.563581E1,9.836338E0
6.170000E2,1.562513E1,1.044600E1
6.180000E2,1.561446E1,1.079660E1
6.190000E2,1.560378E1,1.046098E1
6.200000E2,1.559310E1,1.235382E1
6.210000E2,1.558243E1,1.199287E1
6.220000E2,1.557175E1,1.024911E1
6.230000E2,1.556107E1,9.498297E0
6.240000E2,1.555040E1,1.009142E1
6.250000E2,1.553972E1,1.155894E1
6.260000E2,1.552904E1,1.126152E1
6.270000E2,1.551837E1,1.149322E1
6.280000E2,1.550769E1,1.042261E1
6.290000E2,1.549701E1,1.034304E1
6.300000E2,1.548634E1,1.032519E1
6.310000E2,1.547566E1,1.153693E1
6.320000E2,1.546498E1,1.162931E1
6.330000E2,1.545431E1,1.028850E1
6.340000E2,1.544363E1,1.019980E1
6.350000E2,1.543295E1,9.920092E0
6.360000E2,1.542228E1,1.104481E1
6.370000E2,1.541160E1,1.151337E1
6.380000E2,1.540092E1,1.140733E1
6.390000E2,1.539025E1,1.214738E1
6.400000E2,1.537957E1,9.500550E0
6.410000E2,1.536889E1,8.545180E0
6.420000E2,1.535822E1,9.051715E0
6.430000E2,1.534754E1,9.979273E0
6.440000E2,1.533686E1,1.029497E1
6.450000E2,1.532619E1,1.153784E1
6.460000E2,1.531551E1,1.170076E1
6.470000E2,1.530483E1,1.249785E1
6.480000E2,1.529416E1,1.061738E1
6.490000E2,1.528348E1,1.088658E1
6.500000E2,1.527280E1,1.168458E1
6.510000E2,1.526213E1,1.062274E1
6.520000E2,1.525145E1,1.062415E1
6.530000E2,1.524077E1,1.113160E1
6.540000E2,1.523010E1,1.156461E1
6.550000E2,1.521942E1,1.025705E1
6.560000E2,1.520874E1,1.001454E1
6.570000E2,1.519807E1,1.206768E1
6.580000E2,1.518739E1,1.281779E1
6.590000E2,1.517671E1,1.250678E1
6.600000E2,1.516604E1,1.221404E1
6.610000E2,1.515536E1,1.197418E1
6.620000E2,1.514468E1,1.419114E1
6.630000E2,1.513401E1,1.408500E1
6.640000E2,1.512333E1,1.379860E1
6.650000E2,1.511265E1,1.316682E1
6.660000E2,1.510198E1,1.377372E1
6.670000E2,1.509130E1,1.474721E1
6.680000E2,1.508062E1,1.529469E1
6.690000E2,1.506995E1,1.381774E1
6.700000E2,1.505927E1,1.185247E1
6.710000E2,1.504859E1,1.202438E1
6.720000E2,1.503792E1,1.359075E1
6.730000E2,1.502724E1,1.469305E1
6.740000E2,1.501657E1,1.537615E1
6.750000E2,1.500589E1,1.501078E1
6.760000E2,1.499521E1,1.270717E1
6.770000E2,1.498454E1,1.503095E1
6.780000E2,1.497386E1,1.722357E1
6.790000E2,1.496318E1,1.695611E1
6.800000E2,1.495251E1,1.585929E1
6.810000E2,1.494183E1,1.635859E1
6.820000E2,1.493115E1,1.546921E1
6.830000E2,1.492048E1,1.525254E1
6.840000E2,1.490980E1,1.487475E1
6.850000E2,1.489912E1,1.565081E1
6.860000E2,1.488845E1,1.557575E1
6.870000E2,1.487777E1,1.533185E1
6.880000E2,1.486709E1,1.308275E1
6.890000E2,1.485642E1,1.669337E1
6.900000E2,1.484574E1,1.615241E1
6.910000E2,1.483506E1,1.479568E1
6.920000E2,1.482439E1,1.579484E1
6.930000E2,1.481371E1,1.706485E1
6.940000E2,1.480303E1,1.703032E1
6.950000E2,1.479236E1,1.682028E1
6.960000E2,1.478168E1,1.251327E1
6.970000E2,1.477100E1,1.425592E1
6.980000E2,1.476033E1,1.693540E1
6.990000E2,1.474965E1,1.740856E1
7.000000E2,1.473897E1,1.648804E1
7.010000E2,1.472830E1,1.576922E1
7.020000E2,1.471762E1,1.537388E1
7.030000E2,1.470694E1,1.538227E1
7.040000E2,1.469627E1,1.354873E1
7.050000E2,1.468559E1,1.547969E1
7.060000E2,1.467491E1,1.682841E1
7.070000E2,1.466424E1,1.731823E1
7.080000E2,1.465356E1,1.650285E1
7.090000E2,1.464288E1,1.832912E1
7.100000E2,1.463221E1,1.850588E1
7.110000E2,1.462153E1,1.855303E1
7.120000E2,1.461085E1,2.080531E1
7.130000E2,1.460018E1,2.147738E1
7.140000E2,1.458950E1,2.131644E1
7.150000E2,1.457882E1,2.333718E1
7.160000E2,1.456815E1,2.045796E1
7.170000E2,1.455747E1,2.000680E1
7.180000E2,1.454679E1,2.113713E1
7.190000E2,1.453612E1,2.086541E1
7.200000E2,1.452544E1,1.943372E1
7.210000E2,1.451476E1,1.890360E1
7.220000E2,1.450409E1,1.862534E1
7.230000E2,1.449341E1,1.865963E1
7.240000E2,1.448273E1,1.903386E1
7.250000E2,1.447206E1,1.966869E1
7.260000E2,1.446138E1,1.920456E1
7.270000E2,1.445070E1,1.868206E1
7.280000E2,1.444003E1,1.841752E1
7.290000E2,1.442935E1,1.917042E1
7.300000E2,1.441867E1,1.921741E1
7.310000E2,1.440800E1,1.918648E1
7.320000E2,1.439732E1,1.901380E1
7.330000E2,1.438665E1,1.971648E1
7.340000E2,1.437597E1,1.811117E1
7.350000E2,1.436529E1,1.743769E1
7.360000E2,1.435462E1,1.885351E1
7.370000E2,1.434394E1,1.811367E1
7.380000E2,1.433326E1,2.085430E1
7.390000E2,1.432259E1,1.916228E1
7.400000E2,1.431191E1,1.854554E1
7.410000E2,1.430123E1,1.815530E1
7.420000E2,1.429056E1,1.904806E1
7.430000E2,1.427988E1,2.021620E1
7.440000E2,1.426920E1,1.956594E1
7.450000E2,1.425853E1,1.952925E1
7.460000E2,1.424785E1,1.997240E1
7.470000E2,1.423717E1,2.053351E1
7.480000E2,1.422650E1,1.843803E1
7.490000E2,1.421582E1,2.192514E1
7.500000E2,1.420514E1,2.128201E1
7.510000E2,1.419447E1,1.990228E1
7.520000E2,1.418379E1,2.003402E1
7.530000E2,1.417311E1,2.081344E1
7.540000E2,1.416244E1,2.027107E1
7.550000E2,1.415176E1,2.273041E1
7.560000E2,1.414108E1,2.087271E1
7.570000E2,1.413041E1,2.166128E1
7.580000E2,1.411973E1,2.176478E1
7.590000E2,1.410905E1,2.230673E1
7.600000E2,1.409838E1,1.871936E1
7.610000E2,1.408770E1,2.044192E1
7.620000E2,1.407702E1,2.022662E1
7.630000E2,1.406635E1,2.066882E1
7.640000E2,1.405567E1,2.188526E1
7.650000E2,1.404499E1,1.969045E1
7.660000E2,1.403432E1,1.748551E1
7.670000E2,1.402364E1,2.191781E1
7.680000E2,1.401296E1,1.968665E1
7.690000E2,1.400229E1,2.030153E1
7.700000E2,1.399161E1,2.081864E1
7.710000E2,1.398093E1,2.052604E1
7.720000E2,1.397026E1,1.923836E1
7.730000E2,1.395958E1,1.921035E1
7.740000E2,1.394890E1,2.235631E1
7.750000E2,1.393823E1,2.201496E1
7.760000E2,1.392755E1,1.894763E1
7.770000E2,1.391687E1,1.850436E1
7.780000E2,1.390620E1,1.844231E1
7.790000E2,1.389552E1,1.978417E1
7.800000E2,1.388484E1,1.849288E1
7.810000E2,1.387417E1,2.259346E1
7.820000E2,1.386349E1,2.544235E1
7.830000E2,1.385281E1,2.381980E1
7.840000E2,1.384214E1,2.332033E1
7.850000E2,1.383146E1,2.103389E1
7.860000E2,1.382078E1,2.218776E1
7.870000E2,1.381011E1,2.364566E1
7.880000E2,1.379943E1,2.321384E1
7.890000E2,1.378875E1,1.999786E1
7.900000E2,1.377808E1,1.941673E1
7.910000E2,1.376740E1,1.945853E1
7.920000E2,1.375672E1,2.008215E1
7.930000E2,1.374605E1,2.041596E1
7.940000E2,1.373537E1,2.194957E1
7.950000E2,1.372470E1,2.092582E1
7.960000E2,1.371402E1,1.882414E1
7.970000E2,1.370334E1,1.990664E1
7.980000E2,1.369267E1,1.899907E1
7.990000E2,1.368199E1,1.848424E1
8.000000E2,1.367131E1,1.883771E1
8.010000E2,1.366064E1,1.851081E1
8.020000E2,1.364996E1,1.722569E1
8.030000E2,1.363928E1,1.702340E1
8.040000E2,1.362861E1,1.717257E1
8.050000E2,1.361793E1,1.672525E1
8.060000E2,1.360725E1,1.591060E1
8.070000E2,1.359658E1,1.464665E1
8.080000E2,1.358590E1,1.637255E1
8.090000E2,1.357522E1,1.696593E1
8.100000E2,1.356455E1,1.507487E1
8.110000E2,1.355387E1,1.431013E1
8.120000E2,1.354319E1,1.504902E1
8.130000E2,1.353252E1,1.637302E1
8.140000E2,1.352184E1,1.448199E1
8.150000E2,1.351116E1,1.427545E1
8.160000E2,1.350049E1,1.522921E1
8.170000E2,1.348981E1,1.674938E1
8.180000E2,1.347913E1,1.736802E1
8.190000E2,1.346846E1,1.832079E1
8.200000E2,1.345778E1,1.962085E1
8.210000E2,1.344710E1,1.514583E1
8.220000E2,1.343643E1,1.400059E1
8.230000E2,1.342575E1,1.526304E1
8.240000E2,1.341507E1,1.677723E1
8.250000E2,1.340440E1,1.612150E1
8.260000E2,1.339372E1,1.732462E1
8.270000E2,1.338304E1,1.920878E1
8.280000E2,1.337237E1,1.728226E1
8.290000E2,1.336169E1,1.575160E1
8.300000E2,1.335101E1,1.454881E1
8.310000E2,1.334034E1,1.487387E1
8.320000E2,1.332966E1,1.550171E1
8.330000E2,1.331898E1,1.474449E1
8.340000E2,1.330831E1,1.514590E1
8.350000E2,1.329763E1,1.669889E1
8.360000E2,1.328695E1,1.832224E1
8.370000E2,1.327628E1,1.874687E1
8.380000E2,1.326560E1,1.848021E1
8.390000E2,1.325492E1,1.703328E1
8.400000E2,1.324425E1,1.590652E1
8.410000E2,1.323357E1,1.501899E1
8.420000E2,1.322289E1,1.473723E1
8.430000E2,1.321222E1,1.423970E1
8.440000E2,1.320154E1,1.499781E1
8.450000E2,1.319086E1,1.303697E1
8.460000E2,1.318019E1,1.327664E1
8.470000E2,1.316951E1,1.483232E1
8.480000E2,1.315883E1,1.351613E1
8.490000E2,1.314816E1,1.500204E1
8.500000E2,1.313748E1,1.498337E1
8.510000E2,1.312680E1,1.488470E1
8.520000E2,1.311613E1,1.406739E1
8.530000E2,1.310545E1,1.339288E1
8.540000E2,1.309478E1,1.510134E1
8.550000E2,1.308410E1,1.689338E1
8.560000E2,1.307342E1,1.443509E1
8.570000E2,1.306275E1,1.540988E1
8.580000E2,1.305207E1,1.295859E1
8.590000E2,1.304139E1,1.248810E1
8.600000E2,1.303072E1,1.381453E1
8.610000E2,1.302004E1,1.456334E1
8.620000E2,1.300936E1,1.234258E1
8.630000E2,1.299869E1,1.307968E1
8.640000E2,1.298801E1,1.276952E1
8.650000E2,1.297733E1,1.488996E1
8.660000E2,1.296666E1,1.577305E1
8.670000E2,1.295598E1,1.421170E1
8.680000E2,1.294530E1,1.412760E1
8.690000E2,1.293463E1,1.385775E1
8.700000E2,1.292395E1,1.547390E1
8.710000E2,1.291327E1,1.544738E1
8.720000E2,1.290260E1,1.361020E1
8.730000E2,1.289192E1,1.406699E1
8.740000E2,1.288124E1,1.425094E1
8.750000E2,1.287057E1,1.469492E1
8.760000E2,1.285989E1,1.722304E1
8.770000E2,1.284921E1,1.767851E1
8.780000E2,1.283854E1,1.622684E1
8.790000E2,1.282786E1,1.333979E1
8.800000E2,1.281718E1,1.335676E1
8.810000E2,1.280651E1,1.551466E1
8.820000E2,1.279583E1,1.620657E1
8.830000E2,1.278515E1,1.640527E1
8.840000E2,1.277448E1,1.406258E1
8.850000E2,1.276380E1,1.428120E1
8.860000E2,1.275312E1,1.618100E1
8.870000E2,1.274245E1,1.723647E1
8.880000E2,1.273177E1,1.701227E1
8.890000E2,1.272109E1,1.744275E1
8.900000E2,1.271042E1,1.795604E1
8.910000E2,1.269974E1,1.694496E1
8.920000E2,1.268906E1,1.452273E1
8.930000E2,1.267839E1,1.490927E1
8.940000E2,1.266771E1,1.510436E1
8.950000E2,1.265703E1,1.602568E1
8.960000E2,1.264636E1,1.614698E1
8.970000E2,1.263568E1,1.844519E1
8.980000E2,1.262500E1,1.882075E1
8.990000E2,1.261433E1,1.792752E1
9.000000E2,1.260365E1,1.591309E1
9.010000E2,1.259297E1,1.665990E1
9.020000E2,1.258230E1,1.801583E1
9.030000E2,1.257162E1,1.753919E1
9.040000E2,1.256094E1,1.845087E1
9.050000E2,1.255027E1,1.943289E1
9.060000E2,1.253959E1,2.063772E1
9.070000E2,1.252891E1,2.035058E1
9.080000E2,1.251824E1,2.017715E1
9.090000E2,1.250756E1,2.173066E1
9.100000E2,1.249688E1,2.024185E1
9.110000E2,1.248621E1,1.950370E1
9.120000E2,1.247553E1,1.909951E1
9.130000E2,1.246486E1,1.880708E1
9.140000E2,1.245418E1,1.824424E1
9.150000E2,1.244350E1,1.926804E1
9.160000E2,1.243283E1,2.024386E1
9.170000E2,1.242215E1,1.996318E1
9.180000E2,1.241147E1,2.181854E1
9.190000E2,1.240080E1,2.137835E1
9.200000E2,1.239012E1,1.996960E1
9.210000E2,1.237944E1,2.120793E1
9.220000E2,1.236877E1,1.866424E1
9.230000E2,1.235809E1,2.243298E1
9.240000E2,1.234741E1,2.197865E1
9.250000E2,1.233674E1,2.397822E1
9.260000E2,1.232606E1,2.447259E1
9.270000E2,1.231538E1,2.275976E1
9.280000E2,1.230471E1,2.333883E1
9.290000E2,1.229403E1,2.363064E1
9.300000E2,1.228335E1,2.327534E1
9.310000E2,1.227268E1,2.120878E1
9.320000E2,1.226200E1,2.009186E1
9.330000E2,1.225132E1,1.947916E1
9.340000E2,1.224065E1,1.930783E1
9.350000E2,1.222997E1,2.147834E1
9.360000E2,1.221929E1,2.225081E1
9.370000E2,1.220862E1,2.113130E1
9.380000E2,1.219794E1,2.368316E1
9.390000E2,1.218726E1,2.474770E1
9.400000E2,1.217659E1,2.318622E1
9.410000E2,1.216591E1,2.468843E1
9.420000E2,1.215523E1,2.845488E1
9.430000E2,1.214456E1,2.810687E1
9.440000E2,1.213388E1,2.550933E1
9.450000E2,1.212320E1,2.562676E1
9.460000E2,1.211253E1,2.801568E1
9.470000E2,1.210185E1,2.740391E1
9.480000E2,1.209117E1,2.611388E1
9.490000E2,1.208050E1,2.679137E1
9.500000E2,1.206982E1,2.679536E1
9.510000E2,1.205914E1,2.656155E1
9.520000E2,1.204847E1,2.655195E1
9.530000E2,1.203779E1,2.615167E1
9.540000E2,1.202711E1,2.682278E1
9.550000E2,1.201644E1,2.722067E1
9.560000E2,1.200576E1,2.664671E1
9.570000E2,1.199508E1,2.650871E1
9.580000E2,1.198441E1,2.539318E1
9.590000E2,1.197373E1,2.959388E1
9.600000E2,1.196305E1,2.868256E1
9.610000E2,1.195238E1,2.672404E1
9.620000E2,1.194170E1,2.673104E1
9.630000E2,1.193102E1,2.464212E1
9.640000E2,1.192035E1,2.556410E1
9.650000E2,1.190967E1,2.406909E1
9.660000E2,1.189899E1,2.420420E1
9.670000E2,1.188832E1,2.325594E1
9.680000E2,1.187764E1,2.232468E1
9.690000E2,1.186696E1,2.589781E1
9.700000E2,1.185629E1,2.721849E1
9.710000E2,1.184561E1,2.653366E1
9.720000E2,1.183494E1,2.407838E1
9.730000E2,1.182426E1,2.441251E1
9.740000E2,1.181358E1,2.654080E1
9.750000E2,1.180291E1,2.674467E1
9.760000E2,1.179223E1,2.760670E1
9.770000E2,1.178155E1,2.763994E1
9.780000E2,1.177088E1,2.729221E1
9.790000E2,1.176020E1,2.884331E1
9.800000E2,1.174952E1,2.989816E1
9.810000E2,1.173885E1,2.735324E1
9.820000E2,1.172817E1,2.662123E1
9.830000E2,1.171749E1,2.631128E1
9.840000E2,1.170682E1,2.352463E1
9.850000E2,1.169614E1,2.508724E1
9.860000E2,1.168546E1,2.553815E1
9.870000E2,1.167479E1,2.534281E1
9.880000E2,1.166411E1,2.645597E1
9.890000E2,1.165343E1,2.652608E1
9.900000E2,1.164276E1,2.626376E1
9.910000E2,1.163208E1,2.617630E1
9.920000E2,1.162140E1,2.816559E1
9.930000E2,1.161073E1,3.074838E1
9.940000E2,1.160005E1,3.024638E1
9.950000E2,1.158937E1,3.118360E1
9.960000E2,1.157870E1,3.245397E1
9.970000E2,1.156802E1,3.127384E1
9.980000E2,1.155734E1,2.776993E1
9.990000E2,1.154667E1,2.645526E1
1.000000E3,1.153599E1,2.776205E1
1.001000E3,1.152531E1,2.888866E1
1.002000E3,1.151464E1,3.029230E1
1.003000E3,1.150396E1,2.972504E1
1.004000E3,1.149328E1,3.073963E1
1.005000E3,1.148261E1,3.085324E1
1.006000E3,1.147193E1,2.969136E1
1.007000E3,1.146125E1,2.958785E1
1.008000E3,1.145058E1,2.846777E1
1.009000E3,1.143990E1,3.023128E1
1.010000E3,1.142922E1,2.997758E1
1.011000E3,1.141855E1,2.857792E1
1.012000E3,1.140787E1,2.895135E1
1.013000E3,1.139719E1,2.842649E1
1.014000E3,1.138652E1,3.066468E1
1.015000E3,1.137584E1,2.977785E1
1.016000E3,1.136516E1,2.895592E1
1.017000E3,1.135449E1,2.789603E1
1.018000E3,1.134381E1,2.694549E1
1.019000E3,1.133313E1,2.880219E1
1.020000E3,1.132246E1,2.891221E1
1.021000E3,1.131178E1,2.649581E1
1.022000E3,1.130110E1,2.741642E1
1.023000E3,1.129043E1,2.643755E1
1.024000E3,1.127975E1,2.636707E1
1.025000E3,1.126907E1,2.696856E1
1.026000E3,1.125840E1,2.786886E1
1.027000E3,1.124772E1,2.790534E1
1.028000E3,1.123704E1,2.699441E1
1.029000E3,1.122637E1,2.750526E1
1.030000E3,1.121569E1,2.678214E1
1.031000E3,1.120501E1,2.985558E1
1.032000E3,1.119434E1,2.927042E1
1.033000E3,1.118366E1,2.952660E1
1.034000E3,1.117299E1,3.100834E1
1.035000E3,1.116231E1,2.781740E1
1.036000E3,1.115163E1,2.473998E1
1.037000E3,1.114096E1,2.199269E1
1.038000E3,1.113028E1,2.226465E1
1.039000E3,1.111960E1,2.483247E1
1.040000E3,1.110893E1,2.596088E1
1.041000E3,1.109825E1,2.667493E1
1.042000E3,1.108757E1,2.568089E1
1.043000E3,1.107690E1,2.358954E1
1.044000E3,1.106622E1,2.253444E1
1.045000E3,1.105554E1,2.331971E1
1.046000E3,1.104487E1,2.403824E1
1.047000E3,1.103419E1,2.415537E1
1.048000E3,1.102351E1,2.481222E1
1.049000E3,1.101284E1,2.380789E1
1.050000E3,1.100216E1,2.062789E1
1.051000E3,1.099148E1,1.947857E1
1.052000E3,1.098081E1,1.893886E1
1.053000E3,1.097013E1,1.999712E1
1.054000E3,1.095945E1,2.005956E1
1.055000E3,1.094878E1,1.901658E1
1.056000E3,1.093810E1,1.849846E1
1.057000E3,1.092742E1,1.999870E1
1.058000E3,1.091675E1,1.880850E1
1.059000E3,1.090607E1,1.869282E1
1.060000E3,1.089539E1,1.757658E1
1.061000E3,1.088472E1,1.797989E1
1.062000E3,1.087404E1,1.945935E1
1.063000E3,1.086336E1,1.907584E1
1.064000E3,1.085269E1,1.995021E1
1.065000E3,1.084201E1,1.863821E1
1.066000E3,1.083133E1,1.902503E1
1.067000E3,1.082066E1,1.909392E1
1.068000E3,1.080998E1,1.729057E1
1.069000E3,1.079930E1,1.689646E1
1.070000E3,1.078863E1,1.622871E1
1.071000E3,1.077795E1,1.552152E1
1.072000E3,1.076727E1,1.570301E1
1.073000E3,1.075660E1,1.857093E1
1.074000E3,1.074592E1,1.873860E1
1.075000E3,1.073524E1,1.938726E1
1.076000E3,1.072457E1,1.977587E1
1.077000E3,1.071389E1,1.700263E1
1.078000E3,1.070321E1,1.689839E1
1.079000E3,1.069254E1,1.786000E1
1.080000E3,1.068186E1,1.821291E1
1.081000E3,1.067118E1,1.959981E1
1.082000E3,1.066051E1,1.810050E1
1.083000E3,1.064983E1,1.703138E1
1.084000E3,1.063915E1,1.558278E1
1.085000E3,1.062848E1,1.615062E1
1.086000E3,1.061780E1,1.626377E1
1.087000E3,1.060712E1,1.793519E1
1.088000E3,1.059645E1,1.772144E1
1.089000E3,1.058577E1,1.501771E1
1.090000E3,1.057509E1,1.477488E1
1.091000E3,1.056442E1,1.413846E1
1.092000E3,1.055374E1,1.675677E1
1.093000E3,1.054307E1,1.840853E1
1.094000E3,1.053239E1,1.770619E1
1.095000E3,1.052171E1,1.671023E1
1.096000E3,1.051104E1,1.845339E1
1.097000E3,1.050036E1,1.612549E1
1.098000E3,1.048968E1,1.848442E1
1.099000E3,1.047901E1,1.581430E1
1.100000E3,1.046833E1,1.538941E1
1.101000E3,1.045765E1,1.513057E1
1.102000E3,1.044698E1,1.640653E1
1.103000E3,1.043630E1,1.731497E1
1.104000E3,1.042562E1,1.900241E1
1.105000E3,1.041495E1,1.890238E1
1.106000E3,1.040427E1,1.944432E1
1.107000E3,1.039359E1,1.981383E1
1.108000E3,1.038292E1,1.898970E1
1.109000E3,1.037224E1,1.999062E1
1.110000E3,1.036156E1,2.157095E1
1.111000E3,1.035089E1,2.275478E1
1.112000E3,1.034021E1,1.960226E1
1.113000E3,1.032953E1,2.280184E1
1.114000E3,1.031886E1,1.977227E1
1.115000E3,1.030818E1,1.683891E1
1.116000E3,1.029750E1,1.959522E1
1.117000E3,1.028683E1,2.002169E1
1.118000E3,1.027615E1,1.959959E1
1.119000E3,1.026547E1,1.843836E1
1.120000E3,1.025480E1,1.702623E1
1.121000E3,1.024412E1,1.856043E1
1.122000E3,1.023344E1,2.229300E1
1.123000E3,1.022277E1,2.177215E1
1.124000E3,1.021209E1,1.974976E1
1.125000E3,1.020141E1,2.032275E1
1.126000E3,1.019074E1,2.052656E1
1.127000E3,1.018006E1,2.381275E1
1.128000E3,1.016938E1,2.632678E1
1.129000E3,1.015871E1,2.388078E1
1.130000E3,1.014803E1,2.287828E1
1.131000E3,1.013735E1,2.144019E1
1.132000E3,1.012668E1,2.274437E1
1.133000E3,1.011600E1,2.109847E1
1.134000E3,1.010532E1,1.992829E1
1.135000E3,1.009465E1,1.949422E1
1.136000E3,1.008397E1,1.905600E1
1.137000E3,1.007329E1,2.143490E1
1.138000E3,1.006262E1,2.174778E1
1.139000E3,1.005194E1,2.179643E1
1.140000E3,1.004126E1,2.464832E1
1.141000E3,1.003059E1,2.761296E1
1.142000E3,1.001991E1,2.836106E1
1.143000E3,1.000923E1,2.823470E1
1.144000E3,9.998558E0,2.676004E1
1.145000E3,9.987881E0,2.630846E1
1.146000E3,9.977205E0,2.558051E1
1.147000E3,9.966528E0,2.855231E1
1.148000E3,9.955852E0,2.716494E1
1.149000E3,9.945175E0,2.871934E1
1.150000E3,9.934498E0,3.071499E1
1.151000E3,9.923822E0,2.915346E1
1.152000E3,9.913145E0,2.695218E1
1.153000E3,9.902468E0,3.117732E1
1.154000E3,9.891792E0,3.262774E1
1.155000E3,9.881115E0,3.374231E1
1.156000E3,9.870439E0,3.511219E1
1.157000E3,9.859762E0,3.566186E1
1.158000E3,9.849085E0,3.453184E1
1.159000E3,9.838409E0,3.637487E1
1.160000E3,9.827732E0,3.622014E1
1.161000E3,9.817056E0,3.501851E1
1.162000E3,9.806379E0,3.602107E1
1.163000E3,9.795702E0,3.273303E1
1.164000E3,9.785026E0,3.198974E1
1.165000E3,9.774349E0,3.458055E1
1.166000E3,9.763673E0,3.338312E1
1.167000E3,9.752996E0,3.579275E1
1.168000E3,9.742319E0,3.617560E1
1.169000E3,9.731643E0,3.691631E1
1.170000E3,9.720966E0,3.716071E1
1.171000E3,9.710289E0,3.688094E1
1.172000E3,9.699613E0,3.556201E1
1.173000E3,9.688936E0,3.699952E1
1.174000E3,9.678260E0,3.882912E1
1.175000E3,9.667583E0,3.558394E1
1.176000E3,9.656906E0,3.376170E1
1.177000E3,9.646230E0,3.770891E1
1.178000E3,9.635553E0,3.611464E1
1.179000E3,9.624877E0,3.500570E1
1.180000E3,9.614200E0,3.479637E1
1.181000E3,9.603523E0,3.857413E1
1.182000E3,9.592847E0,4.059166E1
1.183000E3,9.582170E0,3.995212E1
1.184000E3,9.571494E0,3.684642E1
1.185000E3,9.560817E0,3.690969E1
1.186000E3,9.550140E0,3.997452E1
1.187000E3,9.539464E0,3.781431E1
1.188000E3,9.528787E0,3.890668E1
1.189000E3,9.518110E0,4.036445E1
1.190000E3,9.507434E0,3.912627E1
1.191000E3,9.496757E0,3.455112E1
1.192000E3,9.486081E0,3.300866E1
1.193000E3,9.475404E0,3.661505E1
1.194000E3,9.464727E0,3.450130E1
1.195000E3,9.454051E0,3.437902E1
1.196000E3,9.443374E0,3.535069E1
1.197000E3,9.432698E0,3.569013E1
1.198000E3,9.422021E0,3.747295E1
1.199000E3,9.411344E0,3.825531E1
1.200000E3,9.400668E0,3.937026E1
1.201000E3,9.389991E0,3.922878E1
1.202000E3,9.379315E0,4.218216E1
1.203000E3,9.368638E0,4.107296E1
1.204000E3,9.357961E0,3.905118E1
1.205000E3,9.347285E0,3.862836E1
1.206000E3,9.336608E0,4.265176E1
1.207000E3,9.325931E0,4.239825E1
1.208000E3,9.315255E0,4.223909E1
1.209000E3,9.304578E0,4.129823E1
1.210000E3,9.293902E0,3.924392E1
1.211000E3,9.283225E0,3.623710E1
1.212000E3,9.272548E0,3.401191E1
1.213000E3,9.261872E0,3.585665E1
1.214000E3,9.251195E0,3.848118E1
1.215000E3,9.240519E0,4.301073E1
1.216000E3,9.229842E0,4.411552E1
1.217000E3,9.219165E0,4.234038E1
1.218000E3,9.208489E0,4.487324E1
1.219000E3,9.197812E0,4.667634E1
1.220000E3,9.187136E0,4.534137E1
1.221000E3,9.176459E0,4.105385E1
1.222000E3,9.165782E0,4.288690E1
1.223000E3,9.155106E0,4.596701E1
1.224000E3,9.144429E0,4.589134E1
1.225000E3,9.133752E0,4.205728E1
1.226000E3,9.123076E0,4.237442E1
1.227000E3,9.112399E0,4.053920E1
1.228000E3,9.101723E0,4.078100E1
1.229000E3,9.091046E0,4.340571E1
1.230000E3,9.080369E0,4.575580E1
1.231000E3,9.069693E0,4.220219E1
1.232000E3,9.059016E0,4.148354E1
1.233000E3,9.048340E0,4.506317E1
1.234000E3,9.037663E0,4.557540E1
1.235000E3,9.026986E0,4.139581E1
1.236000E3,9.016310E0,3.967272E1
1.237000E3,9.005633E0,4.341507E1
1.238000E3,8.994957E0,4.315169E1
1.239000E3,8.984280E0,4.486606E1
1.240000E3,8.973603E0,4.133156E1
1.241000E3,8.962927E0,4.113934E1
1.242000E3,8.952250E0,4.117405E1
1.243000E3,8.941573E0,4.406432E1
1.244000E3,8.930897E0,4.423933E1
1.245000E3,8.920220E0,4.393816E1
1.246000E3,8.909544E0,4.478613E1
1.247000E3,8.898867E0,4.451140E1
1.248000E3,8.888190E0,4.342769E1
1.249000E3,8.877514E0,4.506238E1
1.250000E3,8.866837E0,4.382877E1
1.251000E3,8.856161E0,4.266228E1
1.252000E3,8.845484E0,4.282172E1
1.253000E3,8.834807E0,4.545498E1
1.254000E3,8.824131E0,4.070776E1
1.255000E3,8.813454E0,4.174574E1
1.256000E3,8.802778E0,4.759005E1
1.257000E3,8.792101E0,4.339829E1
1.258000E3,8.781424E0,4.061762E1
1.259000E3,8.770748E0,4.067068E1
1.260000E3,8.760071E0,3.863745E1
1.261000E3,8.749394E0,4.061834E1
1.262000E3,8.738718E0,3.932034E1
1.263000E3,8.728041E0,3.819323E1
1.264000E3,8.717365E0,3.681939E1
1.265000E3,8.706688E0,3.798106E1
1.266000E3,8.696011E0,3.778226E1
1.267000E3,8.685335E0,3.725579E1
1.268000E3,8.674658E0,3.356227E1
1.269000E3,8.663982E0,3.453528E1
1.270000E3,8.653305E0,3.641898E1
1.271000E3,8.642628E0,3.866009E1
1.272000E3,8.631952E0,3.641874E1
1.273000E3,8.621275E0,3.661643E1
1.274000E3,8.610599E0,3.763380E1
1.275000E3,8.599922E0,3.697279E1
1.276000E3,8.589245E0,3.770081E1
1.277000E3,8.578569E0,3.564837E1
1.278000E3,8.567892E0,3.465881E1
1.279000E3,8.557215E0,3.798152E1
1.280000E3,8.546539E0,3.571366E1
1.281000E3,8.535862E0,3.602139E1
1.282000E3,8.525186E0,3.406272E1
1.283000E3,8.514509E0,3.584090E1
1.284000E3,8.503832E0,3.165025E1
1.285000E3,8.493156E0,3.010773E1
1.286000E3,8.482479E0,3.337594E1
1.287000E3,8.471803E0,3.206760E1
1.288000E3,8.461126E0,3.206340E1
1.289000E3,8.450449E0,3.350954E1
1.290000E3,8.439773E0,3.352825E1
1.291000E3,8.429096E0,3.246209E1
1.292000E3,8.418420E0,2.956053E1
1.293000E3,8.407743E0,3.098074E1
1.294000E3,8.397066E0,3.159248E1
1.295000E3,8.386390E0,2.890621E1
1.296000E3,8.375713E0,2.653184E1
1.297000E3,8.365036E0,2.575986E1
1.298000E3,8.354360E0,2.895272E1
1.299000E3,8.343683E0,2.944086E1
1.300000E3,8.333007E0,2.833195E1
1.301000E3,8.322330E0,2.768052E1
1.302000E3,8.311653E0,2.741325E1
1.303000E3,8.300977E0,2.934817E1
1.304000E3,8.290300E0,3.049028E1
1.305000E3,8.279624E0,2.775859E1
1.306000E3,8.268947E0,2.919616E1
1.307000E3,8.258270E0,3.055867E1
1.308000E3,8.247594E0,3.064955E1
1.309000E3,8.236917E0,2.734427E1
1.310000E3,8.226241E0,2.522122E1
1.311000E3,8.215564E0,2.533805E1
1.312000E3,8.204887E0,2.695075E1
1.313000E3,8.194211E0,2.788484E1
1.314000E3,8.183534E0,2.627952E1
1.315000E3,8.172857E0,2.572554E1
1.316000E3,8.162181E0,2.517588E1
1.317000E3,8.151504E0,2.443389E1
1.318000E3,8.140828E0,2.569317E1
1.319000E3,8.130151E0,2.252885E1
1.320000E3,8.119474E0,2.207150E1
1.321000E3,8.108798E0,2.234132E1
1.322000E3,8.098121E0,2.127921E1
1.323000E3,8.087445E0,2.222050E1
1.324000E3,8.076768E0,2.144401E1
1.325000E3,8.066091E0,2.360382E1
1.326000E3,8.055415E0,2.242368E1
1.327000E3,8.044738E0,2.171466E1
1.328000E3,8.034062E0,2.293433E1
1.329000E3,8.023385E0,2.329161E1
1.330000E3,8.012708E0,2.485199E1
1.331000E3,8.002032E0,2.370875E1
1.332000E3,7.991355E0,2.056510E1
1.333000E3,7.980678E0,2.198343E1
1.334000E3,7.970002E0,2.499912E1
1.335000E3,7.959325E0,2.355280E1
1.336000E3,7.948649E0,2.618098E1
1.337000E3,7.937972E0,2.327589E1
1.338000E3,7.927295E0,2.156787E1
1.339000E3,7.916619E0,2.340519E1
1.340000E3,7.905942E0,2.390015E1
1.341000E3,7.895266E0,2.428895E1
1.342000E3,7.884589E0,2.453323E1
1.343000E3,7.873912E0,2.618616E1
1.344000E3,7.863236E0,2.412110E1
1.345000E3,7.852559E0,2.140573E1
1.346000E3,7.841883E0,2.422431E1
1.347000E3,7.831206E0,2.397571E1
1.348000E3,7.820529E0,2.479675E1
1.349000E3,7.809853E0,2.555188E1
1.350000E3,7.799176E0,2.528093E1
1.351000E3,7.788499E0,2.543847E1
1.352000E3,7.777823E0,2.459261E1
1.353000E3,7.767146E0,2.742788E1
1.354000E3,7.756470E0,2.577535E1
1.355000E3,7.745793E0,2.590800E1
1.356000E3,7.735116E0,2.875947E1
1.357000E3,7.724440E0,2.521915E1
1.358000E3,7.713763E0,2.757616E1
1.359000E3,7.703087E0,3.171653E1
1.360000E3,7.692410E0,3.200305E1
1.361000E3,7.681733E0,3.070023E1
1.362000E3,7.671057E0,2.918989E1
1.363000E3,7.660380E0,3.020186E1
1.364000E3,7.649704E0,2.970907E1
1.365000E3,7.639027E0,3.054805E1
1.366000E3,7.628350E0,3.221698E1
1.367000E3,7.617674E0,3.074626E1
1.368000E3,7.606997E0,2.527184E1
1.369000E3,7.596320E0,2.861996E1
1.370000E3,7.585644E0,2.970922E1
1.371000E3,7.574967E0,2.818114E1
1.372000E3,7.564291E0,2.717500E1
1.373000E3,7.553614E0,2.829066E1
1.374000E3,7.542937E0,3.212936E1
1.375000E3,7.532261E0,3.224263E1
1.376000E3,7.521584E0,3.477591E1
1.377000E3,7.510908E0,3.216202E1
1.378000E3,7.500231E0,3.369899E1
1.379000E3,7.489554E0,3.318454E1
1.380000E3,7.478878E0,3.242351E1
1.381000E3,7.468201E0,3.019830E1
1.382000E3,7.457525E0,2.978506E1
1.383000E3,7.446848E0,3.227862E1
1.384000E3,7.436171E0,3.222217E1
1.385000E3,7.425495E0,3.648671E1
1.386000E3,7.414818E0,3.729749E1
1.387000E3,7.404141E0,3.982028E1
1.388000E3,7.393465E0,3.941434E1
1.389000E3,7.382788E0,3.761437E1
1.390000E3,7.372112E0,4.143761E1
1.391000E3,7.361435E0,4.125834E1
1.392000E3,7.350758E0,4.146102E1
1.393000E3,7.340082E0,4.010977E1
1.394000E3,7.329405E0,4.040659E1
1.395000E3,7.318729E0,3.993299E1
1.396000E3,7.308052E0,3.905113E1
1.397000E3,7.297375E0,4.045689E1
1.398000E3,7.286699E0,3.900156E1
1.399000E3,7.276022E0,4.270418E1
1.400000E3,7.265346E0,4.625168E1
1.401000E3,7.254669E0,4.719438E1
1.402000E3,7.243992E0,4.625334E1
1.403000E3,7.233316E0,4.880136E1
1.404000E3,7.222639E0,4.684339E1
1.405000E3,7.211962E0,4.953225E1
1.406000E3,7.201286E0,4.765718E1
1.407000E3,7.190609E0,4.622184E1
1.408000E3,7.179933E0,5.216270E1
1.409000E3,7.169256E0,5.298711E1
1.410000E3,7.158579E0,5.127053E1
1.411000E3,7.147903E0,4.912106E1
1.412000E3,7.137226E0,5.075458E1
1.413000E3,7.126550E0,4.941498E1
1.414000E3,7.115873E0,4.830003E1
1.415000E3,7.105196E0,4.991967E1
1.416000E3,7.094520E0,5.214705E1
1.417000E3,7.083843E0,5.245363E1
1.418000E3,7.073167E0,5.487309E1
1.419000E3,7.062490E0,5.611210E1
1.420000E3,7.051813E0,5.511259E1
1.421000E3,7.041137E0,5.628416E1
1.422000E3,7.030460E0,5.716983E1
1.423000E3,7.019784E0,5.813459E1
1.424000E3,7.009107E0,6.038715E1
1.425000E3,6.998430E0,5.831486E1
1.426000E3,6.987754E0,5.427269E1
1.427000E3,6.977077E0,5.304296E1
1.428000E3,6.966400E0,5.236503E1
1.429000E3,6.955724E0,5.334946E1
1.430000E3,6.945047E0,5.732745E1
1.431000E3,6.934371E0,5.966039E1
1.432000E3,6.923694E0,5.935485E1
1.433000E3,6.913017E0,5.481668E1
1.434000E3,6.902341E0,5.169858E1
1.435000E3,6.891664E0,5.721467E1
1.436000E3,6.880988E0,5.562255E1
1.437000E3,6.870311E0,5.667731E1
1.438000E3,6.859634E0,5.907065E1
1.439000E3,6.848958E0,5.889018E1
1.440000E3,6.838281E0,5.852797E1
1.441000E3,6.827605E0,5.905404E1
1.442000E3,6.816928E0,6.027237E1
1.443000E3,6.806251E0,6.317034E1
1.444000E3,6.795575E0,6.269988E1
1.445000E3,6.784898E0,5.954361E1
1.446000E3,6.774221E0,5.693962E1
1.447000E3,6.763545E0,6.039872E1
1.448000E3,6.752868E0,6.026015E1
1.449000E3,6.742192E0,6.364045E1
1.450000E3,6.731515E0,6.962166E1
1.451000E3,6.720838E0,6.634511E1
1.452000E3,6.710162E0,6.340787E1
1.453000E3,6.699485E0,5.936219E1
1.454000E3,6.688809E0,5.708781E1
1.455000E3,6.678132E0,5.587029E1
1.456000E3,6.667455E0,5.400239E1
1.457000E3,6.656779E0,5.705558E1
1.458000E3,6.646102E0,5.869790E1
1.459000E3,6.635426E0,5.959745E1
1.460000E3,6.624749E0,5.947580E1
1.461000E3,6.614072E0,5.961204E1
1.462000E3,6.603396E0,5.822399E1
1.463000E3,6.592719E0,5.416188E1
1.464000E3,6.582042E0,5.194093E1
1.465000E3,6.571366E0,5.165032E1
1.466000E3,6.560689E0,4.927192E1
1.467000E3,6.550013E0,5.307464E1
1.468000E3,6.539336E0,5.259148E1
1.469000E3,6.528659E0,5.475337E1
1.470000E3,6.517983E0,5.757691E1
1.471000E3,6.507306E0,5.486996E1
1.472000E3,6.496630E0,5.757544E1
1.473000E3,6.485953E0,6.149965E1
1.474000E3,6.475276E0,6.457124E1
1.475000E3,6.464600E0,6.186626E1
1.476000E3,6.453923E0,5.959874E1
1.477000E3,6.443247E0,6.264288E1
1.478000E3,6.432570E0,6.402655E1
1.479000E3,6.421893E0,6.399650E1
1.480000E3,6.411217E0,6.199124E1
1.481000E3,6.400540E0,6.435221E1
1.482000E3,6.389863E0,6.583765E1
1.483000E3,6.379187E0,6.942072E1
1.484000E3,6.368510E0,6.911051E1
1.485000E3,6.357834E0,6.654557E1
1.486000E3,6.347157E0,6.869321E1
1.487000E3,6.336480E0,6.744310E1
1.488000E3,6.325804E0,6.211336E1
1.489000E3,6.315127E0,6.173377E1
1.490000E3,6.304451E0,6.398324E1
1.491000E3,6.293774E0,6.012921E1
1.492000E3,6.283097E0,6.027372E1
1.493000E3,6.272421E0,5.978658E1
1.494000E3,6.261744E0,6.135606E1
1.495000E3,6.251068E0,6.296935E1
1.496000E3,6.240391E0,5.651980E1
1.497000E3,6.229714E0,5.742064E1
1.498000E3,6.219038E0,6.167921E1
1.499000E3,6.208361E0,6.126038E1
1.500000E3,6.197684E0,5.990127E1
1.501000E3,6.187008E0,5.943200E1
1.502000E3,6.176331E0,6.170511E1
1.503000E3,6.165655E0,6.084738E1
1.504000E3,6.154978E0,5.550998E1
1.505000E3,6.144301E0,5.747498E1
1.506000E3,6.133625E0,5.928885E1
1.507000E3,6.122948E0,5.887211E1
1.508000E3,6.112272E0,6.076048E1
1.509000E3,6.101595E0,5.654265E1
1.510000E3,6.090918E0,5.410093E1
1.511000E3,6.080242E0,5.528026E1
1.512000E3,6.069565E0,5.494459E1
1.513000E3,6.058889E0,5.351141E1
1.514000E3,6.048212E0,5.326506E1
1.515000E3,6.037535E0,5.120565E1
1.516000E3,6.026859E0,5.422675E1
1.517000E3,6.016182E0,5.374883E1
1.518000E3,6.005505E0,5.297697E1
1.519000E3,5.994829E0,5.237859E1
1.520000E3,5.984152E0,5.333158E1
1.521000E3,5.973476E0,5.622144E1
1.522000E3,5.962799E0,5.760633E1
1.523000E3,5.952122E0,5.838015E1
1.524000E3,5.941446E0,5.456315E1
1.525000E3,5.930769E0,5.662982E1
1.526000E3,5.920093E0,5.438301E1
1.527000E3,5.909416E0,5.160969E1
1.528000E3,5.898739E0,4.946207E1
1.529000E3,5.888063E0,4.975797E1
1.530000E3,5.877386E0,5.134884E1
1.531000E3,5.866710E0,4.794225E1
1.532000E3,5.856033E0,4.728522E1
1.533000E3,5.845356E0,4.874781E1
1.534000E3,5.834680E0,4.947736E1
1.535000E3,5.824003E0,4.698011E1
1.536000E3,5.813326E0,4.448477E1
1.537000E3,5.802650E0,4.195436E1
1.538000E3,5.791973E0,4.436107E1
1.539000E3,5.781297E0,4.119871E1
1.540000E3,5.770620E0,3.722522E1
1.541000E3,5.759943E0,3.721957E1
1.542000E3,5.749267E0,3.657325E1
1.543000E3,5.738590E0,3.584534E1
1.544000E3,5.727914E0,3.739566E1
1.545000E3,5.717237E0,3.646254E1
1.546000E3,5.706560E0,3.948061E1
1.547000E3,5.695884E0,4.050805E1
1.548000E3,5.685207E0,4.029916E1
1.549000E3,5.674531E0,3.922843E1
1.550000E3,5.663854E0,3.875884E1
1.551000E3,5.653177E0,3.953243E1
1.552000E3,5.642501E0,3.771412E1
1.553000E3,5.631824E0,3.834187E1
1.554000E3,5.621147E0,4.124983E1
1.555000E3,5.610471E0,4.047201E1
1.556000E3,5.599794E0,4.006801E1
1.557000E3,5.589118E0,3.922707E1
1.558000E3,5.578441E0,3.878384E1
1.559000E3,5.567764E0,3.712064E1
1.560000E3,5.557088E0,3.624135E1
1.561000E3,5.546411E0,3.670359E1
1.562000E3,5.535735E0,3.673772E1
1.563000E3,5.525058E0,3.861036E1
1.564000E3,5.514381E0,3.697239E1
1.565000E3,5.503705E0,3.554368E1
1.566000E3,5.493028E0,3.382462E1
1.567000E3,5.482352E0,3.213633E1
1.568000E3,5.471675E0,3.209000E1
1.569000E3,5.460998E0,3.259167E1
1.570000E3,5.450322E0,3.418366E1
1.571000E3,5.439645E0,3.516522E1
1.572000E3,5.428968E0,3.346125E1
1.573000E3,5.418292E0,3.102130E1
1.574000E3,5.407615E0,3.139874E1
1.575000E3,5.396939E0,3.336985E1
1.576000E3,5.386262E0,3.405707E1
1.577000E3,5.375585E0,3.619161E1
1.578000E3,5.364909E0,3.424484E1
1.579000E3,5.354232E0,3.404135E1
1.580000E3,5.343556E0,3.457069E1
1.581000E3,5.332879E0,3.468725E1
1.582000E3,5.322202E0,3.433126E1
1.583000E3,5.311526E0,3.435437E1
1.584000E3,5.300849E0,3.522244E1
1.585000E3,5.290173E0,3.514949E1
1.586000E3,5.279496E0,3.638290E1
1.587000E3,5.268819E0,3.648986E1
1.588000E3,5.258143E0,3.641757E1
1.589000E3,5.247466E0,3.618593E1
1.590000E3,5.236789E0,3.844397E1
1.591000E3,5.226113E0,3.814682E1
1.592000E3,5.215436E0,4.180146E1
1.593000E3,5.204760E0,4.689863E1
1.594000E3,5.194083E0,4.904997E1
1.595000E3,5.183406E0,4.803349E1
1.596000E3,5.172730E0,4.901694E1
1.597000E3,5.162053E0,4.761660E1
1.598000E3,5.151377E0,4.874473E1
1.599000E3,5.140700E0,5.115050E1
1.600000E3,5.130023E0,4.881179E1
1.601000E3,5.119347E0,4.985214E1
1.602000E3,5.108670E0,4.881624E1
1.603000E3,5.097994E0,5.120666E1
1.604000E3,5.087317E0,4.880348E1
1.605000E3,5.076640E0,4.735369E1
1.606000E3,5.065964E0,4.728911E1
1.607000E3,5.055287E0,4.854783E1
1.608000E3,5.044610E0,5.021799E1
1.609000E3,5.033934E0,5.118529E1
1.610000E3,5.023257E0,5.195932E1
1.611000E3,5.012581E0,5.264165E1
1.612000E3,5.001904E0,5.345076E1
1.613000E3,4.991227E0,5.645587E1
1.614000E3,4.980551E0,5.798771E1
1.615000E3,4.969874E0,5.743119E1
1.616000E3,4.959198E0,5.694275E1
1.617000E3,4.948521E0,5.638126E1
1.618000E3,4.937844E0,5.742018E1
1.619000E3,4.927168E0,5.531270E1
1.620000E3,4.916491E0,5.540955E1
1.621000E3,4.905815E0,5.828520E1
1.622000E3,4.895138E0,5.901339E1
1.623000E3,4.884461E0,5.974245E1
1.624000E3,4.873785E0,5.952394E1
1.625000E3,4.863108E0,6.112281E1
1.626000E3,4.852431E0,6.090514E1
1.627000E3,4.841755E0,6.618245E1
1.628000E3,4.831078E0,6.901716E1
1.629000E3,4.820402E0,6.841070E1
1.630000E3,4.809725E0,6.190601E1
1.631000E3,4.799048E0,6.522789E1
1.632000E3,4.788372E0,6.212238E1
1.633000E3,4.777695E0,6.333721E1
1.634000E3,4.767019E0,6.557181E1
1.635000E3,4.756342E0,6.515377E1
1.636000E3,4.745665E0,6.459808E1
1.637000E3,4.734989E0,6.645783E1
1.638000E3,4.724312E0,7.275409E1
1.639000E3,4.713636E0,6.860067E1
1.640000E3,4.702959E0,6.473118E1
1.641000E3,4.692282E0,7.046796E1
1.642000E3,4.681606E0,7.799532E1
1.643000E3,4.670929E0,8.417583E1
1.644000E3,4.660252E0,8.050376E1
1.645000E3,4.649576E0,8.193282E1
1.646000E3,4.638899E0,8.284395E1
1.647000E3,4.628223E0,8.153083E1
1.648000E3,4.617546E0,7.964368E1
1.649000E3,4.606869E0,7.616371E1
1.650000E3,4.596193E0,7.633658E1
1.651000E3,4.585516E0,8.009429E1
1.652000E3,4.574840E0,8.576486E1
1.653000E3,4.564163E0,8.181823E1
1.654000E3,4.553486E0,7.858792E1
1.655000E3,4.542810E0,7.641182E1
1.656000E3,4.532133E0,7.934793E1
1.657000E3,4.521457E0,8.546483E1
1.658000E3,4.510780E0,8.862055E1
1.659000E3,4.500103E0,9.141132E1
1.660000E3,4.489427E0,9.146369E1
1.661000E3,4.478750E0,9.191683E1
1.662000E3,4.468073E0,8.956201E1
1.663000E3,4.457397E0,9.244898E1
1.664000E3,4.446720E0,9.415544E1
1.665000E3,4.436044E0,9.465293E1
1.666000E3,4.425367E0,8.827110E1
1.667000E3,4.414690E0,9.302958E1
1.668000E3,4.404014E0,9.084012E1
1.669000E3,4.393337E0,9.087194E1
1.670000E3,4.382661E0,9.155171E1
1.671000E3,4.371984E0,8.942816E1
1.672000E3,4.361307E0,8.385687E1
1.673000E3,4.350631E0,8.113736E1
1.674000E3,4.339954E0,7.547683E1
1.675000E3,4.329278E0,8.014749E1
1.676000E3,4.318601E0,8.099377E1
1.677000E3,4.307924E0,8.445915E1
1.678000E3,4.297248E0,8.879107E1
1.679000E3,4.286571E0,9.104757E1
1.680000E3,4.275894E0,9.270159E1
1.681000E3,4.265218E0,9.057345E1
1.682000E3,4.254541E0,8.911657E1
1.683000E3,4.243865E0,9.166934E1
1.684000E3,4.233188E0,9.211047E1
1.685000E3,4.222511E0,9.475142E1
1.686000E3,4.211835E0,1.008533E2
1.687000E3,4.201158E0,9.876340E1
1.688000E3,4.190482E0,9.378463E1
1.689000E3,4.179805E0,9.564099E1
1.690000E3,4.169128E0,9.707508E1
1.691000E3,4.158452E0,1.021853E2
1.692000E3,4.147775E0,1.010390E2
1.693000E3,4.137099E0,9.877785E1
1.694000E3,4.126422E0,9.824297E1
1.695000E3,4.115745E0,9.889948E1
1.696000E3,4.105069E0,9.502160E1
1.697000E3,4.094392E0,1.030173E2
1.698000E3,4.083715E0,1.013207E2
1.699000E3,4.073039E0,1.042922E2
1.700000E3,4.062362E0,1.014512E2
1.701000E3,4.051686E0,9.728103E1
1.702000E3,4.041009E0,9.932826E1
1.703000E3,4.030332E0,1.010276E2
1.704000E3,4.019656E0,9.947276E1
1.705000E3,4.008979E0,1.013043E2
1.706000E3,3.998303E0,1.018675E2
1.707000E3,3.987626E0,9.366456E1
1.708000E3,3.976949E0,9.269242E1
1.709000E3,3.966273E0,1.012849E2
1.710000E3,3.955596E0,1.076249E2
1.711000E3,3.944920E0,1.001630E2
1.712000E3,3.934243E0,9.480990E1
1.713000E3,3.923566E0,9.301811E1
1.714000E3,3.912890E0,9.484100E1
1.715000E3,3.902213E0,9.815853E1
1.716000E3,3.891536E0,1.025230E2
1.717000E3,3.880860E0,1.047397E2
1.718000E3,3.870183E0,1.031097E2
1.719000E3,3.859507E0,9.777648E1
1.720000E3,3.848830E0,9.839463E1
1.721000E3,3.838153E0,1.036113E2
1.722000E3,3.827477E0,1.110539E2
1.723000E3,3.816800E0,1.116024E2
1.724000E3,3.806124E0,1.110218E2
1.725000E3,3.795447E0,1.128315E2
1.726000E3,3.784770E0,1.119675E2
1.727000E3,3.774094E0,1.086797E2
1.728000E3,3.763417E0,1.051188E2
1.729000E3,3.752741E0,1.071928E2
1.730000E3,3.742064E0,1.067921E2
1.731000E3,3.731387E0,1.056537E2
1.732000E3,3.720711E0,1.045906E2
1.733000E3,3.710034E0,1.064494E2
1.734000E3,3.699358E0,1.086197E2
1.735000E3,3.688681E0,1.042626E2
1.736000E3,3.678004E0,9.179272E1
1.737000E3,3.667328E0,9.552564E1
1.738000E3,3.656651E0,9.897950E1
1.739000E3,3.645974E0,9.880218E1
1.740000E3,3.635298E0,9.574517E1
1.741000E3,3.624621E0,9.900665E1
1.742000E3,3.613945E0,1.000908E2
1.743000E3,3.603268E0,1.000386E2
1.744000E3,3.592591E0,1.062417E2
1.745000E3,3.581915E0,1.013411E2
1.746000E3,3.571238E0,9.386754E1
1.747000E3,3.560562E0,9.495087E1
1.748000E3,3.549885E0,8.742085E1
1.749000E3,3.539208E0,9.286063E1
1.750000E3,3.528532E0,9.664688E1
1.751000E3,3.517855E0,1.013893E2
1.752000E3,3.507179E0,9.975335E1
1.753000E3,3.496502E0,9.744007E1
1.754000E3,3.485825E0,8.924914E1
1.755000E3,3.475149E0,9.742143E1
1.756000E3,3.464472E0,9.501488E1
1.757000E3,3.453795E0,9.210358E1
1.758000E3,3.443119E0,9.221974E1
1.759000E3,3.432442E0,9.174865E1
1.760000E3,3.421766E0,9.949651E1
1.761000E3,3.411089E0,1.007328E2
1.762000E3,3.400412E0,1.035044E2
1.763000E3,3.389736E0,9.961476E1
1.764000E3,3.379059E0,1.018518E2
1.765000E3,3.368383E0,9.837638E1
1.766000E3,3.357706E0,9.860058E1
1.767000E3,3.347029E0,9.966810E1
1.768000E3,3.336353E0,1.007047E2
1.769000E3,3.325676E0,1.010362E2
1.770000E3,3.315000E0,9.523372E1
1.771000E3,3.304323E0,9.688785E1
1.772000E3,3.293646E0,9.744109E1
1.773000E3,3.282970E0,9.647244E1
1.774000E3,3.272293E0,9.474241E1
1.775000E3,3.261616E0,9.226689E1
1.776000E3,3.250940E0,9.105923E1
1.777000E3,3.240263E0,9.235487E1
1.778000E3,3.229587E0,9.367449E1
1.779000E3,3.218910E0,9.142879E1
1.780000E3,3.208233E0,8.719277E1
1.781000E3,3.197557E0,8.251413E1
1.782000E3,3.186880E0,8.236249E1
1.783000E3,3.176204E0,7.743005E1
1.784000E3,3.165527E0,7.805095E1
1.785000E3,3.154850E0,7.769971E1
1.786000E3,3.144174E0,7.870578E1
1.787000E3,3.133497E0,8.067811E1
1.788000E3,3.122821E0,8.042146E1
1.789000E3,3.112144E0,7.887664E1
1.790000E3,3.101467E0,7.620342E1
1.791000E3,3.090791E0,8.077372E1
1.792000E3,3.080114E0,8.293597E1
1.793000E3,3.069437E0,7.981999E1
1.794000E3,3.058761E0,7.532656E1
1.795000E3,3.048084E0,7.066109E1
1.796000E3,3.037408E0,7.342586E1
1.797000E3,3.026731E0,7.877126E1
1.798000E3,3.016054E0,8.129746E1
1.799000E3,3.005378E0,7.971790E1
1.800000E3,2.994701E0,7.482000E1
1.801000E3,2.984025E0,7.491350E1
1.802000E3,2.973348E0,7.534689E1
1.803000E3,2.962671E0,7.541850E1
1.804000E3,2.951995E0,7.663450E1
1.805000E3,2.941318E0,7.984056E1
1.806000E3,2.930642E0,8.091207E1
1.807000E3,2.919965E0,7.809964E1
1.808000E3,2.909288E0,7.493038E1
1.809000E3,2.898612E0,7.017249E1
1.810000E3,2.887935E0,6.778414E1
1.811000E3,2.877258E0,6.805215E1
1.812000E3,2.866582E0,7.163343E1
1.813000E3,2.855905E0,7.161796E1
1.814000E3,2.845229E0,7.525129E1
1.815000E3,2.834552E0,8.008498E1
1.816000E3,2.823875E0,7.905838E1
1.817000E3,2.813199E0,8.078587E1
1.818000E3,2.802522E0,8.014746E1
1.819000E3,2.791846E0,8.119209E1
1.820000E3,2.781169E0,7.720577E1
1.821000E3,2.770492E0,7.795953E1
1.822000E3,2.759816E0,7.705792E1
1.823000E3,2.749139E0,7.502552E1
1.824000E3,2.738463E0,7.501369E1
1.825000E3,2.727786E0,8.140327E1
1.826000E3,2.717109E0,8.366913E1
1.827000E3,2.706433E0,8.753257E1
1.828000E3,2.695756E0,8.997805E1
1.829000E3,2.685079E0,8.662607E1
1.830000E3,2.674403E0,8.486014E1
1.831000E3,2.663726E0,8.566159E1
1.832000E3,2.653050E0,8.723473E1
1.833000E3,2.642373E0,9.210310E1
1.834000E3,2.631696E0,9.098606E1
1.835000E3,2.621020E0,9.088742E1
1.836000E3,2.610343E0,9.242531E1
1.837000E3,2.599667E0,9.534768E1
1.838000E3,2.588990E0,9.264738E1
1.839000E3,2.578313E0,9.167952E1
1.840000E3,2.567637E0,9.085626E1
1.841000E3,2.556960E0,9.218983E1
1.842000E3,2.546284E0,9.682380E1
1.843000E3,2.535607E0,9.448333E1
1.844000E3,2.524930E0,9.858775E1
1.845000E3,2.514254E0,9.575915E1
1.846000E3,2.503577E0,9.092657E1
1.847000E3,2.492900E0,9.097773E1
1.848000E3,2.482224E0,9.586913E1
1.849000E3,2.471547E0,1.009312E2
1.850000E3,2.460871E0,9.503594E1
1.851000E3,2.450194E0,9.496437E1
1.852000E3,2.439517E0,9.831454E1
1.853000E3,2.428841E0,9.810454E1
1.854000E3,2.418164E0,9.625627E1
1.855000E3,2.407488E0,9.294156E1
1.856000E3,2.396811E0,9.020423E1
1.857000E3,2.386134E0,8.750828E1
1.858000E3,2.375458E0,8.765691E1
1.859000E3,2.364781E0,8.743087E1
1.860000E3,2.354105E0,8.894050E1
1.861000E3,2.343428E0,8.491799E1
1.862000E3,2.332751E0,8.793645E1
1.863000E3,2.322075E0,9.133984E1
1.864000E3,2.311398E0,9.279488E1
1.865000E3,2.300721E0,9.241530E1
1.866000E3,2.290045E0,9.151082E1
1.867000E3,2.279368E0,8.824519E1
1.868000E3,2.268692E0,9.466899E1
1.869000E3,2.258015E0,8.958161E1
1.870000E3,2.247338E0,8.965744E1
1.871000E3,2.236662E0,9.323270E1
1.872000E3,2.225985E0,9.596499E1
1.873000E3,2.215309E0,9.446390E1
1.874000E3,2.204632E0,9.831275E1
1.875000E3,2.193955E0,1.005491E2
1.876000E3,2.183279E0,1.019528E2
1.877000E3,2.172602E0,1.010154E2
1.878000E3,2.161926E0,1.096975E2
1.879000E3,2.151249E0,1.088076E2
1.880000E3,2.140572E0,1.053968E2
1.881000E3,2.129896E0,1.068717E2
1.882000E3,2.119219E0,1.073428E2
1.883000E3,2.108542E0,1.126253E2
1.884000E3,2.097866E0,1.146071E2
1.885000E3,2.087189E0,1.170034E2
1.886000E3,2.076513E0,1.174795E2
1.887000E3,2.065836E0,1.186882E2
1.888000E3,2.055159E0,1.211833E2
1.889000E3,2.044483E0,1.192313E2
1.890000E3,2.033806E0,1.202143E2
1.891000E3,2.023130E0,1.187151E2
1.892000E3,2.012453E0,1.221481E2
1.893000E3,2.001776E0,1.234726E2
1.894000E3,1.991100E0,1.223419E2
1.895000E3,1.980423E0,1.266734E2
1.896000E3,1.969747E0,1.304749E2
1.897000E3,1.959070E0,1.351337E2
1.898000E3,1.948393E0,1.387241E2
1.899000E3,1.937717E0,1.369901E2
1.900000E3,1.927040E0,1.302521E2
1.901000E3,1.916363E0,1.308753E2
1.902000E3,1.905687E0,1.315402E2
1.903000E3,1.895010E0,1.344945E2
1.904000E3,1.884334E0,1.369811E2
1.905000E3,1.873657E0,1.505605E2
1.906000E3,1.862980E0,1.540798E2
1.907000E3,1.852304E0,1.577570E2
1.908000E3,1.841627E0,1.532690E2
1.909000E3,1.830951E0,1.520660E2
1.910000E3,1.820274E0,1.594773E2
1.911000E3,1.809597E0,1.652669E2
1.912000E3,1.798921E0,1.701262E2
1.913000E3,1.788244E0,1.709932E2
1.914000E3,1.777568E0,1.665775E2
1.915000E3,1.766891E0,1.659397E2
1.916000E3,1.756214E0,1.649299E2
1.917000E3,1.745538E0,1.718764E2
1.918000E3,1.734861E0,1.761714E2
1.919000E3,1.724184E0,1.794656E2
1.920000E3,1.713508E0,1.828421E2
1.921000E3,1.702831E0,1.896384E2
1.922000E3,1.692155E0,1.980921E2
1.923000E3,1.681478E0,1.996158E2
1.924000E3,1.670801E0,1.947027E2
1.925000E3,1.660125E0,2.006946E2
1.926000E3,1.649448E0,2.079635E2
1.927000E3,1.638772E0,2.129069E2
1.928000E3,1.628095E0,2.031150E2
1.929000E3,1.617418E0,1.938039E2
1.930000E3,1.606742E0,1.917540E2
1.931000E3,1.596065E0,2.030502E2
1.932000E3,1.585389E0,2.130490E2
1.933000E3,1.574712E0,2.129367E2
1.934000E3,1.564035E0,2.082380E2
1.935000E3,1.553359E0,2.110596E2
1.936000E3,1.542682E0,2.095579E2
1.937000E3,1.532005E0,2.112137E2
1.938000E3,1.521329E0,2.141746E2
1.939000E3,1.510652E0,2.157161E2
1.940000E3,1.499976E0,2.158363E2
1.941000E3,1.489299E0,2.144595E2
1.942000E3,1.478622E0,2.127330E2
1.943000E3,1.467946E0,2.110492E2
1.944000E3,1.457269E0,2.140303E2
1.945000E3,1.446593E0,2.207723E2
1.946000E3,1.435916E0,2.232973E2
1.947000E3,1.425239E0,2.239214E2
1.948000E3,1.414563E0,2.200421E2
1.949000E3,1.403886E0,2.212437E2
1.950000E3,1.393210E0,2.272153E2
1.951000E3,1.382533E0,2.256427E2
1.952000E3,1.371856E0,2.220349E2
1.953000E3,1.361180E0,2.258738E2
1.954000E3,1.350503E0,2.317831E2
1.955000E3,1.339826E0,2.323295E2
1.956000E3,1.329150E0,2.326058E2
1.957000E3,1.318473E0,2.317210E2
1.958000E3,1.307797E0,2.329456E2
1.959000E3,1.297120E0,2.352933E2
1.960000E3,1.286443E0,2.374944E2
1.961000E3,1.275767E0,2.413559E2
1.962000E3,1.265090E0,2.457633E2
1.963000E3,1.254414E0,2.494954E2
1.964000E3,1.243737E0,2.478218E2
1.965000E3,1.233060E0,2.465471E2
1.966000E3,1.222384E0,2.487708E2
1.967000E3,1.211707E0,2.505022E2
1.968000E3,1.201031E0,2.494465E2
1.969000E3,1.190354E0,2.462152E2
1.970000E3,1.179677E0,2.437576E2
1.971000E3,1.169001E0,2.435919E2
1.972000E3,1.158324E0,2.413444E2
1.973000E3,1.147647E0,2.363187E2
1.974000E3,1.136971E0,2.313393E2
1.975000E3,1.126294E0,2.302895E2
1.976000E3,1.115618E0,2.319887E2
1.977000E3,1.104941E0,2.363590E2
1.978000E3,1.094264E0,2.406427E2
1.979000E3,1.083588E0,2.407978E2
1.980000E3,1.072911E0,2.399719E2
1.981000E3,1.062235E0,2.370034E2
1.982000E3,1.051558E0,2.326299E2
1.983000E3,1.040881E0,2.299627E2
1.984000E3,1.030205E0,2.338001E2
1.985000E3,1.019528E0,2.366771E2
1.986000E3,1.008852E0,2.405109E2
1.987000E3,9.981749E-1,2.455892E2
1.988000E3,9.874983E-1,2.479562E2
1.989000E3,9.768217E-1,2.483489E2
1.990000E3,9.661451E-1,2.484199E2
1.991000E3,9.554685E-1,2.468929E2
1.992000E3,9.447919E-1,2.464555E2
1.993000E3,9.341153E-1,2.504623E2
1.994000E3,9.234387E-1,2.541836E2
1.995000E3,9.127620E-1,2.544494E2
1.996000E3,9.020854E-1,2.544565E2
1.997000E3,8.914088E-1,2.546582E2
1.998000E3,8.807322E-1,2.549029E2
1.999000E3,8.700556E-1,2.549957E2
2.000000E3,8.593790E-1,2.550000E2
2.001000E3,8.487024E-1,2.550000E2
2.002000E3,8.380258E-1,2.550000E2
2.003000E3,8.273492E-1,2.550000E2
2.004000E3,8.166725E-1,2.550000E2
2.005000E3,8.059959E-1,2.550000E2
2.006000E3,7.953193E-1,2.550000E2
2.007000E3,7.846427E-1,2.550000E2
2.008000E3,7.739661E-1,2.550000E2
2.009000E3,7.632895E-1,2.550000E2
2.010000E3,7.526129E-1,2.550000E2
2.011000E3,7.419363E-1,2.550000E2
2.012000E3,7.312597E-1,2.550000E2
2.013000E3,7.205831E-1,2.550000E2
2.014000E3,7.099064E-1,2.550000E2
2.015000E3,6.992298E-1,2.550000E2
2.016000E3,6.885532E-1,2.550000E2
2.017000E3,6.778766E-1,2.550000E2
2.018000E3,6.672000E-1,2.550000E2
2.019000E3,6.565234E-1,2.550000E2
2.020000E3,6.458468E-1,2.550000E2
2.021000E3,6.351702E-1,2.550000E2
2.022000E3,6.244936E-1,2.545459E2
2.023000E3,6.138169E-1,2.540628E2
2.024000E3,6.031403E-1,2.540278E2
2.025000E3,5.924637E-1,2.539914E2
2.026000E3,5.817871E-1,2.541146E2
2.027000E3,5.711105E-1,2.543340E2
2.028000E3,5.604339E-1,2.544832E2
2.029000E3,5.497573E-1,2.547282E2
2.030000E3,5.390807E-1,2.549383E2
2.031000E3,5.284041E-1,2.550000E2
2.032000E3,5.177274E-1,2.550000E2
2.033000E3,5.070508E-1,2.550000E2
2.034000E3,4.963742E-1,2.550000E2
2.035000E3,4.856976E-1,2.550000E2
2.036000E3,4.750210E-1,2.550000E2
2.037000E3,4.643444E-1,2.550000E2
2.038000E3,4.536678E-1,2.550000E2
2.039000E3,4.429912E-1,2.550000E2
2.040000E3,4.323146E-1,2.550000E2
2.041000E3,4.216379E-1,2.550000E2
2.042000E3,4.109613E-1,2.550000E2
2.043000E3,4.002847E-1,2.550000E2
2.044000E3,3.896081E-1,2.550000E2
2.045000E3,3.789315E-1,2.550000E2
2.046000E3,3.682549E-1,2.550000E2
2.047000E3,3.575783E-1,2.550000E2
2.048000E3,3.469017E-1,2.550000E2
2.049000E3,3.362251E-1,2.550000E2
2.050000E3,3.255484E-1,2.550000E2
2.051000E3,3.148718E-1,2.550000E2
2.052000E3,3.041952E-1,2.550000E2
2.053000E3,2.935186E-1,2.550000E2
2.054000E3,2.828420E-1,2.550000E2
2.055000E3,2.721654E-1,2.550000E2
2.056000E3,2.614888E-1,2.550000E2
2.057000E3,2.508122E-1,2.550000E2
2.058000E3,2.401356E-1,2.550000E2
2.059000E3,2.294589E-1,2.550000E2
2.060000E3,2.187823E-1,2.550000E2
2.061000E3,2.081057E-1,2.550000E2
2.062000E3,1.974291E-1,2.550000E2
2.063000E3,1.867525E-1,2.550000E2
2.064000E3,1.760759E-1,2.550000E2
2.065000E3,1.653993E-1,2.550000E2
2.066000E3,1.547227E-1,2.550000E2
2.067000E3,1.440461E-1,2.550000E2
2.068000E3,1.333694E-1,2.550000E2
2.069000E3,1.226928E-1,2.550000E2
2.070000E3,1.120162E-1,2.550000E2
2.071000E3,1.013396E-1,2.550000E2
2.072000E3,9.066301E-2,2.550000E2
2.073000E3,7.998640E-2,2.550000E2
2.074000E3,6.930978E-2,2.550000E2
2.075000E3,5.863317E-2,2.550000E2
2.076000E3,4.795656E-2,2.550000E2
2.077000E3,3.727995E-2,2.550000E2
2.078000E3,2.660334E-2,2.550000E2
2.079000E3,1.592673E-2,2.550000E2
2.080000E3,5.250119E-3,2.550000E2
2.081000E3,-5.426492E-3,2.550000E2
2.082000E3,-1.610310E-2,2.550000E2
2.083000E3,-2.677971E-2,2.550000E2
2.084000E3,-3.745633E-2,2.550000E2
2.085000E3,-4.813294E-2,2.550000E2
2.086000E3,-5.880955E-2,2.550000E2
2.087000E3,-6.948616E-2,2.550000E2
2.088000E3,-8.016277E-2,2.550000E2
2.089000E3,-9.083938E-2,2.550000E2
2.090000E3,-1.015160E-1,2.550000E2
2.091000E3,-1.121926E-1,2.550000E2
2.092000E3,-1.228692E-1,2.550000E2
2.093000E3,-1.335458E-1,2.550000E2
2.094000E3,-1.442224E-1,2.550000E2
2.095000E3,-1.548990E-1,2.550000E2
2.096000E3,-1.655757E-1,2.550000E2
2.097000E3,-1.762523E-1,2.550000E2
2.098000E3,-1.869289E-1,2.550000E2
2.099000E3,-1.976055E-1,2.550000E2
2.100000E3,-2.082821E-1,2.550000E2
2.101000E3,-2.189587E-1,2.550000E2
2.102000E3,-2.296353E-1,2.550000E2
2.103000E3,-2.403119E-1,2.550000E2
2.104000E3,-2.509885E-1,2.550000E2
2.105000E3,-2.616652E-1,2.550000E2
2.106000E3,-2.723418E-1,2.550000E2
2.107000E3,-2.830184E-1,2.550000E2
2.108000E3,-2.936950E-1,2.550000E2
2.109000E3,-3.043716E-1,2.550000E2
2.110000E3,-3.150482E-1,2.550000E2
2.111000E3,-3.257248E-1,2.550000E2
2.112000E3,-3.364014E-1,2.550000E2
2.113000E3,-3.470780E-1,2.550000E2
2.114000E3,-3.577547E-1,2.550000E2
2.115000E3,-3.684313E-1,2.550000E2
2.116000E3,-3.791079E-1,2.550000E2
2.117000E3,-3.897845E-1,2.550000E2
2.118000E3,-4.004611E-1,2.550000E2
2.119000E3,-4.111377E-1,2.550000E2
2.120000E3,-4.218143E-1,2.550000E2
2.121000E3,-4.324909E-1,2.550000E2
2.122000E3,-4.431675E-1,2.550000E2
2.123000E3,-4.538442E-1,2.550000E2
2.124000E3,-4.645208E-1,2.550000E2
2.125000E3,-4.751974E-1,2.550000E2
2.126000E3,-4.858740E-1,2.550000E2
2.127000E3,-4.965506E-1,2.547678E2
2.128000E3,-5.072272E-1,2.545329E2
2.129000E3,-5.179038E-1,2.542015E2
2.130000E3,-5.285804E-1,2.543119E2
2.131000E3,-5.392570E-1,2.546684E2
2.132000E3,-5.499336E-1,2.546296E2
2.133000E3,-5.606103E-1,2.547944E2
2.134000E3,-5.712869E-1,2.550000E2
2.135000E3,-5.819635E-1,2.550000E2
2.136000E3,-5.926401E-1,2.550000E2
2.137000E3,-6.033167E-1,2.550000E2
2.138000E3,-6.139933E-1,2.550000E2
2.139000E3,-6.246699E-1,2.550000E2
2.140000E3,-6.353465E-1,2.550000E2
2.141000E3,-6.460231E-1,2.550000E2
2.142000E3,-6.566998E-1,2.550000E2
2.143000E3,-6.673764E-1,2.550000E2
2.144000E3,-6.780530E-1,2.550000E2
2.145000E3,-6.887296E-1,2.550000E2
2.146000E3,-6.994062E-1,2.550000E2
2.147000E3,-7.100828E-1,2.547085E2
2.148000E3,-7.207594E-1,2.545060E2
2.149000E3,-7.314360E-1,2.533107E2
2.150000E3,-7.421126E-1,2.533224E2
2.151000E3,-7.527893E-1,2.507763E2
2.152000E3,-7.634659E-1,2.453859E2
2.153000E3,-7.741425E-1,2.418043E2
2.154000E3,-7.848191E-1,2.410049E2
2.155000E3,-7.954957E-1,2.451030E2
2.156000E3,-8.061723E-1,2.491595E2
2.157000E3,-8.168489E-1,2.507816E2
2.158000E3,-8.275255E-1,2.516833E2
2.159000E3,-8.382021E-1,2.517725E2
2.160000E3,-8.488788E-1,2.516633E2
2.161000E3,-8.595554E-1,2.529909E2
2.162000E3,-8.702320E-1,2.543114E2
2.163000E3,-8.809086E-1,2.548624E2
2.164000E3,-8.915852E-1,2.550000E2
2.165000E3,-9.022618E-1,2.550000E2
2.166000E3,-9.129384E-1,2.550000E2
2.167000E3,-9.236150E-1,2.550000E2
2.168000E3,-9.342916E-1,2.550000E2
2.169000E3,-9.449683E-1,2.550000E2
2.170000E3,-9.556449E-1,2.550000E2
2.171000E3,-9.663215E-1,2.550000E2
2.172000E3,-9.769981E-1,2.550000E2
2.173000E3,-9.876747E-1,2.541984E2
2.174000E3,-9.983513E-1,2.539856E2
2.175000E3,-1.009028E0,2.541120E2
2.176000E3,-1.019705E0,2.533372E2
2.177000E3,-1.030381E0,2.523445E2
2.178000E3,-1.041058E0,2.500614E2
2.179000E3,-1.051734E0,2.476002E2
2.180000E3,-1.062411E0,2.456314E2
2.181000E3,-1.073088E0,2.449240E2
2.182000E3,-1.083764E0,2.463489E2
2.183000E3,-1.094441E0,2.487886E2
2.184000E3,-1.105117E0,2.519608E2
2.185000E3,-1.115794E0,2.533796E2
2.186000E3,-1.126471E0,2.525749E2
2.187000E3,-1.137147E0,2.517255E2
2.188000E3,-1.147824E0,2.488454E2
2.189000E3,-1.158500E0,2.470900E2
2.190000E3,-1.169177E0,2.492510E2
2.191000E3,-1.179854E0,2.516048E2
2.192000E3,-1.190530E0,2.529638E2
2.193000E3,-1.201207E0,2.532616E2
2.194000E3,-1.211884E0,2.529015E2
2.195000E3,-1.222560E0,2.523400E2
2.196000E3,-1.233237E0,2.526344E2
2.197000E3,-1.243913E0,2.519156E2
2.198000E3,-1.254590E0,2.492415E2
2.199000E3,-1.265267E0,2.478480E2
2.200000E3,-1.275943E0,2.435863E2
2.201000E3,-1.286620E0,2.391744E2
2.202000E3,-1.297296E0,2.353129E2
2.203000E3,-1.307973E0,2.338307E2
2.204000E3,-1.318650E0,2.360871E2
2.205000E3,-1.329326E0,2.357960E2
2.206000E3,-1.340003E0,2.322163E2
2.207000E3,-1.350679E0,2.328817E2
2.208000E3,-1.361356E0,2.312299E2
2.209000E3,-1.372033E0,2.276734E2
2.210000E3,-1.382709E0,2.217434E2
2.211000E3,-1.393386E0,2.206241E2
2.212000E3,-1.404063E0,2.244471E2
2.213000E3,-1.414739E0,2.283281E2
2.214000E3,-1.425416E0,2.310339E2
2.215000E3,-1.436092E0,2.300624E2
2.216000E3,-1.446769E0,2.255639E2
2.217000E3,-1.457446E0,2.220204E2
2.218000E3,-1.468122E0,2.207216E2
2.219000E3,-1.478799E0,2.196992E2
2.220000E3,-1.489475E0,2.202528E2
2.221000E3,-1.500152E0,2.241166E2
2.222000E3,-1.510829E0,2.291161E2
2.223000E3,-1.521505E0,2.257200E2
2.224000E3,-1.532182E0,2.202303E2
2.225000E3,-1.542858E0,2.164907E2
2.226000E3,-1.553535E0,2.130494E2
2.227000E3,-1.564212E0,2.113097E2
2.228000E3,-1.574888E0,2.173039E2
2.229000E3,-1.585565E0,2.241611E2
2.230000E3,-1.596242E0,2.284973E2
2.231000E3,-1.606918E0,2.302699E2
2.232000E3,-1.617595E0,2.308634E2
2.233000E3,-1.628271E0,2.344234E2
2.234000E3,-1.638948E0,2.368410E2
2.235000E3,-1.649625E0,2.360551E2
2.236000E3,-1.660301E0,2.387555E2
2.237000E3,-1.670978E0,2.315590E2
2.238000E3,-1.681654E0,2.266500E2
2.239000E3,-1.692331E0,2.272873E2
2.240000E3,-1.703008E0,2.284420E2
2.241000E3,-1.713684E0,2.230058E2
2.242000E3,-1.724361E0,2.108929E2
2.243000E3,-1.735037E0,2.019131E2
2.244000E3,-1.745714E0,2.001095E2
2.245000E3,-1.756391E0,2.028103E2
2.246000E3,-1.767067E0,2.010368E2
2.247000E3,-1.777744E0,1.910399E2
2.248000E3,-1.788421E0,1.847268E2
2.249000E3,-1.799097E0,1.819406E2
2.250000E3,-1.809774E0,1.803293E2
2.251000E3,-1.820450E0,1.772823E2
2.252000E3,-1.831127E0,1.722840E2
2.253000E3,-1.841804E0,1.689845E2
2.254000E3,-1.852480E0,1.634991E2
2.255000E3,-1.863157E0,1.607330E2
2.256000E3,-1.873833E0,1.588489E2
2.257000E3,-1.884510E0,1.564838E2
2.258000E3,-1.895187E0,1.561620E2
2.259000E3,-1.905863E0,1.578310E2
2.260000E3,-1.916540E0,1.633819E2
2.261000E3,-1.927216E0,1.632027E2
2.262000E3,-1.937893E0,1.672211E2
2.263000E3,-1.948570E0,1.702935E2
2.264000E3,-1.959246E0,1.701889E2
2.265000E3,-1.969923E0,1.669204E2
2.266000E3,-1.980600E0,1.579269E2
2.267000E3,-1.991276E0,1.580210E2
2.268000E3,-2.001953E0,1.604454E2
2.269000E3,-2.012629E0,1.603106E2
2.270000E3,-2.023306E0,1.605695E2
2.271000E3,-2.033983E0,1.607025E2
2.272000E3,-2.044659E0,1.593369E2
2.273000E3,-2.055336E0,1.567928E2
2.274000E3,-2.066012E0,1.471847E2
2.275000E3,-2.076689E0,1.468741E2
2.276000E3,-2.087366E0,1.466660E2
2.277000E3,-2.098042E0,1.429478E2
2.278000E3,-2.108719E0,1.423218E2
2.279000E3,-2.119395E0,1.437756E2
2.280000E3,-2.130072E0,1.421060E2
2.281000E3,-2.140749E0,1.435914E2
2.282000E3,-2.151425E0,1.404052E2
2.283000E3,-2.162102E0,1.374527E2
2.284000E3,-2.172779E0,1.394413E2
2.285000E3,-2.183455E0,1.353170E2
2.286000E3,-2.194132E0,1.292609E2
2.287000E3,-2.204808E0,1.278192E2
2.288000E3,-2.215485E0,1.258933E2
2.289000E3,-2.226162E0,1.264243E2
2.290000E3,-2.236838E0,1.264780E2
2.291000E3,-2.247515E0,1.226376E2
2.292000E3,-2.258191E0,1.107208E2
2.293000E3,-2.268868E0,1.153625E2
2.294000E3,-2.279545E0,1.201217E2
2.295000E3,-2.290221E0,1.221216E2
2.296000E3,-2.300898E0,1.131191E2
2.297000E3,-2.311574E0,1.055792E2
2.298000E3,-2.322251E0,1.051994E2
2.299000E3,-2.332928E0,1.060302E2
2.300000E3,-2.343604E0,1.034794E2
2.301000E3,-2.354281E0,1.008833E2
2.302000E3,-2.364958E0,1.007679E2
2.303000E3,-2.375634E0,1.038101E2
2.304000E3,-2.386311E0,1.009260E2
2.305000E3,-2.396987E0,1.046828E2
2.306000E3,-2.407664E0,1.101044E2
2.307000E3,-2.418341E0,1.092015E2
2.308000E3,-2.429017E0,1.050939E2
2.309000E3,-2.439694E0,1.018499E2
2.310000E3,-2.450370E0,1.059106E2
2.311000E3,-2.461047E0,1.059412E2
2.312000E3,-2.471724E0,1.012276E2
2.313000E3,-2.482400E0,1.008342E2
2.314000E3,-2.493077E0,1.041900E2
2.315000E3,-2.503753E0,1.049853E2
2.316000E3,-2.514430E0,1.014627E2
2.317000E3,-2.525107E0,1.000289E2
2.318000E3,-2.535783E0,1.028443E2
2.319000E3,-2.546460E0,1.023197E2
2.320000E3,-2.557137E0,1.031197E2
2.321000E3,-2.567813E0,9.731007E1
2.322000E3,-2.578490E0,9.041937E1
2.323000E3,-2.589166E0,8.926881E1
2.324000E3,-2.599843E0,9.065626E1
2.325000E3,-2.610520E0,9.083831E1
2.326000E3,-2.621196E0,9.051900E1
2.327000E3,-2.631873E0,8.721103E1
2.328000E3,-2.642549E0,8.016141E1
2.329000E3,-2.653226E0,7.205050E1
2.330000E3,-2.663903E0,6.737111E1
2.331000E3,-2.674579E0,6.658855E1
2.332000E3,-2.685256E0,6.707581E1
2.333000E3,-2.695932E0,6.805577E1
2.334000E3,-2.706609E0,7.005302E1
2.335000E3,-2.717286E0,7.229561E1
2.336000E3,-2.727962E0,7.654677E1
2.337000E3,-2.738639E0,7.682192E1
2.338000E3,-2.749316E0,7.692372E1
2.339000E3,-2.759992E0,7.984501E1
2.340000E3,-2.770669E0,8.322787E1
2.341000E3,-2.781345E0,8.510649E1
2.342000E3,-2.792022E0,8.488833E1
2.343000E3,-2.802699E0,8.842006E1
2.344000E3,-2.813375E0,9.113987E1
2.345000E3,-2.824052E0,9.286153E1
2.346000E3,-2.834728E0,8.852901E1
2.347000E3,-2.845405E0,8.495350E1
2.348000E3,-2.856082E0,8.112433E1
2.349000E3,-2.866758E0,7.540738E1
2.350000E3,-2.877435E0,7.243437E1
2.351000E3,-2.888111E0,7.185518E1
2.352000E3,-2.898788E0,7.544786E1
2.353000E3,-2.909465E0,7.470936E1
2.354000E3,-2.920141E0,6.988361E1
2.355000E3,-2.930818E0,6.899200E1
2.356000E3,-2.941494E0,6.729919E1
2.357000E3,-2.952171E0,6.819687E1
2.358000E3,-2.962848E0,7.010167E1
2.359000E3,-2.973524E0,6.935724E1
2.360000E3,-2.984201E0,6.826897E1
2.361000E3,-2.994878E0,6.689848E1
2.362000E3,-3.005554E0,6.769241E1
2.363000E3,-3.016231E0,6.684395E1
2.364000E3,-3.026907E0,6.734205E1
2.365000E3,-3.037584E0,6.806514E1
2.366000E3,-3.048261E0,7.194197E1
2.367000E3,-3.058937E0,7.326629E1
2.368000E3,-3.069614E0,7.133248E1
2.369000E3,-3.080290E0,7.354245E1
2.370000E3,-3.090967E0,7.636294E1
2.371000E3,-3.101644E0,7.591673E1
2.372000E3,-3.112320E0,7.116775E1
2.373000E3,-3.122997E0,6.913950E1
2.374000E3,-3.133673E0,7.014042E1
2.375000E3,-3.144350E0,6.963227E1
2.376000E3,-3.155027E0,6.950479E1
2.377000E3,-3.165703E0,6.843815E1
2.378000E3,-3.176380E0,7.162129E1
2.379000E3,-3.187057E0,7.389402E1
2.380000E3,-3.197733E0,7.591492E1
2.381000E3,-3.208410E0,7.993783E1
2.382000E3,-3.219086E0,8.441837E1
2.383000E3,-3.229763E0,8.139657E1
2.384000E3,-3.240440E0,8.194281E1
2.385000E3,-3.251116E0,8.367162E1
2.386000E3,-3.261793E0,8.618797E1
2.387000E3,-3.272469E0,8.610328E1
2.388000E3,-3.283146E0,8.792928E1
2.389000E3,-3.293823E0,9.214167E1
2.390000E3,-3.304499E0,9.150741E1
2.391000E3,-3.315176E0,9.191986E1
2.392000E3,-3.325852E0,8.832860E1
2.393000E3,-3.336529E0,9.024677E1
2.394000E3,-3.347206E0,9.102818E1
2.395000E3,-3.357882E0,9.145141E1
2.396000E3,-3.368559E0,8.901099E1
2.397000E3,-3.379236E0,9.190735E1
2.398000E3,-3.389912E0,9.002820E1
2.399000E3,-3.400589E0,9.099060E1
2.400000E3,-3.411265E0,9.097949E1
2.401000E3,-3.421942E0,9.612321E1
2.402000E3,-3.432619E0,9.929341E1
2.403000E3,-3.443295E0,9.651692E1
2.404000E3,-3.453972E0,9.227560E1
2.405000E3,-3.464648E0,9.433037E1
2.406000E3,-3.475325E0,9.500763E1
2.407000E3,-3.486002E0,1.009505E2
2.408000E3,-3.496678E0,1.057011E2
2.409000E3,-3.507355E0,1.033635E2
2.410000E3,-3.518031E0,9.812166E1
2.411000E3,-3.528708E0,9.672359E1
2.412000E3,-3.539385E0,9.763525E1
2.413000E3,-3.550061E0,9.777156E1
2.414000E3,-3.560738E0,9.598663E1
2.415000E3,-3.571415E0,9.863347E1
2.416000E3,-3.582091E0,9.808801E1
2.417000E3,-3.592768E0,9.735814E1
2.418000E3,-3.603444E0,1.007007E2
2.419000E3,-3.614121E0,1.037059E2
2.420000E3,-3.624798E0,1.001442E2
2.421000E3,-3.635474E0,9.383029E1
2.422000E3,-3.646151E0,8.843934E1
2.423000E3,-3.656827E0,8.739271E1
2.424000E3,-3.667504E0,9.158245E1
2.425000E3,-3.678181E0,9.503295E1
2.426000E3,-3.688857E0,9.871679E1
2.427000E3,-3.699534E0,9.798767E1
2.428000E3,-3.710210E0,9.358646E1
2.429000E3,-3.720887E0,9.468222E1
2.430000E3,-3.731564E0,9.803151E1
2.431000E3,-3.742240E0,9.796109E1
2.432000E3,-3.752917E0,9.560733E1
2.433000E3,-3.763594E0,9.731355E1
2.434000E3,-3.774270E0,1.018692E2
2.435000E3,-3.784947E0,1.033738E2
2.436000E3,-3.795623E0,1.012480E2
2.437000E3,-3.806300E0,9.785576E1
2.438000E3,-3.816977E0,9.763216E1
2.439000E3,-3.827653E0,1.026903E2
2.440000E3,-3.838330E0,1.018036E2
2.441000E3,-3.849006E0,1.017535E2
2.442000E3,-3.859683E0,1.013218E2
2.443000E3,-3.870360E0,1.037490E2
2.444000E3,-3.881036E0,1.159543E2
2.445000E3,-3.891713E0,1.225986E2
2.446000E3,-3.902389E0,1.255551E2
2.447000E3,-3.913066E0,1.199404E2
2.448000E3,-3.923743E0,1.202382E2
2.449000E3,-3.934419E0,1.157456E2
2.450000E3,-3.945096E0,1.094298E2
2.451000E3,-3.955773E0,1.063873E2
2.452000E3,-3.966449E0,1.042632E2
2.453000E3,-3.977126E0,1.010580E2
2.454000E3,-3.987802E0,1.021067E2
2.455000E3,-3.998479E0,1.008769E2
2.456000E3,-4.009156E0,1.010845E2
2.457000E3,-4.019832E0,1.012388E2
2.458000E3,-4.030509E0,1.008318E2
2.459000E3,-4.041185E0,9.911941E1
2.460000E3,-4.051862E0,9.863655E1
2.461000E3,-4.062539E0,9.520348E1
2.462000E3,-4.073215E0,9.476341E1
2.463000E3,-4.083892E0,9.601341E1
2.464000E3,-4.094568E0,1.002719E2
2.465000E3,-4.105245E0,1.069412E2
2.466000E3,-4.115922E0,1.110778E2
2.467000E3,-4.126598E0,1.066995E2
2.468000E3,-4.137275E0,1.068247E2
2.469000E3,-4.147952E0,1.046914E2
2.470000E3,-4.158628E0,1.006239E2
2.471000E3,-4.169305E0,9.740153E1
2.472000E3,-4.179981E0,9.519101E1
2.473000E3,-4.190658E0,9.390882E1
2.474000E3,-4.201335E0,9.551944E1
2.475000E3,-4.212011E0,9.541634E1
2.476000E3,-4.222688E0,9.669786E1
2.477000E3,-4.233364E0,9.965969E1
2.478000E3,-4.244041E0,9.910583E1
2.479000E3,-4.254718E0,9.891412E1
2.480000E3,-4.265394E0,9.192688E1
2.481000E3,-4.276071E0,9.114685E1
2.482000E3,-4.286747E0,9.024137E1
2.483000E3,-4.297424E0,9.078363E1
2.484000E3,-4.308101E0,9.154300E1
2.485000E3,-4.318777E0,9.054370E1
2.486000E3,-4.329454E0,8.993396E1
2.487000E3,-4.340131E0,9.061713E1
2.488000E3,-4.350807E0,9.320036E1
2.489000E3,-4.361484E0,8.907816E1
2.490000E3,-4.372160E0,8.677704E1
2.491000E3,-4.382837E0,8.746888E1
2.492000E3,-4.393514E0,8.462130E1
2.493000E3,-4.404190E0,8.493719E1
2.494000E3,-4.414867E0,8.478120E1
2.495000E3,-4.425543E0,8.555862E1
2.496000E3,-4.436220E0,8.775537E1
2.497000E3,-4.446897E0,8.606705E1
2.498000E3,-4.457573E0,8.797979E1
2.499000E3,-4.468250E0,9.250413E1
2.500000E3,-4.478926E0,9.697691E1
2.501000E3,-4.489603E0,9.829932E1
2.502000E3,-4.500280E0,9.408896E1
2.503000E3,-4.510956E0,9.447904E1
2.504000E3,-4.521633E0,9.281778E1
2.505000E3,-4.532310E0,8.879149E1
2.506000E3,-4.542986E0,8.636271E1
2.507000E3,-4.553663E0,8.330625E1
2.508000E3,-4.564339E0,7.500388E1
2.509000E3,-4.575016E0,7.521105E1
2.510000E3,-4.585693E0,7.751809E1
2.511000E3,-4.596369E0,7.887301E1
2.512000E3,-4.607046E0,7.764640E1
2.513000E3,-4.617722E0,8.080608E1
2.514000E3,-4.628399E0,8.143194E1
2.515000E3,-4.639076E0,7.888512E1
2.516000E3,-4.649752E0,7.770721E1
2.517000E3,-4.660429E0,7.733706E1
2.518000E3,-4.671105E0,7.895907E1
2.519000E3,-4.681782E0,7.778554E1
2.520000E3,-4.692459E0,7.751769E1
2.521000E3,-4.703135E0,7.670689E1
2.522000E3,-4.713812E0,7.889902E1
2.523000E3,-4.724489E0,7.886088E1
2.524000E3,-4.735165E0,7.653794E1
2.525000E3,-4.745842E0,7.623469E1
2.526000E3,-4.756518E0,7.672740E1
2.527000E3,-4.767195E0,7.922192E1
2.528000E3,-4.777872E0,7.291459E1
2.529000E3,-4.788548E0,6.765217E1
2.530000E3,-4.799225E0,6.426425E1
2.531000E3,-4.809901E0,6.569426E1
2.532000E3,-4.820578E0,6.874484E1
2.533000E3,-4.831255E0,6.969111E1
2.534000E3,-4.841931E0,6.263880E1
2.535000E3,-4.852608E0,6.672679E1
2.536000E3,-4.863284E0,6.948315E1
2.537000E3,-4.873961E0,6.827207E1
2.538000E3,-4.884638E0,6.851041E1
2.539000E3,-4.895314E0,6.838424E1
2.540000E3,-4.905991E0,6.570245E1
2.541000E3,-4.916668E0,6.303829E1
2.542000E3,-4.927344E0,6.050854E1
2.543000E3,-4.938021E0,6.221638E1
2.544000E3,-4.948697E0,6.780672E1
2.545000E3,-4.959374E0,6.719823E1
2.546000E3,-4.970051E0,6.536458E1
2.547000E3,-4.980727E0,6.082319E1
2.548000E3,-4.991404E0,5.807827E1
2.549000E3,-5.002080E0,5.867449E1
2.550000E3,-5.012757E0,6.203186E1
2.551000E3,-5.023434E0,6.373217E1
2.552000E3,-5.034110E0,5.940807E1
2.553000E3,-5.044787E0,5.959451E1
2.554000E3,-5.055463E0,6.307665E1
2.555000E3,-5.066140E0,6.478708E1
2.556000E3,-5.076817E0,6.543413E1
2.557000E3,-5.087493E0,6.567833E1
2.558000E3,-5.098170E0,6.243089E1
2.559000E3,-5.108847E0,6.380186E1
2.560000E3,-5.119523E0,6.271431E1
2.561000E3,-5.130200E0,6.255273E1
2.562000E3,-5.140876E0,5.942875E1
2.563000E3,-5.151553E0,5.540473E1
2.564000E3,-5.162230E0,5.329991E1
2.565000E3,-5.172906E0,5.177198E1
2.566000E3,-5.183583E0,5.264915E1
2.567000E3,-5.194259E0,5.257431E1
2.568000E3,-5.204936E0,5.078150E1
2.569000E3,-5.215613E0,4.815079E1
2.570000E3,-5.226289E0,4.632379E1
2.571000E3,-5.236966E0,4.691099E1
2.572000E3,-5.247642E0,4.734232E1
2.573000E3,-5.258319E0,4.695678E1
2.574000E3,-5.268996E0,4.812835E1
2.575000E3,-5.279672E0,4.531774E1
2.576000E3,-5.290349E0,4.412202E1
2.577000E3,-5.301026E0,4.296117E1
2.578000E3,-5.311702E0,4.369420E1
2.579000E3,-5.322379E0,4.454591E1
2.580000E3,-5.333055E0,4.446474E1
2.581000E3,-5.343732E0,4.209568E1
2.582000E3,-5.354409E0,4.230888E1
2.583000E3,-5.365085E0,4.103107E1
2.584000E3,-5.375762E0,4.008848E1
2.585000E3,-5.386438E0,3.961593E1
2.586000E3,-5.397115E0,3.820965E1
2.587000E3,-5.407792E0,3.952198E1
2.588000E3,-5.418468E0,3.877400E1
2.589000E3,-5.429145E0,3.725730E1
2.590000E3,-5.439821E0,3.514708E1
2.591000E3,-5.450498E0,3.479787E1
2.592000E3,-5.461175E0,3.743393E1
2.593000E3,-5.471851E0,3.905575E1
2.594000E3,-5.482528E0,3.776386E1
2.595000E3,-5.493205E0,3.727403E1
2.596000E3,-5.503881E0,3.597183E1
2.597000E3,-5.514558E0,3.401894E1
2.598000E3,-5.525234E0,3.789053E1
2.599000E3,-5.535911E0,3.747280E1
2.600000E3,-5.546588E0,3.569533E1
2.601000E3,-5.557264E0,3.507700E1
2.602000E3,-5.567941E0,3.421911E1
2.603000E3,-5.578617E0,3.357457E1
2.604000E3,-5.589294E0,3.335924E1
2.605000E3,-5.599971E0,3.323166E1
2.606000E3,-5.610647E0,3.122340E1
2.607000E3,-5.621324E0,3.117943E1
2.608000E3,-5.632000E0,3.085600E1
2.609000E3,-5.642677E0,3.138358E1
2.610000E3,-5.653354E0,3.361683E1
2.611000E3,-5.664030E0,3.437549E1
2.612000E3,-5.674707E0,3.254974E1
2.613000E3,-5.685384E0,3.278628E1
2.614000E3,-5.696060E0,3.476799E1
2.615000E3,-5.706737E0,3.518163E1
2.616000E3,-5.717413E0,3.280360E1
2.617000E3,-5.728090E0,3.306270E1
2.618000E3,-5.738767E0,3.438499E1
2.619000E3,-5.749443E0,3.621135E1
2.620000E3,-5.760120E0,3.777649E1
2.621000E3,-5.770796E0,3.757012E1
2.622000E3,-5.781473E0,3.725171E1
2.623000E3,-5.792150E0,3.807926E1
2.624000E3,-5.802826E0,4.112158E1
2.625000E3,-5.813503E0,4.062002E1
2.626000E3,-5.824179E0,3.804463E1
2.627000E3,-5.834856E0,4.029437E1
2.628000E3,-5.845533E0,4.072684E1
2.629000E3,-5.856209E0,3.864092E1
2.630000E3,-5.866886E0,4.011739E1
2.631000E3,-5.877563E0,4.148749E1
2.632000E3,-5.888239E0,3.981693E1
2.633000E3,-5.898916E0,4.107464E1
2.634000E3,-5.909592E0,4.421170E1
2.635000E3,-5.920269E0,4.485584E1
2.636000E3,-5.930946E0,4.368630E1
2.637000E3,-5.941622E0,4.231112E1
2.638000E3,-5.952299E0,4.229283E1
2.639000E3,-5.962975E0,4.294909E1
2.640000E3,-5.973652E0,4.524872E1
2.641000E3,-5.984329E0,4.617533E1
2.642000E3,-5.995005E0,4.465355E1
2.643000E3,-6.005682E0,4.362577E1
2.644000E3,-6.016358E0,4.474661E1
2.645000E3,-6.027035E0,4.491162E1
2.646000E3,-6.037712E0,4.731942E1
2.647000E3,-6.048388E0,4.835586E1
2.648000E3,-6.059065E0,4.691400E1
2.649000E3,-6.069742E0,4.361477E1
2.650000E3,-6.080418E0,4.375964E1
2.651000E3,-6.091095E0,4.656754E1
2.652000E3,-6.101771E0,4.777739E1
2.653000E3,-6.112448E0,4.745685E1
2.654000E3,-6.123125E0,4.740798E1
2.655000E3,-6.133801E0,4.584907E1
2.656000E3,-6.144478E0,4.740768E1
2.657000E3,-6.155154E0,4.808841E1
2.658000E3,-6.165831E0,5.017811E1
2.659000E3,-6.176508E0,4.733805E1
2.660000E3,-6.187184E0,4.633605E1
2.661000E3,-6.197861E0,4.748864E1
2.662000E3,-6.208537E0,4.947660E1
2.663000E3,-6.219214E0,5.133134E1
2.664000E3,-6.229891E0,5.183714E1
2.665000E3,-6.240567E0,5.293792E1
2.666000E3,-6.251244E0,5.366321E1
2.667000E3,-6.261920E0,5.345143E1
2.668000E3,-6.272597E0,5.001754E1
2.669000E3,-6.283274E0,4.987277E1
2.670000E3,-6.293950E0,4.933179E1
2.671000E3,-6.304627E0,5.094358E1
2.672000E3,-6.315304E0,5.268814E1
2.673000E3,-6.325980E0,5.188666E1
2.674000E3,-6.336657E0,5.097945E1
2.675000E3,-6.347333E0,5.199656E1
2.676000E3,-6.358010E0,5.023014E1
2.677000E3,-6.368687E0,4.998065E1
2.678000E3,-6.379363E0,4.996696E1
2.679000E3,-6.390040E0,5.050263E1
2.680000E3,-6.400716E0,5.247014E1
2.681000E3,-6.411393E0,5.076852E1
2.682000E3,-6.422070E0,5.390279E1
2.683000E3,-6.432746E0,5.858030E1
2.684000E3,-6.443423E0,5.904241E1
2.685000E3,-6.454099E0,5.932646E1
2.686000E3,-6.464776E0,5.910357E1
2.687000E3,-6.475453E0,5.892345E1
2.688000E3,-6.486129E0,6.029337E1
2.689000E3,-6.496806E0,5.720524E1
2.690000E3,-6.507483E0,5.363863E1
2.691000E3,-6.518159E0,5.219227E1
2.692000E3,-6.528836E0,5.181822E1
2.693000E3,-6.539512E0,5.130533E1
2.694000E3,-6.550189E0,5.032250E1
2.695000E3,-6.560866E0,5.174927E1
2.696000E3,-6.571542E0,5.441479E1
2.697000E3,-6.582219E0,5.171467E1
2.698000E3,-6.592895E0,5.451942E1
2.699000E3,-6.603572E0,5.611592E1
2.700000E3,-6.614249E0,5.537247E1
2.701000E3,-6.624925E0,5.443612E1
2.702000E3,-6.635602E0,5.561338E1
2.703000E3,-6.646278E0,5.819586E1
2.704000E3,-6.656955E0,5.741751E1
2.705000E3,-6.667632E0,5.524068E1
2.706000E3,-6.678308E0,5.768882E1
2.707000E3,-6.688985E0,6.253032E1
2.708000E3,-6.699662E0,6.424966E1
2.709000E3,-6.710338E0,6.328555E1
2.710000E3,-6.721015E0,6.237647E1
2.711000E3,-6.731691E0,6.343789E1
2.712000E3,-6.742368E0,6.138806E1
2.713000E3,-6.753045E0,6.068184E1
2.714000E3,-6.763721E0,6.309425E1
2.715000E3,-6.774398E0,6.438972E1
2.716000E3,-6.785074E0,6.389067E1
2.717000E3,-6.795751E0,6.384249E1
2.718000E3,-6.806428E0,6.158936E1
2.719000E3,-6.817104E0,5.861491E1
2.720000E3,-6.827781E0,5.708127E1
2.721000E3,-6.838457E0,5.402763E1
2.722000E3,-6.849134E0,5.118798E1
2.723000E3,-6.859811E0,5.474948E1
2.724000E3,-6.870487E0,5.888744E1
2.725000E3,-6.881164E0,5.914112E1
2.726000E3,-6.891841E0,5.479207E1
2.727000E3,-6.902517E0,5.356780E1
2.728000E3,-6.913194E0,5.547152E1
2.729000E3,-6.923870E0,5.509697E1
2.730000E3,-6.934547E0,5.835678E1
2.731000E3,-6.945224E0,6.015936E1
2.732000E3,-6.955900E0,5.467286E1
2.733000E3,-6.966577E0,5.398246E1
2.734000E3,-6.977253E0,5.447262E1
2.735000E3,-6.987930E0,5.514927E1
2.736000E3,-6.998607E0,5.740875E1
2.737000E3,-7.009283E0,5.712279E1
2.738000E3,-7.019960E0,5.678515E1
2.739000E3,-7.030636E0,5.556815E1
2.740000E3,-7.041313E0,5.624005E1
2.741000E3,-7.051990E0,5.788402E1
2.742000E3,-7.062666E0,5.851625E1
2.743000E3,-7.073343E0,5.884501E1
2.744000E3,-7.084020E0,5.930152E1
2.745000E3,-7.094696E0,6.053609E1
2.746000E3,-7.105373E0,5.872013E1
2.747000E3,-7.116049E0,5.447415E1
2.748000E3,-7.126726E0,5.544381E1
2.749000E3,-7.137403E0,5.414298E1
2.750000E3,-7.148079E0,5.350117E1
2.751000E3,-7.158756E0,5.367698E1
2.752000E3,-7.169432E0,5.612586E1
2.753000E3,-7.180109E0,5.761334E1
2.754000E3,-7.190786E0,5.923091E1
2.755000E3,-7.201462E0,5.552917E1
2.756000E3,-7.212139E0,4.944808E1
2.757000E3,-7.222815E0,4.910485E1
2.758000E3,-7.233492E0,5.250050E1
2.759000E3,-7.244169E0,5.342895E1
2.760000E3,-7.254845E0,5.594433E1
2.761000E3,-7.265522E0,5.640963E1
2.762000E3,-7.276199E0,5.289656E1
2.763000E3,-7.286875E0,5.182507E1
2.764000E3,-7.297552E0,5.301428E1
2.765000E3,-7.308228E0,5.260370E1
2.766000E3,-7.318905E0,5.309055E1
2.767000E3,-7.329582E0,5.420966E1
2.768000E3,-7.340258E0,5.171904E1
2.769000E3,-7.350935E0,4.803092E1
2.770000E3,-7.361611E0,4.281885E1
2.771000E3,-7.372288E0,4.482006E1
2.772000E3,-7.382965E0,4.711725E1
2.773000E3,-7.393641E0,4.708809E1
2.774000E3,-7.404318E0,4.696510E1
2.775000E3,-7.414994E0,4.691575E1
2.776000E3,-7.425671E0,4.512725E1
2.777000E3,-7.436348E0,4.496817E1
2.778000E3,-7.447024E0,4.560890E1
2.779000E3,-7.457701E0,4.552861E1
2.780000E3,-7.468378E0,4.713478E1
2.781000E3,-7.479054E0,4.714277E1
2.782000E3,-7.489731E0,4.521841E1
2.783000E3,-7.500407E0,4.531956E1
2.784000E3,-7.511084E0,4.548227E1
2.785000E3,-7.521761E0,4.472204E1
2.786000E3,-7.532437E0,4.434869E1
2.787000E3,-7.543114E0,4.410532E1
2.788000E3,-7.553790E0,4.191920E1
2.789000E3,-7.564467E0,4.105154E1
2.790000E3,-7.575144E0,4.275060E1
2.791000E3,-7.585820E0,4.451541E1
2.792000E3,-7.596497E0,4.321143E1
2.793000E3,-7.607173E0,4.330508E1
2.794000E3,-7.617850E0,4.439028E1
2.795000E3,-7.628527E0,4.376608E1
2.796000E3,-7.639203E0,4.227917E1
2.797000E3,-7.649880E0,4.068779E1
2.798000E3,-7.660557E0,4.238259E1
2.799000E3,-7.671233E0,4.333567E1
2.800000E3,-7.681910E0,4.153597E1
2.801000E3,-7.692586E0,3.999332E1
2.802000E3,-7.703263E0,4.038985E1
2.803000E3,-7.713940E0,4.056630E1
2.804000E3,-7.724616E0,3.904440E1
2.805000E3,-7.735293E0,3.861834E1
2.806000E3,-7.745969E0,4.164766E1
2.807000E3,-7.756646E0,4.361749E1
2.808000E3,-7.767323E0,4.284053E1
2.809000E3,-7.777999E0,4.094748E1
2.810000E3,-7.788676E0,3.891324E1
2.811000E3,-7.799352E0,3.818821E1
2.812000E3,-7.810029E0,3.926687E1
2.813000E3,-7.820706E0,3.843073E1
2.814000E3,-7.831382E0,3.785567E1
2.815000E3,-7.842059E0,3.899976E1
2.816000E3,-7.852736E0,4.053642E1
2.817000E3,-7.863412E0,3.940169E1
2.818000E3,-7.874089E0,3.499129E1
2.819000E3,-7.884765E0,3.370890E1
2.820000E3,-7.895442E0,3.669862E1
2.821000E3,-7.906119E0,3.597150E1
2.822000E3,-7.916795E0,3.404079E1
2.823000E3,-7.927472E0,3.318893E1
2.824000E3,-7.938148E0,3.298449E1
2.825000E3,-7.948825E0,3.436823E1
2.826000E3,-7.959502E0,3.579872E1
2.827000E3,-7.970178E0,3.502221E1
2.828000E3,-7.980855E0,3.499235E1
2.829000E3,-7.991531E0,3.359851E1
2.830000E3,-8.002208E0,3.076943E1
2.831000E3,-8.012885E0,3.096889E1
2.832000E3,-8.023561E0,2.909015E1
2.833000E3,-8.034238E0,2.894339E1
2.834000E3,-8.044915E0,2.990408E1
2.835000E3,-8.055591E0,3.020022E1
2.836000E3,-8.066268E0,3.025625E1
2.837000E3,-8.076944E0,2.987958E1
2.838000E3,-8.087621E0,2.891576E1
2.839000E3,-8.098298E0,2.889468E1
2.840000E3,-8.108974E0,2.939928E1
2.841000E3,-8.119651E0,2.641532E1
2.842000E3,-8.130327E0,2.572646E1
2.843000E3,-8.141004E0,2.721302E1
2.844000E3,-8.151681E0,2.700652E1
2.845000E3,-8.162357E0,2.775459E1
2.846000E3,-8.173034E0,2.955894E1
2.847000E3,-8.183710E0,2.835658E1
2.848000E3,-8.194387E0,2.728298E1
2.849000E3,-8.205064E0,2.724056E1
2.850000E3,-8.215740E0,2.697528E1
2.851000E3,-8.226417E0,2.676207E1
2.852000E3,-8.237094E0,2.547521E1
2.853000E3,-8.247770E0,2.569805E1
2.854000E3,-8.258447E0,2.739235E1
2.855000E3,-8.269123E0,2.707547E1
2.856000E3,-8.279800E0,2.600699E1
2.857000E3,-8.290477E0,2.537645E1
2.858000E3,-8.301153E0,2.490286E1
2.859000E3,-8.311830E0,2.520349E1
2.860000E3,-8.322506E0,2.322137E1
2.861000E3,-8.333183E0,2.263721E1
2.862000E3,-8.343860E0,2.322631E1
2.863000E3,-8.354536E0,2.281665E1
2.864000E3,-8.365213E0,2.174593E1
2.865000E3,-8.375889E0,2.290340E1
2.866000E3,-8.386566E0,2.527131E1
2.867000E3,-8.397243E0,2.506875E1
2.868000E3,-8.407919E0,2.417741E1
2.869000E3,-8.418596E0,2.566756E1
2.870000E3,-8.429273E0,2.634048E1
2.871000E3,-8.439949E0,2.419616E1
2.872000E3,-8.450626E0,2.137056E1
2.873000E3,-8.461302E0,2.066436E1
2.874000E3,-8.471979E0,2.283592E1
2.875000E3,-8.482656E0,2.326890E1
2.876000E3,-8.493332E0,2.276767E1
2.877000E3,-8.504009E0,2.141411E1
2.878000E3,-8.514685E0,1.975631E1
2.879000E3,-8.525362E0,2.164453E1
2.880000E3,-8.536039E0,2.358620E1
2.881000E3,-8.546715E0,2.265489E1
2.882000E3,-8.557392E0,2.241517E1
2.883000E3,-8.568068E0,2.338847E1
2.884000E3,-8.578745E0,2.269187E1
2.885000E3,-8.589422E0,2.306542E1
2.886000E3,-8.600098E0,2.669646E1
2.887000E3,-8.610775E0,2.614810E1
2.888000E3,-8.621452E0,2.292251E1
2.889000E3,-8.632128E0,2.257864E1
2.890000E3,-8.642805E0,2.452131E1
2.891000E3,-8.653481E0,2.440089E1
2.892000E3,-8.664158E0,2.454606E1
2.893000E3,-8.674835E0,2.662774E1
2.894000E3,-8.685511E0,2.837396E1
2.895000E3,-8.696188E0,2.653465E1
2.896000E3,-8.706864E0,2.495967E1
2.897000E3,-8.717541E0,2.582889E1
2.898000E3,-8.728218E0,2.563720E1
2.899000E3,-8.738894E0,2.583549E1
2.900000E3,-8.749571E0,2.552753E1
2.901000E3,-8.760247E0,2.614980E1
2.902000E3,-8.770924E0,2.470203E1
2.903000E3,-8.781601E0,2.446376E1
2.904000E3,-8.792277E0,2.358456E1
2.905000E3,-8.802954E0,2.486833E1
2.906000E3,-8.813631E0,2.473743E1
2.907000E3,-8.824307E0,2.547574E1
2.908000E3,-8.834984E0,2.551481E1
2.909000E3,-8.845660E0,2.458396E1
2.910000E3,-8.856337E0,2.594619E1
2.911000E3,-8.867014E0,2.389066E1
2.912000E3,-8.877690E0,2.193854E1
2.913000E3,-8.888367E0,2.294488E1
2.914000E3,-8.899043E0,2.342355E1
2.915000E3,-8.909720E0,2.372633E1
2.916000E3,-8.920397E0,2.548051E1
2.917000E3,-8.931073E0,2.582403E1
2.918000E3,-8.941750E0,2.583606E1
2.919000E3,-8.952426E0,2.790915E1
2.920000E3,-8.963103E0,2.681892E1
2.921000E3,-8.973780E0,2.615860E1
2.922000E3,-8.984456E0,2.639132E1
2.923000E3,-8.995133E0,2.724508E1
2.924000E3,-9.005810E0,2.868905E1
2.925000E3,-9.016486E0,3.093706E1
2.926000E3,-9.027163E0,3.000692E1
2.927000E3,-9.037839E0,2.786874E1
2.928000E3,-9.048516E0,2.839268E1
2.929000E3,-9.059193E0,2.915260E1
2.930000E3,-9.069869E0,2.904211E1
2.931000E3,-9.080546E0,2.894021E1
2.932000E3,-9.091222E0,2.994392E1
2.933000E3,-9.101899E0,3.127983E1
2.934000E3,-9.112576E0,3.002839E1
2.935000E3,-9.123252E0,3.078351E1
2.936000E3,-9.133929E0,3.128686E1
2.937000E3,-9.144605E0,3.066146E1
2.938000E3,-9.155282E0,3.016250E1
2.939000E3,-9.165959E0,2.922993E1
2.940000E3,-9.176635E0,2.962374E1
2.941000E3,-9.187312E0,3.094267E1
2.942000E3,-9.197989E0,2.937024E1
2.943000E3,-9.208665E0,2.960518E1
2.944000E3,-9.219342E0,3.041035E1
2.945000E3,-9.230018E0,3.061635E1
2.946000E3,-9.240695E0,3.152049E1
2.947000E3,-9.251372E0,3.194373E1
2.948000E3,-9.262048E0,3.062698E1
2.949000E3,-9.272725E0,3.062036E1
2.950000E3,-9.283401E0,3.052857E1
2.951000E3,-9.294078E0,3.190061E1
2.952000E3,-9.304755E0,3.327327E1
2.953000E3,-9.315431E0,3.273688E1
2.954000E3,-9.326108E0,3.333692E1
2.955000E3,-9.336784E0,3.309301E1
2.956000E3,-9.347461E0,3.216268E1
2.957000E3,-9.358138E0,3.290941E1
2.958000E3,-9.368814E0,3.538958E1
2.959000E3,-9.379491E0,3.552388E1
2.960000E3,-9.390168E0,3.508253E1
2.961000E3,-9.400844E0,3.505578E1
2.962000E3,-9.411521E0,3.262536E1
2.963000E3,-9.422197E0,3.185379E1
2.964000E3,-9.432874E0,3.253735E1
2.965000E3,-9.443551E0,3.282279E1
2.966000E3,-9.454227E0,3.174658E1
2.967000E3,-9.464904E0,3.105876E1
2.968000E3,-9.475580E0,3.132706E1
2.969000E3,-9.486257E0,3.119577E1
2.970000E3,-9.496934E0,3.176933E1
2.971000E3,-9.507610E0,3.226350E1
2.972000E3,-9.518287E0,3.365051E1
2.973000E3,-9.528963E0,3.494730E1
2.974000E3,-9.539640E0,3.508443E1
2.975000E3,-9.550317E0,3.302780E1
2.976000E3,-9.560993E0,3.364137E1
2.977000E3,-9.571670E0,3.447969E1
2.978000E3,-9.582346E0,3.159809E1
2.979000E3,-9.593023E0,3.213129E1
2.980000E3,-9.603700E0,3.264284E1
2.981000E3,-9.614376E0,3.281842E1
2.982000E3,-9.625053E0,3.464051E1
2.983000E3,-9.635730E0,3.590749E1
2.984000E3,-9.646406E0,3.236682E1
2.985000E3,-9.657083E0,3.219197E1
2.986000E3,-9.667759E0,3.439840E1
2.987000E3,-9.678436E0,3.470044E1
2.988000E3,-9.689113E0,3.365568E1
2.989000E3,-9.699789E0,3.523511E1
2.990000E3,-9.710466E0,3.619555E1
2.991000E3,-9.721142E0,3.780825E1
2.992000E3,-9.731819E0,3.522724E1
2.993000E3,-9.742496E0,3.513629E1
2.994000E3,-9.753172E0,3.628277E1
2.995000E3,-9.763849E0,3.698337E1
2.996000E3,-9.774525E0,3.662681E1
2.997000E3,-9.785202E0,3.672687E1
2.998000E3,-9.795879E0,3.618472E1
2.999000E3,-9.806555E0,3.725270E1
3.000000E3,-9.817232E0,3.936637E1
3.001000E3,-9.827909E0,4.013649E1
3.002000E3,-9.838585E0,3.787888E1
3.003000E3,-9.849262E0,3.585339E1
3.004000E3,-9.859938E0,3.722980E1
3.005000E3,-9.870615E0,3.919763E1
3.006000E3,-9.881292E0,3.884817E1
3.007000E3,-9.891968E0,3.811368E1
3.008000E3,-9.902645E0,3.830367E1
3.009000E3,-9.913321E0,3.839886E1
3.010000E3,-9.923998E0,3.675752E1
3.011000E3,-9.934675E0,3.532030E1
3.012000E3,-9.945351E0,3.483693E1
3.013000E3,-9.956028E0,3.420789E1
3.014000E3,-9.966704E0,3.331674E1
3.015000E3,-9.977381E0,3.429374E1
3.016000E3,-9.988058E0,3.489891E1
3.017000E3,-9.998734E0,3.329853E1
3.018000E3,-1.000941E1,3.152534E1
3.019000E3,-1.002009E1,3.344693E1
3.020000E3,-1.003076E1,3.492852E1
3.021000E3,-1.004144E1,3.532233E1
3.022000E3,-1.005212E1,3.484283E1
3.023000E3,-1.006279E1,3.571015E1
3.024000E3,-1.007347E1,3.949728E1
3.025000E3,-1.008415E1,3.948291E1
3.026000E3,-1.009482E1,3.664929E1
3.027000E3,-1.010550E1,3.615995E1
3.028000E3,-1.011618E1,3.797517E1
3.029000E3,-1.012685E1,3.982398E1
3.030000E3,-1.013753E1,3.791599E1
3.031000E3,-1.014821E1,3.554778E1
3.032000E3,-1.015888E1,3.542080E1
3.033000E3,-1.016956E1,3.531803E1
3.034000E3,-1.018024E1,3.511766E1
3.035000E3,-1.019091E1,3.807084E1
3.036000E3,-1.020159E1,4.091354E1
3.037000E3,-1.021227E1,4.077456E1
3.038000E3,-1.022294E1,3.719527E1
3.039000E3,-1.023362E1,3.525288E1
3.040000E3,-1.024430E1,3.545771E1
3.041000E3,-1.025497E1,3.503449E1
3.042000E3,-1.026565E1,3.305821E1
3.043000E3,-1.027633E1,3.084864E1
3.044000E3,-1.028700E1,3.321556E1
3.045000E3,-1.029768E1,3.489797E1
3.046000E3,-1.030836E1,3.574509E1
3.047000E3,-1.031903E1,3.574268E1
3.048000E3,-1.032971E1,3.461939E1
3.049000E3,-1.034039E1,3.670827E1
3.050000E3,-1.035106E1,3.512780E1
3.051000E3,-1.036174E1,3.525554E1
3.052000E3,-1.037242E1,3.454438E1
3.053000E3,-1.038309E1,3.222937E1
3.054000E3,-1.039377E1,2.974126E1
3.055000E3,-1.040445E1,2.918658E1
3.056000E3,-1.041512E1,2.693769E1
3.057000E3,-1.042580E1,2.725549E1
3.058000E3,-1.043648E1,2.914909E1
3.059000E3,-1.044715E1,2.986009E1
3.060000E3,-1.045783E1,3.062499E1
3.061000E3,-1.046851E1,2.945674E1
3.062000E3,-1.047918E1,2.912707E1
3.063000E3,-1.048986E1,2.839690E1
3.064000E3,-1.050054E1,2.693989E1
3.065000E3,-1.051121E1,2.679727E1
3.066000E3,-1.052189E1,2.757320E1
3.067000E3,-1.053256E1,2.793985E1
3.068000E3,-1.054324E1,2.654556E1
3.069000E3,-1.055392E1,2.668310E1
3.070000E3,-1.056459E1,2.727197E1
3.071000E3,-1.057527E1,2.644202E1
3.072000E3,-1.058595E1,2.519927E1
3.073000E3,-1.059662E1,2.634134E1
3.074000E3,-1.060730E1,2.709757E1
3.075000E3,-1.061798E1,2.702357E1
3.076000E3,-1.062865E1,2.616757E1
3.077000E3,-1.063933E1,2.715122E1
3.078000E3,-1.065001E1,2.686049E1
3.079000E3,-1.066068E1,2.501859E1
3.080000E3,-1.067136E1,2.461919E1
3.081000E3,-1.068204E1,2.546451E1
3.082000E3,-1.069271E1,2.720596E1
3.083000E3,-1.070339E1,2.951292E1
3.084000E3,-1.071407E1,2.949705E1
3.085000E3,-1.072474E1,2.736895E1
3.086000E3,-1.073542E1,2.830000E1
3.087000E3,-1.074610E1,2.887970E1
3.088000E3,-1.075677E1,2.863207E1
3.089000E3,-1.076745E1,2.794968E1
3.090000E3,-1.077813E1,2.612797E1
3.091000E3,-1.078880E1,2.494692E1
3.092000E3,-1.079948E1,2.627469E1
3.093000E3,-1.081016E1,2.721306E1
3.094000E3,-1.082083E1,2.635769E1
3.095000E3,-1.083151E1,2.600425E1
3.096000E3,-1.084219E1,2.573495E1
3.097000E3,-1.085286E1,2.446911E1
3.098000E3,-1.086354E1,2.361308E1
3.099000E3,-1.087422E1,2.403996E1
3.100000E3,-1.088489E1,2.338676E1
3.101000E3,-1.089557E1,2.316614E1
3.102000E3,-1.090625E1,2.250308E1
3.103000E3,-1.091692E1,2.201267E1
3.104000E3,-1.092760E1,2.062330E1
3.105000E3,-1.093828E1,2.211421E1
3.106000E3,-1.094895E1,2.265910E1
3.107000E3,-1.095963E1,2.285030E1
3.108000E3,-1.097031E1,2.230861E1
3.109000E3,-1.098098E1,2.306007E1
3.110000E3,-1.099166E1,2.415265E1
3.111000E3,-1.100234E1,2.376798E1
3.112000E3,-1.101301E1,2.171742E1
3.113000E3,-1.102369E1,2.072142E1
3.114000E3,-1.103437E1,1.993161E1
3.115000E3,-1.104504E1,2.120531E1
3.116000E3,-1.105572E1,2.208816E1
3.117000E3,-1.106640E1,2.072433E1
3.118000E3,-1.107707E1,1.996553E1
3.119000E3,-1.108775E1,2.187200E1
3.120000E3,-1.109843E1,2.220095E1
3.121000E3,-1.110910E1,2.468391E1
3.122000E3,-1.111978E1,2.544596E1
3.123000E3,-1.113046E1,2.356227E1
3.124000E3,-1.114113E1,2.368415E1
3.125000E3,-1.115181E1,2.372791E1
3.126000E3,-1.116248E1,2.416683E1
3.127000E3,-1.117316E1,2.262228E1
3.128000E3,-1.118384E1,2.216305E1
3.129000E3,-1.119451E1,2.319660E1
3.130000E3,-1.120519E1,2.348959E1
3.131000E3,-1.121587E1,2.267328E1
3.132000E3,-1.122654E1,2.010427E1
3.133000E3,-1.123722E1,1.874087E1
3.134000E3,-1.124790E1,1.892240E1
3.135000E3,-1.125857E1,1.860963E1
3.136000E3,-1.126925E1,1.790883E1
3.137000E3,-1.127993E1,1.909840E1
3.138000E3,-1.129060E1,2.002413E1
3.139000E3,-1.130128E1,2.016417E1
3.140000E3,-1.131196E1,2.057188E1
3.141000E3,-1.132263E1,2.088041E1
3.142000E3,-1.133331E1,1.938094E1
3.143000E3,-1.134399E1,1.843121E1
3.144000E3,-1.135466E1,1.796762E1
3.145000E3,-1.136534E1,1.798147E1
3.146000E3,-1.137602E1,1.848299E1
3.147000E3,-1.138669E1,1.757438E1
3.148000E3,-1.139737E1,1.754139E1
3.149000E3,-1.140805E1,1.700108E1
3.150000E3,-1.141872E1,1.665583E1
3.151000E3,-1.142940E1,1.782826E1
3.152000E3,-1.144008E1,1.924089E1
3.153000E3,-1.145075E1,1.783904E1
3.154000E3,-1.146143E1,1.774407E1
3.155000E3,-1.147211E1,1.790611E1
3.156000E3,-1.148278E1,1.739678E1
3.157000E3,-1.149346E1,1.820234E1
3.158000E3,-1.150414E1,1.940513E1
3.159000E3,-1.151481E1,1.894513E1
3.160000E3,-1.152549E1,1.695683E1
3.161000E3,-1.153617E1,1.650411E1
3.162000E3,-1.154684E1,1.778362E1
3.163000E3,-1.155752E1,1.790923E1
3.164000E3,-1.156820E1,1.782699E1
3.165000E3,-1.157887E1,1.751350E1
3.166000E3,-1.158955E1,1.640529E1
3.167000E3,-1.160023E1,1.656655E1
3.168000E3,-1.161090E1,1.699578E1
3.169000E3,-1.162158E1,1.695141E1
3.170000E3,-1.163226E1,1.700684E1
3.171000E3,-1.164293E1,1.723271E1
3.172000E3,-1.165361E1,1.835400E1
3.173000E3,-1.166429E1,1.842494E1
3.174000E3,-1.167496E1,1.635017E1
3.175000E3,-1.168564E1,1.593090E1
3.176000E3,-1.169632E1,1.637420E1
3.177000E3,-1.170699E1,1.702788E1
3.178000E3,-1.171767E1,1.735530E1
3.179000E3,-1.172835E1,1.617782E1
3.180000E3,-1.173902E1,1.662003E1
3.181000E3,-1.174970E1,1.717825E1
3.182000E3,-1.176038E1,1.842831E1
3.183000E3,-1.177105E1,1.932178E1
3.184000E3,-1.178173E1,1.930007E1
3.185000E3,-1.179240E1,1.919312E1
3.186000E3,-1.180308E1,1.774542E1
3.187000E3,-1.181376E1,1.752215E1
3.188000E3,-1.182443E1,1.749821E1
3.189000E3,-1.183511E1,1.781276E1
3.190000E3,-1.184579E1,1.828643E1
3.191000E3,-1.185646E1,1.702183E1
3.192000E3,-1.186714E1,1.676769E1
3.193000E3,-1.187782E1,1.797188E1
3.194000E3,-1.188849E1,1.889954E1
3.195000E3,-1.189917E1,1.878425E1
3.196000E3,-1.190985E1,1.775956E1
3.197000E3,-1.192052E1,1.898561E1
3.198000E3,-1.193120E1,1.987263E1
3.199000E3,-1.194188E1,1.980704E1
3.200000E3,-1.195255E1,1.971977E1
3.201000E3,-1.196323E1,2.014607E1
3.202000E3,-1.197391E1,2.099388E1
3.203000E3,-1.198458E1,2.162949E1
3.204000E3,-1.199526E1,2.095875E1
3.205000E3,-1.200594E1,1.910411E1
3.206000E3,-1.201661E1,1.883406E1
3.207000E3,-1.202729E1,1.975266E1
3.208000E3,-1.203797E1,2.077754E1
3.209000E3,-1.204864E1,2.067819E1
3.210000E3,-1.205932E1,1.931041E1
3.211000E3,-1.207000E1,1.916626E1
3.212000E3,-1.208067E1,1.922700E1
3.213000E3,-1.209135E1,2.026338E1
3.214000E3,-1.210203E1,2.014439E1
3.215000E3,-1.211270E1,2.059301E1
3.216000E3,-1.212338E1,2.045625E1
3.217000E3,-1.213406E1,2.010631E1
3.218000E3,-1.214473E1,1.901856E1
3.219000E3,-1.215541E1,1.880531E1
3.220000E3,-1.216609E1,1.968880E1
3.221000E3,-1.217676E1,2.057602E1
3.222000E3,-1.218744E1,2.082796E1
3.223000E3,-1.219812E1,2.097146E1
3.224000E3,-1.220879E1,2.047458E1
3.225000E3,-1.221947E1,2.055298E1
3.226000E3,-1.223015E1,2.102906E1
3.227000E3,-1.224082E1,2.232529E1
3.228000E3,-1.225150E1,2.435020E1
3.229000E3,-1.226218E1,2.375249E1
3.230000E3,-1.227285E1,2.065844E1
3.231000E3,-1.228353E1,1.851605E1
3.232000E3,-1.229421E1,2.102674E1
3.233000E3,-1.230488E1,2.231067E1
3.234000E3,-1.231556E1,2.186030E1
3.235000E3,-1.232624E1,2.399802E1
3.236000E3,-1.233691E1,2.482383E1
3.237000E3,-1.234759E1,2.254005E1
3.238000E3,-1.235827E1,2.281344E1
3.239000E3,-1.236894E1,2.258484E1
3.240000E3,-1.237962E1,2.177477E1
3.241000E3,-1.239030E1,2.209846E1
3.242000E3,-1.240097E1,2.329664E1
3.243000E3,-1.241165E1,2.312426E1
3.244000E3,-1.242233E1,2.101637E1
3.245000E3,-1.243300E1,2.146928E1
3.246000E3,-1.244368E1,2.106556E1
3.247000E3,-1.245435E1,1.988740E1
3.248000E3,-1.246503E1,1.935805E1
3.249000E3,-1.247571E1,1.875171E1
3.250000E3,-1.248638E1,2.079623E1
3.251000E3,-1.249706E1,2.154550E1
3.252000E3,-1.250774E1,2.187391E1
3.253000E3,-1.251841E1,2.142161E1
3.254000E3,-1.252909E1,1.961509E1
3.255000E3,-1.253977E1,1.894117E1
3.256000E3,-1.255044E1,2.055235E1
3.257000E3,-1.256112E1,2.380328E1
3.258000E3,-1.257180E1,2.396307E1
3.259000E3,-1.258247E1,2.325142E1
3.260000E3,-1.259315E1,2.356631E1
3.261000E3,-1.260383E1,2.346213E1
3.262000E3,-1.261450E1,2.267091E1
3.263000E3,-1.262518E1,2.248283E1
3.264000E3,-1.263586E1,2.155679E1
3.265000E3,-1.264653E1,2.101106E1
3.266000E3,-1.265721E1,1.996739E1
3.267000E3,-1.266789E1,2.071609E1
3.268000E3,-1.267856E1,2.377122E1
3.269000E3,-1.268924E1,2.298150E1
3.270000E3,-1.269992E1,2.304601E1
3.271000E3,-1.271059E1,2.425215E1
3.272000E3,-1.272127E1,2.324062E1
3.273000E3,-1.273195E1,2.112168E1
3.274000E3,-1.274262E1,2.161823E1
3.275000E3,-1.275330E1,2.297597E1
3.276000E3,-1.276398E1,2.013516E1
3.277000E3,-1.277465E1,2.058916E1
3.278000E3,-1.278533E1,2.309127E1
3.279000E3,-1.279601E1,2.463231E1
3.280000E3,-1.280668E1,2.292446E1
3.281000E3,-1.281736E1,2.235028E1
3.282000E3,-1.282804E1,2.347881E1
3.283000E3,-1.283871E1,2.338086E1
3.284000E3,-1.284939E1,2.191251E1
3.285000E3,-1.286007E1,2.068448E1
3.286000E3,-1.287074E1,1.966654E1
3.287000E3,-1.288142E1,1.878417E1
3.288000E3,-1.289210E1,1.972959E1
3.289000E3,-1.290277E1,2.109933E1
3.290000E3,-1.291345E1,2.094004E1
3.291000E3,-1.292413E1,2.041582E1
3.292000E3,-1.293480E1,2.019711E1
3.293000E3,-1.294548E1,2.055678E1
3.294000E3,-1.295616E1,2.046491E1
3.295000E3,-1.296683E1,2.081854E1
3.296000E3,-1.297751E1,2.174529E1
3.297000E3,-1.298819E1,2.278333E1
3.298000E3,-1.299886E1,2.160618E1
3.299000E3,-1.300954E1,2.158019E1
3.300000E3,-1.302022E1,2.275980E1
3.301000E3,-1.303089E1,2.118733E1
3.302000E3,-1.304157E1,2.199329E1
3.303000E3,-1.305225E1,2.235417E1
3.304000E3,-1.306292E1,2.092038E1
3.305000E3,-1.307360E1,1.947185E1
3.306000E3,-1.308427E1,1.947664E1
3.307000E3,-1.309495E1,1.997555E1
3.308000E3,-1.310563E1,2.073894E1
3.309000E3,-1.311630E1,2.121932E1
3.310000E3,-1.312698E1,2.189412E1
3.311000E3,-1.313766E1,2.334830E1
3.312000E3,-1.314833E1,2.436859E1
3.313000E3,-1.315901E1,2.352933E1
3.314000E3,-1.316969E1,2.299882E1
3.315000E3,-1.318036E1,2.283649E1
3.316000E3,-1.319104E1,2.275286E1
3.317000E3,-1.320172E1,2.495195E1
3.318000E3,-1.321239E1,2.219088E1
3.319000E3,-1.322307E1,2.133326E1
3.320000E3,-1.323375E1,2.277553E1
3.321000E3,-1.324442E1,2.329743E1
3.322000E3,-1.325510E1,2.390910E1
3.323000E3,-1.326578E1,2.404233E1
3.324000E3,-1.327645E1,2.347762E1
3.325000E3,-1.328713E1,2.337147E1
3.326000E3,-1.329781E1,2.397119E1
3.327000E3,-1.330848E1,2.428014E1
3.328000E3,-1.331916E1,2.417867E1
3.329000E3,-1.332984E1,2.358230E1
3.330000E3,-1.334051E1,2.301100E1
3.331000E3,-1.335119E1,2.258372E1
3.332000E3,-1.336187E1,2.315809E1
3.333000E3,-1.337254E1,2.519954E1
3.334000E3,-1.338322E1,2.399444E1
3.335000E3,-1.339390E1,2.233045E1
3.336000E3,-1.340457E1,2.300250E1
3.337000E3,-1.341525E1,2.216208E1
3.338000E3,-1.342593E1,2.083817E1
3.339000E3,-1.343660E1,2.104386E1
3.340000E3,-1.344728E1,2.055520E1
3.341000E3,-1.345796E1,2.339565E1
3.342000E3,-1.346863E1,2.276261E1
3.343000E3,-1.347931E1,2.178238E1
3.344000E3,-1.348999E1,2.119722E1
3.345000E3,-1.350066E1,2.011193E1
3.346000E3,-1.351134E1,1.900295E1
3.347000E3,-1.352202E1,1.988672E1
3.348000E3,-1.353269E1,1.840379E1
3.349000E3,-1.354337E1,1.623630E1
3.350000E3,-1.355405E1,1.631547E1
3.351000E3,-1.356472E1,1.690731E1
3.352000E3,-1.357540E1,1.767021E1
3.353000E3,-1.358608E1,1.784371E1
3.354000E3,-1.359675E1,1.863338E1
3.355000E3,-1.360743E1,1.709397E1
3.356000E3,-1.361811E1,1.716254E1
3.357000E3,-1.362878E1,1.663620E1
3.358000E3,-1.363946E1,1.807953E1
3.359000E3,-1.365014E1,1.929954E1
3.360000E3,-1.366081E1,1.830048E1
3.361000E3,-1.367149E1,1.567454E1
3.362000E3,-1.368217E1,1.643704E1
3.363000E3,-1.369284E1,1.679013E1
3.364000E3,-1.370352E1,1.666127E1
3.365000E3,-1.371419E1,1.719412E1
3.366000E3,-1.372487E1,1.448526E1
3.367000E3,-1.373555E1,1.400477E1
3.368000E3,-1.374622E1,1.740341E1
3.369000E3,-1.375690E1,1.786222E1
3.370000E3,-1.376758E1,1.511295E1
3.371000E3,-1.377825E1,1.510686E1
3.372000E3,-1.378893E1,1.602893E1
3.373000E3,-1.379961E1,1.509793E1
3.374000E3,-1.381028E1,1.416545E1
3.375000E3,-1.382096E1,1.358887E1
3.376000E3,-1.383164E1,1.417988E1
3.377000E3,-1.384231E1,1.499995E1
3.378000E3,-1.385299E1,1.641500E1
3.379000E3,-1.386367E1,1.600079E1
3.380000E3,-1.387434E1,1.619463E1
3.381000E3,-1.388502E1,1.631698E1
3.382000E3,-1.389570E1,1.460261E1
3.383000E3,-1.390637E1,1.583707E1
3.384000E3,-1.391705E1,1.613266E1
3.385000E3,-1.392773E1,1.743466E1
3.386000E3,-1.393840E1,1.534932E1
3.387000E3,-1.394908E1,1.257360E1
3.388000E3,-1.395976E1,1.402565E1
3.389000E3,-1.397043E1,1.663118E1
3.390000E3,-1.398111E1,1.723484E1
3.391000E3,-1.399179E1,1.694959E1
3.392000E3,-1.400246E1,1.625936E1
3.393000E3,-1.401314E1,1.481356E1
3.394000E3,-1.402382E1,1.329100E1
3.395000E3,-1.403449E1,1.281407E1
3.396000E3,-1.404517E1,1.215988E1
3.397000E3,-1.405585E1,1.219992E1
3.398000E3,-1.406652E1,1.343929E1
3.399000E3,-1.407720E1,1.373525E1
3.400000E3,-1.408788E1,1.246131E1
3.401000E3,-1.409855E1,1.216156E1
3.402000E3,-1.410923E1,1.214553E1
3.403000E3,-1.411991E1,1.237153E1
3.404000E3,-1.413058E1,1.305410E1
3.405000E3,-1.414126E1,1.353119E1
3.406000E3,-1.415194E1,1.376991E1
3.407000E3,-1.416261E1,1.227238E1
3.408000E3,-1.417329E1,1.284431E1
3.409000E3,-1.418397E1,1.393981E1
3.410000E3,-1.419464E1,1.311853E1
3.411000E3,-1.420532E1,1.243186E1
3.412000E3,-1.421600E1,1.110007E1
3.413000E3,-1.422667E1,1.019627E1
3.414000E3,-1.423735E1,1.156012E1
3.415000E3,-1.424803E1,1.142984E1
3.416000E3,-1.425870E1,1.240664E1
3.417000E3,-1.426938E1,1.469832E1
3.418000E3,-1.428006E1,1.283143E1
3.419000E3,-1.429073E1,1.295435E1
3.420000E3,-1.430141E1,1.422069E1
3.421000E3,-1.431209E1,1.509787E1
3.422000E3,-1.432276E1,1.422634E1
3.423000E3,-1.433344E1,1.271879E1
3.424000E3,-1.434411E1,1.257145E1
3.425000E3,-1.435479E1,1.167758E1
3.426000E3,-1.436547E1,1.191224E1
3.427000E3,-1.437614E1,1.231883E1
3.428000E3,-1.438682E1,1.216643E1
3.429000E3,-1.439750E1,1.165111E1
3.430000E3,-1.440817E1,1.151325E1
3.431000E3,-1.441885E1,1.192221E1
3.432000E3,-1.442953E1,1.171739E1
3.433000E3,-1.444020E1,1.074959E1
3.434000E3,-1.445088E1,1.089674E1
3.435000E3,-1.446156E1,1.095469E1
3.436000E3,-1.447223E1,1.342872E1
3.437000E3,-1.448291E1,1.438704E1
3.438000E3,-1.449359E1,1.324827E1
3.439000E3,-1.450426E1,1.175638E1
3.440000E3,-1.451494E1,1.193408E1
3.441000E3,-1.452562E1,1.308467E1
3.442000E3,-1.453629E1,1.457813E1
3.443000E3,-1.454697E1,1.339543E1
3.444000E3,-1.455765E1,1.320684E1
3.445000E3,-1.456832E1,1.420433E1
3.446000E3,-1.457900E1,1.369193E1
3.447000E3,-1.458968E1,1.249308E1
3.448000E3,-1.460035E1,1.078350E1
3.449000E3,-1.461103E1,1.144992E1
3.450000E3,-1.462171E1,1.339461E1
3.451000E3,-1.463238E1,1.412363E1
3.452000E3,-1.464306E1,1.453217E1
3.453000E3,-1.465374E1,1.555951E1
3.454000E3,-1.466441E1,1.561451E1
3.455000E3,-1.467509E1,1.549945E1
3.456000E3,-1.468577E1,1.400000E1
3.457000E3,-1.469644E1,1.345729E1
3.458000E3,-1.470712E1,1.642152E1
3.459000E3,-1.471780E1,1.704922E1
3.460000E3,-1.472847E1,1.517922E1
3.461000E3,-1.473915E1,1.468029E1
3.462000E3,-1.474983E1,1.589037E1
3.463000E3,-1.476050E1,1.556832E1
3.464000E3,-1.477118E1,1.355442E1
3.465000E3,-1.478186E1,1.309588E1
3.466000E3,-1.479253E1,1.334325E1
3.467000E3,-1.480321E1,1.409465E1
3.468000E3,-1.481389E1,1.815682E1
3.469000E3,-1.482456E1,1.638511E1
3.470000E3,-1.483524E1,1.568230E1
3.471000E3,-1.484592E1,1.502243E1
3.472000E3,-1.485659E1,1.318056E1
3.473000E3,-1.486727E1,1.403910E1
3.474000E3,-1.487795E1,1.402813E1
3.475000E3,-1.488862E1,1.352987E1
3.476000E3,-1.489930E1,1.458305E1
3.477000E3,-1.490998E1,1.494587E1
3.478000E3,-1.492065E1,1.618647E1
3.479000E3,-1.493133E1,1.593925E1
3.480000E3,-1.494201E1,1.623265E1
3.481000E3,-1.495268E1,1.571094E1
3.482000E3,-1.496336E1,1.458317E1
3.483000E3,-1.497404E1,1.488996E1
3.484000E3,-1.498471E1,1.577404E1
3.485000E3,-1.499539E1,1.441780E1
3.486000E3,-1.500606E1,1.388594E1
3.487000E3,-1.501674E1,1.617636E1
3.488000E3,-1.502742E1,1.595508E1
3.489000E3,-1.503809E1,1.547818E1
3.490000E3,-1.504877E1,1.515696E1
3.491000E3,-1.505945E1,1.444886E1
3.492000E3,-1.507012E1,1.548981E1
3.493000E3,-1.508080E1,1.681792E1
3.494000E3,-1.509148E1,1.784377E1
3.495000E3,-1.510215E1,1.859336E1
3.496000E3,-1.511283E1,1.836171E1
3.497000E3,-1.512351E1,1.750733E1
3.498000E3,-1.513418E1,1.734477E1
3.499000E3,-1.514486E1,1.612841E1
3.500000E3,-1.515554E1,1.692965E1
3.501000E3,-1.516621E1,1.843812E1
3.502000E3,-1.517689E1,1.832155E1
3.503000E3,-1.518757E1,1.782285E1
3.504000E3,-1.519824E1,1.479103E1
3.505000E3,-1.520892E1,1.512585E1
3.506000E3,-1.521960E1,1.647420E1
3.507000E3,-1.523027E1,1.581778E1
3.508000E3,-1.524095E1,1.526328E1
3.509000E3,-1.525163E1,1.557050E1
3.510000E3,-1.526230E1,1.663676E1
3.511000E3,-1.527298E1,1.620453E1
3.512000E3,-1.528366E1,1.589065E1
3.513000E3,-1.529433E1,1.763899E1
3.514000E3,-1.530501E1,1.781435E1
3.515000E3,-1.531569E1,1.809735E1
3.516000E3,-1.532636E1,1.770502E1
3.517000E3,-1.533704E1,1.747017E1
3.518000E3,-1.534772E1,1.695767E1
3.519000E3,-1.535839E1,1.579595E1
3.520000E3,-1.536907E1,1.600183E1
3.521000E3,-1.537975E1,1.686205E1
3.522000E3,-1.539042E1,1.761233E1
3.523000E3,-1.540110E1,1.813175E1
3.524000E3,-1.541178E1,1.791219E1
3.525000E3,-1.542245E1,1.913044E1
3.526000E3,-1.543313E1,1.965510E1
3.527000E3,-1.544381E1,1.943483E1
3.528000E3,-1.545448E1,1.625163E1
3.529000E3,-1.546516E1,1.377341E1
3.530000E3,-1.547584E1,1.503118E1
3.531000E3,-1.548651E1,1.536214E1
3.532000E3,-1.549719E1,1.799069E1
3.533000E3,-1.550787E1,1.630348E1
3.534000E3,-1.551854E1,1.596413E1
3.535000E3,-1.552922E1,1.672708E1
3.536000E3,-1.553990E1,1.608054E1
3.537000E3,-1.555057E1,1.665099E1
3.538000E3,-1.556125E1,1.706417E1
3.539000E3,-1.557193E1,1.725013E1
3.540000E3,-1.558260E1,1.719761E1
3.541000E3,-1.559328E1,1.707095E1
3.542000E3,-1.560396E1,1.799631E1
3.543000E3,-1.561463E1,1.735647E1
3.544000E3,-1.562531E1,1.762580E1
3.545000E3,-1.563598E1,1.695740E1
3.546000E3,-1.564666E1,1.492941E1
3.547000E3,-1.565734E1,1.536743E1
3.548000E3,-1.566801E1,1.702187E1
3.549000E3,-1.567869E1,1.818360E1
3.550000E3,-1.568937E1,1.945663E1
3.551000E3,-1.570004E1,1.859491E1
3.552000E3,-1.571072E1,1.783815E1
3.553000E3,-1.572140E1,1.891780E1
3.554000E3,-1.573207E1,1.926942E1
3.555000E3,-1.574275E1,1.905350E1
3.556000E3,-1.575343E1,1.905063E1
3.557000E3,-1.576410E1,1.835245E1
3.558000E3,-1.577478E1,1.769752E1
3.559000E3,-1.578546E1,1.987133E1
3.560000E3,-1.579613E1,2.072975E1
3.561000E3,-1.580681E1,1.893515E1
3.562000E3,-1.581749E1,1.723578E1
3.563000E3,-1.582816E1,1.709322E1
3.564000E3,-1.583884E1,1.892975E1
3.565000E3,-1.584952E1,1.833763E1
3.566000E3,-1.586019E1,1.816034E1
3.567000E3,-1.587087E1,1.872133E1
3.568000E3,-1.588155E1,1.694231E1
3.569000E3,-1.589222E1,1.489440E1
3.570000E3,-1.590290E1,1.834841E1
3.571000E3,-1.591358E1,2.004952E1
3.572000E3,-1.592425E1,1.870614E1
3.573000E3,-1.593493E1,1.773625E1
3.574000E3,-1.594561E1,1.762603E1
3.575000E3,-1.595628E1,1.675767E1
3.576000E3,-1.596696E1,1.649833E1
3.577000E3,-1.597764E1,1.697145E1
3.578000E3,-1.598831E1,1.701472E1
3.579000E3,-1.599899E1,1.595594E1
3.580000E3,-1.600967E1,1.693076E1
3.581000E3,-1.602034E1,1.829329E1
3.582000E3,-1.603102E1,1.513821E1
3.583000E3,-1.604170E1,1.578905E1
3.584000E3,-1.605237E1,1.510579E1
3.585000E3,-1.606305E1,1.412745E1
3.586000E3,-1.607373E1,1.486797E1
3.587000E3,-1.608440E1,1.609818E1
3.588000E3,-1.609508E1,1.733885E1
3.589000E3,-1.610576E1,1.738816E1
3.590000E3,-1.611643E1,1.611535E1
3.591000E3,-1.612711E1,1.459919E1
3.592000E3,-1.613779E1,1.444822E1
3.593000E3,-1.614846E1,1.672902E1
3.594000E3,-1.615914E1,1.734682E1
3.595000E3,-1.616982E1,1.798505E1
3.596000E3,-1.618049E1,1.800921E1
3.597000E3,-1.619117E1,1.703926E1
3.598000E3,-1.620185E1,1.691334E1
3.599000E3,-1.621252E1,1.879454E1
3.600000E3,-1.622320E1,1.689389E1
3.601000E3,-1.623388E1,1.660915E1
3.602000E3,-1.624455E1,1.651828E1
3.603000E3,-1.625523E1,1.598675E1
3.604000E3,-1.626590E1,1.680996E1
3.605000E3,-1.627658E1,1.783364E1
3.606000E3,-1.628726E1,1.782489E1
3.607000E3,-1.629793E1,1.694364E1
3.608000E3,-1.630861E1,1.851790E1
3.609000E3,-1.631929E1,1.892502E1
3.610000E3,-1.632996E1,1.730869E1
3.611000E3,-1.634064E1,1.700312E1
3.612000E3,-1.635132E1,1.607809E1
3.613000E3,-1.636199E1,1.470587E1
3.614000E3,-1.637267E1,1.494739E1
3.615000E3,-1.638335E1,1.550939E1
3.616000E3,-1.639402E1,1.600303E1
3.617000E3,-1.640470E1,1.525399E1
3.618000E3,-1.641538E1,1.351969E1
3.619000E3,-1.642605E1,1.589308E1
3.620000E3,-1.643673E1,1.670091E1
3.621000E3,-1.644741E1,1.492649E1
3.622000E3,-1.645808E1,1.313672E1
3.623000E3,-1.646876E1,1.190978E1
3.624000E3,-1.647944E1,1.408446E1
3.625000E3,-1.649011E1,1.518063E1
3.626000E3,-1.650079E1,1.535557E1
3.627000E3,-1.651147E1,1.414711E1
3.628000E3,-1.652214E1,1.352474E1
3.629000E3,-1.653282E1,1.315050E1
3.630000E3,-1.654350E1,1.348447E1
3.631000E3,-1.655417E1,1.401669E1
3.632000E3,-1.656485E1,1.345566E1
3.633000E3,-1.657553E1,1.390289E1
3.634000E3,-1.658620E1,1.398949E1
3.635000E3,-1.659688E1,1.279434E1
3.636000E3,-1.660756E1,1.385981E1
3.637000E3,-1.661823E1,1.365425E1
3.638000E3,-1.662891E1,1.182912E1
3.639000E3,-1.663959E1,1.235493E1
3.640000E3,-1.665026E1,1.381255E1
3.641000E3,-1.666094E1,1.314152E1
3.642000E3,-1.667162E1,1.219961E1
3.643000E3,-1.668229E1,1.582532E1
3.644000E3,-1.669297E1,1.573290E1
3.645000E3,-1.670365E1,1.426689E1
3.646000E3,-1.671432E1,1.359783E1
3.647000E3,-1.672500E1,1.401961E1
3.648000E3,-1.673568E1,1.409176E1
3.649000E3,-1.674635E1,1.277733E1
3.650000E3,-1.675703E1,1.111753E1
3.651000E3,-1.676771E1,1.161547E1
3.652000E3,-1.677838E1,1.211310E1
3.653000E3,-1.678906E1,1.322246E1
3.654000E3,-1.679974E1,1.586052E1
3.655000E3,-1.681041E1,1.571430E1
3.656000E3,-1.682109E1,1.364016E1
3.657000E3,-1.683177E1,1.288528E1
3.658000E3,-1.684244E1,1.246489E1
3.659000E3,-1.685312E1,1.161136E1
3.660000E3,-1.686380E1,1.282316E1
3.661000E3,-1.687447E1,1.238347E1
3.662000E3,-1.688515E1,1.584248E1
3.663000E3,-1.689582E1,1.441226E1
3.664000E3,-1.690650E1,1.317132E1
3.665000E3,-1.691718E1,1.273092E1
3.666000E3,-1.692785E1,1.136005E1
3.667000E3,-1.693853E1,1.099549E1
3.668000E3,-1.694921E1,1.240353E1
3.669000E3,-1.695988E1,1.179510E1
3.670000E3,-1.697056E1,1.100200E1
3.671000E3,-1.698124E1,1.098638E1
3.672000E3,-1.699191E1,1.226081E1
3.673000E3,-1.700259E1,1.245125E1
3.674000E3,-1.701327E1,1.159071E1
3.675000E3,-1.702394E1,1.196027E1
3.676000E3,-1.703462E1,1.191751E1
3.677000E3,-1.704530E1,1.250022E1
3.678000E3,-1.705597E1,1.154100E1
3.679000E3,-1.706665E1,1.179414E1
3.680000E3,-1.707733E1,1.218061E1
3.681000E3,-1.708800E1,9.684858E0
3.682000E3,-1.709868E1,1.018978E1
3.683000E3,-1.710936E1,1.149791E1
3.684000E3,-1.712003E1,1.142871E1
3.685000E3,-1.713071E1,1.068217E1
3.686000E3,-1.714139E1,9.559024E0
3.687000E3,-1.715206E1,9.649702E0
3.688000E3,-1.716274E1,9.665824E0
3.689000E3,-1.717342E1,1.001516E1
3.690000E3,-1.718409E1,1.125511E1
3.691000E3,-1.719477E1,1.074012E1
3.692000E3,-1.720545E1,1.168559E1
3.693000E3,-1.721612E1,9.969351E0
3.694000E3,-1.722680E1,7.935226E0
3.695000E3,-1.723748E1,8.682574E0
3.696000E3,-1.724815E1,9.729702E0
3.697000E3,-1.725883E1,9.568096E0
3.698000E3,-1.726951E1,8.726208E0
3.699000E3,-1.728018E1,9.680261E0
3.700000E3,-1.729086E1,1.081008E1
3.701000E3,-1.730154E1,9.367804E0
3.702000E3,-1.731221E1,8.868390E0
3.703000E3,-1.732289E1,1.026245E1
3.704000E3,-1.733357E1,9.689993E0
3.705000E3,-1.734424E1,9.557022E0
3.706000E3,-1.735492E1,8.824470E0
3.707000E3,-1.736560E1,9.153633E0
3.708000E3,-1.737627E1,1.077752E1
3.709000E3,-1.738695E1,1.126627E1
3.710000E3,-1.739763E1,1.086110E1
3.711000E3,-1.740830E1,9.437203E0
3.712000E3,-1.741898E1,8.776464E0
3.713000E3,-1.742966E1,8.316528E0
3.714000E3,-1.744033E1,7.594578E0
3.715000E3,-1.745101E1,7.897443E0
3.716000E3,-1.746169E1,9.360186E0
3.717000E3,-1.747236E1,8.588888E0
3.718000E3,-1.748304E1,8.204014E0
3.719000E3,-1.749372E1,7.993485E0
3.720000E3,-1.750439E1,9.006489E0
3.721000E3,-1.751507E1,9.555076E0
3.722000E3,-1.752575E1,8.310137E0
3.723000E3,-1.753642E1,9.671301E0
3.724000E3,-1.754710E1,9.431980E0
3.725000E3,-1.755777E1,9.052846E0
3.726000E3,-1.756845E1,9.380305E0
3.727000E3,-1.757913E1,9.690713E0
3.728000E3,-1.758980E1,9.806459E0
3.729000E3,-1.760048E1,9.540393E0
3.730000E3,-1.761116E1,8.880415E0
3.731000E3,-1.762183E1,9.378762E0
3.732000E3,-1.763251E1,9.895768E0
3.733000E3,-1.764319E1,1.000706E1
3.734000E3,-1.765386E1,9.394194E0
3.735000E3,-1.766454E1,9.165318E0
3.736000E3,-1.767522E1,9.483547E0
3.737000E3,-1.768589E1,8.321807E0
3.738000E3,-1.769657E1,8.341903E0
3.739000E3,-1.770725E1,6.706615E0
3.740000E3,-1.771792E1,8.134493E0
3.741000E3,-1.772860E1,8.885123E0
3.742000E3,-1.773928E1,8.295722E0
3.743000E3,-1.774995E1,8.762309E0
3.744000E3,-1.776063E1,8.242563E0
3.745000E3,-1.777131E1,8.295344E0
3.746000E3,-1.778198E1,9.080524E0
3.747000E3,-1.779266E1,9.042518E0
3.748000E3,-1.780334E1,9.713759E0
3.749000E3,-1.781401E1,9.191873E0
3.750000E3,-1.782469E1,7.930929E0
3.751000E3,-1.783537E1,9.793894E0
3.752000E3,-1.784604E1,1.140596E1
3.753000E3,-1.785672E1,9.930836E0
3.754000E3,-1.786740E1,8.489968E0
3.755000E3,-1.787807E1,7.631319E0
3.756000E3,-1.788875E1,9.524071E0
3.757000E3,-1.789943E1,1.042993E1
3.758000E3,-1.791010E1,1.043474E1
3.759000E3,-1.792078E1,1.028423E1
3.760000E3,-1.793146E1,9.920778E0
3.761000E3,-1.794213E1,8.985612E0
3.762000E3,-1.795281E1,8.252601E0
3.763000E3,-1.796349E1,8.710019E0
3.764000E3,-1.797416E1,8.064385E0
3.765000E3,-1.798484E1,8.914313E0
3.766000E3,-1.799552E1,8.595340E0
3.767000E3,-1.800619E1,8.984908E0
3.768000E3,-1.801687E1,1.012541E1
3.769000E3,-1.802755E1,1.042690E1
3.770000E3,-1.803822E1,1.034849E1
3.771000E3,-1.804890E1,1.029132E1
3.772000E3,-1.805958E1,9.366176E0
3.773000E3,-1.807025E1,7.829100E0
3.774000E3,-1.808093E1,9.429577E0
3.775000E3,-1.809161E1,1.033570E1
3.776000E3,-1.810228E1,8.501226E0
3.777000E3,-1.811296E1,8.713454E0
3.778000E3,-1.812364E1,8.680464E0
3.779000E3,-1.813431E1,9.477843E0
3.780000E3,-1.814499E1,1.017469E1
3.781000E3,-1.815567E1,9.615070E0
3.782000E3,-1.816634E1,9.723412E0
3.783000E3,-1.817702E1,9.998690E0
3.784000E3,-1.818769E1,1.146365E1
3.785000E3,-1.819837E1,1.092013E1
3.786000E3,-1.820905E1,8.426200E0
3.787000E3,-1.821972E1,1.067594E1
3.788000E3,-1.823040E1,1.090908E1
3.789000E3,-1.824108E1,1.078873E1
3.790000E3,-1.825175E1,1.101439E1
3.791000E3,-1.826243E1,1.245809E1
3.792000E3,-1.827311E1,9.917566E0
3.793000E3,-1.828378E1,9.472480E0
3.794000E3,-1.829446E1,9.087610E0
3.795000E3,-1.830514E1,1.036083E1
3.796000E3,-1.831581E1,9.817340E0
3.797000E3,-1.832649E1,9.671277E0
3.798000E3,-1.833717E1,1.034919E1
3.799000E3,-1.834784E1,8.385035E0
3.800000E3,-1.835852E1,8.606696E0
3.801000E3,-1.836920E1,9.883231E0
3.802000E3,-1.837987E1,1.126875E1
3.803000E3,-1.839055E1,1.118250E1
3.804000E3,-1.840123E1,8.800860E0
3.805000E3,-1.841190E1,8.945484E0
3.806000E3,-1.842258E1,8.455375E0
3.807000E3,-1.843326E1,7.742795E0
3.808000E3,-1.844393E1,7.509540E0
3.809000E3,-1.845461E1,9.132581E0
3.810000E3,-1.846529E1,1.158442E1
3.811000E3,-1.847596E1,9.779557E0
3.812000E3,-1.848664E1,9.017399E0
3.813000E3,-1.849732E1,7.553608E0
3.814000E3,-1.850799E1,7.304741E0
3.815000E3,-1.851867E1,8.187053E0
3.816000E3,-1.852935E1,7.490107E0
3.817000E3,-1.854002E1,7.450631E0
3.818000E3,-1.855070E1,9.066704E0
3.819000E3,-1.856138E1,9.946349E0
3.820000E3,-1.857205E1,1.082278E1
3.821000E3,-1.858273E1,1.015372E1
3.822000E3,-1.859341E1,1.024442E1
3.823000E3,-1.860408E1,9.083260E0
3.824000E3,-1.861476E1,9.218030E0
3.825000E3,-1.862544E1,9.411509E0
3.826000E3,-1.863611E1,8.437679E0
3.827000E3,-1.864679E1,8.278695E0
3.828000E3,-1.865747E1,9.528979E0
3.829000E3,-1.866814E1,1.028842E1
3.830000E3,-1.867882E1,1.094755E1
3.831000E3,-1.868950E1,1.236106E1
3.832000E3,-1.870017E1,1.203147E1
3.833000E3,-1.871085E1,1.014225E1
3.834000E3,-1.872153E1,9.443965E0
3.835000E3,-1.873220E1,9.537058E0
3.836000E3,-1.874288E1,1.033694E1
3.837000E3,-1.875356E1,1.026910E1
3.838000E3,-1.876423E1,7.839534E0
3.839000E3,-1.877491E1,8.767328E0
3.840000E3,-1.878559E1,9.789488E0
3.841000E3,-1.879626E1,8.997810E0
3.842000E3,-1.880694E1,8.792064E0
3.843000E3,-1.881761E1,8.174114E0
3.844000E3,-1.882829E1,8.333520E0
3.845000E3,-1.883897E1,1.021716E1
3.846000E3,-1.884964E1,9.846181E0
3.847000E3,-1.886032E1,8.500022E0
3.848000E3,-1.887100E1,7.611853E0
3.849000E3,-1.888167E1,7.816033E0
3.850000E3,-1.889235E1,9.476196E0
3.851000E3,-1.890303E1,9.721858E0
3.852000E3,-1.891370E1,1.108927E1
3.853000E3,-1.892438E1,9.325898E0
3.854000E3,-1.893506E1,9.334804E0
3.855000E3,-1.894573E1,9.433764E0
3.856000E3,-1.895641E1,1.060106E1
3.857000E3,-1.896709E1,9.958561E0
3.858000E3,-1.897776E1,1.008604E1
3.859000E3,-1.898844E1,9.112650E0
3.860000E3,-1.899912E1,9.375130E0
3.861000E3,-1.900979E1,7.142529E0
3.862000E3,-1.902047E1,8.254802E0
3.863000E3,-1.903115E1,9.522372E0
3.864000E3,-1.904182E1,9.419114E0
3.865000E3,-1.905250E1,9.618437E0
3.866000E3,-1.906318E1,1.029350E1
3.867000E3,-1.907385E1,1.011780E1
3.868000E3,-1.908453E1,9.211202E0
3.869000E3,-1.909521E1,8.788531E0
3.870000E3,-1.910588E1,8.586973E0
3.871000E3,-1.911656E1,8.633343E0
3.872000E3,-1.912724E1,8.596499E0
3.873000E3,-1.913791E1,8.112770E0
3.874000E3,-1.914859E1,7.087275E0
3.875000E3,-1.915927E1,8.146171E0
3.876000E3,-1.916994E1,7.727253E0
3.877000E3,-1.918062E1,9.074503E0
3.878000E3,-1.919130E1,9.609329E0
3.879000E3,-1.920197E1,9.308543E0
3.880000E3,-1.921265E1,8.523723E0
3.881000E3,-1.922333E1,7.846152E0
3.882000E3,-1.923400E1,8.053518E0
3.883000E3,-1.924468E1,8.172549E0
3.884000E3,-1.925536E1,7.736313E0
3.885000E3,-1.926603E1,7.712432E0
3.886000E3,-1.927671E1,7.534099E0
3.887000E3,-1.928739E1,7.741784E0
3.888000E3,-1.929806E1,9.318540E0
3.889000E3,-1.930874E1,9.563002E0
3.890000E3,-1.931942E1,8.074589E0
3.891000E3,-1.933009E1,7.537244E0
3.892000E3,-1.934077E1,8.532180E0
3.893000E3,-1.935145E1,8.914562E0
3.894000E3,-1.936212E1,9.481708E0
3.895000E3,-1.937280E1,9.130706E0
3.896000E3,-1.938348E1,8.403367E0
3.897000E3,-1.939415E1,8.397855E0
3.898000E3,-1.940483E1,9.667940E0
3.899000E3,-1.941551E1,1.046437E1
3.900000E3,-1.942618E1,8.481776E0
3.901000E3,-1.943686E1,8.613317E0
3.902000E3,-1.944753E1,8.461909E0
3.903000E3,-1.945821E1,7.974694E0
3.904000E3,-1.946889E1,8.569506E0
3.905000E3,-1.947956E1,9.235905E0
3.906000E3,-1.949024E1,8.175248E0
3.907000E3,-1.950092E1,8.624115E0
3.908000E3,-1.951159E1,9.734805E0
3.909000E3,-1.952227E1,9.063193E0
3.910000E3,-1.953295E1,1.045813E1
3.911000E3,-1.954362E1,1.044072E1
3.912000E3,-1.955430E1,9.595638E0
3.913000E3,-1.956498E1,7.768246E0
3.914000E3,-1.957565E1,8.295658E0
3.915000E3,-1.958633E1,8.958151E0
3.916000E3,-1.959701E1,9.996810E0
3.917000E3,-1.960768E1,9.099159E0
3.918000E3,-1.961836E1,9.301059E0
3.919000E3,-1.962904E1,8.753100E0
3.920000E3,-1.963971E1,9.538180E0
3.921000E3,-1.965039E1,9.210861E0
3.922000E3,-1.966107E1,7.913046E0
3.923000E3,-1.967174E1,6.916876E0
3.924000E3,-1.968242E1,7.570597E0
3.925000E3,-1.969310E1,7.119921E0
3.926000E3,-1.970377E1,7.521372E0
3.927000E3,-1.971445E1,7.879002E0
3.928000E3,-1.972513E1,8.014511E0
3.929000E3,-1.973580E1,7.767087E0
3.930000E3,-1.974648E1,8.809909E0
3.931000E3,-1.975716E1,8.612096E0
3.932000E3,-1.976783E1,9.145167E0
3.933000E3,-1.977851E1,7.895307E0
3.934000E3,-1.978919E1,7.483508E0
3.935000E3,-1.979986E1,6.202062E0
3.936000E3,-1.981054E1,7.019083E0
3.937000E3,-1.982122E1,7.045000E0
3.938000E3,-1.983189E1,8.475943E0
3.939000E3,-1.984257E1,8.061119E0
3.940000E3,-1.985325E1,7.348020E0
3.941000E3,-1.986392E1,9.981859E0
3.942000E3,-1.987460E1,8.083880E0
3.943000E3,-1.988528E1,7.696908E0
3.944000E3,-1.989595E1,7.774921E0
3.945000E3,-1.990663E1,8.654783E0
3.946000E3,-1.991731E1,8.499521E0
3.947000E3,-1.992798E1,7.638110E0
3.948000E3,-1.993866E1,6.208084E0
3.949000E3,-1.994934E1,7.050055E0
3.950000E3,-1.996001E1,6.781157E0
3.951000E3,-1.997069E1,6.931679E0
3.952000E3,-1.998137E1,8.028357E0
3.953000E3,-1.999204E1,7.546122E0
3.954000E3,-2.000272E1,7.181876E0
3.955000E3,-2.001340E1,6.222912E0
3.956000E3,-2.002407E1,5.380899E0
3.957000E3,-2.003475E1,6.465684E0
3.958000E3,-2.004543E1,7.273271E0
3.959000E3,-2.005610E1,7.678172E0
3.960000E3,-2.006678E1,7.343229E0
3.961000E3,-2.007746E1,6.810523E0
3.962000E3,-2.008813E1,7.381545E0
3.963000E3,-2.009881E1,8.182875E0
3.964000E3,-2.010948E1,7.584377E0
3.965000E3,-2.012016E1,7.041624E0
3.966000E3,-2.013084E1,7.255438E0
3.967000E3,-2.014151E1,5.206570E0
3.968000E3,-2.015219E1,5.067398E0
3.969000E3,-2.016287E1,6.977642E0
3.970000E3,-2.017354E1,8.428983E0
3.971000E3,-2.018422E1,9.044748E0
3.972000E3,-2.019490E1,8.944675E0
3.973000E3,-2.020557E1,8.764873E0
3.974000E3,-2.021625E1,8.944407E0
3.975000E3,-2.022693E1,8.636601E0
3.976000E3,-2.023760E1,7.109877E0
3.977000E3,-2.024828E1,6.435695E0
3.978000E3,-2.025896E1,7.240251E0
3.979000E3,-2.026963E1,8.943803E0
3.980000E3,-2.028031E1,9.055681E0
3.981000E3,-2.029099E1,9.283518E0
3.982000E3,-2.030166E1,7.895659E0
3.983000E3,-2.031234E1,7.550304E0
3.984000E3,-2.032302E1,6.397511E0
3.985000E3,-2.033369E1,7.712415E0
3.986000E3,-2.034437E1,9.870098E0
3.987000E3,-2.035505E1,9.525737E0
3.988000E3,-2.036572E1,8.415012E0
3.989000E3,-2.037640E1,7.680284E0
3.990000E3,-2.038708E1,8.614657E0
3.991000E3,-2.039775E1,6.489695E0
3.992000E3,-2.040843E1,6.877449E0
3.993000E3,-2.041911E1,7.963361E0
3.994000E3,-2.042978E1,7.355896E0
3.995000E3,-2.044046E1,7.599663E0
3.996000E3,-2.045114E1,8.424444E0
3.997000E3,-2.046181E1,7.846178E0
3.998000E3,-2.047249E1,8.034785E0
3.999000E3,-2.048317E1,6.714489E0
4.000000E3,-2.049384E1,6.246611E0
4.001000E3,-2.050452E1,6.159104E0
4.002000E3,-2.051520E1,6.820519E0
4.003000E3,-2.052587E1,8.706987E0
4.004000E3,-2.053655E1,8.094216E0
4.005000E3,-2.054723E1,7.982025E0
4.006000E3,-2.055790E1,7.816939E0
4.007000E3,-2.056858E1,7.252098E0
4.008000E3,-2.057926E1,5.404879E0
4.009000E3,-2.058993E1,5.410989E0
4.010000E3,-2.060061E1,5.896371E0
4.011000E3,-2.061129E1,5.776436E0
4.012000E3,-2.062196E1,6.565749E0
4.013000E3,-2.063264E1,6.763570E0
4.014000E3,-2.064332E1,6.566273E0
4.015000E3,-2.065399E1,6.671190E0
4.016000E3,-2.066467E1,6.090349E0
4.017000E3,-2.067535E1,7.337190E0
4.018000E3,-2.068602E1,8.100834E0
4.019000E3,-2.069670E1,8.315963E0
4.020000E3,-2.070738E1,8.261813E0
4.021000E3,-2.071805E1,8.790378E0
4.022000E3,-2.072873E1,8.980227E0
4.023000E3,-2.073940E1,6.721794E0
4.024000E3,-2.075008E1,7.028929E0
4.025000E3,-2.076076E1,8.907647E0
4.026000E3,-2.077143E1,6.445848E0
4.027000E3,-2.078211E1,7.000971E0
4.028000E3,-2.079279E1,6.283700E0
4.029000E3,-2.080346E1,5.992026E0
4.030000E3,-2.081414E1,6.916016E0
4.031000E3,-2.082482E1,8.554889E0
4.032000E3,-2.083549E1,8.134214E0
4.033000E3,-2.084617E1,8.067431E0
4.034000E3,-2.085685E1,8.441991E0
4.035000E3,-2.086752E1,7.686837E0
4.036000E3,-2.087820E1,7.195025E0
4.037000E3,-2.088888E1,6.516177E0
4.038000E3,-2.089955E1,6.865281E0
4.039000E3,-2.091023E1,9.033039E0
4.040000E3,-2.092091E1,7.154959E0
4.041000E3,-2.093158E1,6.726101E0
4.042000E3,-2.094226E1,8.033021E0
4.043000E3,-2.095294E1,9.704093E0
4.044000E3,-2.096361E1,6.460687E0
4.045000E3,-2.097429E1,6.340059E0
4.046000E3,-2.098497E1,8.092089E0
4.047000E3,-2.099564E1,7.961653E0
4.048000E3,-2.100632E1,8.026004E0
4.049000E3,-2.101700E1,7.250151E0
4.050000E3,-2.102767E1,8.742710E0
4.051000E3,-2.103835E1,1.064522E1
4.052000E3,-2.104903E1,9.316891E0
4.053000E3,-2.105970E1,8.222567E0
4.054000E3,-2.107038E1,7.724288E0
4.055000E3,-2.108106E1,6.888687E0
4.056000E3,-2.109173E1,7.488335E0
4.057000E3,-2.110241E1,8.334270E0
4.058000E3,-2.111309E1,7.508833E0
4.059000E3,-2.112376E1,6.774486E0
4.060000E3,-2.113444E1,6.523896E0
4.061000E3,-2.114512E1,6.649869E0
4.062000E3,-2.115579E1,6.469145E0
4.063000E3,-2.116647E1,8.098606E0
4.064000E3,-2.117715E1,8.570037E0
4.065000E3,-2.118782E1,1.062156E1
4.066000E3,-2.119850E1,9.195159E0
4.067000E3,-2.120918E1,1.097476E1
4.068000E3,-2.121985E1,9.025539E0
4.069000E3,-2.123053E1,8.632895E0
4.070000E3,-2.124121E1,9.526788E0
4.071000E3,-2.125188E1,1.032920E1
4.072000E3,-2.126256E1,9.349059E0
4.073000E3,-2.127324E1,9.971646E0
4.074000E3,-2.128391E1,7.567804E0
4.075000E3,-2.129459E1,6.986717E0
4.076000E3,-2.130527E1,9.788828E0
4.077000E3,-2.131594E1,8.606276E0
4.078000E3,-2.132662E1,9.382717E0
4.079000E3,-2.133730E1,8.822583E0
4.080000E3,-2.134797E1,8.136324E0
4.081000E3,-2.135865E1,6.976026E0
4.082000E3,-2.136932E1,7.170639E0
4.083000E3,-2.138000E1,8.950523E0
4.084000E3,-2.139068E1,9.216074E0
4.085000E3,-2.140135E1,8.430498E0
4.086000E3,-2.141203E1,7.706055E0
4.087000E3,-2.142271E1,8.401920E0
4.088000E3,-2.143338E1,1.007796E1
4.089000E3,-2.144406E1,8.308715E0
4.090000E3,-2.145474E1,7.223227E0
4.091000E3,-2.146541E1,7.746671E0
4.092000E3,-2.147609E1,9.292943E0
4.093000E3,-2.148677E1,9.347378E0
4.094000E3,-2.149744E1,8.817853E0