	profile_A
n	x	y	luma
0.000000E0	1.148934E1	-2.831318E-3	4.676581E0
1.000000E0	1.148413E1	-2.831318E-3	4.264440E0
2.000000E0	1.147893E1	-2.831318E-3	4.101202E0
3.000000E0	1.147372E1	-2.831318E-3	4.597945E0
4.000000E0	1.146851E1	-2.831318E-3	4.624984E0
5.000000E0	1.146330E1	-2.831318E-3	4.918009E0
6.000000E0	1.145810E1	-2.831318E-3	4.888886E0
7.000000E0	1.145289E1	-2.831318E-3	5.449599E0
8.000000E0	1.144768E1	-2.831318E-3	5.375585E0
9.000000E0	1.144247E1	-2.831318E-3	4.655587E0
1.000000E1	1.143727E1	-2.831318E-3	5.432383E0
1.100000E1	1.143206E1	-2.831318E-3	5.347094E0
1.200000E1	1.142685E1	-2.831318E-3	5.091389E0
1.300000E1	1.142164E1	-2.831318E-3	5.244809E0
1.400000E1	1.141644E1	-2.831318E-3	4.877919E0
1.500000E1	1.141123E1	-2.831318E-3	5.159234E0
1.600000E1	1.140602E1	-2.831318E-3	5.457233E0
1.700000E1	1.140081E1	-2.831318E-3	4.793788E0
1.800000E1	1.139561E1	-2.831318E-3	4.814807E0
1.900000E1	1.139040E1	-2.831318E-3	5.052765E0
2.000000E1	1.138519E1	-2.831318E-3	5.690286E0
2.100000E1	1.137998E1	-2.831318E-3	5.540413E0
2.200000E1	1.137478E1	-2.831318E-3	5.060256E0
2.300000E1	1.136957E1	-2.831318E-3	5.480706E0
2.400000E1	1.136436E1	-2.831318E-3	5.580442E0
2.500000E1	1.135915E1	-2.831318E-3	4.907550E0
2.600000E1	1.135395E1	-2.831318E-3	4.974237E0
2.700000E1	1.134874E1	-2.831318E-3	4.617074E0
2.800000E1	1.134353E1	-2.831318E-3	5.588104E0
2.900000E1	1.133832E1	-2.831318E-3	4.189107E0
3.000000E1	1.133311E1	-2.831318E-3	4.222200E0
3.100000E1	1.132791E1	-2.831318E-3	4.543194E0
3.200000E1	1.132270E1	-2.831318E-3	4.772611E0
3.300000E1	1.131749E1	-2.831318E-3	5.012975E0
3.400000E1	1.131228E1	-2.831318E-3	5.363986E0
3.500000E1	1.130708E1	-2.831318E-3	5.452923E0
3.600000E1	1.130187E1	-2.831318E-3	5.397481E0
3.700000E1	1.129666E1	-2.831318E-3	4.695327E0
3.800000E1	1.129145E1	-2.831318E-3	5.585898E0
3.900000E1	1.128625E1	-2.831318E-3	4.416868E0
4.000000E1	1.128104E1	-2.831318E-3	5.121353E0
4.100000E1	1.127583E1	-2.831318E-3	5.331621E0
4.200000E1	1.127062E1	-2.831318E-3	4.479764E0
4.300000E1	1.126542E1	-2.831318E-3	3.862320E0
4.400000E1	1.126021E1	-2.831318E-3	4.230971E0
4.500000E1	1.125500E1	-2.831318E-3	4.368097E0
4.600000E1	1.124979E1	-2.831318E-3	4.591654E0
4.700000E1	1.124459E1	-2.831318E-3	3.700449E0
4.800000E1	1.123938E1	-2.831318E-3	4.289093E0
4.900000E1	1.123417E1	-2.831318E-3	5.143051E0
5.000000E1	1.122896E1	-2.831318E-3	5.504335E0
5.100000E1	1.122376E1	-2.831318E-3	5.284059E0
5.200000E1	1.121855E1	-2.831318E-3	5.317606E0
5.300000E1	1.121334E1	-2.831318E-3	4.584875E0
5.400000E1	1.120813E1	-2.831318E-3	4.625699E0
5.500000E1	1.120293E1	-2.831318E-3	4.817672E0
5.600000E1	1.119772E1	-2.831318E-3	4.229235E0
5.700000E1	1.119251E1	-2.831318E-3	4.693958E0
5.800000E1	1.118730E1	-2.831318E-3	5.877927E0
5.900000E1	1.118210E1	-2.831318E-3	5.379143E0
6.000000E1	1.117689E1	-2.831318E-3	4.067219E0
6.100000E1	1.117168E1	-2.831318E-3	4.275117E0
6.200000E1	1.116647E1	-2.831318E-3	5.341079E0
6.300000E1	1.116127E1	-2.831318E-3	5.824105E0
6.400000E1	1.115606E1	-2.831318E-3	4.677573E0
6.500000E1	1.115085E1	-2.831318E-3	5.140462E0
6.600000E1	1.114564E1	-2.831318E-3	5.474248E0
6.700000E1	1.114044E1	-2.831318E-3	5.659567E0
6.800000E1	1.113523E1	-2.831318E-3	4.856969E0
6.900000E1	1.113002E1	-2.831318E-3	5.291026E0
7.000000E1	1.112481E1	-2.831318E-3	5.180324E0
7.100000E1	1.111961E1	-2.831318E-3	4.847557E0
7.200000E1	1.111440E1	-2.831318E-3	6.101037E0
7.300000E1	1.110919E1	-2.831318E-3	5.849308E0
7.400000E1	1.110398E1	-2.831318E-3	5.586700E0
7.500000E1	1.109878E1	-2.831318E-3	5.184243E0
7.600000E1	1.109357E1	-2.831318E-3	5.145470E0
7.700000E1	1.108836E1	-2.831318E-3	6.093463E0
7.800000E1	1.108315E1	-2.831318E-3	5.772639E0
7.900000E1	1.107795E1	-2.831318E-3	5.866092E0
8.000000E1	1.107274E1	-2.831318E-3	5.471509E0
8.100000E1	1.106753E1	-2.831318E-3	6.531114E0
8.200000E1	1.106232E1	-2.831318E-3	6.052059E0
8.300000E1	1.105712E1	-2.831318E-3	6.404143E0
8.400000E1	1.105191E1	-2.831318E-3	6.255953E0
8.500000E1	1.104670E1	-2.831318E-3	5.758641E0
8.600000E1	1.104149E1	-2.831318E-3	5.079319E0
8.700000E1	1.103629E1	-2.831318E-3	5.778212E0
8.800000E1	1.103108E1	-2.831318E-3	6.225088E0
8.900000E1	1.102587E1	-2.831318E-3	5.839369E0
9.000000E1	1.102066E1	-2.831318E-3	6.373569E0
9.100000E1	1.101546E1	-2.831318E-3	6.291842E0
9.200000E1	1.101025E1	-2.831318E-3	5.952769E0
9.300000E1	1.100504E1	-2.831318E-3	5.566119E0
9.400000E1	1.099983E1	-2.831318E-3	5.549345E0
9.500000E1	1.099463E1	-2.831318E-3	5.021992E0
9.600000E1	1.098942E1	-2.831318E-3	5.020791E0
9.700000E1	1.098421E1	-2.831318E-3	4.700199E0
9.800000E1	1.097900E1	-2.831318E-3	5.856867E0
9.900000E1	1.097380E1	-2.831318E-3	5.481850E0
1.000000E2	1.096859E1	-2.831318E-3	5.222703E0
1.010000E2	1.096338E1	-2.831318E-3	5.183818E0
1.020000E2	1.095817E1	-2.831318E-3	6.214427E0
1.030000E2	1.095297E1	-2.831318E-3	6.225507E0
1.040000E2	1.094776E1	-2.831318E-3	7.135246E0
1.050000E2	1.094255E1	-2.831318E-3	5.964316E0
1.060000E2	1.093734E1	-2.831318E-3	4.979857E0
1.070000E2	1.093214E1	-2.831318E-3	5.413959E0
1.080000E2	1.092693E1	-2.831318E-3	5.386166E0
1.090000E2	1.092172E1	-2.831318E-3	5.403212E0
1.100000E2	1.091651E1	-2.831318E-3	6.924159E0
1.110000E2	1.091130E1	-2.831318E-3	5.146140E0
1.120000E2	1.090610E1	-2.831318E-3	5.294434E0
1.130000E2	1.090089E1	-2.831318E-3	4.566946E0
1.140000E2	1.089568E1	-2.831318E-3	4.556473E0
1.150000E2	1.089047E1	-2.831318E-3	5.458507E0
1.160000E2	1.088527E1	-2.831318E-3	4.315866E0
1.170000E2	1.088006E1	-2.831318E-3	4.352660E0
1.180000E2	1.087485E1	-2.831318E-3	5.515786E0
1.190000E2	1.086964E1	-2.831318E-3	5.718415E0
1.200000E2	1.086444E1	-2.831318E-3	5.520789E0
1.210000E2	1.085923E1	-2.831318E-3	5.388063E0
1.220000E2	1.085402E1	-2.831318E-3	6.020024E0
1.230000E2	1.084881E1	-2.831318E-3	5.814615E0
1.240000E2	1.084361E1	-2.831318E-3	5.459334E0
1.250000E2	1.083840E1	-2.831318E-3	5.515596E0
1.260000E2	1.083319E1	-2.831318E-3	5.237542E0
1.270000E2	1.082798E1	-2.831318E-3	5.422650E0
1.280000E2	1.082278E1	-2.831318E-3	5.893417E0
1.290000E2	1.081757E1	-2.831318E-3	4.872175E0
1.300000E2	1.081236E1	-2.831318E-3	5.039514E0
1.310000E2	1.080715E1	-2.831318E-3	4.797704E0
1.320000E2	1.080195E1	-2.831318E-3	4.296069E0
1.330000E2	1.079674E1	-2.831318E-3	4.599373E0
1.340000E2	1.079153E1	-2.831318E-3	5.352898E0
1.350000E2	1.078632E1	-2.831318E-3	6.236594E0
1.360000E2	1.078112E1	-2.831318E-3	5.921500E0
1.370000E2	1.077591E1	-2.831318E-3	5.837612E0
1.380000E2	1.077070E1	-2.831318E-3	4.598169E0
1.390000E2	1.076549E1	-2.831318E-3	3.972626E0
1.400000E2	1.076029E1	-2.831318E-3	3.839739E0
1.410000E2	1.075508E1	-2.831318E-3	4.524822E0
1.420000E2	1.074987E1	-2.831318E-3	5.580985E0
1.430000E2	1.074466E1	-2.831318E-3	5.529738E0
1.440000E2	1.073946E1	-2.831318E-3	5.080274E0
1.450000E2	1.073425E1	-2.831318E-3	4.862793E0
1.460000E2	1.072904E1	-2.831318E-3	5.341219E0
1.470000E2	1.072383E1	-2.831318E-3	5.072826E0
1.480000E2	1.071863E1	-2.831318E-3	4.201551E0
1.490000E2	1.071342E1	-2.831318E-3	5.266894E0
1.500000E2	1.070821E1	-2.831318E-3	5.657028E0
1.510000E2	1.070300E1	-2.831318E-3	4.955558E0
1.520000E2	1.069780E1	-2.831318E-3	4.862408E0
1.530000E2	1.069259E1	-2.831318E-3	5.329652E0
1.540000E2	1.068738E1	-2.831318E-3	4.904242E0
1.550000E2	1.068217E1	-2.831318E-3	5.122270E0
1.560000E2	1.067697E1	-2.831318E-3	5.381871E0
1.570000E2	1.067176E1	-2.831318E-3	4.649628E0
1.580000E2	1.066655E1	-2.831318E-3	4.524458E0
1.590000E2	1.066134E1	-2.831318E-3	4.123042E0
1.600000E2	1.065614E1	-2.831318E-3	4.230626E0
1.610000E2	1.065093E1	-2.831318E-3	4.639301E0
1.620000E2	1.064572E1	-2.831318E-3	5.073313E0
1.630000E2	1.064051E1	-2.831318E-3	5.458612E0
1.640000E2	1.063531E1	-2.831318E-3	5.441462E0
1.650000E2	1.063010E1	-2.831318E-3	6.061656E0
1.660000E2	1.062489E1	-2.831318E-3	6.925119E0
1.670000E2	1.061968E1	-2.831318E-3	5.165386E0
1.680000E2	1.061448E1	-2.831318E-3	4.958700E0
1.690000E2	1.060927E1	-2.831318E-3	6.128740E0
1.700000E2	1.060406E1	-2.831318E-3	5.867215E0
1.710000E2	1.059885E1	-2.831318E-3	5.929168E0
1.720000E2	1.059365E1	-2.831318E-3	4.812399E0
1.730000E2	1.058844E1	-2.831318E-3	4.784736E0
1.740000E2	1.058323E1	-2.831318E-3	5.851434E0
1.750000E2	1.057802E1	-2.831318E-3	5.531672E0
1.760000E2	1.057282E1	-2.831318E-3	5.713132E0
1.770000E2	1.056761E1	-2.831318E-3	6.284198E0
1.780000E2	1.056240E1	-2.831318E-3	6.495148E0
1.790000E2	1.055719E1	-2.831318E-3	5.515505E0
1.800000E2	1.055199E1	-2.831318E-3	5.721232E0
1.810000E2	1.054678E1	-2.831318E-3	5.781259E0
1.820000E2	1.054157E1	-2.831318E-3	5.036140E0
1.830000E2	1.053636E1	-2.831318E-3	5.195341E0
1.840000E2	1.053116E1	-2.831318E-3	5.582826E0
1.850000E2	1.052595E1	-2.831318E-3	5.324248E0
1.860000E2	1.052074E1	-2.831318E-3	5.024470E0
1.870000E2	1.051553E1	-2.831318E-3	6.500704E0
1.880000E2	1.051032E1	-2.831318E-3	6.411550E0
1.890000E2	1.050512E1	-2.831318E-3	5.799026E0
1.900000E2	1.049991E1	-2.831318E-3	4.946536E0
1.910000E2	1.049470E1	-2.831318E-3	5.566092E0
1.920000E2	1.048949E1	-2.831318E-3	6.149063E0
1.930000E2	1.048429E1	-2.831318E-3	6.032661E0
1.940000E2	1.047908E1	-2.831318E-3	6.401886E0
1.950000E2	1.047387E1	-2.831318E-3	5.779676E0
1.960000E2	1.046866E1	-2.831318E-3	4.782164E0
1.970000E2	1.046346E1	-2.831318E-3	4.743424E0
1.980000E2	1.045825E1	-2.831318E-3	6.727600E0
1.990000E2	1.045304E1	-2.831318E-3	5.850812E0
2.000000E2	1.044783E1	-2.831318E-3	5.422582E0
2.010000E2	1.044263E1	-2.831318E-3	4.580785E0
2.020000E2	1.043742E1	-2.831318E-3	4.777142E0
2.030000E2	1.043221E1	-2.831318E-3	5.038123E0
2.040000E2	1.042700E1	-2.831318E-3	4.165556E0
2.050000E2	1.042180E1	-2.831318E-3	4.004514E0
2.060000E2	1.041659E1	-2.831318E-3	4.385874E0
2.070000E2	1.041138E1	-2.831318E-3	4.207101E0
2.080000E2	1.040617E1	-2.831318E-3	5.431682E0
2.090000E2	1.040097E1	-2.831318E-3	6.925767E0
2.100000E2	1.039576E1	-2.831318E-3	7.106891E0
2.110000E2	1.039055E1	-2.831318E-3	5.968413E0
2.120000E2	1.038534E1	-2.831318E-3	5.706743E0
2.130000E2	1.038014E1	-2.831318E-3	7.033147E0
2.140000E2	1.037493E1	-2.831318E-3	6.094507E0
2.150000E2	1.036972E1	-2.831318E-3	4.836889E0
2.160000E2	1.036451E1	-2.831318E-3	4.771544E0
2.170000E2	1.035931E1	-2.831318E-3	5.064281E0
2.180000E2	1.035410E1	-2.831318E-3	5.702851E0
2.190000E2	1.034889E1	-2.831318E-3	5.135177E0
2.200000E2	1.034368E1	-2.831318E-3	4.742551E0
2.210000E2	1.033848E1	-2.831318E-3	5.224766E0
2.220000E2	1.033327E1	-2.831318E-3	5.798984E0
2.230000E2	1.032806E1	-2.831318E-3	5.768306E0
2.240000E2	1.032285E1	-2.831318E-3	5.213359E0
2.250000E2	1.031765E1	-2.831318E-3	5.413360E0
2.260000E2	1.031244E1	-2.831318E-3	5.705134E0
2.270000E2	1.030723E1	-2.831318E-3	5.450591E0
2.280000E2	1.030202E1	-2.831318E-3	4.654422E0
2.290000E2	1.029682E1	-2.831318E-3	5.053182E0
2.300000E2	1.029161E1	-2.831318E-3	5.082287E0
2.310000E2	1.028640E1	-2.831318E-3	5.489211E0
2.320000E2	1.028119E1	-2.831318E-3	6.543771E0
2.330000E2	1.027599E1	-2.831318E-3	4.962028E0
2.340000E2	1.027078E1	-2.831318E-3	3.809510E0
2.350000E2	1.026557E1	-2.831318E-3	4.695926E0
2.360000E2	1.026036E1	-2.831318E-3	5.448460E0
2.370000E2	1.025516E1	-2.831318E-3	4.662861E0
2.380000E2	1.024995E1	-2.831318E-3	4.452313E0
2.390000E2	1.024474E1	-2.831318E-3	4.158789E0
2.400000E2	1.023953E1	-2.831318E-3	4.267389E0
2.410000E2	1.023433E1	-2.831318E-3	4.533026E0
2.420000E2	1.022912E1	-2.831318E-3	4.287765E0
2.430000E2	1.022391E1	-2.831318E-3	3.844622E0
2.440000E2	1.021870E1	-2.831318E-3	4.533333E0
2.450000E2	1.021350E1	-2.831318E-3	4.855734E0
2.460000E2	1.020829E1	-2.831318E-3	4.072034E0
2.470000E2	1.020308E1	-2.831318E-3	5.277865E0
2.480000E2	1.019787E1	-2.831318E-3	3.911123E0
2.490000E2	1.019267E1	-2.831318E-3	3.615353E0
2.500000E2	1.018746E1	-2.831318E-3	4.465968E0
2.510000E2	1.018225E1	-2.831318E-3	4.503816E0
2.520000E2	1.017704E1	-2.831318E-3	5.424069E0
2.530000E2	1.017184E1	-2.831318E-3	4.287193E0
2.540000E2	1.016663E1	-2.831318E-3	5.154310E0
2.550000E2	1.016142E1	-2.831318E-3	4.313328E0
2.560000E2	1.015621E1	-2.831318E-3	3.741193E0
2.570000E2	1.015101E1	-2.831318E-3	4.651047E0
2.580000E2	1.014580E1	-2.831318E-3	3.768751E0
2.590000E2	1.014059E1	-2.831318E-3	4.621090E0
2.600000E2	1.013538E1	-2.831318E-3	5.726342E0
2.610000E2	1.013018E1	-2.831318E-3	5.158189E0
2.620000E2	1.012497E1	-2.831318E-3	4.202312E0
2.630000E2	1.011976E1	-2.831318E-3	4.197831E0
2.640000E2	1.011455E1	-2.831318E-3	5.285063E0
2.650000E2	1.010934E1	-2.831318E-3	5.805629E0
2.660000E2	1.010414E1	-2.831318E-3	5.481479E0
2.670000E2	1.009893E1	-2.831318E-3	5.048557E0
2.680000E2	1.009372E1	-2.831318E-3	5.519591E0
2.690000E2	1.008851E1	-2.831318E-3	6.513328E0
2.700000E2	1.008331E1	-2.831318E-3	5.381855E0
2.710000E2	1.007810E1	-2.831318E-3	3.801816E0
2.720000E2	1.007289E1	-2.831318E-3	4.674194E0
2.730000E2	1.006768E1	-2.831318E-3	4.881424E0
2.740000E2	1.006248E1	-2.831318E-3	4.902958E0
2.750000E2	1.005727E1	-2.831318E-3	5.012856E0
2.760000E2	1.005206E1	-2.831318E-3	5.953830E0
2.770000E2	1.004685E1	-2.831318E-3	6.099301E0
2.780000E2	1.004165E1	-2.831318E-3	5.191576E0
2.790000E2	1.003644E1	-2.831318E-3	4.801888E0
2.800000E2	1.003123E1	-2.831318E-3	4.872276E0
2.810000E2	1.002602E1	-2.831318E-3	5.181534E0
2.820000E2	1.002082E1	-2.831318E-3	5.896073E0
2.830000E2	1.001561E1	-2.831318E-3	5.947960E0
2.840000E2	1.001040E1	-2.831318E-3	5.330259E0
2.850000E2	1.000519E1	-2.831318E-3	5.838537E0
2.860000E2	9.999987E0	-2.831318E-3	6.566448E0
2.870000E2	9.994779E0	-2.831318E-3	6.118008E0
2.880000E2	9.989572E0	-2.831318E-3	5.765089E0
2.890000E2	9.984364E0	-2.831318E-3	5.807343E0
2.900000E2	9.979157E0	-2.831318E-3	5.891455E0
2.910000E2	9.973949E0	-2.831318E-3	5.732243E0
2.920000E2	9.968742E0	-2.831318E-3	5.854550E0
2.930000E2	9.963534E0	-2.831318E-3	6.479694E0
2.940000E2	9.958327E0	-2.831318E-3	5.269030E0
2.950000E2	9.953119E0	-2.831318E-3	5.180792E0
2.960000E2	9.947911E0	-2.831318E-3	5.508973E0
2.970000E2	9.942704E0	-2.831318E-3	5.081935E0
2.980000E2	9.937496E0	-2.831318E-3	5.123141E0
2.990000E2	9.932289E0	-2.831318E-3	5.236182E0
3.000000E2	9.927081E0	-2.831318E-3	5.065439E0
3.010000E2	9.921874E0	-2.831318E-3	5.021333E0
3.020000E2	9.916666E0	-2.831318E-3	4.957485E0
3.030000E2	9.911459E0	-2.831318E-3	5.456958E0
3.040000E2	9.906251E0	-2.831318E-3	5.453112E0
3.050000E2	9.901044E0	-2.831318E-3	5.350134E0
3.060000E2	9.895836E0	-2.831318E-3	4.457158E0
3.070000E2	9.890629E0	-2.831318E-3	5.529965E0
3.080000E2	9.885421E0	-2.831318E-3	5.425935E0
3.090000E2	9.880214E0	-2.831318E-3	5.557322E0
3.100000E2	9.875006E0	-2.831318E-3	6.238189E0
3.110000E2	9.869798E0	-2.831318E-3	5.215830E0
3.120000E2	9.864591E0	-2.831318E-3	5.155261E0
3.130000E2	9.859383E0	-2.831318E-3	5.990405E0
3.140000E2	9.854176E0	-2.831318E-3	5.387471E0
3.150000E2	9.848968E0	-2.831318E-3	5.171755E0
3.160000E2	9.843761E0	-2.831318E-3	4.339155E0
3.170000E2	9.838553E0	-2.831318E-3	4.696183E0
3.180000E2	9.833346E0	-2.831318E-3	4.544808E0
3.190000E2	9.828138E0	-2.831318E-3	4.100216E0
3.200000E2	9.822931E0	-2.831318E-3	4.978643E0
3.210000E2	9.817723E0	-2.831318E-3	6.003791E0
3.220000E2	9.812516E0	-2.831318E-3	6.006309E0
3.230000E2	9.807308E0	-2.831318E-3	5.868876E0
3.240000E2	9.802101E0	-2.831318E-3	4.896828E0
3.250000E2	9.796893E0	-2.831318E-3	5.880882E0
3.260000E2	9.791686E0	-2.831318E-3	5.864676E0
3.270000E2	9.786478E0	-2.831318E-3	5.240112E0
3.280000E2	9.781270E0	-2.831318E-3	4.893629E0
3.290000E2	9.776063E0	-2.831318E-3	4.590620E0
3.300000E2	9.770855E0	-2.831318E-3	4.292671E0
3.310000E2	9.765648E0	-2.831318E-3	5.039510E0
3.320000E2	9.760440E0	-2.831318E-3	5.558543E0
3.330000E2	9.755233E0	-2.831318E-3	5.447341E0
3.340000E2	9.750025E0	-2.831318E-3	4.577705E0
3.350000E2	9.744818E0	-2.831318E-3	4.300781E0
3.360000E2	9.739610E0	-2.831318E-3	4.659302E0
3.370000E2	9.734403E0	-2.831318E-3	5.016688E0
3.380000E2	9.729195E0	-2.831318E-3	4.990582E0
3.390000E2	9.723988E0	-2.831318E-3	5.286781E0
3.400000E2	9.718780E0	-2.831318E-3	4.236388E0
3.410000E2	9.713573E0	-2.831318E-3	3.577891E0
3.420000E2	9.708365E0	-2.831318E-3	5.334871E0
3.430000E2	9.703157E0	-2.831318E-3	5.922672E0
3.440000E2	9.697950E0	-2.831318E-3	5.660860E0
3.450000E2	9.692742E0	-2.831318E-3	5.566895E0
3.460000E2	9.687535E0	-2.831318E-3	6.017818E0
3.470000E2	9.682327E0	-2.831318E-3	5.592654E0
3.480000E2	9.677120E0	-2.831318E-3	4.696719E0
3.490000E2	9.671912E0	-2.831318E-3	6.455842E0
3.500000E2	9.666705E0	-2.831318E-3	7.091774E0
3.510000E2	9.661497E0	-2.831318E-3	6.469703E0
3.520000E2	9.656290E0	-2.831318E-3	6.496045E0
3.530000E2	9.651082E0	-2.831318E-3	6.103879E0
3.540000E2	9.645875E0	-2.831318E-3	6.016049E0
3.550000E2	9.640667E0	-2.831318E-3	5.059982E0
3.560000E2	9.635460E0	-2.831318E-3	4.993731E0
3.570000E2	9.630252E0	-2.831318E-3	5.353785E0
3.580000E2	9.625044E0	-2.831318E-3	5.324295E0
3.590000E2	9.619837E0	-2.831318E-3	5.624446E0
3.600000E2	9.614629E0	-2.831318E-3	4.197099E0
3.610000E2	9.609422E0	-2.831318E-3	4.959939E0
3.620000E2	9.604214E0	-2.831318E-3	5.399103E0
3.630000E2	9.599007E0	-2.831318E-3	5.647579E0
3.640000E2	9.593799E0	-2.831318E-3	5.658041E0
3.650000E2	9.588592E0	-2.831318E-3	6.383788E0
3.660000E2	9.583384E0	-2.831318E-3	5.226755E0
3.670000E2	9.578177E0	-2.831318E-3	4.116658E0
3.680000E2	9.572969E0	-2.831318E-3	4.972356E0
3.690000E2	9.567762E0	-2.831318E-3	5.570983E0
3.700000E2	9.562554E0	-2.831318E-3	5.718222E0
3.710000E2	9.557347E0	-2.831318E-3	5.203838E0
3.720000E2	9.552139E0	-2.831318E-3	5.835393E0
3.730000E2	9.546932E0	-2.831318E-3	5.953505E0
3.740000E2	9.541724E0	-2.831318E-3	6.834779E0
3.750000E2	9.536516E0	-2.831318E-3	6.563947E0
3.760000E2	9.531309E0	-2.831318E-3	5.242925E0
3.770000E2	9.526101E0	-2.831318E-3	5.490286E0
3.780000E2	9.520894E0	-2.831318E-3	5.931185E0
3.790000E2	9.515686E0	-2.831318E-3	5.682183E0
3.800000E2	9.510479E0	-2.831318E-3	4.965788E0
3.810000E2	9.505271E0	-2.831318E-3	6.260626E0
3.820000E2	9.500064E0	-2.831318E-3	5.651720E0
3.830000E2	9.494856E0	-2.831318E-3	5.251568E0
3.840000E2	9.489649E0	-2.831318E-3	5.800984E0
3.850000E2	9.484441E0	-2.831318E-3	6.033052E0
3.860000E2	9.479234E0	-2.831318E-3	6.102614E0
3.870000E2	9.474026E0	-2.831318E-3	4.971067E0
3.880000E2	9.468819E0	-2.831318E-3	5.593377E0
3.890000E2	9.463611E0	-2.831318E-3	5.678750E0
3.900000E2	9.458403E0	-2.831318E-3	5.970699E0
3.910000E2	9.453196E0	-2.831318E-3	6.468037E0
3.920000E2	9.447988E0	-2.831318E-3	7.115381E0
3.930000E2	9.442781E0	-2.831318E-3	7.326070E0
3.940000E2	9.437573E0	-2.831318E-3	6.616327E0
3.950000E2	9.432366E0	-2.831318E-3	5.602698E0
3.960000E2	9.427158E0	-2.831318E-3	4.468984E0
3.970000E2	9.421951E0	-2.831318E-3	5.507423E0
3.980000E2	9.416743E0	-2.831318E-3	5.960463E0
3.990000E2	9.411536E0	-2.831318E-3	6.899035E0
4.000000E2	9.406328E0	-2.831318E-3	6.812399E0
4.010000E2	9.401121E0	-2.831318E-3	5.431173E0
4.020000E2	9.395913E0	-2.831318E-3	4.703850E0
4.030000E2	9.390706E0	-2.831318E-3	6.155165E0
4.040000E2	9.385498E0	-2.831318E-3	6.922268E0
4.050000E2	9.380290E0	-2.831318E-3	6.355316E0
4.060000E2	9.375083E0	-2.831318E-3	5.124806E0
4.070000E2	9.369875E0	-2.831318E-3	5.044000E0
4.080000E2	9.364668E0	-2.831318E-3	5.325649E0
4.090000E2	9.359460E0	-2.831318E-3	6.107835E0
4.100000E2	9.354253E0	-2.831318E-3	6.970560E0
4.110000E2	9.349045E0	-2.831318E-3	6.935528E0
4.120000E2	9.343838E0	-2.831318E-3	6.583263E0
4.130000E2	9.338630E0	-2.831318E-3	6.446679E0
4.140000E2	9.333423E0	-2.831318E-3	6.203416E0
4.150000E2	9.328215E0	-2.831318E-3	5.585285E0
4.160000E2	9.323008E0	-2.831318E-3	6.820055E0
4.170000E2	9.317800E0	-2.831318E-3	7.048666E0
4.180000E2	9.312593E0	-2.831318E-3	5.647144E0
4.190000E2	9.307385E0	-2.831318E-3	7.227311E0
4.200000E2	9.302178E0	-2.831318E-3	8.064430E0
4.210000E2	9.296970E0	-2.831318E-3	6.516926E0
4.220000E2	9.291762E0	-2.831318E-3	5.845542E0
4.230000E2	9.286555E0	-2.831318E-3	5.472551E0
4.240000E2	9.281347E0	-2.831318E-3	6.549966E0
4.250000E2	9.276140E0	-2.831318E-3	7.013822E0
4.260000E2	9.270932E0	-2.831318E-3	7.108185E0
4.270000E2	9.265725E0	-2.831318E-3	7.885927E0
4.280000E2	9.260517E0	-2.831318E-3	7.058276E0
4.290000E2	9.255310E0	-2.831318E-3	6.781661E0
4.300000E2	9.250102E0	-2.831318E-3	6.854353E0
4.310000E2	9.244895E0	-2.831318E-3	7.030144E0
4.320000E2	9.239687E0	-2.831318E-3	7.690066E0
4.330000E2	9.234480E0	-2.831318E-3	6.437289E0
4.340000E2	9.229272E0	-2.831318E-3	5.952412E0
4.350000E2	9.224065E0	-2.831318E-3	6.569068E0
4.360000E2	9.218857E0	-2.831318E-3	6.849984E0
4.370000E2	9.213649E0	-2.831318E-3	5.723907E0
4.380000E2	9.208442E0	-2.831318E-3	6.972028E0
4.390000E2	9.203234E0	-2.831318E-3	7.560413E0
4.400000E2	9.198027E0	-2.831318E-3	6.315848E0
4.410000E2	9.192819E0	-2.831318E-3	5.253008E0
4.420000E2	9.187612E0	-2.831318E-3	6.393114E0
4.430000E2	9.182404E0	-2.831318E-3	7.141640E0
4.440000E2	9.177197E0	-2.831318E-3	7.026661E0
4.450000E2	9.171989E0	-2.831318E-3	7.080299E0
4.460000E2	9.166782E0	-2.831318E-3	7.010002E0
4.470000E2	9.161574E0	-2.831318E-3	6.268911E0
4.480000E2	9.156367E0	-2.831318E-3	6.281180E0
4.490000E2	9.151159E0	-2.831318E-3	5.705120E0
4.500000E2	9.145952E0	-2.831318E-3	6.225069E0
4.510000E2	9.140744E0	-2.831318E-3	7.186525E0
4.520000E2	9.135536E0	-2.831318E-3	6.714070E0
4.530000E2	9.130329E0	-2.831318E-3	6.101560E0
4.540000E2	9.125121E0	-2.831318E-3	6.688507E0
4.550000E2	9.119914E0	-2.831318E-3	6.800248E0
4.560000E2	9.114706E0	-2.831318E-3	6.850103E0
4.570000E2	9.109499E0	-2.831318E-3	6.042707E0
4.580000E2	9.104291E0	-2.831318E-3	6.890761E0
4.590000E2	9.099084E0	-2.831318E-3	6.246756E0
4.600000E2	9.093876E0	-2.831318E-3	6.947759E0
4.610000E2	9.088669E0	-2.831318E-3	6.644439E0
4.620000E2	9.083461E0	-2.831318E-3	6.696357E0
4.630000E2	9.078254E0	-2.831318E-3	6.677676E0
4.640000E2	9.073046E0	-2.831318E-3	6.093915E0
4.650000E2	9.067839E0	-2.831318E-3	6.425123E0
4.660000E2	9.062631E0	-2.831318E-3	6.975947E0
4.670000E2	9.057423E0	-2.831318E-3	6.887057E0
4.680000E2	9.052216E0	-2.831318E-3	5.516044E0
4.690000E2	9.047008E0	-2.831318E-3	5.184480E0
4.700000E2	9.041801E0	-2.831318E-3	6.954283E0
4.710000E2	9.036593E0	-2.831318E-3	6.926118E0
4.720000E2	9.031386E0	-2.831318E-3	6.078713E0
4.730000E2	9.026178E0	-2.831318E-3	6.529887E0
4.740000E2	9.020971E0	-2.831318E-3	6.732287E0
4.750000E2	9.015763E0	-2.831318E-3	5.955175E0
4.760000E2	9.010556E0	-2.831318E-3	5.889100E0
4.770000E2	9.005348E0	-2.831318E-3	6.115812E0
4.780000E2	9.000141E0	-2.831318E-3	5.946096E0
4.790000E2	8.994933E0	-2.831318E-3	5.922908E0
4.800000E2	8.989726E0	-2.831318E-3	5.870736E0
4.810000E2	8.984518E0	-2.831318E-3	6.122182E0
4.820000E2	8.979311E0	-2.831318E-3	5.810344E0
4.830000E2	8.974103E0	-2.831318E-3	6.365238E0
4.840000E2	8.968895E0	-2.831318E-3	6.685600E0
4.850000E2	8.963688E0	-2.831318E-3	6.441875E0
4.860000E2	8.958480E0	-2.831318E-3	6.158845E0
4.870000E2	8.953273E0	-2.831318E-3	6.044278E0
4.880000E2	8.948065E0	-2.831318E-3	6.270969E0
4.890000E2	8.942858E0	-2.831318E-3	6.430715E0
4.900000E2	8.937650E0	-2.831318E-3	6.757206E0
4.910000E2	8.932443E0	-2.831318E-3	6.856260E0
4.920000E2	8.927235E0	-2.831318E-3	5.482613E0
4.930000E2	8.922028E0	-2.831318E-3	5.233060E0
4.940000E2	8.916820E0	-2.831318E-3	5.566684E0
4.950000E2	8.911613E0	-2.831318E-3	5.593756E0
4.960000E2	8.906405E0	-2.831318E-3	5.481273E0
4.970000E2	8.901198E0	-2.831318E-3	6.205976E0
4.980000E2	8.895990E0	-2.831318E-3	5.547354E0
4.990000E2	8.890782E0	-2.831318E-3	6.347940E0
5.000000E2	8.885575E0	-2.831318E-3	8.523972E0
5.010000E2	8.880367E0	-2.831318E-3	6.768948E0
5.020000E2	8.875160E0	-2.831318E-3	5.186821E0
5.030000E2	8.869952E0	-2.831318E-3	5.868605E0
5.040000E2	8.864745E0	-2.831318E-3	5.878296E0
5.050000E2	8.859537E0	-2.831318E-3	5.954284E0
5.060000E2	8.854330E0	-2.831318E-3	7.422044E0
5.070000E2	8.849122E0	-2.831318E-3	7.114194E0
5.080000E2	8.843915E0	-2.831318E-3	6.031840E0
5.090000E2	8.838707E0	-2.831318E-3	6.036609E0
5.100000E2	8.833500E0	-2.831318E-3	6.574581E0
5.110000E2	8.828292E0	-2.831318E-3	6.205226E0
5.120000E2	8.823085E0	-2.831318E-3	7.152771E0
5.130000E2	8.817877E0	-2.831318E-3	7.370727E0
5.140000E2	8.812669E0	-2.831318E-3	6.264089E0
5.150000E2	8.807462E0	-2.831318E-3	6.863553E0
5.160000E2	8.802254E0	-2.831318E-3	6.689674E0
5.170000E2	8.797047E0	-2.831318E-3	6.870342E0
5.180000E2	8.791839E0	-2.831318E-3	8.155201E0
5.190000E2	8.786632E0	-2.831318E-3	8.263621E0
5.200000E2	8.781424E0	-2.831318E-3	7.601418E0
5.210000E2	8.776217E0	-2.831318E-3	8.454964E0
5.220000E2	8.771009E0	-2.831318E-3	6.468341E0
5.230000E2	8.765802E0	-2.831318E-3	6.068764E0
5.240000E2	8.760594E0	-2.831318E-3	6.002574E0
5.250000E2	8.755387E0	-2.831318E-3	6.974124E0
5.260000E2	8.750179E0	-2.831318E-3	8.324009E0
5.270000E2	8.744972E0	-2.831318E-3	8.026933E0
5.280000E2	8.739764E0	-2.831318E-3	6.572933E0
5.290000E2	8.734557E0	-2.831318E-3	6.701344E0
5.300000E2	8.729349E0	-2.831318E-3	7.647836E0
5.310000E2	8.724141E0	-2.831318E-3	8.187041E0
5.320000E2	8.718934E0	-2.831318E-3	8.366424E0
5.330000E2	8.713726E0	-2.831318E-3	7.899638E0
5.340000E2	8.708519E0	-2.831318E-3	6.351048E0
5.350000E2	8.703311E0	-2.831318E-3	7.207304E0
5.360000E2	8.698104E0	-2.831318E-3	7.796539E0
5.370000E2	8.692896E0	-2.831318E-3	7.320917E0
5.380000E2	8.687689E0	-2.831318E-3	7.248354E0
5.390000E2	8.682481E0	-2.831318E-3	6.456313E0
5.400000E2	8.677274E0	-2.831318E-3	6.733239E0
5.410000E2	8.672066E0	-2.831318E-3	7.612842E0
5.420000E2	8.666859E0	-2.831318E-3	8.153535E0
5.430000E2	8.661651E0	-2.831318E-3	7.330940E0
5.440000E2	8.656444E0	-2.831318E-3	8.850582E0
5.450000E2	8.651236E0	-2.831318E-3	8.272787E0
5.460000E2	8.646028E0	-2.831318E-3	7.766058E0
5.470000E2	8.640821E0	-2.831318E-3	7.373895E0
5.480000E2	8.635613E0	-2.831318E-3	6.975684E0
5.490000E2	8.630406E0	-2.831318E-3	8.022460E0
5.500000E2	8.625198E0	-2.831318E-3	7.277531E0
5.510000E2	8.619991E0	-2.831318E-3	7.371066E0
5.520000E2	8.614783E0	-2.831318E-3	7.754993E0
5.530000E2	8.609576E0	-2.831318E-3	6.612867E0
5.540000E2	8.604368E0	-2.831318E-3	7.171655E0
5.550000E2	8.599161E0	-2.831318E-3	7.544861E0
5.560000E2	8.593953E0	-2.831318E-3	7.004725E0
5.570000E2	8.588746E0	-2.831318E-3	6.516218E0
5.580000E2	8.583538E0	-2.831318E-3	7.099090E0
5.590000E2	8.578331E0	-2.831318E-3	8.943439E0
5.600000E2	8.573123E0	-2.831318E-3	8.814971E0
5.610000E2	8.567915E0	-2.831318E-3	7.489343E0
5.620000E2	8.562708E0	-2.831318E-3	5.979594E0
5.630000E2	8.557500E0	-2.831318E-3	6.330482E0
5.640000E2	8.552293E0	-2.831318E-3	7.608639E0
5.650000E2	8.547085E0	-2.831318E-3	6.958391E0
5.660000E2	8.541878E0	-2.831318E-3	7.108983E0
5.670000E2	8.536670E0	-2.831318E-3	6.050017E0
5.680000E2	8.531463E0	-2.831318E-3	5.859145E0
5.690000E2	8.526255E0	-2.831318E-3	6.416586E0
5.700000E2	8.521048E0	-2.831318E-3	7.209611E0
5.710000E2	8.515840E0	-2.831318E-3	8.443632E0
5.720000E2	8.510633E0	-2.831318E-3	7.749817E0
5.730000E2	8.505425E0	-2.831318E-3	6.489027E0
5.740000E2	8.500218E0	-2.831318E-3	6.295229E0
5.750000E2	8.495010E0	-2.831318E-3	6.550298E0
5.760000E2	8.489803E0	-2.831318E-3	7.620721E0
5.770000E2	8.484595E0	-2.831318E-3	6.151144E0
5.780000E2	8.479387E0	-2.831318E-3	5.470120E0
5.790000E2	8.474180E0	-2.831318E-3	6.121084E0
5.800000E2	8.468972E0	-2.831318E-3	6.012455E0
5.810000E2	8.463765E0	-2.831318E-3	5.883391E0
5.820000E2	8.458557E0	-2.831318E-3	5.587660E0
5.830000E2	8.453350E0	-2.831318E-3	6.363224E0
5.840000E2	8.448142E0	-2.831318E-3	6.662135E0
5.850000E2	8.442935E0	-2.831318E-3	6.715789E0
5.860000E2	8.437727E0	-2.831318E-3	6.531186E0
5.870000E2	8.432520E0	-2.831318E-3	6.034291E0
5.880000E2	8.427312E0	-2.831318E-3	5.759951E0
5.890000E2	8.422105E0	-2.831318E-3	6.305043E0
5.900000E2	8.416897E0	-2.831318E-3	7.160898E0
5.910000E2	8.411690E0	-2.831318E-3	6.510383E0
5.920000E2	8.406482E0	-2.831318E-3	6.466918E0
5.930000E2	8.401274E0	-2.831318E-3	5.903905E0
5.940000E2	8.396067E0	-2.831318E-3	5.294531E0
5.950000E2	8.390859E0	-2.831318E-3	6.333734E0
5.960000E2	8.385652E0	-2.831318E-3	6.915995E0
5.970000E2	8.380444E0	-2.831318E-3	6.064497E0
5.980000E2	8.375237E0	-2.831318E-3	5.446052E0
5.990000E2	8.370029E0	-2.831318E-3	5.740674E0
6.000000E2	8.364822E0	-2.831318E-3	6.082473E0
6.010000E2	8.359614E0	-2.831318E-3	7.649308E0
6.020000E2	8.354407E0	-2.831318E-3	6.917173E0
6.030000E2	8.349199E0	-2.831318E-3	5.664534E0
6.040000E2	8.343992E0	-2.831318E-3	6.802219E0
6.050000E2	8.338784E0	-2.831318E-3	6.353798E0
6.060000E2	8.333577E0	-2.831318E-3	6.479466E0
6.070000E2	8.328369E0	-2.831318E-3	6.169780E0
6.080000E2	8.323161E0	-2.831318E-3	6.947659E0
6.090000E2	8.317954E0	-2.831318E-3	7.058875E0
6.100000E2	8.312746E0	-2.831318E-3	6.724124E0
6.110000E2	8.307539E0	-2.831318E-3	6.967746E0
6.120000E2	8.302331E0	-2.831318E-3	7.711971E0
6.130000E2	8.297124E0	-2.831318E-3	8.225728E0
6.140000E2	8.291916E0	-2.831318E-3	6.803573E0
6.150000E2	8.286709E0	-2.831318E-3	4.954706E0
6.160000E2	8.281501E0	-2.831318E-3	5.237251E0
6.170000E2	8.276294E0	-2.831318E-3	6.130852E0
6.180000E2	8.271086E0	-2.831318E-3	6.616202E0
6.190000E2	8.265879E0	-2.831318E-3	7.021886E0
6.200000E2	8.260671E0	-2.831318E-3	8.342315E0
6.210000E2	8.255464E0	-2.831318E-3	7.331130E0
6.220000E2	8.250256E0	-2.831318E-3	6.663955E0
6.230000E2	8.245049E0	-2.831318E-3	7.838666E0
6.240000E2	8.239841E0	-2.831318E-3	8.077876E0
6.250000E2	8.234633E0	-2.831318E-3	8.197572E0
6.260000E2	8.229426E0	-2.831318E-3	7.386541E0
6.270000E2	8.224218E0	-2.831318E-3	7.416116E0
6.280000E2	8.219011E0	-2.831318E-3	8.135479E0
6.290000E2	8.213803E0	-2.831318E-3	7.396262E0
6.300000E2	8.208596E0	-2.831318E-3	8.079500E0
6.310000E2	8.203388E0	-2.831318E-3	7.774337E0
6.320000E2	8.198181E0	-2.831318E-3	7.442961E0
6.330000E2	8.192973E0	-2.831318E-3	8.380153E0
6.340000E2	8.187766E0	-2.831318E-3	8.130565E0
6.350000E2	8.182558E0	-2.831318E-3	7.717159E0
6.360000E2	8.177351E0	-2.831318E-3	8.508513E0
6.370000E2	8.172143E0	-2.831318E-3	8.945129E0
6.380000E2	8.166936E0	-2.831318E-3	8.981008E0
6.390000E2	8.161728E0	-2.831318E-3	7.119018E0
6.400000E2	8.156520E0	-2.831318E-3	8.124562E0
6.410000E2	8.151313E0	-2.831318E-3	8.204294E0
6.420000E2	8.146105E0	-2.831318E-3	7.781077E0
6.430000E2	8.140898E0	-2.831318E-3	8.305247E0
6.440000E2	8.135690E0	-2.831318E-3	8.335273E0
6.450000E2	8.130483E0	-2.831318E-3	8.886570E0
6.460000E2	8.125275E0	-2.831318E-3	8.808793E0
6.470000E2	8.120068E0	-2.831318E-3	7.669138E0
6.480000E2	8.114860E0	-2.831318E-3	8.483008E0
6.490000E2	8.109653E0	-2.831318E-3	9.133480E0
6.500000E2	8.104445E0	-2.831318E-3	9.229756E0
6.510000E2	8.099238E0	-2.831318E-3	7.577829E0
6.520000E2	8.094030E0	-2.831318E-3	8.117941E0
6.530000E2	8.088823E0	-2.831318E-3	9.559857E0
6.540000E2	8.083615E0	-2.831318E-3	8.787688E0
6.550000E2	8.078407E0	-2.831318E-3	9.079899E0
6.560000E2	8.073200E0	-2.831318E-3	9.291785E0
6.570000E2	8.067992E0	-2.831318E-3	8.780843E0
6.580000E2	8.062785E0	-2.831318E-3	7.985323E0
6.590000E2	8.057577E0	-2.831318E-3	8.754015E0
6.600000E2	8.052370E0	-2.831318E-3	8.217556E0
6.610000E2	8.047162E0	-2.831318E-3	7.608792E0
6.620000E2	8.041955E0	-2.831318E-3	8.103780E0
6.630000E2	8.036747E0	-2.831318E-3	8.286410E0
6.640000E2	8.031540E0	-2.831318E-3	8.683399E0
6.650000E2	8.026332E0	-2.831318E-3	8.569481E0
6.660000E2	8.021125E0	-2.831318E-3	8.581147E0
6.670000E2	8.015917E0	-2.831318E-3	8.545554E0
6.680000E2	8.010710E0	-2.831318E-3	8.164543E0
6.690000E2	8.005502E0	-2.831318E-3	8.701165E0
6.700000E2	8.000295E0	-2.831318E-3	9.698332E0
6.710000E2	7.995087E0	-2.831318E-3	9.225217E0
6.720000E2	7.989879E0	-2.831318E-3	8.018823E0
6.730000E2	7.984672E0	-2.831318E-3	7.635235E0
6.740000E2	7.979464E0	-2.831318E-3	8.145754E0
6.750000E2	7.974257E0	-2.831318E-3	9.623105E0
6.760000E2	7.969049E0	-2.831318E-3	9.460067E0
6.770000E2	7.963842E0	-2.831318E-3	1.003089E1
6.780000E2	7.958634E0	-2.831318E-3	1.077579E1
6.790000E2	7.953427E0	-2.831318E-3	1.083536E1
6.800000E2	7.948219E0	-2.831318E-3	9.930724E0
6.810000E2	7.943012E0	-2.831318E-3	9.842979E0
6.820000E2	7.937804E0	-2.831318E-3	9.441465E0
6.830000E2	7.932597E0	-2.831318E-3	9.452174E0
6.840000E2	7.927389E0	-2.831318E-3	9.871595E0
6.850000E2	7.922182E0	-2.831318E-3	9.315897E0
6.860000E2	7.916974E0	-2.831318E-3	8.150828E0
6.870000E2	7.911766E0	-2.831318E-3	7.870093E0
6.880000E2	7.906559E0	-2.831318E-3	7.692318E0
6.890000E2	7.901351E0	-2.831318E-3	8.218723E0
6.900000E2	7.896144E0	-2.831318E-3	8.501540E0
6.910000E2	7.890936E0	-2.831318E-3	7.425294E0
6.920000E2	7.885729E0	-2.831318E-3	7.843543E0
6.930000E2	7.880521E0	-2.831318E-3	1.013881E1
6.940000E2	7.875314E0	-2.831318E-3	8.565523E0
6.950000E2	7.870106E0	-2.831318E-3	8.554590E0
6.960000E2	7.864899E0	-2.831318E-3	9.592744E0
6.970000E2	7.859691E0	-2.831318E-3	7.587157E0
6.980000E2	7.854484E0	-2.831318E-3	7.505042E0
6.990000E2	7.849276E0	-2.831318E-3	8.082387E0
7.000000E2	7.844069E0	-2.831318E-3	7.287126E0
7.010000E2	7.838861E0	-2.831318E-3	8.234327E0
7.020000E2	7.833653E0	-2.831318E-3	7.264745E0
7.030000E2	7.828446E0	-2.831318E-3	7.007370E0
7.040000E2	7.823238E0	-2.831318E-3	7.935106E0
7.050000E2	7.818031E0	-2.831318E-3	7.713679E0
7.060000E2	7.812823E0	-2.831318E-3	7.649492E0
7.070000E2	7.807616E0	-2.831318E-3	6.185240E0
7.080000E2	7.802408E0	-2.831318E-3	5.951396E0
7.090000E2	7.797201E0	-2.831318E-3	7.918056E0
7.100000E2	7.791993E0	-2.831318E-3	7.289054E0
7.110000E2	7.786786E0	-2.831318E-3	7.621905E0
7.120000E2	7.781578E0	-2.831318E-3	7.567863E0
7.130000E2	7.776371E0	-2.831318E-3	7.403912E0
7.140000E2	7.771163E0	-2.831318E-3	7.499069E0
7.150000E2	7.765956E0	-2.831318E-3	6.854430E0
7.160000E2	7.760748E0	-2.831318E-3	7.255681E0
7.170000E2	7.755540E0	-2.831318E-3	7.720875E0
7.180000E2	7.750333E0	-2.831318E-3	7.346447E0
7.190000E2	7.745125E0	-2.831318E-3	7.489703E0
7.200000E2	7.739918E0	-2.831318E-3	6.960304E0
7.210000E2	7.734710E0	-2.831318E-3	8.248223E0
7.220000E2	7.729503E0	-2.831318E-3	8.102210E0
7.230000E2	7.724295E0	-2.831318E-3	5.815839E0
7.240000E2	7.719088E0	-2.831318E-3	5.366792E0
7.250000E2	7.713880E0	-2.831318E-3	4.893703E0
7.260000E2	7.708673E0	-2.831318E-3	6.236785E0
7.270000E2	7.703465E0	-2.831318E-3	7.145528E0
7.280000E2	7.698258E0	-2.831318E-3	6.384622E0
7.290000E2	7.693050E0	-2.831318E-3	6.458163E0
7.300000E2	7.687843E0	-2.831318E-3	7.632846E0
7.310000E2	7.682635E0	-2.831318E-3	6.317357E0
7.320000E2	7.677428E0	-2.831318E-3	5.580015E0
7.330000E2	7.672220E0	-2.831318E-3	6.150170E0
7.340000E2	7.667012E0	-2.831318E-3	6.437613E0
7.350000E2	7.661805E0	-2.831318E-3	5.989492E0
7.360000E2	7.656597E0	-2.831318E-3	7.649438E0
7.370000E2	7.651390E0	-2.831318E-3	8.212061E0
7.380000E2	7.646182E0	-2.831318E-3	7.408521E0
7.390000E2	7.640975E0	-2.831318E-3	6.999323E0
7.400000E2	7.635767E0	-2.831318E-3	9.504859E0
7.410000E2	7.630560E0	-2.831318E-3	7.158351E0
7.420000E2	7.625352E0	-2.831318E-3	5.495230E0
7.430000E2	7.620145E0	-2.831318E-3	6.961972E0
7.440000E2	7.614937E0	-2.831318E-3	7.171796E0
7.450000E2	7.609730E0	-2.831318E-3	8.668164E0
7.460000E2	7.604522E0	-2.831318E-3	8.023316E0
7.470000E2	7.599315E0	-2.831318E-3	8.549019E0
7.480000E2	7.594107E0	-2.831318E-3	7.277685E0
7.490000E2	7.588899E0	-2.831318E-3	7.186138E0
7.500000E2	7.583692E0	-2.831318E-3	7.833605E0
7.510000E2	7.578484E0	-2.831318E-3	7.335105E0
7.520000E2	7.573277E0	-2.831318E-3	8.360291E0
7.530000E2	7.568069E0	-2.831318E-3	8.767008E0
7.540000E2	7.562862E0	-2.831318E-3	8.250251E0
7.550000E2	7.557654E0	-2.831318E-3	8.011783E0
7.560000E2	7.552447E0	-2.831318E-3	7.768074E0
7.570000E2	7.547239E0	-2.831318E-3	8.411034E0
7.580000E2	7.542032E0	-2.831318E-3	8.940109E0
7.590000E2	7.536824E0	-2.831318E-3	9.435764E0
7.600000E2	7.531617E0	-2.831318E-3	9.552290E0
7.610000E2	7.526409E0	-2.831318E-3	8.287910E0
7.620000E2	7.521202E0	-2.831318E-3	7.628969E0
7.630000E2	7.515994E0	-2.831318E-3	7.763815E0
7.640000E2	7.510786E0	-2.831318E-3	7.854157E0
7.650000E2	7.505579E0	-2.831318E-3	9.079786E0
7.660000E2	7.500371E0	-2.831318E-3	9.572192E0
7.670000E2	7.495164E0	-2.831318E-3	9.825815E0
7.680000E2	7.489956E0	-2.831318E-3	1.003403E1
7.690000E2	7.484749E0	-2.831318E-3	1.103414E1
7.700000E2	7.479541E0	-2.831318E-3	1.212550E1
7.710000E2	7.474334E0	-2.831318E-3	1.141211E1
7.720000E2	7.469126E0	-2.831318E-3	8.959464E0
7.730000E2	7.463919E0	-2.831318E-3	8.812211E0
7.740000E2	7.458711E0	-2.831318E-3	1.082881E1
7.750000E2	7.453504E0	-2.831318E-3	1.092516E1
7.760000E2	7.448296E0	-2.831318E-3	1.182386E1
7.770000E2	7.443089E0	-2.831318E-3	1.155371E1
7.780000E2	7.437881E0	-2.831318E-3	1.129070E1
7.790000E2	7.432674E0	-2.831318E-3	1.083681E1
7.800000E2	7.427466E0	-2.831318E-3	9.681532E0
7.810000E2	7.422258E0	-2.831318E-3	1.015849E1
7.820000E2	7.417051E0	-2.831318E-3	1.094152E1
7.830000E2	7.411843E0	-2.831318E-3	1.167855E1
7.840000E2	7.406636E0	-2.831318E-3	1.213731E1
7.850000E2	7.401428E0	-2.831318E-3	1.125608E1
7.860000E2	7.396221E0	-2.831318E-3	1.106242E1
7.870000E2	7.391013E0	-2.831318E-3	1.046718E1
7.880000E2	7.385806E0	-2.831318E-3	1.046866E1
7.890000E2	7.380598E0	-2.831318E-3	1.195912E1
7.900000E2	7.375391E0	-2.831318E-3	1.317056E1
7.910000E2	7.370183E0	-2.831318E-3	1.309384E1
7.920000E2	7.364976E0	-2.831318E-3	1.272673E1
7.930000E2	7.359768E0	-2.831318E-3	1.221059E1
7.940000E2	7.354561E0	-2.831318E-3	1.143364E1
7.950000E2	7.349353E0	-2.831318E-3	1.189838E1
7.960000E2	7.344145E0	-2.831318E-3	1.102346E1
7.970000E2	7.338938E0	-2.831318E-3	1.116790E1
7.980000E2	7.333730E0	-2.831318E-3	1.067635E1
7.990000E2	7.328523E0	-2.831318E-3	1.141185E1
8.000000E2	7.323315E0	-2.831318E-3	1.118958E1
8.010000E2	7.318108E0	-2.831318E-3	1.111463E1
8.020000E2	7.312900E0	-2.831318E-3	1.173196E1
8.030000E2	7.307693E0	-2.831318E-3	1.178516E1
8.040000E2	7.302485E0	-2.831318E-3	1.229169E1
8.050000E2	7.297278E0	-2.831318E-3	1.204755E1
8.060000E2	7.292070E0	-2.831318E-3	1.152898E1
8.070000E2	7.286863E0	-2.831318E-3	1.158209E1
8.080000E2	7.281655E0	-2.831318E-3	1.252650E1
8.090000E2	7.276448E0	-2.831318E-3	1.076381E1
8.100000E2	7.271240E0	-2.831318E-3	7.589681E0
8.110000E2	7.266032E0	-2.831318E-3	8.821463E0
8.120000E2	7.260825E0	-2.831318E-3	9.679037E0
8.130000E2	7.255617E0	-2.831318E-3	1.048699E1
8.140000E2	7.250410E0	-2.831318E-3	1.011050E1
8.150000E2	7.245202E0	-2.831318E-3	9.693741E0
8.160000E2	7.239995E0	-2.831318E-3	9.364967E0
8.170000E2	7.234787E0	-2.831318E-3	9.224779E0
8.180000E2	7.229580E0	-2.831318E-3	9.970500E0
8.190000E2	7.224372E0	-2.831318E-3	9.909770E0
8.200000E2	7.219165E0	-2.831318E-3	9.558830E0
8.210000E2	7.213957E0	-2.831318E-3	8.575633E0
8.220000E2	7.208750E0	-2.831318E-3	9.527720E0
8.230000E2	7.203542E0	-2.831318E-3	9.928111E0
8.240000E2	7.198335E0	-2.831318E-3	8.542625E0
8.250000E2	7.193127E0	-2.831318E-3	8.877321E0
8.260000E2	7.187920E0	-2.831318E-3	9.203372E0
8.270000E2	7.182712E0	-2.831318E-3	9.309204E0
8.280000E2	7.177504E0	-2.831318E-3	8.725769E0
8.290000E2	7.172297E0	-2.831318E-3	8.655301E0
8.300000E2	7.167089E0	-2.831318E-3	8.447396E0
8.310000E2	7.161882E0	-2.831318E-3	7.541591E0
8.320000E2	7.156674E0	-2.831318E-3	6.547271E0
8.330000E2	7.151467E0	-2.831318E-3	5.623295E0
8.340000E2	7.146259E0	-2.831318E-3	7.940634E0
8.350000E2	7.141052E0	-2.831318E-3	8.481188E0
8.360000E2	7.135844E0	-2.831318E-3	6.806857E0
8.370000E2	7.130637E0	-2.831318E-3	6.266647E0
8.380000E2	7.125429E0	-2.831318E-3	6.712092E0
8.390000E2	7.120222E0	-2.831318E-3	6.372215E0
8.400000E2	7.115014E0	-2.831318E-3	7.651338E0
8.410000E2	7.109807E0	-2.831318E-3	9.168182E0
8.420000E2	7.104599E0	-2.831318E-3	7.659114E0
8.430000E2	7.099391E0	-2.831318E-3	7.205738E0
8.440000E2	7.094184E0	-2.831318E-3	7.843050E0
8.450000E2	7.088976E0	-2.831318E-3	7.333722E0
8.460000E2	7.083769E0	-2.831318E-3	7.649501E0
8.470000E2	7.078561E0	-2.831318E-3	7.715818E0
8.480000E2	7.073354E0	-2.831318E-3	7.783826E0
8.490000E2	7.068146E0	-2.831318E-3	6.086918E0
8.500000E2	7.062939E0	-2.831318E-3	6.999588E0
8.510000E2	7.057731E0	-2.831318E-3	7.739680E0
8.520000E2	7.052524E0	-2.831318E-3	7.664917E0
8.530000E2	7.047316E0	-2.831318E-3	7.270703E0
8.540000E2	7.042109E0	-2.831318E-3	8.241029E0
8.550000E2	7.036901E0	-2.831318E-3	7.734609E0
8.560000E2	7.031694E0	-2.831318E-3	8.009838E0
8.570000E2	7.026486E0	-2.831318E-3	8.792260E0
8.580000E2	7.021278E0	-2.831318E-3	8.696902E0
8.590000E2	7.016071E0	-2.831318E-3	6.588158E0
8.600000E2	7.010863E0	-2.831318E-3	7.462089E0
8.610000E2	7.005656E0	-2.831318E-3	7.946859E0
8.620000E2	7.000448E0	-2.831318E-3	7.843201E0
8.630000E2	6.995241E0	-2.831318E-3	8.387695E0
8.640000E2	6.990033E0	-2.831318E-3	8.771785E0
8.650000E2	6.984826E0	-2.831318E-3	9.133451E0
8.660000E2	6.979618E0	-2.831318E-3	8.023240E0
8.670000E2	6.974411E0	-2.831318E-3	7.214435E0
8.680000E2	6.969203E0	-2.831318E-3	8.251579E0
8.690000E2	6.963996E0	-2.831318E-3	9.574627E0
8.700000E2	6.958788E0	-2.831318E-3	9.036756E0
8.710000E2	6.953581E0	-2.831318E-3	7.690688E0
8.720000E2	6.948373E0	-2.831318E-3	9.238799E0
8.730000E2	6.943166E0	-2.831318E-3	9.964137E0
8.740000E2	6.937958E0	-2.831318E-3	9.758719E0
8.750000E2	6.932750E0	-2.831318E-3	9.437069E0
8.760000E2	6.927543E0	-2.831318E-3	9.379026E0
8.770000E2	6.922335E0	-2.831318E-3	1.060543E1
8.780000E2	6.917128E0	-2.831318E-3	1.063819E1
8.790000E2	6.911920E0	-2.831318E-3	8.883953E0
8.800000E2	6.906713E0	-2.831318E-3	9.217710E0
8.810000E2	6.901505E0	-2.831318E-3	1.054968E1
8.820000E2	6.896298E0	-2.831318E-3	1.203667E1
8.830000E2	6.891090E0	-2.831318E-3	1.206746E1
8.840000E2	6.885883E0	-2.831318E-3	1.152167E1
8.850000E2	6.880675E0	-2.831318E-3	1.115100E1
8.860000E2	6.875468E0	-2.831318E-3	1.183287E1
8.870000E2	6.870260E0	-2.831318E-3	1.174621E1
8.880000E2	6.865053E0	-2.831318E-3	1.117430E1
8.890000E2	6.859845E0	-2.831318E-3	1.178690E1
8.900000E2	6.854637E0	-2.831318E-3	1.185570E1
8.910000E2	6.849430E0	-2.831318E-3	1.204048E1
8.920000E2	6.844222E0	-2.831318E-3	1.146651E1
8.930000E2	6.839015E0	-2.831318E-3	1.185568E1
8.940000E2	6.833807E0	-2.831318E-3	1.287490E1
8.950000E2	6.828600E0	-2.831318E-3	1.260542E1
8.960000E2	6.823392E0	-2.831318E-3	1.322775E1
8.970000E2	6.818185E0	-2.831318E-3	1.436137E1
8.980000E2	6.812977E0	-2.831318E-3	1.535297E1
8.990000E2	6.807770E0	-2.831318E-3	1.427565E1
9.000000E2	6.802562E0	-2.831318E-3	1.433260E1
9.010000E2	6.797355E0	-2.831318E-3	1.481614E1
9.020000E2	6.792147E0	-2.831318E-3	1.395414E1
9.030000E2	6.786940E0	-2.831318E-3	1.270886E1
9.040000E2	6.781732E0	-2.831318E-3	1.354000E1
9.050000E2	6.776524E0	-2.831318E-3	1.466099E1
9.060000E2	6.771317E0	-2.831318E-3	1.452224E1
9.070000E2	6.766109E0	-2.831318E-3	1.477990E1
9.080000E2	6.760902E0	-2.831318E-3	1.399826E1
9.090000E2	6.755694E0	-2.831318E-3	1.278203E1
9.100000E2	6.750487E0	-2.831318E-3	1.299986E1
9.110000E2	6.745279E0	-2.831318E-3	1.571187E1
9.120000E2	6.740072E0	-2.831318E-3	1.594270E1
9.130000E2	6.734864E0	-2.831318E-3	1.614524E1
9.140000E2	6.729657E0	-2.831318E-3	1.645321E1
9.150000E2	6.724449E0	-2.831318E-3	1.663042E1
9.160000E2	6.719242E0	-2.831318E-3	1.550010E1
9.170000E2	6.714034E0	-2.831318E-3	1.561820E1
9.180000E2	6.708827E0	-2.831318E-3	1.703120E1
9.190000E2	6.703619E0	-2.831318E-3	1.567383E1
9.200000E2	6.698412E0	-2.831318E-3	1.671586E1
9.210000E2	6.693204E0	-2.831318E-3	1.630292E1
9.220000E2	6.687996E0	-2.831318E-3	1.572249E1
9.230000E2	6.682789E0	-2.831318E-3	1.596975E1
9.240000E2	6.677581E0	-2.831318E-3	1.642775E1
9.250000E2	6.672374E0	-2.831318E-3	1.513362E1
9.260000E2	6.667166E0	-2.831318E-3	1.413078E1
9.270000E2	6.661959E0	-2.831318E-3	1.472994E1
9.280000E2	6.656751E0	-2.831318E-3	1.476558E1
9.290000E2	6.651544E0	-2.831318E-3	1.516223E1
9.300000E2	6.646336E0	-2.831318E-3	1.534550E1
9.310000E2	6.641129E0	-2.831318E-3	1.541470E1
9.320000E2	6.635921E0	-2.831318E-3	1.505414E1
9.330000E2	6.630714E0	-2.831318E-3	1.371461E1
9.340000E2	6.625506E0	-2.831318E-3	1.327527E1
9.350000E2	6.620299E0	-2.831318E-3	1.441779E1
9.360000E2	6.615091E0	-2.831318E-3	1.448986E1
9.370000E2	6.609883E0	-2.831318E-3	1.419989E1
9.380000E2	6.604676E0	-2.831318E-3	1.446002E1
9.390000E2	6.599468E0	-2.831318E-3	1.448853E1
9.400000E2	6.594261E0	-2.831318E-3	1.217219E1
9.410000E2	6.589053E0	-2.831318E-3	1.202022E1
9.420000E2	6.583846E0	-2.831318E-3	1.133697E1
9.430000E2	6.578638E0	-2.831318E-3	1.058028E1
9.440000E2	6.573431E0	-2.831318E-3	9.781296E0
9.450000E2	6.568223E0	-2.831318E-3	1.083380E1
9.460000E2	6.563016E0	-2.831318E-3	1.141190E1
9.470000E2	6.557808E0	-2.831318E-3	1.136338E1
9.480000E2	6.552601E0	-2.831318E-3	1.122334E1
9.490000E2	6.547393E0	-2.831318E-3	1.219018E1
9.500000E2	6.542186E0	-2.831318E-3	1.178184E1
9.510000E2	6.536978E0	-2.831318E-3	1.099894E1
9.520000E2	6.531770E0	-2.831318E-3	1.143593E1
9.530000E2	6.526563E0	-2.831318E-3	1.239892E1
9.540000E2	6.521355E0	-2.831318E-3	1.332179E1
9.550000E2	6.516148E0	-2.831318E-3	1.330364E1
9.560000E2	6.510940E0	-2.831318E-3	1.112981E1
9.570000E2	6.505733E0	-2.831318E-3	1.107180E1
9.580000E2	6.500525E0	-2.831318E-3	1.086481E1
9.590000E2	6.495318E0	-2.831318E-3	9.106110E0
9.600000E2	6.490110E0	-2.831318E-3	9.956717E0
9.610000E2	6.484903E0	-2.831318E-3	9.685563E0
9.620000E2	6.479695E0	-2.831318E-3	8.874526E0
9.630000E2	6.474488E0	-2.831318E-3	8.102331E0
9.640000E2	6.469280E0	-2.831318E-3	8.947533E0
9.650000E2	6.464073E0	-2.831318E-3	8.957530E0
9.660000E2	6.458865E0	-2.831318E-3	8.003313E0
9.670000E2	6.453658E0	-2.831318E-3	9.275074E0
9.680000E2	6.448450E0	-2.831318E-3	9.221766E0
9.690000E2	6.443242E0	-2.831318E-3	8.619192E0
9.700000E2	6.438035E0	-2.831318E-3	9.179913E0
9.710000E2	6.432827E0	-2.831318E-3	8.844576E0
9.720000E2	6.427620E0	-2.831318E-3	8.681934E0
9.730000E2	6.422412E0	-2.831318E-3	6.925880E0
9.740000E2	6.417205E0	-2.831318E-3	8.941323E0
9.750000E2	6.411997E0	-2.831318E-3	9.595587E0
9.760000E2	6.406790E0	-2.831318E-3	9.252533E0
9.770000E2	6.401582E0	-2.831318E-3	8.702860E0
9.780000E2	6.396375E0	-2.831318E-3	8.168491E0
9.790000E2	6.391167E0	-2.831318E-3	7.099467E0
9.800000E2	6.385960E0	-2.831318E-3	7.997531E0
9.810000E2	6.380752E0	-2.831318E-3	8.857188E0
9.820000E2	6.375545E0	-2.831318E-3	9.321978E0
9.830000E2	6.370337E0	-2.831318E-3	7.763614E0
9.840000E2	6.365129E0	-2.831318E-3	8.455540E0
9.850000E2	6.359922E0	-2.831318E-3	7.943465E0
9.860000E2	6.354714E0	-2.831318E-3	9.418588E0
9.870000E2	6.349507E0	-2.831318E-3	9.027114E0
9.880000E2	6.344299E0	-2.831318E-3	8.331836E0
9.890000E2	6.339092E0	-2.831318E-3	1.038591E1
9.900000E2	6.333884E0	-2.831318E-3	8.513444E0
9.910000E2	6.328677E0	-2.831318E-3	7.573087E0
9.920000E2	6.323469E0	-2.831318E-3	9.500976E0
9.930000E2	6.318262E0	-2.831318E-3	9.475326E0
9.940000E2	6.313054E0	-2.831318E-3	1.000423E1
9.950000E2	6.307847E0	-2.831318E-3	1.039783E1
9.960000E2	6.302639E0	-2.831318E-3	1.071476E1
9.970000E2	6.297432E0	-2.831318E-3	1.260071E1
9.980000E2	6.292224E0	-2.831318E-3	1.213966E1
9.990000E2	6.287016E0	-2.831318E-3	1.046873E1
1.000000E3	6.281809E0	-2.831318E-3	1.136038E1
1.001000E3	6.276601E0	-2.831318E-3	1.279536E1
1.002000E3	6.271394E0	-2.831318E-3	1.349297E1
1.003000E3	6.266186E0	-2.831318E-3	1.252393E1
1.004000E3	6.260979E0	-2.831318E-3	1.291915E1
1.005000E3	6.255771E0	-2.831318E-3	1.368887E1
1.006000E3	6.250564E0	-2.831318E-3	1.563952E1
1.007000E3	6.245356E0	-2.831318E-3	1.518672E1
1.008000E3	6.240149E0	-2.831318E-3	1.437624E1
1.009000E3	6.234941E0	-2.831318E-3	1.370194E1
1.010000E3	6.229734E0	-2.831318E-3	1.598928E1
1.011000E3	6.224526E0	-2.831318E-3	1.540437E1
1.012000E3	6.219319E0	-2.831318E-3	1.608312E1
1.013000E3	6.214111E0	-2.831318E-3	1.607917E1
1.014000E3	6.208903E0	-2.831318E-3	1.886770E1
1.015000E3	6.203696E0	-2.831318E-3	1.998054E1
1.016000E3	6.198488E0	-2.831318E-3	1.835545E1
1.017000E3	6.193281E0	-2.831318E-3	1.721398E1
1.018000E3	6.188073E0	-2.831318E-3	1.839844E1
1.019000E3	6.182866E0	-2.831318E-3	1.743075E1
1.020000E3	6.177658E0	-2.831318E-3	1.846114E1
1.021000E3	6.172451E0	-2.831318E-3	2.021373E1
1.022000E3	6.167243E0	-2.831318E-3	1.997265E1
1.023000E3	6.162036E0	-2.831318E-3	1.890638E1
1.024000E3	6.156828E0	-2.831318E-3	1.915765E1
1.025000E3	6.151621E0	-2.831318E-3	2.083000E1
1.026000E3	6.146413E0	-2.831318E-3	2.067141E1
1.027000E3	6.141206E0	-2.831318E-3	2.021447E1
1.028000E3	6.135998E0	-2.831318E-3	1.977008E1
1.029000E3	6.130791E0	-2.831318E-3	2.186804E1
1.030000E3	6.125583E0	-2.831318E-3	2.194200E1
1.031000E3	6.120375E0	-2.831318E-3	2.271118E1
1.032000E3	6.115168E0	-2.831318E-3	2.213359E1
1.033000E3	6.109960E0	-2.831318E-3	2.189513E1
1.034000E3	6.104753E0	-2.831318E-3	2.109454E1
1.035000E3	6.099545E0	-2.831318E-3	2.130751E1
1.036000E3	6.094338E0	-2.831318E-3	2.064925E1
1.037000E3	6.089130E0	-2.831318E-3	2.204932E1
1.038000E3	6.083923E0	-2.831318E-3	2.263210E1
1.039000E3	6.078715E0	-2.831318E-3	2.133439E1
1.040000E3	6.073508E0	-2.831318E-3	2.116793E1
1.041000E3	6.068300E0	-2.831318E-3	2.313721E1
1.042000E3	6.063093E0	-2.831318E-3	2.292365E1
1.043000E3	6.057885E0	-2.831318E-3	2.253277E1
1.044000E3	6.052678E0	-2.831318E-3	2.238107E1
1.045000E3	6.047470E0	-2.831318E-3	2.315453E1
1.046000E3	6.042262E0	-2.831318E-3	2.343985E1
1.047000E3	6.037055E0	-2.831318E-3	2.398861E1
1.048000E3	6.031847E0	-2.831318E-3	2.361671E1
1.049000E3	6.026640E0	-2.831318E-3	2.220366E1
1.050000E3	6.021432E0	-2.831318E-3	2.242649E1
1.051000E3	6.016225E0	-2.831318E-3	2.288648E1
1.052000E3	6.011017E0	-2.831318E-3	2.230695E1
1.053000E3	6.005810E0	-2.831318E-3	2.314729E1
1.054000E3	6.000602E0	-2.831318E-3	2.449017E1
1.055000E3	5.995395E0	-2.831318E-3	2.315560E1
1.056000E3	5.990187E0	-2.831318E-3	2.369472E1
1.057000E3	5.984980E0	-2.831318E-3	2.262687E1
1.058000E3	5.979772E0	-2.831318E-3	2.232621E1
1.059000E3	5.974565E0	-2.831318E-3	2.309308E1
1.060000E3	5.969357E0	-2.831318E-3	2.206510E1
1.061000E3	5.964149E0	-2.831318E-3	2.266033E1
1.062000E3	5.958942E0	-2.831318E-3	2.320317E1
1.063000E3	5.953734E0	-2.831318E-3	2.093068E1
1.064000E3	5.948527E0	-2.831318E-3	1.982715E1
1.065000E3	5.943319E0	-2.831318E-3	2.044009E1
1.066000E3	5.938112E0	-2.831318E-3	1.980070E1
1.067000E3	5.932904E0	-2.831318E-3	2.087620E1
1.068000E3	5.927697E0	-2.831318E-3	2.007961E1
1.069000E3	5.922489E0	-2.831318E-3	1.827195E1
1.070000E3	5.917282E0	-2.831318E-3	1.834788E1
1.071000E3	5.912074E0	-2.831318E-3	1.804694E1
1.072000E3	5.906867E0	-2.831318E-3	1.788625E1
1.073000E3	5.901659E0	-2.831318E-3	1.724090E1
1.074000E3	5.896452E0	-2.831318E-3	1.601228E1
1.075000E3	5.891244E0	-2.831318E-3	1.483837E1
1.076000E3	5.886037E0	-2.831318E-3	1.535516E1
1.077000E3	5.880829E0	-2.831318E-3	1.552730E1
1.078000E3	5.875621E0	-2.831318E-3	1.633775E1
1.079000E3	5.870414E0	-2.831318E-3	1.620148E1
1.080000E3	5.865206E0	-2.831318E-3	1.516041E1
1.081000E3	5.859999E0	-2.831318E-3	1.370548E1
1.082000E3	5.854791E0	-2.831318E-3	1.412950E1
1.083000E3	5.849584E0	-2.831318E-3	1.376069E1
1.084000E3	5.844376E0	-2.831318E-3	1.328401E1
1.085000E3	5.839169E0	-2.831318E-3	1.366681E1
1.086000E3	5.833961E0	-2.831318E-3	1.223684E1
1.087000E3	5.828754E0	-2.831318E-3	1.105708E1
1.088000E3	5.823546E0	-2.831318E-3	9.951971E0
1.089000E3	5.818339E0	-2.831318E-3	1.070341E1
1.090000E3	5.813131E0	-2.831318E-3	1.212115E1
1.091000E3	5.807924E0	-2.831318E-3	1.136875E1
1.092000E3	5.802716E0	-2.831318E-3	1.019311E1
1.093000E3	5.797508E0	-2.831318E-3	9.977783E0
1.094000E3	5.792301E0	-2.831318E-3	9.660253E0
1.095000E3	5.787093E0	-2.831318E-3	9.717314E0
1.096000E3	5.781886E0	-2.831318E-3	8.870511E0
1.097000E3	5.776678E0	-2.831318E-3	9.255315E0
1.098000E3	5.771471E0	-2.831318E-3	8.977508E0
1.099000E3	5.766263E0	-2.831318E-3	8.552378E0
1.100000E3	5.761056E0	-2.831318E-3	9.549062E0
1.101000E3	5.755848E0	-2.831318E-3	9.250996E0
1.102000E3	5.750641E0	-2.831318E-3	9.295519E0
1.103000E3	5.745433E0	-2.831318E-3	7.949252E0
1.104000E3	5.740226E0	-2.831318E-3	8.961988E0
1.105000E3	5.735018E0	-2.831318E-3	8.566078E0
1.106000E3	5.729811E0	-2.831318E-3	7.779665E0
1.107000E3	5.724603E0	-2.831318E-3	8.322276E0
1.108000E3	5.719395E0	-2.831318E-3	8.848502E0
1.109000E3	5.714188E0	-2.831318E-3	9.121730E0
1.110000E3	5.708980E0	-2.831318E-3	8.466610E0
1.111000E3	5.703773E0	-2.831318E-3	7.695280E0
1.112000E3	5.698565E0	-2.831318E-3	8.781077E0
1.113000E3	5.693358E0	-2.831318E-3	9.359234E0
1.114000E3	5.688150E0	-2.831318E-3	1.031338E1
1.115000E3	5.682943E0	-2.831318E-3	1.019305E1
1.116000E3	5.677735E0	-2.831318E-3	1.066381E1
1.117000E3	5.672528E0	-2.831318E-3	1.105189E1
1.118000E3	5.667320E0	-2.831318E-3	1.149267E1
1.119000E3	5.662113E0	-2.831318E-3	1.151266E1
1.120000E3	5.656905E0	-2.831318E-3	1.122091E1
1.121000E3	5.651698E0	-2.831318E-3	1.200792E1
1.122000E3	5.646490E0	-2.831318E-3	1.191851E1
1.123000E3	5.641283E0	-2.831318E-3	1.288321E1
1.124000E3	5.636075E0	-2.831318E-3	1.242234E1
1.125000E3	5.630867E0	-2.831318E-3	1.038462E1
1.126000E3	5.625660E0	-2.831318E-3	1.064188E1
1.127000E3	5.620452E0	-2.831318E-3	1.181601E1
1.128000E3	5.615245E0	-2.831318E-3	1.204015E1
1.129000E3	5.610037E0	-2.831318E-3	1.255674E1
1.130000E3	5.604830E0	-2.831318E-3	1.280134E1
1.131000E3	5.599622E0	-2.831318E-3	1.362815E1
1.132000E3	5.594415E0	-2.831318E-3	1.540138E1
1.133000E3	5.589207E0	-2.831318E-3	1.471858E1
1.134000E3	5.584000E0	-2.831318E-3	1.641421E1
1.135000E3	5.578792E0	-2.831318E-3	1.715344E1
1.136000E3	5.573585E0	-2.831318E-3	1.783202E1
1.137000E3	5.568377E0	-2.831318E-3	1.880643E1
1.138000E3	5.563170E0	-2.831318E-3	2.059013E1
1.139000E3	5.557962E0	-2.831318E-3	1.962098E1
1.140000E3	5.552754E0	-2.831318E-3	1.822896E1
1.141000E3	5.547547E0	-2.831318E-3	2.051312E1
1.142000E3	5.542339E0	-2.831318E-3	2.072959E1
1.143000E3	5.537132E0	-2.831318E-3	1.988380E1
1.144000E3	5.531924E0	-2.831318E-3	2.140026E1
1.145000E3	5.526717E0	-2.831318E-3	2.329045E1
1.146000E3	5.521509E0	-2.831318E-3	2.209398E1
1.147000E3	5.516302E0	-2.831318E-3	2.069400E1
1.148000E3	5.511094E0	-2.831318E-3	2.138917E1
1.149000E3	5.505887E0	-2.831318E-3	2.208968E1
1.150000E3	5.500679E0	-2.831318E-3	2.269190E1
1.151000E3	5.495472E0	-2.831318E-3	2.387690E1
1.152000E3	5.490264E0	-2.831318E-3	2.448975E1
1.153000E3	5.485057E0	-2.831318E-3	2.397167E1
1.154000E3	5.479849E0	-2.831318E-3	2.401750E1
1.155000E3	5.474641E0	-2.831318E-3	2.303536E1
1.156000E3	5.469434E0	-2.831318E-3	2.327447E1
1.157000E3	5.464226E0	-2.831318E-3	2.406082E1
1.158000E3	5.459019E0	-2.831318E-3	2.551504E1
1.159000E3	5.453811E0	-2.831318E-3	2.511728E1
1.160000E3	5.448604E0	-2.831318E-3	2.404753E1
1.161000E3	5.443396E0	-2.831318E-3	2.656083E1
1.162000E3	5.438189E0	-2.831318E-3	2.762387E1
1.163000E3	5.432981E0	-2.831318E-3	2.531008E1
1.164000E3	5.427774E0	-2.831318E-3	2.622427E1
1.165000E3	5.422566E0	-2.831318E-3	2.414549E1
1.166000E3	5.417359E0	-2.831318E-3	2.336757E1
1.167000E3	5.412151E0	-2.831318E-3	2.349022E1
1.168000E3	5.406944E0	-2.831318E-3	2.245965E1
1.169000E3	5.401736E0	-2.831318E-3	2.208492E1
1.170000E3	5.396529E0	-2.831318E-3	2.435627E1
1.171000E3	5.391321E0	-2.831318E-3	2.489632E1
1.172000E3	5.386113E0	-2.831318E-3	2.636161E1
1.173000E3	5.380906E0	-2.831318E-3	2.588072E1
1.174000E3	5.375698E0	-2.831318E-3	2.449899E1
1.175000E3	5.370491E0	-2.831318E-3	2.529921E1
1.176000E3	5.365283E0	-2.831318E-3	2.491263E1
1.177000E3	5.360076E0	-2.831318E-3	2.406654E1
1.178000E3	5.354868E0	-2.831318E-3	2.418044E1
1.179000E3	5.349661E0	-2.831318E-3	2.365370E1
1.180000E3	5.344453E0	-2.831318E-3	2.381110E1
1.181000E3	5.339246E0	-2.831318E-3	2.144793E1
1.182000E3	5.334038E0	-2.831318E-3	2.404954E1
1.183000E3	5.328831E0	-2.831318E-3	2.588005E1
1.184000E3	5.323623E0	-2.831318E-3	2.554484E1
1.185000E3	5.318416E0	-2.831318E-3	2.309256E1
1.186000E3	5.313208E0	-2.831318E-3	2.186553E1
1.187000E3	5.308000E0	-2.831318E-3	2.018137E1
1.188000E3	5.302793E0	-2.831318E-3	2.217405E1
1.189000E3	5.297585E0	-2.831318E-3	2.088511E1
1.190000E3	5.292378E0	-2.831318E-3	1.939037E1
1.191000E3	5.287170E0	-2.831318E-3	1.920183E1
1.192000E3	5.281963E0	-2.831318E-3	2.070791E1
1.193000E3	5.276755E0	-2.831318E-3	2.123727E1
1.194000E3	5.271548E0	-2.831318E-3	2.057095E1
1.195000E3	5.266340E0	-2.831318E-3	1.935080E1
1.196000E3	5.261133E0	-2.831318E-3	1.835175E1
1.197000E3	5.255925E0	-2.831318E-3	1.939161E1
1.198000E3	5.250718E0	-2.831318E-3	2.115915E1
1.199000E3	5.245510E0	-2.831318E-3	1.981555E1
1.200000E3	5.240303E0	-2.831318E-3	1.715227E1
1.201000E3	5.235095E0	-2.831318E-3	1.698095E1
1.202000E3	5.229887E0	-2.831318E-3	1.731864E1
1.203000E3	5.224680E0	-2.831318E-3	1.692761E1
1.204000E3	5.219472E0	-2.831318E-3	1.578718E1
1.205000E3	5.214265E0	-2.831318E-3	1.522913E1
1.206000E3	5.209057E0	-2.831318E-3	1.663418E1
1.207000E3	5.203850E0	-2.831318E-3	1.486507E1
1.208000E3	5.198642E0	-2.831318E-3	1.312225E1
1.209000E3	5.193435E0	-2.831318E-3	1.433896E1
1.210000E3	5.188227E0	-2.831318E-3	1.368616E1
1.211000E3	5.183020E0	-2.831318E-3	1.276398E1
1.212000E3	5.177812E0	-2.831318E-3	1.193561E1
1.213000E3	5.172605E0	-2.831318E-3	1.196111E1
1.214000E3	5.167397E0	-2.831318E-3	1.307208E1
1.215000E3	5.162190E0	-2.831318E-3	1.118050E1
1.216000E3	5.156982E0	-2.831318E-3	1.038019E1
1.217000E3	5.151775E0	-2.831318E-3	1.031240E1
1.218000E3	5.146567E0	-2.831318E-3	1.087601E1
1.219000E3	5.141359E0	-2.831318E-3	1.079115E1
1.220000E3	5.136152E0	-2.831318E-3	1.076851E1
1.221000E3	5.130944E0	-2.831318E-3	9.245980E0
1.222000E3	5.125737E0	-2.831318E-3	9.398720E0
1.223000E3	5.120529E0	-2.831318E-3	8.822471E0
1.224000E3	5.115322E0	-2.831318E-3	8.441205E0
1.225000E3	5.110114E0	-2.831318E-3	9.969725E0
1.226000E3	5.104907E0	-2.831318E-3	8.206498E0
1.227000E3	5.099699E0	-2.831318E-3	7.741397E0
1.228000E3	5.094492E0	-2.831318E-3	1.043403E1
1.229000E3	5.089284E0	-2.831318E-3	1.045662E1
1.230000E3	5.084077E0	-2.831318E-3	9.506924E0
1.231000E3	5.078869E0	-2.831318E-3	9.879485E0
1.232000E3	5.073662E0	-2.831318E-3	9.183072E0
1.233000E3	5.068454E0	-2.831318E-3	9.278026E0
1.234000E3	5.063246E0	-2.831318E-3	1.011333E1
1.235000E3	5.058039E0	-2.831318E-3	1.048391E1
1.236000E3	5.052831E0	-2.831318E-3	1.097004E1
1.237000E3	5.047624E0	-2.831318E-3	1.145112E1
1.238000E3	5.042416E0	-2.831318E-3	1.190863E1
1.239000E3	5.037209E0	-2.831318E-3	1.084293E1
1.240000E3	5.032001E0	-2.831318E-3	9.254419E0
1.241000E3	5.026794E0	-2.831318E-3	1.050540E1
1.242000E3	5.021586E0	-2.831318E-3	1.162164E1
1.243000E3	5.016379E0	-2.831318E-3	1.213042E1
1.244000E3	5.011171E0	-2.831318E-3	1.331296E1
1.245000E3	5.005964E0	-2.831318E-3	1.481840E1
1.246000E3	5.000756E0	-2.831318E-3	1.383413E1
1.247000E3	4.995549E0	-2.831318E-3	1.449235E1
1.248000E3	4.990341E0	-2.831318E-3	1.636477E1
1.249000E3	4.985133E0	-2.831318E-3	1.868000E1
1.250000E3	4.979926E0	-2.831318E-3	1.766901E1
1.251000E3	4.974718E0	-2.831318E-3	1.777558E1
1.252000E3	4.969511E0	-2.831318E-3	1.826127E1
1.253000E3	4.964303E0	-2.831318E-3	2.081217E1
1.254000E3	4.959096E0	-2.831318E-3	2.126786E1
1.255000E3	4.953888E0	-2.831318E-3	1.948010E1
1.256000E3	4.948681E0	-2.831318E-3	1.942107E1
1.257000E3	4.943473E0	-2.831318E-3	1.973135E1
1.258000E3	4.938266E0	-2.831318E-3	1.914625E1
1.259000E3	4.933058E0	-2.831318E-3	2.127739E1
1.260000E3	4.927851E0	-2.831318E-3	2.194106E1
1.261000E3	4.922643E0	-2.831318E-3	2.263368E1
1.262000E3	4.917436E0	-2.831318E-3	2.339151E1
1.263000E3	4.912228E0	-2.831318E-3	2.136846E1
1.264000E3	4.907021E0	-2.831318E-3	2.218074E1
1.265000E3	4.901813E0	-2.831318E-3	2.582927E1
1.266000E3	4.896605E0	-2.831318E-3	2.629618E1
1.267000E3	4.891398E0	-2.831318E-3	2.786834E1
1.268000E3	4.886190E0	-2.831318E-3	2.958327E1
1.269000E3	4.880983E0	-2.831318E-3	2.959459E1
1.270000E3	4.875775E0	-2.831318E-3	2.912840E1
1.271000E3	4.870568E0	-2.831318E-3	2.944668E1
1.272000E3	4.865360E0	-2.831318E-3	3.088190E1
1.273000E3	4.860153E0	-2.831318E-3	3.052874E1
1.274000E3	4.854945E0	-2.831318E-3	2.963604E1
1.275000E3	4.849738E0	-2.831318E-3	2.984370E1
1.276000E3	4.844530E0	-2.831318E-3	3.182803E1
1.277000E3	4.839323E0	-2.831318E-3	3.243298E1
1.278000E3	4.834115E0	-2.831318E-3	3.190007E1
1.279000E3	4.828908E0	-2.831318E-3	3.325568E1
1.280000E3	4.823700E0	-2.831318E-3	3.266118E1
1.281000E3	4.818492E0	-2.831318E-3	3.328301E1
1.282000E3	4.813285E0	-2.831318E-3	3.310900E1
1.283000E3	4.808077E0	-2.831318E-3	3.304848E1
1.284000E3	4.802870E0	-2.831318E-3	3.230558E1
1.285000E3	4.797662E0	-2.831318E-3	3.251021E1
1.286000E3	4.792455E0	-2.831318E-3	3.339254E1
1.287000E3	4.787247E0	-2.831318E-3	3.255925E1
1.288000E3	4.782040E0	-2.831318E-3	3.234965E1
1.289000E3	4.776832E0	-2.831318E-3	3.532977E1
1.290000E3	4.771625E0	-2.831318E-3	3.795281E1
1.291000E3	4.766417E0	-2.831318E-3	3.691928E1
1.292000E3	4.761210E0	-2.831318E-3	3.607202E1
1.293000E3	4.756002E0	-2.831318E-3	3.612702E1
1.294000E3	4.750795E0	-2.831318E-3	3.698403E1
1.295000E3	4.745587E0	-2.831318E-3	3.840002E1
1.296000E3	4.740379E0	-2.831318E-3	3.891377E1
1.297000E3	4.735172E0	-2.831318E-3	3.560398E1
1.298000E3	4.729964E0	-2.831318E-3	3.326428E1
1.299000E3	4.724757E0	-2.831318E-3	3.226676E1
1.300000E3	4.719549E0	-2.831318E-3	3.532386E1
1.301000E3	4.714342E0	-2.831318E-3	3.581931E1
1.302000E3	4.709134E0	-2.831318E-3	3.555731E1
1.303000E3	4.703927E0	-2.831318E-3	3.627230E1
1.304000E3	4.698719E0	-2.831318E-3	3.732835E1
1.305000E3	4.693512E0	-2.831318E-3	3.769672E1
1.306000E3	4.688304E0	-2.831318E-3	3.601307E1
1.307000E3	4.683097E0	-2.831318E-3	3.449748E1
1.308000E3	4.677889E0	-2.831318E-3	3.432757E1
1.309000E3	4.672682E0	-2.831318E-3	3.485629E1
1.310000E3	4.667474E0	-2.831318E-3	3.304475E1
1.311000E3	4.662266E0	-2.831318E-3	3.354914E1
1.312000E3	4.657059E0	-2.831318E-3	3.209979E1
1.313000E3	4.651851E0	-2.831318E-3	2.749665E1
1.314000E3	4.646644E0	-2.831318E-3	2.474365E1
1.315000E3	4.641436E0	-2.831318E-3	2.522763E1
1.316000E3	4.636229E0	-2.831318E-3	2.617388E1
1.317000E3	4.631021E0	-2.831318E-3	2.539252E1
1.318000E3	4.625814E0	-2.831318E-3	2.746130E1
1.319000E3	4.620606E0	-2.831318E-3	3.049310E1
1.320000E3	4.615399E0	-2.831318E-3	3.072093E1
1.321000E3	4.610191E0	-2.831318E-3	3.038146E1
1.322000E3	4.604984E0	-2.831318E-3	3.068453E1
1.323000E3	4.599776E0	-2.831318E-3	3.044851E1
1.324000E3	4.594569E0	-2.831318E-3	3.110150E1
1.325000E3	4.589361E0	-2.831318E-3	2.891822E1
1.326000E3	4.584154E0	-2.831318E-3	2.716959E1
1.327000E3	4.578946E0	-2.831318E-3	2.652487E1
1.328000E3	4.573738E0	-2.831318E-3	2.610764E1
1.329000E3	4.568531E0	-2.831318E-3	2.760887E1
1.330000E3	4.563323E0	-2.831318E-3	2.619685E1
1.331000E3	4.558116E0	-2.831318E-3	2.546279E1
1.332000E3	4.552908E0	-2.831318E-3	2.477863E1
1.333000E3	4.547701E0	-2.831318E-3	2.263442E1
1.334000E3	4.542493E0	-2.831318E-3	2.184658E1
1.335000E3	4.537286E0	-2.831318E-3	2.295120E1
1.336000E3	4.532078E0	-2.831318E-3	2.004102E1
1.337000E3	4.526871E0	-2.831318E-3	1.812994E1
1.338000E3	4.521663E0	-2.831318E-3	1.918059E1
1.339000E3	4.516456E0	-2.831318E-3	1.732264E1
1.340000E3	4.511248E0	-2.831318E-3	1.795646E1
1.341000E3	4.506041E0	-2.831318E-3	1.592657E1
1.342000E3	4.500833E0	-2.831318E-3	1.737466E1
1.343000E3	4.495625E0	-2.831318E-3	1.617035E1
1.344000E3	4.490418E0	-2.831318E-3	1.527852E1
1.345000E3	4.485210E0	-2.831318E-3	1.392942E1
1.346000E3	4.480003E0	-2.831318E-3	1.301375E1
1.347000E3	4.474795E0	-2.831318E-3	1.155003E1
1.348000E3	4.469588E0	-2.831318E-3	1.362246E1
1.349000E3	4.464380E0	-2.831318E-3	1.368617E1
1.350000E3	4.459173E0	-2.831318E-3	1.186888E1
1.351000E3	4.453965E0	-2.831318E-3	1.084766E1
1.352000E3	4.448758E0	-2.831318E-3	1.165770E1
1.353000E3	4.443550E0	-2.831318E-3	1.263466E1
1.354000E3	4.438343E0	-2.831318E-3	1.085412E1
1.355000E3	4.433135E0	-2.831318E-3	9.814972E0
1.356000E3	4.427928E0	-2.831318E-3	9.821588E0
1.357000E3	4.422720E0	-2.831318E-3	1.033520E1
1.358000E3	4.417512E0	-2.831318E-3	1.119817E1
1.359000E3	4.412305E0	-2.831318E-3	1.206804E1
1.360000E3	4.407097E0	-2.831318E-3	1.222448E1
1.361000E3	4.401890E0	-2.831318E-3	1.359676E1
1.362000E3	4.396682E0	-2.831318E-3	1.258239E1
1.363000E3	4.391475E0	-2.831318E-3	1.332439E1
1.364000E3	4.386267E0	-2.831318E-3	1.326847E1
1.365000E3	4.381060E0	-2.831318E-3	1.496221E1
1.366000E3	4.375852E0	-2.831318E-3	1.655291E1
1.367000E3	4.370645E0	-2.831318E-3	1.521851E1
1.368000E3	4.365437E0	-2.831318E-3	1.615408E1
1.369000E3	4.360230E0	-2.831318E-3	1.831079E1
1.370000E3	4.355022E0	-2.831318E-3	1.887781E1
1.371000E3	4.349815E0	-2.831318E-3	1.930038E1
1.372000E3	4.344607E0	-2.831318E-3	1.976706E1
1.373000E3	4.339400E0	-2.831318E-3	1.859789E1
1.374000E3	4.334192E0	-2.831318E-3	1.976038E1
1.375000E3	4.328984E0	-2.831318E-3	1.983385E1
1.376000E3	4.323777E0	-2.831318E-3	2.274401E1
1.377000E3	4.318569E0	-2.831318E-3	2.531431E1
1.378000E3	4.313362E0	-2.831318E-3	2.711491E1
1.379000E3	4.308154E0	-2.831318E-3	2.757071E1
1.380000E3	4.302947E0	-2.831318E-3	2.882084E1
1.381000E3	4.297739E0	-2.831318E-3	2.743800E1
1.382000E3	4.292532E0	-2.831318E-3	2.732231E1
1.383000E3	4.287324E0	-2.831318E-3	2.907167E1
1.384000E3	4.282117E0	-2.831318E-3	2.935680E1
1.385000E3	4.276909E0	-2.831318E-3	3.106129E1
1.386000E3	4.271702E0	-2.831318E-3	3.234509E1
1.387000E3	4.266494E0	-2.831318E-3	3.285196E1
1.388000E3	4.261287E0	-2.831318E-3	3.255890E1
1.389000E3	4.256079E0	-2.831318E-3	3.215859E1
1.390000E3	4.250871E0	-2.831318E-3	3.084685E1
1.391000E3	4.245664E0	-2.831318E-3	3.327879E1
1.392000E3	4.240456E0	-2.831318E-3	3.407125E1
1.393000E3	4.235249E0	-2.831318E-3	3.574424E1
1.394000E3	4.230041E0	-2.831318E-3	3.933032E1
1.395000E3	4.224834E0	-2.831318E-3	3.986235E1
1.396000E3	4.219626E0	-2.831318E-3	3.872285E1
1.397000E3	4.214419E0	-2.831318E-3	4.030768E1
1.398000E3	4.209211E0	-2.831318E-3	4.288342E1
1.399000E3	4.204004E0	-2.831318E-3	4.350074E1
1.400000E3	4.198796E0	-2.831318E-3	4.274617E1
1.401000E3	4.193589E0	-2.831318E-3	4.007933E1
1.402000E3	4.188381E0	-2.831318E-3	4.014399E1
1.403000E3	4.183174E0	-2.831318E-3	3.982943E1
1.404000E3	4.177966E0	-2.831318E-3	3.858389E1
1.405000E3	4.172758E0	-2.831318E-3	3.993463E1
1.406000E3	4.167551E0	-2.831318E-3	4.146844E1
1.407000E3	4.162343E0	-2.831318E-3	4.231054E1
1.408000E3	4.157136E0	-2.831318E-3	3.962134E1
1.409000E3	4.151928E0	-2.831318E-3	4.118001E1
1.410000E3	4.146721E0	-2.831318E-3	4.211485E1
1.411000E3	4.141513E0	-2.831318E-3	4.183400E1
1.412000E3	4.136306E0	-2.831318E-3	4.060631E1
1.413000E3	4.131098E0	-2.831318E-3	4.226246E1
1.414000E3	4.125891E0	-2.831318E-3	4.194464E1
1.415000E3	4.120683E0	-2.831318E-3	4.300195E1
1.416000E3	4.115476E0	-2.831318E-3	4.179178E1
1.417000E3	4.110268E0	-2.831318E-3	4.265995E1
1.418000E3	4.105061E0	-2.831318E-3	4.523321E1
1.419000E3	4.099853E0	-2.831318E-3	4.580255E1
1.420000E3	4.094646E0	-2.831318E-3	4.650993E1
1.421000E3	4.089438E0	-2.831318E-3	4.475357E1
1.422000E3	4.084230E0	-2.831318E-3	4.502166E1
1.423000E3	4.079023E0	-2.831318E-3	4.832633E1
1.424000E3	4.073815E0	-2.831318E-3	4.750988E1
1.425000E3	4.068608E0	-2.831318E-3	4.548359E1
1.426000E3	4.063400E0	-2.831318E-3	4.623666E1
1.427000E3	4.058193E0	-2.831318E-3	4.708206E1
1.428000E3	4.052985E0	-2.831318E-3	4.518228E1
1.429000E3	4.047778E0	-2.831318E-3	4.264346E1
1.430000E3	4.042570E0	-2.831318E-3	4.143429E1
1.431000E3	4.037363E0	-2.831318E-3	3.872815E1
1.432000E3	4.032155E0	-2.831318E-3	4.021323E1
1.433000E3	4.026948E0	-2.831318E-3	4.210006E1
1.434000E3	4.021740E0	-2.831318E-3	4.590330E1
1.435000E3	4.016533E0	-2.831318E-3	4.503045E1
1.436000E3	4.011325E0	-2.831318E-3	4.171222E1
1.437000E3	4.006117E0	-2.831318E-3	4.127405E1
1.438000E3	4.000910E0	-2.831318E-3	3.896167E1
1.439000E3	3.995702E0	-2.831318E-3	3.905318E1
1.440000E3	3.990495E0	-2.831318E-3	3.896505E1
1.441000E3	3.985287E0	-2.831318E-3	3.971188E1
1.442000E3	3.980080E0	-2.831318E-3	3.936074E1
1.443000E3	3.974872E0	-2.831318E-3	3.983178E1
1.444000E3	3.969665E0	-2.831318E-3	3.581254E1
1.445000E3	3.964457E0	-2.831318E-3	3.429347E1
1.446000E3	3.959250E0	-2.831318E-3	3.408439E1
1.447000E3	3.954042E0	-2.831318E-3	3.194014E1
1.448000E3	3.948835E0	-2.831318E-3	2.870763E1
1.449000E3	3.943627E0	-2.831318E-3	2.832310E1
1.450000E3	3.938420E0	-2.831318E-3	3.035048E1
1.451000E3	3.933212E0	-2.831318E-3	3.048693E1
1.452000E3	3.928004E0	-2.831318E-3	2.954632E1
1.453000E3	3.922797E0	-2.831318E-3	3.067003E1
1.454000E3	3.917589E0	-2.831318E-3	3.077574E1
1.455000E3	3.912382E0	-2.831318E-3	2.825895E1
1.456000E3	3.907174E0	-2.831318E-3	2.585528E1
1.457000E3	3.901967E0	-2.831318E-3	2.570035E1
1.458000E3	3.896759E0	-2.831318E-3	2.633974E1
1.459000E3	3.891552E0	-2.831318E-3	2.542610E1
1.460000E3	3.886344E0	-2.831318E-3	2.502996E1
1.461000E3	3.881137E0	-2.831318E-3	2.410913E1
1.462000E3	3.875929E0	-2.831318E-3	2.259031E1
1.463000E3	3.870722E0	-2.831318E-3	2.313716E1
1.464000E3	3.865514E0	-2.831318E-3	2.082649E1
1.465000E3	3.860307E0	-2.831318E-3	1.988408E1
1.466000E3	3.855099E0	-2.831318E-3	1.820384E1
1.467000E3	3.849892E0	-2.831318E-3	1.582437E1
1.468000E3	3.844684E0	-2.831318E-3	1.596402E1
1.469000E3	3.839476E0	-2.831318E-3	1.682400E1
1.470000E3	3.834269E0	-2.831318E-3	1.472829E1
1.471000E3	3.829061E0	-2.831318E-3	1.504257E1
1.472000E3	3.823854E0	-2.831318E-3	1.348502E1
1.473000E3	3.818646E0	-2.831318E-3	1.459648E1
1.474000E3	3.813439E0	-2.831318E-3	1.308340E1
1.475000E3	3.808231E0	-2.831318E-3	1.322287E1
1.476000E3	3.803024E0	-2.831318E-3	1.264928E1
1.477000E3	3.797816E0	-2.831318E-3	1.164949E1
1.478000E3	3.792609E0	-2.831318E-3	1.075799E1
1.479000E3	3.787401E0	-2.831318E-3	1.111957E1
1.480000E3	3.782194E0	-2.831318E-3	1.237453E1
1.481000E3	3.776986E0	-2.831318E-3	1.133053E1
1.482000E3	3.771779E0	-2.831318E-3	9.854063E0
1.483000E3	3.766571E0	-2.831318E-3	9.215715E0
1.484000E3	3.761363E0	-2.831318E-3	1.077250E1
1.485000E3	3.756156E0	-2.831318E-3	1.233336E1
1.486000E3	3.750948E0	-2.831318E-3	1.181790E1
1.487000E3	3.745741E0	-2.831318E-3	1.173754E1
1.488000E3	3.740533E0	-2.831318E-3	1.215166E1
1.489000E3	3.735326E0	-2.831318E-3	1.286164E1
1.490000E3	3.730118E0	-2.831318E-3	1.249925E1
1.491000E3	3.724911E0	-2.831318E-3	1.218228E1
1.492000E3	3.719703E0	-2.831318E-3	1.366756E1
1.493000E3	3.714496E0	-2.831318E-3	1.460361E1
1.494000E3	3.709288E0	-2.831318E-3	1.583574E1
1.495000E3	3.704081E0	-2.831318E-3	1.640890E1
1.496000E3	3.698873E0	-2.831318E-3	1.591308E1
1.497000E3	3.693666E0	-2.831318E-3	1.435889E1
1.498000E3	3.688458E0	-2.831318E-3	1.466230E1
1.499000E3	3.683250E0	-2.831318E-3	1.537755E1
1.500000E3	3.678043E0	-2.831318E-3	1.496926E1
1.501000E3	3.672835E0	-2.831318E-3	1.647195E1
1.502000E3	3.667628E0	-2.831318E-3	1.717905E1
1.503000E3	3.662420E0	-2.831318E-3	1.716541E1
1.504000E3	3.657213E0	-2.831318E-3	1.780430E1
1.505000E3	3.652005E0	-2.831318E-3	1.718141E1
1.506000E3	3.646798E0	-2.831318E-3	1.810791E1
1.507000E3	3.641590E0	-2.831318E-3	2.146322E1
1.508000E3	3.636383E0	-2.831318E-3	2.202707E1
1.509000E3	3.631175E0	-2.831318E-3	2.088275E1
1.510000E3	3.625968E0	-2.831318E-3	2.485101E1
1.511000E3	3.620760E0	-2.831318E-3	2.659077E1
1.512000E3	3.615553E0	-2.831318E-3	2.651351E1
1.513000E3	3.610345E0	-2.831318E-3	2.845903E1
1.514000E3	3.605138E0	-2.831318E-3	2.901395E1
1.515000E3	3.599930E0	-2.831318E-3	2.969367E1
1.516000E3	3.594722E0	-2.831318E-3	2.713295E1
1.517000E3	3.589515E0	-2.831318E-3	2.920892E1
1.518000E3	3.584307E0	-2.831318E-3	2.976287E1
1.519000E3	3.579100E0	-2.831318E-3	3.131851E1
1.520000E3	3.573892E0	-2.831318E-3	3.043310E1
1.521000E3	3.568685E0	-2.831318E-3	3.004046E1
1.522000E3	3.563477E0	-2.831318E-3	2.963734E1
1.523000E3	3.558270E0	-2.831318E-3	2.955710E1
1.524000E3	3.553062E0	-2.831318E-3	3.084610E1
1.525000E3	3.547855E0	-2.831318E-3	3.119244E1
1.526000E3	3.542647E0	-2.831318E-3	3.158619E1
1.527000E3	3.537440E0	-2.831318E-3	3.205556E1
1.528000E3	3.532232E0	-2.831318E-3	3.393527E1
1.529000E3	3.527025E0	-2.831318E-3	3.487972E1
1.530000E3	3.521817E0	-2.831318E-3	3.464631E1
1.531000E3	3.516609E0	-2.831318E-3	3.838698E1
1.532000E3	3.511402E0	-2.831318E-3	3.942691E1
1.533000E3	3.506194E0	-2.831318E-3	3.830443E1
1.534000E3	3.500987E0	-2.831318E-3	3.686422E1
1.535000E3	3.495779E0	-2.831318E-3	3.689956E1
1.536000E3	3.490572E0	-2.831318E-3	3.817355E1
1.537000E3	3.485364E0	-2.831318E-3	3.917567E1
1.538000E3	3.480157E0	-2.831318E-3	3.973483E1
1.539000E3	3.474949E0	-2.831318E-3	3.578582E1
1.540000E3	3.469742E0	-2.831318E-3	3.464622E1
1.541000E3	3.464534E0	-2.831318E-3	3.804477E1
1.542000E3	3.459327E0	-2.831318E-3	4.049798E1
1.543000E3	3.454119E0	-2.831318E-3	3.845300E1
1.544000E3	3.448912E0	-2.831318E-3	3.756261E1
1.545000E3	3.443704E0	-2.831318E-3	3.820676E1
1.546000E3	3.438496E0	-2.831318E-3	3.989395E1
1.547000E3	3.433289E0	-2.831318E-3	4.362348E1
1.548000E3	3.428081E0	-2.831318E-3	4.591555E1
1.549000E3	3.422874E0	-2.831318E-3	4.468812E1
1.550000E3	3.417666E0	-2.831318E-3	4.442491E1
1.551000E3	3.412459E0	-2.831318E-3	4.229780E1
1.552000E3	3.407251E0	-2.831318E-3	4.320208E1
1.553000E3	3.402044E0	-2.831318E-3	4.308307E1
1.554000E3	3.396836E0	-2.831318E-3	4.145247E1
1.555000E3	3.391629E0	-2.831318E-3	4.107577E1
1.556000E3	3.386421E0	-2.831318E-3	4.150272E1
1.557000E3	3.381214E0	-2.831318E-3	4.232904E1
1.558000E3	3.376006E0	-2.831318E-3	4.548322E1
1.559000E3	3.370799E0	-2.831318E-3	4.470879E1
1.560000E3	3.365591E0	-2.831318E-3	4.365949E1
1.561000E3	3.360383E0	-2.831318E-3	4.284196E1
1.562000E3	3.355176E0	-2.831318E-3	4.069857E1
1.563000E3	3.349968E0	-2.831318E-3	4.113982E1
1.564000E3	3.344761E0	-2.831318E-3	4.241269E1
1.565000E3	3.339553E0	-2.831318E-3	4.198410E1
1.566000E3	3.334346E0	-2.831318E-3	4.043496E1
1.567000E3	3.329138E0	-2.831318E-3	4.006496E1
1.568000E3	3.323931E0	-2.831318E-3	4.014662E1
1.569000E3	3.318723E0	-2.831318E-3	3.916560E1
1.570000E3	3.313516E0	-2.831318E-3	4.000437E1
1.571000E3	3.308308E0	-2.831318E-3	4.339395E1
1.572000E3	3.303101E0	-2.831318E-3	4.358209E1
1.573000E3	3.297893E0	-2.831318E-3	4.080387E1
1.574000E3	3.292686E0	-2.831318E-3	4.015531E1
1.575000E3	3.287478E0	-2.831318E-3	3.981408E1
1.576000E3	3.282271E0	-2.831318E-3	3.933808E1
1.577000E3	3.277063E0	-2.831318E-3	4.036836E1
1.578000E3	3.271855E0	-2.831318E-3	4.027099E1
1.579000E3	3.266648E0	-2.831318E-3	3.973425E1
1.580000E3	3.261440E0	-2.831318E-3	3.905059E1
1.581000E3	3.256233E0	-2.831318E-3	3.899841E1
1.582000E3	3.251025E0	-2.831318E-3	3.794878E1
1.583000E3	3.245818E0	-2.831318E-3	3.489677E1
1.584000E3	3.240610E0	-2.831318E-3	3.299607E1
1.585000E3	3.235403E0	-2.831318E-3	3.455720E1
1.586000E3	3.230195E0	-2.831318E-3	3.561326E1
1.587000E3	3.224988E0	-2.831318E-3	3.490265E1
1.588000E3	3.219780E0	-2.831318E-3	3.215698E1
1.589000E3	3.214573E0	-2.831318E-3	3.480275E1
1.590000E3	3.209365E0	-2.831318E-3	3.433300E1
1.591000E3	3.204158E0	-2.831318E-3	3.300446E1
1.592000E3	3.198950E0	-2.831318E-3	3.184313E1
1.593000E3	3.193742E0	-2.831318E-3	2.994193E1
1.594000E3	3.188535E0	-2.831318E-3	3.052798E1
1.595000E3	3.183327E0	-2.831318E-3	2.916570E1
1.596000E3	3.178120E0	-2.831318E-3	2.702502E1
1.597000E3	3.172912E0	-2.831318E-3	2.624296E1
1.598000E3	3.167705E0	-2.831318E-3	2.501456E1
1.599000E3	3.162497E0	-2.831318E-3	2.283331E1
1.600000E3	3.157290E0	-2.831318E-3	2.111234E1
1.601000E3	3.152082E0	-2.831318E-3	1.980527E1
1.602000E3	3.146875E0	-2.831318E-3	1.785198E1
1.603000E3	3.141667E0	-2.831318E-3	1.726295E1
1.604000E3	3.136460E0	-2.831318E-3	1.810570E1
1.605000E3	3.131252E0	-2.831318E-3	1.777451E1
1.606000E3	3.126045E0	-2.831318E-3	1.803080E1
1.607000E3	3.120837E0	-2.831318E-3	1.673930E1
1.608000E3	3.115629E0	-2.831318E-3	1.477287E1
1.609000E3	3.110422E0	-2.831318E-3	1.390590E1
1.610000E3	3.105214E0	-2.831318E-3	1.442533E1
1.611000E3	3.100007E0	-2.831318E-3	1.559465E1
1.612000E3	3.094799E0	-2.831318E-3	1.305925E1
1.613000E3	3.089592E0	-2.831318E-3	1.102456E1
1.614000E3	3.084384E0	-2.831318E-3	1.237555E1
1.615000E3	3.079177E0	-2.831318E-3	1.348582E1
1.616000E3	3.073969E0	-2.831318E-3	1.215009E1
1.617000E3	3.068762E0	-2.831318E-3	1.114135E1
1.618000E3	3.063554E0	-2.831318E-3	1.279960E1
1.619000E3	3.058347E0	-2.831318E-3	1.305746E1
1.620000E3	3.053139E0	-2.831318E-3	1.477712E1
1.621000E3	3.047932E0	-2.831318E-3	1.467340E1
1.622000E3	3.042724E0	-2.831318E-3	1.454290E1
1.623000E3	3.037517E0	-2.831318E-3	1.685220E1
1.624000E3	3.032309E0	-2.831318E-3	2.028367E1
1.625000E3	3.027101E0	-2.831318E-3	2.152930E1
1.626000E3	3.021894E0	-2.831318E-3	2.391781E1
1.627000E3	3.016686E0	-2.831318E-3	2.482179E1
1.628000E3	3.011479E0	-2.831318E-3	2.782940E1
1.629000E3	3.006271E0	-2.831318E-3	3.001684E1
1.630000E3	3.001064E0	-2.831318E-3	3.257709E1
1.631000E3	2.995856E0	-2.831318E-3	3.416494E1
1.632000E3	2.990649E0	-2.831318E-3	3.300397E1
1.633000E3	2.985441E0	-2.831318E-3	3.333933E1
1.634000E3	2.980234E0	-2.831318E-3	3.737919E1
1.635000E3	2.975026E0	-2.831318E-3	4.249486E1
1.636000E3	2.969819E0	-2.831318E-3	4.427209E1
1.637000E3	2.964611E0	-2.831318E-3	4.541058E1
1.638000E3	2.959404E0	-2.831318E-3	4.390465E1
1.639000E3	2.954196E0	-2.831318E-3	4.365395E1
1.640000E3	2.948988E0	-2.831318E-3	4.327534E1
1.641000E3	2.943781E0	-2.831318E-3	4.688473E1
1.642000E3	2.938573E0	-2.831318E-3	5.073173E1
1.643000E3	2.933366E0	-2.831318E-3	5.653290E1
1.644000E3	2.928158E0	-2.831318E-3	5.901786E1
1.645000E3	2.922951E0	-2.831318E-3	5.869910E1
1.646000E3	2.917743E0	-2.831318E-3	5.724443E1
1.647000E3	2.912536E0	-2.831318E-3	5.982983E1
1.648000E3	2.907328E0	-2.831318E-3	6.107334E1
1.649000E3	2.902121E0	-2.831318E-3	6.280867E1
1.650000E3	2.896913E0	-2.831318E-3	6.572450E1
1.651000E3	2.891706E0	-2.831318E-3	6.686265E1
1.652000E3	2.886498E0	-2.831318E-3	6.737604E1
1.653000E3	2.881291E0	-2.831318E-3	6.726302E1
1.654000E3	2.876083E0	-2.831318E-3	6.677208E1
1.655000E3	2.870875E0	-2.831318E-3	7.060655E1
1.656000E3	2.865668E0	-2.831318E-3	7.197054E1
1.657000E3	2.860460E0	-2.831318E-3	7.339070E1
1.658000E3	2.855253E0	-2.831318E-3	7.512352E1
1.659000E3	2.850045E0	-2.831318E-3	7.465551E1
1.660000E3	2.844838E0	-2.831318E-3	7.463108E1
1.661000E3	2.839630E0	-2.831318E-3	7.672386E1
1.662000E3	2.834423E0	-2.831318E-3	8.061997E1
1.663000E3	2.829215E0	-2.831318E-3	8.427048E1
1.664000E3	2.824008E0	-2.831318E-3	8.471657E1
1.665000E3	2.818800E0	-2.831318E-3	8.701698E1
1.666000E3	2.813593E0	-2.831318E-3	8.935321E1
1.667000E3	2.808385E0	-2.831318E-3	9.013721E1
1.668000E3	2.803178E0	-2.831318E-3	9.080564E1
1.669000E3	2.797970E0	-2.831318E-3	9.230620E1
1.670000E3	2.792763E0	-2.831318E-3	9.340020E1
1.671000E3	2.787555E0	-2.831318E-3	9.071729E1
1.672000E3	2.782347E0	-2.831318E-3	9.048174E1
1.673000E3	2.777140E0	-2.831318E-3	9.024457E1
1.674000E3	2.771932E0	-2.831318E-3	9.134990E1
1.675000E3	2.766725E0	-2.831318E-3	9.471542E1
1.676000E3	2.761517E0	-2.831318E-3	9.562901E1
1.677000E3	2.756310E0	-2.831318E-3	9.647676E1
1.678000E3	2.751102E0	-2.831318E-3	9.539211E1
1.679000E3	2.745895E0	-2.831318E-3	9.510296E1
1.680000E3	2.740687E0	-2.831318E-3	9.488158E1
1.681000E3	2.735480E0	-2.831318E-3	9.622813E1
1.682000E3	2.730272E0	-2.831318E-3	9.554462E1
1.683000E3	2.725065E0	-2.831318E-3	9.098311E1
1.684000E3	2.719857E0	-2.831318E-3	9.036357E1
1.685000E3	2.714650E0	-2.831318E-3	9.284415E1
1.686000E3	2.709442E0	-2.831318E-3	9.604048E1
1.687000E3	2.704234E0	-2.831318E-3	9.644695E1
1.688000E3	2.699027E0	-2.831318E-3	9.112355E1
1.689000E3	2.693819E0	-2.831318E-3	9.373870E1
1.690000E3	2.688612E0	-2.831318E-3	9.655471E1
1.691000E3	2.683404E0	-2.831318E-3	9.326946E1
1.692000E3	2.678197E0	-2.831318E-3	9.050496E1
1.693000E3	2.672989E0	-2.831318E-3	9.022455E1
1.694000E3	2.667782E0	-2.831318E-3	8.654091E1
1.695000E3	2.662574E0	-2.831318E-3	8.376290E1
1.696000E3	2.657367E0	-2.831318E-3	8.111191E1
1.697000E3	2.652159E0	-2.831318E-3	8.026715E1
1.698000E3	2.646952E0	-2.831318E-3	8.043929E1
1.699000E3	2.641744E0	-2.831318E-3	7.873647E1
1.700000E3	2.636537E0	-2.831318E-3	7.749035E1
1.701000E3	2.631329E0	-2.831318E-3	7.993064E1
1.702000E3	2.626121E0	-2.831318E-3	8.212191E1
1.703000E3	2.620914E0	-2.831318E-3	8.306993E1
1.704000E3	2.615706E0	-2.831318E-3	8.320415E1
1.705000E3	2.610499E0	-2.831318E-3	8.496334E1
1.706000E3	2.605291E0	-2.831318E-3	8.573667E1
1.707000E3	2.600084E0	-2.831318E-3	8.653061E1
1.708000E3	2.594876E0	-2.831318E-3	8.645203E1
1.709000E3	2.589669E0	-2.831318E-3	8.350402E1
1.710000E3	2.584461E0	-2.831318E-3	8.150679E1
1.711000E3	2.579254E0	-2.831318E-3	7.888173E1
1.712000E3	2.574046E0	-2.831318E-3	7.578665E1
1.713000E3	2.568839E0	-2.831318E-3	7.277879E1
1.714000E3	2.563631E0	-2.831318E-3	7.146509E1
1.715000E3	2.558424E0	-2.831318E-3	7.037397E1
1.716000E3	2.553216E0	-2.831318E-3	6.784387E1
1.717000E3	2.548009E0	-2.831318E-3	6.592433E1
1.718000E3	2.542801E0	-2.831318E-3	6.154377E1
1.719000E3	2.537593E0	-2.831318E-3	6.009036E1
1.720000E3	2.532386E0	-2.831318E-3	6.176576E1
1.721000E3	2.527178E0	-2.831318E-3	6.278126E1
1.722000E3	2.521971E0	-2.831318E-3	6.074930E1
1.723000E3	2.516763E0	-2.831318E-3	5.600748E1
1.724000E3	2.511556E0	-2.831318E-3	5.301568E1
1.725000E3	2.506348E0	-2.831318E-3	5.422967E1
1.726000E3	2.501141E0	-2.831318E-3	5.482531E1
1.727000E3	2.495933E0	-2.831318E-3	5.176110E1
1.728000E3	2.490726E0	-2.831318E-3	4.700396E1
1.729000E3	2.485518E0	-2.831318E-3	4.348359E1
1.730000E3	2.480311E0	-2.831318E-3	4.274260E1
1.731000E3	2.475103E0	-2.831318E-3	4.087984E1
1.732000E3	2.469896E0	-2.831318E-3	3.650537E1
1.733000E3	2.464688E0	-2.831318E-3	3.568086E1
1.734000E3	2.459480E0	-2.831318E-3	3.171173E1
1.735000E3	2.454273E0	-2.831318E-3	3.008789E1
1.736000E3	2.449065E0	-2.831318E-3	2.485012E1
1.737000E3	2.443858E0	-2.831318E-3	2.553856E1
1.738000E3	2.438650E0	-2.831318E-3	2.592424E1
1.739000E3	2.433443E0	-2.831318E-3	2.513858E1
1.740000E3	2.428235E0	-2.831318E-3	2.148760E1
1.741000E3	2.423028E0	-2.831318E-3	2.006380E1
1.742000E3	2.417820E0	-2.831318E-3	1.968442E1
1.743000E3	2.412613E0	-2.831318E-3	1.929504E1
1.744000E3	2.407405E0	-2.831318E-3	1.775997E1
1.745000E3	2.402198E0	-2.831318E-3	1.659875E1
1.746000E3	2.396990E0	-2.831318E-3	1.681784E1
1.747000E3	2.391783E0	-2.831318E-3	1.653003E1
1.748000E3	2.386575E0	-2.831318E-3	1.743193E1
1.749000E3	2.381367E0	-2.831318E-3	1.695579E1
1.750000E3	2.376160E0	-2.831318E-3	1.743681E1
1.751000E3	2.370952E0	-2.831318E-3	1.807673E1
1.752000E3	2.365745E0	-2.831318E-3	1.955282E1
1.753000E3	2.360537E0	-2.831318E-3	2.261157E1
1.754000E3	2.355330E0	-2.831318E-3	2.438462E1
1.755000E3	2.350122E0	-2.831318E-3	2.737765E1
1.756000E3	2.344915E0	-2.831318E-3	3.034886E1
1.757000E3	2.339707E0	-2.831318E-3	3.139573E1
1.758000E3	2.334500E0	-2.831318E-3	3.271621E1
1.759000E3	2.329292E0	-2.831318E-3	3.567536E1
1.760000E3	2.324085E0	-2.831318E-3	3.666008E1
1.761000E3	2.318877E0	-2.831318E-3	3.905862E1
1.762000E3	2.313670E0	-2.831318E-3	4.154548E1
1.763000E3	2.308462E0	-2.831318E-3	4.317856E1
1.764000E3	2.303255E0	-2.831318E-3	4.379157E1
1.765000E3	2.298047E0	-2.831318E-3	4.317206E1
1.766000E3	2.292839E0	-2.831318E-3	4.732719E1
1.767000E3	2.287632E0	-2.831318E-3	5.015362E1
1.768000E3	2.282424E0	-2.831318E-3	5.332459E1
1.769000E3	2.277217E0	-2.831318E-3	5.452013E1
1.770000E3	2.272009E0	-2.831318E-3	5.577850E1
1.771000E3	2.266802E0	-2.831318E-3	5.788820E1
1.772000E3	2.261594E0	-2.831318E-3	5.757230E1
1.773000E3	2.256387E0	-2.831318E-3	5.486119E1
1.774000E3	2.251179E0	-2.831318E-3	5.392205E1
1.775000E3	2.245972E0	-2.831318E-3	5.703497E1
1.776000E3	2.240764E0	-2.831318E-3	6.047586E1
1.777000E3	2.235557E0	-2.831318E-3	6.322071E1
1.778000E3	2.230349E0	-2.831318E-3	6.573864E1
1.779000E3	2.225142E0	-2.831318E-3	6.692122E1
1.780000E3	2.219934E0	-2.831318E-3	6.789267E1
1.781000E3	2.214726E0	-2.831318E-3	7.123268E1
1.782000E3	2.209519E0	-2.831318E-3	7.253174E1
1.783000E3	2.204311E0	-2.831318E-3	6.950793E1
1.784000E3	2.199104E0	-2.831318E-3	6.971177E1
1.785000E3	2.193896E0	-2.831318E-3	6.998810E1
1.786000E3	2.188689E0	-2.831318E-3	7.112337E1
1.787000E3	2.183481E0	-2.831318E-3	7.380782E1
1.788000E3	2.178274E0	-2.831318E-3	7.551532E1
1.789000E3	2.173066E0	-2.831318E-3	7.311256E1
1.790000E3	2.167859E0	-2.831318E-3	6.913765E1
1.791000E3	2.162651E0	-2.831318E-3	6.933106E1
1.792000E3	2.157444E0	-2.831318E-3	6.743804E1
1.793000E3	2.152236E0	-2.831318E-3	6.832104E1
1.794000E3	2.147029E0	-2.831318E-3	7.092551E1
1.795000E3	2.141821E0	-2.831318E-3	7.091633E1
1.796000E3	2.136613E0	-2.831318E-3	7.216209E1
1.797000E3	2.131406E0	-2.831318E-3	7.275327E1
1.798000E3	2.126198E0	-2.831318E-3	7.531124E1
1.799000E3	2.120991E0	-2.831318E-3	8.083875E1
1.800000E3	2.115783E0	-2.831318E-3	8.298421E1
1.801000E3	2.110576E0	-2.831318E-3	7.992143E1
1.802000E3	2.105368E0	-2.831318E-3	7.199403E1
1.803000E3	2.100161E0	-2.831318E-3	7.298885E1
1.804000E3	2.094953E0	-2.831318E-3	7.188806E1
1.805000E3	2.089746E0	-2.831318E-3	7.223725E1
1.806000E3	2.084538E0	-2.831318E-3	7.316528E1
1.807000E3	2.079331E0	-2.831318E-3	7.190068E1
1.808000E3	2.074123E0	-2.831318E-3	7.084865E1
1.809000E3	2.068916E0	-2.831318E-3	7.168799E1
1.810000E3	2.063708E0	-2.831318E-3	7.139984E1
1.811000E3	2.058501E0	-2.831318E-3	6.488674E1
1.812000E3	2.053293E0	-2.831318E-3	6.243980E1
1.813000E3	2.048085E0	-2.831318E-3	6.286146E1
1.814000E3	2.042878E0	-2.831318E-3	6.533252E1
1.815000E3	2.037670E0	-2.831318E-3	6.923519E1
1.816000E3	2.032463E0	-2.831318E-3	7.052364E1
1.817000E3	2.027255E0	-2.831318E-3	6.868036E1
1.818000E3	2.022048E0	-2.831318E-3	6.615269E1
1.819000E3	2.016840E0	-2.831318E-3	6.299078E1
1.820000E3	2.011633E0	-2.831318E-3	6.077210E1
1.821000E3	2.006425E0	-2.831318E-3	5.919242E1
1.822000E3	2.001218E0	-2.831318E-3	5.635641E1
1.823000E3	1.996010E0	-2.831318E-3	5.492612E1
1.824000E3	1.990803E0	-2.831318E-3	5.392788E1
1.825000E3	1.985595E0	-2.831318E-3	5.457186E1
1.826000E3	1.980388E0	-2.831318E-3	5.585825E1
1.827000E3	1.975180E0	-2.831318E-3	5.284175E1
1.828000E3	1.969972E0	-2.831318E-3	5.132617E1
1.829000E3	1.964765E0	-2.831318E-3	4.852261E1
1.830000E3	1.959557E0	-2.831318E-3	4.475017E1
1.831000E3	1.954350E0	-2.831318E-3	4.140699E1
1.832000E3	1.949142E0	-2.831318E-3	4.140709E1
1.833000E3	1.943935E0	-2.831318E-3	4.367610E1
1.834000E3	1.938727E0	-2.831318E-3	4.332732E1
1.835000E3	1.933520E0	-2.831318E-3	4.014569E1
1.836000E3	1.928312E0	-2.831318E-3	4.007224E1
1.837000E3	1.923105E0	-2.831318E-3	3.840809E1
1.838000E3	1.917897E0	-2.831318E-3	3.690249E1
1.839000E3	1.912690E0	-2.831318E-3	3.801389E1
1.840000E3	1.907482E0	-2.831318E-3	3.538920E1
1.841000E3	1.902275E0	-2.831318E-3	3.307550E1
1.842000E3	1.897067E0	-2.831318E-3	3.323016E1
1.843000E3	1.891859E0	-2.831318E-3	3.198327E1
1.844000E3	1.886652E0	-2.831318E-3	2.920083E1
1.845000E3	1.881444E0	-2.831318E-3	2.540974E1
1.846000E3	1.876237E0	-2.831318E-3	2.191331E1
1.847000E3	1.871029E0	-2.831318E-3	2.296498E1
1.848000E3	1.865822E0	-2.831318E-3	2.387772E1
1.849000E3	1.860614E0	-2.831318E-3	2.475864E1
1.850000E3	1.855407E0	-2.831318E-3	2.277182E1
1.851000E3	1.850199E0	-2.831318E-3	2.142578E1
1.852000E3	1.844992E0	-2.831318E-3	1.911288E1
1.853000E3	1.839784E0	-2.831318E-3	1.833180E1
1.854000E3	1.834577E0	-2.831318E-3	1.857263E1
1.855000E3	1.829369E0	-2.831318E-3	1.861672E1
1.856000E3	1.824162E0	-2.831318E-3	1.869295E1
1.857000E3	1.818954E0	-2.831318E-3	1.848764E1
1.858000E3	1.813746E0	-2.831318E-3	1.839588E1
1.859000E3	1.808539E0	-2.831318E-3	1.887269E1
1.860000E3	1.803331E0	-2.831318E-3	1.512193E1
1.861000E3	1.798124E0	-2.831318E-3	1.550302E1
1.862000E3	1.792916E0	-2.831318E-3	1.516045E1
1.863000E3	1.787709E0	-2.831318E-3	1.477272E1
1.864000E3	1.782501E0	-2.831318E-3	1.436181E1
1.865000E3	1.777294E0	-2.831318E-3	1.628943E1
1.866000E3	1.772086E0	-2.831318E-3	1.590913E1
1.867000E3	1.766879E0	-2.831318E-3	1.552454E1
1.868000E3	1.761671E0	-2.831318E-3	1.656509E1
1.869000E3	1.756464E0	-2.831318E-3	1.602364E1
1.870000E3	1.751256E0	-2.831318E-3	1.571450E1
1.871000E3	1.746049E0	-2.831318E-3	1.507477E1
1.872000E3	1.740841E0	-2.831318E-3	1.389271E1
1.873000E3	1.735634E0	-2.831318E-3	1.381805E1
1.874000E3	1.730426E0	-2.831318E-3	1.424536E1
1.875000E3	1.725218E0	-2.831318E-3	1.632120E1
1.876000E3	1.720011E0	-2.831318E-3	1.536567E1
1.877000E3	1.714803E0	-2.831318E-3	1.409610E1
1.878000E3	1.709596E0	-2.831318E-3	1.535564E1
1.879000E3	1.704388E0	-2.831318E-3	1.527135E1
1.880000E3	1.699181E0	-2.831318E-3	1.446021E1
1.881000E3	1.693973E0	-2.831318E-3	1.558277E1
1.882000E3	1.688766E0	-2.831318E-3	1.581440E1
1.883000E3	1.683558E0	-2.831318E-3	1.486838E1
1.884000E3	1.678351E0	-2.831318E-3	1.294374E1
1.885000E3	1.673143E0	-2.831318E-3	1.208186E1
1.886000E3	1.667936E0	-2.831318E-3	1.380431E1
1.887000E3	1.662728E0	-2.831318E-3	1.300842E1
1.888000E3	1.657521E0	-2.831318E-3	1.340541E1
1.889000E3	1.652313E0	-2.831318E-3	1.342215E1
1.890000E3	1.647105E0	-2.831318E-3	1.463521E1
1.891000E3	1.641898E0	-2.831318E-3	1.581882E1
1.892000E3	1.636690E0	-2.831318E-3	1.584605E1
1.893000E3	1.631483E0	-2.831318E-3	1.767159E1
1.894000E3	1.626275E0	-2.831318E-3	2.042669E1
1.895000E3	1.621068E0	-2.831318E-3	2.111178E1
1.896000E3	1.615860E0	-2.831318E-3	2.147585E1
1.897000E3	1.610653E0	-2.831318E-3	2.376730E1
1.898000E3	1.605445E0	-2.831318E-3	2.621135E1
1.899000E3	1.600238E0	-2.831318E-3	2.892742E1
1.900000E3	1.595030E0	-2.831318E-3	2.897462E1
1.901000E3	1.589823E0	-2.831318E-3	3.045829E1
1.902000E3	1.584615E0	-2.831318E-3	3.332581E1
1.903000E3	1.579408E0	-2.831318E-3	3.638079E1
1.904000E3	1.574200E0	-2.831318E-3	3.985183E1
1.905000E3	1.568992E0	-2.831318E-3	3.584157E1
1.906000E3	1.563785E0	-2.831318E-3	3.701740E1
1.907000E3	1.558577E0	-2.831318E-3	3.996820E1
1.908000E3	1.553370E0	-2.831318E-3	4.278381E1
1.909000E3	1.548162E0	-2.831318E-3	4.655607E1
1.910000E3	1.542955E0	-2.831318E-3	5.095154E1
1.911000E3	1.537747E0	-2.831318E-3	5.340133E1
1.912000E3	1.532540E0	-2.831318E-3	5.476595E1
1.913000E3	1.527332E0	-2.831318E-3	5.594235E1
1.914000E3	1.522125E0	-2.831318E-3	5.724213E1
1.915000E3	1.516917E0	-2.831318E-3	5.970063E1
1.916000E3	1.511710E0	-2.831318E-3	6.365838E1
1.917000E3	1.506502E0	-2.831318E-3	6.387935E1
1.918000E3	1.501295E0	-2.831318E-3	6.501068E1
1.919000E3	1.496087E0	-2.831318E-3	6.744071E1
1.920000E3	1.490880E0	-2.831318E-3	6.997527E1
1.921000E3	1.485672E0	-2.831318E-3	7.333749E1
1.922000E3	1.480464E0	-2.831318E-3	7.733960E1
1.923000E3	1.475257E0	-2.831318E-3	7.946164E1
1.924000E3	1.470049E0	-2.831318E-3	7.998695E1
1.925000E3	1.464842E0	-2.831318E-3	8.282398E1
1.926000E3	1.459634E0	-2.831318E-3	8.614948E1
1.927000E3	1.454427E0	-2.831318E-3	8.421201E1
1.928000E3	1.449219E0	-2.831318E-3	8.489286E1
1.929000E3	1.444012E0	-2.831318E-3	8.643370E1
1.930000E3	1.438804E0	-2.831318E-3	9.240374E1
1.931000E3	1.433597E0	-2.831318E-3	9.309371E1
1.932000E3	1.428389E0	-2.831318E-3	9.412689E1
1.933000E3	1.423182E0	-2.831318E-3	1.001821E2
1.934000E3	1.417974E0	-2.831318E-3	1.053802E2
1.935000E3	1.412767E0	-2.831318E-3	1.078425E2
1.936000E3	1.407559E0	-2.831318E-3	1.087150E2
1.937000E3	1.402351E0	-2.831318E-3	1.103506E2
1.938000E3	1.397144E0	-2.831318E-3	1.165309E2
1.939000E3	1.391936E0	-2.831318E-3	1.154134E2
1.940000E3	1.386729E0	-2.831318E-3	1.132447E2
1.941000E3	1.381521E0	-2.831318E-3	1.164630E2
1.942000E3	1.376314E0	-2.831318E-3	1.191846E2
1.943000E3	1.371106E0	-2.831318E-3	1.194062E2
1.944000E3	1.365899E0	-2.831318E-3	1.198184E2
1.945000E3	1.360691E0	-2.831318E-3	1.188625E2
1.946000E3	1.355484E0	-2.831318E-3	1.192248E2
1.947000E3	1.350276E0	-2.831318E-3	1.238327E2
1.948000E3	1.345069E0	-2.831318E-3	1.268003E2
1.949000E3	1.339861E0	-2.831318E-3	1.284062E2
1.950000E3	1.334654E0	-2.831318E-3	1.293461E2
1.951000E3	1.329446E0	-2.831318E-3	1.286488E2
1.952000E3	1.324238E0	-2.831318E-3	1.286491E2
1.953000E3	1.319031E0	-2.831318E-3	1.322158E2
1.954000E3	1.313823E0	-2.831318E-3	1.327173E2
1.955000E3	1.308616E0	-2.831318E-3	1.334978E2
1.956000E3	1.303408E0	-2.831318E-3	1.352538E2
1.957000E3	1.298201E0	-2.831318E-3	1.425323E2
1.958000E3	1.292993E0	-2.831318E-3	1.462571E2
1.959000E3	1.287786E0	-2.831318E-3	1.425057E2
1.960000E3	1.282578E0	-2.831318E-3	1.366766E2
1.961000E3	1.277371E0	-2.831318E-3	1.360529E2
1.962000E3	1.272163E0	-2.831318E-3	1.377318E2
1.963000E3	1.266956E0	-2.831318E-3	1.368190E2
1.964000E3	1.261748E0	-2.831318E-3	1.326285E2
1.965000E3	1.256541E0	-2.831318E-3	1.339236E2
1.966000E3	1.251333E0	-2.831318E-3	1.358968E2
1.967000E3	1.246126E0	-2.831318E-3	1.375638E2
1.968000E3	1.240918E0	-2.831318E-3	1.382460E2
1.969000E3	1.235710E0	-2.831318E-3	1.378185E2
1.970000E3	1.230503E0	-2.831318E-3	1.336402E2
1.971000E3	1.225295E0	-2.831318E-3	1.303892E2
1.972000E3	1.220088E0	-2.831318E-3	1.312329E2
1.973000E3	1.214880E0	-2.831318E-3	1.332362E2
1.974000E3	1.209673E0	-2.831318E-3	1.367157E2
1.975000E3	1.204465E0	-2.831318E-3	1.351425E2
1.976000E3	1.199258E0	-2.831318E-3	1.331134E2
1.977000E3	1.194050E0	-2.831318E-3	1.325451E2
1.978000E3	1.188843E0	-2.831318E-3	1.342964E2
1.979000E3	1.183635E0	-2.831318E-3	1.306084E2
1.980000E3	1.178428E0	-2.831318E-3	1.262453E2
1.981000E3	1.173220E0	-2.831318E-3	1.241284E2
1.982000E3	1.168013E0	-2.831318E-3	1.176956E2
1.983000E3	1.162805E0	-2.831318E-3	1.118496E2
1.984000E3	1.157597E0	-2.831318E-3	1.105844E2
1.985000E3	1.152390E0	-2.831318E-3	1.071339E2
1.986000E3	1.147182E0	-2.831318E-3	1.021561E2
1.987000E3	1.141975E0	-2.831318E-3	1.009025E2
1.988000E3	1.136767E0	-2.831318E-3	9.650001E1
1.989000E3	1.131560E0	-2.831318E-3	9.595693E1
1.990000E3	1.126352E0	-2.831318E-3	9.701497E1
1.991000E3	1.121145E0	-2.831318E-3	9.657207E1
1.992000E3	1.115937E0	-2.831318E-3	9.518015E1
1.993000E3	1.110730E0	-2.831318E-3	9.145247E1
1.994000E3	1.105522E0	-2.831318E-3	8.630680E1
1.995000E3	1.100315E0	-2.831318E-3	8.336693E1
1.996000E3	1.095107E0	-2.831318E-3	8.156063E1
1.997000E3	1.089900E0	-2.831318E-3	7.999276E1
1.998000E3	1.084692E0	-2.831318E-3	7.560938E1
1.999000E3	1.079484E0	-2.831318E-3	6.882379E1
2.000000E3	1.074277E0	-2.831318E-3	6.353841E1
2.001000E3	1.069069E0	-2.831318E-3	6.142693E1
2.002000E3	1.063862E0	-2.831318E-3	5.796108E1
2.003000E3	1.058654E0	-2.831318E-3	5.234161E1
2.004000E3	1.053447E0	-2.831318E-3	4.400785E1
2.005000E3	1.048239E0	-2.831318E-3	4.135002E1
2.006000E3	1.043032E0	-2.831318E-3	4.030915E1
2.007000E3	1.037824E0	-2.831318E-3	3.854315E1
2.008000E3	1.032617E0	-2.831318E-3	3.458834E1
2.009000E3	1.027409E0	-2.831318E-3	3.425451E1
2.010000E3	1.022202E0	-2.831318E-3	3.331605E1
2.011000E3	1.016994E0	-2.831318E-3	3.643111E1
2.012000E3	1.011787E0	-2.831318E-3	4.063567E1
2.013000E3	1.006579E0	-2.831318E-3	4.819175E1
2.014000E3	1.001372E0	-2.831318E-3	5.220823E1
2.015000E3	9.961640E-1	-2.831318E-3	5.846293E1
2.016000E3	9.909564E-1	-2.831318E-3	6.036253E1
2.017000E3	9.857489E-1	-2.831318E-3	6.593336E1
2.018000E3	9.805414E-1	-2.831318E-3	7.334241E1
2.019000E3	9.753338E-1	-2.831318E-3	8.015126E1
2.020000E3	9.701263E-1	-2.831318E-3	8.496636E1
2.021000E3	9.649188E-1	-2.831318E-3	8.891817E1
2.022000E3	9.597113E-1	-2.831318E-3	8.914986E1
2.023000E3	9.545037E-1	-2.831318E-3	9.031357E1
2.024000E3	9.492962E-1	-2.831318E-3	9.968376E1
2.025000E3	9.440887E-1	-2.831318E-3	1.059400E2
2.026000E3	9.388811E-1	-2.831318E-3	1.096966E2
2.027000E3	9.336736E-1	-2.831318E-3	1.147494E2
2.028000E3	9.284661E-1	-2.831318E-3	1.204309E2
2.029000E3	9.232585E-1	-2.831318E-3	1.288800E2
2.030000E3	9.180510E-1	-2.831318E-3	1.400638E2
2.031000E3	9.128435E-1	-2.831318E-3	1.483769E2
2.032000E3	9.076359E-1	-2.831318E-3	1.499254E2
2.033000E3	9.024284E-1	-2.831318E-3	1.565361E2
2.034000E3	8.972209E-1	-2.831318E-3	1.634991E2
2.035000E3	8.920133E-1	-2.831318E-3	1.612401E2
2.036000E3	8.868058E-1	-2.831318E-3	1.612983E2
2.037000E3	8.815983E-1	-2.831318E-3	1.684992E2
2.038000E3	8.763907E-1	-2.831318E-3	1.759861E2
2.039000E3	8.711832E-1	-2.831318E-3	1.835584E2
2.040000E3	8.659757E-1	-2.831318E-3	1.847459E2
2.041000E3	8.607681E-1	-2.831318E-3	1.847829E2
2.042000E3	8.555606E-1	-2.831318E-3	1.856712E2
2.043000E3	8.503531E-1	-2.831318E-3	1.883281E2
2.044000E3	8.451455E-1	-2.831318E-3	1.915838E2
2.045000E3	8.399380E-1	-2.831318E-3	1.938041E2
2.046000E3	8.347305E-1	-2.831318E-3	1.985572E2
2.047000E3	8.295230E-1	-2.831318E-3	2.018893E2
2.048000E3	8.243154E-1	-2.831318E-3	2.035809E2
2.049000E3	8.191079E-1	-2.831318E-3	2.096558E2
2.050000E3	8.139004E-1	-2.831318E-3	2.171810E2
2.051000E3	8.086928E-1	-2.831318E-3	2.223082E2
2.052000E3	8.034853E-1	-2.831318E-3	2.231562E2
2.053000E3	7.982778E-1	-2.831318E-3	2.214791E2
2.054000E3	7.930702E-1	-2.831318E-3	2.189460E2
2.055000E3	7.878627E-1	-2.831318E-3	2.208572E2
2.056000E3	7.826552E-1	-2.831318E-3	2.226650E2
2.057000E3	7.774476E-1	-2.831318E-3	2.252888E2
2.058000E3	7.722401E-1	-2.831318E-3	2.271806E2
2.059000E3	7.670326E-1	-2.831318E-3	2.273797E2
2.060000E3	7.618250E-1	-2.831318E-3	2.275663E2
2.061000E3	7.566175E-1	-2.831318E-3	2.282862E2
2.062000E3	7.514100E-1	-2.831318E-3	2.288792E2
2.063000E3	7.462024E-1	-2.831318E-3	2.290535E2
2.064000E3	7.409949E-1	-2.831318E-3	2.303345E2
2.065000E3	7.357874E-1	-2.831318E-3	2.324136E2
2.066000E3	7.305798E-1	-2.831318E-3	2.341632E2
2.067000E3	7.253723E-1	-2.831318E-3	2.349028E2
2.068000E3	7.201648E-1	-2.831318E-3	2.338596E2
2.069000E3	7.149572E-1	-2.831318E-3	2.346596E2
2.070000E3	7.097497E-1	-2.831318E-3	2.363988E2
2.071000E3	7.045422E-1	-2.831318E-3	2.373377E2
2.072000E3	6.993347E-1	-2.831318E-3	2.378693E2
2.073000E3	6.941271E-1	-2.831318E-3	2.398247E2
2.074000E3	6.889196E-1	-2.831318E-3	2.402135E2
2.075000E3	6.837121E-1	-2.831318E-3	2.388747E2
2.076000E3	6.785045E-1	-2.831318E-3	2.378717E2
2.077000E3	6.732970E-1	-2.831318E-3	2.353337E2
2.078000E3	6.680895E-1	-2.831318E-3	2.308586E2
2.079000E3	6.628819E-1	-2.831318E-3	2.267670E2
2.080000E3	6.576744E-1	-2.831318E-3	2.261382E2
2.081000E3	6.524669E-1	-2.831318E-3	2.259974E2
2.082000E3	6.472593E-1	-2.831318E-3	2.255854E2
2.083000E3	6.420518E-1	-2.831318E-3	2.244984E2
2.084000E3	6.368443E-1	-2.831318E-3	2.247071E2
2.085000E3	6.316367E-1	-2.831318E-3	2.267559E2
2.086000E3	6.264292E-1	-2.831318E-3	2.275879E2
2.087000E3	6.212217E-1	-2.831318E-3	2.281475E2
2.088000E3	6.160141E-1	-2.831318E-3	2.304980E2
2.089000E3	6.108066E-1	-2.831318E-3	2.328368E2
2.090000E3	6.055991E-1	-2.831318E-3	2.345595E2
2.091000E3	6.003915E-1	-2.831318E-3	2.353467E2
2.092000E3	5.951840E-1	-2.831318E-3	2.350919E2
2.093000E3	5.899765E-1	-2.831318E-3	2.354220E2
2.094000E3	5.847689E-1	-2.831318E-3	2.337843E2
2.095000E3	5.795614E-1	-2.831318E-3	2.322975E2
2.096000E3	5.743539E-1	-2.831318E-3	2.314910E2
2.097000E3	5.691464E-1	-2.831318E-3	2.313498E2
2.098000E3	5.639388E-1	-2.831318E-3	2.317679E2
2.099000E3	5.587313E-1	-2.831318E-3	2.295415E2
2.100000E3	5.535238E-1	-2.831318E-3	2.269122E2
2.101000E3	5.483162E-1	-2.831318E-3	2.266929E2
2.102000E3	5.431087E-1	-2.831318E-3	2.261079E2
2.103000E3	5.379012E-1	-2.831318E-3	2.260977E2
2.104000E3	5.326936E-1	-2.831318E-3	2.277436E2
2.105000E3	5.274861E-1	-2.831318E-3	2.268542E2
2.106000E3	5.222786E-1	-2.831318E-3	2.260876E2
2.107000E3	5.170710E-1	-2.831318E-3	2.274474E2
2.108000E3	5.118635E-1	-2.831318E-3	2.284338E2
2.109000E3	5.066560E-1	-2.831318E-3	2.276307E2
2.110000E3	5.014484E-1	-2.831318E-3	2.245939E2
2.111000E3	4.962409E-1	-2.831318E-3	2.208522E2
2.112000E3	4.910334E-1	-2.831318E-3	2.163616E2
2.113000E3	4.858258E-1	-2.831318E-3	2.107727E2
2.114000E3	4.806183E-1	-2.831318E-3	2.071244E2
2.115000E3	4.754108E-1	-2.831318E-3	2.067108E2
2.116000E3	4.702032E-1	-2.831318E-3	2.057099E2
2.117000E3	4.649957E-1	-2.831318E-3	2.039982E2
2.118000E3	4.597882E-1	-2.831318E-3	2.005915E2
2.119000E3	4.545806E-1	-2.831318E-3	1.953384E2
2.120000E3	4.493731E-1	-2.831318E-3	1.856932E2
2.121000E3	4.441656E-1	-2.831318E-3	1.820610E2
2.122000E3	4.389581E-1	-2.831318E-3	1.782101E2
2.123000E3	4.337505E-1	-2.831318E-3	1.737549E2
2.124000E3	4.285430E-1	-2.831318E-3	1.647588E2
2.125000E3	4.233355E-1	-2.831318E-3	1.577913E2
2.126000E3	4.181279E-1	-2.831318E-3	1.535474E2
2.127000E3	4.129204E-1	-2.831318E-3	1.483998E2
2.128000E3	4.077129E-1	-2.831318E-3	1.429854E2
2.129000E3	4.025053E-1	-2.831318E-3	1.388005E2
2.130000E3	3.972978E-1	-2.831318E-3	1.332118E2
2.131000E3	3.920903E-1	-2.831318E-3	1.266679E2
2.132000E3	3.868827E-1	-2.831318E-3	1.143497E2
2.133000E3	3.816752E-1	-2.831318E-3	1.072369E2
2.134000E3	3.764677E-1	-2.831318E-3	9.985630E1
2.135000E3	3.712601E-1	-2.831318E-3	9.178393E1
2.136000E3	3.660526E-1	-2.831318E-3	8.709053E1
2.137000E3	3.608451E-1	-2.831318E-3	8.277758E1
2.138000E3	3.556375E-1	-2.831318E-3	7.473149E1
2.139000E3	3.504300E-1	-2.831318E-3	7.127461E1
2.140000E3	3.452225E-1	-2.831318E-3	6.461585E1
2.141000E3	3.400149E-1	-2.831318E-3	6.356689E1
2.142000E3	3.348074E-1	-2.831318E-3	6.083820E1
2.143000E3	3.295999E-1	-2.831318E-3	6.415361E1
2.144000E3	3.243923E-1	-2.831318E-3	6.853251E1
2.145000E3	3.191848E-1	-2.831318E-3	7.743270E1
2.146000E3	3.139773E-1	-2.831318E-3	8.588016E1
2.147000E3	3.087698E-1	-2.831318E-3	9.711867E1
2.148000E3	3.035622E-1	-2.831318E-3	1.048680E2
2.149000E3	2.983547E-1	-2.831318E-3	1.097224E2
2.150000E3	2.931472E-1	-2.831318E-3	1.149299E2
2.151000E3	2.879396E-1	-2.831318E-3	1.221107E2
2.152000E3	2.827321E-1	-2.831318E-3	1.288436E2
2.153000E3	2.775246E-1	-2.831318E-3	1.361613E2
2.154000E3	2.723170E-1	-2.831318E-3	1.434948E2
2.155000E3	2.671095E-1	-2.831318E-3	1.503084E2
2.156000E3	2.619020E-1	-2.831318E-3	1.589253E2
2.157000E3	2.566944E-1	-2.831318E-3	1.646170E2
2.158000E3	2.514869E-1	-2.831318E-3	1.720982E2
2.159000E3	2.462794E-1	-2.831318E-3	1.746143E2
2.160000E3	2.410718E-1	-2.831318E-3	1.765459E2
2.161000E3	2.358643E-1	-2.831318E-3	1.843269E2
2.162000E3	2.306568E-1	-2.831318E-3	1.908986E2
2.163000E3	2.254492E-1	-2.831318E-3	1.929766E2
2.164000E3	2.202417E-1	-2.831318E-3	1.994160E2
2.165000E3	2.150342E-1	-2.831318E-3	2.074209E2
2.166000E3	2.098266E-1	-2.831318E-3	2.132666E2
2.167000E3	2.046191E-1	-2.831318E-3	2.189822E2
2.168000E3	1.994116E-1	-2.831318E-3	2.242150E2
2.169000E3	1.942041E-1	-2.831318E-3	2.284326E2
2.170000E3	1.889965E-1	-2.831318E-3	2.316856E2
2.171000E3	1.837890E-1	-2.831318E-3	2.325397E2
2.172000E3	1.785815E-1	-2.831318E-3	2.338748E2
2.173000E3	1.733739E-1	-2.831318E-3	2.332688E2
2.174000E3	1.681664E-1	-2.831318E-3	2.320128E2
2.175000E3	1.629589E-1	-2.831318E-3	2.317271E2
2.176000E3	1.577513E-1	-2.831318E-3	2.338182E2
2.177000E3	1.525438E-1	-2.831318E-3	2.364177E2
2.178000E3	1.473363E-1	-2.831318E-3	2.378308E2
2.179000E3	1.421287E-1	-2.831318E-3	2.378457E2
2.180000E3	1.369212E-1	-2.831318E-3	2.371246E2
2.181000E3	1.317137E-1	-2.831318E-3	2.370924E2
2.182000E3	1.265061E-1	-2.831318E-3	2.377331E2
2.183000E3	1.212986E-1	-2.831318E-3	2.393854E2
2.184000E3	1.160911E-1	-2.831318E-3	2.405492E2
2.185000E3	1.108835E-1	-2.831318E-3	2.412584E2
2.186000E3	1.056760E-1	-2.831318E-3	2.422704E2
2.187000E3	1.004685E-1	-2.831318E-3	2.437907E2
2.188000E3	9.526094E-2	-2.831318E-3	2.457661E2
2.189000E3	9.005341E-2	-2.831318E-3	2.470840E2
2.190000E3	8.484588E-2	-2.831318E-3	2.473102E2
2.191000E3	7.963835E-2	-2.831318E-3	2.468256E2
2.192000E3	7.443081E-2	-2.831318E-3	2.466500E2
2.193000E3	6.922328E-2	-2.831318E-3	2.481655E2
2.194000E3	6.401575E-2	-2.831318E-3	2.495456E2
2.195000E3	5.880822E-2	-2.831318E-3	2.502781E2
2.196000E3	5.360069E-2	-2.831318E-3	2.505279E2
2.197000E3	4.839315E-2	-2.831318E-3	2.505407E2
2.198000E3	4.318562E-2	-2.831318E-3	2.506015E2
2.199000E3	3.797809E-2	-2.831318E-3	2.504121E2
2.200000E3	3.277056E-2	-2.831318E-3	2.501489E2
2.201000E3	2.756303E-2	-2.831318E-3	2.506018E2
2.202000E3	2.235549E-2	-2.831318E-3	2.507864E2
2.203000E3	1.714796E-2	-2.831318E-3	2.506162E2
2.204000E3	1.194043E-2	-2.831318E-3	2.504650E2
2.205000E3	6.732899E-3	-2.831318E-3	2.495339E2
2.206000E3	1.525367E-3	-2.831318E-3	2.490876E2
2.207000E3	-3.682165E-3	-2.831318E-3	2.494873E2
2.208000E3	-8.889697E-3	-2.831318E-3	2.490191E2
2.209000E3	-1.409723E-2	-2.831318E-3	2.473134E2
2.210000E3	-1.930476E-2	-2.831318E-3	2.454493E2
2.211000E3	-2.451229E-2	-2.831318E-3	2.443176E2
2.212000E3	-2.971983E-2	-2.831318E-3	2.447157E2
2.213000E3	-3.492736E-2	-2.831318E-3	2.462803E2
2.214000E3	-4.013489E-2	-2.831318E-3	2.476880E2
2.215000E3	-4.534242E-2	-2.831318E-3	2.486156E2
2.216000E3	-5.054995E-2	-2.831318E-3	2.484994E2
2.217000E3	-5.575749E-2	-2.831318E-3	2.472468E2
2.218000E3	-6.096502E-2	-2.831318E-3	2.465783E2
2.219000E3	-6.617255E-2	-2.831318E-3	2.465208E2
2.220000E3	-7.138008E-2	-2.831318E-3	2.460679E2
2.221000E3	-7.658761E-2	-2.831318E-3	2.454718E2
2.222000E3	-8.179515E-2	-2.831318E-3	2.446696E2
2.223000E3	-8.700268E-2	-2.831318E-3	2.441650E2
2.224000E3	-9.221021E-2	-2.831318E-3	2.443073E2
2.225000E3	-9.741774E-2	-2.831318E-3	2.436438E2
2.226000E3	-1.026253E-1	-2.831318E-3	2.421061E2
2.227000E3	-1.078328E-1	-2.831318E-3	2.417947E2
2.228000E3	-1.130403E-1	-2.831318E-3	2.429164E2
2.229000E3	-1.182479E-1	-2.831318E-3	2.438953E2
2.230000E3	-1.234554E-1	-2.831318E-3	2.445987E2
2.231000E3	-1.286629E-1	-2.831318E-3	2.461336E2
2.232000E3	-1.338705E-1	-2.831318E-3	2.462518E2
2.233000E3	-1.390780E-1	-2.831318E-3	2.433721E2
2.234000E3	-1.442855E-1	-2.831318E-3	2.403796E2
2.235000E3	-1.494931E-1	-2.831318E-3	2.405008E2
2.236000E3	-1.547006E-1	-2.831318E-3	2.414390E2
2.237000E3	-1.599081E-1	-2.831318E-3	2.419805E2
2.238000E3	-1.651157E-1	-2.831318E-3	2.402060E2
2.239000E3	-1.703232E-1	-2.831318E-3	2.367026E2
2.240000E3	-1.755307E-1	-2.831318E-3	2.329799E2
2.241000E3	-1.807383E-1	-2.831318E-3	2.310957E2
2.242000E3	-1.859458E-1	-2.831318E-3	2.311853E2
2.243000E3	-1.911533E-1	-2.831318E-3	2.306279E2
2.244000E3	-1.963608E-1	-2.831318E-3	2.288437E2
2.245000E3	-2.015684E-1	-2.831318E-3	2.265484E2
2.246000E3	-2.067759E-1	-2.831318E-3	2.220159E2
2.247000E3	-2.119834E-1	-2.831318E-3	2.187013E2
2.248000E3	-2.171910E-1	-2.831318E-3	2.157514E2
2.249000E3	-2.223985E-1	-2.831318E-3	2.133038E2
2.250000E3	-2.276060E-1	-2.831318E-3	2.114695E2
2.251000E3	-2.328136E-1	-2.831318E-3	2.094483E2
2.252000E3	-2.380211E-1	-2.831318E-3	2.076074E2
2.253000E3	-2.432286E-1	-2.831318E-3	2.046378E2
2.254000E3	-2.484362E-1	-2.831318E-3	1.998776E2
2.255000E3	-2.536437E-1	-2.831318E-3	1.968238E2
2.256000E3	-2.588512E-1	-2.831318E-3	1.896721E2
2.257000E3	-2.640588E-1	-2.831318E-3	1.832317E2
2.258000E3	-2.692663E-1	-2.831318E-3	1.769902E2
2.259000E3	-2.744738E-1	-2.831318E-3	1.672754E2
2.260000E3	-2.796814E-1	-2.831318E-3	1.608046E2
2.261000E3	-2.848889E-1	-2.831318E-3	1.524667E2
2.262000E3	-2.900964E-1	-2.831318E-3	1.446582E2
2.263000E3	-2.953040E-1	-2.831318E-3	1.351577E2
2.264000E3	-3.005115E-1	-2.831318E-3	1.281252E2
2.265000E3	-3.057190E-1	-2.831318E-3	1.251226E2
2.266000E3	-3.109266E-1	-2.831318E-3	1.214065E2
2.267000E3	-3.161341E-1	-2.831318E-3	1.127860E2
2.268000E3	-3.213416E-1	-2.831318E-3	1.004519E2
2.269000E3	-3.265491E-1	-2.831318E-3	9.339511E1
2.270000E3	-3.317567E-1	-2.831318E-3	8.627224E1
2.271000E3	-3.369642E-1	-2.831318E-3	7.948953E1
2.272000E3	-3.421717E-1	-2.831318E-3	7.630101E1
2.273000E3	-3.473793E-1	-2.831318E-3	7.368063E1
2.274000E3	-3.525868E-1	-2.831318E-3	6.413202E1
2.275000E3	-3.577943E-1	-2.831318E-3	6.292082E1
2.276000E3	-3.630019E-1	-2.831318E-3	6.375053E1
2.277000E3	-3.682094E-1	-2.831318E-3	6.400845E1
2.278000E3	-3.734169E-1	-2.831318E-3	6.535081E1
2.279000E3	-3.786245E-1	-2.831318E-3	7.361417E1
2.280000E3	-3.838320E-1	-2.831318E-3	7.929491E1
2.281000E3	-3.890395E-1	-2.831318E-3	8.846780E1
2.282000E3	-3.942471E-1	-2.831318E-3	9.529319E1
2.283000E3	-3.994546E-1	-2.831318E-3	1.043084E2
2.284000E3	-4.046621E-1	-2.831318E-3	1.126264E2
2.285000E3	-4.098697E-1	-2.831318E-3	1.187193E2
2.286000E3	-4.150772E-1	-2.831318E-3	1.259135E2
2.287000E3	-4.202847E-1	-2.831318E-3	1.322604E2
2.288000E3	-4.254923E-1	-2.831318E-3	1.390641E2
2.289000E3	-4.306998E-1	-2.831318E-3	1.489644E2
2.290000E3	-4.359073E-1	-2.831318E-3	1.601467E2
2.291000E3	-4.411149E-1	-2.831318E-3	1.661919E2
2.292000E3	-4.463224E-1	-2.831318E-3	1.704135E2
2.293000E3	-4.515299E-1	-2.831318E-3	1.739115E2
2.294000E3	-4.567374E-1	-2.831318E-3	1.774172E2
2.295000E3	-4.619450E-1	-2.831318E-3	1.837802E2
2.296000E3	-4.671525E-1	-2.831318E-3	1.886496E2
2.297000E3	-4.723600E-1	-2.831318E-3	1.898973E2
2.298000E3	-4.775676E-1	-2.831318E-3	1.929776E2
2.299000E3	-4.827751E-1	-2.831318E-3	1.989664E2
2.300000E3	-4.879826E-1	-2.831318E-3	2.047307E2
2.301000E3	-4.931902E-1	-2.831318E-3	2.058783E2
2.302000E3	-4.983977E-1	-2.831318E-3	2.068147E2
2.303000E3	-5.036052E-1	-2.831318E-3	2.141051E2
2.304000E3	-5.088128E-1	-2.831318E-3	2.213241E2
2.305000E3	-5.140203E-1	-2.831318E-3	2.226925E2
2.306000E3	-5.192278E-1	-2.831318E-3	2.237615E2
2.307000E3	-5.244354E-1	-2.831318E-3	2.259251E2
2.308000E3	-5.296429E-1	-2.831318E-3	2.276424E2
2.309000E3	-5.348504E-1	-2.831318E-3	2.288116E2
2.310000E3	-5.400580E-1	-2.831318E-3	2.285618E2
2.311000E3	-5.452655E-1	-2.831318E-3	2.312914E2
2.312000E3	-5.504730E-1	-2.831318E-3	2.344861E2
2.313000E3	-5.556806E-1	-2.831318E-3	2.353484E2
2.314000E3	-5.608881E-1	-2.831318E-3	2.357976E2
2.315000E3	-5.660956E-1	-2.831318E-3	2.343033E2
2.316000E3	-5.713032E-1	-2.831318E-3	2.362226E2
2.317000E3	-5.765107E-1	-2.831318E-3	2.385866E2
2.318000E3	-5.817182E-1	-2.831318E-3	2.383457E2
2.319000E3	-5.869257E-1	-2.831318E-3	2.366988E2
2.320000E3	-5.921333E-1	-2.831318E-3	2.352472E2
2.321000E3	-5.973408E-1	-2.831318E-3	2.366727E2
2.322000E3	-6.025483E-1	-2.831318E-3	2.389862E2
2.323000E3	-6.077559E-1	-2.831318E-3	2.401486E2
2.324000E3	-6.129634E-1	-2.831318E-3	2.406992E2
2.325000E3	-6.181709E-1	-2.831318E-3	2.413848E2
2.326000E3	-6.233785E-1	-2.831318E-3	2.404449E2
2.327000E3	-6.285860E-1	-2.831318E-3	2.382105E2
2.328000E3	-6.337935E-1	-2.831318E-3	2.377072E2
2.329000E3	-6.390011E-1	-2.831318E-3	2.395267E2
2.330000E3	-6.442086E-1	-2.831318E-3	2.419454E2
2.331000E3	-6.494161E-1	-2.831318E-3	2.439353E2
2.332000E3	-6.546237E-1	-2.831318E-3	2.453788E2
2.333000E3	-6.598312E-1	-2.831318E-3	2.444549E2
2.334000E3	-6.650387E-1	-2.831318E-3	2.426584E2
2.335000E3	-6.702463E-1	-2.831318E-3	2.389014E2
2.336000E3	-6.754538E-1	-2.831318E-3	2.378818E2
2.337000E3	-6.806613E-1	-2.831318E-3	2.376083E2
2.338000E3	-6.858689E-1	-2.831318E-3	2.366236E2
2.339000E3	-6.910764E-1	-2.831318E-3	2.369291E2
2.340000E3	-6.962839E-1	-2.831318E-3	2.370737E2
2.341000E3	-7.014915E-1	-2.831318E-3	2.374611E2
2.342000E3	-7.066990E-1	-2.831318E-3	2.373395E2
2.343000E3	-7.119065E-1	-2.831318E-3	2.388334E2
2.344000E3	-7.171140E-1	-2.831318E-3	2.420265E2
2.345000E3	-7.223216E-1	-2.831318E-3	2.446624E2
2.346000E3	-7.275291E-1	-2.831318E-3	2.466950E2
2.347000E3	-7.327366E-1	-2.831318E-3	2.465325E2
2.348000E3	-7.379442E-1	-2.831318E-3	2.438006E2
2.349000E3	-7.431517E-1	-2.831318E-3	2.415879E2
2.350000E3	-7.483592E-1	-2.831318E-3	2.412575E2
2.351000E3	-7.535668E-1	-2.831318E-3	2.405659E2
2.352000E3	-7.587743E-1	-2.831318E-3	2.392600E2
2.353000E3	-7.639818E-1	-2.831318E-3	2.361296E2
2.354000E3	-7.691894E-1	-2.831318E-3	2.337519E2
2.355000E3	-7.743969E-1	-2.831318E-3	2.314131E2
2.356000E3	-7.796044E-1	-2.831318E-3	2.277965E2
2.357000E3	-7.848120E-1	-2.831318E-3	2.276506E2
2.358000E3	-7.900195E-1	-2.831318E-3	2.279850E2
2.359000E3	-7.952270E-1	-2.831318E-3	2.281438E2
2.360000E3	-8.004346E-1	-2.831318E-3	2.279582E2
2.361000E3	-8.056421E-1	-2.831318E-3	2.282423E2
2.362000E3	-8.108496E-1	-2.831318E-3	2.295955E2
2.363000E3	-8.160572E-1	-2.831318E-3	2.256204E2
2.364000E3	-8.212647E-1	-2.831318E-3	2.199119E2
2.365000E3	-8.264722E-1	-2.831318E-3	2.211243E2
2.366000E3	-8.316798E-1	-2.831318E-3	2.228540E2
2.367000E3	-8.368873E-1	-2.831318E-3	2.231154E2
2.368000E3	-8.420948E-1	-2.831318E-3	2.206315E2
2.369000E3	-8.473023E-1	-2.831318E-3	2.191339E2
2.370000E3	-8.525099E-1	-2.831318E-3	2.160219E2
2.371000E3	-8.577174E-1	-2.831318E-3	2.117789E2
2.372000E3	-8.629249E-1	-2.831318E-3	2.075489E2
2.373000E3	-8.681325E-1	-2.831318E-3	2.056687E2
2.374000E3	-8.733400E-1	-2.831318E-3	2.015553E2
2.375000E3	-8.785475E-1	-2.831318E-3	1.976849E2
2.376000E3	-8.837551E-1	-2.831318E-3	1.946642E2
2.377000E3	-8.889626E-1	-2.831318E-3	1.909303E2
2.378000E3	-8.941701E-1	-2.831318E-3	1.822944E2
2.379000E3	-8.993777E-1	-2.831318E-3	1.776510E2
2.380000E3	-9.045852E-1	-2.831318E-3	1.769359E2
2.381000E3	-9.097927E-1	-2.831318E-3	1.753859E2
2.382000E3	-9.150003E-1	-2.831318E-3	1.722932E2
2.383000E3	-9.202078E-1	-2.831318E-3	1.676523E2
2.384000E3	-9.254153E-1	-2.831318E-3	1.624024E2
2.385000E3	-9.306229E-1	-2.831318E-3	1.573299E2
2.386000E3	-9.358304E-1	-2.831318E-3	1.525705E2
2.387000E3	-9.410379E-1	-2.831318E-3	1.511592E2
2.388000E3	-9.462455E-1	-2.831318E-3	1.457995E2
2.389000E3	-9.514530E-1	-2.831318E-3	1.398923E2
2.390000E3	-9.566605E-1	-2.831318E-3	1.325847E2
2.391000E3	-9.618681E-1	-2.831318E-3	1.327866E2
2.392000E3	-9.670756E-1	-2.831318E-3	1.329729E2
2.393000E3	-9.722831E-1	-2.831318E-3	1.283961E2
2.394000E3	-9.774906E-1	-2.831318E-3	1.179648E2
2.395000E3	-9.826982E-1	-2.831318E-3	1.086190E2
2.396000E3	-9.879057E-1	-2.831318E-3	1.012933E2
2.397000E3	-9.931132E-1	-2.831318E-3	9.523063E1
2.398000E3	-9.983208E-1	-2.831318E-3	8.897150E1
2.399000E3	-1.003528E0	-2.831318E-3	8.299341E1
2.400000E3	-1.008736E0	-2.831318E-3	7.576866E1
2.401000E3	-1.013943E0	-2.831318E-3	7.446564E1
2.402000E3	-1.019151E0	-2.831318E-3	6.958812E1
2.403000E3	-1.024358E0	-2.831318E-3	6.387321E1
2.404000E3	-1.029566E0	-2.831318E-3	5.639542E1
2.405000E3	-1.034773E0	-2.831318E-3	5.277815E1
2.406000E3	-1.039981E0	-2.831318E-3	5.043084E1
2.407000E3	-1.045189E0	-2.831318E-3	4.925547E1
2.408000E3	-1.050396E0	-2.831318E-3	4.811811E1
2.409000E3	-1.055604E0	-2.831318E-3	4.559971E1
2.410000E3	-1.060811E0	-2.831318E-3	4.436650E1
2.411000E3	-1.066019E0	-2.831318E-3	4.480077E1
2.412000E3	-1.071226E0	-2.831318E-3	4.471579E1
2.413000E3	-1.076434E0	-2.831318E-3	4.567753E1
2.414000E3	-1.081641E0	-2.831318E-3	4.849036E1
2.415000E3	-1.086849E0	-2.831318E-3	5.053951E1
2.416000E3	-1.092056E0	-2.831318E-3	5.190696E1
2.417000E3	-1.097264E0	-2.831318E-3	5.768642E1
2.418000E3	-1.102471E0	-2.831318E-3	6.126880E1
2.419000E3	-1.107679E0	-2.831318E-3	6.970480E1
2.420000E3	-1.112886E0	-2.831318E-3	7.742262E1
2.421000E3	-1.118094E0	-2.831318E-3	7.991811E1
2.422000E3	-1.123302E0	-2.831318E-3	8.213773E1
2.423000E3	-1.128509E0	-2.831318E-3	8.573183E1
2.424000E3	-1.133717E0	-2.831318E-3	8.920097E1
2.425000E3	-1.138924E0	-2.831318E-3	9.046074E1
2.426000E3	-1.144132E0	-2.831318E-3	9.549691E1
2.427000E3	-1.149339E0	-2.831318E-3	9.963873E1
2.428000E3	-1.154547E0	-2.831318E-3	1.057585E2
2.429000E3	-1.159754E0	-2.831318E-3	1.061530E2
2.430000E3	-1.164962E0	-2.831318E-3	1.111616E2
2.431000E3	-1.170169E0	-2.831318E-3	1.179797E2
2.432000E3	-1.175377E0	-2.831318E-3	1.203056E2
2.433000E3	-1.180584E0	-2.831318E-3	1.170741E2
2.434000E3	-1.185792E0	-2.831318E-3	1.106382E2
2.435000E3	-1.190999E0	-2.831318E-3	1.116332E2
2.436000E3	-1.196207E0	-2.831318E-3	1.173664E2
2.437000E3	-1.201415E0	-2.831318E-3	1.179336E2
2.438000E3	-1.206622E0	-2.831318E-3	1.195086E2
2.439000E3	-1.211830E0	-2.831318E-3	1.232882E2
2.440000E3	-1.217037E0	-2.831318E-3	1.284711E2
2.441000E3	-1.222245E0	-2.831318E-3	1.271435E2
2.442000E3	-1.227452E0	-2.831318E-3	1.251031E2
2.443000E3	-1.232660E0	-2.831318E-3	1.274102E2
2.444000E3	-1.237867E0	-2.831318E-3	1.282853E2
2.445000E3	-1.243075E0	-2.831318E-3	1.363449E2
2.446000E3	-1.248282E0	-2.831318E-3	1.408403E2
2.447000E3	-1.253490E0	-2.831318E-3	1.422876E2
2.448000E3	-1.258697E0	-2.831318E-3	1.441244E2
2.449000E3	-1.263905E0	-2.831318E-3	1.497076E2
2.450000E3	-1.269112E0	-2.831318E-3	1.522924E2
2.451000E3	-1.274320E0	-2.831318E-3	1.494872E2
2.452000E3	-1.279528E0	-2.831318E-3	1.426792E2
2.453000E3	-1.284735E0	-2.831318E-3	1.427307E2
2.454000E3	-1.289943E0	-2.831318E-3	1.448104E2
2.455000E3	-1.295150E0	-2.831318E-3	1.449347E2
2.456000E3	-1.300358E0	-2.831318E-3	1.438810E2
2.457000E3	-1.305565E0	-2.831318E-3	1.399249E2
2.458000E3	-1.310773E0	-2.831318E-3	1.370315E2
2.459000E3	-1.315980E0	-2.831318E-3	1.360847E2
2.460000E3	-1.321188E0	-2.831318E-3	1.394741E2
2.461000E3	-1.326395E0	-2.831318E-3	1.427155E2
2.462000E3	-1.331603E0	-2.831318E-3	1.425164E2
2.463000E3	-1.336810E0	-2.831318E-3	1.452744E2
2.464000E3	-1.342018E0	-2.831318E-3	1.467081E2
2.465000E3	-1.347225E0	-2.831318E-3	1.436200E2
2.466000E3	-1.352433E0	-2.831318E-3	1.373101E2
2.467000E3	-1.357640E0	-2.831318E-3	1.398818E2
2.468000E3	-1.362848E0	-2.831318E-3	1.413710E2
2.469000E3	-1.368056E0	-2.831318E-3	1.392469E2
2.470000E3	-1.373263E0	-2.831318E-3	1.408381E2
2.471000E3	-1.378471E0	-2.831318E-3	1.413383E2
2.472000E3	-1.383678E0	-2.831318E-3	1.394682E2
2.473000E3	-1.388886E0	-2.831318E-3	1.373765E2
2.474000E3	-1.394093E0	-2.831318E-3	1.304620E2
2.475000E3	-1.399301E0	-2.831318E-3	1.205848E2
2.476000E3	-1.404508E0	-2.831318E-3	1.101738E2
2.477000E3	-1.409716E0	-2.831318E-3	1.087254E2
2.478000E3	-1.414923E0	-2.831318E-3	1.082486E2
2.479000E3	-1.420131E0	-2.831318E-3	1.096062E2
2.480000E3	-1.425338E0	-2.831318E-3	1.117538E2
2.481000E3	-1.430546E0	-2.831318E-3	1.142531E2
2.482000E3	-1.435753E0	-2.831318E-3	1.160890E2
2.483000E3	-1.440961E0	-2.831318E-3	1.132661E2
2.484000E3	-1.446169E0	-2.831318E-3	1.124906E2
2.485000E3	-1.451376E0	-2.831318E-3	1.111163E2
2.486000E3	-1.456584E0	-2.831318E-3	1.098584E2
2.487000E3	-1.461791E0	-2.831318E-3	1.097456E2
2.488000E3	-1.466999E0	-2.831318E-3	1.127551E2
2.489000E3	-1.472206E0	-2.831318E-3	1.144614E2
2.490000E3	-1.477414E0	-2.831318E-3	1.135783E2
2.491000E3	-1.482621E0	-2.831318E-3	1.121228E2
2.492000E3	-1.487829E0	-2.831318E-3	1.053438E2
2.493000E3	-1.493036E0	-2.831318E-3	9.998312E1
2.494000E3	-1.498244E0	-2.831318E-3	9.810829E1
2.495000E3	-1.503451E0	-2.831318E-3	9.874316E1
2.496000E3	-1.508659E0	-2.831318E-3	9.530722E1
2.497000E3	-1.513866E0	-2.831318E-3	9.109928E1
2.498000E3	-1.519074E0	-2.831318E-3	9.148988E1
2.499000E3	-1.524282E0	-2.831318E-3	9.074853E1
2.500000E3	-1.529489E0	-2.831318E-3	9.002252E1
2.501000E3	-1.534697E0	-2.831318E-3	8.642803E1
2.502000E3	-1.539904E0	-2.831318E-3	7.808450E1
2.503000E3	-1.545112E0	-2.831318E-3	7.897518E1
2.504000E3	-1.550319E0	-2.831318E-3	7.719760E1
2.505000E3	-1.555527E0	-2.831318E-3	7.740308E1
2.506000E3	-1.560734E0	-2.831318E-3	7.239411E1
2.507000E3	-1.565942E0	-2.831318E-3	7.221264E1
2.508000E3	-1.571149E0	-2.831318E-3	7.071221E1
2.509000E3	-1.576357E0	-2.831318E-3	6.727383E1
2.510000E3	-1.581564E0	-2.831318E-3	6.329745E1
2.511000E3	-1.586772E0	-2.831318E-3	6.395453E1
2.512000E3	-1.591979E0	-2.831318E-3	6.336840E1
2.513000E3	-1.597187E0	-2.831318E-3	6.078214E1
2.514000E3	-1.602394E0	-2.831318E-3	5.500107E1
2.515000E3	-1.607602E0	-2.831318E-3	5.165083E1
2.516000E3	-1.612810E0	-2.831318E-3	4.656043E1
2.517000E3	-1.618017E0	-2.831318E-3	4.394152E1
2.518000E3	-1.623225E0	-2.831318E-3	4.328047E1
2.519000E3	-1.628432E0	-2.831318E-3	4.207552E1
2.520000E3	-1.633640E0	-2.831318E-3	4.069409E1
2.521000E3	-1.638847E0	-2.831318E-3	3.860394E1
2.522000E3	-1.644055E0	-2.831318E-3	3.772774E1
2.523000E3	-1.649262E0	-2.831318E-3	3.732995E1
2.524000E3	-1.654470E0	-2.831318E-3	3.313509E1
2.525000E3	-1.659677E0	-2.831318E-3	3.522797E1
2.526000E3	-1.664885E0	-2.831318E-3	3.781927E1
2.527000E3	-1.670092E0	-2.831318E-3	3.373985E1
2.528000E3	-1.675300E0	-2.831318E-3	3.044797E1
2.529000E3	-1.680507E0	-2.831318E-3	2.916171E1
2.530000E3	-1.685715E0	-2.831318E-3	2.933677E1
2.531000E3	-1.690923E0	-2.831318E-3	2.873335E1
2.532000E3	-1.696130E0	-2.831318E-3	2.664678E1
2.533000E3	-1.701338E0	-2.831318E-3	2.608420E1
2.534000E3	-1.706545E0	-2.831318E-3	2.540455E1
2.535000E3	-1.711753E0	-2.831318E-3	2.203381E1
2.536000E3	-1.716960E0	-2.831318E-3	1.854162E1
2.537000E3	-1.722168E0	-2.831318E-3	1.780255E1
2.538000E3	-1.727375E0	-2.831318E-3	1.707080E1
2.539000E3	-1.732583E0	-2.831318E-3	1.823190E1
2.540000E3	-1.737790E0	-2.831318E-3	1.806539E1
2.541000E3	-1.742998E0	-2.831318E-3	1.790923E1
2.542000E3	-1.748205E0	-2.831318E-3	1.929861E1
2.543000E3	-1.753413E0	-2.831318E-3	1.802117E1
2.544000E3	-1.758620E0	-2.831318E-3	1.650780E1
2.545000E3	-1.763828E0	-2.831318E-3	1.689972E1
2.546000E3	-1.769036E0	-2.831318E-3	1.632204E1
2.547000E3	-1.774243E0	-2.831318E-3	1.651966E1
2.548000E3	-1.779451E0	-2.831318E-3	1.619524E1
2.549000E3	-1.784658E0	-2.831318E-3	1.526362E1
2.550000E3	-1.789866E0	-2.831318E-3	1.572767E1
2.551000E3	-1.795073E0	-2.831318E-3	1.569503E1
2.552000E3	-1.800281E0	-2.831318E-3	1.482147E1
2.553000E3	-1.805488E0	-2.831318E-3	1.508360E1
2.554000E3	-1.810696E0	-2.831318E-3	1.537281E1
2.555000E3	-1.815903E0	-2.831318E-3	1.495922E1
2.556000E3	-1.821111E0	-2.831318E-3	1.587840E1
2.557000E3	-1.826318E0	-2.831318E-3	1.426784E1
2.558000E3	-1.831526E0	-2.831318E-3	1.440748E1
2.559000E3	-1.836733E0	-2.831318E-3	1.593295E1
2.560000E3	-1.841941E0	-2.831318E-3	1.843844E1
2.561000E3	-1.847148E0	-2.831318E-3	1.858115E1
2.562000E3	-1.852356E0	-2.831318E-3	1.745530E1
2.563000E3	-1.857564E0	-2.831318E-3	1.833481E1
2.564000E3	-1.862771E0	-2.831318E-3	1.944545E1
2.565000E3	-1.867979E0	-2.831318E-3	1.977820E1
2.566000E3	-1.873186E0	-2.831318E-3	2.020471E1
2.567000E3	-1.878394E0	-2.831318E-3	2.277685E1
2.568000E3	-1.883601E0	-2.831318E-3	2.341176E1
2.569000E3	-1.888809E0	-2.831318E-3	2.219892E1
2.570000E3	-1.894016E0	-2.831318E-3	2.141450E1
2.571000E3	-1.899224E0	-2.831318E-3	2.258969E1
2.572000E3	-1.904431E0	-2.831318E-3	2.300141E1
2.573000E3	-1.909639E0	-2.831318E-3	2.264238E1
2.574000E3	-1.914846E0	-2.831318E-3	2.428176E1
2.575000E3	-1.920054E0	-2.831318E-3	2.276222E1
2.576000E3	-1.925261E0	-2.831318E-3	2.364365E1
2.577000E3	-1.930469E0	-2.831318E-3	2.502241E1
2.578000E3	-1.935677E0	-2.831318E-3	2.546213E1
2.579000E3	-1.940884E0	-2.831318E-3	2.668952E1
2.580000E3	-1.946092E0	-2.831318E-3	3.098305E1
2.581000E3	-1.951299E0	-2.831318E-3	3.154333E1
2.582000E3	-1.956507E0	-2.831318E-3	3.359966E1
2.583000E3	-1.961714E0	-2.831318E-3	3.505607E1
2.584000E3	-1.966922E0	-2.831318E-3	3.566732E1
2.585000E3	-1.972129E0	-2.831318E-3	3.657507E1
2.586000E3	-1.977337E0	-2.831318E-3	3.807164E1
2.587000E3	-1.982544E0	-2.831318E-3	3.854307E1
2.588000E3	-1.987752E0	-2.831318E-3	3.879137E1
2.589000E3	-1.992959E0	-2.831318E-3	4.250985E1
2.590000E3	-1.998167E0	-2.831318E-3	4.582810E1
2.591000E3	-2.003374E0	-2.831318E-3	5.073174E1
2.592000E3	-2.008582E0	-2.831318E-3	5.280165E1
2.593000E3	-2.013790E0	-2.831318E-3	5.179200E1
2.594000E3	-2.018997E0	-2.831318E-3	5.047257E1
2.595000E3	-2.024205E0	-2.831318E-3	4.914476E1
2.596000E3	-2.029412E0	-2.831318E-3	5.223812E1
2.597000E3	-2.034620E0	-2.831318E-3	5.374898E1
2.598000E3	-2.039827E0	-2.831318E-3	5.220641E1
2.599000E3	-2.045035E0	-2.831318E-3	5.363541E1
2.600000E3	-2.050242E0	-2.831318E-3	5.575243E1
2.601000E3	-2.055450E0	-2.831318E-3	5.872166E1
2.602000E3	-2.060657E0	-2.831318E-3	5.846625E1
2.603000E3	-2.065865E0	-2.831318E-3	5.725015E1
2.604000E3	-2.071072E0	-2.831318E-3	5.908701E1
2.605000E3	-2.076280E0	-2.831318E-3	5.858429E1
2.606000E3	-2.081487E0	-2.831318E-3	5.825250E1
2.607000E3	-2.086695E0	-2.831318E-3	6.018051E1
2.608000E3	-2.091902E0	-2.831318E-3	6.087120E1
2.609000E3	-2.097110E0	-2.831318E-3	6.421007E1
2.610000E3	-2.102318E0	-2.831318E-3	6.979638E1
2.611000E3	-2.107525E0	-2.831318E-3	7.550398E1
2.612000E3	-2.112733E0	-2.831318E-3	7.438980E1
2.613000E3	-2.117940E0	-2.831318E-3	6.987917E1
2.614000E3	-2.123148E0	-2.831318E-3	6.874757E1
2.615000E3	-2.128355E0	-2.831318E-3	6.695924E1
2.616000E3	-2.133563E0	-2.831318E-3	6.619218E1
2.617000E3	-2.138770E0	-2.831318E-3	6.675377E1
2.618000E3	-2.143978E0	-2.831318E-3	6.404937E1
2.619000E3	-2.149185E0	-2.831318E-3	6.607576E1
2.620000E3	-2.154393E0	-2.831318E-3	6.724089E1
2.621000E3	-2.159600E0	-2.831318E-3	6.673359E1
2.622000E3	-2.164808E0	-2.831318E-3	6.895098E1
2.623000E3	-2.170015E0	-2.831318E-3	7.114657E1
2.624000E3	-2.175223E0	-2.831318E-3	7.443000E1
2.625000E3	-2.180431E0	-2.831318E-3	7.586023E1
2.626000E3	-2.185638E0	-2.831318E-3	7.580475E1
2.627000E3	-2.190846E0	-2.831318E-3	7.569974E1
2.628000E3	-2.196053E0	-2.831318E-3	7.308951E1
2.629000E3	-2.201261E0	-2.831318E-3	7.291735E1
2.630000E3	-2.206468E0	-2.831318E-3	7.004298E1
2.631000E3	-2.211676E0	-2.831318E-3	7.302958E1
2.632000E3	-2.216883E0	-2.831318E-3	7.447877E1
2.633000E3	-2.222091E0	-2.831318E-3	7.526284E1
2.634000E3	-2.227298E0	-2.831318E-3	7.345745E1
2.635000E3	-2.232506E0	-2.831318E-3	7.034551E1
2.636000E3	-2.237713E0	-2.831318E-3	6.427728E1
2.637000E3	-2.242921E0	-2.831318E-3	6.525789E1
2.638000E3	-2.248128E0	-2.831318E-3	6.612127E1
2.639000E3	-2.253336E0	-2.831318E-3	6.339556E1
2.640000E3	-2.258544E0	-2.831318E-3	6.315020E1
2.641000E3	-2.263751E0	-2.831318E-3	6.134913E1
2.642000E3	-2.268959E0	-2.831318E-3	6.188075E1
2.643000E3	-2.274166E0	-2.831318E-3	6.296715E1
2.644000E3	-2.279374E0	-2.831318E-3	6.195336E1
2.645000E3	-2.284581E0	-2.831318E-3	6.308472E1
2.646000E3	-2.289789E0	-2.831318E-3	6.538462E1
2.647000E3	-2.294996E0	-2.831318E-3	6.425781E1
2.648000E3	-2.300204E0	-2.831318E-3	6.242056E1
2.649000E3	-2.305411E0	-2.831318E-3	5.985609E1
2.650000E3	-2.310619E0	-2.831318E-3	5.833481E1
2.651000E3	-2.315826E0	-2.831318E-3	5.633627E1
2.652000E3	-2.321034E0	-2.831318E-3	5.268040E1
2.653000E3	-2.326241E0	-2.831318E-3	4.951189E1
2.654000E3	-2.331449E0	-2.831318E-3	5.231681E1
2.655000E3	-2.336656E0	-2.831318E-3	5.243195E1
2.656000E3	-2.341864E0	-2.831318E-3	4.831660E1
2.657000E3	-2.347072E0	-2.831318E-3	4.417230E1
2.658000E3	-2.352279E0	-2.831318E-3	4.118063E1
2.659000E3	-2.357487E0	-2.831318E-3	4.299466E1
2.660000E3	-2.362694E0	-2.831318E-3	4.095304E1
2.661000E3	-2.367902E0	-2.831318E-3	4.222714E1
2.662000E3	-2.373109E0	-2.831318E-3	4.036951E1
2.663000E3	-2.378317E0	-2.831318E-3	3.831094E1
2.664000E3	-2.383524E0	-2.831318E-3	3.633286E1
2.665000E3	-2.388732E0	-2.831318E-3	3.452128E1
2.666000E3	-2.393939E0	-2.831318E-3	3.352460E1
2.667000E3	-2.399147E0	-2.831318E-3	3.223396E1
2.668000E3	-2.404354E0	-2.831318E-3	2.815554E1
2.669000E3	-2.409562E0	-2.831318E-3	2.723843E1
2.670000E3	-2.414769E0	-2.831318E-3	2.692638E1
2.671000E3	-2.419977E0	-2.831318E-3	2.323972E1
2.672000E3	-2.425185E0	-2.831318E-3	2.021106E1
2.673000E3	-2.430392E0	-2.831318E-3	1.967134E1
2.674000E3	-2.435600E0	-2.831318E-3	1.737954E1
2.675000E3	-2.440807E0	-2.831318E-3	1.632393E1
2.676000E3	-2.446015E0	-2.831318E-3	1.536639E1
2.677000E3	-2.451222E0	-2.831318E-3	1.526558E1
2.678000E3	-2.456430E0	-2.831318E-3	1.424022E1
2.679000E3	-2.461637E0	-2.831318E-3	1.664956E1
2.680000E3	-2.466845E0	-2.831318E-3	1.685361E1
2.681000E3	-2.472052E0	-2.831318E-3	1.747623E1
2.682000E3	-2.477260E0	-2.831318E-3	1.878259E1
2.683000E3	-2.482467E0	-2.831318E-3	2.163937E1
2.684000E3	-2.487675E0	-2.831318E-3	2.240647E1
2.685000E3	-2.492882E0	-2.831318E-3	2.515298E1
2.686000E3	-2.498090E0	-2.831318E-3	2.637377E1
2.687000E3	-2.503298E0	-2.831318E-3	2.771410E1
2.688000E3	-2.508505E0	-2.831318E-3	2.964953E1
2.689000E3	-2.513713E0	-2.831318E-3	3.086065E1
2.690000E3	-2.518920E0	-2.831318E-3	3.334345E1
2.691000E3	-2.524128E0	-2.831318E-3	3.563307E1
2.692000E3	-2.529335E0	-2.831318E-3	3.462153E1
2.693000E3	-2.534543E0	-2.831318E-3	3.474526E1
2.694000E3	-2.539750E0	-2.831318E-3	3.862041E1
2.695000E3	-2.544958E0	-2.831318E-3	3.904548E1
2.696000E3	-2.550165E0	-2.831318E-3	3.855324E1
2.697000E3	-2.555373E0	-2.831318E-3	4.205182E1
2.698000E3	-2.560580E0	-2.831318E-3	4.583538E1
2.699000E3	-2.565788E0	-2.831318E-3	4.889124E1
2.700000E3	-2.570995E0	-2.831318E-3	4.994533E1
2.701000E3	-2.576203E0	-2.831318E-3	5.194560E1
2.702000E3	-2.581411E0	-2.831318E-3	5.420887E1
2.703000E3	-2.586618E0	-2.831318E-3	5.797885E1
2.704000E3	-2.591826E0	-2.831318E-3	6.118933E1
2.705000E3	-2.597033E0	-2.831318E-3	6.153472E1
2.706000E3	-2.602241E0	-2.831318E-3	5.855993E1
2.707000E3	-2.607448E0	-2.831318E-3	6.390569E1
2.708000E3	-2.612656E0	-2.831318E-3	6.864614E1
2.709000E3	-2.617863E0	-2.831318E-3	7.115481E1
2.710000E3	-2.623071E0	-2.831318E-3	7.132606E1
2.711000E3	-2.628278E0	-2.831318E-3	7.429416E1
2.712000E3	-2.633486E0	-2.831318E-3	7.625883E1
2.713000E3	-2.638693E0	-2.831318E-3	7.638906E1
2.714000E3	-2.643901E0	-2.831318E-3	7.649234E1
2.715000E3	-2.649108E0	-2.831318E-3	7.692882E1
2.716000E3	-2.654316E0	-2.831318E-3	7.590275E1
2.717000E3	-2.659523E0	-2.831318E-3	7.891561E1
2.718000E3	-2.664731E0	-2.831318E-3	7.649352E1
2.719000E3	-2.669939E0	-2.831318E-3	8.017640E1
2.720000E3	-2.675146E0	-2.831318E-3	8.149005E1
2.721000E3	-2.680354E0	-2.831318E-3	8.188397E1
2.722000E3	-2.685561E0	-2.831318E-3	8.453336E1
2.723000E3	-2.690769E0	-2.831318E-3	8.566107E1
2.724000E3	-2.695976E0	-2.831318E-3	8.693473E1
2.725000E3	-2.701184E0	-2.831318E-3	8.517034E1
2.726000E3	-2.706391E0	-2.831318E-3	8.364427E1
2.727000E3	-2.711599E0	-2.831318E-3	8.487325E1
2.728000E3	-2.716806E0	-2.831318E-3	8.571993E1
2.729000E3	-2.722014E0	-2.831318E-3	8.954184E1
2.730000E3	-2.727221E0	-2.831318E-3	9.373883E1
2.731000E3	-2.732429E0	-2.831318E-3	9.547024E1
2.732000E3	-2.737636E0	-2.831318E-3	9.226070E1
2.733000E3	-2.742844E0	-2.831318E-3	9.293412E1
2.734000E3	-2.748052E0	-2.831318E-3	9.224759E1
2.735000E3	-2.753259E0	-2.831318E-3	9.582554E1
2.736000E3	-2.758467E0	-2.831318E-3	9.327488E1
2.737000E3	-2.763674E0	-2.831318E-3	9.436438E1
2.738000E3	-2.768882E0	-2.831318E-3	9.473272E1
2.739000E3	-2.774089E0	-2.831318E-3	9.076898E1
2.740000E3	-2.779297E0	-2.831318E-3	9.231769E1
2.741000E3	-2.784504E0	-2.831318E-3	9.649928E1
2.742000E3	-2.789712E0	-2.831318E-3	9.489889E1
2.743000E3	-2.794919E0	-2.831318E-3	9.341409E1
2.744000E3	-2.800127E0	-2.831318E-3	9.144402E1
2.745000E3	-2.805334E0	-2.831318E-3	9.315467E1
2.746000E3	-2.810542E0	-2.831318E-3	9.842189E1
2.747000E3	-2.815749E0	-2.831318E-3	9.846757E1
2.748000E3	-2.820957E0	-2.831318E-3	9.160292E1
2.749000E3	-2.826165E0	-2.831318E-3	9.104724E1
2.750000E3	-2.831372E0	-2.831318E-3	8.994114E1
2.751000E3	-2.836580E0	-2.831318E-3	9.066160E1
2.752000E3	-2.841787E0	-2.831318E-3	9.274205E1
2.753000E3	-2.846995E0	-2.831318E-3	9.480304E1
2.754000E3	-2.852202E0	-2.831318E-3	9.853429E1
2.755000E3	-2.857410E0	-2.831318E-3	9.503535E1
2.756000E3	-2.862617E0	-2.831318E-3	9.017789E1
2.757000E3	-2.867825E0	-2.831318E-3	8.724859E1
2.758000E3	-2.873032E0	-2.831318E-3	8.778415E1
2.759000E3	-2.878240E0	-2.831318E-3	8.410476E1
2.760000E3	-2.883447E0	-2.831318E-3	8.349612E1
2.761000E3	-2.888655E0	-2.831318E-3	8.526148E1
2.762000E3	-2.893862E0	-2.831318E-3	8.684312E1
2.763000E3	-2.899070E0	-2.831318E-3	8.928137E1
2.764000E3	-2.904277E0	-2.831318E-3	8.647096E1
2.765000E3	-2.909485E0	-2.831318E-3	8.212901E1
2.766000E3	-2.914693E0	-2.831318E-3	8.222955E1
2.767000E3	-2.919900E0	-2.831318E-3	8.251703E1
2.768000E3	-2.925108E0	-2.831318E-3	8.134468E1
2.769000E3	-2.930315E0	-2.831318E-3	8.350772E1
2.770000E3	-2.935523E0	-2.831318E-3	8.644380E1
2.771000E3	-2.940730E0	-2.831318E-3	8.138928E1
2.772000E3	-2.945938E0	-2.831318E-3	7.149179E1
2.773000E3	-2.951145E0	-2.831318E-3	6.930137E1
2.774000E3	-2.956353E0	-2.831318E-3	7.112337E1
2.775000E3	-2.961560E0	-2.831318E-3	6.828073E1
2.776000E3	-2.966768E0	-2.831318E-3	6.168018E1
2.777000E3	-2.971975E0	-2.831318E-3	6.091410E1
2.778000E3	-2.977183E0	-2.831318E-3	5.991909E1
2.779000E3	-2.982390E0	-2.831318E-3	5.714877E1
2.780000E3	-2.987598E0	-2.831318E-3	5.667217E1
2.781000E3	-2.992806E0	-2.831318E-3	5.744160E1
2.782000E3	-2.998013E0	-2.831318E-3	5.748518E1
2.783000E3	-3.003221E0	-2.831318E-3	5.725928E1
2.784000E3	-3.008428E0	-2.831318E-3	5.400210E1
2.785000E3	-3.013636E0	-2.831318E-3	5.097111E1
2.786000E3	-3.018843E0	-2.831318E-3	4.841438E1
2.787000E3	-3.024051E0	-2.831318E-3	4.852113E1
2.788000E3	-3.029258E0	-2.831318E-3	4.751523E1
2.789000E3	-3.034466E0	-2.831318E-3	4.928602E1
2.790000E3	-3.039673E0	-2.831318E-3	4.611850E1
2.791000E3	-3.044881E0	-2.831318E-3	4.554615E1
2.792000E3	-3.050088E0	-2.831318E-3	4.428625E1
2.793000E3	-3.055296E0	-2.831318E-3	4.027799E1
2.794000E3	-3.060503E0	-2.831318E-3	3.856651E1
2.795000E3	-3.065711E0	-2.831318E-3	3.829813E1
2.796000E3	-3.070919E0	-2.831318E-3	3.512891E1
2.797000E3	-3.076126E0	-2.831318E-3	3.163408E1
2.798000E3	-3.081334E0	-2.831318E-3	3.128106E1
2.799000E3	-3.086541E0	-2.831318E-3	3.123864E1
2.800000E3	-3.091749E0	-2.831318E-3	3.101546E1
2.801000E3	-3.096956E0	-2.831318E-3	3.063973E1
2.802000E3	-3.102164E0	-2.831318E-3	2.854598E1
2.803000E3	-3.107371E0	-2.831318E-3	2.762342E1
2.804000E3	-3.112579E0	-2.831318E-3	2.645208E1
2.805000E3	-3.117786E0	-2.831318E-3	2.532840E1
2.806000E3	-3.122994E0	-2.831318E-3	2.279154E1
2.807000E3	-3.128201E0	-2.831318E-3	2.194879E1
2.808000E3	-3.133409E0	-2.831318E-3	1.949178E1
2.809000E3	-3.138616E0	-2.831318E-3	1.975115E1
2.810000E3	-3.143824E0	-2.831318E-3	1.913499E1
2.811000E3	-3.149031E0	-2.831318E-3	2.030683E1
2.812000E3	-3.154239E0	-2.831318E-3	1.814763E1
2.813000E3	-3.159447E0	-2.831318E-3	1.628916E1
2.814000E3	-3.164654E0	-2.831318E-3	1.503417E1
2.815000E3	-3.169862E0	-2.831318E-3	1.487490E1
2.816000E3	-3.175069E0	-2.831318E-3	1.473611E1
2.817000E3	-3.180277E0	-2.831318E-3	1.549226E1
2.818000E3	-3.185484E0	-2.831318E-3	1.543794E1
2.819000E3	-3.190692E0	-2.831318E-3	1.573867E1
2.820000E3	-3.195899E0	-2.831318E-3	1.454516E1
2.821000E3	-3.201107E0	-2.831318E-3	1.534488E1
2.822000E3	-3.206314E0	-2.831318E-3	1.644647E1
2.823000E3	-3.211522E0	-2.831318E-3	1.690681E1
2.824000E3	-3.216729E0	-2.831318E-3	1.750754E1
2.825000E3	-3.221937E0	-2.831318E-3	1.876486E1
2.826000E3	-3.227144E0	-2.831318E-3	1.913272E1
2.827000E3	-3.232352E0	-2.831318E-3	1.945359E1
2.828000E3	-3.237560E0	-2.831318E-3	2.054051E1
2.829000E3	-3.242767E0	-2.831318E-3	2.277090E1
2.830000E3	-3.247975E0	-2.831318E-3	2.208405E1
2.831000E3	-3.253182E0	-2.831318E-3	2.179822E1
2.832000E3	-3.258390E0	-2.831318E-3	2.269317E1
2.833000E3	-3.263597E0	-2.831318E-3	2.351124E1
2.834000E3	-3.268805E0	-2.831318E-3	2.526646E1
2.835000E3	-3.274012E0	-2.831318E-3	2.581719E1
2.836000E3	-3.279220E0	-2.831318E-3	2.512869E1
2.837000E3	-3.284427E0	-2.831318E-3	2.782839E1
2.838000E3	-3.289635E0	-2.831318E-3	2.535652E1
2.839000E3	-3.294842E0	-2.831318E-3	2.661231E1
2.840000E3	-3.300050E0	-2.831318E-3	2.650758E1
2.841000E3	-3.305257E0	-2.831318E-3	2.678842E1
2.842000E3	-3.310465E0	-2.831318E-3	2.827728E1
2.843000E3	-3.315673E0	-2.831318E-3	3.027615E1
2.844000E3	-3.320880E0	-2.831318E-3	3.079286E1
2.845000E3	-3.326088E0	-2.831318E-3	3.147072E1
2.846000E3	-3.331295E0	-2.831318E-3	3.150606E1
2.847000E3	-3.336503E0	-2.831318E-3	3.154969E1
2.848000E3	-3.341710E0	-2.831318E-3	3.106306E1
2.849000E3	-3.346918E0	-2.831318E-3	3.243969E1
2.850000E3	-3.352125E0	-2.831318E-3	3.387961E1
2.851000E3	-3.357333E0	-2.831318E-3	3.456113E1
2.852000E3	-3.362540E0	-2.831318E-3	3.441209E1
2.853000E3	-3.367748E0	-2.831318E-3	3.560055E1
2.854000E3	-3.372955E0	-2.831318E-3	3.728714E1
2.855000E3	-3.378163E0	-2.831318E-3	3.482800E1
2.856000E3	-3.383370E0	-2.831318E-3	3.456282E1
2.857000E3	-3.388578E0	-2.831318E-3	3.320190E1
2.858000E3	-3.393785E0	-2.831318E-3	3.153022E1
2.859000E3	-3.398993E0	-2.831318E-3	3.300373E1
2.860000E3	-3.404201E0	-2.831318E-3	3.411213E1
2.861000E3	-3.409408E0	-2.831318E-3	3.426416E1
2.862000E3	-3.414616E0	-2.831318E-3	3.365088E1
2.863000E3	-3.419823E0	-2.831318E-3	3.502203E1
2.864000E3	-3.425031E0	-2.831318E-3	3.486673E1
2.865000E3	-3.430238E0	-2.831318E-3	3.506999E1
2.866000E3	-3.435446E0	-2.831318E-3	3.496906E1
2.867000E3	-3.440653E0	-2.831318E-3	3.573625E1
2.868000E3	-3.445861E0	-2.831318E-3	3.594256E1
2.869000E3	-3.451068E0	-2.831318E-3	3.461592E1
2.870000E3	-3.456276E0	-2.831318E-3	3.288196E1
2.871000E3	-3.461483E0	-2.831318E-3	3.167200E1
2.872000E3	-3.466691E0	-2.831318E-3	3.263019E1
2.873000E3	-3.471898E0	-2.831318E-3	3.222399E1
2.874000E3	-3.477106E0	-2.831318E-3	3.035625E1
2.875000E3	-3.482314E0	-2.831318E-3	2.979488E1
2.876000E3	-3.487521E0	-2.831318E-3	2.983753E1
2.877000E3	-3.492729E0	-2.831318E-3	2.961193E1
2.878000E3	-3.497936E0	-2.831318E-3	2.708504E1
2.879000E3	-3.503144E0	-2.831318E-3	2.692891E1
2.880000E3	-3.508351E0	-2.831318E-3	2.703735E1
2.881000E3	-3.513559E0	-2.831318E-3	2.771678E1
2.882000E3	-3.518766E0	-2.831318E-3	2.904211E1
2.883000E3	-3.523974E0	-2.831318E-3	3.124402E1
2.884000E3	-3.529181E0	-2.831318E-3	3.482559E1
2.885000E3	-3.534389E0	-2.831318E-3	3.332951E1
2.886000E3	-3.539596E0	-2.831318E-3	3.173070E1
2.887000E3	-3.544804E0	-2.831318E-3	3.236177E1
2.888000E3	-3.550011E0	-2.831318E-3	3.019933E1
2.889000E3	-3.555219E0	-2.831318E-3	2.906430E1
2.890000E3	-3.560427E0	-2.831318E-3	2.723360E1
2.891000E3	-3.565634E0	-2.831318E-3	2.856988E1
2.892000E3	-3.570842E0	-2.831318E-3	2.951527E1
2.893000E3	-3.576049E0	-2.831318E-3	2.889144E1
2.894000E3	-3.581257E0	-2.831318E-3	2.785756E1
2.895000E3	-3.586464E0	-2.831318E-3	2.708740E1
2.896000E3	-3.591672E0	-2.831318E-3	2.621936E1
2.897000E3	-3.596879E0	-2.831318E-3	2.870089E1
2.898000E3	-3.602087E0	-2.831318E-3	2.940857E1
2.899000E3	-3.607294E0	-2.831318E-3	2.838240E1
2.900000E3	-3.612502E0	-2.831318E-3	2.760301E1
2.901000E3	-3.617709E0	-2.831318E-3	2.529763E1
2.902000E3	-3.622917E0	-2.831318E-3	2.370288E1
2.903000E3	-3.628124E0	-2.831318E-3	2.491207E1
2.904000E3	-3.633332E0	-2.831318E-3	2.504529E1
2.905000E3	-3.638539E0	-2.831318E-3	2.587225E1
2.906000E3	-3.643747E0	-2.831318E-3	2.423986E1
2.907000E3	-3.648955E0	-2.831318E-3	2.306840E1
2.908000E3	-3.654162E0	-2.831318E-3	2.396599E1
2.909000E3	-3.659370E0	-2.831318E-3	2.276266E1
2.910000E3	-3.664577E0	-2.831318E-3	2.132041E1
2.911000E3	-3.669785E0	-2.831318E-3	2.342804E1
2.912000E3	-3.674992E0	-2.831318E-3	2.358258E1
2.913000E3	-3.680200E0	-2.831318E-3	2.215119E1
2.914000E3	-3.685407E0	-2.831318E-3	2.223213E1
2.915000E3	-3.690615E0	-2.831318E-3	2.207103E1
2.916000E3	-3.695822E0	-2.831318E-3	2.001731E1
2.917000E3	-3.701030E0	-2.831318E-3	1.948897E1
2.918000E3	-3.706237E0	-2.831318E-3	1.928724E1
2.919000E3	-3.711445E0	-2.831318E-3	1.796055E1
2.920000E3	-3.716652E0	-2.831318E-3	1.844258E1
2.921000E3	-3.721860E0	-2.831318E-3	1.789417E1
2.922000E3	-3.727068E0	-2.831318E-3	1.724225E1
2.923000E3	-3.732275E0	-2.831318E-3	1.764137E1
2.924000E3	-3.737483E0	-2.831318E-3	1.634997E1
2.925000E3	-3.742690E0	-2.831318E-3	1.571295E1
2.926000E3	-3.747898E0	-2.831318E-3	1.468298E1
2.927000E3	-3.753105E0	-2.831318E-3	1.482683E1
2.928000E3	-3.758313E0	-2.831318E-3	1.525501E1
2.929000E3	-3.763520E0	-2.831318E-3	1.467544E1
2.930000E3	-3.768728E0	-2.831318E-3	1.308543E1
2.931000E3	-3.773935E0	-2.831318E-3	1.312728E1
2.932000E3	-3.779143E0	-2.831318E-3	1.261984E1
2.933000E3	-3.784350E0	-2.831318E-3	1.263720E1
2.934000E3	-3.789558E0	-2.831318E-3	1.262381E1
2.935000E3	-3.794765E0	-2.831318E-3	1.259136E1
2.936000E3	-3.799973E0	-2.831318E-3	1.227509E1
2.937000E3	-3.805181E0	-2.831318E-3	1.294814E1
2.938000E3	-3.810388E0	-2.831318E-3	1.363144E1
2.939000E3	-3.815596E0	-2.831318E-3	1.138477E1
2.940000E3	-3.820803E0	-2.831318E-3	1.082959E1
2.941000E3	-3.826011E0	-2.831318E-3	1.008853E1
2.942000E3	-3.831218E0	-2.831318E-3	1.101762E1
2.943000E3	-3.836426E0	-2.831318E-3	9.815191E0
2.944000E3	-3.841633E0	-2.831318E-3	9.250468E0
2.945000E3	-3.846841E0	-2.831318E-3	1.007430E1
2.946000E3	-3.852048E0	-2.831318E-3	1.071237E1
2.947000E3	-3.857256E0	-2.831318E-3	8.114763E0
2.948000E3	-3.862463E0	-2.831318E-3	8.636313E0
2.949000E3	-3.867671E0	-2.831318E-3	9.663994E0
2.950000E3	-3.872878E0	-2.831318E-3	9.944415E0
2.951000E3	-3.878086E0	-2.831318E-3	8.871455E0
2.952000E3	-3.883293E0	-2.831318E-3	1.008474E1
2.953000E3	-3.888501E0	-2.831318E-3	9.848944E0
2.954000E3	-3.893709E0	-2.831318E-3	1.047421E1
2.955000E3	-3.898916E0	-2.831318E-3	1.001325E1
2.956000E3	-3.904124E0	-2.831318E-3	1.011913E1
2.957000E3	-3.909331E0	-2.831318E-3	1.028478E1
2.958000E3	-3.914539E0	-2.831318E-3	1.108218E1
2.959000E3	-3.919746E0	-2.831318E-3	1.148568E1
2.960000E3	-3.924954E0	-2.831318E-3	1.125488E1
2.961000E3	-3.930161E0	-2.831318E-3	1.236747E1
2.962000E3	-3.935369E0	-2.831318E-3	1.340029E1
2.963000E3	-3.940576E0	-2.831318E-3	1.294257E1
2.964000E3	-3.945784E0	-2.831318E-3	1.159495E1
2.965000E3	-3.950991E0	-2.831318E-3	1.378156E1
2.966000E3	-3.956199E0	-2.831318E-3	1.385578E1
2.967000E3	-3.961406E0	-2.831318E-3	1.437076E1
2.968000E3	-3.966614E0	-2.831318E-3	1.542672E1
2.969000E3	-3.971822E0	-2.831318E-3	1.599864E1
2.970000E3	-3.977029E0	-2.831318E-3	1.655123E1
2.971000E3	-3.982237E0	-2.831318E-3	1.671286E1
2.972000E3	-3.987444E0	-2.831318E-3	1.658664E1
2.973000E3	-3.992652E0	-2.831318E-3	1.648756E1
2.974000E3	-3.997859E0	-2.831318E-3	1.675341E1
2.975000E3	-4.003067E0	-2.831318E-3	1.717964E1
2.976000E3	-4.008274E0	-2.831318E-3	1.757955E1
2.977000E3	-4.013482E0	-2.831318E-3	1.793996E1
2.978000E3	-4.018689E0	-2.831318E-3	1.965381E1
2.979000E3	-4.023897E0	-2.831318E-3	2.148643E1
2.980000E3	-4.029104E0	-2.831318E-3	2.129526E1
2.981000E3	-4.034312E0	-2.831318E-3	2.308376E1
2.982000E3	-4.039519E0	-2.831318E-3	2.496702E1
2.983000E3	-4.044727E0	-2.831318E-3	2.748476E1
2.984000E3	-4.049935E0	-2.831318E-3	2.775874E1
2.985000E3	-4.055142E0	-2.831318E-3	2.786952E1
2.986000E3	-4.060350E0	-2.831318E-3	2.841440E1
2.987000E3	-4.065557E0	-2.831318E-3	2.835770E1
2.988000E3	-4.070765E0	-2.831318E-3	2.776284E1
2.989000E3	-4.075972E0	-2.831318E-3	2.844597E1
2.990000E3	-4.081180E0	-2.831318E-3	2.993922E1
2.991000E3	-4.086387E0	-2.831318E-3	2.958116E1
2.992000E3	-4.091595E0	-2.831318E-3	3.033316E1
2.993000E3	-4.096802E0	-2.831318E-3	3.194818E1
2.994000E3	-4.102010E0	-2.831318E-3	3.280062E1
2.995000E3	-4.107217E0	-2.831318E-3	3.197983E1
2.996000E3	-4.112425E0	-2.831318E-3	3.155758E1
2.997000E3	-4.117632E0	-2.831318E-3	3.206229E1
2.998000E3	-4.122840E0	-2.831318E-3	3.124928E1
2.999000E3	-4.128048E0	-2.831318E-3	3.230253E1
3.000000E3	-4.133255E0	-2.831318E-3	3.300826E1
3.001000E3	-4.138463E0	-2.831318E-3	3.410951E1
3.002000E3	-4.143670E0	-2.831318E-3	3.421497E1
3.003000E3	-4.148878E0	-2.831318E-3	3.427143E1
3.004000E3	-4.154085E0	-2.831318E-3	3.281047E1
3.005000E3	-4.159293E0	-2.831318E-3	3.326564E1
3.006000E3	-4.164500E0	-2.831318E-3	3.584070E1
3.007000E3	-4.169708E0	-2.831318E-3	3.724838E1
3.008000E3	-4.174915E0	-2.831318E-3	3.617294E1
3.009000E3	-4.180123E0	-2.831318E-3	3.735902E1
3.010000E3	-4.185330E0	-2.831318E-3	3.862207E1
3.011000E3	-4.190538E0	-2.831318E-3	3.894764E1
3.012000E3	-4.195745E0	-2.831318E-3	3.882523E1
3.013000E3	-4.200953E0	-2.831318E-3	3.806291E1
3.014000E3	-4.206160E0	-2.831318E-3	4.015901E1
3.015000E3	-4.211368E0	-2.831318E-3	4.048767E1
3.016000E3	-4.216576E0	-2.831318E-3	3.882270E1
3.017000E3	-4.221783E0	-2.831318E-3	3.851780E1
3.018000E3	-4.226991E0	-2.831318E-3	3.757245E1
3.019000E3	-4.232198E0	-2.831318E-3	3.889334E1
3.020000E3	-4.237406E0	-2.831318E-3	3.869105E1
3.021000E3	-4.242613E0	-2.831318E-3	3.892594E1
3.022000E3	-4.247821E0	-2.831318E-3	4.057694E1
3.023000E3	-4.253028E0	-2.831318E-3	3.957275E1
3.024000E3	-4.258236E0	-2.831318E-3	3.741634E1
3.025000E3	-4.263443E0	-2.831318E-3	3.719695E1
3.026000E3	-4.268651E0	-2.831318E-3	3.943037E1
3.027000E3	-4.273858E0	-2.831318E-3	4.088420E1
3.028000E3	-4.279066E0	-2.831318E-3	4.284110E1
3.029000E3	-4.284273E0	-2.831318E-3	3.973895E1
3.030000E3	-4.289481E0	-2.831318E-3	3.807592E1
3.031000E3	-4.294689E0	-2.831318E-3	3.599037E1
3.032000E3	-4.299896E0	-2.831318E-3	3.547864E1
3.033000E3	-4.305104E0	-2.831318E-3	3.880439E1
3.034000E3	-4.310311E0	-2.831318E-3	3.885131E1
3.035000E3	-4.315519E0	-2.831318E-3	3.845944E1
3.036000E3	-4.320726E0	-2.831318E-3	3.642449E1
3.037000E3	-4.325934E0	-2.831318E-3	3.767566E1
3.038000E3	-4.331141E0	-2.831318E-3	3.743329E1
3.039000E3	-4.336349E0	-2.831318E-3	3.550965E1
3.040000E3	-4.341556E0	-2.831318E-3	3.443905E1
3.041000E3	-4.346764E0	-2.831318E-3	3.519169E1
3.042000E3	-4.351971E0	-2.831318E-3	3.448626E1
3.043000E3	-4.357179E0	-2.831318E-3	3.493206E1
3.044000E3	-4.362386E0	-2.831318E-3	3.513595E1
3.045000E3	-4.367594E0	-2.831318E-3	3.351307E1
3.046000E3	-4.372802E0	-2.831318E-3	2.985259E1
3.047000E3	-4.378009E0	-2.831318E-3	3.070341E1
3.048000E3	-4.383217E0	-2.831318E-3	3.275908E1
3.049000E3	-4.388424E0	-2.831318E-3	3.344006E1
3.050000E3	-4.393632E0	-2.831318E-3	3.187413E1
3.051000E3	-4.398839E0	-2.831318E-3	2.971694E1
3.052000E3	-4.404047E0	-2.831318E-3	2.949049E1
3.053000E3	-4.409254E0	-2.831318E-3	2.760789E1
3.054000E3	-4.414462E0	-2.831318E-3	2.727091E1
3.055000E3	-4.419669E0	-2.831318E-3	2.724394E1
3.056000E3	-4.424877E0	-2.831318E-3	2.453582E1
3.057000E3	-4.430084E0	-2.831318E-3	2.474771E1
3.058000E3	-4.435292E0	-2.831318E-3	2.473939E1
3.059000E3	-4.440499E0	-2.831318E-3	2.420598E1
3.060000E3	-4.445707E0	-2.831318E-3	2.339700E1
3.061000E3	-4.450914E0	-2.831318E-3	2.398946E1
3.062000E3	-4.456122E0	-2.831318E-3	2.410713E1
3.063000E3	-4.461330E0	-2.831318E-3	2.165957E1
3.064000E3	-4.466537E0	-2.831318E-3	2.102847E1
3.065000E3	-4.471745E0	-2.831318E-3	2.103032E1
3.066000E3	-4.476952E0	-2.831318E-3	2.070504E1
3.067000E3	-4.482160E0	-2.831318E-3	1.978998E1
3.068000E3	-4.487367E0	-2.831318E-3	1.763359E1
3.069000E3	-4.492575E0	-2.831318E-3	1.754584E1
3.070000E3	-4.497782E0	-2.831318E-3	1.752013E1
3.071000E3	-4.502990E0	-2.831318E-3	1.837336E1
3.072000E3	-4.508197E0	-2.831318E-3	1.539127E1
3.073000E3	-4.513405E0	-2.831318E-3	1.313384E1
3.074000E3	-4.518612E0	-2.831318E-3	1.276559E1
3.075000E3	-4.523820E0	-2.831318E-3	1.223879E1
3.076000E3	-4.529027E0	-2.831318E-3	1.336746E1
3.077000E3	-4.534235E0	-2.831318E-3	1.261504E1
3.078000E3	-4.539443E0	-2.831318E-3	1.084709E1
3.079000E3	-4.544650E0	-2.831318E-3	1.017934E1
3.080000E3	-4.549858E0	-2.831318E-3	1.083194E1
3.081000E3	-4.555065E0	-2.831318E-3	1.083484E1
3.082000E3	-4.560273E0	-2.831318E-3	1.032558E1
3.083000E3	-4.565480E0	-2.831318E-3	1.005277E1
3.084000E3	-4.570688E0	-2.831318E-3	1.040118E1
3.085000E3	-4.575895E0	-2.831318E-3	9.378607E0
3.086000E3	-4.581103E0	-2.831318E-3	8.204345E0
3.087000E3	-4.586310E0	-2.831318E-3	8.944181E0
3.088000E3	-4.591518E0	-2.831318E-3	8.938403E0
3.089000E3	-4.596725E0	-2.831318E-3	9.500429E0
3.090000E3	-4.601933E0	-2.831318E-3	9.049601E0
3.091000E3	-4.607140E0	-2.831318E-3	1.014807E1
3.092000E3	-4.612348E0	-2.831318E-3	1.057395E1
3.093000E3	-4.617556E0	-2.831318E-3	1.117037E1
3.094000E3	-4.622763E0	-2.831318E-3	1.070775E1
3.095000E3	-4.627971E0	-2.831318E-3	9.622461E0
3.096000E3	-4.633178E0	-2.831318E-3	9.954265E0
3.097000E3	-4.638386E0	-2.831318E-3	1.032940E1
3.098000E3	-4.643593E0	-2.831318E-3	1.182592E1
3.099000E3	-4.648801E0	-2.831318E-3	1.175934E1
3.100000E3	-4.654008E0	-2.831318E-3	1.242677E1
3.101000E3	-4.659216E0	-2.831318E-3	1.137276E1
3.102000E3	-4.664423E0	-2.831318E-3	1.169208E1
3.103000E3	-4.669631E0	-2.831318E-3	1.358992E1
3.104000E3	-4.674838E0	-2.831318E-3	1.544090E1
3.105000E3	-4.680046E0	-2.831318E-3	1.486748E1
3.106000E3	-4.685253E0	-2.831318E-3	1.698803E1
3.107000E3	-4.690461E0	-2.831318E-3	1.649118E1
3.108000E3	-4.695668E0	-2.831318E-3	1.693823E1
3.109000E3	-4.700876E0	-2.831318E-3	1.653637E1
3.110000E3	-4.706084E0	-2.831318E-3	1.796994E1
3.111000E3	-4.711291E0	-2.831318E-3	1.805908E1
3.112000E3	-4.716499E0	-2.831318E-3	1.823322E1
3.113000E3	-4.721706E0	-2.831318E-3	1.866208E1
3.114000E3	-4.726914E0	-2.831318E-3	1.862074E1
3.115000E3	-4.732121E0	-2.831318E-3	1.871149E1
3.116000E3	-4.737329E0	-2.831318E-3	1.868296E1
3.117000E3	-4.742536E0	-2.831318E-3	1.787755E1
3.118000E3	-4.747744E0	-2.831318E-3	2.093669E1
3.119000E3	-4.752951E0	-2.831318E-3	2.104224E1
3.120000E3	-4.758159E0	-2.831318E-3	2.142353E1
3.121000E3	-4.763366E0	-2.831318E-3	2.302881E1
3.122000E3	-4.768574E0	-2.831318E-3	2.532988E1
3.123000E3	-4.773781E0	-2.831318E-3	2.441496E1
3.124000E3	-4.778989E0	-2.831318E-3	2.387095E1
3.125000E3	-4.784197E0	-2.831318E-3	2.262214E1
3.126000E3	-4.789404E0	-2.831318E-3	2.504185E1
3.127000E3	-4.794612E0	-2.831318E-3	2.427601E1
3.128000E3	-4.799819E0	-2.831318E-3	2.563032E1
3.129000E3	-4.805027E0	-2.831318E-3	2.615412E1
3.130000E3	-4.810234E0	-2.831318E-3	2.726546E1
3.131000E3	-4.815442E0	-2.831318E-3	2.772290E1
3.132000E3	-4.820649E0	-2.831318E-3	2.865202E1
3.133000E3	-4.825857E0	-2.831318E-3	2.870141E1
3.134000E3	-4.831064E0	-2.831318E-3	2.659800E1
3.135000E3	-4.836272E0	-2.831318E-3	2.638207E1
3.136000E3	-4.841479E0	-2.831318E-3	2.540566E1
3.137000E3	-4.846687E0	-2.831318E-3	2.569478E1
3.138000E3	-4.851894E0	-2.831318E-3	2.574916E1
3.139000E3	-4.857102E0	-2.831318E-3	2.536785E1
3.140000E3	-4.862310E0	-2.831318E-3	2.799018E1
3.141000E3	-4.867517E0	-2.831318E-3	2.851007E1
3.142000E3	-4.872725E0	-2.831318E-3	3.006774E1
3.143000E3	-4.877932E0	-2.831318E-3	3.154658E1
3.144000E3	-4.883140E0	-2.831318E-3	3.110839E1
3.145000E3	-4.888347E0	-2.831318E-3	3.167152E1
3.146000E3	-4.893555E0	-2.831318E-3	3.071331E1
3.147000E3	-4.898762E0	-2.831318E-3	3.000166E1
3.148000E3	-4.903970E0	-2.831318E-3	2.838862E1
3.149000E3	-4.909177E0	-2.831318E-3	2.757250E1
3.150000E3	-4.914385E0	-2.831318E-3	2.909984E1
3.151000E3	-4.919592E0	-2.831318E-3	3.063162E1
3.152000E3	-4.924800E0	-2.831318E-3	2.955670E1
3.153000E3	-4.930007E0	-2.831318E-3	2.805002E1
3.154000E3	-4.935215E0	-2.831318E-3	2.680501E1
3.155000E3	-4.940422E0	-2.831318E-3	2.753873E1
3.156000E3	-4.945630E0	-2.831318E-3	2.864829E1
3.157000E3	-4.950838E0	-2.831318E-3	2.632791E1
3.158000E3	-4.956045E0	-2.831318E-3	2.521900E1
3.159000E3	-4.961253E0	-2.831318E-3	2.722975E1
3.160000E3	-4.966460E0	-2.831318E-3	3.090656E1
3.161000E3	-4.971668E0	-2.831318E-3	2.959081E1
3.162000E3	-4.976875E0	-2.831318E-3	2.629105E1
3.163000E3	-4.982083E0	-2.831318E-3	2.466954E1
3.164000E3	-4.987290E0	-2.831318E-3	2.493577E1
3.165000E3	-4.992498E0	-2.831318E-3	2.599030E1
3.166000E3	-4.997705E0	-2.831318E-3	2.685467E1
3.167000E3	-5.002913E0	-2.831318E-3	2.679387E1
3.168000E3	-5.008120E0	-2.831318E-3	2.402330E1
3.169000E3	-5.013328E0	-2.831318E-3	2.350121E1
3.170000E3	-5.018535E0	-2.831318E-3	2.420180E1
3.171000E3	-5.023743E0	-2.831318E-3	2.343913E1
3.172000E3	-5.028951E0	-2.831318E-3	2.312674E1
3.173000E3	-5.034158E0	-2.831318E-3	2.312841E1
3.174000E3	-5.039366E0	-2.831318E-3	2.131863E1
3.175000E3	-5.044573E0	-2.831318E-3	1.963679E1
3.176000E3	-5.049781E0	-2.831318E-3	1.773055E1
3.177000E3	-5.054988E0	-2.831318E-3	1.712361E1
3.178000E3	-5.060196E0	-2.831318E-3	1.799485E1
3.179000E3	-5.065403E0	-2.831318E-3	1.946323E1
3.180000E3	-5.070611E0	-2.831318E-3	1.828595E1
3.181000E3	-5.075818E0	-2.831318E-3	1.932693E1
3.182000E3	-5.081026E0	-2.831318E-3	1.871819E1
3.183000E3	-5.086233E0	-2.831318E-3	1.890547E1
3.184000E3	-5.091441E0	-2.831318E-3	1.928963E1
3.185000E3	-5.096648E0	-2.831318E-3	1.932389E1
3.186000E3	-5.101856E0	-2.831318E-3	1.772398E1
3.187000E3	-5.107064E0	-2.831318E-3	1.766238E1
3.188000E3	-5.112271E0	-2.831318E-3	1.739672E1
3.189000E3	-5.117479E0	-2.831318E-3	1.733051E1
3.190000E3	-5.122686E0	-2.831318E-3	1.624878E1
3.191000E3	-5.127894E0	-2.831318E-3	1.595270E1
3.192000E3	-5.133101E0	-2.831318E-3	1.510650E1
3.193000E3	-5.138309E0	-2.831318E-3	1.516033E1
3.194000E3	-5.143516E0	-2.831318E-3	1.512857E1
3.195000E3	-5.148724E0	-2.831318E-3	1.394544E1
3.196000E3	-5.153931E0	-2.831318E-3	1.546285E1
3.197000E3	-5.159139E0	-2.831318E-3	1.562141E1
3.198000E3	-5.164346E0	-2.831318E-3	1.316679E1
3.199000E3	-5.169554E0	-2.831318E-3	1.230925E1
3.200000E3	-5.174761E0	-2.831318E-3	1.230797E1
3.201000E3	-5.179969E0	-2.831318E-3	1.138040E1
3.202000E3	-5.185176E0	-2.831318E-3	1.276189E1
3.203000E3	-5.190384E0	-2.831318E-3	1.179281E1
3.204000E3	-5.195592E0	-2.831318E-3	1.089798E1
3.205000E3	-5.200799E0	-2.831318E-3	1.177509E1
3.206000E3	-5.206007E0	-2.831318E-3	1.160379E1
3.207000E3	-5.211214E0	-2.831318E-3	1.049634E1
3.208000E3	-5.216422E0	-2.831318E-3	1.055610E1
3.209000E3	-5.221629E0	-2.831318E-3	9.385753E0
3.210000E3	-5.226837E0	-2.831318E-3	1.048470E1
3.211000E3	-5.232044E0	-2.831318E-3	1.092583E1
3.212000E3	-5.237252E0	-2.831318E-3	9.310034E0
3.213000E3	-5.242459E0	-2.831318E-3	7.650550E0
3.214000E3	-5.247667E0	-2.831318E-3	8.726258E0
3.215000E3	-5.252874E0	-2.831318E-3	8.508915E0
3.216000E3	-5.258082E0	-2.831318E-3	8.157253E0
3.217000E3	-5.263289E0	-2.831318E-3	8.209310E0
3.218000E3	-5.268497E0	-2.831318E-3	7.653947E0
3.219000E3	-5.273705E0	-2.831318E-3	9.782732E0
3.220000E3	-5.278912E0	-2.831318E-3	9.205840E0
3.221000E3	-5.284120E0	-2.831318E-3	9.802601E0
3.222000E3	-5.289327E0	-2.831318E-3	8.643744E0
3.223000E3	-5.294535E0	-2.831318E-3	8.752017E0
3.224000E3	-5.299742E0	-2.831318E-3	8.380888E0
3.225000E3	-5.304950E0	-2.831318E-3	7.965666E0
3.226000E3	-5.310157E0	-2.831318E-3	7.871019E0
3.227000E3	-5.315365E0	-2.831318E-3	7.667292E0
3.228000E3	-5.320572E0	-2.831318E-3	8.506022E0
3.229000E3	-5.325780E0	-2.831318E-3	8.712082E0
3.230000E3	-5.330987E0	-2.831318E-3	8.984823E0
3.231000E3	-5.336195E0	-2.831318E-3	8.150739E0
3.232000E3	-5.341402E0	-2.831318E-3	8.490130E0
3.233000E3	-5.346610E0	-2.831318E-3	8.575077E0
3.234000E3	-5.351818E0	-2.831318E-3	7.898662E0
3.235000E3	-5.357025E0	-2.831318E-3	8.704715E0
3.236000E3	-5.362233E0	-2.831318E-3	8.568918E0
3.237000E3	-5.367440E0	-2.831318E-3	8.725652E0
3.238000E3	-5.372648E0	-2.831318E-3	9.508909E0
3.239000E3	-5.377855E0	-2.831318E-3	8.840580E0
3.240000E3	-5.383063E0	-2.831318E-3	9.210434E0
3.241000E3	-5.388270E0	-2.831318E-3	9.303020E0
3.242000E3	-5.393478E0	-2.831318E-3	1.040033E1
3.243000E3	-5.398685E0	-2.831318E-3	1.172169E1
3.244000E3	-5.403893E0	-2.831318E-3	1.191192E1
3.245000E3	-5.409100E0	-2.831318E-3	1.171268E1
3.246000E3	-5.414308E0	-2.831318E-3	9.761423E0
3.247000E3	-5.419515E0	-2.831318E-3	1.013897E1
3.248000E3	-5.424723E0	-2.831318E-3	1.153606E1
3.249000E3	-5.429930E0	-2.831318E-3	1.159297E1
3.250000E3	-5.435138E0	-2.831318E-3	1.163469E1
3.251000E3	-5.440346E0	-2.831318E-3	1.216522E1
3.252000E3	-5.445553E0	-2.831318E-3	1.194849E1
3.253000E3	-5.450761E0	-2.831318E-3	1.164625E1
3.254000E3	-5.455968E0	-2.831318E-3	1.267859E1
3.255000E3	-5.461176E0	-2.831318E-3	1.339358E1
3.256000E3	-5.466383E0	-2.831318E-3	1.194312E1
3.257000E3	-5.471591E0	-2.831318E-3	1.103980E1
3.258000E3	-5.476798E0	-2.831318E-3	1.266964E1
3.259000E3	-5.482006E0	-2.831318E-3	1.225139E1
3.260000E3	-5.487213E0	-2.831318E-3	1.245025E1
3.261000E3	-5.492421E0	-2.831318E-3	1.324121E1
3.262000E3	-5.497628E0	-2.831318E-3	1.340055E1
3.263000E3	-5.502836E0	-2.831318E-3	1.380479E1
3.264000E3	-5.508043E0	-2.831318E-3	1.326454E1
3.265000E3	-5.513251E0	-2.831318E-3	1.375104E1
3.266000E3	-5.518459E0	-2.831318E-3	1.461924E1
3.267000E3	-5.523666E0	-2.831318E-3	1.347861E1
3.268000E3	-5.528874E0	-2.831318E-3	1.225804E1
3.269000E3	-5.534081E0	-2.831318E-3	1.265163E1
3.270000E3	-5.539289E0	-2.831318E-3	1.327097E1
3.271000E3	-5.544496E0	-2.831318E-3	1.380102E1
3.272000E3	-5.549704E0	-2.831318E-3	1.388788E1
3.273000E3	-5.554911E0	-2.831318E-3	1.378042E1
3.274000E3	-5.560119E0	-2.831318E-3	1.300081E1
3.275000E3	-5.565326E0	-2.831318E-3	1.209135E1
3.276000E3	-5.570534E0	-2.831318E-3	1.206809E1
3.277000E3	-5.575741E0	-2.831318E-3	1.086561E1
3.278000E3	-5.580949E0	-2.831318E-3	1.220383E1
3.279000E3	-5.586156E0	-2.831318E-3	1.254235E1
3.280000E3	-5.591364E0	-2.831318E-3	1.329034E1
3.281000E3	-5.596572E0	-2.831318E-3	1.449993E1
3.282000E3	-5.601779E0	-2.831318E-3	1.425794E1
3.283000E3	-5.606987E0	-2.831318E-3	1.392247E1
3.284000E3	-5.612194E0	-2.831318E-3	1.480881E1
3.285000E3	-5.617402E0	-2.831318E-3	1.474348E1
3.286000E3	-5.622609E0	-2.831318E-3	1.631569E1
3.287000E3	-5.627817E0	-2.831318E-3	1.607548E1
3.288000E3	-5.633024E0	-2.831318E-3	1.480292E1
3.289000E3	-5.638232E0	-2.831318E-3	1.389896E1
3.290000E3	-5.643439E0	-2.831318E-3	1.446306E1
3.291000E3	-5.648647E0	-2.831318E-3	1.532710E1
3.292000E3	-5.653854E0	-2.831318E-3	1.566920E1
3.293000E3	-5.659062E0	-2.831318E-3	1.485705E1
3.294000E3	-5.664269E0	-2.831318E-3	1.616485E1
3.295000E3	-5.669477E0	-2.831318E-3	1.560299E1
3.296000E3	-5.674685E0	-2.831318E-3	1.431068E1
3.297000E3	-5.679892E0	-2.831318E-3	1.361099E1
3.298000E3	-5.685100E0	-2.831318E-3	1.346191E1
3.299000E3	-5.690307E0	-2.831318E-3	1.347542E1
3.300000E3	-5.695515E0	-2.831318E-3	1.423122E1
3.301000E3	-5.700722E0	-2.831318E-3	1.381182E1
3.302000E3	-5.705930E0	-2.831318E-3	1.392586E1
3.303000E3	-5.711137E0	-2.831318E-3	1.343139E1
3.304000E3	-5.716345E0	-2.831318E-3	1.534917E1
3.305000E3	-5.721552E0	-2.831318E-3	1.456231E1
3.306000E3	-5.726760E0	-2.831318E-3	1.608648E1
3.307000E3	-5.731967E0	-2.831318E-3	1.523694E1
3.308000E3	-5.737175E0	-2.831318E-3	1.486238E1
3.309000E3	-5.742382E0	-2.831318E-3	1.470234E1
3.310000E3	-5.747590E0	-2.831318E-3	1.596055E1
3.311000E3	-5.752797E0	-2.831318E-3	1.521887E1
3.312000E3	-5.758005E0	-2.831318E-3	1.355061E1
3.313000E3	-5.763213E0	-2.831318E-3	1.225810E1
3.314000E3	-5.768420E0	-2.831318E-3	1.322905E1
3.315000E3	-5.773628E0	-2.831318E-3	1.321457E1
3.316000E3	-5.778835E0	-2.831318E-3	1.280716E1
3.317000E3	-5.784043E0	-2.831318E-3	1.195916E1
3.318000E3	-5.789250E0	-2.831318E-3	1.233946E1
3.319000E3	-5.794458E0	-2.831318E-3	1.276580E1
3.320000E3	-5.799665E0	-2.831318E-3	1.177406E1
3.321000E3	-5.804873E0	-2.831318E-3	1.127059E1
3.322000E3	-5.810080E0	-2.831318E-3	1.152652E1
3.323000E3	-5.815288E0	-2.831318E-3	1.223262E1
3.324000E3	-5.820495E0	-2.831318E-3	1.237697E1
3.325000E3	-5.825703E0	-2.831318E-3	1.118341E1
3.326000E3	-5.830910E0	-2.831318E-3	1.095654E1
3.327000E3	-5.836118E0	-2.831318E-3	1.182559E1
3.328000E3	-5.841326E0	-2.831318E-3	1.057371E1
3.329000E3	-5.846533E0	-2.831318E-3	1.290995E1
3.330000E3	-5.851741E0	-2.831318E-3	1.264249E1
3.331000E3	-5.856948E0	-2.831318E-3	1.166009E1
3.332000E3	-5.862156E0	-2.831318E-3	1.170237E1
3.333000E3	-5.867363E0	-2.831318E-3	1.159003E1
3.334000E3	-5.872571E0	-2.831318E-3	1.123837E1
3.335000E3	-5.877778E0	-2.831318E-3	1.024265E1
3.336000E3	-5.882986E0	-2.831318E-3	8.904289E0
3.337000E3	-5.888193E0	-2.831318E-3	8.149003E0
3.338000E3	-5.893401E0	-2.831318E-3	8.918665E0
3.339000E3	-5.898608E0	-2.831318E-3	9.926788E0
3.340000E3	-5.903816E0	-2.831318E-3	9.180314E0
3.341000E3	-5.909023E0	-2.831318E-3	8.136597E0
3.342000E3	-5.914231E0	-2.831318E-3	8.351754E0
3.343000E3	-5.919439E0	-2.831318E-3	9.443227E0
3.344000E3	-5.924646E0	-2.831318E-3	9.936321E0
3.345000E3	-5.929854E0	-2.831318E-3	9.138364E0
3.346000E3	-5.935061E0	-2.831318E-3	8.160210E0
3.347000E3	-5.940269E0	-2.831318E-3	7.430141E0
3.348000E3	-5.945476E0	-2.831318E-3	8.429414E0
3.349000E3	-5.950684E0	-2.831318E-3	9.491201E0
3.350000E3	-5.955891E0	-2.831318E-3	9.265347E0
3.351000E3	-5.961099E0	-2.831318E-3	8.529610E0
3.352000E3	-5.966306E0	-2.831318E-3	8.069557E0
3.353000E3	-5.971514E0	-2.831318E-3	7.995387E0
3.354000E3	-5.976721E0	-2.831318E-3	8.186687E0
3.355000E3	-5.981929E0	-2.831318E-3	7.378563E0
3.356000E3	-5.987136E0	-2.831318E-3	7.904195E0
3.357000E3	-5.992344E0	-2.831318E-3	8.232366E0
3.358000E3	-5.997551E0	-2.831318E-3	7.825922E0
3.359000E3	-6.002759E0	-2.831318E-3	7.880005E0
3.360000E3	-6.007967E0	-2.831318E-3	8.104170E0
3.361000E3	-6.013174E0	-2.831318E-3	7.801035E0
3.362000E3	-6.018382E0	-2.831318E-3	6.165052E0
3.363000E3	-6.023589E0	-2.831318E-3	7.033614E0
3.364000E3	-6.028797E0	-2.831318E-3	7.117458E0
3.365000E3	-6.034004E0	-2.831318E-3	7.854831E0
3.366000E3	-6.039212E0	-2.831318E-3	8.676272E0
3.367000E3	-6.044419E0	-2.831318E-3	8.762078E0
3.368000E3	-6.049627E0	-2.831318E-3	9.929980E0
3.369000E3	-6.054834E0	-2.831318E-3	8.253557E0
3.370000E3	-6.060042E0	-2.831318E-3	7.864626E0
3.371000E3	-6.065249E0	-2.831318E-3	7.635543E0
3.372000E3	-6.070457E0	-2.831318E-3	7.645228E0
3.373000E3	-6.075664E0	-2.831318E-3	8.119652E0
3.374000E3	-6.080872E0	-2.831318E-3	7.967576E0
3.375000E3	-6.086080E0	-2.831318E-3	7.736695E0
3.376000E3	-6.091287E0	-2.831318E-3	7.387531E0
3.377000E3	-6.096495E0	-2.831318E-3	7.070859E0
3.378000E3	-6.101702E0	-2.831318E-3	7.310121E0
3.379000E3	-6.106910E0	-2.831318E-3	9.881644E0
3.380000E3	-6.112117E0	-2.831318E-3	9.190533E0
3.381000E3	-6.117325E0	-2.831318E-3	9.899447E0
3.382000E3	-6.122532E0	-2.831318E-3	9.204833E0
3.383000E3	-6.127740E0	-2.831318E-3	8.716777E0
3.384000E3	-6.132947E0	-2.831318E-3	8.665576E0
3.385000E3	-6.138155E0	-2.831318E-3	9.539054E0
3.386000E3	-6.143362E0	-2.831318E-3	9.066204E0
3.387000E3	-6.148570E0	-2.831318E-3	1.086122E1
3.388000E3	-6.153777E0	-2.831318E-3	1.126032E1
3.389000E3	-6.158985E0	-2.831318E-3	1.050273E1
3.390000E3	-6.164193E0	-2.831318E-3	1.091769E1
3.391000E3	-6.169400E0	-2.831318E-3	9.416170E0
3.392000E3	-6.174608E0	-2.831318E-3	1.033913E1
3.393000E3	-6.179815E0	-2.831318E-3	9.126230E0
3.394000E3	-6.185023E0	-2.831318E-3	8.623890E0
3.395000E3	-6.190230E0	-2.831318E-3	1.099636E1
3.396000E3	-6.195438E0	-2.831318E-3	1.237113E1
3.397000E3	-6.200645E0	-2.831318E-3	1.249798E1
3.398000E3	-6.205853E0	-2.831318E-3	1.186907E1
3.399000E3	-6.211060E0	-2.831318E-3	1.033733E1
3.400000E3	-6.216268E0	-2.831318E-3	1.094034E1
3.401000E3	-6.221475E0	-2.831318E-3	1.163578E1
3.402000E3	-6.226683E0	-2.831318E-3	1.150039E1
3.403000E3	-6.231890E0	-2.831318E-3	1.230793E1
3.404000E3	-6.237098E0	-2.831318E-3	1.342753E1
3.405000E3	-6.242305E0	-2.831318E-3	1.309583E1
3.406000E3	-6.247513E0	-2.831318E-3	1.211210E1
3.407000E3	-6.252721E0	-2.831318E-3	1.308401E1
3.408000E3	-6.257928E0	-2.831318E-3	1.162888E1
3.409000E3	-6.263136E0	-2.831318E-3	1.143649E1
3.410000E3	-6.268343E0	-2.831318E-3	1.206049E1
3.411000E3	-6.273551E0	-2.831318E-3	1.248839E1
3.412000E3	-6.278758E0	-2.831318E-3	1.354090E1
3.413000E3	-6.283966E0	-2.831318E-3	1.341860E1
3.414000E3	-6.289173E0	-2.831318E-3	1.321007E1
3.415000E3	-6.294381E0	-2.831318E-3	1.274385E1
3.416000E3	-6.299588E0	-2.831318E-3	1.429399E1
3.417000E3	-6.304796E0	-2.831318E-3	1.371342E1
3.418000E3	-6.310003E0	-2.831318E-3	1.286403E1
3.419000E3	-6.315211E0	-2.831318E-3	1.341663E1
3.420000E3	-6.320418E0	-2.831318E-3	1.436586E1
3.421000E3	-6.325626E0	-2.831318E-3	1.490609E1
3.422000E3	-6.330834E0	-2.831318E-3	1.261798E1
3.423000E3	-6.336041E0	-2.831318E-3	1.259138E1
3.424000E3	-6.341249E0	-2.831318E-3	1.344649E1
3.425000E3	-6.346456E0	-2.831318E-3	1.253363E1
3.426000E3	-6.351664E0	-2.831318E-3	1.312484E1
3.427000E3	-6.356871E0	-2.831318E-3	1.303330E1
3.428000E3	-6.362079E0	-2.831318E-3	1.217299E1
3.429000E3	-6.367286E0	-2.831318E-3	1.216803E1
3.430000E3	-6.372494E0	-2.831318E-3	1.274531E1
3.431000E3	-6.377701E0	-2.831318E-3	1.290433E1
3.432000E3	-6.382909E0	-2.831318E-3	1.270033E1
3.433000E3	-6.388116E0	-2.831318E-3	1.355041E1
3.434000E3	-6.393324E0	-2.831318E-3	1.255812E1
3.435000E3	-6.398531E0	-2.831318E-3	1.322666E1
3.436000E3	-6.403739E0	-2.831318E-3	1.380706E1
3.437000E3	-6.408947E0	-2.831318E-3	1.351427E1
3.438000E3	-6.414154E0	-2.831318E-3	1.323400E1
3.439000E3	-6.419362E0	-2.831318E-3	1.181496E1
3.440000E3	-6.424569E0	-2.831318E-3	1.302415E1
3.441000E3	-6.429777E0	-2.831318E-3	1.204880E1
3.442000E3	-6.434984E0	-2.831318E-3	1.187923E1
3.443000E3	-6.440192E0	-2.831318E-3	1.181215E1
3.444000E3	-6.445399E0	-2.831318E-3	1.238236E1
3.445000E3	-6.450607E0	-2.831318E-3	1.131569E1
3.446000E3	-6.455814E0	-2.831318E-3	1.222365E1
3.447000E3	-6.461022E0	-2.831318E-3	1.315479E1
3.448000E3	-6.466229E0	-2.831318E-3	1.300982E1
3.449000E3	-6.471437E0	-2.831318E-3	1.349277E1
3.450000E3	-6.476644E0	-2.831318E-3	1.286696E1
3.451000E3	-6.481852E0	-2.831318E-3	1.144449E1
3.452000E3	-6.487059E0	-2.831318E-3	1.237807E1
3.453000E3	-6.492267E0	-2.831318E-3	1.214992E1
3.454000E3	-6.497475E0	-2.831318E-3	1.217157E1
3.455000E3	-6.502682E0	-2.831318E-3	1.212377E1
3.456000E3	-6.507890E0	-2.831318E-3	1.158710E1
3.457000E3	-6.513097E0	-2.831318E-3	1.129384E1
3.458000E3	-6.518305E0	-2.831318E-3	1.152956E1
3.459000E3	-6.523512E0	-2.831318E-3	9.733458E0
3.460000E3	-6.528720E0	-2.831318E-3	9.688094E0
3.461000E3	-6.533927E0	-2.831318E-3	1.120126E1
3.462000E3	-6.539135E0	-2.831318E-3	1.066846E1
3.463000E3	-6.544342E0	-2.831318E-3	9.908290E0
3.464000E3	-6.549550E0	-2.831318E-3	1.051083E1
3.465000E3	-6.554757E0	-2.831318E-3	9.968878E0
3.466000E3	-6.559965E0	-2.831318E-3	1.049543E1
3.467000E3	-6.565172E0	-2.831318E-3	1.080548E1
3.468000E3	-6.570380E0	-2.831318E-3	9.893376E0
3.469000E3	-6.575588E0	-2.831318E-3	9.042338E0
3.470000E3	-6.580795E0	-2.831318E-3	8.976906E0
3.471000E3	-6.586003E0	-2.831318E-3	9.920128E0
3.472000E3	-6.591210E0	-2.831318E-3	8.683971E0
3.473000E3	-6.596418E0	-2.831318E-3	8.957710E0
3.474000E3	-6.601625E0	-2.831318E-3	9.252304E0
3.475000E3	-6.606833E0	-2.831318E-3	8.849366E0
3.476000E3	-6.612040E0	-2.831318E-3	8.902318E0
3.477000E3	-6.617248E0	-2.831318E-3	7.003719E0
3.478000E3	-6.622455E0	-2.831318E-3	7.258577E0
3.479000E3	-6.627663E0	-2.831318E-3	7.875802E0
3.480000E3	-6.632870E0	-2.831318E-3	7.305569E0
3.481000E3	-6.638078E0	-2.831318E-3	7.815308E0
3.482000E3	-6.643285E0	-2.831318E-3	7.365312E0
3.483000E3	-6.648493E0	-2.831318E-3	6.581467E0
3.484000E3	-6.653701E0	-2.831318E-3	6.983401E0
3.485000E3	-6.658908E0	-2.831318E-3	6.885599E0
3.486000E3	-6.664116E0	-2.831318E-3	6.823553E0
3.487000E3	-6.669323E0	-2.831318E-3	6.313859E0
3.488000E3	-6.674531E0	-2.831318E-3	7.248291E0
3.489000E3	-6.679738E0	-2.831318E-3	8.462474E0
3.490000E3	-6.684946E0	-2.831318E-3	8.545572E0
3.491000E3	-6.690153E0	-2.831318E-3	8.164660E0
3.492000E3	-6.695361E0	-2.831318E-3	6.800744E0
3.493000E3	-6.700568E0	-2.831318E-3	7.927732E0
3.494000E3	-6.705776E0	-2.831318E-3	8.256991E0
3.495000E3	-6.710983E0	-2.831318E-3	6.645781E0
3.496000E3	-6.716191E0	-2.831318E-3	6.367652E0
3.497000E3	-6.721398E0	-2.831318E-3	6.445911E0
3.498000E3	-6.726606E0	-2.831318E-3	6.020751E0
3.499000E3	-6.731813E0	-2.831318E-3	6.273649E0
3.500000E3	-6.737021E0	-2.831318E-3	5.607077E0
3.501000E3	-6.742229E0	-2.831318E-3	5.435765E0
3.502000E3	-6.747436E0	-2.831318E-3	6.563068E0
3.503000E3	-6.752644E0	-2.831318E-3	6.410964E0
3.504000E3	-6.757851E0	-2.831318E-3	6.078029E0
3.505000E3	-6.763059E0	-2.831318E-3	6.470169E0
3.506000E3	-6.768266E0	-2.831318E-3	6.030172E0
3.507000E3	-6.773474E0	-2.831318E-3	5.462472E0
3.508000E3	-6.778681E0	-2.831318E-3	6.928006E0
3.509000E3	-6.783889E0	-2.831318E-3	7.452860E0
3.510000E3	-6.789096E0	-2.831318E-3	7.194115E0
3.511000E3	-6.794304E0	-2.831318E-3	7.241100E0
3.512000E3	-6.799511E0	-2.831318E-3	7.517563E0
3.513000E3	-6.804719E0	-2.831318E-3	7.815704E0
3.514000E3	-6.809926E0	-2.831318E-3	7.225810E0
3.515000E3	-6.815134E0	-2.831318E-3	5.429987E0
3.516000E3	-6.820342E0	-2.831318E-3	6.323266E0
3.517000E3	-6.825549E0	-2.831318E-3	6.978410E0
3.518000E3	-6.830757E0	-2.831318E-3	6.920953E0
3.519000E3	-6.835964E0	-2.831318E-3	6.753620E0
3.520000E3	-6.841172E0	-2.831318E-3	7.491832E0
3.521000E3	-6.846379E0	-2.831318E-3	7.291319E0
3.522000E3	-6.851587E0	-2.831318E-3	8.421025E0
3.523000E3	-6.856794E0	-2.831318E-3	7.663583E0
3.524000E3	-6.862002E0	-2.831318E-3	7.108969E0
3.525000E3	-6.867209E0	-2.831318E-3	7.900666E0
3.526000E3	-6.872417E0	-2.831318E-3	8.534809E0
3.527000E3	-6.877624E0	-2.831318E-3	7.614306E0
3.528000E3	-6.882832E0	-2.831318E-3	7.983219E0
3.529000E3	-6.888039E0	-2.831318E-3	7.856282E0
3.530000E3	-6.893247E0	-2.831318E-3	8.513681E0
3.531000E3	-6.898455E0	-2.831318E-3	7.995291E0
3.532000E3	-6.903662E0	-2.831318E-3	8.302972E0
3.533000E3	-6.908870E0	-2.831318E-3	7.187932E0
3.534000E3	-6.914077E0	-2.831318E-3	8.251175E0
3.535000E3	-6.919285E0	-2.831318E-3	7.565784E0
3.536000E3	-6.924492E0	-2.831318E-3	7.473844E0
3.537000E3	-6.929700E0	-2.831318E-3	6.964890E0
3.538000E3	-6.934907E0	-2.831318E-3	7.526573E0
3.539000E3	-6.940115E0	-2.831318E-3	7.520978E0
3.540000E3	-6.945322E0	-2.831318E-3	8.028251E0
3.541000E3	-6.950530E0	-2.831318E-3	8.087430E0
3.542000E3	-6.955737E0	-2.831318E-3	8.681802E0
3.543000E3	-6.960945E0	-2.831318E-3	9.159772E0
3.544000E3	-6.966152E0	-2.831318E-3	9.835653E0
3.545000E3	-6.971360E0	-2.831318E-3	8.959002E0
3.546000E3	-6.976567E0	-2.831318E-3	8.709539E0
3.547000E3	-6.981775E0	-2.831318E-3	9.405350E0
3.548000E3	-6.986983E0	-2.831318E-3	1.014946E1
3.549000E3	-6.992190E0	-2.831318E-3	8.759782E0
3.550000E3	-6.997398E0	-2.831318E-3	9.244661E0
3.551000E3	-7.002605E0	-2.831318E-3	9.535298E0
3.552000E3	-7.007813E0	-2.831318E-3	1.000671E1
3.553000E3	-7.013020E0	-2.831318E-3	9.971365E0
3.554000E3	-7.018228E0	-2.831318E-3	8.983141E0
3.555000E3	-7.023435E0	-2.831318E-3	1.007929E1
3.556000E3	-7.028643E0	-2.831318E-3	8.654290E0
3.557000E3	-7.033850E0	-2.831318E-3	7.375127E0
3.558000E3	-7.039058E0	-2.831318E-3	8.959286E0
3.559000E3	-7.044265E0	-2.831318E-3	9.328084E0
3.560000E3	-7.049473E0	-2.831318E-3	9.184718E0
3.561000E3	-7.054680E0	-2.831318E-3	8.004864E0
3.562000E3	-7.059888E0	-2.831318E-3	8.769428E0
3.563000E3	-7.065096E0	-2.831318E-3	8.913179E0
3.564000E3	-7.070303E0	-2.831318E-3	8.975426E0
3.565000E3	-7.075511E0	-2.831318E-3	1.006214E1
3.566000E3	-7.080718E0	-2.831318E-3	1.064876E1
3.567000E3	-7.085926E0	-2.831318E-3	9.583835E0
3.568000E3	-7.091133E0	-2.831318E-3	8.351282E0
3.569000E3	-7.096341E0	-2.831318E-3	8.705115E0
3.570000E3	-7.101548E0	-2.831318E-3	9.710718E0
3.571000E3	-7.106756E0	-2.831318E-3	9.451980E0
3.572000E3	-7.111963E0	-2.831318E-3	9.491464E0
3.573000E3	-7.117171E0	-2.831318E-3	9.617204E0
3.574000E3	-7.122378E0	-2.831318E-3	1.013990E1
3.575000E3	-7.127586E0	-2.831318E-3	8.919186E0
3.576000E3	-7.132793E0	-2.831318E-3	8.682362E0
3.577000E3	-7.138001E0	-2.831318E-3	8.060235E0
3.578000E3	-7.143209E0	-2.831318E-3	8.404909E0
3.579000E3	-7.148416E0	-2.831318E-3	7.428143E0
3.580000E3	-7.153624E0	-2.831318E-3	7.988634E0
3.581000E3	-7.158831E0	-2.831318E-3	1.030398E1
3.582000E3	-7.164039E0	-2.831318E-3	8.719768E0
3.583000E3	-7.169246E0	-2.831318E-3	8.450358E0
3.584000E3	-7.174454E0	-2.831318E-3	8.994800E0
3.585000E3	-7.179661E0	-2.831318E-3	8.643612E0
3.586000E3	-7.184869E0	-2.831318E-3	8.455765E0
3.587000E3	-7.190076E0	-2.831318E-3	9.036395E0
3.588000E3	-7.195284E0	-2.831318E-3	8.390551E0
3.589000E3	-7.200491E0	-2.831318E-3	7.944202E0
3.590000E3	-7.205699E0	-2.831318E-3	8.712272E0
3.591000E3	-7.210906E0	-2.831318E-3	8.005682E0
3.592000E3	-7.216114E0	-2.831318E-3	7.998196E0
3.593000E3	-7.221322E0	-2.831318E-3	8.033637E0
3.594000E3	-7.226529E0	-2.831318E-3	9.228767E0
3.595000E3	-7.231737E0	-2.831318E-3	8.682544E0
3.596000E3	-7.236944E0	-2.831318E-3	8.574468E0
3.597000E3	-7.242152E0	-2.831318E-3	8.916604E0
3.598000E3	-7.247359E0	-2.831318E-3	7.945467E0
3.599000E3	-7.252567E0	-2.831318E-3	8.541881E0
3.600000E3	-7.257774E0	-2.831318E-3	8.729326E0
3.601000E3	-7.262982E0	-2.831318E-3	8.799633E0
3.602000E3	-7.268189E0	-2.831318E-3	7.584892E0
3.603000E3	-7.273397E0	-2.831318E-3	8.314275E0
3.604000E3	-7.278604E0	-2.831318E-3	8.238140E0
3.605000E3	-7.283812E0	-2.831318E-3	7.420591E0
3.606000E3	-7.289019E0	-2.831318E-3	8.071991E0
3.607000E3	-7.294227E0	-2.831318E-3	7.587743E0
3.608000E3	-7.299434E0	-2.831318E-3	6.911143E0
3.609000E3	-7.304642E0	-2.831318E-3	7.512540E0
3.610000E3	-7.309850E0	-2.831318E-3	7.939794E0
3.611000E3	-7.315057E0	-2.831318E-3	8.597462E0
3.612000E3	-7.320265E0	-2.831318E-3	8.108918E0
3.613000E3	-7.325472E0	-2.831318E-3	7.251852E0
3.614000E3	-7.330680E0	-2.831318E-3	7.056619E0
3.615000E3	-7.335887E0	-2.831318E-3	6.351795E0
3.616000E3	-7.341095E0	-2.831318E-3	6.579657E0
3.617000E3	-7.346302E0	-2.831318E-3	7.024249E0
3.618000E3	-7.351510E0	-2.831318E-3	7.004506E0
3.619000E3	-7.356717E0	-2.831318E-3	5.712141E0
3.620000E3	-7.361925E0	-2.831318E-3	5.666192E0
3.621000E3	-7.367132E0	-2.831318E-3	6.204051E0
3.622000E3	-7.372340E0	-2.831318E-3	7.028345E0
3.623000E3	-7.377547E0	-2.831318E-3	7.513230E0
3.624000E3	-7.382755E0	-2.831318E-3	6.956497E0
3.625000E3	-7.387963E0	-2.831318E-3	6.521786E0
3.626000E3	-7.393170E0	-2.831318E-3	7.729632E0
3.627000E3	-7.398378E0	-2.831318E-3	7.305153E0
3.628000E3	-7.403585E0	-2.831318E-3	7.228124E0
3.629000E3	-7.408793E0	-2.831318E-3	7.484571E0
3.630000E3	-7.414000E0	-2.831318E-3	6.826446E0
3.631000E3	-7.419208E0	-2.831318E-3	6.818472E0
3.632000E3	-7.424415E0	-2.831318E-3	7.290247E0
3.633000E3	-7.429623E0	-2.831318E-3	5.936332E0
3.634000E3	-7.434830E0	-2.831318E-3	6.562401E0
3.635000E3	-7.440038E0	-2.831318E-3	6.133330E0
3.636000E3	-7.445245E0	-2.831318E-3	6.301705E0
3.637000E3	-7.450453E0	-2.831318E-3	7.973287E0
3.638000E3	-7.455660E0	-2.831318E-3	7.407037E0
3.639000E3	-7.460868E0	-2.831318E-3	7.264148E0
3.640000E3	-7.466076E0	-2.831318E-3	6.881960E0
3.641000E3	-7.471283E0	-2.831318E-3	7.258587E0
3.642000E3	-7.476491E0	-2.831318E-3	7.501932E0
3.643000E3	-7.481698E0	-2.831318E-3	6.956385E0
3.644000E3	-7.486906E0	-2.831318E-3	7.381097E0
3.645000E3	-7.492113E0	-2.831318E-3	7.270810E0
3.646000E3	-7.497321E0	-2.831318E-3	6.814640E0
3.647000E3	-7.502528E0	-2.831318E-3	7.169792E0
3.648000E3	-7.507736E0	-2.831318E-3	7.438336E0
3.649000E3	-7.512943E0	-2.831318E-3	8.058284E0
3.650000E3	-7.518151E0	-2.831318E-3	7.224609E0
3.651000E3	-7.523358E0	-2.831318E-3	7.832738E0
3.652000E3	-7.528566E0	-2.831318E-3	8.135451E0
3.653000E3	-7.533773E0	-2.831318E-3	6.162181E0
3.654000E3	-7.538981E0	-2.831318E-3	7.162445E0
3.655000E3	-7.544188E0	-2.831318E-3	6.710654E0
3.656000E3	-7.549396E0	-2.831318E-3	5.190706E0
3.657000E3	-7.554604E0	-2.831318E-3	5.527414E0
3.658000E3	-7.559811E0	-2.831318E-3	6.273264E0
3.659000E3	-7.565019E0	-2.831318E-3	5.906387E0
3.660000E3	-7.570226E0	-2.831318E-3	6.819567E0
3.661000E3	-7.575434E0	-2.831318E-3	8.001307E0
3.662000E3	-7.580641E0	-2.831318E-3	6.963306E0
3.663000E3	-7.585849E0	-2.831318E-3	6.569067E0
3.664000E3	-7.591056E0	-2.831318E-3	7.594574E0
3.665000E3	-7.596264E0	-2.831318E-3	8.421706E0
3.666000E3	-7.601471E0	-2.831318E-3	7.935019E0
3.667000E3	-7.606679E0	-2.831318E-3	6.889773E0
3.668000E3	-7.611886E0	-2.831318E-3	7.139809E0
3.669000E3	-7.617094E0	-2.831318E-3	7.279360E0
3.670000E3	-7.622301E0	-2.831318E-3	7.030855E0
3.671000E3	-7.627509E0	-2.831318E-3	7.441706E0
3.672000E3	-7.632717E0	-2.831318E-3	7.721827E0
3.673000E3	-7.637924E0	-2.831318E-3	7.166989E0
3.674000E3	-7.643132E0	-2.831318E-3	7.750898E0
3.675000E3	-7.648339E0	-2.831318E-3	7.470718E0
3.676000E3	-7.653547E0	-2.831318E-3	6.954651E0
3.677000E3	-7.658754E0	-2.831318E-3	6.504515E0
3.678000E3	-7.663962E0	-2.831318E-3	7.721466E0
3.679000E3	-7.669169E0	-2.831318E-3	7.865883E0
3.680000E3	-7.674377E0	-2.831318E-3	7.040704E0
3.681000E3	-7.679584E0	-2.831318E-3	6.199361E0
3.682000E3	-7.684792E0	-2.831318E-3	6.604681E0
3.683000E3	-7.689999E0	-2.831318E-3	7.828569E0
3.684000E3	-7.695207E0	-2.831318E-3	7.329592E0
3.685000E3	-7.700414E0	-2.831318E-3	7.903854E0
3.686000E3	-7.705622E0	-2.831318E-3	7.223583E0
3.687000E3	-7.710830E0	-2.831318E-3	6.910275E0
3.688000E3	-7.716037E0	-2.831318E-3	6.963113E0
3.689000E3	-7.721245E0	-2.831318E-3	7.285587E0
3.690000E3	-7.726452E0	-2.831318E-3	7.082562E0
3.691000E3	-7.731660E0	-2.831318E-3	7.891385E0
3.692000E3	-7.736867E0	-2.831318E-3	9.893878E0
3.693000E3	-7.742075E0	-2.831318E-3	9.022284E0
3.694000E3	-7.747282E0	-2.831318E-3	8.172941E0
3.695000E3	-7.752490E0	-2.831318E-3	7.449406E0
3.696000E3	-7.757697E0	-2.831318E-3	6.467403E0
3.697000E3	-7.762905E0	-2.831318E-3	6.418724E0
3.698000E3	-7.768112E0	-2.831318E-3	8.299158E0
3.699000E3	-7.773320E0	-2.831318E-3	8.919464E0
3.700000E3	-7.778527E0	-2.831318E-3	7.101072E0
3.701000E3	-7.783735E0	-2.831318E-3	7.264517E0
3.702000E3	-7.788942E0	-2.831318E-3	6.843148E0
3.703000E3	-7.794150E0	-2.831318E-3	6.855232E0
3.704000E3	-7.799358E0	-2.831318E-3	6.231439E0
3.705000E3	-7.804565E0	-2.831318E-3	8.688984E0
3.706000E3	-7.809773E0	-2.831318E-3	8.751829E0
3.707000E3	-7.814980E0	-2.831318E-3	8.609935E0
3.708000E3	-7.820188E0	-2.831318E-3	8.143578E0
3.709000E3	-7.825395E0	-2.831318E-3	7.821084E0
3.710000E3	-7.830603E0	-2.831318E-3	8.038606E0
3.711000E3	-7.835810E0	-2.831318E-3	9.522909E0
3.712000E3	-7.841018E0	-2.831318E-3	8.155773E0
3.713000E3	-7.846225E0	-2.831318E-3	8.033478E0
3.714000E3	-7.851433E0	-2.831318E-3	7.349531E0
3.715000E3	-7.856640E0	-2.831318E-3	7.969320E0
3.716000E3	-7.861848E0	-2.831318E-3	7.212785E0
3.717000E3	-7.867055E0	-2.831318E-3	7.542889E0
3.718000E3	-7.872263E0	-2.831318E-3	7.805267E0
3.719000E3	-7.877471E0	-2.831318E-3	7.525000E0
3.720000E3	-7.882678E0	-2.831318E-3	7.525851E0
3.721000E3	-7.887886E0	-2.831318E-3	7.434412E0
3.722000E3	-7.893093E0	-2.831318E-3	7.428357E0
3.723000E3	-7.898301E0	-2.831318E-3	7.765345E0
3.724000E3	-7.903508E0	-2.831318E-3	8.043368E0
3.725000E3	-7.908716E0	-2.831318E-3	8.204716E0
3.726000E3	-7.913923E0	-2.831318E-3	7.579696E0
3.727000E3	-7.919131E0	-2.831318E-3	6.732720E0
3.728000E3	-7.924338E0	-2.831318E-3	7.239535E0
3.729000E3	-7.929546E0	-2.831318E-3	6.993448E0
3.730000E3	-7.934753E0	-2.831318E-3	7.050208E0
3.731000E3	-7.939961E0	-2.831318E-3	7.805907E0
3.732000E3	-7.945168E0	-2.831318E-3	6.835240E0
3.733000E3	-7.950376E0	-2.831318E-3	7.476822E0
3.734000E3	-7.955584E0	-2.831318E-3	7.930582E0
3.735000E3	-7.960791E0	-2.831318E-3	6.258157E0
3.736000E3	-7.965999E0	-2.831318E-3	6.232070E0
3.737000E3	-7.971206E0	-2.831318E-3	6.163456E0
3.738000E3	-7.976414E0	-2.831318E-3	7.241219E0
3.739000E3	-7.981621E0	-2.831318E-3	7.541268E0
3.740000E3	-7.986829E0	-2.831318E-3	6.964645E0
3.741000E3	-7.992036E0	-2.831318E-3	6.199213E0
3.742000E3	-7.997244E0	-2.831318E-3	5.690060E0
3.743000E3	-8.002451E0	-2.831318E-3	6.832262E0
3.744000E3	-8.007659E0	-2.831318E-3	6.651796E0
3.745000E3	-8.012866E0	-2.831318E-3	6.868141E0
3.746000E3	-8.018074E0	-2.831318E-3	7.208943E0
3.747000E3	-8.023281E0	-2.831318E-3	6.580896E0
3.748000E3	-8.028489E0	-2.831318E-3	6.935576E0
3.749000E3	-8.033696E0	-2.831318E-3	6.814052E0
3.750000E3	-8.038904E0	-2.831318E-3	6.807575E0
3.751000E3	-8.044112E0	-2.831318E-3	6.743107E0
3.752000E3	-8.049319E0	-2.831318E-3	6.414748E0
3.753000E3	-8.054527E0	-2.831318E-3	6.489062E0
3.754000E3	-8.059734E0	-2.831318E-3	5.935951E0
3.755000E3	-8.064942E0	-2.831318E-3	6.735700E0
3.756000E3	-8.070149E0	-2.831318E-3	7.267363E0
3.757000E3	-8.075357E0	-2.831318E-3	5.980130E0
3.758000E3	-8.080564E0	-2.831318E-3	5.787439E0
3.759000E3	-8.085772E0	-2.831318E-3	5.580202E0
3.760000E3	-8.090979E0	-2.831318E-3	6.120526E0
3.761000E3	-8.096187E0	-2.831318E-3	6.002009E0
3.762000E3	-8.101394E0	-2.831318E-3	6.701274E0
3.763000E3	-8.106602E0	-2.831318E-3	6.963257E0
3.764000E3	-8.111809E0	-2.831318E-3	6.578337E0
3.765000E3	-8.117017E0	-2.831318E-3	6.674800E0
3.766000E3	-8.122225E0	-2.831318E-3	5.968276E0
3.767000E3	-8.127432E0	-2.831318E-3	5.972042E0
3.768000E3	-8.132640E0	-2.831318E-3	5.573952E0
3.769000E3	-8.137847E0	-2.831318E-3	6.651219E0
3.770000E3	-8.143055E0	-2.831318E-3	6.105636E0
3.771000E3	-8.148262E0	-2.831318E-3	5.516648E0
3.772000E3	-8.153470E0	-2.831318E-3	5.626339E0
3.773000E3	-8.158677E0	-2.831318E-3	6.383980E0
3.774000E3	-8.163885E0	-2.831318E-3	6.015606E0
3.775000E3	-8.169092E0	-2.831318E-3	5.767838E0
3.776000E3	-8.174300E0	-2.831318E-3	5.709196E0
3.777000E3	-8.179507E0	-2.831318E-3	5.652264E0
3.778000E3	-8.184715E0	-2.831318E-3	6.136250E0
3.779000E3	-8.189922E0	-2.831318E-3	6.163787E0
3.780000E3	-8.195130E0	-2.831318E-3	5.780674E0
3.781000E3	-8.200338E0	-2.831318E-3	5.655405E0
3.782000E3	-8.205545E0	-2.831318E-3	6.336331E0
3.783000E3	-8.210753E0	-2.831318E-3	6.012782E0
3.784000E3	-8.215960E0	-2.831318E-3	5.731643E0
3.785000E3	-8.221168E0	-2.831318E-3	6.329058E0
3.786000E3	-8.226375E0	-2.831318E-3	7.455982E0
3.787000E3	-8.231583E0	-2.831318E-3	6.474862E0
3.788000E3	-8.236790E0	-2.831318E-3	5.491795E0
3.789000E3	-8.241998E0	-2.831318E-3	4.987771E0
3.790000E3	-8.247205E0	-2.831318E-3	8.022582E0
3.791000E3	-8.252413E0	-2.831318E-3	6.738119E0
3.792000E3	-8.257620E0	-2.831318E-3	5.799927E0
3.793000E3	-8.262828E0	-2.831318E-3	6.286588E0
3.794000E3	-8.268035E0	-2.831318E-3	5.472094E0
3.795000E3	-8.273243E0	-2.831318E-3	6.070431E0
3.796000E3	-8.278450E0	-2.831318E-3	6.406979E0
3.797000E3	-8.283658E0	-2.831318E-3	6.281130E0
3.798000E3	-8.288866E0	-2.831318E-3	6.139433E0
3.799000E3	-8.294073E0	-2.831318E-3	5.158699E0
3.800000E3	-8.299281E0	-2.831318E-3	5.838452E0
3.801000E3	-8.304488E0	-2.831318E-3	6.135002E0
3.802000E3	-8.309696E0	-2.831318E-3	5.426316E0
3.803000E3	-8.314903E0	-2.831318E-3	6.172914E0
3.804000E3	-8.320111E0	-2.831318E-3	6.057535E0
3.805000E3	-8.325318E0	-2.831318E-3	5.281912E0
3.806000E3	-8.330526E0	-2.831318E-3	5.353259E0
3.807000E3	-8.335733E0	-2.831318E-3	5.463070E0
3.808000E3	-8.340941E0	-2.831318E-3	6.659844E0
3.809000E3	-8.346148E0	-2.831318E-3	7.327241E0
3.810000E3	-8.351356E0	-2.831318E-3	7.303978E0
3.811000E3	-8.356563E0	-2.831318E-3	6.417862E0
3.812000E3	-8.361771E0	-2.831318E-3	5.511729E0
3.813000E3	-8.366979E0	-2.831318E-3	5.567347E0
3.814000E3	-8.372186E0	-2.831318E-3	5.642541E0
3.815000E3	-8.377394E0	-2.831318E-3	5.728591E0
3.816000E3	-8.382601E0	-2.831318E-3	5.204160E0
3.817000E3	-8.387809E0	-2.831318E-3	6.682689E0
3.818000E3	-8.393016E0	-2.831318E-3	6.112646E0
3.819000E3	-8.398224E0	-2.831318E-3	4.668434E0
3.820000E3	-8.403431E0	-2.831318E-3	6.190708E0
3.821000E3	-8.408639E0	-2.831318E-3	6.525504E0
3.822000E3	-8.413846E0	-2.831318E-3	6.187247E0
3.823000E3	-8.419054E0	-2.831318E-3	7.095442E0
3.824000E3	-8.424261E0	-2.831318E-3	6.896641E0
3.825000E3	-8.429469E0	-2.831318E-3	5.908044E0
3.826000E3	-8.434676E0	-2.831318E-3	6.934086E0
3.827000E3	-8.439884E0	-2.831318E-3	6.145755E0
3.828000E3	-8.445092E0	-2.831318E-3	7.080808E0
3.829000E3	-8.450299E0	-2.831318E-3	7.426893E0
3.830000E3	-8.455507E0	-2.831318E-3	7.867251E0
3.831000E3	-8.460714E0	-2.831318E-3	6.798269E0
3.832000E3	-8.465922E0	-2.831318E-3	6.837466E0
3.833000E3	-8.471129E0	-2.831318E-3	7.467203E0
3.834000E3	-8.476337E0	-2.831318E-3	5.886007E0
3.835000E3	-8.481544E0	-2.831318E-3	6.513091E0
3.836000E3	-8.486752E0	-2.831318E-3	7.016110E0
3.837000E3	-8.491959E0	-2.831318E-3	6.643290E0
3.838000E3	-8.497167E0	-2.831318E-3	7.318469E0
3.839000E3	-8.502374E0	-2.831318E-3	7.522753E0
3.840000E3	-8.507582E0	-2.831318E-3	6.613028E0
3.841000E3	-8.512789E0	-2.831318E-3	5.378683E0
3.842000E3	-8.517997E0	-2.831318E-3	6.443230E0
3.843000E3	-8.523205E0	-2.831318E-3	8.011328E0
3.844000E3	-8.528412E0	-2.831318E-3	6.023490E0
3.845000E3	-8.533620E0	-2.831318E-3	5.691099E0
3.846000E3	-8.538827E0	-2.831318E-3	6.455944E0
3.847000E3	-8.544035E0	-2.831318E-3	5.523238E0
3.848000E3	-8.549242E0	-2.831318E-3	5.071241E0
3.849000E3	-8.554450E0	-2.831318E-3	4.528391E0
3.850000E3	-8.559657E0	-2.831318E-3	5.585220E0
3.851000E3	-8.564865E0	-2.831318E-3	6.326332E0
3.852000E3	-8.570072E0	-2.831318E-3	6.251485E0
3.853000E3	-8.575280E0	-2.831318E-3	6.891588E0
3.854000E3	-8.580487E0	-2.831318E-3	6.191176E0
3.855000E3	-8.585695E0	-2.831318E-3	6.111657E0
3.856000E3	-8.590902E0	-2.831318E-3	5.841307E0
3.857000E3	-8.596110E0	-2.831318E-3	5.822870E0
3.858000E3	-8.601317E0	-2.831318E-3	6.350719E0
3.859000E3	-8.606525E0	-2.831318E-3	6.349957E0
3.860000E3	-8.611733E0	-2.831318E-3	5.436766E0
3.861000E3	-8.616940E0	-2.831318E-3	5.480640E0
3.862000E3	-8.622148E0	-2.831318E-3	6.799024E0
3.863000E3	-8.627355E0	-2.831318E-3	5.653813E0
3.864000E3	-8.632563E0	-2.831318E-3	5.348898E0
3.865000E3	-8.637770E0	-2.831318E-3	5.861264E0
3.866000E3	-8.642978E0	-2.831318E-3	6.285963E0
3.867000E3	-8.648185E0	-2.831318E-3	6.468497E0
3.868000E3	-8.653393E0	-2.831318E-3	6.315518E0
3.869000E3	-8.658600E0	-2.831318E-3	6.233256E0
3.870000E3	-8.663808E0	-2.831318E-3	5.788633E0
3.871000E3	-8.669015E0	-2.831318E-3	5.949368E0
3.872000E3	-8.674223E0	-2.831318E-3	5.896671E0
3.873000E3	-8.679430E0	-2.831318E-3	5.306931E0
3.874000E3	-8.684638E0	-2.831318E-3	6.060497E0
3.875000E3	-8.689846E0	-2.831318E-3	5.530868E0
3.876000E3	-8.695053E0	-2.831318E-3	5.259373E0
3.877000E3	-8.700261E0	-2.831318E-3	5.708934E0
3.878000E3	-8.705468E0	-2.831318E-3	6.510880E0
3.879000E3	-8.710676E0	-2.831318E-3	6.598271E0
3.880000E3	-8.715883E0	-2.831318E-3	6.514130E0
3.881000E3	-8.721091E0	-2.831318E-3	6.517677E0
3.882000E3	-8.726298E0	-2.831318E-3	5.291805E0
3.883000E3	-8.731506E0	-2.831318E-3	5.321969E0
3.884000E3	-8.736713E0	-2.831318E-3	6.557334E0
3.885000E3	-8.741921E0	-2.831318E-3	5.899573E0
3.886000E3	-8.747128E0	-2.831318E-3	5.478384E0
3.887000E3	-8.752336E0	-2.831318E-3	5.190078E0
3.888000E3	-8.757543E0	-2.831318E-3	5.593415E0
3.889000E3	-8.762751E0	-2.831318E-3	5.619833E0
3.890000E3	-8.767959E0	-2.831318E-3	4.908758E0
3.891000E3	-8.773166E0	-2.831318E-3	4.963828E0
3.892000E3	-8.778374E0	-2.831318E-3	5.228954E0
3.893000E3	-8.783581E0	-2.831318E-3	5.552383E0
3.894000E3	-8.788789E0	-2.831318E-3	5.070531E0
3.895000E3	-8.793996E0	-2.831318E-3	4.419088E0
3.896000E3	-8.799204E0	-2.831318E-3	5.291997E0
3.897000E3	-8.804411E0	-2.831318E-3	6.294157E0
3.898000E3	-8.809619E0	-2.831318E-3	6.043090E0
3.899000E3	-8.814826E0	-2.831318E-3	6.007586E0
3.900000E3	-8.820034E0	-2.831318E-3	5.560657E0
3.901000E3	-8.825241E0	-2.831318E-3	4.510702E0
3.902000E3	-8.830449E0	-2.831318E-3	6.091963E0
3.903000E3	-8.835656E0	-2.831318E-3	6.768640E0
3.904000E3	-8.840864E0	-2.831318E-3	6.860631E0
3.905000E3	-8.846071E0	-2.831318E-3	6.468845E0
3.906000E3	-8.851279E0	-2.831318E-3	5.117133E0
3.907000E3	-8.856487E0	-2.831318E-3	5.915922E0
3.908000E3	-8.861694E0	-2.831318E-3	6.069151E0
3.909000E3	-8.866902E0	-2.831318E-3	6.805006E0
3.910000E3	-8.872109E0	-2.831318E-3	5.867078E0
3.911000E3	-8.877317E0	-2.831318E-3	5.745103E0
3.912000E3	-8.882524E0	-2.831318E-3	5.644591E0
3.913000E3	-8.887732E0	-2.831318E-3	5.668943E0
3.914000E3	-8.892939E0	-2.831318E-3	6.647073E0
3.915000E3	-8.898147E0	-2.831318E-3	6.457966E0
3.916000E3	-8.903354E0	-2.831318E-3	4.862957E0
3.917000E3	-8.908562E0	-2.831318E-3	5.447183E0
3.918000E3	-8.913769E0	-2.831318E-3	5.346044E0
3.919000E3	-8.918977E0	-2.831318E-3	6.097248E0
3.920000E3	-8.924184E0	-2.831318E-3	6.300227E0
3.921000E3	-8.929392E0	-2.831318E-3	5.441165E0
3.922000E3	-8.934600E0	-2.831318E-3	4.611588E0
3.923000E3	-8.939807E0	-2.831318E-3	4.381791E0
3.924000E3	-8.945015E0	-2.831318E-3	4.876263E0
3.925000E3	-8.950222E0	-2.831318E-3	4.938585E0
3.926000E3	-8.955430E0	-2.831318E-3	3.875591E0
3.927000E3	-8.960637E0	-2.831318E-3	5.256336E0
3.928000E3	-8.965845E0	-2.831318E-3	5.657685E0
3.929000E3	-8.971052E0	-2.831318E-3	5.811441E0
3.930000E3	-8.976260E0	-2.831318E-3	6.377592E0
3.931000E3	-8.981467E0	-2.831318E-3	6.044351E0
3.932000E3	-8.986675E0	-2.831318E-3	5.355473E0
3.933000E3	-8.991882E0	-2.831318E-3	5.568977E0
3.934000E3	-8.997090E0	-2.831318E-3	5.749985E0
3.935000E3	-9.002297E0	-2.831318E-3	5.849803E0
3.936000E3	-9.007505E0	-2.831318E-3	6.059906E0
3.937000E3	-9.012713E0	-2.831318E-3	5.309042E0
3.938000E3	-9.017920E0	-2.831318E-3	5.224842E0
3.939000E3	-9.023128E0	-2.831318E-3	5.488152E0
3.940000E3	-9.028335E0	-2.831318E-3	5.484430E0
3.941000E3	-9.033543E0	-2.831318E-3	4.893664E0
3.942000E3	-9.038750E0	-2.831318E-3	5.661379E0
3.943000E3	-9.043958E0	-2.831318E-3	7.551990E0
3.944000E3	-9.049165E0	-2.831318E-3	6.800606E0
3.945000E3	-9.054373E0	-2.831318E-3	6.023165E0
3.946000E3	-9.059580E0	-2.831318E-3	5.455195E0
3.947000E3	-9.064788E0	-2.831318E-3	5.363654E0
3.948000E3	-9.069995E0	-2.831318E-3	6.093818E0
3.949000E3	-9.075203E0	-2.831318E-3	6.536823E0
3.950000E3	-9.080410E0	-2.831318E-3	7.355866E0
3.951000E3	-9.085618E0	-2.831318E-3	6.509162E0
3.952000E3	-9.090825E0	-2.831318E-3	5.399319E0
3.953000E3	-9.096033E0	-2.831318E-3	6.381503E0
3.954000E3	-9.101241E0	-2.831318E-3	6.520584E0
3.955000E3	-9.106448E0	-2.831318E-3	6.450736E0
3.956000E3	-9.111656E0	-2.831318E-3	6.477483E0
3.957000E3	-9.116863E0	-2.831318E-3	6.250580E0
3.958000E3	-9.122071E0	-2.831318E-3	5.276657E0
3.959000E3	-9.127278E0	-2.831318E-3	5.321995E0
3.960000E3	-9.132486E0	-2.831318E-3	5.455097E0
3.961000E3	-9.137693E0	-2.831318E-3	5.367470E0
3.962000E3	-9.142901E0	-2.831318E-3	5.714259E0
3.963000E3	-9.148108E0	-2.831318E-3	5.130573E0
3.964000E3	-9.153316E0	-2.831318E-3	5.483980E0
3.965000E3	-9.158523E0	-2.831318E-3	6.009109E0
3.966000E3	-9.163731E0	-2.831318E-3	5.677337E0
3.967000E3	-9.168938E0	-2.831318E-3	5.638920E0
3.968000E3	-9.174146E0	-2.831318E-3	6.318290E0
3.969000E3	-9.179354E0	-2.831318E-3	6.227583E0
3.970000E3	-9.184561E0	-2.831318E-3	5.678172E0
3.971000E3	-9.189769E0	-2.831318E-3	5.825904E0
3.972000E3	-9.194976E0	-2.831318E-3	5.430703E0
3.973000E3	-9.200184E0	-2.831318E-3	6.097979E0
3.974000E3	-9.205391E0	-2.831318E-3	5.621430E0
3.975000E3	-9.210599E0	-2.831318E-3	5.976775E0
3.976000E3	-9.215806E0	-2.831318E-3	6.165354E0
3.977000E3	-9.221014E0	-2.831318E-3	5.864602E0
3.978000E3	-9.226221E0	-2.831318E-3	5.490137E0
3.979000E3	-9.231429E0	-2.831318E-3	5.534349E0
3.980000E3	-9.236636E0	-2.831318E-3	6.037796E0
3.981000E3	-9.241844E0	-2.831318E-3	6.101194E0
3.982000E3	-9.247051E0	-2.831318E-3	5.938317E0
3.983000E3	-9.252259E0	-2.831318E-3	5.153070E0
3.984000E3	-9.257467E0	-2.831318E-3	5.396655E0
3.985000E3	-9.262674E0	-2.831318E-3	6.041089E0
3.986000E3	-9.267882E0	-2.831318E-3	5.868798E0
3.987000E3	-9.273089E0	-2.831318E-3	6.041569E0
3.988000E3	-9.278297E0	-2.831318E-3	5.355120E0
3.989000E3	-9.283504E0	-2.831318E-3	5.309328E0
3.990000E3	-9.288712E0	-2.831318E-3	5.328888E0
3.991000E3	-9.293919E0	-2.831318E-3	5.094429E0
3.992000E3	-9.299127E0	-2.831318E-3	5.481313E0
3.993000E3	-9.304334E0	-2.831318E-3	6.219529E0
3.994000E3	-9.309542E0	-2.831318E-3	5.057822E0
3.995000E3	-9.314749E0	-2.831318E-3	5.360534E0
3.996000E3	-9.319957E0	-2.831318E-3	5.203803E0
3.997000E3	-9.325164E0	-2.831318E-3	5.049157E0
3.998000E3	-9.330372E0	-2.831318E-3	4.895972E0
3.999000E3	-9.335579E0	-2.831318E-3	5.202295E0
4.000000E3	-9.340787E0	-2.831318E-3	4.981751E0
4.001000E3	-9.345995E0	-2.831318E-3	4.918445E0
4.002000E3	-9.351202E0	-2.831318E-3	4.795109E0
4.003000E3	-9.356410E0	-2.831318E-3	6.386692E0
4.004000E3	-9.361617E0	-2.831318E-3	5.746550E0
4.005000E3	-9.366825E0	-2.831318E-3	5.431411E0
4.006000E3	-9.372032E0	-2.831318E-3	5.343299E0
4.007000E3	-9.377240E0	-2.831318E-3	4.801017E0
4.008000E3	-9.382447E0	-2.831318E-3	4.715994E0
4.009000E3	-9.387655E0	-2.831318E-3	5.535945E0
4.010000E3	-9.392862E0	-2.831318E-3	6.111068E0
4.011000E3	-9.398070E0	-2.831318E-3	4.593876E0
4.012000E3	-9.403277E0	-2.831318E-3	4.633338E0
4.013000E3	-9.408485E0	-2.831318E-3	4.845189E0
4.014000E3	-9.413692E0	-2.831318E-3	5.254246E0
4.015000E3	-9.418900E0	-2.831318E-3	5.715331E0
4.016000E3	-9.424108E0	-2.831318E-3	4.948122E0
4.017000E3	-9.429315E0	-2.831318E-3	5.008489E0
4.018000E3	-9.434523E0	-2.831318E-3	6.225664E0
4.019000E3	-9.439730E0	-2.831318E-3	6.045043E0
4.020000E3	-9.444938E0	-2.831318E-3	5.193017E0
4.021000E3	-9.450145E0	-2.831318E-3	4.437710E0
4.022000E3	-9.455353E0	-2.831318E-3	4.780528E0
4.023000E3	-9.460560E0	-2.831318E-3	6.002030E0
4.024000E3	-9.465768E0	-2.831318E-3	5.407057E0
4.025000E3	-9.470975E0	-2.831318E-3	5.396269E0
4.026000E3	-9.476183E0	-2.831318E-3	5.102601E0
4.027000E3	-9.481390E0	-2.831318E-3	4.985588E0
4.028000E3	-9.486598E0	-2.831318E-3	4.451345E0
4.029000E3	-9.491805E0	-2.831318E-3	6.085905E0
4.030000E3	-9.497013E0	-2.831318E-3	6.775814E0
4.031000E3	-9.502221E0	-2.831318E-3	6.086443E0
4.032000E3	-9.507428E0	-2.831318E-3	5.367629E0
4.033000E3	-9.512636E0	-2.831318E-3	4.999743E0
4.034000E3	-9.517843E0	-2.831318E-3	6.849498E0
4.035000E3	-9.523051E0	-2.831318E-3	7.308062E0
4.036000E3	-9.528258E0	-2.831318E-3	5.936291E0
4.037000E3	-9.533466E0	-2.831318E-3	6.525180E0
4.038000E3	-9.538673E0	-2.831318E-3	6.686777E0
4.039000E3	-9.543881E0	-2.831318E-3	5.193352E0
4.040000E3	-9.549088E0	-2.831318E-3	5.493437E0
4.041000E3	-9.554296E0	-2.831318E-3	5.807343E0
4.042000E3	-9.559503E0	-2.831318E-3	5.837578E0
4.043000E3	-9.564711E0	-2.831318E-3	6.447159E0
4.044000E3	-9.569918E0	-2.831318E-3	5.590500E0
4.045000E3	-9.575126E0	-2.831318E-3	4.135818E0
4.046000E3	-9.580333E0	-2.831318E-3	4.744415E0
4.047000E3	-9.585541E0	-2.831318E-3	5.735212E0
4.048000E3	-9.590749E0	-2.831318E-3	5.741618E0
4.049000E3	-9.595956E0	-2.831318E-3	5.828387E0
4.050000E3	-9.601164E0	-2.831318E-3	6.434299E0
4.051000E3	-9.606371E0	-2.831318E-3	5.069096E0
4.052000E3	-9.611579E0	-2.831318E-3	6.089945E0
4.053000E3	-9.616786E0	-2.831318E-3	6.539876E0
4.054000E3	-9.621994E0	-2.831318E-3	5.785389E0
4.055000E3	-9.627201E0	-2.831318E-3	6.227756E0
4.056000E3	-9.632409E0	-2.831318E-3	5.729397E0
4.057000E3	-9.637616E0	-2.831318E-3	6.241259E0
