"Time (s)","Illuminance (lx)"
0.000000000E0,3.028750000E2
5.869170000E-3,3.028750000E2
1.600117000E-2,3.028750000E2
2.613317000E-2,3.028750000E2
2.878817000E-2,3.028750000E2
3.141217000E-2,3.028750000E2
3.403717000E-2,3.028750000E2
3.666117000E-2,3.028750000E2
3.928617000E-2,3.028750000E2
4.191017000E-2,3.028750000E2
4.453517000E-2,3.028750000E2
4.715917000E-2,3.028750000E2
4.978417000E-2,3.028750000E2
5.240817000E-2,3.028750000E2
5.503317000E-2,3.028750000E2
5.765817000E-2,3.028750000E2
6.028217000E-2,3.028750000E2
6.290717000E-2,3.028750000E2
6.553117000E-2,3.028750000E2
6.815617000E-2,3.028750000E2
7.078017000E-2,3.028750000E2
7.340517000E-2,3.028750000E2
7.602917000E-2,3.028750000E2
7.865417000E-2,3.028750000E2
8.127817000E-2,3.028750000E2
8.390317000E-2,3.028750000E2
8.652717000E-2,3.028750000E2
8.915217000E-2,3.028750000E2
9.177617000E-2,3.028750000E2
9.440117000E-2,3.028750000E2
9.702517000E-2,3.028750000E2
9.965017000E-2,3.028750000E2
1.022741700E-1,3.028750000E2
1.048991700E-1,3.028750000E2
1.075231700E-1,3.028750000E2
1.101481700E-1,3.028750000E2
1.127721700E-1,3.028750000E2
1.153971700E-1,3.028750000E2
1.180211700E-1,3.028750000E2
1.206461700E-1,3.028750000E2
1.232701700E-1,3.028750000E2
1.258951700E-1,3.028750000E2
1.285191700E-1,3.028750000E2
1.311441700E-1,3.028750000E2
1.337681700E-1,3.028750000E2
1.363931700E-1,3.028750000E2
1.390171700E-1,3.028750000E2
1.416421700E-1,3.028750000E2
1.442661700E-1,3.028750000E2
1.468911700E-1,3.028750000E2
1.495151700E-1,3.028750000E2
1.521401700E-1,3.028750000E2
1.547641700E-1,3.028750000E2
1.573891700E-1,3.028750000E2
1.600131700E-1,3.028750000E2
1.626381700E-1,3.028750000E2
1.652621700E-1,3.028750000E2
1.678871700E-1,3.028750000E2
1.705121700E-1,3.028750000E2
1.731361700E-1,3.028750000E2
1.757611700E-1,3.028750000E2
1.783851700E-1,3.028750000E2
1.810101700E-1,3.028750000E2
1.836341700E-1,3.028750000E2
1.862591700E-1,3.028750000E2
1.888831700E-1,3.028750000E2
1.915081700E-1,3.028750000E2
1.941321700E-1,3.028750000E2
1.967571700E-1,3.028750000E2
1.993811700E-1,3.028750000E2
2.020061700E-1,3.028750000E2
2.046301700E-1,3.028750000E2
2.072551700E-1,3.028750000E2
2.098791700E-1,3.028750000E2
2.125041700E-1,3.028750000E2
2.151281700E-1,3.028750000E2
2.177531700E-1,3.028750000E2
2.203771700E-1,3.028750000E2
2.230021700E-1,3.028750000E2
2.256261700E-1,3.028750000E2
2.282511700E-1,3.028750000E2
2.308751700E-1,3.028750000E2
2.335001700E-1,3.028750000E2
2.361241700E-1,3.028750000E2
2.387491700E-1,3.028750000E2
2.413731700E-1,3.028750000E2
2.439981700E-1,3.028750000E2
2.466221700E-1,3.028750000E2
2.492471700E-1,3.028750000E2
2.518711700E-1,3.028750000E2
2.544961700E-1,3.028750000E2
2.571201700E-1,3.028750000E2
2.597451700E-1,3.028750000E2
2.623691700E-1,3.028750000E2
2.649941700E-1,3.028750000E2
2.676181700E-1,3.028750000E2
2.702431700E-1,3.028750000E2
2.728671700E-1,3.028750000E2
2.754921700E-1,3.028750000E2
2.781171700E-1,3.028750000E2
2.807411700E-1,3.028750000E2
2.833661700E-1,3.028750000E2
2.859901700E-1,3.028750000E2
2.886151700E-1,3.028750000E2
2.912391700E-1,3.028750000E2
2.938641700E-1,3.028750000E2
2.964881700E-1,3.028750000E2
2.991131700E-1,3.028750000E2
3.017371700E-1,3.028750000E2
3.043621700E-1,3.028750000E2
3.069861700E-1,3.028750000E2
3.096111700E-1,3.028750000E2
3.122351700E-1,3.028750000E2
3.148601700E-1,3.028750000E2
3.174841700E-1,3.028750000E2
3.201091700E-1,3.028750000E2
3.227331700E-1,3.028750000E2
3.253581700E-1,3.028750000E2
3.279821700E-1,3.028750000E2
3.306071700E-1,3.028750000E2
3.332311700E-1,3.028750000E2
3.358561700E-1,3.028750000E2
3.384801700E-1,3.028750000E2
3.411051700E-1,3.028750000E2
3.437291700E-1,3.028750000E2
3.463541700E-1,3.028750000E2
3.489781700E-1,3.028750000E2
3.516031700E-1,3.028750000E2
3.542271700E-1,3.028750000E2
3.568521700E-1,3.028750000E2
3.594761700E-1,3.028750000E2
3.621011700E-1,3.028750000E2
3.647251700E-1,3.028750000E2
3.673501700E-1,3.028750000E2
3.699741700E-1,3.028750000E2
3.725991700E-1,3.028750000E2
3.752231700E-1,3.028750000E2
3.778481700E-1,3.028750000E2
3.804721700E-1,3.028750000E2
3.830971700E-1,3.028750000E2
3.857211700E-1,3.028750000E2
3.883461700E-1,3.028750000E2
3.909711700E-1,3.028750000E2
3.935951700E-1,3.028750000E2
3.962201700E-1,3.028750000E2
3.988441700E-1,3.028750000E2
4.014691700E-1,3.028750000E2
4.040931700E-1,3.028750000E2
4.067181700E-1,3.028750000E2
4.093421700E-1,3.028750000E2
4.119671700E-1,3.028750000E2
4.145911700E-1,3.028750000E2
4.172161700E-1,3.028750000E2
4.198401700E-1,3.028750000E2
4.224651700E-1,3.028750000E2
4.250891700E-1,3.028750000E2
4.277141700E-1,3.028750000E2
4.303381700E-1,3.028750000E2
4.329631700E-1,3.028750000E2
4.355871700E-1,3.028750000E2
4.382121700E-1,3.028750000E2
4.408361700E-1,3.028750000E2
4.434611700E-1,3.028750000E2
4.460851700E-1,3.028750000E2
4.487101700E-1,3.028750000E2
4.513341700E-1,3.028750000E2
4.539591700E-1,3.028750000E2
4.565831700E-1,3.028750000E2
4.592081700E-1,3.028750000E2
4.618321700E-1,3.028750000E2
4.644571700E-1,3.028750000E2
4.670811700E-1,3.028750000E2
4.697061700E-1,3.028750000E2
4.723301700E-1,3.028750000E2
4.749551700E-1,3.028750000E2
4.775791700E-1,3.028750000E2
4.802041700E-1,3.028750000E2
4.828281700E-1,3.028750000E2
4.854531700E-1,3.028750000E2
4.880771700E-1,3.028750000E2
4.907021700E-1,3.028750000E2
4.933261700E-1,3.028750000E2
4.959511700E-1,3.028750000E2
4.985751700E-1,3.028750000E2
5.012001700E-1,3.028750000E2
5.038251700E-1,3.028750000E2
5.064491700E-1,3.028750000E2
5.090741700E-1,3.028750000E2
5.116981700E-1,3.028750000E2
5.143231700E-1,3.028750000E2
5.169471700E-1,3.028750000E2
5.195721700E-1,3.028750000E2
5.221961700E-1,3.028750000E2
5.248211700E-1,3.028750000E2
5.274451700E-1,3.028750000E2
5.300701700E-1,3.028750000E2
5.326941700E-1,3.028750000E2
5.353191700E-1,3.028750000E2
5.379431700E-1,3.028750000E2
5.405681700E-1,3.028750000E2
5.431921700E-1,3.028750000E2
5.458171700E-1,3.028750000E2
5.484411700E-1,3.028750000E2
5.510661700E-1,3.028750000E2
5.536901700E-1,3.028750000E2
5.563151700E-1,3.028750000E2
5.589391700E-1,3.028750000E2
5.615641700E-1,3.028750000E2
5.641881700E-1,3.028750000E2
5.668131700E-1,3.028750000E2
5.694371700E-1,3.028750000E2
5.720621700E-1,3.028750000E2
5.746861700E-1,3.028750000E2
5.773111700E-1,3.028750000E2
5.799351700E-1,3.028750000E2
5.825601700E-1,3.028750000E2
5.851841700E-1,3.028750000E2
5.878091700E-1,3.028750000E2
5.904331700E-1,3.028750000E2
5.930581700E-1,3.028750000E2
5.956821700E-1,3.028750000E2
5.983071700E-1,3.028750000E2
6.009311700E-1,3.028750000E2
6.035561700E-1,3.028750000E2
6.061801700E-1,3.028750000E2
6.088051700E-1,3.028750000E2
6.114291700E-1,3.028750000E2
6.140541700E-1,3.028750000E2
6.166791700E-1,3.028750000E2
6.193031700E-1,3.028750000E2
6.219281700E-1,3.028750000E2
6.245521700E-1,3.028750000E2
6.271771700E-1,3.028750000E2
6.298011700E-1,3.028750000E2
6.324261700E-1,3.028750000E2
6.350501700E-1,3.028750000E2
6.376751700E-1,3.028750000E2
6.402991700E-1,3.028750000E2
6.429241700E-1,3.028750000E2
6.455481700E-1,3.028750000E2
6.481731700E-1,3.028750000E2
6.507971700E-1,3.028750000E2
6.534221700E-1,3.028750000E2
6.560461700E-1,3.028750000E2
6.586711700E-1,3.028750000E2
6.612951700E-1,3.028750000E2
6.639201700E-1,3.028750000E2
6.665441700E-1,3.028750000E2
6.691691700E-1,3.028750000E2
6.717931700E-1,3.028750000E2
6.744181700E-1,3.028750000E2
6.770421700E-1,3.028750000E2
6.796671700E-1,3.028750000E2
6.822911700E-1,3.028750000E2
6.849161700E-1,3.028750000E2
6.875401700E-1,3.028750000E2
6.901651700E-1,3.028750000E2
6.927891700E-1,3.028750000E2
6.954141700E-1,3.028750000E2
6.980381700E-1,3.028750000E2
7.006631700E-1,3.028750000E2
7.032871700E-1,3.028750000E2
7.059121700E-1,3.028750000E2
7.085361700E-1,3.028750000E2
7.111611700E-1,3.028750000E2
7.137851700E-1,3.028750000E2
7.164101700E-1,3.028750000E2
7.190341700E-1,3.028750000E2
7.216591700E-1,3.028750000E2
7.242831700E-1,3.028750000E2
7.269081700E-1,3.028750000E2
7.295331700E-1,3.028750000E2
7.321571700E-1,3.028750000E2
7.347821700E-1,3.028750000E2
7.374061700E-1,3.028750000E2
7.400311700E-1,3.028750000E2
7.426551700E-1,3.028750000E2
7.452801700E-1,3.028750000E2
7.479041700E-1,3.028750000E2
7.505291700E-1,3.028750000E2
7.531531700E-1,3.028750000E2
7.557781700E-1,3.028750000E2
7.584021700E-1,3.028750000E2
7.610271700E-1,3.028750000E2
7.636511700E-1,3.028750000E2
7.662761700E-1,3.028750000E2
7.689001700E-1,3.028750000E2
7.715251700E-1,3.028750000E2
7.741491700E-1,3.028750000E2
7.767741700E-1,3.028750000E2
7.793981700E-1,3.028750000E2
7.820231700E-1,3.028750000E2
7.846471700E-1,3.028750000E2
7.872721700E-1,3.028750000E2
7.898961700E-1,3.028750000E2
7.925211700E-1,3.028750000E2
7.951451700E-1,3.028750000E2
7.977701700E-1,3.028750000E2
8.003941700E-1,3.028750000E2
8.030191700E-1,3.028750000E2
8.056431700E-1,3.028750000E2
8.082681700E-1,3.028750000E2
8.108921700E-1,3.028750000E2
8.135171700E-1,3.028750000E2
8.161411700E-1,3.028750000E2
8.187661700E-1,3.028750000E2
8.213901700E-1,3.028750000E2
8.240151700E-1,3.028750000E2
8.266391700E-1,3.028750000E2
8.292641700E-1,3.028750000E2
8.318881700E-1,3.028750000E2
8.345131700E-1,3.028750000E2
8.371371700E-1,3.028750000E2
8.397621700E-1,3.028750000E2
8.423871700E-1,3.028750000E2
8.450111700E-1,3.028750000E2
8.476361700E-1,3.028750000E2
8.502601700E-1,3.028750000E2
8.528851700E-1,3.028750000E2
8.555091700E-1,3.028750000E2
8.581341700E-1,3.028750000E2
8.607581700E-1,3.028750000E2
8.633831700E-1,3.028750000E2
8.660071700E-1,3.028750000E2
8.686321700E-1,3.028750000E2
8.712561700E-1,3.028750000E2
8.738811700E-1,3.028750000E2
8.765051700E-1,3.028750000E2
8.791301700E-1,3.028750000E2
8.817541700E-1,3.028750000E2
8.843791700E-1,3.028750000E2
8.870031700E-1,3.028750000E2
8.896281700E-1,3.028750000E2
8.922521700E-1,3.028750000E2
8.948771700E-1,3.028750000E2
8.975011700E-1,3.028750000E2
9.001261700E-1,3.028750000E2
9.027501700E-1,3.028750000E2
9.053751700E-1,3.028750000E2
9.079991700E-1,3.028750000E2
9.106241700E-1,3.028750000E2
9.132481700E-1,3.028750000E2
9.158731700E-1,3.028750000E2
9.184971700E-1,3.028750000E2
9.211221700E-1,3.028750000E2
9.237461700E-1,3.028750000E2
9.263711700E-1,3.028750000E2
9.289951700E-1,3.028750000E2
9.316201700E-1,3.028750000E2
9.342441700E-1,3.028750000E2
9.368691700E-1,3.028750000E2
9.394931700E-1,3.028750000E2
9.421181700E-1,3.028750000E2
9.447421700E-1,3.028750000E2
9.473671700E-1,3.028750000E2
9.499921700E-1,3.028750000E2
9.526161700E-1,3.028750000E2
9.552411700E-1,3.028750000E2
9.578651700E-1,3.028750000E2
9.604901700E-1,3.028750000E2
9.631141700E-1,3.028750000E2
9.657391700E-1,3.028750000E2
9.683631700E-1,3.028750000E2
9.709881700E-1,3.028750000E2
9.736121700E-1,3.028750000E2
9.762371700E-1,3.028750000E2
9.788611700E-1,3.028750000E2
9.814861700E-1,3.028750000E2
9.841101700E-1,3.028750000E2
9.867351700E-1,3.028750000E2
9.893591700E-1,3.028750000E2
9.919841700E-1,3.028750000E2
9.946081700E-1,3.028750000E2
9.972331700E-1,3.028750000E2
9.998571700E-1,3.028750000E2
1.002482170E0,3.028750000E2
1.005106170E0,3.028750000E2
1.007731170E0,3.028750000E2
1.010355170E0,3.028750000E2
1.012980170E0,3.028750000E2
1.015604170E0,3.028750000E2
1.018229170E0,3.028750000E2
1.020853170E0,3.028750000E2
1.023478170E0,3.028750000E2
1.026102170E0,3.028750000E2
1.028727170E0,3.028750000E2
1.031351170E0,3.028750000E2
1.033976170E0,3.028750000E2
1.036600170E0,3.028750000E2
1.039225170E0,3.028750000E2
1.041849170E0,3.028750000E2
1.044474170E0,3.028750000E2
1.047098170E0,3.028750000E2
1.049723170E0,3.028750000E2
1.052347170E0,3.028750000E2
1.054972170E0,3.028750000E2
1.057596170E0,3.028750000E2
1.060221170E0,3.028750000E2
1.062846170E0,3.028750000E2
1.065470170E0,3.028750000E2
1.068095170E0,3.028750000E2
1.070719170E0,3.028750000E2
1.073344170E0,3.028750000E2
1.075968170E0,3.028750000E2
1.078593170E0,3.028750000E2
1.081217170E0,3.028750000E2
1.083842170E0,3.028750000E2
1.086466170E0,3.028750000E2
1.089091170E0,3.028750000E2
1.091715170E0,3.028750000E2
1.094340170E0,3.028750000E2
1.096964170E0,3.028750000E2
1.099589170E0,3.028750000E2
1.102213170E0,3.028750000E2
1.104838170E0,3.028750000E2
1.107462170E0,3.028750000E2
1.110087170E0,3.028750000E2
1.112711170E0,3.028750000E2
1.115336170E0,3.028750000E2
1.117960170E0,3.028750000E2
1.120585170E0,3.028750000E2
1.123209170E0,3.028750000E2
1.125834170E0,3.028750000E2
1.128458170E0,3.028750000E2
1.131083170E0,3.028750000E2
1.133707170E0,3.028750000E2
1.136332170E0,3.028750000E2
1.138956170E0,3.028750000E2
1.141581170E0,3.028750000E2
1.144205170E0,3.028750000E2
1.146830170E0,3.028750000E2
1.149454170E0,3.028750000E2
1.152079170E0,3.028750000E2
1.154703170E0,3.028750000E2
1.157328170E0,3.028750000E2
1.159952170E0,3.028750000E2
1.162577170E0,3.028750000E2
1.165201170E0,3.028750000E2
1.167826170E0,3.028750000E2
1.170450170E0,3.028750000E2
1.173075170E0,3.028750000E2
1.175700170E0,3.028750000E2
1.178324170E0,3.028750000E2
1.180949170E0,3.028750000E2
1.183573170E0,3.028750000E2
1.186198170E0,3.028750000E2
1.188822170E0,3.028750000E2
1.191447170E0,3.028750000E2
1.194071170E0,3.028750000E2
1.196696170E0,3.028750000E2
1.199320170E0,3.028750000E2
1.201945170E0,3.028750000E2
1.204569170E0,3.028750000E2
1.207194170E0,3.028750000E2
1.209818170E0,3.028750000E2
1.212443170E0,3.028750000E2
1.215067170E0,3.028750000E2
1.217692170E0,3.028750000E2
1.220316170E0,3.028750000E2
1.222941170E0,3.028750000E2
1.225565170E0,3.028750000E2
1.228190170E0,3.028750000E2
1.230814170E0,3.028750000E2
1.233439170E0,3.028750000E2
1.236063170E0,3.028750000E2
1.238688170E0,3.028750000E2
1.241312170E0,3.028750000E2
1.243937170E0,3.028750000E2
1.246561170E0,3.028750000E2
1.249186170E0,3.028750000E2
1.251810170E0,3.028750000E2
1.254435170E0,3.028750000E2
1.257059170E0,3.028750000E2
1.259684170E0,3.028750000E2
1.262308170E0,3.028750000E2
1.264933170E0,3.028750000E2
1.267557170E0,3.028750000E2
1.270182170E0,3.028750000E2
1.272806170E0,3.028750000E2
1.275431170E0,3.028750000E2
1.278055170E0,3.028750000E2
1.280680170E0,3.028750000E2
1.283304170E0,3.028750000E2
1.285929170E0,3.028750000E2
1.288554170E0,3.028750000E2
1.291178170E0,3.028750000E2
1.293803170E0,3.028750000E2
1.296427170E0,3.028750000E2
1.299052170E0,3.028750000E2
1.301676170E0,3.028750000E2
1.304301170E0,3.028750000E2
1.306925170E0,3.028750000E2
1.309550170E0,3.028750000E2
1.312174170E0,3.028750000E2
1.314799170E0,3.028750000E2
1.317423170E0,3.028750000E2
1.320048170E0,3.028750000E2
1.322672170E0,3.028750000E2
1.325297170E0,3.028750000E2
1.327921170E0,3.028750000E2
1.330546170E0,3.028750000E2
1.333170170E0,3.028750000E2
1.335795170E0,3.028750000E2
1.338419170E0,3.028750000E2
1.341044170E0,3.028750000E2
1.343668170E0,3.028750000E2
1.346293170E0,3.028750000E2
1.348917170E0,3.028750000E2
1.351542170E0,3.028750000E2
1.354166170E0,3.028750000E2
1.356791170E0,3.028750000E2
1.359415170E0,3.028750000E2
1.362040170E0,3.028750000E2
1.364664170E0,3.028750000E2
1.367289170E0,3.028750000E2
1.369913170E0,3.028750000E2
1.372538170E0,3.028750000E2
1.375162170E0,3.028750000E2
1.377787170E0,3.028750000E2
1.380411170E0,3.028750000E2
1.383036170E0,3.028750000E2
1.385660170E0,3.028750000E2
1.388285170E0,3.028750000E2
1.390909170E0,3.028750000E2
1.393534170E0,3.028750000E2
1.396158170E0,3.028750000E2
1.398783170E0,3.028750000E2
1.401408170E0,3.028750000E2
1.404032170E0,3.028750000E2
1.406657170E0,3.028750000E2
1.409281170E0,3.028750000E2
1.411906170E0,3.028750000E2
1.414530170E0,3.028750000E2
1.417155170E0,3.028750000E2
1.419779170E0,3.028750000E2
1.422404170E0,3.028750000E2
1.425028170E0,3.028750000E2
1.427653170E0,3.028750000E2
1.430277170E0,3.028750000E2
1.432902170E0,3.028750000E2
1.435526170E0,3.028750000E2
1.438151170E0,3.028750000E2
1.440775170E0,3.028750000E2
1.443400170E0,3.028750000E2
1.446024170E0,3.028750000E2
1.448649170E0,3.028750000E2
1.451273170E0,3.028750000E2
1.453898170E0,3.028750000E2
1.456522170E0,3.028750000E2
1.459147170E0,3.028750000E2
1.461771170E0,3.028750000E2
1.464396170E0,3.028750000E2
1.467020170E0,3.028750000E2
1.469645170E0,3.028750000E2
1.472269170E0,3.028750000E2
1.474894170E0,3.028750000E2
1.477518170E0,3.028750000E2
1.480143170E0,3.028750000E2
1.482767170E0,3.028750000E2
1.485392170E0,3.028750000E2
1.488016170E0,3.028750000E2
1.490641170E0,3.028750000E2
1.493265170E0,3.028750000E2
1.495890170E0,3.028750000E2
1.498514170E0,3.028750000E2
1.501139170E0,3.028750000E2
1.503763170E0,3.028750000E2
1.506388170E0,3.028750000E2
1.509012170E0,3.028750000E2
1.511637170E0,3.028750000E2
1.514262170E0,3.028750000E2
1.516886170E0,3.028750000E2
1.519511170E0,3.028750000E2
1.522135170E0,3.028750000E2
1.524760170E0,3.028750000E2
1.527384170E0,3.028750000E2
1.530009170E0,3.028750000E2
1.532633170E0,3.028750000E2
1.535258170E0,3.028750000E2
1.537882170E0,3.028750000E2
1.540507170E0,3.028750000E2
1.543131170E0,3.028750000E2
1.545756170E0,3.028750000E2
1.548380170E0,3.028750000E2
1.551005170E0,3.028750000E2
1.553629170E0,3.028750000E2
1.556254170E0,3.028750000E2
1.558878170E0,3.028750000E2
1.561503170E0,3.028750000E2
1.564127170E0,3.028750000E2
1.566752170E0,3.028750000E2
1.569376170E0,3.028750000E2
1.572001170E0,3.028750000E2
1.574625170E0,3.028750000E2
1.577250170E0,3.028750000E2
1.579874170E0,3.028750000E2
1.582499170E0,3.028750000E2
1.585123170E0,3.028750000E2
1.587748170E0,3.028750000E2
1.590372170E0,3.028750000E2
1.592997170E0,3.028750000E2
1.595621170E0,3.028750000E2
1.598246170E0,3.028750000E2
1.600870170E0,3.028750000E2
1.603495170E0,3.028750000E2
1.606119170E0,3.028750000E2
1.608744170E0,3.028750000E2
1.611368170E0,3.028750000E2
1.613993170E0,3.028750000E2
1.616617170E0,3.028750000E2
1.619242170E0,3.028750000E2
1.621867170E0,3.028750000E2
1.624491170E0,3.028750000E2
1.627116170E0,3.028750000E2
1.629740170E0,3.028750000E2
1.632365170E0,3.028750000E2
1.634989170E0,3.028750000E2
1.637614170E0,3.028750000E2
1.640238170E0,3.028750000E2
1.642863170E0,3.028750000E2
1.645487170E0,3.028750000E2
1.648112170E0,3.028750000E2
1.650736170E0,3.028750000E2
1.653361170E0,3.028750000E2
1.655985170E0,3.028750000E2
1.658610170E0,3.028750000E2
1.661234170E0,3.028750000E2
1.663859170E0,3.028750000E2
1.666483170E0,3.028750000E2
1.669108170E0,3.028750000E2
1.671732170E0,3.028750000E2
1.674357170E0,3.028750000E2
1.676981170E0,3.028750000E2
1.679606170E0,3.028750000E2
1.682230170E0,3.028750000E2
1.684855170E0,3.028750000E2
1.687479170E0,3.028750000E2
1.690104170E0,3.028750000E2
1.692728170E0,3.028750000E2
1.695353170E0,3.028750000E2
1.697977170E0,3.028750000E2
1.700602170E0,3.028750000E2
1.703226170E0,3.028750000E2
1.705851170E0,3.028750000E2
1.708475170E0,3.028750000E2
1.711100170E0,3.028750000E2
1.713724170E0,3.028750000E2
1.716349170E0,3.028750000E2
1.718973170E0,3.028750000E2
1.721598170E0,3.028750000E2
1.724222170E0,3.028750000E2
1.726847170E0,3.028750000E2
1.729471170E0,3.028750000E2
1.732096170E0,3.028750000E2
1.734721170E0,3.028750000E2
1.737345170E0,3.028750000E2
1.739970170E0,3.028750000E2
1.742594170E0,3.028750000E2
1.745219170E0,3.028750000E2
1.747843170E0,3.028750000E2
1.750468170E0,3.028750000E2
1.753092170E0,3.028750000E2
1.755717170E0,3.028750000E2
1.758341170E0,3.028750000E2
1.760966170E0,3.028750000E2
1.763590170E0,3.028750000E2
1.766215170E0,3.028750000E2
1.768839170E0,3.028750000E2
1.771464170E0,3.028750000E2
1.774088170E0,3.028750000E2
1.776713170E0,3.028750000E2
1.779337170E0,3.028750000E2
1.781962170E0,3.028750000E2
1.784586170E0,3.028750000E2
1.787211170E0,3.028750000E2
1.789835170E0,3.028750000E2
1.792460170E0,3.028750000E2
1.795084170E0,3.028750000E2
1.797709170E0,3.028750000E2
1.800333170E0,3.028750000E2
1.802958170E0,3.028750000E2
1.805582170E0,3.028750000E2
1.808207170E0,3.028750000E2
1.810831170E0,3.028750000E2
1.813456170E0,3.028750000E2
1.816080170E0,3.028750000E2
1.818705170E0,3.028750000E2
1.821329170E0,3.028750000E2
1.823954170E0,3.028750000E2
1.826578170E0,3.028750000E2
1.829203170E0,3.028750000E2
1.831827170E0,3.028750000E2
1.834452170E0,3.028750000E2
1.837076170E0,3.028750000E2
1.839701170E0,3.028750000E2
1.842325170E0,3.028750000E2
1.844950170E0,3.028750000E2
1.847575170E0,3.028750000E2
1.850199170E0,3.028750000E2
1.852824170E0,3.028750000E2
1.855448170E0,3.028750000E2
1.858073170E0,3.028750000E2
1.860697170E0,3.028750000E2
1.863322170E0,3.028750000E2
1.865946170E0,3.028750000E2
1.868571170E0,3.028750000E2
1.871195170E0,3.028750000E2
1.873820170E0,3.028750000E2
1.876444170E0,3.028750000E2
1.879069170E0,3.028750000E2
1.881693170E0,3.028750000E2
1.884318170E0,3.028750000E2
1.886942170E0,3.028750000E2
1.889567170E0,3.028750000E2
1.892191170E0,3.028750000E2
1.894816170E0,3.028750000E2
1.897440170E0,3.028750000E2
1.900065170E0,3.028750000E2
1.902689170E0,3.028750000E2
1.905314170E0,3.028750000E2
1.907938170E0,3.028750000E2
1.910563170E0,3.028750000E2
1.913187170E0,3.028750000E2
1.915812170E0,3.028750000E2
1.918436170E0,3.028750000E2
1.921061170E0,3.028750000E2
1.923685170E0,3.028750000E2
1.926310170E0,3.028750000E2
1.928934170E0,3.028750000E2
1.931559170E0,3.028750000E2
1.934183170E0,3.028750000E2
1.936808170E0,3.028750000E2
1.939432170E0,3.028750000E2
1.942057170E0,3.028750000E2
1.944681170E0,3.028750000E2
1.947306170E0,3.028750000E2
1.949930170E0,3.028750000E2
1.952555170E0,3.028750000E2
1.955179170E0,3.028750000E2
1.957804170E0,3.028750000E2
1.960429170E0,3.028750000E2
1.963053170E0,3.028750000E2
1.965678170E0,3.028750000E2
1.968302170E0,3.028750000E2
1.970927170E0,3.028750000E2
1.973551170E0,3.028750000E2
1.976176170E0,3.028750000E2
1.978800170E0,3.028750000E2
1.981425170E0,3.028750000E2
1.984049170E0,3.028750000E2
1.986674170E0,3.028750000E2
1.989298170E0,3.028750000E2
1.991923170E0,3.028750000E2
1.994547170E0,3.028750000E2
1.997172170E0,3.028750000E2
1.999796170E0,3.028750000E2
2.002421170E0,3.028750000E2
2.005045170E0,3.028750000E2
2.007670170E0,3.028750000E2
2.010294170E0,3.028750000E2
2.012919170E0,3.028750000E2
2.015543170E0,3.028750000E2
2.018168170E0,3.028750000E2
2.020792170E0,3.028750000E2
2.023417170E0,3.028750000E2
2.026041170E0,3.028750000E2
2.028666170E0,3.028750000E2
2.031290170E0,3.028750000E2
2.033915170E0,3.028750000E2
2.036539170E0,3.028750000E2
2.039164170E0,3.028750000E2
2.041788170E0,3.028750000E2
2.044413170E0,3.028750000E2
2.047037170E0,3.028750000E2
2.049662170E0,3.028750000E2
2.052286170E0,3.028750000E2
2.054911170E0,3.028750000E2
2.057535170E0,3.028750000E2
2.060160170E0,3.028750000E2
2.062784170E0,3.028750000E2
2.065409170E0,3.028750000E2
2.068033170E0,3.028750000E2
2.070658170E0,3.028750000E2
2.073283170E0,3.028750000E2
2.075907170E0,3.028750000E2
2.078532170E0,3.028750000E2
2.081156170E0,3.028750000E2
2.083781170E0,3.028750000E2
2.086405170E0,3.028750000E2
2.089030170E0,3.028750000E2
2.091654170E0,3.028750000E2
2.094279170E0,3.028750000E2
2.096903170E0,3.028750000E2
2.099528170E0,3.028750000E2
2.102152170E0,3.028750000E2
2.104777170E0,3.028750000E2
2.107401170E0,3.028750000E2
2.110026170E0,3.028750000E2
2.112650170E0,3.028750000E2
2.115275170E0,3.028750000E2
2.117899170E0,3.028750000E2
2.120524170E0,3.028750000E2
2.123148170E0,3.028750000E2
2.125773170E0,3.028750000E2
2.128397170E0,3.028750000E2
2.131022170E0,3.028750000E2
2.133646170E0,3.028750000E2
2.136271170E0,3.028750000E2
2.138895170E0,3.028750000E2
2.141520170E0,3.028750000E2
2.144144170E0,3.028750000E2
2.146769170E0,3.028750000E2
2.149393170E0,3.028750000E2
2.152018170E0,3.028750000E2
2.154642170E0,3.028750000E2
2.157267170E0,3.028750000E2
2.159891170E0,3.028750000E2
2.162516170E0,3.028750000E2
2.165140170E0,3.028750000E2
2.167765170E0,3.028750000E2
2.170389170E0,3.028750000E2
2.173014170E0,3.028750000E2
2.175638170E0,3.028750000E2
2.178263170E0,3.028750000E2
2.180887170E0,3.028750000E2
2.183512170E0,3.028750000E2
2.186137170E0,3.028750000E2
2.188761170E0,3.028750000E2
2.191386170E0,3.028750000E2
2.194010170E0,3.028750000E2
2.196635170E0,3.028750000E2
2.199259170E0,3.028750000E2
2.201884170E0,3.028750000E2
2.204508170E0,3.028750000E2
2.207133170E0,3.028750000E2
2.209757170E0,3.028750000E2
2.212382170E0,3.028750000E2
2.215006170E0,3.028750000E2
2.217631170E0,3.028750000E2
2.220255170E0,3.028750000E2
2.222880170E0,3.028750000E2
2.225504170E0,3.028750000E2
2.228129170E0,3.028750000E2
2.230753170E0,3.028750000E2
2.233378170E0,3.028750000E2
2.236002170E0,3.028750000E2
2.238627170E0,3.028750000E2
2.241251170E0,3.028750000E2
2.243876170E0,3.028750000E2
2.246500170E0,3.028750000E2
2.249125170E0,3.028750000E2
2.251749170E0,3.028750000E2
2.254374170E0,3.028750000E2
2.256998170E0,3.028750000E2
2.259623170E0,3.028750000E2
2.262247170E0,3.028750000E2
2.264872170E0,3.028750000E2
2.267496170E0,3.028750000E2
2.270121170E0,3.028750000E2
2.272745170E0,3.028750000E2
2.275370170E0,3.028750000E2
2.277994170E0,3.028750000E2
2.280619170E0,3.028750000E2
2.283243170E0,3.028750000E2
2.285868170E0,3.028750000E2
2.288492170E0,3.028750000E2
2.291117170E0,3.028750000E2
2.293742170E0,3.028750000E2
2.296366170E0,3.028750000E2
2.298991170E0,3.028750000E2
2.301615170E0,3.028750000E2
2.304240170E0,3.028750000E2
2.306864170E0,3.028750000E2
2.309489170E0,3.028750000E2
2.312113170E0,3.028750000E2
2.314738170E0,3.028750000E2
2.317362170E0,3.028750000E2
2.319987170E0,3.028750000E2
2.322611170E0,3.028750000E2
2.325236170E0,3.028750000E2
2.327860170E0,3.028750000E2
2.330485170E0,3.028750000E2
2.333109170E0,3.028750000E2
2.335734170E0,3.028750000E2
2.338358170E0,3.028750000E2
2.340983170E0,3.028750000E2
2.343607170E0,3.028750000E2
2.346232170E0,3.028750000E2
2.348856170E0,3.028750000E2
2.351481170E0,3.028750000E2
2.354105170E0,3.028750000E2
2.356730170E0,3.028750000E2
2.359354170E0,3.028750000E2
2.361979170E0,3.028750000E2
2.364603170E0,3.028750000E2
2.367228170E0,3.028750000E2
2.369852170E0,3.028750000E2
2.372477170E0,3.028750000E2
2.375101170E0,3.028750000E2
2.377726170E0,3.028750000E2
2.380350170E0,3.028750000E2
2.382975170E0,3.028750000E2
2.385599170E0,3.028750000E2
2.388224170E0,3.028750000E2
2.390848170E0,3.028750000E2
2.393473170E0,3.028750000E2
2.396097170E0,3.028750000E2
2.398722170E0,3.028750000E2
2.401346170E0,3.028750000E2
2.403971170E0,3.028750000E2
2.406596170E0,3.028750000E2
2.409220170E0,3.028750000E2
2.411845170E0,3.028750000E2
2.414469170E0,3.028750000E2
2.417094170E0,3.028750000E2
2.419718170E0,3.028750000E2
2.422343170E0,3.028750000E2
2.424967170E0,3.028750000E2
2.427592170E0,3.028750000E2
2.430216170E0,3.028750000E2
2.432841170E0,3.028750000E2
2.435465170E0,3.028750000E2
2.438090170E0,3.028750000E2
2.440714170E0,3.028750000E2
2.443339170E0,3.028750000E2
2.445963170E0,3.028750000E2
2.448588170E0,3.028750000E2
2.451212170E0,3.028750000E2
2.453837170E0,3.028750000E2
2.456461170E0,3.028750000E2
2.459086170E0,3.028750000E2
2.461710170E0,3.028750000E2
2.464335170E0,3.028750000E2
2.466959170E0,3.028750000E2
2.469584170E0,3.028750000E2
2.472208170E0,3.028750000E2
2.474833170E0,3.028750000E2
2.477457170E0,3.028750000E2
2.480082170E0,3.028750000E2
2.482706170E0,3.028750000E2
2.485331170E0,3.028750000E2
2.487955170E0,3.028750000E2
2.490580170E0,3.028750000E2
2.493204170E0,3.028750000E2
2.495829170E0,3.028750000E2
2.498453170E0,3.028750000E2
2.501078170E0,3.028750000E2
2.503702170E0,3.028750000E2
2.506327170E0,3.028750000E2
2.508951170E0,3.028750000E2
2.511576170E0,3.028750000E2
2.514200170E0,3.028750000E2
2.516825170E0,3.028750000E2
2.519450170E0,3.028750000E2
2.522074170E0,3.028750000E2
2.524699170E0,3.028750000E2
2.527323170E0,3.028750000E2
2.529948170E0,3.028750000E2
2.532572170E0,3.028750000E2
2.535197170E0,3.028750000E2
2.537821170E0,3.028750000E2
2.540446170E0,3.028750000E2
2.543070170E0,3.028750000E2
2.545695170E0,3.028750000E2
2.548319170E0,3.028750000E2
2.550944170E0,3.028750000E2
2.553568170E0,3.028750000E2
2.556193170E0,3.028750000E2
2.558817170E0,3.028750000E2
2.561442170E0,3.028750000E2
2.564066170E0,3.028750000E2
2.566691170E0,3.028750000E2
2.569315170E0,3.028750000E2
2.571940170E0,3.028750000E2
2.574564170E0,3.028750000E2
2.577189170E0,3.028750000E2
2.579813170E0,3.028750000E2
2.582438170E0,3.028750000E2
2.585062170E0,3.028750000E2
2.587687170E0,3.028750000E2
2.590311170E0,3.028750000E2
2.592936170E0,3.028750000E2
2.595560170E0,3.028750000E2
2.598185170E0,3.028750000E2
2.600809170E0,3.028750000E2
2.603434170E0,3.028750000E2
2.606058170E0,3.028750000E2
2.608683170E0,3.028750000E2
2.611307170E0,3.028750000E2
2.613932170E0,3.028750000E2
2.616556170E0,3.028750000E2
2.619181170E0,3.028750000E2
2.621805170E0,3.028750000E2
2.624430170E0,3.028750000E2
2.627054170E0,3.028750000E2
2.629679170E0,3.028750000E2
2.632304170E0,3.028750000E2
2.634928170E0,3.028750000E2
2.637553170E0,3.028750000E2
2.640177170E0,3.028750000E2
2.642802170E0,3.028750000E2
2.645426170E0,3.028750000E2
2.648051170E0,3.028750000E2
2.650675170E0,3.028750000E2
2.653300170E0,3.028750000E2
2.655924170E0,3.028750000E2
2.658549170E0,3.028750000E2
2.661173170E0,3.028750000E2
2.663798170E0,3.028750000E2
2.666422170E0,3.028750000E2
2.669047170E0,3.028750000E2
2.671671170E0,3.028750000E2
2.674296170E0,3.028750000E2
2.676920170E0,3.028750000E2
2.679545170E0,3.028750000E2
2.682169170E0,3.028750000E2
2.684794170E0,3.028750000E2
2.687418170E0,3.028750000E2
2.690043170E0,3.028750000E2
2.692667170E0,3.028750000E2
2.695292170E0,3.028750000E2
2.697916170E0,3.028750000E2
2.700541170E0,3.028750000E2
2.703165170E0,3.028750000E2
2.705790170E0,3.028750000E2
2.708414170E0,3.028750000E2
2.711039170E0,3.028750000E2
2.713663170E0,3.028750000E2
2.716288170E0,3.028750000E2
2.718912170E0,3.028750000E2
2.721537170E0,3.028750000E2
2.724161170E0,3.028750000E2
2.726786170E0,3.028750000E2
2.729410170E0,3.028750000E2
2.732035170E0,3.028750000E2
2.734659170E0,3.028750000E2
2.737284170E0,3.028750000E2
2.739908170E0,3.028750000E2
2.742533170E0,3.028750000E2
2.745158170E0,3.028750000E2
2.747782170E0,3.028750000E2
2.750407170E0,3.028750000E2
2.753031170E0,3.028750000E2
2.755656170E0,3.028750000E2
2.758280170E0,3.028750000E2
2.760905170E0,3.028750000E2
2.763529170E0,3.028750000E2
2.766154170E0,3.028750000E2
2.768778170E0,3.028750000E2
2.771403170E0,3.028750000E2
2.774027170E0,3.028750000E2
2.776652170E0,3.028750000E2
2.779276170E0,3.028750000E2
2.781901170E0,3.028750000E2
2.784525170E0,3.028750000E2
2.787150170E0,3.028750000E2
2.789774170E0,3.028750000E2
2.792399170E0,3.028750000E2
2.795023170E0,3.028750000E2
2.797648170E0,3.028750000E2
2.800272170E0,3.028750000E2
2.802897170E0,3.028750000E2
2.805521170E0,3.028750000E2
2.808146170E0,3.028750000E2
2.810770170E0,3.028750000E2
2.813395170E0,3.028750000E2
2.816019170E0,3.028750000E2
2.818644170E0,3.028750000E2
2.821268170E0,3.028750000E2
2.823893170E0,3.028750000E2
2.826517170E0,3.028750000E2
2.829142170E0,3.028750000E2
2.831766170E0,3.028750000E2
2.834391170E0,3.028750000E2
2.837015170E0,3.028750000E2
2.839640170E0,3.028750000E2
2.842264170E0,3.028750000E2
2.844889170E0,3.028750000E2
2.847513170E0,3.028750000E2
2.850138170E0,3.028750000E2
2.852762170E0,3.028750000E2
2.855387170E0,3.028750000E2
2.858012170E0,3.028750000E2
2.860636170E0,3.028750000E2
2.863261170E0,3.028750000E2
2.865885170E0,3.028750000E2
2.868510170E0,3.028750000E2
2.871134170E0,3.028750000E2
2.873759170E0,3.028750000E2
2.876383170E0,3.028750000E2
2.879008170E0,3.028750000E2
2.881632170E0,3.028750000E2
2.884257170E0,3.028750000E2
2.886881170E0,3.028750000E2
2.889506170E0,3.028750000E2
2.892130170E0,3.028750000E2
2.894755170E0,3.028750000E2
2.897379170E0,3.028750000E2
2.900004170E0,3.028750000E2
2.902628170E0,3.028750000E2
2.905253170E0,3.028750000E2
2.907877170E0,3.028750000E2
2.910502170E0,3.028750000E2
2.913126170E0,3.028750000E2
2.915751170E0,3.028750000E2
2.918375170E0,3.028750000E2
2.921000170E0,3.028750000E2
2.923624170E0,3.028750000E2
2.926249170E0,3.028750000E2
2.928873170E0,3.028750000E2
2.931498170E0,3.028750000E2
2.934122170E0,3.028750000E2
2.936747170E0,3.028750000E2
2.939371170E0,3.028750000E2
2.941996170E0,3.028750000E2
2.944620170E0,3.028750000E2
2.947245170E0,3.028750000E2
2.949869170E0,3.028750000E2
2.952494170E0,3.028750000E2
2.955118170E0,3.028750000E2
2.957743170E0,3.028750000E2
2.960367170E0,3.028750000E2
2.962992170E0,3.028750000E2
2.965617170E0,3.028750000E2
2.968241170E0,3.028750000E2
2.970866170E0,3.028750000E2
2.973490170E0,3.028750000E2
2.976115170E0,3.028750000E2
2.978739170E0,3.028750000E2
2.981364170E0,3.028750000E2
2.983988170E0,3.028750000E2
2.986613170E0,3.028750000E2
2.989237170E0,3.028750000E2
2.991862170E0,3.028750000E2
2.994486170E0,3.028750000E2
2.997111170E0,3.028750000E2
2.999735170E0,3.028750000E2
3.002360170E0,3.028750000E2
3.004984170E0,3.028750000E2
3.007609170E0,3.028750000E2
3.010233170E0,3.028750000E2
3.012858170E0,3.028750000E2
3.015482170E0,3.028750000E2
3.018107170E0,3.028750000E2
3.020731170E0,3.028750000E2
3.023356170E0,3.028750000E2
3.025980170E0,3.028750000E2
3.028605170E0,3.028750000E2
3.031229170E0,3.028750000E2
3.033854170E0,3.028750000E2
3.036478170E0,3.028750000E2
3.039103170E0,3.028750000E2
3.041727170E0,3.028750000E2
3.044352170E0,3.028750000E2
3.046976170E0,3.028750000E2
3.049601170E0,3.028750000E2
3.052225170E0,3.028750000E2
3.054850170E0,3.028750000E2
3.057474170E0,3.028750000E2
3.060099170E0,3.028750000E2
3.062723170E0,3.028750000E2
3.065348170E0,3.028750000E2
3.067972170E0,3.028750000E2
3.070597170E0,3.028750000E2
3.073221170E0,3.028750000E2
3.075846170E0,3.028750000E2
3.078471170E0,3.028750000E2
3.081095170E0,3.028750000E2
3.083720170E0,3.028750000E2
3.086344170E0,3.028750000E2
3.088969170E0,3.028750000E2
3.091593170E0,3.028750000E2
3.094218170E0,3.028750000E2
3.096842170E0,3.028750000E2
3.099467170E0,3.028750000E2
3.102091170E0,3.028750000E2
3.104716170E0,3.028750000E2
3.107340170E0,3.028750000E2
3.109965170E0,3.028750000E2
3.112589170E0,3.028750000E2
3.115214170E0,3.028750000E2
3.117838170E0,3.028750000E2
3.120463170E0,3.028750000E2
3.123087170E0,3.028750000E2
3.125712170E0,3.028750000E2
3.128336170E0,3.028750000E2
3.130961170E0,3.028750000E2
3.133585170E0,3.028750000E2
3.136210170E0,3.028750000E2
3.138834170E0,3.028750000E2
3.141459170E0,3.028750000E2
3.144083170E0,3.028750000E2
3.146708170E0,3.028750000E2
3.149332170E0,3.028750000E2
3.151957170E0,3.028750000E2
3.154581170E0,3.028750000E2
3.157206170E0,3.028750000E2
3.159830170E0,3.028750000E2
3.162455170E0,3.028750000E2
3.165079170E0,3.028750000E2
3.167704170E0,3.028750000E2
3.170328170E0,3.028750000E2
3.172953170E0,3.028750000E2
3.175577170E0,3.028750000E2
3.178202170E0,3.028750000E2
3.180826170E0,3.028750000E2
3.183451170E0,3.028750000E2
3.186075170E0,3.028750000E2
3.188700170E0,3.028750000E2
3.191325170E0,3.028750000E2
3.193949170E0,3.028750000E2
3.196574170E0,3.028750000E2
3.199198170E0,3.028750000E2
3.201823170E0,3.028750000E2
3.204447170E0,3.028750000E2
3.207072170E0,3.028750000E2
3.209696170E0,3.028750000E2
3.212321170E0,3.028750000E2
3.214945170E0,3.028750000E2
3.217570170E0,3.028750000E2
3.220194170E0,3.028750000E2
3.222819170E0,3.028750000E2
3.225443170E0,3.028750000E2
3.228068170E0,3.028750000E2
3.230692170E0,3.028750000E2
3.233317170E0,3.028750000E2
3.235941170E0,3.028750000E2
3.238566170E0,3.028750000E2
3.241190170E0,3.028750000E2
3.243815170E0,3.028750000E2
3.246439170E0,3.028750000E2
3.249064170E0,3.028750000E2
3.251688170E0,3.028750000E2
3.254313170E0,3.028750000E2
3.256937170E0,3.028750000E2
3.259562170E0,3.028750000E2
3.262186170E0,3.028750000E2
3.264811170E0,3.028750000E2
3.267435170E0,3.028750000E2
3.270060170E0,3.028750000E2
3.272684170E0,3.028750000E2
3.275309170E0,3.028750000E2
3.277933170E0,3.028750000E2
3.280558170E0,3.028750000E2
3.283182170E0,3.028750000E2
3.285807170E0,3.028750000E2
3.288431170E0,3.028750000E2
3.291056170E0,3.028750000E2
3.293680170E0,3.028750000E2
3.296305170E0,3.028750000E2
3.298929170E0,3.028750000E2
3.301554170E0,3.028750000E2
3.304179170E0,3.028750000E2
3.306803170E0,3.028750000E2
3.309428170E0,3.028750000E2
3.312052170E0,3.028750000E2
3.314677170E0,3.028750000E2
3.317301170E0,3.028750000E2
3.319926170E0,3.028750000E2
3.322550170E0,3.028750000E2
3.325175170E0,3.028750000E2
3.327799170E0,3.028750000E2
3.330424170E0,3.028750000E2
3.333048170E0,3.028750000E2
3.335673170E0,3.028750000E2
3.338297170E0,3.028750000E2
3.340922170E0,3.028750000E2
3.343546170E0,3.028750000E2
3.346171170E0,3.028750000E2
3.348795170E0,3.028750000E2
3.351420170E0,3.028750000E2
3.354044170E0,3.028750000E2
3.356669170E0,3.028750000E2
3.359293170E0,3.028750000E2
3.361918170E0,3.028750000E2
3.364542170E0,3.028750000E2
3.367167170E0,3.028750000E2
3.369791170E0,3.028750000E2
3.372416170E0,3.028750000E2
3.375040170E0,3.028750000E2
3.377665170E0,3.028750000E2
3.380289170E0,3.028750000E2
3.382914170E0,3.028750000E2
3.385538170E0,3.028750000E2
3.388163170E0,3.028750000E2
3.390787170E0,3.028750000E2
3.393412170E0,3.028750000E2
3.396036170E0,3.028750000E2
3.398661170E0,3.028750000E2
3.401285170E0,3.028750000E2
3.403910170E0,3.028750000E2
3.406534170E0,3.028750000E2
3.409159170E0,3.028750000E2
3.411783170E0,3.028750000E2
3.414408170E0,3.028750000E2
3.417033170E0,3.028750000E2
3.419657170E0,3.028750000E2
3.422282170E0,3.028750000E2
3.424906170E0,3.028750000E2
3.427531170E0,3.028750000E2
3.430155170E0,3.028750000E2
3.432780170E0,3.028750000E2
3.435404170E0,3.028750000E2
3.438029170E0,3.028750000E2
3.440653170E0,3.028750000E2
3.443278170E0,3.028750000E2
3.445902170E0,3.028750000E2
3.448527170E0,3.028750000E2
3.451151170E0,3.028750000E2
3.453776170E0,3.028750000E2
3.456400170E0,3.028750000E2
3.459025170E0,3.028750000E2
3.461649170E0,3.028750000E2
3.464274170E0,3.028750000E2
3.466898170E0,3.028750000E2
3.469523170E0,3.028750000E2
3.472147170E0,3.028750000E2
3.474772170E0,3.028750000E2
3.477396170E0,3.028750000E2
3.480021170E0,3.028750000E2
3.482645170E0,3.028750000E2
3.485270170E0,3.028750000E2
3.487894170E0,3.028750000E2
3.490519170E0,3.028750000E2
3.493143170E0,3.028750000E2
3.495768170E0,3.028750000E2
3.498392170E0,3.028750000E2
3.501017170E0,3.028750000E2
3.503641170E0,3.028750000E2
3.506266170E0,3.028750000E2
3.508890170E0,3.028750000E2
3.511515170E0,3.028750000E2
3.514139170E0,3.028750000E2
3.516764170E0,3.028750000E2
3.519388170E0,3.028750000E2
3.522013170E0,3.028750000E2
3.524637170E0,3.028750000E2
3.527262170E0,3.028750000E2
3.529887170E0,3.028750000E2
3.532511170E0,3.028750000E2
3.535136170E0,3.028750000E2
3.537760170E0,3.028750000E2
3.540385170E0,3.028750000E2
3.543009170E0,3.028750000E2
3.545634170E0,3.028750000E2
3.548258170E0,3.028750000E2
3.550883170E0,3.028750000E2
3.553507170E0,3.028750000E2
3.556132170E0,3.028750000E2
3.558756170E0,3.028750000E2
3.561381170E0,3.028750000E2
3.564005170E0,3.028750000E2
3.566630170E0,3.028750000E2
3.569254170E0,3.028750000E2
3.571879170E0,3.028750000E2
3.574503170E0,3.028750000E2
3.577128170E0,3.028750000E2
3.579752170E0,3.028750000E2
3.582377170E0,3.028750000E2
3.585001170E0,3.028750000E2
3.587626170E0,3.028750000E2
3.590250170E0,3.028750000E2
3.592875170E0,3.028750000E2
3.595499170E0,3.028750000E2
3.598124170E0,3.028750000E2
3.600748170E0,3.028750000E2
3.603373170E0,3.028750000E2
3.605997170E0,3.028750000E2
3.608622170E0,3.028750000E2
3.611246170E0,3.028750000E2
3.613871170E0,3.028750000E2
3.616495170E0,3.028750000E2
3.619120170E0,3.028750000E2
3.621744170E0,3.028750000E2
3.624369170E0,3.028750000E2
3.626993170E0,3.028750000E2
3.629618170E0,3.028750000E2
3.632242170E0,3.028750000E2
3.634867170E0,3.028750000E2
3.637492170E0,3.028750000E2
3.640116170E0,3.028750000E2
3.642741170E0,3.028750000E2
3.645365170E0,3.028750000E2
3.647990170E0,3.028750000E2
3.650614170E0,3.028750000E2
3.653239170E0,3.028750000E2
3.655863170E0,3.028750000E2
3.658488170E0,3.028750000E2
3.661112170E0,3.028750000E2
3.663737170E0,3.028750000E2
3.666361170E0,3.028750000E2
3.668986170E0,3.028750000E2
3.671610170E0,3.028750000E2
3.674235170E0,3.028750000E2
3.676859170E0,3.028750000E2
3.679484170E0,3.028750000E2
3.682108170E0,3.028750000E2
3.684733170E0,3.028750000E2
3.687357170E0,3.028750000E2
3.689982170E0,3.028750000E2
3.692606170E0,3.028750000E2
3.695231170E0,3.028750000E2
3.697855170E0,3.028750000E2
3.700480170E0,3.028750000E2
3.703104170E0,3.028750000E2
3.705729170E0,3.028750000E2
3.708353170E0,3.028750000E2
3.710978170E0,3.028750000E2
3.713602170E0,3.028750000E2
3.716227170E0,3.028750000E2
3.718851170E0,3.028750000E2
3.721476170E0,3.028750000E2
3.724100170E0,3.028750000E2
3.726725170E0,3.028750000E2
3.729349170E0,3.028750000E2
3.731974170E0,3.028750000E2
3.734598170E0,3.028750000E2
3.737223170E0,3.028750000E2
3.739847170E0,3.028750000E2
3.742472170E0,3.028750000E2
3.745096170E0,3.028750000E2
3.747721170E0,3.028750000E2
3.750346170E0,3.028750000E2
3.752970170E0,3.028750000E2
3.755595170E0,3.028750000E2
3.758219170E0,3.028750000E2
3.760844170E0,3.028750000E2
3.763468170E0,3.028750000E2
3.766093170E0,3.028750000E2
3.768717170E0,3.028750000E2
3.771342170E0,3.028750000E2
3.773966170E0,3.028750000E2
3.776591170E0,3.028750000E2
3.779215170E0,3.028750000E2
3.781840170E0,3.028750000E2
3.784464170E0,3.028750000E2
3.787089170E0,3.028750000E2
3.789713170E0,3.028750000E2
3.792338170E0,3.028750000E2
3.794962170E0,3.028750000E2
3.797587170E0,3.028750000E2
3.800211170E0,3.028750000E2
3.802836170E0,3.028750000E2
3.805460170E0,3.028750000E2
3.808085170E0,3.028750000E2
3.810709170E0,3.028750000E2
3.813334170E0,3.028750000E2
3.815958170E0,3.028750000E2
3.818583170E0,3.028750000E2
3.821207170E0,3.028750000E2
3.823832170E0,3.028750000E2
3.826456170E0,3.028750000E2
3.829081170E0,3.028750000E2
3.831705170E0,3.028750000E2
3.834330170E0,3.028750000E2
3.836954170E0,3.028750000E2
3.839579170E0,3.028750000E2
3.842203170E0,3.028750000E2
3.844828170E0,3.028750000E2
3.847452170E0,3.028750000E2
3.850077170E0,3.028750000E2
3.852701170E0,3.028750000E2
3.855326170E0,3.028750000E2
3.857950170E0,3.028750000E2
3.860575170E0,3.028750000E2
3.863200170E0,3.028750000E2
3.865824170E0,3.028750000E2
3.868449170E0,3.028750000E2
3.871073170E0,3.028750000E2
3.873698170E0,3.028750000E2
3.876322170E0,3.028750000E2
3.878947170E0,3.028750000E2
3.881571170E0,3.028750000E2
3.884196170E0,3.028750000E2
3.886820170E0,3.028750000E2
3.889445170E0,3.028750000E2
3.892069170E0,3.028750000E2
3.894694170E0,3.028750000E2
3.897318170E0,3.028750000E2
3.899943170E0,3.028750000E2
3.902567170E0,3.028750000E2
3.905192170E0,3.028750000E2
3.907816170E0,3.028750000E2
3.910441170E0,3.028750000E2
3.913065170E0,3.028750000E2
3.915690170E0,3.028750000E2
3.918314170E0,3.028750000E2
3.920939170E0,3.028750000E2
3.923563170E0,3.028750000E2
3.926188170E0,3.028750000E2
3.928812170E0,3.028750000E2
3.931437170E0,3.028750000E2
3.934061170E0,3.028750000E2
3.936686170E0,3.028750000E2
3.939310170E0,3.028750000E2
3.941935170E0,3.028750000E2
3.944559170E0,3.028750000E2
3.947184170E0,3.028750000E2
3.949808170E0,3.028750000E2
3.952433170E0,3.028750000E2
3.955057170E0,3.028750000E2
3.957682170E0,3.028750000E2
3.960306170E0,3.028750000E2
3.962931170E0,3.028750000E2
3.965555170E0,3.028750000E2
3.968180170E0,3.028750000E2
3.970804170E0,3.028750000E2
3.973429170E0,3.028750000E2
3.976054170E0,3.028750000E2
3.978678170E0,3.028750000E2
3.981303170E0,3.028750000E2
3.983927170E0,3.028750000E2
3.986552170E0,3.028750000E2
3.989176170E0,3.028750000E2
3.991801170E0,3.028750000E2
3.994425170E0,3.028750000E2
3.997050170E0,3.028750000E2
3.999674170E0,3.028750000E2
4.002299170E0,3.028750000E2
4.004923170E0,3.028750000E2
4.007548170E0,3.028750000E2
4.010172170E0,3.028750000E2
4.012797170E0,3.028750000E2
4.015421170E0,3.028750000E2
4.018046170E0,3.028750000E2
4.020670170E0,3.028750000E2
4.023295170E0,3.028750000E2
4.025919170E0,3.028750000E2
4.028544170E0,3.028750000E2
4.031168170E0,3.028750000E2
4.033793170E0,3.028750000E2
4.036417170E0,3.028750000E2
4.039042170E0,3.028750000E2
4.041666170E0,3.028750000E2
4.044291170E0,3.028750000E2
4.046915170E0,3.028750000E2
4.049540170E0,3.028750000E2
4.052164170E0,3.028750000E2
4.054789170E0,3.028750000E2
4.057413170E0,3.028750000E2
4.060038170E0,3.028750000E2
4.062662170E0,3.028750000E2
4.065287170E0,3.028750000E2
4.067911170E0,3.028750000E2
4.070536170E0,3.028750000E2
4.073160170E0,3.028750000E2
4.075785170E0,3.028750000E2
4.078409170E0,3.028750000E2
4.081034170E0,3.028750000E2
4.083658170E0,3.028750000E2
4.086283170E0,3.028750000E2
4.088908170E0,3.028750000E2
4.091532170E0,3.028750000E2
4.094157170E0,3.028750000E2
4.096781170E0,3.028750000E2
4.099406170E0,3.028750000E2
4.102030170E0,3.028750000E2
4.104655170E0,3.028750000E2
4.107279170E0,3.028750000E2
4.109904170E0,3.028750000E2
4.112528170E0,3.028750000E2
4.115153170E0,3.028750000E2
4.117777170E0,3.028750000E2
4.120402170E0,3.028750000E2
4.123026170E0,3.028750000E2
4.125651170E0,3.028750000E2
4.128275170E0,3.028750000E2
4.130900170E0,3.028750000E2
4.133524170E0,3.028750000E2
4.136149170E0,3.028750000E2
4.138773170E0,3.028750000E2
4.141398170E0,3.028750000E2
4.144022170E0,3.028750000E2
4.146647170E0,3.028750000E2
4.149271170E0,3.028750000E2
4.151896170E0,3.028750000E2
4.154520170E0,3.028750000E2
4.157145170E0,3.028750000E2
4.159769170E0,3.028750000E2
4.162394170E0,3.028750000E2
4.165018170E0,3.028750000E2
4.167643170E0,3.028750000E2
4.170267170E0,3.028750000E2
4.172892170E0,3.028750000E2
4.175516170E0,3.028750000E2
4.178141170E0,3.028750000E2
4.180765170E0,3.028750000E2
4.183390170E0,3.028750000E2
4.186014170E0,3.028750000E2
4.188639170E0,3.028750000E2
4.191263170E0,3.028750000E2
4.193888170E0,3.028750000E2
4.196512170E0,3.028750000E2
4.199137170E0,3.028750000E2
4.201762170E0,3.028750000E2
4.204386170E0,3.028750000E2
4.207011170E0,3.028750000E2
4.209635170E0,3.028750000E2
4.212260170E0,3.028750000E2
4.214884170E0,3.028750000E2
4.217509170E0,3.028750000E2
4.220133170E0,3.028750000E2
4.222758170E0,3.028750000E2
4.225382170E0,3.028750000E2
4.228007170E0,3.028750000E2
4.230631170E0,3.028750000E2
4.233256170E0,3.028750000E2
4.235880170E0,3.028750000E2
4.238505170E0,3.028750000E2
4.241129170E0,3.028750000E2
4.243754170E0,3.028750000E2
4.246378170E0,3.028750000E2
4.249003170E0,3.028750000E2
4.251627170E0,3.028750000E2
4.254252170E0,3.028750000E2
4.256876170E0,3.028750000E2
4.259501170E0,3.028750000E2
4.262125170E0,3.028750000E2
4.264750170E0,3.028750000E2
4.267374170E0,3.028750000E2
4.269999170E0,3.028750000E2
4.272623170E0,3.028750000E2
4.275248170E0,3.028750000E2
4.277872170E0,3.028750000E2
4.280497170E0,3.028750000E2
4.283121170E0,3.028750000E2
4.285746170E0,3.028750000E2
4.288370170E0,3.028750000E2
4.290995170E0,3.028750000E2
4.293619170E0,3.028750000E2
4.296244170E0,3.028750000E2
4.298868170E0,3.028750000E2
4.301493170E0,3.028750000E2
4.304117170E0,3.028750000E2
4.306742170E0,3.028750000E2
4.309367170E0,3.028750000E2
4.311991170E0,3.028750000E2
4.314616170E0,3.028750000E2
4.317240170E0,3.028750000E2
4.319865170E0,3.028750000E2
4.322489170E0,3.028750000E2
4.325114170E0,3.028750000E2
4.327738170E0,3.028750000E2
4.330363170E0,3.028750000E2
4.332987170E0,3.028750000E2
4.335612170E0,3.028750000E2
4.338236170E0,3.028750000E2
4.340861170E0,3.028750000E2
4.343485170E0,3.028750000E2
4.346110170E0,3.028750000E2
4.348734170E0,3.028750000E2
4.351359170E0,3.028750000E2
4.353983170E0,3.028750000E2
4.356608170E0,3.028750000E2
4.359232170E0,3.028750000E2
4.361857170E0,3.028750000E2
4.364481170E0,3.028750000E2
4.367106170E0,3.028750000E2
4.369730170E0,3.028750000E2
4.372355170E0,3.028750000E2
4.374979170E0,3.028750000E2
4.377604170E0,3.028750000E2
4.380228170E0,3.028750000E2
4.382853170E0,3.028750000E2
4.385477170E0,3.028750000E2
4.388102170E0,3.028750000E2
4.390726170E0,3.028750000E2
4.393351170E0,3.028750000E2
4.395975170E0,3.028750000E2
4.398600170E0,3.028750000E2
4.401224170E0,3.028750000E2
4.403849170E0,3.028750000E2
4.406473170E0,3.028750000E2
4.409098170E0,3.028750000E2
4.411722170E0,3.028750000E2
4.414347170E0,3.028750000E2
4.416971170E0,3.028750000E2
4.419596170E0,3.028750000E2
4.422221170E0,3.028750000E2
4.424845170E0,3.028750000E2
4.427470170E0,3.028750000E2
4.430094170E0,3.028750000E2
4.432719170E0,3.028750000E2
4.435343170E0,3.028750000E2
4.437968170E0,3.028750000E2
4.440592170E0,3.028750000E2
4.443217170E0,3.028750000E2
4.445841170E0,3.028750000E2
4.448466170E0,3.028750000E2
4.451090170E0,3.028750000E2
4.453715170E0,3.028750000E2
4.456339170E0,3.028750000E2
4.458964170E0,3.028750000E2
4.461588170E0,3.028750000E2
4.464213170E0,3.028750000E2
4.466837170E0,3.028750000E2
4.469462170E0,3.028750000E2
4.472086170E0,3.028750000E2
4.474711170E0,3.028750000E2
4.477335170E0,3.028750000E2
4.479960170E0,3.028750000E2
4.482584170E0,3.028750000E2
4.485209170E0,3.028750000E2
4.487833170E0,3.028750000E2
4.490458170E0,3.028750000E2
4.493082170E0,3.028750000E2
4.495707170E0,3.028750000E2
4.498331170E0,3.028750000E2
4.500956170E0,3.028750000E2
4.503580170E0,3.028750000E2
4.506205170E0,3.028750000E2
4.508829170E0,3.028750000E2
4.511454170E0,3.028750000E2
4.514078170E0,3.028750000E2
4.516703170E0,3.028750000E2
4.519327170E0,3.028750000E2
4.521952170E0,3.028750000E2
4.524576170E0,3.028750000E2
4.527201170E0,3.028750000E2
4.529825170E0,3.028750000E2
4.532450170E0,3.028750000E2
4.535075170E0,3.028750000E2
4.537699170E0,3.028750000E2
4.540324170E0,3.028750000E2
4.542948170E0,3.028750000E2
4.545573170E0,3.028750000E2
4.548197170E0,3.028750000E2
4.550822170E0,3.028750000E2
4.553446170E0,3.028750000E2
4.556071170E0,3.028750000E2
4.558695170E0,3.028750000E2
4.561320170E0,3.028750000E2
4.563944170E0,3.028750000E2
4.566569170E0,3.028750000E2
4.569193170E0,3.028750000E2
4.571818170E0,3.028750000E2
4.574442170E0,3.028750000E2
4.577067170E0,3.028750000E2
4.579691170E0,3.028750000E2
4.582316170E0,3.028750000E2
4.584940170E0,3.028750000E2
4.587565170E0,3.028750000E2
4.590189170E0,3.028750000E2
4.592814170E0,3.028750000E2
4.595438170E0,3.028750000E2
4.598063170E0,3.028750000E2
4.600687170E0,3.028750000E2
4.603312170E0,3.028750000E2
4.605936170E0,3.028750000E2
4.608561170E0,3.028750000E2
4.611185170E0,3.028750000E2
4.613810170E0,3.028750000E2
4.616434170E0,3.028750000E2
4.619059170E0,3.028750000E2
4.621683170E0,3.028750000E2
4.624308170E0,3.028750000E2
4.626932170E0,3.028750000E2
4.629557170E0,3.028750000E2
4.632181170E0,3.028750000E2
4.634806170E0,3.028750000E2
4.637430170E0,3.028750000E2
4.640055170E0,3.028750000E2
4.642679170E0,3.028750000E2
4.645304170E0,3.028750000E2
4.647929170E0,3.028750000E2
4.650553170E0,3.028750000E2
4.653178170E0,3.028750000E2
4.655802170E0,3.028750000E2
4.658427170E0,3.028750000E2
4.661051170E0,3.028750000E2
4.663676170E0,3.028750000E2
4.666300170E0,3.028750000E2
4.668925170E0,3.028750000E2
4.671549170E0,3.028750000E2
4.674174170E0,3.028750000E2
4.676798170E0,3.028750000E2
4.679423170E0,3.028750000E2
4.682047170E0,3.028750000E2
4.684672170E0,3.028750000E2
4.687296170E0,3.028750000E2
4.689921170E0,3.028750000E2
4.692545170E0,3.028750000E2
4.695170170E0,3.028750000E2
4.697794170E0,3.028750000E2
4.700419170E0,3.028750000E2
4.703043170E0,3.028750000E2
4.705668170E0,3.028750000E2
4.708292170E0,3.028750000E2
4.710917170E0,3.028750000E2
4.713541170E0,3.028750000E2
4.716166170E0,3.028750000E2
4.718790170E0,3.028750000E2
4.721415170E0,3.028750000E2
4.724039170E0,3.028750000E2
4.726664170E0,3.028750000E2
4.729288170E0,3.028750000E2
4.731913170E0,3.028750000E2
4.734537170E0,3.028750000E2
4.737162170E0,3.028750000E2
4.739786170E0,3.028750000E2
4.742411170E0,3.028750000E2
4.745035170E0,3.028750000E2
4.747660170E0,3.028750000E2
4.750284170E0,3.028750000E2
4.752909170E0,3.028750000E2
4.755533170E0,3.028750000E2
4.758158170E0,3.028750000E2
4.760783170E0,3.028750000E2
4.763407170E0,3.028750000E2
4.766032170E0,3.028750000E2
4.768656170E0,3.028750000E2
4.771281170E0,3.028750000E2
4.773905170E0,3.028750000E2
4.776530170E0,3.028750000E2
4.779154170E0,3.028750000E2
4.781779170E0,3.028750000E2
4.784403170E0,3.028750000E2
4.787028170E0,3.028750000E2
4.789652170E0,3.028750000E2
4.792277170E0,3.028750000E2
4.794901170E0,3.028750000E2
4.797526170E0,3.028750000E2
4.800150170E0,3.028750000E2
4.802775170E0,3.028750000E2
4.805399170E0,3.028750000E2
4.808024170E0,3.028750000E2
4.810648170E0,3.028750000E2
4.813273170E0,3.028750000E2
4.815897170E0,3.028750000E2
4.818522170E0,3.028750000E2
4.821146170E0,3.028750000E2
4.823771170E0,3.028750000E2
4.826395170E0,3.028750000E2
4.829020170E0,3.028750000E2
4.831644170E0,3.028750000E2
4.834269170E0,3.028750000E2
4.836893170E0,3.028750000E2
4.839518170E0,3.028750000E2
4.842142170E0,3.028750000E2
4.844767170E0,3.028750000E2
4.847391170E0,3.028750000E2
4.850016170E0,3.028750000E2
4.852640170E0,3.028750000E2
4.855265170E0,3.028750000E2
4.857889170E0,3.028750000E2
4.860514170E0,3.028750000E2
4.863138170E0,3.028750000E2
4.865763170E0,3.028750000E2
4.868387170E0,3.028750000E2
4.871012170E0,3.028750000E2
4.873637170E0,3.028750000E2
4.876261170E0,3.028750000E2
4.878886170E0,3.028750000E2
4.881510170E0,3.028750000E2
4.884135170E0,3.028750000E2
4.886759170E0,3.028750000E2
4.889384170E0,3.028750000E2
4.892008170E0,3.028750000E2
4.894633170E0,3.028750000E2
4.897257170E0,3.028750000E2
4.899882170E0,3.028750000E2
4.902506170E0,3.028750000E2
4.905131170E0,3.028750000E2
4.907755170E0,3.028750000E2
4.910380170E0,3.028750000E2
4.913004170E0,3.028750000E2
4.915629170E0,3.028750000E2
4.918253170E0,3.028750000E2
4.920878170E0,3.028750000E2
4.923502170E0,3.028750000E2
4.926127170E0,3.028750000E2
4.928751170E0,3.028750000E2
4.931376170E0,3.028750000E2
4.934000170E0,3.028750000E2
4.936625170E0,3.028750000E2
4.939249170E0,3.028750000E2
4.941874170E0,3.028750000E2
4.944498170E0,3.028750000E2
4.947123170E0,3.028750000E2
4.949747170E0,3.028750000E2
4.952372170E0,3.028750000E2
4.954996170E0,3.028750000E2
4.957621170E0,3.028750000E2
4.960245170E0,3.028750000E2
4.962870170E0,3.028750000E2
4.965494170E0,3.028750000E2
4.968119170E0,3.028750000E2
4.970743170E0,3.028750000E2
4.973368170E0,3.028750000E2
4.975992170E0,3.028750000E2
4.978617170E0,3.028750000E2
4.981242170E0,3.028750000E2
4.983866170E0,3.028750000E2
4.986491170E0,3.028750000E2
4.989115170E0,3.028750000E2
4.991740170E0,3.028750000E2
4.994364170E0,3.028750000E2
4.996989170E0,3.028750000E2
4.999613170E0,3.028750000E2
5.002238170E0,3.028750000E2
5.004862170E0,3.028750000E2
5.007487170E0,3.028750000E2
5.010111170E0,3.028750000E2
5.012736170E0,3.028750000E2
5.015360170E0,3.028750000E2
5.017985170E0,3.028750000E2
5.020609170E0,3.028750000E2
5.023234170E0,3.028750000E2
5.025858170E0,3.028750000E2
5.028483170E0,3.028750000E2
5.031107170E0,3.028750000E2
5.033732170E0,3.028750000E2
5.036356170E0,3.028750000E2
5.038981170E0,3.028750000E2
5.041605170E0,3.028750000E2
5.044230170E0,3.028750000E2
5.046854170E0,3.028750000E2
5.049479170E0,3.028750000E2
5.052103170E0,3.028750000E2
5.054728170E0,3.028750000E2
5.057352170E0,3.028750000E2
5.059977170E0,3.028750000E2
5.062601170E0,3.028750000E2
5.065226170E0,3.028750000E2
5.067850170E0,3.028750000E2
5.070475170E0,3.028750000E2
5.073099170E0,3.028750000E2
5.075724170E0,3.028750000E2
5.078348170E0,3.028750000E2
5.080973170E0,3.028750000E2
5.083597170E0,3.028750000E2
5.086222170E0,3.028750000E2
5.088846170E0,3.028750000E2
5.091471170E0,3.028750000E2
5.094096170E0,3.028750000E2
5.096720170E0,3.028750000E2
5.099345170E0,3.028750000E2
5.101969170E0,3.028750000E2
5.104594170E0,3.028750000E2
5.107218170E0,3.028750000E2
5.109843170E0,3.028750000E2
5.112467170E0,3.028750000E2
5.115092170E0,3.028750000E2
5.117716170E0,3.028750000E2
5.120341170E0,3.028750000E2
5.122965170E0,3.028750000E2
5.125590170E0,3.028750000E2
5.128214170E0,3.028750000E2
5.130839170E0,3.028750000E2
5.133463170E0,3.028750000E2
5.136088170E0,3.028750000E2
5.138712170E0,3.028750000E2
5.141337170E0,3.028750000E2
5.143961170E0,3.028750000E2
5.146586170E0,3.028750000E2
5.149210170E0,3.028750000E2
5.151835170E0,3.028750000E2
5.154459170E0,3.028750000E2
5.157084170E0,3.028750000E2
5.159708170E0,3.028750000E2
5.162333170E0,3.028750000E2
5.164957170E0,3.028750000E2
5.167582170E0,3.028750000E2
5.170206170E0,3.028750000E2
5.172831170E0,3.028750000E2
5.175455170E0,3.028750000E2
5.178080170E0,3.028750000E2
5.180704170E0,3.028750000E2
5.183329170E0,3.028750000E2
5.185953170E0,3.028750000E2
5.188578170E0,3.028750000E2
5.191202170E0,3.028750000E2
5.193827170E0,3.028750000E2
5.196451170E0,3.028750000E2
5.199076170E0,3.028750000E2
5.201700170E0,3.028750000E2
5.204325170E0,3.028750000E2
5.206950170E0,3.028750000E2
5.209574170E0,3.028750000E2
5.212199170E0,3.028750000E2
5.214823170E0,3.028750000E2
5.217448170E0,3.028750000E2
5.220072170E0,3.028750000E2
5.222697170E0,3.028750000E2
5.225321170E0,3.028750000E2
5.227946170E0,3.028750000E2
5.230570170E0,3.028750000E2
5.233195170E0,3.028750000E2
5.235819170E0,3.028750000E2
5.238444170E0,3.028750000E2
5.241068170E0,3.028750000E2
5.243693170E0,3.028750000E2
5.246317170E0,3.028750000E2
5.248942170E0,3.028750000E2
5.251566170E0,3.028750000E2
5.254191170E0,3.028750000E2
5.256815170E0,3.028750000E2
5.259440170E0,3.028750000E2
5.262064170E0,3.028750000E2
5.264689170E0,3.028750000E2
5.267313170E0,3.028750000E2
5.269938170E0,3.028750000E2
5.272562170E0,3.028750000E2
5.275187170E0,3.028750000E2
5.277811170E0,3.028750000E2
5.280436170E0,3.028750000E2
5.283060170E0,3.028750000E2
5.285685170E0,3.028750000E2
5.288309170E0,3.028750000E2
5.290934170E0,3.028750000E2
5.293558170E0,3.028750000E2
5.296183170E0,3.028750000E2
5.298807170E0,3.028750000E2
5.301432170E0,3.028750000E2
5.304056170E0,3.028750000E2
5.306681170E0,3.028750000E2
5.309305170E0,3.028750000E2
5.311930170E0,3.028750000E2
5.314554170E0,3.028750000E2
5.317179170E0,3.028750000E2
5.319804170E0,3.028750000E2
5.322428170E0,3.028750000E2
5.325053170E0,3.028750000E2
5.327677170E0,3.028750000E2
5.330302170E0,3.028750000E2
5.332926170E0,3.028750000E2
5.335551170E0,3.028750000E2
5.338175170E0,3.028750000E2
5.340800170E0,3.028750000E2
5.343424170E0,3.028750000E2
5.346049170E0,3.028750000E2
5.348673170E0,3.028750000E2
5.351298170E0,3.028750000E2
5.353922170E0,3.028750000E2
5.356547170E0,3.028750000E2
5.359171170E0,3.028750000E2
5.361796170E0,3.028750000E2
5.364420170E0,3.028750000E2
5.367045170E0,3.028750000E2
5.369669170E0,3.028750000E2
5.372294170E0,3.028750000E2
5.374918170E0,3.028750000E2
5.377543170E0,3.028750000E2
5.380167170E0,3.028750000E2
5.382792170E0,3.028750000E2
5.385416170E0,3.028750000E2
5.388041170E0,3.028750000E2
5.390665170E0,3.028750000E2
5.393290170E0,3.028750000E2
5.395914170E0,3.028750000E2
5.398539170E0,3.028750000E2
5.401163170E0,3.028750000E2
5.403788170E0,3.028750000E2
5.406412170E0,3.028750000E2
5.409037170E0,3.028750000E2
5.411661170E0,3.028750000E2
5.414286170E0,3.028750000E2
5.416910170E0,3.028750000E2
5.419535170E0,3.028750000E2
5.422159170E0,3.028750000E2
5.424784170E0,3.028750000E2
5.427408170E0,3.028750000E2
5.430033170E0,3.028750000E2
5.432658170E0,3.028750000E2
5.435282170E0,3.028750000E2
5.437907170E0,3.028750000E2
5.440531170E0,3.028750000E2
5.443156170E0,3.028750000E2
5.445780170E0,3.028750000E2
5.448405170E0,3.028750000E2
5.451029170E0,3.028750000E2
5.453654170E0,3.028750000E2
5.456278170E0,3.028750000E2
5.458903170E0,3.028750000E2
5.461527170E0,3.028750000E2
5.464152170E0,3.028750000E2
5.466776170E0,3.028750000E2
5.469401170E0,3.028750000E2
5.472025170E0,3.028750000E2
5.474650170E0,3.028750000E2
5.477274170E0,3.028750000E2
5.479899170E0,3.028750000E2
5.482523170E0,3.028750000E2
5.485148170E0,3.028750000E2
5.487772170E0,3.028750000E2
5.490397170E0,3.028750000E2
5.493021170E0,3.028750000E2
5.495646170E0,3.028750000E2
5.498270170E0,3.028750000E2
5.500895170E0,3.028750000E2
5.503519170E0,3.028750000E2
5.506144170E0,3.028750000E2
5.508768170E0,3.028750000E2
5.511393170E0,3.028750000E2
5.514017170E0,3.028750000E2
5.516642170E0,3.028750000E2
5.519266170E0,3.028750000E2
5.521891170E0,3.028750000E2
5.524515170E0,3.028750000E2
5.527140170E0,3.028750000E2
5.529764170E0,3.028750000E2
5.532389170E0,3.028750000E2
5.535013170E0,3.028750000E2
5.537638170E0,3.028750000E2
5.540262170E0,3.028750000E2
5.542887170E0,3.028750000E2
5.545512170E0,3.028750000E2
5.548136170E0,3.028750000E2
5.550761170E0,3.028750000E2
5.553385170E0,3.028750000E2
5.556010170E0,3.028750000E2
5.558634170E0,3.028750000E2
5.561259170E0,3.028750000E2
5.563883170E0,3.028750000E2
5.566508170E0,3.028750000E2
5.569132170E0,3.028750000E2
5.571757170E0,3.028750000E2
5.574381170E0,3.028750000E2
5.577006170E0,3.028750000E2
5.579630170E0,3.028750000E2
5.582255170E0,3.028750000E2
5.584879170E0,3.028750000E2
5.587504170E0,3.028750000E2
5.590128170E0,3.028750000E2
5.592753170E0,3.028750000E2
5.595377170E0,3.028750000E2
5.598002170E0,3.028750000E2
5.600626170E0,3.028750000E2
5.603251170E0,3.028750000E2
5.605875170E0,3.028750000E2
5.608500170E0,3.028750000E2
5.611124170E0,3.028750000E2
5.613749170E0,3.028750000E2
5.616373170E0,3.028750000E2
5.618998170E0,3.028750000E2
5.621622170E0,3.028750000E2
5.624247170E0,3.028750000E2
5.626871170E0,3.028750000E2
5.629496170E0,3.028750000E2
5.632120170E0,3.028750000E2
5.634745170E0,3.028750000E2
5.637369170E0,3.028750000E2
5.639994170E0,3.028750000E2
5.642618170E0,3.028750000E2
5.645243170E0,3.028750000E2
5.647867170E0,3.028750000E2
5.650492170E0,3.028750000E2
5.653117170E0,3.028750000E2
5.655741170E0,3.028750000E2
5.658366170E0,3.028750000E2
5.660990170E0,3.028750000E2
5.663615170E0,3.028750000E2
5.666239170E0,3.028750000E2
5.668864170E0,3.028750000E2
5.671488170E0,3.028750000E2
5.674113170E0,3.028750000E2
5.676737170E0,3.028750000E2
5.679362170E0,3.028750000E2
5.681986170E0,3.028750000E2
5.684611170E0,3.028750000E2
5.687235170E0,3.028750000E2
5.689860170E0,3.028750000E2
5.692484170E0,3.028750000E2
5.695109170E0,3.028750000E2
5.697733170E0,3.028750000E2
5.700358170E0,3.028750000E2
5.702982170E0,3.028750000E2
5.705607170E0,3.028750000E2
5.708231170E0,3.028750000E2
5.710856170E0,3.028750000E2
5.713480170E0,3.028750000E2
5.716105170E0,3.028750000E2
5.718729170E0,3.028750000E2
5.721354170E0,3.028750000E2
5.723978170E0,3.028750000E2
5.726603170E0,3.028750000E2
5.729227170E0,3.028750000E2
5.731852170E0,3.028750000E2
5.734476170E0,3.028750000E2
5.737101170E0,3.028750000E2
5.739725170E0,3.028750000E2
5.742350170E0,3.028750000E2
5.744974170E0,3.028750000E2
5.747599170E0,3.028750000E2
5.750223170E0,3.028750000E2
5.752848170E0,3.028750000E2
5.755472170E0,3.028750000E2
5.758097170E0,3.028750000E2
5.760721170E0,3.028750000E2
5.763346170E0,3.028750000E2
5.765971170E0,3.028750000E2
5.768595170E0,3.028750000E2
5.771220170E0,3.028750000E2
5.773844170E0,3.028750000E2
5.776469170E0,3.028750000E2
5.779093170E0,3.028750000E2
5.781718170E0,3.028750000E2
5.784342170E0,3.028750000E2
5.786967170E0,3.028750000E2
5.789591170E0,3.028750000E2
5.792216170E0,3.028750000E2
5.794840170E0,3.028750000E2
5.797465170E0,3.028750000E2
5.800089170E0,3.028750000E2
5.802714170E0,3.028750000E2
5.805338170E0,3.028750000E2
5.807963170E0,3.028750000E2
5.810587170E0,3.028750000E2
5.813212170E0,3.028750000E2
5.815836170E0,3.028750000E2
5.818461170E0,3.028750000E2
5.821085170E0,3.028750000E2
5.823710170E0,3.028750000E2
5.826334170E0,3.028750000E2
5.828959170E0,3.028750000E2
5.831583170E0,3.028750000E2
5.834208170E0,3.028750000E2
5.836832170E0,3.028750000E2
5.839457170E0,3.028750000E2
5.842081170E0,3.028750000E2
5.844706170E0,3.028750000E2
5.847330170E0,3.028750000E2
5.849955170E0,3.028750000E2
5.852579170E0,3.028750000E2
5.855204170E0,3.028750000E2
5.857828170E0,3.028750000E2
5.860453170E0,3.028750000E2
5.863077170E0,3.028750000E2
5.865702170E0,3.028750000E2
5.868326170E0,3.028750000E2
5.870951170E0,3.028750000E2
5.873575170E0,3.028750000E2
5.876200170E0,3.028750000E2
5.878825170E0,3.028750000E2
5.881449170E0,3.028750000E2
5.884074170E0,3.028750000E2
5.886698170E0,3.028750000E2
5.889323170E0,3.028750000E2
5.891947170E0,3.028750000E2
5.894572170E0,3.028750000E2
5.897196170E0,3.028750000E2
5.899821170E0,3.028750000E2
5.902445170E0,3.028750000E2
5.905070170E0,3.028750000E2
5.907694170E0,3.028750000E2
5.910319170E0,3.028750000E2
5.912943170E0,3.028750000E2
5.915568170E0,3.028750000E2
5.918192170E0,3.028750000E2
5.920817170E0,3.028750000E2
5.923441170E0,3.028750000E2
5.926066170E0,3.028750000E2
5.928690170E0,3.028750000E2
5.931315170E0,3.028750000E2
5.933939170E0,3.028750000E2
5.936564170E0,3.028750000E2
5.939188170E0,3.028750000E2
5.941813170E0,3.028750000E2
5.944437170E0,3.028750000E2
5.947062170E0,3.028750000E2
5.949686170E0,3.028750000E2
5.952311170E0,3.028750000E2
5.954935170E0,3.028750000E2
5.957560170E0,3.028750000E2
5.960184170E0,3.028750000E2
5.962809170E0,3.028750000E2
5.965433170E0,3.028750000E2
5.968058170E0,3.028750000E2
5.970682170E0,3.028750000E2
5.973307170E0,3.028750000E2
5.975931170E0,3.028750000E2
5.978556170E0,3.028750000E2
5.981180170E0,3.028750000E2
5.983805170E0,3.028750000E2
5.986429170E0,3.028750000E2
5.989054170E0,3.028750000E2
5.991679170E0,3.028750000E2
5.994303170E0,3.028750000E2
5.996928170E0,3.028750000E2
5.999552170E0,3.028750000E2
6.002177170E0,3.028750000E2
6.004801170E0,3.028750000E2
6.007426170E0,3.028750000E2
6.010050170E0,3.028750000E2
6.012675170E0,3.028750000E2
6.015299170E0,3.028750000E2
6.017924170E0,3.028750000E2
6.020548170E0,3.028750000E2
6.023173170E0,3.028750000E2
6.025797170E0,3.028750000E2
6.028422170E0,3.028750000E2
6.031046170E0,3.028750000E2
6.033671170E0,3.028750000E2
6.036295170E0,3.028750000E2
6.038920170E0,3.028750000E2
6.041544170E0,3.028750000E2
6.044169170E0,3.028750000E2
6.046793170E0,3.028750000E2
6.049418170E0,3.028750000E2
6.052042170E0,3.028750000E2
6.054667170E0,3.028750000E2
6.057291170E0,3.028750000E2
6.059916170E0,3.028750000E2
6.062540170E0,3.028750000E2
6.065165170E0,3.028750000E2
6.067789170E0,3.028750000E2
6.070414170E0,3.028750000E2
6.073038170E0,3.028750000E2
6.075663170E0,3.028750000E2
6.078287170E0,3.028750000E2
6.080912170E0,3.028750000E2
6.083536170E0,3.028750000E2
6.086161170E0,3.028750000E2
6.088785170E0,3.028750000E2
6.091410170E0,3.028750000E2
6.094034170E0,3.028750000E2
6.096659170E0,3.028750000E2
6.099283170E0,3.028750000E2
6.101908170E0,3.028750000E2
6.104533170E0,3.028750000E2
6.107157170E0,3.028750000E2
6.109782170E0,3.028750000E2
6.112406170E0,3.028750000E2
6.115031170E0,3.028750000E2
6.117655170E0,3.028750000E2
6.120280170E0,3.028750000E2
6.122904170E0,3.028750000E2
6.125529170E0,3.028750000E2
6.128153170E0,3.028750000E2
6.130778170E0,3.028750000E2
6.133402170E0,3.028750000E2
6.136027170E0,3.028750000E2
6.138651170E0,3.028750000E2
6.141276170E0,3.028750000E2
6.143900170E0,3.028750000E2
6.146525170E0,3.028750000E2
6.149149170E0,3.028750000E2
6.151774170E0,3.028750000E2
6.154398170E0,3.028750000E2
6.157023170E0,3.028750000E2
6.159647170E0,3.028750000E2
6.162272170E0,3.028750000E2
6.164896170E0,3.028750000E2
6.167521170E0,3.028750000E2
6.170145170E0,3.028750000E2
6.172770170E0,3.028750000E2
6.175394170E0,3.028750000E2
6.178019170E0,3.028750000E2
6.180643170E0,3.028750000E2
6.183268170E0,3.028750000E2
6.185892170E0,3.028750000E2
6.188517170E0,3.028750000E2
6.191141170E0,3.028750000E2
6.193766170E0,3.028750000E2
6.196390170E0,3.028750000E2
6.199015170E0,3.028750000E2
6.201639170E0,3.028750000E2
6.204264170E0,3.028750000E2
6.206888170E0,3.028750000E2
6.209513170E0,3.028750000E2
6.212137170E0,3.028750000E2
6.214762170E0,3.028750000E2
6.217387170E0,3.028750000E2
6.220011170E0,3.028750000E2
6.222636170E0,3.028750000E2
6.225260170E0,3.028750000E2
6.227885170E0,3.028750000E2
6.230509170E0,3.028750000E2
6.233134170E0,3.028750000E2
6.235758170E0,3.028750000E2
6.238383170E0,3.028750000E2
6.241007170E0,3.028750000E2
6.243632170E0,3.028750000E2
6.246256170E0,3.028750000E2
6.248881170E0,3.028750000E2
6.251505170E0,3.028750000E2
6.254130170E0,3.028750000E2
6.256754170E0,3.028750000E2
6.259379170E0,3.028750000E2
6.262003170E0,3.028750000E2
6.264628170E0,3.028750000E2
6.267252170E0,3.028750000E2
6.269877170E0,3.028750000E2
6.272501170E0,3.028750000E2
6.275126170E0,3.028750000E2
6.277750170E0,3.028750000E2
6.280375170E0,3.028750000E2
6.282999170E0,3.028750000E2
6.285624170E0,3.028750000E2
6.288248170E0,3.028750000E2
6.290873170E0,3.028750000E2
6.293497170E0,3.028750000E2
6.296122170E0,3.028750000E2
6.298746170E0,3.028750000E2
6.301371170E0,3.028750000E2
6.303995170E0,3.028750000E2
6.306620170E0,3.028750000E2
6.309244170E0,3.028750000E2
6.311869170E0,3.028750000E2
6.314493170E0,3.028750000E2
6.317118170E0,3.028750000E2
6.319742170E0,3.028750000E2
6.322367170E0,3.028750000E2
6.324992170E0,3.028750000E2
6.327616170E0,3.028750000E2
6.330241170E0,3.028750000E2
6.332865170E0,3.028750000E2
6.335490170E0,3.028750000E2
6.338114170E0,3.028750000E2
6.340739170E0,3.028750000E2
6.343363170E0,3.028750000E2
6.345988170E0,3.028750000E2
6.348612170E0,3.028750000E2
6.351237170E0,3.028750000E2
6.353861170E0,3.028750000E2
6.356486170E0,3.028750000E2
6.359110170E0,3.028750000E2
6.361735170E0,3.028750000E2
6.364359170E0,3.028750000E2
6.366984170E0,3.028750000E2
6.369608170E0,3.028750000E2
6.372233170E0,3.028750000E2
6.374857170E0,3.028750000E2
6.377482170E0,3.028750000E2
6.380106170E0,3.028750000E2
6.382731170E0,3.028750000E2
6.385355170E0,3.028750000E2
6.387980170E0,3.028750000E2
6.390604170E0,3.028750000E2
6.393229170E0,3.028750000E2
6.395853170E0,3.028750000E2
6.398478170E0,3.028750000E2
6.401102170E0,3.028750000E2
6.403727170E0,3.028750000E2
6.406351170E0,3.028750000E2
6.408976170E0,3.028750000E2
6.411600170E0,3.028750000E2
6.414225170E0,3.028750000E2
6.416849170E0,3.028750000E2
6.419474170E0,3.028750000E2
6.422098170E0,3.028750000E2
6.424723170E0,3.028750000E2
6.427347170E0,3.028750000E2
6.429972170E0,3.028750000E2
6.432596170E0,3.028750000E2
6.435221170E0,3.028750000E2
6.437846170E0,3.028750000E2
6.440470170E0,3.028750000E2
6.443095170E0,3.028750000E2
6.445719170E0,3.028750000E2
6.448344170E0,3.028750000E2
6.450968170E0,3.028750000E2
6.453593170E0,3.028750000E2
6.456217170E0,3.028750000E2
6.458842170E0,3.028750000E2
6.461466170E0,3.028750000E2
6.464091170E0,3.028750000E2
6.466715170E0,3.028750000E2
6.469340170E0,3.028750000E2
6.471964170E0,3.028750000E2
6.474589170E0,3.028750000E2
6.477213170E0,3.028750000E2
6.479838170E0,3.028750000E2
6.482462170E0,3.028750000E2
6.485087170E0,3.028750000E2
6.487711170E0,3.028750000E2
6.490336170E0,3.028750000E2
6.492960170E0,3.028750000E2
6.495585170E0,3.028750000E2
6.498209170E0,3.028750000E2
6.500834170E0,3.028750000E2
6.503458170E0,3.028750000E2
6.506083170E0,3.028750000E2
6.508707170E0,3.028750000E2
6.511332170E0,3.028750000E2
6.513956170E0,3.028750000E2
6.516581170E0,3.028750000E2
6.519205170E0,3.028750000E2
6.521830170E0,3.028750000E2
6.524454170E0,3.028750000E2
6.527079170E0,3.028750000E2
6.529703170E0,3.028750000E2
6.532328170E0,3.028750000E2
6.534952170E0,3.028750000E2
6.537577170E0,3.028750000E2
6.540201170E0,3.028750000E2
6.542826170E0,3.028750000E2
6.545450170E0,3.028750000E2
6.548075170E0,3.028750000E2
6.550700170E0,3.028750000E2
6.553324170E0,3.028750000E2
6.555949170E0,3.028750000E2
6.558573170E0,3.028750000E2
6.561198170E0,3.028750000E2
6.563822170E0,3.028750000E2
6.566447170E0,3.028750000E2
6.569071170E0,3.028750000E2
6.571696170E0,3.028750000E2
6.574320170E0,3.028750000E2
6.576945170E0,3.028750000E2
6.579569170E0,3.028750000E2
6.582194170E0,3.028750000E2
6.584818170E0,3.028750000E2
6.587443170E0,3.028750000E2
6.590067170E0,3.028750000E2
6.592692170E0,3.028750000E2
6.595316170E0,3.028750000E2
6.597941170E0,3.028750000E2
6.600565170E0,3.028750000E2
6.603190170E0,3.028750000E2
6.605814170E0,3.028750000E2
6.608439170E0,3.028750000E2
6.611063170E0,3.028750000E2
6.613688170E0,3.028750000E2
6.616312170E0,3.028750000E2
6.618937170E0,3.028750000E2
6.621561170E0,3.028750000E2
6.624186170E0,3.028750000E2
6.626810170E0,3.028750000E2
6.629435170E0,3.028750000E2
6.632059170E0,3.028750000E2
6.634684170E0,3.028750000E2
6.637308170E0,3.028750000E2
6.639933170E0,3.028750000E2
6.642557170E0,3.028750000E2
6.645182170E0,3.028750000E2
6.647806170E0,3.028750000E2
6.650431170E0,3.028750000E2
6.653055170E0,3.028750000E2
6.655680170E0,3.028750000E2
6.658304170E0,3.028750000E2
6.660929170E0,3.028750000E2
6.663554170E0,3.028750000E2
6.666178170E0,3.028750000E2
6.668803170E0,3.028750000E2
6.671427170E0,3.028750000E2
6.674052170E0,3.028750000E2
6.676676170E0,3.028750000E2
6.679301170E0,3.028750000E2
6.681925170E0,3.028750000E2
6.684550170E0,3.028750000E2
6.687174170E0,3.028750000E2
6.689799170E0,3.028750000E2
6.692423170E0,3.028750000E2
6.695048170E0,3.028750000E2
6.697672170E0,3.028750000E2
6.700297170E0,3.028750000E2
6.702921170E0,3.028750000E2
6.705546170E0,3.028750000E2
6.708170170E0,3.028750000E2
6.710795170E0,3.028750000E2
6.713419170E0,3.028750000E2
6.716044170E0,3.028750000E2
6.718668170E0,3.028750000E2
6.721293170E0,3.028750000E2
6.723917170E0,3.028750000E2
6.726542170E0,3.028750000E2
6.729166170E0,3.028750000E2
6.731791170E0,3.028750000E2
6.734415170E0,3.028750000E2
6.737040170E0,3.028750000E2
6.739664170E0,3.028750000E2
6.742289170E0,3.028750000E2
6.744913170E0,3.028750000E2
6.747538170E0,3.028750000E2
6.750162170E0,3.028750000E2
6.752787170E0,3.028750000E2
6.755411170E0,3.028750000E2
6.758036170E0,3.028750000E2
6.760660170E0,3.028750000E2
6.763285170E0,3.028750000E2
6.765909170E0,3.028750000E2
6.768534170E0,3.028750000E2
6.771158170E0,3.028750000E2
6.773783170E0,3.028750000E2
6.776408170E0,3.028750000E2
6.779032170E0,3.028750000E2
6.781657170E0,3.028750000E2
6.784281170E0,3.028750000E2
6.786906170E0,3.028750000E2
6.789530170E0,3.028750000E2
6.792155170E0,3.028750000E2
6.794779170E0,3.028750000E2
6.797404170E0,3.028750000E2
6.800028170E0,3.028750000E2
6.802653170E0,3.028750000E2
6.805277170E0,3.028750000E2
6.807902170E0,3.028750000E2
6.810526170E0,3.028750000E2
6.813151170E0,3.028750000E2
6.815775170E0,3.028750000E2
6.818400170E0,3.028750000E2
6.821024170E0,3.028750000E2
6.823649170E0,3.028750000E2
6.826273170E0,3.028750000E2
6.828898170E0,3.028750000E2
6.831522170E0,3.028750000E2
6.834147170E0,3.028750000E2
6.836771170E0,3.028750000E2
6.839396170E0,3.028750000E2
6.842020170E0,3.028750000E2
6.844645170E0,3.028750000E2
6.847269170E0,3.028750000E2
6.849894170E0,3.028750000E2
6.852518170E0,3.028750000E2
6.855143170E0,3.028750000E2
6.857767170E0,3.028750000E2
6.860392170E0,3.028750000E2
6.863016170E0,3.028750000E2
6.865641170E0,3.028750000E2
6.868265170E0,3.028750000E2
6.870890170E0,3.028750000E2
6.873514170E0,3.028750000E2
6.876139170E0,3.028750000E2
6.878763170E0,3.028750000E2
6.881388170E0,3.028750000E2
6.884012170E0,3.028750000E2
6.886637170E0,3.028750000E2
6.889262170E0,3.028750000E2
6.891886170E0,3.028750000E2
6.894511170E0,3.028750000E2
6.897135170E0,3.028750000E2
6.899760170E0,3.028750000E2
6.902384170E0,3.028750000E2
6.905009170E0,3.028750000E2
6.907633170E0,3.028750000E2
6.910258170E0,3.028750000E2
6.912882170E0,3.028750000E2
6.915507170E0,3.028750000E2
6.918131170E0,3.028750000E2
6.920756170E0,3.028750000E2
6.923380170E0,3.028750000E2
6.926005170E0,3.028750000E2
6.928629170E0,3.028750000E2
6.931254170E0,3.028750000E2
6.933878170E0,3.028750000E2
6.936503170E0,3.028750000E2
6.939127170E0,3.028750000E2
6.941752170E0,3.028750000E2
6.944376170E0,3.028750000E2
6.947001170E0,3.028750000E2
6.949625170E0,3.028750000E2
6.952250170E0,3.028750000E2
6.954874170E0,3.028750000E2
6.957499170E0,3.028750000E2
6.960123170E0,3.028750000E2
6.962748170E0,3.028750000E2
6.965372170E0,3.028750000E2
6.967997170E0,3.028750000E2
6.970621170E0,3.028750000E2
6.973246170E0,3.028750000E2
6.975870170E0,3.028750000E2
6.978495170E0,3.028750000E2
6.981119170E0,3.028750000E2
6.983744170E0,3.028750000E2
6.986368170E0,3.028750000E2
6.988993170E0,3.028750000E2
6.991617170E0,3.028750000E2
6.994242170E0,3.028750000E2
6.996867170E0,3.028750000E2
6.999491170E0,3.028750000E2
7.002116170E0,3.028750000E2
7.004740170E0,3.028750000E2
7.007365170E0,3.028750000E2
7.009989170E0,3.028750000E2
7.012614170E0,3.028750000E2
7.015238170E0,3.028750000E2
7.017863170E0,3.028750000E2
7.020487170E0,3.028750000E2
7.023112170E0,3.028750000E2
7.025736170E0,3.028750000E2
7.028361170E0,3.028750000E2
7.030985170E0,3.028750000E2
7.033610170E0,3.028750000E2
7.036234170E0,3.028750000E2
7.038859170E0,3.028750000E2
7.041483170E0,3.028750000E2
7.044108170E0,3.028750000E2
7.046732170E0,3.028750000E2
7.049357170E0,3.028750000E2
7.051981170E0,3.028750000E2
7.054606170E0,3.028750000E2
7.057230170E0,3.028750000E2
7.059855170E0,3.028750000E2
7.062479170E0,3.028750000E2
7.065104170E0,3.028750000E2
7.067728170E0,3.028750000E2
7.070353170E0,3.028750000E2
7.072977170E0,3.028750000E2
7.075602170E0,3.028750000E2
7.078226170E0,3.028750000E2
7.080851170E0,3.028750000E2
7.083475170E0,3.028750000E2
7.086100170E0,3.028750000E2
7.088724170E0,3.028750000E2
7.091349170E0,3.028750000E2
7.093973170E0,3.028750000E2
7.096598170E0,3.028750000E2
7.099222170E0,3.028750000E2
7.101847170E0,3.028750000E2
7.104471170E0,3.028750000E2
7.107096170E0,3.028750000E2
7.109721170E0,3.028750000E2
7.112345170E0,3.028750000E2
7.114970170E0,3.028750000E2
7.117594170E0,3.028750000E2
7.120219170E0,3.028750000E2
7.122843170E0,3.028750000E2
7.125468170E0,3.028750000E2
7.128092170E0,3.028750000E2
7.130717170E0,3.028750000E2
7.133341170E0,3.028750000E2
7.135966170E0,3.028750000E2
7.138590170E0,3.028750000E2
7.141215170E0,3.028750000E2
7.143839170E0,3.028750000E2
7.146464170E0,3.028750000E2
7.149088170E0,3.028750000E2
7.151713170E0,3.028750000E2
7.154337170E0,3.028750000E2
7.156962170E0,3.028750000E2
7.159586170E0,3.028750000E2
7.162211170E0,3.028750000E2
7.164835170E0,3.028750000E2
7.167460170E0,3.028750000E2
7.170084170E0,3.028750000E2
7.172709170E0,3.028750000E2
7.175333170E0,3.028750000E2
7.177958170E0,3.028750000E2
7.180582170E0,3.028750000E2
7.183207170E0,3.028750000E2
7.185831170E0,3.028750000E2
7.188456170E0,3.028750000E2
7.191080170E0,3.028750000E2
7.193705170E0,3.028750000E2
7.196329170E0,3.028750000E2
7.198954170E0,3.028750000E2
7.201578170E0,3.028750000E2
7.204203170E0,3.028750000E2
7.206827170E0,3.028750000E2
7.209452170E0,3.028750000E2
7.212076170E0,3.028750000E2
7.214701170E0,3.028750000E2
7.217325170E0,3.028750000E2
7.219950170E0,3.028750000E2
7.222575170E0,3.028750000E2
7.225199170E0,3.028750000E2
7.227824170E0,3.028750000E2
7.230448170E0,3.028750000E2
7.233073170E0,3.028750000E2
7.235697170E0,3.028750000E2
7.238322170E0,3.028750000E2
7.240946170E0,3.028750000E2
7.243571170E0,3.028750000E2
7.246195170E0,3.028750000E2
7.248820170E0,3.028750000E2
7.251444170E0,3.028750000E2
7.254069170E0,3.028750000E2
7.256693170E0,3.028750000E2
7.259318170E0,3.028750000E2
7.261942170E0,3.028750000E2
7.264567170E0,3.028750000E2
7.267191170E0,3.028750000E2
7.269816170E0,3.028750000E2
7.272440170E0,3.028750000E2
7.275065170E0,3.028750000E2
7.277689170E0,3.028750000E2
7.280314170E0,3.028750000E2
7.282938170E0,3.028750000E2
7.285563170E0,3.028750000E2
7.288187170E0,3.028750000E2
7.290812170E0,3.028750000E2
7.293436170E0,3.028750000E2
7.296061170E0,3.028750000E2
7.298685170E0,3.028750000E2
7.301310170E0,3.028750000E2
7.303934170E0,3.028750000E2
7.306559170E0,3.028750000E2
7.309183170E0,3.028750000E2
7.311808170E0,3.028750000E2
7.314432170E0,3.028750000E2
7.317057170E0,3.028750000E2
7.319681170E0,3.028750000E2
7.322306170E0,3.028750000E2
7.324930170E0,3.028750000E2
7.327555170E0,3.028750000E2
7.330179170E0,3.028750000E2
7.332804170E0,3.028750000E2
7.335429170E0,3.028750000E2
7.338053170E0,3.028750000E2
7.340678170E0,3.028750000E2
7.343302170E0,3.028750000E2
7.345927170E0,3.028750000E2
7.348551170E0,3.028750000E2
7.351176170E0,3.028750000E2
7.353800170E0,3.028750000E2
7.356425170E0,3.028750000E2
7.359049170E0,3.028750000E2
7.361674170E0,3.028750000E2
7.364298170E0,3.028750000E2
7.366923170E0,3.028750000E2
7.369547170E0,3.028750000E2
7.372172170E0,3.028750000E2
7.374796170E0,3.028750000E2
7.377421170E0,3.028750000E2
7.380045170E0,3.028750000E2
7.382670170E0,3.028750000E2
7.385294170E0,3.028750000E2
7.387919170E0,3.028750000E2
7.390543170E0,3.028750000E2
7.393168170E0,3.028750000E2
7.395792170E0,3.028750000E2
7.398417170E0,3.028750000E2
7.401041170E0,3.028750000E2
7.403666170E0,3.028750000E2
7.406290170E0,3.028750000E2
7.408915170E0,3.028750000E2
7.411539170E0,3.028750000E2
7.414164170E0,3.028750000E2
7.416788170E0,3.028750000E2
7.419413170E0,3.028750000E2
7.422037170E0,3.028750000E2
7.424662170E0,3.028750000E2
7.427286170E0,3.028750000E2
7.429911170E0,3.028750000E2
7.432535170E0,3.028750000E2
7.435160170E0,3.028750000E2
7.437784170E0,3.028750000E2
7.440409170E0,3.028750000E2
7.443033170E0,3.028750000E2
7.445658170E0,3.028750000E2
7.448283170E0,3.028750000E2
7.450907170E0,3.028750000E2
7.453532170E0,3.028750000E2
7.456156170E0,3.028750000E2
7.458781170E0,3.028750000E2
7.461405170E0,3.028750000E2
7.464030170E0,3.028750000E2
7.466654170E0,3.028750000E2
7.469279170E0,3.028750000E2
7.471903170E0,3.028750000E2
7.474528170E0,3.028750000E2
7.477152170E0,3.028750000E2
7.479777170E0,3.028750000E2
7.482401170E0,3.028750000E2
7.485026170E0,3.028750000E2
7.487650170E0,3.028750000E2
7.490275170E0,3.028750000E2
7.492899170E0,3.028750000E2
7.495524170E0,3.028750000E2
7.498148170E0,3.028750000E2
7.500773170E0,3.028750000E2
7.503397170E0,3.028750000E2
7.506022170E0,3.028750000E2
7.508646170E0,3.028750000E2
7.511271170E0,3.028750000E2
7.513895170E0,3.028750000E2
7.516520170E0,3.028750000E2
7.519144170E0,3.028750000E2
7.521769170E0,3.028750000E2
7.524393170E0,3.028750000E2
7.527018170E0,3.028750000E2
7.529642170E0,3.028750000E2
7.532267170E0,3.028750000E2
7.534891170E0,3.028750000E2
7.537516170E0,3.028750000E2
7.540140170E0,3.028750000E2
7.542765170E0,3.028750000E2
7.545389170E0,3.028750000E2
7.548014170E0,3.028750000E2
7.550638170E0,3.028750000E2
7.553263170E0,3.028750000E2
7.555887170E0,3.028750000E2
7.558512170E0,3.028750000E2
7.561137170E0,3.028750000E2
7.563761170E0,3.028750000E2
7.566386170E0,3.028750000E2
7.569010170E0,3.028750000E2
7.571635170E0,3.028750000E2
7.574259170E0,3.028750000E2
7.576884170E0,3.028750000E2
7.579508170E0,3.028750000E2
7.582133170E0,3.028750000E2
7.584757170E0,3.028750000E2
7.587382170E0,3.028750000E2
7.590006170E0,3.028750000E2
7.592631170E0,3.028750000E2
7.595255170E0,3.028750000E2
7.597880170E0,3.028750000E2
7.600504170E0,3.028750000E2
7.603129170E0,3.028750000E2
7.605753170E0,3.028750000E2
7.608378170E0,3.028750000E2
7.611002170E0,3.028750000E2
7.613627170E0,3.028750000E2
7.616251170E0,3.028750000E2
7.618876170E0,3.028750000E2
7.621500170E0,3.028750000E2
7.624125170E0,3.028750000E2
7.626749170E0,3.028750000E2
7.629374170E0,3.028750000E2
7.631998170E0,3.028750000E2
7.634623170E0,3.028750000E2
7.637247170E0,3.028750000E2
7.639872170E0,3.028750000E2
7.642496170E0,3.028750000E2
7.645121170E0,3.028750000E2
7.647745170E0,3.028750000E2
7.650370170E0,3.028750000E2
7.652994170E0,3.028750000E2
7.655619170E0,3.028750000E2
7.658243170E0,3.028750000E2
7.660868170E0,3.028750000E2
7.663492170E0,3.028750000E2
7.666117170E0,3.028750000E2
7.668742170E0,3.028750000E2
7.671366170E0,3.028750000E2
7.673991170E0,3.028750000E2
7.676615170E0,3.028750000E2
7.679240170E0,3.028750000E2
7.681864170E0,3.028750000E2
7.684489170E0,3.028750000E2
7.687113170E0,3.028750000E2
7.689738170E0,3.028750000E2
7.692362170E0,3.028750000E2
7.694987170E0,3.028750000E2
7.697611170E0,3.028750000E2
7.700236170E0,3.028750000E2
7.702860170E0,3.028750000E2
7.705485170E0,3.028750000E2
7.708109170E0,3.028750000E2
7.710734170E0,3.028750000E2
7.713358170E0,3.028750000E2
7.715983170E0,3.028750000E2
7.718607170E0,3.028750000E2
7.721232170E0,3.028750000E2
7.723856170E0,3.028750000E2
7.726481170E0,3.028750000E2
7.729105170E0,3.028750000E2
7.731730170E0,3.028750000E2
7.734354170E0,3.028750000E2
7.736979170E0,3.028750000E2
7.739603170E0,3.028750000E2
7.742228170E0,3.028750000E2
7.744852170E0,3.028750000E2
7.747477170E0,3.028750000E2
7.750101170E0,3.028750000E2
7.752726170E0,3.028750000E2
7.755350170E0,3.028750000E2
7.757975170E0,3.028750000E2
7.760599170E0,3.028750000E2
7.763224170E0,3.028750000E2
7.765848170E0,3.028750000E2
7.768473170E0,3.028750000E2
7.771097170E0,3.028750000E2
7.773722170E0,3.028750000E2
7.776346170E0,3.028750000E2
7.778971170E0,3.028750000E2
7.781596170E0,3.028750000E2
7.784220170E0,3.028750000E2
7.786845170E0,3.028750000E2
7.789469170E0,3.028750000E2
7.792094170E0,3.028750000E2
7.794718170E0,3.028750000E2
7.797343170E0,3.028750000E2
7.799967170E0,3.028750000E2
7.802592170E0,3.028750000E2
7.805216170E0,3.028750000E2
7.807841170E0,3.028750000E2
7.810465170E0,3.028750000E2
7.813090170E0,3.028750000E2
7.815714170E0,3.028750000E2
7.818339170E0,3.028750000E2
7.820963170E0,3.028750000E2
7.823588170E0,3.028750000E2
7.826212170E0,3.028750000E2
7.828837170E0,3.028750000E2
7.831461170E0,3.028750000E2
7.834086170E0,3.028750000E2
7.836710170E0,3.028750000E2
7.839335170E0,3.028750000E2
7.841959170E0,3.028750000E2
7.844584170E0,3.028750000E2
7.847208170E0,3.028750000E2
7.849833170E0,3.028750000E2
7.852457170E0,3.028750000E2
7.855082170E0,3.028750000E2
7.857706170E0,3.028750000E2
7.860331170E0,3.028750000E2
7.862955170E0,3.028750000E2
7.865580170E0,3.028750000E2
7.868204170E0,3.028750000E2
7.870829170E0,3.028750000E2
7.873453170E0,3.028750000E2
7.876078170E0,3.028750000E2
7.878702170E0,3.028750000E2
7.881327170E0,3.028750000E2
7.883951170E0,3.028750000E2
7.886576170E0,3.028750000E2
7.889200170E0,3.028750000E2
7.891825170E0,3.028750000E2
7.894450170E0,3.028750000E2
7.897074170E0,3.028750000E2
7.899699170E0,3.028750000E2
7.902323170E0,3.028750000E2
7.904948170E0,3.028750000E2
7.907572170E0,3.028750000E2
7.910197170E0,3.028750000E2
7.912821170E0,3.028750000E2
7.915446170E0,3.028750000E2
7.918070170E0,3.028750000E2
7.920695170E0,3.028750000E2
7.923319170E0,3.028750000E2
7.925944170E0,3.028750000E2
7.928568170E0,3.028750000E2
7.931193170E0,3.028750000E2
7.933817170E0,3.028750000E2
7.936442170E0,3.028750000E2
7.939066170E0,3.028750000E2
7.941691170E0,3.028750000E2
7.944315170E0,3.028750000E2
7.946940170E0,3.028750000E2
7.949564170E0,3.028750000E2
7.952189170E0,3.028750000E2
7.954797170E0,3.028750000E2
7.957422170E0,3.028750000E2
7.960046170E0,3.028750000E2
7.962671170E0,3.028750000E2
7.965295170E0,3.028750000E2
7.967920170E0,3.028750000E2
7.970544170E0,3.028750000E2
7.973169170E0,3.028750000E2
7.975794170E0,3.028750000E2
7.978418170E0,3.028750000E2
7.981043170E0,3.028750000E2
7.983667170E0,3.028750000E2
7.986292170E0,3.028750000E2
7.988916170E0,3.028750000E2
7.991541170E0,3.028750000E2
7.994165170E0,3.028750000E2
7.996790170E0,3.028750000E2
7.999414170E0,3.028750000E2
8.002039170E0,3.028750000E2
8.004663170E0,3.028750000E2
8.007288170E0,3.028750000E2
8.009912170E0,3.028750000E2
8.012537170E0,3.028750000E2
8.015161170E0,3.028750000E2
8.017786170E0,3.028750000E2
8.020410170E0,3.028750000E2
8.023035170E0,3.028750000E2
8.025659170E0,3.028750000E2
8.028284170E0,3.028750000E2
8.030908170E0,3.028750000E2
8.033533170E0,3.028750000E2
8.036157170E0,3.028750000E2
8.038782170E0,3.028750000E2
8.041406170E0,3.028750000E2
8.044031170E0,3.028750000E2
8.046655170E0,3.028750000E2
8.049280170E0,3.028750000E2
8.051904170E0,3.028750000E2
8.054529170E0,3.028750000E2
8.057153170E0,3.028750000E2
8.059778170E0,3.028750000E2
8.062402170E0,3.028750000E2
8.065027170E0,3.028750000E2
8.067651170E0,3.028750000E2
8.070276170E0,3.028750000E2
8.072900170E0,3.028750000E2
8.075525170E0,3.028750000E2
8.078149170E0,3.028750000E2
8.080774170E0,3.028750000E2
8.083398170E0,3.028750000E2
8.086023170E0,3.028750000E2
8.088648170E0,3.028750000E2
8.091272170E0,3.028750000E2
8.093897170E0,3.028750000E2
8.096521170E0,3.028750000E2
8.099146170E0,3.028750000E2
8.101770170E0,3.028750000E2
8.104395170E0,3.028750000E2
8.107019170E0,3.028750000E2
8.109644170E0,3.028750000E2
8.112268170E0,3.028750000E2
8.114893170E0,3.028750000E2
8.117517170E0,3.028750000E2
8.120142170E0,3.028750000E2
8.122766170E0,3.028750000E2
8.125391170E0,3.028750000E2
8.128015170E0,3.028750000E2
8.130640170E0,3.028750000E2
8.133264170E0,3.028750000E2
8.135889170E0,3.028750000E2
8.138513170E0,3.028750000E2
8.141138170E0,3.028750000E2
8.143762170E0,3.028750000E2
8.146387170E0,3.028750000E2
8.149011170E0,3.028750000E2
8.151636170E0,3.028750000E2
8.154260170E0,3.028750000E2
8.156885170E0,3.028750000E2
8.159509170E0,3.028750000E2
8.162134170E0,3.028750000E2
8.164758170E0,3.028750000E2
8.167383170E0,3.028750000E2
8.170007170E0,3.028750000E2
8.172632170E0,3.028750000E2
8.175256170E0,3.028750000E2
8.177881170E0,3.028750000E2
8.180505170E0,3.028750000E2
8.183130170E0,3.028750000E2
8.185754170E0,3.028750000E2
8.188379170E0,3.028750000E2
8.191003170E0,3.028750000E2
8.193628170E0,3.028750000E2
8.196252170E0,3.028750000E2
8.198877170E0,3.028750000E2
8.201502170E0,3.028750000E2
8.204126170E0,3.028750000E2
8.206751170E0,3.028750000E2
8.209375170E0,3.028750000E2
8.212000170E0,3.028750000E2
8.214624170E0,3.028750000E2
8.217249170E0,3.028750000E2
8.219873170E0,3.028750000E2
8.222498170E0,3.028750000E2
8.225122170E0,3.028750000E2
8.227747170E0,3.028750000E2
8.230371170E0,3.028750000E2
8.232996170E0,3.028750000E2
8.235620170E0,3.028750000E2
8.238245170E0,3.028750000E2
8.240869170E0,3.028750000E2
8.243494170E0,3.028750000E2
8.246118170E0,3.028750000E2
8.248743170E0,3.028750000E2
8.251367170E0,3.028750000E2
8.253992170E0,3.028750000E2
8.256616170E0,3.028750000E2
8.259241170E0,3.028750000E2
8.261865170E0,3.028750000E2
8.264490170E0,3.028750000E2
8.267114170E0,3.028750000E2
8.269739170E0,3.028750000E2
8.272363170E0,3.028750000E2
8.274988170E0,3.028750000E2
8.277612170E0,3.028750000E2
8.280237170E0,3.028750000E2
8.282861170E0,3.028750000E2
8.285486170E0,3.028750000E2
8.288110170E0,3.028750000E2
8.290735170E0,3.028750000E2
8.293359170E0,3.028750000E2
8.295984170E0,3.028750000E2
8.298608170E0,3.028750000E2
8.301233170E0,3.028750000E2
8.303857170E0,3.028750000E2
8.306482170E0,3.028750000E2
8.309106170E0,3.028750000E2
8.311731170E0,3.028750000E2
8.314356170E0,3.028750000E2
8.316980170E0,3.028750000E2
8.319605170E0,3.028750000E2
8.322229170E0,3.028750000E2
8.324854170E0,3.028750000E2
8.327478170E0,3.028750000E2
8.330103170E0,3.028750000E2
8.332727170E0,3.028750000E2
8.335352170E0,3.028750000E2
8.337976170E0,3.028750000E2
8.340601170E0,3.028750000E2
8.343225170E0,3.028750000E2
8.345850170E0,3.028750000E2
8.348474170E0,3.028750000E2
8.351099170E0,3.028750000E2
8.353723170E0,3.028750000E2
8.356348170E0,3.028750000E2
8.358972170E0,3.028750000E2
8.361597170E0,3.028750000E2
8.364221170E0,3.028750000E2
8.366846170E0,3.028750000E2
8.369470170E0,3.028750000E2
8.372095170E0,3.028750000E2
8.374719170E0,3.028750000E2
8.377344170E0,3.028750000E2
8.379968170E0,3.028750000E2
8.382593170E0,3.028750000E2
8.385217170E0,3.028750000E2
8.387842170E0,3.028750000E2
8.390466170E0,3.028750000E2
8.393091170E0,3.028750000E2
8.395715170E0,3.028750000E2
8.398340170E0,3.028750000E2
8.400964170E0,3.028750000E2
8.403589170E0,3.028750000E2
8.406213170E0,3.028750000E2
8.408838170E0,3.028750000E2
8.411462170E0,3.028750000E2
8.414087170E0,3.028750000E2
8.416711170E0,3.028750000E2
8.419336170E0,3.028750000E2
8.421960170E0,3.028750000E2
8.424585170E0,3.028750000E2
8.427210170E0,3.028750000E2
8.429834170E0,3.028750000E2
8.432459170E0,3.028750000E2
8.435083170E0,3.028750000E2
8.437708170E0,3.028750000E2
8.440332170E0,3.028750000E2
8.442957170E0,3.028750000E2
8.445581170E0,3.028750000E2
8.448206170E0,3.028750000E2
8.450830170E0,3.028750000E2
8.453455170E0,3.028750000E2
8.456079170E0,3.028750000E2
8.458704170E0,3.028750000E2
8.461328170E0,3.028750000E2
8.463953170E0,3.028750000E2
8.466577170E0,3.028750000E2
8.469202170E0,3.028750000E2
8.471826170E0,3.028750000E2
8.474451170E0,3.028750000E2
8.477075170E0,3.028750000E2
8.479700170E0,3.028750000E2
8.482324170E0,3.028750000E2
8.484949170E0,3.028750000E2
8.487573170E0,3.028750000E2
8.490198170E0,3.028750000E2
8.492822170E0,3.028750000E2
8.495447170E0,3.028750000E2
8.498071170E0,3.028750000E2
8.500696170E0,3.028750000E2
8.503320170E0,3.028750000E2
8.505945170E0,3.028750000E2
8.508569170E0,3.028750000E2
8.511194170E0,3.028750000E2
8.513818170E0,3.028750000E2
8.516443170E0,3.028750000E2
8.519067170E0,3.028750000E2
8.521692170E0,3.028750000E2
8.524316170E0,3.028750000E2
8.526941170E0,3.028750000E2
8.529565170E0,3.028750000E2
8.532190170E0,3.028750000E2
8.534814170E0,3.028750000E2
8.537439170E0,3.028750000E2
8.540064170E0,3.028750000E2
8.542688170E0,3.028750000E2
8.545313170E0,3.028750000E2
8.547937170E0,3.028750000E2
8.550562170E0,3.028750000E2
8.553186170E0,3.028750000E2
8.555811170E0,3.028750000E2
8.558435170E0,3.028750000E2
8.561060170E0,3.028750000E2
8.563684170E0,3.028750000E2
8.566309170E0,3.028750000E2
8.568933170E0,3.028750000E2
8.571558170E0,3.028750000E2
8.574182170E0,3.028750000E2
8.576807170E0,3.028750000E2
8.579431170E0,3.028750000E2
8.582056170E0,3.028750000E2
8.584680170E0,3.028750000E2
8.587305170E0,3.028750000E2
8.589929170E0,3.028750000E2
8.592554170E0,3.028750000E2
8.595178170E0,3.028750000E2
8.597803170E0,3.028750000E2
8.600427170E0,3.028750000E2
8.603052170E0,3.028750000E2
8.605676170E0,3.028750000E2
8.608301170E0,3.028750000E2
8.610925170E0,3.028750000E2
8.613550170E0,3.028750000E2
8.616174170E0,3.028750000E2
8.618799170E0,3.028750000E2
8.621423170E0,3.028750000E2
8.624048170E0,3.028750000E2
8.626672170E0,3.028750000E2
8.629297170E0,3.028750000E2
8.631921170E0,3.028750000E2
8.634546170E0,3.028750000E2
8.637170170E0,3.028750000E2
8.639795170E0,3.028750000E2
8.642419170E0,3.028750000E2
8.645044170E0,3.028750000E2
8.647669170E0,3.028750000E2
8.650293170E0,3.028750000E2
8.652918170E0,3.028750000E2
8.655542170E0,3.028750000E2
8.658167170E0,3.028750000E2
8.660791170E0,3.028750000E2
8.663416170E0,3.028750000E2
8.666040170E0,3.028750000E2
8.668665170E0,3.028750000E2
8.671289170E0,3.028750000E2
8.673914170E0,3.028750000E2
8.676538170E0,3.028750000E2
8.679163170E0,3.028750000E2
8.681787170E0,3.028750000E2
8.684412170E0,3.028750000E2
8.687036170E0,3.028750000E2
8.689661170E0,3.028750000E2
8.692285170E0,3.028750000E2
8.694910170E0,3.028750000E2
8.697534170E0,3.028750000E2
8.700159170E0,3.028750000E2
8.702783170E0,3.028750000E2
8.705408170E0,3.028750000E2
8.708032170E0,3.028750000E2
8.710657170E0,3.028750000E2
8.713281170E0,3.028750000E2
8.715906170E0,3.028750000E2
8.718530170E0,3.028750000E2
8.721155170E0,3.028750000E2
8.723779170E0,3.028750000E2
8.726404170E0,3.028750000E2
8.729028170E0,3.028750000E2
8.731653170E0,3.028750000E2
8.734277170E0,3.028750000E2
8.736902170E0,3.028750000E2
8.739526170E0,3.028750000E2
8.742151170E0,3.028750000E2
8.744775170E0,3.028750000E2
8.747400170E0,3.028750000E2
8.750024170E0,3.028750000E2
8.752649170E0,3.028750000E2
8.755273170E0,3.028750000E2
8.757898170E0,3.028750000E2
8.760523170E0,3.028750000E2
8.763147170E0,3.028750000E2
8.765772170E0,3.028750000E2
8.768396170E0,3.028750000E2
8.771021170E0,3.028750000E2
8.773645170E0,3.028750000E2
8.776270170E0,3.028750000E2
8.778894170E0,3.028750000E2
8.781519170E0,3.028750000E2
8.784143170E0,3.028750000E2
8.786768170E0,3.028750000E2
8.789392170E0,3.028750000E2
8.792017170E0,3.028750000E2
8.794641170E0,3.028750000E2
8.797266170E0,3.028750000E2
8.799890170E0,3.028750000E2
8.802515170E0,3.028750000E2
8.805139170E0,3.028750000E2
8.807764170E0,3.028750000E2
8.810388170E0,3.028750000E2
8.813013170E0,3.028750000E2
8.815637170E0,3.028750000E2
8.818262170E0,3.028750000E2
8.820886170E0,3.028750000E2
8.823511170E0,3.028750000E2
8.826135170E0,3.028750000E2
8.828760170E0,3.028750000E2
8.831384170E0,3.028750000E2
8.834009170E0,3.028750000E2
8.836633170E0,3.028750000E2
8.839258170E0,3.028750000E2
8.841882170E0,3.028750000E2
8.844507170E0,3.028750000E2
8.847131170E0,3.028750000E2
8.849756170E0,3.028750000E2
8.852380170E0,3.028750000E2
8.855005170E0,3.028750000E2
8.857629170E0,3.028750000E2
8.860254170E0,3.028750000E2
8.862878170E0,3.028750000E2
8.865503170E0,3.028750000E2
8.868127170E0,3.028750000E2
8.870752170E0,3.028750000E2
8.873377170E0,3.028750000E2
8.876001170E0,3.028750000E2
8.878626170E0,3.028750000E2
8.881250170E0,3.028750000E2
8.883875170E0,3.028750000E2
8.886499170E0,3.028750000E2
8.889124170E0,3.028750000E2
8.891748170E0,3.028750000E2
8.894373170E0,3.028750000E2
8.896997170E0,3.028750000E2
8.899622170E0,3.028750000E2
8.902246170E0,3.028750000E2
8.904871170E0,3.028750000E2
8.907495170E0,3.028750000E2
8.910120170E0,3.028750000E2
8.912744170E0,3.028750000E2
8.915369170E0,3.028750000E2
8.917993170E0,3.028750000E2
8.920618170E0,3.028750000E2
8.923242170E0,3.028750000E2
8.925867170E0,3.028750000E2
8.928491170E0,3.028750000E2
8.931116170E0,3.028750000E2
8.933740170E0,3.028750000E2
8.936365170E0,3.028750000E2
8.938989170E0,3.028750000E2
8.941614170E0,3.028750000E2
8.944238170E0,3.028750000E2
8.946863170E0,3.028750000E2
8.949487170E0,3.028750000E2
8.952112170E0,3.028750000E2
8.954736170E0,3.028750000E2
8.957361170E0,3.028750000E2
8.959985170E0,3.028750000E2
8.962610170E0,3.028750000E2
8.965234170E0,3.028750000E2
8.967859170E0,3.028750000E2
8.970483170E0,3.028750000E2
8.973108170E0,3.028750000E2
8.975732170E0,3.028750000E2
8.978357170E0,3.028750000E2
8.980981170E0,3.028750000E2
8.983606170E0,3.028750000E2
8.986231170E0,3.028750000E2
8.988855170E0,3.028750000E2
8.991480170E0,3.028750000E2
8.994104170E0,3.028750000E2
8.996729170E0,3.028750000E2
8.999353170E0,3.028750000E2
9.001978170E0,3.028750000E2
9.004602170E0,3.028750000E2
9.007227170E0,3.028750000E2
9.009851170E0,3.028750000E2
9.012476170E0,3.028750000E2
9.015100170E0,3.028750000E2
9.017725170E0,3.028750000E2
9.020349170E0,3.028750000E2
9.022974170E0,3.028750000E2
9.025598170E0,3.028750000E2
9.028223170E0,3.028750000E2
9.030847170E0,3.028750000E2
9.033472170E0,3.028750000E2
9.036096170E0,3.028750000E2
9.038721170E0,3.028750000E2
9.041345170E0,3.028750000E2
9.043970170E0,3.028750000E2
9.046594170E0,3.028750000E2
9.049219170E0,3.028750000E2
9.051843170E0,3.028750000E2
9.054468170E0,3.028750000E2
9.057092170E0,3.028750000E2
9.059717170E0,3.028750000E2
9.062341170E0,3.028750000E2
9.064966170E0,3.028750000E2
9.067590170E0,3.028750000E2
9.070215170E0,3.028750000E2
9.072839170E0,3.028750000E2
9.075464170E0,3.028750000E2
9.078088170E0,3.028750000E2
9.080713170E0,3.028750000E2
9.083337170E0,3.028750000E2
9.085962170E0,3.028750000E2
9.088586170E0,3.028750000E2
9.091211170E0,3.028750000E2
9.093835170E0,3.028750000E2
9.096460170E0,3.028750000E2
9.099085170E0,3.028750000E2
9.101709170E0,3.028750000E2
9.104334170E0,3.028750000E2
9.106958170E0,3.028750000E2
9.109583170E0,3.028750000E2
9.112207170E0,3.028750000E2
9.114832170E0,3.028750000E2
9.117456170E0,3.028750000E2
9.120081170E0,3.028750000E2
9.122705170E0,3.028750000E2
9.125330170E0,3.028750000E2
9.127954170E0,3.028750000E2
9.130579170E0,3.028750000E2
9.133203170E0,3.028750000E2
9.135828170E0,3.028750000E2
9.138452170E0,3.028750000E2
9.141077170E0,3.028750000E2
9.143701170E0,3.028750000E2
9.146326170E0,3.028750000E2
9.148950170E0,3.028750000E2
9.151575170E0,3.028750000E2
9.154199170E0,3.028750000E2
9.156824170E0,3.028750000E2
9.159448170E0,3.028750000E2
9.162073170E0,3.028750000E2
9.164697170E0,3.028750000E2
9.167322170E0,3.028750000E2
9.169946170E0,3.028750000E2
9.172571170E0,3.028750000E2
9.175195170E0,3.028750000E2
9.177820170E0,3.028750000E2
9.180444170E0,3.028750000E2
9.183069170E0,3.028750000E2
9.185693170E0,3.028750000E2
9.188318170E0,3.028750000E2
9.190942170E0,3.028750000E2
9.193567170E0,3.028750000E2
9.196191170E0,3.028750000E2
9.198816170E0,3.028750000E2
9.201440170E0,3.028750000E2
9.204065170E0,3.028750000E2
9.206689170E0,3.028750000E2
9.209314170E0,3.028750000E2
9.211939170E0,3.028750000E2
9.214563170E0,3.028750000E2
9.217188170E0,3.028750000E2
9.219812170E0,3.028750000E2
9.222437170E0,3.028750000E2
9.225061170E0,3.028750000E2
9.227686170E0,3.028750000E2
9.230310170E0,3.028750000E2
9.232935170E0,3.028750000E2
9.235559170E0,3.028750000E2
9.238184170E0,3.028750000E2
9.240808170E0,3.028750000E2
9.243433170E0,3.028750000E2
9.246057170E0,3.028750000E2
9.248682170E0,3.028750000E2
9.251306170E0,3.028750000E2
9.253931170E0,3.028750000E2
9.256555170E0,3.028750000E2
9.259180170E0,3.028750000E2
9.261804170E0,3.028750000E2
9.264429170E0,3.028750000E2
9.267053170E0,3.028750000E2
9.269678170E0,3.028750000E2
9.272302170E0,3.028750000E2
9.274927170E0,3.028750000E2
9.277551170E0,3.028750000E2
9.280176170E0,3.028750000E2
9.282800170E0,3.028750000E2
9.285425170E0,3.028750000E2
9.288049170E0,3.028750000E2
9.290674170E0,3.028750000E2
9.293298170E0,3.028750000E2
9.295923170E0,3.028750000E2
9.298547170E0,3.028750000E2
9.301172170E0,3.028750000E2
9.303796170E0,3.028750000E2
9.306421170E0,3.028750000E2
9.309045170E0,3.028750000E2
9.311670170E0,3.028750000E2
9.314294170E0,3.028750000E2
9.316919170E0,3.028750000E2
9.319544170E0,3.028750000E2
9.322168170E0,3.028750000E2
9.324793170E0,3.028750000E2
9.327417170E0,3.028750000E2
9.330042170E0,3.028750000E2
9.332666170E0,3.028750000E2
9.335291170E0,3.092500000E2
9.337915170E0,3.092500000E2
9.340540170E0,3.092500000E2
9.343164170E0,3.092500000E2
9.345789170E0,3.092500000E2
9.348413170E0,3.092500000E2
9.351038170E0,3.092500000E2
9.353662170E0,3.092500000E2
9.356287170E0,3.092500000E2
9.358911170E0,3.028750000E2
9.361536170E0,3.028750000E2
9.364160170E0,3.028750000E2
9.366785170E0,3.028750000E2
9.369409170E0,3.028750000E2
9.372034170E0,3.028750000E2
9.374658170E0,3.028750000E2
9.377283170E0,3.028750000E2
9.379907170E0,3.028750000E2
9.382532170E0,3.028750000E2
9.385156170E0,3.028750000E2
9.387781170E0,3.028750000E2
9.390405170E0,3.028750000E2
9.393030170E0,3.028750000E2
9.395654170E0,3.028750000E2
9.398279170E0,3.028750000E2
9.400903170E0,3.028750000E2
9.403528170E0,3.028750000E2
9.406152170E0,3.028750000E2
9.408777170E0,3.028750000E2
9.411401170E0,3.028750000E2
9.414026170E0,3.028750000E2
9.416650170E0,3.028750000E2
9.419275170E0,3.028750000E2
9.421899170E0,3.028750000E2
9.424524170E0,3.028750000E2
9.427148170E0,3.028750000E2
9.429773170E0,3.028750000E2
9.432398170E0,3.028750000E2
9.435022170E0,3.028750000E2
9.437647170E0,3.028750000E2
9.440271170E0,3.028750000E2
9.442896170E0,3.028750000E2
9.445520170E0,3.028750000E2
9.448145170E0,3.028750000E2
9.450769170E0,3.028750000E2
9.453394170E0,3.028750000E2
9.456018170E0,3.028750000E2
9.458643170E0,3.028750000E2
9.461267170E0,3.028750000E2
9.463892170E0,3.028750000E2
9.466516170E0,3.028750000E2
9.469141170E0,3.028750000E2
9.471765170E0,3.028750000E2
9.474390170E0,3.028750000E2
9.477014170E0,3.028750000E2
9.479639170E0,3.028750000E2
9.482263170E0,3.028750000E2
9.484888170E0,3.028750000E2
9.487512170E0,3.028750000E2
9.490137170E0,3.028750000E2
9.492761170E0,3.028750000E2
9.495386170E0,3.028750000E2
9.498010170E0,3.028750000E2
9.500635170E0,3.028750000E2
9.503259170E0,3.028750000E2
9.505884170E0,3.028750000E2
9.508508170E0,3.028750000E2
9.511133170E0,3.028750000E2
9.513757170E0,3.028750000E2
9.516382170E0,3.028750000E2
9.519006170E0,3.028750000E2
9.521631170E0,3.028750000E2
9.524255170E0,3.028750000E2
9.526880170E0,3.028750000E2
9.529504170E0,3.028750000E2
9.532129170E0,3.028750000E2
9.534753170E0,3.028750000E2
9.537378170E0,3.028750000E2
9.540002170E0,3.028750000E2
9.542627170E0,3.028750000E2
9.545252170E0,3.028750000E2
9.547876170E0,3.028750000E2
9.550501170E0,3.028750000E2
9.553125170E0,3.028750000E2
9.555750170E0,3.028750000E2
9.558374170E0,3.028750000E2
9.560999170E0,3.028750000E2
9.563623170E0,3.028750000E2
9.566248170E0,3.028750000E2
9.568872170E0,3.028750000E2
9.571497170E0,3.028750000E2
9.574121170E0,3.028750000E2
9.576746170E0,3.028750000E2
9.579370170E0,3.028750000E2
9.581995170E0,3.028750000E2
9.584619170E0,3.028750000E2
9.587244170E0,3.028750000E2
9.589868170E0,3.028750000E2
9.592493170E0,3.028750000E2
9.595117170E0,3.028750000E2
9.597742170E0,3.028750000E2
9.600366170E0,3.028750000E2
9.602991170E0,3.028750000E2
9.605615170E0,3.028750000E2
9.608240170E0,3.028750000E2
9.610864170E0,3.028750000E2
9.613489170E0,3.028750000E2
9.616113170E0,3.092500000E2
9.618738170E0,3.092500000E2
9.621362170E0,3.092500000E2
9.623987170E0,3.092500000E2
9.626611170E0,3.092500000E2
9.629236170E0,3.092500000E2
9.631860170E0,3.092500000E2
9.634485170E0,3.092500000E2
9.637109170E0,3.092500000E2
9.639734170E0,3.028750000E2
9.642358170E0,3.028750000E2
9.644983170E0,3.028750000E2
9.647607170E0,3.028750000E2
9.650232170E0,3.028750000E2
9.652856170E0,3.028750000E2
9.655481170E0,3.028750000E2
9.658106170E0,3.028750000E2
9.660730170E0,3.028750000E2
9.663355170E0,3.028750000E2
9.665979170E0,3.028750000E2
9.668604170E0,3.028750000E2
9.671228170E0,3.028750000E2
9.673853170E0,3.028750000E2
9.676477170E0,3.028750000E2
9.679102170E0,3.028750000E2
9.681726170E0,3.028750000E2
9.684351170E0,3.028750000E2
9.686975170E0,3.028750000E2
9.689600170E0,3.028750000E2
9.692224170E0,3.028750000E2
9.694849170E0,3.028750000E2
9.697473170E0,3.028750000E2
9.700098170E0,3.028750000E2
9.702722170E0,3.028750000E2
9.705347170E0,3.028750000E2
9.707971170E0,3.028750000E2
9.710596170E0,3.028750000E2
9.713220170E0,3.028750000E2
9.715845170E0,3.028750000E2
9.718469170E0,3.028750000E2
9.721094170E0,3.028750000E2
9.723718170E0,3.028750000E2
9.726343170E0,3.028750000E2
9.728967170E0,3.028750000E2
9.731592170E0,3.028750000E2
9.734216170E0,3.028750000E2
9.736841170E0,3.028750000E2
9.739465170E0,3.028750000E2
9.742090170E0,3.092500000E2
9.744714170E0,3.092500000E2
9.747339170E0,3.092500000E2
9.749963170E0,3.092500000E2
9.752588170E0,3.092500000E2
9.755212170E0,3.092500000E2
9.757837170E0,3.092500000E2
9.760461170E0,3.092500000E2
9.763086170E0,3.092500000E2
9.765710170E0,3.092500000E2
9.768335170E0,3.028750000E2
9.770960170E0,3.028750000E2
9.773584170E0,3.028750000E2
9.776209170E0,3.028750000E2
9.778833170E0,3.028750000E2
9.781458170E0,3.028750000E2
9.784082170E0,3.028750000E2
9.786707170E0,3.028750000E2
9.789331170E0,3.028750000E2
9.791956170E0,3.028750000E2
9.794580170E0,3.028750000E2
9.797205170E0,3.028750000E2
9.799829170E0,3.028750000E2
9.802454170E0,3.028750000E2
9.805078170E0,3.028750000E2
9.807703170E0,3.028750000E2
9.810327170E0,3.028750000E2
9.812952170E0,3.028750000E2
9.815576170E0,3.028750000E2
9.818201170E0,3.028750000E2
9.820825170E0,3.028750000E2
9.823450170E0,3.028750000E2
9.826074170E0,3.028750000E2
9.828699170E0,3.028750000E2
9.831323170E0,3.028750000E2
9.833948170E0,3.028750000E2
9.836572170E0,3.028750000E2
9.839197170E0,3.028750000E2
9.841821170E0,3.028750000E2
9.844446170E0,3.028750000E2
9.847070170E0,3.028750000E2
9.849695170E0,3.028750000E2
9.852319170E0,3.028750000E2
9.854944170E0,3.028750000E2
9.857568170E0,3.028750000E2
9.860193170E0,3.028750000E2
9.862817170E0,3.028750000E2
9.865442170E0,3.028750000E2
9.868066170E0,3.028750000E2
9.870691170E0,3.028750000E2
9.873315170E0,3.028750000E2
9.875940170E0,3.028750000E2
9.878564170E0,3.028750000E2
9.881189170E0,3.028750000E2
9.883814170E0,3.028750000E2
9.886438170E0,3.028750000E2
9.889063170E0,3.028750000E2
9.891687170E0,3.028750000E2
9.894312170E0,3.028750000E2
9.896936170E0,3.028750000E2
9.899561170E0,3.028750000E2
9.902185170E0,3.028750000E2
9.904810170E0,3.028750000E2
9.907434170E0,3.028750000E2
9.910059170E0,3.028750000E2
9.912683170E0,3.028750000E2
9.915308170E0,3.028750000E2
9.917932170E0,3.028750000E2
9.920557170E0,3.028750000E2
9.923181170E0,3.028750000E2
9.925806170E0,3.028750000E2
9.928430170E0,3.028750000E2
9.931055170E0,3.028750000E2
9.933679170E0,3.028750000E2
9.936304170E0,3.028750000E2
9.938928170E0,3.028750000E2
9.941553170E0,3.028750000E2
9.944177170E0,3.028750000E2
9.946802170E0,3.028750000E2
9.949426170E0,3.028750000E2
9.952051170E0,3.028750000E2
9.954675170E0,3.028750000E2
9.957300170E0,3.028750000E2
9.959924170E0,3.028750000E2
9.962549170E0,3.028750000E2
9.965173170E0,3.028750000E2
9.967798170E0,3.028750000E2
9.970422170E0,3.028750000E2
9.973047170E0,3.028750000E2
9.975671170E0,3.028750000E2
9.978296170E0,3.028750000E2
9.980920170E0,3.028750000E2
9.983545170E0,3.028750000E2
9.986169170E0,3.028750000E2
9.988794170E0,3.028750000E2
9.991419170E0,3.028750000E2
9.994043170E0,3.028750000E2
9.996668170E0,3.028750000E2
9.999292170E0,3.028750000E2
1.000191717E1,3.028750000E2
1.000454117E1,3.028750000E2
1.000716617E1,3.028750000E2
1.000979017E1,3.028750000E2
1.001241517E1,3.028750000E2
1.001503917E1,3.028750000E2
1.001766417E1,3.028750000E2
1.002028817E1,3.028750000E2
1.002291317E1,3.028750000E2
1.002553717E1,3.028750000E2
1.002816217E1,3.028750000E2
1.003078617E1,3.028750000E2
1.003341117E1,3.028750000E2
1.003603517E1,3.028750000E2
1.003866017E1,3.028750000E2
1.004128417E1,3.028750000E2
1.004390917E1,3.028750000E2
1.004653317E1,3.028750000E2
1.004915817E1,3.028750000E2
1.005178217E1,3.028750000E2
1.005440717E1,3.028750000E2
1.005703117E1,3.028750000E2
1.005965617E1,3.028750000E2
1.006228017E1,3.028750000E2
1.006490517E1,3.028750000E2
1.006752917E1,3.028750000E2
1.007015417E1,3.028750000E2
1.007277817E1,3.028750000E2
1.007540317E1,3.028750000E2
1.007802717E1,3.028750000E2
1.008065217E1,3.028750000E2
1.008327617E1,3.028750000E2
1.008590117E1,3.028750000E2
1.008852517E1,3.028750000E2
1.009115017E1,3.028750000E2
1.009377417E1,3.028750000E2
1.009639917E1,3.028750000E2
1.009902317E1,3.092500000E2
1.010164817E1,3.092500000E2
1.010427317E1,3.092500000E2
1.010689717E1,3.092500000E2
1.010952217E1,3.092500000E2
1.011214617E1,3.092500000E2
1.011477117E1,3.092500000E2
1.011739517E1,3.092500000E2
1.012002017E1,3.092500000E2
1.012264417E1,3.092500000E2
1.012526917E1,3.028750000E2
1.012789317E1,3.028750000E2
1.013051817E1,3.028750000E2
1.013314217E1,3.028750000E2
1.013576717E1,3.028750000E2
1.013839117E1,3.028750000E2
1.014101617E1,3.028750000E2
1.014364017E1,3.028750000E2
1.014626517E1,3.028750000E2
1.014888917E1,3.028750000E2
1.015151417E1,3.028750000E2
1.015413817E1,3.028750000E2
1.015676317E1,3.028750000E2
1.015938717E1,3.028750000E2
1.016201217E1,3.028750000E2
1.016463617E1,3.028750000E2
1.016726117E1,3.028750000E2
1.016988517E1,3.028750000E2
1.017251017E1,3.028750000E2
1.017513417E1,3.028750000E2
1.017775917E1,3.028750000E2
1.018038317E1,3.028750000E2
1.018300817E1,3.028750000E2
1.018563217E1,3.028750000E2
1.018825717E1,3.028750000E2
1.019088117E1,3.028750000E2
1.019350617E1,3.028750000E2
1.019613017E1,3.028750000E2
1.019875517E1,3.028750000E2
1.020137917E1,3.028750000E2
1.020400417E1,3.028750000E2
1.020662817E1,3.028750000E2
1.020925317E1,3.028750000E2
1.021187717E1,3.028750000E2
1.021450217E1,3.028750000E2
1.021712717E1,3.028750000E2
1.021975117E1,3.028750000E2
1.022237617E1,3.028750000E2
1.022500017E1,3.028750000E2
1.022762517E1,3.028750000E2
1.023024917E1,3.028750000E2
1.023287417E1,3.028750000E2
1.023549817E1,3.028750000E2
1.023812317E1,3.028750000E2
1.024074717E1,3.028750000E2
1.024337217E1,3.028750000E2
1.024599617E1,3.028750000E2
1.024862117E1,3.028750000E2
1.025124517E1,3.028750000E2
1.025387017E1,3.028750000E2
1.025649417E1,3.028750000E2
1.025911917E1,3.028750000E2
1.026174317E1,3.028750000E2
1.026436817E1,3.028750000E2
1.026699217E1,3.028750000E2
1.026961717E1,3.028750000E2
1.027224117E1,3.028750000E2
1.027486617E1,3.028750000E2
1.027749017E1,3.028750000E2
1.028011517E1,3.028750000E2
1.028273917E1,3.028750000E2
1.028536417E1,3.028750000E2
1.028798817E1,3.028750000E2
1.029061317E1,3.028750000E2
1.029323717E1,3.028750000E2
1.029586217E1,3.028750000E2
1.029848617E1,3.028750000E2
1.030111117E1,3.028750000E2
1.030373517E1,3.028750000E2
1.030636017E1,3.028750000E2
1.030898417E1,3.028750000E2
1.031160917E1,3.028750000E2
1.031423317E1,3.028750000E2
1.031685817E1,3.028750000E2
1.031948217E1,3.028750000E2
1.032210717E1,3.028750000E2
1.032473117E1,3.028750000E2
1.032735617E1,3.028750000E2
1.032998117E1,3.028750000E2
1.033260517E1,3.028750000E2
1.033523017E1,3.028750000E2
1.033785417E1,3.028750000E2
1.034047917E1,3.028750000E2
1.034310317E1,3.028750000E2
1.034572817E1,3.028750000E2
1.034835217E1,3.028750000E2
1.035097717E1,3.028750000E2
1.035360117E1,3.028750000E2
1.035622617E1,3.028750000E2
1.035885017E1,3.028750000E2
1.036147517E1,3.028750000E2
1.036409917E1,3.028750000E2
1.036672417E1,3.028750000E2
1.036934817E1,3.028750000E2
1.037197317E1,3.028750000E2
1.037459717E1,3.028750000E2
1.037722217E1,3.028750000E2
1.037984617E1,3.028750000E2
1.038247117E1,3.028750000E2
1.038509517E1,3.028750000E2
1.038772017E1,3.028750000E2
1.039034417E1,3.028750000E2
1.039296917E1,3.028750000E2
1.039559317E1,3.028750000E2
1.039821817E1,3.028750000E2
1.040084217E1,3.028750000E2
1.040346717E1,3.092500000E2
1.040609117E1,3.092500000E2
1.040871617E1,3.092500000E2
1.041134017E1,3.092500000E2
1.041396517E1,3.092500000E2
1.041658917E1,3.092500000E2
1.041921417E1,3.092500000E2
1.042183817E1,3.092500000E2
1.042446317E1,3.092500000E2
1.042708717E1,3.092500000E2
1.042971217E1,3.028750000E2
1.043233617E1,3.028750000E2
1.043496117E1,3.028750000E2
1.043758517E1,3.028750000E2
1.044021017E1,3.028750000E2
1.044283517E1,3.028750000E2
1.044545917E1,3.028750000E2
1.044808417E1,3.028750000E2
1.045070817E1,3.028750000E2
1.045333317E1,3.028750000E2
1.045595717E1,3.028750000E2
1.045858217E1,3.028750000E2
1.046120617E1,3.028750000E2
1.046383117E1,3.028750000E2
1.046645517E1,3.028750000E2
1.046908017E1,3.028750000E2
1.047170417E1,3.028750000E2
1.047432917E1,3.028750000E2
1.047695317E1,3.028750000E2
1.047957817E1,3.028750000E2
1.048220217E1,3.028750000E2
1.048482717E1,3.028750000E2
1.048745117E1,3.028750000E2
1.049007617E1,3.028750000E2
1.049270017E1,3.028750000E2
1.049532517E1,3.028750000E2
1.049794917E1,3.028750000E2
1.050057417E1,3.028750000E2
1.050319817E1,3.028750000E2
1.050582317E1,3.028750000E2
1.050844717E1,3.028750000E2
1.051107217E1,3.028750000E2
1.051369617E1,3.028750000E2
1.051632117E1,3.028750000E2
1.051894517E1,3.028750000E2
1.052157017E1,3.028750000E2
1.052419417E1,3.028750000E2
1.052681917E1,3.028750000E2
1.052944317E1,3.028750000E2
1.053206817E1,3.028750000E2
1.053469217E1,3.028750000E2
1.053731717E1,3.028750000E2
1.053994117E1,3.028750000E2
1.054256617E1,3.028750000E2
1.054519017E1,3.028750000E2
1.054781517E1,3.028750000E2
1.055043917E1,3.028750000E2
1.055306417E1,3.028750000E2
1.055568917E1,3.028750000E2
1.055831317E1,3.028750000E2
1.056093817E1,3.028750000E2
1.056356217E1,3.028750000E2
1.056618717E1,3.028750000E2
1.056881117E1,3.028750000E2
1.057143617E1,3.028750000E2
1.057406017E1,3.028750000E2
1.057668517E1,3.028750000E2
1.057930917E1,3.028750000E2
1.058193417E1,3.028750000E2
1.058455817E1,3.028750000E2
1.058718317E1,3.028750000E2
1.058980717E1,3.028750000E2
1.059243217E1,3.028750000E2
1.059505617E1,3.028750000E2
1.059768117E1,3.028750000E2
1.060030517E1,3.028750000E2
1.060293017E1,3.028750000E2
1.060555417E1,3.028750000E2
1.060817917E1,3.028750000E2
1.061080317E1,3.028750000E2
1.061342817E1,3.028750000E2
1.061605217E1,3.028750000E2
1.061867717E1,3.028750000E2
1.062130117E1,3.028750000E2
1.062392617E1,3.028750000E2
1.062655017E1,3.028750000E2
1.062917517E1,3.028750000E2
1.063179917E1,3.028750000E2
1.063442417E1,3.092500000E2
1.063704817E1,3.092500000E2
1.063967317E1,3.092500000E2
1.064229717E1,3.092500000E2
1.064492217E1,3.092500000E2
1.064754617E1,3.092500000E2
1.065017117E1,3.092500000E2
1.065279517E1,3.092500000E2
1.065542017E1,3.092500000E2
1.065804417E1,3.028750000E2
1.066066917E1,3.028750000E2
1.066329417E1,3.028750000E2
1.066591817E1,3.028750000E2
1.066854317E1,3.028750000E2
1.067116717E1,3.028750000E2
1.067379217E1,3.028750000E2
1.067641617E1,3.028750000E2
1.067904117E1,3.028750000E2
1.068166517E1,3.028750000E2
1.068429017E1,3.092500000E2
1.068691417E1,3.092500000E2
1.068953917E1,3.092500000E2
1.069216317E1,3.092500000E2
1.069478817E1,3.092500000E2
1.069741217E1,3.092500000E2
1.070003717E1,3.092500000E2
1.070266117E1,3.092500000E2
1.070528617E1,3.092500000E2
1.070791017E1,3.092500000E2
1.071053517E1,3.028750000E2
1.071315917E1,3.028750000E2
1.071578417E1,3.028750000E2
1.071840817E1,3.028750000E2
1.072103317E1,3.028750000E2
1.072365717E1,3.028750000E2
1.072628217E1,3.028750000E2
1.072890617E1,3.028750000E2
1.073153117E1,3.028750000E2
1.073415517E1,3.092500000E2
1.073678017E1,3.092500000E2
1.073940417E1,3.092500000E2
1.074202917E1,3.092500000E2
1.074465317E1,3.092500000E2
1.074727817E1,3.092500000E2
1.074990217E1,3.092500000E2
1.075252717E1,3.092500000E2
1.075515117E1,3.092500000E2
1.075777617E1,3.092500000E2
1.076040017E1,3.028750000E2
1.076302517E1,3.028750000E2
1.076564917E1,3.028750000E2
1.076827417E1,3.028750000E2
1.077089817E1,3.028750000E2
1.077352317E1,3.028750000E2
1.077614817E1,3.028750000E2
1.077877217E1,3.028750000E2
1.078139717E1,3.028750000E2
1.078402117E1,3.028750000E2
1.078664617E1,3.028750000E2
1.078927017E1,3.028750000E2
1.079189517E1,3.028750000E2
1.079451917E1,3.028750000E2
1.079714417E1,3.028750000E2
1.079976817E1,3.028750000E2
1.080239317E1,3.028750000E2
1.080501717E1,3.028750000E2
1.080764217E1,3.028750000E2
1.081026617E1,3.028750000E2
1.081289117E1,3.028750000E2
1.081551517E1,3.028750000E2
1.081814017E1,3.028750000E2
1.082076417E1,3.028750000E2
1.082338917E1,3.028750000E2
1.082601317E1,3.028750000E2
1.082863817E1,3.028750000E2
1.083126217E1,3.028750000E2
1.083388717E1,3.028750000E2
1.083651117E1,3.028750000E2
1.083913617E1,3.028750000E2
1.084176017E1,3.028750000E2
1.084438517E1,3.028750000E2
1.084700917E1,3.028750000E2
1.084963417E1,3.028750000E2
1.085225817E1,3.028750000E2
1.085488317E1,3.028750000E2
1.085750717E1,3.028750000E2
1.086013217E1,3.092500000E2
1.086275617E1,3.092500000E2
1.086538117E1,3.092500000E2
1.086800517E1,3.092500000E2
1.087063017E1,3.092500000E2
1.087325417E1,3.092500000E2
1.087587917E1,3.092500000E2
1.087850317E1,3.092500000E2
1.088112817E1,3.092500000E2
1.088375217E1,3.092500000E2
1.088637717E1,3.092500000E2
1.088900217E1,3.028750000E2
1.089162617E1,3.028750000E2
1.089425117E1,3.028750000E2
1.089687517E1,3.028750000E2
1.089950017E1,3.028750000E2
1.090212417E1,3.028750000E2
1.090474917E1,3.028750000E2
1.090737317E1,3.028750000E2
1.090999817E1,3.028750000E2
1.091262217E1,3.092500000E2
1.091524717E1,3.092500000E2
1.091787117E1,3.092500000E2
1.092049617E1,3.092500000E2
1.092312017E1,3.092500000E2
1.092574517E1,3.092500000E2
1.092836917E1,3.092500000E2
1.093099417E1,3.092500000E2
1.093361817E1,3.092500000E2
1.093624317E1,3.092500000E2
1.093886717E1,3.028750000E2
1.094149217E1,3.028750000E2
1.094411617E1,3.028750000E2
1.094674117E1,3.028750000E2
1.094936517E1,3.028750000E2
1.095199017E1,3.028750000E2
1.095461417E1,3.028750000E2
1.095723917E1,3.028750000E2
1.095986317E1,3.028750000E2
1.096248817E1,3.028750000E2
1.096511217E1,3.092500000E2
1.096773717E1,3.092500000E2
1.097036117E1,3.092500000E2
1.097298617E1,3.092500000E2
1.097561017E1,3.092500000E2
1.097823517E1,3.092500000E2
1.098085917E1,3.092500000E2
1.098348417E1,3.092500000E2
1.098610817E1,3.092500000E2
1.098873317E1,3.028750000E2
1.099135717E1,3.028750000E2
1.099398217E1,3.028750000E2
1.099660617E1,3.028750000E2
1.099923117E1,3.028750000E2
1.100185617E1,3.028750000E2
1.100448017E1,3.028750000E2
1.100710517E1,3.028750000E2
1.100972917E1,3.028750000E2
1.101235417E1,3.028750000E2
1.101497817E1,3.092500000E2
1.101760317E1,3.092500000E2
1.102022717E1,3.092500000E2
1.102285217E1,3.092500000E2
1.102547617E1,3.092500000E2
1.102810117E1,3.092500000E2
1.103072517E1,3.092500000E2
1.103335017E1,3.092500000E2
1.103597417E1,3.092500000E2
1.103859917E1,3.028750000E2
1.104122317E1,3.028750000E2
1.104384817E1,3.028750000E2
1.104647217E1,3.028750000E2
1.104909717E1,3.028750000E2
1.105172117E1,3.028750000E2
1.105434617E1,3.028750000E2
1.105697017E1,3.028750000E2
1.105959517E1,3.028750000E2
1.106221917E1,3.028750000E2
1.106484417E1,3.092500000E2
1.106746817E1,3.092500000E2
1.107009317E1,3.092500000E2
1.107271717E1,3.092500000E2
1.107534217E1,3.092500000E2
1.107796617E1,3.092500000E2
1.108059117E1,3.092500000E2
1.108321517E1,3.092500000E2
1.108584017E1,3.092500000E2
1.108846417E1,3.092500000E2
1.109108917E1,3.028750000E2
1.109371317E1,3.028750000E2
1.109633817E1,3.028750000E2
1.109896217E1,3.028750000E2
1.110158717E1,3.028750000E2
1.110421117E1,3.028750000E2
1.110683617E1,3.028750000E2
1.110946017E1,3.028750000E2
1.111208517E1,3.028750000E2
1.111471017E1,3.028750000E2
1.111733417E1,3.028750000E2
1.111995917E1,3.028750000E2
1.112258317E1,3.028750000E2
1.112520817E1,3.028750000E2
1.112783217E1,3.028750000E2
1.113045717E1,3.028750000E2
1.113308117E1,3.028750000E2
1.113570617E1,3.028750000E2
1.113833017E1,3.028750000E2
1.114095517E1,3.028750000E2
1.114357917E1,3.028750000E2
1.114620417E1,3.028750000E2
1.114882817E1,3.028750000E2
1.115145317E1,3.028750000E2
1.115407717E1,3.028750000E2
1.115670217E1,3.028750000E2
1.115932617E1,3.028750000E2
1.116195117E1,3.028750000E2
1.116457517E1,3.028750000E2
1.116720017E1,3.092500000E2
1.116982417E1,3.092500000E2
1.117244917E1,3.092500000E2
1.117507317E1,3.092500000E2
1.117769817E1,3.092500000E2
1.118032217E1,3.092500000E2
1.118294717E1,3.092500000E2
1.118557117E1,3.092500000E2
1.118819617E1,3.092500000E2
1.119082017E1,3.092500000E2
1.119344517E1,3.028750000E2
1.119606917E1,3.028750000E2
1.119869417E1,3.028750000E2
1.120131817E1,3.028750000E2
1.120394317E1,3.028750000E2
1.120656717E1,3.028750000E2
1.120919217E1,3.028750000E2
1.121181617E1,3.028750000E2
1.121444117E1,3.028750000E2
1.121706517E1,3.028750000E2
1.121969017E1,3.028750000E2
1.122231417E1,3.028750000E2
1.122493917E1,3.028750000E2
1.122756417E1,3.028750000E2
1.123018817E1,3.028750000E2
1.123281317E1,3.028750000E2
1.123543717E1,3.028750000E2
1.123806217E1,3.028750000E2
1.124068617E1,3.028750000E2
1.124331117E1,3.028750000E2
1.124593517E1,3.028750000E2
1.124856017E1,3.028750000E2
1.125118417E1,3.028750000E2
1.125380917E1,3.028750000E2
1.125643317E1,3.028750000E2
1.125905817E1,3.028750000E2
1.126168217E1,3.028750000E2
1.126430717E1,3.028750000E2
1.126693117E1,3.028750000E2
1.126955617E1,3.092500000E2
1.127218017E1,3.092500000E2
1.127480517E1,3.092500000E2
1.127742917E1,3.092500000E2
1.128005417E1,3.092500000E2
1.128267817E1,3.092500000E2
1.128530317E1,3.092500000E2
1.128792717E1,3.092500000E2
1.129055217E1,3.092500000E2
1.129317617E1,3.092500000E2
1.129580117E1,3.028750000E2
1.129842517E1,3.028750000E2
1.130105017E1,3.028750000E2
1.130367417E1,3.028750000E2
1.130629917E1,3.028750000E2
1.130892317E1,3.028750000E2
1.131154817E1,3.028750000E2
1.131417217E1,3.028750000E2
1.131679717E1,3.028750000E2
1.131942117E1,3.028750000E2
1.132204617E1,3.028750000E2
1.132467017E1,3.028750000E2
1.132729517E1,3.028750000E2
1.132991917E1,3.028750000E2
1.133254417E1,3.028750000E2
1.133516917E1,3.028750000E2
1.133779317E1,3.028750000E2
1.134041817E1,3.028750000E2
1.134304217E1,3.028750000E2
1.134566717E1,3.092500000E2
1.134829117E1,3.092500000E2
1.135091617E1,3.092500000E2
1.135354017E1,3.092500000E2
1.135616517E1,3.092500000E2
1.135878917E1,3.092500000E2
1.136141417E1,3.092500000E2
1.136403817E1,3.092500000E2
1.136666317E1,3.092500000E2
1.136928717E1,3.092500000E2
1.137191217E1,3.028750000E2
1.137453617E1,3.028750000E2
1.137716117E1,3.028750000E2
1.137978517E1,3.028750000E2
1.138241017E1,3.028750000E2
1.138503417E1,3.028750000E2
1.138765917E1,3.028750000E2
1.139028317E1,3.028750000E2
1.139290817E1,3.028750000E2
1.139553217E1,3.092500000E2
1.139815717E1,3.092500000E2
1.140078117E1,3.092500000E2
1.140340617E1,3.092500000E2
1.140603017E1,3.092500000E2
1.140865517E1,3.092500000E2
1.141127917E1,3.092500000E2
1.141390417E1,3.092500000E2
1.141652817E1,3.092500000E2
1.141915317E1,3.092500000E2
1.142177717E1,3.092500000E2
1.142440217E1,3.092500000E2
1.142702617E1,3.092500000E2
1.142965117E1,3.092500000E2
1.143227517E1,3.092500000E2
1.143490017E1,3.092500000E2
1.143752417E1,3.092500000E2
1.144014917E1,3.092500000E2
1.144277317E1,3.092500000E2
1.144539817E1,3.092500000E2
1.144802317E1,3.028750000E2
1.145064717E1,3.028750000E2
1.145327217E1,3.028750000E2
1.145589617E1,3.028750000E2
1.145852117E1,3.028750000E2
1.146114517E1,3.028750000E2
1.146377017E1,3.028750000E2
1.146639417E1,3.028750000E2
1.146901917E1,3.028750000E2
1.147164317E1,3.028750000E2
1.147426817E1,3.092500000E2
1.147689217E1,3.092500000E2
1.147951717E1,3.092500000E2
1.148214117E1,3.092500000E2
1.148476617E1,3.092500000E2
1.148739017E1,3.092500000E2
1.149001517E1,3.092500000E2
1.149263917E1,3.092500000E2
1.149526417E1,3.092500000E2
1.149788817E1,3.028750000E2
1.150051317E1,3.028750000E2
1.150313717E1,3.028750000E2
1.150576217E1,3.028750000E2
1.150838617E1,3.028750000E2
1.151101117E1,3.028750000E2
1.151363517E1,3.028750000E2
1.151626017E1,3.028750000E2
1.151888417E1,3.028750000E2
1.152150917E1,3.028750000E2
1.152413317E1,3.028750000E2
1.152675817E1,3.028750000E2
1.152938217E1,3.028750000E2
1.153200717E1,3.028750000E2
1.153463117E1,3.028750000E2
1.153725617E1,3.028750000E2
1.153988017E1,3.028750000E2
1.154250517E1,3.028750000E2
1.154512917E1,3.028750000E2
1.154775417E1,3.028750000E2
1.155037817E1,3.092500000E2
1.155300317E1,3.092500000E2
1.155562717E1,3.092500000E2
1.155825217E1,3.092500000E2
1.156087717E1,3.092500000E2
1.156350117E1,3.092500000E2
1.156612617E1,3.092500000E2
1.156875017E1,3.092500000E2
1.157137517E1,3.092500000E2
1.157399917E1,3.028750000E2
1.157662417E1,3.028750000E2
1.157924817E1,3.028750000E2
1.158187317E1,3.028750000E2
1.158449717E1,3.028750000E2
1.158712217E1,3.028750000E2
1.158974617E1,3.028750000E2
1.159237117E1,3.028750000E2
1.159499517E1,3.028750000E2
1.159762017E1,3.028750000E2
1.160024417E1,3.028750000E2
1.160286917E1,3.028750000E2
1.160549317E1,3.028750000E2
1.160811817E1,3.028750000E2
1.161074217E1,3.028750000E2
1.161336717E1,3.028750000E2
1.161599117E1,3.028750000E2
1.161861617E1,3.028750000E2
1.162124017E1,3.028750000E2
1.162386517E1,3.028750000E2
1.162648917E1,3.092500000E2
1.162911417E1,3.092500000E2
1.163173817E1,3.092500000E2
1.163436317E1,3.092500000E2
1.163698717E1,3.092500000E2
1.163961217E1,3.092500000E2
1.164223617E1,3.092500000E2
1.164486117E1,3.092500000E2
1.164748517E1,3.092500000E2
1.165011017E1,3.028750000E2
1.165273417E1,3.028750000E2
1.165535917E1,3.028750000E2
1.165798317E1,3.028750000E2
1.166060817E1,3.028750000E2
1.166323217E1,3.028750000E2
1.166585717E1,3.028750000E2
1.166848117E1,3.028750000E2
1.167110617E1,3.028750000E2
1.167373117E1,3.028750000E2
1.167635517E1,3.092500000E2
1.167898017E1,3.092500000E2
1.168160417E1,3.092500000E2
1.168422917E1,3.092500000E2
1.168685317E1,3.092500000E2
1.168947817E1,3.092500000E2
1.169210217E1,3.092500000E2
1.169472717E1,3.092500000E2
1.169735117E1,3.092500000E2
1.169997617E1,3.092500000E2
1.170260017E1,3.092500000E2
1.170522517E1,3.092500000E2
1.170784917E1,3.092500000E2
1.171047417E1,3.092500000E2
1.171309817E1,3.092500000E2
1.171572317E1,3.092500000E2
1.171834717E1,3.092500000E2
1.172097217E1,3.092500000E2
1.172359617E1,3.092500000E2
1.172622117E1,3.092500000E2
1.172884517E1,3.092500000E2
1.173147017E1,3.092500000E2
1.173409417E1,3.092500000E2
1.173671917E1,3.092500000E2
1.173934317E1,3.092500000E2
1.174196817E1,3.092500000E2
1.174459217E1,3.092500000E2
1.174721717E1,3.092500000E2
1.174984117E1,3.092500000E2
1.175246617E1,3.092500000E2
1.175509017E1,3.092500000E2
1.175771517E1,3.092500000E2
1.176033917E1,3.092500000E2
1.176296417E1,3.092500000E2
1.176558817E1,3.092500000E2
1.176821317E1,3.092500000E2
1.177083717E1,3.092500000E2
1.177346217E1,3.092500000E2
1.177608617E1,3.092500000E2
1.177871117E1,3.028750000E2
1.178133517E1,3.028750000E2
1.178396017E1,3.028750000E2
1.178658517E1,3.028750000E2
1.178920917E1,3.028750000E2
1.179183417E1,3.028750000E2
1.179445817E1,3.028750000E2
1.179708317E1,3.028750000E2
1.179970717E1,3.028750000E2
1.180233217E1,3.028750000E2
