"Time (s)","Illuminance (lx)"
0.000000000E0,1.288750000E2
1.308388000E-2,1.288750000E2
2.321588000E-2,1.352500000E2
3.334788000E-2,1.352500000E2
3.600288000E-2,1.352500000E2
3.862788000E-2,1.352500000E2
4.125188000E-2,1.288750000E2
4.387688000E-2,1.288750000E2
4.650088000E-2,1.288750000E2
4.912588000E-2,1.288750000E2
5.174988000E-2,1.288750000E2
5.437488000E-2,1.288750000E2
5.699888000E-2,1.288750000E2
5.962388000E-2,1.288750000E2
6.224788000E-2,1.288750000E2
6.487288000E-2,1.352500000E2
6.749688000E-2,1.352500000E2
7.012188000E-2,1.352500000E2
7.274588000E-2,1.352500000E2
7.537088000E-2,1.352500000E2
7.799488000E-2,1.352500000E2
8.061988000E-2,1.352500000E2
8.324388000E-2,1.352500000E2
8.586888000E-2,1.352500000E2
8.849288000E-2,1.352500000E2
9.111788000E-2,1.288750000E2
9.374188000E-2,1.288750000E2
9.636688000E-2,1.288750000E2
9.899088000E-2,1.288750000E2
1.016158800E-1,1.288750000E2
1.042398800E-1,1.288750000E2
1.068648800E-1,1.288750000E2
1.094888800E-1,1.288750000E2
1.121138800E-1,1.288750000E2
1.147378800E-1,1.288750000E2
1.173628800E-1,1.352500000E2
1.199868800E-1,1.352500000E2
1.226118800E-1,1.352500000E2
1.252358800E-1,1.352500000E2
1.278608800E-1,1.352500000E2
1.304858800E-1,1.352500000E2
1.331098800E-1,1.352500000E2
1.357348800E-1,1.352500000E2
1.383588800E-1,1.352500000E2
1.409838800E-1,1.352500000E2
1.436078800E-1,1.352500000E2
1.462328800E-1,1.352500000E2
1.488568800E-1,1.352500000E2
1.514818800E-1,1.352500000E2
1.541058800E-1,1.352500000E2
1.567308800E-1,1.352500000E2
1.593548800E-1,1.352500000E2
1.619798800E-1,1.352500000E2
1.646038800E-1,1.352500000E2
1.672288800E-1,1.352500000E2
1.698528800E-1,1.288750000E2
1.724778800E-1,1.288750000E2
1.751018800E-1,1.288750000E2
1.777268800E-1,1.288750000E2
1.803508800E-1,1.288750000E2
1.829758800E-1,1.288750000E2
1.855998800E-1,1.288750000E2
1.882248800E-1,1.288750000E2
1.908488800E-1,1.288750000E2
1.934738800E-1,1.288750000E2
1.960978800E-1,1.288750000E2
1.987228800E-1,1.288750000E2
2.013468800E-1,1.288750000E2
2.039718800E-1,1.288750000E2
2.065958800E-1,1.288750000E2
2.092208800E-1,1.288750000E2
2.118448800E-1,1.288750000E2
2.144698800E-1,1.288750000E2
2.170938800E-1,1.288750000E2
2.197188800E-1,1.352500000E2
2.223428800E-1,1.352500000E2
2.249678800E-1,1.352500000E2
2.275918800E-1,1.352500000E2
2.302168800E-1,1.352500000E2
2.328408800E-1,1.352500000E2
2.354658800E-1,1.352500000E2
2.380898800E-1,1.352500000E2
2.407148800E-1,1.352500000E2
2.433398800E-1,1.288750000E2
2.459638800E-1,1.288750000E2
2.485888800E-1,1.288750000E2
2.512128800E-1,1.288750000E2
2.538378800E-1,1.288750000E2
2.564618800E-1,1.288750000E2
2.590868800E-1,1.288750000E2
2.617108800E-1,1.288750000E2
2.643358800E-1,1.288750000E2
2.669598800E-1,1.288750000E2
2.695848800E-1,1.352500000E2
2.722088800E-1,1.352500000E2
2.748338800E-1,1.352500000E2
2.774578800E-1,1.352500000E2
2.800828800E-1,1.352500000E2
2.827068800E-1,1.352500000E2
2.853318800E-1,1.352500000E2
2.879558800E-1,1.352500000E2
2.905808800E-1,1.352500000E2
2.932048800E-1,1.352500000E2
2.958298800E-1,1.288750000E2
2.984538800E-1,1.288750000E2
3.010788800E-1,1.288750000E2
3.037028800E-1,1.288750000E2
3.063278800E-1,1.288750000E2
3.089518800E-1,1.288750000E2
3.115768800E-1,1.288750000E2
3.142008800E-1,1.288750000E2
3.168258800E-1,1.288750000E2
3.194498800E-1,1.288750000E2
3.220748800E-1,1.288750000E2
3.246988800E-1,1.288750000E2
3.273238800E-1,1.288750000E2
3.299478800E-1,1.288750000E2
3.325728800E-1,1.288750000E2
3.351968800E-1,1.288750000E2
3.378218800E-1,1.288750000E2
3.404458800E-1,1.288750000E2
3.430708800E-1,1.288750000E2
3.456948800E-1,1.352500000E2
3.483198800E-1,1.352500000E2
3.509438800E-1,1.352500000E2
3.535688800E-1,1.352500000E2
3.561938800E-1,1.352500000E2
3.588178800E-1,1.352500000E2
3.614428800E-1,1.352500000E2
3.640668800E-1,1.352500000E2
3.666918800E-1,1.352500000E2
3.693158800E-1,1.352500000E2
3.719408800E-1,1.352500000E2
3.745648800E-1,1.352500000E2
3.771898800E-1,1.352500000E2
3.798138800E-1,1.352500000E2
3.824388800E-1,1.352500000E2
3.850628800E-1,1.352500000E2
3.876878800E-1,1.352500000E2
3.903118800E-1,1.352500000E2
3.929368800E-1,1.352500000E2
3.955608800E-1,1.352500000E2
3.981858800E-1,1.288750000E2
4.008098800E-1,1.288750000E2
4.034348800E-1,1.288750000E2
4.060588800E-1,1.288750000E2
4.086838800E-1,1.288750000E2
4.113078800E-1,1.288750000E2
4.139328800E-1,1.288750000E2
4.165568800E-1,1.288750000E2
4.191818800E-1,1.288750000E2
4.218058800E-1,1.288750000E2
4.244308800E-1,1.288750000E2
4.270548800E-1,1.288750000E2
4.296798800E-1,1.288750000E2
4.323038800E-1,1.288750000E2
4.349288800E-1,1.288750000E2
4.375528800E-1,1.288750000E2
4.401778800E-1,1.288750000E2
4.428018800E-1,1.288750000E2
4.454268800E-1,1.288750000E2
4.480508800E-1,1.352500000E2
4.506758800E-1,1.352500000E2
4.532998800E-1,1.352500000E2
4.559248800E-1,1.352500000E2
4.585488800E-1,1.352500000E2
4.611738800E-1,1.352500000E2
4.637988800E-1,1.352500000E2
4.664228800E-1,1.352500000E2
4.690478800E-1,1.352500000E2
4.716718800E-1,1.352500000E2
4.742968800E-1,1.288750000E2
4.769208800E-1,1.288750000E2
4.795458800E-1,1.288750000E2
4.821698800E-1,1.288750000E2
4.847948800E-1,1.288750000E2
4.874188800E-1,1.288750000E2
4.900438800E-1,1.288750000E2
4.926678800E-1,1.288750000E2
4.952928800E-1,1.288750000E2
4.979168800E-1,1.288750000E2
5.005418800E-1,1.288750000E2
5.031658800E-1,1.288750000E2
5.057908800E-1,1.288750000E2
5.084148800E-1,1.288750000E2
5.110398800E-1,1.288750000E2
5.136638800E-1,1.288750000E2
5.162888800E-1,1.288750000E2
5.189128800E-1,1.288750000E2
5.215378800E-1,1.288750000E2
5.241618800E-1,1.288750000E2
5.267868800E-1,1.288750000E2
5.294108800E-1,1.288750000E2
5.320358800E-1,1.288750000E2
5.346598800E-1,1.288750000E2
5.372848800E-1,1.288750000E2
5.399088800E-1,1.288750000E2
5.425338800E-1,1.288750000E2
5.451578800E-1,1.288750000E2
5.477828800E-1,1.288750000E2
5.504068800E-1,1.288750000E2
5.530318800E-1,1.288750000E2
5.556558800E-1,1.288750000E2
5.582808800E-1,1.288750000E2
5.609048800E-1,1.288750000E2
5.635298800E-1,1.288750000E2
5.661538800E-1,1.288750000E2
5.687788800E-1,1.288750000E2
5.714028800E-1,1.288750000E2
5.740278800E-1,1.288750000E2
5.766528800E-1,1.288750000E2
5.792768800E-1,1.288750000E2
5.819018800E-1,1.288750000E2
5.845258800E-1,1.288750000E2
5.871508800E-1,1.288750000E2
5.897748800E-1,1.288750000E2
5.923998800E-1,1.288750000E2
5.950238800E-1,1.288750000E2
5.976488800E-1,1.288750000E2
6.002728800E-1,1.352500000E2
6.028978800E-1,1.352500000E2
6.055218800E-1,1.352500000E2
6.081468800E-1,1.352500000E2
6.107708800E-1,1.352500000E2
6.133958800E-1,1.352500000E2
6.160198800E-1,1.352500000E2
6.186448800E-1,1.352500000E2
6.212688800E-1,1.352500000E2
6.238938800E-1,1.352500000E2
6.265178800E-1,1.288750000E2
6.291428800E-1,1.288750000E2
6.317668800E-1,1.288750000E2
6.343918800E-1,1.288750000E2
6.370158800E-1,1.288750000E2
6.396408800E-1,1.288750000E2
6.422648800E-1,1.288750000E2
6.448898800E-1,1.288750000E2
6.475138800E-1,1.288750000E2
6.501388800E-1,1.288750000E2
6.527628800E-1,1.288750000E2
6.553878800E-1,1.288750000E2
6.580118800E-1,1.288750000E2
6.606368800E-1,1.288750000E2
6.632608800E-1,1.288750000E2
6.658858800E-1,1.288750000E2
6.685098800E-1,1.288750000E2
6.711348800E-1,1.288750000E2
6.737588800E-1,1.288750000E2
6.763838800E-1,1.288750000E2
6.790078800E-1,1.288750000E2
6.816328800E-1,1.288750000E2
6.842568800E-1,1.288750000E2
6.868818800E-1,1.288750000E2
6.895068800E-1,1.288750000E2
6.921308800E-1,1.288750000E2
6.947558800E-1,1.288750000E2
6.973798800E-1,1.288750000E2
7.000048800E-1,1.288750000E2
7.026288800E-1,1.352500000E2
7.052538800E-1,1.352500000E2
7.078778800E-1,1.352500000E2
7.105028800E-1,1.352500000E2
7.131268800E-1,1.352500000E2
7.157518800E-1,1.352500000E2
7.183758800E-1,1.352500000E2
7.210008800E-1,1.352500000E2
7.236248800E-1,1.352500000E2
7.262498800E-1,1.352500000E2
7.288738800E-1,1.288750000E2
7.314988800E-1,1.288750000E2
7.341228800E-1,1.288750000E2
7.367478800E-1,1.288750000E2
7.393718800E-1,1.288750000E2
7.419968800E-1,1.288750000E2
7.446208800E-1,1.288750000E2
7.472458800E-1,1.288750000E2
7.498698800E-1,1.288750000E2
7.524948800E-1,1.288750000E2
7.551188800E-1,1.352500000E2
7.577438800E-1,1.352500000E2
7.603678800E-1,1.352500000E2
7.629928800E-1,1.352500000E2
7.656168800E-1,1.352500000E2
7.682418800E-1,1.352500000E2
7.708658800E-1,1.352500000E2
7.734908800E-1,1.352500000E2
7.761148800E-1,1.352500000E2
7.787398800E-1,1.352500000E2
7.813638800E-1,1.352500000E2
7.839888800E-1,1.352500000E2
7.866128800E-1,1.352500000E2
7.892378800E-1,1.352500000E2
7.918618800E-1,1.352500000E2
7.944868800E-1,1.352500000E2
7.971108800E-1,1.352500000E2
7.997358800E-1,1.352500000E2
8.023608800E-1,1.352500000E2
8.049848800E-1,1.288750000E2
8.076098800E-1,1.288750000E2
8.102338800E-1,1.288750000E2
8.128588800E-1,1.288750000E2
8.154828800E-1,1.288750000E2
8.181078800E-1,1.288750000E2
8.207318800E-1,1.288750000E2
8.233568800E-1,1.288750000E2
8.259808800E-1,1.288750000E2
8.286058800E-1,1.288750000E2
8.312298800E-1,1.288750000E2
8.338548800E-1,1.288750000E2
8.364788800E-1,1.288750000E2
8.391038800E-1,1.288750000E2
8.417278800E-1,1.288750000E2
8.443528800E-1,1.288750000E2
8.469768800E-1,1.288750000E2
8.496018800E-1,1.288750000E2
8.522258800E-1,1.288750000E2
8.548508800E-1,1.352500000E2
8.574748800E-1,1.352500000E2
8.600998800E-1,1.352500000E2
8.627238800E-1,1.352500000E2
8.653488800E-1,1.352500000E2
8.679728800E-1,1.352500000E2
8.705978800E-1,1.352500000E2
8.732218800E-1,1.352500000E2
8.758468800E-1,1.352500000E2
8.784708800E-1,1.352500000E2
8.810958800E-1,1.352500000E2
8.837198800E-1,1.352500000E2
8.863448800E-1,1.352500000E2
8.889688800E-1,1.352500000E2
8.915938800E-1,1.352500000E2
8.942178800E-1,1.352500000E2
8.968428800E-1,1.352500000E2
8.994668800E-1,1.352500000E2
9.020918800E-1,1.352500000E2
9.047158800E-1,1.288750000E2
9.073408800E-1,1.288750000E2
9.099648800E-1,1.288750000E2
9.125898800E-1,1.288750000E2
9.152148800E-1,1.288750000E2
9.178388800E-1,1.288750000E2
9.204638800E-1,1.288750000E2
9.230878800E-1,1.288750000E2
9.257128800E-1,1.288750000E2
9.283368800E-1,1.288750000E2
9.309618800E-1,1.288750000E2
9.335858800E-1,1.352500000E2
9.362108800E-1,1.352500000E2
9.388348800E-1,1.352500000E2
9.414598800E-1,1.352500000E2
9.440838800E-1,1.352500000E2
9.467088800E-1,1.352500000E2
9.493328800E-1,1.352500000E2
9.519578800E-1,1.352500000E2
9.545818800E-1,1.352500000E2
9.572068800E-1,1.352500000E2
9.598308800E-1,1.352500000E2
9.624558800E-1,1.352500000E2
9.650798800E-1,1.352500000E2
9.677048800E-1,1.352500000E2
9.703288800E-1,1.352500000E2
9.729538800E-1,1.352500000E2
9.755778800E-1,1.352500000E2
9.782028800E-1,1.352500000E2
9.808268800E-1,1.352500000E2
9.834518800E-1,1.352500000E2
9.860758800E-1,1.352500000E2
9.887008800E-1,1.352500000E2
9.913248800E-1,1.352500000E2
9.939498800E-1,1.352500000E2
9.965738800E-1,1.352500000E2
9.991988800E-1,1.352500000E2
1.001822880E0,1.352500000E2
1.004447880E0,1.352500000E2
1.007071880E0,1.352500000E2
1.009696880E0,1.288750000E2
1.012320880E0,1.288750000E2
1.014945880E0,1.288750000E2
1.017569880E0,1.288750000E2
1.020194880E0,1.288750000E2
1.022818880E0,1.288750000E2
1.025443880E0,1.288750000E2
1.028068880E0,1.288750000E2
1.030692880E0,1.288750000E2
1.033317880E0,1.352500000E2
1.035941880E0,1.352500000E2
1.038566880E0,1.352500000E2
1.041190880E0,1.352500000E2
1.043815880E0,1.352500000E2
1.046439880E0,1.352500000E2
1.049064880E0,1.352500000E2
1.051688880E0,1.352500000E2
1.054313880E0,1.352500000E2
1.056937880E0,1.352500000E2
1.059562880E0,1.288750000E2
1.062186880E0,1.288750000E2
1.064811880E0,1.288750000E2
1.067435880E0,1.288750000E2
1.070060880E0,1.288750000E2
1.072684880E0,1.288750000E2
1.075309880E0,1.288750000E2
1.077933880E0,1.288750000E2
1.080558880E0,1.288750000E2
1.083182880E0,1.288750000E2
1.085807880E0,1.288750000E2
1.088431880E0,1.288750000E2
1.091056880E0,1.288750000E2
1.093680880E0,1.288750000E2
1.096305880E0,1.288750000E2
1.098929880E0,1.288750000E2
1.101554880E0,1.288750000E2
1.104178880E0,1.288750000E2
1.106803880E0,1.288750000E2
1.109427880E0,1.288750000E2
1.112052880E0,1.288750000E2
1.114676880E0,1.288750000E2
1.117301880E0,1.288750000E2
1.119925880E0,1.288750000E2
1.122550880E0,1.288750000E2
1.125174880E0,1.288750000E2
1.127799880E0,1.288750000E2
1.130423880E0,1.288750000E2
1.133048880E0,1.288750000E2
1.135673880E0,1.288750000E2
1.138297880E0,1.288750000E2
1.140922880E0,1.288750000E2
1.143546880E0,1.288750000E2
1.146171880E0,1.288750000E2
1.148795880E0,1.288750000E2
1.151420880E0,1.288750000E2
1.154044880E0,1.288750000E2
1.156669880E0,1.288750000E2
1.159293880E0,1.288750000E2
1.161918880E0,1.352500000E2
1.164542880E0,1.352500000E2
1.167167880E0,1.352500000E2
1.169791880E0,1.352500000E2
1.172416880E0,1.352500000E2
1.175040880E0,1.352500000E2
1.177665880E0,1.352500000E2
1.180289880E0,1.352500000E2
1.182914880E0,1.352500000E2
1.185538880E0,1.288750000E2
1.188163880E0,1.288750000E2
1.190787880E0,1.288750000E2
1.193412880E0,1.288750000E2
1.196036880E0,1.288750000E2
1.198661880E0,1.288750000E2
1.201285880E0,1.288750000E2
1.203910880E0,1.288750000E2
1.206534880E0,1.288750000E2
1.209159880E0,1.288750000E2
1.211783880E0,1.288750000E2
1.214408880E0,1.288750000E2
1.217032880E0,1.288750000E2
1.219657880E0,1.288750000E2
1.222281880E0,1.288750000E2
1.224906880E0,1.288750000E2
1.227530880E0,1.288750000E2
1.230155880E0,1.288750000E2
1.232779880E0,1.288750000E2
1.235404880E0,1.288750000E2
1.238028880E0,1.288750000E2
1.240653880E0,1.288750000E2
1.243277880E0,1.288750000E2
1.245902880E0,1.288750000E2
1.248527880E0,1.288750000E2
1.251151880E0,1.288750000E2
1.253776880E0,1.288750000E2
1.256400880E0,1.288750000E2
1.259025880E0,1.288750000E2
1.261649880E0,1.288750000E2
1.264274880E0,1.288750000E2
1.266898880E0,1.288750000E2
1.269523880E0,1.288750000E2
1.272147880E0,1.288750000E2
1.274772880E0,1.288750000E2
1.277396880E0,1.288750000E2
1.280021880E0,1.288750000E2
1.282645880E0,1.288750000E2
1.285270880E0,1.288750000E2
1.287894880E0,1.288750000E2
1.290519880E0,1.288750000E2
1.293143880E0,1.288750000E2
1.295768880E0,1.288750000E2
1.298392880E0,1.288750000E2
1.301017880E0,1.288750000E2
1.303641880E0,1.288750000E2
1.306266880E0,1.288750000E2
1.308890880E0,1.288750000E2
1.311515880E0,1.288750000E2
1.314139880E0,1.352500000E2
1.316764880E0,1.352500000E2
1.319388880E0,1.352500000E2
1.322013880E0,1.352500000E2
1.324637880E0,1.352500000E2
1.327262880E0,1.352500000E2
1.329886880E0,1.352500000E2
1.332511880E0,1.352500000E2
1.335135880E0,1.352500000E2
1.337760880E0,1.352500000E2
1.340384880E0,1.288750000E2
1.343009880E0,1.288750000E2
1.345633880E0,1.288750000E2
1.348258880E0,1.288750000E2
1.350882880E0,1.288750000E2
1.353507880E0,1.288750000E2
1.356131880E0,1.288750000E2
1.358756880E0,1.288750000E2
1.361381880E0,1.288750000E2
1.364005880E0,1.288750000E2
1.366630880E0,1.288750000E2
1.369254880E0,1.288750000E2
1.371879880E0,1.288750000E2
1.374503880E0,1.288750000E2
1.377128880E0,1.288750000E2
1.379752880E0,1.288750000E2
1.382377880E0,1.288750000E2
1.385001880E0,1.288750000E2
1.387626880E0,1.288750000E2
1.390250880E0,1.352500000E2
1.392875880E0,1.352500000E2
1.395499880E0,1.352500000E2
1.398124880E0,1.352500000E2
1.400748880E0,1.352500000E2
1.403373880E0,1.352500000E2
1.405997880E0,1.352500000E2
1.408622880E0,1.352500000E2
1.411246880E0,1.352500000E2
1.413871880E0,1.352500000E2
1.416495880E0,1.288750000E2
1.419120880E0,1.288750000E2
1.421744880E0,1.288750000E2
1.424369880E0,1.288750000E2
1.426993880E0,1.288750000E2
1.429618880E0,1.288750000E2
1.432242880E0,1.288750000E2
1.434867880E0,1.288750000E2
1.437491880E0,1.288750000E2
1.440116880E0,1.352500000E2
1.442740880E0,1.352500000E2
1.445365880E0,1.352500000E2
1.447989880E0,1.352500000E2
1.450614880E0,1.352500000E2
1.453238880E0,1.352500000E2
1.455863880E0,1.352500000E2
1.458487880E0,1.352500000E2
1.461112880E0,1.352500000E2
1.463736880E0,1.352500000E2
1.466361880E0,1.352500000E2
1.468985880E0,1.352500000E2
1.471610880E0,1.352500000E2
1.474235880E0,1.352500000E2
1.476859880E0,1.352500000E2
1.479484880E0,1.352500000E2
1.482108880E0,1.352500000E2
1.484733880E0,1.352500000E2
1.487357880E0,1.352500000E2
1.489982880E0,1.352500000E2
1.492606880E0,1.288750000E2
1.495231880E0,1.288750000E2
1.497855880E0,1.288750000E2
1.500480880E0,1.288750000E2
1.503104880E0,1.288750000E2
1.505729880E0,1.288750000E2
1.508353880E0,1.288750000E2
1.510978880E0,1.288750000E2
1.513602880E0,1.288750000E2
1.516227880E0,1.288750000E2
1.518851880E0,1.288750000E2
1.521476880E0,1.288750000E2
1.524100880E0,1.288750000E2
1.526725880E0,1.288750000E2
1.529349880E0,1.288750000E2
1.531974880E0,1.288750000E2
1.534598880E0,1.288750000E2
1.537223880E0,1.288750000E2
1.539847880E0,1.288750000E2
1.542472880E0,1.288750000E2
1.545096880E0,1.288750000E2
1.547721880E0,1.288750000E2
1.550345880E0,1.288750000E2
1.552970880E0,1.288750000E2
1.555594880E0,1.288750000E2
1.558219880E0,1.288750000E2
1.560843880E0,1.288750000E2
1.563468880E0,1.288750000E2
1.566092880E0,1.288750000E2
1.568717880E0,1.288750000E2
1.571341880E0,1.288750000E2
1.573966880E0,1.288750000E2
1.576590880E0,1.288750000E2
1.579215880E0,1.288750000E2
1.581839880E0,1.288750000E2
1.584464880E0,1.288750000E2
1.587089880E0,1.288750000E2
1.589713880E0,1.288750000E2
1.592338880E0,1.288750000E2
1.594962880E0,1.288750000E2
1.597587880E0,1.288750000E2
1.600211880E0,1.288750000E2
1.602836880E0,1.288750000E2
1.605460880E0,1.288750000E2
1.608085880E0,1.288750000E2
1.610709880E0,1.288750000E2
1.613334880E0,1.288750000E2
1.615958880E0,1.288750000E2
1.618583880E0,1.288750000E2
1.621207880E0,1.288750000E2
1.623832880E0,1.288750000E2
1.626456880E0,1.288750000E2
1.629081880E0,1.288750000E2
1.631705880E0,1.288750000E2
1.634330880E0,1.288750000E2
1.636954880E0,1.288750000E2
1.639579880E0,1.288750000E2
1.642203880E0,1.288750000E2
1.644828880E0,1.288750000E2
1.647452880E0,1.288750000E2
1.650077880E0,1.288750000E2
1.652701880E0,1.288750000E2
1.655326880E0,1.288750000E2
1.657950880E0,1.288750000E2
1.660575880E0,1.288750000E2
1.663199880E0,1.288750000E2
1.665824880E0,1.288750000E2
1.668448880E0,1.288750000E2
1.671073880E0,1.352500000E2
1.673697880E0,1.352500000E2
1.676322880E0,1.352500000E2
1.678946880E0,1.352500000E2
1.681571880E0,1.352500000E2
1.684195880E0,1.352500000E2
1.686820880E0,1.352500000E2
1.689444880E0,1.352500000E2
1.692069880E0,1.352500000E2
1.694693880E0,1.288750000E2
1.697318880E0,1.288750000E2
1.699943880E0,1.288750000E2
1.702567880E0,1.288750000E2
1.705192880E0,1.288750000E2
1.707816880E0,1.288750000E2
1.710441880E0,1.288750000E2
1.713065880E0,1.288750000E2
1.715690880E0,1.288750000E2
1.718314880E0,1.288750000E2
1.720939880E0,1.352500000E2
1.723563880E0,1.352500000E2
1.726188880E0,1.352500000E2
1.728812880E0,1.352500000E2
1.731437880E0,1.352500000E2
1.734061880E0,1.352500000E2
1.736686880E0,1.352500000E2
1.739310880E0,1.352500000E2
1.741935880E0,1.352500000E2
1.744559880E0,1.352500000E2
1.747184880E0,1.352500000E2
1.749808880E0,1.352500000E2
1.752433880E0,1.352500000E2
1.755057880E0,1.352500000E2
1.757682880E0,1.352500000E2
1.760306880E0,1.352500000E2
1.762931880E0,1.352500000E2
1.765555880E0,1.352500000E2
1.768180880E0,1.352500000E2
1.770804880E0,1.352500000E2
1.773429880E0,1.288750000E2
1.776053880E0,1.288750000E2
1.778678880E0,1.288750000E2
1.781302880E0,1.288750000E2
1.783927880E0,1.288750000E2
1.786551880E0,1.288750000E2
1.789176880E0,1.288750000E2
1.791800880E0,1.288750000E2
1.794425880E0,1.288750000E2
1.797049880E0,1.352500000E2
1.799674880E0,1.352500000E2
1.802298880E0,1.352500000E2
1.804923880E0,1.352500000E2
1.807548880E0,1.352500000E2
1.810172880E0,1.352500000E2
1.812797880E0,1.352500000E2
1.815421880E0,1.352500000E2
1.818046880E0,1.352500000E2
1.820670880E0,1.352500000E2
1.823295880E0,1.352500000E2
1.825919880E0,1.352500000E2
1.828544880E0,1.352500000E2
1.831168880E0,1.352500000E2
1.833793880E0,1.352500000E2
1.836417880E0,1.352500000E2
1.839042880E0,1.352500000E2
1.841666880E0,1.352500000E2
1.844291880E0,1.352500000E2
1.846915880E0,1.352500000E2
1.849540880E0,1.288750000E2
1.852164880E0,1.288750000E2
1.854789880E0,1.288750000E2
1.857413880E0,1.288750000E2
1.860038880E0,1.288750000E2
1.862662880E0,1.288750000E2
1.865287880E0,1.288750000E2
1.867911880E0,1.288750000E2
1.870536880E0,1.288750000E2
1.873160880E0,1.288750000E2
1.875785880E0,1.288750000E2
1.878409880E0,1.288750000E2
1.881034880E0,1.288750000E2
1.883658880E0,1.288750000E2
1.886283880E0,1.288750000E2
1.888907880E0,1.288750000E2
1.891532880E0,1.288750000E2
1.894156880E0,1.288750000E2
1.896781880E0,1.288750000E2
1.899405880E0,1.352500000E2
1.902030880E0,1.352500000E2
1.904654880E0,1.352500000E2
1.907279880E0,1.352500000E2
1.909903880E0,1.352500000E2
1.912528880E0,1.352500000E2
1.915152880E0,1.352500000E2
1.917777880E0,1.352500000E2
1.920402880E0,1.352500000E2
1.923026880E0,1.352500000E2
1.925651880E0,1.352500000E2
1.928275880E0,1.352500000E2
1.930900880E0,1.352500000E2
1.933524880E0,1.352500000E2
1.936149880E0,1.352500000E2
1.938773880E0,1.352500000E2
1.941398880E0,1.352500000E2
1.944022880E0,1.352500000E2
1.946647880E0,1.352500000E2
1.949271880E0,1.352500000E2
1.951896880E0,1.352500000E2
1.954520880E0,1.352500000E2
1.957145880E0,1.352500000E2
1.959769880E0,1.352500000E2
1.962394880E0,1.352500000E2
1.965018880E0,1.352500000E2
1.967643880E0,1.352500000E2
1.970267880E0,1.352500000E2
1.972892880E0,1.352500000E2
1.975516880E0,1.288750000E2
1.978141880E0,1.288750000E2
1.980765880E0,1.288750000E2
1.983390880E0,1.288750000E2
1.986014880E0,1.288750000E2
1.988639880E0,1.288750000E2
1.991263880E0,1.288750000E2
1.993888880E0,1.288750000E2
1.996512880E0,1.288750000E2
1.999137880E0,1.288750000E2
2.001761880E0,1.288750000E2
2.004386880E0,1.288750000E2
2.007010880E0,1.288750000E2
2.009635880E0,1.288750000E2
2.012259880E0,1.288750000E2
2.014884880E0,1.288750000E2
2.017508880E0,1.288750000E2
2.020133880E0,1.288750000E2
2.022757880E0,1.288750000E2
2.025382880E0,1.352500000E2
2.028006880E0,1.352500000E2
2.030631880E0,1.352500000E2
2.033256880E0,1.352500000E2
2.035880880E0,1.352500000E2
2.038505880E0,1.352500000E2
2.041129880E0,1.352500000E2
2.043754880E0,1.352500000E2
2.046378880E0,1.352500000E2
2.049003880E0,1.352500000E2
2.051627880E0,1.352500000E2
2.054252880E0,1.352500000E2
2.056876880E0,1.352500000E2
2.059501880E0,1.352500000E2
2.062125880E0,1.352500000E2
2.064750880E0,1.352500000E2
2.067374880E0,1.352500000E2
2.069999880E0,1.352500000E2
2.072623880E0,1.352500000E2
2.075248880E0,1.352500000E2
2.077872880E0,1.288750000E2
2.080497880E0,1.288750000E2
2.083121880E0,1.288750000E2
2.085746880E0,1.288750000E2
2.088370880E0,1.288750000E2
2.090995880E0,1.288750000E2
2.093619880E0,1.288750000E2
2.096244880E0,1.288750000E2
2.098868880E0,1.288750000E2
2.101493880E0,1.352500000E2
2.104117880E0,1.352500000E2
2.106742880E0,1.352500000E2
2.109366880E0,1.352500000E2
2.111991880E0,1.352500000E2
2.114615880E0,1.352500000E2
2.117240880E0,1.352500000E2
2.119864880E0,1.352500000E2
2.122489880E0,1.352500000E2
2.125113880E0,1.352500000E2
2.127738880E0,1.288750000E2
2.130362880E0,1.288750000E2
2.132987880E0,1.288750000E2
2.135611880E0,1.288750000E2
2.138236880E0,1.288750000E2
2.140860880E0,1.288750000E2
2.143485880E0,1.288750000E2
2.146110880E0,1.288750000E2
2.148734880E0,1.288750000E2
2.151359880E0,1.288750000E2
2.153983880E0,1.288750000E2
2.156608880E0,1.288750000E2
2.159232880E0,1.288750000E2
2.161857880E0,1.288750000E2
2.164481880E0,1.288750000E2
2.167106880E0,1.288750000E2
2.169730880E0,1.288750000E2
2.172355880E0,1.288750000E2
2.174979880E0,1.288750000E2
2.177604880E0,1.288750000E2
2.180228880E0,1.288750000E2
2.182853880E0,1.288750000E2
2.185477880E0,1.288750000E2
2.188102880E0,1.288750000E2
2.190726880E0,1.288750000E2
2.193351880E0,1.288750000E2
2.195975880E0,1.288750000E2
2.198600880E0,1.288750000E2
2.201224880E0,1.288750000E2
2.203849880E0,1.288750000E2
2.206473880E0,1.288750000E2
2.209098880E0,1.288750000E2
2.211722880E0,1.288750000E2
2.214347880E0,1.288750000E2
2.216971880E0,1.288750000E2
2.219596880E0,1.288750000E2
2.222220880E0,1.288750000E2
2.224845880E0,1.288750000E2
2.227469880E0,1.288750000E2
2.230094880E0,1.288750000E2
2.232718880E0,1.288750000E2
2.235343880E0,1.288750000E2
2.237967880E0,1.288750000E2
2.240592880E0,1.288750000E2
2.243216880E0,1.288750000E2
2.245841880E0,1.288750000E2
2.248465880E0,1.288750000E2
2.251090880E0,1.288750000E2
2.253714880E0,1.288750000E2
2.256339880E0,1.288750000E2
2.258964880E0,1.288750000E2
2.261588880E0,1.288750000E2
2.264213880E0,1.288750000E2
2.266837880E0,1.288750000E2
2.269462880E0,1.288750000E2
2.272086880E0,1.288750000E2
2.274711880E0,1.288750000E2
2.277335880E0,1.288750000E2
2.279960880E0,1.352500000E2
2.282584880E0,1.352500000E2
2.285209880E0,1.352500000E2
2.287833880E0,1.352500000E2
2.290458880E0,1.352500000E2
2.293082880E0,1.352500000E2
2.295707880E0,1.352500000E2
2.298331880E0,1.352500000E2
2.300956880E0,1.352500000E2
2.303580880E0,1.352500000E2
2.306205880E0,1.288750000E2
2.308829880E0,1.288750000E2
2.311454880E0,1.288750000E2
2.314078880E0,1.288750000E2
2.316703880E0,1.288750000E2
2.319327880E0,1.288750000E2
2.321952880E0,1.288750000E2
2.324576880E0,1.288750000E2
2.327201880E0,1.288750000E2
2.329825880E0,1.288750000E2
2.332450880E0,1.288750000E2
2.335074880E0,1.288750000E2
2.337699880E0,1.288750000E2
2.340323880E0,1.288750000E2
2.342948880E0,1.288750000E2
2.345572880E0,1.288750000E2
2.348197880E0,1.288750000E2
2.350821880E0,1.288750000E2
2.353446880E0,1.288750000E2
2.356070880E0,1.288750000E2
2.358695880E0,1.288750000E2
2.361319880E0,1.288750000E2
2.363944880E0,1.288750000E2
2.366568880E0,1.288750000E2
2.369193880E0,1.288750000E2
2.371818880E0,1.288750000E2
2.374442880E0,1.288750000E2
2.377067880E0,1.288750000E2
2.379691880E0,1.288750000E2
2.382316880E0,1.352500000E2
2.384940880E0,1.352500000E2
2.387565880E0,1.352500000E2
2.390189880E0,1.352500000E2
2.392814880E0,1.352500000E2
2.395438880E0,1.352500000E2
2.398063880E0,1.352500000E2
2.400687880E0,1.352500000E2
2.403312880E0,1.352500000E2
2.405936880E0,1.352500000E2
2.408561880E0,1.288750000E2
2.411185880E0,1.288750000E2
2.413810880E0,1.288750000E2
2.416434880E0,1.288750000E2
2.419059880E0,1.288750000E2
2.421683880E0,1.288750000E2
2.424308880E0,1.288750000E2
2.426932880E0,1.288750000E2
2.429557880E0,1.288750000E2
2.432181880E0,1.288750000E2
2.434806880E0,1.288750000E2
2.437430880E0,1.288750000E2
2.440055880E0,1.288750000E2
2.442679880E0,1.288750000E2
2.445304880E0,1.288750000E2
2.447928880E0,1.288750000E2
2.450553880E0,1.288750000E2
2.453177880E0,1.288750000E2
2.455802880E0,1.288750000E2
2.458426880E0,1.352500000E2
2.461051880E0,1.352500000E2
2.463675880E0,1.352500000E2
2.466300880E0,1.352500000E2
2.468924880E0,1.352500000E2
2.471549880E0,1.352500000E2
2.474173880E0,1.352500000E2
2.476798880E0,1.352500000E2
2.479423880E0,1.352500000E2
2.482047880E0,1.352500000E2
2.484672880E0,1.288750000E2
2.487296880E0,1.288750000E2
2.489921880E0,1.288750000E2
2.492545880E0,1.288750000E2
2.495170880E0,1.288750000E2
2.497794880E0,1.288750000E2
2.500419880E0,1.288750000E2
2.503043880E0,1.288750000E2
2.505668880E0,1.288750000E2
2.508292880E0,1.288750000E2
2.510917880E0,1.288750000E2
2.513541880E0,1.288750000E2
2.516166880E0,1.288750000E2
2.518790880E0,1.288750000E2
2.521415880E0,1.288750000E2
2.524039880E0,1.288750000E2
2.526664880E0,1.288750000E2
2.529288880E0,1.288750000E2
2.531913880E0,1.288750000E2
2.534537880E0,1.288750000E2
2.537162880E0,1.288750000E2
2.539786880E0,1.288750000E2
2.542411880E0,1.288750000E2
2.545035880E0,1.288750000E2
2.547660880E0,1.288750000E2
2.550284880E0,1.288750000E2
2.552909880E0,1.288750000E2
2.555533880E0,1.288750000E2
2.558158880E0,1.288750000E2
2.560782880E0,1.288750000E2
2.563407880E0,1.288750000E2
2.566031880E0,1.288750000E2
2.568656880E0,1.288750000E2
2.571280880E0,1.288750000E2
2.573905880E0,1.288750000E2
2.576529880E0,1.288750000E2
2.579154880E0,1.288750000E2
2.581778880E0,1.288750000E2
2.584403880E0,1.288750000E2
2.587027880E0,1.288750000E2
2.589652880E0,1.288750000E2
2.592277880E0,1.288750000E2
2.594901880E0,1.288750000E2
2.597526880E0,1.288750000E2
2.600150880E0,1.288750000E2
2.602775880E0,1.288750000E2
2.605399880E0,1.288750000E2
2.608024880E0,1.288750000E2
2.610648880E0,1.288750000E2
2.613273880E0,1.288750000E2
2.615897880E0,1.288750000E2
2.618522880E0,1.288750000E2
2.621146880E0,1.288750000E2
2.623771880E0,1.288750000E2
2.626395880E0,1.288750000E2
2.629020880E0,1.288750000E2
2.631644880E0,1.288750000E2
2.634269880E0,1.288750000E2
2.636893880E0,1.288750000E2
2.639518880E0,1.288750000E2
2.642142880E0,1.288750000E2
2.644767880E0,1.288750000E2
2.647391880E0,1.288750000E2
2.650016880E0,1.288750000E2
2.652640880E0,1.288750000E2
2.655265880E0,1.288750000E2
2.657889880E0,1.288750000E2
2.660514880E0,1.288750000E2
2.663138880E0,1.352500000E2
2.665763880E0,1.352500000E2
2.668387880E0,1.352500000E2
2.671012880E0,1.352500000E2
2.673636880E0,1.352500000E2
2.676261880E0,1.352500000E2
2.678885880E0,1.352500000E2
2.681510880E0,1.352500000E2
2.684134880E0,1.352500000E2
2.686759880E0,1.352500000E2
2.689383880E0,1.352500000E2
2.692008880E0,1.352500000E2
2.694632880E0,1.352500000E2
2.697257880E0,1.352500000E2
2.699881880E0,1.352500000E2
2.702506880E0,1.352500000E2
2.705131880E0,1.352500000E2
2.707755880E0,1.352500000E2
2.710380880E0,1.352500000E2
2.713004880E0,1.288750000E2
2.715629880E0,1.288750000E2
2.718253880E0,1.288750000E2
2.720878880E0,1.288750000E2
2.723502880E0,1.288750000E2
2.726127880E0,1.288750000E2
2.728751880E0,1.288750000E2
2.731376880E0,1.288750000E2
2.734000880E0,1.288750000E2
2.736625880E0,1.288750000E2
2.739249880E0,1.288750000E2
2.741874880E0,1.288750000E2
2.744498880E0,1.288750000E2
2.747123880E0,1.288750000E2
2.749747880E0,1.288750000E2
2.752372880E0,1.288750000E2
2.754996880E0,1.288750000E2
2.757621880E0,1.288750000E2
2.760245880E0,1.288750000E2
2.762870880E0,1.288750000E2
2.765494880E0,1.288750000E2
2.768119880E0,1.288750000E2
2.770743880E0,1.288750000E2
2.773368880E0,1.288750000E2
2.775992880E0,1.288750000E2
2.778617880E0,1.288750000E2
2.781241880E0,1.288750000E2
2.783866880E0,1.288750000E2
2.786490880E0,1.288750000E2
2.789115880E0,1.288750000E2
2.791739880E0,1.288750000E2
2.794364880E0,1.288750000E2
2.796988880E0,1.288750000E2
2.799613880E0,1.288750000E2
2.802237880E0,1.288750000E2
2.804862880E0,1.288750000E2
2.807486880E0,1.288750000E2
2.810111880E0,1.288750000E2
2.812735880E0,1.288750000E2
2.815360880E0,1.352500000E2
2.817985880E0,1.352500000E2
2.820609880E0,1.352500000E2
2.823234880E0,1.352500000E2
2.825858880E0,1.352500000E2
2.828483880E0,1.352500000E2
2.831107880E0,1.352500000E2
2.833732880E0,1.352500000E2
2.836356880E0,1.352500000E2
2.838981880E0,1.352500000E2
2.841605880E0,1.288750000E2
2.844230880E0,1.288750000E2
2.846854880E0,1.288750000E2
2.849479880E0,1.288750000E2
2.852103880E0,1.288750000E2
2.854728880E0,1.288750000E2
2.857352880E0,1.288750000E2
2.859977880E0,1.288750000E2
2.862601880E0,1.288750000E2
2.865226880E0,1.288750000E2
2.867850880E0,1.288750000E2
2.870475880E0,1.288750000E2
2.873099880E0,1.288750000E2
2.875724880E0,1.288750000E2
2.878348880E0,1.288750000E2
2.880973880E0,1.288750000E2
2.883597880E0,1.288750000E2
2.886222880E0,1.288750000E2
2.888846880E0,1.288750000E2
2.891471880E0,1.352500000E2
2.894095880E0,1.352500000E2
2.896720880E0,1.352500000E2
2.899344880E0,1.352500000E2
2.901969880E0,1.352500000E2
2.904593880E0,1.352500000E2
2.907218880E0,1.352500000E2
2.909842880E0,1.352500000E2
2.912467880E0,1.352500000E2
2.915091880E0,1.352500000E2
2.917716880E0,1.288750000E2
2.920340880E0,1.288750000E2
2.922965880E0,1.288750000E2
2.925589880E0,1.288750000E2
2.928214880E0,1.288750000E2
2.930839880E0,1.288750000E2
2.933463880E0,1.288750000E2
2.936088880E0,1.288750000E2
2.938712880E0,1.288750000E2
2.941337880E0,1.288750000E2
2.943961880E0,1.288750000E2
2.946586880E0,1.288750000E2
2.949210880E0,1.288750000E2
2.951835880E0,1.288750000E2
2.954459880E0,1.288750000E2
2.957084880E0,1.288750000E2
2.959708880E0,1.288750000E2
2.962333880E0,1.288750000E2
2.964957880E0,1.288750000E2
2.967582880E0,1.352500000E2
2.970206880E0,1.352500000E2
2.972831880E0,1.352500000E2
2.975455880E0,1.352500000E2
2.978080880E0,1.352500000E2
2.980704880E0,1.352500000E2
2.983329880E0,1.352500000E2
2.985953880E0,1.352500000E2
2.988578880E0,1.352500000E2
2.991202880E0,1.352500000E2
2.993827880E0,1.288750000E2
2.996451880E0,1.288750000E2
2.999076880E0,1.288750000E2
3.001700880E0,1.288750000E2
3.004325880E0,1.288750000E2
3.006949880E0,1.288750000E2
3.009574880E0,1.288750000E2
3.012198880E0,1.288750000E2
3.014823880E0,1.288750000E2
3.017447880E0,1.288750000E2
3.020072880E0,1.288750000E2
3.022696880E0,1.288750000E2
3.025321880E0,1.288750000E2
3.027945880E0,1.288750000E2
3.030570880E0,1.288750000E2
3.033194880E0,1.288750000E2
3.035819880E0,1.288750000E2
3.038443880E0,1.288750000E2
3.041068880E0,1.288750000E2
3.043693880E0,1.288750000E2
3.046317880E0,1.288750000E2
3.048942880E0,1.288750000E2
3.051566880E0,1.288750000E2
3.054191880E0,1.288750000E2
3.056815880E0,1.288750000E2
3.059440880E0,1.288750000E2
3.062064880E0,1.288750000E2
3.064689880E0,1.288750000E2
3.067313880E0,1.288750000E2
3.069938880E0,1.352500000E2
3.072562880E0,1.352500000E2
3.075187880E0,1.352500000E2
3.077811880E0,1.352500000E2
3.080436880E0,1.352500000E2
3.083060880E0,1.352500000E2
3.085685880E0,1.352500000E2
3.088309880E0,1.352500000E2
3.090934880E0,1.352500000E2
3.093558880E0,1.352500000E2
3.096183880E0,1.288750000E2
3.098807880E0,1.288750000E2
3.101432880E0,1.288750000E2
3.104056880E0,1.288750000E2
3.106681880E0,1.288750000E2
3.109305880E0,1.288750000E2
3.111930880E0,1.288750000E2
3.114554880E0,1.288750000E2
3.117179880E0,1.288750000E2
3.119803880E0,1.288750000E2
3.122428880E0,1.288750000E2
3.125052880E0,1.288750000E2
3.127677880E0,1.288750000E2
3.130301880E0,1.288750000E2
3.132926880E0,1.288750000E2
3.135550880E0,1.288750000E2
3.138175880E0,1.288750000E2
3.140799880E0,1.288750000E2
3.143424880E0,1.288750000E2
3.146048880E0,1.352500000E2
3.148673880E0,1.352500000E2
3.151298880E0,1.352500000E2
3.153922880E0,1.352500000E2
3.156547880E0,1.352500000E2
3.159171880E0,1.352500000E2
3.161796880E0,1.352500000E2
3.164420880E0,1.352500000E2
3.167045880E0,1.352500000E2
3.169669880E0,1.352500000E2
3.172294880E0,1.288750000E2
3.174918880E0,1.288750000E2
3.177543880E0,1.288750000E2
3.180167880E0,1.288750000E2
3.182792880E0,1.288750000E2
3.185416880E0,1.288750000E2
3.188041880E0,1.288750000E2
3.190665880E0,1.288750000E2
3.193290880E0,1.288750000E2
3.195914880E0,1.288750000E2
3.198539880E0,1.352500000E2
3.201163880E0,1.352500000E2
3.203788880E0,1.352500000E2
3.206412880E0,1.352500000E2
3.209037880E0,1.352500000E2
3.211661880E0,1.352500000E2
3.214286880E0,1.352500000E2
3.216910880E0,1.352500000E2
3.219535880E0,1.352500000E2
3.222159880E0,1.288750000E2
3.224784880E0,1.288750000E2
3.227408880E0,1.288750000E2
3.230033880E0,1.288750000E2
3.232657880E0,1.288750000E2
3.235282880E0,1.288750000E2
3.237906880E0,1.288750000E2
3.240531880E0,1.288750000E2
3.243155880E0,1.288750000E2
3.245780880E0,1.288750000E2
3.248404880E0,1.288750000E2
3.251029880E0,1.288750000E2
3.253653880E0,1.288750000E2
3.256278880E0,1.288750000E2
3.258902880E0,1.288750000E2
3.261527880E0,1.288750000E2
3.264152880E0,1.288750000E2
3.266776880E0,1.288750000E2
3.269401880E0,1.288750000E2
3.272025880E0,1.288750000E2
3.274650880E0,1.352500000E2
3.277274880E0,1.352500000E2
3.279899880E0,1.352500000E2
3.282523880E0,1.352500000E2
3.285148880E0,1.352500000E2
3.287772880E0,1.352500000E2
3.290397880E0,1.352500000E2
3.293021880E0,1.352500000E2
3.295646880E0,1.352500000E2
3.298270880E0,1.352500000E2
3.300895880E0,1.352500000E2
3.303519880E0,1.352500000E2
3.306144880E0,1.352500000E2
3.308768880E0,1.352500000E2
3.311393880E0,1.352500000E2
3.314017880E0,1.352500000E2
3.316642880E0,1.352500000E2
3.319266880E0,1.352500000E2
3.321891880E0,1.352500000E2
3.324515880E0,1.288750000E2
3.327140880E0,1.288750000E2
3.329764880E0,1.288750000E2
3.332389880E0,1.288750000E2
3.335013880E0,1.288750000E2
3.337638880E0,1.288750000E2
3.340262880E0,1.288750000E2
3.342887880E0,1.288750000E2
3.345511880E0,1.288750000E2
3.348136880E0,1.288750000E2
3.350760880E0,1.288750000E2
3.353385880E0,1.288750000E2
3.356009880E0,1.288750000E2
3.358634880E0,1.288750000E2
3.361258880E0,1.288750000E2
3.363883880E0,1.288750000E2
3.366507880E0,1.288750000E2
3.369132880E0,1.288750000E2
3.371756880E0,1.288750000E2
3.374381880E0,1.288750000E2
3.377006880E0,1.288750000E2
3.379630880E0,1.288750000E2
3.382255880E0,1.288750000E2
3.384879880E0,1.288750000E2
3.387504880E0,1.288750000E2
3.390128880E0,1.288750000E2
3.392753880E0,1.288750000E2
3.395377880E0,1.288750000E2
3.398002880E0,1.288750000E2
3.400626880E0,1.352500000E2
3.403251880E0,1.352500000E2
3.405875880E0,1.352500000E2
3.408500880E0,1.352500000E2
3.411124880E0,1.352500000E2
3.413749880E0,1.352500000E2
3.416373880E0,1.352500000E2
3.418998880E0,1.352500000E2
3.421622880E0,1.352500000E2
3.424247880E0,1.288750000E2
3.426871880E0,1.288750000E2
3.429496880E0,1.288750000E2
3.432120880E0,1.288750000E2
3.434745880E0,1.288750000E2
3.437369880E0,1.288750000E2
3.439994880E0,1.288750000E2
3.442618880E0,1.288750000E2
3.445243880E0,1.288750000E2
3.447867880E0,1.288750000E2
3.450492880E0,1.288750000E2
3.453116880E0,1.352500000E2
3.455741880E0,1.352500000E2
3.458365880E0,1.352500000E2
3.460990880E0,1.352500000E2
3.463614880E0,1.352500000E2
3.466239880E0,1.352500000E2
3.468863880E0,1.352500000E2
3.471488880E0,1.352500000E2
3.474112880E0,1.352500000E2
3.476737880E0,1.288750000E2
3.479361880E0,1.288750000E2
3.481986880E0,1.288750000E2
3.484610880E0,1.288750000E2
3.487235880E0,1.288750000E2
3.489860880E0,1.288750000E2
3.492484880E0,1.288750000E2
3.495109880E0,1.288750000E2
3.497733880E0,1.288750000E2
3.500358880E0,1.288750000E2
3.502982880E0,1.288750000E2
3.505607880E0,1.288750000E2
3.508231880E0,1.288750000E2
3.510856880E0,1.288750000E2
3.513480880E0,1.288750000E2
3.516105880E0,1.288750000E2
3.518729880E0,1.288750000E2
3.521354880E0,1.288750000E2
3.523978880E0,1.288750000E2
3.526603880E0,1.288750000E2
3.529227880E0,1.288750000E2
3.531852880E0,1.288750000E2
3.534476880E0,1.288750000E2
3.537101880E0,1.288750000E2
3.539725880E0,1.288750000E2
3.542350880E0,1.288750000E2
3.544974880E0,1.288750000E2
3.547599880E0,1.288750000E2
3.550223880E0,1.288750000E2
3.552848880E0,1.288750000E2
3.555472880E0,1.288750000E2
3.558097880E0,1.288750000E2
3.560721880E0,1.288750000E2
3.563346880E0,1.288750000E2
3.565970880E0,1.288750000E2
3.568595880E0,1.288750000E2
3.571219880E0,1.288750000E2
3.573844880E0,1.288750000E2
3.576468880E0,1.288750000E2
3.579093880E0,1.352500000E2
3.581717880E0,1.352500000E2
3.584342880E0,1.352500000E2
3.586966880E0,1.352500000E2
3.589591880E0,1.352500000E2
3.592215880E0,1.352500000E2
3.594840880E0,1.352500000E2
3.597464880E0,1.352500000E2
3.600089880E0,1.352500000E2
3.602714880E0,1.288750000E2
3.605338880E0,1.288750000E2
3.607963880E0,1.288750000E2
3.610587880E0,1.288750000E2
3.613212880E0,1.288750000E2
3.615836880E0,1.288750000E2
3.618461880E0,1.288750000E2
3.621085880E0,1.288750000E2
3.623710880E0,1.288750000E2
3.626334880E0,1.288750000E2
3.628959880E0,1.352500000E2
3.631583880E0,1.352500000E2
3.634208880E0,1.352500000E2
3.636832880E0,1.352500000E2
3.639457880E0,1.352500000E2
3.642081880E0,1.352500000E2
3.644706880E0,1.352500000E2
3.647330880E0,1.352500000E2
3.649955880E0,1.352500000E2
3.652579880E0,1.352500000E2
3.655204880E0,1.352500000E2
3.657828880E0,1.352500000E2
3.660453880E0,1.352500000E2
3.663077880E0,1.352500000E2
3.665702880E0,1.352500000E2
3.668326880E0,1.352500000E2
3.670951880E0,1.352500000E2
3.673575880E0,1.352500000E2
3.676200880E0,1.352500000E2
3.678824880E0,1.352500000E2
3.681449880E0,1.352500000E2
3.684073880E0,1.352500000E2
3.686698880E0,1.352500000E2
3.689322880E0,1.352500000E2
3.691947880E0,1.352500000E2
3.694571880E0,1.352500000E2
3.697196880E0,1.352500000E2
3.699820880E0,1.352500000E2
3.702445880E0,1.352500000E2
3.705069880E0,1.352500000E2
3.707694880E0,1.352500000E2
3.710318880E0,1.352500000E2
3.712943880E0,1.352500000E2
3.715568880E0,1.352500000E2
3.718192880E0,1.352500000E2
3.720817880E0,1.352500000E2
3.723441880E0,1.352500000E2
3.726066880E0,1.352500000E2
3.728690880E0,1.352500000E2
3.731315880E0,1.352500000E2
3.733939880E0,1.352500000E2
3.736564880E0,1.352500000E2
3.739188880E0,1.352500000E2
3.741813880E0,1.352500000E2
3.744437880E0,1.352500000E2
3.747062880E0,1.352500000E2
3.749686880E0,1.352500000E2
3.752311880E0,1.352500000E2
3.754935880E0,1.352500000E2
3.757560880E0,1.288750000E2
3.760184880E0,1.288750000E2
3.762809880E0,1.288750000E2
3.765433880E0,1.288750000E2
3.768058880E0,1.288750000E2
3.770682880E0,1.288750000E2
3.773307880E0,1.288750000E2
3.775931880E0,1.288750000E2
3.778556880E0,1.288750000E2
3.781180880E0,1.288750000E2
3.783805880E0,1.288750000E2
3.786429880E0,1.288750000E2
3.789054880E0,1.288750000E2
3.791678880E0,1.288750000E2
3.794303880E0,1.288750000E2
3.796927880E0,1.288750000E2
3.799552880E0,1.288750000E2
3.802176880E0,1.288750000E2
3.804801880E0,1.288750000E2
3.807425880E0,1.288750000E2
3.810050880E0,1.288750000E2
3.812674880E0,1.288750000E2
3.815299880E0,1.288750000E2
3.817923880E0,1.288750000E2
3.820548880E0,1.288750000E2
3.823173880E0,1.288750000E2
3.825797880E0,1.288750000E2
3.828422880E0,1.288750000E2
3.831046880E0,1.288750000E2
3.833671880E0,1.288750000E2
3.836295880E0,1.288750000E2
3.838920880E0,1.288750000E2
3.841544880E0,1.288750000E2
3.844169880E0,1.288750000E2
3.846793880E0,1.288750000E2
3.849418880E0,1.288750000E2
3.852042880E0,1.288750000E2
3.854667880E0,1.288750000E2
3.857291880E0,1.288750000E2
3.859916880E0,1.352500000E2
3.862540880E0,1.352500000E2
3.865165880E0,1.352500000E2
3.867789880E0,1.352500000E2
3.870414880E0,1.352500000E2
3.873038880E0,1.352500000E2
3.875663880E0,1.352500000E2
3.878287880E0,1.352500000E2
3.880912880E0,1.352500000E2
3.883536880E0,1.352500000E2
3.886161880E0,1.352500000E2
3.888785880E0,1.352500000E2
3.891410880E0,1.352500000E2
3.894034880E0,1.352500000E2
3.896659880E0,1.352500000E2
3.899283880E0,1.352500000E2
3.901908880E0,1.352500000E2
3.904532880E0,1.352500000E2
3.907157880E0,1.352500000E2
3.909781880E0,1.288750000E2
3.912406880E0,1.288750000E2
3.915030880E0,1.288750000E2
3.917655880E0,1.288750000E2
3.920279880E0,1.288750000E2
3.922904880E0,1.288750000E2
3.925528880E0,1.288750000E2
3.928153880E0,1.288750000E2
3.930777880E0,1.288750000E2
3.933402880E0,1.288750000E2
3.936027880E0,1.352500000E2
3.938651880E0,1.352500000E2
3.941276880E0,1.352500000E2
3.943900880E0,1.352500000E2
3.946525880E0,1.352500000E2
3.949149880E0,1.352500000E2
3.951774880E0,1.352500000E2
3.954398880E0,1.352500000E2
3.957023880E0,1.352500000E2
3.959647880E0,1.352500000E2
3.962272880E0,1.352500000E2
3.964896880E0,1.352500000E2
3.967521880E0,1.352500000E2
3.970145880E0,1.352500000E2
3.972770880E0,1.352500000E2
3.975394880E0,1.352500000E2
3.978019880E0,1.352500000E2
3.980643880E0,1.352500000E2
3.983268880E0,1.352500000E2
3.985892880E0,1.288750000E2
3.988517880E0,1.288750000E2
3.991141880E0,1.288750000E2
3.993766880E0,1.288750000E2
3.996390880E0,1.288750000E2
3.999015880E0,1.288750000E2
4.001639880E0,1.288750000E2
4.004264880E0,1.288750000E2
4.006888880E0,1.288750000E2
4.009513880E0,1.288750000E2
4.012137880E0,1.288750000E2
4.014762880E0,1.288750000E2
4.017386880E0,1.288750000E2
4.020011880E0,1.288750000E2
4.022635880E0,1.288750000E2
4.025260880E0,1.288750000E2
4.027884880E0,1.288750000E2
4.030509880E0,1.288750000E2
4.033133880E0,1.288750000E2
4.035758880E0,1.288750000E2
4.038382880E0,1.352500000E2
4.041007880E0,1.352500000E2
4.043631880E0,1.352500000E2
4.046256880E0,1.352500000E2
4.048881880E0,1.352500000E2
4.051505880E0,1.352500000E2
4.054130880E0,1.352500000E2
4.056754880E0,1.352500000E2
4.059379880E0,1.352500000E2
4.062003880E0,1.288750000E2
4.064628880E0,1.288750000E2
4.067252880E0,1.288750000E2
4.069877880E0,1.288750000E2
4.072501880E0,1.288750000E2
4.075126880E0,1.288750000E2
4.077750880E0,1.288750000E2
4.080375880E0,1.288750000E2
4.082999880E0,1.288750000E2
4.085624880E0,1.288750000E2
4.088248880E0,1.352500000E2
4.090873880E0,1.352500000E2
4.093497880E0,1.352500000E2
4.096122880E0,1.352500000E2
4.098746880E0,1.352500000E2
4.101371880E0,1.352500000E2
4.103995880E0,1.352500000E2
4.106620880E0,1.352500000E2
4.109244880E0,1.352500000E2
4.111869880E0,1.352500000E2
4.114493880E0,1.288750000E2
4.117118880E0,1.288750000E2
4.119742880E0,1.288750000E2
4.122367880E0,1.288750000E2
4.124991880E0,1.288750000E2
4.127616880E0,1.288750000E2
4.130240880E0,1.288750000E2
4.132865880E0,1.288750000E2
4.135489880E0,1.288750000E2
4.138114880E0,1.288750000E2
4.140738880E0,1.288750000E2
4.143363880E0,1.288750000E2
4.145987880E0,1.288750000E2
4.148612880E0,1.288750000E2
4.151236880E0,1.288750000E2
4.153861880E0,1.288750000E2
4.156485880E0,1.288750000E2
4.159110880E0,1.288750000E2
4.161735880E0,1.288750000E2
4.164359880E0,1.288750000E2
4.166984880E0,1.288750000E2
4.169608880E0,1.288750000E2
4.172233880E0,1.288750000E2
4.174857880E0,1.288750000E2
4.177482880E0,1.288750000E2
4.180106880E0,1.288750000E2
4.182731880E0,1.288750000E2
4.185355880E0,1.288750000E2
4.187980880E0,1.288750000E2
4.190604880E0,1.288750000E2
4.193229880E0,1.288750000E2
4.195853880E0,1.288750000E2
4.198478880E0,1.288750000E2
4.201102880E0,1.288750000E2
4.203727880E0,1.288750000E2
4.206351880E0,1.288750000E2
4.208976880E0,1.288750000E2
4.211600880E0,1.288750000E2
4.214225880E0,1.288750000E2
4.216849880E0,1.288750000E2
4.219474880E0,1.288750000E2
4.222098880E0,1.288750000E2
4.224723880E0,1.288750000E2
4.227347880E0,1.288750000E2
4.229972880E0,1.288750000E2
4.232596880E0,1.288750000E2
4.235221880E0,1.288750000E2
4.237845880E0,1.288750000E2
4.240470880E0,1.352500000E2
4.243094880E0,1.352500000E2
4.245719880E0,1.352500000E2
4.248343880E0,1.352500000E2
4.250968880E0,1.352500000E2
4.253592880E0,1.352500000E2
4.256217880E0,1.352500000E2
4.258841880E0,1.352500000E2
4.261466880E0,1.352500000E2
4.264090880E0,1.352500000E2
4.266715880E0,1.288750000E2
4.269339880E0,1.288750000E2
4.271964880E0,1.288750000E2
4.274589880E0,1.288750000E2
4.277213880E0,1.288750000E2
4.279838880E0,1.288750000E2
4.282462880E0,1.288750000E2
4.285087880E0,1.288750000E2
4.287711880E0,1.288750000E2
4.290336880E0,1.288750000E2
4.292960880E0,1.288750000E2
4.295585880E0,1.288750000E2
4.298209880E0,1.288750000E2
4.300834880E0,1.288750000E2
4.303458880E0,1.288750000E2
4.306083880E0,1.288750000E2
4.308707880E0,1.288750000E2
4.311332880E0,1.288750000E2
4.313956880E0,1.288750000E2
4.316581880E0,1.288750000E2
4.319205880E0,1.288750000E2
4.321830880E0,1.288750000E2
4.324454880E0,1.288750000E2
4.327079880E0,1.288750000E2
4.329703880E0,1.288750000E2
4.332328880E0,1.288750000E2
4.334952880E0,1.288750000E2
4.337577880E0,1.288750000E2
4.340201880E0,1.288750000E2
4.342826880E0,1.288750000E2
4.345450880E0,1.288750000E2
4.348075880E0,1.288750000E2
4.350699880E0,1.288750000E2
4.353324880E0,1.288750000E2
4.355948880E0,1.288750000E2
4.358573880E0,1.288750000E2
4.361197880E0,1.288750000E2
4.363822880E0,1.288750000E2
4.366446880E0,1.288750000E2
4.369071880E0,1.288750000E2
4.371695880E0,1.288750000E2
4.374320880E0,1.288750000E2
4.376944880E0,1.288750000E2
4.379569880E0,1.288750000E2
4.382193880E0,1.288750000E2
4.384818880E0,1.288750000E2
4.387443880E0,1.288750000E2
4.390067880E0,1.288750000E2
4.392692880E0,1.288750000E2
4.395316880E0,1.288750000E2
4.397941880E0,1.288750000E2
4.400565880E0,1.288750000E2
4.403190880E0,1.288750000E2
4.405814880E0,1.288750000E2
4.408439880E0,1.288750000E2
4.411063880E0,1.288750000E2
4.413688880E0,1.288750000E2
4.416312880E0,1.288750000E2
4.418937880E0,1.288750000E2
4.421561880E0,1.288750000E2
4.424186880E0,1.288750000E2
4.426810880E0,1.288750000E2
4.429435880E0,1.288750000E2
4.432059880E0,1.288750000E2
4.434684880E0,1.288750000E2
4.437308880E0,1.288750000E2
4.439933880E0,1.288750000E2
4.442557880E0,1.288750000E2
4.445182880E0,1.288750000E2
4.447806880E0,1.288750000E2
4.450431880E0,1.288750000E2
4.453055880E0,1.288750000E2
4.455680880E0,1.288750000E2
4.458304880E0,1.288750000E2
4.460929880E0,1.288750000E2
4.463553880E0,1.288750000E2
4.466178880E0,1.288750000E2
4.468802880E0,1.288750000E2
4.471427880E0,1.288750000E2
4.474051880E0,1.288750000E2
4.476676880E0,1.288750000E2
4.479300880E0,1.288750000E2
4.481925880E0,1.288750000E2
4.484549880E0,1.288750000E2
4.487174880E0,1.288750000E2
4.489798880E0,1.288750000E2
4.492423880E0,1.288750000E2
4.495048880E0,1.288750000E2
4.497672880E0,1.288750000E2
4.500297880E0,1.288750000E2
4.502921880E0,1.288750000E2
4.505546880E0,1.288750000E2
4.508170880E0,1.288750000E2
4.510795880E0,1.288750000E2
4.513419880E0,1.288750000E2
4.516044880E0,1.288750000E2
4.518668880E0,1.288750000E2
4.521293880E0,1.288750000E2
4.523917880E0,1.288750000E2
4.526542880E0,1.288750000E2
4.529166880E0,1.288750000E2
4.531791880E0,1.288750000E2
4.534415880E0,1.288750000E2
4.537040880E0,1.288750000E2
4.539664880E0,1.288750000E2
4.542289880E0,1.288750000E2
4.544913880E0,1.288750000E2
4.547538880E0,1.288750000E2
4.550162880E0,1.288750000E2
4.552787880E0,1.288750000E2
4.555411880E0,1.288750000E2
4.558036880E0,1.288750000E2
4.560660880E0,1.288750000E2
4.563285880E0,1.288750000E2
4.565909880E0,1.288750000E2
4.568534880E0,1.288750000E2
4.571158880E0,1.352500000E2
4.573783880E0,1.352500000E2
4.576407880E0,1.352500000E2
4.579032880E0,1.352500000E2
4.581656880E0,1.352500000E2
4.584281880E0,1.352500000E2
4.586905880E0,1.352500000E2
4.589530880E0,1.352500000E2
4.592154880E0,1.352500000E2
4.594779880E0,1.352500000E2
4.597403880E0,1.288750000E2
4.600028880E0,1.288750000E2
4.602652880E0,1.288750000E2
4.605277880E0,1.288750000E2
4.607902880E0,1.288750000E2
4.610526880E0,1.288750000E2
4.613151880E0,1.288750000E2
4.615775880E0,1.288750000E2
4.618400880E0,1.288750000E2
4.621024880E0,1.288750000E2
4.623649880E0,1.288750000E2
4.626273880E0,1.288750000E2
4.628898880E0,1.288750000E2
4.631522880E0,1.288750000E2
4.634147880E0,1.288750000E2
4.636771880E0,1.288750000E2
4.639396880E0,1.288750000E2
4.642020880E0,1.288750000E2
4.644645880E0,1.288750000E2
4.647269880E0,1.352500000E2
4.649894880E0,1.352500000E2
4.652518880E0,1.352500000E2
4.655143880E0,1.352500000E2
4.657767880E0,1.352500000E2
4.660392880E0,1.352500000E2
4.663016880E0,1.352500000E2
4.665641880E0,1.352500000E2
4.668265880E0,1.352500000E2
4.670890880E0,1.352500000E2
4.673514880E0,1.288750000E2
4.676139880E0,1.288750000E2
4.678763880E0,1.288750000E2
4.681388880E0,1.288750000E2
4.684012880E0,1.288750000E2
4.686637880E0,1.288750000E2
4.689261880E0,1.288750000E2
4.691886880E0,1.288750000E2
4.694510880E0,1.288750000E2
4.697135880E0,1.288750000E2
4.699759880E0,1.352500000E2
4.702384880E0,1.352500000E2
4.705008880E0,1.352500000E2
4.707633880E0,1.352500000E2
4.710257880E0,1.352500000E2
4.712882880E0,1.352500000E2
4.715506880E0,1.352500000E2
4.718131880E0,1.352500000E2
4.720756880E0,1.352500000E2
4.723380880E0,1.352500000E2
4.726005880E0,1.288750000E2
4.728629880E0,1.288750000E2
4.731254880E0,1.288750000E2
4.733878880E0,1.288750000E2
4.736503880E0,1.288750000E2
4.739127880E0,1.288750000E2
4.741752880E0,1.288750000E2
4.744376880E0,1.288750000E2
4.747001880E0,1.288750000E2
4.749625880E0,1.352500000E2
4.752250880E0,1.352500000E2
4.754874880E0,1.352500000E2
4.757499880E0,1.352500000E2
4.760123880E0,1.352500000E2
4.762748880E0,1.352500000E2
4.765372880E0,1.352500000E2
4.767997880E0,1.352500000E2
4.770621880E0,1.352500000E2
4.773246880E0,1.352500000E2
4.775870880E0,1.288750000E2
4.778495880E0,1.288750000E2
4.781119880E0,1.288750000E2
4.783744880E0,1.288750000E2
4.786368880E0,1.288750000E2
4.788993880E0,1.288750000E2
4.791617880E0,1.288750000E2
4.794242880E0,1.288750000E2
4.796866880E0,1.288750000E2
4.799491880E0,1.352500000E2
4.802115880E0,1.352500000E2
4.804740880E0,1.352500000E2
4.807364880E0,1.352500000E2
4.809989880E0,1.352500000E2
4.812613880E0,1.352500000E2
4.815238880E0,1.352500000E2
4.817862880E0,1.352500000E2
4.820487880E0,1.352500000E2
4.823111880E0,1.352500000E2
4.825736880E0,1.352500000E2
4.828360880E0,1.352500000E2
4.830985880E0,1.352500000E2
4.833610880E0,1.352500000E2
4.836234880E0,1.352500000E2
4.838859880E0,1.352500000E2
4.841483880E0,1.352500000E2
4.844108880E0,1.352500000E2
4.846732880E0,1.352500000E2
4.849357880E0,1.352500000E2
4.851981880E0,1.288750000E2
4.854606880E0,1.288750000E2
4.857230880E0,1.288750000E2
4.859855880E0,1.288750000E2
4.862479880E0,1.288750000E2
4.865104880E0,1.288750000E2
4.867728880E0,1.288750000E2
4.870353880E0,1.288750000E2
4.872977880E0,1.288750000E2
4.875602880E0,1.288750000E2
4.878226880E0,1.352500000E2
4.880851880E0,1.352500000E2
4.883475880E0,1.352500000E2
4.886100880E0,1.352500000E2
4.888724880E0,1.352500000E2
4.891349880E0,1.352500000E2
4.893973880E0,1.352500000E2
4.896598880E0,1.352500000E2
4.899222880E0,1.352500000E2
4.901847880E0,1.288750000E2
4.904471880E0,1.288750000E2
4.907096880E0,1.288750000E2
4.909720880E0,1.288750000E2
4.912345880E0,1.288750000E2
4.914969880E0,1.288750000E2
4.917594880E0,1.288750000E2
4.920218880E0,1.288750000E2
4.922843880E0,1.288750000E2
4.925467880E0,1.288750000E2
4.928092880E0,1.288750000E2
4.930716880E0,1.288750000E2
4.933341880E0,1.288750000E2
4.935965880E0,1.288750000E2
4.938590880E0,1.288750000E2
4.941214880E0,1.288750000E2
4.943839880E0,1.288750000E2
4.946464880E0,1.288750000E2
4.949088880E0,1.288750000E2
4.951713880E0,1.288750000E2
4.954337880E0,1.288750000E2
4.956962880E0,1.288750000E2
4.959586880E0,1.288750000E2
4.962211880E0,1.288750000E2
4.964835880E0,1.288750000E2
4.967460880E0,1.288750000E2
4.970084880E0,1.288750000E2
4.972709880E0,1.288750000E2
4.975333880E0,1.288750000E2
4.977958880E0,1.288750000E2
4.980582880E0,1.288750000E2
4.983207880E0,1.288750000E2
4.985831880E0,1.288750000E2
4.988456880E0,1.288750000E2
4.991080880E0,1.288750000E2
4.993705880E0,1.288750000E2
4.996329880E0,1.288750000E2
4.998954880E0,1.288750000E2
5.001578880E0,1.288750000E2
5.004203880E0,1.288750000E2
5.006827880E0,1.288750000E2
5.009452880E0,1.288750000E2
5.012076880E0,1.288750000E2
5.014701880E0,1.288750000E2
5.017325880E0,1.288750000E2
5.019950880E0,1.288750000E2
5.022574880E0,1.288750000E2
5.025199880E0,1.288750000E2
5.027823880E0,1.288750000E2
5.030448880E0,1.288750000E2
5.033072880E0,1.288750000E2
5.035697880E0,1.288750000E2
5.038321880E0,1.288750000E2
5.040946880E0,1.288750000E2
5.043570880E0,1.288750000E2
5.046195880E0,1.288750000E2
5.048819880E0,1.288750000E2
5.051444880E0,1.288750000E2
5.054068880E0,1.288750000E2
5.056693880E0,1.288750000E2
5.059318880E0,1.288750000E2
5.061942880E0,1.288750000E2
5.064567880E0,1.288750000E2
5.067191880E0,1.288750000E2
5.069816880E0,1.288750000E2
5.072440880E0,1.288750000E2
5.075065880E0,1.288750000E2
5.077689880E0,1.288750000E2
5.080314880E0,1.288750000E2
5.082938880E0,1.288750000E2
5.085563880E0,1.288750000E2
5.088187880E0,1.288750000E2
5.090812880E0,1.288750000E2
5.093436880E0,1.288750000E2
5.096061880E0,1.288750000E2
5.098685880E0,1.288750000E2
5.101310880E0,1.288750000E2
5.103934880E0,1.288750000E2
5.106559880E0,1.288750000E2
5.109183880E0,1.288750000E2
5.111808880E0,1.288750000E2
5.114432880E0,1.288750000E2
5.117057880E0,1.288750000E2
5.119681880E0,1.288750000E2
5.122306880E0,1.288750000E2
5.124930880E0,1.288750000E2
5.127555880E0,1.288750000E2
5.130179880E0,1.288750000E2
5.132804880E0,1.288750000E2
5.135428880E0,1.288750000E2
5.138053880E0,1.288750000E2
5.140677880E0,1.288750000E2
5.143302880E0,1.288750000E2
5.145926880E0,1.288750000E2
5.148551880E0,1.288750000E2
5.151175880E0,1.288750000E2
5.153800880E0,1.288750000E2
5.156424880E0,1.288750000E2
5.159049880E0,1.288750000E2
5.161673880E0,1.288750000E2
5.164298880E0,1.288750000E2
5.166923880E0,1.288750000E2
5.169547880E0,1.288750000E2
5.172172880E0,1.288750000E2
5.174796880E0,1.288750000E2
5.177421880E0,1.288750000E2
5.180045880E0,1.288750000E2
5.182670880E0,1.288750000E2
5.185294880E0,1.288750000E2
5.187919880E0,1.288750000E2
5.190543880E0,1.288750000E2
5.193168880E0,1.288750000E2
5.195792880E0,1.288750000E2
5.198417880E0,1.288750000E2
5.201041880E0,1.288750000E2
5.203666880E0,1.288750000E2
5.206290880E0,1.288750000E2
5.208915880E0,1.288750000E2
5.211539880E0,1.288750000E2
5.214164880E0,1.288750000E2
5.216788880E0,1.288750000E2
5.219413880E0,1.288750000E2
5.222037880E0,1.288750000E2
5.224662880E0,1.288750000E2
5.227286880E0,1.288750000E2
5.229911880E0,1.288750000E2
5.232535880E0,1.288750000E2
5.235160880E0,1.288750000E2
5.237784880E0,1.288750000E2
5.240409880E0,1.288750000E2
5.243033880E0,1.288750000E2
5.245658880E0,1.288750000E2
5.248282880E0,1.288750000E2
5.250907880E0,1.288750000E2
5.253531880E0,1.288750000E2
5.256156880E0,1.288750000E2
5.258780880E0,1.352500000E2
5.261405880E0,1.352500000E2
5.264029880E0,1.352500000E2
5.266654880E0,1.352500000E2
5.269278880E0,1.352500000E2
5.271903880E0,1.352500000E2
5.274527880E0,1.352500000E2
5.277152880E0,1.352500000E2
5.279777880E0,1.352500000E2
5.282401880E0,1.352500000E2
5.285026880E0,1.352500000E2
5.287650880E0,1.352500000E2
5.290275880E0,1.352500000E2
5.292899880E0,1.352500000E2
5.295524880E0,1.352500000E2
5.298148880E0,1.352500000E2
5.300773880E0,1.352500000E2
5.303397880E0,1.352500000E2
5.306022880E0,1.352500000E2
5.308646880E0,1.352500000E2
5.311271880E0,1.288750000E2
5.313895880E0,1.288750000E2
5.316520880E0,1.288750000E2
5.319144880E0,1.288750000E2
5.321769880E0,1.288750000E2
5.324393880E0,1.288750000E2
5.327018880E0,1.288750000E2
5.329642880E0,1.288750000E2
5.332267880E0,1.288750000E2
5.334891880E0,1.352500000E2
5.337516880E0,1.352500000E2
5.340140880E0,1.352500000E2
5.342765880E0,1.352500000E2
5.345389880E0,1.352500000E2
5.348014880E0,1.352500000E2
5.350638880E0,1.352500000E2
5.353263880E0,1.352500000E2
5.355887880E0,1.352500000E2
5.358512880E0,1.352500000E2
5.361136880E0,1.288750000E2
5.363761880E0,1.288750000E2
5.366385880E0,1.288750000E2
5.369010880E0,1.288750000E2
5.371634880E0,1.288750000E2
5.374259880E0,1.288750000E2
5.376883880E0,1.288750000E2
5.379508880E0,1.288750000E2
5.382132880E0,1.288750000E2
5.384757880E0,1.288750000E2
5.387381880E0,1.288750000E2
5.390006880E0,1.288750000E2
5.392631880E0,1.288750000E2
5.395255880E0,1.288750000E2
5.397880880E0,1.288750000E2
5.400504880E0,1.288750000E2
5.403129880E0,1.288750000E2
5.405753880E0,1.288750000E2
5.408378880E0,1.288750000E2
5.411002880E0,1.288750000E2
5.413627880E0,1.288750000E2
5.416251880E0,1.288750000E2
5.418876880E0,1.288750000E2
5.421500880E0,1.288750000E2
5.424125880E0,1.288750000E2
5.426749880E0,1.288750000E2
5.429374880E0,1.288750000E2
5.431998880E0,1.288750000E2
5.434623880E0,1.288750000E2
5.437247880E0,1.352500000E2
5.439872880E0,1.352500000E2
5.442496880E0,1.352500000E2
5.445121880E0,1.352500000E2
5.447745880E0,1.352500000E2
5.450370880E0,1.352500000E2
5.452994880E0,1.352500000E2
5.455619880E0,1.352500000E2
5.458243880E0,1.352500000E2
5.460868880E0,1.352500000E2
5.463492880E0,1.352500000E2
5.466117880E0,1.352500000E2
5.468741880E0,1.352500000E2
5.471366880E0,1.352500000E2
5.473990880E0,1.352500000E2
5.476615880E0,1.352500000E2
5.479239880E0,1.352500000E2
5.481864880E0,1.352500000E2
5.484488880E0,1.352500000E2
5.487113880E0,1.352500000E2
5.489737880E0,1.352500000E2
5.492362880E0,1.352500000E2
5.494986880E0,1.352500000E2
5.497611880E0,1.352500000E2
5.500235880E0,1.352500000E2
5.502860880E0,1.352500000E2
5.505485880E0,1.352500000E2
5.508109880E0,1.352500000E2
5.510734880E0,1.352500000E2
5.513358880E0,1.352500000E2
5.515983880E0,1.352500000E2
5.518607880E0,1.352500000E2
5.521232880E0,1.352500000E2
5.523856880E0,1.352500000E2
5.526481880E0,1.352500000E2
5.529105880E0,1.352500000E2
5.531730880E0,1.352500000E2
5.534354880E0,1.352500000E2
5.536979880E0,1.352500000E2
5.539603880E0,1.288750000E2
5.542228880E0,1.288750000E2
5.544852880E0,1.288750000E2
5.547477880E0,1.288750000E2
5.550101880E0,1.288750000E2
5.552726880E0,1.288750000E2
5.555350880E0,1.288750000E2
5.557975880E0,1.288750000E2
5.560599880E0,1.288750000E2
5.563224880E0,1.288750000E2
5.565848880E0,1.288750000E2
5.568473880E0,1.288750000E2
5.571097880E0,1.288750000E2
5.573722880E0,1.288750000E2
5.576346880E0,1.288750000E2
5.578971880E0,1.288750000E2
5.581595880E0,1.288750000E2
5.584220880E0,1.288750000E2
5.586844880E0,1.288750000E2
5.589469880E0,1.288750000E2
5.592093880E0,1.288750000E2
5.594718880E0,1.288750000E2
5.597342880E0,1.288750000E2
5.599967880E0,1.288750000E2
5.602591880E0,1.288750000E2
5.605216880E0,1.288750000E2
5.607840880E0,1.288750000E2
5.610465880E0,1.288750000E2
5.613089880E0,1.288750000E2
5.615714880E0,1.352500000E2
5.618339880E0,1.352500000E2
5.620963880E0,1.352500000E2
5.623588880E0,1.352500000E2
5.626212880E0,1.352500000E2
5.628837880E0,1.352500000E2
5.631461880E0,1.352500000E2
5.634086880E0,1.352500000E2
5.636710880E0,1.352500000E2
5.639335880E0,1.288750000E2
5.641959880E0,1.288750000E2
5.644584880E0,1.288750000E2
5.647208880E0,1.288750000E2
5.649833880E0,1.288750000E2
5.652457880E0,1.288750000E2
5.655082880E0,1.288750000E2
5.657706880E0,1.288750000E2
5.660331880E0,1.288750000E2
5.662955880E0,1.288750000E2
5.665580880E0,1.352500000E2
5.668204880E0,1.352500000E2
5.670829880E0,1.352500000E2
5.673453880E0,1.352500000E2
5.676078880E0,1.352500000E2
5.678702880E0,1.352500000E2
5.681327880E0,1.352500000E2
5.683951880E0,1.352500000E2
5.686576880E0,1.352500000E2
5.689200880E0,1.352500000E2
5.691825880E0,1.288750000E2
5.694449880E0,1.288750000E2
5.697074880E0,1.288750000E2
5.699698880E0,1.288750000E2
5.702323880E0,1.288750000E2
5.704947880E0,1.288750000E2
5.707572880E0,1.288750000E2
5.710196880E0,1.288750000E2
5.712821880E0,1.288750000E2
5.715445880E0,1.288750000E2
5.718070880E0,1.288750000E2
5.720694880E0,1.288750000E2
5.723319880E0,1.288750000E2
5.725943880E0,1.288750000E2
5.728568880E0,1.288750000E2
5.731193880E0,1.288750000E2
5.733817880E0,1.288750000E2
5.736442880E0,1.288750000E2
5.739066880E0,1.288750000E2
5.741691880E0,1.288750000E2
5.744315880E0,1.288750000E2
5.746940880E0,1.288750000E2
5.749564880E0,1.288750000E2
5.752189880E0,1.288750000E2
5.754813880E0,1.288750000E2
5.757438880E0,1.288750000E2
5.760062880E0,1.288750000E2
5.762687880E0,1.288750000E2
5.765311880E0,1.288750000E2
5.767936880E0,1.288750000E2
5.770560880E0,1.288750000E2
5.773185880E0,1.288750000E2
5.775809880E0,1.288750000E2
5.778434880E0,1.288750000E2
5.781058880E0,1.288750000E2
5.783683880E0,1.288750000E2
5.786307880E0,1.288750000E2
5.788932880E0,1.288750000E2
5.791556880E0,1.288750000E2
5.794181880E0,1.288750000E2
5.796805880E0,1.288750000E2
5.799430880E0,1.288750000E2
5.802054880E0,1.288750000E2
5.804679880E0,1.288750000E2
5.807303880E0,1.288750000E2
5.809928880E0,1.288750000E2
5.812552880E0,1.288750000E2
5.815177880E0,1.288750000E2
5.817801880E0,1.288750000E2
5.820426880E0,1.288750000E2
5.823050880E0,1.288750000E2
5.825675880E0,1.288750000E2
5.828299880E0,1.288750000E2
5.830924880E0,1.288750000E2
5.833548880E0,1.288750000E2
5.836173880E0,1.288750000E2
5.838798880E0,1.288750000E2
5.841422880E0,1.288750000E2
5.844047880E0,1.288750000E2
5.846671880E0,1.288750000E2
5.849296880E0,1.288750000E2
5.851920880E0,1.288750000E2
5.854545880E0,1.288750000E2
5.857169880E0,1.288750000E2
5.859794880E0,1.288750000E2
5.862418880E0,1.288750000E2
5.865043880E0,1.288750000E2
5.867667880E0,1.288750000E2
5.870292880E0,1.352500000E2
5.872916880E0,1.352500000E2
5.875541880E0,1.352500000E2
5.878165880E0,1.352500000E2
5.880790880E0,1.352500000E2
5.883414880E0,1.352500000E2
5.886039880E0,1.352500000E2
5.888663880E0,1.352500000E2
5.891288880E0,1.352500000E2
5.893912880E0,1.352500000E2
5.896537880E0,1.288750000E2
5.899161880E0,1.288750000E2
5.901786880E0,1.288750000E2
5.904410880E0,1.288750000E2
5.907035880E0,1.288750000E2
5.909659880E0,1.288750000E2
5.912284880E0,1.288750000E2
5.914908880E0,1.288750000E2
5.917533880E0,1.288750000E2
5.920157880E0,1.352500000E2
5.922782880E0,1.352500000E2
5.925406880E0,1.352500000E2
5.928031880E0,1.352500000E2
5.930655880E0,1.352500000E2
5.933280880E0,1.352500000E2
5.935904880E0,1.352500000E2
5.938529880E0,1.352500000E2
5.941153880E0,1.352500000E2
5.943778880E0,1.352500000E2
5.946402880E0,1.288750000E2
5.949027880E0,1.288750000E2
5.951652880E0,1.288750000E2
5.954276880E0,1.288750000E2
5.956901880E0,1.288750000E2
5.959525880E0,1.288750000E2
5.962150880E0,1.288750000E2
5.964774880E0,1.288750000E2
5.967399880E0,1.288750000E2
5.970023880E0,1.288750000E2
5.972648880E0,1.352500000E2
5.975272880E0,1.352500000E2
5.977897880E0,1.352500000E2
5.980521880E0,1.352500000E2
5.983146880E0,1.352500000E2
5.985770880E0,1.352500000E2
5.988395880E0,1.352500000E2
5.991019880E0,1.352500000E2
5.993644880E0,1.352500000E2
5.996268880E0,1.288750000E2
5.998893880E0,1.288750000E2
6.001517880E0,1.288750000E2
6.004142880E0,1.288750000E2
6.006766880E0,1.288750000E2
6.009391880E0,1.288750000E2
6.012015880E0,1.288750000E2
6.014640880E0,1.288750000E2
6.017264880E0,1.288750000E2
6.019889880E0,1.288750000E2
6.022513880E0,1.288750000E2
6.025138880E0,1.288750000E2
6.027762880E0,1.288750000E2
6.030387880E0,1.288750000E2
6.033011880E0,1.288750000E2
6.035636880E0,1.288750000E2
6.038260880E0,1.288750000E2
6.040885880E0,1.288750000E2
6.043509880E0,1.288750000E2
6.046134880E0,1.288750000E2
6.048758880E0,1.352500000E2
6.051383880E0,1.352500000E2
6.054007880E0,1.352500000E2
6.056632880E0,1.352500000E2
6.059256880E0,1.352500000E2
6.061881880E0,1.352500000E2
6.064506880E0,1.352500000E2
6.067130880E0,1.352500000E2
6.069755880E0,1.352500000E2
6.072379880E0,1.352500000E2
6.075004880E0,1.288750000E2
6.077628880E0,1.288750000E2
6.080253880E0,1.288750000E2
6.082877880E0,1.288750000E2
6.085502880E0,1.288750000E2
6.088126880E0,1.288750000E2
6.090751880E0,1.288750000E2
6.093375880E0,1.288750000E2
6.096000880E0,1.288750000E2
6.098624880E0,1.352500000E2
6.101249880E0,1.352500000E2
6.103873880E0,1.352500000E2
6.106498880E0,1.352500000E2
6.109122880E0,1.352500000E2
6.111747880E0,1.352500000E2
6.114371880E0,1.352500000E2
6.116996880E0,1.352500000E2
6.119620880E0,1.352500000E2
6.122245880E0,1.352500000E2
6.124869880E0,1.288750000E2
6.127494880E0,1.288750000E2
6.130118880E0,1.288750000E2
6.132743880E0,1.288750000E2
6.135367880E0,1.288750000E2
6.137992880E0,1.288750000E2
6.140616880E0,1.288750000E2
6.143241880E0,1.288750000E2
6.145865880E0,1.288750000E2
6.148490880E0,1.288750000E2
6.151114880E0,1.352500000E2
6.153739880E0,1.352500000E2
6.156363880E0,1.352500000E2
6.158988880E0,1.352500000E2
6.161612880E0,1.352500000E2
6.164237880E0,1.352500000E2
6.166861880E0,1.352500000E2
6.169486880E0,1.352500000E2
6.172110880E0,1.352500000E2
6.174735880E0,1.352500000E2
6.177360880E0,1.352500000E2
6.179984880E0,1.352500000E2
6.182609880E0,1.352500000E2
6.185233880E0,1.352500000E2
6.187858880E0,1.352500000E2
6.190482880E0,1.352500000E2
6.193107880E0,1.352500000E2
6.195731880E0,1.352500000E2
6.198356880E0,1.352500000E2
6.200980880E0,1.352500000E2
6.203605880E0,1.352500000E2
6.206229880E0,1.352500000E2
6.208854880E0,1.352500000E2
6.211478880E0,1.352500000E2
6.214103880E0,1.352500000E2
6.216727880E0,1.352500000E2
6.219352880E0,1.352500000E2
6.221976880E0,1.352500000E2
6.224601880E0,1.352500000E2
6.227225880E0,1.288750000E2
6.229850880E0,1.288750000E2
6.232474880E0,1.288750000E2
6.235099880E0,1.288750000E2
6.237723880E0,1.288750000E2
6.240348880E0,1.288750000E2
6.242972880E0,1.288750000E2
6.245597880E0,1.288750000E2
6.248221880E0,1.288750000E2
6.250846880E0,1.288750000E2
6.253470880E0,1.288750000E2
6.256095880E0,1.288750000E2
6.258719880E0,1.288750000E2
6.261344880E0,1.288750000E2
6.263968880E0,1.288750000E2
6.266593880E0,1.288750000E2
6.269217880E0,1.288750000E2
6.271842880E0,1.288750000E2
6.274466880E0,1.288750000E2
6.277091880E0,1.288750000E2
6.279715880E0,1.288750000E2
6.282340880E0,1.288750000E2
6.284964880E0,1.288750000E2
6.287589880E0,1.288750000E2
6.290214880E0,1.288750000E2
6.292838880E0,1.288750000E2
6.295463880E0,1.288750000E2
6.298087880E0,1.288750000E2
6.300712880E0,1.288750000E2
6.303336880E0,1.288750000E2
6.305961880E0,1.288750000E2
6.308585880E0,1.288750000E2
6.311210880E0,1.288750000E2
6.313834880E0,1.288750000E2
6.316459880E0,1.288750000E2
6.319083880E0,1.288750000E2
6.321708880E0,1.288750000E2
6.324332880E0,1.288750000E2
6.326957880E0,1.288750000E2
6.329581880E0,1.288750000E2
6.332206880E0,1.288750000E2
6.334830880E0,1.288750000E2
6.337455880E0,1.288750000E2
6.340079880E0,1.288750000E2
6.342704880E0,1.288750000E2
6.345328880E0,1.288750000E2
6.347953880E0,1.288750000E2
6.350577880E0,1.288750000E2
6.353202880E0,1.352500000E2
6.355826880E0,1.352500000E2
6.358451880E0,1.352500000E2
6.361075880E0,1.352500000E2
6.363700880E0,1.352500000E2
6.366324880E0,1.352500000E2
6.368949880E0,1.352500000E2
6.371573880E0,1.352500000E2
6.374198880E0,1.352500000E2
6.376822880E0,1.352500000E2
6.379447880E0,1.288750000E2
6.382071880E0,1.288750000E2
6.384696880E0,1.288750000E2
6.387320880E0,1.288750000E2
6.389945880E0,1.288750000E2
6.392569880E0,1.288750000E2
6.395194880E0,1.288750000E2
6.397818880E0,1.288750000E2
6.400443880E0,1.288750000E2
6.403068880E0,1.288750000E2
6.405692880E0,1.288750000E2
6.408317880E0,1.288750000E2
6.410941880E0,1.288750000E2
6.413566880E0,1.288750000E2
6.416190880E0,1.288750000E2
6.418815880E0,1.288750000E2
6.421439880E0,1.288750000E2
6.424064880E0,1.288750000E2
6.426688880E0,1.288750000E2
6.429313880E0,1.352500000E2
6.431937880E0,1.352500000E2
6.434562880E0,1.352500000E2
6.437186880E0,1.352500000E2
6.439811880E0,1.352500000E2
6.442435880E0,1.352500000E2
6.445060880E0,1.352500000E2
6.447684880E0,1.352500000E2
6.450309880E0,1.352500000E2
6.452933880E0,1.352500000E2
6.455558880E0,1.288750000E2
6.458182880E0,1.288750000E2
6.460807880E0,1.288750000E2
6.463431880E0,1.288750000E2
6.466056880E0,1.288750000E2
6.468680880E0,1.288750000E2
6.471305880E0,1.288750000E2
6.473929880E0,1.288750000E2
6.476554880E0,1.288750000E2
6.479178880E0,1.352500000E2
6.481803880E0,1.352500000E2
6.484427880E0,1.352500000E2
6.487052880E0,1.352500000E2
6.489676880E0,1.352500000E2
6.492301880E0,1.352500000E2
6.494925880E0,1.352500000E2
6.497550880E0,1.352500000E2
6.500174880E0,1.352500000E2
6.502799880E0,1.352500000E2
6.505423880E0,1.288750000E2
6.508048880E0,1.288750000E2
6.510673880E0,1.288750000E2
6.513297880E0,1.288750000E2
6.515922880E0,1.288750000E2
6.518546880E0,1.288750000E2
6.521171880E0,1.288750000E2
6.523795880E0,1.288750000E2
6.526420880E0,1.288750000E2
6.529044880E0,1.288750000E2
6.531669880E0,1.288750000E2
6.534293880E0,1.288750000E2
6.536918880E0,1.288750000E2
6.539542880E0,1.288750000E2
6.542167880E0,1.288750000E2
6.544791880E0,1.288750000E2
6.547416880E0,1.288750000E2
6.550040880E0,1.288750000E2
6.552665880E0,1.288750000E2
6.555289880E0,1.288750000E2
6.557914880E0,1.288750000E2
6.560538880E0,1.288750000E2
6.563163880E0,1.288750000E2
6.565787880E0,1.288750000E2
6.568412880E0,1.288750000E2
6.571036880E0,1.288750000E2
6.573661880E0,1.288750000E2
6.576285880E0,1.288750000E2
6.578910880E0,1.288750000E2
6.581534880E0,1.288750000E2
6.584159880E0,1.288750000E2
6.586783880E0,1.288750000E2
6.589408880E0,1.288750000E2
6.592032880E0,1.288750000E2
6.594657880E0,1.288750000E2
6.597281880E0,1.288750000E2
6.599906880E0,1.288750000E2
6.602530880E0,1.288750000E2
6.605155880E0,1.288750000E2
6.607779880E0,1.288750000E2
6.610404880E0,1.288750000E2
6.613028880E0,1.288750000E2
6.615653880E0,1.288750000E2
6.618277880E0,1.288750000E2
6.620902880E0,1.288750000E2
6.623527880E0,1.288750000E2
6.626151880E0,1.288750000E2
6.628776880E0,1.288750000E2
6.631400880E0,1.288750000E2
6.634025880E0,1.352500000E2
6.636649880E0,1.352500000E2
6.639274880E0,1.352500000E2
6.641898880E0,1.352500000E2
6.644523880E0,1.352500000E2
6.647147880E0,1.352500000E2
6.649772880E0,1.352500000E2
6.652396880E0,1.352500000E2
6.655021880E0,1.352500000E2
6.657645880E0,1.288750000E2
6.660270880E0,1.288750000E2
6.662894880E0,1.288750000E2
6.665519880E0,1.288750000E2
6.668143880E0,1.288750000E2
6.670768880E0,1.288750000E2
6.673392880E0,1.288750000E2
6.676017880E0,1.288750000E2
6.678641880E0,1.288750000E2
6.681266880E0,1.288750000E2
6.683890880E0,1.288750000E2
6.686515880E0,1.288750000E2
6.689139880E0,1.288750000E2
6.691764880E0,1.288750000E2
6.694388880E0,1.288750000E2
6.697013880E0,1.288750000E2
6.699637880E0,1.288750000E2
6.702262880E0,1.288750000E2
6.704886880E0,1.288750000E2
6.707511880E0,1.288750000E2
6.710135880E0,1.352500000E2
6.712760880E0,1.352500000E2
6.715384880E0,1.352500000E2
6.718009880E0,1.352500000E2
6.720633880E0,1.352500000E2
6.723258880E0,1.352500000E2
6.725882880E0,1.352500000E2
6.728507880E0,1.352500000E2
6.731131880E0,1.352500000E2
6.733756880E0,1.352500000E2
6.736381880E0,1.288750000E2
6.739005880E0,1.288750000E2
6.741630880E0,1.288750000E2
6.744254880E0,1.288750000E2
6.746879880E0,1.288750000E2
6.749503880E0,1.288750000E2
6.752128880E0,1.288750000E2
6.754752880E0,1.288750000E2
6.757377880E0,1.288750000E2
6.760001880E0,1.288750000E2
6.762626880E0,1.288750000E2
6.765250880E0,1.288750000E2
6.767875880E0,1.288750000E2
6.770499880E0,1.288750000E2
6.773124880E0,1.288750000E2
6.775748880E0,1.288750000E2
6.778373880E0,1.288750000E2
6.780997880E0,1.288750000E2
6.783622880E0,1.288750000E2
6.786246880E0,1.288750000E2
6.788871880E0,1.288750000E2
6.791495880E0,1.288750000E2
6.794120880E0,1.288750000E2
6.796744880E0,1.288750000E2
6.799369880E0,1.288750000E2
6.801993880E0,1.288750000E2
6.804618880E0,1.288750000E2
6.807242880E0,1.288750000E2
6.809867880E0,1.288750000E2
6.812491880E0,1.288750000E2
6.815116880E0,1.288750000E2
6.817740880E0,1.288750000E2
6.820365880E0,1.288750000E2
6.822989880E0,1.288750000E2
6.825614880E0,1.288750000E2
6.828238880E0,1.288750000E2
6.830863880E0,1.288750000E2
6.833487880E0,1.288750000E2
6.836112880E0,1.288750000E2
6.838736880E0,1.288750000E2
6.841361880E0,1.288750000E2
6.843985880E0,1.288750000E2
6.846610880E0,1.288750000E2
6.849235880E0,1.288750000E2
6.851859880E0,1.288750000E2
6.854484880E0,1.288750000E2
6.857108880E0,1.288750000E2
6.859733880E0,1.288750000E2
6.862357880E0,1.352500000E2
6.864982880E0,1.352500000E2
6.867606880E0,1.352500000E2
6.870231880E0,1.352500000E2
6.872855880E0,1.352500000E2
6.875480880E0,1.352500000E2
6.878104880E0,1.352500000E2
6.880729880E0,1.352500000E2
6.883353880E0,1.352500000E2
6.885978880E0,1.352500000E2
6.888602880E0,1.288750000E2
6.891227880E0,1.288750000E2
6.893851880E0,1.288750000E2
6.896476880E0,1.288750000E2
6.899100880E0,1.288750000E2
6.901725880E0,1.288750000E2
6.904349880E0,1.288750000E2
6.906974880E0,1.288750000E2
6.909598880E0,1.288750000E2
6.912223880E0,1.288750000E2
6.914847880E0,1.352500000E2
6.917472880E0,1.352500000E2
6.920096880E0,1.352500000E2
6.922721880E0,1.352500000E2
6.925345880E0,1.352500000E2
6.927970880E0,1.352500000E2
6.930594880E0,1.352500000E2
6.933219880E0,1.352500000E2
6.935843880E0,1.352500000E2
6.938468880E0,1.288750000E2
6.941092880E0,1.288750000E2
6.943717880E0,1.288750000E2
6.946341880E0,1.288750000E2
6.948966880E0,1.288750000E2
6.951590880E0,1.288750000E2
6.954215880E0,1.288750000E2
6.956839880E0,1.288750000E2
6.959464880E0,1.288750000E2
6.962089880E0,1.288750000E2
6.964713880E0,1.288750000E2
6.967338880E0,1.288750000E2
6.969962880E0,1.288750000E2
6.972587880E0,1.288750000E2
6.975211880E0,1.288750000E2
6.977836880E0,1.288750000E2
6.980460880E0,1.288750000E2
6.983085880E0,1.288750000E2
6.985709880E0,1.288750000E2
6.988334880E0,1.288750000E2
6.990958880E0,1.288750000E2
6.993583880E0,1.288750000E2
6.996207880E0,1.288750000E2
6.998832880E0,1.288750000E2
7.001456880E0,1.288750000E2
7.004081880E0,1.288750000E2
7.006705880E0,1.288750000E2
7.009330880E0,1.288750000E2
7.011954880E0,1.288750000E2
7.014579880E0,1.352500000E2
7.017203880E0,1.352500000E2
7.019828880E0,1.352500000E2
7.022452880E0,1.352500000E2
7.025077880E0,1.352500000E2
7.027701880E0,1.352500000E2
7.030326880E0,1.352500000E2
7.032950880E0,1.352500000E2
7.035575880E0,1.352500000E2
7.038199880E0,1.352500000E2
7.040824880E0,1.288750000E2
7.043448880E0,1.288750000E2
7.046073880E0,1.288750000E2
7.048697880E0,1.288750000E2
7.051322880E0,1.288750000E2
7.053946880E0,1.288750000E2
7.056571880E0,1.288750000E2
7.059195880E0,1.288750000E2
7.061820880E0,1.288750000E2
7.064444880E0,1.288750000E2
7.067069880E0,1.288750000E2
7.069693880E0,1.288750000E2
7.072318880E0,1.288750000E2
7.074943880E0,1.288750000E2
7.077567880E0,1.288750000E2
7.080192880E0,1.288750000E2
7.082816880E0,1.288750000E2
7.085441880E0,1.288750000E2
7.088065880E0,1.288750000E2
7.090690880E0,1.352500000E2
7.093314880E0,1.352500000E2
7.095939880E0,1.352500000E2
7.098563880E0,1.352500000E2
7.101188880E0,1.352500000E2
7.103812880E0,1.352500000E2
7.106437880E0,1.352500000E2
7.109061880E0,1.352500000E2
7.111686880E0,1.352500000E2
7.114310880E0,1.352500000E2
7.116935880E0,1.352500000E2
7.119559880E0,1.352500000E2
7.122184880E0,1.352500000E2
7.124808880E0,1.352500000E2
7.127433880E0,1.352500000E2
7.130057880E0,1.352500000E2
7.132682880E0,1.352500000E2
7.135306880E0,1.352500000E2
7.137931880E0,1.352500000E2
7.140555880E0,1.352500000E2
7.143180880E0,1.288750000E2
7.145804880E0,1.288750000E2
7.148429880E0,1.288750000E2
7.151053880E0,1.288750000E2
7.153678880E0,1.288750000E2
7.156302880E0,1.288750000E2
7.158927880E0,1.288750000E2
7.161551880E0,1.288750000E2
7.164176880E0,1.288750000E2
7.166800880E0,1.288750000E2
7.169425880E0,1.352500000E2
7.172049880E0,1.352500000E2
7.174674880E0,1.352500000E2
7.177298880E0,1.352500000E2
7.179923880E0,1.352500000E2
7.182548880E0,1.352500000E2
7.185172880E0,1.352500000E2
7.187797880E0,1.352500000E2
7.190421880E0,1.352500000E2
7.193046880E0,1.288750000E2
7.195670880E0,1.288750000E2
7.198295880E0,1.288750000E2
7.200919880E0,1.288750000E2
7.203544880E0,1.288750000E2
7.206168880E0,1.288750000E2
7.208793880E0,1.288750000E2
7.211417880E0,1.288750000E2
7.214042880E0,1.288750000E2
7.216666880E0,1.288750000E2
7.219291880E0,1.352500000E2
7.221915880E0,1.352500000E2
7.224540880E0,1.352500000E2
7.227164880E0,1.352500000E2
7.229789880E0,1.352500000E2
7.232413880E0,1.352500000E2
7.235038880E0,1.352500000E2
7.237662880E0,1.352500000E2
7.240287880E0,1.352500000E2
7.242911880E0,1.352500000E2
7.245536880E0,1.288750000E2
7.248160880E0,1.288750000E2
7.250785880E0,1.288750000E2
7.253409880E0,1.288750000E2
7.256034880E0,1.288750000E2
7.258658880E0,1.288750000E2
7.261283880E0,1.288750000E2
7.263907880E0,1.288750000E2
7.266532880E0,1.288750000E2
7.269156880E0,1.288750000E2
7.271781880E0,1.288750000E2
7.274405880E0,1.288750000E2
7.277030880E0,1.288750000E2
7.279654880E0,1.288750000E2
7.282279880E0,1.288750000E2
7.284903880E0,1.288750000E2
7.287528880E0,1.288750000E2
7.290152880E0,1.288750000E2
7.292777880E0,1.288750000E2
7.295402880E0,1.288750000E2
7.298026880E0,1.288750000E2
7.300651880E0,1.288750000E2
7.303275880E0,1.288750000E2
7.305900880E0,1.288750000E2
7.308524880E0,1.288750000E2
7.311149880E0,1.288750000E2
7.313773880E0,1.288750000E2
7.316398880E0,1.288750000E2
7.319022880E0,1.352500000E2
7.321647880E0,1.352500000E2
7.324271880E0,1.352500000E2
7.326896880E0,1.352500000E2
7.329520880E0,1.352500000E2
7.332139880E0,1.352500000E2
7.334764880E0,1.352500000E2
7.337388880E0,1.352500000E2
7.340013880E0,1.352500000E2
7.342637880E0,1.352500000E2
7.345262880E0,1.288750000E2
7.347886880E0,1.288750000E2
7.350511880E0,1.288750000E2
7.353135880E0,1.288750000E2
7.355760880E0,1.288750000E2
7.358384880E0,1.288750000E2
7.361009880E0,1.288750000E2
7.363633880E0,1.288750000E2
7.366258880E0,1.288750000E2
7.368882880E0,1.288750000E2
7.371507880E0,1.288750000E2
7.374131880E0,1.288750000E2
7.376756880E0,1.288750000E2
7.379380880E0,1.288750000E2
7.382005880E0,1.288750000E2
7.384629880E0,1.288750000E2
7.387254880E0,1.288750000E2
7.389878880E0,1.288750000E2
7.392503880E0,1.288750000E2
7.395127880E0,1.288750000E2
7.397752880E0,1.352500000E2
7.400376880E0,1.352500000E2
7.403001880E0,1.352500000E2
7.405626880E0,1.352500000E2
7.408250880E0,1.352500000E2
7.410875880E0,1.352500000E2
7.413499880E0,1.352500000E2
7.416124880E0,1.352500000E2
7.418748880E0,1.352500000E2
7.421373880E0,1.352500000E2
7.423997880E0,1.288750000E2
7.426622880E0,1.288750000E2
7.429246880E0,1.288750000E2
7.431871880E0,1.288750000E2
7.434495880E0,1.288750000E2
7.437120880E0,1.288750000E2
7.439744880E0,1.288750000E2
7.442369880E0,1.288750000E2
7.444993880E0,1.288750000E2
7.447618880E0,1.352500000E2
7.450242880E0,1.352500000E2
7.452867880E0,1.352500000E2
7.455491880E0,1.352500000E2
7.458116880E0,1.352500000E2
7.460740880E0,1.352500000E2
7.463365880E0,1.352500000E2
7.465989880E0,1.352500000E2
7.468614880E0,1.352500000E2
7.471238880E0,1.352500000E2
7.473863880E0,1.288750000E2
7.476487880E0,1.288750000E2
7.479112880E0,1.288750000E2
7.481736880E0,1.288750000E2
7.484361880E0,1.288750000E2
7.486985880E0,1.288750000E2
7.489610880E0,1.288750000E2
7.492234880E0,1.288750000E2
7.494859880E0,1.288750000E2
7.497483880E0,1.352500000E2
7.500108880E0,1.352500000E2
7.502732880E0,1.352500000E2
7.505357880E0,1.352500000E2
7.507981880E0,1.352500000E2
7.510606880E0,1.352500000E2
7.513231880E0,1.352500000E2
7.515855880E0,1.352500000E2
7.518480880E0,1.352500000E2
7.521104880E0,1.352500000E2
7.523729880E0,1.288750000E2
7.526353880E0,1.288750000E2
7.528978880E0,1.288750000E2
7.531602880E0,1.288750000E2
7.534227880E0,1.288750000E2
7.536851880E0,1.288750000E2
7.539476880E0,1.288750000E2
7.542100880E0,1.288750000E2
7.544725880E0,1.288750000E2
7.547349880E0,1.288750000E2
7.549974880E0,1.288750000E2
7.552598880E0,1.288750000E2
7.555223880E0,1.288750000E2
7.557847880E0,1.288750000E2
7.560472880E0,1.288750000E2
7.563096880E0,1.288750000E2
7.565721880E0,1.288750000E2
7.568345880E0,1.288750000E2
7.570970880E0,1.288750000E2
7.573594880E0,1.288750000E2
7.576219880E0,1.288750000E2
7.578843880E0,1.288750000E2
7.581468880E0,1.288750000E2
7.584092880E0,1.288750000E2
7.586717880E0,1.288750000E2
7.589341880E0,1.288750000E2
7.591966880E0,1.288750000E2
7.594590880E0,1.288750000E2
7.597215880E0,1.288750000E2
7.599839880E0,1.288750000E2
7.602464880E0,1.288750000E2
7.605088880E0,1.288750000E2
7.607713880E0,1.288750000E2
7.610337880E0,1.288750000E2
7.612962880E0,1.288750000E2
7.615586880E0,1.288750000E2
7.618211880E0,1.288750000E2
7.620835880E0,1.288750000E2
7.623460880E0,1.288750000E2
7.626085880E0,1.288750000E2
7.628709880E0,1.288750000E2
7.631334880E0,1.288750000E2
7.633958880E0,1.288750000E2
7.636583880E0,1.288750000E2
7.639207880E0,1.288750000E2
7.641832880E0,1.288750000E2
7.644456880E0,1.288750000E2
7.647081880E0,1.288750000E2
7.649705880E0,1.288750000E2
7.652330880E0,1.288750000E2
7.654954880E0,1.288750000E2
7.657579880E0,1.288750000E2
7.660203880E0,1.288750000E2
7.662828880E0,1.288750000E2
7.665452880E0,1.288750000E2
7.668077880E0,1.288750000E2
7.670701880E0,1.288750000E2
7.673326880E0,1.288750000E2
7.675950880E0,1.288750000E2
7.678575880E0,1.288750000E2
7.681199880E0,1.288750000E2
7.683824880E0,1.288750000E2
7.686448880E0,1.288750000E2
7.689073880E0,1.288750000E2
7.691697880E0,1.288750000E2
7.694322880E0,1.288750000E2
7.696946880E0,1.288750000E2
7.699571880E0,1.288750000E2
7.702195880E0,1.288750000E2
7.704820880E0,1.288750000E2
7.707444880E0,1.288750000E2
7.710069880E0,1.288750000E2
7.712693880E0,1.288750000E2
7.715318880E0,1.288750000E2
7.717942880E0,1.288750000E2
7.720567880E0,1.288750000E2
7.723191880E0,1.288750000E2
7.725816880E0,1.288750000E2
7.728440880E0,1.288750000E2
7.731065880E0,1.288750000E2
7.733689880E0,1.288750000E2
7.736314880E0,1.288750000E2
7.738939880E0,1.288750000E2
7.741563880E0,1.288750000E2
7.744188880E0,1.288750000E2
7.746812880E0,1.288750000E2
7.749437880E0,1.288750000E2
7.752061880E0,1.288750000E2
7.754686880E0,1.288750000E2
7.757310880E0,1.288750000E2
7.759935880E0,1.288750000E2
7.762559880E0,1.288750000E2
7.765184880E0,1.288750000E2
7.767808880E0,1.288750000E2
7.770433880E0,1.288750000E2
7.773057880E0,1.288750000E2
7.775682880E0,1.288750000E2
7.778306880E0,1.288750000E2
7.780931880E0,1.288750000E2
7.783555880E0,1.288750000E2
7.786180880E0,1.288750000E2
7.788804880E0,1.288750000E2
7.791429880E0,1.288750000E2
7.794053880E0,1.288750000E2
7.796678880E0,1.288750000E2
7.799302880E0,1.288750000E2
7.801927880E0,1.288750000E2
7.804551880E0,1.288750000E2
7.807176880E0,1.288750000E2
7.809800880E0,1.288750000E2
7.812425880E0,1.288750000E2
7.815049880E0,1.288750000E2
7.817674880E0,1.288750000E2
7.820298880E0,1.288750000E2
7.822923880E0,1.288750000E2
7.825547880E0,1.288750000E2
7.828172880E0,1.288750000E2
7.830796880E0,1.288750000E2
7.833421880E0,1.288750000E2
7.836045880E0,1.288750000E2
7.838670880E0,1.288750000E2
7.841294880E0,1.288750000E2
7.843919880E0,1.288750000E2
7.846543880E0,1.288750000E2
7.849168880E0,1.288750000E2
7.851793880E0,1.288750000E2
7.854417880E0,1.288750000E2
7.857042880E0,1.288750000E2
7.859666880E0,1.288750000E2
7.862291880E0,1.288750000E2
7.864915880E0,1.288750000E2
7.867540880E0,1.288750000E2
7.870164880E0,1.288750000E2
7.872789880E0,1.288750000E2
7.875413880E0,1.288750000E2
7.878038880E0,1.288750000E2
7.880662880E0,1.288750000E2
7.883287880E0,1.288750000E2
7.885911880E0,1.288750000E2
7.888536880E0,1.288750000E2
7.891160880E0,1.288750000E2
7.893785880E0,1.288750000E2
7.896409880E0,1.288750000E2
7.899034880E0,1.288750000E2
7.901658880E0,1.288750000E2
7.904283880E0,1.288750000E2
7.906907880E0,1.352500000E2
7.909532880E0,1.352500000E2
7.912156880E0,1.352500000E2
7.914781880E0,1.352500000E2
7.917405880E0,1.352500000E2
7.920030880E0,1.352500000E2
7.922654880E0,1.352500000E2
7.925279880E0,1.352500000E2
7.927903880E0,1.352500000E2
7.930528880E0,1.352500000E2
7.933152880E0,1.352500000E2
7.935777880E0,1.352500000E2
7.938401880E0,1.352500000E2
7.941026880E0,1.352500000E2
7.943650880E0,1.352500000E2
7.946275880E0,1.352500000E2
7.948899880E0,1.352500000E2
7.951524880E0,1.352500000E2
7.954148880E0,1.352500000E2
7.956773880E0,1.288750000E2
7.959397880E0,1.288750000E2
7.962022880E0,1.288750000E2
7.964647880E0,1.288750000E2
7.967271880E0,1.288750000E2
7.969896880E0,1.288750000E2
7.972520880E0,1.288750000E2
7.975145880E0,1.288750000E2
7.977769880E0,1.288750000E2
7.980394880E0,1.288750000E2
7.983018880E0,1.288750000E2
7.985643880E0,1.288750000E2
7.988267880E0,1.288750000E2
7.990892880E0,1.288750000E2
7.993516880E0,1.288750000E2
7.996141880E0,1.288750000E2
7.998765880E0,1.288750000E2
8.001390880E0,1.288750000E2
8.004014880E0,1.288750000E2
8.006639880E0,1.288750000E2
8.009263880E0,1.288750000E2
8.011888880E0,1.288750000E2
8.014512880E0,1.288750000E2
8.017137880E0,1.288750000E2
8.019761880E0,1.288750000E2
8.022386880E0,1.288750000E2
8.025010880E0,1.288750000E2
8.027635880E0,1.288750000E2
8.030259880E0,1.288750000E2
8.032884880E0,1.288750000E2
8.035508880E0,1.288750000E2
8.038133880E0,1.288750000E2
8.040757880E0,1.288750000E2
8.043382880E0,1.288750000E2
8.046006880E0,1.288750000E2
8.048631880E0,1.288750000E2
8.051255880E0,1.288750000E2
8.053880880E0,1.288750000E2
8.056504880E0,1.288750000E2
8.059129880E0,1.288750000E2
8.061753880E0,1.288750000E2
8.064378880E0,1.288750000E2
8.067002880E0,1.288750000E2
8.069627880E0,1.288750000E2
8.072251880E0,1.288750000E2
8.074876880E0,1.288750000E2
8.077501880E0,1.288750000E2
8.080125880E0,1.288750000E2
8.082750880E0,1.288750000E2
8.085374880E0,1.288750000E2
8.087999880E0,1.288750000E2
8.090623880E0,1.288750000E2
8.093248880E0,1.288750000E2
8.095872880E0,1.288750000E2
8.098497880E0,1.288750000E2
8.101121880E0,1.288750000E2
8.103746880E0,1.288750000E2
8.106370880E0,1.288750000E2
8.108995880E0,1.288750000E2
8.111619880E0,1.288750000E2
8.114244880E0,1.288750000E2
8.116868880E0,1.288750000E2
8.119493880E0,1.288750000E2
8.122117880E0,1.288750000E2
8.124742880E0,1.288750000E2
8.127366880E0,1.288750000E2
8.129991880E0,1.288750000E2
8.132615880E0,1.288750000E2
8.135240880E0,1.288750000E2
8.137864880E0,1.288750000E2
8.140489880E0,1.288750000E2
8.143113880E0,1.288750000E2
8.145738880E0,1.288750000E2
8.148362880E0,1.288750000E2
8.150987880E0,1.288750000E2
8.153611880E0,1.288750000E2
8.156236880E0,1.288750000E2
8.158860880E0,1.288750000E2
8.161485880E0,1.288750000E2
8.164109880E0,1.288750000E2
8.166734880E0,1.288750000E2
8.169358880E0,1.288750000E2
8.171983880E0,1.288750000E2
8.174607880E0,1.288750000E2
8.177232880E0,1.288750000E2
8.179856880E0,1.288750000E2
8.182481880E0,1.288750000E2
8.185106880E0,1.288750000E2
8.187730880E0,1.352500000E2
8.190355880E0,1.352500000E2
8.192979880E0,1.352500000E2
8.195604880E0,1.352500000E2
8.198228880E0,1.352500000E2
8.200853880E0,1.352500000E2
8.203477880E0,1.352500000E2
8.206102880E0,1.352500000E2
8.208726880E0,1.352500000E2
8.211351880E0,1.352500000E2
8.213975880E0,1.352500000E2
8.216600880E0,1.352500000E2
8.219224880E0,1.352500000E2
8.221849880E0,1.352500000E2
8.224473880E0,1.352500000E2
8.227098880E0,1.352500000E2
8.229722880E0,1.352500000E2
8.232347880E0,1.352500000E2
8.234971880E0,1.352500000E2
8.237596880E0,1.352500000E2
8.240220880E0,1.352500000E2
8.242845880E0,1.352500000E2
8.245469880E0,1.352500000E2
8.248094880E0,1.352500000E2
8.250718880E0,1.352500000E2
8.253343880E0,1.352500000E2
8.255967880E0,1.352500000E2
8.258592880E0,1.352500000E2
8.261216880E0,1.352500000E2
8.263841880E0,1.288750000E2
8.266465880E0,1.288750000E2
8.269090880E0,1.288750000E2
8.271714880E0,1.288750000E2
8.274339880E0,1.288750000E2
8.276963880E0,1.288750000E2
8.279588880E0,1.288750000E2
8.282212880E0,1.288750000E2
8.284837880E0,1.288750000E2
8.287461880E0,1.288750000E2
8.290086880E0,1.288750000E2
8.292710880E0,1.288750000E2
8.295335880E0,1.288750000E2
8.297960880E0,1.288750000E2
8.300584880E0,1.288750000E2
8.303209880E0,1.288750000E2
8.305833880E0,1.288750000E2
8.308458880E0,1.288750000E2
8.311082880E0,1.288750000E2
8.313707880E0,1.352500000E2
8.316331880E0,1.352500000E2
8.318956880E0,1.352500000E2
8.321580880E0,1.352500000E2
8.324205880E0,1.352500000E2
8.326829880E0,1.352500000E2
8.329454880E0,1.352500000E2
8.332078880E0,1.352500000E2
8.334703880E0,1.352500000E2
8.337327880E0,1.288750000E2
8.339952880E0,1.288750000E2
8.342576880E0,1.288750000E2
8.345201880E0,1.288750000E2
8.347825880E0,1.288750000E2
8.350450880E0,1.288750000E2
8.353074880E0,1.288750000E2
8.355699880E0,1.288750000E2
8.358323880E0,1.288750000E2
8.360948880E0,1.288750000E2
8.363572880E0,1.352500000E2
8.366197880E0,1.352500000E2
8.368821880E0,1.352500000E2
8.371446880E0,1.352500000E2
8.374070880E0,1.352500000E2
8.376695880E0,1.352500000E2
8.379319880E0,1.352500000E2
8.381944880E0,1.352500000E2
8.384568880E0,1.352500000E2
8.387193880E0,1.352500000E2
8.389817880E0,1.352500000E2
8.392442880E0,1.352500000E2
8.395066880E0,1.352500000E2
8.397691880E0,1.352500000E2
8.400315880E0,1.352500000E2
8.402940880E0,1.352500000E2
8.405564880E0,1.352500000E2
8.408189880E0,1.352500000E2
8.410814880E0,1.352500000E2
8.413438880E0,1.352500000E2
8.416063880E0,1.352500000E2
8.418687880E0,1.352500000E2
8.421312880E0,1.352500000E2
8.423936880E0,1.352500000E2
8.426561880E0,1.352500000E2
8.429185880E0,1.352500000E2
8.431810880E0,1.352500000E2
8.434434880E0,1.352500000E2
8.437059880E0,1.352500000E2
8.439683880E0,1.352500000E2
8.442308880E0,1.288750000E2
8.444932880E0,1.288750000E2
8.447557880E0,1.288750000E2
8.450181880E0,1.288750000E2
8.452806880E0,1.288750000E2
8.455430880E0,1.288750000E2
8.458055880E0,1.288750000E2
8.460679880E0,1.288750000E2
8.463304880E0,1.288750000E2
8.465928880E0,1.352500000E2
8.468553880E0,1.352500000E2
8.471177880E0,1.352500000E2
8.473802880E0,1.352500000E2
8.476426880E0,1.352500000E2
8.479051880E0,1.352500000E2
8.481675880E0,1.352500000E2
8.484300880E0,1.352500000E2
8.486924880E0,1.352500000E2
8.489549880E0,1.352500000E2
8.492173880E0,1.352500000E2
8.494798880E0,1.352500000E2
8.497422880E0,1.352500000E2
8.500047880E0,1.352500000E2
8.502671880E0,1.352500000E2
8.505296880E0,1.352500000E2
8.507920880E0,1.352500000E2
8.510545880E0,1.352500000E2
8.513169880E0,1.352500000E2
8.515794880E0,1.288750000E2
8.518418880E0,1.288750000E2
8.521043880E0,1.288750000E2
8.523668880E0,1.288750000E2
8.526292880E0,1.288750000E2
8.528917880E0,1.288750000E2
8.531541880E0,1.288750000E2
8.534166880E0,1.288750000E2
8.536790880E0,1.288750000E2
8.539415880E0,1.288750000E2
8.542039880E0,1.352500000E2
8.544664880E0,1.352500000E2
8.547288880E0,1.352500000E2
8.549913880E0,1.352500000E2
8.552537880E0,1.352500000E2
8.555162880E0,1.352500000E2
8.557786880E0,1.352500000E2
8.560411880E0,1.352500000E2
8.563035880E0,1.352500000E2
8.565660880E0,1.352500000E2
8.568284880E0,1.288750000E2
8.570909880E0,1.288750000E2
8.573533880E0,1.288750000E2
8.576158880E0,1.288750000E2
8.578782880E0,1.288750000E2
8.581407880E0,1.288750000E2
8.584031880E0,1.288750000E2
8.586656880E0,1.288750000E2
8.589280880E0,1.288750000E2
8.591905880E0,1.288750000E2
8.594529880E0,1.288750000E2
8.597154880E0,1.288750000E2
8.599778880E0,1.288750000E2
8.602403880E0,1.288750000E2
8.605027880E0,1.288750000E2
8.607652880E0,1.288750000E2
8.610276880E0,1.288750000E2
8.612901880E0,1.288750000E2
8.615525880E0,1.288750000E2
8.618150880E0,1.288750000E2
8.620774880E0,1.288750000E2
8.623399880E0,1.288750000E2
8.626023880E0,1.288750000E2
8.628648880E0,1.288750000E2
8.631272880E0,1.288750000E2
8.633897880E0,1.288750000E2
8.636522880E0,1.288750000E2
8.639146880E0,1.288750000E2
8.641771880E0,1.288750000E2
8.644395880E0,1.288750000E2
8.647020880E0,1.288750000E2
8.649644880E0,1.288750000E2
8.652269880E0,1.288750000E2
8.654893880E0,1.288750000E2
8.657518880E0,1.288750000E2
8.660142880E0,1.288750000E2
8.662767880E0,1.288750000E2
8.665391880E0,1.288750000E2
8.668016880E0,1.288750000E2
8.670640880E0,1.288750000E2
8.673265880E0,1.288750000E2
8.675889880E0,1.288750000E2
8.678514880E0,1.288750000E2
8.681138880E0,1.288750000E2
8.683763880E0,1.288750000E2
8.686387880E0,1.288750000E2
8.689012880E0,1.288750000E2
8.691636880E0,1.288750000E2
8.694261880E0,1.288750000E2
8.696885880E0,1.288750000E2
8.699510880E0,1.288750000E2
8.702134880E0,1.288750000E2
8.704759880E0,1.288750000E2
8.707383880E0,1.288750000E2
8.710008880E0,1.288750000E2
8.712632880E0,1.288750000E2
8.715257880E0,1.288750000E2
8.717881880E0,1.288750000E2
8.720506880E0,1.288750000E2
8.723130880E0,1.288750000E2
8.725755880E0,1.288750000E2
8.728379880E0,1.288750000E2
8.731004880E0,1.288750000E2
8.733628880E0,1.288750000E2
8.736253880E0,1.288750000E2
8.738877880E0,1.288750000E2
8.741502880E0,1.288750000E2
8.744126880E0,1.288750000E2
8.746751880E0,1.288750000E2
8.749376880E0,1.288750000E2
8.752000880E0,1.288750000E2
8.754625880E0,1.288750000E2
8.757249880E0,1.288750000E2
8.759874880E0,1.288750000E2
8.762498880E0,1.288750000E2
8.765123880E0,1.288750000E2
8.767747880E0,1.288750000E2
8.770372880E0,1.288750000E2
8.772996880E0,1.288750000E2
8.775621880E0,1.288750000E2
8.778245880E0,1.288750000E2
8.780870880E0,1.288750000E2
8.783494880E0,1.288750000E2
8.786119880E0,1.288750000E2
8.788743880E0,1.288750000E2
8.791368880E0,1.288750000E2
8.793992880E0,1.288750000E2
8.796617880E0,1.288750000E2
8.799241880E0,1.288750000E2
8.801866880E0,1.288750000E2
8.804490880E0,1.288750000E2
8.807115880E0,1.288750000E2
8.809739880E0,1.288750000E2
8.812364880E0,1.288750000E2
8.814988880E0,1.288750000E2
8.817613880E0,1.288750000E2
8.820237880E0,1.288750000E2
8.822862880E0,1.288750000E2
8.825486880E0,1.288750000E2
8.828111880E0,1.288750000E2
8.830735880E0,1.288750000E2
8.833360880E0,1.288750000E2
8.835984880E0,1.288750000E2
8.838609880E0,1.288750000E2
8.841233880E0,1.288750000E2
8.843858880E0,1.288750000E2
8.846482880E0,1.288750000E2
8.849107880E0,1.288750000E2
8.851731880E0,1.288750000E2
8.854356880E0,1.288750000E2
8.856981880E0,1.288750000E2
8.859605880E0,1.288750000E2
8.862230880E0,1.288750000E2
8.864854880E0,1.288750000E2
8.867479880E0,1.288750000E2
8.870103880E0,1.288750000E2
8.872728880E0,1.352500000E2
8.875352880E0,1.352500000E2
8.877977880E0,1.352500000E2
8.880601880E0,1.352500000E2
8.883226880E0,1.352500000E2
8.885850880E0,1.352500000E2
8.888475880E0,1.352500000E2
8.891099880E0,1.352500000E2
8.893724880E0,1.352500000E2
8.896348880E0,1.352500000E2
8.898973880E0,1.288750000E2
8.901597880E0,1.288750000E2
8.904222880E0,1.288750000E2
8.906846880E0,1.288750000E2
8.909471880E0,1.288750000E2
8.912095880E0,1.288750000E2
8.914720880E0,1.288750000E2
8.917344880E0,1.288750000E2
8.919969880E0,1.288750000E2
8.922593880E0,1.288750000E2
8.925218880E0,1.288750000E2
8.927842880E0,1.288750000E2
8.930467880E0,1.288750000E2
8.933091880E0,1.288750000E2
8.935716880E0,1.288750000E2
8.938340880E0,1.288750000E2
8.940965880E0,1.288750000E2
8.943589880E0,1.288750000E2
8.946214880E0,1.288750000E2
8.948838880E0,1.288750000E2
8.951463880E0,1.288750000E2
8.954087880E0,1.288750000E2
8.956712880E0,1.288750000E2
8.959336880E0,1.288750000E2
8.961961880E0,1.288750000E2
8.964585880E0,1.288750000E2
8.967210880E0,1.288750000E2
8.969835880E0,1.288750000E2
8.972459880E0,1.288750000E2
8.975084880E0,1.352500000E2
8.977708880E0,1.352500000E2
8.980333880E0,1.352500000E2
8.982957880E0,1.352500000E2
8.985582880E0,1.352500000E2
8.988206880E0,1.352500000E2
8.990831880E0,1.352500000E2
8.993455880E0,1.352500000E2
8.996080880E0,1.352500000E2
8.998704880E0,1.352500000E2
9.001329880E0,1.352500000E2
9.003953880E0,1.352500000E2
9.006578880E0,1.352500000E2
9.009202880E0,1.352500000E2
9.011827880E0,1.352500000E2
9.014451880E0,1.352500000E2
9.017076880E0,1.352500000E2
9.019700880E0,1.352500000E2
9.022325880E0,1.352500000E2
9.024949880E0,1.352500000E2
9.027574880E0,1.288750000E2
9.030198880E0,1.288750000E2
9.032823880E0,1.288750000E2
9.035447880E0,1.288750000E2
9.038072880E0,1.288750000E2
9.040696880E0,1.288750000E2
9.043321880E0,1.288750000E2
9.045945880E0,1.288750000E2
9.048570880E0,1.288750000E2
9.051194880E0,1.352500000E2
9.053819880E0,1.352500000E2
9.056443880E0,1.352500000E2
9.059068880E0,1.352500000E2
9.061692880E0,1.352500000E2
9.064317880E0,1.352500000E2
9.066941880E0,1.352500000E2
9.069566880E0,1.352500000E2
9.072190880E0,1.352500000E2
9.074815880E0,1.352500000E2
9.077439880E0,1.288750000E2
9.080064880E0,1.288750000E2
9.082689880E0,1.288750000E2
9.085313880E0,1.288750000E2
9.087938880E0,1.288750000E2
9.090562880E0,1.288750000E2
9.093187880E0,1.288750000E2
9.095811880E0,1.288750000E2
9.098436880E0,1.288750000E2
9.101060880E0,1.288750000E2
9.103685880E0,1.288750000E2
9.106309880E0,1.288750000E2
9.108934880E0,1.288750000E2
9.111558880E0,1.288750000E2
9.114183880E0,1.288750000E2
9.116807880E0,1.288750000E2
9.119432880E0,1.288750000E2
9.122056880E0,1.288750000E2
9.124681880E0,1.288750000E2
9.127305880E0,1.352500000E2
9.129930880E0,1.352500000E2
9.132554880E0,1.352500000E2
9.135179880E0,1.352500000E2
9.137803880E0,1.352500000E2
9.140428880E0,1.352500000E2
9.143052880E0,1.352500000E2
9.145677880E0,1.352500000E2
9.148301880E0,1.352500000E2
9.150926880E0,1.352500000E2
9.153550880E0,1.288750000E2
9.156175880E0,1.288750000E2
9.158799880E0,1.288750000E2
9.161424880E0,1.288750000E2
9.164048880E0,1.288750000E2
9.166673880E0,1.288750000E2
9.169297880E0,1.288750000E2
9.171922880E0,1.288750000E2
9.174546880E0,1.288750000E2
9.177171880E0,1.288750000E2
9.179795880E0,1.288750000E2
9.182420880E0,1.288750000E2
9.185044880E0,1.288750000E2
9.187669880E0,1.288750000E2
9.190293880E0,1.288750000E2
9.192918880E0,1.288750000E2
9.195543880E0,1.288750000E2
9.198167880E0,1.288750000E2
9.200792880E0,1.288750000E2
9.203416880E0,1.288750000E2
9.206041880E0,1.288750000E2
9.208665880E0,1.288750000E2
9.211290880E0,1.288750000E2
9.213914880E0,1.288750000E2
9.216539880E0,1.288750000E2
9.219163880E0,1.288750000E2
9.221788880E0,1.288750000E2
9.224412880E0,1.288750000E2
9.227037880E0,1.288750000E2
9.229661880E0,1.352500000E2
9.232286880E0,1.352500000E2
9.234910880E0,1.352500000E2
9.237535880E0,1.352500000E2
9.240159880E0,1.352500000E2
9.242784880E0,1.352500000E2
9.245408880E0,1.352500000E2
9.248033880E0,1.352500000E2
9.250657880E0,1.352500000E2
9.253282880E0,1.352500000E2
9.255906880E0,1.288750000E2
9.258531880E0,1.288750000E2
9.261155880E0,1.288750000E2
9.263780880E0,1.288750000E2
9.266404880E0,1.288750000E2
9.269029880E0,1.288750000E2
9.271653880E0,1.288750000E2
9.274278880E0,1.288750000E2
9.276902880E0,1.288750000E2
9.279527880E0,1.288750000E2
9.282151880E0,1.288750000E2
9.284776880E0,1.288750000E2
9.287400880E0,1.288750000E2
9.290025880E0,1.288750000E2
9.292649880E0,1.288750000E2
9.295274880E0,1.288750000E2
9.297898880E0,1.288750000E2
9.300523880E0,1.288750000E2
9.303147880E0,1.288750000E2
9.305772880E0,1.352500000E2
9.308397880E0,1.352500000E2
9.311021880E0,1.352500000E2
9.313646880E0,1.352500000E2
9.316270880E0,1.352500000E2
9.318895880E0,1.352500000E2
9.321519880E0,1.352500000E2
9.324144880E0,1.352500000E2
9.326768880E0,1.352500000E2
9.329393880E0,1.352500000E2
9.332017880E0,1.288750000E2
9.334642880E0,1.288750000E2
9.337266880E0,1.288750000E2
9.339891880E0,1.288750000E2
9.342515880E0,1.288750000E2
9.345140880E0,1.288750000E2
9.347764880E0,1.288750000E2
9.350389880E0,1.288750000E2
9.353013880E0,1.288750000E2
9.355638880E0,1.288750000E2
9.358262880E0,1.288750000E2
9.360887880E0,1.288750000E2
9.363511880E0,1.288750000E2
9.366136880E0,1.288750000E2
9.368760880E0,1.288750000E2
9.371385880E0,1.288750000E2
9.374009880E0,1.288750000E2
9.376634880E0,1.288750000E2
9.379258880E0,1.288750000E2
9.381883880E0,1.352500000E2
9.384507880E0,1.352500000E2
9.387132880E0,1.352500000E2
9.389756880E0,1.352500000E2
9.392381880E0,1.352500000E2
9.395005880E0,1.352500000E2
9.397630880E0,1.352500000E2
9.400254880E0,1.352500000E2
9.402879880E0,1.352500000E2
9.405503880E0,1.352500000E2
9.408128880E0,1.288750000E2
9.410752880E0,1.288750000E2
9.413377880E0,1.288750000E2
9.416001880E0,1.288750000E2
9.418626880E0,1.288750000E2
9.421251880E0,1.288750000E2
9.423875880E0,1.288750000E2
9.426500880E0,1.288750000E2
9.429124880E0,1.288750000E2
9.431749880E0,1.288750000E2
9.434373880E0,1.288750000E2
9.436998880E0,1.288750000E2
9.439622880E0,1.288750000E2
9.442247880E0,1.288750000E2
9.444871880E0,1.288750000E2
9.447496880E0,1.288750000E2
9.450120880E0,1.288750000E2
9.452745880E0,1.288750000E2
9.455369880E0,1.288750000E2
9.457994880E0,1.288750000E2
9.460618880E0,1.288750000E2
9.463243880E0,1.288750000E2
9.465867880E0,1.288750000E2
9.468492880E0,1.288750000E2
9.471116880E0,1.288750000E2
9.473741880E0,1.288750000E2
9.476365880E0,1.288750000E2
9.478990880E0,1.288750000E2
9.481614880E0,1.288750000E2
9.484239880E0,1.352500000E2
9.486863880E0,1.352500000E2
9.489488880E0,1.352500000E2
9.492112880E0,1.352500000E2
9.494737880E0,1.352500000E2
9.497361880E0,1.352500000E2
9.499986880E0,1.352500000E2
9.502610880E0,1.352500000E2
9.505235880E0,1.352500000E2
9.507859880E0,1.352500000E2
9.510484880E0,1.288750000E2
9.513108880E0,1.288750000E2
9.515733880E0,1.288750000E2
9.518357880E0,1.288750000E2
9.520982880E0,1.288750000E2
9.523606880E0,1.288750000E2
9.526231880E0,1.288750000E2
9.528856880E0,1.288750000E2
9.531480880E0,1.288750000E2
9.534105880E0,1.288750000E2
9.536729880E0,1.288750000E2
9.539354880E0,1.288750000E2
9.541978880E0,1.288750000E2
9.544603880E0,1.288750000E2
9.547227880E0,1.288750000E2
9.549852880E0,1.288750000E2
9.552476880E0,1.288750000E2
9.555101880E0,1.288750000E2
9.557725880E0,1.288750000E2
9.560350880E0,1.352500000E2
9.562974880E0,1.352500000E2
9.565599880E0,1.352500000E2
9.568223880E0,1.352500000E2
9.570848880E0,1.352500000E2
9.573472880E0,1.352500000E2
9.576097880E0,1.352500000E2
9.578721880E0,1.352500000E2
9.581346880E0,1.352500000E2
9.583970880E0,1.352500000E2
9.586595880E0,1.352500000E2
9.589219880E0,1.352500000E2
9.591844880E0,1.352500000E2
9.594468880E0,1.352500000E2
9.597093880E0,1.352500000E2
9.599717880E0,1.352500000E2
9.602342880E0,1.352500000E2
9.604966880E0,1.352500000E2
9.607591880E0,1.352500000E2
9.610215880E0,1.352500000E2
9.612840880E0,1.288750000E2
9.615464880E0,1.288750000E2
9.618089880E0,1.288750000E2
9.620713880E0,1.288750000E2
9.623338880E0,1.288750000E2
9.625962880E0,1.288750000E2
9.628587880E0,1.288750000E2
9.631211880E0,1.288750000E2
9.633836880E0,1.288750000E2
9.636460880E0,1.288750000E2
9.639085880E0,1.288750000E2
9.641710880E0,1.288750000E2
9.644334880E0,1.288750000E2
9.646959880E0,1.288750000E2
9.649583880E0,1.288750000E2
9.652208880E0,1.288750000E2
9.654832880E0,1.288750000E2
9.657457880E0,1.288750000E2
9.660081880E0,1.288750000E2
9.662706880E0,1.352500000E2
9.665330880E0,1.352500000E2
9.667955880E0,1.352500000E2
9.670579880E0,1.352500000E2
9.673204880E0,1.352500000E2
9.675828880E0,1.352500000E2
9.678453880E0,1.352500000E2
9.681077880E0,1.352500000E2
9.683702880E0,1.352500000E2
9.686326880E0,1.352500000E2
9.688951880E0,1.352500000E2
9.691575880E0,1.352500000E2
9.694200880E0,1.352500000E2
9.696824880E0,1.352500000E2
9.699449880E0,1.352500000E2
9.702073880E0,1.352500000E2
9.704698880E0,1.352500000E2
9.707322880E0,1.352500000E2
9.709947880E0,1.352500000E2
9.712571880E0,1.288750000E2
9.715196880E0,1.288750000E2
9.717820880E0,1.288750000E2
9.720445880E0,1.288750000E2
9.723069880E0,1.288750000E2
9.725694880E0,1.288750000E2
9.728318880E0,1.288750000E2
9.730943880E0,1.288750000E2
9.733567880E0,1.288750000E2
9.736192880E0,1.288750000E2
9.738816880E0,1.352500000E2
9.741441880E0,1.352500000E2
9.744065880E0,1.352500000E2
9.746690880E0,1.352500000E2
9.749314880E0,1.352500000E2
9.751939880E0,1.352500000E2
9.754564880E0,1.352500000E2
9.757188880E0,1.352500000E2
9.759813880E0,1.352500000E2
9.762437880E0,1.352500000E2
9.765062880E0,1.352500000E2
9.767686880E0,1.352500000E2
9.770311880E0,1.352500000E2
9.772935880E0,1.352500000E2
9.775560880E0,1.352500000E2
9.778184880E0,1.352500000E2
9.780809880E0,1.352500000E2
9.783433880E0,1.352500000E2
9.786058880E0,1.352500000E2
9.788682880E0,1.352500000E2
9.791307880E0,1.352500000E2
9.793931880E0,1.352500000E2
9.796556880E0,1.352500000E2
9.799180880E0,1.352500000E2
9.801805880E0,1.352500000E2
9.804429880E0,1.352500000E2
9.807054880E0,1.352500000E2
9.809678880E0,1.352500000E2
9.812303880E0,1.352500000E2
9.814927880E0,1.352500000E2
9.817552880E0,1.352500000E2
9.820176880E0,1.352500000E2
9.822801880E0,1.352500000E2
9.825425880E0,1.352500000E2
9.828050880E0,1.352500000E2
9.830674880E0,1.352500000E2
9.833299880E0,1.352500000E2
9.835923880E0,1.352500000E2
9.838548880E0,1.352500000E2
9.841172880E0,1.288750000E2
9.843797880E0,1.288750000E2
9.846421880E0,1.288750000E2
9.849046880E0,1.288750000E2
9.851670880E0,1.288750000E2
9.854295880E0,1.288750000E2
9.856919880E0,1.288750000E2
9.859544880E0,1.288750000E2
9.862168880E0,1.288750000E2
9.864793880E0,1.288750000E2
9.867418880E0,1.352500000E2
9.870042880E0,1.352500000E2
9.872667880E0,1.352500000E2
9.875291880E0,1.352500000E2
9.877916880E0,1.352500000E2
9.880540880E0,1.352500000E2
9.883165880E0,1.352500000E2
9.885789880E0,1.352500000E2
9.888414880E0,1.352500000E2
9.891038880E0,1.352500000E2
9.893663880E0,1.352500000E2
9.896287880E0,1.352500000E2
9.898912880E0,1.352500000E2
9.901536880E0,1.352500000E2
9.904161880E0,1.352500000E2
9.906785880E0,1.352500000E2
9.909410880E0,1.352500000E2
9.912034880E0,1.352500000E2
9.914659880E0,1.352500000E2
9.917283880E0,1.352500000E2
9.919908880E0,1.352500000E2
9.922532880E0,1.352500000E2
9.925157880E0,1.352500000E2
9.927781880E0,1.352500000E2
9.930406880E0,1.352500000E2
9.933030880E0,1.352500000E2
9.935655880E0,1.352500000E2
9.938279880E0,1.352500000E2
9.940904880E0,1.352500000E2
9.943528880E0,1.288750000E2
9.946153880E0,1.288750000E2
9.948777880E0,1.288750000E2
9.951402880E0,1.288750000E2
9.954026880E0,1.288750000E2
9.956651880E0,1.288750000E2
9.959275880E0,1.288750000E2
9.961900880E0,1.288750000E2
9.964524880E0,1.288750000E2
9.967149880E0,1.352500000E2
9.969773880E0,1.352500000E2
9.972398880E0,1.352500000E2
9.975022880E0,1.352500000E2
9.977647880E0,1.352500000E2
9.980272880E0,1.352500000E2
9.982896880E0,1.352500000E2
9.985521880E0,1.352500000E2
9.988145880E0,1.352500000E2
9.990770880E0,1.352500000E2
9.993394880E0,1.288750000E2
9.996019880E0,1.288750000E2
9.998643880E0,1.288750000E2
1.000126888E1,1.288750000E2
1.000389288E1,1.288750000E2
1.000651788E1,1.288750000E2
1.000914188E1,1.288750000E2
1.001176688E1,1.288750000E2
1.001439088E1,1.288750000E2
1.001701588E1,1.288750000E2
1.001963988E1,1.288750000E2
1.002226488E1,1.288750000E2
1.002488888E1,1.288750000E2
1.002751388E1,1.288750000E2
1.003013788E1,1.288750000E2
1.003276288E1,1.288750000E2
1.003538688E1,1.288750000E2
1.003801188E1,1.288750000E2
1.004063588E1,1.288750000E2
1.004326088E1,1.288750000E2
1.004588488E1,1.288750000E2
1.004850988E1,1.288750000E2
1.005113388E1,1.288750000E2
1.005375888E1,1.288750000E2
1.005638288E1,1.288750000E2
1.005900788E1,1.288750000E2
1.006163188E1,1.288750000E2
1.006425688E1,1.288750000E2
1.006688088E1,1.288750000E2
1.006950588E1,1.352500000E2
1.007212988E1,1.352500000E2
1.007475488E1,1.352500000E2
1.007737888E1,1.352500000E2
1.008000388E1,1.352500000E2
1.008262788E1,1.352500000E2
1.008525288E1,1.352500000E2
1.008787688E1,1.352500000E2
1.009050188E1,1.352500000E2
1.009312688E1,1.352500000E2
1.009575088E1,1.288750000E2
1.009837588E1,1.288750000E2
1.010099988E1,1.288750000E2
1.010362488E1,1.288750000E2
1.010624888E1,1.288750000E2
1.010887388E1,1.288750000E2
1.011149788E1,1.288750000E2
1.011412288E1,1.288750000E2
1.011674688E1,1.288750000E2
1.011937188E1,1.288750000E2
1.012199588E1,1.288750000E2
1.012462088E1,1.288750000E2
1.012724488E1,1.288750000E2
1.012986988E1,1.288750000E2
1.013249388E1,1.288750000E2
1.013511888E1,1.288750000E2
1.013774288E1,1.288750000E2
1.014036788E1,1.288750000E2
1.014299188E1,1.288750000E2
1.014561688E1,1.288750000E2
1.014824088E1,1.288750000E2
1.015086588E1,1.288750000E2
1.015348988E1,1.288750000E2
1.015611488E1,1.288750000E2
1.015873888E1,1.288750000E2
1.016136388E1,1.288750000E2
1.016398788E1,1.288750000E2
1.016661288E1,1.288750000E2
1.016923688E1,1.288750000E2
1.017186188E1,1.288750000E2
1.017448588E1,1.288750000E2
1.017711088E1,1.288750000E2
1.017973488E1,1.288750000E2
1.018235988E1,1.288750000E2
1.018498388E1,1.288750000E2
1.018760888E1,1.288750000E2
1.019023288E1,1.288750000E2
1.019285788E1,1.288750000E2
1.019548188E1,1.288750000E2
1.019810688E1,1.288750000E2
1.020073188E1,1.288750000E2
1.020335588E1,1.288750000E2
1.020598088E1,1.288750000E2
1.020860488E1,1.288750000E2
1.021122988E1,1.288750000E2
1.021385388E1,1.288750000E2
1.021647888E1,1.288750000E2
1.021910288E1,1.288750000E2
1.022172788E1,1.352500000E2
1.022435188E1,1.352500000E2
1.022697688E1,1.352500000E2
1.022960088E1,1.352500000E2
1.023222588E1,1.352500000E2
1.023484988E1,1.352500000E2
1.023747488E1,1.352500000E2
1.024009888E1,1.352500000E2
1.024272388E1,1.352500000E2
1.024534788E1,1.352500000E2
1.024797288E1,1.288750000E2
1.025059688E1,1.288750000E2
1.025322188E1,1.288750000E2
1.025584588E1,1.288750000E2
1.025847088E1,1.288750000E2
1.026109488E1,1.288750000E2
1.026371988E1,1.288750000E2
1.026634388E1,1.288750000E2
1.026896888E1,1.288750000E2
1.027159288E1,1.288750000E2
1.027421788E1,1.288750000E2
1.027684188E1,1.288750000E2
1.027946688E1,1.288750000E2
1.028209088E1,1.288750000E2
1.028471588E1,1.288750000E2
1.028733988E1,1.288750000E2
1.028996488E1,1.288750000E2
1.029258888E1,1.288750000E2
1.029521388E1,1.288750000E2
1.029783788E1,1.288750000E2
1.030046288E1,1.352500000E2
1.030308688E1,1.352500000E2
1.030571188E1,1.352500000E2
1.030833588E1,1.352500000E2
1.031096088E1,1.352500000E2
1.031358588E1,1.352500000E2
1.031620988E1,1.352500000E2
1.031883488E1,1.352500000E2
1.032145888E1,1.352500000E2
1.032408388E1,1.288750000E2
1.032670788E1,1.288750000E2
1.032933288E1,1.288750000E2
1.033195688E1,1.288750000E2
1.033458188E1,1.288750000E2
1.033720588E1,1.288750000E2
1.033983088E1,1.288750000E2
1.034245488E1,1.288750000E2
1.034507988E1,1.288750000E2
1.034770388E1,1.288750000E2
1.035032888E1,1.288750000E2
1.035295288E1,1.288750000E2
1.035557788E1,1.288750000E2
1.035820188E1,1.288750000E2
1.036082688E1,1.288750000E2
1.036345088E1,1.288750000E2
1.036607588E1,1.288750000E2
1.036869988E1,1.288750000E2
1.037132488E1,1.288750000E2
1.037394888E1,1.288750000E2
1.037657388E1,1.288750000E2
1.037919788E1,1.288750000E2
1.038182288E1,1.288750000E2
1.038444688E1,1.288750000E2
1.038707188E1,1.288750000E2
1.038969588E1,1.288750000E2
1.039232088E1,1.288750000E2
1.039494488E1,1.288750000E2
1.039756988E1,1.288750000E2
1.040019388E1,1.352500000E2
1.040281888E1,1.352500000E2
1.040544288E1,1.352500000E2
1.040806788E1,1.352500000E2
1.041069188E1,1.352500000E2
1.041331688E1,1.352500000E2
1.041594088E1,1.352500000E2
1.041856588E1,1.352500000E2
1.042118988E1,1.352500000E2
1.042381488E1,1.352500000E2
1.042643988E1,1.288750000E2
1.042906388E1,1.288750000E2
1.043168888E1,1.288750000E2
1.043431288E1,1.288750000E2
1.043693788E1,1.288750000E2
1.043956188E1,1.288750000E2
1.044218688E1,1.288750000E2
1.044481088E1,1.288750000E2
1.044743588E1,1.288750000E2
1.045005988E1,1.288750000E2
1.045268488E1,1.288750000E2
1.045530888E1,1.288750000E2
1.045793388E1,1.288750000E2
1.046055788E1,1.288750000E2
1.046318288E1,1.288750000E2
1.046580688E1,1.288750000E2
1.046843188E1,1.288750000E2
1.047105588E1,1.288750000E2
1.047368088E1,1.288750000E2
1.047630488E1,1.288750000E2
1.047892988E1,1.288750000E2
1.048155388E1,1.288750000E2
1.048417888E1,1.288750000E2
1.048680288E1,1.288750000E2
1.048942788E1,1.288750000E2
1.049205188E1,1.288750000E2
1.049467688E1,1.288750000E2
1.049730088E1,1.288750000E2
1.049992588E1,1.288750000E2
1.050254988E1,1.352500000E2
1.050517488E1,1.352500000E2
1.050779888E1,1.352500000E2
1.051042388E1,1.352500000E2
1.051304788E1,1.352500000E2
1.051567288E1,1.352500000E2
1.051829688E1,1.352500000E2
1.052092188E1,1.352500000E2
1.052354588E1,1.352500000E2
1.052617088E1,1.352500000E2
1.052879488E1,1.288750000E2
1.053141988E1,1.288750000E2
1.053404388E1,1.288750000E2
1.053666888E1,1.288750000E2
1.053929388E1,1.288750000E2
1.054191788E1,1.288750000E2
1.054454288E1,1.288750000E2
1.054716688E1,1.288750000E2
1.054979188E1,1.288750000E2
1.055241588E1,1.352500000E2
1.055504088E1,1.352500000E2
1.055766488E1,1.352500000E2
1.056028988E1,1.352500000E2
1.056291388E1,1.352500000E2
1.056553888E1,1.352500000E2
1.056816288E1,1.352500000E2
1.057078788E1,1.352500000E2
1.057341188E1,1.352500000E2
1.057603688E1,1.352500000E2
1.057866088E1,1.288750000E2
1.058128588E1,1.288750000E2
1.058390988E1,1.288750000E2
1.058653488E1,1.288750000E2
1.058915888E1,1.288750000E2
1.059178388E1,1.288750000E2
1.059440788E1,1.288750000E2
1.059703288E1,1.288750000E2
1.059965688E1,1.288750000E2
1.060228188E1,1.288750000E2
1.060490588E1,1.288750000E2
1.060753088E1,1.288750000E2
1.061015488E1,1.288750000E2
1.061277988E1,1.288750000E2
1.061540388E1,1.288750000E2
1.061802888E1,1.288750000E2
1.062065288E1,1.288750000E2
1.062327788E1,1.288750000E2
1.062590188E1,1.288750000E2
1.062852688E1,1.288750000E2
1.063115088E1,1.288750000E2
1.063377588E1,1.288750000E2
1.063639988E1,1.288750000E2
1.063902488E1,1.288750000E2
1.064164888E1,1.288750000E2
1.064427388E1,1.288750000E2
1.064689788E1,1.288750000E2
1.064952288E1,1.288750000E2
1.065214788E1,1.288750000E2
1.065477188E1,1.288750000E2
1.065739688E1,1.288750000E2
1.066002088E1,1.288750000E2
1.066264588E1,1.288750000E2
1.066526988E1,1.288750000E2
1.066789488E1,1.288750000E2
1.067051888E1,1.288750000E2
1.067314388E1,1.288750000E2
1.067576788E1,1.288750000E2
1.067839288E1,1.288750000E2
1.068101688E1,1.352500000E2
1.068364188E1,1.352500000E2
1.068626588E1,1.352500000E2
1.068889088E1,1.352500000E2
1.069151488E1,1.352500000E2
1.069413988E1,1.352500000E2
1.069676388E1,1.352500000E2
1.069938888E1,1.352500000E2
1.070201288E1,1.352500000E2
1.070463788E1,1.352500000E2
1.070726188E1,1.352500000E2
1.070988688E1,1.352500000E2
1.071251088E1,1.352500000E2
1.071513588E1,1.352500000E2
1.071775988E1,1.352500000E2
1.072038488E1,1.352500000E2
1.072300888E1,1.352500000E2
1.072563388E1,1.352500000E2
1.072825788E1,1.352500000E2
1.073088288E1,1.352500000E2
1.073350688E1,1.352500000E2
1.073613188E1,1.352500000E2
1.073875588E1,1.352500000E2
1.074138088E1,1.352500000E2
1.074400488E1,1.352500000E2
1.074662988E1,1.352500000E2
1.074925388E1,1.352500000E2
1.075187888E1,1.352500000E2
1.075450288E1,1.352500000E2
1.075712788E1,1.288750000E2
1.075975188E1,1.288750000E2
1.076237688E1,1.288750000E2
1.076500188E1,1.288750000E2
1.076762588E1,1.288750000E2
1.077025088E1,1.288750000E2
1.077287488E1,1.288750000E2
1.077549988E1,1.288750000E2
1.077812388E1,1.288750000E2
1.078074888E1,1.288750000E2
1.078337288E1,1.288750000E2
1.078599788E1,1.288750000E2
1.078862188E1,1.288750000E2
1.079124688E1,1.288750000E2
1.079387088E1,1.288750000E2
1.079649588E1,1.288750000E2
1.079911988E1,1.288750000E2
1.080174488E1,1.288750000E2
1.080436888E1,1.288750000E2
1.080699388E1,1.288750000E2
1.080961788E1,1.288750000E2
1.081224288E1,1.288750000E2
1.081486688E1,1.288750000E2
1.081749188E1,1.288750000E2
1.082011588E1,1.288750000E2
1.082274088E1,1.288750000E2
1.082536488E1,1.288750000E2
1.082798988E1,1.288750000E2
1.083061388E1,1.288750000E2
1.083323888E1,1.352500000E2
1.083586288E1,1.352500000E2
1.083848788E1,1.352500000E2
1.084111188E1,1.352500000E2
1.084373688E1,1.352500000E2
1.084636088E1,1.352500000E2
1.084898588E1,1.352500000E2
1.085160988E1,1.352500000E2
1.085423488E1,1.352500000E2
1.085685888E1,1.352500000E2
1.085948388E1,1.288750000E2
1.086210788E1,1.288750000E2
1.086473288E1,1.288750000E2
1.086735688E1,1.288750000E2
1.086998188E1,1.288750000E2
1.087260688E1,1.288750000E2
1.087523088E1,1.288750000E2
1.087785588E1,1.288750000E2
1.088047988E1,1.288750000E2
1.088310488E1,1.288750000E2
1.088572888E1,1.352500000E2
1.088835388E1,1.352500000E2
1.089097788E1,1.352500000E2
1.089360288E1,1.352500000E2
1.089622688E1,1.352500000E2
1.089885188E1,1.352500000E2
1.090147588E1,1.352500000E2
1.090410088E1,1.352500000E2
1.090672488E1,1.352500000E2
1.090934988E1,1.352500000E2
1.091197388E1,1.352500000E2
1.091459888E1,1.352500000E2
1.091722288E1,1.352500000E2
1.091984788E1,1.352500000E2
1.092247188E1,1.352500000E2
1.092509688E1,1.352500000E2
1.092772088E1,1.352500000E2
1.093034588E1,1.352500000E2
1.093296988E1,1.352500000E2
1.093559488E1,1.288750000E2
1.093821888E1,1.288750000E2
1.094084388E1,1.288750000E2
1.094346788E1,1.288750000E2
1.094609288E1,1.288750000E2
1.094871688E1,1.288750000E2
1.095134188E1,1.288750000E2
1.095396588E1,1.288750000E2
1.095659088E1,1.288750000E2
1.095921488E1,1.288750000E2
1.096183988E1,1.288750000E2
1.096446388E1,1.288750000E2
1.096708888E1,1.288750000E2
1.096971288E1,1.288750000E2
1.097233788E1,1.288750000E2
1.097496188E1,1.288750000E2
1.097758688E1,1.288750000E2
1.098021088E1,1.288750000E2
1.098283588E1,1.288750000E2
1.098546088E1,1.288750000E2
1.098808488E1,1.288750000E2
1.099070988E1,1.288750000E2
1.099333388E1,1.288750000E2
1.099595888E1,1.288750000E2
1.099858288E1,1.288750000E2
1.100120788E1,1.288750000E2
1.100383188E1,1.288750000E2
1.100645688E1,1.288750000E2
1.100908088E1,1.288750000E2
1.101170588E1,1.352500000E2
1.101432988E1,1.352500000E2
1.101695488E1,1.352500000E2
1.101957888E1,1.352500000E2
1.102220388E1,1.352500000E2
1.102482788E1,1.352500000E2
1.102745288E1,1.352500000E2
1.103007688E1,1.352500000E2
1.103270188E1,1.352500000E2
1.103532588E1,1.288750000E2
1.103795088E1,1.288750000E2
1.104057488E1,1.288750000E2
1.104319988E1,1.288750000E2
1.104582388E1,1.288750000E2
1.104844888E1,1.288750000E2
1.105107288E1,1.288750000E2
1.105369788E1,1.288750000E2
1.105632188E1,1.288750000E2
1.105894688E1,1.288750000E2
1.106157088E1,1.288750000E2
1.106419588E1,1.288750000E2
1.106681988E1,1.288750000E2
1.106944488E1,1.288750000E2
1.107206888E1,1.288750000E2
1.107469388E1,1.288750000E2
1.107731788E1,1.288750000E2
1.107994288E1,1.288750000E2
1.108256688E1,1.288750000E2
1.108519188E1,1.288750000E2
1.108781588E1,1.288750000E2
1.109044088E1,1.288750000E2
1.109306488E1,1.288750000E2
1.109568988E1,1.288750000E2
1.109831488E1,1.288750000E2
1.110093888E1,1.288750000E2
1.110356388E1,1.288750000E2
1.110618788E1,1.288750000E2
1.110881288E1,1.288750000E2
1.111143688E1,1.288750000E2
1.111406188E1,1.352500000E2
1.111668588E1,1.352500000E2
1.111931088E1,1.352500000E2
1.112193488E1,1.352500000E2
1.112455988E1,1.352500000E2
1.112718388E1,1.352500000E2
1.112980888E1,1.352500000E2
1.113243288E1,1.352500000E2
1.113505788E1,1.352500000E2
1.113768188E1,1.352500000E2
1.114030688E1,1.288750000E2
1.114293088E1,1.288750000E2
1.114555588E1,1.288750000E2
1.114817988E1,1.288750000E2
1.115080488E1,1.288750000E2
1.115342888E1,1.288750000E2
1.115605388E1,1.288750000E2
1.115867788E1,1.288750000E2
1.116130288E1,1.288750000E2
1.116392688E1,1.288750000E2
1.116655188E1,1.288750000E2
1.116917588E1,1.288750000E2
1.117180088E1,1.288750000E2
1.117442488E1,1.288750000E2
1.117704988E1,1.288750000E2
1.117967388E1,1.288750000E2
1.118229888E1,1.288750000E2
1.118492288E1,1.288750000E2
1.118754788E1,1.288750000E2
1.119017188E1,1.288750000E2
1.119279688E1,1.288750000E2
1.119542088E1,1.288750000E2
1.119804588E1,1.288750000E2
1.120066988E1,1.288750000E2
1.120329488E1,1.288750000E2
1.120591888E1,1.288750000E2
1.120854388E1,1.288750000E2
1.121116888E1,1.288750000E2
1.121379288E1,1.352500000E2
1.121641788E1,1.352500000E2
1.121904188E1,1.352500000E2
1.122166688E1,1.352500000E2
1.122429088E1,1.352500000E2
1.122691588E1,1.352500000E2
1.122953988E1,1.352500000E2
1.123216488E1,1.352500000E2
1.123478888E1,1.352500000E2
1.123741388E1,1.352500000E2
1.124003788E1,1.288750000E2
1.124266288E1,1.288750000E2
1.124528688E1,1.288750000E2
1.124791188E1,1.288750000E2
1.125053588E1,1.288750000E2
1.125316088E1,1.288750000E2
1.125578488E1,1.288750000E2
1.125840988E1,1.288750000E2
1.126103388E1,1.288750000E2
1.126365888E1,1.288750000E2
1.126628288E1,1.352500000E2
1.126890788E1,1.352500000E2
1.127153188E1,1.352500000E2
1.127415688E1,1.352500000E2
1.127678088E1,1.352500000E2
1.127940588E1,1.352500000E2
1.128202988E1,1.352500000E2
1.128465488E1,1.352500000E2
1.128727888E1,1.352500000E2
1.128990388E1,1.352500000E2
1.129252788E1,1.288750000E2
1.129515288E1,1.288750000E2
1.129777688E1,1.288750000E2
1.130040188E1,1.288750000E2
1.130302588E1,1.288750000E2
1.130565088E1,1.288750000E2
1.130827488E1,1.288750000E2
1.131089988E1,1.288750000E2
1.131352388E1,1.288750000E2
1.131614888E1,1.288750000E2
1.131877288E1,1.288750000E2
1.132139788E1,1.288750000E2
1.132402288E1,1.288750000E2
1.132664688E1,1.288750000E2
1.132927188E1,1.288750000E2
1.133189588E1,1.288750000E2
1.133452088E1,1.288750000E2
1.133714488E1,1.288750000E2
1.133976988E1,1.288750000E2
1.134239388E1,1.288750000E2
1.134501888E1,1.288750000E2
1.134764288E1,1.288750000E2
1.135026788E1,1.288750000E2
1.135289188E1,1.288750000E2
1.135551688E1,1.288750000E2
1.135814088E1,1.288750000E2
1.136076588E1,1.288750000E2
1.136338988E1,1.288750000E2
1.136601488E1,1.288750000E2
1.136863888E1,1.288750000E2
1.137126388E1,1.288750000E2
1.137388788E1,1.288750000E2
1.137651288E1,1.288750000E2
1.137913688E1,1.288750000E2
1.138176188E1,1.288750000E2
1.138438588E1,1.288750000E2
1.138701088E1,1.288750000E2
1.138963488E1,1.288750000E2
1.139225988E1,1.288750000E2
1.139488388E1,1.288750000E2
1.139750888E1,1.288750000E2
1.140013288E1,1.288750000E2
1.140275788E1,1.288750000E2
1.140538188E1,1.288750000E2
1.140800688E1,1.288750000E2
1.141063088E1,1.288750000E2
1.141325588E1,1.288750000E2
1.141587988E1,1.288750000E2
1.141850488E1,1.352500000E2
1.142112888E1,1.352500000E2
1.142375388E1,1.352500000E2
1.142637788E1,1.352500000E2
1.142900288E1,1.352500000E2
1.143162688E1,1.352500000E2
1.143425188E1,1.352500000E2
1.143687688E1,1.352500000E2
1.143950088E1,1.352500000E2
1.144212588E1,1.352500000E2
1.144474988E1,1.288750000E2
1.144737488E1,1.288750000E2
1.144999888E1,1.288750000E2
1.145262388E1,1.288750000E2
1.145524788E1,1.288750000E2
1.145787288E1,1.288750000E2
1.146049688E1,1.288750000E2
1.146312188E1,1.288750000E2
1.146574588E1,1.288750000E2
1.146837088E1,1.288750000E2
1.147099488E1,1.288750000E2
1.147361988E1,1.288750000E2
1.147624388E1,1.288750000E2
1.147886888E1,1.288750000E2
1.148149288E1,1.288750000E2
1.148411788E1,1.288750000E2
1.148674188E1,1.288750000E2
1.148936688E1,1.288750000E2
1.149199088E1,1.288750000E2
1.149461588E1,1.288750000E2
1.149723988E1,1.288750000E2
1.149986488E1,1.288750000E2
1.150248888E1,1.288750000E2
1.150511388E1,1.288750000E2
1.150773788E1,1.288750000E2
1.151036288E1,1.288750000E2
1.151298688E1,1.288750000E2
1.151561188E1,1.288750000E2
1.151823588E1,1.288750000E2
1.152086088E1,1.288750000E2
1.152348488E1,1.288750000E2
1.152610988E1,1.288750000E2
1.152873388E1,1.288750000E2
1.153135888E1,1.288750000E2
1.153398288E1,1.288750000E2
1.153660788E1,1.288750000E2
1.153923188E1,1.288750000E2
1.154185688E1,1.288750000E2
1.154448188E1,1.288750000E2
1.154710588E1,1.352500000E2
1.154973088E1,1.352500000E2
1.155235488E1,1.352500000E2
1.155497988E1,1.352500000E2
1.155760388E1,1.352500000E2
1.156022888E1,1.352500000E2
1.156285288E1,1.352500000E2
1.156547788E1,1.352500000E2
1.156810188E1,1.352500000E2
1.157072688E1,1.288750000E2
1.157335088E1,1.288750000E2
1.157597588E1,1.288750000E2
1.157859988E1,1.288750000E2
1.158122488E1,1.288750000E2
1.158384888E1,1.288750000E2
1.158647388E1,1.288750000E2
1.158909788E1,1.288750000E2
1.159172288E1,1.288750000E2
1.159434688E1,1.288750000E2
1.159697188E1,1.352500000E2
1.159959588E1,1.352500000E2
1.160222088E1,1.352500000E2
1.160484488E1,1.352500000E2
1.160746988E1,1.352500000E2
1.161009388E1,1.352500000E2
1.161271888E1,1.352500000E2
1.161534288E1,1.352500000E2
1.161796788E1,1.352500000E2
1.162059188E1,1.352500000E2
1.162321688E1,1.288750000E2
1.162584088E1,1.288750000E2
1.162846588E1,1.288750000E2
1.163108988E1,1.288750000E2
1.163371488E1,1.288750000E2
1.163633888E1,1.288750000E2
1.163896388E1,1.288750000E2
1.164158788E1,1.288750000E2
1.164421288E1,1.288750000E2
1.164683688E1,1.288750000E2
1.164946188E1,1.288750000E2
1.165208588E1,1.288750000E2
1.165471088E1,1.288750000E2
1.165733588E1,1.288750000E2
1.165995988E1,1.288750000E2
1.166258488E1,1.288750000E2
1.166520888E1,1.288750000E2
1.166783388E1,1.288750000E2
1.167045788E1,1.288750000E2
1.167308288E1,1.288750000E2
1.167570688E1,1.288750000E2
1.167833188E1,1.288750000E2
1.168095588E1,1.288750000E2
1.168358088E1,1.288750000E2
1.168620488E1,1.288750000E2
1.168882988E1,1.288750000E2
1.169145388E1,1.288750000E2
1.169407888E1,1.288750000E2
1.169670288E1,1.288750000E2
1.169932788E1,1.352500000E2
1.170195188E1,1.352500000E2
1.170457688E1,1.352500000E2
1.170720088E1,1.352500000E2
1.170982588E1,1.352500000E2
1.171244988E1,1.352500000E2
1.171507488E1,1.352500000E2
1.171769888E1,1.352500000E2
1.172032388E1,1.352500000E2
1.172294788E1,1.352500000E2
1.172557288E1,1.288750000E2
1.172819688E1,1.288750000E2
1.173082188E1,1.288750000E2
1.173344588E1,1.288750000E2
1.173607088E1,1.288750000E2
1.173869488E1,1.288750000E2
1.174131988E1,1.288750000E2
1.174394388E1,1.288750000E2
1.174656888E1,1.288750000E2
1.174919288E1,1.288750000E2
1.175181788E1,1.288750000E2
1.175444188E1,1.288750000E2
1.175706688E1,1.288750000E2
1.175969088E1,1.288750000E2
1.176231588E1,1.288750000E2
1.176493988E1,1.288750000E2
1.176756488E1,1.288750000E2
1.177018988E1,1.288750000E2
1.177281388E1,1.288750000E2
1.177543888E1,1.288750000E2
1.177806288E1,1.288750000E2
1.178068788E1,1.288750000E2
1.178331188E1,1.288750000E2
1.178593688E1,1.288750000E2
1.178856088E1,1.288750000E2
1.179118588E1,1.288750000E2
1.179380988E1,1.288750000E2
1.179643488E1,1.288750000E2
1.179905888E1,1.288750000E2
1.180168388E1,1.288750000E2
1.180430788E1,1.288750000E2
1.180693288E1,1.288750000E2
1.180955688E1,1.288750000E2
1.181218188E1,1.288750000E2
1.181480588E1,1.288750000E2
1.181743088E1,1.288750000E2
1.182005488E1,1.288750000E2
1.182267988E1,1.288750000E2
1.182530388E1,1.352500000E2
1.182792888E1,1.352500000E2
1.183055288E1,1.352500000E2
1.183317788E1,1.352500000E2
1.183580188E1,1.352500000E2
1.183842688E1,1.352500000E2
1.184105088E1,1.352500000E2
1.184367588E1,1.352500000E2
1.184629988E1,1.352500000E2
1.184892488E1,1.352500000E2
1.185154888E1,1.288750000E2
1.185417388E1,1.288750000E2
1.185679788E1,1.288750000E2
1.185942288E1,1.288750000E2
1.186204688E1,1.288750000E2
1.186467188E1,1.288750000E2
1.186729588E1,1.288750000E2
1.186992088E1,1.288750000E2
1.187254488E1,1.288750000E2
1.187516988E1,1.352500000E2
1.187779388E1,1.352500000E2
1.188041888E1,1.352500000E2
1.188304388E1,1.352500000E2
1.188566788E1,1.352500000E2
1.188829288E1,1.352500000E2
1.189091688E1,1.352500000E2
1.189354188E1,1.352500000E2
1.189616588E1,1.352500000E2
1.189879088E1,1.352500000E2
1.190141488E1,1.288750000E2
1.190403988E1,1.288750000E2
1.190666388E1,1.288750000E2
1.190928888E1,1.288750000E2
1.191191288E1,1.288750000E2
1.191453788E1,1.288750000E2
1.191716188E1,1.288750000E2
1.191978688E1,1.288750000E2
1.192241088E1,1.288750000E2
1.192503588E1,1.288750000E2
1.192765988E1,1.288750000E2
1.193028488E1,1.288750000E2
1.193290888E1,1.288750000E2
1.193553388E1,1.288750000E2
1.193815788E1,1.288750000E2
1.194078288E1,1.288750000E2
1.194340688E1,1.288750000E2
1.194603188E1,1.288750000E2
1.194865588E1,1.288750000E2
1.195128088E1,1.288750000E2
1.195390488E1,1.352500000E2
1.195652988E1,1.352500000E2
1.195915388E1,1.352500000E2
1.196177888E1,1.352500000E2
1.196440288E1,1.352500000E2
1.196702788E1,1.352500000E2
1.196965188E1,1.352500000E2
1.197227688E1,1.352500000E2
1.197490088E1,1.352500000E2
