"Time (s)","Illuminance (lx)"
0.000000000E0,2.575000000E1
4.793020000E-4,1.937500000E1
1.061130200E-2,1.937500000E1
2.074330200E-2,1.937500000E1
2.339830200E-2,1.937500000E1
2.602330200E-2,1.937500000E1
2.864730200E-2,1.937500000E1
3.389630200E-2,2.575000000E1
3.652130200E-2,2.575000000E1
3.914530200E-2,2.575000000E1
4.177030200E-2,2.575000000E1
4.439430200E-2,2.575000000E1
4.701930200E-2,2.575000000E1
4.964330200E-2,2.575000000E1
5.226830200E-2,2.575000000E1
5.489230200E-2,2.575000000E1
5.751730200E-2,2.575000000E1
6.014130200E-2,2.575000000E1
6.276630200E-2,2.575000000E1
6.539030200E-2,2.575000000E1
6.801530200E-2,2.575000000E1
7.063930200E-2,2.575000000E1
7.326430200E-2,2.575000000E1
7.588830200E-2,2.575000000E1
7.851330200E-2,2.575000000E1
8.113730200E-2,2.575000000E1
8.376230200E-2,2.575000000E1
8.638630200E-2,2.575000000E1
8.901130200E-2,2.575000000E1
9.163530200E-2,2.575000000E1
9.426030200E-2,2.575000000E1
9.688430200E-2,2.575000000E1
9.950930200E-2,2.575000000E1
1.021333020E-1,2.575000000E1
1.047583020E-1,2.575000000E1
1.073823020E-1,2.575000000E1
1.100073020E-1,2.575000000E1
1.126313020E-1,2.575000000E1
1.152563020E-1,2.575000000E1
1.178803020E-1,2.575000000E1
1.205053020E-1,2.575000000E1
1.231303020E-1,2.575000000E1
1.257543020E-1,2.575000000E1
1.283793020E-1,2.575000000E1
1.310033020E-1,2.575000000E1
1.336283020E-1,2.575000000E1
1.362523020E-1,2.575000000E1
1.388773020E-1,2.575000000E1
1.415013020E-1,2.575000000E1
1.441263020E-1,2.575000000E1
1.467503020E-1,2.575000000E1
1.493753020E-1,2.575000000E1
1.519993020E-1,2.575000000E1
1.546243020E-1,2.575000000E1
1.572483020E-1,1.937500000E1
1.598733020E-1,1.937500000E1
1.624973020E-1,1.937500000E1
1.651223020E-1,1.937500000E1
1.677463020E-1,1.937500000E1
1.703713020E-1,1.937500000E1
1.729953020E-1,1.937500000E1
1.756203020E-1,1.937500000E1
1.782443020E-1,1.937500000E1
1.808693020E-1,1.937500000E1
1.861183020E-1,2.575000000E1
1.887423020E-1,2.575000000E1
1.913673020E-1,2.575000000E1
1.939913020E-1,2.575000000E1
1.966163020E-1,2.575000000E1
1.992403020E-1,2.575000000E1
2.018653020E-1,2.575000000E1
2.044893020E-1,2.575000000E1
2.071143020E-1,2.575000000E1
2.097383020E-1,2.575000000E1
2.123633020E-1,2.575000000E1
2.149873020E-1,2.575000000E1
2.176123020E-1,2.575000000E1
2.202363020E-1,2.575000000E1
2.228613020E-1,2.575000000E1
2.254853020E-1,2.575000000E1
2.281103020E-1,2.575000000E1
2.307343020E-1,2.575000000E1
2.333593020E-1,1.937500000E1
2.359843020E-1,1.937500000E1
2.386083020E-1,1.937500000E1
2.412333020E-1,1.937500000E1
2.438573020E-1,1.937500000E1
2.464823020E-1,1.937500000E1
2.491063020E-1,1.937500000E1
2.517313020E-1,1.937500000E1
2.543553020E-1,1.937500000E1
2.569803020E-1,1.937500000E1
2.622293020E-1,2.575000000E1
2.648533020E-1,2.575000000E1
2.674783020E-1,2.575000000E1
2.701023020E-1,2.575000000E1
2.727273020E-1,2.575000000E1
2.753513020E-1,2.575000000E1
2.779763020E-1,2.575000000E1
2.806003020E-1,2.575000000E1
2.832253020E-1,1.937500000E1
2.858493020E-1,1.937500000E1
2.884743020E-1,1.937500000E1
2.910983020E-1,1.937500000E1
2.937233020E-1,1.937500000E1
2.963473020E-1,1.937500000E1
2.989723020E-1,1.937500000E1
3.015963020E-1,1.937500000E1
3.042213020E-1,1.937500000E1
3.068453020E-1,1.937500000E1
3.120943020E-1,2.575000000E1
3.147193020E-1,2.575000000E1
3.173433020E-1,2.575000000E1
3.199683020E-1,2.575000000E1
3.225923020E-1,2.575000000E1
3.252173020E-1,2.575000000E1
3.278413020E-1,2.575000000E1
3.304663020E-1,2.575000000E1
3.330903020E-1,2.575000000E1
3.357153020E-1,2.575000000E1
3.383393020E-1,2.575000000E1
3.409643020E-1,2.575000000E1
3.435883020E-1,2.575000000E1
3.462133020E-1,2.575000000E1
3.488383020E-1,2.575000000E1
3.514623020E-1,2.575000000E1
3.540873020E-1,2.575000000E1
3.567113020E-1,2.575000000E1
3.593363020E-1,2.575000000E1
3.619603020E-1,2.575000000E1
3.645853020E-1,2.575000000E1
3.672093020E-1,2.575000000E1
3.698343020E-1,2.575000000E1
3.724583020E-1,2.575000000E1
3.750833020E-1,2.575000000E1
3.777073020E-1,2.575000000E1
3.803323020E-1,2.575000000E1
3.829563020E-1,2.575000000E1
3.855813020E-1,2.575000000E1
3.882053020E-1,1.937500000E1
3.908303020E-1,1.937500000E1
3.934543020E-1,1.937500000E1
3.960793020E-1,1.937500000E1
3.987033020E-1,1.937500000E1
4.013283020E-1,1.937500000E1
4.039523020E-1,1.937500000E1
4.065773020E-1,1.937500000E1
4.092013020E-1,1.937500000E1
4.144503020E-1,2.575000000E1
4.170753020E-1,2.575000000E1
4.196993020E-1,2.575000000E1
4.223243020E-1,2.575000000E1
4.249483020E-1,2.575000000E1
4.275733020E-1,2.575000000E1
4.301973020E-1,2.575000000E1
4.328223020E-1,2.575000000E1
4.354463020E-1,2.575000000E1
4.380713020E-1,1.937500000E1
4.406953020E-1,1.937500000E1
4.433203020E-1,1.937500000E1
4.459443020E-1,1.937500000E1
4.485693020E-1,1.937500000E1
4.511933020E-1,1.937500000E1
4.538183020E-1,1.937500000E1
4.564423020E-1,1.937500000E1
4.590673020E-1,1.937500000E1
4.643163020E-1,2.575000000E1
4.669413020E-1,2.575000000E1
4.695653020E-1,2.575000000E1
4.721903020E-1,2.575000000E1
4.748143020E-1,2.575000000E1
4.774393020E-1,2.575000000E1
4.800633020E-1,2.575000000E1
4.826883020E-1,2.575000000E1
4.853123020E-1,2.575000000E1
4.879373020E-1,2.575000000E1
4.905613020E-1,2.575000000E1
4.931863020E-1,2.575000000E1
4.958103020E-1,2.575000000E1
4.984353020E-1,2.575000000E1
5.010593020E-1,2.575000000E1
5.036843020E-1,2.575000000E1
5.063083020E-1,2.575000000E1
5.089333020E-1,2.575000000E1
5.115573020E-1,2.575000000E1
5.141823020E-1,2.575000000E1
5.168063020E-1,2.575000000E1
5.194313020E-1,2.575000000E1
5.220553020E-1,2.575000000E1
5.246803020E-1,2.575000000E1
5.273043020E-1,2.575000000E1
5.299293020E-1,2.575000000E1
5.325533020E-1,2.575000000E1
5.351783020E-1,2.575000000E1
5.378023020E-1,2.575000000E1
5.404273020E-1,2.575000000E1
5.430513020E-1,2.575000000E1
5.456763020E-1,2.575000000E1
5.483003020E-1,2.575000000E1
5.509253020E-1,2.575000000E1
5.535493020E-1,2.575000000E1
5.561743020E-1,2.575000000E1
5.587983020E-1,2.575000000E1
5.614233020E-1,2.575000000E1
5.640473020E-1,1.937500000E1
5.666723020E-1,1.937500000E1
5.692973020E-1,1.937500000E1
5.719213020E-1,1.937500000E1
5.745463020E-1,1.937500000E1
5.771703020E-1,1.937500000E1
5.797953020E-1,1.937500000E1
5.824193020E-1,1.937500000E1
5.850443020E-1,1.937500000E1
5.876683020E-1,1.937500000E1
5.929173020E-1,2.575000000E1
5.955423020E-1,2.575000000E1
5.981663020E-1,2.575000000E1
6.007913020E-1,2.575000000E1
6.034153020E-1,2.575000000E1
6.060403020E-1,2.575000000E1
6.086643020E-1,2.575000000E1
6.112893020E-1,2.575000000E1
6.139133020E-1,2.575000000E1
6.165383020E-1,1.937500000E1
6.191623020E-1,1.937500000E1
6.217873020E-1,1.937500000E1
6.244113020E-1,1.937500000E1
6.270363020E-1,1.937500000E1
6.296603020E-1,1.937500000E1
6.322853020E-1,1.937500000E1
6.349093020E-1,1.937500000E1
6.375343020E-1,1.937500000E1
6.427833020E-1,2.575000000E1
6.454073020E-1,2.575000000E1
6.480323020E-1,2.575000000E1
6.506563020E-1,2.575000000E1
6.532813020E-1,2.575000000E1
6.559053020E-1,2.575000000E1
6.585303020E-1,2.575000000E1
6.611543020E-1,2.575000000E1
6.637793020E-1,2.575000000E1
6.664033020E-1,2.575000000E1
6.690283020E-1,2.575000000E1
6.716523020E-1,2.575000000E1
6.742773020E-1,2.575000000E1
6.769013020E-1,2.575000000E1
6.795263020E-1,2.575000000E1
6.821513020E-1,2.575000000E1
6.847753020E-1,2.575000000E1
6.874003020E-1,2.575000000E1
6.900243020E-1,2.575000000E1
6.926493020E-1,2.575000000E1
6.952733020E-1,2.575000000E1
6.978983020E-1,2.575000000E1
7.005223020E-1,2.575000000E1
7.031473020E-1,2.575000000E1
7.057713020E-1,2.575000000E1
7.083963020E-1,2.575000000E1
7.110203020E-1,2.575000000E1
7.136453020E-1,2.575000000E1
7.162693020E-1,2.575000000E1
7.188943020E-1,1.937500000E1
7.215183020E-1,1.937500000E1
7.241433020E-1,1.937500000E1
7.267673020E-1,1.937500000E1
7.293923020E-1,1.937500000E1
7.320163020E-1,1.937500000E1
7.346413020E-1,1.937500000E1
7.372653020E-1,1.937500000E1
7.398903020E-1,1.937500000E1
7.451393020E-1,2.575000000E1
7.477633020E-1,2.575000000E1
7.503883020E-1,2.575000000E1
7.530123020E-1,2.575000000E1
7.556373020E-1,2.575000000E1
7.582613020E-1,2.575000000E1
7.608863020E-1,2.575000000E1
7.635103020E-1,2.575000000E1
7.661353020E-1,2.575000000E1
7.687593020E-1,2.575000000E1
7.713843020E-1,2.575000000E1
7.740083020E-1,2.575000000E1
7.766333020E-1,2.575000000E1
7.792573020E-1,2.575000000E1
7.818823020E-1,2.575000000E1
7.845063020E-1,2.575000000E1
7.871313020E-1,2.575000000E1
7.897553020E-1,2.575000000E1
7.923803020E-1,2.575000000E1
7.950053020E-1,2.575000000E1
7.976293020E-1,2.575000000E1
8.002543020E-1,2.575000000E1
8.028783020E-1,2.575000000E1
8.055033020E-1,2.575000000E1
8.081273020E-1,2.575000000E1
8.107523020E-1,2.575000000E1
8.133763020E-1,2.575000000E1
8.160013020E-1,2.575000000E1
8.186253020E-1,1.937500000E1
8.212503020E-1,1.937500000E1
8.238743020E-1,1.937500000E1
8.264993020E-1,1.937500000E1
8.291233020E-1,1.937500000E1
8.317483020E-1,1.937500000E1
8.343723020E-1,1.937500000E1
8.369973020E-1,1.937500000E1
8.396213020E-1,1.937500000E1
8.422463020E-1,1.937500000E1
8.474953020E-1,2.575000000E1
8.501193020E-1,2.575000000E1
8.527443020E-1,2.575000000E1
8.553683020E-1,2.575000000E1
8.579933020E-1,2.575000000E1
8.606173020E-1,2.575000000E1
8.632423020E-1,2.575000000E1
8.658663020E-1,2.575000000E1
8.684913020E-1,2.575000000E1
8.711153020E-1,1.937500000E1
8.737403020E-1,1.937500000E1
8.763643020E-1,1.937500000E1
8.789893020E-1,1.937500000E1
8.816133020E-1,1.937500000E1
8.842383020E-1,1.937500000E1
8.868623020E-1,1.937500000E1
8.894873020E-1,1.937500000E1
8.921113020E-1,1.937500000E1
8.973603020E-1,2.575000000E1
8.999853020E-1,2.575000000E1
9.026093020E-1,2.575000000E1
9.052343020E-1,2.575000000E1
9.078593020E-1,2.575000000E1
9.104833020E-1,2.575000000E1
9.131083020E-1,2.575000000E1
9.157323020E-1,2.575000000E1
9.183573020E-1,2.575000000E1
9.209813020E-1,2.575000000E1
9.236063020E-1,2.575000000E1
9.262303020E-1,2.575000000E1
9.288553020E-1,2.575000000E1
9.314793020E-1,2.575000000E1
9.341043020E-1,2.575000000E1
9.367283020E-1,2.575000000E1
9.393533020E-1,2.575000000E1
9.419773020E-1,2.575000000E1
9.446023020E-1,2.575000000E1
9.472263020E-1,1.937500000E1
9.498513020E-1,1.937500000E1
9.524753020E-1,1.937500000E1
9.551003020E-1,1.937500000E1
9.577243020E-1,1.937500000E1
9.603493020E-1,1.937500000E1
9.629733020E-1,1.937500000E1
9.655983020E-1,1.937500000E1
9.682223020E-1,1.937500000E1
9.708473020E-1,1.937500000E1
9.734713020E-1,1.937500000E1
9.760963020E-1,1.937500000E1
9.787203020E-1,1.937500000E1
9.813453020E-1,1.937500000E1
9.839693020E-1,1.937500000E1
9.865943020E-1,1.937500000E1
9.892183020E-1,1.937500000E1
9.918433020E-1,1.937500000E1
9.944673020E-1,1.937500000E1
9.997163020E-1,2.575000000E1
1.002341302E0,2.575000000E1
1.004965302E0,2.575000000E1
1.007590302E0,2.575000000E1
1.010214302E0,2.575000000E1
1.012839302E0,2.575000000E1
1.015463302E0,2.575000000E1
1.018088302E0,2.575000000E1
1.020713302E0,2.575000000E1
1.023337302E0,2.575000000E1
1.025962302E0,2.575000000E1
1.028586302E0,2.575000000E1
1.031211302E0,2.575000000E1
1.033835302E0,2.575000000E1
1.036460302E0,2.575000000E1
1.039084302E0,2.575000000E1
1.041709302E0,2.575000000E1
1.044333302E0,2.575000000E1
1.046958302E0,2.575000000E1
1.049582302E0,1.937500000E1
1.052207302E0,1.937500000E1
1.054831302E0,1.937500000E1
1.057456302E0,1.937500000E1
1.060080302E0,1.937500000E1
1.062705302E0,1.937500000E1
1.065329302E0,1.937500000E1
1.067954302E0,1.937500000E1
1.070578302E0,1.937500000E1
1.075827302E0,2.575000000E1
1.078452302E0,2.575000000E1
1.081076302E0,2.575000000E1
1.083701302E0,2.575000000E1
1.086325302E0,2.575000000E1
1.088950302E0,2.575000000E1
1.091574302E0,2.575000000E1
1.094199302E0,2.575000000E1
1.096823302E0,2.575000000E1
1.099448302E0,1.937500000E1
1.102072302E0,1.937500000E1
1.104697302E0,1.937500000E1
1.107321302E0,1.937500000E1
1.109946302E0,1.937500000E1
1.112570302E0,1.937500000E1
1.115195302E0,1.937500000E1
1.117819302E0,1.937500000E1
1.120444302E0,1.937500000E1
1.125693302E0,2.575000000E1
1.128317302E0,2.575000000E1
1.130942302E0,2.575000000E1
1.133567302E0,2.575000000E1
1.136191302E0,2.575000000E1
1.138816302E0,2.575000000E1
1.141440302E0,2.575000000E1
1.144065302E0,2.575000000E1
1.146689302E0,2.575000000E1
1.149314302E0,2.575000000E1
1.151938302E0,2.575000000E1
1.154563302E0,2.575000000E1
1.157187302E0,2.575000000E1
1.159812302E0,2.575000000E1
1.162436302E0,2.575000000E1
1.165061302E0,2.575000000E1
1.167685302E0,2.575000000E1
1.170310302E0,2.575000000E1
1.172934302E0,2.575000000E1
1.175559302E0,2.575000000E1
1.178183302E0,2.575000000E1
1.180808302E0,2.575000000E1
1.183432302E0,2.575000000E1
1.186057302E0,2.575000000E1
1.188681302E0,2.575000000E1
1.191306302E0,2.575000000E1
1.193930302E0,2.575000000E1
1.196555302E0,2.575000000E1
1.199179302E0,2.575000000E1
1.201804302E0,2.575000000E1
1.204428302E0,2.575000000E1
1.207053302E0,2.575000000E1
1.209677302E0,2.575000000E1
1.212302302E0,2.575000000E1
1.214926302E0,2.575000000E1
1.217551302E0,2.575000000E1
1.220175302E0,2.575000000E1
1.222800302E0,2.575000000E1
1.225424302E0,2.575000000E1
1.228049302E0,2.575000000E1
1.230673302E0,2.575000000E1
1.233298302E0,2.575000000E1
1.235922302E0,2.575000000E1
1.238547302E0,2.575000000E1
1.241172302E0,2.575000000E1
1.243796302E0,2.575000000E1
1.246421302E0,2.575000000E1
1.249045302E0,2.575000000E1
1.251670302E0,2.575000000E1
1.254294302E0,2.575000000E1
1.256919302E0,2.575000000E1
1.259543302E0,2.575000000E1
1.262168302E0,2.575000000E1
1.264792302E0,2.575000000E1
1.267417302E0,2.575000000E1
1.270041302E0,2.575000000E1
1.272666302E0,2.575000000E1
1.275290302E0,2.575000000E1
1.277915302E0,2.575000000E1
1.280539302E0,2.575000000E1
1.283164302E0,2.575000000E1
1.285788302E0,2.575000000E1
1.288413302E0,2.575000000E1
1.291037302E0,2.575000000E1
1.293662302E0,2.575000000E1
1.296286302E0,2.575000000E1
1.298911302E0,2.575000000E1
1.301535302E0,1.937500000E1
1.304160302E0,1.937500000E1
1.306784302E0,1.937500000E1
1.309409302E0,1.937500000E1
1.312033302E0,1.937500000E1
1.314658302E0,1.937500000E1
1.317282302E0,1.937500000E1
1.319907302E0,1.937500000E1
1.322531302E0,1.937500000E1
1.325156302E0,1.937500000E1
1.330405302E0,2.575000000E1
1.333029302E0,2.575000000E1
1.335654302E0,2.575000000E1
1.338278302E0,2.575000000E1
1.340903302E0,2.575000000E1
1.343527302E0,2.575000000E1
1.346152302E0,2.575000000E1
1.348776302E0,2.575000000E1
1.351401302E0,2.575000000E1
1.354026302E0,2.575000000E1
1.356650302E0,2.575000000E1
1.359275302E0,2.575000000E1
1.361899302E0,2.575000000E1
1.364524302E0,2.575000000E1
1.367148302E0,2.575000000E1
1.369773302E0,2.575000000E1
1.372397302E0,2.575000000E1
1.375022302E0,2.575000000E1
1.377646302E0,2.575000000E1
1.380271302E0,2.575000000E1
1.382895302E0,2.575000000E1
1.385520302E0,2.575000000E1
1.388144302E0,2.575000000E1
1.390769302E0,2.575000000E1
1.393393302E0,2.575000000E1
1.396018302E0,2.575000000E1
1.398642302E0,2.575000000E1
1.401267302E0,2.575000000E1
1.403891302E0,2.575000000E1
1.406516302E0,2.575000000E1
1.409140302E0,2.575000000E1
1.411765302E0,2.575000000E1
1.414389302E0,2.575000000E1
1.417014302E0,2.575000000E1
1.419638302E0,2.575000000E1
1.422263302E0,2.575000000E1
1.424887302E0,2.575000000E1
1.427512302E0,2.575000000E1
1.430136302E0,2.575000000E1
1.432761302E0,2.575000000E1
1.435385302E0,2.575000000E1
1.438010302E0,2.575000000E1
1.440634302E0,2.575000000E1
1.443259302E0,2.575000000E1
1.445883302E0,2.575000000E1
1.448508302E0,2.575000000E1
1.451132302E0,2.575000000E1
1.453757302E0,2.575000000E1
1.456381302E0,2.575000000E1
1.459006302E0,2.575000000E1
1.461630302E0,2.575000000E1
1.464255302E0,2.575000000E1
1.466880302E0,2.575000000E1
1.469504302E0,2.575000000E1
1.472129302E0,2.575000000E1
1.474753302E0,2.575000000E1
1.477378302E0,2.575000000E1
1.480002302E0,2.575000000E1
1.482627302E0,2.575000000E1
1.485251302E0,2.575000000E1
1.487876302E0,2.575000000E1
1.490500302E0,2.575000000E1
1.493125302E0,2.575000000E1
1.495749302E0,2.575000000E1
1.498374302E0,2.575000000E1
1.500998302E0,2.575000000E1
1.503623302E0,2.575000000E1
1.506247302E0,2.575000000E1
1.508872302E0,2.575000000E1
1.511496302E0,2.575000000E1
1.514121302E0,2.575000000E1
1.516745302E0,2.575000000E1
1.519370302E0,2.575000000E1
1.521994302E0,2.575000000E1
1.524619302E0,2.575000000E1
1.527243302E0,2.575000000E1
1.529868302E0,2.575000000E1
1.532492302E0,2.575000000E1
1.535117302E0,2.575000000E1
1.537741302E0,2.575000000E1
1.540366302E0,2.575000000E1
1.542990302E0,2.575000000E1
1.545615302E0,2.575000000E1
1.548239302E0,2.575000000E1
1.550864302E0,2.575000000E1
1.553488302E0,2.575000000E1
1.556113302E0,2.575000000E1
1.558737302E0,2.575000000E1
1.561362302E0,2.575000000E1
1.563986302E0,2.575000000E1
1.566611302E0,2.575000000E1
1.569235302E0,2.575000000E1
1.571860302E0,2.575000000E1
1.574484302E0,2.575000000E1
1.577109302E0,2.575000000E1
1.579734302E0,2.575000000E1
1.582358302E0,1.937500000E1
1.584983302E0,1.937500000E1
1.587607302E0,1.937500000E1
1.590232302E0,1.937500000E1
1.592856302E0,1.937500000E1
1.595481302E0,1.937500000E1
1.598105302E0,1.937500000E1
1.600730302E0,1.937500000E1
1.603354302E0,1.937500000E1
1.605979302E0,1.937500000E1
1.611228302E0,2.575000000E1
1.613852302E0,2.575000000E1
1.616477302E0,2.575000000E1
1.619101302E0,2.575000000E1
1.621726302E0,2.575000000E1
1.624350302E0,2.575000000E1
1.626975302E0,2.575000000E1
1.629599302E0,2.575000000E1
1.632224302E0,2.575000000E1
1.634848302E0,1.937500000E1
1.637473302E0,1.937500000E1
1.640097302E0,1.937500000E1
1.642722302E0,1.937500000E1
1.645346302E0,1.937500000E1
1.647971302E0,1.937500000E1
1.650595302E0,1.937500000E1
1.653220302E0,1.937500000E1
1.655844302E0,1.937500000E1
1.661093302E0,2.575000000E1
1.663718302E0,2.575000000E1
1.666342302E0,2.575000000E1
1.668967302E0,2.575000000E1
1.671591302E0,2.575000000E1
1.674216302E0,2.575000000E1
1.676840302E0,2.575000000E1
1.679465302E0,2.575000000E1
1.682089302E0,2.575000000E1
1.684714302E0,2.575000000E1
1.687338302E0,2.575000000E1
1.689963302E0,2.575000000E1
1.692588302E0,2.575000000E1
1.695212302E0,2.575000000E1
1.697837302E0,2.575000000E1
1.700461302E0,2.575000000E1
1.703086302E0,2.575000000E1
1.705710302E0,2.575000000E1
1.708335302E0,2.575000000E1
1.710959302E0,2.575000000E1
1.713584302E0,2.575000000E1
1.716208302E0,2.575000000E1
1.718833302E0,2.575000000E1
1.721457302E0,2.575000000E1
1.724082302E0,2.575000000E1
1.726706302E0,2.575000000E1
1.729331302E0,2.575000000E1
1.731955302E0,2.575000000E1
1.734580302E0,2.575000000E1
1.737204302E0,2.575000000E1
1.739829302E0,2.575000000E1
1.742453302E0,2.575000000E1
1.745078302E0,2.575000000E1
1.747702302E0,2.575000000E1
1.750327302E0,2.575000000E1
1.752951302E0,2.575000000E1
1.755576302E0,2.575000000E1
1.758200302E0,2.575000000E1
1.760825302E0,2.575000000E1
1.763449302E0,2.575000000E1
1.766074302E0,2.575000000E1
1.768698302E0,2.575000000E1
1.771323302E0,2.575000000E1
1.773947302E0,2.575000000E1
1.776572302E0,2.575000000E1
1.779196302E0,2.575000000E1
1.781821302E0,2.575000000E1
1.784445302E0,2.575000000E1
1.787070302E0,1.937500000E1
1.789694302E0,1.937500000E1
1.792319302E0,1.937500000E1
1.794943302E0,1.937500000E1
1.797568302E0,1.937500000E1
1.800192302E0,1.937500000E1
1.802817302E0,1.937500000E1
1.805442302E0,1.937500000E1
1.808066302E0,1.937500000E1
1.810691302E0,1.937500000E1
1.813315302E0,1.937500000E1
1.815940302E0,1.937500000E1
1.818564302E0,1.937500000E1
1.821189302E0,1.937500000E1
1.823813302E0,1.937500000E1
1.826438302E0,1.937500000E1
1.829062302E0,1.937500000E1
1.831687302E0,1.937500000E1
1.834311302E0,1.937500000E1
1.839560302E0,2.575000000E1
1.842185302E0,2.575000000E1
1.844809302E0,2.575000000E1
1.847434302E0,2.575000000E1
1.850058302E0,2.575000000E1
1.852683302E0,2.575000000E1
1.855307302E0,2.575000000E1
1.857932302E0,2.575000000E1
1.860556302E0,2.575000000E1
1.863181302E0,2.575000000E1
1.865805302E0,2.575000000E1
1.868430302E0,2.575000000E1
1.871054302E0,2.575000000E1
1.873679302E0,2.575000000E1
1.876303302E0,2.575000000E1
1.878928302E0,2.575000000E1
1.881552302E0,2.575000000E1
1.884177302E0,2.575000000E1
1.886801302E0,2.575000000E1
1.889426302E0,1.937500000E1
1.892050302E0,1.937500000E1
1.894675302E0,1.937500000E1
1.897299302E0,1.937500000E1
1.899924302E0,1.937500000E1
1.902548302E0,1.937500000E1
1.905173302E0,1.937500000E1
1.907797302E0,1.937500000E1
1.910422302E0,1.937500000E1
1.915671302E0,2.575000000E1
1.918296302E0,2.575000000E1
1.920920302E0,2.575000000E1
1.923545302E0,2.575000000E1
1.926169302E0,2.575000000E1
1.928794302E0,2.575000000E1
1.931418302E0,2.575000000E1
1.934043302E0,2.575000000E1
1.936667302E0,2.575000000E1
1.939292302E0,2.575000000E1
1.941916302E0,2.575000000E1
1.944541302E0,2.575000000E1
1.947165302E0,2.575000000E1
1.949790302E0,2.575000000E1
1.952414302E0,2.575000000E1
1.955039302E0,2.575000000E1
1.957663302E0,2.575000000E1
1.960288302E0,2.575000000E1
1.962912302E0,1.937500000E1
1.965537302E0,1.937500000E1
1.968161302E0,1.937500000E1
1.970786302E0,1.937500000E1
1.973410302E0,1.937500000E1
1.976035302E0,1.937500000E1
1.978659302E0,1.937500000E1
1.981284302E0,1.937500000E1
1.983908302E0,1.937500000E1
1.986533302E0,1.937500000E1
1.991782302E0,2.575000000E1
1.994406302E0,2.575000000E1
1.997031302E0,2.575000000E1
1.999655302E0,2.575000000E1
2.002280302E0,2.575000000E1
2.004904302E0,2.575000000E1
2.007529302E0,2.575000000E1
2.010153302E0,2.575000000E1
2.012778302E0,2.575000000E1
2.015402302E0,2.575000000E1
2.018027302E0,2.575000000E1
2.020651302E0,2.575000000E1
2.023276302E0,2.575000000E1
2.025901302E0,2.575000000E1
2.028525302E0,2.575000000E1
2.031150302E0,2.575000000E1
2.033774302E0,2.575000000E1
2.036399302E0,2.575000000E1
2.039023302E0,2.575000000E1
2.041648302E0,2.575000000E1
2.044272302E0,2.575000000E1
2.046897302E0,2.575000000E1
2.049521302E0,2.575000000E1
2.052146302E0,2.575000000E1
2.054770302E0,2.575000000E1
2.057395302E0,2.575000000E1
2.060019302E0,2.575000000E1
2.062644302E0,2.575000000E1
2.065268302E0,2.575000000E1
2.067893302E0,1.937500000E1
2.070517302E0,1.937500000E1
2.073142302E0,1.937500000E1
2.075766302E0,1.937500000E1
2.078391302E0,1.937500000E1
2.081015302E0,1.937500000E1
2.083640302E0,1.937500000E1
2.086264302E0,1.937500000E1
2.088889302E0,1.937500000E1
2.094138302E0,2.575000000E1
2.096762302E0,2.575000000E1
2.099387302E0,2.575000000E1
2.102011302E0,2.575000000E1
2.104636302E0,2.575000000E1
2.107260302E0,2.575000000E1
2.109885302E0,2.575000000E1
2.112509302E0,2.575000000E1
2.115134302E0,2.575000000E1
2.117758302E0,2.575000000E1
2.120383302E0,2.575000000E1
2.123007302E0,2.575000000E1
2.125632302E0,2.575000000E1
2.128256302E0,2.575000000E1
2.130881302E0,2.575000000E1
2.133505302E0,2.575000000E1
2.136130302E0,2.575000000E1
2.138755302E0,2.575000000E1
2.141379302E0,2.575000000E1
2.144004302E0,2.575000000E1
2.146628302E0,2.575000000E1
2.149253302E0,2.575000000E1
2.151877302E0,2.575000000E1
2.154502302E0,2.575000000E1
2.157126302E0,2.575000000E1
2.159751302E0,2.575000000E1
2.162375302E0,2.575000000E1
2.165000302E0,2.575000000E1
2.167624302E0,1.937500000E1
2.170249302E0,1.937500000E1
2.172873302E0,1.937500000E1
2.175498302E0,1.937500000E1
2.178122302E0,1.937500000E1
2.180747302E0,1.937500000E1
2.183371302E0,1.937500000E1
2.185996302E0,1.937500000E1
2.188620302E0,1.937500000E1
2.191245302E0,1.937500000E1
2.193869302E0,1.937500000E1
2.196494302E0,1.937500000E1
2.199118302E0,1.937500000E1
2.201743302E0,1.937500000E1
2.204367302E0,1.937500000E1
2.206992302E0,1.937500000E1
2.209616302E0,1.937500000E1
2.212241302E0,1.937500000E1
2.214865302E0,1.937500000E1
2.217490302E0,1.937500000E1
2.222739302E0,2.575000000E1
2.225363302E0,2.575000000E1
2.227988302E0,2.575000000E1
2.230612302E0,2.575000000E1
2.233237302E0,2.575000000E1
2.235861302E0,2.575000000E1
2.238486302E0,2.575000000E1
2.241110302E0,2.575000000E1
2.243735302E0,2.575000000E1
2.246359302E0,2.575000000E1
2.248984302E0,2.575000000E1
2.251609302E0,2.575000000E1
2.254233302E0,2.575000000E1
2.256858302E0,2.575000000E1
2.259482302E0,2.575000000E1
2.262107302E0,2.575000000E1
2.264731302E0,2.575000000E1
2.267356302E0,2.575000000E1
2.269980302E0,1.937500000E1
2.272605302E0,1.937500000E1
2.275229302E0,1.937500000E1
2.277854302E0,1.937500000E1
2.280478302E0,1.937500000E1
2.283103302E0,1.937500000E1
2.285727302E0,1.937500000E1
2.288352302E0,1.937500000E1
2.290976302E0,1.937500000E1
2.293601302E0,1.937500000E1
2.296225302E0,1.937500000E1
2.298850302E0,1.937500000E1
2.301474302E0,1.937500000E1
2.304099302E0,1.937500000E1
2.306723302E0,1.937500000E1
2.309348302E0,1.937500000E1
2.311972302E0,1.937500000E1
2.314597302E0,1.937500000E1
2.317221302E0,1.937500000E1
2.322470302E0,2.575000000E1
2.325095302E0,2.575000000E1
2.327719302E0,2.575000000E1
2.330344302E0,2.575000000E1
2.332968302E0,2.575000000E1
2.335593302E0,2.575000000E1
2.338217302E0,2.575000000E1
2.340842302E0,2.575000000E1
2.343466302E0,2.575000000E1
2.346091302E0,2.575000000E1
2.348715302E0,2.575000000E1
2.351340302E0,2.575000000E1
2.353964302E0,2.575000000E1
2.356589302E0,2.575000000E1
2.359213302E0,2.575000000E1
2.361838302E0,2.575000000E1
2.364463302E0,2.575000000E1
2.367087302E0,2.575000000E1
2.369712302E0,2.575000000E1
2.372336302E0,2.575000000E1
2.374961302E0,2.575000000E1
2.377585302E0,2.575000000E1
2.380210302E0,2.575000000E1
2.382834302E0,2.575000000E1
2.385459302E0,2.575000000E1
2.388083302E0,2.575000000E1
2.390708302E0,2.575000000E1
2.393332302E0,2.575000000E1
2.395957302E0,2.575000000E1
2.398581302E0,2.575000000E1
2.401206302E0,2.575000000E1
2.403830302E0,2.575000000E1
2.406455302E0,2.575000000E1
2.409079302E0,2.575000000E1
2.411704302E0,2.575000000E1
2.414328302E0,2.575000000E1
2.416953302E0,2.575000000E1
2.419577302E0,2.575000000E1
2.422202302E0,2.575000000E1
2.424826302E0,2.575000000E1
2.427451302E0,2.575000000E1
2.430075302E0,2.575000000E1
2.432700302E0,2.575000000E1
2.435324302E0,2.575000000E1
2.437949302E0,2.575000000E1
2.440573302E0,2.575000000E1
2.443198302E0,2.575000000E1
2.445822302E0,2.575000000E1
2.448447302E0,1.937500000E1
2.451071302E0,1.937500000E1
2.453696302E0,1.937500000E1
2.456320302E0,1.937500000E1
2.458945302E0,1.937500000E1
2.461569302E0,1.937500000E1
2.464194302E0,1.937500000E1
2.466818302E0,1.937500000E1
2.469443302E0,1.937500000E1
2.472067302E0,1.937500000E1
2.474692302E0,1.937500000E1
2.477317302E0,1.937500000E1
2.479941302E0,1.937500000E1
2.482566302E0,1.937500000E1
2.485190302E0,1.937500000E1
2.487815302E0,1.937500000E1
2.490439302E0,1.937500000E1
2.493064302E0,1.937500000E1
2.495688302E0,1.937500000E1
2.498313302E0,1.937500000E1
2.500937302E0,1.937500000E1
2.503562302E0,1.937500000E1
2.506186302E0,1.937500000E1
2.508811302E0,1.937500000E1
2.511435302E0,1.937500000E1
2.514060302E0,1.937500000E1
2.516684302E0,1.937500000E1
2.519309302E0,1.937500000E1
2.521933302E0,1.937500000E1
2.527182302E0,2.575000000E1
2.529807302E0,2.575000000E1
2.532431302E0,2.575000000E1
2.535056302E0,2.575000000E1
2.537680302E0,2.575000000E1
2.540305302E0,2.575000000E1
2.542929302E0,2.575000000E1
2.545554302E0,2.575000000E1
2.548178302E0,2.575000000E1
2.550803302E0,2.575000000E1
2.553427302E0,2.575000000E1
2.556052302E0,2.575000000E1
2.558676302E0,2.575000000E1
2.561301302E0,2.575000000E1
2.563925302E0,2.575000000E1
2.566550302E0,2.575000000E1
2.569174302E0,2.575000000E1
2.571799302E0,2.575000000E1
2.574423302E0,1.937500000E1
2.577048302E0,1.937500000E1
2.579672302E0,1.937500000E1
2.582297302E0,1.937500000E1
2.584922302E0,1.937500000E1
2.587546302E0,1.937500000E1
2.590171302E0,1.937500000E1
2.592795302E0,1.937500000E1
2.595420302E0,1.937500000E1
2.598044302E0,1.937500000E1
2.600669302E0,1.937500000E1
2.603293302E0,1.937500000E1
2.605918302E0,1.937500000E1
2.608542302E0,1.937500000E1
2.611167302E0,1.937500000E1
2.613791302E0,1.937500000E1
2.616416302E0,1.937500000E1
2.619040302E0,1.937500000E1
2.621665302E0,1.937500000E1
2.624289302E0,1.937500000E1
2.629538302E0,2.575000000E1
2.632163302E0,2.575000000E1
2.634787302E0,2.575000000E1
2.637412302E0,2.575000000E1
2.640036302E0,2.575000000E1
2.642661302E0,2.575000000E1
2.645285302E0,2.575000000E1
2.647910302E0,2.575000000E1
2.650534302E0,2.575000000E1
2.653159302E0,2.575000000E1
2.655783302E0,2.575000000E1
2.658408302E0,2.575000000E1
2.661032302E0,2.575000000E1
2.663657302E0,2.575000000E1
2.666281302E0,2.575000000E1
2.668906302E0,2.575000000E1
2.671530302E0,2.575000000E1
2.674155302E0,2.575000000E1
2.676779302E0,2.575000000E1
2.679404302E0,2.575000000E1
2.682028302E0,2.575000000E1
2.684653302E0,2.575000000E1
2.687277302E0,2.575000000E1
2.689902302E0,2.575000000E1
2.692526302E0,2.575000000E1
2.695151302E0,2.575000000E1
2.697776302E0,2.575000000E1
2.700400302E0,2.575000000E1
2.703025302E0,1.937500000E1
2.705649302E0,1.937500000E1
2.708274302E0,1.937500000E1
2.710898302E0,1.937500000E1
2.713523302E0,1.937500000E1
2.716147302E0,1.937500000E1
2.718772302E0,1.937500000E1
2.721396302E0,1.937500000E1
2.724021302E0,1.937500000E1
2.726645302E0,1.937500000E1
2.731894302E0,2.575000000E1
2.734519302E0,2.575000000E1
2.737143302E0,2.575000000E1
2.739768302E0,2.575000000E1
2.742392302E0,2.575000000E1
2.745017302E0,2.575000000E1
2.747641302E0,2.575000000E1
2.750266302E0,2.575000000E1
2.752890302E0,1.937500000E1
2.755515302E0,1.937500000E1
2.758139302E0,1.937500000E1
2.760764302E0,1.937500000E1
2.763388302E0,1.937500000E1
2.766013302E0,1.937500000E1
2.768637302E0,1.937500000E1
2.771262302E0,1.937500000E1
2.773886302E0,1.937500000E1
2.776511302E0,1.937500000E1
2.779135302E0,1.937500000E1
2.781760302E0,1.937500000E1
2.784384302E0,1.937500000E1
2.787009302E0,1.937500000E1
2.789633302E0,1.937500000E1
2.792258302E0,1.937500000E1
2.794882302E0,1.937500000E1
2.797507302E0,1.937500000E1
2.800131302E0,1.937500000E1
2.805380302E0,2.575000000E1
2.808005302E0,2.575000000E1
2.810630302E0,2.575000000E1
2.813254302E0,2.575000000E1
2.815879302E0,2.575000000E1
2.818503302E0,2.575000000E1
2.821128302E0,2.575000000E1
2.823752302E0,2.575000000E1
2.826377302E0,2.575000000E1
2.829001302E0,2.575000000E1
2.831626302E0,2.575000000E1
2.834250302E0,2.575000000E1
2.836875302E0,2.575000000E1
2.839499302E0,2.575000000E1
2.842124302E0,2.575000000E1
2.844748302E0,2.575000000E1
2.847373302E0,2.575000000E1
2.849997302E0,2.575000000E1
2.852622302E0,2.575000000E1
2.855246302E0,2.575000000E1
2.857871302E0,2.575000000E1
2.860495302E0,2.575000000E1
2.863120302E0,2.575000000E1
2.865744302E0,2.575000000E1
2.868369302E0,2.575000000E1
2.870993302E0,2.575000000E1
2.873618302E0,2.575000000E1
2.876242302E0,2.575000000E1
2.878867302E0,2.575000000E1
2.881491302E0,1.937500000E1
2.884116302E0,1.937500000E1
2.886740302E0,1.937500000E1
2.889365302E0,1.937500000E1
2.891989302E0,1.937500000E1
2.894614302E0,1.937500000E1
2.897238302E0,1.937500000E1
2.899863302E0,1.937500000E1
2.902487302E0,1.937500000E1
2.905112302E0,1.937500000E1
2.910361302E0,2.575000000E1
2.912985302E0,2.575000000E1
2.915610302E0,2.575000000E1
2.918234302E0,2.575000000E1
2.920859302E0,2.575000000E1
2.923484302E0,2.575000000E1
2.926108302E0,2.575000000E1
2.928733302E0,2.575000000E1
2.931357302E0,2.575000000E1
2.933982302E0,2.575000000E1
2.936606302E0,2.575000000E1
2.939231302E0,2.575000000E1
2.941855302E0,2.575000000E1
2.944480302E0,2.575000000E1
2.947104302E0,2.575000000E1
2.949729302E0,2.575000000E1
2.952353302E0,2.575000000E1
2.954978302E0,2.575000000E1
2.957602302E0,2.575000000E1
2.960227302E0,2.575000000E1
2.962851302E0,2.575000000E1
2.965476302E0,2.575000000E1
2.968100302E0,2.575000000E1
2.970725302E0,2.575000000E1
2.973349302E0,2.575000000E1
2.975974302E0,2.575000000E1
2.978598302E0,2.575000000E1
2.981223302E0,1.937500000E1
2.983847302E0,1.937500000E1
2.986472302E0,1.937500000E1
2.989096302E0,1.937500000E1
2.991721302E0,1.937500000E1
2.994345302E0,1.937500000E1
2.996970302E0,1.937500000E1
2.999594302E0,1.937500000E1
3.002219302E0,1.937500000E1
3.004843302E0,1.937500000E1
3.010092302E0,2.575000000E1
3.012717302E0,2.575000000E1
3.015341302E0,2.575000000E1
3.017966302E0,2.575000000E1
3.020590302E0,2.575000000E1
3.023215302E0,2.575000000E1
3.025839302E0,2.575000000E1
3.028464302E0,2.575000000E1
3.031088302E0,2.575000000E1
3.033713302E0,2.575000000E1
3.036338302E0,2.575000000E1
3.038962302E0,2.575000000E1
3.041587302E0,2.575000000E1
3.044211302E0,2.575000000E1
3.046836302E0,2.575000000E1
3.049460302E0,2.575000000E1
3.052085302E0,2.575000000E1
3.054709302E0,2.575000000E1
3.057334302E0,2.575000000E1
3.059958302E0,2.575000000E1
3.062583302E0,2.575000000E1
3.065207302E0,2.575000000E1
3.067832302E0,2.575000000E1
3.070456302E0,2.575000000E1
3.073081302E0,2.575000000E1
3.075705302E0,2.575000000E1
3.078330302E0,2.575000000E1
3.080954302E0,2.575000000E1
3.083579302E0,2.575000000E1
3.086203302E0,2.575000000E1
3.088828302E0,2.575000000E1
3.091452302E0,2.575000000E1
3.094077302E0,2.575000000E1
3.096701302E0,2.575000000E1
3.099326302E0,2.575000000E1
3.101950302E0,2.575000000E1
3.104575302E0,2.575000000E1
3.107199302E0,2.575000000E1
3.109824302E0,2.575000000E1
3.112448302E0,2.575000000E1
3.115073302E0,2.575000000E1
3.117697302E0,2.575000000E1
3.120322302E0,2.575000000E1
3.122946302E0,2.575000000E1
3.125571302E0,2.575000000E1
3.128195302E0,2.575000000E1
3.130820302E0,2.575000000E1
3.133444302E0,2.575000000E1
3.136069302E0,2.575000000E1
3.138693302E0,2.575000000E1
3.141318302E0,2.575000000E1
3.143942302E0,2.575000000E1
3.146567302E0,2.575000000E1
3.149192302E0,2.575000000E1
3.151816302E0,2.575000000E1
3.154441302E0,2.575000000E1
3.157065302E0,2.575000000E1
3.159690302E0,1.937500000E1
3.162314302E0,1.937500000E1
3.164939302E0,1.937500000E1
3.167563302E0,1.937500000E1
3.170188302E0,1.937500000E1
3.172812302E0,1.937500000E1
3.175437302E0,1.937500000E1
3.178061302E0,1.937500000E1
3.180686302E0,1.937500000E1
3.183310302E0,1.937500000E1
3.185935302E0,1.937500000E1
3.188559302E0,1.937500000E1
3.191184302E0,1.937500000E1
3.193808302E0,1.937500000E1
3.196433302E0,1.937500000E1
3.199057302E0,1.937500000E1
3.201682302E0,1.937500000E1
3.204306302E0,1.937500000E1
3.206931302E0,1.937500000E1
3.209555302E0,1.937500000E1
3.212180302E0,1.937500000E1
3.214804302E0,1.937500000E1
3.217429302E0,1.937500000E1
3.220053302E0,1.937500000E1
3.222678302E0,1.937500000E1
3.225302302E0,1.937500000E1
3.227927302E0,1.937500000E1
3.230551302E0,1.937500000E1
3.233176302E0,1.937500000E1
3.235800302E0,1.937500000E1
3.241049302E0,2.575000000E1
3.243674302E0,2.575000000E1
3.246298302E0,2.575000000E1
3.248923302E0,2.575000000E1
3.251547302E0,2.575000000E1
3.254172302E0,2.575000000E1
3.256797302E0,2.575000000E1
3.259421302E0,2.575000000E1
3.262046302E0,2.575000000E1
3.264670302E0,2.575000000E1
3.267295302E0,2.575000000E1
3.269919302E0,2.575000000E1
3.272544302E0,2.575000000E1
3.275168302E0,2.575000000E1
3.277793302E0,2.575000000E1
3.280417302E0,2.575000000E1
3.283042302E0,2.575000000E1
3.285666302E0,2.575000000E1
3.288291302E0,2.575000000E1
3.290915302E0,2.575000000E1
3.293540302E0,2.575000000E1
3.296164302E0,2.575000000E1
3.298789302E0,2.575000000E1
3.301413302E0,2.575000000E1
3.304038302E0,2.575000000E1
3.306662302E0,2.575000000E1
3.309287302E0,2.575000000E1
3.311911302E0,2.575000000E1
3.314536302E0,1.937500000E1
3.317160302E0,1.937500000E1
3.319785302E0,1.937500000E1
3.322409302E0,1.937500000E1
3.325034302E0,1.937500000E1
3.327658302E0,1.937500000E1
3.330283302E0,1.937500000E1
3.332907302E0,1.937500000E1
3.335532302E0,1.937500000E1
3.340781302E0,2.575000000E1
3.343405302E0,2.575000000E1
3.346030302E0,2.575000000E1
3.348654302E0,2.575000000E1
3.351279302E0,2.575000000E1
3.353903302E0,2.575000000E1
3.356528302E0,2.575000000E1
3.359152302E0,2.575000000E1
3.361777302E0,2.575000000E1
3.364401302E0,2.575000000E1
3.367026302E0,2.575000000E1
3.369651302E0,2.575000000E1
3.372275302E0,2.575000000E1
3.374900302E0,2.575000000E1
3.377524302E0,2.575000000E1
3.380149302E0,2.575000000E1
3.382773302E0,2.575000000E1
3.385398302E0,2.575000000E1
3.388022302E0,2.575000000E1
3.390647302E0,2.575000000E1
3.393271302E0,2.575000000E1
3.395896302E0,2.575000000E1
3.398520302E0,2.575000000E1
3.401145302E0,2.575000000E1
3.403769302E0,2.575000000E1
3.406394302E0,2.575000000E1
3.409018302E0,2.575000000E1
3.411643302E0,2.575000000E1
3.414267302E0,1.937500000E1
3.416892302E0,1.937500000E1
3.419516302E0,1.937500000E1
3.422141302E0,1.937500000E1
3.424765302E0,1.937500000E1
3.427390302E0,1.937500000E1
3.430014302E0,1.937500000E1
3.432639302E0,1.937500000E1
3.435263302E0,1.937500000E1
3.437888302E0,1.937500000E1
3.443137302E0,2.575000000E1
3.445761302E0,2.575000000E1
3.448386302E0,2.575000000E1
3.451010302E0,2.575000000E1
3.453635302E0,2.575000000E1
3.456259302E0,2.575000000E1
3.458884302E0,2.575000000E1
3.461508302E0,2.575000000E1
3.464133302E0,2.575000000E1
3.466757302E0,2.575000000E1
3.469382302E0,2.575000000E1
3.472006302E0,2.575000000E1
3.474631302E0,2.575000000E1
3.477255302E0,2.575000000E1
3.479880302E0,2.575000000E1
3.482505302E0,2.575000000E1
3.485129302E0,2.575000000E1
3.487754302E0,2.575000000E1
3.490378302E0,2.575000000E1
3.493003302E0,2.575000000E1
3.495627302E0,2.575000000E1
3.498252302E0,2.575000000E1
3.500876302E0,2.575000000E1
3.503501302E0,2.575000000E1
3.506125302E0,2.575000000E1
3.508750302E0,2.575000000E1
3.511374302E0,2.575000000E1
3.513999302E0,2.575000000E1
3.516623302E0,1.937500000E1
3.519248302E0,1.937500000E1
3.521872302E0,1.937500000E1
3.524497302E0,1.937500000E1
3.527121302E0,1.937500000E1
3.529746302E0,1.937500000E1
3.532370302E0,1.937500000E1
3.534995302E0,1.937500000E1
3.537619302E0,1.937500000E1
3.540244302E0,1.937500000E1
3.545493302E0,2.575000000E1
3.548117302E0,2.575000000E1
3.550742302E0,2.575000000E1
3.553366302E0,2.575000000E1
3.555991302E0,2.575000000E1
3.558615302E0,2.575000000E1
3.561240302E0,2.575000000E1
3.563864302E0,2.575000000E1
3.566489302E0,2.575000000E1
3.569113302E0,2.575000000E1
3.571738302E0,2.575000000E1
3.574362302E0,2.575000000E1
3.576987302E0,2.575000000E1
3.579611302E0,2.575000000E1
3.582236302E0,2.575000000E1
3.584860302E0,2.575000000E1
3.587485302E0,2.575000000E1
3.590109302E0,2.575000000E1
3.592734302E0,1.937500000E1
3.595359302E0,1.937500000E1
3.597983302E0,1.937500000E1
3.600608302E0,1.937500000E1
3.603232302E0,1.937500000E1
3.605857302E0,1.937500000E1
3.608481302E0,1.937500000E1
3.611106302E0,1.937500000E1
3.613730302E0,1.937500000E1
3.616355302E0,1.937500000E1
3.621604302E0,2.575000000E1
3.624228302E0,2.575000000E1
3.626853302E0,2.575000000E1
3.629477302E0,2.575000000E1
3.632102302E0,2.575000000E1
3.634726302E0,2.575000000E1
3.637351302E0,2.575000000E1
3.639975302E0,2.575000000E1
3.642600302E0,1.937500000E1
3.645224302E0,1.937500000E1
3.647849302E0,1.937500000E1
3.650473302E0,1.937500000E1
3.653098302E0,1.937500000E1
3.655722302E0,1.937500000E1
3.658347302E0,1.937500000E1
3.660971302E0,1.937500000E1
3.663596302E0,1.937500000E1
3.666220302E0,1.937500000E1
3.671469302E0,2.575000000E1
3.674094302E0,2.575000000E1
3.676718302E0,2.575000000E1
3.679343302E0,2.575000000E1
3.681967302E0,2.575000000E1
3.684592302E0,2.575000000E1
3.687216302E0,2.575000000E1
3.689841302E0,2.575000000E1
3.692465302E0,2.575000000E1
3.695090302E0,1.937500000E1
3.697714302E0,1.937500000E1
3.700339302E0,1.937500000E1
3.702963302E0,1.937500000E1
3.705588302E0,1.937500000E1
3.708213302E0,1.937500000E1
3.710837302E0,1.937500000E1
3.713462302E0,1.937500000E1
3.716086302E0,1.937500000E1
3.718711302E0,1.937500000E1
3.723960302E0,2.575000000E1
3.726584302E0,2.575000000E1
3.729209302E0,2.575000000E1
3.731833302E0,2.575000000E1
3.734458302E0,2.575000000E1
3.737082302E0,2.575000000E1
3.739707302E0,2.575000000E1
3.742331302E0,2.575000000E1
3.744956302E0,2.575000000E1
3.747580302E0,2.575000000E1
3.750205302E0,2.575000000E1
3.752829302E0,2.575000000E1
3.755454302E0,2.575000000E1
3.758078302E0,2.575000000E1
3.760703302E0,2.575000000E1
3.763327302E0,2.575000000E1
3.765952302E0,2.575000000E1
3.768576302E0,2.575000000E1
3.771201302E0,1.937500000E1
3.773825302E0,1.937500000E1
3.776450302E0,1.937500000E1
3.779074302E0,1.937500000E1
3.781699302E0,1.937500000E1
3.784323302E0,1.937500000E1
3.786948302E0,1.937500000E1
3.789572302E0,1.937500000E1
3.792197302E0,1.937500000E1
3.794821302E0,1.937500000E1
3.797446302E0,1.937500000E1
3.800070302E0,1.937500000E1
3.802695302E0,1.937500000E1
3.805319302E0,1.937500000E1
3.807944302E0,1.937500000E1
3.810568302E0,1.937500000E1
3.813193302E0,1.937500000E1
3.815817302E0,1.937500000E1
3.818442302E0,1.937500000E1
3.823691302E0,2.575000000E1
3.826316302E0,2.575000000E1
3.828940302E0,2.575000000E1
3.831565302E0,2.575000000E1
3.834189302E0,2.575000000E1
3.836814302E0,2.575000000E1
3.839438302E0,2.575000000E1
3.842063302E0,2.575000000E1
3.844687302E0,2.575000000E1
3.847312302E0,1.937500000E1
3.849936302E0,1.937500000E1
3.852561302E0,1.937500000E1
3.855185302E0,1.937500000E1
3.857810302E0,1.937500000E1
3.860434302E0,1.937500000E1
3.863059302E0,1.937500000E1
3.865683302E0,1.937500000E1
3.868308302E0,1.937500000E1
3.870932302E0,1.937500000E1
3.876181302E0,2.575000000E1
3.878806302E0,2.575000000E1
3.881430302E0,2.575000000E1
3.884055302E0,2.575000000E1
3.886679302E0,2.575000000E1
3.889304302E0,2.575000000E1
3.891928302E0,2.575000000E1
3.894553302E0,2.575000000E1
3.897177302E0,2.575000000E1
3.899802302E0,2.575000000E1
3.902426302E0,2.575000000E1
3.905051302E0,2.575000000E1
3.907675302E0,2.575000000E1
3.910300302E0,2.575000000E1
3.912924302E0,2.575000000E1
3.915549302E0,2.575000000E1
3.918173302E0,2.575000000E1
3.920798302E0,2.575000000E1
3.923422302E0,1.937500000E1
3.926047302E0,1.937500000E1
3.928672302E0,1.937500000E1
3.931296302E0,1.937500000E1
3.933921302E0,1.937500000E1
3.936545302E0,1.937500000E1
3.939170302E0,1.937500000E1
3.941794302E0,1.937500000E1
3.944419302E0,1.937500000E1
3.947043302E0,1.937500000E1
3.949668302E0,1.937500000E1
3.952292302E0,1.937500000E1
3.954917302E0,1.937500000E1
3.957541302E0,1.937500000E1
3.960166302E0,1.937500000E1
3.962790302E0,1.937500000E1
3.965415302E0,1.937500000E1
3.968039302E0,1.937500000E1
3.970664302E0,1.937500000E1
3.973288302E0,1.937500000E1
3.978537302E0,2.575000000E1
3.981162302E0,2.575000000E1
3.983786302E0,2.575000000E1
3.986411302E0,2.575000000E1
3.989035302E0,2.575000000E1
3.991660302E0,2.575000000E1
3.994284302E0,2.575000000E1
3.996909302E0,2.575000000E1
3.999533302E0,2.575000000E1
4.002158302E0,2.575000000E1
4.004782302E0,2.575000000E1
4.007407302E0,2.575000000E1
4.010031302E0,2.575000000E1
4.012656302E0,2.575000000E1
4.015280302E0,2.575000000E1
4.017905302E0,2.575000000E1
4.020529302E0,2.575000000E1
4.023154302E0,2.575000000E1
4.025778302E0,2.575000000E1
4.028403302E0,2.575000000E1
4.031027302E0,2.575000000E1
4.033652302E0,2.575000000E1
4.036276302E0,2.575000000E1
4.038901302E0,2.575000000E1
4.041526302E0,2.575000000E1
4.044150302E0,2.575000000E1
4.046775302E0,2.575000000E1
4.049399302E0,2.575000000E1
4.052024302E0,1.937500000E1
4.054648302E0,1.937500000E1
4.057273302E0,1.937500000E1
4.059897302E0,1.937500000E1
4.062522302E0,1.937500000E1
4.065146302E0,1.937500000E1
4.067771302E0,1.937500000E1
4.070395302E0,1.937500000E1
4.073020302E0,1.937500000E1
4.075644302E0,1.937500000E1
4.080893302E0,2.575000000E1
4.083518302E0,2.575000000E1
4.086142302E0,2.575000000E1
4.088767302E0,2.575000000E1
4.091391302E0,2.575000000E1
4.094016302E0,2.575000000E1
4.096640302E0,2.575000000E1
4.099265302E0,2.575000000E1
4.101889302E0,2.575000000E1
4.104514302E0,2.575000000E1
4.107138302E0,2.575000000E1
4.109763302E0,2.575000000E1
4.112387302E0,2.575000000E1
4.115012302E0,2.575000000E1
4.117636302E0,2.575000000E1
4.120261302E0,2.575000000E1
4.122885302E0,2.575000000E1
4.125510302E0,2.575000000E1
4.128134302E0,2.575000000E1
4.130759302E0,2.575000000E1
4.133383302E0,2.575000000E1
4.136008302E0,2.575000000E1
4.138632302E0,2.575000000E1
4.141257302E0,2.575000000E1
4.143881302E0,2.575000000E1
4.146506302E0,2.575000000E1
4.149130302E0,2.575000000E1
4.151755302E0,2.575000000E1
4.154380302E0,2.575000000E1
4.157004302E0,2.575000000E1
4.159629302E0,2.575000000E1
4.162253302E0,2.575000000E1
4.164878302E0,2.575000000E1
4.167502302E0,2.575000000E1
4.170127302E0,2.575000000E1
4.172751302E0,2.575000000E1
4.175376302E0,2.575000000E1
4.178000302E0,2.575000000E1
4.180625302E0,2.575000000E1
4.183249302E0,2.575000000E1
4.185874302E0,2.575000000E1
4.188498302E0,2.575000000E1
4.191123302E0,2.575000000E1
4.193747302E0,2.575000000E1
4.196372302E0,2.575000000E1
4.198996302E0,2.575000000E1
4.201621302E0,2.575000000E1
4.204245302E0,2.575000000E1
4.206870302E0,2.575000000E1
4.209494302E0,2.575000000E1
4.212119302E0,2.575000000E1
4.214743302E0,2.575000000E1
4.217368302E0,2.575000000E1
4.219992302E0,2.575000000E1
4.222617302E0,2.575000000E1
4.225241302E0,2.575000000E1
4.227866302E0,2.575000000E1
4.230490302E0,1.937500000E1
4.233115302E0,1.937500000E1
4.235739302E0,1.937500000E1
4.238364302E0,1.937500000E1
4.240988302E0,1.937500000E1
4.243613302E0,1.937500000E1
4.246237302E0,1.937500000E1
4.248862302E0,1.937500000E1
4.251486302E0,1.937500000E1
4.254111302E0,1.937500000E1
4.259360302E0,2.575000000E1
4.261984302E0,2.575000000E1
4.264609302E0,2.575000000E1
4.267234302E0,2.575000000E1
4.269858302E0,2.575000000E1
4.272483302E0,2.575000000E1
4.275107302E0,2.575000000E1
4.277732302E0,2.575000000E1
4.280356302E0,1.937500000E1
4.282981302E0,1.937500000E1
4.285605302E0,1.937500000E1
4.288230302E0,1.937500000E1
4.290854302E0,1.937500000E1
4.293479302E0,1.937500000E1
4.296103302E0,1.937500000E1
4.298728302E0,1.937500000E1
4.301352302E0,1.937500000E1
4.303977302E0,1.937500000E1
4.306601302E0,1.937500000E1
4.309226302E0,1.937500000E1
4.311850302E0,1.937500000E1
4.314475302E0,1.937500000E1
4.317099302E0,1.937500000E1
4.319724302E0,1.937500000E1
4.322348302E0,1.937500000E1
4.324973302E0,1.937500000E1
4.327597302E0,1.937500000E1
4.330222302E0,1.937500000E1
4.332846302E0,1.937500000E1
4.335471302E0,1.937500000E1
4.338095302E0,1.937500000E1
4.340720302E0,1.937500000E1
4.343344302E0,1.937500000E1
4.345969302E0,1.937500000E1
4.348593302E0,1.937500000E1
4.351218302E0,1.937500000E1
4.353842302E0,1.937500000E1
4.356467302E0,1.937500000E1
4.359091302E0,1.937500000E1
4.361716302E0,1.937500000E1
4.364340302E0,1.937500000E1
4.366965302E0,1.937500000E1
4.369589302E0,1.937500000E1
4.372214302E0,1.937500000E1
4.374838302E0,1.937500000E1
4.377463302E0,1.937500000E1
4.380088302E0,1.937500000E1
4.382712302E0,1.937500000E1
4.385337302E0,1.937500000E1
4.387961302E0,1.937500000E1
4.390586302E0,1.937500000E1
4.393210302E0,1.937500000E1
4.395835302E0,1.937500000E1
4.398459302E0,1.937500000E1
4.401084302E0,1.937500000E1
4.403708302E0,1.937500000E1
4.406333302E0,1.937500000E1
4.411582302E0,2.575000000E1
4.414206302E0,2.575000000E1
4.416831302E0,2.575000000E1
4.419455302E0,2.575000000E1
4.422080302E0,2.575000000E1
4.424704302E0,2.575000000E1
4.427329302E0,2.575000000E1
4.429953302E0,2.575000000E1
4.432578302E0,2.575000000E1
4.435202302E0,2.575000000E1
4.437827302E0,2.575000000E1
4.440451302E0,2.575000000E1
4.443076302E0,2.575000000E1
4.445700302E0,2.575000000E1
4.448325302E0,2.575000000E1
4.450949302E0,2.575000000E1
4.453574302E0,2.575000000E1
4.456198302E0,2.575000000E1
4.458823302E0,2.575000000E1
4.461447302E0,2.575000000E1
4.464072302E0,2.575000000E1
4.466696302E0,2.575000000E1
4.469321302E0,2.575000000E1
4.471945302E0,2.575000000E1
4.474570302E0,2.575000000E1
4.477194302E0,2.575000000E1
4.479819302E0,2.575000000E1
4.482443302E0,2.575000000E1
4.485068302E0,2.575000000E1
4.487692302E0,2.575000000E1
4.490317302E0,2.575000000E1
4.492942302E0,2.575000000E1
4.495566302E0,2.575000000E1
4.498191302E0,2.575000000E1
4.500815302E0,2.575000000E1
4.503440302E0,2.575000000E1
4.506064302E0,2.575000000E1
4.508689302E0,2.575000000E1
4.511313302E0,2.575000000E1
4.513938302E0,2.575000000E1
4.516562302E0,2.575000000E1
4.519187302E0,2.575000000E1
4.521811302E0,2.575000000E1
4.524436302E0,2.575000000E1
4.527060302E0,2.575000000E1
4.529685302E0,2.575000000E1
4.532309302E0,2.575000000E1
4.534934302E0,2.575000000E1
4.537558302E0,2.575000000E1
4.540183302E0,2.575000000E1
4.542807302E0,2.575000000E1
4.545432302E0,2.575000000E1
4.548056302E0,2.575000000E1
4.550681302E0,2.575000000E1
4.553305302E0,2.575000000E1
4.555930302E0,2.575000000E1
4.558554302E0,2.575000000E1
4.561179302E0,1.937500000E1
4.563803302E0,1.937500000E1
4.566428302E0,1.937500000E1
4.569052302E0,1.937500000E1
4.571677302E0,1.937500000E1
4.574301302E0,1.937500000E1
4.576926302E0,1.937500000E1
4.579550302E0,1.937500000E1
4.582175302E0,1.937500000E1
4.584799302E0,1.937500000E1
4.590048302E0,2.575000000E1
4.592673302E0,2.575000000E1
4.595297302E0,2.575000000E1
4.597922302E0,2.575000000E1
4.600547302E0,2.575000000E1
4.603171302E0,2.575000000E1
4.605796302E0,2.575000000E1
4.608420302E0,2.575000000E1
4.611045302E0,2.575000000E1
4.613669302E0,2.575000000E1
4.616294302E0,2.575000000E1
4.618918302E0,2.575000000E1
4.621543302E0,2.575000000E1
4.624167302E0,2.575000000E1
4.626792302E0,2.575000000E1
4.629416302E0,2.575000000E1
4.632041302E0,2.575000000E1
4.634665302E0,2.575000000E1
4.637290302E0,2.575000000E1
4.639914302E0,2.575000000E1
4.642539302E0,2.575000000E1
4.645163302E0,2.575000000E1
4.647788302E0,2.575000000E1
4.650412302E0,2.575000000E1
4.653037302E0,2.575000000E1
4.655661302E0,2.575000000E1
4.658286302E0,2.575000000E1
4.660910302E0,1.937500000E1
4.663535302E0,1.937500000E1
4.666159302E0,1.937500000E1
4.668784302E0,1.937500000E1
4.671408302E0,1.937500000E1
4.674033302E0,1.937500000E1
4.676657302E0,1.937500000E1
4.679282302E0,1.937500000E1
4.681906302E0,1.937500000E1
4.684531302E0,1.937500000E1
4.689780302E0,2.575000000E1
4.692404302E0,2.575000000E1
4.695029302E0,2.575000000E1
4.697653302E0,2.575000000E1
4.700278302E0,2.575000000E1
4.702902302E0,2.575000000E1
4.705527302E0,2.575000000E1
4.708151302E0,2.575000000E1
4.710776302E0,2.575000000E1
4.713401302E0,2.575000000E1
4.716025302E0,2.575000000E1
4.718650302E0,2.575000000E1
4.721274302E0,2.575000000E1
4.723899302E0,2.575000000E1
4.726523302E0,2.575000000E1
4.729148302E0,2.575000000E1
4.731772302E0,2.575000000E1
4.734397302E0,2.575000000E1
4.737021302E0,2.575000000E1
4.739646302E0,2.575000000E1
4.742270302E0,2.575000000E1
4.744895302E0,2.575000000E1
4.747519302E0,2.575000000E1
4.750144302E0,2.575000000E1
4.752768302E0,2.575000000E1
4.755393302E0,2.575000000E1
4.758017302E0,2.575000000E1
4.760642302E0,2.575000000E1
4.763266302E0,2.575000000E1
4.765891302E0,2.575000000E1
4.768515302E0,2.575000000E1
4.771140302E0,2.575000000E1
4.773764302E0,2.575000000E1
4.776389302E0,2.575000000E1
4.779013302E0,2.575000000E1
4.781638302E0,2.575000000E1
4.784262302E0,2.575000000E1
4.786887302E0,2.575000000E1
4.789511302E0,2.575000000E1
4.792136302E0,2.575000000E1
4.794760302E0,2.575000000E1
4.797385302E0,2.575000000E1
4.800009302E0,2.575000000E1
4.802634302E0,2.575000000E1
4.805258302E0,2.575000000E1
4.807883302E0,2.575000000E1
4.810507302E0,2.575000000E1
4.813132302E0,2.575000000E1
4.815756302E0,2.575000000E1
4.818381302E0,2.575000000E1
4.821005302E0,2.575000000E1
4.823630302E0,2.575000000E1
4.826255302E0,2.575000000E1
4.828879302E0,2.575000000E1
4.831504302E0,2.575000000E1
4.834128302E0,2.575000000E1
4.836753302E0,2.575000000E1
4.839377302E0,2.575000000E1
4.842002302E0,2.575000000E1
4.844626302E0,2.575000000E1
4.847251302E0,2.575000000E1
4.849875302E0,2.575000000E1
4.852500302E0,2.575000000E1
4.855124302E0,2.575000000E1
4.857749302E0,2.575000000E1
4.860373302E0,2.575000000E1
4.862998302E0,2.575000000E1
4.865622302E0,2.575000000E1
4.868247302E0,2.575000000E1
4.870871302E0,2.575000000E1
4.873496302E0,2.575000000E1
4.876120302E0,2.575000000E1
4.878745302E0,2.575000000E1
4.881369302E0,2.575000000E1
4.883994302E0,2.575000000E1
4.886618302E0,2.575000000E1
4.889243302E0,2.575000000E1
4.891867302E0,1.937500000E1
4.894492302E0,1.937500000E1
4.897116302E0,1.937500000E1
4.899741302E0,1.937500000E1
4.902365302E0,1.937500000E1
4.904990302E0,1.937500000E1
4.907614302E0,1.937500000E1
4.910239302E0,1.937500000E1
4.912863302E0,1.937500000E1
4.915488302E0,1.937500000E1
4.920737302E0,2.575000000E1
4.923361302E0,2.575000000E1
4.925986302E0,2.575000000E1
4.928610302E0,2.575000000E1
4.931235302E0,2.575000000E1
4.933859302E0,2.575000000E1
4.936484302E0,2.575000000E1
4.939109302E0,2.575000000E1
4.941733302E0,2.575000000E1
4.944358302E0,2.575000000E1
4.946982302E0,2.575000000E1
4.949607302E0,2.575000000E1
4.952231302E0,2.575000000E1
4.954856302E0,2.575000000E1
4.957480302E0,2.575000000E1
4.960105302E0,2.575000000E1
4.962729302E0,2.575000000E1
4.965354302E0,2.575000000E1
4.967978302E0,1.937500000E1
4.970603302E0,1.937500000E1
4.973227302E0,1.937500000E1
4.975852302E0,1.937500000E1
4.978476302E0,1.937500000E1
4.981101302E0,1.937500000E1
4.983725302E0,1.937500000E1
4.986350302E0,1.937500000E1
4.988974302E0,1.937500000E1
4.991599302E0,1.937500000E1
4.996848302E0,2.575000000E1
4.999472302E0,2.575000000E1
5.002097302E0,2.575000000E1
5.004721302E0,2.575000000E1
5.007346302E0,2.575000000E1
5.009970302E0,2.575000000E1
5.012595302E0,2.575000000E1
5.015219302E0,2.575000000E1
5.017844302E0,2.575000000E1
5.020468302E0,2.575000000E1
5.023093302E0,2.575000000E1
5.025717302E0,2.575000000E1
5.028342302E0,2.575000000E1
5.030966302E0,2.575000000E1
5.033591302E0,2.575000000E1
5.036215302E0,2.575000000E1
5.038840302E0,2.575000000E1
5.041464302E0,2.575000000E1
5.044089302E0,1.937500000E1
5.046713302E0,1.937500000E1
5.049338302E0,1.937500000E1
5.051963302E0,1.937500000E1
5.054587302E0,1.937500000E1
5.057212302E0,1.937500000E1
5.059836302E0,1.937500000E1
5.062461302E0,1.937500000E1
5.065085302E0,1.937500000E1
5.067710302E0,1.937500000E1
5.072959302E0,2.575000000E1
5.075583302E0,2.575000000E1
5.078208302E0,2.575000000E1
5.080832302E0,2.575000000E1
5.083457302E0,2.575000000E1
5.086081302E0,2.575000000E1
5.088706302E0,2.575000000E1
5.091330302E0,2.575000000E1
5.093955302E0,2.575000000E1
5.096579302E0,2.575000000E1
5.099204302E0,2.575000000E1
5.101828302E0,2.575000000E1
5.104453302E0,2.575000000E1
5.107077302E0,2.575000000E1
5.109702302E0,2.575000000E1
5.112326302E0,2.575000000E1
5.114951302E0,2.575000000E1
5.117575302E0,2.575000000E1
5.120200302E0,2.575000000E1
5.122824302E0,2.575000000E1
5.125449302E0,2.575000000E1
5.128073302E0,2.575000000E1
5.130698302E0,2.575000000E1
5.133322302E0,2.575000000E1
5.135947302E0,2.575000000E1
5.138571302E0,2.575000000E1
5.141196302E0,2.575000000E1
5.143820302E0,2.575000000E1
5.146445302E0,1.937500000E1
5.149069302E0,1.937500000E1
5.151694302E0,1.937500000E1
5.154318302E0,1.937500000E1
5.156943302E0,1.937500000E1
5.159567302E0,1.937500000E1
5.162192302E0,1.937500000E1
5.164817302E0,1.937500000E1
5.167441302E0,1.937500000E1
5.170066302E0,1.937500000E1
5.175315302E0,2.575000000E1
5.177939302E0,2.575000000E1
5.180564302E0,2.575000000E1
5.183188302E0,2.575000000E1
5.185813302E0,2.575000000E1
5.188437302E0,2.575000000E1
5.191062302E0,2.575000000E1
5.193686302E0,2.575000000E1
5.196311302E0,2.575000000E1
5.198935302E0,2.575000000E1
5.201560302E0,2.575000000E1
5.204184302E0,2.575000000E1
5.206809302E0,2.575000000E1
5.209433302E0,2.575000000E1
5.212058302E0,2.575000000E1
5.214682302E0,2.575000000E1
5.217307302E0,2.575000000E1
5.219931302E0,2.575000000E1
5.222556302E0,2.575000000E1
5.225180302E0,2.575000000E1
5.227805302E0,2.575000000E1
5.230429302E0,2.575000000E1
5.233054302E0,2.575000000E1
5.235678302E0,2.575000000E1
5.238303302E0,2.575000000E1
5.240927302E0,2.575000000E1
5.243552302E0,2.575000000E1
5.246176302E0,2.575000000E1
5.248801302E0,2.575000000E1
5.251425302E0,2.575000000E1
5.254050302E0,2.575000000E1
5.256674302E0,2.575000000E1
5.259299302E0,2.575000000E1
5.261923302E0,2.575000000E1
5.264548302E0,2.575000000E1
5.267172302E0,2.575000000E1
5.269797302E0,2.575000000E1
5.272422302E0,2.575000000E1
5.275046302E0,2.575000000E1
5.277671302E0,2.575000000E1
5.280295302E0,2.575000000E1
5.282920302E0,2.575000000E1
5.285544302E0,2.575000000E1
5.288169302E0,2.575000000E1
5.290793302E0,2.575000000E1
5.293418302E0,2.575000000E1
5.296042302E0,2.575000000E1
5.298667302E0,1.937500000E1
5.301291302E0,1.937500000E1
5.303916302E0,1.937500000E1
5.306540302E0,1.937500000E1
5.309165302E0,1.937500000E1
5.311789302E0,1.937500000E1
5.314414302E0,1.937500000E1
5.317038302E0,1.937500000E1
5.319663302E0,1.937500000E1
5.324912302E0,2.575000000E1
5.327536302E0,2.575000000E1
5.330161302E0,2.575000000E1
5.332785302E0,2.575000000E1
5.335410302E0,2.575000000E1
5.338034302E0,2.575000000E1
5.340659302E0,2.575000000E1
5.343283302E0,2.575000000E1
5.345908302E0,2.575000000E1
5.348532302E0,2.575000000E1
5.351157302E0,2.575000000E1
5.353781302E0,2.575000000E1
5.356406302E0,2.575000000E1
5.359030302E0,2.575000000E1
5.361655302E0,2.575000000E1
5.364279302E0,2.575000000E1
5.366904302E0,2.575000000E1
5.369528302E0,2.575000000E1
5.372153302E0,2.575000000E1
5.374777302E0,2.575000000E1
5.377402302E0,2.575000000E1
5.380026302E0,2.575000000E1
5.382651302E0,2.575000000E1
5.385276302E0,2.575000000E1
5.387900302E0,2.575000000E1
5.390525302E0,2.575000000E1
5.393149302E0,2.575000000E1
5.395774302E0,2.575000000E1
5.398398302E0,2.575000000E1
5.401023302E0,1.937500000E1
5.403647302E0,1.937500000E1
5.406272302E0,1.937500000E1
5.408896302E0,1.937500000E1
5.411521302E0,1.937500000E1
5.414145302E0,1.937500000E1
5.416770302E0,1.937500000E1
5.419394302E0,1.937500000E1
5.422019302E0,1.937500000E1
5.424643302E0,1.937500000E1
5.429892302E0,2.575000000E1
5.432517302E0,2.575000000E1
5.435141302E0,2.575000000E1
5.437766302E0,2.575000000E1
5.440390302E0,2.575000000E1
5.443015302E0,2.575000000E1
5.445639302E0,2.575000000E1
5.448264302E0,2.575000000E1
5.450888302E0,2.575000000E1
5.453513302E0,2.575000000E1
5.456137302E0,2.575000000E1
5.458762302E0,2.575000000E1
5.461386302E0,2.575000000E1
5.464011302E0,2.575000000E1
5.466635302E0,2.575000000E1
5.469260302E0,2.575000000E1
5.471884302E0,2.575000000E1
5.474509302E0,2.575000000E1
5.477133302E0,2.575000000E1
5.479758302E0,2.575000000E1
5.482382302E0,2.575000000E1
5.485007302E0,2.575000000E1
5.487631302E0,2.575000000E1
5.490256302E0,2.575000000E1
5.492880302E0,2.575000000E1
5.495505302E0,2.575000000E1
5.498130302E0,2.575000000E1
5.500754302E0,1.937500000E1
5.503379302E0,1.937500000E1
5.506003302E0,1.937500000E1
5.508628302E0,1.937500000E1
5.511252302E0,1.937500000E1
5.513877302E0,1.937500000E1
5.516501302E0,1.937500000E1
5.519126302E0,1.937500000E1
5.521750302E0,1.937500000E1
5.524375302E0,1.937500000E1
5.526999302E0,1.937500000E1
5.529624302E0,1.937500000E1
5.532248302E0,1.937500000E1
5.534873302E0,1.937500000E1
5.537497302E0,1.937500000E1
5.540122302E0,1.937500000E1
5.542746302E0,1.937500000E1
5.545371302E0,1.937500000E1
5.547995302E0,1.937500000E1
5.550620302E0,1.937500000E1
5.555869302E0,2.575000000E1
5.558493302E0,2.575000000E1
5.561118302E0,2.575000000E1
5.563742302E0,2.575000000E1
5.566367302E0,2.575000000E1
5.568991302E0,2.575000000E1
5.571616302E0,2.575000000E1
5.574240302E0,2.575000000E1
5.576865302E0,2.575000000E1
5.579489302E0,1.937500000E1
5.582125302E0,1.937500000E1
5.584750302E0,1.937500000E1
5.587374302E0,1.937500000E1
5.589999302E0,1.937500000E1
5.592623302E0,1.937500000E1
5.595248302E0,1.937500000E1
5.597872302E0,1.937500000E1
5.600497302E0,1.937500000E1
5.603121302E0,1.937500000E1
5.608370302E0,2.575000000E1
5.610995302E0,2.575000000E1
5.613619302E0,2.575000000E1
5.616244302E0,2.575000000E1
5.618868302E0,2.575000000E1
5.621493302E0,2.575000000E1
5.624117302E0,2.575000000E1
5.626742302E0,2.575000000E1
5.629366302E0,2.575000000E1
5.631991302E0,2.575000000E1
5.634616302E0,2.575000000E1
5.637240302E0,2.575000000E1
5.639865302E0,2.575000000E1
5.642489302E0,2.575000000E1
5.645114302E0,2.575000000E1
5.647738302E0,2.575000000E1
5.650363302E0,2.575000000E1
5.652987302E0,2.575000000E1
5.655612302E0,2.575000000E1
5.658236302E0,2.575000000E1
5.660861302E0,2.575000000E1
5.663485302E0,2.575000000E1
5.666110302E0,2.575000000E1
5.668734302E0,2.575000000E1
5.671359302E0,2.575000000E1
5.673983302E0,2.575000000E1
5.676608302E0,2.575000000E1
5.679232302E0,1.937500000E1
5.681857302E0,1.937500000E1
5.684481302E0,1.937500000E1
5.687106302E0,1.937500000E1
5.689730302E0,1.937500000E1
5.692355302E0,1.937500000E1
5.694979302E0,1.937500000E1
5.697604302E0,1.937500000E1
5.700228302E0,1.937500000E1
5.702853302E0,1.937500000E1
5.708102302E0,2.575000000E1
5.710726302E0,2.575000000E1
5.713351302E0,2.575000000E1
5.715975302E0,2.575000000E1
5.718600302E0,2.575000000E1
5.721224302E0,2.575000000E1
5.723849302E0,2.575000000E1
5.726473302E0,2.575000000E1
5.729098302E0,2.575000000E1
5.731722302E0,2.575000000E1
5.734347302E0,2.575000000E1
5.736971302E0,2.575000000E1
5.739596302E0,2.575000000E1
5.742220302E0,2.575000000E1
5.744845302E0,2.575000000E1
5.747470302E0,2.575000000E1
5.750094302E0,2.575000000E1
5.752719302E0,2.575000000E1
5.755343302E0,2.575000000E1
5.757968302E0,2.575000000E1
5.760592302E0,2.575000000E1
5.763217302E0,2.575000000E1
5.765841302E0,2.575000000E1
5.768466302E0,2.575000000E1
5.771090302E0,2.575000000E1
5.773715302E0,2.575000000E1
5.776339302E0,2.575000000E1
5.778964302E0,2.575000000E1
5.781588302E0,2.575000000E1
5.784213302E0,2.575000000E1
5.786837302E0,2.575000000E1
5.789462302E0,2.575000000E1
5.792086302E0,2.575000000E1
5.794711302E0,2.575000000E1
5.797335302E0,2.575000000E1
5.799960302E0,2.575000000E1
5.802584302E0,2.575000000E1
5.805209302E0,2.575000000E1
5.807833302E0,1.937500000E1
5.810458302E0,1.937500000E1
5.813082302E0,1.937500000E1
5.815707302E0,1.937500000E1
5.818331302E0,1.937500000E1
5.820956302E0,1.937500000E1
5.823580302E0,1.937500000E1
5.826205302E0,1.937500000E1
5.828829302E0,1.937500000E1
5.831454302E0,1.937500000E1
5.836703302E0,2.575000000E1
5.839327302E0,2.575000000E1
5.841952302E0,2.575000000E1
5.844576302E0,2.575000000E1
5.847201302E0,2.575000000E1
5.849825302E0,2.575000000E1
5.852450302E0,2.575000000E1
5.855074302E0,2.575000000E1
5.857699302E0,2.575000000E1
5.860324302E0,2.575000000E1
5.862948302E0,2.575000000E1
5.865573302E0,2.575000000E1
5.868197302E0,2.575000000E1
5.870822302E0,2.575000000E1
5.873446302E0,2.575000000E1
5.876071302E0,2.575000000E1
5.878695302E0,2.575000000E1
5.881320302E0,2.575000000E1
5.883944302E0,1.937500000E1
5.886569302E0,1.937500000E1
5.889193302E0,1.937500000E1
5.891818302E0,1.937500000E1
5.894442302E0,1.937500000E1
5.897067302E0,1.937500000E1
5.899691302E0,1.937500000E1
5.902316302E0,1.937500000E1
5.904940302E0,1.937500000E1
5.907565302E0,1.937500000E1
5.912814302E0,2.575000000E1
5.915438302E0,2.575000000E1
5.918063302E0,2.575000000E1
5.920687302E0,2.575000000E1
5.923312302E0,2.575000000E1
5.925936302E0,2.575000000E1
5.928561302E0,2.575000000E1
5.931185302E0,2.575000000E1
5.933810302E0,2.575000000E1
5.936434302E0,2.575000000E1
5.939059302E0,2.575000000E1
5.941683302E0,2.575000000E1
5.944308302E0,2.575000000E1
5.946932302E0,2.575000000E1
5.949557302E0,2.575000000E1
5.952181302E0,2.575000000E1
5.954806302E0,2.575000000E1
5.957430302E0,2.575000000E1
5.960055302E0,2.575000000E1
5.962679302E0,2.575000000E1
5.965304302E0,2.575000000E1
5.967929302E0,2.575000000E1
5.970553302E0,2.575000000E1
5.973178302E0,2.575000000E1
5.975802302E0,2.575000000E1
5.978427302E0,2.575000000E1
5.981051302E0,2.575000000E1
5.983676302E0,2.575000000E1
5.986300302E0,1.937500000E1
5.988925302E0,1.937500000E1
5.991549302E0,1.937500000E1
5.994174302E0,1.937500000E1
5.996798302E0,1.937500000E1
5.999423302E0,1.937500000E1
6.002047302E0,1.937500000E1
6.004672302E0,1.937500000E1
6.007296302E0,1.937500000E1
6.009921302E0,1.937500000E1
6.012545302E0,1.937500000E1
6.015170302E0,1.937500000E1
6.017794302E0,1.937500000E1
6.020419302E0,1.937500000E1
6.023043302E0,1.937500000E1
6.025668302E0,1.937500000E1
6.028292302E0,1.937500000E1
6.030917302E0,1.937500000E1
6.033541302E0,1.937500000E1
6.038790302E0,2.575000000E1
6.041415302E0,2.575000000E1
6.044039302E0,2.575000000E1
6.046664302E0,2.575000000E1
6.049288302E0,2.575000000E1
6.051913302E0,2.575000000E1
6.054537302E0,2.575000000E1
6.057162302E0,2.575000000E1
6.059786302E0,2.575000000E1
6.062411302E0,2.575000000E1
6.065035302E0,2.575000000E1
6.067660302E0,2.575000000E1
6.070284302E0,2.575000000E1
6.072909302E0,2.575000000E1
6.075533302E0,2.575000000E1
6.078158302E0,2.575000000E1
6.080783302E0,2.575000000E1
6.083407302E0,2.575000000E1
6.086032302E0,2.575000000E1
6.088656302E0,2.575000000E1
6.091281302E0,2.575000000E1
6.093905302E0,2.575000000E1
6.096530302E0,2.575000000E1
6.099154302E0,2.575000000E1
6.101779302E0,2.575000000E1
6.104403302E0,2.575000000E1
6.107028302E0,2.575000000E1
6.109652302E0,2.575000000E1
6.112277302E0,2.575000000E1
6.114901302E0,2.575000000E1
6.117526302E0,2.575000000E1
6.120150302E0,2.575000000E1
6.122775302E0,2.575000000E1
6.125399302E0,2.575000000E1
6.128024302E0,2.575000000E1
6.130648302E0,2.575000000E1
6.133273302E0,2.575000000E1
6.135897302E0,2.575000000E1
6.138522302E0,2.575000000E1
6.141146302E0,2.575000000E1
6.143771302E0,2.575000000E1
6.146395302E0,2.575000000E1
6.149020302E0,2.575000000E1
6.151644302E0,2.575000000E1
6.154269302E0,2.575000000E1
6.156893302E0,2.575000000E1
6.159518302E0,2.575000000E1
6.162142302E0,2.575000000E1
6.164767302E0,1.937500000E1
6.167391302E0,1.937500000E1
6.170016302E0,1.937500000E1
6.172640302E0,1.937500000E1
6.175265302E0,1.937500000E1
6.177889302E0,1.937500000E1
6.180514302E0,1.937500000E1
6.183138302E0,1.937500000E1
6.185763302E0,1.937500000E1
6.188387302E0,1.937500000E1
6.193637302E0,2.575000000E1
6.196261302E0,2.575000000E1
6.198886302E0,2.575000000E1
6.201510302E0,2.575000000E1
6.204135302E0,2.575000000E1
6.206759302E0,2.575000000E1
6.209384302E0,2.575000000E1
6.212008302E0,2.575000000E1
6.214633302E0,2.575000000E1
6.217257302E0,2.575000000E1
6.219882302E0,2.575000000E1
6.222506302E0,2.575000000E1
6.225131302E0,2.575000000E1
6.227755302E0,2.575000000E1
6.230380302E0,2.575000000E1
6.233004302E0,2.575000000E1
6.235629302E0,2.575000000E1
6.238253302E0,2.575000000E1
6.240878302E0,1.937500000E1
6.243502302E0,1.937500000E1
6.246127302E0,1.937500000E1
6.248751302E0,1.937500000E1
6.251376302E0,1.937500000E1
6.254000302E0,1.937500000E1
6.256625302E0,1.937500000E1
6.259249302E0,1.937500000E1
6.261874302E0,1.937500000E1
6.264498302E0,1.937500000E1
6.269747302E0,2.575000000E1
6.272372302E0,2.575000000E1
6.274996302E0,2.575000000E1
6.277621302E0,2.575000000E1
6.280245302E0,2.575000000E1
6.282870302E0,2.575000000E1
6.285494302E0,2.575000000E1
6.288119302E0,2.575000000E1
6.290743302E0,2.575000000E1
6.293368302E0,2.575000000E1
6.295992302E0,2.575000000E1
6.298617302E0,2.575000000E1
6.301241302E0,2.575000000E1
6.303866302E0,2.575000000E1
6.306491302E0,2.575000000E1
6.309115302E0,2.575000000E1
6.311740302E0,2.575000000E1
6.314364302E0,2.575000000E1
6.316989302E0,1.937500000E1
6.319613302E0,1.937500000E1
6.322238302E0,1.937500000E1
6.324862302E0,1.937500000E1
6.327487302E0,1.937500000E1
6.330111302E0,1.937500000E1
6.332736302E0,1.937500000E1
6.335360302E0,1.937500000E1
6.337985302E0,1.937500000E1
6.343234302E0,2.575000000E1
6.345858302E0,2.575000000E1
6.348483302E0,2.575000000E1
6.351107302E0,2.575000000E1
6.353732302E0,2.575000000E1
6.356356302E0,2.575000000E1
6.358981302E0,2.575000000E1
6.361605302E0,2.575000000E1
6.364230302E0,2.575000000E1
6.366854302E0,1.937500000E1
6.369479302E0,1.937500000E1
6.372103302E0,1.937500000E1
6.374728302E0,1.937500000E1
6.377352302E0,1.937500000E1
6.379977302E0,1.937500000E1
6.382601302E0,1.937500000E1
6.385226302E0,1.937500000E1
6.387850302E0,1.937500000E1
6.390475302E0,1.937500000E1
6.395724302E0,2.575000000E1
6.398348302E0,2.575000000E1
6.400973302E0,2.575000000E1
6.403597302E0,2.575000000E1
6.406222302E0,2.575000000E1
6.408846302E0,2.575000000E1
6.411471302E0,2.575000000E1
6.414095302E0,2.575000000E1
6.416720302E0,2.575000000E1
6.419345302E0,2.575000000E1
6.421969302E0,2.575000000E1
6.424594302E0,2.575000000E1
6.427218302E0,2.575000000E1
6.429843302E0,2.575000000E1
6.432467302E0,2.575000000E1
6.435092302E0,2.575000000E1
6.437716302E0,2.575000000E1
6.440341302E0,2.575000000E1
6.442965302E0,2.575000000E1
6.445590302E0,1.937500000E1
6.448214302E0,1.937500000E1
6.450839302E0,1.937500000E1
6.453463302E0,1.937500000E1
6.456088302E0,1.937500000E1
6.458712302E0,1.937500000E1
6.461337302E0,1.937500000E1
6.463961302E0,1.937500000E1
6.466586302E0,1.937500000E1
6.471835302E0,2.575000000E1
6.474459302E0,2.575000000E1
6.477084302E0,2.575000000E1
6.479708302E0,2.575000000E1
6.482333302E0,2.575000000E1
6.484957302E0,2.575000000E1
6.487582302E0,2.575000000E1
6.490206302E0,2.575000000E1
6.492831302E0,2.575000000E1
6.495455302E0,2.575000000E1
6.498080302E0,2.575000000E1
6.500704302E0,2.575000000E1
6.503329302E0,2.575000000E1
6.505953302E0,2.575000000E1
6.508578302E0,2.575000000E1
6.511202302E0,2.575000000E1
6.513827302E0,2.575000000E1
6.516451302E0,2.575000000E1
6.519076302E0,2.575000000E1
6.521700302E0,2.575000000E1
6.524325302E0,2.575000000E1
6.526949302E0,2.575000000E1
6.529574302E0,2.575000000E1
6.532199302E0,2.575000000E1
6.534823302E0,2.575000000E1
6.537448302E0,2.575000000E1
6.540072302E0,2.575000000E1
6.542697302E0,2.575000000E1
6.545321302E0,1.937500000E1
6.547946302E0,1.937500000E1
6.550570302E0,1.937500000E1
6.553195302E0,1.937500000E1
6.555819302E0,1.937500000E1
6.558444302E0,1.937500000E1
6.561068302E0,1.937500000E1
6.563693302E0,1.937500000E1
6.566317302E0,1.937500000E1
6.568942302E0,1.937500000E1
6.574191302E0,2.575000000E1
6.576815302E0,2.575000000E1
6.579440302E0,2.575000000E1
6.582064302E0,2.575000000E1
6.584689302E0,2.575000000E1
6.587313302E0,2.575000000E1
6.589938302E0,2.575000000E1
6.592562302E0,2.575000000E1
6.595187302E0,2.575000000E1
6.597811302E0,2.575000000E1
6.600436302E0,2.575000000E1
6.603060302E0,2.575000000E1
6.605685302E0,2.575000000E1
6.608309302E0,2.575000000E1
6.610934302E0,2.575000000E1
6.613558302E0,2.575000000E1
6.616183302E0,2.575000000E1
6.618807302E0,2.575000000E1
6.621432302E0,2.575000000E1
6.624056302E0,2.575000000E1
6.626681302E0,2.575000000E1
6.629305302E0,2.575000000E1
6.631930302E0,2.575000000E1
6.634554302E0,2.575000000E1
6.637179302E0,2.575000000E1
6.639804302E0,2.575000000E1
6.642428302E0,2.575000000E1
6.645053302E0,2.575000000E1
6.647677302E0,2.575000000E1
6.650302302E0,2.575000000E1
6.652926302E0,2.575000000E1
6.655551302E0,2.575000000E1
6.658175302E0,2.575000000E1
6.660800302E0,2.575000000E1
6.663424302E0,2.575000000E1
6.666049302E0,2.575000000E1
6.668673302E0,2.575000000E1
6.671298302E0,2.575000000E1
6.673922302E0,2.575000000E1
6.676547302E0,2.575000000E1
6.679171302E0,2.575000000E1
6.681796302E0,2.575000000E1
6.684420302E0,2.575000000E1
6.687045302E0,2.575000000E1
6.689669302E0,2.575000000E1
6.692294302E0,2.575000000E1
6.694918302E0,2.575000000E1
6.697543302E0,2.575000000E1
6.700167302E0,2.575000000E1
6.702792302E0,2.575000000E1
6.705416302E0,2.575000000E1
6.708041302E0,2.575000000E1
6.710665302E0,2.575000000E1
6.713290302E0,2.575000000E1
6.715914302E0,2.575000000E1
6.718539302E0,2.575000000E1
6.721163302E0,2.575000000E1
6.723788302E0,2.575000000E1
6.726412302E0,2.575000000E1
6.729037302E0,2.575000000E1
6.731661302E0,2.575000000E1
6.734286302E0,2.575000000E1
6.736910302E0,2.575000000E1
6.739535302E0,2.575000000E1
6.742159302E0,2.575000000E1
6.744784302E0,2.575000000E1
6.747408302E0,2.575000000E1
6.750033302E0,2.575000000E1
6.752658302E0,2.575000000E1
6.755282302E0,2.575000000E1
6.757907302E0,2.575000000E1
6.760531302E0,2.575000000E1
6.763156302E0,2.575000000E1
6.765780302E0,2.575000000E1
6.768405302E0,2.575000000E1
6.771029302E0,2.575000000E1
6.773654302E0,2.575000000E1
6.776278302E0,1.937500000E1
6.778903302E0,1.937500000E1
6.781527302E0,1.937500000E1
6.784152302E0,1.937500000E1
6.786776302E0,1.937500000E1
6.789401302E0,1.937500000E1
6.792025302E0,1.937500000E1
6.794650302E0,1.937500000E1
6.797274302E0,1.937500000E1
6.802523302E0,2.575000000E1
6.805148302E0,2.575000000E1
6.807772302E0,2.575000000E1
6.810397302E0,2.575000000E1
6.813021302E0,2.575000000E1
6.815646302E0,2.575000000E1
6.818270302E0,2.575000000E1
6.820895302E0,2.575000000E1
6.823519302E0,2.575000000E1
6.826144302E0,1.937500000E1
6.828768302E0,1.937500000E1
6.831393302E0,1.937500000E1
6.834017302E0,1.937500000E1
6.836642302E0,1.937500000E1
6.839266302E0,1.937500000E1
6.841891302E0,1.937500000E1
6.844515302E0,1.937500000E1
6.847140302E0,1.937500000E1
6.849764302E0,1.937500000E1
6.852389302E0,1.937500000E1
6.855013302E0,1.937500000E1
6.857638302E0,1.937500000E1
6.860262302E0,1.937500000E1
6.862887302E0,1.937500000E1
6.865512302E0,1.937500000E1
6.868136302E0,1.937500000E1
6.870761302E0,1.937500000E1
6.873385302E0,1.937500000E1
6.876010302E0,1.937500000E1
6.878634302E0,1.937500000E1
6.881259302E0,1.937500000E1
6.883883302E0,1.937500000E1
6.886508302E0,1.937500000E1
6.889132302E0,1.937500000E1
6.891757302E0,1.937500000E1
6.894381302E0,1.937500000E1
6.897006302E0,1.937500000E1
6.899630302E0,1.937500000E1
6.904879302E0,2.575000000E1
6.907504302E0,2.575000000E1
6.910128302E0,2.575000000E1
6.912753302E0,2.575000000E1
6.915377302E0,2.575000000E1
6.918002302E0,2.575000000E1
6.920626302E0,2.575000000E1
6.923251302E0,2.575000000E1
6.925875302E0,2.575000000E1
6.928500302E0,1.937500000E1
6.931124302E0,1.937500000E1
6.933749302E0,1.937500000E1
6.936373302E0,1.937500000E1
6.938998302E0,1.937500000E1
6.941622302E0,1.937500000E1
6.944247302E0,1.937500000E1
6.946871302E0,1.937500000E1
6.949496302E0,1.937500000E1
6.952120302E0,1.937500000E1
6.954745302E0,1.937500000E1
6.957369302E0,1.937500000E1
6.959994302E0,1.937500000E1
6.962618302E0,1.937500000E1
6.965243302E0,1.937500000E1
6.967867302E0,1.937500000E1
6.970492302E0,1.937500000E1
6.973116302E0,1.937500000E1
6.975741302E0,1.937500000E1
6.980990302E0,2.575000000E1
6.983615302E0,2.575000000E1
6.986239302E0,2.575000000E1
6.988864302E0,2.575000000E1
6.991488302E0,2.575000000E1
6.994113302E0,2.575000000E1
6.996737302E0,2.575000000E1
6.999362302E0,2.575000000E1
7.001986302E0,2.575000000E1
7.004611302E0,1.937500000E1
7.007235302E0,1.937500000E1
7.009860302E0,1.937500000E1
7.012484302E0,1.937500000E1
7.015109302E0,1.937500000E1
7.017733302E0,1.937500000E1
7.020358302E0,1.937500000E1
7.022982302E0,1.937500000E1
7.025607302E0,1.937500000E1
7.028231302E0,1.937500000E1
7.033480302E0,2.575000000E1
7.036105302E0,2.575000000E1
7.038729302E0,2.575000000E1
7.041354302E0,2.575000000E1
7.043978302E0,2.575000000E1
7.046603302E0,2.575000000E1
7.049227302E0,2.575000000E1
7.051852302E0,2.575000000E1
7.054476302E0,2.575000000E1
7.057101302E0,2.575000000E1
7.059725302E0,2.575000000E1
7.062350302E0,2.575000000E1
7.064974302E0,2.575000000E1
7.067599302E0,2.575000000E1
7.070223302E0,2.575000000E1
7.072848302E0,2.575000000E1
7.075472302E0,2.575000000E1
7.078097302E0,2.575000000E1
7.080721302E0,1.937500000E1
7.083346302E0,1.937500000E1
7.085970302E0,1.937500000E1
7.088595302E0,1.937500000E1
7.091220302E0,1.937500000E1
7.093844302E0,1.937500000E1
7.096469302E0,1.937500000E1
7.099093302E0,1.937500000E1
7.101718302E0,1.937500000E1
7.104342302E0,1.937500000E1
7.109591302E0,2.575000000E1
7.112216302E0,2.575000000E1
7.114840302E0,2.575000000E1
7.117465302E0,2.575000000E1
7.120089302E0,2.575000000E1
7.122714302E0,2.575000000E1
7.125338302E0,2.575000000E1
7.127963302E0,2.575000000E1
7.130587302E0,1.937500000E1
7.133212302E0,1.937500000E1
7.135836302E0,1.937500000E1
7.138461302E0,1.937500000E1
7.141085302E0,1.937500000E1
7.143710302E0,1.937500000E1
7.146334302E0,1.937500000E1
7.148959302E0,1.937500000E1
7.151583302E0,1.937500000E1
7.154208302E0,1.937500000E1
7.159457302E0,2.575000000E1
7.162081302E0,2.575000000E1
7.164706302E0,2.575000000E1
7.167330302E0,2.575000000E1
7.169955302E0,2.575000000E1
7.172579302E0,2.575000000E1
7.175204302E0,2.575000000E1
7.177828302E0,2.575000000E1
7.180453302E0,2.575000000E1
7.183077302E0,1.937500000E1
7.185702302E0,1.937500000E1
7.188326302E0,1.937500000E1
7.190951302E0,1.937500000E1
7.193575302E0,1.937500000E1
7.196200302E0,1.937500000E1
7.198824302E0,1.937500000E1
7.201449302E0,1.937500000E1
7.204074302E0,1.937500000E1
7.206698302E0,1.937500000E1
7.211947302E0,2.575000000E1
7.214572302E0,2.575000000E1
7.217196302E0,2.575000000E1
7.219821302E0,2.575000000E1
7.222445302E0,2.575000000E1
7.225070302E0,2.575000000E1
7.227694302E0,2.575000000E1
7.230319302E0,2.575000000E1
7.232943302E0,2.575000000E1
7.235568302E0,2.575000000E1
7.238192302E0,2.575000000E1
7.240817302E0,2.575000000E1
7.243441302E0,2.575000000E1
7.246066302E0,2.575000000E1
7.248690302E0,2.575000000E1
7.251315302E0,2.575000000E1
7.253939302E0,2.575000000E1
7.256564302E0,2.575000000E1
7.259188302E0,2.575000000E1
7.261813302E0,2.575000000E1
7.264437302E0,2.575000000E1
7.267062302E0,2.575000000E1
7.269686302E0,2.575000000E1
7.272311302E0,2.575000000E1
7.274935302E0,2.575000000E1
7.277560302E0,2.575000000E1
7.280184302E0,2.575000000E1
7.282809302E0,2.575000000E1
7.285433302E0,2.575000000E1
7.288058302E0,2.575000000E1
7.290682302E0,2.575000000E1
7.293307302E0,2.575000000E1
7.295931302E0,2.575000000E1
7.298556302E0,2.575000000E1
7.301180302E0,2.575000000E1
7.303805302E0,2.575000000E1
7.306429302E0,2.575000000E1
7.309054302E0,1.937500000E1
7.311679302E0,1.937500000E1
7.314303302E0,1.937500000E1
7.316928302E0,1.937500000E1
7.319552302E0,1.937500000E1
7.322177302E0,1.937500000E1
7.324801302E0,1.937500000E1
7.327426302E0,1.937500000E1
7.330050302E0,1.937500000E1
7.332675302E0,1.937500000E1
7.337924302E0,2.575000000E1
7.340548302E0,2.575000000E1
7.343173302E0,2.575000000E1
7.345797302E0,2.575000000E1
7.348422302E0,2.575000000E1
7.351046302E0,2.575000000E1
7.353671302E0,2.575000000E1
7.356295302E0,2.575000000E1
7.358920302E0,1.937500000E1
7.361544302E0,1.937500000E1
7.364169302E0,1.937500000E1
7.366793302E0,1.937500000E1
7.369418302E0,1.937500000E1
7.372042302E0,1.937500000E1
7.374667302E0,1.937500000E1
7.377291302E0,1.937500000E1
7.379916302E0,1.937500000E1
7.382540302E0,1.937500000E1
7.387789302E0,2.575000000E1
7.390414302E0,2.575000000E1
7.393038302E0,2.575000000E1
7.395663302E0,2.575000000E1
7.398287302E0,2.575000000E1
7.400912302E0,2.575000000E1
7.403536302E0,2.575000000E1
7.406161302E0,2.575000000E1
7.408785302E0,2.575000000E1
7.411410302E0,1.937500000E1
7.414034302E0,1.937500000E1
7.416659302E0,1.937500000E1
7.419283302E0,1.937500000E1
7.421908302E0,1.937500000E1
7.424533302E0,1.937500000E1
7.427157302E0,1.937500000E1
7.429782302E0,1.937500000E1
7.432406302E0,1.937500000E1
7.435031302E0,1.937500000E1
7.440280302E0,2.575000000E1
7.442904302E0,2.575000000E1
7.445529302E0,2.575000000E1
7.448153302E0,2.575000000E1
7.450778302E0,2.575000000E1
7.453402302E0,2.575000000E1
7.456027302E0,2.575000000E1
7.458651302E0,2.575000000E1
7.461276302E0,2.575000000E1
7.463900302E0,1.937500000E1
7.466525302E0,1.937500000E1
7.469149302E0,1.937500000E1
7.471774302E0,1.937500000E1
7.474398302E0,1.937500000E1
7.477023302E0,1.937500000E1
7.479647302E0,1.937500000E1
7.482272302E0,1.937500000E1
7.484896302E0,1.937500000E1
7.490145302E0,2.575000000E1
7.492770302E0,2.575000000E1
7.495394302E0,2.575000000E1
7.498019302E0,2.575000000E1
7.500643302E0,2.575000000E1
7.503268302E0,2.575000000E1
7.505892302E0,2.575000000E1
7.508517302E0,2.575000000E1
7.511141302E0,2.575000000E1
7.513766302E0,1.937500000E1
7.516390302E0,1.937500000E1
7.519015302E0,1.937500000E1
7.521639302E0,1.937500000E1
7.524264302E0,1.937500000E1
7.526888302E0,1.937500000E1
7.529513302E0,1.937500000E1
7.532137302E0,1.937500000E1
7.534762302E0,1.937500000E1
7.540011302E0,2.575000000E1
7.542636302E0,2.575000000E1
7.545260302E0,2.575000000E1
7.547885302E0,2.575000000E1
7.550509302E0,2.575000000E1
7.553134302E0,2.575000000E1
7.555758302E0,2.575000000E1
7.558383302E0,2.575000000E1
7.561007302E0,2.575000000E1
7.563632302E0,1.937500000E1
7.566256302E0,1.937500000E1
7.568881302E0,1.937500000E1
7.571505302E0,1.937500000E1
7.574130302E0,1.937500000E1
7.576754302E0,1.937500000E1
7.579379302E0,1.937500000E1
7.582003302E0,1.937500000E1
7.584628302E0,1.937500000E1
7.587252302E0,1.937500000E1
7.589877302E0,1.937500000E1
7.592501302E0,1.937500000E1
7.595126302E0,1.937500000E1
7.597750302E0,1.937500000E1
7.600375302E0,1.937500000E1
7.602999302E0,1.937500000E1
7.605624302E0,1.937500000E1
7.608248302E0,1.937500000E1
7.610873302E0,1.937500000E1
7.613497302E0,1.937500000E1
7.618746302E0,2.575000000E1
7.621371302E0,2.575000000E1
7.623995302E0,2.575000000E1
7.626620302E0,2.575000000E1
7.629244302E0,2.575000000E1
7.631869302E0,2.575000000E1
7.634493302E0,2.575000000E1
7.637118302E0,2.575000000E1
7.639742302E0,1.937500000E1
7.642367302E0,1.937500000E1
7.644991302E0,1.937500000E1
7.647616302E0,1.937500000E1
7.650241302E0,1.937500000E1
7.652865302E0,1.937500000E1
7.655490302E0,1.937500000E1
7.658114302E0,1.937500000E1
7.660739302E0,1.937500000E1
7.663363302E0,1.937500000E1
7.665988302E0,1.937500000E1
7.668612302E0,1.937500000E1
7.671237302E0,1.937500000E1
7.673861302E0,1.937500000E1
7.676486302E0,1.937500000E1
7.679110302E0,1.937500000E1
7.681735302E0,1.937500000E1
7.684359302E0,1.937500000E1
7.686984302E0,1.937500000E1
7.689608302E0,1.937500000E1
7.692233302E0,1.937500000E1
7.694857302E0,1.937500000E1
7.697482302E0,1.937500000E1
7.700106302E0,1.937500000E1
7.702731302E0,1.937500000E1
7.705355302E0,1.937500000E1
7.707980302E0,1.937500000E1
7.710604302E0,1.937500000E1
7.713229302E0,1.937500000E1
7.715853302E0,1.937500000E1
7.718478302E0,1.937500000E1
7.721102302E0,1.937500000E1
7.723727302E0,1.937500000E1
7.726351302E0,1.937500000E1
7.728976302E0,1.937500000E1
7.731600302E0,1.937500000E1
7.734225302E0,1.937500000E1
7.736849302E0,1.937500000E1
7.739474302E0,1.937500000E1
7.744723302E0,2.575000000E1
7.747347302E0,2.575000000E1
7.749972302E0,2.575000000E1
7.752596302E0,2.575000000E1
7.755221302E0,2.575000000E1
7.757845302E0,2.575000000E1
7.760470302E0,2.575000000E1
7.763095302E0,2.575000000E1
7.765719302E0,2.575000000E1
7.768344302E0,1.937500000E1
7.770968302E0,1.937500000E1
7.773593302E0,1.937500000E1
7.776217302E0,1.937500000E1
7.778842302E0,1.937500000E1
7.781466302E0,1.937500000E1
7.784091302E0,1.937500000E1
7.786715302E0,1.937500000E1
7.789340302E0,1.937500000E1
7.791964302E0,1.937500000E1
7.794589302E0,1.937500000E1
7.797213302E0,1.937500000E1
7.799838302E0,1.937500000E1
7.802462302E0,1.937500000E1
7.805087302E0,1.937500000E1
7.807711302E0,1.937500000E1
7.810336302E0,1.937500000E1
7.812960302E0,1.937500000E1
7.815585302E0,1.937500000E1
7.820834302E0,2.575000000E1
7.823458302E0,2.575000000E1
7.826083302E0,2.575000000E1
7.828707302E0,2.575000000E1
7.831332302E0,2.575000000E1
7.833956302E0,2.575000000E1
7.836581302E0,2.575000000E1
7.839205302E0,2.575000000E1
7.841830302E0,2.575000000E1
7.844454302E0,1.937500000E1
7.847079302E0,1.937500000E1
7.849703302E0,1.937500000E1
7.852328302E0,1.937500000E1
7.854952302E0,1.937500000E1
7.857577302E0,1.937500000E1
7.860201302E0,1.937500000E1
7.862826302E0,1.937500000E1
7.865450302E0,1.937500000E1
7.868075302E0,1.937500000E1
7.873324302E0,2.575000000E1
7.875949302E0,2.575000000E1
7.878573302E0,2.575000000E1
7.881198302E0,2.575000000E1
7.883822302E0,2.575000000E1
7.886447302E0,2.575000000E1
7.889071302E0,2.575000000E1
7.891696302E0,2.575000000E1
7.894320302E0,2.575000000E1
7.896945302E0,2.575000000E1
7.899569302E0,2.575000000E1
7.902194302E0,2.575000000E1
7.904818302E0,2.575000000E1
7.907443302E0,2.575000000E1
7.910067302E0,2.575000000E1
7.912692302E0,2.575000000E1
7.915316302E0,2.575000000E1
7.917941302E0,2.575000000E1
7.920565302E0,2.575000000E1
7.923190302E0,2.575000000E1
7.925814302E0,2.575000000E1
7.928439302E0,2.575000000E1
7.931063302E0,2.575000000E1
7.933688302E0,2.575000000E1
7.936312302E0,2.575000000E1
7.938937302E0,2.575000000E1
7.941561302E0,2.575000000E1
7.944186302E0,2.575000000E1
7.946810302E0,1.937500000E1
7.949435302E0,1.937500000E1
7.952059302E0,1.937500000E1
7.954684302E0,1.937500000E1
7.957308302E0,1.937500000E1
7.959933302E0,1.937500000E1
7.962557302E0,1.937500000E1
7.965182302E0,1.937500000E1
7.967806302E0,1.937500000E1
7.970431302E0,1.937500000E1
7.973055302E0,1.937500000E1
7.975680302E0,1.937500000E1
7.978304302E0,1.937500000E1
7.980929302E0,1.937500000E1
7.983554302E0,1.937500000E1
7.986178302E0,1.937500000E1
7.988803302E0,1.937500000E1
7.991427302E0,1.937500000E1
7.994052302E0,1.937500000E1
7.996676302E0,1.937500000E1
7.999301302E0,1.937500000E1
8.001925302E0,1.937500000E1
8.004550302E0,1.937500000E1
8.007174302E0,1.937500000E1
8.009799302E0,1.937500000E1
8.012423302E0,1.937500000E1
8.015048302E0,1.937500000E1
8.017672302E0,1.937500000E1
8.020297302E0,1.937500000E1
8.025546302E0,2.575000000E1
8.028170302E0,2.575000000E1
8.030795302E0,2.575000000E1
8.033419302E0,2.575000000E1
8.036044302E0,2.575000000E1
8.038668302E0,2.575000000E1
8.041293302E0,2.575000000E1
8.043917302E0,2.575000000E1
8.046542302E0,2.575000000E1
8.049166302E0,2.575000000E1
8.051791302E0,2.575000000E1
8.054415302E0,2.575000000E1
8.057040302E0,2.575000000E1
8.059664302E0,2.575000000E1
8.062289302E0,2.575000000E1
8.064913302E0,2.575000000E1
8.067538302E0,2.575000000E1
8.070162302E0,2.575000000E1
8.072787302E0,2.575000000E1
8.075411302E0,2.575000000E1
8.078036302E0,2.575000000E1
8.080660302E0,2.575000000E1
8.083285302E0,2.575000000E1
8.085909302E0,2.575000000E1
8.088534302E0,2.575000000E1
8.091158302E0,2.575000000E1
8.093783302E0,2.575000000E1
8.096408302E0,2.575000000E1
8.099032302E0,1.937500000E1
8.101657302E0,1.937500000E1
8.104281302E0,1.937500000E1
8.106906302E0,1.937500000E1
8.109530302E0,1.937500000E1
8.112155302E0,1.937500000E1
8.114779302E0,1.937500000E1
8.117404302E0,1.937500000E1
8.120028302E0,1.937500000E1
8.122653302E0,1.937500000E1
8.125277302E0,1.937500000E1
8.127902302E0,1.937500000E1
8.130526302E0,1.937500000E1
8.133151302E0,1.937500000E1
8.135775302E0,1.937500000E1
8.138400302E0,1.937500000E1
8.141024302E0,1.937500000E1
8.143649302E0,1.937500000E1
8.146273302E0,1.937500000E1
8.148898302E0,1.937500000E1
8.154147302E0,2.575000000E1
8.156771302E0,2.575000000E1
8.159396302E0,2.575000000E1
8.162020302E0,2.575000000E1
8.164645302E0,2.575000000E1
8.167269302E0,2.575000000E1
8.169894302E0,2.575000000E1
8.172518302E0,2.575000000E1
8.175143302E0,1.937500000E1
8.177767302E0,1.937500000E1
8.180392302E0,1.937500000E1
8.183016302E0,1.937500000E1
8.185641302E0,1.937500000E1
8.188265302E0,1.937500000E1
8.190890302E0,1.937500000E1
8.193514302E0,1.937500000E1
8.196139302E0,1.937500000E1
8.198763302E0,1.937500000E1
8.204012302E0,2.575000000E1
8.206637302E0,2.575000000E1
8.209262302E0,2.575000000E1
8.211886302E0,2.575000000E1
8.214511302E0,2.575000000E1
8.217135302E0,2.575000000E1
8.219760302E0,2.575000000E1
8.222384302E0,2.575000000E1
8.225009302E0,2.575000000E1
8.227633302E0,1.937500000E1
8.230258302E0,1.937500000E1
8.232882302E0,1.937500000E1
8.235507302E0,1.937500000E1
8.238131302E0,1.937500000E1
8.240756302E0,1.937500000E1
8.243380302E0,1.937500000E1
8.246005302E0,1.937500000E1
8.248629302E0,1.937500000E1
8.253878302E0,2.575000000E1
8.256503302E0,2.575000000E1
8.259127302E0,2.575000000E1
8.261752302E0,2.575000000E1
8.264376302E0,2.575000000E1
8.267001302E0,2.575000000E1
8.269625302E0,2.575000000E1
8.272250302E0,2.575000000E1
8.274874302E0,2.575000000E1
8.277499302E0,2.575000000E1
8.280123302E0,2.575000000E1
8.282748302E0,2.575000000E1
8.285372302E0,2.575000000E1
8.287997302E0,2.575000000E1
8.290621302E0,2.575000000E1
8.293246302E0,2.575000000E1
8.295870302E0,2.575000000E1
8.298495302E0,2.575000000E1
8.301119302E0,2.575000000E1
8.303744302E0,2.575000000E1
8.306368302E0,2.575000000E1
8.308993302E0,2.575000000E1
8.311617302E0,2.575000000E1
8.314242302E0,2.575000000E1
8.316866302E0,2.575000000E1
8.319491302E0,2.575000000E1
8.322116302E0,2.575000000E1
8.324740302E0,2.575000000E1
8.327365302E0,2.575000000E1
8.329989302E0,2.575000000E1
8.332614302E0,2.575000000E1
8.335238302E0,2.575000000E1
8.337863302E0,2.575000000E1
8.340487302E0,2.575000000E1
8.343112302E0,2.575000000E1
8.345736302E0,2.575000000E1
8.348361302E0,2.575000000E1
8.350985302E0,2.575000000E1
8.353610302E0,2.575000000E1
8.356234302E0,2.575000000E1
8.358859302E0,2.575000000E1
8.361483302E0,2.575000000E1
8.364108302E0,2.575000000E1
8.366732302E0,2.575000000E1
8.369357302E0,2.575000000E1
8.371981302E0,2.575000000E1
8.374606302E0,2.575000000E1
8.377230302E0,2.575000000E1
8.379855302E0,2.575000000E1
8.382479302E0,2.575000000E1
8.385104302E0,2.575000000E1
8.387728302E0,2.575000000E1
8.390353302E0,2.575000000E1
8.392977302E0,2.575000000E1
8.395602302E0,2.575000000E1
8.398226302E0,2.575000000E1
8.400851302E0,2.575000000E1
8.403475302E0,2.575000000E1
8.406100302E0,2.575000000E1
8.408724302E0,2.575000000E1
8.411349302E0,2.575000000E1
8.413973302E0,2.575000000E1
8.416598302E0,2.575000000E1
8.419222302E0,2.575000000E1
8.421847302E0,2.575000000E1
8.424471302E0,2.575000000E1
8.427096302E0,2.575000000E1
8.429720302E0,1.937500000E1
8.432345302E0,1.937500000E1
8.434970302E0,1.937500000E1
8.437594302E0,1.937500000E1
8.440219302E0,1.937500000E1
8.442843302E0,1.937500000E1
8.445468302E0,1.937500000E1
8.448092302E0,1.937500000E1
8.450717302E0,1.937500000E1
8.453341302E0,1.937500000E1
8.458590302E0,2.575000000E1
8.461215302E0,2.575000000E1
8.463839302E0,2.575000000E1
8.466464302E0,2.575000000E1
8.469088302E0,2.575000000E1
8.471713302E0,2.575000000E1
8.474337302E0,2.575000000E1
8.476962302E0,2.575000000E1
8.479586302E0,2.575000000E1
8.482211302E0,1.937500000E1
8.484835302E0,1.937500000E1
8.487460302E0,1.937500000E1
8.490084302E0,1.937500000E1
8.492709302E0,1.937500000E1
8.495333302E0,1.937500000E1
8.497958302E0,1.937500000E1
8.500582302E0,1.937500000E1
8.503207302E0,1.937500000E1
8.508456302E0,2.575000000E1
8.511080302E0,2.575000000E1
8.513705302E0,2.575000000E1
8.516329302E0,2.575000000E1
8.518954302E0,2.575000000E1
8.521578302E0,2.575000000E1
8.524203302E0,2.575000000E1
8.526827302E0,2.575000000E1
8.529452302E0,2.575000000E1
8.532076302E0,2.575000000E1
8.534701302E0,2.575000000E1
8.537325302E0,2.575000000E1
8.539950302E0,2.575000000E1
8.542574302E0,2.575000000E1
8.545199302E0,2.575000000E1
8.547824302E0,2.575000000E1
8.550448302E0,2.575000000E1
8.553073302E0,2.575000000E1
8.555697302E0,1.937500000E1
8.558322302E0,1.937500000E1
8.560946302E0,1.937500000E1
8.563571302E0,1.937500000E1
8.566195302E0,1.937500000E1
8.568820302E0,1.937500000E1
8.571444302E0,1.937500000E1
8.574069302E0,1.937500000E1
8.576693302E0,1.937500000E1
8.579318302E0,1.937500000E1
8.581942302E0,1.937500000E1
8.584567302E0,1.937500000E1
8.587191302E0,1.937500000E1
8.589816302E0,1.937500000E1
8.592440302E0,1.937500000E1
8.595065302E0,1.937500000E1
8.597689302E0,1.937500000E1
8.600314302E0,1.937500000E1
8.602938302E0,1.937500000E1
8.605563302E0,1.937500000E1
8.610812302E0,2.575000000E1
8.613436302E0,2.575000000E1
8.616061302E0,2.575000000E1
8.618685302E0,2.575000000E1
8.621310302E0,2.575000000E1
8.623934302E0,2.575000000E1
8.626559302E0,2.575000000E1
8.629183302E0,2.575000000E1
8.631808302E0,2.575000000E1
8.634432302E0,1.937500000E1
8.637057302E0,1.937500000E1
8.639681302E0,1.937500000E1
8.642306302E0,1.937500000E1
8.644930302E0,1.937500000E1
8.647555302E0,1.937500000E1
8.650179302E0,1.937500000E1
8.652804302E0,1.937500000E1
8.655429302E0,1.937500000E1
8.658053302E0,1.937500000E1
8.663302302E0,2.575000000E1
8.665927302E0,2.575000000E1
8.668551302E0,2.575000000E1
8.671176302E0,2.575000000E1
8.673800302E0,2.575000000E1
8.676425302E0,2.575000000E1
8.679049302E0,2.575000000E1
8.681674302E0,2.575000000E1
8.684298302E0,2.575000000E1
8.686923302E0,2.575000000E1
8.689547302E0,2.575000000E1
8.692172302E0,2.575000000E1
8.694796302E0,2.575000000E1
8.697421302E0,2.575000000E1
8.700045302E0,2.575000000E1
8.702670302E0,2.575000000E1
8.705294302E0,2.575000000E1
8.707919302E0,2.575000000E1
8.710543302E0,1.937500000E1
8.713168302E0,1.937500000E1
8.715792302E0,1.937500000E1
8.718417302E0,1.937500000E1
8.721041302E0,1.937500000E1
8.723666302E0,1.937500000E1
8.726290302E0,1.937500000E1
8.728915302E0,1.937500000E1
8.731539302E0,1.937500000E1
8.736788302E0,2.575000000E1
8.739413302E0,2.575000000E1
8.742037302E0,2.575000000E1
8.744662302E0,2.575000000E1
8.747286302E0,2.575000000E1
8.749911302E0,2.575000000E1
8.752535302E0,2.575000000E1
8.755160302E0,2.575000000E1
8.757784302E0,2.575000000E1
8.760409302E0,1.937500000E1
8.763033302E0,1.937500000E1
8.765658302E0,1.937500000E1
8.768283302E0,1.937500000E1
8.770907302E0,1.937500000E1
8.773532302E0,1.937500000E1
8.776156302E0,1.937500000E1
8.778781302E0,1.937500000E1
8.781405302E0,1.937500000E1
8.784030302E0,1.937500000E1
8.789279302E0,2.575000000E1
8.791903302E0,2.575000000E1
8.794528302E0,2.575000000E1
8.797152302E0,2.575000000E1
8.799777302E0,2.575000000E1
8.802401302E0,2.575000000E1
8.805026302E0,2.575000000E1
8.807650302E0,2.575000000E1
8.810275302E0,2.575000000E1
8.812899302E0,2.575000000E1
8.815524302E0,2.575000000E1
8.818148302E0,2.575000000E1
8.820773302E0,2.575000000E1
8.823397302E0,2.575000000E1
8.826022302E0,2.575000000E1
8.828646302E0,2.575000000E1
8.831271302E0,2.575000000E1
8.833895302E0,2.575000000E1
8.836520302E0,2.575000000E1
8.839144302E0,2.575000000E1
8.841769302E0,2.575000000E1
8.844393302E0,2.575000000E1
8.847018302E0,2.575000000E1
8.849642302E0,2.575000000E1
8.852267302E0,2.575000000E1
8.854891302E0,2.575000000E1
8.857516302E0,2.575000000E1
8.860140302E0,2.575000000E1
8.862765302E0,1.937500000E1
8.865389302E0,1.937500000E1
8.868014302E0,1.937500000E1
8.870638302E0,1.937500000E1
8.873263302E0,1.937500000E1
8.875887302E0,1.937500000E1
8.878512302E0,1.937500000E1
8.881137302E0,1.937500000E1
8.883761302E0,1.937500000E1
8.886386302E0,1.937500000E1
8.891635302E0,2.575000000E1
8.894259302E0,2.575000000E1
8.896884302E0,2.575000000E1
8.899508302E0,2.575000000E1
8.902133302E0,2.575000000E1
8.904757302E0,2.575000000E1
8.907382302E0,2.575000000E1
8.910006302E0,2.575000000E1
8.912631302E0,2.575000000E1
8.915255302E0,2.575000000E1
8.917880302E0,2.575000000E1
8.920504302E0,2.575000000E1
8.923129302E0,2.575000000E1
8.925753302E0,2.575000000E1
8.928378302E0,2.575000000E1
8.931002302E0,2.575000000E1
8.933627302E0,2.575000000E1
8.936251302E0,2.575000000E1
8.938876302E0,1.937500000E1
8.941500302E0,1.937500000E1
8.944125302E0,1.937500000E1
8.946749302E0,1.937500000E1
8.949374302E0,1.937500000E1
8.951998302E0,1.937500000E1
8.954623302E0,1.937500000E1
8.957247302E0,1.937500000E1
8.959872302E0,1.937500000E1
8.962496302E0,1.937500000E1
8.965121302E0,1.937500000E1
8.967745302E0,1.937500000E1
8.970370302E0,1.937500000E1
8.972994302E0,1.937500000E1
8.975619302E0,1.937500000E1
8.978243302E0,1.937500000E1
8.980868302E0,1.937500000E1
8.983492302E0,1.937500000E1
8.986117302E0,1.937500000E1
8.988741302E0,1.937500000E1
8.993991302E0,2.575000000E1
8.996615302E0,2.575000000E1
8.999240302E0,2.575000000E1
9.001864302E0,2.575000000E1
9.004489302E0,2.575000000E1
9.007113302E0,2.575000000E1
9.009738302E0,2.575000000E1
9.012362302E0,2.575000000E1
9.014987302E0,2.575000000E1
9.017611302E0,2.575000000E1
9.020236302E0,2.575000000E1
9.022860302E0,2.575000000E1
9.025485302E0,2.575000000E1
9.028109302E0,2.575000000E1
9.030734302E0,2.575000000E1
9.033358302E0,2.575000000E1
9.035983302E0,2.575000000E1
9.038607302E0,2.575000000E1
9.041232302E0,2.575000000E1
9.043856302E0,2.575000000E1
9.046481302E0,2.575000000E1
9.049105302E0,2.575000000E1
9.051730302E0,2.575000000E1
9.054354302E0,2.575000000E1
9.056979302E0,2.575000000E1
9.059603302E0,2.575000000E1
9.062228302E0,2.575000000E1
9.064852302E0,2.575000000E1
9.067477302E0,2.575000000E1
9.070101302E0,2.575000000E1
9.072726302E0,2.575000000E1
9.075350302E0,2.575000000E1
9.077975302E0,2.575000000E1
9.080599302E0,2.575000000E1
9.083224302E0,2.575000000E1
9.085848302E0,2.575000000E1
9.088473302E0,2.575000000E1
9.091097302E0,1.937500000E1
9.093722302E0,1.937500000E1
9.096346302E0,1.937500000E1
9.098971302E0,1.937500000E1
9.101595302E0,1.937500000E1
9.104220302E0,1.937500000E1
9.106845302E0,1.937500000E1
9.109469302E0,1.937500000E1
9.112094302E0,1.937500000E1
9.114718302E0,1.937500000E1
9.119967302E0,2.575000000E1
9.122592302E0,2.575000000E1
9.125216302E0,2.575000000E1
9.127841302E0,2.575000000E1
9.130465302E0,2.575000000E1
9.133090302E0,2.575000000E1
9.135714302E0,2.575000000E1
9.138339302E0,2.575000000E1
9.140963302E0,2.575000000E1
9.143588302E0,1.937500000E1
9.146212302E0,1.937500000E1
9.148837302E0,1.937500000E1
9.151461302E0,1.937500000E1
9.154086302E0,1.937500000E1
9.156710302E0,1.937500000E1
9.159335302E0,1.937500000E1
9.161959302E0,1.937500000E1
9.164584302E0,1.937500000E1
9.169833302E0,2.575000000E1
9.172457302E0,2.575000000E1
9.175082302E0,2.575000000E1
9.177706302E0,2.575000000E1
9.180331302E0,2.575000000E1
9.182955302E0,2.575000000E1
9.185580302E0,2.575000000E1
9.188204302E0,2.575000000E1
9.190829302E0,2.575000000E1
9.193453302E0,1.937500000E1
9.196078302E0,1.937500000E1
9.198702302E0,1.937500000E1
9.201327302E0,1.937500000E1
9.203951302E0,1.937500000E1
9.206576302E0,1.937500000E1
9.209200302E0,1.937500000E1
9.211825302E0,1.937500000E1
9.214449302E0,1.937500000E1
9.219699302E0,2.575000000E1
9.222323302E0,2.575000000E1
9.224948302E0,2.575000000E1
9.227572302E0,2.575000000E1
9.230197302E0,2.575000000E1
9.232821302E0,2.575000000E1
9.235446302E0,2.575000000E1
9.238070302E0,2.575000000E1
9.240695302E0,2.575000000E1
9.243319302E0,2.575000000E1
9.245944302E0,1.937500000E1
9.248568302E0,1.937500000E1
9.251193302E0,1.937500000E1
9.253817302E0,1.937500000E1
9.256442302E0,1.937500000E1
9.259066302E0,1.937500000E1
9.261691302E0,1.937500000E1
9.264315302E0,1.937500000E1
9.266940302E0,1.937500000E1
9.272189302E0,2.575000000E1
9.274813302E0,2.575000000E1
9.277438302E0,2.575000000E1
9.280062302E0,2.575000000E1
9.282687302E0,2.575000000E1
9.285311302E0,2.575000000E1
9.287936302E0,2.575000000E1
9.290560302E0,2.575000000E1
9.293185302E0,2.575000000E1
9.295809302E0,1.937500000E1
9.298434302E0,1.937500000E1
9.301058302E0,1.937500000E1
9.303683302E0,1.937500000E1
9.306307302E0,1.937500000E1
9.308932302E0,1.937500000E1
9.311556302E0,1.937500000E1
9.314181302E0,1.937500000E1
9.316805302E0,1.937500000E1
9.319430302E0,1.937500000E1
9.322054302E0,1.937500000E1
9.324679302E0,1.937500000E1
9.327304302E0,1.937500000E1
9.329928302E0,1.937500000E1
9.332553302E0,1.937500000E1
9.335177302E0,1.937500000E1
9.337802302E0,1.937500000E1
9.340426302E0,1.937500000E1
9.343051302E0,1.937500000E1
9.348300302E0,2.575000000E1
9.350924302E0,2.575000000E1
9.353549302E0,2.575000000E1
9.356173302E0,2.575000000E1
9.358798302E0,2.575000000E1
9.361422302E0,2.575000000E1
9.364047302E0,2.575000000E1
9.366671302E0,2.575000000E1
9.369296302E0,2.575000000E1
9.371920302E0,2.575000000E1
9.374545302E0,2.575000000E1
9.377169302E0,2.575000000E1
9.379794302E0,2.575000000E1
9.382418302E0,2.575000000E1
9.385043302E0,2.575000000E1
9.387667302E0,2.575000000E1
9.390292302E0,2.575000000E1
9.392916302E0,2.575000000E1
9.395541302E0,1.937500000E1
9.398165302E0,1.937500000E1
9.400790302E0,1.937500000E1
9.403414302E0,1.937500000E1
9.406039302E0,1.937500000E1
9.408663302E0,1.937500000E1
9.411288302E0,1.937500000E1
9.413912302E0,1.937500000E1
9.416537302E0,1.937500000E1
9.419161302E0,1.937500000E1
9.424410302E0,2.575000000E1
9.427035302E0,2.575000000E1
9.429659302E0,2.575000000E1
9.432284302E0,2.575000000E1
9.434908302E0,2.575000000E1
9.437533302E0,2.575000000E1
9.440158302E0,2.575000000E1
9.442782302E0,2.575000000E1
9.445407302E0,2.575000000E1
9.448031302E0,1.937500000E1
9.450656302E0,1.937500000E1
9.453280302E0,1.937500000E1
9.455905302E0,1.937500000E1
9.458529302E0,1.937500000E1
9.461154302E0,1.937500000E1
9.463778302E0,1.937500000E1
9.466403302E0,1.937500000E1
9.469027302E0,1.937500000E1
9.471652302E0,1.937500000E1
9.476901302E0,2.575000000E1
9.479525302E0,2.575000000E1
9.482150302E0,2.575000000E1
9.484774302E0,2.575000000E1
9.487399302E0,2.575000000E1
9.490023302E0,2.575000000E1
9.492648302E0,2.575000000E1
9.495272302E0,2.575000000E1
9.497897302E0,2.575000000E1
9.500521302E0,2.575000000E1
9.503146302E0,2.575000000E1
9.505770302E0,2.575000000E1
9.508395302E0,2.575000000E1
9.511019302E0,2.575000000E1
9.513644302E0,2.575000000E1
9.516268302E0,2.575000000E1
9.518893302E0,2.575000000E1
9.521517302E0,2.575000000E1
9.524142302E0,1.937500000E1
9.526766302E0,1.937500000E1
9.529391302E0,1.937500000E1
9.532015302E0,1.937500000E1
9.534640302E0,1.937500000E1
9.537264302E0,1.937500000E1
9.539889302E0,1.937500000E1
9.542513302E0,1.937500000E1
9.545138302E0,1.937500000E1
9.547762302E0,1.937500000E1
9.553012302E0,2.575000000E1
9.555636302E0,2.575000000E1
9.558261302E0,2.575000000E1
9.560885302E0,2.575000000E1
9.563510302E0,2.575000000E1
9.566134302E0,2.575000000E1
9.568759302E0,2.575000000E1
9.571383302E0,2.575000000E1
9.574008302E0,2.575000000E1
9.576632302E0,2.575000000E1
9.579257302E0,2.575000000E1
9.581881302E0,2.575000000E1
9.584506302E0,2.575000000E1
9.587130302E0,2.575000000E1
9.589755302E0,2.575000000E1
9.592379302E0,2.575000000E1
9.595004302E0,2.575000000E1
9.597628302E0,2.575000000E1
9.600253302E0,2.575000000E1
9.602877302E0,2.575000000E1
9.605502302E0,2.575000000E1
9.608126302E0,2.575000000E1
9.610751302E0,2.575000000E1
9.613375302E0,2.575000000E1
9.616000302E0,2.575000000E1
9.618624302E0,2.575000000E1
9.621249302E0,2.575000000E1
9.623873302E0,2.575000000E1
9.626498302E0,2.575000000E1
9.629122302E0,2.575000000E1
9.631747302E0,2.575000000E1
9.634371302E0,2.575000000E1
9.636996302E0,2.575000000E1
9.639620302E0,2.575000000E1
9.642245302E0,2.575000000E1
9.644869302E0,2.575000000E1
9.647494302E0,2.575000000E1
9.650118302E0,2.575000000E1
9.652743302E0,2.575000000E1
9.655367302E0,2.575000000E1
9.657992302E0,2.575000000E1
9.660616302E0,2.575000000E1
9.663241302E0,2.575000000E1
9.665866302E0,2.575000000E1
9.668490302E0,2.575000000E1
9.671115302E0,2.575000000E1
9.673739302E0,2.575000000E1
9.676364302E0,2.575000000E1
9.678988302E0,2.575000000E1
9.681613302E0,2.575000000E1
9.684237302E0,2.575000000E1
9.686862302E0,2.575000000E1
9.689486302E0,2.575000000E1
9.692111302E0,2.575000000E1
9.694735302E0,2.575000000E1
9.697360302E0,2.575000000E1
9.699984302E0,2.575000000E1
9.702609302E0,2.575000000E1
9.705233302E0,2.575000000E1
9.707858302E0,2.575000000E1
9.710482302E0,2.575000000E1
9.713107302E0,2.575000000E1
9.715731302E0,2.575000000E1
9.718356302E0,2.575000000E1
9.720980302E0,2.575000000E1
9.723605302E0,2.575000000E1
9.726229302E0,2.575000000E1
9.728854302E0,1.937500000E1
9.731478302E0,1.937500000E1
9.734103302E0,1.937500000E1
9.736727302E0,1.937500000E1
9.739352302E0,1.937500000E1
9.741976302E0,1.937500000E1
9.744601302E0,1.937500000E1
9.747225302E0,1.937500000E1
9.749850302E0,1.937500000E1
9.755099302E0,2.575000000E1
9.757723302E0,2.575000000E1
9.760348302E0,2.575000000E1
9.762972302E0,2.575000000E1
9.765597302E0,2.575000000E1
9.768221302E0,2.575000000E1
9.770846302E0,2.575000000E1
9.773470302E0,2.575000000E1
9.776095302E0,2.575000000E1
9.778720302E0,1.937500000E1
9.781344302E0,1.937500000E1
9.783969302E0,1.937500000E1
9.786593302E0,1.937500000E1
9.789218302E0,1.937500000E1
9.791842302E0,1.937500000E1
9.794467302E0,1.937500000E1
9.797091302E0,1.937500000E1
9.799716302E0,1.937500000E1
9.802340302E0,1.937500000E1
9.807589302E0,2.575000000E1
9.810214302E0,2.575000000E1
9.812838302E0,2.575000000E1
9.815463302E0,2.575000000E1
9.818087302E0,2.575000000E1
9.820712302E0,2.575000000E1
9.823336302E0,2.575000000E1
9.825961302E0,2.575000000E1
9.828585302E0,2.575000000E1
9.831210302E0,1.937500000E1
9.833834302E0,1.937500000E1
9.836459302E0,1.937500000E1
9.839083302E0,1.937500000E1
9.841708302E0,1.937500000E1
9.844332302E0,1.937500000E1
9.846957302E0,1.937500000E1
9.849581302E0,1.937500000E1
9.852206302E0,1.937500000E1
9.857455302E0,2.575000000E1
9.860079302E0,2.575000000E1
9.862704302E0,2.575000000E1
9.865328302E0,2.575000000E1
9.867953302E0,2.575000000E1
9.870577302E0,2.575000000E1
9.873202302E0,2.575000000E1
9.875826302E0,2.575000000E1
9.878451302E0,2.575000000E1
9.881075302E0,2.575000000E1
9.883700302E0,2.575000000E1
9.886324302E0,2.575000000E1
9.888949302E0,2.575000000E1
9.891574302E0,2.575000000E1
9.894198302E0,2.575000000E1
9.896823302E0,2.575000000E1
9.899447302E0,2.575000000E1
9.902072302E0,2.575000000E1
9.904696302E0,2.575000000E1
9.907321302E0,2.575000000E1
9.909945302E0,2.575000000E1
9.912570302E0,2.575000000E1
9.915194302E0,2.575000000E1
9.917819302E0,2.575000000E1
9.920443302E0,2.575000000E1
9.923068302E0,2.575000000E1
9.925692302E0,2.575000000E1
9.928317302E0,2.575000000E1
9.930941302E0,1.937500000E1
9.933566302E0,1.937500000E1
9.936190302E0,1.937500000E1
9.938815302E0,1.937500000E1
9.941439302E0,1.937500000E1
9.944064302E0,1.937500000E1
9.946688302E0,1.937500000E1
9.949313302E0,1.937500000E1
9.951937302E0,1.937500000E1
9.954562302E0,1.937500000E1
9.959811302E0,2.575000000E1
9.962435302E0,2.575000000E1
9.965060302E0,2.575000000E1
9.967684302E0,2.575000000E1
9.970309302E0,2.575000000E1
9.972933302E0,2.575000000E1
9.975558302E0,2.575000000E1
9.978182302E0,2.575000000E1
9.980807302E0,2.575000000E1
9.983431302E0,1.937500000E1
9.986056302E0,1.937500000E1
9.988680302E0,1.937500000E1
9.991305302E0,1.937500000E1
9.993929302E0,1.937500000E1
9.996554302E0,1.937500000E1
9.999179302E0,1.937500000E1
1.000180330E1,1.937500000E1
1.000442830E1,1.937500000E1
1.000705230E1,1.937500000E1
1.000967730E1,1.937500000E1
1.001230130E1,1.937500000E1
1.001492630E1,1.937500000E1
1.001755030E1,1.937500000E1
1.002017530E1,1.937500000E1
1.002279930E1,1.937500000E1
1.002542430E1,1.937500000E1
1.002804830E1,1.937500000E1
1.003067330E1,1.937500000E1
1.003592230E1,2.575000000E1
1.003854630E1,2.575000000E1
1.004117130E1,2.575000000E1
1.004379530E1,2.575000000E1
1.004642030E1,2.575000000E1
1.004904430E1,2.575000000E1
1.005166930E1,2.575000000E1
1.005429330E1,2.575000000E1
1.005691830E1,2.575000000E1
1.005954230E1,2.575000000E1
1.006216730E1,2.575000000E1
1.006479130E1,2.575000000E1
1.006741630E1,2.575000000E1
1.007004030E1,2.575000000E1
1.007266530E1,2.575000000E1
1.007528930E1,2.575000000E1
1.007791430E1,2.575000000E1
1.008053830E1,2.575000000E1
1.008316330E1,2.575000000E1
1.008578730E1,1.937500000E1
1.008841230E1,1.937500000E1
1.009103630E1,1.937500000E1
1.009366130E1,1.937500000E1
1.009628530E1,1.937500000E1
1.009891030E1,1.937500000E1
1.010153430E1,1.937500000E1
1.010415930E1,1.937500000E1
1.010678330E1,1.937500000E1
1.011203330E1,2.575000000E1
1.011465730E1,2.575000000E1
1.011728230E1,2.575000000E1
1.011990630E1,2.575000000E1
1.012253130E1,2.575000000E1
1.012515530E1,2.575000000E1
1.012778030E1,2.575000000E1
1.013040430E1,2.575000000E1
1.013302930E1,2.575000000E1
1.013565330E1,2.575000000E1
1.013827830E1,2.575000000E1
1.014090230E1,2.575000000E1
1.014352730E1,2.575000000E1
1.014615130E1,2.575000000E1
1.014877630E1,2.575000000E1
1.015140030E1,2.575000000E1
1.015402530E1,2.575000000E1
1.015664930E1,2.575000000E1
1.015927430E1,2.575000000E1
1.016189830E1,1.937500000E1
1.016452330E1,1.937500000E1
1.016714730E1,1.937500000E1
1.016977230E1,1.937500000E1
1.017239630E1,1.937500000E1
1.017502130E1,1.937500000E1
1.017764530E1,1.937500000E1
1.018027030E1,1.937500000E1
1.018289430E1,1.937500000E1
1.018551930E1,1.937500000E1
1.018814330E1,1.937500000E1
1.019076830E1,1.937500000E1
1.019339230E1,1.937500000E1
1.019601730E1,1.937500000E1
1.019864130E1,1.937500000E1
1.020126630E1,1.937500000E1
1.020389030E1,1.937500000E1
1.020651530E1,1.937500000E1
1.020913930E1,1.937500000E1
1.021438830E1,2.575000000E1
1.021701330E1,2.575000000E1
1.021963730E1,2.575000000E1
1.022226230E1,2.575000000E1
1.022488730E1,2.575000000E1
1.022751130E1,2.575000000E1
1.023013630E1,2.575000000E1
1.023276030E1,2.575000000E1
1.023538530E1,2.575000000E1
1.023800930E1,2.575000000E1
1.024063430E1,2.575000000E1
1.024325830E1,2.575000000E1
1.024588330E1,2.575000000E1
1.024850730E1,2.575000000E1
1.025113230E1,2.575000000E1
1.025375630E1,2.575000000E1
1.025638130E1,2.575000000E1
1.025900530E1,2.575000000E1
1.026163030E1,1.937500000E1
1.026425430E1,1.937500000E1
1.026687930E1,1.937500000E1
1.026950330E1,1.937500000E1
1.027212830E1,1.937500000E1
1.027475230E1,1.937500000E1
1.027737730E1,1.937500000E1
1.028000130E1,1.937500000E1
1.028262630E1,1.937500000E1
1.028525030E1,1.937500000E1
1.029049930E1,2.575000000E1
1.029312430E1,2.575000000E1
1.029574830E1,2.575000000E1
1.029837330E1,2.575000000E1
1.030099730E1,2.575000000E1
1.030362230E1,2.575000000E1
1.030624630E1,2.575000000E1
1.030887130E1,2.575000000E1
1.031149530E1,2.575000000E1
1.031412030E1,2.575000000E1
1.031674430E1,2.575000000E1
1.031936930E1,2.575000000E1
1.032199330E1,2.575000000E1
1.032461830E1,2.575000000E1
1.032724230E1,2.575000000E1
1.032986730E1,2.575000000E1
1.033249130E1,2.575000000E1
1.033511630E1,2.575000000E1
1.033774130E1,2.575000000E1
1.034036530E1,2.575000000E1
1.034299030E1,2.575000000E1
1.034561430E1,2.575000000E1
1.034823930E1,2.575000000E1
1.035086330E1,2.575000000E1
1.035348830E1,2.575000000E1
1.035611230E1,2.575000000E1
1.035873730E1,2.575000000E1
1.036136130E1,2.575000000E1
1.036398630E1,2.575000000E1
1.036661030E1,2.575000000E1
1.036923530E1,2.575000000E1
1.037185930E1,2.575000000E1
1.037448430E1,2.575000000E1
1.037710830E1,2.575000000E1
1.037973330E1,2.575000000E1
1.038235730E1,2.575000000E1
1.038498230E1,2.575000000E1
1.038760630E1,2.575000000E1
1.039023130E1,2.575000000E1
1.039285530E1,2.575000000E1
1.039548030E1,2.575000000E1
1.039810430E1,2.575000000E1
1.040072930E1,2.575000000E1
1.040335330E1,2.575000000E1
1.040597830E1,2.575000000E1
1.040860230E1,2.575000000E1
1.041122730E1,2.575000000E1
1.041385130E1,1.937500000E1
1.041647630E1,1.937500000E1
1.041910030E1,1.937500000E1
1.042172530E1,1.937500000E1
1.042434930E1,1.937500000E1
1.042697430E1,1.937500000E1
1.042959830E1,1.937500000E1
1.043222330E1,1.937500000E1
1.043484730E1,1.937500000E1
1.043747230E1,1.937500000E1
1.044272130E1,2.575000000E1
1.044534530E1,2.575000000E1
1.044797030E1,2.575000000E1
1.045059530E1,2.575000000E1
1.045321930E1,2.575000000E1
1.045584430E1,2.575000000E1
1.045846830E1,2.575000000E1
1.046109330E1,2.575000000E1
1.046371730E1,2.575000000E1
1.046634230E1,2.575000000E1
1.046896630E1,2.575000000E1
1.047159130E1,2.575000000E1
1.047421530E1,2.575000000E1
1.047684030E1,2.575000000E1
1.047946430E1,2.575000000E1
1.048208930E1,2.575000000E1
1.048471330E1,2.575000000E1
1.048733830E1,2.575000000E1
1.048996230E1,2.575000000E1
1.049258730E1,1.937500000E1
1.049521130E1,1.937500000E1
1.049783630E1,1.937500000E1
1.050046030E1,1.937500000E1
1.050308530E1,1.937500000E1
1.050570930E1,1.937500000E1
1.050833430E1,1.937500000E1
1.051095830E1,1.937500000E1
1.051358330E1,1.937500000E1
1.051883230E1,2.575000000E1
1.052145630E1,2.575000000E1
1.052408130E1,2.575000000E1
1.052670530E1,2.575000000E1
1.052933030E1,2.575000000E1
1.053195430E1,2.575000000E1
1.053457930E1,2.575000000E1
1.053720330E1,2.575000000E1
1.053982830E1,2.575000000E1
1.054245230E1,1.937500000E1
1.054507730E1,1.937500000E1
1.054770130E1,1.937500000E1
1.055032630E1,1.937500000E1
1.055295030E1,1.937500000E1
1.055557530E1,1.937500000E1
1.055819930E1,1.937500000E1
1.056082430E1,1.937500000E1
1.056344930E1,1.937500000E1
1.056607330E1,1.937500000E1
1.057132230E1,2.575000000E1
1.057394730E1,2.575000000E1
1.057657130E1,2.575000000E1
1.057919630E1,2.575000000E1
1.058182030E1,2.575000000E1
1.058444530E1,2.575000000E1
1.058706930E1,2.575000000E1
1.058969430E1,2.575000000E1
1.059231830E1,1.937500000E1
1.059494330E1,1.937500000E1
1.059756730E1,1.937500000E1
1.060019230E1,1.937500000E1
1.060281630E1,1.937500000E1
1.060544130E1,1.937500000E1
1.060806530E1,1.937500000E1
1.061069030E1,1.937500000E1
1.061331430E1,1.937500000E1
1.061593930E1,1.937500000E1
1.062118830E1,2.575000000E1
1.062381230E1,2.575000000E1
1.062643730E1,2.575000000E1
1.062906130E1,2.575000000E1
1.063168630E1,2.575000000E1
1.063431030E1,2.575000000E1
1.063693530E1,2.575000000E1
1.063955930E1,2.575000000E1
1.064218430E1,2.575000000E1
1.064480830E1,1.937500000E1
1.064743330E1,1.937500000E1
1.065005730E1,1.937500000E1
1.065268230E1,1.937500000E1
1.065530630E1,1.937500000E1
1.065793130E1,1.937500000E1
1.066055530E1,1.937500000E1
1.066318030E1,1.937500000E1
1.066580430E1,1.937500000E1
1.066842930E1,1.937500000E1
1.067105430E1,1.937500000E1
1.067367830E1,1.937500000E1
1.067630330E1,1.937500000E1
1.067892730E1,1.937500000E1
1.068155230E1,1.937500000E1
1.068417630E1,1.937500000E1
1.068680130E1,1.937500000E1
1.068942530E1,1.937500000E1
1.069205030E1,1.937500000E1
1.069729930E1,2.575000000E1
1.069992330E1,2.575000000E1
1.070254830E1,2.575000000E1
1.070517230E1,2.575000000E1
1.070779730E1,2.575000000E1
1.071042130E1,2.575000000E1
1.071304630E1,2.575000000E1
1.071567030E1,2.575000000E1
1.071829530E1,2.575000000E1
1.072091930E1,1.937500000E1
1.072354430E1,1.937500000E1
1.072616830E1,1.937500000E1
1.072879330E1,1.937500000E1
1.073141730E1,1.937500000E1
1.073404230E1,1.937500000E1
1.073666630E1,1.937500000E1
1.073929130E1,1.937500000E1
1.074191530E1,1.937500000E1
1.074454030E1,1.937500000E1
1.074716430E1,1.937500000E1
1.074978930E1,1.937500000E1
1.075241330E1,1.937500000E1
1.075503830E1,1.937500000E1
1.075766230E1,1.937500000E1
1.076028730E1,1.937500000E1
1.076291130E1,1.937500000E1
1.076553630E1,1.937500000E1
1.076816030E1,1.937500000E1
1.077340930E1,2.575000000E1
1.077603430E1,2.575000000E1
1.077865830E1,2.575000000E1
1.078128330E1,2.575000000E1
1.078390830E1,2.575000000E1
1.078653230E1,2.575000000E1
1.078915730E1,2.575000000E1
1.079178130E1,2.575000000E1
1.079440630E1,2.575000000E1
1.079703030E1,1.937500000E1
1.079965530E1,1.937500000E1
1.080227930E1,1.937500000E1
1.080490430E1,1.937500000E1
1.080752830E1,1.937500000E1
1.081015330E1,1.937500000E1
1.081277730E1,1.937500000E1
1.081540230E1,1.937500000E1
1.081802630E1,1.937500000E1
1.082065130E1,1.937500000E1
1.082590030E1,2.575000000E1
1.082852430E1,2.575000000E1
1.083114930E1,2.575000000E1
1.083377330E1,2.575000000E1
1.083639830E1,2.575000000E1
1.083902230E1,2.575000000E1
1.084164730E1,2.575000000E1
1.084427130E1,2.575000000E1
1.084689630E1,2.575000000E1
1.084952030E1,1.937500000E1
1.085214530E1,1.937500000E1
1.085476930E1,1.937500000E1
1.085739430E1,1.937500000E1
1.086001830E1,1.937500000E1
1.086264330E1,1.937500000E1
1.086526730E1,1.937500000E1
1.086789230E1,1.937500000E1
1.087051630E1,1.937500000E1
1.087576530E1,2.575000000E1
1.087839030E1,2.575000000E1
1.088101430E1,2.575000000E1
1.088363930E1,2.575000000E1
1.088626330E1,2.575000000E1
1.088888830E1,2.575000000E1
1.089151230E1,2.575000000E1
1.089413730E1,2.575000000E1
1.089676230E1,2.575000000E1
1.089938630E1,2.575000000E1
1.090201130E1,2.575000000E1
1.090463530E1,2.575000000E1
1.090726030E1,2.575000000E1
1.090988430E1,2.575000000E1
1.091250930E1,2.575000000E1
1.091513330E1,2.575000000E1
1.091775830E1,2.575000000E1
1.092038230E1,2.575000000E1
1.092300730E1,2.575000000E1
1.092563130E1,1.937500000E1
1.092825630E1,1.937500000E1
1.093088030E1,1.937500000E1
1.093350530E1,1.937500000E1
1.093612930E1,1.937500000E1
1.093875430E1,1.937500000E1
1.094137830E1,1.937500000E1
1.094400330E1,1.937500000E1
1.094662730E1,1.937500000E1
1.095187630E1,2.575000000E1
1.095450130E1,2.575000000E1
1.095712530E1,2.575000000E1
1.095975030E1,2.575000000E1
1.096237430E1,2.575000000E1
1.096499930E1,2.575000000E1
1.096762330E1,2.575000000E1
1.097024830E1,2.575000000E1
1.097287230E1,2.575000000E1
1.097549730E1,1.937500000E1
1.097812130E1,1.937500000E1
1.098074630E1,1.937500000E1
1.098337030E1,1.937500000E1
1.098599530E1,1.937500000E1
1.098861930E1,1.937500000E1
1.099124430E1,1.937500000E1
1.099386830E1,1.937500000E1
1.099649330E1,1.937500000E1
1.099911730E1,1.937500000E1
1.100174230E1,1.937500000E1
1.100436630E1,1.937500000E1
1.100699130E1,1.937500000E1
1.100961630E1,1.937500000E1
1.101224030E1,1.937500000E1
1.101486530E1,1.937500000E1
1.101748930E1,1.937500000E1
1.102011430E1,1.937500000E1
1.102273830E1,1.937500000E1
1.102798730E1,2.575000000E1
1.103061230E1,2.575000000E1
1.103323630E1,2.575000000E1
1.103586130E1,2.575000000E1
1.103848530E1,2.575000000E1
1.104111030E1,2.575000000E1
1.104373430E1,2.575000000E1
1.104635930E1,2.575000000E1
1.104898330E1,2.575000000E1
1.105160830E1,2.575000000E1
1.105423230E1,2.575000000E1
1.105685730E1,2.575000000E1
1.105948130E1,2.575000000E1
1.106210630E1,2.575000000E1
1.106473030E1,2.575000000E1
1.106735530E1,2.575000000E1
1.106997930E1,2.575000000E1
1.107260430E1,2.575000000E1
1.107522830E1,2.575000000E1
1.107785330E1,1.937500000E1
1.108047730E1,1.937500000E1
1.108310230E1,1.937500000E1
1.108572630E1,1.937500000E1
1.108835130E1,1.937500000E1
1.109097530E1,1.937500000E1
1.109360030E1,1.937500000E1
1.109622430E1,1.937500000E1
1.109884930E1,1.937500000E1
1.110147330E1,1.937500000E1
1.110672230E1,2.575000000E1
1.110934730E1,2.575000000E1
1.111197130E1,2.575000000E1
1.111459630E1,2.575000000E1
1.111722030E1,2.575000000E1
1.111984530E1,2.575000000E1
1.112247030E1,2.575000000E1
1.112509430E1,2.575000000E1
1.112771930E1,1.937500000E1
1.113034330E1,1.937500000E1
1.113296830E1,1.937500000E1
1.113559230E1,1.937500000E1
1.113821730E1,1.937500000E1
1.114084130E1,1.937500000E1
1.114346630E1,1.937500000E1
1.114609030E1,1.937500000E1
1.114871530E1,1.937500000E1
1.115133930E1,1.937500000E1
1.115658830E1,2.575000000E1
1.115921330E1,2.575000000E1
1.116183730E1,2.575000000E1
1.116446230E1,2.575000000E1
1.116708630E1,2.575000000E1
1.116971130E1,2.575000000E1
1.117233530E1,2.575000000E1
1.117496030E1,2.575000000E1
1.117758430E1,2.575000000E1
1.118020930E1,1.937500000E1
1.118283330E1,1.937500000E1
1.118545830E1,1.937500000E1
1.118808230E1,1.937500000E1
1.119070730E1,1.937500000E1
1.119333130E1,1.937500000E1
1.119595630E1,1.937500000E1
1.119858030E1,1.937500000E1
1.120120530E1,1.937500000E1
1.120645430E1,2.575000000E1
1.120907830E1,2.575000000E1
1.121170330E1,2.575000000E1
1.121432730E1,2.575000000E1
1.121695230E1,2.575000000E1
1.121957630E1,2.575000000E1
1.122220130E1,2.575000000E1
1.122482530E1,2.575000000E1
1.122745030E1,2.575000000E1
1.123007430E1,1.937500000E1
1.123269930E1,1.937500000E1
1.123532430E1,1.937500000E1
1.123794830E1,1.937500000E1
1.124057330E1,1.937500000E1
1.124319730E1,1.937500000E1
1.124582230E1,1.937500000E1
1.124844630E1,1.937500000E1
1.125107130E1,1.937500000E1
1.125632030E1,2.575000000E1
1.125894430E1,2.575000000E1
1.126156930E1,2.575000000E1
1.126419330E1,2.575000000E1
1.126681830E1,2.575000000E1
1.126944230E1,2.575000000E1
1.127206730E1,2.575000000E1
1.127469130E1,2.575000000E1
1.127731630E1,2.575000000E1
1.127994030E1,2.575000000E1
1.128256530E1,2.575000000E1
1.128518930E1,2.575000000E1
1.128781430E1,2.575000000E1
1.129043830E1,2.575000000E1
1.129306330E1,2.575000000E1
1.129568730E1,2.575000000E1
1.129831230E1,2.575000000E1
1.130093630E1,2.575000000E1
1.130356130E1,2.575000000E1
1.130618530E1,2.575000000E1
1.130881030E1,2.575000000E1
1.131143430E1,2.575000000E1
1.131405930E1,2.575000000E1
1.131668330E1,2.575000000E1
1.131930830E1,2.575000000E1
1.132193230E1,2.575000000E1
1.132455730E1,2.575000000E1
1.132718130E1,2.575000000E1
1.132980630E1,2.575000000E1
1.133243030E1,1.937500000E1
1.133505530E1,1.937500000E1
1.133767930E1,1.937500000E1
1.134030430E1,1.937500000E1
1.134292930E1,1.937500000E1
1.134555330E1,1.937500000E1
1.134817830E1,1.937500000E1
1.135080230E1,1.937500000E1
1.135342730E1,1.937500000E1
1.135605130E1,1.937500000E1
1.135867630E1,1.937500000E1
1.136130030E1,1.937500000E1
1.136392530E1,1.937500000E1
1.136654930E1,1.937500000E1
1.136917430E1,1.937500000E1
1.137179830E1,1.937500000E1
1.137442330E1,1.937500000E1
1.137704730E1,1.937500000E1
1.137967230E1,1.937500000E1
1.138229630E1,1.937500000E1
1.138492130E1,1.937500000E1
1.138754530E1,1.937500000E1
1.139017030E1,1.937500000E1
1.139279430E1,1.937500000E1
1.139541930E1,1.937500000E1
1.139804330E1,1.937500000E1
1.140066830E1,1.937500000E1
1.140329230E1,1.937500000E1
1.140591730E1,1.937500000E1
1.141116630E1,2.575000000E1
1.141379030E1,2.575000000E1
1.141641530E1,2.575000000E1
1.141903930E1,2.575000000E1
1.142166430E1,2.575000000E1
1.142428830E1,2.575000000E1
1.142691330E1,2.575000000E1
1.142953730E1,2.575000000E1
1.143216230E1,2.575000000E1
1.143478630E1,2.575000000E1
1.143741130E1,2.575000000E1
1.144003530E1,2.575000000E1
1.144266030E1,2.575000000E1
1.144528430E1,2.575000000E1
1.144790930E1,2.575000000E1
1.145053330E1,2.575000000E1
1.145315830E1,2.575000000E1
1.145578330E1,2.575000000E1
1.145840730E1,1.937500000E1
1.146103230E1,1.937500000E1
1.146365630E1,1.937500000E1
1.146628130E1,1.937500000E1
1.146890530E1,1.937500000E1
1.147153030E1,1.937500000E1
1.147415430E1,1.937500000E1
1.147677930E1,1.937500000E1
1.147940330E1,1.937500000E1
1.148202830E1,1.937500000E1
1.148727730E1,2.575000000E1
1.148990130E1,2.575000000E1
1.149252630E1,2.575000000E1
1.149515030E1,2.575000000E1
1.149777530E1,2.575000000E1
1.150039930E1,2.575000000E1
1.150302430E1,2.575000000E1
1.150564830E1,2.575000000E1
1.150827330E1,2.575000000E1
1.151089730E1,1.937500000E1
1.151352230E1,1.937500000E1
1.151614630E1,1.937500000E1
1.151877130E1,1.937500000E1
1.152139530E1,1.937500000E1
1.152402030E1,1.937500000E1
1.152664430E1,1.937500000E1
1.152926930E1,1.937500000E1
1.153189330E1,1.937500000E1
1.153714230E1,2.575000000E1
1.153976730E1,2.575000000E1
1.154239130E1,2.575000000E1
1.154501630E1,2.575000000E1
1.154764030E1,2.575000000E1
1.155026530E1,2.575000000E1
1.155288930E1,2.575000000E1
1.155551430E1,2.575000000E1
1.155813830E1,2.575000000E1
1.156076330E1,1.937500000E1
1.156338730E1,1.937500000E1
1.156601230E1,1.937500000E1
1.156863730E1,1.937500000E1
1.157126130E1,1.937500000E1
1.157388630E1,1.937500000E1
1.157651030E1,1.937500000E1
1.157913530E1,1.937500000E1
1.158175930E1,1.937500000E1
1.158438430E1,1.937500000E1
1.158700830E1,1.937500000E1
1.158963330E1,1.937500000E1
1.159225730E1,1.937500000E1
1.159488230E1,1.937500000E1
1.159750630E1,1.937500000E1
1.160013130E1,1.937500000E1
1.160275530E1,1.937500000E1
1.160538030E1,1.937500000E1
1.160800430E1,1.937500000E1
1.161062930E1,1.937500000E1
1.161325330E1,1.937500000E1
1.161587830E1,1.937500000E1
1.161850230E1,1.937500000E1
1.162112730E1,1.937500000E1
1.162375130E1,1.937500000E1
1.162637630E1,1.937500000E1
1.162900030E1,1.937500000E1
1.163162530E1,1.937500000E1
1.163424930E1,1.937500000E1
1.163949830E1,2.575000000E1
1.164212330E1,2.575000000E1
1.164474730E1,2.575000000E1
1.164737230E1,2.575000000E1
1.164999630E1,2.575000000E1
1.165262130E1,2.575000000E1
1.165524530E1,2.575000000E1
1.165787030E1,2.575000000E1
1.166049430E1,2.575000000E1
1.166311930E1,1.937500000E1
1.166574330E1,1.937500000E1
1.166836830E1,1.937500000E1
1.167099230E1,1.937500000E1
1.167361730E1,1.937500000E1
1.167624130E1,1.937500000E1
1.167886630E1,1.937500000E1
1.168149130E1,1.937500000E1
1.168411530E1,1.937500000E1
1.168674030E1,1.937500000E1
1.169198930E1,2.575000000E1
1.169461330E1,2.575000000E1
1.169723830E1,2.575000000E1
1.169986230E1,2.575000000E1
1.170248730E1,2.575000000E1
1.170511130E1,2.575000000E1
1.170773630E1,2.575000000E1
1.171036030E1,2.575000000E1
1.171298530E1,1.937500000E1
1.171560930E1,1.937500000E1
1.171823430E1,1.937500000E1
1.172085830E1,1.937500000E1
1.172348330E1,1.937500000E1
1.172610730E1,1.937500000E1
1.172873230E1,1.937500000E1
1.173135630E1,1.937500000E1
1.173398130E1,1.937500000E1
1.173660530E1,1.937500000E1
1.174185430E1,2.575000000E1
1.174447930E1,2.575000000E1
1.174710330E1,2.575000000E1
1.174972830E1,2.575000000E1
1.175235230E1,2.575000000E1
1.175497730E1,2.575000000E1
1.175760130E1,2.575000000E1
1.176022630E1,2.575000000E1
1.176285030E1,2.575000000E1
1.176547530E1,2.575000000E1
1.176809930E1,2.575000000E1
1.177072430E1,2.575000000E1
1.177334830E1,2.575000000E1
1.177597330E1,2.575000000E1
1.177859730E1,2.575000000E1
1.178122230E1,2.575000000E1
1.178384630E1,2.575000000E1
1.178647130E1,2.575000000E1
1.178909530E1,2.575000000E1
1.179172030E1,2.575000000E1
1.179434530E1,2.575000000E1
1.179696930E1,2.575000000E1
1.179959430E1,2.575000000E1
1.180221830E1,2.575000000E1
1.180484330E1,2.575000000E1
1.180746730E1,2.575000000E1
1.181009230E1,2.575000000E1
1.181271630E1,2.575000000E1
1.181534130E1,2.575000000E1
1.181796530E1,2.575000000E1
1.182059030E1,2.575000000E1
1.182321430E1,2.575000000E1
1.182583930E1,2.575000000E1
1.182846330E1,2.575000000E1
1.183108830E1,2.575000000E1
1.183371230E1,2.575000000E1
1.183633730E1,2.575000000E1
1.183896130E1,2.575000000E1
1.184158630E1,2.575000000E1
1.184421030E1,2.575000000E1
1.184683530E1,2.575000000E1
1.184945930E1,2.575000000E1
1.185208430E1,2.575000000E1
1.185470830E1,2.575000000E1
1.185733330E1,2.575000000E1
1.185995730E1,2.575000000E1
1.186258230E1,2.575000000E1
1.186520630E1,1.937500000E1
1.186783130E1,1.937500000E1
1.187045530E1,1.937500000E1
1.187308030E1,1.937500000E1
1.187570430E1,1.937500000E1
1.187832930E1,1.937500000E1
1.188095330E1,1.937500000E1
1.188357830E1,1.937500000E1
1.188620230E1,1.937500000E1
1.188882730E1,1.937500000E1
1.189145130E1,1.937500000E1
1.189407630E1,1.937500000E1
1.189670030E1,1.937500000E1
1.189932530E1,1.937500000E1
1.190194930E1,1.937500000E1
1.190457430E1,1.937500000E1
1.190719930E1,1.937500000E1
1.190982330E1,1.937500000E1
1.191244830E1,1.937500000E1
1.191507230E1,1.937500000E1
1.192032130E1,2.575000000E1
1.192294630E1,2.575000000E1
1.192557030E1,2.575000000E1
1.192819530E1,2.575000000E1
1.193081930E1,2.575000000E1
1.193344430E1,2.575000000E1
1.193606830E1,2.575000000E1
1.193869330E1,2.575000000E1
1.194131730E1,2.575000000E1
1.194394230E1,1.937500000E1
1.194656630E1,1.937500000E1
1.194919130E1,1.937500000E1
1.195181530E1,1.937500000E1
1.195444030E1,1.937500000E1
1.195706430E1,1.937500000E1
1.195968930E1,1.937500000E1
1.196231330E1,1.937500000E1
1.196493830E1,1.937500000E1
1.197018730E1,2.575000000E1
1.197281130E1,2.575000000E1
1.197543630E1,2.575000000E1
1.197806030E1,2.575000000E1
1.198068530E1,2.575000000E1
1.198330930E1,2.575000000E1
1.198593430E1,2.575000000E1
1.198855830E1,2.575000000E1
1.199118330E1,2.575000000E1
1.199380730E1,1.937500000E1
1.199643230E1,1.937500000E1
1.199905630E1,1.937500000E1
1.200168130E1,1.937500000E1
1.200430530E1,1.937500000E1
1.200693030E1,1.937500000E1
1.200955430E1,1.937500000E1
1.201217930E1,1.937500000E1
1.201480430E1,1.937500000E1
1.201742830E1,1.937500000E1
1.202267730E1,2.575000000E1
1.202530230E1,2.575000000E1
1.202792630E1,2.575000000E1
1.203055130E1,2.575000000E1
1.203317530E1,2.575000000E1
1.203580030E1,2.575000000E1
1.203842430E1,2.575000000E1
1.204104930E1,2.575000000E1
1.204367330E1,1.937500000E1
1.204629830E1,1.937500000E1
1.204892230E1,1.937500000E1
1.205154730E1,1.937500000E1
1.205417130E1,1.937500000E1
1.205679630E1,1.937500000E1
1.205942030E1,1.937500000E1
1.206204530E1,1.937500000E1
1.206466930E1,1.937500000E1
1.206729430E1,1.937500000E1
1.207254330E1,2.575000000E1
1.207516730E1,2.575000000E1
1.207779230E1,2.575000000E1
1.208041630E1,2.575000000E1
1.208304130E1,2.575000000E1
1.208566530E1,2.575000000E1
1.208829030E1,2.575000000E1
1.209091430E1,2.575000000E1
1.209353930E1,2.575000000E1
1.209616330E1,2.575000000E1
1.209878830E1,2.575000000E1
1.210141230E1,2.575000000E1
1.210403730E1,2.575000000E1
1.210666130E1,2.575000000E1
1.210928630E1,2.575000000E1
1.211191030E1,2.575000000E1
1.211453530E1,2.575000000E1
1.211715930E1,2.575000000E1
1.211978430E1,2.575000000E1
1.212240830E1,2.575000000E1
1.212503330E1,2.575000000E1
1.212765830E1,2.575000000E1
1.213028230E1,2.575000000E1
1.213290730E1,2.575000000E1
1.213553130E1,2.575000000E1
1.213815630E1,2.575000000E1
1.214078030E1,2.575000000E1
1.214340530E1,2.575000000E1
1.214602930E1,1.937500000E1
1.214865430E1,1.937500000E1
1.215127830E1,1.937500000E1
1.215390330E1,1.937500000E1
1.215652730E1,1.937500000E1
1.215915230E1,1.937500000E1
1.216177630E1,1.937500000E1
1.216440130E1,1.937500000E1
1.216702530E1,1.937500000E1
1.216965030E1,1.937500000E1
1.217489930E1,2.575000000E1
1.217752330E1,2.575000000E1
1.218014830E1,2.575000000E1
1.218277230E1,2.575000000E1
1.218539730E1,2.575000000E1
1.218802130E1,2.575000000E1
1.219064630E1,2.575000000E1
1.219327030E1,2.575000000E1
1.219589530E1,2.575000000E1
1.219851930E1,1.937500000E1
1.220114430E1,1.937500000E1
1.220376830E1,1.937500000E1
1.220639330E1,1.937500000E1
1.220901730E1,1.937500000E1
1.221164230E1,1.937500000E1
1.221426630E1,1.937500000E1
1.221689130E1,1.937500000E1
1.221951530E1,1.937500000E1
1.222476430E1,2.575000000E1
1.222738930E1,2.575000000E1
1.223001330E1,2.575000000E1
1.223263830E1,2.575000000E1
1.223526230E1,2.575000000E1
1.223788730E1,2.575000000E1
1.224051230E1,2.575000000E1
1.224313630E1,2.575000000E1
1.224576130E1,2.575000000E1
1.224838530E1,1.937500000E1
1.225101030E1,1.937500000E1
1.225363430E1,1.937500000E1
1.225625930E1,1.937500000E1
1.225888330E1,1.937500000E1
1.226150830E1,1.937500000E1
1.226413230E1,1.937500000E1
1.226675730E1,1.937500000E1
1.226938130E1,1.937500000E1
1.227463030E1,2.575000000E1
1.227725530E1,2.575000000E1
1.227987930E1,2.575000000E1
1.228250430E1,2.575000000E1
1.228512830E1,2.575000000E1
1.228775330E1,2.575000000E1
1.229037730E1,2.575000000E1
1.229300230E1,2.575000000E1
1.229562630E1,2.575000000E1
1.229825130E1,2.575000000E1
1.230087530E1,2.575000000E1
1.230350030E1,2.575000000E1
1.230612430E1,2.575000000E1
1.230874930E1,2.575000000E1
1.231137330E1,2.575000000E1
1.231399830E1,2.575000000E1
1.231662230E1,2.575000000E1
1.231924730E1,2.575000000E1
1.232187130E1,2.575000000E1
1.232449630E1,2.575000000E1
1.232712030E1,2.575000000E1
1.232974530E1,2.575000000E1
1.233236930E1,2.575000000E1
1.233499430E1,2.575000000E1
1.233761830E1,2.575000000E1
1.234024330E1,2.575000000E1
1.234286730E1,2.575000000E1
1.234549230E1,2.575000000E1
1.234811630E1,2.575000000E1
1.235074130E1,2.575000000E1
1.235336630E1,2.575000000E1
1.235599030E1,2.575000000E1
1.235861530E1,2.575000000E1
1.236123930E1,2.575000000E1
1.236386430E1,2.575000000E1
1.236648830E1,2.575000000E1
1.236911330E1,2.575000000E1
1.237173730E1,2.575000000E1
1.237436230E1,2.575000000E1
1.237698630E1,2.575000000E1
1.237961130E1,2.575000000E1
1.238223530E1,2.575000000E1
1.238486030E1,2.575000000E1
1.238748430E1,2.575000000E1
1.239010930E1,2.575000000E1
1.239273330E1,2.575000000E1
1.239535830E1,2.575000000E1
1.239798230E1,2.575000000E1
1.240060730E1,2.575000000E1
1.240323130E1,2.575000000E1
1.240585630E1,2.575000000E1
1.240848030E1,2.575000000E1
1.241110530E1,2.575000000E1
1.241372930E1,2.575000000E1
1.241635430E1,2.575000000E1
1.241897830E1,2.575000000E1
1.242160330E1,2.575000000E1
1.242422730E1,2.575000000E1
1.242685230E1,1.937500000E1
1.242947630E1,1.937500000E1
1.243210130E1,1.937500000E1
1.243472530E1,1.937500000E1
1.243735030E1,1.937500000E1
1.243997430E1,1.937500000E1
1.244259930E1,1.937500000E1
1.244522330E1,1.937500000E1
1.244784830E1,1.937500000E1
1.245309730E1,2.575000000E1
1.245572130E1,2.575000000E1
1.245834630E1,2.575000000E1
1.246097030E1,2.575000000E1
1.246359530E1,2.575000000E1
1.246622030E1,2.575000000E1
1.246884430E1,2.575000000E1
1.247146930E1,2.575000000E1
1.247409330E1,2.575000000E1
1.247671830E1,2.575000000E1
1.247934230E1,2.575000000E1
1.248196730E1,2.575000000E1
1.248459130E1,2.575000000E1
1.248721630E1,2.575000000E1
1.248984030E1,2.575000000E1
1.249246530E1,2.575000000E1
1.249508930E1,2.575000000E1
1.249771430E1,2.575000000E1
1.250033830E1,2.575000000E1
1.250296330E1,2.575000000E1
1.250558730E1,2.575000000E1
1.250821230E1,2.575000000E1
1.251083630E1,2.575000000E1
1.251346130E1,2.575000000E1
1.251608530E1,2.575000000E1
1.251871030E1,2.575000000E1
1.252133430E1,2.575000000E1
1.252395930E1,2.575000000E1
1.252658330E1,2.575000000E1
1.252920830E1,1.937500000E1
1.253183230E1,1.937500000E1
1.253445730E1,1.937500000E1
1.253708130E1,1.937500000E1
1.253970630E1,1.937500000E1
1.254233030E1,1.937500000E1
1.254495530E1,1.937500000E1
1.254757930E1,1.937500000E1
1.255020430E1,1.937500000E1
1.255282830E1,1.937500000E1
1.255545330E1,1.937500000E1
1.255807730E1,1.937500000E1
1.256070230E1,1.937500000E1
1.256332630E1,1.937500000E1
1.256595130E1,1.937500000E1
1.256857530E1,1.937500000E1
1.257120030E1,1.937500000E1
1.257382430E1,1.937500000E1
1.257644930E1,1.937500000E1
1.258169830E1,2.575000000E1
1.258432330E1,2.575000000E1
1.258694730E1,2.575000000E1
1.258957230E1,2.575000000E1
1.259219630E1,2.575000000E1
1.259482130E1,2.575000000E1
1.259744530E1,2.575000000E1
1.260007030E1,2.575000000E1
1.260269430E1,2.575000000E1
1.260531930E1,2.575000000E1
1.260794330E1,2.575000000E1
1.261056830E1,2.575000000E1
1.261319230E1,2.575000000E1
1.261581730E1,2.575000000E1
1.261844130E1,2.575000000E1
1.262106630E1,2.575000000E1
1.262369030E1,2.575000000E1
1.262631530E1,2.575000000E1
1.262893930E1,1.937500000E1
1.263156430E1,1.937500000E1
1.263418830E1,1.937500000E1
1.263681330E1,1.937500000E1
1.263943730E1,1.937500000E1
1.264206230E1,1.937500000E1
1.264468630E1,1.937500000E1
1.264731130E1,1.937500000E1
1.264993530E1,1.937500000E1
1.265256030E1,1.937500000E1
1.265780930E1,2.575000000E1
1.266043330E1,2.575000000E1
1.266305830E1,2.575000000E1
1.266568230E1,2.575000000E1
1.266830730E1,2.575000000E1
1.267093130E1,2.575000000E1
1.267355630E1,2.575000000E1
1.267618030E1,2.575000000E1
1.267880530E1,2.575000000E1
1.268142930E1,1.937500000E1
1.268405430E1,1.937500000E1
1.268667930E1,1.937500000E1
1.268930330E1,1.937500000E1
1.269192830E1,1.937500000E1
1.269455230E1,1.937500000E1
1.269717730E1,1.937500000E1
1.269980130E1,1.937500000E1
1.270242630E1,1.937500000E1
1.270505030E1,1.937500000E1
1.271029930E1,2.575000000E1
1.271292430E1,2.575000000E1
1.271554830E1,2.575000000E1
1.271817330E1,2.575000000E1
1.272079730E1,2.575000000E1
1.272342230E1,2.575000000E1
1.272604630E1,2.575000000E1
1.272867130E1,2.575000000E1
1.273129530E1,2.575000000E1
1.273392030E1,2.575000000E1
1.273654430E1,2.575000000E1
1.273916930E1,2.575000000E1
1.274179330E1,2.575000000E1
1.274441830E1,2.575000000E1
1.274704230E1,2.575000000E1
1.274966730E1,2.575000000E1
1.275229130E1,2.575000000E1
1.275491630E1,2.575000000E1
1.275754030E1,1.937500000E1
1.276016530E1,1.937500000E1
1.276278930E1,1.937500000E1
1.276541430E1,1.937500000E1
1.276803830E1,1.937500000E1
1.277066330E1,1.937500000E1
1.277328730E1,1.937500000E1
1.277591230E1,1.937500000E1
1.277853630E1,1.937500000E1
1.278116130E1,1.937500000E1
1.278641030E1,2.575000000E1
1.278903430E1,2.575000000E1
1.279165930E1,2.575000000E1
1.279428330E1,2.575000000E1
1.279690830E1,2.575000000E1
1.279953330E1,2.575000000E1
1.280215730E1,2.575000000E1
1.280478230E1,2.575000000E1
1.280740630E1,2.575000000E1
1.281003130E1,2.575000000E1
1.281265530E1,2.575000000E1
1.281528030E1,2.575000000E1
1.281790430E1,2.575000000E1
1.282052930E1,2.575000000E1
1.282315330E1,2.575000000E1
1.282577830E1,2.575000000E1
1.282840230E1,2.575000000E1
1.283102730E1,2.575000000E1
1.283365130E1,2.575000000E1
1.283627630E1,2.575000000E1
1.283890030E1,2.575000000E1
1.284152530E1,2.575000000E1
1.284414930E1,2.575000000E1
1.284677430E1,2.575000000E1
1.284939830E1,2.575000000E1
1.285202330E1,2.575000000E1
1.285464730E1,2.575000000E1
1.285727230E1,2.575000000E1
1.285989630E1,1.937500000E1
1.286252130E1,1.937500000E1
1.286514530E1,1.937500000E1
1.286777030E1,1.937500000E1
1.287039430E1,1.937500000E1
1.287301930E1,1.937500000E1
1.287564330E1,1.937500000E1
1.287826830E1,1.937500000E1
1.288089230E1,1.937500000E1
1.288614130E1,2.575000000E1
1.288876630E1,2.575000000E1
1.289139030E1,2.575000000E1
1.289401530E1,2.575000000E1
1.289663930E1,2.575000000E1
1.289926430E1,2.575000000E1
1.290188830E1,2.575000000E1
1.290451330E1,2.575000000E1
1.290713730E1,2.575000000E1
1.290976230E1,2.575000000E1
1.291238730E1,2.575000000E1
1.291501130E1,2.575000000E1
1.291763630E1,2.575000000E1
1.292026030E1,2.575000000E1
1.292288530E1,2.575000000E1
1.292550930E1,2.575000000E1
1.292813430E1,2.575000000E1
1.293075830E1,2.575000000E1
1.293338330E1,1.937500000E1
1.293600730E1,1.937500000E1
1.293863230E1,1.937500000E1
1.294125630E1,1.937500000E1
1.294388130E1,1.937500000E1
1.294650530E1,1.937500000E1
1.294913030E1,1.937500000E1
1.295175430E1,1.937500000E1
1.295437930E1,1.937500000E1
1.295700330E1,1.937500000E1
1.295962830E1,1.937500000E1
1.296487730E1,2.575000000E1
1.296750130E1,2.575000000E1
1.297012630E1,2.575000000E1
1.297275030E1,2.575000000E1
1.297537530E1,2.575000000E1
1.297799930E1,2.575000000E1
1.298062430E1,2.575000000E1
1.298324830E1,2.575000000E1
1.298587330E1,2.575000000E1
1.298849730E1,2.575000000E1
1.299112230E1,2.575000000E1
1.299374630E1,2.575000000E1
1.299637130E1,2.575000000E1
1.299899530E1,2.575000000E1
1.300162030E1,2.575000000E1
1.300424430E1,2.575000000E1
1.300686930E1,2.575000000E1
1.300949330E1,2.575000000E1
1.301211830E1,1.937500000E1
1.301474230E1,1.937500000E1
1.301736730E1,1.937500000E1
1.301999130E1,1.937500000E1
1.302261630E1,1.937500000E1
1.302524130E1,1.937500000E1
1.302786530E1,1.937500000E1
1.303049030E1,1.937500000E1
1.303311430E1,1.937500000E1
1.303573930E1,1.937500000E1
1.304098830E1,2.575000000E1
1.304361230E1,2.575000000E1
1.304623730E1,2.575000000E1
1.304886130E1,2.575000000E1
1.305148630E1,2.575000000E1
1.305411030E1,2.575000000E1
1.305673530E1,2.575000000E1
1.305935930E1,2.575000000E1
1.306198430E1,2.575000000E1
1.306460830E1,2.575000000E1
1.306723330E1,2.575000000E1
1.306985730E1,2.575000000E1
1.307248230E1,2.575000000E1
1.307510630E1,2.575000000E1
1.307773130E1,2.575000000E1
1.308035530E1,2.575000000E1
1.308298030E1,2.575000000E1
1.308560430E1,2.575000000E1
1.308822930E1,2.575000000E1
1.309085330E1,2.575000000E1
1.309347830E1,2.575000000E1
1.309610230E1,2.575000000E1
1.309872730E1,2.575000000E1
1.310135130E1,2.575000000E1
1.310397630E1,2.575000000E1
1.310660030E1,2.575000000E1
1.310922530E1,2.575000000E1
1.311184930E1,2.575000000E1
1.311447430E1,2.575000000E1
1.311709830E1,2.575000000E1
1.311972330E1,2.575000000E1
1.312234730E1,2.575000000E1
1.312497230E1,2.575000000E1
1.312759630E1,2.575000000E1
1.313022130E1,2.575000000E1
1.313284530E1,2.575000000E1
1.313547030E1,2.575000000E1
1.313809530E1,2.575000000E1
1.314071930E1,2.575000000E1
1.314334430E1,2.575000000E1
1.314596830E1,2.575000000E1
1.314859330E1,2.575000000E1
1.315121730E1,2.575000000E1
1.315384230E1,2.575000000E1
1.315646630E1,2.575000000E1
1.315909130E1,2.575000000E1
1.316171530E1,2.575000000E1
1.316434030E1,1.937500000E1
1.316696430E1,1.937500000E1
1.316958930E1,1.937500000E1
1.317221330E1,1.937500000E1
1.317483830E1,1.937500000E1
1.317746230E1,1.937500000E1
1.318008730E1,1.937500000E1
1.318271130E1,1.937500000E1
1.318533630E1,1.937500000E1
1.318796030E1,1.937500000E1
1.319320930E1,2.575000000E1
1.319583430E1,2.575000000E1
1.319845830E1,2.575000000E1
1.320108330E1,2.575000000E1
1.320370730E1,2.575000000E1
1.320633230E1,2.575000000E1
1.320895630E1,2.575000000E1
1.321158130E1,2.575000000E1
1.321420530E1,2.575000000E1
1.321683030E1,2.575000000E1
1.321945430E1,2.575000000E1
1.322207930E1,2.575000000E1
1.322470330E1,2.575000000E1
1.322732830E1,2.575000000E1
1.322995230E1,2.575000000E1
1.323257730E1,2.575000000E1
1.323520130E1,2.575000000E1
1.323782630E1,2.575000000E1
1.324045030E1,2.575000000E1
1.324307530E1,2.575000000E1
1.324569930E1,2.575000000E1
1.324832430E1,2.575000000E1
1.325094930E1,2.575000000E1
1.325357330E1,2.575000000E1
1.325619830E1,2.575000000E1
1.325882230E1,2.575000000E1
1.326144730E1,2.575000000E1
1.326407130E1,2.575000000E1
1.326669630E1,1.937500000E1
1.326932030E1,1.937500000E1
1.327194530E1,1.937500000E1
1.327456930E1,1.937500000E1
1.327719430E1,1.937500000E1
1.327981830E1,1.937500000E1
1.328244330E1,1.937500000E1
1.328506730E1,1.937500000E1
1.328769230E1,1.937500000E1
1.329031630E1,1.937500000E1
1.329294130E1,1.937500000E1
1.329556530E1,1.937500000E1
1.329819030E1,1.937500000E1
1.330081430E1,1.937500000E1
1.330343930E1,1.937500000E1
1.330606330E1,1.937500000E1
1.330868830E1,1.937500000E1
1.331131230E1,1.937500000E1
1.331393730E1,1.937500000E1
1.331918630E1,2.575000000E1
1.332181030E1,2.575000000E1
1.332443530E1,2.575000000E1
1.332705930E1,2.575000000E1
1.332968430E1,2.575000000E1
1.333230830E1,2.575000000E1
1.333493330E1,2.575000000E1
1.333755730E1,2.575000000E1
1.334018230E1,2.575000000E1
1.334280630E1,2.575000000E1
1.334543130E1,2.575000000E1
1.334805530E1,2.575000000E1
1.335068030E1,2.575000000E1
1.335330430E1,2.575000000E1
1.335592930E1,2.575000000E1
1.335855430E1,2.575000000E1
1.336117830E1,2.575000000E1
1.336380330E1,2.575000000E1
1.336642730E1,2.575000000E1
1.336905230E1,2.575000000E1
1.337167630E1,2.575000000E1
1.337430130E1,2.575000000E1
1.337692530E1,2.575000000E1
1.337955030E1,2.575000000E1
1.338217430E1,2.575000000E1
1.338479930E1,2.575000000E1
1.338742330E1,2.575000000E1
1.339004830E1,2.575000000E1
1.339267230E1,2.575000000E1
1.339529730E1,2.575000000E1
1.339792130E1,2.575000000E1
1.340054630E1,2.575000000E1
1.340317030E1,2.575000000E1
1.340579530E1,2.575000000E1
1.340841930E1,2.575000000E1
1.341104430E1,2.575000000E1
1.341366830E1,2.575000000E1
1.341629330E1,2.575000000E1
1.341891730E1,1.937500000E1
1.342154230E1,1.937500000E1
1.342416630E1,1.937500000E1
1.342679130E1,1.937500000E1
1.342941530E1,1.937500000E1
1.343204030E1,1.937500000E1
1.343466430E1,1.937500000E1
1.343728930E1,1.937500000E1
1.343991330E1,1.937500000E1
1.344253830E1,1.937500000E1
1.344516230E1,1.937500000E1
1.344778730E1,1.937500000E1
1.345041130E1,1.937500000E1
1.345303630E1,1.937500000E1
1.345566030E1,1.937500000E1
1.345828530E1,1.937500000E1
1.346090930E1,1.937500000E1
1.346353430E1,1.937500000E1
1.346615830E1,1.937500000E1
1.347140830E1,2.575000000E1
1.347403230E1,2.575000000E1
1.347665730E1,2.575000000E1
1.347928130E1,2.575000000E1
1.348190630E1,2.575000000E1
1.348453030E1,2.575000000E1
1.348715530E1,2.575000000E1
1.348977930E1,2.575000000E1
1.349240430E1,2.575000000E1
1.349502830E1,2.575000000E1
1.349765330E1,2.575000000E1
1.350027730E1,2.575000000E1
1.350290230E1,2.575000000E1
1.350552630E1,2.575000000E1
1.350815130E1,2.575000000E1
1.351077530E1,2.575000000E1
1.351340030E1,2.575000000E1
1.351602430E1,2.575000000E1
1.351864930E1,2.575000000E1
1.352127330E1,2.575000000E1
1.352389830E1,2.575000000E1
1.352652230E1,2.575000000E1
1.352914730E1,2.575000000E1
1.353177130E1,2.575000000E1
1.353439630E1,2.575000000E1
1.353702030E1,2.575000000E1
1.353964530E1,2.575000000E1
1.354226930E1,2.575000000E1
1.354489430E1,2.575000000E1
1.354751830E1,1.937500000E1
1.355014330E1,1.937500000E1
1.355276730E1,1.937500000E1
1.355539230E1,1.937500000E1
1.355801630E1,1.937500000E1
1.356064130E1,1.937500000E1
1.356326530E1,1.937500000E1
1.356589030E1,1.937500000E1
1.356851430E1,1.937500000E1
1.357376330E1,2.575000000E1
1.357638830E1,2.575000000E1
1.357901230E1,2.575000000E1
1.358163730E1,2.575000000E1
1.358426230E1,2.575000000E1
1.358688630E1,2.575000000E1
1.358951130E1,2.575000000E1
1.359213530E1,2.575000000E1
1.359476030E1,2.575000000E1
1.359738430E1,1.937500000E1
1.360000930E1,1.937500000E1
1.360263330E1,1.937500000E1
1.360525830E1,1.937500000E1
1.360788230E1,1.937500000E1
1.361050730E1,1.937500000E1
1.361313130E1,1.937500000E1
1.361575630E1,1.937500000E1
1.361838030E1,1.937500000E1
1.362100530E1,1.937500000E1
1.362625430E1,2.575000000E1
1.362887830E1,2.575000000E1
1.363150330E1,2.575000000E1
1.363412730E1,2.575000000E1
1.363675230E1,2.575000000E1
1.363937630E1,2.575000000E1
1.364200130E1,2.575000000E1
1.364462530E1,2.575000000E1
1.364725030E1,1.937500000E1
1.364987430E1,1.937500000E1
1.365249930E1,1.937500000E1
1.365512330E1,1.937500000E1
1.365774830E1,1.937500000E1
1.366037230E1,1.937500000E1
1.366299730E1,1.937500000E1
1.366562130E1,1.937500000E1
1.366824630E1,1.937500000E1
1.367087030E1,1.937500000E1
1.367611930E1,2.575000000E1
1.367874430E1,2.575000000E1
1.368136830E1,2.575000000E1
1.368399330E1,2.575000000E1
1.368661730E1,2.575000000E1
1.368924230E1,2.575000000E1
1.369186630E1,2.575000000E1
1.369449130E1,2.575000000E1
1.369711630E1,2.575000000E1
1.369974030E1,2.575000000E1
1.370236530E1,2.575000000E1
1.370498930E1,2.575000000E1
1.370761430E1,2.575000000E1
1.371023830E1,2.575000000E1
1.371286330E1,2.575000000E1
1.371548730E1,2.575000000E1
1.371811230E1,2.575000000E1
1.372073630E1,2.575000000E1
1.372336130E1,2.575000000E1
1.372598530E1,2.575000000E1
1.372861030E1,2.575000000E1
1.373123430E1,2.575000000E1
1.373385930E1,2.575000000E1
1.373648330E1,2.575000000E1
1.373910830E1,2.575000000E1
1.374173230E1,2.575000000E1
1.374435730E1,2.575000000E1
1.374698130E1,2.575000000E1
1.374960630E1,2.575000000E1
1.375223030E1,2.575000000E1
1.375485530E1,2.575000000E1
1.375747930E1,2.575000000E1
1.376010430E1,2.575000000E1
1.376272830E1,2.575000000E1
1.376535330E1,2.575000000E1
1.376797730E1,2.575000000E1
1.377060230E1,2.575000000E1
1.377322630E1,2.575000000E1
1.377585130E1,1.937500000E1
1.377847530E1,1.937500000E1
1.378110030E1,1.937500000E1
1.378372430E1,1.937500000E1
1.378634930E1,1.937500000E1
1.378897330E1,1.937500000E1
1.379159830E1,1.937500000E1
1.379422230E1,1.937500000E1
1.379684730E1,1.937500000E1
1.379947130E1,1.937500000E1
1.380209630E1,1.937500000E1
1.380472030E1,1.937500000E1
1.380734530E1,1.937500000E1
1.380997030E1,1.937500000E1
1.381259430E1,1.937500000E1
1.381521930E1,1.937500000E1
1.381784330E1,1.937500000E1
1.382046830E1,1.937500000E1
1.382309230E1,1.937500000E1
1.382834130E1,2.575000000E1
1.383096630E1,2.575000000E1
1.383359030E1,2.575000000E1
1.383621530E1,2.575000000E1
1.383883930E1,2.575000000E1
1.384146430E1,2.575000000E1
1.384408830E1,2.575000000E1
1.384671330E1,2.575000000E1
1.384933730E1,2.575000000E1
1.385196230E1,2.575000000E1
1.385458630E1,2.575000000E1
1.385721130E1,2.575000000E1
1.385983530E1,2.575000000E1
1.386246030E1,2.575000000E1
1.386508430E1,2.575000000E1
1.386770930E1,2.575000000E1
1.387033330E1,2.575000000E1
1.387295830E1,2.575000000E1
1.387558230E1,2.575000000E1
1.387820730E1,2.575000000E1
1.388083130E1,2.575000000E1
1.388345630E1,2.575000000E1
1.388608030E1,2.575000000E1
1.388870530E1,2.575000000E1
1.389132930E1,2.575000000E1
1.389395430E1,2.575000000E1
1.389657830E1,2.575000000E1
1.389920330E1,2.575000000E1
1.390182730E1,2.575000000E1
1.390445230E1,2.575000000E1
1.390707630E1,2.575000000E1
1.390970130E1,2.575000000E1
1.391232530E1,2.575000000E1
1.391495030E1,2.575000000E1
1.391757430E1,2.575000000E1
1.392019930E1,2.575000000E1
1.392282430E1,2.575000000E1
1.392544830E1,2.575000000E1
1.392807330E1,2.575000000E1
1.393069730E1,2.575000000E1
1.393332230E1,2.575000000E1
1.393594630E1,2.575000000E1
1.393857130E1,2.575000000E1
1.394119530E1,2.575000000E1
1.394382030E1,2.575000000E1
1.394644430E1,2.575000000E1
1.394906930E1,2.575000000E1
1.395169330E1,2.575000000E1
1.395431830E1,2.575000000E1
1.395694230E1,2.575000000E1
1.395956730E1,2.575000000E1
1.396219130E1,2.575000000E1
1.396481630E1,2.575000000E1
1.396744030E1,2.575000000E1
1.397006530E1,2.575000000E1
1.397268930E1,2.575000000E1
1.397531430E1,2.575000000E1
1.397793830E1,1.937500000E1
1.398056330E1,1.937500000E1
1.398318730E1,1.937500000E1
1.398581230E1,1.937500000E1
1.398843630E1,1.937500000E1
1.399106130E1,1.937500000E1
1.399368530E1,1.937500000E1
1.399631030E1,1.937500000E1
1.399893430E1,1.937500000E1
1.400155930E1,1.937500000E1
1.400680830E1,2.575000000E1
1.400943230E1,2.575000000E1
1.401205730E1,2.575000000E1
1.401468130E1,2.575000000E1
1.401730630E1,2.575000000E1
1.401993030E1,2.575000000E1
1.402255530E1,2.575000000E1
1.402517930E1,2.575000000E1
1.402780430E1,2.575000000E1
1.403042930E1,2.575000000E1
1.403305330E1,2.575000000E1
1.403567830E1,2.575000000E1
1.403830230E1,2.575000000E1
1.404092730E1,2.575000000E1
1.404355130E1,2.575000000E1
1.404617630E1,2.575000000E1
1.404880030E1,2.575000000E1
1.405142530E1,2.575000000E1
1.405404930E1,2.575000000E1
1.405667430E1,2.575000000E1
1.405929830E1,2.575000000E1
1.406192330E1,2.575000000E1
1.406454730E1,2.575000000E1
1.406717230E1,2.575000000E1
1.406979630E1,2.575000000E1
1.407242130E1,2.575000000E1
1.407504530E1,2.575000000E1
1.407767030E1,2.575000000E1
1.408029430E1,2.575000000E1
1.408291930E1,2.575000000E1
1.408554330E1,2.575000000E1
1.408816830E1,2.575000000E1
1.409079230E1,2.575000000E1
1.409341730E1,2.575000000E1
1.409604130E1,2.575000000E1
1.409866630E1,2.575000000E1
1.410129030E1,2.575000000E1
1.410391530E1,2.575000000E1
1.410653930E1,1.937500000E1
1.410916430E1,1.937500000E1
1.411178830E1,1.937500000E1
1.411441330E1,1.937500000E1
1.411703730E1,1.937500000E1
1.411966230E1,1.937500000E1
1.412228630E1,1.937500000E1
1.412491130E1,1.937500000E1
1.412753530E1,1.937500000E1
1.413278430E1,2.575000000E1
1.413540930E1,2.575000000E1
1.413803330E1,2.575000000E1
1.414065830E1,2.575000000E1
1.414328330E1,2.575000000E1
1.414590730E1,2.575000000E1
1.414853230E1,2.575000000E1
1.415115630E1,2.575000000E1
1.415378130E1,2.575000000E1
1.415640530E1,2.575000000E1
1.415903030E1,2.575000000E1
1.416165430E1,2.575000000E1
1.416427930E1,2.575000000E1
1.416690330E1,2.575000000E1
1.416952830E1,2.575000000E1
1.417215230E1,2.575000000E1
1.417477730E1,2.575000000E1
1.417740130E1,2.575000000E1
1.418002630E1,2.575000000E1
1.418265030E1,2.575000000E1
1.418527530E1,2.575000000E1
1.418789930E1,2.575000000E1
1.419052430E1,2.575000000E1
1.419314830E1,2.575000000E1
1.419577330E1,2.575000000E1
1.419839730E1,2.575000000E1
1.420102230E1,2.575000000E1
1.420364630E1,2.575000000E1
1.420627130E1,2.575000000E1
1.420889530E1,2.575000000E1
1.421152030E1,2.575000000E1
1.421414430E1,2.575000000E1
1.421676930E1,2.575000000E1
1.421939330E1,2.575000000E1
1.422201830E1,2.575000000E1
1.422464230E1,2.575000000E1
1.422726730E1,2.575000000E1
1.422989130E1,2.575000000E1
1.423251630E1,2.575000000E1
1.423514030E1,2.575000000E1
1.423776530E1,2.575000000E1
1.424038930E1,2.575000000E1
1.424301430E1,2.575000000E1
1.424563830E1,2.575000000E1
1.424826330E1,2.575000000E1
1.425088730E1,2.575000000E1
1.425351230E1,2.575000000E1
1.425613730E1,2.575000000E1
1.425876130E1,2.575000000E1
1.426138630E1,2.575000000E1
1.426401030E1,2.575000000E1
1.426663530E1,2.575000000E1
1.426925930E1,2.575000000E1
1.427188430E1,2.575000000E1
1.427450830E1,2.575000000E1
1.427713330E1,2.575000000E1
1.427975730E1,2.575000000E1
1.428238230E1,2.575000000E1
1.428500630E1,2.575000000E1
1.428763130E1,2.575000000E1
1.429025530E1,2.575000000E1
1.429288030E1,2.575000000E1
1.429550430E1,2.575000000E1
1.429812930E1,2.575000000E1
1.430075330E1,2.575000000E1
1.430337830E1,2.575000000E1
1.430600230E1,2.575000000E1
1.430862730E1,1.937500000E1
1.431125130E1,1.937500000E1
1.431387630E1,1.937500000E1
1.431650030E1,1.937500000E1
1.431912530E1,1.937500000E1
1.432174930E1,1.937500000E1
1.432437430E1,1.937500000E1
1.432699830E1,1.937500000E1
1.432962330E1,1.937500000E1
1.433224730E1,1.937500000E1
1.433749630E1,2.575000000E1
1.434012130E1,2.575000000E1
1.434274530E1,2.575000000E1
1.434537030E1,2.575000000E1
1.434799430E1,2.575000000E1
1.435061930E1,2.575000000E1
1.435324330E1,2.575000000E1
1.435586830E1,2.575000000E1
1.435849230E1,2.575000000E1
1.436111730E1,2.575000000E1
1.436374130E1,2.575000000E1
1.436636630E1,2.575000000E1
1.436899130E1,2.575000000E1
1.437161530E1,2.575000000E1
1.437424030E1,2.575000000E1
1.437686430E1,2.575000000E1
1.437948930E1,2.575000000E1
1.438211330E1,2.575000000E1
1.438473830E1,2.575000000E1
1.438736230E1,2.575000000E1
1.438998730E1,2.575000000E1
1.439261130E1,2.575000000E1
1.439523630E1,2.575000000E1
1.439786030E1,2.575000000E1
1.440048530E1,2.575000000E1
1.440310930E1,2.575000000E1
1.440573430E1,2.575000000E1
1.440835830E1,2.575000000E1
1.441098330E1,2.575000000E1
1.441360730E1,2.575000000E1
1.441623230E1,2.575000000E1
1.441885630E1,2.575000000E1
1.442148130E1,2.575000000E1
1.442410530E1,2.575000000E1
1.442673030E1,2.575000000E1
1.442935430E1,2.575000000E1
1.443197930E1,2.575000000E1
1.443460330E1,2.575000000E1
1.443722830E1,2.575000000E1
1.443985230E1,2.575000000E1
1.444247730E1,2.575000000E1
1.444510130E1,2.575000000E1
1.444772630E1,2.575000000E1
1.445035030E1,2.575000000E1
1.445297530E1,2.575000000E1
1.445559930E1,2.575000000E1
1.445822430E1,2.575000000E1
1.446084830E1,2.575000000E1
1.446347330E1,1.937500000E1
1.446609730E1,1.937500000E1
1.446872230E1,1.937500000E1
1.447134630E1,1.937500000E1
1.447397130E1,1.937500000E1
1.447659530E1,1.937500000E1
1.447922030E1,1.937500000E1
1.448184530E1,1.937500000E1
1.448446930E1,1.937500000E1
1.448971830E1,2.575000000E1
1.449234330E1,2.575000000E1
1.449496730E1,2.575000000E1
1.449759230E1,2.575000000E1
1.450021630E1,2.575000000E1
1.450284130E1,2.575000000E1
1.450546530E1,2.575000000E1
1.450809030E1,2.575000000E1
1.451071430E1,2.575000000E1
1.451333930E1,2.575000000E1
1.451596330E1,2.575000000E1
1.451858830E1,2.575000000E1
1.452121230E1,2.575000000E1
1.452383730E1,2.575000000E1
1.452646130E1,2.575000000E1
1.452908630E1,2.575000000E1
1.453171030E1,2.575000000E1
1.453433530E1,2.575000000E1
1.453695930E1,2.575000000E1
1.453958430E1,2.575000000E1
1.454220830E1,2.575000000E1
1.454483330E1,2.575000000E1
1.454745730E1,2.575000000E1
1.455008230E1,2.575000000E1
1.455270630E1,2.575000000E1
1.455533130E1,2.575000000E1
1.455795530E1,2.575000000E1
1.456058030E1,2.575000000E1
1.456320430E1,2.575000000E1
1.456582930E1,2.575000000E1
1.456845330E1,2.575000000E1
1.457107830E1,2.575000000E1
1.457370230E1,2.575000000E1
1.457632730E1,2.575000000E1
1.457895130E1,2.575000000E1
1.458157630E1,2.575000000E1
1.458420030E1,2.575000000E1
1.458682530E1,2.575000000E1
1.458944930E1,2.575000000E1
1.459207430E1,2.575000000E1
1.459469930E1,2.575000000E1
1.459732330E1,2.575000000E1
1.459994830E1,2.575000000E1
1.460257230E1,2.575000000E1
1.460519730E1,2.575000000E1
1.460782130E1,2.575000000E1
1.461044630E1,2.575000000E1
1.461307030E1,2.575000000E1
1.461569530E1,1.937500000E1
1.461831930E1,1.937500000E1
1.462094430E1,1.937500000E1
1.462356830E1,1.937500000E1
1.462619330E1,1.937500000E1
1.462881730E1,1.937500000E1
1.463144230E1,1.937500000E1
1.463406630E1,1.937500000E1
1.463669130E1,1.937500000E1
1.463931530E1,1.937500000E1
1.464456430E1,2.575000000E1
1.464718930E1,2.575000000E1
1.464981330E1,2.575000000E1
1.465243830E1,2.575000000E1
1.465506230E1,2.575000000E1
1.465768730E1,2.575000000E1
1.466031130E1,2.575000000E1
1.466293630E1,2.575000000E1
1.466556030E1,2.575000000E1
1.466818530E1,2.575000000E1
1.467080930E1,2.575000000E1
1.467343430E1,2.575000000E1
1.467605830E1,2.575000000E1
1.467868330E1,2.575000000E1
1.468130730E1,2.575000000E1
1.468393230E1,2.575000000E1
1.468655630E1,2.575000000E1
1.468918130E1,2.575000000E1
1.469180530E1,2.575000000E1
1.469443030E1,2.575000000E1
1.469705430E1,2.575000000E1
1.469967930E1,2.575000000E1
1.470230430E1,2.575000000E1
1.470492830E1,2.575000000E1
1.470755330E1,2.575000000E1
1.471017730E1,2.575000000E1
1.471280230E1,2.575000000E1
1.471542630E1,2.575000000E1
1.471805130E1,1.937500000E1
1.472067530E1,1.937500000E1
1.472330030E1,1.937500000E1
1.472592430E1,1.937500000E1
1.472854930E1,1.937500000E1
1.473117330E1,1.937500000E1
1.473379830E1,1.937500000E1
1.473642230E1,1.937500000E1
1.473904730E1,1.937500000E1
1.474429630E1,2.575000000E1
1.474692030E1,2.575000000E1
1.474954530E1,2.575000000E1
1.475216930E1,2.575000000E1
1.475479430E1,2.575000000E1
1.475741830E1,2.575000000E1
1.476004330E1,2.575000000E1
1.476266730E1,2.575000000E1
1.476529230E1,2.575000000E1
1.476791630E1,2.575000000E1
1.477054130E1,2.575000000E1
1.477316530E1,2.575000000E1
1.477579030E1,2.575000000E1
1.477841430E1,2.575000000E1
1.478103930E1,2.575000000E1
1.478366330E1,2.575000000E1
1.478628830E1,2.575000000E1
1.478891230E1,2.575000000E1
1.479153730E1,1.937500000E1
1.479416130E1,1.937500000E1
1.479678630E1,1.937500000E1
1.479941030E1,1.937500000E1
1.480203530E1,1.937500000E1
1.480465930E1,1.937500000E1
1.480728430E1,1.937500000E1
1.480990830E1,1.937500000E1
1.481253330E1,1.937500000E1
1.481515830E1,1.937500000E1
1.481778230E1,1.937500000E1
1.482040730E1,1.937500000E1
1.482303130E1,1.937500000E1
1.482565630E1,1.937500000E1
1.482828030E1,1.937500000E1
1.483090530E1,1.937500000E1
1.483352930E1,1.937500000E1
1.483615430E1,1.937500000E1
1.483877830E1,1.937500000E1
1.484140330E1,1.937500000E1
1.484665230E1,2.575000000E1
1.484927630E1,2.575000000E1
1.485190130E1,2.575000000E1
1.485452530E1,2.575000000E1
1.485715030E1,2.575000000E1
1.485977430E1,2.575000000E1
1.486239930E1,2.575000000E1
1.486502330E1,2.575000000E1
1.486764830E1,2.575000000E1
1.487027230E1,2.575000000E1
1.487289730E1,2.575000000E1
1.487552130E1,2.575000000E1
1.487814630E1,2.575000000E1
1.488077030E1,2.575000000E1
1.488339530E1,2.575000000E1
1.488601930E1,2.575000000E1
1.488864430E1,2.575000000E1
1.489126830E1,2.575000000E1
1.489389330E1,2.575000000E1
1.489651730E1,1.937500000E1
1.489914230E1,1.937500000E1
1.490176630E1,1.937500000E1
1.490439130E1,1.937500000E1
1.490701530E1,1.937500000E1
1.490964030E1,1.937500000E1
1.491226430E1,1.937500000E1
1.491488930E1,1.937500000E1
1.491751330E1,1.937500000E1
1.492276230E1,2.575000000E1
1.492538730E1,2.575000000E1
1.492801230E1,2.575000000E1
1.493063630E1,2.575000000E1
1.493326130E1,2.575000000E1
1.493588530E1,2.575000000E1
1.493851030E1,2.575000000E1
1.494113430E1,2.575000000E1
1.494375930E1,2.575000000E1
1.494638330E1,2.575000000E1
1.494900830E1,2.575000000E1
1.495163230E1,2.575000000E1
1.495425730E1,2.575000000E1
1.495688130E1,2.575000000E1
1.495950630E1,2.575000000E1
1.496213030E1,2.575000000E1
1.496475530E1,2.575000000E1
1.496737930E1,2.575000000E1
1.497000430E1,2.575000000E1
1.497262830E1,2.575000000E1
1.497525330E1,2.575000000E1
1.497787730E1,2.575000000E1
1.498050230E1,2.575000000E1
1.498312630E1,2.575000000E1
1.498575130E1,2.575000000E1
1.498837530E1,2.575000000E1
1.499100030E1,2.575000000E1
1.499362430E1,2.575000000E1
1.499624930E1,1.937500000E1
1.499887330E1,1.937500000E1
1.500149830E1,1.937500000E1
1.500412230E1,1.937500000E1
1.500674730E1,1.937500000E1
1.500937130E1,1.937500000E1
1.501199630E1,1.937500000E1
1.501462030E1,1.937500000E1
1.501724530E1,1.937500000E1
1.501986930E1,1.937500000E1
1.502511830E1,2.575000000E1
1.502774330E1,2.575000000E1
1.503036730E1,2.575000000E1
1.503299230E1,2.575000000E1
1.503561630E1,2.575000000E1
1.503824130E1,2.575000000E1
1.504086630E1,2.575000000E1
1.504349030E1,2.575000000E1
1.504611530E1,2.575000000E1
1.504873930E1,2.575000000E1
1.505136430E1,2.575000000E1
1.505398830E1,2.575000000E1
1.505661330E1,2.575000000E1
1.505923730E1,2.575000000E1
1.506186230E1,2.575000000E1
1.506448630E1,2.575000000E1
1.506711130E1,2.575000000E1
1.506973530E1,2.575000000E1
1.507236030E1,2.575000000E1
1.507498430E1,1.937500000E1
1.507760930E1,1.937500000E1
1.508023330E1,1.937500000E1
1.508285830E1,1.937500000E1
1.508548230E1,1.937500000E1
1.508810730E1,1.937500000E1
1.509073130E1,1.937500000E1
1.509335630E1,1.937500000E1
1.509598030E1,1.937500000E1
1.510122930E1,2.575000000E1
1.510385430E1,2.575000000E1
1.510647830E1,2.575000000E1
1.510910330E1,2.575000000E1
1.511172730E1,2.575000000E1
1.511435230E1,2.575000000E1
1.511697630E1,2.575000000E1
1.511960130E1,2.575000000E1
1.512222530E1,2.575000000E1
1.512485030E1,1.937500000E1
1.512747430E1,1.937500000E1
1.513009930E1,1.937500000E1
1.513272330E1,1.937500000E1
1.513534830E1,1.937500000E1
1.513797230E1,1.937500000E1
1.514059730E1,1.937500000E1
1.514322130E1,1.937500000E1
1.514584630E1,1.937500000E1
1.515109530E1,2.575000000E1
1.515372030E1,2.575000000E1
1.515634430E1,2.575000000E1
1.515896930E1,2.575000000E1
1.516159330E1,2.575000000E1
1.516421830E1,2.575000000E1
1.516684230E1,2.575000000E1
1.516946730E1,2.575000000E1
1.517209130E1,2.575000000E1
1.517471630E1,1.937500000E1
1.517734030E1,1.937500000E1
1.517996530E1,1.937500000E1
1.518258930E1,1.937500000E1
1.518521430E1,1.937500000E1
1.518783830E1,1.937500000E1
1.519046330E1,1.937500000E1
1.519308730E1,1.937500000E1
1.519571230E1,1.937500000E1
1.519833630E1,1.937500000E1
1.520358530E1,2.575000000E1
1.520621030E1,2.575000000E1
1.520883430E1,2.575000000E1
1.521145930E1,2.575000000E1
1.521408330E1,2.575000000E1
1.521670830E1,2.575000000E1
1.521933230E1,2.575000000E1
1.522195730E1,2.575000000E1
1.522458130E1,2.575000000E1
1.522720630E1,2.575000000E1
1.522983030E1,2.575000000E1
1.523245530E1,2.575000000E1
1.523507930E1,2.575000000E1
1.523770430E1,2.575000000E1
1.524032830E1,2.575000000E1
1.524295330E1,2.575000000E1
1.524557730E1,2.575000000E1
1.524820230E1,2.575000000E1
1.525082630E1,2.575000000E1
1.525345130E1,2.575000000E1
1.525607530E1,2.575000000E1
1.525870030E1,2.575000000E1
1.526132430E1,2.575000000E1
1.526394930E1,2.575000000E1
1.526657430E1,2.575000000E1
1.526919830E1,2.575000000E1
1.527182330E1,2.575000000E1
1.527444730E1,2.575000000E1
1.527707230E1,1.937500000E1
1.527969630E1,1.937500000E1
1.528232130E1,1.937500000E1
1.528494530E1,1.937500000E1
1.528757030E1,1.937500000E1
1.529019430E1,1.937500000E1
1.529281930E1,1.937500000E1
1.529544330E1,1.937500000E1
1.529806830E1,1.937500000E1
1.530069230E1,1.937500000E1
1.530594130E1,2.575000000E1
1.530856630E1,2.575000000E1
1.531119030E1,2.575000000E1
1.531381530E1,2.575000000E1
1.531643930E1,2.575000000E1
1.531906430E1,2.575000000E1
1.532168830E1,2.575000000E1
1.532431330E1,2.575000000E1
1.532693730E1,1.937500000E1
1.532956230E1,1.937500000E1
1.533218630E1,1.937500000E1
1.533481130E1,1.937500000E1
1.533743530E1,1.937500000E1
1.534006030E1,1.937500000E1
1.534268430E1,1.937500000E1
1.534530930E1,1.937500000E1
1.534793330E1,1.937500000E1
1.535055830E1,1.937500000E1
1.535580730E1,2.575000000E1
1.535843130E1,2.575000000E1
1.536105630E1,2.575000000E1
1.536368030E1,2.575000000E1
1.536630530E1,2.575000000E1
1.536892930E1,2.575000000E1
1.537155430E1,2.575000000E1
1.537417930E1,2.575000000E1
1.537680330E1,2.575000000E1
1.537942830E1,2.575000000E1
1.538205230E1,2.575000000E1
1.538467730E1,2.575000000E1
1.538730130E1,2.575000000E1
1.538992630E1,2.575000000E1
1.539255030E1,2.575000000E1
1.539517530E1,2.575000000E1
1.539779930E1,2.575000000E1
1.540042430E1,2.575000000E1
1.540304830E1,2.575000000E1
1.540567330E1,2.575000000E1
1.540829730E1,2.575000000E1
1.541092230E1,2.575000000E1
1.541354630E1,2.575000000E1
1.541617130E1,2.575000000E1
1.541879530E1,2.575000000E1
1.542142030E1,2.575000000E1
1.542404430E1,2.575000000E1
1.542666930E1,2.575000000E1
1.542929330E1,2.575000000E1
1.543191830E1,2.575000000E1
1.543454230E1,2.575000000E1
1.543716730E1,2.575000000E1
1.543979130E1,2.575000000E1
1.544241630E1,2.575000000E1
1.544504030E1,2.575000000E1
1.544766530E1,2.575000000E1
1.545028930E1,2.575000000E1
1.545291430E1,2.575000000E1
1.545553830E1,1.937500000E1
1.545816330E1,1.937500000E1
1.546078730E1,1.937500000E1
1.546341230E1,1.937500000E1
1.546603630E1,1.937500000E1
1.546866130E1,1.937500000E1
1.547128530E1,1.937500000E1
1.547391030E1,1.937500000E1
1.547653430E1,1.937500000E1
1.547915930E1,1.937500000E1
1.548178330E1,1.937500000E1
1.548440830E1,1.937500000E1
1.548703330E1,1.937500000E1
1.548965730E1,1.937500000E1
1.549228230E1,1.937500000E1
1.549490630E1,1.937500000E1
1.549753130E1,1.937500000E1
1.550015530E1,1.937500000E1
1.550278030E1,1.937500000E1
1.550540430E1,1.937500000E1
1.550802930E1,1.937500000E1
1.551065330E1,1.937500000E1
1.551327830E1,1.937500000E1
1.551590230E1,1.937500000E1
1.551852730E1,1.937500000E1
1.552115130E1,1.937500000E1
1.552377630E1,1.937500000E1
1.552640030E1,1.937500000E1
1.552902530E1,1.937500000E1
1.553164930E1,1.937500000E1
1.553427430E1,1.937500000E1
1.553689830E1,1.937500000E1
1.553952330E1,1.937500000E1
1.554214730E1,1.937500000E1
1.554477230E1,1.937500000E1
1.554739630E1,1.937500000E1
1.555002130E1,1.937500000E1
1.555264530E1,1.937500000E1
1.555527030E1,1.937500000E1
1.555789430E1,1.937500000E1
1.556051930E1,1.937500000E1
1.556314330E1,1.937500000E1
1.556576830E1,1.937500000E1
1.556839230E1,1.937500000E1
1.557101730E1,1.937500000E1
1.557364130E1,1.937500000E1
1.557626630E1,1.937500000E1
1.557889030E1,1.937500000E1
1.558151530E1,1.937500000E1
1.558413930E1,1.937500000E1
1.558676430E1,1.937500000E1
1.558938830E1,1.937500000E1
1.559201330E1,1.937500000E1
1.559463730E1,1.937500000E1
1.559726230E1,1.937500000E1
1.559988730E1,1.937500000E1
1.560251130E1,1.937500000E1
1.560513630E1,1.937500000E1
1.561038530E1,2.575000000E1
1.561300930E1,2.575000000E1
1.561563430E1,2.575000000E1
1.561825830E1,2.575000000E1
1.562088330E1,2.575000000E1
1.562350730E1,2.575000000E1
1.562613230E1,2.575000000E1
1.562875630E1,2.575000000E1
1.563138130E1,2.575000000E1
1.563400530E1,1.937500000E1
1.563663030E1,1.937500000E1
1.563925430E1,1.937500000E1
1.564187930E1,1.937500000E1
1.564450330E1,1.937500000E1
1.564712830E1,1.937500000E1
1.564975230E1,1.937500000E1
1.565237730E1,1.937500000E1
1.565500130E1,1.937500000E1
1.565762630E1,1.937500000E1
1.566287530E1,2.575000000E1
1.566549930E1,2.575000000E1
1.566812430E1,2.575000000E1
1.567074830E1,2.575000000E1
1.567337330E1,2.575000000E1
1.567599730E1,2.575000000E1
1.567862230E1,2.575000000E1
1.568124630E1,2.575000000E1
1.568387130E1,2.575000000E1
1.568649530E1,2.575000000E1
1.568912030E1,2.575000000E1
1.569174430E1,2.575000000E1
1.569436930E1,2.575000000E1
1.569699330E1,2.575000000E1
1.569961830E1,2.575000000E1
1.570224230E1,2.575000000E1
1.570486730E1,2.575000000E1
1.570749130E1,2.575000000E1
1.571011630E1,1.937500000E1
1.571274130E1,1.937500000E1
1.571536530E1,1.937500000E1
1.571799030E1,1.937500000E1
1.572061430E1,1.937500000E1
1.572323930E1,1.937500000E1
1.572586330E1,1.937500000E1
1.572848830E1,1.937500000E1
1.573111230E1,1.937500000E1
1.573373730E1,1.937500000E1
1.573898630E1,2.575000000E1
1.574161030E1,2.575000000E1
1.574423530E1,2.575000000E1
1.574685930E1,2.575000000E1
1.574948430E1,2.575000000E1
1.575210830E1,2.575000000E1
1.575473330E1,2.575000000E1
1.575735730E1,2.575000000E1
1.575998230E1,2.575000000E1
1.576260630E1,2.575000000E1
1.576523130E1,2.575000000E1
1.576785530E1,2.575000000E1
1.577048030E1,2.575000000E1
1.577310430E1,2.575000000E1
1.577572930E1,2.575000000E1
1.577835330E1,2.575000000E1
1.578097830E1,2.575000000E1
1.578360230E1,2.575000000E1
1.578622730E1,2.575000000E1
1.578885130E1,2.575000000E1
1.579147630E1,2.575000000E1
1.579410030E1,2.575000000E1
1.579672530E1,2.575000000E1
1.579934930E1,2.575000000E1
1.580197430E1,2.575000000E1
1.580459830E1,2.575000000E1
1.580722330E1,2.575000000E1
1.580984730E1,2.575000000E1
1.581247230E1,2.575000000E1
1.581509630E1,2.575000000E1
1.581772130E1,2.575000000E1
1.582034530E1,2.575000000E1
1.582295830E1,2.575000000E1
1.582558230E1,2.575000000E1
1.582820730E1,2.575000000E1
1.583083130E1,2.575000000E1
1.583345630E1,2.575000000E1
1.583608030E1,2.575000000E1
1.583870530E1,2.575000000E1
1.584132930E1,2.575000000E1
1.584395430E1,2.575000000E1
1.584657830E1,2.575000000E1
1.584920330E1,2.575000000E1
1.585182830E1,2.575000000E1
1.585445230E1,2.575000000E1
1.585707730E1,2.575000000E1
1.585970130E1,2.575000000E1
1.586232630E1,1.937500000E1
1.586495030E1,1.937500000E1
1.586757530E1,1.937500000E1
1.587019930E1,1.937500000E1
1.587282430E1,1.937500000E1
1.587544830E1,1.937500000E1
1.587807330E1,1.937500000E1
1.588069730E1,1.937500000E1
1.588332230E1,1.937500000E1
1.588594630E1,1.937500000E1
1.588857130E1,1.937500000E1
1.589119530E1,1.937500000E1
1.589382030E1,1.937500000E1
1.589644430E1,1.937500000E1
1.589906930E1,1.937500000E1
1.590169330E1,1.937500000E1
1.590431830E1,1.937500000E1
1.590694230E1,1.937500000E1
1.590956730E1,1.937500000E1
1.591219130E1,1.937500000E1
1.591744030E1,2.575000000E1
1.592006530E1,2.575000000E1
1.592268930E1,2.575000000E1
1.592531430E1,2.575000000E1
1.592793830E1,2.575000000E1
1.593056330E1,2.575000000E1
1.593318730E1,2.575000000E1
1.593581230E1,2.575000000E1
1.593843630E1,1.937500000E1
1.594106130E1,1.937500000E1
1.594368530E1,1.937500000E1
1.594631030E1,1.937500000E1
1.594893430E1,1.937500000E1
1.595155930E1,1.937500000E1
1.595418330E1,1.937500000E1
1.595680830E1,1.937500000E1
1.595943230E1,1.937500000E1
1.596205730E1,1.937500000E1
1.596730630E1,2.575000000E1
1.596993130E1,2.575000000E1
1.597255530E1,2.575000000E1
1.597518030E1,2.575000000E1
1.597780430E1,2.575000000E1
1.598042930E1,2.575000000E1
1.598305330E1,2.575000000E1
1.598567830E1,2.575000000E1
1.598830230E1,2.575000000E1
1.599092730E1,2.575000000E1
1.599355130E1,2.575000000E1
1.599617630E1,2.575000000E1
1.599880030E1,2.575000000E1
1.600142530E1,2.575000000E1
1.600404930E1,2.575000000E1
1.600667430E1,2.575000000E1
1.600929830E1,2.575000000E1
1.601192330E1,2.575000000E1
1.601454730E1,2.575000000E1
1.601717230E1,2.575000000E1
1.601979630E1,2.575000000E1
1.602242130E1,2.575000000E1
1.602504530E1,2.575000000E1
1.602767030E1,2.575000000E1
1.603029430E1,2.575000000E1
1.603291930E1,2.575000000E1
1.603554330E1,2.575000000E1
1.603816830E1,2.575000000E1
1.604079230E1,1.937500000E1
1.604341730E1,1.937500000E1
1.604604130E1,1.937500000E1
1.604866630E1,1.937500000E1
1.605129030E1,1.937500000E1
1.605391530E1,1.937500000E1
1.605653930E1,1.937500000E1
1.605916430E1,1.937500000E1
1.606178830E1,1.937500000E1
1.606441330E1,1.937500000E1
1.606966230E1,2.575000000E1
1.607228630E1,2.575000000E1
1.607491130E1,2.575000000E1
1.607753630E1,2.575000000E1
1.608016030E1,2.575000000E1
1.608278530E1,2.575000000E1
1.608540930E1,2.575000000E1
1.608803430E1,2.575000000E1
1.609065830E1,2.575000000E1
1.609328330E1,2.575000000E1
1.609590730E1,2.575000000E1
1.609853230E1,2.575000000E1
1.610115630E1,2.575000000E1
1.610378130E1,2.575000000E1
1.610640530E1,2.575000000E1
1.610903030E1,2.575000000E1
1.611165430E1,2.575000000E1
1.611427930E1,2.575000000E1
1.611690330E1,2.575000000E1
1.611952830E1,2.575000000E1
1.612215230E1,2.575000000E1
1.612477730E1,2.575000000E1
1.612740130E1,2.575000000E1
1.613002630E1,2.575000000E1
1.613265030E1,2.575000000E1
1.613527530E1,2.575000000E1
1.613789930E1,2.575000000E1
1.614052430E1,2.575000000E1
1.614314830E1,2.575000000E1
1.614577330E1,2.575000000E1
1.614839730E1,2.575000000E1
1.615102230E1,2.575000000E1
1.615364630E1,2.575000000E1
1.615627130E1,2.575000000E1
1.615889530E1,2.575000000E1
1.616152030E1,2.575000000E1
1.616414430E1,2.575000000E1
1.616676930E1,2.575000000E1
1.616939330E1,2.575000000E1
1.617201830E1,2.575000000E1
1.617464230E1,2.575000000E1
1.617726730E1,2.575000000E1
1.617989130E1,2.575000000E1
1.618251630E1,2.575000000E1
1.618514030E1,2.575000000E1
1.618776530E1,2.575000000E1
1.619039030E1,2.575000000E1
1.619301430E1,2.575000000E1
1.619563930E1,2.575000000E1
1.619826330E1,2.575000000E1
1.620088830E1,2.575000000E1
1.620351230E1,2.575000000E1
1.620613730E1,2.575000000E1
1.620876130E1,2.575000000E1
1.621138630E1,2.575000000E1
1.621401030E1,2.575000000E1
1.621663530E1,2.575000000E1
1.621925930E1,2.575000000E1
1.622188430E1,2.575000000E1
1.622450830E1,2.575000000E1
1.622713330E1,2.575000000E1
1.622975730E1,2.575000000E1
1.623238230E1,2.575000000E1
1.623500630E1,2.575000000E1
1.623763130E1,2.575000000E1
1.624025530E1,2.575000000E1
1.624288030E1,2.575000000E1
1.624550430E1,1.937500000E1
1.624812930E1,1.937500000E1
1.625075330E1,1.937500000E1
1.625337830E1,1.937500000E1
1.625600230E1,1.937500000E1
1.625862730E1,1.937500000E1
1.626125130E1,1.937500000E1
1.626387630E1,1.937500000E1
1.626650030E1,1.937500000E1
1.627174930E1,2.575000000E1
1.627437430E1,2.575000000E1
1.627699830E1,2.575000000E1
1.627962330E1,2.575000000E1
1.628224730E1,2.575000000E1
1.628487230E1,2.575000000E1
1.628749630E1,2.575000000E1
1.629012130E1,2.575000000E1
1.629274530E1,2.575000000E1
1.629537030E1,1.937500000E1
1.629799430E1,1.937500000E1
1.630061930E1,1.937500000E1
1.630324430E1,1.937500000E1
1.630586830E1,1.937500000E1
1.630849330E1,1.937500000E1
1.631111730E1,1.937500000E1
1.631374230E1,1.937500000E1
1.631636630E1,1.937500000E1
1.631899130E1,1.937500000E1
1.632424030E1,2.575000000E1
1.632686430E1,2.575000000E1
1.632948930E1,2.575000000E1
1.633211330E1,2.575000000E1
1.633473830E1,2.575000000E1
1.633736230E1,2.575000000E1
1.633998730E1,2.575000000E1
1.634261130E1,2.575000000E1
1.634523630E1,1.937500000E1
1.634786030E1,1.937500000E1
1.635048530E1,1.937500000E1
1.635310930E1,1.937500000E1
1.635573430E1,1.937500000E1
1.635835830E1,1.937500000E1
1.636098330E1,1.937500000E1
1.636360730E1,1.937500000E1
1.636623230E1,1.937500000E1
1.636885630E1,1.937500000E1
1.637410530E1,2.575000000E1
1.637673030E1,2.575000000E1
1.637935430E1,2.575000000E1
1.638197930E1,2.575000000E1
1.638460330E1,2.575000000E1
1.638722830E1,2.575000000E1
1.638985230E1,2.575000000E1
1.639247730E1,2.575000000E1
1.639510130E1,2.575000000E1
1.639772630E1,1.937500000E1
1.640035030E1,1.937500000E1
1.640297530E1,1.937500000E1
1.640559930E1,1.937500000E1
1.640822430E1,1.937500000E1
1.641084930E1,1.937500000E1
1.641347330E1,1.937500000E1
1.641609830E1,1.937500000E1
1.641872230E1,1.937500000E1
1.642134730E1,1.937500000E1
1.642659630E1,2.575000000E1
1.642922030E1,2.575000000E1
1.643184530E1,2.575000000E1
1.643446930E1,2.575000000E1
1.643709430E1,2.575000000E1
1.643971830E1,2.575000000E1
1.644234330E1,2.575000000E1
1.644496730E1,2.575000000E1
1.644759230E1,2.575000000E1
1.645021630E1,2.575000000E1
1.645284130E1,2.575000000E1
1.645546530E1,2.575000000E1
1.645809030E1,2.575000000E1
1.646071430E1,2.575000000E1
1.646333930E1,2.575000000E1
1.646596330E1,2.575000000E1
1.646858830E1,2.575000000E1
1.647121230E1,2.575000000E1
1.647383730E1,1.937500000E1
1.647646130E1,1.937500000E1
1.647908630E1,1.937500000E1
1.648171030E1,1.937500000E1
1.648433530E1,1.937500000E1
1.648695930E1,1.937500000E1
1.648958430E1,1.937500000E1
1.649220830E1,1.937500000E1
1.649483330E1,1.937500000E1
1.649745730E1,1.937500000E1
1.650270630E1,2.575000000E1
1.650533130E1,2.575000000E1
1.650795530E1,2.575000000E1
1.651058030E1,2.575000000E1
1.651320430E1,2.575000000E1
1.651582930E1,2.575000000E1
1.651845330E1,2.575000000E1
1.652107830E1,2.575000000E1
1.652370330E1,2.575000000E1
1.652632730E1,2.575000000E1
1.652895230E1,2.575000000E1
1.653157630E1,2.575000000E1
1.653420130E1,2.575000000E1
1.653682530E1,2.575000000E1
1.653945030E1,2.575000000E1
1.654207430E1,2.575000000E1
1.654469930E1,2.575000000E1
1.654732330E1,2.575000000E1
1.654994830E1,2.575000000E1
1.655257230E1,2.575000000E1
1.655519730E1,2.575000000E1
1.655782130E1,2.575000000E1
1.656044630E1,2.575000000E1
1.656307030E1,2.575000000E1
1.656569530E1,2.575000000E1
1.656831930E1,2.575000000E1
1.657094430E1,2.575000000E1
1.657356830E1,2.575000000E1
1.657619330E1,2.575000000E1
1.657881730E1,2.575000000E1
1.658144230E1,2.575000000E1
1.658406630E1,2.575000000E1
1.658669130E1,2.575000000E1
1.658931530E1,2.575000000E1
1.659194030E1,2.575000000E1
1.659456430E1,2.575000000E1
1.659718930E1,2.575000000E1
1.659981330E1,2.575000000E1
1.660243830E1,2.575000000E1
1.660506230E1,2.575000000E1
1.660768730E1,2.575000000E1
1.661031130E1,2.575000000E1
1.661293630E1,2.575000000E1
1.661556030E1,2.575000000E1
1.661818530E1,2.575000000E1
1.662080930E1,2.575000000E1
1.662343430E1,2.575000000E1
1.662605830E1,2.575000000E1
1.662868330E1,2.575000000E1
1.663130730E1,2.575000000E1
1.663393230E1,2.575000000E1
1.663655730E1,2.575000000E1
1.663918130E1,2.575000000E1
1.664180630E1,2.575000000E1
1.664443030E1,2.575000000E1
1.664705530E1,2.575000000E1
1.664967930E1,2.575000000E1
1.665230430E1,1.937500000E1
1.665492830E1,1.937500000E1
1.665755330E1,1.937500000E1
1.666017730E1,1.937500000E1
1.666280230E1,1.937500000E1
1.666542630E1,1.937500000E1
1.666805130E1,1.937500000E1
1.667067530E1,1.937500000E1
1.667330030E1,1.937500000E1
1.667592430E1,1.937500000E1
1.667854930E1,1.937500000E1
1.668117330E1,1.937500000E1
1.668379830E1,1.937500000E1
1.668642230E1,1.937500000E1
1.668904730E1,1.937500000E1
1.669167130E1,1.937500000E1
1.669429630E1,1.937500000E1
1.669692030E1,1.937500000E1
1.669954530E1,1.937500000E1
1.670479430E1,2.575000000E1
1.670741830E1,2.575000000E1
1.671004330E1,2.575000000E1
1.671266730E1,2.575000000E1
1.671529230E1,2.575000000E1
1.671791630E1,2.575000000E1
1.672054130E1,2.575000000E1
1.672316530E1,2.575000000E1
1.672579030E1,2.575000000E1
1.672841430E1,1.937500000E1
1.673103930E1,1.937500000E1
1.673366330E1,1.937500000E1
1.673628830E1,1.937500000E1
1.673891230E1,1.937500000E1
1.674153730E1,1.937500000E1
1.674416130E1,1.937500000E1
1.674678630E1,1.937500000E1
1.674941130E1,1.937500000E1
1.675203530E1,1.937500000E1
1.675466030E1,1.937500000E1
1.675728430E1,1.937500000E1
1.675990930E1,1.937500000E1
1.676253330E1,1.937500000E1
1.676515830E1,1.937500000E1
1.676778230E1,1.937500000E1
1.677040730E1,1.937500000E1
1.677303130E1,1.937500000E1
1.677565630E1,1.937500000E1
1.678090530E1,2.575000000E1
1.678352930E1,2.575000000E1
1.678615430E1,2.575000000E1
1.678877830E1,2.575000000E1
1.679140330E1,2.575000000E1
1.679402730E1,2.575000000E1
1.679665230E1,2.575000000E1
1.679927630E1,2.575000000E1
1.680190130E1,2.575000000E1
1.680452530E1,1.937500000E1
1.680715030E1,1.937500000E1
1.680977430E1,1.937500000E1
1.681239930E1,1.937500000E1
1.681502330E1,1.937500000E1
1.681764830E1,1.937500000E1
1.682027230E1,1.937500000E1
1.682289730E1,1.937500000E1
1.682552130E1,1.937500000E1
1.682814630E1,1.937500000E1
1.683077030E1,1.937500000E1
1.683339530E1,1.937500000E1
1.683601930E1,1.937500000E1
1.683864430E1,1.937500000E1
1.684126830E1,1.937500000E1
1.684389330E1,1.937500000E1
1.684651730E1,1.937500000E1
1.684914230E1,1.937500000E1
1.685176630E1,1.937500000E1
1.685439130E1,1.937500000E1
1.685964030E1,2.575000000E1
1.686226530E1,2.575000000E1
1.686488930E1,2.575000000E1
1.686751430E1,2.575000000E1
1.687013830E1,2.575000000E1
1.687276330E1,2.575000000E1
1.687538730E1,2.575000000E1
1.687801230E1,2.575000000E1
1.688063630E1,1.937500000E1
1.688326130E1,1.937500000E1
1.688588530E1,1.937500000E1
1.688851030E1,1.937500000E1
1.689113430E1,1.937500000E1
1.689375930E1,1.937500000E1
1.689638330E1,1.937500000E1
